attack_type,attack_name,drop_percent,seed,cid,malicious,demoted,warn_count,adverse_count,log_path
1,AT1_TS_only,0,1,0,YES,YES,30,1,results/attack_type_robustness_AT1_DROP0_guarded_cusum_15seed/ON_seed1_x560_720_t36.log
1,AT1_TS_only,0,1,1,YES,YES,29,1,results/attack_type_robustness_AT1_DROP0_guarded_cusum_15seed/ON_seed1_x560_720_t36.log
1,AT1_TS_only,0,1,2,YES,YES,28,1,results/attack_type_robustness_AT1_DROP0_guarded_cusum_15seed/ON_seed1_x560_720_t36.log
1,AT1_TS_only,0,1,3,NO,NO,23,0,results/attack_type_robustness_AT1_DROP0_guarded_cusum_15seed/ON_seed1_x560_720_t36.log
1,AT1_TS_only,0,1,4,YES,YES,26,1,results/attack_type_robustness_AT1_DROP0_guarded_cusum_15seed/ON_seed1_x560_720_t36.log
1,AT1_TS_only,0,1,5,YES,YES,30,1,results/attack_type_robustness_AT1_DROP0_guarded_cusum_15seed/ON_seed1_x560_720_t36.log
1,AT1_TS_only,0,1,6,YES,YES,28,1,results/attack_type_robustness_AT1_DROP0_guarded_cusum_15seed/ON_seed1_x560_720_t36.log
1,AT1_TS_only,0,1,7,YES,YES,25,1,results/attack_type_robustness_AT1_DROP0_guarded_cusum_15seed/ON_seed1_x560_720_t36.log
1,AT1_TS_only,0,1,8,NO,NO,24,0,results/attack_type_robustness_AT1_DROP0_guarded_cusum_15seed/ON_seed1_x560_720_t36.log
1,AT1_TS_only,0,1,9,NO,NO,0,0,results/attack_type_robustness_AT1_DROP0_guarded_cusum_15seed/ON_seed1_x560_720_t36.log
1,AT1_TS_only,0,2,0,YES,YES,31,1,results/attack_type_robustness_AT1_DROP0_guarded_cusum_15seed/ON_seed2_x560_720_t36.log
1,AT1_TS_only,0,2,1,YES,YES,31,1,results/attack_type_robustness_AT1_DROP0_guarded_cusum_15seed/ON_seed2_x560_720_t36.log
1,AT1_TS_only,0,2,2,YES,YES,26,1,results/attack_type_robustness_AT1_DROP0_guarded_cusum_15seed/ON_seed2_x560_720_t36.log
1,AT1_TS_only,0,2,3,YES,YES,24,1,results/attack_type_robustness_AT1_DROP0_guarded_cusum_15seed/ON_seed2_x560_720_t36.log
1,AT1_TS_only,0,2,4,YES,YES,26,1,results/attack_type_robustness_AT1_DROP0_guarded_cusum_15seed/ON_seed2_x560_720_t36.log
1,AT1_TS_only,0,2,5,YES,YES,31,1,results/attack_type_robustness_AT1_DROP0_guarded_cusum_15seed/ON_seed2_x560_720_t36.log
1,AT1_TS_only,0,2,6,NO,NO,24,0,results/attack_type_robustness_AT1_DROP0_guarded_cusum_15seed/ON_seed2_x560_720_t36.log
1,AT1_TS_only,0,2,7,YES,YES,25,1,results/attack_type_robustness_AT1_DROP0_guarded_cusum_15seed/ON_seed2_x560_720_t36.log
1,AT1_TS_only,0,2,8,NO,NO,24,0,results/attack_type_robustness_AT1_DROP0_guarded_cusum_15seed/ON_seed2_x560_720_t36.log
1,AT1_TS_only,0,2,9,NO,NO,24,0,results/attack_type_robustness_AT1_DROP0_guarded_cusum_15seed/ON_seed2_x560_720_t36.log
1,AT1_TS_only,0,3,0,YES,YES,31,1,results/attack_type_robustness_AT1_DROP0_guarded_cusum_15seed/ON_seed3_x560_720_t36.log
1,AT1_TS_only,0,3,1,YES,YES,31,1,results/attack_type_robustness_AT1_DROP0_guarded_cusum_15seed/ON_seed3_x560_720_t36.log
1,AT1_TS_only,0,3,2,YES,YES,27,1,results/attack_type_robustness_AT1_DROP0_guarded_cusum_15seed/ON_seed3_x560_720_t36.log
1,AT1_TS_only,0,3,3,YES,YES,23,1,results/attack_type_robustness_AT1_DROP0_guarded_cusum_15seed/ON_seed3_x560_720_t36.log
1,AT1_TS_only,0,3,4,YES,YES,20,1,results/attack_type_robustness_AT1_DROP0_guarded_cusum_15seed/ON_seed3_x560_720_t36.log
1,AT1_TS_only,0,3,5,NO,NO,24,0,results/attack_type_robustness_AT1_DROP0_guarded_cusum_15seed/ON_seed3_x560_720_t36.log
1,AT1_TS_only,0,3,6,NO,NO,24,0,results/attack_type_robustness_AT1_DROP0_guarded_cusum_15seed/ON_seed3_x560_720_t36.log
1,AT1_TS_only,0,3,7,NO,NO,24,0,results/attack_type_robustness_AT1_DROP0_guarded_cusum_15seed/ON_seed3_x560_720_t36.log
1,AT1_TS_only,0,3,8,YES,YES,23,1,results/attack_type_robustness_AT1_DROP0_guarded_cusum_15seed/ON_seed3_x560_720_t36.log
1,AT1_TS_only,0,3,9,YES,YES,19,1,results/attack_type_robustness_AT1_DROP0_guarded_cusum_15seed/ON_seed3_x560_720_t36.log
1,AT1_TS_only,0,4,0,YES,YES,31,1,results/attack_type_robustness_AT1_DROP0_guarded_cusum_15seed/ON_seed4_x560_720_t36.log
1,AT1_TS_only,0,4,1,YES,YES,29,1,results/attack_type_robustness_AT1_DROP0_guarded_cusum_15seed/ON_seed4_x560_720_t36.log
1,AT1_TS_only,0,4,2,YES,YES,25,1,results/attack_type_robustness_AT1_DROP0_guarded_cusum_15seed/ON_seed4_x560_720_t36.log
1,AT1_TS_only,0,4,3,YES,YES,24,1,results/attack_type_robustness_AT1_DROP0_guarded_cusum_15seed/ON_seed4_x560_720_t36.log
1,AT1_TS_only,0,4,4,NO,NO,22,0,results/attack_type_robustness_AT1_DROP0_guarded_cusum_15seed/ON_seed4_x560_720_t36.log
1,AT1_TS_only,0,4,5,YES,NO,0,0,results/attack_type_robustness_AT1_DROP0_guarded_cusum_15seed/ON_seed4_x560_720_t36.log
1,AT1_TS_only,0,4,6,NO,NO,24,0,results/attack_type_robustness_AT1_DROP0_guarded_cusum_15seed/ON_seed4_x560_720_t36.log
1,AT1_TS_only,0,4,7,NO,NO,23,0,results/attack_type_robustness_AT1_DROP0_guarded_cusum_15seed/ON_seed4_x560_720_t36.log
1,AT1_TS_only,0,4,8,YES,YES,23,1,results/attack_type_robustness_AT1_DROP0_guarded_cusum_15seed/ON_seed4_x560_720_t36.log
1,AT1_TS_only,0,4,9,YES,YES,19,1,results/attack_type_robustness_AT1_DROP0_guarded_cusum_15seed/ON_seed4_x560_720_t36.log
1,AT1_TS_only,0,5,0,YES,YES,31,1,results/attack_type_robustness_AT1_DROP0_guarded_cusum_15seed/ON_seed5_x560_720_t36.log
1,AT1_TS_only,0,5,1,YES,YES,30,1,results/attack_type_robustness_AT1_DROP0_guarded_cusum_15seed/ON_seed5_x560_720_t36.log
1,AT1_TS_only,0,5,2,YES,YES,27,1,results/attack_type_robustness_AT1_DROP0_guarded_cusum_15seed/ON_seed5_x560_720_t36.log
1,AT1_TS_only,0,5,3,YES,YES,24,1,results/attack_type_robustness_AT1_DROP0_guarded_cusum_15seed/ON_seed5_x560_720_t36.log
1,AT1_TS_only,0,5,4,YES,YES,26,1,results/attack_type_robustness_AT1_DROP0_guarded_cusum_15seed/ON_seed5_x560_720_t36.log
1,AT1_TS_only,0,5,5,YES,YES,31,1,results/attack_type_robustness_AT1_DROP0_guarded_cusum_15seed/ON_seed5_x560_720_t36.log
1,AT1_TS_only,0,5,6,NO,NO,23,0,results/attack_type_robustness_AT1_DROP0_guarded_cusum_15seed/ON_seed5_x560_720_t36.log
1,AT1_TS_only,0,5,7,NO,NO,24,0,results/attack_type_robustness_AT1_DROP0_guarded_cusum_15seed/ON_seed5_x560_720_t36.log
1,AT1_TS_only,0,5,8,YES,YES,23,1,results/attack_type_robustness_AT1_DROP0_guarded_cusum_15seed/ON_seed5_x560_720_t36.log
1,AT1_TS_only,0,5,9,NO,NO,23,0,results/attack_type_robustness_AT1_DROP0_guarded_cusum_15seed/ON_seed5_x560_720_t36.log
1,AT1_TS_only,0,6,0,YES,YES,31,1,results/attack_type_robustness_AT1_DROP0_guarded_cusum_15seed/ON_seed6_x560_720_t36.log
1,AT1_TS_only,0,6,1,YES,YES,30,1,results/attack_type_robustness_AT1_DROP0_guarded_cusum_15seed/ON_seed6_x560_720_t36.log
1,AT1_TS_only,0,6,2,YES,YES,27,1,results/attack_type_robustness_AT1_DROP0_guarded_cusum_15seed/ON_seed6_x560_720_t36.log
1,AT1_TS_only,0,6,3,YES,YES,23,1,results/attack_type_robustness_AT1_DROP0_guarded_cusum_15seed/ON_seed6_x560_720_t36.log
1,AT1_TS_only,0,6,4,YES,YES,20,1,results/attack_type_robustness_AT1_DROP0_guarded_cusum_15seed/ON_seed6_x560_720_t36.log
1,AT1_TS_only,0,6,5,NO,NO,24,0,results/attack_type_robustness_AT1_DROP0_guarded_cusum_15seed/ON_seed6_x560_720_t36.log
1,AT1_TS_only,0,6,6,NO,NO,24,0,results/attack_type_robustness_AT1_DROP0_guarded_cusum_15seed/ON_seed6_x560_720_t36.log
1,AT1_TS_only,0,6,7,YES,YES,26,1,results/attack_type_robustness_AT1_DROP0_guarded_cusum_15seed/ON_seed6_x560_720_t36.log
1,AT1_TS_only,0,6,8,NO,NO,24,0,results/attack_type_robustness_AT1_DROP0_guarded_cusum_15seed/ON_seed6_x560_720_t36.log
1,AT1_TS_only,0,6,9,YES,YES,18,1,results/attack_type_robustness_AT1_DROP0_guarded_cusum_15seed/ON_seed6_x560_720_t36.log
1,AT1_TS_only,0,7,0,YES,YES,31,1,results/attack_type_robustness_AT1_DROP0_guarded_cusum_15seed/ON_seed7_x560_720_t36.log
1,AT1_TS_only,0,7,1,YES,YES,30,1,results/attack_type_robustness_AT1_DROP0_guarded_cusum_15seed/ON_seed7_x560_720_t36.log
1,AT1_TS_only,0,7,2,YES,YES,27,1,results/attack_type_robustness_AT1_DROP0_guarded_cusum_15seed/ON_seed7_x560_720_t36.log
1,AT1_TS_only,0,7,3,YES,YES,24,1,results/attack_type_robustness_AT1_DROP0_guarded_cusum_15seed/ON_seed7_x560_720_t36.log
1,AT1_TS_only,0,7,4,NO,NO,24,0,results/attack_type_robustness_AT1_DROP0_guarded_cusum_15seed/ON_seed7_x560_720_t36.log
1,AT1_TS_only,0,7,5,NO,NO,23,0,results/attack_type_robustness_AT1_DROP0_guarded_cusum_15seed/ON_seed7_x560_720_t36.log
1,AT1_TS_only,0,7,6,YES,YES,29,1,results/attack_type_robustness_AT1_DROP0_guarded_cusum_15seed/ON_seed7_x560_720_t36.log
1,AT1_TS_only,0,7,7,YES,YES,26,1,results/attack_type_robustness_AT1_DROP0_guarded_cusum_15seed/ON_seed7_x560_720_t36.log
1,AT1_TS_only,0,7,8,NO,NO,24,0,results/attack_type_robustness_AT1_DROP0_guarded_cusum_15seed/ON_seed7_x560_720_t36.log
1,AT1_TS_only,0,7,9,YES,YES,20,1,results/attack_type_robustness_AT1_DROP0_guarded_cusum_15seed/ON_seed7_x560_720_t36.log
1,AT1_TS_only,0,8,0,YES,YES,31,1,results/attack_type_robustness_AT1_DROP0_guarded_cusum_15seed/ON_seed8_x560_720_t36.log
1,AT1_TS_only,0,8,1,YES,YES,31,1,results/attack_type_robustness_AT1_DROP0_guarded_cusum_15seed/ON_seed8_x560_720_t36.log
1,AT1_TS_only,0,8,2,YES,YES,26,1,results/attack_type_robustness_AT1_DROP0_guarded_cusum_15seed/ON_seed8_x560_720_t36.log
1,AT1_TS_only,0,8,3,YES,YES,23,1,results/attack_type_robustness_AT1_DROP0_guarded_cusum_15seed/ON_seed8_x560_720_t36.log
1,AT1_TS_only,0,8,4,YES,NO,0,0,results/attack_type_robustness_AT1_DROP0_guarded_cusum_15seed/ON_seed8_x560_720_t36.log
1,AT1_TS_only,0,8,5,NO,NO,23,0,results/attack_type_robustness_AT1_DROP0_guarded_cusum_15seed/ON_seed8_x560_720_t36.log
1,AT1_TS_only,0,8,6,YES,YES,29,1,results/attack_type_robustness_AT1_DROP0_guarded_cusum_15seed/ON_seed8_x560_720_t36.log
1,AT1_TS_only,0,8,7,NO,NO,24,0,results/attack_type_robustness_AT1_DROP0_guarded_cusum_15seed/ON_seed8_x560_720_t36.log
1,AT1_TS_only,0,8,8,NO,NO,24,0,results/attack_type_robustness_AT1_DROP0_guarded_cusum_15seed/ON_seed8_x560_720_t36.log
1,AT1_TS_only,0,8,9,YES,YES,20,1,results/attack_type_robustness_AT1_DROP0_guarded_cusum_15seed/ON_seed8_x560_720_t36.log
1,AT1_TS_only,0,9,0,YES,YES,31,1,results/attack_type_robustness_AT1_DROP0_guarded_cusum_15seed/ON_seed9_x560_720_t36.log
1,AT1_TS_only,0,9,1,YES,YES,31,1,results/attack_type_robustness_AT1_DROP0_guarded_cusum_15seed/ON_seed9_x560_720_t36.log
1,AT1_TS_only,0,9,2,YES,YES,27,1,results/attack_type_robustness_AT1_DROP0_guarded_cusum_15seed/ON_seed9_x560_720_t36.log
1,AT1_TS_only,0,9,3,YES,YES,24,1,results/attack_type_robustness_AT1_DROP0_guarded_cusum_15seed/ON_seed9_x560_720_t36.log
1,AT1_TS_only,0,9,4,NO,NO,24,0,results/attack_type_robustness_AT1_DROP0_guarded_cusum_15seed/ON_seed9_x560_720_t36.log
1,AT1_TS_only,0,9,5,NO,NO,23,0,results/attack_type_robustness_AT1_DROP0_guarded_cusum_15seed/ON_seed9_x560_720_t36.log
1,AT1_TS_only,0,9,6,YES,YES,29,1,results/attack_type_robustness_AT1_DROP0_guarded_cusum_15seed/ON_seed9_x560_720_t36.log
1,AT1_TS_only,0,9,7,YES,YES,26,1,results/attack_type_robustness_AT1_DROP0_guarded_cusum_15seed/ON_seed9_x560_720_t36.log
1,AT1_TS_only,0,9,8,NO,NO,24,0,results/attack_type_robustness_AT1_DROP0_guarded_cusum_15seed/ON_seed9_x560_720_t36.log
1,AT1_TS_only,0,9,9,YES,YES,17,1,results/attack_type_robustness_AT1_DROP0_guarded_cusum_15seed/ON_seed9_x560_720_t36.log
1,AT1_TS_only,0,10,0,YES,YES,30,1,results/attack_type_robustness_AT1_DROP0_guarded_cusum_15seed/ON_seed10_x560_720_t36.log
1,AT1_TS_only,0,10,1,YES,YES,31,1,results/attack_type_robustness_AT1_DROP0_guarded_cusum_15seed/ON_seed10_x560_720_t36.log
1,AT1_TS_only,0,10,2,YES,YES,27,1,results/attack_type_robustness_AT1_DROP0_guarded_cusum_15seed/ON_seed10_x560_720_t36.log
1,AT1_TS_only,0,10,3,YES,YES,25,1,results/attack_type_robustness_AT1_DROP0_guarded_cusum_15seed/ON_seed10_x560_720_t36.log
1,AT1_TS_only,0,10,4,YES,YES,26,1,results/attack_type_robustness_AT1_DROP0_guarded_cusum_15seed/ON_seed10_x560_720_t36.log
1,AT1_TS_only,0,10,5,NO,NO,24,0,results/attack_type_robustness_AT1_DROP0_guarded_cusum_15seed/ON_seed10_x560_720_t36.log
1,AT1_TS_only,0,10,6,NO,NO,24,0,results/attack_type_robustness_AT1_DROP0_guarded_cusum_15seed/ON_seed10_x560_720_t36.log
1,AT1_TS_only,0,10,7,YES,YES,24,1,results/attack_type_robustness_AT1_DROP0_guarded_cusum_15seed/ON_seed10_x560_720_t36.log
1,AT1_TS_only,0,10,8,YES,YES,22,1,results/attack_type_robustness_AT1_DROP0_guarded_cusum_15seed/ON_seed10_x560_720_t36.log
1,AT1_TS_only,0,10,9,NO,NO,24,0,results/attack_type_robustness_AT1_DROP0_guarded_cusum_15seed/ON_seed10_x560_720_t36.log
1,AT1_TS_only,0,11,0,YES,NO,0,0,results/attack_type_robustness_AT1_DROP0_guarded_cusum_15seed/ON_seed11_x560_720_t36.log
1,AT1_TS_only,0,11,1,YES,YES,30,1,results/attack_type_robustness_AT1_DROP0_guarded_cusum_15seed/ON_seed11_x560_720_t36.log
1,AT1_TS_only,0,11,2,YES,YES,26,1,results/attack_type_robustness_AT1_DROP0_guarded_cusum_15seed/ON_seed11_x560_720_t36.log
1,AT1_TS_only,0,11,3,NO,NO,23,0,results/attack_type_robustness_AT1_DROP0_guarded_cusum_15seed/ON_seed11_x560_720_t36.log
1,AT1_TS_only,0,11,4,NO,NO,23,0,results/attack_type_robustness_AT1_DROP0_guarded_cusum_15seed/ON_seed11_x560_720_t36.log
1,AT1_TS_only,0,11,5,YES,YES,31,1,results/attack_type_robustness_AT1_DROP0_guarded_cusum_15seed/ON_seed11_x560_720_t36.log
1,AT1_TS_only,0,11,6,YES,YES,29,1,results/attack_type_robustness_AT1_DROP0_guarded_cusum_15seed/ON_seed11_x560_720_t36.log
1,AT1_TS_only,0,11,7,YES,YES,26,1,results/attack_type_robustness_AT1_DROP0_guarded_cusum_15seed/ON_seed11_x560_720_t36.log
1,AT1_TS_only,0,11,8,NO,NO,22,0,results/attack_type_robustness_AT1_DROP0_guarded_cusum_15seed/ON_seed11_x560_720_t36.log
1,AT1_TS_only,0,11,9,YES,YES,20,1,results/attack_type_robustness_AT1_DROP0_guarded_cusum_15seed/ON_seed11_x560_720_t36.log
1,AT1_TS_only,0,12,0,YES,YES,30,1,results/attack_type_robustness_AT1_DROP0_guarded_cusum_15seed/ON_seed12_x560_720_t36.log
1,AT1_TS_only,0,12,1,YES,YES,31,1,results/attack_type_robustness_AT1_DROP0_guarded_cusum_15seed/ON_seed12_x560_720_t36.log
1,AT1_TS_only,0,12,2,YES,YES,27,1,results/attack_type_robustness_AT1_DROP0_guarded_cusum_15seed/ON_seed12_x560_720_t36.log
1,AT1_TS_only,0,12,3,YES,YES,25,1,results/attack_type_robustness_AT1_DROP0_guarded_cusum_15seed/ON_seed12_x560_720_t36.log
1,AT1_TS_only,0,12,4,NO,NO,23,0,results/attack_type_robustness_AT1_DROP0_guarded_cusum_15seed/ON_seed12_x560_720_t36.log
1,AT1_TS_only,0,12,5,YES,YES,30,1,results/attack_type_robustness_AT1_DROP0_guarded_cusum_15seed/ON_seed12_x560_720_t36.log
1,AT1_TS_only,0,12,6,NO,NO,23,0,results/attack_type_robustness_AT1_DROP0_guarded_cusum_15seed/ON_seed12_x560_720_t36.log
1,AT1_TS_only,0,12,7,YES,YES,25,1,results/attack_type_robustness_AT1_DROP0_guarded_cusum_15seed/ON_seed12_x560_720_t36.log
1,AT1_TS_only,0,12,8,NO,NO,23,0,results/attack_type_robustness_AT1_DROP0_guarded_cusum_15seed/ON_seed12_x560_720_t36.log
1,AT1_TS_only,0,12,9,YES,YES,19,1,results/attack_type_robustness_AT1_DROP0_guarded_cusum_15seed/ON_seed12_x560_720_t36.log
1,AT1_TS_only,0,13,0,YES,YES,30,1,results/attack_type_robustness_AT1_DROP0_guarded_cusum_15seed/ON_seed13_x560_720_t36.log
1,AT1_TS_only,0,13,1,YES,YES,30,1,results/attack_type_robustness_AT1_DROP0_guarded_cusum_15seed/ON_seed13_x560_720_t36.log
1,AT1_TS_only,0,13,2,YES,YES,27,1,results/attack_type_robustness_AT1_DROP0_guarded_cusum_15seed/ON_seed13_x560_720_t36.log
1,AT1_TS_only,0,13,3,YES,YES,24,1,results/attack_type_robustness_AT1_DROP0_guarded_cusum_15seed/ON_seed13_x560_720_t36.log
1,AT1_TS_only,0,13,4,YES,YES,21,1,results/attack_type_robustness_AT1_DROP0_guarded_cusum_15seed/ON_seed13_x560_720_t36.log
1,AT1_TS_only,0,13,5,YES,YES,32,1,results/attack_type_robustness_AT1_DROP0_guarded_cusum_15seed/ON_seed13_x560_720_t36.log
1,AT1_TS_only,0,13,6,YES,YES,29,1,results/attack_type_robustness_AT1_DROP0_guarded_cusum_15seed/ON_seed13_x560_720_t36.log
1,AT1_TS_only,0,13,7,NO,NO,24,0,results/attack_type_robustness_AT1_DROP0_guarded_cusum_15seed/ON_seed13_x560_720_t36.log
1,AT1_TS_only,0,13,8,NO,NO,23,0,results/attack_type_robustness_AT1_DROP0_guarded_cusum_15seed/ON_seed13_x560_720_t36.log
1,AT1_TS_only,0,13,9,NO,NO,24,0,results/attack_type_robustness_AT1_DROP0_guarded_cusum_15seed/ON_seed13_x560_720_t36.log
1,AT1_TS_only,0,14,0,YES,YES,31,1,results/attack_type_robustness_AT1_DROP0_guarded_cusum_15seed/ON_seed14_x560_720_t36.log
1,AT1_TS_only,0,14,1,YES,YES,30,1,results/attack_type_robustness_AT1_DROP0_guarded_cusum_15seed/ON_seed14_x560_720_t36.log
1,AT1_TS_only,0,14,2,YES,YES,26,1,results/attack_type_robustness_AT1_DROP0_guarded_cusum_15seed/ON_seed14_x560_720_t36.log
1,AT1_TS_only,0,14,3,YES,YES,22,1,results/attack_type_robustness_AT1_DROP0_guarded_cusum_15seed/ON_seed14_x560_720_t36.log
1,AT1_TS_only,0,14,4,YES,YES,20,1,results/attack_type_robustness_AT1_DROP0_guarded_cusum_15seed/ON_seed14_x560_720_t36.log
1,AT1_TS_only,0,14,5,YES,YES,24,1,results/attack_type_robustness_AT1_DROP0_guarded_cusum_15seed/ON_seed14_x560_720_t36.log
1,AT1_TS_only,0,14,6,NO,NO,22,0,results/attack_type_robustness_AT1_DROP0_guarded_cusum_15seed/ON_seed14_x560_720_t36.log
1,AT1_TS_only,0,14,7,NO,NO,24,0,results/attack_type_robustness_AT1_DROP0_guarded_cusum_15seed/ON_seed14_x560_720_t36.log
1,AT1_TS_only,0,14,8,YES,YES,23,1,results/attack_type_robustness_AT1_DROP0_guarded_cusum_15seed/ON_seed14_x560_720_t36.log
1,AT1_TS_only,0,14,9,NO,NO,23,0,results/attack_type_robustness_AT1_DROP0_guarded_cusum_15seed/ON_seed14_x560_720_t36.log
1,AT1_TS_only,0,15,0,YES,YES,30,1,results/attack_type_robustness_AT1_DROP0_guarded_cusum_15seed/ON_seed15_x560_720_t36.log
1,AT1_TS_only,0,15,1,YES,YES,29,1,results/attack_type_robustness_AT1_DROP0_guarded_cusum_15seed/ON_seed15_x560_720_t36.log
1,AT1_TS_only,0,15,2,YES,YES,26,1,results/attack_type_robustness_AT1_DROP0_guarded_cusum_15seed/ON_seed15_x560_720_t36.log
1,AT1_TS_only,0,15,3,NO,NO,23,0,results/attack_type_robustness_AT1_DROP0_guarded_cusum_15seed/ON_seed15_x560_720_t36.log
1,AT1_TS_only,0,15,4,NO,NO,24,0,results/attack_type_robustness_AT1_DROP0_guarded_cusum_15seed/ON_seed15_x560_720_t36.log
1,AT1_TS_only,0,15,5,YES,NO,0,0,results/attack_type_robustness_AT1_DROP0_guarded_cusum_15seed/ON_seed15_x560_720_t36.log
1,AT1_TS_only,0,15,6,NO,NO,23,0,results/attack_type_robustness_AT1_DROP0_guarded_cusum_15seed/ON_seed15_x560_720_t36.log
1,AT1_TS_only,0,15,7,YES,YES,26,1,results/attack_type_robustness_AT1_DROP0_guarded_cusum_15seed/ON_seed15_x560_720_t36.log
1,AT1_TS_only,0,15,8,YES,YES,22,1,results/attack_type_robustness_AT1_DROP0_guarded_cusum_15seed/ON_seed15_x560_720_t36.log
1,AT1_TS_only,0,15,9,YES,YES,18,1,results/attack_type_robustness_AT1_DROP0_guarded_cusum_15seed/ON_seed15_x560_720_t36.log
1,AT1_TS_only,10,1,0,YES,YES,28,1,results/attack_type_robustness_AT1_DROP10_guarded_cusum_15seed/ON_seed1_x560_720_t36.log
1,AT1_TS_only,10,1,1,YES,YES,30,1,results/attack_type_robustness_AT1_DROP10_guarded_cusum_15seed/ON_seed1_x560_720_t36.log
1,AT1_TS_only,10,1,2,YES,YES,26,1,results/attack_type_robustness_AT1_DROP10_guarded_cusum_15seed/ON_seed1_x560_720_t36.log
1,AT1_TS_only,10,1,3,NO,NO,17,0,results/attack_type_robustness_AT1_DROP10_guarded_cusum_15seed/ON_seed1_x560_720_t36.log
1,AT1_TS_only,10,1,4,YES,YES,22,1,results/attack_type_robustness_AT1_DROP10_guarded_cusum_15seed/ON_seed1_x560_720_t36.log
1,AT1_TS_only,10,1,5,YES,YES,29,1,results/attack_type_robustness_AT1_DROP10_guarded_cusum_15seed/ON_seed1_x560_720_t36.log
1,AT1_TS_only,10,1,6,YES,YES,25,1,results/attack_type_robustness_AT1_DROP10_guarded_cusum_15seed/ON_seed1_x560_720_t36.log
1,AT1_TS_only,10,1,7,YES,YES,22,1,results/attack_type_robustness_AT1_DROP10_guarded_cusum_15seed/ON_seed1_x560_720_t36.log
1,AT1_TS_only,10,1,8,NO,NO,22,0,results/attack_type_robustness_AT1_DROP10_guarded_cusum_15seed/ON_seed1_x560_720_t36.log
1,AT1_TS_only,10,1,9,NO,NO,0,0,results/attack_type_robustness_AT1_DROP10_guarded_cusum_15seed/ON_seed1_x560_720_t36.log
1,AT1_TS_only,10,2,0,YES,YES,31,1,results/attack_type_robustness_AT1_DROP10_guarded_cusum_15seed/ON_seed2_x560_720_t36.log
1,AT1_TS_only,10,2,1,YES,YES,28,1,results/attack_type_robustness_AT1_DROP10_guarded_cusum_15seed/ON_seed2_x560_720_t36.log
1,AT1_TS_only,10,2,2,YES,YES,26,1,results/attack_type_robustness_AT1_DROP10_guarded_cusum_15seed/ON_seed2_x560_720_t36.log
1,AT1_TS_only,10,2,3,YES,YES,26,1,results/attack_type_robustness_AT1_DROP10_guarded_cusum_15seed/ON_seed2_x560_720_t36.log
1,AT1_TS_only,10,2,4,YES,YES,24,1,results/attack_type_robustness_AT1_DROP10_guarded_cusum_15seed/ON_seed2_x560_720_t36.log
1,AT1_TS_only,10,2,5,YES,YES,29,1,results/attack_type_robustness_AT1_DROP10_guarded_cusum_15seed/ON_seed2_x560_720_t36.log
1,AT1_TS_only,10,2,6,NO,NO,22,0,results/attack_type_robustness_AT1_DROP10_guarded_cusum_15seed/ON_seed2_x560_720_t36.log
1,AT1_TS_only,10,2,7,YES,YES,23,1,results/attack_type_robustness_AT1_DROP10_guarded_cusum_15seed/ON_seed2_x560_720_t36.log
1,AT1_TS_only,10,2,8,NO,NO,23,0,results/attack_type_robustness_AT1_DROP10_guarded_cusum_15seed/ON_seed2_x560_720_t36.log
1,AT1_TS_only,10,2,9,NO,NO,23,0,results/attack_type_robustness_AT1_DROP10_guarded_cusum_15seed/ON_seed2_x560_720_t36.log
1,AT1_TS_only,10,3,0,YES,YES,30,1,results/attack_type_robustness_AT1_DROP10_guarded_cusum_15seed/ON_seed3_x560_720_t36.log
1,AT1_TS_only,10,3,1,YES,YES,28,1,results/attack_type_robustness_AT1_DROP10_guarded_cusum_15seed/ON_seed3_x560_720_t36.log
1,AT1_TS_only,10,3,2,YES,YES,23,1,results/attack_type_robustness_AT1_DROP10_guarded_cusum_15seed/ON_seed3_x560_720_t36.log
1,AT1_TS_only,10,3,3,YES,YES,21,1,results/attack_type_robustness_AT1_DROP10_guarded_cusum_15seed/ON_seed3_x560_720_t36.log
1,AT1_TS_only,10,3,4,YES,YES,22,1,results/attack_type_robustness_AT1_DROP10_guarded_cusum_15seed/ON_seed3_x560_720_t36.log
1,AT1_TS_only,10,3,5,NO,NO,23,0,results/attack_type_robustness_AT1_DROP10_guarded_cusum_15seed/ON_seed3_x560_720_t36.log
1,AT1_TS_only,10,3,6,NO,NO,22,0,results/attack_type_robustness_AT1_DROP10_guarded_cusum_15seed/ON_seed3_x560_720_t36.log
1,AT1_TS_only,10,3,7,NO,NO,19,0,results/attack_type_robustness_AT1_DROP10_guarded_cusum_15seed/ON_seed3_x560_720_t36.log
1,AT1_TS_only,10,3,8,YES,YES,22,1,results/attack_type_robustness_AT1_DROP10_guarded_cusum_15seed/ON_seed3_x560_720_t36.log
1,AT1_TS_only,10,3,9,YES,YES,19,1,results/attack_type_robustness_AT1_DROP10_guarded_cusum_15seed/ON_seed3_x560_720_t36.log
1,AT1_TS_only,10,4,0,YES,YES,29,1,results/attack_type_robustness_AT1_DROP10_guarded_cusum_15seed/ON_seed4_x560_720_t36.log
1,AT1_TS_only,10,4,1,YES,YES,28,1,results/attack_type_robustness_AT1_DROP10_guarded_cusum_15seed/ON_seed4_x560_720_t36.log
1,AT1_TS_only,10,4,2,YES,YES,25,1,results/attack_type_robustness_AT1_DROP10_guarded_cusum_15seed/ON_seed4_x560_720_t36.log
1,AT1_TS_only,10,4,3,YES,YES,28,1,results/attack_type_robustness_AT1_DROP10_guarded_cusum_15seed/ON_seed4_x560_720_t36.log
1,AT1_TS_only,10,4,4,NO,NO,20,0,results/attack_type_robustness_AT1_DROP10_guarded_cusum_15seed/ON_seed4_x560_720_t36.log
1,AT1_TS_only,10,4,5,YES,NO,0,0,results/attack_type_robustness_AT1_DROP10_guarded_cusum_15seed/ON_seed4_x560_720_t36.log
1,AT1_TS_only,10,4,6,NO,NO,22,0,results/attack_type_robustness_AT1_DROP10_guarded_cusum_15seed/ON_seed4_x560_720_t36.log
1,AT1_TS_only,10,4,7,NO,NO,20,0,results/attack_type_robustness_AT1_DROP10_guarded_cusum_15seed/ON_seed4_x560_720_t36.log
1,AT1_TS_only,10,4,8,YES,YES,23,1,results/attack_type_robustness_AT1_DROP10_guarded_cusum_15seed/ON_seed4_x560_720_t36.log
1,AT1_TS_only,10,4,9,YES,YES,18,1,results/attack_type_robustness_AT1_DROP10_guarded_cusum_15seed/ON_seed4_x560_720_t36.log
1,AT1_TS_only,10,5,0,YES,YES,29,1,results/attack_type_robustness_AT1_DROP10_guarded_cusum_15seed/ON_seed5_x560_720_t36.log
1,AT1_TS_only,10,5,1,YES,YES,29,1,results/attack_type_robustness_AT1_DROP10_guarded_cusum_15seed/ON_seed5_x560_720_t36.log
1,AT1_TS_only,10,5,2,YES,YES,20,1,results/attack_type_robustness_AT1_DROP10_guarded_cusum_15seed/ON_seed5_x560_720_t36.log
1,AT1_TS_only,10,5,3,YES,YES,19,1,results/attack_type_robustness_AT1_DROP10_guarded_cusum_15seed/ON_seed5_x560_720_t36.log
1,AT1_TS_only,10,5,4,YES,YES,23,1,results/attack_type_robustness_AT1_DROP10_guarded_cusum_15seed/ON_seed5_x560_720_t36.log
1,AT1_TS_only,10,5,5,YES,YES,30,1,results/attack_type_robustness_AT1_DROP10_guarded_cusum_15seed/ON_seed5_x560_720_t36.log
1,AT1_TS_only,10,5,6,NO,NO,22,0,results/attack_type_robustness_AT1_DROP10_guarded_cusum_15seed/ON_seed5_x560_720_t36.log
1,AT1_TS_only,10,5,7,NO,NO,19,0,results/attack_type_robustness_AT1_DROP10_guarded_cusum_15seed/ON_seed5_x560_720_t36.log
1,AT1_TS_only,10,5,8,YES,YES,22,1,results/attack_type_robustness_AT1_DROP10_guarded_cusum_15seed/ON_seed5_x560_720_t36.log
1,AT1_TS_only,10,5,9,NO,NO,19,0,results/attack_type_robustness_AT1_DROP10_guarded_cusum_15seed/ON_seed5_x560_720_t36.log
1,AT1_TS_only,10,6,0,YES,YES,30,1,results/attack_type_robustness_AT1_DROP10_guarded_cusum_15seed/ON_seed6_x560_720_t36.log
1,AT1_TS_only,10,6,1,YES,YES,28,1,results/attack_type_robustness_AT1_DROP10_guarded_cusum_15seed/ON_seed6_x560_720_t36.log
1,AT1_TS_only,10,6,2,YES,YES,28,1,results/attack_type_robustness_AT1_DROP10_guarded_cusum_15seed/ON_seed6_x560_720_t36.log
1,AT1_TS_only,10,6,3,YES,YES,23,1,results/attack_type_robustness_AT1_DROP10_guarded_cusum_15seed/ON_seed6_x560_720_t36.log
1,AT1_TS_only,10,6,4,YES,YES,23,1,results/attack_type_robustness_AT1_DROP10_guarded_cusum_15seed/ON_seed6_x560_720_t36.log
1,AT1_TS_only,10,6,5,NO,NO,20,0,results/attack_type_robustness_AT1_DROP10_guarded_cusum_15seed/ON_seed6_x560_720_t36.log
1,AT1_TS_only,10,6,6,NO,NO,20,0,results/attack_type_robustness_AT1_DROP10_guarded_cusum_15seed/ON_seed6_x560_720_t36.log
1,AT1_TS_only,10,6,7,YES,YES,22,1,results/attack_type_robustness_AT1_DROP10_guarded_cusum_15seed/ON_seed6_x560_720_t36.log
1,AT1_TS_only,10,6,8,NO,NO,22,0,results/attack_type_robustness_AT1_DROP10_guarded_cusum_15seed/ON_seed6_x560_720_t36.log
1,AT1_TS_only,10,6,9,YES,YES,17,1,results/attack_type_robustness_AT1_DROP10_guarded_cusum_15seed/ON_seed6_x560_720_t36.log
1,AT1_TS_only,10,7,0,YES,YES,30,1,results/attack_type_robustness_AT1_DROP10_guarded_cusum_15seed/ON_seed7_x560_720_t36.log
1,AT1_TS_only,10,7,1,YES,YES,28,1,results/attack_type_robustness_AT1_DROP10_guarded_cusum_15seed/ON_seed7_x560_720_t36.log
1,AT1_TS_only,10,7,2,YES,YES,28,1,results/attack_type_robustness_AT1_DROP10_guarded_cusum_15seed/ON_seed7_x560_720_t36.log
1,AT1_TS_only,10,7,3,YES,YES,23,1,results/attack_type_robustness_AT1_DROP10_guarded_cusum_15seed/ON_seed7_x560_720_t36.log
1,AT1_TS_only,10,7,4,NO,NO,22,0,results/attack_type_robustness_AT1_DROP10_guarded_cusum_15seed/ON_seed7_x560_720_t36.log
1,AT1_TS_only,10,7,5,NO,NO,24,0,results/attack_type_robustness_AT1_DROP10_guarded_cusum_15seed/ON_seed7_x560_720_t36.log
1,AT1_TS_only,10,7,6,YES,YES,27,1,results/attack_type_robustness_AT1_DROP10_guarded_cusum_15seed/ON_seed7_x560_720_t36.log
1,AT1_TS_only,10,7,7,YES,YES,24,1,results/attack_type_robustness_AT1_DROP10_guarded_cusum_15seed/ON_seed7_x560_720_t36.log
1,AT1_TS_only,10,7,8,NO,NO,22,0,results/attack_type_robustness_AT1_DROP10_guarded_cusum_15seed/ON_seed7_x560_720_t36.log
1,AT1_TS_only,10,7,9,YES,YES,16,1,results/attack_type_robustness_AT1_DROP10_guarded_cusum_15seed/ON_seed7_x560_720_t36.log
1,AT1_TS_only,10,8,0,YES,YES,32,1,results/attack_type_robustness_AT1_DROP10_guarded_cusum_15seed/ON_seed8_x560_720_t36.log
1,AT1_TS_only,10,8,1,YES,YES,27,1,results/attack_type_robustness_AT1_DROP10_guarded_cusum_15seed/ON_seed8_x560_720_t36.log
1,AT1_TS_only,10,8,2,YES,YES,23,1,results/attack_type_robustness_AT1_DROP10_guarded_cusum_15seed/ON_seed8_x560_720_t36.log
1,AT1_TS_only,10,8,3,YES,YES,23,1,results/attack_type_robustness_AT1_DROP10_guarded_cusum_15seed/ON_seed8_x560_720_t36.log
1,AT1_TS_only,10,8,4,YES,NO,0,0,results/attack_type_robustness_AT1_DROP10_guarded_cusum_15seed/ON_seed8_x560_720_t36.log
1,AT1_TS_only,10,8,5,NO,NO,22,0,results/attack_type_robustness_AT1_DROP10_guarded_cusum_15seed/ON_seed8_x560_720_t36.log
1,AT1_TS_only,10,8,6,YES,YES,29,1,results/attack_type_robustness_AT1_DROP10_guarded_cusum_15seed/ON_seed8_x560_720_t36.log
1,AT1_TS_only,10,8,7,NO,NO,23,0,results/attack_type_robustness_AT1_DROP10_guarded_cusum_15seed/ON_seed8_x560_720_t36.log
1,AT1_TS_only,10,8,8,NO,NO,20,0,results/attack_type_robustness_AT1_DROP10_guarded_cusum_15seed/ON_seed8_x560_720_t36.log
1,AT1_TS_only,10,8,9,YES,YES,24,1,results/attack_type_robustness_AT1_DROP10_guarded_cusum_15seed/ON_seed8_x560_720_t36.log
1,AT1_TS_only,10,9,0,YES,YES,28,1,results/attack_type_robustness_AT1_DROP10_guarded_cusum_15seed/ON_seed9_x560_720_t36.log
1,AT1_TS_only,10,9,1,YES,YES,29,1,results/attack_type_robustness_AT1_DROP10_guarded_cusum_15seed/ON_seed9_x560_720_t36.log
1,AT1_TS_only,10,9,2,YES,YES,24,1,results/attack_type_robustness_AT1_DROP10_guarded_cusum_15seed/ON_seed9_x560_720_t36.log
1,AT1_TS_only,10,9,3,YES,YES,21,1,results/attack_type_robustness_AT1_DROP10_guarded_cusum_15seed/ON_seed9_x560_720_t36.log
1,AT1_TS_only,10,9,4,NO,NO,20,0,results/attack_type_robustness_AT1_DROP10_guarded_cusum_15seed/ON_seed9_x560_720_t36.log
1,AT1_TS_only,10,9,5,NO,NO,21,0,results/attack_type_robustness_AT1_DROP10_guarded_cusum_15seed/ON_seed9_x560_720_t36.log
1,AT1_TS_only,10,9,6,YES,YES,26,1,results/attack_type_robustness_AT1_DROP10_guarded_cusum_15seed/ON_seed9_x560_720_t36.log
1,AT1_TS_only,10,9,7,YES,YES,22,1,results/attack_type_robustness_AT1_DROP10_guarded_cusum_15seed/ON_seed9_x560_720_t36.log
1,AT1_TS_only,10,9,8,NO,NO,20,0,results/attack_type_robustness_AT1_DROP10_guarded_cusum_15seed/ON_seed9_x560_720_t36.log
1,AT1_TS_only,10,9,9,YES,YES,18,1,results/attack_type_robustness_AT1_DROP10_guarded_cusum_15seed/ON_seed9_x560_720_t36.log
1,AT1_TS_only,10,10,0,YES,YES,28,1,results/attack_type_robustness_AT1_DROP10_guarded_cusum_15seed/ON_seed10_x560_720_t36.log
1,AT1_TS_only,10,10,1,YES,YES,30,1,results/attack_type_robustness_AT1_DROP10_guarded_cusum_15seed/ON_seed10_x560_720_t36.log
1,AT1_TS_only,10,10,2,YES,YES,26,1,results/attack_type_robustness_AT1_DROP10_guarded_cusum_15seed/ON_seed10_x560_720_t36.log
1,AT1_TS_only,10,10,3,YES,YES,22,1,results/attack_type_robustness_AT1_DROP10_guarded_cusum_15seed/ON_seed10_x560_720_t36.log
1,AT1_TS_only,10,10,4,YES,YES,20,1,results/attack_type_robustness_AT1_DROP10_guarded_cusum_15seed/ON_seed10_x560_720_t36.log
1,AT1_TS_only,10,10,5,NO,NO,20,0,results/attack_type_robustness_AT1_DROP10_guarded_cusum_15seed/ON_seed10_x560_720_t36.log
1,AT1_TS_only,10,10,6,NO,NO,23,0,results/attack_type_robustness_AT1_DROP10_guarded_cusum_15seed/ON_seed10_x560_720_t36.log
1,AT1_TS_only,10,10,7,YES,YES,21,1,results/attack_type_robustness_AT1_DROP10_guarded_cusum_15seed/ON_seed10_x560_720_t36.log
1,AT1_TS_only,10,10,8,YES,YES,20,1,results/attack_type_robustness_AT1_DROP10_guarded_cusum_15seed/ON_seed10_x560_720_t36.log
1,AT1_TS_only,10,10,9,NO,NO,20,0,results/attack_type_robustness_AT1_DROP10_guarded_cusum_15seed/ON_seed10_x560_720_t36.log
1,AT1_TS_only,10,11,0,YES,NO,0,0,results/attack_type_robustness_AT1_DROP10_guarded_cusum_15seed/ON_seed11_x560_720_t36.log
1,AT1_TS_only,10,11,1,YES,YES,27,1,results/attack_type_robustness_AT1_DROP10_guarded_cusum_15seed/ON_seed11_x560_720_t36.log
1,AT1_TS_only,10,11,2,YES,YES,26,1,results/attack_type_robustness_AT1_DROP10_guarded_cusum_15seed/ON_seed11_x560_720_t36.log
1,AT1_TS_only,10,11,3,NO,NO,22,0,results/attack_type_robustness_AT1_DROP10_guarded_cusum_15seed/ON_seed11_x560_720_t36.log
1,AT1_TS_only,10,11,4,NO,NO,20,0,results/attack_type_robustness_AT1_DROP10_guarded_cusum_15seed/ON_seed11_x560_720_t36.log
1,AT1_TS_only,10,11,5,YES,YES,22,1,results/attack_type_robustness_AT1_DROP10_guarded_cusum_15seed/ON_seed11_x560_720_t36.log
1,AT1_TS_only,10,11,6,YES,YES,27,1,results/attack_type_robustness_AT1_DROP10_guarded_cusum_15seed/ON_seed11_x560_720_t36.log
1,AT1_TS_only,10,11,7,YES,YES,26,1,results/attack_type_robustness_AT1_DROP10_guarded_cusum_15seed/ON_seed11_x560_720_t36.log
1,AT1_TS_only,10,11,8,NO,NO,23,0,results/attack_type_robustness_AT1_DROP10_guarded_cusum_15seed/ON_seed11_x560_720_t36.log
1,AT1_TS_only,10,11,9,YES,YES,19,1,results/attack_type_robustness_AT1_DROP10_guarded_cusum_15seed/ON_seed11_x560_720_t36.log
1,AT1_TS_only,10,12,0,YES,YES,26,1,results/attack_type_robustness_AT1_DROP10_guarded_cusum_15seed/ON_seed12_x560_720_t36.log
1,AT1_TS_only,10,12,1,YES,YES,30,1,results/attack_type_robustness_AT1_DROP10_guarded_cusum_15seed/ON_seed12_x560_720_t36.log
1,AT1_TS_only,10,12,2,YES,YES,27,1,results/attack_type_robustness_AT1_DROP10_guarded_cusum_15seed/ON_seed12_x560_720_t36.log
1,AT1_TS_only,10,12,3,YES,YES,26,1,results/attack_type_robustness_AT1_DROP10_guarded_cusum_15seed/ON_seed12_x560_720_t36.log
1,AT1_TS_only,10,12,4,NO,NO,22,0,results/attack_type_robustness_AT1_DROP10_guarded_cusum_15seed/ON_seed12_x560_720_t36.log
1,AT1_TS_only,10,12,5,YES,YES,30,1,results/attack_type_robustness_AT1_DROP10_guarded_cusum_15seed/ON_seed12_x560_720_t36.log
1,AT1_TS_only,10,12,6,NO,NO,23,0,results/attack_type_robustness_AT1_DROP10_guarded_cusum_15seed/ON_seed12_x560_720_t36.log
1,AT1_TS_only,10,12,7,YES,YES,23,1,results/attack_type_robustness_AT1_DROP10_guarded_cusum_15seed/ON_seed12_x560_720_t36.log
1,AT1_TS_only,10,12,8,NO,NO,23,0,results/attack_type_robustness_AT1_DROP10_guarded_cusum_15seed/ON_seed12_x560_720_t36.log
1,AT1_TS_only,10,12,9,YES,YES,18,1,results/attack_type_robustness_AT1_DROP10_guarded_cusum_15seed/ON_seed12_x560_720_t36.log
1,AT1_TS_only,10,13,0,YES,YES,28,1,results/attack_type_robustness_AT1_DROP10_guarded_cusum_15seed/ON_seed13_x560_720_t36.log
1,AT1_TS_only,10,13,1,YES,YES,30,1,results/attack_type_robustness_AT1_DROP10_guarded_cusum_15seed/ON_seed13_x560_720_t36.log
1,AT1_TS_only,10,13,2,YES,YES,25,1,results/attack_type_robustness_AT1_DROP10_guarded_cusum_15seed/ON_seed13_x560_720_t36.log
1,AT1_TS_only,10,13,3,YES,YES,18,1,results/attack_type_robustness_AT1_DROP10_guarded_cusum_15seed/ON_seed13_x560_720_t36.log
1,AT1_TS_only,10,13,4,YES,YES,21,1,results/attack_type_robustness_AT1_DROP10_guarded_cusum_15seed/ON_seed13_x560_720_t36.log
1,AT1_TS_only,10,13,5,YES,YES,31,1,results/attack_type_robustness_AT1_DROP10_guarded_cusum_15seed/ON_seed13_x560_720_t36.log
1,AT1_TS_only,10,13,6,YES,YES,27,1,results/attack_type_robustness_AT1_DROP10_guarded_cusum_15seed/ON_seed13_x560_720_t36.log
1,AT1_TS_only,10,13,7,NO,NO,23,0,results/attack_type_robustness_AT1_DROP10_guarded_cusum_15seed/ON_seed13_x560_720_t36.log
1,AT1_TS_only,10,13,8,NO,NO,20,0,results/attack_type_robustness_AT1_DROP10_guarded_cusum_15seed/ON_seed13_x560_720_t36.log
1,AT1_TS_only,10,13,9,NO,NO,23,0,results/attack_type_robustness_AT1_DROP10_guarded_cusum_15seed/ON_seed13_x560_720_t36.log
1,AT1_TS_only,10,14,0,YES,YES,28,1,results/attack_type_robustness_AT1_DROP10_guarded_cusum_15seed/ON_seed14_x560_720_t36.log
1,AT1_TS_only,10,14,1,YES,YES,26,1,results/attack_type_robustness_AT1_DROP10_guarded_cusum_15seed/ON_seed14_x560_720_t36.log
1,AT1_TS_only,10,14,2,YES,YES,26,1,results/attack_type_robustness_AT1_DROP10_guarded_cusum_15seed/ON_seed14_x560_720_t36.log
1,AT1_TS_only,10,14,3,YES,YES,19,1,results/attack_type_robustness_AT1_DROP10_guarded_cusum_15seed/ON_seed14_x560_720_t36.log
1,AT1_TS_only,10,14,4,YES,YES,17,1,results/attack_type_robustness_AT1_DROP10_guarded_cusum_15seed/ON_seed14_x560_720_t36.log
1,AT1_TS_only,10,14,5,YES,YES,21,1,results/attack_type_robustness_AT1_DROP10_guarded_cusum_15seed/ON_seed14_x560_720_t36.log
1,AT1_TS_only,10,14,6,NO,NO,22,0,results/attack_type_robustness_AT1_DROP10_guarded_cusum_15seed/ON_seed14_x560_720_t36.log
1,AT1_TS_only,10,14,7,NO,NO,23,0,results/attack_type_robustness_AT1_DROP10_guarded_cusum_15seed/ON_seed14_x560_720_t36.log
1,AT1_TS_only,10,14,8,YES,YES,19,1,results/attack_type_robustness_AT1_DROP10_guarded_cusum_15seed/ON_seed14_x560_720_t36.log
1,AT1_TS_only,10,14,9,NO,NO,20,0,results/attack_type_robustness_AT1_DROP10_guarded_cusum_15seed/ON_seed14_x560_720_t36.log
1,AT1_TS_only,10,15,0,YES,YES,28,1,results/attack_type_robustness_AT1_DROP10_guarded_cusum_15seed/ON_seed15_x560_720_t36.log
1,AT1_TS_only,10,15,1,YES,YES,27,1,results/attack_type_robustness_AT1_DROP10_guarded_cusum_15seed/ON_seed15_x560_720_t36.log
1,AT1_TS_only,10,15,2,YES,YES,25,1,results/attack_type_robustness_AT1_DROP10_guarded_cusum_15seed/ON_seed15_x560_720_t36.log
1,AT1_TS_only,10,15,3,NO,NO,23,0,results/attack_type_robustness_AT1_DROP10_guarded_cusum_15seed/ON_seed15_x560_720_t36.log
1,AT1_TS_only,10,15,4,NO,NO,24,0,results/attack_type_robustness_AT1_DROP10_guarded_cusum_15seed/ON_seed15_x560_720_t36.log
1,AT1_TS_only,10,15,5,YES,NO,0,0,results/attack_type_robustness_AT1_DROP10_guarded_cusum_15seed/ON_seed15_x560_720_t36.log
1,AT1_TS_only,10,15,6,NO,NO,20,0,results/attack_type_robustness_AT1_DROP10_guarded_cusum_15seed/ON_seed15_x560_720_t36.log
1,AT1_TS_only,10,15,7,YES,YES,22,1,results/attack_type_robustness_AT1_DROP10_guarded_cusum_15seed/ON_seed15_x560_720_t36.log
1,AT1_TS_only,10,15,8,YES,YES,22,1,results/attack_type_robustness_AT1_DROP10_guarded_cusum_15seed/ON_seed15_x560_720_t36.log
1,AT1_TS_only,10,15,9,YES,YES,18,1,results/attack_type_robustness_AT1_DROP10_guarded_cusum_15seed/ON_seed15_x560_720_t36.log
1,AT1_TS_only,20,1,0,YES,YES,28,1,results/attack_type_robustness_AT1_DROP20_guarded_cusum_15seed/ON_seed1_x560_720_t36.log
1,AT1_TS_only,20,1,1,YES,YES,23,1,results/attack_type_robustness_AT1_DROP20_guarded_cusum_15seed/ON_seed1_x560_720_t36.log
1,AT1_TS_only,20,1,2,YES,YES,25,1,results/attack_type_robustness_AT1_DROP20_guarded_cusum_15seed/ON_seed1_x560_720_t36.log
1,AT1_TS_only,20,1,3,NO,NO,17,0,results/attack_type_robustness_AT1_DROP20_guarded_cusum_15seed/ON_seed1_x560_720_t36.log
1,AT1_TS_only,20,1,4,YES,YES,23,1,results/attack_type_robustness_AT1_DROP20_guarded_cusum_15seed/ON_seed1_x560_720_t36.log
1,AT1_TS_only,20,1,5,YES,YES,26,1,results/attack_type_robustness_AT1_DROP20_guarded_cusum_15seed/ON_seed1_x560_720_t36.log
1,AT1_TS_only,20,1,6,YES,YES,31,1,results/attack_type_robustness_AT1_DROP20_guarded_cusum_15seed/ON_seed1_x560_720_t36.log
1,AT1_TS_only,20,1,7,YES,YES,19,1,results/attack_type_robustness_AT1_DROP20_guarded_cusum_15seed/ON_seed1_x560_720_t36.log
1,AT1_TS_only,20,1,8,NO,NO,17,0,results/attack_type_robustness_AT1_DROP20_guarded_cusum_15seed/ON_seed1_x560_720_t36.log
1,AT1_TS_only,20,1,9,NO,NO,0,0,results/attack_type_robustness_AT1_DROP20_guarded_cusum_15seed/ON_seed1_x560_720_t36.log
1,AT1_TS_only,20,2,0,YES,YES,24,1,results/attack_type_robustness_AT1_DROP20_guarded_cusum_15seed/ON_seed2_x560_720_t36.log
1,AT1_TS_only,20,2,1,YES,YES,29,1,results/attack_type_robustness_AT1_DROP20_guarded_cusum_15seed/ON_seed2_x560_720_t36.log
1,AT1_TS_only,20,2,2,YES,YES,21,1,results/attack_type_robustness_AT1_DROP20_guarded_cusum_15seed/ON_seed2_x560_720_t36.log
1,AT1_TS_only,20,2,3,YES,YES,24,1,results/attack_type_robustness_AT1_DROP20_guarded_cusum_15seed/ON_seed2_x560_720_t36.log
1,AT1_TS_only,20,2,4,YES,YES,20,1,results/attack_type_robustness_AT1_DROP20_guarded_cusum_15seed/ON_seed2_x560_720_t36.log
1,AT1_TS_only,20,2,5,YES,YES,22,1,results/attack_type_robustness_AT1_DROP20_guarded_cusum_15seed/ON_seed2_x560_720_t36.log
1,AT1_TS_only,20,2,6,NO,NO,20,0,results/attack_type_robustness_AT1_DROP20_guarded_cusum_15seed/ON_seed2_x560_720_t36.log
1,AT1_TS_only,20,2,7,YES,YES,23,1,results/attack_type_robustness_AT1_DROP20_guarded_cusum_15seed/ON_seed2_x560_720_t36.log
1,AT1_TS_only,20,2,8,NO,NO,21,0,results/attack_type_robustness_AT1_DROP20_guarded_cusum_15seed/ON_seed2_x560_720_t36.log
1,AT1_TS_only,20,2,9,NO,NO,18,0,results/attack_type_robustness_AT1_DROP20_guarded_cusum_15seed/ON_seed2_x560_720_t36.log
1,AT1_TS_only,20,3,0,YES,YES,30,1,results/attack_type_robustness_AT1_DROP20_guarded_cusum_15seed/ON_seed3_x560_720_t36.log
1,AT1_TS_only,20,3,1,YES,YES,27,1,results/attack_type_robustness_AT1_DROP20_guarded_cusum_15seed/ON_seed3_x560_720_t36.log
1,AT1_TS_only,20,3,2,YES,YES,29,1,results/attack_type_robustness_AT1_DROP20_guarded_cusum_15seed/ON_seed3_x560_720_t36.log
1,AT1_TS_only,20,3,3,YES,YES,22,1,results/attack_type_robustness_AT1_DROP20_guarded_cusum_15seed/ON_seed3_x560_720_t36.log
1,AT1_TS_only,20,3,4,YES,YES,20,1,results/attack_type_robustness_AT1_DROP20_guarded_cusum_15seed/ON_seed3_x560_720_t36.log
1,AT1_TS_only,20,3,5,NO,NO,18,0,results/attack_type_robustness_AT1_DROP20_guarded_cusum_15seed/ON_seed3_x560_720_t36.log
1,AT1_TS_only,20,3,6,NO,NO,20,0,results/attack_type_robustness_AT1_DROP20_guarded_cusum_15seed/ON_seed3_x560_720_t36.log
1,AT1_TS_only,20,3,7,NO,NO,15,0,results/attack_type_robustness_AT1_DROP20_guarded_cusum_15seed/ON_seed3_x560_720_t36.log
1,AT1_TS_only,20,3,8,YES,YES,27,1,results/attack_type_robustness_AT1_DROP20_guarded_cusum_15seed/ON_seed3_x560_720_t36.log
1,AT1_TS_only,20,3,9,YES,YES,18,1,results/attack_type_robustness_AT1_DROP20_guarded_cusum_15seed/ON_seed3_x560_720_t36.log
1,AT1_TS_only,20,4,0,YES,YES,30,1,results/attack_type_robustness_AT1_DROP20_guarded_cusum_15seed/ON_seed4_x560_720_t36.log
1,AT1_TS_only,20,4,1,YES,YES,25,1,results/attack_type_robustness_AT1_DROP20_guarded_cusum_15seed/ON_seed4_x560_720_t36.log
1,AT1_TS_only,20,4,2,YES,YES,26,1,results/attack_type_robustness_AT1_DROP20_guarded_cusum_15seed/ON_seed4_x560_720_t36.log
1,AT1_TS_only,20,4,3,YES,YES,24,1,results/attack_type_robustness_AT1_DROP20_guarded_cusum_15seed/ON_seed4_x560_720_t36.log
1,AT1_TS_only,20,4,4,NO,NO,20,0,results/attack_type_robustness_AT1_DROP20_guarded_cusum_15seed/ON_seed4_x560_720_t36.log
1,AT1_TS_only,20,4,5,YES,NO,0,0,results/attack_type_robustness_AT1_DROP20_guarded_cusum_15seed/ON_seed4_x560_720_t36.log
1,AT1_TS_only,20,4,6,NO,NO,21,0,results/attack_type_robustness_AT1_DROP20_guarded_cusum_15seed/ON_seed4_x560_720_t36.log
1,AT1_TS_only,20,4,7,NO,NO,22,0,results/attack_type_robustness_AT1_DROP20_guarded_cusum_15seed/ON_seed4_x560_720_t36.log
1,AT1_TS_only,20,4,8,YES,YES,24,1,results/attack_type_robustness_AT1_DROP20_guarded_cusum_15seed/ON_seed4_x560_720_t36.log
1,AT1_TS_only,20,4,9,YES,YES,20,1,results/attack_type_robustness_AT1_DROP20_guarded_cusum_15seed/ON_seed4_x560_720_t36.log
1,AT1_TS_only,20,5,0,YES,YES,23,1,results/attack_type_robustness_AT1_DROP20_guarded_cusum_15seed/ON_seed5_x560_720_t36.log
1,AT1_TS_only,20,5,1,YES,YES,27,1,results/attack_type_robustness_AT1_DROP20_guarded_cusum_15seed/ON_seed5_x560_720_t36.log
1,AT1_TS_only,20,5,2,YES,YES,25,1,results/attack_type_robustness_AT1_DROP20_guarded_cusum_15seed/ON_seed5_x560_720_t36.log
1,AT1_TS_only,20,5,3,YES,YES,22,1,results/attack_type_robustness_AT1_DROP20_guarded_cusum_15seed/ON_seed5_x560_720_t36.log
1,AT1_TS_only,20,5,4,YES,YES,22,1,results/attack_type_robustness_AT1_DROP20_guarded_cusum_15seed/ON_seed5_x560_720_t36.log
1,AT1_TS_only,20,5,5,YES,YES,26,1,results/attack_type_robustness_AT1_DROP20_guarded_cusum_15seed/ON_seed5_x560_720_t36.log
1,AT1_TS_only,20,5,6,NO,NO,20,0,results/attack_type_robustness_AT1_DROP20_guarded_cusum_15seed/ON_seed5_x560_720_t36.log
1,AT1_TS_only,20,5,7,NO,NO,18,0,results/attack_type_robustness_AT1_DROP20_guarded_cusum_15seed/ON_seed5_x560_720_t36.log
1,AT1_TS_only,20,5,8,YES,YES,21,1,results/attack_type_robustness_AT1_DROP20_guarded_cusum_15seed/ON_seed5_x560_720_t36.log
1,AT1_TS_only,20,5,9,NO,NO,22,0,results/attack_type_robustness_AT1_DROP20_guarded_cusum_15seed/ON_seed5_x560_720_t36.log
1,AT1_TS_only,20,6,0,YES,YES,22,1,results/attack_type_robustness_AT1_DROP20_guarded_cusum_15seed/ON_seed6_x560_720_t36.log
1,AT1_TS_only,20,6,1,YES,YES,29,1,results/attack_type_robustness_AT1_DROP20_guarded_cusum_15seed/ON_seed6_x560_720_t36.log
1,AT1_TS_only,20,6,2,YES,YES,23,1,results/attack_type_robustness_AT1_DROP20_guarded_cusum_15seed/ON_seed6_x560_720_t36.log
1,AT1_TS_only,20,6,3,YES,YES,24,1,results/attack_type_robustness_AT1_DROP20_guarded_cusum_15seed/ON_seed6_x560_720_t36.log
1,AT1_TS_only,20,6,4,YES,YES,21,1,results/attack_type_robustness_AT1_DROP20_guarded_cusum_15seed/ON_seed6_x560_720_t36.log
1,AT1_TS_only,20,6,5,NO,NO,18,0,results/attack_type_robustness_AT1_DROP20_guarded_cusum_15seed/ON_seed6_x560_720_t36.log
1,AT1_TS_only,20,6,6,NO,NO,22,0,results/attack_type_robustness_AT1_DROP20_guarded_cusum_15seed/ON_seed6_x560_720_t36.log
1,AT1_TS_only,20,6,7,YES,YES,19,1,results/attack_type_robustness_AT1_DROP20_guarded_cusum_15seed/ON_seed6_x560_720_t36.log
1,AT1_TS_only,20,6,8,NO,NO,17,0,results/attack_type_robustness_AT1_DROP20_guarded_cusum_15seed/ON_seed6_x560_720_t36.log
1,AT1_TS_only,20,6,9,YES,YES,16,1,results/attack_type_robustness_AT1_DROP20_guarded_cusum_15seed/ON_seed6_x560_720_t36.log
1,AT1_TS_only,20,7,0,YES,YES,27,1,results/attack_type_robustness_AT1_DROP20_guarded_cusum_15seed/ON_seed7_x560_720_t36.log
1,AT1_TS_only,20,7,1,YES,YES,23,1,results/attack_type_robustness_AT1_DROP20_guarded_cusum_15seed/ON_seed7_x560_720_t36.log
1,AT1_TS_only,20,7,2,YES,YES,27,1,results/attack_type_robustness_AT1_DROP20_guarded_cusum_15seed/ON_seed7_x560_720_t36.log
1,AT1_TS_only,20,7,3,YES,YES,21,1,results/attack_type_robustness_AT1_DROP20_guarded_cusum_15seed/ON_seed7_x560_720_t36.log
1,AT1_TS_only,20,7,4,NO,NO,22,0,results/attack_type_robustness_AT1_DROP20_guarded_cusum_15seed/ON_seed7_x560_720_t36.log
1,AT1_TS_only,20,7,5,NO,NO,21,0,results/attack_type_robustness_AT1_DROP20_guarded_cusum_15seed/ON_seed7_x560_720_t36.log
1,AT1_TS_only,20,7,6,YES,YES,24,1,results/attack_type_robustness_AT1_DROP20_guarded_cusum_15seed/ON_seed7_x560_720_t36.log
1,AT1_TS_only,20,7,7,YES,YES,24,1,results/attack_type_robustness_AT1_DROP20_guarded_cusum_15seed/ON_seed7_x560_720_t36.log
1,AT1_TS_only,20,7,8,NO,NO,18,0,results/attack_type_robustness_AT1_DROP20_guarded_cusum_15seed/ON_seed7_x560_720_t36.log
1,AT1_TS_only,20,7,9,YES,YES,18,1,results/attack_type_robustness_AT1_DROP20_guarded_cusum_15seed/ON_seed7_x560_720_t36.log
1,AT1_TS_only,20,8,0,YES,YES,28,1,results/attack_type_robustness_AT1_DROP20_guarded_cusum_15seed/ON_seed8_x560_720_t36.log
1,AT1_TS_only,20,8,1,YES,YES,25,1,results/attack_type_robustness_AT1_DROP20_guarded_cusum_15seed/ON_seed8_x560_720_t36.log
1,AT1_TS_only,20,8,2,YES,YES,27,1,results/attack_type_robustness_AT1_DROP20_guarded_cusum_15seed/ON_seed8_x560_720_t36.log
1,AT1_TS_only,20,8,3,YES,YES,25,1,results/attack_type_robustness_AT1_DROP20_guarded_cusum_15seed/ON_seed8_x560_720_t36.log
1,AT1_TS_only,20,8,4,YES,NO,0,0,results/attack_type_robustness_AT1_DROP20_guarded_cusum_15seed/ON_seed8_x560_720_t36.log
1,AT1_TS_only,20,8,5,NO,NO,19,0,results/attack_type_robustness_AT1_DROP20_guarded_cusum_15seed/ON_seed8_x560_720_t36.log
1,AT1_TS_only,20,8,6,YES,YES,20,1,results/attack_type_robustness_AT1_DROP20_guarded_cusum_15seed/ON_seed8_x560_720_t36.log
1,AT1_TS_only,20,8,7,NO,NO,18,0,results/attack_type_robustness_AT1_DROP20_guarded_cusum_15seed/ON_seed8_x560_720_t36.log
1,AT1_TS_only,20,8,8,NO,NO,17,0,results/attack_type_robustness_AT1_DROP20_guarded_cusum_15seed/ON_seed8_x560_720_t36.log
1,AT1_TS_only,20,8,9,YES,NO,18,0,results/attack_type_robustness_AT1_DROP20_guarded_cusum_15seed/ON_seed8_x560_720_t36.log
1,AT1_TS_only,20,9,0,YES,YES,28,1,results/attack_type_robustness_AT1_DROP20_guarded_cusum_15seed/ON_seed9_x560_720_t36.log
1,AT1_TS_only,20,9,1,YES,YES,28,1,results/attack_type_robustness_AT1_DROP20_guarded_cusum_15seed/ON_seed9_x560_720_t36.log
1,AT1_TS_only,20,9,2,YES,YES,23,1,results/attack_type_robustness_AT1_DROP20_guarded_cusum_15seed/ON_seed9_x560_720_t36.log
1,AT1_TS_only,20,9,3,YES,YES,22,1,results/attack_type_robustness_AT1_DROP20_guarded_cusum_15seed/ON_seed9_x560_720_t36.log
1,AT1_TS_only,20,9,4,NO,NO,16,0,results/attack_type_robustness_AT1_DROP20_guarded_cusum_15seed/ON_seed9_x560_720_t36.log
1,AT1_TS_only,20,9,5,NO,NO,19,0,results/attack_type_robustness_AT1_DROP20_guarded_cusum_15seed/ON_seed9_x560_720_t36.log
1,AT1_TS_only,20,9,6,YES,YES,24,1,results/attack_type_robustness_AT1_DROP20_guarded_cusum_15seed/ON_seed9_x560_720_t36.log
1,AT1_TS_only,20,9,7,YES,YES,24,1,results/attack_type_robustness_AT1_DROP20_guarded_cusum_15seed/ON_seed9_x560_720_t36.log
1,AT1_TS_only,20,9,8,NO,NO,14,0,results/attack_type_robustness_AT1_DROP20_guarded_cusum_15seed/ON_seed9_x560_720_t36.log
1,AT1_TS_only,20,9,9,YES,NO,17,0,results/attack_type_robustness_AT1_DROP20_guarded_cusum_15seed/ON_seed9_x560_720_t36.log
1,AT1_TS_only,20,10,0,YES,YES,22,1,results/attack_type_robustness_AT1_DROP20_guarded_cusum_15seed/ON_seed10_x560_720_t36.log
1,AT1_TS_only,20,10,1,YES,YES,28,1,results/attack_type_robustness_AT1_DROP20_guarded_cusum_15seed/ON_seed10_x560_720_t36.log
1,AT1_TS_only,20,10,2,YES,YES,24,1,results/attack_type_robustness_AT1_DROP20_guarded_cusum_15seed/ON_seed10_x560_720_t36.log
1,AT1_TS_only,20,10,3,YES,YES,24,1,results/attack_type_robustness_AT1_DROP20_guarded_cusum_15seed/ON_seed10_x560_720_t36.log
1,AT1_TS_only,20,10,4,YES,YES,23,1,results/attack_type_robustness_AT1_DROP20_guarded_cusum_15seed/ON_seed10_x560_720_t36.log
1,AT1_TS_only,20,10,5,NO,NO,16,0,results/attack_type_robustness_AT1_DROP20_guarded_cusum_15seed/ON_seed10_x560_720_t36.log
1,AT1_TS_only,20,10,6,NO,NO,16,0,results/attack_type_robustness_AT1_DROP20_guarded_cusum_15seed/ON_seed10_x560_720_t36.log
1,AT1_TS_only,20,10,7,YES,YES,20,1,results/attack_type_robustness_AT1_DROP20_guarded_cusum_15seed/ON_seed10_x560_720_t36.log
1,AT1_TS_only,20,10,8,YES,YES,21,1,results/attack_type_robustness_AT1_DROP20_guarded_cusum_15seed/ON_seed10_x560_720_t36.log
1,AT1_TS_only,20,10,9,NO,NO,15,0,results/attack_type_robustness_AT1_DROP20_guarded_cusum_15seed/ON_seed10_x560_720_t36.log
1,AT1_TS_only,20,11,0,YES,NO,0,0,results/attack_type_robustness_AT1_DROP20_guarded_cusum_15seed/ON_seed11_x560_720_t36.log
1,AT1_TS_only,20,11,1,YES,YES,29,1,results/attack_type_robustness_AT1_DROP20_guarded_cusum_15seed/ON_seed11_x560_720_t36.log
1,AT1_TS_only,20,11,2,YES,YES,21,1,results/attack_type_robustness_AT1_DROP20_guarded_cusum_15seed/ON_seed11_x560_720_t36.log
1,AT1_TS_only,20,11,3,NO,NO,17,0,results/attack_type_robustness_AT1_DROP20_guarded_cusum_15seed/ON_seed11_x560_720_t36.log
1,AT1_TS_only,20,11,4,NO,NO,19,0,results/attack_type_robustness_AT1_DROP20_guarded_cusum_15seed/ON_seed11_x560_720_t36.log
1,AT1_TS_only,20,11,5,YES,YES,19,1,results/attack_type_robustness_AT1_DROP20_guarded_cusum_15seed/ON_seed11_x560_720_t36.log
1,AT1_TS_only,20,11,6,YES,YES,28,1,results/attack_type_robustness_AT1_DROP20_guarded_cusum_15seed/ON_seed11_x560_720_t36.log
1,AT1_TS_only,20,11,7,YES,YES,22,1,results/attack_type_robustness_AT1_DROP20_guarded_cusum_15seed/ON_seed11_x560_720_t36.log
1,AT1_TS_only,20,11,8,NO,NO,17,0,results/attack_type_robustness_AT1_DROP20_guarded_cusum_15seed/ON_seed11_x560_720_t36.log
1,AT1_TS_only,20,11,9,YES,YES,20,1,results/attack_type_robustness_AT1_DROP20_guarded_cusum_15seed/ON_seed11_x560_720_t36.log
1,AT1_TS_only,20,12,0,YES,YES,30,1,results/attack_type_robustness_AT1_DROP20_guarded_cusum_15seed/ON_seed12_x560_720_t36.log
1,AT1_TS_only,20,12,1,YES,YES,23,1,results/attack_type_robustness_AT1_DROP20_guarded_cusum_15seed/ON_seed12_x560_720_t36.log
1,AT1_TS_only,20,12,2,YES,YES,29,1,results/attack_type_robustness_AT1_DROP20_guarded_cusum_15seed/ON_seed12_x560_720_t36.log
1,AT1_TS_only,20,12,3,YES,YES,26,1,results/attack_type_robustness_AT1_DROP20_guarded_cusum_15seed/ON_seed12_x560_720_t36.log
1,AT1_TS_only,20,12,4,NO,NO,19,0,results/attack_type_robustness_AT1_DROP20_guarded_cusum_15seed/ON_seed12_x560_720_t36.log
1,AT1_TS_only,20,12,5,YES,YES,27,1,results/attack_type_robustness_AT1_DROP20_guarded_cusum_15seed/ON_seed12_x560_720_t36.log
1,AT1_TS_only,20,12,6,NO,NO,20,0,results/attack_type_robustness_AT1_DROP20_guarded_cusum_15seed/ON_seed12_x560_720_t36.log
1,AT1_TS_only,20,12,7,YES,YES,20,1,results/attack_type_robustness_AT1_DROP20_guarded_cusum_15seed/ON_seed12_x560_720_t36.log
1,AT1_TS_only,20,12,8,NO,NO,19,0,results/attack_type_robustness_AT1_DROP20_guarded_cusum_15seed/ON_seed12_x560_720_t36.log
1,AT1_TS_only,20,12,9,YES,YES,12,1,results/attack_type_robustness_AT1_DROP20_guarded_cusum_15seed/ON_seed12_x560_720_t36.log
1,AT1_TS_only,20,13,0,YES,YES,28,1,results/attack_type_robustness_AT1_DROP20_guarded_cusum_15seed/ON_seed13_x560_720_t36.log
1,AT1_TS_only,20,13,1,YES,YES,26,1,results/attack_type_robustness_AT1_DROP20_guarded_cusum_15seed/ON_seed13_x560_720_t36.log
1,AT1_TS_only,20,13,2,YES,YES,26,1,results/attack_type_robustness_AT1_DROP20_guarded_cusum_15seed/ON_seed13_x560_720_t36.log
1,AT1_TS_only,20,13,3,YES,YES,23,1,results/attack_type_robustness_AT1_DROP20_guarded_cusum_15seed/ON_seed13_x560_720_t36.log
1,AT1_TS_only,20,13,4,YES,YES,19,1,results/attack_type_robustness_AT1_DROP20_guarded_cusum_15seed/ON_seed13_x560_720_t36.log
1,AT1_TS_only,20,13,5,YES,YES,26,1,results/attack_type_robustness_AT1_DROP20_guarded_cusum_15seed/ON_seed13_x560_720_t36.log
1,AT1_TS_only,20,13,6,YES,YES,21,1,results/attack_type_robustness_AT1_DROP20_guarded_cusum_15seed/ON_seed13_x560_720_t36.log
1,AT1_TS_only,20,13,7,NO,NO,15,0,results/attack_type_robustness_AT1_DROP20_guarded_cusum_15seed/ON_seed13_x560_720_t36.log
1,AT1_TS_only,20,13,8,NO,NO,21,0,results/attack_type_robustness_AT1_DROP20_guarded_cusum_15seed/ON_seed13_x560_720_t36.log
1,AT1_TS_only,20,13,9,NO,NO,20,0,results/attack_type_robustness_AT1_DROP20_guarded_cusum_15seed/ON_seed13_x560_720_t36.log
1,AT1_TS_only,20,14,0,YES,YES,30,1,results/attack_type_robustness_AT1_DROP20_guarded_cusum_15seed/ON_seed14_x560_720_t36.log
1,AT1_TS_only,20,14,1,YES,YES,27,1,results/attack_type_robustness_AT1_DROP20_guarded_cusum_15seed/ON_seed14_x560_720_t36.log
1,AT1_TS_only,20,14,2,YES,YES,23,1,results/attack_type_robustness_AT1_DROP20_guarded_cusum_15seed/ON_seed14_x560_720_t36.log
1,AT1_TS_only,20,14,3,YES,YES,18,1,results/attack_type_robustness_AT1_DROP20_guarded_cusum_15seed/ON_seed14_x560_720_t36.log
1,AT1_TS_only,20,14,4,YES,YES,20,1,results/attack_type_robustness_AT1_DROP20_guarded_cusum_15seed/ON_seed14_x560_720_t36.log
1,AT1_TS_only,20,14,5,YES,YES,28,1,results/attack_type_robustness_AT1_DROP20_guarded_cusum_15seed/ON_seed14_x560_720_t36.log
1,AT1_TS_only,20,14,6,NO,NO,22,0,results/attack_type_robustness_AT1_DROP20_guarded_cusum_15seed/ON_seed14_x560_720_t36.log
1,AT1_TS_only,20,14,7,NO,NO,22,0,results/attack_type_robustness_AT1_DROP20_guarded_cusum_15seed/ON_seed14_x560_720_t36.log
1,AT1_TS_only,20,14,8,YES,YES,19,1,results/attack_type_robustness_AT1_DROP20_guarded_cusum_15seed/ON_seed14_x560_720_t36.log
1,AT1_TS_only,20,14,9,NO,NO,19,0,results/attack_type_robustness_AT1_DROP20_guarded_cusum_15seed/ON_seed14_x560_720_t36.log
1,AT1_TS_only,20,15,0,YES,YES,26,1,results/attack_type_robustness_AT1_DROP20_guarded_cusum_15seed/ON_seed15_x560_720_t36.log
1,AT1_TS_only,20,15,1,YES,YES,29,1,results/attack_type_robustness_AT1_DROP20_guarded_cusum_15seed/ON_seed15_x560_720_t36.log
1,AT1_TS_only,20,15,2,YES,YES,26,1,results/attack_type_robustness_AT1_DROP20_guarded_cusum_15seed/ON_seed15_x560_720_t36.log
1,AT1_TS_only,20,15,3,NO,NO,16,0,results/attack_type_robustness_AT1_DROP20_guarded_cusum_15seed/ON_seed15_x560_720_t36.log
1,AT1_TS_only,20,15,4,NO,NO,20,0,results/attack_type_robustness_AT1_DROP20_guarded_cusum_15seed/ON_seed15_x560_720_t36.log
1,AT1_TS_only,20,15,5,YES,NO,0,0,results/attack_type_robustness_AT1_DROP20_guarded_cusum_15seed/ON_seed15_x560_720_t36.log
1,AT1_TS_only,20,15,6,NO,NO,17,0,results/attack_type_robustness_AT1_DROP20_guarded_cusum_15seed/ON_seed15_x560_720_t36.log
1,AT1_TS_only,20,15,7,YES,YES,25,1,results/attack_type_robustness_AT1_DROP20_guarded_cusum_15seed/ON_seed15_x560_720_t36.log
1,AT1_TS_only,20,15,8,YES,YES,18,1,results/attack_type_robustness_AT1_DROP20_guarded_cusum_15seed/ON_seed15_x560_720_t36.log
1,AT1_TS_only,20,15,9,YES,NO,19,0,results/attack_type_robustness_AT1_DROP20_guarded_cusum_15seed/ON_seed15_x560_720_t36.log
2,AT2_GPS_only,0,1,0,YES,YES,25,1,results/attack_type_robustness_AT2_DROP0_guarded_cusum_15seed/ON_seed1_x560_720_t36.log
2,AT2_GPS_only,0,1,1,YES,YES,23,1,results/attack_type_robustness_AT2_DROP0_guarded_cusum_15seed/ON_seed1_x560_720_t36.log
2,AT2_GPS_only,0,1,2,YES,YES,21,1,results/attack_type_robustness_AT2_DROP0_guarded_cusum_15seed/ON_seed1_x560_720_t36.log
2,AT2_GPS_only,0,1,3,NO,NO,23,0,results/attack_type_robustness_AT2_DROP0_guarded_cusum_15seed/ON_seed1_x560_720_t36.log
2,AT2_GPS_only,0,1,4,YES,YES,14,1,results/attack_type_robustness_AT2_DROP0_guarded_cusum_15seed/ON_seed1_x560_720_t36.log
2,AT2_GPS_only,0,1,5,YES,YES,25,1,results/attack_type_robustness_AT2_DROP0_guarded_cusum_15seed/ON_seed1_x560_720_t36.log
2,AT2_GPS_only,0,1,6,YES,YES,21,1,results/attack_type_robustness_AT2_DROP0_guarded_cusum_15seed/ON_seed1_x560_720_t36.log
2,AT2_GPS_only,0,1,7,YES,YES,18,1,results/attack_type_robustness_AT2_DROP0_guarded_cusum_15seed/ON_seed1_x560_720_t36.log
2,AT2_GPS_only,0,1,8,NO,NO,23,0,results/attack_type_robustness_AT2_DROP0_guarded_cusum_15seed/ON_seed1_x560_720_t36.log
2,AT2_GPS_only,0,1,9,NO,NO,0,0,results/attack_type_robustness_AT2_DROP0_guarded_cusum_15seed/ON_seed1_x560_720_t36.log
2,AT2_GPS_only,0,2,0,YES,YES,25,1,results/attack_type_robustness_AT2_DROP0_guarded_cusum_15seed/ON_seed2_x560_720_t36.log
2,AT2_GPS_only,0,2,1,YES,YES,24,1,results/attack_type_robustness_AT2_DROP0_guarded_cusum_15seed/ON_seed2_x560_720_t36.log
2,AT2_GPS_only,0,2,2,YES,YES,19,1,results/attack_type_robustness_AT2_DROP0_guarded_cusum_15seed/ON_seed2_x560_720_t36.log
2,AT2_GPS_only,0,2,3,YES,YES,17,1,results/attack_type_robustness_AT2_DROP0_guarded_cusum_15seed/ON_seed2_x560_720_t36.log
2,AT2_GPS_only,0,2,4,YES,YES,14,1,results/attack_type_robustness_AT2_DROP0_guarded_cusum_15seed/ON_seed2_x560_720_t36.log
2,AT2_GPS_only,0,2,5,YES,YES,25,1,results/attack_type_robustness_AT2_DROP0_guarded_cusum_15seed/ON_seed2_x560_720_t36.log
2,AT2_GPS_only,0,2,6,NO,NO,24,0,results/attack_type_robustness_AT2_DROP0_guarded_cusum_15seed/ON_seed2_x560_720_t36.log
2,AT2_GPS_only,0,2,7,YES,YES,18,1,results/attack_type_robustness_AT2_DROP0_guarded_cusum_15seed/ON_seed2_x560_720_t36.log
2,AT2_GPS_only,0,2,8,NO,NO,24,0,results/attack_type_robustness_AT2_DROP0_guarded_cusum_15seed/ON_seed2_x560_720_t36.log
2,AT2_GPS_only,0,2,9,NO,NO,24,0,results/attack_type_robustness_AT2_DROP0_guarded_cusum_15seed/ON_seed2_x560_720_t36.log
2,AT2_GPS_only,0,3,0,YES,YES,25,1,results/attack_type_robustness_AT2_DROP0_guarded_cusum_15seed/ON_seed3_x560_720_t36.log
2,AT2_GPS_only,0,3,1,YES,YES,24,1,results/attack_type_robustness_AT2_DROP0_guarded_cusum_15seed/ON_seed3_x560_720_t36.log
2,AT2_GPS_only,0,3,2,YES,YES,20,1,results/attack_type_robustness_AT2_DROP0_guarded_cusum_15seed/ON_seed3_x560_720_t36.log
2,AT2_GPS_only,0,3,3,YES,YES,16,1,results/attack_type_robustness_AT2_DROP0_guarded_cusum_15seed/ON_seed3_x560_720_t36.log
2,AT2_GPS_only,0,3,4,YES,YES,14,1,results/attack_type_robustness_AT2_DROP0_guarded_cusum_15seed/ON_seed3_x560_720_t36.log
2,AT2_GPS_only,0,3,5,NO,NO,24,0,results/attack_type_robustness_AT2_DROP0_guarded_cusum_15seed/ON_seed3_x560_720_t36.log
2,AT2_GPS_only,0,3,6,NO,NO,24,0,results/attack_type_robustness_AT2_DROP0_guarded_cusum_15seed/ON_seed3_x560_720_t36.log
2,AT2_GPS_only,0,3,7,NO,NO,24,0,results/attack_type_robustness_AT2_DROP0_guarded_cusum_15seed/ON_seed3_x560_720_t36.log
2,AT2_GPS_only,0,3,8,YES,YES,16,1,results/attack_type_robustness_AT2_DROP0_guarded_cusum_15seed/ON_seed3_x560_720_t36.log
2,AT2_GPS_only,0,3,9,YES,YES,12,1,results/attack_type_robustness_AT2_DROP0_guarded_cusum_15seed/ON_seed3_x560_720_t36.log
2,AT2_GPS_only,0,4,0,YES,YES,24,1,results/attack_type_robustness_AT2_DROP0_guarded_cusum_15seed/ON_seed4_x560_720_t36.log
2,AT2_GPS_only,0,4,1,YES,YES,23,1,results/attack_type_robustness_AT2_DROP0_guarded_cusum_15seed/ON_seed4_x560_720_t36.log
2,AT2_GPS_only,0,4,2,YES,YES,20,1,results/attack_type_robustness_AT2_DROP0_guarded_cusum_15seed/ON_seed4_x560_720_t36.log
2,AT2_GPS_only,0,4,3,YES,YES,17,1,results/attack_type_robustness_AT2_DROP0_guarded_cusum_15seed/ON_seed4_x560_720_t36.log
2,AT2_GPS_only,0,4,4,NO,NO,23,0,results/attack_type_robustness_AT2_DROP0_guarded_cusum_15seed/ON_seed4_x560_720_t36.log
2,AT2_GPS_only,0,4,5,YES,NO,0,0,results/attack_type_robustness_AT2_DROP0_guarded_cusum_15seed/ON_seed4_x560_720_t36.log
2,AT2_GPS_only,0,4,6,NO,NO,23,0,results/attack_type_robustness_AT2_DROP0_guarded_cusum_15seed/ON_seed4_x560_720_t36.log
2,AT2_GPS_only,0,4,7,NO,NO,23,0,results/attack_type_robustness_AT2_DROP0_guarded_cusum_15seed/ON_seed4_x560_720_t36.log
2,AT2_GPS_only,0,4,8,YES,YES,15,1,results/attack_type_robustness_AT2_DROP0_guarded_cusum_15seed/ON_seed4_x560_720_t36.log
2,AT2_GPS_only,0,4,9,YES,YES,13,1,results/attack_type_robustness_AT2_DROP0_guarded_cusum_15seed/ON_seed4_x560_720_t36.log
2,AT2_GPS_only,0,5,0,YES,YES,25,1,results/attack_type_robustness_AT2_DROP0_guarded_cusum_15seed/ON_seed5_x560_720_t36.log
2,AT2_GPS_only,0,5,1,YES,YES,23,1,results/attack_type_robustness_AT2_DROP0_guarded_cusum_15seed/ON_seed5_x560_720_t36.log
2,AT2_GPS_only,0,5,2,YES,YES,20,1,results/attack_type_robustness_AT2_DROP0_guarded_cusum_15seed/ON_seed5_x560_720_t36.log
2,AT2_GPS_only,0,5,3,YES,YES,17,1,results/attack_type_robustness_AT2_DROP0_guarded_cusum_15seed/ON_seed5_x560_720_t36.log
2,AT2_GPS_only,0,5,4,YES,YES,14,1,results/attack_type_robustness_AT2_DROP0_guarded_cusum_15seed/ON_seed5_x560_720_t36.log
2,AT2_GPS_only,0,5,5,YES,YES,25,1,results/attack_type_robustness_AT2_DROP0_guarded_cusum_15seed/ON_seed5_x560_720_t36.log
2,AT2_GPS_only,0,5,6,NO,NO,23,0,results/attack_type_robustness_AT2_DROP0_guarded_cusum_15seed/ON_seed5_x560_720_t36.log
2,AT2_GPS_only,0,5,7,NO,NO,24,0,results/attack_type_robustness_AT2_DROP0_guarded_cusum_15seed/ON_seed5_x560_720_t36.log
2,AT2_GPS_only,0,5,8,YES,YES,16,1,results/attack_type_robustness_AT2_DROP0_guarded_cusum_15seed/ON_seed5_x560_720_t36.log
2,AT2_GPS_only,0,5,9,NO,NO,23,0,results/attack_type_robustness_AT2_DROP0_guarded_cusum_15seed/ON_seed5_x560_720_t36.log
2,AT2_GPS_only,0,6,0,YES,YES,25,1,results/attack_type_robustness_AT2_DROP0_guarded_cusum_15seed/ON_seed6_x560_720_t36.log
2,AT2_GPS_only,0,6,1,YES,YES,23,1,results/attack_type_robustness_AT2_DROP0_guarded_cusum_15seed/ON_seed6_x560_720_t36.log
2,AT2_GPS_only,0,6,2,YES,YES,20,1,results/attack_type_robustness_AT2_DROP0_guarded_cusum_15seed/ON_seed6_x560_720_t36.log
2,AT2_GPS_only,0,6,3,YES,YES,16,1,results/attack_type_robustness_AT2_DROP0_guarded_cusum_15seed/ON_seed6_x560_720_t36.log
2,AT2_GPS_only,0,6,4,YES,YES,14,1,results/attack_type_robustness_AT2_DROP0_guarded_cusum_15seed/ON_seed6_x560_720_t36.log
2,AT2_GPS_only,0,6,5,NO,NO,24,0,results/attack_type_robustness_AT2_DROP0_guarded_cusum_15seed/ON_seed6_x560_720_t36.log
2,AT2_GPS_only,0,6,6,NO,NO,24,0,results/attack_type_robustness_AT2_DROP0_guarded_cusum_15seed/ON_seed6_x560_720_t36.log
2,AT2_GPS_only,0,6,7,YES,YES,19,1,results/attack_type_robustness_AT2_DROP0_guarded_cusum_15seed/ON_seed6_x560_720_t36.log
2,AT2_GPS_only,0,6,8,NO,NO,24,0,results/attack_type_robustness_AT2_DROP0_guarded_cusum_15seed/ON_seed6_x560_720_t36.log
2,AT2_GPS_only,0,6,9,YES,YES,12,1,results/attack_type_robustness_AT2_DROP0_guarded_cusum_15seed/ON_seed6_x560_720_t36.log
2,AT2_GPS_only,0,7,0,YES,YES,25,1,results/attack_type_robustness_AT2_DROP0_guarded_cusum_15seed/ON_seed7_x560_720_t36.log
2,AT2_GPS_only,0,7,1,YES,YES,23,1,results/attack_type_robustness_AT2_DROP0_guarded_cusum_15seed/ON_seed7_x560_720_t36.log
2,AT2_GPS_only,0,7,2,YES,YES,20,1,results/attack_type_robustness_AT2_DROP0_guarded_cusum_15seed/ON_seed7_x560_720_t36.log
2,AT2_GPS_only,0,7,3,YES,YES,17,1,results/attack_type_robustness_AT2_DROP0_guarded_cusum_15seed/ON_seed7_x560_720_t36.log
2,AT2_GPS_only,0,7,4,NO,NO,24,0,results/attack_type_robustness_AT2_DROP0_guarded_cusum_15seed/ON_seed7_x560_720_t36.log
2,AT2_GPS_only,0,7,5,NO,NO,23,0,results/attack_type_robustness_AT2_DROP0_guarded_cusum_15seed/ON_seed7_x560_720_t36.log
2,AT2_GPS_only,0,7,6,YES,YES,22,1,results/attack_type_robustness_AT2_DROP0_guarded_cusum_15seed/ON_seed7_x560_720_t36.log
2,AT2_GPS_only,0,7,7,YES,YES,19,1,results/attack_type_robustness_AT2_DROP0_guarded_cusum_15seed/ON_seed7_x560_720_t36.log
2,AT2_GPS_only,0,7,8,NO,NO,24,0,results/attack_type_robustness_AT2_DROP0_guarded_cusum_15seed/ON_seed7_x560_720_t36.log
2,AT2_GPS_only,0,7,9,YES,YES,13,1,results/attack_type_robustness_AT2_DROP0_guarded_cusum_15seed/ON_seed7_x560_720_t36.log
2,AT2_GPS_only,0,8,0,YES,YES,25,1,results/attack_type_robustness_AT2_DROP0_guarded_cusum_15seed/ON_seed8_x560_720_t36.log
2,AT2_GPS_only,0,8,1,YES,YES,23,1,results/attack_type_robustness_AT2_DROP0_guarded_cusum_15seed/ON_seed8_x560_720_t36.log
2,AT2_GPS_only,0,8,2,YES,YES,21,1,results/attack_type_robustness_AT2_DROP0_guarded_cusum_15seed/ON_seed8_x560_720_t36.log
2,AT2_GPS_only,0,8,3,YES,YES,16,1,results/attack_type_robustness_AT2_DROP0_guarded_cusum_15seed/ON_seed8_x560_720_t36.log
2,AT2_GPS_only,0,8,4,YES,NO,0,0,results/attack_type_robustness_AT2_DROP0_guarded_cusum_15seed/ON_seed8_x560_720_t36.log
2,AT2_GPS_only,0,8,5,NO,NO,23,0,results/attack_type_robustness_AT2_DROP0_guarded_cusum_15seed/ON_seed8_x560_720_t36.log
2,AT2_GPS_only,0,8,6,YES,YES,22,1,results/attack_type_robustness_AT2_DROP0_guarded_cusum_15seed/ON_seed8_x560_720_t36.log
2,AT2_GPS_only,0,8,7,NO,NO,24,0,results/attack_type_robustness_AT2_DROP0_guarded_cusum_15seed/ON_seed8_x560_720_t36.log
2,AT2_GPS_only,0,8,8,NO,NO,24,0,results/attack_type_robustness_AT2_DROP0_guarded_cusum_15seed/ON_seed8_x560_720_t36.log
2,AT2_GPS_only,0,8,9,YES,YES,12,1,results/attack_type_robustness_AT2_DROP0_guarded_cusum_15seed/ON_seed8_x560_720_t36.log
2,AT2_GPS_only,0,9,0,YES,YES,25,1,results/attack_type_robustness_AT2_DROP0_guarded_cusum_15seed/ON_seed9_x560_720_t36.log
2,AT2_GPS_only,0,9,1,YES,YES,24,1,results/attack_type_robustness_AT2_DROP0_guarded_cusum_15seed/ON_seed9_x560_720_t36.log
2,AT2_GPS_only,0,9,2,YES,YES,20,1,results/attack_type_robustness_AT2_DROP0_guarded_cusum_15seed/ON_seed9_x560_720_t36.log
2,AT2_GPS_only,0,9,3,YES,YES,17,1,results/attack_type_robustness_AT2_DROP0_guarded_cusum_15seed/ON_seed9_x560_720_t36.log
2,AT2_GPS_only,0,9,4,NO,NO,24,0,results/attack_type_robustness_AT2_DROP0_guarded_cusum_15seed/ON_seed9_x560_720_t36.log
2,AT2_GPS_only,0,9,5,NO,NO,23,0,results/attack_type_robustness_AT2_DROP0_guarded_cusum_15seed/ON_seed9_x560_720_t36.log
2,AT2_GPS_only,0,9,6,YES,YES,22,1,results/attack_type_robustness_AT2_DROP0_guarded_cusum_15seed/ON_seed9_x560_720_t36.log
2,AT2_GPS_only,0,9,7,YES,YES,19,1,results/attack_type_robustness_AT2_DROP0_guarded_cusum_15seed/ON_seed9_x560_720_t36.log
2,AT2_GPS_only,0,9,8,NO,NO,24,0,results/attack_type_robustness_AT2_DROP0_guarded_cusum_15seed/ON_seed9_x560_720_t36.log
2,AT2_GPS_only,0,9,9,YES,YES,11,1,results/attack_type_robustness_AT2_DROP0_guarded_cusum_15seed/ON_seed9_x560_720_t36.log
2,AT2_GPS_only,0,10,0,YES,YES,25,1,results/attack_type_robustness_AT2_DROP0_guarded_cusum_15seed/ON_seed10_x560_720_t36.log
2,AT2_GPS_only,0,10,1,YES,YES,24,1,results/attack_type_robustness_AT2_DROP0_guarded_cusum_15seed/ON_seed10_x560_720_t36.log
2,AT2_GPS_only,0,10,2,YES,YES,20,1,results/attack_type_robustness_AT2_DROP0_guarded_cusum_15seed/ON_seed10_x560_720_t36.log
2,AT2_GPS_only,0,10,3,YES,YES,18,1,results/attack_type_robustness_AT2_DROP0_guarded_cusum_15seed/ON_seed10_x560_720_t36.log
2,AT2_GPS_only,0,10,4,YES,YES,14,1,results/attack_type_robustness_AT2_DROP0_guarded_cusum_15seed/ON_seed10_x560_720_t36.log
2,AT2_GPS_only,0,10,5,NO,NO,24,0,results/attack_type_robustness_AT2_DROP0_guarded_cusum_15seed/ON_seed10_x560_720_t36.log
2,AT2_GPS_only,0,10,6,NO,NO,24,0,results/attack_type_robustness_AT2_DROP0_guarded_cusum_15seed/ON_seed10_x560_720_t36.log
2,AT2_GPS_only,0,10,7,YES,YES,17,1,results/attack_type_robustness_AT2_DROP0_guarded_cusum_15seed/ON_seed10_x560_720_t36.log
2,AT2_GPS_only,0,10,8,YES,YES,15,1,results/attack_type_robustness_AT2_DROP0_guarded_cusum_15seed/ON_seed10_x560_720_t36.log
2,AT2_GPS_only,0,10,9,NO,NO,24,0,results/attack_type_robustness_AT2_DROP0_guarded_cusum_15seed/ON_seed10_x560_720_t36.log
2,AT2_GPS_only,0,11,0,YES,NO,0,0,results/attack_type_robustness_AT2_DROP0_guarded_cusum_15seed/ON_seed11_x560_720_t36.log
2,AT2_GPS_only,0,11,1,YES,YES,24,1,results/attack_type_robustness_AT2_DROP0_guarded_cusum_15seed/ON_seed11_x560_720_t36.log
2,AT2_GPS_only,0,11,2,YES,YES,20,1,results/attack_type_robustness_AT2_DROP0_guarded_cusum_15seed/ON_seed11_x560_720_t36.log
2,AT2_GPS_only,0,11,3,NO,NO,24,0,results/attack_type_robustness_AT2_DROP0_guarded_cusum_15seed/ON_seed11_x560_720_t36.log
2,AT2_GPS_only,0,11,4,NO,NO,23,0,results/attack_type_robustness_AT2_DROP0_guarded_cusum_15seed/ON_seed11_x560_720_t36.log
2,AT2_GPS_only,0,11,5,YES,YES,25,1,results/attack_type_robustness_AT2_DROP0_guarded_cusum_15seed/ON_seed11_x560_720_t36.log
2,AT2_GPS_only,0,11,6,YES,YES,22,1,results/attack_type_robustness_AT2_DROP0_guarded_cusum_15seed/ON_seed11_x560_720_t36.log
2,AT2_GPS_only,0,11,7,YES,YES,19,1,results/attack_type_robustness_AT2_DROP0_guarded_cusum_15seed/ON_seed11_x560_720_t36.log
2,AT2_GPS_only,0,11,8,NO,NO,22,0,results/attack_type_robustness_AT2_DROP0_guarded_cusum_15seed/ON_seed11_x560_720_t36.log
2,AT2_GPS_only,0,11,9,YES,YES,13,1,results/attack_type_robustness_AT2_DROP0_guarded_cusum_15seed/ON_seed11_x560_720_t36.log
2,AT2_GPS_only,0,12,0,YES,YES,25,1,results/attack_type_robustness_AT2_DROP0_guarded_cusum_15seed/ON_seed12_x560_720_t36.log
2,AT2_GPS_only,0,12,1,YES,YES,24,1,results/attack_type_robustness_AT2_DROP0_guarded_cusum_15seed/ON_seed12_x560_720_t36.log
2,AT2_GPS_only,0,12,2,YES,YES,20,1,results/attack_type_robustness_AT2_DROP0_guarded_cusum_15seed/ON_seed12_x560_720_t36.log
2,AT2_GPS_only,0,12,3,YES,YES,18,1,results/attack_type_robustness_AT2_DROP0_guarded_cusum_15seed/ON_seed12_x560_720_t36.log
2,AT2_GPS_only,0,12,4,NO,NO,23,0,results/attack_type_robustness_AT2_DROP0_guarded_cusum_15seed/ON_seed12_x560_720_t36.log
2,AT2_GPS_only,0,12,5,YES,YES,24,1,results/attack_type_robustness_AT2_DROP0_guarded_cusum_15seed/ON_seed12_x560_720_t36.log
2,AT2_GPS_only,0,12,6,NO,NO,23,0,results/attack_type_robustness_AT2_DROP0_guarded_cusum_15seed/ON_seed12_x560_720_t36.log
2,AT2_GPS_only,0,12,7,YES,YES,18,1,results/attack_type_robustness_AT2_DROP0_guarded_cusum_15seed/ON_seed12_x560_720_t36.log
2,AT2_GPS_only,0,12,8,NO,NO,23,0,results/attack_type_robustness_AT2_DROP0_guarded_cusum_15seed/ON_seed12_x560_720_t36.log
2,AT2_GPS_only,0,12,9,YES,YES,12,1,results/attack_type_robustness_AT2_DROP0_guarded_cusum_15seed/ON_seed12_x560_720_t36.log
2,AT2_GPS_only,0,13,0,YES,YES,24,1,results/attack_type_robustness_AT2_DROP0_guarded_cusum_15seed/ON_seed13_x560_720_t36.log
2,AT2_GPS_only,0,13,1,YES,YES,24,1,results/attack_type_robustness_AT2_DROP0_guarded_cusum_15seed/ON_seed13_x560_720_t36.log
2,AT2_GPS_only,0,13,2,YES,YES,20,1,results/attack_type_robustness_AT2_DROP0_guarded_cusum_15seed/ON_seed13_x560_720_t36.log
2,AT2_GPS_only,0,13,3,YES,YES,17,1,results/attack_type_robustness_AT2_DROP0_guarded_cusum_15seed/ON_seed13_x560_720_t36.log
2,AT2_GPS_only,0,13,4,YES,YES,14,1,results/attack_type_robustness_AT2_DROP0_guarded_cusum_15seed/ON_seed13_x560_720_t36.log
2,AT2_GPS_only,0,13,5,YES,YES,25,1,results/attack_type_robustness_AT2_DROP0_guarded_cusum_15seed/ON_seed13_x560_720_t36.log
2,AT2_GPS_only,0,13,6,YES,YES,22,1,results/attack_type_robustness_AT2_DROP0_guarded_cusum_15seed/ON_seed13_x560_720_t36.log
2,AT2_GPS_only,0,13,7,NO,NO,24,0,results/attack_type_robustness_AT2_DROP0_guarded_cusum_15seed/ON_seed13_x560_720_t36.log
2,AT2_GPS_only,0,13,8,NO,NO,23,0,results/attack_type_robustness_AT2_DROP0_guarded_cusum_15seed/ON_seed13_x560_720_t36.log
2,AT2_GPS_only,0,13,9,NO,NO,24,0,results/attack_type_robustness_AT2_DROP0_guarded_cusum_15seed/ON_seed13_x560_720_t36.log
2,AT2_GPS_only,0,14,0,YES,YES,25,1,results/attack_type_robustness_AT2_DROP0_guarded_cusum_15seed/ON_seed14_x560_720_t36.log
2,AT2_GPS_only,0,14,1,YES,YES,23,1,results/attack_type_robustness_AT2_DROP0_guarded_cusum_15seed/ON_seed14_x560_720_t36.log
2,AT2_GPS_only,0,14,2,YES,YES,19,1,results/attack_type_robustness_AT2_DROP0_guarded_cusum_15seed/ON_seed14_x560_720_t36.log
2,AT2_GPS_only,0,14,3,YES,YES,16,1,results/attack_type_robustness_AT2_DROP0_guarded_cusum_15seed/ON_seed14_x560_720_t36.log
2,AT2_GPS_only,0,14,4,YES,YES,13,1,results/attack_type_robustness_AT2_DROP0_guarded_cusum_15seed/ON_seed14_x560_720_t36.log
2,AT2_GPS_only,0,14,5,YES,YES,24,1,results/attack_type_robustness_AT2_DROP0_guarded_cusum_15seed/ON_seed14_x560_720_t36.log
2,AT2_GPS_only,0,14,6,NO,NO,22,0,results/attack_type_robustness_AT2_DROP0_guarded_cusum_15seed/ON_seed14_x560_720_t36.log
2,AT2_GPS_only,0,14,7,NO,NO,24,0,results/attack_type_robustness_AT2_DROP0_guarded_cusum_15seed/ON_seed14_x560_720_t36.log
2,AT2_GPS_only,0,14,8,YES,YES,16,1,results/attack_type_robustness_AT2_DROP0_guarded_cusum_15seed/ON_seed14_x560_720_t36.log
2,AT2_GPS_only,0,14,9,NO,NO,23,0,results/attack_type_robustness_AT2_DROP0_guarded_cusum_15seed/ON_seed14_x560_720_t36.log
2,AT2_GPS_only,0,15,0,YES,YES,25,1,results/attack_type_robustness_AT2_DROP0_guarded_cusum_15seed/ON_seed15_x560_720_t36.log
2,AT2_GPS_only,0,15,1,YES,YES,23,1,results/attack_type_robustness_AT2_DROP0_guarded_cusum_15seed/ON_seed15_x560_720_t36.log
2,AT2_GPS_only,0,15,2,YES,YES,20,1,results/attack_type_robustness_AT2_DROP0_guarded_cusum_15seed/ON_seed15_x560_720_t36.log
2,AT2_GPS_only,0,15,3,NO,NO,23,0,results/attack_type_robustness_AT2_DROP0_guarded_cusum_15seed/ON_seed15_x560_720_t36.log
2,AT2_GPS_only,0,15,4,NO,NO,24,0,results/attack_type_robustness_AT2_DROP0_guarded_cusum_15seed/ON_seed15_x560_720_t36.log
2,AT2_GPS_only,0,15,5,YES,NO,0,0,results/attack_type_robustness_AT2_DROP0_guarded_cusum_15seed/ON_seed15_x560_720_t36.log
2,AT2_GPS_only,0,15,6,NO,NO,23,0,results/attack_type_robustness_AT2_DROP0_guarded_cusum_15seed/ON_seed15_x560_720_t36.log
2,AT2_GPS_only,0,15,7,YES,YES,19,1,results/attack_type_robustness_AT2_DROP0_guarded_cusum_15seed/ON_seed15_x560_720_t36.log
2,AT2_GPS_only,0,15,8,YES,YES,16,1,results/attack_type_robustness_AT2_DROP0_guarded_cusum_15seed/ON_seed15_x560_720_t36.log
2,AT2_GPS_only,0,15,9,YES,YES,11,1,results/attack_type_robustness_AT2_DROP0_guarded_cusum_15seed/ON_seed15_x560_720_t36.log
2,AT2_GPS_only,10,1,0,YES,YES,23,1,results/attack_type_robustness_AT2_DROP10_guarded_cusum_15seed/ON_seed1_x560_720_t36.log
2,AT2_GPS_only,10,1,1,YES,YES,19,1,results/attack_type_robustness_AT2_DROP10_guarded_cusum_15seed/ON_seed1_x560_720_t36.log
2,AT2_GPS_only,10,1,2,YES,YES,17,1,results/attack_type_robustness_AT2_DROP10_guarded_cusum_15seed/ON_seed1_x560_720_t36.log
2,AT2_GPS_only,10,1,3,NO,NO,21,0,results/attack_type_robustness_AT2_DROP10_guarded_cusum_15seed/ON_seed1_x560_720_t36.log
2,AT2_GPS_only,10,1,4,YES,YES,13,1,results/attack_type_robustness_AT2_DROP10_guarded_cusum_15seed/ON_seed1_x560_720_t36.log
2,AT2_GPS_only,10,1,5,YES,YES,23,1,results/attack_type_robustness_AT2_DROP10_guarded_cusum_15seed/ON_seed1_x560_720_t36.log
2,AT2_GPS_only,10,1,6,YES,YES,21,1,results/attack_type_robustness_AT2_DROP10_guarded_cusum_15seed/ON_seed1_x560_720_t36.log
2,AT2_GPS_only,10,1,7,YES,YES,16,1,results/attack_type_robustness_AT2_DROP10_guarded_cusum_15seed/ON_seed1_x560_720_t36.log
2,AT2_GPS_only,10,1,8,NO,NO,21,0,results/attack_type_robustness_AT2_DROP10_guarded_cusum_15seed/ON_seed1_x560_720_t36.log
2,AT2_GPS_only,10,1,9,NO,NO,0,0,results/attack_type_robustness_AT2_DROP10_guarded_cusum_15seed/ON_seed1_x560_720_t36.log
2,AT2_GPS_only,10,2,0,YES,YES,25,1,results/attack_type_robustness_AT2_DROP10_guarded_cusum_15seed/ON_seed2_x560_720_t36.log
2,AT2_GPS_only,10,2,1,YES,YES,20,1,results/attack_type_robustness_AT2_DROP10_guarded_cusum_15seed/ON_seed2_x560_720_t36.log
2,AT2_GPS_only,10,2,2,YES,YES,19,1,results/attack_type_robustness_AT2_DROP10_guarded_cusum_15seed/ON_seed2_x560_720_t36.log
2,AT2_GPS_only,10,2,3,YES,YES,16,1,results/attack_type_robustness_AT2_DROP10_guarded_cusum_15seed/ON_seed2_x560_720_t36.log
2,AT2_GPS_only,10,2,4,YES,YES,13,1,results/attack_type_robustness_AT2_DROP10_guarded_cusum_15seed/ON_seed2_x560_720_t36.log
2,AT2_GPS_only,10,2,5,YES,YES,23,1,results/attack_type_robustness_AT2_DROP10_guarded_cusum_15seed/ON_seed2_x560_720_t36.log
2,AT2_GPS_only,10,2,6,NO,NO,22,0,results/attack_type_robustness_AT2_DROP10_guarded_cusum_15seed/ON_seed2_x560_720_t36.log
2,AT2_GPS_only,10,2,7,YES,YES,17,1,results/attack_type_robustness_AT2_DROP10_guarded_cusum_15seed/ON_seed2_x560_720_t36.log
2,AT2_GPS_only,10,2,8,NO,NO,24,0,results/attack_type_robustness_AT2_DROP10_guarded_cusum_15seed/ON_seed2_x560_720_t36.log
2,AT2_GPS_only,10,2,9,NO,NO,24,0,results/attack_type_robustness_AT2_DROP10_guarded_cusum_15seed/ON_seed2_x560_720_t36.log
2,AT2_GPS_only,10,3,0,YES,YES,24,1,results/attack_type_robustness_AT2_DROP10_guarded_cusum_15seed/ON_seed3_x560_720_t36.log
2,AT2_GPS_only,10,3,1,YES,YES,21,1,results/attack_type_robustness_AT2_DROP10_guarded_cusum_15seed/ON_seed3_x560_720_t36.log
2,AT2_GPS_only,10,3,2,YES,YES,18,1,results/attack_type_robustness_AT2_DROP10_guarded_cusum_15seed/ON_seed3_x560_720_t36.log
2,AT2_GPS_only,10,3,3,YES,YES,14,1,results/attack_type_robustness_AT2_DROP10_guarded_cusum_15seed/ON_seed3_x560_720_t36.log
2,AT2_GPS_only,10,3,4,YES,YES,12,1,results/attack_type_robustness_AT2_DROP10_guarded_cusum_15seed/ON_seed3_x560_720_t36.log
2,AT2_GPS_only,10,3,5,NO,NO,23,0,results/attack_type_robustness_AT2_DROP10_guarded_cusum_15seed/ON_seed3_x560_720_t36.log
2,AT2_GPS_only,10,3,6,NO,NO,22,0,results/attack_type_robustness_AT2_DROP10_guarded_cusum_15seed/ON_seed3_x560_720_t36.log
2,AT2_GPS_only,10,3,7,NO,NO,20,0,results/attack_type_robustness_AT2_DROP10_guarded_cusum_15seed/ON_seed3_x560_720_t36.log
2,AT2_GPS_only,10,3,8,YES,YES,15,1,results/attack_type_robustness_AT2_DROP10_guarded_cusum_15seed/ON_seed3_x560_720_t36.log
2,AT2_GPS_only,10,3,9,YES,YES,12,1,results/attack_type_robustness_AT2_DROP10_guarded_cusum_15seed/ON_seed3_x560_720_t36.log
2,AT2_GPS_only,10,4,0,YES,YES,23,1,results/attack_type_robustness_AT2_DROP10_guarded_cusum_15seed/ON_seed4_x560_720_t36.log
2,AT2_GPS_only,10,4,1,YES,YES,22,1,results/attack_type_robustness_AT2_DROP10_guarded_cusum_15seed/ON_seed4_x560_720_t36.log
2,AT2_GPS_only,10,4,2,YES,YES,19,1,results/attack_type_robustness_AT2_DROP10_guarded_cusum_15seed/ON_seed4_x560_720_t36.log
2,AT2_GPS_only,10,4,3,YES,YES,15,1,results/attack_type_robustness_AT2_DROP10_guarded_cusum_15seed/ON_seed4_x560_720_t36.log
2,AT2_GPS_only,10,4,4,NO,NO,22,0,results/attack_type_robustness_AT2_DROP10_guarded_cusum_15seed/ON_seed4_x560_720_t36.log
2,AT2_GPS_only,10,4,5,YES,NO,0,0,results/attack_type_robustness_AT2_DROP10_guarded_cusum_15seed/ON_seed4_x560_720_t36.log
2,AT2_GPS_only,10,4,6,NO,NO,21,0,results/attack_type_robustness_AT2_DROP10_guarded_cusum_15seed/ON_seed4_x560_720_t36.log
2,AT2_GPS_only,10,4,7,NO,NO,22,0,results/attack_type_robustness_AT2_DROP10_guarded_cusum_15seed/ON_seed4_x560_720_t36.log
2,AT2_GPS_only,10,4,8,YES,YES,14,1,results/attack_type_robustness_AT2_DROP10_guarded_cusum_15seed/ON_seed4_x560_720_t36.log
2,AT2_GPS_only,10,4,9,YES,YES,10,1,results/attack_type_robustness_AT2_DROP10_guarded_cusum_15seed/ON_seed4_x560_720_t36.log
2,AT2_GPS_only,10,5,0,YES,YES,23,1,results/attack_type_robustness_AT2_DROP10_guarded_cusum_15seed/ON_seed5_x560_720_t36.log
2,AT2_GPS_only,10,5,1,YES,YES,22,1,results/attack_type_robustness_AT2_DROP10_guarded_cusum_15seed/ON_seed5_x560_720_t36.log
2,AT2_GPS_only,10,5,2,YES,YES,15,1,results/attack_type_robustness_AT2_DROP10_guarded_cusum_15seed/ON_seed5_x560_720_t36.log
2,AT2_GPS_only,10,5,3,YES,YES,13,1,results/attack_type_robustness_AT2_DROP10_guarded_cusum_15seed/ON_seed5_x560_720_t36.log
2,AT2_GPS_only,10,5,4,YES,YES,13,1,results/attack_type_robustness_AT2_DROP10_guarded_cusum_15seed/ON_seed5_x560_720_t36.log
2,AT2_GPS_only,10,5,5,YES,YES,24,1,results/attack_type_robustness_AT2_DROP10_guarded_cusum_15seed/ON_seed5_x560_720_t36.log
2,AT2_GPS_only,10,5,6,NO,NO,22,0,results/attack_type_robustness_AT2_DROP10_guarded_cusum_15seed/ON_seed5_x560_720_t36.log
2,AT2_GPS_only,10,5,7,NO,NO,18,0,results/attack_type_robustness_AT2_DROP10_guarded_cusum_15seed/ON_seed5_x560_720_t36.log
2,AT2_GPS_only,10,5,8,YES,YES,14,1,results/attack_type_robustness_AT2_DROP10_guarded_cusum_15seed/ON_seed5_x560_720_t36.log
2,AT2_GPS_only,10,5,9,NO,NO,19,0,results/attack_type_robustness_AT2_DROP10_guarded_cusum_15seed/ON_seed5_x560_720_t36.log
2,AT2_GPS_only,10,6,0,YES,YES,24,1,results/attack_type_robustness_AT2_DROP10_guarded_cusum_15seed/ON_seed6_x560_720_t36.log
2,AT2_GPS_only,10,6,1,YES,YES,21,1,results/attack_type_robustness_AT2_DROP10_guarded_cusum_15seed/ON_seed6_x560_720_t36.log
2,AT2_GPS_only,10,6,2,YES,YES,17,1,results/attack_type_robustness_AT2_DROP10_guarded_cusum_15seed/ON_seed6_x560_720_t36.log
2,AT2_GPS_only,10,6,3,YES,YES,15,1,results/attack_type_robustness_AT2_DROP10_guarded_cusum_15seed/ON_seed6_x560_720_t36.log
2,AT2_GPS_only,10,6,4,YES,YES,13,1,results/attack_type_robustness_AT2_DROP10_guarded_cusum_15seed/ON_seed6_x560_720_t36.log
2,AT2_GPS_only,10,6,5,NO,NO,20,0,results/attack_type_robustness_AT2_DROP10_guarded_cusum_15seed/ON_seed6_x560_720_t36.log
2,AT2_GPS_only,10,6,6,NO,NO,21,0,results/attack_type_robustness_AT2_DROP10_guarded_cusum_15seed/ON_seed6_x560_720_t36.log
2,AT2_GPS_only,10,6,7,YES,YES,16,1,results/attack_type_robustness_AT2_DROP10_guarded_cusum_15seed/ON_seed6_x560_720_t36.log
2,AT2_GPS_only,10,6,8,NO,NO,22,0,results/attack_type_robustness_AT2_DROP10_guarded_cusum_15seed/ON_seed6_x560_720_t36.log
2,AT2_GPS_only,10,6,9,YES,YES,11,1,results/attack_type_robustness_AT2_DROP10_guarded_cusum_15seed/ON_seed6_x560_720_t36.log
2,AT2_GPS_only,10,7,0,YES,YES,24,1,results/attack_type_robustness_AT2_DROP10_guarded_cusum_15seed/ON_seed7_x560_720_t36.log
2,AT2_GPS_only,10,7,1,YES,YES,21,1,results/attack_type_robustness_AT2_DROP10_guarded_cusum_15seed/ON_seed7_x560_720_t36.log
2,AT2_GPS_only,10,7,2,YES,YES,17,1,results/attack_type_robustness_AT2_DROP10_guarded_cusum_15seed/ON_seed7_x560_720_t36.log
2,AT2_GPS_only,10,7,3,YES,YES,16,1,results/attack_type_robustness_AT2_DROP10_guarded_cusum_15seed/ON_seed7_x560_720_t36.log
2,AT2_GPS_only,10,7,4,NO,NO,22,0,results/attack_type_robustness_AT2_DROP10_guarded_cusum_15seed/ON_seed7_x560_720_t36.log
2,AT2_GPS_only,10,7,5,NO,NO,24,0,results/attack_type_robustness_AT2_DROP10_guarded_cusum_15seed/ON_seed7_x560_720_t36.log
2,AT2_GPS_only,10,7,6,YES,YES,20,1,results/attack_type_robustness_AT2_DROP10_guarded_cusum_15seed/ON_seed7_x560_720_t36.log
2,AT2_GPS_only,10,7,7,YES,YES,17,1,results/attack_type_robustness_AT2_DROP10_guarded_cusum_15seed/ON_seed7_x560_720_t36.log
2,AT2_GPS_only,10,7,8,NO,NO,22,0,results/attack_type_robustness_AT2_DROP10_guarded_cusum_15seed/ON_seed7_x560_720_t36.log
2,AT2_GPS_only,10,7,9,YES,YES,9,1,results/attack_type_robustness_AT2_DROP10_guarded_cusum_15seed/ON_seed7_x560_720_t36.log
2,AT2_GPS_only,10,8,0,YES,YES,23,1,results/attack_type_robustness_AT2_DROP10_guarded_cusum_15seed/ON_seed8_x560_720_t36.log
2,AT2_GPS_only,10,8,1,YES,YES,23,1,results/attack_type_robustness_AT2_DROP10_guarded_cusum_15seed/ON_seed8_x560_720_t36.log
2,AT2_GPS_only,10,8,2,YES,YES,18,1,results/attack_type_robustness_AT2_DROP10_guarded_cusum_15seed/ON_seed8_x560_720_t36.log
2,AT2_GPS_only,10,8,3,YES,YES,13,1,results/attack_type_robustness_AT2_DROP10_guarded_cusum_15seed/ON_seed8_x560_720_t36.log
2,AT2_GPS_only,10,8,4,YES,NO,0,0,results/attack_type_robustness_AT2_DROP10_guarded_cusum_15seed/ON_seed8_x560_720_t36.log
2,AT2_GPS_only,10,8,5,NO,NO,21,0,results/attack_type_robustness_AT2_DROP10_guarded_cusum_15seed/ON_seed8_x560_720_t36.log
2,AT2_GPS_only,10,8,6,YES,YES,20,1,results/attack_type_robustness_AT2_DROP10_guarded_cusum_15seed/ON_seed8_x560_720_t36.log
2,AT2_GPS_only,10,8,7,NO,NO,22,0,results/attack_type_robustness_AT2_DROP10_guarded_cusum_15seed/ON_seed8_x560_720_t36.log
2,AT2_GPS_only,10,8,8,NO,NO,19,0,results/attack_type_robustness_AT2_DROP10_guarded_cusum_15seed/ON_seed8_x560_720_t36.log
2,AT2_GPS_only,10,8,9,YES,YES,10,1,results/attack_type_robustness_AT2_DROP10_guarded_cusum_15seed/ON_seed8_x560_720_t36.log
2,AT2_GPS_only,10,9,0,YES,YES,23,1,results/attack_type_robustness_AT2_DROP10_guarded_cusum_15seed/ON_seed9_x560_720_t36.log
2,AT2_GPS_only,10,9,1,YES,YES,21,1,results/attack_type_robustness_AT2_DROP10_guarded_cusum_15seed/ON_seed9_x560_720_t36.log
2,AT2_GPS_only,10,9,2,YES,YES,17,1,results/attack_type_robustness_AT2_DROP10_guarded_cusum_15seed/ON_seed9_x560_720_t36.log
2,AT2_GPS_only,10,9,3,YES,YES,12,1,results/attack_type_robustness_AT2_DROP10_guarded_cusum_15seed/ON_seed9_x560_720_t36.log
2,AT2_GPS_only,10,9,4,NO,NO,19,0,results/attack_type_robustness_AT2_DROP10_guarded_cusum_15seed/ON_seed9_x560_720_t36.log
2,AT2_GPS_only,10,9,5,NO,NO,21,0,results/attack_type_robustness_AT2_DROP10_guarded_cusum_15seed/ON_seed9_x560_720_t36.log
2,AT2_GPS_only,10,9,6,YES,YES,19,1,results/attack_type_robustness_AT2_DROP10_guarded_cusum_15seed/ON_seed9_x560_720_t36.log
2,AT2_GPS_only,10,9,7,YES,YES,16,1,results/attack_type_robustness_AT2_DROP10_guarded_cusum_15seed/ON_seed9_x560_720_t36.log
2,AT2_GPS_only,10,9,8,NO,NO,17,0,results/attack_type_robustness_AT2_DROP10_guarded_cusum_15seed/ON_seed9_x560_720_t36.log
2,AT2_GPS_only,10,9,9,YES,YES,11,1,results/attack_type_robustness_AT2_DROP10_guarded_cusum_15seed/ON_seed9_x560_720_t36.log
2,AT2_GPS_only,10,10,0,YES,YES,22,1,results/attack_type_robustness_AT2_DROP10_guarded_cusum_15seed/ON_seed10_x560_720_t36.log
2,AT2_GPS_only,10,10,1,YES,YES,23,1,results/attack_type_robustness_AT2_DROP10_guarded_cusum_15seed/ON_seed10_x560_720_t36.log
2,AT2_GPS_only,10,10,2,YES,YES,20,1,results/attack_type_robustness_AT2_DROP10_guarded_cusum_15seed/ON_seed10_x560_720_t36.log
2,AT2_GPS_only,10,10,3,YES,YES,15,1,results/attack_type_robustness_AT2_DROP10_guarded_cusum_15seed/ON_seed10_x560_720_t36.log
2,AT2_GPS_only,10,10,4,YES,YES,10,1,results/attack_type_robustness_AT2_DROP10_guarded_cusum_15seed/ON_seed10_x560_720_t36.log
2,AT2_GPS_only,10,10,5,NO,NO,20,0,results/attack_type_robustness_AT2_DROP10_guarded_cusum_15seed/ON_seed10_x560_720_t36.log
2,AT2_GPS_only,10,10,6,NO,NO,22,0,results/attack_type_robustness_AT2_DROP10_guarded_cusum_15seed/ON_seed10_x560_720_t36.log
2,AT2_GPS_only,10,10,7,YES,YES,14,1,results/attack_type_robustness_AT2_DROP10_guarded_cusum_15seed/ON_seed10_x560_720_t36.log
2,AT2_GPS_only,10,10,8,YES,YES,13,1,results/attack_type_robustness_AT2_DROP10_guarded_cusum_15seed/ON_seed10_x560_720_t36.log
2,AT2_GPS_only,10,10,9,NO,NO,21,0,results/attack_type_robustness_AT2_DROP10_guarded_cusum_15seed/ON_seed10_x560_720_t36.log
2,AT2_GPS_only,10,11,0,YES,NO,0,0,results/attack_type_robustness_AT2_DROP10_guarded_cusum_15seed/ON_seed11_x560_720_t36.log
2,AT2_GPS_only,10,11,1,YES,YES,21,1,results/attack_type_robustness_AT2_DROP10_guarded_cusum_15seed/ON_seed11_x560_720_t36.log
2,AT2_GPS_only,10,11,2,YES,YES,19,1,results/attack_type_robustness_AT2_DROP10_guarded_cusum_15seed/ON_seed11_x560_720_t36.log
2,AT2_GPS_only,10,11,3,NO,NO,23,0,results/attack_type_robustness_AT2_DROP10_guarded_cusum_15seed/ON_seed11_x560_720_t36.log
2,AT2_GPS_only,10,11,4,NO,NO,21,0,results/attack_type_robustness_AT2_DROP10_guarded_cusum_15seed/ON_seed11_x560_720_t36.log
2,AT2_GPS_only,10,11,5,YES,YES,22,1,results/attack_type_robustness_AT2_DROP10_guarded_cusum_15seed/ON_seed11_x560_720_t36.log
2,AT2_GPS_only,10,11,6,YES,YES,20,1,results/attack_type_robustness_AT2_DROP10_guarded_cusum_15seed/ON_seed11_x560_720_t36.log
2,AT2_GPS_only,10,11,7,YES,YES,19,1,results/attack_type_robustness_AT2_DROP10_guarded_cusum_15seed/ON_seed11_x560_720_t36.log
2,AT2_GPS_only,10,11,8,NO,NO,21,0,results/attack_type_robustness_AT2_DROP10_guarded_cusum_15seed/ON_seed11_x560_720_t36.log
2,AT2_GPS_only,10,11,9,YES,YES,13,1,results/attack_type_robustness_AT2_DROP10_guarded_cusum_15seed/ON_seed11_x560_720_t36.log
2,AT2_GPS_only,10,12,0,YES,YES,21,1,results/attack_type_robustness_AT2_DROP10_guarded_cusum_15seed/ON_seed12_x560_720_t36.log
2,AT2_GPS_only,10,12,1,YES,YES,24,1,results/attack_type_robustness_AT2_DROP10_guarded_cusum_15seed/ON_seed12_x560_720_t36.log
2,AT2_GPS_only,10,12,2,YES,YES,17,1,results/attack_type_robustness_AT2_DROP10_guarded_cusum_15seed/ON_seed12_x560_720_t36.log
2,AT2_GPS_only,10,12,3,YES,YES,16,1,results/attack_type_robustness_AT2_DROP10_guarded_cusum_15seed/ON_seed12_x560_720_t36.log
2,AT2_GPS_only,10,12,4,NO,NO,22,0,results/attack_type_robustness_AT2_DROP10_guarded_cusum_15seed/ON_seed12_x560_720_t36.log
2,AT2_GPS_only,10,12,5,YES,YES,24,1,results/attack_type_robustness_AT2_DROP10_guarded_cusum_15seed/ON_seed12_x560_720_t36.log
2,AT2_GPS_only,10,12,6,NO,NO,22,0,results/attack_type_robustness_AT2_DROP10_guarded_cusum_15seed/ON_seed12_x560_720_t36.log
2,AT2_GPS_only,10,12,7,YES,YES,16,1,results/attack_type_robustness_AT2_DROP10_guarded_cusum_15seed/ON_seed12_x560_720_t36.log
2,AT2_GPS_only,10,12,8,NO,NO,23,0,results/attack_type_robustness_AT2_DROP10_guarded_cusum_15seed/ON_seed12_x560_720_t36.log
2,AT2_GPS_only,10,12,9,YES,YES,11,1,results/attack_type_robustness_AT2_DROP10_guarded_cusum_15seed/ON_seed12_x560_720_t36.log
2,AT2_GPS_only,10,13,0,YES,YES,22,1,results/attack_type_robustness_AT2_DROP10_guarded_cusum_15seed/ON_seed13_x560_720_t36.log
2,AT2_GPS_only,10,13,1,YES,YES,23,1,results/attack_type_robustness_AT2_DROP10_guarded_cusum_15seed/ON_seed13_x560_720_t36.log
2,AT2_GPS_only,10,13,2,YES,YES,18,1,results/attack_type_robustness_AT2_DROP10_guarded_cusum_15seed/ON_seed13_x560_720_t36.log
2,AT2_GPS_only,10,13,3,YES,YES,13,1,results/attack_type_robustness_AT2_DROP10_guarded_cusum_15seed/ON_seed13_x560_720_t36.log
2,AT2_GPS_only,10,13,4,YES,YES,14,1,results/attack_type_robustness_AT2_DROP10_guarded_cusum_15seed/ON_seed13_x560_720_t36.log
2,AT2_GPS_only,10,13,5,YES,YES,24,1,results/attack_type_robustness_AT2_DROP10_guarded_cusum_15seed/ON_seed13_x560_720_t36.log
2,AT2_GPS_only,10,13,6,YES,YES,20,1,results/attack_type_robustness_AT2_DROP10_guarded_cusum_15seed/ON_seed13_x560_720_t36.log
2,AT2_GPS_only,10,13,7,NO,NO,22,0,results/attack_type_robustness_AT2_DROP10_guarded_cusum_15seed/ON_seed13_x560_720_t36.log
2,AT2_GPS_only,10,13,8,NO,NO,19,0,results/attack_type_robustness_AT2_DROP10_guarded_cusum_15seed/ON_seed13_x560_720_t36.log
2,AT2_GPS_only,10,13,9,NO,NO,23,0,results/attack_type_robustness_AT2_DROP10_guarded_cusum_15seed/ON_seed13_x560_720_t36.log
2,AT2_GPS_only,10,14,0,YES,YES,22,1,results/attack_type_robustness_AT2_DROP10_guarded_cusum_15seed/ON_seed14_x560_720_t36.log
2,AT2_GPS_only,10,14,1,YES,YES,17,1,results/attack_type_robustness_AT2_DROP10_guarded_cusum_15seed/ON_seed14_x560_720_t36.log
2,AT2_GPS_only,10,14,2,YES,YES,19,1,results/attack_type_robustness_AT2_DROP10_guarded_cusum_15seed/ON_seed14_x560_720_t36.log
2,AT2_GPS_only,10,14,3,YES,YES,14,1,results/attack_type_robustness_AT2_DROP10_guarded_cusum_15seed/ON_seed14_x560_720_t36.log
2,AT2_GPS_only,10,14,4,YES,YES,11,1,results/attack_type_robustness_AT2_DROP10_guarded_cusum_15seed/ON_seed14_x560_720_t36.log
2,AT2_GPS_only,10,14,5,YES,YES,21,1,results/attack_type_robustness_AT2_DROP10_guarded_cusum_15seed/ON_seed14_x560_720_t36.log
2,AT2_GPS_only,10,14,6,NO,NO,22,0,results/attack_type_robustness_AT2_DROP10_guarded_cusum_15seed/ON_seed14_x560_720_t36.log
2,AT2_GPS_only,10,14,7,NO,NO,23,0,results/attack_type_robustness_AT2_DROP10_guarded_cusum_15seed/ON_seed14_x560_720_t36.log
2,AT2_GPS_only,10,14,8,YES,YES,12,1,results/attack_type_robustness_AT2_DROP10_guarded_cusum_15seed/ON_seed14_x560_720_t36.log
2,AT2_GPS_only,10,14,9,NO,NO,19,0,results/attack_type_robustness_AT2_DROP10_guarded_cusum_15seed/ON_seed14_x560_720_t36.log
2,AT2_GPS_only,10,15,0,YES,YES,22,1,results/attack_type_robustness_AT2_DROP10_guarded_cusum_15seed/ON_seed15_x560_720_t36.log
2,AT2_GPS_only,10,15,1,YES,YES,21,1,results/attack_type_robustness_AT2_DROP10_guarded_cusum_15seed/ON_seed15_x560_720_t36.log
2,AT2_GPS_only,10,15,2,YES,YES,18,1,results/attack_type_robustness_AT2_DROP10_guarded_cusum_15seed/ON_seed15_x560_720_t36.log
2,AT2_GPS_only,10,15,3,NO,NO,21,0,results/attack_type_robustness_AT2_DROP10_guarded_cusum_15seed/ON_seed15_x560_720_t36.log
2,AT2_GPS_only,10,15,4,NO,NO,23,0,results/attack_type_robustness_AT2_DROP10_guarded_cusum_15seed/ON_seed15_x560_720_t36.log
2,AT2_GPS_only,10,15,5,YES,NO,0,0,results/attack_type_robustness_AT2_DROP10_guarded_cusum_15seed/ON_seed15_x560_720_t36.log
2,AT2_GPS_only,10,15,6,NO,NO,20,0,results/attack_type_robustness_AT2_DROP10_guarded_cusum_15seed/ON_seed15_x560_720_t36.log
2,AT2_GPS_only,10,15,7,YES,YES,16,1,results/attack_type_robustness_AT2_DROP10_guarded_cusum_15seed/ON_seed15_x560_720_t36.log
2,AT2_GPS_only,10,15,8,YES,YES,15,1,results/attack_type_robustness_AT2_DROP10_guarded_cusum_15seed/ON_seed15_x560_720_t36.log
2,AT2_GPS_only,10,15,9,YES,YES,11,1,results/attack_type_robustness_AT2_DROP10_guarded_cusum_15seed/ON_seed15_x560_720_t36.log
2,AT2_GPS_only,20,1,0,YES,YES,22,1,results/attack_type_robustness_AT2_DROP20_guarded_cusum_15seed/ON_seed1_x560_720_t36.log
2,AT2_GPS_only,20,1,1,YES,YES,20,1,results/attack_type_robustness_AT2_DROP20_guarded_cusum_15seed/ON_seed1_x560_720_t36.log
2,AT2_GPS_only,20,1,2,YES,YES,19,1,results/attack_type_robustness_AT2_DROP20_guarded_cusum_15seed/ON_seed1_x560_720_t36.log
2,AT2_GPS_only,20,1,3,NO,NO,19,0,results/attack_type_robustness_AT2_DROP20_guarded_cusum_15seed/ON_seed1_x560_720_t36.log
2,AT2_GPS_only,20,1,4,YES,YES,11,1,results/attack_type_robustness_AT2_DROP20_guarded_cusum_15seed/ON_seed1_x560_720_t36.log
2,AT2_GPS_only,20,1,5,YES,YES,20,1,results/attack_type_robustness_AT2_DROP20_guarded_cusum_15seed/ON_seed1_x560_720_t36.log
2,AT2_GPS_only,20,1,6,YES,YES,17,1,results/attack_type_robustness_AT2_DROP20_guarded_cusum_15seed/ON_seed1_x560_720_t36.log
2,AT2_GPS_only,20,1,7,YES,YES,13,1,results/attack_type_robustness_AT2_DROP20_guarded_cusum_15seed/ON_seed1_x560_720_t36.log
2,AT2_GPS_only,20,1,8,NO,NO,19,0,results/attack_type_robustness_AT2_DROP20_guarded_cusum_15seed/ON_seed1_x560_720_t36.log
2,AT2_GPS_only,20,1,9,NO,NO,0,0,results/attack_type_robustness_AT2_DROP20_guarded_cusum_15seed/ON_seed1_x560_720_t36.log
2,AT2_GPS_only,20,2,0,YES,YES,19,1,results/attack_type_robustness_AT2_DROP20_guarded_cusum_15seed/ON_seed2_x560_720_t36.log
2,AT2_GPS_only,20,2,1,YES,YES,21,1,results/attack_type_robustness_AT2_DROP20_guarded_cusum_15seed/ON_seed2_x560_720_t36.log
2,AT2_GPS_only,20,2,2,YES,YES,15,1,results/attack_type_robustness_AT2_DROP20_guarded_cusum_15seed/ON_seed2_x560_720_t36.log
2,AT2_GPS_only,20,2,3,YES,YES,14,1,results/attack_type_robustness_AT2_DROP20_guarded_cusum_15seed/ON_seed2_x560_720_t36.log
2,AT2_GPS_only,20,2,4,YES,YES,10,1,results/attack_type_robustness_AT2_DROP20_guarded_cusum_15seed/ON_seed2_x560_720_t36.log
2,AT2_GPS_only,20,2,5,YES,YES,22,1,results/attack_type_robustness_AT2_DROP20_guarded_cusum_15seed/ON_seed2_x560_720_t36.log
2,AT2_GPS_only,20,2,6,NO,NO,21,0,results/attack_type_robustness_AT2_DROP20_guarded_cusum_15seed/ON_seed2_x560_720_t36.log
2,AT2_GPS_only,20,2,7,YES,YES,17,1,results/attack_type_robustness_AT2_DROP20_guarded_cusum_15seed/ON_seed2_x560_720_t36.log
2,AT2_GPS_only,20,2,8,NO,NO,23,0,results/attack_type_robustness_AT2_DROP20_guarded_cusum_15seed/ON_seed2_x560_720_t36.log
2,AT2_GPS_only,20,2,9,NO,NO,19,0,results/attack_type_robustness_AT2_DROP20_guarded_cusum_15seed/ON_seed2_x560_720_t36.log
2,AT2_GPS_only,20,3,0,YES,YES,21,1,results/attack_type_robustness_AT2_DROP20_guarded_cusum_15seed/ON_seed3_x560_720_t36.log
2,AT2_GPS_only,20,3,1,YES,YES,18,1,results/attack_type_robustness_AT2_DROP20_guarded_cusum_15seed/ON_seed3_x560_720_t36.log
2,AT2_GPS_only,20,3,2,YES,YES,19,1,results/attack_type_robustness_AT2_DROP20_guarded_cusum_15seed/ON_seed3_x560_720_t36.log
2,AT2_GPS_only,20,3,3,YES,YES,12,1,results/attack_type_robustness_AT2_DROP20_guarded_cusum_15seed/ON_seed3_x560_720_t36.log
2,AT2_GPS_only,20,3,4,YES,YES,10,1,results/attack_type_robustness_AT2_DROP20_guarded_cusum_15seed/ON_seed3_x560_720_t36.log
2,AT2_GPS_only,20,3,5,NO,NO,18,0,results/attack_type_robustness_AT2_DROP20_guarded_cusum_15seed/ON_seed3_x560_720_t36.log
2,AT2_GPS_only,20,3,6,NO,NO,20,0,results/attack_type_robustness_AT2_DROP20_guarded_cusum_15seed/ON_seed3_x560_720_t36.log
2,AT2_GPS_only,20,3,7,NO,NO,16,0,results/attack_type_robustness_AT2_DROP20_guarded_cusum_15seed/ON_seed3_x560_720_t36.log
2,AT2_GPS_only,20,3,8,YES,YES,16,1,results/attack_type_robustness_AT2_DROP20_guarded_cusum_15seed/ON_seed3_x560_720_t36.log
2,AT2_GPS_only,20,3,9,YES,YES,11,1,results/attack_type_robustness_AT2_DROP20_guarded_cusum_15seed/ON_seed3_x560_720_t36.log
2,AT2_GPS_only,20,4,0,YES,YES,21,1,results/attack_type_robustness_AT2_DROP20_guarded_cusum_15seed/ON_seed4_x560_720_t36.log
2,AT2_GPS_only,20,4,1,YES,YES,18,1,results/attack_type_robustness_AT2_DROP20_guarded_cusum_15seed/ON_seed4_x560_720_t36.log
2,AT2_GPS_only,20,4,2,YES,YES,18,1,results/attack_type_robustness_AT2_DROP20_guarded_cusum_15seed/ON_seed4_x560_720_t36.log
2,AT2_GPS_only,20,4,3,YES,YES,14,1,results/attack_type_robustness_AT2_DROP20_guarded_cusum_15seed/ON_seed4_x560_720_t36.log
2,AT2_GPS_only,20,4,4,NO,NO,23,0,results/attack_type_robustness_AT2_DROP20_guarded_cusum_15seed/ON_seed4_x560_720_t36.log
2,AT2_GPS_only,20,4,5,YES,NO,0,0,results/attack_type_robustness_AT2_DROP20_guarded_cusum_15seed/ON_seed4_x560_720_t36.log
2,AT2_GPS_only,20,4,6,NO,NO,21,0,results/attack_type_robustness_AT2_DROP20_guarded_cusum_15seed/ON_seed4_x560_720_t36.log
2,AT2_GPS_only,20,4,7,NO,NO,20,0,results/attack_type_robustness_AT2_DROP20_guarded_cusum_15seed/ON_seed4_x560_720_t36.log
2,AT2_GPS_only,20,4,8,YES,YES,14,1,results/attack_type_robustness_AT2_DROP20_guarded_cusum_15seed/ON_seed4_x560_720_t36.log
2,AT2_GPS_only,20,4,9,YES,YES,8,1,results/attack_type_robustness_AT2_DROP20_guarded_cusum_15seed/ON_seed4_x560_720_t36.log
2,AT2_GPS_only,20,5,0,YES,YES,15,1,results/attack_type_robustness_AT2_DROP20_guarded_cusum_15seed/ON_seed5_x560_720_t36.log
2,AT2_GPS_only,20,5,1,YES,YES,18,1,results/attack_type_robustness_AT2_DROP20_guarded_cusum_15seed/ON_seed5_x560_720_t36.log
2,AT2_GPS_only,20,5,2,YES,YES,16,1,results/attack_type_robustness_AT2_DROP20_guarded_cusum_15seed/ON_seed5_x560_720_t36.log
2,AT2_GPS_only,20,5,3,YES,YES,14,1,results/attack_type_robustness_AT2_DROP20_guarded_cusum_15seed/ON_seed5_x560_720_t36.log
2,AT2_GPS_only,20,5,4,YES,YES,10,1,results/attack_type_robustness_AT2_DROP20_guarded_cusum_15seed/ON_seed5_x560_720_t36.log
2,AT2_GPS_only,20,5,5,YES,YES,20,1,results/attack_type_robustness_AT2_DROP20_guarded_cusum_15seed/ON_seed5_x560_720_t36.log
2,AT2_GPS_only,20,5,6,NO,NO,19,0,results/attack_type_robustness_AT2_DROP20_guarded_cusum_15seed/ON_seed5_x560_720_t36.log
2,AT2_GPS_only,20,5,7,NO,NO,18,0,results/attack_type_robustness_AT2_DROP20_guarded_cusum_15seed/ON_seed5_x560_720_t36.log
2,AT2_GPS_only,20,5,8,YES,YES,15,1,results/attack_type_robustness_AT2_DROP20_guarded_cusum_15seed/ON_seed5_x560_720_t36.log
2,AT2_GPS_only,20,5,9,NO,NO,20,0,results/attack_type_robustness_AT2_DROP20_guarded_cusum_15seed/ON_seed5_x560_720_t36.log
2,AT2_GPS_only,20,6,0,YES,YES,16,1,results/attack_type_robustness_AT2_DROP20_guarded_cusum_15seed/ON_seed6_x560_720_t36.log
2,AT2_GPS_only,20,6,1,YES,YES,19,1,results/attack_type_robustness_AT2_DROP20_guarded_cusum_15seed/ON_seed6_x560_720_t36.log
2,AT2_GPS_only,20,6,2,YES,YES,16,1,results/attack_type_robustness_AT2_DROP20_guarded_cusum_15seed/ON_seed6_x560_720_t36.log
2,AT2_GPS_only,20,6,3,YES,YES,15,1,results/attack_type_robustness_AT2_DROP20_guarded_cusum_15seed/ON_seed6_x560_720_t36.log
2,AT2_GPS_only,20,6,4,YES,YES,12,1,results/attack_type_robustness_AT2_DROP20_guarded_cusum_15seed/ON_seed6_x560_720_t36.log
2,AT2_GPS_only,20,6,5,NO,NO,18,0,results/attack_type_robustness_AT2_DROP20_guarded_cusum_15seed/ON_seed6_x560_720_t36.log
2,AT2_GPS_only,20,6,6,NO,NO,22,0,results/attack_type_robustness_AT2_DROP20_guarded_cusum_15seed/ON_seed6_x560_720_t36.log
2,AT2_GPS_only,20,6,7,YES,YES,12,1,results/attack_type_robustness_AT2_DROP20_guarded_cusum_15seed/ON_seed6_x560_720_t36.log
2,AT2_GPS_only,20,6,8,NO,NO,19,0,results/attack_type_robustness_AT2_DROP20_guarded_cusum_15seed/ON_seed6_x560_720_t36.log
2,AT2_GPS_only,20,6,9,YES,YES,9,1,results/attack_type_robustness_AT2_DROP20_guarded_cusum_15seed/ON_seed6_x560_720_t36.log
2,AT2_GPS_only,20,7,0,YES,YES,20,1,results/attack_type_robustness_AT2_DROP20_guarded_cusum_15seed/ON_seed7_x560_720_t36.log
2,AT2_GPS_only,20,7,1,YES,YES,13,1,results/attack_type_robustness_AT2_DROP20_guarded_cusum_15seed/ON_seed7_x560_720_t36.log
2,AT2_GPS_only,20,7,2,YES,YES,19,1,results/attack_type_robustness_AT2_DROP20_guarded_cusum_15seed/ON_seed7_x560_720_t36.log
2,AT2_GPS_only,20,7,3,YES,YES,11,1,results/attack_type_robustness_AT2_DROP20_guarded_cusum_15seed/ON_seed7_x560_720_t36.log
2,AT2_GPS_only,20,7,4,NO,NO,21,0,results/attack_type_robustness_AT2_DROP20_guarded_cusum_15seed/ON_seed7_x560_720_t36.log
2,AT2_GPS_only,20,7,5,NO,NO,21,0,results/attack_type_robustness_AT2_DROP20_guarded_cusum_15seed/ON_seed7_x560_720_t36.log
2,AT2_GPS_only,20,7,6,YES,YES,17,1,results/attack_type_robustness_AT2_DROP20_guarded_cusum_15seed/ON_seed7_x560_720_t36.log
2,AT2_GPS_only,20,7,7,YES,YES,17,1,results/attack_type_robustness_AT2_DROP20_guarded_cusum_15seed/ON_seed7_x560_720_t36.log
2,AT2_GPS_only,20,7,8,NO,NO,15,0,results/attack_type_robustness_AT2_DROP20_guarded_cusum_15seed/ON_seed7_x560_720_t36.log
2,AT2_GPS_only,20,7,9,YES,YES,10,1,results/attack_type_robustness_AT2_DROP20_guarded_cusum_15seed/ON_seed7_x560_720_t36.log
2,AT2_GPS_only,20,8,0,YES,YES,24,1,results/attack_type_robustness_AT2_DROP20_guarded_cusum_15seed/ON_seed8_x560_720_t36.log
2,AT2_GPS_only,20,8,1,YES,YES,21,1,results/attack_type_robustness_AT2_DROP20_guarded_cusum_15seed/ON_seed8_x560_720_t36.log
2,AT2_GPS_only,20,8,2,YES,YES,15,1,results/attack_type_robustness_AT2_DROP20_guarded_cusum_15seed/ON_seed8_x560_720_t36.log
2,AT2_GPS_only,20,8,3,YES,YES,11,1,results/attack_type_robustness_AT2_DROP20_guarded_cusum_15seed/ON_seed8_x560_720_t36.log
2,AT2_GPS_only,20,8,4,YES,NO,0,0,results/attack_type_robustness_AT2_DROP20_guarded_cusum_15seed/ON_seed8_x560_720_t36.log
2,AT2_GPS_only,20,8,5,NO,NO,19,0,results/attack_type_robustness_AT2_DROP20_guarded_cusum_15seed/ON_seed8_x560_720_t36.log
2,AT2_GPS_only,20,8,6,YES,YES,19,1,results/attack_type_robustness_AT2_DROP20_guarded_cusum_15seed/ON_seed8_x560_720_t36.log
2,AT2_GPS_only,20,8,7,NO,NO,18,0,results/attack_type_robustness_AT2_DROP20_guarded_cusum_15seed/ON_seed8_x560_720_t36.log
2,AT2_GPS_only,20,8,8,NO,NO,19,0,results/attack_type_robustness_AT2_DROP20_guarded_cusum_15seed/ON_seed8_x560_720_t36.log
2,AT2_GPS_only,20,8,9,YES,YES,11,1,results/attack_type_robustness_AT2_DROP20_guarded_cusum_15seed/ON_seed8_x560_720_t36.log
2,AT2_GPS_only,20,9,0,YES,YES,20,1,results/attack_type_robustness_AT2_DROP20_guarded_cusum_15seed/ON_seed9_x560_720_t36.log
2,AT2_GPS_only,20,9,1,YES,YES,19,1,results/attack_type_robustness_AT2_DROP20_guarded_cusum_15seed/ON_seed9_x560_720_t36.log
2,AT2_GPS_only,20,9,2,YES,YES,16,1,results/attack_type_robustness_AT2_DROP20_guarded_cusum_15seed/ON_seed9_x560_720_t36.log
2,AT2_GPS_only,20,9,3,YES,YES,12,1,results/attack_type_robustness_AT2_DROP20_guarded_cusum_15seed/ON_seed9_x560_720_t36.log
2,AT2_GPS_only,20,9,4,NO,NO,17,0,results/attack_type_robustness_AT2_DROP20_guarded_cusum_15seed/ON_seed9_x560_720_t36.log
2,AT2_GPS_only,20,9,5,NO,NO,19,0,results/attack_type_robustness_AT2_DROP20_guarded_cusum_15seed/ON_seed9_x560_720_t36.log
2,AT2_GPS_only,20,9,6,YES,YES,18,1,results/attack_type_robustness_AT2_DROP20_guarded_cusum_15seed/ON_seed9_x560_720_t36.log
2,AT2_GPS_only,20,9,7,YES,YES,18,1,results/attack_type_robustness_AT2_DROP20_guarded_cusum_15seed/ON_seed9_x560_720_t36.log
2,AT2_GPS_only,20,9,8,NO,NO,16,0,results/attack_type_robustness_AT2_DROP20_guarded_cusum_15seed/ON_seed9_x560_720_t36.log
2,AT2_GPS_only,20,9,9,YES,YES,10,1,results/attack_type_robustness_AT2_DROP20_guarded_cusum_15seed/ON_seed9_x560_720_t36.log
2,AT2_GPS_only,20,10,0,YES,YES,17,1,results/attack_type_robustness_AT2_DROP20_guarded_cusum_15seed/ON_seed10_x560_720_t36.log
2,AT2_GPS_only,20,10,1,YES,YES,21,1,results/attack_type_robustness_AT2_DROP20_guarded_cusum_15seed/ON_seed10_x560_720_t36.log
2,AT2_GPS_only,20,10,2,YES,YES,17,1,results/attack_type_robustness_AT2_DROP20_guarded_cusum_15seed/ON_seed10_x560_720_t36.log
2,AT2_GPS_only,20,10,3,YES,YES,16,1,results/attack_type_robustness_AT2_DROP20_guarded_cusum_15seed/ON_seed10_x560_720_t36.log
2,AT2_GPS_only,20,10,4,YES,YES,13,1,results/attack_type_robustness_AT2_DROP20_guarded_cusum_15seed/ON_seed10_x560_720_t36.log
2,AT2_GPS_only,20,10,5,NO,NO,16,0,results/attack_type_robustness_AT2_DROP20_guarded_cusum_15seed/ON_seed10_x560_720_t36.log
2,AT2_GPS_only,20,10,6,NO,NO,15,0,results/attack_type_robustness_AT2_DROP20_guarded_cusum_15seed/ON_seed10_x560_720_t36.log
2,AT2_GPS_only,20,10,7,YES,YES,13,1,results/attack_type_robustness_AT2_DROP20_guarded_cusum_15seed/ON_seed10_x560_720_t36.log
2,AT2_GPS_only,20,10,8,YES,YES,14,1,results/attack_type_robustness_AT2_DROP20_guarded_cusum_15seed/ON_seed10_x560_720_t36.log
2,AT2_GPS_only,20,10,9,NO,NO,17,0,results/attack_type_robustness_AT2_DROP20_guarded_cusum_15seed/ON_seed10_x560_720_t36.log
2,AT2_GPS_only,20,11,0,YES,NO,0,0,results/attack_type_robustness_AT2_DROP20_guarded_cusum_15seed/ON_seed11_x560_720_t36.log
2,AT2_GPS_only,20,11,1,YES,YES,22,1,results/attack_type_robustness_AT2_DROP20_guarded_cusum_15seed/ON_seed11_x560_720_t36.log
2,AT2_GPS_only,20,11,2,YES,YES,17,1,results/attack_type_robustness_AT2_DROP20_guarded_cusum_15seed/ON_seed11_x560_720_t36.log
2,AT2_GPS_only,20,11,3,NO,NO,23,0,results/attack_type_robustness_AT2_DROP20_guarded_cusum_15seed/ON_seed11_x560_720_t36.log
2,AT2_GPS_only,20,11,4,NO,NO,21,0,results/attack_type_robustness_AT2_DROP20_guarded_cusum_15seed/ON_seed11_x560_720_t36.log
2,AT2_GPS_only,20,11,5,YES,YES,19,1,results/attack_type_robustness_AT2_DROP20_guarded_cusum_15seed/ON_seed11_x560_720_t36.log
2,AT2_GPS_only,20,11,6,YES,YES,19,1,results/attack_type_robustness_AT2_DROP20_guarded_cusum_15seed/ON_seed11_x560_720_t36.log
2,AT2_GPS_only,20,11,7,YES,YES,11,1,results/attack_type_robustness_AT2_DROP20_guarded_cusum_15seed/ON_seed11_x560_720_t36.log
2,AT2_GPS_only,20,11,8,NO,NO,21,0,results/attack_type_robustness_AT2_DROP20_guarded_cusum_15seed/ON_seed11_x560_720_t36.log
2,AT2_GPS_only,20,11,9,YES,YES,9,1,results/attack_type_robustness_AT2_DROP20_guarded_cusum_15seed/ON_seed11_x560_720_t36.log
2,AT2_GPS_only,20,12,0,YES,YES,24,1,results/attack_type_robustness_AT2_DROP20_guarded_cusum_15seed/ON_seed12_x560_720_t36.log
2,AT2_GPS_only,20,12,1,YES,YES,18,1,results/attack_type_robustness_AT2_DROP20_guarded_cusum_15seed/ON_seed12_x560_720_t36.log
2,AT2_GPS_only,20,12,2,YES,YES,20,1,results/attack_type_robustness_AT2_DROP20_guarded_cusum_15seed/ON_seed12_x560_720_t36.log
2,AT2_GPS_only,20,12,3,YES,YES,16,1,results/attack_type_robustness_AT2_DROP20_guarded_cusum_15seed/ON_seed12_x560_720_t36.log
2,AT2_GPS_only,20,12,4,NO,NO,18,0,results/attack_type_robustness_AT2_DROP20_guarded_cusum_15seed/ON_seed12_x560_720_t36.log
2,AT2_GPS_only,20,12,5,YES,YES,21,1,results/attack_type_robustness_AT2_DROP20_guarded_cusum_15seed/ON_seed12_x560_720_t36.log
2,AT2_GPS_only,20,12,6,NO,NO,21,0,results/attack_type_robustness_AT2_DROP20_guarded_cusum_15seed/ON_seed12_x560_720_t36.log
2,AT2_GPS_only,20,12,7,YES,YES,13,1,results/attack_type_robustness_AT2_DROP20_guarded_cusum_15seed/ON_seed12_x560_720_t36.log
2,AT2_GPS_only,20,12,8,NO,NO,21,0,results/attack_type_robustness_AT2_DROP20_guarded_cusum_15seed/ON_seed12_x560_720_t36.log
2,AT2_GPS_only,20,12,9,YES,YES,6,1,results/attack_type_robustness_AT2_DROP20_guarded_cusum_15seed/ON_seed12_x560_720_t36.log
2,AT2_GPS_only,20,13,0,YES,YES,19,1,results/attack_type_robustness_AT2_DROP20_guarded_cusum_15seed/ON_seed13_x560_720_t36.log
2,AT2_GPS_only,20,13,1,YES,YES,20,1,results/attack_type_robustness_AT2_DROP20_guarded_cusum_15seed/ON_seed13_x560_720_t36.log
2,AT2_GPS_only,20,13,2,YES,YES,18,1,results/attack_type_robustness_AT2_DROP20_guarded_cusum_15seed/ON_seed13_x560_720_t36.log
2,AT2_GPS_only,20,13,3,YES,YES,16,1,results/attack_type_robustness_AT2_DROP20_guarded_cusum_15seed/ON_seed13_x560_720_t36.log
2,AT2_GPS_only,20,13,4,YES,YES,13,1,results/attack_type_robustness_AT2_DROP20_guarded_cusum_15seed/ON_seed13_x560_720_t36.log
2,AT2_GPS_only,20,13,5,YES,YES,19,1,results/attack_type_robustness_AT2_DROP20_guarded_cusum_15seed/ON_seed13_x560_720_t36.log
2,AT2_GPS_only,20,13,6,YES,YES,15,1,results/attack_type_robustness_AT2_DROP20_guarded_cusum_15seed/ON_seed13_x560_720_t36.log
2,AT2_GPS_only,20,13,7,NO,NO,16,0,results/attack_type_robustness_AT2_DROP20_guarded_cusum_15seed/ON_seed13_x560_720_t36.log
2,AT2_GPS_only,20,13,8,NO,NO,22,0,results/attack_type_robustness_AT2_DROP20_guarded_cusum_15seed/ON_seed13_x560_720_t36.log
2,AT2_GPS_only,20,13,9,NO,NO,21,0,results/attack_type_robustness_AT2_DROP20_guarded_cusum_15seed/ON_seed13_x560_720_t36.log
2,AT2_GPS_only,20,14,0,YES,YES,22,1,results/attack_type_robustness_AT2_DROP20_guarded_cusum_15seed/ON_seed14_x560_720_t36.log
2,AT2_GPS_only,20,14,1,YES,YES,21,1,results/attack_type_robustness_AT2_DROP20_guarded_cusum_15seed/ON_seed14_x560_720_t36.log
2,AT2_GPS_only,20,14,2,YES,YES,16,1,results/attack_type_robustness_AT2_DROP20_guarded_cusum_15seed/ON_seed14_x560_720_t36.log
2,AT2_GPS_only,20,14,3,YES,YES,12,1,results/attack_type_robustness_AT2_DROP20_guarded_cusum_15seed/ON_seed14_x560_720_t36.log
2,AT2_GPS_only,20,14,4,YES,YES,9,1,results/attack_type_robustness_AT2_DROP20_guarded_cusum_15seed/ON_seed14_x560_720_t36.log
2,AT2_GPS_only,20,14,5,YES,YES,21,1,results/attack_type_robustness_AT2_DROP20_guarded_cusum_15seed/ON_seed14_x560_720_t36.log
2,AT2_GPS_only,20,14,6,NO,NO,20,0,results/attack_type_robustness_AT2_DROP20_guarded_cusum_15seed/ON_seed14_x560_720_t36.log
2,AT2_GPS_only,20,14,7,NO,NO,21,0,results/attack_type_robustness_AT2_DROP20_guarded_cusum_15seed/ON_seed14_x560_720_t36.log
2,AT2_GPS_only,20,14,8,YES,YES,14,1,results/attack_type_robustness_AT2_DROP20_guarded_cusum_15seed/ON_seed14_x560_720_t36.log
2,AT2_GPS_only,20,14,9,NO,NO,19,0,results/attack_type_robustness_AT2_DROP20_guarded_cusum_15seed/ON_seed14_x560_720_t36.log
2,AT2_GPS_only,20,15,0,YES,YES,23,1,results/attack_type_robustness_AT2_DROP20_guarded_cusum_15seed/ON_seed15_x560_720_t36.log
2,AT2_GPS_only,20,15,1,YES,YES,17,1,results/attack_type_robustness_AT2_DROP20_guarded_cusum_15seed/ON_seed15_x560_720_t36.log
2,AT2_GPS_only,20,15,2,YES,YES,17,1,results/attack_type_robustness_AT2_DROP20_guarded_cusum_15seed/ON_seed15_x560_720_t36.log
2,AT2_GPS_only,20,15,3,NO,NO,20,0,results/attack_type_robustness_AT2_DROP20_guarded_cusum_15seed/ON_seed15_x560_720_t36.log
2,AT2_GPS_only,20,15,4,NO,NO,17,0,results/attack_type_robustness_AT2_DROP20_guarded_cusum_15seed/ON_seed15_x560_720_t36.log
2,AT2_GPS_only,20,15,5,YES,NO,0,0,results/attack_type_robustness_AT2_DROP20_guarded_cusum_15seed/ON_seed15_x560_720_t36.log
2,AT2_GPS_only,20,15,6,NO,NO,15,0,results/attack_type_robustness_AT2_DROP20_guarded_cusum_15seed/ON_seed15_x560_720_t36.log
2,AT2_GPS_only,20,15,7,YES,YES,15,1,results/attack_type_robustness_AT2_DROP20_guarded_cusum_15seed/ON_seed15_x560_720_t36.log
2,AT2_GPS_only,20,15,8,YES,YES,13,1,results/attack_type_robustness_AT2_DROP20_guarded_cusum_15seed/ON_seed15_x560_720_t36.log
2,AT2_GPS_only,20,15,9,YES,YES,9,1,results/attack_type_robustness_AT2_DROP20_guarded_cusum_15seed/ON_seed15_x560_720_t36.log
