[0/2] Re-checking globbed directories...
ninja: no work to do.
[TEMPTATION-T] CID:1 T_i=2.387 break-even_p*=0.173
[TEMPTATION-T] CID:5 T_i=0.613 break-even_p*=0.449
[TEMPTATION-T] CID:7 T_i=2.273 break-even_p*=0.180
[TEMPTATION-T] CID:8 T_i=1.670 break-even_p*=0.230
[TEMPTATION-T] CID:9 T_i=0.544 break-even_p*=0.479
[LATE-ATTACK] CID:0 position-aware flip armed ZoneLen=900.000m threshold=360.000m
[LATE-ATTACK] CID:2 position-aware flip armed ZoneLen=900.000m threshold=360.000m
[LATE-ATTACK] Scheduled 2 position-aware late-entry attackers ZoneLen=900.000m ThreshM=360.000m
[HANDOVER] Armed 10 triggers for Z1->Z2 at t=30.000 s (zoneEndX=900.000, leadM=300.000)

--------------------------------------------------
 UNIFIED SIMULATION v90-multiUAV (adaptive edge-cloud, bridge mode only)
--------------------------------------------------
 Cars      : 10 (5 lanes x 2)
 RngRun    : 15
 Attack    : 50%  (5 malicious) [1,5,7,8,9]
 AttackType: 5 (0=composite,1=TS-only,2=GPS-only,3=speed-only,4=stealthy,5=adaptive)
 TsOffset  : -0.500s
 SpdFactor : 1.100x
 Nash p*   : 0.400 (BAN_REWARD=1.500)
 ZONE_SAFE : 0.150
 ZONE_MALICIOUS : 0.300
 LEGACY_WIRE_ALIASES : 0
 SCR_ALERT : 0.620
 GAME_Cf   : 3.000
 CloudTrig : [unused in bridge mode] SCR<0.620 && >=4 | TIME>=3.000s | COUNT>=10
 EdgePortZ1: 127.0.0.1:9998
 EdgePortZ2: 127.0.0.1:9996
 Cloud     : 127.0.0.1:6666
 CloudMode : BRIDGE (adaptive batch calibration — cloud tunes edge params only)
 LedgerFile: blockchain_ledger.jsonl
 EdgeLatencyMs : 10.000 ms
 CloudLatencyMs: 150.000 ms
 NashP* mode   : adaptive (warmup=5 pkts, rho_hat-driven)
 S1uDelay      : 5 ms  |  PGW-rHost delay: 5 ms
 PktDropRate   : 1%  |  EdgeJitter: 30%  |  LateAttackers: 25% of mal
 BgTraffic     : 10 cars x 500 kbps UDP
 Mobility      : WaypointMobility (3-phase speed profile per lane)
 Duration  : 36.000s
--------------------------------------------------

[BG-TRAFFIC] 10 cars x 500 kbps UDP background flow to rHost installed
[PASSIVE-BEACON] SIMNOW:2.145 CID:4 ZONE:1 RXUAV:1 EDGEPORT:9998 TS:2.130 SPD:20.500 HDG:0.600 PX:43.300 PY:-50.000 LAN:5 BRK:0 RX_X:0.000 RX_Y:0.000 RX_Z:0.000
[ZONE-ROUTE] CID:4 zone=1 edge_port=9998
[EDGE-RTT] CID:4 wall=2.1 ms  sim_delay=10.0 ms
>>> [UAV->CLOUD] BLK:91ed|TX:7.0.0.8|CID:4|TS:2.130|SPD:20.5|HDG:0.6|PX:43.3|PY:-50.0|LAN...
✓ [CAR 4] ACT=OK REP=0.578 RWD=0.996 PNL=0.000 CREDIT=0
[PASSIVE-BEACON] SIMNOW:2.256 CID:5 ZONE:1 RXUAV:1 EDGEPORT:9998 TS:2.242 SPD:20.000 HDG:0.300 PX:64.400 PY:-10.000 LAN:1 BRK:1 RX_X:0.000 RX_Y:0.000 RX_Z:0.000
[ZONE-ROUTE] CID:5 zone=1 edge_port=9998
[EDGE-RTT] CID:5 wall=1.4 ms  sim_delay=10.0 ms
>>> [UAV->CLOUD] BLK:52e5|TX:7.0.0.9|CID:5|TS:2.242|SPD:20.0|HDG:0.3|PX:64.4|PY:-10.0|LAN...
✓ [CAR 5] ACT=OK REP=0.353 RWD=0.996 PNL=0.000 CREDIT=0
[PASSIVE-BEACON] SIMNOW:2.306 CID:6 ZONE:1 RXUAV:1 EDGEPORT:9998 TS:2.292 SPD:19.600 HDG:-0.400 PX:66.100 PY:-20.000 LAN:2 BRK:0 RX_X:0.000 RX_Y:0.000 RX_Z:0.000
[ZONE-ROUTE] CID:6 zone=1 edge_port=9998
[EDGE-RTT] CID:6 wall=1.0 ms  sim_delay=10.0 ms
>>> [UAV->CLOUD] BLK:f4b2|TX:7.0.0.10|CID:6|TS:2.292|SPD:19.6|HDG:-0.4|PX:66.1|PY:-20.0|L...
[PASSIVE-BEACON] SIMNOW:2.314 CID:9 ZONE:1 RXUAV:1 EDGEPORT:9998 TS:2.302 SPD:19.900 HDG:1.200 PX:65.400 PY:-50.000 LAN:5 BRK:0 RX_X:0.000 RX_Y:0.000 RX_Z:0.000
[ZONE-ROUTE] CID:9 zone=1 edge_port=9998
[EDGE-RTT] CID:9 wall=1.4 ms  sim_delay=10.0 ms
>>> [UAV->CLOUD] BLK:26f2|TX:7.0.0.13|CID:9|TS:2.302|SPD:19.9|HDG:1.2|PX:65.4|PY:-50.0|LA...
✓ [CAR 6] ACT=OK REP=0.808 RWD=0.996 PNL=0.000 CREDIT=0
✓ [CAR 9] ACT=OK REP=0.666 RWD=0.996 PNL=0.000 CREDIT=0
[PASSIVE-BEACON] SIMNOW:2.384 CID:1 ZONE:1 RXUAV:1 EDGEPORT:9998 TS:2.370 SPD:19.600 HDG:-0.300 PX:47.400 PY:-20.000 LAN:2 BRK:0 RX_X:0.000 RX_Y:0.000 RX_Z:0.000
[ZONE-ROUTE] CID:1 zone=1 edge_port=9998
[EDGE-RTT] CID:1 wall=1.5 ms  sim_delay=10.0 ms
>>> [UAV->CLOUD] BLK:278d|TX:7.0.0.5|CID:1|TS:2.370|SPD:19.6|HDG:-0.3|PX:47.4|PY:-20.0|LA...
✓ [CAR 1] ACT=OK REP=0.720 RWD=0.996 PNL=0.000 CREDIT=0
[PASSIVE-BEACON] SIMNOW:2.466 CID:8 ZONE:1 RXUAV:1 EDGEPORT:9998 TS:2.452 SPD:19.900 HDG:-1.700 PX:68.500 PY:-40.000 LAN:4 BRK:0 RX_X:0.000 RX_Y:0.000 RX_Z:0.000
[ZONE-ROUTE] CID:8 zone=1 edge_port=9998
[EDGE-RTT] CID:8 wall=1.4 ms  sim_delay=10.0 ms
>>> [UAV->CLOUD] BLK:58ad|TX:7.0.0.12|CID:8|TS:2.452|SPD:19.9|HDG:-1.7|PX:68.5|PY:-40.0|L...
✓ [CAR 8] ACT=OK REP=0.985 RWD=0.996 PNL=0.000 CREDIT=0
[PASSIVE-BEACON] SIMNOW:2.486 CID:7 ZONE:1 RXUAV:1 EDGEPORT:9998 TS:2.472 SPD:19.900 HDG:-1.100 PX:69.600 PY:-30.000 LAN:3 BRK:1 RX_X:0.000 RX_Y:0.000 RX_Z:0.000
[ZONE-ROUTE] CID:7 zone=1 edge_port=9998
[EDGE-RTT] CID:7 wall=1.4 ms  sim_delay=10.0 ms
>>> [UAV->CLOUD] BLK:b7be|TX:7.0.0.11|CID:7|TS:2.472|SPD:19.9|HDG:-1.1|PX:69.6|PY:-30.0|L...
✓ [CAR 7] ACT=OK REP=0.736 RWD=0.996 PNL=0.000 CREDIT=0
[PASSIVE-BEACON] SIMNOW:2.604 CID:2 ZONE:1 RXUAV:1 EDGEPORT:9998 TS:2.590 SPD:20.100 HDG:-0.600 PX:51.600 PY:-30.000 LAN:3 BRK:0 RX_X:0.000 RX_Y:0.000 RX_Z:0.000
[ZONE-ROUTE] CID:2 zone=1 edge_port=9998
[EDGE-RTT] CID:2 wall=1.2 ms  sim_delay=10.0 ms
>>> [UAV->CLOUD] BLK:3be5|TX:7.0.0.6|CID:2|TS:2.590|SPD:20.1|HDG:-0.6|PX:51.6|PY:-30.0|LA...
✓ [CAR 2] ACT=OK REP=0.749 RWD=0.996 PNL=0.000 CREDIT=0
[PASSIVE-BEACON] SIMNOW:2.624 CID:0 ZONE:1 RXUAV:1 EDGEPORT:9998 TS:2.610 SPD:19.600 HDG:1.000 PX:52.700 PY:-10.000 LAN:1 BRK:0 RX_X:0.000 RX_Y:0.000 RX_Z:0.000
[ZONE-ROUTE] CID:0 zone=1 edge_port=9998
[EDGE-RTT] CID:0 wall=1.2 ms  sim_delay=10.0 ms
>>> [UAV->CLOUD] BLK:a964|TX:7.0.0.4|CID:0|TS:2.610|SPD:19.6|HDG:1.0|PX:52.7|PY:-10.0|LAN...
✓ [CAR 0] ACT=OK REP=0.812 RWD=0.996 PNL=0.000 CREDIT=0
[PASSIVE-BEACON] SIMNOW:2.645 CID:4 ZONE:1 RXUAV:1 EDGEPORT:9998 TS:2.630 SPD:20.000 HDG:0.300 PX:52.500 PY:-50.000 LAN:5 BRK:0 RX_X:0.000 RX_Y:0.000 RX_Z:0.000
[ZONE-ROUTE] CID:4 zone=1 edge_port=9998
[EDGE-RTT] CID:4 wall=1.2 ms  sim_delay=10.0 ms
>>> [UAV->CLOUD] BLK:62fd|TX:7.0.0.8|CID:4|TS:2.630|SPD:20.0|HDG:0.3|PX:52.5|PY:-50.0|LAN...
✓ [CAR 4] ACT=OK REP=0.606 RWD=1.000 PNL=0.000 CREDIT=1
[PASSIVE-BEACON] SIMNOW:2.756 CID:5 ZONE:1 RXUAV:1 EDGEPORT:9998 TS:2.742 SPD:19.700 HDG:-0.300 PX:75.400 PY:-10.000 LAN:1 BRK:0 RX_X:0.000 RX_Y:0.000 RX_Z:0.000
[ZONE-ROUTE] CID:5 zone=1 edge_port=9998
[EDGE-RTT] CID:5 wall=1.3 ms  sim_delay=10.0 ms
>>> [UAV->CLOUD] BLK:9d5b|TX:7.0.0.9|CID:5|TS:2.742|SPD:19.7|HDG:-0.3|PX:75.4|PY:-10.0|LA...
✓ [CAR 5] ACT=OK REP=0.775 RWD=1.000 PNL=0.000 CREDIT=1
[PASSIVE-BEACON] SIMNOW:2.806 CID:6 ZONE:1 RXUAV:1 EDGEPORT:9998 TS:2.792 SPD:19.700 HDG:-1.800 PX:75.300 PY:-20.000 LAN:2 BRK:0 RX_X:0.000 RX_Y:0.000 RX_Z:0.000
[ZONE-ROUTE] CID:6 zone=1 edge_port=9998
[EDGE-RTT] CID:6 wall=1.3 ms  sim_delay=10.0 ms
>>> [UAV->CLOUD] BLK:60df|TX:7.0.0.10|CID:6|TS:2.792|SPD:19.7|HDG:-1.8|PX:75.3|PY:-20.0|L...
[PASSIVE-BEACON] SIMNOW:2.816 CID:9 ZONE:1 RXUAV:1 EDGEPORT:9998 TS:2.802 SPD:20.200 HDG:1.000 PX:76.700 PY:-50.000 LAN:5 BRK:1 RX_X:0.000 RX_Y:0.000 RX_Z:0.000
[ZONE-ROUTE] CID:9 zone=1 edge_port=9998
[EDGE-RTT] CID:9 wall=1.1 ms  sim_delay=10.0 ms
>>> [UAV->CLOUD] BLK:a68b|TX:7.0.0.13|CID:9|TS:2.802|SPD:20.2|HDG:1.0|PX:76.7|PY:-50.0|LA...
✓ [CAR 6] ACT=OK REP=0.869 RWD=1.000 PNL=0.000 CREDIT=1
✓ [CAR 9] ACT=OK REP=0.793 RWD=1.000 PNL=0.000 CREDIT=1
[PASSIVE-BEACON] SIMNOW:2.884 CID:1 ZONE:1 RXUAV:1 EDGEPORT:9998 TS:2.870 SPD:19.600 HDG:-1.900 PX:57.200 PY:-20.000 LAN:2 BRK:0 RX_X:0.000 RX_Y:0.000 RX_Z:0.000
[ZONE-ROUTE] CID:1 zone=1 edge_port=9998
[EDGE-RTT] CID:1 wall=1.0 ms  sim_delay=10.0 ms
>>> [UAV->CLOUD] BLK:d6ae|TX:7.0.0.5|CID:1|TS:2.870|SPD:19.6|HDG:-1.9|PX:57.2|PY:-20.0|LA...
✓ [CAR 1] ACT=OK REP=0.852 RWD=1.000 PNL=0.000 CREDIT=1
[PASSIVE-BEACON] SIMNOW:2.914 CID:3 ZONE:1 RXUAV:1 EDGEPORT:9998 TS:2.900 SPD:19.900 HDG:-1.600 PX:58.600 PY:-40.000 LAN:4 BRK:0 RX_X:0.000 RX_Y:0.000 RX_Z:0.000
[ZONE-ROUTE] CID:3 zone=1 edge_port=9998
[EDGE-RTT] CID:3 wall=1.3 ms  sim_delay=10.0 ms
>>> [UAV->CLOUD] BLK:a159|TX:7.0.0.7|CID:3|TS:2.900|SPD:19.9|HDG:-1.6|PX:58.6|PY:-40.0|LA...
✓ [CAR 3] ACT=OK REP=0.725 RWD=0.996 PNL=0.000 CREDIT=0
[PASSIVE-BEACON] SIMNOW:2.966 CID:8 ZONE:1 RXUAV:1 EDGEPORT:9998 TS:2.952 SPD:19.500 HDG:-1.900 PX:78.300 PY:-40.000 LAN:4 BRK:0 RX_X:0.000 RX_Y:0.000 RX_Z:0.000
[ZONE-ROUTE] CID:8 zone=1 edge_port=9998
[EDGE-RTT] CID:8 wall=1.2 ms  sim_delay=10.0 ms
>>> [UAV->CLOUD] BLK:30b1|TX:7.0.0.12|CID:8|TS:2.952|SPD:19.5|HDG:-1.9|PX:78.3|PY:-40.0|L...
✓ [CAR 8] ACT=OK REP=0.708 RWD=1.000 PNL=0.000 CREDIT=1
[PASSIVE-BEACON] SIMNOW:2.986 CID:7 ZONE:1 RXUAV:1 EDGEPORT:9998 TS:2.972 SPD:19.700 HDG:0.600 PX:80.100 PY:-30.000 LAN:3 BRK:0 RX_X:0.000 RX_Y:0.000 RX_Z:0.000
[ZONE-ROUTE] CID:7 zone=1 edge_port=9998
[EDGE-RTT] CID:7 wall=1.2 ms  sim_delay=10.0 ms
>>> [UAV->CLOUD] BLK:4bfc|TX:7.0.0.11|CID:7|TS:2.972|SPD:19.7|HDG:0.6|PX:80.1|PY:-30.0|LA...
✓ [CAR 7] ACT=OK REP=0.831 RWD=1.000 PNL=0.000 CREDIT=1
[PASSIVE-BEACON] SIMNOW:3.104 CID:2 ZONE:1 RXUAV:1 EDGEPORT:9998 TS:3.090 SPD:20.000 HDG:1.600 PX:61.700 PY:-30.000 LAN:3 BRK:0 RX_X:0.000 RX_Y:0.000 RX_Z:0.000
[ZONE-ROUTE] CID:2 zone=1 edge_port=9998
[EDGE-RTT] CID:2 wall=1.3 ms  sim_delay=10.0 ms
>>> [UAV->CLOUD] BLK:52da|TX:7.0.0.6|CID:2|TS:3.090|SPD:20.0|HDG:1.6|PX:61.7|PY:-30.0|LAN...
✓ [CAR 2] ACT=OK REP=0.686 RWD=1.000 PNL=0.000 CREDIT=1
[PASSIVE-BEACON] SIMNOW:3.124 CID:0 ZONE:1 RXUAV:1 EDGEPORT:9998 TS:3.110 SPD:20.100 HDG:-0.300 PX:62.100 PY:-10.000 LAN:1 BRK:0 RX_X:0.000 RX_Y:0.000 RX_Z:0.000
[ZONE-ROUTE] CID:0 zone=1 edge_port=9998
[EDGE-RTT] CID:0 wall=1.3 ms  sim_delay=10.0 ms
>>> [UAV->CLOUD] BLK:341c|TX:7.0.0.4|CID:0|TS:3.110|SPD:20.1|HDG:-0.3|PX:62.1|PY:-10.0|LA...
✓ [CAR 0] ACT=OK REP=0.674 RWD=1.000 PNL=0.000 CREDIT=1
[PASSIVE-BEACON] SIMNOW:3.143 CID:4 ZONE:1 RXUAV:1 EDGEPORT:9998 TS:3.130 SPD:19.800 HDG:-0.700 PX:62.400 PY:-50.000 LAN:5 BRK:0 RX_X:0.000 RX_Y:0.000 RX_Z:0.000
[ZONE-ROUTE] CID:4 zone=1 edge_port=9998
[EDGE-RTT] CID:4 wall=1.2 ms  sim_delay=10.0 ms
>>> [UAV->CLOUD] BLK:98f5|TX:7.0.0.8|CID:4|TS:3.130|SPD:19.8|HDG:-0.7|PX:62.4|PY:-50.0|LA...
✓ [CAR 4] ACT=OK REP=0.686 RWD=1.000 PNL=0.000 CREDIT=2
[PASSIVE-BEACON] SIMNOW:3.257 CID:5 ZONE:1 RXUAV:1 EDGEPORT:9998 TS:3.242 SPD:20.200 HDG:0.000 PX:84.200 PY:-10.000 LAN:1 BRK:0 RX_X:0.000 RX_Y:0.000 RX_Z:0.000
[ZONE-ROUTE] CID:5 zone=1 edge_port=9998
[EDGE-RTT] CID:5 wall=1.3 ms  sim_delay=10.0 ms
>>> [UAV->CLOUD] BLK:3752|TX:7.0.0.9|CID:5|TS:3.242|SPD:20.2|HDG:0.0|PX:84.2|PY:-10.0|LAN...
✓ [CAR 5] ACT=OK REP=0.764 RWD=0.997 PNL=0.000 CREDIT=2
[PASSIVE-BEACON] SIMNOW:3.306 CID:6 ZONE:1 RXUAV:1 EDGEPORT:9998 TS:3.292 SPD:19.600 HDG:0.800 PX:86.600 PY:-20.000 LAN:2 BRK:0 RX_X:0.000 RX_Y:0.000 RX_Z:0.000
[ZONE-ROUTE] CID:6 zone=1 edge_port=9998
[EDGE-RTT] CID:6 wall=1.3 ms  sim_delay=10.0 ms
>>> [UAV->CLOUD] BLK:2f9c|TX:7.0.0.10|CID:6|TS:3.292|SPD:19.6|HDG:0.8|PX:86.6|PY:-20.0|LA...
[PASSIVE-BEACON] SIMNOW:3.316 CID:9 ZONE:1 RXUAV:1 EDGEPORT:9998 TS:3.302 SPD:20.100 HDG:0.800 PX:85.300 PY:-50.000 LAN:5 BRK:0 RX_X:0.000 RX_Y:0.000 RX_Z:0.000
[ZONE-ROUTE] CID:9 zone=1 edge_port=9998
[EDGE-RTT] CID:9 wall=1.0 ms  sim_delay=10.0 ms
>>> [UAV->CLOUD] BLK:729a|TX:7.0.0.13|CID:9|TS:3.302|SPD:20.1|HDG:0.8|PX:85.3|PY:-50.0|LA...
✓ [CAR 6] ACT=OK REP=0.957 RWD=1.000 PNL=0.000 CREDIT=2
✓ [CAR 9] ACT=OK REP=0.467 RWD=0.997 PNL=0.000 CREDIT=2
[PASSIVE-BEACON] SIMNOW:3.384 CID:1 ZONE:1 RXUAV:1 EDGEPORT:9998 TS:3.370 SPD:19.700 HDG:0.200 PX:67.900 PY:-20.000 LAN:2 BRK:0 RX_X:0.000 RX_Y:0.000 RX_Z:0.000
[ZONE-ROUTE] CID:1 zone=1 edge_port=9998
[EDGE-RTT] CID:1 wall=1.3 ms  sim_delay=10.0 ms
>>> [UAV->CLOUD] BLK:10c7|TX:7.0.0.5|CID:1|TS:3.370|SPD:19.7|HDG:0.2|PX:67.9|PY:-20.0|LAN...
✓ [CAR 1] ACT=OK REP=0.880 RWD=1.000 PNL=0.000 CREDIT=2
[PASSIVE-BEACON] SIMNOW:3.414 CID:3 ZONE:1 RXUAV:1 EDGEPORT:9998 TS:3.400 SPD:20.200 HDG:0.900 PX:68.600 PY:-40.000 LAN:4 BRK:0 RX_X:0.000 RX_Y:0.000 RX_Z:0.000
[ZONE-ROUTE] CID:3 zone=1 edge_port=9998
[EDGE-RTT] CID:3 wall=1.1 ms  sim_delay=10.0 ms
>>> [UAV->CLOUD] BLK:d771|TX:7.0.0.7|CID:3|TS:3.400|SPD:20.2|HDG:0.9|PX:68.6|PY:-40.0|LAN...
✓ [CAR 3] ACT=OK REP=0.359 RWD=1.000 PNL=0.000 CREDIT=1
[PASSIVE-BEACON] SIMNOW:3.466 CID:8 ZONE:1 RXUAV:1 EDGEPORT:9998 TS:3.452 SPD:19.600 HDG:-1.800 PX:88.300 PY:-40.000 LAN:4 BRK:1 RX_X:0.000 RX_Y:0.000 RX_Z:0.000
[ZONE-ROUTE] CID:8 zone=1 edge_port=9998
[EDGE-RTT] CID:8 wall=1.2 ms  sim_delay=10.0 ms
>>> [UAV->CLOUD] BLK:e8f9|TX:7.0.0.12|CID:8|TS:3.452|SPD:19.6|HDG:-1.8|PX:88.3|PY:-40.0|L...
✓ [CAR 8] ACT=OK REP=0.700 RWD=0.881 PNL=0.000 CREDIT=2
[PASSIVE-BEACON] SIMNOW:3.486 CID:7 ZONE:1 RXUAV:1 EDGEPORT:9998 TS:3.472 SPD:19.700 HDG:1.400 PX:90.200 PY:-30.000 LAN:3 BRK:0 RX_X:0.000 RX_Y:0.000 RX_Z:0.000
[ZONE-ROUTE] CID:7 zone=1 edge_port=9998
[EDGE-RTT] CID:7 wall=1.1 ms  sim_delay=10.0 ms
>>> [UAV->CLOUD] BLK:5720|TX:7.0.0.11|CID:7|TS:3.472|SPD:19.7|HDG:1.4|PX:90.2|PY:-30.0|LA...
✓ [CAR 7] ACT=OK REP=0.410 RWD=1.000 PNL=0.000 CREDIT=2
[PASSIVE-BEACON] SIMNOW:3.604 CID:2 ZONE:1 RXUAV:1 EDGEPORT:9998 TS:3.590 SPD:20.400 HDG:-1.600 PX:71.800 PY:-30.000 LAN:3 BRK:1 RX_X:0.000 RX_Y:0.000 RX_Z:0.000
[ZONE-ROUTE] CID:2 zone=1 edge_port=9998
[EDGE-RTT] CID:2 wall=1.3 ms  sim_delay=10.0 ms
>>> [UAV->CLOUD] BLK:407a|TX:7.0.0.6|CID:2|TS:3.590|SPD:20.4|HDG:-1.6|PX:71.8|PY:-30.0|LA...
✓ [CAR 2] ACT=OK REP=0.935 RWD=1.000 PNL=0.000 CREDIT=2
[PASSIVE-BEACON] SIMNOW:3.624 CID:0 ZONE:1 RXUAV:1 EDGEPORT:9998 TS:3.610 SPD:19.500 HDG:0.400 PX:71.700 PY:-10.000 LAN:1 BRK:1 RX_X:0.000 RX_Y:0.000 RX_Z:0.000
[ZONE-ROUTE] CID:0 zone=1 edge_port=9998
[EDGE-RTT] CID:0 wall=1.2 ms  sim_delay=10.0 ms
>>> [UAV->CLOUD] BLK:3a28|TX:7.0.0.4|CID:0|TS:3.610|SPD:19.5|HDG:0.4|PX:71.7|PY:-10.0|LAN...
✓ [CAR 0] ACT=OK REP=0.613 RWD=1.000 PNL=0.000 CREDIT=2
[PASSIVE-BEACON] SIMNOW:3.645 CID:4 ZONE:1 RXUAV:1 EDGEPORT:9998 TS:3.630 SPD:20.000 HDG:-1.300 PX:72.400 PY:-50.000 LAN:5 BRK:0 RX_X:0.000 RX_Y:0.000 RX_Z:0.000
[ZONE-ROUTE] CID:4 zone=1 edge_port=9998
[EDGE-RTT] CID:4 wall=1.3 ms  sim_delay=10.0 ms
>>> [UAV->CLOUD] BLK:a34c|TX:7.0.0.8|CID:4|TS:3.630|SPD:20.0|HDG:-1.3|PX:72.4|PY:-50.0|LA...
✓ [CAR 4] ACT=OK REP=0.721 RWD=1.000 PNL=0.000 CREDIT=3
[PASSIVE-BEACON] SIMNOW:3.759 CID:5 ZONE:1 RXUAV:1 EDGEPORT:9998 TS:3.742 SPD:20.000 HDG:-0.400 PX:94.600 PY:-10.000 LAN:1 BRK:0 RX_X:0.000 RX_Y:0.000 RX_Z:0.000
[ZONE-ROUTE] CID:5 zone=1 edge_port=9998
[EDGE-RTT] CID:5 wall=1.2 ms  sim_delay=10.0 ms
>>> [UAV->CLOUD] BLK:4ef8|TX:7.0.0.9|CID:5|TS:3.742|SPD:20.0|HDG:-0.4|PX:94.6|PY:-10.0|LA...
✓ [CAR 5] ACT=OK REP=0.868 RWD=1.000 PNL=0.000 CREDIT=3
[PASSIVE-BEACON] SIMNOW:3.806 CID:6 ZONE:1 RXUAV:1 EDGEPORT:9998 TS:3.792 SPD:19.700 HDG:0.800 PX:95.100 PY:-20.000 LAN:2 BRK:0 RX_X:0.000 RX_Y:0.000 RX_Z:0.000
[ZONE-ROUTE] CID:6 zone=1 edge_port=9998
[EDGE-RTT] CID:6 wall=1.2 ms  sim_delay=10.0 ms
>>> [UAV->CLOUD] BLK:75e7|TX:7.0.0.10|CID:6|TS:3.792|SPD:19.7|HDG:0.8|PX:95.1|PY:-20.0|LA...
[PASSIVE-BEACON] SIMNOW:3.815 CID:9 ZONE:1 RXUAV:1 EDGEPORT:9998 TS:3.802 SPD:20.100 HDG:0.200 PX:96.200 PY:-50.000 LAN:5 BRK:0 RX_X:0.000 RX_Y:0.000 RX_Z:0.000
[ZONE-ROUTE] CID:9 zone=1 edge_port=9998
[EDGE-RTT] CID:9 wall=1.2 ms  sim_delay=10.0 ms
>>> [UAV->CLOUD] BLK:68bf|TX:7.0.0.13|CID:9|TS:3.802|SPD:20.1|HDG:0.2|PX:96.2|PY:-50.0|LA...
✓ [CAR 6] ACT=OK REP=1.000 RWD=1.000 PNL=0.000 CREDIT=3
✓ [CAR 9] ACT=OK REP=0.666 RWD=1.000 PNL=0.000 CREDIT=3
[PASSIVE-BEACON] SIMNOW:3.882 CID:1 ZONE:1 RXUAV:1 EDGEPORT:9998 TS:3.870 SPD:19.800 HDG:1.800 PX:77.200 PY:-20.000 LAN:2 BRK:0 RX_X:0.000 RX_Y:0.000 RX_Z:0.000
[ZONE-ROUTE] CID:1 zone=1 edge_port=9998
[EDGE-RTT] CID:1 wall=1.1 ms  sim_delay=10.0 ms
>>> [UAV->CLOUD] BLK:aca4|TX:7.0.0.5|CID:1|TS:3.870|SPD:19.8|HDG:1.8|PX:77.2|PY:-20.0|LAN...
✓ [CAR 1] ACT=OK REP=0.828 RWD=1.000 PNL=0.000 CREDIT=3
[PASSIVE-BEACON] SIMNOW:3.914 CID:3 ZONE:1 RXUAV:1 EDGEPORT:9998 TS:3.900 SPD:19.900 HDG:0.300 PX:77.400 PY:-40.000 LAN:4 BRK:0 RX_X:0.000 RX_Y:0.000 RX_Z:0.000
[ZONE-ROUTE] CID:3 zone=1 edge_port=9998
[EDGE-RTT] CID:3 wall=1.2 ms  sim_delay=10.0 ms
>>> [UAV->CLOUD] BLK:208c|TX:7.0.0.7|CID:3|TS:3.900|SPD:19.9|HDG:0.3|PX:77.4|PY:-40.0|LAN...
✓ [CAR 3] ACT=OK REP=0.834 RWD=1.000 PNL=0.000 CREDIT=2
[PASSIVE-BEACON] SIMNOW:3.966 CID:8 ZONE:1 RXUAV:1 EDGEPORT:9998 TS:3.952 SPD:20.100 HDG:0.600 PX:98.800 PY:-40.000 LAN:4 BRK:0 RX_X:0.000 RX_Y:0.000 RX_Z:0.000
[ZONE-ROUTE] CID:8 zone=1 edge_port=9998
[EDGE-RTT] CID:8 wall=1.1 ms  sim_delay=10.0 ms
>>> [UAV->CLOUD] BLK:ade0|TX:7.0.0.12|CID:8|TS:3.952|SPD:20.1|HDG:0.6|PX:98.8|PY:-40.0|LA...
✓ [CAR 8] ACT=OK REP=0.627 RWD=1.000 PNL=0.000 CREDIT=3
[PASSIVE-BEACON] SIMNOW:3.986 CID:7 ZONE:1 RXUAV:1 EDGEPORT:9998 TS:3.972 SPD:20.000 HDG:0.500 PX:99.000 PY:-30.000 LAN:3 BRK:1 RX_X:0.000 RX_Y:0.000 RX_Z:0.000
[ZONE-ROUTE] CID:7 zone=1 edge_port=9998
[EDGE-RTT] CID:7 wall=1.3 ms  sim_delay=10.0 ms
>>> [UAV->CLOUD] BLK:43df|TX:7.0.0.11|CID:7|TS:3.972|SPD:20.0|HDG:0.5|PX:99.0|PY:-30.0|LA...
✓ [CAR 7] ACT=OK REP=0.757 RWD=1.000 PNL=0.000 CREDIT=3
[PASSIVE-BEACON] SIMNOW:4.104 CID:2 ZONE:1 RXUAV:1 EDGEPORT:9998 TS:4.090 SPD:19.900 HDG:-0.600 PX:81.600 PY:-30.000 LAN:3 BRK:0 RX_X:0.000 RX_Y:0.000 RX_Z:0.000
[ZONE-ROUTE] CID:2 zone=1 edge_port=9998
[EDGE-RTT] CID:2 wall=1.2 ms  sim_delay=10.0 ms
>>> [UAV->CLOUD] BLK:d554|TX:7.0.0.6|CID:2|TS:4.090|SPD:19.9|HDG:-0.6|PX:81.6|PY:-30.0|LA...
✓ [CAR 2] ACT=OK REP=0.924 RWD=1.000 PNL=0.000 CREDIT=3
[PASSIVE-BEACON] SIMNOW:4.124 CID:0 ZONE:1 RXUAV:1 EDGEPORT:9998 TS:4.110 SPD:19.600 HDG:-0.700 PX:82.200 PY:-10.000 LAN:1 BRK:1 RX_X:0.000 RX_Y:0.000 RX_Z:0.000
[ZONE-ROUTE] CID:0 zone=1 edge_port=9998
[EDGE-RTT] CID:0 wall=1.1 ms  sim_delay=10.0 ms
>>> [UAV->CLOUD] BLK:0f18|TX:7.0.0.4|CID:0|TS:4.110|SPD:19.6|HDG:-0.7|PX:82.2|PY:-10.0|LA...
✓ [CAR 0] ACT=OK REP=0.670 RWD=1.000 PNL=0.000 CREDIT=3
[PKT-DROP] UAV dropped telemetry from 7.0.0.8 (drop_rate=1%)
[PASSIVE-BEACON] SIMNOW:4.259 CID:5 ZONE:1 RXUAV:1 EDGEPORT:9998 TS:4.242 SPD:20.000 HDG:-1.900 PX:105.300 PY:-10.000 LAN:1 BRK:1 RX_X:0.000 RX_Y:0.000 RX_Z:0.000
[ZONE-ROUTE] CID:5 zone=1 edge_port=9998
[EDGE-RTT] CID:5 wall=1.2 ms  sim_delay=10.0 ms
>>> [UAV->CLOUD] BLK:6f08|TX:7.0.0.9|CID:5|TS:4.242|SPD:20.0|HDG:-1.9|PX:105.3|PY:-10.0|L...
✓ [CAR 5] ACT=OK REP=0.983 RWD=1.000 PNL=0.000 CREDIT=4
[PASSIVE-BEACON] SIMNOW:4.306 CID:6 ZONE:1 RXUAV:1 EDGEPORT:9998 TS:4.292 SPD:19.900 HDG:0.900 PX:106.300 PY:-20.000 LAN:2 BRK:0 RX_X:0.000 RX_Y:0.000 RX_Z:0.000
[ZONE-ROUTE] CID:6 zone=1 edge_port=9998
[EDGE-RTT] CID:6 wall=1.1 ms  sim_delay=10.0 ms
>>> [UAV->CLOUD] BLK:dc6e|TX:7.0.0.10|CID:6|TS:4.292|SPD:19.9|HDG:0.9|PX:106.3|PY:-20.0|L...
[PASSIVE-BEACON] SIMNOW:4.316 CID:9 ZONE:1 RXUAV:1 EDGEPORT:9998 TS:4.302 SPD:19.900 HDG:0.100 PX:106.000 PY:-50.000 LAN:5 BRK:0 RX_X:0.000 RX_Y:0.000 RX_Z:0.000
[ZONE-ROUTE] CID:9 zone=1 edge_port=9998
[EDGE-RTT] CID:9 wall=1.2 ms  sim_delay=10.0 ms
>>> [UAV->CLOUD] BLK:9542|TX:7.0.0.13|CID:9|TS:4.302|SPD:19.9|HDG:0.1|PX:106.0|PY:-50.0|L...
✓ [CAR 6] ACT=OK REP=0.742 RWD=1.000 PNL=0.000 CREDIT=4
✓ [CAR 9] ACT=OK REP=0.743 RWD=1.000 PNL=0.000 CREDIT=4
[PASSIVE-BEACON] SIMNOW:4.384 CID:1 ZONE:1 RXUAV:1 EDGEPORT:9998 TS:4.370 SPD:20.000 HDG:0.800 PX:86.700 PY:-20.000 LAN:2 BRK:0 RX_X:0.000 RX_Y:0.000 RX_Z:0.000
[ZONE-ROUTE] CID:1 zone=1 edge_port=9998
[EDGE-RTT] CID:1 wall=1.1 ms  sim_delay=10.0 ms
>>> [UAV->CLOUD] BLK:cf95|TX:7.0.0.5|CID:1|TS:4.370|SPD:20.0|HDG:0.8|PX:86.7|PY:-20.0|LAN...
✓ [CAR 1] ACT=OK REP=1.000 RWD=1.000 PNL=0.000 CREDIT=4
[PASSIVE-BEACON] SIMNOW:4.414 CID:3 ZONE:1 RXUAV:1 EDGEPORT:9998 TS:4.400 SPD:19.900 HDG:0.900 PX:88.700 PY:-40.000 LAN:4 BRK:0 RX_X:0.000 RX_Y:0.000 RX_Z:0.000
[ZONE-ROUTE] CID:3 zone=1 edge_port=9998
[EDGE-RTT] CID:3 wall=1.1 ms  sim_delay=10.0 ms
>>> [UAV->CLOUD] BLK:73af|TX:7.0.0.7|CID:3|TS:4.400|SPD:19.9|HDG:0.9|PX:88.7|PY:-40.0|LAN...
✓ [CAR 3] ACT=OK REP=0.672 RWD=1.000 PNL=0.000 CREDIT=3
[PASSIVE-BEACON] SIMNOW:4.464 CID:8 ZONE:1 RXUAV:1 EDGEPORT:9998 TS:4.452 SPD:19.500 HDG:-0.900 PX:109.400 PY:-40.000 LAN:4 BRK:0 RX_X:0.000 RX_Y:0.000 RX_Z:0.000
[ZONE-ROUTE] CID:8 zone=1 edge_port=9998
[EDGE-RTT] CID:8 wall=1.2 ms  sim_delay=10.0 ms
>>> [UAV->CLOUD] BLK:f995|TX:7.0.0.12|CID:8|TS:4.452|SPD:19.5|HDG:-0.9|PX:109.4|PY:-40.0|...
✓ [CAR 8] ACT=OK REP=0.844 RWD=1.000 PNL=0.000 CREDIT=4
[PASSIVE-BEACON] SIMNOW:4.486 CID:7 ZONE:1 RXUAV:1 EDGEPORT:9998 TS:4.472 SPD:19.500 HDG:-0.100 PX:110.100 PY:-30.000 LAN:3 BRK:0 RX_X:0.000 RX_Y:0.000 RX_Z:0.000
[ZONE-ROUTE] CID:7 zone=1 edge_port=9998
[EDGE-RTT] CID:7 wall=1.0 ms  sim_delay=10.0 ms
>>> [UAV->CLOUD] BLK:6fea|TX:7.0.0.11|CID:7|TS:4.472|SPD:19.5|HDG:-0.1|PX:110.1|PY:-30.0|...
✓ [CAR 7] ACT=OK REP=0.892 RWD=1.000 PNL=0.000 CREDIT=4
[PASSIVE-BEACON] SIMNOW:4.604 CID:2 ZONE:1 RXUAV:1 EDGEPORT:9998 TS:4.590 SPD:19.600 HDG:1.700 PX:91.200 PY:-30.000 LAN:3 BRK:0 RX_X:0.000 RX_Y:0.000 RX_Z:0.000
[ZONE-ROUTE] CID:2 zone=1 edge_port=9998
[EDGE-RTT] CID:2 wall=1.0 ms  sim_delay=10.0 ms
>>> [UAV->CLOUD] BLK:a100|TX:7.0.0.6|CID:2|TS:4.590|SPD:19.6|HDG:1.7|PX:91.2|PY:-30.0|LAN...
✓ [CAR 2] ACT=OK REP=0.814 RWD=1.000 PNL=0.000 CREDIT=4
[PASSIVE-BEACON] SIMNOW:4.624 CID:0 ZONE:1 RXUAV:1 EDGEPORT:9998 TS:4.610 SPD:20.100 HDG:-1.200 PX:91.600 PY:-10.000 LAN:1 BRK:0 RX_X:0.000 RX_Y:0.000 RX_Z:0.000
[ZONE-ROUTE] CID:0 zone=1 edge_port=9998
[EDGE-RTT] CID:0 wall=1.1 ms  sim_delay=10.0 ms
>>> [UAV->CLOUD] BLK:da78|TX:7.0.0.4|CID:0|TS:4.610|SPD:20.1|HDG:-1.2|PX:91.6|PY:-10.0|LA...
✓ [CAR 0] ACT=OK REP=0.981 RWD=1.000 PNL=0.000 CREDIT=4
[PASSIVE-BEACON] SIMNOW:4.643 CID:4 ZONE:1 RXUAV:1 EDGEPORT:9998 TS:4.630 SPD:20.100 HDG:0.900 PX:92.700 PY:-50.000 LAN:5 BRK:0 RX_X:0.000 RX_Y:0.000 RX_Z:0.000
[ZONE-ROUTE] CID:4 zone=1 edge_port=9998
[EDGE-RTT] CID:4 wall=1.1 ms  sim_delay=10.0 ms
>>> [UAV->CLOUD] BLK:d0a7|TX:7.0.0.8|CID:4|TS:4.630|SPD:20.1|HDG:0.9|PX:92.7|PY:-50.0|LAN...
✓ [CAR 4] ACT=OK REP=0.851 RWD=1.000 PNL=0.000 CREDIT=4
[PASSIVE-BEACON] SIMNOW:4.760 CID:5 ZONE:1 RXUAV:1 EDGEPORT:9998 TS:4.742 SPD:19.700 HDG:1.300 PX:114.900 PY:-10.000 LAN:1 BRK:0 RX_X:0.000 RX_Y:0.000 RX_Z:0.000
[ZONE-ROUTE] CID:5 zone=1 edge_port=9998
[EDGE-RTT] CID:5 wall=1.3 ms  sim_delay=10.0 ms
>>> [UAV->CLOUD] BLK:d4ea|TX:7.0.0.9|CID:5|TS:4.742|SPD:19.7|HDG:1.3|PX:114.9|PY:-10.0|LA...
✓ [CAR 5] ACT=OK REP=0.927 RWD=1.000 PNL=0.000 CREDIT=5
[PASSIVE-BEACON] SIMNOW:4.806 CID:6 ZONE:1 RXUAV:1 EDGEPORT:9998 TS:4.792 SPD:19.800 HDG:-1.000 PX:116.300 PY:-20.000 LAN:2 BRK:0 RX_X:0.000 RX_Y:0.000 RX_Z:0.000
[ZONE-ROUTE] CID:6 zone=1 edge_port=9998
[EDGE-RTT] CID:6 wall=1.1 ms  sim_delay=10.0 ms
>>> [UAV->CLOUD] BLK:350d|TX:7.0.0.10|CID:6|TS:4.792|SPD:19.8|HDG:-1.0|PX:116.3|PY:-20.0|...
[PASSIVE-BEACON] SIMNOW:4.816 CID:9 ZONE:1 RXUAV:1 EDGEPORT:9998 TS:4.802 SPD:19.900 HDG:-1.600 PX:115.600 PY:-50.000 LAN:5 BRK:0 RX_X:0.000 RX_Y:0.000 RX_Z:0.000
[ZONE-ROUTE] CID:9 zone=1 edge_port=9998
[EDGE-RTT] CID:9 wall=1.1 ms  sim_delay=10.0 ms
>>> [UAV->CLOUD] BLK:04a7|TX:7.0.0.13|CID:9|TS:4.802|SPD:19.9|HDG:-1.6|PX:115.6|PY:-50.0|...
✓ [CAR 6] ACT=OK REP=0.803 RWD=1.000 PNL=0.000 CREDIT=5
✓ [CAR 9] ACT=OK REP=0.924 RWD=1.000 PNL=0.000 CREDIT=5
[PASSIVE-BEACON] SIMNOW:4.884 CID:1 ZONE:1 RXUAV:1 EDGEPORT:9998 TS:4.870 SPD:20.100 HDG:1.100 PX:97.400 PY:-20.000 LAN:2 BRK:0 RX_X:0.000 RX_Y:0.000 RX_Z:0.000
[ZONE-ROUTE] CID:1 zone=1 edge_port=9998
[EDGE-RTT] CID:1 wall=1.2 ms  sim_delay=10.0 ms
>>> [UAV->CLOUD] BLK:bcdc|TX:7.0.0.5|CID:1|TS:4.870|SPD:20.1|HDG:1.1|PX:97.4|PY:-20.0|LAN...
✓ [CAR 1] ACT=OK REP=1.000 RWD=1.000 PNL=0.000 CREDIT=5
[PASSIVE-BEACON] SIMNOW:4.912 CID:3 ZONE:1 RXUAV:1 EDGEPORT:9998 TS:4.900 SPD:20.000 HDG:-0.900 PX:98.000 PY:-40.000 LAN:4 BRK:0 RX_X:0.000 RX_Y:0.000 RX_Z:0.000
[ZONE-ROUTE] CID:3 zone=1 edge_port=9998
[EDGE-RTT] CID:3 wall=1.1 ms  sim_delay=10.0 ms
>>> [UAV->CLOUD] BLK:bf15|TX:7.0.0.7|CID:3|TS:4.900|SPD:20.0|HDG:-0.9|PX:98.0|PY:-40.0|LA...
✓ [CAR 3] ACT=OK REP=0.716 RWD=1.000 PNL=0.000 CREDIT=4
[PASSIVE-BEACON] SIMNOW:4.966 CID:8 ZONE:1 RXUAV:1 EDGEPORT:9998 TS:4.952 SPD:20.100 HDG:-1.800 PX:118.500 PY:-40.000 LAN:4 BRK:0 RX_X:0.000 RX_Y:0.000 RX_Z:0.000
[ZONE-ROUTE] CID:8 zone=1 edge_port=9998
[EDGE-RTT] CID:8 wall=1.0 ms  sim_delay=10.0 ms
>>> [UAV->CLOUD] BLK:ff86|TX:7.0.0.12|CID:8|TS:4.952|SPD:20.1|HDG:-1.8|PX:118.5|PY:-40.0|...
✓ [CAR 8] ACT=OK REP=0.702 RWD=1.000 PNL=0.000 CREDIT=5
[PASSIVE-BEACON] SIMNOW:4.986 CID:7 ZONE:1 RXUAV:1 EDGEPORT:9998 TS:4.972 SPD:19.800 HDG:1.100 PX:119.100 PY:-30.000 LAN:3 BRK:0 RX_X:0.000 RX_Y:0.000 RX_Z:0.000
[ZONE-ROUTE] CID:7 zone=1 edge_port=9998
[EDGE-RTT] CID:7 wall=1.2 ms  sim_delay=10.0 ms
>>> [UAV->CLOUD] BLK:5e6c|TX:7.0.0.11|CID:7|TS:4.972|SPD:19.8|HDG:1.1|PX:119.1|PY:-30.0|L...
✓ [CAR 7] ACT=OK REP=0.954 RWD=1.000 PNL=0.000 CREDIT=5
[PASSIVE-BEACON] SIMNOW:5.104 CID:2 ZONE:1 RXUAV:1 EDGEPORT:9998 TS:5.090 SPD:20.000 HDG:0.800 PX:102.400 PY:-30.000 LAN:3 BRK:0 RX_X:0.000 RX_Y:0.000 RX_Z:0.000
[ZONE-ROUTE] CID:2 zone=1 edge_port=9998
[EDGE-RTT] CID:2 wall=1.1 ms  sim_delay=10.0 ms
>>> [UAV->CLOUD] BLK:da76|TX:7.0.0.6|CID:2|TS:5.090|SPD:20.0|HDG:0.8|PX:102.4|PY:-30.0|LA...
✓ [CAR 2] ACT=OK REP=0.638 RWD=1.000 PNL=0.000 CREDIT=5
[PASSIVE-BEACON] SIMNOW:5.124 CID:0 ZONE:1 RXUAV:1 EDGEPORT:9998 TS:5.110 SPD:20.100 HDG:1.400 PX:101.700 PY:-10.000 LAN:1 BRK:1 RX_X:0.000 RX_Y:0.000 RX_Z:0.000
[ZONE-ROUTE] CID:0 zone=1 edge_port=9998
[EDGE-RTT] CID:0 wall=1.0 ms  sim_delay=10.0 ms
>>> [UAV->CLOUD] BLK:bb7b|TX:7.0.0.4|CID:0|TS:5.110|SPD:20.1|HDG:1.4|PX:101.7|PY:-10.0|LA...
✓ [CAR 0] ACT=OK REP=1.000 RWD=1.000 PNL=0.000 CREDIT=5
[PASSIVE-BEACON] SIMNOW:5.145 CID:4 ZONE:1 RXUAV:1 EDGEPORT:9998 TS:5.130 SPD:19.800 HDG:-1.400 PX:103.300 PY:-50.000 LAN:5 BRK:0 RX_X:0.000 RX_Y:0.000 RX_Z:0.000
[ZONE-ROUTE] CID:4 zone=1 edge_port=9998
[EDGE-RTT] CID:4 wall=1.3 ms  sim_delay=10.0 ms
>>> [UAV->CLOUD] BLK:8d72|TX:7.0.0.8|CID:4|TS:5.130|SPD:19.8|HDG:-1.4|PX:103.3|PY:-50.0|L...
✓ [CAR 4] ACT=OK REP=1.000 RWD=1.000 PNL=0.000 CREDIT=5
[PASSIVE-BEACON] SIMNOW:5.257 CID:5 ZONE:1 RXUAV:1 EDGEPORT:9998 TS:5.242 SPD:20.000 HDG:-0.100 PX:125.200 PY:-10.000 LAN:1 BRK:0 RX_X:0.000 RX_Y:0.000 RX_Z:0.000
[ZONE-ROUTE] CID:5 zone=1 edge_port=9998
[EDGE-RTT] CID:5 wall=1.1 ms  sim_delay=10.0 ms
>>> [UAV->CLOUD] BLK:ec28|TX:7.0.0.9|CID:5|TS:5.242|SPD:20.0|HDG:-0.1|PX:125.2|PY:-10.0|L...
✓ [CAR 5] ACT=OK REP=0.948 RWD=1.000 PNL=0.000 CREDIT=6
[PASSIVE-BEACON] SIMNOW:5.306 CID:6 ZONE:1 RXUAV:1 EDGEPORT:9998 TS:5.292 SPD:19.900 HDG:0.300 PX:125.700 PY:-20.000 LAN:2 BRK:0 RX_X:0.000 RX_Y:0.000 RX_Z:0.000
[ZONE-ROUTE] CID:6 zone=1 edge_port=9998
[EDGE-RTT] CID:6 wall=1.1 ms  sim_delay=10.0 ms
>>> [UAV->CLOUD] BLK:d1dd|TX:7.0.0.10|CID:6|TS:5.292|SPD:19.9|HDG:0.3|PX:125.7|PY:-20.0|L...
[PASSIVE-BEACON] SIMNOW:5.315 CID:9 ZONE:1 RXUAV:1 EDGEPORT:9998 TS:5.302 SPD:20.000 HDG:1.700 PX:125.500 PY:-50.000 LAN:5 BRK:0 RX_X:0.000 RX_Y:0.000 RX_Z:0.000
[ZONE-ROUTE] CID:9 zone=1 edge_port=9998
[EDGE-RTT] CID:9 wall=0.8 ms  sim_delay=10.0 ms
>>> [UAV->CLOUD] BLK:ac95|TX:7.0.0.13|CID:9|TS:5.302|SPD:20.0|HDG:1.7|PX:125.5|PY:-50.0|L...
✓ [CAR 6] ACT=OK REP=0.788 RWD=1.000 PNL=0.000 CREDIT=6
✓ [CAR 9] ACT=OK REP=0.835 RWD=1.000 PNL=0.000 CREDIT=6
[PASSIVE-BEACON] SIMNOW:5.383 CID:1 ZONE:1 RXUAV:1 EDGEPORT:9998 TS:5.370 SPD:19.900 HDG:-1.700 PX:108.100 PY:-20.000 LAN:2 BRK:0 RX_X:0.000 RX_Y:0.000 RX_Z:0.000
[ZONE-ROUTE] CID:1 zone=1 edge_port=9998
[EDGE-RTT] CID:1 wall=0.9 ms  sim_delay=10.0 ms
>>> [UAV->CLOUD] BLK:a8b3|TX:7.0.0.5|CID:1|TS:5.370|SPD:19.9|HDG:-1.7|PX:108.1|PY:-20.0|L...
✓ [CAR 1] ACT=OK REP=0.709 RWD=1.000 PNL=0.000 CREDIT=6
[PASSIVE-BEACON] SIMNOW:5.414 CID:3 ZONE:1 RXUAV:1 EDGEPORT:9998 TS:5.400 SPD:20.100 HDG:0.100 PX:107.800 PY:-40.000 LAN:4 BRK:0 RX_X:0.000 RX_Y:0.000 RX_Z:0.000
[ZONE-ROUTE] CID:3 zone=1 edge_port=9998
[EDGE-RTT] CID:3 wall=1.1 ms  sim_delay=10.0 ms
>>> [UAV->CLOUD] BLK:29b5|TX:7.0.0.7|CID:3|TS:5.400|SPD:20.1|HDG:0.1|PX:107.8|PY:-40.0|LA...
✓ [CAR 3] ACT=OK REP=0.835 RWD=1.000 PNL=0.000 CREDIT=5
[PASSIVE-BEACON] SIMNOW:5.466 CID:8 ZONE:1 RXUAV:1 EDGEPORT:9998 TS:5.452 SPD:20.200 HDG:-0.700 PX:128.300 PY:-40.000 LAN:4 BRK:0 RX_X:0.000 RX_Y:0.000 RX_Z:0.000
[ZONE-ROUTE] CID:8 zone=1 edge_port=9998
[EDGE-RTT] CID:8 wall=1.2 ms  sim_delay=10.0 ms
>>> [UAV->CLOUD] BLK:d23a|TX:7.0.0.12|CID:8|TS:5.452|SPD:20.2|HDG:-0.7|PX:128.3|PY:-40.0|...
✓ [CAR 8] ACT=OK REP=1.000 RWD=1.000 PNL=0.000 CREDIT=6
[PASSIVE-BEACON] SIMNOW:5.486 CID:7 ZONE:1 RXUAV:1 EDGEPORT:9998 TS:5.472 SPD:19.600 HDG:-0.700 PX:128.900 PY:-30.000 LAN:3 BRK:1 RX_X:0.000 RX_Y:0.000 RX_Z:0.000
[ZONE-ROUTE] CID:7 zone=1 edge_port=9998
[EDGE-RTT] CID:7 wall=1.1 ms  sim_delay=10.0 ms
>>> [UAV->CLOUD] BLK:5b9d|TX:7.0.0.11|CID:7|TS:5.472|SPD:19.6|HDG:-0.7|PX:128.9|PY:-30.0|...
✓ [CAR 7] ACT=OK REP=1.000 RWD=1.000 PNL=0.000 CREDIT=6
[PASSIVE-BEACON] SIMNOW:5.604 CID:2 ZONE:1 RXUAV:1 EDGEPORT:9998 TS:5.590 SPD:20.100 HDG:-1.900 PX:111.900 PY:-30.000 LAN:3 BRK:0 RX_X:0.000 RX_Y:0.000 RX_Z:0.000
[ZONE-ROUTE] CID:2 zone=1 edge_port=9998
[EDGE-RTT] CID:2 wall=1.1 ms  sim_delay=10.0 ms
>>> [UAV->CLOUD] BLK:5187|TX:7.0.0.6|CID:2|TS:5.590|SPD:20.1|HDG:-1.9|PX:111.9|PY:-30.0|L...
✓ [CAR 2] ACT=OK REP=0.919 RWD=1.000 PNL=0.000 CREDIT=6
[PASSIVE-BEACON] SIMNOW:5.624 CID:0 ZONE:1 RXUAV:1 EDGEPORT:9998 TS:5.610 SPD:20.200 HDG:-1.000 PX:112.900 PY:-10.000 LAN:1 BRK:0 RX_X:0.000 RX_Y:0.000 RX_Z:0.000
[ZONE-ROUTE] CID:0 zone=1 edge_port=9998
[EDGE-RTT] CID:0 wall=1.1 ms  sim_delay=10.0 ms
>>> [UAV->CLOUD] BLK:d2b1|TX:7.0.0.4|CID:0|TS:5.610|SPD:20.2|HDG:-1.0|PX:112.9|PY:-10.0|L...
✓ [CAR 0] ACT=OK REP=0.786 RWD=1.000 PNL=0.000 CREDIT=6
[PASSIVE-BEACON] SIMNOW:5.645 CID:4 ZONE:1 RXUAV:1 EDGEPORT:9998 TS:5.630 SPD:20.400 HDG:-1.500 PX:112.700 PY:-50.000 LAN:5 BRK:0 RX_X:0.000 RX_Y:0.000 RX_Z:0.000
[ZONE-ROUTE] CID:4 zone=1 edge_port=9998
[EDGE-RTT] CID:4 wall=1.3 ms  sim_delay=10.0 ms
>>> [UAV->CLOUD] BLK:7869|TX:7.0.0.8|CID:4|TS:5.630|SPD:20.4|HDG:-1.5|PX:112.7|PY:-50.0|L...
✓ [CAR 4] ACT=OK REP=0.693 RWD=1.000 PNL=0.000 CREDIT=6
[PASSIVE-BEACON] SIMNOW:5.756 CID:5 ZONE:1 RXUAV:1 EDGEPORT:9998 TS:5.742 SPD:20.200 HDG:1.600 PX:135.600 PY:-10.000 LAN:1 BRK:0 RX_X:0.000 RX_Y:0.000 RX_Z:0.000
[ZONE-ROUTE] CID:5 zone=1 edge_port=9998
[EDGE-RTT] CID:5 wall=1.3 ms  sim_delay=10.0 ms
>>> [UAV->CLOUD] BLK:2721|TX:7.0.0.9|CID:5|TS:5.742|SPD:20.2|HDG:1.6|PX:135.6|PY:-10.0|LA...
✓ [CAR 5] ACT=OK REP=0.915 RWD=1.000 PNL=0.000 CREDIT=7
[PASSIVE-BEACON] SIMNOW:5.806 CID:6 ZONE:1 RXUAV:1 EDGEPORT:9998 TS:5.792 SPD:19.900 HDG:1.700 PX:135.700 PY:-20.000 LAN:2 BRK:0 RX_X:0.000 RX_Y:0.000 RX_Z:0.000
[ZONE-ROUTE] CID:6 zone=1 edge_port=9998
[EDGE-RTT] CID:6 wall=1.4 ms  sim_delay=10.0 ms
>>> [UAV->CLOUD] BLK:f95a|TX:7.0.0.10|CID:6|TS:5.792|SPD:19.9|HDG:1.7|PX:135.7|PY:-20.0|L...
[PASSIVE-BEACON] SIMNOW:5.816 CID:9 ZONE:1 RXUAV:1 EDGEPORT:9998 TS:5.802 SPD:19.800 HDG:1.200 PX:135.500 PY:-50.000 LAN:5 BRK:0 RX_X:0.000 RX_Y:0.000 RX_Z:0.000
[ZONE-ROUTE] CID:9 zone=1 edge_port=9998
[EDGE-RTT] CID:9 wall=0.7 ms  sim_delay=10.0 ms
>>> [UAV->CLOUD] BLK:b275|TX:7.0.0.13|CID:9|TS:5.802|SPD:19.8|HDG:1.2|PX:135.5|PY:-50.0|L...
✓ [CAR 6] ACT=OK REP=0.897 RWD=1.000 PNL=0.000 CREDIT=7
✓ [CAR 9] ACT=OK REP=0.645 RWD=1.000 PNL=0.000 CREDIT=7
[PASSIVE-BEACON] SIMNOW:5.884 CID:1 ZONE:1 RXUAV:1 EDGEPORT:9998 TS:5.870 SPD:20.200 HDG:-0.600 PX:117.700 PY:-20.000 LAN:2 BRK:0 RX_X:0.000 RX_Y:0.000 RX_Z:0.000
[ZONE-ROUTE] CID:1 zone=1 edge_port=9998
[EDGE-RTT] CID:1 wall=1.1 ms  sim_delay=10.0 ms
>>> [UAV->CLOUD] BLK:808c|TX:7.0.0.5|CID:1|TS:5.870|SPD:20.2|HDG:-0.6|PX:117.7|PY:-20.0|L...
✓ [CAR 1] ACT=OK REP=0.947 RWD=1.000 PNL=0.000 CREDIT=7
[PASSIVE-BEACON] SIMNOW:5.914 CID:3 ZONE:1 RXUAV:1 EDGEPORT:9998 TS:5.900 SPD:20.300 HDG:-0.000 PX:118.200 PY:-40.000 LAN:4 BRK:0 RX_X:0.000 RX_Y:0.000 RX_Z:0.000
[ZONE-ROUTE] CID:3 zone=1 edge_port=9998
[EDGE-RTT] CID:3 wall=1.3 ms  sim_delay=10.0 ms
>>> [UAV->CLOUD] BLK:adda|TX:7.0.0.7|CID:3|TS:5.900|SPD:20.3|HDG:-0.0|PX:118.2|PY:-40.0|L...
✓ [CAR 3] ACT=OK REP=1.000 RWD=1.000 PNL=0.000 CREDIT=6
[PASSIVE-BEACON] SIMNOW:5.965 CID:8 ZONE:1 RXUAV:1 EDGEPORT:9998 TS:5.952 SPD:19.800 HDG:-1.100 PX:138.300 PY:-40.000 LAN:4 BRK:0 RX_X:0.000 RX_Y:0.000 RX_Z:0.000
[ZONE-ROUTE] CID:8 zone=1 edge_port=9998
[EDGE-RTT] CID:8 wall=0.9 ms  sim_delay=10.0 ms
>>> [UAV->CLOUD] BLK:a89d|TX:7.0.0.12|CID:8|TS:5.952|SPD:19.8|HDG:-1.1|PX:138.3|PY:-40.0|...
✓ [CAR 8] ACT=OK REP=1.000 RWD=1.000 PNL=0.000 CREDIT=7
[PASSIVE-BEACON] SIMNOW:5.986 CID:7 ZONE:1 RXUAV:1 EDGEPORT:9998 TS:5.972 SPD:19.800 HDG:1.700 PX:140.000 PY:-30.000 LAN:3 BRK:1 RX_X:0.000 RX_Y:0.000 RX_Z:0.000
[ZONE-ROUTE] CID:7 zone=1 edge_port=9998
[EDGE-RTT] CID:7 wall=1.1 ms  sim_delay=10.0 ms
>>> [UAV->CLOUD] BLK:a742|TX:7.0.0.11|CID:7|TS:5.972|SPD:19.8|HDG:1.7|PX:140.0|PY:-30.0|L...
✓ [CAR 7] ACT=OK REP=0.944 RWD=1.000 PNL=0.000 CREDIT=7
[PASSIVE-BEACON] SIMNOW:6.104 CID:2 ZONE:1 RXUAV:1 EDGEPORT:9998 TS:6.090 SPD:19.900 HDG:-1.100 PX:121.800 PY:-30.000 LAN:3 BRK:0 RX_X:0.000 RX_Y:0.000 RX_Z:0.000
[ZONE-ROUTE] CID:2 zone=1 edge_port=9998
[EDGE-RTT] CID:2 wall=1.2 ms  sim_delay=10.0 ms
>>> [UAV->CLOUD] BLK:92b0|TX:7.0.0.6|CID:2|TS:6.090|SPD:19.9|HDG:-1.1|PX:121.8|PY:-30.0|L...
✓ [CAR 2] ACT=OK REP=0.897 RWD=1.000 PNL=0.000 CREDIT=7
[PASSIVE-BEACON] SIMNOW:6.122 CID:0 ZONE:1 RXUAV:1 EDGEPORT:9998 TS:6.110 SPD:20.000 HDG:1.500 PX:121.800 PY:-10.000 LAN:1 BRK:1 RX_X:0.000 RX_Y:0.000 RX_Z:0.000
[ZONE-ROUTE] CID:0 zone=1 edge_port=9998
[EDGE-RTT] CID:0 wall=1.2 ms  sim_delay=10.0 ms
>>> [UAV->CLOUD] BLK:09ec|TX:7.0.0.4|CID:0|TS:6.110|SPD:20.0|HDG:1.5|PX:121.8|PY:-10.0|LA...
✓ [CAR 0] ACT=OK REP=0.989 RWD=1.000 PNL=0.000 CREDIT=7
[PASSIVE-BEACON] SIMNOW:6.144 CID:4 ZONE:1 RXUAV:1 EDGEPORT:9998 TS:6.130 SPD:20.100 HDG:0.800 PX:122.600 PY:-50.000 LAN:5 BRK:0 RX_X:0.000 RX_Y:0.000 RX_Z:0.000
[ZONE-ROUTE] CID:4 zone=1 edge_port=9998
[EDGE-RTT] CID:4 wall=1.2 ms  sim_delay=10.0 ms
>>> [UAV->CLOUD] BLK:a888|TX:7.0.0.8|CID:4|TS:6.130|SPD:20.1|HDG:0.8|PX:122.6|PY:-50.0|LA...
✓ [CAR 4] ACT=OK REP=0.803 RWD=1.000 PNL=0.000 CREDIT=7
[PASSIVE-BEACON] SIMNOW:6.262 CID:5 ZONE:1 RXUAV:1 EDGEPORT:9998 TS:6.242 SPD:20.100 HDG:-0.400 PX:144.500 PY:-10.000 LAN:1 BRK:1 RX_X:0.000 RX_Y:0.000 RX_Z:0.000
[ZONE-ROUTE] CID:5 zone=1 edge_port=9998
[EDGE-RTT] CID:5 wall=1.1 ms  sim_delay=10.0 ms
>>> [UAV->CLOUD] BLK:1bd4|TX:7.0.0.9|CID:5|TS:6.242|SPD:20.1|HDG:-0.4|PX:144.5|PY:-10.0|L...
✓ [CAR 5] ACT=OK REP=0.744 RWD=1.000 PNL=0.000 CREDIT=8
[PASSIVE-BEACON] SIMNOW:6.306 CID:6 ZONE:1 RXUAV:1 EDGEPORT:9998 TS:6.292 SPD:19.800 HDG:-0.500 PX:145.500 PY:-20.000 LAN:2 BRK:0 RX_X:0.000 RX_Y:0.000 RX_Z:0.000
[ZONE-ROUTE] CID:6 zone=1 edge_port=9998
[EDGE-RTT] CID:6 wall=1.1 ms  sim_delay=10.0 ms
>>> [UAV->CLOUD] BLK:c5b7|TX:7.0.0.10|CID:6|TS:6.292|SPD:19.8|HDG:-0.5|PX:145.5|PY:-20.0|...
[PASSIVE-BEACON] SIMNOW:6.316 CID:9 ZONE:1 RXUAV:1 EDGEPORT:9998 TS:6.302 SPD:19.600 HDG:-0.500 PX:146.100 PY:-50.000 LAN:5 BRK:0 RX_X:0.000 RX_Y:0.000 RX_Z:0.000
[ZONE-ROUTE] CID:9 zone=1 edge_port=9998
[EDGE-RTT] CID:9 wall=1.1 ms  sim_delay=10.0 ms
>>> [UAV->CLOUD] BLK:f2bf|TX:7.0.0.13|CID:9|TS:6.302|SPD:19.6|HDG:-0.5|PX:146.1|PY:-50.0|...
✓ [CAR 6] ACT=OK REP=0.626 RWD=1.000 PNL=0.000 CREDIT=8
✓ [CAR 9] ACT=OK REP=0.870 RWD=1.000 PNL=0.000 CREDIT=8
[PASSIVE-BEACON] SIMNOW:6.384 CID:1 ZONE:1 RXUAV:1 EDGEPORT:9998 TS:6.370 SPD:20.300 HDG:1.300 PX:127.200 PY:-20.000 LAN:2 BRK:1 RX_X:0.000 RX_Y:0.000 RX_Z:0.000
[ZONE-ROUTE] CID:1 zone=1 edge_port=9998
[EDGE-RTT] CID:1 wall=1.2 ms  sim_delay=10.0 ms
>>> [UAV->CLOUD] BLK:6d6b|TX:7.0.0.5|CID:1|TS:6.370|SPD:20.3|HDG:1.3|PX:127.2|PY:-20.0|LA...
✓ [CAR 1] ACT=OK REP=0.834 RWD=1.000 PNL=0.000 CREDIT=8
[PASSIVE-BEACON] SIMNOW:6.413 CID:3 ZONE:1 RXUAV:1 EDGEPORT:9998 TS:6.400 SPD:19.600 HDG:-1.900 PX:127.900 PY:-40.000 LAN:4 BRK:0 RX_X:0.000 RX_Y:0.000 RX_Z:0.000
[ZONE-ROUTE] CID:3 zone=1 edge_port=9998
[EDGE-RTT] CID:3 wall=1.1 ms  sim_delay=10.0 ms
>>> [UAV->CLOUD] BLK:3aa1|TX:7.0.0.7|CID:3|TS:6.400|SPD:19.6|HDG:-1.9|PX:127.9|PY:-40.0|L...
✓ [CAR 3] ACT=OK REP=0.661 RWD=1.000 PNL=0.000 CREDIT=7
[PASSIVE-BEACON] SIMNOW:6.466 CID:8 ZONE:1 RXUAV:1 EDGEPORT:9998 TS:6.452 SPD:20.200 HDG:-0.600 PX:148.900 PY:-40.000 LAN:4 BRK:0 RX_X:0.000 RX_Y:0.000 RX_Z:0.000
[ZONE-ROUTE] CID:8 zone=1 edge_port=9998
[EDGE-RTT] CID:8 wall=1.0 ms  sim_delay=10.0 ms
>>> [UAV->CLOUD] BLK:f3d5|TX:7.0.0.12|CID:8|TS:6.452|SPD:20.2|HDG:-0.6|PX:148.9|PY:-40.0|...
✓ [CAR 8] ACT=OK REP=0.855 RWD=1.000 PNL=0.000 CREDIT=8
[PASSIVE-BEACON] SIMNOW:6.486 CID:7 ZONE:1 RXUAV:1 EDGEPORT:9998 TS:6.472 SPD:20.000 HDG:-0.000 PX:149.500 PY:-30.000 LAN:3 BRK:0 RX_X:0.000 RX_Y:0.000 RX_Z:0.000
[ZONE-ROUTE] CID:7 zone=1 edge_port=9998
[EDGE-RTT] CID:7 wall=1.1 ms  sim_delay=10.0 ms
>>> [UAV->CLOUD] BLK:045c|TX:7.0.0.11|CID:7|TS:6.472|SPD:20.0|HDG:-0.0|PX:149.5|PY:-30.0|...
✓ [CAR 7] ACT=OK REP=0.786 RWD=1.000 PNL=0.000 CREDIT=8
[PASSIVE-BEACON] SIMNOW:6.604 CID:2 ZONE:1 RXUAV:1 EDGEPORT:9998 TS:6.590 SPD:19.800 HDG:1.800 PX:131.800 PY:-30.000 LAN:3 BRK:0 RX_X:0.000 RX_Y:0.000 RX_Z:0.000
[ZONE-ROUTE] CID:2 zone=1 edge_port=9998
[EDGE-RTT] CID:2 wall=1.2 ms  sim_delay=10.0 ms
>>> [UAV->CLOUD] BLK:f130|TX:7.0.0.6|CID:2|TS:6.590|SPD:19.8|HDG:1.8|PX:131.8|PY:-30.0|LA...
✓ [CAR 2] ACT=OK REP=0.791 RWD=1.000 PNL=0.000 CREDIT=8
[PASSIVE-BEACON] SIMNOW:6.624 CID:0 ZONE:1 RXUAV:1 EDGEPORT:9998 TS:6.610 SPD:20.300 HDG:0.800 PX:131.700 PY:-10.000 LAN:1 BRK:1 RX_X:0.000 RX_Y:0.000 RX_Z:0.000
[ZONE-ROUTE] CID:0 zone=1 edge_port=9998
[EDGE-RTT] CID:0 wall=1.2 ms  sim_delay=10.0 ms
>>> [UAV->CLOUD] BLK:911c|TX:7.0.0.4|CID:0|TS:6.610|SPD:20.3|HDG:0.8|PX:131.7|PY:-10.0|LA...
✓ [CAR 0] ACT=OK REP=0.761 RWD=1.000 PNL=0.000 CREDIT=8
[PASSIVE-BEACON] SIMNOW:6.645 CID:4 ZONE:1 RXUAV:1 EDGEPORT:9998 TS:6.630 SPD:19.800 HDG:1.000 PX:132.700 PY:-50.000 LAN:5 BRK:0 RX_X:0.000 RX_Y:0.000 RX_Z:0.000
[ZONE-ROUTE] CID:4 zone=1 edge_port=9998
[EDGE-RTT] CID:4 wall=1.1 ms  sim_delay=10.0 ms
>>> [UAV->CLOUD] BLK:6e19|TX:7.0.0.8|CID:4|TS:6.630|SPD:19.8|HDG:1.0|PX:132.7|PY:-50.0|LA...
✓ [CAR 4] ACT=OK REP=0.828 RWD=1.000 PNL=0.000 CREDIT=8
[PASSIVE-BEACON] SIMNOW:6.756 CID:5 ZONE:1 RXUAV:1 EDGEPORT:9998 TS:6.742 SPD:20.200 HDG:0.500 PX:155.000 PY:-10.000 LAN:1 BRK:0 RX_X:0.000 RX_Y:0.000 RX_Z:0.000
[ZONE-ROUTE] CID:5 zone=1 edge_port=9998
[EDGE-RTT] CID:5 wall=1.1 ms  sim_delay=10.0 ms
>>> [UAV->CLOUD] BLK:923a|TX:7.0.0.9|CID:5|TS:6.742|SPD:20.2|HDG:0.5|PX:155.0|PY:-10.0|LA...
✓ [CAR 5] ACT=OK REP=0.638 RWD=1.000 PNL=0.000 CREDIT=9
[PASSIVE-BEACON] SIMNOW:6.806 CID:6 ZONE:1 RXUAV:1 EDGEPORT:9998 TS:6.792 SPD:19.500 HDG:1.300 PX:156.000 PY:-20.000 LAN:2 BRK:0 RX_X:0.000 RX_Y:0.000 RX_Z:0.000
[ZONE-ROUTE] CID:6 zone=1 edge_port=9998
[EDGE-RTT] CID:6 wall=1.3 ms  sim_delay=10.0 ms
>>> [UAV->CLOUD] BLK:e2a1|TX:7.0.0.10|CID:6|TS:6.792|SPD:19.5|HDG:1.3|PX:156.0|PY:-20.0|L...
[PASSIVE-BEACON] SIMNOW:6.816 CID:9 ZONE:1 RXUAV:1 EDGEPORT:9998 TS:6.802 SPD:20.400 HDG:-1.600 PX:155.600 PY:-50.000 LAN:5 BRK:0 RX_X:0.000 RX_Y:0.000 RX_Z:0.000
[ZONE-ROUTE] CID:9 zone=1 edge_port=9998
[EDGE-RTT] CID:9 wall=0.9 ms  sim_delay=10.0 ms
>>> [UAV->CLOUD] BLK:8fdc|TX:7.0.0.13|CID:9|TS:6.802|SPD:20.4|HDG:-1.6|PX:155.6|PY:-50.0|...
✓ [CAR 6] ACT=OK REP=1.000 RWD=1.000 PNL=0.000 CREDIT=9
✓ [CAR 9] ACT=OK REP=0.929 RWD=1.000 PNL=0.000 CREDIT=9
[PASSIVE-BEACON] SIMNOW:6.883 CID:1 ZONE:1 RXUAV:1 EDGEPORT:9998 TS:6.870 SPD:20.400 HDG:1.400 PX:137.500 PY:-20.000 LAN:2 BRK:0 RX_X:0.000 RX_Y:0.000 RX_Z:0.000
[ZONE-ROUTE] CID:1 zone=1 edge_port=9998
[EDGE-RTT] CID:1 wall=1.2 ms  sim_delay=10.0 ms
>>> [UAV->CLOUD] BLK:c16d|TX:7.0.0.5|CID:1|TS:6.870|SPD:20.4|HDG:1.4|PX:137.5|PY:-20.0|LA...
✓ [CAR 1] ACT=OK REP=0.712 RWD=1.000 PNL=0.000 CREDIT=9
[PASSIVE-BEACON] SIMNOW:6.914 CID:3 ZONE:1 RXUAV:1 EDGEPORT:9998 TS:6.900 SPD:20.000 HDG:-1.900 PX:138.500 PY:-40.000 LAN:4 BRK:0 RX_X:0.000 RX_Y:0.000 RX_Z:0.000
[ZONE-ROUTE] CID:3 zone=1 edge_port=9998
[EDGE-RTT] CID:3 wall=1.1 ms  sim_delay=10.0 ms
>>> [UAV->CLOUD] BLK:3744|TX:7.0.0.7|CID:3|TS:6.900|SPD:20.0|HDG:-1.9|PX:138.5|PY:-40.0|L...
✓ [CAR 3] ACT=OK REP=0.809 RWD=1.000 PNL=0.000 CREDIT=8
[PASSIVE-BEACON] SIMNOW:6.966 CID:8 ZONE:1 RXUAV:1 EDGEPORT:9998 TS:6.952 SPD:20.000 HDG:0.500 PX:159.000 PY:-40.000 LAN:4 BRK:0 RX_X:0.000 RX_Y:0.000 RX_Z:0.000
[ZONE-ROUTE] CID:8 zone=1 edge_port=9998
[EDGE-RTT] CID:8 wall=1.1 ms  sim_delay=10.0 ms
>>> [UAV->CLOUD] BLK:db00|TX:7.0.0.12|CID:8|TS:6.952|SPD:20.0|HDG:0.5|PX:159.0|PY:-40.0|L...
✓ [CAR 8] ACT=OK REP=1.000 RWD=1.000 PNL=0.000 CREDIT=9
[PASSIVE-BEACON] SIMNOW:6.986 CID:7 ZONE:1 RXUAV:1 EDGEPORT:9998 TS:6.972 SPD:19.900 HDG:1.700 PX:159.400 PY:-30.000 LAN:3 BRK:1 RX_X:0.000 RX_Y:0.000 RX_Z:0.000
[ZONE-ROUTE] CID:7 zone=1 edge_port=9998
[EDGE-RTT] CID:7 wall=1.2 ms  sim_delay=10.0 ms
>>> [UAV->CLOUD] BLK:7622|TX:7.0.0.11|CID:7|TS:6.972|SPD:19.9|HDG:1.7|PX:159.4|PY:-30.0|L...
✓ [CAR 7] ACT=OK REP=0.979 RWD=1.000 PNL=0.000 CREDIT=9
[PASSIVE-BEACON] SIMNOW:7.104 CID:2 ZONE:1 RXUAV:1 EDGEPORT:9998 TS:7.090 SPD:19.700 HDG:0.900 PX:142.300 PY:-30.000 LAN:3 BRK:0 RX_X:0.000 RX_Y:0.000 RX_Z:0.000
[ZONE-ROUTE] CID:2 zone=1 edge_port=9998
[EDGE-RTT] CID:2 wall=1.1 ms  sim_delay=10.0 ms
>>> [UAV->CLOUD] BLK:9075|TX:7.0.0.6|CID:2|TS:7.090|SPD:19.7|HDG:0.9|PX:142.3|PY:-30.0|LA...
✓ [CAR 2] ACT=OK REP=0.716 RWD=1.000 PNL=0.000 CREDIT=9
[PASSIVE-BEACON] SIMNOW:7.124 CID:0 ZONE:1 RXUAV:1 EDGEPORT:9998 TS:7.110 SPD:20.500 HDG:-1.100 PX:142.900 PY:-10.000 LAN:1 BRK:1 RX_X:0.000 RX_Y:0.000 RX_Z:0.000
[ZONE-ROUTE] CID:0 zone=1 edge_port=9998
[EDGE-RTT] CID:0 wall=1.2 ms  sim_delay=10.0 ms
>>> [UAV->CLOUD] BLK:3b19|TX:7.0.0.4|CID:0|TS:7.110|SPD:20.5|HDG:-1.1|PX:142.9|PY:-10.0|L...
✓ [CAR 0] ACT=OK REP=0.855 RWD=1.000 PNL=0.000 CREDIT=9
[PASSIVE-BEACON] SIMNOW:7.144 CID:4 ZONE:1 RXUAV:1 EDGEPORT:9998 TS:7.130 SPD:19.800 HDG:0.300 PX:141.900 PY:-50.000 LAN:5 BRK:0 RX_X:0.000 RX_Y:0.000 RX_Z:0.000
[ZONE-ROUTE] CID:4 zone=1 edge_port=9998
[EDGE-RTT] CID:4 wall=1.1 ms  sim_delay=10.0 ms
>>> [UAV->CLOUD] BLK:e226|TX:7.0.0.8|CID:4|TS:7.130|SPD:19.8|HDG:0.3|PX:141.9|PY:-50.0|LA...
✓ [CAR 4] ACT=OK REP=0.785 RWD=1.000 PNL=0.000 CREDIT=9
[PASSIVE-BEACON] SIMNOW:7.256 CID:5 ZONE:1 RXUAV:1 EDGEPORT:9998 TS:7.242 SPD:20.400 HDG:-1.400 PX:165.300 PY:-10.000 LAN:1 BRK:0 RX_X:0.000 RX_Y:0.000 RX_Z:0.000
[ZONE-ROUTE] CID:5 zone=1 edge_port=9998
[EDGE-RTT] CID:5 wall=1.1 ms  sim_delay=10.0 ms
>>> [UAV->CLOUD] BLK:9459|TX:7.0.0.9|CID:5|TS:7.242|SPD:20.4|HDG:-1.4|PX:165.3|PY:-10.0|L...
✓ [CAR 5] ACT=OK REP=0.794 RWD=1.000 PNL=0.000 CREDIT=10
[PASSIVE-BEACON] SIMNOW:7.306 CID:6 ZONE:1 RXUAV:1 EDGEPORT:9998 TS:7.292 SPD:20.300 HDG:-1.400 PX:166.000 PY:-20.000 LAN:2 BRK:0 RX_X:0.000 RX_Y:0.000 RX_Z:0.000
[ZONE-ROUTE] CID:6 zone=1 edge_port=9998
[EDGE-RTT] CID:6 wall=1.0 ms  sim_delay=10.0 ms
>>> [UAV->CLOUD] BLK:0ba3|TX:7.0.0.10|CID:6|TS:7.292|SPD:20.3|HDG:-1.4|PX:166.0|PY:-20.0|...
[PASSIVE-BEACON] SIMNOW:7.316 CID:9 ZONE:1 RXUAV:1 EDGEPORT:9998 TS:7.302 SPD:20.200 HDG:2.000 PX:166.700 PY:-50.000 LAN:5 BRK:1 RX_X:0.000 RX_Y:0.000 RX_Z:0.000
[ZONE-ROUTE] CID:9 zone=1 edge_port=9998
[EDGE-RTT] CID:9 wall=0.8 ms  sim_delay=10.0 ms
>>> [UAV->CLOUD] BLK:5988|TX:7.0.0.13|CID:9|TS:7.302|SPD:20.2|HDG:2.0|PX:166.7|PY:-50.0|L...
✓ [CAR 6] ACT=OK REP=1.000 RWD=1.000 PNL=0.000 CREDIT=10
✓ [CAR 9] ACT=OK REP=1.000 RWD=1.000 PNL=0.000 CREDIT=10
[PASSIVE-BEACON] SIMNOW:7.385 CID:1 ZONE:1 RXUAV:1 EDGEPORT:9998 TS:7.370 SPD:20.400 HDG:-1.800 PX:147.300 PY:-20.000 LAN:2 BRK:0 RX_X:0.000 RX_Y:0.000 RX_Z:0.000
[ZONE-ROUTE] CID:1 zone=1 edge_port=9998
[EDGE-RTT] CID:1 wall=1.3 ms  sim_delay=10.0 ms
>>> [UAV->CLOUD] BLK:8762|TX:7.0.0.5|CID:1|TS:7.370|SPD:20.4|HDG:-1.8|PX:147.3|PY:-20.0|L...
✓ [CAR 1] ACT=OK REP=1.000 RWD=1.000 PNL=0.000 CREDIT=10
[PASSIVE-BEACON] SIMNOW:7.414 CID:3 ZONE:1 RXUAV:1 EDGEPORT:9998 TS:7.400 SPD:19.700 HDG:0.600 PX:148.200 PY:-40.000 LAN:4 BRK:0 RX_X:0.000 RX_Y:0.000 RX_Z:0.000
[ZONE-ROUTE] CID:3 zone=1 edge_port=9998
[EDGE-RTT] CID:3 wall=0.9 ms  sim_delay=10.0 ms
>>> [UAV->CLOUD] BLK:09c6|TX:7.0.0.7|CID:3|TS:7.400|SPD:19.7|HDG:0.6|PX:148.2|PY:-40.0|LA...
✓ [CAR 3] ACT=OK REP=0.777 RWD=1.000 PNL=0.000 CREDIT=9
[PASSIVE-BEACON] SIMNOW:7.466 CID:8 ZONE:1 RXUAV:1 EDGEPORT:9998 TS:7.452 SPD:19.800 HDG:1.600 PX:168.500 PY:-40.000 LAN:4 BRK:0 RX_X:0.000 RX_Y:0.000 RX_Z:0.000
[ZONE-ROUTE] CID:8 zone=1 edge_port=9998
[EDGE-RTT] CID:8 wall=1.3 ms  sim_delay=10.0 ms
>>> [UAV->CLOUD] BLK:9d88|TX:7.0.0.12|CID:8|TS:7.452|SPD:19.8|HDG:1.6|PX:168.5|PY:-40.0|L...
✓ [CAR 8] ACT=OK REP=1.000 RWD=1.000 PNL=0.000 CREDIT=10
[PASSIVE-BEACON] SIMNOW:7.486 CID:7 ZONE:1 RXUAV:1 EDGEPORT:9998 TS:7.472 SPD:20.200 HDG:1.200 PX:169.800 PY:-30.000 LAN:3 BRK:0 RX_X:0.000 RX_Y:0.000 RX_Z:0.000
[ZONE-ROUTE] CID:7 zone=1 edge_port=9998
[EDGE-RTT] CID:7 wall=1.1 ms  sim_delay=10.0 ms
>>> [UAV->CLOUD] BLK:cdfa|TX:7.0.0.11|CID:7|TS:7.472|SPD:20.2|HDG:1.2|PX:169.8|PY:-30.0|L...
✓ [CAR 7] ACT=OK REP=0.751 RWD=1.000 PNL=0.000 CREDIT=10
[PASSIVE-BEACON] SIMNOW:7.604 CID:2 ZONE:1 RXUAV:1 EDGEPORT:9998 TS:7.590 SPD:20.000 HDG:-1.600 PX:151.300 PY:-30.000 LAN:3 BRK:0 RX_X:0.000 RX_Y:0.000 RX_Z:0.000
[ZONE-ROUTE] CID:2 zone=1 edge_port=9998
[EDGE-RTT] CID:2 wall=1.1 ms  sim_delay=10.0 ms
>>> [UAV->CLOUD] BLK:4b24|TX:7.0.0.6|CID:2|TS:7.590|SPD:20.0|HDG:-1.6|PX:151.3|PY:-30.0|L...
✓ [CAR 2] ACT=OK REP=0.736 RWD=1.000 PNL=0.000 CREDIT=10
[PASSIVE-BEACON] SIMNOW:7.623 CID:0 ZONE:1 RXUAV:1 EDGEPORT:9998 TS:7.610 SPD:20.100 HDG:1.800 PX:152.900 PY:-10.000 LAN:1 BRK:0 RX_X:0.000 RX_Y:0.000 RX_Z:0.000
[ZONE-ROUTE] CID:0 zone=1 edge_port=9998
[EDGE-RTT] CID:0 wall=1.4 ms  sim_delay=10.0 ms
>>> [UAV->CLOUD] BLK:7d9a|TX:7.0.0.4|CID:0|TS:7.610|SPD:20.1|HDG:1.8|PX:152.9|PY:-10.0|LA...
✓ [CAR 0] ACT=OK REP=0.768 RWD=1.000 PNL=0.000 CREDIT=10
[PASSIVE-BEACON] SIMNOW:7.645 CID:4 ZONE:1 RXUAV:1 EDGEPORT:9998 TS:7.630 SPD:20.100 HDG:-1.800 PX:152.100 PY:-50.000 LAN:5 BRK:0 RX_X:0.000 RX_Y:0.000 RX_Z:0.000
[ZONE-ROUTE] CID:4 zone=1 edge_port=9998
[EDGE-RTT] CID:4 wall=1.3 ms  sim_delay=10.0 ms
>>> [UAV->CLOUD] BLK:b0f7|TX:7.0.0.8|CID:4|TS:7.630|SPD:20.1|HDG:-1.8|PX:152.1|PY:-50.0|L...
✓ [CAR 4] ACT=OK REP=0.919 RWD=1.000 PNL=0.000 CREDIT=10
[PASSIVE-BEACON] SIMNOW:7.756 CID:5 ZONE:1 RXUAV:1 EDGEPORT:9998 TS:7.742 SPD:20.000 HDG:0.100 PX:174.800 PY:-10.000 LAN:1 BRK:0 RX_X:0.000 RX_Y:0.000 RX_Z:0.000
[ZONE-ROUTE] CID:5 zone=1 edge_port=9998
[EDGE-RTT] CID:5 wall=1.2 ms  sim_delay=10.0 ms
>>> [UAV->CLOUD] BLK:5e72|TX:7.0.0.9|CID:5|TS:7.742|SPD:20.0|HDG:0.1|PX:174.8|PY:-10.0|LA...
✓ [CAR 5] ACT=OK REP=0.798 RWD=1.000 PNL=0.000 CREDIT=11
[PASSIVE-BEACON] SIMNOW:7.806 CID:6 ZONE:1 RXUAV:1 EDGEPORT:9998 TS:7.792 SPD:19.900 HDG:-1.300 PX:175.100 PY:-20.000 LAN:2 BRK:0 RX_X:0.000 RX_Y:0.000 RX_Z:0.000
[ZONE-ROUTE] CID:6 zone=1 edge_port=9998
[EDGE-RTT] CID:6 wall=1.2 ms  sim_delay=10.0 ms
>>> [UAV->CLOUD] BLK:569a|TX:7.0.0.10|CID:6|TS:7.792|SPD:19.9|HDG:-1.3|PX:175.1|PY:-20.0|...
[PASSIVE-BEACON] SIMNOW:7.816 CID:9 ZONE:1 RXUAV:1 EDGEPORT:9998 TS:7.802 SPD:20.500 HDG:0.900 PX:176.200 PY:-50.000 LAN:5 BRK:0 RX_X:0.000 RX_Y:0.000 RX_Z:0.000
[ZONE-ROUTE] CID:9 zone=1 edge_port=9998
[EDGE-RTT] CID:9 wall=1.3 ms  sim_delay=10.0 ms
>>> [UAV->CLOUD] BLK:c901|TX:7.0.0.13|CID:9|TS:7.802|SPD:20.5|HDG:0.9|PX:176.2|PY:-50.0|L...
✓ [CAR 6] ACT=OK REP=0.764 RWD=1.000 PNL=0.000 CREDIT=11
✓ [CAR 9] ACT=OK REP=0.934 RWD=1.000 PNL=0.000 CREDIT=11
[PASSIVE-BEACON] SIMNOW:7.884 CID:1 ZONE:1 RXUAV:1 EDGEPORT:9998 TS:7.870 SPD:19.900 HDG:-0.700 PX:157.900 PY:-20.000 LAN:2 BRK:0 RX_X:0.000 RX_Y:0.000 RX_Z:0.000
[ZONE-ROUTE] CID:1 zone=1 edge_port=9998
[EDGE-RTT] CID:1 wall=1.4 ms  sim_delay=10.0 ms
>>> [UAV->CLOUD] BLK:9fb0|TX:7.0.0.5|CID:1|TS:7.870|SPD:19.9|HDG:-0.7|PX:157.9|PY:-20.0|L...
✓ [CAR 1] ACT=OK REP=0.716 RWD=1.000 PNL=0.000 CREDIT=11
[PASSIVE-BEACON] SIMNOW:7.914 CID:3 ZONE:1 RXUAV:1 EDGEPORT:9998 TS:7.900 SPD:20.400 HDG:0.900 PX:158.300 PY:-40.000 LAN:4 BRK:0 RX_X:0.000 RX_Y:0.000 RX_Z:0.000
[ZONE-ROUTE] CID:3 zone=1 edge_port=9998
[EDGE-RTT] CID:3 wall=1.5 ms  sim_delay=10.0 ms
>>> [UAV->CLOUD] BLK:5c15|TX:7.0.0.7|CID:3|TS:7.900|SPD:20.4|HDG:0.9|PX:158.3|PY:-40.0|LA...
✓ [CAR 3] ACT=OK REP=0.992 RWD=1.000 PNL=0.000 CREDIT=10
[PASSIVE-BEACON] SIMNOW:7.966 CID:8 ZONE:1 RXUAV:1 EDGEPORT:9998 TS:7.952 SPD:19.900 HDG:-0.700 PX:179.400 PY:-40.000 LAN:4 BRK:0 RX_X:0.000 RX_Y:0.000 RX_Z:0.000
[ZONE-ROUTE] CID:8 zone=1 edge_port=9998
[EDGE-RTT] CID:8 wall=1.3 ms  sim_delay=10.0 ms
>>> [UAV->CLOUD] BLK:a401|TX:7.0.0.12|CID:8|TS:7.952|SPD:19.9|HDG:-0.7|PX:179.4|PY:-40.0|...
✓ [CAR 8] ACT=OK REP=0.661 RWD=1.000 PNL=0.000 CREDIT=11
[PASSIVE-BEACON] SIMNOW:7.986 CID:7 ZONE:1 RXUAV:1 EDGEPORT:9998 TS:7.972 SPD:20.400 HDG:-1.500 PX:179.400 PY:-30.000 LAN:3 BRK:0 RX_X:0.000 RX_Y:0.000 RX_Z:0.000
[ZONE-ROUTE] CID:7 zone=1 edge_port=9998
[EDGE-RTT] CID:7 wall=1.3 ms  sim_delay=10.0 ms
>>> [UAV->CLOUD] BLK:f69e|TX:7.0.0.11|CID:7|TS:7.972|SPD:20.4|HDG:-1.5|PX:179.4|PY:-30.0|...
✓ [CAR 7] ACT=OK REP=0.697 RWD=1.000 PNL=0.000 CREDIT=11
[PASSIVE-BEACON] SIMNOW:8.104 CID:2 ZONE:1 RXUAV:1 EDGEPORT:9998 TS:8.090 SPD:19.800 HDG:1.200 PX:161.800 PY:-30.000 LAN:3 BRK:1 RX_X:0.000 RX_Y:0.000 RX_Z:0.000
[ZONE-ROUTE] CID:2 zone=1 edge_port=9998
[EDGE-RTT] CID:2 wall=1.3 ms  sim_delay=10.0 ms
>>> [UAV->CLOUD] BLK:dc91|TX:7.0.0.6|CID:2|TS:8.090|SPD:19.8|HDG:1.2|PX:161.8|PY:-30.0|LA...
✓ [CAR 2] ACT=OK REP=0.922 RWD=1.000 PNL=0.000 CREDIT=11
[PASSIVE-BEACON] SIMNOW:8.124 CID:0 ZONE:1 RXUAV:1 EDGEPORT:9998 TS:8.110 SPD:19.900 HDG:0.900 PX:161.600 PY:-10.000 LAN:1 BRK:0 RX_X:0.000 RX_Y:0.000 RX_Z:0.000
[ZONE-ROUTE] CID:0 zone=1 edge_port=9998
[EDGE-RTT] CID:0 wall=5.8 ms  sim_delay=10.0 ms
>>> [UAV->CLOUD] BLK:6530|TX:7.0.0.4|CID:0|TS:8.110|SPD:19.9|HDG:0.9|PX:161.6|PY:-10.0|LA...
✓ [CAR 0] ACT=OK REP=0.817 RWD=1.000 PNL=0.000 CREDIT=11
[PASSIVE-BEACON] SIMNOW:8.144 CID:4 ZONE:1 RXUAV:1 EDGEPORT:9998 TS:8.130 SPD:20.400 HDG:1.200 PX:162.000 PY:-50.000 LAN:5 BRK:0 RX_X:0.000 RX_Y:0.000 RX_Z:0.000
[ZONE-ROUTE] CID:4 zone=1 edge_port=9998
[EDGE-RTT] CID:4 wall=1.3 ms  sim_delay=10.0 ms
>>> [UAV->CLOUD] BLK:aad8|TX:7.0.0.8|CID:4|TS:8.130|SPD:20.4|HDG:1.2|PX:162.0|PY:-50.0|LA...
✓ [CAR 4] ACT=OK REP=1.000 RWD=1.000 PNL=0.000 CREDIT=11
[PASSIVE-BEACON] SIMNOW:8.306 CID:6 ZONE:1 RXUAV:1 EDGEPORT:9998 TS:8.292 SPD:19.900 HDG:1.200 PX:185.700 PY:-20.000 LAN:2 BRK:0 RX_X:0.000 RX_Y:0.000 RX_Z:0.000
[ZONE-ROUTE] CID:6 zone=1 edge_port=9998
[EDGE-RTT] CID:6 wall=1.4 ms  sim_delay=10.0 ms
>>> [UAV->CLOUD] BLK:0d3b|TX:7.0.0.10|CID:6|TS:8.292|SPD:19.9|HDG:1.2|PX:185.7|PY:-20.0|L...
[PASSIVE-BEACON] SIMNOW:8.316 CID:9 ZONE:1 RXUAV:1 EDGEPORT:9998 TS:8.302 SPD:19.900 HDG:0.300 PX:186.200 PY:-50.000 LAN:5 BRK:0 RX_X:0.000 RX_Y:0.000 RX_Z:0.000
[ZONE-ROUTE] CID:9 zone=1 edge_port=9998
[EDGE-RTT] CID:9 wall=1.2 ms  sim_delay=10.0 ms
>>> [UAV->CLOUD] BLK:2e64|TX:7.0.0.13|CID:9|TS:8.302|SPD:19.9|HDG:0.3|PX:186.2|PY:-50.0|L...
✓ [CAR 6] ACT=OK REP=0.922 RWD=1.000 PNL=0.000 CREDIT=12
✓ [CAR 9] ACT=OK REP=0.906 RWD=1.000 PNL=0.000 CREDIT=12
[PASSIVE-BEACON] SIMNOW:8.363 CID:5 ZONE:1 RXUAV:1 EDGEPORT:9998 TS:8.242 SPD:19.700 HDG:1.700 PX:184.700 PY:-10.000 LAN:1 BRK:1 RX_X:0.000 RX_Y:0.000 RX_Z:0.000
[ZONE-ROUTE] CID:5 zone=1 edge_port=9998
[EDGE-RTT] CID:5 wall=1.3 ms  sim_delay=10.0 ms
>>> [UAV->CLOUD] BLK:4277|TX:7.0.0.9|CID:5|TS:8.242|SPD:19.7|HDG:1.7|PX:184.7|PY:-10.0|LA...
[PASSIVE-BEACON] SIMNOW:8.384 CID:1 ZONE:1 RXUAV:1 EDGEPORT:9998 TS:8.370 SPD:20.300 HDG:-1.100 PX:166.700 PY:-20.000 LAN:2 BRK:0 RX_X:0.000 RX_Y:0.000 RX_Z:0.000
[ZONE-ROUTE] CID:1 zone=1 edge_port=9998
[EDGE-RTT] CID:1 wall=1.4 ms  sim_delay=10.0 ms
>>> [UAV->CLOUD] BLK:76c3|TX:7.0.0.5|CID:1|TS:8.370|SPD:20.3|HDG:-1.1|PX:166.7|PY:-20.0|L...
✓ [CAR 1] ACT=OK REP=0.929 RWD=1.000 PNL=0.000 CREDIT=12
[PASSIVE-BEACON] SIMNOW:8.414 CID:3 ZONE:1 RXUAV:1 EDGEPORT:9998 TS:8.400 SPD:20.000 HDG:1.900 PX:168.200 PY:-40.000 LAN:4 BRK:0 RX_X:0.000 RX_Y:0.000 RX_Z:0.000
[ZONE-ROUTE] CID:3 zone=1 edge_port=9998
[EDGE-RTT] CID:3 wall=1.5 ms  sim_delay=10.0 ms
>>> [UAV->CLOUD] BLK:ee94|TX:7.0.0.7|CID:3|TS:8.400|SPD:20.0|HDG:1.9|PX:168.2|PY:-40.0|LA...
✓ [CAR 3] ACT=OK REP=0.548 RWD=1.000 PNL=0.000 CREDIT=11
[PASSIVE-BEACON] SIMNOW:8.466 CID:8 ZONE:1 RXUAV:1 EDGEPORT:9998 TS:8.452 SPD:20.200 HDG:1.700 PX:188.700 PY:-40.000 LAN:4 BRK:0 RX_X:0.000 RX_Y:0.000 RX_Z:0.000
[ZONE-ROUTE] CID:8 zone=1 edge_port=9998
[EDGE-RTT] CID:8 wall=0.9 ms  sim_delay=10.0 ms
>>> [UAV->CLOUD] BLK:6b93|TX:7.0.0.12|CID:8|TS:8.452|SPD:20.2|HDG:1.7|PX:188.7|PY:-40.0|L...
✓ [CAR 8] ACT=OK REP=0.882 RWD=1.000 PNL=0.000 CREDIT=12
[PKT-DROP] UAV dropped telemetry from 7.0.0.11 (drop_rate=1%)
[PASSIVE-BEACON] SIMNOW:8.604 CID:2 ZONE:1 RXUAV:1 EDGEPORT:9998 TS:8.590 SPD:20.400 HDG:-0.600 PX:171.800 PY:-30.000 LAN:3 BRK:0 RX_X:0.000 RX_Y:0.000 RX_Z:0.000
[ZONE-ROUTE] CID:2 zone=1 edge_port=9998
[EDGE-RTT] CID:2 wall=1.4 ms  sim_delay=10.0 ms
>>> [UAV->CLOUD] BLK:f650|TX:7.0.0.6|CID:2|TS:8.590|SPD:20.4|HDG:-0.6|PX:171.8|PY:-30.0|L...
✓ [CAR 2] ACT=OK REP=0.960 RWD=1.000 PNL=0.000 CREDIT=12
[PASSIVE-BEACON] SIMNOW:8.624 CID:0 ZONE:1 RXUAV:1 EDGEPORT:9998 TS:8.610 SPD:19.800 HDG:1.100 PX:171.600 PY:-10.000 LAN:1 BRK:0 RX_X:0.000 RX_Y:0.000 RX_Z:0.000
[ZONE-ROUTE] CID:0 zone=1 edge_port=9998
[EDGE-RTT] CID:0 wall=1.4 ms  sim_delay=10.0 ms
>>> [UAV->CLOUD] BLK:1ca3|TX:7.0.0.4|CID:0|TS:8.610|SPD:19.8|HDG:1.1|PX:171.6|PY:-10.0|LA...
✓ [CAR 0] ACT=OK REP=0.979 RWD=1.000 PNL=0.000 CREDIT=12
[PASSIVE-BEACON] SIMNOW:8.645 CID:4 ZONE:1 RXUAV:1 EDGEPORT:9998 TS:8.630 SPD:20.000 HDG:0.500 PX:171.900 PY:-50.000 LAN:5 BRK:0 RX_X:0.000 RX_Y:0.000 RX_Z:0.000
[ZONE-ROUTE] CID:4 zone=1 edge_port=9998
[EDGE-RTT] CID:4 wall=1.2 ms  sim_delay=10.0 ms
>>> [UAV->CLOUD] BLK:97af|TX:7.0.0.8|CID:4|TS:8.630|SPD:20.0|HDG:0.5|PX:171.9|PY:-50.0|LA...
✓ [CAR 4] ACT=OK REP=0.843 RWD=1.000 PNL=0.000 CREDIT=12
[PASSIVE-BEACON] SIMNOW:8.769 CID:5 ZONE:1 RXUAV:1 EDGEPORT:9998 TS:8.742 SPD:20.400 HDG:-0.400 PX:194.200 PY:-10.000 LAN:1 BRK:0 RX_X:0.000 RX_Y:0.000 RX_Z:0.000
[ZONE-ROUTE] CID:5 zone=1 edge_port=9998
[EDGE-RTT] CID:5 wall=1.1 ms  sim_delay=10.0 ms
>>> [UAV->CLOUD] BLK:f631|TX:7.0.0.9|CID:5|TS:8.742|SPD:20.4|HDG:-0.4|PX:194.2|PY:-10.0|L...
[PASSIVE-BEACON] SIMNOW:8.806 CID:6 ZONE:1 RXUAV:1 EDGEPORT:9998 TS:8.792 SPD:19.800 HDG:-1.600 PX:195.300 PY:-20.000 LAN:2 BRK:0 RX_X:0.000 RX_Y:0.000 RX_Z:0.000
[ZONE-ROUTE] CID:6 zone=1 edge_port=9998
[EDGE-RTT] CID:6 wall=0.8 ms  sim_delay=10.0 ms
>>> [UAV->CLOUD] BLK:a4f2|TX:7.0.0.10|CID:6|TS:8.792|SPD:19.8|HDG:-1.6|PX:195.3|PY:-20.0|...
[PASSIVE-BEACON] SIMNOW:8.816 CID:9 ZONE:1 RXUAV:1 EDGEPORT:9998 TS:8.802 SPD:20.100 HDG:-1.600 PX:195.400 PY:-50.000 LAN:5 BRK:0 RX_X:0.000 RX_Y:0.000 RX_Z:0.000
[ZONE-ROUTE] CID:9 zone=1 edge_port=9998
[EDGE-RTT] CID:9 wall=1.1 ms  sim_delay=10.0 ms
>>> [UAV->CLOUD] BLK:5534|TX:7.0.0.13|CID:9|TS:8.802|SPD:20.1|HDG:-1.6|PX:195.4|PY:-50.0|...
✓ [CAR 6] ACT=OK REP=0.768 RWD=1.000 PNL=0.000 CREDIT=13
✓ [CAR 9] ACT=OK REP=0.770 RWD=1.000 PNL=0.000 CREDIT=13
[PASSIVE-BEACON] SIMNOW:8.884 CID:1 ZONE:1 RXUAV:1 EDGEPORT:9998 TS:8.870 SPD:20.000 HDG:-0.500 PX:177.700 PY:-20.000 LAN:2 BRK:0 RX_X:0.000 RX_Y:0.000 RX_Z:0.000
[ZONE-ROUTE] CID:1 zone=1 edge_port=9998
[EDGE-RTT] CID:1 wall=1.3 ms  sim_delay=10.0 ms
>>> [UAV->CLOUD] BLK:d35a|TX:7.0.0.5|CID:1|TS:8.870|SPD:20.0|HDG:-0.5|PX:177.7|PY:-20.0|L...
✓ [CAR 5] ACT=OK REP=0.857 RWD=1.000 PNL=0.000 CREDIT=13
✓ [CAR 1] ACT=OK REP=0.739 RWD=1.000 PNL=0.000 CREDIT=13
[PASSIVE-BEACON] SIMNOW:8.914 CID:3 ZONE:1 RXUAV:1 EDGEPORT:9998 TS:8.900 SPD:20.400 HDG:-1.900 PX:178.600 PY:-40.000 LAN:4 BRK:0 RX_X:0.000 RX_Y:0.000 RX_Z:0.000
[ZONE-ROUTE] CID:3 zone=1 edge_port=9998
[EDGE-RTT] CID:3 wall=1.3 ms  sim_delay=10.0 ms
>>> [UAV->CLOUD] BLK:35b5|TX:7.0.0.7|CID:3|TS:8.900|SPD:20.4|HDG:-1.9|PX:178.6|PY:-40.0|L...
✓ [CAR 3] ACT=OK REP=0.566 RWD=1.000 PNL=0.000 CREDIT=12
[PASSIVE-BEACON] SIMNOW:8.966 CID:8 ZONE:1 RXUAV:1 EDGEPORT:9998 TS:8.952 SPD:20.100 HDG:1.500 PX:199.600 PY:-40.000 LAN:4 BRK:0 RX_X:0.000 RX_Y:0.000 RX_Z:0.000
[ZONE-ROUTE] CID:8 zone=1 edge_port=9998
[EDGE-RTT] CID:8 wall=0.8 ms  sim_delay=10.0 ms
>>> [UAV->CLOUD] BLK:1172|TX:7.0.0.12|CID:8|TS:8.952|SPD:20.1|HDG:1.5|PX:199.6|PY:-40.0|L...
✓ [CAR 8] ACT=OK REP=0.833 RWD=1.000 PNL=0.000 CREDIT=13
[PASSIVE-BEACON] SIMNOW:8.986 CID:7 ZONE:1 RXUAV:1 EDGEPORT:9998 TS:8.972 SPD:20.300 HDG:-0.400 PX:199.500 PY:-30.000 LAN:3 BRK:0 RX_X:0.000 RX_Y:0.000 RX_Z:0.000
[ZONE-ROUTE] CID:7 zone=1 edge_port=9998
[EDGE-RTT] CID:7 wall=1.3 ms  sim_delay=10.0 ms
>>> [UAV->CLOUD] BLK:d185|TX:7.0.0.11|CID:7|TS:8.972|SPD:20.3|HDG:-0.4|PX:199.5|PY:-30.0|...
✓ [CAR 7] ACT=OK REP=1.000 RWD=1.000 PNL=0.000 CREDIT=12
[PASSIVE-BEACON] SIMNOW:9.104 CID:2 ZONE:1 RXUAV:1 EDGEPORT:9998 TS:9.090 SPD:20.000 HDG:-1.100 PX:181.200 PY:-30.000 LAN:3 BRK:0 RX_X:0.000 RX_Y:0.000 RX_Z:0.000
[ZONE-ROUTE] CID:2 zone=1 edge_port=9998
[EDGE-RTT] CID:2 wall=1.2 ms  sim_delay=10.0 ms
>>> [UAV->CLOUD] BLK:eeaf|TX:7.0.0.6|CID:2|TS:9.090|SPD:20.0|HDG:-1.1|PX:181.2|PY:-30.0|L...
✓ [CAR 2] ACT=OK REP=0.727 RWD=1.000 PNL=0.000 CREDIT=13
[PASSIVE-BEACON] SIMNOW:9.123 CID:0 ZONE:1 RXUAV:1 EDGEPORT:9998 TS:9.110 SPD:20.500 HDG:-1.600 PX:181.900 PY:-10.000 LAN:1 BRK:0 RX_X:0.000 RX_Y:0.000 RX_Z:0.000
[ZONE-ROUTE] CID:0 zone=1 edge_port=9998
[EDGE-RTT] CID:0 wall=1.2 ms  sim_delay=10.0 ms
>>> [UAV->CLOUD] BLK:593a|TX:7.0.0.4|CID:0|TS:9.110|SPD:20.5|HDG:-1.6|PX:181.9|PY:-10.0|L...
✓ [CAR 0] ACT=OK REP=0.810 RWD=1.000 PNL=0.000 CREDIT=13
[PASSIVE-BEACON] SIMNOW:9.144 CID:4 ZONE:1 RXUAV:1 EDGEPORT:9998 TS:9.130 SPD:19.700 HDG:0.600 PX:183.000 PY:-50.000 LAN:5 BRK:1 RX_X:0.000 RX_Y:0.000 RX_Z:0.000
[ZONE-ROUTE] CID:4 zone=1 edge_port=9998
[EDGE-RTT] CID:4 wall=1.2 ms  sim_delay=10.0 ms
>>> [UAV->CLOUD] BLK:a60a|TX:7.0.0.8|CID:4|TS:9.130|SPD:19.7|HDG:0.6|PX:183.0|PY:-50.0|LA...
✓ [CAR 4] ACT=OK REP=0.884 RWD=1.000 PNL=0.000 CREDIT=13
[PASSIVE-BEACON] SIMNOW:9.306 CID:6 ZONE:1 RXUAV:1 EDGEPORT:9998 TS:9.292 SPD:20.200 HDG:-0.100 PX:205.700 PY:-20.000 LAN:2 BRK:0 RX_X:0.000 RX_Y:0.000 RX_Z:0.000
[ZONE-ROUTE] CID:6 zone=1 edge_port=9998
[EDGE-RTT] CID:6 wall=1.4 ms  sim_delay=10.0 ms
[TRUST-UPGRADE] CID:6 earned LANE_UPGRADE after 15 clean packets → lane 0 + 2.0 m/s
>>> [UAV->CLOUD] BLK:140b|TX:7.0.0.10|CID:6|TS:9.292|SPD:20.2|HDG:-0.1|PX:205.7|PY:-20.0|...
[PASSIVE-BEACON] SIMNOW:9.316 CID:9 ZONE:1 RXUAV:1 EDGEPORT:9998 TS:9.302 SPD:19.500 HDG:0.100 PX:205.500 PY:-50.000 LAN:5 BRK:0 RX_X:0.000 RX_Y:0.000 RX_Z:0.000
[ZONE-ROUTE] CID:9 zone=1 edge_port=9998
[EDGE-RTT] CID:9 wall=1.1 ms  sim_delay=10.0 ms
[TRUST-UPGRADE] CID:9 earned LANE_UPGRADE after 15 clean packets → lane 0 + 2.0 m/s
>>> [UAV->CLOUD] BLK:77c7|TX:7.0.0.13|CID:9|TS:9.302|SPD:19.5|HDG:0.1|PX:205.5|PY:-50.0|L...
[TRUST-APPLIED] CID:6 LANE_UPGRADE → logical reward only; telemetry lane unchanged lane=2 speed unchanged=20.0 m/s [reward-speed disabled to avoid M1 false positive]
✓ [CAR 6] ACT=OK REP=0.500 RWD=1.500 PNL=0.000 CREDIT=15
✓ [CAR 6] ACT=OK REP=0.851 RWD=1.000 PNL=0.000 CREDIT=14
[TRUST-APPLIED] CID:9 LANE_UPGRADE → logical reward only; telemetry lane unchanged lane=5 speed unchanged=20.000 m/s [reward-speed disabled to avoid M1 false positive]
✓ [CAR 9] ACT=OK REP=0.500 RWD=1.500 PNL=0.000 CREDIT=15
✓ [CAR 9] ACT=OK REP=1.000 RWD=1.000 PNL=0.000 CREDIT=14
[PASSIVE-BEACON] SIMNOW:9.384 CID:1 ZONE:1 RXUAV:1 EDGEPORT:9998 TS:9.370 SPD:20.200 HDG:0.400 PX:188.100 PY:-20.000 LAN:2 BRK:1 RX_X:0.000 RX_Y:0.000 RX_Z:0.000
[ZONE-ROUTE] CID:1 zone=1 edge_port=9998
[EDGE-RTT] CID:1 wall=1.4 ms  sim_delay=10.0 ms
[TRUST-UPGRADE] CID:1 earned LANE_UPGRADE after 15 clean packets → lane 0 + 2.0 m/s
>>> [UAV->CLOUD] BLK:e150|TX:7.0.0.5|CID:1|TS:9.370|SPD:20.2|HDG:0.4|PX:188.1|PY:-20.0|LA...
[TRUST-APPLIED] CID:1 LANE_UPGRADE → logical reward only; telemetry lane unchanged lane=2 speed unchanged=20.0 m/s [reward-speed disabled to avoid M1 false positive]
✓ [CAR 1] ACT=OK REP=0.500 RWD=1.500 PNL=0.000 CREDIT=15
✓ [CAR 1] ACT=OK REP=0.961 RWD=1.000 PNL=0.000 CREDIT=14
[PASSIVE-BEACON] SIMNOW:9.414 CID:3 ZONE:1 RXUAV:1 EDGEPORT:9998 TS:9.400 SPD:20.000 HDG:1.000 PX:187.800 PY:-40.000 LAN:4 BRK:1 RX_X:0.000 RX_Y:0.000 RX_Z:0.000
[ZONE-ROUTE] CID:3 zone=1 edge_port=9998
[EDGE-RTT] CID:3 wall=1.2 ms  sim_delay=10.0 ms
>>> [UAV->CLOUD] BLK:263d|TX:7.0.0.7|CID:3|TS:9.400|SPD:20.0|HDG:1.0|PX:187.8|PY:-40.0|LA...
✓ [CAR 3] ACT=OK REP=0.929 RWD=1.000 PNL=0.000 CREDIT=13
[PASSIVE-BEACON] SIMNOW:9.466 CID:8 ZONE:1 RXUAV:1 EDGEPORT:9998 TS:9.452 SPD:19.500 HDG:1.600 PX:208.700 PY:-40.000 LAN:4 BRK:0 RX_X:0.000 RX_Y:0.000 RX_Z:0.000
[ZONE-ROUTE] CID:8 zone=1 edge_port=9998
[EDGE-RTT] CID:8 wall=1.0 ms  sim_delay=10.0 ms
[TRUST-UPGRADE] CID:8 earned LANE_UPGRADE after 15 clean packets → lane 0 + 2.0 m/s
>>> [UAV->CLOUD] BLK:e8a4|TX:7.0.0.12|CID:8|TS:9.452|SPD:19.5|HDG:1.6|PX:208.7|PY:-40.0|L...
[TRUST-APPLIED] CID:8 LANE_UPGRADE → logical reward only; telemetry lane unchanged lane=4 speed unchanged=20.0 m/s [reward-speed disabled to avoid M1 false positive]
✓ [CAR 8] ACT=OK REP=0.500 RWD=1.500 PNL=0.000 CREDIT=15
✓ [CAR 8] ACT=OK REP=1.000 RWD=1.000 PNL=0.000 CREDIT=14
[PASSIVE-BEACON] SIMNOW:9.486 CID:7 ZONE:1 RXUAV:1 EDGEPORT:9998 TS:9.472 SPD:19.700 HDG:-0.100 PX:208.800 PY:-30.000 LAN:3 BRK:0 RX_X:0.000 RX_Y:0.000 RX_Z:0.000
[ZONE-ROUTE] CID:7 zone=1 edge_port=9998
[EDGE-RTT] CID:7 wall=1.1 ms  sim_delay=10.0 ms
>>> [UAV->CLOUD] BLK:2cea|TX:7.0.0.11|CID:7|TS:9.472|SPD:19.7|HDG:-0.1|PX:208.8|PY:-30.0|...
✓ [CAR 7] ACT=OK REP=0.702 RWD=1.000 PNL=0.000 CREDIT=13
[PASSIVE-BEACON] SIMNOW:9.604 CID:2 ZONE:1 RXUAV:1 EDGEPORT:9998 TS:9.590 SPD:19.800 HDG:-0.300 PX:191.200 PY:-30.000 LAN:3 BRK:0 RX_X:0.000 RX_Y:0.000 RX_Z:0.000
[ZONE-ROUTE] CID:2 zone=1 edge_port=9998
[EDGE-RTT] CID:2 wall=1.2 ms  sim_delay=10.0 ms
[TRUST-UPGRADE] CID:2 earned LANE_UPGRADE after 15 clean packets → lane 0 + 2.0 m/s
>>> [UAV->CLOUD] BLK:f7ea|TX:7.0.0.6|CID:2|TS:9.590|SPD:19.8|HDG:-0.3|PX:191.2|PY:-30.0|L...
[TRUST-APPLIED] CID:2 LANE_UPGRADE → logical reward only; telemetry lane unchanged lane=3 speed unchanged=20.0 m/s [reward-speed disabled to avoid M1 false positive]
✓ [CAR 2] ACT=OK REP=0.500 RWD=1.500 PNL=0.000 CREDIT=15
✓ [CAR 2] ACT=OK REP=0.774 RWD=1.000 PNL=0.000 CREDIT=14
[PASSIVE-BEACON] SIMNOW:9.624 CID:0 ZONE:1 RXUAV:1 EDGEPORT:9998 TS:9.610 SPD:20.100 HDG:1.900 PX:191.600 PY:-10.000 LAN:1 BRK:1 RX_X:0.000 RX_Y:0.000 RX_Z:0.000
[ZONE-ROUTE] CID:0 zone=1 edge_port=9998
[EDGE-RTT] CID:0 wall=1.2 ms  sim_delay=10.0 ms
[TRUST-UPGRADE] CID:0 earned LANE_UPGRADE after 15 clean packets → lane 0 + 2.0 m/s
>>> [UAV->CLOUD] BLK:fedf|TX:7.0.0.4|CID:0|TS:9.610|SPD:20.1|HDG:1.9|PX:191.6|PY:-10.0|LA...
[TRUST-APPLIED] CID:0 LANE_UPGRADE → logical reward only; telemetry lane unchanged lane=1 speed unchanged=20.0 m/s [reward-speed disabled to avoid M1 false positive]
✓ [CAR 0] ACT=OK REP=0.500 RWD=1.500 PNL=0.000 CREDIT=15
✓ [CAR 0] ACT=OK REP=0.830 RWD=1.000 PNL=0.000 CREDIT=14
[PASSIVE-BEACON] SIMNOW:9.645 CID:4 ZONE:1 RXUAV:1 EDGEPORT:9998 TS:9.630 SPD:20.000 HDG:-1.300 PX:192.800 PY:-50.000 LAN:5 BRK:0 RX_X:0.000 RX_Y:0.000 RX_Z:0.000
[ZONE-ROUTE] CID:4 zone=1 edge_port=9998
[EDGE-RTT] CID:4 wall=1.1 ms  sim_delay=10.0 ms
[TRUST-UPGRADE] CID:4 earned LANE_UPGRADE after 15 clean packets → lane 0 + 2.0 m/s
>>> [UAV->CLOUD] BLK:80d7|TX:7.0.0.8|CID:4|TS:9.630|SPD:20.0|HDG:-1.3|PX:192.8|PY:-50.0|L...
[TRUST-APPLIED] CID:4 LANE_UPGRADE → logical reward only; telemetry lane unchanged lane=5 speed unchanged=20.0 m/s [reward-speed disabled to avoid M1 false positive]
✓ [CAR 4] ACT=OK REP=0.500 RWD=1.500 PNL=0.000 CREDIT=15
✓ [CAR 4] ACT=OK REP=0.978 RWD=1.000 PNL=0.000 CREDIT=14
[PASSIVE-BEACON] SIMNOW:9.806 CID:6 ZONE:1 RXUAV:1 EDGEPORT:9998 TS:9.792 SPD:20.400 HDG:2.000 PX:215.300 PY:-20.000 LAN:2 BRK:0 RX_X:0.000 RX_Y:0.000 RX_Z:0.000
[ZONE-ROUTE] CID:6 zone=1 edge_port=9998
[EDGE-RTT] CID:6 wall=1.3 ms  sim_delay=10.0 ms
>>> [UAV->CLOUD] BLK:e2d2|TX:7.0.0.10|CID:6|TS:9.792|SPD:20.4|HDG:2.0|PX:215.3|PY:-20.0|L...
[PASSIVE-BEACON] SIMNOW:9.816 CID:9 ZONE:1 RXUAV:1 EDGEPORT:9998 TS:9.802 SPD:20.300 HDG:1.600 PX:215.600 PY:-50.000 LAN:5 BRK:1 RX_X:0.000 RX_Y:0.000 RX_Z:0.000
[ZONE-ROUTE] CID:9 zone=1 edge_port=9998
[EDGE-RTT] CID:9 wall=1.1 ms  sim_delay=10.0 ms
>>> [UAV->CLOUD] BLK:c8e1|TX:7.0.0.13|CID:9|TS:9.802|SPD:20.3|HDG:1.6|PX:215.6|PY:-50.0|L...
✓ [CAR 6] ACT=OK REP=0.661 RWD=1.000 PNL=0.000 CREDIT=15
✓ [CAR 9] ACT=OK REP=1.000 RWD=1.000 PNL=0.000 CREDIT=15
[PASSIVE-BEACON] SIMNOW:9.884 CID:1 ZONE:1 RXUAV:1 EDGEPORT:9998 TS:9.870 SPD:20.100 HDG:0.100 PX:197.000 PY:-20.000 LAN:2 BRK:0 RX_X:0.000 RX_Y:0.000 RX_Z:0.000
[ZONE-ROUTE] CID:1 zone=1 edge_port=9998
[EDGE-RTT] CID:1 wall=1.4 ms  sim_delay=10.0 ms
>>> [UAV->CLOUD] BLK:5d86|TX:7.0.0.5|CID:1|TS:9.870|SPD:20.1|HDG:0.1|PX:197.0|PY:-20.0|LA...
✓ [CAR 1] ACT=OK REP=0.832 RWD=1.000 PNL=0.000 CREDIT=15
[PASSIVE-BEACON] SIMNOW:9.914 CID:3 ZONE:1 RXUAV:1 EDGEPORT:9998 TS:9.900 SPD:20.400 HDG:1.600 PX:197.700 PY:-40.000 LAN:4 BRK:0 RX_X:0.000 RX_Y:0.000 RX_Z:0.000
[ZONE-ROUTE] CID:3 zone=1 edge_port=9998
[EDGE-RTT] CID:3 wall=1.1 ms  sim_delay=10.0 ms
[TRUST-UPGRADE] CID:3 earned LANE_UPGRADE after 15 clean packets → lane 0 + 2.0 m/s
>>> [UAV->CLOUD] BLK:d1c3|TX:7.0.0.7|CID:3|TS:9.900|SPD:20.4|HDG:1.6|PX:197.7|PY:-40.0|LA...
[TRUST-APPLIED] CID:3 LANE_UPGRADE → logical reward only; telemetry lane unchanged lane=4 speed unchanged=20.0 m/s [reward-speed disabled to avoid M1 false positive]
✓ [CAR 3] ACT=OK REP=0.500 RWD=1.500 PNL=0.000 CREDIT=15
✓ [CAR 3] ACT=OK REP=1.000 RWD=1.000 PNL=0.000 CREDIT=14
[PASSIVE-BEACON] SIMNOW:9.966 CID:8 ZONE:1 RXUAV:1 EDGEPORT:9998 TS:9.952 SPD:20.100 HDG:-0.900 PX:218.500 PY:-40.000 LAN:4 BRK:0 RX_X:0.000 RX_Y:0.000 RX_Z:0.000
[ZONE-ROUTE] CID:8 zone=1 edge_port=9998
[EDGE-RTT] CID:8 wall=0.9 ms  sim_delay=10.0 ms
>>> [UAV->CLOUD] BLK:8981|TX:7.0.0.12|CID:8|TS:9.952|SPD:20.1|HDG:-0.9|PX:218.5|PY:-40.0|...
✓ [CAR 8] ACT=OK REP=0.857 RWD=1.000 PNL=0.000 CREDIT=15
[PASSIVE-BEACON] SIMNOW:9.986 CID:7 ZONE:1 RXUAV:1 EDGEPORT:9998 TS:9.972 SPD:20.100 HDG:1.700 PX:218.700 PY:-30.000 LAN:3 BRK:1 RX_X:0.000 RX_Y:0.000 RX_Z:0.000
[ZONE-ROUTE] CID:7 zone=1 edge_port=9998
[EDGE-RTT] CID:7 wall=0.9 ms  sim_delay=10.0 ms
[TRUST-UPGRADE] CID:7 earned LANE_UPGRADE after 15 clean packets → lane 0 + 2.0 m/s
>>> [UAV->CLOUD] BLK:fe9e|TX:7.0.0.11|CID:7|TS:9.972|SPD:20.1|HDG:1.7|PX:218.7|PY:-30.0|L...
[TRUST-APPLIED] CID:7 LANE_UPGRADE → logical reward only; telemetry lane unchanged lane=3 speed unchanged=20.0 m/s [reward-speed disabled to avoid M1 false positive]
✓ [CAR 7] ACT=OK REP=0.500 RWD=1.500 PNL=0.000 CREDIT=15
✓ [CAR 7] ACT=OK REP=1.000 RWD=1.000 PNL=0.000 CREDIT=14
[PASSIVE-BEACON] SIMNOW:10.104 CID:2 ZONE:1 RXUAV:1 EDGEPORT:9998 TS:10.090 SPD:20.200 HDG:0.800 PX:202.200 PY:-30.000 LAN:3 BRK:0 RX_X:0.000 RX_Y:0.000 RX_Z:0.000
[ZONE-ROUTE] CID:2 zone=1 edge_port=9998
[EDGE-RTT] CID:2 wall=1.0 ms  sim_delay=10.0 ms
>>> [UAV->CLOUD] BLK:af60|TX:7.0.0.6|CID:2|TS:10.090|SPD:20.2|HDG:0.8|PX:202.2|PY:-30.0|L...
✓ [CAR 2] ACT=OK REP=1.000 RWD=1.000 PNL=0.000 CREDIT=15
[PASSIVE-BEACON] SIMNOW:10.124 CID:0 ZONE:1 RXUAV:1 EDGEPORT:9998 TS:10.110 SPD:20.200 HDG:-0.300 PX:202.400 PY:-10.000 LAN:1 BRK:0 RX_X:0.000 RX_Y:0.000 RX_Z:0.000
[ZONE-ROUTE] CID:0 zone=1 edge_port=9998
[EDGE-RTT] CID:0 wall=1.0 ms  sim_delay=10.0 ms
>>> [UAV->CLOUD] BLK:7958|TX:7.0.0.4|CID:0|TS:10.110|SPD:20.2|HDG:-0.3|PX:202.4|PY:-10.0|...
✓ [CAR 0] ACT=OK REP=0.903 RWD=1.000 PNL=0.000 CREDIT=15
[PASSIVE-BEACON] SIMNOW:10.144 CID:4 ZONE:1 RXUAV:1 EDGEPORT:9998 TS:10.130 SPD:20.500 HDG:-1.500 PX:202.100 PY:-50.000 LAN:5 BRK:1 RX_X:0.000 RX_Y:0.000 RX_Z:0.000
[ZONE-ROUTE] CID:4 zone=1 edge_port=9998
[EDGE-RTT] CID:4 wall=1.0 ms  sim_delay=10.0 ms
>>> [UAV->CLOUD] BLK:f7d9|TX:7.0.0.8|CID:4|TS:10.130|SPD:20.5|HDG:-1.5|PX:202.1|PY:-50.0|...
✓ [CAR 4] ACT=OK REP=0.821 RWD=1.000 PNL=0.000 CREDIT=15
[PASSIVE-BEACON] SIMNOW:10.306 CID:6 ZONE:1 RXUAV:1 EDGEPORT:9998 TS:10.292 SPD:20.400 HDG:-0.500 PX:225.600 PY:-20.000 LAN:2 BRK:0 RX_X:0.000 RX_Y:0.000 RX_Z:0.000
[ZONE-ROUTE] CID:6 zone=1 edge_port=9998
[EDGE-RTT] CID:6 wall=0.9 ms  sim_delay=10.0 ms
>>> [UAV->CLOUD] BLK:4ad3|TX:7.0.0.10|CID:6|TS:10.292|SPD:20.4|HDG:-0.5|PX:225.6|PY:-20.0...
[PASSIVE-BEACON] SIMNOW:10.316 CID:9 ZONE:1 RXUAV:1 EDGEPORT:9998 TS:10.302 SPD:20.100 HDG:-0.200 PX:226.200 PY:-50.000 LAN:5 BRK:0 RX_X:0.000 RX_Y:0.000 RX_Z:0.000
[ZONE-ROUTE] CID:9 zone=1 edge_port=9998
[EDGE-RTT] CID:9 wall=0.8 ms  sim_delay=10.0 ms
>>> [UAV->CLOUD] BLK:950e|TX:7.0.0.13|CID:9|TS:10.302|SPD:20.1|HDG:-0.2|PX:226.2|PY:-50.0...
✓ [CAR 6] ACT=OK REP=0.529 RWD=1.000 PNL=0.000 CREDIT=16
✓ [CAR 9] ACT=OK REP=0.878 RWD=1.000 PNL=0.000 CREDIT=16
[PASSIVE-BEACON] SIMNOW:10.384 CID:1 ZONE:1 RXUAV:1 EDGEPORT:9998 TS:10.370 SPD:19.700 HDG:-1.800 PX:207.700 PY:-20.000 LAN:2 BRK:1 RX_X:0.000 RX_Y:0.000 RX_Z:0.000
[ZONE-ROUTE] CID:1 zone=1 edge_port=9998
[EDGE-RTT] CID:1 wall=0.9 ms  sim_delay=10.0 ms
>>> [UAV->CLOUD] BLK:a6df|TX:7.0.0.5|CID:1|TS:10.370|SPD:19.7|HDG:-1.8|PX:207.7|PY:-20.0|...
✓ [CAR 1] ACT=OK REP=0.805 RWD=1.000 PNL=0.000 CREDIT=16
[PASSIVE-BEACON] SIMNOW:10.414 CID:3 ZONE:1 RXUAV:1 EDGEPORT:9998 TS:10.400 SPD:19.700 HDG:-1.000 PX:207.500 PY:-40.000 LAN:4 BRK:0 RX_X:0.000 RX_Y:0.000 RX_Z:0.000
[ZONE-ROUTE] CID:3 zone=1 edge_port=9998
[EDGE-RTT] CID:3 wall=1.0 ms  sim_delay=10.0 ms
>>> [UAV->CLOUD] BLK:44f8|TX:7.0.0.7|CID:3|TS:10.400|SPD:19.7|HDG:-1.0|PX:207.5|PY:-40.0|...
✓ [CAR 3] ACT=OK REP=0.791 RWD=1.000 PNL=0.000 CREDIT=15
[PASSIVE-BEACON] SIMNOW:10.466 CID:8 ZONE:1 RXUAV:1 EDGEPORT:9998 TS:10.452 SPD:19.600 HDG:0.800 PX:229.300 PY:-40.000 LAN:4 BRK:1 RX_X:0.000 RX_Y:0.000 RX_Z:0.000
[ZONE-ROUTE] CID:8 zone=1 edge_port=9998
[EDGE-RTT] CID:8 wall=1.1 ms  sim_delay=10.0 ms
>>> [UAV->CLOUD] BLK:bd4c|TX:7.0.0.12|CID:8|TS:10.452|SPD:19.6|HDG:0.8|PX:229.3|PY:-40.0|...
✓ [CAR 8] ACT=OK REP=0.912 RWD=1.000 PNL=0.000 CREDIT=16
[PASSIVE-BEACON] SIMNOW:10.486 CID:7 ZONE:1 RXUAV:1 EDGEPORT:9998 TS:10.472 SPD:20.300 HDG:1.500 PX:229.700 PY:-30.000 LAN:3 BRK:0 RX_X:0.000 RX_Y:0.000 RX_Z:0.000
[ZONE-ROUTE] CID:7 zone=1 edge_port=9998
[EDGE-RTT] CID:7 wall=0.9 ms  sim_delay=10.0 ms
>>> [UAV->CLOUD] BLK:095f|TX:7.0.0.11|CID:7|TS:10.472|SPD:20.3|HDG:1.5|PX:229.7|PY:-30.0|...
✓ [CAR 7] ACT=OK REP=0.830 RWD=1.000 PNL=0.000 CREDIT=15
[PASSIVE-BEACON] SIMNOW:10.602 CID:2 ZONE:1 RXUAV:1 EDGEPORT:9998 TS:10.590 SPD:19.700 HDG:-1.600 PX:212.200 PY:-30.000 LAN:3 BRK:0 RX_X:0.000 RX_Y:0.000 RX_Z:0.000
[ZONE-ROUTE] CID:2 zone=1 edge_port=9998
[EDGE-RTT] CID:2 wall=1.0 ms  sim_delay=10.0 ms
>>> [UAV->CLOUD] BLK:abd2|TX:7.0.0.6|CID:2|TS:10.590|SPD:19.7|HDG:-1.6|PX:212.2|PY:-30.0|...
✓ [CAR 2] ACT=OK REP=1.000 RWD=1.000 PNL=0.000 CREDIT=16
[PASSIVE-BEACON] SIMNOW:10.624 CID:0 ZONE:1 RXUAV:1 EDGEPORT:9998 TS:10.610 SPD:19.800 HDG:0.900 PX:212.300 PY:-10.000 LAN:1 BRK:0 RX_X:0.000 RX_Y:0.000 RX_Z:0.000
[ZONE-ROUTE] CID:0 zone=1 edge_port=9998
[EDGE-RTT] CID:0 wall=1.0 ms  sim_delay=10.0 ms
>>> [UAV->CLOUD] BLK:2f36|TX:7.0.0.4|CID:0|TS:10.610|SPD:19.8|HDG:0.9|PX:212.3|PY:-10.0|L...
✓ [CAR 0] ACT=OK REP=0.910 RWD=1.000 PNL=0.000 CREDIT=16
[PASSIVE-BEACON] SIMNOW:10.645 CID:4 ZONE:1 RXUAV:1 EDGEPORT:9998 TS:10.630 SPD:20.100 HDG:0.100 PX:213.200 PY:-50.000 LAN:5 BRK:1 RX_X:0.000 RX_Y:0.000 RX_Z:0.000
[ZONE-ROUTE] CID:4 zone=1 edge_port=9998
[EDGE-RTT] CID:4 wall=0.9 ms  sim_delay=10.0 ms
>>> [UAV->CLOUD] BLK:f191|TX:7.0.0.8|CID:4|TS:10.630|SPD:20.1|HDG:0.1|PX:213.2|PY:-50.0|L...
✓ [CAR 4] ACT=OK REP=1.000 RWD=1.000 PNL=0.000 CREDIT=16
[PASSIVE-BEACON] SIMNOW:10.806 CID:6 ZONE:1 RXUAV:1 EDGEPORT:9998 TS:10.792 SPD:20.000 HDG:-2.000 PX:235.800 PY:-20.000 LAN:2 BRK:0 RX_X:0.000 RX_Y:0.000 RX_Z:0.000
[ZONE-ROUTE] CID:6 zone=1 edge_port=9998
[EDGE-RTT] CID:6 wall=1.2 ms  sim_delay=10.0 ms
>>> [UAV->CLOUD] BLK:5a2e|TX:7.0.0.10|CID:6|TS:10.792|SPD:20.0|HDG:-2.0|PX:235.8|PY:-20.0...
[PASSIVE-BEACON] SIMNOW:10.816 CID:9 ZONE:1 RXUAV:1 EDGEPORT:9998 TS:10.802 SPD:20.200 HDG:-1.600 PX:236.000 PY:-50.000 LAN:5 BRK:0 RX_X:0.000 RX_Y:0.000 RX_Z:0.000
[ZONE-ROUTE] CID:9 zone=1 edge_port=9998
[EDGE-RTT] CID:9 wall=0.5 ms  sim_delay=10.0 ms
>>> [UAV->CLOUD] BLK:30a4|TX:7.0.0.13|CID:9|TS:10.802|SPD:20.2|HDG:-1.6|PX:236.0|PY:-50.0...
✓ [CAR 6] ACT=OK REP=0.891 RWD=1.000 PNL=0.000 CREDIT=17
✓ [CAR 9] ACT=OK REP=0.949 RWD=1.000 PNL=0.000 CREDIT=17
[PASSIVE-BEACON] SIMNOW:10.884 CID:1 ZONE:1 RXUAV:1 EDGEPORT:9998 TS:10.870 SPD:20.400 HDG:-1.100 PX:216.800 PY:-20.000 LAN:2 BRK:0 RX_X:0.000 RX_Y:0.000 RX_Z:0.000
[ZONE-ROUTE] CID:1 zone=1 edge_port=9998
[EDGE-RTT] CID:1 wall=1.1 ms  sim_delay=10.0 ms
>>> [UAV->CLOUD] BLK:b4f1|TX:7.0.0.5|CID:1|TS:10.870|SPD:20.4|HDG:-1.1|PX:216.8|PY:-20.0|...
✓ [CAR 1] ACT=OK REP=0.890 RWD=1.000 PNL=0.000 CREDIT=17
[PASSIVE-BEACON] SIMNOW:10.914 CID:3 ZONE:1 RXUAV:1 EDGEPORT:9998 TS:10.900 SPD:20.000 HDG:-0.700 PX:218.500 PY:-40.000 LAN:4 BRK:0 RX_X:0.000 RX_Y:0.000 RX_Z:0.000
[ZONE-ROUTE] CID:3 zone=1 edge_port=9998
[EDGE-RTT] CID:3 wall=1.2 ms  sim_delay=10.0 ms
>>> [UAV->CLOUD] BLK:12ce|TX:7.0.0.7|CID:3|TS:10.900|SPD:20.0|HDG:-0.7|PX:218.5|PY:-40.0|...
✓ [CAR 3] ACT=OK REP=1.000 RWD=1.000 PNL=0.000 CREDIT=16
[PKT-DROP] UAV dropped telemetry from 7.0.0.12 (drop_rate=1%)
[PASSIVE-BEACON] SIMNOW:10.986 CID:7 ZONE:1 RXUAV:1 EDGEPORT:9998 TS:10.972 SPD:19.900 HDG:0.400 PX:240.000 PY:-30.000 LAN:3 BRK:1 RX_X:0.000 RX_Y:0.000 RX_Z:0.000
[ZONE-ROUTE] CID:7 zone=1 edge_port=9998
[EDGE-RTT] CID:7 wall=0.7 ms  sim_delay=10.0 ms
>>> [UAV->CLOUD] BLK:6be5|TX:7.0.0.11|CID:7|TS:10.972|SPD:19.9|HDG:0.4|PX:240.0|PY:-30.0|...
✓ [CAR 7] ACT=OK REP=0.878 RWD=1.000 PNL=0.000 CREDIT=16
[PASSIVE-BEACON] SIMNOW:11.104 CID:2 ZONE:1 RXUAV:1 EDGEPORT:9998 TS:11.090 SPD:20.200 HDG:-1.000 PX:222.200 PY:-30.000 LAN:3 BRK:0 RX_X:0.000 RX_Y:0.000 RX_Z:0.000
[ZONE-ROUTE] CID:2 zone=1 edge_port=9998
[EDGE-RTT] CID:2 wall=1.1 ms  sim_delay=10.0 ms
>>> [UAV->CLOUD] BLK:b071|TX:7.0.0.6|CID:2|TS:11.090|SPD:20.2|HDG:-1.0|PX:222.2|PY:-30.0|...
✓ [CAR 2] ACT=OK REP=0.944 RWD=1.000 PNL=0.000 CREDIT=17
[PASSIVE-BEACON] SIMNOW:11.124 CID:0 ZONE:1 RXUAV:1 EDGEPORT:9998 TS:11.110 SPD:19.900 HDG:-0.100 PX:221.900 PY:-10.000 LAN:1 BRK:0 RX_X:0.000 RX_Y:0.000 RX_Z:0.000
[ZONE-ROUTE] CID:0 zone=1 edge_port=9998
[EDGE-RTT] CID:0 wall=0.8 ms  sim_delay=10.0 ms
>>> [UAV->CLOUD] BLK:9879|TX:7.0.0.4|CID:0|TS:11.110|SPD:19.9|HDG:-0.1|PX:221.9|PY:-10.0|...
✓ [CAR 0] ACT=OK REP=0.766 RWD=1.000 PNL=0.000 CREDIT=17
[PASSIVE-BEACON] SIMNOW:11.144 CID:4 ZONE:1 RXUAV:1 EDGEPORT:9998 TS:11.130 SPD:20.400 HDG:1.500 PX:222.300 PY:-50.000 LAN:5 BRK:1 RX_X:0.000 RX_Y:0.000 RX_Z:0.000
[ZONE-ROUTE] CID:4 zone=1 edge_port=9998
[EDGE-RTT] CID:4 wall=0.8 ms  sim_delay=10.0 ms
>>> [UAV->CLOUD] BLK:5cf5|TX:7.0.0.8|CID:4|TS:11.130|SPD:20.4|HDG:1.5|PX:222.3|PY:-50.0|L...
✓ [CAR 4] ACT=OK REP=0.706 RWD=1.000 PNL=0.000 CREDIT=17
[PASSIVE-BEACON] SIMNOW:11.306 CID:6 ZONE:1 RXUAV:1 EDGEPORT:9998 TS:11.292 SPD:20.000 HDG:0.400 PX:246.500 PY:-20.000 LAN:2 BRK:1 RX_X:0.000 RX_Y:0.000 RX_Z:0.000
[ZONE-ROUTE] CID:6 zone=1 edge_port=9998
[EDGE-RTT] CID:6 wall=0.7 ms  sim_delay=10.0 ms
>>> [UAV->CLOUD] BLK:4ca3|TX:7.0.0.10|CID:6|TS:11.292|SPD:20.0|HDG:0.4|PX:246.5|PY:-20.0|...
[PASSIVE-BEACON] SIMNOW:11.316 CID:9 ZONE:1 RXUAV:1 EDGEPORT:9998 TS:11.302 SPD:20.200 HDG:1.600 PX:245.700 PY:-50.000 LAN:5 BRK:0 RX_X:0.000 RX_Y:0.000 RX_Z:0.000
[ZONE-ROUTE] CID:9 zone=1 edge_port=9998
[EDGE-RTT] CID:9 wall=1.1 ms  sim_delay=10.0 ms
>>> [UAV->CLOUD] BLK:0fa3|TX:7.0.0.13|CID:9|TS:11.302|SPD:20.2|HDG:1.6|PX:245.7|PY:-50.0|...
✓ [CAR 6] ACT=OK REP=0.936 RWD=1.000 PNL=0.000 CREDIT=18
✓ [CAR 9] ACT=OK REP=0.850 RWD=1.000 PNL=0.000 CREDIT=18
[PASSIVE-BEACON] SIMNOW:11.384 CID:1 ZONE:1 RXUAV:1 EDGEPORT:9998 TS:11.370 SPD:20.500 HDG:0.000 PX:227.500 PY:-20.000 LAN:2 BRK:0 RX_X:0.000 RX_Y:0.000 RX_Z:0.000
[ZONE-ROUTE] CID:1 zone=1 edge_port=9998
[EDGE-RTT] CID:1 wall=1.3 ms  sim_delay=10.0 ms
>>> [UAV->CLOUD] BLK:8671|TX:7.0.0.5|CID:1|TS:11.370|SPD:20.5|HDG:0.0|PX:227.5|PY:-20.0|L...
✓ [CAR 1] ACT=OK REP=0.806 RWD=1.000 PNL=0.000 CREDIT=18
[PASSIVE-BEACON] SIMNOW:11.414 CID:3 ZONE:1 RXUAV:1 EDGEPORT:9998 TS:11.400 SPD:19.800 HDG:-1.000 PX:227.900 PY:-40.000 LAN:4 BRK:1 RX_X:0.000 RX_Y:0.000 RX_Z:0.000
[ZONE-ROUTE] CID:3 zone=1 edge_port=9998
[EDGE-RTT] CID:3 wall=1.1 ms  sim_delay=10.0 ms
>>> [UAV->CLOUD] BLK:1c42|TX:7.0.0.7|CID:3|TS:11.400|SPD:19.8|HDG:-1.0|PX:227.9|PY:-40.0|...
✓ [CAR 3] ACT=OK REP=0.956 RWD=1.000 PNL=0.000 CREDIT=17
[PASSIVE-BEACON] SIMNOW:11.466 CID:8 ZONE:1 RXUAV:1 EDGEPORT:9998 TS:11.452 SPD:19.800 HDG:1.600 PX:248.500 PY:-40.000 LAN:4 BRK:0 RX_X:0.000 RX_Y:0.000 RX_Z:0.000
[ZONE-ROUTE] CID:8 zone=1 edge_port=9998
[EDGE-RTT] CID:8 wall=1.2 ms  sim_delay=10.0 ms
>>> [UAV->CLOUD] BLK:5199|TX:7.0.0.12|CID:8|TS:11.452|SPD:19.8|HDG:1.6|PX:248.5|PY:-40.0|...
✓ [CAR 8] ACT=OK REP=1.000 RWD=1.000 PNL=0.000 CREDIT=17
[PASSIVE-BEACON] SIMNOW:11.486 CID:7 ZONE:1 RXUAV:1 EDGEPORT:9998 TS:11.472 SPD:20.300 HDG:-1.400 PX:249.200 PY:-30.000 LAN:3 BRK:1 RX_X:0.000 RX_Y:0.000 RX_Z:0.000
[ZONE-ROUTE] CID:7 zone=1 edge_port=9998
[EDGE-RTT] CID:7 wall=1.2 ms  sim_delay=10.0 ms
>>> [UAV->CLOUD] BLK:1160|TX:7.0.0.11|CID:7|TS:11.472|SPD:20.3|HDG:-1.4|PX:249.2|PY:-30.0...
✓ [CAR 7] ACT=OK REP=0.901 RWD=1.000 PNL=0.000 CREDIT=17
[PASSIVE-BEACON] SIMNOW:11.604 CID:2 ZONE:1 RXUAV:1 EDGEPORT:9998 TS:11.590 SPD:20.100 HDG:-1.200 PX:232.100 PY:-30.000 LAN:3 BRK:0 RX_X:0.000 RX_Y:0.000 RX_Z:0.000
[ZONE-ROUTE] CID:2 zone=1 edge_port=9998
[EDGE-RTT] CID:2 wall=1.1 ms  sim_delay=10.0 ms
>>> [UAV->CLOUD] BLK:4261|TX:7.0.0.6|CID:2|TS:11.590|SPD:20.1|HDG:-1.2|PX:232.1|PY:-30.0|...
✓ [CAR 2] ACT=OK REP=1.000 RWD=1.000 PNL=0.000 CREDIT=18
[PASSIVE-BEACON] SIMNOW:11.624 CID:0 ZONE:1 RXUAV:1 EDGEPORT:9998 TS:11.610 SPD:19.600 HDG:0.200 PX:231.800 PY:-10.000 LAN:1 BRK:0 RX_X:0.000 RX_Y:0.000 RX_Z:0.000
[ZONE-ROUTE] CID:0 zone=1 edge_port=9998
[EDGE-RTT] CID:0 wall=1.2 ms  sim_delay=10.0 ms
>>> [UAV->CLOUD] BLK:f9f8|TX:7.0.0.4|CID:0|TS:11.610|SPD:19.6|HDG:0.2|PX:231.8|PY:-10.0|L...
✓ [CAR 0] ACT=OK REP=0.913 RWD=1.000 PNL=0.000 CREDIT=18
[PASSIVE-BEACON] SIMNOW:11.645 CID:4 ZONE:1 RXUAV:1 EDGEPORT:9998 TS:11.630 SPD:19.700 HDG:0.300 PX:232.800 PY:-50.000 LAN:5 BRK:0 RX_X:0.000 RX_Y:0.000 RX_Z:0.000
[ZONE-ROUTE] CID:4 zone=1 edge_port=9998
[EDGE-RTT] CID:4 wall=1.2 ms  sim_delay=10.0 ms
>>> [UAV->CLOUD] BLK:e8ab|TX:7.0.0.8|CID:4|TS:11.630|SPD:19.7|HDG:0.3|PX:232.8|PY:-50.0|L...
✓ [CAR 4] ACT=OK REP=1.000 RWD=1.000 PNL=0.000 CREDIT=18
[PASSIVE-BEACON] SIMNOW:11.806 CID:6 ZONE:1 RXUAV:1 EDGEPORT:9998 TS:11.792 SPD:20.100 HDG:-1.600 PX:255.400 PY:-20.000 LAN:2 BRK:0 RX_X:0.000 RX_Y:0.000 RX_Z:0.000
[ZONE-ROUTE] CID:6 zone=1 edge_port=9998
[EDGE-RTT] CID:6 wall=1.3 ms  sim_delay=10.0 ms
[TRUST-UPGRADE] CID:6 earned REDUCE_SCRUTINY after 20 clean packets → latency × 0.5
>>> [UAV->CLOUD] BLK:4fff|TX:7.0.0.10|CID:6|TS:11.792|SPD:20.1|HDG:-1.6|PX:255.4|PY:-20.0...
[PASSIVE-BEACON] SIMNOW:11.816 CID:9 ZONE:1 RXUAV:1 EDGEPORT:9998 TS:11.802 SPD:19.900 HDG:-1.100 PX:255.400 PY:-50.000 LAN:5 BRK:0 RX_X:0.000 RX_Y:0.000 RX_Z:0.000
[ZONE-ROUTE] CID:9 zone=1 edge_port=9998
[EDGE-RTT] CID:9 wall=0.9 ms  sim_delay=10.0 ms
[TRUST-UPGRADE] CID:9 earned REDUCE_SCRUTINY after 20 clean packets → latency × 0.5
>>> [UAV->CLOUD] BLK:b8c9|TX:7.0.0.13|CID:9|TS:11.802|SPD:19.9|HDG:-1.1|PX:255.4|PY:-50.0...
[TRUST-APPLIED] CID:6 REDUCE_SCRUTINY → latency=5.0ms (was 10.0ms)
✓ [CAR 6] ACT=OK REP=0.500 RWD=1.500 PNL=0.000 CREDIT=20
✓ [CAR 6] ACT=OK REP=0.895 RWD=1.000 PNL=0.000 CREDIT=19
[TRUST-APPLIED] CID:9 REDUCE_SCRUTINY → latency=5.000ms (was 10.000ms)
✓ [CAR 9] ACT=OK REP=0.500 RWD=1.500 PNL=0.000 CREDIT=20
✓ [CAR 9] ACT=OK REP=0.665 RWD=1.000 PNL=0.000 CREDIT=19
[PASSIVE-BEACON] SIMNOW:11.884 CID:1 ZONE:1 RXUAV:1 EDGEPORT:9998 TS:11.870 SPD:20.300 HDG:1.100 PX:237.300 PY:-20.000 LAN:2 BRK:0 RX_X:0.000 RX_Y:0.000 RX_Z:0.000
[ZONE-ROUTE] CID:1 zone=1 edge_port=9998
[EDGE-RTT] CID:1 wall=1.2 ms  sim_delay=10.0 ms
[TRUST-UPGRADE] CID:1 earned REDUCE_SCRUTINY after 20 clean packets → latency × 0.5
>>> [UAV->CLOUD] BLK:7fef|TX:7.0.0.5|CID:1|TS:11.870|SPD:20.3|HDG:1.1|PX:237.3|PY:-20.0|L...
[TRUST-APPLIED] CID:1 REDUCE_SCRUTINY → latency=5.0ms (was 10.0ms)
✓ [CAR 1] ACT=OK REP=0.500 RWD=1.500 PNL=0.000 CREDIT=20
✓ [CAR 1] ACT=OK REP=0.946 RWD=1.000 PNL=0.000 CREDIT=19
[PASSIVE-BEACON] SIMNOW:11.914 CID:3 ZONE:1 RXUAV:1 EDGEPORT:9998 TS:11.900 SPD:19.600 HDG:-1.500 PX:238.700 PY:-40.000 LAN:4 BRK:0 RX_X:0.000 RX_Y:0.000 RX_Z:0.000
[ZONE-ROUTE] CID:3 zone=1 edge_port=9998
[EDGE-RTT] CID:3 wall=1.1 ms  sim_delay=10.0 ms
>>> [UAV->CLOUD] BLK:0298|TX:7.0.0.7|CID:3|TS:11.900|SPD:19.6|HDG:-1.5|PX:238.7|PY:-40.0|...
✓ [CAR 3] ACT=OK REP=0.890 RWD=1.000 PNL=0.000 CREDIT=18
[PASSIVE-BEACON] SIMNOW:11.966 CID:8 ZONE:1 RXUAV:1 EDGEPORT:9998 TS:11.952 SPD:19.900 HDG:-0.900 PX:259.100 PY:-40.000 LAN:4 BRK:0 RX_X:0.000 RX_Y:0.000 RX_Z:0.000
[ZONE-ROUTE] CID:8 zone=1 edge_port=9998
[EDGE-RTT] CID:8 wall=1.2 ms  sim_delay=10.0 ms
>>> [UAV->CLOUD] BLK:919b|TX:7.0.0.12|CID:8|TS:11.952|SPD:19.9|HDG:-0.9|PX:259.1|PY:-40.0...
✓ [CAR 8] ACT=OK REP=0.800 RWD=1.000 PNL=0.000 CREDIT=18
[PASSIVE-BEACON] SIMNOW:11.986 CID:7 ZONE:1 RXUAV:1 EDGEPORT:9998 TS:11.972 SPD:20.200 HDG:-1.900 PX:259.500 PY:-30.000 LAN:3 BRK:0 RX_X:0.000 RX_Y:0.000 RX_Z:0.000
[ZONE-ROUTE] CID:7 zone=1 edge_port=9998
[EDGE-RTT] CID:7 wall=1.2 ms  sim_delay=10.0 ms
>>> [UAV->CLOUD] BLK:83f4|TX:7.0.0.11|CID:7|TS:11.972|SPD:20.2|HDG:-1.9|PX:259.5|PY:-30.0...
✓ [CAR 7] ACT=OK REP=1.000 RWD=1.000 PNL=0.000 CREDIT=18
[PASSIVE-BEACON] SIMNOW:12.103 CID:2 ZONE:1 RXUAV:1 EDGEPORT:9998 TS:12.090 SPD:20.400 HDG:-0.700 PX:241.800 PY:-30.000 LAN:3 BRK:0 RX_X:0.000 RX_Y:0.000 RX_Z:0.000
[ZONE-ROUTE] CID:2 zone=1 edge_port=9998
[EDGE-RTT] CID:2 wall=1.3 ms  sim_delay=10.0 ms
[TRUST-UPGRADE] CID:2 earned REDUCE_SCRUTINY after 20 clean packets → latency × 0.5
>>> [UAV->CLOUD] BLK:d657|TX:7.0.0.6|CID:2|TS:12.090|SPD:20.4|HDG:-0.7|PX:241.8|PY:-30.0|...
[TRUST-APPLIED] CID:2 REDUCE_SCRUTINY → latency=5.0ms (was 10.0ms)
✓ [CAR 2] ACT=OK REP=0.500 RWD=1.500 PNL=0.000 CREDIT=20
✓ [CAR 2] ACT=OK REP=0.963 RWD=1.000 PNL=0.000 CREDIT=19
[PASSIVE-BEACON] SIMNOW:12.124 CID:0 ZONE:1 RXUAV:1 EDGEPORT:9998 TS:12.110 SPD:25.100 HDG:-0.900 PX:243.300 PY:-10.000 LAN:1 BRK:1 RX_X:0.000 RX_Y:0.000 RX_Z:0.000
[ZONE-ROUTE] CID:0 zone=1 edge_port=9998
[EDGE-RTT] CID:0 wall=1.1 ms  sim_delay=10.0 ms
>>> [UAV->CLOUD] BLK:b023|TX:7.0.0.4|CID:0|TS:12.110|SPD:25.1|HDG:-0.9|PX:243.3|PY:-10.0|...
[ECON-CLAWBACK] CID:0 ACT=WARN prior_payoff=20.5 extra_penalty=16.4 new_payoff=4.0
[TRUST-REVOKED] CID:0 benefits revoked logically; lane=1 speed=20.0 latency=10.0ms
[FORGIVENESS] CID:0 WARN #1 — streak reset, benefits revoked
⚠ [CAR 0] ACT=WARN REP=0.936 RWD=0.000 PNL=16.449 CREDIT=17
[PASSIVE-BEACON] SIMNOW:12.144 CID:4 ZONE:1 RXUAV:1 EDGEPORT:9998 TS:12.130 SPD:20.400 HDG:-0.800 PX:241.900 PY:-50.000 LAN:5 BRK:0 RX_X:0.000 RX_Y:0.000 RX_Z:0.000
[ZONE-ROUTE] CID:4 zone=1 edge_port=9998
[EDGE-RTT] CID:4 wall=1.0 ms  sim_delay=10.0 ms
[TRUST-UPGRADE] CID:4 earned REDUCE_SCRUTINY after 20 clean packets → latency × 0.5
>>> [UAV->CLOUD] BLK:362b|TX:7.0.0.8|CID:4|TS:12.130|SPD:20.4|HDG:-0.8|PX:241.9|PY:-50.0|...
[TRUST-APPLIED] CID:4 REDUCE_SCRUTINY → latency=5.0ms (was 10.0ms)
✓ [CAR 4] ACT=OK REP=0.500 RWD=1.500 PNL=0.000 CREDIT=20
✓ [CAR 4] ACT=OK REP=1.000 RWD=1.000 PNL=0.000 CREDIT=19
[PKT-DROP] UAV dropped telemetry from 7.0.0.10 (drop_rate=1%)
[PASSIVE-BEACON] SIMNOW:12.316 CID:9 ZONE:1 RXUAV:1 EDGEPORT:9998 TS:12.302 SPD:19.500 HDG:-1.200 PX:266.700 PY:-50.000 LAN:5 BRK:0 RX_X:0.000 RX_Y:0.000 RX_Z:0.000
[ZONE-ROUTE] CID:9 zone=1 edge_port=9998
[EDGE-RTT] CID:9 wall=1.3 ms  sim_delay=5.0 ms
>>> [UAV->CLOUD] BLK:506f|TX:7.0.0.13|CID:9|TS:12.302|SPD:19.5|HDG:-1.2|PX:266.7|PY:-50.0...
✓ [CAR 9] ACT=OK REP=0.791 RWD=1.000 PNL=0.000 CREDIT=20
[PASSIVE-BEACON] SIMNOW:12.384 CID:1 ZONE:1 RXUAV:1 EDGEPORT:9998 TS:12.370 SPD:20.100 HDG:-1.300 PX:248.000 PY:-20.000 LAN:2 BRK:0 RX_X:0.000 RX_Y:0.000 RX_Z:0.000
[ZONE-ROUTE] CID:1 zone=1 edge_port=9998
[EDGE-RTT] CID:1 wall=1.2 ms  sim_delay=5.0 ms
>>> [UAV->CLOUD] BLK:b1eb|TX:7.0.0.5|CID:1|TS:12.370|SPD:20.1|HDG:-1.3|PX:248.0|PY:-20.0|...
✓ [CAR 1] ACT=OK REP=1.000 RWD=1.000 PNL=0.000 CREDIT=20
[PASSIVE-BEACON] SIMNOW:12.414 CID:3 ZONE:1 RXUAV:1 EDGEPORT:9998 TS:12.400 SPD:20.100 HDG:-1.800 PX:247.600 PY:-40.000 LAN:4 BRK:0 RX_X:0.000 RX_Y:0.000 RX_Z:0.000
[ZONE-ROUTE] CID:3 zone=1 edge_port=9998
[EDGE-RTT] CID:3 wall=1.0 ms  sim_delay=10.0 ms
[TRUST-UPGRADE] CID:3 earned REDUCE_SCRUTINY after 20 clean packets → latency × 0.5
>>> [UAV->CLOUD] BLK:0429|TX:7.0.0.7|CID:3|TS:12.400|SPD:20.1|HDG:-1.8|PX:247.6|PY:-40.0|...
[TRUST-APPLIED] CID:3 REDUCE_SCRUTINY → latency=5.0ms (was 10.0ms)
✓ [CAR 3] ACT=OK REP=0.500 RWD=1.500 PNL=0.000 CREDIT=20
✓ [CAR 3] ACT=OK REP=1.000 RWD=1.000 PNL=0.000 CREDIT=19
[PASSIVE-BEACON] SIMNOW:12.466 CID:8 ZONE:1 RXUAV:1 EDGEPORT:9998 TS:12.452 SPD:19.800 HDG:1.100 PX:269.400 PY:-40.000 LAN:4 BRK:0 RX_X:0.000 RX_Y:0.000 RX_Z:0.000
[ZONE-ROUTE] CID:8 zone=1 edge_port=9998
[EDGE-RTT] CID:8 wall=1.2 ms  sim_delay=10.0 ms
[TRUST-UPGRADE] CID:8 earned REDUCE_SCRUTINY after 20 clean packets → latency × 0.5
>>> [UAV->CLOUD] BLK:e4bf|TX:7.0.0.12|CID:8|TS:12.452|SPD:19.8|HDG:1.1|PX:269.4|PY:-40.0|...
[TRUST-APPLIED] CID:8 REDUCE_SCRUTINY → latency=5.0ms (was 10.0ms)
✓ [CAR 8] ACT=OK REP=0.500 RWD=1.500 PNL=0.000 CREDIT=20
✓ [CAR 8] ACT=OK REP=1.000 RWD=1.000 PNL=0.000 CREDIT=19
[PASSIVE-BEACON] SIMNOW:12.486 CID:7 ZONE:1 RXUAV:1 EDGEPORT:9998 TS:12.472 SPD:20.400 HDG:0.300 PX:270.100 PY:-30.000 LAN:3 BRK:0 RX_X:0.000 RX_Y:0.000 RX_Z:0.000
[ZONE-ROUTE] CID:7 zone=1 edge_port=9998
[EDGE-RTT] CID:7 wall=1.2 ms  sim_delay=10.0 ms
[TRUST-UPGRADE] CID:7 earned REDUCE_SCRUTINY after 20 clean packets → latency × 0.5
>>> [UAV->CLOUD] BLK:0510|TX:7.0.0.11|CID:7|TS:12.472|SPD:20.4|HDG:0.3|PX:270.1|PY:-30.0|...
[TRUST-APPLIED] CID:7 REDUCE_SCRUTINY → latency=5.0ms (was 10.0ms)
✓ [CAR 7] ACT=OK REP=0.500 RWD=1.500 PNL=0.000 CREDIT=20
✓ [CAR 7] ACT=OK REP=0.859 RWD=1.000 PNL=0.000 CREDIT=19
[PASSIVE-BEACON] SIMNOW:12.604 CID:2 ZONE:1 RXUAV:1 EDGEPORT:9998 TS:12.590 SPD:19.800 HDG:1.600 PX:251.800 PY:-30.000 LAN:3 BRK:0 RX_X:0.000 RX_Y:0.000 RX_Z:0.000
[ZONE-ROUTE] CID:2 zone=1 edge_port=9998
[EDGE-RTT] CID:2 wall=1.2 ms  sim_delay=5.0 ms
>>> [UAV->CLOUD] BLK:2466|TX:7.0.0.6|CID:2|TS:12.590|SPD:19.8|HDG:1.6|PX:251.8|PY:-30.0|L...
✓ [CAR 2] ACT=OK REP=0.849 RWD=1.000 PNL=0.000 CREDIT=20
[PASSIVE-BEACON] SIMNOW:12.624 CID:0 ZONE:1 RXUAV:1 EDGEPORT:9998 TS:12.610 SPD:25.300 HDG:2.000 PX:256.200 PY:-10.000 LAN:1 BRK:0 RX_X:0.000 RX_Y:0.000 RX_Z:0.000
[ZONE-ROUTE] CID:0 zone=1 edge_port=9998
[EDGE-RTT] CID:0 wall=1.1 ms  sim_delay=10.0 ms
>>> [UAV->CLOUD] BLK:08c3|TX:7.0.0.4|CID:0|TS:12.610|SPD:25.3|HDG:2.0|PX:256.2|PY:-10.0|L...
[ECON-CLAWBACK] CID:0 ACT=WARN prior_payoff=4.0 extra_penalty=3.3 new_payoff=0.7
[FORGIVENESS] CID:0 WARN #2 — streak reset, benefits revoked
⚠ [CAR 0] ACT=WARN REP=0.568 RWD=0.000 PNL=3.370 CREDIT=-2
[PASSIVE-BEACON] SIMNOW:12.645 CID:4 ZONE:1 RXUAV:1 EDGEPORT:9998 TS:12.630 SPD:19.900 HDG:-0.200 PX:253.000 PY:-50.000 LAN:5 BRK:0 RX_X:0.000 RX_Y:0.000 RX_Z:0.000
[ZONE-ROUTE] CID:4 zone=1 edge_port=9998
[EDGE-RTT] CID:4 wall=1.2 ms  sim_delay=5.0 ms
>>> [UAV->CLOUD] BLK:0140|TX:7.0.0.8|CID:4|TS:12.630|SPD:19.9|HDG:-0.2|PX:253.0|PY:-50.0|...
✓ [CAR 4] ACT=OK REP=1.000 RWD=1.000 PNL=0.000 CREDIT=20
[PASSIVE-BEACON] SIMNOW:12.806 CID:6 ZONE:1 RXUAV:1 EDGEPORT:9998 TS:12.792 SPD:19.600 HDG:0.200 PX:275.700 PY:-20.000 LAN:2 BRK:0 RX_X:0.000 RX_Y:0.000 RX_Z:0.000
[ZONE-ROUTE] CID:6 zone=1 edge_port=9998
[EDGE-RTT] CID:6 wall=1.0 ms  sim_delay=5.0 ms
>>> [UAV->CLOUD] BLK:9f91|TX:7.0.0.10|CID:6|TS:12.792|SPD:19.6|HDG:0.2|PX:275.7|PY:-20.0|...
[PASSIVE-BEACON] SIMNOW:12.816 CID:9 ZONE:1 RXUAV:1 EDGEPORT:9998 TS:12.802 SPD:19.900 HDG:-0.400 PX:275.900 PY:-50.000 LAN:5 BRK:0 RX_X:0.000 RX_Y:0.000 RX_Z:0.000
[ZONE-ROUTE] CID:9 zone=1 edge_port=9998
[EDGE-RTT] CID:9 wall=0.9 ms  sim_delay=5.0 ms
>>> [UAV->CLOUD] BLK:cc8b|TX:7.0.0.13|CID:9|TS:12.802|SPD:19.9|HDG:-0.4|PX:275.9|PY:-50.0...
✓ [CAR 6] ACT=OK REP=0.875 RWD=1.000 PNL=0.000 CREDIT=20
✓ [CAR 9] ACT=OK REP=1.000 RWD=1.000 PNL=0.000 CREDIT=21
[PASSIVE-BEACON] SIMNOW:12.884 CID:1 ZONE:1 RXUAV:1 EDGEPORT:9998 TS:12.870 SPD:19.600 HDG:-1.300 PX:256.700 PY:-20.000 LAN:2 BRK:0 RX_X:0.000 RX_Y:0.000 RX_Z:0.000
[ZONE-ROUTE] CID:1 zone=1 edge_port=9998
[EDGE-RTT] CID:1 wall=0.9 ms  sim_delay=5.0 ms
>>> [UAV->CLOUD] BLK:b912|TX:7.0.0.5|CID:1|TS:12.870|SPD:19.6|HDG:-1.3|PX:256.7|PY:-20.0|...
✓ [CAR 1] ACT=OK REP=0.845 RWD=1.000 PNL=0.000 CREDIT=21
[PASSIVE-BEACON] SIMNOW:12.914 CID:3 ZONE:1 RXUAV:1 EDGEPORT:9998 TS:12.900 SPD:20.000 HDG:2.000 PX:258.100 PY:-40.000 LAN:4 BRK:0 RX_X:0.000 RX_Y:0.000 RX_Z:0.000
[ZONE-ROUTE] CID:3 zone=1 edge_port=9998
[EDGE-RTT] CID:3 wall=1.0 ms  sim_delay=5.0 ms
>>> [UAV->CLOUD] BLK:db4b|TX:7.0.0.7|CID:3|TS:12.900|SPD:20.0|HDG:2.0|PX:258.1|PY:-40.0|L...
✓ [CAR 3] ACT=OK REP=1.000 RWD=1.000 PNL=0.000 CREDIT=20
[PASSIVE-BEACON] SIMNOW:12.966 CID:8 ZONE:1 RXUAV:1 EDGEPORT:9998 TS:12.952 SPD:19.800 HDG:1.800 PX:279.800 PY:-40.000 LAN:4 BRK:1 RX_X:0.000 RX_Y:0.000 RX_Z:0.000
[ZONE-ROUTE] CID:8 zone=1 edge_port=9998
[EDGE-RTT] CID:8 wall=1.1 ms  sim_delay=5.0 ms
>>> [UAV->CLOUD] BLK:1c7b|TX:7.0.0.12|CID:8|TS:12.952|SPD:19.8|HDG:1.8|PX:279.8|PY:-40.0|...
✓ [CAR 8] ACT=OK REP=0.953 RWD=1.000 PNL=0.000 CREDIT=20
[PASSIVE-BEACON] SIMNOW:12.986 CID:7 ZONE:1 RXUAV:1 EDGEPORT:9998 TS:12.972 SPD:20.400 HDG:-1.300 PX:279.800 PY:-30.000 LAN:3 BRK:0 RX_X:0.000 RX_Y:0.000 RX_Z:0.000
[ZONE-ROUTE] CID:7 zone=1 edge_port=9998
[EDGE-RTT] CID:7 wall=0.9 ms  sim_delay=5.0 ms
>>> [UAV->CLOUD] BLK:7b4b|TX:7.0.0.11|CID:7|TS:12.972|SPD:20.4|HDG:-1.3|PX:279.8|PY:-30.0...
✓ [CAR 7] ACT=OK REP=0.883 RWD=1.000 PNL=0.000 CREDIT=20
[PASSIVE-BEACON] SIMNOW:13.104 CID:2 ZONE:1 RXUAV:1 EDGEPORT:9998 TS:13.090 SPD:20.400 HDG:-0.300 PX:261.700 PY:-30.000 LAN:3 BRK:0 RX_X:0.000 RX_Y:0.000 RX_Z:0.000
[ZONE-ROUTE] CID:2 zone=1 edge_port=9998
[EDGE-RTT] CID:2 wall=1.0 ms  sim_delay=5.0 ms
>>> [UAV->CLOUD] BLK:38bb|TX:7.0.0.6|CID:2|TS:13.090|SPD:20.4|HDG:-0.3|PX:261.7|PY:-30.0|...
✓ [CAR 2] ACT=OK REP=0.953 RWD=1.000 PNL=0.000 CREDIT=21
[PASSIVE-BEACON] SIMNOW:13.124 CID:0 ZONE:1 RXUAV:1 EDGEPORT:9998 TS:13.110 SPD:25.000 HDG:-0.300 PX:268.900 PY:-10.000 LAN:1 BRK:0 RX_X:0.000 RX_Y:0.000 RX_Z:0.000
[ZONE-ROUTE] CID:0 zone=1 edge_port=9998
[EDGE-RTT] CID:0 wall=0.6 ms  sim_delay=10.0 ms
>>> [UAV->CLOUD] BLK:0e3e|TX:7.0.0.4|CID:0|TS:13.110|SPD:25.0|HDG:-0.3|PX:268.9|PY:-10.0|...
[ECON-CLAWBACK] CID:0 ACT=WARN prior_payoff=0.7 extra_penalty=1.8 new_payoff=-1.3
[FORGIVENESS] CID:0 WARN #3 — streak reset, benefits revoked
⚠ [CAR 0] ACT=WARN REP=0.807 RWD=0.000 PNL=1.936 CREDIT=-2
[PASSIVE-BEACON] SIMNOW:13.144 CID:4 ZONE:1 RXUAV:1 EDGEPORT:9998 TS:13.130 SPD:20.400 HDG:1.700 PX:262.700 PY:-50.000 LAN:5 BRK:0 RX_X:0.000 RX_Y:0.000 RX_Z:0.000
[ZONE-ROUTE] CID:4 zone=1 edge_port=9998
[EDGE-RTT] CID:4 wall=0.8 ms  sim_delay=5.0 ms
>>> [UAV->CLOUD] BLK:ed2a|TX:7.0.0.8|CID:4|TS:13.130|SPD:20.4|HDG:1.7|PX:262.7|PY:-50.0|L...
✓ [CAR 4] ACT=OK REP=0.999 RWD=1.000 PNL=0.000 CREDIT=21
[PASSIVE-BEACON] SIMNOW:13.306 CID:6 ZONE:1 RXUAV:1 EDGEPORT:9998 TS:13.292 SPD:20.200 HDG:1.700 PX:285.700 PY:-20.000 LAN:2 BRK:0 RX_X:0.000 RX_Y:0.000 RX_Z:0.000
[ZONE-ROUTE] CID:6 zone=1 edge_port=9998
[EDGE-RTT] CID:6 wall=0.9 ms  sim_delay=5.0 ms
>>> [UAV->CLOUD] BLK:4e2d|TX:7.0.0.10|CID:6|TS:13.292|SPD:20.2|HDG:1.7|PX:285.7|PY:-20.0|...
[PASSIVE-BEACON] SIMNOW:13.316 CID:9 ZONE:1 RXUAV:1 EDGEPORT:9998 TS:13.302 SPD:19.800 HDG:-1.900 PX:285.400 PY:-50.000 LAN:5 BRK:0 RX_X:0.000 RX_Y:0.000 RX_Z:0.000
[ZONE-ROUTE] CID:9 zone=1 edge_port=9998
[EDGE-RTT] CID:9 wall=0.8 ms  sim_delay=5.0 ms
>>> [UAV->CLOUD] BLK:d604|TX:7.0.0.13|CID:9|TS:13.302|SPD:19.8|HDG:-1.9|PX:285.4|PY:-50.0...
✓ [CAR 6] ACT=OK REP=0.796 RWD=1.000 PNL=0.000 CREDIT=21
✓ [CAR 9] ACT=OK REP=1.000 RWD=1.000 PNL=0.000 CREDIT=22
[PASSIVE-BEACON] SIMNOW:13.384 CID:1 ZONE:1 RXUAV:1 EDGEPORT:9998 TS:13.370 SPD:19.700 HDG:-1.000 PX:267.700 PY:-20.000 LAN:2 BRK:0 RX_X:0.000 RX_Y:0.000 RX_Z:0.000
[ZONE-ROUTE] CID:1 zone=1 edge_port=9998
[EDGE-RTT] CID:1 wall=1.0 ms  sim_delay=5.0 ms
>>> [UAV->CLOUD] BLK:962b|TX:7.0.0.5|CID:1|TS:13.370|SPD:19.7|HDG:-1.0|PX:267.7|PY:-20.0|...
✓ [CAR 1] ACT=OK REP=1.000 RWD=1.000 PNL=0.000 CREDIT=22
[PASSIVE-BEACON] SIMNOW:13.414 CID:3 ZONE:1 RXUAV:1 EDGEPORT:9998 TS:13.400 SPD:20.500 HDG:-1.600 PX:267.300 PY:-40.000 LAN:4 BRK:0 RX_X:0.000 RX_Y:0.000 RX_Z:0.000
[ZONE-ROUTE] CID:3 zone=1 edge_port=9998
[EDGE-RTT] CID:3 wall=0.8 ms  sim_delay=5.0 ms
>>> [UAV->CLOUD] BLK:7c92|TX:7.0.0.7|CID:3|TS:13.400|SPD:20.5|HDG:-1.6|PX:267.3|PY:-40.0|...
✓ [CAR 3] ACT=OK REP=0.913 RWD=1.000 PNL=0.000 CREDIT=21
[PASSIVE-BEACON] SIMNOW:13.466 CID:8 ZONE:1 RXUAV:1 EDGEPORT:9998 TS:13.452 SPD:20.400 HDG:0.900 PX:289.000 PY:-40.000 LAN:4 BRK:0 RX_X:0.000 RX_Y:0.000 RX_Z:0.000
[ZONE-ROUTE] CID:8 zone=1 edge_port=9998
[EDGE-RTT] CID:8 wall=0.9 ms  sim_delay=5.0 ms
>>> [UAV->CLOUD] BLK:7ed7|TX:7.0.0.12|CID:8|TS:13.452|SPD:20.4|HDG:0.9|PX:289.0|PY:-40.0|...
✓ [CAR 8] ACT=OK REP=0.969 RWD=1.000 PNL=0.000 CREDIT=21
[PASSIVE-BEACON] SIMNOW:13.486 CID:7 ZONE:1 RXUAV:1 EDGEPORT:9998 TS:13.472 SPD:19.700 HDG:0.500 PX:289.200 PY:-30.000 LAN:3 BRK:0 RX_X:0.000 RX_Y:0.000 RX_Z:0.000
[ZONE-ROUTE] CID:7 zone=1 edge_port=9998
[EDGE-RTT] CID:7 wall=0.9 ms  sim_delay=5.0 ms
>>> [UAV->CLOUD] BLK:f8df|TX:7.0.0.11|CID:7|TS:13.472|SPD:19.7|HDG:0.5|PX:289.2|PY:-30.0|...
✓ [CAR 7] ACT=OK REP=0.869 RWD=1.000 PNL=0.000 CREDIT=21
[PASSIVE-BEACON] SIMNOW:13.603 CID:2 ZONE:1 RXUAV:1 EDGEPORT:9998 TS:13.590 SPD:19.600 HDG:-0.800 PX:272.400 PY:-30.000 LAN:3 BRK:1 RX_X:0.000 RX_Y:0.000 RX_Z:0.000
[ZONE-ROUTE] CID:2 zone=1 edge_port=9998
[EDGE-RTT] CID:2 wall=1.1 ms  sim_delay=5.0 ms
>>> [UAV->CLOUD] BLK:0393|TX:7.0.0.6|CID:2|TS:13.590|SPD:19.6|HDG:-0.8|PX:272.4|PY:-30.0|...
✓ [CAR 2] ACT=OK REP=1.000 RWD=1.000 PNL=0.000 CREDIT=22
[PASSIVE-BEACON] SIMNOW:13.624 CID:0 ZONE:1 RXUAV:1 EDGEPORT:9998 TS:13.610 SPD:25.000 HDG:-0.500 PX:280.500 PY:-10.000 LAN:1 BRK:0 RX_X:0.000 RX_Y:0.000 RX_Z:0.000
[ZONE-ROUTE] CID:0 zone=1 edge_port=9998
[EDGE-RTT] CID:0 wall=0.9 ms  sim_delay=10.0 ms
>>> [UAV->CLOUD] BLK:1281|TX:7.0.0.4|CID:0|TS:13.610|SPD:25.0|HDG:-0.5|PX:280.5|PY:-10.0|...
[ECON-CLAWBACK] CID:0 ACT=WARN prior_payoff=-1.3 extra_penalty=1.8 new_payoff=-3.1
[FORGIVENESS] CID:0 WARN #4 — streak reset, benefits revoked
⚠ [CAR 0] ACT=WARN REP=0.774 RWD=0.000 PNL=1.849 CREDIT=-2
[PASSIVE-BEACON] SIMNOW:13.645 CID:4 ZONE:1 RXUAV:1 EDGEPORT:9998 TS:13.630 SPD:19.500 HDG:0.100 PX:272.500 PY:-50.000 LAN:5 BRK:0 RX_X:0.000 RX_Y:0.000 RX_Z:0.000
[ZONE-ROUTE] CID:4 zone=1 edge_port=9998
[EDGE-RTT] CID:4 wall=1.1 ms  sim_delay=5.0 ms
>>> [UAV->CLOUD] BLK:9aaf|TX:7.0.0.8|CID:4|TS:13.630|SPD:19.5|HDG:0.1|PX:272.5|PY:-50.0|L...
✓ [CAR 4] ACT=OK REP=0.722 RWD=1.000 PNL=0.000 CREDIT=22
[PASSIVE-BEACON] SIMNOW:13.805 CID:6 ZONE:1 RXUAV:1 EDGEPORT:9998 TS:13.792 SPD:20.500 HDG:-1.100 PX:296.000 PY:-20.000 LAN:2 BRK:0 RX_X:0.000 RX_Y:0.000 RX_Z:0.000
[ZONE-ROUTE] CID:6 zone=1 edge_port=9998
[EDGE-RTT] CID:6 wall=1.0 ms  sim_delay=5.0 ms
>>> [UAV->CLOUD] BLK:4e4a|TX:7.0.0.10|CID:6|TS:13.792|SPD:20.5|HDG:-1.1|PX:296.0|PY:-20.0...
[PASSIVE-BEACON] SIMNOW:13.816 CID:9 ZONE:1 RXUAV:1 EDGEPORT:9998 TS:13.802 SPD:20.000 HDG:-1.500 PX:295.300 PY:-50.000 LAN:5 BRK:0 RX_X:0.000 RX_Y:0.000 RX_Z:0.000
[ZONE-ROUTE] CID:9 zone=1 edge_port=9998
[EDGE-RTT] CID:9 wall=0.6 ms  sim_delay=5.0 ms
>>> [UAV->CLOUD] BLK:df46|TX:7.0.0.13|CID:9|TS:13.802|SPD:20.0|HDG:-1.5|PX:295.3|PY:-50.0...
✓ [CAR 6] ACT=OK REP=0.986 RWD=1.000 PNL=0.000 CREDIT=22
✓ [CAR 9] ACT=OK REP=0.999 RWD=1.000 PNL=0.000 CREDIT=23
[PASSIVE-BEACON] SIMNOW:13.884 CID:1 ZONE:1 RXUAV:1 EDGEPORT:9998 TS:13.870 SPD:20.400 HDG:1.800 PX:277.300 PY:-20.000 LAN:2 BRK:0 RX_X:0.000 RX_Y:0.000 RX_Z:0.000
[ZONE-ROUTE] CID:1 zone=1 edge_port=9998
[EDGE-RTT] CID:1 wall=1.0 ms  sim_delay=5.0 ms
>>> [UAV->CLOUD] BLK:f0d6|TX:7.0.0.5|CID:1|TS:13.870|SPD:20.4|HDG:1.8|PX:277.3|PY:-20.0|L...
✓ [CAR 1] ACT=OK REP=0.884 RWD=1.000 PNL=0.000 CREDIT=23
[PASSIVE-BEACON] SIMNOW:13.914 CID:3 ZONE:1 RXUAV:1 EDGEPORT:9998 TS:13.900 SPD:19.800 HDG:1.000 PX:277.800 PY:-40.000 LAN:4 BRK:0 RX_X:0.000 RX_Y:0.000 RX_Z:0.000
[ZONE-ROUTE] CID:3 zone=1 edge_port=9998
[EDGE-RTT] CID:3 wall=0.9 ms  sim_delay=5.0 ms
>>> [UAV->CLOUD] BLK:fd66|TX:7.0.0.7|CID:3|TS:13.900|SPD:19.8|HDG:1.0|PX:277.8|PY:-40.0|L...
✓ [CAR 3] ACT=OK REP=1.000 RWD=1.000 PNL=0.000 CREDIT=22
[PASSIVE-BEACON] SIMNOW:13.966 CID:8 ZONE:1 RXUAV:1 EDGEPORT:9998 TS:13.952 SPD:19.700 HDG:1.800 PX:298.700 PY:-40.000 LAN:4 BRK:0 RX_X:0.000 RX_Y:0.000 RX_Z:0.000
[ZONE-ROUTE] CID:8 zone=1 edge_port=9998
[EDGE-RTT] CID:8 wall=0.8 ms  sim_delay=5.0 ms
>>> [UAV->CLOUD] BLK:28f2|TX:7.0.0.12|CID:8|TS:13.952|SPD:19.7|HDG:1.8|PX:298.7|PY:-40.0|...
✓ [CAR 8] ACT=OK REP=1.000 RWD=1.000 PNL=0.000 CREDIT=22
[PASSIVE-BEACON] SIMNOW:13.984 CID:7 ZONE:1 RXUAV:1 EDGEPORT:9998 TS:13.972 SPD:20.400 HDG:1.100 PX:299.200 PY:-30.000 LAN:3 BRK:0 RX_X:0.000 RX_Y:0.000 RX_Z:0.000
[ZONE-ROUTE] CID:7 zone=1 edge_port=9998
[EDGE-RTT] CID:7 wall=0.9 ms  sim_delay=5.0 ms
>>> [UAV->CLOUD] BLK:63e2|TX:7.0.0.11|CID:7|TS:13.972|SPD:20.4|HDG:1.1|PX:299.2|PY:-30.0|...
✓ [CAR 7] ACT=OK REP=0.929 RWD=1.000 PNL=0.000 CREDIT=22
[PASSIVE-BEACON] SIMNOW:14.104 CID:2 ZONE:1 RXUAV:1 EDGEPORT:9998 TS:14.090 SPD:19.500 HDG:1.100 PX:281.700 PY:-30.000 LAN:3 BRK:0 RX_X:0.000 RX_Y:0.000 RX_Z:0.000
[ZONE-ROUTE] CID:2 zone=1 edge_port=9998
[EDGE-RTT] CID:2 wall=1.0 ms  sim_delay=5.0 ms
>>> [UAV->CLOUD] BLK:6d66|TX:7.0.0.6|CID:2|TS:14.090|SPD:19.5|HDG:1.1|PX:281.7|PY:-30.0|L...
✓ [CAR 2] ACT=OK REP=1.000 RWD=1.000 PNL=0.000 CREDIT=23
[PASSIVE-BEACON] SIMNOW:14.124 CID:0 ZONE:1 RXUAV:1 EDGEPORT:9998 TS:14.110 SPD:24.900 HDG:0.900 PX:293.600 PY:-10.000 LAN:1 BRK:0 RX_X:0.000 RX_Y:0.000 RX_Z:0.000
[ZONE-ROUTE] CID:0 zone=1 edge_port=9998
[EDGE-RTT] CID:0 wall=0.9 ms  sim_delay=10.0 ms
>>> [UAV->CLOUD] BLK:afca|TX:7.0.0.4|CID:0|TS:14.110|SPD:24.9|HDG:0.9|PX:293.6|PY:-10.0|L...
[ECON-CLAWBACK] CID:0 ACT=WARN prior_payoff=-3.1 extra_penalty=2.0 new_payoff=-5.2
[FORGIVENESS] CID:0 WARN #5 — streak reset, benefits revoked
⚠ [CAR 0] ACT=WARN REP=0.976 RWD=0.000 PNL=2.101 CREDIT=-2
[PASSIVE-BEACON] SIMNOW:14.144 CID:4 ZONE:1 RXUAV:1 EDGEPORT:9998 TS:14.130 SPD:19.700 HDG:1.400 PX:282.500 PY:-50.000 LAN:5 BRK:0 RX_X:0.000 RX_Y:0.000 RX_Z:0.000
[ZONE-ROUTE] CID:4 zone=1 edge_port=9998
[EDGE-RTT] CID:4 wall=0.9 ms  sim_delay=5.0 ms
>>> [UAV->CLOUD] BLK:6465|TX:7.0.0.8|CID:4|TS:14.130|SPD:19.7|HDG:1.4|PX:282.5|PY:-50.0|L...
✓ [CAR 4] ACT=OK REP=0.890 RWD=1.000 PNL=0.000 CREDIT=23
[PKT-DROP] UAV dropped telemetry from 7.0.0.10 (drop_rate=1%)
[PASSIVE-BEACON] SIMNOW:14.316 CID:9 ZONE:1 RXUAV:1 EDGEPORT:9998 TS:14.302 SPD:20.100 HDG:-1.100 PX:306.700 PY:-50.000 LAN:5 BRK:0 RX_X:0.000 RX_Y:0.000 RX_Z:0.000
[ZONE-ROUTE] CID:9 zone=1 edge_port=9998
[EDGE-RTT] CID:9 wall=1.0 ms  sim_delay=5.0 ms
>>> [UAV->CLOUD] BLK:6a48|TX:7.0.0.13|CID:9|TS:14.302|SPD:20.1|HDG:-1.1|PX:306.7|PY:-50.0...
✓ [CAR 9] ACT=OK REP=0.910 RWD=1.000 PNL=0.000 CREDIT=24
[PASSIVE-BEACON] SIMNOW:14.384 CID:1 ZONE:1 RXUAV:1 EDGEPORT:9998 TS:14.370 SPD:24.900 HDG:-1.700 PX:289.400 PY:-20.000 LAN:2 BRK:0 RX_X:0.000 RX_Y:0.000 RX_Z:0.000
[ZONE-ROUTE] CID:1 zone=1 edge_port=9998
[EDGE-RTT] CID:1 wall=1.0 ms  sim_delay=5.0 ms
>>> [UAV->CLOUD] BLK:dabb|TX:7.0.0.5|CID:1|TS:14.370|SPD:24.9|HDG:-1.7|PX:289.4|PY:-20.0|...
[ECON-CLAWBACK] CID:1 ACT=WARN prior_payoff=27.0 extra_penalty=21.2 new_payoff=5.7
[TRUST-REVOKED] CID:1 benefits revoked logically; lane=2 speed=20.0 latency=10.0ms
[FORGIVENESS] CID:1 WARN #1 — streak reset, benefits revoked
⚠ [CAR 1] ACT=WARN REP=0.741 RWD=0.000 PNL=21.322 CREDIT=22
[PASSIVE-BEACON] SIMNOW:14.414 CID:3 ZONE:1 RXUAV:1 EDGEPORT:9998 TS:14.400 SPD:20.300 HDG:-0.900 PX:288.200 PY:-40.000 LAN:4 BRK:1 RX_X:0.000 RX_Y:0.000 RX_Z:0.000
[ZONE-ROUTE] CID:3 zone=1 edge_port=9998
[EDGE-RTT] CID:3 wall=0.8 ms  sim_delay=5.0 ms
>>> [UAV->CLOUD] BLK:e9e8|TX:7.0.0.7|CID:3|TS:14.400|SPD:20.3|HDG:-0.9|PX:288.2|PY:-40.0|...
✓ [CAR 3] ACT=OK REP=0.940 RWD=1.000 PNL=0.000 CREDIT=23
[PASSIVE-BEACON] SIMNOW:14.466 CID:8 ZONE:1 RXUAV:1 EDGEPORT:9998 TS:14.452 SPD:19.900 HDG:-0.600 PX:308.800 PY:-40.000 LAN:4 BRK:1 RX_X:0.000 RX_Y:0.000 RX_Z:0.000
[ZONE-ROUTE] CID:8 zone=1 edge_port=9998
[EDGE-RTT] CID:8 wall=1.0 ms  sim_delay=5.0 ms
>>> [UAV->CLOUD] BLK:3d0e|TX:7.0.0.12|CID:8|TS:14.452|SPD:19.9|HDG:-0.6|PX:308.8|PY:-40.0...
✓ [CAR 8] ACT=OK REP=1.000 RWD=1.000 PNL=0.000 CREDIT=23
[PASSIVE-BEACON] SIMNOW:14.486 CID:7 ZONE:1 RXUAV:1 EDGEPORT:9998 TS:14.472 SPD:20.200 HDG:-1.900 PX:309.300 PY:-30.000 LAN:3 BRK:0 RX_X:0.000 RX_Y:0.000 RX_Z:0.000
[ZONE-ROUTE] CID:7 zone=1 edge_port=9998
[EDGE-RTT] CID:7 wall=0.8 ms  sim_delay=5.0 ms
>>> [UAV->CLOUD] BLK:6d20|TX:7.0.0.11|CID:7|TS:14.472|SPD:20.2|HDG:-1.9|PX:309.3|PY:-30.0...
✓ [CAR 7] ACT=OK REP=0.740 RWD=1.000 PNL=0.000 CREDIT=23
[PASSIVE-BEACON] SIMNOW:14.604 CID:2 ZONE:1 RXUAV:1 EDGEPORT:9998 TS:14.590 SPD:20.200 HDG:-0.800 PX:291.100 PY:-30.000 LAN:3 BRK:0 RX_X:0.000 RX_Y:0.000 RX_Z:0.000
[ZONE-ROUTE] CID:2 zone=1 edge_port=9998
[EDGE-RTT] CID:2 wall=0.9 ms  sim_delay=5.0 ms
>>> [UAV->CLOUD] BLK:8c7f|TX:7.0.0.6|CID:2|TS:14.590|SPD:20.2|HDG:-0.8|PX:291.1|PY:-30.0|...
✓ [CAR 2] ACT=OK REP=0.643 RWD=1.000 PNL=0.000 CREDIT=24
[PASSIVE-BEACON] SIMNOW:14.624 CID:0 ZONE:1 RXUAV:1 EDGEPORT:9998 TS:14.610 SPD:25.100 HDG:-1.500 PX:305.200 PY:-10.000 LAN:1 BRK:0 RX_X:0.000 RX_Y:0.000 RX_Z:0.000
[ZONE-ROUTE] CID:0 zone=1 edge_port=9998
[EDGE-RTT] CID:0 wall=0.9 ms  sim_delay=10.0 ms
>>> [UAV->CLOUD] BLK:c7f1|TX:7.0.0.4|CID:0|TS:14.610|SPD:25.1|HDG:-1.5|PX:305.2|PY:-10.0|...
[ECON-CLAWBACK] CID:0 ACT=WARN prior_payoff=-5.2 extra_penalty=2.2 new_payoff=-7.6
[FORGIVENESS] CID:0 WARN #6 — streak reset, benefits revoked
⚠ [CAR 0] ACT=WARN REP=0.759 RWD=0.000 PNL=2.351 CREDIT=-2
[PASSIVE-BEACON] SIMNOW:14.645 CID:4 ZONE:1 RXUAV:1 EDGEPORT:9998 TS:14.630 SPD:20.300 HDG:-0.400 PX:292.100 PY:-50.000 LAN:5 BRK:0 RX_X:0.000 RX_Y:0.000 RX_Z:0.000
[ZONE-ROUTE] CID:4 zone=1 edge_port=9998
[EDGE-RTT] CID:4 wall=1.1 ms  sim_delay=5.0 ms
>>> [UAV->CLOUD] BLK:2b53|TX:7.0.0.8|CID:4|TS:14.630|SPD:20.3|HDG:-0.4|PX:292.1|PY:-50.0|...
✓ [CAR 4] ACT=OK REP=0.746 RWD=1.000 PNL=0.000 CREDIT=24
[PASSIVE-BEACON] SIMNOW:14.806 CID:6 ZONE:1 RXUAV:1 EDGEPORT:9998 TS:14.792 SPD:25.400 HDG:0.700 PX:320.300 PY:-20.000 LAN:2 BRK:0 RX_X:0.000 RX_Y:0.000 RX_Z:0.000
[ZONE-ROUTE] CID:6 zone=1 edge_port=9998
[EDGE-RTT] CID:6 wall=0.9 ms  sim_delay=5.0 ms
>>> [UAV->CLOUD] BLK:e5be|TX:7.0.0.10|CID:6|TS:14.792|SPD:25.4|HDG:0.7|PX:320.3|PY:-20.0|...
[PASSIVE-BEACON] SIMNOW:14.816 CID:9 ZONE:1 RXUAV:1 EDGEPORT:9998 TS:14.802 SPD:19.900 HDG:-1.800 PX:315.500 PY:-50.000 LAN:5 BRK:0 RX_X:0.000 RX_Y:0.000 RX_Z:0.000
[ZONE-ROUTE] CID:9 zone=1 edge_port=9998
[EDGE-RTT] CID:9 wall=0.5 ms  sim_delay=5.0 ms
>>> [UAV->CLOUD] BLK:df3f|TX:7.0.0.13|CID:9|TS:14.802|SPD:19.9|HDG:-1.8|PX:315.5|PY:-50.0...
[ECON-CLAWBACK] CID:6 ACT=WARN prior_payoff=26.0 extra_penalty=20.5 new_payoff=5.4
[TRUST-REVOKED] CID:6 benefits revoked logically; lane=2 speed=20.0 latency=10.0ms
[FORGIVENESS] CID:6 WARN #1 — streak reset, benefits revoked
⚠ [CAR 6] ACT=WARN REP=0.632 RWD=0.000 PNL=20.574 CREDIT=21
✓ [CAR 9] ACT=OK REP=0.859 RWD=1.000 PNL=0.000 CREDIT=25
[PASSIVE-BEACON] SIMNOW:14.884 CID:1 ZONE:1 RXUAV:1 EDGEPORT:9998 TS:14.870 SPD:24.700 HDG:1.800 PX:302.200 PY:-20.000 LAN:2 BRK:1 RX_X:0.000 RX_Y:0.000 RX_Z:0.000
[ZONE-ROUTE] CID:1 zone=1 edge_port=9998
[EDGE-RTT] CID:1 wall=1.1 ms  sim_delay=5.0 ms
>>> [UAV->CLOUD] BLK:edd6|TX:7.0.0.5|CID:1|TS:14.870|SPD:24.7|HDG:1.8|PX:302.2|PY:-20.0|L...
[ECON-CLAWBACK] CID:1 ACT=WARN prior_payoff=5.7 extra_penalty=4.1 new_payoff=1.5
[FORGIVENESS] CID:1 WARN #2 — streak reset, benefits revoked
⚠ [CAR 1] ACT=WARN REP=1.000 RWD=0.000 PNL=4.180 CREDIT=-2
[PASSIVE-BEACON] SIMNOW:14.914 CID:3 ZONE:1 RXUAV:1 EDGEPORT:9998 TS:14.900 SPD:20.400 HDG:0.600 PX:298.700 PY:-40.000 LAN:4 BRK:0 RX_X:0.000 RX_Y:0.000 RX_Z:0.000
[ZONE-ROUTE] CID:3 zone=1 edge_port=9998
[EDGE-RTT] CID:3 wall=1.1 ms  sim_delay=5.0 ms
>>> [UAV->CLOUD] BLK:cf31|TX:7.0.0.7|CID:3|TS:14.900|SPD:20.4|HDG:0.6|PX:298.7|PY:-40.0|L...
✓ [CAR 3] ACT=OK REP=1.000 RWD=1.000 PNL=0.000 CREDIT=24
[PASSIVE-BEACON] SIMNOW:14.966 CID:8 ZONE:1 RXUAV:1 EDGEPORT:9998 TS:14.952 SPD:20.200 HDG:-1.400 PX:318.700 PY:-40.000 LAN:4 BRK:1 RX_X:0.000 RX_Y:0.000 RX_Z:0.000
[ZONE-ROUTE] CID:8 zone=1 edge_port=9998
[EDGE-RTT] CID:8 wall=1.0 ms  sim_delay=5.0 ms
>>> [UAV->CLOUD] BLK:3984|TX:7.0.0.12|CID:8|TS:14.952|SPD:20.2|HDG:-1.4|PX:318.7|PY:-40.0...
✓ [CAR 8] ACT=OK REP=0.769 RWD=1.000 PNL=0.000 CREDIT=24
[PASSIVE-BEACON] SIMNOW:14.986 CID:7 ZONE:1 RXUAV:1 EDGEPORT:9998 TS:14.972 SPD:19.600 HDG:-0.900 PX:319.300 PY:-30.000 LAN:3 BRK:0 RX_X:0.000 RX_Y:0.000 RX_Z:0.000
[ZONE-ROUTE] CID:7 zone=1 edge_port=9998
[EDGE-RTT] CID:7 wall=1.0 ms  sim_delay=5.0 ms
>>> [UAV->CLOUD] BLK:888a|TX:7.0.0.11|CID:7|TS:14.972|SPD:19.6|HDG:-0.9|PX:319.3|PY:-30.0...
✓ [CAR 7] ACT=OK REP=1.000 RWD=1.000 PNL=0.000 CREDIT=24
[PASSIVE-BEACON] SIMNOW:15.104 CID:2 ZONE:1 RXUAV:1 EDGEPORT:9998 TS:15.090 SPD:19.500 HDG:0.600 PX:301.100 PY:-30.000 LAN:3 BRK:0 RX_X:0.000 RX_Y:0.000 RX_Z:0.000
[ZONE-ROUTE] CID:2 zone=1 edge_port=9998
[EDGE-RTT] CID:2 wall=0.9 ms  sim_delay=5.0 ms
>>> [UAV->CLOUD] BLK:1f55|TX:7.0.0.6|CID:2|TS:15.090|SPD:19.5|HDG:0.6|PX:301.1|PY:-30.0|L...
✓ [CAR 2] ACT=OK REP=0.827 RWD=1.000 PNL=0.000 CREDIT=25
[PASSIVE-BEACON] SIMNOW:15.124 CID:0 ZONE:1 RXUAV:1 EDGEPORT:9998 TS:15.110 SPD:25.000 HDG:1.100 PX:317.900 PY:-10.000 LAN:1 BRK:0 RX_X:0.000 RX_Y:0.000 RX_Z:0.000
[ZONE-ROUTE] CID:0 zone=1 edge_port=9998
[EDGE-RTT] CID:0 wall=0.8 ms  sim_delay=10.0 ms
>>> [UAV->CLOUD] BLK:1f04|TX:7.0.0.4|CID:0|TS:15.110|SPD:25.0|HDG:1.1|PX:317.9|PY:-10.0|L...
[ECON-CLAWBACK] CID:0 ACT=WARN prior_payoff=-7.6 extra_penalty=2.5 new_payoff=-10.2
[FORGIVENESS] CID:0 WARN #7 — streak reset, benefits revoked
⚠ [CAR 0] ACT=WARN REP=0.733 RWD=0.000 PNL=2.601 CREDIT=-2
[PASSIVE-BEACON] SIMNOW:15.144 CID:4 ZONE:1 RXUAV:1 EDGEPORT:9998 TS:15.130 SPD:19.600 HDG:-0.100 PX:302.600 PY:-50.000 LAN:5 BRK:0 RX_X:0.000 RX_Y:0.000 RX_Z:0.000
[ZONE-ROUTE] CID:4 zone=1 edge_port=9998
[EDGE-RTT] CID:4 wall=1.0 ms  sim_delay=5.0 ms
>>> [UAV->CLOUD] BLK:af50|TX:7.0.0.8|CID:4|TS:15.130|SPD:19.6|HDG:-0.1|PX:302.6|PY:-50.0|...
✓ [CAR 4] ACT=OK REP=1.000 RWD=1.000 PNL=0.000 CREDIT=25
[PASSIVE-BEACON] SIMNOW:15.306 CID:6 ZONE:1 RXUAV:1 EDGEPORT:9998 TS:15.292 SPD:24.600 HDG:0.400 PX:332.900 PY:-20.000 LAN:2 BRK:0 RX_X:0.000 RX_Y:0.000 RX_Z:0.000
[ZONE-ROUTE] CID:6 zone=1 edge_port=9998
[EDGE-RTT] CID:6 wall=1.1 ms  sim_delay=5.0 ms
>>> [UAV->CLOUD] BLK:187a|TX:7.0.0.10|CID:6|TS:15.292|SPD:24.6|HDG:0.4|PX:332.9|PY:-20.0|...
[PASSIVE-BEACON] SIMNOW:15.316 CID:9 ZONE:1 RXUAV:1 EDGEPORT:9998 TS:15.302 SPD:19.600 HDG:-0.600 PX:326.600 PY:-50.000 LAN:5 BRK:0 RX_X:0.000 RX_Y:0.000 RX_Z:0.000
[ZONE-ROUTE] CID:9 zone=1 edge_port=9998
[EDGE-RTT] CID:9 wall=0.8 ms  sim_delay=5.0 ms
>>> [UAV->CLOUD] BLK:6826|TX:7.0.0.13|CID:9|TS:15.302|SPD:19.6|HDG:-0.6|PX:326.6|PY:-50.0...
[ECON-CLAWBACK] CID:6 ACT=WARN prior_payoff=5.4 extra_penalty=4.0 new_payoff=1.4
[FORGIVENESS] CID:6 WARN #2 — streak reset, benefits revoked
⚠ [CAR 6] ACT=WARN REP=1.000 RWD=0.000 PNL=4.054 CREDIT=-2
✓ [CAR 9] ACT=OK REP=0.653 RWD=1.000 PNL=0.000 CREDIT=26
[PASSIVE-BEACON] SIMNOW:15.384 CID:1 ZONE:1 RXUAV:1 EDGEPORT:9998 TS:15.370 SPD:24.700 HDG:0.000 PX:315.500 PY:-20.000 LAN:2 BRK:0 RX_X:0.000 RX_Y:0.000 RX_Z:0.000
[ZONE-ROUTE] CID:1 zone=1 edge_port=9998
[EDGE-RTT] CID:1 wall=1.1 ms  sim_delay=5.0 ms
>>> [UAV->CLOUD] BLK:fd4e|TX:7.0.0.5|CID:1|TS:15.370|SPD:24.7|HDG:0.0|PX:315.5|PY:-20.0|L...
[ECON-CLAWBACK] CID:1 ACT=WARN prior_payoff=1.5 extra_penalty=2.2 new_payoff=-0.8
[FORGIVENESS] CID:1 WARN #3 — streak reset, benefits revoked
⚠ [CAR 1] ACT=WARN REP=0.805 RWD=0.000 PNL=2.343 CREDIT=-2
[PASSIVE-BEACON] SIMNOW:15.414 CID:3 ZONE:1 RXUAV:1 EDGEPORT:9998 TS:15.400 SPD:20.100 HDG:1.300 PX:308.600 PY:-40.000 LAN:4 BRK:0 RX_X:0.000 RX_Y:0.000 RX_Z:0.000
[ZONE-ROUTE] CID:3 zone=1 edge_port=9998
[EDGE-RTT] CID:3 wall=0.8 ms  sim_delay=5.0 ms
>>> [UAV->CLOUD] BLK:c39f|TX:7.0.0.7|CID:3|TS:15.400|SPD:20.1|HDG:1.3|PX:308.6|PY:-40.0|L...
✓ [CAR 3] ACT=OK REP=0.546 RWD=1.000 PNL=0.000 CREDIT=25
[PASSIVE-BEACON] SIMNOW:15.466 CID:8 ZONE:1 RXUAV:1 EDGEPORT:9998 TS:15.452 SPD:19.600 HDG:1.100 PX:328.400 PY:-40.000 LAN:4 BRK:0 RX_X:0.000 RX_Y:0.000 RX_Z:0.000
[ZONE-ROUTE] CID:8 zone=1 edge_port=9998
[EDGE-RTT] CID:8 wall=1.2 ms  sim_delay=5.0 ms
>>> [UAV->CLOUD] BLK:9a0a|TX:7.0.0.12|CID:8|TS:15.452|SPD:19.6|HDG:1.1|PX:328.4|PY:-40.0|...
✓ [CAR 8] ACT=OK REP=1.000 RWD=1.000 PNL=0.000 CREDIT=25
[PASSIVE-BEACON] SIMNOW:15.485 CID:7 ZONE:1 RXUAV:1 EDGEPORT:9998 TS:15.472 SPD:19.800 HDG:0.600 PX:329.300 PY:-30.000 LAN:3 BRK:0 RX_X:0.000 RX_Y:0.000 RX_Z:0.000
[ZONE-ROUTE] CID:7 zone=1 edge_port=9998
[EDGE-RTT] CID:7 wall=1.0 ms  sim_delay=5.0 ms
>>> [UAV->CLOUD] BLK:d6ae|TX:7.0.0.11|CID:7|TS:15.472|SPD:19.8|HDG:0.6|PX:329.3|PY:-30.0|...
✓ [CAR 7] ACT=OK REP=1.000 RWD=1.000 PNL=0.000 CREDIT=25
[PASSIVE-BEACON] SIMNOW:15.604 CID:2 ZONE:1 RXUAV:1 EDGEPORT:9998 TS:15.590 SPD:19.900 HDG:-0.100 PX:312.000 PY:-30.000 LAN:3 BRK:1 RX_X:0.000 RX_Y:0.000 RX_Z:0.000
[ZONE-ROUTE] CID:2 zone=1 edge_port=9998
[EDGE-RTT] CID:2 wall=1.0 ms  sim_delay=5.0 ms
>>> [UAV->CLOUD] BLK:948d|TX:7.0.0.6|CID:2|TS:15.590|SPD:19.9|HDG:-0.1|PX:312.0|PY:-30.0|...
✓ [CAR 2] ACT=OK REP=1.000 RWD=1.000 PNL=0.000 CREDIT=26
[PASSIVE-BEACON] SIMNOW:15.624 CID:0 ZONE:1 RXUAV:1 EDGEPORT:9998 TS:15.610 SPD:25.000 HDG:-0.700 PX:331.000 PY:-10.000 LAN:1 BRK:0 RX_X:0.000 RX_Y:0.000 RX_Z:0.000
[ZONE-ROUTE] CID:0 zone=1 edge_port=9998
[EDGE-RTT] CID:0 wall=1.0 ms  sim_delay=10.0 ms
>>> [UAV->CLOUD] BLK:46f7|TX:7.0.0.4|CID:0|TS:15.610|SPD:25.0|HDG:-0.7|PX:331.0|PY:-10.0|...
[ECON-CLAWBACK] CID:0 ACT=WARN prior_payoff=-10.2 extra_penalty=2.8 new_payoff=-13.0
[FORGIVENESS] CID:0 WARN #8 — streak reset, benefits revoked
⚠ [CAR 0] ACT=WARN REP=0.736 RWD=0.000 PNL=2.851 CREDIT=-2
[PASSIVE-BEACON] SIMNOW:15.642 CID:4 ZONE:1 RXUAV:1 EDGEPORT:9998 TS:15.630 SPD:20.200 HDG:0.900 PX:313.300 PY:-50.000 LAN:5 BRK:0 RX_X:0.000 RX_Y:0.000 RX_Z:0.000
[ZONE-ROUTE] CID:4 zone=1 edge_port=9998
[EDGE-RTT] CID:4 wall=0.8 ms  sim_delay=5.0 ms
>>> [UAV->CLOUD] BLK:30fd|TX:7.0.0.8|CID:4|TS:15.630|SPD:20.2|HDG:0.9|PX:313.3|PY:-50.0|L...
✓ [CAR 4] ACT=OK REP=1.000 RWD=1.000 PNL=0.000 CREDIT=26
[PASSIVE-BEACON] SIMNOW:15.806 CID:6 ZONE:1 RXUAV:1 EDGEPORT:9998 TS:15.792 SPD:24.500 HDG:-0.500 PX:345.900 PY:-20.000 LAN:2 BRK:0 RX_X:0.000 RX_Y:0.000 RX_Z:0.000
[ZONE-ROUTE] CID:6 zone=1 edge_port=9998
[EDGE-RTT] CID:6 wall=1.1 ms  sim_delay=5.0 ms
>>> [UAV->CLOUD] BLK:88c5|TX:7.0.0.10|CID:6|TS:15.792|SPD:24.5|HDG:-0.5|PX:345.9|PY:-20.0...
[PASSIVE-BEACON] SIMNOW:15.816 CID:9 ZONE:1 RXUAV:1 EDGEPORT:9998 TS:15.802 SPD:20.000 HDG:1.000 PX:335.700 PY:-50.000 LAN:5 BRK:1 RX_X:0.000 RX_Y:0.000 RX_Z:0.000
[ZONE-ROUTE] CID:9 zone=1 edge_port=9998
[EDGE-RTT] CID:9 wall=0.8 ms  sim_delay=5.0 ms
>>> [UAV->CLOUD] BLK:e7b7|TX:7.0.0.13|CID:9|TS:15.802|SPD:20.0|HDG:1.0|PX:335.7|PY:-50.0|...
[ECON-CLAWBACK] CID:6 ACT=WARN prior_payoff=1.4 extra_penalty=2.2 new_payoff=-0.9
[FORGIVENESS] CID:6 WARN #3 — streak reset, benefits revoked
⚠ [CAR 6] ACT=WARN REP=0.796 RWD=0.000 PNL=2.279 CREDIT=-2
✓ [CAR 9] ACT=OK REP=0.917 RWD=1.000 PNL=0.000 CREDIT=27
[PASSIVE-BEACON] SIMNOW:15.884 CID:1 ZONE:1 RXUAV:1 EDGEPORT:9998 TS:15.870 SPD:24.700 HDG:0.300 PX:327.700 PY:-20.000 LAN:2 BRK:0 RX_X:0.000 RX_Y:0.000 RX_Z:0.000
[ZONE-ROUTE] CID:1 zone=1 edge_port=9998
[EDGE-RTT] CID:1 wall=0.9 ms  sim_delay=5.0 ms
>>> [UAV->CLOUD] BLK:882c|TX:7.0.0.5|CID:1|TS:15.870|SPD:24.7|HDG:0.3|PX:327.7|PY:-20.0|L...
[ECON-CLAWBACK] CID:1 ACT=WARN prior_payoff=-0.8 extra_penalty=1.8 new_payoff=-2.7
[FORGIVENESS] CID:1 WARN #4 — streak reset, benefits revoked
⚠ [CAR 1] ACT=WARN REP=0.823 RWD=0.000 PNL=1.848 CREDIT=-2
[PASSIVE-BEACON] SIMNOW:15.914 CID:3 ZONE:1 RXUAV:1 EDGEPORT:9998 TS:15.900 SPD:20.400 HDG:0.100 PX:318.300 PY:-40.000 LAN:4 BRK:0 RX_X:0.000 RX_Y:0.000 RX_Z:0.000
[ZONE-ROUTE] CID:3 zone=1 edge_port=9998
[EDGE-RTT] CID:3 wall=1.0 ms  sim_delay=5.0 ms
>>> [UAV->CLOUD] BLK:3792|TX:7.0.0.7|CID:3|TS:15.900|SPD:20.4|HDG:0.1|PX:318.3|PY:-40.0|L...
✓ [CAR 3] ACT=OK REP=0.811 RWD=1.000 PNL=0.000 CREDIT=26
[PASSIVE-BEACON] SIMNOW:15.966 CID:8 ZONE:1 RXUAV:1 EDGEPORT:9998 TS:15.952 SPD:19.600 HDG:-0.500 PX:338.300 PY:-40.000 LAN:4 BRK:0 RX_X:0.000 RX_Y:0.000 RX_Z:0.000
[ZONE-ROUTE] CID:8 zone=1 edge_port=9998
[EDGE-RTT] CID:8 wall=1.2 ms  sim_delay=5.0 ms
>>> [UAV->CLOUD] BLK:d343|TX:7.0.0.12|CID:8|TS:15.952|SPD:19.6|HDG:-0.5|PX:338.3|PY:-40.0...
✓ [CAR 8] ACT=OK REP=1.000 RWD=1.000 PNL=0.000 CREDIT=26
[PASSIVE-BEACON] SIMNOW:15.986 CID:7 ZONE:1 RXUAV:1 EDGEPORT:9998 TS:15.972 SPD:25.000 HDG:-1.200 PX:339.900 PY:-30.000 LAN:3 BRK:0 RX_X:0.000 RX_Y:0.000 RX_Z:0.000
[ZONE-ROUTE] CID:7 zone=1 edge_port=9998
[EDGE-RTT] CID:7 wall=0.9 ms  sim_delay=5.0 ms
>>> [UAV->CLOUD] BLK:010b|TX:7.0.0.11|CID:7|TS:15.972|SPD:25.0|HDG:-1.2|PX:339.9|PY:-30.0...
[ECON-CLAWBACK] CID:7 ACT=WARN prior_payoff=29.0 extra_penalty=22.7 new_payoff=6.2
[TRUST-REVOKED] CID:7 benefits revoked logically; lane=3 speed=20.0 latency=10.0ms
[FORGIVENESS] CID:7 WARN #1 — streak reset, benefits revoked
⚠ [CAR 7] ACT=WARN REP=1.000 RWD=0.000 PNL=22.823 CREDIT=24
[PASSIVE-BEACON] SIMNOW:16.104 CID:2 ZONE:1 RXUAV:1 EDGEPORT:9998 TS:16.090 SPD:24.600 HDG:1.900 PX:322.300 PY:-30.000 LAN:3 BRK:0 RX_X:0.000 RX_Y:0.000 RX_Z:0.000
[ZONE-ROUTE] CID:2 zone=1 edge_port=9998
[EDGE-RTT] CID:2 wall=1.2 ms  sim_delay=5.0 ms
>>> [UAV->CLOUD] BLK:8ff2|TX:7.0.0.6|CID:2|TS:16.090|SPD:24.6|HDG:1.9|PX:322.3|PY:-30.0|L...
✓ [CAR 2] ACT=OK REP=0.991 RWD=0.852 PNL=0.000 CREDIT=27
[PASSIVE-BEACON] SIMNOW:16.124 CID:0 ZONE:1 RXUAV:1 EDGEPORT:9998 TS:16.110 SPD:25.100 HDG:-1.100 PX:343.600 PY:-10.000 LAN:1 BRK:0 RX_X:0.000 RX_Y:0.000 RX_Z:0.000
[ZONE-ROUTE] CID:0 zone=1 edge_port=9998
[EDGE-RTT] CID:0 wall=1.0 ms  sim_delay=10.0 ms
>>> [UAV->CLOUD] BLK:e10d|TX:7.0.0.4|CID:0|TS:16.110|SPD:25.1|HDG:-1.1|PX:343.6|PY:-10.0|...
[ECON-CLAWBACK] CID:0 ACT=WARN prior_payoff=-13.0 extra_penalty=3.0 new_payoff=-16.1
[FORGIVENESS] CID:0 WARN #9 — streak reset, benefits revoked
⚠ [CAR 0] ACT=WARN REP=0.741 RWD=0.000 PNL=3.102 CREDIT=-2
[PASSIVE-BEACON] SIMNOW:16.144 CID:4 ZONE:1 RXUAV:1 EDGEPORT:9998 TS:16.130 SPD:19.900 HDG:1.800 PX:322.600 PY:-50.000 LAN:5 BRK:0 RX_X:0.000 RX_Y:0.000 RX_Z:0.000
[ZONE-ROUTE] CID:4 zone=1 edge_port=9998
[EDGE-RTT] CID:4 wall=0.9 ms  sim_delay=5.0 ms
>>> [UAV->CLOUD] BLK:c786|TX:7.0.0.8|CID:4|TS:16.130|SPD:19.9|HDG:1.8|PX:322.6|PY:-50.0|L...
✓ [CAR 4] ACT=OK REP=0.887 RWD=1.000 PNL=0.000 CREDIT=27
[PASSIVE-BEACON] SIMNOW:16.306 CID:6 ZONE:1 RXUAV:1 EDGEPORT:9998 TS:16.292 SPD:25.400 HDG:-2.000 PX:358.600 PY:-20.000 LAN:2 BRK:0 RX_X:0.000 RX_Y:0.000 RX_Z:0.000
[ZONE-ROUTE] CID:6 zone=1 edge_port=9998
[EDGE-RTT] CID:6 wall=0.9 ms  sim_delay=5.0 ms
>>> [UAV->CLOUD] BLK:9aa5|TX:7.0.0.10|CID:6|TS:16.292|SPD:25.4|HDG:-2.0|PX:358.6|PY:-20.0...
[PASSIVE-BEACON] SIMNOW:16.314 CID:9 ZONE:1 RXUAV:1 EDGEPORT:9998 TS:16.302 SPD:19.600 HDG:-1.000 PX:346.400 PY:-50.000 LAN:5 BRK:0 RX_X:0.000 RX_Y:0.000 RX_Z:0.000
[ZONE-ROUTE] CID:9 zone=1 edge_port=9998
[EDGE-RTT] CID:9 wall=0.5 ms  sim_delay=5.0 ms
>>> [UAV->CLOUD] BLK:b6b7|TX:7.0.0.13|CID:9|TS:16.302|SPD:19.6|HDG:-1.0|PX:346.4|PY:-50.0...
[ECON-CLAWBACK] CID:6 ACT=WARN prior_payoff=-0.9 extra_penalty=1.8 new_payoff=-2.8
[FORGIVENESS] CID:6 WARN #4 — streak reset, benefits revoked
⚠ [CAR 6] ACT=WARN REP=0.872 RWD=0.000 PNL=1.851 CREDIT=-2
✓ [CAR 9] ACT=OK REP=0.646 RWD=1.000 PNL=0.000 CREDIT=28
[PASSIVE-BEACON] SIMNOW:16.384 CID:1 ZONE:1 RXUAV:1 EDGEPORT:9998 TS:16.370 SPD:25.000 HDG:-0.300 PX:339.100 PY:-20.000 LAN:2 BRK:0 RX_X:0.000 RX_Y:0.000 RX_Z:0.000
[ZONE-ROUTE] CID:1 zone=1 edge_port=9998
[EDGE-RTT] CID:1 wall=0.9 ms  sim_delay=5.0 ms
>>> [UAV->CLOUD] BLK:2f15|TX:7.0.0.5|CID:1|TS:16.370|SPD:25.0|HDG:-0.3|PX:339.1|PY:-20.0|...
[ECON-CLAWBACK] CID:1 ACT=WARN prior_payoff=-2.7 extra_penalty=2.0 new_payoff=-4.8
[FORGIVENESS] CID:1 WARN #5 — streak reset, benefits revoked
⚠ [CAR 1] ACT=WARN REP=0.860 RWD=0.000 PNL=2.101 CREDIT=-2
[PASSIVE-BEACON] SIMNOW:16.414 CID:3 ZONE:1 RXUAV:1 EDGEPORT:9998 TS:16.400 SPD:19.800 HDG:-0.400 PX:328.000 PY:-40.000 LAN:4 BRK:0 RX_X:0.000 RX_Y:0.000 RX_Z:0.000
[ZONE-ROUTE] CID:3 zone=1 edge_port=9998
[EDGE-RTT] CID:3 wall=1.0 ms  sim_delay=5.0 ms
>>> [UAV->CLOUD] BLK:a00c|TX:7.0.0.7|CID:3|TS:16.400|SPD:19.8|HDG:-0.4|PX:328.0|PY:-40.0|...
✓ [CAR 3] ACT=OK REP=0.810 RWD=1.000 PNL=0.000 CREDIT=27
[PASSIVE-BEACON] SIMNOW:16.466 CID:8 ZONE:1 RXUAV:1 EDGEPORT:9998 TS:16.452 SPD:19.900 HDG:1.800 PX:349.400 PY:-40.000 LAN:4 BRK:0 RX_X:0.000 RX_Y:0.000 RX_Z:0.000
[ZONE-ROUTE] CID:8 zone=1 edge_port=9998
[EDGE-RTT] CID:8 wall=1.2 ms  sim_delay=5.0 ms
>>> [UAV->CLOUD] BLK:adc4|TX:7.0.0.12|CID:8|TS:16.452|SPD:19.9|HDG:1.8|PX:349.4|PY:-40.0|...
✓ [CAR 8] ACT=OK REP=0.832 RWD=1.000 PNL=0.000 CREDIT=27
[PASSIVE-BEACON] SIMNOW:16.486 CID:7 ZONE:1 RXUAV:1 EDGEPORT:9998 TS:16.472 SPD:24.800 HDG:2.000 PX:352.800 PY:-30.000 LAN:3 BRK:0 RX_X:0.000 RX_Y:0.000 RX_Z:0.000
[ZONE-ROUTE] CID:7 zone=1 edge_port=9998
[EDGE-RTT] CID:7 wall=1.1 ms  sim_delay=5.0 ms
>>> [UAV->CLOUD] BLK:c00a|TX:7.0.0.11|CID:7|TS:16.472|SPD:24.8|HDG:2.0|PX:352.8|PY:-30.0|...
[ECON-CLAWBACK] CID:7 ACT=WARN prior_payoff=6.2 extra_penalty=4.3 new_payoff=1.7
[FORGIVENESS] CID:7 WARN #2 — streak reset, benefits revoked
⚠ [CAR 7] ACT=WARN REP=0.827 RWD=0.000 PNL=4.432 CREDIT=-2
[PASSIVE-BEACON] SIMNOW:16.604 CID:2 ZONE:1 RXUAV:1 EDGEPORT:9998 TS:16.590 SPD:25.400 HDG:1.800 PX:334.800 PY:-30.000 LAN:3 BRK:0 RX_X:0.000 RX_Y:0.000 RX_Z:0.000
[ZONE-ROUTE] CID:2 zone=1 edge_port=9998
[EDGE-RTT] CID:2 wall=1.0 ms  sim_delay=5.0 ms
>>> [UAV->CLOUD] BLK:a306|TX:7.0.0.6|CID:2|TS:16.590|SPD:25.4|HDG:1.8|PX:334.8|PY:-30.0|L...
[ECON-CLAWBACK] CID:2 ACT=WARN prior_payoff=30.8 extra_penalty=24.1 new_payoff=6.6
[TRUST-REVOKED] CID:2 benefits revoked logically; lane=3 speed=20.0 latency=10.0ms
[FORGIVENESS] CID:2 WARN #1 — streak reset, benefits revoked
⚠ [CAR 2] ACT=WARN REP=0.913 RWD=0.000 PNL=24.215 CREDIT=26
[PASSIVE-BEACON] SIMNOW:16.624 CID:0 ZONE:1 RXUAV:1 EDGEPORT:9998 TS:16.610 SPD:24.900 HDG:1.900 PX:355.500 PY:-10.000 LAN:1 BRK:0 RX_X:0.000 RX_Y:0.000 RX_Z:0.000
[ZONE-ROUTE] CID:0 zone=1 edge_port=9998
[EDGE-RTT] CID:0 wall=1.0 ms  sim_delay=10.0 ms
>>> [UAV->CLOUD] BLK:f31d|TX:7.0.0.4|CID:0|TS:16.610|SPD:24.9|HDG:1.9|PX:355.5|PY:-10.0|L...
[ECON-CLAWBACK] CID:0 ACT=WARN prior_payoff=-16.1 extra_penalty=3.2 new_payoff=-19.5
[FORGIVENESS] CID:0 WARN #10 — streak reset, benefits revoked
⚠ [CAR 0] ACT=WARN REP=0.651 RWD=0.000 PNL=3.351 CREDIT=-2
[PASSIVE-BEACON] SIMNOW:16.645 CID:4 ZONE:1 RXUAV:1 EDGEPORT:9998 TS:16.630 SPD:20.300 HDG:-0.700 PX:332.400 PY:-50.000 LAN:5 BRK:1 RX_X:0.000 RX_Y:0.000 RX_Z:0.000
[ZONE-ROUTE] CID:4 zone=1 edge_port=9998
[EDGE-RTT] CID:4 wall=0.8 ms  sim_delay=5.0 ms
>>> [UAV->CLOUD] BLK:d845|TX:7.0.0.8|CID:4|TS:16.630|SPD:20.3|HDG:-0.7|PX:332.4|PY:-50.0|...
✓ [CAR 4] ACT=OK REP=1.000 RWD=1.000 PNL=0.000 CREDIT=28
[PASSIVE-BEACON] SIMNOW:16.806 CID:6 ZONE:1 RXUAV:1 EDGEPORT:9998 TS:16.792 SPD:25.000 HDG:-1.500 PX:370.800 PY:-20.000 LAN:2 BRK:0 RX_X:0.000 RX_Y:0.000 RX_Z:0.000
[ZONE-ROUTE] CID:6 zone=1 edge_port=9998
[EDGE-RTT] CID:6 wall=1.1 ms  sim_delay=5.0 ms
>>> [UAV->CLOUD] BLK:55b6|TX:7.0.0.10|CID:6|TS:16.792|SPD:25.0|HDG:-1.5|PX:370.8|PY:-20.0...
[PASSIVE-BEACON] SIMNOW:16.816 CID:9 ZONE:1 RXUAV:1 EDGEPORT:9998 TS:16.802 SPD:20.400 HDG:-0.900 PX:356.600 PY:-50.000 LAN:5 BRK:1 RX_X:0.000 RX_Y:0.000 RX_Z:0.000
[ZONE-ROUTE] CID:9 zone=1 edge_port=9998
[EDGE-RTT] CID:9 wall=0.4 ms  sim_delay=5.0 ms
>>> [UAV->CLOUD] BLK:cfba|TX:7.0.0.13|CID:9|TS:16.802|SPD:20.4|HDG:-0.9|PX:356.6|PY:-50.0...
[ECON-CLAWBACK] CID:6 ACT=WARN prior_payoff=-2.8 extra_penalty=2.0 new_payoff=-4.9
[FORGIVENESS] CID:6 WARN #5 — streak reset, benefits revoked
⚠ [CAR 6] ACT=WARN REP=0.934 RWD=0.000 PNL=2.101 CREDIT=-2
✓ [CAR 9] ACT=OK REP=1.000 RWD=1.000 PNL=0.000 CREDIT=29
[PASSIVE-BEACON] SIMNOW:16.884 CID:1 ZONE:1 RXUAV:1 EDGEPORT:9998 TS:16.870 SPD:24.800 HDG:0.500 PX:352.100 PY:-20.000 LAN:2 BRK:0 RX_X:0.000 RX_Y:0.000 RX_Z:0.000
[ZONE-ROUTE] CID:1 zone=1 edge_port=9998
[EDGE-RTT] CID:1 wall=0.8 ms  sim_delay=5.0 ms
>>> [UAV->CLOUD] BLK:6dbd|TX:7.0.0.5|CID:1|TS:16.870|SPD:24.8|HDG:0.5|PX:352.1|PY:-20.0|L...
[ECON-CLAWBACK] CID:1 ACT=WARN prior_payoff=-4.8 extra_penalty=2.2 new_payoff=-7.1
[FORGIVENESS] CID:1 WARN #6 — streak reset, benefits revoked
⚠ [CAR 1] ACT=WARN REP=0.654 RWD=0.000 PNL=2.350 CREDIT=-2
[PASSIVE-BEACON] SIMNOW:16.914 CID:3 ZONE:1 RXUAV:1 EDGEPORT:9998 TS:16.900 SPD:20.100 HDG:1.500 PX:337.400 PY:-40.000 LAN:4 BRK:1 RX_X:0.000 RX_Y:0.000 RX_Z:0.000
[ZONE-ROUTE] CID:3 zone=1 edge_port=9998
[EDGE-RTT] CID:3 wall=0.8 ms  sim_delay=5.0 ms
>>> [UAV->CLOUD] BLK:1020|TX:7.0.0.7|CID:3|TS:16.900|SPD:20.1|HDG:1.5|PX:337.4|PY:-40.0|L...
✓ [CAR 3] ACT=OK REP=0.708 RWD=1.000 PNL=0.000 CREDIT=28
[PASSIVE-BEACON] SIMNOW:16.966 CID:8 ZONE:1 RXUAV:1 EDGEPORT:9998 TS:16.952 SPD:20.000 HDG:-1.700 PX:359.600 PY:-40.000 LAN:4 BRK:0 RX_X:0.000 RX_Y:0.000 RX_Z:0.000
[ZONE-ROUTE] CID:8 zone=1 edge_port=9998
[EDGE-RTT] CID:8 wall=0.9 ms  sim_delay=5.0 ms
>>> [UAV->CLOUD] BLK:26ec|TX:7.0.0.12|CID:8|TS:16.952|SPD:20.0|HDG:-1.7|PX:359.6|PY:-40.0...
✓ [CAR 8] ACT=OK REP=1.000 RWD=1.000 PNL=0.000 CREDIT=28
[PASSIVE-BEACON] SIMNOW:16.986 CID:7 ZONE:1 RXUAV:1 EDGEPORT:9998 TS:16.972 SPD:24.800 HDG:1.000 PX:364.900 PY:-30.000 LAN:3 BRK:0 RX_X:0.000 RX_Y:0.000 RX_Z:0.000
[ZONE-ROUTE] CID:7 zone=1 edge_port=9998
[EDGE-RTT] CID:7 wall=0.8 ms  sim_delay=5.0 ms
>>> [UAV->CLOUD] BLK:3d65|TX:7.0.0.11|CID:7|TS:16.972|SPD:24.8|HDG:1.0|PX:364.9|PY:-30.0|...
[ECON-CLAWBACK] CID:7 ACT=WARN prior_payoff=1.7 extra_penalty=2.4 new_payoff=-0.7
[FORGIVENESS] CID:7 WARN #3 — streak reset, benefits revoked
⚠ [CAR 7] ACT=WARN REP=0.524 RWD=0.000 PNL=2.467 CREDIT=-2
[PASSIVE-BEACON] SIMNOW:17.104 CID:2 ZONE:1 RXUAV:1 EDGEPORT:9998 TS:17.090 SPD:25.400 HDG:-0.100 PX:347.300 PY:-30.000 LAN:3 BRK:0 RX_X:0.000 RX_Y:0.000 RX_Z:0.000
[ZONE-ROUTE] CID:2 zone=1 edge_port=9998
[EDGE-RTT] CID:2 wall=1.1 ms  sim_delay=5.0 ms
>>> [UAV->CLOUD] BLK:d0ba|TX:7.0.0.6|CID:2|TS:17.090|SPD:25.4|HDG:-0.1|PX:347.3|PY:-30.0|...
[ECON-CLAWBACK] CID:2 ACT=WARN prior_payoff=6.6 extra_penalty=4.6 new_payoff=2.0
[FORGIVENESS] CID:2 WARN #2 — streak reset, benefits revoked
⚠ [CAR 2] ACT=WARN REP=0.939 RWD=0.000 PNL=4.665 CREDIT=-2
[PASSIVE-BEACON] SIMNOW:17.124 CID:0 ZONE:1 RXUAV:1 EDGEPORT:9998 TS:17.110 SPD:25.300 HDG:0.800 PX:368.500 PY:-10.000 LAN:1 BRK:0 RX_X:0.000 RX_Y:0.000 RX_Z:0.000
[ZONE-ROUTE] CID:0 zone=1 edge_port=9998
[EDGE-RTT] CID:0 wall=1.0 ms  sim_delay=10.0 ms
>>> [UAV->CLOUD] BLK:9cc0|TX:7.0.0.4|CID:0|TS:17.110|SPD:25.3|HDG:0.8|PX:368.5|PY:-10.0|L...
[ECON-CLAWBACK] CID:0 ACT=WARN prior_payoff=-19.5 extra_penalty=3.5 new_payoff=-23.1
[FORGIVENESS] CID:0 WARN #11 — streak reset, benefits revoked
⚠ [CAR 0] ACT=WARN REP=0.598 RWD=0.000 PNL=3.602 CREDIT=-2
[PASSIVE-BEACON] SIMNOW:17.143 CID:4 ZONE:1 RXUAV:1 EDGEPORT:9998 TS:17.130 SPD:20.400 HDG:1.000 PX:342.900 PY:-50.000 LAN:5 BRK:0 RX_X:0.000 RX_Y:0.000 RX_Z:0.000
[ZONE-ROUTE] CID:4 zone=1 edge_port=9998
[EDGE-RTT] CID:4 wall=0.8 ms  sim_delay=5.0 ms
>>> [UAV->CLOUD] BLK:2a57|TX:7.0.0.8|CID:4|TS:17.130|SPD:20.4|HDG:1.0|PX:342.9|PY:-50.0|L...
✓ [CAR 4] ACT=OK REP=0.961 RWD=1.000 PNL=0.000 CREDIT=29
[PASSIVE-BEACON] SIMNOW:17.306 CID:6 ZONE:1 RXUAV:1 EDGEPORT:9998 TS:17.292 SPD:24.800 HDG:0.800 PX:382.500 PY:-20.000 LAN:2 BRK:0 RX_X:0.000 RX_Y:0.000 RX_Z:0.000
[ZONE-ROUTE] CID:6 zone=1 edge_port=9998
[EDGE-RTT] CID:6 wall=1.2 ms  sim_delay=5.0 ms
>>> [UAV->CLOUD] BLK:f74b|TX:7.0.0.10|CID:6|TS:17.292|SPD:24.8|HDG:0.8|PX:382.5|PY:-20.0|...
[PASSIVE-BEACON] SIMNOW:17.316 CID:9 ZONE:1 RXUAV:1 EDGEPORT:9998 TS:17.302 SPD:20.400 HDG:0.800 PX:366.000 PY:-50.000 LAN:5 BRK:0 RX_X:0.000 RX_Y:0.000 RX_Z:0.000
[ZONE-ROUTE] CID:9 zone=1 edge_port=9998
[EDGE-RTT] CID:9 wall=1.0 ms  sim_delay=5.0 ms
>>> [UAV->CLOUD] BLK:8a88|TX:7.0.0.13|CID:9|TS:17.302|SPD:20.4|HDG:0.8|PX:366.0|PY:-50.0|...
[ECON-CLAWBACK] CID:6 ACT=WARN prior_payoff=-4.9 extra_penalty=2.2 new_payoff=-7.2
[FORGIVENESS] CID:6 WARN #6 — streak reset, benefits revoked
⚠ [CAR 6] ACT=WARN REP=0.728 RWD=0.000 PNL=2.350 CREDIT=-2
✓ [CAR 9] ACT=OK REP=1.000 RWD=1.000 PNL=0.000 CREDIT=30
[PASSIVE-BEACON] SIMNOW:17.384 CID:1 ZONE:1 RXUAV:1 EDGEPORT:9998 TS:17.370 SPD:24.800 HDG:0.500 PX:364.800 PY:-20.000 LAN:2 BRK:0 RX_X:0.000 RX_Y:0.000 RX_Z:0.000
[ZONE-ROUTE] CID:1 zone=1 edge_port=9998
[EDGE-RTT] CID:1 wall=1.4 ms  sim_delay=5.0 ms
>>> [UAV->CLOUD] BLK:d3a9|TX:7.0.0.5|CID:1|TS:17.370|SPD:24.8|HDG:0.5|PX:364.8|PY:-20.0|L...
[ECON-CLAWBACK] CID:1 ACT=WARN prior_payoff=-7.1 extra_penalty=2.5 new_payoff=-9.7
[FORGIVENESS] CID:1 WARN #7 — streak reset, benefits revoked
⚠ [CAR 1] ACT=WARN REP=0.706 RWD=0.000 PNL=2.600 CREDIT=-2
[PASSIVE-BEACON] SIMNOW:17.414 CID:3 ZONE:1 RXUAV:1 EDGEPORT:9998 TS:17.400 SPD:20.100 HDG:-1.100 PX:348.000 PY:-40.000 LAN:4 BRK:1 RX_X:0.000 RX_Y:0.000 RX_Z:0.000
[ZONE-ROUTE] CID:3 zone=1 edge_port=9998
[EDGE-RTT] CID:3 wall=1.1 ms  sim_delay=5.0 ms
>>> [UAV->CLOUD] BLK:1500|TX:7.0.0.7|CID:3|TS:17.400|SPD:20.1|HDG:-1.1|PX:348.0|PY:-40.0|...
✓ [CAR 3] ACT=OK REP=0.862 RWD=1.000 PNL=0.000 CREDIT=29
[PASSIVE-BEACON] SIMNOW:17.466 CID:8 ZONE:1 RXUAV:1 EDGEPORT:9998 TS:17.452 SPD:19.700 HDG:0.400 PX:368.600 PY:-40.000 LAN:4 BRK:1 RX_X:0.000 RX_Y:0.000 RX_Z:0.000
[ZONE-ROUTE] CID:8 zone=1 edge_port=9998
[EDGE-RTT] CID:8 wall=1.2 ms  sim_delay=5.0 ms
>>> [UAV->CLOUD] BLK:9ea8|TX:7.0.0.12|CID:8|TS:17.452|SPD:19.7|HDG:0.4|PX:368.6|PY:-40.0|...
✓ [CAR 8] ACT=OK REP=0.991 RWD=1.000 PNL=0.000 CREDIT=29
[PASSIVE-BEACON] SIMNOW:17.486 CID:7 ZONE:1 RXUAV:1 EDGEPORT:9998 TS:17.472 SPD:25.500 HDG:-1.500 PX:376.900 PY:-30.000 LAN:3 BRK:0 RX_X:0.000 RX_Y:0.000 RX_Z:0.000
[ZONE-ROUTE] CID:7 zone=1 edge_port=9998
[EDGE-RTT] CID:7 wall=1.1 ms  sim_delay=5.0 ms
>>> [UAV->CLOUD] BLK:53d4|TX:7.0.0.11|CID:7|TS:17.472|SPD:25.5|HDG:-1.5|PX:376.9|PY:-30.0...
[ECON-CLAWBACK] CID:7 ACT=WARN prior_payoff=-0.7 extra_penalty=1.8 new_payoff=-2.6
[FORGIVENESS] CID:7 WARN #4 — streak reset, benefits revoked
⚠ [CAR 7] ACT=WARN REP=0.821 RWD=0.000 PNL=1.851 CREDIT=-2
[PASSIVE-BEACON] SIMNOW:17.604 CID:2 ZONE:1 RXUAV:1 EDGEPORT:9998 TS:17.590 SPD:24.800 HDG:1.600 PX:360.800 PY:-30.000 LAN:3 BRK:0 RX_X:0.000 RX_Y:0.000 RX_Z:0.000
[ZONE-ROUTE] CID:2 zone=1 edge_port=9998
[EDGE-RTT] CID:2 wall=1.2 ms  sim_delay=5.0 ms
>>> [UAV->CLOUD] BLK:cd6d|TX:7.0.0.6|CID:2|TS:17.590|SPD:24.8|HDG:1.6|PX:360.8|PY:-30.0|L...
[ECON-CLAWBACK] CID:2 ACT=WARN prior_payoff=2.0 extra_penalty=2.5 new_payoff=-0.6
[FORGIVENESS] CID:2 WARN #3 — streak reset, benefits revoked
⚠ [CAR 2] ACT=WARN REP=0.902 RWD=0.000 PNL=2.583 CREDIT=-2
[PASSIVE-BEACON] SIMNOW:17.624 CID:0 ZONE:1 RXUAV:1 EDGEPORT:9998 TS:17.610 SPD:24.900 HDG:1.000 PX:380.300 PY:-10.000 LAN:1 BRK:1 RX_X:0.000 RX_Y:0.000 RX_Z:0.000
[ZONE-ROUTE] CID:0 zone=1 edge_port=9998
[EDGE-RTT] CID:0 wall=0.8 ms  sim_delay=10.0 ms
>>> [UAV->CLOUD] BLK:b287|TX:7.0.0.4|CID:0|TS:17.610|SPD:24.9|HDG:1.0|PX:380.3|PY:-10.0|L...
[ECON-CLAWBACK] CID:0 ACT=WARN prior_payoff=-23.1 extra_penalty=3.8 new_payoff=-26.9
[FORGIVENESS] CID:0 WARN #12 — streak reset, benefits revoked
⚠ [CAR 0] ACT=WARN REP=0.407 RWD=0.000 PNL=3.851 CREDIT=-2
[PASSIVE-BEACON] SIMNOW:17.645 CID:4 ZONE:1 RXUAV:1 EDGEPORT:9998 TS:17.630 SPD:19.600 HDG:0.200 PX:352.500 PY:-50.000 LAN:5 BRK:1 RX_X:0.000 RX_Y:0.000 RX_Z:0.000
[ZONE-ROUTE] CID:4 zone=1 edge_port=9998
[EDGE-RTT] CID:4 wall=1.2 ms  sim_delay=5.0 ms
>>> [UAV->CLOUD] BLK:c52e|TX:7.0.0.8|CID:4|TS:17.630|SPD:19.6|HDG:0.2|PX:352.5|PY:-50.0|L...
✓ [CAR 4] ACT=OK REP=0.860 RWD=1.000 PNL=0.000 CREDIT=30
[PASSIVE-BEACON] SIMNOW:17.806 CID:6 ZONE:1 RXUAV:1 EDGEPORT:9998 TS:17.792 SPD:25.300 HDG:0.500 PX:395.600 PY:-20.000 LAN:2 BRK:0 RX_X:0.000 RX_Y:0.000 RX_Z:0.000
[ZONE-ROUTE] CID:6 zone=1 edge_port=9998
[EDGE-RTT] CID:6 wall=0.7 ms  sim_delay=5.0 ms
>>> [UAV->CLOUD] BLK:9b60|TX:7.0.0.10|CID:6|TS:17.792|SPD:25.3|HDG:0.5|PX:395.6|PY:-20.0|...
[PASSIVE-BEACON] SIMNOW:17.815 CID:9 ZONE:1 RXUAV:1 EDGEPORT:9998 TS:17.802 SPD:20.000 HDG:-1.500 PX:375.500 PY:-50.000 LAN:5 BRK:1 RX_X:0.000 RX_Y:0.000 RX_Z:0.000
[ZONE-ROUTE] CID:9 zone=1 edge_port=9998
[EDGE-RTT] CID:9 wall=1.0 ms  sim_delay=5.0 ms
>>> [UAV->CLOUD] BLK:20f1|TX:7.0.0.13|CID:9|TS:17.802|SPD:20.0|HDG:-1.5|PX:375.5|PY:-50.0...
[ECON-CLAWBACK] CID:6 ACT=WARN prior_payoff=-7.2 extra_penalty=2.5 new_payoff=-9.8
[FORGIVENESS] CID:6 WARN #7 — streak reset, benefits revoked
⚠ [CAR 6] ACT=WARN REP=0.649 RWD=0.000 PNL=2.602 CREDIT=-2
✓ [CAR 9] ACT=OK REP=1.000 RWD=1.000 PNL=0.000 CREDIT=31
[PASSIVE-BEACON] SIMNOW:17.882 CID:1 ZONE:1 RXUAV:1 EDGEPORT:9998 TS:17.870 SPD:25.000 HDG:0.700 PX:377.900 PY:-20.000 LAN:2 BRK:0 RX_X:0.000 RX_Y:0.000 RX_Z:0.000
[ZONE-ROUTE] CID:1 zone=1 edge_port=9998
[EDGE-RTT] CID:1 wall=1.0 ms  sim_delay=5.0 ms
>>> [UAV->CLOUD] BLK:4461|TX:7.0.0.5|CID:1|TS:17.870|SPD:25.0|HDG:0.7|PX:377.9|PY:-20.0|L...
[ECON-CLAWBACK] CID:1 ACT=WARN prior_payoff=-9.7 extra_penalty=2.8 new_payoff=-12.6
[FORGIVENESS] CID:1 WARN #8 — streak reset, benefits revoked
⚠ [CAR 1] ACT=WARN REP=0.520 RWD=0.000 PNL=2.851 CREDIT=-2
[PASSIVE-BEACON] SIMNOW:17.914 CID:3 ZONE:1 RXUAV:1 EDGEPORT:9998 TS:17.900 SPD:25.100 HDG:-1.000 PX:357.600 PY:-40.000 LAN:4 BRK:0 RX_X:0.000 RX_Y:0.000 RX_Z:0.000
[ZONE-ROUTE] CID:3 zone=1 edge_port=9998
[EDGE-RTT] CID:3 wall=0.7 ms  sim_delay=5.0 ms
>>> [UAV->CLOUD] BLK:eb2d|TX:7.0.0.7|CID:3|TS:17.900|SPD:25.1|HDG:-1.0|PX:357.6|PY:-40.0|...
[ECON-CLAWBACK] CID:3 ACT=WARN prior_payoff=33.0 extra_penalty=25.7 new_payoff=7.2
[TRUST-REVOKED] CID:3 benefits revoked logically; lane=4 speed=20.0 latency=10.0ms
[FORGIVENESS] CID:3 WARN #1 — streak reset, benefits revoked
⚠ [CAR 3] ACT=WARN REP=1.000 RWD=0.000 PNL=25.823 CREDIT=28
[PASSIVE-BEACON] SIMNOW:17.966 CID:8 ZONE:1 RXUAV:1 EDGEPORT:9998 TS:17.952 SPD:24.800 HDG:0.900 PX:379.200 PY:-40.000 LAN:4 BRK:0 RX_X:0.000 RX_Y:0.000 RX_Z:0.000
[ZONE-ROUTE] CID:8 zone=1 edge_port=9998
[EDGE-RTT] CID:8 wall=1.1 ms  sim_delay=5.0 ms
>>> [UAV->CLOUD] BLK:8800|TX:7.0.0.12|CID:8|TS:17.952|SPD:24.8|HDG:0.9|PX:379.2|PY:-40.0|...
[ECON-CLAWBACK] CID:8 ACT=WARN prior_payoff=32.9 extra_penalty=25.7 new_payoff=7.1
[TRUST-REVOKED] CID:8 benefits revoked logically; lane=4 speed=20.0 latency=10.0ms
[FORGIVENESS] CID:8 WARN #1 — streak reset, benefits revoked
⚠ [CAR 8] ACT=WARN REP=0.758 RWD=0.000 PNL=25.733 CREDIT=28
[PASSIVE-BEACON] SIMNOW:17.986 CID:7 ZONE:1 RXUAV:1 EDGEPORT:9998 TS:17.972 SPD:25.400 HDG:1.300 PX:390.200 PY:-30.000 LAN:3 BRK:1 RX_X:0.000 RX_Y:0.000 RX_Z:0.000
[ZONE-ROUTE] CID:7 zone=1 edge_port=9998
[EDGE-RTT] CID:7 wall=1.0 ms  sim_delay=5.0 ms
>>> [UAV->CLOUD] BLK:fc11|TX:7.0.0.11|CID:7|TS:17.972|SPD:25.4|HDG:1.3|PX:390.2|PY:-30.0|...
[ECON-CLAWBACK] CID:7 ACT=WARN prior_payoff=-2.6 extra_penalty=2.0 new_payoff=-4.7
[FORGIVENESS] CID:7 WARN #5 — streak reset, benefits revoked
⚠ [CAR 7] ACT=WARN REP=0.695 RWD=0.000 PNL=2.102 CREDIT=-2
[PASSIVE-BEACON] SIMNOW:18.104 CID:2 ZONE:1 RXUAV:1 EDGEPORT:9998 TS:18.090 SPD:24.700 HDG:-0.400 PX:372.500 PY:-30.000 LAN:3 BRK:1 RX_X:0.000 RX_Y:0.000 RX_Z:0.000
[ZONE-ROUTE] CID:2 zone=1 edge_port=9998
[EDGE-RTT] CID:2 wall=0.8 ms  sim_delay=5.0 ms
>>> [UAV->CLOUD] BLK:5946|TX:7.0.0.6|CID:2|TS:18.090|SPD:24.7|HDG:-0.4|PX:372.5|PY:-30.0|...
[ECON-CLAWBACK] CID:2 ACT=WARN prior_payoff=-0.6 extra_penalty=1.8 new_payoff=-2.5
[FORGIVENESS] CID:2 WARN #4 — streak reset, benefits revoked
⚠ [CAR 2] ACT=WARN REP=1.000 RWD=0.000 PNL=1.850 CREDIT=-2
[PASSIVE-BEACON] SIMNOW:18.124 CID:0 ZONE:1 RXUAV:1 EDGEPORT:9998 TS:18.110 SPD:24.500 HDG:1.500 PX:392.800 PY:-10.000 LAN:1 BRK:0 RX_X:0.000 RX_Y:0.000 RX_Z:0.000
[ZONE-ROUTE] CID:0 zone=1 edge_port=9998
[EDGE-RTT] CID:0 wall=1.0 ms  sim_delay=10.0 ms
>>> [UAV->CLOUD] BLK:6f3b|TX:7.0.0.4|CID:0|TS:18.110|SPD:24.5|HDG:1.5|PX:392.8|PY:-10.0|L...
[ECON-CLAWBACK] CID:0 ACT=WARN prior_payoff=-26.9 extra_penalty=4.0 new_payoff=-31.0
[FORGIVENESS] CID:0 WARN #13 — streak reset, benefits revoked
⚠ [CAR 0] ACT=WARN REP=0.800 RWD=0.000 PNL=4.099 CREDIT=-2
[PASSIVE-BEACON] SIMNOW:18.144 CID:4 ZONE:1 RXUAV:1 EDGEPORT:9998 TS:18.130 SPD:20.500 HDG:0.400 PX:362.700 PY:-50.000 LAN:5 BRK:0 RX_X:0.000 RX_Y:0.000 RX_Z:0.000
[ZONE-ROUTE] CID:4 zone=1 edge_port=9998
[EDGE-RTT] CID:4 wall=1.1 ms  sim_delay=5.0 ms
>>> [UAV->CLOUD] BLK:a3d4|TX:7.0.0.8|CID:4|TS:18.130|SPD:20.5|HDG:0.4|PX:362.7|PY:-50.0|L...
✓ [CAR 4] ACT=OK REP=0.979 RWD=1.000 PNL=0.000 CREDIT=31
[PASSIVE-BEACON] SIMNOW:18.306 CID:6 ZONE:1 RXUAV:1 EDGEPORT:9998 TS:18.292 SPD:24.600 HDG:-1.900 PX:408.100 PY:-20.000 LAN:2 BRK:0 RX_X:0.000 RX_Y:0.000 RX_Z:0.000
[ZONE-ROUTE] CID:6 zone=1 edge_port=9998
[EDGE-RTT] CID:6 wall=1.2 ms  sim_delay=5.0 ms
>>> [UAV->CLOUD] BLK:e13d|TX:7.0.0.10|CID:6|TS:18.292|SPD:24.6|HDG:-1.9|PX:408.1|PY:-20.0...
[PASSIVE-BEACON] SIMNOW:18.316 CID:9 ZONE:1 RXUAV:1 EDGEPORT:9998 TS:18.302 SPD:20.000 HDG:0.400 PX:386.400 PY:-50.000 LAN:5 BRK:1 RX_X:0.000 RX_Y:0.000 RX_Z:0.000
[ZONE-ROUTE] CID:9 zone=1 edge_port=9998
[EDGE-RTT] CID:9 wall=0.7 ms  sim_delay=5.0 ms
>>> [UAV->CLOUD] BLK:c127|TX:7.0.0.13|CID:9|TS:18.302|SPD:20.0|HDG:0.4|PX:386.4|PY:-50.0|...
[ECON-CLAWBACK] CID:6 ACT=WARN prior_payoff=-9.8 extra_penalty=2.8 new_payoff=-12.7
[FORGIVENESS] CID:6 WARN #8 — streak reset, benefits revoked
⚠ [CAR 6] ACT=WARN REP=0.840 RWD=0.000 PNL=2.850 CREDIT=-2
✓ [CAR 9] ACT=OK REP=1.000 RWD=1.000 PNL=0.000 CREDIT=32
[PASSIVE-BEACON] SIMNOW:18.384 CID:1 ZONE:1 RXUAV:1 EDGEPORT:9998 TS:18.370 SPD:24.600 HDG:-0.200 PX:390.100 PY:-20.000 LAN:2 BRK:1 RX_X:0.000 RX_Y:0.000 RX_Z:0.000
[ZONE-ROUTE] CID:1 zone=1 edge_port=9998
[EDGE-RTT] CID:1 wall=1.2 ms  sim_delay=5.0 ms
>>> [UAV->CLOUD] BLK:cc18|TX:7.0.0.5|CID:1|TS:18.370|SPD:24.6|HDG:-0.2|PX:390.1|PY:-20.0|...
[ECON-CLAWBACK] CID:1 ACT=WARN prior_payoff=-12.6 extra_penalty=3.0 new_payoff=-15.7
[FORGIVENESS] CID:1 WARN #9 — streak reset, benefits revoked
⚠ [CAR 1] ACT=WARN REP=0.675 RWD=0.000 PNL=3.099 CREDIT=-2
[PASSIVE-BEACON] SIMNOW:18.414 CID:3 ZONE:1 RXUAV:1 EDGEPORT:9998 TS:18.400 SPD:25.100 HDG:0.100 PX:370.900 PY:-40.000 LAN:4 BRK:0 RX_X:0.000 RX_Y:0.000 RX_Z:0.000
[ZONE-ROUTE] CID:3 zone=1 edge_port=9998
[EDGE-RTT] CID:3 wall=1.1 ms  sim_delay=5.0 ms
>>> [UAV->CLOUD] BLK:8dd4|TX:7.0.0.7|CID:3|TS:18.400|SPD:25.1|HDG:0.1|PX:370.9|PY:-40.0|L...
[ECON-CLAWBACK] CID:3 ACT=WARN prior_payoff=7.2 extra_penalty=4.8 new_payoff=2.2
[FORGIVENESS] CID:3 WARN #2 — streak reset, benefits revoked
⚠ [CAR 3] ACT=WARN REP=0.860 RWD=0.000 PNL=4.933 CREDIT=-2
[PASSIVE-BEACON] SIMNOW:18.464 CID:8 ZONE:1 RXUAV:1 EDGEPORT:9998 TS:18.452 SPD:25.200 HDG:-1.300 PX:391.300 PY:-40.000 LAN:4 BRK:0 RX_X:0.000 RX_Y:0.000 RX_Z:0.000
[ZONE-ROUTE] CID:8 zone=1 edge_port=9998
[EDGE-RTT] CID:8 wall=1.0 ms  sim_delay=5.0 ms
>>> [UAV->CLOUD] BLK:4bd4|TX:7.0.0.12|CID:8|TS:18.452|SPD:25.2|HDG:-1.3|PX:391.3|PY:-40.0...
[ECON-CLAWBACK] CID:8 ACT=WARN prior_payoff=7.1 extra_penalty=4.8 new_payoff=2.2
[FORGIVENESS] CID:8 WARN #2 — streak reset, benefits revoked
⚠ [CAR 8] ACT=WARN REP=0.923 RWD=0.000 PNL=4.918 CREDIT=-2
[PASSIVE-BEACON] SIMNOW:18.486 CID:7 ZONE:1 RXUAV:1 EDGEPORT:9998 TS:18.472 SPD:24.600 HDG:-0.900 PX:402.400 PY:-30.000 LAN:3 BRK:1 RX_X:0.000 RX_Y:0.000 RX_Z:0.000
[ZONE-ROUTE] CID:7 zone=1 edge_port=9998
[EDGE-RTT] CID:7 wall=0.9 ms  sim_delay=5.0 ms
>>> [UAV->CLOUD] BLK:66a7|TX:7.0.0.11|CID:7|TS:18.472|SPD:24.6|HDG:-0.9|PX:402.4|PY:-30.0...
[ECON-CLAWBACK] CID:7 ACT=WARN prior_payoff=-4.7 extra_penalty=2.2 new_payoff=-7.0
[FORGIVENESS] CID:7 WARN #6 — streak reset, benefits revoked
⚠ [CAR 7] ACT=WARN REP=0.925 RWD=0.000 PNL=2.350 CREDIT=-2
[PASSIVE-BEACON] SIMNOW:18.604 CID:2 ZONE:1 RXUAV:1 EDGEPORT:9998 TS:18.590 SPD:25.000 HDG:1.500 PX:385.900 PY:-30.000 LAN:3 BRK:1 RX_X:0.000 RX_Y:0.000 RX_Z:0.000
[ZONE-ROUTE] CID:2 zone=1 edge_port=9998
[EDGE-RTT] CID:2 wall=1.1 ms  sim_delay=5.0 ms
>>> [UAV->CLOUD] BLK:791c|TX:7.0.0.6|CID:2|TS:18.590|SPD:25.0|HDG:1.5|PX:385.9|PY:-30.0|L...
[ECON-CLAWBACK] CID:2 ACT=WARN prior_payoff=-2.5 extra_penalty=2.0 new_payoff=-4.6
[FORGIVENESS] CID:2 WARN #5 — streak reset, benefits revoked
⚠ [CAR 2] ACT=WARN REP=0.756 RWD=0.000 PNL=2.101 CREDIT=-2
[PASSIVE-BEACON] SIMNOW:18.624 CID:0 ZONE:1 RXUAV:1 EDGEPORT:9998 TS:18.610 SPD:24.600 HDG:-1.000 PX:405.800 PY:-10.000 LAN:1 BRK:0 RX_X:0.000 RX_Y:0.000 RX_Z:0.000
[ZONE-ROUTE] CID:0 zone=1 edge_port=9998
[EDGE-RTT] CID:0 wall=1.0 ms  sim_delay=10.0 ms
>>> [UAV->CLOUD] BLK:735f|TX:7.0.0.4|CID:0|TS:18.610|SPD:24.6|HDG:-1.0|PX:405.8|PY:-10.0|...
[ECON-CLAWBACK] CID:0 ACT=WARN prior_payoff=-31.0 extra_penalty=4.2 new_payoff=-35.4
[FORGIVENESS] CID:0 WARN #14 — streak reset, benefits revoked
⚠ [CAR 0] ACT=WARN REP=0.501 RWD=0.000 PNL=4.349 CREDIT=-2
[PASSIVE-BEACON] SIMNOW:18.643 CID:4 ZONE:1 RXUAV:1 EDGEPORT:9998 TS:18.630 SPD:19.800 HDG:1.600 PX:373.300 PY:-50.000 LAN:5 BRK:0 RX_X:0.000 RX_Y:0.000 RX_Z:0.000
[ZONE-ROUTE] CID:4 zone=1 edge_port=9998
[EDGE-RTT] CID:4 wall=1.2 ms  sim_delay=5.0 ms
>>> [UAV->CLOUD] BLK:6a4f|TX:7.0.0.8|CID:4|TS:18.630|SPD:19.8|HDG:1.6|PX:373.3|PY:-50.0|L...
✓ [CAR 4] ACT=OK REP=0.926 RWD=1.000 PNL=0.000 CREDIT=32
[PASSIVE-BEACON] SIMNOW:18.806 CID:6 ZONE:1 RXUAV:1 EDGEPORT:9998 TS:18.792 SPD:25.300 HDG:2.000 PX:420.300 PY:-20.000 LAN:2 BRK:1 RX_X:0.000 RX_Y:0.000 RX_Z:0.000
[ZONE-ROUTE] CID:6 zone=1 edge_port=9998
[EDGE-RTT] CID:6 wall=0.9 ms  sim_delay=5.0 ms
>>> [UAV->CLOUD] BLK:3026|TX:7.0.0.10|CID:6|TS:18.792|SPD:25.3|HDG:2.0|PX:420.3|PY:-20.0|...
[PASSIVE-BEACON] SIMNOW:18.816 CID:9 ZONE:1 RXUAV:1 EDGEPORT:9998 TS:18.802 SPD:20.300 HDG:-0.500 PX:396.600 PY:-50.000 LAN:5 BRK:0 RX_X:0.000 RX_Y:0.000 RX_Z:0.000
[ZONE-ROUTE] CID:9 zone=1 edge_port=9998
[EDGE-RTT] CID:9 wall=0.9 ms  sim_delay=5.0 ms
>>> [UAV->CLOUD] BLK:0744|TX:7.0.0.13|CID:9|TS:18.802|SPD:20.3|HDG:-0.5|PX:396.6|PY:-50.0...
[ECON-CLAWBACK] CID:6 ACT=WARN prior_payoff=-12.7 extra_penalty=3.0 new_payoff=-15.8
[FORGIVENESS] CID:6 WARN #9 — streak reset, benefits revoked
⚠ [CAR 6] ACT=WARN REP=0.529 RWD=0.000 PNL=3.102 CREDIT=-2
✓ [CAR 9] ACT=OK REP=0.911 RWD=1.000 PNL=0.000 CREDIT=33
[PASSIVE-BEACON] SIMNOW:18.884 CID:1 ZONE:1 RXUAV:1 EDGEPORT:9998 TS:18.870 SPD:24.600 HDG:0.400 PX:401.600 PY:-20.000 LAN:2 BRK:1 RX_X:0.000 RX_Y:0.000 RX_Z:0.000
[ZONE-ROUTE] CID:1 zone=1 edge_port=9998
[EDGE-RTT] CID:1 wall=1.0 ms  sim_delay=5.0 ms
>>> [UAV->CLOUD] BLK:07d9|TX:7.0.0.5|CID:1|TS:18.870|SPD:24.6|HDG:0.4|PX:401.6|PY:-20.0|L...
[ECON-CLAWBACK] CID:1 ACT=WARN prior_payoff=-15.7 extra_penalty=3.2 new_payoff=-19.1
[FORGIVENESS] CID:1 WARN #10 — streak reset, benefits revoked
⚠ [CAR 1] ACT=WARN REP=0.801 RWD=0.000 PNL=3.353 CREDIT=-2
[PASSIVE-BEACON] SIMNOW:18.912 CID:3 ZONE:1 RXUAV:1 EDGEPORT:9998 TS:18.900 SPD:24.900 HDG:0.100 PX:383.300 PY:-40.000 LAN:4 BRK:0 RX_X:0.000 RX_Y:0.000 RX_Z:0.000
[ZONE-ROUTE] CID:3 zone=1 edge_port=9998
[EDGE-RTT] CID:3 wall=1.0 ms  sim_delay=5.0 ms
>>> [UAV->CLOUD] BLK:ed3e|TX:7.0.0.7|CID:3|TS:18.900|SPD:24.9|HDG:0.1|PX:383.3|PY:-40.0|L...
[ECON-CLAWBACK] CID:3 ACT=WARN prior_payoff=2.2 extra_penalty=2.6 new_payoff=-0.5
[FORGIVENESS] CID:3 WARN #3 — streak reset, benefits revoked
⚠ [CAR 3] ACT=WARN REP=0.849 RWD=0.000 PNL=2.717 CREDIT=-2
[PASSIVE-BEACON] SIMNOW:18.966 CID:8 ZONE:1 RXUAV:1 EDGEPORT:9998 TS:18.952 SPD:25.400 HDG:1.400 PX:404.400 PY:-40.000 LAN:4 BRK:1 RX_X:0.000 RX_Y:0.000 RX_Z:0.000
[ZONE-ROUTE] CID:8 zone=1 edge_port=9998
[EDGE-RTT] CID:8 wall=1.0 ms  sim_delay=5.0 ms
>>> [UAV->CLOUD] BLK:8b39|TX:7.0.0.12|CID:8|TS:18.952|SPD:25.4|HDG:1.4|PX:404.4|PY:-40.0|...
[ECON-CLAWBACK] CID:8 ACT=WARN prior_payoff=2.2 extra_penalty=2.6 new_payoff=-0.5
[FORGIVENESS] CID:8 WARN #3 — streak reset, benefits revoked
⚠ [CAR 8] ACT=WARN REP=0.808 RWD=0.000 PNL=2.712 CREDIT=-2
[PASSIVE-BEACON] SIMNOW:18.986 CID:7 ZONE:1 RXUAV:1 EDGEPORT:9998 TS:18.972 SPD:24.600 HDG:-1.100 PX:415.500 PY:-30.000 LAN:3 BRK:0 RX_X:0.000 RX_Y:0.000 RX_Z:0.000
[ZONE-ROUTE] CID:7 zone=1 edge_port=9998
[EDGE-RTT] CID:7 wall=0.9 ms  sim_delay=5.0 ms
>>> [UAV->CLOUD] BLK:6a1b|TX:7.0.0.11|CID:7|TS:18.972|SPD:24.6|HDG:-1.1|PX:415.5|PY:-30.0...
[ECON-CLAWBACK] CID:7 ACT=WARN prior_payoff=-7.0 extra_penalty=2.5 new_payoff=-9.6
[FORGIVENESS] CID:7 WARN #7 — streak reset, benefits revoked
⚠ [CAR 7] ACT=WARN REP=0.754 RWD=0.000 PNL=2.600 CREDIT=-2
[PASSIVE-BEACON] SIMNOW:19.104 CID:2 ZONE:1 RXUAV:1 EDGEPORT:9998 TS:19.090 SPD:25.400 HDG:-1.500 PX:397.200 PY:-30.000 LAN:3 BRK:1 RX_X:0.000 RX_Y:0.000 RX_Z:0.000
[ZONE-ROUTE] CID:2 zone=1 edge_port=9998
[EDGE-RTT] CID:2 wall=0.8 ms  sim_delay=5.0 ms
>>> [UAV->CLOUD] BLK:7b8a|TX:7.0.0.6|CID:2|TS:19.090|SPD:25.4|HDG:-1.5|PX:397.2|PY:-30.0|...
[ECON-CLAWBACK] CID:2 ACT=WARN prior_payoff=-4.6 extra_penalty=2.2 new_payoff=-6.9
[FORGIVENESS] CID:2 WARN #6 — streak reset, benefits revoked
⚠ [CAR 2] ACT=WARN REP=0.813 RWD=0.000 PNL=2.352 CREDIT=-2
[PASSIVE-BEACON] SIMNOW:19.124 CID:0 ZONE:1 RXUAV:1 EDGEPORT:9998 TS:19.110 SPD:25.200 HDG:0.600 PX:418.600 PY:-10.000 LAN:1 BRK:1 RX_X:0.000 RX_Y:0.000 RX_Z:0.000
[ZONE-ROUTE] CID:0 zone=1 edge_port=9998
[EDGE-RTT] CID:0 wall=0.9 ms  sim_delay=10.0 ms
>>> [UAV->CLOUD] BLK:abe8|TX:7.0.0.4|CID:0|TS:19.110|SPD:25.2|HDG:0.6|PX:418.6|PY:-10.0|L...
[ECON-CLAWBACK] CID:0 ACT=WARN prior_payoff=-35.4 extra_penalty=4.5 new_payoff=-40.0
[FORGIVENESS] CID:0 WARN #15 — streak reset, benefits revoked
⚠ [CAR 0] ACT=WARN REP=0.334 RWD=0.000 PNL=4.602 CREDIT=-2
[PASSIVE-BEACON] SIMNOW:19.144 CID:4 ZONE:1 RXUAV:1 EDGEPORT:9998 TS:19.130 SPD:20.300 HDG:-1.100 PX:383.000 PY:-50.000 LAN:5 BRK:0 RX_X:0.000 RX_Y:0.000 RX_Z:0.000
[ZONE-ROUTE] CID:4 zone=1 edge_port=9998
[EDGE-RTT] CID:4 wall=0.8 ms  sim_delay=5.0 ms
>>> [UAV->CLOUD] BLK:af0c|TX:7.0.0.8|CID:4|TS:19.130|SPD:20.3|HDG:-1.1|PX:383.0|PY:-50.0|...
✓ [CAR 4] ACT=OK REP=0.788 RWD=1.000 PNL=0.000 CREDIT=33
[PASSIVE-BEACON] SIMNOW:19.306 CID:6 ZONE:1 RXUAV:1 EDGEPORT:9998 TS:19.292 SPD:24.800 HDG:0.700 PX:433.200 PY:-20.000 LAN:2 BRK:0 RX_X:0.000 RX_Y:0.000 RX_Z:0.000
[ZONE-ROUTE] CID:6 zone=1 edge_port=9998
[EDGE-RTT] CID:6 wall=1.1 ms  sim_delay=5.0 ms
>>> [UAV->CLOUD] BLK:3e51|TX:7.0.0.10|CID:6|TS:19.292|SPD:24.8|HDG:0.7|PX:433.2|PY:-20.0|...
[PASSIVE-BEACON] SIMNOW:19.315 CID:9 ZONE:1 RXUAV:1 EDGEPORT:9998 TS:19.302 SPD:20.300 HDG:-1.300 PX:405.400 PY:-50.000 LAN:5 BRK:0 RX_X:0.000 RX_Y:0.000 RX_Z:0.000
[ZONE-ROUTE] CID:9 zone=1 edge_port=9998
[EDGE-RTT] CID:9 wall=1.0 ms  sim_delay=5.0 ms
>>> [UAV->CLOUD] BLK:bc11|TX:7.0.0.13|CID:9|TS:19.302|SPD:20.3|HDG:-1.3|PX:405.4|PY:-50.0...
[ECON-CLAWBACK] CID:6 ACT=WARN prior_payoff=-15.8 extra_penalty=3.2 new_payoff=-19.1
[FORGIVENESS] CID:6 WARN #10 — streak reset, benefits revoked
⚠ [CAR 6] ACT=WARN REP=0.768 RWD=0.000 PNL=3.350 CREDIT=-2
✓ [CAR 9] ACT=OK REP=0.699 RWD=1.000 PNL=0.000 CREDIT=34
[PASSIVE-BEACON] SIMNOW:19.383 CID:1 ZONE:1 RXUAV:1 EDGEPORT:9998 TS:19.370 SPD:25.000 HDG:-1.400 PX:414.100 PY:-20.000 LAN:2 BRK:0 RX_X:0.000 RX_Y:0.000 RX_Z:0.000
[ZONE-ROUTE] CID:1 zone=1 edge_port=9998
[EDGE-RTT] CID:1 wall=1.0 ms  sim_delay=5.0 ms
>>> [UAV->CLOUD] BLK:cf21|TX:7.0.0.5|CID:1|TS:19.370|SPD:25.0|HDG:-1.4|PX:414.1|PY:-20.0|...
[ECON-CLAWBACK] CID:1 ACT=WARN prior_payoff=-19.1 extra_penalty=3.5 new_payoff=-22.7
[FORGIVENESS] CID:1 WARN #11 — streak reset, benefits revoked
⚠ [CAR 1] ACT=WARN REP=0.642 RWD=0.000 PNL=3.601 CREDIT=-2
[PASSIVE-BEACON] SIMNOW:19.414 CID:3 ZONE:1 RXUAV:1 EDGEPORT:9998 TS:19.400 SPD:24.600 HDG:-0.900 PX:395.500 PY:-40.000 LAN:4 BRK:0 RX_X:0.000 RX_Y:0.000 RX_Z:0.000
[ZONE-ROUTE] CID:3 zone=1 edge_port=9998
[EDGE-RTT] CID:3 wall=1.0 ms  sim_delay=5.0 ms
>>> [UAV->CLOUD] BLK:a3b0|TX:7.0.0.7|CID:3|TS:19.400|SPD:24.6|HDG:-0.9|PX:395.5|PY:-40.0|...
[ECON-CLAWBACK] CID:3 ACT=WARN prior_payoff=-0.5 extra_penalty=1.8 new_payoff=-2.3
[FORGIVENESS] CID:3 WARN #4 — streak reset, benefits revoked
⚠ [CAR 3] ACT=WARN REP=0.626 RWD=0.000 PNL=1.848 CREDIT=-2
[PASSIVE-BEACON] SIMNOW:19.466 CID:8 ZONE:1 RXUAV:1 EDGEPORT:9998 TS:19.452 SPD:24.900 HDG:0.000 PX:416.500 PY:-40.000 LAN:4 BRK:0 RX_X:0.000 RX_Y:0.000 RX_Z:0.000
[ZONE-ROUTE] CID:8 zone=1 edge_port=9998
[EDGE-RTT] CID:8 wall=0.9 ms  sim_delay=5.0 ms
>>> [UAV->CLOUD] BLK:0d94|TX:7.0.0.12|CID:8|TS:19.452|SPD:24.9|HDG:0.0|PX:416.5|PY:-40.0|...
[ECON-CLAWBACK] CID:8 ACT=WARN prior_payoff=-0.5 extra_penalty=1.8 new_payoff=-2.3
[FORGIVENESS] CID:8 WARN #4 — streak reset, benefits revoked
⚠ [CAR 8] ACT=WARN REP=1.000 RWD=0.000 PNL=1.849 CREDIT=-2
[PASSIVE-BEACON] SIMNOW:19.486 CID:7 ZONE:1 RXUAV:1 EDGEPORT:9998 TS:19.472 SPD:25.400 HDG:1.800 PX:427.600 PY:-30.000 LAN:3 BRK:0 RX_X:0.000 RX_Y:0.000 RX_Z:0.000
[ZONE-ROUTE] CID:7 zone=1 edge_port=9998
[EDGE-RTT] CID:7 wall=0.8 ms  sim_delay=5.0 ms
>>> [UAV->CLOUD] BLK:84a5|TX:7.0.0.11|CID:7|TS:19.472|SPD:25.4|HDG:1.8|PX:427.6|PY:-30.0|...
[ECON-CLAWBACK] CID:7 ACT=WARN prior_payoff=-9.6 extra_penalty=2.8 new_payoff=-12.5
[FORGIVENESS] CID:7 WARN #8 — streak reset, benefits revoked
⚠ [CAR 7] ACT=WARN REP=0.593 RWD=0.000 PNL=2.852 CREDIT=-2
[PASSIVE-BEACON] SIMNOW:19.604 CID:2 ZONE:1 RXUAV:1 EDGEPORT:9998 TS:19.590 SPD:25.400 HDG:0.100 PX:410.400 PY:-30.000 LAN:3 BRK:0 RX_X:0.000 RX_Y:0.000 RX_Z:0.000
[ZONE-ROUTE] CID:2 zone=1 edge_port=9998
[EDGE-RTT] CID:2 wall=1.1 ms  sim_delay=5.0 ms
>>> [UAV->CLOUD] BLK:59f6|TX:7.0.0.6|CID:2|TS:19.590|SPD:25.4|HDG:0.1|PX:410.4|PY:-30.0|L...
[ECON-CLAWBACK] CID:2 ACT=WARN prior_payoff=-6.9 extra_penalty=2.5 new_payoff=-9.5
[FORGIVENESS] CID:2 WARN #7 — streak reset, benefits revoked
⚠ [CAR 2] ACT=WARN REP=0.539 RWD=0.000 PNL=2.602 CREDIT=-2
[PASSIVE-BEACON] SIMNOW:19.624 CID:0 ZONE:1 RXUAV:1 EDGEPORT:9998 TS:19.610 SPD:25.300 HDG:0.200 PX:431.200 PY:-10.000 LAN:1 BRK:0 RX_X:0.000 RX_Y:0.000 RX_Z:0.000
[ZONE-ROUTE] CID:0 zone=1 edge_port=9998
[EDGE-RTT] CID:0 wall=0.9 ms  sim_delay=10.0 ms
>>> [UAV->CLOUD] BLK:9ab2|TX:7.0.0.4|CID:0|TS:19.610|SPD:25.3|HDG:0.2|PX:431.2|PY:-10.0|L...
[ECON-CLAWBACK] CID:0 ACT=WARN prior_payoff=-40.0 extra_penalty=4.8 new_payoff=-44.8
[FORGIVENESS] CID:0 WARN #16 — streak reset, benefits revoked
⚠ [CAR 0] ACT=WARN REP=0.247 RWD=0.000 PNL=4.852 CREDIT=-2
[PASSIVE-BEACON] SIMNOW:19.645 CID:4 ZONE:1 RXUAV:1 EDGEPORT:9998 TS:19.630 SPD:20.100 HDG:-0.900 PX:393.200 PY:-50.000 LAN:5 BRK:0 RX_X:0.000 RX_Y:0.000 RX_Z:0.000
[ZONE-ROUTE] CID:4 zone=1 edge_port=9998
[EDGE-RTT] CID:4 wall=1.0 ms  sim_delay=5.0 ms
>>> [UAV->CLOUD] BLK:e061|TX:7.0.0.8|CID:4|TS:19.630|SPD:20.1|HDG:-0.9|PX:393.2|PY:-50.0|...
✓ [CAR 4] ACT=OK REP=0.926 RWD=1.000 PNL=0.000 CREDIT=34
[PASSIVE-BEACON] SIMNOW:19.806 CID:6 ZONE:1 RXUAV:1 EDGEPORT:9998 TS:19.792 SPD:25.100 HDG:0.200 PX:445.900 PY:-20.000 LAN:2 BRK:0 RX_X:0.000 RX_Y:0.000 RX_Z:0.000
[ZONE-ROUTE] CID:6 zone=1 edge_port=9998
[EDGE-RTT] CID:6 wall=1.0 ms  sim_delay=5.0 ms
>>> [UAV->CLOUD] BLK:42b3|TX:7.0.0.10|CID:6|TS:19.792|SPD:25.1|HDG:0.2|PX:445.9|PY:-20.0|...
[PASSIVE-BEACON] SIMNOW:19.816 CID:9 ZONE:1 RXUAV:1 EDGEPORT:9998 TS:19.802 SPD:19.900 HDG:-1.400 PX:415.900 PY:-50.000 LAN:5 BRK:0 RX_X:0.000 RX_Y:0.000 RX_Z:0.000
[ZONE-ROUTE] CID:9 zone=1 edge_port=9998
[EDGE-RTT] CID:9 wall=0.6 ms  sim_delay=5.0 ms
>>> [UAV->CLOUD] BLK:3b3d|TX:7.0.0.13|CID:9|TS:19.802|SPD:19.9|HDG:-1.4|PX:415.9|PY:-50.0...
[ECON-CLAWBACK] CID:6 ACT=WARN prior_payoff=-19.1 extra_penalty=3.5 new_payoff=-22.7
[FORGIVENESS] CID:6 WARN #11 — streak reset, benefits revoked
⚠ [CAR 6] ACT=WARN REP=0.920 RWD=0.000 PNL=3.602 CREDIT=-2
✓ [CAR 9] ACT=OK REP=0.839 RWD=1.000 PNL=0.000 CREDIT=35
[PASSIVE-BEACON] SIMNOW:19.884 CID:1 ZONE:1 RXUAV:1 EDGEPORT:9998 TS:19.870 SPD:24.500 HDG:-1.400 PX:426.900 PY:-20.000 LAN:2 BRK:0 RX_X:0.000 RX_Y:0.000 RX_Z:0.000
[ZONE-ROUTE] CID:1 zone=1 edge_port=9998
[EDGE-RTT] CID:1 wall=1.0 ms  sim_delay=5.0 ms
>>> [UAV->CLOUD] BLK:863d|TX:7.0.0.5|CID:1|TS:19.870|SPD:24.5|HDG:-1.4|PX:426.9|PY:-20.0|...
[ECON-CLAWBACK] CID:1 ACT=WARN prior_payoff=-22.7 extra_penalty=3.8 new_payoff=-26.5
[FORGIVENESS] CID:1 WARN #12 — streak reset, benefits revoked
⚠ [CAR 1] ACT=WARN REP=0.672 RWD=0.000 PNL=3.848 CREDIT=-2
[PASSIVE-BEACON] SIMNOW:19.914 CID:3 ZONE:1 RXUAV:1 EDGEPORT:9998 TS:19.900 SPD:24.500 HDG:0.600 PX:408.200 PY:-40.000 LAN:4 BRK:0 RX_X:0.000 RX_Y:0.000 RX_Z:0.000
[ZONE-ROUTE] CID:3 zone=1 edge_port=9998
[EDGE-RTT] CID:3 wall=0.9 ms  sim_delay=5.0 ms
>>> [UAV->CLOUD] BLK:0f83|TX:7.0.0.7|CID:3|TS:19.900|SPD:24.5|HDG:0.6|PX:408.2|PY:-40.0|L...
[ECON-CLAWBACK] CID:3 ACT=WARN prior_payoff=-2.3 extra_penalty=2.0 new_payoff=-4.4
[FORGIVENESS] CID:3 WARN #5 — streak reset, benefits revoked
⚠ [CAR 3] ACT=WARN REP=0.480 RWD=0.000 PNL=2.099 CREDIT=-2
[PASSIVE-BEACON] SIMNOW:19.965 CID:8 ZONE:1 RXUAV:1 EDGEPORT:9998 TS:19.952 SPD:25.500 HDG:0.200 PX:429.900 PY:-40.000 LAN:4 BRK:0 RX_X:0.000 RX_Y:0.000 RX_Z:0.000
[ZONE-ROUTE] CID:8 zone=1 edge_port=9998
[EDGE-RTT] CID:8 wall=1.0 ms  sim_delay=5.0 ms
>>> [UAV->CLOUD] BLK:bad7|TX:7.0.0.12|CID:8|TS:19.952|SPD:25.5|HDG:0.2|PX:429.9|PY:-40.0|...
[ECON-CLAWBACK] CID:8 ACT=WARN prior_payoff=-2.3 extra_penalty=2.0 new_payoff=-4.4
[FORGIVENESS] CID:8 WARN #5 — streak reset, benefits revoked
⚠ [CAR 8] ACT=WARN REP=0.844 RWD=0.000 PNL=2.103 CREDIT=-2
[PASSIVE-BEACON] SIMNOW:19.986 CID:7 ZONE:1 RXUAV:1 EDGEPORT:9998 TS:19.972 SPD:25.400 HDG:1.600 PX:439.600 PY:-30.000 LAN:3 BRK:0 RX_X:0.000 RX_Y:0.000 RX_Z:0.000
[ZONE-ROUTE] CID:7 zone=1 edge_port=9998
[EDGE-RTT] CID:7 wall=1.0 ms  sim_delay=5.0 ms
>>> [UAV->CLOUD] BLK:e769|TX:7.0.0.11|CID:7|TS:19.972|SPD:25.4|HDG:1.6|PX:439.6|PY:-30.0|...
[ECON-CLAWBACK] CID:7 ACT=WARN prior_payoff=-12.5 extra_penalty=3.0 new_payoff=-15.6
[FORGIVENESS] CID:7 WARN #9 — streak reset, benefits revoked
⚠ [CAR 7] ACT=WARN REP=1.000 RWD=0.000 PNL=3.102 CREDIT=-2
[PASSIVE-BEACON] SIMNOW:20.104 CID:2 ZONE:1 RXUAV:1 EDGEPORT:9998 TS:20.090 SPD:24.900 HDG:-0.600 PX:422.500 PY:-30.000 LAN:3 BRK:0 RX_X:0.000 RX_Y:0.000 RX_Z:0.000
[ZONE-ROUTE] CID:2 zone=1 edge_port=9998
[EDGE-RTT] CID:2 wall=0.9 ms  sim_delay=5.0 ms
>>> [UAV->CLOUD] BLK:1781|TX:7.0.0.6|CID:2|TS:20.090|SPD:24.9|HDG:-0.6|PX:422.5|PY:-30.0|...
[ECON-CLAWBACK] CID:2 ACT=WARN prior_payoff=-9.5 extra_penalty=2.8 new_payoff=-12.4
[FORGIVENESS] CID:2 WARN #8 — streak reset, benefits revoked
⚠ [CAR 2] ACT=WARN REP=0.793 RWD=0.000 PNL=2.851 CREDIT=-2
[PASSIVE-BEACON] SIMNOW:20.122 CID:0 ZONE:1 RXUAV:1 EDGEPORT:9998 TS:20.110 SPD:24.800 HDG:0.200 PX:442.700 PY:-10.000 LAN:1 BRK:0 RX_X:0.000 RX_Y:0.000 RX_Z:0.000
[ZONE-ROUTE] CID:0 zone=1 edge_port=9998
[EDGE-RTT] CID:0 wall=0.8 ms  sim_delay=10.0 ms
>>> [UAV->CLOUD] BLK:fd27|TX:7.0.0.4|CID:0|TS:20.110|SPD:24.8|HDG:0.2|PX:442.7|PY:-10.0|L...
[ECON-CLAWBACK] CID:0 ACT=WARN prior_payoff=-44.8 extra_penalty=5.0 new_payoff=-49.9
[FORGIVENESS] CID:0 WARN #17 — streak reset, benefits revoked
⚠ [CAR 0] ACT=WARN REP=0.297 RWD=0.000 PNL=5.100 CREDIT=-2
[PASSIVE-BEACON] SIMNOW:20.144 CID:4 ZONE:1 RXUAV:1 EDGEPORT:9998 TS:20.130 SPD:25.100 HDG:1.000 PX:403.200 PY:-50.000 LAN:5 BRK:0 RX_X:0.000 RX_Y:0.000 RX_Z:0.000
[ZONE-ROUTE] CID:4 zone=1 edge_port=9998
[EDGE-RTT] CID:4 wall=0.9 ms  sim_delay=5.0 ms
>>> [UAV->CLOUD] BLK:90a3|TX:7.0.0.8|CID:4|TS:20.130|SPD:25.1|HDG:1.0|PX:403.2|PY:-50.0|L...
[ECON-CLAWBACK] CID:4 ACT=WARN prior_payoff=38.0 extra_penalty=29.5 new_payoff=8.4
[TRUST-REVOKED] CID:4 benefits revoked logically; lane=5 speed=20.0 latency=10.0ms
[FORGIVENESS] CID:4 WARN #1 — streak reset, benefits revoked
⚠ [CAR 4] ACT=WARN REP=0.771 RWD=0.000 PNL=29.573 CREDIT=33
[PASSIVE-BEACON] SIMNOW:20.306 CID:6 ZONE:1 RXUAV:1 EDGEPORT:9998 TS:20.292 SPD:25.200 HDG:0.700 PX:457.200 PY:-20.000 LAN:2 BRK:0 RX_X:0.000 RX_Y:0.000 RX_Z:0.000
[ZONE-ROUTE] CID:6 zone=1 edge_port=9998
[EDGE-RTT] CID:6 wall=1.0 ms  sim_delay=5.0 ms
>>> [UAV->CLOUD] BLK:e6e7|TX:7.0.0.10|CID:6|TS:20.292|SPD:25.2|HDG:0.7|PX:457.2|PY:-20.0|...
[PASSIVE-BEACON] SIMNOW:20.316 CID:9 ZONE:1 RXUAV:1 EDGEPORT:9998 TS:20.302 SPD:24.800 HDG:0.300 PX:427.900 PY:-50.000 LAN:5 BRK:0 RX_X:0.000 RX_Y:0.000 RX_Z:0.000
[ZONE-ROUTE] CID:9 zone=1 edge_port=9998
[EDGE-RTT] CID:9 wall=0.9 ms  sim_delay=5.0 ms
>>> [UAV->CLOUD] BLK:0762|TX:7.0.0.13|CID:9|TS:20.302|SPD:24.8|HDG:0.3|PX:427.9|PY:-50.0|...
[ECON-CLAWBACK] CID:6 ACT=WARN prior_payoff=-22.7 extra_penalty=3.8 new_payoff=-26.6
[FORGIVENESS] CID:6 WARN #12 — streak reset, benefits revoked
⚠ [CAR 6] ACT=WARN REP=0.478 RWD=0.000 PNL=3.852 CREDIT=-2
[ECON-CLAWBACK] CID:9 ACT=WARN prior_payoff=38.993 extra_penalty=30.245 new_payoff=8.673
[TRUST-REVOKED] CID:9 benefits revoked logically; lane=5 speed=20.000 latency=10.000ms
[FORGIVENESS] CID:9 WARN #1 — streak reset, benefits revoked
⚠ [CAR 9] ACT=WARN REP=0.784 RWD=0.000 PNL=30.320 CREDIT=34
[PASSIVE-BEACON] SIMNOW:20.384 CID:1 ZONE:1 RXUAV:1 EDGEPORT:9998 TS:20.370 SPD:25.300 HDG:0.000 PX:439.900 PY:-20.000 LAN:2 BRK:1 RX_X:0.000 RX_Y:0.000 RX_Z:0.000
[ZONE-ROUTE] CID:1 zone=1 edge_port=9998
[EDGE-RTT] CID:1 wall=1.0 ms  sim_delay=5.0 ms
>>> [UAV->CLOUD] BLK:0537|TX:7.0.0.5|CID:1|TS:20.370|SPD:25.3|HDG:0.0|PX:439.9|PY:-20.0|L...
[ECON-CLAWBACK] CID:1 ACT=WARN prior_payoff=-26.5 extra_penalty=4.0 new_payoff=-30.6
[FORGIVENESS] CID:1 WARN #13 — streak reset, benefits revoked
⚠ [CAR 1] ACT=WARN REP=0.744 RWD=0.000 PNL=4.102 CREDIT=-2
[PASSIVE-BEACON] SIMNOW:20.413 CID:3 ZONE:1 RXUAV:1 EDGEPORT:9998 TS:20.400 SPD:24.600 HDG:-1.300 PX:420.700 PY:-40.000 LAN:4 BRK:0 RX_X:0.000 RX_Y:0.000 RX_Z:0.000
[ZONE-ROUTE] CID:3 zone=1 edge_port=9998
[EDGE-RTT] CID:3 wall=1.2 ms  sim_delay=5.0 ms
>>> [UAV->CLOUD] BLK:be74|TX:7.0.0.7|CID:3|TS:20.400|SPD:24.6|HDG:-1.3|PX:420.7|PY:-40.0|...
[ECON-CLAWBACK] CID:3 ACT=WARN prior_payoff=-4.4 extra_penalty=2.2 new_payoff=-6.8
[FORGIVENESS] CID:3 WARN #6 — streak reset, benefits revoked
⚠ [CAR 3] ACT=WARN REP=1.000 RWD=0.000 PNL=2.349 CREDIT=-2
[PASSIVE-BEACON] SIMNOW:20.466 CID:8 ZONE:1 RXUAV:1 EDGEPORT:9998 TS:20.452 SPD:25.300 HDG:0.400 PX:442.100 PY:-40.000 LAN:4 BRK:0 RX_X:0.000 RX_Y:0.000 RX_Z:0.000
[ZONE-ROUTE] CID:8 zone=1 edge_port=9998
[EDGE-RTT] CID:8 wall=1.0 ms  sim_delay=5.0 ms
>>> [UAV->CLOUD] BLK:4783|TX:7.0.0.12|CID:8|TS:20.452|SPD:25.3|HDG:0.4|PX:442.1|PY:-40.0|...
[ECON-CLAWBACK] CID:8 ACT=WARN prior_payoff=-4.4 extra_penalty=2.2 new_payoff=-6.8
[FORGIVENESS] CID:8 WARN #6 — streak reset, benefits revoked
⚠ [CAR 8] ACT=WARN REP=0.898 RWD=0.000 PNL=2.352 CREDIT=-2
[PASSIVE-BEACON] SIMNOW:20.486 CID:7 ZONE:1 RXUAV:1 EDGEPORT:9998 TS:20.472 SPD:25.000 HDG:-1.000 PX:452.400 PY:-30.000 LAN:3 BRK:0 RX_X:0.000 RX_Y:0.000 RX_Z:0.000
[ZONE-ROUTE] CID:7 zone=1 edge_port=9998
[EDGE-RTT] CID:7 wall=0.9 ms  sim_delay=5.0 ms
>>> [UAV->CLOUD] BLK:ad63|TX:7.0.0.11|CID:7|TS:20.472|SPD:25.0|HDG:-1.0|PX:452.4|PY:-30.0...
[ECON-CLAWBACK] CID:7 ACT=WARN prior_payoff=-15.6 extra_penalty=3.2 new_payoff=-18.9
[FORGIVENESS] CID:7 WARN #10 — streak reset, benefits revoked
⚠ [CAR 7] ACT=WARN REP=0.573 RWD=0.000 PNL=3.351 CREDIT=-2
[PASSIVE-BEACON] SIMNOW:20.604 CID:2 ZONE:1 RXUAV:1 EDGEPORT:9998 TS:20.590 SPD:24.600 HDG:1.800 PX:435.600 PY:-30.000 LAN:3 BRK:0 RX_X:0.000 RX_Y:0.000 RX_Z:0.000
[ZONE-ROUTE] CID:2 zone=1 edge_port=9998
[EDGE-RTT] CID:2 wall=1.0 ms  sim_delay=5.0 ms
>>> [UAV->CLOUD] BLK:30a4|TX:7.0.0.6|CID:2|TS:20.590|SPD:24.6|HDG:1.8|PX:435.6|PY:-30.0|L...
[ECON-CLAWBACK] CID:2 ACT=WARN prior_payoff=-12.4 extra_penalty=3.0 new_payoff=-15.5
[FORGIVENESS] CID:2 WARN #9 — streak reset, benefits revoked
⚠ [CAR 2] ACT=WARN REP=0.909 RWD=0.000 PNL=3.100 CREDIT=-2
[PASSIVE-BEACON] SIMNOW:20.624 CID:0 ZONE:1 RXUAV:1 EDGEPORT:9998 TS:20.610 SPD:25.200 HDG:-1.100 PX:456.500 PY:-10.000 LAN:1 BRK:0 RX_X:0.000 RX_Y:0.000 RX_Z:0.000
[ZONE-ROUTE] CID:0 zone=1 edge_port=9998
[EDGE-RTT] CID:0 wall=0.9 ms  sim_delay=10.0 ms
>>> [UAV->CLOUD] BLK:cf73|TX:7.0.0.4|CID:0|TS:20.610|SPD:25.2|HDG:-1.1|PX:456.5|PY:-10.0|...
[ECON-CLAWBACK] CID:0 ACT=WARN prior_payoff=-49.9 extra_penalty=5.2 new_payoff=-55.3
[FORGIVENESS] CID:0 WARN #18 — streak reset, benefits revoked
⚠ [CAR 0] ACT=WARN REP=0.397 RWD=0.000 PNL=5.352 CREDIT=-2
[PASSIVE-BEACON] SIMNOW:20.645 CID:4 ZONE:1 RXUAV:1 EDGEPORT:9998 TS:20.630 SPD:24.800 HDG:-0.400 PX:417.100 PY:-50.000 LAN:5 BRK:0 RX_X:0.000 RX_Y:0.000 RX_Z:0.000
[ZONE-ROUTE] CID:4 zone=1 edge_port=9998
[EDGE-RTT] CID:4 wall=1.0 ms  sim_delay=5.0 ms
>>> [UAV->CLOUD] BLK:ebdd|TX:7.0.0.8|CID:4|TS:20.630|SPD:24.8|HDG:-0.4|PX:417.1|PY:-50.0|...
[ECON-CLAWBACK] CID:4 ACT=WARN prior_payoff=8.4 extra_penalty=5.5 new_payoff=2.9
[FORGIVENESS] CID:4 WARN #2 — streak reset, benefits revoked
⚠ [CAR 4] ACT=WARN REP=1.000 RWD=0.000 PNL=5.557 CREDIT=-2
[PASSIVE-BEACON] SIMNOW:20.806 CID:6 ZONE:1 RXUAV:1 EDGEPORT:9998 TS:20.792 SPD:24.600 HDG:0.200 PX:470.400 PY:-20.000 LAN:2 BRK:0 RX_X:0.000 RX_Y:0.000 RX_Z:0.000
[ZONE-ROUTE] CID:6 zone=1 edge_port=9998
[EDGE-RTT] CID:6 wall=1.0 ms  sim_delay=5.0 ms
>>> [UAV->CLOUD] BLK:2543|TX:7.0.0.10|CID:6|TS:20.792|SPD:24.6|HDG:0.2|PX:470.4|PY:-20.0|...
[PASSIVE-BEACON] SIMNOW:20.816 CID:9 ZONE:1 RXUAV:1 EDGEPORT:9998 TS:20.802 SPD:25.200 HDG:0.700 PX:440.800 PY:-50.000 LAN:5 BRK:1 RX_X:0.000 RX_Y:0.000 RX_Z:0.000
[ZONE-ROUTE] CID:9 zone=1 edge_port=9998
[EDGE-RTT] CID:9 wall=0.7 ms  sim_delay=5.0 ms
>>> [UAV->CLOUD] BLK:1a2e|TX:7.0.0.13|CID:9|TS:20.802|SPD:25.2|HDG:0.7|PX:440.8|PY:-50.0|...
[ECON-CLAWBACK] CID:6 ACT=WARN prior_payoff=-26.6 extra_penalty=4.0 new_payoff=-30.7
[FORGIVENESS] CID:6 WARN #13 — streak reset, benefits revoked
⚠ [CAR 6] ACT=WARN REP=0.693 RWD=0.000 PNL=4.100 CREDIT=-2
[ECON-CLAWBACK] CID:9 ACT=WARN prior_payoff=8.673 extra_penalty=5.587 new_payoff=2.990
[FORGIVENESS] CID:9 WARN #2 — streak reset, benefits revoked
⚠ [CAR 9] ACT=WARN REP=1.000 RWD=0.000 PNL=5.684 CREDIT=-2
[PASSIVE-BEACON] SIMNOW:20.883 CID:1 ZONE:1 RXUAV:1 EDGEPORT:9998 TS:20.870 SPD:24.900 HDG:-1.700 PX:453.000 PY:-20.000 LAN:2 BRK:0 RX_X:0.000 RX_Y:0.000 RX_Z:0.000
[ZONE-ROUTE] CID:1 zone=1 edge_port=9998
[EDGE-RTT] CID:1 wall=1.0 ms  sim_delay=5.0 ms
>>> [UAV->CLOUD] BLK:1b31|TX:7.0.0.5|CID:1|TS:20.870|SPD:24.9|HDG:-1.7|PX:453.0|PY:-20.0|...
[ECON-CLAWBACK] CID:1 ACT=WARN prior_payoff=-30.6 extra_penalty=4.2 new_payoff=-35.0
[FORGIVENESS] CID:1 WARN #14 — streak reset, benefits revoked
⚠ [CAR 1] ACT=WARN REP=0.578 RWD=0.000 PNL=4.351 CREDIT=-2
[PASSIVE-BEACON] SIMNOW:20.914 CID:3 ZONE:1 RXUAV:1 EDGEPORT:9998 TS:20.900 SPD:24.600 HDG:-1.900 PX:432.400 PY:-40.000 LAN:4 BRK:0 RX_X:0.000 RX_Y:0.000 RX_Z:0.000
[ZONE-ROUTE] CID:3 zone=1 edge_port=9998
[EDGE-RTT] CID:3 wall=1.1 ms  sim_delay=5.0 ms
>>> [UAV->CLOUD] BLK:5bd8|TX:7.0.0.7|CID:3|TS:20.900|SPD:24.6|HDG:-1.9|PX:432.4|PY:-40.0|...
[ECON-CLAWBACK] CID:3 ACT=WARN prior_payoff=-6.8 extra_penalty=2.5 new_payoff=-9.4
[FORGIVENESS] CID:3 WARN #7 — streak reset, benefits revoked
⚠ [CAR 3] ACT=WARN REP=0.870 RWD=0.000 PNL=2.599 CREDIT=-2
[PASSIVE-BEACON] SIMNOW:20.966 CID:8 ZONE:1 RXUAV:1 EDGEPORT:9998 TS:20.952 SPD:25.500 HDG:0.400 PX:453.800 PY:-40.000 LAN:4 BRK:0 RX_X:0.000 RX_Y:0.000 RX_Z:0.000
[ZONE-ROUTE] CID:8 zone=1 edge_port=9998
[EDGE-RTT] CID:8 wall=1.0 ms  sim_delay=5.0 ms
>>> [UAV->CLOUD] BLK:c746|TX:7.0.0.12|CID:8|TS:20.952|SPD:25.5|HDG:0.4|PX:453.8|PY:-40.0|...
[ECON-CLAWBACK] CID:8 ACT=WARN prior_payoff=-6.8 extra_penalty=2.5 new_payoff=-9.4
[FORGIVENESS] CID:8 WARN #7 — streak reset, benefits revoked
⚠ [CAR 8] ACT=WARN REP=0.867 RWD=0.000 PNL=2.603 CREDIT=-2
[PASSIVE-BEACON] SIMNOW:20.986 CID:7 ZONE:1 RXUAV:1 EDGEPORT:9998 TS:20.972 SPD:25.300 HDG:1.000 PX:465.000 PY:-30.000 LAN:3 BRK:1 RX_X:0.000 RX_Y:0.000 RX_Z:0.000
[ZONE-ROUTE] CID:7 zone=1 edge_port=9998
[EDGE-RTT] CID:7 wall=0.9 ms  sim_delay=5.0 ms
>>> [UAV->CLOUD] BLK:890a|TX:7.0.0.11|CID:7|TS:20.972|SPD:25.3|HDG:1.0|PX:465.0|PY:-30.0|...
[ECON-CLAWBACK] CID:7 ACT=WARN prior_payoff=-18.9 extra_penalty=3.5 new_payoff=-22.5
[FORGIVENESS] CID:7 WARN #11 — streak reset, benefits revoked
⚠ [CAR 7] ACT=WARN REP=0.622 RWD=0.000 PNL=3.602 CREDIT=-2
[PASSIVE-BEACON] SIMNOW:21.104 CID:2 ZONE:1 RXUAV:1 EDGEPORT:9998 TS:21.090 SPD:25.300 HDG:-1.800 PX:448.100 PY:-30.000 LAN:3 BRK:0 RX_X:0.000 RX_Y:0.000 RX_Z:0.000
[ZONE-ROUTE] CID:2 zone=1 edge_port=9998
[EDGE-RTT] CID:2 wall=0.9 ms  sim_delay=5.0 ms
>>> [UAV->CLOUD] BLK:6a94|TX:7.0.0.6|CID:2|TS:21.090|SPD:25.3|HDG:-1.8|PX:448.1|PY:-30.0|...
[ECON-CLAWBACK] CID:2 ACT=WARN prior_payoff=-15.5 extra_penalty=3.2 new_payoff=-18.8
[FORGIVENESS] CID:2 WARN #10 — streak reset, benefits revoked
⚠ [CAR 2] ACT=WARN REP=0.677 RWD=0.000 PNL=3.352 CREDIT=-2
[PASSIVE-BEACON] SIMNOW:21.124 CID:0 ZONE:1 RXUAV:1 EDGEPORT:9998 TS:21.110 SPD:25.200 HDG:1.800 PX:467.600 PY:-10.000 LAN:1 BRK:0 RX_X:0.000 RX_Y:0.000 RX_Z:0.000
[ZONE-ROUTE] CID:0 zone=1 edge_port=9998
[EDGE-RTT] CID:0 wall=0.8 ms  sim_delay=10.0 ms
>>> [UAV->CLOUD] BLK:c787|TX:7.0.0.4|CID:0|TS:21.110|SPD:25.2|HDG:1.8|PX:467.6|PY:-10.0|L...
[ECON-CLAWBACK] CID:0 ACT=WARN prior_payoff=-55.3 extra_penalty=5.5 new_payoff=-60.9
[FORGIVENESS] CID:0 WARN #19 — streak reset, benefits revoked
⚠ [CAR 0] ACT=WARN REP=0.424 RWD=0.000 PNL=5.602 CREDIT=-2
[PASSIVE-BEACON] SIMNOW:21.144 CID:4 ZONE:1 RXUAV:1 EDGEPORT:9998 TS:21.130 SPD:25.400 HDG:-0.100 PX:428.600 PY:-50.000 LAN:5 BRK:0 RX_X:0.000 RX_Y:0.000 RX_Z:0.000
[ZONE-ROUTE] CID:4 zone=1 edge_port=9998
[EDGE-RTT] CID:4 wall=1.1 ms  sim_delay=5.0 ms
>>> [UAV->CLOUD] BLK:ebf4|TX:7.0.0.8|CID:4|TS:21.130|SPD:25.4|HDG:-0.1|PX:428.6|PY:-50.0|...
[ECON-CLAWBACK] CID:4 ACT=WARN prior_payoff=2.9 extra_penalty=2.9 new_payoff=-0.2
[FORGIVENESS] CID:4 WARN #3 — streak reset, benefits revoked
⚠ [CAR 4] ACT=WARN REP=0.813 RWD=0.000 PNL=3.032 CREDIT=-2
[PASSIVE-BEACON] SIMNOW:21.306 CID:6 ZONE:1 RXUAV:1 EDGEPORT:9998 TS:21.292 SPD:25.100 HDG:1.600 PX:482.600 PY:-20.000 LAN:2 BRK:1 RX_X:0.000 RX_Y:0.000 RX_Z:0.000
[ZONE-ROUTE] CID:6 zone=1 edge_port=9998
[EDGE-RTT] CID:6 wall=1.0 ms  sim_delay=5.0 ms
>>> [UAV->CLOUD] BLK:a076|TX:7.0.0.10|CID:6|TS:21.292|SPD:25.1|HDG:1.6|PX:482.6|PY:-20.0|...
[PASSIVE-BEACON] SIMNOW:21.316 CID:9 ZONE:1 RXUAV:1 EDGEPORT:9998 TS:21.302 SPD:25.000 HDG:0.500 PX:452.500 PY:-50.000 LAN:5 BRK:0 RX_X:0.000 RX_Y:0.000 RX_Z:0.000
[ZONE-ROUTE] CID:9 zone=1 edge_port=9998
[EDGE-RTT] CID:9 wall=0.7 ms  sim_delay=5.0 ms
>>> [UAV->CLOUD] BLK:bb5c|TX:7.0.0.13|CID:9|TS:21.302|SPD:25.0|HDG:0.5|PX:452.5|PY:-50.0|...
[ECON-CLAWBACK] CID:6 ACT=WARN prior_payoff=-30.7 extra_penalty=4.2 new_payoff=-35.0
[FORGIVENESS] CID:6 WARN #14 — streak reset, benefits revoked
⚠ [CAR 6] ACT=WARN REP=0.523 RWD=0.000 PNL=4.352 CREDIT=-2
[ECON-CLAWBACK] CID:9 ACT=WARN prior_payoff=2.990 extra_penalty=2.995 new_payoff=-0.103
[FORGIVENESS] CID:9 WARN #3 — streak reset, benefits revoked
⚠ [CAR 9] ACT=WARN REP=1.000 RWD=0.000 PNL=3.093 CREDIT=-2
[PASSIVE-BEACON] SIMNOW:21.384 CID:1 ZONE:1 RXUAV:1 EDGEPORT:9998 TS:21.370 SPD:24.700 HDG:-1.700 PX:465.200 PY:-20.000 LAN:2 BRK:0 RX_X:0.000 RX_Y:0.000 RX_Z:0.000
[ZONE-ROUTE] CID:1 zone=1 edge_port=9998
[EDGE-RTT] CID:1 wall=1.0 ms  sim_delay=5.0 ms
>>> [UAV->CLOUD] BLK:c9da|TX:7.0.0.5|CID:1|TS:21.370|SPD:24.7|HDG:-1.7|PX:465.2|PY:-20.0|...
[ECON-CLAWBACK] CID:1 ACT=WARN prior_payoff=-35.0 extra_penalty=4.5 new_payoff=-39.6
[FORGIVENESS] CID:1 WARN #15 — streak reset, benefits revoked
⚠ [CAR 1] ACT=WARN REP=0.542 RWD=0.000 PNL=4.600 CREDIT=-2
[PASSIVE-BEACON] SIMNOW:21.414 CID:3 ZONE:1 RXUAV:1 EDGEPORT:9998 TS:21.400 SPD:24.600 HDG:0.800 PX:446.300 PY:-40.000 LAN:4 BRK:0 RX_X:0.000 RX_Y:0.000 RX_Z:0.000
[ZONE-ROUTE] CID:3 zone=1 edge_port=9998
[EDGE-RTT] CID:3 wall=1.1 ms  sim_delay=5.0 ms
>>> [UAV->CLOUD] BLK:7d7d|TX:7.0.0.7|CID:3|TS:21.400|SPD:24.6|HDG:0.8|PX:446.3|PY:-40.0|L...
[ECON-CLAWBACK] CID:3 ACT=WARN prior_payoff=-9.4 extra_penalty=2.8 new_payoff=-12.2
[FORGIVENESS] CID:3 WARN #8 — streak reset, benefits revoked
⚠ [CAR 3] ACT=WARN REP=0.478 RWD=0.000 PNL=2.849 CREDIT=-2
[PASSIVE-BEACON] SIMNOW:21.466 CID:8 ZONE:1 RXUAV:1 EDGEPORT:9998 TS:21.452 SPD:25.100 HDG:-1.600 PX:467.500 PY:-40.000 LAN:4 BRK:0 RX_X:0.000 RX_Y:0.000 RX_Z:0.000
[ZONE-ROUTE] CID:8 zone=1 edge_port=9998
[EDGE-RTT] CID:8 wall=0.8 ms  sim_delay=5.0 ms
>>> [UAV->CLOUD] BLK:e32a|TX:7.0.0.12|CID:8|TS:21.452|SPD:25.1|HDG:-1.6|PX:467.5|PY:-40.0...
[ECON-CLAWBACK] CID:8 ACT=WARN prior_payoff=-9.4 extra_penalty=2.8 new_payoff=-12.2
[FORGIVENESS] CID:8 WARN #8 — streak reset, benefits revoked
⚠ [CAR 8] ACT=WARN REP=0.770 RWD=0.000 PNL=2.852 CREDIT=-2
[PASSIVE-BEACON] SIMNOW:21.486 CID:7 ZONE:1 RXUAV:1 EDGEPORT:9998 TS:21.472 SPD:25.200 HDG:1.800 PX:477.000 PY:-30.000 LAN:3 BRK:0 RX_X:0.000 RX_Y:0.000 RX_Z:0.000
[ZONE-ROUTE] CID:7 zone=1 edge_port=9998
[EDGE-RTT] CID:7 wall=0.8 ms  sim_delay=5.0 ms
>>> [UAV->CLOUD] BLK:8723|TX:7.0.0.11|CID:7|TS:21.472|SPD:25.2|HDG:1.8|PX:477.0|PY:-30.0|...
[ECON-CLAWBACK] CID:7 ACT=WARN prior_payoff=-22.5 extra_penalty=3.8 new_payoff=-26.4
[FORGIVENESS] CID:7 WARN #12 — streak reset, benefits revoked
⚠ [CAR 7] ACT=WARN REP=0.427 RWD=0.000 PNL=3.852 CREDIT=-2
[PKT-DROP] UAV dropped telemetry from 7.0.0.6 (drop_rate=1%)
[PASSIVE-BEACON] SIMNOW:21.623 CID:0 ZONE:1 RXUAV:1 EDGEPORT:9998 TS:21.610 SPD:24.800 HDG:0.400 PX:481.200 PY:-10.000 LAN:1 BRK:0 RX_X:0.000 RX_Y:0.000 RX_Z:0.000
[ZONE-ROUTE] CID:0 zone=1 edge_port=9998
[EDGE-RTT] CID:0 wall=1.1 ms  sim_delay=10.0 ms
>>> [UAV->CLOUD] BLK:ce49|TX:7.0.0.4|CID:0|TS:21.610|SPD:24.8|HDG:0.4|PX:481.2|PY:-10.0|L...
[ECON-CLAWBACK] CID:0 ACT=WARN prior_payoff=-60.9 extra_penalty=5.8 new_payoff=-66.7
[FORGIVENESS] CID:0 WARN #20 — streak reset, benefits revoked
⚠ [CAR 0] ACT=WARN REP=0.372 RWD=0.000 PNL=5.851 CREDIT=-2
[PASSIVE-BEACON] SIMNOW:21.645 CID:4 ZONE:1 RXUAV:1 EDGEPORT:9998 TS:21.630 SPD:25.100 HDG:1.000 PX:441.900 PY:-50.000 LAN:5 BRK:1 RX_X:0.000 RX_Y:0.000 RX_Z:0.000
[ZONE-ROUTE] CID:4 zone=1 edge_port=9998
[EDGE-RTT] CID:4 wall=1.0 ms  sim_delay=5.0 ms
>>> [UAV->CLOUD] BLK:cffd|TX:7.0.0.8|CID:4|TS:21.630|SPD:25.1|HDG:1.0|PX:441.9|PY:-50.0|L...
[ECON-CLAWBACK] CID:4 ACT=WARN prior_payoff=-0.2 extra_penalty=1.8 new_payoff=-2.0
[FORGIVENESS] CID:4 WARN #4 — streak reset, benefits revoked
⚠ [CAR 4] ACT=WARN REP=0.767 RWD=0.000 PNL=1.850 CREDIT=-2
[PASSIVE-BEACON] SIMNOW:21.806 CID:6 ZONE:1 RXUAV:1 EDGEPORT:9998 TS:21.792 SPD:25.500 HDG:1.100 PX:495.800 PY:-20.000 LAN:2 BRK:0 RX_X:0.000 RX_Y:0.000 RX_Z:0.000
[ZONE-ROUTE] CID:6 zone=1 edge_port=9998
[EDGE-RTT] CID:6 wall=1.1 ms  sim_delay=5.0 ms
>>> [UAV->CLOUD] BLK:a842|TX:7.0.0.10|CID:6|TS:21.792|SPD:25.5|HDG:1.1|PX:495.8|PY:-20.0|...
[PASSIVE-BEACON] SIMNOW:21.816 CID:9 ZONE:1 RXUAV:1 EDGEPORT:9998 TS:21.802 SPD:24.700 HDG:-0.900 PX:465.700 PY:-50.000 LAN:5 BRK:0 RX_X:0.000 RX_Y:0.000 RX_Z:0.000
[ZONE-ROUTE] CID:9 zone=1 edge_port=9998
[EDGE-RTT] CID:9 wall=0.8 ms  sim_delay=5.0 ms
>>> [UAV->CLOUD] BLK:76aa|TX:7.0.0.13|CID:9|TS:21.802|SPD:24.7|HDG:-0.9|PX:465.7|PY:-50.0...
[ECON-CLAWBACK] CID:6 ACT=WARN prior_payoff=-35.0 extra_penalty=4.5 new_payoff=-39.6
[FORGIVENESS] CID:6 WARN #15 — streak reset, benefits revoked
⚠ [CAR 6] ACT=WARN REP=0.592 RWD=0.000 PNL=4.602 CREDIT=-2
[ECON-CLAWBACK] CID:9 ACT=WARN prior_payoff=-0.103 extra_penalty=1.750 new_payoff=-1.951
[FORGIVENESS] CID:9 WARN #4 — streak reset, benefits revoked
⚠ [CAR 9] ACT=WARN REP=0.873 RWD=0.000 PNL=1.848 CREDIT=-2
[PASSIVE-BEACON] SIMNOW:21.884 CID:1 ZONE:1 RXUAV:1 EDGEPORT:9998 TS:21.870 SPD:24.800 HDG:0.100 PX:476.800 PY:-20.000 LAN:2 BRK:0 RX_X:0.000 RX_Y:0.000 RX_Z:0.000
[ZONE-ROUTE] CID:1 zone=1 edge_port=9998
[EDGE-RTT] CID:1 wall=0.9 ms  sim_delay=5.0 ms
>>> [UAV->CLOUD] BLK:8ef1|TX:7.0.0.5|CID:1|TS:21.870|SPD:24.8|HDG:0.1|PX:476.8|PY:-20.0|L...
[ECON-CLAWBACK] CID:1 ACT=WARN prior_payoff=-39.6 extra_penalty=4.8 new_payoff=-44.4
[FORGIVENESS] CID:1 WARN #16 — streak reset, benefits revoked
⚠ [CAR 1] ACT=WARN REP=0.775 RWD=0.000 PNL=4.850 CREDIT=-2
[PASSIVE-BEACON] SIMNOW:21.914 CID:3 ZONE:1 RXUAV:1 EDGEPORT:9998 TS:21.900 SPD:25.000 HDG:-0.700 PX:458.500 PY:-40.000 LAN:4 BRK:0 RX_X:0.000 RX_Y:0.000 RX_Z:0.000
[ZONE-ROUTE] CID:3 zone=1 edge_port=9998
[EDGE-RTT] CID:3 wall=0.8 ms  sim_delay=5.0 ms
>>> [UAV->CLOUD] BLK:533c|TX:7.0.0.7|CID:3|TS:21.900|SPD:25.0|HDG:-0.7|PX:458.5|PY:-40.0|...
[ECON-CLAWBACK] CID:3 ACT=WARN prior_payoff=-12.2 extra_penalty=3.0 new_payoff=-15.3
[FORGIVENESS] CID:3 WARN #9 — streak reset, benefits revoked
⚠ [CAR 3] ACT=WARN REP=0.793 RWD=0.000 PNL=3.101 CREDIT=-2
[PASSIVE-BEACON] SIMNOW:21.966 CID:8 ZONE:1 RXUAV:1 EDGEPORT:9998 TS:21.952 SPD:24.900 HDG:0.100 PX:479.000 PY:-40.000 LAN:4 BRK:0 RX_X:0.000 RX_Y:0.000 RX_Z:0.000
[ZONE-ROUTE] CID:8 zone=1 edge_port=9998
[EDGE-RTT] CID:8 wall=1.0 ms  sim_delay=5.0 ms
>>> [UAV->CLOUD] BLK:a360|TX:7.0.0.12|CID:8|TS:21.952|SPD:24.9|HDG:0.1|PX:479.0|PY:-40.0|...
[ECON-CLAWBACK] CID:8 ACT=WARN prior_payoff=-12.2 extra_penalty=3.0 new_payoff=-15.3
[FORGIVENESS] CID:8 WARN #9 — streak reset, benefits revoked
⚠ [CAR 8] ACT=WARN REP=0.911 RWD=0.000 PNL=3.101 CREDIT=-2
[PASSIVE-BEACON] SIMNOW:21.986 CID:7 ZONE:1 RXUAV:1 EDGEPORT:9998 TS:21.972 SPD:25.300 HDG:0.700 PX:489.200 PY:-30.000 LAN:3 BRK:1 RX_X:0.000 RX_Y:0.000 RX_Z:0.000
[ZONE-ROUTE] CID:7 zone=1 edge_port=9998
[EDGE-RTT] CID:7 wall=1.0 ms  sim_delay=5.0 ms
>>> [UAV->CLOUD] BLK:073f|TX:7.0.0.11|CID:7|TS:21.972|SPD:25.3|HDG:0.7|PX:489.2|PY:-30.0|...
[ECON-CLAWBACK] CID:7 ACT=WARN prior_payoff=-26.4 extra_penalty=4.0 new_payoff=-30.5
[FORGIVENESS] CID:7 WARN #13 — streak reset, benefits revoked
⚠ [CAR 7] ACT=WARN REP=0.655 RWD=0.000 PNL=4.102 CREDIT=-2
[PASSIVE-BEACON] SIMNOW:22.104 CID:2 ZONE:1 RXUAV:1 EDGEPORT:9998 TS:22.090 SPD:24.900 HDG:1.000 PX:473.200 PY:-30.000 LAN:3 BRK:0 RX_X:0.000 RX_Y:0.000 RX_Z:0.000
[ZONE-ROUTE] CID:2 zone=1 edge_port=9998
[EDGE-RTT] CID:2 wall=1.0 ms  sim_delay=5.0 ms
>>> [UAV->CLOUD] BLK:851e|TX:7.0.0.6|CID:2|TS:22.090|SPD:24.9|HDG:1.0|PX:473.2|PY:-30.0|L...
[ECON-CLAWBACK] CID:2 ACT=WARN prior_payoff=-18.8 extra_penalty=3.5 new_payoff=-22.4
[FORGIVENESS] CID:2 WARN #11 — streak reset, benefits revoked
⚠ [CAR 2] ACT=WARN REP=0.560 RWD=0.000 PNL=3.601 CREDIT=-2
[PASSIVE-BEACON] SIMNOW:22.124 CID:0 ZONE:1 RXUAV:1 EDGEPORT:9998 TS:22.110 SPD:25.400 HDG:-0.900 PX:493.500 PY:-10.000 LAN:1 BRK:0 RX_X:0.000 RX_Y:0.000 RX_Z:0.000
[ZONE-ROUTE] CID:0 zone=1 edge_port=9998
[EDGE-RTT] CID:0 wall=1.0 ms  sim_delay=10.0 ms
>>> [UAV->CLOUD] BLK:86e9|TX:7.0.0.4|CID:0|TS:22.110|SPD:25.4|HDG:-0.9|PX:493.5|PY:-10.0|...
[ECON-CLAWBACK] CID:0 ACT=WARN prior_payoff=-66.7 extra_penalty=6.0 new_payoff=-72.8
[FORGIVENESS] CID:0 WARN #21 — streak reset, benefits revoked
⚠ [CAR 0] ACT=WARN REP=0.286 RWD=0.000 PNL=6.102 CREDIT=-2
[PASSIVE-BEACON] SIMNOW:22.144 CID:4 ZONE:1 RXUAV:1 EDGEPORT:9998 TS:22.130 SPD:25.000 HDG:-1.200 PX:454.200 PY:-50.000 LAN:5 BRK:0 RX_X:0.000 RX_Y:0.000 RX_Z:0.000
[ZONE-ROUTE] CID:4 zone=1 edge_port=9998
[EDGE-RTT] CID:4 wall=0.6 ms  sim_delay=5.0 ms
>>> [UAV->CLOUD] BLK:d03c|TX:7.0.0.8|CID:4|TS:22.130|SPD:25.0|HDG:-1.2|PX:454.2|PY:-50.0|...
[ECON-CLAWBACK] CID:4 ACT=WARN prior_payoff=-2.0 extra_penalty=2.0 new_payoff=-4.1
[FORGIVENESS] CID:4 WARN #5 — streak reset, benefits revoked
⚠ [CAR 4] ACT=WARN REP=0.604 RWD=0.000 PNL=2.101 CREDIT=-2
[PASSIVE-BEACON] SIMNOW:22.306 CID:6 ZONE:1 RXUAV:1 EDGEPORT:9998 TS:22.292 SPD:24.500 HDG:-0.000 PX:507.900 PY:-20.000 LAN:2 BRK:0 RX_X:0.000 RX_Y:0.000 RX_Z:0.000
[ZONE-ROUTE] CID:6 zone=1 edge_port=9998
[EDGE-RTT] CID:6 wall=1.1 ms  sim_delay=5.0 ms
>>> [UAV->CLOUD] BLK:c981|TX:7.0.0.10|CID:6|TS:22.292|SPD:24.5|HDG:-0.0|PX:507.9|PY:-20.0...
[PASSIVE-BEACON] SIMNOW:22.316 CID:9 ZONE:1 RXUAV:1 EDGEPORT:9998 TS:22.302 SPD:24.700 HDG:0.400 PX:477.700 PY:-50.000 LAN:5 BRK:1 RX_X:0.000 RX_Y:0.000 RX_Z:0.000
[ZONE-ROUTE] CID:9 zone=1 edge_port=9998
[EDGE-RTT] CID:9 wall=0.8 ms  sim_delay=5.0 ms
>>> [UAV->CLOUD] BLK:c2ca|TX:7.0.0.13|CID:9|TS:22.302|SPD:24.7|HDG:0.4|PX:477.7|PY:-50.0|...
[ECON-CLAWBACK] CID:6 ACT=WARN prior_payoff=-39.6 extra_penalty=4.8 new_payoff=-44.5
[FORGIVENESS] CID:6 WARN #16 — streak reset, benefits revoked
⚠ [CAR 6] ACT=WARN REP=0.182 RWD=0.000 PNL=4.849 CREDIT=-2
[ECON-CLAWBACK] CID:9 ACT=WARN prior_payoff=-1.951 extra_penalty=2.000 new_payoff=-4.051
[FORGIVENESS] CID:9 WARN #5 — streak reset, benefits revoked
⚠ [CAR 9] ACT=WARN REP=0.944 RWD=0.000 PNL=2.100 CREDIT=-2
[PASSIVE-BEACON] SIMNOW:22.384 CID:1 ZONE:1 RXUAV:1 EDGEPORT:9998 TS:22.370 SPD:25.200 HDG:0.600 PX:490.400 PY:-20.000 LAN:2 BRK:0 RX_X:0.000 RX_Y:0.000 RX_Z:0.000
[ZONE-ROUTE] CID:1 zone=1 edge_port=9998
[EDGE-RTT] CID:1 wall=1.0 ms  sim_delay=5.0 ms
>>> [UAV->CLOUD] BLK:87ad|TX:7.0.0.5|CID:1|TS:22.370|SPD:25.2|HDG:0.6|PX:490.4|PY:-20.0|L...
[ECON-CLAWBACK] CID:1 ACT=WARN prior_payoff=-44.4 extra_penalty=5.0 new_payoff=-49.5
[FORGIVENESS] CID:1 WARN #17 — streak reset, benefits revoked
⚠ [CAR 1] ACT=WARN REP=0.509 RWD=0.000 PNL=5.102 CREDIT=-2
[PASSIVE-BEACON] SIMNOW:22.414 CID:3 ZONE:1 RXUAV:1 EDGEPORT:9998 TS:22.400 SPD:25.100 HDG:-0.100 PX:471.300 PY:-40.000 LAN:4 BRK:1 RX_X:0.000 RX_Y:0.000 RX_Z:0.000
[ZONE-ROUTE] CID:3 zone=1 edge_port=9998
[EDGE-RTT] CID:3 wall=1.0 ms  sim_delay=5.0 ms
>>> [UAV->CLOUD] BLK:e4c6|TX:7.0.0.7|CID:3|TS:22.400|SPD:25.1|HDG:-0.1|PX:471.3|PY:-40.0|...
[ECON-CLAWBACK] CID:3 ACT=WARN prior_payoff=-15.3 extra_penalty=3.2 new_payoff=-18.7
[FORGIVENESS] CID:3 WARN #10 — streak reset, benefits revoked
⚠ [CAR 3] ACT=WARN REP=0.690 RWD=0.000 PNL=3.351 CREDIT=-2
[PASSIVE-BEACON] SIMNOW:22.466 CID:8 ZONE:1 RXUAV:1 EDGEPORT:9998 TS:22.452 SPD:25.400 HDG:-0.700 PX:492.100 PY:-40.000 LAN:4 BRK:0 RX_X:0.000 RX_Y:0.000 RX_Z:0.000
[ZONE-ROUTE] CID:8 zone=1 edge_port=9998
[EDGE-RTT] CID:8 wall=1.2 ms  sim_delay=5.0 ms
>>> [UAV->CLOUD] BLK:0701|TX:7.0.0.12|CID:8|TS:22.452|SPD:25.4|HDG:-0.7|PX:492.1|PY:-40.0...
[ECON-CLAWBACK] CID:8 ACT=WARN prior_payoff=-15.3 extra_penalty=3.2 new_payoff=-18.7
[FORGIVENESS] CID:8 WARN #10 — streak reset, benefits revoked
⚠ [CAR 8] ACT=WARN REP=0.580 RWD=0.000 PNL=3.353 CREDIT=-2
[PASSIVE-BEACON] SIMNOW:22.486 CID:7 ZONE:1 RXUAV:1 EDGEPORT:9998 TS:22.472 SPD:24.900 HDG:-0.300 PX:501.900 PY:-30.000 LAN:3 BRK:1 RX_X:0.000 RX_Y:0.000 RX_Z:0.000
[ZONE-ROUTE] CID:7 zone=1 edge_port=9998
[EDGE-RTT] CID:7 wall=1.2 ms  sim_delay=5.0 ms
>>> [UAV->CLOUD] BLK:d6ae|TX:7.0.0.11|CID:7|TS:22.472|SPD:24.9|HDG:-0.3|PX:501.9|PY:-30.0...
[ECON-CLAWBACK] CID:7 ACT=WARN prior_payoff=-30.5 extra_penalty=4.2 new_payoff=-34.8
[FORGIVENESS] CID:7 WARN #14 — streak reset, benefits revoked
⚠ [CAR 7] ACT=WARN REP=0.979 RWD=0.000 PNL=4.351 CREDIT=-2
[PASSIVE-BEACON] SIMNOW:22.604 CID:2 ZONE:1 RXUAV:1 EDGEPORT:9998 TS:22.590 SPD:24.900 HDG:-1.800 PX:485.500 PY:-30.000 LAN:3 BRK:1 RX_X:0.000 RX_Y:0.000 RX_Z:0.000
[ZONE-ROUTE] CID:2 zone=1 edge_port=9998
[EDGE-RTT] CID:2 wall=1.3 ms  sim_delay=5.0 ms
>>> [UAV->CLOUD] BLK:a0a1|TX:7.0.0.6|CID:2|TS:22.590|SPD:24.9|HDG:-1.8|PX:485.5|PY:-30.0|...
[ECON-CLAWBACK] CID:2 ACT=WARN prior_payoff=-22.4 extra_penalty=3.8 new_payoff=-26.3
[FORGIVENESS] CID:2 WARN #12 — streak reset, benefits revoked
⚠ [CAR 2] ACT=WARN REP=0.630 RWD=0.000 PNL=3.851 CREDIT=-2
[PASSIVE-BEACON] SIMNOW:22.624 CID:0 ZONE:1 RXUAV:1 EDGEPORT:9998 TS:22.610 SPD:24.800 HDG:1.800 PX:505.400 PY:-10.000 LAN:1 BRK:0 RX_X:0.000 RX_Y:0.000 RX_Z:0.000
[ZONE-ROUTE] CID:0 zone=1 edge_port=9998
[EDGE-RTT] CID:0 wall=1.1 ms  sim_delay=10.0 ms
>>> [UAV->CLOUD] BLK:4604|TX:7.0.0.4|CID:0|TS:22.610|SPD:24.8|HDG:1.8|PX:505.4|PY:-10.0|L...
[ECON-CLAWBACK] CID:0 ACT=WARN prior_payoff=-72.8 extra_penalty=6.2 new_payoff=-79.2
[FORGIVENESS] CID:0 WARN #22 — streak reset, benefits revoked
⚠ [CAR 0] ACT=WARN REP=0.223 RWD=0.000 PNL=6.351 CREDIT=-2
[PASSIVE-BEACON] SIMNOW:22.645 CID:4 ZONE:1 RXUAV:1 EDGEPORT:9998 TS:22.630 SPD:25.300 HDG:-0.800 PX:466.400 PY:-50.000 LAN:5 BRK:0 RX_X:0.000 RX_Y:0.000 RX_Z:0.000
[ZONE-ROUTE] CID:4 zone=1 edge_port=9998
[EDGE-RTT] CID:4 wall=0.9 ms  sim_delay=5.0 ms
>>> [UAV->CLOUD] BLK:71e6|TX:7.0.0.8|CID:4|TS:22.630|SPD:25.3|HDG:-0.8|PX:466.4|PY:-50.0|...
[ECON-CLAWBACK] CID:4 ACT=WARN prior_payoff=-4.1 extra_penalty=2.2 new_payoff=-6.5
[FORGIVENESS] CID:4 WARN #6 — streak reset, benefits revoked
⚠ [CAR 4] ACT=WARN REP=0.502 RWD=0.000 PNL=2.352 CREDIT=-2
[PASSIVE-BEACON] SIMNOW:22.806 CID:6 ZONE:1 RXUAV:1 EDGEPORT:9998 TS:22.792 SPD:24.900 HDG:-1.100 PX:520.600 PY:-20.000 LAN:2 BRK:0 RX_X:0.000 RX_Y:0.000 RX_Z:0.000
[ZONE-ROUTE] CID:6 zone=1 edge_port=9998
[EDGE-RTT] CID:6 wall=1.2 ms  sim_delay=5.0 ms
>>> [UAV->CLOUD] BLK:d56b|TX:7.0.0.10|CID:6|TS:22.792|SPD:24.9|HDG:-1.1|PX:520.6|PY:-20.0...
[PASSIVE-BEACON] SIMNOW:22.816 CID:9 ZONE:1 RXUAV:1 EDGEPORT:9998 TS:22.802 SPD:24.700 HDG:0.900 PX:490.400 PY:-50.000 LAN:5 BRK:0 RX_X:0.000 RX_Y:0.000 RX_Z:0.000
[ZONE-ROUTE] CID:9 zone=1 edge_port=9998
[EDGE-RTT] CID:9 wall=0.9 ms  sim_delay=5.0 ms
>>> [UAV->CLOUD] BLK:be2d|TX:7.0.0.13|CID:9|TS:22.802|SPD:24.7|HDG:0.9|PX:490.4|PY:-50.0|...
[ECON-CLAWBACK] CID:6 ACT=WARN prior_payoff=-44.5 extra_penalty=5.0 new_payoff=-49.6
[FORGIVENESS] CID:6 WARN #17 — streak reset, benefits revoked
⚠ [CAR 6] ACT=WARN REP=0.870 RWD=0.000 PNL=5.101 CREDIT=-2
[ECON-CLAWBACK] CID:9 ACT=WARN prior_payoff=-4.051 extra_penalty=2.250 new_payoff=-6.401
[FORGIVENESS] CID:9 WARN #6 — streak reset, benefits revoked
⚠ [CAR 9] ACT=WARN REP=1.000 RWD=0.000 PNL=2.350 CREDIT=-2
[PASSIVE-BEACON] SIMNOW:22.884 CID:1 ZONE:1 RXUAV:1 EDGEPORT:9998 TS:22.870 SPD:25.200 HDG:1.400 PX:501.800 PY:-20.000 LAN:2 BRK:0 RX_X:0.000 RX_Y:0.000 RX_Z:0.000
[ZONE-ROUTE] CID:1 zone=1 edge_port=9998
[EDGE-RTT] CID:1 wall=0.9 ms  sim_delay=5.0 ms
>>> [UAV->CLOUD] BLK:6c15|TX:7.0.0.5|CID:1|TS:22.870|SPD:25.2|HDG:1.4|PX:501.8|PY:-20.0|L...
[ECON-CLAWBACK] CID:1 ACT=WARN prior_payoff=-49.5 extra_penalty=5.2 new_payoff=-54.9
[FORGIVENESS] CID:1 WARN #18 — streak reset, benefits revoked
⚠ [CAR 1] ACT=WARN REP=0.556 RWD=0.000 PNL=5.352 CREDIT=-2
[PASSIVE-BEACON] SIMNOW:22.914 CID:3 ZONE:1 RXUAV:1 EDGEPORT:9998 TS:22.900 SPD:24.600 HDG:1.700 PX:483.200 PY:-40.000 LAN:4 BRK:0 RX_X:0.000 RX_Y:0.000 RX_Z:0.000
[ZONE-ROUTE] CID:3 zone=1 edge_port=9998
[EDGE-RTT] CID:3 wall=0.9 ms  sim_delay=5.0 ms
>>> [UAV->CLOUD] BLK:84f1|TX:7.0.0.7|CID:3|TS:22.900|SPD:24.6|HDG:1.7|PX:483.2|PY:-40.0|L...
[ECON-CLAWBACK] CID:3 ACT=WARN prior_payoff=-18.7 extra_penalty=3.5 new_payoff=-22.3
[FORGIVENESS] CID:3 WARN #11 — streak reset, benefits revoked
⚠ [CAR 3] ACT=WARN REP=0.548 RWD=0.000 PNL=3.599 CREDIT=-2
[PASSIVE-BEACON] SIMNOW:22.966 CID:8 ZONE:1 RXUAV:1 EDGEPORT:9998 TS:22.952 SPD:25.200 HDG:-1.900 PX:504.400 PY:-40.000 LAN:4 BRK:1 RX_X:0.000 RX_Y:0.000 RX_Z:0.000
[ZONE-ROUTE] CID:8 zone=1 edge_port=9998
[EDGE-RTT] CID:8 wall=1.0 ms  sim_delay=5.0 ms
>>> [UAV->CLOUD] BLK:3870|TX:7.0.0.12|CID:8|TS:22.952|SPD:25.2|HDG:-1.9|PX:504.4|PY:-40.0...
[ECON-CLAWBACK] CID:8 ACT=WARN prior_payoff=-18.7 extra_penalty=3.5 new_payoff=-22.3
[FORGIVENESS] CID:8 WARN #11 — streak reset, benefits revoked
⚠ [CAR 8] ACT=WARN REP=0.639 RWD=0.000 PNL=3.602 CREDIT=-2
[PASSIVE-BEACON] SIMNOW:22.986 CID:7 ZONE:1 RXUAV:1 EDGEPORT:9998 TS:22.972 SPD:25.500 HDG:-0.400 PX:514.500 PY:-30.000 LAN:3 BRK:0 RX_X:0.000 RX_Y:0.000 RX_Z:0.000
[ZONE-ROUTE] CID:7 zone=1 edge_port=9998
[EDGE-RTT] CID:7 wall=0.9 ms  sim_delay=5.0 ms
>>> [UAV->CLOUD] BLK:d6af|TX:7.0.0.11|CID:7|TS:22.972|SPD:25.5|HDG:-0.4|PX:514.5|PY:-30.0...
[ECON-CLAWBACK] CID:7 ACT=WARN prior_payoff=-34.8 extra_penalty=4.5 new_payoff=-39.4
[FORGIVENESS] CID:7 WARN #15 — streak reset, benefits revoked
⚠ [CAR 7] ACT=WARN REP=0.811 RWD=0.000 PNL=4.603 CREDIT=-2
[PASSIVE-BEACON] SIMNOW:23.104 CID:2 ZONE:1 RXUAV:1 EDGEPORT:9998 TS:23.090 SPD:25.400 HDG:-1.900 PX:498.500 PY:-30.000 LAN:3 BRK:0 RX_X:0.000 RX_Y:0.000 RX_Z:0.000
[ZONE-ROUTE] CID:2 zone=1 edge_port=9998
[EDGE-RTT] CID:2 wall=0.9 ms  sim_delay=5.0 ms
>>> [UAV->CLOUD] BLK:e418|TX:7.0.0.6|CID:2|TS:23.090|SPD:25.4|HDG:-1.9|PX:498.5|PY:-30.0|...
[ECON-CLAWBACK] CID:2 ACT=WARN prior_payoff=-26.3 extra_penalty=4.0 new_payoff=-30.4
[FORGIVENESS] CID:2 WARN #13 — streak reset, benefits revoked
⚠ [CAR 2] ACT=WARN REP=0.496 RWD=0.000 PNL=4.102 CREDIT=-2
[PASSIVE-BEACON] SIMNOW:23.123 CID:0 ZONE:1 RXUAV:1 EDGEPORT:9998 TS:23.110 SPD:25.300 HDG:-0.900 PX:518.000 PY:-10.000 LAN:1 BRK:1 RX_X:0.000 RX_Y:0.000 RX_Z:0.000
[ZONE-ROUTE] CID:0 zone=1 edge_port=9998
[EDGE-RTT] CID:0 wall=1.1 ms  sim_delay=10.0 ms
>>> [UAV->CLOUD] BLK:5429|TX:7.0.0.4|CID:0|TS:23.110|SPD:25.3|HDG:-0.9|PX:518.0|PY:-10.0|...
[ECON-CLAWBACK] CID:0 ACT=WARN prior_payoff=-79.2 extra_penalty=6.5 new_payoff=-85.8
[FORGIVENESS] CID:0 WARN #23 — streak reset, benefits revoked
⚠ [CAR 0] ACT=WARN REP=0.579 RWD=0.000 PNL=6.602 CREDIT=-2
[PASSIVE-BEACON] SIMNOW:23.144 CID:4 ZONE:1 RXUAV:1 EDGEPORT:9998 TS:23.130 SPD:25.200 HDG:-0.500 PX:479.000 PY:-50.000 LAN:5 BRK:0 RX_X:0.000 RX_Y:0.000 RX_Z:0.000
[ZONE-ROUTE] CID:4 zone=1 edge_port=9998
[EDGE-RTT] CID:4 wall=1.0 ms  sim_delay=5.0 ms
>>> [UAV->CLOUD] BLK:2724|TX:7.0.0.8|CID:4|TS:23.130|SPD:25.2|HDG:-0.5|PX:479.0|PY:-50.0|...
[ECON-CLAWBACK] CID:4 ACT=WARN prior_payoff=-6.5 extra_penalty=2.5 new_payoff=-9.1
[FORGIVENESS] CID:4 WARN #7 — streak reset, benefits revoked
⚠ [CAR 4] ACT=WARN REP=0.786 RWD=0.000 PNL=2.602 CREDIT=-2
[PASSIVE-BEACON] SIMNOW:23.306 CID:6 ZONE:1 RXUAV:1 EDGEPORT:9998 TS:23.292 SPD:25.200 HDG:1.800 PX:533.500 PY:-20.000 LAN:2 BRK:0 RX_X:0.000 RX_Y:0.000 RX_Z:0.000
[ZONE-ROUTE] CID:6 zone=1 edge_port=9998
[EDGE-RTT] CID:6 wall=1.3 ms  sim_delay=5.0 ms
>>> [UAV->CLOUD] BLK:1aed|TX:7.0.0.10|CID:6|TS:23.292|SPD:25.2|HDG:1.8|PX:533.5|PY:-20.0|...
[PASSIVE-BEACON] SIMNOW:23.316 CID:9 ZONE:1 RXUAV:1 EDGEPORT:9998 TS:23.302 SPD:25.400 HDG:-0.800 PX:502.700 PY:-50.000 LAN:5 BRK:0 RX_X:0.000 RX_Y:0.000 RX_Z:0.000
[ZONE-ROUTE] CID:9 zone=1 edge_port=9998
[EDGE-RTT] CID:9 wall=1.1 ms  sim_delay=5.0 ms
>>> [UAV->CLOUD] BLK:79bd|TX:7.0.0.13|CID:9|TS:23.302|SPD:25.4|HDG:-0.8|PX:502.7|PY:-50.0...
[ECON-CLAWBACK] CID:6 ACT=WARN prior_payoff=-49.6 extra_penalty=5.2 new_payoff=-54.9
[FORGIVENESS] CID:6 WARN #18 — streak reset, benefits revoked
⚠ [CAR 6] ACT=WARN REP=0.507 RWD=0.000 PNL=5.352 CREDIT=-2
[ECON-CLAWBACK] CID:9 ACT=WARN prior_payoff=-6.401 extra_penalty=2.500 new_payoff=-9.003
[FORGIVENESS] CID:9 WARN #7 — streak reset, benefits revoked
⚠ [CAR 9] ACT=WARN REP=0.856 RWD=0.000 PNL=2.602 CREDIT=-2
[PASSIVE-BEACON] SIMNOW:23.384 CID:1 ZONE:1 RXUAV:1 EDGEPORT:9998 TS:23.370 SPD:25.200 HDG:-0.000 PX:514.800 PY:-20.000 LAN:2 BRK:0 RX_X:0.000 RX_Y:0.000 RX_Z:0.000
[ZONE-ROUTE] CID:1 zone=1 edge_port=9998
[EDGE-RTT] CID:1 wall=1.2 ms  sim_delay=5.0 ms
>>> [UAV->CLOUD] BLK:f910|TX:7.0.0.5|CID:1|TS:23.370|SPD:25.2|HDG:-0.0|PX:514.8|PY:-20.0|...
[ECON-CLAWBACK] CID:1 ACT=WARN prior_payoff=-54.9 extra_penalty=5.5 new_payoff=-60.5
[FORGIVENESS] CID:1 WARN #19 — streak reset, benefits revoked
⚠ [CAR 1] ACT=WARN REP=0.573 RWD=0.000 PNL=5.602 CREDIT=-2
[PASSIVE-BEACON] SIMNOW:23.414 CID:3 ZONE:1 RXUAV:1 EDGEPORT:9998 TS:23.400 SPD:25.100 HDG:1.400 PX:495.600 PY:-40.000 LAN:4 BRK:0 RX_X:0.000 RX_Y:0.000 RX_Z:0.000
[ZONE-ROUTE] CID:3 zone=1 edge_port=9998
[EDGE-RTT] CID:3 wall=1.3 ms  sim_delay=5.0 ms
>>> [UAV->CLOUD] BLK:e325|TX:7.0.0.7|CID:3|TS:23.400|SPD:25.1|HDG:1.4|PX:495.6|PY:-40.0|L...
[ECON-CLAWBACK] CID:3 ACT=WARN prior_payoff=-22.3 extra_penalty=3.8 new_payoff=-26.1
[FORGIVENESS] CID:3 WARN #12 — streak reset, benefits revoked
⚠ [CAR 3] ACT=WARN REP=0.689 RWD=0.000 PNL=3.851 CREDIT=-2
[PASSIVE-BEACON] SIMNOW:23.466 CID:8 ZONE:1 RXUAV:1 EDGEPORT:9998 TS:23.452 SPD:24.900 HDG:1.100 PX:517.300 PY:-40.000 LAN:4 BRK:0 RX_X:0.000 RX_Y:0.000 RX_Z:0.000
[ZONE-ROUTE] CID:8 zone=1 edge_port=9998
[EDGE-RTT] CID:8 wall=1.2 ms  sim_delay=5.0 ms
>>> [UAV->CLOUD] BLK:8695|TX:7.0.0.12|CID:8|TS:23.452|SPD:24.9|HDG:1.1|PX:517.3|PY:-40.0|...
[ECON-CLAWBACK] CID:8 ACT=WARN prior_payoff=-22.3 extra_penalty=3.8 new_payoff=-26.2
[FORGIVENESS] CID:8 WARN #12 — streak reset, benefits revoked
⚠ [CAR 8] ACT=WARN REP=0.597 RWD=0.000 PNL=3.851 CREDIT=-2
[PASSIVE-BEACON] SIMNOW:23.486 CID:7 ZONE:1 RXUAV:1 EDGEPORT:9998 TS:23.472 SPD:25.000 HDG:-0.600 PX:527.400 PY:-30.000 LAN:3 BRK:0 RX_X:0.000 RX_Y:0.000 RX_Z:0.000
[ZONE-ROUTE] CID:7 zone=1 edge_port=9998
[EDGE-RTT] CID:7 wall=1.1 ms  sim_delay=5.0 ms
>>> [UAV->CLOUD] BLK:14f5|TX:7.0.0.11|CID:7|TS:23.472|SPD:25.0|HDG:-0.6|PX:527.4|PY:-30.0...
[ECON-CLAWBACK] CID:7 ACT=WARN prior_payoff=-39.4 extra_penalty=4.8 new_payoff=-44.3
[FORGIVENESS] CID:7 WARN #16 — streak reset, benefits revoked
⚠ [CAR 7] ACT=WARN REP=0.719 RWD=0.000 PNL=4.852 CREDIT=-2
[PASSIVE-BEACON] SIMNOW:23.604 CID:2 ZONE:1 RXUAV:1 EDGEPORT:9998 TS:23.590 SPD:25.200 HDG:0.100 PX:510.600 PY:-30.000 LAN:3 BRK:0 RX_X:0.000 RX_Y:0.000 RX_Z:0.000
[ZONE-ROUTE] CID:2 zone=1 edge_port=9998
[EDGE-RTT] CID:2 wall=1.0 ms  sim_delay=5.0 ms
>>> [UAV->CLOUD] BLK:17bc|TX:7.0.0.6|CID:2|TS:23.590|SPD:25.2|HDG:0.1|PX:510.6|PY:-30.0|L...
[ECON-CLAWBACK] CID:2 ACT=WARN prior_payoff=-30.4 extra_penalty=4.2 new_payoff=-34.7
[FORGIVENESS] CID:2 WARN #14 — streak reset, benefits revoked
⚠ [CAR 2] ACT=WARN REP=0.711 RWD=0.000 PNL=4.352 CREDIT=-2
[PASSIVE-BEACON] SIMNOW:23.624 CID:0 ZONE:1 RXUAV:1 EDGEPORT:9998 TS:23.610 SPD:25.100 HDG:-2.000 PX:531.200 PY:-10.000 LAN:1 BRK:0 RX_X:0.000 RX_Y:0.000 RX_Z:0.000
[ZONE-ROUTE] CID:0 zone=1 edge_port=9998
[EDGE-RTT] CID:0 wall=1.1 ms  sim_delay=10.0 ms
>>> [UAV->CLOUD] BLK:9813|TX:7.0.0.4|CID:0|TS:23.610|SPD:25.1|HDG:-2.0|PX:531.2|PY:-10.0|...
[ECON-CLAWBACK] CID:0 ACT=WARN prior_payoff=-85.8 extra_penalty=6.8 new_payoff=-92.6
[FORGIVENESS] CID:0 WARN #24 — streak reset, benefits revoked
⚠ [CAR 0] ACT=WARN REP=0.420 RWD=0.000 PNL=6.852 CREDIT=-2
[PASSIVE-BEACON] SIMNOW:23.645 CID:4 ZONE:1 RXUAV:1 EDGEPORT:9998 TS:23.630 SPD:24.700 HDG:0.300 PX:490.900 PY:-50.000 LAN:5 BRK:0 RX_X:0.000 RX_Y:0.000 RX_Z:0.000
[ZONE-ROUTE] CID:4 zone=1 edge_port=9998
[EDGE-RTT] CID:4 wall=1.3 ms  sim_delay=5.0 ms
>>> [UAV->CLOUD] BLK:7b39|TX:7.0.0.8|CID:4|TS:23.630|SPD:24.7|HDG:0.3|PX:490.9|PY:-50.0|L...
[ECON-CLAWBACK] CID:4 ACT=WARN prior_payoff=-9.1 extra_penalty=2.8 new_payoff=-11.9
[FORGIVENESS] CID:4 WARN #8 — streak reset, benefits revoked
⚠ [CAR 4] ACT=WARN REP=0.508 RWD=0.000 PNL=2.850 CREDIT=-2
[PASSIVE-BEACON] SIMNOW:23.806 CID:6 ZONE:1 RXUAV:1 EDGEPORT:9998 TS:23.792 SPD:24.600 HDG:-0.600 PX:544.800 PY:-20.000 LAN:2 BRK:1 RX_X:0.000 RX_Y:0.000 RX_Z:0.000
[ZONE-ROUTE] CID:6 zone=1 edge_port=9998
[EDGE-RTT] CID:6 wall=0.8 ms  sim_delay=5.0 ms
>>> [UAV->CLOUD] BLK:7e47|TX:7.0.0.10|CID:6|TS:23.792|SPD:24.6|HDG:-0.6|PX:544.8|PY:-20.0...
[PASSIVE-BEACON] SIMNOW:23.816 CID:9 ZONE:1 RXUAV:1 EDGEPORT:9998 TS:23.802 SPD:25.200 HDG:-1.200 PX:515.700 PY:-50.000 LAN:5 BRK:0 RX_X:0.000 RX_Y:0.000 RX_Z:0.000
[ZONE-ROUTE] CID:9 zone=1 edge_port=9998
[EDGE-RTT] CID:9 wall=1.2 ms  sim_delay=5.0 ms
>>> [UAV->CLOUD] BLK:8c51|TX:7.0.0.13|CID:9|TS:23.802|SPD:25.2|HDG:-1.2|PX:515.7|PY:-50.0...
[ECON-CLAWBACK] CID:6 ACT=WARN prior_payoff=-54.9 extra_penalty=5.5 new_payoff=-60.5
[FORGIVENESS] CID:6 WARN #19 — streak reset, benefits revoked
⚠ [CAR 6] ACT=WARN REP=0.578 RWD=0.000 PNL=5.599 CREDIT=-2
[ECON-CLAWBACK] CID:9 ACT=WARN prior_payoff=-9.003 extra_penalty=2.750 new_payoff=-11.855
[FORGIVENESS] CID:9 WARN #8 — streak reset, benefits revoked
⚠ [CAR 9] ACT=WARN REP=0.793 RWD=0.000 PNL=2.852 CREDIT=-2
[PASSIVE-BEACON] SIMNOW:23.884 CID:1 ZONE:1 RXUAV:1 EDGEPORT:9998 TS:23.870 SPD:24.600 HDG:1.900 PX:527.700 PY:-20.000 LAN:2 BRK:0 RX_X:0.000 RX_Y:0.000 RX_Z:0.000
[ZONE-ROUTE] CID:1 zone=1 edge_port=9998
[EDGE-RTT] CID:1 wall=1.0 ms  sim_delay=5.0 ms
>>> [UAV->CLOUD] BLK:3385|TX:7.0.0.5|CID:1|TS:23.870|SPD:24.6|HDG:1.9|PX:527.7|PY:-20.0|L...
[ECON-CLAWBACK] CID:1 ACT=WARN prior_payoff=-60.5 extra_penalty=5.8 new_payoff=-66.3
[FORGIVENESS] CID:1 WARN #20 — streak reset, benefits revoked
⚠ [CAR 1] ACT=WARN REP=0.690 RWD=0.000 PNL=5.850 CREDIT=-2
[PASSIVE-BEACON] SIMNOW:23.914 CID:3 ZONE:1 RXUAV:1 EDGEPORT:9998 TS:23.900 SPD:25.200 HDG:1.500 PX:508.500 PY:-40.000 LAN:4 BRK:0 RX_X:0.000 RX_Y:0.000 RX_Z:0.000
[ZONE-ROUTE] CID:3 zone=1 edge_port=9998
[EDGE-RTT] CID:3 wall=1.1 ms  sim_delay=5.0 ms
>>> [UAV->CLOUD] BLK:f5ee|TX:7.0.0.7|CID:3|TS:23.900|SPD:25.2|HDG:1.5|PX:508.5|PY:-40.0|L...
[ECON-CLAWBACK] CID:3 ACT=WARN prior_payoff=-26.1 extra_penalty=4.0 new_payoff=-30.2
[FORGIVENESS] CID:3 WARN #13 — streak reset, benefits revoked
⚠ [CAR 3] ACT=WARN REP=0.394 RWD=0.000 PNL=4.102 CREDIT=-2
[PASSIVE-BEACON] SIMNOW:23.966 CID:8 ZONE:1 RXUAV:1 EDGEPORT:9998 TS:23.952 SPD:25.100 HDG:1.700 PX:528.700 PY:-40.000 LAN:4 BRK:1 RX_X:0.000 RX_Y:0.000 RX_Z:0.000
[ZONE-ROUTE] CID:8 zone=1 edge_port=9998
[EDGE-RTT] CID:8 wall=1.2 ms  sim_delay=5.0 ms
>>> [UAV->CLOUD] BLK:5b7f|TX:7.0.0.12|CID:8|TS:23.952|SPD:25.1|HDG:1.7|PX:528.7|PY:-40.0|...
[ECON-CLAWBACK] CID:8 ACT=WARN prior_payoff=-26.2 extra_penalty=4.0 new_payoff=-30.3
[FORGIVENESS] CID:8 WARN #13 — streak reset, benefits revoked
⚠ [CAR 8] ACT=WARN REP=0.728 RWD=0.000 PNL=4.102 CREDIT=-2
[PASSIVE-BEACON] SIMNOW:23.986 CID:7 ZONE:1 RXUAV:1 EDGEPORT:9998 TS:23.972 SPD:25.300 HDG:-1.600 PX:540.300 PY:-30.000 LAN:3 BRK:0 RX_X:0.000 RX_Y:0.000 RX_Z:0.000
[ZONE-ROUTE] CID:7 zone=1 edge_port=9998
[EDGE-RTT] CID:7 wall=0.9 ms  sim_delay=5.0 ms
>>> [UAV->CLOUD] BLK:8a08|TX:7.0.0.11|CID:7|TS:23.972|SPD:25.3|HDG:-1.6|PX:540.3|PY:-30.0...
[ECON-CLAWBACK] CID:7 ACT=WARN prior_payoff=-44.3 extra_penalty=5.0 new_payoff=-49.4
[FORGIVENESS] CID:7 WARN #17 — streak reset, benefits revoked
⚠ [CAR 7] ACT=WARN REP=0.780 RWD=0.000 PNL=5.102 CREDIT=-2
[PASSIVE-BEACON] SIMNOW:24.104 CID:2 ZONE:1 RXUAV:1 EDGEPORT:9998 TS:24.090 SPD:24.700 HDG:-1.400 PX:522.800 PY:-30.000 LAN:3 BRK:0 RX_X:0.000 RX_Y:0.000 RX_Z:0.000
[ZONE-ROUTE] CID:2 zone=1 edge_port=9998
[EDGE-RTT] CID:2 wall=1.1 ms  sim_delay=5.0 ms
>>> [UAV->CLOUD] BLK:32d2|TX:7.0.0.6|CID:2|TS:24.090|SPD:24.7|HDG:-1.4|PX:522.8|PY:-30.0|...
[ECON-CLAWBACK] CID:2 ACT=WARN prior_payoff=-34.7 extra_penalty=4.5 new_payoff=-39.3
[FORGIVENESS] CID:2 WARN #15 — streak reset, benefits revoked
⚠ [CAR 2] ACT=WARN REP=0.592 RWD=0.000 PNL=4.600 CREDIT=-2
[PASSIVE-BEACON] SIMNOW:24.124 CID:0 ZONE:1 RXUAV:1 EDGEPORT:9998 TS:24.110 SPD:14.700 HDG:2.000 PX:539.200 PY:-10.000 LAN:1 BRK:0 RX_X:0.000 RX_Y:0.000 RX_Z:0.000
[ZONE-ROUTE] CID:0 zone=1 edge_port=9998
[EDGE-RTT] CID:0 wall=1.3 ms  sim_delay=10.0 ms
>>> [UAV->CLOUD] BLK:d7fb|TX:7.0.0.4|CID:0|TS:24.110|SPD:14.7|HDG:2.0|PX:539.2|PY:-10.0|L...
[ECON-GATE] CID:0 probation active - suppressing OK reward 1.0
✓ [CAR 0] ACT=OK REP=0.556 RWD=0.000 PNL=0.000 CREDIT=0
[PASSIVE-BEACON] SIMNOW:24.144 CID:4 ZONE:1 RXUAV:1 EDGEPORT:9998 TS:24.130 SPD:25.000 HDG:1.800 PX:504.000 PY:-50.000 LAN:5 BRK:0 RX_X:0.000 RX_Y:0.000 RX_Z:0.000
[ZONE-ROUTE] CID:4 zone=1 edge_port=9998
[EDGE-RTT] CID:4 wall=1.3 ms  sim_delay=5.0 ms
>>> [UAV->CLOUD] BLK:a5de|TX:7.0.0.8|CID:4|TS:24.130|SPD:25.0|HDG:1.8|PX:504.0|PY:-50.0|L...
[ECON-CLAWBACK] CID:4 ACT=WARN prior_payoff=-11.9 extra_penalty=3.0 new_payoff=-15.0
[FORGIVENESS] CID:4 WARN #9 — streak reset, benefits revoked
⚠ [CAR 4] ACT=WARN REP=0.606 RWD=0.000 PNL=3.101 CREDIT=-2
[ATTACK-EMIT] CID:5 activeWindow=YES falsified=YES simT=24.242 realPX=561.830 fakePX=561.830 realSPD=15.000 fakeSPD=20.000 realTS=24.242 fakeTS=24.242 lane=1
[PASSIVE-BEACON] SIMNOW:24.306 CID:6 ZONE:1 RXUAV:1 EDGEPORT:9998 TS:24.292 SPD:25.200 HDG:-0.500 PX:557.700 PY:-20.000 LAN:2 BRK:0 RX_X:0.000 RX_Y:0.000 RX_Z:0.000
[ZONE-ROUTE] CID:6 zone=1 edge_port=9998
[EDGE-RTT] CID:6 wall=1.0 ms  sim_delay=5.0 ms
>>> [UAV->CLOUD] BLK:12de|TX:7.0.0.10|CID:6|TS:24.292|SPD:25.2|HDG:-0.5|PX:557.7|PY:-20.0...
[PASSIVE-BEACON] SIMNOW:24.316 CID:9 ZONE:1 RXUAV:1 EDGEPORT:9998 TS:24.302 SPD:25.400 HDG:0.900 PX:528.000 PY:-50.000 LAN:5 BRK:0 RX_X:0.000 RX_Y:0.000 RX_Z:0.000
[ZONE-ROUTE] CID:9 zone=1 edge_port=9998
[EDGE-RTT] CID:9 wall=0.8 ms  sim_delay=5.0 ms
>>> [UAV->CLOUD] BLK:130c|TX:7.0.0.13|CID:9|TS:24.302|SPD:25.4|HDG:0.9|PX:528.0|PY:-50.0|...
[ECON-CLAWBACK] CID:6 ACT=WARN prior_payoff=-60.5 extra_penalty=5.8 new_payoff=-66.4
[FORGIVENESS] CID:6 WARN #20 — streak reset, benefits revoked
⚠ [CAR 6] ACT=WARN REP=0.481 RWD=0.000 PNL=5.852 CREDIT=-2
[ECON-CLAWBACK] CID:9 ACT=WARN prior_payoff=-11.855 extra_penalty=3.000 new_payoff=-14.957
[FORGIVENESS] CID:9 WARN #9 — streak reset, benefits revoked
⚠ [CAR 9] ACT=WARN REP=0.954 RWD=0.000 PNL=3.102 CREDIT=-2
[PASSIVE-BEACON] SIMNOW:24.384 CID:1 ZONE:1 RXUAV:1 EDGEPORT:9998 TS:24.370 SPD:25.100 HDG:-1.600 PX:540.300 PY:-20.000 LAN:2 BRK:0 RX_X:0.000 RX_Y:0.000 RX_Z:0.000
[ZONE-ROUTE] CID:1 zone=1 edge_port=9998
[EDGE-RTT] CID:1 wall=1.1 ms  sim_delay=5.0 ms
>>> [UAV->CLOUD] BLK:297a|TX:7.0.0.5|CID:1|TS:24.370|SPD:25.1|HDG:-1.6|PX:540.3|PY:-20.0|...
[ECON-CLAWBACK] CID:1 ACT=WARN prior_payoff=-66.3 extra_penalty=6.0 new_payoff=-72.4
[FORGIVENESS] CID:1 WARN #21 — streak reset, benefits revoked
⚠ [CAR 1] ACT=WARN REP=0.239 RWD=0.000 PNL=6.102 CREDIT=-2
[PASSIVE-BEACON] SIMNOW:24.414 CID:3 ZONE:1 RXUAV:1 EDGEPORT:9998 TS:24.400 SPD:25.400 HDG:1.500 PX:519.900 PY:-40.000 LAN:4 BRK:1 RX_X:0.000 RX_Y:0.000 RX_Z:0.000
[ZONE-ROUTE] CID:3 zone=1 edge_port=9998
[EDGE-RTT] CID:3 wall=1.0 ms  sim_delay=5.0 ms
>>> [UAV->CLOUD] BLK:c754|TX:7.0.0.7|CID:3|TS:24.400|SPD:25.4|HDG:1.5|PX:519.9|PY:-40.0|L...
[ECON-CLAWBACK] CID:3 ACT=WARN prior_payoff=-30.2 extra_penalty=4.2 new_payoff=-34.6
[FORGIVENESS] CID:3 WARN #14 — streak reset, benefits revoked
⚠ [CAR 3] ACT=WARN REP=0.764 RWD=0.000 PNL=4.352 CREDIT=-2
[PASSIVE-BEACON] SIMNOW:24.466 CID:8 ZONE:1 RXUAV:1 EDGEPORT:9998 TS:24.452 SPD:25.400 HDG:0.500 PX:541.700 PY:-40.000 LAN:4 BRK:0 RX_X:0.000 RX_Y:0.000 RX_Z:0.000
[ZONE-ROUTE] CID:8 zone=1 edge_port=9998
[EDGE-RTT] CID:8 wall=1.2 ms  sim_delay=5.0 ms
>>> [UAV->CLOUD] BLK:974d|TX:7.0.0.12|CID:8|TS:24.452|SPD:25.4|HDG:0.5|PX:541.7|PY:-40.0|...
[ECON-CLAWBACK] CID:8 ACT=WARN prior_payoff=-30.3 extra_penalty=4.2 new_payoff=-34.6
[FORGIVENESS] CID:8 WARN #14 — streak reset, benefits revoked
⚠ [CAR 8] ACT=WARN REP=0.488 RWD=0.000 PNL=4.352 CREDIT=-2
[PASSIVE-BEACON] SIMNOW:24.486 CID:7 ZONE:1 RXUAV:1 EDGEPORT:9998 TS:24.472 SPD:25.000 HDG:1.700 PX:553.100 PY:-30.000 LAN:3 BRK:0 RX_X:0.000 RX_Y:0.000 RX_Z:0.000
[ZONE-ROUTE] CID:7 zone=1 edge_port=9998
[EDGE-RTT] CID:7 wall=1.1 ms  sim_delay=5.0 ms
>>> [UAV->CLOUD] BLK:9a59|TX:7.0.0.11|CID:7|TS:24.472|SPD:25.0|HDG:1.7|PX:553.1|PY:-30.0|...
[ECON-CLAWBACK] CID:7 ACT=WARN prior_payoff=-49.4 extra_penalty=5.2 new_payoff=-54.7
[FORGIVENESS] CID:7 WARN #18 — streak reset, benefits revoked
⚠ [CAR 7] ACT=WARN REP=0.636 RWD=0.000 PNL=5.352 CREDIT=-2
[PASSIVE-BEACON] SIMNOW:24.602 CID:2 ZONE:1 RXUAV:1 EDGEPORT:9998 TS:24.590 SPD:24.500 HDG:0.700 PX:536.000 PY:-30.000 LAN:3 BRK:0 RX_X:0.000 RX_Y:0.000 RX_Z:0.000
[ZONE-ROUTE] CID:2 zone=1 edge_port=9998
[EDGE-RTT] CID:2 wall=0.9 ms  sim_delay=5.0 ms
>>> [UAV->CLOUD] BLK:877c|TX:7.0.0.6|CID:2|TS:24.590|SPD:24.5|HDG:0.7|PX:536.0|PY:-30.0|L...
[ECON-CLAWBACK] CID:2 ACT=WARN prior_payoff=-39.3 extra_penalty=4.8 new_payoff=-44.2
[FORGIVENESS] CID:2 WARN #16 — streak reset, benefits revoked
⚠ [CAR 2] ACT=WARN REP=0.620 RWD=0.000 PNL=4.849 CREDIT=-2
[PASSIVE-BEACON] SIMNOW:24.627 CID:0 ZONE:1 RXUAV:1 EDGEPORT:9998 TS:24.610 SPD:14.500 HDG:0.500 PX:547.400 PY:-10.000 LAN:1 BRK:0 RX_X:0.000 RX_Y:0.000 RX_Z:0.000
[ZONE-ROUTE] CID:0 zone=1 edge_port=9998
[EDGE-RTT] CID:0 wall=1.2 ms  sim_delay=10.0 ms
>>> [UAV->CLOUD] BLK:2f46|TX:7.0.0.4|CID:0|TS:24.610|SPD:14.5|HDG:0.5|PX:547.4|PY:-10.0|L...
[ECON-GATE] CID:0 probation active - suppressing OK reward 1.0
✓ [CAR 0] ACT=OK REP=0.185 RWD=0.000 PNL=0.000 CREDIT=1
[PASSIVE-BEACON] SIMNOW:24.645 CID:4 ZONE:1 RXUAV:1 EDGEPORT:9998 TS:24.630 SPD:25.000 HDG:-1.400 PX:516.600 PY:-50.000 LAN:5 BRK:0 RX_X:0.000 RX_Y:0.000 RX_Z:0.000
[ZONE-ROUTE] CID:4 zone=1 edge_port=9998
[EDGE-RTT] CID:4 wall=1.1 ms  sim_delay=5.0 ms
>>> [UAV->CLOUD] BLK:b04e|TX:7.0.0.8|CID:4|TS:24.630|SPD:25.0|HDG:-1.4|PX:516.6|PY:-50.0|...
[ECON-CLAWBACK] CID:4 ACT=WARN prior_payoff=-15.0 extra_penalty=3.2 new_payoff=-18.4
[FORGIVENESS] CID:4 WARN #10 — streak reset, benefits revoked
⚠ [CAR 4] ACT=WARN REP=0.885 RWD=0.000 PNL=3.351 CREDIT=-2
[ATTACK-EMIT] CID:5 activeWindow=YES falsified=YES simT=24.742 realPX=569.330 fakePX=569.330 realSPD=15.000 fakeSPD=20.000 realTS=24.742 fakeTS=24.742 lane=1
[PASSIVE-BEACON] SIMNOW:24.806 CID:6 ZONE:1 RXUAV:1 EDGEPORT:9998 TS:24.792 SPD:25.300 HDG:-0.400 PX:570.700 PY:-20.000 LAN:2 BRK:0 RX_X:0.000 RX_Y:0.000 RX_Z:0.000
[ZONE-ROUTE] CID:6 zone=1 edge_port=9998
[EDGE-RTT] CID:6 wall=0.7 ms  sim_delay=5.0 ms
>>> [UAV->CLOUD] BLK:ac10|TX:7.0.0.10|CID:6|TS:24.792|SPD:25.3|HDG:-0.4|PX:570.7|PY:-20.0...
[PASSIVE-BEACON] SIMNOW:24.816 CID:9 ZONE:1 RXUAV:1 EDGEPORT:9998 TS:24.802 SPD:24.800 HDG:-0.100 PX:541.100 PY:-50.000 LAN:5 BRK:0 RX_X:0.000 RX_Y:0.000 RX_Z:0.000
[ZONE-ROUTE] CID:9 zone=1 edge_port=9998
[EDGE-RTT] CID:9 wall=1.1 ms  sim_delay=5.0 ms
>>> [UAV->CLOUD] BLK:6665|TX:7.0.0.13|CID:9|TS:24.802|SPD:24.8|HDG:-0.1|PX:541.1|PY:-50.0...
[ECON-CLAWBACK] CID:6 ACT=WARN prior_payoff=-66.4 extra_penalty=6.0 new_payoff=-72.5
[FORGIVENESS] CID:6 WARN #21 — streak reset, benefits revoked
⚠ [CAR 6] ACT=WARN REP=0.592 RWD=0.000 PNL=6.102 CREDIT=-2
[ECON-CLAWBACK] CID:9 ACT=WARN prior_payoff=-14.957 extra_penalty=3.250 new_payoff=-18.308
[FORGIVENESS] CID:9 WARN #10 — streak reset, benefits revoked
⚠ [CAR 9] ACT=WARN REP=0.862 RWD=0.000 PNL=3.351 CREDIT=-2
[PASSIVE-BEACON] SIMNOW:24.884 CID:1 ZONE:1 RXUAV:1 EDGEPORT:9998 TS:24.870 SPD:24.500 HDG:-0.200 PX:553.100 PY:-20.000 LAN:2 BRK:0 RX_X:0.000 RX_Y:0.000 RX_Z:0.000
[ZONE-ROUTE] CID:1 zone=1 edge_port=9998
[EDGE-RTT] CID:1 wall=0.9 ms  sim_delay=5.0 ms
>>> [UAV->CLOUD] BLK:f3be|TX:7.0.0.5|CID:1|TS:24.870|SPD:24.5|HDG:-0.2|PX:553.1|PY:-20.0|...
[ECON-CLAWBACK] CID:1 ACT=WARN prior_payoff=-72.4 extra_penalty=6.2 new_payoff=-78.8
[FORGIVENESS] CID:1 WARN #22 — streak reset, benefits revoked
⚠ [CAR 1] ACT=WARN REP=0.513 RWD=0.000 PNL=6.349 CREDIT=-2
[PASSIVE-BEACON] SIMNOW:24.914 CID:3 ZONE:1 RXUAV:1 EDGEPORT:9998 TS:24.900 SPD:25.200 HDG:-1.400 PX:533.000 PY:-40.000 LAN:4 BRK:1 RX_X:0.000 RX_Y:0.000 RX_Z:0.000
[ZONE-ROUTE] CID:3 zone=1 edge_port=9998
[EDGE-RTT] CID:3 wall=0.8 ms  sim_delay=5.0 ms
>>> [UAV->CLOUD] BLK:6cfd|TX:7.0.0.7|CID:3|TS:24.900|SPD:25.2|HDG:-1.4|PX:533.0|PY:-40.0|...
[ECON-CLAWBACK] CID:3 ACT=WARN prior_payoff=-34.6 extra_penalty=4.5 new_payoff=-39.2
[FORGIVENESS] CID:3 WARN #15 — streak reset, benefits revoked
⚠ [CAR 3] ACT=WARN REP=0.443 RWD=0.000 PNL=4.602 CREDIT=-2
[PASSIVE-BEACON] SIMNOW:24.966 CID:8 ZONE:1 RXUAV:1 EDGEPORT:9998 TS:24.952 SPD:24.700 HDG:-1.100 PX:554.800 PY:-40.000 LAN:4 BRK:0 RX_X:0.000 RX_Y:0.000 RX_Z:0.000
[ZONE-ROUTE] CID:8 zone=1 edge_port=9998
[EDGE-RTT] CID:8 wall=0.8 ms  sim_delay=5.0 ms
>>> [UAV->CLOUD] BLK:d17b|TX:7.0.0.12|CID:8|TS:24.952|SPD:24.7|HDG:-1.1|PX:554.8|PY:-40.0...
[ATTACK-EMIT] CID:7 activeWindow=YES falsified=YES simT=24.972 realPX=564.900 fakePX=564.900 realSPD=25.000 fakeSPD=20.000 realTS=24.972 fakeTS=24.972 lane=3
[ECON-CLAWBACK] CID:8 ACT=WARN prior_payoff=-34.606 extra_penalty=4.500 new_payoff=-39.206
[FORGIVENESS] CID:8 WARN #15 — streak reset, benefits revoked
⚠ [CAR 8] ACT=WARN REP=0.493 RWD=0.000 PNL=4.600 CREDIT=-2
[PASSIVE-BEACON] SIMNOW:24.986 CID:7 ZONE:1 RXUAV:1 EDGEPORT:9998 TS:24.972 SPD:20.000 HDG:0.000 PX:564.900 PY:-30.000 LAN:3 BRK:0 RX_X:0.000 RX_Y:0.000 RX_Z:0.000
[ZONE-ROUTE] CID:7 zone=1 edge_port=9998
[EDGE-RTT] CID:7 wall=1.0 ms  sim_delay=5.0 ms
>>> [UAV->CLOUD] BLK:b987|TX:7.0.0.11|CID:7|TS:24.972|SPD:20.0|HDG:0.0|PX:564.9|PY:-30.0|...
[LATE-ATTACK] CID:0 POSITION-FLIP at t=25.0s posX=553.2m distToExit=346.8m (threshold=360.0m)
[LATE-ATTACK] CID:2 POSITION-FLIP at t=25.0s posX=545.6m distToExit=354.4m (threshold=360.0m)
[ECON-GATE] CID:7 probation active - suppressing OK reward 1.0
✓ [CAR 7] ACT=OK REP=0.525 RWD=0.000 PNL=0.000 CREDIT=0
[PASSIVE-BEACON] SIMNOW:25.104 CID:2 ZONE:1 RXUAV:1 EDGEPORT:9998 TS:25.090 SPD:25.400 HDG:0.100 PX:548.400 PY:-30.000 LAN:3 BRK:1 RX_X:0.000 RX_Y:0.000 RX_Z:0.000
[ZONE-ROUTE] CID:2 zone=1 edge_port=9998
[EDGE-RTT] CID:2 wall=1.2 ms  sim_delay=5.0 ms
>>> [UAV->CLOUD] BLK:5092|TX:7.0.0.6|CID:2|TS:25.090|SPD:25.4|HDG:0.1|PX:548.4|PY:-30.0|L...
[ECON-CLAWBACK] CID:2 ACT=WARN prior_payoff=-44.2 extra_penalty=5.0 new_payoff=-49.3
[FORGIVENESS] CID:2 WARN #17 — streak reset, benefits revoked
⚠ [CAR 2] ACT=WARN REP=0.692 RWD=0.000 PNL=5.102 CREDIT=-2
[PASSIVE-BEACON] SIMNOW:25.124 CID:0 ZONE:1 RXUAV:1 EDGEPORT:9998 TS:25.110 SPD:15.100 HDG:-1.000 PX:554.600 PY:-10.000 LAN:1 BRK:0 RX_X:0.000 RX_Y:0.000 RX_Z:0.000
[ZONE-ROUTE] CID:0 zone=1 edge_port=9998
[EDGE-RTT] CID:0 wall=0.8 ms  sim_delay=10.0 ms
>>> [UAV->CLOUD] BLK:7943|TX:7.0.0.4|CID:0|TS:25.110|SPD:15.1|HDG:-1.0|PX:554.6|PY:-10.0|...
[ECON-GATE] CID:0 probation active - suppressing OK reward 1.0
✓ [CAR 0] ACT=OK REP=0.740 RWD=0.000 PNL=0.000 CREDIT=2
[PASSIVE-BEACON] SIMNOW:25.144 CID:4 ZONE:1 RXUAV:1 EDGEPORT:9998 TS:25.130 SPD:24.900 HDG:2.000 PX:528.400 PY:-50.000 LAN:5 BRK:1 RX_X:0.000 RX_Y:0.000 RX_Z:0.000
[ZONE-ROUTE] CID:4 zone=1 edge_port=9998
[EDGE-RTT] CID:4 wall=0.9 ms  sim_delay=5.0 ms
>>> [UAV->CLOUD] BLK:db78|TX:7.0.0.8|CID:4|TS:25.130|SPD:24.9|HDG:2.0|PX:528.4|PY:-50.0|L...
[ECON-CLAWBACK] CID:4 ACT=WARN prior_payoff=-18.4 extra_penalty=3.5 new_payoff=-22.0
[FORGIVENESS] CID:4 WARN #11 — streak reset, benefits revoked
⚠ [CAR 4] ACT=WARN REP=0.821 RWD=0.000 PNL=3.601 CREDIT=-2
[ATTACK-EMIT] CID:5 activeWindow=YES falsified=YES simT=25.242 realPX=576.830 fakePX=561.548 realSPD=15.000 fakeSPD=22.000 realTS=25.242 fakeTS=24.742 lane=1
[PASSIVE-BEACON] SIMNOW:25.306 CID:6 ZONE:1 RXUAV:1 EDGEPORT:9998 TS:25.292 SPD:25.400 HDG:0.600 PX:582.900 PY:-20.000 LAN:2 BRK:0 RX_X:0.000 RX_Y:0.000 RX_Z:0.000
[ZONE-ROUTE] CID:6 zone=1 edge_port=9998
[EDGE-RTT] CID:6 wall=1.0 ms  sim_delay=5.0 ms
>>> [UAV->CLOUD] BLK:a8fd|TX:7.0.0.10|CID:6|TS:25.292|SPD:25.4|HDG:0.6|PX:582.9|PY:-20.0|...
[PASSIVE-BEACON] SIMNOW:25.316 CID:9 ZONE:1 RXUAV:1 EDGEPORT:9998 TS:25.302 SPD:24.800 HDG:-0.200 PX:553.400 PY:-50.000 LAN:5 BRK:1 RX_X:0.000 RX_Y:0.000 RX_Z:0.000
[ZONE-ROUTE] CID:9 zone=1 edge_port=9998
[EDGE-RTT] CID:9 wall=0.7 ms  sim_delay=5.0 ms
>>> [UAV->CLOUD] BLK:3c98|TX:7.0.0.13|CID:9|TS:25.302|SPD:24.8|HDG:-0.2|PX:553.4|PY:-50.0...
[ECON-CLAWBACK] CID:6 ACT=WARN prior_payoff=-72.5 extra_penalty=6.2 new_payoff=-78.8
[FORGIVENESS] CID:6 WARN #22 — streak reset, benefits revoked
⚠ [CAR 6] ACT=WARN REP=0.616 RWD=0.000 PNL=6.352 CREDIT=-2
[ECON-CLAWBACK] CID:9 ACT=WARN prior_payoff=-18.308 extra_penalty=3.500 new_payoff=-21.909
[FORGIVENESS] CID:9 WARN #11 — streak reset, benefits revoked
⚠ [CAR 9] ACT=WARN REP=0.611 RWD=0.000 PNL=3.601 CREDIT=-2
[ATTACK-EMIT] CID:1 activeWindow=YES falsified=YES simT=25.370 realPX=564.850 fakePX=564.850 realSPD=25.000 fakeSPD=20.000 realTS=25.370 fakeTS=25.370 lane=2
[PASSIVE-BEACON] SIMNOW:25.384 CID:1 ZONE:1 RXUAV:1 EDGEPORT:9998 TS:25.370 SPD:20.000 HDG:0.000 PX:564.900 PY:-20.000 LAN:2 BRK:0 RX_X:0.000 RX_Y:0.000 RX_Z:0.000
[ZONE-ROUTE] CID:1 zone=1 edge_port=9998
[EDGE-RTT] CID:1 wall=0.7 ms  sim_delay=5.0 ms
>>> [UAV->CLOUD] BLK:580e|TX:7.0.0.5|CID:1|TS:25.370|SPD:20.0|HDG:0.0|PX:564.9|PY:-20.0|L...
[ECON-GATE] CID:1 probation active - suppressing OK reward 1.0
✓ [CAR 1] ACT=OK REP=0.411 RWD=0.000 PNL=0.000 CREDIT=0
[PASSIVE-BEACON] SIMNOW:25.414 CID:3 ZONE:1 RXUAV:1 EDGEPORT:9998 TS:25.400 SPD:24.700 HDG:1.200 PX:546.200 PY:-40.000 LAN:4 BRK:0 RX_X:0.000 RX_Y:0.000 RX_Z:0.000
[ZONE-ROUTE] CID:3 zone=1 edge_port=9998
[EDGE-RTT] CID:3 wall=0.9 ms  sim_delay=5.0 ms
>>> [UAV->CLOUD] BLK:f9c2|TX:7.0.0.7|CID:3|TS:25.400|SPD:24.7|HDG:1.2|PX:546.2|PY:-40.0|L...
[ECON-CLAWBACK] CID:3 ACT=WARN prior_payoff=-39.2 extra_penalty=4.8 new_payoff=-44.0
[FORGIVENESS] CID:3 WARN #16 — streak reset, benefits revoked
⚠ [CAR 3] ACT=WARN REP=0.664 RWD=0.000 PNL=4.850 CREDIT=-2
[ATTACK-EMIT] CID:8 activeWindow=YES falsified=YES simT=25.452 realPX=566.900 fakePX=566.900 realSPD=25.000 fakeSPD=20.000 realTS=25.452 fakeTS=25.452 lane=4
[PASSIVE-BEACON] SIMNOW:25.466 CID:8 ZONE:1 RXUAV:1 EDGEPORT:9998 TS:25.452 SPD:20.000 HDG:0.000 PX:566.900 PY:-40.000 LAN:4 BRK:0 RX_X:0.000 RX_Y:0.000 RX_Z:0.000
[ZONE-ROUTE] CID:8 zone=1 edge_port=9998
[EDGE-RTT] CID:8 wall=1.1 ms  sim_delay=5.0 ms
>>> [UAV->CLOUD] BLK:7ec5|TX:7.0.0.12|CID:8|TS:25.452|SPD:20.0|HDG:0.0|PX:566.9|PY:-40.0|...
[ATTACK-EMIT] CID:7 activeWindow=YES falsified=YES simT=25.472 realPX=577.400 fakePX=577.400 realSPD=25.000 fakeSPD=20.000 realTS=25.472 fakeTS=25.472 lane=3
[ECON-GATE] CID:8 probation active - suppressing OK reward 0.985
✓ [CAR 8] ACT=OK REP=0.629 RWD=0.000 PNL=0.000 CREDIT=0
[PASSIVE-BEACON] SIMNOW:25.486 CID:7 ZONE:1 RXUAV:1 EDGEPORT:9998 TS:25.472 SPD:20.000 HDG:0.000 PX:577.400 PY:-30.000 LAN:3 BRK:0 RX_X:0.000 RX_Y:0.000 RX_Z:0.000
[ZONE-ROUTE] CID:7 zone=1 edge_port=9998
[EDGE-RTT] CID:7 wall=0.8 ms  sim_delay=5.0 ms
>>> [UAV->CLOUD] BLK:9289|TX:7.0.0.11|CID:7|TS:25.472|SPD:20.0|HDG:0.0|PX:577.4|PY:-30.0|...
[ECON-GATE] CID:7 probation active - suppressing OK reward 1.0
✓ [CAR 7] ACT=OK REP=0.813 RWD=0.000 PNL=0.000 CREDIT=1
[ATTACK-EMIT] CID:2 activeWindow=YES falsified=YES simT=25.590 realPX=560.350 fakePX=560.350 realSPD=25.000 fakeSPD=20.000 realTS=25.590 fakeTS=25.590 lane=3
[PASSIVE-BEACON] SIMNOW:25.604 CID:2 ZONE:1 RXUAV:1 EDGEPORT:9998 TS:25.590 SPD:20.000 HDG:0.000 PX:560.400 PY:-30.000 LAN:3 BRK:0 RX_X:0.000 RX_Y:0.000 RX_Z:0.000
[ZONE-ROUTE] CID:2 zone=1 edge_port=9998
[EDGE-RTT] CID:2 wall=1.2 ms  sim_delay=5.0 ms
>>> [UAV->CLOUD] BLK:2123|TX:7.0.0.6|CID:2|TS:25.590|SPD:20.0|HDG:0.0|PX:560.4|PY:-30.0|L...
[ATTACK-EMIT] CID:0 activeWindow=YES falsified=YES simT=25.610 realPX=562.350 fakePX=562.350 realSPD=15.000 fakeSPD=20.000 realTS=25.610 fakeTS=25.610 lane=1
[ECON-GATE] CID:2 probation active - suppressing OK reward 0.985
✓ [CAR 2] ACT=OK REP=0.493 RWD=0.000 PNL=0.000 CREDIT=0
[PASSIVE-BEACON] SIMNOW:25.627 CID:0 ZONE:1 RXUAV:1 EDGEPORT:9998 TS:25.610 SPD:20.000 HDG:0.000 PX:562.400 PY:-10.000 LAN:1 BRK:0 RX_X:0.000 RX_Y:0.000 RX_Z:0.000
[ZONE-ROUTE] CID:0 zone=1 edge_port=9998
[EDGE-RTT] CID:0 wall=1.0 ms  sim_delay=10.0 ms
>>> [UAV->CLOUD] BLK:d594|TX:7.0.0.4|CID:0|TS:25.610|SPD:20.0|HDG:0.0|PX:562.4|PY:-10.0|L...
[ECON-GATE] CID:0 probation active - suppressing OK reward 1.0
✓ [CAR 0] ACT=OK REP=0.281 RWD=0.000 PNL=0.000 CREDIT=3
[PASSIVE-BEACON] SIMNOW:25.645 CID:4 ZONE:1 RXUAV:1 EDGEPORT:9998 TS:25.630 SPD:24.900 HDG:-1.500 PX:541.000 PY:-50.000 LAN:5 BRK:0 RX_X:0.000 RX_Y:0.000 RX_Z:0.000
[ZONE-ROUTE] CID:4 zone=1 edge_port=9998
[EDGE-RTT] CID:4 wall=0.7 ms  sim_delay=5.0 ms
>>> [UAV->CLOUD] BLK:cd84|TX:7.0.0.8|CID:4|TS:25.630|SPD:24.9|HDG:-1.5|PX:541.0|PY:-50.0|...
[ECON-CLAWBACK] CID:4 ACT=WARN prior_payoff=-22.0 extra_penalty=3.8 new_payoff=-25.8
[FORGIVENESS] CID:4 WARN #12 — streak reset, benefits revoked
⚠ [CAR 4] ACT=WARN REP=0.773 RWD=0.000 PNL=3.851 CREDIT=-2
[ATTACK-EMIT] CID:5 activeWindow=YES falsified=YES simT=25.742 realPX=584.330 fakePX=584.330 realSPD=15.000 fakeSPD=20.000 realTS=25.742 fakeTS=25.742 lane=1
[ATTACK-EMIT] CID:9 activeWindow=YES falsified=YES simT=25.802 realPX=565.650 fakePX=565.650 realSPD=25.000 fakeSPD=20.000 realTS=25.802 fakeTS=25.802 lane=5
[PASSIVE-BEACON] SIMNOW:25.806 CID:6 ZONE:1 RXUAV:1 EDGEPORT:9998 TS:25.792 SPD:15.100 HDG:-1.100 PX:595.400 PY:-20.000 LAN:2 BRK:1 RX_X:0.000 RX_Y:0.000 RX_Z:0.000
[ZONE-ROUTE] CID:6 zone=1 edge_port=9998
[EDGE-RTT] CID:6 wall=1.0 ms  sim_delay=5.0 ms
>>> [UAV->CLOUD] BLK:4f4d|TX:7.0.0.10|CID:6|TS:25.792|SPD:15.1|HDG:-1.1|PX:595.4|PY:-20.0...
[PASSIVE-BEACON] SIMNOW:25.816 CID:9 ZONE:1 RXUAV:1 EDGEPORT:9998 TS:25.802 SPD:20.000 HDG:0.000 PX:565.700 PY:-50.000 LAN:5 BRK:0 RX_X:0.000 RX_Y:0.000 RX_Z:0.000
[ZONE-ROUTE] CID:9 zone=1 edge_port=9998
[EDGE-RTT] CID:9 wall=0.7 ms  sim_delay=5.0 ms
>>> [UAV->CLOUD] BLK:0e80|TX:7.0.0.13|CID:9|TS:25.802|SPD:20.0|HDG:0.0|PX:565.7|PY:-50.0|...
[ECON-GATE] CID:6 probation active - suppressing OK reward 1.0
✓ [CAR 6] ACT=OK REP=0.599 RWD=0.000 PNL=0.000 CREDIT=0
[ECON-GATE] CID:9 probation active - suppressing OK reward 0.985
✓ [CAR 9] ACT=OK REP=0.736 RWD=0.000 PNL=0.000 CREDIT=0
[ATTACK-EMIT] CID:1 activeWindow=YES falsified=YES simT=25.870 realPX=576.250 fakePX=576.250 realSPD=15.000 fakeSPD=20.000 realTS=25.870 fakeTS=25.870 lane=2
[PASSIVE-BEACON] SIMNOW:25.884 CID:1 ZONE:1 RXUAV:1 EDGEPORT:9998 TS:25.870 SPD:20.000 HDG:0.000 PX:576.300 PY:-20.000 LAN:2 BRK:0 RX_X:0.000 RX_Y:0.000 RX_Z:0.000
[ZONE-ROUTE] CID:1 zone=1 edge_port=9998
[EDGE-RTT] CID:1 wall=0.8 ms  sim_delay=5.0 ms
>>> [UAV->CLOUD] BLK:cc0b|TX:7.0.0.5|CID:1|TS:25.870|SPD:20.0|HDG:0.0|PX:576.3|PY:-20.0|L...
[ECON-GATE] CID:1 probation active - suppressing OK reward 1.0
✓ [CAR 1] ACT=OK REP=0.542 RWD=0.000 PNL=0.000 CREDIT=1
[PASSIVE-BEACON] SIMNOW:25.914 CID:3 ZONE:1 RXUAV:1 EDGEPORT:9998 TS:25.900 SPD:24.500 HDG:0.400 PX:558.000 PY:-40.000 LAN:4 BRK:1 RX_X:0.000 RX_Y:0.000 RX_Z:0.000
[ZONE-ROUTE] CID:3 zone=1 edge_port=9998
[EDGE-RTT] CID:3 wall=1.0 ms  sim_delay=5.0 ms
>>> [UAV->CLOUD] BLK:2c48|TX:7.0.0.7|CID:3|TS:25.900|SPD:24.5|HDG:0.4|PX:558.0|PY:-40.0|L...
[ECON-CLAWBACK] CID:3 ACT=WARN prior_payoff=-44.0 extra_penalty=5.0 new_payoff=-49.1
[FORGIVENESS] CID:3 WARN #17 — streak reset, benefits revoked
⚠ [CAR 3] ACT=WARN REP=0.253 RWD=0.000 PNL=5.099 CREDIT=-2
[ATTACK-EMIT] CID:8 activeWindow=YES falsified=YES simT=25.952 realPX=579.400 fakePX=579.400 realSPD=25.000 fakeSPD=20.000 realTS=25.952 fakeTS=25.952 lane=4
[PASSIVE-BEACON] SIMNOW:25.969 CID:8 ZONE:1 RXUAV:1 EDGEPORT:9998 TS:25.952 SPD:20.000 HDG:0.000 PX:579.400 PY:-40.000 LAN:4 BRK:0 RX_X:0.000 RX_Y:0.000 RX_Z:0.000
[ZONE-ROUTE] CID:8 zone=1 edge_port=9998
[EDGE-RTT] CID:8 wall=0.9 ms  sim_delay=5.0 ms
>>> [UAV->CLOUD] BLK:9c18|TX:7.0.0.12|CID:8|TS:25.952|SPD:20.0|HDG:0.0|PX:579.4|PY:-40.0|...
[ATTACK-EMIT] CID:7 activeWindow=YES falsified=YES simT=25.972 realPX=589.900 fakePX=565.056 realSPD=25.000 fakeSPD=20.000 realTS=25.972 fakeTS=25.472 lane=3
[ECON-GATE] CID:8 probation active - suppressing OK reward 0.994
✓ [CAR 8] ACT=OK REP=0.710 RWD=0.000 PNL=0.000 CREDIT=1
[PASSIVE-BEACON] SIMNOW:25.986 CID:7 ZONE:1 RXUAV:1 EDGEPORT:9998 TS:25.472 SPD:20.000 HDG:0.000 PX:565.100 PY:-30.000 LAN:3 BRK:0 RX_X:0.000 RX_Y:0.000 RX_Z:0.000
[ZONE-ROUTE] CID:7 zone=1 edge_port=9998
[EDGE-RTT] CID:7 wall=1.1 ms  sim_delay=5.0 ms
>>> [UAV->CLOUD] BLK:5db4|TX:7.0.0.11|CID:7|TS:25.472|SPD:20.0|HDG:0.0|PX:565.1|PY:-30.0|...
[ECON-GATE] CID:7 probation active - suppressing OK reward 0.9
✓ [CAR 7] ACT=OK REP=0.565 RWD=0.000 PNL=0.000 CREDIT=2
[ATTACK-EMIT] CID:2 activeWindow=YES falsified=YES simT=26.090 realPX=572.850 fakePX=572.850 realSPD=25.000 fakeSPD=20.000 realTS=26.090 fakeTS=26.090 lane=3
[PASSIVE-BEACON] SIMNOW:26.103 CID:2 ZONE:1 RXUAV:1 EDGEPORT:9998 TS:26.090 SPD:20.000 HDG:0.000 PX:572.900 PY:-30.000 LAN:3 BRK:0 RX_X:0.000 RX_Y:0.000 RX_Z:0.000
[ZONE-ROUTE] CID:2 zone=1 edge_port=9998
[EDGE-RTT] CID:2 wall=0.9 ms  sim_delay=5.0 ms
>>> [UAV->CLOUD] BLK:6206|TX:7.0.0.6|CID:2|TS:26.090|SPD:20.0|HDG:0.0|PX:572.9|PY:-30.0|L...
[ATTACK-EMIT] CID:0 activeWindow=YES falsified=YES simT=26.110 realPX=569.850 fakePX=569.850 realSPD=15.000 fakeSPD=20.000 realTS=26.110 fakeTS=26.110 lane=1
[ECON-GATE] CID:2 probation active - suppressing OK reward 0.994
✓ [CAR 2] ACT=OK REP=0.786 RWD=0.000 PNL=0.000 CREDIT=1
[PASSIVE-BEACON] SIMNOW:26.124 CID:0 ZONE:1 RXUAV:1 EDGEPORT:9998 TS:26.110 SPD:20.000 HDG:0.000 PX:569.900 PY:-10.000 LAN:1 BRK:0 RX_X:0.000 RX_Y:0.000 RX_Z:0.000
[ZONE-ROUTE] CID:0 zone=1 edge_port=9998
[EDGE-RTT] CID:0 wall=0.8 ms  sim_delay=10.0 ms
>>> [UAV->CLOUD] BLK:1714|TX:7.0.0.4|CID:0|TS:26.110|SPD:20.0|HDG:0.0|PX:569.9|PY:-10.0|L...
[ECON-GATE] CID:0 probation active - suppressing OK reward 1.0
✓ [CAR 0] ACT=OK REP=0.700 RWD=0.000 PNL=0.000 CREDIT=4
[PASSIVE-BEACON] SIMNOW:26.144 CID:4 ZONE:1 RXUAV:1 EDGEPORT:9998 TS:26.130 SPD:24.500 HDG:1.300 PX:553.200 PY:-50.000 LAN:5 BRK:0 RX_X:0.000 RX_Y:0.000 RX_Z:0.000
[ZONE-ROUTE] CID:4 zone=1 edge_port=9998
[EDGE-RTT] CID:4 wall=1.0 ms  sim_delay=5.0 ms
>>> [UAV->CLOUD] BLK:6425|TX:7.0.0.8|CID:4|TS:26.130|SPD:24.5|HDG:1.3|PX:553.2|PY:-50.0|L...
[ECON-CLAWBACK] CID:4 ACT=WARN prior_payoff=-25.8 extra_penalty=4.0 new_payoff=-29.9
[FORGIVENESS] CID:4 WARN #13 — streak reset, benefits revoked
⚠ [CAR 4] ACT=WARN REP=0.667 RWD=0.000 PNL=4.099 CREDIT=-2
[ATTACK-EMIT] CID:5 activeWindow=YES falsified=YES simT=26.242 realPX=591.830 fakePX=591.830 realSPD=15.000 fakeSPD=20.000 realTS=26.242 fakeTS=26.242 lane=1
[ATTACK-EMIT] CID:9 activeWindow=YES falsified=YES simT=26.302 realPX=578.150 fakePX=578.150 realSPD=25.000 fakeSPD=20.000 realTS=26.302 fakeTS=26.302 lane=5
[PASSIVE-BEACON] SIMNOW:26.304 CID:6 ZONE:2 RXUAV:2 EDGEPORT:9996 TS:26.292 SPD:15.200 HDG:-1.000 PX:602.300 PY:-20.000 LAN:2 BRK:0 RX_X:0.000 RX_Y:0.000 RX_Z:0.000
[ZONE-ROUTE] CID:6 zone=1 edge_port=9998
[EDGE-RTT] CID:6 wall=1.1 ms  sim_delay=5.0 ms
>>> [UAV->CLOUD] BLK:b039|TX:7.0.0.10|CID:6|TS:26.292|SPD:15.2|HDG:-1.0|PX:602.3|PY:-20.0...
[PASSIVE-BEACON] SIMNOW:26.316 CID:9 ZONE:1 RXUAV:1 EDGEPORT:9998 TS:26.302 SPD:20.000 HDG:0.000 PX:578.200 PY:-50.000 LAN:5 BRK:1 RX_X:0.000 RX_Y:0.000 RX_Z:0.000
[ZONE-ROUTE] CID:9 zone=1 edge_port=9998
[EDGE-RTT] CID:9 wall=0.7 ms  sim_delay=5.0 ms
>>> [UAV->CLOUD] BLK:f204|TX:7.0.0.13|CID:9|TS:26.302|SPD:20.0|HDG:0.0|PX:578.2|PY:-50.0|...
[ECON-GATE] CID:6 probation active - suppressing OK reward 1.0
✓ [CAR 6] ACT=OK REP=0.261 RWD=0.000 PNL=0.000 CREDIT=1
[ECON-GATE] CID:9 probation active - suppressing OK reward 0.994
✓ [CAR 9] ACT=OK REP=0.737 RWD=0.000 PNL=0.000 CREDIT=1
[ATTACK-EMIT] CID:1 activeWindow=YES falsified=YES simT=26.370 realPX=583.750 fakePX=565.042 realSPD=15.000 fakeSPD=20.000 realTS=26.370 fakeTS=25.870 lane=2
[PASSIVE-BEACON] SIMNOW:26.387 CID:1 ZONE:1 RXUAV:1 EDGEPORT:9998 TS:25.870 SPD:20.000 HDG:0.000 PX:565.000 PY:-20.000 LAN:2 BRK:0 RX_X:0.000 RX_Y:0.000 RX_Z:0.000
[ZONE-ROUTE] CID:1 zone=1 edge_port=9998
[EDGE-RTT] CID:1 wall=0.9 ms  sim_delay=5.0 ms
>>> [UAV->CLOUD] BLK:4584|TX:7.0.0.5|CID:1|TS:25.870|SPD:20.0|HDG:0.0|PX:565.0|PY:-20.0|L...
[ECON-GATE] CID:1 probation active - suppressing OK reward 0.9
✓ [CAR 1] ACT=OK REP=0.535 RWD=0.000 PNL=0.000 CREDIT=2
[PASSIVE-BEACON] SIMNOW:26.414 CID:3 ZONE:1 RXUAV:1 EDGEPORT:9998 TS:26.400 SPD:25.200 HDG:1.700 PX:571.300 PY:-40.000 LAN:4 BRK:0 RX_X:0.000 RX_Y:0.000 RX_Z:0.000
[ZONE-ROUTE] CID:3 zone=1 edge_port=9998
[EDGE-RTT] CID:3 wall=0.8 ms  sim_delay=5.0 ms
>>> [UAV->CLOUD] BLK:4d04|TX:7.0.0.7|CID:3|TS:26.400|SPD:25.2|HDG:1.7|PX:571.3|PY:-40.0|L...
[ECON-CLAWBACK] CID:3 ACT=WARN prior_payoff=-49.1 extra_penalty=5.2 new_payoff=-54.5
[FORGIVENESS] CID:3 WARN #18 — streak reset, benefits revoked
⚠ [CAR 3] ACT=WARN REP=0.392 RWD=0.000 PNL=5.352 CREDIT=-2
[ATTACK-EMIT] CID:8 activeWindow=YES falsified=YES simT=26.452 realPX=591.900 fakePX=566.912 realSPD=25.000 fakeSPD=20.000 realTS=26.452 fakeTS=25.952 lane=4
[PASSIVE-BEACON] SIMNOW:26.466 CID:8 ZONE:1 RXUAV:1 EDGEPORT:9998 TS:25.952 SPD:20.000 HDG:0.000 PX:566.900 PY:-40.000 LAN:4 BRK:0 RX_X:0.000 RX_Y:0.000 RX_Z:0.000
[ZONE-ROUTE] CID:8 zone=1 edge_port=9998
[EDGE-RTT] CID:8 wall=0.9 ms  sim_delay=5.0 ms
>>> [UAV->CLOUD] BLK:664c|TX:7.0.0.12|CID:8|TS:25.952|SPD:20.0|HDG:0.0|PX:566.9|PY:-40.0|...
[ATTACK-EMIT] CID:7 activeWindow=YES falsified=YES simT=26.472 realPX=602.400 fakePX=602.400 realSPD=25.000 fakeSPD=20.000 realTS=26.472 fakeTS=26.472 lane=3
[ECON-GATE] CID:8 probation active - suppressing OK reward 0.867
✓ [CAR 8] ACT=OK REP=0.581 RWD=0.000 PNL=0.000 CREDIT=2
[PASSIVE-BEACON] SIMNOW:26.486 CID:7 ZONE:2 RXUAV:2 EDGEPORT:9996 TS:26.472 SPD:20.000 HDG:0.000 PX:602.400 PY:-30.000 LAN:3 BRK:0 RX_X:0.000 RX_Y:0.000 RX_Z:0.000
[ZONE-ROUTE] CID:7 zone=1 edge_port=9998
[EDGE-RTT] CID:7 wall=1.1 ms  sim_delay=5.0 ms
>>> [UAV->CLOUD] BLK:ffa7|TX:7.0.0.11|CID:7|TS:26.472|SPD:20.0|HDG:0.0|PX:602.4|PY:-30.0|...
[ECON-GATE] CID:7 probation active - suppressing OK reward 1.0
✓ [CAR 7] ACT=OK REP=0.614 RWD=0.000 PNL=0.000 CREDIT=3
[ATTACK-EMIT] CID:2 activeWindow=YES falsified=YES simT=26.590 realPX=585.350 fakePX=560.266 realSPD=25.000 fakeSPD=20.000 realTS=26.590 fakeTS=26.090 lane=3
[PASSIVE-BEACON] SIMNOW:26.604 CID:2 ZONE:1 RXUAV:1 EDGEPORT:9998 TS:26.090 SPD:20.000 HDG:0.000 PX:560.300 PY:-30.000 LAN:3 BRK:0 RX_X:0.000 RX_Y:0.000 RX_Z:0.000
[ZONE-ROUTE] CID:2 zone=1 edge_port=9998
[EDGE-RTT] CID:2 wall=1.1 ms  sim_delay=5.0 ms
>>> [UAV->CLOUD] BLK:a11a|TX:7.0.0.6|CID:2|TS:26.090|SPD:20.0|HDG:0.0|PX:560.3|PY:-30.0|L...
[ATTACK-EMIT] CID:0 activeWindow=YES falsified=YES simT=26.610 realPX=577.350 fakePX=562.560 realSPD=15.000 fakeSPD=20.000 realTS=26.610 fakeTS=26.110 lane=1
[ECON-GATE] CID:2 probation active - suppressing OK reward 0.867
✓ [CAR 2] ACT=OK REP=0.590 RWD=0.000 PNL=0.000 CREDIT=2
[PASSIVE-BEACON] SIMNOW:26.624 CID:0 ZONE:1 RXUAV:1 EDGEPORT:9998 TS:26.110 SPD:20.000 HDG:0.000 PX:562.600 PY:-10.000 LAN:1 BRK:0 RX_X:0.000 RX_Y:0.000 RX_Z:0.000
[ZONE-ROUTE] CID:0 zone=1 edge_port=9998
[EDGE-RTT] CID:0 wall=1.0 ms  sim_delay=10.0 ms
>>> [UAV->CLOUD] BLK:bb23|TX:7.0.0.4|CID:0|TS:26.110|SPD:20.0|HDG:0.0|PX:562.6|PY:-10.0|L...
[ECON-GATE] CID:0 probation active - suppressing OK reward 0.9
✓ [CAR 0] ACT=OK REP=0.515 RWD=0.000 PNL=0.000 CREDIT=5
[PASSIVE-BEACON] SIMNOW:26.645 CID:4 ZONE:1 RXUAV:1 EDGEPORT:9998 TS:26.630 SPD:24.600 HDG:-1.600 PX:567.000 PY:-50.000 LAN:5 BRK:0 RX_X:0.000 RX_Y:0.000 RX_Z:0.000
[ZONE-ROUTE] CID:4 zone=1 edge_port=9998
[EDGE-RTT] CID:4 wall=0.9 ms  sim_delay=5.0 ms
>>> [UAV->CLOUD] BLK:c46e|TX:7.0.0.8|CID:4|TS:26.630|SPD:24.6|HDG:-1.6|PX:567.0|PY:-50.0|...
[ECON-CLAWBACK] CID:4 ACT=WARN prior_payoff=-29.9 extra_penalty=4.2 new_payoff=-34.3
[FORGIVENESS] CID:4 WARN #14 — streak reset, benefits revoked
⚠ [CAR 4] ACT=WARN REP=0.772 RWD=0.000 PNL=4.349 CREDIT=-2
[ATTACK-EMIT] CID:5 activeWindow=YES falsified=YES simT=26.742 realPX=599.330 fakePX=561.848 realSPD=15.000 fakeSPD=22.000 realTS=26.742 fakeTS=26.242 lane=1
[ATTACK-EMIT] CID:9 activeWindow=YES falsified=YES simT=26.802 realPX=590.650 fakePX=565.392 realSPD=25.000 fakeSPD=20.000 realTS=26.802 fakeTS=26.302 lane=5
[PASSIVE-BEACON] SIMNOW:26.806 CID:6 ZONE:2 RXUAV:2 EDGEPORT:9996 TS:26.792 SPD:14.600 HDG:0.100 PX:609.700 PY:-20.000 LAN:2 BRK:0 RX_X:0.000 RX_Y:0.000 RX_Z:0.000
[ZONE-ROUTE] CID:6 zone=1 edge_port=9998
[EDGE-RTT] CID:6 wall=1.0 ms  sim_delay=5.0 ms
>>> [UAV->CLOUD] BLK:8938|TX:7.0.0.10|CID:6|TS:26.792|SPD:14.6|HDG:0.1|PX:609.7|PY:-20.0|...
[PASSIVE-BEACON] SIMNOW:26.816 CID:9 ZONE:1 RXUAV:1 EDGEPORT:9998 TS:26.302 SPD:20.000 HDG:0.000 PX:565.400 PY:-50.000 LAN:5 BRK:0 RX_X:0.000 RX_Y:0.000 RX_Z:0.000
[ZONE-ROUTE] CID:9 zone=1 edge_port=9998
[EDGE-RTT] CID:9 wall=0.8 ms  sim_delay=5.0 ms
>>> [UAV->CLOUD] BLK:9fbc|TX:7.0.0.13|CID:9|TS:26.302|SPD:20.0|HDG:0.0|PX:565.4|PY:-50.0|...
[ECON-GATE] CID:6 probation active - suppressing OK reward 1.0
✓ [CAR 6] ACT=OK REP=0.728 RWD=0.000 PNL=0.000 CREDIT=2
[ECON-GATE] CID:9 probation active - suppressing OK reward 0.867
✓ [CAR 9] ACT=OK REP=0.557 RWD=0.000 PNL=0.000 CREDIT=2
[ATTACK-EMIT] CID:1 activeWindow=YES falsified=YES simT=26.870 realPX=591.250 fakePX=591.250 realSPD=15.000 fakeSPD=20.000 realTS=26.870 fakeTS=26.870 lane=2
[PASSIVE-BEACON] SIMNOW:26.884 CID:1 ZONE:1 RXUAV:1 EDGEPORT:9998 TS:26.870 SPD:20.000 HDG:0.000 PX:591.300 PY:-20.000 LAN:2 BRK:0 RX_X:0.000 RX_Y:0.000 RX_Z:0.000
[ZONE-ROUTE] CID:1 zone=1 edge_port=9998
[EDGE-RTT] CID:1 wall=1.0 ms  sim_delay=5.0 ms
>>> [UAV->CLOUD] BLK:3c88|TX:7.0.0.5|CID:1|TS:26.870|SPD:20.0|HDG:0.0|PX:591.3|PY:-20.0|L...
[ECON-GATE] CID:1 probation active - suppressing OK reward 1.0
✓ [CAR 1] ACT=OK REP=0.509 RWD=0.000 PNL=0.000 CREDIT=3
[PASSIVE-BEACON] SIMNOW:26.914 CID:3 ZONE:1 RXUAV:1 EDGEPORT:9998 TS:26.900 SPD:25.300 HDG:0.400 PX:583.600 PY:-40.000 LAN:4 BRK:1 RX_X:0.000 RX_Y:0.000 RX_Z:0.000
[ZONE-ROUTE] CID:3 zone=1 edge_port=9998
[EDGE-RTT] CID:3 wall=1.0 ms  sim_delay=5.0 ms
>>> [UAV->CLOUD] BLK:4944|TX:7.0.0.7|CID:3|TS:26.900|SPD:25.3|HDG:0.4|PX:583.6|PY:-40.0|L...
[ECON-CLAWBACK] CID:3 ACT=WARN prior_payoff=-54.5 extra_penalty=5.5 new_payoff=-60.1
[FORGIVENESS] CID:3 WARN #19 — streak reset, benefits revoked
⚠ [CAR 3] ACT=WARN REP=0.643 RWD=0.000 PNL=5.602 CREDIT=-2
[ATTACK-EMIT] CID:8 activeWindow=YES falsified=YES simT=26.952 realPX=604.400 fakePX=604.400 realSPD=25.000 fakeSPD=20.000 realTS=26.952 fakeTS=26.952 lane=4
[PASSIVE-BEACON] SIMNOW:26.966 CID:8 ZONE:2 RXUAV:2 EDGEPORT:9996 TS:26.952 SPD:20.000 HDG:0.000 PX:604.400 PY:-40.000 LAN:4 BRK:0 RX_X:0.000 RX_Y:0.000 RX_Z:0.000
[ZONE-ROUTE] CID:8 zone=1 edge_port=9998
[EDGE-RTT] CID:8 wall=0.9 ms  sim_delay=5.0 ms
>>> [UAV->CLOUD] BLK:4566|TX:7.0.0.12|CID:8|TS:26.952|SPD:20.0|HDG:0.0|PX:604.4|PY:-40.0|...
[ATTACK-EMIT] CID:7 activeWindow=YES falsified=YES simT=26.972 realPX=614.900 fakePX=614.900 realSPD=25.000 fakeSPD=20.000 realTS=26.972 fakeTS=26.972 lane=3
[ECON-GATE] CID:8 probation active - suppressing OK reward 1.000
✓ [CAR 8] ACT=OK REP=0.877 RWD=0.000 PNL=0.000 CREDIT=3
[PASSIVE-BEACON] SIMNOW:26.986 CID:7 ZONE:2 RXUAV:2 EDGEPORT:9996 TS:26.972 SPD:20.000 HDG:0.000 PX:614.900 PY:-30.000 LAN:3 BRK:1 RX_X:0.000 RX_Y:0.000 RX_Z:0.000
[ZONE-ROUTE] CID:7 zone=1 edge_port=9998
[EDGE-RTT] CID:7 wall=0.9 ms  sim_delay=5.0 ms
>>> [UAV->CLOUD] BLK:b825|TX:7.0.0.11|CID:7|TS:26.972|SPD:20.0|HDG:0.0|PX:614.9|PY:-30.0|...
[ECON-GATE] CID:7 probation active - suppressing OK reward 1.0
✓ [CAR 7] ACT=OK REP=0.423 RWD=0.000 PNL=0.000 CREDIT=4
[ATTACK-EMIT] CID:2 activeWindow=YES falsified=YES simT=27.090 realPX=597.850 fakePX=597.850 realSPD=25.000 fakeSPD=20.000 realTS=27.090 fakeTS=27.090 lane=3
[PASSIVE-BEACON] SIMNOW:27.104 CID:2 ZONE:1 RXUAV:1 EDGEPORT:9998 TS:27.090 SPD:20.000 HDG:0.000 PX:597.900 PY:-30.000 LAN:3 BRK:0 RX_X:0.000 RX_Y:0.000 RX_Z:0.000
[ZONE-ROUTE] CID:2 zone=1 edge_port=9998
[EDGE-RTT] CID:2 wall=0.8 ms  sim_delay=5.0 ms
>>> [UAV->CLOUD] BLK:6702|TX:7.0.0.6|CID:2|TS:27.090|SPD:20.0|HDG:0.0|PX:597.9|PY:-30.0|L...
[ATTACK-EMIT] CID:0 activeWindow=YES falsified=YES simT=27.110 realPX=584.850 fakePX=584.850 realSPD=15.000 fakeSPD=20.000 realTS=27.110 fakeTS=27.110 lane=1
[ECON-GATE] CID:2 probation active - suppressing OK reward 1.000
✓ [CAR 2] ACT=OK REP=0.704 RWD=0.000 PNL=0.000 CREDIT=3
[PASSIVE-BEACON] SIMNOW:27.124 CID:0 ZONE:1 RXUAV:1 EDGEPORT:9998 TS:27.110 SPD:20.000 HDG:0.000 PX:584.900 PY:-10.000 LAN:1 BRK:0 RX_X:0.000 RX_Y:0.000 RX_Z:0.000
[ZONE-ROUTE] CID:0 zone=1 edge_port=9998
[EDGE-RTT] CID:0 wall=0.9 ms  sim_delay=10.0 ms
>>> [UAV->CLOUD] BLK:7439|TX:7.0.0.4|CID:0|TS:27.110|SPD:20.0|HDG:0.0|PX:584.9|PY:-10.0|L...
[ECON-GATE] CID:0 probation active - suppressing OK reward 1.0
✓ [CAR 0] ACT=OK REP=0.531 RWD=0.000 PNL=0.000 CREDIT=6
[PASSIVE-BEACON] SIMNOW:27.144 CID:4 ZONE:1 RXUAV:1 EDGEPORT:9998 TS:27.130 SPD:25.100 HDG:-1.400 PX:578.800 PY:-50.000 LAN:5 BRK:0 RX_X:0.000 RX_Y:0.000 RX_Z:0.000
[ZONE-ROUTE] CID:4 zone=1 edge_port=9998
[EDGE-RTT] CID:4 wall=0.8 ms  sim_delay=5.0 ms
>>> [UAV->CLOUD] BLK:48b2|TX:7.0.0.8|CID:4|TS:27.130|SPD:25.1|HDG:-1.4|PX:578.8|PY:-50.0|...
[ECON-CLAWBACK] CID:4 ACT=WARN prior_payoff=-34.3 extra_penalty=4.5 new_payoff=-38.9
[FORGIVENESS] CID:4 WARN #15 — streak reset, benefits revoked
⚠ [CAR 4] ACT=WARN REP=0.451 RWD=0.000 PNL=4.601 CREDIT=-2
[ATTACK-EMIT] CID:5 activeWindow=YES falsified=YES simT=27.242 realPX=606.830 fakePX=606.830 realSPD=15.000 fakeSPD=20.000 realTS=27.242 fakeTS=27.242 lane=1
[ATTACK-EMIT] CID:9 activeWindow=YES falsified=YES simT=27.302 realPX=603.150 fakePX=603.150 realSPD=25.000 fakeSPD=20.000 realTS=27.302 fakeTS=27.302 lane=5
[PASSIVE-BEACON] SIMNOW:27.306 CID:6 ZONE:2 RXUAV:2 EDGEPORT:9996 TS:27.292 SPD:15.400 HDG:0.700 PX:618.200 PY:-20.000 LAN:2 BRK:0 RX_X:0.000 RX_Y:0.000 RX_Z:0.000
[ZONE-ROUTE] CID:6 zone=1 edge_port=9998
[EDGE-RTT] CID:6 wall=0.8 ms  sim_delay=5.0 ms
>>> [UAV->CLOUD] BLK:4ea8|TX:7.0.0.10|CID:6|TS:27.292|SPD:15.4|HDG:0.7|PX:618.2|PY:-20.0|...
[PASSIVE-BEACON] SIMNOW:27.316 CID:9 ZONE:2 RXUAV:2 EDGEPORT:9996 TS:27.302 SPD:20.000 HDG:0.000 PX:603.200 PY:-50.000 LAN:5 BRK:0 RX_X:0.000 RX_Y:0.000 RX_Z:0.000
[ZONE-ROUTE] CID:9 zone=1 edge_port=9998
[EDGE-RTT] CID:9 wall=0.6 ms  sim_delay=5.0 ms
>>> [UAV->CLOUD] BLK:b970|TX:7.0.0.13|CID:9|TS:27.302|SPD:20.0|HDG:0.0|PX:603.2|PY:-50.0|...
[ECON-GATE] CID:6 probation active - suppressing OK reward 1.0
✓ [CAR 6] ACT=OK REP=0.328 RWD=0.000 PNL=0.000 CREDIT=3
[ECON-GATE] CID:9 probation active - suppressing OK reward 1.000
✓ [CAR 9] ACT=OK REP=0.672 RWD=0.000 PNL=0.000 CREDIT=3
[ATTACK-EMIT] CID:1 activeWindow=YES falsified=YES simT=27.370 realPX=598.750 fakePX=598.750 realSPD=15.000 fakeSPD=20.000 realTS=27.370 fakeTS=27.370 lane=2
[PASSIVE-BEACON] SIMNOW:27.384 CID:1 ZONE:1 RXUAV:1 EDGEPORT:9998 TS:27.370 SPD:20.000 HDG:0.000 PX:598.800 PY:-20.000 LAN:2 BRK:0 RX_X:0.000 RX_Y:0.000 RX_Z:0.000
[ZONE-ROUTE] CID:1 zone=1 edge_port=9998
[EDGE-RTT] CID:1 wall=0.8 ms  sim_delay=5.0 ms
>>> [UAV->CLOUD] BLK:3f19|TX:7.0.0.5|CID:1|TS:27.370|SPD:20.0|HDG:0.0|PX:598.8|PY:-20.0|L...
[ECON-GATE] CID:1 probation active - suppressing OK reward 1.0
✓ [CAR 1] ACT=OK REP=0.823 RWD=0.000 PNL=0.000 CREDIT=4
[PASSIVE-BEACON] SIMNOW:27.414 CID:3 ZONE:1 RXUAV:1 EDGEPORT:9998 TS:27.400 SPD:25.200 HDG:1.300 PX:595.600 PY:-40.000 LAN:4 BRK:0 RX_X:0.000 RX_Y:0.000 RX_Z:0.000
[ZONE-ROUTE] CID:3 zone=1 edge_port=9998
[EDGE-RTT] CID:3 wall=1.0 ms  sim_delay=5.0 ms
>>> [UAV->CLOUD] BLK:cf87|TX:7.0.0.7|CID:3|TS:27.400|SPD:25.2|HDG:1.3|PX:595.6|PY:-40.0|L...
[ECON-CLAWBACK] CID:3 ACT=WARN prior_payoff=-60.1 extra_penalty=5.8 new_payoff=-65.9
[FORGIVENESS] CID:3 WARN #20 — streak reset, benefits revoked
⚠ [CAR 3] ACT=WARN REP=0.517 RWD=0.000 PNL=5.852 CREDIT=-2
[ATTACK-EMIT] CID:8 activeWindow=YES falsified=YES simT=27.452 realPX=616.900 fakePX=616.900 realSPD=25.000 fakeSPD=20.000 realTS=27.452 fakeTS=27.452 lane=4
[PASSIVE-BEACON] SIMNOW:27.469 CID:8 ZONE:2 RXUAV:2 EDGEPORT:9996 TS:27.452 SPD:20.000 HDG:0.000 PX:616.900 PY:-40.000 LAN:4 BRK:0 RX_X:0.000 RX_Y:0.000 RX_Z:0.000
[ZONE-ROUTE] CID:8 zone=1 edge_port=9998
[EDGE-RTT] CID:8 wall=0.9 ms  sim_delay=5.0 ms
>>> [UAV->CLOUD] BLK:a144|TX:7.0.0.12|CID:8|TS:27.452|SPD:20.0|HDG:0.0|PX:616.9|PY:-40.0|...
[ATTACK-EMIT] CID:7 activeWindow=YES falsified=YES simT=27.472 realPX=627.400 fakePX=564.654 realSPD=25.000 fakeSPD=20.000 realTS=27.472 fakeTS=26.972 lane=3
[ECON-GATE] CID:8 probation active - suppressing OK reward 1.000
✓ [CAR 8] ACT=OK REP=0.671 RWD=0.000 PNL=0.000 CREDIT=4
[PASSIVE-BEACON] SIMNOW:27.486 CID:7 ZONE:1 RXUAV:1 EDGEPORT:9998 TS:26.972 SPD:20.000 HDG:0.000 PX:564.700 PY:-30.000 LAN:3 BRK:0 RX_X:0.000 RX_Y:0.000 RX_Z:0.000
[ZONE-ROUTE] CID:7 zone=1 edge_port=9998
[EDGE-RTT] CID:7 wall=1.1 ms  sim_delay=5.0 ms
>>> [UAV->CLOUD] BLK:bdc3|TX:7.0.0.11|CID:7|TS:26.972|SPD:20.0|HDG:0.0|PX:564.7|PY:-30.0|...
[ECON-CLAWBACK] CID:7 ACT=WARN prior_payoff=-54.7 extra_penalty=5.5 new_payoff=-60.3
[FORGIVENESS] CID:7 WARN #19 — streak reset, benefits revoked
⚠ [CAR 7] ACT=WARN REP=1.000 RWD=0.000 PNL=5.581 CREDIT=3
[ATTACK-EMIT] CID:2 activeWindow=YES falsified=YES simT=27.590 realPX=610.350 fakePX=610.350 realSPD=25.000 fakeSPD=20.000 realTS=27.590 fakeTS=27.590 lane=3
[PASSIVE-BEACON] SIMNOW:27.603 CID:2 ZONE:2 RXUAV:2 EDGEPORT:9996 TS:27.590 SPD:20.000 HDG:0.000 PX:610.400 PY:-30.000 LAN:3 BRK:0 RX_X:0.000 RX_Y:0.000 RX_Z:0.000
[ZONE-ROUTE] CID:2 zone=1 edge_port=9998
[EDGE-RTT] CID:2 wall=1.0 ms  sim_delay=5.0 ms
>>> [UAV->CLOUD] BLK:ef17|TX:7.0.0.6|CID:2|TS:27.590|SPD:20.0|HDG:0.0|PX:610.4|PY:-30.0|L...
[ATTACK-EMIT] CID:0 activeWindow=YES falsified=YES simT=27.610 realPX=592.350 fakePX=592.350 realSPD=15.000 fakeSPD=20.000 realTS=27.610 fakeTS=27.610 lane=1
[ECON-GATE] CID:2 probation active - suppressing OK reward 1.000
✓ [CAR 2] ACT=OK REP=0.989 RWD=0.000 PNL=0.000 CREDIT=4
[PASSIVE-BEACON] SIMNOW:27.624 CID:0 ZONE:1 RXUAV:1 EDGEPORT:9998 TS:27.610 SPD:20.000 HDG:0.000 PX:592.400 PY:-10.000 LAN:1 BRK:1 RX_X:0.000 RX_Y:0.000 RX_Z:0.000
[ZONE-ROUTE] CID:0 zone=1 edge_port=9998
[EDGE-RTT] CID:0 wall=0.9 ms  sim_delay=10.0 ms
>>> [UAV->CLOUD] BLK:8dfc|TX:7.0.0.4|CID:0|TS:27.610|SPD:20.0|HDG:0.0|PX:592.4|PY:-10.0|L...
[ECON-GATE] CID:0 probation active - suppressing OK reward 1.0
✓ [CAR 0] ACT=OK REP=0.568 RWD=0.000 PNL=0.000 CREDIT=7
[PASSIVE-BEACON] SIMNOW:27.645 CID:4 ZONE:1 RXUAV:1 EDGEPORT:9998 TS:27.630 SPD:25.000 HDG:-1.200 PX:591.600 PY:-50.000 LAN:5 BRK:0 RX_X:0.000 RX_Y:0.000 RX_Z:0.000
[ZONE-ROUTE] CID:4 zone=1 edge_port=9998
[EDGE-RTT] CID:4 wall=0.8 ms  sim_delay=5.0 ms
>>> [UAV->CLOUD] BLK:d6e6|TX:7.0.0.8|CID:4|TS:27.630|SPD:25.0|HDG:-1.2|PX:591.6|PY:-50.0|...
[ECON-CLAWBACK] CID:4 ACT=WARN prior_payoff=-38.9 extra_penalty=4.8 new_payoff=-43.7
[FORGIVENESS] CID:4 WARN #16 — streak reset, benefits revoked
⚠ [CAR 4] ACT=WARN REP=0.862 RWD=0.000 PNL=4.851 CREDIT=-2
[ATTACK-EMIT] CID:5 activeWindow=YES falsified=YES simT=27.742 realPX=614.330 fakePX=614.330 realSPD=15.000 fakeSPD=20.000 realTS=27.742 fakeTS=27.742 lane=1
[ATTACK-EMIT] CID:9 activeWindow=YES falsified=YES simT=27.802 realPX=615.650 fakePX=615.650 realSPD=25.000 fakeSPD=20.000 realTS=27.802 fakeTS=27.802 lane=5
[PASSIVE-BEACON] SIMNOW:27.805 CID:6 ZONE:2 RXUAV:2 EDGEPORT:9996 TS:27.792 SPD:15.200 HDG:-1.900 PX:625.800 PY:-20.000 LAN:2 BRK:0 RX_X:0.000 RX_Y:0.000 RX_Z:0.000
[ZONE-ROUTE] CID:6 zone=1 edge_port=9998
[EDGE-RTT] CID:6 wall=1.0 ms  sim_delay=5.0 ms
>>> [UAV->CLOUD] BLK:3aa8|TX:7.0.0.10|CID:6|TS:27.792|SPD:15.2|HDG:-1.9|PX:625.8|PY:-20.0...
[PASSIVE-BEACON] SIMNOW:27.816 CID:9 ZONE:2 RXUAV:2 EDGEPORT:9996 TS:27.802 SPD:20.000 HDG:0.000 PX:615.700 PY:-50.000 LAN:5 BRK:0 RX_X:0.000 RX_Y:0.000 RX_Z:0.000
[ZONE-ROUTE] CID:9 zone=1 edge_port=9998
[EDGE-RTT] CID:9 wall=0.9 ms  sim_delay=5.0 ms
>>> [UAV->CLOUD] BLK:0207|TX:7.0.0.13|CID:9|TS:27.802|SPD:20.0|HDG:0.0|PX:615.7|PY:-50.0|...
[ECON-GATE] CID:6 probation active - suppressing OK reward 1.0
✓ [CAR 6] ACT=OK REP=0.648 RWD=0.000 PNL=0.000 CREDIT=4
[ECON-GATE] CID:9 probation active - suppressing OK reward 1.000
✓ [CAR 9] ACT=OK REP=0.725 RWD=0.000 PNL=0.000 CREDIT=4
[ATTACK-EMIT] CID:1 activeWindow=YES falsified=YES simT=27.870 realPX=606.250 fakePX=564.838 realSPD=15.000 fakeSPD=20.000 realTS=27.870 fakeTS=27.370 lane=2
[PASSIVE-BEACON] SIMNOW:27.887 CID:1 ZONE:1 RXUAV:1 EDGEPORT:9998 TS:27.370 SPD:20.000 HDG:0.000 PX:564.800 PY:-20.000 LAN:2 BRK:0 RX_X:0.000 RX_Y:0.000 RX_Z:0.000
[ZONE-ROUTE] CID:1 zone=1 edge_port=9998
[EDGE-RTT] CID:1 wall=1.0 ms  sim_delay=5.0 ms
>>> [UAV->CLOUD] BLK:f0fa|TX:7.0.0.5|CID:1|TS:27.370|SPD:20.0|HDG:0.0|PX:564.8|PY:-20.0|L...
[ECON-CLAWBACK] CID:1 ACT=WARN prior_payoff=-78.8 extra_penalty=6.5 new_payoff=-85.3
[FORGIVENESS] CID:1 WARN #23 — streak reset, benefits revoked
⚠ [CAR 1] ACT=WARN REP=0.713 RWD=0.000 PNL=6.581 CREDIT=3
[PASSIVE-BEACON] SIMNOW:27.914 CID:3 ZONE:2 RXUAV:2 EDGEPORT:9996 TS:27.900 SPD:25.100 HDG:1.800 PX:608.400 PY:-40.000 LAN:4 BRK:0 RX_X:0.000 RX_Y:0.000 RX_Z:0.000
[ZONE-ROUTE] CID:3 zone=1 edge_port=9998
[EDGE-RTT] CID:3 wall=0.9 ms  sim_delay=5.0 ms
>>> [UAV->CLOUD] BLK:3523|TX:7.0.0.7|CID:3|TS:27.900|SPD:25.1|HDG:1.8|PX:608.4|PY:-40.0|L...
[ECON-CLAWBACK] CID:3 ACT=WARN prior_payoff=-65.9 extra_penalty=6.0 new_payoff=-72.0
[FORGIVENESS] CID:3 WARN #21 — streak reset, benefits revoked
⚠ [CAR 3] ACT=WARN REP=0.560 RWD=0.000 PNL=6.102 CREDIT=-2
[ATTACK-EMIT] CID:8 activeWindow=YES falsified=YES simT=27.952 realPX=629.400 fakePX=567.194 realSPD=25.000 fakeSPD=20.000 realTS=27.952 fakeTS=27.452 lane=4
[PASSIVE-BEACON] SIMNOW:27.966 CID:8 ZONE:1 RXUAV:1 EDGEPORT:9998 TS:27.452 SPD:20.000 HDG:0.000 PX:567.200 PY:-40.000 LAN:4 BRK:1 RX_X:0.000 RX_Y:0.000 RX_Z:0.000
[ZONE-ROUTE] CID:8 zone=1 edge_port=9998
[EDGE-RTT] CID:8 wall=1.1 ms  sim_delay=5.0 ms
>>> [UAV->CLOUD] BLK:b887|TX:7.0.0.12|CID:8|TS:27.452|SPD:20.0|HDG:0.0|PX:567.2|PY:-40.0|...
[ATTACK-EMIT] CID:7 activeWindow=YES falsified=YES simT=27.972 realPX=637.780 fakePX=637.780 realSPD=15.000 fakeSPD=20.000 realTS=27.972 fakeTS=27.972 lane=3
[ECON-CLAWBACK] CID:8 ACT=WARN prior_payoff=-39.206 extra_penalty=4.750 new_payoff=-44.042
[FORGIVENESS] CID:8 WARN #16 — streak reset, benefits revoked
⚠ [CAR 8] ACT=WARN REP=0.849 RWD=0.000 PNL=4.836 CREDIT=3
[PASSIVE-BEACON] SIMNOW:27.984 CID:7 ZONE:2 RXUAV:2 EDGEPORT:9996 TS:27.972 SPD:20.000 HDG:0.000 PX:637.800 PY:-30.000 LAN:3 BRK:0 RX_X:0.000 RX_Y:0.000 RX_Z:0.000
[ZONE-ROUTE] CID:7 zone=1 edge_port=9998
[EDGE-RTT] CID:7 wall=0.9 ms  sim_delay=5.0 ms
>>> [UAV->CLOUD] BLK:edea|TX:7.0.0.11|CID:7|TS:27.972|SPD:20.0|HDG:0.0|PX:637.8|PY:-30.0|...
[ECON-GATE] CID:7 probation active - suppressing OK reward 1.0
✓ [CAR 7] ACT=OK REP=0.654 RWD=0.000 PNL=0.000 CREDIT=0
[ATTACK-EMIT] CID:2 activeWindow=YES falsified=YES simT=28.090 realPX=619.550 fakePX=560.524 realSPD=15.000 fakeSPD=20.000 realTS=28.090 fakeTS=27.590 lane=3
[PASSIVE-BEACON] SIMNOW:28.104 CID:2 ZONE:1 RXUAV:1 EDGEPORT:9998 TS:27.590 SPD:20.000 HDG:0.000 PX:560.500 PY:-30.000 LAN:3 BRK:0 RX_X:0.000 RX_Y:0.000 RX_Z:0.000
[ZONE-ROUTE] CID:2 zone=1 edge_port=9998
[EDGE-RTT] CID:2 wall=0.9 ms  sim_delay=5.0 ms
>>> [UAV->CLOUD] BLK:1987|TX:7.0.0.6|CID:2|TS:27.590|SPD:20.0|HDG:0.0|PX:560.5|PY:-30.0|L...
[ATTACK-EMIT] CID:0 activeWindow=YES falsified=YES simT=28.110 realPX=599.850 fakePX=562.524 realSPD=15.000 fakeSPD=20.000 realTS=28.110 fakeTS=27.610 lane=1
[ECON-CLAWBACK] CID:2 ACT=WARN prior_payoff=-49.280 extra_penalty=5.250 new_payoff=-54.616
[FORGIVENESS] CID:2 WARN #18 — streak reset, benefits revoked
⚠ [CAR 2] ACT=WARN REP=0.340 RWD=0.000 PNL=5.336 CREDIT=3
[PASSIVE-BEACON] SIMNOW:28.124 CID:0 ZONE:1 RXUAV:1 EDGEPORT:9998 TS:27.610 SPD:20.000 HDG:0.000 PX:562.500 PY:-10.000 LAN:1 BRK:0 RX_X:0.000 RX_Y:0.000 RX_Z:0.000
[ZONE-ROUTE] CID:0 zone=1 edge_port=9998
[EDGE-RTT] CID:0 wall=1.0 ms  sim_delay=10.0 ms
>>> [UAV->CLOUD] BLK:674a|TX:7.0.0.4|CID:0|TS:27.610|SPD:20.0|HDG:0.0|PX:562.5|PY:-10.0|L...
[ECON-CLAWBACK] CID:0 ACT=WARN prior_payoff=-92.6 extra_penalty=7.0 new_payoff=-99.7
[FORGIVENESS] CID:0 WARN #25 — streak reset, benefits revoked
⚠ [CAR 0] ACT=WARN REP=0.761 RWD=0.000 PNL=7.090 CREDIT=6
[PASSIVE-BEACON] SIMNOW:28.144 CID:4 ZONE:2 RXUAV:2 EDGEPORT:9996 TS:28.130 SPD:25.100 HDG:-0.600 PX:603.200 PY:-50.000 LAN:5 BRK:0 RX_X:0.000 RX_Y:0.000 RX_Z:0.000
[ZONE-ROUTE] CID:4 zone=1 edge_port=9998
[EDGE-RTT] CID:4 wall=0.9 ms  sim_delay=5.0 ms
>>> [UAV->CLOUD] BLK:7821|TX:7.0.0.8|CID:4|TS:28.130|SPD:25.1|HDG:-0.6|PX:603.2|PY:-50.0|...
[ECON-CLAWBACK] CID:4 ACT=WARN prior_payoff=-43.7 extra_penalty=5.0 new_payoff=-48.8
[FORGIVENESS] CID:4 WARN #17 — streak reset, benefits revoked
⚠ [CAR 4] ACT=WARN REP=0.831 RWD=0.000 PNL=5.101 CREDIT=-2
[ATTACK-EMIT] CID:5 activeWindow=YES falsified=YES simT=28.242 realPX=621.830 fakePX=562.058 realSPD=15.000 fakeSPD=22.000 realTS=28.242 fakeTS=27.742 lane=1
[ATTACK-EMIT] CID:9 activeWindow=YES falsified=YES simT=28.302 realPX=628.150 fakePX=565.716 realSPD=25.000 fakeSPD=20.000 realTS=28.302 fakeTS=27.802 lane=5
[PASSIVE-BEACON] SIMNOW:28.306 CID:6 ZONE:2 RXUAV:2 EDGEPORT:9996 TS:28.292 SPD:15.000 HDG:-0.700 PX:633.200 PY:-20.000 LAN:2 BRK:0 RX_X:0.000 RX_Y:0.000 RX_Z:0.000
[ZONE-ROUTE] CID:6 zone=1 edge_port=9998
[EDGE-RTT] CID:6 wall=1.1 ms  sim_delay=5.0 ms
>>> [UAV->CLOUD] BLK:be62|TX:7.0.0.10|CID:6|TS:28.292|SPD:15.0|HDG:-0.7|PX:633.2|PY:-20.0...
[PASSIVE-BEACON] SIMNOW:28.316 CID:9 ZONE:1 RXUAV:1 EDGEPORT:9998 TS:27.802 SPD:20.000 HDG:0.000 PX:565.700 PY:-50.000 LAN:5 BRK:0 RX_X:0.000 RX_Y:0.000 RX_Z:0.000
[ZONE-ROUTE] CID:9 zone=1 edge_port=9998
[EDGE-RTT] CID:9 wall=0.9 ms  sim_delay=5.0 ms
>>> [UAV->CLOUD] BLK:47a7|TX:7.0.0.13|CID:9|TS:27.802|SPD:20.0|HDG:0.0|PX:565.7|PY:-50.0|...
[ECON-GATE] CID:6 probation active - suppressing OK reward 1.0
✓ [CAR 6] ACT=OK REP=0.665 RWD=0.000 PNL=0.000 CREDIT=5
[ECON-CLAWBACK] CID:9 ACT=WARN prior_payoff=-21.909 extra_penalty=3.750 new_payoff=-25.802
[FORGIVENESS] CID:9 WARN #12 — streak reset, benefits revoked
⚠ [CAR 9] ACT=WARN REP=0.612 RWD=0.000 PNL=3.893 CREDIT=3
[ATTACK-EMIT] CID:1 activeWindow=YES falsified=YES simT=28.370 realPX=613.750 fakePX=613.750 realSPD=15.000 fakeSPD=20.000 realTS=28.370 fakeTS=28.370 lane=2
[PKT-DROP] UAV dropped telemetry from 7.0.0.5 (drop_rate=1%)
[PASSIVE-BEACON] SIMNOW:28.417 CID:3 ZONE:2 RXUAV:2 EDGEPORT:9996 TS:28.400 SPD:24.600 HDG:-1.000 PX:621.300 PY:-40.000 LAN:4 BRK:0 RX_X:0.000 RX_Y:0.000 RX_Z:0.000
[ZONE-ROUTE] CID:3 zone=1 edge_port=9998
[EDGE-RTT] CID:3 wall=0.8 ms  sim_delay=5.0 ms
>>> [UAV->CLOUD] BLK:30a8|TX:7.0.0.7|CID:3|TS:28.400|SPD:24.6|HDG:-1.0|PX:621.3|PY:-40.0|...
[ECON-CLAWBACK] CID:3 ACT=WARN prior_payoff=-72.0 extra_penalty=6.2 new_payoff=-78.4
[FORGIVENESS] CID:3 WARN #22 — streak reset, benefits revoked
⚠ [CAR 3] ACT=WARN REP=0.567 RWD=0.000 PNL=6.350 CREDIT=-2
[ATTACK-EMIT] CID:8 activeWindow=YES falsified=YES simT=28.452 realPX=641.900 fakePX=641.900 realSPD=25.000 fakeSPD=20.000 realTS=28.452 fakeTS=28.452 lane=4
[PASSIVE-BEACON] SIMNOW:28.469 CID:8 ZONE:2 RXUAV:2 EDGEPORT:9996 TS:28.452 SPD:20.000 HDG:0.000 PX:641.900 PY:-40.000 LAN:4 BRK:1 RX_X:0.000 RX_Y:0.000 RX_Z:0.000
[ZONE-ROUTE] CID:8 zone=1 edge_port=9998
[EDGE-RTT] CID:8 wall=0.7 ms  sim_delay=5.0 ms
>>> [UAV->CLOUD] BLK:2a3b|TX:7.0.0.12|CID:8|TS:28.452|SPD:20.0|HDG:0.0|PX:641.9|PY:-40.0|...
[ATTACK-EMIT] CID:7 activeWindow=YES falsified=YES simT=28.472 realPX=645.280 fakePX=645.280 realSPD=15.000 fakeSPD=20.000 realTS=28.472 fakeTS=28.472 lane=3
[ECON-GATE] CID:8 probation active - suppressing OK reward 0.960
✓ [CAR 8] ACT=OK REP=0.679 RWD=0.000 PNL=0.000 CREDIT=0
[PASSIVE-BEACON] SIMNOW:28.486 CID:7 ZONE:2 RXUAV:2 EDGEPORT:9996 TS:28.472 SPD:20.000 HDG:0.000 PX:645.300 PY:-30.000 LAN:3 BRK:0 RX_X:0.000 RX_Y:0.000 RX_Z:0.000
[ZONE-ROUTE] CID:7 zone=1 edge_port=9998
[EDGE-RTT] CID:7 wall=0.9 ms  sim_delay=5.0 ms
>>> [UAV->CLOUD] BLK:4d97|TX:7.0.0.11|CID:7|TS:28.472|SPD:20.0|HDG:0.0|PX:645.3|PY:-30.0|...
[ECON-GATE] CID:7 probation active - suppressing OK reward 0.9
✓ [CAR 7] ACT=OK REP=0.628 RWD=0.000 PNL=0.000 CREDIT=1
[ATTACK-EMIT] CID:2 activeWindow=YES falsified=YES simT=28.590 realPX=627.050 fakePX=627.050 realSPD=15.000 fakeSPD=20.000 realTS=28.590 fakeTS=28.590 lane=3
[PASSIVE-BEACON] SIMNOW:28.604 CID:2 ZONE:2 RXUAV:2 EDGEPORT:9996 TS:28.590 SPD:20.000 HDG:0.000 PX:627.100 PY:-30.000 LAN:3 BRK:1 RX_X:0.000 RX_Y:0.000 RX_Z:0.000
[ZONE-ROUTE] CID:2 zone=1 edge_port=9998
[EDGE-RTT] CID:2 wall=1.1 ms  sim_delay=5.0 ms
>>> [UAV->CLOUD] BLK:2f02|TX:7.0.0.6|CID:2|TS:28.590|SPD:20.0|HDG:0.0|PX:627.1|PY:-30.0|L...
[ATTACK-EMIT] CID:0 activeWindow=YES falsified=YES simT=28.610 realPX=607.350 fakePX=607.350 realSPD=15.000 fakeSPD=20.000 realTS=28.610 fakeTS=28.610 lane=1
[ECON-CLAWBACK] CID:2 ACT=WARN prior_payoff=-54.616 extra_penalty=5.500 new_payoff=-60.194
[FORGIVENESS] CID:2 WARN #19 — streak reset, benefits revoked
⚠ [CAR 2] ACT=WARN REP=0.504 RWD=0.000 PNL=5.578 CREDIT=-2
[PASSIVE-BEACON] SIMNOW:28.624 CID:0 ZONE:2 RXUAV:2 EDGEPORT:9996 TS:28.610 SPD:20.000 HDG:0.000 PX:607.400 PY:-10.000 LAN:1 BRK:0 RX_X:0.000 RX_Y:0.000 RX_Z:0.000
[ZONE-ROUTE] CID:0 zone=1 edge_port=9998
[EDGE-RTT] CID:0 wall=0.9 ms  sim_delay=10.0 ms
>>> [UAV->CLOUD] BLK:8c01|TX:7.0.0.4|CID:0|TS:28.610|SPD:20.0|HDG:0.0|PX:607.4|PY:-10.0|L...
[ECON-GATE] CID:0 probation active - suppressing OK reward 1.0
✓ [CAR 0] ACT=OK REP=0.577 RWD=0.000 PNL=0.000 CREDIT=0
[PASSIVE-BEACON] SIMNOW:28.645 CID:4 ZONE:2 RXUAV:2 EDGEPORT:9996 TS:28.630 SPD:24.900 HDG:1.100 PX:616.600 PY:-50.000 LAN:5 BRK:0 RX_X:0.000 RX_Y:0.000 RX_Z:0.000
[ZONE-ROUTE] CID:4 zone=1 edge_port=9998
[EDGE-RTT] CID:4 wall=1.0 ms  sim_delay=5.0 ms
>>> [UAV->CLOUD] BLK:c4cc|TX:7.0.0.8|CID:4|TS:28.630|SPD:24.9|HDG:1.1|PX:616.6|PY:-50.0|L...
[ECON-CLAWBACK] CID:4 ACT=WARN prior_payoff=-48.8 extra_penalty=5.2 new_payoff=-54.2
[FORGIVENESS] CID:4 WARN #18 — streak reset, benefits revoked
⚠ [CAR 4] ACT=WARN REP=0.551 RWD=0.000 PNL=5.351 CREDIT=-2
[ATTACK-EMIT] CID:5 activeWindow=YES falsified=YES simT=28.742 realPX=629.330 fakePX=629.330 realSPD=15.000 fakeSPD=20.000 realTS=28.742 fakeTS=28.742 lane=1
[ATTACK-EMIT] CID:9 activeWindow=YES falsified=YES simT=28.802 realPX=640.650 fakePX=640.650 realSPD=25.000 fakeSPD=20.000 realTS=28.802 fakeTS=28.802 lane=5
[PASSIVE-BEACON] SIMNOW:28.806 CID:6 ZONE:2 RXUAV:2 EDGEPORT:9996 TS:28.792 SPD:14.900 HDG:1.000 PX:639.700 PY:-20.000 LAN:2 BRK:0 RX_X:0.000 RX_Y:0.000 RX_Z:0.000
[ZONE-ROUTE] CID:6 zone=1 edge_port=9998
[EDGE-RTT] CID:6 wall=1.3 ms  sim_delay=5.0 ms
>>> [UAV->CLOUD] BLK:12f8|TX:7.0.0.10|CID:6|TS:28.792|SPD:14.9|HDG:1.0|PX:639.7|PY:-20.0|...
[PASSIVE-BEACON] SIMNOW:28.816 CID:9 ZONE:2 RXUAV:2 EDGEPORT:9996 TS:28.802 SPD:20.000 HDG:0.000 PX:640.700 PY:-50.000 LAN:5 BRK:0 RX_X:0.000 RX_Y:0.000 RX_Z:0.000
[ZONE-ROUTE] CID:9 zone=1 edge_port=9998
[EDGE-RTT] CID:9 wall=0.9 ms  sim_delay=5.0 ms
>>> [UAV->CLOUD] BLK:27fc|TX:7.0.0.13|CID:9|TS:28.802|SPD:20.0|HDG:0.0|PX:640.7|PY:-50.0|...
[ECON-GATE] CID:6 probation active - suppressing OK reward 1.0
✓ [CAR 6] ACT=OK REP=0.940 RWD=0.000 PNL=0.000 CREDIT=6
[ECON-CLAWBACK] CID:9 ACT=WARN prior_payoff=-25.802 extra_penalty=4.000 new_payoff=-29.880
[FORGIVENESS] CID:9 WARN #13 — streak reset, benefits revoked
⚠ [CAR 9] ACT=WARN REP=0.702 RWD=0.000 PNL=4.078 CREDIT=-2
[ATTACK-EMIT] CID:1 activeWindow=YES falsified=YES simT=28.870 realPX=621.250 fakePX=621.250 realSPD=15.000 fakeSPD=20.000 realTS=28.870 fakeTS=28.870 lane=2
[PASSIVE-BEACON] SIMNOW:28.884 CID:1 ZONE:2 RXUAV:2 EDGEPORT:9996 TS:28.870 SPD:20.000 HDG:0.000 PX:621.300 PY:-20.000 LAN:2 BRK:0 RX_X:0.000 RX_Y:0.000 RX_Z:0.000
[ZONE-ROUTE] CID:1 zone=1 edge_port=9998
[EDGE-RTT] CID:1 wall=1.2 ms  sim_delay=5.0 ms
>>> [UAV->CLOUD] BLK:d338|TX:7.0.0.5|CID:1|TS:28.870|SPD:20.0|HDG:0.0|PX:621.3|PY:-20.0|L...
[ECON-CLAWBACK] CID:1 ACT=WARN prior_payoff=-85.3 extra_penalty=6.8 new_payoff=-92.2
[FORGIVENESS] CID:1 WARN #24 — streak reset, benefits revoked
⚠ [CAR 1] ACT=WARN REP=0.746 RWD=0.000 PNL=6.828 CREDIT=-2
[PASSIVE-BEACON] SIMNOW:28.914 CID:3 ZONE:2 RXUAV:2 EDGEPORT:9996 TS:28.900 SPD:24.600 HDG:0.600 PX:632.400 PY:-40.000 LAN:4 BRK:0 RX_X:0.000 RX_Y:0.000 RX_Z:0.000
[ZONE-ROUTE] CID:3 zone=1 edge_port=9998
[EDGE-RTT] CID:3 wall=1.1 ms  sim_delay=5.0 ms
>>> [UAV->CLOUD] BLK:854a|TX:7.0.0.7|CID:3|TS:28.900|SPD:24.6|HDG:0.6|PX:632.4|PY:-40.0|L...
[ECON-CLAWBACK] CID:3 ACT=WARN prior_payoff=-78.4 extra_penalty=6.5 new_payoff=-85.0
[FORGIVENESS] CID:3 WARN #23 — streak reset, benefits revoked
⚠ [CAR 3] ACT=WARN REP=0.457 RWD=0.000 PNL=6.599 CREDIT=-2
[ATTACK-EMIT] CID:8 activeWindow=YES falsified=YES simT=28.952 realPX=654.400 fakePX=654.400 realSPD=25.000 fakeSPD=20.000 realTS=28.952 fakeTS=28.952 lane=4
[PASSIVE-BEACON] SIMNOW:28.966 CID:8 ZONE:2 RXUAV:2 EDGEPORT:9996 TS:28.952 SPD:20.000 HDG:0.000 PX:654.400 PY:-40.000 LAN:4 BRK:0 RX_X:0.000 RX_Y:0.000 RX_Z:0.000
[ZONE-ROUTE] CID:8 zone=1 edge_port=9998
[EDGE-RTT] CID:8 wall=1.1 ms  sim_delay=5.0 ms
>>> [UAV->CLOUD] BLK:df83|TX:7.0.0.12|CID:8|TS:28.952|SPD:20.0|HDG:0.0|PX:654.4|PY:-40.0|...
[ATTACK-EMIT] CID:7 activeWindow=YES falsified=YES simT=28.972 realPX=652.780 fakePX=564.990 realSPD=15.000 fakeSPD=20.000 realTS=28.972 fakeTS=28.472 lane=3
[ECON-GATE] CID:8 probation active - suppressing OK reward 0.876
✓ [CAR 8] ACT=OK REP=0.623 RWD=0.000 PNL=0.000 CREDIT=1
[PASSIVE-BEACON] SIMNOW:28.986 CID:7 ZONE:1 RXUAV:1 EDGEPORT:9998 TS:28.472 SPD:20.000 HDG:0.000 PX:565.000 PY:-30.000 LAN:3 BRK:0 RX_X:0.000 RX_Y:0.000 RX_Z:0.000
[ZONE-ROUTE] CID:7 zone=1 edge_port=9998
[EDGE-RTT] CID:7 wall=0.9 ms  sim_delay=5.0 ms
[NASH-GATE] CID:7 p=0.4 p*=0.3 rho_hat=0.4 Nash=BAN windowHits=1/4 -> WARN (pending confirmation)
[ECON-CLAWBACK] CID:7 ACT=WARN prior_payoff=-60.3 extra_penalty=5.8 new_payoff=-66.3
[FORGIVENESS] CID:7 WARN #20 — streak reset, benefits revoked
⚠ [CAR 7] ACT=WARN REP=0.503 RWD=0.000 PNL=5.944 CREDIT=0
[ATTACK-EMIT] CID:2 activeWindow=YES falsified=YES simT=29.090 realPX=634.550 fakePX=634.550 realSPD=15.000 fakeSPD=20.000 realTS=29.090 fakeTS=29.090 lane=3
[PASSIVE-BEACON] SIMNOW:29.104 CID:2 ZONE:2 RXUAV:2 EDGEPORT:9996 TS:29.090 SPD:20.000 HDG:0.000 PX:634.600 PY:-30.000 LAN:3 BRK:0 RX_X:0.000 RX_Y:0.000 RX_Z:0.000
[ZONE-ROUTE] CID:2 zone=1 edge_port=9998
[EDGE-RTT] CID:2 wall=1.0 ms  sim_delay=5.0 ms
>>> [UAV->CLOUD] BLK:7344|TX:7.0.0.6|CID:2|TS:29.090|SPD:20.0|HDG:0.0|PX:634.6|PY:-30.0|L...
[ATTACK-EMIT] CID:0 activeWindow=YES falsified=YES simT=29.110 realPX=614.850 fakePX=614.850 realSPD=15.000 fakeSPD=20.000 realTS=29.110 fakeTS=29.110 lane=1
[ECON-GATE] CID:2 probation active - suppressing OK reward 0.871
✓ [CAR 2] ACT=OK REP=0.485 RWD=0.000 PNL=0.000 CREDIT=0
[PASSIVE-BEACON] SIMNOW:29.127 CID:0 ZONE:2 RXUAV:2 EDGEPORT:9996 TS:29.110 SPD:20.000 HDG:0.000 PX:614.900 PY:-10.000 LAN:1 BRK:0 RX_X:0.000 RX_Y:0.000 RX_Z:0.000
[ZONE-ROUTE] CID:0 zone=1 edge_port=9998
[EDGE-RTT] CID:0 wall=1.0 ms  sim_delay=10.0 ms
>>> [UAV->CLOUD] BLK:9c10|TX:7.0.0.4|CID:0|TS:29.110|SPD:20.0|HDG:0.0|PX:614.9|PY:-10.0|L...
[ECON-GATE] CID:0 probation active - suppressing OK reward 0.9
✓ [CAR 0] ACT=OK REP=0.557 RWD=0.000 PNL=0.000 CREDIT=1
[PASSIVE-BEACON] SIMNOW:29.147 CID:4 ZONE:2 RXUAV:2 EDGEPORT:9996 TS:29.130 SPD:24.700 HDG:-1.900 PX:629.200 PY:-50.000 LAN:5 BRK:0 RX_X:0.000 RX_Y:0.000 RX_Z:0.000
[ZONE-ROUTE] CID:4 zone=1 edge_port=9998
[EDGE-RTT] CID:4 wall=1.1 ms  sim_delay=5.0 ms
>>> [UAV->CLOUD] BLK:95ae|TX:7.0.0.8|CID:4|TS:29.130|SPD:24.7|HDG:-1.9|PX:629.2|PY:-50.0|...
[ECON-CLAWBACK] CID:4 ACT=WARN prior_payoff=-54.2 extra_penalty=5.5 new_payoff=-59.8
[FORGIVENESS] CID:4 WARN #19 — streak reset, benefits revoked
⚠ [CAR 4] ACT=WARN REP=0.495 RWD=0.000 PNL=5.600 CREDIT=-2
[ATTACK-EMIT] CID:5 activeWindow=YES falsified=YES simT=29.242 realPX=636.830 fakePX=636.830 realSPD=15.000 fakeSPD=20.000 realTS=29.242 fakeTS=29.242 lane=1
[ATTACK-EMIT] CID:9 activeWindow=YES falsified=YES simT=29.302 realPX=653.150 fakePX=653.150 realSPD=25.000 fakeSPD=20.000 realTS=29.302 fakeTS=29.302 lane=5
[PASSIVE-BEACON] SIMNOW:29.306 CID:6 ZONE:2 RXUAV:2 EDGEPORT:9996 TS:29.292 SPD:15.100 HDG:-1.800 PX:648.200 PY:-20.000 LAN:2 BRK:0 RX_X:0.000 RX_Y:0.000 RX_Z:0.000
[ZONE-ROUTE] CID:6 zone=1 edge_port=9998
[EDGE-RTT] CID:6 wall=1.0 ms  sim_delay=5.0 ms
>>> [UAV->CLOUD] BLK:20f7|TX:7.0.0.10|CID:6|TS:29.292|SPD:15.1|HDG:-1.8|PX:648.2|PY:-20.0...
[PASSIVE-BEACON] SIMNOW:29.319 CID:9 ZONE:2 RXUAV:2 EDGEPORT:9996 TS:29.302 SPD:20.000 HDG:0.000 PX:653.200 PY:-50.000 LAN:5 BRK:0 RX_X:0.000 RX_Y:0.000 RX_Z:0.000
[ZONE-ROUTE] CID:9 zone=1 edge_port=9998
[EDGE-RTT] CID:9 wall=1.0 ms  sim_delay=5.0 ms
>>> [UAV->CLOUD] BLK:1185|TX:7.0.0.13|CID:9|TS:29.302|SPD:20.0|HDG:0.0|PX:653.2|PY:-50.0|...
[ECON-GATE] CID:6 probation active - suppressing OK reward 1.0
✓ [CAR 6] ACT=OK REP=0.232 RWD=0.000 PNL=0.000 CREDIT=7
[ECON-GATE] CID:9 probation active - suppressing OK reward 0.871
✓ [CAR 9] ACT=OK REP=0.915 RWD=0.000 PNL=0.000 CREDIT=0
[ATTACK-EMIT] CID:1 activeWindow=YES falsified=YES simT=29.370 realPX=628.750 fakePX=565.114 realSPD=15.000 fakeSPD=20.000 realTS=29.370 fakeTS=28.870 lane=2
[PASSIVE-BEACON] SIMNOW:29.384 CID:1 ZONE:1 RXUAV:1 EDGEPORT:9998 TS:28.870 SPD:20.000 HDG:0.000 PX:565.100 PY:-20.000 LAN:2 BRK:1 RX_X:0.000 RX_Y:0.000 RX_Z:0.000
[ZONE-ROUTE] CID:1 zone=1 edge_port=9998
[EDGE-RTT] CID:1 wall=1.0 ms  sim_delay=5.0 ms
[NASH-GATE] CID:1 p=0.3 p*=0.3 EDGE=BAN nashConfirms=N windowConfirms=N obs=54/15 p_car=0.523 -> WARN (insufficient evidence)
[ECON-CLAWBACK] CID:1 ACT=WARN prior_payoff=-92.169 extra_penalty=7.000 new_payoff=-99.338
[FORGIVENESS] CID:1 WARN #25 — streak reset, benefits revoked
⚠ [CAR 1] ACT=WARN REP=0.436 RWD=0.000 PNL=7.169 CREDIT=-2
[PASSIVE-BEACON] SIMNOW:29.414 CID:3 ZONE:2 RXUAV:2 EDGEPORT:9996 TS:29.400 SPD:24.600 HDG:1.200 PX:645.300 PY:-40.000 LAN:4 BRK:1 RX_X:0.000 RX_Y:0.000 RX_Z:0.000
[ZONE-ROUTE] CID:3 zone=1 edge_port=9998
[EDGE-RTT] CID:3 wall=1.1 ms  sim_delay=5.0 ms
>>> [UAV->CLOUD] BLK:5184|TX:7.0.0.7|CID:3|TS:29.400|SPD:24.6|HDG:1.2|PX:645.3|PY:-40.0|L...
[ECON-CLAWBACK] CID:3 ACT=WARN prior_payoff=-85.0 extra_penalty=6.8 new_payoff=-91.8
[FORGIVENESS] CID:3 WARN #24 — streak reset, benefits revoked
⚠ [CAR 3] ACT=WARN REP=0.740 RWD=0.000 PNL=6.849 CREDIT=-2
[ATTACK-EMIT] CID:8 activeWindow=YES falsified=YES simT=29.452 realPX=666.900 fakePX=567.020 realSPD=25.000 fakeSPD=20.000 realTS=29.452 fakeTS=28.952 lane=4
[PKT-DROP] UAV dropped telemetry from 7.0.0.12 (drop_rate=1%)
[ATTACK-EMIT] CID:7 activeWindow=YES falsified=YES simT=29.472 realPX=660.280 fakePX=660.280 realSPD=15.000 fakeSPD=20.000 realTS=29.472 fakeTS=29.472 lane=3
[PASSIVE-BEACON] SIMNOW:29.485 CID:7 ZONE:2 RXUAV:2 EDGEPORT:9996 TS:29.472 SPD:20.000 HDG:0.000 PX:660.300 PY:-30.000 LAN:3 BRK:0 RX_X:0.000 RX_Y:0.000 RX_Z:0.000
[ZONE-ROUTE] CID:7 zone=1 edge_port=9998
[EDGE-RTT] CID:7 wall=1.2 ms  sim_delay=5.0 ms
[NASH-GATE] CID:7 p=1.000 p*=0.324 rho_hat=0.388 streak=2 windowHits=2/4 EU_ban=1.500 -> CONFIRMED BAN (SLOW_LANE punishment sent)
[ECON-CLAWBACK] CID:7 ACT=BAN prior_payoff=-66.274 extra_penalty=5.000 new_payoff=-71.774
[FORGIVENESS] CID:7 BAN#1 excused (first confirmed offence) honest_wins=0 (preserved)
[BAN-PUNISH] CID:7 SLOW_LANE EXILE → LAN=99 speed=20.000 m/s  return_threshold=60
✗ [CAR 7] ACT=BAN REP=0.502 RWD=0.000 PNL=5.500 CREDIT=-8
[ATTACK-EMIT] CID:2 activeWindow=YES falsified=YES simT=29.590 realPX=642.050 fakePX=560.434 realSPD=15.000 fakeSPD=20.000 realTS=29.590 fakeTS=29.090 lane=3
[PASSIVE-BEACON] SIMNOW:29.604 CID:2 ZONE:1 RXUAV:1 EDGEPORT:9998 TS:29.090 SPD:20.000 HDG:0.000 PX:560.400 PY:-30.000 LAN:3 BRK:1 RX_X:0.000 RX_Y:0.000 RX_Z:0.000
[ZONE-ROUTE] CID:2 zone=1 edge_port=9998
[EDGE-RTT] CID:2 wall=1.0 ms  sim_delay=5.0 ms
[NASH-GATE] CID:2 p=0.4 p*=0.3 rho_hat=0.4 Nash=BAN windowHits=1/4 -> WARN (pending confirmation)
[ATTACK-EMIT] CID:0 activeWindow=YES falsified=YES simT=29.610 realPX=622.350 fakePX=562.356 realSPD=15.000 fakeSPD=20.000 realTS=29.610 fakeTS=29.110 lane=1
[ECON-CLAWBACK] CID:2 ACT=WARN prior_payoff=-60.194 extra_penalty=5.750 new_payoff=-66.138
[FORGIVENESS] CID:2 WARN #20 — streak reset, benefits revoked
⚠ [CAR 2] ACT=WARN REP=0.352 RWD=0.000 PNL=5.944 CREDIT=-1
[PASSIVE-BEACON] SIMNOW:29.622 CID:0 ZONE:1 RXUAV:1 EDGEPORT:9998 TS:29.110 SPD:20.000 HDG:0.000 PX:562.400 PY:-10.000 LAN:1 BRK:0 RX_X:0.000 RX_Y:0.000 RX_Z:0.000
[ZONE-ROUTE] CID:0 zone=1 edge_port=9998
[EDGE-RTT] CID:0 wall=1.1 ms  sim_delay=10.0 ms
[NASH-GATE] CID:0 p=0.4 p*=0.3 rho_hat=0.4 Nash=BAN windowHits=1/4 -> WARN (pending confirmation)
[ECON-CLAWBACK] CID:0 ACT=WARN prior_payoff=-99.7 extra_penalty=7.2 new_payoff=-107.2
[FORGIVENESS] CID:0 WARN #26 — streak reset, benefits revoked
⚠ [CAR 0] ACT=WARN REP=0.279 RWD=0.000 PNL=7.465 CREDIT=0
[PASSIVE-BEACON] SIMNOW:29.645 CID:4 ZONE:2 RXUAV:2 EDGEPORT:9996 TS:29.630 SPD:24.500 HDG:-0.100 PX:641.700 PY:-50.000 LAN:5 BRK:0 RX_X:0.000 RX_Y:0.000 RX_Z:0.000
[ZONE-ROUTE] CID:4 zone=1 edge_port=9998
[EDGE-RTT] CID:4 wall=1.2 ms  sim_delay=5.0 ms
>>> [UAV->CLOUD] BLK:ba79|TX:7.0.0.8|CID:4|TS:29.630|SPD:24.5|HDG:-0.1|PX:641.7|PY:-50.0|...
[ECON-CLAWBACK] CID:4 ACT=WARN prior_payoff=-59.8 extra_penalty=5.8 new_payoff=-65.6
[FORGIVENESS] CID:4 WARN #20 — streak reset, benefits revoked
⚠ [CAR 4] ACT=WARN REP=0.751 RWD=0.000 PNL=5.849 CREDIT=-2
[ATTACK-EMIT] CID:5 activeWindow=YES falsified=YES simT=29.742 realPX=644.330 fakePX=561.536 realSPD=15.000 fakeSPD=22.000 realTS=29.742 fakeTS=29.242 lane=1
[ATTACK-EMIT] CID:9 activeWindow=YES falsified=YES simT=29.802 realPX=665.650 fakePX=565.848 realSPD=25.000 fakeSPD=20.000 realTS=29.802 fakeTS=29.302 lane=5
[PASSIVE-BEACON] SIMNOW:29.806 CID:6 ZONE:2 RXUAV:2 EDGEPORT:9996 TS:29.792 SPD:15.200 HDG:1.000 PX:655.200 PY:-20.000 LAN:2 BRK:0 RX_X:0.000 RX_Y:0.000 RX_Z:0.000
[ZONE-ROUTE] CID:6 zone=1 edge_port=9998
[EDGE-RTT] CID:6 wall=0.9 ms  sim_delay=5.0 ms
>>> [UAV->CLOUD] BLK:7aca|TX:7.0.0.10|CID:6|TS:29.792|SPD:15.2|HDG:1.0|PX:655.2|PY:-20.0|...
[PASSIVE-BEACON] SIMNOW:29.816 CID:9 ZONE:1 RXUAV:1 EDGEPORT:9998 TS:29.302 SPD:20.000 HDG:0.000 PX:565.800 PY:-50.000 LAN:5 BRK:1 RX_X:0.000 RX_Y:0.000 RX_Z:0.000
[ZONE-ROUTE] CID:9 zone=1 edge_port=9998
[EDGE-RTT] CID:9 wall=0.8 ms  sim_delay=5.0 ms
[NASH-GATE] CID:9 p=0.4 p*=0.3 rho_hat=0.4 Nash=BAN windowHits=1/4 -> WARN (pending confirmation)
[ECON-GATE] CID:6 probation active - suppressing OK reward 1.0
✓ [CAR 6] ACT=OK REP=0.584 RWD=0.000 PNL=0.000 CREDIT=8
[ECON-CLAWBACK] CID:9 ACT=WARN prior_payoff=-29.880 extra_penalty=4.250 new_payoff=-34.323
[FORGIVENESS] CID:9 WARN #14 — streak reset, benefits revoked
⚠ [CAR 9] ACT=WARN REP=0.553 RWD=0.000 PNL=4.443 CREDIT=-1
[ATTACK-EMIT] CID:1 activeWindow=YES falsified=YES simT=29.870 realPX=636.250 fakePX=636.250 realSPD=15.000 fakeSPD=20.000 realTS=29.870 fakeTS=29.870 lane=2
[PASSIVE-BEACON] SIMNOW:29.884 CID:1 ZONE:2 RXUAV:2 EDGEPORT:9996 TS:29.870 SPD:20.000 HDG:0.000 PX:636.300 PY:-20.000 LAN:2 BRK:0 RX_X:0.000 RX_Y:0.000 RX_Z:0.000
[ZONE-ROUTE] CID:1 zone=1 edge_port=9998
[EDGE-RTT] CID:1 wall=0.9 ms  sim_delay=5.0 ms
[NASH-GATE] CID:1 p=1.000 p*=0.321 rho_hat=0.409 streak=2 windowHits=2/4 EU_ban=1.500 -> CONFIRMED BAN (SLOW_LANE punishment sent)
[ECON-CLAWBACK] CID:1 ACT=BAN prior_payoff=-99.338 extra_penalty=5.000 new_payoff=-104.838
[FORGIVENESS] CID:1 BAN#1 excused (first confirmed offence) honest_wins=0 (preserved)
[BAN-PUNISH] CID:1 SLOW_LANE EXILE → LAN=99 speed=20.000 m/s  return_threshold=60
✗ [CAR 1] ACT=BAN REP=0.439 RWD=0.000 PNL=5.500 CREDIT=-10
[PASSIVE-BEACON] SIMNOW:29.914 CID:3 ZONE:2 RXUAV:2 EDGEPORT:9996 TS:29.900 SPD:15.100 HDG:-0.900 PX:657.300 PY:-40.000 LAN:4 BRK:0 RX_X:0.000 RX_Y:0.000 RX_Z:0.000
[ZONE-ROUTE] CID:3 zone=1 edge_port=9998
[EDGE-RTT] CID:3 wall=0.9 ms  sim_delay=5.0 ms
>>> [UAV->CLOUD] BLK:d63a|TX:7.0.0.7|CID:3|TS:29.900|SPD:15.1|HDG:-0.9|PX:657.3|PY:-40.0|...
[ECON-GATE] CID:3 probation active - suppressing OK reward 1.0
✓ [CAR 3] ACT=OK REP=0.699 RWD=0.000 PNL=0.000 CREDIT=0
[ATTACK-EMIT] CID:8 activeWindow=YES falsified=YES simT=29.952 realPX=677.480 fakePX=677.480 realSPD=15.000 fakeSPD=20.000 realTS=29.952 fakeTS=29.952 lane=4
[PASSIVE-BEACON] SIMNOW:29.966 CID:8 ZONE:2 RXUAV:2 EDGEPORT:9996 TS:29.952 SPD:20.000 HDG:0.000 PX:677.500 PY:-40.000 LAN:4 BRK:0 RX_X:0.000 RX_Y:0.000 RX_Z:0.000
[ZONE-ROUTE] CID:8 zone=1 edge_port=9998
[EDGE-RTT] CID:8 wall=1.0 ms  sim_delay=5.0 ms
>>> [UAV->CLOUD] BLK:9c62|TX:7.0.0.12|CID:8|TS:29.952|SPD:20.0|HDG:0.0|PX:677.5|PY:-40.0|...
[ATTACK-EMIT] CID:7 activeWindow=YES falsified=YES simT=29.972 realPX=667.780 fakePX=667.780 realSPD=15.000 fakeSPD=20.000 realTS=29.972 fakeTS=29.972 lane=99
[ECON-GATE] CID:8 probation active - suppressing OK reward 0.881
✓ [CAR 8] ACT=OK REP=0.871 RWD=0.000 PNL=0.000 CREDIT=2
[PASSIVE-BEACON] SIMNOW:29.986 CID:7 ZONE:2 RXUAV:2 EDGEPORT:9996 TS:29.972 SPD:20.000 HDG:0.000 PX:667.800 PY:-30.000 LAN:99 BRK:0 RX_X:0.000 RX_Y:0.000 RX_Z:0.000
[HANDOVER] CID:0 trigger from_Z1 to_Z2 at posX=628.200 distLeft=271.800m loaded=NO RAWRESP=[HANDOVER_TRIGGER_ACK CID:0 TO_ZONE:2]
[HANDOVER] CID:1 trigger from_Z1 to_Z2 at posX=638.200 distLeft=261.800m loaded=NO RAWRESP=[HANDOVER_TRIGGER_ACK CID:1 TO_ZONE:2]
[HANDOVER] CID:2 trigger from_Z1 to_Z2 at posX=648.200 distLeft=251.800m loaded=NO RAWRESP=[HANDOVER_TRIGGER_ACK CID:2 TO_ZONE:2]
[HANDOVER] CID:3 trigger from_Z1 to_Z2 at posX=658.200 distLeft=241.800m loaded=NO RAWRESP=[HANDOVER_TRIGGER_ACK CID:3 TO_ZONE:2]
[HANDOVER] CID:4 trigger from_Z1 to_Z2 at posX=650.600 distLeft=249.400m loaded=NO RAWRESP=[HANDOVER_TRIGGER_ACK CID:4 TO_ZONE:2]
[HANDOVER] CID:5 trigger from_Z1 to_Z2 at posX=648.200 distLeft=251.800m loaded=NO RAWRESP=[HANDOVER_TRIGGER_ACK CID:5 TO_ZONE:2]
[HANDOVER] CID:6 trigger from_Z1 to_Z2 at posX=658.200 distLeft=241.800m loaded=NO RAWRESP=[HANDOVER_TRIGGER_ACK CID:6 TO_ZONE:2]
[HANDOVER] CID:7 trigger from_Z1 to_Z2 at posX=668.200 distLeft=231.800m loaded=NO RAWRESP=[HANDOVER_TRIGGER_ACK CID:7 TO_ZONE:2]
[HANDOVER] CID:8 trigger from_Z1 to_Z2 at posX=678.200 distLeft=221.800m loaded=NO RAWRESP=[HANDOVER_TRIGGER_ACK CID:8 TO_ZONE:2]
[HANDOVER] CID:9 trigger from_Z1 to_Z2 at posX=670.600 distLeft=229.400m loaded=NO RAWRESP=[HANDOVER_TRIGGER_ACK CID:9 TO_ZONE:2]
[ATTACK-EMIT] CID:2 activeWindow=YES falsified=YES simT=30.090 realPX=649.550 fakePX=649.550 realSPD=15.000 fakeSPD=20.000 realTS=30.090 fakeTS=30.090 lane=3
[PASSIVE-BEACON] SIMNOW:30.104 CID:2 ZONE:2 RXUAV:2 EDGEPORT:9996 TS:30.090 SPD:20.000 HDG:0.000 PX:649.600 PY:-30.000 LAN:3 BRK:0 RX_X:0.000 RX_Y:0.000 RX_Z:0.000
[ZONE-ROUTE] CID:2 zone=1 edge_port=9998
[EDGE-RTT] CID:2 wall=1.4 ms  sim_delay=5.0 ms
[NASH-GATE] CID:2 p=1.000 p*=0.321 rho_hat=0.412 streak=2 windowHits=2/4 EU_ban=1.500 -> CONFIRMED BAN (SLOW_LANE punishment sent)
[ATTACK-EMIT] CID:0 activeWindow=YES falsified=YES simT=30.110 realPX=629.850 fakePX=629.850 realSPD=15.000 fakeSPD=20.000 realTS=30.110 fakeTS=30.110 lane=1
[ECON-CLAWBACK] CID:2 ACT=BAN prior_payoff=-66.138 extra_penalty=5.000 new_payoff=-71.638
[FORGIVENESS] CID:2 BAN#1 excused (first confirmed offence) honest_wins=0 (preserved)
[BAN-PUNISH] CID:2 SLOW_LANE EXILE → LAN=99 speed=20.000 m/s  return_threshold=60
✗ [CAR 2] ACT=BAN REP=0.509 RWD=0.000 PNL=5.500 CREDIT=-9
[PASSIVE-BEACON] SIMNOW:30.124 CID:0 ZONE:2 RXUAV:2 EDGEPORT:9996 TS:30.110 SPD:20.000 HDG:0.000 PX:629.900 PY:-10.000 LAN:1 BRK:1 RX_X:0.000 RX_Y:0.000 RX_Z:0.000
[ZONE-ROUTE] CID:0 zone=1 edge_port=9998
[EDGE-RTT] CID:0 wall=1.1 ms  sim_delay=10.0 ms
[NASH-GATE] CID:0 p=1.000 p*=0.320 rho_hat=0.416 streak=2 windowHits=2/4 EU_ban=1.500 -> CONFIRMED BAN (SLOW_LANE punishment sent)
[ECON-CLAWBACK] CID:0 ACT=BAN prior_payoff=-107.186 extra_penalty=5.000 new_payoff=-112.686
[FORGIVENESS] CID:0 BAN#1 excused (first confirmed offence) honest_wins=0 (preserved)
[BAN-PUNISH] CID:0 SLOW_LANE EXILE → LAN=99 speed=20.000 m/s  return_threshold=60
✗ [CAR 0] ACT=BAN REP=0.428 RWD=0.000 PNL=5.500 CREDIT=-8
[PASSIVE-BEACON] SIMNOW:30.144 CID:4 ZONE:2 RXUAV:2 EDGEPORT:9996 TS:30.130 SPD:24.700 HDG:-0.100 PX:654.400 PY:-50.000 LAN:5 BRK:0 RX_X:0.000 RX_Y:0.000 RX_Z:0.000
[ZONE-ROUTE] CID:4 zone=1 edge_port=9998
[EDGE-RTT] CID:4 wall=1.0 ms  sim_delay=5.0 ms
>>> [UAV->CLOUD] BLK:8d54|TX:7.0.0.8|CID:4|TS:30.130|SPD:24.7|HDG:-0.1|PX:654.4|PY:-50.0|...
[ECON-CLAWBACK] CID:4 ACT=WARN prior_payoff=-65.6 extra_penalty=6.0 new_payoff=-71.7
[FORGIVENESS] CID:4 WARN #21 — streak reset, benefits revoked
⚠ [CAR 4] ACT=WARN REP=0.445 RWD=0.000 PNL=6.100 CREDIT=-2
[ATTACK-EMIT] CID:5 activeWindow=YES falsified=YES simT=30.242 realPX=651.830 fakePX=651.830 realSPD=15.000 fakeSPD=20.000 realTS=30.242 fakeTS=30.242 lane=1
[ATTACK-EMIT] CID:9 activeWindow=YES falsified=YES simT=30.302 realPX=678.150 fakePX=678.150 realSPD=25.000 fakeSPD=20.000 realTS=30.302 fakeTS=30.302 lane=5
[PASSIVE-BEACON] SIMNOW:30.306 CID:6 ZONE:2 RXUAV:2 EDGEPORT:9996 TS:30.292 SPD:15.400 HDG:0.400 PX:662.800 PY:-20.000 LAN:2 BRK:0 RX_X:0.000 RX_Y:0.000 RX_Z:0.000
[ZONE-ROUTE] CID:6 zone=1 edge_port=9998
[EDGE-RTT] CID:6 wall=1.3 ms  sim_delay=5.0 ms
>>> [UAV->CLOUD] BLK:ada1|TX:7.0.0.10|CID:6|TS:30.292|SPD:15.4|HDG:0.4|PX:662.8|PY:-20.0|...
[PASSIVE-BEACON] SIMNOW:30.319 CID:9 ZONE:2 RXUAV:2 EDGEPORT:9996 TS:30.302 SPD:20.000 HDG:0.000 PX:678.200 PY:-50.000 LAN:5 BRK:0 RX_X:0.000 RX_Y:0.000 RX_Z:0.000
[ZONE-ROUTE] CID:9 zone=1 edge_port=9998
[EDGE-RTT] CID:9 wall=1.0 ms  sim_delay=5.0 ms
[NASH-GATE] CID:9 p=1.000 p*=0.319 rho_hat=0.420 streak=2 windowHits=2/4 EU_ban=1.500 -> CONFIRMED BAN (SLOW_LANE punishment sent)
[ECON-GATE] CID:6 probation active - suppressing OK reward 1.000
✓ [CAR 6] ACT=OK REP=0.683 RWD=0.000 PNL=0.000 CREDIT=9
[ECON-CLAWBACK] CID:9 ACT=BAN prior_payoff=-34.323 extra_penalty=5.000 new_payoff=-39.823
[FORGIVENESS] CID:9 BAN#1 excused (first confirmed offence) honest_wins=0 (preserved)
[BAN-PUNISH] CID:9 SLOW_LANE EXILE → LAN=99 speed=20.000 m/s  return_threshold=60
✗ [CAR 9] ACT=BAN REP=0.607 RWD=0.000 PNL=5.500 CREDIT=-9
[ATTACK-EMIT] CID:1 activeWindow=YES falsified=YES simT=30.370 realPX=643.750 fakePX=643.750 realSPD=15.000 fakeSPD=20.000 realTS=30.370 fakeTS=30.370 lane=99
[PASSIVE-BEACON] SIMNOW:30.384 CID:1 ZONE:2 RXUAV:2 EDGEPORT:9996 TS:30.370 SPD:20.000 HDG:0.000 PX:643.800 PY:-20.000 LAN:99 BRK:0 RX_X:0.000 RX_Y:0.000 RX_Z:0.000
[PASSIVE-BEACON] SIMNOW:30.414 CID:3 ZONE:2 RXUAV:2 EDGEPORT:9996 TS:30.400 SPD:15.300 HDG:-1.500 PX:663.900 PY:-40.000 LAN:4 BRK:1 RX_X:0.000 RX_Y:0.000 RX_Z:0.000
[ZONE-ROUTE] CID:3 zone=1 edge_port=9998
[EDGE-RTT] CID:3 wall=1.2 ms  sim_delay=5.0 ms
>>> [UAV->CLOUD] BLK:e08c|TX:7.0.0.7|CID:3|TS:30.400|SPD:15.3|HDG:-1.5|PX:663.9|PY:-40.0|...
[ECON-GATE] CID:3 probation active - suppressing OK reward 1.0
✓ [CAR 3] ACT=OK REP=0.430 RWD=0.000 PNL=0.000 CREDIT=1
[ATTACK-EMIT] CID:8 activeWindow=YES falsified=YES simT=30.452 realPX=684.980 fakePX=684.980 realSPD=15.000 fakeSPD=20.000 realTS=30.452 fakeTS=30.452 lane=4
[PASSIVE-BEACON] SIMNOW:30.466 CID:8 ZONE:2 RXUAV:2 EDGEPORT:9996 TS:30.452 SPD:20.000 HDG:0.000 PX:685.000 PY:-40.000 LAN:4 BRK:0 RX_X:0.000 RX_Y:0.000 RX_Z:0.000
[ZONE-ROUTE] CID:8 zone=1 edge_port=9998
[EDGE-RTT] CID:8 wall=0.8 ms  sim_delay=5.0 ms
>>> [UAV->CLOUD] BLK:7136|TX:7.0.0.12|CID:8|TS:30.452|SPD:20.0|HDG:0.0|PX:685.0|PY:-40.0|...
[ATTACK-EMIT] CID:7 activeWindow=YES falsified=YES simT=30.472 realPX=675.280 fakePX=565.122 realSPD=15.000 fakeSPD=20.000 realTS=30.472 fakeTS=29.972 lane=99
[ECON-GATE] CID:8 probation active - suppressing OK reward 0.886
✓ [CAR 8] ACT=OK REP=0.603 RWD=0.000 PNL=0.000 CREDIT=3
[PASSIVE-BEACON] SIMNOW:30.486 CID:7 ZONE:1 RXUAV:1 EDGEPORT:9998 TS:29.972 SPD:20.000 HDG:0.000 PX:565.100 PY:-30.000 LAN:99 BRK:0 RX_X:0.000 RX_Y:0.000 RX_Z:0.000
[ATTACK-EMIT] CID:2 activeWindow=YES falsified=YES simT=30.590 realPX=657.050 fakePX=657.050 realSPD=15.000 fakeSPD=20.000 realTS=30.590 fakeTS=30.590 lane=99
[PASSIVE-BEACON] SIMNOW:30.604 CID:2 ZONE:2 RXUAV:2 EDGEPORT:9996 TS:30.590 SPD:20.000 HDG:0.000 PX:657.100 PY:-30.000 LAN:99 BRK:0 RX_X:0.000 RX_Y:0.000 RX_Z:0.000
[ATTACK-EMIT] CID:0 activeWindow=YES falsified=YES simT=30.610 realPX=637.350 fakePX=637.350 realSPD=15.000 fakeSPD=20.000 realTS=30.610 fakeTS=30.610 lane=99
[PASSIVE-BEACON] SIMNOW:30.624 CID:0 ZONE:2 RXUAV:2 EDGEPORT:9996 TS:30.610 SPD:20.000 HDG:0.000 PX:637.400 PY:-10.000 LAN:99 BRK:0 RX_X:0.000 RX_Y:0.000 RX_Z:0.000
[PASSIVE-BEACON] SIMNOW:30.647 CID:4 ZONE:2 RXUAV:2 EDGEPORT:9996 TS:30.630 SPD:24.600 HDG:-0.900 PX:666.700 PY:-50.000 LAN:5 BRK:0 RX_X:0.000 RX_Y:0.000 RX_Z:0.000
[HTD] CID:4 handover Z1->Z2 trust discounted at PX=666.7 delta=0.3 alpha:19.5->7.2 beta:13.4->4.7 obs/window reset probationK=10
[ZONE-ROUTE] CID:4 zone=2 edge_port=9996
[EDGE-RTT] CID:4 wall=1.6 ms  sim_delay=5.0 ms
[POST-HANDOVER] CID:4 zone=2 pkt=1/10 credit_factor=0.1
>>> [UAV->CLOUD] BLK:f54f|TX:7.0.0.8|CID:4|TS:30.630|SPD:24.6|HDG:-0.9|PX:666.7|PY:-50.0|...
[ECON-CLAWBACK] CID:4 ACT=WARN prior_payoff=-71.7 extra_penalty=6.2 new_payoff=-78.1
[FORGIVENESS] CID:4 WARN #22 — streak reset, benefits revoked
⚠ [CAR 4] ACT=WARN REP=0.833 RWD=0.000 PNL=6.350 CREDIT=-2
[ATTACK-EMIT] CID:5 activeWindow=YES falsified=YES simT=30.742 realPX=659.330 fakePX=659.330 realSPD=15.000 fakeSPD=20.000 realTS=30.742 fakeTS=30.742 lane=1
[ATTACK-EMIT] CID:9 activeWindow=YES falsified=YES simT=30.802 realPX=690.650 fakePX=690.650 realSPD=25.000 fakeSPD=20.000 realTS=30.802 fakeTS=30.802 lane=99
[PASSIVE-BEACON] SIMNOW:30.806 CID:6 ZONE:2 RXUAV:2 EDGEPORT:9996 TS:30.792 SPD:14.900 HDG:1.100 PX:669.600 PY:-20.000 LAN:2 BRK:0 RX_X:0.000 RX_Y:0.000 RX_Z:0.000
[HTD] CID:6 handover Z1->Z2 trust discounted at PX=669.6 delta=0.3 alpha:18.5->6.9 beta:14.1->4.9 obs/window reset probationK=10
[ZONE-ROUTE] CID:6 zone=2 edge_port=9996
[EDGE-RTT] CID:6 wall=1.3 ms  sim_delay=5.0 ms
[POST-HANDOVER] CID:6 zone=2 pkt=1/10 credit_factor=0.1
>>> [UAV->CLOUD] BLK:34b3|TX:7.0.0.10|CID:6|TS:30.792|SPD:14.9|HDG:1.1|PX:669.6|PY:-20.0|...
[PASSIVE-BEACON] SIMNOW:30.819 CID:9 ZONE:2 RXUAV:2 EDGEPORT:9996 TS:30.802 SPD:20.000 HDG:0.000 PX:690.700 PY:-50.000 LAN:99 BRK:0 RX_X:0.000 RX_Y:0.000 RX_Z:0.000
[ECON-GATE] CID:6 probation active - suppressing OK reward 1.0
✓ [CAR 6] ACT=OK REP=0.392 RWD=0.000 PNL=0.000 CREDIT=10
[ATTACK-EMIT] CID:1 activeWindow=YES falsified=YES simT=30.870 realPX=651.250 fakePX=564.880 realSPD=15.000 fakeSPD=20.000 realTS=30.870 fakeTS=30.370 lane=99
[PASSIVE-BEACON] SIMNOW:30.884 CID:1 ZONE:1 RXUAV:1 EDGEPORT:9998 TS:30.370 SPD:20.000 HDG:0.000 PX:564.900 PY:-20.000 LAN:99 BRK:0 RX_X:0.000 RX_Y:0.000 RX_Z:0.000
[PASSIVE-BEACON] SIMNOW:30.914 CID:3 ZONE:2 RXUAV:2 EDGEPORT:9996 TS:30.900 SPD:15.500 HDG:-1.900 PX:672.400 PY:-40.000 LAN:4 BRK:0 RX_X:0.000 RX_Y:0.000 RX_Z:0.000
[HTD] CID:3 handover Z1->Z2 trust discounted at PX=672.4 delta=0.3 alpha:18.0->6.8 beta:15.2->5.3 obs/window reset probationK=10
[ZONE-ROUTE] CID:3 zone=2 edge_port=9996
[EDGE-RTT] CID:3 wall=1.8 ms  sim_delay=5.0 ms
[POST-HANDOVER] CID:3 zone=2 pkt=1/10 credit_factor=0.1
>>> [UAV->CLOUD] BLK:1b9e|TX:7.0.0.7|CID:3|TS:30.900|SPD:15.5|HDG:-1.9|PX:672.4|PY:-40.0|...
[ECON-GATE] CID:3 probation active - suppressing OK reward 1.0
✓ [CAR 3] ACT=OK REP=0.600 RWD=0.000 PNL=0.000 CREDIT=2
[ATTACK-EMIT] CID:8 activeWindow=YES falsified=YES simT=30.952 realPX=692.480 fakePX=567.122 realSPD=15.000 fakeSPD=20.000 realTS=30.952 fakeTS=30.452 lane=4
[PASSIVE-BEACON] SIMNOW:30.966 CID:8 ZONE:1 RXUAV:1 EDGEPORT:9998 TS:30.452 SPD:20.000 HDG:0.000 PX:567.100 PY:-40.000 LAN:4 BRK:0 RX_X:0.000 RX_Y:0.000 RX_Z:0.000
[ZONE-ROUTE] CID:8 zone=1 edge_port=9998
[EDGE-RTT] CID:8 wall=1.1 ms  sim_delay=5.0 ms
[NASH-GATE] CID:8 p=0.4 p*=0.3 EDGE=BAN nashConfirms=N windowConfirms=N obs=56/15 p_car=0.389 -> WARN (insufficient evidence)
[ATTACK-EMIT] CID:7 activeWindow=YES falsified=YES simT=30.972 realPX=682.780 fakePX=682.780 realSPD=15.000 fakeSPD=20.000 realTS=30.972 fakeTS=30.972 lane=99
[ECON-CLAWBACK] CID:8 ACT=WARN prior_payoff=-44.042 extra_penalty=5.000 new_payoff=-49.224
[FORGIVENESS] CID:8 WARN #17 — streak reset, benefits revoked
⚠ [CAR 8] ACT=WARN REP=0.681 RWD=0.000 PNL=5.182 CREDIT=2
[PASSIVE-BEACON] SIMNOW:30.986 CID:7 ZONE:2 RXUAV:2 EDGEPORT:9996 TS:30.972 SPD:20.000 HDG:0.000 PX:682.800 PY:-30.000 LAN:99 BRK:0 RX_X:0.000 RX_Y:0.000 RX_Z:0.000
[ATTACK-EMIT] CID:2 activeWindow=YES falsified=YES simT=31.090 realPX=664.550 fakePX=560.362 realSPD=15.000 fakeSPD=20.000 realTS=31.090 fakeTS=30.590 lane=99
[PASSIVE-BEACON] SIMNOW:31.104 CID:2 ZONE:1 RXUAV:1 EDGEPORT:9998 TS:30.590 SPD:20.000 HDG:0.000 PX:560.400 PY:-30.000 LAN:99 BRK:0 RX_X:0.000 RX_Y:0.000 RX_Z:0.000
[ATTACK-EMIT] CID:0 activeWindow=YES falsified=YES simT=31.110 realPX=644.850 fakePX=562.182 realSPD=15.000 fakeSPD=20.000 realTS=31.110 fakeTS=30.610 lane=99
[PASSIVE-BEACON] SIMNOW:31.124 CID:0 ZONE:1 RXUAV:1 EDGEPORT:9998 TS:30.610 SPD:20.000 HDG:0.000 PX:562.200 PY:-10.000 LAN:99 BRK:0 RX_X:0.000 RX_Y:0.000 RX_Z:0.000
[PASSIVE-BEACON] SIMNOW:31.145 CID:4 ZONE:2 RXUAV:2 EDGEPORT:9996 TS:31.130 SPD:24.700 HDG:1.900 PX:679.400 PY:-50.000 LAN:5 BRK:0 RX_X:0.000 RX_Y:0.000 RX_Z:0.000
[ZONE-ROUTE] CID:4 zone=2 edge_port=9996
[EDGE-RTT] CID:4 wall=1.5 ms  sim_delay=5.0 ms
[POST-HANDOVER] CID:4 zone=2 pkt=2/10 credit_factor=0.1
>>> [UAV->CLOUD] BLK:215a|TX:7.0.0.8|CID:4|TS:31.130|SPD:24.7|HDG:1.9|PX:679.4|PY:-50.0|L...
[ECON-CLAWBACK] CID:4 ACT=WARN prior_payoff=-78.1 extra_penalty=6.5 new_payoff=-84.7
[FORGIVENESS] CID:4 WARN #23 — streak reset, benefits revoked
⚠ [CAR 4] ACT=WARN REP=0.445 RWD=0.000 PNL=6.601 CREDIT=-2
[ATTACK-EMIT] CID:5 activeWindow=YES falsified=YES simT=31.242 realPX=666.830 fakePX=561.560 realSPD=15.000 fakeSPD=22.000 realTS=31.242 fakeTS=30.742 lane=1
[ATTACK-EMIT] CID:9 activeWindow=YES falsified=YES simT=31.302 realPX=703.150 fakePX=565.356 realSPD=25.000 fakeSPD=20.000 realTS=31.302 fakeTS=30.802 lane=99
[PASSIVE-BEACON] SIMNOW:31.306 CID:6 ZONE:2 RXUAV:2 EDGEPORT:9996 TS:31.292 SPD:14.700 HDG:1.600 PX:678.300 PY:-20.000 LAN:2 BRK:0 RX_X:0.000 RX_Y:0.000 RX_Z:0.000
[ZONE-ROUTE] CID:6 zone=2 edge_port=9996
[EDGE-RTT] CID:6 wall=1.5 ms  sim_delay=5.0 ms
[POST-HANDOVER] CID:6 zone=2 pkt=2/10 credit_factor=0.1
>>> [UAV->CLOUD] BLK:1232|TX:7.0.0.10|CID:6|TS:31.292|SPD:14.7|HDG:1.6|PX:678.3|PY:-20.0|...
[PASSIVE-BEACON] SIMNOW:31.316 CID:9 ZONE:1 RXUAV:1 EDGEPORT:9998 TS:30.802 SPD:20.000 HDG:0.000 PX:565.400 PY:-50.000 LAN:99 BRK:0 RX_X:0.000 RX_Y:0.000 RX_Z:0.000
[ECON-GATE] CID:6 probation active - suppressing OK reward 1.0
✓ [CAR 6] ACT=OK REP=0.768 RWD=0.000 PNL=0.000 CREDIT=11
[ATTACK-EMIT] CID:1 activeWindow=YES falsified=YES simT=31.370 realPX=658.750 fakePX=658.750 realSPD=15.000 fakeSPD=20.000 realTS=31.370 fakeTS=31.370 lane=99
[PASSIVE-BEACON] SIMNOW:31.387 CID:1 ZONE:2 RXUAV:2 EDGEPORT:9996 TS:31.370 SPD:20.000 HDG:0.000 PX:658.800 PY:-20.000 LAN:99 BRK:1 RX_X:0.000 RX_Y:0.000 RX_Z:0.000
[PASSIVE-BEACON] SIMNOW:31.414 CID:3 ZONE:2 RXUAV:2 EDGEPORT:9996 TS:31.400 SPD:14.700 HDG:1.900 PX:679.800 PY:-40.000 LAN:4 BRK:0 RX_X:0.000 RX_Y:0.000 RX_Z:0.000
[ZONE-ROUTE] CID:3 zone=2 edge_port=9996
[EDGE-RTT] CID:3 wall=1.9 ms  sim_delay=5.0 ms
[POST-HANDOVER] CID:3 zone=2 pkt=2/10 credit_factor=0.1
>>> [UAV->CLOUD] BLK:a3f2|TX:7.0.0.7|CID:3|TS:31.400|SPD:14.7|HDG:1.9|PX:679.8|PY:-40.0|L...
[ECON-GATE] CID:3 probation active - suppressing OK reward 1.0
✓ [CAR 3] ACT=OK REP=0.457 RWD=0.000 PNL=0.000 CREDIT=3
[ATTACK-EMIT] CID:8 activeWindow=YES falsified=YES simT=31.452 realPX=699.980 fakePX=699.980 realSPD=15.000 fakeSPD=20.000 realTS=31.452 fakeTS=31.452 lane=4
[PASSIVE-BEACON] SIMNOW:31.466 CID:8 ZONE:2 RXUAV:2 EDGEPORT:9996 TS:31.452 SPD:20.000 HDG:0.000 PX:700.000 PY:-40.000 LAN:4 BRK:0 RX_X:0.000 RX_Y:0.000 RX_Z:0.000
[HTD] CID:8 handover Z1->Z2 trust discounted at PX=700.0 delta=0.3 alpha:21.2->7.7 beta:13.5->4.7 obs/window reset probationK=10
[ZONE-ROUTE] CID:8 zone=2 edge_port=9996
[EDGE-RTT] CID:8 wall=1.6 ms  sim_delay=5.0 ms
[POST-HANDOVER] CID:8 zone=2 pkt=1/10 credit_factor=0.1
>>> [UAV->CLOUD] BLK:ffa7|TX:7.0.0.12|CID:8|TS:31.452|SPD:20.0|HDG:0.0|PX:700.0|PY:-40.0|...
[ATTACK-EMIT] CID:7 activeWindow=YES falsified=YES simT=31.472 realPX=690.280 fakePX=690.280 realSPD=15.000 fakeSPD=20.000 realTS=31.472 fakeTS=31.472 lane=99
[ECON-GATE] CID:8 probation active - suppressing OK reward 1.000
✓ [CAR 8] ACT=OK REP=0.509 RWD=0.000 PNL=0.000 CREDIT=4
[PASSIVE-BEACON] SIMNOW:31.486 CID:7 ZONE:2 RXUAV:2 EDGEPORT:9996 TS:31.472 SPD:20.000 HDG:0.000 PX:690.300 PY:-30.000 LAN:99 BRK:0 RX_X:0.000 RX_Y:0.000 RX_Z:0.000
[ATTACK-EMIT] CID:2 activeWindow=YES falsified=YES simT=31.590 realPX=672.050 fakePX=672.050 realSPD=15.000 fakeSPD=20.000 realTS=31.590 fakeTS=31.590 lane=99
[PASSIVE-BEACON] SIMNOW:31.604 CID:2 ZONE:2 RXUAV:2 EDGEPORT:9996 TS:31.590 SPD:20.000 HDG:0.000 PX:672.100 PY:-30.000 LAN:99 BRK:0 RX_X:0.000 RX_Y:0.000 RX_Z:0.000
[ATTACK-EMIT] CID:0 activeWindow=YES falsified=YES simT=31.610 realPX=652.350 fakePX=652.350 realSPD=15.000 fakeSPD=20.000 realTS=31.610 fakeTS=31.610 lane=99
[PASSIVE-BEACON] SIMNOW:31.624 CID:0 ZONE:2 RXUAV:2 EDGEPORT:9996 TS:31.610 SPD:20.000 HDG:0.000 PX:652.400 PY:-10.000 LAN:99 BRK:0 RX_X:0.000 RX_Y:0.000 RX_Z:0.000
[PASSIVE-BEACON] SIMNOW:31.645 CID:4 ZONE:2 RXUAV:2 EDGEPORT:9996 TS:31.630 SPD:24.800 HDG:-1.700 PX:690.900 PY:-50.000 LAN:5 BRK:0 RX_X:0.000 RX_Y:0.000 RX_Z:0.000
[ZONE-ROUTE] CID:4 zone=2 edge_port=9996
[EDGE-RTT] CID:4 wall=1.8 ms  sim_delay=5.0 ms
[POST-HANDOVER] CID:4 zone=2 pkt=3/10 credit_factor=0.1
>>> [UAV->CLOUD] BLK:d30e|TX:7.0.0.8|CID:4|TS:31.630|SPD:24.8|HDG:-1.7|PX:690.9|PY:-50.0|...
[ECON-CLAWBACK] CID:4 ACT=WARN prior_payoff=-84.7 extra_penalty=6.8 new_payoff=-91.5
[FORGIVENESS] CID:4 WARN #24 — streak reset, benefits revoked
⚠ [CAR 4] ACT=WARN REP=0.378 RWD=0.000 PNL=6.851 CREDIT=-2
[ATTACK-EMIT] CID:5 activeWindow=YES falsified=YES simT=31.742 realPX=674.330 fakePX=674.330 realSPD=15.000 fakeSPD=20.000 realTS=31.742 fakeTS=31.742 lane=1
[ATTACK-EMIT] CID:9 activeWindow=YES falsified=YES simT=31.802 realPX=715.230 fakePX=715.230 realSPD=15.000 fakeSPD=20.000 realTS=31.802 fakeTS=31.802 lane=99
[PASSIVE-BEACON] SIMNOW:31.809 CID:6 ZONE:2 RXUAV:2 EDGEPORT:9996 TS:31.792 SPD:14.700 HDG:-0.600 PX:685.600 PY:-20.000 LAN:2 BRK:0 RX_X:0.000 RX_Y:0.000 RX_Z:0.000
[ZONE-ROUTE] CID:6 zone=2 edge_port=9996
[EDGE-RTT] CID:6 wall=1.7 ms  sim_delay=5.0 ms
[POST-HANDOVER] CID:6 zone=2 pkt=3/10 credit_factor=0.1
>>> [UAV->CLOUD] BLK:f9cd|TX:7.0.0.10|CID:6|TS:31.792|SPD:14.7|HDG:-0.6|PX:685.6|PY:-20.0...
[PASSIVE-BEACON] SIMNOW:31.817 CID:9 ZONE:2 RXUAV:2 EDGEPORT:9996 TS:31.802 SPD:20.000 HDG:0.000 PX:715.200 PY:-50.000 LAN:99 BRK:0 RX_X:0.000 RX_Y:0.000 RX_Z:0.000
[ECON-GATE] CID:6 probation active - suppressing OK reward 1.0
✓ [CAR 6] ACT=OK REP=0.865 RWD=0.000 PNL=0.000 CREDIT=12
[ATTACK-EMIT] CID:1 activeWindow=YES falsified=YES simT=31.870 realPX=666.250 fakePX=666.250 realSPD=15.000 fakeSPD=20.000 realTS=31.870 fakeTS=31.870 lane=99
[PASSIVE-BEACON] SIMNOW:31.882 CID:1 ZONE:2 RXUAV:2 EDGEPORT:9996 TS:31.870 SPD:20.000 HDG:0.000 PX:666.300 PY:-20.000 LAN:99 BRK:0 RX_X:0.000 RX_Y:0.000 RX_Z:0.000
[PASSIVE-BEACON] SIMNOW:31.914 CID:3 ZONE:2 RXUAV:2 EDGEPORT:9996 TS:31.900 SPD:15.000 HDG:0.400 PX:686.000 PY:-40.000 LAN:4 BRK:1 RX_X:0.000 RX_Y:0.000 RX_Z:0.000
[ZONE-ROUTE] CID:3 zone=2 edge_port=9996
[EDGE-RTT] CID:3 wall=1.4 ms  sim_delay=5.0 ms
[POST-HANDOVER] CID:3 zone=2 pkt=3/10 credit_factor=0.1
>>> [UAV->CLOUD] BLK:c045|TX:7.0.0.7|CID:3|TS:31.900|SPD:15.0|HDG:0.4|PX:686.0|PY:-40.0|L...
[ECON-GATE] CID:3 probation active - suppressing OK reward 1.0
✓ [CAR 3] ACT=OK REP=0.555 RWD=0.000 PNL=0.000 CREDIT=4
[ATTACK-EMIT] CID:8 activeWindow=YES falsified=YES simT=31.952 realPX=707.480 fakePX=707.480 realSPD=15.000 fakeSPD=20.000 realTS=31.952 fakeTS=31.952 lane=4
[PASSIVE-BEACON] SIMNOW:31.966 CID:8 ZONE:2 RXUAV:2 EDGEPORT:9996 TS:31.952 SPD:20.000 HDG:0.000 PX:707.500 PY:-40.000 LAN:4 BRK:0 RX_X:0.000 RX_Y:0.000 RX_Z:0.000
[ZONE-ROUTE] CID:8 zone=2 edge_port=9996
[EDGE-RTT] CID:8 wall=1.7 ms  sim_delay=5.0 ms
[POST-HANDOVER] CID:8 zone=2 pkt=2/10 credit_factor=0.1
>>> [UAV->CLOUD] BLK:6d2f|TX:7.0.0.12|CID:8|TS:31.952|SPD:20.0|HDG:0.0|PX:707.5|PY:-40.0|...
[ATTACK-EMIT] CID:7 activeWindow=YES falsified=YES simT=31.972 realPX=697.780 fakePX=565.080 realSPD=15.000 fakeSPD=20.000 realTS=31.972 fakeTS=31.472 lane=99
[ECON-GATE] CID:8 probation active - suppressing OK reward 1.000
✓ [CAR 8] ACT=OK REP=0.445 RWD=0.000 PNL=0.000 CREDIT=5
[PASSIVE-BEACON] SIMNOW:31.989 CID:7 ZONE:1 RXUAV:1 EDGEPORT:9998 TS:31.472 SPD:20.000 HDG:0.000 PX:565.100 PY:-30.000 LAN:99 BRK:0 RX_X:0.000 RX_Y:0.000 RX_Z:0.000
[ATTACK-EMIT] CID:2 activeWindow=YES falsified=YES simT=32.090 realPX=679.550 fakePX=679.550 realSPD=15.000 fakeSPD=20.000 realTS=32.090 fakeTS=32.090 lane=99
[PASSIVE-BEACON] SIMNOW:32.104 CID:2 ZONE:2 RXUAV:2 EDGEPORT:9996 TS:32.090 SPD:20.000 HDG:0.000 PX:679.600 PY:-30.000 LAN:99 BRK:0 RX_X:0.000 RX_Y:0.000 RX_Z:0.000
[ATTACK-EMIT] CID:0 activeWindow=YES falsified=YES simT=32.110 realPX=659.850 fakePX=659.850 realSPD=15.000 fakeSPD=20.000 realTS=32.110 fakeTS=32.110 lane=99
[PASSIVE-BEACON] SIMNOW:32.127 CID:0 ZONE:2 RXUAV:2 EDGEPORT:9996 TS:32.110 SPD:20.000 HDG:0.000 PX:659.900 PY:-10.000 LAN:99 BRK:1 RX_X:0.000 RX_Y:0.000 RX_Z:0.000
[PASSIVE-BEACON] SIMNOW:32.144 CID:4 ZONE:2 RXUAV:2 EDGEPORT:9996 TS:32.130 SPD:14.800 HDG:1.600 PX:699.900 PY:-50.000 LAN:5 BRK:0 RX_X:0.000 RX_Y:0.000 RX_Z:0.000
[ZONE-ROUTE] CID:4 zone=2 edge_port=9996
[EDGE-RTT] CID:4 wall=1.6 ms  sim_delay=5.0 ms
[POST-HANDOVER] CID:4 zone=2 pkt=4/10 credit_factor=0.1
>>> [UAV->CLOUD] BLK:91db|TX:7.0.0.8|CID:4|TS:32.130|SPD:14.8|HDG:1.6|PX:699.9|PY:-50.0|L...
[ECON-GATE] CID:4 probation active - suppressing OK reward 1.0
✓ [CAR 4] ACT=OK REP=0.315 RWD=0.000 PNL=0.000 CREDIT=0
[ATTACK-EMIT] CID:5 activeWindow=YES falsified=YES simT=32.242 realPX=681.830 fakePX=681.830 realSPD=15.000 fakeSPD=20.000 realTS=32.242 fakeTS=32.242 lane=1
[PASSIVE-BEACON] SIMNOW:32.306 CID:6 ZONE:2 RXUAV:2 EDGEPORT:9996 TS:32.292 SPD:14.800 HDG:-1.200 PX:692.500 PY:-20.000 LAN:2 BRK:0 RX_X:0.000 RX_Y:0.000 RX_Z:0.000
[ZONE-ROUTE] CID:6 zone=2 edge_port=9996
[EDGE-RTT] CID:6 wall=1.6 ms  sim_delay=5.0 ms
[POST-HANDOVER] CID:6 zone=2 pkt=4/10 credit_factor=0.1
>>> [UAV->CLOUD] BLK:e459|TX:7.0.0.10|CID:6|TS:32.292|SPD:14.8|HDG:-1.2|PX:692.5|PY:-20.0...
[PASSIVE-BEACON] SIMNOW:32.316 CID:9 ZONE:2 RXUAV:2 EDGEPORT:9996 TS:32.302 SPD:15.200 HDG:0.600 PX:722.300 PY:-50.000 LAN:99 BRK:0 RX_X:0.000 RX_Y:0.000 RX_Z:0.000
[ECON-GATE] CID:6 probation active - suppressing OK reward 1.0
✓ [CAR 6] ACT=OK REP=0.914 RWD=0.000 PNL=0.000 CREDIT=13
[ATTACK-EMIT] CID:1 activeWindow=YES falsified=YES simT=32.370 realPX=673.750 fakePX=564.838 realSPD=15.000 fakeSPD=20.000 realTS=32.370 fakeTS=31.870 lane=99
[PASSIVE-BEACON] SIMNOW:32.384 CID:1 ZONE:1 RXUAV:1 EDGEPORT:9998 TS:31.870 SPD:20.000 HDG:0.000 PX:564.800 PY:-20.000 LAN:99 BRK:0 RX_X:0.000 RX_Y:0.000 RX_Z:0.000
[PASSIVE-BEACON] SIMNOW:32.414 CID:3 ZONE:2 RXUAV:2 EDGEPORT:9996 TS:32.400 SPD:14.600 HDG:0.100 PX:693.600 PY:-40.000 LAN:4 BRK:0 RX_X:0.000 RX_Y:0.000 RX_Z:0.000
[ZONE-ROUTE] CID:3 zone=2 edge_port=9996
[EDGE-RTT] CID:3 wall=1.4 ms  sim_delay=5.0 ms
[POST-HANDOVER] CID:3 zone=2 pkt=4/10 credit_factor=0.1
>>> [UAV->CLOUD] BLK:90dd|TX:7.0.0.7|CID:3|TS:32.400|SPD:14.6|HDG:0.1|PX:693.6|PY:-40.0|L...
[ECON-GATE] CID:3 probation active - suppressing OK reward 1.0
✓ [CAR 3] ACT=OK REP=0.312 RWD=0.000 PNL=0.000 CREDIT=5
[ATTACK-EMIT] CID:8 activeWindow=YES falsified=YES simT=32.452 realPX=714.980 fakePX=566.666 realSPD=15.000 fakeSPD=20.000 realTS=32.452 fakeTS=31.952 lane=4
[PASSIVE-BEACON] SIMNOW:32.467 CID:8 ZONE:1 RXUAV:1 EDGEPORT:9998 TS:31.952 SPD:20.000 HDG:0.000 PX:566.700 PY:-40.000 LAN:4 BRK:1 RX_X:0.000 RX_Y:0.000 RX_Z:0.000
[ZONE-ROUTE] CID:8 zone=2 edge_port=9996
[EDGE-RTT] CID:8 wall=1.6 ms  sim_delay=5.0 ms
[POST-HANDOVER] CID:8 zone=2 pkt=3/10 credit_factor=0.1
>>> [UAV->CLOUD] BLK:3ac6|TX:7.0.0.12|CID:8|TS:31.952|SPD:20.0|HDG:0.0|PX:566.7|PY:-40.0|...
[ATTACK-EMIT] CID:7 activeWindow=YES falsified=YES simT=32.472 realPX=705.280 fakePX=705.280 realSPD=15.000 fakeSPD=20.000 realTS=32.472 fakeTS=32.472 lane=99
[ECON-CLAWBACK] CID:8 ACT=WARN prior_payoff=-49.224 extra_penalty=5.250 new_payoff=-54.605
[FORGIVENESS] CID:8 WARN #18 — streak reset, benefits revoked
⚠ [CAR 8] ACT=WARN REP=0.613 RWD=0.000 PNL=5.381 CREDIT=4
[PASSIVE-BEACON] SIMNOW:32.486 CID:7 ZONE:2 RXUAV:2 EDGEPORT:9996 TS:32.472 SPD:20.000 HDG:0.000 PX:705.300 PY:-30.000 LAN:99 BRK:1 RX_X:0.000 RX_Y:0.000 RX_Z:0.000
[ATTACK-EMIT] CID:2 activeWindow=YES falsified=YES simT=32.590 realPX=687.050 fakePX=560.200 realSPD=15.000 fakeSPD=20.000 realTS=32.590 fakeTS=32.090 lane=99
[PASSIVE-BEACON] SIMNOW:32.604 CID:2 ZONE:1 RXUAV:1 EDGEPORT:9998 TS:32.090 SPD:20.000 HDG:0.000 PX:560.200 PY:-30.000 LAN:99 BRK:0 RX_X:0.000 RX_Y:0.000 RX_Z:0.000
[ATTACK-EMIT] CID:0 activeWindow=YES falsified=YES simT=32.610 realPX=667.350 fakePX=562.134 realSPD=15.000 fakeSPD=20.000 realTS=32.610 fakeTS=32.110 lane=99
[PASSIVE-BEACON] SIMNOW:32.626 CID:0 ZONE:1 RXUAV:1 EDGEPORT:9998 TS:32.110 SPD:20.000 HDG:0.000 PX:562.100 PY:-10.000 LAN:99 BRK:0 RX_X:0.000 RX_Y:0.000 RX_Z:0.000
[PASSIVE-BEACON] SIMNOW:32.646 CID:4 ZONE:2 RXUAV:2 EDGEPORT:9996 TS:32.630 SPD:14.600 HDG:-0.800 PX:707.700 PY:-50.000 LAN:5 BRK:0 RX_X:0.000 RX_Y:0.000 RX_Z:0.000
[ZONE-ROUTE] CID:4 zone=2 edge_port=9996
[EDGE-RTT] CID:4 wall=1.7 ms  sim_delay=5.0 ms
[POST-HANDOVER] CID:4 zone=2 pkt=5/10 credit_factor=0.1
>>> [UAV->CLOUD] BLK:3439|TX:7.0.0.8|CID:4|TS:32.630|SPD:14.6|HDG:-0.8|PX:707.7|PY:-50.0|...
[ECON-GATE] CID:4 probation active - suppressing OK reward 1.0
✓ [CAR 4] ACT=OK REP=0.583 RWD=0.000 PNL=0.000 CREDIT=1
[ATTACK-EMIT] CID:5 activeWindow=YES falsified=YES simT=32.742 realPX=689.330 fakePX=561.866 realSPD=15.000 fakeSPD=22.000 realTS=32.742 fakeTS=32.242 lane=1
[PASSIVE-BEACON] SIMNOW:32.806 CID:6 ZONE:2 RXUAV:2 EDGEPORT:9996 TS:32.792 SPD:14.700 HDG:0.500 PX:700.200 PY:-20.000 LAN:2 BRK:0 RX_X:0.000 RX_Y:0.000 RX_Z:0.000
[ZONE-ROUTE] CID:6 zone=2 edge_port=9996
[EDGE-RTT] CID:6 wall=1.7 ms  sim_delay=5.0 ms
[POST-HANDOVER] CID:6 zone=2 pkt=5/10 credit_factor=0.1
>>> [UAV->CLOUD] BLK:c73e|TX:7.0.0.10|CID:6|TS:32.792|SPD:14.7|HDG:0.5|PX:700.2|PY:-20.0|...
[PASSIVE-BEACON] SIMNOW:32.816 CID:9 ZONE:2 RXUAV:2 EDGEPORT:9996 TS:32.802 SPD:15.200 HDG:0.800 PX:730.600 PY:-50.000 LAN:99 BRK:0 RX_X:0.000 RX_Y:0.000 RX_Z:0.000
[ECON-GATE] CID:6 probation active - suppressing OK reward 1.0
[ECON-RESTORE] CID:6 probation cleared after 15 clean packets
✓ [CAR 6] ACT=OK REP=0.716 RWD=0.000 PNL=0.000 CREDIT=14
[ATTACK-EMIT] CID:1 activeWindow=YES falsified=YES simT=32.870 realPX=681.250 fakePX=681.250 realSPD=15.000 fakeSPD=20.000 realTS=32.870 fakeTS=32.870 lane=99
[PASSIVE-BEACON] SIMNOW:32.884 CID:1 ZONE:2 RXUAV:2 EDGEPORT:9996 TS:32.870 SPD:20.000 HDG:0.000 PX:681.300 PY:-20.000 LAN:99 BRK:0 RX_X:0.000 RX_Y:0.000 RX_Z:0.000
[PASSIVE-BEACON] SIMNOW:32.912 CID:3 ZONE:2 RXUAV:2 EDGEPORT:9996 TS:32.900 SPD:14.600 HDG:0.000 PX:701.000 PY:-40.000 LAN:4 BRK:0 RX_X:0.000 RX_Y:0.000 RX_Z:0.000
[ZONE-ROUTE] CID:3 zone=2 edge_port=9996
[EDGE-RTT] CID:3 wall=1.3 ms  sim_delay=5.0 ms
[POST-HANDOVER] CID:3 zone=2 pkt=5/10 credit_factor=0.1
>>> [UAV->CLOUD] BLK:8b3f|TX:7.0.0.7|CID:3|TS:32.900|SPD:14.6|HDG:0.0|PX:701.0|PY:-40.0|L...
[ECON-GATE] CID:3 probation active - suppressing OK reward 1.0
✓ [CAR 3] ACT=OK REP=0.695 RWD=0.000 PNL=0.000 CREDIT=6
[PASSIVE-BEACON] SIMNOW:32.966 CID:8 ZONE:2 RXUAV:2 EDGEPORT:9996 TS:32.952 SPD:15.200 HDG:-0.200 PX:722.300 PY:-40.000 LAN:4 BRK:0 RX_X:0.000 RX_Y:0.000 RX_Z:0.000
[ZONE-ROUTE] CID:8 zone=2 edge_port=9996
[EDGE-RTT] CID:8 wall=1.5 ms  sim_delay=5.0 ms
[POST-HANDOVER] CID:8 zone=2 pkt=4/10 credit_factor=0.1
>>> [UAV->CLOUD] BLK:731f|TX:7.0.0.12|CID:8|TS:32.952|SPD:15.2|HDG:-0.2|PX:722.3|PY:-40.0...
[ATTACK-EMIT] CID:7 activeWindow=YES falsified=YES simT=32.972 realPX=712.780 fakePX=712.780 realSPD=15.000 fakeSPD=20.000 realTS=32.972 fakeTS=32.972 lane=99
[ECON-GATE] CID:8 probation active - suppressing OK reward 0.871
✓ [CAR 8] ACT=OK REP=0.433 RWD=0.000 PNL=0.000 CREDIT=0
[PASSIVE-BEACON] SIMNOW:32.986 CID:7 ZONE:2 RXUAV:2 EDGEPORT:9996 TS:32.972 SPD:20.000 HDG:0.000 PX:712.800 PY:-30.000 LAN:99 BRK:0 RX_X:0.000 RX_Y:0.000 RX_Z:0.000
[ATTACK-EMIT] CID:2 activeWindow=YES falsified=YES simT=33.090 realPX=694.550 fakePX=694.550 realSPD=15.000 fakeSPD=20.000 realTS=33.090 fakeTS=33.090 lane=99
[PASSIVE-BEACON] SIMNOW:33.104 CID:2 ZONE:2 RXUAV:2 EDGEPORT:9996 TS:33.090 SPD:20.000 HDG:0.000 PX:694.600 PY:-30.000 LAN:99 BRK:0 RX_X:0.000 RX_Y:0.000 RX_Z:0.000
[ATTACK-EMIT] CID:0 activeWindow=YES falsified=YES simT=33.110 realPX=674.850 fakePX=674.850 realSPD=15.000 fakeSPD=20.000 realTS=33.110 fakeTS=33.110 lane=99
[PASSIVE-BEACON] SIMNOW:33.124 CID:0 ZONE:2 RXUAV:2 EDGEPORT:9996 TS:33.110 SPD:20.000 HDG:0.000 PX:674.900 PY:-10.000 LAN:99 BRK:0 RX_X:0.000 RX_Y:0.000 RX_Z:0.000
[PASSIVE-BEACON] SIMNOW:33.144 CID:4 ZONE:2 RXUAV:2 EDGEPORT:9996 TS:33.130 SPD:14.500 HDG:0.400 PX:714.700 PY:-50.000 LAN:5 BRK:0 RX_X:0.000 RX_Y:0.000 RX_Z:0.000
[ZONE-ROUTE] CID:4 zone=2 edge_port=9996
[EDGE-RTT] CID:4 wall=1.5 ms  sim_delay=5.0 ms
[POST-HANDOVER] CID:4 zone=2 pkt=6/10 credit_factor=0.1
>>> [UAV->CLOUD] BLK:cc0f|TX:7.0.0.8|CID:4|TS:33.130|SPD:14.5|HDG:0.4|PX:714.7|PY:-50.0|L...
[ECON-GATE] CID:4 probation active - suppressing OK reward 1.0
✓ [CAR 4] ACT=OK REP=0.751 RWD=0.000 PNL=0.000 CREDIT=2
[ATTACK-EMIT] CID:5 activeWindow=YES falsified=YES simT=33.242 realPX=696.830 fakePX=696.830 realSPD=15.000 fakeSPD=20.000 realTS=33.242 fakeTS=33.242 lane=1
[PASSIVE-BEACON] SIMNOW:33.306 CID:6 ZONE:2 RXUAV:2 EDGEPORT:9996 TS:33.292 SPD:15.100 HDG:1.900 PX:707.500 PY:-20.000 LAN:2 BRK:0 RX_X:0.000 RX_Y:0.000 RX_Z:0.000
[ZONE-ROUTE] CID:6 zone=2 edge_port=9996
[EDGE-RTT] CID:6 wall=1.5 ms  sim_delay=5.0 ms
[POST-HANDOVER] CID:6 zone=2 pkt=6/10 credit_factor=0.1
>>> [UAV->CLOUD] BLK:5e40|TX:7.0.0.10|CID:6|TS:33.292|SPD:15.1|HDG:1.9|PX:707.5|PY:-20.0|...
[PASSIVE-BEACON] SIMNOW:33.318 CID:9 ZONE:2 RXUAV:2 EDGEPORT:9996 TS:33.302 SPD:14.700 HDG:-0.300 PX:737.900 PY:-50.000 LAN:99 BRK:0 RX_X:0.000 RX_Y:0.000 RX_Z:0.000
✓ [CAR 6] ACT=OK REP=0.673 RWD=1.000 PNL=0.000 CREDIT=15
[ATTACK-EMIT] CID:1 activeWindow=YES falsified=YES simT=33.370 realPX=688.750 fakePX=688.750 realSPD=15.000 fakeSPD=20.000 realTS=33.370 fakeTS=33.370 lane=99
[PASSIVE-BEACON] SIMNOW:33.383 CID:1 ZONE:2 RXUAV:2 EDGEPORT:9996 TS:33.370 SPD:20.000 HDG:0.000 PX:688.800 PY:-20.000 LAN:99 BRK:0 RX_X:0.000 RX_Y:0.000 RX_Z:0.000
[PASSIVE-BEACON] SIMNOW:33.414 CID:3 ZONE:2 RXUAV:2 EDGEPORT:9996 TS:33.400 SPD:14.900 HDG:1.500 PX:709.800 PY:-40.000 LAN:4 BRK:0 RX_X:0.000 RX_Y:0.000 RX_Z:0.000
[ZONE-ROUTE] CID:3 zone=2 edge_port=9996
[EDGE-RTT] CID:3 wall=1.5 ms  sim_delay=5.0 ms
[POST-HANDOVER] CID:3 zone=2 pkt=6/10 credit_factor=0.1
>>> [UAV->CLOUD] BLK:1f78|TX:7.0.0.7|CID:3|TS:33.400|SPD:14.9|HDG:1.5|PX:709.8|PY:-40.0|L...
[ECON-GATE] CID:3 probation active - suppressing OK reward 1.0
✓ [CAR 3] ACT=OK REP=0.459 RWD=0.000 PNL=0.000 CREDIT=7
[PASSIVE-BEACON] SIMNOW:33.469 CID:8 ZONE:2 RXUAV:2 EDGEPORT:9996 TS:33.452 SPD:14.600 HDG:-1.500 PX:730.100 PY:-40.000 LAN:4 BRK:0 RX_X:0.000 RX_Y:0.000 RX_Z:0.000
[ZONE-ROUTE] CID:8 zone=2 edge_port=9996
[EDGE-RTT] CID:8 wall=1.3 ms  sim_delay=5.0 ms
[POST-HANDOVER] CID:8 zone=2 pkt=5/10 credit_factor=0.1
>>> [UAV->CLOUD] BLK:0dc5|TX:7.0.0.12|CID:8|TS:33.452|SPD:14.6|HDG:-1.5|PX:730.1|PY:-40.0...
[ECON-GATE] CID:8 probation active - suppressing OK reward 1.0
✓ [CAR 8] ACT=OK REP=0.520 RWD=0.000 PNL=0.000 CREDIT=1
[PASSIVE-BEACON] SIMNOW:33.486 CID:7 ZONE:2 RXUAV:2 EDGEPORT:9996 TS:33.472 SPD:15.100 HDG:1.400 PX:720.800 PY:-30.000 LAN:99 BRK:1 RX_X:0.000 RX_Y:0.000 RX_Z:0.000
[ATTACK-EMIT] CID:2 activeWindow=YES falsified=YES simT=33.590 realPX=702.050 fakePX=702.050 realSPD=15.000 fakeSPD=20.000 realTS=33.590 fakeTS=33.590 lane=99
[PASSIVE-BEACON] SIMNOW:33.604 CID:2 ZONE:2 RXUAV:2 EDGEPORT:9996 TS:33.590 SPD:20.000 HDG:0.000 PX:702.100 PY:-30.000 LAN:99 BRK:1 RX_X:0.000 RX_Y:0.000 RX_Z:0.000
[ATTACK-EMIT] CID:0 activeWindow=YES falsified=YES simT=33.610 realPX=682.350 fakePX=682.350 realSPD=15.000 fakeSPD=20.000 realTS=33.610 fakeTS=33.610 lane=99
[PASSIVE-BEACON] SIMNOW:33.624 CID:0 ZONE:2 RXUAV:2 EDGEPORT:9996 TS:33.610 SPD:20.000 HDG:0.000 PX:682.400 PY:-10.000 LAN:99 BRK:0 RX_X:0.000 RX_Y:0.000 RX_Z:0.000
[PASSIVE-BEACON] SIMNOW:33.645 CID:4 ZONE:2 RXUAV:2 EDGEPORT:9996 TS:33.630 SPD:15.300 HDG:2.000 PX:722.900 PY:-50.000 LAN:5 BRK:1 RX_X:0.000 RX_Y:0.000 RX_Z:0.000
[ZONE-ROUTE] CID:4 zone=2 edge_port=9996
[EDGE-RTT] CID:4 wall=1.4 ms  sim_delay=5.0 ms
[POST-HANDOVER] CID:4 zone=2 pkt=7/10 credit_factor=0.1
>>> [UAV->CLOUD] BLK:a184|TX:7.0.0.8|CID:4|TS:33.630|SPD:15.3|HDG:2.0|PX:722.9|PY:-50.0|L...
[ECON-GATE] CID:4 probation active - suppressing OK reward 1.0
✓ [CAR 4] ACT=OK REP=0.796 RWD=0.000 PNL=0.000 CREDIT=3
[ATTACK-EMIT] CID:5 activeWindow=YES falsified=YES simT=33.742 realPX=704.330 fakePX=704.330 realSPD=15.000 fakeSPD=20.000 realTS=33.742 fakeTS=33.742 lane=1
[PASSIVE-BEACON] SIMNOW:33.809 CID:6 ZONE:2 RXUAV:2 EDGEPORT:9996 TS:33.792 SPD:15.300 HDG:1.100 PX:715.000 PY:-20.000 LAN:2 BRK:1 RX_X:0.000 RX_Y:0.000 RX_Z:0.000
[ZONE-ROUTE] CID:6 zone=2 edge_port=9996
[EDGE-RTT] CID:6 wall=1.4 ms  sim_delay=5.0 ms
[POST-HANDOVER] CID:6 zone=2 pkt=7/10 credit_factor=0.1
>>> [UAV->CLOUD] BLK:1207|TX:7.0.0.10|CID:6|TS:33.792|SPD:15.3|HDG:1.1|PX:715.0|PY:-20.0|...
[PASSIVE-BEACON] SIMNOW:33.816 CID:9 ZONE:2 RXUAV:2 EDGEPORT:9996 TS:33.802 SPD:14.800 HDG:0.200 PX:744.900 PY:-50.000 LAN:99 BRK:0 RX_X:0.000 RX_Y:0.000 RX_Z:0.000
✓ [CAR 6] ACT=OK REP=1.000 RWD=1.000 PNL=0.000 CREDIT=16
[ATTACK-EMIT] CID:1 activeWindow=YES falsified=YES simT=33.870 realPX=696.250 fakePX=564.736 realSPD=15.000 fakeSPD=20.000 realTS=33.870 fakeTS=33.370 lane=99
[PASSIVE-BEACON] SIMNOW:33.884 CID:1 ZONE:1 RXUAV:1 EDGEPORT:9998 TS:33.370 SPD:20.000 HDG:0.000 PX:564.700 PY:-20.000 LAN:99 BRK:0 RX_X:0.000 RX_Y:0.000 RX_Z:0.000
[PASSIVE-BEACON] SIMNOW:33.914 CID:3 ZONE:2 RXUAV:2 EDGEPORT:9996 TS:33.900 SPD:15.200 HDG:0.500 PX:716.100 PY:-40.000 LAN:4 BRK:0 RX_X:0.000 RX_Y:0.000 RX_Z:0.000
[ZONE-ROUTE] CID:3 zone=2 edge_port=9996
[EDGE-RTT] CID:3 wall=1.6 ms  sim_delay=5.0 ms
[POST-HANDOVER] CID:3 zone=2 pkt=7/10 credit_factor=0.1
>>> [UAV->CLOUD] BLK:f9f5|TX:7.0.0.7|CID:3|TS:33.900|SPD:15.2|HDG:0.5|PX:716.1|PY:-40.0|L...
[ECON-GATE] CID:3 probation active - suppressing OK reward 1.0
✓ [CAR 3] ACT=OK REP=0.448 RWD=0.000 PNL=0.000 CREDIT=8
[PASSIVE-BEACON] SIMNOW:33.965 CID:8 ZONE:2 RXUAV:2 EDGEPORT:9996 TS:33.952 SPD:15.200 HDG:-1.100 PX:737.800 PY:-40.000 LAN:4 BRK:0 RX_X:0.000 RX_Y:0.000 RX_Z:0.000
[ZONE-ROUTE] CID:8 zone=2 edge_port=9996
[EDGE-RTT] CID:8 wall=1.5 ms  sim_delay=5.0 ms
[POST-HANDOVER] CID:8 zone=2 pkt=6/10 credit_factor=0.1
>>> [UAV->CLOUD] BLK:0d4a|TX:7.0.0.12|CID:8|TS:33.952|SPD:15.2|HDG:-1.1|PX:737.8|PY:-40.0...
[ECON-GATE] CID:8 probation active - suppressing OK reward 1.0
✓ [CAR 8] ACT=OK REP=0.622 RWD=0.000 PNL=0.000 CREDIT=2
[PASSIVE-BEACON] SIMNOW:33.986 CID:7 ZONE:2 RXUAV:2 EDGEPORT:9996 TS:33.972 SPD:15.000 HDG:-1.900 PX:727.500 PY:-30.000 LAN:99 BRK:0 RX_X:0.000 RX_Y:0.000 RX_Z:0.000
[ATTACK-EMIT] CID:2 activeWindow=YES falsified=YES simT=34.090 realPX=709.550 fakePX=560.122 realSPD=15.000 fakeSPD=20.000 realTS=34.090 fakeTS=33.590 lane=99
[PASSIVE-BEACON] SIMNOW:34.104 CID:2 ZONE:1 RXUAV:1 EDGEPORT:9998 TS:33.590 SPD:20.000 HDG:0.000 PX:560.100 PY:-30.000 LAN:99 BRK:1 RX_X:0.000 RX_Y:0.000 RX_Z:0.000
[ATTACK-EMIT] CID:0 activeWindow=YES falsified=YES simT=34.110 realPX=689.850 fakePX=562.590 realSPD=15.000 fakeSPD=20.000 realTS=34.110 fakeTS=33.610 lane=99
[PASSIVE-BEACON] SIMNOW:34.125 CID:0 ZONE:1 RXUAV:1 EDGEPORT:9998 TS:33.610 SPD:20.000 HDG:0.000 PX:562.600 PY:-10.000 LAN:99 BRK:0 RX_X:0.000 RX_Y:0.000 RX_Z:0.000
[PASSIVE-BEACON] SIMNOW:34.147 CID:4 ZONE:2 RXUAV:2 EDGEPORT:9996 TS:34.130 SPD:15.200 HDG:-0.100 PX:730.700 PY:-50.000 LAN:5 BRK:0 RX_X:0.000 RX_Y:0.000 RX_Z:0.000
[ZONE-ROUTE] CID:4 zone=2 edge_port=9996
[EDGE-RTT] CID:4 wall=1.5 ms  sim_delay=5.0 ms
[POST-HANDOVER] CID:4 zone=2 pkt=8/10 credit_factor=0.1
>>> [UAV->CLOUD] BLK:b6f0|TX:7.0.0.8|CID:4|TS:34.130|SPD:15.2|HDG:-0.1|PX:730.7|PY:-50.0|...
[ECON-GATE] CID:4 probation active - suppressing OK reward 1.0
✓ [CAR 4] ACT=OK REP=0.679 RWD=0.000 PNL=0.000 CREDIT=4
[ATTACK-EMIT] CID:5 activeWindow=YES falsified=YES simT=34.242 realPX=711.830 fakePX=561.614 realSPD=15.000 fakeSPD=22.000 realTS=34.242 fakeTS=33.742 lane=1
[PASSIVE-BEACON] SIMNOW:34.306 CID:6 ZONE:2 RXUAV:2 EDGEPORT:9996 TS:34.292 SPD:15.500 HDG:-0.600 PX:722.800 PY:-20.000 LAN:2 BRK:0 RX_X:0.000 RX_Y:0.000 RX_Z:0.000
[ZONE-ROUTE] CID:6 zone=2 edge_port=9996
[EDGE-RTT] CID:6 wall=1.5 ms  sim_delay=5.0 ms
[POST-HANDOVER] CID:6 zone=2 pkt=8/10 credit_factor=0.1
>>> [UAV->CLOUD] BLK:f4d8|TX:7.0.0.10|CID:6|TS:34.292|SPD:15.5|HDG:-0.6|PX:722.8|PY:-20.0...
[PASSIVE-BEACON] SIMNOW:34.316 CID:9 ZONE:2 RXUAV:2 EDGEPORT:9996 TS:34.302 SPD:14.600 HDG:0.400 PX:752.000 PY:-50.000 LAN:99 BRK:0 RX_X:0.000 RX_Y:0.000 RX_Z:0.000
✓ [CAR 6] ACT=OK REP=0.576 RWD=1.000 PNL=0.000 CREDIT=17
[ATTACK-EMIT] CID:1 activeWindow=YES falsified=YES simT=34.370 realPX=703.750 fakePX=703.750 realSPD=15.000 fakeSPD=20.000 realTS=34.370 fakeTS=34.370 lane=99
[PASSIVE-BEACON] SIMNOW:34.384 CID:1 ZONE:2 RXUAV:2 EDGEPORT:9996 TS:34.370 SPD:20.000 HDG:0.000 PX:703.800 PY:-20.000 LAN:99 BRK:1 RX_X:0.000 RX_Y:0.000 RX_Z:0.000
[PASSIVE-BEACON] SIMNOW:34.413 CID:3 ZONE:2 RXUAV:2 EDGEPORT:9996 TS:34.400 SPD:15.100 HDG:-1.100 PX:724.400 PY:-40.000 LAN:4 BRK:0 RX_X:0.000 RX_Y:0.000 RX_Z:0.000
[ZONE-ROUTE] CID:3 zone=2 edge_port=9996
[EDGE-RTT] CID:3 wall=1.6 ms  sim_delay=5.0 ms
[POST-HANDOVER] CID:3 zone=2 pkt=8/10 credit_factor=0.1
>>> [UAV->CLOUD] BLK:3718|TX:7.0.0.7|CID:3|TS:34.400|SPD:15.1|HDG:-1.1|PX:724.4|PY:-40.0|...
[ECON-GATE] CID:3 probation active - suppressing OK reward 1.0
✓ [CAR 3] ACT=OK REP=0.517 RWD=0.000 PNL=0.000 CREDIT=9
[PASSIVE-BEACON] SIMNOW:34.466 CID:8 ZONE:2 RXUAV:2 EDGEPORT:9996 TS:34.452 SPD:15.300 HDG:-1.900 PX:744.800 PY:-40.000 LAN:4 BRK:0 RX_X:0.000 RX_Y:0.000 RX_Z:0.000
[ZONE-ROUTE] CID:8 zone=2 edge_port=9996
[EDGE-RTT] CID:8 wall=1.4 ms  sim_delay=5.0 ms
[POST-HANDOVER] CID:8 zone=2 pkt=7/10 credit_factor=0.1
>>> [UAV->CLOUD] BLK:d35a|TX:7.0.0.12|CID:8|TS:34.452|SPD:15.3|HDG:-1.9|PX:744.8|PY:-40.0...
[ECON-GATE] CID:8 probation active - suppressing OK reward 1.0
✓ [CAR 8] ACT=OK REP=0.592 RWD=0.000 PNL=0.000 CREDIT=3
[PASSIVE-BEACON] SIMNOW:34.486 CID:7 ZONE:2 RXUAV:2 EDGEPORT:9996 TS:34.472 SPD:15.200 HDG:-0.600 PX:735.500 PY:-30.000 LAN:99 BRK:1 RX_X:0.000 RX_Y:0.000 RX_Z:0.000
[ATTACK-EMIT] CID:2 activeWindow=YES falsified=YES simT=34.590 realPX=717.050 fakePX=717.050 realSPD=15.000 fakeSPD=20.000 realTS=34.590 fakeTS=34.590 lane=99
[PASSIVE-BEACON] SIMNOW:34.604 CID:2 ZONE:2 RXUAV:2 EDGEPORT:9996 TS:34.590 SPD:20.000 HDG:0.000 PX:717.100 PY:-30.000 LAN:99 BRK:0 RX_X:0.000 RX_Y:0.000 RX_Z:0.000
[ATTACK-EMIT] CID:0 activeWindow=YES falsified=YES simT=34.610 realPX=697.350 fakePX=697.350 realSPD=15.000 fakeSPD=20.000 realTS=34.610 fakeTS=34.610 lane=99
[PASSIVE-BEACON] SIMNOW:34.624 CID:0 ZONE:2 RXUAV:2 EDGEPORT:9996 TS:34.610 SPD:20.000 HDG:0.000 PX:697.400 PY:-10.000 LAN:99 BRK:0 RX_X:0.000 RX_Y:0.000 RX_Z:0.000
[PASSIVE-BEACON] SIMNOW:34.645 CID:4 ZONE:2 RXUAV:2 EDGEPORT:9996 TS:34.630 SPD:15.000 HDG:-0.600 PX:737.000 PY:-50.000 LAN:5 BRK:0 RX_X:0.000 RX_Y:0.000 RX_Z:0.000
[ZONE-ROUTE] CID:4 zone=2 edge_port=9996
[EDGE-RTT] CID:4 wall=1.1 ms  sim_delay=5.0 ms
[POST-HANDOVER] CID:4 zone=2 pkt=9/10 credit_factor=0.1
>>> [UAV->CLOUD] BLK:5df3|TX:7.0.0.8|CID:4|TS:34.630|SPD:15.0|HDG:-0.6|PX:737.0|PY:-50.0|...
[ECON-GATE] CID:4 probation active - suppressing OK reward 1.0
✓ [CAR 4] ACT=OK REP=0.666 RWD=0.000 PNL=0.000 CREDIT=5
[ATTACK-EMIT] CID:5 activeWindow=YES falsified=YES simT=34.742 realPX=719.330 fakePX=719.330 realSPD=15.000 fakeSPD=20.000 realTS=34.742 fakeTS=34.742 lane=1
[PASSIVE-BEACON] SIMNOW:34.806 CID:6 ZONE:2 RXUAV:2 EDGEPORT:9996 TS:34.792 SPD:14.600 HDG:0.700 PX:730.500 PY:-20.000 LAN:2 BRK:0 RX_X:0.000 RX_Y:0.000 RX_Z:0.000
[ZONE-ROUTE] CID:6 zone=2 edge_port=9996
[EDGE-RTT] CID:6 wall=1.2 ms  sim_delay=5.0 ms
[POST-HANDOVER] CID:6 zone=2 pkt=9/10 credit_factor=0.1
>>> [UAV->CLOUD] BLK:9436|TX:7.0.0.10|CID:6|TS:34.792|SPD:14.6|HDG:0.7|PX:730.5|PY:-20.0|...
[PASSIVE-BEACON] SIMNOW:34.819 CID:9 ZONE:2 RXUAV:2 EDGEPORT:9996 TS:34.802 SPD:15.200 HDG:-0.700 PX:759.600 PY:-50.000 LAN:99 BRK:0 RX_X:0.000 RX_Y:0.000 RX_Z:0.000
✓ [CAR 6] ACT=OK REP=0.719 RWD=1.000 PNL=0.000 CREDIT=18
[ATTACK-EMIT] CID:1 activeWindow=YES falsified=YES simT=34.870 realPX=711.250 fakePX=711.250 realSPD=15.000 fakeSPD=20.000 realTS=34.870 fakeTS=34.870 lane=99
[PASSIVE-BEACON] SIMNOW:34.883 CID:1 ZONE:2 RXUAV:2 EDGEPORT:9996 TS:34.870 SPD:20.000 HDG:0.000 PX:711.300 PY:-20.000 LAN:99 BRK:0 RX_X:0.000 RX_Y:0.000 RX_Z:0.000
[PASSIVE-BEACON] SIMNOW:34.917 CID:3 ZONE:2 RXUAV:2 EDGEPORT:9996 TS:34.900 SPD:15.500 HDG:-1.400 PX:731.000 PY:-40.000 LAN:4 BRK:0 RX_X:0.000 RX_Y:0.000 RX_Z:0.000
[ZONE-ROUTE] CID:3 zone=2 edge_port=9996
[EDGE-RTT] CID:3 wall=1.4 ms  sim_delay=5.0 ms
[POST-HANDOVER] CID:3 zone=2 pkt=9/10 credit_factor=0.1
>>> [UAV->CLOUD] BLK:2045|TX:7.0.0.7|CID:3|TS:34.900|SPD:15.5|HDG:-1.4|PX:731.0|PY:-40.0|...
[ECON-GATE] CID:3 probation active - suppressing OK reward 1.0
✓ [CAR 3] ACT=OK REP=0.497 RWD=0.000 PNL=0.000 CREDIT=10
[PASSIVE-BEACON] SIMNOW:34.966 CID:8 ZONE:2 RXUAV:2 EDGEPORT:9996 TS:34.952 SPD:15.000 HDG:-1.100 PX:752.700 PY:-40.000 LAN:4 BRK:0 RX_X:0.000 RX_Y:0.000 RX_Z:0.000
[ZONE-ROUTE] CID:8 zone=2 edge_port=9996
[EDGE-RTT] CID:8 wall=1.4 ms  sim_delay=5.0 ms
[POST-HANDOVER] CID:8 zone=2 pkt=8/10 credit_factor=0.1
>>> [UAV->CLOUD] BLK:4639|TX:7.0.0.12|CID:8|TS:34.952|SPD:15.0|HDG:-1.1|PX:752.7|PY:-40.0...
[ECON-GATE] CID:8 probation active - suppressing OK reward 1.0
✓ [CAR 8] ACT=OK REP=0.637 RWD=0.000 PNL=0.000 CREDIT=4
[PASSIVE-BEACON] SIMNOW:34.986 CID:7 ZONE:2 RXUAV:2 EDGEPORT:9996 TS:34.972 SPD:15.400 HDG:-0.200 PX:742.100 PY:-30.000 LAN:99 BRK:0 RX_X:0.000 RX_Y:0.000 RX_Z:0.000
[PASSIVE-BEACON] SIMNOW:35.104 CID:2 ZONE:2 RXUAV:2 EDGEPORT:9996 TS:35.090 SPD:14.900 HDG:0.700 PX:724.400 PY:-30.000 LAN:99 BRK:1 RX_X:0.000 RX_Y:0.000 RX_Z:0.000
[ATTACK-EMIT] CID:0 activeWindow=YES falsified=YES simT=35.110 realPX=704.850 fakePX=704.850 realSPD=15.000 fakeSPD=20.000 realTS=35.110 fakeTS=35.110 lane=99
[PASSIVE-BEACON] SIMNOW:35.124 CID:0 ZONE:2 RXUAV:2 EDGEPORT:9996 TS:35.110 SPD:20.000 HDG:0.000 PX:704.900 PY:-10.000 LAN:99 BRK:0 RX_X:0.000 RX_Y:0.000 RX_Z:0.000
[PASSIVE-BEACON] SIMNOW:35.144 CID:4 ZONE:2 RXUAV:2 EDGEPORT:9996 TS:35.130 SPD:15.400 HDG:0.000 PX:744.700 PY:-50.000 LAN:5 BRK:0 RX_X:0.000 RX_Y:0.000 RX_Z:0.000
[ZONE-ROUTE] CID:4 zone=2 edge_port=9996
[EDGE-RTT] CID:4 wall=1.3 ms  sim_delay=5.0 ms
[POST-HANDOVER] CID:4 zone=2 pkt=10/10 credit_factor=0.1
[POST-HANDOVER-END] CID:4 zone=2 probation complete
>>> [UAV->CLOUD] BLK:812d|TX:7.0.0.8|CID:4|TS:35.130|SPD:15.4|HDG:0.0|PX:744.7|PY:-50.0|L...
[ECON-GATE] CID:4 probation active - suppressing OK reward 1.0
✓ [CAR 4] ACT=OK REP=0.749 RWD=0.000 PNL=0.000 CREDIT=6
[PASSIVE-BEACON] SIMNOW:35.309 CID:6 ZONE:2 RXUAV:2 EDGEPORT:9996 TS:35.292 SPD:15.100 HDG:0.800 PX:738.300 PY:-20.000 LAN:2 BRK:1 RX_X:0.000 RX_Y:0.000 RX_Z:0.000
[ZONE-ROUTE] CID:6 zone=2 edge_port=9996
[EDGE-RTT] CID:6 wall=1.2 ms  sim_delay=5.0 ms
[POST-HANDOVER] CID:6 zone=2 pkt=10/10 credit_factor=0.1
[POST-HANDOVER-END] CID:6 zone=2 probation complete
>>> [UAV->CLOUD] BLK:e1e8|TX:7.0.0.10|CID:6|TS:35.292|SPD:15.1|HDG:0.8|PX:738.3|PY:-20.0|...
[PASSIVE-BEACON] SIMNOW:35.316 CID:9 ZONE:2 RXUAV:2 EDGEPORT:9996 TS:35.302 SPD:15.200 HDG:-1.000 PX:768.200 PY:-50.000 LAN:99 BRK:0 RX_X:0.000 RX_Y:0.000 RX_Z:0.000
✓ [CAR 6] ACT=OK REP=0.446 RWD=1.000 PNL=0.000 CREDIT=19
[ATTACK-EMIT] CID:1 activeWindow=YES falsified=YES simT=35.370 realPX=718.750 fakePX=565.102 realSPD=15.000 fakeSPD=20.000 realTS=35.370 fakeTS=34.870 lane=99
[PASSIVE-BEACON] SIMNOW:35.387 CID:1 ZONE:1 RXUAV:1 EDGEPORT:9998 TS:34.870 SPD:20.000 HDG:0.000 PX:565.100 PY:-20.000 LAN:99 BRK:1 RX_X:0.000 RX_Y:0.000 RX_Z:0.000
[PASSIVE-BEACON] SIMNOW:35.417 CID:3 ZONE:2 RXUAV:2 EDGEPORT:9996 TS:35.400 SPD:14.800 HDG:-0.700 PX:739.700 PY:-40.000 LAN:4 BRK:0 RX_X:0.000 RX_Y:0.000 RX_Z:0.000
[ZONE-ROUTE] CID:3 zone=2 edge_port=9996
[EDGE-RTT] CID:3 wall=1.2 ms  sim_delay=5.0 ms
[POST-HANDOVER] CID:3 zone=2 pkt=10/10 credit_factor=0.1
[POST-HANDOVER-END] CID:3 zone=2 probation complete
>>> [UAV->CLOUD] BLK:7e37|TX:7.0.0.7|CID:3|TS:35.400|SPD:14.8|HDG:-0.7|PX:739.7|PY:-40.0|...
[ECON-GATE] CID:3 probation active - suppressing OK reward 1.0
✓ [CAR 3] ACT=OK REP=0.934 RWD=0.000 PNL=0.000 CREDIT=11
[PASSIVE-BEACON] SIMNOW:35.466 CID:8 ZONE:2 RXUAV:2 EDGEPORT:9996 TS:35.452 SPD:14.900 HDG:0.100 PX:759.400 PY:-40.000 LAN:4 BRK:0 RX_X:0.000 RX_Y:0.000 RX_Z:0.000
[ZONE-ROUTE] CID:8 zone=2 edge_port=9996
[EDGE-RTT] CID:8 wall=1.2 ms  sim_delay=5.0 ms
[POST-HANDOVER] CID:8 zone=2 pkt=9/10 credit_factor=0.1
>>> [UAV->CLOUD] BLK:9357|TX:7.0.0.12|CID:8|TS:35.452|SPD:14.9|HDG:0.1|PX:759.4|PY:-40.0|...
[ECON-GATE] CID:8 probation active - suppressing OK reward 1.0
✓ [CAR 8] ACT=OK REP=0.731 RWD=0.000 PNL=0.000 CREDIT=5
[PASSIVE-BEACON] SIMNOW:35.486 CID:7 ZONE:2 RXUAV:2 EDGEPORT:9996 TS:35.472 SPD:14.900 HDG:0.200 PX:749.900 PY:-30.000 LAN:99 BRK:0 RX_X:0.000 RX_Y:0.000 RX_Z:0.000
[PASSIVE-BEACON] SIMNOW:35.604 CID:2 ZONE:2 RXUAV:2 EDGEPORT:9996 TS:35.590 SPD:14.900 HDG:-0.900 PX:731.700 PY:-30.000 LAN:99 BRK:0 RX_X:0.000 RX_Y:0.000 RX_Z:0.000
[ATTACK-EMIT] CID:0 activeWindow=YES falsified=YES simT=35.610 realPX=712.350 fakePX=562.476 realSPD=15.000 fakeSPD=20.000 realTS=35.610 fakeTS=35.110 lane=99
[PASSIVE-BEACON] SIMNOW:35.626 CID:0 ZONE:1 RXUAV:1 EDGEPORT:9998 TS:35.110 SPD:20.000 HDG:0.000 PX:562.500 PY:-10.000 LAN:99 BRK:0 RX_X:0.000 RX_Y:0.000 RX_Z:0.000
[PASSIVE-BEACON] SIMNOW:35.647 CID:4 ZONE:2 RXUAV:2 EDGEPORT:9996 TS:35.630 SPD:15.500 HDG:-0.100 PX:752.400 PY:-50.000 LAN:5 BRK:1 RX_X:0.000 RX_Y:0.000 RX_Z:0.000
[ZONE-ROUTE] CID:4 zone=2 edge_port=9996
[EDGE-RTT] CID:4 wall=1.2 ms  sim_delay=5.0 ms
>>> [UAV->CLOUD] BLK:eb37|TX:7.0.0.8|CID:4|TS:35.630|SPD:15.5|HDG:-0.1|PX:752.4|PY:-50.0|...
[ECON-GATE] CID:4 probation active - suppressing OK reward 1.0
✓ [CAR 4] ACT=OK REP=0.517 RWD=0.000 PNL=0.000 CREDIT=7
[PASSIVE-BEACON] SIMNOW:35.804 CID:6 ZONE:2 RXUAV:2 EDGEPORT:9996 TS:35.792 SPD:15.200 HDG:-0.600 PX:744.700 PY:-20.000 LAN:2 BRK:0 RX_X:0.000 RX_Y:0.000 RX_Z:0.000
[ZONE-ROUTE] CID:6 zone=2 edge_port=9996
[EDGE-RTT] CID:6 wall=1.8 ms  sim_delay=5.0 ms
>>> [UAV->CLOUD] BLK:4380|TX:7.0.0.10|CID:6|TS:35.792|SPD:15.2|HDG:-0.6|PX:744.7|PY:-20.0...
[PASSIVE-BEACON] SIMNOW:35.816 CID:9 ZONE:2 RXUAV:2 EDGEPORT:9996 TS:35.802 SPD:15.500 HDG:1.400 PX:775.500 PY:-50.000 LAN:99 BRK:0 RX_X:0.000 RX_Y:0.000 RX_Z:0.000
✓ [CAR 6] ACT=OK REP=0.739 RWD=1.000 PNL=0.000 CREDIT=20
[PASSIVE-BEACON] SIMNOW:35.884 CID:1 ZONE:2 RXUAV:2 EDGEPORT:9996 TS:35.870 SPD:14.800 HDG:0.900 PX:726.100 PY:-20.000 LAN:99 BRK:0 RX_X:0.000 RX_Y:0.000 RX_Z:0.000
[PASSIVE-BEACON] SIMNOW:35.914 CID:3 ZONE:2 RXUAV:2 EDGEPORT:9996 TS:35.900 SPD:15.200 HDG:-0.600 PX:746.600 PY:-40.000 LAN:4 BRK:0 RX_X:0.000 RX_Y:0.000 RX_Z:0.000
[ZONE-ROUTE] CID:3 zone=2 edge_port=9996
[EDGE-RTT] CID:3 wall=1.8 ms  sim_delay=5.0 ms
>>> [UAV->CLOUD] BLK:0184|TX:7.0.0.7|CID:3|TS:35.900|SPD:15.2|HDG:-0.6|PX:746.6|PY:-40.0|...
[ECON-GATE] CID:3 probation active - suppressing OK reward 1.0
✓ [CAR 3] ACT=OK REP=0.730 RWD=0.000 PNL=0.000 CREDIT=12
[PASSIVE-BEACON] SIMNOW:35.966 CID:8 ZONE:2 RXUAV:2 EDGEPORT:9996 TS:35.952 SPD:15.100 HDG:0.500 PX:766.900 PY:-40.000 LAN:4 BRK:0 RX_X:0.000 RX_Y:0.000 RX_Z:0.000
[ZONE-ROUTE] CID:8 zone=2 edge_port=9996
[EDGE-RTT] CID:8 wall=1.6 ms  sim_delay=5.0 ms
[POST-HANDOVER] CID:8 zone=2 pkt=10/10 credit_factor=0.1
[POST-HANDOVER-END] CID:8 zone=2 probation complete
>>> [UAV->CLOUD] BLK:0fc3|TX:7.0.0.12|CID:8|TS:35.952|SPD:15.1|HDG:0.5|PX:766.9|PY:-40.0|...
[ECON-GATE] CID:8 probation active - suppressing OK reward 1.0
✓ [CAR 8] ACT=OK REP=0.672 RWD=0.000 PNL=0.000 CREDIT=6
[PASSIVE-BEACON] SIMNOW:35.986 CID:7 ZONE:2 RXUAV:2 EDGEPORT:9996 TS:35.972 SPD:14.800 HDG:-1.200 PX:758.200 PY:-30.000 LAN:99 BRK:0 RX_X:0.000 RX_Y:0.000 RX_Z:0.000

── PAYOFF SUMMARY ─────────────────────────────────
[PAYOFF] CID:0 cumulative_payoff=-112.686 honest_wins=0 warn_count=26 adverse_count=1 demoted=YES return_threshold=60 lane_upgraded=NO scrutiny_reduced=NO malicious=YES
[PAYOFF] CID:1 cumulative_payoff=-104.838 honest_wins=0 warn_count=25 adverse_count=1 demoted=YES return_threshold=60 lane_upgraded=NO scrutiny_reduced=NO malicious=YES
[PAYOFF] CID:2 cumulative_payoff=-71.638 honest_wins=0 warn_count=20 adverse_count=1 demoted=YES return_threshold=60 lane_upgraded=NO scrutiny_reduced=NO malicious=YES
[PAYOFF] CID:3 cumulative_payoff=-91.834 honest_wins=13 warn_count=24 adverse_count=0 demoted=NO return_threshold=0 lane_upgraded=NO scrutiny_reduced=NO malicious=NO
[PAYOFF] CID:4 cumulative_payoff=-91.528 honest_wins=8 warn_count=24 adverse_count=0 demoted=NO return_threshold=0 lane_upgraded=NO scrutiny_reduced=NO malicious=NO
[PAYOFF] CID:5 cumulative_payoff=12.993 honest_wins=13 warn_count=0 adverse_count=0 demoted=NO return_threshold=0 lane_upgraded=NO scrutiny_reduced=NO malicious=YES
[PAYOFF] CID:6 cumulative_payoff=-72.832 honest_wins=21 warn_count=22 adverse_count=0 demoted=NO return_threshold=0 lane_upgraded=NO scrutiny_reduced=NO malicious=NO
[PAYOFF] CID:7 cumulative_payoff=-71.774 honest_wins=0 warn_count=20 adverse_count=1 demoted=YES return_threshold=60 lane_upgraded=NO scrutiny_reduced=NO malicious=YES
[PAYOFF] CID:8 cumulative_payoff=-54.605 honest_wins=7 warn_count=18 adverse_count=0 demoted=NO return_threshold=0 lane_upgraded=NO scrutiny_reduced=NO malicious=YES
[PAYOFF] CID:9 cumulative_payoff=-39.823 honest_wins=0 warn_count=14 adverse_count=1 demoted=YES return_threshold=60 lane_upgraded=NO scrutiny_reduced=NO malicious=YES

--------------------------------------------------
 SIMULATION COMPLETE v90-multiuav (adaptive edge-cloud, bridge mode only)  nCars=10  attackRate=50%  attackType=5  RngRun=15
--------------------------------------------------
