[0/2] Re-checking globbed directories...
ninja: no work to do.
[TEMPTATION-T] CID:0 T_i=1.858 break-even_p*=0.212
[TEMPTATION-T] CID:1 T_i=1.462 break-even_p*=0.255
[TEMPTATION-T] CID:2 T_i=1.765 break-even_p*=0.221
[TEMPTATION-T] CID:4 T_i=1.038 break-even_p*=0.325
[TEMPTATION-T] CID:5 T_i=2.105 break-even_p*=0.192
[TEMPTATION-T] CID:6 T_i=2.148 break-even_p*=0.189
[TEMPTATION-T] CID:7 T_i=2.184 break-even_p*=0.186
[TEMPTATION-T] CID:9 T_i=2.326 break-even_p*=0.177
[LATE-ATTACK] CID:3 position-aware flip armed ZoneLen=900.000m threshold=360.000m
[LATE-ATTACK] CID:8 position-aware flip armed ZoneLen=900.000m threshold=360.000m
[LATE-ATTACK] Scheduled 2 position-aware late-entry attackers ZoneLen=900.000m ThreshM=360.000m
[HANDOVER] Armed 10 triggers for Z1->Z2 at t=30.000 s (zoneEndX=900.000, leadM=300.000)

--------------------------------------------------
 UNIFIED SIMULATION v90-multiUAV (adaptive edge-cloud, bridge mode only)
--------------------------------------------------
 Cars      : 10 (5 lanes x 2)
 RngRun    : 1
 Attack    : 80%  (8 malicious) [0,1,2,4,5,6,7,9]
 AttackType: 5 (0=composite,1=TS-only,2=GPS-only,3=speed-only,4=stealthy,5=adaptive)
 TsOffset  : -0.500s
 SpdFactor : 1.100x
 Nash p*   : 0.400 (BAN_REWARD=1.500)
 ZONE_SAFE : 0.150
 ZONE_MALICIOUS : 0.300
 LEGACY_WIRE_ALIASES : 0
 SCR_ALERT : 0.620
 GAME_Cf   : 3.000
 CloudTrig : [unused in bridge mode] SCR<0.620 && >=4 | TIME>=3.000s | COUNT>=10
 EdgePortZ1: 127.0.0.1:9998
 EdgePortZ2: 127.0.0.1:9996
 Cloud     : 127.0.0.1:6666
 CloudMode : BRIDGE (adaptive batch calibration — cloud tunes edge params only)
 LedgerFile: blockchain_ledger.jsonl
 EdgeLatencyMs : 10.000 ms
 CloudLatencyMs: 150.000 ms
 NashP* mode   : adaptive (warmup=5 pkts, rho_hat-driven)
 S1uDelay      : 5 ms  |  PGW-rHost delay: 5 ms
 PktDropRate   : 1%  |  EdgeJitter: 30%  |  LateAttackers: 25% of mal
 BgTraffic     : 10 cars x 500 kbps UDP
 Mobility      : WaypointMobility (3-phase speed profile per lane)
 Duration  : 36.000s
--------------------------------------------------

[BG-TRAFFIC] 10 cars x 500 kbps UDP background flow to rHost installed
[PASSIVE-BEACON] SIMNOW:2.107 CID:5 ZONE:1 RXUAV:1 EDGEPORT:9998 TS:2.092 SPD:20.400 HDG:-0.600 PX:61.400 PY:-10.000 LAN:1 BRK:0 RX_X:0.000 RX_Y:0.000 RX_Z:0.000
[ZONE-ROUTE] CID:5 zone=1 edge_port=9998
[EDGE-RTT] CID:5 wall=1.9 ms  sim_delay=10.0 ms
>>> [UAV->CLOUD] BLK:a008|TX:7.0.0.9|CID:5|TS:2.092|SPD:20.4|HDG:-0.6|PX:61.4|PY:-10.0|LA...
✓ [CAR 5] ACT=OK REP=0.669 RWD=0.996 PNL=0.000 CREDIT=0
[PASSIVE-BEACON] SIMNOW:2.154 CID:4 ZONE:1 RXUAV:1 EDGEPORT:9998 TS:2.140 SPD:20.100 HDG:1.800 PX:42.500 PY:-50.000 LAN:5 BRK:1 RX_X:0.000 RX_Y:0.000 RX_Z:0.000
[ZONE-ROUTE] CID:4 zone=1 edge_port=9998
[EDGE-RTT] CID:4 wall=1.1 ms  sim_delay=10.0 ms
>>> [UAV->CLOUD] BLK:2d60|TX:7.0.0.8|CID:4|TS:2.140|SPD:20.1|HDG:1.8|PX:42.5|PY:-50.0|LAN...
✓ [CAR 4] ACT=OK REP=0.702 RWD=0.996 PNL=0.000 CREDIT=0
[PASSIVE-BEACON] SIMNOW:2.186 CID:7 ZONE:1 RXUAV:1 EDGEPORT:9998 TS:2.172 SPD:19.900 HDG:-0.100 PX:63.400 PY:-30.000 LAN:3 BRK:0 RX_X:0.000 RX_Y:0.000 RX_Z:0.000
[ZONE-ROUTE] CID:7 zone=1 edge_port=9998
[EDGE-RTT] CID:7 wall=1.2 ms  sim_delay=10.0 ms
>>> [UAV->CLOUD] BLK:65fb|TX:7.0.0.11|CID:7|TS:2.172|SPD:19.9|HDG:-0.1|PX:63.4|PY:-30.0|L...
✓ [CAR 7] ACT=OK REP=0.557 RWD=0.996 PNL=0.000 CREDIT=0
[PASSIVE-BEACON] SIMNOW:2.202 CID:3 ZONE:1 RXUAV:1 EDGEPORT:9998 TS:2.190 SPD:20.200 HDG:-1.600 PX:43.900 PY:-40.000 LAN:4 BRK:1 RX_X:0.000 RX_Y:0.000 RX_Z:0.000
[ZONE-ROUTE] CID:3 zone=1 edge_port=9998
[EDGE-RTT] CID:3 wall=1.0 ms  sim_delay=10.0 ms
>>> [UAV->CLOUD] BLK:16f4|TX:7.0.0.7|CID:3|TS:2.190|SPD:20.2|HDG:-1.6|PX:43.9|PY:-40.0|LA...
✓ [CAR 3] ACT=OK REP=0.661 RWD=0.996 PNL=0.000 CREDIT=0
[PASSIVE-BEACON] SIMNOW:2.514 CID:0 ZONE:1 RXUAV:1 EDGEPORT:9998 TS:2.500 SPD:20.200 HDG:0.600 PX:50.300 PY:-10.000 LAN:1 BRK:0 RX_X:0.000 RX_Y:0.000 RX_Z:0.000
[ZONE-ROUTE] CID:0 zone=1 edge_port=9998
[EDGE-RTT] CID:0 wall=1.1 ms  sim_delay=10.0 ms
>>> [UAV->CLOUD] BLK:f16a|TX:7.0.0.4|CID:0|TS:2.500|SPD:20.2|HDG:0.6|PX:50.3|PY:-10.0|LAN...
✓ [CAR 0] ACT=OK REP=0.758 RWD=0.996 PNL=0.000 CREDIT=0
[PASSIVE-BEACON] SIMNOW:2.605 CID:5 ZONE:1 RXUAV:1 EDGEPORT:9998 TS:2.592 SPD:20.300 HDG:-1.300 PX:71.300 PY:-10.000 LAN:1 BRK:1 RX_X:0.000 RX_Y:0.000 RX_Z:0.000
[ZONE-ROUTE] CID:5 zone=1 edge_port=9998
[EDGE-RTT] CID:5 wall=1.3 ms  sim_delay=10.0 ms
>>> [UAV->CLOUD] BLK:a037|TX:7.0.0.9|CID:5|TS:2.592|SPD:20.3|HDG:-1.3|PX:71.3|PY:-10.0|LA...
✓ [CAR 5] ACT=OK REP=0.870 RWD=1.000 PNL=0.000 CREDIT=1
[PASSIVE-BEACON] SIMNOW:2.644 CID:1 ZONE:1 RXUAV:1 EDGEPORT:9998 TS:2.630 SPD:19.600 HDG:-1.500 PX:52.500 PY:-20.000 LAN:2 BRK:0 RX_X:0.000 RX_Y:0.000 RX_Z:0.000
[ZONE-ROUTE] CID:1 zone=1 edge_port=9998
[EDGE-RTT] CID:1 wall=1.2 ms  sim_delay=10.0 ms
>>> [UAV->CLOUD] BLK:5d6c|TX:7.0.0.5|CID:1|TS:2.630|SPD:19.6|HDG:-1.5|PX:52.5|PY:-20.0|LA...
[PASSIVE-BEACON] SIMNOW:2.654 CID:4 ZONE:1 RXUAV:1 EDGEPORT:9998 TS:2.640 SPD:20.000 HDG:-0.600 PX:52.500 PY:-50.000 LAN:5 BRK:0 RX_X:0.000 RX_Y:0.000 RX_Z:0.000
[ZONE-ROUTE] CID:4 zone=1 edge_port=9998
[EDGE-RTT] CID:4 wall=1.1 ms  sim_delay=10.0 ms
>>> [UAV->CLOUD] BLK:8289|TX:7.0.0.8|CID:4|TS:2.640|SPD:20.0|HDG:-0.6|PX:52.5|PY:-50.0|LA...
✓ [CAR 1] ACT=OK REP=0.736 RWD=0.996 PNL=0.000 CREDIT=0
[PASSIVE-BEACON] SIMNOW:2.659 CID:9 ZONE:1 RXUAV:1 EDGEPORT:9998 TS:2.642 SPD:20.400 HDG:-1.400 PX:73.200 PY:-50.000 LAN:5 BRK:0 RX_X:0.000 RX_Y:0.000 RX_Z:0.000
[ZONE-ROUTE] CID:9 zone=1 edge_port=9998
[EDGE-RTT] CID:9 wall=0.9 ms  sim_delay=10.0 ms
>>> [UAV->CLOUD] BLK:d036|TX:7.0.0.13|CID:9|TS:2.642|SPD:20.4|HDG:-1.4|PX:73.2|PY:-50.0|L...
✓ [CAR 4] ACT=OK REP=0.774 RWD=1.000 PNL=0.000 CREDIT=1
✓ [CAR 9] ACT=OK REP=0.835 RWD=0.996 PNL=0.000 CREDIT=0
[PASSIVE-BEACON] SIMNOW:2.686 CID:8 ZONE:1 RXUAV:1 EDGEPORT:9998 TS:2.672 SPD:19.900 HDG:1.200 PX:73.400 PY:-40.000 LAN:4 BRK:0 RX_X:0.000 RX_Y:0.000 RX_Z:0.000
[ZONE-ROUTE] CID:8 zone=1 edge_port=9998
[EDGE-RTT] CID:8 wall=1.2 ms  sim_delay=10.0 ms
>>> [UAV->CLOUD] BLK:38be|TX:7.0.0.12|CID:8|TS:2.672|SPD:19.9|HDG:1.2|PX:73.4|PY:-40.0|LA...
[PASSIVE-BEACON] SIMNOW:2.686 CID:7 ZONE:1 RXUAV:1 EDGEPORT:9998 TS:2.672 SPD:20.200 HDG:-0.200 PX:73.800 PY:-30.000 LAN:3 BRK:0 RX_X:0.000 RX_Y:0.000 RX_Z:0.000
[ZONE-ROUTE] CID:7 zone=1 edge_port=9998
[EDGE-RTT] CID:7 wall=1.3 ms  sim_delay=10.0 ms
>>> [UAV->CLOUD] BLK:609e|TX:7.0.0.11|CID:7|TS:2.672|SPD:20.2|HDG:-0.2|PX:73.8|PY:-30.0|L...
✓ [CAR 7] ACT=OK REP=0.778 RWD=1.000 PNL=0.000 CREDIT=1
✓ [CAR 8] ACT=OK REP=0.817 RWD=0.996 PNL=0.000 CREDIT=0
[PASSIVE-BEACON] SIMNOW:2.704 CID:3 ZONE:1 RXUAV:1 EDGEPORT:9998 TS:2.690 SPD:19.900 HDG:-0.900 PX:53.400 PY:-40.000 LAN:4 BRK:1 RX_X:0.000 RX_Y:0.000 RX_Z:0.000
[ZONE-ROUTE] CID:3 zone=1 edge_port=9998
[EDGE-RTT] CID:3 wall=1.0 ms  sim_delay=10.0 ms
>>> [UAV->CLOUD] BLK:285f|TX:7.0.0.7|CID:3|TS:2.690|SPD:19.9|HDG:-0.9|PX:53.4|PY:-40.0|LA...
✓ [CAR 3] ACT=OK REP=0.991 RWD=1.000 PNL=0.000 CREDIT=1
[PASSIVE-BEACON] SIMNOW:2.874 CID:2 ZONE:1 RXUAV:1 EDGEPORT:9998 TS:2.860 SPD:19.700 HDG:-0.600 PX:56.500 PY:-30.000 LAN:3 BRK:1 RX_X:0.000 RX_Y:0.000 RX_Z:0.000
[ZONE-ROUTE] CID:2 zone=1 edge_port=9998
[EDGE-RTT] CID:2 wall=0.9 ms  sim_delay=10.0 ms
>>> [UAV->CLOUD] BLK:e296|TX:7.0.0.6|CID:2|TS:2.860|SPD:19.7|HDG:-0.6|PX:56.5|PY:-30.0|LA...
✓ [CAR 2] ACT=OK REP=0.673 RWD=0.996 PNL=0.000 CREDIT=0
[PASSIVE-BEACON] SIMNOW:2.996 CID:6 ZONE:1 RXUAV:1 EDGEPORT:9998 TS:2.982 SPD:20.200 HDG:-1.200 PX:78.900 PY:-20.000 LAN:2 BRK:0 RX_X:0.000 RX_Y:0.000 RX_Z:0.000
[ZONE-ROUTE] CID:6 zone=1 edge_port=9998
[EDGE-RTT] CID:6 wall=1.1 ms  sim_delay=10.0 ms
>>> [UAV->CLOUD] BLK:f052|TX:7.0.0.10|CID:6|TS:2.982|SPD:20.2|HDG:-1.2|PX:78.9|PY:-20.0|L...
✓ [CAR 6] ACT=OK REP=0.720 RWD=0.996 PNL=0.000 CREDIT=0
[PASSIVE-BEACON] SIMNOW:3.014 CID:0 ZONE:1 RXUAV:1 EDGEPORT:9998 TS:3.000 SPD:20.400 HDG:1.700 PX:60.300 PY:-10.000 LAN:1 BRK:0 RX_X:0.000 RX_Y:0.000 RX_Z:0.000
[ZONE-ROUTE] CID:0 zone=1 edge_port=9998
[EDGE-RTT] CID:0 wall=1.0 ms  sim_delay=10.0 ms
>>> [UAV->CLOUD] BLK:4ec5|TX:7.0.0.4|CID:0|TS:3.000|SPD:20.4|HDG:1.7|PX:60.3|PY:-10.0|LAN...
✓ [CAR 0] ACT=OK REP=0.769 RWD=1.000 PNL=0.000 CREDIT=1
[PASSIVE-BEACON] SIMNOW:3.106 CID:5 ZONE:1 RXUAV:1 EDGEPORT:9998 TS:3.092 SPD:19.600 HDG:-2.000 PX:81.400 PY:-10.000 LAN:1 BRK:0 RX_X:0.000 RX_Y:0.000 RX_Z:0.000
[ZONE-ROUTE] CID:5 zone=1 edge_port=9998
[EDGE-RTT] CID:5 wall=1.0 ms  sim_delay=10.0 ms
>>> [UAV->CLOUD] BLK:34f0|TX:7.0.0.9|CID:5|TS:3.092|SPD:19.6|HDG:-2.0|PX:81.4|PY:-10.0|LA...
✓ [CAR 5] ACT=OK REP=0.838 RWD=1.000 PNL=0.000 CREDIT=2
[PASSIVE-BEACON] SIMNOW:3.143 CID:1 ZONE:1 RXUAV:1 EDGEPORT:9998 TS:3.130 SPD:20.300 HDG:1.300 PX:62.300 PY:-20.000 LAN:2 BRK:0 RX_X:0.000 RX_Y:0.000 RX_Z:0.000
[ZONE-ROUTE] CID:1 zone=1 edge_port=9998
[EDGE-RTT] CID:1 wall=0.9 ms  sim_delay=10.0 ms
>>> [UAV->CLOUD] BLK:ae8b|TX:7.0.0.5|CID:1|TS:3.130|SPD:20.3|HDG:1.3|PX:62.3|PY:-20.0|LAN...
[PASSIVE-BEACON] SIMNOW:3.154 CID:4 ZONE:1 RXUAV:1 EDGEPORT:9998 TS:3.140 SPD:19.500 HDG:-1.100 PX:62.200 PY:-50.000 LAN:5 BRK:1 RX_X:0.000 RX_Y:0.000 RX_Z:0.000
[ZONE-ROUTE] CID:4 zone=1 edge_port=9998
[EDGE-RTT] CID:4 wall=1.0 ms  sim_delay=10.0 ms
>>> [UAV->CLOUD] BLK:c249|TX:7.0.0.8|CID:4|TS:3.140|SPD:19.5|HDG:-1.1|PX:62.2|PY:-50.0|LA...
[PASSIVE-BEACON] SIMNOW:3.156 CID:9 ZONE:1 RXUAV:1 EDGEPORT:9998 TS:3.142 SPD:20.200 HDG:0.000 PX:83.300 PY:-50.000 LAN:5 BRK:0 RX_X:0.000 RX_Y:0.000 RX_Z:0.000
[ZONE-ROUTE] CID:9 zone=1 edge_port=9998
[EDGE-RTT] CID:9 wall=0.7 ms  sim_delay=10.0 ms
>>> [UAV->CLOUD] BLK:cd7f|TX:7.0.0.13|CID:9|TS:3.142|SPD:20.2|HDG:0.0|PX:83.3|PY:-50.0|LA...
✓ [CAR 1] ACT=OK REP=0.441 RWD=1.000 PNL=0.000 CREDIT=1
✓ [CAR 4] ACT=OK REP=0.777 RWD=1.000 PNL=0.000 CREDIT=2
✓ [CAR 9] ACT=OK REP=0.700 RWD=1.000 PNL=0.000 CREDIT=1
[PASSIVE-BEACON] SIMNOW:3.186 CID:8 ZONE:1 RXUAV:1 EDGEPORT:9998 TS:3.172 SPD:20.200 HDG:0.600 PX:83.200 PY:-40.000 LAN:4 BRK:1 RX_X:0.000 RX_Y:0.000 RX_Z:0.000
[ZONE-ROUTE] CID:8 zone=1 edge_port=9998
[EDGE-RTT] CID:8 wall=0.5 ms  sim_delay=10.0 ms
>>> [UAV->CLOUD] BLK:6ad0|TX:7.0.0.12|CID:8|TS:3.172|SPD:20.2|HDG:0.6|PX:83.2|PY:-40.0|LA...
[PASSIVE-BEACON] SIMNOW:3.186 CID:7 ZONE:1 RXUAV:1 EDGEPORT:9998 TS:3.172 SPD:20.100 HDG:1.700 PX:83.500 PY:-30.000 LAN:3 BRK:1 RX_X:0.000 RX_Y:0.000 RX_Z:0.000
[ZONE-ROUTE] CID:7 zone=1 edge_port=9998
[EDGE-RTT] CID:7 wall=0.9 ms  sim_delay=10.0 ms
>>> [UAV->CLOUD] BLK:4ac0|TX:7.0.0.11|CID:7|TS:3.172|SPD:20.1|HDG:1.7|PX:83.5|PY:-30.0|LA...
✓ [CAR 7] ACT=OK REP=1.000 RWD=1.000 PNL=0.000 CREDIT=2
✓ [CAR 8] ACT=OK REP=0.523 RWD=1.000 PNL=0.000 CREDIT=1
[PASSIVE-BEACON] SIMNOW:3.204 CID:3 ZONE:1 RXUAV:1 EDGEPORT:9998 TS:3.190 SPD:20.000 HDG:-0.300 PX:63.600 PY:-40.000 LAN:4 BRK:0 RX_X:0.000 RX_Y:0.000 RX_Z:0.000
[ZONE-ROUTE] CID:3 zone=1 edge_port=9998
[EDGE-RTT] CID:3 wall=0.9 ms  sim_delay=10.0 ms
>>> [UAV->CLOUD] BLK:4a47|TX:7.0.0.7|CID:3|TS:3.190|SPD:20.0|HDG:-0.3|PX:63.6|PY:-40.0|LA...
✓ [CAR 3] ACT=OK REP=0.722 RWD=1.000 PNL=0.000 CREDIT=2
[PASSIVE-BEACON] SIMNOW:3.374 CID:2 ZONE:1 RXUAV:1 EDGEPORT:9998 TS:3.360 SPD:20.400 HDG:0.000 PX:67.300 PY:-30.000 LAN:3 BRK:0 RX_X:0.000 RX_Y:0.000 RX_Z:0.000
[ZONE-ROUTE] CID:2 zone=1 edge_port=9998
[EDGE-RTT] CID:2 wall=0.8 ms  sim_delay=10.0 ms
>>> [UAV->CLOUD] BLK:1d57|TX:7.0.0.6|CID:2|TS:3.360|SPD:20.4|HDG:0.0|PX:67.3|PY:-30.0|LAN...
✓ [CAR 2] ACT=OK REP=0.772 RWD=1.000 PNL=0.000 CREDIT=1
[PASSIVE-BEACON] SIMNOW:3.496 CID:6 ZONE:1 RXUAV:1 EDGEPORT:9998 TS:3.482 SPD:20.100 HDG:1.700 PX:90.300 PY:-20.000 LAN:2 BRK:0 RX_X:0.000 RX_Y:0.000 RX_Z:0.000
[ZONE-ROUTE] CID:6 zone=1 edge_port=9998
[EDGE-RTT] CID:6 wall=1.0 ms  sim_delay=10.0 ms
>>> [UAV->CLOUD] BLK:d322|TX:7.0.0.10|CID:6|TS:3.482|SPD:20.1|HDG:1.7|PX:90.3|PY:-20.0|LA...
✓ [CAR 6] ACT=OK REP=1.000 RWD=1.000 PNL=0.000 CREDIT=1
[PASSIVE-BEACON] SIMNOW:3.514 CID:0 ZONE:1 RXUAV:1 EDGEPORT:9998 TS:3.500 SPD:19.800 HDG:-0.900 PX:70.300 PY:-10.000 LAN:1 BRK:0 RX_X:0.000 RX_Y:0.000 RX_Z:0.000
[ZONE-ROUTE] CID:0 zone=1 edge_port=9998
[EDGE-RTT] CID:0 wall=0.9 ms  sim_delay=10.0 ms
>>> [UAV->CLOUD] BLK:3edd|TX:7.0.0.4|CID:0|TS:3.500|SPD:19.8|HDG:-0.9|PX:70.3|PY:-10.0|LA...
✓ [CAR 0] ACT=OK REP=0.690 RWD=1.000 PNL=0.000 CREDIT=2
[PASSIVE-BEACON] SIMNOW:3.606 CID:5 ZONE:1 RXUAV:1 EDGEPORT:9998 TS:3.592 SPD:20.100 HDG:1.200 PX:91.900 PY:-10.000 LAN:1 BRK:0 RX_X:0.000 RX_Y:0.000 RX_Z:0.000
[ZONE-ROUTE] CID:5 zone=1 edge_port=9998
[EDGE-RTT] CID:5 wall=1.1 ms  sim_delay=10.0 ms
>>> [UAV->CLOUD] BLK:9729|TX:7.0.0.9|CID:5|TS:3.592|SPD:20.1|HDG:1.2|PX:91.9|PY:-10.0|LAN...
✓ [CAR 5] ACT=OK REP=0.590 RWD=1.000 PNL=0.000 CREDIT=3
[PASSIVE-BEACON] SIMNOW:3.644 CID:1 ZONE:1 RXUAV:1 EDGEPORT:9998 TS:3.630 SPD:19.500 HDG:-1.900 PX:72.900 PY:-20.000 LAN:2 BRK:1 RX_X:0.000 RX_Y:0.000 RX_Z:0.000
[ZONE-ROUTE] CID:1 zone=1 edge_port=9998
[EDGE-RTT] CID:1 wall=0.9 ms  sim_delay=10.0 ms
>>> [UAV->CLOUD] BLK:7724|TX:7.0.0.5|CID:1|TS:3.630|SPD:19.5|HDG:-1.9|PX:72.9|PY:-20.0|LA...
[PASSIVE-BEACON] SIMNOW:3.654 CID:4 ZONE:1 RXUAV:1 EDGEPORT:9998 TS:3.640 SPD:20.000 HDG:1.100 PX:72.600 PY:-50.000 LAN:5 BRK:0 RX_X:0.000 RX_Y:0.000 RX_Z:0.000
[ZONE-ROUTE] CID:4 zone=1 edge_port=9998
[EDGE-RTT] CID:4 wall=0.7 ms  sim_delay=10.0 ms
>>> [UAV->CLOUD] BLK:d50d|TX:7.0.0.8|CID:4|TS:3.640|SPD:20.0|HDG:1.1|PX:72.6|PY:-50.0|LAN...
✓ [CAR 1] ACT=OK REP=0.666 RWD=1.000 PNL=0.000 CREDIT=2
[PASSIVE-BEACON] SIMNOW:3.659 CID:9 ZONE:1 RXUAV:1 EDGEPORT:9998 TS:3.642 SPD:20.400 HDG:-1.400 PX:93.300 PY:-50.000 LAN:5 BRK:0 RX_X:0.000 RX_Y:0.000 RX_Z:0.000
[ZONE-ROUTE] CID:9 zone=1 edge_port=9998
[EDGE-RTT] CID:9 wall=1.0 ms  sim_delay=10.0 ms
>>> [UAV->CLOUD] BLK:1ce5|TX:7.0.0.13|CID:9|TS:3.642|SPD:20.4|HDG:-1.4|PX:93.3|PY:-50.0|L...
✓ [CAR 4] ACT=OK REP=0.696 RWD=1.000 PNL=0.000 CREDIT=3
✓ [CAR 9] ACT=OK REP=0.767 RWD=1.000 PNL=0.000 CREDIT=2
[PASSIVE-BEACON] SIMNOW:3.686 CID:8 ZONE:1 RXUAV:1 EDGEPORT:9998 TS:3.672 SPD:20.100 HDG:0.800 PX:93.000 PY:-40.000 LAN:4 BRK:0 RX_X:0.000 RX_Y:0.000 RX_Z:0.000
[ZONE-ROUTE] CID:8 zone=1 edge_port=9998
[EDGE-RTT] CID:8 wall=1.0 ms  sim_delay=10.0 ms
>>> [UAV->CLOUD] BLK:b6e7|TX:7.0.0.12|CID:8|TS:3.672|SPD:20.1|HDG:0.8|PX:93.0|PY:-40.0|LA...
[PASSIVE-BEACON] SIMNOW:3.686 CID:7 ZONE:1 RXUAV:1 EDGEPORT:9998 TS:3.672 SPD:20.200 HDG:-1.000 PX:93.500 PY:-30.000 LAN:3 BRK:0 RX_X:0.000 RX_Y:0.000 RX_Z:0.000
[ZONE-ROUTE] CID:7 zone=1 edge_port=9998
[EDGE-RTT] CID:7 wall=1.4 ms  sim_delay=10.0 ms
>>> [UAV->CLOUD] BLK:4e20|TX:7.0.0.11|CID:7|TS:3.672|SPD:20.2|HDG:-1.0|PX:93.5|PY:-30.0|L...
✓ [CAR 7] ACT=OK REP=0.842 RWD=1.000 PNL=0.000 CREDIT=3
✓ [CAR 8] ACT=OK REP=0.532 RWD=0.997 PNL=0.000 CREDIT=2
[PASSIVE-BEACON] SIMNOW:3.703 CID:3 ZONE:1 RXUAV:1 EDGEPORT:9998 TS:3.690 SPD:19.900 HDG:-1.600 PX:74.200 PY:-40.000 LAN:4 BRK:0 RX_X:0.000 RX_Y:0.000 RX_Z:0.000
[ZONE-ROUTE] CID:3 zone=1 edge_port=9998
[EDGE-RTT] CID:3 wall=0.9 ms  sim_delay=10.0 ms
>>> [UAV->CLOUD] BLK:4efc|TX:7.0.0.7|CID:3|TS:3.690|SPD:19.9|HDG:-1.6|PX:74.2|PY:-40.0|LA...
✓ [CAR 3] ACT=OK REP=0.652 RWD=1.000 PNL=0.000 CREDIT=3
[PASSIVE-BEACON] SIMNOW:3.874 CID:2 ZONE:1 RXUAV:1 EDGEPORT:9998 TS:3.860 SPD:20.400 HDG:1.400 PX:76.700 PY:-30.000 LAN:3 BRK:0 RX_X:0.000 RX_Y:0.000 RX_Z:0.000
[ZONE-ROUTE] CID:2 zone=1 edge_port=9998
[EDGE-RTT] CID:2 wall=0.8 ms  sim_delay=10.0 ms
>>> [UAV->CLOUD] BLK:3d48|TX:7.0.0.6|CID:2|TS:3.860|SPD:20.4|HDG:1.4|PX:76.7|PY:-30.0|LAN...
✓ [CAR 2] ACT=OK REP=0.794 RWD=1.000 PNL=0.000 CREDIT=2
[PASSIVE-BEACON] SIMNOW:3.994 CID:6 ZONE:1 RXUAV:1 EDGEPORT:9998 TS:3.982 SPD:20.300 HDG:-0.300 PX:99.800 PY:-20.000 LAN:2 BRK:0 RX_X:0.000 RX_Y:0.000 RX_Z:0.000
[ZONE-ROUTE] CID:6 zone=1 edge_port=9998
[EDGE-RTT] CID:6 wall=0.9 ms  sim_delay=10.0 ms
>>> [UAV->CLOUD] BLK:aea8|TX:7.0.0.10|CID:6|TS:3.982|SPD:20.3|HDG:-0.3|PX:99.8|PY:-20.0|L...
✓ [CAR 6] ACT=OK REP=0.975 RWD=1.000 PNL=0.000 CREDIT=2
[PASSIVE-BEACON] SIMNOW:4.014 CID:0 ZONE:1 RXUAV:1 EDGEPORT:9998 TS:4.000 SPD:20.000 HDG:-1.200 PX:80.300 PY:-10.000 LAN:1 BRK:0 RX_X:0.000 RX_Y:0.000 RX_Z:0.000
[ZONE-ROUTE] CID:0 zone=1 edge_port=9998
[EDGE-RTT] CID:0 wall=1.1 ms  sim_delay=10.0 ms
>>> [UAV->CLOUD] BLK:34d9|TX:7.0.0.4|CID:0|TS:4.000|SPD:20.0|HDG:-1.2|PX:80.3|PY:-10.0|LA...
✓ [CAR 0] ACT=OK REP=0.804 RWD=1.000 PNL=0.000 CREDIT=3
[PASSIVE-BEACON] SIMNOW:4.106 CID:5 ZONE:1 RXUAV:1 EDGEPORT:9998 TS:4.092 SPD:19.500 HDG:-0.400 PX:101.200 PY:-10.000 LAN:1 BRK:0 RX_X:0.000 RX_Y:0.000 RX_Z:0.000
[ZONE-ROUTE] CID:5 zone=1 edge_port=9998
[EDGE-RTT] CID:5 wall=0.9 ms  sim_delay=10.0 ms
>>> [UAV->CLOUD] BLK:0ba9|TX:7.0.0.9|CID:5|TS:4.092|SPD:19.5|HDG:-0.4|PX:101.2|PY:-10.0|L...
✓ [CAR 5] ACT=OK REP=0.846 RWD=1.000 PNL=0.000 CREDIT=4
[PASSIVE-BEACON] SIMNOW:4.144 CID:1 ZONE:1 RXUAV:1 EDGEPORT:9998 TS:4.130 SPD:19.800 HDG:-0.500 PX:82.300 PY:-20.000 LAN:2 BRK:1 RX_X:0.000 RX_Y:0.000 RX_Z:0.000
[ZONE-ROUTE] CID:1 zone=1 edge_port=9998
[EDGE-RTT] CID:1 wall=0.9 ms  sim_delay=10.0 ms
>>> [UAV->CLOUD] BLK:879e|TX:7.0.0.5|CID:1|TS:4.130|SPD:19.8|HDG:-0.5|PX:82.3|PY:-20.0|LA...
[PASSIVE-BEACON] SIMNOW:4.154 CID:4 ZONE:1 RXUAV:1 EDGEPORT:9998 TS:4.140 SPD:20.300 HDG:-1.600 PX:82.200 PY:-50.000 LAN:5 BRK:0 RX_X:0.000 RX_Y:0.000 RX_Z:0.000
[ZONE-ROUTE] CID:4 zone=1 edge_port=9998
[EDGE-RTT] CID:4 wall=0.5 ms  sim_delay=10.0 ms
>>> [UAV->CLOUD] BLK:b078|TX:7.0.0.8|CID:4|TS:4.140|SPD:20.3|HDG:-1.6|PX:82.2|PY:-50.0|LA...
✓ [CAR 1] ACT=OK REP=0.909 RWD=1.000 PNL=0.000 CREDIT=3
[PASSIVE-BEACON] SIMNOW:4.159 CID:9 ZONE:1 RXUAV:1 EDGEPORT:9998 TS:4.142 SPD:19.700 HDG:0.200 PX:102.900 PY:-50.000 LAN:5 BRK:0 RX_X:0.000 RX_Y:0.000 RX_Z:0.000
[ZONE-ROUTE] CID:9 zone=1 edge_port=9998
[EDGE-RTT] CID:9 wall=0.6 ms  sim_delay=10.0 ms
>>> [UAV->CLOUD] BLK:4088|TX:7.0.0.13|CID:9|TS:4.142|SPD:19.7|HDG:0.2|PX:102.9|PY:-50.0|L...
✓ [CAR 4] ACT=OK REP=1.000 RWD=1.000 PNL=0.000 CREDIT=4
✓ [CAR 9] ACT=OK REP=0.864 RWD=1.000 PNL=0.000 CREDIT=3
[PASSIVE-BEACON] SIMNOW:4.186 CID:8 ZONE:1 RXUAV:1 EDGEPORT:9998 TS:4.172 SPD:20.200 HDG:1.600 PX:103.100 PY:-40.000 LAN:4 BRK:1 RX_X:0.000 RX_Y:0.000 RX_Z:0.000
[ZONE-ROUTE] CID:8 zone=1 edge_port=9998
[EDGE-RTT] CID:8 wall=1.0 ms  sim_delay=10.0 ms
>>> [UAV->CLOUD] BLK:0262|TX:7.0.0.12|CID:8|TS:4.172|SPD:20.2|HDG:1.6|PX:103.1|PY:-40.0|L...
[PASSIVE-BEACON] SIMNOW:4.186 CID:7 ZONE:1 RXUAV:1 EDGEPORT:9998 TS:4.172 SPD:19.900 HDG:0.800 PX:103.100 PY:-30.000 LAN:3 BRK:0 RX_X:0.000 RX_Y:0.000 RX_Z:0.000
[ZONE-ROUTE] CID:7 zone=1 edge_port=9998
[EDGE-RTT] CID:7 wall=1.5 ms  sim_delay=10.0 ms
>>> [UAV->CLOUD] BLK:84a9|TX:7.0.0.11|CID:7|TS:4.172|SPD:19.9|HDG:0.8|PX:103.1|PY:-30.0|L...
✓ [CAR 7] ACT=OK REP=0.695 RWD=1.000 PNL=0.000 CREDIT=4
✓ [CAR 8] ACT=OK REP=0.748 RWD=1.000 PNL=0.000 CREDIT=3
[PASSIVE-BEACON] SIMNOW:4.204 CID:3 ZONE:1 RXUAV:1 EDGEPORT:9998 TS:4.190 SPD:20.500 HDG:0.600 PX:84.100 PY:-40.000 LAN:4 BRK:0 RX_X:0.000 RX_Y:0.000 RX_Z:0.000
[ZONE-ROUTE] CID:3 zone=1 edge_port=9998
[EDGE-RTT] CID:3 wall=0.9 ms  sim_delay=10.0 ms
>>> [UAV->CLOUD] BLK:5af6|TX:7.0.0.7|CID:3|TS:4.190|SPD:20.5|HDG:0.6|PX:84.1|PY:-40.0|LAN...
✓ [CAR 3] ACT=OK REP=0.944 RWD=1.000 PNL=0.000 CREDIT=4
[PASSIVE-BEACON] SIMNOW:4.374 CID:2 ZONE:1 RXUAV:1 EDGEPORT:9998 TS:4.360 SPD:20.000 HDG:0.200 PX:86.800 PY:-30.000 LAN:3 BRK:1 RX_X:0.000 RX_Y:0.000 RX_Z:0.000
[ZONE-ROUTE] CID:2 zone=1 edge_port=9998
[EDGE-RTT] CID:2 wall=1.0 ms  sim_delay=10.0 ms
>>> [UAV->CLOUD] BLK:caae|TX:7.0.0.6|CID:2|TS:4.360|SPD:20.0|HDG:0.2|PX:86.8|PY:-30.0|LAN...
✓ [CAR 2] ACT=OK REP=0.605 RWD=1.000 PNL=0.000 CREDIT=3
[PASSIVE-BEACON] SIMNOW:4.496 CID:6 ZONE:1 RXUAV:1 EDGEPORT:9998 TS:4.482 SPD:19.500 HDG:0.500 PX:109.300 PY:-20.000 LAN:2 BRK:0 RX_X:0.000 RX_Y:0.000 RX_Z:0.000
[ZONE-ROUTE] CID:6 zone=1 edge_port=9998
[EDGE-RTT] CID:6 wall=1.0 ms  sim_delay=10.0 ms
>>> [UAV->CLOUD] BLK:649e|TX:7.0.0.10|CID:6|TS:4.482|SPD:19.5|HDG:0.5|PX:109.3|PY:-20.0|L...
✓ [CAR 6] ACT=OK REP=0.757 RWD=1.000 PNL=0.000 CREDIT=3
[PASSIVE-BEACON] SIMNOW:4.514 CID:0 ZONE:1 RXUAV:1 EDGEPORT:9998 TS:4.500 SPD:19.600 HDG:1.200 PX:90.500 PY:-10.000 LAN:1 BRK:0 RX_X:0.000 RX_Y:0.000 RX_Z:0.000
[ZONE-ROUTE] CID:0 zone=1 edge_port=9998
[EDGE-RTT] CID:0 wall=0.9 ms  sim_delay=10.0 ms
>>> [UAV->CLOUD] BLK:25d0|TX:7.0.0.4|CID:0|TS:4.500|SPD:19.6|HDG:1.2|PX:90.5|PY:-10.0|LAN...
✓ [CAR 0] ACT=OK REP=0.812 RWD=1.000 PNL=0.000 CREDIT=4
[PASSIVE-BEACON] SIMNOW:4.606 CID:5 ZONE:1 RXUAV:1 EDGEPORT:9998 TS:4.592 SPD:19.900 HDG:-1.700 PX:111.400 PY:-10.000 LAN:1 BRK:0 RX_X:0.000 RX_Y:0.000 RX_Z:0.000
[ZONE-ROUTE] CID:5 zone=1 edge_port=9998
[EDGE-RTT] CID:5 wall=1.0 ms  sim_delay=10.0 ms
>>> [UAV->CLOUD] BLK:099e|TX:7.0.0.9|CID:5|TS:4.592|SPD:19.9|HDG:-1.7|PX:111.4|PY:-10.0|L...
✓ [CAR 5] ACT=OK REP=0.736 RWD=1.000 PNL=0.000 CREDIT=5
[PASSIVE-BEACON] SIMNOW:4.643 CID:1 ZONE:1 RXUAV:1 EDGEPORT:9998 TS:4.630 SPD:19.600 HDG:-0.300 PX:92.300 PY:-20.000 LAN:2 BRK:0 RX_X:0.000 RX_Y:0.000 RX_Z:0.000
[ZONE-ROUTE] CID:1 zone=1 edge_port=9998
[EDGE-RTT] CID:1 wall=1.1 ms  sim_delay=10.0 ms
>>> [UAV->CLOUD] BLK:41a0|TX:7.0.0.5|CID:1|TS:4.630|SPD:19.6|HDG:-0.3|PX:92.3|PY:-20.0|LA...
[PASSIVE-BEACON] SIMNOW:4.654 CID:4 ZONE:1 RXUAV:1 EDGEPORT:9998 TS:4.640 SPD:19.500 HDG:1.500 PX:93.500 PY:-50.000 LAN:5 BRK:0 RX_X:0.000 RX_Y:0.000 RX_Z:0.000
[ZONE-ROUTE] CID:4 zone=1 edge_port=9998
[EDGE-RTT] CID:4 wall=0.6 ms  sim_delay=10.0 ms
>>> [UAV->CLOUD] BLK:3e4b|TX:7.0.0.8|CID:4|TS:4.640|SPD:19.5|HDG:1.5|PX:93.5|PY:-50.0|LAN...
✓ [CAR 1] ACT=OK REP=0.842 RWD=1.000 PNL=0.000 CREDIT=4
[PASSIVE-BEACON] SIMNOW:4.659 CID:9 ZONE:1 RXUAV:1 EDGEPORT:9998 TS:4.642 SPD:20.200 HDG:-0.400 PX:112.800 PY:-50.000 LAN:5 BRK:0 RX_X:0.000 RX_Y:0.000 RX_Z:0.000
[ZONE-ROUTE] CID:9 zone=1 edge_port=9998
[EDGE-RTT] CID:9 wall=0.7 ms  sim_delay=10.0 ms
>>> [UAV->CLOUD] BLK:a558|TX:7.0.0.13|CID:9|TS:4.642|SPD:20.2|HDG:-0.4|PX:112.8|PY:-50.0|...
✓ [CAR 4] ACT=OK REP=0.558 RWD=1.000 PNL=0.000 CREDIT=5
✓ [CAR 9] ACT=OK REP=0.881 RWD=1.000 PNL=0.000 CREDIT=4
[PASSIVE-BEACON] SIMNOW:4.686 CID:8 ZONE:1 RXUAV:1 EDGEPORT:9998 TS:4.672 SPD:19.600 HDG:-0.800 PX:113.900 PY:-40.000 LAN:4 BRK:0 RX_X:0.000 RX_Y:0.000 RX_Z:0.000
[ZONE-ROUTE] CID:8 zone=1 edge_port=9998
[EDGE-RTT] CID:8 wall=1.0 ms  sim_delay=10.0 ms
>>> [UAV->CLOUD] BLK:7236|TX:7.0.0.12|CID:8|TS:4.672|SPD:19.6|HDG:-0.8|PX:113.9|PY:-40.0|...
[PASSIVE-BEACON] SIMNOW:4.686 CID:7 ZONE:1 RXUAV:1 EDGEPORT:9998 TS:4.672 SPD:20.200 HDG:-0.300 PX:113.300 PY:-30.000 LAN:3 BRK:0 RX_X:0.000 RX_Y:0.000 RX_Z:0.000
[ZONE-ROUTE] CID:7 zone=1 edge_port=9998
[EDGE-RTT] CID:7 wall=1.9 ms  sim_delay=10.0 ms
>>> [UAV->CLOUD] BLK:ff21|TX:7.0.0.11|CID:7|TS:4.672|SPD:20.2|HDG:-0.3|PX:113.3|PY:-30.0|...
✓ [CAR 7] ACT=OK REP=0.781 RWD=1.000 PNL=0.000 CREDIT=5
✓ [CAR 8] ACT=OK REP=0.704 RWD=1.000 PNL=0.000 CREDIT=4
[PKT-DROP] UAV dropped telemetry from 7.0.0.7 (drop_rate=1%)
[PASSIVE-BEACON] SIMNOW:4.874 CID:2 ZONE:1 RXUAV:1 EDGEPORT:9998 TS:4.860 SPD:20.000 HDG:-1.000 PX:97.400 PY:-30.000 LAN:3 BRK:1 RX_X:0.000 RX_Y:0.000 RX_Z:0.000
[ZONE-ROUTE] CID:2 zone=1 edge_port=9998
[EDGE-RTT] CID:2 wall=1.0 ms  sim_delay=10.0 ms
>>> [UAV->CLOUD] BLK:6d7d|TX:7.0.0.6|CID:2|TS:4.860|SPD:20.0|HDG:-1.0|PX:97.4|PY:-30.0|LA...
✓ [CAR 2] ACT=OK REP=0.667 RWD=1.000 PNL=0.000 CREDIT=4
[PASSIVE-BEACON] SIMNOW:4.996 CID:6 ZONE:1 RXUAV:1 EDGEPORT:9998 TS:4.982 SPD:19.800 HDG:-1.500 PX:120.000 PY:-20.000 LAN:2 BRK:0 RX_X:0.000 RX_Y:0.000 RX_Z:0.000
[ZONE-ROUTE] CID:6 zone=1 edge_port=9998
[EDGE-RTT] CID:6 wall=1.2 ms  sim_delay=10.0 ms
>>> [UAV->CLOUD] BLK:ea00|TX:7.0.0.10|CID:6|TS:4.982|SPD:19.8|HDG:-1.5|PX:120.0|PY:-20.0|...
✓ [CAR 6] ACT=OK REP=0.927 RWD=1.000 PNL=0.000 CREDIT=4
[PASSIVE-BEACON] SIMNOW:5.014 CID:0 ZONE:1 RXUAV:1 EDGEPORT:9998 TS:5.000 SPD:20.300 HDG:-1.700 PX:99.400 PY:-10.000 LAN:1 BRK:0 RX_X:0.000 RX_Y:0.000 RX_Z:0.000
[ZONE-ROUTE] CID:0 zone=1 edge_port=9998
[EDGE-RTT] CID:0 wall=1.1 ms  sim_delay=10.0 ms
>>> [UAV->CLOUD] BLK:ade3|TX:7.0.0.4|CID:0|TS:5.000|SPD:20.3|HDG:-1.7|PX:99.4|PY:-10.0|LA...
✓ [CAR 0] ACT=OK REP=0.716 RWD=1.000 PNL=0.000 CREDIT=5
[PASSIVE-BEACON] SIMNOW:5.106 CID:5 ZONE:1 RXUAV:1 EDGEPORT:9998 TS:5.092 SPD:19.700 HDG:-1.800 PX:122.500 PY:-10.000 LAN:1 BRK:1 RX_X:0.000 RX_Y:0.000 RX_Z:0.000
[ZONE-ROUTE] CID:5 zone=1 edge_port=9998
[EDGE-RTT] CID:5 wall=0.8 ms  sim_delay=10.0 ms
>>> [UAV->CLOUD] BLK:c512|TX:7.0.0.9|CID:5|TS:5.092|SPD:19.7|HDG:-1.8|PX:122.5|PY:-10.0|L...
✓ [CAR 5] ACT=OK REP=0.863 RWD=1.000 PNL=0.000 CREDIT=6
[PASSIVE-BEACON] SIMNOW:5.144 CID:1 ZONE:1 RXUAV:1 EDGEPORT:9998 TS:5.130 SPD:19.600 HDG:1.800 PX:102.500 PY:-20.000 LAN:2 BRK:0 RX_X:0.000 RX_Y:0.000 RX_Z:0.000
[ZONE-ROUTE] CID:1 zone=1 edge_port=9998
[EDGE-RTT] CID:1 wall=0.9 ms  sim_delay=10.0 ms
>>> [UAV->CLOUD] BLK:ab2d|TX:7.0.0.5|CID:1|TS:5.130|SPD:19.6|HDG:1.8|PX:102.5|PY:-20.0|LA...
[PASSIVE-BEACON] SIMNOW:5.154 CID:4 ZONE:1 RXUAV:1 EDGEPORT:9998 TS:5.140 SPD:19.500 HDG:0.700 PX:102.300 PY:-50.000 LAN:5 BRK:0 RX_X:0.000 RX_Y:0.000 RX_Z:0.000
[ZONE-ROUTE] CID:4 zone=1 edge_port=9998
[EDGE-RTT] CID:4 wall=0.7 ms  sim_delay=10.0 ms
>>> [UAV->CLOUD] BLK:37e7|TX:7.0.0.8|CID:4|TS:5.140|SPD:19.5|HDG:0.7|PX:102.3|PY:-50.0|LA...
✓ [CAR 1] ACT=OK REP=0.806 RWD=1.000 PNL=0.000 CREDIT=5
[PASSIVE-BEACON] SIMNOW:5.159 CID:9 ZONE:1 RXUAV:1 EDGEPORT:9998 TS:5.142 SPD:20.400 HDG:2.000 PX:123.100 PY:-50.000 LAN:5 BRK:0 RX_X:0.000 RX_Y:0.000 RX_Z:0.000
[ZONE-ROUTE] CID:9 zone=1 edge_port=9998
[EDGE-RTT] CID:9 wall=0.8 ms  sim_delay=10.0 ms
>>> [UAV->CLOUD] BLK:72a1|TX:7.0.0.13|CID:9|TS:5.142|SPD:20.4|HDG:2.0|PX:123.1|PY:-50.0|L...
✓ [CAR 4] ACT=OK REP=0.989 RWD=1.000 PNL=0.000 CREDIT=6
✓ [CAR 9] ACT=OK REP=0.684 RWD=1.000 PNL=0.000 CREDIT=5
[PASSIVE-BEACON] SIMNOW:5.186 CID:8 ZONE:1 RXUAV:1 EDGEPORT:9998 TS:5.172 SPD:20.200 HDG:1.400 PX:124.000 PY:-40.000 LAN:4 BRK:0 RX_X:0.000 RX_Y:0.000 RX_Z:0.000
[ZONE-ROUTE] CID:8 zone=1 edge_port=9998
[EDGE-RTT] CID:8 wall=0.9 ms  sim_delay=10.0 ms
>>> [UAV->CLOUD] BLK:bc4f|TX:7.0.0.12|CID:8|TS:5.172|SPD:20.2|HDG:1.4|PX:124.0|PY:-40.0|L...
[PASSIVE-BEACON] SIMNOW:5.186 CID:7 ZONE:1 RXUAV:1 EDGEPORT:9998 TS:5.172 SPD:19.900 HDG:0.100 PX:124.000 PY:-30.000 LAN:3 BRK:1 RX_X:0.000 RX_Y:0.000 RX_Z:0.000
[ZONE-ROUTE] CID:7 zone=1 edge_port=9998
[EDGE-RTT] CID:7 wall=1.9 ms  sim_delay=10.0 ms
>>> [UAV->CLOUD] BLK:68bb|TX:7.0.0.11|CID:7|TS:5.172|SPD:19.9|HDG:0.1|PX:124.0|PY:-30.0|L...
✓ [CAR 7] ACT=OK REP=0.905 RWD=1.000 PNL=0.000 CREDIT=6
✓ [CAR 8] ACT=OK REP=0.859 RWD=1.000 PNL=0.000 CREDIT=5
[PASSIVE-BEACON] SIMNOW:5.203 CID:3 ZONE:1 RXUAV:1 EDGEPORT:9998 TS:5.190 SPD:19.500 HDG:-1.300 PX:104.000 PY:-40.000 LAN:4 BRK:0 RX_X:0.000 RX_Y:0.000 RX_Z:0.000
[ZONE-ROUTE] CID:3 zone=1 edge_port=9998
[EDGE-RTT] CID:3 wall=0.9 ms  sim_delay=10.0 ms
>>> [UAV->CLOUD] BLK:f687|TX:7.0.0.7|CID:3|TS:5.190|SPD:19.5|HDG:-1.3|PX:104.0|PY:-40.0|L...
✓ [CAR 3] ACT=OK REP=0.892 RWD=1.000 PNL=0.000 CREDIT=5
[PASSIVE-BEACON] SIMNOW:5.374 CID:2 ZONE:1 RXUAV:1 EDGEPORT:9998 TS:5.360 SPD:19.500 HDG:-1.800 PX:107.600 PY:-30.000 LAN:3 BRK:0 RX_X:0.000 RX_Y:0.000 RX_Z:0.000
[ZONE-ROUTE] CID:2 zone=1 edge_port=9998
[EDGE-RTT] CID:2 wall=0.8 ms  sim_delay=10.0 ms
>>> [UAV->CLOUD] BLK:a8eb|TX:7.0.0.6|CID:2|TS:5.360|SPD:19.5|HDG:-1.8|PX:107.6|PY:-30.0|L...
✓ [CAR 2] ACT=OK REP=0.972 RWD=1.000 PNL=0.000 CREDIT=5
[PASSIVE-BEACON] SIMNOW:5.495 CID:6 ZONE:1 RXUAV:1 EDGEPORT:9998 TS:5.482 SPD:19.900 HDG:0.800 PX:129.500 PY:-20.000 LAN:2 BRK:0 RX_X:0.000 RX_Y:0.000 RX_Z:0.000
[ZONE-ROUTE] CID:6 zone=1 edge_port=9998
[EDGE-RTT] CID:6 wall=1.0 ms  sim_delay=10.0 ms
>>> [UAV->CLOUD] BLK:d693|TX:7.0.0.10|CID:6|TS:5.482|SPD:19.9|HDG:0.8|PX:129.5|PY:-20.0|L...
✓ [CAR 6] ACT=OK REP=0.783 RWD=1.000 PNL=0.000 CREDIT=5
[PASSIVE-BEACON] SIMNOW:5.514 CID:0 ZONE:1 RXUAV:1 EDGEPORT:9998 TS:5.500 SPD:19.700 HDG:-0.200 PX:110.300 PY:-10.000 LAN:1 BRK:0 RX_X:0.000 RX_Y:0.000 RX_Z:0.000
[ZONE-ROUTE] CID:0 zone=1 edge_port=9998
[EDGE-RTT] CID:0 wall=0.5 ms  sim_delay=10.0 ms
>>> [UAV->CLOUD] BLK:8e9d|TX:7.0.0.4|CID:0|TS:5.500|SPD:19.7|HDG:-0.2|PX:110.3|PY:-10.0|L...
✓ [CAR 0] ACT=OK REP=0.847 RWD=1.000 PNL=0.000 CREDIT=6
[PASSIVE-BEACON] SIMNOW:5.606 CID:5 ZONE:1 RXUAV:1 EDGEPORT:9998 TS:5.592 SPD:20.400 HDG:1.700 PX:131.300 PY:-10.000 LAN:1 BRK:0 RX_X:0.000 RX_Y:0.000 RX_Z:0.000
[ZONE-ROUTE] CID:5 zone=1 edge_port=9998
[EDGE-RTT] CID:5 wall=0.8 ms  sim_delay=10.0 ms
>>> [UAV->CLOUD] BLK:5cae|TX:7.0.0.9|CID:5|TS:5.592|SPD:20.4|HDG:1.7|PX:131.3|PY:-10.0|LA...
✓ [CAR 5] ACT=OK REP=0.795 RWD=1.000 PNL=0.000 CREDIT=7
[PASSIVE-BEACON] SIMNOW:5.644 CID:1 ZONE:1 RXUAV:1 EDGEPORT:9998 TS:5.630 SPD:20.200 HDG:1.000 PX:112.700 PY:-20.000 LAN:2 BRK:0 RX_X:0.000 RX_Y:0.000 RX_Z:0.000
[ZONE-ROUTE] CID:1 zone=1 edge_port=9998
[EDGE-RTT] CID:1 wall=0.9 ms  sim_delay=10.0 ms
>>> [UAV->CLOUD] BLK:58d7|TX:7.0.0.5|CID:1|TS:5.630|SPD:20.2|HDG:1.0|PX:112.7|PY:-20.0|LA...
[PASSIVE-BEACON] SIMNOW:5.652 CID:4 ZONE:1 RXUAV:1 EDGEPORT:9998 TS:5.640 SPD:19.600 HDG:1.100 PX:112.600 PY:-50.000 LAN:5 BRK:0 RX_X:0.000 RX_Y:0.000 RX_Z:0.000
[ZONE-ROUTE] CID:4 zone=1 edge_port=9998
[EDGE-RTT] CID:4 wall=0.9 ms  sim_delay=10.0 ms
>>> [UAV->CLOUD] BLK:13bd|TX:7.0.0.8|CID:4|TS:5.640|SPD:19.6|HDG:1.1|PX:112.6|PY:-50.0|LA...
[PASSIVE-BEACON] SIMNOW:5.656 CID:9 ZONE:1 RXUAV:1 EDGEPORT:9998 TS:5.642 SPD:20.300 HDG:1.200 PX:133.400 PY:-50.000 LAN:5 BRK:0 RX_X:0.000 RX_Y:0.000 RX_Z:0.000
[ZONE-ROUTE] CID:9 zone=1 edge_port=9998
[EDGE-RTT] CID:9 wall=0.9 ms  sim_delay=10.0 ms
>>> [UAV->CLOUD] BLK:3d03|TX:7.0.0.13|CID:9|TS:5.642|SPD:20.3|HDG:1.2|PX:133.4|PY:-50.0|L...
✓ [CAR 1] ACT=OK REP=0.965 RWD=1.000 PNL=0.000 CREDIT=6
✓ [CAR 4] ACT=OK REP=0.765 RWD=1.000 PNL=0.000 CREDIT=7
✓ [CAR 9] ACT=OK REP=0.787 RWD=1.000 PNL=0.000 CREDIT=6
[PASSIVE-BEACON] SIMNOW:5.686 CID:8 ZONE:1 RXUAV:1 EDGEPORT:9998 TS:5.672 SPD:20.000 HDG:-1.300 PX:133.900 PY:-40.000 LAN:4 BRK:0 RX_X:0.000 RX_Y:0.000 RX_Z:0.000
[ZONE-ROUTE] CID:8 zone=1 edge_port=9998
[EDGE-RTT] CID:8 wall=0.8 ms  sim_delay=10.0 ms
>>> [UAV->CLOUD] BLK:ac91|TX:7.0.0.12|CID:8|TS:5.672|SPD:20.0|HDG:-1.3|PX:133.9|PY:-40.0|...
[PASSIVE-BEACON] SIMNOW:5.686 CID:7 ZONE:1 RXUAV:1 EDGEPORT:9998 TS:5.672 SPD:20.200 HDG:0.400 PX:133.200 PY:-30.000 LAN:3 BRK:0 RX_X:0.000 RX_Y:0.000 RX_Z:0.000
[ZONE-ROUTE] CID:7 zone=1 edge_port=9998
[EDGE-RTT] CID:7 wall=1.8 ms  sim_delay=10.0 ms
>>> [UAV->CLOUD] BLK:a2ca|TX:7.0.0.11|CID:7|TS:5.672|SPD:20.2|HDG:0.4|PX:133.2|PY:-30.0|L...
✓ [CAR 7] ACT=OK REP=0.888 RWD=1.000 PNL=0.000 CREDIT=7
✓ [CAR 8] ACT=OK REP=1.000 RWD=1.000 PNL=0.000 CREDIT=6
[PASSIVE-BEACON] SIMNOW:5.704 CID:3 ZONE:1 RXUAV:1 EDGEPORT:9998 TS:5.690 SPD:20.500 HDG:-0.300 PX:113.900 PY:-40.000 LAN:4 BRK:0 RX_X:0.000 RX_Y:0.000 RX_Z:0.000
[ZONE-ROUTE] CID:3 zone=1 edge_port=9998
[EDGE-RTT] CID:3 wall=0.7 ms  sim_delay=10.0 ms
>>> [UAV->CLOUD] BLK:e9d5|TX:7.0.0.7|CID:3|TS:5.690|SPD:20.5|HDG:-0.3|PX:113.9|PY:-40.0|L...
✓ [CAR 3] ACT=OK REP=0.993 RWD=1.000 PNL=0.000 CREDIT=6
[PASSIVE-BEACON] SIMNOW:5.874 CID:2 ZONE:1 RXUAV:1 EDGEPORT:9998 TS:5.860 SPD:19.800 HDG:0.500 PX:116.700 PY:-30.000 LAN:3 BRK:0 RX_X:0.000 RX_Y:0.000 RX_Z:0.000
[ZONE-ROUTE] CID:2 zone=1 edge_port=9998
[EDGE-RTT] CID:2 wall=0.9 ms  sim_delay=10.0 ms
>>> [UAV->CLOUD] BLK:5563|TX:7.0.0.6|CID:2|TS:5.860|SPD:19.8|HDG:0.5|PX:116.7|PY:-30.0|LA...
✓ [CAR 2] ACT=OK REP=0.923 RWD=1.000 PNL=0.000 CREDIT=6
[PASSIVE-BEACON] SIMNOW:5.996 CID:6 ZONE:1 RXUAV:1 EDGEPORT:9998 TS:5.982 SPD:20.400 HDG:-0.600 PX:139.300 PY:-20.000 LAN:2 BRK:0 RX_X:0.000 RX_Y:0.000 RX_Z:0.000
[ZONE-ROUTE] CID:6 zone=1 edge_port=9998
[EDGE-RTT] CID:6 wall=1.0 ms  sim_delay=10.0 ms
>>> [UAV->CLOUD] BLK:6028|TX:7.0.0.10|CID:6|TS:5.982|SPD:20.4|HDG:-0.6|PX:139.3|PY:-20.0|...
✓ [CAR 6] ACT=OK REP=0.717 RWD=1.000 PNL=0.000 CREDIT=6
[PASSIVE-BEACON] SIMNOW:6.014 CID:0 ZONE:1 RXUAV:1 EDGEPORT:9998 TS:6.000 SPD:20.400 HDG:-1.400 PX:120.700 PY:-10.000 LAN:1 BRK:0 RX_X:0.000 RX_Y:0.000 RX_Z:0.000
[ZONE-ROUTE] CID:0 zone=1 edge_port=9998
[EDGE-RTT] CID:0 wall=1.1 ms  sim_delay=10.0 ms
>>> [UAV->CLOUD] BLK:6d5b|TX:7.0.0.4|CID:0|TS:6.000|SPD:20.4|HDG:-1.4|PX:120.7|PY:-10.0|L...
✓ [CAR 0] ACT=OK REP=0.903 RWD=1.000 PNL=0.000 CREDIT=7
[PASSIVE-BEACON] SIMNOW:6.106 CID:5 ZONE:1 RXUAV:1 EDGEPORT:9998 TS:6.092 SPD:19.600 HDG:-1.900 PX:141.300 PY:-10.000 LAN:1 BRK:0 RX_X:0.000 RX_Y:0.000 RX_Z:0.000
[ZONE-ROUTE] CID:5 zone=1 edge_port=9998
[EDGE-RTT] CID:5 wall=1.0 ms  sim_delay=10.0 ms
>>> [UAV->CLOUD] BLK:047e|TX:7.0.0.9|CID:5|TS:6.092|SPD:19.6|HDG:-1.9|PX:141.3|PY:-10.0|L...
✓ [CAR 5] ACT=OK REP=0.798 RWD=1.000 PNL=0.000 CREDIT=8
[PASSIVE-BEACON] SIMNOW:6.144 CID:1 ZONE:1 RXUAV:1 EDGEPORT:9998 TS:6.130 SPD:20.400 HDG:-0.200 PX:122.100 PY:-20.000 LAN:2 BRK:1 RX_X:0.000 RX_Y:0.000 RX_Z:0.000
[ZONE-ROUTE] CID:1 zone=1 edge_port=9998
[EDGE-RTT] CID:1 wall=1.0 ms  sim_delay=10.0 ms
>>> [UAV->CLOUD] BLK:0b2c|TX:7.0.0.5|CID:1|TS:6.130|SPD:20.4|HDG:-0.2|PX:122.1|PY:-20.0|L...
[PASSIVE-BEACON] SIMNOW:6.154 CID:4 ZONE:1 RXUAV:1 EDGEPORT:9998 TS:6.140 SPD:19.700 HDG:1.300 PX:122.300 PY:-50.000 LAN:5 BRK:0 RX_X:0.000 RX_Y:0.000 RX_Z:0.000
[ZONE-ROUTE] CID:4 zone=1 edge_port=9998
[EDGE-RTT] CID:4 wall=1.0 ms  sim_delay=10.0 ms
>>> [UAV->CLOUD] BLK:175f|TX:7.0.0.8|CID:4|TS:6.140|SPD:19.7|HDG:1.3|PX:122.3|PY:-50.0|LA...
✓ [CAR 1] ACT=OK REP=0.550 RWD=1.000 PNL=0.000 CREDIT=7
[PASSIVE-BEACON] SIMNOW:6.159 CID:9 ZONE:1 RXUAV:1 EDGEPORT:9998 TS:6.142 SPD:19.900 HDG:-0.200 PX:143.300 PY:-50.000 LAN:5 BRK:1 RX_X:0.000 RX_Y:0.000 RX_Z:0.000
[ZONE-ROUTE] CID:9 zone=1 edge_port=9998
[EDGE-RTT] CID:9 wall=1.0 ms  sim_delay=10.0 ms
>>> [UAV->CLOUD] BLK:8a3b|TX:7.0.0.13|CID:9|TS:6.142|SPD:19.9|HDG:-0.2|PX:143.3|PY:-50.0|...
✓ [CAR 4] ACT=OK REP=0.990 RWD=1.000 PNL=0.000 CREDIT=8
✓ [CAR 9] ACT=OK REP=1.000 RWD=1.000 PNL=0.000 CREDIT=7
[PASSIVE-BEACON] SIMNOW:6.186 CID:8 ZONE:1 RXUAV:1 EDGEPORT:9998 TS:6.172 SPD:19.800 HDG:1.500 PX:143.000 PY:-40.000 LAN:4 BRK:0 RX_X:0.000 RX_Y:0.000 RX_Z:0.000
[ZONE-ROUTE] CID:8 zone=1 edge_port=9998
[EDGE-RTT] CID:8 wall=1.0 ms  sim_delay=10.0 ms
>>> [UAV->CLOUD] BLK:dcd2|TX:7.0.0.12|CID:8|TS:6.172|SPD:19.8|HDG:1.5|PX:143.0|PY:-40.0|L...
[PASSIVE-BEACON] SIMNOW:6.186 CID:7 ZONE:1 RXUAV:1 EDGEPORT:9998 TS:6.172 SPD:20.500 HDG:0.500 PX:143.100 PY:-30.000 LAN:3 BRK:1 RX_X:0.000 RX_Y:0.000 RX_Z:0.000
[ZONE-ROUTE] CID:7 zone=1 edge_port=9998
[EDGE-RTT] CID:7 wall=1.6 ms  sim_delay=10.0 ms
>>> [UAV->CLOUD] BLK:b007|TX:7.0.0.11|CID:7|TS:6.172|SPD:20.5|HDG:0.5|PX:143.1|PY:-30.0|L...
✓ [CAR 7] ACT=OK REP=0.970 RWD=1.000 PNL=0.000 CREDIT=8
✓ [CAR 8] ACT=OK REP=0.772 RWD=1.000 PNL=0.000 CREDIT=7
[PASSIVE-BEACON] SIMNOW:6.204 CID:3 ZONE:1 RXUAV:1 EDGEPORT:9998 TS:6.190 SPD:20.100 HDG:-1.700 PX:123.200 PY:-40.000 LAN:4 BRK:0 RX_X:0.000 RX_Y:0.000 RX_Z:0.000
[ZONE-ROUTE] CID:3 zone=1 edge_port=9998
[EDGE-RTT] CID:3 wall=0.8 ms  sim_delay=10.0 ms
>>> [UAV->CLOUD] BLK:c8ef|TX:7.0.0.7|CID:3|TS:6.190|SPD:20.1|HDG:-1.7|PX:123.2|PY:-40.0|L...
✓ [CAR 3] ACT=OK REP=0.725 RWD=1.000 PNL=0.000 CREDIT=7
[PASSIVE-BEACON] SIMNOW:6.374 CID:2 ZONE:1 RXUAV:1 EDGEPORT:9998 TS:6.360 SPD:20.000 HDG:-1.500 PX:127.300 PY:-30.000 LAN:3 BRK:0 RX_X:0.000 RX_Y:0.000 RX_Z:0.000
[ZONE-ROUTE] CID:2 zone=1 edge_port=9998
[EDGE-RTT] CID:2 wall=1.1 ms  sim_delay=10.0 ms
>>> [UAV->CLOUD] BLK:b31a|TX:7.0.0.6|CID:2|TS:6.360|SPD:20.0|HDG:-1.5|PX:127.3|PY:-30.0|L...
✓ [CAR 2] ACT=OK REP=0.897 RWD=1.000 PNL=0.000 CREDIT=7
[PASSIVE-BEACON] SIMNOW:6.496 CID:6 ZONE:1 RXUAV:1 EDGEPORT:9998 TS:6.482 SPD:19.600 HDG:0.100 PX:149.800 PY:-20.000 LAN:2 BRK:0 RX_X:0.000 RX_Y:0.000 RX_Z:0.000
[ZONE-ROUTE] CID:6 zone=1 edge_port=9998
[EDGE-RTT] CID:6 wall=0.9 ms  sim_delay=10.0 ms
>>> [UAV->CLOUD] BLK:326b|TX:7.0.0.10|CID:6|TS:6.482|SPD:19.6|HDG:0.1|PX:149.8|PY:-20.0|L...
✓ [CAR 6] ACT=OK REP=0.824 RWD=1.000 PNL=0.000 CREDIT=7
[PASSIVE-BEACON] SIMNOW:6.514 CID:0 ZONE:1 RXUAV:1 EDGEPORT:9998 TS:6.500 SPD:19.900 HDG:0.600 PX:129.500 PY:-10.000 LAN:1 BRK:0 RX_X:0.000 RX_Y:0.000 RX_Z:0.000
[ZONE-ROUTE] CID:0 zone=1 edge_port=9998
[EDGE-RTT] CID:0 wall=0.9 ms  sim_delay=10.0 ms
>>> [UAV->CLOUD] BLK:6c67|TX:7.0.0.4|CID:0|TS:6.500|SPD:19.9|HDG:0.6|PX:129.5|PY:-10.0|LA...
✓ [CAR 0] ACT=OK REP=1.000 RWD=1.000 PNL=0.000 CREDIT=8
[PASSIVE-BEACON] SIMNOW:6.606 CID:5 ZONE:1 RXUAV:1 EDGEPORT:9998 TS:6.592 SPD:20.000 HDG:-1.800 PX:151.700 PY:-10.000 LAN:1 BRK:0 RX_X:0.000 RX_Y:0.000 RX_Z:0.000
[ZONE-ROUTE] CID:5 zone=1 edge_port=9998
[EDGE-RTT] CID:5 wall=0.8 ms  sim_delay=10.0 ms
>>> [UAV->CLOUD] BLK:647b|TX:7.0.0.9|CID:5|TS:6.592|SPD:20.0|HDG:-1.8|PX:151.7|PY:-10.0|L...
✓ [CAR 5] ACT=OK REP=0.731 RWD=1.000 PNL=0.000 CREDIT=9
[PASSIVE-BEACON] SIMNOW:6.644 CID:1 ZONE:1 RXUAV:1 EDGEPORT:9998 TS:6.630 SPD:19.800 HDG:-1.200 PX:132.200 PY:-20.000 LAN:2 BRK:0 RX_X:0.000 RX_Y:0.000 RX_Z:0.000
[ZONE-ROUTE] CID:1 zone=1 edge_port=9998
[EDGE-RTT] CID:1 wall=1.0 ms  sim_delay=10.0 ms
>>> [UAV->CLOUD] BLK:b50f|TX:7.0.0.5|CID:1|TS:6.630|SPD:19.8|HDG:-1.2|PX:132.2|PY:-20.0|L...
[PASSIVE-BEACON] SIMNOW:6.654 CID:4 ZONE:1 RXUAV:1 EDGEPORT:9998 TS:6.640 SPD:19.600 HDG:0.500 PX:132.100 PY:-50.000 LAN:5 BRK:0 RX_X:0.000 RX_Y:0.000 RX_Z:0.000
[ZONE-ROUTE] CID:4 zone=1 edge_port=9998
[EDGE-RTT] CID:4 wall=1.0 ms  sim_delay=10.0 ms
>>> [UAV->CLOUD] BLK:a0b9|TX:7.0.0.8|CID:4|TS:6.640|SPD:19.6|HDG:0.5|PX:132.1|PY:-50.0|LA...
[PASSIVE-BEACON] SIMNOW:6.656 CID:9 ZONE:1 RXUAV:1 EDGEPORT:9998 TS:6.642 SPD:19.700 HDG:-0.800 PX:152.600 PY:-50.000 LAN:5 BRK:0 RX_X:0.000 RX_Y:0.000 RX_Z:0.000
[ZONE-ROUTE] CID:9 zone=1 edge_port=9998
[EDGE-RTT] CID:9 wall=0.7 ms  sim_delay=10.0 ms
>>> [UAV->CLOUD] BLK:dc24|TX:7.0.0.13|CID:9|TS:6.642|SPD:19.7|HDG:-0.8|PX:152.6|PY:-50.0|...
✓ [CAR 1] ACT=OK REP=0.957 RWD=1.000 PNL=0.000 CREDIT=8
✓ [CAR 4] ACT=OK REP=0.823 RWD=1.000 PNL=0.000 CREDIT=9
✓ [CAR 9] ACT=OK REP=0.953 RWD=1.000 PNL=0.000 CREDIT=8
[PASSIVE-BEACON] SIMNOW:6.686 CID:8 ZONE:1 RXUAV:1 EDGEPORT:9998 TS:6.672 SPD:19.500 HDG:0.300 PX:152.700 PY:-40.000 LAN:4 BRK:0 RX_X:0.000 RX_Y:0.000 RX_Z:0.000
[ZONE-ROUTE] CID:8 zone=1 edge_port=9998
[EDGE-RTT] CID:8 wall=0.9 ms  sim_delay=10.0 ms
>>> [UAV->CLOUD] BLK:5824|TX:7.0.0.12|CID:8|TS:6.672|SPD:19.5|HDG:0.3|PX:152.7|PY:-40.0|L...
[PASSIVE-BEACON] SIMNOW:6.686 CID:7 ZONE:1 RXUAV:1 EDGEPORT:9998 TS:6.672 SPD:20.300 HDG:-1.700 PX:152.900 PY:-30.000 LAN:3 BRK:0 RX_X:0.000 RX_Y:0.000 RX_Z:0.000
[ZONE-ROUTE] CID:7 zone=1 edge_port=9998
[EDGE-RTT] CID:7 wall=1.1 ms  sim_delay=10.0 ms
>>> [UAV->CLOUD] BLK:ba95|TX:7.0.0.11|CID:7|TS:6.672|SPD:20.3|HDG:-1.7|PX:152.9|PY:-30.0|...
✓ [CAR 7] ACT=OK REP=0.970 RWD=1.000 PNL=0.000 CREDIT=9
✓ [CAR 8] ACT=OK REP=1.000 RWD=1.000 PNL=0.000 CREDIT=8
[PASSIVE-BEACON] SIMNOW:6.704 CID:3 ZONE:1 RXUAV:1 EDGEPORT:9998 TS:6.690 SPD:19.700 HDG:-0.200 PX:134.100 PY:-40.000 LAN:4 BRK:0 RX_X:0.000 RX_Y:0.000 RX_Z:0.000
[ZONE-ROUTE] CID:3 zone=1 edge_port=9998
[EDGE-RTT] CID:3 wall=0.9 ms  sim_delay=10.0 ms
>>> [UAV->CLOUD] BLK:33bc|TX:7.0.0.7|CID:3|TS:6.690|SPD:19.7|HDG:-0.2|PX:134.1|PY:-40.0|L...
✓ [CAR 3] ACT=OK REP=0.796 RWD=1.000 PNL=0.000 CREDIT=8
[PASSIVE-BEACON] SIMNOW:6.874 CID:2 ZONE:1 RXUAV:1 EDGEPORT:9998 TS:6.860 SPD:20.200 HDG:-0.300 PX:137.300 PY:-30.000 LAN:3 BRK:1 RX_X:0.000 RX_Y:0.000 RX_Z:0.000
[ZONE-ROUTE] CID:2 zone=1 edge_port=9998
[EDGE-RTT] CID:2 wall=1.0 ms  sim_delay=10.0 ms
>>> [UAV->CLOUD] BLK:e045|TX:7.0.0.6|CID:2|TS:6.860|SPD:20.2|HDG:-0.3|PX:137.3|PY:-30.0|L...
✓ [CAR 2] ACT=OK REP=0.656 RWD=1.000 PNL=0.000 CREDIT=8
[PASSIVE-BEACON] SIMNOW:6.995 CID:6 ZONE:1 RXUAV:1 EDGEPORT:9998 TS:6.982 SPD:20.500 HDG:-1.100 PX:159.200 PY:-20.000 LAN:2 BRK:1 RX_X:0.000 RX_Y:0.000 RX_Z:0.000
[ZONE-ROUTE] CID:6 zone=1 edge_port=9998
[EDGE-RTT] CID:6 wall=1.0 ms  sim_delay=10.0 ms
>>> [UAV->CLOUD] BLK:32d9|TX:7.0.0.10|CID:6|TS:6.982|SPD:20.5|HDG:-1.1|PX:159.2|PY:-20.0|...
✓ [CAR 6] ACT=OK REP=0.996 RWD=1.000 PNL=0.000 CREDIT=8
[PASSIVE-BEACON] SIMNOW:7.014 CID:0 ZONE:1 RXUAV:1 EDGEPORT:9998 TS:7.000 SPD:20.000 HDG:-0.700 PX:140.700 PY:-10.000 LAN:1 BRK:0 RX_X:0.000 RX_Y:0.000 RX_Z:0.000
[ZONE-ROUTE] CID:0 zone=1 edge_port=9998
[EDGE-RTT] CID:0 wall=0.8 ms  sim_delay=10.0 ms
>>> [UAV->CLOUD] BLK:ddd0|TX:7.0.0.4|CID:0|TS:7.000|SPD:20.0|HDG:-0.7|PX:140.7|PY:-10.0|L...
✓ [CAR 0] ACT=OK REP=0.812 RWD=1.000 PNL=0.000 CREDIT=9
[PASSIVE-BEACON] SIMNOW:7.106 CID:5 ZONE:1 RXUAV:1 EDGEPORT:9998 TS:7.092 SPD:20.300 HDG:-0.400 PX:161.600 PY:-10.000 LAN:1 BRK:1 RX_X:0.000 RX_Y:0.000 RX_Z:0.000
[ZONE-ROUTE] CID:5 zone=1 edge_port=9998
[EDGE-RTT] CID:5 wall=0.9 ms  sim_delay=10.0 ms
>>> [UAV->CLOUD] BLK:5b0b|TX:7.0.0.9|CID:5|TS:7.092|SPD:20.3|HDG:-0.4|PX:161.6|PY:-10.0|L...
✓ [CAR 5] ACT=OK REP=0.861 RWD=1.000 PNL=0.000 CREDIT=10
[PASSIVE-BEACON] SIMNOW:7.144 CID:1 ZONE:1 RXUAV:1 EDGEPORT:9998 TS:7.130 SPD:19.800 HDG:1.500 PX:142.000 PY:-20.000 LAN:2 BRK:0 RX_X:0.000 RX_Y:0.000 RX_Z:0.000
[ZONE-ROUTE] CID:1 zone=1 edge_port=9998
[EDGE-RTT] CID:1 wall=1.0 ms  sim_delay=10.0 ms
>>> [UAV->CLOUD] BLK:570e|TX:7.0.0.5|CID:1|TS:7.130|SPD:19.8|HDG:1.5|PX:142.0|PY:-20.0|LA...
[PASSIVE-BEACON] SIMNOW:7.152 CID:4 ZONE:1 RXUAV:1 EDGEPORT:9998 TS:7.140 SPD:19.500 HDG:1.700 PX:143.000 PY:-50.000 LAN:5 BRK:0 RX_X:0.000 RX_Y:0.000 RX_Z:0.000
[ZONE-ROUTE] CID:4 zone=1 edge_port=9998
[EDGE-RTT] CID:4 wall=0.9 ms  sim_delay=10.0 ms
>>> [UAV->CLOUD] BLK:b007|TX:7.0.0.8|CID:4|TS:7.140|SPD:19.5|HDG:1.7|PX:143.0|PY:-50.0|LA...
[PASSIVE-BEACON] SIMNOW:7.155 CID:9 ZONE:1 RXUAV:1 EDGEPORT:9998 TS:7.142 SPD:19.800 HDG:0.700 PX:163.400 PY:-50.000 LAN:5 BRK:0 RX_X:0.000 RX_Y:0.000 RX_Z:0.000
[ZONE-ROUTE] CID:9 zone=1 edge_port=9998
[EDGE-RTT] CID:9 wall=0.7 ms  sim_delay=10.0 ms
>>> [UAV->CLOUD] BLK:ee74|TX:7.0.0.13|CID:9|TS:7.142|SPD:19.8|HDG:0.7|PX:163.4|PY:-50.0|L...
✓ [CAR 1] ACT=OK REP=1.000 RWD=1.000 PNL=0.000 CREDIT=9
✓ [CAR 4] ACT=OK REP=0.788 RWD=1.000 PNL=0.000 CREDIT=10
✓ [CAR 9] ACT=OK REP=0.949 RWD=1.000 PNL=0.000 CREDIT=9
[PASSIVE-BEACON] SIMNOW:7.186 CID:8 ZONE:1 RXUAV:1 EDGEPORT:9998 TS:7.172 SPD:20.400 HDG:-0.600 PX:163.200 PY:-40.000 LAN:4 BRK:0 RX_X:0.000 RX_Y:0.000 RX_Z:0.000
[ZONE-ROUTE] CID:8 zone=1 edge_port=9998
[EDGE-RTT] CID:8 wall=1.0 ms  sim_delay=10.0 ms
>>> [UAV->CLOUD] BLK:4ce7|TX:7.0.0.12|CID:8|TS:7.172|SPD:20.4|HDG:-0.6|PX:163.2|PY:-40.0|...
[PASSIVE-BEACON] SIMNOW:7.186 CID:7 ZONE:1 RXUAV:1 EDGEPORT:9998 TS:7.172 SPD:19.600 HDG:1.200 PX:163.000 PY:-30.000 LAN:3 BRK:0 RX_X:0.000 RX_Y:0.000 RX_Z:0.000
[ZONE-ROUTE] CID:7 zone=1 edge_port=9998
[EDGE-RTT] CID:7 wall=2.1 ms  sim_delay=10.0 ms
>>> [UAV->CLOUD] BLK:3e2c|TX:7.0.0.11|CID:7|TS:7.172|SPD:19.6|HDG:1.2|PX:163.0|PY:-30.0|L...
✓ [CAR 8] ACT=OK REP=0.881 RWD=1.000 PNL=0.000 CREDIT=9
✓ [CAR 7] ACT=OK REP=0.844 RWD=1.000 PNL=0.000 CREDIT=10
[PASSIVE-BEACON] SIMNOW:7.204 CID:3 ZONE:1 RXUAV:1 EDGEPORT:9998 TS:7.190 SPD:20.000 HDG:1.300 PX:143.100 PY:-40.000 LAN:4 BRK:0 RX_X:0.000 RX_Y:0.000 RX_Z:0.000
[ZONE-ROUTE] CID:3 zone=1 edge_port=9998
[EDGE-RTT] CID:3 wall=1.0 ms  sim_delay=10.0 ms
>>> [UAV->CLOUD] BLK:c67e|TX:7.0.0.7|CID:3|TS:7.190|SPD:20.0|HDG:1.3|PX:143.1|PY:-40.0|LA...
✓ [CAR 3] ACT=OK REP=0.814 RWD=1.000 PNL=0.000 CREDIT=9
[PASSIVE-BEACON] SIMNOW:7.374 CID:2 ZONE:1 RXUAV:1 EDGEPORT:9998 TS:7.360 SPD:19.700 HDG:2.000 PX:147.900 PY:-30.000 LAN:3 BRK:1 RX_X:0.000 RX_Y:0.000 RX_Z:0.000
[ZONE-ROUTE] CID:2 zone=1 edge_port=9998
[EDGE-RTT] CID:2 wall=1.4 ms  sim_delay=10.0 ms
>>> [UAV->CLOUD] BLK:7093|TX:7.0.0.6|CID:2|TS:7.360|SPD:19.7|HDG:2.0|PX:147.9|PY:-30.0|LA...
✓ [CAR 2] ACT=OK REP=0.790 RWD=1.000 PNL=0.000 CREDIT=9
[PASSIVE-BEACON] SIMNOW:7.496 CID:6 ZONE:1 RXUAV:1 EDGEPORT:9998 TS:7.482 SPD:20.400 HDG:1.700 PX:169.600 PY:-20.000 LAN:2 BRK:1 RX_X:0.000 RX_Y:0.000 RX_Z:0.000
[ZONE-ROUTE] CID:6 zone=1 edge_port=9998
[EDGE-RTT] CID:6 wall=0.9 ms  sim_delay=10.0 ms
>>> [UAV->CLOUD] BLK:a003|TX:7.0.0.10|CID:6|TS:7.482|SPD:20.4|HDG:1.7|PX:169.6|PY:-20.0|L...
✓ [CAR 6] ACT=OK REP=0.881 RWD=1.000 PNL=0.000 CREDIT=9
[PASSIVE-BEACON] SIMNOW:7.514 CID:0 ZONE:1 RXUAV:1 EDGEPORT:9998 TS:7.500 SPD:20.000 HDG:0.400 PX:150.600 PY:-10.000 LAN:1 BRK:1 RX_X:0.000 RX_Y:0.000 RX_Z:0.000
[ZONE-ROUTE] CID:0 zone=1 edge_port=9998
[EDGE-RTT] CID:0 wall=1.1 ms  sim_delay=10.0 ms
>>> [UAV->CLOUD] BLK:75d6|TX:7.0.0.4|CID:0|TS:7.500|SPD:20.0|HDG:0.4|PX:150.6|PY:-10.0|LA...
✓ [CAR 0] ACT=OK REP=0.722 RWD=1.000 PNL=0.000 CREDIT=10
[PASSIVE-BEACON] SIMNOW:7.606 CID:5 ZONE:1 RXUAV:1 EDGEPORT:9998 TS:7.592 SPD:19.700 HDG:-0.200 PX:172.400 PY:-10.000 LAN:1 BRK:1 RX_X:0.000 RX_Y:0.000 RX_Z:0.000
[ZONE-ROUTE] CID:5 zone=1 edge_port=9998
[EDGE-RTT] CID:5 wall=1.0 ms  sim_delay=10.0 ms
>>> [UAV->CLOUD] BLK:ff0b|TX:7.0.0.9|CID:5|TS:7.592|SPD:19.7|HDG:-0.2|PX:172.4|PY:-10.0|L...
✓ [CAR 5] ACT=OK REP=0.890 RWD=1.000 PNL=0.000 CREDIT=11
[PASSIVE-BEACON] SIMNOW:7.644 CID:1 ZONE:1 RXUAV:1 EDGEPORT:9998 TS:7.630 SPD:20.100 HDG:1.600 PX:152.200 PY:-20.000 LAN:2 BRK:1 RX_X:0.000 RX_Y:0.000 RX_Z:0.000
[ZONE-ROUTE] CID:1 zone=1 edge_port=9998
[EDGE-RTT] CID:1 wall=0.8 ms  sim_delay=10.0 ms
>>> [UAV->CLOUD] BLK:b099|TX:7.0.0.5|CID:1|TS:7.630|SPD:20.1|HDG:1.6|PX:152.2|PY:-20.0|LA...
[PASSIVE-BEACON] SIMNOW:7.654 CID:4 ZONE:1 RXUAV:1 EDGEPORT:9998 TS:7.640 SPD:20.200 HDG:-1.300 PX:153.500 PY:-50.000 LAN:5 BRK:0 RX_X:0.000 RX_Y:0.000 RX_Z:0.000
[ZONE-ROUTE] CID:4 zone=1 edge_port=9998
[EDGE-RTT] CID:4 wall=0.7 ms  sim_delay=10.0 ms
>>> [UAV->CLOUD] BLK:77bc|TX:7.0.0.8|CID:4|TS:7.640|SPD:20.2|HDG:-1.3|PX:153.5|PY:-50.0|L...
[PASSIVE-BEACON] SIMNOW:7.656 CID:9 ZONE:1 RXUAV:1 EDGEPORT:9998 TS:7.642 SPD:19.900 HDG:-0.800 PX:173.100 PY:-50.000 LAN:5 BRK:0 RX_X:0.000 RX_Y:0.000 RX_Z:0.000
[ZONE-ROUTE] CID:9 zone=1 edge_port=9998
[EDGE-RTT] CID:9 wall=0.9 ms  sim_delay=10.0 ms
>>> [UAV->CLOUD] BLK:4760|TX:7.0.0.13|CID:9|TS:7.642|SPD:19.9|HDG:-0.8|PX:173.1|PY:-50.0|...
✓ [CAR 1] ACT=OK REP=0.779 RWD=1.000 PNL=0.000 CREDIT=10
✓ [CAR 4] ACT=OK REP=1.000 RWD=1.000 PNL=0.000 CREDIT=11
✓ [CAR 9] ACT=OK REP=0.722 RWD=1.000 PNL=0.000 CREDIT=10
[PASSIVE-BEACON] SIMNOW:7.686 CID:8 ZONE:1 RXUAV:1 EDGEPORT:9998 TS:7.672 SPD:20.100 HDG:-1.800 PX:173.100 PY:-40.000 LAN:4 BRK:0 RX_X:0.000 RX_Y:0.000 RX_Z:0.000
[ZONE-ROUTE] CID:8 zone=1 edge_port=9998
[EDGE-RTT] CID:8 wall=0.8 ms  sim_delay=10.0 ms
>>> [UAV->CLOUD] BLK:59ab|TX:7.0.0.12|CID:8|TS:7.672|SPD:20.1|HDG:-1.8|PX:173.1|PY:-40.0|...
[PASSIVE-BEACON] SIMNOW:7.686 CID:7 ZONE:1 RXUAV:1 EDGEPORT:9998 TS:7.672 SPD:19.900 HDG:0.800 PX:173.400 PY:-30.000 LAN:3 BRK:1 RX_X:0.000 RX_Y:0.000 RX_Z:0.000
[ZONE-ROUTE] CID:7 zone=1 edge_port=9998
[EDGE-RTT] CID:7 wall=1.7 ms  sim_delay=10.0 ms
>>> [UAV->CLOUD] BLK:f52b|TX:7.0.0.11|CID:7|TS:7.672|SPD:19.9|HDG:0.8|PX:173.4|PY:-30.0|L...
✓ [CAR 7] ACT=OK REP=1.000 RWD=1.000 PNL=0.000 CREDIT=11
✓ [CAR 8] ACT=OK REP=0.640 RWD=1.000 PNL=0.000 CREDIT=10
[PASSIVE-BEACON] SIMNOW:7.704 CID:3 ZONE:1 RXUAV:1 EDGEPORT:9998 TS:7.690 SPD:20.500 HDG:-0.400 PX:153.400 PY:-40.000 LAN:4 BRK:0 RX_X:0.000 RX_Y:0.000 RX_Z:0.000
[ZONE-ROUTE] CID:3 zone=1 edge_port=9998
[EDGE-RTT] CID:3 wall=0.9 ms  sim_delay=10.0 ms
>>> [UAV->CLOUD] BLK:48d6|TX:7.0.0.7|CID:3|TS:7.690|SPD:20.5|HDG:-0.4|PX:153.4|PY:-40.0|L...
✓ [CAR 3] ACT=OK REP=0.627 RWD=1.000 PNL=0.000 CREDIT=10
[PASSIVE-BEACON] SIMNOW:7.874 CID:2 ZONE:1 RXUAV:1 EDGEPORT:9998 TS:7.860 SPD:20.100 HDG:-0.900 PX:157.100 PY:-30.000 LAN:3 BRK:0 RX_X:0.000 RX_Y:0.000 RX_Z:0.000
[ZONE-ROUTE] CID:2 zone=1 edge_port=9998
[EDGE-RTT] CID:2 wall=1.0 ms  sim_delay=10.0 ms
>>> [UAV->CLOUD] BLK:d564|TX:7.0.0.6|CID:2|TS:7.860|SPD:20.1|HDG:-0.9|PX:157.1|PY:-30.0|L...
✓ [CAR 2] ACT=OK REP=0.877 RWD=1.000 PNL=0.000 CREDIT=10
[PASSIVE-BEACON] SIMNOW:7.996 CID:6 ZONE:1 RXUAV:1 EDGEPORT:9998 TS:7.982 SPD:20.400 HDG:0.800 PX:179.100 PY:-20.000 LAN:2 BRK:0 RX_X:0.000 RX_Y:0.000 RX_Z:0.000
[ZONE-ROUTE] CID:6 zone=1 edge_port=9998
[EDGE-RTT] CID:6 wall=1.1 ms  sim_delay=10.0 ms
>>> [UAV->CLOUD] BLK:128c|TX:7.0.0.10|CID:6|TS:7.982|SPD:20.4|HDG:0.8|PX:179.1|PY:-20.0|L...
✓ [CAR 6] ACT=OK REP=1.000 RWD=1.000 PNL=0.000 CREDIT=10
[PASSIVE-BEACON] SIMNOW:8.014 CID:0 ZONE:1 RXUAV:1 EDGEPORT:9998 TS:8.000 SPD:19.900 HDG:1.300 PX:160.700 PY:-10.000 LAN:1 BRK:1 RX_X:0.000 RX_Y:0.000 RX_Z:0.000
[ZONE-ROUTE] CID:0 zone=1 edge_port=9998
[EDGE-RTT] CID:0 wall=0.6 ms  sim_delay=10.0 ms
>>> [UAV->CLOUD] BLK:7fc2|TX:7.0.0.4|CID:0|TS:8.000|SPD:19.9|HDG:1.3|PX:160.7|PY:-10.0|LA...
✓ [CAR 0] ACT=OK REP=0.919 RWD=1.000 PNL=0.000 CREDIT=11
[PASSIVE-BEACON] SIMNOW:8.106 CID:5 ZONE:1 RXUAV:1 EDGEPORT:9998 TS:8.092 SPD:19.600 HDG:-0.200 PX:181.400 PY:-10.000 LAN:1 BRK:0 RX_X:0.000 RX_Y:0.000 RX_Z:0.000
[ZONE-ROUTE] CID:5 zone=1 edge_port=9998
[EDGE-RTT] CID:5 wall=1.1 ms  sim_delay=10.0 ms
>>> [UAV->CLOUD] BLK:36e9|TX:7.0.0.9|CID:5|TS:8.092|SPD:19.6|HDG:-0.2|PX:181.4|PY:-10.0|L...
✓ [CAR 5] ACT=OK REP=0.888 RWD=1.000 PNL=0.000 CREDIT=12
[PASSIVE-BEACON] SIMNOW:8.144 CID:1 ZONE:1 RXUAV:1 EDGEPORT:9998 TS:8.130 SPD:19.600 HDG:-0.200 PX:162.900 PY:-20.000 LAN:2 BRK:0 RX_X:0.000 RX_Y:0.000 RX_Z:0.000
[ZONE-ROUTE] CID:1 zone=1 edge_port=9998
[EDGE-RTT] CID:1 wall=0.9 ms  sim_delay=10.0 ms
>>> [UAV->CLOUD] BLK:dd12|TX:7.0.0.5|CID:1|TS:8.130|SPD:19.6|HDG:-0.2|PX:162.9|PY:-20.0|L...
[PASSIVE-BEACON] SIMNOW:8.154 CID:4 ZONE:1 RXUAV:1 EDGEPORT:9998 TS:8.140 SPD:19.800 HDG:-0.800 PX:163.500 PY:-50.000 LAN:5 BRK:0 RX_X:0.000 RX_Y:0.000 RX_Z:0.000
[ZONE-ROUTE] CID:4 zone=1 edge_port=9998
[EDGE-RTT] CID:4 wall=0.9 ms  sim_delay=10.0 ms
>>> [UAV->CLOUD] BLK:4a02|TX:7.0.0.8|CID:4|TS:8.140|SPD:19.8|HDG:-0.8|PX:163.5|PY:-50.0|L...
✓ [CAR 1] ACT=OK REP=0.711 RWD=1.000 PNL=0.000 CREDIT=11
[PASSIVE-BEACON] SIMNOW:8.159 CID:9 ZONE:1 RXUAV:1 EDGEPORT:9998 TS:8.142 SPD:19.600 HDG:1.400 PX:182.900 PY:-50.000 LAN:5 BRK:1 RX_X:0.000 RX_Y:0.000 RX_Z:0.000
[ZONE-ROUTE] CID:9 zone=1 edge_port=9998
[EDGE-RTT] CID:9 wall=0.8 ms  sim_delay=10.0 ms
>>> [UAV->CLOUD] BLK:d956|TX:7.0.0.13|CID:9|TS:8.142|SPD:19.6|HDG:1.4|PX:182.9|PY:-50.0|L...
✓ [CAR 4] ACT=OK REP=0.720 RWD=1.000 PNL=0.000 CREDIT=12
✓ [CAR 9] ACT=OK REP=1.000 RWD=1.000 PNL=0.000 CREDIT=11
[PASSIVE-BEACON] SIMNOW:8.186 CID:8 ZONE:1 RXUAV:1 EDGEPORT:9998 TS:8.172 SPD:20.300 HDG:1.500 PX:183.600 PY:-40.000 LAN:4 BRK:0 RX_X:0.000 RX_Y:0.000 RX_Z:0.000
[ZONE-ROUTE] CID:8 zone=1 edge_port=9998
[EDGE-RTT] CID:8 wall=0.6 ms  sim_delay=10.0 ms
>>> [UAV->CLOUD] BLK:acee|TX:7.0.0.12|CID:8|TS:8.172|SPD:20.3|HDG:1.5|PX:183.6|PY:-40.0|L...
[PASSIVE-BEACON] SIMNOW:8.186 CID:7 ZONE:1 RXUAV:1 EDGEPORT:9998 TS:8.172 SPD:19.800 HDG:0.300 PX:182.800 PY:-30.000 LAN:3 BRK:0 RX_X:0.000 RX_Y:0.000 RX_Z:0.000
[ZONE-ROUTE] CID:7 zone=1 edge_port=9998
[EDGE-RTT] CID:7 wall=1.8 ms  sim_delay=10.0 ms
>>> [UAV->CLOUD] BLK:e849|TX:7.0.0.11|CID:7|TS:8.172|SPD:19.8|HDG:0.3|PX:182.8|PY:-30.0|L...
✓ [CAR 7] ACT=OK REP=0.644 RWD=1.000 PNL=0.000 CREDIT=12
✓ [CAR 8] ACT=OK REP=0.973 RWD=1.000 PNL=0.000 CREDIT=11
[PASSIVE-BEACON] SIMNOW:8.204 CID:3 ZONE:1 RXUAV:1 EDGEPORT:9998 TS:8.190 SPD:19.700 HDG:-1.200 PX:164.300 PY:-40.000 LAN:4 BRK:0 RX_X:0.000 RX_Y:0.000 RX_Z:0.000
[ZONE-ROUTE] CID:3 zone=1 edge_port=9998
[EDGE-RTT] CID:3 wall=0.9 ms  sim_delay=10.0 ms
>>> [UAV->CLOUD] BLK:f22a|TX:7.0.0.7|CID:3|TS:8.190|SPD:19.7|HDG:-1.2|PX:164.3|PY:-40.0|L...
✓ [CAR 3] ACT=OK REP=0.730 RWD=1.000 PNL=0.000 CREDIT=11
[PASSIVE-BEACON] SIMNOW:8.374 CID:2 ZONE:1 RXUAV:1 EDGEPORT:9998 TS:8.360 SPD:20.100 HDG:1.500 PX:166.800 PY:-30.000 LAN:3 BRK:0 RX_X:0.000 RX_Y:0.000 RX_Z:0.000
[ZONE-ROUTE] CID:2 zone=1 edge_port=9998
[EDGE-RTT] CID:2 wall=0.6 ms  sim_delay=10.0 ms
>>> [UAV->CLOUD] BLK:a7b0|TX:7.0.0.6|CID:2|TS:8.360|SPD:20.1|HDG:1.5|PX:166.8|PY:-30.0|LA...
✓ [CAR 2] ACT=OK REP=0.746 RWD=1.000 PNL=0.000 CREDIT=11
[PASSIVE-BEACON] SIMNOW:8.496 CID:6 ZONE:1 RXUAV:1 EDGEPORT:9998 TS:8.482 SPD:19.800 HDG:-1.800 PX:189.600 PY:-20.000 LAN:2 BRK:1 RX_X:0.000 RX_Y:0.000 RX_Z:0.000
[ZONE-ROUTE] CID:6 zone=1 edge_port=9998
[EDGE-RTT] CID:6 wall=1.0 ms  sim_delay=10.0 ms
>>> [UAV->CLOUD] BLK:e1d7|TX:7.0.0.10|CID:6|TS:8.482|SPD:19.8|HDG:-1.8|PX:189.6|PY:-20.0|...
✓ [CAR 6] ACT=OK REP=0.786 RWD=1.000 PNL=0.000 CREDIT=11
[PASSIVE-BEACON] SIMNOW:8.514 CID:0 ZONE:1 RXUAV:1 EDGEPORT:9998 TS:8.500 SPD:20.400 HDG:1.600 PX:169.900 PY:-10.000 LAN:1 BRK:0 RX_X:0.000 RX_Y:0.000 RX_Z:0.000
[ZONE-ROUTE] CID:0 zone=1 edge_port=9998
[EDGE-RTT] CID:0 wall=1.0 ms  sim_delay=10.0 ms
>>> [UAV->CLOUD] BLK:350e|TX:7.0.0.4|CID:0|TS:8.500|SPD:20.4|HDG:1.6|PX:169.9|PY:-10.0|LA...
✓ [CAR 0] ACT=OK REP=1.000 RWD=1.000 PNL=0.000 CREDIT=12
[PASSIVE-BEACON] SIMNOW:8.606 CID:5 ZONE:1 RXUAV:1 EDGEPORT:9998 TS:8.592 SPD:20.300 HDG:0.000 PX:192.100 PY:-10.000 LAN:1 BRK:0 RX_X:0.000 RX_Y:0.000 RX_Z:0.000
[ZONE-ROUTE] CID:5 zone=1 edge_port=9998
[EDGE-RTT] CID:5 wall=1.0 ms  sim_delay=10.0 ms
>>> [UAV->CLOUD] BLK:92d1|TX:7.0.0.9|CID:5|TS:8.592|SPD:20.3|HDG:0.0|PX:192.1|PY:-10.0|LA...
✓ [CAR 5] ACT=OK REP=1.000 RWD=1.000 PNL=0.000 CREDIT=13
[PASSIVE-BEACON] SIMNOW:8.644 CID:1 ZONE:1 RXUAV:1 EDGEPORT:9998 TS:8.630 SPD:20.500 HDG:-1.000 PX:172.900 PY:-20.000 LAN:2 BRK:0 RX_X:0.000 RX_Y:0.000 RX_Z:0.000
[ZONE-ROUTE] CID:1 zone=1 edge_port=9998
[EDGE-RTT] CID:1 wall=1.0 ms  sim_delay=10.0 ms
>>> [UAV->CLOUD] BLK:e2cb|TX:7.0.0.5|CID:1|TS:8.630|SPD:20.5|HDG:-1.0|PX:172.9|PY:-20.0|L...
[PASSIVE-BEACON] SIMNOW:8.653 CID:4 ZONE:1 RXUAV:1 EDGEPORT:9998 TS:8.640 SPD:19.900 HDG:0.400 PX:172.200 PY:-50.000 LAN:5 BRK:0 RX_X:0.000 RX_Y:0.000 RX_Z:0.000
[ZONE-ROUTE] CID:4 zone=1 edge_port=9998
[EDGE-RTT] CID:4 wall=1.0 ms  sim_delay=10.0 ms
>>> [UAV->CLOUD] BLK:38b2|TX:7.0.0.8|CID:4|TS:8.640|SPD:19.9|HDG:0.4|PX:172.2|PY:-50.0|LA...
[PASSIVE-BEACON] SIMNOW:8.658 CID:9 ZONE:1 RXUAV:1 EDGEPORT:9998 TS:8.642 SPD:19.600 HDG:-0.100 PX:192.300 PY:-50.000 LAN:5 BRK:0 RX_X:0.000 RX_Y:0.000 RX_Z:0.000
[ZONE-ROUTE] CID:9 zone=1 edge_port=9998
[EDGE-RTT] CID:9 wall=0.9 ms  sim_delay=10.0 ms
>>> [UAV->CLOUD] BLK:5477|TX:7.0.0.13|CID:9|TS:8.642|SPD:19.6|HDG:-0.1|PX:192.3|PY:-50.0|...
✓ [CAR 1] ACT=OK REP=0.983 RWD=1.000 PNL=0.000 CREDIT=12
✓ [CAR 4] ACT=OK REP=0.898 RWD=1.000 PNL=0.000 CREDIT=13
✓ [CAR 9] ACT=OK REP=1.000 RWD=1.000 PNL=0.000 CREDIT=12
[PASSIVE-BEACON] SIMNOW:8.686 CID:8 ZONE:1 RXUAV:1 EDGEPORT:9998 TS:8.672 SPD:19.600 HDG:-0.600 PX:193.000 PY:-40.000 LAN:4 BRK:0 RX_X:0.000 RX_Y:0.000 RX_Z:0.000
[ZONE-ROUTE] CID:8 zone=1 edge_port=9998
[EDGE-RTT] CID:8 wall=0.9 ms  sim_delay=10.0 ms
>>> [UAV->CLOUD] BLK:9c09|TX:7.0.0.12|CID:8|TS:8.672|SPD:19.6|HDG:-0.6|PX:193.0|PY:-40.0|...
[PASSIVE-BEACON] SIMNOW:8.686 CID:7 ZONE:1 RXUAV:1 EDGEPORT:9998 TS:8.672 SPD:20.500 HDG:1.500 PX:193.400 PY:-30.000 LAN:3 BRK:1 RX_X:0.000 RX_Y:0.000 RX_Z:0.000
[ZONE-ROUTE] CID:7 zone=1 edge_port=9998
[EDGE-RTT] CID:7 wall=2.0 ms  sim_delay=10.0 ms
>>> [UAV->CLOUD] BLK:b790|TX:7.0.0.11|CID:7|TS:8.672|SPD:20.5|HDG:1.5|PX:193.4|PY:-30.0|L...
✓ [CAR 8] ACT=OK REP=0.836 RWD=1.000 PNL=0.000 CREDIT=12
✓ [CAR 7] ACT=OK REP=0.770 RWD=1.000 PNL=0.000 CREDIT=13
[PASSIVE-BEACON] SIMNOW:8.704 CID:3 ZONE:1 RXUAV:1 EDGEPORT:9998 TS:8.690 SPD:20.300 HDG:0.800 PX:174.000 PY:-40.000 LAN:4 BRK:1 RX_X:0.000 RX_Y:0.000 RX_Z:0.000
[ZONE-ROUTE] CID:3 zone=1 edge_port=9998
[EDGE-RTT] CID:3 wall=1.0 ms  sim_delay=10.0 ms
>>> [UAV->CLOUD] BLK:ccc4|TX:7.0.0.7|CID:3|TS:8.690|SPD:20.3|HDG:0.8|PX:174.0|PY:-40.0|LA...
✓ [CAR 3] ACT=OK REP=0.809 RWD=1.000 PNL=0.000 CREDIT=12
[PASSIVE-BEACON] SIMNOW:8.874 CID:2 ZONE:1 RXUAV:1 EDGEPORT:9998 TS:8.860 SPD:19.500 HDG:1.000 PX:177.800 PY:-30.000 LAN:3 BRK:1 RX_X:0.000 RX_Y:0.000 RX_Z:0.000
[ZONE-ROUTE] CID:2 zone=1 edge_port=9998
[EDGE-RTT] CID:2 wall=1.0 ms  sim_delay=10.0 ms
>>> [UAV->CLOUD] BLK:d534|TX:7.0.0.6|CID:2|TS:8.860|SPD:19.5|HDG:1.0|PX:177.8|PY:-30.0|LA...
✓ [CAR 2] ACT=OK REP=0.992 RWD=1.000 PNL=0.000 CREDIT=12
[PASSIVE-BEACON] SIMNOW:8.996 CID:6 ZONE:1 RXUAV:1 EDGEPORT:9998 TS:8.982 SPD:19.900 HDG:-0.300 PX:200.000 PY:-20.000 LAN:2 BRK:0 RX_X:0.000 RX_Y:0.000 RX_Z:0.000
[ZONE-ROUTE] CID:6 zone=1 edge_port=9998
[EDGE-RTT] CID:6 wall=1.3 ms  sim_delay=10.0 ms
>>> [UAV->CLOUD] BLK:a4e3|TX:7.0.0.10|CID:6|TS:8.982|SPD:19.9|HDG:-0.3|PX:200.0|PY:-20.0|...
✓ [CAR 6] ACT=OK REP=0.719 RWD=1.000 PNL=0.000 CREDIT=12
[PASSIVE-BEACON] SIMNOW:9.014 CID:0 ZONE:1 RXUAV:1 EDGEPORT:9998 TS:9.000 SPD:20.000 HDG:-0.200 PX:179.300 PY:-10.000 LAN:1 BRK:0 RX_X:0.000 RX_Y:0.000 RX_Z:0.000
[ZONE-ROUTE] CID:0 zone=1 edge_port=9998
[EDGE-RTT] CID:0 wall=0.9 ms  sim_delay=10.0 ms
>>> [UAV->CLOUD] BLK:76b6|TX:7.0.0.4|CID:0|TS:9.000|SPD:20.0|HDG:-0.2|PX:179.3|PY:-10.0|L...
✓ [CAR 0] ACT=OK REP=0.923 RWD=1.000 PNL=0.000 CREDIT=13
[PASSIVE-BEACON] SIMNOW:9.106 CID:5 ZONE:1 RXUAV:1 EDGEPORT:9998 TS:9.092 SPD:19.600 HDG:-1.700 PX:202.400 PY:-10.000 LAN:1 BRK:0 RX_X:0.000 RX_Y:0.000 RX_Z:0.000
[ZONE-ROUTE] CID:5 zone=1 edge_port=9998
[EDGE-RTT] CID:5 wall=1.2 ms  sim_delay=10.0 ms
[TRUST-UPGRADE] CID:5 earned LANE_UPGRADE after 15 clean packets → lane 0 + 2.0 m/s
>>> [UAV->CLOUD] BLK:bfb5|TX:7.0.0.9|CID:5|TS:9.092|SPD:19.6|HDG:-1.7|PX:202.4|PY:-10.0|L...
[TRUST-APPLIED] CID:5 LANE_UPGRADE → logical reward only; telemetry lane unchanged lane=1 speed unchanged=20.0 m/s [reward-speed disabled to avoid M1 false positive]
✓ [CAR 5] ACT=OK REP=0.500 RWD=1.500 PNL=0.000 CREDIT=15
✓ [CAR 5] ACT=OK REP=0.894 RWD=1.000 PNL=0.000 CREDIT=14
[PASSIVE-BEACON] SIMNOW:9.144 CID:1 ZONE:1 RXUAV:1 EDGEPORT:9998 TS:9.130 SPD:19.700 HDG:-1.600 PX:182.000 PY:-20.000 LAN:2 BRK:0 RX_X:0.000 RX_Y:0.000 RX_Z:0.000
[ZONE-ROUTE] CID:1 zone=1 edge_port=9998
[EDGE-RTT] CID:1 wall=0.9 ms  sim_delay=10.0 ms
>>> [UAV->CLOUD] BLK:7c20|TX:7.0.0.5|CID:1|TS:9.130|SPD:19.7|HDG:-1.6|PX:182.0|PY:-20.0|L...
[PASSIVE-BEACON] SIMNOW:9.154 CID:4 ZONE:1 RXUAV:1 EDGEPORT:9998 TS:9.140 SPD:19.700 HDG:-0.200 PX:182.100 PY:-50.000 LAN:5 BRK:0 RX_X:0.000 RX_Y:0.000 RX_Z:0.000
[ZONE-ROUTE] CID:4 zone=1 edge_port=9998
[EDGE-RTT] CID:4 wall=0.9 ms  sim_delay=10.0 ms
[TRUST-UPGRADE] CID:4 earned LANE_UPGRADE after 15 clean packets → lane 0 + 2.0 m/s
>>> [UAV->CLOUD] BLK:da7e|TX:7.0.0.8|CID:4|TS:9.140|SPD:19.7|HDG:-0.2|PX:182.1|PY:-50.0|L...
[PASSIVE-BEACON] SIMNOW:9.156 CID:9 ZONE:1 RXUAV:1 EDGEPORT:9998 TS:9.142 SPD:20.300 HDG:-1.900 PX:202.200 PY:-50.000 LAN:5 BRK:1 RX_X:0.000 RX_Y:0.000 RX_Z:0.000
[ZONE-ROUTE] CID:9 zone=1 edge_port=9998
[EDGE-RTT] CID:9 wall=0.9 ms  sim_delay=10.0 ms
>>> [UAV->CLOUD] BLK:8121|TX:7.0.0.13|CID:9|TS:9.142|SPD:20.3|HDG:-1.9|PX:202.2|PY:-50.0|...
✓ [CAR 1] ACT=OK REP=0.963 RWD=1.000 PNL=0.000 CREDIT=13
[TRUST-APPLIED] CID:4 LANE_UPGRADE → logical reward only; telemetry lane unchanged lane=5 speed unchanged=20.000 m/s [reward-speed disabled to avoid M1 false positive]
✓ [CAR 4] ACT=OK REP=0.500 RWD=1.500 PNL=0.000 CREDIT=15
✓ [CAR 4] ACT=OK REP=0.849 RWD=1.000 PNL=0.000 CREDIT=14
✓ [CAR 9] ACT=OK REP=1.000 RWD=1.000 PNL=0.000 CREDIT=13
[PASSIVE-BEACON] SIMNOW:9.186 CID:8 ZONE:1 RXUAV:1 EDGEPORT:9998 TS:9.172 SPD:19.500 HDG:0.700 PX:203.300 PY:-40.000 LAN:4 BRK:0 RX_X:0.000 RX_Y:0.000 RX_Z:0.000
[ZONE-ROUTE] CID:8 zone=1 edge_port=9998
[EDGE-RTT] CID:8 wall=1.0 ms  sim_delay=10.0 ms
>>> [UAV->CLOUD] BLK:248b|TX:7.0.0.12|CID:8|TS:9.172|SPD:19.5|HDG:0.7|PX:203.3|PY:-40.0|L...
[PASSIVE-BEACON] SIMNOW:9.186 CID:7 ZONE:1 RXUAV:1 EDGEPORT:9998 TS:9.172 SPD:19.700 HDG:0.900 PX:203.000 PY:-30.000 LAN:3 BRK:0 RX_X:0.000 RX_Y:0.000 RX_Z:0.000
[ZONE-ROUTE] CID:7 zone=1 edge_port=9998
[EDGE-RTT] CID:7 wall=2.0 ms  sim_delay=10.0 ms
[TRUST-UPGRADE] CID:7 earned LANE_UPGRADE after 15 clean packets → lane 0 + 2.0 m/s
>>> [UAV->CLOUD] BLK:3f76|TX:7.0.0.11|CID:7|TS:9.172|SPD:19.7|HDG:0.9|PX:203.0|PY:-30.0|L...
[TRUST-APPLIED] CID:7 LANE_UPGRADE → logical reward only; telemetry lane unchanged lane=3 speed unchanged=20.0 m/s [reward-speed disabled to avoid M1 false positive]
✓ [CAR 7] ACT=OK REP=0.500 RWD=1.500 PNL=0.000 CREDIT=15
✓ [CAR 7] ACT=OK REP=1.000 RWD=1.000 PNL=0.000 CREDIT=14
✓ [CAR 8] ACT=OK REP=1.000 RWD=1.000 PNL=0.000 CREDIT=13
[PASSIVE-BEACON] SIMNOW:9.204 CID:3 ZONE:1 RXUAV:1 EDGEPORT:9998 TS:9.190 SPD:19.600 HDG:-1.800 PX:184.000 PY:-40.000 LAN:4 BRK:0 RX_X:0.000 RX_Y:0.000 RX_Z:0.000
[ZONE-ROUTE] CID:3 zone=1 edge_port=9998
[EDGE-RTT] CID:3 wall=0.9 ms  sim_delay=10.0 ms
>>> [UAV->CLOUD] BLK:db68|TX:7.0.0.7|CID:3|TS:9.190|SPD:19.6|HDG:-1.8|PX:184.0|PY:-40.0|L...
✓ [CAR 3] ACT=OK REP=0.899 RWD=1.000 PNL=0.000 CREDIT=13
[PASSIVE-BEACON] SIMNOW:9.374 CID:2 ZONE:1 RXUAV:1 EDGEPORT:9998 TS:9.360 SPD:20.500 HDG:1.500 PX:187.700 PY:-30.000 LAN:3 BRK:0 RX_X:0.000 RX_Y:0.000 RX_Z:0.000
[ZONE-ROUTE] CID:2 zone=1 edge_port=9998
[EDGE-RTT] CID:2 wall=0.9 ms  sim_delay=10.0 ms
>>> [UAV->CLOUD] BLK:c08f|TX:7.0.0.6|CID:2|TS:9.360|SPD:20.5|HDG:1.5|PX:187.7|PY:-30.0|LA...
✓ [CAR 2] ACT=OK REP=0.752 RWD=1.000 PNL=0.000 CREDIT=13
[PASSIVE-BEACON] SIMNOW:9.496 CID:6 ZONE:1 RXUAV:1 EDGEPORT:9998 TS:9.482 SPD:20.500 HDG:-0.400 PX:209.600 PY:-20.000 LAN:2 BRK:0 RX_X:0.000 RX_Y:0.000 RX_Z:0.000
[ZONE-ROUTE] CID:6 zone=1 edge_port=9998
[EDGE-RTT] CID:6 wall=1.2 ms  sim_delay=10.0 ms
>>> [UAV->CLOUD] BLK:9e33|TX:7.0.0.10|CID:6|TS:9.482|SPD:20.5|HDG:-0.4|PX:209.6|PY:-20.0|...
✓ [CAR 6] ACT=OK REP=0.908 RWD=1.000 PNL=0.000 CREDIT=13
[PASSIVE-BEACON] SIMNOW:9.514 CID:0 ZONE:1 RXUAV:1 EDGEPORT:9998 TS:9.500 SPD:19.800 HDG:1.100 PX:189.400 PY:-10.000 LAN:1 BRK:1 RX_X:0.000 RX_Y:0.000 RX_Z:0.000
[ZONE-ROUTE] CID:0 zone=1 edge_port=9998
[EDGE-RTT] CID:0 wall=0.8 ms  sim_delay=10.0 ms
[TRUST-UPGRADE] CID:0 earned LANE_UPGRADE after 15 clean packets → lane 0 + 2.0 m/s
>>> [UAV->CLOUD] BLK:87c3|TX:7.0.0.4|CID:0|TS:9.500|SPD:19.8|HDG:1.1|PX:189.4|PY:-10.0|LA...
[TRUST-APPLIED] CID:0 LANE_UPGRADE → logical reward only; telemetry lane unchanged lane=1 speed unchanged=20.0 m/s [reward-speed disabled to avoid M1 false positive]
✓ [CAR 0] ACT=OK REP=0.500 RWD=1.500 PNL=0.000 CREDIT=15
✓ [CAR 0] ACT=OK REP=0.919 RWD=1.000 PNL=0.000 CREDIT=14
[PASSIVE-BEACON] SIMNOW:9.606 CID:5 ZONE:1 RXUAV:1 EDGEPORT:9998 TS:9.592 SPD:19.900 HDG:-0.200 PX:211.300 PY:-10.000 LAN:1 BRK:0 RX_X:0.000 RX_Y:0.000 RX_Z:0.000
[ZONE-ROUTE] CID:5 zone=1 edge_port=9998
[EDGE-RTT] CID:5 wall=0.9 ms  sim_delay=10.0 ms
>>> [UAV->CLOUD] BLK:9666|TX:7.0.0.9|CID:5|TS:9.592|SPD:19.9|HDG:-0.2|PX:211.3|PY:-10.0|L...
✓ [CAR 5] ACT=OK REP=1.000 RWD=1.000 PNL=0.000 CREDIT=15
[PASSIVE-BEACON] SIMNOW:9.644 CID:1 ZONE:1 RXUAV:1 EDGEPORT:9998 TS:9.630 SPD:20.400 HDG:1.500 PX:193.200 PY:-20.000 LAN:2 BRK:0 RX_X:0.000 RX_Y:0.000 RX_Z:0.000
[ZONE-ROUTE] CID:1 zone=1 edge_port=9998
[EDGE-RTT] CID:1 wall=1.0 ms  sim_delay=10.0 ms
[TRUST-UPGRADE] CID:1 earned LANE_UPGRADE after 15 clean packets → lane 0 + 2.0 m/s
>>> [UAV->CLOUD] BLK:5be8|TX:7.0.0.5|CID:1|TS:9.630|SPD:20.4|HDG:1.5|PX:193.2|PY:-20.0|LA...
[PASSIVE-BEACON] SIMNOW:9.654 CID:4 ZONE:1 RXUAV:1 EDGEPORT:9998 TS:9.640 SPD:19.900 HDG:1.000 PX:193.000 PY:-50.000 LAN:5 BRK:0 RX_X:0.000 RX_Y:0.000 RX_Z:0.000
[ZONE-ROUTE] CID:4 zone=1 edge_port=9998
[EDGE-RTT] CID:4 wall=1.0 ms  sim_delay=10.0 ms
>>> [UAV->CLOUD] BLK:2181|TX:7.0.0.8|CID:4|TS:9.640|SPD:19.9|HDG:1.0|PX:193.0|PY:-50.0|LA...
[TRUST-APPLIED] CID:1 LANE_UPGRADE → logical reward only; telemetry lane unchanged lane=2 speed unchanged=20.0 m/s [reward-speed disabled to avoid M1 false positive]
✓ [CAR 1] ACT=OK REP=0.500 RWD=1.500 PNL=0.000 CREDIT=15
✓ [CAR 1] ACT=OK REP=0.987 RWD=1.000 PNL=0.000 CREDIT=14
✓ [CAR 4] ACT=OK REP=0.889 RWD=1.000 PNL=0.000 CREDIT=15
[PASSIVE-BEACON] SIMNOW:9.686 CID:8 ZONE:1 RXUAV:1 EDGEPORT:9998 TS:9.672 SPD:20.100 HDG:1.800 PX:212.800 PY:-40.000 LAN:4 BRK:0 RX_X:0.000 RX_Y:0.000 RX_Z:0.000
[ZONE-ROUTE] CID:8 zone=1 edge_port=9998
[EDGE-RTT] CID:8 wall=1.0 ms  sim_delay=10.0 ms
[TRUST-UPGRADE] CID:8 earned LANE_UPGRADE after 15 clean packets → lane 0 + 2.0 m/s
>>> [UAV->CLOUD] BLK:5789|TX:7.0.0.12|CID:8|TS:9.672|SPD:20.1|HDG:1.8|PX:212.8|PY:-40.0|L...
[PASSIVE-BEACON] SIMNOW:9.686 CID:7 ZONE:1 RXUAV:1 EDGEPORT:9998 TS:9.672 SPD:19.700 HDG:1.300 PX:214.100 PY:-30.000 LAN:3 BRK:1 RX_X:0.000 RX_Y:0.000 RX_Z:0.000
[ZONE-ROUTE] CID:7 zone=1 edge_port=9998
[EDGE-RTT] CID:7 wall=2.1 ms  sim_delay=10.0 ms
>>> [UAV->CLOUD] BLK:7bc5|TX:7.0.0.11|CID:7|TS:9.672|SPD:19.7|HDG:1.3|PX:214.1|PY:-30.0|L...
[TRUST-APPLIED] CID:8 LANE_UPGRADE → logical reward only; telemetry lane unchanged lane=4 speed unchanged=20.0 m/s [reward-speed disabled to avoid M1 false positive]
✓ [CAR 8] ACT=OK REP=0.500 RWD=1.500 PNL=0.000 CREDIT=15
✓ [CAR 8] ACT=OK REP=0.925 RWD=1.000 PNL=0.000 CREDIT=14
✓ [CAR 7] ACT=OK REP=0.657 RWD=1.000 PNL=0.000 CREDIT=15
[PASSIVE-BEACON] SIMNOW:9.703 CID:9 ZONE:1 RXUAV:1 EDGEPORT:9998 TS:9.642 SPD:19.600 HDG:-2.000 PX:212.400 PY:-50.000 LAN:5 BRK:0 RX_X:0.000 RX_Y:0.000 RX_Z:0.000
[ZONE-ROUTE] CID:9 zone=1 edge_port=9998
[EDGE-RTT] CID:9 wall=1.0 ms  sim_delay=10.0 ms
[TRUST-UPGRADE] CID:9 earned LANE_UPGRADE after 15 clean packets → lane 0 + 2.0 m/s
>>> [UAV->CLOUD] BLK:c2f9|TX:7.0.0.13|CID:9|TS:9.642|SPD:19.6|HDG:-2.0|PX:212.4|PY:-50.0|...
[PASSIVE-BEACON] SIMNOW:9.704 CID:3 ZONE:1 RXUAV:1 EDGEPORT:9998 TS:9.690 SPD:20.500 HDG:-2.000 PX:193.100 PY:-40.000 LAN:4 BRK:1 RX_X:0.000 RX_Y:0.000 RX_Z:0.000
[ZONE-ROUTE] CID:3 zone=1 edge_port=9998
[EDGE-RTT] CID:3 wall=0.5 ms  sim_delay=10.0 ms
[TRUST-UPGRADE] CID:3 earned LANE_UPGRADE after 15 clean packets → lane 0 + 2.0 m/s
>>> [UAV->CLOUD] BLK:79bf|TX:7.0.0.7|CID:3|TS:9.690|SPD:20.5|HDG:-2.0|PX:193.1|PY:-40.0|L...
[TRUST-APPLIED] CID:3 LANE_UPGRADE → logical reward only; telemetry lane unchanged lane=4 speed unchanged=20.0 m/s [reward-speed disabled to avoid M1 false positive]
✓ [CAR 3] ACT=OK REP=0.500 RWD=1.500 PNL=0.000 CREDIT=15
✓ [CAR 3] ACT=OK REP=1.000 RWD=1.000 PNL=0.000 CREDIT=14
[TRUST-APPLIED] CID:9 LANE_UPGRADE → logical reward only; telemetry lane unchanged lane=5 speed unchanged=20.000 m/s [reward-speed disabled to avoid M1 false positive]
✓ [CAR 9] ACT=OK REP=0.500 RWD=1.500 PNL=0.000 CREDIT=15
✓ [CAR 9] ACT=OK REP=0.797 RWD=1.000 PNL=0.000 CREDIT=14
[PASSIVE-BEACON] SIMNOW:9.874 CID:2 ZONE:1 RXUAV:1 EDGEPORT:9998 TS:9.860 SPD:20.100 HDG:0.200 PX:197.200 PY:-30.000 LAN:3 BRK:1 RX_X:0.000 RX_Y:0.000 RX_Z:0.000
[ZONE-ROUTE] CID:2 zone=1 edge_port=9998
[EDGE-RTT] CID:2 wall=0.9 ms  sim_delay=10.0 ms
[TRUST-UPGRADE] CID:2 earned LANE_UPGRADE after 15 clean packets → lane 0 + 2.0 m/s
>>> [UAV->CLOUD] BLK:4ecd|TX:7.0.0.6|CID:2|TS:9.860|SPD:20.1|HDG:0.2|PX:197.2|PY:-30.0|LA...
[TRUST-APPLIED] CID:2 LANE_UPGRADE → logical reward only; telemetry lane unchanged lane=3 speed unchanged=20.0 m/s [reward-speed disabled to avoid M1 false positive]
✓ [CAR 2] ACT=OK REP=0.500 RWD=1.500 PNL=0.000 CREDIT=15
✓ [CAR 2] ACT=OK REP=1.000 RWD=1.000 PNL=0.000 CREDIT=14
[PASSIVE-BEACON] SIMNOW:9.996 CID:6 ZONE:1 RXUAV:1 EDGEPORT:9998 TS:9.982 SPD:20.300 HDG:1.700 PX:219.000 PY:-20.000 LAN:2 BRK:1 RX_X:0.000 RX_Y:0.000 RX_Z:0.000
[ZONE-ROUTE] CID:6 zone=1 edge_port=9998
[EDGE-RTT] CID:6 wall=0.6 ms  sim_delay=10.0 ms
[TRUST-UPGRADE] CID:6 earned LANE_UPGRADE after 15 clean packets → lane 0 + 2.0 m/s
>>> [UAV->CLOUD] BLK:165b|TX:7.0.0.10|CID:6|TS:9.982|SPD:20.3|HDG:1.7|PX:219.0|PY:-20.0|L...
[TRUST-APPLIED] CID:6 LANE_UPGRADE → logical reward only; telemetry lane unchanged lane=2 speed unchanged=20.0 m/s [reward-speed disabled to avoid M1 false positive]
✓ [CAR 6] ACT=OK REP=0.500 RWD=1.500 PNL=0.000 CREDIT=15
✓ [CAR 6] ACT=OK REP=0.820 RWD=1.000 PNL=0.000 CREDIT=14
[PASSIVE-BEACON] SIMNOW:10.014 CID:0 ZONE:1 RXUAV:1 EDGEPORT:9998 TS:10.000 SPD:20.200 HDG:0.900 PX:200.600 PY:-10.000 LAN:1 BRK:0 RX_X:0.000 RX_Y:0.000 RX_Z:0.000
[ZONE-ROUTE] CID:0 zone=1 edge_port=9998
[EDGE-RTT] CID:0 wall=1.0 ms  sim_delay=10.0 ms
>>> [UAV->CLOUD] BLK:87d6|TX:7.0.0.4|CID:0|TS:10.000|SPD:20.2|HDG:0.9|PX:200.6|PY:-10.0|L...
✓ [CAR 0] ACT=OK REP=0.816 RWD=1.000 PNL=0.000 CREDIT=15
[PKT-DROP] UAV dropped telemetry from 7.0.0.9 (drop_rate=1%)
[PASSIVE-BEACON] SIMNOW:10.144 CID:1 ZONE:1 RXUAV:1 EDGEPORT:9998 TS:10.130 SPD:20.200 HDG:-0.500 PX:202.000 PY:-20.000 LAN:2 BRK:0 RX_X:0.000 RX_Y:0.000 RX_Z:0.000
[ZONE-ROUTE] CID:1 zone=1 edge_port=9998
[EDGE-RTT] CID:1 wall=1.0 ms  sim_delay=10.0 ms
>>> [UAV->CLOUD] BLK:b3b9|TX:7.0.0.5|CID:1|TS:10.130|SPD:20.2|HDG:-0.5|PX:202.0|PY:-20.0|...
[PASSIVE-BEACON] SIMNOW:10.154 CID:4 ZONE:1 RXUAV:1 EDGEPORT:9998 TS:10.140 SPD:20.200 HDG:1.000 PX:202.300 PY:-50.000 LAN:5 BRK:1 RX_X:0.000 RX_Y:0.000 RX_Z:0.000
[ZONE-ROUTE] CID:4 zone=1 edge_port=9998
[EDGE-RTT] CID:4 wall=0.9 ms  sim_delay=10.0 ms
>>> [UAV->CLOUD] BLK:dff2|TX:7.0.0.8|CID:4|TS:10.140|SPD:20.2|HDG:1.0|PX:202.3|PY:-50.0|L...
[PASSIVE-BEACON] SIMNOW:10.157 CID:9 ZONE:1 RXUAV:1 EDGEPORT:9998 TS:10.142 SPD:19.900 HDG:-0.200 PX:222.200 PY:-50.000 LAN:5 BRK:1 RX_X:0.000 RX_Y:0.000 RX_Z:0.000
[ZONE-ROUTE] CID:9 zone=1 edge_port=9998
[EDGE-RTT] CID:9 wall=0.6 ms  sim_delay=10.0 ms
>>> [UAV->CLOUD] BLK:8007|TX:7.0.0.13|CID:9|TS:10.142|SPD:19.9|HDG:-0.2|PX:222.2|PY:-50.0...
✓ [CAR 1] ACT=OK REP=0.796 RWD=1.000 PNL=0.000 CREDIT=15
✓ [CAR 4] ACT=OK REP=0.759 RWD=1.000 PNL=0.000 CREDIT=16
✓ [CAR 9] ACT=OK REP=0.694 RWD=1.000 PNL=0.000 CREDIT=15
[PASSIVE-BEACON] SIMNOW:10.186 CID:8 ZONE:1 RXUAV:1 EDGEPORT:9998 TS:10.172 SPD:20.000 HDG:-0.300 PX:224.100 PY:-40.000 LAN:4 BRK:0 RX_X:0.000 RX_Y:0.000 RX_Z:0.000
[ZONE-ROUTE] CID:8 zone=1 edge_port=9998
[EDGE-RTT] CID:8 wall=1.2 ms  sim_delay=10.0 ms
>>> [UAV->CLOUD] BLK:54d0|TX:7.0.0.12|CID:8|TS:10.172|SPD:20.0|HDG:-0.3|PX:224.1|PY:-40.0...
[PASSIVE-BEACON] SIMNOW:10.186 CID:7 ZONE:1 RXUAV:1 EDGEPORT:9998 TS:10.172 SPD:19.900 HDG:-1.000 PX:223.400 PY:-30.000 LAN:3 BRK:1 RX_X:0.000 RX_Y:0.000 RX_Z:0.000
[ZONE-ROUTE] CID:7 zone=1 edge_port=9998
[EDGE-RTT] CID:7 wall=1.8 ms  sim_delay=10.0 ms
>>> [UAV->CLOUD] BLK:2a00|TX:7.0.0.11|CID:7|TS:10.172|SPD:19.9|HDG:-1.0|PX:223.4|PY:-30.0...
✓ [CAR 7] ACT=OK REP=1.000 RWD=1.000 PNL=0.000 CREDIT=16
✓ [CAR 8] ACT=OK REP=0.925 RWD=1.000 PNL=0.000 CREDIT=15
[PASSIVE-BEACON] SIMNOW:10.204 CID:3 ZONE:1 RXUAV:1 EDGEPORT:9998 TS:10.190 SPD:20.300 HDG:-0.100 PX:204.400 PY:-40.000 LAN:4 BRK:0 RX_X:0.000 RX_Y:0.000 RX_Z:0.000
[ZONE-ROUTE] CID:3 zone=1 edge_port=9998
[EDGE-RTT] CID:3 wall=1.0 ms  sim_delay=10.0 ms
>>> [UAV->CLOUD] BLK:cd31|TX:7.0.0.7|CID:3|TS:10.190|SPD:20.3|HDG:-0.1|PX:204.4|PY:-40.0|...
✓ [CAR 3] ACT=OK REP=1.000 RWD=1.000 PNL=0.000 CREDIT=15
[PASSIVE-BEACON] SIMNOW:10.374 CID:2 ZONE:1 RXUAV:1 EDGEPORT:9998 TS:10.360 SPD:20.000 HDG:0.100 PX:207.800 PY:-30.000 LAN:3 BRK:0 RX_X:0.000 RX_Y:0.000 RX_Z:0.000
[ZONE-ROUTE] CID:2 zone=1 edge_port=9998
[EDGE-RTT] CID:2 wall=0.9 ms  sim_delay=10.0 ms
>>> [UAV->CLOUD] BLK:bd22|TX:7.0.0.6|CID:2|TS:10.360|SPD:20.0|HDG:0.1|PX:207.8|PY:-30.0|L...
✓ [CAR 2] ACT=OK REP=0.929 RWD=1.000 PNL=0.000 CREDIT=15
[PASSIVE-BEACON] SIMNOW:10.496 CID:6 ZONE:1 RXUAV:1 EDGEPORT:9998 TS:10.482 SPD:20.400 HDG:0.500 PX:229.000 PY:-20.000 LAN:2 BRK:0 RX_X:0.000 RX_Y:0.000 RX_Z:0.000
[ZONE-ROUTE] CID:6 zone=1 edge_port=9998
[EDGE-RTT] CID:6 wall=0.9 ms  sim_delay=10.0 ms
>>> [UAV->CLOUD] BLK:ba99|TX:7.0.0.10|CID:6|TS:10.482|SPD:20.4|HDG:0.5|PX:229.0|PY:-20.0|...
✓ [CAR 6] ACT=OK REP=0.950 RWD=1.000 PNL=0.000 CREDIT=15
[PASSIVE-BEACON] SIMNOW:10.512 CID:0 ZONE:1 RXUAV:1 EDGEPORT:9998 TS:10.500 SPD:20.000 HDG:0.500 PX:209.900 PY:-10.000 LAN:1 BRK:0 RX_X:0.000 RX_Y:0.000 RX_Z:0.000
[ZONE-ROUTE] CID:0 zone=1 edge_port=9998
[EDGE-RTT] CID:0 wall=1.1 ms  sim_delay=10.0 ms
>>> [UAV->CLOUD] BLK:a758|TX:7.0.0.4|CID:0|TS:10.500|SPD:20.0|HDG:0.5|PX:209.9|PY:-10.0|L...
✓ [CAR 0] ACT=OK REP=0.943 RWD=1.000 PNL=0.000 CREDIT=16
[PASSIVE-BEACON] SIMNOW:10.606 CID:5 ZONE:1 RXUAV:1 EDGEPORT:9998 TS:10.592 SPD:19.900 HDG:0.600 PX:232.400 PY:-10.000 LAN:1 BRK:1 RX_X:0.000 RX_Y:0.000 RX_Z:0.000
[ZONE-ROUTE] CID:5 zone=1 edge_port=9998
[EDGE-RTT] CID:5 wall=1.0 ms  sim_delay=10.0 ms
>>> [UAV->CLOUD] BLK:a314|TX:7.0.0.9|CID:5|TS:10.592|SPD:19.9|HDG:0.6|PX:232.4|PY:-10.0|L...
✓ [CAR 5] ACT=OK REP=0.918 RWD=1.000 PNL=0.000 CREDIT=16
[PASSIVE-BEACON] SIMNOW:10.644 CID:1 ZONE:1 RXUAV:1 EDGEPORT:9998 TS:10.630 SPD:19.900 HDG:0.300 PX:212.700 PY:-20.000 LAN:2 BRK:0 RX_X:0.000 RX_Y:0.000 RX_Z:0.000
[ZONE-ROUTE] CID:1 zone=1 edge_port=9998
[EDGE-RTT] CID:1 wall=1.0 ms  sim_delay=10.0 ms
>>> [UAV->CLOUD] BLK:96e6|TX:7.0.0.5|CID:1|TS:10.630|SPD:19.9|HDG:0.3|PX:212.7|PY:-20.0|L...
[PASSIVE-BEACON] SIMNOW:10.654 CID:4 ZONE:1 RXUAV:1 EDGEPORT:9998 TS:10.640 SPD:20.100 HDG:-0.100 PX:213.500 PY:-50.000 LAN:5 BRK:0 RX_X:0.000 RX_Y:0.000 RX_Z:0.000
[ZONE-ROUTE] CID:4 zone=1 edge_port=9998
[EDGE-RTT] CID:4 wall=0.6 ms  sim_delay=10.0 ms
>>> [UAV->CLOUD] BLK:7929|TX:7.0.0.8|CID:4|TS:10.640|SPD:20.1|HDG:-0.1|PX:213.5|PY:-50.0|...
[PASSIVE-BEACON] SIMNOW:10.656 CID:9 ZONE:1 RXUAV:1 EDGEPORT:9998 TS:10.642 SPD:19.500 HDG:1.000 PX:232.500 PY:-50.000 LAN:5 BRK:1 RX_X:0.000 RX_Y:0.000 RX_Z:0.000
[ZONE-ROUTE] CID:9 zone=1 edge_port=9998
[EDGE-RTT] CID:9 wall=0.8 ms  sim_delay=10.0 ms
>>> [UAV->CLOUD] BLK:a031|TX:7.0.0.13|CID:9|TS:10.642|SPD:19.5|HDG:1.0|PX:232.5|PY:-50.0|...
✓ [CAR 1] ACT=OK REP=0.910 RWD=1.000 PNL=0.000 CREDIT=16
✓ [CAR 4] ACT=OK REP=1.000 RWD=1.000 PNL=0.000 CREDIT=17
✓ [CAR 9] ACT=OK REP=0.856 RWD=1.000 PNL=0.000 CREDIT=16
[PASSIVE-BEACON] SIMNOW:10.686 CID:8 ZONE:1 RXUAV:1 EDGEPORT:9998 TS:10.672 SPD:19.500 HDG:-0.600 PX:233.200 PY:-40.000 LAN:4 BRK:0 RX_X:0.000 RX_Y:0.000 RX_Z:0.000
[ZONE-ROUTE] CID:8 zone=1 edge_port=9998
[EDGE-RTT] CID:8 wall=1.0 ms  sim_delay=10.0 ms
>>> [UAV->CLOUD] BLK:38d9|TX:7.0.0.12|CID:8|TS:10.672|SPD:19.5|HDG:-0.6|PX:233.2|PY:-40.0...
[PASSIVE-BEACON] SIMNOW:10.686 CID:7 ZONE:1 RXUAV:1 EDGEPORT:9998 TS:10.672 SPD:20.300 HDG:1.000 PX:233.900 PY:-30.000 LAN:3 BRK:0 RX_X:0.000 RX_Y:0.000 RX_Z:0.000
[ZONE-ROUTE] CID:7 zone=1 edge_port=9998
[EDGE-RTT] CID:7 wall=2.3 ms  sim_delay=10.0 ms
>>> [UAV->CLOUD] BLK:c7fb|TX:7.0.0.11|CID:7|TS:10.672|SPD:20.3|HDG:1.0|PX:233.9|PY:-30.0|...
✓ [CAR 8] ACT=OK REP=1.000 RWD=1.000 PNL=0.000 CREDIT=16
✓ [CAR 7] ACT=OK REP=1.000 RWD=1.000 PNL=0.000 CREDIT=17
[PASSIVE-BEACON] SIMNOW:10.704 CID:3 ZONE:1 RXUAV:1 EDGEPORT:9998 TS:10.690 SPD:19.500 HDG:2.000 PX:214.400 PY:-40.000 LAN:4 BRK:0 RX_X:0.000 RX_Y:0.000 RX_Z:0.000
[ZONE-ROUTE] CID:3 zone=1 edge_port=9998
[EDGE-RTT] CID:3 wall=0.8 ms  sim_delay=10.0 ms
>>> [UAV->CLOUD] BLK:653c|TX:7.0.0.7|CID:3|TS:10.690|SPD:19.5|HDG:2.0|PX:214.4|PY:-40.0|L...
✓ [CAR 3] ACT=OK REP=0.885 RWD=1.000 PNL=0.000 CREDIT=16
[PASSIVE-BEACON] SIMNOW:10.874 CID:2 ZONE:1 RXUAV:1 EDGEPORT:9998 TS:10.860 SPD:20.400 HDG:0.400 PX:217.800 PY:-30.000 LAN:3 BRK:0 RX_X:0.000 RX_Y:0.000 RX_Z:0.000
[ZONE-ROUTE] CID:2 zone=1 edge_port=9998
[EDGE-RTT] CID:2 wall=0.9 ms  sim_delay=10.0 ms
>>> [UAV->CLOUD] BLK:bdec|TX:7.0.0.6|CID:2|TS:10.860|SPD:20.4|HDG:0.4|PX:217.8|PY:-30.0|L...
✓ [CAR 2] ACT=OK REP=1.000 RWD=1.000 PNL=0.000 CREDIT=16
[PASSIVE-BEACON] SIMNOW:10.997 CID:6 ZONE:1 RXUAV:1 EDGEPORT:9998 TS:10.982 SPD:20.000 HDG:1.500 PX:239.700 PY:-20.000 LAN:2 BRK:0 RX_X:0.000 RX_Y:0.000 RX_Z:0.000
[ZONE-ROUTE] CID:6 zone=1 edge_port=9998
[EDGE-RTT] CID:6 wall=0.9 ms  sim_delay=10.0 ms
>>> [UAV->CLOUD] BLK:c098|TX:7.0.0.10|CID:6|TS:10.982|SPD:20.0|HDG:1.5|PX:239.7|PY:-20.0|...
✓ [CAR 6] ACT=OK REP=0.945 RWD=1.000 PNL=0.000 CREDIT=16
[PASSIVE-BEACON] SIMNOW:11.014 CID:0 ZONE:1 RXUAV:1 EDGEPORT:9998 TS:11.000 SPD:20.200 HDG:-0.400 PX:219.900 PY:-10.000 LAN:1 BRK:0 RX_X:0.000 RX_Y:0.000 RX_Z:0.000
[ZONE-ROUTE] CID:0 zone=1 edge_port=9998
[EDGE-RTT] CID:0 wall=1.0 ms  sim_delay=10.0 ms
>>> [UAV->CLOUD] BLK:beaa|TX:7.0.0.4|CID:0|TS:11.000|SPD:20.2|HDG:-0.4|PX:219.9|PY:-10.0|...
✓ [CAR 0] ACT=OK REP=0.822 RWD=1.000 PNL=0.000 CREDIT=17
[PASSIVE-BEACON] SIMNOW:11.106 CID:5 ZONE:1 RXUAV:1 EDGEPORT:9998 TS:11.092 SPD:19.700 HDG:1.100 PX:242.400 PY:-10.000 LAN:1 BRK:0 RX_X:0.000 RX_Y:0.000 RX_Z:0.000
[ZONE-ROUTE] CID:5 zone=1 edge_port=9998
[EDGE-RTT] CID:5 wall=0.9 ms  sim_delay=10.0 ms
>>> [UAV->CLOUD] BLK:f639|TX:7.0.0.9|CID:5|TS:11.092|SPD:19.7|HDG:1.1|PX:242.4|PY:-10.0|L...
✓ [CAR 5] ACT=OK REP=1.000 RWD=1.000 PNL=0.000 CREDIT=17
[PASSIVE-BEACON] SIMNOW:11.144 CID:1 ZONE:1 RXUAV:1 EDGEPORT:9998 TS:11.130 SPD:20.200 HDG:1.800 PX:222.700 PY:-20.000 LAN:2 BRK:0 RX_X:0.000 RX_Y:0.000 RX_Z:0.000
[ZONE-ROUTE] CID:1 zone=1 edge_port=9998
[EDGE-RTT] CID:1 wall=0.9 ms  sim_delay=10.0 ms
>>> [UAV->CLOUD] BLK:c2b8|TX:7.0.0.5|CID:1|TS:11.130|SPD:20.2|HDG:1.8|PX:222.7|PY:-20.0|L...
[PASSIVE-BEACON] SIMNOW:11.154 CID:4 ZONE:1 RXUAV:1 EDGEPORT:9998 TS:11.140 SPD:20.300 HDG:-1.400 PX:222.300 PY:-50.000 LAN:5 BRK:0 RX_X:0.000 RX_Y:0.000 RX_Z:0.000
[ZONE-ROUTE] CID:4 zone=1 edge_port=9998
[EDGE-RTT] CID:4 wall=0.9 ms  sim_delay=10.0 ms
>>> [UAV->CLOUD] BLK:2e94|TX:7.0.0.8|CID:4|TS:11.140|SPD:20.3|HDG:-1.4|PX:222.3|PY:-50.0|...
✓ [CAR 1] ACT=OK REP=0.824 RWD=1.000 PNL=0.000 CREDIT=17
✓ [CAR 4] ACT=OK REP=0.744 RWD=1.000 PNL=0.000 CREDIT=18
[PASSIVE-BEACON] SIMNOW:11.184 CID:8 ZONE:1 RXUAV:1 EDGEPORT:9998 TS:11.172 SPD:19.900 HDG:-1.800 PX:243.000 PY:-40.000 LAN:4 BRK:1 RX_X:0.000 RX_Y:0.000 RX_Z:0.000
[ZONE-ROUTE] CID:8 zone=1 edge_port=9998
[EDGE-RTT] CID:8 wall=1.0 ms  sim_delay=10.0 ms
>>> [UAV->CLOUD] BLK:493b|TX:7.0.0.12|CID:8|TS:11.172|SPD:19.9|HDG:-1.8|PX:243.0|PY:-40.0...
[PASSIVE-BEACON] SIMNOW:11.184 CID:7 ZONE:1 RXUAV:1 EDGEPORT:9998 TS:11.172 SPD:20.100 HDG:1.600 PX:243.500 PY:-30.000 LAN:3 BRK:1 RX_X:0.000 RX_Y:0.000 RX_Z:0.000
[ZONE-ROUTE] CID:7 zone=1 edge_port=9998
[EDGE-RTT] CID:7 wall=2.6 ms  sim_delay=10.0 ms
>>> [UAV->CLOUD] BLK:07d6|TX:7.0.0.11|CID:7|TS:11.172|SPD:20.1|HDG:1.6|PX:243.5|PY:-30.0|...
✓ [CAR 8] ACT=OK REP=0.793 RWD=1.000 PNL=0.000 CREDIT=17
✓ [CAR 7] ACT=OK REP=0.897 RWD=1.000 PNL=0.000 CREDIT=18
[PASSIVE-BEACON] SIMNOW:11.204 CID:3 ZONE:1 RXUAV:1 EDGEPORT:9998 TS:11.190 SPD:19.600 HDG:1.300 PX:223.300 PY:-40.000 LAN:4 BRK:1 RX_X:0.000 RX_Y:0.000 RX_Z:0.000
[ZONE-ROUTE] CID:3 zone=1 edge_port=9998
[EDGE-RTT] CID:3 wall=1.2 ms  sim_delay=10.0 ms
>>> [UAV->CLOUD] BLK:238a|TX:7.0.0.7|CID:3|TS:11.190|SPD:19.6|HDG:1.3|PX:223.3|PY:-40.0|L...
✓ [CAR 3] ACT=OK REP=0.866 RWD=1.000 PNL=0.000 CREDIT=17
[PASSIVE-BEACON] SIMNOW:11.288 CID:9 ZONE:1 RXUAV:1 EDGEPORT:9998 TS:11.142 SPD:19.700 HDG:-1.100 PX:242.200 PY:-50.000 LAN:5 BRK:1 RX_X:0.000 RX_Y:0.000 RX_Z:0.000
[ZONE-ROUTE] CID:9 zone=1 edge_port=9998
[EDGE-RTT] CID:9 wall=0.7 ms  sim_delay=10.0 ms
>>> [UAV->CLOUD] BLK:a3d7|TX:7.0.0.13|CID:9|TS:11.142|SPD:19.7|HDG:-1.1|PX:242.2|PY:-50.0...
✓ [CAR 9] ACT=OK REP=0.981 RWD=1.000 PNL=0.000 CREDIT=17
[PASSIVE-BEACON] SIMNOW:11.374 CID:2 ZONE:1 RXUAV:1 EDGEPORT:9998 TS:11.360 SPD:19.600 HDG:-0.800 PX:227.700 PY:-30.000 LAN:3 BRK:0 RX_X:0.000 RX_Y:0.000 RX_Z:0.000
[ZONE-ROUTE] CID:2 zone=1 edge_port=9998
[EDGE-RTT] CID:2 wall=1.1 ms  sim_delay=10.0 ms
>>> [UAV->CLOUD] BLK:218b|TX:7.0.0.6|CID:2|TS:11.360|SPD:19.6|HDG:-0.8|PX:227.7|PY:-30.0|...
✓ [CAR 2] ACT=OK REP=1.000 RWD=1.000 PNL=0.000 CREDIT=17
[PASSIVE-BEACON] SIMNOW:11.496 CID:6 ZONE:1 RXUAV:1 EDGEPORT:9998 TS:11.482 SPD:20.000 HDG:0.100 PX:250.100 PY:-20.000 LAN:2 BRK:0 RX_X:0.000 RX_Y:0.000 RX_Z:0.000
[ZONE-ROUTE] CID:6 zone=1 edge_port=9998
[EDGE-RTT] CID:6 wall=1.2 ms  sim_delay=10.0 ms
>>> [UAV->CLOUD] BLK:6e56|TX:7.0.0.10|CID:6|TS:11.482|SPD:20.0|HDG:0.1|PX:250.1|PY:-20.0|...
✓ [CAR 6] ACT=OK REP=0.947 RWD=1.000 PNL=0.000 CREDIT=17
[PASSIVE-BEACON] SIMNOW:11.514 CID:0 ZONE:1 RXUAV:1 EDGEPORT:9998 TS:11.500 SPD:20.100 HDG:-0.600 PX:230.300 PY:-10.000 LAN:1 BRK:1 RX_X:0.000 RX_Y:0.000 RX_Z:0.000
[ZONE-ROUTE] CID:0 zone=1 edge_port=9998
[EDGE-RTT] CID:0 wall=1.1 ms  sim_delay=10.0 ms
>>> [UAV->CLOUD] BLK:9c70|TX:7.0.0.4|CID:0|TS:11.500|SPD:20.1|HDG:-0.6|PX:230.3|PY:-10.0|...
✓ [CAR 0] ACT=OK REP=0.725 RWD=1.000 PNL=0.000 CREDIT=18
[PASSIVE-BEACON] SIMNOW:11.606 CID:5 ZONE:1 RXUAV:1 EDGEPORT:9998 TS:11.592 SPD:20.100 HDG:-1.400 PX:251.900 PY:-10.000 LAN:1 BRK:0 RX_X:0.000 RX_Y:0.000 RX_Z:0.000
[ZONE-ROUTE] CID:5 zone=1 edge_port=9998
[EDGE-RTT] CID:5 wall=0.9 ms  sim_delay=10.0 ms
>>> [UAV->CLOUD] BLK:5e25|TX:7.0.0.9|CID:5|TS:11.592|SPD:20.1|HDG:-1.4|PX:251.9|PY:-10.0|...
✓ [CAR 5] ACT=OK REP=0.731 RWD=1.000 PNL=0.000 CREDIT=18
[PASSIVE-BEACON] SIMNOW:11.644 CID:1 ZONE:1 RXUAV:1 EDGEPORT:9998 TS:11.630 SPD:19.600 HDG:1.800 PX:232.800 PY:-20.000 LAN:2 BRK:0 RX_X:0.000 RX_Y:0.000 RX_Z:0.000
[ZONE-ROUTE] CID:1 zone=1 edge_port=9998
[EDGE-RTT] CID:1 wall=0.8 ms  sim_delay=10.0 ms
>>> [UAV->CLOUD] BLK:6a43|TX:7.0.0.5|CID:1|TS:11.630|SPD:19.6|HDG:1.8|PX:232.8|PY:-20.0|L...
[PKT-DROP] UAV dropped telemetry from 7.0.0.8 (drop_rate=1%)
✓ [CAR 1] ACT=OK REP=0.549 RWD=1.000 PNL=0.000 CREDIT=18
[PASSIVE-BEACON] SIMNOW:11.687 CID:8 ZONE:1 RXUAV:1 EDGEPORT:9998 TS:11.672 SPD:20.100 HDG:1.200 PX:254.000 PY:-40.000 LAN:4 BRK:1 RX_X:0.000 RX_Y:0.000 RX_Z:0.000
[ZONE-ROUTE] CID:8 zone=1 edge_port=9998
[EDGE-RTT] CID:8 wall=0.9 ms  sim_delay=10.0 ms
>>> [UAV->CLOUD] BLK:ecdc|TX:7.0.0.12|CID:8|TS:11.672|SPD:20.1|HDG:1.2|PX:254.0|PY:-40.0|...
[PASSIVE-BEACON] SIMNOW:11.687 CID:7 ZONE:1 RXUAV:1 EDGEPORT:9998 TS:11.672 SPD:20.000 HDG:-0.100 PX:252.800 PY:-30.000 LAN:3 BRK:0 RX_X:0.000 RX_Y:0.000 RX_Z:0.000
[ZONE-ROUTE] CID:7 zone=1 edge_port=9998
[EDGE-RTT] CID:7 wall=2.0 ms  sim_delay=10.0 ms
[TRUST-UPGRADE] CID:7 earned REDUCE_SCRUTINY after 20 clean packets → latency × 0.5
>>> [UAV->CLOUD] BLK:07fb|TX:7.0.0.11|CID:7|TS:11.672|SPD:20.0|HDG:-0.1|PX:252.8|PY:-30.0...
[TRUST-APPLIED] CID:7 REDUCE_SCRUTINY → latency=5.0ms (was 10.0ms)
✓ [CAR 7] ACT=OK REP=0.500 RWD=1.500 PNL=0.000 CREDIT=20
✓ [CAR 7] ACT=OK REP=0.614 RWD=1.000 PNL=0.000 CREDIT=19
✓ [CAR 8] ACT=OK REP=1.000 RWD=1.000 PNL=0.000 CREDIT=18
[PASSIVE-BEACON] SIMNOW:11.704 CID:3 ZONE:1 RXUAV:1 EDGEPORT:9998 TS:11.690 SPD:20.100 HDG:-0.100 PX:233.200 PY:-40.000 LAN:4 BRK:0 RX_X:0.000 RX_Y:0.000 RX_Z:0.000
[ZONE-ROUTE] CID:3 zone=1 edge_port=9998
[EDGE-RTT] CID:3 wall=1.0 ms  sim_delay=10.0 ms
>>> [UAV->CLOUD] BLK:1107|TX:7.0.0.7|CID:3|TS:11.690|SPD:20.1|HDG:-0.1|PX:233.2|PY:-40.0|...
✓ [CAR 3] ACT=OK REP=1.000 RWD=1.000 PNL=0.000 CREDIT=18
[PASSIVE-BEACON] SIMNOW:11.840 CID:9 ZONE:1 RXUAV:1 EDGEPORT:9998 TS:11.642 SPD:20.400 HDG:1.800 PX:252.900 PY:-50.000 LAN:5 BRK:1 RX_X:0.000 RX_Y:0.000 RX_Z:0.000
[ZONE-ROUTE] CID:9 zone=1 edge_port=9998
[EDGE-RTT] CID:9 wall=1.0 ms  sim_delay=10.0 ms
>>> [UAV->CLOUD] BLK:f7b2|TX:7.0.0.13|CID:9|TS:11.642|SPD:20.4|HDG:1.8|PX:252.9|PY:-50.0|...
[PASSIVE-BEACON] SIMNOW:11.874 CID:2 ZONE:1 RXUAV:1 EDGEPORT:9998 TS:11.860 SPD:19.900 HDG:0.100 PX:237.600 PY:-30.000 LAN:3 BRK:1 RX_X:0.000 RX_Y:0.000 RX_Z:0.000
[ZONE-ROUTE] CID:2 zone=1 edge_port=9998
[EDGE-RTT] CID:2 wall=1.0 ms  sim_delay=10.0 ms
>>> [UAV->CLOUD] BLK:7ea8|TX:7.0.0.6|CID:2|TS:11.860|SPD:19.9|HDG:0.1|PX:237.6|PY:-30.0|L...
✓ [CAR 2] ACT=OK REP=0.946 RWD=1.000 PNL=0.000 CREDIT=18
[PASSIVE-BEACON] SIMNOW:11.996 CID:6 ZONE:1 RXUAV:1 EDGEPORT:9998 TS:11.982 SPD:20.300 HDG:-0.100 PX:259.600 PY:-20.000 LAN:2 BRK:0 RX_X:0.000 RX_Y:0.000 RX_Z:0.000
[ZONE-ROUTE] CID:6 zone=1 edge_port=9998
[EDGE-RTT] CID:6 wall=0.9 ms  sim_delay=10.0 ms
>>> [UAV->CLOUD] BLK:d277|TX:7.0.0.10|CID:6|TS:11.982|SPD:20.3|HDG:-0.1|PX:259.6|PY:-20.0...
✓ [CAR 6] ACT=OK REP=0.802 RWD=1.000 PNL=0.000 CREDIT=18
[PASSIVE-BEACON] SIMNOW:12.013 CID:0 ZONE:1 RXUAV:1 EDGEPORT:9998 TS:12.000 SPD:24.900 HDG:-1.700 PX:240.100 PY:-10.000 LAN:1 BRK:1 RX_X:0.000 RX_Y:0.000 RX_Z:0.000
[ZONE-ROUTE] CID:0 zone=1 edge_port=9998
[EDGE-RTT] CID:0 wall=1.0 ms  sim_delay=10.0 ms
>>> [UAV->CLOUD] BLK:c615|TX:7.0.0.4|CID:0|TS:12.000|SPD:24.9|HDG:-1.7|PX:240.1|PY:-10.0|...
[ECON-CLAWBACK] CID:0 ACT=WARN prior_payoff=20.5 extra_penalty=16.4 new_payoff=4.0
[TRUST-REVOKED] CID:0 benefits revoked logically; lane=1 speed=20.0 latency=10.0ms
[FORGIVENESS] CID:0 WARN #1 — streak reset, benefits revoked
⚠ [CAR 0] ACT=WARN REP=0.937 RWD=0.000 PNL=16.448 CREDIT=17
[PASSIVE-BEACON] SIMNOW:12.106 CID:5 ZONE:1 RXUAV:1 EDGEPORT:9998 TS:12.092 SPD:24.600 HDG:-1.800 PX:262.700 PY:-10.000 LAN:1 BRK:0 RX_X:0.000 RX_Y:0.000 RX_Z:0.000
[ZONE-ROUTE] CID:5 zone=1 edge_port=9998
[EDGE-RTT] CID:5 wall=1.2 ms  sim_delay=10.0 ms
>>> [UAV->CLOUD] BLK:53e4|TX:7.0.0.9|CID:5|TS:12.092|SPD:24.6|HDG:-1.8|PX:262.7|PY:-10.0|...
[ECON-CLAWBACK] CID:5 ACT=WARN prior_payoff=20.5 extra_penalty=16.4 new_payoff=4.0
[TRUST-REVOKED] CID:5 benefits revoked logically; lane=1 speed=20.0 latency=10.0ms
[FORGIVENESS] CID:5 WARN #1 — streak reset, benefits revoked
⚠ [CAR 5] ACT=WARN REP=1.000 RWD=0.000 PNL=16.447 CREDIT=17
[PASSIVE-BEACON] SIMNOW:12.144 CID:1 ZONE:1 RXUAV:1 EDGEPORT:9998 TS:12.130 SPD:20.000 HDG:-1.600 PX:242.200 PY:-20.000 LAN:2 BRK:1 RX_X:0.000 RX_Y:0.000 RX_Z:0.000
[ZONE-ROUTE] CID:1 zone=1 edge_port=9998
[EDGE-RTT] CID:1 wall=0.7 ms  sim_delay=10.0 ms
[TRUST-UPGRADE] CID:1 earned REDUCE_SCRUTINY after 20 clean packets → latency × 0.5
>>> [UAV->CLOUD] BLK:7455|TX:7.0.0.5|CID:1|TS:12.130|SPD:20.0|HDG:-1.6|PX:242.2|PY:-20.0|...
[PASSIVE-BEACON] SIMNOW:12.154 CID:4 ZONE:1 RXUAV:1 EDGEPORT:9998 TS:12.140 SPD:20.500 HDG:-0.400 PX:242.900 PY:-50.000 LAN:5 BRK:0 RX_X:0.000 RX_Y:0.000 RX_Z:0.000
[ZONE-ROUTE] CID:4 zone=1 edge_port=9998
[EDGE-RTT] CID:4 wall=0.9 ms  sim_delay=10.0 ms
[TRUST-UPGRADE] CID:4 earned REDUCE_SCRUTINY after 20 clean packets → latency × 0.5
>>> [UAV->CLOUD] BLK:d79d|TX:7.0.0.8|CID:4|TS:12.140|SPD:20.5|HDG:-0.4|PX:242.9|PY:-50.0|...
[TRUST-APPLIED] CID:1 REDUCE_SCRUTINY → latency=5.0ms (was 10.0ms)
✓ [CAR 1] ACT=OK REP=0.500 RWD=1.500 PNL=0.000 CREDIT=20
✓ [CAR 1] ACT=OK REP=0.973 RWD=1.000 PNL=0.000 CREDIT=19
[TRUST-APPLIED] CID:4 REDUCE_SCRUTINY → latency=5.000ms (was 10.000ms)
✓ [CAR 4] ACT=OK REP=0.500 RWD=1.500 PNL=0.000 CREDIT=20
✓ [CAR 4] ACT=OK REP=0.829 RWD=1.000 PNL=0.000 CREDIT=19
[PASSIVE-BEACON] SIMNOW:12.186 CID:8 ZONE:1 RXUAV:1 EDGEPORT:9998 TS:12.172 SPD:19.800 HDG:-0.200 PX:263.400 PY:-40.000 LAN:4 BRK:0 RX_X:0.000 RX_Y:0.000 RX_Z:0.000
[ZONE-ROUTE] CID:8 zone=1 edge_port=9998
[EDGE-RTT] CID:8 wall=0.8 ms  sim_delay=10.0 ms
[TRUST-UPGRADE] CID:8 earned REDUCE_SCRUTINY after 20 clean packets → latency × 0.5
>>> [UAV->CLOUD] BLK:e99b|TX:7.0.0.12|CID:8|TS:12.172|SPD:19.8|HDG:-0.2|PX:263.4|PY:-40.0...
[PASSIVE-BEACON] SIMNOW:12.186 CID:7 ZONE:1 RXUAV:1 EDGEPORT:9998 TS:12.172 SPD:19.900 HDG:-1.900 PX:263.000 PY:-30.000 LAN:3 BRK:0 RX_X:0.000 RX_Y:0.000 RX_Z:0.000
[ZONE-ROUTE] CID:7 zone=1 edge_port=9998
[EDGE-RTT] CID:7 wall=2.2 ms  sim_delay=5.0 ms
>>> [UAV->CLOUD] BLK:4055|TX:7.0.0.11|CID:7|TS:12.172|SPD:19.9|HDG:-1.9|PX:263.0|PY:-30.0...
[TRUST-APPLIED] CID:8 REDUCE_SCRUTINY → latency=5.0ms (was 10.0ms)
✓ [CAR 8] ACT=OK REP=0.500 RWD=1.500 PNL=0.000 CREDIT=20
✓ [CAR 8] ACT=OK REP=0.783 RWD=1.000 PNL=0.000 CREDIT=19
✓ [CAR 7] ACT=OK REP=0.950 RWD=1.000 PNL=0.000 CREDIT=20
[PASSIVE-BEACON] SIMNOW:12.204 CID:3 ZONE:1 RXUAV:1 EDGEPORT:9998 TS:12.190 SPD:20.500 HDG:1.100 PX:244.500 PY:-40.000 LAN:4 BRK:1 RX_X:0.000 RX_Y:0.000 RX_Z:0.000
[ZONE-ROUTE] CID:3 zone=1 edge_port=9998
[EDGE-RTT] CID:3 wall=1.2 ms  sim_delay=10.0 ms
[TRUST-UPGRADE] CID:3 earned REDUCE_SCRUTINY after 20 clean packets → latency × 0.5
>>> [UAV->CLOUD] BLK:6a21|TX:7.0.0.7|CID:3|TS:12.190|SPD:20.5|HDG:1.1|PX:244.5|PY:-40.0|L...
[TRUST-APPLIED] CID:3 REDUCE_SCRUTINY → latency=5.0ms (was 10.0ms)
✓ [CAR 3] ACT=OK REP=0.500 RWD=1.500 PNL=0.000 CREDIT=20
✓ [CAR 3] ACT=OK REP=0.901 RWD=1.000 PNL=0.000 CREDIT=19
[PASSIVE-BEACON] SIMNOW:12.374 CID:2 ZONE:1 RXUAV:1 EDGEPORT:9998 TS:12.360 SPD:19.800 HDG:0.400 PX:247.700 PY:-30.000 LAN:3 BRK:0 RX_X:0.000 RX_Y:0.000 RX_Z:0.000
[ZONE-ROUTE] CID:2 zone=1 edge_port=9998
[EDGE-RTT] CID:2 wall=0.9 ms  sim_delay=10.0 ms
[TRUST-UPGRADE] CID:2 earned REDUCE_SCRUTINY after 20 clean packets → latency × 0.5
>>> [UAV->CLOUD] BLK:aebb|TX:7.0.0.6|CID:2|TS:12.360|SPD:19.8|HDG:0.4|PX:247.7|PY:-30.0|L...
[TRUST-APPLIED] CID:2 REDUCE_SCRUTINY → latency=5.0ms (was 10.0ms)
✓ [CAR 2] ACT=OK REP=0.500 RWD=1.500 PNL=0.000 CREDIT=20
✓ [CAR 2] ACT=OK REP=0.892 RWD=1.000 PNL=0.000 CREDIT=19
[PASSIVE-BEACON] SIMNOW:12.496 CID:6 ZONE:1 RXUAV:1 EDGEPORT:9998 TS:12.482 SPD:20.000 HDG:-0.500 PX:269.800 PY:-20.000 LAN:2 BRK:0 RX_X:0.000 RX_Y:0.000 RX_Z:0.000
[ZONE-ROUTE] CID:6 zone=1 edge_port=9998
[EDGE-RTT] CID:6 wall=0.8 ms  sim_delay=10.0 ms
[TRUST-UPGRADE] CID:6 earned REDUCE_SCRUTINY after 20 clean packets → latency × 0.5
>>> [UAV->CLOUD] BLK:b4fc|TX:7.0.0.10|CID:6|TS:12.482|SPD:20.0|HDG:-0.5|PX:269.8|PY:-20.0...
[TRUST-APPLIED] CID:6 REDUCE_SCRUTINY → latency=5.0ms (was 10.0ms)
✓ [CAR 6] ACT=OK REP=0.500 RWD=1.500 PNL=0.000 CREDIT=20
✓ [CAR 6] ACT=OK REP=1.000 RWD=1.000 PNL=0.000 CREDIT=19
[PASSIVE-BEACON] SIMNOW:12.514 CID:0 ZONE:1 RXUAV:1 EDGEPORT:9998 TS:12.500 SPD:25.400 HDG:1.600 PX:252.900 PY:-10.000 LAN:1 BRK:1 RX_X:0.000 RX_Y:0.000 RX_Z:0.000
[ZONE-ROUTE] CID:0 zone=1 edge_port=9998
[EDGE-RTT] CID:0 wall=0.8 ms  sim_delay=10.0 ms
>>> [UAV->CLOUD] BLK:46b4|TX:7.0.0.4|CID:0|TS:12.500|SPD:25.4|HDG:1.6|PX:252.9|PY:-10.0|L...
[ECON-CLAWBACK] CID:0 ACT=WARN prior_payoff=4.0 extra_penalty=3.3 new_payoff=0.7
[FORGIVENESS] CID:0 WARN #2 — streak reset, benefits revoked
⚠ [CAR 0] ACT=WARN REP=0.852 RWD=0.000 PNL=3.371 CREDIT=-2
[PASSIVE-BEACON] SIMNOW:12.606 CID:5 ZONE:1 RXUAV:1 EDGEPORT:9998 TS:12.592 SPD:24.900 HDG:1.900 PX:275.300 PY:-10.000 LAN:1 BRK:0 RX_X:0.000 RX_Y:0.000 RX_Z:0.000
[ZONE-ROUTE] CID:5 zone=1 edge_port=9998
[EDGE-RTT] CID:5 wall=0.9 ms  sim_delay=10.0 ms
>>> [UAV->CLOUD] BLK:5b24|TX:7.0.0.9|CID:5|TS:12.592|SPD:24.9|HDG:1.9|PX:275.3|PY:-10.0|L...
[ECON-CLAWBACK] CID:5 ACT=WARN prior_payoff=4.0 extra_penalty=3.3 new_payoff=0.7
[FORGIVENESS] CID:5 WARN #2 — streak reset, benefits revoked
⚠ [CAR 5] ACT=WARN REP=0.682 RWD=0.000 PNL=3.370 CREDIT=-2
[PASSIVE-BEACON] SIMNOW:12.644 CID:1 ZONE:1 RXUAV:1 EDGEPORT:9998 TS:12.630 SPD:19.600 HDG:-0.500 PX:252.200 PY:-20.000 LAN:2 BRK:0 RX_X:0.000 RX_Y:0.000 RX_Z:0.000
[ZONE-ROUTE] CID:1 zone=1 edge_port=9998
[EDGE-RTT] CID:1 wall=1.0 ms  sim_delay=5.0 ms
>>> [UAV->CLOUD] BLK:29a5|TX:7.0.0.5|CID:1|TS:12.630|SPD:19.6|HDG:-0.5|PX:252.2|PY:-20.0|...
[PASSIVE-BEACON] SIMNOW:12.654 CID:4 ZONE:1 RXUAV:1 EDGEPORT:9998 TS:12.640 SPD:19.800 HDG:0.500 PX:252.800 PY:-50.000 LAN:5 BRK:0 RX_X:0.000 RX_Y:0.000 RX_Z:0.000
[ZONE-ROUTE] CID:4 zone=1 edge_port=9998
[EDGE-RTT] CID:4 wall=0.8 ms  sim_delay=5.0 ms
>>> [UAV->CLOUD] BLK:2d78|TX:7.0.0.8|CID:4|TS:12.640|SPD:19.8|HDG:0.5|PX:252.8|PY:-50.0|L...
✓ [CAR 1] ACT=OK REP=0.841 RWD=1.000 PNL=0.000 CREDIT=20
✓ [CAR 4] ACT=OK REP=0.960 RWD=1.000 PNL=0.000 CREDIT=20
[PASSIVE-BEACON] SIMNOW:12.685 CID:8 ZONE:1 RXUAV:1 EDGEPORT:9998 TS:12.672 SPD:20.400 HDG:-0.600 PX:273.800 PY:-40.000 LAN:4 BRK:1 RX_X:0.000 RX_Y:0.000 RX_Z:0.000
[ZONE-ROUTE] CID:8 zone=1 edge_port=9998
[EDGE-RTT] CID:8 wall=0.9 ms  sim_delay=5.0 ms
>>> [UAV->CLOUD] BLK:414a|TX:7.0.0.12|CID:8|TS:12.672|SPD:20.4|HDG:-0.6|PX:273.8|PY:-40.0...
[PASSIVE-BEACON] SIMNOW:12.685 CID:7 ZONE:1 RXUAV:1 EDGEPORT:9998 TS:12.672 SPD:19.700 HDG:1.800 PX:272.800 PY:-30.000 LAN:3 BRK:1 RX_X:0.000 RX_Y:0.000 RX_Z:0.000
[ZONE-ROUTE] CID:7 zone=1 edge_port=9998
[EDGE-RTT] CID:7 wall=1.7 ms  sim_delay=5.0 ms
>>> [UAV->CLOUD] BLK:ecc7|TX:7.0.0.11|CID:7|TS:12.672|SPD:19.7|HDG:1.8|PX:272.8|PY:-30.0|...
✓ [CAR 7] ACT=OK REP=1.000 RWD=1.000 PNL=0.000 CREDIT=21
✓ [CAR 8] ACT=OK REP=0.960 RWD=1.000 PNL=0.000 CREDIT=20
[PASSIVE-BEACON] SIMNOW:12.704 CID:3 ZONE:1 RXUAV:1 EDGEPORT:9998 TS:12.690 SPD:20.000 HDG:0.600 PX:253.900 PY:-40.000 LAN:4 BRK:0 RX_X:0.000 RX_Y:0.000 RX_Z:0.000
[ZONE-ROUTE] CID:3 zone=1 edge_port=9998
[EDGE-RTT] CID:3 wall=1.0 ms  sim_delay=5.0 ms
>>> [UAV->CLOUD] BLK:f14a|TX:7.0.0.7|CID:3|TS:12.690|SPD:20.0|HDG:0.6|PX:253.9|PY:-40.0|L...
✓ [CAR 3] ACT=OK REP=0.998 RWD=1.000 PNL=0.000 CREDIT=20
[PASSIVE-BEACON] SIMNOW:12.874 CID:2 ZONE:1 RXUAV:1 EDGEPORT:9998 TS:12.860 SPD:19.600 HDG:-0.900 PX:256.900 PY:-30.000 LAN:3 BRK:0 RX_X:0.000 RX_Y:0.000 RX_Z:0.000
[ZONE-ROUTE] CID:2 zone=1 edge_port=9998
[EDGE-RTT] CID:2 wall=1.0 ms  sim_delay=5.0 ms
>>> [UAV->CLOUD] BLK:da3b|TX:7.0.0.6|CID:2|TS:12.860|SPD:19.6|HDG:-0.9|PX:256.9|PY:-30.0|...
✓ [CAR 2] ACT=OK REP=0.936 RWD=1.000 PNL=0.000 CREDIT=20
[PASSIVE-BEACON] SIMNOW:12.996 CID:6 ZONE:1 RXUAV:1 EDGEPORT:9998 TS:12.982 SPD:20.100 HDG:-1.700 PX:279.000 PY:-20.000 LAN:2 BRK:0 RX_X:0.000 RX_Y:0.000 RX_Z:0.000
[ZONE-ROUTE] CID:6 zone=1 edge_port=9998
[EDGE-RTT] CID:6 wall=0.8 ms  sim_delay=5.0 ms
>>> [UAV->CLOUD] BLK:3b5e|TX:7.0.0.10|CID:6|TS:12.982|SPD:20.1|HDG:-1.7|PX:279.0|PY:-20.0...
✓ [CAR 6] ACT=OK REP=1.000 RWD=1.000 PNL=0.000 CREDIT=20
[PASSIVE-BEACON] SIMNOW:13.014 CID:0 ZONE:1 RXUAV:1 EDGEPORT:9998 TS:13.000 SPD:24.600 HDG:0.300 PX:265.900 PY:-10.000 LAN:1 BRK:0 RX_X:0.000 RX_Y:0.000 RX_Z:0.000
[ZONE-ROUTE] CID:0 zone=1 edge_port=9998
[EDGE-RTT] CID:0 wall=1.0 ms  sim_delay=10.0 ms
>>> [UAV->CLOUD] BLK:e070|TX:7.0.0.4|CID:0|TS:13.000|SPD:24.6|HDG:0.3|PX:265.9|PY:-10.0|L...
[ECON-CLAWBACK] CID:0 ACT=WARN prior_payoff=0.7 extra_penalty=1.8 new_payoff=-1.3
[FORGIVENESS] CID:0 WARN #3 — streak reset, benefits revoked
⚠ [CAR 0] ACT=WARN REP=0.584 RWD=0.000 PNL=1.935 CREDIT=-2
[PASSIVE-BEACON] SIMNOW:13.106 CID:5 ZONE:1 RXUAV:1 EDGEPORT:9998 TS:13.092 SPD:24.600 HDG:-0.100 PX:287.800 PY:-10.000 LAN:1 BRK:0 RX_X:0.000 RX_Y:0.000 RX_Z:0.000
[ZONE-ROUTE] CID:5 zone=1 edge_port=9998
[EDGE-RTT] CID:5 wall=1.0 ms  sim_delay=10.0 ms
>>> [UAV->CLOUD] BLK:daef|TX:7.0.0.9|CID:5|TS:13.092|SPD:24.6|HDG:-0.1|PX:287.8|PY:-10.0|...
[ECON-CLAWBACK] CID:5 ACT=WARN prior_payoff=0.7 extra_penalty=1.8 new_payoff=-1.3
[FORGIVENESS] CID:5 WARN #3 — streak reset, benefits revoked
⚠ [CAR 5] ACT=WARN REP=0.666 RWD=0.000 PNL=1.935 CREDIT=-2
[PASSIVE-BEACON] SIMNOW:13.144 CID:1 ZONE:1 RXUAV:1 EDGEPORT:9998 TS:13.130 SPD:20.400 HDG:1.800 PX:262.300 PY:-20.000 LAN:2 BRK:0 RX_X:0.000 RX_Y:0.000 RX_Z:0.000
[ZONE-ROUTE] CID:1 zone=1 edge_port=9998
[EDGE-RTT] CID:1 wall=1.0 ms  sim_delay=5.0 ms
>>> [UAV->CLOUD] BLK:674e|TX:7.0.0.5|CID:1|TS:13.130|SPD:20.4|HDG:1.8|PX:262.3|PY:-20.0|L...
[PASSIVE-BEACON] SIMNOW:13.154 CID:4 ZONE:1 RXUAV:1 EDGEPORT:9998 TS:13.140 SPD:20.200 HDG:0.100 PX:262.600 PY:-50.000 LAN:5 BRK:0 RX_X:0.000 RX_Y:0.000 RX_Z:0.000
[ZONE-ROUTE] CID:4 zone=1 edge_port=9998
[EDGE-RTT] CID:4 wall=0.8 ms  sim_delay=5.0 ms
>>> [UAV->CLOUD] BLK:67f0|TX:7.0.0.8|CID:4|TS:13.140|SPD:20.2|HDG:0.1|PX:262.6|PY:-50.0|L...
✓ [CAR 1] ACT=OK REP=0.675 RWD=1.000 PNL=0.000 CREDIT=21
✓ [CAR 4] ACT=OK REP=0.840 RWD=1.000 PNL=0.000 CREDIT=21
[PASSIVE-BEACON] SIMNOW:13.186 CID:8 ZONE:1 RXUAV:1 EDGEPORT:9998 TS:13.172 SPD:19.900 HDG:1.800 PX:283.000 PY:-40.000 LAN:4 BRK:0 RX_X:0.000 RX_Y:0.000 RX_Z:0.000
[ZONE-ROUTE] CID:8 zone=1 edge_port=9998
[EDGE-RTT] CID:8 wall=1.1 ms  sim_delay=5.0 ms
>>> [UAV->CLOUD] BLK:fc1e|TX:7.0.0.12|CID:8|TS:13.172|SPD:19.9|HDG:1.8|PX:283.0|PY:-40.0|...
[PASSIVE-BEACON] SIMNOW:13.186 CID:7 ZONE:1 RXUAV:1 EDGEPORT:9998 TS:13.172 SPD:19.600 HDG:1.700 PX:283.000 PY:-30.000 LAN:3 BRK:0 RX_X:0.000 RX_Y:0.000 RX_Z:0.000
[ZONE-ROUTE] CID:7 zone=1 edge_port=9998
[EDGE-RTT] CID:7 wall=2.2 ms  sim_delay=5.0 ms
>>> [UAV->CLOUD] BLK:0352|TX:7.0.0.11|CID:7|TS:13.172|SPD:19.6|HDG:1.7|PX:283.0|PY:-30.0|...
✓ [CAR 8] ACT=OK REP=1.000 RWD=1.000 PNL=0.000 CREDIT=21
✓ [CAR 7] ACT=OK REP=0.885 RWD=1.000 PNL=0.000 CREDIT=22
[PASSIVE-BEACON] SIMNOW:13.204 CID:3 ZONE:1 RXUAV:1 EDGEPORT:9998 TS:13.190 SPD:19.500 HDG:1.400 PX:263.700 PY:-40.000 LAN:4 BRK:0 RX_X:0.000 RX_Y:0.000 RX_Z:0.000
[ZONE-ROUTE] CID:3 zone=1 edge_port=9998
[EDGE-RTT] CID:3 wall=1.0 ms  sim_delay=5.0 ms
>>> [UAV->CLOUD] BLK:3521|TX:7.0.0.7|CID:3|TS:13.190|SPD:19.5|HDG:1.4|PX:263.7|PY:-40.0|L...
✓ [CAR 3] ACT=OK REP=1.000 RWD=1.000 PNL=0.000 CREDIT=21
[PASSIVE-BEACON] SIMNOW:13.374 CID:2 ZONE:1 RXUAV:1 EDGEPORT:9998 TS:13.360 SPD:19.900 HDG:1.000 PX:266.600 PY:-30.000 LAN:3 BRK:0 RX_X:0.000 RX_Y:0.000 RX_Z:0.000
[ZONE-ROUTE] CID:2 zone=1 edge_port=9998
[EDGE-RTT] CID:2 wall=1.0 ms  sim_delay=5.0 ms
>>> [UAV->CLOUD] BLK:3604|TX:7.0.0.6|CID:2|TS:13.360|SPD:19.9|HDG:1.0|PX:266.6|PY:-30.0|L...
✓ [CAR 2] ACT=OK REP=0.904 RWD=1.000 PNL=0.000 CREDIT=21
[PASSIVE-BEACON] SIMNOW:13.496 CID:6 ZONE:1 RXUAV:1 EDGEPORT:9998 TS:13.482 SPD:19.800 HDG:0.100 PX:289.400 PY:-20.000 LAN:2 BRK:0 RX_X:0.000 RX_Y:0.000 RX_Z:0.000
[ZONE-ROUTE] CID:6 zone=1 edge_port=9998
[EDGE-RTT] CID:6 wall=0.7 ms  sim_delay=5.0 ms
>>> [UAV->CLOUD] BLK:a8a4|TX:7.0.0.10|CID:6|TS:13.482|SPD:19.8|HDG:0.1|PX:289.4|PY:-20.0|...
✓ [CAR 6] ACT=OK REP=1.000 RWD=1.000 PNL=0.000 CREDIT=21
[PASSIVE-BEACON] SIMNOW:13.514 CID:0 ZONE:1 RXUAV:1 EDGEPORT:9998 TS:13.500 SPD:25.300 HDG:-0.200 PX:277.900 PY:-10.000 LAN:1 BRK:0 RX_X:0.000 RX_Y:0.000 RX_Z:0.000
[ZONE-ROUTE] CID:0 zone=1 edge_port=9998
[EDGE-RTT] CID:0 wall=0.9 ms  sim_delay=10.0 ms
>>> [UAV->CLOUD] BLK:9f69|TX:7.0.0.4|CID:0|TS:13.500|SPD:25.3|HDG:-0.2|PX:277.9|PY:-10.0|...
[ECON-CLAWBACK] CID:0 ACT=WARN prior_payoff=-1.3 extra_penalty=1.8 new_payoff=-3.1
[FORGIVENESS] CID:0 WARN #4 — streak reset, benefits revoked
⚠ [CAR 0] ACT=WARN REP=0.841 RWD=0.000 PNL=1.851 CREDIT=-2
[PASSIVE-BEACON] SIMNOW:13.606 CID:5 ZONE:1 RXUAV:1 EDGEPORT:9998 TS:13.592 SPD:25.300 HDG:-0.700 PX:300.500 PY:-10.000 LAN:1 BRK:0 RX_X:0.000 RX_Y:0.000 RX_Z:0.000
[ZONE-ROUTE] CID:5 zone=1 edge_port=9998
[EDGE-RTT] CID:5 wall=1.2 ms  sim_delay=10.0 ms
>>> [UAV->CLOUD] BLK:f2f4|TX:7.0.0.9|CID:5|TS:13.592|SPD:25.3|HDG:-0.7|PX:300.5|PY:-10.0|...
[ECON-CLAWBACK] CID:5 ACT=WARN prior_payoff=-1.3 extra_penalty=1.8 new_payoff=-3.1
[FORGIVENESS] CID:5 WARN #4 — streak reset, benefits revoked
⚠ [CAR 5] ACT=WARN REP=0.752 RWD=0.000 PNL=1.850 CREDIT=-2
[PASSIVE-BEACON] SIMNOW:13.644 CID:1 ZONE:1 RXUAV:1 EDGEPORT:9998 TS:13.630 SPD:19.700 HDG:-1.900 PX:272.400 PY:-20.000 LAN:2 BRK:0 RX_X:0.000 RX_Y:0.000 RX_Z:0.000
[ZONE-ROUTE] CID:1 zone=1 edge_port=9998
[EDGE-RTT] CID:1 wall=0.9 ms  sim_delay=5.0 ms
>>> [UAV->CLOUD] BLK:7c4c|TX:7.0.0.5|CID:1|TS:13.630|SPD:19.7|HDG:-1.9|PX:272.4|PY:-20.0|...
[PASSIVE-BEACON] SIMNOW:13.654 CID:4 ZONE:1 RXUAV:1 EDGEPORT:9998 TS:13.640 SPD:20.000 HDG:-0.000 PX:272.900 PY:-50.000 LAN:5 BRK:0 RX_X:0.000 RX_Y:0.000 RX_Z:0.000
[ZONE-ROUTE] CID:4 zone=1 edge_port=9998
[EDGE-RTT] CID:4 wall=0.6 ms  sim_delay=5.0 ms
>>> [UAV->CLOUD] BLK:7681|TX:7.0.0.8|CID:4|TS:13.640|SPD:20.0|HDG:-0.0|PX:272.9|PY:-50.0|...
✓ [CAR 1] ACT=OK REP=0.920 RWD=1.000 PNL=0.000 CREDIT=22
✓ [CAR 4] ACT=OK REP=0.900 RWD=1.000 PNL=0.000 CREDIT=22
[PASSIVE-BEACON] SIMNOW:13.686 CID:8 ZONE:1 RXUAV:1 EDGEPORT:9998 TS:13.672 SPD:19.500 HDG:1.500 PX:294.000 PY:-40.000 LAN:4 BRK:0 RX_X:0.000 RX_Y:0.000 RX_Z:0.000
[ZONE-ROUTE] CID:8 zone=1 edge_port=9998
[EDGE-RTT] CID:8 wall=1.0 ms  sim_delay=5.0 ms
>>> [UAV->CLOUD] BLK:b84f|TX:7.0.0.12|CID:8|TS:13.672|SPD:19.5|HDG:1.5|PX:294.0|PY:-40.0|...
[PASSIVE-BEACON] SIMNOW:13.686 CID:7 ZONE:1 RXUAV:1 EDGEPORT:9998 TS:13.672 SPD:19.900 HDG:0.100 PX:293.700 PY:-30.000 LAN:3 BRK:0 RX_X:0.000 RX_Y:0.000 RX_Z:0.000
[ZONE-ROUTE] CID:7 zone=1 edge_port=9998
[EDGE-RTT] CID:7 wall=2.5 ms  sim_delay=5.0 ms
>>> [UAV->CLOUD] BLK:1c46|TX:7.0.0.11|CID:7|TS:13.672|SPD:19.9|HDG:0.1|PX:293.7|PY:-30.0|...
✓ [CAR 8] ACT=OK REP=0.865 RWD=1.000 PNL=0.000 CREDIT=22
✓ [CAR 7] ACT=OK REP=0.831 RWD=1.000 PNL=0.000 CREDIT=23
[PASSIVE-BEACON] SIMNOW:13.704 CID:3 ZONE:1 RXUAV:1 EDGEPORT:9998 TS:13.690 SPD:20.300 HDG:-1.600 PX:273.300 PY:-40.000 LAN:4 BRK:0 RX_X:0.000 RX_Y:0.000 RX_Z:0.000
[ZONE-ROUTE] CID:3 zone=1 edge_port=9998
[EDGE-RTT] CID:3 wall=0.8 ms  sim_delay=5.0 ms
>>> [UAV->CLOUD] BLK:5d14|TX:7.0.0.7|CID:3|TS:13.690|SPD:20.3|HDG:-1.6|PX:273.3|PY:-40.0|...
✓ [CAR 3] ACT=OK REP=0.850 RWD=1.000 PNL=0.000 CREDIT=22
[PASSIVE-BEACON] SIMNOW:13.872 CID:2 ZONE:1 RXUAV:1 EDGEPORT:9998 TS:13.860 SPD:19.500 HDG:0.600 PX:277.000 PY:-30.000 LAN:3 BRK:0 RX_X:0.000 RX_Y:0.000 RX_Z:0.000
[ZONE-ROUTE] CID:2 zone=1 edge_port=9998
[EDGE-RTT] CID:2 wall=0.9 ms  sim_delay=5.0 ms
>>> [UAV->CLOUD] BLK:2c86|TX:7.0.0.6|CID:2|TS:13.860|SPD:19.5|HDG:0.6|PX:277.0|PY:-30.0|L...
✓ [CAR 2] ACT=OK REP=1.000 RWD=1.000 PNL=0.000 CREDIT=22
[PASSIVE-BEACON] SIMNOW:13.996 CID:6 ZONE:1 RXUAV:1 EDGEPORT:9998 TS:13.982 SPD:25.000 HDG:1.600 PX:300.500 PY:-20.000 LAN:2 BRK:0 RX_X:0.000 RX_Y:0.000 RX_Z:0.000
[ZONE-ROUTE] CID:6 zone=1 edge_port=9998
[EDGE-RTT] CID:6 wall=0.9 ms  sim_delay=5.0 ms
>>> [UAV->CLOUD] BLK:32dd|TX:7.0.0.10|CID:6|TS:13.982|SPD:25.0|HDG:1.6|PX:300.5|PY:-20.0|...
[ECON-CLAWBACK] CID:6 ACT=WARN prior_payoff=25.0 extra_penalty=19.7 new_payoff=5.2
[TRUST-REVOKED] CID:6 benefits revoked logically; lane=2 speed=20.0 latency=10.0ms
[FORGIVENESS] CID:6 WARN #1 — streak reset, benefits revoked
⚠ [CAR 6] ACT=WARN REP=0.796 RWD=0.000 PNL=19.823 CREDIT=20
[PASSIVE-BEACON] SIMNOW:14.014 CID:0 ZONE:1 RXUAV:1 EDGEPORT:9998 TS:14.000 SPD:25.100 HDG:-0.700 PX:290.700 PY:-10.000 LAN:1 BRK:0 RX_X:0.000 RX_Y:0.000 RX_Z:0.000
[ZONE-ROUTE] CID:0 zone=1 edge_port=9998
[EDGE-RTT] CID:0 wall=0.6 ms  sim_delay=10.0 ms
>>> [UAV->CLOUD] BLK:94bc|TX:7.0.0.4|CID:0|TS:14.000|SPD:25.1|HDG:-0.7|PX:290.7|PY:-10.0|...
[ECON-CLAWBACK] CID:0 ACT=WARN prior_payoff=-3.1 extra_penalty=2.0 new_payoff=-5.2
[FORGIVENESS] CID:0 WARN #5 — streak reset, benefits revoked
⚠ [CAR 0] ACT=WARN REP=0.720 RWD=0.000 PNL=2.102 CREDIT=-2
[PASSIVE-BEACON] SIMNOW:14.106 CID:5 ZONE:1 RXUAV:1 EDGEPORT:9998 TS:14.092 SPD:25.400 HDG:-0.900 PX:312.500 PY:-10.000 LAN:1 BRK:0 RX_X:0.000 RX_Y:0.000 RX_Z:0.000
[ZONE-ROUTE] CID:5 zone=1 edge_port=9998
[EDGE-RTT] CID:5 wall=0.8 ms  sim_delay=10.0 ms
>>> [UAV->CLOUD] BLK:e60f|TX:7.0.0.9|CID:5|TS:14.092|SPD:25.4|HDG:-0.9|PX:312.5|PY:-10.0|...
[ECON-CLAWBACK] CID:5 ACT=WARN prior_payoff=-3.1 extra_penalty=2.0 new_payoff=-5.2
[FORGIVENESS] CID:5 WARN #5 — streak reset, benefits revoked
⚠ [CAR 5] ACT=WARN REP=0.872 RWD=0.000 PNL=2.102 CREDIT=-2
[PASSIVE-BEACON] SIMNOW:14.144 CID:1 ZONE:1 RXUAV:1 EDGEPORT:9998 TS:14.130 SPD:24.900 HDG:1.400 PX:283.300 PY:-20.000 LAN:2 BRK:0 RX_X:0.000 RX_Y:0.000 RX_Z:0.000
[ZONE-ROUTE] CID:1 zone=1 edge_port=9998
[EDGE-RTT] CID:1 wall=1.3 ms  sim_delay=5.0 ms
>>> [UAV->CLOUD] BLK:cd21|TX:7.0.0.5|CID:1|TS:14.130|SPD:24.9|HDG:1.4|PX:283.3|PY:-20.0|L...
[PASSIVE-BEACON] SIMNOW:14.154 CID:4 ZONE:1 RXUAV:1 EDGEPORT:9998 TS:14.140 SPD:19.800 HDG:-1.300 PX:283.300 PY:-50.000 LAN:5 BRK:0 RX_X:0.000 RX_Y:0.000 RX_Z:0.000
[ZONE-ROUTE] CID:4 zone=1 edge_port=9998
[EDGE-RTT] CID:4 wall=0.8 ms  sim_delay=5.0 ms
>>> [UAV->CLOUD] BLK:a7b1|TX:7.0.0.8|CID:4|TS:14.140|SPD:19.8|HDG:-1.3|PX:283.3|PY:-50.0|...
[ECON-CLAWBACK] CID:1 ACT=WARN prior_payoff=26.0 extra_penalty=20.5 new_payoff=5.4
[TRUST-REVOKED] CID:1 benefits revoked logically; lane=2 speed=20.0 latency=10.0ms
[FORGIVENESS] CID:1 WARN #1 — streak reset, benefits revoked
⚠ [CAR 1] ACT=WARN REP=1.000 RWD=0.000 PNL=20.572 CREDIT=21
✓ [CAR 4] ACT=OK REP=0.800 RWD=1.000 PNL=0.000 CREDIT=23
[PASSIVE-BEACON] SIMNOW:14.186 CID:8 ZONE:1 RXUAV:1 EDGEPORT:9998 TS:14.172 SPD:19.900 HDG:-0.400 PX:303.000 PY:-40.000 LAN:4 BRK:0 RX_X:0.000 RX_Y:0.000 RX_Z:0.000
[ZONE-ROUTE] CID:8 zone=1 edge_port=9998
[EDGE-RTT] CID:8 wall=0.9 ms  sim_delay=5.0 ms
>>> [UAV->CLOUD] BLK:a248|TX:7.0.0.12|CID:8|TS:14.172|SPD:19.9|HDG:-0.4|PX:303.0|PY:-40.0...
[PASSIVE-BEACON] SIMNOW:14.186 CID:7 ZONE:1 RXUAV:1 EDGEPORT:9998 TS:14.172 SPD:19.900 HDG:0.200 PX:303.500 PY:-30.000 LAN:3 BRK:1 RX_X:0.000 RX_Y:0.000 RX_Z:0.000
[ZONE-ROUTE] CID:7 zone=1 edge_port=9998
[EDGE-RTT] CID:7 wall=3.7 ms  sim_delay=5.0 ms
>>> [UAV->CLOUD] BLK:30e9|TX:7.0.0.11|CID:7|TS:14.172|SPD:19.9|HDG:0.2|PX:303.5|PY:-30.0|...
✓ [CAR 8] ACT=OK REP=0.944 RWD=1.000 PNL=0.000 CREDIT=23
✓ [CAR 7] ACT=OK REP=0.919 RWD=1.000 PNL=0.000 CREDIT=24
[PASSIVE-BEACON] SIMNOW:14.204 CID:3 ZONE:1 RXUAV:1 EDGEPORT:9998 TS:14.190 SPD:20.400 HDG:-1.600 PX:283.800 PY:-40.000 LAN:4 BRK:0 RX_X:0.000 RX_Y:0.000 RX_Z:0.000
[ZONE-ROUTE] CID:3 zone=1 edge_port=9998
[EDGE-RTT] CID:3 wall=1.3 ms  sim_delay=5.0 ms
>>> [UAV->CLOUD] BLK:656f|TX:7.0.0.7|CID:3|TS:14.190|SPD:20.4|HDG:-1.6|PX:283.8|PY:-40.0|...
✓ [CAR 3] ACT=OK REP=0.889 RWD=1.000 PNL=0.000 CREDIT=23
[PASSIVE-BEACON] SIMNOW:14.374 CID:2 ZONE:1 RXUAV:1 EDGEPORT:9998 TS:14.360 SPD:20.300 HDG:0.000 PX:287.800 PY:-30.000 LAN:3 BRK:0 RX_X:0.000 RX_Y:0.000 RX_Z:0.000
[ZONE-ROUTE] CID:2 zone=1 edge_port=9998
[EDGE-RTT] CID:2 wall=1.1 ms  sim_delay=5.0 ms
>>> [UAV->CLOUD] BLK:b1e4|TX:7.0.0.6|CID:2|TS:14.360|SPD:20.3|HDG:0.0|PX:287.8|PY:-30.0|L...
✓ [CAR 2] ACT=OK REP=0.997 RWD=1.000 PNL=0.000 CREDIT=23
[PASSIVE-BEACON] SIMNOW:14.496 CID:6 ZONE:1 RXUAV:1 EDGEPORT:9998 TS:14.482 SPD:24.800 HDG:-1.400 PX:312.400 PY:-20.000 LAN:2 BRK:0 RX_X:0.000 RX_Y:0.000 RX_Z:0.000
[ZONE-ROUTE] CID:6 zone=1 edge_port=9998
[EDGE-RTT] CID:6 wall=1.1 ms  sim_delay=5.0 ms
>>> [UAV->CLOUD] BLK:86a2|TX:7.0.0.10|CID:6|TS:14.482|SPD:24.8|HDG:-1.4|PX:312.4|PY:-20.0...
[ECON-CLAWBACK] CID:6 ACT=WARN prior_payoff=5.2 extra_penalty=3.8 new_payoff=1.2
[FORGIVENESS] CID:6 WARN #2 — streak reset, benefits revoked
⚠ [CAR 6] ACT=WARN REP=0.917 RWD=0.000 PNL=3.932 CREDIT=-2
[PASSIVE-BEACON] SIMNOW:14.514 CID:0 ZONE:1 RXUAV:1 EDGEPORT:9998 TS:14.500 SPD:24.500 HDG:-1.700 PX:302.400 PY:-10.000 LAN:1 BRK:0 RX_X:0.000 RX_Y:0.000 RX_Z:0.000
[ZONE-ROUTE] CID:0 zone=1 edge_port=9998
[EDGE-RTT] CID:0 wall=1.0 ms  sim_delay=10.0 ms
>>> [UAV->CLOUD] BLK:966c|TX:7.0.0.4|CID:0|TS:14.500|SPD:24.5|HDG:-1.7|PX:302.4|PY:-10.0|...
[ECON-CLAWBACK] CID:0 ACT=WARN prior_payoff=-5.2 extra_penalty=2.2 new_payoff=-7.6
[FORGIVENESS] CID:0 WARN #6 — streak reset, benefits revoked
⚠ [CAR 0] ACT=WARN REP=0.829 RWD=0.000 PNL=2.349 CREDIT=-2
[PASSIVE-BEACON] SIMNOW:14.606 CID:5 ZONE:1 RXUAV:1 EDGEPORT:9998 TS:14.592 SPD:24.900 HDG:1.700 PX:325.500 PY:-10.000 LAN:1 BRK:0 RX_X:0.000 RX_Y:0.000 RX_Z:0.000
[ZONE-ROUTE] CID:5 zone=1 edge_port=9998
[EDGE-RTT] CID:5 wall=0.9 ms  sim_delay=10.0 ms
>>> [UAV->CLOUD] BLK:df54|TX:7.0.0.9|CID:5|TS:14.592|SPD:24.9|HDG:1.7|PX:325.5|PY:-10.0|L...
[ECON-CLAWBACK] CID:5 ACT=WARN prior_payoff=-5.2 extra_penalty=2.2 new_payoff=-7.6
[FORGIVENESS] CID:5 WARN #6 — streak reset, benefits revoked
⚠ [CAR 5] ACT=WARN REP=0.969 RWD=0.000 PNL=2.351 CREDIT=-2
[PASSIVE-BEACON] SIMNOW:14.644 CID:1 ZONE:1 RXUAV:1 EDGEPORT:9998 TS:14.630 SPD:25.300 HDG:-0.500 PX:295.600 PY:-20.000 LAN:2 BRK:0 RX_X:0.000 RX_Y:0.000 RX_Z:0.000
[ZONE-ROUTE] CID:1 zone=1 edge_port=9998
[EDGE-RTT] CID:1 wall=1.0 ms  sim_delay=5.0 ms
>>> [UAV->CLOUD] BLK:c001|TX:7.0.0.5|CID:1|TS:14.630|SPD:25.3|HDG:-0.5|PX:295.6|PY:-20.0|...
[PASSIVE-BEACON] SIMNOW:14.654 CID:4 ZONE:1 RXUAV:1 EDGEPORT:9998 TS:14.640 SPD:19.600 HDG:-1.400 PX:293.200 PY:-50.000 LAN:5 BRK:0 RX_X:0.000 RX_Y:0.000 RX_Z:0.000
[ZONE-ROUTE] CID:4 zone=1 edge_port=9998
[EDGE-RTT] CID:4 wall=0.9 ms  sim_delay=5.0 ms
>>> [UAV->CLOUD] BLK:8260|TX:7.0.0.8|CID:4|TS:14.640|SPD:19.6|HDG:-1.4|PX:293.2|PY:-50.0|...
[ECON-CLAWBACK] CID:1 ACT=WARN prior_payoff=5.4 extra_penalty=4.0 new_payoff=1.4
[FORGIVENESS] CID:1 WARN #2 — streak reset, benefits revoked
⚠ [CAR 1] ACT=WARN REP=0.698 RWD=0.000 PNL=4.059 CREDIT=-2
✓ [CAR 4] ACT=OK REP=0.885 RWD=1.000 PNL=0.000 CREDIT=24
[PASSIVE-BEACON] SIMNOW:14.686 CID:8 ZONE:1 RXUAV:1 EDGEPORT:9998 TS:14.672 SPD:19.800 HDG:0.500 PX:313.000 PY:-40.000 LAN:4 BRK:0 RX_X:0.000 RX_Y:0.000 RX_Z:0.000
[ZONE-ROUTE] CID:8 zone=1 edge_port=9998
[EDGE-RTT] CID:8 wall=1.1 ms  sim_delay=5.0 ms
>>> [UAV->CLOUD] BLK:3323|TX:7.0.0.12|CID:8|TS:14.672|SPD:19.8|HDG:0.5|PX:313.0|PY:-40.0|...
[PASSIVE-BEACON] SIMNOW:14.686 CID:7 ZONE:1 RXUAV:1 EDGEPORT:9998 TS:14.672 SPD:19.800 HDG:-1.400 PX:313.400 PY:-30.000 LAN:3 BRK:0 RX_X:0.000 RX_Y:0.000 RX_Z:0.000
[ZONE-ROUTE] CID:7 zone=1 edge_port=9998
[EDGE-RTT] CID:7 wall=2.8 ms  sim_delay=5.0 ms
>>> [UAV->CLOUD] BLK:fe6f|TX:7.0.0.11|CID:7|TS:14.672|SPD:19.8|HDG:-1.4|PX:313.4|PY:-30.0...
✓ [CAR 8] ACT=OK REP=1.000 RWD=1.000 PNL=0.000 CREDIT=24
✓ [CAR 7] ACT=OK REP=0.795 RWD=1.000 PNL=0.000 CREDIT=25
[PASSIVE-BEACON] SIMNOW:14.704 CID:3 ZONE:1 RXUAV:1 EDGEPORT:9998 TS:14.690 SPD:19.900 HDG:-0.300 PX:293.200 PY:-40.000 LAN:4 BRK:0 RX_X:0.000 RX_Y:0.000 RX_Z:0.000
[ZONE-ROUTE] CID:3 zone=1 edge_port=9998
[EDGE-RTT] CID:3 wall=0.7 ms  sim_delay=5.0 ms
>>> [UAV->CLOUD] BLK:e3df|TX:7.0.0.7|CID:3|TS:14.690|SPD:19.9|HDG:-0.3|PX:293.2|PY:-40.0|...
✓ [CAR 3] ACT=OK REP=0.818 RWD=1.000 PNL=0.000 CREDIT=24
[PASSIVE-BEACON] SIMNOW:14.874 CID:2 ZONE:1 RXUAV:1 EDGEPORT:9998 TS:14.860 SPD:20.300 HDG:0.500 PX:297.100 PY:-30.000 LAN:3 BRK:1 RX_X:0.000 RX_Y:0.000 RX_Z:0.000
[ZONE-ROUTE] CID:2 zone=1 edge_port=9998
[EDGE-RTT] CID:2 wall=0.9 ms  sim_delay=5.0 ms
>>> [UAV->CLOUD] BLK:d11e|TX:7.0.0.6|CID:2|TS:14.860|SPD:20.3|HDG:0.5|PX:297.1|PY:-30.0|L...
✓ [CAR 2] ACT=OK REP=0.604 RWD=1.000 PNL=0.000 CREDIT=24
[PASSIVE-BEACON] SIMNOW:14.996 CID:6 ZONE:1 RXUAV:1 EDGEPORT:9998 TS:14.982 SPD:24.700 HDG:-1.000 PX:325.400 PY:-20.000 LAN:2 BRK:0 RX_X:0.000 RX_Y:0.000 RX_Z:0.000
[ZONE-ROUTE] CID:6 zone=1 edge_port=9998
[EDGE-RTT] CID:6 wall=1.0 ms  sim_delay=5.0 ms
>>> [UAV->CLOUD] BLK:1961|TX:7.0.0.10|CID:6|TS:14.982|SPD:24.7|HDG:-1.0|PX:325.4|PY:-20.0...
[ECON-CLAWBACK] CID:6 ACT=WARN prior_payoff=1.2 extra_penalty=2.1 new_payoff=-1.0
[FORGIVENESS] CID:6 WARN #3 — streak reset, benefits revoked
⚠ [CAR 6] ACT=WARN REP=0.779 RWD=0.000 PNL=2.217 CREDIT=-2
[PASSIVE-BEACON] SIMNOW:15.014 CID:0 ZONE:1 RXUAV:1 EDGEPORT:9998 TS:15.000 SPD:25.300 HDG:1.500 PX:315.800 PY:-10.000 LAN:1 BRK:1 RX_X:0.000 RX_Y:0.000 RX_Z:0.000
[ZONE-ROUTE] CID:0 zone=1 edge_port=9998
[EDGE-RTT] CID:0 wall=1.1 ms  sim_delay=10.0 ms
>>> [UAV->CLOUD] BLK:fa21|TX:7.0.0.4|CID:0|TS:15.000|SPD:25.3|HDG:1.5|PX:315.8|PY:-10.0|L...
[ECON-CLAWBACK] CID:0 ACT=WARN prior_payoff=-7.6 extra_penalty=2.5 new_payoff=-10.2
[FORGIVENESS] CID:0 WARN #7 — streak reset, benefits revoked
⚠ [CAR 0] ACT=WARN REP=0.682 RWD=0.000 PNL=2.602 CREDIT=-2
[PASSIVE-BEACON] SIMNOW:15.104 CID:5 ZONE:1 RXUAV:1 EDGEPORT:9998 TS:15.092 SPD:25.100 HDG:0.100 PX:338.200 PY:-10.000 LAN:1 BRK:0 RX_X:0.000 RX_Y:0.000 RX_Z:0.000
[ZONE-ROUTE] CID:5 zone=1 edge_port=9998
[EDGE-RTT] CID:5 wall=0.9 ms  sim_delay=10.0 ms
>>> [UAV->CLOUD] BLK:2520|TX:7.0.0.9|CID:5|TS:15.092|SPD:25.1|HDG:0.1|PX:338.2|PY:-10.0|L...
[ECON-CLAWBACK] CID:5 ACT=WARN prior_payoff=-7.6 extra_penalty=2.5 new_payoff=-10.2
[FORGIVENESS] CID:5 WARN #7 — streak reset, benefits revoked
⚠ [CAR 5] ACT=WARN REP=0.692 RWD=0.000 PNL=2.602 CREDIT=-2
[PASSIVE-BEACON] SIMNOW:15.144 CID:1 ZONE:1 RXUAV:1 EDGEPORT:9998 TS:15.130 SPD:25.300 HDG:-0.200 PX:309.300 PY:-20.000 LAN:2 BRK:1 RX_X:0.000 RX_Y:0.000 RX_Z:0.000
[ZONE-ROUTE] CID:1 zone=1 edge_port=9998
[EDGE-RTT] CID:1 wall=1.1 ms  sim_delay=5.0 ms
>>> [UAV->CLOUD] BLK:3cce|TX:7.0.0.5|CID:1|TS:15.130|SPD:25.3|HDG:-0.2|PX:309.3|PY:-20.0|...
[PASSIVE-BEACON] SIMNOW:15.154 CID:4 ZONE:1 RXUAV:1 EDGEPORT:9998 TS:15.140 SPD:19.800 HDG:-0.800 PX:302.400 PY:-50.000 LAN:5 BRK:0 RX_X:0.000 RX_Y:0.000 RX_Z:0.000
[ZONE-ROUTE] CID:4 zone=1 edge_port=9998
[EDGE-RTT] CID:4 wall=0.7 ms  sim_delay=5.0 ms
>>> [UAV->CLOUD] BLK:8a30|TX:7.0.0.8|CID:4|TS:15.140|SPD:19.8|HDG:-0.8|PX:302.4|PY:-50.0|...
[ECON-CLAWBACK] CID:1 ACT=WARN prior_payoff=1.4 extra_penalty=2.2 new_payoff=-0.9
[FORGIVENESS] CID:1 WARN #3 — streak reset, benefits revoked
⚠ [CAR 1] ACT=WARN REP=0.842 RWD=0.000 PNL=2.282 CREDIT=-2
✓ [CAR 4] ACT=OK REP=0.706 RWD=1.000 PNL=0.000 CREDIT=25
[PASSIVE-BEACON] SIMNOW:15.186 CID:8 ZONE:1 RXUAV:1 EDGEPORT:9998 TS:15.172 SPD:20.100 HDG:-0.300 PX:323.900 PY:-40.000 LAN:4 BRK:0 RX_X:0.000 RX_Y:0.000 RX_Z:0.000
[ZONE-ROUTE] CID:8 zone=1 edge_port=9998
[EDGE-RTT] CID:8 wall=0.9 ms  sim_delay=5.0 ms
>>> [UAV->CLOUD] BLK:ff03|TX:7.0.0.12|CID:8|TS:15.172|SPD:20.1|HDG:-0.3|PX:323.9|PY:-40.0...
[PASSIVE-BEACON] SIMNOW:15.186 CID:7 ZONE:1 RXUAV:1 EDGEPORT:9998 TS:15.172 SPD:19.500 HDG:-0.800 PX:323.400 PY:-30.000 LAN:3 BRK:0 RX_X:0.000 RX_Y:0.000 RX_Z:0.000
[ZONE-ROUTE] CID:7 zone=1 edge_port=9998
[EDGE-RTT] CID:7 wall=2.4 ms  sim_delay=5.0 ms
>>> [UAV->CLOUD] BLK:f0b1|TX:7.0.0.11|CID:7|TS:15.172|SPD:19.5|HDG:-0.8|PX:323.4|PY:-30.0...
✓ [CAR 8] ACT=OK REP=0.920 RWD=1.000 PNL=0.000 CREDIT=25
✓ [CAR 7] ACT=OK REP=1.000 RWD=1.000 PNL=0.000 CREDIT=26
[PASSIVE-BEACON] SIMNOW:15.204 CID:3 ZONE:1 RXUAV:1 EDGEPORT:9998 TS:15.190 SPD:20.300 HDG:1.200 PX:303.900 PY:-40.000 LAN:4 BRK:0 RX_X:0.000 RX_Y:0.000 RX_Z:0.000
[ZONE-ROUTE] CID:3 zone=1 edge_port=9998
[EDGE-RTT] CID:3 wall=0.8 ms  sim_delay=5.0 ms
>>> [UAV->CLOUD] BLK:cf82|TX:7.0.0.7|CID:3|TS:15.190|SPD:20.3|HDG:1.2|PX:303.9|PY:-40.0|L...
✓ [CAR 3] ACT=OK REP=0.911 RWD=1.000 PNL=0.000 CREDIT=25
[PASSIVE-BEACON] SIMNOW:15.373 CID:2 ZONE:1 RXUAV:1 EDGEPORT:9998 TS:15.360 SPD:19.800 HDG:0.800 PX:307.200 PY:-30.000 LAN:3 BRK:1 RX_X:0.000 RX_Y:0.000 RX_Z:0.000
[ZONE-ROUTE] CID:2 zone=1 edge_port=9998
[EDGE-RTT] CID:2 wall=1.2 ms  sim_delay=5.0 ms
>>> [UAV->CLOUD] BLK:ffce|TX:7.0.0.6|CID:2|TS:15.360|SPD:19.8|HDG:0.8|PX:307.2|PY:-30.0|L...
✓ [CAR 2] ACT=OK REP=0.774 RWD=1.000 PNL=0.000 CREDIT=25
[PASSIVE-BEACON] SIMNOW:15.496 CID:6 ZONE:1 RXUAV:1 EDGEPORT:9998 TS:15.482 SPD:24.600 HDG:0.900 PX:337.100 PY:-20.000 LAN:2 BRK:0 RX_X:0.000 RX_Y:0.000 RX_Z:0.000
[ZONE-ROUTE] CID:6 zone=1 edge_port=9998
[EDGE-RTT] CID:6 wall=0.7 ms  sim_delay=5.0 ms
>>> [UAV->CLOUD] BLK:3bb4|TX:7.0.0.10|CID:6|TS:15.482|SPD:24.6|HDG:0.9|PX:337.1|PY:-20.0|...
[ECON-CLAWBACK] CID:6 ACT=WARN prior_payoff=-1.0 extra_penalty=1.8 new_payoff=-2.8
[FORGIVENESS] CID:6 WARN #4 — streak reset, benefits revoked
⚠ [CAR 6] ACT=WARN REP=0.691 RWD=0.000 PNL=1.848 CREDIT=-2
[PASSIVE-BEACON] SIMNOW:15.514 CID:0 ZONE:1 RXUAV:1 EDGEPORT:9998 TS:15.500 SPD:24.600 HDG:-1.900 PX:327.400 PY:-10.000 LAN:1 BRK:0 RX_X:0.000 RX_Y:0.000 RX_Z:0.000
[ZONE-ROUTE] CID:0 zone=1 edge_port=9998
[EDGE-RTT] CID:0 wall=0.7 ms  sim_delay=10.0 ms
>>> [UAV->CLOUD] BLK:c790|TX:7.0.0.4|CID:0|TS:15.500|SPD:24.6|HDG:-1.9|PX:327.4|PY:-10.0|...
[ECON-CLAWBACK] CID:0 ACT=WARN prior_payoff=-10.2 extra_penalty=2.8 new_payoff=-13.0
[FORGIVENESS] CID:0 WARN #8 — streak reset, benefits revoked
⚠ [CAR 0] ACT=WARN REP=0.706 RWD=0.000 PNL=2.850 CREDIT=-2
[PASSIVE-BEACON] SIMNOW:15.606 CID:5 ZONE:1 RXUAV:1 EDGEPORT:9998 TS:15.592 SPD:24.800 HDG:-0.600 PX:350.800 PY:-10.000 LAN:1 BRK:0 RX_X:0.000 RX_Y:0.000 RX_Z:0.000
[ZONE-ROUTE] CID:5 zone=1 edge_port=9998
[EDGE-RTT] CID:5 wall=0.8 ms  sim_delay=10.0 ms
>>> [UAV->CLOUD] BLK:ab4a|TX:7.0.0.9|CID:5|TS:15.592|SPD:24.8|HDG:-0.6|PX:350.8|PY:-10.0|...
[ECON-CLAWBACK] CID:5 ACT=WARN prior_payoff=-10.2 extra_penalty=2.8 new_payoff=-13.0
[FORGIVENESS] CID:5 WARN #8 — streak reset, benefits revoked
⚠ [CAR 5] ACT=WARN REP=0.811 RWD=0.000 PNL=2.851 CREDIT=-2
[PASSIVE-BEACON] SIMNOW:15.642 CID:1 ZONE:1 RXUAV:1 EDGEPORT:9998 TS:15.630 SPD:24.600 HDG:-0.300 PX:321.700 PY:-20.000 LAN:2 BRK:0 RX_X:0.000 RX_Y:0.000 RX_Z:0.000
[ZONE-ROUTE] CID:1 zone=1 edge_port=9998
[EDGE-RTT] CID:1 wall=1.0 ms  sim_delay=5.0 ms
>>> [UAV->CLOUD] BLK:f3d0|TX:7.0.0.5|CID:1|TS:15.630|SPD:24.6|HDG:-0.3|PX:321.7|PY:-20.0|...
[PASSIVE-BEACON] SIMNOW:15.654 CID:4 ZONE:1 RXUAV:1 EDGEPORT:9998 TS:15.640 SPD:19.500 HDG:-1.600 PX:313.300 PY:-50.000 LAN:5 BRK:0 RX_X:0.000 RX_Y:0.000 RX_Z:0.000
[ZONE-ROUTE] CID:4 zone=1 edge_port=9998
[EDGE-RTT] CID:4 wall=0.9 ms  sim_delay=5.0 ms
>>> [UAV->CLOUD] BLK:2215|TX:7.0.0.8|CID:4|TS:15.640|SPD:19.5|HDG:-1.6|PX:313.3|PY:-50.0|...
[ECON-CLAWBACK] CID:1 ACT=WARN prior_payoff=-0.9 extra_penalty=1.8 new_payoff=-2.8
[FORGIVENESS] CID:1 WARN #4 — streak reset, benefits revoked
⚠ [CAR 1] ACT=WARN REP=0.920 RWD=0.000 PNL=1.848 CREDIT=-2
✓ [CAR 4] ACT=OK REP=0.935 RWD=1.000 PNL=0.000 CREDIT=26
[PASSIVE-BEACON] SIMNOW:15.686 CID:8 ZONE:1 RXUAV:1 EDGEPORT:9998 TS:15.672 SPD:20.100 HDG:-1.300 PX:333.700 PY:-40.000 LAN:4 BRK:0 RX_X:0.000 RX_Y:0.000 RX_Z:0.000
[ZONE-ROUTE] CID:8 zone=1 edge_port=9998
[EDGE-RTT] CID:8 wall=0.9 ms  sim_delay=5.0 ms
>>> [UAV->CLOUD] BLK:b08d|TX:7.0.0.12|CID:8|TS:15.672|SPD:20.1|HDG:-1.3|PX:333.7|PY:-40.0...
[PASSIVE-BEACON] SIMNOW:15.686 CID:7 ZONE:1 RXUAV:1 EDGEPORT:9998 TS:15.672 SPD:19.900 HDG:1.900 PX:332.900 PY:-30.000 LAN:3 BRK:0 RX_X:0.000 RX_Y:0.000 RX_Z:0.000
[ZONE-ROUTE] CID:7 zone=1 edge_port=9998
[EDGE-RTT] CID:7 wall=1.6 ms  sim_delay=5.0 ms
>>> [UAV->CLOUD] BLK:b7d4|TX:7.0.0.11|CID:7|TS:15.672|SPD:19.9|HDG:1.9|PX:332.9|PY:-30.0|...
✓ [CAR 7] ACT=OK REP=0.829 RWD=1.000 PNL=0.000 CREDIT=27
✓ [CAR 8] ACT=OK REP=1.000 RWD=1.000 PNL=0.000 CREDIT=26
[PASSIVE-BEACON] SIMNOW:15.704 CID:3 ZONE:1 RXUAV:1 EDGEPORT:9998 TS:15.690 SPD:19.800 HDG:-1.000 PX:313.100 PY:-40.000 LAN:4 BRK:1 RX_X:0.000 RX_Y:0.000 RX_Z:0.000
[ZONE-ROUTE] CID:3 zone=1 edge_port=9998
[EDGE-RTT] CID:3 wall=0.6 ms  sim_delay=5.0 ms
>>> [UAV->CLOUD] BLK:6c3e|TX:7.0.0.7|CID:3|TS:15.690|SPD:19.8|HDG:-1.0|PX:313.1|PY:-40.0|...
✓ [CAR 3] ACT=OK REP=1.000 RWD=1.000 PNL=0.000 CREDIT=26
[PASSIVE-BEACON] SIMNOW:15.874 CID:2 ZONE:1 RXUAV:1 EDGEPORT:9998 TS:15.860 SPD:20.100 HDG:-1.600 PX:317.000 PY:-30.000 LAN:3 BRK:1 RX_X:0.000 RX_Y:0.000 RX_Z:0.000
[ZONE-ROUTE] CID:2 zone=1 edge_port=9998
[EDGE-RTT] CID:2 wall=1.2 ms  sim_delay=5.0 ms
>>> [UAV->CLOUD] BLK:ccc4|TX:7.0.0.6|CID:2|TS:15.860|SPD:20.1|HDG:-1.6|PX:317.0|PY:-30.0|...
✓ [CAR 2] ACT=OK REP=0.937 RWD=1.000 PNL=0.000 CREDIT=26
[PASSIVE-BEACON] SIMNOW:15.996 CID:6 ZONE:1 RXUAV:1 EDGEPORT:9998 TS:15.982 SPD:25.000 HDG:-1.500 PX:350.000 PY:-20.000 LAN:2 BRK:0 RX_X:0.000 RX_Y:0.000 RX_Z:0.000
[ZONE-ROUTE] CID:6 zone=1 edge_port=9998
[EDGE-RTT] CID:6 wall=1.3 ms  sim_delay=5.0 ms
>>> [UAV->CLOUD] BLK:aad0|TX:7.0.0.10|CID:6|TS:15.982|SPD:25.0|HDG:-1.5|PX:350.0|PY:-20.0...
[ECON-CLAWBACK] CID:6 ACT=WARN prior_payoff=-2.8 extra_penalty=2.0 new_payoff=-4.9
[FORGIVENESS] CID:6 WARN #5 — streak reset, benefits revoked
⚠ [CAR 6] ACT=WARN REP=0.704 RWD=0.000 PNL=2.101 CREDIT=-2
[PASSIVE-BEACON] SIMNOW:16.014 CID:0 ZONE:1 RXUAV:1 EDGEPORT:9998 TS:16.000 SPD:25.000 HDG:0.600 PX:340.700 PY:-10.000 LAN:1 BRK:0 RX_X:0.000 RX_Y:0.000 RX_Z:0.000
[ZONE-ROUTE] CID:0 zone=1 edge_port=9998
[EDGE-RTT] CID:0 wall=1.2 ms  sim_delay=10.0 ms
>>> [UAV->CLOUD] BLK:80eb|TX:7.0.0.4|CID:0|TS:16.000|SPD:25.0|HDG:0.6|PX:340.7|PY:-10.0|L...
[ECON-CLAWBACK] CID:0 ACT=WARN prior_payoff=-13.0 extra_penalty=3.0 new_payoff=-16.1
[FORGIVENESS] CID:0 WARN #9 — streak reset, benefits revoked
⚠ [CAR 0] ACT=WARN REP=0.721 RWD=0.000 PNL=3.101 CREDIT=-2
[PASSIVE-BEACON] SIMNOW:16.106 CID:5 ZONE:1 RXUAV:1 EDGEPORT:9998 TS:16.092 SPD:24.600 HDG:-0.200 PX:363.400 PY:-10.000 LAN:1 BRK:0 RX_X:0.000 RX_Y:0.000 RX_Z:0.000
[ZONE-ROUTE] CID:5 zone=1 edge_port=9998
[EDGE-RTT] CID:5 wall=1.2 ms  sim_delay=10.0 ms
>>> [UAV->CLOUD] BLK:d9a4|TX:7.0.0.9|CID:5|TS:16.092|SPD:24.6|HDG:-0.2|PX:363.4|PY:-10.0|...
[ECON-CLAWBACK] CID:5 ACT=WARN prior_payoff=-13.0 extra_penalty=3.0 new_payoff=-16.1
[FORGIVENESS] CID:5 WARN #9 — streak reset, benefits revoked
⚠ [CAR 5] ACT=WARN REP=0.807 RWD=0.000 PNL=3.100 CREDIT=-2
[PASSIVE-BEACON] SIMNOW:16.144 CID:1 ZONE:1 RXUAV:1 EDGEPORT:9998 TS:16.130 SPD:24.500 HDG:1.200 PX:334.300 PY:-20.000 LAN:2 BRK:1 RX_X:0.000 RX_Y:0.000 RX_Z:0.000
[ZONE-ROUTE] CID:1 zone=1 edge_port=9998
[EDGE-RTT] CID:1 wall=1.3 ms  sim_delay=5.0 ms
>>> [UAV->CLOUD] BLK:e754|TX:7.0.0.5|CID:1|TS:16.130|SPD:24.5|HDG:1.2|PX:334.3|PY:-20.0|L...
[PASSIVE-BEACON] SIMNOW:16.154 CID:4 ZONE:1 RXUAV:1 EDGEPORT:9998 TS:16.140 SPD:19.700 HDG:-0.800 PX:322.400 PY:-50.000 LAN:5 BRK:0 RX_X:0.000 RX_Y:0.000 RX_Z:0.000
[ZONE-ROUTE] CID:4 zone=1 edge_port=9998
[EDGE-RTT] CID:4 wall=1.2 ms  sim_delay=5.0 ms
>>> [UAV->CLOUD] BLK:268a|TX:7.0.0.8|CID:4|TS:16.140|SPD:19.7|HDG:-0.8|PX:322.4|PY:-50.0|...
[ECON-CLAWBACK] CID:1 ACT=WARN prior_payoff=-2.8 extra_penalty=2.0 new_payoff=-4.9
[FORGIVENESS] CID:1 WARN #5 — streak reset, benefits revoked
⚠ [CAR 1] ACT=WARN REP=0.817 RWD=0.000 PNL=2.099 CREDIT=-2
✓ [CAR 4] ACT=OK REP=0.778 RWD=1.000 PNL=0.000 CREDIT=27
[PASSIVE-BEACON] SIMNOW:16.186 CID:8 ZONE:1 RXUAV:1 EDGEPORT:9998 TS:16.172 SPD:20.200 HDG:-1.300 PX:343.500 PY:-40.000 LAN:4 BRK:0 RX_X:0.000 RX_Y:0.000 RX_Z:0.000
[ZONE-ROUTE] CID:8 zone=1 edge_port=9998
[EDGE-RTT] CID:8 wall=1.3 ms  sim_delay=5.0 ms
>>> [UAV->CLOUD] BLK:5187|TX:7.0.0.12|CID:8|TS:16.172|SPD:20.2|HDG:-1.3|PX:343.5|PY:-40.0...
[PASSIVE-BEACON] SIMNOW:16.186 CID:7 ZONE:1 RXUAV:1 EDGEPORT:9998 TS:16.172 SPD:25.400 HDG:-1.100 PX:344.300 PY:-30.000 LAN:3 BRK:0 RX_X:0.000 RX_Y:0.000 RX_Z:0.000
[ZONE-ROUTE] CID:7 zone=1 edge_port=9998
[EDGE-RTT] CID:7 wall=2.2 ms  sim_delay=5.0 ms
>>> [UAV->CLOUD] BLK:0c77|TX:7.0.0.11|CID:7|TS:16.172|SPD:25.4|HDG:-1.1|PX:344.3|PY:-30.0...
✓ [CAR 8] ACT=OK REP=0.882 RWD=1.000 PNL=0.000 CREDIT=27
[ECON-CLAWBACK] CID:7 ACT=WARN prior_payoff=30.996 extra_penalty=24.247 new_payoff=6.672
[TRUST-REVOKED] CID:7 benefits revoked logically; lane=3 speed=20.000 latency=10.000ms
[FORGIVENESS] CID:7 WARN #1 — streak reset, benefits revoked
⚠ [CAR 7] ACT=WARN REP=0.908 RWD=0.000 PNL=24.324 CREDIT=26
[PASSIVE-BEACON] SIMNOW:16.202 CID:3 ZONE:1 RXUAV:1 EDGEPORT:9998 TS:16.190 SPD:19.700 HDG:1.700 PX:323.900 PY:-40.000 LAN:4 BRK:0 RX_X:0.000 RX_Y:0.000 RX_Z:0.000
[ZONE-ROUTE] CID:3 zone=1 edge_port=9998
[EDGE-RTT] CID:3 wall=1.6 ms  sim_delay=5.0 ms
>>> [UAV->CLOUD] BLK:09a3|TX:7.0.0.7|CID:3|TS:16.190|SPD:19.7|HDG:1.7|PX:323.9|PY:-40.0|L...
✓ [CAR 3] ACT=OK REP=1.000 RWD=1.000 PNL=0.000 CREDIT=27
[PASSIVE-BEACON] SIMNOW:16.374 CID:2 ZONE:1 RXUAV:1 EDGEPORT:9998 TS:16.360 SPD:24.600 HDG:1.000 PX:329.600 PY:-30.000 LAN:3 BRK:0 RX_X:0.000 RX_Y:0.000 RX_Z:0.000
[ZONE-ROUTE] CID:2 zone=1 edge_port=9998
[EDGE-RTT] CID:2 wall=1.3 ms  sim_delay=5.0 ms
>>> [UAV->CLOUD] BLK:6b8a|TX:7.0.0.6|CID:2|TS:16.360|SPD:24.6|HDG:1.0|PX:329.6|PY:-30.0|L...
✓ [CAR 2] ACT=OK REP=0.892 RWD=0.851 PNL=0.000 CREDIT=27
[PASSIVE-BEACON] SIMNOW:16.496 CID:6 ZONE:1 RXUAV:1 EDGEPORT:9998 TS:16.482 SPD:25.300 HDG:0.500 PX:363.300 PY:-20.000 LAN:2 BRK:0 RX_X:0.000 RX_Y:0.000 RX_Z:0.000
[ZONE-ROUTE] CID:6 zone=1 edge_port=9998
[EDGE-RTT] CID:6 wall=1.3 ms  sim_delay=5.0 ms
>>> [UAV->CLOUD] BLK:ccb6|TX:7.0.0.10|CID:6|TS:16.482|SPD:25.3|HDG:0.5|PX:363.3|PY:-20.0|...
[ECON-CLAWBACK] CID:6 ACT=WARN prior_payoff=-4.9 extra_penalty=2.2 new_payoff=-7.3
[FORGIVENESS] CID:6 WARN #6 — streak reset, benefits revoked
⚠ [CAR 6] ACT=WARN REP=0.584 RWD=0.000 PNL=2.352 CREDIT=-2
[PASSIVE-BEACON] SIMNOW:16.514 CID:0 ZONE:1 RXUAV:1 EDGEPORT:9998 TS:16.500 SPD:24.900 HDG:1.200 PX:353.000 PY:-10.000 LAN:1 BRK:0 RX_X:0.000 RX_Y:0.000 RX_Z:0.000
[ZONE-ROUTE] CID:0 zone=1 edge_port=9998
[EDGE-RTT] CID:0 wall=1.2 ms  sim_delay=10.0 ms
>>> [UAV->CLOUD] BLK:f30a|TX:7.0.0.4|CID:0|TS:16.500|SPD:24.9|HDG:1.2|PX:353.0|PY:-10.0|L...
[ECON-CLAWBACK] CID:0 ACT=WARN prior_payoff=-16.1 extra_penalty=3.2 new_payoff=-19.5
[FORGIVENESS] CID:0 WARN #10 — streak reset, benefits revoked
⚠ [CAR 0] ACT=WARN REP=0.585 RWD=0.000 PNL=3.351 CREDIT=-2
[PASSIVE-BEACON] SIMNOW:16.605 CID:5 ZONE:1 RXUAV:1 EDGEPORT:9998 TS:16.592 SPD:24.800 HDG:-1.200 PX:375.200 PY:-10.000 LAN:1 BRK:0 RX_X:0.000 RX_Y:0.000 RX_Z:0.000
[ZONE-ROUTE] CID:5 zone=1 edge_port=9998
[EDGE-RTT] CID:5 wall=1.4 ms  sim_delay=10.0 ms
>>> [UAV->CLOUD] BLK:4a13|TX:7.0.0.9|CID:5|TS:16.592|SPD:24.8|HDG:-1.2|PX:375.2|PY:-10.0|...
[ECON-CLAWBACK] CID:5 ACT=WARN prior_payoff=-16.1 extra_penalty=3.2 new_payoff=-19.5
[FORGIVENESS] CID:5 WARN #10 — streak reset, benefits revoked
⚠ [CAR 5] ACT=WARN REP=0.808 RWD=0.000 PNL=3.350 CREDIT=-2
[PASSIVE-BEACON] SIMNOW:16.644 CID:1 ZONE:1 RXUAV:1 EDGEPORT:9998 TS:16.630 SPD:25.400 HDG:-1.900 PX:346.600 PY:-20.000 LAN:2 BRK:0 RX_X:0.000 RX_Y:0.000 RX_Z:0.000
[ZONE-ROUTE] CID:1 zone=1 edge_port=9998
[EDGE-RTT] CID:1 wall=1.4 ms  sim_delay=5.0 ms
>>> [UAV->CLOUD] BLK:8e25|TX:7.0.0.5|CID:1|TS:16.630|SPD:25.4|HDG:-1.9|PX:346.6|PY:-20.0|...
[PASSIVE-BEACON] SIMNOW:16.654 CID:4 ZONE:1 RXUAV:1 EDGEPORT:9998 TS:16.640 SPD:20.500 HDG:-0.200 PX:332.500 PY:-50.000 LAN:5 BRK:0 RX_X:0.000 RX_Y:0.000 RX_Z:0.000
[ZONE-ROUTE] CID:4 zone=1 edge_port=9998
[EDGE-RTT] CID:4 wall=0.9 ms  sim_delay=5.0 ms
>>> [UAV->CLOUD] BLK:f8fd|TX:7.0.0.8|CID:4|TS:16.640|SPD:20.5|HDG:-0.2|PX:332.5|PY:-50.0|...
[ECON-CLAWBACK] CID:1 ACT=WARN prior_payoff=-4.9 extra_penalty=2.2 new_payoff=-7.2
[FORGIVENESS] CID:1 WARN #6 — streak reset, benefits revoked
⚠ [CAR 1] ACT=WARN REP=0.647 RWD=0.000 PNL=2.352 CREDIT=-2
✓ [CAR 4] ACT=OK REP=0.875 RWD=1.000 PNL=0.000 CREDIT=28
[PASSIVE-BEACON] SIMNOW:16.686 CID:8 ZONE:1 RXUAV:1 EDGEPORT:9998 TS:16.672 SPD:19.800 HDG:0.500 PX:354.000 PY:-40.000 LAN:4 BRK:0 RX_X:0.000 RX_Y:0.000 RX_Z:0.000
[ZONE-ROUTE] CID:8 zone=1 edge_port=9998
[EDGE-RTT] CID:8 wall=1.3 ms  sim_delay=5.0 ms
>>> [UAV->CLOUD] BLK:3f1e|TX:7.0.0.12|CID:8|TS:16.672|SPD:19.8|HDG:0.5|PX:354.0|PY:-40.0|...
[PASSIVE-BEACON] SIMNOW:16.686 CID:7 ZONE:1 RXUAV:1 EDGEPORT:9998 TS:16.672 SPD:24.800 HDG:-1.900 PX:357.500 PY:-30.000 LAN:3 BRK:0 RX_X:0.000 RX_Y:0.000 RX_Z:0.000
[ZONE-ROUTE] CID:7 zone=1 edge_port=9998
[EDGE-RTT] CID:7 wall=2.7 ms  sim_delay=5.0 ms
>>> [UAV->CLOUD] BLK:c647|TX:7.0.0.11|CID:7|TS:16.672|SPD:24.8|HDG:-1.9|PX:357.5|PY:-30.0...
✓ [CAR 8] ACT=OK REP=0.841 RWD=1.000 PNL=0.000 CREDIT=28
[ECON-CLAWBACK] CID:7 ACT=WARN prior_payoff=6.672 extra_penalty=4.586 new_payoff=1.991
[FORGIVENESS] CID:7 WARN #2 — streak reset, benefits revoked
⚠ [CAR 7] ACT=WARN REP=1.000 RWD=0.000 PNL=4.681 CREDIT=-2
[PASSIVE-BEACON] SIMNOW:16.704 CID:3 ZONE:1 RXUAV:1 EDGEPORT:9998 TS:16.690 SPD:20.200 HDG:-0.600 PX:333.300 PY:-40.000 LAN:4 BRK:0 RX_X:0.000 RX_Y:0.000 RX_Z:0.000
[ZONE-ROUTE] CID:3 zone=1 edge_port=9998
[EDGE-RTT] CID:3 wall=1.3 ms  sim_delay=5.0 ms
>>> [UAV->CLOUD] BLK:603b|TX:7.0.0.7|CID:3|TS:16.690|SPD:20.2|HDG:-0.6|PX:333.3|PY:-40.0|...
✓ [CAR 3] ACT=OK REP=0.589 RWD=1.000 PNL=0.000 CREDIT=28
[PASSIVE-BEACON] SIMNOW:16.874 CID:2 ZONE:1 RXUAV:1 EDGEPORT:9998 TS:16.860 SPD:25.300 HDG:0.600 PX:342.400 PY:-30.000 LAN:3 BRK:0 RX_X:0.000 RX_Y:0.000 RX_Z:0.000
[ZONE-ROUTE] CID:2 zone=1 edge_port=9998
[EDGE-RTT] CID:2 wall=1.1 ms  sim_delay=5.0 ms
>>> [UAV->CLOUD] BLK:0c82|TX:7.0.0.6|CID:2|TS:16.860|SPD:25.3|HDG:0.6|PX:342.4|PY:-30.0|L...
[ECON-CLAWBACK] CID:2 ACT=WARN prior_payoff=30.8 extra_penalty=24.1 new_payoff=6.6
[TRUST-REVOKED] CID:2 benefits revoked logically; lane=3 speed=20.0 latency=10.0ms
[FORGIVENESS] CID:2 WARN #1 — streak reset, benefits revoked
⚠ [CAR 2] ACT=WARN REP=0.804 RWD=0.000 PNL=24.214 CREDIT=26
[PASSIVE-BEACON] SIMNOW:16.996 CID:6 ZONE:1 RXUAV:1 EDGEPORT:9998 TS:16.982 SPD:25.100 HDG:1.100 PX:374.700 PY:-20.000 LAN:2 BRK:0 RX_X:0.000 RX_Y:0.000 RX_Z:0.000
[ZONE-ROUTE] CID:6 zone=1 edge_port=9998
[EDGE-RTT] CID:6 wall=1.2 ms  sim_delay=5.0 ms
>>> [UAV->CLOUD] BLK:b149|TX:7.0.0.10|CID:6|TS:16.982|SPD:25.1|HDG:1.1|PX:374.7|PY:-20.0|...
[ECON-CLAWBACK] CID:6 ACT=WARN prior_payoff=-7.3 extra_penalty=2.5 new_payoff=-9.9
[FORGIVENESS] CID:6 WARN #7 — streak reset, benefits revoked
⚠ [CAR 6] ACT=WARN REP=0.852 RWD=0.000 PNL=2.602 CREDIT=-2
[PASSIVE-BEACON] SIMNOW:17.014 CID:0 ZONE:1 RXUAV:1 EDGEPORT:9998 TS:17.000 SPD:24.900 HDG:0.200 PX:365.400 PY:-10.000 LAN:1 BRK:0 RX_X:0.000 RX_Y:0.000 RX_Z:0.000
[ZONE-ROUTE] CID:0 zone=1 edge_port=9998
[EDGE-RTT] CID:0 wall=1.3 ms  sim_delay=10.0 ms
>>> [UAV->CLOUD] BLK:a659|TX:7.0.0.4|CID:0|TS:17.000|SPD:24.9|HDG:0.2|PX:365.4|PY:-10.0|L...
[ECON-CLAWBACK] CID:0 ACT=WARN prior_payoff=-19.5 extra_penalty=3.5 new_payoff=-23.1
[FORGIVENESS] CID:0 WARN #11 — streak reset, benefits revoked
⚠ [CAR 0] ACT=WARN REP=0.596 RWD=0.000 PNL=3.601 CREDIT=-2
[PASSIVE-BEACON] SIMNOW:17.106 CID:5 ZONE:1 RXUAV:1 EDGEPORT:9998 TS:17.092 SPD:25.300 HDG:1.400 PX:387.900 PY:-10.000 LAN:1 BRK:0 RX_X:0.000 RX_Y:0.000 RX_Z:0.000
[ZONE-ROUTE] CID:5 zone=1 edge_port=9998
[EDGE-RTT] CID:5 wall=1.3 ms  sim_delay=10.0 ms
>>> [UAV->CLOUD] BLK:cc79|TX:7.0.0.9|CID:5|TS:17.092|SPD:25.3|HDG:1.4|PX:387.9|PY:-10.0|L...
[ECON-CLAWBACK] CID:5 ACT=WARN prior_payoff=-19.5 extra_penalty=3.5 new_payoff=-23.1
[FORGIVENESS] CID:5 WARN #11 — streak reset, benefits revoked
⚠ [CAR 5] ACT=WARN REP=0.609 RWD=0.000 PNL=3.602 CREDIT=-2
[PASSIVE-BEACON] SIMNOW:17.143 CID:1 ZONE:1 RXUAV:1 EDGEPORT:9998 TS:17.130 SPD:25.200 HDG:1.500 PX:359.100 PY:-20.000 LAN:2 BRK:0 RX_X:0.000 RX_Y:0.000 RX_Z:0.000
[ZONE-ROUTE] CID:1 zone=1 edge_port=9998
[EDGE-RTT] CID:1 wall=1.6 ms  sim_delay=5.0 ms
>>> [UAV->CLOUD] BLK:bb6d|TX:7.0.0.5|CID:1|TS:17.130|SPD:25.2|HDG:1.5|PX:359.1|PY:-20.0|L...
[PASSIVE-BEACON] SIMNOW:17.154 CID:4 ZONE:1 RXUAV:1 EDGEPORT:9998 TS:17.140 SPD:19.800 HDG:0.500 PX:342.200 PY:-50.000 LAN:5 BRK:0 RX_X:0.000 RX_Y:0.000 RX_Z:0.000
[ZONE-ROUTE] CID:4 zone=1 edge_port=9998
[EDGE-RTT] CID:4 wall=1.0 ms  sim_delay=5.0 ms
>>> [UAV->CLOUD] BLK:8919|TX:7.0.0.8|CID:4|TS:17.140|SPD:19.8|HDG:0.5|PX:342.2|PY:-50.0|L...
[ECON-CLAWBACK] CID:1 ACT=WARN prior_payoff=-7.2 extra_penalty=2.5 new_payoff=-9.8
[FORGIVENESS] CID:1 WARN #7 — streak reset, benefits revoked
⚠ [CAR 1] ACT=WARN REP=0.690 RWD=0.000 PNL=2.602 CREDIT=-2
✓ [CAR 4] ACT=OK REP=1.000 RWD=1.000 PNL=0.000 CREDIT=29
[PASSIVE-BEACON] SIMNOW:17.186 CID:8 ZONE:1 RXUAV:1 EDGEPORT:9998 TS:17.172 SPD:20.300 HDG:-0.100 PX:363.100 PY:-40.000 LAN:4 BRK:1 RX_X:0.000 RX_Y:0.000 RX_Z:0.000
[ZONE-ROUTE] CID:8 zone=1 edge_port=9998
[EDGE-RTT] CID:8 wall=1.3 ms  sim_delay=5.0 ms
>>> [UAV->CLOUD] BLK:fc67|TX:7.0.0.12|CID:8|TS:17.172|SPD:20.3|HDG:-0.1|PX:363.1|PY:-40.0...
[PASSIVE-BEACON] SIMNOW:17.186 CID:7 ZONE:1 RXUAV:1 EDGEPORT:9998 TS:17.172 SPD:24.800 HDG:0.600 PX:369.800 PY:-30.000 LAN:3 BRK:0 RX_X:0.000 RX_Y:0.000 RX_Z:0.000
[ZONE-ROUTE] CID:7 zone=1 edge_port=9998
[EDGE-RTT] CID:7 wall=2.5 ms  sim_delay=5.0 ms
>>> [UAV->CLOUD] BLK:b154|TX:7.0.0.11|CID:7|TS:17.172|SPD:24.8|HDG:0.6|PX:369.8|PY:-30.0|...
✓ [CAR 8] ACT=OK REP=1.000 RWD=1.000 PNL=0.000 CREDIT=29
[ECON-CLAWBACK] CID:7 ACT=WARN prior_payoff=1.991 extra_penalty=2.496 new_payoff=-0.600
[FORGIVENESS] CID:7 WARN #3 — streak reset, benefits revoked
⚠ [CAR 7] ACT=WARN REP=0.864 RWD=0.000 PNL=2.592 CREDIT=-2
[PASSIVE-BEACON] SIMNOW:17.204 CID:3 ZONE:1 RXUAV:1 EDGEPORT:9998 TS:17.190 SPD:20.500 HDG:-0.800 PX:343.500 PY:-40.000 LAN:4 BRK:1 RX_X:0.000 RX_Y:0.000 RX_Z:0.000
[ZONE-ROUTE] CID:3 zone=1 edge_port=9998
[EDGE-RTT] CID:3 wall=1.7 ms  sim_delay=5.0 ms
>>> [UAV->CLOUD] BLK:d680|TX:7.0.0.7|CID:3|TS:17.190|SPD:20.5|HDG:-0.8|PX:343.5|PY:-40.0|...
✓ [CAR 3] ACT=OK REP=0.874 RWD=1.000 PNL=0.000 CREDIT=29
[PASSIVE-BEACON] SIMNOW:17.374 CID:2 ZONE:1 RXUAV:1 EDGEPORT:9998 TS:17.360 SPD:25.200 HDG:1.900 PX:355.100 PY:-30.000 LAN:3 BRK:1 RX_X:0.000 RX_Y:0.000 RX_Z:0.000
[ZONE-ROUTE] CID:2 zone=1 edge_port=9998
[EDGE-RTT] CID:2 wall=1.1 ms  sim_delay=5.0 ms
>>> [UAV->CLOUD] BLK:2b79|TX:7.0.0.6|CID:2|TS:17.360|SPD:25.2|HDG:1.9|PX:355.1|PY:-30.0|L...
[ECON-CLAWBACK] CID:2 ACT=WARN prior_payoff=6.6 extra_penalty=4.6 new_payoff=2.0
[FORGIVENESS] CID:2 WARN #2 — streak reset, benefits revoked
⚠ [CAR 2] ACT=WARN REP=1.000 RWD=0.000 PNL=4.664 CREDIT=-2
[PASSIVE-BEACON] SIMNOW:17.496 CID:6 ZONE:1 RXUAV:1 EDGEPORT:9998 TS:17.482 SPD:24.500 HDG:0.700 PX:388.100 PY:-20.000 LAN:2 BRK:0 RX_X:0.000 RX_Y:0.000 RX_Z:0.000
[ZONE-ROUTE] CID:6 zone=1 edge_port=9998
[EDGE-RTT] CID:6 wall=1.3 ms  sim_delay=5.0 ms
>>> [UAV->CLOUD] BLK:2827|TX:7.0.0.10|CID:6|TS:17.482|SPD:24.5|HDG:0.7|PX:388.1|PY:-20.0|...
[ECON-CLAWBACK] CID:6 ACT=WARN prior_payoff=-9.9 extra_penalty=2.8 new_payoff=-12.7
[FORGIVENESS] CID:6 WARN #8 — streak reset, benefits revoked
⚠ [CAR 6] ACT=WARN REP=0.758 RWD=0.000 PNL=2.849 CREDIT=-2
[PASSIVE-BEACON] SIMNOW:17.514 CID:0 ZONE:1 RXUAV:1 EDGEPORT:9998 TS:17.500 SPD:24.600 HDG:-0.800 PX:377.500 PY:-10.000 LAN:1 BRK:1 RX_X:0.000 RX_Y:0.000 RX_Z:0.000
[ZONE-ROUTE] CID:0 zone=1 edge_port=9998
[EDGE-RTT] CID:0 wall=1.3 ms  sim_delay=10.0 ms
>>> [UAV->CLOUD] BLK:137e|TX:7.0.0.4|CID:0|TS:17.500|SPD:24.6|HDG:-0.8|PX:377.5|PY:-10.0|...
[ECON-CLAWBACK] CID:0 ACT=WARN prior_payoff=-23.1 extra_penalty=3.8 new_payoff=-26.9
[FORGIVENESS] CID:0 WARN #12 — streak reset, benefits revoked
⚠ [CAR 0] ACT=WARN REP=0.589 RWD=0.000 PNL=3.849 CREDIT=-2
[PASSIVE-BEACON] SIMNOW:17.606 CID:5 ZONE:1 RXUAV:1 EDGEPORT:9998 TS:17.592 SPD:25.400 HDG:-1.500 PX:400.500 PY:-10.000 LAN:1 BRK:0 RX_X:0.000 RX_Y:0.000 RX_Z:0.000
[ZONE-ROUTE] CID:5 zone=1 edge_port=9998
[EDGE-RTT] CID:5 wall=1.2 ms  sim_delay=10.0 ms
>>> [UAV->CLOUD] BLK:5689|TX:7.0.0.9|CID:5|TS:17.592|SPD:25.4|HDG:-1.5|PX:400.5|PY:-10.0|...
[ECON-CLAWBACK] CID:5 ACT=WARN prior_payoff=-23.1 extra_penalty=3.8 new_payoff=-26.9
[FORGIVENESS] CID:5 WARN #12 — streak reset, benefits revoked
⚠ [CAR 5] ACT=WARN REP=0.489 RWD=0.000 PNL=3.852 CREDIT=-2
[PASSIVE-BEACON] SIMNOW:17.644 CID:1 ZONE:1 RXUAV:1 EDGEPORT:9998 TS:17.630 SPD:24.500 HDG:-0.200 PX:371.500 PY:-20.000 LAN:2 BRK:0 RX_X:0.000 RX_Y:0.000 RX_Z:0.000
[ZONE-ROUTE] CID:1 zone=1 edge_port=9998
[EDGE-RTT] CID:1 wall=1.2 ms  sim_delay=5.0 ms
>>> [UAV->CLOUD] BLK:7c0d|TX:7.0.0.5|CID:1|TS:17.630|SPD:24.5|HDG:-0.2|PX:371.5|PY:-20.0|...
[PASSIVE-BEACON] SIMNOW:17.654 CID:4 ZONE:1 RXUAV:1 EDGEPORT:9998 TS:17.640 SPD:19.800 HDG:-0.800 PX:352.600 PY:-50.000 LAN:5 BRK:1 RX_X:0.000 RX_Y:0.000 RX_Z:0.000
[ZONE-ROUTE] CID:4 zone=1 edge_port=9998
[EDGE-RTT] CID:4 wall=1.0 ms  sim_delay=5.0 ms
>>> [UAV->CLOUD] BLK:6e5f|TX:7.0.0.8|CID:4|TS:17.640|SPD:19.8|HDG:-0.8|PX:352.6|PY:-50.0|...
[ECON-CLAWBACK] CID:1 ACT=WARN prior_payoff=-9.8 extra_penalty=2.8 new_payoff=-12.7
[FORGIVENESS] CID:1 WARN #8 — streak reset, benefits revoked
⚠ [CAR 1] ACT=WARN REP=0.946 RWD=0.000 PNL=2.849 CREDIT=-2
✓ [CAR 4] ACT=OK REP=0.614 RWD=1.000 PNL=0.000 CREDIT=30
[PASSIVE-BEACON] SIMNOW:17.686 CID:8 ZONE:1 RXUAV:1 EDGEPORT:9998 TS:17.672 SPD:20.100 HDG:1.300 PX:373.900 PY:-40.000 LAN:4 BRK:1 RX_X:0.000 RX_Y:0.000 RX_Z:0.000
[ZONE-ROUTE] CID:8 zone=1 edge_port=9998
[EDGE-RTT] CID:8 wall=1.1 ms  sim_delay=5.0 ms
>>> [UAV->CLOUD] BLK:3c33|TX:7.0.0.12|CID:8|TS:17.672|SPD:20.1|HDG:1.3|PX:373.9|PY:-40.0|...
[PASSIVE-BEACON] SIMNOW:17.686 CID:7 ZONE:1 RXUAV:1 EDGEPORT:9998 TS:17.672 SPD:25.400 HDG:-0.500 PX:382.800 PY:-30.000 LAN:3 BRK:0 RX_X:0.000 RX_Y:0.000 RX_Z:0.000
[ZONE-ROUTE] CID:7 zone=1 edge_port=9998
[EDGE-RTT] CID:7 wall=2.1 ms  sim_delay=5.0 ms
>>> [UAV->CLOUD] BLK:e063|TX:7.0.0.11|CID:7|TS:17.672|SPD:25.4|HDG:-0.5|PX:382.8|PY:-30.0...
✓ [CAR 8] ACT=OK REP=0.859 RWD=1.000 PNL=0.000 CREDIT=30
[ECON-CLAWBACK] CID:7 ACT=WARN prior_payoff=-0.600 extra_penalty=1.750 new_payoff=-2.451
[FORGIVENESS] CID:7 WARN #4 — streak reset, benefits revoked
⚠ [CAR 7] ACT=WARN REP=0.721 RWD=0.000 PNL=1.851 CREDIT=-2
[PASSIVE-BEACON] SIMNOW:17.703 CID:3 ZONE:1 RXUAV:1 EDGEPORT:9998 TS:17.690 SPD:20.400 HDG:-2.000 PX:354.300 PY:-40.000 LAN:4 BRK:1 RX_X:0.000 RX_Y:0.000 RX_Z:0.000
[ZONE-ROUTE] CID:3 zone=1 edge_port=9998
[EDGE-RTT] CID:3 wall=1.0 ms  sim_delay=5.0 ms
>>> [UAV->CLOUD] BLK:8359|TX:7.0.0.7|CID:3|TS:17.690|SPD:20.4|HDG:-2.0|PX:354.3|PY:-40.0|...
✓ [CAR 3] ACT=OK REP=0.938 RWD=1.000 PNL=0.000 CREDIT=30
[PASSIVE-BEACON] SIMNOW:17.874 CID:2 ZONE:1 RXUAV:1 EDGEPORT:9998 TS:17.860 SPD:25.300 HDG:-0.500 PX:367.300 PY:-30.000 LAN:3 BRK:1 RX_X:0.000 RX_Y:0.000 RX_Z:0.000
[ZONE-ROUTE] CID:2 zone=1 edge_port=9998
[EDGE-RTT] CID:2 wall=1.1 ms  sim_delay=5.0 ms
>>> [UAV->CLOUD] BLK:c2fd|TX:7.0.0.6|CID:2|TS:17.860|SPD:25.3|HDG:-0.5|PX:367.3|PY:-30.0|...
[ECON-CLAWBACK] CID:2 ACT=WARN prior_payoff=2.0 extra_penalty=2.5 new_payoff=-0.6
[FORGIVENESS] CID:2 WARN #3 — streak reset, benefits revoked
⚠ [CAR 2] ACT=WARN REP=0.828 RWD=0.000 PNL=2.585 CREDIT=-2
[PASSIVE-BEACON] SIMNOW:17.994 CID:6 ZONE:1 RXUAV:1 EDGEPORT:9998 TS:17.982 SPD:25.300 HDG:1.800 PX:399.900 PY:-20.000 LAN:2 BRK:1 RX_X:0.000 RX_Y:0.000 RX_Z:0.000
[ZONE-ROUTE] CID:6 zone=1 edge_port=9998
[EDGE-RTT] CID:6 wall=1.2 ms  sim_delay=5.0 ms
>>> [UAV->CLOUD] BLK:1694|TX:7.0.0.10|CID:6|TS:17.982|SPD:25.3|HDG:1.8|PX:399.9|PY:-20.0|...
[ECON-CLAWBACK] CID:6 ACT=WARN prior_payoff=-12.7 extra_penalty=3.0 new_payoff=-15.8
[FORGIVENESS] CID:6 WARN #9 — streak reset, benefits revoked
⚠ [CAR 6] ACT=WARN REP=0.429 RWD=0.000 PNL=3.102 CREDIT=-2
[PASSIVE-BEACON] SIMNOW:18.014 CID:0 ZONE:1 RXUAV:1 EDGEPORT:9998 TS:18.000 SPD:24.800 HDG:1.000 PX:391.100 PY:-10.000 LAN:1 BRK:0 RX_X:0.000 RX_Y:0.000 RX_Z:0.000
[ZONE-ROUTE] CID:0 zone=1 edge_port=9998
[EDGE-RTT] CID:0 wall=1.1 ms  sim_delay=10.0 ms
>>> [UAV->CLOUD] BLK:d75d|TX:7.0.0.4|CID:0|TS:18.000|SPD:24.8|HDG:1.0|PX:391.1|PY:-10.0|L...
[ECON-CLAWBACK] CID:0 ACT=WARN prior_payoff=-26.9 extra_penalty=4.0 new_payoff=-31.0
[FORGIVENESS] CID:0 WARN #13 — streak reset, benefits revoked
⚠ [CAR 0] ACT=WARN REP=0.438 RWD=0.000 PNL=4.100 CREDIT=-2
[PASSIVE-BEACON] SIMNOW:18.106 CID:5 ZONE:1 RXUAV:1 EDGEPORT:9998 TS:18.092 SPD:24.900 HDG:-0.100 PX:412.300 PY:-10.000 LAN:1 BRK:0 RX_X:0.000 RX_Y:0.000 RX_Z:0.000
[ZONE-ROUTE] CID:5 zone=1 edge_port=9998
[EDGE-RTT] CID:5 wall=1.2 ms  sim_delay=10.0 ms
>>> [UAV->CLOUD] BLK:b0ae|TX:7.0.0.9|CID:5|TS:18.092|SPD:24.9|HDG:-0.1|PX:412.3|PY:-10.0|...
[ECON-CLAWBACK] CID:5 ACT=WARN prior_payoff=-26.9 extra_penalty=4.0 new_payoff=-31.0
[FORGIVENESS] CID:5 WARN #13 — streak reset, benefits revoked
⚠ [CAR 5] ACT=WARN REP=0.674 RWD=0.000 PNL=4.101 CREDIT=-2
[PASSIVE-BEACON] SIMNOW:18.144 CID:1 ZONE:1 RXUAV:1 EDGEPORT:9998 TS:18.130 SPD:25.000 HDG:1.800 PX:384.600 PY:-20.000 LAN:2 BRK:1 RX_X:0.000 RX_Y:0.000 RX_Z:0.000
[ZONE-ROUTE] CID:1 zone=1 edge_port=9998
[EDGE-RTT] CID:1 wall=1.2 ms  sim_delay=5.0 ms
>>> [UAV->CLOUD] BLK:3ebe|TX:7.0.0.5|CID:1|TS:18.130|SPD:25.0|HDG:1.8|PX:384.6|PY:-20.0|L...
[PASSIVE-BEACON] SIMNOW:18.154 CID:4 ZONE:1 RXUAV:1 EDGEPORT:9998 TS:18.140 SPD:19.900 HDG:0.100 PX:363.500 PY:-50.000 LAN:5 BRK:1 RX_X:0.000 RX_Y:0.000 RX_Z:0.000
[ZONE-ROUTE] CID:4 zone=1 edge_port=9998
[EDGE-RTT] CID:4 wall=0.9 ms  sim_delay=5.0 ms
>>> [UAV->CLOUD] BLK:ab58|TX:7.0.0.8|CID:4|TS:18.140|SPD:19.9|HDG:0.1|PX:363.5|PY:-50.0|L...
[ECON-CLAWBACK] CID:1 ACT=WARN prior_payoff=-12.7 extra_penalty=3.0 new_payoff=-15.8
[FORGIVENESS] CID:1 WARN #9 — streak reset, benefits revoked
⚠ [CAR 1] ACT=WARN REP=0.999 RWD=0.000 PNL=3.101 CREDIT=-2
✓ [CAR 4] ACT=OK REP=1.000 RWD=1.000 PNL=0.000 CREDIT=31
[PASSIVE-BEACON] SIMNOW:18.186 CID:8 ZONE:1 RXUAV:1 EDGEPORT:9998 TS:18.172 SPD:25.100 HDG:-0.900 PX:385.600 PY:-40.000 LAN:4 BRK:0 RX_X:0.000 RX_Y:0.000 RX_Z:0.000
[ZONE-ROUTE] CID:8 zone=1 edge_port=9998
[EDGE-RTT] CID:8 wall=1.0 ms  sim_delay=5.0 ms
>>> [UAV->CLOUD] BLK:a4cf|TX:7.0.0.12|CID:8|TS:18.172|SPD:25.1|HDG:-0.9|PX:385.6|PY:-40.0...
[PASSIVE-BEACON] SIMNOW:18.186 CID:7 ZONE:1 RXUAV:1 EDGEPORT:9998 TS:18.172 SPD:25.100 HDG:1.500 PX:394.800 PY:-30.000 LAN:3 BRK:0 RX_X:0.000 RX_Y:0.000 RX_Z:0.000
[ZONE-ROUTE] CID:7 zone=1 edge_port=9998
[EDGE-RTT] CID:7 wall=2.7 ms  sim_delay=5.0 ms
>>> [UAV->CLOUD] BLK:60d2|TX:7.0.0.11|CID:7|TS:18.172|SPD:25.1|HDG:1.5|PX:394.8|PY:-30.0|...
[ECON-CLAWBACK] CID:8 ACT=WARN prior_payoff=34.0 extra_penalty=26.5 new_payoff=7.4
[TRUST-REVOKED] CID:8 benefits revoked logically; lane=4 speed=20.0 latency=10.0ms
[FORGIVENESS] CID:8 WARN #1 — streak reset, benefits revoked
⚠ [CAR 8] ACT=WARN REP=0.856 RWD=0.000 PNL=26.571 CREDIT=29
[ECON-CLAWBACK] CID:7 ACT=WARN prior_payoff=-2.451 extra_penalty=2.000 new_payoff=-4.553
[FORGIVENESS] CID:7 WARN #5 — streak reset, benefits revoked
⚠ [CAR 7] ACT=WARN REP=0.790 RWD=0.000 PNL=2.102 CREDIT=-2
[PASSIVE-BEACON] SIMNOW:18.204 CID:3 ZONE:1 RXUAV:1 EDGEPORT:9998 TS:18.190 SPD:25.100 HDG:-0.100 PX:364.900 PY:-40.000 LAN:4 BRK:0 RX_X:0.000 RX_Y:0.000 RX_Z:0.000
[ZONE-ROUTE] CID:3 zone=1 edge_port=9998
[EDGE-RTT] CID:3 wall=1.0 ms  sim_delay=5.0 ms
>>> [UAV->CLOUD] BLK:9c96|TX:7.0.0.7|CID:3|TS:18.190|SPD:25.1|HDG:-0.1|PX:364.9|PY:-40.0|...
[ECON-CLAWBACK] CID:3 ACT=WARN prior_payoff=34.0 extra_penalty=26.5 new_payoff=7.4
[TRUST-REVOKED] CID:3 benefits revoked logically; lane=4 speed=20.0 latency=10.0ms
[FORGIVENESS] CID:3 WARN #1 — streak reset, benefits revoked
⚠ [CAR 3] ACT=WARN REP=0.814 RWD=0.000 PNL=26.573 CREDIT=29
[PASSIVE-BEACON] SIMNOW:18.374 CID:2 ZONE:1 RXUAV:1 EDGEPORT:9998 TS:18.360 SPD:24.600 HDG:-0.200 PX:379.300 PY:-30.000 LAN:3 BRK:0 RX_X:0.000 RX_Y:0.000 RX_Z:0.000
[ZONE-ROUTE] CID:2 zone=1 edge_port=9998
[EDGE-RTT] CID:2 wall=1.2 ms  sim_delay=5.0 ms
>>> [UAV->CLOUD] BLK:81bd|TX:7.0.0.6|CID:2|TS:18.360|SPD:24.6|HDG:-0.2|PX:379.3|PY:-30.0|...
[ECON-CLAWBACK] CID:2 ACT=WARN prior_payoff=-0.6 extra_penalty=1.8 new_payoff=-2.5
[FORGIVENESS] CID:2 WARN #4 — streak reset, benefits revoked
⚠ [CAR 2] ACT=WARN REP=0.787 RWD=0.000 PNL=1.850 CREDIT=-2
[PASSIVE-BEACON] SIMNOW:18.496 CID:6 ZONE:1 RXUAV:1 EDGEPORT:9998 TS:18.482 SPD:24.900 HDG:1.100 PX:412.900 PY:-20.000 LAN:2 BRK:0 RX_X:0.000 RX_Y:0.000 RX_Z:0.000
[ZONE-ROUTE] CID:6 zone=1 edge_port=9998
[EDGE-RTT] CID:6 wall=1.0 ms  sim_delay=5.0 ms
>>> [UAV->CLOUD] BLK:285f|TX:7.0.0.10|CID:6|TS:18.482|SPD:24.9|HDG:1.1|PX:412.9|PY:-20.0|...
[ECON-CLAWBACK] CID:6 ACT=WARN prior_payoff=-15.8 extra_penalty=3.2 new_payoff=-19.2
[FORGIVENESS] CID:6 WARN #10 — streak reset, benefits revoked
⚠ [CAR 6] ACT=WARN REP=0.609 RWD=0.000 PNL=3.351 CREDIT=-2
[PASSIVE-BEACON] SIMNOW:18.514 CID:0 ZONE:1 RXUAV:1 EDGEPORT:9998 TS:18.500 SPD:25.400 HDG:0.700 PX:403.500 PY:-10.000 LAN:1 BRK:0 RX_X:0.000 RX_Y:0.000 RX_Z:0.000
[ZONE-ROUTE] CID:0 zone=1 edge_port=9998
[EDGE-RTT] CID:0 wall=1.0 ms  sim_delay=10.0 ms
>>> [UAV->CLOUD] BLK:bb30|TX:7.0.0.4|CID:0|TS:18.500|SPD:25.4|HDG:0.7|PX:403.5|PY:-10.0|L...
[ECON-CLAWBACK] CID:0 ACT=WARN prior_payoff=-31.0 extra_penalty=4.2 new_payoff=-35.4
[FORGIVENESS] CID:0 WARN #14 — streak reset, benefits revoked
⚠ [CAR 0] ACT=WARN REP=0.599 RWD=0.000 PNL=4.352 CREDIT=-2
[PASSIVE-BEACON] SIMNOW:18.606 CID:5 ZONE:1 RXUAV:1 EDGEPORT:9998 TS:18.592 SPD:24.700 HDG:-1.500 PX:424.800 PY:-10.000 LAN:1 BRK:0 RX_X:0.000 RX_Y:0.000 RX_Z:0.000
[ZONE-ROUTE] CID:5 zone=1 edge_port=9998
[EDGE-RTT] CID:5 wall=1.3 ms  sim_delay=10.0 ms
>>> [UAV->CLOUD] BLK:2906|TX:7.0.0.9|CID:5|TS:18.592|SPD:24.7|HDG:-1.5|PX:424.8|PY:-10.0|...
[ECON-CLAWBACK] CID:5 ACT=WARN prior_payoff=-31.0 extra_penalty=4.2 new_payoff=-35.4
[FORGIVENESS] CID:5 WARN #14 — streak reset, benefits revoked
⚠ [CAR 5] ACT=WARN REP=0.375 RWD=0.000 PNL=4.350 CREDIT=-2
[PASSIVE-BEACON] SIMNOW:18.643 CID:1 ZONE:1 RXUAV:1 EDGEPORT:9998 TS:18.630 SPD:25.400 HDG:1.000 PX:396.100 PY:-20.000 LAN:2 BRK:1 RX_X:0.000 RX_Y:0.000 RX_Z:0.000
[ZONE-ROUTE] CID:1 zone=1 edge_port=9998
[EDGE-RTT] CID:1 wall=1.2 ms  sim_delay=5.0 ms
>>> [UAV->CLOUD] BLK:37d4|TX:7.0.0.5|CID:1|TS:18.630|SPD:25.4|HDG:1.0|PX:396.1|PY:-20.0|L...
[PASSIVE-BEACON] SIMNOW:18.654 CID:4 ZONE:1 RXUAV:1 EDGEPORT:9998 TS:18.640 SPD:20.300 HDG:0.600 PX:372.500 PY:-50.000 LAN:5 BRK:0 RX_X:0.000 RX_Y:0.000 RX_Z:0.000
[ZONE-ROUTE] CID:4 zone=1 edge_port=9998
[EDGE-RTT] CID:4 wall=1.0 ms  sim_delay=5.0 ms
>>> [UAV->CLOUD] BLK:918e|TX:7.0.0.8|CID:4|TS:18.640|SPD:20.3|HDG:0.6|PX:372.5|PY:-50.0|L...
[ECON-CLAWBACK] CID:1 ACT=WARN prior_payoff=-15.8 extra_penalty=3.2 new_payoff=-19.1
[FORGIVENESS] CID:1 WARN #10 — streak reset, benefits revoked
⚠ [CAR 1] ACT=WARN REP=0.599 RWD=0.000 PNL=3.352 CREDIT=-2
✓ [CAR 4] ACT=OK REP=0.826 RWD=1.000 PNL=0.000 CREDIT=32
[PASSIVE-BEACON] SIMNOW:18.686 CID:8 ZONE:1 RXUAV:1 EDGEPORT:9998 TS:18.672 SPD:24.600 HDG:2.000 PX:397.400 PY:-40.000 LAN:4 BRK:0 RX_X:0.000 RX_Y:0.000 RX_Z:0.000
[ZONE-ROUTE] CID:8 zone=1 edge_port=9998
[EDGE-RTT] CID:8 wall=1.1 ms  sim_delay=5.0 ms
>>> [UAV->CLOUD] BLK:6037|TX:7.0.0.12|CID:8|TS:18.672|SPD:24.6|HDG:2.0|PX:397.4|PY:-40.0|...
[PASSIVE-BEACON] SIMNOW:18.686 CID:7 ZONE:1 RXUAV:1 EDGEPORT:9998 TS:18.672 SPD:25.000 HDG:-0.900 PX:408.100 PY:-30.000 LAN:3 BRK:0 RX_X:0.000 RX_Y:0.000 RX_Z:0.000
[ZONE-ROUTE] CID:7 zone=1 edge_port=9998
[EDGE-RTT] CID:7 wall=2.4 ms  sim_delay=5.0 ms
>>> [UAV->CLOUD] BLK:3dab|TX:7.0.0.11|CID:7|TS:18.672|SPD:25.0|HDG:-0.9|PX:408.1|PY:-30.0...
[ECON-CLAWBACK] CID:8 ACT=WARN prior_payoff=7.4 extra_penalty=5.0 new_payoff=2.4
[FORGIVENESS] CID:8 WARN #2 — streak reset, benefits revoked
⚠ [CAR 8] ACT=WARN REP=0.790 RWD=0.000 PNL=5.054 CREDIT=-2
[ECON-CLAWBACK] CID:7 ACT=WARN prior_payoff=-4.553 extra_penalty=2.250 new_payoff=-6.904
[FORGIVENESS] CID:7 WARN #6 — streak reset, benefits revoked
⚠ [CAR 7] ACT=WARN REP=1.000 RWD=0.000 PNL=2.351 CREDIT=-2
[PASSIVE-BEACON] SIMNOW:18.704 CID:3 ZONE:1 RXUAV:1 EDGEPORT:9998 TS:18.690 SPD:25.400 HDG:-1.200 PX:377.200 PY:-40.000 LAN:4 BRK:1 RX_X:0.000 RX_Y:0.000 RX_Z:0.000
[ZONE-ROUTE] CID:3 zone=1 edge_port=9998
[EDGE-RTT] CID:3 wall=1.0 ms  sim_delay=5.0 ms
>>> [UAV->CLOUD] BLK:b824|TX:7.0.0.7|CID:3|TS:18.690|SPD:25.4|HDG:-1.2|PX:377.2|PY:-40.0|...
[ECON-CLAWBACK] CID:3 ACT=WARN prior_payoff=7.4 extra_penalty=5.0 new_payoff=2.4
[FORGIVENESS] CID:3 WARN #2 — streak reset, benefits revoked
⚠ [CAR 3] ACT=WARN REP=0.791 RWD=0.000 PNL=5.059 CREDIT=-2
[PASSIVE-BEACON] SIMNOW:18.874 CID:2 ZONE:1 RXUAV:1 EDGEPORT:9998 TS:18.860 SPD:25.100 HDG:0.500 PX:392.100 PY:-30.000 LAN:3 BRK:0 RX_X:0.000 RX_Y:0.000 RX_Z:0.000
[ZONE-ROUTE] CID:2 zone=1 edge_port=9998
[EDGE-RTT] CID:2 wall=1.4 ms  sim_delay=5.0 ms
>>> [UAV->CLOUD] BLK:7ad1|TX:7.0.0.6|CID:2|TS:18.860|SPD:25.1|HDG:0.5|PX:392.1|PY:-30.0|L...
[ECON-CLAWBACK] CID:2 ACT=WARN prior_payoff=-2.5 extra_penalty=2.0 new_payoff=-4.6
[FORGIVENESS] CID:2 WARN #5 — streak reset, benefits revoked
⚠ [CAR 2] ACT=WARN REP=0.534 RWD=0.000 PNL=2.102 CREDIT=-2
[PASSIVE-BEACON] SIMNOW:18.996 CID:6 ZONE:1 RXUAV:1 EDGEPORT:9998 TS:18.982 SPD:24.500 HDG:1.600 PX:424.800 PY:-20.000 LAN:2 BRK:0 RX_X:0.000 RX_Y:0.000 RX_Z:0.000
[ZONE-ROUTE] CID:6 zone=1 edge_port=9998
[EDGE-RTT] CID:6 wall=1.0 ms  sim_delay=5.0 ms
>>> [UAV->CLOUD] BLK:3485|TX:7.0.0.10|CID:6|TS:18.982|SPD:24.5|HDG:1.6|PX:424.8|PY:-20.0|...
[ECON-CLAWBACK] CID:6 ACT=WARN prior_payoff=-19.2 extra_penalty=3.5 new_payoff=-22.8
[FORGIVENESS] CID:6 WARN #11 — streak reset, benefits revoked
⚠ [CAR 6] ACT=WARN REP=0.423 RWD=0.000 PNL=3.599 CREDIT=-2
[PASSIVE-BEACON] SIMNOW:19.014 CID:0 ZONE:1 RXUAV:1 EDGEPORT:9998 TS:19.000 SPD:25.400 HDG:0.300 PX:415.200 PY:-10.000 LAN:1 BRK:0 RX_X:0.000 RX_Y:0.000 RX_Z:0.000
[ZONE-ROUTE] CID:0 zone=1 edge_port=9998
[EDGE-RTT] CID:0 wall=1.2 ms  sim_delay=10.0 ms
>>> [UAV->CLOUD] BLK:bf6a|TX:7.0.0.4|CID:0|TS:19.000|SPD:25.4|HDG:0.3|PX:415.2|PY:-10.0|L...
[ECON-CLAWBACK] CID:0 ACT=WARN prior_payoff=-35.4 extra_penalty=4.5 new_payoff=-40.0
[FORGIVENESS] CID:0 WARN #15 — streak reset, benefits revoked
⚠ [CAR 0] ACT=WARN REP=0.659 RWD=0.000 PNL=4.602 CREDIT=-2
[PASSIVE-BEACON] SIMNOW:19.106 CID:5 ZONE:1 RXUAV:1 EDGEPORT:9998 TS:19.092 SPD:24.800 HDG:1.600 PX:438.400 PY:-10.000 LAN:1 BRK:1 RX_X:0.000 RX_Y:0.000 RX_Z:0.000
[ZONE-ROUTE] CID:5 zone=1 edge_port=9998
[EDGE-RTT] CID:5 wall=1.3 ms  sim_delay=10.0 ms
>>> [UAV->CLOUD] BLK:db35|TX:7.0.0.9|CID:5|TS:19.092|SPD:24.8|HDG:1.6|PX:438.4|PY:-10.0|L...
[ECON-CLAWBACK] CID:5 ACT=WARN prior_payoff=-35.4 extra_penalty=4.5 new_payoff=-40.0
[FORGIVENESS] CID:5 WARN #15 — streak reset, benefits revoked
⚠ [CAR 5] ACT=WARN REP=0.925 RWD=0.000 PNL=4.601 CREDIT=-2
[PASSIVE-BEACON] SIMNOW:19.144 CID:1 ZONE:1 RXUAV:1 EDGEPORT:9998 TS:19.130 SPD:24.600 HDG:2.000 PX:408.900 PY:-20.000 LAN:2 BRK:0 RX_X:0.000 RX_Y:0.000 RX_Z:0.000
[ZONE-ROUTE] CID:1 zone=1 edge_port=9998
[EDGE-RTT] CID:1 wall=1.1 ms  sim_delay=5.0 ms
>>> [UAV->CLOUD] BLK:86b7|TX:7.0.0.5|CID:1|TS:19.130|SPD:24.6|HDG:2.0|PX:408.9|PY:-20.0|L...
[PASSIVE-BEACON] SIMNOW:19.154 CID:4 ZONE:1 RXUAV:1 EDGEPORT:9998 TS:19.140 SPD:19.600 HDG:0.000 PX:382.400 PY:-50.000 LAN:5 BRK:1 RX_X:0.000 RX_Y:0.000 RX_Z:0.000
[ZONE-ROUTE] CID:4 zone=1 edge_port=9998
[EDGE-RTT] CID:4 wall=1.1 ms  sim_delay=5.0 ms
>>> [UAV->CLOUD] BLK:1249|TX:7.0.0.8|CID:4|TS:19.140|SPD:19.6|HDG:0.0|PX:382.4|PY:-50.0|L...
[ECON-CLAWBACK] CID:1 ACT=WARN prior_payoff=-19.1 extra_penalty=3.5 new_payoff=-22.7
[FORGIVENESS] CID:1 WARN #11 — streak reset, benefits revoked
⚠ [CAR 1] ACT=WARN REP=0.734 RWD=0.000 PNL=3.599 CREDIT=-2
✓ [CAR 4] ACT=OK REP=0.994 RWD=1.000 PNL=0.000 CREDIT=33
[PASSIVE-BEACON] SIMNOW:19.186 CID:8 ZONE:1 RXUAV:1 EDGEPORT:9998 TS:19.172 SPD:24.900 HDG:-0.300 PX:409.600 PY:-40.000 LAN:4 BRK:0 RX_X:0.000 RX_Y:0.000 RX_Z:0.000
[ZONE-ROUTE] CID:8 zone=1 edge_port=9998
[EDGE-RTT] CID:8 wall=1.0 ms  sim_delay=5.0 ms
>>> [UAV->CLOUD] BLK:cf36|TX:7.0.0.12|CID:8|TS:19.172|SPD:24.9|HDG:-0.3|PX:409.6|PY:-40.0...
[PASSIVE-BEACON] SIMNOW:19.186 CID:7 ZONE:1 RXUAV:1 EDGEPORT:9998 TS:19.172 SPD:25.200 HDG:0.200 PX:420.400 PY:-30.000 LAN:3 BRK:0 RX_X:0.000 RX_Y:0.000 RX_Z:0.000
[ZONE-ROUTE] CID:7 zone=1 edge_port=9998
[EDGE-RTT] CID:7 wall=2.2 ms  sim_delay=5.0 ms
>>> [UAV->CLOUD] BLK:8b55|TX:7.0.0.11|CID:7|TS:19.172|SPD:25.2|HDG:0.2|PX:420.4|PY:-30.0|...
[ECON-CLAWBACK] CID:8 ACT=WARN prior_payoff=2.4 extra_penalty=2.7 new_payoff=-0.4
[FORGIVENESS] CID:8 WARN #3 — streak reset, benefits revoked
⚠ [CAR 8] ACT=WARN REP=0.824 RWD=0.000 PNL=2.781 CREDIT=-2
[ECON-CLAWBACK] CID:7 ACT=WARN prior_payoff=-6.904 extra_penalty=2.500 new_payoff=-9.506
[FORGIVENESS] CID:7 WARN #7 — streak reset, benefits revoked
⚠ [CAR 7] ACT=WARN REP=0.944 RWD=0.000 PNL=2.602 CREDIT=-2
[PASSIVE-BEACON] SIMNOW:19.203 CID:3 ZONE:1 RXUAV:1 EDGEPORT:9998 TS:19.190 SPD:25.500 HDG:-1.300 PX:390.000 PY:-40.000 LAN:4 BRK:0 RX_X:0.000 RX_Y:0.000 RX_Z:0.000
[ZONE-ROUTE] CID:3 zone=1 edge_port=9998
[EDGE-RTT] CID:3 wall=1.2 ms  sim_delay=5.0 ms
>>> [UAV->CLOUD] BLK:6f2e|TX:7.0.0.7|CID:3|TS:19.190|SPD:25.5|HDG:-1.3|PX:390.0|PY:-40.0|...
[ECON-CLAWBACK] CID:3 ACT=WARN prior_payoff=2.4 extra_penalty=2.7 new_payoff=-0.4
[FORGIVENESS] CID:3 WARN #3 — streak reset, benefits revoked
⚠ [CAR 3] ACT=WARN REP=0.596 RWD=0.000 PNL=2.782 CREDIT=-2
[PASSIVE-BEACON] SIMNOW:19.374 CID:2 ZONE:1 RXUAV:1 EDGEPORT:9998 TS:19.360 SPD:24.800 HDG:0.800 PX:403.900 PY:-30.000 LAN:3 BRK:0 RX_X:0.000 RX_Y:0.000 RX_Z:0.000
[ZONE-ROUTE] CID:2 zone=1 edge_port=9998
[EDGE-RTT] CID:2 wall=1.0 ms  sim_delay=5.0 ms
>>> [UAV->CLOUD] BLK:a0b4|TX:7.0.0.6|CID:2|TS:19.360|SPD:24.8|HDG:0.8|PX:403.9|PY:-30.0|L...
[ECON-CLAWBACK] CID:2 ACT=WARN prior_payoff=-4.6 extra_penalty=2.2 new_payoff=-6.9
[FORGIVENESS] CID:2 WARN #6 — streak reset, benefits revoked
⚠ [CAR 2] ACT=WARN REP=0.572 RWD=0.000 PNL=2.351 CREDIT=-2
[PASSIVE-BEACON] SIMNOW:19.495 CID:6 ZONE:1 RXUAV:1 EDGEPORT:9998 TS:19.482 SPD:25.200 HDG:0.600 PX:437.400 PY:-20.000 LAN:2 BRK:1 RX_X:0.000 RX_Y:0.000 RX_Z:0.000
[ZONE-ROUTE] CID:6 zone=1 edge_port=9998
[EDGE-RTT] CID:6 wall=1.3 ms  sim_delay=5.0 ms
>>> [UAV->CLOUD] BLK:403d|TX:7.0.0.10|CID:6|TS:19.482|SPD:25.2|HDG:0.6|PX:437.4|PY:-20.0|...
[ECON-CLAWBACK] CID:6 ACT=WARN prior_payoff=-22.8 extra_penalty=3.8 new_payoff=-26.6
[FORGIVENESS] CID:6 WARN #12 — streak reset, benefits revoked
⚠ [CAR 6] ACT=WARN REP=0.769 RWD=0.000 PNL=3.852 CREDIT=-2
[PASSIVE-BEACON] SIMNOW:19.514 CID:0 ZONE:1 RXUAV:1 EDGEPORT:9998 TS:19.500 SPD:25.000 HDG:-0.500 PX:427.600 PY:-10.000 LAN:1 BRK:0 RX_X:0.000 RX_Y:0.000 RX_Z:0.000
[ZONE-ROUTE] CID:0 zone=1 edge_port=9998
[EDGE-RTT] CID:0 wall=1.0 ms  sim_delay=10.0 ms
>>> [UAV->CLOUD] BLK:b87e|TX:7.0.0.4|CID:0|TS:19.500|SPD:25.0|HDG:-0.5|PX:427.6|PY:-10.0|...
[ECON-CLAWBACK] CID:0 ACT=WARN prior_payoff=-40.0 extra_penalty=4.8 new_payoff=-44.8
[FORGIVENESS] CID:0 WARN #16 — streak reset, benefits revoked
⚠ [CAR 0] ACT=WARN REP=0.632 RWD=0.000 PNL=4.851 CREDIT=-2
[PASSIVE-BEACON] SIMNOW:19.606 CID:5 ZONE:1 RXUAV:1 EDGEPORT:9998 TS:19.592 SPD:24.700 HDG:-1.900 PX:450.800 PY:-10.000 LAN:1 BRK:1 RX_X:0.000 RX_Y:0.000 RX_Z:0.000
[ZONE-ROUTE] CID:5 zone=1 edge_port=9998
[EDGE-RTT] CID:5 wall=1.3 ms  sim_delay=10.0 ms
>>> [UAV->CLOUD] BLK:0145|TX:7.0.0.9|CID:5|TS:19.592|SPD:24.7|HDG:-1.9|PX:450.8|PY:-10.0|...
[ECON-CLAWBACK] CID:5 ACT=WARN prior_payoff=-40.0 extra_penalty=4.8 new_payoff=-44.8
[FORGIVENESS] CID:5 WARN #16 — streak reset, benefits revoked
⚠ [CAR 5] ACT=WARN REP=0.700 RWD=0.000 PNL=4.850 CREDIT=-2
[PASSIVE-BEACON] SIMNOW:19.644 CID:1 ZONE:1 RXUAV:1 EDGEPORT:9998 TS:19.630 SPD:25.300 HDG:0.300 PX:421.400 PY:-20.000 LAN:2 BRK:0 RX_X:0.000 RX_Y:0.000 RX_Z:0.000
[ZONE-ROUTE] CID:1 zone=1 edge_port=9998
[EDGE-RTT] CID:1 wall=0.9 ms  sim_delay=5.0 ms
>>> [UAV->CLOUD] BLK:e634|TX:7.0.0.5|CID:1|TS:19.630|SPD:25.3|HDG:0.3|PX:421.4|PY:-20.0|L...
[PASSIVE-BEACON] SIMNOW:19.652 CID:4 ZONE:1 RXUAV:1 EDGEPORT:9998 TS:19.640 SPD:20.400 HDG:0.400 PX:392.100 PY:-50.000 LAN:5 BRK:1 RX_X:0.000 RX_Y:0.000 RX_Z:0.000
[ZONE-ROUTE] CID:4 zone=1 edge_port=9998
[EDGE-RTT] CID:4 wall=1.1 ms  sim_delay=5.0 ms
>>> [UAV->CLOUD] BLK:7abe|TX:7.0.0.8|CID:4|TS:19.640|SPD:20.4|HDG:0.4|PX:392.1|PY:-50.0|L...
[ECON-CLAWBACK] CID:1 ACT=WARN prior_payoff=-22.7 extra_penalty=3.8 new_payoff=-26.6
[FORGIVENESS] CID:1 WARN #12 — streak reset, benefits revoked
⚠ [CAR 1] ACT=WARN REP=0.746 RWD=0.000 PNL=3.852 CREDIT=-2
✓ [CAR 4] ACT=OK REP=0.726 RWD=1.000 PNL=0.000 CREDIT=34
[PASSIVE-BEACON] SIMNOW:19.686 CID:8 ZONE:1 RXUAV:1 EDGEPORT:9998 TS:19.672 SPD:25.400 HDG:-0.700 PX:422.200 PY:-40.000 LAN:4 BRK:0 RX_X:0.000 RX_Y:0.000 RX_Z:0.000
[ZONE-ROUTE] CID:8 zone=1 edge_port=9998
[EDGE-RTT] CID:8 wall=1.0 ms  sim_delay=5.0 ms
>>> [UAV->CLOUD] BLK:05e2|TX:7.0.0.12|CID:8|TS:19.672|SPD:25.4|HDG:-0.7|PX:422.2|PY:-40.0...
[PASSIVE-BEACON] SIMNOW:19.686 CID:7 ZONE:1 RXUAV:1 EDGEPORT:9998 TS:19.672 SPD:24.600 HDG:1.100 PX:431.700 PY:-30.000 LAN:3 BRK:0 RX_X:0.000 RX_Y:0.000 RX_Z:0.000
[ZONE-ROUTE] CID:7 zone=1 edge_port=9998
[EDGE-RTT] CID:7 wall=2.7 ms  sim_delay=5.0 ms
>>> [UAV->CLOUD] BLK:2647|TX:7.0.0.11|CID:7|TS:19.672|SPD:24.6|HDG:1.1|PX:431.7|PY:-30.0|...
[ECON-CLAWBACK] CID:8 ACT=WARN prior_payoff=-0.4 extra_penalty=1.8 new_payoff=-2.3
[FORGIVENESS] CID:8 WARN #4 — streak reset, benefits revoked
⚠ [CAR 8] ACT=WARN REP=0.779 RWD=0.000 PNL=1.851 CREDIT=-2
[ECON-CLAWBACK] CID:7 ACT=WARN prior_payoff=-9.506 extra_penalty=2.750 new_payoff=-12.356
[FORGIVENESS] CID:7 WARN #8 — streak reset, benefits revoked
⚠ [CAR 7] ACT=WARN REP=0.749 RWD=0.000 PNL=2.850 CREDIT=-2
[PASSIVE-BEACON] SIMNOW:19.704 CID:3 ZONE:1 RXUAV:1 EDGEPORT:9998 TS:19.690 SPD:24.600 HDG:1.500 PX:402.700 PY:-40.000 LAN:4 BRK:0 RX_X:0.000 RX_Y:0.000 RX_Z:0.000
[ZONE-ROUTE] CID:3 zone=1 edge_port=9998
[EDGE-RTT] CID:3 wall=1.1 ms  sim_delay=5.0 ms
>>> [UAV->CLOUD] BLK:e44d|TX:7.0.0.7|CID:3|TS:19.690|SPD:24.6|HDG:1.5|PX:402.7|PY:-40.0|L...
[ECON-CLAWBACK] CID:3 ACT=WARN prior_payoff=-0.4 extra_penalty=1.8 new_payoff=-2.3
[FORGIVENESS] CID:3 WARN #4 — streak reset, benefits revoked
⚠ [CAR 3] ACT=WARN REP=0.731 RWD=0.000 PNL=1.848 CREDIT=-2
[PASSIVE-BEACON] SIMNOW:19.874 CID:2 ZONE:1 RXUAV:1 EDGEPORT:9998 TS:19.860 SPD:24.800 HDG:1.100 PX:416.900 PY:-30.000 LAN:3 BRK:0 RX_X:0.000 RX_Y:0.000 RX_Z:0.000
[ZONE-ROUTE] CID:2 zone=1 edge_port=9998
[EDGE-RTT] CID:2 wall=1.1 ms  sim_delay=5.0 ms
>>> [UAV->CLOUD] BLK:f889|TX:7.0.0.6|CID:2|TS:19.860|SPD:24.8|HDG:1.1|PX:416.9|PY:-30.0|L...
[ECON-CLAWBACK] CID:2 ACT=WARN prior_payoff=-6.9 extra_penalty=2.5 new_payoff=-9.5
[FORGIVENESS] CID:2 WARN #7 — streak reset, benefits revoked
⚠ [CAR 2] ACT=WARN REP=0.372 RWD=0.000 PNL=2.600 CREDIT=-2
[PASSIVE-BEACON] SIMNOW:19.996 CID:6 ZONE:1 RXUAV:1 EDGEPORT:9998 TS:19.982 SPD:25.100 HDG:1.700 PX:450.600 PY:-20.000 LAN:2 BRK:0 RX_X:0.000 RX_Y:0.000 RX_Z:0.000
[ZONE-ROUTE] CID:6 zone=1 edge_port=9998
[EDGE-RTT] CID:6 wall=1.0 ms  sim_delay=5.0 ms
>>> [UAV->CLOUD] BLK:1b62|TX:7.0.0.10|CID:6|TS:19.982|SPD:25.1|HDG:1.7|PX:450.6|PY:-20.0|...
[ECON-CLAWBACK] CID:6 ACT=WARN prior_payoff=-26.6 extra_penalty=4.0 new_payoff=-30.7
[FORGIVENESS] CID:6 WARN #13 — streak reset, benefits revoked
⚠ [CAR 6] ACT=WARN REP=0.690 RWD=0.000 PNL=4.106 CREDIT=-2
[PASSIVE-BEACON] SIMNOW:20.014 CID:0 ZONE:1 RXUAV:1 EDGEPORT:9998 TS:20.000 SPD:24.900 HDG:-1.500 PX:440.700 PY:-10.000 LAN:1 BRK:0 RX_X:0.000 RX_Y:0.000 RX_Z:0.000
[ZONE-ROUTE] CID:0 zone=1 edge_port=9998
[EDGE-RTT] CID:0 wall=1.3 ms  sim_delay=10.0 ms
>>> [UAV->CLOUD] BLK:8f12|TX:7.0.0.4|CID:0|TS:20.000|SPD:24.9|HDG:-1.5|PX:440.7|PY:-10.0|...
[ECON-CLAWBACK] CID:0 ACT=WARN prior_payoff=-44.8 extra_penalty=5.0 new_payoff=-49.9
[FORGIVENESS] CID:0 WARN #17 — streak reset, benefits revoked
⚠ [CAR 0] ACT=WARN REP=0.650 RWD=0.000 PNL=5.101 CREDIT=-2
[PASSIVE-BEACON] SIMNOW:20.106 CID:5 ZONE:1 RXUAV:1 EDGEPORT:9998 TS:20.092 SPD:24.700 HDG:-1.900 PX:463.400 PY:-10.000 LAN:1 BRK:0 RX_X:0.000 RX_Y:0.000 RX_Z:0.000
[ZONE-ROUTE] CID:5 zone=1 edge_port=9998
[EDGE-RTT] CID:5 wall=1.3 ms  sim_delay=10.0 ms
>>> [UAV->CLOUD] BLK:b279|TX:7.0.0.9|CID:5|TS:20.092|SPD:24.7|HDG:-1.9|PX:463.4|PY:-10.0|...
[ECON-CLAWBACK] CID:5 ACT=WARN prior_payoff=-44.8 extra_penalty=5.0 new_payoff=-49.9
[FORGIVENESS] CID:5 WARN #17 — streak reset, benefits revoked
⚠ [CAR 5] ACT=WARN REP=0.388 RWD=0.000 PNL=5.100 CREDIT=-2
[PASSIVE-BEACON] SIMNOW:20.144 CID:1 ZONE:1 RXUAV:1 EDGEPORT:9998 TS:20.130 SPD:25.100 HDG:1.000 PX:433.100 PY:-20.000 LAN:2 BRK:1 RX_X:0.000 RX_Y:0.000 RX_Z:0.000
[ZONE-ROUTE] CID:1 zone=1 edge_port=9998
[EDGE-RTT] CID:1 wall=1.2 ms  sim_delay=5.0 ms
>>> [UAV->CLOUD] BLK:0eaa|TX:7.0.0.5|CID:1|TS:20.130|SPD:25.1|HDG:1.0|PX:433.1|PY:-20.0|L...
[PASSIVE-BEACON] SIMNOW:20.154 CID:4 ZONE:1 RXUAV:1 EDGEPORT:9998 TS:20.140 SPD:24.800 HDG:1.900 PX:404.300 PY:-50.000 LAN:5 BRK:0 RX_X:0.000 RX_Y:0.000 RX_Z:0.000
[ZONE-ROUTE] CID:4 zone=1 edge_port=9998
[EDGE-RTT] CID:4 wall=0.9 ms  sim_delay=5.0 ms
>>> [UAV->CLOUD] BLK:2159|TX:7.0.0.8|CID:4|TS:20.140|SPD:24.8|HDG:1.9|PX:404.3|PY:-50.0|L...
[ECON-CLAWBACK] CID:1 ACT=WARN prior_payoff=-26.6 extra_penalty=4.0 new_payoff=-30.7
[FORGIVENESS] CID:1 WARN #13 — streak reset, benefits revoked
⚠ [CAR 1] ACT=WARN REP=0.463 RWD=0.000 PNL=4.102 CREDIT=-2
[ECON-CLAWBACK] CID:4 ACT=WARN prior_payoff=37.996 extra_penalty=29.497 new_payoff=8.424
[TRUST-REVOKED] CID:4 benefits revoked logically; lane=5 speed=20.000 latency=10.000ms
[FORGIVENESS] CID:4 WARN #1 — streak reset, benefits revoked
⚠ [CAR 4] ACT=WARN REP=0.702 RWD=0.000 PNL=29.572 CREDIT=33
[PASSIVE-BEACON] SIMNOW:20.186 CID:8 ZONE:1 RXUAV:1 EDGEPORT:9998 TS:20.172 SPD:25.000 HDG:1.400 PX:434.900 PY:-40.000 LAN:4 BRK:0 RX_X:0.000 RX_Y:0.000 RX_Z:0.000
[ZONE-ROUTE] CID:8 zone=1 edge_port=9998
[EDGE-RTT] CID:8 wall=1.1 ms  sim_delay=5.0 ms
>>> [UAV->CLOUD] BLK:1a05|TX:7.0.0.12|CID:8|TS:20.172|SPD:25.0|HDG:1.4|PX:434.9|PY:-40.0|...
[PASSIVE-BEACON] SIMNOW:20.186 CID:7 ZONE:1 RXUAV:1 EDGEPORT:9998 TS:20.172 SPD:25.300 HDG:-0.800 PX:445.600 PY:-30.000 LAN:3 BRK:0 RX_X:0.000 RX_Y:0.000 RX_Z:0.000
[ZONE-ROUTE] CID:7 zone=1 edge_port=9998
[EDGE-RTT] CID:7 wall=3.1 ms  sim_delay=5.0 ms
>>> [UAV->CLOUD] BLK:897f|TX:7.0.0.11|CID:7|TS:20.172|SPD:25.3|HDG:-0.8|PX:445.6|PY:-30.0...
[ECON-CLAWBACK] CID:8 ACT=WARN prior_payoff=-2.3 extra_penalty=2.0 new_payoff=-4.4
[FORGIVENESS] CID:8 WARN #5 — streak reset, benefits revoked
⚠ [CAR 8] ACT=WARN REP=0.916 RWD=0.000 PNL=2.101 CREDIT=-2
[ECON-CLAWBACK] CID:7 ACT=WARN prior_payoff=-12.356 extra_penalty=3.000 new_payoff=-15.458
[FORGIVENESS] CID:7 WARN #9 — streak reset, benefits revoked
⚠ [CAR 7] ACT=WARN REP=0.550 RWD=0.000 PNL=3.102 CREDIT=-2
[PASSIVE-BEACON] SIMNOW:20.204 CID:3 ZONE:1 RXUAV:1 EDGEPORT:9998 TS:20.190 SPD:25.500 HDG:-1.600 PX:414.900 PY:-40.000 LAN:4 BRK:1 RX_X:0.000 RX_Y:0.000 RX_Z:0.000
[ZONE-ROUTE] CID:3 zone=1 edge_port=9998
[EDGE-RTT] CID:3 wall=1.2 ms  sim_delay=5.0 ms
>>> [UAV->CLOUD] BLK:7010|TX:7.0.0.7|CID:3|TS:20.190|SPD:25.5|HDG:-1.6|PX:414.9|PY:-40.0|...
[ECON-CLAWBACK] CID:3 ACT=WARN prior_payoff=-2.3 extra_penalty=2.0 new_payoff=-4.4
[FORGIVENESS] CID:3 WARN #5 — streak reset, benefits revoked
⚠ [CAR 3] ACT=WARN REP=0.753 RWD=0.000 PNL=2.103 CREDIT=-2
[PASSIVE-BEACON] SIMNOW:20.374 CID:2 ZONE:1 RXUAV:1 EDGEPORT:9998 TS:20.360 SPD:25.400 HDG:0.800 PX:429.400 PY:-30.000 LAN:3 BRK:0 RX_X:0.000 RX_Y:0.000 RX_Z:0.000
[ZONE-ROUTE] CID:2 zone=1 edge_port=9998
[EDGE-RTT] CID:2 wall=1.3 ms  sim_delay=5.0 ms
>>> [UAV->CLOUD] BLK:44c2|TX:7.0.0.6|CID:2|TS:20.360|SPD:25.4|HDG:0.8|PX:429.4|PY:-30.0|L...
[ECON-CLAWBACK] CID:2 ACT=WARN prior_payoff=-9.5 extra_penalty=2.8 new_payoff=-12.4
[FORGIVENESS] CID:2 WARN #8 — streak reset, benefits revoked
⚠ [CAR 2] ACT=WARN REP=0.653 RWD=0.000 PNL=2.852 CREDIT=-2
[PASSIVE-BEACON] SIMNOW:20.496 CID:6 ZONE:1 RXUAV:1 EDGEPORT:9998 TS:20.482 SPD:25.100 HDG:-1.200 PX:463.300 PY:-20.000 LAN:2 BRK:0 RX_X:0.000 RX_Y:0.000 RX_Z:0.000
[ZONE-ROUTE] CID:6 zone=1 edge_port=9998
[EDGE-RTT] CID:6 wall=1.2 ms  sim_delay=5.0 ms
>>> [UAV->CLOUD] BLK:d758|TX:7.0.0.10|CID:6|TS:20.482|SPD:25.1|HDG:-1.2|PX:463.3|PY:-20.0...
[ECON-CLAWBACK] CID:6 ACT=WARN prior_payoff=-30.7 extra_penalty=4.2 new_payoff=-35.1
[FORGIVENESS] CID:6 WARN #14 — streak reset, benefits revoked
⚠ [CAR 6] ACT=WARN REP=0.681 RWD=0.000 PNL=4.352 CREDIT=-2
[PASSIVE-BEACON] SIMNOW:20.514 CID:0 ZONE:1 RXUAV:1 EDGEPORT:9998 TS:20.500 SPD:25.400 HDG:1.400 PX:453.600 PY:-10.000 LAN:1 BRK:0 RX_X:0.000 RX_Y:0.000 RX_Z:0.000
[ZONE-ROUTE] CID:0 zone=1 edge_port=9998
[EDGE-RTT] CID:0 wall=1.1 ms  sim_delay=10.0 ms
>>> [UAV->CLOUD] BLK:032c|TX:7.0.0.4|CID:0|TS:20.500|SPD:25.4|HDG:1.4|PX:453.6|PY:-10.0|L...
[ECON-CLAWBACK] CID:0 ACT=WARN prior_payoff=-49.9 extra_penalty=5.2 new_payoff=-55.3
[FORGIVENESS] CID:0 WARN #18 — streak reset, benefits revoked
⚠ [CAR 0] ACT=WARN REP=0.251 RWD=0.000 PNL=5.352 CREDIT=-2
[PASSIVE-BEACON] SIMNOW:20.606 CID:5 ZONE:1 RXUAV:1 EDGEPORT:9998 TS:20.592 SPD:25.200 HDG:1.400 PX:475.100 PY:-10.000 LAN:1 BRK:0 RX_X:0.000 RX_Y:0.000 RX_Z:0.000
[ZONE-ROUTE] CID:5 zone=1 edge_port=9998
[EDGE-RTT] CID:5 wall=1.0 ms  sim_delay=10.0 ms
>>> [UAV->CLOUD] BLK:8411|TX:7.0.0.9|CID:5|TS:20.592|SPD:25.2|HDG:1.4|PX:475.1|PY:-10.0|L...
[ECON-CLAWBACK] CID:5 ACT=WARN prior_payoff=-49.9 extra_penalty=5.2 new_payoff=-55.3
[FORGIVENESS] CID:5 WARN #18 — streak reset, benefits revoked
⚠ [CAR 5] ACT=WARN REP=0.739 RWD=0.000 PNL=5.352 CREDIT=-2
[PASSIVE-BEACON] SIMNOW:20.644 CID:1 ZONE:1 RXUAV:1 EDGEPORT:9998 TS:20.630 SPD:25.400 HDG:-0.100 PX:445.800 PY:-20.000 LAN:2 BRK:0 RX_X:0.000 RX_Y:0.000 RX_Z:0.000
[ZONE-ROUTE] CID:1 zone=1 edge_port=9998
[EDGE-RTT] CID:1 wall=1.0 ms  sim_delay=5.0 ms
>>> [UAV->CLOUD] BLK:af9e|TX:7.0.0.5|CID:1|TS:20.630|SPD:25.4|HDG:-0.1|PX:445.8|PY:-20.0|...
[PKT-DROP] UAV dropped telemetry from 7.0.0.8 (drop_rate=1%)
[ECON-CLAWBACK] CID:1 ACT=WARN prior_payoff=-30.7 extra_penalty=4.2 new_payoff=-35.0
[FORGIVENESS] CID:1 WARN #14 — streak reset, benefits revoked
⚠ [CAR 1] ACT=WARN REP=0.762 RWD=0.000 PNL=4.352 CREDIT=-2
[PASSIVE-BEACON] SIMNOW:20.686 CID:8 ZONE:1 RXUAV:1 EDGEPORT:9998 TS:20.672 SPD:25.100 HDG:-1.500 PX:446.700 PY:-40.000 LAN:4 BRK:0 RX_X:0.000 RX_Y:0.000 RX_Z:0.000
[ZONE-ROUTE] CID:8 zone=1 edge_port=9998
[EDGE-RTT] CID:8 wall=0.9 ms  sim_delay=5.0 ms
>>> [UAV->CLOUD] BLK:6961|TX:7.0.0.12|CID:8|TS:20.672|SPD:25.1|HDG:-1.5|PX:446.7|PY:-40.0...
[PASSIVE-BEACON] SIMNOW:20.686 CID:7 ZONE:1 RXUAV:1 EDGEPORT:9998 TS:20.672 SPD:24.900 HDG:-0.900 PX:457.800 PY:-30.000 LAN:3 BRK:0 RX_X:0.000 RX_Y:0.000 RX_Z:0.000
[ZONE-ROUTE] CID:7 zone=1 edge_port=9998
[EDGE-RTT] CID:7 wall=1.6 ms  sim_delay=5.0 ms
>>> [UAV->CLOUD] BLK:1485|TX:7.0.0.11|CID:7|TS:20.672|SPD:24.9|HDG:-0.9|PX:457.8|PY:-30.0...
[ECON-CLAWBACK] CID:7 ACT=WARN prior_payoff=-15.5 extra_penalty=3.2 new_payoff=-18.8
[FORGIVENESS] CID:7 WARN #10 — streak reset, benefits revoked
⚠ [CAR 7] ACT=WARN REP=0.459 RWD=0.000 PNL=3.351 CREDIT=-2
[ECON-CLAWBACK] CID:8 ACT=WARN prior_payoff=-4.365 extra_penalty=2.250 new_payoff=-6.717
[FORGIVENESS] CID:8 WARN #6 — streak reset, benefits revoked
⚠ [CAR 8] ACT=WARN REP=0.666 RWD=0.000 PNL=2.352 CREDIT=-2
[PASSIVE-BEACON] SIMNOW:20.704 CID:3 ZONE:1 RXUAV:1 EDGEPORT:9998 TS:20.690 SPD:25.400 HDG:1.800 PX:427.600 PY:-40.000 LAN:4 BRK:0 RX_X:0.000 RX_Y:0.000 RX_Z:0.000
[ZONE-ROUTE] CID:3 zone=1 edge_port=9998
[EDGE-RTT] CID:3 wall=1.1 ms  sim_delay=5.0 ms
>>> [UAV->CLOUD] BLK:7277|TX:7.0.0.7|CID:3|TS:20.690|SPD:25.4|HDG:1.8|PX:427.6|PY:-40.0|L...
[ECON-CLAWBACK] CID:3 ACT=WARN prior_payoff=-4.4 extra_penalty=2.2 new_payoff=-6.7
[FORGIVENESS] CID:3 WARN #6 — streak reset, benefits revoked
⚠ [CAR 3] ACT=WARN REP=0.819 RWD=0.000 PNL=2.353 CREDIT=-2
[PASSIVE-BEACON] SIMNOW:20.874 CID:2 ZONE:1 RXUAV:1 EDGEPORT:9998 TS:20.860 SPD:24.800 HDG:1.300 PX:442.400 PY:-30.000 LAN:3 BRK:0 RX_X:0.000 RX_Y:0.000 RX_Z:0.000
[ZONE-ROUTE] CID:2 zone=1 edge_port=9998
[EDGE-RTT] CID:2 wall=1.1 ms  sim_delay=5.0 ms
>>> [UAV->CLOUD] BLK:a0df|TX:7.0.0.6|CID:2|TS:20.860|SPD:24.8|HDG:1.3|PX:442.4|PY:-30.0|L...
[ECON-CLAWBACK] CID:2 ACT=WARN prior_payoff=-12.4 extra_penalty=3.0 new_payoff=-15.5
[FORGIVENESS] CID:2 WARN #9 — streak reset, benefits revoked
⚠ [CAR 2] ACT=WARN REP=0.703 RWD=0.000 PNL=3.101 CREDIT=-2
[PASSIVE-BEACON] SIMNOW:20.995 CID:6 ZONE:1 RXUAV:1 EDGEPORT:9998 TS:20.982 SPD:25.300 HDG:2.000 PX:474.600 PY:-20.000 LAN:2 BRK:0 RX_X:0.000 RX_Y:0.000 RX_Z:0.000
[ZONE-ROUTE] CID:6 zone=1 edge_port=9998
[EDGE-RTT] CID:6 wall=1.0 ms  sim_delay=5.0 ms
>>> [UAV->CLOUD] BLK:338b|TX:7.0.0.10|CID:6|TS:20.982|SPD:25.3|HDG:2.0|PX:474.6|PY:-20.0|...
[ECON-CLAWBACK] CID:6 ACT=WARN prior_payoff=-35.1 extra_penalty=4.5 new_payoff=-39.7
[FORGIVENESS] CID:6 WARN #15 — streak reset, benefits revoked
⚠ [CAR 6] ACT=WARN REP=0.678 RWD=0.000 PNL=4.602 CREDIT=-2
[PASSIVE-BEACON] SIMNOW:21.014 CID:0 ZONE:1 RXUAV:1 EDGEPORT:9998 TS:21.000 SPD:25.400 HDG:-2.000 PX:466.100 PY:-10.000 LAN:1 BRK:0 RX_X:0.000 RX_Y:0.000 RX_Z:0.000
[ZONE-ROUTE] CID:0 zone=1 edge_port=9998
[EDGE-RTT] CID:0 wall=0.9 ms  sim_delay=10.0 ms
>>> [UAV->CLOUD] BLK:5f2a|TX:7.0.0.4|CID:0|TS:21.000|SPD:25.4|HDG:-2.0|PX:466.1|PY:-10.0|...
[ECON-CLAWBACK] CID:0 ACT=WARN prior_payoff=-55.3 extra_penalty=5.5 new_payoff=-60.9
[FORGIVENESS] CID:0 WARN #19 — streak reset, benefits revoked
⚠ [CAR 0] ACT=WARN REP=0.259 RWD=0.000 PNL=5.602 CREDIT=-2
[PASSIVE-BEACON] SIMNOW:21.106 CID:5 ZONE:1 RXUAV:1 EDGEPORT:9998 TS:21.092 SPD:25.000 HDG:0.700 PX:488.500 PY:-10.000 LAN:1 BRK:0 RX_X:0.000 RX_Y:0.000 RX_Z:0.000
[ZONE-ROUTE] CID:5 zone=1 edge_port=9998
[EDGE-RTT] CID:5 wall=1.2 ms  sim_delay=10.0 ms
>>> [UAV->CLOUD] BLK:a533|TX:7.0.0.9|CID:5|TS:21.092|SPD:25.0|HDG:0.7|PX:488.5|PY:-10.0|L...
[ECON-CLAWBACK] CID:5 ACT=WARN prior_payoff=-55.3 extra_penalty=5.5 new_payoff=-60.9
[FORGIVENESS] CID:5 WARN #19 — streak reset, benefits revoked
⚠ [CAR 5] ACT=WARN REP=0.682 RWD=0.000 PNL=5.601 CREDIT=-2
[PASSIVE-BEACON] SIMNOW:21.144 CID:1 ZONE:1 RXUAV:1 EDGEPORT:9998 TS:21.130 SPD:25.400 HDG:1.700 PX:458.700 PY:-20.000 LAN:2 BRK:0 RX_X:0.000 RX_Y:0.000 RX_Z:0.000
[ZONE-ROUTE] CID:1 zone=1 edge_port=9998
[EDGE-RTT] CID:1 wall=1.1 ms  sim_delay=5.0 ms
>>> [UAV->CLOUD] BLK:c4f7|TX:7.0.0.5|CID:1|TS:21.130|SPD:25.4|HDG:1.7|PX:458.7|PY:-20.0|L...
[PASSIVE-BEACON] SIMNOW:21.152 CID:4 ZONE:1 RXUAV:1 EDGEPORT:9998 TS:21.140 SPD:25.100 HDG:-0.700 PX:428.800 PY:-50.000 LAN:5 BRK:0 RX_X:0.000 RX_Y:0.000 RX_Z:0.000
[ZONE-ROUTE] CID:4 zone=1 edge_port=9998
[EDGE-RTT] CID:4 wall=0.7 ms  sim_delay=5.0 ms
>>> [UAV->CLOUD] BLK:7431|TX:7.0.0.8|CID:4|TS:21.140|SPD:25.1|HDG:-0.7|PX:428.8|PY:-50.0|...
[ECON-CLAWBACK] CID:1 ACT=WARN prior_payoff=-35.0 extra_penalty=4.5 new_payoff=-39.6
[FORGIVENESS] CID:1 WARN #15 — streak reset, benefits revoked
⚠ [CAR 1] ACT=WARN REP=0.622 RWD=0.000 PNL=4.602 CREDIT=-2
[ECON-CLAWBACK] CID:4 ACT=WARN prior_payoff=8.424 extra_penalty=5.462 new_payoff=2.866
[FORGIVENESS] CID:4 WARN #2 — streak reset, benefits revoked
⚠ [CAR 4] ACT=WARN REP=0.729 RWD=0.000 PNL=5.558 CREDIT=-2
[PASSIVE-BEACON] SIMNOW:21.186 CID:8 ZONE:1 RXUAV:1 EDGEPORT:9998 TS:21.172 SPD:24.800 HDG:1.600 PX:459.700 PY:-40.000 LAN:4 BRK:0 RX_X:0.000 RX_Y:0.000 RX_Z:0.000
[ZONE-ROUTE] CID:8 zone=1 edge_port=9998
[EDGE-RTT] CID:8 wall=1.1 ms  sim_delay=5.0 ms
>>> [UAV->CLOUD] BLK:72c3|TX:7.0.0.12|CID:8|TS:21.172|SPD:24.8|HDG:1.6|PX:459.7|PY:-40.0|...
[PASSIVE-BEACON] SIMNOW:21.186 CID:7 ZONE:1 RXUAV:1 EDGEPORT:9998 TS:21.172 SPD:24.800 HDG:1.200 PX:469.300 PY:-30.000 LAN:3 BRK:0 RX_X:0.000 RX_Y:0.000 RX_Z:0.000
[ZONE-ROUTE] CID:7 zone=1 edge_port=9998
[EDGE-RTT] CID:7 wall=2.5 ms  sim_delay=5.0 ms
>>> [UAV->CLOUD] BLK:2969|TX:7.0.0.11|CID:7|TS:21.172|SPD:24.8|HDG:1.2|PX:469.3|PY:-30.0|...
[ECON-CLAWBACK] CID:8 ACT=WARN prior_payoff=-6.7 extra_penalty=2.5 new_payoff=-9.3
[FORGIVENESS] CID:8 WARN #7 — streak reset, benefits revoked
⚠ [CAR 8] ACT=WARN REP=0.969 RWD=0.000 PNL=2.601 CREDIT=-2
[ECON-CLAWBACK] CID:7 ACT=WARN prior_payoff=-18.809 extra_penalty=3.500 new_payoff=-22.410
[FORGIVENESS] CID:7 WARN #11 — streak reset, benefits revoked
⚠ [CAR 7] ACT=WARN REP=0.666 RWD=0.000 PNL=3.600 CREDIT=-2
[PASSIVE-BEACON] SIMNOW:21.204 CID:3 ZONE:1 RXUAV:1 EDGEPORT:9998 TS:21.190 SPD:25.200 HDG:-1.000 PX:440.300 PY:-40.000 LAN:4 BRK:1 RX_X:0.000 RX_Y:0.000 RX_Z:0.000
[ZONE-ROUTE] CID:3 zone=1 edge_port=9998
[EDGE-RTT] CID:3 wall=0.9 ms  sim_delay=5.0 ms
>>> [UAV->CLOUD] BLK:53b9|TX:7.0.0.7|CID:3|TS:21.190|SPD:25.2|HDG:-1.0|PX:440.3|PY:-40.0|...
[ECON-CLAWBACK] CID:3 ACT=WARN prior_payoff=-6.7 extra_penalty=2.5 new_payoff=-9.3
[FORGIVENESS] CID:3 WARN #7 — streak reset, benefits revoked
⚠ [CAR 3] ACT=WARN REP=0.595 RWD=0.000 PNL=2.602 CREDIT=-2
[PASSIVE-BEACON] SIMNOW:21.374 CID:2 ZONE:1 RXUAV:1 EDGEPORT:9998 TS:21.360 SPD:25.500 HDG:-2.000 PX:455.000 PY:-30.000 LAN:3 BRK:0 RX_X:0.000 RX_Y:0.000 RX_Z:0.000
[ZONE-ROUTE] CID:2 zone=1 edge_port=9998
[EDGE-RTT] CID:2 wall=1.0 ms  sim_delay=5.0 ms
>>> [UAV->CLOUD] BLK:3206|TX:7.0.0.6|CID:2|TS:21.360|SPD:25.5|HDG:-2.0|PX:455.0|PY:-30.0|...
[ECON-CLAWBACK] CID:2 ACT=WARN prior_payoff=-15.5 extra_penalty=3.2 new_payoff=-18.8
[FORGIVENESS] CID:2 WARN #10 — streak reset, benefits revoked
⚠ [CAR 2] ACT=WARN REP=0.755 RWD=0.000 PNL=3.352 CREDIT=-2
[PASSIVE-BEACON] SIMNOW:21.496 CID:6 ZONE:1 RXUAV:1 EDGEPORT:9998 TS:21.482 SPD:25.100 HDG:-1.800 PX:488.400 PY:-20.000 LAN:2 BRK:0 RX_X:0.000 RX_Y:0.000 RX_Z:0.000
[ZONE-ROUTE] CID:6 zone=1 edge_port=9998
[EDGE-RTT] CID:6 wall=1.1 ms  sim_delay=5.0 ms
>>> [UAV->CLOUD] BLK:af56|TX:7.0.0.10|CID:6|TS:21.482|SPD:25.1|HDG:-1.8|PX:488.4|PY:-20.0...
[ECON-CLAWBACK] CID:6 ACT=WARN prior_payoff=-39.7 extra_penalty=4.8 new_payoff=-44.5
[FORGIVENESS] CID:6 WARN #16 — streak reset, benefits revoked
⚠ [CAR 6] ACT=WARN REP=0.655 RWD=0.000 PNL=4.852 CREDIT=-2
[PASSIVE-BEACON] SIMNOW:21.514 CID:0 ZONE:1 RXUAV:1 EDGEPORT:9998 TS:21.500 SPD:24.900 HDG:-0.300 PX:478.600 PY:-10.000 LAN:1 BRK:1 RX_X:0.000 RX_Y:0.000 RX_Z:0.000
[ZONE-ROUTE] CID:0 zone=1 edge_port=9998
[EDGE-RTT] CID:0 wall=1.0 ms  sim_delay=10.0 ms
>>> [UAV->CLOUD] BLK:7915|TX:7.0.0.4|CID:0|TS:21.500|SPD:24.9|HDG:-0.3|PX:478.6|PY:-10.0|...
[ECON-CLAWBACK] CID:0 ACT=WARN prior_payoff=-60.9 extra_penalty=5.8 new_payoff=-66.7
[FORGIVENESS] CID:0 WARN #20 — streak reset, benefits revoked
⚠ [CAR 0] ACT=WARN REP=0.424 RWD=0.000 PNL=5.851 CREDIT=-2
[PASSIVE-BEACON] SIMNOW:21.606 CID:5 ZONE:1 RXUAV:1 EDGEPORT:9998 TS:21.592 SPD:25.300 HDG:1.000 PX:500.400 PY:-10.000 LAN:1 BRK:0 RX_X:0.000 RX_Y:0.000 RX_Z:0.000
[ZONE-ROUTE] CID:5 zone=1 edge_port=9998
[EDGE-RTT] CID:5 wall=1.0 ms  sim_delay=10.0 ms
>>> [UAV->CLOUD] BLK:76c5|TX:7.0.0.9|CID:5|TS:21.592|SPD:25.3|HDG:1.0|PX:500.4|PY:-10.0|L...
[ECON-CLAWBACK] CID:5 ACT=WARN prior_payoff=-60.9 extra_penalty=5.8 new_payoff=-66.7
[FORGIVENESS] CID:5 WARN #20 — streak reset, benefits revoked
⚠ [CAR 5] ACT=WARN REP=0.447 RWD=0.000 PNL=5.852 CREDIT=-2
[PASSIVE-BEACON] SIMNOW:21.644 CID:1 ZONE:1 RXUAV:1 EDGEPORT:9998 TS:21.630 SPD:25.400 HDG:-0.200 PX:471.900 PY:-20.000 LAN:2 BRK:0 RX_X:0.000 RX_Y:0.000 RX_Z:0.000
[ZONE-ROUTE] CID:1 zone=1 edge_port=9998
[EDGE-RTT] CID:1 wall=1.1 ms  sim_delay=5.0 ms
>>> [UAV->CLOUD] BLK:5be5|TX:7.0.0.5|CID:1|TS:21.630|SPD:25.4|HDG:-0.2|PX:471.9|PY:-20.0|...
[PASSIVE-BEACON] SIMNOW:21.654 CID:4 ZONE:1 RXUAV:1 EDGEPORT:9998 TS:21.640 SPD:24.600 HDG:1.400 PX:441.000 PY:-50.000 LAN:5 BRK:0 RX_X:0.000 RX_Y:0.000 RX_Z:0.000
[ZONE-ROUTE] CID:4 zone=1 edge_port=9998
[EDGE-RTT] CID:4 wall=0.7 ms  sim_delay=5.0 ms
>>> [UAV->CLOUD] BLK:175b|TX:7.0.0.8|CID:4|TS:21.640|SPD:24.6|HDG:1.4|PX:441.0|PY:-50.0|L...
[ECON-CLAWBACK] CID:1 ACT=WARN prior_payoff=-39.6 extra_penalty=4.8 new_payoff=-44.5
[FORGIVENESS] CID:1 WARN #16 — streak reset, benefits revoked
⚠ [CAR 1] ACT=WARN REP=0.739 RWD=0.000 PNL=4.853 CREDIT=-2
[ECON-CLAWBACK] CID:4 ACT=WARN prior_payoff=2.866 extra_penalty=2.933 new_payoff=-0.163
[FORGIVENESS] CID:4 WARN #3 — streak reset, benefits revoked
⚠ [CAR 4] ACT=WARN REP=0.793 RWD=0.000 PNL=3.029 CREDIT=-2
[PASSIVE-BEACON] SIMNOW:21.686 CID:8 ZONE:1 RXUAV:1 EDGEPORT:9998 TS:21.672 SPD:25.500 HDG:1.600 PX:471.900 PY:-40.000 LAN:4 BRK:0 RX_X:0.000 RX_Y:0.000 RX_Z:0.000
[ZONE-ROUTE] CID:8 zone=1 edge_port=9998
[EDGE-RTT] CID:8 wall=0.9 ms  sim_delay=5.0 ms
>>> [UAV->CLOUD] BLK:444f|TX:7.0.0.12|CID:8|TS:21.672|SPD:25.5|HDG:1.6|PX:471.9|PY:-40.0|...
[PASSIVE-BEACON] SIMNOW:21.686 CID:7 ZONE:1 RXUAV:1 EDGEPORT:9998 TS:21.672 SPD:25.200 HDG:-1.500 PX:482.600 PY:-30.000 LAN:3 BRK:1 RX_X:0.000 RX_Y:0.000 RX_Z:0.000
[ZONE-ROUTE] CID:7 zone=1 edge_port=9998
[EDGE-RTT] CID:7 wall=1.8 ms  sim_delay=5.0 ms
>>> [UAV->CLOUD] BLK:3129|TX:7.0.0.11|CID:7|TS:21.672|SPD:25.2|HDG:-1.5|PX:482.6|PY:-30.0...
[ECON-CLAWBACK] CID:7 ACT=WARN prior_payoff=-22.4 extra_penalty=3.8 new_payoff=-26.3
[FORGIVENESS] CID:7 WARN #12 — streak reset, benefits revoked
⚠ [CAR 7] ACT=WARN REP=0.706 RWD=0.000 PNL=3.852 CREDIT=-2
[ECON-CLAWBACK] CID:8 ACT=WARN prior_payoff=-9.318 extra_penalty=2.750 new_payoff=-12.171
[FORGIVENESS] CID:8 WARN #8 — streak reset, benefits revoked
⚠ [CAR 8] ACT=WARN REP=0.741 RWD=0.000 PNL=2.853 CREDIT=-2
[PASSIVE-BEACON] SIMNOW:21.704 CID:3 ZONE:1 RXUAV:1 EDGEPORT:9998 TS:21.690 SPD:24.700 HDG:-1.900 PX:452.100 PY:-40.000 LAN:4 BRK:0 RX_X:0.000 RX_Y:0.000 RX_Z:0.000
[ZONE-ROUTE] CID:3 zone=1 edge_port=9998
[EDGE-RTT] CID:3 wall=1.0 ms  sim_delay=5.0 ms
>>> [UAV->CLOUD] BLK:5097|TX:7.0.0.7|CID:3|TS:21.690|SPD:24.7|HDG:-1.9|PX:452.1|PY:-40.0|...
[ECON-CLAWBACK] CID:3 ACT=WARN prior_payoff=-9.3 extra_penalty=2.8 new_payoff=-12.2
[FORGIVENESS] CID:3 WARN #8 — streak reset, benefits revoked
⚠ [CAR 3] ACT=WARN REP=0.727 RWD=0.000 PNL=2.850 CREDIT=-2
[PASSIVE-BEACON] SIMNOW:21.874 CID:2 ZONE:1 RXUAV:1 EDGEPORT:9998 TS:21.860 SPD:24.800 HDG:-0.400 PX:466.800 PY:-30.000 LAN:3 BRK:0 RX_X:0.000 RX_Y:0.000 RX_Z:0.000
[ZONE-ROUTE] CID:2 zone=1 edge_port=9998
[EDGE-RTT] CID:2 wall=1.1 ms  sim_delay=5.0 ms
>>> [UAV->CLOUD] BLK:3844|TX:7.0.0.6|CID:2|TS:21.860|SPD:24.8|HDG:-0.4|PX:466.8|PY:-30.0|...
[ECON-CLAWBACK] CID:2 ACT=WARN prior_payoff=-18.8 extra_penalty=3.5 new_payoff=-22.4
[FORGIVENESS] CID:2 WARN #11 — streak reset, benefits revoked
⚠ [CAR 2] ACT=WARN REP=0.388 RWD=0.000 PNL=3.601 CREDIT=-2
[PASSIVE-BEACON] SIMNOW:21.996 CID:6 ZONE:1 RXUAV:1 EDGEPORT:9998 TS:21.982 SPD:24.500 HDG:-0.900 PX:500.300 PY:-20.000 LAN:2 BRK:0 RX_X:0.000 RX_Y:0.000 RX_Z:0.000
[ZONE-ROUTE] CID:6 zone=1 edge_port=9998
[EDGE-RTT] CID:6 wall=0.9 ms  sim_delay=5.0 ms
>>> [UAV->CLOUD] BLK:d24d|TX:7.0.0.10|CID:6|TS:21.982|SPD:24.5|HDG:-0.9|PX:500.3|PY:-20.0...
[ECON-CLAWBACK] CID:6 ACT=WARN prior_payoff=-44.5 extra_penalty=5.0 new_payoff=-49.6
[FORGIVENESS] CID:6 WARN #17 — streak reset, benefits revoked
⚠ [CAR 6] ACT=WARN REP=0.469 RWD=0.000 PNL=5.099 CREDIT=-2
[PASSIVE-BEACON] SIMNOW:22.014 CID:0 ZONE:1 RXUAV:1 EDGEPORT:9998 TS:22.000 SPD:25.300 HDG:-1.800 PX:491.200 PY:-10.000 LAN:1 BRK:0 RX_X:0.000 RX_Y:0.000 RX_Z:0.000
[ZONE-ROUTE] CID:0 zone=1 edge_port=9998
[EDGE-RTT] CID:0 wall=0.9 ms  sim_delay=10.0 ms
>>> [UAV->CLOUD] BLK:2247|TX:7.0.0.4|CID:0|TS:22.000|SPD:25.3|HDG:-1.8|PX:491.2|PY:-10.0|...
[ECON-CLAWBACK] CID:0 ACT=WARN prior_payoff=-66.7 extra_penalty=6.0 new_payoff=-72.8
[FORGIVENESS] CID:0 WARN #21 — streak reset, benefits revoked
⚠ [CAR 0] ACT=WARN REP=0.338 RWD=0.000 PNL=6.102 CREDIT=-2
[PASSIVE-BEACON] SIMNOW:22.106 CID:5 ZONE:1 RXUAV:1 EDGEPORT:9998 TS:22.092 SPD:25.400 HDG:2.000 PX:512.600 PY:-10.000 LAN:1 BRK:0 RX_X:0.000 RX_Y:0.000 RX_Z:0.000
[ZONE-ROUTE] CID:5 zone=1 edge_port=9998
[EDGE-RTT] CID:5 wall=1.0 ms  sim_delay=10.0 ms
>>> [UAV->CLOUD] BLK:27f2|TX:7.0.0.9|CID:5|TS:22.092|SPD:25.4|HDG:2.0|PX:512.6|PY:-10.0|L...
[ECON-CLAWBACK] CID:5 ACT=WARN prior_payoff=-66.7 extra_penalty=6.0 new_payoff=-72.8
[FORGIVENESS] CID:5 WARN #21 — streak reset, benefits revoked
⚠ [CAR 5] ACT=WARN REP=0.263 RWD=0.000 PNL=6.102 CREDIT=-2
[PASSIVE-BEACON] SIMNOW:22.144 CID:1 ZONE:1 RXUAV:1 EDGEPORT:9998 TS:22.130 SPD:24.500 HDG:1.900 PX:483.200 PY:-20.000 LAN:2 BRK:0 RX_X:0.000 RX_Y:0.000 RX_Z:0.000
[ZONE-ROUTE] CID:1 zone=1 edge_port=9998
[EDGE-RTT] CID:1 wall=0.9 ms  sim_delay=5.0 ms
>>> [UAV->CLOUD] BLK:27b4|TX:7.0.0.5|CID:1|TS:22.130|SPD:24.5|HDG:1.9|PX:483.2|PY:-20.0|L...
[PASSIVE-BEACON] SIMNOW:22.154 CID:4 ZONE:1 RXUAV:1 EDGEPORT:9998 TS:22.140 SPD:25.400 HDG:-1.800 PX:454.600 PY:-50.000 LAN:5 BRK:0 RX_X:0.000 RX_Y:0.000 RX_Z:0.000
[ZONE-ROUTE] CID:4 zone=1 edge_port=9998
[EDGE-RTT] CID:4 wall=0.8 ms  sim_delay=5.0 ms
>>> [UAV->CLOUD] BLK:aea2|TX:7.0.0.8|CID:4|TS:22.140|SPD:25.4|HDG:-1.8|PX:454.6|PY:-50.0|...
[ECON-CLAWBACK] CID:1 ACT=WARN prior_payoff=-44.5 extra_penalty=5.0 new_payoff=-49.6
[FORGIVENESS] CID:1 WARN #17 — streak reset, benefits revoked
⚠ [CAR 1] ACT=WARN REP=0.364 RWD=0.000 PNL=5.099 CREDIT=-2
[ECON-CLAWBACK] CID:4 ACT=WARN prior_payoff=-0.163 extra_penalty=1.750 new_payoff=-2.014
[FORGIVENESS] CID:4 WARN #4 — streak reset, benefits revoked
⚠ [CAR 4] ACT=WARN REP=0.932 RWD=0.000 PNL=1.851 CREDIT=-2
[PASSIVE-BEACON] SIMNOW:22.186 CID:8 ZONE:1 RXUAV:1 EDGEPORT:9998 TS:22.172 SPD:24.500 HDG:1.700 PX:485.100 PY:-40.000 LAN:4 BRK:0 RX_X:0.000 RX_Y:0.000 RX_Z:0.000
[ZONE-ROUTE] CID:8 zone=1 edge_port=9998
[EDGE-RTT] CID:8 wall=1.0 ms  sim_delay=5.0 ms
>>> [UAV->CLOUD] BLK:c970|TX:7.0.0.12|CID:8|TS:22.172|SPD:24.5|HDG:1.7|PX:485.1|PY:-40.0|...
[PASSIVE-BEACON] SIMNOW:22.186 CID:7 ZONE:1 RXUAV:1 EDGEPORT:9998 TS:22.172 SPD:25.000 HDG:1.500 PX:495.200 PY:-30.000 LAN:3 BRK:1 RX_X:0.000 RX_Y:0.000 RX_Z:0.000
[ZONE-ROUTE] CID:7 zone=1 edge_port=9998
[EDGE-RTT] CID:7 wall=2.4 ms  sim_delay=5.0 ms
>>> [UAV->CLOUD] BLK:3dce|TX:7.0.0.11|CID:7|TS:22.172|SPD:25.0|HDG:1.5|PX:495.2|PY:-30.0|...
[ECON-CLAWBACK] CID:8 ACT=WARN prior_payoff=-12.2 extra_penalty=3.0 new_payoff=-15.3
[FORGIVENESS] CID:8 WARN #9 — streak reset, benefits revoked
⚠ [CAR 8] ACT=WARN REP=0.900 RWD=0.000 PNL=3.099 CREDIT=-2
[ECON-CLAWBACK] CID:7 ACT=WARN prior_payoff=-26.262 extra_penalty=4.000 new_payoff=-30.363
[FORGIVENESS] CID:7 WARN #13 — streak reset, benefits revoked
⚠ [CAR 7] ACT=WARN REP=0.584 RWD=0.000 PNL=4.101 CREDIT=-2
[PASSIVE-BEACON] SIMNOW:22.204 CID:3 ZONE:1 RXUAV:1 EDGEPORT:9998 TS:22.190 SPD:25.500 HDG:0.400 PX:464.900 PY:-40.000 LAN:4 BRK:0 RX_X:0.000 RX_Y:0.000 RX_Z:0.000
[ZONE-ROUTE] CID:3 zone=1 edge_port=9998
[EDGE-RTT] CID:3 wall=0.6 ms  sim_delay=5.0 ms
>>> [UAV->CLOUD] BLK:9915|TX:7.0.0.7|CID:3|TS:22.190|SPD:25.5|HDG:0.4|PX:464.9|PY:-40.0|L...
[ECON-CLAWBACK] CID:3 ACT=WARN prior_payoff=-12.2 extra_penalty=3.0 new_payoff=-15.3
[FORGIVENESS] CID:3 WARN #9 — streak reset, benefits revoked
⚠ [CAR 3] ACT=WARN REP=0.817 RWD=0.000 PNL=3.103 CREDIT=-2
[PASSIVE-BEACON] SIMNOW:22.374 CID:2 ZONE:1 RXUAV:1 EDGEPORT:9998 TS:22.360 SPD:24.800 HDG:-2.000 PX:480.100 PY:-30.000 LAN:3 BRK:0 RX_X:0.000 RX_Y:0.000 RX_Z:0.000
[ZONE-ROUTE] CID:2 zone=1 edge_port=9998
[EDGE-RTT] CID:2 wall=0.8 ms  sim_delay=5.0 ms
>>> [UAV->CLOUD] BLK:3281|TX:7.0.0.6|CID:2|TS:22.360|SPD:24.8|HDG:-2.0|PX:480.1|PY:-30.0|...
[ECON-CLAWBACK] CID:2 ACT=WARN prior_payoff=-22.4 extra_penalty=3.8 new_payoff=-26.3
[FORGIVENESS] CID:2 WARN #12 — streak reset, benefits revoked
⚠ [CAR 2] ACT=WARN REP=0.778 RWD=0.000 PNL=3.851 CREDIT=-2
[PASSIVE-BEACON] SIMNOW:22.496 CID:6 ZONE:1 RXUAV:1 EDGEPORT:9998 TS:22.482 SPD:25.400 HDG:0.700 PX:512.300 PY:-20.000 LAN:2 BRK:1 RX_X:0.000 RX_Y:0.000 RX_Z:0.000
[ZONE-ROUTE] CID:6 zone=1 edge_port=9998
[EDGE-RTT] CID:6 wall=1.0 ms  sim_delay=5.0 ms
>>> [UAV->CLOUD] BLK:ce24|TX:7.0.0.10|CID:6|TS:22.482|SPD:25.4|HDG:0.7|PX:512.3|PY:-20.0|...
[ECON-CLAWBACK] CID:6 ACT=WARN prior_payoff=-49.6 extra_penalty=5.2 new_payoff=-55.0
[FORGIVENESS] CID:6 WARN #18 — streak reset, benefits revoked
⚠ [CAR 6] ACT=WARN REP=0.478 RWD=0.000 PNL=5.352 CREDIT=-2
[PASSIVE-BEACON] SIMNOW:22.514 CID:0 ZONE:1 RXUAV:1 EDGEPORT:9998 TS:22.500 SPD:25.400 HDG:1.600 PX:502.500 PY:-10.000 LAN:1 BRK:0 RX_X:0.000 RX_Y:0.000 RX_Z:0.000
[ZONE-ROUTE] CID:0 zone=1 edge_port=9998
[EDGE-RTT] CID:0 wall=0.8 ms  sim_delay=10.0 ms
>>> [UAV->CLOUD] BLK:fcb6|TX:7.0.0.4|CID:0|TS:22.500|SPD:25.4|HDG:1.6|PX:502.5|PY:-10.0|L...
[ECON-CLAWBACK] CID:0 ACT=WARN prior_payoff=-72.8 extra_penalty=6.2 new_payoff=-79.2
[FORGIVENESS] CID:0 WARN #22 — streak reset, benefits revoked
⚠ [CAR 0] ACT=WARN REP=0.237 RWD=0.000 PNL=6.353 CREDIT=-2
[PASSIVE-BEACON] SIMNOW:22.606 CID:5 ZONE:1 RXUAV:1 EDGEPORT:9998 TS:22.592 SPD:25.300 HDG:-0.700 PX:524.800 PY:-10.000 LAN:1 BRK:0 RX_X:0.000 RX_Y:0.000 RX_Z:0.000
[ZONE-ROUTE] CID:5 zone=1 edge_port=9998
[EDGE-RTT] CID:5 wall=0.9 ms  sim_delay=10.0 ms
>>> [UAV->CLOUD] BLK:4f55|TX:7.0.0.9|CID:5|TS:22.592|SPD:25.3|HDG:-0.7|PX:524.8|PY:-10.0|...
[ECON-CLAWBACK] CID:5 ACT=WARN prior_payoff=-72.8 extra_penalty=6.2 new_payoff=-79.2
[FORGIVENESS] CID:5 WARN #22 — streak reset, benefits revoked
⚠ [CAR 5] ACT=WARN REP=0.345 RWD=0.000 PNL=6.352 CREDIT=-2
[PASSIVE-BEACON] SIMNOW:22.644 CID:1 ZONE:1 RXUAV:1 EDGEPORT:9998 TS:22.630 SPD:25.000 HDG:0.700 PX:496.100 PY:-20.000 LAN:2 BRK:0 RX_X:0.000 RX_Y:0.000 RX_Z:0.000
[ZONE-ROUTE] CID:1 zone=1 edge_port=9998
[EDGE-RTT] CID:1 wall=0.9 ms  sim_delay=5.0 ms
>>> [UAV->CLOUD] BLK:e5e6|TX:7.0.0.5|CID:1|TS:22.630|SPD:25.0|HDG:0.7|PX:496.1|PY:-20.0|L...
[PASSIVE-BEACON] SIMNOW:22.653 CID:4 ZONE:1 RXUAV:1 EDGEPORT:9998 TS:22.640 SPD:24.600 HDG:1.800 PX:466.700 PY:-50.000 LAN:5 BRK:0 RX_X:0.000 RX_Y:0.000 RX_Z:0.000
[ZONE-ROUTE] CID:4 zone=1 edge_port=9998
[EDGE-RTT] CID:4 wall=0.7 ms  sim_delay=5.0 ms
>>> [UAV->CLOUD] BLK:a7f3|TX:7.0.0.8|CID:4|TS:22.640|SPD:24.6|HDG:1.8|PX:466.7|PY:-50.0|L...
[ECON-CLAWBACK] CID:1 ACT=WARN prior_payoff=-49.6 extra_penalty=5.2 new_payoff=-54.9
[FORGIVENESS] CID:1 WARN #18 — streak reset, benefits revoked
⚠ [CAR 1] ACT=WARN REP=0.572 RWD=0.000 PNL=5.352 CREDIT=-2
[ECON-CLAWBACK] CID:4 ACT=WARN prior_payoff=-2.014 extra_penalty=2.000 new_payoff=-4.113
[FORGIVENESS] CID:4 WARN #5 — streak reset, benefits revoked
⚠ [CAR 4] ACT=WARN REP=0.777 RWD=0.000 PNL=2.099 CREDIT=-2
[PASSIVE-BEACON] SIMNOW:22.686 CID:8 ZONE:1 RXUAV:1 EDGEPORT:9998 TS:22.672 SPD:25.100 HDG:0.400 PX:496.800 PY:-40.000 LAN:4 BRK:1 RX_X:0.000 RX_Y:0.000 RX_Z:0.000
[ZONE-ROUTE] CID:8 zone=1 edge_port=9998
[EDGE-RTT] CID:8 wall=1.0 ms  sim_delay=5.0 ms
>>> [UAV->CLOUD] BLK:3a67|TX:7.0.0.12|CID:8|TS:22.672|SPD:25.1|HDG:0.4|PX:496.8|PY:-40.0|...
[PASSIVE-BEACON] SIMNOW:22.686 CID:7 ZONE:1 RXUAV:1 EDGEPORT:9998 TS:22.672 SPD:24.700 HDG:0.700 PX:507.900 PY:-30.000 LAN:3 BRK:0 RX_X:0.000 RX_Y:0.000 RX_Z:0.000
[ZONE-ROUTE] CID:7 zone=1 edge_port=9998
[EDGE-RTT] CID:7 wall=2.8 ms  sim_delay=5.0 ms
>>> [UAV->CLOUD] BLK:b961|TX:7.0.0.11|CID:7|TS:22.672|SPD:24.7|HDG:0.7|PX:507.9|PY:-30.0|...
[ECON-CLAWBACK] CID:8 ACT=WARN prior_payoff=-15.3 extra_penalty=3.2 new_payoff=-18.6
[FORGIVENESS] CID:8 WARN #10 — streak reset, benefits revoked
⚠ [CAR 8] ACT=WARN REP=0.941 RWD=0.000 PNL=3.352 CREDIT=-2
[ECON-CLAWBACK] CID:7 ACT=WARN prior_payoff=-30.363 extra_penalty=4.250 new_payoff=-34.712
[FORGIVENESS] CID:7 WARN #14 — streak reset, benefits revoked
⚠ [CAR 7] ACT=WARN REP=0.350 RWD=0.000 PNL=4.350 CREDIT=-2
[PASSIVE-BEACON] SIMNOW:22.704 CID:3 ZONE:1 RXUAV:1 EDGEPORT:9998 TS:22.690 SPD:25.000 HDG:-1.900 PX:477.900 PY:-40.000 LAN:4 BRK:0 RX_X:0.000 RX_Y:0.000 RX_Z:0.000
[ZONE-ROUTE] CID:3 zone=1 edge_port=9998
[EDGE-RTT] CID:3 wall=1.0 ms  sim_delay=5.0 ms
>>> [UAV->CLOUD] BLK:f02b|TX:7.0.0.7|CID:3|TS:22.690|SPD:25.0|HDG:-1.9|PX:477.9|PY:-40.0|...
[ECON-CLAWBACK] CID:3 ACT=WARN prior_payoff=-15.3 extra_penalty=3.2 new_payoff=-18.6
[FORGIVENESS] CID:3 WARN #10 — streak reset, benefits revoked
⚠ [CAR 3] ACT=WARN REP=0.691 RWD=0.000 PNL=3.352 CREDIT=-2
[PASSIVE-BEACON] SIMNOW:22.874 CID:2 ZONE:1 RXUAV:1 EDGEPORT:9998 TS:22.860 SPD:25.100 HDG:0.700 PX:491.900 PY:-30.000 LAN:3 BRK:1 RX_X:0.000 RX_Y:0.000 RX_Z:0.000
[ZONE-ROUTE] CID:2 zone=1 edge_port=9998
[EDGE-RTT] CID:2 wall=1.1 ms  sim_delay=5.0 ms
>>> [UAV->CLOUD] BLK:2675|TX:7.0.0.6|CID:2|TS:22.860|SPD:25.1|HDG:0.7|PX:491.9|PY:-30.0|L...
[ECON-CLAWBACK] CID:2 ACT=WARN prior_payoff=-26.3 extra_penalty=4.0 new_payoff=-30.4
[FORGIVENESS] CID:2 WARN #13 — streak reset, benefits revoked
⚠ [CAR 2] ACT=WARN REP=0.784 RWD=0.000 PNL=4.102 CREDIT=-2
[PASSIVE-BEACON] SIMNOW:22.996 CID:6 ZONE:1 RXUAV:1 EDGEPORT:9998 TS:22.982 SPD:24.600 HDG:0.600 PX:525.600 PY:-20.000 LAN:2 BRK:0 RX_X:0.000 RX_Y:0.000 RX_Z:0.000
[ZONE-ROUTE] CID:6 zone=1 edge_port=9998
[EDGE-RTT] CID:6 wall=1.1 ms  sim_delay=5.0 ms
>>> [UAV->CLOUD] BLK:769a|TX:7.0.0.10|CID:6|TS:22.982|SPD:24.6|HDG:0.6|PX:525.6|PY:-20.0|...
[ECON-CLAWBACK] CID:6 ACT=WARN prior_payoff=-55.0 extra_penalty=5.5 new_payoff=-60.6
[FORGIVENESS] CID:6 WARN #19 — streak reset, benefits revoked
⚠ [CAR 6] ACT=WARN REP=0.563 RWD=0.000 PNL=5.600 CREDIT=-2
[PASSIVE-BEACON] SIMNOW:23.014 CID:0 ZONE:1 RXUAV:1 EDGEPORT:9998 TS:23.000 SPD:24.500 HDG:-1.300 PX:516.100 PY:-10.000 LAN:1 BRK:0 RX_X:0.000 RX_Y:0.000 RX_Z:0.000
[ZONE-ROUTE] CID:0 zone=1 edge_port=9998
[EDGE-RTT] CID:0 wall=0.8 ms  sim_delay=10.0 ms
>>> [UAV->CLOUD] BLK:e770|TX:7.0.0.4|CID:0|TS:23.000|SPD:24.5|HDG:-1.3|PX:516.1|PY:-10.0|...
[ECON-CLAWBACK] CID:0 ACT=WARN prior_payoff=-79.2 extra_penalty=6.5 new_payoff=-85.8
[FORGIVENESS] CID:0 WARN #23 — streak reset, benefits revoked
⚠ [CAR 0] ACT=WARN REP=0.030 RWD=0.000 PNL=6.599 CREDIT=-2
[PASSIVE-BEACON] SIMNOW:23.106 CID:5 ZONE:1 RXUAV:1 EDGEPORT:9998 TS:23.092 SPD:25.300 HDG:1.800 PX:538.500 PY:-10.000 LAN:1 BRK:0 RX_X:0.000 RX_Y:0.000 RX_Z:0.000
[ZONE-ROUTE] CID:5 zone=1 edge_port=9998
[EDGE-RTT] CID:5 wall=0.9 ms  sim_delay=10.0 ms
>>> [UAV->CLOUD] BLK:f7fc|TX:7.0.0.9|CID:5|TS:23.092|SPD:25.3|HDG:1.8|PX:538.5|PY:-10.0|L...
[ECON-CLAWBACK] CID:5 ACT=WARN prior_payoff=-79.2 extra_penalty=6.5 new_payoff=-85.8
[FORGIVENESS] CID:5 WARN #23 — streak reset, benefits revoked
⚠ [CAR 5] ACT=WARN REP=0.281 RWD=0.000 PNL=6.602 CREDIT=-2
[PASSIVE-BEACON] SIMNOW:23.144 CID:1 ZONE:1 RXUAV:1 EDGEPORT:9998 TS:23.130 SPD:25.300 HDG:0.500 PX:508.300 PY:-20.000 LAN:2 BRK:0 RX_X:0.000 RX_Y:0.000 RX_Z:0.000
[ZONE-ROUTE] CID:1 zone=1 edge_port=9998
[EDGE-RTT] CID:1 wall=1.1 ms  sim_delay=5.0 ms
>>> [UAV->CLOUD] BLK:e04b|TX:7.0.0.5|CID:1|TS:23.130|SPD:25.3|HDG:0.5|PX:508.3|PY:-20.0|L...
[PASSIVE-BEACON] SIMNOW:23.154 CID:4 ZONE:1 RXUAV:1 EDGEPORT:9998 TS:23.140 SPD:24.600 HDG:0.300 PX:479.000 PY:-50.000 LAN:5 BRK:0 RX_X:0.000 RX_Y:0.000 RX_Z:0.000
[ZONE-ROUTE] CID:4 zone=1 edge_port=9998
[EDGE-RTT] CID:4 wall=0.8 ms  sim_delay=5.0 ms
>>> [UAV->CLOUD] BLK:638b|TX:7.0.0.8|CID:4|TS:23.140|SPD:24.6|HDG:0.3|PX:479.0|PY:-50.0|L...
[ECON-CLAWBACK] CID:1 ACT=WARN prior_payoff=-54.9 extra_penalty=5.5 new_payoff=-60.5
[FORGIVENESS] CID:1 WARN #19 — streak reset, benefits revoked
⚠ [CAR 1] ACT=WARN REP=0.464 RWD=0.000 PNL=5.602 CREDIT=-2
[ECON-CLAWBACK] CID:4 ACT=WARN prior_payoff=-4.113 extra_penalty=2.250 new_payoff=-6.462
[FORGIVENESS] CID:4 WARN #6 — streak reset, benefits revoked
⚠ [CAR 4] ACT=WARN REP=0.936 RWD=0.000 PNL=2.349 CREDIT=-2
[PASSIVE-BEACON] SIMNOW:23.186 CID:8 ZONE:1 RXUAV:1 EDGEPORT:9998 TS:23.172 SPD:25.200 HDG:-0.100 PX:509.400 PY:-40.000 LAN:4 BRK:0 RX_X:0.000 RX_Y:0.000 RX_Z:0.000
[ZONE-ROUTE] CID:8 zone=1 edge_port=9998
[EDGE-RTT] CID:8 wall=1.1 ms  sim_delay=5.0 ms
>>> [UAV->CLOUD] BLK:d452|TX:7.0.0.12|CID:8|TS:23.172|SPD:25.2|HDG:-0.1|PX:509.4|PY:-40.0...
[PASSIVE-BEACON] SIMNOW:23.186 CID:7 ZONE:1 RXUAV:1 EDGEPORT:9998 TS:23.172 SPD:24.600 HDG:-0.700 PX:519.200 PY:-30.000 LAN:3 BRK:1 RX_X:0.000 RX_Y:0.000 RX_Z:0.000
[ZONE-ROUTE] CID:7 zone=1 edge_port=9998
[EDGE-RTT] CID:7 wall=1.7 ms  sim_delay=5.0 ms
>>> [UAV->CLOUD] BLK:8dd6|TX:7.0.0.11|CID:7|TS:23.172|SPD:24.6|HDG:-0.7|PX:519.2|PY:-30.0...
[ECON-CLAWBACK] CID:7 ACT=WARN prior_payoff=-34.7 extra_penalty=4.5 new_payoff=-39.3
[FORGIVENESS] CID:7 WARN #15 — streak reset, benefits revoked
⚠ [CAR 7] ACT=WARN REP=0.890 RWD=0.000 PNL=4.599 CREDIT=-2
[ECON-CLAWBACK] CID:8 ACT=WARN prior_payoff=-18.622 extra_penalty=3.500 new_payoff=-22.224
[FORGIVENESS] CID:8 WARN #11 — streak reset, benefits revoked
⚠ [CAR 8] ACT=WARN REP=0.701 RWD=0.000 PNL=3.602 CREDIT=-2
[PASSIVE-BEACON] SIMNOW:23.204 CID:3 ZONE:1 RXUAV:1 EDGEPORT:9998 TS:23.190 SPD:25.000 HDG:-1.600 PX:489.600 PY:-40.000 LAN:4 BRK:0 RX_X:0.000 RX_Y:0.000 RX_Z:0.000
[ZONE-ROUTE] CID:3 zone=1 edge_port=9998
[EDGE-RTT] CID:3 wall=1.1 ms  sim_delay=5.0 ms
>>> [UAV->CLOUD] BLK:0baa|TX:7.0.0.7|CID:3|TS:23.190|SPD:25.0|HDG:-1.6|PX:489.6|PY:-40.0|...
[ECON-CLAWBACK] CID:3 ACT=WARN prior_payoff=-18.6 extra_penalty=3.5 new_payoff=-22.2
[FORGIVENESS] CID:3 WARN #11 — streak reset, benefits revoked
⚠ [CAR 3] ACT=WARN REP=0.700 RWD=0.000 PNL=3.601 CREDIT=-2
[PASSIVE-BEACON] SIMNOW:23.374 CID:2 ZONE:1 RXUAV:1 EDGEPORT:9998 TS:23.360 SPD:25.300 HDG:-0.800 PX:504.400 PY:-30.000 LAN:3 BRK:0 RX_X:0.000 RX_Y:0.000 RX_Z:0.000
[ZONE-ROUTE] CID:2 zone=1 edge_port=9998
[EDGE-RTT] CID:2 wall=0.9 ms  sim_delay=5.0 ms
>>> [UAV->CLOUD] BLK:9efb|TX:7.0.0.6|CID:2|TS:23.360|SPD:25.3|HDG:-0.8|PX:504.4|PY:-30.0|...
[ECON-CLAWBACK] CID:2 ACT=WARN prior_payoff=-30.4 extra_penalty=4.2 new_payoff=-34.7
[FORGIVENESS] CID:2 WARN #14 — streak reset, benefits revoked
⚠ [CAR 2] ACT=WARN REP=0.520 RWD=0.000 PNL=4.352 CREDIT=-2
[PASSIVE-BEACON] SIMNOW:23.496 CID:6 ZONE:1 RXUAV:1 EDGEPORT:9998 TS:23.482 SPD:25.100 HDG:-1.100 PX:537.200 PY:-20.000 LAN:2 BRK:0 RX_X:0.000 RX_Y:0.000 RX_Z:0.000
[ZONE-ROUTE] CID:6 zone=1 edge_port=9998
[EDGE-RTT] CID:6 wall=1.1 ms  sim_delay=5.0 ms
>>> [UAV->CLOUD] BLK:af0f|TX:7.0.0.10|CID:6|TS:23.482|SPD:25.1|HDG:-1.1|PX:537.2|PY:-20.0...
[ECON-CLAWBACK] CID:6 ACT=WARN prior_payoff=-60.6 extra_penalty=5.8 new_payoff=-66.4
[FORGIVENESS] CID:6 WARN #20 — streak reset, benefits revoked
⚠ [CAR 6] ACT=WARN REP=0.619 RWD=0.000 PNL=5.852 CREDIT=-2
[PASSIVE-BEACON] SIMNOW:23.514 CID:0 ZONE:1 RXUAV:1 EDGEPORT:9998 TS:23.500 SPD:25.400 HDG:-0.100 PX:527.500 PY:-10.000 LAN:1 BRK:0 RX_X:0.000 RX_Y:0.000 RX_Z:0.000
[ZONE-ROUTE] CID:0 zone=1 edge_port=9998
[EDGE-RTT] CID:0 wall=0.9 ms  sim_delay=10.0 ms
>>> [UAV->CLOUD] BLK:3658|TX:7.0.0.4|CID:0|TS:23.500|SPD:25.4|HDG:-0.1|PX:527.5|PY:-10.0|...
[ECON-CLAWBACK] CID:0 ACT=WARN prior_payoff=-85.8 extra_penalty=6.8 new_payoff=-92.6
[FORGIVENESS] CID:0 WARN #24 — streak reset, benefits revoked
⚠ [CAR 0] ACT=WARN REP=0.515 RWD=0.000 PNL=6.852 CREDIT=-2
[PASSIVE-BEACON] SIMNOW:23.606 CID:5 ZONE:1 RXUAV:1 EDGEPORT:9998 TS:23.592 SPD:24.600 HDG:-0.600 PX:551.000 PY:-10.000 LAN:1 BRK:0 RX_X:0.000 RX_Y:0.000 RX_Z:0.000
[ZONE-ROUTE] CID:5 zone=1 edge_port=9998
[EDGE-RTT] CID:5 wall=0.8 ms  sim_delay=10.0 ms
>>> [UAV->CLOUD] BLK:0a0c|TX:7.0.0.9|CID:5|TS:23.592|SPD:24.6|HDG:-0.6|PX:551.0|PY:-10.0|...
[ECON-CLAWBACK] CID:5 ACT=WARN prior_payoff=-85.8 extra_penalty=6.8 new_payoff=-92.6
[FORGIVENESS] CID:5 WARN #24 — streak reset, benefits revoked
⚠ [CAR 5] ACT=WARN REP=0.271 RWD=0.000 PNL=6.850 CREDIT=-2
[PASSIVE-BEACON] SIMNOW:23.644 CID:1 ZONE:1 RXUAV:1 EDGEPORT:9998 TS:23.630 SPD:25.000 HDG:1.300 PX:521.200 PY:-20.000 LAN:2 BRK:0 RX_X:0.000 RX_Y:0.000 RX_Z:0.000
[ZONE-ROUTE] CID:1 zone=1 edge_port=9998
[EDGE-RTT] CID:1 wall=1.0 ms  sim_delay=5.0 ms
>>> [UAV->CLOUD] BLK:114c|TX:7.0.0.5|CID:1|TS:23.630|SPD:25.0|HDG:1.3|PX:521.2|PY:-20.0|L...
[PASSIVE-BEACON] SIMNOW:23.654 CID:4 ZONE:1 RXUAV:1 EDGEPORT:9998 TS:23.640 SPD:25.300 HDG:1.200 PX:491.800 PY:-50.000 LAN:5 BRK:1 RX_X:0.000 RX_Y:0.000 RX_Z:0.000
[ZONE-ROUTE] CID:4 zone=1 edge_port=9998
[EDGE-RTT] CID:4 wall=0.9 ms  sim_delay=5.0 ms
>>> [UAV->CLOUD] BLK:f557|TX:7.0.0.8|CID:4|TS:23.640|SPD:25.3|HDG:1.2|PX:491.8|PY:-50.0|L...
[ECON-CLAWBACK] CID:1 ACT=WARN prior_payoff=-60.5 extra_penalty=5.8 new_payoff=-66.4
[FORGIVENESS] CID:1 WARN #20 — streak reset, benefits revoked
⚠ [CAR 1] ACT=WARN REP=0.429 RWD=0.000 PNL=5.851 CREDIT=-2
[ECON-CLAWBACK] CID:4 ACT=WARN prior_payoff=-6.462 extra_penalty=2.500 new_payoff=-9.064
[FORGIVENESS] CID:4 WARN #7 — streak reset, benefits revoked
⚠ [CAR 4] ACT=WARN REP=0.891 RWD=0.000 PNL=2.602 CREDIT=-2
[PASSIVE-BEACON] SIMNOW:23.686 CID:8 ZONE:1 RXUAV:1 EDGEPORT:9998 TS:23.672 SPD:25.200 HDG:-0.200 PX:522.700 PY:-40.000 LAN:4 BRK:1 RX_X:0.000 RX_Y:0.000 RX_Z:0.000
[ZONE-ROUTE] CID:8 zone=1 edge_port=9998
[EDGE-RTT] CID:8 wall=1.1 ms  sim_delay=5.0 ms
>>> [UAV->CLOUD] BLK:bd7b|TX:7.0.0.12|CID:8|TS:23.672|SPD:25.2|HDG:-0.2|PX:522.7|PY:-40.0...
[PASSIVE-BEACON] SIMNOW:23.686 CID:7 ZONE:1 RXUAV:1 EDGEPORT:9998 TS:23.672 SPD:25.100 HDG:1.400 PX:532.000 PY:-30.000 LAN:3 BRK:0 RX_X:0.000 RX_Y:0.000 RX_Z:0.000
[ZONE-ROUTE] CID:7 zone=1 edge_port=9998
[EDGE-RTT] CID:7 wall=1.9 ms  sim_delay=5.0 ms
>>> [UAV->CLOUD] BLK:d504|TX:7.0.0.11|CID:7|TS:23.672|SPD:25.1|HDG:1.4|PX:532.0|PY:-30.0|...
[ECON-CLAWBACK] CID:7 ACT=WARN prior_payoff=-39.3 extra_penalty=4.8 new_payoff=-44.2
[FORGIVENESS] CID:7 WARN #16 — streak reset, benefits revoked
⚠ [CAR 7] ACT=WARN REP=0.630 RWD=0.000 PNL=4.852 CREDIT=-2
[ECON-CLAWBACK] CID:8 ACT=WARN prior_payoff=-22.224 extra_penalty=3.750 new_payoff=-26.076
[FORGIVENESS] CID:8 WARN #12 — streak reset, benefits revoked
⚠ [CAR 8] ACT=WARN REP=0.674 RWD=0.000 PNL=3.852 CREDIT=-2
[PASSIVE-BEACON] SIMNOW:23.704 CID:3 ZONE:1 RXUAV:1 EDGEPORT:9998 TS:23.690 SPD:25.400 HDG:-1.300 PX:502.800 PY:-40.000 LAN:4 BRK:0 RX_X:0.000 RX_Y:0.000 RX_Z:0.000
[ZONE-ROUTE] CID:3 zone=1 edge_port=9998
[EDGE-RTT] CID:3 wall=0.7 ms  sim_delay=5.0 ms
>>> [UAV->CLOUD] BLK:44da|TX:7.0.0.7|CID:3|TS:23.690|SPD:25.4|HDG:-1.3|PX:502.8|PY:-40.0|...
[ECON-CLAWBACK] CID:3 ACT=WARN prior_payoff=-22.2 extra_penalty=3.8 new_payoff=-26.1
[FORGIVENESS] CID:3 WARN #12 — streak reset, benefits revoked
⚠ [CAR 3] ACT=WARN REP=0.359 RWD=0.000 PNL=3.852 CREDIT=-2
[PASSIVE-BEACON] SIMNOW:23.874 CID:2 ZONE:1 RXUAV:1 EDGEPORT:9998 TS:23.860 SPD:25.400 HDG:1.800 PX:516.800 PY:-30.000 LAN:3 BRK:0 RX_X:0.000 RX_Y:0.000 RX_Z:0.000
[ZONE-ROUTE] CID:2 zone=1 edge_port=9998
[EDGE-RTT] CID:2 wall=0.7 ms  sim_delay=5.0 ms
>>> [UAV->CLOUD] BLK:6e38|TX:7.0.0.6|CID:2|TS:23.860|SPD:25.4|HDG:1.8|PX:516.8|PY:-30.0|L...
[ECON-CLAWBACK] CID:2 ACT=WARN prior_payoff=-34.7 extra_penalty=4.5 new_payoff=-39.3
[FORGIVENESS] CID:2 WARN #15 — streak reset, benefits revoked
⚠ [CAR 2] ACT=WARN REP=0.675 RWD=0.000 PNL=4.602 CREDIT=-2
[PASSIVE-BEACON] SIMNOW:23.996 CID:6 ZONE:1 RXUAV:1 EDGEPORT:9998 TS:23.982 SPD:25.200 HDG:0.900 PX:550.600 PY:-20.000 LAN:2 BRK:0 RX_X:0.000 RX_Y:0.000 RX_Z:0.000
[ZONE-ROUTE] CID:6 zone=1 edge_port=9998
[EDGE-RTT] CID:6 wall=0.9 ms  sim_delay=5.0 ms
>>> [UAV->CLOUD] BLK:1b97|TX:7.0.0.10|CID:6|TS:23.982|SPD:25.2|HDG:0.9|PX:550.6|PY:-20.0|...
[ECON-CLAWBACK] CID:6 ACT=WARN prior_payoff=-66.4 extra_penalty=6.0 new_payoff=-72.5
[FORGIVENESS] CID:6 WARN #21 — streak reset, benefits revoked
⚠ [CAR 6] ACT=WARN REP=0.440 RWD=0.000 PNL=6.102 CREDIT=-2
[PASSIVE-BEACON] SIMNOW:24.014 CID:0 ZONE:1 RXUAV:1 EDGEPORT:9998 TS:24.000 SPD:15.100 HDG:0.000 PX:538.900 PY:-10.000 LAN:1 BRK:0 RX_X:0.000 RX_Y:0.000 RX_Z:0.000
[ZONE-ROUTE] CID:0 zone=1 edge_port=9998
[EDGE-RTT] CID:0 wall=0.9 ms  sim_delay=10.0 ms
>>> [UAV->CLOUD] BLK:0b87|TX:7.0.0.4|CID:0|TS:24.000|SPD:15.1|HDG:0.0|PX:538.9|PY:-10.0|L...
[ECON-GATE] CID:0 probation active - suppressing OK reward 1.0
✓ [CAR 0] ACT=OK REP=0.336 RWD=0.000 PNL=0.000 CREDIT=0
[PASSIVE-BEACON] SIMNOW:24.106 CID:5 ZONE:1 RXUAV:1 EDGEPORT:9998 TS:24.092 SPD:14.600 HDG:-0.200 PX:559.100 PY:-10.000 LAN:1 BRK:0 RX_X:0.000 RX_Y:0.000 RX_Z:0.000
[ZONE-ROUTE] CID:5 zone=1 edge_port=9998
[EDGE-RTT] CID:5 wall=1.0 ms  sim_delay=10.0 ms
>>> [UAV->CLOUD] BLK:fbe6|TX:7.0.0.9|CID:5|TS:24.092|SPD:14.6|HDG:-0.2|PX:559.1|PY:-10.0|...
[ECON-GATE] CID:5 probation active - suppressing OK reward 1.0
✓ [CAR 5] ACT=OK REP=0.575 RWD=0.000 PNL=0.000 CREDIT=0
[PASSIVE-BEACON] SIMNOW:24.144 CID:1 ZONE:1 RXUAV:1 EDGEPORT:9998 TS:24.130 SPD:25.400 HDG:1.400 PX:533.300 PY:-20.000 LAN:2 BRK:0 RX_X:0.000 RX_Y:0.000 RX_Z:0.000
[ZONE-ROUTE] CID:1 zone=1 edge_port=9998
[EDGE-RTT] CID:1 wall=0.9 ms  sim_delay=5.0 ms
>>> [UAV->CLOUD] BLK:9ef0|TX:7.0.0.5|CID:1|TS:24.130|SPD:25.4|HDG:1.4|PX:533.3|PY:-20.0|L...
[PASSIVE-BEACON] SIMNOW:24.156 CID:4 ZONE:1 RXUAV:1 EDGEPORT:9998 TS:24.140 SPD:24.600 HDG:-1.600 PX:503.800 PY:-50.000 LAN:5 BRK:0 RX_X:0.000 RX_Y:0.000 RX_Z:0.000
[ZONE-ROUTE] CID:4 zone=1 edge_port=9998
[EDGE-RTT] CID:4 wall=0.8 ms  sim_delay=5.0 ms
>>> [UAV->CLOUD] BLK:dab4|TX:7.0.0.8|CID:4|TS:24.140|SPD:24.6|HDG:-1.6|PX:503.8|PY:-50.0|...
[ECON-CLAWBACK] CID:1 ACT=WARN prior_payoff=-66.4 extra_penalty=6.0 new_payoff=-72.5
[FORGIVENESS] CID:1 WARN #21 — streak reset, benefits revoked
⚠ [CAR 1] ACT=WARN REP=0.527 RWD=0.000 PNL=6.102 CREDIT=-2
[ECON-CLAWBACK] CID:4 ACT=WARN prior_payoff=-9.064 extra_penalty=2.750 new_payoff=-11.914
[FORGIVENESS] CID:4 WARN #8 — streak reset, benefits revoked
⚠ [CAR 4] ACT=WARN REP=0.629 RWD=0.000 PNL=2.850 CREDIT=-2
[PASSIVE-BEACON] SIMNOW:24.186 CID:8 ZONE:1 RXUAV:1 EDGEPORT:9998 TS:24.172 SPD:25.100 HDG:0.500 PX:535.300 PY:-40.000 LAN:4 BRK:0 RX_X:0.000 RX_Y:0.000 RX_Z:0.000
[ZONE-ROUTE] CID:8 zone=1 edge_port=9998
[EDGE-RTT] CID:8 wall=1.1 ms  sim_delay=5.0 ms
>>> [UAV->CLOUD] BLK:6ddd|TX:7.0.0.12|CID:8|TS:24.172|SPD:25.1|HDG:0.5|PX:535.3|PY:-40.0|...
[PASSIVE-BEACON] SIMNOW:24.186 CID:7 ZONE:1 RXUAV:1 EDGEPORT:9998 TS:24.172 SPD:25.000 HDG:-0.900 PX:544.800 PY:-30.000 LAN:3 BRK:0 RX_X:0.000 RX_Y:0.000 RX_Z:0.000
[ZONE-ROUTE] CID:7 zone=1 edge_port=9998
[EDGE-RTT] CID:7 wall=2.4 ms  sim_delay=5.0 ms
>>> [UAV->CLOUD] BLK:35f4|TX:7.0.0.11|CID:7|TS:24.172|SPD:25.0|HDG:-0.9|PX:544.8|PY:-30.0...
[ECON-CLAWBACK] CID:8 ACT=WARN prior_payoff=-26.1 extra_penalty=4.0 new_payoff=-30.2
[FORGIVENESS] CID:8 WARN #13 — streak reset, benefits revoked
⚠ [CAR 8] ACT=WARN REP=0.741 RWD=0.000 PNL=4.102 CREDIT=-2
[ECON-CLAWBACK] CID:7 ACT=WARN prior_payoff=-44.163 extra_penalty=5.000 new_payoff=-49.264
[FORGIVENESS] CID:7 WARN #17 — streak reset, benefits revoked
⚠ [CAR 7] ACT=WARN REP=0.543 RWD=0.000 PNL=5.101 CREDIT=-2
[PASSIVE-BEACON] SIMNOW:24.204 CID:3 ZONE:1 RXUAV:1 EDGEPORT:9998 TS:24.190 SPD:25.500 HDG:-1.700 PX:515.600 PY:-40.000 LAN:4 BRK:0 RX_X:0.000 RX_Y:0.000 RX_Z:0.000
[ZONE-ROUTE] CID:3 zone=1 edge_port=9998
[EDGE-RTT] CID:3 wall=0.7 ms  sim_delay=5.0 ms
>>> [UAV->CLOUD] BLK:b2fe|TX:7.0.0.7|CID:3|TS:24.190|SPD:25.5|HDG:-1.7|PX:515.6|PY:-40.0|...
[ECON-CLAWBACK] CID:3 ACT=WARN prior_payoff=-26.1 extra_penalty=4.0 new_payoff=-30.2
[FORGIVENESS] CID:3 WARN #13 — streak reset, benefits revoked
⚠ [CAR 3] ACT=WARN REP=0.695 RWD=0.000 PNL=4.103 CREDIT=-2
[PASSIVE-BEACON] SIMNOW:24.374 CID:2 ZONE:1 RXUAV:1 EDGEPORT:9998 TS:24.360 SPD:24.700 HDG:0.200 PX:530.100 PY:-30.000 LAN:3 BRK:0 RX_X:0.000 RX_Y:0.000 RX_Z:0.000
[ZONE-ROUTE] CID:2 zone=1 edge_port=9998
[EDGE-RTT] CID:2 wall=1.1 ms  sim_delay=5.0 ms
>>> [UAV->CLOUD] BLK:202a|TX:7.0.0.6|CID:2|TS:24.360|SPD:24.7|HDG:0.2|PX:530.1|PY:-30.0|L...
[ECON-CLAWBACK] CID:2 ACT=WARN prior_payoff=-39.3 extra_penalty=4.8 new_payoff=-44.2
[FORGIVENESS] CID:2 WARN #16 — streak reset, benefits revoked
⚠ [CAR 2] ACT=WARN REP=0.577 RWD=0.000 PNL=4.851 CREDIT=-2
[ATTACK-EMIT] CID:6 activeWindow=YES falsified=YES simT=24.482 realPX=562.650 fakePX=562.650 realSPD=25.000 fakeSPD=20.000 realTS=24.482 fakeTS=24.482 lane=2
[PASSIVE-BEACON] SIMNOW:24.496 CID:6 ZONE:1 RXUAV:1 EDGEPORT:9998 TS:24.482 SPD:20.000 HDG:0.000 PX:562.700 PY:-20.000 LAN:2 BRK:0 RX_X:0.000 RX_Y:0.000 RX_Z:0.000
[ZONE-ROUTE] CID:6 zone=1 edge_port=9998
[EDGE-RTT] CID:6 wall=1.1 ms  sim_delay=5.0 ms
>>> [UAV->CLOUD] BLK:5d05|TX:7.0.0.10|CID:6|TS:24.482|SPD:20.0|HDG:0.0|PX:562.7|PY:-20.0|...
[ECON-GATE] CID:6 probation active - suppressing OK reward 1.0
✓ [CAR 6] ACT=OK REP=0.332 RWD=0.000 PNL=0.000 CREDIT=0
[PASSIVE-BEACON] SIMNOW:24.512 CID:0 ZONE:1 RXUAV:1 EDGEPORT:9998 TS:24.500 SPD:14.800 HDG:-2.000 PX:546.400 PY:-10.000 LAN:1 BRK:0 RX_X:0.000 RX_Y:0.000 RX_Z:0.000
[ZONE-ROUTE] CID:0 zone=1 edge_port=9998
[EDGE-RTT] CID:0 wall=0.9 ms  sim_delay=10.0 ms
>>> [UAV->CLOUD] BLK:b000|TX:7.0.0.4|CID:0|TS:24.500|SPD:14.8|HDG:-2.0|PX:546.4|PY:-10.0|...
[ECON-GATE] CID:0 probation active - suppressing OK reward 1.0
✓ [CAR 0] ACT=OK REP=0.519 RWD=0.000 PNL=0.000 CREDIT=1
[ATTACK-EMIT] CID:5 activeWindow=YES falsified=YES simT=24.592 realPX=567.080 fakePX=567.080 realSPD=15.000 fakeSPD=20.000 realTS=24.592 fakeTS=24.592 lane=1
[PASSIVE-BEACON] SIMNOW:24.606 CID:5 ZONE:1 RXUAV:1 EDGEPORT:9998 TS:24.592 SPD:20.000 HDG:0.000 PX:567.100 PY:-10.000 LAN:1 BRK:0 RX_X:0.000 RX_Y:0.000 RX_Z:0.000
[ZONE-ROUTE] CID:5 zone=1 edge_port=9998
[EDGE-RTT] CID:5 wall=1.1 ms  sim_delay=10.0 ms
>>> [UAV->CLOUD] BLK:1d0c|TX:7.0.0.9|CID:5|TS:24.592|SPD:20.0|HDG:0.0|PX:567.1|PY:-10.0|L...
[ECON-GATE] CID:5 probation active - suppressing OK reward 1.0
✓ [CAR 5] ACT=OK REP=0.312 RWD=0.000 PNL=0.000 CREDIT=1
[PASSIVE-BEACON] SIMNOW:24.644 CID:1 ZONE:1 RXUAV:1 EDGEPORT:9998 TS:24.630 SPD:25.500 HDG:0.100 PX:545.700 PY:-20.000 LAN:2 BRK:1 RX_X:0.000 RX_Y:0.000 RX_Z:0.000
[ZONE-ROUTE] CID:1 zone=1 edge_port=9998
[EDGE-RTT] CID:1 wall=0.8 ms  sim_delay=5.0 ms
>>> [UAV->CLOUD] BLK:4619|TX:7.0.0.5|CID:1|TS:24.630|SPD:25.5|HDG:0.1|PX:545.7|PY:-20.0|L...
[PASSIVE-BEACON] SIMNOW:24.654 CID:4 ZONE:1 RXUAV:1 EDGEPORT:9998 TS:24.640 SPD:25.100 HDG:1.900 PX:516.100 PY:-50.000 LAN:5 BRK:1 RX_X:0.000 RX_Y:0.000 RX_Z:0.000
[ZONE-ROUTE] CID:4 zone=1 edge_port=9998
[EDGE-RTT] CID:4 wall=0.6 ms  sim_delay=5.0 ms
>>> [UAV->CLOUD] BLK:76ac|TX:7.0.0.8|CID:4|TS:24.640|SPD:25.1|HDG:1.9|PX:516.1|PY:-50.0|L...
[ECON-CLAWBACK] CID:1 ACT=WARN prior_payoff=-72.5 extra_penalty=6.2 new_payoff=-78.8
[FORGIVENESS] CID:1 WARN #22 — streak reset, benefits revoked
⚠ [CAR 1] ACT=WARN REP=0.274 RWD=0.000 PNL=6.353 CREDIT=-2
[ECON-CLAWBACK] CID:4 ACT=WARN prior_payoff=-11.914 extra_penalty=3.000 new_payoff=-15.016
[FORGIVENESS] CID:4 WARN #9 — streak reset, benefits revoked
⚠ [CAR 4] ACT=WARN REP=0.726 RWD=0.000 PNL=3.102 CREDIT=-2
[PASSIVE-BEACON] SIMNOW:24.686 CID:8 ZONE:1 RXUAV:1 EDGEPORT:9998 TS:24.672 SPD:25.200 HDG:-0.600 PX:547.000 PY:-40.000 LAN:4 BRK:0 RX_X:0.000 RX_Y:0.000 RX_Z:0.000
[ZONE-ROUTE] CID:8 zone=1 edge_port=9998
[EDGE-RTT] CID:8 wall=1.1 ms  sim_delay=5.0 ms
>>> [UAV->CLOUD] BLK:aded|TX:7.0.0.12|CID:8|TS:24.672|SPD:25.2|HDG:-0.6|PX:547.0|PY:-40.0...
[PASSIVE-BEACON] SIMNOW:24.686 CID:7 ZONE:1 RXUAV:1 EDGEPORT:9998 TS:24.672 SPD:24.800 HDG:-1.100 PX:557.200 PY:-30.000 LAN:3 BRK:0 RX_X:0.000 RX_Y:0.000 RX_Z:0.000
[ZONE-ROUTE] CID:7 zone=1 edge_port=9998
[EDGE-RTT] CID:7 wall=2.7 ms  sim_delay=5.0 ms
>>> [UAV->CLOUD] BLK:f7f7|TX:7.0.0.11|CID:7|TS:24.672|SPD:24.8|HDG:-1.1|PX:557.2|PY:-30.0...
[ECON-CLAWBACK] CID:8 ACT=WARN prior_payoff=-30.2 extra_penalty=4.2 new_payoff=-34.5
[FORGIVENESS] CID:8 WARN #14 — streak reset, benefits revoked
⚠ [CAR 8] ACT=WARN REP=0.786 RWD=0.000 PNL=4.352 CREDIT=-2
[ECON-CLAWBACK] CID:7 ACT=WARN prior_payoff=-49.264 extra_penalty=5.250 new_payoff=-54.615
[FORGIVENESS] CID:7 WARN #18 — streak reset, benefits revoked
⚠ [CAR 7] ACT=WARN REP=0.642 RWD=0.000 PNL=5.351 CREDIT=-2
[PASSIVE-BEACON] SIMNOW:24.704 CID:3 ZONE:1 RXUAV:1 EDGEPORT:9998 TS:24.690 SPD:25.300 HDG:1.500 PX:527.900 PY:-40.000 LAN:4 BRK:0 RX_X:0.000 RX_Y:0.000 RX_Z:0.000
[ZONE-ROUTE] CID:3 zone=1 edge_port=9998
[EDGE-RTT] CID:3 wall=1.0 ms  sim_delay=5.0 ms
>>> [UAV->CLOUD] BLK:54ac|TX:7.0.0.7|CID:3|TS:24.690|SPD:25.3|HDG:1.5|PX:527.9|PY:-40.0|L...
[ECON-CLAWBACK] CID:3 ACT=WARN prior_payoff=-30.2 extra_penalty=4.2 new_payoff=-34.5
[FORGIVENESS] CID:3 WARN #14 — streak reset, benefits revoked
⚠ [CAR 3] ACT=WARN REP=0.713 RWD=0.000 PNL=4.353 CREDIT=-2
[PASSIVE-BEACON] SIMNOW:24.874 CID:2 ZONE:1 RXUAV:1 EDGEPORT:9998 TS:24.860 SPD:24.800 HDG:0.500 PX:541.700 PY:-30.000 LAN:3 BRK:0 RX_X:0.000 RX_Y:0.000 RX_Z:0.000
[ZONE-ROUTE] CID:2 zone=1 edge_port=9998
[EDGE-RTT] CID:2 wall=1.1 ms  sim_delay=5.0 ms
>>> [UAV->CLOUD] BLK:361c|TX:7.0.0.6|CID:2|TS:24.860|SPD:24.8|HDG:0.5|PX:541.7|PY:-30.0|L...
[ECON-CLAWBACK] CID:2 ACT=WARN prior_payoff=-44.2 extra_penalty=5.0 new_payoff=-49.3
[FORGIVENESS] CID:2 WARN #17 — streak reset, benefits revoked
⚠ [CAR 2] ACT=WARN REP=0.703 RWD=0.000 PNL=5.101 CREDIT=-2
[ATTACK-EMIT] CID:6 activeWindow=YES falsified=YES simT=24.982 realPX=575.150 fakePX=575.150 realSPD=25.000 fakeSPD=20.000 realTS=24.982 fakeTS=24.982 lane=2
[PASSIVE-BEACON] SIMNOW:24.996 CID:6 ZONE:1 RXUAV:1 EDGEPORT:9998 TS:24.982 SPD:20.000 HDG:0.000 PX:575.200 PY:-20.000 LAN:2 BRK:0 RX_X:0.000 RX_Y:0.000 RX_Z:0.000
[ZONE-ROUTE] CID:6 zone=1 edge_port=9998
[EDGE-RTT] CID:6 wall=1.1 ms  sim_delay=5.0 ms
>>> [UAV->CLOUD] BLK:d828|TX:7.0.0.10|CID:6|TS:24.982|SPD:20.0|HDG:0.0|PX:575.2|PY:-20.0|...
[LATE-ATTACK] CID:8 POSITION-FLIP at t=25.0s posX=555.6m distToExit=344.4m (threshold=360.0m)
[ECON-GATE] CID:6 probation active - suppressing OK reward 1.0
✓ [CAR 6] ACT=OK REP=0.172 RWD=0.000 PNL=0.000 CREDIT=1
[PASSIVE-BEACON] SIMNOW:25.014 CID:0 ZONE:1 RXUAV:1 EDGEPORT:9998 TS:25.000 SPD:14.800 HDG:0.700 PX:553.000 PY:-10.000 LAN:1 BRK:1 RX_X:0.000 RX_Y:0.000 RX_Z:0.000
[ZONE-ROUTE] CID:0 zone=1 edge_port=9998
[EDGE-RTT] CID:0 wall=1.0 ms  sim_delay=10.0 ms
>>> [UAV->CLOUD] BLK:1e7a|TX:7.0.0.4|CID:0|TS:25.000|SPD:14.8|HDG:0.7|PX:553.0|PY:-10.0|L...
[ECON-GATE] CID:0 probation active - suppressing OK reward 1.0
✓ [CAR 0] ACT=OK REP=0.263 RWD=0.000 PNL=0.000 CREDIT=2
[ATTACK-EMIT] CID:5 activeWindow=YES falsified=YES simT=25.092 realPX=574.580 fakePX=574.580 realSPD=15.000 fakeSPD=20.000 realTS=25.092 fakeTS=25.092 lane=1
[PASSIVE-BEACON] SIMNOW:25.106 CID:5 ZONE:1 RXUAV:1 EDGEPORT:9998 TS:25.092 SPD:20.000 HDG:0.000 PX:574.600 PY:-10.000 LAN:1 BRK:1 RX_X:0.000 RX_Y:0.000 RX_Z:0.000
[ZONE-ROUTE] CID:5 zone=1 edge_port=9998
[EDGE-RTT] CID:5 wall=1.0 ms  sim_delay=10.0 ms
>>> [UAV->CLOUD] BLK:551c|TX:7.0.0.9|CID:5|TS:25.092|SPD:20.0|HDG:0.0|PX:574.6|PY:-10.0|L...
[ECON-GATE] CID:5 probation active - suppressing OK reward 1.0
✓ [CAR 5] ACT=OK REP=0.544 RWD=0.000 PNL=0.000 CREDIT=2
[PASSIVE-BEACON] SIMNOW:25.144 CID:1 ZONE:1 RXUAV:1 EDGEPORT:9998 TS:25.130 SPD:25.500 HDG:-1.000 PX:558.700 PY:-20.000 LAN:2 BRK:0 RX_X:0.000 RX_Y:0.000 RX_Z:0.000
[ZONE-ROUTE] CID:1 zone=1 edge_port=9998
[EDGE-RTT] CID:1 wall=1.1 ms  sim_delay=5.0 ms
>>> [UAV->CLOUD] BLK:c8c3|TX:7.0.0.5|CID:1|TS:25.130|SPD:25.5|HDG:-1.0|PX:558.7|PY:-20.0|...
[PASSIVE-BEACON] SIMNOW:25.154 CID:4 ZONE:1 RXUAV:1 EDGEPORT:9998 TS:25.140 SPD:25.100 HDG:-0.800 PX:529.100 PY:-50.000 LAN:5 BRK:0 RX_X:0.000 RX_Y:0.000 RX_Z:0.000
[ZONE-ROUTE] CID:4 zone=1 edge_port=9998
[EDGE-RTT] CID:4 wall=0.8 ms  sim_delay=5.0 ms
>>> [UAV->CLOUD] BLK:6d60|TX:7.0.0.8|CID:4|TS:25.140|SPD:25.1|HDG:-0.8|PX:529.1|PY:-50.0|...
[ECON-CLAWBACK] CID:1 ACT=WARN prior_payoff=-78.8 extra_penalty=6.5 new_payoff=-85.4
[FORGIVENESS] CID:1 WARN #23 — streak reset, benefits revoked
⚠ [CAR 1] ACT=WARN REP=0.737 RWD=0.000 PNL=6.603 CREDIT=-2
[ECON-CLAWBACK] CID:4 ACT=WARN prior_payoff=-15.016 extra_penalty=3.250 new_payoff=-18.368
[FORGIVENESS] CID:4 WARN #10 — streak reset, benefits revoked
⚠ [CAR 4] ACT=WARN REP=0.769 RWD=0.000 PNL=3.352 CREDIT=-2
[ATTACK-EMIT] CID:7 activeWindow=YES falsified=YES simT=25.172 realPX=569.900 fakePX=569.900 realSPD=25.000 fakeSPD=20.000 realTS=25.172 fakeTS=25.172 lane=3
[PASSIVE-BEACON] SIMNOW:25.184 CID:8 ZONE:1 RXUAV:1 EDGEPORT:9998 TS:25.172 SPD:24.900 HDG:-1.300 PX:559.900 PY:-40.000 LAN:4 BRK:0 RX_X:0.000 RX_Y:0.000 RX_Z:0.000
[ZONE-ROUTE] CID:8 zone=1 edge_port=9998
[EDGE-RTT] CID:8 wall=1.0 ms  sim_delay=5.0 ms
>>> [UAV->CLOUD] BLK:9707|TX:7.0.0.12|CID:8|TS:25.172|SPD:24.9|HDG:-1.3|PX:559.9|PY:-40.0...
[PASSIVE-BEACON] SIMNOW:25.184 CID:7 ZONE:1 RXUAV:1 EDGEPORT:9998 TS:25.172 SPD:20.000 HDG:0.000 PX:569.900 PY:-30.000 LAN:3 BRK:1 RX_X:0.000 RX_Y:0.000 RX_Z:0.000
[ZONE-ROUTE] CID:7 zone=1 edge_port=9998
[EDGE-RTT] CID:7 wall=2.6 ms  sim_delay=5.0 ms
>>> [UAV->CLOUD] BLK:a903|TX:7.0.0.11|CID:7|TS:25.172|SPD:20.0|HDG:0.0|PX:569.9|PY:-30.0|...
[ECON-CLAWBACK] CID:8 ACT=WARN prior_payoff=-34.5 extra_penalty=4.5 new_payoff=-39.1
[FORGIVENESS] CID:8 WARN #15 — streak reset, benefits revoked
⚠ [CAR 8] ACT=WARN REP=0.678 RWD=0.000 PNL=4.602 CREDIT=-2
[ECON-GATE] CID:7 probation active - suppressing OK reward 0.985
✓ [CAR 7] ACT=OK REP=0.652 RWD=0.000 PNL=0.000 CREDIT=0
[PASSIVE-BEACON] SIMNOW:25.204 CID:3 ZONE:1 RXUAV:1 EDGEPORT:9998 TS:25.190 SPD:25.100 HDG:-1.100 PX:541.000 PY:-40.000 LAN:4 BRK:1 RX_X:0.000 RX_Y:0.000 RX_Z:0.000
[ZONE-ROUTE] CID:3 zone=1 edge_port=9998
[EDGE-RTT] CID:3 wall=0.9 ms  sim_delay=5.0 ms
>>> [UAV->CLOUD] BLK:5ed7|TX:7.0.0.7|CID:3|TS:25.190|SPD:25.1|HDG:-1.1|PX:541.0|PY:-40.0|...
[ECON-CLAWBACK] CID:3 ACT=WARN prior_payoff=-34.5 extra_penalty=4.5 new_payoff=-39.1
[FORGIVENESS] CID:3 WARN #15 — streak reset, benefits revoked
⚠ [CAR 3] ACT=WARN REP=0.555 RWD=0.000 PNL=4.602 CREDIT=-2
[PASSIVE-BEACON] SIMNOW:25.374 CID:2 ZONE:1 RXUAV:1 EDGEPORT:9998 TS:25.360 SPD:24.700 HDG:-0.800 PX:555.100 PY:-30.000 LAN:3 BRK:0 RX_X:0.000 RX_Y:0.000 RX_Z:0.000
[ZONE-ROUTE] CID:2 zone=1 edge_port=9998
[EDGE-RTT] CID:2 wall=1.2 ms  sim_delay=5.0 ms
>>> [UAV->CLOUD] BLK:83cf|TX:7.0.0.6|CID:2|TS:25.360|SPD:24.7|HDG:-0.8|PX:555.1|PY:-30.0|...
[ECON-CLAWBACK] CID:2 ACT=WARN prior_payoff=-49.3 extra_penalty=5.2 new_payoff=-54.6
[FORGIVENESS] CID:2 WARN #18 — streak reset, benefits revoked
⚠ [CAR 2] ACT=WARN REP=0.351 RWD=0.000 PNL=5.351 CREDIT=-2
[ATTACK-EMIT] CID:6 activeWindow=YES falsified=YES simT=25.482 realPX=587.650 fakePX=562.554 realSPD=25.000 fakeSPD=20.000 realTS=25.482 fakeTS=24.982 lane=2
[PASSIVE-BEACON] SIMNOW:25.496 CID:6 ZONE:1 RXUAV:1 EDGEPORT:9998 TS:24.982 SPD:20.000 HDG:0.000 PX:562.600 PY:-20.000 LAN:2 BRK:0 RX_X:0.000 RX_Y:0.000 RX_Z:0.000
[ZONE-ROUTE] CID:6 zone=1 edge_port=9998
[EDGE-RTT] CID:6 wall=0.8 ms  sim_delay=5.0 ms
>>> [UAV->CLOUD] BLK:c387|TX:7.0.0.10|CID:6|TS:24.982|SPD:20.0|HDG:0.0|PX:562.6|PY:-20.0|...
[ATTACK-EMIT] CID:0 activeWindow=YES falsified=YES simT=25.500 realPX=560.700 fakePX=560.700 realSPD=15.000 fakeSPD=20.000 realTS=25.500 fakeTS=25.500 lane=1
[ECON-GATE] CID:6 probation active - suppressing OK reward 0.866
✓ [CAR 6] ACT=OK REP=0.464 RWD=0.000 PNL=0.000 CREDIT=2
[PASSIVE-BEACON] SIMNOW:25.514 CID:0 ZONE:1 RXUAV:1 EDGEPORT:9998 TS:25.500 SPD:20.000 HDG:0.000 PX:560.700 PY:-10.000 LAN:1 BRK:1 RX_X:0.000 RX_Y:0.000 RX_Z:0.000
[ZONE-ROUTE] CID:0 zone=1 edge_port=9998
[EDGE-RTT] CID:0 wall=1.0 ms  sim_delay=10.0 ms
>>> [UAV->CLOUD] BLK:4bbc|TX:7.0.0.4|CID:0|TS:25.500|SPD:20.0|HDG:0.0|PX:560.7|PY:-10.0|L...
[ECON-GATE] CID:0 probation active - suppressing OK reward 1.0
✓ [CAR 0] ACT=OK REP=0.390 RWD=0.000 PNL=0.000 CREDIT=3
[ATTACK-EMIT] CID:5 activeWindow=YES falsified=YES simT=25.592 realPX=582.080 fakePX=566.888 realSPD=15.000 fakeSPD=20.000 realTS=25.592 fakeTS=25.092 lane=1
[PASSIVE-BEACON] SIMNOW:25.606 CID:5 ZONE:1 RXUAV:1 EDGEPORT:9998 TS:25.092 SPD:20.000 HDG:0.000 PX:566.900 PY:-10.000 LAN:1 BRK:0 RX_X:0.000 RX_Y:0.000 RX_Z:0.000
[ZONE-ROUTE] CID:5 zone=1 edge_port=9998
[EDGE-RTT] CID:5 wall=1.0 ms  sim_delay=10.0 ms
>>> [UAV->CLOUD] BLK:926c|TX:7.0.0.9|CID:5|TS:25.092|SPD:20.0|HDG:0.0|PX:566.9|PY:-10.0|L...
[ECON-GATE] CID:5 probation active - suppressing OK reward 0.9
✓ [CAR 5] ACT=OK REP=0.664 RWD=0.000 PNL=0.000 CREDIT=3
[ATTACK-EMIT] CID:1 activeWindow=YES falsified=YES simT=25.630 realPX=571.350 fakePX=571.350 realSPD=25.000 fakeSPD=20.000 realTS=25.630 fakeTS=25.630 lane=2
[ATTACK-EMIT] CID:9 activeWindow=YES falsified=YES simT=25.642 realPX=561.650 fakePX=561.650 realSPD=25.000 fakeSPD=20.000 realTS=25.642 fakeTS=25.642 lane=5
[PASSIVE-BEACON] SIMNOW:25.644 CID:1 ZONE:1 RXUAV:1 EDGEPORT:9998 TS:25.630 SPD:20.000 HDG:0.000 PX:571.400 PY:-20.000 LAN:2 BRK:0 RX_X:0.000 RX_Y:0.000 RX_Z:0.000
[ZONE-ROUTE] CID:1 zone=1 edge_port=9998
[EDGE-RTT] CID:1 wall=1.1 ms  sim_delay=5.0 ms
>>> [UAV->CLOUD] BLK:de0e|TX:7.0.0.5|CID:1|TS:25.630|SPD:20.0|HDG:0.0|PX:571.4|PY:-20.0|L...
[PASSIVE-BEACON] SIMNOW:25.654 CID:4 ZONE:1 RXUAV:1 EDGEPORT:9998 TS:25.640 SPD:25.200 HDG:0.500 PX:541.200 PY:-50.000 LAN:5 BRK:0 RX_X:0.000 RX_Y:0.000 RX_Z:0.000
[ZONE-ROUTE] CID:4 zone=1 edge_port=9998
[EDGE-RTT] CID:4 wall=0.7 ms  sim_delay=5.0 ms
>>> [UAV->CLOUD] BLK:fe6d|TX:7.0.0.8|CID:4|TS:25.640|SPD:25.2|HDG:0.5|PX:541.2|PY:-50.0|L...
[ECON-GATE] CID:1 probation active - suppressing OK reward 1.0
✓ [CAR 1] ACT=OK REP=0.679 RWD=0.000 PNL=0.000 CREDIT=0
[ECON-CLAWBACK] CID:4 ACT=WARN prior_payoff=-18.368 extra_penalty=3.500 new_payoff=-21.970
[FORGIVENESS] CID:4 WARN #11 — streak reset, benefits revoked
⚠ [CAR 4] ACT=WARN REP=0.699 RWD=0.000 PNL=3.602 CREDIT=-2
[ATTACK-EMIT] CID:8 activeWindow=YES falsified=YES simT=25.672 realPX=572.400 fakePX=572.400 realSPD=25.000 fakeSPD=20.000 realTS=25.672 fakeTS=25.672 lane=4
[ATTACK-EMIT] CID:7 activeWindow=YES falsified=YES simT=25.672 realPX=582.400 fakePX=582.400 realSPD=25.000 fakeSPD=20.000 realTS=25.672 fakeTS=25.672 lane=3
[PASSIVE-BEACON] SIMNOW:25.686 CID:8 ZONE:1 RXUAV:1 EDGEPORT:9998 TS:25.672 SPD:20.000 HDG:0.000 PX:572.400 PY:-40.000 LAN:4 BRK:1 RX_X:0.000 RX_Y:0.000 RX_Z:0.000
[ZONE-ROUTE] CID:8 zone=1 edge_port=9998
[EDGE-RTT] CID:8 wall=0.8 ms  sim_delay=5.0 ms
>>> [UAV->CLOUD] BLK:a3b1|TX:7.0.0.12|CID:8|TS:25.672|SPD:20.0|HDG:0.0|PX:572.4|PY:-40.0|...
[PASSIVE-BEACON] SIMNOW:25.686 CID:7 ZONE:1 RXUAV:1 EDGEPORT:9998 TS:25.672 SPD:20.000 HDG:0.000 PX:582.400 PY:-30.000 LAN:3 BRK:0 RX_X:0.000 RX_Y:0.000 RX_Z:0.000
[ZONE-ROUTE] CID:7 zone=1 edge_port=9998
[EDGE-RTT] CID:7 wall=2.2 ms  sim_delay=5.0 ms
>>> [UAV->CLOUD] BLK:9299|TX:7.0.0.11|CID:7|TS:25.672|SPD:20.0|HDG:0.0|PX:582.4|PY:-30.0|...
[ECON-GATE] CID:8 probation active - suppressing OK reward 1.0
✓ [CAR 8] ACT=OK REP=0.661 RWD=0.000 PNL=0.000 CREDIT=0
[ECON-GATE] CID:7 probation active - suppressing OK reward 0.994
✓ [CAR 7] ACT=OK REP=0.906 RWD=0.000 PNL=0.000 CREDIT=1
[PASSIVE-BEACON] SIMNOW:25.704 CID:3 ZONE:1 RXUAV:1 EDGEPORT:9998 TS:25.690 SPD:25.400 HDG:-1.700 PX:552.300 PY:-40.000 LAN:4 BRK:0 RX_X:0.000 RX_Y:0.000 RX_Z:0.000
[ZONE-ROUTE] CID:3 zone=1 edge_port=9998
[EDGE-RTT] CID:3 wall=0.7 ms  sim_delay=5.0 ms
>>> [UAV->CLOUD] BLK:ef45|TX:7.0.0.7|CID:3|TS:25.690|SPD:25.4|HDG:-1.7|PX:552.3|PY:-40.0|...
[ECON-CLAWBACK] CID:3 ACT=WARN prior_payoff=-39.1 extra_penalty=4.8 new_payoff=-44.0
[FORGIVENESS] CID:3 WARN #16 — streak reset, benefits revoked
⚠ [CAR 3] ACT=WARN REP=0.621 RWD=0.000 PNL=4.853 CREDIT=-2
[ATTACK-EMIT] CID:2 activeWindow=YES falsified=YES simT=25.860 realPX=567.100 fakePX=567.100 realSPD=25.000 fakeSPD=20.000 realTS=25.860 fakeTS=25.860 lane=3
[PASSIVE-BEACON] SIMNOW:25.874 CID:2 ZONE:1 RXUAV:1 EDGEPORT:9998 TS:25.860 SPD:20.000 HDG:0.000 PX:567.100 PY:-30.000 LAN:3 BRK:0 RX_X:0.000 RX_Y:0.000 RX_Z:0.000
[ZONE-ROUTE] CID:2 zone=1 edge_port=9998
[EDGE-RTT] CID:2 wall=0.9 ms  sim_delay=5.0 ms
>>> [UAV->CLOUD] BLK:d751|TX:7.0.0.6|CID:2|TS:25.860|SPD:20.0|HDG:0.0|PX:567.1|PY:-30.0|L...
[ECON-GATE] CID:2 probation active - suppressing OK reward 1.0
✓ [CAR 2] ACT=OK REP=0.587 RWD=0.000 PNL=0.000 CREDIT=0
[ATTACK-EMIT] CID:6 activeWindow=YES falsified=YES simT=25.982 realPX=597.930 fakePX=597.930 realSPD=15.000 fakeSPD=20.000 realTS=25.982 fakeTS=25.982 lane=2
[PASSIVE-BEACON] SIMNOW:25.996 CID:6 ZONE:1 RXUAV:1 EDGEPORT:9998 TS:25.982 SPD:20.000 HDG:0.000 PX:597.900 PY:-20.000 LAN:2 BRK:0 RX_X:0.000 RX_Y:0.000 RX_Z:0.000
[ZONE-ROUTE] CID:6 zone=1 edge_port=9998
[EDGE-RTT] CID:6 wall=0.9 ms  sim_delay=5.0 ms
>>> [UAV->CLOUD] BLK:6a28|TX:7.0.0.10|CID:6|TS:25.982|SPD:20.0|HDG:0.0|PX:597.9|PY:-20.0|...
[LATE-ATTACK] CID:3 POSITION-FLIP at t=26.0s posX=560.6m distToExit=339.4m (threshold=360.0m)
[ATTACK-EMIT] CID:0 activeWindow=YES falsified=YES simT=26.000 realPX=568.200 fakePX=568.200 realSPD=15.000 fakeSPD=20.000 realTS=26.000 fakeTS=26.000 lane=1
[ECON-GATE] CID:6 probation active - suppressing OK reward 1.000
✓ [CAR 6] ACT=OK REP=0.645 RWD=0.000 PNL=0.000 CREDIT=3
[PASSIVE-BEACON] SIMNOW:26.013 CID:0 ZONE:1 RXUAV:1 EDGEPORT:9998 TS:26.000 SPD:20.000 HDG:0.000 PX:568.200 PY:-10.000 LAN:1 BRK:0 RX_X:0.000 RX_Y:0.000 RX_Z:0.000
[ZONE-ROUTE] CID:0 zone=1 edge_port=9998
[EDGE-RTT] CID:0 wall=1.0 ms  sim_delay=10.0 ms
>>> [UAV->CLOUD] BLK:8dbc|TX:7.0.0.4|CID:0|TS:26.000|SPD:20.0|HDG:0.0|PX:568.2|PY:-10.0|L...
[ECON-GATE] CID:0 probation active - suppressing OK reward 1.0
✓ [CAR 0] ACT=OK REP=0.395 RWD=0.000 PNL=0.000 CREDIT=4
[ATTACK-EMIT] CID:5 activeWindow=YES falsified=YES simT=26.092 realPX=589.580 fakePX=589.580 realSPD=15.000 fakeSPD=20.000 realTS=26.092 fakeTS=26.092 lane=1
[PASSIVE-BEACON] SIMNOW:26.106 CID:5 ZONE:1 RXUAV:1 EDGEPORT:9998 TS:26.092 SPD:20.000 HDG:0.000 PX:589.600 PY:-10.000 LAN:1 BRK:0 RX_X:0.000 RX_Y:0.000 RX_Z:0.000
[ZONE-ROUTE] CID:5 zone=1 edge_port=9998
[EDGE-RTT] CID:5 wall=1.0 ms  sim_delay=10.0 ms
>>> [UAV->CLOUD] BLK:3b16|TX:7.0.0.9|CID:5|TS:26.092|SPD:20.0|HDG:0.0|PX:589.6|PY:-10.0|L...
[ECON-GATE] CID:5 probation active - suppressing OK reward 1.0
✓ [CAR 5] ACT=OK REP=0.339 RWD=0.000 PNL=0.000 CREDIT=4
[ATTACK-EMIT] CID:1 activeWindow=YES falsified=YES simT=26.130 realPX=580.150 fakePX=580.150 realSPD=15.000 fakeSPD=20.000 realTS=26.130 fakeTS=26.130 lane=2
[ATTACK-EMIT] CID:9 activeWindow=YES falsified=YES simT=26.142 realPX=574.150 fakePX=574.150 realSPD=25.000 fakeSPD=20.000 realTS=26.142 fakeTS=26.142 lane=5
[PASSIVE-BEACON] SIMNOW:26.144 CID:1 ZONE:1 RXUAV:1 EDGEPORT:9998 TS:26.130 SPD:20.000 HDG:0.000 PX:580.200 PY:-20.000 LAN:2 BRK:0 RX_X:0.000 RX_Y:0.000 RX_Z:0.000
[ZONE-ROUTE] CID:1 zone=1 edge_port=9998
[EDGE-RTT] CID:1 wall=0.9 ms  sim_delay=5.0 ms
>>> [UAV->CLOUD] BLK:bebd|TX:7.0.0.5|CID:1|TS:26.130|SPD:20.0|HDG:0.0|PX:580.2|PY:-20.0|L...
[PASSIVE-BEACON] SIMNOW:26.154 CID:4 ZONE:1 RXUAV:1 EDGEPORT:9998 TS:26.140 SPD:24.500 HDG:-0.600 PX:554.500 PY:-50.000 LAN:5 BRK:0 RX_X:0.000 RX_Y:0.000 RX_Z:0.000
[ZONE-ROUTE] CID:4 zone=1 edge_port=9998
[EDGE-RTT] CID:4 wall=0.9 ms  sim_delay=5.0 ms
>>> [UAV->CLOUD] BLK:235d|TX:7.0.0.8|CID:4|TS:26.140|SPD:24.5|HDG:-0.6|PX:554.5|PY:-50.0|...
[ECON-GATE] CID:1 probation active - suppressing OK reward 1.0
✓ [CAR 1] ACT=OK REP=0.278 RWD=0.000 PNL=0.000 CREDIT=1
[ECON-CLAWBACK] CID:4 ACT=WARN prior_payoff=-21.970 extra_penalty=3.750 new_payoff=-25.819
[FORGIVENESS] CID:4 WARN #12 — streak reset, benefits revoked
⚠ [CAR 4] ACT=WARN REP=0.436 RWD=0.000 PNL=3.849 CREDIT=-2
[ATTACK-EMIT] CID:8 activeWindow=YES falsified=YES simT=26.172 realPX=584.900 fakePX=584.900 realSPD=25.000 fakeSPD=20.000 realTS=26.172 fakeTS=26.172 lane=4
[ATTACK-EMIT] CID:7 activeWindow=YES falsified=YES simT=26.172 realPX=594.900 fakePX=569.942 realSPD=25.000 fakeSPD=20.000 realTS=26.172 fakeTS=25.672 lane=3
[PASSIVE-BEACON] SIMNOW:26.186 CID:8 ZONE:1 RXUAV:1 EDGEPORT:9998 TS:26.172 SPD:20.000 HDG:0.000 PX:584.900 PY:-40.000 LAN:4 BRK:1 RX_X:0.000 RX_Y:0.000 RX_Z:0.000
[ZONE-ROUTE] CID:8 zone=1 edge_port=9998
[EDGE-RTT] CID:8 wall=1.0 ms  sim_delay=5.0 ms
>>> [UAV->CLOUD] BLK:3cfd|TX:7.0.0.12|CID:8|TS:26.172|SPD:20.0|HDG:0.0|PX:584.9|PY:-40.0|...
[PASSIVE-BEACON] SIMNOW:26.186 CID:7 ZONE:1 RXUAV:1 EDGEPORT:9998 TS:25.672 SPD:20.000 HDG:0.000 PX:569.900 PY:-30.000 LAN:3 BRK:0 RX_X:0.000 RX_Y:0.000 RX_Z:0.000
[ZONE-ROUTE] CID:7 zone=1 edge_port=9998
[EDGE-RTT] CID:7 wall=2.7 ms  sim_delay=5.0 ms
>>> [UAV->CLOUD] BLK:e69d|TX:7.0.0.11|CID:7|TS:25.672|SPD:20.0|HDG:0.0|PX:569.9|PY:-30.0|...
[ATTACK-EMIT] CID:3 activeWindow=YES falsified=YES simT=26.190 realPX=565.350 fakePX=565.350 realSPD=25.000 fakeSPD=20.000 realTS=26.190 fakeTS=26.190 lane=4
[ECON-GATE] CID:8 probation active - suppressing OK reward 0.994
✓ [CAR 8] ACT=OK REP=0.324 RWD=0.000 PNL=0.000 CREDIT=1
[ECON-GATE] CID:7 probation active - suppressing OK reward 0.867
✓ [CAR 7] ACT=OK REP=0.692 RWD=0.000 PNL=0.000 CREDIT=2
[PASSIVE-BEACON] SIMNOW:26.204 CID:3 ZONE:1 RXUAV:1 EDGEPORT:9998 TS:26.190 SPD:20.000 HDG:0.000 PX:565.400 PY:-40.000 LAN:4 BRK:0 RX_X:0.000 RX_Y:0.000 RX_Z:0.000
[ZONE-ROUTE] CID:3 zone=1 edge_port=9998
[EDGE-RTT] CID:3 wall=1.1 ms  sim_delay=5.0 ms
>>> [UAV->CLOUD] BLK:5ac6|TX:7.0.0.7|CID:3|TS:26.190|SPD:20.0|HDG:0.0|PX:565.4|PY:-40.0|L...
[ECON-GATE] CID:3 probation active - suppressing OK reward 1.0
✓ [CAR 3] ACT=OK REP=0.566 RWD=0.000 PNL=0.000 CREDIT=0
[ATTACK-EMIT] CID:2 activeWindow=YES falsified=YES simT=26.360 realPX=579.600 fakePX=579.600 realSPD=25.000 fakeSPD=20.000 realTS=26.360 fakeTS=26.360 lane=3
[PASSIVE-BEACON] SIMNOW:26.374 CID:2 ZONE:1 RXUAV:1 EDGEPORT:9998 TS:26.360 SPD:20.000 HDG:0.000 PX:579.600 PY:-30.000 LAN:3 BRK:0 RX_X:0.000 RX_Y:0.000 RX_Z:0.000
[ZONE-ROUTE] CID:2 zone=1 edge_port=9998
[EDGE-RTT] CID:2 wall=1.0 ms  sim_delay=5.0 ms
>>> [UAV->CLOUD] BLK:e5af|TX:7.0.0.6|CID:2|TS:26.360|SPD:20.0|HDG:0.0|PX:579.6|PY:-30.0|L...
[ECON-GATE] CID:2 probation active - suppressing OK reward 1.0
✓ [CAR 2] ACT=OK REP=0.744 RWD=0.000 PNL=0.000 CREDIT=1
[ATTACK-EMIT] CID:6 activeWindow=YES falsified=YES simT=26.482 realPX=605.430 fakePX=605.430 realSPD=15.000 fakeSPD=20.000 realTS=26.482 fakeTS=26.482 lane=2
[PASSIVE-BEACON] SIMNOW:26.496 CID:6 ZONE:2 RXUAV:2 EDGEPORT:9996 TS:26.482 SPD:20.000 HDG:0.000 PX:605.400 PY:-20.000 LAN:2 BRK:0 RX_X:0.000 RX_Y:0.000 RX_Z:0.000
[ZONE-ROUTE] CID:6 zone=1 edge_port=9998
[EDGE-RTT] CID:6 wall=1.1 ms  sim_delay=5.0 ms
>>> [UAV->CLOUD] BLK:44cb|TX:7.0.0.10|CID:6|TS:26.482|SPD:20.0|HDG:0.0|PX:605.4|PY:-20.0|...
[ATTACK-EMIT] CID:0 activeWindow=YES falsified=YES simT=26.500 realPX=575.700 fakePX=560.928 realSPD=15.000 fakeSPD=20.000 realTS=26.500 fakeTS=26.000 lane=1
[ECON-GATE] CID:6 probation active - suppressing OK reward 1.000
✓ [CAR 6] ACT=OK REP=0.626 RWD=0.000 PNL=0.000 CREDIT=4
[PASSIVE-BEACON] SIMNOW:26.514 CID:0 ZONE:1 RXUAV:1 EDGEPORT:9998 TS:26.000 SPD:20.000 HDG:0.000 PX:560.900 PY:-10.000 LAN:1 BRK:0 RX_X:0.000 RX_Y:0.000 RX_Z:0.000
[ZONE-ROUTE] CID:0 zone=1 edge_port=9998
[EDGE-RTT] CID:0 wall=0.7 ms  sim_delay=10.0 ms
>>> [UAV->CLOUD] BLK:1aa0|TX:7.0.0.4|CID:0|TS:26.000|SPD:20.0|HDG:0.0|PX:560.9|PY:-10.0|L...
[ECON-GATE] CID:0 probation active - suppressing OK reward 0.9
✓ [CAR 0] ACT=OK REP=0.413 RWD=0.000 PNL=0.000 CREDIT=5
[ATTACK-EMIT] CID:5 activeWindow=YES falsified=YES simT=26.592 realPX=597.080 fakePX=597.080 realSPD=15.000 fakeSPD=20.000 realTS=26.592 fakeTS=26.592 lane=1
[PASSIVE-BEACON] SIMNOW:26.609 CID:5 ZONE:1 RXUAV:1 EDGEPORT:9998 TS:26.592 SPD:20.000 HDG:0.000 PX:597.100 PY:-10.000 LAN:1 BRK:0 RX_X:0.000 RX_Y:0.000 RX_Z:0.000
[ZONE-ROUTE] CID:5 zone=1 edge_port=9998
[EDGE-RTT] CID:5 wall=1.1 ms  sim_delay=10.0 ms
>>> [UAV->CLOUD] BLK:29aa|TX:7.0.0.9|CID:5|TS:26.592|SPD:20.0|HDG:0.0|PX:597.1|PY:-10.0|L...
[ECON-GATE] CID:5 probation active - suppressing OK reward 1.0
✓ [CAR 5] ACT=OK REP=0.321 RWD=0.000 PNL=0.000 CREDIT=5
[ATTACK-EMIT] CID:1 activeWindow=YES falsified=YES simT=26.630 realPX=587.650 fakePX=571.602 realSPD=15.000 fakeSPD=20.000 realTS=26.630 fakeTS=26.130 lane=2
[ATTACK-EMIT] CID:4 activeWindow=YES falsified=YES simT=26.640 realPX=566.600 fakePX=566.600 realSPD=25.000 fakeSPD=20.000 realTS=26.640 fakeTS=26.640 lane=5
[ATTACK-EMIT] CID:9 activeWindow=YES falsified=YES simT=26.642 realPX=586.650 fakePX=561.482 realSPD=25.000 fakeSPD=22.000 realTS=26.642 fakeTS=26.142 lane=5
[PASSIVE-BEACON] SIMNOW:26.644 CID:1 ZONE:1 RXUAV:1 EDGEPORT:9998 TS:26.130 SPD:20.000 HDG:0.000 PX:571.600 PY:-20.000 LAN:2 BRK:0 RX_X:0.000 RX_Y:0.000 RX_Z:0.000
[ZONE-ROUTE] CID:1 zone=1 edge_port=9998
[EDGE-RTT] CID:1 wall=0.9 ms  sim_delay=5.0 ms
>>> [UAV->CLOUD] BLK:afe8|TX:7.0.0.5|CID:1|TS:26.130|SPD:20.0|HDG:0.0|PX:571.6|PY:-20.0|L...
[PASSIVE-BEACON] SIMNOW:26.654 CID:4 ZONE:1 RXUAV:1 EDGEPORT:9998 TS:26.640 SPD:20.000 HDG:0.000 PX:566.600 PY:-50.000 LAN:5 BRK:0 RX_X:0.000 RX_Y:0.000 RX_Z:0.000
[ZONE-ROUTE] CID:4 zone=1 edge_port=9998
[EDGE-RTT] CID:4 wall=0.8 ms  sim_delay=5.0 ms
>>> [UAV->CLOUD] BLK:8670|TX:7.0.0.8|CID:4|TS:26.640|SPD:20.0|HDG:0.0|PX:566.6|PY:-50.0|L...
[ECON-GATE] CID:1 probation active - suppressing OK reward 0.9
✓ [CAR 1] ACT=OK REP=0.566 RWD=0.000 PNL=0.000 CREDIT=2
[ECON-GATE] CID:4 probation active - suppressing OK reward 0.985
✓ [CAR 4] ACT=OK REP=0.660 RWD=0.000 PNL=0.000 CREDIT=0
[ATTACK-EMIT] CID:8 activeWindow=YES falsified=YES simT=26.672 realPX=597.400 fakePX=572.280 realSPD=25.000 fakeSPD=20.000 realTS=26.672 fakeTS=26.172 lane=4
[ATTACK-EMIT] CID:7 activeWindow=YES falsified=YES simT=26.672 realPX=607.400 fakePX=607.400 realSPD=25.000 fakeSPD=20.000 realTS=26.672 fakeTS=26.672 lane=3
[PASSIVE-BEACON] SIMNOW:26.685 CID:8 ZONE:1 RXUAV:1 EDGEPORT:9998 TS:26.172 SPD:20.000 HDG:0.000 PX:572.300 PY:-40.000 LAN:4 BRK:0 RX_X:0.000 RX_Y:0.000 RX_Z:0.000
[ZONE-ROUTE] CID:8 zone=1 edge_port=9998
[EDGE-RTT] CID:8 wall=0.7 ms  sim_delay=5.0 ms
>>> [UAV->CLOUD] BLK:93aa|TX:7.0.0.12|CID:8|TS:26.172|SPD:20.0|HDG:0.0|PX:572.3|PY:-40.0|...
[PASSIVE-BEACON] SIMNOW:26.685 CID:7 ZONE:2 RXUAV:2 EDGEPORT:9996 TS:26.672 SPD:20.000 HDG:0.000 PX:607.400 PY:-30.000 LAN:3 BRK:1 RX_X:0.000 RX_Y:0.000 RX_Z:0.000
[ZONE-ROUTE] CID:7 zone=1 edge_port=9998
[EDGE-RTT] CID:7 wall=3.1 ms  sim_delay=5.0 ms
>>> [UAV->CLOUD] BLK:2ba9|TX:7.0.0.11|CID:7|TS:26.672|SPD:20.0|HDG:0.0|PX:607.4|PY:-30.0|...
[ATTACK-EMIT] CID:3 activeWindow=YES falsified=YES simT=26.690 realPX=577.850 fakePX=577.850 realSPD=25.000 fakeSPD=20.000 realTS=26.690 fakeTS=26.690 lane=4
[ECON-GATE] CID:8 probation active - suppressing OK reward 0.851
✓ [CAR 8] ACT=OK REP=0.763 RWD=0.000 PNL=0.000 CREDIT=2
[ECON-GATE] CID:7 probation active - suppressing OK reward 1.000
✓ [CAR 7] ACT=OK REP=0.572 RWD=0.000 PNL=0.000 CREDIT=3
[PASSIVE-BEACON] SIMNOW:26.704 CID:3 ZONE:1 RXUAV:1 EDGEPORT:9998 TS:26.690 SPD:20.000 HDG:0.000 PX:577.900 PY:-40.000 LAN:4 BRK:0 RX_X:0.000 RX_Y:0.000 RX_Z:0.000
[ZONE-ROUTE] CID:3 zone=1 edge_port=9998
[EDGE-RTT] CID:3 wall=0.9 ms  sim_delay=5.0 ms
>>> [UAV->CLOUD] BLK:5315|TX:7.0.0.7|CID:3|TS:26.690|SPD:20.0|HDG:0.0|PX:577.9|PY:-40.0|L...
[ECON-GATE] CID:3 probation active - suppressing OK reward 1.0
✓ [CAR 3] ACT=OK REP=0.719 RWD=0.000 PNL=0.000 CREDIT=1
[ATTACK-EMIT] CID:2 activeWindow=YES falsified=YES simT=26.860 realPX=592.100 fakePX=567.112 realSPD=25.000 fakeSPD=20.000 realTS=26.860 fakeTS=26.360 lane=3
[PASSIVE-BEACON] SIMNOW:26.874 CID:2 ZONE:1 RXUAV:1 EDGEPORT:9998 TS:26.360 SPD:20.000 HDG:0.000 PX:567.100 PY:-30.000 LAN:3 BRK:0 RX_X:0.000 RX_Y:0.000 RX_Z:0.000
[ZONE-ROUTE] CID:2 zone=1 edge_port=9998
[EDGE-RTT] CID:2 wall=1.0 ms  sim_delay=5.0 ms
>>> [UAV->CLOUD] BLK:cd8f|TX:7.0.0.6|CID:2|TS:26.360|SPD:20.0|HDG:0.0|PX:567.1|PY:-30.0|L...
[ECON-GATE] CID:2 probation active - suppressing OK reward 0.9
✓ [CAR 2] ACT=OK REP=0.729 RWD=0.000 PNL=0.000 CREDIT=2
[ATTACK-EMIT] CID:6 activeWindow=YES falsified=YES simT=26.982 realPX=612.930 fakePX=562.536 realSPD=15.000 fakeSPD=20.000 realTS=26.982 fakeTS=26.482 lane=2
[PASSIVE-BEACON] SIMNOW:26.996 CID:6 ZONE:1 RXUAV:1 EDGEPORT:9998 TS:26.482 SPD:20.000 HDG:0.000 PX:562.500 PY:-20.000 LAN:2 BRK:0 RX_X:0.000 RX_Y:0.000 RX_Z:0.000
[ZONE-ROUTE] CID:6 zone=1 edge_port=9998
[EDGE-RTT] CID:6 wall=1.0 ms  sim_delay=5.0 ms
>>> [UAV->CLOUD] BLK:a50d|TX:7.0.0.10|CID:6|TS:26.482|SPD:20.0|HDG:0.0|PX:562.5|PY:-20.0|...
[ATTACK-EMIT] CID:0 activeWindow=YES falsified=YES simT=27.000 realPX=583.200 fakePX=583.200 realSPD=15.000 fakeSPD=20.000 realTS=27.000 fakeTS=27.000 lane=1
[ECON-CLAWBACK] CID:6 ACT=WARN prior_payoff=-72.548 extra_penalty=6.250 new_payoff=-78.879
[FORGIVENESS] CID:6 WARN #22 — streak reset, benefits revoked
⚠ [CAR 6] ACT=WARN REP=0.307 RWD=0.000 PNL=6.331 CREDIT=3
[PASSIVE-BEACON] SIMNOW:27.014 CID:0 ZONE:1 RXUAV:1 EDGEPORT:9998 TS:27.000 SPD:20.000 HDG:0.000 PX:583.200 PY:-10.000 LAN:1 BRK:0 RX_X:0.000 RX_Y:0.000 RX_Z:0.000
[ZONE-ROUTE] CID:0 zone=1 edge_port=9998
[EDGE-RTT] CID:0 wall=1.0 ms  sim_delay=10.0 ms
>>> [UAV->CLOUD] BLK:3577|TX:7.0.0.4|CID:0|TS:27.000|SPD:20.0|HDG:0.0|PX:583.2|PY:-10.0|L...
[ECON-GATE] CID:0 probation active - suppressing OK reward 1.0
✓ [CAR 0] ACT=OK REP=0.530 RWD=0.000 PNL=0.000 CREDIT=6
[ATTACK-EMIT] CID:5 activeWindow=YES falsified=YES simT=27.092 realPX=604.580 fakePX=567.260 realSPD=15.000 fakeSPD=20.000 realTS=27.092 fakeTS=26.592 lane=1
[PASSIVE-BEACON] SIMNOW:27.106 CID:5 ZONE:1 RXUAV:1 EDGEPORT:9998 TS:26.592 SPD:20.000 HDG:0.000 PX:567.300 PY:-10.000 LAN:1 BRK:0 RX_X:0.000 RX_Y:0.000 RX_Z:0.000
[ZONE-ROUTE] CID:5 zone=1 edge_port=9998
[EDGE-RTT] CID:5 wall=1.3 ms  sim_delay=10.0 ms
>>> [UAV->CLOUD] BLK:7e22|TX:7.0.0.9|CID:5|TS:26.592|SPD:20.0|HDG:0.0|PX:567.3|PY:-10.0|L...
[ECON-CLAWBACK] CID:5 ACT=WARN prior_payoff=-92.6 extra_penalty=7.0 new_payoff=-99.7
[FORGIVENESS] CID:5 WARN #25 — streak reset, benefits revoked
⚠ [CAR 5] ACT=WARN REP=0.514 RWD=0.000 PNL=7.087 CREDIT=4
[ATTACK-EMIT] CID:1 activeWindow=YES falsified=YES simT=27.130 realPX=595.150 fakePX=595.150 realSPD=15.000 fakeSPD=20.000 realTS=27.130 fakeTS=27.130 lane=2
[ATTACK-EMIT] CID:4 activeWindow=YES falsified=YES simT=27.140 realPX=579.100 fakePX=579.100 realSPD=25.000 fakeSPD=20.000 realTS=27.140 fakeTS=27.140 lane=5
[ATTACK-EMIT] CID:9 activeWindow=YES falsified=YES simT=27.142 realPX=599.150 fakePX=599.150 realSPD=25.000 fakeSPD=20.000 realTS=27.142 fakeTS=27.142 lane=5
[PASSIVE-BEACON] SIMNOW:27.144 CID:1 ZONE:1 RXUAV:1 EDGEPORT:9998 TS:27.130 SPD:20.000 HDG:0.000 PX:595.200 PY:-20.000 LAN:2 BRK:0 RX_X:0.000 RX_Y:0.000 RX_Z:0.000
[ZONE-ROUTE] CID:1 zone=1 edge_port=9998
[EDGE-RTT] CID:1 wall=0.8 ms  sim_delay=5.0 ms
>>> [UAV->CLOUD] BLK:2828|TX:7.0.0.5|CID:1|TS:27.130|SPD:20.0|HDG:0.0|PX:595.2|PY:-20.0|L...
[PASSIVE-BEACON] SIMNOW:27.154 CID:4 ZONE:1 RXUAV:1 EDGEPORT:9998 TS:27.140 SPD:20.000 HDG:0.000 PX:579.100 PY:-50.000 LAN:5 BRK:1 RX_X:0.000 RX_Y:0.000 RX_Z:0.000
[ZONE-ROUTE] CID:4 zone=1 edge_port=9998
[EDGE-RTT] CID:4 wall=0.9 ms  sim_delay=5.0 ms
>>> [UAV->CLOUD] BLK:b0c7|TX:7.0.0.8|CID:4|TS:27.140|SPD:20.0|HDG:0.0|PX:579.1|PY:-50.0|L...
[ECON-GATE] CID:1 probation active - suppressing OK reward 1.0
✓ [CAR 1] ACT=OK REP=0.534 RWD=0.000 PNL=0.000 CREDIT=3
[ECON-GATE] CID:4 probation active - suppressing OK reward 0.994
✓ [CAR 4] ACT=OK REP=0.585 RWD=0.000 PNL=0.000 CREDIT=1
[ATTACK-EMIT] CID:8 activeWindow=YES falsified=YES simT=27.172 realPX=609.900 fakePX=609.900 realSPD=25.000 fakeSPD=20.000 realTS=27.172 fakeTS=27.172 lane=4
[ATTACK-EMIT] CID:7 activeWindow=YES falsified=YES simT=27.172 realPX=619.900 fakePX=619.900 realSPD=25.000 fakeSPD=20.000 realTS=27.172 fakeTS=27.172 lane=3
[PASSIVE-BEACON] SIMNOW:27.186 CID:8 ZONE:2 RXUAV:2 EDGEPORT:9996 TS:27.172 SPD:20.000 HDG:0.000 PX:609.900 PY:-40.000 LAN:4 BRK:0 RX_X:0.000 RX_Y:0.000 RX_Z:0.000
[ZONE-ROUTE] CID:8 zone=1 edge_port=9998
[EDGE-RTT] CID:8 wall=0.8 ms  sim_delay=5.0 ms
>>> [UAV->CLOUD] BLK:8a43|TX:7.0.0.12|CID:8|TS:27.172|SPD:20.0|HDG:0.0|PX:609.9|PY:-40.0|...
[PASSIVE-BEACON] SIMNOW:27.186 CID:7 ZONE:2 RXUAV:2 EDGEPORT:9996 TS:27.172 SPD:20.000 HDG:0.000 PX:619.900 PY:-30.000 LAN:3 BRK:0 RX_X:0.000 RX_Y:0.000 RX_Z:0.000
[ZONE-ROUTE] CID:7 zone=1 edge_port=9998
[EDGE-RTT] CID:7 wall=2.1 ms  sim_delay=5.0 ms
>>> [UAV->CLOUD] BLK:d4af|TX:7.0.0.11|CID:7|TS:27.172|SPD:20.0|HDG:0.0|PX:619.9|PY:-30.0|...
[ATTACK-EMIT] CID:3 activeWindow=YES falsified=YES simT=27.190 realPX=590.350 fakePX=565.212 realSPD=25.000 fakeSPD=20.000 realTS=27.190 fakeTS=26.690 lane=4
[ECON-GATE] CID:8 probation active - suppressing OK reward 1.000
✓ [CAR 8] ACT=OK REP=0.690 RWD=0.000 PNL=0.000 CREDIT=3
[ECON-GATE] CID:7 probation active - suppressing OK reward 1.000
✓ [CAR 7] ACT=OK REP=0.718 RWD=0.000 PNL=0.000 CREDIT=4
[PASSIVE-BEACON] SIMNOW:27.204 CID:3 ZONE:1 RXUAV:1 EDGEPORT:9998 TS:26.690 SPD:20.000 HDG:0.000 PX:565.200 PY:-40.000 LAN:4 BRK:1 RX_X:0.000 RX_Y:0.000 RX_Z:0.000
[ZONE-ROUTE] CID:3 zone=1 edge_port=9998
[EDGE-RTT] CID:3 wall=0.9 ms  sim_delay=5.0 ms
>>> [UAV->CLOUD] BLK:bd8e|TX:7.0.0.7|CID:3|TS:26.690|SPD:20.0|HDG:0.0|PX:565.2|PY:-40.0|L...
[ECON-GATE] CID:3 probation active - suppressing OK reward 0.9
✓ [CAR 3] ACT=OK REP=0.642 RWD=0.000 PNL=0.000 CREDIT=2
[ATTACK-EMIT] CID:2 activeWindow=YES falsified=YES simT=27.360 realPX=604.600 fakePX=604.600 realSPD=25.000 fakeSPD=20.000 realTS=27.360 fakeTS=27.360 lane=3
[PASSIVE-BEACON] SIMNOW:27.374 CID:2 ZONE:2 RXUAV:2 EDGEPORT:9996 TS:27.360 SPD:20.000 HDG:0.000 PX:604.600 PY:-30.000 LAN:3 BRK:0 RX_X:0.000 RX_Y:0.000 RX_Z:0.000
[ZONE-ROUTE] CID:2 zone=1 edge_port=9998
[EDGE-RTT] CID:2 wall=0.8 ms  sim_delay=5.0 ms
>>> [UAV->CLOUD] BLK:64e5|TX:7.0.0.6|CID:2|TS:27.360|SPD:20.0|HDG:0.0|PX:604.6|PY:-30.0|L...
[ECON-GATE] CID:2 probation active - suppressing OK reward 1.0
✓ [CAR 2] ACT=OK REP=0.436 RWD=0.000 PNL=0.000 CREDIT=3
[ATTACK-EMIT] CID:6 activeWindow=YES falsified=YES simT=27.482 realPX=620.430 fakePX=620.430 realSPD=15.000 fakeSPD=20.000 realTS=27.482 fakeTS=27.482 lane=2
[PASSIVE-BEACON] SIMNOW:27.496 CID:6 ZONE:2 RXUAV:2 EDGEPORT:9996 TS:27.482 SPD:20.000 HDG:0.000 PX:620.400 PY:-20.000 LAN:2 BRK:0 RX_X:0.000 RX_Y:0.000 RX_Z:0.000
[ZONE-ROUTE] CID:6 zone=1 edge_port=9998
[EDGE-RTT] CID:6 wall=1.2 ms  sim_delay=5.0 ms
>>> [UAV->CLOUD] BLK:4d86|TX:7.0.0.10|CID:6|TS:27.482|SPD:20.0|HDG:0.0|PX:620.4|PY:-20.0|...
[ATTACK-EMIT] CID:0 activeWindow=YES falsified=YES simT=27.500 realPX=590.700 fakePX=590.700 realSPD=15.000 fakeSPD=20.000 realTS=27.500 fakeTS=27.500 lane=1
[ECON-GATE] CID:6 probation active - suppressing OK reward 0.960
✓ [CAR 6] ACT=OK REP=0.502 RWD=0.000 PNL=0.000 CREDIT=0
[PASSIVE-BEACON] SIMNOW:27.514 CID:0 ZONE:1 RXUAV:1 EDGEPORT:9998 TS:27.500 SPD:20.000 HDG:0.000 PX:590.700 PY:-10.000 LAN:1 BRK:0 RX_X:0.000 RX_Y:0.000 RX_Z:0.000
[ZONE-ROUTE] CID:0 zone=1 edge_port=9998
[EDGE-RTT] CID:0 wall=1.1 ms  sim_delay=10.0 ms
>>> [UAV->CLOUD] BLK:abd1|TX:7.0.0.4|CID:0|TS:27.500|SPD:20.0|HDG:0.0|PX:590.7|PY:-10.0|L...
[ECON-GATE] CID:0 probation active - suppressing OK reward 1.0
✓ [CAR 0] ACT=OK REP=0.576 RWD=0.000 PNL=0.000 CREDIT=7
[ATTACK-EMIT] CID:5 activeWindow=YES falsified=YES simT=27.592 realPX=612.080 fakePX=612.080 realSPD=15.000 fakeSPD=20.000 realTS=27.592 fakeTS=27.592 lane=1
[PASSIVE-BEACON] SIMNOW:27.606 CID:5 ZONE:2 RXUAV:2 EDGEPORT:9996 TS:27.592 SPD:20.000 HDG:0.000 PX:612.100 PY:-10.000 LAN:1 BRK:0 RX_X:0.000 RX_Y:0.000 RX_Z:0.000
[ZONE-ROUTE] CID:5 zone=1 edge_port=9998
[EDGE-RTT] CID:5 wall=0.7 ms  sim_delay=10.0 ms
>>> [UAV->CLOUD] BLK:0da9|TX:7.0.0.9|CID:5|TS:27.592|SPD:20.0|HDG:0.0|PX:612.1|PY:-10.0|L...
[ECON-CLAWBACK] CID:5 ACT=WARN prior_payoff=-99.7 extra_penalty=7.2 new_payoff=-107.0
[FORGIVENESS] CID:5 WARN #26 — streak reset, benefits revoked
⚠ [CAR 5] ACT=WARN REP=0.365 RWD=0.000 PNL=7.328 CREDIT=-2
[ATTACK-EMIT] CID:1 activeWindow=YES falsified=YES simT=27.630 realPX=602.650 fakePX=602.650 realSPD=15.000 fakeSPD=20.000 realTS=27.630 fakeTS=27.630 lane=2
[ATTACK-EMIT] CID:4 activeWindow=YES falsified=YES simT=27.640 realPX=591.600 fakePX=566.744 realSPD=25.000 fakeSPD=20.000 realTS=27.640 fakeTS=27.140 lane=5
[ATTACK-EMIT] CID:9 activeWindow=YES falsified=YES simT=27.642 realPX=611.650 fakePX=611.650 realSPD=25.000 fakeSPD=20.000 realTS=27.642 fakeTS=27.642 lane=5
[PASSIVE-BEACON] SIMNOW:27.647 CID:1 ZONE:2 RXUAV:2 EDGEPORT:9996 TS:27.630 SPD:20.000 HDG:0.000 PX:602.700 PY:-20.000 LAN:2 BRK:0 RX_X:0.000 RX_Y:0.000 RX_Z:0.000
[ZONE-ROUTE] CID:1 zone=1 edge_port=9998
[EDGE-RTT] CID:1 wall=0.8 ms  sim_delay=5.0 ms
>>> [UAV->CLOUD] BLK:39a3|TX:7.0.0.5|CID:1|TS:27.630|SPD:20.0|HDG:0.0|PX:602.7|PY:-20.0|L...
[PASSIVE-BEACON] SIMNOW:27.654 CID:4 ZONE:1 RXUAV:1 EDGEPORT:9998 TS:27.140 SPD:20.000 HDG:0.000 PX:566.700 PY:-50.000 LAN:5 BRK:0 RX_X:0.000 RX_Y:0.000 RX_Z:0.000
[ZONE-ROUTE] CID:4 zone=1 edge_port=9998
[EDGE-RTT] CID:4 wall=1.0 ms  sim_delay=5.0 ms
>>> [UAV->CLOUD] BLK:c1b4|TX:7.0.0.8|CID:4|TS:27.140|SPD:20.0|HDG:0.0|PX:566.7|PY:-50.0|L...
[ECON-GATE] CID:1 probation active - suppressing OK reward 1.0
✓ [CAR 1] ACT=OK REP=0.800 RWD=0.000 PNL=0.000 CREDIT=4
[ECON-GATE] CID:4 probation active - suppressing OK reward 0.867
✓ [CAR 4] ACT=OK REP=0.595 RWD=0.000 PNL=0.000 CREDIT=2
[ATTACK-EMIT] CID:8 activeWindow=YES falsified=YES simT=27.672 realPX=622.400 fakePX=622.400 realSPD=25.000 fakeSPD=20.000 realTS=27.672 fakeTS=27.672 lane=4
[ATTACK-EMIT] CID:7 activeWindow=YES falsified=YES simT=27.672 realPX=632.400 fakePX=569.726 realSPD=25.000 fakeSPD=20.000 realTS=27.672 fakeTS=27.172 lane=3
[PASSIVE-BEACON] SIMNOW:27.686 CID:8 ZONE:2 RXUAV:2 EDGEPORT:9996 TS:27.672 SPD:20.000 HDG:0.000 PX:622.400 PY:-40.000 LAN:4 BRK:0 RX_X:0.000 RX_Y:0.000 RX_Z:0.000
[ZONE-ROUTE] CID:8 zone=1 edge_port=9998
[EDGE-RTT] CID:8 wall=1.1 ms  sim_delay=5.0 ms
>>> [UAV->CLOUD] BLK:f33a|TX:7.0.0.12|CID:8|TS:27.672|SPD:20.0|HDG:0.0|PX:622.4|PY:-40.0|...
[PASSIVE-BEACON] SIMNOW:27.686 CID:7 ZONE:1 RXUAV:1 EDGEPORT:9998 TS:27.172 SPD:20.000 HDG:0.000 PX:569.700 PY:-30.000 LAN:3 BRK:1 RX_X:0.000 RX_Y:0.000 RX_Z:0.000
[ZONE-ROUTE] CID:7 zone=1 edge_port=9998
[EDGE-RTT] CID:7 wall=2.4 ms  sim_delay=5.0 ms
>>> [UAV->CLOUD] BLK:8ec0|TX:7.0.0.11|CID:7|TS:27.172|SPD:20.0|HDG:0.0|PX:569.7|PY:-30.0|...
[ATTACK-EMIT] CID:3 activeWindow=YES falsified=YES simT=27.690 realPX=602.850 fakePX=602.850 realSPD=25.000 fakeSPD=20.000 realTS=27.690 fakeTS=27.690 lane=4
[ECON-GATE] CID:8 probation active - suppressing OK reward 1.000
✓ [CAR 8] ACT=OK REP=0.609 RWD=0.000 PNL=0.000 CREDIT=4
[ECON-CLAWBACK] CID:7 ACT=WARN prior_payoff=-54.615 extra_penalty=5.500 new_payoff=-60.200
[FORGIVENESS] CID:7 WARN #19 — streak reset, benefits revoked
⚠ [CAR 7] ACT=WARN REP=0.803 RWD=0.000 PNL=5.585 CREDIT=3
[PASSIVE-BEACON] SIMNOW:27.704 CID:3 ZONE:2 RXUAV:2 EDGEPORT:9996 TS:27.690 SPD:20.000 HDG:0.000 PX:602.900 PY:-40.000 LAN:4 BRK:0 RX_X:0.000 RX_Y:0.000 RX_Z:0.000
[ZONE-ROUTE] CID:3 zone=1 edge_port=9998
[EDGE-RTT] CID:3 wall=0.6 ms  sim_delay=5.0 ms
>>> [UAV->CLOUD] BLK:b260|TX:7.0.0.7|CID:3|TS:27.690|SPD:20.0|HDG:0.0|PX:602.9|PY:-40.0|L...
[ECON-GATE] CID:3 probation active - suppressing OK reward 1.0
✓ [CAR 3] ACT=OK REP=0.866 RWD=0.000 PNL=0.000 CREDIT=3
[ATTACK-EMIT] CID:2 activeWindow=YES falsified=YES simT=27.860 realPX=616.100 fakePX=616.100 realSPD=15.000 fakeSPD=20.000 realTS=27.860 fakeTS=27.860 lane=3
[PASSIVE-BEACON] SIMNOW:27.872 CID:2 ZONE:2 RXUAV:2 EDGEPORT:9996 TS:27.860 SPD:20.000 HDG:0.000 PX:616.100 PY:-30.000 LAN:3 BRK:1 RX_X:0.000 RX_Y:0.000 RX_Z:0.000
[ZONE-ROUTE] CID:2 zone=1 edge_port=9998
[EDGE-RTT] CID:2 wall=0.9 ms  sim_delay=5.0 ms
>>> [UAV->CLOUD] BLK:0e06|TX:7.0.0.6|CID:2|TS:27.860|SPD:20.0|HDG:0.0|PX:616.1|PY:-30.0|L...
[ECON-GATE] CID:2 probation active - suppressing OK reward 1.0
✓ [CAR 2] ACT=OK REP=0.796 RWD=0.000 PNL=0.000 CREDIT=4
[ATTACK-EMIT] CID:6 activeWindow=YES falsified=YES simT=27.982 realPX=627.930 fakePX=627.930 realSPD=15.000 fakeSPD=20.000 realTS=27.982 fakeTS=27.982 lane=2
[PASSIVE-BEACON] SIMNOW:27.996 CID:6 ZONE:2 RXUAV:2 EDGEPORT:9996 TS:27.982 SPD:20.000 HDG:0.000 PX:627.900 PY:-20.000 LAN:2 BRK:0 RX_X:0.000 RX_Y:0.000 RX_Z:0.000
[ZONE-ROUTE] CID:6 zone=1 edge_port=9998
[EDGE-RTT] CID:6 wall=0.9 ms  sim_delay=5.0 ms
>>> [UAV->CLOUD] BLK:bb74|TX:7.0.0.10|CID:6|TS:27.982|SPD:20.0|HDG:0.0|PX:627.9|PY:-20.0|...
[ATTACK-EMIT] CID:0 activeWindow=YES falsified=YES simT=28.000 realPX=598.200 fakePX=560.580 realSPD=15.000 fakeSPD=20.000 realTS=28.000 fakeTS=27.500 lane=1
[ECON-GATE] CID:6 probation active - suppressing OK reward 0.876
✓ [CAR 6] ACT=OK REP=1.000 RWD=0.000 PNL=0.000 CREDIT=1
[PASSIVE-BEACON] SIMNOW:28.017 CID:0 ZONE:1 RXUAV:1 EDGEPORT:9998 TS:27.500 SPD:20.000 HDG:0.000 PX:560.600 PY:-10.000 LAN:1 BRK:0 RX_X:0.000 RX_Y:0.000 RX_Z:0.000
[ZONE-ROUTE] CID:0 zone=1 edge_port=9998
[EDGE-RTT] CID:0 wall=1.0 ms  sim_delay=10.0 ms
>>> [UAV->CLOUD] BLK:61c0|TX:7.0.0.4|CID:0|TS:27.500|SPD:20.0|HDG:0.0|PX:560.6|PY:-10.0|L...
[ECON-CLAWBACK] CID:0 ACT=WARN prior_payoff=-92.6 extra_penalty=7.0 new_payoff=-99.7
[FORGIVENESS] CID:0 WARN #25 — streak reset, benefits revoked
⚠ [CAR 0] ACT=WARN REP=0.604 RWD=0.000 PNL=7.086 CREDIT=6
[ATTACK-EMIT] CID:5 activeWindow=YES falsified=YES simT=28.092 realPX=619.580 fakePX=619.580 realSPD=15.000 fakeSPD=20.000 realTS=28.092 fakeTS=28.092 lane=1
[PASSIVE-BEACON] SIMNOW:28.106 CID:5 ZONE:2 RXUAV:2 EDGEPORT:9996 TS:28.092 SPD:20.000 HDG:0.000 PX:619.600 PY:-10.000 LAN:1 BRK:0 RX_X:0.000 RX_Y:0.000 RX_Z:0.000
[ZONE-ROUTE] CID:5 zone=1 edge_port=9998
[EDGE-RTT] CID:5 wall=1.2 ms  sim_delay=10.0 ms
>>> [UAV->CLOUD] BLK:aa22|TX:7.0.0.9|CID:5|TS:28.092|SPD:20.0|HDG:0.0|PX:619.6|PY:-10.0|L...
[ECON-GATE] CID:5 probation active - suppressing OK reward 0.9
✓ [CAR 5] ACT=OK REP=0.639 RWD=0.000 PNL=0.000 CREDIT=0
[ATTACK-EMIT] CID:1 activeWindow=YES falsified=YES simT=28.130 realPX=610.150 fakePX=571.134 realSPD=15.000 fakeSPD=20.000 realTS=28.130 fakeTS=27.630 lane=2
[ATTACK-EMIT] CID:4 activeWindow=YES falsified=YES simT=28.140 realPX=604.100 fakePX=604.100 realSPD=25.000 fakeSPD=20.000 realTS=28.140 fakeTS=28.140 lane=5
[ATTACK-EMIT] CID:9 activeWindow=YES falsified=YES simT=28.142 realPX=624.150 fakePX=561.638 realSPD=25.000 fakeSPD=22.000 realTS=28.142 fakeTS=27.642 lane=5
[PASSIVE-BEACON] SIMNOW:28.144 CID:1 ZONE:1 RXUAV:1 EDGEPORT:9998 TS:27.630 SPD:20.000 HDG:0.000 PX:571.100 PY:-20.000 LAN:2 BRK:0 RX_X:0.000 RX_Y:0.000 RX_Z:0.000
[ZONE-ROUTE] CID:1 zone=1 edge_port=9998
[EDGE-RTT] CID:1 wall=0.8 ms  sim_delay=5.0 ms
>>> [UAV->CLOUD] BLK:b42e|TX:7.0.0.5|CID:1|TS:27.630|SPD:20.0|HDG:0.0|PX:571.1|PY:-20.0|L...
[PASSIVE-BEACON] SIMNOW:28.154 CID:4 ZONE:2 RXUAV:2 EDGEPORT:9996 TS:28.140 SPD:20.000 HDG:0.000 PX:604.100 PY:-50.000 LAN:5 BRK:1 RX_X:0.000 RX_Y:0.000 RX_Z:0.000
[ZONE-ROUTE] CID:4 zone=1 edge_port=9998
[EDGE-RTT] CID:4 wall=0.9 ms  sim_delay=5.0 ms
>>> [UAV->CLOUD] BLK:f8ba|TX:7.0.0.8|CID:4|TS:28.140|SPD:20.0|HDG:0.0|PX:604.1|PY:-50.0|L...
[ECON-CLAWBACK] CID:1 ACT=WARN prior_payoff=-85.4 extra_penalty=6.8 new_payoff=-92.3
[FORGIVENESS] CID:1 WARN #24 — streak reset, benefits revoked
⚠ [CAR 1] ACT=WARN REP=0.506 RWD=0.000 PNL=6.836 CREDIT=3
[ECON-GATE] CID:4 probation active - suppressing OK reward 1.000
✓ [CAR 4] ACT=OK REP=0.673 RWD=0.000 PNL=0.000 CREDIT=3
[ATTACK-EMIT] CID:8 activeWindow=YES falsified=YES simT=28.172 realPX=634.900 fakePX=572.166 realSPD=25.000 fakeSPD=20.000 realTS=28.172 fakeTS=27.672 lane=4
[ATTACK-EMIT] CID:7 activeWindow=YES falsified=YES simT=28.172 realPX=640.780 fakePX=640.780 realSPD=15.000 fakeSPD=20.000 realTS=28.172 fakeTS=28.172 lane=3
[PASSIVE-BEACON] SIMNOW:28.186 CID:8 ZONE:1 RXUAV:1 EDGEPORT:9998 TS:27.672 SPD:20.000 HDG:0.000 PX:572.200 PY:-40.000 LAN:4 BRK:0 RX_X:0.000 RX_Y:0.000 RX_Z:0.000
[ZONE-ROUTE] CID:8 zone=1 edge_port=9998
[EDGE-RTT] CID:8 wall=0.8 ms  sim_delay=5.0 ms
>>> [UAV->CLOUD] BLK:1a4d|TX:7.0.0.12|CID:8|TS:27.672|SPD:20.0|HDG:0.0|PX:572.2|PY:-40.0|...
[PASSIVE-BEACON] SIMNOW:28.186 CID:7 ZONE:2 RXUAV:2 EDGEPORT:9996 TS:28.172 SPD:20.000 HDG:0.000 PX:640.800 PY:-30.000 LAN:3 BRK:0 RX_X:0.000 RX_Y:0.000 RX_Z:0.000
[ZONE-ROUTE] CID:7 zone=1 edge_port=9998
[EDGE-RTT] CID:7 wall=2.4 ms  sim_delay=5.0 ms
>>> [UAV->CLOUD] BLK:e95d|TX:7.0.0.11|CID:7|TS:28.172|SPD:20.0|HDG:0.0|PX:640.8|PY:-30.0|...
[ATTACK-EMIT] CID:3 activeWindow=YES falsified=YES simT=28.190 realPX=615.350 fakePX=615.350 realSPD=25.000 fakeSPD=20.000 realTS=28.190 fakeTS=28.190 lane=4
[ECON-CLAWBACK] CID:8 ACT=WARN prior_payoff=-39.132 extra_penalty=4.750 new_payoff=-43.968
[FORGIVENESS] CID:8 WARN #16 — streak reset, benefits revoked
⚠ [CAR 8] ACT=WARN REP=0.941 RWD=0.000 PNL=4.836 CREDIT=3
[ECON-GATE] CID:7 probation active - suppressing OK reward 0.960
✓ [CAR 7] ACT=OK REP=0.569 RWD=0.000 PNL=0.000 CREDIT=0
[PASSIVE-BEACON] SIMNOW:28.204 CID:3 ZONE:2 RXUAV:2 EDGEPORT:9996 TS:28.190 SPD:20.000 HDG:0.000 PX:615.400 PY:-40.000 LAN:4 BRK:0 RX_X:0.000 RX_Y:0.000 RX_Z:0.000
[ZONE-ROUTE] CID:3 zone=1 edge_port=9998
[EDGE-RTT] CID:3 wall=0.8 ms  sim_delay=5.0 ms
>>> [UAV->CLOUD] BLK:2474|TX:7.0.0.7|CID:3|TS:28.190|SPD:20.0|HDG:0.0|PX:615.4|PY:-40.0|L...
[ECON-GATE] CID:3 probation active - suppressing OK reward 1.0
✓ [CAR 3] ACT=OK REP=0.738 RWD=0.000 PNL=0.000 CREDIT=4
[ATTACK-EMIT] CID:2 activeWindow=YES falsified=YES simT=28.360 realPX=623.600 fakePX=567.088 realSPD=15.000 fakeSPD=20.000 realTS=28.360 fakeTS=27.860 lane=3
[PASSIVE-BEACON] SIMNOW:28.374 CID:2 ZONE:1 RXUAV:1 EDGEPORT:9998 TS:27.860 SPD:20.000 HDG:0.000 PX:567.100 PY:-30.000 LAN:3 BRK:1 RX_X:0.000 RX_Y:0.000 RX_Z:0.000
[ZONE-ROUTE] CID:2 zone=1 edge_port=9998
[EDGE-RTT] CID:2 wall=1.1 ms  sim_delay=5.0 ms
>>> [UAV->CLOUD] BLK:cff7|TX:7.0.0.6|CID:2|TS:27.860|SPD:20.0|HDG:0.0|PX:567.1|PY:-30.0|L...
[ECON-CLAWBACK] CID:2 ACT=WARN prior_payoff=-54.6 extra_penalty=5.5 new_payoff=-60.2
[FORGIVENESS] CID:2 WARN #19 — streak reset, benefits revoked
⚠ [CAR 2] ACT=WARN REP=0.591 RWD=0.000 PNL=5.585 CREDIT=3
[ATTACK-EMIT] CID:6 activeWindow=YES falsified=YES simT=28.482 realPX=635.430 fakePX=562.482 realSPD=15.000 fakeSPD=20.000 realTS=28.482 fakeTS=27.982 lane=2
[PASSIVE-BEACON] SIMNOW:28.496 CID:6 ZONE:1 RXUAV:1 EDGEPORT:9998 TS:27.982 SPD:20.000 HDG:0.000 PX:562.500 PY:-20.000 LAN:2 BRK:0 RX_X:0.000 RX_Y:0.000 RX_Z:0.000
[ZONE-ROUTE] CID:6 zone=1 edge_port=9998
[EDGE-RTT] CID:6 wall=1.2 ms  sim_delay=5.0 ms
[NASH-GATE] CID:6 p=0.4 p*=0.3 rho_hat=0.4 Nash=BAN windowHits=1/4 -> WARN (pending confirmation)
[ATTACK-EMIT] CID:0 activeWindow=YES falsified=YES simT=28.500 realPX=605.700 fakePX=605.700 realSPD=15.000 fakeSPD=20.000 realTS=28.500 fakeTS=28.500 lane=1
[ECON-CLAWBACK] CID:6 ACT=WARN prior_payoff=-78.879 extra_penalty=6.500 new_payoff=-85.573
[FORGIVENESS] CID:6 WARN #23 — streak reset, benefits revoked
⚠ [CAR 6] ACT=WARN REP=0.560 RWD=0.000 PNL=6.694 CREDIT=0
[PASSIVE-BEACON] SIMNOW:28.514 CID:0 ZONE:2 RXUAV:2 EDGEPORT:9996 TS:28.500 SPD:20.000 HDG:0.000 PX:605.700 PY:-10.000 LAN:1 BRK:1 RX_X:0.000 RX_Y:0.000 RX_Z:0.000
[ZONE-ROUTE] CID:0 zone=1 edge_port=9998
[EDGE-RTT] CID:0 wall=0.8 ms  sim_delay=10.0 ms
>>> [UAV->CLOUD] BLK:f169|TX:7.0.0.4|CID:0|TS:28.500|SPD:20.0|HDG:0.0|PX:605.7|PY:-10.0|L...
[ECON-GATE] CID:0 probation active - suppressing OK reward 1.0
✓ [CAR 0] ACT=OK REP=0.441 RWD=0.000 PNL=0.000 CREDIT=0
[ATTACK-EMIT] CID:5 activeWindow=YES falsified=YES simT=28.592 realPX=627.080 fakePX=567.248 realSPD=15.000 fakeSPD=20.000 realTS=28.592 fakeTS=28.092 lane=1
[PASSIVE-BEACON] SIMNOW:28.606 CID:5 ZONE:1 RXUAV:1 EDGEPORT:9998 TS:28.092 SPD:20.000 HDG:0.000 PX:567.200 PY:-10.000 LAN:1 BRK:0 RX_X:0.000 RX_Y:0.000 RX_Z:0.000
[ZONE-ROUTE] CID:5 zone=1 edge_port=9998
[EDGE-RTT] CID:5 wall=1.0 ms  sim_delay=10.0 ms
[NASH-GATE] CID:5 p=0.4 p*=0.3 rho_hat=0.4 Nash=BAN windowHits=1/4 -> WARN (pending confirmation)
[ECON-CLAWBACK] CID:5 ACT=WARN prior_payoff=-107.0 extra_penalty=7.5 new_payoff=-114.8
[FORGIVENESS] CID:5 WARN #27 — streak reset, benefits revoked
⚠ [CAR 5] ACT=WARN REP=0.264 RWD=0.000 PNL=7.714 CREDIT=-1
[ATTACK-EMIT] CID:1 activeWindow=YES falsified=YES simT=28.630 realPX=617.650 fakePX=617.650 realSPD=15.000 fakeSPD=20.000 realTS=28.630 fakeTS=28.630 lane=2
[ATTACK-EMIT] CID:4 activeWindow=YES falsified=YES simT=28.640 realPX=616.600 fakePX=616.600 realSPD=25.000 fakeSPD=20.000 realTS=28.640 fakeTS=28.640 lane=5
[ATTACK-EMIT] CID:9 activeWindow=YES falsified=YES simT=28.642 realPX=636.650 fakePX=636.650 realSPD=25.000 fakeSPD=20.000 realTS=28.642 fakeTS=28.642 lane=5
[PASSIVE-BEACON] SIMNOW:28.644 CID:1 ZONE:2 RXUAV:2 EDGEPORT:9996 TS:28.630 SPD:20.000 HDG:0.000 PX:617.700 PY:-20.000 LAN:2 BRK:0 RX_X:0.000 RX_Y:0.000 RX_Z:0.000
[ZONE-ROUTE] CID:1 zone=1 edge_port=9998
[EDGE-RTT] CID:1 wall=1.0 ms  sim_delay=5.0 ms
>>> [UAV->CLOUD] BLK:9fd4|TX:7.0.0.5|CID:1|TS:28.630|SPD:20.0|HDG:0.0|PX:617.7|PY:-20.0|L...
[PASSIVE-BEACON] SIMNOW:28.654 CID:4 ZONE:2 RXUAV:2 EDGEPORT:9996 TS:28.640 SPD:20.000 HDG:0.000 PX:616.600 PY:-50.000 LAN:5 BRK:0 RX_X:0.000 RX_Y:0.000 RX_Z:0.000
[ZONE-ROUTE] CID:4 zone=1 edge_port=9998
[EDGE-RTT] CID:4 wall=1.1 ms  sim_delay=5.0 ms
>>> [UAV->CLOUD] BLK:5ca4|TX:7.0.0.8|CID:4|TS:28.640|SPD:20.0|HDG:0.0|PX:616.6|PY:-50.0|L...
[ECON-GATE] CID:1 probation active - suppressing OK reward 1.0
✓ [CAR 1] ACT=OK REP=0.797 RWD=0.000 PNL=0.000 CREDIT=0
[ECON-GATE] CID:4 probation active - suppressing OK reward 1.000
✓ [CAR 4] ACT=OK REP=0.799 RWD=0.000 PNL=0.000 CREDIT=4
[ATTACK-EMIT] CID:8 activeWindow=YES falsified=YES simT=28.672 realPX=647.400 fakePX=647.400 realSPD=25.000 fakeSPD=20.000 realTS=28.672 fakeTS=28.672 lane=4
[ATTACK-EMIT] CID:7 activeWindow=YES falsified=YES simT=28.672 realPX=648.280 fakePX=648.280 realSPD=15.000 fakeSPD=20.000 realTS=28.672 fakeTS=28.672 lane=3
[PASSIVE-BEACON] SIMNOW:28.686 CID:8 ZONE:2 RXUAV:2 EDGEPORT:9996 TS:28.672 SPD:20.000 HDG:0.000 PX:647.400 PY:-40.000 LAN:4 BRK:0 RX_X:0.000 RX_Y:0.000 RX_Z:0.000
[ZONE-ROUTE] CID:8 zone=1 edge_port=9998
[EDGE-RTT] CID:8 wall=1.1 ms  sim_delay=5.0 ms
>>> [UAV->CLOUD] BLK:d2af|TX:7.0.0.12|CID:8|TS:28.672|SPD:20.0|HDG:0.0|PX:647.4|PY:-40.0|...
[PASSIVE-BEACON] SIMNOW:28.686 CID:7 ZONE:2 RXUAV:2 EDGEPORT:9996 TS:28.672 SPD:20.000 HDG:0.000 PX:648.300 PY:-30.000 LAN:3 BRK:1 RX_X:0.000 RX_Y:0.000 RX_Z:0.000
[ZONE-ROUTE] CID:7 zone=1 edge_port=9998
[EDGE-RTT] CID:7 wall=2.2 ms  sim_delay=5.0 ms
>>> [UAV->CLOUD] BLK:832d|TX:7.0.0.11|CID:7|TS:28.672|SPD:20.0|HDG:0.0|PX:648.3|PY:-30.0|...
[ATTACK-EMIT] CID:3 activeWindow=YES falsified=YES simT=28.690 realPX=627.850 fakePX=565.596 realSPD=25.000 fakeSPD=20.000 realTS=28.690 fakeTS=28.190 lane=4
[ECON-GATE] CID:8 probation active - suppressing OK reward 0.960
✓ [CAR 8] ACT=OK REP=0.511 RWD=0.000 PNL=0.000 CREDIT=0
[ECON-GATE] CID:7 probation active - suppressing OK reward 0.876
✓ [CAR 7] ACT=OK REP=0.656 RWD=0.000 PNL=0.000 CREDIT=1
[PASSIVE-BEACON] SIMNOW:28.704 CID:3 ZONE:1 RXUAV:1 EDGEPORT:9998 TS:28.190 SPD:20.000 HDG:0.000 PX:565.600 PY:-40.000 LAN:4 BRK:0 RX_X:0.000 RX_Y:0.000 RX_Z:0.000
[ZONE-ROUTE] CID:3 zone=1 edge_port=9998
[EDGE-RTT] CID:3 wall=1.1 ms  sim_delay=5.0 ms
>>> [UAV->CLOUD] BLK:8f72|TX:7.0.0.7|CID:3|TS:28.190|SPD:20.0|HDG:0.0|PX:565.6|PY:-40.0|L...
[ECON-CLAWBACK] CID:3 ACT=WARN prior_payoff=-44.0 extra_penalty=5.0 new_payoff=-49.1
[FORGIVENESS] CID:3 WARN #17 — streak reset, benefits revoked
⚠ [CAR 3] ACT=WARN REP=0.892 RWD=0.000 PNL=5.081 CREDIT=3
[ATTACK-EMIT] CID:2 activeWindow=YES falsified=YES simT=28.860 realPX=631.100 fakePX=631.100 realSPD=15.000 fakeSPD=20.000 realTS=28.860 fakeTS=28.860 lane=3
[PASSIVE-BEACON] SIMNOW:28.874 CID:2 ZONE:2 RXUAV:2 EDGEPORT:9996 TS:28.860 SPD:20.000 HDG:0.000 PX:631.100 PY:-30.000 LAN:3 BRK:1 RX_X:0.000 RX_Y:0.000 RX_Z:0.000
[ZONE-ROUTE] CID:2 zone=1 edge_port=9998
[EDGE-RTT] CID:2 wall=1.3 ms  sim_delay=5.0 ms
>>> [UAV->CLOUD] BLK:121b|TX:7.0.0.6|CID:2|TS:28.860|SPD:20.0|HDG:0.0|PX:631.1|PY:-30.0|L...
[ECON-GATE] CID:2 probation active - suppressing OK reward 1.0
✓ [CAR 2] ACT=OK REP=0.773 RWD=0.000 PNL=0.000 CREDIT=0
[ATTACK-EMIT] CID:6 activeWindow=YES falsified=YES simT=28.982 realPX=642.930 fakePX=642.930 realSPD=15.000 fakeSPD=20.000 realTS=28.982 fakeTS=28.982 lane=2
[PASSIVE-BEACON] SIMNOW:28.996 CID:6 ZONE:2 RXUAV:2 EDGEPORT:9996 TS:28.982 SPD:20.000 HDG:0.000 PX:642.900 PY:-20.000 LAN:2 BRK:0 RX_X:0.000 RX_Y:0.000 RX_Z:0.000
[ZONE-ROUTE] CID:6 zone=1 edge_port=9998
[EDGE-RTT] CID:6 wall=1.1 ms  sim_delay=5.0 ms
[NASH-GATE] CID:6 p=1.000 p*=0.324 rho_hat=0.388 streak=2 windowHits=2/4 EU_ban=1.500 -> CONFIRMED BAN (SLOW_LANE punishment sent)
[ATTACK-EMIT] CID:0 activeWindow=YES falsified=YES simT=29.000 realPX=613.200 fakePX=613.200 realSPD=15.000 fakeSPD=20.000 realTS=29.000 fakeTS=29.000 lane=1
[ECON-CLAWBACK] CID:6 ACT=BAN prior_payoff=-85.573 extra_penalty=5.000 new_payoff=-91.073
[FORGIVENESS] CID:6 BAN#1 excused (first confirmed offence) honest_wins=0 (preserved)
[BAN-PUNISH] CID:6 SLOW_LANE EXILE → LAN=99 speed=20.000 m/s  return_threshold=60
✗ [CAR 6] ACT=BAN REP=0.450 RWD=0.000 PNL=5.500 CREDIT=-8
[PASSIVE-BEACON] SIMNOW:29.014 CID:0 ZONE:2 RXUAV:2 EDGEPORT:9996 TS:29.000 SPD:20.000 HDG:0.000 PX:613.200 PY:-10.000 LAN:1 BRK:0 RX_X:0.000 RX_Y:0.000 RX_Z:0.000
[ZONE-ROUTE] CID:0 zone=1 edge_port=9998
[EDGE-RTT] CID:0 wall=1.0 ms  sim_delay=10.0 ms
>>> [UAV->CLOUD] BLK:eb0e|TX:7.0.0.4|CID:0|TS:29.000|SPD:20.0|HDG:0.0|PX:613.2|PY:-10.0|L...
[ECON-GATE] CID:0 probation active - suppressing OK reward 0.9
✓ [CAR 0] ACT=OK REP=0.587 RWD=0.000 PNL=0.000 CREDIT=1
[ATTACK-EMIT] CID:5 activeWindow=YES falsified=YES simT=29.092 realPX=634.580 fakePX=634.580 realSPD=15.000 fakeSPD=20.000 realTS=29.092 fakeTS=29.092 lane=1
[PASSIVE-BEACON] SIMNOW:29.107 CID:5 ZONE:2 RXUAV:2 EDGEPORT:9996 TS:29.092 SPD:20.000 HDG:0.000 PX:634.600 PY:-10.000 LAN:1 BRK:0 RX_X:0.000 RX_Y:0.000 RX_Z:0.000
[ZONE-ROUTE] CID:5 zone=1 edge_port=9998
[EDGE-RTT] CID:5 wall=1.0 ms  sim_delay=10.0 ms
[NASH-GATE] CID:5 p=1.000 p*=0.324 rho_hat=0.391 streak=2 windowHits=2/4 EU_ban=1.500 -> CONFIRMED BAN (SLOW_LANE punishment sent)
[ECON-CLAWBACK] CID:5 ACT=BAN prior_payoff=-114.757 extra_penalty=5.000 new_payoff=-120.257
[FORGIVENESS] CID:5 BAN#1 excused (first confirmed offence) honest_wins=0 (preserved)
[BAN-PUNISH] CID:5 SLOW_LANE EXILE → LAN=99 speed=20.000 m/s  return_threshold=60
✗ [CAR 5] ACT=BAN REP=0.400 RWD=0.000 PNL=5.500 CREDIT=-9
[ATTACK-EMIT] CID:1 activeWindow=YES falsified=YES simT=29.130 realPX=625.150 fakePX=625.150 realSPD=15.000 fakeSPD=20.000 realTS=29.130 fakeTS=29.130 lane=2
[ATTACK-EMIT] CID:4 activeWindow=YES falsified=YES simT=29.140 realPX=629.100 fakePX=566.318 realSPD=25.000 fakeSPD=20.000 realTS=29.140 fakeTS=28.640 lane=5
[ATTACK-EMIT] CID:9 activeWindow=YES falsified=YES simT=29.142 realPX=649.150 fakePX=649.150 realSPD=25.000 fakeSPD=20.000 realTS=29.142 fakeTS=29.142 lane=5
[PASSIVE-BEACON] SIMNOW:29.144 CID:1 ZONE:2 RXUAV:2 EDGEPORT:9996 TS:29.130 SPD:20.000 HDG:0.000 PX:625.200 PY:-20.000 LAN:2 BRK:0 RX_X:0.000 RX_Y:0.000 RX_Z:0.000
[ZONE-ROUTE] CID:1 zone=1 edge_port=9998
[EDGE-RTT] CID:1 wall=1.1 ms  sim_delay=5.0 ms
>>> [UAV->CLOUD] BLK:29aa|TX:7.0.0.5|CID:1|TS:29.130|SPD:20.0|HDG:0.0|PX:625.2|PY:-20.0|L...
[PASSIVE-BEACON] SIMNOW:29.154 CID:4 ZONE:1 RXUAV:1 EDGEPORT:9998 TS:28.640 SPD:20.000 HDG:0.000 PX:566.300 PY:-50.000 LAN:5 BRK:0 RX_X:0.000 RX_Y:0.000 RX_Z:0.000
[ZONE-ROUTE] CID:4 zone=1 edge_port=9998
[EDGE-RTT] CID:4 wall=1.0 ms  sim_delay=5.0 ms
>>> [UAV->CLOUD] BLK:8fbd|TX:7.0.0.8|CID:4|TS:28.640|SPD:20.0|HDG:0.0|PX:566.3|PY:-50.0|L...
[ECON-GATE] CID:1 probation active - suppressing OK reward 0.9
✓ [CAR 1] ACT=OK REP=0.669 RWD=0.000 PNL=0.000 CREDIT=1
[ECON-CLAWBACK] CID:4 ACT=WARN prior_payoff=-25.819 extra_penalty=4.000 new_payoff=-29.904
[FORGIVENESS] CID:4 WARN #13 — streak reset, benefits revoked
⚠ [CAR 4] ACT=WARN REP=0.758 RWD=0.000 PNL=4.085 CREDIT=3
[ATTACK-EMIT] CID:8 activeWindow=YES falsified=YES simT=29.172 realPX=659.900 fakePX=659.900 realSPD=25.000 fakeSPD=20.000 realTS=29.172 fakeTS=29.172 lane=4
[ATTACK-EMIT] CID:7 activeWindow=YES falsified=YES simT=29.172 realPX=655.780 fakePX=569.822 realSPD=15.000 fakeSPD=20.000 realTS=29.172 fakeTS=28.672 lane=3
[PASSIVE-BEACON] SIMNOW:29.186 CID:8 ZONE:2 RXUAV:2 EDGEPORT:9996 TS:29.172 SPD:20.000 HDG:0.000 PX:659.900 PY:-40.000 LAN:4 BRK:0 RX_X:0.000 RX_Y:0.000 RX_Z:0.000
[ZONE-ROUTE] CID:8 zone=1 edge_port=9998
[EDGE-RTT] CID:8 wall=1.0 ms  sim_delay=5.0 ms
>>> [UAV->CLOUD] BLK:9446|TX:7.0.0.12|CID:8|TS:29.172|SPD:20.0|HDG:0.0|PX:659.9|PY:-40.0|...
[PASSIVE-BEACON] SIMNOW:29.186 CID:7 ZONE:1 RXUAV:1 EDGEPORT:9998 TS:28.672 SPD:20.000 HDG:0.000 PX:569.800 PY:-30.000 LAN:3 BRK:0 RX_X:0.000 RX_Y:0.000 RX_Z:0.000
[ZONE-ROUTE] CID:7 zone=1 edge_port=9998
[EDGE-RTT] CID:7 wall=2.8 ms  sim_delay=5.0 ms
[NASH-GATE] CID:7 p=0.4 p*=0.3 rho_hat=0.4 Nash=BAN windowHits=1/4 -> WARN (pending confirmation)
[ATTACK-EMIT] CID:3 activeWindow=YES falsified=YES simT=29.190 realPX=640.350 fakePX=640.350 realSPD=25.000 fakeSPD=20.000 realTS=29.190 fakeTS=29.190 lane=4
[ECON-GATE] CID:8 probation active - suppressing OK reward 0.876
✓ [CAR 8] ACT=OK REP=0.786 RWD=0.000 PNL=0.000 CREDIT=1
[ECON-CLAWBACK] CID:7 ACT=WARN prior_payoff=-60.200 extra_penalty=5.750 new_payoff=-66.142
[FORGIVENESS] CID:7 WARN #20 — streak reset, benefits revoked
⚠ [CAR 7] ACT=WARN REP=0.662 RWD=0.000 PNL=5.942 CREDIT=0
[PASSIVE-BEACON] SIMNOW:29.204 CID:3 ZONE:2 RXUAV:2 EDGEPORT:9996 TS:29.190 SPD:20.000 HDG:0.000 PX:640.400 PY:-40.000 LAN:4 BRK:0 RX_X:0.000 RX_Y:0.000 RX_Z:0.000
[ZONE-ROUTE] CID:3 zone=1 edge_port=9998
[EDGE-RTT] CID:3 wall=0.9 ms  sim_delay=5.0 ms
>>> [UAV->CLOUD] BLK:a4c6|TX:7.0.0.7|CID:3|TS:29.190|SPD:20.0|HDG:0.0|PX:640.4|PY:-40.0|L...
[ECON-GATE] CID:3 probation active - suppressing OK reward 1.0
✓ [CAR 3] ACT=OK REP=0.728 RWD=0.000 PNL=0.000 CREDIT=0
[ATTACK-EMIT] CID:2 activeWindow=YES falsified=YES simT=29.360 realPX=638.600 fakePX=638.600 realSPD=15.000 fakeSPD=20.000 realTS=29.360 fakeTS=29.360 lane=3
[PASSIVE-BEACON] SIMNOW:29.373 CID:2 ZONE:2 RXUAV:2 EDGEPORT:9996 TS:29.360 SPD:20.000 HDG:0.000 PX:638.600 PY:-30.000 LAN:3 BRK:0 RX_X:0.000 RX_Y:0.000 RX_Z:0.000
[ZONE-ROUTE] CID:2 zone=1 edge_port=9998
[EDGE-RTT] CID:2 wall=1.3 ms  sim_delay=5.0 ms
>>> [UAV->CLOUD] BLK:d4fa|TX:7.0.0.6|CID:2|TS:29.360|SPD:20.0|HDG:0.0|PX:638.6|PY:-30.0|L...
[ECON-GATE] CID:2 probation active - suppressing OK reward 0.9
✓ [CAR 2] ACT=OK REP=0.487 RWD=0.000 PNL=0.000 CREDIT=1
[ATTACK-EMIT] CID:6 activeWindow=YES falsified=YES simT=29.482 realPX=650.430 fakePX=650.430 realSPD=15.000 fakeSPD=20.000 realTS=29.482 fakeTS=29.482 lane=99
[PASSIVE-BEACON] SIMNOW:29.496 CID:6 ZONE:2 RXUAV:2 EDGEPORT:9996 TS:29.482 SPD:20.000 HDG:0.000 PX:650.400 PY:-20.000 LAN:99 BRK:0 RX_X:0.000 RX_Y:0.000 RX_Z:0.000
[ATTACK-EMIT] CID:0 activeWindow=YES falsified=YES simT=29.500 realPX=620.700 fakePX=560.412 realSPD=15.000 fakeSPD=20.000 realTS=29.500 fakeTS=29.000 lane=1
[PASSIVE-BEACON] SIMNOW:29.517 CID:0 ZONE:1 RXUAV:1 EDGEPORT:9998 TS:29.000 SPD:20.000 HDG:0.000 PX:560.400 PY:-10.000 LAN:1 BRK:0 RX_X:0.000 RX_Y:0.000 RX_Z:0.000
[ZONE-ROUTE] CID:0 zone=1 edge_port=9998
[EDGE-RTT] CID:0 wall=1.0 ms  sim_delay=10.0 ms
[NASH-GATE] CID:0 p=0.4 p*=0.3 rho_hat=0.4 Nash=BAN windowHits=1/4 -> WARN (pending confirmation)
[ECON-CLAWBACK] CID:0 ACT=WARN prior_payoff=-99.7 extra_penalty=7.2 new_payoff=-107.2
[FORGIVENESS] CID:0 WARN #26 — streak reset, benefits revoked
⚠ [CAR 0] ACT=WARN REP=0.557 RWD=0.000 PNL=7.466 CREDIT=0
[ATTACK-EMIT] CID:5 activeWindow=YES falsified=YES simT=29.592 realPX=642.080 fakePX=642.080 realSPD=15.000 fakeSPD=20.000 realTS=29.592 fakeTS=29.592 lane=99
[PASSIVE-BEACON] SIMNOW:29.606 CID:5 ZONE:2 RXUAV:2 EDGEPORT:9996 TS:29.592 SPD:20.000 HDG:0.000 PX:642.100 PY:-10.000 LAN:99 BRK:0 RX_X:0.000 RX_Y:0.000 RX_Z:0.000
[ATTACK-EMIT] CID:1 activeWindow=YES falsified=YES simT=29.630 realPX=632.650 fakePX=571.602 realSPD=15.000 fakeSPD=20.000 realTS=29.630 fakeTS=29.130 lane=2
[ATTACK-EMIT] CID:4 activeWindow=YES falsified=YES simT=29.640 realPX=641.600 fakePX=641.600 realSPD=25.000 fakeSPD=20.000 realTS=29.640 fakeTS=29.640 lane=5
[PASSIVE-BEACON] SIMNOW:29.642 CID:1 ZONE:1 RXUAV:1 EDGEPORT:9998 TS:29.130 SPD:20.000 HDG:0.000 PX:571.600 PY:-20.000 LAN:2 BRK:0 RX_X:0.000 RX_Y:0.000 RX_Z:0.000
[ZONE-ROUTE] CID:1 zone=1 edge_port=9998
[EDGE-RTT] CID:1 wall=1.1 ms  sim_delay=5.0 ms
[NASH-GATE] CID:1 p=0.4 p*=0.3 rho_hat=0.4 Nash=BAN windowHits=1/4 -> WARN (pending confirmation)
[ATTACK-EMIT] CID:9 activeWindow=YES falsified=YES simT=29.642 realPX=661.650 fakePX=561.482 realSPD=25.000 fakeSPD=22.000 realTS=29.642 fakeTS=29.142 lane=5
[PASSIVE-BEACON] SIMNOW:29.654 CID:4 ZONE:2 RXUAV:2 EDGEPORT:9996 TS:29.640 SPD:20.000 HDG:0.000 PX:641.600 PY:-50.000 LAN:5 BRK:0 RX_X:0.000 RX_Y:0.000 RX_Z:0.000
[ZONE-ROUTE] CID:4 zone=1 edge_port=9998
[EDGE-RTT] CID:4 wall=1.1 ms  sim_delay=5.0 ms
>>> [UAV->CLOUD] BLK:6ab4|TX:7.0.0.8|CID:4|TS:29.640|SPD:20.0|HDG:0.0|PX:641.6|PY:-50.0|L...
[ECON-CLAWBACK] CID:1 ACT=WARN prior_payoff=-92.3 extra_penalty=7.0 new_payoff=-99.5
[FORGIVENESS] CID:1 WARN #25 — streak reset, benefits revoked
⚠ [CAR 1] ACT=WARN REP=0.556 RWD=0.000 PNL=7.191 CREDIT=0
[ECON-GATE] CID:4 probation active - suppressing OK reward 0.960
✓ [CAR 4] ACT=OK REP=0.519 RWD=0.000 PNL=0.000 CREDIT=0
[ATTACK-EMIT] CID:8 activeWindow=YES falsified=YES simT=29.672 realPX=672.400 fakePX=572.406 realSPD=25.000 fakeSPD=20.000 realTS=29.672 fakeTS=29.172 lane=4
[ATTACK-EMIT] CID:7 activeWindow=YES falsified=YES simT=29.672 realPX=663.280 fakePX=663.280 realSPD=15.000 fakeSPD=20.000 realTS=29.672 fakeTS=29.672 lane=3
[PASSIVE-BEACON] SIMNOW:29.686 CID:8 ZONE:1 RXUAV:1 EDGEPORT:9998 TS:29.172 SPD:20.000 HDG:0.000 PX:572.400 PY:-40.000 LAN:4 BRK:0 RX_X:0.000 RX_Y:0.000 RX_Z:0.000
[ZONE-ROUTE] CID:8 zone=1 edge_port=9998
[EDGE-RTT] CID:8 wall=1.3 ms  sim_delay=5.0 ms
[NASH-GATE] CID:8 p=0.4 p*=0.3 rho_hat=0.4 Nash=BAN windowHits=1/4 -> WARN (pending confirmation)
[PASSIVE-BEACON] SIMNOW:29.686 CID:7 ZONE:2 RXUAV:2 EDGEPORT:9996 TS:29.672 SPD:20.000 HDG:0.000 PX:663.300 PY:-30.000 LAN:3 BRK:0 RX_X:0.000 RX_Y:0.000 RX_Z:0.000
[ZONE-ROUTE] CID:7 zone=1 edge_port=9998
[EDGE-RTT] CID:7 wall=2.0 ms  sim_delay=5.0 ms
[NASH-GATE] CID:7 p=1.000 p*=0.320 rho_hat=0.413 streak=2 windowHits=2/4 EU_ban=1.500 -> CONFIRMED BAN (SLOW_LANE punishment sent)
[ATTACK-EMIT] CID:3 activeWindow=YES falsified=YES simT=29.690 realPX=652.850 fakePX=652.850 realSPD=25.000 fakeSPD=20.000 realTS=29.690 fakeTS=29.690 lane=4
[ECON-CLAWBACK] CID:8 ACT=WARN prior_payoff=-43.968 extra_penalty=5.000 new_payoff=-49.161
[FORGIVENESS] CID:8 WARN #17 — streak reset, benefits revoked
⚠ [CAR 8] ACT=WARN REP=0.728 RWD=0.000 PNL=5.193 CREDIT=0
[ECON-CLAWBACK] CID:7 ACT=BAN prior_payoff=-66.142 extra_penalty=5.000 new_payoff=-71.642
[FORGIVENESS] CID:7 BAN#1 excused (first confirmed offence) honest_wins=0 (preserved)
[BAN-PUNISH] CID:7 SLOW_LANE EXILE → LAN=99 speed=20.000 m/s  return_threshold=60
✗ [CAR 7] ACT=BAN REP=0.515 RWD=0.000 PNL=5.500 CREDIT=-8
[PASSIVE-BEACON] SIMNOW:29.704 CID:3 ZONE:2 RXUAV:2 EDGEPORT:9996 TS:29.690 SPD:20.000 HDG:0.000 PX:652.900 PY:-40.000 LAN:4 BRK:0 RX_X:0.000 RX_Y:0.000 RX_Z:0.000
[ZONE-ROUTE] CID:3 zone=1 edge_port=9998
[EDGE-RTT] CID:3 wall=1.0 ms  sim_delay=5.0 ms
>>> [UAV->CLOUD] BLK:85b9|TX:7.0.0.7|CID:3|TS:29.690|SPD:20.0|HDG:0.0|PX:652.9|PY:-40.0|L...
[ECON-GATE] CID:3 probation active - suppressing OK reward 0.9
✓ [CAR 3] ACT=OK REP=0.719 RWD=0.000 PNL=0.000 CREDIT=1
[ATTACK-EMIT] CID:2 activeWindow=YES falsified=YES simT=29.860 realPX=646.100 fakePX=566.824 realSPD=15.000 fakeSPD=20.000 realTS=29.860 fakeTS=29.360 lane=3
[PASSIVE-BEACON] SIMNOW:29.874 CID:2 ZONE:1 RXUAV:1 EDGEPORT:9998 TS:29.360 SPD:20.000 HDG:0.000 PX:566.800 PY:-30.000 LAN:3 BRK:0 RX_X:0.000 RX_Y:0.000 RX_Z:0.000
[ZONE-ROUTE] CID:2 zone=1 edge_port=9998
[EDGE-RTT] CID:2 wall=1.3 ms  sim_delay=5.0 ms
[NASH-GATE] CID:2 p=0.4 p*=0.3 rho_hat=0.4 Nash=BAN windowHits=1/4 -> WARN (pending confirmation)
[ECON-CLAWBACK] CID:2 ACT=WARN prior_payoff=-60.2 extra_penalty=5.8 new_payoff=-66.2
[FORGIVENESS] CID:2 WARN #20 — streak reset, benefits revoked
⚠ [CAR 2] ACT=WARN REP=0.844 RWD=0.000 PNL=5.945 CREDIT=0
[ATTACK-EMIT] CID:6 activeWindow=YES falsified=YES simT=29.982 realPX=657.930 fakePX=562.380 realSPD=15.000 fakeSPD=20.000 realTS=29.982 fakeTS=29.482 lane=99
[PASSIVE-BEACON] SIMNOW:29.996 CID:6 ZONE:1 RXUAV:1 EDGEPORT:9998 TS:29.482 SPD:20.000 HDG:0.000 PX:562.400 PY:-20.000 LAN:99 BRK:0 RX_X:0.000 RX_Y:0.000 RX_Z:0.000
[HANDOVER] CID:0 trigger from_Z1 to_Z2 at posX=628.200 distLeft=271.800m loaded=NO RAWRESP=[HANDOVER_TRIGGER_ACK CID:0 TO_ZONE:2]
[HANDOVER] CID:1 trigger from_Z1 to_Z2 at posX=638.200 distLeft=261.800m loaded=NO RAWRESP=[HANDOVER_TRIGGER_ACK CID:1 TO_ZONE:2]
[HANDOVER] CID:2 trigger from_Z1 to_Z2 at posX=648.200 distLeft=251.800m loaded=NO RAWRESP=[HANDOVER_TRIGGER_ACK CID:2 TO_ZONE:2]
[HANDOVER] CID:3 trigger from_Z1 to_Z2 at posX=658.200 distLeft=241.800m loaded=NO RAWRESP=[HANDOVER_TRIGGER_ACK CID:3 TO_ZONE:2]
[HANDOVER] CID:4 trigger from_Z1 to_Z2 at posX=650.600 distLeft=249.400m loaded=NO RAWRESP=[HANDOVER_TRIGGER_ACK CID:4 TO_ZONE:2]
[HANDOVER] CID:5 trigger from_Z1 to_Z2 at posX=648.200 distLeft=251.800m loaded=NO RAWRESP=[HANDOVER_TRIGGER_ACK CID:5 TO_ZONE:2]
[HANDOVER] CID:6 trigger from_Z1 to_Z2 at posX=658.200 distLeft=241.800m loaded=NO RAWRESP=[HANDOVER_TRIGGER_ACK CID:6 TO_ZONE:2]
[HANDOVER] CID:7 trigger from_Z1 to_Z2 at posX=668.200 distLeft=231.800m loaded=NO RAWRESP=[HANDOVER_TRIGGER_ACK CID:7 TO_ZONE:2]
[HANDOVER] CID:8 trigger from_Z1 to_Z2 at posX=678.200 distLeft=221.800m loaded=NO RAWRESP=[HANDOVER_TRIGGER_ACK CID:8 TO_ZONE:2]
[HANDOVER] CID:9 trigger from_Z1 to_Z2 at posX=670.600 distLeft=229.400m loaded=NO RAWRESP=[HANDOVER_TRIGGER_ACK CID:9 TO_ZONE:2]
[ATTACK-EMIT] CID:0 activeWindow=YES falsified=YES simT=30.000 realPX=628.200 fakePX=628.200 realSPD=15.000 fakeSPD=20.000 realTS=30.000 fakeTS=30.000 lane=1
[PASSIVE-BEACON] SIMNOW:30.014 CID:0 ZONE:2 RXUAV:2 EDGEPORT:9996 TS:30.000 SPD:20.000 HDG:0.000 PX:628.200 PY:-10.000 LAN:1 BRK:1 RX_X:0.000 RX_Y:0.000 RX_Z:0.000
[ZONE-ROUTE] CID:0 zone=1 edge_port=9998
[EDGE-RTT] CID:0 wall=1.2 ms  sim_delay=10.0 ms
[NASH-GATE] CID:0 p=1.000 p*=0.319 rho_hat=0.423 streak=2 windowHits=2/4 EU_ban=1.500 -> CONFIRMED BAN (SLOW_LANE punishment sent)
[ECON-CLAWBACK] CID:0 ACT=BAN prior_payoff=-107.183 extra_penalty=5.000 new_payoff=-112.683
[FORGIVENESS] CID:0 BAN#1 excused (first confirmed offence) honest_wins=0 (preserved)
[BAN-PUNISH] CID:0 SLOW_LANE EXILE → LAN=99 speed=20.000 m/s  return_threshold=60
✗ [CAR 0] ACT=BAN REP=0.428 RWD=0.000 PNL=5.500 CREDIT=-8
[ATTACK-EMIT] CID:5 activeWindow=YES falsified=YES simT=30.092 realPX=649.580 fakePX=566.858 realSPD=15.000 fakeSPD=20.000 realTS=30.092 fakeTS=29.592 lane=99
[PASSIVE-BEACON] SIMNOW:30.106 CID:5 ZONE:1 RXUAV:1 EDGEPORT:9998 TS:29.592 SPD:20.000 HDG:0.000 PX:566.900 PY:-10.000 LAN:99 BRK:0 RX_X:0.000 RX_Y:0.000 RX_Z:0.000
[ATTACK-EMIT] CID:1 activeWindow=YES falsified=YES simT=30.130 realPX=640.150 fakePX=640.150 realSPD=15.000 fakeSPD=20.000 realTS=30.130 fakeTS=30.130 lane=2
[ATTACK-EMIT] CID:4 activeWindow=YES falsified=YES simT=30.140 realPX=654.100 fakePX=654.100 realSPD=25.000 fakeSPD=20.000 realTS=30.140 fakeTS=30.140 lane=5
[ATTACK-EMIT] CID:9 activeWindow=YES falsified=YES simT=30.142 realPX=674.150 fakePX=674.150 realSPD=25.000 fakeSPD=20.000 realTS=30.142 fakeTS=30.142 lane=5
[PASSIVE-BEACON] SIMNOW:30.144 CID:1 ZONE:2 RXUAV:2 EDGEPORT:9996 TS:30.130 SPD:20.000 HDG:0.000 PX:640.200 PY:-20.000 LAN:2 BRK:0 RX_X:0.000 RX_Y:0.000 RX_Z:0.000
[ZONE-ROUTE] CID:1 zone=1 edge_port=9998
[EDGE-RTT] CID:1 wall=0.9 ms  sim_delay=5.0 ms
[NASH-GATE] CID:1 p=1.000 p*=0.319 rho_hat=0.426 streak=2 windowHits=2/4 EU_ban=1.500 -> CONFIRMED BAN (SLOW_LANE punishment sent)
[PASSIVE-BEACON] SIMNOW:30.154 CID:4 ZONE:2 RXUAV:2 EDGEPORT:9996 TS:30.140 SPD:20.000 HDG:0.000 PX:654.100 PY:-50.000 LAN:5 BRK:0 RX_X:0.000 RX_Y:0.000 RX_Z:0.000
[ZONE-ROUTE] CID:4 zone=1 edge_port=9998
[EDGE-RTT] CID:4 wall=1.1 ms  sim_delay=5.0 ms
>>> [UAV->CLOUD] BLK:349f|TX:7.0.0.8|CID:4|TS:30.140|SPD:20.0|HDG:0.0|PX:654.1|PY:-50.0|L...
[ECON-CLAWBACK] CID:1 ACT=BAN prior_payoff=-99.5 extra_penalty=5.0 new_payoff=-105.0
[FORGIVENESS] CID:1 BAN#1 excused (first confirmed offence) honest_wins=0 (preserved)
[BAN-PUNISH] CID:1 SLOW_LANE EXILE → LAN=99 speed=20.0 m/s  return_threshold=60
✗ [CAR 1] ACT=BAN REP=0.442 RWD=0.000 PNL=5.500 CREDIT=-8
[ECON-GATE] CID:4 probation active - suppressing OK reward 0.876
✓ [CAR 4] ACT=OK REP=0.615 RWD=0.000 PNL=0.000 CREDIT=1
[ATTACK-EMIT] CID:8 activeWindow=YES falsified=YES simT=30.172 realPX=680.780 fakePX=680.780 realSPD=15.000 fakeSPD=20.000 realTS=30.172 fakeTS=30.172 lane=4
[ATTACK-EMIT] CID:7 activeWindow=YES falsified=YES simT=30.172 realPX=670.780 fakePX=670.780 realSPD=15.000 fakeSPD=20.000 realTS=30.172 fakeTS=30.172 lane=99
[PASSIVE-BEACON] SIMNOW:30.186 CID:8 ZONE:2 RXUAV:2 EDGEPORT:9996 TS:30.172 SPD:20.000 HDG:0.000 PX:680.800 PY:-40.000 LAN:4 BRK:0 RX_X:0.000 RX_Y:0.000 RX_Z:0.000
[ZONE-ROUTE] CID:8 zone=1 edge_port=9998
[EDGE-RTT] CID:8 wall=1.0 ms  sim_delay=5.0 ms
[NASH-GATE] CID:8 p=1.000 p*=0.318 rho_hat=0.430 streak=2 windowHits=2/4 EU_ban=1.500 -> CONFIRMED BAN (SLOW_LANE punishment sent)
[PASSIVE-BEACON] SIMNOW:30.186 CID:7 ZONE:2 RXUAV:2 EDGEPORT:9996 TS:30.172 SPD:20.000 HDG:0.000 PX:670.800 PY:-30.000 LAN:99 BRK:1 RX_X:0.000 RX_Y:0.000 RX_Z:0.000
[ATTACK-EMIT] CID:3 activeWindow=YES falsified=YES simT=30.190 realPX=661.050 fakePX=565.566 realSPD=15.000 fakeSPD=20.000 realTS=30.190 fakeTS=29.690 lane=4
[ECON-CLAWBACK] CID:8 ACT=BAN prior_payoff=-49.161 extra_penalty=5.000 new_payoff=-54.661
[FORGIVENESS] CID:8 BAN#1 excused (first confirmed offence) honest_wins=0 (preserved)
[BAN-PUNISH] CID:8 SLOW_LANE EXILE → LAN=99 speed=20.000 m/s  return_threshold=60
✗ [CAR 8] ACT=BAN REP=0.559 RWD=0.000 PNL=5.500 CREDIT=-8
[PASSIVE-BEACON] SIMNOW:30.202 CID:3 ZONE:1 RXUAV:1 EDGEPORT:9998 TS:29.690 SPD:20.000 HDG:0.000 PX:565.600 PY:-40.000 LAN:4 BRK:0 RX_X:0.000 RX_Y:0.000 RX_Z:0.000
[ZONE-ROUTE] CID:3 zone=1 edge_port=9998
[EDGE-RTT] CID:3 wall=1.1 ms  sim_delay=5.0 ms
[NASH-GATE] CID:3 p=0.4 p*=0.3 rho_hat=0.4 Nash=BAN windowHits=1/4 -> WARN (pending confirmation)
[ECON-CLAWBACK] CID:3 ACT=WARN prior_payoff=-49.1 extra_penalty=5.2 new_payoff=-54.5
[FORGIVENESS] CID:3 WARN #18 — streak reset, benefits revoked
⚠ [CAR 3] ACT=WARN REP=0.621 RWD=0.000 PNL=5.440 CREDIT=0
[ATTACK-EMIT] CID:2 activeWindow=YES falsified=YES simT=30.360 realPX=653.600 fakePX=653.600 realSPD=15.000 fakeSPD=20.000 realTS=30.360 fakeTS=30.360 lane=3
[PASSIVE-BEACON] SIMNOW:30.374 CID:2 ZONE:2 RXUAV:2 EDGEPORT:9996 TS:30.360 SPD:20.000 HDG:0.000 PX:653.600 PY:-30.000 LAN:3 BRK:0 RX_X:0.000 RX_Y:0.000 RX_Z:0.000
[ZONE-ROUTE] CID:2 zone=1 edge_port=9998
[EDGE-RTT] CID:2 wall=1.0 ms  sim_delay=5.0 ms
[NASH-GATE] CID:2 p=1.000 p*=0.316 rho_hat=0.440 streak=2 windowHits=2/4 EU_ban=1.500 -> CONFIRMED BAN (SLOW_LANE punishment sent)
[ECON-CLAWBACK] CID:2 ACT=BAN prior_payoff=-66.166 extra_penalty=5.000 new_payoff=-71.666
[FORGIVENESS] CID:2 BAN#1 excused (first confirmed offence) honest_wins=0 (preserved)
[BAN-PUNISH] CID:2 SLOW_LANE EXILE → LAN=99 speed=20.000 m/s  return_threshold=60
✗ [CAR 2] ACT=BAN REP=0.513 RWD=0.000 PNL=5.500 CREDIT=-8
[ATTACK-EMIT] CID:6 activeWindow=YES falsified=YES simT=30.482 realPX=665.430 fakePX=665.430 realSPD=15.000 fakeSPD=20.000 realTS=30.482 fakeTS=30.482 lane=99
[PASSIVE-BEACON] SIMNOW:30.496 CID:6 ZONE:2 RXUAV:2 EDGEPORT:9996 TS:30.482 SPD:20.000 HDG:0.000 PX:665.400 PY:-20.000 LAN:99 BRK:0 RX_X:0.000 RX_Y:0.000 RX_Z:0.000
[ATTACK-EMIT] CID:0 activeWindow=YES falsified=YES simT=30.500 realPX=635.700 fakePX=635.700 realSPD=15.000 fakeSPD=20.000 realTS=30.500 fakeTS=30.500 lane=99
[PASSIVE-BEACON] SIMNOW:30.514 CID:0 ZONE:2 RXUAV:2 EDGEPORT:9996 TS:30.500 SPD:20.000 HDG:0.000 PX:635.700 PY:-10.000 LAN:99 BRK:0 RX_X:0.000 RX_Y:0.000 RX_Z:0.000
[ATTACK-EMIT] CID:5 activeWindow=YES falsified=YES simT=30.592 realPX=657.080 fakePX=657.080 realSPD=15.000 fakeSPD=20.000 realTS=30.592 fakeTS=30.592 lane=99
[PASSIVE-BEACON] SIMNOW:30.607 CID:5 ZONE:2 RXUAV:2 EDGEPORT:9996 TS:30.592 SPD:20.000 HDG:0.000 PX:657.100 PY:-10.000 LAN:99 BRK:0 RX_X:0.000 RX_Y:0.000 RX_Z:0.000
[ATTACK-EMIT] CID:1 activeWindow=YES falsified=YES simT=30.630 realPX=647.650 fakePX=647.650 realSPD=15.000 fakeSPD=20.000 realTS=30.630 fakeTS=30.630 lane=99
[ATTACK-EMIT] CID:4 activeWindow=YES falsified=YES simT=30.640 realPX=666.600 fakePX=566.888 realSPD=25.000 fakeSPD=20.000 realTS=30.640 fakeTS=30.140 lane=5
[ATTACK-EMIT] CID:9 activeWindow=YES falsified=YES simT=30.642 realPX=686.650 fakePX=686.650 realSPD=25.000 fakeSPD=20.000 realTS=30.642 fakeTS=30.642 lane=5
[PASSIVE-BEACON] SIMNOW:30.644 CID:1 ZONE:2 RXUAV:2 EDGEPORT:9996 TS:30.630 SPD:20.000 HDG:0.000 PX:647.700 PY:-20.000 LAN:99 BRK:0 RX_X:0.000 RX_Y:0.000 RX_Z:0.000
[PASSIVE-BEACON] SIMNOW:30.655 CID:4 ZONE:1 RXUAV:1 EDGEPORT:9998 TS:30.140 SPD:20.000 HDG:0.000 PX:566.900 PY:-50.000 LAN:5 BRK:0 RX_X:0.000 RX_Y:0.000 RX_Z:0.000
[ZONE-ROUTE] CID:4 zone=1 edge_port=9998
[EDGE-RTT] CID:4 wall=1.3 ms  sim_delay=5.0 ms
[NASH-GATE] CID:4 p=0.4 p*=0.3 rho_hat=0.4 Nash=BAN windowHits=1/4 -> WARN (pending confirmation)
[ATTACK-EMIT] CID:8 activeWindow=YES falsified=YES simT=30.672 realPX=688.280 fakePX=688.280 realSPD=15.000 fakeSPD=20.000 realTS=30.672 fakeTS=30.672 lane=99
[ATTACK-EMIT] CID:7 activeWindow=YES falsified=YES simT=30.672 realPX=678.280 fakePX=570.092 realSPD=15.000 fakeSPD=20.000 realTS=30.672 fakeTS=30.172 lane=99
[ECON-CLAWBACK] CID:4 ACT=WARN prior_payoff=-29.904 extra_penalty=4.250 new_payoff=-34.347
[FORGIVENESS] CID:4 WARN #14 — streak reset, benefits revoked
⚠ [CAR 4] ACT=WARN REP=0.705 RWD=0.000 PNL=4.443 CREDIT=0
[PASSIVE-BEACON] SIMNOW:30.686 CID:8 ZONE:2 RXUAV:2 EDGEPORT:9996 TS:30.672 SPD:20.000 HDG:0.000 PX:688.300 PY:-40.000 LAN:99 BRK:0 RX_X:0.000 RX_Y:0.000 RX_Z:0.000
[PASSIVE-BEACON] SIMNOW:30.686 CID:7 ZONE:1 RXUAV:1 EDGEPORT:9998 TS:30.172 SPD:20.000 HDG:0.000 PX:570.100 PY:-30.000 LAN:99 BRK:0 RX_X:0.000 RX_Y:0.000 RX_Z:0.000
[ATTACK-EMIT] CID:3 activeWindow=YES falsified=YES simT=30.690 realPX=668.550 fakePX=668.550 realSPD=15.000 fakeSPD=20.000 realTS=30.690 fakeTS=30.690 lane=4
[PASSIVE-BEACON] SIMNOW:30.704 CID:3 ZONE:2 RXUAV:2 EDGEPORT:9996 TS:30.690 SPD:20.000 HDG:0.000 PX:668.600 PY:-40.000 LAN:4 BRK:1 RX_X:0.000 RX_Y:0.000 RX_Z:0.000
[HTD] CID:3 handover Z1->Z2 trust discounted at PX=668.6 delta=0.3 alpha:20.8->7.7 beta:14.1->4.9 obs/window reset probationK=10
[CUSUM] CID:3 activated at HANDOVER Z1->Z2 PX=668.6 warmupK=0 mu0=0.2 h=0.8 minObs=3 edgeMax=0.5
[ZONE-ROUTE] CID:3 zone=2 edge_port=9996
[EDGE-RTT] CID:3 wall=1.7 ms  sim_delay=5.0 ms
[CUSUM] CID:3 S=0.000/0.800 pEdge=0.001 pCusum=0.020
[POST-HANDOVER] CID:3 zone=2 pkt=1/10 credit_factor=0.150
>>> [UAV->CLOUD] BLK:1631|TX:7.0.0.7|CID:3|TS:30.690|SPD:20.0|HDG:0.0|PX:668.6|PY:-40.0|L...
[ECON-GATE] CID:3 probation active - suppressing OK reward 0.999
✓ [CAR 3] ACT=OK REP=0.562 RWD=0.000 PNL=0.000 CREDIT=2
[ATTACK-EMIT] CID:2 activeWindow=YES falsified=YES simT=30.860 realPX=661.100 fakePX=661.100 realSPD=15.000 fakeSPD=20.000 realTS=30.860 fakeTS=30.860 lane=99
[PASSIVE-BEACON] SIMNOW:30.874 CID:2 ZONE:2 RXUAV:2 EDGEPORT:9996 TS:30.860 SPD:20.000 HDG:0.000 PX:661.100 PY:-30.000 LAN:99 BRK:0 RX_X:0.000 RX_Y:0.000 RX_Z:0.000
[ATTACK-EMIT] CID:6 activeWindow=YES falsified=YES simT=30.982 realPX=672.930 fakePX=672.930 realSPD=15.000 fakeSPD=20.000 realTS=30.982 fakeTS=30.982 lane=99
[PASSIVE-BEACON] SIMNOW:30.996 CID:6 ZONE:2 RXUAV:2 EDGEPORT:9996 TS:30.982 SPD:20.000 HDG:0.000 PX:672.900 PY:-20.000 LAN:99 BRK:0 RX_X:0.000 RX_Y:0.000 RX_Z:0.000
[ATTACK-EMIT] CID:0 activeWindow=YES falsified=YES simT=31.000 realPX=643.200 fakePX=560.508 realSPD=15.000 fakeSPD=20.000 realTS=31.000 fakeTS=30.500 lane=99
[PASSIVE-BEACON] SIMNOW:31.014 CID:0 ZONE:1 RXUAV:1 EDGEPORT:9998 TS:30.500 SPD:20.000 HDG:0.000 PX:560.500 PY:-10.000 LAN:99 BRK:0 RX_X:0.000 RX_Y:0.000 RX_Z:0.000
[ATTACK-EMIT] CID:5 activeWindow=YES falsified=YES simT=31.092 realPX=664.580 fakePX=664.580 realSPD=15.000 fakeSPD=20.000 realTS=31.092 fakeTS=31.092 lane=99
[PASSIVE-BEACON] SIMNOW:31.106 CID:5 ZONE:2 RXUAV:2 EDGEPORT:9996 TS:31.092 SPD:20.000 HDG:0.000 PX:664.600 PY:-10.000 LAN:99 BRK:1 RX_X:0.000 RX_Y:0.000 RX_Z:0.000
[ATTACK-EMIT] CID:1 activeWindow=YES falsified=YES simT=31.130 realPX=655.150 fakePX=571.614 realSPD=15.000 fakeSPD=20.000 realTS=31.130 fakeTS=30.630 lane=99
[ATTACK-EMIT] CID:4 activeWindow=YES falsified=YES simT=31.140 realPX=679.100 fakePX=679.100 realSPD=25.000 fakeSPD=20.000 realTS=31.140 fakeTS=31.140 lane=5
[ATTACK-EMIT] CID:9 activeWindow=YES falsified=YES simT=31.142 realPX=699.150 fakePX=561.902 realSPD=25.000 fakeSPD=22.000 realTS=31.142 fakeTS=30.642 lane=5
[PASSIVE-BEACON] SIMNOW:31.143 CID:1 ZONE:1 RXUAV:1 EDGEPORT:9998 TS:30.630 SPD:20.000 HDG:0.000 PX:571.600 PY:-20.000 LAN:99 BRK:0 RX_X:0.000 RX_Y:0.000 RX_Z:0.000
[PASSIVE-BEACON] SIMNOW:31.157 CID:4 ZONE:2 RXUAV:2 EDGEPORT:9996 TS:31.140 SPD:20.000 HDG:0.000 PX:679.100 PY:-50.000 LAN:5 BRK:0 RX_X:0.000 RX_Y:0.000 RX_Z:0.000
[HTD] CID:4 handover Z1->Z2 trust discounted at PX=679.1 delta=0.3 alpha:22.8->8.3 beta:11.5->4.2 obs/window reset probationK=10
[CUSUM] CID:4 activated at HANDOVER Z1->Z2 PX=679.1 warmupK=0 mu0=0.2 h=0.8 minObs=3 edgeMax=0.5
[ZONE-ROUTE] CID:4 zone=2 edge_port=9996
[EDGE-RTT] CID:4 wall=1.6 ms  sim_delay=5.0 ms
[CUSUM] CID:4 S=0.000/0.800 pEdge=0.001 pCusum=0.020
[POST-HANDOVER] CID:4 zone=2 pkt=1/10 credit_factor=0.150
>>> [UAV->CLOUD] BLK:6954|TX:7.0.0.8|CID:4|TS:31.140|SPD:20.0|HDG:0.0|PX:679.1|PY:-50.0|L...
[ECON-GATE] CID:4 probation active - suppressing OK reward 0.999
✓ [CAR 4] ACT=OK REP=0.645 RWD=0.000 PNL=0.000 CREDIT=2
[ATTACK-EMIT] CID:8 activeWindow=YES falsified=YES simT=31.172 realPX=695.780 fakePX=572.238 realSPD=15.000 fakeSPD=20.000 realTS=31.172 fakeTS=30.672 lane=99
[ATTACK-EMIT] CID:7 activeWindow=YES falsified=YES simT=31.172 realPX=685.780 fakePX=685.780 realSPD=15.000 fakeSPD=20.000 realTS=31.172 fakeTS=31.172 lane=99
[PASSIVE-BEACON] SIMNOW:31.186 CID:8 ZONE:1 RXUAV:1 EDGEPORT:9998 TS:30.672 SPD:20.000 HDG:0.000 PX:572.200 PY:-40.000 LAN:99 BRK:1 RX_X:0.000 RX_Y:0.000 RX_Z:0.000
[PASSIVE-BEACON] SIMNOW:31.186 CID:7 ZONE:2 RXUAV:2 EDGEPORT:9996 TS:31.172 SPD:20.000 HDG:0.000 PX:685.800 PY:-30.000 LAN:99 BRK:0 RX_X:0.000 RX_Y:0.000 RX_Z:0.000
[ATTACK-EMIT] CID:3 activeWindow=YES falsified=YES simT=31.190 realPX=676.050 fakePX=676.050 realSPD=15.000 fakeSPD=20.000 realTS=31.190 fakeTS=31.190 lane=4
[PASSIVE-BEACON] SIMNOW:31.204 CID:3 ZONE:2 RXUAV:2 EDGEPORT:9996 TS:31.190 SPD:20.000 HDG:0.000 PX:676.100 PY:-40.000 LAN:4 BRK:0 RX_X:0.000 RX_Y:0.000 RX_Z:0.000
[ZONE-ROUTE] CID:3 zone=2 edge_port=9996
[EDGE-RTT] CID:3 wall=1.5 ms  sim_delay=5.0 ms
[CUSUM] CID:3 S=0.000/0.800 pEdge=0.000 pCusum=0.020
[POST-HANDOVER] CID:3 zone=2 pkt=2/10 credit_factor=0.150
>>> [UAV->CLOUD] BLK:d916|TX:7.0.0.7|CID:3|TS:31.190|SPD:20.0|HDG:0.0|PX:676.1|PY:-40.0|L...
[ECON-GATE] CID:3 probation active - suppressing OK reward 1.000
✓ [CAR 3] ACT=OK REP=0.838 RWD=0.000 PNL=0.000 CREDIT=3
[ATTACK-EMIT] CID:2 activeWindow=YES falsified=YES simT=31.360 realPX=668.600 fakePX=567.232 realSPD=15.000 fakeSPD=20.000 realTS=31.360 fakeTS=30.860 lane=99
[PASSIVE-BEACON] SIMNOW:31.374 CID:2 ZONE:1 RXUAV:1 EDGEPORT:9998 TS:30.860 SPD:20.000 HDG:0.000 PX:567.200 PY:-30.000 LAN:99 BRK:1 RX_X:0.000 RX_Y:0.000 RX_Z:0.000
[ATTACK-EMIT] CID:6 activeWindow=YES falsified=YES simT=31.482 realPX=680.430 fakePX=562.452 realSPD=15.000 fakeSPD=20.000 realTS=31.482 fakeTS=30.982 lane=99
[PASSIVE-BEACON] SIMNOW:31.496 CID:6 ZONE:1 RXUAV:1 EDGEPORT:9998 TS:30.982 SPD:20.000 HDG:0.000 PX:562.500 PY:-20.000 LAN:99 BRK:0 RX_X:0.000 RX_Y:0.000 RX_Z:0.000
[ATTACK-EMIT] CID:0 activeWindow=YES falsified=YES simT=31.500 realPX=650.700 fakePX=650.700 realSPD=15.000 fakeSPD=20.000 realTS=31.500 fakeTS=31.500 lane=99
[PASSIVE-BEACON] SIMNOW:31.517 CID:0 ZONE:2 RXUAV:2 EDGEPORT:9996 TS:31.500 SPD:20.000 HDG:0.000 PX:650.700 PY:-10.000 LAN:99 BRK:0 RX_X:0.000 RX_Y:0.000 RX_Z:0.000
[ATTACK-EMIT] CID:5 activeWindow=YES falsified=YES simT=31.592 realPX=672.080 fakePX=566.900 realSPD=15.000 fakeSPD=20.000 realTS=31.592 fakeTS=31.092 lane=99
[PASSIVE-BEACON] SIMNOW:31.609 CID:5 ZONE:1 RXUAV:1 EDGEPORT:9998 TS:31.092 SPD:20.000 HDG:0.000 PX:566.900 PY:-10.000 LAN:99 BRK:0 RX_X:0.000 RX_Y:0.000 RX_Z:0.000
[ATTACK-EMIT] CID:1 activeWindow=YES falsified=YES simT=31.630 realPX=662.650 fakePX=662.650 realSPD=15.000 fakeSPD=20.000 realTS=31.630 fakeTS=31.630 lane=99
[ATTACK-EMIT] CID:4 activeWindow=YES falsified=YES simT=31.640 realPX=691.600 fakePX=691.600 realSPD=25.000 fakeSPD=20.000 realTS=31.640 fakeTS=31.640 lane=5
[ATTACK-EMIT] CID:9 activeWindow=YES falsified=YES simT=31.642 realPX=711.650 fakePX=711.650 realSPD=25.000 fakeSPD=20.000 realTS=31.642 fakeTS=31.642 lane=5
[PASSIVE-BEACON] SIMNOW:31.644 CID:1 ZONE:2 RXUAV:2 EDGEPORT:9996 TS:31.630 SPD:20.000 HDG:0.000 PX:662.700 PY:-20.000 LAN:99 BRK:0 RX_X:0.000 RX_Y:0.000 RX_Z:0.000
[PASSIVE-BEACON] SIMNOW:31.654 CID:4 ZONE:2 RXUAV:2 EDGEPORT:9996 TS:31.640 SPD:20.000 HDG:0.000 PX:691.600 PY:-50.000 LAN:5 BRK:0 RX_X:0.000 RX_Y:0.000 RX_Z:0.000
[ZONE-ROUTE] CID:4 zone=2 edge_port=9996
[EDGE-RTT] CID:4 wall=1.7 ms  sim_delay=5.0 ms
[CUSUM] CID:4 S=0.000/0.800 pEdge=0.000 pCusum=0.020
[POST-HANDOVER] CID:4 zone=2 pkt=2/10 credit_factor=0.150
>>> [UAV->CLOUD] BLK:711f|TX:7.0.0.8|CID:4|TS:31.640|SPD:20.0|HDG:0.0|PX:691.6|PY:-50.0|L...
[ECON-GATE] CID:4 probation active - suppressing OK reward 1.000
✓ [CAR 4] ACT=OK REP=0.886 RWD=0.000 PNL=0.000 CREDIT=3
[ATTACK-EMIT] CID:8 activeWindow=YES falsified=YES simT=31.672 realPX=703.280 fakePX=703.280 realSPD=15.000 fakeSPD=20.000 realTS=31.672 fakeTS=31.672 lane=99
[ATTACK-EMIT] CID:7 activeWindow=YES falsified=YES simT=31.672 realPX=693.280 fakePX=693.280 realSPD=15.000 fakeSPD=20.000 realTS=31.672 fakeTS=31.672 lane=99
[PASSIVE-BEACON] SIMNOW:31.686 CID:8 ZONE:2 RXUAV:2 EDGEPORT:9996 TS:31.672 SPD:20.000 HDG:0.000 PX:703.300 PY:-40.000 LAN:99 BRK:0 RX_X:0.000 RX_Y:0.000 RX_Z:0.000
[PASSIVE-BEACON] SIMNOW:31.686 CID:7 ZONE:2 RXUAV:2 EDGEPORT:9996 TS:31.672 SPD:20.000 HDG:0.000 PX:693.300 PY:-30.000 LAN:99 BRK:0 RX_X:0.000 RX_Y:0.000 RX_Z:0.000
[ATTACK-EMIT] CID:3 activeWindow=YES falsified=YES simT=31.690 realPX=683.550 fakePX=565.050 realSPD=15.000 fakeSPD=20.000 realTS=31.690 fakeTS=31.190 lane=4
[PASSIVE-BEACON] SIMNOW:31.703 CID:3 ZONE:1 RXUAV:1 EDGEPORT:9998 TS:31.190 SPD:20.000 HDG:0.000 PX:565.100 PY:-40.000 LAN:4 BRK:0 RX_X:0.000 RX_Y:0.000 RX_Z:0.000
[ZONE-ROUTE] CID:3 zone=2 edge_port=9996
[EDGE-RTT] CID:3 wall=1.3 ms  sim_delay=5.0 ms
[CUSUM] CID:3 S=0.150/0.800 pEdge=0.263 pCusum=0.350
[POST-HANDOVER] CID:3 zone=2 pkt=3/10 credit_factor=0.150
>>> [UAV->CLOUD] BLK:9458|TX:7.0.0.7|CID:3|TS:31.190|SPD:20.0|HDG:0.0|PX:565.1|PY:-40.0|L...
[ECON-CLAWBACK] CID:3 ACT=WARN prior_payoff=-54.514 extra_penalty=5.500 new_payoff=-60.146
[FORGIVENESS] CID:3 WARN #19 — streak reset, benefits revoked
⚠ [CAR 3] ACT=WARN REP=0.261 RWD=0.000 PNL=5.632 CREDIT=2
[ATTACK-EMIT] CID:2 activeWindow=YES falsified=YES simT=31.860 realPX=676.100 fakePX=676.100 realSPD=15.000 fakeSPD=20.000 realTS=31.860 fakeTS=31.860 lane=99
[PKT-DROP] UAV dropped telemetry from 7.0.0.6 (drop_rate=1%)
[ATTACK-EMIT] CID:6 activeWindow=YES falsified=YES simT=31.982 realPX=687.930 fakePX=687.930 realSPD=15.000 fakeSPD=20.000 realTS=31.982 fakeTS=31.982 lane=99
[PASSIVE-BEACON] SIMNOW:31.994 CID:6 ZONE:2 RXUAV:2 EDGEPORT:9996 TS:31.982 SPD:20.000 HDG:0.000 PX:687.900 PY:-20.000 LAN:99 BRK:0 RX_X:0.000 RX_Y:0.000 RX_Z:0.000
[ATTACK-EMIT] CID:0 activeWindow=YES falsified=YES simT=32.000 realPX=658.200 fakePX=658.200 realSPD=15.000 fakeSPD=20.000 realTS=32.000 fakeTS=32.000 lane=99
[PASSIVE-BEACON] SIMNOW:32.014 CID:0 ZONE:2 RXUAV:2 EDGEPORT:9996 TS:32.000 SPD:20.000 HDG:0.000 PX:658.200 PY:-10.000 LAN:99 BRK:0 RX_X:0.000 RX_Y:0.000 RX_Z:0.000
[ATTACK-EMIT] CID:5 activeWindow=YES falsified=YES simT=32.092 realPX=679.580 fakePX=679.580 realSPD=15.000 fakeSPD=20.000 realTS=32.092 fakeTS=32.092 lane=99
[PASSIVE-BEACON] SIMNOW:32.106 CID:5 ZONE:2 RXUAV:2 EDGEPORT:9996 TS:32.092 SPD:20.000 HDG:0.000 PX:679.600 PY:-10.000 LAN:99 BRK:1 RX_X:0.000 RX_Y:0.000 RX_Z:0.000
[ATTACK-EMIT] CID:1 activeWindow=YES falsified=YES simT=32.130 realPX=670.150 fakePX=670.150 realSPD=15.000 fakeSPD=20.000 realTS=32.130 fakeTS=32.130 lane=99
[ATTACK-EMIT] CID:4 activeWindow=YES falsified=YES simT=32.140 realPX=700.300 fakePX=566.696 realSPD=15.000 fakeSPD=20.000 realTS=32.140 fakeTS=31.640 lane=5
[PASSIVE-BEACON] SIMNOW:32.144 CID:1 ZONE:2 RXUAV:2 EDGEPORT:9996 TS:32.130 SPD:20.000 HDG:0.000 PX:670.200 PY:-20.000 LAN:99 BRK:0 RX_X:0.000 RX_Y:0.000 RX_Z:0.000
[PASSIVE-BEACON] SIMNOW:32.153 CID:4 ZONE:1 RXUAV:1 EDGEPORT:9998 TS:31.640 SPD:20.000 HDG:0.000 PX:566.700 PY:-50.000 LAN:5 BRK:0 RX_X:0.000 RX_Y:0.000 RX_Z:0.000
[ZONE-ROUTE] CID:4 zone=2 edge_port=9996
[EDGE-RTT] CID:4 wall=1.7 ms  sim_delay=5.0 ms
[CUSUM] CID:4 S=0.150/0.800 pEdge=0.290 pCusum=0.350
[POST-HANDOVER] CID:4 zone=2 pkt=3/10 credit_factor=0.150
>>> [UAV->CLOUD] BLK:8e4b|TX:7.0.0.8|CID:4|TS:31.640|SPD:20.0|HDG:0.0|PX:566.7|PY:-50.0|L...
[ECON-CLAWBACK] CID:4 ACT=WARN prior_payoff=-34.347 extra_penalty=4.500 new_payoff=-38.992
[FORGIVENESS] CID:4 WARN #15 — streak reset, benefits revoked
⚠ [CAR 4] ACT=WARN REP=0.490 RWD=0.000 PNL=4.645 CREDIT=2
[ATTACK-EMIT] CID:8 activeWindow=YES falsified=YES simT=32.172 realPX=710.780 fakePX=710.780 realSPD=15.000 fakeSPD=20.000 realTS=32.172 fakeTS=32.172 lane=99
[ATTACK-EMIT] CID:7 activeWindow=YES falsified=YES simT=32.172 realPX=700.780 fakePX=570.044 realSPD=15.000 fakeSPD=20.000 realTS=32.172 fakeTS=31.672 lane=99
[PASSIVE-BEACON] SIMNOW:32.186 CID:8 ZONE:2 RXUAV:2 EDGEPORT:9996 TS:32.172 SPD:20.000 HDG:0.000 PX:710.800 PY:-40.000 LAN:99 BRK:1 RX_X:0.000 RX_Y:0.000 RX_Z:0.000
[PASSIVE-BEACON] SIMNOW:32.186 CID:7 ZONE:1 RXUAV:1 EDGEPORT:9998 TS:31.672 SPD:20.000 HDG:0.000 PX:570.000 PY:-30.000 LAN:99 BRK:0 RX_X:0.000 RX_Y:0.000 RX_Z:0.000
[ATTACK-EMIT] CID:3 activeWindow=YES falsified=YES simT=32.190 realPX=691.050 fakePX=691.050 realSPD=15.000 fakeSPD=20.000 realTS=32.190 fakeTS=32.190 lane=4
[PASSIVE-BEACON] SIMNOW:32.204 CID:3 ZONE:2 RXUAV:2 EDGEPORT:9996 TS:32.190 SPD:20.000 HDG:0.000 PX:691.100 PY:-40.000 LAN:4 BRK:0 RX_X:0.000 RX_Y:0.000 RX_Z:0.000
[ZONE-ROUTE] CID:3 zone=2 edge_port=9996
[EDGE-RTT] CID:3 wall=1.7 ms  sim_delay=5.0 ms
[CUSUM-BAN] CID:3 change-point detected S=0.900 > h=0.800 pEdge=0.129 (post-handover behavioral change)
[ECON-CLAWBACK] CID:3 ACT=BAN prior_payoff=-60.146 extra_penalty=5.000 new_payoff=-65.646
[FORGIVENESS] CID:3 BAN#1 excused (first confirmed offence) honest_wins=0 (preserved)
[BAN-PUNISH] CID:3 SLOW_LANE EXILE → LAN=99 speed=20.000 m/s  return_threshold=60
✗ [CAR 3] ACT=BAN REP=0.614 RWD=0.000 PNL=5.500 CREDIT=-10
[ATTACK-EMIT] CID:2 activeWindow=YES falsified=YES simT=32.360 realPX=683.600 fakePX=683.600 realSPD=15.000 fakeSPD=20.000 realTS=32.360 fakeTS=32.360 lane=99
[PASSIVE-BEACON] SIMNOW:32.374 CID:2 ZONE:2 RXUAV:2 EDGEPORT:9996 TS:32.360 SPD:20.000 HDG:0.000 PX:683.600 PY:-30.000 LAN:99 BRK:0 RX_X:0.000 RX_Y:0.000 RX_Z:0.000
[ATTACK-EMIT] CID:6 activeWindow=YES falsified=YES simT=32.482 realPX=695.430 fakePX=695.430 realSPD=15.000 fakeSPD=20.000 realTS=32.482 fakeTS=32.482 lane=99
[PASSIVE-BEACON] SIMNOW:32.496 CID:6 ZONE:2 RXUAV:2 EDGEPORT:9996 TS:32.482 SPD:20.000 HDG:0.000 PX:695.400 PY:-20.000 LAN:99 BRK:0 RX_X:0.000 RX_Y:0.000 RX_Z:0.000
[ATTACK-EMIT] CID:0 activeWindow=YES falsified=YES simT=32.500 realPX=665.700 fakePX=560.610 realSPD=15.000 fakeSPD=20.000 realTS=32.500 fakeTS=32.000 lane=99
[PASSIVE-BEACON] SIMNOW:32.517 CID:0 ZONE:1 RXUAV:1 EDGEPORT:9998 TS:32.000 SPD:20.000 HDG:0.000 PX:560.600 PY:-10.000 LAN:99 BRK:0 RX_X:0.000 RX_Y:0.000 RX_Z:0.000
[ATTACK-EMIT] CID:5 activeWindow=YES falsified=YES simT=32.592 realPX=687.080 fakePX=687.080 realSPD=15.000 fakeSPD=20.000 realTS=32.592 fakeTS=32.592 lane=99
[PASSIVE-BEACON] SIMNOW:32.609 CID:5 ZONE:2 RXUAV:2 EDGEPORT:9996 TS:32.592 SPD:20.000 HDG:0.000 PX:687.100 PY:-10.000 LAN:99 BRK:0 RX_X:0.000 RX_Y:0.000 RX_Z:0.000
[ATTACK-EMIT] CID:1 activeWindow=YES falsified=YES simT=32.630 realPX=677.650 fakePX=571.110 realSPD=15.000 fakeSPD=20.000 realTS=32.630 fakeTS=32.130 lane=99
[ATTACK-EMIT] CID:4 activeWindow=YES falsified=YES simT=32.640 realPX=707.800 fakePX=707.800 realSPD=15.000 fakeSPD=20.000 realTS=32.640 fakeTS=32.640 lane=5
[PASSIVE-BEACON] SIMNOW:32.643 CID:1 ZONE:1 RXUAV:1 EDGEPORT:9998 TS:32.130 SPD:20.000 HDG:0.000 PX:571.100 PY:-20.000 LAN:99 BRK:0 RX_X:0.000 RX_Y:0.000 RX_Z:0.000
[PASSIVE-BEACON] SIMNOW:32.657 CID:4 ZONE:2 RXUAV:2 EDGEPORT:9996 TS:32.640 SPD:20.000 HDG:0.000 PX:707.800 PY:-50.000 LAN:5 BRK:0 RX_X:0.000 RX_Y:0.000 RX_Z:0.000
[ZONE-ROUTE] CID:4 zone=2 edge_port=9996
[EDGE-RTT] CID:4 wall=1.5 ms  sim_delay=5.0 ms
[CUSUM-BAN] CID:4 change-point detected S=0.900 > h=0.800 pEdge=0.129 (post-handover behavioral change)
[ECON-CLAWBACK] CID:4 ACT=BAN prior_payoff=-38.992 extra_penalty=5.000 new_payoff=-44.492
[FORGIVENESS] CID:4 BAN#1 excused (first confirmed offence) honest_wins=0 (preserved)
[BAN-PUNISH] CID:4 SLOW_LANE EXILE → LAN=99 speed=20.000 m/s  return_threshold=60
✗ [CAR 4] ACT=BAN REP=0.658 RWD=0.000 PNL=5.500 CREDIT=-10
[ATTACK-EMIT] CID:8 activeWindow=YES falsified=YES simT=32.672 realPX=718.280 fakePX=572.544 realSPD=15.000 fakeSPD=20.000 realTS=32.672 fakeTS=32.172 lane=99
[ATTACK-EMIT] CID:7 activeWindow=YES falsified=YES simT=32.672 realPX=708.280 fakePX=708.280 realSPD=15.000 fakeSPD=20.000 realTS=32.672 fakeTS=32.672 lane=99
[PASSIVE-BEACON] SIMNOW:32.686 CID:7 ZONE:2 RXUAV:2 EDGEPORT:9996 TS:32.672 SPD:20.000 HDG:0.000 PX:708.300 PY:-30.000 LAN:99 BRK:1 RX_X:0.000 RX_Y:0.000 RX_Z:0.000
[PASSIVE-BEACON] SIMNOW:32.689 CID:8 ZONE:1 RXUAV:1 EDGEPORT:9998 TS:32.172 SPD:20.000 HDG:0.000 PX:572.500 PY:-40.000 LAN:99 BRK:1 RX_X:0.000 RX_Y:0.000 RX_Z:0.000
[ATTACK-EMIT] CID:3 activeWindow=YES falsified=YES simT=32.690 realPX=698.550 fakePX=698.550 realSPD=15.000 fakeSPD=20.000 realTS=32.690 fakeTS=32.690 lane=99
[PASSIVE-BEACON] SIMNOW:32.704 CID:3 ZONE:2 RXUAV:2 EDGEPORT:9996 TS:32.690 SPD:20.000 HDG:0.000 PX:698.600 PY:-40.000 LAN:99 BRK:0 RX_X:0.000 RX_Y:0.000 RX_Z:0.000
[ATTACK-EMIT] CID:2 activeWindow=YES falsified=YES simT=32.860 realPX=691.100 fakePX=566.806 realSPD=15.000 fakeSPD=20.000 realTS=32.860 fakeTS=32.360 lane=99
[PASSIVE-BEACON] SIMNOW:32.874 CID:2 ZONE:1 RXUAV:1 EDGEPORT:9998 TS:32.360 SPD:20.000 HDG:0.000 PX:566.800 PY:-30.000 LAN:99 BRK:0 RX_X:0.000 RX_Y:0.000 RX_Z:0.000
[ATTACK-EMIT] CID:6 activeWindow=YES falsified=YES simT=32.982 realPX=702.930 fakePX=562.374 realSPD=15.000 fakeSPD=20.000 realTS=32.982 fakeTS=32.482 lane=99
[PASSIVE-BEACON] SIMNOW:32.996 CID:6 ZONE:1 RXUAV:1 EDGEPORT:9998 TS:32.482 SPD:20.000 HDG:0.000 PX:562.400 PY:-20.000 LAN:99 BRK:0 RX_X:0.000 RX_Y:0.000 RX_Z:0.000
[ATTACK-EMIT] CID:0 activeWindow=YES falsified=YES simT=33.000 realPX=673.200 fakePX=673.200 realSPD=15.000 fakeSPD=20.000 realTS=33.000 fakeTS=33.000 lane=99
[PASSIVE-BEACON] SIMNOW:33.014 CID:0 ZONE:2 RXUAV:2 EDGEPORT:9996 TS:33.000 SPD:20.000 HDG:0.000 PX:673.200 PY:-10.000 LAN:99 BRK:1 RX_X:0.000 RX_Y:0.000 RX_Z:0.000
[ATTACK-EMIT] CID:5 activeWindow=YES falsified=YES simT=33.092 realPX=694.580 fakePX=567.254 realSPD=15.000 fakeSPD=20.000 realTS=33.092 fakeTS=32.592 lane=99
[PASSIVE-BEACON] SIMNOW:33.106 CID:5 ZONE:1 RXUAV:1 EDGEPORT:9998 TS:32.592 SPD:20.000 HDG:0.000 PX:567.300 PY:-10.000 LAN:99 BRK:0 RX_X:0.000 RX_Y:0.000 RX_Z:0.000
[ATTACK-EMIT] CID:1 activeWindow=YES falsified=YES simT=33.130 realPX=685.150 fakePX=685.150 realSPD=15.000 fakeSPD=20.000 realTS=33.130 fakeTS=33.130 lane=99
[ATTACK-EMIT] CID:4 activeWindow=YES falsified=YES simT=33.140 realPX=715.300 fakePX=715.300 realSPD=15.000 fakeSPD=20.000 realTS=33.140 fakeTS=33.140 lane=99
[PASSIVE-BEACON] SIMNOW:33.144 CID:1 ZONE:2 RXUAV:2 EDGEPORT:9996 TS:33.130 SPD:20.000 HDG:0.000 PX:685.200 PY:-20.000 LAN:99 BRK:0 RX_X:0.000 RX_Y:0.000 RX_Z:0.000
[PASSIVE-BEACON] SIMNOW:33.154 CID:4 ZONE:2 RXUAV:2 EDGEPORT:9996 TS:33.140 SPD:20.000 HDG:0.000 PX:715.300 PY:-50.000 LAN:99 BRK:1 RX_X:0.000 RX_Y:0.000 RX_Z:0.000
[ATTACK-EMIT] CID:7 activeWindow=YES falsified=YES simT=33.172 realPX=715.780 fakePX=715.780 realSPD=15.000 fakeSPD=20.000 realTS=33.172 fakeTS=33.172 lane=99
[PASSIVE-BEACON] SIMNOW:33.186 CID:8 ZONE:2 RXUAV:2 EDGEPORT:9996 TS:33.172 SPD:15.000 HDG:1.100 PX:725.000 PY:-40.000 LAN:99 BRK:0 RX_X:0.000 RX_Y:0.000 RX_Z:0.000
[PASSIVE-BEACON] SIMNOW:33.186 CID:7 ZONE:2 RXUAV:2 EDGEPORT:9996 TS:33.172 SPD:20.000 HDG:0.000 PX:715.800 PY:-30.000 LAN:99 BRK:0 RX_X:0.000 RX_Y:0.000 RX_Z:0.000
[ATTACK-EMIT] CID:3 activeWindow=YES falsified=YES simT=33.190 realPX=706.050 fakePX=565.296 realSPD=15.000 fakeSPD=20.000 realTS=33.190 fakeTS=32.690 lane=99
[PASSIVE-BEACON] SIMNOW:33.203 CID:3 ZONE:1 RXUAV:1 EDGEPORT:9998 TS:32.690 SPD:20.000 HDG:0.000 PX:565.300 PY:-40.000 LAN:99 BRK:1 RX_X:0.000 RX_Y:0.000 RX_Z:0.000
[ATTACK-EMIT] CID:2 activeWindow=YES falsified=YES simT=33.360 realPX=698.600 fakePX=698.600 realSPD=15.000 fakeSPD=20.000 realTS=33.360 fakeTS=33.360 lane=99
[PASSIVE-BEACON] SIMNOW:33.374 CID:2 ZONE:2 RXUAV:2 EDGEPORT:9996 TS:33.360 SPD:20.000 HDG:0.000 PX:698.600 PY:-30.000 LAN:99 BRK:0 RX_X:0.000 RX_Y:0.000 RX_Z:0.000
[ATTACK-EMIT] CID:6 activeWindow=YES falsified=YES simT=33.482 realPX=710.430 fakePX=710.430 realSPD=15.000 fakeSPD=20.000 realTS=33.482 fakeTS=33.482 lane=99
[PASSIVE-BEACON] SIMNOW:33.495 CID:6 ZONE:2 RXUAV:2 EDGEPORT:9996 TS:33.482 SPD:20.000 HDG:0.000 PX:710.400 PY:-20.000 LAN:99 BRK:0 RX_X:0.000 RX_Y:0.000 RX_Z:0.000
[ATTACK-EMIT] CID:0 activeWindow=YES falsified=YES simT=33.500 realPX=680.700 fakePX=680.700 realSPD=15.000 fakeSPD=20.000 realTS=33.500 fakeTS=33.500 lane=99
[PASSIVE-BEACON] SIMNOW:33.517 CID:0 ZONE:2 RXUAV:2 EDGEPORT:9996 TS:33.500 SPD:20.000 HDG:0.000 PX:680.700 PY:-10.000 LAN:99 BRK:1 RX_X:0.000 RX_Y:0.000 RX_Z:0.000
[ATTACK-EMIT] CID:5 activeWindow=YES falsified=YES simT=33.592 realPX=702.080 fakePX=702.080 realSPD=15.000 fakeSPD=20.000 realTS=33.592 fakeTS=33.592 lane=99
[PASSIVE-BEACON] SIMNOW:33.606 CID:5 ZONE:2 RXUAV:2 EDGEPORT:9996 TS:33.592 SPD:20.000 HDG:0.000 PX:702.100 PY:-10.000 LAN:99 BRK:0 RX_X:0.000 RX_Y:0.000 RX_Z:0.000
[ATTACK-EMIT] CID:1 activeWindow=YES falsified=YES simT=33.630 realPX=692.650 fakePX=692.650 realSPD=15.000 fakeSPD=20.000 realTS=33.630 fakeTS=33.630 lane=99
[PASSIVE-BEACON] SIMNOW:33.644 CID:1 ZONE:2 RXUAV:2 EDGEPORT:9996 TS:33.630 SPD:20.000 HDG:0.000 PX:692.700 PY:-20.000 LAN:99 BRK:0 RX_X:0.000 RX_Y:0.000 RX_Z:0.000
[PASSIVE-BEACON] SIMNOW:33.655 CID:4 ZONE:2 RXUAV:2 EDGEPORT:9996 TS:33.640 SPD:14.800 HDG:-0.400 PX:723.500 PY:-50.000 LAN:99 BRK:0 RX_X:0.000 RX_Y:0.000 RX_Z:0.000
[PASSIVE-BEACON] SIMNOW:33.686 CID:8 ZONE:2 RXUAV:2 EDGEPORT:9996 TS:33.672 SPD:14.600 HDG:1.500 PX:733.100 PY:-40.000 LAN:99 BRK:0 RX_X:0.000 RX_Y:0.000 RX_Z:0.000
[PASSIVE-BEACON] SIMNOW:33.686 CID:7 ZONE:2 RXUAV:2 EDGEPORT:9996 TS:33.672 SPD:14.600 HDG:0.200 PX:723.400 PY:-30.000 LAN:99 BRK:0 RX_X:0.000 RX_Y:0.000 RX_Z:0.000
[ATTACK-EMIT] CID:3 activeWindow=YES falsified=YES simT=33.690 realPX=713.550 fakePX=713.550 realSPD=15.000 fakeSPD=20.000 realTS=33.690 fakeTS=33.690 lane=99
[PASSIVE-BEACON] SIMNOW:33.707 CID:3 ZONE:2 RXUAV:2 EDGEPORT:9996 TS:33.690 SPD:20.000 HDG:0.000 PX:713.600 PY:-40.000 LAN:99 BRK:0 RX_X:0.000 RX_Y:0.000 RX_Z:0.000
[ATTACK-EMIT] CID:2 activeWindow=YES falsified=YES simT=33.860 realPX=706.100 fakePX=706.100 realSPD=15.000 fakeSPD=20.000 realTS=33.860 fakeTS=33.860 lane=99
[PASSIVE-BEACON] SIMNOW:33.874 CID:2 ZONE:2 RXUAV:2 EDGEPORT:9996 TS:33.860 SPD:20.000 HDG:0.000 PX:706.100 PY:-30.000 LAN:99 BRK:0 RX_X:0.000 RX_Y:0.000 RX_Z:0.000
[ATTACK-EMIT] CID:6 activeWindow=YES falsified=YES simT=33.982 realPX=717.930 fakePX=717.930 realSPD=15.000 fakeSPD=20.000 realTS=33.982 fakeTS=33.982 lane=99
[PASSIVE-BEACON] SIMNOW:33.996 CID:6 ZONE:2 RXUAV:2 EDGEPORT:9996 TS:33.982 SPD:20.000 HDG:0.000 PX:717.900 PY:-20.000 LAN:99 BRK:0 RX_X:0.000 RX_Y:0.000 RX_Z:0.000
[ATTACK-EMIT] CID:0 activeWindow=YES falsified=YES simT=34.000 realPX=688.200 fakePX=560.424 realSPD=15.000 fakeSPD=20.000 realTS=34.000 fakeTS=33.500 lane=99
[PASSIVE-BEACON] SIMNOW:34.013 CID:0 ZONE:1 RXUAV:1 EDGEPORT:9998 TS:33.500 SPD:20.000 HDG:0.000 PX:560.400 PY:-10.000 LAN:99 BRK:0 RX_X:0.000 RX_Y:0.000 RX_Z:0.000
[ATTACK-EMIT] CID:5 activeWindow=YES falsified=YES simT=34.092 realPX=709.580 fakePX=709.580 realSPD=15.000 fakeSPD=20.000 realTS=34.092 fakeTS=34.092 lane=99
[PASSIVE-BEACON] SIMNOW:34.106 CID:5 ZONE:2 RXUAV:2 EDGEPORT:9996 TS:34.092 SPD:20.000 HDG:0.000 PX:709.600 PY:-10.000 LAN:99 BRK:0 RX_X:0.000 RX_Y:0.000 RX_Z:0.000
[ATTACK-EMIT] CID:1 activeWindow=YES falsified=YES simT=34.130 realPX=700.150 fakePX=571.584 realSPD=15.000 fakeSPD=20.000 realTS=34.130 fakeTS=33.630 lane=99
[PASSIVE-BEACON] SIMNOW:34.144 CID:1 ZONE:1 RXUAV:1 EDGEPORT:9998 TS:33.630 SPD:20.000 HDG:0.000 PX:571.600 PY:-20.000 LAN:99 BRK:0 RX_X:0.000 RX_Y:0.000 RX_Z:0.000
[PASSIVE-BEACON] SIMNOW:34.154 CID:4 ZONE:2 RXUAV:2 EDGEPORT:9996 TS:34.140 SPD:14.700 HDG:1.300 PX:730.200 PY:-50.000 LAN:99 BRK:0 RX_X:0.000 RX_Y:0.000 RX_Z:0.000
[PASSIVE-BEACON] SIMNOW:34.186 CID:8 ZONE:2 RXUAV:2 EDGEPORT:9996 TS:34.172 SPD:14.900 HDG:0.800 PX:740.600 PY:-40.000 LAN:99 BRK:0 RX_X:0.000 RX_Y:0.000 RX_Z:0.000
[PASSIVE-BEACON] SIMNOW:34.186 CID:7 ZONE:2 RXUAV:2 EDGEPORT:9996 TS:34.172 SPD:14.800 HDG:-0.100 PX:730.500 PY:-30.000 LAN:99 BRK:0 RX_X:0.000 RX_Y:0.000 RX_Z:0.000
[PASSIVE-BEACON] SIMNOW:34.204 CID:3 ZONE:2 RXUAV:2 EDGEPORT:9996 TS:34.190 SPD:14.900 HDG:0.800 PX:720.900 PY:-40.000 LAN:99 BRK:0 RX_X:0.000 RX_Y:0.000 RX_Z:0.000
[ATTACK-EMIT] CID:2 activeWindow=YES falsified=YES simT=34.360 realPX=713.600 fakePX=567.178 realSPD=15.000 fakeSPD=20.000 realTS=34.360 fakeTS=33.860 lane=99
[PASSIVE-BEACON] SIMNOW:34.374 CID:2 ZONE:1 RXUAV:1 EDGEPORT:9998 TS:33.860 SPD:20.000 HDG:0.000 PX:567.200 PY:-30.000 LAN:99 BRK:0 RX_X:0.000 RX_Y:0.000 RX_Z:0.000
[PASSIVE-BEACON] SIMNOW:34.496 CID:6 ZONE:2 RXUAV:2 EDGEPORT:9996 TS:34.482 SPD:14.600 HDG:-0.000 PX:725.000 PY:-20.000 LAN:99 BRK:0 RX_X:0.000 RX_Y:0.000 RX_Z:0.000
[ATTACK-EMIT] CID:0 activeWindow=YES falsified=YES simT=34.500 realPX=695.700 fakePX=695.700 realSPD=15.000 fakeSPD=20.000 realTS=34.500 fakeTS=34.500 lane=99
[PASSIVE-BEACON] SIMNOW:34.514 CID:0 ZONE:2 RXUAV:2 EDGEPORT:9996 TS:34.500 SPD:20.000 HDG:0.000 PX:695.700 PY:-10.000 LAN:99 BRK:0 RX_X:0.000 RX_Y:0.000 RX_Z:0.000
[ATTACK-EMIT] CID:5 activeWindow=YES falsified=YES simT=34.592 realPX=717.080 fakePX=567.176 realSPD=15.000 fakeSPD=20.000 realTS=34.592 fakeTS=34.092 lane=99
[PASSIVE-BEACON] SIMNOW:34.606 CID:5 ZONE:1 RXUAV:1 EDGEPORT:9998 TS:34.092 SPD:20.000 HDG:0.000 PX:567.200 PY:-10.000 LAN:99 BRK:0 RX_X:0.000 RX_Y:0.000 RX_Z:0.000
[ATTACK-EMIT] CID:1 activeWindow=YES falsified=YES simT=34.630 realPX=707.650 fakePX=707.650 realSPD=15.000 fakeSPD=20.000 realTS=34.630 fakeTS=34.630 lane=99
[PASSIVE-BEACON] SIMNOW:34.644 CID:1 ZONE:2 RXUAV:2 EDGEPORT:9996 TS:34.630 SPD:20.000 HDG:0.000 PX:707.700 PY:-20.000 LAN:99 BRK:1 RX_X:0.000 RX_Y:0.000 RX_Z:0.000
[PASSIVE-BEACON] SIMNOW:34.657 CID:4 ZONE:2 RXUAV:2 EDGEPORT:9996 TS:34.640 SPD:15.400 HDG:-1.900 PX:738.500 PY:-50.000 LAN:99 BRK:0 RX_X:0.000 RX_Y:0.000 RX_Z:0.000
[PASSIVE-BEACON] SIMNOW:34.686 CID:8 ZONE:2 RXUAV:2 EDGEPORT:9996 TS:34.672 SPD:15.100 HDG:-1.100 PX:747.700 PY:-40.000 LAN:99 BRK:0 RX_X:0.000 RX_Y:0.000 RX_Z:0.000
[PASSIVE-BEACON] SIMNOW:34.686 CID:7 ZONE:2 RXUAV:2 EDGEPORT:9996 TS:34.672 SPD:14.800 HDG:1.200 PX:737.700 PY:-30.000 LAN:99 BRK:0 RX_X:0.000 RX_Y:0.000 RX_Z:0.000
[PASSIVE-BEACON] SIMNOW:34.704 CID:3 ZONE:2 RXUAV:2 EDGEPORT:9996 TS:34.690 SPD:14.600 HDG:0.100 PX:729.100 PY:-40.000 LAN:99 BRK:0 RX_X:0.000 RX_Y:0.000 RX_Z:0.000
[PASSIVE-BEACON] SIMNOW:34.874 CID:2 ZONE:2 RXUAV:2 EDGEPORT:9996 TS:34.860 SPD:15.300 HDG:0.300 PX:721.100 PY:-30.000 LAN:99 BRK:1 RX_X:0.000 RX_Y:0.000 RX_Z:0.000
[PASSIVE-BEACON] SIMNOW:34.995 CID:6 ZONE:2 RXUAV:2 EDGEPORT:9996 TS:34.982 SPD:15.200 HDG:-0.100 PX:733.400 PY:-20.000 LAN:99 BRK:0 RX_X:0.000 RX_Y:0.000 RX_Z:0.000
[ATTACK-EMIT] CID:0 activeWindow=YES falsified=YES simT=35.000 realPX=703.200 fakePX=703.200 realSPD=15.000 fakeSPD=20.000 realTS=35.000 fakeTS=35.000 lane=99
[PASSIVE-BEACON] SIMNOW:35.017 CID:0 ZONE:2 RXUAV:2 EDGEPORT:9996 TS:35.000 SPD:20.000 HDG:0.000 PX:703.200 PY:-10.000 LAN:99 BRK:0 RX_X:0.000 RX_Y:0.000 RX_Z:0.000
[PASSIVE-BEACON] SIMNOW:35.106 CID:5 ZONE:2 RXUAV:2 EDGEPORT:9996 TS:35.092 SPD:15.200 HDG:-0.900 PX:725.100 PY:-10.000 LAN:99 BRK:0 RX_X:0.000 RX_Y:0.000 RX_Z:0.000
[ATTACK-EMIT] CID:1 activeWindow=YES falsified=YES simT=35.130 realPX=715.150 fakePX=715.150 realSPD=15.000 fakeSPD=20.000 realTS=35.130 fakeTS=35.130 lane=99
[PASSIVE-BEACON] SIMNOW:35.144 CID:1 ZONE:2 RXUAV:2 EDGEPORT:9996 TS:35.130 SPD:20.000 HDG:0.000 PX:715.200 PY:-20.000 LAN:99 BRK:1 RX_X:0.000 RX_Y:0.000 RX_Z:0.000
[PASSIVE-BEACON] SIMNOW:35.155 CID:4 ZONE:2 RXUAV:2 EDGEPORT:9996 TS:35.140 SPD:15.200 HDG:1.400 PX:745.200 PY:-50.000 LAN:99 BRK:0 RX_X:0.000 RX_Y:0.000 RX_Z:0.000
[PASSIVE-BEACON] SIMNOW:35.186 CID:8 ZONE:2 RXUAV:2 EDGEPORT:9996 TS:35.172 SPD:15.000 HDG:1.700 PX:755.800 PY:-40.000 LAN:99 BRK:0 RX_X:0.000 RX_Y:0.000 RX_Z:0.000
[PASSIVE-BEACON] SIMNOW:35.186 CID:7 ZONE:2 RXUAV:2 EDGEPORT:9996 TS:35.172 SPD:14.500 HDG:0.800 PX:745.100 PY:-30.000 LAN:99 BRK:1 RX_X:0.000 RX_Y:0.000 RX_Z:0.000
[PASSIVE-BEACON] SIMNOW:35.204 CID:3 ZONE:2 RXUAV:2 EDGEPORT:9996 TS:35.190 SPD:14.800 HDG:-0.800 PX:735.600 PY:-40.000 LAN:99 BRK:0 RX_X:0.000 RX_Y:0.000 RX_Z:0.000
[PASSIVE-BEACON] SIMNOW:35.377 CID:2 ZONE:2 RXUAV:2 EDGEPORT:9996 TS:35.360 SPD:14.900 HDG:-1.000 PX:729.100 PY:-30.000 LAN:99 BRK:0 RX_X:0.000 RX_Y:0.000 RX_Z:0.000
[PASSIVE-BEACON] SIMNOW:35.496 CID:6 ZONE:2 RXUAV:2 EDGEPORT:9996 TS:35.482 SPD:15.400 HDG:1.400 PX:739.800 PY:-20.000 LAN:99 BRK:0 RX_X:0.000 RX_Y:0.000 RX_Z:0.000
[ATTACK-EMIT] CID:0 activeWindow=YES falsified=YES simT=35.500 realPX=710.700 fakePX=560.970 realSPD=15.000 fakeSPD=20.000 realTS=35.500 fakeTS=35.000 lane=99
[PASSIVE-BEACON] SIMNOW:35.514 CID:0 ZONE:1 RXUAV:1 EDGEPORT:9998 TS:35.000 SPD:20.000 HDG:0.000 PX:561.000 PY:-10.000 LAN:99 BRK:0 RX_X:0.000 RX_Y:0.000 RX_Z:0.000
[PASSIVE-BEACON] SIMNOW:35.606 CID:5 ZONE:2 RXUAV:2 EDGEPORT:9996 TS:35.592 SPD:15.000 HDG:-0.400 PX:732.600 PY:-10.000 LAN:99 BRK:0 RX_X:0.000 RX_Y:0.000 RX_Z:0.000
[PASSIVE-BEACON] SIMNOW:35.644 CID:1 ZONE:2 RXUAV:2 EDGEPORT:9996 TS:35.630 SPD:15.500 HDG:1.000 PX:722.400 PY:-20.000 LAN:99 BRK:0 RX_X:0.000 RX_Y:0.000 RX_Z:0.000
[PASSIVE-BEACON] SIMNOW:35.654 CID:4 ZONE:2 RXUAV:2 EDGEPORT:9996 TS:35.640 SPD:14.500 HDG:-1.600 PX:752.200 PY:-50.000 LAN:99 BRK:1 RX_X:0.000 RX_Y:0.000 RX_Z:0.000
[PASSIVE-BEACON] SIMNOW:35.686 CID:8 ZONE:2 RXUAV:2 EDGEPORT:9996 TS:35.672 SPD:14.800 HDG:1.400 PX:762.600 PY:-40.000 LAN:99 BRK:1 RX_X:0.000 RX_Y:0.000 RX_Z:0.000
[PASSIVE-BEACON] SIMNOW:35.686 CID:7 ZONE:2 RXUAV:2 EDGEPORT:9996 TS:35.672 SPD:15.000 HDG:-0.400 PX:752.900 PY:-30.000 LAN:99 BRK:0 RX_X:0.000 RX_Y:0.000 RX_Z:0.000
[PASSIVE-BEACON] SIMNOW:35.704 CID:3 ZONE:2 RXUAV:2 EDGEPORT:9996 TS:35.690 SPD:14.700 HDG:-0.800 PX:742.900 PY:-40.000 LAN:99 BRK:0 RX_X:0.000 RX_Y:0.000 RX_Z:0.000
[PASSIVE-BEACON] SIMNOW:35.874 CID:2 ZONE:2 RXUAV:2 EDGEPORT:9996 TS:35.860 SPD:15.100 HDG:-1.500 PX:736.600 PY:-30.000 LAN:99 BRK:0 RX_X:0.000 RX_Y:0.000 RX_Z:0.000
[PASSIVE-BEACON] SIMNOW:35.996 CID:6 ZONE:2 RXUAV:2 EDGEPORT:9996 TS:35.982 SPD:15.200 HDG:-1.100 PX:747.900 PY:-20.000 LAN:99 BRK:0 RX_X:0.000 RX_Y:0.000 RX_Z:0.000

── PAYOFF SUMMARY ─────────────────────────────────
[PAYOFF] CID:0 cumulative_payoff=-112.683 honest_wins=0 warn_count=26 adverse_count=1 demoted=YES return_threshold=60 lane_upgraded=NO scrutiny_reduced=NO malicious=YES
[PAYOFF] CID:1 cumulative_payoff=-104.969 honest_wins=0 warn_count=25 adverse_count=1 demoted=YES return_threshold=60 lane_upgraded=NO scrutiny_reduced=NO malicious=YES
[PAYOFF] CID:2 cumulative_payoff=-71.666 honest_wins=0 warn_count=20 adverse_count=1 demoted=YES return_threshold=60 lane_upgraded=NO scrutiny_reduced=NO malicious=YES
[PAYOFF] CID:3 cumulative_payoff=-65.646 honest_wins=0 warn_count=19 adverse_count=1 demoted=YES return_threshold=60 lane_upgraded=NO scrutiny_reduced=NO malicious=YES
[PAYOFF] CID:4 cumulative_payoff=-44.492 honest_wins=0 warn_count=15 adverse_count=1 demoted=YES return_threshold=60 lane_upgraded=NO scrutiny_reduced=NO malicious=YES
[PAYOFF] CID:5 cumulative_payoff=-120.257 honest_wins=0 warn_count=27 adverse_count=1 demoted=YES return_threshold=60 lane_upgraded=NO scrutiny_reduced=NO malicious=YES
[PAYOFF] CID:6 cumulative_payoff=-91.073 honest_wins=0 warn_count=23 adverse_count=1 demoted=YES return_threshold=60 lane_upgraded=NO scrutiny_reduced=NO malicious=YES
[PAYOFF] CID:7 cumulative_payoff=-71.642 honest_wins=0 warn_count=20 adverse_count=1 demoted=YES return_threshold=60 lane_upgraded=NO scrutiny_reduced=NO malicious=YES
[PAYOFF] CID:8 cumulative_payoff=-54.661 honest_wins=0 warn_count=17 adverse_count=1 demoted=YES return_threshold=60 lane_upgraded=NO scrutiny_reduced=NO malicious=YES
[PAYOFF] CID:9 cumulative_payoff=19.496 honest_wins=19 warn_count=0 adverse_count=0 demoted=NO return_threshold=0 lane_upgraded=YES scrutiny_reduced=NO malicious=YES

--------------------------------------------------
 SIMULATION COMPLETE v90-multiuav (adaptive edge-cloud, bridge mode only)  nCars=10  attackRate=80%  attackType=5  RngRun=1
--------------------------------------------------
