[0/2] Re-checking globbed directories...
ninja: no work to do.
[TEMPTATION-T] CID:0 T_i=0.833 break-even_p*=0.375
[TEMPTATION-T] CID:2 T_i=0.823 break-even_p*=0.378
[TEMPTATION-T] CID:5 T_i=2.192 break-even_p*=0.186
[TEMPTATION-T] CID:8 T_i=2.381 break-even_p*=0.174
[TEMPTATION-T] CID:9 T_i=0.783 break-even_p*=0.390
[LATE-ATTACK] CID:1 position-aware flip armed ZoneLen=900.000m threshold=360.000m
[LATE-ATTACK] CID:3 position-aware flip armed ZoneLen=900.000m threshold=360.000m
[LATE-ATTACK] Scheduled 2 position-aware late-entry attackers ZoneLen=900.000m ThreshM=360.000m
[HANDOVER] Armed 10 triggers for Z1->Z2 at t=30.000 s (zoneEndX=900.000, leadM=300.000)

--------------------------------------------------
 UNIFIED SIMULATION v90-multiUAV (adaptive edge-cloud, bridge mode only)
--------------------------------------------------
 Cars      : 10 (5 lanes x 2)
 RngRun    : 4
 Attack    : 50%  (5 malicious) [0,2,5,8,9]
 AttackType: 5 (0=composite,1=TS-only,2=GPS-only,3=speed-only,4=stealthy,5=adaptive)
 TsOffset  : -0.500s
 SpdFactor : 1.100x
 Nash p*   : 0.400 (BAN_REWARD=1.500)
 ZONE_SAFE : 0.150
 ZONE_MALICIOUS : 0.300
 LEGACY_WIRE_ALIASES : 0
 SCR_ALERT : 0.620
 GAME_Cf   : 3.000
 CloudTrig : [unused in bridge mode] SCR<0.620 && >=4 | TIME>=3.000s | COUNT>=10
 EdgePortZ1: 127.0.0.1:9998
 EdgePortZ2: 127.0.0.1:9996
 Cloud     : 127.0.0.1:6666
 CloudMode : BRIDGE (adaptive batch calibration — cloud tunes edge params only)
 LedgerFile: blockchain_ledger.jsonl
 EdgeLatencyMs : 10.000 ms
 CloudLatencyMs: 150.000 ms
 NashP* mode   : adaptive (warmup=5 pkts, rho_hat-driven)
 S1uDelay      : 5 ms  |  PGW-rHost delay: 5 ms
 PktDropRate   : 0%  |  EdgeJitter: 30%  |  LateAttackers: 25% of mal
 BgTraffic     : 10 cars x 500 kbps UDP
 Mobility      : WaypointMobility (3-phase speed profile per lane)
 Duration  : 32.000s
--------------------------------------------------

[BG-TRAFFIC] 10 cars x 500 kbps UDP background flow to rHost installed
[PASSIVE-BEACON] SIMNOW:2.037 CID:6 ZONE:1 RXUAV:1 EDGEPORT:9998 TS:2.022 SPD:20.200 HDG:-0.200 PX:60.900 PY:-20.000 LAN:2 BRK:0 RX_X:0.000 RX_Y:0.000 RX_Z:0.000
[ZONE-ROUTE] CID:6 zone=1 edge_port=9998
[EDGE-RTT] CID:6 wall=1.6 ms  sim_delay=10.0 ms
>>> [UAV->CLOUD] BLK:fa72|TX:7.0.0.10|CID:6|TS:2.022|SPD:20.2|HDG:-0.2|PX:60.9|PY:-20.0|L...
✓ [CAR 6] ACT=OK REP=0.690 RWD=0.996 PNL=0.000 CREDIT=0
[PASSIVE-BEACON] SIMNOW:2.146 CID:7 ZONE:1 RXUAV:1 EDGEPORT:9998 TS:2.132 SPD:20.000 HDG:-1.200 PX:63.000 PY:-30.000 LAN:3 BRK:0 RX_X:0.000 RX_Y:0.000 RX_Z:0.000
[ZONE-ROUTE] CID:7 zone=1 edge_port=9998
[EDGE-RTT] CID:7 wall=1.3 ms  sim_delay=10.0 ms
>>> [UAV->CLOUD] BLK:2722|TX:7.0.0.11|CID:7|TS:2.132|SPD:20.0|HDG:-1.2|PX:63.0|PY:-30.0|L...
✓ [CAR 7] ACT=OK REP=0.893 RWD=0.996 PNL=0.000 CREDIT=0
[PASSIVE-BEACON] SIMNOW:2.234 CID:1 ZONE:1 RXUAV:1 EDGEPORT:9998 TS:2.220 SPD:20.300 HDG:0.100 PX:44.100 PY:-20.000 LAN:2 BRK:0 RX_X:0.000 RX_Y:0.000 RX_Z:0.000
[ZONE-ROUTE] CID:1 zone=1 edge_port=9998
[EDGE-RTT] CID:1 wall=1.2 ms  sim_delay=10.0 ms
>>> [UAV->CLOUD] BLK:5abe|TX:7.0.0.5|CID:1|TS:2.220|SPD:20.3|HDG:0.1|PX:44.1|PY:-20.0|LAN...
[PASSIVE-BEACON] SIMNOW:2.234 CID:0 ZONE:1 RXUAV:1 EDGEPORT:9998 TS:2.220 SPD:19.600 HDG:-0.300 PX:43.700 PY:-10.000 LAN:1 BRK:0 RX_X:0.000 RX_Y:0.000 RX_Z:0.000
[ZONE-ROUTE] CID:0 zone=1 edge_port=9998
[EDGE-RTT] CID:0 wall=0.9 ms  sim_delay=10.0 ms
>>> [UAV->CLOUD] BLK:b25c|TX:7.0.0.4|CID:0|TS:2.220|SPD:19.6|HDG:-0.3|PX:43.7|PY:-10.0|LA...
✓ [CAR 0] ACT=OK REP=0.511 RWD=0.996 PNL=0.000 CREDIT=0
✓ [CAR 1] ACT=OK REP=0.541 RWD=0.996 PNL=0.000 CREDIT=0
[PASSIVE-BEACON] SIMNOW:2.304 CID:4 ZONE:1 RXUAV:1 EDGEPORT:9998 TS:2.290 SPD:20.300 HDG:0.200 PX:45.100 PY:-50.000 LAN:5 BRK:0 RX_X:0.000 RX_Y:0.000 RX_Z:0.000
[ZONE-ROUTE] CID:4 zone=1 edge_port=9998
[EDGE-RTT] CID:4 wall=1.3 ms  sim_delay=10.0 ms
>>> [UAV->CLOUD] BLK:7cb8|TX:7.0.0.8|CID:4|TS:2.290|SPD:20.3|HDG:0.2|PX:45.1|PY:-50.0|LAN...
✓ [CAR 4] ACT=OK REP=0.531 RWD=0.996 PNL=0.000 CREDIT=0
[PASSIVE-BEACON] SIMNOW:2.536 CID:6 ZONE:1 RXUAV:1 EDGEPORT:9998 TS:2.522 SPD:20.400 HDG:0.700 PX:70.300 PY:-20.000 LAN:2 BRK:0 RX_X:0.000 RX_Y:0.000 RX_Z:0.000
[ZONE-ROUTE] CID:6 zone=1 edge_port=9998
[EDGE-RTT] CID:6 wall=1.3 ms  sim_delay=10.0 ms
>>> [UAV->CLOUD] BLK:b66e|TX:7.0.0.10|CID:6|TS:2.522|SPD:20.4|HDG:0.7|PX:70.3|PY:-20.0|LA...
✓ [CAR 6] ACT=OK REP=1.000 RWD=1.000 PNL=0.000 CREDIT=1
[PASSIVE-BEACON] SIMNOW:2.646 CID:7 ZONE:1 RXUAV:1 EDGEPORT:9998 TS:2.632 SPD:19.500 HDG:0.000 PX:72.100 PY:-30.000 LAN:3 BRK:0 RX_X:0.000 RX_Y:0.000 RX_Z:0.000
[ZONE-ROUTE] CID:7 zone=1 edge_port=9998
[EDGE-RTT] CID:7 wall=1.3 ms  sim_delay=10.0 ms
>>> [UAV->CLOUD] BLK:bde8|TX:7.0.0.11|CID:7|TS:2.632|SPD:19.5|HDG:0.0|PX:72.1|PY:-30.0|LA...
✓ [CAR 7] ACT=OK REP=0.928 RWD=1.000 PNL=0.000 CREDIT=1
[PASSIVE-BEACON] SIMNOW:2.734 CID:1 ZONE:1 RXUAV:1 EDGEPORT:9998 TS:2.720 SPD:20.000 HDG:1.700 PX:54.200 PY:-20.000 LAN:2 BRK:1 RX_X:0.000 RX_Y:0.000 RX_Z:0.000
[ZONE-ROUTE] CID:1 zone=1 edge_port=9998
[EDGE-RTT] CID:1 wall=1.0 ms  sim_delay=10.0 ms
>>> [UAV->CLOUD] BLK:e139|TX:7.0.0.5|CID:1|TS:2.720|SPD:20.0|HDG:1.7|PX:54.2|PY:-20.0|LAN...
[PASSIVE-BEACON] SIMNOW:2.734 CID:0 ZONE:1 RXUAV:1 EDGEPORT:9998 TS:2.720 SPD:20.300 HDG:-0.000 PX:54.500 PY:-10.000 LAN:1 BRK:0 RX_X:0.000 RX_Y:0.000 RX_Z:0.000
[ZONE-ROUTE] CID:0 zone=1 edge_port=9998
[EDGE-RTT] CID:0 wall=0.7 ms  sim_delay=10.0 ms
>>> [UAV->CLOUD] BLK:d286|TX:7.0.0.4|CID:0|TS:2.720|SPD:20.3|HDG:-0.0|PX:54.5|PY:-10.0|LA...
✓ [CAR 0] ACT=OK REP=0.489 RWD=1.000 PNL=0.000 CREDIT=1
✓ [CAR 1] ACT=OK REP=0.757 RWD=1.000 PNL=0.000 CREDIT=1
[PASSIVE-BEACON] SIMNOW:2.749 CID:5 ZONE:1 RXUAV:1 EDGEPORT:9998 TS:2.732 SPD:20.400 HDG:-1.300 PX:73.900 PY:-10.000 LAN:1 BRK:1 RX_X:0.000 RX_Y:0.000 RX_Z:0.000
[ZONE-ROUTE] CID:5 zone=1 edge_port=9998
[EDGE-RTT] CID:5 wall=1.0 ms  sim_delay=10.0 ms
>>> [UAV->CLOUD] BLK:ccd4|TX:7.0.0.9|CID:5|TS:2.732|SPD:20.4|HDG:-1.3|PX:73.9|PY:-10.0|LA...
✓ [CAR 5] ACT=OK REP=0.686 RWD=0.996 PNL=0.000 CREDIT=0
[PASSIVE-BEACON] SIMNOW:2.804 CID:4 ZONE:1 RXUAV:1 EDGEPORT:9998 TS:2.790 SPD:20.200 HDG:0.600 PX:56.000 PY:-50.000 LAN:5 BRK:0 RX_X:0.000 RX_Y:0.000 RX_Z:0.000
[ZONE-ROUTE] CID:4 zone=1 edge_port=9998
[EDGE-RTT] CID:4 wall=1.4 ms  sim_delay=10.0 ms
>>> [UAV->CLOUD] BLK:f4bf|TX:7.0.0.8|CID:4|TS:2.790|SPD:20.2|HDG:0.6|PX:56.0|PY:-50.0|LAN...
✓ [CAR 4] ACT=OK REP=0.903 RWD=1.000 PNL=0.000 CREDIT=1
[PASSIVE-BEACON] SIMNOW:2.884 CID:2 ZONE:1 RXUAV:1 EDGEPORT:9998 TS:2.870 SPD:20.300 HDG:1.700 PX:57.900 PY:-30.000 LAN:3 BRK:0 RX_X:0.000 RX_Y:0.000 RX_Z:0.000
[ZONE-ROUTE] CID:2 zone=1 edge_port=9998
[EDGE-RTT] CID:2 wall=1.3 ms  sim_delay=10.0 ms
>>> [UAV->CLOUD] BLK:d442|TX:7.0.0.6|CID:2|TS:2.870|SPD:20.3|HDG:1.7|PX:57.9|PY:-30.0|LAN...
✓ [CAR 2] ACT=OK REP=0.761 RWD=0.996 PNL=0.000 CREDIT=0
[PASSIVE-BEACON] SIMNOW:2.996 CID:9 ZONE:1 RXUAV:1 EDGEPORT:9998 TS:2.982 SPD:19.700 HDG:-0.400 PX:79.400 PY:-50.000 LAN:5 BRK:0 RX_X:0.000 RX_Y:0.000 RX_Z:0.000
[ZONE-ROUTE] CID:9 zone=1 edge_port=9998
[EDGE-RTT] CID:9 wall=1.0 ms  sim_delay=10.0 ms
>>> [UAV->CLOUD] BLK:4486|TX:7.0.0.13|CID:9|TS:2.982|SPD:19.7|HDG:-0.4|PX:79.4|PY:-50.0|L...
[PASSIVE-BEACON] SIMNOW:3.006 CID:8 ZONE:1 RXUAV:1 EDGEPORT:9998 TS:2.992 SPD:20.200 HDG:0.400 PX:79.100 PY:-40.000 LAN:4 BRK:1 RX_X:0.000 RX_Y:0.000 RX_Z:0.000
[ZONE-ROUTE] CID:8 zone=1 edge_port=9998
[EDGE-RTT] CID:8 wall=1.2 ms  sim_delay=10.0 ms
>>> [UAV->CLOUD] BLK:f60d|TX:7.0.0.12|CID:8|TS:2.992|SPD:20.2|HDG:0.4|PX:79.1|PY:-40.0|LA...
✓ [CAR 9] ACT=OK REP=0.785 RWD=0.996 PNL=0.000 CREDIT=0
✓ [CAR 8] ACT=OK REP=0.801 RWD=0.996 PNL=0.000 CREDIT=0
[PASSIVE-BEACON] SIMNOW:3.034 CID:3 ZONE:1 RXUAV:1 EDGEPORT:9998 TS:3.020 SPD:20.300 HDG:0.300 PX:59.700 PY:-40.000 LAN:4 BRK:0 RX_X:0.000 RX_Y:0.000 RX_Z:0.000
[ZONE-ROUTE] CID:3 zone=1 edge_port=9998
[EDGE-RTT] CID:3 wall=1.3 ms  sim_delay=10.0 ms
>>> [UAV->CLOUD] BLK:d096|TX:7.0.0.7|CID:3|TS:3.020|SPD:20.3|HDG:0.3|PX:59.7|PY:-40.0|LAN...
[PASSIVE-BEACON] SIMNOW:3.036 CID:6 ZONE:1 RXUAV:1 EDGEPORT:9998 TS:3.022 SPD:20.200 HDG:1.000 PX:80.600 PY:-20.000 LAN:2 BRK:0 RX_X:0.000 RX_Y:0.000 RX_Z:0.000
[ZONE-ROUTE] CID:6 zone=1 edge_port=9998
[EDGE-RTT] CID:6 wall=1.0 ms  sim_delay=10.0 ms
>>> [UAV->CLOUD] BLK:1289|TX:7.0.0.10|CID:6|TS:3.022|SPD:20.2|HDG:1.0|PX:80.6|PY:-20.0|LA...
✓ [CAR 3] ACT=OK REP=1.000 RWD=0.996 PNL=0.000 CREDIT=0
✓ [CAR 6] ACT=OK REP=1.000 RWD=1.000 PNL=0.000 CREDIT=2
[PASSIVE-BEACON] SIMNOW:3.146 CID:7 ZONE:1 RXUAV:1 EDGEPORT:9998 TS:3.132 SPD:20.300 HDG:-0.100 PX:83.000 PY:-30.000 LAN:3 BRK:0 RX_X:0.000 RX_Y:0.000 RX_Z:0.000
[ZONE-ROUTE] CID:7 zone=1 edge_port=9998
[EDGE-RTT] CID:7 wall=1.3 ms  sim_delay=10.0 ms
>>> [UAV->CLOUD] BLK:9356|TX:7.0.0.11|CID:7|TS:3.132|SPD:20.3|HDG:-0.1|PX:83.0|PY:-30.0|L...
✓ [CAR 7] ACT=OK REP=0.858 RWD=1.000 PNL=0.000 CREDIT=2
[PASSIVE-BEACON] SIMNOW:3.232 CID:1 ZONE:1 RXUAV:1 EDGEPORT:9998 TS:3.220 SPD:20.200 HDG:-0.900 PX:64.900 PY:-20.000 LAN:2 BRK:0 RX_X:0.000 RX_Y:0.000 RX_Z:0.000
[ZONE-ROUTE] CID:1 zone=1 edge_port=9998
[EDGE-RTT] CID:1 wall=1.3 ms  sim_delay=10.0 ms
>>> [UAV->CLOUD] BLK:7e26|TX:7.0.0.5|CID:1|TS:3.220|SPD:20.2|HDG:-0.9|PX:64.9|PY:-20.0|LA...
[PASSIVE-BEACON] SIMNOW:3.232 CID:0 ZONE:1 RXUAV:1 EDGEPORT:9998 TS:3.220 SPD:20.200 HDG:1.600 PX:64.600 PY:-10.000 LAN:1 BRK:0 RX_X:0.000 RX_Y:0.000 RX_Z:0.000
[ZONE-ROUTE] CID:0 zone=1 edge_port=9998
[EDGE-RTT] CID:0 wall=1.8 ms  sim_delay=10.0 ms
>>> [UAV->CLOUD] BLK:5a34|TX:7.0.0.4|CID:0|TS:3.220|SPD:20.2|HDG:1.6|PX:64.6|PY:-10.0|LAN...
✓ [CAR 0] ACT=OK REP=0.872 RWD=1.000 PNL=0.000 CREDIT=2
✓ [CAR 1] ACT=OK REP=0.839 RWD=1.000 PNL=0.000 CREDIT=2
[PASSIVE-BEACON] SIMNOW:3.246 CID:5 ZONE:1 RXUAV:1 EDGEPORT:9998 TS:3.232 SPD:20.400 HDG:-2.000 PX:84.600 PY:-10.000 LAN:1 BRK:1 RX_X:0.000 RX_Y:0.000 RX_Z:0.000
[ZONE-ROUTE] CID:5 zone=1 edge_port=9998
[EDGE-RTT] CID:5 wall=1.2 ms  sim_delay=10.0 ms
>>> [UAV->CLOUD] BLK:31da|TX:7.0.0.9|CID:5|TS:3.232|SPD:20.4|HDG:-2.0|PX:84.6|PY:-10.0|LA...
✓ [CAR 5] ACT=OK REP=0.731 RWD=1.000 PNL=0.000 CREDIT=1
[PASSIVE-BEACON] SIMNOW:3.304 CID:4 ZONE:1 RXUAV:1 EDGEPORT:9998 TS:3.290 SPD:19.500 HDG:-1.400 PX:65.400 PY:-50.000 LAN:5 BRK:0 RX_X:0.000 RX_Y:0.000 RX_Z:0.000
[ZONE-ROUTE] CID:4 zone=1 edge_port=9998
[EDGE-RTT] CID:4 wall=1.3 ms  sim_delay=10.0 ms
>>> [UAV->CLOUD] BLK:91d4|TX:7.0.0.8|CID:4|TS:3.290|SPD:19.5|HDG:-1.4|PX:65.4|PY:-50.0|LA...
✓ [CAR 4] ACT=OK REP=0.892 RWD=1.000 PNL=0.000 CREDIT=2
[PASSIVE-BEACON] SIMNOW:3.384 CID:2 ZONE:1 RXUAV:1 EDGEPORT:9998 TS:3.370 SPD:20.200 HDG:0.100 PX:66.900 PY:-30.000 LAN:3 BRK:0 RX_X:0.000 RX_Y:0.000 RX_Z:0.000
[ZONE-ROUTE] CID:2 zone=1 edge_port=9998
[EDGE-RTT] CID:2 wall=1.3 ms  sim_delay=10.0 ms
>>> [UAV->CLOUD] BLK:4342|TX:7.0.0.6|CID:2|TS:3.370|SPD:20.2|HDG:0.1|PX:66.9|PY:-30.0|LAN...
✓ [CAR 2] ACT=OK REP=0.916 RWD=1.000 PNL=0.000 CREDIT=1
[PASSIVE-BEACON] SIMNOW:3.496 CID:9 ZONE:1 RXUAV:1 EDGEPORT:9998 TS:3.482 SPD:20.000 HDG:-0.500 PX:89.500 PY:-50.000 LAN:5 BRK:0 RX_X:0.000 RX_Y:0.000 RX_Z:0.000
[ZONE-ROUTE] CID:9 zone=1 edge_port=9998
[EDGE-RTT] CID:9 wall=1.2 ms  sim_delay=10.0 ms
>>> [UAV->CLOUD] BLK:289f|TX:7.0.0.13|CID:9|TS:3.482|SPD:20.0|HDG:-0.5|PX:89.5|PY:-50.0|L...
[PASSIVE-BEACON] SIMNOW:3.506 CID:8 ZONE:1 RXUAV:1 EDGEPORT:9998 TS:3.492 SPD:19.600 HDG:0.600 PX:90.300 PY:-40.000 LAN:4 BRK:0 RX_X:0.000 RX_Y:0.000 RX_Z:0.000
[ZONE-ROUTE] CID:8 zone=1 edge_port=9998
[EDGE-RTT] CID:8 wall=0.9 ms  sim_delay=10.0 ms
>>> [UAV->CLOUD] BLK:1a12|TX:7.0.0.12|CID:8|TS:3.492|SPD:19.6|HDG:0.6|PX:90.3|PY:-40.0|LA...
✓ [CAR 9] ACT=OK REP=1.000 RWD=1.000 PNL=0.000 CREDIT=1
✓ [CAR 8] ACT=OK REP=0.571 RWD=1.000 PNL=0.000 CREDIT=1
[PASSIVE-BEACON] SIMNOW:3.534 CID:3 ZONE:1 RXUAV:1 EDGEPORT:9998 TS:3.520 SPD:19.800 HDG:1.300 PX:70.700 PY:-40.000 LAN:4 BRK:1 RX_X:0.000 RX_Y:0.000 RX_Z:0.000
[ZONE-ROUTE] CID:3 zone=1 edge_port=9998
[EDGE-RTT] CID:3 wall=1.4 ms  sim_delay=10.0 ms
>>> [UAV->CLOUD] BLK:1801|TX:7.0.0.7|CID:3|TS:3.520|SPD:19.8|HDG:1.3|PX:70.7|PY:-40.0|LAN...
[PASSIVE-BEACON] SIMNOW:3.536 CID:6 ZONE:1 RXUAV:1 EDGEPORT:9998 TS:3.522 SPD:20.400 HDG:-1.600 PX:90.400 PY:-20.000 LAN:2 BRK:0 RX_X:0.000 RX_Y:0.000 RX_Z:0.000
[ZONE-ROUTE] CID:6 zone=1 edge_port=9998
[EDGE-RTT] CID:6 wall=1.0 ms  sim_delay=10.0 ms
>>> [UAV->CLOUD] BLK:f5d3|TX:7.0.0.10|CID:6|TS:3.522|SPD:20.4|HDG:-1.6|PX:90.4|PY:-20.0|L...
✓ [CAR 3] ACT=OK REP=0.987 RWD=1.000 PNL=0.000 CREDIT=1
✓ [CAR 6] ACT=OK REP=0.730 RWD=1.000 PNL=0.000 CREDIT=3
[PASSIVE-BEACON] SIMNOW:3.646 CID:7 ZONE:1 RXUAV:1 EDGEPORT:9998 TS:3.632 SPD:19.500 HDG:1.200 PX:92.400 PY:-30.000 LAN:3 BRK:0 RX_X:0.000 RX_Y:0.000 RX_Z:0.000
[ZONE-ROUTE] CID:7 zone=1 edge_port=9998
[EDGE-RTT] CID:7 wall=1.3 ms  sim_delay=10.0 ms
>>> [UAV->CLOUD] BLK:66a6|TX:7.0.0.11|CID:7|TS:3.632|SPD:19.5|HDG:1.2|PX:92.4|PY:-30.0|LA...
✓ [CAR 7] ACT=OK REP=0.852 RWD=1.000 PNL=0.000 CREDIT=3
[PASSIVE-BEACON] SIMNOW:3.734 CID:1 ZONE:1 RXUAV:1 EDGEPORT:9998 TS:3.720 SPD:19.600 HDG:0.300 PX:73.800 PY:-20.000 LAN:2 BRK:0 RX_X:0.000 RX_Y:0.000 RX_Z:0.000
[ZONE-ROUTE] CID:1 zone=1 edge_port=9998
[EDGE-RTT] CID:1 wall=1.1 ms  sim_delay=10.0 ms
>>> [UAV->CLOUD] BLK:9b99|TX:7.0.0.5|CID:1|TS:3.720|SPD:19.6|HDG:0.3|PX:73.8|PY:-20.0|LAN...
[PASSIVE-BEACON] SIMNOW:3.734 CID:0 ZONE:1 RXUAV:1 EDGEPORT:9998 TS:3.720 SPD:20.000 HDG:-1.400 PX:73.700 PY:-10.000 LAN:1 BRK:0 RX_X:0.000 RX_Y:0.000 RX_Z:0.000
[ZONE-ROUTE] CID:0 zone=1 edge_port=9998
[EDGE-RTT] CID:0 wall=2.3 ms  sim_delay=10.0 ms
>>> [UAV->CLOUD] BLK:da4a|TX:7.0.0.4|CID:0|TS:3.720|SPD:20.0|HDG:-1.4|PX:73.7|PY:-10.0|LA...
✓ [CAR 1] ACT=OK REP=0.790 RWD=1.000 PNL=0.000 CREDIT=3
[PASSIVE-BEACON] SIMNOW:3.749 CID:5 ZONE:1 RXUAV:1 EDGEPORT:9998 TS:3.732 SPD:20.300 HDG:2.000 PX:94.400 PY:-10.000 LAN:1 BRK:0 RX_X:0.000 RX_Y:0.000 RX_Z:0.000
[ZONE-ROUTE] CID:5 zone=1 edge_port=9998
[EDGE-RTT] CID:5 wall=1.4 ms  sim_delay=10.0 ms
>>> [UAV->CLOUD] BLK:0c39|TX:7.0.0.9|CID:5|TS:3.732|SPD:20.3|HDG:2.0|PX:94.4|PY:-10.0|LAN...
✓ [CAR 0] ACT=OK REP=0.834 RWD=1.000 PNL=0.000 CREDIT=3
✓ [CAR 5] ACT=OK REP=0.472 RWD=1.000 PNL=0.000 CREDIT=2
[PASSIVE-BEACON] SIMNOW:3.804 CID:4 ZONE:1 RXUAV:1 EDGEPORT:9998 TS:3.790 SPD:19.700 HDG:-0.800 PX:75.400 PY:-50.000 LAN:5 BRK:0 RX_X:0.000 RX_Y:0.000 RX_Z:0.000
[ZONE-ROUTE] CID:4 zone=1 edge_port=9998
[EDGE-RTT] CID:4 wall=1.3 ms  sim_delay=10.0 ms
>>> [UAV->CLOUD] BLK:4a44|TX:7.0.0.8|CID:4|TS:3.790|SPD:19.7|HDG:-0.8|PX:75.4|PY:-50.0|LA...
✓ [CAR 4] ACT=OK REP=0.605 RWD=1.000 PNL=0.000 CREDIT=3
[PASSIVE-BEACON] SIMNOW:3.882 CID:2 ZONE:1 RXUAV:1 EDGEPORT:9998 TS:3.870 SPD:20.300 HDG:-1.200 PX:76.800 PY:-30.000 LAN:3 BRK:1 RX_X:0.000 RX_Y:0.000 RX_Z:0.000
[ZONE-ROUTE] CID:2 zone=1 edge_port=9998
[EDGE-RTT] CID:2 wall=1.2 ms  sim_delay=10.0 ms
>>> [UAV->CLOUD] BLK:2d31|TX:7.0.0.6|CID:2|TS:3.870|SPD:20.3|HDG:-1.2|PX:76.8|PY:-30.0|LA...
✓ [CAR 2] ACT=OK REP=0.824 RWD=1.000 PNL=0.000 CREDIT=2
[PASSIVE-BEACON] SIMNOW:3.994 CID:9 ZONE:1 RXUAV:1 EDGEPORT:9998 TS:3.982 SPD:19.800 HDG:0.500 PX:100.000 PY:-50.000 LAN:5 BRK:0 RX_X:0.000 RX_Y:0.000 RX_Z:0.000
[ZONE-ROUTE] CID:9 zone=1 edge_port=9998
[EDGE-RTT] CID:9 wall=1.2 ms  sim_delay=10.0 ms
>>> [UAV->CLOUD] BLK:ac05|TX:7.0.0.13|CID:9|TS:3.982|SPD:19.8|HDG:0.5|PX:100.0|PY:-50.0|L...
[PASSIVE-BEACON] SIMNOW:4.006 CID:8 ZONE:1 RXUAV:1 EDGEPORT:9998 TS:3.992 SPD:20.400 HDG:-1.300 PX:99.900 PY:-40.000 LAN:4 BRK:0 RX_X:0.000 RX_Y:0.000 RX_Z:0.000
[ZONE-ROUTE] CID:8 zone=1 edge_port=9998
[EDGE-RTT] CID:8 wall=1.1 ms  sim_delay=10.0 ms
>>> [UAV->CLOUD] BLK:bac7|TX:7.0.0.12|CID:8|TS:3.992|SPD:20.4|HDG:-1.3|PX:99.9|PY:-40.0|L...
✓ [CAR 9] ACT=OK REP=0.505 RWD=0.997 PNL=0.000 CREDIT=2
✓ [CAR 8] ACT=OK REP=0.669 RWD=1.000 PNL=0.000 CREDIT=2
[PASSIVE-BEACON] SIMNOW:4.034 CID:3 ZONE:1 RXUAV:1 EDGEPORT:9998 TS:4.020 SPD:20.400 HDG:1.700 PX:80.200 PY:-40.000 LAN:4 BRK:0 RX_X:0.000 RX_Y:0.000 RX_Z:0.000
[ZONE-ROUTE] CID:3 zone=1 edge_port=9998
[EDGE-RTT] CID:3 wall=1.2 ms  sim_delay=10.0 ms
>>> [UAV->CLOUD] BLK:a5ac|TX:7.0.0.7|CID:3|TS:4.020|SPD:20.4|HDG:1.7|PX:80.2|PY:-40.0|LAN...
[PASSIVE-BEACON] SIMNOW:4.036 CID:6 ZONE:1 RXUAV:1 EDGEPORT:9998 TS:4.022 SPD:20.100 HDG:-0.300 PX:100.400 PY:-20.000 LAN:2 BRK:0 RX_X:0.000 RX_Y:0.000 RX_Z:0.000
[ZONE-ROUTE] CID:6 zone=1 edge_port=9998
[EDGE-RTT] CID:6 wall=1.0 ms  sim_delay=10.0 ms
>>> [UAV->CLOUD] BLK:8a36|TX:7.0.0.10|CID:6|TS:4.022|SPD:20.1|HDG:-0.3|PX:100.4|PY:-20.0|...
✓ [CAR 3] ACT=OK REP=0.909 RWD=1.000 PNL=0.000 CREDIT=2
✓ [CAR 6] ACT=OK REP=0.721 RWD=1.000 PNL=0.000 CREDIT=4
[PASSIVE-BEACON] SIMNOW:4.146 CID:7 ZONE:1 RXUAV:1 EDGEPORT:9998 TS:4.132 SPD:20.200 HDG:1.300 PX:102.700 PY:-30.000 LAN:3 BRK:0 RX_X:0.000 RX_Y:0.000 RX_Z:0.000
[ZONE-ROUTE] CID:7 zone=1 edge_port=9998
[EDGE-RTT] CID:7 wall=1.2 ms  sim_delay=10.0 ms
>>> [UAV->CLOUD] BLK:7430|TX:7.0.0.11|CID:7|TS:4.132|SPD:20.2|HDG:1.3|PX:102.7|PY:-30.0|L...
✓ [CAR 7] ACT=OK REP=0.856 RWD=1.000 PNL=0.000 CREDIT=4
[PASSIVE-BEACON] SIMNOW:4.234 CID:1 ZONE:1 RXUAV:1 EDGEPORT:9998 TS:4.220 SPD:20.200 HDG:0.200 PX:84.300 PY:-20.000 LAN:2 BRK:0 RX_X:0.000 RX_Y:0.000 RX_Z:0.000
[ZONE-ROUTE] CID:1 zone=1 edge_port=9998
[EDGE-RTT] CID:1 wall=1.5 ms  sim_delay=10.0 ms
>>> [UAV->CLOUD] BLK:6b39|TX:7.0.0.5|CID:1|TS:4.220|SPD:20.2|HDG:0.2|PX:84.3|PY:-20.0|LAN...
[PASSIVE-BEACON] SIMNOW:4.234 CID:0 ZONE:1 RXUAV:1 EDGEPORT:9998 TS:4.220 SPD:20.000 HDG:0.700 PX:83.800 PY:-10.000 LAN:1 BRK:0 RX_X:0.000 RX_Y:0.000 RX_Z:0.000
[ZONE-ROUTE] CID:0 zone=1 edge_port=9998
[EDGE-RTT] CID:0 wall=1.7 ms  sim_delay=10.0 ms
>>> [UAV->CLOUD] BLK:f242|TX:7.0.0.4|CID:0|TS:4.220|SPD:20.0|HDG:0.7|PX:83.8|PY:-10.0|LAN...
[PASSIVE-BEACON] SIMNOW:4.246 CID:5 ZONE:1 RXUAV:1 EDGEPORT:9998 TS:4.232 SPD:20.300 HDG:0.500 PX:104.200 PY:-10.000 LAN:1 BRK:0 RX_X:0.000 RX_Y:0.000 RX_Z:0.000
[ZONE-ROUTE] CID:5 zone=1 edge_port=9998
[EDGE-RTT] CID:5 wall=1.1 ms  sim_delay=10.0 ms
>>> [UAV->CLOUD] BLK:c653|TX:7.0.0.9|CID:5|TS:4.232|SPD:20.3|HDG:0.5|PX:104.2|PY:-10.0|LA...
✓ [CAR 0] ACT=OK REP=0.672 RWD=1.000 PNL=0.000 CREDIT=4
✓ [CAR 1] ACT=OK REP=0.605 RWD=1.000 PNL=0.000 CREDIT=4
✓ [CAR 5] ACT=OK REP=0.881 RWD=1.000 PNL=0.000 CREDIT=3
[PASSIVE-BEACON] SIMNOW:4.304 CID:4 ZONE:1 RXUAV:1 EDGEPORT:9998 TS:4.290 SPD:20.000 HDG:-1.000 PX:86.100 PY:-50.000 LAN:5 BRK:1 RX_X:0.000 RX_Y:0.000 RX_Z:0.000
[ZONE-ROUTE] CID:4 zone=1 edge_port=9998
[EDGE-RTT] CID:4 wall=1.2 ms  sim_delay=10.0 ms
>>> [UAV->CLOUD] BLK:9739|TX:7.0.0.8|CID:4|TS:4.290|SPD:20.0|HDG:-1.0|PX:86.1|PY:-50.0|LA...
✓ [CAR 4] ACT=OK REP=0.954 RWD=1.000 PNL=0.000 CREDIT=4
[PASSIVE-BEACON] SIMNOW:4.384 CID:2 ZONE:1 RXUAV:1 EDGEPORT:9998 TS:4.370 SPD:20.000 HDG:0.300 PX:86.700 PY:-30.000 LAN:3 BRK:0 RX_X:0.000 RX_Y:0.000 RX_Z:0.000
[ZONE-ROUTE] CID:2 zone=1 edge_port=9998
[EDGE-RTT] CID:2 wall=1.4 ms  sim_delay=10.0 ms
>>> [UAV->CLOUD] BLK:b2bb|TX:7.0.0.6|CID:2|TS:4.370|SPD:20.0|HDG:0.3|PX:86.7|PY:-30.0|LAN...
✓ [CAR 2] ACT=OK REP=0.617 RWD=1.000 PNL=0.000 CREDIT=3
[PASSIVE-BEACON] SIMNOW:4.496 CID:9 ZONE:1 RXUAV:1 EDGEPORT:9998 TS:4.482 SPD:20.000 HDG:-1.100 PX:109.500 PY:-50.000 LAN:5 BRK:0 RX_X:0.000 RX_Y:0.000 RX_Z:0.000
[ZONE-ROUTE] CID:9 zone=1 edge_port=9998
[EDGE-RTT] CID:9 wall=1.2 ms  sim_delay=10.0 ms
>>> [UAV->CLOUD] BLK:b861|TX:7.0.0.13|CID:9|TS:4.482|SPD:20.0|HDG:-1.1|PX:109.5|PY:-50.0|...
[PASSIVE-BEACON] SIMNOW:4.506 CID:8 ZONE:1 RXUAV:1 EDGEPORT:9998 TS:4.492 SPD:20.400 HDG:0.200 PX:109.200 PY:-40.000 LAN:4 BRK:0 RX_X:0.000 RX_Y:0.000 RX_Z:0.000
[ZONE-ROUTE] CID:8 zone=1 edge_port=9998
[EDGE-RTT] CID:8 wall=1.3 ms  sim_delay=10.0 ms
>>> [UAV->CLOUD] BLK:0471|TX:7.0.0.12|CID:8|TS:4.492|SPD:20.4|HDG:0.2|PX:109.2|PY:-40.0|L...
✓ [CAR 9] ACT=OK REP=0.978 RWD=1.000 PNL=0.000 CREDIT=3
✓ [CAR 8] ACT=OK REP=0.898 RWD=1.000 PNL=0.000 CREDIT=3
[PASSIVE-BEACON] SIMNOW:4.534 CID:3 ZONE:1 RXUAV:1 EDGEPORT:9998 TS:4.520 SPD:19.900 HDG:0.900 PX:90.700 PY:-40.000 LAN:4 BRK:0 RX_X:0.000 RX_Y:0.000 RX_Z:0.000
[ZONE-ROUTE] CID:3 zone=1 edge_port=9998
[EDGE-RTT] CID:3 wall=1.3 ms  sim_delay=10.0 ms
>>> [UAV->CLOUD] BLK:aa67|TX:7.0.0.7|CID:3|TS:4.520|SPD:19.9|HDG:0.9|PX:90.7|PY:-40.0|LAN...
[PASSIVE-BEACON] SIMNOW:4.536 CID:6 ZONE:1 RXUAV:1 EDGEPORT:9998 TS:4.522 SPD:20.100 HDG:1.100 PX:111.100 PY:-20.000 LAN:2 BRK:1 RX_X:0.000 RX_Y:0.000 RX_Z:0.000
[ZONE-ROUTE] CID:6 zone=1 edge_port=9998
[EDGE-RTT] CID:6 wall=1.2 ms  sim_delay=10.0 ms
>>> [UAV->CLOUD] BLK:1038|TX:7.0.0.10|CID:6|TS:4.522|SPD:20.1|HDG:1.1|PX:111.1|PY:-20.0|L...
✓ [CAR 3] ACT=OK REP=0.952 RWD=1.000 PNL=0.000 CREDIT=3
✓ [CAR 6] ACT=OK REP=0.994 RWD=1.000 PNL=0.000 CREDIT=5
[PASSIVE-BEACON] SIMNOW:4.646 CID:7 ZONE:1 RXUAV:1 EDGEPORT:9998 TS:4.632 SPD:20.300 HDG:-0.300 PX:113.300 PY:-30.000 LAN:3 BRK:1 RX_X:0.000 RX_Y:0.000 RX_Z:0.000
[ZONE-ROUTE] CID:7 zone=1 edge_port=9998
[EDGE-RTT] CID:7 wall=1.1 ms  sim_delay=10.0 ms
>>> [UAV->CLOUD] BLK:2c4f|TX:7.0.0.11|CID:7|TS:4.632|SPD:20.3|HDG:-0.3|PX:113.3|PY:-30.0|...
✓ [CAR 7] ACT=OK REP=1.000 RWD=1.000 PNL=0.000 CREDIT=5
[PASSIVE-BEACON] SIMNOW:4.733 CID:1 ZONE:1 RXUAV:1 EDGEPORT:9998 TS:4.720 SPD:20.500 HDG:0.300 PX:94.000 PY:-20.000 LAN:2 BRK:0 RX_X:0.000 RX_Y:0.000 RX_Z:0.000
[ZONE-ROUTE] CID:1 zone=1 edge_port=9998
[EDGE-RTT] CID:1 wall=1.3 ms  sim_delay=10.0 ms
>>> [UAV->CLOUD] BLK:d202|TX:7.0.0.5|CID:1|TS:4.720|SPD:20.5|HDG:0.3|PX:94.0|PY:-20.0|LAN...
[PASSIVE-BEACON] SIMNOW:4.733 CID:0 ZONE:1 RXUAV:1 EDGEPORT:9998 TS:4.720 SPD:19.700 HDG:1.600 PX:94.800 PY:-10.000 LAN:1 BRK:0 RX_X:0.000 RX_Y:0.000 RX_Z:0.000
[ZONE-ROUTE] CID:0 zone=1 edge_port=9998
[EDGE-RTT] CID:0 wall=3.0 ms  sim_delay=10.0 ms
>>> [UAV->CLOUD] BLK:c140|TX:7.0.0.4|CID:0|TS:4.720|SPD:19.7|HDG:1.6|PX:94.8|PY:-10.0|LAN...
[PASSIVE-BEACON] SIMNOW:4.746 CID:5 ZONE:1 RXUAV:1 EDGEPORT:9998 TS:4.732 SPD:20.000 HDG:1.100 PX:114.300 PY:-10.000 LAN:1 BRK:0 RX_X:0.000 RX_Y:0.000 RX_Z:0.000
[ZONE-ROUTE] CID:5 zone=1 edge_port=9998
[EDGE-RTT] CID:5 wall=1.3 ms  sim_delay=10.0 ms
>>> [UAV->CLOUD] BLK:44d7|TX:7.0.0.9|CID:5|TS:4.732|SPD:20.0|HDG:1.1|PX:114.3|PY:-10.0|LA...
✓ [CAR 1] ACT=OK REP=0.656 RWD=1.000 PNL=0.000 CREDIT=5
✓ [CAR 0] ACT=OK REP=0.915 RWD=1.000 PNL=0.000 CREDIT=5
✓ [CAR 5] ACT=OK REP=0.960 RWD=1.000 PNL=0.000 CREDIT=4
[PASSIVE-BEACON] SIMNOW:4.804 CID:4 ZONE:1 RXUAV:1 EDGEPORT:9998 TS:4.790 SPD:20.400 HDG:-0.200 PX:96.400 PY:-50.000 LAN:5 BRK:0 RX_X:0.000 RX_Y:0.000 RX_Z:0.000
[ZONE-ROUTE] CID:4 zone=1 edge_port=9998
[EDGE-RTT] CID:4 wall=1.4 ms  sim_delay=10.0 ms
>>> [UAV->CLOUD] BLK:498a|TX:7.0.0.8|CID:4|TS:4.790|SPD:20.4|HDG:-0.2|PX:96.4|PY:-50.0|LA...
✓ [CAR 4] ACT=OK REP=0.938 RWD=1.000 PNL=0.000 CREDIT=5
[PASSIVE-BEACON] SIMNOW:4.884 CID:2 ZONE:1 RXUAV:1 EDGEPORT:9998 TS:4.870 SPD:19.500 HDG:-0.100 PX:97.000 PY:-30.000 LAN:3 BRK:0 RX_X:0.000 RX_Y:0.000 RX_Z:0.000
[ZONE-ROUTE] CID:2 zone=1 edge_port=9998
[EDGE-RTT] CID:2 wall=1.0 ms  sim_delay=10.0 ms
>>> [UAV->CLOUD] BLK:a6f4|TX:7.0.0.6|CID:2|TS:4.870|SPD:19.5|HDG:-0.1|PX:97.0|PY:-30.0|LA...
✓ [CAR 2] ACT=OK REP=0.575 RWD=1.000 PNL=0.000 CREDIT=4
[PASSIVE-BEACON] SIMNOW:4.996 CID:9 ZONE:1 RXUAV:1 EDGEPORT:9998 TS:4.982 SPD:19.800 HDG:-0.100 PX:120.000 PY:-50.000 LAN:5 BRK:0 RX_X:0.000 RX_Y:0.000 RX_Z:0.000
[ZONE-ROUTE] CID:9 zone=1 edge_port=9998
[EDGE-RTT] CID:9 wall=1.3 ms  sim_delay=10.0 ms
>>> [UAV->CLOUD] BLK:6bf0|TX:7.0.0.13|CID:9|TS:4.982|SPD:19.8|HDG:-0.1|PX:120.0|PY:-50.0|...
[PASSIVE-BEACON] SIMNOW:5.006 CID:8 ZONE:1 RXUAV:1 EDGEPORT:9998 TS:4.992 SPD:20.000 HDG:1.200 PX:119.100 PY:-40.000 LAN:4 BRK:0 RX_X:0.000 RX_Y:0.000 RX_Z:0.000
[ZONE-ROUTE] CID:8 zone=1 edge_port=9998
[EDGE-RTT] CID:8 wall=1.0 ms  sim_delay=10.0 ms
>>> [UAV->CLOUD] BLK:12c7|TX:7.0.0.12|CID:8|TS:4.992|SPD:20.0|HDG:1.2|PX:119.1|PY:-40.0|L...
✓ [CAR 9] ACT=OK REP=0.778 RWD=1.000 PNL=0.000 CREDIT=4
✓ [CAR 8] ACT=OK REP=0.803 RWD=1.000 PNL=0.000 CREDIT=4
[PASSIVE-BEACON] SIMNOW:5.034 CID:3 ZONE:1 RXUAV:1 EDGEPORT:9998 TS:5.020 SPD:19.600 HDG:-0.700 PX:101.000 PY:-40.000 LAN:4 BRK:0 RX_X:0.000 RX_Y:0.000 RX_Z:0.000
[ZONE-ROUTE] CID:3 zone=1 edge_port=9998
[EDGE-RTT] CID:3 wall=1.4 ms  sim_delay=10.0 ms
>>> [UAV->CLOUD] BLK:2d1c|TX:7.0.0.7|CID:3|TS:5.020|SPD:19.6|HDG:-0.7|PX:101.0|PY:-40.0|L...
[PASSIVE-BEACON] SIMNOW:5.036 CID:6 ZONE:1 RXUAV:1 EDGEPORT:9998 TS:5.022 SPD:20.100 HDG:0.900 PX:121.000 PY:-20.000 LAN:2 BRK:0 RX_X:0.000 RX_Y:0.000 RX_Z:0.000
[ZONE-ROUTE] CID:6 zone=1 edge_port=9998
[EDGE-RTT] CID:6 wall=0.9 ms  sim_delay=10.0 ms
>>> [UAV->CLOUD] BLK:cb71|TX:7.0.0.10|CID:6|TS:5.022|SPD:20.1|HDG:0.9|PX:121.0|PY:-20.0|L...
✓ [CAR 3] ACT=OK REP=0.862 RWD=1.000 PNL=0.000 CREDIT=4
✓ [CAR 6] ACT=OK REP=0.699 RWD=1.000 PNL=0.000 CREDIT=6
[PASSIVE-BEACON] SIMNOW:5.146 CID:7 ZONE:1 RXUAV:1 EDGEPORT:9998 TS:5.132 SPD:20.300 HDG:1.100 PX:122.300 PY:-30.000 LAN:3 BRK:1 RX_X:0.000 RX_Y:0.000 RX_Z:0.000
[ZONE-ROUTE] CID:7 zone=1 edge_port=9998
[EDGE-RTT] CID:7 wall=1.3 ms  sim_delay=10.0 ms
>>> [UAV->CLOUD] BLK:6250|TX:7.0.0.11|CID:7|TS:5.132|SPD:20.3|HDG:1.1|PX:122.3|PY:-30.0|L...
✓ [CAR 7] ACT=OK REP=0.868 RWD=1.000 PNL=0.000 CREDIT=6
[PASSIVE-BEACON] SIMNOW:5.234 CID:1 ZONE:1 RXUAV:1 EDGEPORT:9998 TS:5.220 SPD:20.300 HDG:2.000 PX:104.800 PY:-20.000 LAN:2 BRK:0 RX_X:0.000 RX_Y:0.000 RX_Z:0.000
[ZONE-ROUTE] CID:1 zone=1 edge_port=9998
[EDGE-RTT] CID:1 wall=1.4 ms  sim_delay=10.0 ms
>>> [UAV->CLOUD] BLK:741a|TX:7.0.0.5|CID:1|TS:5.220|SPD:20.3|HDG:2.0|PX:104.8|PY:-20.0|LA...
[PASSIVE-BEACON] SIMNOW:5.234 CID:0 ZONE:1 RXUAV:1 EDGEPORT:9998 TS:5.220 SPD:20.000 HDG:0.800 PX:103.900 PY:-10.000 LAN:1 BRK:0 RX_X:0.000 RX_Y:0.000 RX_Z:0.000
[ZONE-ROUTE] CID:0 zone=1 edge_port=9998
[EDGE-RTT] CID:0 wall=1.9 ms  sim_delay=10.0 ms
>>> [UAV->CLOUD] BLK:f0ee|TX:7.0.0.4|CID:0|TS:5.220|SPD:20.0|HDG:0.8|PX:103.9|PY:-10.0|LA...
[PASSIVE-BEACON] SIMNOW:5.246 CID:5 ZONE:1 RXUAV:1 EDGEPORT:9998 TS:5.232 SPD:20.200 HDG:-0.900 PX:125.400 PY:-10.000 LAN:1 BRK:0 RX_X:0.000 RX_Y:0.000 RX_Z:0.000
[ZONE-ROUTE] CID:5 zone=1 edge_port=9998
[EDGE-RTT] CID:5 wall=1.0 ms  sim_delay=10.0 ms
>>> [UAV->CLOUD] BLK:bcf9|TX:7.0.0.9|CID:5|TS:5.232|SPD:20.2|HDG:-0.9|PX:125.4|PY:-10.0|L...
✓ [CAR 0] ACT=OK REP=0.740 RWD=1.000 PNL=0.000 CREDIT=6
✓ [CAR 1] ACT=OK REP=1.000 RWD=1.000 PNL=0.000 CREDIT=6
✓ [CAR 5] ACT=OK REP=0.963 RWD=1.000 PNL=0.000 CREDIT=5
[PASSIVE-BEACON] SIMNOW:5.304 CID:4 ZONE:1 RXUAV:1 EDGEPORT:9998 TS:5.290 SPD:19.500 HDG:-0.200 PX:106.400 PY:-50.000 LAN:5 BRK:1 RX_X:0.000 RX_Y:0.000 RX_Z:0.000
[ZONE-ROUTE] CID:4 zone=1 edge_port=9998
[EDGE-RTT] CID:4 wall=1.3 ms  sim_delay=10.0 ms
>>> [UAV->CLOUD] BLK:46ff|TX:7.0.0.8|CID:4|TS:5.290|SPD:19.5|HDG:-0.2|PX:106.4|PY:-50.0|L...
✓ [CAR 4] ACT=OK REP=0.847 RWD=1.000 PNL=0.000 CREDIT=6
[PASSIVE-BEACON] SIMNOW:5.383 CID:2 ZONE:1 RXUAV:1 EDGEPORT:9998 TS:5.370 SPD:19.600 HDG:1.400 PX:108.000 PY:-30.000 LAN:3 BRK:0 RX_X:0.000 RX_Y:0.000 RX_Z:0.000
[ZONE-ROUTE] CID:2 zone=1 edge_port=9998
[EDGE-RTT] CID:2 wall=1.2 ms  sim_delay=10.0 ms
>>> [UAV->CLOUD] BLK:a0e1|TX:7.0.0.6|CID:2|TS:5.370|SPD:19.6|HDG:1.4|PX:108.0|PY:-30.0|LA...
✓ [CAR 2] ACT=OK REP=0.697 RWD=1.000 PNL=0.000 CREDIT=5
[PASSIVE-BEACON] SIMNOW:5.495 CID:9 ZONE:1 RXUAV:1 EDGEPORT:9998 TS:5.482 SPD:19.900 HDG:1.400 PX:130.300 PY:-50.000 LAN:5 BRK:0 RX_X:0.000 RX_Y:0.000 RX_Z:0.000
[ZONE-ROUTE] CID:9 zone=1 edge_port=9998
[EDGE-RTT] CID:9 wall=1.3 ms  sim_delay=10.0 ms
>>> [UAV->CLOUD] BLK:6279|TX:7.0.0.13|CID:9|TS:5.482|SPD:19.9|HDG:1.4|PX:130.3|PY:-50.0|L...
[PASSIVE-BEACON] SIMNOW:5.506 CID:8 ZONE:1 RXUAV:1 EDGEPORT:9998 TS:5.492 SPD:20.400 HDG:0.300 PX:130.400 PY:-40.000 LAN:4 BRK:1 RX_X:0.000 RX_Y:0.000 RX_Z:0.000
[ZONE-ROUTE] CID:8 zone=1 edge_port=9998
[EDGE-RTT] CID:8 wall=1.0 ms  sim_delay=10.0 ms
>>> [UAV->CLOUD] BLK:e31f|TX:7.0.0.12|CID:8|TS:5.492|SPD:20.4|HDG:0.3|PX:130.4|PY:-40.0|L...
✓ [CAR 9] ACT=OK REP=0.860 RWD=1.000 PNL=0.000 CREDIT=5
✓ [CAR 8] ACT=OK REP=0.868 RWD=1.000 PNL=0.000 CREDIT=5
[PASSIVE-BEACON] SIMNOW:5.534 CID:3 ZONE:1 RXUAV:1 EDGEPORT:9998 TS:5.520 SPD:20.100 HDG:-0.800 PX:110.100 PY:-40.000 LAN:4 BRK:0 RX_X:0.000 RX_Y:0.000 RX_Z:0.000
[ZONE-ROUTE] CID:3 zone=1 edge_port=9998
[EDGE-RTT] CID:3 wall=1.3 ms  sim_delay=10.0 ms
>>> [UAV->CLOUD] BLK:20b3|TX:7.0.0.7|CID:3|TS:5.520|SPD:20.1|HDG:-0.8|PX:110.1|PY:-40.0|L...
[PASSIVE-BEACON] SIMNOW:5.536 CID:6 ZONE:1 RXUAV:1 EDGEPORT:9998 TS:5.522 SPD:20.200 HDG:-1.500 PX:130.300 PY:-20.000 LAN:2 BRK:0 RX_X:0.000 RX_Y:0.000 RX_Z:0.000
[ZONE-ROUTE] CID:6 zone=1 edge_port=9998
[EDGE-RTT] CID:6 wall=1.1 ms  sim_delay=10.0 ms
>>> [UAV->CLOUD] BLK:54b4|TX:7.0.0.10|CID:6|TS:5.522|SPD:20.2|HDG:-1.5|PX:130.3|PY:-20.0|...
✓ [CAR 3] ACT=OK REP=1.000 RWD=1.000 PNL=0.000 CREDIT=5
✓ [CAR 6] ACT=OK REP=0.693 RWD=1.000 PNL=0.000 CREDIT=7
[PASSIVE-BEACON] SIMNOW:5.646 CID:7 ZONE:1 RXUAV:1 EDGEPORT:9998 TS:5.632 SPD:20.000 HDG:-1.400 PX:133.300 PY:-30.000 LAN:3 BRK:0 RX_X:0.000 RX_Y:0.000 RX_Z:0.000
[ZONE-ROUTE] CID:7 zone=1 edge_port=9998
[EDGE-RTT] CID:7 wall=1.3 ms  sim_delay=10.0 ms
>>> [UAV->CLOUD] BLK:25c2|TX:7.0.0.11|CID:7|TS:5.632|SPD:20.0|HDG:-1.4|PX:133.3|PY:-30.0|...
✓ [CAR 7] ACT=OK REP=0.937 RWD=1.000 PNL=0.000 CREDIT=7
[PASSIVE-BEACON] SIMNOW:5.734 CID:1 ZONE:1 RXUAV:1 EDGEPORT:9998 TS:5.720 SPD:19.500 HDG:-1.600 PX:114.500 PY:-20.000 LAN:2 BRK:1 RX_X:0.000 RX_Y:0.000 RX_Z:0.000
[ZONE-ROUTE] CID:1 zone=1 edge_port=9998
[EDGE-RTT] CID:1 wall=1.3 ms  sim_delay=10.0 ms
>>> [UAV->CLOUD] BLK:fc4a|TX:7.0.0.5|CID:1|TS:5.720|SPD:19.5|HDG:-1.6|PX:114.5|PY:-20.0|L...
[PASSIVE-BEACON] SIMNOW:5.734 CID:0 ZONE:1 RXUAV:1 EDGEPORT:9998 TS:5.720 SPD:20.400 HDG:1.500 PX:114.100 PY:-10.000 LAN:1 BRK:0 RX_X:0.000 RX_Y:0.000 RX_Z:0.000
[ZONE-ROUTE] CID:0 zone=1 edge_port=9998
[EDGE-RTT] CID:0 wall=2.5 ms  sim_delay=10.0 ms
>>> [UAV->CLOUD] BLK:8585|TX:7.0.0.4|CID:0|TS:5.720|SPD:20.4|HDG:1.5|PX:114.1|PY:-10.0|LA...
✓ [CAR 1] ACT=OK REP=1.000 RWD=1.000 PNL=0.000 CREDIT=7
[PASSIVE-BEACON] SIMNOW:5.749 CID:5 ZONE:1 RXUAV:1 EDGEPORT:9998 TS:5.732 SPD:19.800 HDG:1.200 PX:135.000 PY:-10.000 LAN:1 BRK:0 RX_X:0.000 RX_Y:0.000 RX_Z:0.000
[ZONE-ROUTE] CID:5 zone=1 edge_port=9998
[EDGE-RTT] CID:5 wall=1.0 ms  sim_delay=10.0 ms
>>> [UAV->CLOUD] BLK:fa9b|TX:7.0.0.9|CID:5|TS:5.732|SPD:19.8|HDG:1.2|PX:135.0|PY:-10.0|LA...
✓ [CAR 0] ACT=OK REP=0.853 RWD=1.000 PNL=0.000 CREDIT=7
✓ [CAR 5] ACT=OK REP=0.621 RWD=1.000 PNL=0.000 CREDIT=6
[PASSIVE-BEACON] SIMNOW:5.804 CID:4 ZONE:1 RXUAV:1 EDGEPORT:9998 TS:5.790 SPD:20.200 HDG:-1.000 PX:116.000 PY:-50.000 LAN:5 BRK:0 RX_X:0.000 RX_Y:0.000 RX_Z:0.000
[ZONE-ROUTE] CID:4 zone=1 edge_port=9998
[EDGE-RTT] CID:4 wall=1.1 ms  sim_delay=10.0 ms
>>> [UAV->CLOUD] BLK:5bba|TX:7.0.0.8|CID:4|TS:5.790|SPD:20.2|HDG:-1.0|PX:116.0|PY:-50.0|L...
✓ [CAR 4] ACT=OK REP=0.903 RWD=1.000 PNL=0.000 CREDIT=7
[PASSIVE-BEACON] SIMNOW:5.884 CID:2 ZONE:1 RXUAV:1 EDGEPORT:9998 TS:5.870 SPD:19.700 HDG:0.900 PX:117.100 PY:-30.000 LAN:3 BRK:0 RX_X:0.000 RX_Y:0.000 RX_Z:0.000
[ZONE-ROUTE] CID:2 zone=1 edge_port=9998
[EDGE-RTT] CID:2 wall=1.3 ms  sim_delay=10.0 ms
>>> [UAV->CLOUD] BLK:f899|TX:7.0.0.6|CID:2|TS:5.870|SPD:19.7|HDG:0.9|PX:117.1|PY:-30.0|LA...
✓ [CAR 2] ACT=OK REP=0.703 RWD=1.000 PNL=0.000 CREDIT=6
[PASSIVE-BEACON] SIMNOW:5.996 CID:9 ZONE:1 RXUAV:1 EDGEPORT:9998 TS:5.982 SPD:19.900 HDG:0.400 PX:140.200 PY:-50.000 LAN:5 BRK:0 RX_X:0.000 RX_Y:0.000 RX_Z:0.000
[ZONE-ROUTE] CID:9 zone=1 edge_port=9998
[EDGE-RTT] CID:9 wall=1.1 ms  sim_delay=10.0 ms
>>> [UAV->CLOUD] BLK:fd08|TX:7.0.0.13|CID:9|TS:5.982|SPD:19.9|HDG:0.4|PX:140.2|PY:-50.0|L...
[PASSIVE-BEACON] SIMNOW:6.006 CID:8 ZONE:1 RXUAV:1 EDGEPORT:9998 TS:5.992 SPD:19.500 HDG:-1.800 PX:139.100 PY:-40.000 LAN:4 BRK:0 RX_X:0.000 RX_Y:0.000 RX_Z:0.000
[ZONE-ROUTE] CID:8 zone=1 edge_port=9998
[EDGE-RTT] CID:8 wall=1.0 ms  sim_delay=10.0 ms
>>> [UAV->CLOUD] BLK:6092|TX:7.0.0.12|CID:8|TS:5.992|SPD:19.5|HDG:-1.8|PX:139.1|PY:-40.0|...
✓ [CAR 9] ACT=OK REP=0.839 RWD=1.000 PNL=0.000 CREDIT=6
✓ [CAR 8] ACT=OK REP=0.931 RWD=1.000 PNL=0.000 CREDIT=6
[PASSIVE-BEACON] SIMNOW:6.032 CID:3 ZONE:1 RXUAV:1 EDGEPORT:9998 TS:6.020 SPD:19.500 HDG:0.500 PX:119.700 PY:-40.000 LAN:4 BRK:0 RX_X:0.000 RX_Y:0.000 RX_Z:0.000
[ZONE-ROUTE] CID:3 zone=1 edge_port=9998
[EDGE-RTT] CID:3 wall=1.3 ms  sim_delay=10.0 ms
>>> [UAV->CLOUD] BLK:44ab|TX:7.0.0.7|CID:3|TS:6.020|SPD:19.5|HDG:0.5|PX:119.7|PY:-40.0|LA...
[PASSIVE-BEACON] SIMNOW:6.036 CID:6 ZONE:1 RXUAV:1 EDGEPORT:9998 TS:6.022 SPD:19.900 HDG:-0.500 PX:140.300 PY:-20.000 LAN:2 BRK:0 RX_X:0.000 RX_Y:0.000 RX_Z:0.000
[ZONE-ROUTE] CID:6 zone=1 edge_port=9998
[EDGE-RTT] CID:6 wall=0.7 ms  sim_delay=10.0 ms
>>> [UAV->CLOUD] BLK:13ff|TX:7.0.0.10|CID:6|TS:6.022|SPD:19.9|HDG:-0.5|PX:140.3|PY:-20.0|...
✓ [CAR 3] ACT=OK REP=0.848 RWD=1.000 PNL=0.000 CREDIT=6
✓ [CAR 6] ACT=OK REP=1.000 RWD=1.000 PNL=0.000 CREDIT=8
[PASSIVE-BEACON] SIMNOW:6.144 CID:7 ZONE:1 RXUAV:1 EDGEPORT:9998 TS:6.132 SPD:20.200 HDG:-1.300 PX:143.300 PY:-30.000 LAN:3 BRK:0 RX_X:0.000 RX_Y:0.000 RX_Z:0.000
[ZONE-ROUTE] CID:7 zone=1 edge_port=9998
[EDGE-RTT] CID:7 wall=1.3 ms  sim_delay=10.0 ms
>>> [UAV->CLOUD] BLK:d6c0|TX:7.0.0.11|CID:7|TS:6.132|SPD:20.2|HDG:-1.3|PX:143.3|PY:-30.0|...
✓ [CAR 7] ACT=OK REP=1.000 RWD=1.000 PNL=0.000 CREDIT=8
[PASSIVE-BEACON] SIMNOW:6.234 CID:1 ZONE:1 RXUAV:1 EDGEPORT:9998 TS:6.220 SPD:20.300 HDG:-1.500 PX:123.800 PY:-20.000 LAN:2 BRK:0 RX_X:0.000 RX_Y:0.000 RX_Z:0.000
[ZONE-ROUTE] CID:1 zone=1 edge_port=9998
[EDGE-RTT] CID:1 wall=1.1 ms  sim_delay=10.0 ms
>>> [UAV->CLOUD] BLK:840a|TX:7.0.0.5|CID:1|TS:6.220|SPD:20.3|HDG:-1.5|PX:123.8|PY:-20.0|L...
[PASSIVE-BEACON] SIMNOW:6.234 CID:0 ZONE:1 RXUAV:1 EDGEPORT:9998 TS:6.220 SPD:19.700 HDG:-0.900 PX:124.300 PY:-10.000 LAN:1 BRK:1 RX_X:0.000 RX_Y:0.000 RX_Z:0.000
[ZONE-ROUTE] CID:0 zone=1 edge_port=9998
[EDGE-RTT] CID:0 wall=2.0 ms  sim_delay=10.0 ms
>>> [UAV->CLOUD] BLK:c500|TX:7.0.0.4|CID:0|TS:6.220|SPD:19.7|HDG:-0.9|PX:124.3|PY:-10.0|L...
✓ [CAR 1] ACT=OK REP=1.000 RWD=1.000 PNL=0.000 CREDIT=8
✓ [CAR 0] ACT=OK REP=0.914 RWD=1.000 PNL=0.000 CREDIT=8
[PASSIVE-BEACON] SIMNOW:6.249 CID:5 ZONE:1 RXUAV:1 EDGEPORT:9998 TS:6.232 SPD:20.100 HDG:-0.600 PX:145.300 PY:-10.000 LAN:1 BRK:0 RX_X:0.000 RX_Y:0.000 RX_Z:0.000
[ZONE-ROUTE] CID:5 zone=1 edge_port=9998
[EDGE-RTT] CID:5 wall=1.2 ms  sim_delay=10.0 ms
>>> [UAV->CLOUD] BLK:fd4f|TX:7.0.0.9|CID:5|TS:6.232|SPD:20.1|HDG:-0.6|PX:145.3|PY:-10.0|L...
✓ [CAR 5] ACT=OK REP=0.804 RWD=1.000 PNL=0.000 CREDIT=7
[PASSIVE-BEACON] SIMNOW:6.304 CID:4 ZONE:1 RXUAV:1 EDGEPORT:9998 TS:6.290 SPD:20.300 HDG:-0.200 PX:126.200 PY:-50.000 LAN:5 BRK:0 RX_X:0.000 RX_Y:0.000 RX_Z:0.000
[ZONE-ROUTE] CID:4 zone=1 edge_port=9998
[EDGE-RTT] CID:4 wall=1.1 ms  sim_delay=10.0 ms
>>> [UAV->CLOUD] BLK:9d10|TX:7.0.0.8|CID:4|TS:6.290|SPD:20.3|HDG:-0.2|PX:126.2|PY:-50.0|L...
✓ [CAR 4] ACT=OK REP=0.968 RWD=1.000 PNL=0.000 CREDIT=8
[PASSIVE-BEACON] SIMNOW:6.384 CID:2 ZONE:1 RXUAV:1 EDGEPORT:9998 TS:6.370 SPD:19.700 HDG:0.300 PX:127.200 PY:-30.000 LAN:3 BRK:0 RX_X:0.000 RX_Y:0.000 RX_Z:0.000
[ZONE-ROUTE] CID:2 zone=1 edge_port=9998
[EDGE-RTT] CID:2 wall=1.2 ms  sim_delay=10.0 ms
>>> [UAV->CLOUD] BLK:57d8|TX:7.0.0.6|CID:2|TS:6.370|SPD:19.7|HDG:0.3|PX:127.2|PY:-30.0|LA...
✓ [CAR 2] ACT=OK REP=0.996 RWD=1.000 PNL=0.000 CREDIT=7
[PASSIVE-BEACON] SIMNOW:6.496 CID:9 ZONE:1 RXUAV:1 EDGEPORT:9998 TS:6.482 SPD:20.000 HDG:-1.100 PX:150.300 PY:-50.000 LAN:5 BRK:0 RX_X:0.000 RX_Y:0.000 RX_Z:0.000
[ZONE-ROUTE] CID:9 zone=1 edge_port=9998
[EDGE-RTT] CID:9 wall=1.1 ms  sim_delay=10.0 ms
>>> [UAV->CLOUD] BLK:1c57|TX:7.0.0.13|CID:9|TS:6.482|SPD:20.0|HDG:-1.1|PX:150.3|PY:-50.0|...
[PASSIVE-BEACON] SIMNOW:6.506 CID:8 ZONE:1 RXUAV:1 EDGEPORT:9998 TS:6.492 SPD:19.700 HDG:0.700 PX:149.800 PY:-40.000 LAN:4 BRK:0 RX_X:0.000 RX_Y:0.000 RX_Z:0.000
[ZONE-ROUTE] CID:8 zone=1 edge_port=9998
[EDGE-RTT] CID:8 wall=0.8 ms  sim_delay=10.0 ms
>>> [UAV->CLOUD] BLK:6115|TX:7.0.0.12|CID:8|TS:6.492|SPD:19.7|HDG:0.7|PX:149.8|PY:-40.0|L...
✓ [CAR 9] ACT=OK REP=1.000 RWD=1.000 PNL=0.000 CREDIT=7
✓ [CAR 8] ACT=OK REP=0.975 RWD=1.000 PNL=0.000 CREDIT=7
[PASSIVE-BEACON] SIMNOW:6.534 CID:3 ZONE:1 RXUAV:1 EDGEPORT:9998 TS:6.520 SPD:20.100 HDG:0.800 PX:131.100 PY:-40.000 LAN:4 BRK:0 RX_X:0.000 RX_Y:0.000 RX_Z:0.000
[ZONE-ROUTE] CID:3 zone=1 edge_port=9998
[EDGE-RTT] CID:3 wall=1.2 ms  sim_delay=10.0 ms
>>> [UAV->CLOUD] BLK:15a6|TX:7.0.0.7|CID:3|TS:6.520|SPD:20.1|HDG:0.8|PX:131.1|PY:-40.0|LA...
[PASSIVE-BEACON] SIMNOW:6.536 CID:6 ZONE:1 RXUAV:1 EDGEPORT:9998 TS:6.522 SPD:20.200 HDG:-2.000 PX:151.000 PY:-20.000 LAN:2 BRK:0 RX_X:0.000 RX_Y:0.000 RX_Z:0.000
[ZONE-ROUTE] CID:6 zone=1 edge_port=9998
[EDGE-RTT] CID:6 wall=0.9 ms  sim_delay=10.0 ms
>>> [UAV->CLOUD] BLK:acac|TX:7.0.0.10|CID:6|TS:6.522|SPD:20.2|HDG:-2.0|PX:151.0|PY:-20.0|...
✓ [CAR 3] ACT=OK REP=0.936 RWD=1.000 PNL=0.000 CREDIT=7
✓ [CAR 6] ACT=OK REP=0.781 RWD=1.000 PNL=0.000 CREDIT=9
[PASSIVE-BEACON] SIMNOW:6.646 CID:7 ZONE:1 RXUAV:1 EDGEPORT:9998 TS:6.632 SPD:19.900 HDG:0.900 PX:152.100 PY:-30.000 LAN:3 BRK:0 RX_X:0.000 RX_Y:0.000 RX_Z:0.000
[ZONE-ROUTE] CID:7 zone=1 edge_port=9998
[EDGE-RTT] CID:7 wall=1.3 ms  sim_delay=10.0 ms
>>> [UAV->CLOUD] BLK:a980|TX:7.0.0.11|CID:7|TS:6.632|SPD:19.9|HDG:0.9|PX:152.1|PY:-30.0|L...
✓ [CAR 7] ACT=OK REP=0.849 RWD=1.000 PNL=0.000 CREDIT=9
[PASSIVE-BEACON] SIMNOW:6.734 CID:1 ZONE:1 RXUAV:1 EDGEPORT:9998 TS:6.720 SPD:20.000 HDG:-0.600 PX:133.900 PY:-20.000 LAN:2 BRK:0 RX_X:0.000 RX_Y:0.000 RX_Z:0.000
[ZONE-ROUTE] CID:1 zone=1 edge_port=9998
[EDGE-RTT] CID:1 wall=1.4 ms  sim_delay=10.0 ms
>>> [UAV->CLOUD] BLK:5006|TX:7.0.0.5|CID:1|TS:6.720|SPD:20.0|HDG:-0.6|PX:133.9|PY:-20.0|L...
[PASSIVE-BEACON] SIMNOW:6.734 CID:0 ZONE:1 RXUAV:1 EDGEPORT:9998 TS:6.720 SPD:19.700 HDG:1.700 PX:134.800 PY:-10.000 LAN:1 BRK:0 RX_X:0.000 RX_Y:0.000 RX_Z:0.000
[ZONE-ROUTE] CID:0 zone=1 edge_port=9998
[EDGE-RTT] CID:0 wall=2.3 ms  sim_delay=10.0 ms
>>> [UAV->CLOUD] BLK:2b7e|TX:7.0.0.4|CID:0|TS:6.720|SPD:19.7|HDG:1.7|PX:134.8|PY:-10.0|LA...
✓ [CAR 1] ACT=OK REP=0.947 RWD=1.000 PNL=0.000 CREDIT=9
✓ [CAR 0] ACT=OK REP=0.902 RWD=1.000 PNL=0.000 CREDIT=9
[PASSIVE-BEACON] SIMNOW:6.764 CID:5 ZONE:1 RXUAV:1 EDGEPORT:9998 TS:6.732 SPD:19.600 HDG:0.300 PX:155.100 PY:-10.000 LAN:1 BRK:0 RX_X:0.000 RX_Y:0.000 RX_Z:0.000
[ZONE-ROUTE] CID:5 zone=1 edge_port=9998
[EDGE-RTT] CID:5 wall=1.3 ms  sim_delay=10.0 ms
>>> [UAV->CLOUD] BLK:ef81|TX:7.0.0.9|CID:5|TS:6.732|SPD:19.6|HDG:0.3|PX:155.1|PY:-10.0|LA...
✓ [CAR 5] ACT=OK REP=0.949 RWD=1.000 PNL=0.000 CREDIT=8
[PASSIVE-BEACON] SIMNOW:6.805 CID:4 ZONE:1 RXUAV:1 EDGEPORT:9998 TS:6.790 SPD:20.300 HDG:1.700 PX:135.800 PY:-50.000 LAN:5 BRK:0 RX_X:0.000 RX_Y:0.000 RX_Z:0.000
[ZONE-ROUTE] CID:4 zone=1 edge_port=9998
[EDGE-RTT] CID:4 wall=1.3 ms  sim_delay=10.0 ms
>>> [UAV->CLOUD] BLK:3e47|TX:7.0.0.8|CID:4|TS:6.790|SPD:20.3|HDG:1.7|PX:135.8|PY:-50.0|LA...
✓ [CAR 4] ACT=OK REP=0.745 RWD=1.000 PNL=0.000 CREDIT=9
[PASSIVE-BEACON] SIMNOW:6.884 CID:2 ZONE:1 RXUAV:1 EDGEPORT:9998 TS:6.870 SPD:20.200 HDG:-0.600 PX:137.800 PY:-30.000 LAN:3 BRK:0 RX_X:0.000 RX_Y:0.000 RX_Z:0.000
[ZONE-ROUTE] CID:2 zone=1 edge_port=9998
[EDGE-RTT] CID:2 wall=1.0 ms  sim_delay=10.0 ms
>>> [UAV->CLOUD] BLK:df04|TX:7.0.0.6|CID:2|TS:6.870|SPD:20.2|HDG:-0.6|PX:137.8|PY:-30.0|L...
✓ [CAR 2] ACT=OK REP=0.726 RWD=1.000 PNL=0.000 CREDIT=8
[PASSIVE-BEACON] SIMNOW:6.995 CID:9 ZONE:1 RXUAV:1 EDGEPORT:9998 TS:6.982 SPD:19.600 HDG:1.900 PX:159.900 PY:-50.000 LAN:5 BRK:0 RX_X:0.000 RX_Y:0.000 RX_Z:0.000
[ZONE-ROUTE] CID:9 zone=1 edge_port=9998
[EDGE-RTT] CID:9 wall=1.3 ms  sim_delay=10.0 ms
>>> [UAV->CLOUD] BLK:d437|TX:7.0.0.13|CID:9|TS:6.982|SPD:19.6|HDG:1.9|PX:159.9|PY:-50.0|L...
[PASSIVE-BEACON] SIMNOW:7.006 CID:8 ZONE:1 RXUAV:1 EDGEPORT:9998 TS:6.992 SPD:20.000 HDG:1.500 PX:159.600 PY:-40.000 LAN:4 BRK:1 RX_X:0.000 RX_Y:0.000 RX_Z:0.000
[ZONE-ROUTE] CID:8 zone=1 edge_port=9998
[EDGE-RTT] CID:8 wall=1.0 ms  sim_delay=10.0 ms
>>> [UAV->CLOUD] BLK:12e9|TX:7.0.0.12|CID:8|TS:6.992|SPD:20.0|HDG:1.5|PX:159.6|PY:-40.0|L...
✓ [CAR 9] ACT=OK REP=0.820 RWD=1.000 PNL=0.000 CREDIT=8
✓ [CAR 8] ACT=OK REP=1.000 RWD=1.000 PNL=0.000 CREDIT=8
[PASSIVE-BEACON] SIMNOW:7.034 CID:3 ZONE:1 RXUAV:1 EDGEPORT:9998 TS:7.020 SPD:20.000 HDG:1.900 PX:140.600 PY:-40.000 LAN:4 BRK:0 RX_X:0.000 RX_Y:0.000 RX_Z:0.000
[ZONE-ROUTE] CID:3 zone=1 edge_port=9998
[EDGE-RTT] CID:3 wall=1.2 ms  sim_delay=10.0 ms
>>> [UAV->CLOUD] BLK:03ed|TX:7.0.0.7|CID:3|TS:7.020|SPD:20.0|HDG:1.9|PX:140.6|PY:-40.0|LA...
[PASSIVE-BEACON] SIMNOW:7.036 CID:6 ZONE:1 RXUAV:1 EDGEPORT:9998 TS:7.022 SPD:20.100 HDG:1.600 PX:159.700 PY:-20.000 LAN:2 BRK:0 RX_X:0.000 RX_Y:0.000 RX_Z:0.000
[ZONE-ROUTE] CID:6 zone=1 edge_port=9998
[EDGE-RTT] CID:6 wall=1.0 ms  sim_delay=10.0 ms
>>> [UAV->CLOUD] BLK:5ffc|TX:7.0.0.10|CID:6|TS:7.022|SPD:20.1|HDG:1.6|PX:159.7|PY:-20.0|L...
✓ [CAR 3] ACT=OK REP=1.000 RWD=1.000 PNL=0.000 CREDIT=8
✓ [CAR 6] ACT=OK REP=0.651 RWD=1.000 PNL=0.000 CREDIT=10
[PASSIVE-BEACON] SIMNOW:7.146 CID:7 ZONE:1 RXUAV:1 EDGEPORT:9998 TS:7.132 SPD:19.600 HDG:0.900 PX:163.300 PY:-30.000 LAN:3 BRK:0 RX_X:0.000 RX_Y:0.000 RX_Z:0.000
[ZONE-ROUTE] CID:7 zone=1 edge_port=9998
[EDGE-RTT] CID:7 wall=1.2 ms  sim_delay=10.0 ms
>>> [UAV->CLOUD] BLK:5885|TX:7.0.0.11|CID:7|TS:7.132|SPD:19.6|HDG:0.9|PX:163.3|PY:-30.0|L...
✓ [CAR 7] ACT=OK REP=0.905 RWD=1.000 PNL=0.000 CREDIT=10
[PASSIVE-BEACON] SIMNOW:7.234 CID:1 ZONE:1 RXUAV:1 EDGEPORT:9998 TS:7.220 SPD:19.700 HDG:-1.800 PX:144.700 PY:-20.000 LAN:2 BRK:0 RX_X:0.000 RX_Y:0.000 RX_Z:0.000
[ZONE-ROUTE] CID:1 zone=1 edge_port=9998
[EDGE-RTT] CID:1 wall=1.2 ms  sim_delay=10.0 ms
>>> [UAV->CLOUD] BLK:292f|TX:7.0.0.5|CID:1|TS:7.220|SPD:19.7|HDG:-1.8|PX:144.7|PY:-20.0|L...
[PASSIVE-BEACON] SIMNOW:7.234 CID:0 ZONE:1 RXUAV:1 EDGEPORT:9998 TS:7.220 SPD:19.800 HDG:1.500 PX:144.800 PY:-10.000 LAN:1 BRK:0 RX_X:0.000 RX_Y:0.000 RX_Z:0.000
[ZONE-ROUTE] CID:0 zone=1 edge_port=9998
[EDGE-RTT] CID:0 wall=2.1 ms  sim_delay=10.0 ms
>>> [UAV->CLOUD] BLK:a4b7|TX:7.0.0.4|CID:0|TS:7.220|SPD:19.8|HDG:1.5|PX:144.8|PY:-10.0|LA...
[PASSIVE-BEACON] SIMNOW:7.247 CID:5 ZONE:1 RXUAV:1 EDGEPORT:9998 TS:7.232 SPD:20.300 HDG:-0.900 PX:165.000 PY:-10.000 LAN:1 BRK:0 RX_X:0.000 RX_Y:0.000 RX_Z:0.000
[ZONE-ROUTE] CID:5 zone=1 edge_port=9998
[EDGE-RTT] CID:5 wall=0.8 ms  sim_delay=10.0 ms
>>> [UAV->CLOUD] BLK:7131|TX:7.0.0.9|CID:5|TS:7.232|SPD:20.3|HDG:-0.9|PX:165.0|PY:-10.0|L...
✓ [CAR 1] ACT=OK REP=0.949 RWD=1.000 PNL=0.000 CREDIT=10
✓ [CAR 0] ACT=OK REP=0.883 RWD=1.000 PNL=0.000 CREDIT=10
✓ [CAR 5] ACT=OK REP=0.835 RWD=1.000 PNL=0.000 CREDIT=9
[PASSIVE-BEACON] SIMNOW:7.304 CID:4 ZONE:1 RXUAV:1 EDGEPORT:9998 TS:7.290 SPD:20.400 HDG:1.700 PX:146.200 PY:-50.000 LAN:5 BRK:0 RX_X:0.000 RX_Y:0.000 RX_Z:0.000
[ZONE-ROUTE] CID:4 zone=1 edge_port=9998
[EDGE-RTT] CID:4 wall=1.2 ms  sim_delay=10.0 ms
>>> [UAV->CLOUD] BLK:c85e|TX:7.0.0.8|CID:4|TS:7.290|SPD:20.4|HDG:1.7|PX:146.2|PY:-50.0|LA...
✓ [CAR 4] ACT=OK REP=0.850 RWD=1.000 PNL=0.000 CREDIT=10
[PASSIVE-BEACON] SIMNOW:7.384 CID:2 ZONE:1 RXUAV:1 EDGEPORT:9998 TS:7.370 SPD:19.900 HDG:0.000 PX:147.800 PY:-30.000 LAN:3 BRK:0 RX_X:0.000 RX_Y:0.000 RX_Z:0.000
[ZONE-ROUTE] CID:2 zone=1 edge_port=9998
[EDGE-RTT] CID:2 wall=1.2 ms  sim_delay=10.0 ms
>>> [UAV->CLOUD] BLK:8a23|TX:7.0.0.6|CID:2|TS:7.370|SPD:19.9|HDG:0.0|PX:147.8|PY:-30.0|LA...
✓ [CAR 2] ACT=OK REP=0.959 RWD=1.000 PNL=0.000 CREDIT=9
[PASSIVE-BEACON] SIMNOW:7.496 CID:9 ZONE:1 RXUAV:1 EDGEPORT:9998 TS:7.482 SPD:19.900 HDG:-0.600 PX:169.400 PY:-50.000 LAN:5 BRK:0 RX_X:0.000 RX_Y:0.000 RX_Z:0.000
[ZONE-ROUTE] CID:9 zone=1 edge_port=9998
[EDGE-RTT] CID:9 wall=1.3 ms  sim_delay=10.0 ms
>>> [UAV->CLOUD] BLK:6dd5|TX:7.0.0.13|CID:9|TS:7.482|SPD:19.9|HDG:-0.6|PX:169.4|PY:-50.0|...
[PASSIVE-BEACON] SIMNOW:7.506 CID:8 ZONE:1 RXUAV:1 EDGEPORT:9998 TS:7.492 SPD:20.500 HDG:-0.900 PX:170.200 PY:-40.000 LAN:4 BRK:0 RX_X:0.000 RX_Y:0.000 RX_Z:0.000
[ZONE-ROUTE] CID:8 zone=1 edge_port=9998
[EDGE-RTT] CID:8 wall=1.1 ms  sim_delay=10.0 ms
>>> [UAV->CLOUD] BLK:1090|TX:7.0.0.12|CID:8|TS:7.492|SPD:20.5|HDG:-0.9|PX:170.2|PY:-40.0|...
✓ [CAR 9] ACT=OK REP=0.787 RWD=1.000 PNL=0.000 CREDIT=9
✓ [CAR 8] ACT=OK REP=0.701 RWD=1.000 PNL=0.000 CREDIT=9
[PASSIVE-BEACON] SIMNOW:7.533 CID:3 ZONE:1 RXUAV:1 EDGEPORT:9998 TS:7.520 SPD:20.400 HDG:0.000 PX:150.700 PY:-40.000 LAN:4 BRK:1 RX_X:0.000 RX_Y:0.000 RX_Z:0.000
[ZONE-ROUTE] CID:3 zone=1 edge_port=9998
[EDGE-RTT] CID:3 wall=1.4 ms  sim_delay=10.0 ms
>>> [UAV->CLOUD] BLK:0f28|TX:7.0.0.7|CID:3|TS:7.520|SPD:20.4|HDG:0.0|PX:150.7|PY:-40.0|LA...
[PASSIVE-BEACON] SIMNOW:7.536 CID:6 ZONE:1 RXUAV:1 EDGEPORT:9998 TS:7.522 SPD:19.800 HDG:-0.300 PX:170.100 PY:-20.000 LAN:2 BRK:1 RX_X:0.000 RX_Y:0.000 RX_Z:0.000
[ZONE-ROUTE] CID:6 zone=1 edge_port=9998
[EDGE-RTT] CID:6 wall=0.6 ms  sim_delay=10.0 ms
>>> [UAV->CLOUD] BLK:151d|TX:7.0.0.10|CID:6|TS:7.522|SPD:19.8|HDG:-0.3|PX:170.1|PY:-20.0|...
✓ [CAR 3] ACT=OK REP=0.606 RWD=1.000 PNL=0.000 CREDIT=9
✓ [CAR 6] ACT=OK REP=0.846 RWD=1.000 PNL=0.000 CREDIT=11
[PASSIVE-BEACON] SIMNOW:7.645 CID:7 ZONE:1 RXUAV:1 EDGEPORT:9998 TS:7.632 SPD:19.600 HDG:0.200 PX:173.200 PY:-30.000 LAN:3 BRK:0 RX_X:0.000 RX_Y:0.000 RX_Z:0.000
[ZONE-ROUTE] CID:7 zone=1 edge_port=9998
[EDGE-RTT] CID:7 wall=1.4 ms  sim_delay=10.0 ms
>>> [UAV->CLOUD] BLK:aa18|TX:7.0.0.11|CID:7|TS:7.632|SPD:19.6|HDG:0.2|PX:173.2|PY:-30.0|L...
✓ [CAR 7] ACT=OK REP=0.630 RWD=1.000 PNL=0.000 CREDIT=11
[PASSIVE-BEACON] SIMNOW:7.734 CID:1 ZONE:1 RXUAV:1 EDGEPORT:9998 TS:7.720 SPD:20.000 HDG:1.500 PX:154.400 PY:-20.000 LAN:2 BRK:0 RX_X:0.000 RX_Y:0.000 RX_Z:0.000
[ZONE-ROUTE] CID:1 zone=1 edge_port=9998
[EDGE-RTT] CID:1 wall=5.9 ms  sim_delay=10.0 ms
>>> [UAV->CLOUD] BLK:fa2e|TX:7.0.0.5|CID:1|TS:7.720|SPD:20.0|HDG:1.5|PX:154.4|PY:-20.0|LA...
[PASSIVE-BEACON] SIMNOW:7.734 CID:0 ZONE:1 RXUAV:1 EDGEPORT:9998 TS:7.720 SPD:19.500 HDG:-0.500 PX:155.000 PY:-10.000 LAN:1 BRK:0 RX_X:0.000 RX_Y:0.000 RX_Z:0.000
[ZONE-ROUTE] CID:0 zone=1 edge_port=9998
[EDGE-RTT] CID:0 wall=2.6 ms  sim_delay=10.0 ms
>>> [UAV->CLOUD] BLK:0a8e|TX:7.0.0.4|CID:0|TS:7.720|SPD:19.5|HDG:-0.5|PX:155.0|PY:-10.0|L...
[PASSIVE-BEACON] SIMNOW:7.749 CID:5 ZONE:1 RXUAV:1 EDGEPORT:9998 TS:7.732 SPD:20.200 HDG:1.400 PX:174.800 PY:-10.000 LAN:1 BRK:0 RX_X:0.000 RX_Y:0.000 RX_Z:0.000
[ZONE-ROUTE] CID:5 zone=1 edge_port=9998
[EDGE-RTT] CID:5 wall=1.2 ms  sim_delay=10.0 ms
>>> [UAV->CLOUD] BLK:7629|TX:7.0.0.9|CID:5|TS:7.732|SPD:20.2|HDG:1.4|PX:174.8|PY:-10.0|LA...
✓ [CAR 0] ACT=OK REP=1.000 RWD=1.000 PNL=0.000 CREDIT=11
✓ [CAR 1] ACT=OK REP=1.000 RWD=1.000 PNL=0.000 CREDIT=11
✓ [CAR 5] ACT=OK REP=1.000 RWD=1.000 PNL=0.000 CREDIT=10
[PASSIVE-BEACON] SIMNOW:7.802 CID:4 ZONE:1 RXUAV:1 EDGEPORT:9998 TS:7.790 SPD:19.500 HDG:1.200 PX:155.200 PY:-50.000 LAN:5 BRK:0 RX_X:0.000 RX_Y:0.000 RX_Z:0.000
[ZONE-ROUTE] CID:4 zone=1 edge_port=9998
[EDGE-RTT] CID:4 wall=1.3 ms  sim_delay=10.0 ms
>>> [UAV->CLOUD] BLK:d0c2|TX:7.0.0.8|CID:4|TS:7.790|SPD:19.5|HDG:1.2|PX:155.2|PY:-50.0|LA...
✓ [CAR 4] ACT=OK REP=0.765 RWD=1.000 PNL=0.000 CREDIT=11
[PASSIVE-BEACON] SIMNOW:7.884 CID:2 ZONE:1 RXUAV:1 EDGEPORT:9998 TS:7.870 SPD:19.800 HDG:0.200 PX:157.000 PY:-30.000 LAN:3 BRK:0 RX_X:0.000 RX_Y:0.000 RX_Z:0.000
[ZONE-ROUTE] CID:2 zone=1 edge_port=9998
[EDGE-RTT] CID:2 wall=1.3 ms  sim_delay=10.0 ms
>>> [UAV->CLOUD] BLK:033c|TX:7.0.0.6|CID:2|TS:7.870|SPD:19.8|HDG:0.2|PX:157.0|PY:-30.0|LA...
✓ [CAR 2] ACT=OK REP=1.000 RWD=1.000 PNL=0.000 CREDIT=10
[PASSIVE-BEACON] SIMNOW:7.996 CID:9 ZONE:1 RXUAV:1 EDGEPORT:9998 TS:7.982 SPD:20.100 HDG:-1.400 PX:179.000 PY:-50.000 LAN:5 BRK:0 RX_X:0.000 RX_Y:0.000 RX_Z:0.000
[ZONE-ROUTE] CID:9 zone=1 edge_port=9998
[EDGE-RTT] CID:9 wall=1.4 ms  sim_delay=10.0 ms
>>> [UAV->CLOUD] BLK:e52c|TX:7.0.0.13|CID:9|TS:7.982|SPD:20.1|HDG:-1.4|PX:179.0|PY:-50.0|...
[PASSIVE-BEACON] SIMNOW:8.006 CID:8 ZONE:1 RXUAV:1 EDGEPORT:9998 TS:7.992 SPD:20.400 HDG:-2.000 PX:179.600 PY:-40.000 LAN:4 BRK:0 RX_X:0.000 RX_Y:0.000 RX_Z:0.000
[ZONE-ROUTE] CID:8 zone=1 edge_port=9998
[EDGE-RTT] CID:8 wall=1.1 ms  sim_delay=10.0 ms
>>> [UAV->CLOUD] BLK:551d|TX:7.0.0.12|CID:8|TS:7.992|SPD:20.4|HDG:-2.0|PX:179.6|PY:-40.0|...
✓ [CAR 9] ACT=OK REP=0.898 RWD=1.000 PNL=0.000 CREDIT=10
✓ [CAR 8] ACT=OK REP=0.987 RWD=1.000 PNL=0.000 CREDIT=10
[PASSIVE-BEACON] SIMNOW:8.034 CID:3 ZONE:1 RXUAV:1 EDGEPORT:9998 TS:8.020 SPD:20.300 HDG:0.900 PX:160.000 PY:-40.000 LAN:4 BRK:0 RX_X:0.000 RX_Y:0.000 RX_Z:0.000
[ZONE-ROUTE] CID:3 zone=1 edge_port=9998
[EDGE-RTT] CID:3 wall=1.3 ms  sim_delay=10.0 ms
>>> [UAV->CLOUD] BLK:f593|TX:7.0.0.7|CID:3|TS:8.020|SPD:20.3|HDG:0.9|PX:160.0|PY:-40.0|LA...
[PASSIVE-BEACON] SIMNOW:8.036 CID:6 ZONE:1 RXUAV:1 EDGEPORT:9998 TS:8.022 SPD:20.100 HDG:-0.300 PX:180.400 PY:-20.000 LAN:2 BRK:0 RX_X:0.000 RX_Y:0.000 RX_Z:0.000
[ZONE-ROUTE] CID:6 zone=1 edge_port=9998
[EDGE-RTT] CID:6 wall=0.8 ms  sim_delay=10.0 ms
>>> [UAV->CLOUD] BLK:c42f|TX:7.0.0.10|CID:6|TS:8.022|SPD:20.1|HDG:-0.3|PX:180.4|PY:-20.0|...
✓ [CAR 3] ACT=OK REP=0.883 RWD=1.000 PNL=0.000 CREDIT=10
✓ [CAR 6] ACT=OK REP=0.906 RWD=1.000 PNL=0.000 CREDIT=12
[PASSIVE-BEACON] SIMNOW:8.147 CID:7 ZONE:1 RXUAV:1 EDGEPORT:9998 TS:8.132 SPD:20.300 HDG:0.500 PX:182.700 PY:-30.000 LAN:3 BRK:0 RX_X:0.000 RX_Y:0.000 RX_Z:0.000
[ZONE-ROUTE] CID:7 zone=1 edge_port=9998
[EDGE-RTT] CID:7 wall=1.4 ms  sim_delay=10.0 ms
>>> [UAV->CLOUD] BLK:457b|TX:7.0.0.11|CID:7|TS:8.132|SPD:20.3|HDG:0.5|PX:182.7|PY:-30.0|L...
✓ [CAR 7] ACT=OK REP=0.744 RWD=1.000 PNL=0.000 CREDIT=12
[PASSIVE-BEACON] SIMNOW:8.234 CID:1 ZONE:1 RXUAV:1 EDGEPORT:9998 TS:8.220 SPD:20.300 HDG:-1.900 PX:164.400 PY:-20.000 LAN:2 BRK:0 RX_X:0.000 RX_Y:0.000 RX_Z:0.000
[ZONE-ROUTE] CID:1 zone=1 edge_port=9998
[EDGE-RTT] CID:1 wall=1.3 ms  sim_delay=10.0 ms
>>> [UAV->CLOUD] BLK:fac6|TX:7.0.0.5|CID:1|TS:8.220|SPD:20.3|HDG:-1.9|PX:164.4|PY:-20.0|L...
[PASSIVE-BEACON] SIMNOW:8.234 CID:0 ZONE:1 RXUAV:1 EDGEPORT:9998 TS:8.220 SPD:19.800 HDG:-0.900 PX:164.500 PY:-10.000 LAN:1 BRK:0 RX_X:0.000 RX_Y:0.000 RX_Z:0.000
[ZONE-ROUTE] CID:0 zone=1 edge_port=9998
[EDGE-RTT] CID:0 wall=1.9 ms  sim_delay=10.0 ms
>>> [UAV->CLOUD] BLK:d141|TX:7.0.0.4|CID:0|TS:8.220|SPD:19.8|HDG:-0.9|PX:164.5|PY:-10.0|L...
✓ [CAR 0] ACT=OK REP=0.982 RWD=1.000 PNL=0.000 CREDIT=12
✓ [CAR 1] ACT=OK REP=0.998 RWD=1.000 PNL=0.000 CREDIT=12
[PASSIVE-BEACON] SIMNOW:8.252 CID:5 ZONE:1 RXUAV:1 EDGEPORT:9998 TS:8.232 SPD:19.800 HDG:-0.600 PX:184.800 PY:-10.000 LAN:1 BRK:0 RX_X:0.000 RX_Y:0.000 RX_Z:0.000
[ZONE-ROUTE] CID:5 zone=1 edge_port=9998
[EDGE-RTT] CID:5 wall=1.4 ms  sim_delay=10.0 ms
>>> [UAV->CLOUD] BLK:4eae|TX:7.0.0.9|CID:5|TS:8.232|SPD:19.8|HDG:-0.6|PX:184.8|PY:-10.0|L...
✓ [CAR 5] ACT=OK REP=0.786 RWD=1.000 PNL=0.000 CREDIT=11
[PASSIVE-BEACON] SIMNOW:8.304 CID:4 ZONE:1 RXUAV:1 EDGEPORT:9998 TS:8.290 SPD:19.900 HDG:0.900 PX:165.500 PY:-50.000 LAN:5 BRK:0 RX_X:0.000 RX_Y:0.000 RX_Z:0.000
[ZONE-ROUTE] CID:4 zone=1 edge_port=9998
[EDGE-RTT] CID:4 wall=1.2 ms  sim_delay=10.0 ms
>>> [UAV->CLOUD] BLK:4067|TX:7.0.0.8|CID:4|TS:8.290|SPD:19.9|HDG:0.9|PX:165.5|PY:-50.0|LA...
✓ [CAR 4] ACT=OK REP=0.842 RWD=1.000 PNL=0.000 CREDIT=12
[PASSIVE-BEACON] SIMNOW:8.384 CID:2 ZONE:1 RXUAV:1 EDGEPORT:9998 TS:8.370 SPD:19.500 HDG:1.800 PX:168.000 PY:-30.000 LAN:3 BRK:0 RX_X:0.000 RX_Y:0.000 RX_Z:0.000
[ZONE-ROUTE] CID:2 zone=1 edge_port=9998
[EDGE-RTT] CID:2 wall=1.2 ms  sim_delay=10.0 ms
>>> [UAV->CLOUD] BLK:da6c|TX:7.0.0.6|CID:2|TS:8.370|SPD:19.5|HDG:1.8|PX:168.0|PY:-30.0|LA...
✓ [CAR 2] ACT=OK REP=1.000 RWD=1.000 PNL=0.000 CREDIT=11
[PASSIVE-BEACON] SIMNOW:8.496 CID:9 ZONE:1 RXUAV:1 EDGEPORT:9998 TS:8.482 SPD:20.300 HDG:1.400 PX:189.100 PY:-50.000 LAN:5 BRK:0 RX_X:0.000 RX_Y:0.000 RX_Z:0.000
[ZONE-ROUTE] CID:9 zone=1 edge_port=9998
[EDGE-RTT] CID:9 wall=1.2 ms  sim_delay=10.0 ms
>>> [UAV->CLOUD] BLK:e199|TX:7.0.0.13|CID:9|TS:8.482|SPD:20.3|HDG:1.4|PX:189.1|PY:-50.0|L...
[PASSIVE-BEACON] SIMNOW:8.506 CID:8 ZONE:1 RXUAV:1 EDGEPORT:9998 TS:8.492 SPD:20.400 HDG:-1.400 PX:189.800 PY:-40.000 LAN:4 BRK:0 RX_X:0.000 RX_Y:0.000 RX_Z:0.000
[ZONE-ROUTE] CID:8 zone=1 edge_port=9998
[EDGE-RTT] CID:8 wall=1.2 ms  sim_delay=10.0 ms
>>> [UAV->CLOUD] BLK:7338|TX:7.0.0.12|CID:8|TS:8.492|SPD:20.4|HDG:-1.4|PX:189.8|PY:-40.0|...
✓ [CAR 9] ACT=OK REP=0.987 RWD=1.000 PNL=0.000 CREDIT=11
✓ [CAR 8] ACT=OK REP=1.000 RWD=1.000 PNL=0.000 CREDIT=11
[PASSIVE-BEACON] SIMNOW:8.534 CID:3 ZONE:1 RXUAV:1 EDGEPORT:9998 TS:8.520 SPD:19.600 HDG:1.300 PX:169.900 PY:-40.000 LAN:4 BRK:0 RX_X:0.000 RX_Y:0.000 RX_Z:0.000
[ZONE-ROUTE] CID:3 zone=1 edge_port=9998
[EDGE-RTT] CID:3 wall=1.1 ms  sim_delay=10.0 ms
>>> [UAV->CLOUD] BLK:9407|TX:7.0.0.7|CID:3|TS:8.520|SPD:19.6|HDG:1.3|PX:169.9|PY:-40.0|LA...
[PASSIVE-BEACON] SIMNOW:8.536 CID:6 ZONE:1 RXUAV:1 EDGEPORT:9998 TS:8.522 SPD:20.100 HDG:-0.900 PX:190.300 PY:-20.000 LAN:2 BRK:0 RX_X:0.000 RX_Y:0.000 RX_Z:0.000
[ZONE-ROUTE] CID:6 zone=1 edge_port=9998
[EDGE-RTT] CID:6 wall=1.1 ms  sim_delay=10.0 ms
>>> [UAV->CLOUD] BLK:b9fd|TX:7.0.0.10|CID:6|TS:8.522|SPD:20.1|HDG:-0.9|PX:190.3|PY:-20.0|...
✓ [CAR 3] ACT=OK REP=0.838 RWD=1.000 PNL=0.000 CREDIT=11
✓ [CAR 6] ACT=OK REP=0.667 RWD=1.000 PNL=0.000 CREDIT=13
[PASSIVE-BEACON] SIMNOW:8.646 CID:7 ZONE:1 RXUAV:1 EDGEPORT:9998 TS:8.632 SPD:19.600 HDG:-1.500 PX:192.900 PY:-30.000 LAN:3 BRK:0 RX_X:0.000 RX_Y:0.000 RX_Z:0.000
[ZONE-ROUTE] CID:7 zone=1 edge_port=9998
[EDGE-RTT] CID:7 wall=1.3 ms  sim_delay=10.0 ms
>>> [UAV->CLOUD] BLK:9d65|TX:7.0.0.11|CID:7|TS:8.632|SPD:19.6|HDG:-1.5|PX:192.9|PY:-30.0|...
✓ [CAR 7] ACT=OK REP=0.931 RWD=1.000 PNL=0.000 CREDIT=13
[PASSIVE-BEACON] SIMNOW:8.734 CID:1 ZONE:1 RXUAV:1 EDGEPORT:9998 TS:8.720 SPD:20.000 HDG:-1.700 PX:173.800 PY:-20.000 LAN:2 BRK:0 RX_X:0.000 RX_Y:0.000 RX_Z:0.000
[ZONE-ROUTE] CID:1 zone=1 edge_port=9998
[EDGE-RTT] CID:1 wall=1.2 ms  sim_delay=10.0 ms
>>> [UAV->CLOUD] BLK:2ee8|TX:7.0.0.5|CID:1|TS:8.720|SPD:20.0|HDG:-1.7|PX:173.8|PY:-20.0|L...
[PASSIVE-BEACON] SIMNOW:8.734 CID:0 ZONE:1 RXUAV:1 EDGEPORT:9998 TS:8.720 SPD:19.900 HDG:0.300 PX:173.900 PY:-10.000 LAN:1 BRK:1 RX_X:0.000 RX_Y:0.000 RX_Z:0.000
[ZONE-ROUTE] CID:0 zone=1 edge_port=9998
[EDGE-RTT] CID:0 wall=1.8 ms  sim_delay=10.0 ms
>>> [UAV->CLOUD] BLK:c549|TX:7.0.0.4|CID:0|TS:8.720|SPD:19.9|HDG:0.3|PX:173.9|PY:-10.0|LA...
✓ [CAR 0] ACT=OK REP=1.000 RWD=1.000 PNL=0.000 CREDIT=13
✓ [CAR 1] ACT=OK REP=1.000 RWD=1.000 PNL=0.000 CREDIT=13
[PASSIVE-BEACON] SIMNOW:8.748 CID:5 ZONE:1 RXUAV:1 EDGEPORT:9998 TS:8.732 SPD:19.800 HDG:-1.300 PX:194.400 PY:-10.000 LAN:1 BRK:0 RX_X:0.000 RX_Y:0.000 RX_Z:0.000
[ZONE-ROUTE] CID:5 zone=1 edge_port=9998
[EDGE-RTT] CID:5 wall=1.1 ms  sim_delay=10.0 ms
>>> [UAV->CLOUD] BLK:e84a|TX:7.0.0.9|CID:5|TS:8.732|SPD:19.8|HDG:-1.3|PX:194.4|PY:-10.0|L...
✓ [CAR 5] ACT=OK REP=0.789 RWD=1.000 PNL=0.000 CREDIT=12
[PASSIVE-BEACON] SIMNOW:8.804 CID:4 ZONE:1 RXUAV:1 EDGEPORT:9998 TS:8.790 SPD:20.000 HDG:-1.300 PX:176.100 PY:-50.000 LAN:5 BRK:0 RX_X:0.000 RX_Y:0.000 RX_Z:0.000
[ZONE-ROUTE] CID:4 zone=1 edge_port=9998
[EDGE-RTT] CID:4 wall=1.1 ms  sim_delay=10.0 ms
>>> [UAV->CLOUD] BLK:92a8|TX:7.0.0.8|CID:4|TS:8.790|SPD:20.0|HDG:-1.3|PX:176.1|PY:-50.0|L...
✓ [CAR 4] ACT=OK REP=1.000 RWD=1.000 PNL=0.000 CREDIT=13
[PASSIVE-BEACON] SIMNOW:8.884 CID:2 ZONE:1 RXUAV:1 EDGEPORT:9998 TS:8.870 SPD:19.700 HDG:-0.200 PX:176.800 PY:-30.000 LAN:3 BRK:0 RX_X:0.000 RX_Y:0.000 RX_Z:0.000
[ZONE-ROUTE] CID:2 zone=1 edge_port=9998
[EDGE-RTT] CID:2 wall=1.2 ms  sim_delay=10.0 ms
>>> [UAV->CLOUD] BLK:8652|TX:7.0.0.6|CID:2|TS:8.870|SPD:19.7|HDG:-0.2|PX:176.8|PY:-30.0|L...
✓ [CAR 2] ACT=OK REP=0.790 RWD=1.000 PNL=0.000 CREDIT=12
[PASSIVE-BEACON] SIMNOW:8.996 CID:9 ZONE:1 RXUAV:1 EDGEPORT:9998 TS:8.982 SPD:19.600 HDG:0.800 PX:199.000 PY:-50.000 LAN:5 BRK:0 RX_X:0.000 RX_Y:0.000 RX_Z:0.000
[ZONE-ROUTE] CID:9 zone=1 edge_port=9998
[EDGE-RTT] CID:9 wall=1.2 ms  sim_delay=10.0 ms
>>> [UAV->CLOUD] BLK:9973|TX:7.0.0.13|CID:9|TS:8.982|SPD:19.6|HDG:0.8|PX:199.0|PY:-50.0|L...
[PASSIVE-BEACON] SIMNOW:9.006 CID:8 ZONE:1 RXUAV:1 EDGEPORT:9998 TS:8.992 SPD:19.600 HDG:-1.600 PX:200.600 PY:-40.000 LAN:4 BRK:0 RX_X:0.000 RX_Y:0.000 RX_Z:0.000
[ZONE-ROUTE] CID:8 zone=1 edge_port=9998
[EDGE-RTT] CID:8 wall=0.8 ms  sim_delay=10.0 ms
>>> [UAV->CLOUD] BLK:0d97|TX:7.0.0.12|CID:8|TS:8.992|SPD:19.6|HDG:-1.6|PX:200.6|PY:-40.0|...
✓ [CAR 9] ACT=OK REP=0.927 RWD=1.000 PNL=0.000 CREDIT=12
✓ [CAR 8] ACT=OK REP=0.946 RWD=1.000 PNL=0.000 CREDIT=12
[PASSIVE-BEACON] SIMNOW:9.034 CID:6 ZONE:1 RXUAV:1 EDGEPORT:9998 TS:9.022 SPD:20.000 HDG:0.200 PX:199.700 PY:-20.000 LAN:2 BRK:0 RX_X:0.000 RX_Y:0.000 RX_Z:0.000
[ZONE-ROUTE] CID:6 zone=1 edge_port=9998
[EDGE-RTT] CID:6 wall=1.4 ms  sim_delay=10.0 ms
[TRUST-UPGRADE] CID:6 earned LANE_UPGRADE after 15 clean packets → lane 0 + 2.0 m/s
>>> [UAV->CLOUD] BLK:fa86|TX:7.0.0.10|CID:6|TS:9.022|SPD:20.0|HDG:0.2|PX:199.7|PY:-20.0|L...
[PASSIVE-BEACON] SIMNOW:9.034 CID:3 ZONE:1 RXUAV:1 EDGEPORT:9998 TS:9.020 SPD:19.800 HDG:-1.700 PX:180.400 PY:-40.000 LAN:4 BRK:0 RX_X:0.000 RX_Y:0.000 RX_Z:0.000
[ZONE-ROUTE] CID:3 zone=1 edge_port=9998
[EDGE-RTT] CID:3 wall=2.1 ms  sim_delay=10.0 ms
>>> [UAV->CLOUD] BLK:dd50|TX:7.0.0.7|CID:3|TS:9.020|SPD:19.8|HDG:-1.7|PX:180.4|PY:-40.0|L...
[TRUST-APPLIED] CID:6 LANE_UPGRADE → logical reward only; telemetry lane unchanged lane=2 speed unchanged=20.0 m/s [reward-speed disabled to avoid M1 false positive]
✓ [CAR 6] ACT=OK REP=0.500 RWD=1.500 PNL=0.000 CREDIT=15
✓ [CAR 6] ACT=OK REP=0.932 RWD=1.000 PNL=0.000 CREDIT=14
✓ [CAR 3] ACT=OK REP=1.000 RWD=1.000 PNL=0.000 CREDIT=12
[PASSIVE-BEACON] SIMNOW:9.146 CID:7 ZONE:1 RXUAV:1 EDGEPORT:9998 TS:9.132 SPD:19.700 HDG:1.400 PX:203.000 PY:-30.000 LAN:3 BRK:1 RX_X:0.000 RX_Y:0.000 RX_Z:0.000
[ZONE-ROUTE] CID:7 zone=1 edge_port=9998
[EDGE-RTT] CID:7 wall=1.3 ms  sim_delay=10.0 ms
[TRUST-UPGRADE] CID:7 earned LANE_UPGRADE after 15 clean packets → lane 0 + 2.0 m/s
>>> [UAV->CLOUD] BLK:cf88|TX:7.0.0.11|CID:7|TS:9.132|SPD:19.7|HDG:1.4|PX:203.0|PY:-30.0|L...
[TRUST-APPLIED] CID:7 LANE_UPGRADE → logical reward only; telemetry lane unchanged lane=3 speed unchanged=20.0 m/s [reward-speed disabled to avoid M1 false positive]
✓ [CAR 7] ACT=OK REP=0.500 RWD=1.500 PNL=0.000 CREDIT=15
✓ [CAR 7] ACT=OK REP=0.771 RWD=1.000 PNL=0.000 CREDIT=14
[PASSIVE-BEACON] SIMNOW:9.234 CID:1 ZONE:1 RXUAV:1 EDGEPORT:9998 TS:9.220 SPD:20.100 HDG:0.000 PX:184.100 PY:-20.000 LAN:2 BRK:0 RX_X:0.000 RX_Y:0.000 RX_Z:0.000
[ZONE-ROUTE] CID:1 zone=1 edge_port=9998
[EDGE-RTT] CID:1 wall=1.1 ms  sim_delay=10.0 ms
[TRUST-UPGRADE] CID:1 earned LANE_UPGRADE after 15 clean packets → lane 0 + 2.0 m/s
>>> [UAV->CLOUD] BLK:018a|TX:7.0.0.5|CID:1|TS:9.220|SPD:20.1|HDG:0.0|PX:184.1|PY:-20.0|LA...
[PASSIVE-BEACON] SIMNOW:9.234 CID:0 ZONE:1 RXUAV:1 EDGEPORT:9998 TS:9.220 SPD:20.000 HDG:-1.500 PX:185.000 PY:-10.000 LAN:1 BRK:0 RX_X:0.000 RX_Y:0.000 RX_Z:0.000
[ZONE-ROUTE] CID:0 zone=1 edge_port=9998
[EDGE-RTT] CID:0 wall=2.4 ms  sim_delay=10.0 ms
[TRUST-UPGRADE] CID:0 earned LANE_UPGRADE after 15 clean packets → lane 0 + 2.0 m/s
>>> [UAV->CLOUD] BLK:6368|TX:7.0.0.4|CID:0|TS:9.220|SPD:20.0|HDG:-1.5|PX:185.0|PY:-10.0|L...
[PASSIVE-BEACON] SIMNOW:9.244 CID:5 ZONE:1 RXUAV:1 EDGEPORT:9998 TS:9.232 SPD:19.800 HDG:-0.900 PX:205.000 PY:-10.000 LAN:1 BRK:1 RX_X:0.000 RX_Y:0.000 RX_Z:0.000
[ZONE-ROUTE] CID:5 zone=1 edge_port=9998
[EDGE-RTT] CID:5 wall=1.1 ms  sim_delay=10.0 ms
>>> [UAV->CLOUD] BLK:3e11|TX:7.0.0.9|CID:5|TS:9.232|SPD:19.8|HDG:-0.9|PX:205.0|PY:-10.0|L...
[TRUST-APPLIED] CID:1 LANE_UPGRADE → logical reward only; telemetry lane unchanged lane=2 speed unchanged=20.0 m/s [reward-speed disabled to avoid M1 false positive]
✓ [CAR 1] ACT=OK REP=0.500 RWD=1.500 PNL=0.000 CREDIT=15
[TRUST-APPLIED] CID:0 LANE_UPGRADE → logical reward only; telemetry lane unchanged lane=1 speed unchanged=20.000 m/s [reward-speed disabled to avoid M1 false positive]
✓ [CAR 0] ACT=OK REP=0.500 RWD=1.500 PNL=0.000 CREDIT=15
✓ [CAR 1] ACT=OK REP=1.000 RWD=1.000 PNL=0.000 CREDIT=14
✓ [CAR 0] ACT=OK REP=0.678 RWD=1.000 PNL=0.000 CREDIT=14
✓ [CAR 5] ACT=OK REP=0.702 RWD=1.000 PNL=0.000 CREDIT=13
[PASSIVE-BEACON] SIMNOW:9.303 CID:4 ZONE:1 RXUAV:1 EDGEPORT:9998 TS:9.290 SPD:20.400 HDG:-0.600 PX:185.600 PY:-50.000 LAN:5 BRK:1 RX_X:0.000 RX_Y:0.000 RX_Z:0.000
[ZONE-ROUTE] CID:4 zone=1 edge_port=9998
[EDGE-RTT] CID:4 wall=1.3 ms  sim_delay=10.0 ms
[TRUST-UPGRADE] CID:4 earned LANE_UPGRADE after 15 clean packets → lane 0 + 2.0 m/s
>>> [UAV->CLOUD] BLK:5b8f|TX:7.0.0.8|CID:4|TS:9.290|SPD:20.4|HDG:-0.6|PX:185.6|PY:-50.0|L...
[TRUST-APPLIED] CID:4 LANE_UPGRADE → logical reward only; telemetry lane unchanged lane=5 speed unchanged=20.0 m/s [reward-speed disabled to avoid M1 false positive]
✓ [CAR 4] ACT=OK REP=0.500 RWD=1.500 PNL=0.000 CREDIT=15
✓ [CAR 4] ACT=OK REP=0.676 RWD=1.000 PNL=0.000 CREDIT=14
[PASSIVE-BEACON] SIMNOW:9.384 CID:2 ZONE:1 RXUAV:1 EDGEPORT:9998 TS:9.370 SPD:20.200 HDG:0.500 PX:187.400 PY:-30.000 LAN:3 BRK:0 RX_X:0.000 RX_Y:0.000 RX_Z:0.000
[ZONE-ROUTE] CID:2 zone=1 edge_port=9998
[EDGE-RTT] CID:2 wall=1.2 ms  sim_delay=10.0 ms
>>> [UAV->CLOUD] BLK:0c94|TX:7.0.0.6|CID:2|TS:9.370|SPD:20.2|HDG:0.5|PX:187.4|PY:-30.0|LA...
✓ [CAR 2] ACT=OK REP=0.914 RWD=1.000 PNL=0.000 CREDIT=13
[PASSIVE-BEACON] SIMNOW:9.496 CID:9 ZONE:1 RXUAV:1 EDGEPORT:9998 TS:9.482 SPD:20.100 HDG:-0.300 PX:209.500 PY:-50.000 LAN:5 BRK:0 RX_X:0.000 RX_Y:0.000 RX_Z:0.000
[ZONE-ROUTE] CID:9 zone=1 edge_port=9998
[EDGE-RTT] CID:9 wall=1.2 ms  sim_delay=10.0 ms
>>> [UAV->CLOUD] BLK:a32b|TX:7.0.0.13|CID:9|TS:9.482|SPD:20.1|HDG:-0.3|PX:209.5|PY:-50.0|...
[PASSIVE-BEACON] SIMNOW:9.504 CID:8 ZONE:1 RXUAV:1 EDGEPORT:9998 TS:9.492 SPD:19.600 HDG:-1.500 PX:209.300 PY:-40.000 LAN:4 BRK:0 RX_X:0.000 RX_Y:0.000 RX_Z:0.000
[ZONE-ROUTE] CID:8 zone=1 edge_port=9998
[EDGE-RTT] CID:8 wall=1.0 ms  sim_delay=10.0 ms
>>> [UAV->CLOUD] BLK:4fb8|TX:7.0.0.12|CID:8|TS:9.492|SPD:19.6|HDG:-1.5|PX:209.3|PY:-40.0|...
✓ [CAR 9] ACT=OK REP=1.000 RWD=1.000 PNL=0.000 CREDIT=13
✓ [CAR 8] ACT=OK REP=1.000 RWD=1.000 PNL=0.000 CREDIT=13
[PASSIVE-BEACON] SIMNOW:9.534 CID:3 ZONE:1 RXUAV:1 EDGEPORT:9998 TS:9.520 SPD:19.600 HDG:-1.800 PX:191.100 PY:-40.000 LAN:4 BRK:0 RX_X:0.000 RX_Y:0.000 RX_Z:0.000
[ZONE-ROUTE] CID:3 zone=1 edge_port=9998
[EDGE-RTT] CID:3 wall=1.2 ms  sim_delay=10.0 ms
>>> [UAV->CLOUD] BLK:3920|TX:7.0.0.7|CID:3|TS:9.520|SPD:19.6|HDG:-1.8|PX:191.1|PY:-40.0|L...
[PASSIVE-BEACON] SIMNOW:9.536 CID:6 ZONE:1 RXUAV:1 EDGEPORT:9998 TS:9.522 SPD:20.300 HDG:-0.600 PX:211.000 PY:-20.000 LAN:2 BRK:0 RX_X:0.000 RX_Y:0.000 RX_Z:0.000
[ZONE-ROUTE] CID:6 zone=1 edge_port=9998
[EDGE-RTT] CID:6 wall=1.0 ms  sim_delay=10.0 ms
>>> [UAV->CLOUD] BLK:afb0|TX:7.0.0.10|CID:6|TS:9.522|SPD:20.3|HDG:-0.6|PX:211.0|PY:-20.0|...
✓ [CAR 3] ACT=OK REP=1.000 RWD=1.000 PNL=0.000 CREDIT=13
✓ [CAR 6] ACT=OK REP=0.719 RWD=1.000 PNL=0.000 CREDIT=15
[PASSIVE-BEACON] SIMNOW:9.646 CID:7 ZONE:1 RXUAV:1 EDGEPORT:9998 TS:9.632 SPD:20.000 HDG:-1.500 PX:211.900 PY:-30.000 LAN:3 BRK:0 RX_X:0.000 RX_Y:0.000 RX_Z:0.000
[ZONE-ROUTE] CID:7 zone=1 edge_port=9998
[EDGE-RTT] CID:7 wall=1.3 ms  sim_delay=10.0 ms
>>> [UAV->CLOUD] BLK:1b81|TX:7.0.0.11|CID:7|TS:9.632|SPD:20.0|HDG:-1.5|PX:211.9|PY:-30.0|...
✓ [CAR 7] ACT=OK REP=0.770 RWD=1.000 PNL=0.000 CREDIT=15
[PASSIVE-BEACON] SIMNOW:9.734 CID:1 ZONE:1 RXUAV:1 EDGEPORT:9998 TS:9.720 SPD:19.600 HDG:-1.900 PX:194.900 PY:-20.000 LAN:2 BRK:1 RX_X:0.000 RX_Y:0.000 RX_Z:0.000
[ZONE-ROUTE] CID:1 zone=1 edge_port=9998
[EDGE-RTT] CID:1 wall=1.2 ms  sim_delay=10.0 ms
>>> [UAV->CLOUD] BLK:3163|TX:7.0.0.5|CID:1|TS:9.720|SPD:19.6|HDG:-1.9|PX:194.9|PY:-20.0|L...
[PASSIVE-BEACON] SIMNOW:9.734 CID:0 ZONE:1 RXUAV:1 EDGEPORT:9998 TS:9.720 SPD:20.400 HDG:0.000 PX:194.900 PY:-10.000 LAN:1 BRK:0 RX_X:0.000 RX_Y:0.000 RX_Z:0.000
[ZONE-ROUTE] CID:0 zone=1 edge_port=9998
[EDGE-RTT] CID:0 wall=1.8 ms  sim_delay=10.0 ms
>>> [UAV->CLOUD] BLK:a211|TX:7.0.0.4|CID:0|TS:9.720|SPD:20.4|HDG:0.0|PX:194.9|PY:-10.0|LA...
✓ [CAR 0] ACT=OK REP=0.742 RWD=1.000 PNL=0.000 CREDIT=15
✓ [CAR 1] ACT=OK REP=0.883 RWD=1.000 PNL=0.000 CREDIT=15
[PASSIVE-BEACON] SIMNOW:9.749 CID:5 ZONE:1 RXUAV:1 EDGEPORT:9998 TS:9.732 SPD:20.300 HDG:1.500 PX:214.500 PY:-10.000 LAN:1 BRK:0 RX_X:0.000 RX_Y:0.000 RX_Z:0.000
[ZONE-ROUTE] CID:5 zone=1 edge_port=9998
[EDGE-RTT] CID:5 wall=0.9 ms  sim_delay=10.0 ms
[TRUST-UPGRADE] CID:5 earned LANE_UPGRADE after 15 clean packets → lane 0 + 2.0 m/s
>>> [UAV->CLOUD] BLK:bb6e|TX:7.0.0.9|CID:5|TS:9.732|SPD:20.3|HDG:1.5|PX:214.5|PY:-10.0|LA...
[TRUST-APPLIED] CID:5 LANE_UPGRADE → logical reward only; telemetry lane unchanged lane=1 speed unchanged=20.0 m/s [reward-speed disabled to avoid M1 false positive]
✓ [CAR 5] ACT=OK REP=0.500 RWD=1.500 PNL=0.000 CREDIT=15
✓ [CAR 5] ACT=OK REP=0.612 RWD=1.000 PNL=0.000 CREDIT=14
[PASSIVE-BEACON] SIMNOW:9.804 CID:4 ZONE:1 RXUAV:1 EDGEPORT:9998 TS:9.790 SPD:19.500 HDG:-0.700 PX:196.000 PY:-50.000 LAN:5 BRK:1 RX_X:0.000 RX_Y:0.000 RX_Z:0.000
[ZONE-ROUTE] CID:4 zone=1 edge_port=9998
[EDGE-RTT] CID:4 wall=1.2 ms  sim_delay=10.0 ms
>>> [UAV->CLOUD] BLK:e025|TX:7.0.0.8|CID:4|TS:9.790|SPD:19.5|HDG:-0.7|PX:196.0|PY:-50.0|L...
✓ [CAR 4] ACT=OK REP=0.951 RWD=1.000 PNL=0.000 CREDIT=15
[PASSIVE-BEACON] SIMNOW:9.884 CID:2 ZONE:1 RXUAV:1 EDGEPORT:9998 TS:9.870 SPD:20.000 HDG:-1.000 PX:197.600 PY:-30.000 LAN:3 BRK:0 RX_X:0.000 RX_Y:0.000 RX_Z:0.000
[ZONE-ROUTE] CID:2 zone=1 edge_port=9998
[EDGE-RTT] CID:2 wall=1.1 ms  sim_delay=10.0 ms
[TRUST-UPGRADE] CID:2 earned LANE_UPGRADE after 15 clean packets → lane 0 + 2.0 m/s
>>> [UAV->CLOUD] BLK:bf34|TX:7.0.0.6|CID:2|TS:9.870|SPD:20.0|HDG:-1.0|PX:197.6|PY:-30.0|L...
[TRUST-APPLIED] CID:2 LANE_UPGRADE → logical reward only; telemetry lane unchanged lane=3 speed unchanged=20.0 m/s [reward-speed disabled to avoid M1 false positive]
✓ [CAR 2] ACT=OK REP=0.500 RWD=1.500 PNL=0.000 CREDIT=15
✓ [CAR 2] ACT=OK REP=0.796 RWD=1.000 PNL=0.000 CREDIT=14
[PASSIVE-BEACON] SIMNOW:9.996 CID:9 ZONE:1 RXUAV:1 EDGEPORT:9998 TS:9.982 SPD:20.300 HDG:-0.600 PX:219.600 PY:-50.000 LAN:5 BRK:0 RX_X:0.000 RX_Y:0.000 RX_Z:0.000
[ZONE-ROUTE] CID:9 zone=1 edge_port=9998
[EDGE-RTT] CID:9 wall=1.2 ms  sim_delay=10.0 ms
[TRUST-UPGRADE] CID:9 earned LANE_UPGRADE after 15 clean packets → lane 0 + 2.0 m/s
>>> [UAV->CLOUD] BLK:02fa|TX:7.0.0.13|CID:9|TS:9.982|SPD:20.3|HDG:-0.6|PX:219.6|PY:-50.0|...
[PASSIVE-BEACON] SIMNOW:10.006 CID:8 ZONE:1 RXUAV:1 EDGEPORT:9998 TS:9.992 SPD:19.700 HDG:1.000 PX:219.300 PY:-40.000 LAN:4 BRK:0 RX_X:0.000 RX_Y:0.000 RX_Z:0.000
[ZONE-ROUTE] CID:8 zone=1 edge_port=9998
[EDGE-RTT] CID:8 wall=1.0 ms  sim_delay=10.0 ms
[TRUST-UPGRADE] CID:8 earned LANE_UPGRADE after 15 clean packets → lane 0 + 2.0 m/s
>>> [UAV->CLOUD] BLK:8073|TX:7.0.0.12|CID:8|TS:9.992|SPD:19.7|HDG:1.0|PX:219.3|PY:-40.0|L...
[TRUST-APPLIED] CID:9 LANE_UPGRADE → logical reward only; telemetry lane unchanged lane=5 speed unchanged=20.0 m/s [reward-speed disabled to avoid M1 false positive]
✓ [CAR 9] ACT=OK REP=0.500 RWD=1.500 PNL=0.000 CREDIT=15
✓ [CAR 9] ACT=OK REP=0.997 RWD=1.000 PNL=0.000 CREDIT=14
[TRUST-APPLIED] CID:8 LANE_UPGRADE → logical reward only; telemetry lane unchanged lane=4 speed unchanged=20.000 m/s [reward-speed disabled to avoid M1 false positive]
✓ [CAR 8] ACT=OK REP=0.500 RWD=1.500 PNL=0.000 CREDIT=15
✓ [CAR 8] ACT=OK REP=0.893 RWD=1.000 PNL=0.000 CREDIT=14
[PASSIVE-BEACON] SIMNOW:10.034 CID:3 ZONE:1 RXUAV:1 EDGEPORT:9998 TS:10.020 SPD:20.100 HDG:-1.300 PX:200.200 PY:-40.000 LAN:4 BRK:0 RX_X:0.000 RX_Y:0.000 RX_Z:0.000
[ZONE-ROUTE] CID:3 zone=1 edge_port=9998
[EDGE-RTT] CID:3 wall=1.2 ms  sim_delay=10.0 ms
[TRUST-UPGRADE] CID:3 earned LANE_UPGRADE after 15 clean packets → lane 0 + 2.0 m/s
>>> [UAV->CLOUD] BLK:bdd4|TX:7.0.0.7|CID:3|TS:10.020|SPD:20.1|HDG:-1.3|PX:200.2|PY:-40.0|...
[PASSIVE-BEACON] SIMNOW:10.036 CID:6 ZONE:1 RXUAV:1 EDGEPORT:9998 TS:10.022 SPD:19.500 HDG:1.200 PX:220.800 PY:-20.000 LAN:2 BRK:1 RX_X:0.000 RX_Y:0.000 RX_Z:0.000
[ZONE-ROUTE] CID:6 zone=1 edge_port=9998
[EDGE-RTT] CID:6 wall=1.0 ms  sim_delay=10.0 ms
>>> [UAV->CLOUD] BLK:f1d2|TX:7.0.0.10|CID:6|TS:10.022|SPD:19.5|HDG:1.2|PX:220.8|PY:-20.0|...
[TRUST-APPLIED] CID:3 LANE_UPGRADE → logical reward only; telemetry lane unchanged lane=4 speed unchanged=20.0 m/s [reward-speed disabled to avoid M1 false positive]
✓ [CAR 3] ACT=OK REP=0.500 RWD=1.500 PNL=0.000 CREDIT=15
✓ [CAR 3] ACT=OK REP=1.000 RWD=1.000 PNL=0.000 CREDIT=14
✓ [CAR 6] ACT=OK REP=1.000 RWD=1.000 PNL=0.000 CREDIT=16
[PASSIVE-BEACON] SIMNOW:10.146 CID:7 ZONE:1 RXUAV:1 EDGEPORT:9998 TS:10.132 SPD:20.100 HDG:-0.700 PX:222.300 PY:-30.000 LAN:3 BRK:0 RX_X:0.000 RX_Y:0.000 RX_Z:0.000
[ZONE-ROUTE] CID:7 zone=1 edge_port=9998
[EDGE-RTT] CID:7 wall=1.1 ms  sim_delay=10.0 ms
>>> [UAV->CLOUD] BLK:3217|TX:7.0.0.11|CID:7|TS:10.132|SPD:20.1|HDG:-0.7|PX:222.3|PY:-30.0...
✓ [CAR 7] ACT=OK REP=0.939 RWD=1.000 PNL=0.000 CREDIT=16
[PASSIVE-BEACON] SIMNOW:10.234 CID:1 ZONE:1 RXUAV:1 EDGEPORT:9998 TS:10.220 SPD:20.200 HDG:1.800 PX:204.400 PY:-20.000 LAN:2 BRK:1 RX_X:0.000 RX_Y:0.000 RX_Z:0.000
[ZONE-ROUTE] CID:1 zone=1 edge_port=9998
[EDGE-RTT] CID:1 wall=0.9 ms  sim_delay=10.0 ms
>>> [UAV->CLOUD] BLK:1f8f|TX:7.0.0.5|CID:1|TS:10.220|SPD:20.2|HDG:1.8|PX:204.4|PY:-20.0|L...
[PASSIVE-BEACON] SIMNOW:10.234 CID:0 ZONE:1 RXUAV:1 EDGEPORT:9998 TS:10.220 SPD:20.200 HDG:-1.900 PX:204.800 PY:-10.000 LAN:1 BRK:0 RX_X:0.000 RX_Y:0.000 RX_Z:0.000
[ZONE-ROUTE] CID:0 zone=1 edge_port=9998
[EDGE-RTT] CID:0 wall=2.2 ms  sim_delay=10.0 ms
>>> [UAV->CLOUD] BLK:1ecc|TX:7.0.0.4|CID:0|TS:10.220|SPD:20.2|HDG:-1.9|PX:204.8|PY:-10.0|...
✓ [CAR 1] ACT=OK REP=0.847 RWD=1.000 PNL=0.000 CREDIT=16
✓ [CAR 0] ACT=OK REP=1.000 RWD=1.000 PNL=0.000 CREDIT=16
[PASSIVE-BEACON] SIMNOW:10.252 CID:5 ZONE:1 RXUAV:1 EDGEPORT:9998 TS:10.232 SPD:20.400 HDG:1.600 PX:224.300 PY:-10.000 LAN:1 BRK:0 RX_X:0.000 RX_Y:0.000 RX_Z:0.000
[ZONE-ROUTE] CID:5 zone=1 edge_port=9998
[EDGE-RTT] CID:5 wall=1.2 ms  sim_delay=10.0 ms
>>> [UAV->CLOUD] BLK:14e7|TX:7.0.0.9|CID:5|TS:10.232|SPD:20.4|HDG:1.6|PX:224.3|PY:-10.0|L...
✓ [CAR 5] ACT=OK REP=0.863 RWD=1.000 PNL=0.000 CREDIT=15
[PASSIVE-BEACON] SIMNOW:10.304 CID:4 ZONE:1 RXUAV:1 EDGEPORT:9998 TS:10.290 SPD:20.400 HDG:0.400 PX:205.600 PY:-50.000 LAN:5 BRK:0 RX_X:0.000 RX_Y:0.000 RX_Z:0.000
[ZONE-ROUTE] CID:4 zone=1 edge_port=9998
[EDGE-RTT] CID:4 wall=1.3 ms  sim_delay=10.0 ms
>>> [UAV->CLOUD] BLK:f822|TX:7.0.0.8|CID:4|TS:10.290|SPD:20.4|HDG:0.4|PX:205.6|PY:-50.0|L...
✓ [CAR 4] ACT=OK REP=0.864 RWD=1.000 PNL=0.000 CREDIT=16
[PASSIVE-BEACON] SIMNOW:10.384 CID:2 ZONE:1 RXUAV:1 EDGEPORT:9998 TS:10.370 SPD:19.600 HDG:0.400 PX:207.000 PY:-30.000 LAN:3 BRK:0 RX_X:0.000 RX_Y:0.000 RX_Z:0.000
[ZONE-ROUTE] CID:2 zone=1 edge_port=9998
[EDGE-RTT] CID:2 wall=1.2 ms  sim_delay=10.0 ms
>>> [UAV->CLOUD] BLK:802a|TX:7.0.0.6|CID:2|TS:10.370|SPD:19.6|HDG:0.4|PX:207.0|PY:-30.0|L...
✓ [CAR 2] ACT=OK REP=1.000 RWD=1.000 PNL=0.000 CREDIT=15
[PASSIVE-BEACON] SIMNOW:10.496 CID:9 ZONE:1 RXUAV:1 EDGEPORT:9998 TS:10.482 SPD:20.400 HDG:-0.900 PX:229.400 PY:-50.000 LAN:5 BRK:0 RX_X:0.000 RX_Y:0.000 RX_Z:0.000
[ZONE-ROUTE] CID:9 zone=1 edge_port=9998
[EDGE-RTT] CID:9 wall=1.2 ms  sim_delay=10.0 ms
>>> [UAV->CLOUD] BLK:f578|TX:7.0.0.13|CID:9|TS:10.482|SPD:20.4|HDG:-0.9|PX:229.4|PY:-50.0...
[PASSIVE-BEACON] SIMNOW:10.506 CID:8 ZONE:1 RXUAV:1 EDGEPORT:9998 TS:10.492 SPD:20.200 HDG:-1.400 PX:230.100 PY:-40.000 LAN:4 BRK:0 RX_X:0.000 RX_Y:0.000 RX_Z:0.000
[ZONE-ROUTE] CID:8 zone=1 edge_port=9998
[EDGE-RTT] CID:8 wall=1.1 ms  sim_delay=10.0 ms
>>> [UAV->CLOUD] BLK:a6b3|TX:7.0.0.12|CID:8|TS:10.492|SPD:20.2|HDG:-1.4|PX:230.1|PY:-40.0...
✓ [CAR 9] ACT=OK REP=0.865 RWD=1.000 PNL=0.000 CREDIT=15
✓ [CAR 8] ACT=OK REP=0.678 RWD=1.000 PNL=0.000 CREDIT=15
[PASSIVE-BEACON] SIMNOW:10.534 CID:3 ZONE:1 RXUAV:1 EDGEPORT:9998 TS:10.520 SPD:20.000 HDG:-1.200 PX:209.800 PY:-40.000 LAN:4 BRK:0 RX_X:0.000 RX_Y:0.000 RX_Z:0.000
[ZONE-ROUTE] CID:3 zone=1 edge_port=9998
[EDGE-RTT] CID:3 wall=1.1 ms  sim_delay=10.0 ms
>>> [UAV->CLOUD] BLK:3b70|TX:7.0.0.7|CID:3|TS:10.520|SPD:20.0|HDG:-1.2|PX:209.8|PY:-40.0|...
[PASSIVE-BEACON] SIMNOW:10.535 CID:6 ZONE:1 RXUAV:1 EDGEPORT:9998 TS:10.522 SPD:19.900 HDG:-1.300 PX:230.700 PY:-20.000 LAN:2 BRK:1 RX_X:0.000 RX_Y:0.000 RX_Z:0.000
[ZONE-ROUTE] CID:6 zone=1 edge_port=9998
[EDGE-RTT] CID:6 wall=2.2 ms  sim_delay=10.0 ms
>>> [UAV->CLOUD] BLK:c538|TX:7.0.0.10|CID:6|TS:10.522|SPD:19.9|HDG:-1.3|PX:230.7|PY:-20.0...
✓ [CAR 3] ACT=OK REP=0.843 RWD=1.000 PNL=0.000 CREDIT=15
✓ [CAR 6] ACT=OK REP=1.000 RWD=1.000 PNL=0.000 CREDIT=17
[PASSIVE-BEACON] SIMNOW:10.646 CID:7 ZONE:1 RXUAV:1 EDGEPORT:9998 TS:10.632 SPD:20.400 HDG:-1.600 PX:231.900 PY:-30.000 LAN:3 BRK:0 RX_X:0.000 RX_Y:0.000 RX_Z:0.000
[ZONE-ROUTE] CID:7 zone=1 edge_port=9998
[EDGE-RTT] CID:7 wall=1.1 ms  sim_delay=10.0 ms
>>> [UAV->CLOUD] BLK:731e|TX:7.0.0.11|CID:7|TS:10.632|SPD:20.4|HDG:-1.6|PX:231.9|PY:-30.0...
✓ [CAR 7] ACT=OK REP=0.926 RWD=1.000 PNL=0.000 CREDIT=17
[PASSIVE-BEACON] SIMNOW:10.734 CID:1 ZONE:1 RXUAV:1 EDGEPORT:9998 TS:10.720 SPD:20.100 HDG:1.400 PX:214.700 PY:-20.000 LAN:2 BRK:0 RX_X:0.000 RX_Y:0.000 RX_Z:0.000
[ZONE-ROUTE] CID:1 zone=1 edge_port=9998
[EDGE-RTT] CID:1 wall=1.1 ms  sim_delay=10.0 ms
>>> [UAV->CLOUD] BLK:a2b4|TX:7.0.0.5|CID:1|TS:10.720|SPD:20.1|HDG:1.4|PX:214.7|PY:-20.0|L...
[PASSIVE-BEACON] SIMNOW:10.734 CID:0 ZONE:1 RXUAV:1 EDGEPORT:9998 TS:10.720 SPD:24.800 HDG:-1.700 PX:215.200 PY:-10.000 LAN:1 BRK:0 RX_X:0.000 RX_Y:0.000 RX_Z:0.000
[ZONE-ROUTE] CID:0 zone=1 edge_port=9998
[EDGE-RTT] CID:0 wall=2.4 ms  sim_delay=10.0 ms
>>> [UAV->CLOUD] BLK:a9af|TX:7.0.0.4|CID:0|TS:10.720|SPD:24.8|HDG:-1.7|PX:215.2|PY:-10.0|...
✓ [CAR 1] ACT=OK REP=0.752 RWD=1.000 PNL=0.000 CREDIT=17
[ECON-CLAWBACK] CID:0 ACT=WARN prior_payoff=18.496 extra_penalty=14.872 new_payoff=3.546
[TRUST-REVOKED] CID:0 benefits revoked logically; lane=1 speed=20.000 latency=10.000ms
[FORGIVENESS] CID:0 WARN #1 — streak reset, benefits revoked
⚠ [CAR 0] ACT=WARN REP=0.842 RWD=0.000 PNL=14.950 CREDIT=15
[PASSIVE-BEACON] SIMNOW:10.803 CID:4 ZONE:1 RXUAV:1 EDGEPORT:9998 TS:10.790 SPD:19.900 HDG:-0.300 PX:215.200 PY:-50.000 LAN:5 BRK:0 RX_X:0.000 RX_Y:0.000 RX_Z:0.000
[ZONE-ROUTE] CID:4 zone=1 edge_port=9998
[EDGE-RTT] CID:4 wall=1.1 ms  sim_delay=10.0 ms
>>> [UAV->CLOUD] BLK:14b5|TX:7.0.0.8|CID:4|TS:10.790|SPD:19.9|HDG:-0.3|PX:215.2|PY:-50.0|...
✓ [CAR 4] ACT=OK REP=0.965 RWD=1.000 PNL=0.000 CREDIT=17
[PASSIVE-BEACON] SIMNOW:10.884 CID:2 ZONE:1 RXUAV:1 EDGEPORT:9998 TS:10.870 SPD:19.800 HDG:0.900 PX:217.000 PY:-30.000 LAN:3 BRK:0 RX_X:0.000 RX_Y:0.000 RX_Z:0.000
[ZONE-ROUTE] CID:2 zone=1 edge_port=9998
[EDGE-RTT] CID:2 wall=1.2 ms  sim_delay=10.0 ms
>>> [UAV->CLOUD] BLK:8f79|TX:7.0.0.6|CID:2|TS:10.870|SPD:19.8|HDG:0.9|PX:217.0|PY:-30.0|L...
✓ [CAR 2] ACT=OK REP=0.802 RWD=1.000 PNL=0.000 CREDIT=16
[PASSIVE-BEACON] SIMNOW:10.996 CID:9 ZONE:1 RXUAV:1 EDGEPORT:9998 TS:10.982 SPD:20.200 HDG:-1.700 PX:239.500 PY:-50.000 LAN:5 BRK:0 RX_X:0.000 RX_Y:0.000 RX_Z:0.000
[ZONE-ROUTE] CID:9 zone=1 edge_port=9998
[EDGE-RTT] CID:9 wall=1.2 ms  sim_delay=10.0 ms
>>> [UAV->CLOUD] BLK:f579|TX:7.0.0.13|CID:9|TS:10.982|SPD:20.2|HDG:-1.7|PX:239.5|PY:-50.0...
[PASSIVE-BEACON] SIMNOW:11.005 CID:8 ZONE:1 RXUAV:1 EDGEPORT:9998 TS:10.992 SPD:20.200 HDG:0.100 PX:239.900 PY:-40.000 LAN:4 BRK:0 RX_X:0.000 RX_Y:0.000 RX_Z:0.000
[ZONE-ROUTE] CID:8 zone=1 edge_port=9998
[EDGE-RTT] CID:8 wall=0.9 ms  sim_delay=10.0 ms
>>> [UAV->CLOUD] BLK:7ab3|TX:7.0.0.12|CID:8|TS:10.992|SPD:20.2|HDG:0.1|PX:239.9|PY:-40.0|...
✓ [CAR 9] ACT=OK REP=0.704 RWD=1.000 PNL=0.000 CREDIT=16
✓ [CAR 8] ACT=OK REP=1.000 RWD=1.000 PNL=0.000 CREDIT=16
[PASSIVE-BEACON] SIMNOW:11.034 CID:3 ZONE:1 RXUAV:1 EDGEPORT:9998 TS:11.020 SPD:20.000 HDG:-1.700 PX:220.400 PY:-40.000 LAN:4 BRK:0 RX_X:0.000 RX_Y:0.000 RX_Z:0.000
[ZONE-ROUTE] CID:3 zone=1 edge_port=9998
[EDGE-RTT] CID:3 wall=1.1 ms  sim_delay=10.0 ms
>>> [UAV->CLOUD] BLK:e99d|TX:7.0.0.7|CID:3|TS:11.020|SPD:20.0|HDG:-1.7|PX:220.4|PY:-40.0|...
[PASSIVE-BEACON] SIMNOW:11.036 CID:6 ZONE:1 RXUAV:1 EDGEPORT:9998 TS:11.022 SPD:20.300 HDG:0.000 PX:241.200 PY:-20.000 LAN:2 BRK:0 RX_X:0.000 RX_Y:0.000 RX_Z:0.000
[ZONE-ROUTE] CID:6 zone=1 edge_port=9998
[EDGE-RTT] CID:6 wall=0.7 ms  sim_delay=10.0 ms
>>> [UAV->CLOUD] BLK:d9c4|TX:7.0.0.10|CID:6|TS:11.022|SPD:20.3|HDG:0.0|PX:241.2|PY:-20.0|...
✓ [CAR 3] ACT=OK REP=0.901 RWD=1.000 PNL=0.000 CREDIT=16
✓ [CAR 6] ACT=OK REP=0.962 RWD=1.000 PNL=0.000 CREDIT=18
[PASSIVE-BEACON] SIMNOW:11.146 CID:7 ZONE:1 RXUAV:1 EDGEPORT:9998 TS:11.132 SPD:20.000 HDG:-1.900 PX:243.000 PY:-30.000 LAN:3 BRK:0 RX_X:0.000 RX_Y:0.000 RX_Z:0.000
[ZONE-ROUTE] CID:7 zone=1 edge_port=9998
[EDGE-RTT] CID:7 wall=1.3 ms  sim_delay=10.0 ms
>>> [UAV->CLOUD] BLK:0a98|TX:7.0.0.11|CID:7|TS:11.132|SPD:20.0|HDG:-1.9|PX:243.0|PY:-30.0...
✓ [CAR 7] ACT=OK REP=0.871 RWD=1.000 PNL=0.000 CREDIT=18
[PASSIVE-BEACON] SIMNOW:11.234 CID:1 ZONE:1 RXUAV:1 EDGEPORT:9998 TS:11.220 SPD:19.600 HDG:1.600 PX:225.000 PY:-20.000 LAN:2 BRK:1 RX_X:0.000 RX_Y:0.000 RX_Z:0.000
[ZONE-ROUTE] CID:1 zone=1 edge_port=9998
[EDGE-RTT] CID:1 wall=1.1 ms  sim_delay=10.0 ms
>>> [UAV->CLOUD] BLK:5e37|TX:7.0.0.5|CID:1|TS:11.220|SPD:19.6|HDG:1.6|PX:225.0|PY:-20.0|L...
[PASSIVE-BEACON] SIMNOW:11.234 CID:0 ZONE:1 RXUAV:1 EDGEPORT:9998 TS:11.220 SPD:24.600 HDG:-0.600 PX:227.900 PY:-10.000 LAN:1 BRK:1 RX_X:0.000 RX_Y:0.000 RX_Z:0.000
[ZONE-ROUTE] CID:0 zone=1 edge_port=9998
[EDGE-RTT] CID:0 wall=2.5 ms  sim_delay=10.0 ms
>>> [UAV->CLOUD] BLK:e60a|TX:7.0.0.4|CID:0|TS:11.220|SPD:24.6|HDG:-0.6|PX:227.9|PY:-10.0|...
✓ [CAR 1] ACT=OK REP=1.000 RWD=1.000 PNL=0.000 CREDIT=18
[ECON-CLAWBACK] CID:0 ACT=WARN prior_payoff=3.546 extra_penalty=3.023 new_payoff=0.430
[FORGIVENESS] CID:0 WARN #2 — streak reset, benefits revoked
⚠ [CAR 0] ACT=WARN REP=0.788 RWD=0.000 PNL=3.116 CREDIT=-2
[PASSIVE-BEACON] SIMNOW:11.304 CID:4 ZONE:1 RXUAV:1 EDGEPORT:9998 TS:11.290 SPD:19.700 HDG:-0.900 PX:226.000 PY:-50.000 LAN:5 BRK:0 RX_X:0.000 RX_Y:0.000 RX_Z:0.000
[ZONE-ROUTE] CID:4 zone=1 edge_port=9998
[EDGE-RTT] CID:4 wall=1.2 ms  sim_delay=10.0 ms
>>> [UAV->CLOUD] BLK:55d0|TX:7.0.0.8|CID:4|TS:11.290|SPD:19.7|HDG:-0.9|PX:226.0|PY:-50.0|...
✓ [CAR 4] ACT=OK REP=0.971 RWD=1.000 PNL=0.000 CREDIT=18
[PASSIVE-BEACON] SIMNOW:11.384 CID:2 ZONE:1 RXUAV:1 EDGEPORT:9998 TS:11.370 SPD:20.400 HDG:0.400 PX:227.900 PY:-30.000 LAN:3 BRK:0 RX_X:0.000 RX_Y:0.000 RX_Z:0.000
[ZONE-ROUTE] CID:2 zone=1 edge_port=9998
[EDGE-RTT] CID:2 wall=1.2 ms  sim_delay=10.0 ms
>>> [UAV->CLOUD] BLK:28e4|TX:7.0.0.6|CID:2|TS:11.370|SPD:20.4|HDG:0.4|PX:227.9|PY:-30.0|L...
✓ [CAR 2] ACT=OK REP=0.724 RWD=1.000 PNL=0.000 CREDIT=17
[PASSIVE-BEACON] SIMNOW:11.496 CID:9 ZONE:1 RXUAV:1 EDGEPORT:9998 TS:11.482 SPD:20.500 HDG:1.400 PX:249.700 PY:-50.000 LAN:5 BRK:0 RX_X:0.000 RX_Y:0.000 RX_Z:0.000
[ZONE-ROUTE] CID:9 zone=1 edge_port=9998
[EDGE-RTT] CID:9 wall=1.2 ms  sim_delay=10.0 ms
>>> [UAV->CLOUD] BLK:6fdf|TX:7.0.0.13|CID:9|TS:11.482|SPD:20.5|HDG:1.4|PX:249.7|PY:-50.0|...
[PASSIVE-BEACON] SIMNOW:11.506 CID:8 ZONE:1 RXUAV:1 EDGEPORT:9998 TS:11.492 SPD:20.300 HDG:1.800 PX:249.400 PY:-40.000 LAN:4 BRK:0 RX_X:0.000 RX_Y:0.000 RX_Z:0.000
[ZONE-ROUTE] CID:8 zone=1 edge_port=9998
[EDGE-RTT] CID:8 wall=1.0 ms  sim_delay=10.0 ms
>>> [UAV->CLOUD] BLK:af8c|TX:7.0.0.12|CID:8|TS:11.492|SPD:20.3|HDG:1.8|PX:249.4|PY:-40.0|...
✓ [CAR 9] ACT=OK REP=1.000 RWD=1.000 PNL=0.000 CREDIT=17
✓ [CAR 8] ACT=OK REP=0.731 RWD=1.000 PNL=0.000 CREDIT=17
[PASSIVE-BEACON] SIMNOW:11.534 CID:3 ZONE:1 RXUAV:1 EDGEPORT:9998 TS:11.520 SPD:19.800 HDG:-1.700 PX:231.100 PY:-40.000 LAN:4 BRK:1 RX_X:0.000 RX_Y:0.000 RX_Z:0.000
[ZONE-ROUTE] CID:3 zone=1 edge_port=9998
[EDGE-RTT] CID:3 wall=1.2 ms  sim_delay=10.0 ms
>>> [UAV->CLOUD] BLK:0feb|TX:7.0.0.7|CID:3|TS:11.520|SPD:19.8|HDG:-1.7|PX:231.1|PY:-40.0|...
[PASSIVE-BEACON] SIMNOW:11.536 CID:6 ZONE:1 RXUAV:1 EDGEPORT:9998 TS:11.522 SPD:20.300 HDG:1.100 PX:249.800 PY:-20.000 LAN:2 BRK:0 RX_X:0.000 RX_Y:0.000 RX_Z:0.000
[ZONE-ROUTE] CID:6 zone=1 edge_port=9998
[EDGE-RTT] CID:6 wall=0.9 ms  sim_delay=10.0 ms
[TRUST-UPGRADE] CID:6 earned REDUCE_SCRUTINY after 20 clean packets → latency × 0.5
>>> [UAV->CLOUD] BLK:c97f|TX:7.0.0.10|CID:6|TS:11.522|SPD:20.3|HDG:1.1|PX:249.8|PY:-20.0|...
✓ [CAR 3] ACT=OK REP=0.922 RWD=1.000 PNL=0.000 CREDIT=17
[TRUST-APPLIED] CID:6 REDUCE_SCRUTINY → latency=5.000ms (was 10.000ms)
✓ [CAR 6] ACT=OK REP=0.500 RWD=1.500 PNL=0.000 CREDIT=20
✓ [CAR 6] ACT=OK REP=0.863 RWD=1.000 PNL=0.000 CREDIT=19
[PASSIVE-BEACON] SIMNOW:11.646 CID:7 ZONE:1 RXUAV:1 EDGEPORT:9998 TS:11.632 SPD:20.100 HDG:-1.400 PX:253.300 PY:-30.000 LAN:3 BRK:0 RX_X:0.000 RX_Y:0.000 RX_Z:0.000
[ZONE-ROUTE] CID:7 zone=1 edge_port=9998
[EDGE-RTT] CID:7 wall=0.9 ms  sim_delay=10.0 ms
[TRUST-UPGRADE] CID:7 earned REDUCE_SCRUTINY after 20 clean packets → latency × 0.5
>>> [UAV->CLOUD] BLK:7a8d|TX:7.0.0.11|CID:7|TS:11.632|SPD:20.1|HDG:-1.4|PX:253.3|PY:-30.0...
[TRUST-APPLIED] CID:7 REDUCE_SCRUTINY → latency=5.0ms (was 10.0ms)
✓ [CAR 7] ACT=OK REP=0.500 RWD=1.500 PNL=0.000 CREDIT=20
✓ [CAR 7] ACT=OK REP=1.000 RWD=1.000 PNL=0.000 CREDIT=19
[PASSIVE-BEACON] SIMNOW:11.734 CID:1 ZONE:1 RXUAV:1 EDGEPORT:9998 TS:11.720 SPD:20.200 HDG:-1.600 PX:234.000 PY:-20.000 LAN:2 BRK:1 RX_X:0.000 RX_Y:0.000 RX_Z:0.000
[ZONE-ROUTE] CID:1 zone=1 edge_port=9998
[EDGE-RTT] CID:1 wall=1.2 ms  sim_delay=10.0 ms
[TRUST-UPGRADE] CID:1 earned REDUCE_SCRUTINY after 20 clean packets → latency × 0.5
>>> [UAV->CLOUD] BLK:ebad|TX:7.0.0.5|CID:1|TS:11.720|SPD:20.2|HDG:-1.6|PX:234.0|PY:-20.0|...
[PASSIVE-BEACON] SIMNOW:11.734 CID:0 ZONE:1 RXUAV:1 EDGEPORT:9998 TS:11.720 SPD:25.400 HDG:1.500 PX:239.600 PY:-10.000 LAN:1 BRK:1 RX_X:0.000 RX_Y:0.000 RX_Z:0.000
[ZONE-ROUTE] CID:0 zone=1 edge_port=9998
[EDGE-RTT] CID:0 wall=2.6 ms  sim_delay=10.0 ms
>>> [UAV->CLOUD] BLK:e667|TX:7.0.0.4|CID:0|TS:11.720|SPD:25.4|HDG:1.5|PX:239.6|PY:-10.0|L...
[TRUST-APPLIED] CID:1 REDUCE_SCRUTINY → latency=5.0ms (was 10.0ms)
✓ [CAR 1] ACT=OK REP=0.500 RWD=1.500 PNL=0.000 CREDIT=20
✓ [CAR 1] ACT=OK REP=0.873 RWD=1.000 PNL=0.000 CREDIT=19
[ECON-CLAWBACK] CID:0 ACT=WARN prior_payoff=0.430 extra_penalty=1.715 new_payoff=-1.384
[FORGIVENESS] CID:0 WARN #3 — streak reset, benefits revoked
⚠ [CAR 0] ACT=WARN REP=0.827 RWD=0.000 PNL=1.814 CREDIT=-2
[PASSIVE-BEACON] SIMNOW:11.804 CID:4 ZONE:1 RXUAV:1 EDGEPORT:9998 TS:11.790 SPD:19.500 HDG:0.100 PX:236.200 PY:-50.000 LAN:5 BRK:0 RX_X:0.000 RX_Y:0.000 RX_Z:0.000
[ZONE-ROUTE] CID:4 zone=1 edge_port=9998
[EDGE-RTT] CID:4 wall=1.2 ms  sim_delay=10.0 ms
[TRUST-UPGRADE] CID:4 earned REDUCE_SCRUTINY after 20 clean packets → latency × 0.5
>>> [UAV->CLOUD] BLK:128a|TX:7.0.0.8|CID:4|TS:11.790|SPD:19.5|HDG:0.1|PX:236.2|PY:-50.0|L...
[TRUST-APPLIED] CID:4 REDUCE_SCRUTINY → latency=5.0ms (was 10.0ms)
✓ [CAR 4] ACT=OK REP=0.500 RWD=1.500 PNL=0.000 CREDIT=20
✓ [CAR 4] ACT=OK REP=1.000 RWD=1.000 PNL=0.000 CREDIT=19
[PASSIVE-BEACON] SIMNOW:11.884 CID:2 ZONE:1 RXUAV:1 EDGEPORT:9998 TS:11.870 SPD:19.700 HDG:0.600 PX:237.700 PY:-30.000 LAN:3 BRK:0 RX_X:0.000 RX_Y:0.000 RX_Z:0.000
[ZONE-ROUTE] CID:2 zone=1 edge_port=9998
[EDGE-RTT] CID:2 wall=1.2 ms  sim_delay=10.0 ms
>>> [UAV->CLOUD] BLK:481a|TX:7.0.0.6|CID:2|TS:11.870|SPD:19.7|HDG:0.6|PX:237.7|PY:-30.0|L...
✓ [CAR 2] ACT=OK REP=0.884 RWD=1.000 PNL=0.000 CREDIT=18
[PASSIVE-BEACON] SIMNOW:11.996 CID:9 ZONE:1 RXUAV:1 EDGEPORT:9998 TS:11.982 SPD:20.400 HDG:-1.200 PX:259.400 PY:-50.000 LAN:5 BRK:1 RX_X:0.000 RX_Y:0.000 RX_Z:0.000
[ZONE-ROUTE] CID:9 zone=1 edge_port=9998
[EDGE-RTT] CID:9 wall=1.2 ms  sim_delay=10.0 ms
>>> [UAV->CLOUD] BLK:b9bd|TX:7.0.0.13|CID:9|TS:11.982|SPD:20.4|HDG:-1.2|PX:259.4|PY:-50.0...
[PASSIVE-BEACON] SIMNOW:12.006 CID:8 ZONE:1 RXUAV:1 EDGEPORT:9998 TS:11.992 SPD:20.000 HDG:0.100 PX:259.700 PY:-40.000 LAN:4 BRK:0 RX_X:0.000 RX_Y:0.000 RX_Z:0.000
[ZONE-ROUTE] CID:8 zone=1 edge_port=9998
[EDGE-RTT] CID:8 wall=0.9 ms  sim_delay=10.0 ms
>>> [UAV->CLOUD] BLK:810f|TX:7.0.0.12|CID:8|TS:11.992|SPD:20.0|HDG:0.1|PX:259.7|PY:-40.0|...
✓ [CAR 9] ACT=OK REP=1.000 RWD=1.000 PNL=0.000 CREDIT=18
✓ [CAR 8] ACT=OK REP=0.757 RWD=1.000 PNL=0.000 CREDIT=18
[PASSIVE-BEACON] SIMNOW:12.034 CID:3 ZONE:1 RXUAV:1 EDGEPORT:9998 TS:12.020 SPD:20.300 HDG:-0.300 PX:240.600 PY:-40.000 LAN:4 BRK:0 RX_X:0.000 RX_Y:0.000 RX_Z:0.000
[ZONE-ROUTE] CID:3 zone=1 edge_port=9998
[EDGE-RTT] CID:3 wall=1.2 ms  sim_delay=10.0 ms
>>> [UAV->CLOUD] BLK:6555|TX:7.0.0.7|CID:3|TS:12.020|SPD:20.3|HDG:-0.3|PX:240.6|PY:-40.0|...
[PASSIVE-BEACON] SIMNOW:12.035 CID:6 ZONE:1 RXUAV:1 EDGEPORT:9998 TS:12.022 SPD:19.900 HDG:-1.000 PX:260.600 PY:-20.000 LAN:2 BRK:0 RX_X:0.000 RX_Y:0.000 RX_Z:0.000
[ZONE-ROUTE] CID:6 zone=1 edge_port=9998
[EDGE-RTT] CID:6 wall=1.2 ms  sim_delay=5.0 ms
>>> [UAV->CLOUD] BLK:4734|TX:7.0.0.10|CID:6|TS:12.022|SPD:19.9|HDG:-1.0|PX:260.6|PY:-20.0...
✓ [CAR 3] ACT=OK REP=1.000 RWD=1.000 PNL=0.000 CREDIT=18
✓ [CAR 6] ACT=OK REP=1.000 RWD=1.000 PNL=0.000 CREDIT=20
[PASSIVE-BEACON] SIMNOW:12.146 CID:7 ZONE:1 RXUAV:1 EDGEPORT:9998 TS:12.132 SPD:19.900 HDG:-0.400 PX:262.200 PY:-30.000 LAN:3 BRK:1 RX_X:0.000 RX_Y:0.000 RX_Z:0.000
[ZONE-ROUTE] CID:7 zone=1 edge_port=9998
[EDGE-RTT] CID:7 wall=1.2 ms  sim_delay=5.0 ms
>>> [UAV->CLOUD] BLK:73ca|TX:7.0.0.11|CID:7|TS:12.132|SPD:19.9|HDG:-0.4|PX:262.2|PY:-30.0...
✓ [CAR 7] ACT=OK REP=0.543 RWD=1.000 PNL=0.000 CREDIT=20
[PASSIVE-BEACON] SIMNOW:12.234 CID:1 ZONE:1 RXUAV:1 EDGEPORT:9998 TS:12.220 SPD:20.000 HDG:-0.000 PX:243.900 PY:-20.000 LAN:2 BRK:0 RX_X:0.000 RX_Y:0.000 RX_Z:0.000
[ZONE-ROUTE] CID:1 zone=1 edge_port=9998
[EDGE-RTT] CID:1 wall=1.2 ms  sim_delay=5.0 ms
>>> [UAV->CLOUD] BLK:e50b|TX:7.0.0.5|CID:1|TS:12.220|SPD:20.0|HDG:-0.0|PX:243.9|PY:-20.0|...
[PASSIVE-BEACON] SIMNOW:12.234 CID:0 ZONE:1 RXUAV:1 EDGEPORT:9998 TS:12.220 SPD:24.700 HDG:-0.400 PX:252.700 PY:-10.000 LAN:1 BRK:0 RX_X:0.000 RX_Y:0.000 RX_Z:0.000
[ZONE-ROUTE] CID:0 zone=1 edge_port=9998
[EDGE-RTT] CID:0 wall=2.4 ms  sim_delay=10.0 ms
>>> [UAV->CLOUD] BLK:8146|TX:7.0.0.4|CID:0|TS:12.220|SPD:24.7|HDG:-0.4|PX:252.7|PY:-10.0|...
✓ [CAR 1] ACT=OK REP=1.000 RWD=1.000 PNL=0.000 CREDIT=20
[ECON-CLAWBACK] CID:0 ACT=WARN prior_payoff=-1.384 extra_penalty=1.750 new_payoff=-3.232
[FORGIVENESS] CID:0 WARN #4 — streak reset, benefits revoked
⚠ [CAR 0] ACT=WARN REP=0.669 RWD=0.000 PNL=1.848 CREDIT=-2
[PASSIVE-BEACON] SIMNOW:12.304 CID:4 ZONE:1 RXUAV:1 EDGEPORT:9998 TS:12.290 SPD:20.200 HDG:1.200 PX:245.600 PY:-50.000 LAN:5 BRK:1 RX_X:0.000 RX_Y:0.000 RX_Z:0.000
[ZONE-ROUTE] CID:4 zone=1 edge_port=9998
[EDGE-RTT] CID:4 wall=1.3 ms  sim_delay=5.0 ms
>>> [UAV->CLOUD] BLK:bb56|TX:7.0.0.8|CID:4|TS:12.290|SPD:20.2|HDG:1.2|PX:245.6|PY:-50.0|L...
✓ [CAR 4] ACT=OK REP=0.895 RWD=1.000 PNL=0.000 CREDIT=20
[PASSIVE-BEACON] SIMNOW:12.384 CID:2 ZONE:1 RXUAV:1 EDGEPORT:9998 TS:12.370 SPD:19.600 HDG:-1.900 PX:246.900 PY:-30.000 LAN:3 BRK:0 RX_X:0.000 RX_Y:0.000 RX_Z:0.000
[ZONE-ROUTE] CID:2 zone=1 edge_port=9998
[EDGE-RTT] CID:2 wall=1.2 ms  sim_delay=10.0 ms
[TRUST-UPGRADE] CID:2 earned REDUCE_SCRUTINY after 20 clean packets → latency × 0.5
>>> [UAV->CLOUD] BLK:5dd8|TX:7.0.0.6|CID:2|TS:12.370|SPD:19.6|HDG:-1.9|PX:246.9|PY:-30.0|...
[TRUST-APPLIED] CID:2 REDUCE_SCRUTINY → latency=5.0ms (was 10.0ms)
✓ [CAR 2] ACT=OK REP=0.500 RWD=1.500 PNL=0.000 CREDIT=20
✓ [CAR 2] ACT=OK REP=0.803 RWD=1.000 PNL=0.000 CREDIT=19
[PASSIVE-BEACON] SIMNOW:12.496 CID:9 ZONE:1 RXUAV:1 EDGEPORT:9998 TS:12.482 SPD:20.100 HDG:0.300 PX:269.100 PY:-50.000 LAN:5 BRK:0 RX_X:0.000 RX_Y:0.000 RX_Z:0.000
[ZONE-ROUTE] CID:9 zone=1 edge_port=9998
[EDGE-RTT] CID:9 wall=1.2 ms  sim_delay=10.0 ms
[TRUST-UPGRADE] CID:9 earned REDUCE_SCRUTINY after 20 clean packets → latency × 0.5
>>> [UAV->CLOUD] BLK:d057|TX:7.0.0.13|CID:9|TS:12.482|SPD:20.1|HDG:0.3|PX:269.1|PY:-50.0|...
[PASSIVE-BEACON] SIMNOW:12.506 CID:8 ZONE:1 RXUAV:1 EDGEPORT:9998 TS:12.492 SPD:19.900 HDG:1.600 PX:269.200 PY:-40.000 LAN:4 BRK:0 RX_X:0.000 RX_Y:0.000 RX_Z:0.000
[ZONE-ROUTE] CID:8 zone=1 edge_port=9998
[EDGE-RTT] CID:8 wall=0.9 ms  sim_delay=10.0 ms
[TRUST-UPGRADE] CID:8 earned REDUCE_SCRUTINY after 20 clean packets → latency × 0.5
>>> [UAV->CLOUD] BLK:b44d|TX:7.0.0.12|CID:8|TS:12.492|SPD:19.9|HDG:1.6|PX:269.2|PY:-40.0|...
[TRUST-APPLIED] CID:9 REDUCE_SCRUTINY → latency=5.0ms (was 10.0ms)
✓ [CAR 9] ACT=OK REP=0.500 RWD=1.500 PNL=0.000 CREDIT=20
✓ [CAR 9] ACT=OK REP=0.901 RWD=1.000 PNL=0.000 CREDIT=19
[TRUST-APPLIED] CID:8 REDUCE_SCRUTINY → latency=5.000ms (was 10.000ms)
✓ [CAR 8] ACT=OK REP=0.500 RWD=1.500 PNL=0.000 CREDIT=20
✓ [CAR 8] ACT=OK REP=0.719 RWD=1.000 PNL=0.000 CREDIT=19
[PASSIVE-BEACON] SIMNOW:12.534 CID:3 ZONE:1 RXUAV:1 EDGEPORT:9998 TS:12.520 SPD:19.500 HDG:-0.500 PX:250.900 PY:-40.000 LAN:4 BRK:0 RX_X:0.000 RX_Y:0.000 RX_Z:0.000
[ZONE-ROUTE] CID:3 zone=1 edge_port=9998
[EDGE-RTT] CID:3 wall=0.9 ms  sim_delay=10.0 ms
[TRUST-UPGRADE] CID:3 earned REDUCE_SCRUTINY after 20 clean packets → latency × 0.5
>>> [UAV->CLOUD] BLK:5e43|TX:7.0.0.7|CID:3|TS:12.520|SPD:19.5|HDG:-0.5|PX:250.9|PY:-40.0|...
[PASSIVE-BEACON] SIMNOW:12.536 CID:6 ZONE:1 RXUAV:1 EDGEPORT:9998 TS:12.522 SPD:19.500 HDG:1.500 PX:269.900 PY:-20.000 LAN:2 BRK:1 RX_X:0.000 RX_Y:0.000 RX_Z:0.000
[ZONE-ROUTE] CID:6 zone=1 edge_port=9998
[EDGE-RTT] CID:6 wall=1.0 ms  sim_delay=5.0 ms
>>> [UAV->CLOUD] BLK:81bc|TX:7.0.0.10|CID:6|TS:12.522|SPD:19.5|HDG:1.5|PX:269.9|PY:-20.0|...
[TRUST-APPLIED] CID:3 REDUCE_SCRUTINY → latency=5.0ms (was 10.0ms)
✓ [CAR 3] ACT=OK REP=0.500 RWD=1.500 PNL=0.000 CREDIT=20
✓ [CAR 3] ACT=OK REP=0.770 RWD=1.000 PNL=0.000 CREDIT=19
✓ [CAR 6] ACT=OK REP=1.000 RWD=1.000 PNL=0.000 CREDIT=21
[PASSIVE-BEACON] SIMNOW:12.646 CID:7 ZONE:1 RXUAV:1 EDGEPORT:9998 TS:12.632 SPD:20.000 HDG:-1.800 PX:273.200 PY:-30.000 LAN:3 BRK:0 RX_X:0.000 RX_Y:0.000 RX_Z:0.000
[ZONE-ROUTE] CID:7 zone=1 edge_port=9998
[EDGE-RTT] CID:7 wall=1.2 ms  sim_delay=5.0 ms
>>> [UAV->CLOUD] BLK:53d3|TX:7.0.0.11|CID:7|TS:12.632|SPD:20.0|HDG:-1.8|PX:273.2|PY:-30.0...
✓ [CAR 7] ACT=OK REP=0.806 RWD=1.000 PNL=0.000 CREDIT=21
[PASSIVE-BEACON] SIMNOW:12.734 CID:1 ZONE:1 RXUAV:1 EDGEPORT:9998 TS:12.720 SPD:25.200 HDG:1.900 PX:255.800 PY:-20.000 LAN:2 BRK:0 RX_X:0.000 RX_Y:0.000 RX_Z:0.000
[ZONE-ROUTE] CID:1 zone=1 edge_port=9998
[EDGE-RTT] CID:1 wall=1.3 ms  sim_delay=5.0 ms
>>> [UAV->CLOUD] BLK:aa03|TX:7.0.0.5|CID:1|TS:12.720|SPD:25.2|HDG:1.9|PX:255.8|PY:-20.0|L...
[PASSIVE-BEACON] SIMNOW:12.734 CID:0 ZONE:1 RXUAV:1 EDGEPORT:9998 TS:12.720 SPD:24.700 HDG:-0.900 PX:265.200 PY:-10.000 LAN:1 BRK:0 RX_X:0.000 RX_Y:0.000 RX_Z:0.000
[ZONE-ROUTE] CID:0 zone=1 edge_port=9998
[EDGE-RTT] CID:0 wall=2.4 ms  sim_delay=10.0 ms
>>> [UAV->CLOUD] BLK:cc71|TX:7.0.0.4|CID:0|TS:12.720|SPD:24.7|HDG:-0.9|PX:265.2|PY:-10.0|...
[ECON-CLAWBACK] CID:1 ACT=WARN prior_payoff=24.0 extra_penalty=19.0 new_payoff=4.9
[TRUST-REVOKED] CID:1 benefits revoked logically; lane=2 speed=20.0 latency=10.0ms
[FORGIVENESS] CID:1 WARN #1 — streak reset, benefits revoked
⚠ [CAR 1] ACT=WARN REP=0.786 RWD=0.000 PNL=19.073 CREDIT=19
[ECON-CLAWBACK] CID:0 ACT=WARN prior_payoff=-3.232 extra_penalty=2.000 new_payoff=-5.332
[FORGIVENESS] CID:0 WARN #5 — streak reset, benefits revoked
⚠ [CAR 0] ACT=WARN REP=0.711 RWD=0.000 PNL=2.100 CREDIT=-2
[PASSIVE-BEACON] SIMNOW:12.804 CID:4 ZONE:1 RXUAV:1 EDGEPORT:9998 TS:12.790 SPD:20.400 HDG:-1.300 PX:256.500 PY:-50.000 LAN:5 BRK:0 RX_X:0.000 RX_Y:0.000 RX_Z:0.000
[ZONE-ROUTE] CID:4 zone=1 edge_port=9998
[EDGE-RTT] CID:4 wall=1.2 ms  sim_delay=5.0 ms
>>> [UAV->CLOUD] BLK:2ae2|TX:7.0.0.8|CID:4|TS:12.790|SPD:20.4|HDG:-1.3|PX:256.5|PY:-50.0|...
✓ [CAR 4] ACT=OK REP=1.000 RWD=1.000 PNL=0.000 CREDIT=21
[PASSIVE-BEACON] SIMNOW:12.884 CID:2 ZONE:1 RXUAV:1 EDGEPORT:9998 TS:12.870 SPD:20.300 HDG:-0.200 PX:257.300 PY:-30.000 LAN:3 BRK:0 RX_X:0.000 RX_Y:0.000 RX_Z:0.000
[ZONE-ROUTE] CID:2 zone=1 edge_port=9998
[EDGE-RTT] CID:2 wall=1.3 ms  sim_delay=5.0 ms
>>> [UAV->CLOUD] BLK:5cb1|TX:7.0.0.6|CID:2|TS:12.870|SPD:20.3|HDG:-0.2|PX:257.3|PY:-30.0|...
✓ [CAR 2] ACT=OK REP=0.909 RWD=1.000 PNL=0.000 CREDIT=20
[PASSIVE-BEACON] SIMNOW:12.996 CID:9 ZONE:1 RXUAV:1 EDGEPORT:9998 TS:12.982 SPD:19.500 HDG:-1.200 PX:279.000 PY:-50.000 LAN:5 BRK:0 RX_X:0.000 RX_Y:0.000 RX_Z:0.000
[ZONE-ROUTE] CID:9 zone=1 edge_port=9998
[EDGE-RTT] CID:9 wall=1.0 ms  sim_delay=5.0 ms
>>> [UAV->CLOUD] BLK:1935|TX:7.0.0.13|CID:9|TS:12.982|SPD:19.5|HDG:-1.2|PX:279.0|PY:-50.0...
[PASSIVE-BEACON] SIMNOW:13.006 CID:8 ZONE:1 RXUAV:1 EDGEPORT:9998 TS:12.992 SPD:19.900 HDG:-1.600 PX:280.300 PY:-40.000 LAN:4 BRK:1 RX_X:0.000 RX_Y:0.000 RX_Z:0.000
[ZONE-ROUTE] CID:8 zone=1 edge_port=9998
[EDGE-RTT] CID:8 wall=1.0 ms  sim_delay=5.0 ms
>>> [UAV->CLOUD] BLK:1325|TX:7.0.0.12|CID:8|TS:12.992|SPD:19.9|HDG:-1.6|PX:280.3|PY:-40.0...
✓ [CAR 9] ACT=OK REP=0.866 RWD=1.000 PNL=0.000 CREDIT=20
✓ [CAR 8] ACT=OK REP=0.775 RWD=1.000 PNL=0.000 CREDIT=20
[PASSIVE-BEACON] SIMNOW:13.034 CID:3 ZONE:1 RXUAV:1 EDGEPORT:9998 TS:13.020 SPD:19.800 HDG:-1.400 PX:260.700 PY:-40.000 LAN:4 BRK:0 RX_X:0.000 RX_Y:0.000 RX_Z:0.000
[ZONE-ROUTE] CID:3 zone=1 edge_port=9998
[EDGE-RTT] CID:3 wall=1.2 ms  sim_delay=5.0 ms
>>> [UAV->CLOUD] BLK:8089|TX:7.0.0.7|CID:3|TS:13.020|SPD:19.8|HDG:-1.4|PX:260.7|PY:-40.0|...
[PASSIVE-BEACON] SIMNOW:13.036 CID:6 ZONE:1 RXUAV:1 EDGEPORT:9998 TS:13.022 SPD:24.800 HDG:2.000 PX:283.200 PY:-20.000 LAN:2 BRK:0 RX_X:0.000 RX_Y:0.000 RX_Z:0.000
[ZONE-ROUTE] CID:6 zone=1 edge_port=9998
[EDGE-RTT] CID:6 wall=0.9 ms  sim_delay=5.0 ms
>>> [UAV->CLOUD] BLK:a14a|TX:7.0.0.10|CID:6|TS:13.022|SPD:24.8|HDG:2.0|PX:283.2|PY:-20.0|...
✓ [CAR 3] ACT=OK REP=0.760 RWD=1.000 PNL=0.000 CREDIT=20
[ECON-CLAWBACK] CID:6 ACT=WARN prior_payoff=24.996 extra_penalty=19.747 new_payoff=5.174
[TRUST-REVOKED] CID:6 benefits revoked logically; lane=2 speed=20.000 latency=10.000ms
[FORGIVENESS] CID:6 WARN #1 — streak reset, benefits revoked
⚠ [CAR 6] ACT=WARN REP=0.670 RWD=0.000 PNL=19.822 CREDIT=20
[PASSIVE-BEACON] SIMNOW:13.146 CID:7 ZONE:1 RXUAV:1 EDGEPORT:9998 TS:13.132 SPD:19.600 HDG:1.300 PX:283.000 PY:-30.000 LAN:3 BRK:0 RX_X:0.000 RX_Y:0.000 RX_Z:0.000
[ZONE-ROUTE] CID:7 zone=1 edge_port=9998
[EDGE-RTT] CID:7 wall=1.0 ms  sim_delay=5.0 ms
>>> [UAV->CLOUD] BLK:2662|TX:7.0.0.11|CID:7|TS:13.132|SPD:19.6|HDG:1.3|PX:283.0|PY:-30.0|...
✓ [CAR 7] ACT=OK REP=0.791 RWD=1.000 PNL=0.000 CREDIT=22
[PASSIVE-BEACON] SIMNOW:13.234 CID:1 ZONE:1 RXUAV:1 EDGEPORT:9998 TS:13.220 SPD:25.100 HDG:1.200 PX:267.500 PY:-20.000 LAN:2 BRK:0 RX_X:0.000 RX_Y:0.000 RX_Z:0.000
[ZONE-ROUTE] CID:1 zone=1 edge_port=9998
[EDGE-RTT] CID:1 wall=1.2 ms  sim_delay=5.0 ms
>>> [UAV->CLOUD] BLK:d245|TX:7.0.0.5|CID:1|TS:13.220|SPD:25.1|HDG:1.2|PX:267.5|PY:-20.0|L...
[PASSIVE-BEACON] SIMNOW:13.234 CID:0 ZONE:1 RXUAV:1 EDGEPORT:9998 TS:13.220 SPD:25.500 HDG:-0.200 PX:278.100 PY:-10.000 LAN:1 BRK:0 RX_X:0.000 RX_Y:0.000 RX_Z:0.000
[ZONE-ROUTE] CID:0 zone=1 edge_port=9998
[EDGE-RTT] CID:0 wall=2.4 ms  sim_delay=10.0 ms
>>> [UAV->CLOUD] BLK:ea9a|TX:7.0.0.4|CID:0|TS:13.220|SPD:25.5|HDG:-0.2|PX:278.1|PY:-10.0|...
[ECON-CLAWBACK] CID:1 ACT=WARN prior_payoff=4.9 extra_penalty=3.7 new_payoff=1.1
[FORGIVENESS] CID:1 WARN #2 — streak reset, benefits revoked
⚠ [CAR 1] ACT=WARN REP=0.790 RWD=0.000 PNL=3.808 CREDIT=-2
[ECON-CLAWBACK] CID:0 ACT=WARN prior_payoff=-5.332 extra_penalty=2.250 new_payoff=-7.684
[FORGIVENESS] CID:0 WARN #6 — streak reset, benefits revoked
⚠ [CAR 0] ACT=WARN REP=0.788 RWD=0.000 PNL=2.352 CREDIT=-2
[PASSIVE-BEACON] SIMNOW:13.304 CID:4 ZONE:1 RXUAV:1 EDGEPORT:9998 TS:13.290 SPD:20.100 HDG:-0.600 PX:266.100 PY:-50.000 LAN:5 BRK:0 RX_X:0.000 RX_Y:0.000 RX_Z:0.000
[ZONE-ROUTE] CID:4 zone=1 edge_port=9998
[EDGE-RTT] CID:4 wall=1.1 ms  sim_delay=5.0 ms
>>> [UAV->CLOUD] BLK:0aa4|TX:7.0.0.8|CID:4|TS:13.290|SPD:20.1|HDG:-0.6|PX:266.1|PY:-50.0|...
✓ [CAR 4] ACT=OK REP=0.789 RWD=1.000 PNL=0.000 CREDIT=22
[PASSIVE-BEACON] SIMNOW:13.384 CID:2 ZONE:1 RXUAV:1 EDGEPORT:9998 TS:13.370 SPD:19.900 HDG:-0.900 PX:267.900 PY:-30.000 LAN:3 BRK:0 RX_X:0.000 RX_Y:0.000 RX_Z:0.000
[ZONE-ROUTE] CID:2 zone=1 edge_port=9998
[EDGE-RTT] CID:2 wall=1.3 ms  sim_delay=5.0 ms
>>> [UAV->CLOUD] BLK:c99b|TX:7.0.0.6|CID:2|TS:13.370|SPD:19.9|HDG:-0.9|PX:267.9|PY:-30.0|...
✓ [CAR 2] ACT=OK REP=0.908 RWD=1.000 PNL=0.000 CREDIT=21
[PASSIVE-BEACON] SIMNOW:13.496 CID:9 ZONE:1 RXUAV:1 EDGEPORT:9998 TS:13.482 SPD:20.300 HDG:-0.000 PX:289.900 PY:-50.000 LAN:5 BRK:1 RX_X:0.000 RX_Y:0.000 RX_Z:0.000
[ZONE-ROUTE] CID:9 zone=1 edge_port=9998
[EDGE-RTT] CID:9 wall=1.2 ms  sim_delay=5.0 ms
>>> [UAV->CLOUD] BLK:960d|TX:7.0.0.13|CID:9|TS:13.482|SPD:20.3|HDG:-0.0|PX:289.9|PY:-50.0...
[PASSIVE-BEACON] SIMNOW:13.506 CID:8 ZONE:1 RXUAV:1 EDGEPORT:9998 TS:13.492 SPD:20.400 HDG:-0.400 PX:289.200 PY:-40.000 LAN:4 BRK:0 RX_X:0.000 RX_Y:0.000 RX_Z:0.000
[ZONE-ROUTE] CID:8 zone=1 edge_port=9998
[EDGE-RTT] CID:8 wall=0.9 ms  sim_delay=5.0 ms
>>> [UAV->CLOUD] BLK:a6e1|TX:7.0.0.12|CID:8|TS:13.492|SPD:20.4|HDG:-0.4|PX:289.2|PY:-40.0...
✓ [CAR 9] ACT=OK REP=0.865 RWD=1.000 PNL=0.000 CREDIT=21
✓ [CAR 8] ACT=OK REP=0.980 RWD=1.000 PNL=0.000 CREDIT=21
[PASSIVE-BEACON] SIMNOW:13.534 CID:3 ZONE:1 RXUAV:1 EDGEPORT:9998 TS:13.520 SPD:19.700 HDG:0.800 PX:270.700 PY:-40.000 LAN:4 BRK:0 RX_X:0.000 RX_Y:0.000 RX_Z:0.000
[ZONE-ROUTE] CID:3 zone=1 edge_port=9998
[EDGE-RTT] CID:3 wall=1.1 ms  sim_delay=5.0 ms
>>> [UAV->CLOUD] BLK:61a9|TX:7.0.0.7|CID:3|TS:13.520|SPD:19.7|HDG:0.8|PX:270.7|PY:-40.0|L...
[PASSIVE-BEACON] SIMNOW:13.536 CID:6 ZONE:1 RXUAV:1 EDGEPORT:9998 TS:13.522 SPD:25.200 HDG:0.000 PX:295.400 PY:-20.000 LAN:2 BRK:0 RX_X:0.000 RX_Y:0.000 RX_Z:0.000
[ZONE-ROUTE] CID:6 zone=1 edge_port=9998
[EDGE-RTT] CID:6 wall=0.9 ms  sim_delay=5.0 ms
>>> [UAV->CLOUD] BLK:2577|TX:7.0.0.10|CID:6|TS:13.522|SPD:25.2|HDG:0.0|PX:295.4|PY:-20.0|...
✓ [CAR 3] ACT=OK REP=0.879 RWD=1.000 PNL=0.000 CREDIT=21
[ECON-CLAWBACK] CID:6 ACT=WARN prior_payoff=5.174 extra_penalty=3.837 new_payoff=1.241
[FORGIVENESS] CID:6 WARN #2 — streak reset, benefits revoked
⚠ [CAR 6] ACT=WARN REP=1.000 RWD=0.000 PNL=3.933 CREDIT=-2
[PASSIVE-BEACON] SIMNOW:13.646 CID:7 ZONE:1 RXUAV:1 EDGEPORT:9998 TS:13.632 SPD:20.100 HDG:1.300 PX:293.200 PY:-30.000 LAN:3 BRK:0 RX_X:0.000 RX_Y:0.000 RX_Z:0.000
[ZONE-ROUTE] CID:7 zone=1 edge_port=9998
[EDGE-RTT] CID:7 wall=1.4 ms  sim_delay=5.0 ms
>>> [UAV->CLOUD] BLK:39d4|TX:7.0.0.11|CID:7|TS:13.632|SPD:20.1|HDG:1.3|PX:293.2|PY:-30.0|...
✓ [CAR 7] ACT=OK REP=0.905 RWD=1.000 PNL=0.000 CREDIT=23
[PASSIVE-BEACON] SIMNOW:13.734 CID:1 ZONE:1 RXUAV:1 EDGEPORT:9998 TS:13.720 SPD:24.600 HDG:0.800 PX:280.400 PY:-20.000 LAN:2 BRK:0 RX_X:0.000 RX_Y:0.000 RX_Z:0.000
[ZONE-ROUTE] CID:1 zone=1 edge_port=9998
[EDGE-RTT] CID:1 wall=1.2 ms  sim_delay=5.0 ms
>>> [UAV->CLOUD] BLK:b574|TX:7.0.0.5|CID:1|TS:13.720|SPD:24.6|HDG:0.8|PX:280.4|PY:-20.0|L...
[PASSIVE-BEACON] SIMNOW:13.734 CID:0 ZONE:1 RXUAV:1 EDGEPORT:9998 TS:13.720 SPD:25.000 HDG:1.900 PX:290.300 PY:-10.000 LAN:1 BRK:1 RX_X:0.000 RX_Y:0.000 RX_Z:0.000
[ZONE-ROUTE] CID:0 zone=1 edge_port=9998
[EDGE-RTT] CID:0 wall=2.6 ms  sim_delay=10.0 ms
>>> [UAV->CLOUD] BLK:f883|TX:7.0.0.4|CID:0|TS:13.720|SPD:25.0|HDG:1.9|PX:290.3|PY:-10.0|L...
[ECON-CLAWBACK] CID:1 ACT=WARN prior_payoff=1.1 extra_penalty=2.1 new_payoff=-1.0
[FORGIVENESS] CID:1 WARN #3 — streak reset, benefits revoked
⚠ [CAR 1] ACT=WARN REP=1.000 RWD=0.000 PNL=2.154 CREDIT=-2
[ECON-CLAWBACK] CID:0 ACT=WARN prior_payoff=-7.684 extra_penalty=2.500 new_payoff=-10.285
[FORGIVENESS] CID:0 WARN #7 — streak reset, benefits revoked
⚠ [CAR 0] ACT=WARN REP=0.682 RWD=0.000 PNL=2.601 CREDIT=-2
[PASSIVE-BEACON] SIMNOW:13.804 CID:4 ZONE:1 RXUAV:1 EDGEPORT:9998 TS:13.790 SPD:20.100 HDG:-0.400 PX:276.500 PY:-50.000 LAN:5 BRK:0 RX_X:0.000 RX_Y:0.000 RX_Z:0.000
[ZONE-ROUTE] CID:4 zone=1 edge_port=9998
[EDGE-RTT] CID:4 wall=1.2 ms  sim_delay=5.0 ms
>>> [UAV->CLOUD] BLK:960d|TX:7.0.0.8|CID:4|TS:13.790|SPD:20.1|HDG:-0.4|PX:276.5|PY:-50.0|...
✓ [CAR 4] ACT=OK REP=0.887 RWD=1.000 PNL=0.000 CREDIT=23
[PASSIVE-BEACON] SIMNOW:13.884 CID:2 ZONE:1 RXUAV:1 EDGEPORT:9998 TS:13.870 SPD:20.400 HDG:-0.800 PX:276.900 PY:-30.000 LAN:3 BRK:0 RX_X:0.000 RX_Y:0.000 RX_Z:0.000
[ZONE-ROUTE] CID:2 zone=1 edge_port=9998
[EDGE-RTT] CID:2 wall=1.2 ms  sim_delay=5.0 ms
>>> [UAV->CLOUD] BLK:9a7a|TX:7.0.0.6|CID:2|TS:13.870|SPD:20.4|HDG:-0.8|PX:276.9|PY:-30.0|...
✓ [CAR 2] ACT=OK REP=0.989 RWD=1.000 PNL=0.000 CREDIT=22
[PASSIVE-BEACON] SIMNOW:13.996 CID:9 ZONE:1 RXUAV:1 EDGEPORT:9998 TS:13.982 SPD:19.800 HDG:-0.600 PX:300.000 PY:-50.000 LAN:5 BRK:0 RX_X:0.000 RX_Y:0.000 RX_Z:0.000
[ZONE-ROUTE] CID:9 zone=1 edge_port=9998
[EDGE-RTT] CID:9 wall=1.1 ms  sim_delay=5.0 ms
>>> [UAV->CLOUD] BLK:a1c4|TX:7.0.0.13|CID:9|TS:13.982|SPD:19.8|HDG:-0.6|PX:300.0|PY:-50.0...
[PASSIVE-BEACON] SIMNOW:14.006 CID:8 ZONE:1 RXUAV:1 EDGEPORT:9998 TS:13.992 SPD:20.200 HDG:-0.400 PX:300.000 PY:-40.000 LAN:4 BRK:0 RX_X:0.000 RX_Y:0.000 RX_Z:0.000
[ZONE-ROUTE] CID:8 zone=1 edge_port=9998
[EDGE-RTT] CID:8 wall=1.2 ms  sim_delay=5.0 ms
>>> [UAV->CLOUD] BLK:8d93|TX:7.0.0.12|CID:8|TS:13.992|SPD:20.2|HDG:-0.4|PX:300.0|PY:-40.0...
✓ [CAR 9] ACT=OK REP=0.976 RWD=1.000 PNL=0.000 CREDIT=22
✓ [CAR 8] ACT=OK REP=1.000 RWD=1.000 PNL=0.000 CREDIT=22
[PASSIVE-BEACON] SIMNOW:14.034 CID:3 ZONE:1 RXUAV:1 EDGEPORT:9998 TS:14.020 SPD:19.900 HDG:-0.200 PX:279.700 PY:-40.000 LAN:4 BRK:0 RX_X:0.000 RX_Y:0.000 RX_Z:0.000
[ZONE-ROUTE] CID:3 zone=1 edge_port=9998
[EDGE-RTT] CID:3 wall=1.2 ms  sim_delay=5.0 ms
>>> [UAV->CLOUD] BLK:5e40|TX:7.0.0.7|CID:3|TS:14.020|SPD:19.9|HDG:-0.2|PX:279.7|PY:-40.0|...
[PASSIVE-BEACON] SIMNOW:14.036 CID:6 ZONE:1 RXUAV:1 EDGEPORT:9998 TS:14.022 SPD:24.600 HDG:-0.400 PX:308.200 PY:-20.000 LAN:2 BRK:0 RX_X:0.000 RX_Y:0.000 RX_Z:0.000
[ZONE-ROUTE] CID:6 zone=1 edge_port=9998
[EDGE-RTT] CID:6 wall=1.0 ms  sim_delay=5.0 ms
>>> [UAV->CLOUD] BLK:7232|TX:7.0.0.10|CID:6|TS:14.022|SPD:24.6|HDG:-0.4|PX:308.2|PY:-20.0...
✓ [CAR 3] ACT=OK REP=1.000 RWD=1.000 PNL=0.000 CREDIT=22
[ECON-CLAWBACK] CID:6 ACT=WARN prior_payoff=1.241 extra_penalty=2.121 new_payoff=-0.974
[FORGIVENESS] CID:6 WARN #3 — streak reset, benefits revoked
⚠ [CAR 6] ACT=WARN REP=0.571 RWD=0.000 PNL=2.216 CREDIT=-2
[PASSIVE-BEACON] SIMNOW:14.146 CID:7 ZONE:1 RXUAV:1 EDGEPORT:9998 TS:14.132 SPD:20.100 HDG:1.900 PX:301.900 PY:-30.000 LAN:3 BRK:0 RX_X:0.000 RX_Y:0.000 RX_Z:0.000
[ZONE-ROUTE] CID:7 zone=1 edge_port=9998
[EDGE-RTT] CID:7 wall=1.4 ms  sim_delay=5.0 ms
>>> [UAV->CLOUD] BLK:b39e|TX:7.0.0.11|CID:7|TS:14.132|SPD:20.1|HDG:1.9|PX:301.9|PY:-30.0|...
✓ [CAR 7] ACT=OK REP=0.870 RWD=1.000 PNL=0.000 CREDIT=24
[PASSIVE-BEACON] SIMNOW:14.234 CID:1 ZONE:1 RXUAV:1 EDGEPORT:9998 TS:14.220 SPD:24.900 HDG:-0.600 PX:293.100 PY:-20.000 LAN:2 BRK:1 RX_X:0.000 RX_Y:0.000 RX_Z:0.000
[ZONE-ROUTE] CID:1 zone=1 edge_port=9998
[EDGE-RTT] CID:1 wall=1.3 ms  sim_delay=5.0 ms
>>> [UAV->CLOUD] BLK:b6be|TX:7.0.0.5|CID:1|TS:14.220|SPD:24.9|HDG:-0.6|PX:293.1|PY:-20.0|...
[PASSIVE-BEACON] SIMNOW:14.234 CID:0 ZONE:1 RXUAV:1 EDGEPORT:9998 TS:14.220 SPD:25.300 HDG:-0.900 PX:303.300 PY:-10.000 LAN:1 BRK:0 RX_X:0.000 RX_Y:0.000 RX_Z:0.000
[ZONE-ROUTE] CID:0 zone=1 edge_port=9998
[EDGE-RTT] CID:0 wall=1.9 ms  sim_delay=10.0 ms
>>> [UAV->CLOUD] BLK:51de|TX:7.0.0.4|CID:0|TS:14.220|SPD:25.3|HDG:-0.9|PX:303.3|PY:-10.0|...
[ECON-CLAWBACK] CID:0 ACT=WARN prior_payoff=-10.3 extra_penalty=2.8 new_payoff=-13.1
[FORGIVENESS] CID:0 WARN #8 — streak reset, benefits revoked
⚠ [CAR 0] ACT=WARN REP=0.651 RWD=0.000 PNL=2.852 CREDIT=-2
[ECON-CLAWBACK] CID:1 ACT=WARN prior_payoff=-1.038 extra_penalty=1.750 new_payoff=-2.887
[FORGIVENESS] CID:1 WARN #4 — streak reset, benefits revoked
⚠ [CAR 1] ACT=WARN REP=0.903 RWD=0.000 PNL=1.849 CREDIT=-2
[PASSIVE-BEACON] SIMNOW:14.304 CID:4 ZONE:1 RXUAV:1 EDGEPORT:9998 TS:14.290 SPD:20.300 HDG:-0.600 PX:285.600 PY:-50.000 LAN:5 BRK:0 RX_X:0.000 RX_Y:0.000 RX_Z:0.000
[ZONE-ROUTE] CID:4 zone=1 edge_port=9998
[EDGE-RTT] CID:4 wall=1.1 ms  sim_delay=5.0 ms
>>> [UAV->CLOUD] BLK:1445|TX:7.0.0.8|CID:4|TS:14.290|SPD:20.3|HDG:-0.6|PX:285.6|PY:-50.0|...
✓ [CAR 4] ACT=OK REP=0.927 RWD=1.000 PNL=0.000 CREDIT=24
[PASSIVE-BEACON] SIMNOW:14.384 CID:2 ZONE:1 RXUAV:1 EDGEPORT:9998 TS:14.370 SPD:20.400 HDG:-1.800 PX:287.100 PY:-30.000 LAN:3 BRK:0 RX_X:0.000 RX_Y:0.000 RX_Z:0.000
[ZONE-ROUTE] CID:2 zone=1 edge_port=9998
[EDGE-RTT] CID:2 wall=1.3 ms  sim_delay=5.0 ms
>>> [UAV->CLOUD] BLK:f942|TX:7.0.0.6|CID:2|TS:14.370|SPD:20.4|HDG:-1.8|PX:287.1|PY:-30.0|...
✓ [CAR 2] ACT=OK REP=0.867 RWD=1.000 PNL=0.000 CREDIT=23
[PASSIVE-BEACON] SIMNOW:14.496 CID:9 ZONE:1 RXUAV:1 EDGEPORT:9998 TS:14.482 SPD:20.000 HDG:0.700 PX:309.800 PY:-50.000 LAN:5 BRK:1 RX_X:0.000 RX_Y:0.000 RX_Z:0.000
[ZONE-ROUTE] CID:9 zone=1 edge_port=9998
[EDGE-RTT] CID:9 wall=1.3 ms  sim_delay=5.0 ms
>>> [UAV->CLOUD] BLK:7204|TX:7.0.0.13|CID:9|TS:14.482|SPD:20.0|HDG:0.7|PX:309.8|PY:-50.0|...
[PASSIVE-BEACON] SIMNOW:14.506 CID:8 ZONE:1 RXUAV:1 EDGEPORT:9998 TS:14.492 SPD:20.000 HDG:-1.900 PX:309.400 PY:-40.000 LAN:4 BRK:1 RX_X:0.000 RX_Y:0.000 RX_Z:0.000
[ZONE-ROUTE] CID:8 zone=1 edge_port=9998
[EDGE-RTT] CID:8 wall=1.0 ms  sim_delay=5.0 ms
>>> [UAV->CLOUD] BLK:625a|TX:7.0.0.12|CID:8|TS:14.492|SPD:20.0|HDG:-1.9|PX:309.4|PY:-40.0...
✓ [CAR 9] ACT=OK REP=0.983 RWD=1.000 PNL=0.000 CREDIT=23
✓ [CAR 8] ACT=OK REP=0.847 RWD=1.000 PNL=0.000 CREDIT=23
[PASSIVE-BEACON] SIMNOW:14.534 CID:3 ZONE:1 RXUAV:1 EDGEPORT:9998 TS:14.520 SPD:19.800 HDG:-1.600 PX:290.600 PY:-40.000 LAN:4 BRK:1 RX_X:0.000 RX_Y:0.000 RX_Z:0.000
[ZONE-ROUTE] CID:3 zone=1 edge_port=9998
[EDGE-RTT] CID:3 wall=1.4 ms  sim_delay=5.0 ms
>>> [UAV->CLOUD] BLK:d1d7|TX:7.0.0.7|CID:3|TS:14.520|SPD:19.8|HDG:-1.6|PX:290.6|PY:-40.0|...
[PASSIVE-BEACON] SIMNOW:14.536 CID:6 ZONE:1 RXUAV:1 EDGEPORT:9998 TS:14.522 SPD:25.300 HDG:-1.500 PX:319.900 PY:-20.000 LAN:2 BRK:0 RX_X:0.000 RX_Y:0.000 RX_Z:0.000
[ZONE-ROUTE] CID:6 zone=1 edge_port=9998
[EDGE-RTT] CID:6 wall=1.0 ms  sim_delay=5.0 ms
>>> [UAV->CLOUD] BLK:4581|TX:7.0.0.10|CID:6|TS:14.522|SPD:25.3|HDG:-1.5|PX:319.9|PY:-20.0...
✓ [CAR 3] ACT=OK REP=0.863 RWD=1.000 PNL=0.000 CREDIT=23
[ECON-CLAWBACK] CID:6 ACT=WARN prior_payoff=-0.974 extra_penalty=1.750 new_payoff=-2.824
[FORGIVENESS] CID:6 WARN #4 — streak reset, benefits revoked
⚠ [CAR 6] ACT=WARN REP=0.991 RWD=0.000 PNL=1.850 CREDIT=-2
[PASSIVE-BEACON] SIMNOW:14.646 CID:7 ZONE:1 RXUAV:1 EDGEPORT:9998 TS:14.632 SPD:25.300 HDG:0.600 PX:312.500 PY:-30.000 LAN:3 BRK:1 RX_X:0.000 RX_Y:0.000 RX_Z:0.000
[ZONE-ROUTE] CID:7 zone=1 edge_port=9998
[EDGE-RTT] CID:7 wall=1.3 ms  sim_delay=5.0 ms
>>> [UAV->CLOUD] BLK:fa01|TX:7.0.0.11|CID:7|TS:14.632|SPD:25.3|HDG:0.6|PX:312.5|PY:-30.0|...
[ECON-CLAWBACK] CID:7 ACT=WARN prior_payoff=28.0 extra_penalty=22.0 new_payoff=5.9
[TRUST-REVOKED] CID:7 benefits revoked logically; lane=3 speed=20.0 latency=10.0ms
[FORGIVENESS] CID:7 WARN #1 — streak reset, benefits revoked
⚠ [CAR 7] ACT=WARN REP=0.887 RWD=0.000 PNL=22.074 CREDIT=23
[PASSIVE-BEACON] SIMNOW:14.734 CID:1 ZONE:1 RXUAV:1 EDGEPORT:9998 TS:14.720 SPD:24.700 HDG:-1.300 PX:305.400 PY:-20.000 LAN:2 BRK:0 RX_X:0.000 RX_Y:0.000 RX_Z:0.000
[ZONE-ROUTE] CID:1 zone=1 edge_port=9998
[EDGE-RTT] CID:1 wall=1.0 ms  sim_delay=5.0 ms
>>> [UAV->CLOUD] BLK:ad2f|TX:7.0.0.5|CID:1|TS:14.720|SPD:24.7|HDG:-1.3|PX:305.4|PY:-20.0|...
[PASSIVE-BEACON] SIMNOW:14.734 CID:0 ZONE:1 RXUAV:1 EDGEPORT:9998 TS:14.720 SPD:25.200 HDG:-0.800 PX:314.800 PY:-10.000 LAN:1 BRK:1 RX_X:0.000 RX_Y:0.000 RX_Z:0.000
[ZONE-ROUTE] CID:0 zone=1 edge_port=9998
[EDGE-RTT] CID:0 wall=2.4 ms  sim_delay=10.0 ms
>>> [UAV->CLOUD] BLK:fb7c|TX:7.0.0.4|CID:0|TS:14.720|SPD:25.2|HDG:-0.8|PX:314.8|PY:-10.0|...
[ECON-CLAWBACK] CID:1 ACT=WARN prior_payoff=-2.9 extra_penalty=2.0 new_payoff=-5.0
[FORGIVENESS] CID:1 WARN #5 — streak reset, benefits revoked
⚠ [CAR 1] ACT=WARN REP=0.965 RWD=0.000 PNL=2.100 CREDIT=-2
[ECON-CLAWBACK] CID:0 ACT=WARN prior_payoff=-13.137 extra_penalty=3.000 new_payoff=-16.239
[FORGIVENESS] CID:0 WARN #9 — streak reset, benefits revoked
⚠ [CAR 0] ACT=WARN REP=0.787 RWD=0.000 PNL=3.102 CREDIT=-2
[PASSIVE-BEACON] SIMNOW:14.804 CID:4 ZONE:1 RXUAV:1 EDGEPORT:9998 TS:14.790 SPD:19.600 HDG:-0.000 PX:295.200 PY:-50.000 LAN:5 BRK:0 RX_X:0.000 RX_Y:0.000 RX_Z:0.000
[ZONE-ROUTE] CID:4 zone=1 edge_port=9998
[EDGE-RTT] CID:4 wall=1.2 ms  sim_delay=5.0 ms
>>> [UAV->CLOUD] BLK:c5d6|TX:7.0.0.8|CID:4|TS:14.790|SPD:19.6|HDG:-0.0|PX:295.2|PY:-50.0|...
✓ [CAR 4] ACT=OK REP=1.000 RWD=1.000 PNL=0.000 CREDIT=25
[PASSIVE-BEACON] SIMNOW:14.884 CID:2 ZONE:1 RXUAV:1 EDGEPORT:9998 TS:14.870 SPD:25.400 HDG:-0.200 PX:298.900 PY:-30.000 LAN:3 BRK:0 RX_X:0.000 RX_Y:0.000 RX_Z:0.000
[ZONE-ROUTE] CID:2 zone=1 edge_port=9998
[EDGE-RTT] CID:2 wall=1.3 ms  sim_delay=5.0 ms
>>> [UAV->CLOUD] BLK:2545|TX:7.0.0.6|CID:2|TS:14.870|SPD:25.4|HDG:-0.2|PX:298.9|PY:-30.0|...
[ECON-CLAWBACK] CID:2 ACT=WARN prior_payoff=27.0 extra_penalty=21.2 new_payoff=5.7
[TRUST-REVOKED] CID:2 benefits revoked logically; lane=3 speed=20.0 latency=10.0ms
[FORGIVENESS] CID:2 WARN #1 — streak reset, benefits revoked
⚠ [CAR 2] ACT=WARN REP=0.855 RWD=0.000 PNL=21.325 CREDIT=22
[PASSIVE-BEACON] SIMNOW:14.996 CID:9 ZONE:1 RXUAV:1 EDGEPORT:9998 TS:14.982 SPD:19.900 HDG:-0.900 PX:319.300 PY:-50.000 LAN:5 BRK:0 RX_X:0.000 RX_Y:0.000 RX_Z:0.000
[ZONE-ROUTE] CID:9 zone=1 edge_port=9998
[EDGE-RTT] CID:9 wall=1.2 ms  sim_delay=5.0 ms
>>> [UAV->CLOUD] BLK:f95f|TX:7.0.0.13|CID:9|TS:14.982|SPD:19.9|HDG:-0.9|PX:319.3|PY:-50.0...
[PASSIVE-BEACON] SIMNOW:15.006 CID:8 ZONE:1 RXUAV:1 EDGEPORT:9998 TS:14.992 SPD:20.400 HDG:-0.400 PX:320.400 PY:-40.000 LAN:4 BRK:0 RX_X:0.000 RX_Y:0.000 RX_Z:0.000
[ZONE-ROUTE] CID:8 zone=1 edge_port=9998
[EDGE-RTT] CID:8 wall=1.0 ms  sim_delay=5.0 ms
>>> [UAV->CLOUD] BLK:b9d2|TX:7.0.0.12|CID:8|TS:14.992|SPD:20.4|HDG:-0.4|PX:320.4|PY:-40.0...
✓ [CAR 9] ACT=OK REP=0.915 RWD=1.000 PNL=0.000 CREDIT=24
✓ [CAR 8] ACT=OK REP=1.000 RWD=1.000 PNL=0.000 CREDIT=24
[PASSIVE-BEACON] SIMNOW:15.034 CID:3 ZONE:1 RXUAV:1 EDGEPORT:9998 TS:15.020 SPD:20.500 HDG:0.400 PX:300.800 PY:-40.000 LAN:4 BRK:0 RX_X:0.000 RX_Y:0.000 RX_Z:0.000
[ZONE-ROUTE] CID:3 zone=1 edge_port=9998
[EDGE-RTT] CID:3 wall=1.1 ms  sim_delay=5.0 ms
>>> [UAV->CLOUD] BLK:56cc|TX:7.0.0.7|CID:3|TS:15.020|SPD:20.5|HDG:0.4|PX:300.8|PY:-40.0|L...
[PASSIVE-BEACON] SIMNOW:15.036 CID:6 ZONE:1 RXUAV:1 EDGEPORT:9998 TS:15.022 SPD:24.800 HDG:0.400 PX:333.000 PY:-20.000 LAN:2 BRK:0 RX_X:0.000 RX_Y:0.000 RX_Z:0.000
[ZONE-ROUTE] CID:6 zone=1 edge_port=9998
[EDGE-RTT] CID:6 wall=1.2 ms  sim_delay=5.0 ms
>>> [UAV->CLOUD] BLK:a95e|TX:7.0.0.10|CID:6|TS:15.022|SPD:24.8|HDG:0.4|PX:333.0|PY:-20.0|...
✓ [CAR 3] ACT=OK REP=0.915 RWD=1.000 PNL=0.000 CREDIT=24
[ECON-CLAWBACK] CID:6 ACT=WARN prior_payoff=-2.824 extra_penalty=2.000 new_payoff=-4.925
[FORGIVENESS] CID:6 WARN #5 — streak reset, benefits revoked
⚠ [CAR 6] ACT=WARN REP=0.783 RWD=0.000 PNL=2.100 CREDIT=-2
[PASSIVE-BEACON] SIMNOW:15.146 CID:7 ZONE:1 RXUAV:1 EDGEPORT:9998 TS:15.132 SPD:25.300 HDG:0.400 PX:326.100 PY:-30.000 LAN:3 BRK:0 RX_X:0.000 RX_Y:0.000 RX_Z:0.000
[ZONE-ROUTE] CID:7 zone=1 edge_port=9998
[EDGE-RTT] CID:7 wall=1.3 ms  sim_delay=5.0 ms
>>> [UAV->CLOUD] BLK:fbb7|TX:7.0.0.11|CID:7|TS:15.132|SPD:25.3|HDG:0.4|PX:326.1|PY:-30.0|...
[ECON-CLAWBACK] CID:7 ACT=WARN prior_payoff=5.9 extra_penalty=4.2 new_payoff=1.6
[FORGIVENESS] CID:7 WARN #2 — streak reset, benefits revoked
⚠ [CAR 7] ACT=WARN REP=0.852 RWD=0.000 PNL=4.308 CREDIT=-2
[PASSIVE-BEACON] SIMNOW:15.234 CID:1 ZONE:1 RXUAV:1 EDGEPORT:9998 TS:15.220 SPD:25.400 HDG:1.700 PX:317.900 PY:-20.000 LAN:2 BRK:0 RX_X:0.000 RX_Y:0.000 RX_Z:0.000
[ZONE-ROUTE] CID:1 zone=1 edge_port=9998
[EDGE-RTT] CID:1 wall=1.1 ms  sim_delay=5.0 ms
>>> [UAV->CLOUD] BLK:2e07|TX:7.0.0.5|CID:1|TS:15.220|SPD:25.4|HDG:1.7|PX:317.9|PY:-20.0|L...
[PASSIVE-BEACON] SIMNOW:15.234 CID:0 ZONE:1 RXUAV:1 EDGEPORT:9998 TS:15.220 SPD:25.400 HDG:-1.000 PX:328.400 PY:-10.000 LAN:1 BRK:0 RX_X:0.000 RX_Y:0.000 RX_Z:0.000
[ZONE-ROUTE] CID:0 zone=1 edge_port=9998
[EDGE-RTT] CID:0 wall=2.1 ms  sim_delay=10.0 ms
>>> [UAV->CLOUD] BLK:066e|TX:7.0.0.4|CID:0|TS:15.220|SPD:25.4|HDG:-1.0|PX:328.4|PY:-10.0|...
[ECON-CLAWBACK] CID:1 ACT=WARN prior_payoff=-5.0 extra_penalty=2.2 new_payoff=-7.3
[FORGIVENESS] CID:1 WARN #6 — streak reset, benefits revoked
⚠ [CAR 1] ACT=WARN REP=0.665 RWD=0.000 PNL=2.352 CREDIT=-2
[ECON-CLAWBACK] CID:0 ACT=WARN prior_payoff=-16.239 extra_penalty=3.250 new_payoff=-19.592
[FORGIVENESS] CID:0 WARN #10 — streak reset, benefits revoked
⚠ [CAR 0] ACT=WARN REP=0.364 RWD=0.000 PNL=3.353 CREDIT=-2
[PASSIVE-BEACON] SIMNOW:15.304 CID:4 ZONE:1 RXUAV:1 EDGEPORT:9998 TS:15.290 SPD:20.000 HDG:1.400 PX:305.500 PY:-50.000 LAN:5 BRK:0 RX_X:0.000 RX_Y:0.000 RX_Z:0.000
[ZONE-ROUTE] CID:4 zone=1 edge_port=9998
[EDGE-RTT] CID:4 wall=1.3 ms  sim_delay=5.0 ms
>>> [UAV->CLOUD] BLK:fcb3|TX:7.0.0.8|CID:4|TS:15.290|SPD:20.0|HDG:1.4|PX:305.5|PY:-50.0|L...
✓ [CAR 4] ACT=OK REP=0.892 RWD=1.000 PNL=0.000 CREDIT=26
[PASSIVE-BEACON] SIMNOW:15.384 CID:2 ZONE:1 RXUAV:1 EDGEPORT:9998 TS:15.370 SPD:25.400 HDG:-1.600 PX:312.200 PY:-30.000 LAN:3 BRK:0 RX_X:0.000 RX_Y:0.000 RX_Z:0.000
[ZONE-ROUTE] CID:2 zone=1 edge_port=9998
[EDGE-RTT] CID:2 wall=1.3 ms  sim_delay=5.0 ms
>>> [UAV->CLOUD] BLK:ec2e|TX:7.0.0.6|CID:2|TS:15.370|SPD:25.4|HDG:-1.6|PX:312.2|PY:-30.0|...
[ECON-CLAWBACK] CID:2 ACT=WARN prior_payoff=5.7 extra_penalty=4.1 new_payoff=1.5
[FORGIVENESS] CID:2 WARN #2 — streak reset, benefits revoked
⚠ [CAR 2] ACT=WARN REP=1.000 RWD=0.000 PNL=4.183 CREDIT=-2
[PASSIVE-BEACON] SIMNOW:15.496 CID:9 ZONE:1 RXUAV:1 EDGEPORT:9998 TS:15.482 SPD:20.300 HDG:-0.900 PX:330.200 PY:-50.000 LAN:5 BRK:1 RX_X:0.000 RX_Y:0.000 RX_Z:0.000
[ZONE-ROUTE] CID:9 zone=1 edge_port=9998
[EDGE-RTT] CID:9 wall=0.9 ms  sim_delay=5.0 ms
>>> [UAV->CLOUD] BLK:0a95|TX:7.0.0.13|CID:9|TS:15.482|SPD:20.3|HDG:-0.9|PX:330.2|PY:-50.0...
[PASSIVE-BEACON] SIMNOW:15.506 CID:8 ZONE:1 RXUAV:1 EDGEPORT:9998 TS:15.492 SPD:20.100 HDG:-1.300 PX:330.300 PY:-40.000 LAN:4 BRK:0 RX_X:0.000 RX_Y:0.000 RX_Z:0.000
[ZONE-ROUTE] CID:8 zone=1 edge_port=9998
[EDGE-RTT] CID:8 wall=1.2 ms  sim_delay=5.0 ms
>>> [UAV->CLOUD] BLK:2ea6|TX:7.0.0.12|CID:8|TS:15.492|SPD:20.1|HDG:-1.3|PX:330.3|PY:-40.0...
✓ [CAR 9] ACT=OK REP=0.972 RWD=1.000 PNL=0.000 CREDIT=25
✓ [CAR 8] ACT=OK REP=0.808 RWD=1.000 PNL=0.000 CREDIT=25
[PASSIVE-BEACON] SIMNOW:15.534 CID:3 ZONE:1 RXUAV:1 EDGEPORT:9998 TS:15.520 SPD:19.700 HDG:1.400 PX:309.700 PY:-40.000 LAN:4 BRK:1 RX_X:0.000 RX_Y:0.000 RX_Z:0.000
[ZONE-ROUTE] CID:3 zone=1 edge_port=9998
[EDGE-RTT] CID:3 wall=1.1 ms  sim_delay=5.0 ms
>>> [UAV->CLOUD] BLK:efc0|TX:7.0.0.7|CID:3|TS:15.520|SPD:19.7|HDG:1.4|PX:309.7|PY:-40.0|L...
[PASSIVE-BEACON] SIMNOW:15.536 CID:6 ZONE:1 RXUAV:1 EDGEPORT:9998 TS:15.522 SPD:25.300 HDG:0.200 PX:344.700 PY:-20.000 LAN:2 BRK:1 RX_X:0.000 RX_Y:0.000 RX_Z:0.000
[ZONE-ROUTE] CID:6 zone=1 edge_port=9998
[EDGE-RTT] CID:6 wall=1.1 ms  sim_delay=5.0 ms
>>> [UAV->CLOUD] BLK:ec67|TX:7.0.0.10|CID:6|TS:15.522|SPD:25.3|HDG:0.2|PX:344.7|PY:-20.0|...
✓ [CAR 3] ACT=OK REP=0.906 RWD=1.000 PNL=0.000 CREDIT=25
[ECON-CLAWBACK] CID:6 ACT=WARN prior_payoff=-4.925 extra_penalty=2.250 new_payoff=-7.277
[FORGIVENESS] CID:6 WARN #6 — streak reset, benefits revoked
⚠ [CAR 6] ACT=WARN REP=0.696 RWD=0.000 PNL=2.352 CREDIT=-2
[PASSIVE-BEACON] SIMNOW:15.646 CID:7 ZONE:1 RXUAV:1 EDGEPORT:9998 TS:15.632 SPD:25.100 HDG:-1.100 PX:338.100 PY:-30.000 LAN:3 BRK:1 RX_X:0.000 RX_Y:0.000 RX_Z:0.000
[ZONE-ROUTE] CID:7 zone=1 edge_port=9998
[EDGE-RTT] CID:7 wall=1.1 ms  sim_delay=5.0 ms
>>> [UAV->CLOUD] BLK:edb4|TX:7.0.0.11|CID:7|TS:15.632|SPD:25.1|HDG:-1.1|PX:338.1|PY:-30.0...
[ECON-CLAWBACK] CID:7 ACT=WARN prior_payoff=1.6 extra_penalty=2.3 new_payoff=-0.8
[FORGIVENESS] CID:7 WARN #3 — streak reset, benefits revoked
⚠ [CAR 7] ACT=WARN REP=1.000 RWD=0.000 PNL=2.405 CREDIT=-2
[PASSIVE-BEACON] SIMNOW:15.734 CID:1 ZONE:1 RXUAV:1 EDGEPORT:9998 TS:15.720 SPD:24.900 HDG:-1.900 PX:329.500 PY:-20.000 LAN:2 BRK:0 RX_X:0.000 RX_Y:0.000 RX_Z:0.000
[ZONE-ROUTE] CID:1 zone=1 edge_port=9998
[EDGE-RTT] CID:1 wall=1.2 ms  sim_delay=5.0 ms
>>> [UAV->CLOUD] BLK:f6a5|TX:7.0.0.5|CID:1|TS:15.720|SPD:24.9|HDG:-1.9|PX:329.5|PY:-20.0|...
[PASSIVE-BEACON] SIMNOW:15.734 CID:0 ZONE:1 RXUAV:1 EDGEPORT:9998 TS:15.720 SPD:24.600 HDG:1.600 PX:340.300 PY:-10.000 LAN:1 BRK:0 RX_X:0.000 RX_Y:0.000 RX_Z:0.000
[ZONE-ROUTE] CID:0 zone=1 edge_port=9998
[EDGE-RTT] CID:0 wall=1.4 ms  sim_delay=10.0 ms
>>> [UAV->CLOUD] BLK:9439|TX:7.0.0.4|CID:0|TS:15.720|SPD:24.6|HDG:1.6|PX:340.3|PY:-10.0|L...
[ECON-CLAWBACK] CID:0 ACT=WARN prior_payoff=-19.6 extra_penalty=3.5 new_payoff=-23.2
[FORGIVENESS] CID:0 WARN #11 — streak reset, benefits revoked
⚠ [CAR 0] ACT=WARN REP=0.612 RWD=0.000 PNL=3.600 CREDIT=-2
[ECON-CLAWBACK] CID:1 ACT=WARN prior_payoff=-7.339 extra_penalty=2.500 new_payoff=-9.940
[FORGIVENESS] CID:1 WARN #7 — streak reset, benefits revoked
⚠ [CAR 1] ACT=WARN REP=0.727 RWD=0.000 PNL=2.601 CREDIT=-2
[PASSIVE-BEACON] SIMNOW:15.804 CID:4 ZONE:1 RXUAV:1 EDGEPORT:9998 TS:15.790 SPD:20.500 HDG:-1.100 PX:316.300 PY:-50.000 LAN:5 BRK:0 RX_X:0.000 RX_Y:0.000 RX_Z:0.000
[ZONE-ROUTE] CID:4 zone=1 edge_port=9998
[EDGE-RTT] CID:4 wall=1.1 ms  sim_delay=5.0 ms
>>> [UAV->CLOUD] BLK:3fa2|TX:7.0.0.8|CID:4|TS:15.790|SPD:20.5|HDG:-1.1|PX:316.3|PY:-50.0|...
✓ [CAR 4] ACT=OK REP=1.000 RWD=1.000 PNL=0.000 CREDIT=27
[PASSIVE-BEACON] SIMNOW:15.884 CID:2 ZONE:1 RXUAV:1 EDGEPORT:9998 TS:15.870 SPD:24.700 HDG:-0.200 PX:323.800 PY:-30.000 LAN:3 BRK:0 RX_X:0.000 RX_Y:0.000 RX_Z:0.000
[ZONE-ROUTE] CID:2 zone=1 edge_port=9998
[EDGE-RTT] CID:2 wall=1.4 ms  sim_delay=5.0 ms
>>> [UAV->CLOUD] BLK:5559|TX:7.0.0.6|CID:2|TS:15.870|SPD:24.7|HDG:-0.2|PX:323.8|PY:-30.0|...
[ECON-CLAWBACK] CID:2 ACT=WARN prior_payoff=1.5 extra_penalty=2.2 new_payoff=-0.9
[FORGIVENESS] CID:2 WARN #3 — streak reset, benefits revoked
⚠ [CAR 2] ACT=WARN REP=0.685 RWD=0.000 PNL=2.341 CREDIT=-2
[PASSIVE-BEACON] SIMNOW:15.996 CID:9 ZONE:1 RXUAV:1 EDGEPORT:9998 TS:15.982 SPD:20.100 HDG:0.900 PX:339.400 PY:-50.000 LAN:5 BRK:0 RX_X:0.000 RX_Y:0.000 RX_Z:0.000
[ZONE-ROUTE] CID:9 zone=1 edge_port=9998
[EDGE-RTT] CID:9 wall=1.1 ms  sim_delay=5.0 ms
>>> [UAV->CLOUD] BLK:4bfc|TX:7.0.0.13|CID:9|TS:15.982|SPD:20.1|HDG:0.9|PX:339.4|PY:-50.0|...
[PASSIVE-BEACON] SIMNOW:16.006 CID:8 ZONE:1 RXUAV:1 EDGEPORT:9998 TS:15.992 SPD:20.000 HDG:1.600 PX:339.300 PY:-40.000 LAN:4 BRK:0 RX_X:0.000 RX_Y:0.000 RX_Z:0.000
[ZONE-ROUTE] CID:8 zone=1 edge_port=9998
[EDGE-RTT] CID:8 wall=1.1 ms  sim_delay=5.0 ms
>>> [UAV->CLOUD] BLK:f1c3|TX:7.0.0.12|CID:8|TS:15.992|SPD:20.0|HDG:1.6|PX:339.3|PY:-40.0|...
✓ [CAR 9] ACT=OK REP=1.000 RWD=1.000 PNL=0.000 CREDIT=26
✓ [CAR 8] ACT=OK REP=1.000 RWD=1.000 PNL=0.000 CREDIT=26
[PASSIVE-BEACON] SIMNOW:16.034 CID:3 ZONE:1 RXUAV:1 EDGEPORT:9998 TS:16.020 SPD:20.300 HDG:-1.900 PX:319.800 PY:-40.000 LAN:4 BRK:0 RX_X:0.000 RX_Y:0.000 RX_Z:0.000
[ZONE-ROUTE] CID:3 zone=1 edge_port=9998
[EDGE-RTT] CID:3 wall=1.2 ms  sim_delay=5.0 ms
>>> [UAV->CLOUD] BLK:f48b|TX:7.0.0.7|CID:3|TS:16.020|SPD:20.3|HDG:-1.9|PX:319.8|PY:-40.0|...
[PASSIVE-BEACON] SIMNOW:16.036 CID:6 ZONE:1 RXUAV:1 EDGEPORT:9998 TS:16.022 SPD:24.700 HDG:1.100 PX:358.400 PY:-20.000 LAN:2 BRK:0 RX_X:0.000 RX_Y:0.000 RX_Z:0.000
[ZONE-ROUTE] CID:6 zone=1 edge_port=9998
[EDGE-RTT] CID:6 wall=0.8 ms  sim_delay=5.0 ms
>>> [UAV->CLOUD] BLK:a3fd|TX:7.0.0.10|CID:6|TS:16.022|SPD:24.7|HDG:1.1|PX:358.4|PY:-20.0|...
✓ [CAR 3] ACT=OK REP=1.000 RWD=1.000 PNL=0.000 CREDIT=26
[ECON-CLAWBACK] CID:6 ACT=WARN prior_payoff=-7.277 extra_penalty=2.500 new_payoff=-9.876
[FORGIVENESS] CID:6 WARN #7 — streak reset, benefits revoked
⚠ [CAR 6] ACT=WARN REP=0.877 RWD=0.000 PNL=2.599 CREDIT=-2
[PASSIVE-BEACON] SIMNOW:16.146 CID:7 ZONE:1 RXUAV:1 EDGEPORT:9998 TS:16.132 SPD:24.600 HDG:-0.200 PX:350.400 PY:-30.000 LAN:3 BRK:0 RX_X:0.000 RX_Y:0.000 RX_Z:0.000
[ZONE-ROUTE] CID:7 zone=1 edge_port=9998
[EDGE-RTT] CID:7 wall=1.3 ms  sim_delay=5.0 ms
>>> [UAV->CLOUD] BLK:5756|TX:7.0.0.11|CID:7|TS:16.132|SPD:24.6|HDG:-0.2|PX:350.4|PY:-30.0...
[ECON-CLAWBACK] CID:7 ACT=WARN prior_payoff=-0.8 extra_penalty=1.8 new_payoff=-2.6
[FORGIVENESS] CID:7 WARN #4 — streak reset, benefits revoked
⚠ [CAR 7] ACT=WARN REP=0.926 RWD=0.000 PNL=1.847 CREDIT=-2
[PASSIVE-BEACON] SIMNOW:16.234 CID:1 ZONE:1 RXUAV:1 EDGEPORT:9998 TS:16.220 SPD:25.400 HDG:-1.200 PX:342.700 PY:-20.000 LAN:2 BRK:0 RX_X:0.000 RX_Y:0.000 RX_Z:0.000
[ZONE-ROUTE] CID:1 zone=1 edge_port=9998
[EDGE-RTT] CID:1 wall=1.2 ms  sim_delay=5.0 ms
>>> [UAV->CLOUD] BLK:e351|TX:7.0.0.5|CID:1|TS:16.220|SPD:25.4|HDG:-1.2|PX:342.7|PY:-20.0|...
[PASSIVE-BEACON] SIMNOW:16.234 CID:0 ZONE:1 RXUAV:1 EDGEPORT:9998 TS:16.220 SPD:24.900 HDG:0.300 PX:353.300 PY:-10.000 LAN:1 BRK:0 RX_X:0.000 RX_Y:0.000 RX_Z:0.000
[ZONE-ROUTE] CID:0 zone=1 edge_port=9998
[EDGE-RTT] CID:0 wall=2.1 ms  sim_delay=10.0 ms
>>> [UAV->CLOUD] BLK:bb8f|TX:7.0.0.4|CID:0|TS:16.220|SPD:24.9|HDG:0.3|PX:353.3|PY:-10.0|L...
[ECON-CLAWBACK] CID:1 ACT=WARN prior_payoff=-9.9 extra_penalty=2.8 new_payoff=-12.8
[FORGIVENESS] CID:1 WARN #8 — streak reset, benefits revoked
⚠ [CAR 1] ACT=WARN REP=0.694 RWD=0.000 PNL=2.852 CREDIT=-2
[ECON-CLAWBACK] CID:0 ACT=WARN prior_payoff=-23.192 extra_penalty=3.750 new_payoff=-27.043
[FORGIVENESS] CID:0 WARN #12 — streak reset, benefits revoked
⚠ [CAR 0] ACT=WARN REP=0.567 RWD=0.000 PNL=3.851 CREDIT=-2
[PASSIVE-BEACON] SIMNOW:16.304 CID:4 ZONE:1 RXUAV:1 EDGEPORT:9998 TS:16.290 SPD:20.300 HDG:1.200 PX:325.900 PY:-50.000 LAN:5 BRK:1 RX_X:0.000 RX_Y:0.000 RX_Z:0.000
[ZONE-ROUTE] CID:4 zone=1 edge_port=9998
[EDGE-RTT] CID:4 wall=1.4 ms  sim_delay=5.0 ms
>>> [UAV->CLOUD] BLK:423e|TX:7.0.0.8|CID:4|TS:16.290|SPD:20.3|HDG:1.2|PX:325.9|PY:-50.0|L...
✓ [CAR 4] ACT=OK REP=0.928 RWD=1.000 PNL=0.000 CREDIT=28
[PASSIVE-BEACON] SIMNOW:16.384 CID:2 ZONE:1 RXUAV:1 EDGEPORT:9998 TS:16.370 SPD:25.400 HDG:1.000 PX:336.900 PY:-30.000 LAN:3 BRK:0 RX_X:0.000 RX_Y:0.000 RX_Z:0.000
[ZONE-ROUTE] CID:2 zone=1 edge_port=9998
[EDGE-RTT] CID:2 wall=1.3 ms  sim_delay=5.0 ms
>>> [UAV->CLOUD] BLK:f886|TX:7.0.0.6|CID:2|TS:16.370|SPD:25.4|HDG:1.0|PX:336.9|PY:-30.0|L...
[ECON-CLAWBACK] CID:2 ACT=WARN prior_payoff=-0.9 extra_penalty=1.8 new_payoff=-2.7
[FORGIVENESS] CID:2 WARN #4 — streak reset, benefits revoked
⚠ [CAR 2] ACT=WARN REP=0.783 RWD=0.000 PNL=1.851 CREDIT=-2
[PASSIVE-BEACON] SIMNOW:16.496 CID:9 ZONE:1 RXUAV:1 EDGEPORT:9998 TS:16.482 SPD:19.600 HDG:1.300 PX:350.000 PY:-50.000 LAN:5 BRK:1 RX_X:0.000 RX_Y:0.000 RX_Z:0.000
[ZONE-ROUTE] CID:9 zone=1 edge_port=9998
[EDGE-RTT] CID:9 wall=1.3 ms  sim_delay=5.0 ms
>>> [UAV->CLOUD] BLK:fda1|TX:7.0.0.13|CID:9|TS:16.482|SPD:19.6|HDG:1.3|PX:350.0|PY:-50.0|...
[PASSIVE-BEACON] SIMNOW:16.506 CID:8 ZONE:1 RXUAV:1 EDGEPORT:9998 TS:16.492 SPD:20.300 HDG:-0.600 PX:349.700 PY:-40.000 LAN:4 BRK:0 RX_X:0.000 RX_Y:0.000 RX_Z:0.000
[ZONE-ROUTE] CID:8 zone=1 edge_port=9998
[EDGE-RTT] CID:8 wall=1.0 ms  sim_delay=5.0 ms
>>> [UAV->CLOUD] BLK:2624|TX:7.0.0.12|CID:8|TS:16.492|SPD:20.3|HDG:-0.6|PX:349.7|PY:-40.0...
✓ [CAR 9] ACT=OK REP=1.000 RWD=1.000 PNL=0.000 CREDIT=27
✓ [CAR 8] ACT=OK REP=1.000 RWD=1.000 PNL=0.000 CREDIT=27
[PASSIVE-BEACON] SIMNOW:16.534 CID:3 ZONE:1 RXUAV:1 EDGEPORT:9998 TS:16.520 SPD:20.000 HDG:0.800 PX:330.800 PY:-40.000 LAN:4 BRK:0 RX_X:0.000 RX_Y:0.000 RX_Z:0.000
[ZONE-ROUTE] CID:3 zone=1 edge_port=9998
[EDGE-RTT] CID:3 wall=1.2 ms  sim_delay=5.0 ms
>>> [UAV->CLOUD] BLK:4ec9|TX:7.0.0.7|CID:3|TS:16.520|SPD:20.0|HDG:0.8|PX:330.8|PY:-40.0|L...
[PASSIVE-BEACON] SIMNOW:16.536 CID:6 ZONE:1 RXUAV:1 EDGEPORT:9998 TS:16.522 SPD:24.900 HDG:-1.300 PX:370.500 PY:-20.000 LAN:2 BRK:0 RX_X:0.000 RX_Y:0.000 RX_Z:0.000
[ZONE-ROUTE] CID:6 zone=1 edge_port=9998
[EDGE-RTT] CID:6 wall=0.8 ms  sim_delay=5.0 ms
>>> [UAV->CLOUD] BLK:9491|TX:7.0.0.10|CID:6|TS:16.522|SPD:24.9|HDG:-1.3|PX:370.5|PY:-20.0...
✓ [CAR 3] ACT=OK REP=0.948 RWD=1.000 PNL=0.000 CREDIT=27
[ECON-CLAWBACK] CID:6 ACT=WARN prior_payoff=-9.876 extra_penalty=2.750 new_payoff=-12.727
[FORGIVENESS] CID:6 WARN #8 — streak reset, benefits revoked
⚠ [CAR 6] ACT=WARN REP=0.640 RWD=0.000 PNL=2.851 CREDIT=-2
[PASSIVE-BEACON] SIMNOW:16.646 CID:7 ZONE:1 RXUAV:1 EDGEPORT:9998 TS:16.632 SPD:25.200 HDG:-0.300 PX:363.200 PY:-30.000 LAN:3 BRK:0 RX_X:0.000 RX_Y:0.000 RX_Z:0.000
[ZONE-ROUTE] CID:7 zone=1 edge_port=9998
[EDGE-RTT] CID:7 wall=1.3 ms  sim_delay=5.0 ms
>>> [UAV->CLOUD] BLK:a98e|TX:7.0.0.11|CID:7|TS:16.632|SPD:25.2|HDG:-0.3|PX:363.2|PY:-30.0...
[ECON-CLAWBACK] CID:7 ACT=WARN prior_payoff=-2.6 extra_penalty=2.0 new_payoff=-4.7
[FORGIVENESS] CID:7 WARN #5 — streak reset, benefits revoked
⚠ [CAR 7] ACT=WARN REP=0.917 RWD=0.000 PNL=2.102 CREDIT=-2
[PASSIVE-BEACON] SIMNOW:16.734 CID:1 ZONE:1 RXUAV:1 EDGEPORT:9998 TS:16.720 SPD:24.700 HDG:-0.100 PX:355.500 PY:-20.000 LAN:2 BRK:0 RX_X:0.000 RX_Y:0.000 RX_Z:0.000
[ZONE-ROUTE] CID:1 zone=1 edge_port=9998
[EDGE-RTT] CID:1 wall=1.0 ms  sim_delay=5.0 ms
>>> [UAV->CLOUD] BLK:78b4|TX:7.0.0.5|CID:1|TS:16.720|SPD:24.7|HDG:-0.1|PX:355.5|PY:-20.0|...
[PASSIVE-BEACON] SIMNOW:16.734 CID:0 ZONE:1 RXUAV:1 EDGEPORT:9998 TS:16.720 SPD:25.000 HDG:-0.300 PX:365.000 PY:-10.000 LAN:1 BRK:0 RX_X:0.000 RX_Y:0.000 RX_Z:0.000
[ZONE-ROUTE] CID:0 zone=1 edge_port=9998
[EDGE-RTT] CID:0 wall=2.7 ms  sim_delay=10.0 ms
>>> [UAV->CLOUD] BLK:8d2b|TX:7.0.0.4|CID:0|TS:16.720|SPD:25.0|HDG:-0.3|PX:365.0|PY:-10.0|...
[ECON-CLAWBACK] CID:1 ACT=WARN prior_payoff=-12.8 extra_penalty=3.0 new_payoff=-15.9
[FORGIVENESS] CID:1 WARN #9 — streak reset, benefits revoked
⚠ [CAR 1] ACT=WARN REP=0.488 RWD=0.000 PNL=3.100 CREDIT=-2
[ECON-CLAWBACK] CID:0 ACT=WARN prior_payoff=-27.043 extra_penalty=4.000 new_payoff=-31.144
[FORGIVENESS] CID:0 WARN #13 — streak reset, benefits revoked
⚠ [CAR 0] ACT=WARN REP=0.755 RWD=0.000 PNL=4.101 CREDIT=-2
[PASSIVE-BEACON] SIMNOW:16.804 CID:4 ZONE:1 RXUAV:1 EDGEPORT:9998 TS:16.790 SPD:19.700 HDG:0.600 PX:335.600 PY:-50.000 LAN:5 BRK:0 RX_X:0.000 RX_Y:0.000 RX_Z:0.000
[ZONE-ROUTE] CID:4 zone=1 edge_port=9998
[EDGE-RTT] CID:4 wall=1.2 ms  sim_delay=5.0 ms
>>> [UAV->CLOUD] BLK:b39c|TX:7.0.0.8|CID:4|TS:16.790|SPD:19.7|HDG:0.6|PX:335.6|PY:-50.0|L...
✓ [CAR 4] ACT=OK REP=0.872 RWD=1.000 PNL=0.000 CREDIT=29
[PASSIVE-BEACON] SIMNOW:16.884 CID:2 ZONE:1 RXUAV:1 EDGEPORT:9998 TS:16.870 SPD:24.900 HDG:-0.600 PX:348.300 PY:-30.000 LAN:3 BRK:1 RX_X:0.000 RX_Y:0.000 RX_Z:0.000
[ZONE-ROUTE] CID:2 zone=1 edge_port=9998
[EDGE-RTT] CID:2 wall=1.2 ms  sim_delay=5.0 ms
>>> [UAV->CLOUD] BLK:bdaf|TX:7.0.0.6|CID:2|TS:16.870|SPD:24.9|HDG:-0.6|PX:348.3|PY:-30.0|...
[ECON-CLAWBACK] CID:2 ACT=WARN prior_payoff=-2.7 extra_penalty=2.0 new_payoff=-4.8
[FORGIVENESS] CID:2 WARN #5 — streak reset, benefits revoked
⚠ [CAR 2] ACT=WARN REP=0.737 RWD=0.000 PNL=2.101 CREDIT=-2
[PASSIVE-BEACON] SIMNOW:16.996 CID:9 ZONE:1 RXUAV:1 EDGEPORT:9998 TS:16.982 SPD:19.800 HDG:0.300 PX:358.900 PY:-50.000 LAN:5 BRK:0 RX_X:0.000 RX_Y:0.000 RX_Z:0.000
[ZONE-ROUTE] CID:9 zone=1 edge_port=9998
[EDGE-RTT] CID:9 wall=1.2 ms  sim_delay=5.0 ms
>>> [UAV->CLOUD] BLK:2579|TX:7.0.0.13|CID:9|TS:16.982|SPD:19.8|HDG:0.3|PX:358.9|PY:-50.0|...
[PASSIVE-BEACON] SIMNOW:17.006 CID:8 ZONE:1 RXUAV:1 EDGEPORT:9998 TS:16.992 SPD:24.900 HDG:1.400 PX:362.100 PY:-40.000 LAN:4 BRK:0 RX_X:0.000 RX_Y:0.000 RX_Z:0.000
[ZONE-ROUTE] CID:8 zone=1 edge_port=9998
[EDGE-RTT] CID:8 wall=1.1 ms  sim_delay=5.0 ms
>>> [UAV->CLOUD] BLK:2f9c|TX:7.0.0.12|CID:8|TS:16.992|SPD:24.9|HDG:1.4|PX:362.1|PY:-40.0|...
✓ [CAR 9] ACT=OK REP=0.776 RWD=1.000 PNL=0.000 CREDIT=28
[ECON-CLAWBACK] CID:8 ACT=WARN prior_payoff=30.996 extra_penalty=24.247 new_payoff=6.674
[TRUST-REVOKED] CID:8 benefits revoked logically; lane=4 speed=20.000 latency=10.000ms
[FORGIVENESS] CID:8 WARN #1 — streak reset, benefits revoked
⚠ [CAR 8] ACT=WARN REP=1.000 RWD=0.000 PNL=24.322 CREDIT=26
[PASSIVE-BEACON] SIMNOW:17.034 CID:3 ZONE:1 RXUAV:1 EDGEPORT:9998 TS:17.020 SPD:25.100 HDG:0.400 PX:342.800 PY:-40.000 LAN:4 BRK:1 RX_X:0.000 RX_Y:0.000 RX_Z:0.000
[ZONE-ROUTE] CID:3 zone=1 edge_port=9998
[EDGE-RTT] CID:3 wall=1.2 ms  sim_delay=5.0 ms
>>> [UAV->CLOUD] BLK:c664|TX:7.0.0.7|CID:3|TS:17.020|SPD:25.1|HDG:0.4|PX:342.8|PY:-40.0|L...
[PASSIVE-BEACON] SIMNOW:17.036 CID:6 ZONE:1 RXUAV:1 EDGEPORT:9998 TS:17.022 SPD:25.300 HDG:-1.300 PX:382.100 PY:-20.000 LAN:2 BRK:0 RX_X:0.000 RX_Y:0.000 RX_Z:0.000
[ZONE-ROUTE] CID:6 zone=1 edge_port=9998
[EDGE-RTT] CID:6 wall=1.1 ms  sim_delay=5.0 ms
>>> [UAV->CLOUD] BLK:0029|TX:7.0.0.10|CID:6|TS:17.022|SPD:25.3|HDG:-1.3|PX:382.1|PY:-20.0...
[ECON-CLAWBACK] CID:3 ACT=WARN prior_payoff=31.0 extra_penalty=24.2 new_payoff=6.7
[TRUST-REVOKED] CID:3 benefits revoked logically; lane=4 speed=20.0 latency=10.0ms
[FORGIVENESS] CID:3 WARN #1 — streak reset, benefits revoked
⚠ [CAR 3] ACT=WARN REP=1.000 RWD=0.000 PNL=24.323 CREDIT=26
[ECON-CLAWBACK] CID:6 ACT=WARN prior_payoff=-12.727 extra_penalty=3.000 new_payoff=-15.829
[FORGIVENESS] CID:6 WARN #9 — streak reset, benefits revoked
⚠ [CAR 6] ACT=WARN REP=0.971 RWD=0.000 PNL=3.102 CREDIT=-2
[PASSIVE-BEACON] SIMNOW:17.146 CID:7 ZONE:1 RXUAV:1 EDGEPORT:9998 TS:17.132 SPD:25.400 HDG:1.800 PX:375.800 PY:-30.000 LAN:3 BRK:1 RX_X:0.000 RX_Y:0.000 RX_Z:0.000
[ZONE-ROUTE] CID:7 zone=1 edge_port=9998
[EDGE-RTT] CID:7 wall=1.2 ms  sim_delay=5.0 ms
>>> [UAV->CLOUD] BLK:e195|TX:7.0.0.11|CID:7|TS:17.132|SPD:25.4|HDG:1.8|PX:375.8|PY:-30.0|...
[ECON-CLAWBACK] CID:7 ACT=WARN prior_payoff=-4.7 extra_penalty=2.2 new_payoff=-7.1
[FORGIVENESS] CID:7 WARN #6 — streak reset, benefits revoked
⚠ [CAR 7] ACT=WARN REP=0.414 RWD=0.000 PNL=2.352 CREDIT=-2
[PASSIVE-BEACON] SIMNOW:17.232 CID:1 ZONE:1 RXUAV:1 EDGEPORT:9998 TS:17.220 SPD:25.200 HDG:-1.800 PX:367.100 PY:-20.000 LAN:2 BRK:0 RX_X:0.000 RX_Y:0.000 RX_Z:0.000
[ZONE-ROUTE] CID:1 zone=1 edge_port=9998
[EDGE-RTT] CID:1 wall=1.2 ms  sim_delay=5.0 ms
>>> [UAV->CLOUD] BLK:6cb3|TX:7.0.0.5|CID:1|TS:17.220|SPD:25.2|HDG:-1.8|PX:367.1|PY:-20.0|...
[PASSIVE-BEACON] SIMNOW:17.232 CID:0 ZONE:1 RXUAV:1 EDGEPORT:9998 TS:17.220 SPD:25.500 HDG:1.900 PX:378.400 PY:-10.000 LAN:1 BRK:1 RX_X:0.000 RX_Y:0.000 RX_Z:0.000
[ZONE-ROUTE] CID:0 zone=1 edge_port=9998
[EDGE-RTT] CID:0 wall=2.3 ms  sim_delay=10.0 ms
>>> [UAV->CLOUD] BLK:2d79|TX:7.0.0.4|CID:0|TS:17.220|SPD:25.5|HDG:1.9|PX:378.4|PY:-10.0|L...
[ECON-CLAWBACK] CID:1 ACT=WARN prior_payoff=-15.9 extra_penalty=3.2 new_payoff=-19.2
[FORGIVENESS] CID:1 WARN #10 — streak reset, benefits revoked
⚠ [CAR 1] ACT=WARN REP=0.690 RWD=0.000 PNL=3.352 CREDIT=-2
[ECON-CLAWBACK] CID:0 ACT=WARN prior_payoff=-31.144 extra_penalty=4.250 new_payoff=-35.496
[FORGIVENESS] CID:0 WARN #14 — streak reset, benefits revoked
⚠ [CAR 0] ACT=WARN REP=0.439 RWD=0.000 PNL=4.352 CREDIT=-2
[PASSIVE-BEACON] SIMNOW:17.304 CID:4 ZONE:1 RXUAV:1 EDGEPORT:9998 TS:17.290 SPD:19.700 HDG:1.000 PX:346.200 PY:-50.000 LAN:5 BRK:0 RX_X:0.000 RX_Y:0.000 RX_Z:0.000
[ZONE-ROUTE] CID:4 zone=1 edge_port=9998
[EDGE-RTT] CID:4 wall=1.3 ms  sim_delay=5.0 ms
>>> [UAV->CLOUD] BLK:d6dd|TX:7.0.0.8|CID:4|TS:17.290|SPD:19.7|HDG:1.0|PX:346.2|PY:-50.0|L...
✓ [CAR 4] ACT=OK REP=0.732 RWD=1.000 PNL=0.000 CREDIT=30
[PASSIVE-BEACON] SIMNOW:17.384 CID:2 ZONE:1 RXUAV:1 EDGEPORT:9998 TS:17.370 SPD:25.400 HDG:1.000 PX:362.000 PY:-30.000 LAN:3 BRK:0 RX_X:0.000 RX_Y:0.000 RX_Z:0.000
[ZONE-ROUTE] CID:2 zone=1 edge_port=9998
[EDGE-RTT] CID:2 wall=1.0 ms  sim_delay=5.0 ms
>>> [UAV->CLOUD] BLK:cb94|TX:7.0.0.6|CID:2|TS:17.370|SPD:25.4|HDG:1.0|PX:362.0|PY:-30.0|L...
[ECON-CLAWBACK] CID:2 ACT=WARN prior_payoff=-4.8 extra_penalty=2.2 new_payoff=-7.2
[FORGIVENESS] CID:2 WARN #6 — streak reset, benefits revoked
⚠ [CAR 2] ACT=WARN REP=0.766 RWD=0.000 PNL=2.352 CREDIT=-2
[PASSIVE-BEACON] SIMNOW:17.496 CID:9 ZONE:1 RXUAV:1 EDGEPORT:9998 TS:17.482 SPD:20.000 HDG:1.000 PX:369.400 PY:-50.000 LAN:5 BRK:0 RX_X:0.000 RX_Y:0.000 RX_Z:0.000
[ZONE-ROUTE] CID:9 zone=1 edge_port=9998
[EDGE-RTT] CID:9 wall=1.1 ms  sim_delay=5.0 ms
>>> [UAV->CLOUD] BLK:d48c|TX:7.0.0.13|CID:9|TS:17.482|SPD:20.0|HDG:1.0|PX:369.4|PY:-50.0|...
[PASSIVE-BEACON] SIMNOW:17.506 CID:8 ZONE:1 RXUAV:1 EDGEPORT:9998 TS:17.492 SPD:25.400 HDG:1.400 PX:374.500 PY:-40.000 LAN:4 BRK:1 RX_X:0.000 RX_Y:0.000 RX_Z:0.000
[ZONE-ROUTE] CID:8 zone=1 edge_port=9998
[EDGE-RTT] CID:8 wall=0.9 ms  sim_delay=5.0 ms
>>> [UAV->CLOUD] BLK:86fb|TX:7.0.0.12|CID:8|TS:17.492|SPD:25.4|HDG:1.4|PX:374.5|PY:-40.0|...
✓ [CAR 9] ACT=OK REP=0.799 RWD=1.000 PNL=0.000 CREDIT=29
[ECON-CLAWBACK] CID:8 ACT=WARN prior_payoff=6.674 extra_penalty=4.587 new_payoff=1.990
[FORGIVENESS] CID:8 WARN #2 — streak reset, benefits revoked
⚠ [CAR 8] ACT=WARN REP=0.885 RWD=0.000 PNL=4.684 CREDIT=-2
[PASSIVE-BEACON] SIMNOW:17.534 CID:3 ZONE:1 RXUAV:1 EDGEPORT:9998 TS:17.520 SPD:25.200 HDG:-1.600 PX:355.100 PY:-40.000 LAN:4 BRK:1 RX_X:0.000 RX_Y:0.000 RX_Z:0.000
[ZONE-ROUTE] CID:3 zone=1 edge_port=9998
[EDGE-RTT] CID:3 wall=1.2 ms  sim_delay=5.0 ms
>>> [UAV->CLOUD] BLK:243a|TX:7.0.0.7|CID:3|TS:17.520|SPD:25.2|HDG:-1.6|PX:355.1|PY:-40.0|...
[PASSIVE-BEACON] SIMNOW:17.536 CID:6 ZONE:1 RXUAV:1 EDGEPORT:9998 TS:17.522 SPD:25.100 HDG:0.600 PX:395.300 PY:-20.000 LAN:2 BRK:0 RX_X:0.000 RX_Y:0.000 RX_Z:0.000
[ZONE-ROUTE] CID:6 zone=1 edge_port=9998
[EDGE-RTT] CID:6 wall=0.9 ms  sim_delay=5.0 ms
>>> [UAV->CLOUD] BLK:4b08|TX:7.0.0.10|CID:6|TS:17.522|SPD:25.1|HDG:0.6|PX:395.3|PY:-20.0|...
[ECON-CLAWBACK] CID:3 ACT=WARN prior_payoff=6.7 extra_penalty=4.6 new_payoff=2.0
[FORGIVENESS] CID:3 WARN #2 — streak reset, benefits revoked
⚠ [CAR 3] ACT=WARN REP=0.846 RWD=0.000 PNL=4.683 CREDIT=-2
[ECON-CLAWBACK] CID:6 ACT=WARN prior_payoff=-15.829 extra_penalty=3.250 new_payoff=-19.181
[FORGIVENESS] CID:6 WARN #10 — streak reset, benefits revoked
⚠ [CAR 6] ACT=WARN REP=0.873 RWD=0.000 PNL=3.352 CREDIT=-2
[PASSIVE-BEACON] SIMNOW:17.646 CID:7 ZONE:1 RXUAV:1 EDGEPORT:9998 TS:17.632 SPD:24.700 HDG:0.900 PX:388.500 PY:-30.000 LAN:3 BRK:0 RX_X:0.000 RX_Y:0.000 RX_Z:0.000
[ZONE-ROUTE] CID:7 zone=1 edge_port=9998
[EDGE-RTT] CID:7 wall=1.1 ms  sim_delay=5.0 ms
>>> [UAV->CLOUD] BLK:8037|TX:7.0.0.11|CID:7|TS:17.632|SPD:24.7|HDG:0.9|PX:388.5|PY:-30.0|...
[ECON-CLAWBACK] CID:7 ACT=WARN prior_payoff=-7.1 extra_penalty=2.5 new_payoff=-9.7
[FORGIVENESS] CID:7 WARN #7 — streak reset, benefits revoked
⚠ [CAR 7] ACT=WARN REP=0.514 RWD=0.000 PNL=2.600 CREDIT=-2
[PASSIVE-BEACON] SIMNOW:17.734 CID:1 ZONE:1 RXUAV:1 EDGEPORT:9998 TS:17.720 SPD:24.700 HDG:-0.400 PX:380.200 PY:-20.000 LAN:2 BRK:0 RX_X:0.000 RX_Y:0.000 RX_Z:0.000
[ZONE-ROUTE] CID:1 zone=1 edge_port=9998
[EDGE-RTT] CID:1 wall=1.2 ms  sim_delay=5.0 ms
>>> [UAV->CLOUD] BLK:9a55|TX:7.0.0.5|CID:1|TS:17.720|SPD:24.7|HDG:-0.4|PX:380.2|PY:-20.0|...
[PASSIVE-BEACON] SIMNOW:17.734 CID:0 ZONE:1 RXUAV:1 EDGEPORT:9998 TS:17.720 SPD:25.100 HDG:0.200 PX:389.800 PY:-10.000 LAN:1 BRK:0 RX_X:0.000 RX_Y:0.000 RX_Z:0.000
[ZONE-ROUTE] CID:0 zone=1 edge_port=9998
[EDGE-RTT] CID:0 wall=1.8 ms  sim_delay=10.0 ms
>>> [UAV->CLOUD] BLK:010f|TX:7.0.0.4|CID:0|TS:17.720|SPD:25.1|HDG:0.2|PX:389.8|PY:-10.0|L...
[ECON-CLAWBACK] CID:0 ACT=WARN prior_payoff=-35.5 extra_penalty=4.5 new_payoff=-40.1
[FORGIVENESS] CID:0 WARN #15 — streak reset, benefits revoked
⚠ [CAR 0] ACT=WARN REP=0.461 RWD=0.000 PNL=4.602 CREDIT=-2
[ECON-CLAWBACK] CID:1 ACT=WARN prior_payoff=-19.244 extra_penalty=3.500 new_payoff=-22.844
[FORGIVENESS] CID:1 WARN #11 — streak reset, benefits revoked
⚠ [CAR 1] ACT=WARN REP=0.608 RWD=0.000 PNL=3.600 CREDIT=-2
[PASSIVE-BEACON] SIMNOW:17.804 CID:4 ZONE:1 RXUAV:1 EDGEPORT:9998 TS:17.790 SPD:19.800 HDG:-1.700 PX:356.100 PY:-50.000 LAN:5 BRK:0 RX_X:0.000 RX_Y:0.000 RX_Z:0.000
[ZONE-ROUTE] CID:4 zone=1 edge_port=9998
[EDGE-RTT] CID:4 wall=1.2 ms  sim_delay=5.0 ms
>>> [UAV->CLOUD] BLK:e24a|TX:7.0.0.8|CID:4|TS:17.790|SPD:19.8|HDG:-1.7|PX:356.1|PY:-50.0|...
✓ [CAR 4] ACT=OK REP=1.000 RWD=1.000 PNL=0.000 CREDIT=31
[PASSIVE-BEACON] SIMNOW:17.882 CID:2 ZONE:1 RXUAV:1 EDGEPORT:9998 TS:17.870 SPD:24.900 HDG:-1.400 PX:374.500 PY:-30.000 LAN:3 BRK:0 RX_X:0.000 RX_Y:0.000 RX_Z:0.000
[ZONE-ROUTE] CID:2 zone=1 edge_port=9998
[EDGE-RTT] CID:2 wall=1.2 ms  sim_delay=5.0 ms
>>> [UAV->CLOUD] BLK:0fc8|TX:7.0.0.6|CID:2|TS:17.870|SPD:24.9|HDG:-1.4|PX:374.5|PY:-30.0|...
[ECON-CLAWBACK] CID:2 ACT=WARN prior_payoff=-7.2 extra_penalty=2.5 new_payoff=-9.8
[FORGIVENESS] CID:2 WARN #7 — streak reset, benefits revoked
⚠ [CAR 2] ACT=WARN REP=0.526 RWD=0.000 PNL=2.601 CREDIT=-2
[PASSIVE-BEACON] SIMNOW:17.994 CID:9 ZONE:1 RXUAV:1 EDGEPORT:9998 TS:17.982 SPD:19.800 HDG:-1.600 PX:379.300 PY:-50.000 LAN:5 BRK:0 RX_X:0.000 RX_Y:0.000 RX_Z:0.000
[ZONE-ROUTE] CID:9 zone=1 edge_port=9998
[EDGE-RTT] CID:9 wall=1.3 ms  sim_delay=5.0 ms
>>> [UAV->CLOUD] BLK:df10|TX:7.0.0.13|CID:9|TS:17.982|SPD:19.8|HDG:-1.6|PX:379.3|PY:-50.0...
[PASSIVE-BEACON] SIMNOW:18.006 CID:8 ZONE:1 RXUAV:1 EDGEPORT:9998 TS:17.992 SPD:24.800 HDG:0.200 PX:386.700 PY:-40.000 LAN:4 BRK:1 RX_X:0.000 RX_Y:0.000 RX_Z:0.000
[ZONE-ROUTE] CID:8 zone=1 edge_port=9998
[EDGE-RTT] CID:8 wall=1.3 ms  sim_delay=5.0 ms
>>> [UAV->CLOUD] BLK:ec00|TX:7.0.0.12|CID:8|TS:17.992|SPD:24.8|HDG:0.2|PX:386.7|PY:-40.0|...
✓ [CAR 9] ACT=OK REP=0.871 RWD=1.000 PNL=0.000 CREDIT=30
[ECON-CLAWBACK] CID:8 ACT=WARN prior_payoff=1.990 extra_penalty=2.495 new_payoff=-0.602
[FORGIVENESS] CID:8 WARN #3 — streak reset, benefits revoked
⚠ [CAR 8] ACT=WARN REP=0.820 RWD=0.000 PNL=2.592 CREDIT=-2
[PASSIVE-BEACON] SIMNOW:18.034 CID:3 ZONE:1 RXUAV:1 EDGEPORT:9998 TS:18.020 SPD:25.500 HDG:0.900 PX:367.600 PY:-40.000 LAN:4 BRK:0 RX_X:0.000 RX_Y:0.000 RX_Z:0.000
[ZONE-ROUTE] CID:3 zone=1 edge_port=9998
[EDGE-RTT] CID:3 wall=1.1 ms  sim_delay=5.0 ms
>>> [UAV->CLOUD] BLK:e360|TX:7.0.0.7|CID:3|TS:18.020|SPD:25.5|HDG:0.9|PX:367.6|PY:-40.0|L...
[PASSIVE-BEACON] SIMNOW:18.036 CID:6 ZONE:1 RXUAV:1 EDGEPORT:9998 TS:18.022 SPD:25.300 HDG:-1.600 PX:407.100 PY:-20.000 LAN:2 BRK:0 RX_X:0.000 RX_Y:0.000 RX_Z:0.000
[ZONE-ROUTE] CID:6 zone=1 edge_port=9998
[EDGE-RTT] CID:6 wall=0.6 ms  sim_delay=5.0 ms
>>> [UAV->CLOUD] BLK:b3fb|TX:7.0.0.10|CID:6|TS:18.022|SPD:25.3|HDG:-1.6|PX:407.1|PY:-20.0...
[ECON-CLAWBACK] CID:3 ACT=WARN prior_payoff=2.0 extra_penalty=2.5 new_payoff=-0.6
[FORGIVENESS] CID:3 WARN #3 — streak reset, benefits revoked
⚠ [CAR 3] ACT=WARN REP=0.558 RWD=0.000 PNL=2.594 CREDIT=-2
[ECON-CLAWBACK] CID:6 ACT=WARN prior_payoff=-19.181 extra_penalty=3.500 new_payoff=-22.783
[FORGIVENESS] CID:6 WARN #11 — streak reset, benefits revoked
⚠ [CAR 6] ACT=WARN REP=0.567 RWD=0.000 PNL=3.602 CREDIT=-2
[PASSIVE-BEACON] SIMNOW:18.146 CID:7 ZONE:1 RXUAV:1 EDGEPORT:9998 TS:18.132 SPD:25.000 HDG:-0.100 PX:400.600 PY:-30.000 LAN:3 BRK:0 RX_X:0.000 RX_Y:0.000 RX_Z:0.000
[ZONE-ROUTE] CID:7 zone=1 edge_port=9998
[EDGE-RTT] CID:7 wall=1.2 ms  sim_delay=5.0 ms
>>> [UAV->CLOUD] BLK:85be|TX:7.0.0.11|CID:7|TS:18.132|SPD:25.0|HDG:-0.1|PX:400.6|PY:-30.0...
[ECON-CLAWBACK] CID:7 ACT=WARN prior_payoff=-9.7 extra_penalty=2.8 new_payoff=-12.5
[FORGIVENESS] CID:7 WARN #8 — streak reset, benefits revoked
⚠ [CAR 7] ACT=WARN REP=0.800 RWD=0.000 PNL=2.851 CREDIT=-2
[PASSIVE-BEACON] SIMNOW:18.234 CID:1 ZONE:1 RXUAV:1 EDGEPORT:9998 TS:18.220 SPD:25.300 HDG:1.300 PX:393.000 PY:-20.000 LAN:2 BRK:1 RX_X:0.000 RX_Y:0.000 RX_Z:0.000
[ZONE-ROUTE] CID:1 zone=1 edge_port=9998
[EDGE-RTT] CID:1 wall=1.3 ms  sim_delay=5.0 ms
>>> [UAV->CLOUD] BLK:9ca0|TX:7.0.0.5|CID:1|TS:18.220|SPD:25.3|HDG:1.3|PX:393.0|PY:-20.0|L...
[PASSIVE-BEACON] SIMNOW:18.234 CID:0 ZONE:1 RXUAV:1 EDGEPORT:9998 TS:18.220 SPD:25.500 HDG:-1.300 PX:402.700 PY:-10.000 LAN:1 BRK:0 RX_X:0.000 RX_Y:0.000 RX_Z:0.000
[ZONE-ROUTE] CID:0 zone=1 edge_port=9998
[EDGE-RTT] CID:0 wall=3.3 ms  sim_delay=10.0 ms
>>> [UAV->CLOUD] BLK:6b0b|TX:7.0.0.4|CID:0|TS:18.220|SPD:25.5|HDG:-1.3|PX:402.7|PY:-10.0|...
[ECON-CLAWBACK] CID:1 ACT=WARN prior_payoff=-22.8 extra_penalty=3.8 new_payoff=-26.7
[FORGIVENESS] CID:1 WARN #12 — streak reset, benefits revoked
⚠ [CAR 1] ACT=WARN REP=0.495 RWD=0.000 PNL=3.852 CREDIT=-2
[ECON-CLAWBACK] CID:0 ACT=WARN prior_payoff=-40.098 extra_penalty=4.750 new_payoff=-44.951
[FORGIVENESS] CID:0 WARN #16 — streak reset, benefits revoked
⚠ [CAR 0] ACT=WARN REP=0.485 RWD=0.000 PNL=4.853 CREDIT=-2
[PASSIVE-BEACON] SIMNOW:18.304 CID:4 ZONE:1 RXUAV:1 EDGEPORT:9998 TS:18.290 SPD:20.500 HDG:1.700 PX:365.200 PY:-50.000 LAN:5 BRK:0 RX_X:0.000 RX_Y:0.000 RX_Z:0.000
[ZONE-ROUTE] CID:4 zone=1 edge_port=9998
[EDGE-RTT] CID:4 wall=1.4 ms  sim_delay=5.0 ms
>>> [UAV->CLOUD] BLK:8c17|TX:7.0.0.8|CID:4|TS:18.290|SPD:20.5|HDG:1.7|PX:365.2|PY:-50.0|L...
✓ [CAR 4] ACT=OK REP=1.000 RWD=1.000 PNL=0.000 CREDIT=32
[PASSIVE-BEACON] SIMNOW:18.384 CID:2 ZONE:1 RXUAV:1 EDGEPORT:9998 TS:18.370 SPD:25.400 HDG:1.300 PX:387.200 PY:-30.000 LAN:3 BRK:0 RX_X:0.000 RX_Y:0.000 RX_Z:0.000
[ZONE-ROUTE] CID:2 zone=1 edge_port=9998
[EDGE-RTT] CID:2 wall=1.2 ms  sim_delay=5.0 ms
>>> [UAV->CLOUD] BLK:b0fc|TX:7.0.0.6|CID:2|TS:18.370|SPD:25.4|HDG:1.3|PX:387.2|PY:-30.0|L...
[ECON-CLAWBACK] CID:2 ACT=WARN prior_payoff=-9.8 extra_penalty=2.8 new_payoff=-12.6
[FORGIVENESS] CID:2 WARN #8 — streak reset, benefits revoked
⚠ [CAR 2] ACT=WARN REP=0.881 RWD=0.000 PNL=2.852 CREDIT=-2
[PASSIVE-BEACON] SIMNOW:18.496 CID:9 ZONE:1 RXUAV:1 EDGEPORT:9998 TS:18.482 SPD:19.600 HDG:1.000 PX:389.800 PY:-50.000 LAN:5 BRK:1 RX_X:0.000 RX_Y:0.000 RX_Z:0.000
[ZONE-ROUTE] CID:9 zone=1 edge_port=9998
[EDGE-RTT] CID:9 wall=1.2 ms  sim_delay=5.0 ms
>>> [UAV->CLOUD] BLK:b774|TX:7.0.0.13|CID:9|TS:18.482|SPD:19.6|HDG:1.0|PX:389.8|PY:-50.0|...
[PASSIVE-BEACON] SIMNOW:18.506 CID:8 ZONE:1 RXUAV:1 EDGEPORT:9998 TS:18.492 SPD:24.600 HDG:1.100 PX:399.300 PY:-40.000 LAN:4 BRK:0 RX_X:0.000 RX_Y:0.000 RX_Z:0.000
[ZONE-ROUTE] CID:8 zone=1 edge_port=9998
[EDGE-RTT] CID:8 wall=1.0 ms  sim_delay=5.0 ms
>>> [UAV->CLOUD] BLK:3d6f|TX:7.0.0.12|CID:8|TS:18.492|SPD:24.6|HDG:1.1|PX:399.3|PY:-40.0|...
✓ [CAR 9] ACT=OK REP=0.827 RWD=1.000 PNL=0.000 CREDIT=31
[ECON-CLAWBACK] CID:8 ACT=WARN prior_payoff=-0.602 extra_penalty=1.750 new_payoff=-2.450
[FORGIVENESS] CID:8 WARN #4 — streak reset, benefits revoked
⚠ [CAR 8] ACT=WARN REP=0.942 RWD=0.000 PNL=1.848 CREDIT=-2
[PASSIVE-BEACON] SIMNOW:18.534 CID:3 ZONE:1 RXUAV:1 EDGEPORT:9998 TS:18.520 SPD:25.100 HDG:-0.600 PX:380.100 PY:-40.000 LAN:4 BRK:1 RX_X:0.000 RX_Y:0.000 RX_Z:0.000
[ZONE-ROUTE] CID:3 zone=1 edge_port=9998
[EDGE-RTT] CID:3 wall=1.5 ms  sim_delay=5.0 ms
>>> [UAV->CLOUD] BLK:4162|TX:7.0.0.7|CID:3|TS:18.520|SPD:25.1|HDG:-0.6|PX:380.1|PY:-40.0|...
[PASSIVE-BEACON] SIMNOW:18.536 CID:6 ZONE:1 RXUAV:1 EDGEPORT:9998 TS:18.522 SPD:25.000 HDG:-0.100 PX:420.600 PY:-20.000 LAN:2 BRK:0 RX_X:0.000 RX_Y:0.000 RX_Z:0.000
[ZONE-ROUTE] CID:6 zone=1 edge_port=9998
[EDGE-RTT] CID:6 wall=1.1 ms  sim_delay=5.0 ms
>>> [UAV->CLOUD] BLK:10c7|TX:7.0.0.10|CID:6|TS:18.522|SPD:25.0|HDG:-0.1|PX:420.6|PY:-20.0...
[ECON-CLAWBACK] CID:3 ACT=WARN prior_payoff=-0.6 extra_penalty=1.8 new_payoff=-2.5
[FORGIVENESS] CID:3 WARN #4 — streak reset, benefits revoked
⚠ [CAR 3] ACT=WARN REP=0.857 RWD=0.000 PNL=1.850 CREDIT=-2
[ECON-CLAWBACK] CID:6 ACT=WARN prior_payoff=-22.783 extra_penalty=3.750 new_payoff=-26.635
[FORGIVENESS] CID:6 WARN #12 — streak reset, benefits revoked
⚠ [CAR 6] ACT=WARN REP=0.369 RWD=0.000 PNL=3.852 CREDIT=-2
[PASSIVE-BEACON] SIMNOW:18.646 CID:7 ZONE:1 RXUAV:1 EDGEPORT:9998 TS:18.632 SPD:25.500 HDG:-1.900 PX:412.500 PY:-30.000 LAN:3 BRK:0 RX_X:0.000 RX_Y:0.000 RX_Z:0.000
[ZONE-ROUTE] CID:7 zone=1 edge_port=9998
[EDGE-RTT] CID:7 wall=2.3 ms  sim_delay=5.0 ms
>>> [UAV->CLOUD] BLK:5209|TX:7.0.0.11|CID:7|TS:18.632|SPD:25.5|HDG:-1.9|PX:412.5|PY:-30.0...
[ECON-CLAWBACK] CID:7 ACT=WARN prior_payoff=-12.5 extra_penalty=3.0 new_payoff=-15.6
[FORGIVENESS] CID:7 WARN #9 — streak reset, benefits revoked
⚠ [CAR 7] ACT=WARN REP=0.943 RWD=0.000 PNL=3.103 CREDIT=-2
[PASSIVE-BEACON] SIMNOW:18.733 CID:1 ZONE:1 RXUAV:1 EDGEPORT:9998 TS:18.720 SPD:24.700 HDG:-0.900 PX:405.300 PY:-20.000 LAN:2 BRK:0 RX_X:0.000 RX_Y:0.000 RX_Z:0.000
[ZONE-ROUTE] CID:1 zone=1 edge_port=9998
[EDGE-RTT] CID:1 wall=1.2 ms  sim_delay=5.0 ms
>>> [UAV->CLOUD] BLK:0485|TX:7.0.0.5|CID:1|TS:18.720|SPD:24.7|HDG:-0.9|PX:405.3|PY:-20.0|...
[PASSIVE-BEACON] SIMNOW:18.733 CID:0 ZONE:1 RXUAV:1 EDGEPORT:9998 TS:18.720 SPD:25.000 HDG:-0.200 PX:415.400 PY:-10.000 LAN:1 BRK:0 RX_X:0.000 RX_Y:0.000 RX_Z:0.000
[ZONE-ROUTE] CID:0 zone=1 edge_port=9998
[EDGE-RTT] CID:0 wall=2.5 ms  sim_delay=10.0 ms
>>> [UAV->CLOUD] BLK:7e6a|TX:7.0.0.4|CID:0|TS:18.720|SPD:25.0|HDG:-0.2|PX:415.4|PY:-10.0|...
[ECON-CLAWBACK] CID:1 ACT=WARN prior_payoff=-26.7 extra_penalty=4.0 new_payoff=-30.8
[FORGIVENESS] CID:1 WARN #13 — streak reset, benefits revoked
⚠ [CAR 1] ACT=WARN REP=0.941 RWD=0.000 PNL=4.100 CREDIT=-2
[ECON-CLAWBACK] CID:0 ACT=WARN prior_payoff=-44.951 extra_penalty=5.000 new_payoff=-50.053
[FORGIVENESS] CID:0 WARN #17 — streak reset, benefits revoked
⚠ [CAR 0] ACT=WARN REP=0.358 RWD=0.000 PNL=5.102 CREDIT=-2
[PASSIVE-BEACON] SIMNOW:18.804 CID:4 ZONE:1 RXUAV:1 EDGEPORT:9998 TS:18.790 SPD:24.700 HDG:1.600 PX:377.300 PY:-50.000 LAN:5 BRK:0 RX_X:0.000 RX_Y:0.000 RX_Z:0.000
[ZONE-ROUTE] CID:4 zone=1 edge_port=9998
[EDGE-RTT] CID:4 wall=0.9 ms  sim_delay=5.0 ms
>>> [UAV->CLOUD] BLK:5bda|TX:7.0.0.8|CID:4|TS:18.790|SPD:24.7|HDG:1.6|PX:377.3|PY:-50.0|L...
✓ [CAR 4] ACT=OK REP=0.643 RWD=0.851 PNL=0.000 CREDIT=33
[PASSIVE-BEACON] SIMNOW:18.884 CID:2 ZONE:1 RXUAV:1 EDGEPORT:9998 TS:18.870 SPD:24.600 HDG:-0.800 PX:399.000 PY:-30.000 LAN:3 BRK:0 RX_X:0.000 RX_Y:0.000 RX_Z:0.000
[ZONE-ROUTE] CID:2 zone=1 edge_port=9998
[EDGE-RTT] CID:2 wall=1.1 ms  sim_delay=5.0 ms
>>> [UAV->CLOUD] BLK:36b3|TX:7.0.0.6|CID:2|TS:18.870|SPD:24.6|HDG:-0.8|PX:399.0|PY:-30.0|...
[ECON-CLAWBACK] CID:2 ACT=WARN prior_payoff=-12.6 extra_penalty=3.0 new_payoff=-15.7
[FORGIVENESS] CID:2 WARN #9 — streak reset, benefits revoked
⚠ [CAR 2] ACT=WARN REP=0.818 RWD=0.000 PNL=3.100 CREDIT=-2
[PASSIVE-BEACON] SIMNOW:18.996 CID:9 ZONE:1 RXUAV:1 EDGEPORT:9998 TS:18.982 SPD:25.000 HDG:-0.400 PX:401.000 PY:-50.000 LAN:5 BRK:0 RX_X:0.000 RX_Y:0.000 RX_Z:0.000
[ZONE-ROUTE] CID:9 zone=1 edge_port=9998
[EDGE-RTT] CID:9 wall=1.3 ms  sim_delay=5.0 ms
>>> [UAV->CLOUD] BLK:65d9|TX:7.0.0.13|CID:9|TS:18.982|SPD:25.0|HDG:-0.4|PX:401.0|PY:-50.0...
[PASSIVE-BEACON] SIMNOW:19.006 CID:8 ZONE:1 RXUAV:1 EDGEPORT:9998 TS:18.992 SPD:25.400 HDG:0.700 PX:411.600 PY:-40.000 LAN:4 BRK:0 RX_X:0.000 RX_Y:0.000 RX_Z:0.000
[ZONE-ROUTE] CID:8 zone=1 edge_port=9998
[EDGE-RTT] CID:8 wall=0.8 ms  sim_delay=5.0 ms
>>> [UAV->CLOUD] BLK:120a|TX:7.0.0.12|CID:8|TS:18.992|SPD:25.4|HDG:0.7|PX:411.6|PY:-40.0|...
[ECON-CLAWBACK] CID:9 ACT=WARN prior_payoff=35.0 extra_penalty=27.2 new_payoff=7.7
[TRUST-REVOKED] CID:9 benefits revoked logically; lane=5 speed=20.0 latency=10.0ms
[FORGIVENESS] CID:9 WARN #1 — streak reset, benefits revoked
⚠ [CAR 9] ACT=WARN REP=0.912 RWD=0.000 PNL=27.321 CREDIT=30
[ECON-CLAWBACK] CID:8 ACT=WARN prior_payoff=-2.450 extra_penalty=2.000 new_payoff=-4.552
[FORGIVENESS] CID:8 WARN #5 — streak reset, benefits revoked
⚠ [CAR 8] ACT=WARN REP=0.703 RWD=0.000 PNL=2.102 CREDIT=-2
[PASSIVE-BEACON] SIMNOW:19.034 CID:3 ZONE:1 RXUAV:1 EDGEPORT:9998 TS:19.020 SPD:24.700 HDG:0.200 PX:393.000 PY:-40.000 LAN:4 BRK:0 RX_X:0.000 RX_Y:0.000 RX_Z:0.000
[ZONE-ROUTE] CID:3 zone=1 edge_port=9998
[EDGE-RTT] CID:3 wall=0.9 ms  sim_delay=5.0 ms
>>> [UAV->CLOUD] BLK:bc23|TX:7.0.0.7|CID:3|TS:19.020|SPD:24.7|HDG:0.2|PX:393.0|PY:-40.0|L...
[PASSIVE-BEACON] SIMNOW:19.036 CID:6 ZONE:1 RXUAV:1 EDGEPORT:9998 TS:19.022 SPD:24.500 HDG:-1.700 PX:432.900 PY:-20.000 LAN:2 BRK:0 RX_X:0.000 RX_Y:0.000 RX_Z:0.000
[ZONE-ROUTE] CID:6 zone=1 edge_port=9998
[EDGE-RTT] CID:6 wall=0.8 ms  sim_delay=5.0 ms
>>> [UAV->CLOUD] BLK:8e16|TX:7.0.0.10|CID:6|TS:19.022|SPD:24.5|HDG:-1.7|PX:432.9|PY:-20.0...
[ECON-CLAWBACK] CID:3 ACT=WARN prior_payoff=-2.5 extra_penalty=2.0 new_payoff=-4.6
[FORGIVENESS] CID:3 WARN #5 — streak reset, benefits revoked
⚠ [CAR 3] ACT=WARN REP=0.950 RWD=0.000 PNL=2.100 CREDIT=-2
[ECON-CLAWBACK] CID:6 ACT=WARN prior_payoff=-26.635 extra_penalty=4.000 new_payoff=-30.734
[FORGIVENESS] CID:6 WARN #13 — streak reset, benefits revoked
⚠ [CAR 6] ACT=WARN REP=0.481 RWD=0.000 PNL=4.099 CREDIT=-2
[PASSIVE-BEACON] SIMNOW:19.146 CID:7 ZONE:1 RXUAV:1 EDGEPORT:9998 TS:19.132 SPD:25.400 HDG:-1.300 PX:425.300 PY:-30.000 LAN:3 BRK:0 RX_X:0.000 RX_Y:0.000 RX_Z:0.000
[ZONE-ROUTE] CID:7 zone=1 edge_port=9998
[EDGE-RTT] CID:7 wall=1.1 ms  sim_delay=5.0 ms
>>> [UAV->CLOUD] BLK:9578|TX:7.0.0.11|CID:7|TS:19.132|SPD:25.4|HDG:-1.3|PX:425.3|PY:-30.0...
[ECON-CLAWBACK] CID:7 ACT=WARN prior_payoff=-15.6 extra_penalty=3.2 new_payoff=-19.0
[FORGIVENESS] CID:7 WARN #10 — streak reset, benefits revoked
⚠ [CAR 7] ACT=WARN REP=0.813 RWD=0.000 PNL=3.352 CREDIT=-2
[PASSIVE-BEACON] SIMNOW:19.234 CID:1 ZONE:1 RXUAV:1 EDGEPORT:9998 TS:19.220 SPD:25.000 HDG:1.900 PX:417.800 PY:-20.000 LAN:2 BRK:0 RX_X:0.000 RX_Y:0.000 RX_Z:0.000
[ZONE-ROUTE] CID:1 zone=1 edge_port=9998
[EDGE-RTT] CID:1 wall=1.0 ms  sim_delay=5.0 ms
>>> [UAV->CLOUD] BLK:ebac|TX:7.0.0.5|CID:1|TS:19.220|SPD:25.0|HDG:1.9|PX:417.8|PY:-20.0|L...
[PASSIVE-BEACON] SIMNOW:19.234 CID:0 ZONE:1 RXUAV:1 EDGEPORT:9998 TS:19.220 SPD:25.000 HDG:1.300 PX:427.800 PY:-10.000 LAN:1 BRK:0 RX_X:0.000 RX_Y:0.000 RX_Z:0.000
[ZONE-ROUTE] CID:0 zone=1 edge_port=9998
[EDGE-RTT] CID:0 wall=2.6 ms  sim_delay=10.0 ms
>>> [UAV->CLOUD] BLK:a838|TX:7.0.0.4|CID:0|TS:19.220|SPD:25.0|HDG:1.3|PX:427.8|PY:-10.0|L...
[ECON-CLAWBACK] CID:1 ACT=WARN prior_payoff=-30.8 extra_penalty=4.2 new_payoff=-35.1
[FORGIVENESS] CID:1 WARN #14 — streak reset, benefits revoked
⚠ [CAR 1] ACT=WARN REP=0.591 RWD=0.000 PNL=4.351 CREDIT=-2
[ECON-CLAWBACK] CID:0 ACT=WARN prior_payoff=-50.053 extra_penalty=5.250 new_payoff=-55.405
[FORGIVENESS] CID:0 WARN #18 — streak reset, benefits revoked
⚠ [CAR 0] ACT=WARN REP=0.444 RWD=0.000 PNL=5.352 CREDIT=-2
[PASSIVE-BEACON] SIMNOW:19.304 CID:4 ZONE:1 RXUAV:1 EDGEPORT:9998 TS:19.290 SPD:24.600 HDG:-1.000 PX:389.700 PY:-50.000 LAN:5 BRK:1 RX_X:0.000 RX_Y:0.000 RX_Z:0.000
[ZONE-ROUTE] CID:4 zone=1 edge_port=9998
[EDGE-RTT] CID:4 wall=1.0 ms  sim_delay=5.0 ms
>>> [UAV->CLOUD] BLK:5a5a|TX:7.0.0.8|CID:4|TS:19.290|SPD:24.6|HDG:-1.0|PX:389.7|PY:-50.0|...
[ECON-CLAWBACK] CID:4 ACT=WARN prior_payoff=36.8 extra_penalty=28.6 new_payoff=8.1
[TRUST-REVOKED] CID:4 benefits revoked logically; lane=5 speed=20.0 latency=10.0ms
[FORGIVENESS] CID:4 WARN #1 — streak reset, benefits revoked
⚠ [CAR 4] ACT=WARN REP=1.000 RWD=0.000 PNL=28.711 CREDIT=32
[PASSIVE-BEACON] SIMNOW:19.383 CID:2 ZONE:1 RXUAV:1 EDGEPORT:9998 TS:19.370 SPD:25.500 HDG:-1.100 PX:411.000 PY:-30.000 LAN:3 BRK:1 RX_X:0.000 RX_Y:0.000 RX_Z:0.000
[ZONE-ROUTE] CID:2 zone=1 edge_port=9998
[EDGE-RTT] CID:2 wall=0.9 ms  sim_delay=5.0 ms
>>> [UAV->CLOUD] BLK:0980|TX:7.0.0.6|CID:2|TS:19.370|SPD:25.5|HDG:-1.1|PX:411.0|PY:-30.0|...
[ECON-CLAWBACK] CID:2 ACT=WARN prior_payoff=-15.7 extra_penalty=3.2 new_payoff=-19.1
[FORGIVENESS] CID:2 WARN #10 — streak reset, benefits revoked
⚠ [CAR 2] ACT=WARN REP=0.657 RWD=0.000 PNL=3.353 CREDIT=-2
[PASSIVE-BEACON] SIMNOW:19.495 CID:9 ZONE:1 RXUAV:1 EDGEPORT:9998 TS:19.482 SPD:24.800 HDG:-0.100 PX:413.600 PY:-50.000 LAN:5 BRK:0 RX_X:0.000 RX_Y:0.000 RX_Z:0.000
[ZONE-ROUTE] CID:9 zone=1 edge_port=9998
[EDGE-RTT] CID:9 wall=0.8 ms  sim_delay=5.0 ms
>>> [UAV->CLOUD] BLK:b0f3|TX:7.0.0.13|CID:9|TS:19.482|SPD:24.8|HDG:-0.1|PX:413.6|PY:-50.0...
[PASSIVE-BEACON] SIMNOW:19.506 CID:8 ZONE:1 RXUAV:1 EDGEPORT:9998 TS:19.492 SPD:24.500 HDG:1.000 PX:425.100 PY:-40.000 LAN:4 BRK:0 RX_X:0.000 RX_Y:0.000 RX_Z:0.000
[ZONE-ROUTE] CID:8 zone=1 edge_port=9998
[EDGE-RTT] CID:8 wall=0.7 ms  sim_delay=5.0 ms
>>> [UAV->CLOUD] BLK:1c35|TX:7.0.0.12|CID:8|TS:19.492|SPD:24.5|HDG:1.0|PX:425.1|PY:-40.0|...
[ECON-CLAWBACK] CID:9 ACT=WARN prior_payoff=7.7 extra_penalty=5.1 new_payoff=2.5
[FORGIVENESS] CID:9 WARN #2 — streak reset, benefits revoked
⚠ [CAR 9] ACT=WARN REP=0.624 RWD=0.000 PNL=5.181 CREDIT=-2
[ECON-CLAWBACK] CID:8 ACT=WARN prior_payoff=-4.552 extra_penalty=2.250 new_payoff=-6.901
[FORGIVENESS] CID:8 WARN #6 — streak reset, benefits revoked
⚠ [CAR 8] ACT=WARN REP=0.829 RWD=0.000 PNL=2.349 CREDIT=-2
[PASSIVE-BEACON] SIMNOW:19.534 CID:3 ZONE:1 RXUAV:1 EDGEPORT:9998 TS:19.520 SPD:24.900 HDG:0.500 PX:405.200 PY:-40.000 LAN:4 BRK:0 RX_X:0.000 RX_Y:0.000 RX_Z:0.000
[ZONE-ROUTE] CID:3 zone=1 edge_port=9998
[EDGE-RTT] CID:3 wall=0.9 ms  sim_delay=5.0 ms
>>> [UAV->CLOUD] BLK:f17d|TX:7.0.0.7|CID:3|TS:19.520|SPD:24.9|HDG:0.5|PX:405.2|PY:-40.0|L...
[PASSIVE-BEACON] SIMNOW:19.536 CID:6 ZONE:1 RXUAV:1 EDGEPORT:9998 TS:19.522 SPD:25.100 HDG:0.800 PX:445.600 PY:-20.000 LAN:2 BRK:0 RX_X:0.000 RX_Y:0.000 RX_Z:0.000
[ZONE-ROUTE] CID:6 zone=1 edge_port=9998
[EDGE-RTT] CID:6 wall=0.9 ms  sim_delay=5.0 ms
>>> [UAV->CLOUD] BLK:f1e0|TX:7.0.0.10|CID:6|TS:19.522|SPD:25.1|HDG:0.8|PX:445.6|PY:-20.0|...
[ECON-CLAWBACK] CID:3 ACT=WARN prior_payoff=-4.6 extra_penalty=2.2 new_payoff=-6.9
[FORGIVENESS] CID:3 WARN #6 — streak reset, benefits revoked
⚠ [CAR 3] ACT=WARN REP=0.966 RWD=0.000 PNL=2.351 CREDIT=-2
[ECON-CLAWBACK] CID:6 ACT=WARN prior_payoff=-30.734 extra_penalty=4.250 new_payoff=-35.086
[FORGIVENESS] CID:6 WARN #14 — streak reset, benefits revoked
⚠ [CAR 6] ACT=WARN REP=0.673 RWD=0.000 PNL=4.352 CREDIT=-2
[PASSIVE-BEACON] SIMNOW:19.646 CID:7 ZONE:1 RXUAV:1 EDGEPORT:9998 TS:19.632 SPD:24.600 HDG:-0.000 PX:437.900 PY:-30.000 LAN:3 BRK:0 RX_X:0.000 RX_Y:0.000 RX_Z:0.000
[ZONE-ROUTE] CID:7 zone=1 edge_port=9998
[EDGE-RTT] CID:7 wall=1.0 ms  sim_delay=5.0 ms
>>> [UAV->CLOUD] BLK:3c58|TX:7.0.0.11|CID:7|TS:19.632|SPD:24.6|HDG:-0.0|PX:437.9|PY:-30.0...
[ECON-CLAWBACK] CID:7 ACT=WARN prior_payoff=-19.0 extra_penalty=3.5 new_payoff=-22.6
[FORGIVENESS] CID:7 WARN #11 — streak reset, benefits revoked
⚠ [CAR 7] ACT=WARN REP=0.561 RWD=0.000 PNL=3.600 CREDIT=-2
[PASSIVE-BEACON] SIMNOW:19.734 CID:1 ZONE:1 RXUAV:1 EDGEPORT:9998 TS:19.720 SPD:25.200 HDG:-0.400 PX:430.300 PY:-20.000 LAN:2 BRK:1 RX_X:0.000 RX_Y:0.000 RX_Z:0.000
[ZONE-ROUTE] CID:1 zone=1 edge_port=9998
[EDGE-RTT] CID:1 wall=1.3 ms  sim_delay=5.0 ms
>>> [UAV->CLOUD] BLK:a0bc|TX:7.0.0.5|CID:1|TS:19.720|SPD:25.2|HDG:-0.4|PX:430.3|PY:-20.0|...
[PASSIVE-BEACON] SIMNOW:19.734 CID:0 ZONE:1 RXUAV:1 EDGEPORT:9998 TS:19.720 SPD:24.500 HDG:-1.300 PX:440.900 PY:-10.000 LAN:1 BRK:0 RX_X:0.000 RX_Y:0.000 RX_Z:0.000
[ZONE-ROUTE] CID:0 zone=1 edge_port=9998
[EDGE-RTT] CID:0 wall=2.8 ms  sim_delay=10.0 ms
>>> [UAV->CLOUD] BLK:95eb|TX:7.0.0.4|CID:0|TS:19.720|SPD:24.5|HDG:-1.3|PX:440.9|PY:-10.0|...
[ECON-CLAWBACK] CID:1 ACT=WARN prior_payoff=-35.1 extra_penalty=4.5 new_payoff=-39.7
[FORGIVENESS] CID:1 WARN #15 — streak reset, benefits revoked
⚠ [CAR 1] ACT=WARN REP=0.665 RWD=0.000 PNL=4.602 CREDIT=-2
[ECON-CLAWBACK] CID:0 ACT=WARN prior_payoff=-55.405 extra_penalty=5.500 new_payoff=-61.004
[FORGIVENESS] CID:0 WARN #19 — streak reset, benefits revoked
⚠ [CAR 0] ACT=WARN REP=0.527 RWD=0.000 PNL=5.599 CREDIT=-2
[PASSIVE-BEACON] SIMNOW:19.804 CID:4 ZONE:1 RXUAV:1 EDGEPORT:9998 TS:19.790 SPD:25.100 HDG:0.700 PX:401.400 PY:-50.000 LAN:5 BRK:0 RX_X:0.000 RX_Y:0.000 RX_Z:0.000
[ZONE-ROUTE] CID:4 zone=1 edge_port=9998
[EDGE-RTT] CID:4 wall=1.1 ms  sim_delay=5.0 ms
>>> [UAV->CLOUD] BLK:75b5|TX:7.0.0.8|CID:4|TS:19.790|SPD:25.1|HDG:0.7|PX:401.4|PY:-50.0|L...
[ECON-CLAWBACK] CID:4 ACT=WARN prior_payoff=8.1 extra_penalty=5.3 new_payoff=2.7
[FORGIVENESS] CID:4 WARN #2 — streak reset, benefits revoked
⚠ [CAR 4] ACT=WARN REP=0.887 RWD=0.000 PNL=5.416 CREDIT=-2
[PASSIVE-BEACON] SIMNOW:19.884 CID:2 ZONE:1 RXUAV:1 EDGEPORT:9998 TS:19.870 SPD:24.500 HDG:0.900 PX:424.100 PY:-30.000 LAN:3 BRK:0 RX_X:0.000 RX_Y:0.000 RX_Z:0.000
[ZONE-ROUTE] CID:2 zone=1 edge_port=9998
[EDGE-RTT] CID:2 wall=0.8 ms  sim_delay=5.0 ms
>>> [UAV->CLOUD] BLK:f331|TX:7.0.0.6|CID:2|TS:19.870|SPD:24.5|HDG:0.9|PX:424.1|PY:-30.0|L...
[ECON-CLAWBACK] CID:2 ACT=WARN prior_payoff=-19.1 extra_penalty=3.5 new_payoff=-22.7
[FORGIVENESS] CID:2 WARN #11 — streak reset, benefits revoked
⚠ [CAR 2] ACT=WARN REP=0.449 RWD=0.000 PNL=3.599 CREDIT=-2
[PASSIVE-BEACON] SIMNOW:19.996 CID:9 ZONE:1 RXUAV:1 EDGEPORT:9998 TS:19.982 SPD:24.900 HDG:0.600 PX:426.000 PY:-50.000 LAN:5 BRK:0 RX_X:0.000 RX_Y:0.000 RX_Z:0.000
[ZONE-ROUTE] CID:9 zone=1 edge_port=9998
[EDGE-RTT] CID:9 wall=0.9 ms  sim_delay=5.0 ms
>>> [UAV->CLOUD] BLK:7031|TX:7.0.0.13|CID:9|TS:19.982|SPD:24.9|HDG:0.6|PX:426.0|PY:-50.0|...
[PASSIVE-BEACON] SIMNOW:20.006 CID:8 ZONE:1 RXUAV:1 EDGEPORT:9998 TS:19.992 SPD:25.200 HDG:-0.400 PX:437.400 PY:-40.000 LAN:4 BRK:0 RX_X:0.000 RX_Y:0.000 RX_Z:0.000
[ZONE-ROUTE] CID:8 zone=1 edge_port=9998
[EDGE-RTT] CID:8 wall=1.1 ms  sim_delay=5.0 ms
>>> [UAV->CLOUD] BLK:ccae|TX:7.0.0.12|CID:8|TS:19.992|SPD:25.2|HDG:-0.4|PX:437.4|PY:-40.0...
[ECON-CLAWBACK] CID:9 ACT=WARN prior_payoff=2.5 extra_penalty=2.7 new_payoff=-0.4
[FORGIVENESS] CID:9 WARN #3 — streak reset, benefits revoked
⚠ [CAR 9] ACT=WARN REP=0.811 RWD=0.000 PNL=2.843 CREDIT=-2
[ECON-CLAWBACK] CID:8 ACT=WARN prior_payoff=-6.901 extra_penalty=2.500 new_payoff=-9.503
[FORGIVENESS] CID:8 WARN #7 — streak reset, benefits revoked
⚠ [CAR 8] ACT=WARN REP=0.856 RWD=0.000 PNL=2.602 CREDIT=-2
[PASSIVE-BEACON] SIMNOW:20.032 CID:3 ZONE:1 RXUAV:1 EDGEPORT:9998 TS:20.020 SPD:25.000 HDG:-0.200 PX:417.600 PY:-40.000 LAN:4 BRK:0 RX_X:0.000 RX_Y:0.000 RX_Z:0.000
[ZONE-ROUTE] CID:3 zone=1 edge_port=9998
[EDGE-RTT] CID:3 wall=1.0 ms  sim_delay=5.0 ms
>>> [UAV->CLOUD] BLK:39cf|TX:7.0.0.7|CID:3|TS:20.020|SPD:25.0|HDG:-0.2|PX:417.6|PY:-40.0|...
[PASSIVE-BEACON] SIMNOW:20.036 CID:6 ZONE:1 RXUAV:1 EDGEPORT:9998 TS:20.022 SPD:24.800 HDG:-0.900 PX:457.800 PY:-20.000 LAN:2 BRK:0 RX_X:0.000 RX_Y:0.000 RX_Z:0.000
[ZONE-ROUTE] CID:6 zone=1 edge_port=9998
[EDGE-RTT] CID:6 wall=0.7 ms  sim_delay=5.0 ms
>>> [UAV->CLOUD] BLK:f34c|TX:7.0.0.10|CID:6|TS:20.022|SPD:24.8|HDG:-0.9|PX:457.8|PY:-20.0...
[ECON-CLAWBACK] CID:3 ACT=WARN prior_payoff=-6.9 extra_penalty=2.5 new_payoff=-9.5
[FORGIVENESS] CID:3 WARN #7 — streak reset, benefits revoked
⚠ [CAR 3] ACT=WARN REP=0.702 RWD=0.000 PNL=2.601 CREDIT=-2
[ECON-CLAWBACK] CID:6 ACT=WARN prior_payoff=-35.086 extra_penalty=4.500 new_payoff=-39.686
[FORGIVENESS] CID:6 WARN #15 — streak reset, benefits revoked
⚠ [CAR 6] ACT=WARN REP=0.603 RWD=0.000 PNL=4.600 CREDIT=-2
[PASSIVE-BEACON] SIMNOW:20.144 CID:7 ZONE:1 RXUAV:1 EDGEPORT:9998 TS:20.132 SPD:24.600 HDG:-1.400 PX:450.800 PY:-30.000 LAN:3 BRK:0 RX_X:0.000 RX_Y:0.000 RX_Z:0.000
[ZONE-ROUTE] CID:7 zone=1 edge_port=9998
[EDGE-RTT] CID:7 wall=1.0 ms  sim_delay=5.0 ms
>>> [UAV->CLOUD] BLK:e50a|TX:7.0.0.11|CID:7|TS:20.132|SPD:24.6|HDG:-1.4|PX:450.8|PY:-30.0...
[ECON-CLAWBACK] CID:7 ACT=WARN prior_payoff=-22.6 extra_penalty=3.8 new_payoff=-26.4
[FORGIVENESS] CID:7 WARN #12 — streak reset, benefits revoked
⚠ [CAR 7] ACT=WARN REP=0.728 RWD=0.000 PNL=3.850 CREDIT=-2
[PASSIVE-BEACON] SIMNOW:20.234 CID:1 ZONE:1 RXUAV:1 EDGEPORT:9998 TS:20.220 SPD:24.700 HDG:-1.800 PX:442.800 PY:-20.000 LAN:2 BRK:0 RX_X:0.000 RX_Y:0.000 RX_Z:0.000
[ZONE-ROUTE] CID:1 zone=1 edge_port=9998
[EDGE-RTT] CID:1 wall=1.0 ms  sim_delay=5.0 ms
>>> [UAV->CLOUD] BLK:03db|TX:7.0.0.5|CID:1|TS:20.220|SPD:24.7|HDG:-1.8|PX:442.8|PY:-20.0|...
[PASSIVE-BEACON] SIMNOW:20.234 CID:0 ZONE:1 RXUAV:1 EDGEPORT:9998 TS:20.220 SPD:25.200 HDG:-0.900 PX:453.200 PY:-10.000 LAN:1 BRK:0 RX_X:0.000 RX_Y:0.000 RX_Z:0.000
[ZONE-ROUTE] CID:0 zone=1 edge_port=9998
[EDGE-RTT] CID:0 wall=2.5 ms  sim_delay=10.0 ms
>>> [UAV->CLOUD] BLK:bcda|TX:7.0.0.4|CID:0|TS:20.220|SPD:25.2|HDG:-0.9|PX:453.2|PY:-10.0|...
[ECON-CLAWBACK] CID:1 ACT=WARN prior_payoff=-39.7 extra_penalty=4.8 new_payoff=-44.6
[FORGIVENESS] CID:1 WARN #16 — streak reset, benefits revoked
⚠ [CAR 1] ACT=WARN REP=0.688 RWD=0.000 PNL=4.850 CREDIT=-2
[ECON-CLAWBACK] CID:0 ACT=WARN prior_payoff=-61.004 extra_penalty=5.750 new_payoff=-66.856
[FORGIVENESS] CID:0 WARN #20 — streak reset, benefits revoked
⚠ [CAR 0] ACT=WARN REP=0.256 RWD=0.000 PNL=5.852 CREDIT=-2
[PASSIVE-BEACON] SIMNOW:20.304 CID:4 ZONE:1 RXUAV:1 EDGEPORT:9998 TS:20.290 SPD:25.400 HDG:-0.900 PX:414.100 PY:-50.000 LAN:5 BRK:0 RX_X:0.000 RX_Y:0.000 RX_Z:0.000
[ZONE-ROUTE] CID:4 zone=1 edge_port=9998
[EDGE-RTT] CID:4 wall=1.0 ms  sim_delay=5.0 ms
>>> [UAV->CLOUD] BLK:e34d|TX:7.0.0.8|CID:4|TS:20.290|SPD:25.4|HDG:-0.9|PX:414.1|PY:-50.0|...
[ECON-CLAWBACK] CID:4 ACT=WARN prior_payoff=2.7 extra_penalty=2.9 new_payoff=-0.2
[FORGIVENESS] CID:4 WARN #3 — streak reset, benefits revoked
⚠ [CAR 4] ACT=WARN REP=0.696 RWD=0.000 PNL=2.961 CREDIT=-2
[PASSIVE-BEACON] SIMNOW:20.384 CID:2 ZONE:1 RXUAV:1 EDGEPORT:9998 TS:20.370 SPD:24.800 HDG:0.800 PX:436.400 PY:-30.000 LAN:3 BRK:0 RX_X:0.000 RX_Y:0.000 RX_Z:0.000
[ZONE-ROUTE] CID:2 zone=1 edge_port=9998
[EDGE-RTT] CID:2 wall=0.9 ms  sim_delay=5.0 ms
>>> [UAV->CLOUD] BLK:350e|TX:7.0.0.6|CID:2|TS:20.370|SPD:24.8|HDG:0.8|PX:436.4|PY:-30.0|L...
[ECON-CLAWBACK] CID:2 ACT=WARN prior_payoff=-22.7 extra_penalty=3.8 new_payoff=-26.5
[FORGIVENESS] CID:2 WARN #12 — streak reset, benefits revoked
⚠ [CAR 2] ACT=WARN REP=0.517 RWD=0.000 PNL=3.850 CREDIT=-2
[PASSIVE-BEACON] SIMNOW:20.496 CID:9 ZONE:1 RXUAV:1 EDGEPORT:9998 TS:20.482 SPD:24.700 HDG:-1.400 PX:439.900 PY:-50.000 LAN:5 BRK:0 RX_X:0.000 RX_Y:0.000 RX_Z:0.000
[ZONE-ROUTE] CID:9 zone=1 edge_port=9998
[EDGE-RTT] CID:9 wall=0.9 ms  sim_delay=5.0 ms
>>> [UAV->CLOUD] BLK:69a6|TX:7.0.0.13|CID:9|TS:20.482|SPD:24.7|HDG:-1.4|PX:439.9|PY:-50.0...
[PASSIVE-BEACON] SIMNOW:20.506 CID:8 ZONE:1 RXUAV:1 EDGEPORT:9998 TS:20.492 SPD:25.000 HDG:0.200 PX:449.600 PY:-40.000 LAN:4 BRK:0 RX_X:0.000 RX_Y:0.000 RX_Z:0.000
[ZONE-ROUTE] CID:8 zone=1 edge_port=9998
[EDGE-RTT] CID:8 wall=0.6 ms  sim_delay=5.0 ms
>>> [UAV->CLOUD] BLK:31d9|TX:7.0.0.12|CID:8|TS:20.492|SPD:25.0|HDG:0.2|PX:449.6|PY:-40.0|...
[ECON-CLAWBACK] CID:9 ACT=WARN prior_payoff=-0.4 extra_penalty=1.8 new_payoff=-2.2
[FORGIVENESS] CID:9 WARN #4 — streak reset, benefits revoked
⚠ [CAR 9] ACT=WARN REP=0.891 RWD=0.000 PNL=1.848 CREDIT=-2
[ECON-CLAWBACK] CID:8 ACT=WARN prior_payoff=-9.503 extra_penalty=2.750 new_payoff=-12.354
[FORGIVENESS] CID:8 WARN #8 — streak reset, benefits revoked
⚠ [CAR 8] ACT=WARN REP=0.515 RWD=0.000 PNL=2.851 CREDIT=-2
[PASSIVE-BEACON] SIMNOW:20.534 CID:3 ZONE:1 RXUAV:1 EDGEPORT:9998 TS:20.520 SPD:25.300 HDG:0.800 PX:430.900 PY:-40.000 LAN:4 BRK:1 RX_X:0.000 RX_Y:0.000 RX_Z:0.000
[ZONE-ROUTE] CID:3 zone=1 edge_port=9998
[EDGE-RTT] CID:3 wall=1.0 ms  sim_delay=5.0 ms
>>> [UAV->CLOUD] BLK:a31f|TX:7.0.0.7|CID:3|TS:20.520|SPD:25.3|HDG:0.8|PX:430.9|PY:-40.0|L...
[PASSIVE-BEACON] SIMNOW:20.536 CID:6 ZONE:1 RXUAV:1 EDGEPORT:9998 TS:20.522 SPD:25.300 HDG:1.600 PX:470.900 PY:-20.000 LAN:2 BRK:0 RX_X:0.000 RX_Y:0.000 RX_Z:0.000
[ZONE-ROUTE] CID:6 zone=1 edge_port=9998
[EDGE-RTT] CID:6 wall=0.6 ms  sim_delay=5.0 ms
>>> [UAV->CLOUD] BLK:a54e|TX:7.0.0.10|CID:6|TS:20.522|SPD:25.3|HDG:1.6|PX:470.9|PY:-20.0|...
[ECON-CLAWBACK] CID:3 ACT=WARN prior_payoff=-9.5 extra_penalty=2.8 new_payoff=-12.4
[FORGIVENESS] CID:3 WARN #8 — streak reset, benefits revoked
⚠ [CAR 3] ACT=WARN REP=0.845 RWD=0.000 PNL=2.852 CREDIT=-2
[ECON-CLAWBACK] CID:6 ACT=WARN prior_payoff=-39.686 extra_penalty=4.750 new_payoff=-44.538
[FORGIVENESS] CID:6 WARN #16 — streak reset, benefits revoked
⚠ [CAR 6] ACT=WARN REP=0.339 RWD=0.000 PNL=4.852 CREDIT=-2
[PASSIVE-BEACON] SIMNOW:20.646 CID:7 ZONE:1 RXUAV:1 EDGEPORT:9998 TS:20.632 SPD:25.200 HDG:1.600 PX:463.500 PY:-30.000 LAN:3 BRK:0 RX_X:0.000 RX_Y:0.000 RX_Z:0.000
[ZONE-ROUTE] CID:7 zone=1 edge_port=9998
[EDGE-RTT] CID:7 wall=1.2 ms  sim_delay=5.0 ms
>>> [UAV->CLOUD] BLK:ff57|TX:7.0.0.11|CID:7|TS:20.632|SPD:25.2|HDG:1.6|PX:463.5|PY:-30.0|...
[ECON-CLAWBACK] CID:7 ACT=WARN prior_payoff=-26.4 extra_penalty=4.0 new_payoff=-30.6
[FORGIVENESS] CID:7 WARN #13 — streak reset, benefits revoked
⚠ [CAR 7] ACT=WARN REP=0.633 RWD=0.000 PNL=4.102 CREDIT=-2
[PASSIVE-BEACON] SIMNOW:20.734 CID:1 ZONE:1 RXUAV:1 EDGEPORT:9998 TS:20.720 SPD:24.900 HDG:0.300 PX:455.300 PY:-20.000 LAN:2 BRK:0 RX_X:0.000 RX_Y:0.000 RX_Z:0.000
[ZONE-ROUTE] CID:1 zone=1 edge_port=9998
[EDGE-RTT] CID:1 wall=0.9 ms  sim_delay=5.0 ms
>>> [UAV->CLOUD] BLK:71ea|TX:7.0.0.5|CID:1|TS:20.720|SPD:24.9|HDG:0.3|PX:455.3|PY:-20.0|L...
[PASSIVE-BEACON] SIMNOW:20.734 CID:0 ZONE:1 RXUAV:1 EDGEPORT:9998 TS:20.720 SPD:24.500 HDG:-0.600 PX:465.700 PY:-10.000 LAN:1 BRK:0 RX_X:0.000 RX_Y:0.000 RX_Z:0.000
[ZONE-ROUTE] CID:0 zone=1 edge_port=9998
[EDGE-RTT] CID:0 wall=2.8 ms  sim_delay=10.0 ms
>>> [UAV->CLOUD] BLK:ca0c|TX:7.0.0.4|CID:0|TS:20.720|SPD:24.5|HDG:-0.6|PX:465.7|PY:-10.0|...
[ECON-CLAWBACK] CID:1 ACT=WARN prior_payoff=-44.6 extra_penalty=5.0 new_payoff=-49.7
[FORGIVENESS] CID:1 WARN #17 — streak reset, benefits revoked
⚠ [CAR 1] ACT=WARN REP=0.665 RWD=0.000 PNL=5.101 CREDIT=-2
[ECON-CLAWBACK] CID:0 ACT=WARN prior_payoff=-66.856 extra_penalty=6.000 new_payoff=-72.955
[FORGIVENESS] CID:0 WARN #21 — streak reset, benefits revoked
⚠ [CAR 0] ACT=WARN REP=0.349 RWD=0.000 PNL=6.099 CREDIT=-2
[PASSIVE-BEACON] SIMNOW:20.804 CID:4 ZONE:1 RXUAV:1 EDGEPORT:9998 TS:20.790 SPD:24.500 HDG:-0.600 PX:427.100 PY:-50.000 LAN:5 BRK:0 RX_X:0.000 RX_Y:0.000 RX_Z:0.000
[ZONE-ROUTE] CID:4 zone=1 edge_port=9998
[EDGE-RTT] CID:4 wall=1.1 ms  sim_delay=5.0 ms
>>> [UAV->CLOUD] BLK:7e51|TX:7.0.0.8|CID:4|TS:20.790|SPD:24.5|HDG:-0.6|PX:427.1|PY:-50.0|...
[ECON-CLAWBACK] CID:4 ACT=WARN prior_payoff=-0.2 extra_penalty=1.8 new_payoff=-2.1
[FORGIVENESS] CID:4 WARN #4 — streak reset, benefits revoked
⚠ [CAR 4] ACT=WARN REP=0.889 RWD=0.000 PNL=1.849 CREDIT=-2
[PASSIVE-BEACON] SIMNOW:20.884 CID:2 ZONE:1 RXUAV:1 EDGEPORT:9998 TS:20.870 SPD:25.000 HDG:-1.900 PX:448.900 PY:-30.000 LAN:3 BRK:1 RX_X:0.000 RX_Y:0.000 RX_Z:0.000
[ZONE-ROUTE] CID:2 zone=1 edge_port=9998
[EDGE-RTT] CID:2 wall=1.0 ms  sim_delay=5.0 ms
>>> [UAV->CLOUD] BLK:bc6e|TX:7.0.0.6|CID:2|TS:20.870|SPD:25.0|HDG:-1.9|PX:448.9|PY:-30.0|...
[ECON-CLAWBACK] CID:2 ACT=WARN prior_payoff=-26.5 extra_penalty=4.0 new_payoff=-30.6
[FORGIVENESS] CID:2 WARN #13 — streak reset, benefits revoked
⚠ [CAR 2] ACT=WARN REP=0.932 RWD=0.000 PNL=4.101 CREDIT=-2
[PASSIVE-BEACON] SIMNOW:20.995 CID:9 ZONE:1 RXUAV:1 EDGEPORT:9998 TS:20.982 SPD:25.200 HDG:-0.600 PX:452.100 PY:-50.000 LAN:5 BRK:0 RX_X:0.000 RX_Y:0.000 RX_Z:0.000
[ZONE-ROUTE] CID:9 zone=1 edge_port=9998
[EDGE-RTT] CID:9 wall=0.9 ms  sim_delay=5.0 ms
>>> [UAV->CLOUD] BLK:96d7|TX:7.0.0.13|CID:9|TS:20.982|SPD:25.2|HDG:-0.6|PX:452.1|PY:-50.0...
[PASSIVE-BEACON] SIMNOW:21.006 CID:8 ZONE:1 RXUAV:1 EDGEPORT:9998 TS:20.992 SPD:25.200 HDG:-0.400 PX:462.300 PY:-40.000 LAN:4 BRK:0 RX_X:0.000 RX_Y:0.000 RX_Z:0.000
[ZONE-ROUTE] CID:8 zone=1 edge_port=9998
[EDGE-RTT] CID:8 wall=0.9 ms  sim_delay=5.0 ms
>>> [UAV->CLOUD] BLK:3148|TX:7.0.0.12|CID:8|TS:20.992|SPD:25.2|HDG:-0.4|PX:462.3|PY:-40.0...
[ECON-CLAWBACK] CID:9 ACT=WARN prior_payoff=-2.2 extra_penalty=2.0 new_payoff=-4.3
[FORGIVENESS] CID:9 WARN #5 — streak reset, benefits revoked
⚠ [CAR 9] ACT=WARN REP=0.764 RWD=0.000 PNL=2.102 CREDIT=-2
[ECON-CLAWBACK] CID:8 ACT=WARN prior_payoff=-12.354 extra_penalty=3.000 new_payoff=-15.456
[FORGIVENESS] CID:8 WARN #9 — streak reset, benefits revoked
⚠ [CAR 8] ACT=WARN REP=0.779 RWD=0.000 PNL=3.102 CREDIT=-2
[PASSIVE-BEACON] SIMNOW:21.034 CID:3 ZONE:1 RXUAV:1 EDGEPORT:9998 TS:21.020 SPD:25.000 HDG:1.600 PX:443.000 PY:-40.000 LAN:4 BRK:1 RX_X:0.000 RX_Y:0.000 RX_Z:0.000
[ZONE-ROUTE] CID:3 zone=1 edge_port=9998
[EDGE-RTT] CID:3 wall=1.0 ms  sim_delay=5.0 ms
>>> [UAV->CLOUD] BLK:4d7f|TX:7.0.0.7|CID:3|TS:21.020|SPD:25.0|HDG:1.6|PX:443.0|PY:-40.0|L...
[PASSIVE-BEACON] SIMNOW:21.036 CID:6 ZONE:1 RXUAV:1 EDGEPORT:9998 TS:21.022 SPD:25.200 HDG:0.300 PX:482.500 PY:-20.000 LAN:2 BRK:0 RX_X:0.000 RX_Y:0.000 RX_Z:0.000
[ZONE-ROUTE] CID:6 zone=1 edge_port=9998
[EDGE-RTT] CID:6 wall=0.7 ms  sim_delay=5.0 ms
>>> [UAV->CLOUD] BLK:552c|TX:7.0.0.10|CID:6|TS:21.022|SPD:25.2|HDG:0.3|PX:482.5|PY:-20.0|...
[ECON-CLAWBACK] CID:3 ACT=WARN prior_payoff=-12.4 extra_penalty=3.0 new_payoff=-15.5
[FORGIVENESS] CID:3 WARN #9 — streak reset, benefits revoked
⚠ [CAR 3] ACT=WARN REP=0.654 RWD=0.000 PNL=3.101 CREDIT=-2
[ECON-CLAWBACK] CID:6 ACT=WARN prior_payoff=-44.538 extra_penalty=5.000 new_payoff=-49.640
[FORGIVENESS] CID:6 WARN #17 — streak reset, benefits revoked
⚠ [CAR 6] ACT=WARN REP=0.348 RWD=0.000 PNL=5.102 CREDIT=-2
[PASSIVE-BEACON] SIMNOW:21.146 CID:7 ZONE:1 RXUAV:1 EDGEPORT:9998 TS:21.132 SPD:24.500 HDG:1.900 PX:475.500 PY:-30.000 LAN:3 BRK:0 RX_X:0.000 RX_Y:0.000 RX_Z:0.000
[ZONE-ROUTE] CID:7 zone=1 edge_port=9998
[EDGE-RTT] CID:7 wall=1.0 ms  sim_delay=5.0 ms
>>> [UAV->CLOUD] BLK:0f1e|TX:7.0.0.11|CID:7|TS:21.132|SPD:24.5|HDG:1.9|PX:475.5|PY:-30.0|...
[ECON-CLAWBACK] CID:7 ACT=WARN prior_payoff=-30.6 extra_penalty=4.2 new_payoff=-34.9
[FORGIVENESS] CID:7 WARN #14 — streak reset, benefits revoked
⚠ [CAR 7] ACT=WARN REP=0.586 RWD=0.000 PNL=4.349 CREDIT=-2
[PASSIVE-BEACON] SIMNOW:21.234 CID:1 ZONE:1 RXUAV:1 EDGEPORT:9998 TS:21.220 SPD:25.200 HDG:-1.700 PX:467.600 PY:-20.000 LAN:2 BRK:0 RX_X:0.000 RX_Y:0.000 RX_Z:0.000
[ZONE-ROUTE] CID:1 zone=1 edge_port=9998
[EDGE-RTT] CID:1 wall=1.1 ms  sim_delay=5.0 ms
>>> [UAV->CLOUD] BLK:d97c|TX:7.0.0.5|CID:1|TS:21.220|SPD:25.2|HDG:-1.7|PX:467.6|PY:-20.0|...
[PASSIVE-BEACON] SIMNOW:21.234 CID:0 ZONE:1 RXUAV:1 EDGEPORT:9998 TS:21.220 SPD:15.300 HDG:-1.100 PX:477.100 PY:-10.000 LAN:1 BRK:0 RX_X:0.000 RX_Y:0.000 RX_Z:0.000
[ZONE-ROUTE] CID:0 zone=1 edge_port=9998
[EDGE-RTT] CID:0 wall=2.8 ms  sim_delay=10.0 ms
>>> [UAV->CLOUD] BLK:e15e|TX:7.0.0.4|CID:0|TS:21.220|SPD:15.3|HDG:-1.1|PX:477.1|PY:-10.0|...
[ECON-CLAWBACK] CID:1 ACT=WARN prior_payoff=-49.7 extra_penalty=5.2 new_payoff=-55.1
[FORGIVENESS] CID:1 WARN #18 — streak reset, benefits revoked
⚠ [CAR 1] ACT=WARN REP=0.624 RWD=0.000 PNL=5.352 CREDIT=-2
[ECON-GATE] CID:0 probation active - suppressing OK reward 0.989
✓ [CAR 0] ACT=OK REP=0.650 RWD=0.000 PNL=0.000 CREDIT=0
[PASSIVE-BEACON] SIMNOW:21.304 CID:4 ZONE:1 RXUAV:1 EDGEPORT:9998 TS:21.290 SPD:24.700 HDG:1.000 PX:439.400 PY:-50.000 LAN:5 BRK:0 RX_X:0.000 RX_Y:0.000 RX_Z:0.000
[ZONE-ROUTE] CID:4 zone=1 edge_port=9998
[EDGE-RTT] CID:4 wall=1.0 ms  sim_delay=5.0 ms
>>> [UAV->CLOUD] BLK:f293|TX:7.0.0.8|CID:4|TS:21.290|SPD:24.7|HDG:1.0|PX:439.4|PY:-50.0|L...
[ECON-CLAWBACK] CID:4 ACT=WARN prior_payoff=-2.1 extra_penalty=2.0 new_payoff=-4.2
[FORGIVENESS] CID:4 WARN #5 — streak reset, benefits revoked
⚠ [CAR 4] ACT=WARN REP=0.913 RWD=0.000 PNL=2.100 CREDIT=-2
[PASSIVE-BEACON] SIMNOW:21.384 CID:2 ZONE:1 RXUAV:1 EDGEPORT:9998 TS:21.370 SPD:24.900 HDG:-1.000 PX:461.900 PY:-30.000 LAN:3 BRK:1 RX_X:0.000 RX_Y:0.000 RX_Z:0.000
[ZONE-ROUTE] CID:2 zone=1 edge_port=9998
[EDGE-RTT] CID:2 wall=1.0 ms  sim_delay=5.0 ms
>>> [UAV->CLOUD] BLK:2189|TX:7.0.0.6|CID:2|TS:21.370|SPD:24.9|HDG:-1.0|PX:461.9|PY:-30.0|...
[ECON-CLAWBACK] CID:2 ACT=WARN prior_payoff=-30.6 extra_penalty=4.2 new_payoff=-35.0
[FORGIVENESS] CID:2 WARN #14 — streak reset, benefits revoked
⚠ [CAR 2] ACT=WARN REP=0.728 RWD=0.000 PNL=4.351 CREDIT=-2
[PASSIVE-BEACON] SIMNOW:21.496 CID:9 ZONE:1 RXUAV:1 EDGEPORT:9998 TS:21.482 SPD:25.500 HDG:-1.000 PX:464.700 PY:-50.000 LAN:5 BRK:0 RX_X:0.000 RX_Y:0.000 RX_Z:0.000
[ZONE-ROUTE] CID:9 zone=1 edge_port=9998
[EDGE-RTT] CID:9 wall=0.8 ms  sim_delay=5.0 ms
>>> [UAV->CLOUD] BLK:501f|TX:7.0.0.13|CID:9|TS:21.482|SPD:25.5|HDG:-1.0|PX:464.7|PY:-50.0...
[PASSIVE-BEACON] SIMNOW:21.506 CID:8 ZONE:1 RXUAV:1 EDGEPORT:9998 TS:21.492 SPD:25.400 HDG:-1.000 PX:474.700 PY:-40.000 LAN:4 BRK:0 RX_X:0.000 RX_Y:0.000 RX_Z:0.000
[ZONE-ROUTE] CID:8 zone=1 edge_port=9998
[EDGE-RTT] CID:8 wall=0.7 ms  sim_delay=5.0 ms
>>> [UAV->CLOUD] BLK:e2fe|TX:7.0.0.12|CID:8|TS:21.492|SPD:25.4|HDG:-1.0|PX:474.7|PY:-40.0...
[ECON-CLAWBACK] CID:9 ACT=WARN prior_payoff=-4.3 extra_penalty=2.2 new_payoff=-6.7
[FORGIVENESS] CID:9 WARN #6 — streak reset, benefits revoked
⚠ [CAR 9] ACT=WARN REP=0.899 RWD=0.000 PNL=2.352 CREDIT=-2
[ECON-CLAWBACK] CID:8 ACT=WARN prior_payoff=-15.456 extra_penalty=3.250 new_payoff=-18.808
[FORGIVENESS] CID:8 WARN #10 — streak reset, benefits revoked
⚠ [CAR 8] ACT=WARN REP=0.917 RWD=0.000 PNL=3.352 CREDIT=-2
[PASSIVE-BEACON] SIMNOW:21.533 CID:3 ZONE:1 RXUAV:1 EDGEPORT:9998 TS:21.520 SPD:24.700 HDG:-1.900 PX:455.100 PY:-40.000 LAN:4 BRK:0 RX_X:0.000 RX_Y:0.000 RX_Z:0.000
[ZONE-ROUTE] CID:3 zone=1 edge_port=9998
[EDGE-RTT] CID:3 wall=0.9 ms  sim_delay=5.0 ms
>>> [UAV->CLOUD] BLK:e01b|TX:7.0.0.7|CID:3|TS:21.520|SPD:24.7|HDG:-1.9|PX:455.1|PY:-40.0|...
[PASSIVE-BEACON] SIMNOW:21.536 CID:6 ZONE:1 RXUAV:1 EDGEPORT:9998 TS:21.522 SPD:24.700 HDG:1.500 PX:495.100 PY:-20.000 LAN:2 BRK:0 RX_X:0.000 RX_Y:0.000 RX_Z:0.000
[ZONE-ROUTE] CID:6 zone=1 edge_port=9998
[EDGE-RTT] CID:6 wall=0.7 ms  sim_delay=5.0 ms
>>> [UAV->CLOUD] BLK:6b93|TX:7.0.0.10|CID:6|TS:21.522|SPD:24.7|HDG:1.5|PX:495.1|PY:-20.0|...
[ECON-CLAWBACK] CID:3 ACT=WARN prior_payoff=-15.5 extra_penalty=3.2 new_payoff=-18.8
[FORGIVENESS] CID:3 WARN #10 — streak reset, benefits revoked
⚠ [CAR 3] ACT=WARN REP=0.777 RWD=0.000 PNL=3.350 CREDIT=-2
[ECON-CLAWBACK] CID:6 ACT=WARN prior_payoff=-49.640 extra_penalty=5.250 new_payoff=-54.990
[FORGIVENESS] CID:6 WARN #18 — streak reset, benefits revoked
⚠ [CAR 6] ACT=WARN REP=0.558 RWD=0.000 PNL=5.350 CREDIT=-2
[PASSIVE-BEACON] SIMNOW:21.645 CID:7 ZONE:1 RXUAV:1 EDGEPORT:9998 TS:21.632 SPD:25.100 HDG:1.700 PX:487.600 PY:-30.000 LAN:3 BRK:0 RX_X:0.000 RX_Y:0.000 RX_Z:0.000
[ZONE-ROUTE] CID:7 zone=1 edge_port=9998
[EDGE-RTT] CID:7 wall=1.0 ms  sim_delay=5.0 ms
>>> [UAV->CLOUD] BLK:47a2|TX:7.0.0.11|CID:7|TS:21.632|SPD:25.1|HDG:1.7|PX:487.6|PY:-30.0|...
[ECON-CLAWBACK] CID:7 ACT=WARN prior_payoff=-34.9 extra_penalty=4.5 new_payoff=-39.5
[FORGIVENESS] CID:7 WARN #15 — streak reset, benefits revoked
⚠ [CAR 7] ACT=WARN REP=0.260 RWD=0.000 PNL=4.601 CREDIT=-2
[PASSIVE-BEACON] SIMNOW:21.734 CID:1 ZONE:1 RXUAV:1 EDGEPORT:9998 TS:21.720 SPD:25.400 HDG:-1.500 PX:479.700 PY:-20.000 LAN:2 BRK:0 RX_X:0.000 RX_Y:0.000 RX_Z:0.000
[ZONE-ROUTE] CID:1 zone=1 edge_port=9998
[EDGE-RTT] CID:1 wall=0.9 ms  sim_delay=5.0 ms
>>> [UAV->CLOUD] BLK:b4fd|TX:7.0.0.5|CID:1|TS:21.720|SPD:25.4|HDG:-1.5|PX:479.7|PY:-20.0|...
[PASSIVE-BEACON] SIMNOW:21.734 CID:0 ZONE:1 RXUAV:1 EDGEPORT:9998 TS:21.720 SPD:15.300 HDG:-0.600 PX:484.400 PY:-10.000 LAN:1 BRK:0 RX_X:0.000 RX_Y:0.000 RX_Z:0.000
[ZONE-ROUTE] CID:0 zone=1 edge_port=9998
[EDGE-RTT] CID:0 wall=2.4 ms  sim_delay=10.0 ms
>>> [UAV->CLOUD] BLK:c10b|TX:7.0.0.4|CID:0|TS:21.720|SPD:15.3|HDG:-0.6|PX:484.4|PY:-10.0|...
[ECON-CLAWBACK] CID:1 ACT=WARN prior_payoff=-55.1 extra_penalty=5.5 new_payoff=-60.7
[FORGIVENESS] CID:1 WARN #19 — streak reset, benefits revoked
⚠ [CAR 1] ACT=WARN REP=0.456 RWD=0.000 PNL=5.602 CREDIT=-2
[ECON-GATE] CID:0 probation active - suppressing OK reward 1.000
✓ [CAR 0] ACT=OK REP=0.483 RWD=0.000 PNL=0.000 CREDIT=1
[PASSIVE-BEACON] SIMNOW:21.802 CID:4 ZONE:1 RXUAV:1 EDGEPORT:9998 TS:21.790 SPD:25.000 HDG:-0.300 PX:451.900 PY:-50.000 LAN:5 BRK:0 RX_X:0.000 RX_Y:0.000 RX_Z:0.000
[ZONE-ROUTE] CID:4 zone=1 edge_port=9998
[EDGE-RTT] CID:4 wall=1.0 ms  sim_delay=5.0 ms
>>> [UAV->CLOUD] BLK:c6b7|TX:7.0.0.8|CID:4|TS:21.790|SPD:25.0|HDG:-0.3|PX:451.9|PY:-50.0|...
[ECON-CLAWBACK] CID:4 ACT=WARN prior_payoff=-4.2 extra_penalty=2.2 new_payoff=-6.5
[FORGIVENESS] CID:4 WARN #6 — streak reset, benefits revoked
⚠ [CAR 4] ACT=WARN REP=0.737 RWD=0.000 PNL=2.351 CREDIT=-2
[PASSIVE-BEACON] SIMNOW:21.884 CID:2 ZONE:1 RXUAV:1 EDGEPORT:9998 TS:21.870 SPD:24.600 HDG:-1.400 PX:473.300 PY:-30.000 LAN:3 BRK:1 RX_X:0.000 RX_Y:0.000 RX_Z:0.000
[ZONE-ROUTE] CID:2 zone=1 edge_port=9998
[EDGE-RTT] CID:2 wall=1.0 ms  sim_delay=5.0 ms
>>> [UAV->CLOUD] BLK:000b|TX:7.0.0.6|CID:2|TS:21.870|SPD:24.6|HDG:-1.4|PX:473.3|PY:-30.0|...
[ECON-CLAWBACK] CID:2 ACT=WARN prior_payoff=-35.0 extra_penalty=4.5 new_payoff=-39.6
[FORGIVENESS] CID:2 WARN #15 — streak reset, benefits revoked
⚠ [CAR 2] ACT=WARN REP=0.714 RWD=0.000 PNL=4.599 CREDIT=-2
[PASSIVE-BEACON] SIMNOW:21.996 CID:9 ZONE:1 RXUAV:1 EDGEPORT:9998 TS:21.982 SPD:24.900 HDG:0.900 PX:476.800 PY:-50.000 LAN:5 BRK:0 RX_X:0.000 RX_Y:0.000 RX_Z:0.000
[ZONE-ROUTE] CID:9 zone=1 edge_port=9998
[EDGE-RTT] CID:9 wall=1.0 ms  sim_delay=5.0 ms
>>> [UAV->CLOUD] BLK:070b|TX:7.0.0.13|CID:9|TS:21.982|SPD:24.9|HDG:0.9|PX:476.8|PY:-50.0|...
[PASSIVE-BEACON] SIMNOW:22.006 CID:8 ZONE:1 RXUAV:1 EDGEPORT:9998 TS:21.992 SPD:25.100 HDG:1.700 PX:486.800 PY:-40.000 LAN:4 BRK:0 RX_X:0.000 RX_Y:0.000 RX_Z:0.000
[ZONE-ROUTE] CID:8 zone=1 edge_port=9998
[EDGE-RTT] CID:8 wall=0.7 ms  sim_delay=5.0 ms
>>> [UAV->CLOUD] BLK:d341|TX:7.0.0.12|CID:8|TS:21.992|SPD:25.1|HDG:1.7|PX:486.8|PY:-40.0|...
[ECON-CLAWBACK] CID:9 ACT=WARN prior_payoff=-6.7 extra_penalty=2.5 new_payoff=-9.3
[FORGIVENESS] CID:9 WARN #7 — streak reset, benefits revoked
⚠ [CAR 9] ACT=WARN REP=0.911 RWD=0.000 PNL=2.601 CREDIT=-2
[ECON-CLAWBACK] CID:8 ACT=WARN prior_payoff=-18.808 extra_penalty=3.500 new_payoff=-22.410
[FORGIVENESS] CID:8 WARN #11 — streak reset, benefits revoked
⚠ [CAR 8] ACT=WARN REP=0.675 RWD=0.000 PNL=3.602 CREDIT=-2
[PASSIVE-BEACON] SIMNOW:22.034 CID:3 ZONE:1 RXUAV:1 EDGEPORT:9998 TS:22.020 SPD:24.700 HDG:1.400 PX:467.600 PY:-40.000 LAN:4 BRK:0 RX_X:0.000 RX_Y:0.000 RX_Z:0.000
[ZONE-ROUTE] CID:3 zone=1 edge_port=9998
[EDGE-RTT] CID:3 wall=1.1 ms  sim_delay=5.0 ms
>>> [UAV->CLOUD] BLK:0eeb|TX:7.0.0.7|CID:3|TS:22.020|SPD:24.7|HDG:1.4|PX:467.6|PY:-40.0|L...
[PASSIVE-BEACON] SIMNOW:22.036 CID:6 ZONE:1 RXUAV:1 EDGEPORT:9998 TS:22.022 SPD:25.200 HDG:-1.000 PX:507.200 PY:-20.000 LAN:2 BRK:1 RX_X:0.000 RX_Y:0.000 RX_Z:0.000
[ZONE-ROUTE] CID:6 zone=1 edge_port=9998
[EDGE-RTT] CID:6 wall=0.8 ms  sim_delay=5.0 ms
>>> [UAV->CLOUD] BLK:bcbb|TX:7.0.0.10|CID:6|TS:22.022|SPD:25.2|HDG:-1.0|PX:507.2|PY:-20.0...
[ECON-CLAWBACK] CID:3 ACT=WARN prior_payoff=-18.8 extra_penalty=3.5 new_payoff=-22.4
[FORGIVENESS] CID:3 WARN #11 — streak reset, benefits revoked
⚠ [CAR 3] ACT=WARN REP=0.675 RWD=0.000 PNL=3.600 CREDIT=-2
[ECON-CLAWBACK] CID:6 ACT=WARN prior_payoff=-54.990 extra_penalty=5.500 new_payoff=-60.592
[FORGIVENESS] CID:6 WARN #19 — streak reset, benefits revoked
⚠ [CAR 6] ACT=WARN REP=0.444 RWD=0.000 PNL=5.602 CREDIT=-2
[PASSIVE-BEACON] SIMNOW:22.146 CID:7 ZONE:1 RXUAV:1 EDGEPORT:9998 TS:22.132 SPD:25.200 HDG:0.600 PX:500.900 PY:-30.000 LAN:3 BRK:1 RX_X:0.000 RX_Y:0.000 RX_Z:0.000
[ZONE-ROUTE] CID:7 zone=1 edge_port=9998
[EDGE-RTT] CID:7 wall=1.0 ms  sim_delay=5.0 ms
>>> [UAV->CLOUD] BLK:e043|TX:7.0.0.11|CID:7|TS:22.132|SPD:25.2|HDG:0.6|PX:500.9|PY:-30.0|...
[ECON-CLAWBACK] CID:7 ACT=WARN prior_payoff=-39.5 extra_penalty=4.8 new_payoff=-44.4
[FORGIVENESS] CID:7 WARN #16 — streak reset, benefits revoked
⚠ [CAR 7] ACT=WARN REP=0.739 RWD=0.000 PNL=4.852 CREDIT=-2
[PASSIVE-BEACON] SIMNOW:22.234 CID:1 ZONE:1 RXUAV:1 EDGEPORT:9998 TS:22.220 SPD:25.300 HDG:-0.900 PX:493.400 PY:-20.000 LAN:2 BRK:0 RX_X:0.000 RX_Y:0.000 RX_Z:0.000
[ZONE-ROUTE] CID:1 zone=1 edge_port=9998
[EDGE-RTT] CID:1 wall=0.9 ms  sim_delay=5.0 ms
>>> [UAV->CLOUD] BLK:f22c|TX:7.0.0.5|CID:1|TS:22.220|SPD:25.3|HDG:-0.9|PX:493.4|PY:-20.0|...
[PASSIVE-BEACON] SIMNOW:22.234 CID:0 ZONE:1 RXUAV:1 EDGEPORT:9998 TS:22.220 SPD:14.700 HDG:0.100 PX:491.000 PY:-10.000 LAN:1 BRK:1 RX_X:0.000 RX_Y:0.000 RX_Z:0.000
[ZONE-ROUTE] CID:0 zone=1 edge_port=9998
[EDGE-RTT] CID:0 wall=2.9 ms  sim_delay=10.0 ms
>>> [UAV->CLOUD] BLK:1884|TX:7.0.0.4|CID:0|TS:22.220|SPD:14.7|HDG:0.1|PX:491.0|PY:-10.0|L...
[ECON-CLAWBACK] CID:1 ACT=WARN prior_payoff=-60.7 extra_penalty=5.8 new_payoff=-66.5
[FORGIVENESS] CID:1 WARN #20 — streak reset, benefits revoked
⚠ [CAR 1] ACT=WARN REP=0.614 RWD=0.000 PNL=5.852 CREDIT=-2
[ECON-GATE] CID:0 probation active - suppressing OK reward 1.000
✓ [CAR 0] ACT=OK REP=0.551 RWD=0.000 PNL=0.000 CREDIT=2
[PASSIVE-BEACON] SIMNOW:22.304 CID:4 ZONE:1 RXUAV:1 EDGEPORT:9998 TS:22.290 SPD:25.000 HDG:-1.200 PX:464.300 PY:-50.000 LAN:5 BRK:0 RX_X:0.000 RX_Y:0.000 RX_Z:0.000
[ZONE-ROUTE] CID:4 zone=1 edge_port=9998
[EDGE-RTT] CID:4 wall=1.0 ms  sim_delay=5.0 ms
>>> [UAV->CLOUD] BLK:b5eb|TX:7.0.0.8|CID:4|TS:22.290|SPD:25.0|HDG:-1.2|PX:464.3|PY:-50.0|...
[ECON-CLAWBACK] CID:4 ACT=WARN prior_payoff=-6.5 extra_penalty=2.5 new_payoff=-9.1
[FORGIVENESS] CID:4 WARN #7 — streak reset, benefits revoked
⚠ [CAR 4] ACT=WARN REP=0.737 RWD=0.000 PNL=2.601 CREDIT=-2
[PASSIVE-BEACON] SIMNOW:22.384 CID:2 ZONE:1 RXUAV:1 EDGEPORT:9998 TS:22.370 SPD:25.300 HDG:0.200 PX:486.100 PY:-30.000 LAN:3 BRK:0 RX_X:0.000 RX_Y:0.000 RX_Z:0.000
[ZONE-ROUTE] CID:2 zone=1 edge_port=9998
[EDGE-RTT] CID:2 wall=1.1 ms  sim_delay=5.0 ms
>>> [UAV->CLOUD] BLK:2f49|TX:7.0.0.6|CID:2|TS:22.370|SPD:25.3|HDG:0.2|PX:486.1|PY:-30.0|L...
[ECON-CLAWBACK] CID:2 ACT=WARN prior_payoff=-39.6 extra_penalty=4.8 new_payoff=-44.4
[FORGIVENESS] CID:2 WARN #16 — streak reset, benefits revoked
⚠ [CAR 2] ACT=WARN REP=0.351 RWD=0.000 PNL=4.852 CREDIT=-2
[PASSIVE-BEACON] SIMNOW:22.496 CID:9 ZONE:1 RXUAV:1 EDGEPORT:9998 TS:22.482 SPD:24.900 HDG:0.200 PX:489.700 PY:-50.000 LAN:5 BRK:1 RX_X:0.000 RX_Y:0.000 RX_Z:0.000
[ZONE-ROUTE] CID:9 zone=1 edge_port=9998
[EDGE-RTT] CID:9 wall=1.0 ms  sim_delay=5.0 ms
>>> [UAV->CLOUD] BLK:61fc|TX:7.0.0.13|CID:9|TS:22.482|SPD:24.9|HDG:0.2|PX:489.7|PY:-50.0|...
[PASSIVE-BEACON] SIMNOW:22.506 CID:8 ZONE:1 RXUAV:1 EDGEPORT:9998 TS:22.492 SPD:24.800 HDG:1.600 PX:499.500 PY:-40.000 LAN:4 BRK:0 RX_X:0.000 RX_Y:0.000 RX_Z:0.000
[ZONE-ROUTE] CID:8 zone=1 edge_port=9998
[EDGE-RTT] CID:8 wall=0.8 ms  sim_delay=5.0 ms
>>> [UAV->CLOUD] BLK:4133|TX:7.0.0.12|CID:8|TS:22.492|SPD:24.8|HDG:1.6|PX:499.5|PY:-40.0|...
[ECON-CLAWBACK] CID:9 ACT=WARN prior_payoff=-9.3 extra_penalty=2.8 new_payoff=-12.1
[FORGIVENESS] CID:9 WARN #8 — streak reset, benefits revoked
⚠ [CAR 9] ACT=WARN REP=0.583 RWD=0.000 PNL=2.851 CREDIT=-2
[ECON-CLAWBACK] CID:8 ACT=WARN prior_payoff=-22.410 extra_penalty=3.750 new_payoff=-26.261
[FORGIVENESS] CID:8 WARN #12 — streak reset, benefits revoked
⚠ [CAR 8] ACT=WARN REP=0.590 RWD=0.000 PNL=3.851 CREDIT=-2
[PASSIVE-BEACON] SIMNOW:22.534 CID:3 ZONE:1 RXUAV:1 EDGEPORT:9998 TS:22.520 SPD:25.200 HDG:-1.600 PX:480.700 PY:-40.000 LAN:4 BRK:0 RX_X:0.000 RX_Y:0.000 RX_Z:0.000
[ZONE-ROUTE] CID:3 zone=1 edge_port=9998
[EDGE-RTT] CID:3 wall=0.9 ms  sim_delay=5.0 ms
>>> [UAV->CLOUD] BLK:c53b|TX:7.0.0.7|CID:3|TS:22.520|SPD:25.2|HDG:-1.6|PX:480.7|PY:-40.0|...
[PASSIVE-BEACON] SIMNOW:22.536 CID:6 ZONE:1 RXUAV:1 EDGEPORT:9998 TS:22.522 SPD:25.100 HDG:-1.500 PX:519.800 PY:-20.000 LAN:2 BRK:0 RX_X:0.000 RX_Y:0.000 RX_Z:0.000
[ZONE-ROUTE] CID:6 zone=1 edge_port=9998
[EDGE-RTT] CID:6 wall=0.8 ms  sim_delay=5.0 ms
>>> [UAV->CLOUD] BLK:92a7|TX:7.0.0.10|CID:6|TS:22.522|SPD:25.1|HDG:-1.5|PX:519.8|PY:-20.0...
[ECON-CLAWBACK] CID:3 ACT=WARN prior_payoff=-22.4 extra_penalty=3.8 new_payoff=-26.3
[FORGIVENESS] CID:3 WARN #12 — streak reset, benefits revoked
⚠ [CAR 3] ACT=WARN REP=0.552 RWD=0.000 PNL=3.852 CREDIT=-2
[ECON-CLAWBACK] CID:6 ACT=WARN prior_payoff=-60.592 extra_penalty=5.750 new_payoff=-66.444
[FORGIVENESS] CID:6 WARN #20 — streak reset, benefits revoked
⚠ [CAR 6] ACT=WARN REP=0.639 RWD=0.000 PNL=5.852 CREDIT=-2
[PASSIVE-BEACON] SIMNOW:22.646 CID:7 ZONE:1 RXUAV:1 EDGEPORT:9998 TS:22.632 SPD:24.600 HDG:-0.600 PX:513.100 PY:-30.000 LAN:3 BRK:1 RX_X:0.000 RX_Y:0.000 RX_Z:0.000
[ZONE-ROUTE] CID:7 zone=1 edge_port=9998
[EDGE-RTT] CID:7 wall=1.1 ms  sim_delay=5.0 ms
>>> [UAV->CLOUD] BLK:6662|TX:7.0.0.11|CID:7|TS:22.632|SPD:24.6|HDG:-0.6|PX:513.1|PY:-30.0...
[ECON-CLAWBACK] CID:7 ACT=WARN prior_payoff=-44.4 extra_penalty=5.0 new_payoff=-49.5
[FORGIVENESS] CID:7 WARN #17 — streak reset, benefits revoked
⚠ [CAR 7] ACT=WARN REP=0.702 RWD=0.000 PNL=5.099 CREDIT=-2
[PASSIVE-BEACON] SIMNOW:22.734 CID:1 ZONE:1 RXUAV:1 EDGEPORT:9998 TS:22.720 SPD:24.700 HDG:0.800 PX:505.500 PY:-20.000 LAN:2 BRK:0 RX_X:0.000 RX_Y:0.000 RX_Z:0.000
[ZONE-ROUTE] CID:1 zone=1 edge_port=9998
[EDGE-RTT] CID:1 wall=1.0 ms  sim_delay=5.0 ms
>>> [UAV->CLOUD] BLK:d6b9|TX:7.0.0.5|CID:1|TS:22.720|SPD:24.7|HDG:0.8|PX:505.5|PY:-20.0|L...
[PASSIVE-BEACON] SIMNOW:22.734 CID:0 ZONE:1 RXUAV:1 EDGEPORT:9998 TS:22.720 SPD:14.900 HDG:-2.000 PX:499.800 PY:-10.000 LAN:1 BRK:0 RX_X:0.000 RX_Y:0.000 RX_Z:0.000
[ZONE-ROUTE] CID:0 zone=1 edge_port=9998
[EDGE-RTT] CID:0 wall=1.7 ms  sim_delay=10.0 ms
>>> [UAV->CLOUD] BLK:f1c8|TX:7.0.0.4|CID:0|TS:22.720|SPD:14.9|HDG:-2.0|PX:499.8|PY:-10.0|...
[ECON-GATE] CID:0 probation active - suppressing OK reward 1.0
✓ [CAR 0] ACT=OK REP=0.573 RWD=0.000 PNL=0.000 CREDIT=3
[ECON-CLAWBACK] CID:1 ACT=WARN prior_payoff=-66.506 extra_penalty=6.000 new_payoff=-72.606
[FORGIVENESS] CID:1 WARN #21 — streak reset, benefits revoked
⚠ [CAR 1] ACT=WARN REP=0.442 RWD=0.000 PNL=6.100 CREDIT=-2
[PASSIVE-BEACON] SIMNOW:22.804 CID:4 ZONE:1 RXUAV:1 EDGEPORT:9998 TS:22.790 SPD:25.100 HDG:-0.600 PX:476.800 PY:-50.000 LAN:5 BRK:0 RX_X:0.000 RX_Y:0.000 RX_Z:0.000
[ZONE-ROUTE] CID:4 zone=1 edge_port=9998
[EDGE-RTT] CID:4 wall=1.0 ms  sim_delay=5.0 ms
>>> [UAV->CLOUD] BLK:3c90|TX:7.0.0.8|CID:4|TS:22.790|SPD:25.1|HDG:-0.6|PX:476.8|PY:-50.0|...
[ECON-CLAWBACK] CID:4 ACT=WARN prior_payoff=-9.1 extra_penalty=2.8 new_payoff=-12.0
[FORGIVENESS] CID:4 WARN #8 — streak reset, benefits revoked
⚠ [CAR 4] ACT=WARN REP=0.768 RWD=0.000 PNL=2.851 CREDIT=-2
[PASSIVE-BEACON] SIMNOW:22.884 CID:2 ZONE:1 RXUAV:1 EDGEPORT:9998 TS:22.870 SPD:25.400 HDG:1.200 PX:498.600 PY:-30.000 LAN:3 BRK:1 RX_X:0.000 RX_Y:0.000 RX_Z:0.000
[ZONE-ROUTE] CID:2 zone=1 edge_port=9998
[EDGE-RTT] CID:2 wall=1.1 ms  sim_delay=5.0 ms
>>> [UAV->CLOUD] BLK:7400|TX:7.0.0.6|CID:2|TS:22.870|SPD:25.4|HDG:1.2|PX:498.6|PY:-30.0|L...
[ECON-CLAWBACK] CID:2 ACT=WARN prior_payoff=-44.4 extra_penalty=5.0 new_payoff=-49.5
[FORGIVENESS] CID:2 WARN #17 — streak reset, benefits revoked
⚠ [CAR 2] ACT=WARN REP=0.723 RWD=0.000 PNL=5.102 CREDIT=-2
[PASSIVE-BEACON] SIMNOW:22.996 CID:9 ZONE:1 RXUAV:1 EDGEPORT:9998 TS:22.982 SPD:24.600 HDG:-0.100 PX:502.200 PY:-50.000 LAN:5 BRK:0 RX_X:0.000 RX_Y:0.000 RX_Z:0.000
[ZONE-ROUTE] CID:9 zone=1 edge_port=9998
[EDGE-RTT] CID:9 wall=0.9 ms  sim_delay=5.0 ms
>>> [UAV->CLOUD] BLK:aae7|TX:7.0.0.13|CID:9|TS:22.982|SPD:24.6|HDG:-0.1|PX:502.2|PY:-50.0...
[PASSIVE-BEACON] SIMNOW:23.006 CID:8 ZONE:1 RXUAV:1 EDGEPORT:9998 TS:22.992 SPD:24.800 HDG:-0.700 PX:512.000 PY:-40.000 LAN:4 BRK:0 RX_X:0.000 RX_Y:0.000 RX_Z:0.000
[ZONE-ROUTE] CID:8 zone=1 edge_port=9998
[EDGE-RTT] CID:8 wall=0.8 ms  sim_delay=5.0 ms
>>> [UAV->CLOUD] BLK:43d5|TX:7.0.0.12|CID:8|TS:22.992|SPD:24.8|HDG:-0.7|PX:512.0|PY:-40.0...
[ECON-CLAWBACK] CID:9 ACT=WARN prior_payoff=-12.1 extra_penalty=3.0 new_payoff=-15.2
[FORGIVENESS] CID:9 WARN #9 — streak reset, benefits revoked
⚠ [CAR 9] ACT=WARN REP=0.607 RWD=0.000 PNL=3.100 CREDIT=-2
[ECON-CLAWBACK] CID:8 ACT=WARN prior_payoff=-26.261 extra_penalty=4.000 new_payoff=-30.362
[FORGIVENESS] CID:8 WARN #13 — streak reset, benefits revoked
⚠ [CAR 8] ACT=WARN REP=0.491 RWD=0.000 PNL=4.101 CREDIT=-2
[PASSIVE-BEACON] SIMNOW:23.034 CID:6 ZONE:1 RXUAV:1 EDGEPORT:9998 TS:23.022 SPD:24.500 HDG:-0.400 PX:532.600 PY:-20.000 LAN:2 BRK:0 RX_X:0.000 RX_Y:0.000 RX_Z:0.000
[ZONE-ROUTE] CID:6 zone=1 edge_port=9998
[EDGE-RTT] CID:6 wall=1.1 ms  sim_delay=5.0 ms
>>> [UAV->CLOUD] BLK:2aa0|TX:7.0.0.10|CID:6|TS:23.022|SPD:24.5|HDG:-0.4|PX:532.6|PY:-20.0...
[PASSIVE-BEACON] SIMNOW:23.034 CID:3 ZONE:1 RXUAV:1 EDGEPORT:9998 TS:23.020 SPD:24.900 HDG:-1.600 PX:493.000 PY:-40.000 LAN:4 BRK:0 RX_X:0.000 RX_Y:0.000 RX_Z:0.000
[ZONE-ROUTE] CID:3 zone=1 edge_port=9998
[EDGE-RTT] CID:3 wall=2.3 ms  sim_delay=5.0 ms
>>> [UAV->CLOUD] BLK:5c5f|TX:7.0.0.7|CID:3|TS:23.020|SPD:24.9|HDG:-1.6|PX:493.0|PY:-40.0|...
[ECON-CLAWBACK] CID:6 ACT=WARN prior_payoff=-66.4 extra_penalty=6.0 new_payoff=-72.5
[FORGIVENESS] CID:6 WARN #21 — streak reset, benefits revoked
⚠ [CAR 6] ACT=WARN REP=0.581 RWD=0.000 PNL=6.099 CREDIT=-2
[ECON-CLAWBACK] CID:3 ACT=WARN prior_payoff=-26.261 extra_penalty=4.000 new_payoff=-30.362
[FORGIVENESS] CID:3 WARN #13 — streak reset, benefits revoked
⚠ [CAR 3] ACT=WARN REP=0.768 RWD=0.000 PNL=4.101 CREDIT=-2
[PASSIVE-BEACON] SIMNOW:23.146 CID:7 ZONE:1 RXUAV:1 EDGEPORT:9998 TS:23.132 SPD:24.900 HDG:1.700 PX:524.800 PY:-30.000 LAN:3 BRK:0 RX_X:0.000 RX_Y:0.000 RX_Z:0.000
[ZONE-ROUTE] CID:7 zone=1 edge_port=9998
[EDGE-RTT] CID:7 wall=1.1 ms  sim_delay=5.0 ms
>>> [UAV->CLOUD] BLK:6224|TX:7.0.0.11|CID:7|TS:23.132|SPD:24.9|HDG:1.7|PX:524.8|PY:-30.0|...
[ECON-CLAWBACK] CID:7 ACT=WARN prior_payoff=-49.5 extra_penalty=5.2 new_payoff=-54.8
[FORGIVENESS] CID:7 WARN #18 — streak reset, benefits revoked
⚠ [CAR 7] ACT=WARN REP=0.568 RWD=0.000 PNL=5.351 CREDIT=-2
[PASSIVE-BEACON] SIMNOW:23.234 CID:1 ZONE:1 RXUAV:1 EDGEPORT:9998 TS:23.220 SPD:14.800 HDG:1.000 PX:516.600 PY:-20.000 LAN:2 BRK:0 RX_X:0.000 RX_Y:0.000 RX_Z:0.000
[ZONE-ROUTE] CID:1 zone=1 edge_port=9998
[EDGE-RTT] CID:1 wall=1.1 ms  sim_delay=5.0 ms
>>> [UAV->CLOUD] BLK:e5f7|TX:7.0.0.5|CID:1|TS:23.220|SPD:14.8|HDG:1.0|PX:516.6|PY:-20.0|L...
[PASSIVE-BEACON] SIMNOW:23.234 CID:0 ZONE:1 RXUAV:1 EDGEPORT:9998 TS:23.220 SPD:14.500 HDG:-1.800 PX:507.100 PY:-10.000 LAN:1 BRK:0 RX_X:0.000 RX_Y:0.000 RX_Z:0.000
[ZONE-ROUTE] CID:0 zone=1 edge_port=9998
[EDGE-RTT] CID:0 wall=2.0 ms  sim_delay=10.0 ms
>>> [UAV->CLOUD] BLK:b27b|TX:7.0.0.4|CID:0|TS:23.220|SPD:14.5|HDG:-1.8|PX:507.1|PY:-10.0|...
[ECON-GATE] CID:0 probation active - suppressing OK reward 1.0
✓ [CAR 0] ACT=OK REP=0.274 RWD=0.000 PNL=0.000 CREDIT=4
[ECON-GATE] CID:1 probation active - suppressing OK reward 0.988
✓ [CAR 1] ACT=OK REP=0.366 RWD=0.000 PNL=0.000 CREDIT=0
[PASSIVE-BEACON] SIMNOW:23.303 CID:4 ZONE:1 RXUAV:1 EDGEPORT:9998 TS:23.290 SPD:25.500 HDG:-0.200 PX:488.800 PY:-50.000 LAN:5 BRK:0 RX_X:0.000 RX_Y:0.000 RX_Z:0.000
[ZONE-ROUTE] CID:4 zone=1 edge_port=9998
[EDGE-RTT] CID:4 wall=0.9 ms  sim_delay=5.0 ms
>>> [UAV->CLOUD] BLK:ba97|TX:7.0.0.8|CID:4|TS:23.290|SPD:25.5|HDG:-0.2|PX:488.8|PY:-50.0|...
[ECON-CLAWBACK] CID:4 ACT=WARN prior_payoff=-12.0 extra_penalty=3.0 new_payoff=-15.1
[FORGIVENESS] CID:4 WARN #9 — streak reset, benefits revoked
⚠ [CAR 4] ACT=WARN REP=0.815 RWD=0.000 PNL=3.102 CREDIT=-2
[PASSIVE-BEACON] SIMNOW:23.384 CID:2 ZONE:1 RXUAV:1 EDGEPORT:9998 TS:23.370 SPD:25.400 HDG:0.200 PX:511.200 PY:-30.000 LAN:3 BRK:0 RX_X:0.000 RX_Y:0.000 RX_Z:0.000
[ZONE-ROUTE] CID:2 zone=1 edge_port=9998
[EDGE-RTT] CID:2 wall=0.6 ms  sim_delay=5.0 ms
>>> [UAV->CLOUD] BLK:c974|TX:7.0.0.6|CID:2|TS:23.370|SPD:25.4|HDG:0.2|PX:511.2|PY:-30.0|L...
[ECON-CLAWBACK] CID:2 ACT=WARN prior_payoff=-49.5 extra_penalty=5.2 new_payoff=-54.9
[FORGIVENESS] CID:2 WARN #18 — streak reset, benefits revoked
⚠ [CAR 2] ACT=WARN REP=0.441 RWD=0.000 PNL=5.352 CREDIT=-2
[PASSIVE-BEACON] SIMNOW:23.499 CID:9 ZONE:1 RXUAV:1 EDGEPORT:9998 TS:23.482 SPD:24.700 HDG:1.200 PX:514.100 PY:-50.000 LAN:5 BRK:0 RX_X:0.000 RX_Y:0.000 RX_Z:0.000
[ZONE-ROUTE] CID:9 zone=1 edge_port=9998
[EDGE-RTT] CID:9 wall=1.2 ms  sim_delay=5.0 ms
>>> [UAV->CLOUD] BLK:6ec5|TX:7.0.0.13|CID:9|TS:23.482|SPD:24.7|HDG:1.2|PX:514.1|PY:-50.0|...
[PASSIVE-BEACON] SIMNOW:23.504 CID:8 ZONE:1 RXUAV:1 EDGEPORT:9998 TS:23.492 SPD:25.300 HDG:1.500 PX:523.800 PY:-40.000 LAN:4 BRK:0 RX_X:0.000 RX_Y:0.000 RX_Z:0.000
[ZONE-ROUTE] CID:8 zone=1 edge_port=9998
[EDGE-RTT] CID:8 wall=0.8 ms  sim_delay=5.0 ms
>>> [UAV->CLOUD] BLK:9658|TX:7.0.0.12|CID:8|TS:23.492|SPD:25.3|HDG:1.5|PX:523.8|PY:-40.0|...
[ECON-CLAWBACK] CID:9 ACT=WARN prior_payoff=-15.2 extra_penalty=3.2 new_payoff=-18.6
[FORGIVENESS] CID:9 WARN #10 — streak reset, benefits revoked
⚠ [CAR 9] ACT=WARN REP=0.371 RWD=0.000 PNL=3.350 CREDIT=-2
[ECON-CLAWBACK] CID:8 ACT=WARN prior_payoff=-30.362 extra_penalty=4.250 new_payoff=-34.714
[FORGIVENESS] CID:8 WARN #14 — streak reset, benefits revoked
⚠ [CAR 8] ACT=WARN REP=0.660 RWD=0.000 PNL=4.352 CREDIT=-2
[PASSIVE-BEACON] SIMNOW:23.534 CID:3 ZONE:1 RXUAV:1 EDGEPORT:9998 TS:23.520 SPD:24.900 HDG:0.100 PX:505.700 PY:-40.000 LAN:4 BRK:0 RX_X:0.000 RX_Y:0.000 RX_Z:0.000
[ZONE-ROUTE] CID:3 zone=1 edge_port=9998
[EDGE-RTT] CID:3 wall=0.8 ms  sim_delay=5.0 ms
>>> [UAV->CLOUD] BLK:a262|TX:7.0.0.7|CID:3|TS:23.520|SPD:24.9|HDG:0.1|PX:505.7|PY:-40.0|L...
[PASSIVE-BEACON] SIMNOW:23.536 CID:6 ZONE:1 RXUAV:1 EDGEPORT:9998 TS:23.522 SPD:14.800 HDG:1.900 PX:540.600 PY:-20.000 LAN:2 BRK:0 RX_X:0.000 RX_Y:0.000 RX_Z:0.000
[ZONE-ROUTE] CID:6 zone=1 edge_port=9998
[EDGE-RTT] CID:6 wall=0.8 ms  sim_delay=5.0 ms
>>> [UAV->CLOUD] BLK:4712|TX:7.0.0.10|CID:6|TS:23.522|SPD:14.8|HDG:1.9|PX:540.6|PY:-20.0|...
[ECON-CLAWBACK] CID:3 ACT=WARN prior_payoff=-30.4 extra_penalty=4.2 new_payoff=-34.7
[FORGIVENESS] CID:3 WARN #14 — streak reset, benefits revoked
⚠ [CAR 3] ACT=WARN REP=0.612 RWD=0.000 PNL=4.351 CREDIT=-2
[ECON-GATE] CID:6 probation active - suppressing OK reward 0.989
✓ [CAR 6] ACT=OK REP=0.457 RWD=0.000 PNL=0.000 CREDIT=0
[PASSIVE-BEACON] SIMNOW:23.646 CID:7 ZONE:1 RXUAV:1 EDGEPORT:9998 TS:23.632 SPD:25.300 HDG:-1.600 PX:538.000 PY:-30.000 LAN:3 BRK:0 RX_X:0.000 RX_Y:0.000 RX_Z:0.000
[ZONE-ROUTE] CID:7 zone=1 edge_port=9998
[EDGE-RTT] CID:7 wall=1.1 ms  sim_delay=5.0 ms
>>> [UAV->CLOUD] BLK:86f6|TX:7.0.0.11|CID:7|TS:23.632|SPD:25.3|HDG:-1.6|PX:538.0|PY:-30.0...
[ECON-CLAWBACK] CID:7 ACT=WARN prior_payoff=-54.8 extra_penalty=5.5 new_payoff=-60.4
[FORGIVENESS] CID:7 WARN #19 — streak reset, benefits revoked
⚠ [CAR 7] ACT=WARN REP=0.530 RWD=0.000 PNL=5.602 CREDIT=-2
[PASSIVE-BEACON] SIMNOW:23.734 CID:1 ZONE:1 RXUAV:1 EDGEPORT:9998 TS:23.720 SPD:15.500 HDG:0.800 PX:524.000 PY:-20.000 LAN:2 BRK:0 RX_X:0.000 RX_Y:0.000 RX_Z:0.000
[ZONE-ROUTE] CID:1 zone=1 edge_port=9998
[EDGE-RTT] CID:1 wall=1.0 ms  sim_delay=5.0 ms
>>> [UAV->CLOUD] BLK:9edd|TX:7.0.0.5|CID:1|TS:23.720|SPD:15.5|HDG:0.8|PX:524.0|PY:-20.0|L...
[PASSIVE-BEACON] SIMNOW:23.734 CID:0 ZONE:1 RXUAV:1 EDGEPORT:9998 TS:23.720 SPD:15.300 HDG:1.700 PX:514.500 PY:-10.000 LAN:1 BRK:0 RX_X:0.000 RX_Y:0.000 RX_Z:0.000
[ZONE-ROUTE] CID:0 zone=1 edge_port=9998
[EDGE-RTT] CID:0 wall=2.5 ms  sim_delay=10.0 ms
>>> [UAV->CLOUD] BLK:4f6a|TX:7.0.0.4|CID:0|TS:23.720|SPD:15.3|HDG:1.7|PX:514.5|PY:-10.0|L...
[ECON-GATE] CID:1 probation active - suppressing OK reward 1.0
✓ [CAR 1] ACT=OK REP=0.642 RWD=0.000 PNL=0.000 CREDIT=1
[ECON-GATE] CID:0 probation active - suppressing OK reward 1.000
✓ [CAR 0] ACT=OK REP=0.597 RWD=0.000 PNL=0.000 CREDIT=5
[PASSIVE-BEACON] SIMNOW:23.804 CID:4 ZONE:1 RXUAV:1 EDGEPORT:9998 TS:23.790 SPD:24.800 HDG:-0.800 PX:501.300 PY:-50.000 LAN:5 BRK:0 RX_X:0.000 RX_Y:0.000 RX_Z:0.000
[ZONE-ROUTE] CID:4 zone=1 edge_port=9998
[EDGE-RTT] CID:4 wall=1.1 ms  sim_delay=5.0 ms
>>> [UAV->CLOUD] BLK:bcff|TX:7.0.0.8|CID:4|TS:23.790|SPD:24.8|HDG:-0.8|PX:501.3|PY:-50.0|...
[ECON-CLAWBACK] CID:4 ACT=WARN prior_payoff=-15.1 extra_penalty=3.2 new_payoff=-18.4
[FORGIVENESS] CID:4 WARN #10 — streak reset, benefits revoked
⚠ [CAR 4] ACT=WARN REP=0.962 RWD=0.000 PNL=3.351 CREDIT=-2
[PASSIVE-BEACON] SIMNOW:23.884 CID:2 ZONE:1 RXUAV:1 EDGEPORT:9998 TS:23.870 SPD:25.400 HDG:-1.200 PX:524.700 PY:-30.000 LAN:3 BRK:0 RX_X:0.000 RX_Y:0.000 RX_Z:0.000
[ZONE-ROUTE] CID:2 zone=1 edge_port=9998
[EDGE-RTT] CID:2 wall=1.0 ms  sim_delay=5.0 ms
>>> [UAV->CLOUD] BLK:bee5|TX:7.0.0.6|CID:2|TS:23.870|SPD:25.4|HDG:-1.2|PX:524.7|PY:-30.0|...
[ECON-CLAWBACK] CID:2 ACT=WARN prior_payoff=-54.9 extra_penalty=5.5 new_payoff=-60.5
[FORGIVENESS] CID:2 WARN #19 — streak reset, benefits revoked
⚠ [CAR 2] ACT=WARN REP=0.516 RWD=0.000 PNL=5.602 CREDIT=-2
[PASSIVE-BEACON] SIMNOW:23.996 CID:9 ZONE:1 RXUAV:1 EDGEPORT:9998 TS:23.982 SPD:25.300 HDG:1.000 PX:527.200 PY:-50.000 LAN:5 BRK:0 RX_X:0.000 RX_Y:0.000 RX_Z:0.000
[ZONE-ROUTE] CID:9 zone=1 edge_port=9998
[EDGE-RTT] CID:9 wall=0.9 ms  sim_delay=5.0 ms
>>> [UAV->CLOUD] BLK:8480|TX:7.0.0.13|CID:9|TS:23.982|SPD:25.3|HDG:1.0|PX:527.2|PY:-50.0|...
[PASSIVE-BEACON] SIMNOW:24.006 CID:8 ZONE:1 RXUAV:1 EDGEPORT:9998 TS:23.992 SPD:25.500 HDG:2.000 PX:536.600 PY:-40.000 LAN:4 BRK:0 RX_X:0.000 RX_Y:0.000 RX_Z:0.000
[ZONE-ROUTE] CID:8 zone=1 edge_port=9998
[EDGE-RTT] CID:8 wall=0.8 ms  sim_delay=5.0 ms
>>> [UAV->CLOUD] BLK:b175|TX:7.0.0.12|CID:8|TS:23.992|SPD:25.5|HDG:2.0|PX:536.6|PY:-40.0|...
[ECON-CLAWBACK] CID:9 ACT=WARN prior_payoff=-18.6 extra_penalty=3.5 new_payoff=-22.2
[FORGIVENESS] CID:9 WARN #11 — streak reset, benefits revoked
⚠ [CAR 9] ACT=WARN REP=0.902 RWD=0.000 PNL=3.602 CREDIT=-2
[ECON-CLAWBACK] CID:8 ACT=WARN prior_payoff=-34.714 extra_penalty=4.500 new_payoff=-39.316
[FORGIVENESS] CID:8 WARN #15 — streak reset, benefits revoked
⚠ [CAR 8] ACT=WARN REP=0.592 RWD=0.000 PNL=4.602 CREDIT=-2
[PASSIVE-BEACON] SIMNOW:24.034 CID:3 ZONE:1 RXUAV:1 EDGEPORT:9998 TS:24.020 SPD:24.600 HDG:-0.700 PX:517.100 PY:-40.000 LAN:4 BRK:0 RX_X:0.000 RX_Y:0.000 RX_Z:0.000
[ZONE-ROUTE] CID:3 zone=1 edge_port=9998
[EDGE-RTT] CID:3 wall=0.9 ms  sim_delay=5.0 ms
>>> [UAV->CLOUD] BLK:d087|TX:7.0.0.7|CID:3|TS:24.020|SPD:24.6|HDG:-0.7|PX:517.1|PY:-40.0|...
[PASSIVE-BEACON] SIMNOW:24.036 CID:6 ZONE:1 RXUAV:1 EDGEPORT:9998 TS:24.022 SPD:14.900 HDG:1.400 PX:549.100 PY:-20.000 LAN:2 BRK:1 RX_X:0.000 RX_Y:0.000 RX_Z:0.000
[ZONE-ROUTE] CID:6 zone=1 edge_port=9998
[EDGE-RTT] CID:6 wall=1.8 ms  sim_delay=5.0 ms
>>> [UAV->CLOUD] BLK:f500|TX:7.0.0.10|CID:6|TS:24.022|SPD:14.9|HDG:1.4|PX:549.1|PY:-20.0|...
[ECON-CLAWBACK] CID:3 ACT=WARN prior_payoff=-34.7 extra_penalty=4.5 new_payoff=-39.3
[FORGIVENESS] CID:3 WARN #15 — streak reset, benefits revoked
⚠ [CAR 3] ACT=WARN REP=0.668 RWD=0.000 PNL=4.599 CREDIT=-2
[ECON-GATE] CID:6 probation active - suppressing OK reward 1.000
✓ [CAR 6] ACT=OK REP=0.439 RWD=0.000 PNL=0.000 CREDIT=1
[PASSIVE-BEACON] SIMNOW:24.146 CID:7 ZONE:1 RXUAV:1 EDGEPORT:9998 TS:24.132 SPD:25.000 HDG:-2.000 PX:550.500 PY:-30.000 LAN:3 BRK:0 RX_X:0.000 RX_Y:0.000 RX_Z:0.000
[ZONE-ROUTE] CID:7 zone=1 edge_port=9998
[EDGE-RTT] CID:7 wall=0.9 ms  sim_delay=5.0 ms
>>> [UAV->CLOUD] BLK:8020|TX:7.0.0.11|CID:7|TS:24.132|SPD:25.0|HDG:-2.0|PX:550.5|PY:-30.0...
[ECON-CLAWBACK] CID:7 ACT=WARN prior_payoff=-60.4 extra_penalty=5.8 new_payoff=-66.3
[FORGIVENESS] CID:7 WARN #20 — streak reset, benefits revoked
⚠ [CAR 7] ACT=WARN REP=0.574 RWD=0.000 PNL=5.851 CREDIT=-2
[PASSIVE-BEACON] SIMNOW:24.234 CID:1 ZONE:1 RXUAV:1 EDGEPORT:9998 TS:24.220 SPD:15.100 HDG:-2.000 PX:531.400 PY:-20.000 LAN:2 BRK:0 RX_X:0.000 RX_Y:0.000 RX_Z:0.000
[ZONE-ROUTE] CID:1 zone=1 edge_port=9998
[EDGE-RTT] CID:1 wall=0.8 ms  sim_delay=5.0 ms
>>> [UAV->CLOUD] BLK:af22|TX:7.0.0.5|CID:1|TS:24.220|SPD:15.1|HDG:-2.0|PX:531.4|PY:-20.0|...
[PASSIVE-BEACON] SIMNOW:24.234 CID:0 ZONE:1 RXUAV:1 EDGEPORT:9998 TS:24.220 SPD:14.800 HDG:1.200 PX:521.800 PY:-10.000 LAN:1 BRK:0 RX_X:0.000 RX_Y:0.000 RX_Z:0.000
[ZONE-ROUTE] CID:0 zone=1 edge_port=9998
[EDGE-RTT] CID:0 wall=2.2 ms  sim_delay=10.0 ms
>>> [UAV->CLOUD] BLK:5f50|TX:7.0.0.4|CID:0|TS:24.220|SPD:14.8|HDG:1.2|PX:521.8|PY:-10.0|L...
[ECON-GATE] CID:1 probation active - suppressing OK reward 1.0
✓ [CAR 1] ACT=OK REP=0.369 RWD=0.000 PNL=0.000 CREDIT=2
[ECON-GATE] CID:0 probation active - suppressing OK reward 1.000
✓ [CAR 0] ACT=OK REP=0.539 RWD=0.000 PNL=0.000 CREDIT=6
[PASSIVE-BEACON] SIMNOW:24.307 CID:4 ZONE:1 RXUAV:1 EDGEPORT:9998 TS:24.290 SPD:25.000 HDG:1.700 PX:514.000 PY:-50.000 LAN:5 BRK:0 RX_X:0.000 RX_Y:0.000 RX_Z:0.000
[ZONE-ROUTE] CID:4 zone=1 edge_port=9998
[EDGE-RTT] CID:4 wall=1.0 ms  sim_delay=5.0 ms
>>> [UAV->CLOUD] BLK:2782|TX:7.0.0.8|CID:4|TS:24.290|SPD:25.0|HDG:1.7|PX:514.0|PY:-50.0|L...
[ECON-CLAWBACK] CID:4 ACT=WARN prior_payoff=-18.4 extra_penalty=3.5 new_payoff=-22.0
[FORGIVENESS] CID:4 WARN #11 — streak reset, benefits revoked
⚠ [CAR 4] ACT=WARN REP=0.678 RWD=0.000 PNL=3.601 CREDIT=-2
[PASSIVE-BEACON] SIMNOW:24.384 CID:2 ZONE:1 RXUAV:1 EDGEPORT:9998 TS:24.370 SPD:24.900 HDG:-0.100 PX:535.800 PY:-30.000 LAN:3 BRK:0 RX_X:0.000 RX_Y:0.000 RX_Z:0.000
[ZONE-ROUTE] CID:2 zone=1 edge_port=9998
[EDGE-RTT] CID:2 wall=1.0 ms  sim_delay=5.0 ms
>>> [UAV->CLOUD] BLK:4f2d|TX:7.0.0.6|CID:2|TS:24.370|SPD:24.9|HDG:-0.1|PX:535.8|PY:-30.0|...
[ECON-CLAWBACK] CID:2 ACT=WARN prior_payoff=-60.5 extra_penalty=5.8 new_payoff=-66.3
[FORGIVENESS] CID:2 WARN #20 — streak reset, benefits revoked
⚠ [CAR 2] ACT=WARN REP=0.716 RWD=0.000 PNL=5.851 CREDIT=-2
[PASSIVE-BEACON] SIMNOW:24.496 CID:9 ZONE:1 RXUAV:1 EDGEPORT:9998 TS:24.482 SPD:24.600 HDG:0.400 PX:539.600 PY:-50.000 LAN:5 BRK:0 RX_X:0.000 RX_Y:0.000 RX_Z:0.000
[ZONE-ROUTE] CID:9 zone=1 edge_port=9998
[EDGE-RTT] CID:9 wall=0.7 ms  sim_delay=5.0 ms
>>> [UAV->CLOUD] BLK:c463|TX:7.0.0.13|CID:9|TS:24.482|SPD:24.6|HDG:0.4|PX:539.6|PY:-50.0|...
[PASSIVE-BEACON] SIMNOW:24.506 CID:8 ZONE:1 RXUAV:1 EDGEPORT:9998 TS:24.492 SPD:25.100 HDG:-0.900 PX:548.900 PY:-40.000 LAN:4 BRK:0 RX_X:0.000 RX_Y:0.000 RX_Z:0.000
[ZONE-ROUTE] CID:8 zone=1 edge_port=9998
[EDGE-RTT] CID:8 wall=0.8 ms  sim_delay=5.0 ms
>>> [UAV->CLOUD] BLK:f403|TX:7.0.0.12|CID:8|TS:24.492|SPD:25.1|HDG:-0.9|PX:548.9|PY:-40.0...
[ECON-CLAWBACK] CID:9 ACT=WARN prior_payoff=-22.2 extra_penalty=3.8 new_payoff=-26.0
[FORGIVENESS] CID:9 WARN #12 — streak reset, benefits revoked
⚠ [CAR 9] ACT=WARN REP=0.524 RWD=0.000 PNL=3.849 CREDIT=-2
[ECON-CLAWBACK] CID:8 ACT=WARN prior_payoff=-39.316 extra_penalty=4.750 new_payoff=-44.168
[FORGIVENESS] CID:8 WARN #16 — streak reset, benefits revoked
⚠ [CAR 8] ACT=WARN REP=0.736 RWD=0.000 PNL=4.852 CREDIT=-2
[PASSIVE-BEACON] SIMNOW:24.534 CID:3 ZONE:1 RXUAV:1 EDGEPORT:9998 TS:24.520 SPD:24.900 HDG:0.400 PX:529.800 PY:-40.000 LAN:4 BRK:0 RX_X:0.000 RX_Y:0.000 RX_Z:0.000
[ZONE-ROUTE] CID:3 zone=1 edge_port=9998
[EDGE-RTT] CID:3 wall=1.0 ms  sim_delay=5.0 ms
>>> [UAV->CLOUD] BLK:7fd4|TX:7.0.0.7|CID:3|TS:24.520|SPD:24.9|HDG:0.4|PX:529.8|PY:-40.0|L...
[PASSIVE-BEACON] SIMNOW:24.535 CID:6 ZONE:1 RXUAV:1 EDGEPORT:9998 TS:24.522 SPD:14.700 HDG:0.300 PX:556.500 PY:-20.000 LAN:2 BRK:0 RX_X:0.000 RX_Y:0.000 RX_Z:0.000
[ZONE-ROUTE] CID:6 zone=1 edge_port=9998
[EDGE-RTT] CID:6 wall=2.4 ms  sim_delay=5.0 ms
>>> [UAV->CLOUD] BLK:7317|TX:7.0.0.10|CID:6|TS:24.522|SPD:14.7|HDG:0.3|PX:556.5|PY:-20.0|...
[ECON-CLAWBACK] CID:3 ACT=WARN prior_payoff=-39.3 extra_penalty=4.8 new_payoff=-44.2
[FORGIVENESS] CID:3 WARN #16 — streak reset, benefits revoked
⚠ [CAR 3] ACT=WARN REP=0.481 RWD=0.000 PNL=4.851 CREDIT=-2
[ECON-GATE] CID:6 probation active - suppressing OK reward 1.000
✓ [CAR 6] ACT=OK REP=0.318 RWD=0.000 PNL=0.000 CREDIT=2
[PASSIVE-BEACON] SIMNOW:24.646 CID:7 ZONE:1 RXUAV:1 EDGEPORT:9998 TS:24.632 SPD:25.400 HDG:-1.200 PX:563.500 PY:-30.000 LAN:3 BRK:0 RX_X:0.000 RX_Y:0.000 RX_Z:0.000
[ZONE-ROUTE] CID:7 zone=1 edge_port=9998
[EDGE-RTT] CID:7 wall=1.0 ms  sim_delay=5.0 ms
>>> [UAV->CLOUD] BLK:20a7|TX:7.0.0.11|CID:7|TS:24.632|SPD:25.4|HDG:-1.2|PX:563.5|PY:-30.0...
[ECON-CLAWBACK] CID:7 ACT=WARN prior_payoff=-66.3 extra_penalty=6.0 new_payoff=-72.4
[FORGIVENESS] CID:7 WARN #21 — streak reset, benefits revoked
⚠ [CAR 7] ACT=WARN REP=0.656 RWD=0.000 PNL=6.102 CREDIT=-2
[PASSIVE-BEACON] SIMNOW:24.734 CID:1 ZONE:1 RXUAV:1 EDGEPORT:9998 TS:24.720 SPD:15.400 HDG:-1.400 PX:539.300 PY:-20.000 LAN:2 BRK:0 RX_X:0.000 RX_Y:0.000 RX_Z:0.000
[ZONE-ROUTE] CID:1 zone=1 edge_port=9998
[EDGE-RTT] CID:1 wall=0.9 ms  sim_delay=5.0 ms
>>> [UAV->CLOUD] BLK:b4de|TX:7.0.0.5|CID:1|TS:24.720|SPD:15.4|HDG:-1.4|PX:539.3|PY:-20.0|...
[PASSIVE-BEACON] SIMNOW:24.734 CID:0 ZONE:1 RXUAV:1 EDGEPORT:9998 TS:24.720 SPD:14.700 HDG:-1.800 PX:528.800 PY:-10.000 LAN:1 BRK:1 RX_X:0.000 RX_Y:0.000 RX_Z:0.000
[ZONE-ROUTE] CID:0 zone=1 edge_port=9998
[EDGE-RTT] CID:0 wall=2.4 ms  sim_delay=10.0 ms
>>> [UAV->CLOUD] BLK:0e5d|TX:7.0.0.4|CID:0|TS:24.720|SPD:14.7|HDG:-1.8|PX:528.8|PY:-10.0|...
[ECON-GATE] CID:1 probation active - suppressing OK reward 1.0
✓ [CAR 1] ACT=OK REP=0.558 RWD=0.000 PNL=0.000 CREDIT=3
[ECON-GATE] CID:0 probation active - suppressing OK reward 1.000
✓ [CAR 0] ACT=OK REP=0.409 RWD=0.000 PNL=0.000 CREDIT=7
[PASSIVE-BEACON] SIMNOW:24.803 CID:4 ZONE:1 RXUAV:1 EDGEPORT:9998 TS:24.790 SPD:24.600 HDG:0.600 PX:527.600 PY:-50.000 LAN:5 BRK:0 RX_X:0.000 RX_Y:0.000 RX_Z:0.000
[ZONE-ROUTE] CID:4 zone=1 edge_port=9998
[EDGE-RTT] CID:4 wall=0.9 ms  sim_delay=5.0 ms
>>> [UAV->CLOUD] BLK:f93a|TX:7.0.0.8|CID:4|TS:24.790|SPD:24.6|HDG:0.6|PX:527.6|PY:-50.0|L...
[ECON-CLAWBACK] CID:4 ACT=WARN prior_payoff=-22.0 extra_penalty=3.8 new_payoff=-25.9
[FORGIVENESS] CID:4 WARN #12 — streak reset, benefits revoked
⚠ [CAR 4] ACT=WARN REP=0.628 RWD=0.000 PNL=3.850 CREDIT=-2
[PASSIVE-BEACON] SIMNOW:24.884 CID:2 ZONE:1 RXUAV:1 EDGEPORT:9998 TS:24.870 SPD:25.100 HDG:0.200 PX:549.600 PY:-30.000 LAN:3 BRK:0 RX_X:0.000 RX_Y:0.000 RX_Z:0.000
[ZONE-ROUTE] CID:2 zone=1 edge_port=9998
[EDGE-RTT] CID:2 wall=1.0 ms  sim_delay=5.0 ms
>>> [UAV->CLOUD] BLK:d643|TX:7.0.0.6|CID:2|TS:24.870|SPD:25.1|HDG:0.2|PX:549.6|PY:-30.0|L...
[ECON-CLAWBACK] CID:2 ACT=WARN prior_payoff=-66.3 extra_penalty=6.0 new_payoff=-72.4
[FORGIVENESS] CID:2 WARN #21 — streak reset, benefits revoked
⚠ [CAR 2] ACT=WARN REP=0.351 RWD=0.000 PNL=6.102 CREDIT=-2
[ATTACK-EMIT] CID:8 activeWindow=YES falsified=YES simT=24.992 realPX=562.000 fakePX=562.000 realSPD=25.000 fakeSPD=20.000 realTS=24.992 fakeTS=24.992 lane=4
[PASSIVE-BEACON] SIMNOW:24.996 CID:9 ZONE:1 RXUAV:1 EDGEPORT:9998 TS:24.982 SPD:24.900 HDG:-1.100 PX:551.400 PY:-50.000 LAN:5 BRK:0 RX_X:0.000 RX_Y:0.000 RX_Z:0.000
[ZONE-ROUTE] CID:9 zone=1 edge_port=9998
[EDGE-RTT] CID:9 wall=1.2 ms  sim_delay=5.0 ms
>>> [UAV->CLOUD] BLK:48e1|TX:7.0.0.13|CID:9|TS:24.982|SPD:24.9|HDG:-1.1|PX:551.4|PY:-50.0...
[LATE-ATTACK] CID:1 POSITION-FLIP at t=25.0s posX=543.4m distToExit=356.6m (threshold=360.0m)
[LATE-ATTACK] CID:3 POSITION-FLIP at t=25.0s posX=542.2m distToExit=357.8m (threshold=360.0m)
[PASSIVE-BEACON] SIMNOW:25.005 CID:8 ZONE:1 RXUAV:1 EDGEPORT:9998 TS:24.992 SPD:20.000 HDG:0.000 PX:562.000 PY:-40.000 LAN:4 BRK:0 RX_X:0.000 RX_Y:0.000 RX_Z:0.000
[ZONE-ROUTE] CID:8 zone=1 edge_port=9998
[EDGE-RTT] CID:8 wall=0.9 ms  sim_delay=5.0 ms
>>> [UAV->CLOUD] BLK:66eb|TX:7.0.0.12|CID:8|TS:24.992|SPD:20.0|HDG:0.0|PX:562.0|PY:-40.0|...
[ECON-CLAWBACK] CID:9 ACT=WARN prior_payoff=-26.0 extra_penalty=4.0 new_payoff=-30.1
[FORGIVENESS] CID:9 WARN #13 — streak reset, benefits revoked
⚠ [CAR 9] ACT=WARN REP=0.690 RWD=0.000 PNL=4.101 CREDIT=-2
[ECON-GATE] CID:8 probation active - suppressing OK reward 0.984
✓ [CAR 8] ACT=OK REP=0.710 RWD=0.000 PNL=0.000 CREDIT=0
[PASSIVE-BEACON] SIMNOW:25.034 CID:3 ZONE:1 RXUAV:1 EDGEPORT:9998 TS:25.020 SPD:24.600 HDG:1.100 PX:542.000 PY:-40.000 LAN:4 BRK:0 RX_X:0.000 RX_Y:0.000 RX_Z:0.000
[ZONE-ROUTE] CID:3 zone=1 edge_port=9998
[EDGE-RTT] CID:3 wall=1.1 ms  sim_delay=5.0 ms
>>> [UAV->CLOUD] BLK:e7e5|TX:7.0.0.7|CID:3|TS:25.020|SPD:24.6|HDG:1.1|PX:542.0|PY:-40.0|L...
[PASSIVE-BEACON] SIMNOW:25.036 CID:6 ZONE:1 RXUAV:1 EDGEPORT:9998 TS:25.022 SPD:14.600 HDG:-1.100 PX:563.800 PY:-20.000 LAN:2 BRK:1 RX_X:0.000 RX_Y:0.000 RX_Z:0.000
[ZONE-ROUTE] CID:6 zone=1 edge_port=9998
[EDGE-RTT] CID:6 wall=0.8 ms  sim_delay=5.0 ms
>>> [UAV->CLOUD] BLK:b230|TX:7.0.0.10|CID:6|TS:25.022|SPD:14.6|HDG:-1.1|PX:563.8|PY:-20.0...
[ECON-CLAWBACK] CID:3 ACT=WARN prior_payoff=-44.2 extra_penalty=5.0 new_payoff=-49.3
[FORGIVENESS] CID:3 WARN #17 — streak reset, benefits revoked
⚠ [CAR 3] ACT=WARN REP=0.521 RWD=0.000 PNL=5.099 CREDIT=-2
[ECON-GATE] CID:6 probation active - suppressing OK reward 1.000
✓ [CAR 6] ACT=OK REP=0.692 RWD=0.000 PNL=0.000 CREDIT=3
[PASSIVE-BEACON] SIMNOW:25.146 CID:7 ZONE:1 RXUAV:1 EDGEPORT:9998 TS:25.132 SPD:14.800 HDG:-0.700 PX:575.300 PY:-30.000 LAN:3 BRK:0 RX_X:0.000 RX_Y:0.000 RX_Z:0.000
[ZONE-ROUTE] CID:7 zone=1 edge_port=9998
[EDGE-RTT] CID:7 wall=1.1 ms  sim_delay=5.0 ms
>>> [UAV->CLOUD] BLK:7855|TX:7.0.0.11|CID:7|TS:25.132|SPD:14.8|HDG:-0.7|PX:575.3|PY:-30.0...
[ECON-GATE] CID:7 probation active - suppressing OK reward 1.0
✓ [CAR 7] ACT=OK REP=0.523 RWD=0.000 PNL=0.000 CREDIT=0
[PASSIVE-BEACON] SIMNOW:25.234 CID:1 ZONE:1 RXUAV:1 EDGEPORT:9998 TS:25.220 SPD:14.900 HDG:-0.900 PX:547.000 PY:-20.000 LAN:2 BRK:0 RX_X:0.000 RX_Y:0.000 RX_Z:0.000
[ZONE-ROUTE] CID:1 zone=1 edge_port=9998
[EDGE-RTT] CID:1 wall=1.1 ms  sim_delay=5.0 ms
>>> [UAV->CLOUD] BLK:6147|TX:7.0.0.5|CID:1|TS:25.220|SPD:14.9|HDG:-0.9|PX:547.0|PY:-20.0|...
[PASSIVE-BEACON] SIMNOW:25.234 CID:0 ZONE:1 RXUAV:1 EDGEPORT:9998 TS:25.220 SPD:15.200 HDG:1.000 PX:537.300 PY:-10.000 LAN:1 BRK:0 RX_X:0.000 RX_Y:0.000 RX_Z:0.000
[ZONE-ROUTE] CID:0 zone=1 edge_port=9998
[EDGE-RTT] CID:0 wall=1.6 ms  sim_delay=10.0 ms
>>> [UAV->CLOUD] BLK:9147|TX:7.0.0.4|CID:0|TS:25.220|SPD:15.2|HDG:1.0|PX:537.3|PY:-10.0|L...
[ECON-GATE] CID:0 probation active - suppressing OK reward 1.0
✓ [CAR 0] ACT=OK REP=0.503 RWD=0.000 PNL=0.000 CREDIT=8
[ECON-GATE] CID:1 probation active - suppressing OK reward 1.000
✓ [CAR 1] ACT=OK REP=0.911 RWD=0.000 PNL=0.000 CREDIT=4
[PASSIVE-BEACON] SIMNOW:25.304 CID:4 ZONE:1 RXUAV:1 EDGEPORT:9998 TS:25.290 SPD:24.600 HDG:0.600 PX:539.400 PY:-50.000 LAN:5 BRK:0 RX_X:0.000 RX_Y:0.000 RX_Z:0.000
[ZONE-ROUTE] CID:4 zone=1 edge_port=9998
[EDGE-RTT] CID:4 wall=1.0 ms  sim_delay=5.0 ms
>>> [UAV->CLOUD] BLK:cd4b|TX:7.0.0.8|CID:4|TS:25.290|SPD:24.6|HDG:0.6|PX:539.4|PY:-50.0|L...
[ECON-CLAWBACK] CID:4 ACT=WARN prior_payoff=-25.9 extra_penalty=4.0 new_payoff=-30.0
[FORGIVENESS] CID:4 WARN #13 — streak reset, benefits revoked
⚠ [CAR 4] ACT=WARN REP=0.530 RWD=0.000 PNL=4.100 CREDIT=-2
[PASSIVE-BEACON] SIMNOW:25.384 CID:2 ZONE:1 RXUAV:1 EDGEPORT:9998 TS:25.370 SPD:15.400 HDG:-0.400 PX:559.100 PY:-30.000 LAN:3 BRK:0 RX_X:0.000 RX_Y:0.000 RX_Z:0.000
[ZONE-ROUTE] CID:2 zone=1 edge_port=9998
[EDGE-RTT] CID:2 wall=0.9 ms  sim_delay=5.0 ms
>>> [UAV->CLOUD] BLK:dbf0|TX:7.0.0.6|CID:2|TS:25.370|SPD:15.4|HDG:-0.4|PX:559.1|PY:-30.0|...
[ECON-GATE] CID:2 probation active - suppressing OK reward 1.0
✓ [CAR 2] ACT=OK REP=0.220 RWD=0.000 PNL=0.000 CREDIT=0
[ATTACK-EMIT] CID:9 activeWindow=YES falsified=YES simT=25.482 realPX=564.250 fakePX=564.250 realSPD=25.000 fakeSPD=20.000 realTS=25.482 fakeTS=25.482 lane=5
[ATTACK-EMIT] CID:8 activeWindow=YES falsified=YES simT=25.492 realPX=574.500 fakePX=574.500 realSPD=25.000 fakeSPD=20.000 realTS=25.492 fakeTS=25.492 lane=4
[PASSIVE-BEACON] SIMNOW:25.496 CID:9 ZONE:1 RXUAV:1 EDGEPORT:9998 TS:25.482 SPD:20.000 HDG:0.000 PX:564.300 PY:-50.000 LAN:5 BRK:0 RX_X:0.000 RX_Y:0.000 RX_Z:0.000
[ZONE-ROUTE] CID:9 zone=1 edge_port=9998
[EDGE-RTT] CID:9 wall=0.8 ms  sim_delay=5.0 ms
>>> [UAV->CLOUD] BLK:66b5|TX:7.0.0.13|CID:9|TS:25.482|SPD:20.0|HDG:0.0|PX:564.3|PY:-50.0|...
[PASSIVE-BEACON] SIMNOW:25.506 CID:8 ZONE:1 RXUAV:1 EDGEPORT:9998 TS:25.492 SPD:20.000 HDG:0.000 PX:574.500 PY:-40.000 LAN:4 BRK:0 RX_X:0.000 RX_Y:0.000 RX_Z:0.000
[ZONE-ROUTE] CID:8 zone=1 edge_port=9998
[EDGE-RTT] CID:8 wall=0.9 ms  sim_delay=5.0 ms
>>> [UAV->CLOUD] BLK:3c34|TX:7.0.0.12|CID:8|TS:25.492|SPD:20.0|HDG:0.0|PX:574.5|PY:-40.0|...
[ECON-GATE] CID:9 probation active - suppressing OK reward 1.0
✓ [CAR 9] ACT=OK REP=0.532 RWD=0.000 PNL=0.000 CREDIT=0
[ECON-GATE] CID:8 probation active - suppressing OK reward 0.993
✓ [CAR 8] ACT=OK REP=0.495 RWD=0.000 PNL=0.000 CREDIT=1
[PASSIVE-BEACON] SIMNOW:25.534 CID:3 ZONE:1 RXUAV:1 EDGEPORT:9998 TS:25.520 SPD:24.600 HDG:1.700 PX:555.900 PY:-40.000 LAN:4 BRK:0 RX_X:0.000 RX_Y:0.000 RX_Z:0.000
[ZONE-ROUTE] CID:3 zone=1 edge_port=9998
[EDGE-RTT] CID:3 wall=0.9 ms  sim_delay=5.0 ms
>>> [UAV->CLOUD] BLK:f454|TX:7.0.0.7|CID:3|TS:25.520|SPD:24.6|HDG:1.7|PX:555.9|PY:-40.0|L...
[PASSIVE-BEACON] SIMNOW:25.536 CID:6 ZONE:1 RXUAV:1 EDGEPORT:9998 TS:25.522 SPD:14.900 HDG:-2.000 PX:570.700 PY:-20.000 LAN:2 BRK:1 RX_X:0.000 RX_Y:0.000 RX_Z:0.000
[ZONE-ROUTE] CID:6 zone=1 edge_port=9998
[EDGE-RTT] CID:6 wall=0.6 ms  sim_delay=5.0 ms
>>> [UAV->CLOUD] BLK:24e1|TX:7.0.0.10|CID:6|TS:25.522|SPD:14.9|HDG:-2.0|PX:570.7|PY:-20.0...
[ECON-CLAWBACK] CID:3 ACT=WARN prior_payoff=-49.3 extra_penalty=5.2 new_payoff=-54.6
[FORGIVENESS] CID:3 WARN #18 — streak reset, benefits revoked
⚠ [CAR 3] ACT=WARN REP=0.604 RWD=0.000 PNL=5.350 CREDIT=-2
[ECON-GATE] CID:6 probation active - suppressing OK reward 1.000
✓ [CAR 6] ACT=OK REP=0.688 RWD=0.000 PNL=0.000 CREDIT=4
[PASSIVE-BEACON] SIMNOW:25.646 CID:7 ZONE:1 RXUAV:1 EDGEPORT:9998 TS:25.632 SPD:15.200 HDG:1.400 PX:582.700 PY:-30.000 LAN:3 BRK:0 RX_X:0.000 RX_Y:0.000 RX_Z:0.000
[ZONE-ROUTE] CID:7 zone=1 edge_port=9998
[EDGE-RTT] CID:7 wall=1.1 ms  sim_delay=5.0 ms
>>> [UAV->CLOUD] BLK:ccc4|TX:7.0.0.11|CID:7|TS:25.632|SPD:15.2|HDG:1.4|PX:582.7|PY:-30.0|...
[ECON-GATE] CID:7 probation active - suppressing OK reward 1.0
✓ [CAR 7] ACT=OK REP=0.509 RWD=0.000 PNL=0.000 CREDIT=1
[ATTACK-EMIT] CID:5 activeWindow=YES falsified=YES simT=25.732 realPX=564.380 fakePX=564.380 realSPD=15.000 fakeSPD=20.000 realTS=25.732 fakeTS=25.732 lane=1
[PASSIVE-BEACON] SIMNOW:25.734 CID:1 ZONE:1 RXUAV:1 EDGEPORT:9998 TS:25.720 SPD:15.000 HDG:-0.900 PX:554.600 PY:-20.000 LAN:2 BRK:0 RX_X:0.000 RX_Y:0.000 RX_Z:0.000
[ZONE-ROUTE] CID:1 zone=1 edge_port=9998
[EDGE-RTT] CID:1 wall=0.7 ms  sim_delay=5.0 ms
>>> [UAV->CLOUD] BLK:1cef|TX:7.0.0.5|CID:1|TS:25.720|SPD:15.0|HDG:-0.9|PX:554.6|PY:-20.0|...
[PASSIVE-BEACON] SIMNOW:25.734 CID:0 ZONE:1 RXUAV:1 EDGEPORT:9998 TS:25.720 SPD:15.100 HDG:-0.600 PX:544.000 PY:-10.000 LAN:1 BRK:0 RX_X:0.000 RX_Y:0.000 RX_Z:0.000
[ZONE-ROUTE] CID:0 zone=1 edge_port=9998
[EDGE-RTT] CID:0 wall=1.5 ms  sim_delay=10.0 ms
>>> [UAV->CLOUD] BLK:7a87|TX:7.0.0.4|CID:0|TS:25.720|SPD:15.1|HDG:-0.6|PX:544.0|PY:-10.0|...
[ECON-GATE] CID:0 probation active - suppressing OK reward 1.0
✓ [CAR 0] ACT=OK REP=0.609 RWD=0.000 PNL=0.000 CREDIT=9
[ECON-GATE] CID:1 probation active - suppressing OK reward 1.000
✓ [CAR 1] ACT=OK REP=0.442 RWD=0.000 PNL=0.000 CREDIT=5
[PASSIVE-BEACON] SIMNOW:25.804 CID:4 ZONE:1 RXUAV:1 EDGEPORT:9998 TS:25.790 SPD:25.400 HDG:-0.800 PX:551.900 PY:-50.000 LAN:5 BRK:0 RX_X:0.000 RX_Y:0.000 RX_Z:0.000
[ZONE-ROUTE] CID:4 zone=1 edge_port=9998
[EDGE-RTT] CID:4 wall=0.8 ms  sim_delay=5.0 ms
>>> [UAV->CLOUD] BLK:fd9e|TX:7.0.0.8|CID:4|TS:25.790|SPD:25.4|HDG:-0.8|PX:551.9|PY:-50.0|...
[ECON-CLAWBACK] CID:4 ACT=WARN prior_payoff=-30.0 extra_penalty=4.2 new_payoff=-34.3
[FORGIVENESS] CID:4 WARN #14 — streak reset, benefits revoked
⚠ [CAR 4] ACT=WARN REP=0.719 RWD=0.000 PNL=4.352 CREDIT=-2
[ATTACK-EMIT] CID:2 activeWindow=YES falsified=YES simT=25.870 realPX=566.450 fakePX=566.450 realSPD=15.000 fakeSPD=20.000 realTS=25.870 fakeTS=25.870 lane=3
[PASSIVE-BEACON] SIMNOW:25.884 CID:2 ZONE:1 RXUAV:1 EDGEPORT:9998 TS:25.870 SPD:20.000 HDG:0.000 PX:566.500 PY:-30.000 LAN:3 BRK:0 RX_X:0.000 RX_Y:0.000 RX_Z:0.000
[ZONE-ROUTE] CID:2 zone=1 edge_port=9998
[EDGE-RTT] CID:2 wall=1.0 ms  sim_delay=5.0 ms
>>> [UAV->CLOUD] BLK:765d|TX:7.0.0.6|CID:2|TS:25.870|SPD:20.0|HDG:0.0|PX:566.5|PY:-30.0|L...
[ECON-GATE] CID:2 probation active - suppressing OK reward 1.0
✓ [CAR 2] ACT=OK REP=0.317 RWD=0.000 PNL=0.000 CREDIT=1
[ATTACK-EMIT] CID:9 activeWindow=YES falsified=YES simT=25.982 realPX=576.750 fakePX=576.750 realSPD=25.000 fakeSPD=20.000 realTS=25.982 fakeTS=25.982 lane=5
[ATTACK-EMIT] CID:8 activeWindow=YES falsified=YES simT=25.992 realPX=587.000 fakePX=562.144 realSPD=25.000 fakeSPD=20.000 realTS=25.992 fakeTS=25.492 lane=4
[PASSIVE-BEACON] SIMNOW:25.996 CID:9 ZONE:1 RXUAV:1 EDGEPORT:9998 TS:25.982 SPD:20.000 HDG:0.000 PX:576.800 PY:-50.000 LAN:5 BRK:0 RX_X:0.000 RX_Y:0.000 RX_Z:0.000
[ZONE-ROUTE] CID:9 zone=1 edge_port=9998
[EDGE-RTT] CID:9 wall=0.9 ms  sim_delay=5.0 ms
>>> [UAV->CLOUD] BLK:e739|TX:7.0.0.13|CID:9|TS:25.982|SPD:20.0|HDG:0.0|PX:576.8|PY:-50.0|...
[PASSIVE-BEACON] SIMNOW:26.006 CID:8 ZONE:1 RXUAV:1 EDGEPORT:9998 TS:25.492 SPD:20.000 HDG:0.000 PX:562.100 PY:-40.000 LAN:4 BRK:0 RX_X:0.000 RX_Y:0.000 RX_Z:0.000
[ZONE-ROUTE] CID:8 zone=1 edge_port=9998
[EDGE-RTT] CID:8 wall=0.8 ms  sim_delay=5.0 ms
>>> [UAV->CLOUD] BLK:2c12|TX:7.0.0.12|CID:8|TS:25.492|SPD:20.0|HDG:0.0|PX:562.1|PY:-40.0|...
[ECON-GATE] CID:9 probation active - suppressing OK reward 1.0
✓ [CAR 9] ACT=OK REP=0.894 RWD=0.000 PNL=0.000 CREDIT=1
[ATTACK-EMIT] CID:3 activeWindow=YES falsified=YES simT=26.020 realPX=567.700 fakePX=567.700 realSPD=25.000 fakeSPD=20.000 realTS=26.020 fakeTS=26.020 lane=4
[ECON-GATE] CID:8 probation active - suppressing OK reward 0.866
✓ [CAR 8] ACT=OK REP=0.552 RWD=0.000 PNL=0.000 CREDIT=2
[PASSIVE-BEACON] SIMNOW:26.034 CID:3 ZONE:1 RXUAV:1 EDGEPORT:9998 TS:26.020 SPD:20.000 HDG:0.000 PX:567.700 PY:-40.000 LAN:4 BRK:1 RX_X:0.000 RX_Y:0.000 RX_Z:0.000
[ZONE-ROUTE] CID:3 zone=1 edge_port=9998
[EDGE-RTT] CID:3 wall=0.9 ms  sim_delay=5.0 ms
>>> [UAV->CLOUD] BLK:75cb|TX:7.0.0.7|CID:3|TS:26.020|SPD:20.0|HDG:0.0|PX:567.7|PY:-40.0|L...
[PASSIVE-BEACON] SIMNOW:26.035 CID:6 ZONE:1 RXUAV:1 EDGEPORT:9998 TS:26.022 SPD:15.000 HDG:-1.100 PX:578.000 PY:-20.000 LAN:2 BRK:0 RX_X:0.000 RX_Y:0.000 RX_Z:0.000
[ZONE-ROUTE] CID:6 zone=1 edge_port=9998
[EDGE-RTT] CID:6 wall=0.7 ms  sim_delay=5.0 ms
>>> [UAV->CLOUD] BLK:7345|TX:7.0.0.10|CID:6|TS:26.022|SPD:15.0|HDG:-1.1|PX:578.0|PY:-20.0...
[ECON-GATE] CID:3 probation active - suppressing OK reward 1.0
✓ [CAR 3] ACT=OK REP=0.490 RWD=0.000 PNL=0.000 CREDIT=0
[ECON-GATE] CID:6 probation active - suppressing OK reward 1.000
✓ [CAR 6] ACT=OK REP=0.696 RWD=0.000 PNL=0.000 CREDIT=5
[PASSIVE-BEACON] SIMNOW:26.146 CID:7 ZONE:1 RXUAV:1 EDGEPORT:9998 TS:26.132 SPD:15.000 HDG:-0.900 PX:590.900 PY:-30.000 LAN:3 BRK:0 RX_X:0.000 RX_Y:0.000 RX_Z:0.000
[ZONE-ROUTE] CID:7 zone=1 edge_port=9998
[EDGE-RTT] CID:7 wall=0.9 ms  sim_delay=5.0 ms
>>> [UAV->CLOUD] BLK:9f88|TX:7.0.0.11|CID:7|TS:26.132|SPD:15.0|HDG:-0.9|PX:590.9|PY:-30.0...
[ECON-GATE] CID:7 probation active - suppressing OK reward 1.0
✓ [CAR 7] ACT=OK REP=0.503 RWD=0.000 PNL=0.000 CREDIT=2
[ATTACK-EMIT] CID:1 activeWindow=YES falsified=YES simT=26.220 realPX=561.700 fakePX=561.700 realSPD=15.000 fakeSPD=20.000 realTS=26.220 fakeTS=26.220 lane=2
[ATTACK-EMIT] CID:5 activeWindow=YES falsified=YES simT=26.232 realPX=571.880 fakePX=571.880 realSPD=15.000 fakeSPD=20.000 realTS=26.232 fakeTS=26.232 lane=1
[PASSIVE-BEACON] SIMNOW:26.234 CID:1 ZONE:1 RXUAV:1 EDGEPORT:9998 TS:26.220 SPD:20.000 HDG:0.000 PX:561.700 PY:-20.000 LAN:2 BRK:0 RX_X:0.000 RX_Y:0.000 RX_Z:0.000
[ZONE-ROUTE] CID:1 zone=1 edge_port=9998
[EDGE-RTT] CID:1 wall=1.2 ms  sim_delay=5.0 ms
>>> [UAV->CLOUD] BLK:04a5|TX:7.0.0.5|CID:1|TS:26.220|SPD:20.0|HDG:0.0|PX:561.7|PY:-20.0|L...
[PASSIVE-BEACON] SIMNOW:26.234 CID:0 ZONE:1 RXUAV:1 EDGEPORT:9998 TS:26.220 SPD:15.100 HDG:1.000 PX:552.100 PY:-10.000 LAN:1 BRK:0 RX_X:0.000 RX_Y:0.000 RX_Z:0.000
[ZONE-ROUTE] CID:0 zone=1 edge_port=9998
[EDGE-RTT] CID:0 wall=1.5 ms  sim_delay=10.0 ms
>>> [UAV->CLOUD] BLK:4506|TX:7.0.0.4|CID:0|TS:26.220|SPD:15.1|HDG:1.0|PX:552.1|PY:-10.0|L...
[ECON-GATE] CID:0 probation active - suppressing OK reward 1.0
✓ [CAR 0] ACT=OK REP=0.665 RWD=0.000 PNL=0.000 CREDIT=10
[ECON-GATE] CID:1 probation active - suppressing OK reward 1.000
✓ [CAR 1] ACT=OK REP=0.510 RWD=0.000 PNL=0.000 CREDIT=6
[PASSIVE-BEACON] SIMNOW:26.304 CID:4 ZONE:1 RXUAV:1 EDGEPORT:9998 TS:26.290 SPD:25.100 HDG:-1.900 PX:565.100 PY:-50.000 LAN:5 BRK:0 RX_X:0.000 RX_Y:0.000 RX_Z:0.000
[ZONE-ROUTE] CID:4 zone=1 edge_port=9998
[EDGE-RTT] CID:4 wall=1.1 ms  sim_delay=5.0 ms
>>> [UAV->CLOUD] BLK:ad7e|TX:7.0.0.8|CID:4|TS:26.290|SPD:25.1|HDG:-1.9|PX:565.1|PY:-50.0|...
[ECON-CLAWBACK] CID:4 ACT=WARN prior_payoff=-34.3 extra_penalty=4.5 new_payoff=-39.0
[FORGIVENESS] CID:4 WARN #15 — streak reset, benefits revoked
⚠ [CAR 4] ACT=WARN REP=0.595 RWD=0.000 PNL=4.602 CREDIT=-2
[ATTACK-EMIT] CID:2 activeWindow=YES falsified=YES simT=26.370 realPX=573.950 fakePX=573.950 realSPD=15.000 fakeSPD=20.000 realTS=26.370 fakeTS=26.370 lane=3
[PASSIVE-BEACON] SIMNOW:26.384 CID:2 ZONE:1 RXUAV:1 EDGEPORT:9998 TS:26.370 SPD:20.000 HDG:0.000 PX:574.000 PY:-30.000 LAN:3 BRK:0 RX_X:0.000 RX_Y:0.000 RX_Z:0.000
[ZONE-ROUTE] CID:2 zone=1 edge_port=9998
[EDGE-RTT] CID:2 wall=0.7 ms  sim_delay=5.0 ms
>>> [UAV->CLOUD] BLK:f3cb|TX:7.0.0.6|CID:2|TS:26.370|SPD:20.0|HDG:0.0|PX:574.0|PY:-30.0|L...
[ECON-GATE] CID:2 probation active - suppressing OK reward 1.0
✓ [CAR 2] ACT=OK REP=0.411 RWD=0.000 PNL=0.000 CREDIT=2
[ATTACK-EMIT] CID:9 activeWindow=YES falsified=YES simT=26.482 realPX=589.250 fakePX=564.400 realSPD=25.000 fakeSPD=20.000 realTS=26.482 fakeTS=25.982 lane=5
[ATTACK-EMIT] CID:8 activeWindow=YES falsified=YES simT=26.492 realPX=599.500 fakePX=599.500 realSPD=25.000 fakeSPD=20.000 realTS=26.492 fakeTS=26.492 lane=4
[PASSIVE-BEACON] SIMNOW:26.496 CID:9 ZONE:1 RXUAV:1 EDGEPORT:9998 TS:25.982 SPD:20.000 HDG:0.000 PX:564.400 PY:-50.000 LAN:5 BRK:0 RX_X:0.000 RX_Y:0.000 RX_Z:0.000
[ZONE-ROUTE] CID:9 zone=1 edge_port=9998
[EDGE-RTT] CID:9 wall=1.0 ms  sim_delay=5.0 ms
>>> [UAV->CLOUD] BLK:8202|TX:7.0.0.13|CID:9|TS:25.982|SPD:20.0|HDG:0.0|PX:564.4|PY:-50.0|...
[PASSIVE-BEACON] SIMNOW:26.506 CID:8 ZONE:1 RXUAV:1 EDGEPORT:9998 TS:26.492 SPD:20.000 HDG:0.000 PX:599.500 PY:-40.000 LAN:4 BRK:0 RX_X:0.000 RX_Y:0.000 RX_Z:0.000
[ZONE-ROUTE] CID:8 zone=1 edge_port=9998
[EDGE-RTT] CID:8 wall=1.0 ms  sim_delay=5.0 ms
>>> [UAV->CLOUD] BLK:ebb0|TX:7.0.0.12|CID:8|TS:26.492|SPD:20.0|HDG:0.0|PX:599.5|PY:-40.0|...
[ECON-GATE] CID:9 probation active - suppressing OK reward 0.9
✓ [CAR 9] ACT=OK REP=0.603 RWD=0.000 PNL=0.000 CREDIT=2
[ECON-GATE] CID:8 probation active - suppressing OK reward 1.000
✓ [CAR 8] ACT=OK REP=0.481 RWD=0.000 PNL=0.000 CREDIT=3
[ATTACK-EMIT] CID:3 activeWindow=YES falsified=YES simT=26.520 realPX=580.200 fakePX=580.200 realSPD=25.000 fakeSPD=20.000 realTS=26.520 fakeTS=26.520 lane=4
[PASSIVE-BEACON] SIMNOW:26.534 CID:3 ZONE:1 RXUAV:1 EDGEPORT:9998 TS:26.520 SPD:20.000 HDG:0.000 PX:580.200 PY:-40.000 LAN:4 BRK:1 RX_X:0.000 RX_Y:0.000 RX_Z:0.000
[ZONE-ROUTE] CID:3 zone=1 edge_port=9998
[EDGE-RTT] CID:3 wall=1.1 ms  sim_delay=5.0 ms
>>> [UAV->CLOUD] BLK:30de|TX:7.0.0.7|CID:3|TS:26.520|SPD:20.0|HDG:0.0|PX:580.2|PY:-40.0|L...
[PASSIVE-BEACON] SIMNOW:26.536 CID:6 ZONE:1 RXUAV:1 EDGEPORT:9998 TS:26.522 SPD:15.100 HDG:1.700 PX:586.800 PY:-20.000 LAN:2 BRK:1 RX_X:0.000 RX_Y:0.000 RX_Z:0.000
[ZONE-ROUTE] CID:6 zone=1 edge_port=9998
[EDGE-RTT] CID:6 wall=0.9 ms  sim_delay=5.0 ms
>>> [UAV->CLOUD] BLK:c473|TX:7.0.0.10|CID:6|TS:26.522|SPD:15.1|HDG:1.7|PX:586.8|PY:-20.0|...
[ECON-GATE] CID:3 probation active - suppressing OK reward 1.0
✓ [CAR 3] ACT=OK REP=0.488 RWD=0.000 PNL=0.000 CREDIT=1
[ECON-GATE] CID:6 probation active - suppressing OK reward 1.000
✓ [CAR 6] ACT=OK REP=0.732 RWD=0.000 PNL=0.000 CREDIT=6
[PASSIVE-BEACON] SIMNOW:26.646 CID:7 ZONE:1 RXUAV:1 EDGEPORT:9998 TS:26.632 SPD:15.000 HDG:0.600 PX:598.400 PY:-30.000 LAN:3 BRK:0 RX_X:0.000 RX_Y:0.000 RX_Z:0.000
[ZONE-ROUTE] CID:7 zone=1 edge_port=9998
[EDGE-RTT] CID:7 wall=0.9 ms  sim_delay=5.0 ms
>>> [UAV->CLOUD] BLK:f182|TX:7.0.0.11|CID:7|TS:26.632|SPD:15.0|HDG:0.6|PX:598.4|PY:-30.0|...
[ECON-GATE] CID:7 probation active - suppressing OK reward 1.0
✓ [CAR 7] ACT=OK REP=0.816 RWD=0.000 PNL=0.000 CREDIT=3
[ATTACK-EMIT] CID:1 activeWindow=YES falsified=YES simT=26.720 realPX=569.200 fakePX=569.200 realSPD=15.000 fakeSPD=20.000 realTS=26.720 fakeTS=26.720 lane=2
[ATTACK-EMIT] CID:5 activeWindow=YES falsified=YES simT=26.732 realPX=579.380 fakePX=564.218 realSPD=15.000 fakeSPD=22.000 realTS=26.732 fakeTS=26.232 lane=1
[PASSIVE-BEACON] SIMNOW:26.734 CID:1 ZONE:1 RXUAV:1 EDGEPORT:9998 TS:26.720 SPD:20.000 HDG:0.000 PX:569.200 PY:-20.000 LAN:2 BRK:0 RX_X:0.000 RX_Y:0.000 RX_Z:0.000
[ZONE-ROUTE] CID:1 zone=1 edge_port=9998
[EDGE-RTT] CID:1 wall=1.0 ms  sim_delay=5.0 ms
>>> [UAV->CLOUD] BLK:1155|TX:7.0.0.5|CID:1|TS:26.720|SPD:20.0|HDG:0.0|PX:569.2|PY:-20.0|L...
[PASSIVE-BEACON] SIMNOW:26.734 CID:0 ZONE:1 RXUAV:1 EDGEPORT:9998 TS:26.720 SPD:14.600 HDG:1.000 PX:558.800 PY:-10.000 LAN:1 BRK:0 RX_X:0.000 RX_Y:0.000 RX_Z:0.000
[ZONE-ROUTE] CID:0 zone=1 edge_port=9998
[EDGE-RTT] CID:0 wall=2.6 ms  sim_delay=10.0 ms
>>> [UAV->CLOUD] BLK:ef06|TX:7.0.0.4|CID:0|TS:26.720|SPD:14.6|HDG:1.0|PX:558.8|PY:-10.0|L...
[ECON-GATE] CID:1 probation active - suppressing OK reward 1.0
✓ [CAR 1] ACT=OK REP=0.782 RWD=0.000 PNL=0.000 CREDIT=7
[ECON-GATE] CID:0 probation active - suppressing OK reward 1.000
✓ [CAR 0] ACT=OK REP=0.875 RWD=0.000 PNL=0.000 CREDIT=11
[PASSIVE-BEACON] SIMNOW:26.804 CID:4 ZONE:1 RXUAV:1 EDGEPORT:9998 TS:26.790 SPD:24.900 HDG:1.000 PX:577.500 PY:-50.000 LAN:5 BRK:0 RX_X:0.000 RX_Y:0.000 RX_Z:0.000
[ZONE-ROUTE] CID:4 zone=1 edge_port=9998
[EDGE-RTT] CID:4 wall=1.0 ms  sim_delay=5.0 ms
>>> [UAV->CLOUD] BLK:a0f5|TX:7.0.0.8|CID:4|TS:26.790|SPD:24.9|HDG:1.0|PX:577.5|PY:-50.0|L...
[ECON-CLAWBACK] CID:4 ACT=WARN prior_payoff=-39.0 extra_penalty=4.8 new_payoff=-43.8
[FORGIVENESS] CID:4 WARN #16 — streak reset, benefits revoked
⚠ [CAR 4] ACT=WARN REP=0.605 RWD=0.000 PNL=4.851 CREDIT=-2
[ATTACK-EMIT] CID:2 activeWindow=YES falsified=YES simT=26.870 realPX=581.450 fakePX=566.462 realSPD=15.000 fakeSPD=20.000 realTS=26.870 fakeTS=26.370 lane=3
[PASSIVE-BEACON] SIMNOW:26.884 CID:2 ZONE:1 RXUAV:1 EDGEPORT:9998 TS:26.370 SPD:20.000 HDG:0.000 PX:566.500 PY:-30.000 LAN:3 BRK:0 RX_X:0.000 RX_Y:0.000 RX_Z:0.000
[ZONE-ROUTE] CID:2 zone=1 edge_port=9998
[EDGE-RTT] CID:2 wall=0.7 ms  sim_delay=5.0 ms
>>> [UAV->CLOUD] BLK:1ec4|TX:7.0.0.6|CID:2|TS:26.370|SPD:20.0|HDG:0.0|PX:566.5|PY:-30.0|L...
[ECON-GATE] CID:2 probation active - suppressing OK reward 0.9
✓ [CAR 2] ACT=OK REP=0.442 RWD=0.000 PNL=0.000 CREDIT=3
[ATTACK-EMIT] CID:9 activeWindow=YES falsified=YES simT=26.982 realPX=601.750 fakePX=601.750 realSPD=25.000 fakeSPD=20.000 realTS=26.982 fakeTS=26.982 lane=5
[ATTACK-EMIT] CID:8 activeWindow=YES falsified=YES simT=26.992 realPX=612.000 fakePX=612.000 realSPD=25.000 fakeSPD=20.000 realTS=26.992 fakeTS=26.992 lane=4
[PASSIVE-BEACON] SIMNOW:26.996 CID:9 ZONE:2 RXUAV:2 EDGEPORT:9996 TS:26.982 SPD:20.000 HDG:0.000 PX:601.800 PY:-50.000 LAN:5 BRK:0 RX_X:0.000 RX_Y:0.000 RX_Z:0.000
[NO-HANDOVER-COLDSTART] CID:9 Z1->Z2 PX=601.8 alpha:19.4->2.0 beta:8.6->1.0 safeWins:3->0 old_banned=NO target_state=COLD
[ZONE-ROUTE] CID:9 zone=2 edge_port=9996
[EDGE-RTT] CID:9 wall=1.3 ms  sim_delay=5.0 ms
>>> [UAV->CLOUD] BLK:fbbb|TX:7.0.0.13|CID:9|TS:26.982|SPD:20.0|HDG:0.0|PX:601.8|PY:-50.0|...
[PASSIVE-BEACON] SIMNOW:27.006 CID:8 ZONE:2 RXUAV:2 EDGEPORT:9996 TS:26.992 SPD:20.000 HDG:0.000 PX:612.000 PY:-40.000 LAN:4 BRK:0 RX_X:0.000 RX_Y:0.000 RX_Z:0.000
[NO-HANDOVER-COLDSTART] CID:8 Z1->Z2 PX=612.0 alpha:17.9->2.0 beta:10.5->1.0 safeWins:4->0 old_banned=NO target_state=COLD
[ZONE-ROUTE] CID:8 zone=2 edge_port=9996
[EDGE-RTT] CID:8 wall=1.0 ms  sim_delay=5.0 ms
>>> [UAV->CLOUD] BLK:65ed|TX:7.0.0.12|CID:8|TS:26.992|SPD:20.0|HDG:0.0|PX:612.0|PY:-40.0|...
[ECON-GATE] CID:9 probation active - suppressing OK reward 1.0
✓ [CAR 9] ACT=OK REP=0.803 RWD=0.000 PNL=0.000 CREDIT=0
[ATTACK-EMIT] CID:3 activeWindow=YES falsified=YES simT=27.020 realPX=592.700 fakePX=567.694 realSPD=25.000 fakeSPD=20.000 realTS=27.020 fakeTS=26.520 lane=4
[ECON-GATE] CID:8 probation active - suppressing OK reward 0.996
✓ [CAR 8] ACT=OK REP=1.000 RWD=0.000 PNL=0.000 CREDIT=0
[PASSIVE-BEACON] SIMNOW:27.034 CID:3 ZONE:1 RXUAV:1 EDGEPORT:9998 TS:26.520 SPD:20.000 HDG:0.000 PX:567.700 PY:-40.000 LAN:4 BRK:1 RX_X:0.000 RX_Y:0.000 RX_Z:0.000
[ZONE-ROUTE] CID:3 zone=1 edge_port=9998
[EDGE-RTT] CID:3 wall=1.0 ms  sim_delay=5.0 ms
>>> [UAV->CLOUD] BLK:f129|TX:7.0.0.7|CID:3|TS:26.520|SPD:20.0|HDG:0.0|PX:567.7|PY:-40.0|L...
[PASSIVE-BEACON] SIMNOW:27.036 CID:6 ZONE:1 RXUAV:1 EDGEPORT:9998 TS:27.022 SPD:14.800 HDG:1.200 PX:594.000 PY:-20.000 LAN:2 BRK:0 RX_X:0.000 RX_Y:0.000 RX_Z:0.000
[ZONE-ROUTE] CID:6 zone=1 edge_port=9998
[EDGE-RTT] CID:6 wall=0.7 ms  sim_delay=5.0 ms
>>> [UAV->CLOUD] BLK:468e|TX:7.0.0.10|CID:6|TS:27.022|SPD:14.8|HDG:1.2|PX:594.0|PY:-20.0|...
[ECON-GATE] CID:3 probation active - suppressing OK reward 0.9
✓ [CAR 3] ACT=OK REP=0.529 RWD=0.000 PNL=0.000 CREDIT=2
[ECON-GATE] CID:6 probation active - suppressing OK reward 1.000
✓ [CAR 6] ACT=OK REP=0.594 RWD=0.000 PNL=0.000 CREDIT=7
[PASSIVE-BEACON] SIMNOW:27.146 CID:7 ZONE:2 RXUAV:2 EDGEPORT:9996 TS:27.132 SPD:14.800 HDG:-1.300 PX:604.800 PY:-30.000 LAN:3 BRK:0 RX_X:0.000 RX_Y:0.000 RX_Z:0.000
[NO-HANDOVER-COLDSTART] CID:7 Z1->Z2 PX=604.8 alpha:16.5->2.0 beta:13.5->1.0 safeWins:4->0 old_banned=NO target_state=COLD
[ZONE-ROUTE] CID:7 zone=2 edge_port=9996
[EDGE-RTT] CID:7 wall=5.4 ms  sim_delay=5.0 ms
>>> [UAV->CLOUD] BLK:e6cc|TX:7.0.0.11|CID:7|TS:27.132|SPD:14.8|HDG:-1.3|PX:604.8|PY:-30.0...
[ECON-GATE] CID:7 probation active - suppressing OK reward 1.0
✓ [CAR 7] ACT=OK REP=0.453 RWD=0.000 PNL=0.000 CREDIT=0
[ATTACK-EMIT] CID:0 activeWindow=YES falsified=YES simT=27.220 realPX=566.700 fakePX=566.700 realSPD=15.000 fakeSPD=20.000 realTS=27.220 fakeTS=27.220 lane=1
[ATTACK-EMIT] CID:1 activeWindow=YES falsified=YES simT=27.220 realPX=576.700 fakePX=561.958 realSPD=15.000 fakeSPD=20.000 realTS=27.220 fakeTS=26.720 lane=2
[ATTACK-EMIT] CID:5 activeWindow=YES falsified=YES simT=27.232 realPX=586.880 fakePX=586.880 realSPD=15.000 fakeSPD=20.000 realTS=27.232 fakeTS=27.232 lane=1
[PASSIVE-BEACON] SIMNOW:27.234 CID:1 ZONE:1 RXUAV:1 EDGEPORT:9998 TS:26.720 SPD:20.000 HDG:0.000 PX:562.000 PY:-20.000 LAN:2 BRK:0 RX_X:0.000 RX_Y:0.000 RX_Z:0.000
[ZONE-ROUTE] CID:1 zone=1 edge_port=9998
[EDGE-RTT] CID:1 wall=1.3 ms  sim_delay=5.0 ms
>>> [UAV->CLOUD] BLK:0fef|TX:7.0.0.5|CID:1|TS:26.720|SPD:20.0|HDG:0.0|PX:562.0|PY:-20.0|L...
[PASSIVE-BEACON] SIMNOW:27.234 CID:0 ZONE:1 RXUAV:1 EDGEPORT:9998 TS:27.220 SPD:20.000 HDG:0.000 PX:566.700 PY:-10.000 LAN:1 BRK:0 RX_X:0.000 RX_Y:0.000 RX_Z:0.000
[ZONE-ROUTE] CID:0 zone=1 edge_port=9998
[EDGE-RTT] CID:0 wall=1.1 ms  sim_delay=10.0 ms
>>> [UAV->CLOUD] BLK:885b|TX:7.0.0.4|CID:0|TS:27.220|SPD:20.0|HDG:0.0|PX:566.7|PY:-10.0|L...
[ECON-GATE] CID:0 probation active - suppressing OK reward 1.0
✓ [CAR 0] ACT=OK REP=0.588 RWD=0.000 PNL=0.000 CREDIT=12
[ECON-GATE] CID:1 probation active - suppressing OK reward 0.900
✓ [CAR 1] ACT=OK REP=0.418 RWD=0.000 PNL=0.000 CREDIT=8
[PASSIVE-BEACON] SIMNOW:27.304 CID:4 ZONE:1 RXUAV:1 EDGEPORT:9998 TS:27.290 SPD:24.700 HDG:1.700 PX:589.200 PY:-50.000 LAN:5 BRK:0 RX_X:0.000 RX_Y:0.000 RX_Z:0.000
[ZONE-ROUTE] CID:4 zone=1 edge_port=9998
[EDGE-RTT] CID:4 wall=0.8 ms  sim_delay=5.0 ms
>>> [UAV->CLOUD] BLK:9cc4|TX:7.0.0.8|CID:4|TS:27.290|SPD:24.7|HDG:1.7|PX:589.2|PY:-50.0|L...
[ECON-CLAWBACK] CID:4 ACT=WARN prior_payoff=-43.8 extra_penalty=5.0 new_payoff=-48.9
[FORGIVENESS] CID:4 WARN #17 — streak reset, benefits revoked
⚠ [CAR 4] ACT=WARN REP=0.737 RWD=0.000 PNL=5.100 CREDIT=-2
[ATTACK-EMIT] CID:2 activeWindow=YES falsified=YES simT=27.370 realPX=588.950 fakePX=588.950 realSPD=15.000 fakeSPD=20.000 realTS=27.370 fakeTS=27.370 lane=3
[PASSIVE-BEACON] SIMNOW:27.384 CID:2 ZONE:1 RXUAV:1 EDGEPORT:9998 TS:27.370 SPD:20.000 HDG:0.000 PX:589.000 PY:-30.000 LAN:3 BRK:0 RX_X:0.000 RX_Y:0.000 RX_Z:0.000
[ZONE-ROUTE] CID:2 zone=1 edge_port=9998
[EDGE-RTT] CID:2 wall=0.9 ms  sim_delay=5.0 ms
>>> [UAV->CLOUD] BLK:ee70|TX:7.0.0.6|CID:2|TS:27.370|SPD:20.0|HDG:0.0|PX:589.0|PY:-30.0|L...
[ECON-GATE] CID:2 probation active - suppressing OK reward 1.0
✓ [CAR 2] ACT=OK REP=0.324 RWD=0.000 PNL=0.000 CREDIT=4
[ATTACK-EMIT] CID:9 activeWindow=YES falsified=YES simT=27.482 realPX=614.250 fakePX=614.250 realSPD=25.000 fakeSPD=20.000 realTS=27.482 fakeTS=27.482 lane=5
[ATTACK-EMIT] CID:8 activeWindow=YES falsified=YES simT=27.492 realPX=620.780 fakePX=561.856 realSPD=15.000 fakeSPD=20.000 realTS=27.492 fakeTS=26.992 lane=4
[PASSIVE-BEACON] SIMNOW:27.499 CID:9 ZONE:2 RXUAV:2 EDGEPORT:9996 TS:27.482 SPD:20.000 HDG:0.000 PX:614.300 PY:-50.000 LAN:5 BRK:0 RX_X:0.000 RX_Y:0.000 RX_Z:0.000
[ZONE-ROUTE] CID:9 zone=2 edge_port=9996
[EDGE-RTT] CID:9 wall=1.1 ms  sim_delay=5.0 ms
>>> [UAV->CLOUD] BLK:8c06|TX:7.0.0.13|CID:9|TS:27.482|SPD:20.0|HDG:0.0|PX:614.3|PY:-50.0|...
[PASSIVE-BEACON] SIMNOW:27.506 CID:8 ZONE:1 RXUAV:1 EDGEPORT:9998 TS:26.992 SPD:20.000 HDG:0.000 PX:561.900 PY:-40.000 LAN:4 BRK:0 RX_X:0.000 RX_Y:0.000 RX_Z:0.000
[ZONE-ROUTE] CID:8 zone=2 edge_port=9996
[EDGE-RTT] CID:8 wall=0.9 ms  sim_delay=5.0 ms
>>> [UAV->CLOUD] BLK:af2c|TX:7.0.0.12|CID:8|TS:26.992|SPD:20.0|HDG:0.0|PX:561.9|PY:-40.0|...
[ECON-GATE] CID:9 probation active - suppressing OK reward 1.0
✓ [CAR 9] ACT=OK REP=0.701 RWD=0.000 PNL=0.000 CREDIT=1
[ATTACK-EMIT] CID:3 activeWindow=YES falsified=YES simT=27.520 realPX=601.200 fakePX=601.200 realSPD=15.000 fakeSPD=20.000 realTS=27.520 fakeTS=27.520 lane=4
[ECON-CLAWBACK] CID:8 ACT=WARN prior_payoff=-44.168 extra_penalty=5.000 new_payoff=-49.277
[FORGIVENESS] CID:8 WARN #17 — streak reset, benefits revoked
⚠ [CAR 8] ACT=WARN REP=0.458 RWD=0.000 PNL=5.109 CREDIT=-1
[PASSIVE-BEACON] SIMNOW:27.534 CID:3 ZONE:2 RXUAV:2 EDGEPORT:9996 TS:27.520 SPD:20.000 HDG:0.000 PX:601.200 PY:-40.000 LAN:4 BRK:1 RX_X:0.000 RX_Y:0.000 RX_Z:0.000
[NO-HANDOVER-COLDSTART] CID:3 Z1->Z2 PX=601.2 alpha:17.4->2.0 beta:11.7->1.0 safeWins:3->0 old_banned=NO target_state=COLD
[ZONE-ROUTE] CID:3 zone=2 edge_port=9996
[EDGE-RTT] CID:3 wall=1.2 ms  sim_delay=5.0 ms
>>> [UAV->CLOUD] BLK:1f57|TX:7.0.0.7|CID:3|TS:27.520|SPD:20.0|HDG:0.0|PX:601.2|PY:-40.0|L...
[PASSIVE-BEACON] SIMNOW:27.536 CID:6 ZONE:2 RXUAV:2 EDGEPORT:9996 TS:27.522 SPD:15.000 HDG:-0.600 PX:600.900 PY:-20.000 LAN:2 BRK:1 RX_X:0.000 RX_Y:0.000 RX_Z:0.000
[NO-HANDOVER-COLDSTART] CID:6 Z1->Z2 PX=600.9 alpha:17.0->2.0 beta:13.5->1.0 safeWins:8->0 old_banned=NO target_state=COLD
[ZONE-ROUTE] CID:6 zone=2 edge_port=9996
[EDGE-RTT] CID:6 wall=0.8 ms  sim_delay=5.0 ms
>>> [UAV->CLOUD] BLK:239c|TX:7.0.0.10|CID:6|TS:27.522|SPD:15.0|HDG:-0.6|PX:600.9|PY:-20.0...
[ECON-GATE] CID:3 probation active - suppressing OK reward 1.0
✓ [CAR 3] ACT=OK REP=0.621 RWD=0.000 PNL=0.000 CREDIT=0
[ECON-GATE] CID:6 probation active - suppressing OK reward 0.996
✓ [CAR 6] ACT=OK REP=0.866 RWD=0.000 PNL=0.000 CREDIT=0
[PASSIVE-BEACON] SIMNOW:27.646 CID:7 ZONE:2 RXUAV:2 EDGEPORT:9996 TS:27.632 SPD:14.900 HDG:1.700 PX:613.500 PY:-30.000 LAN:3 BRK:0 RX_X:0.000 RX_Y:0.000 RX_Z:0.000
[ZONE-ROUTE] CID:7 zone=2 edge_port=9996
[EDGE-RTT] CID:7 wall=1.0 ms  sim_delay=5.0 ms
>>> [UAV->CLOUD] BLK:9803|TX:7.0.0.11|CID:7|TS:27.632|SPD:14.9|HDG:1.7|PX:613.5|PY:-30.0|...
[ECON-GATE] CID:7 probation active - suppressing OK reward 1.0
✓ [CAR 7] ACT=OK REP=0.668 RWD=0.000 PNL=0.000 CREDIT=1
[ATTACK-EMIT] CID:0 activeWindow=YES falsified=YES simT=27.720 realPX=574.200 fakePX=574.200 realSPD=15.000 fakeSPD=20.000 realTS=27.720 fakeTS=27.720 lane=1
[ATTACK-EMIT] CID:1 activeWindow=YES falsified=YES simT=27.720 realPX=584.200 fakePX=584.200 realSPD=15.000 fakeSPD=20.000 realTS=27.720 fakeTS=27.720 lane=2
[ATTACK-EMIT] CID:5 activeWindow=YES falsified=YES simT=27.732 realPX=594.380 fakePX=594.380 realSPD=15.000 fakeSPD=20.000 realTS=27.732 fakeTS=27.732 lane=1
[PASSIVE-BEACON] SIMNOW:27.734 CID:1 ZONE:1 RXUAV:1 EDGEPORT:9998 TS:27.720 SPD:20.000 HDG:0.000 PX:584.200 PY:-20.000 LAN:2 BRK:0 RX_X:0.000 RX_Y:0.000 RX_Z:0.000
[ZONE-ROUTE] CID:1 zone=1 edge_port=9998
[EDGE-RTT] CID:1 wall=1.0 ms  sim_delay=5.0 ms
>>> [UAV->CLOUD] BLK:af15|TX:7.0.0.5|CID:1|TS:27.720|SPD:20.0|HDG:0.0|PX:584.2|PY:-20.0|L...
[PASSIVE-BEACON] SIMNOW:27.734 CID:0 ZONE:1 RXUAV:1 EDGEPORT:9998 TS:27.720 SPD:20.000 HDG:0.000 PX:574.200 PY:-10.000 LAN:1 BRK:0 RX_X:0.000 RX_Y:0.000 RX_Z:0.000
[ZONE-ROUTE] CID:0 zone=1 edge_port=9998
[EDGE-RTT] CID:0 wall=2.4 ms  sim_delay=10.0 ms
>>> [UAV->CLOUD] BLK:8563|TX:7.0.0.4|CID:0|TS:27.720|SPD:20.0|HDG:0.0|PX:574.2|PY:-10.0|L...
[ECON-GATE] CID:1 probation active - suppressing OK reward 1.0
✓ [CAR 1] ACT=OK REP=0.577 RWD=0.000 PNL=0.000 CREDIT=9
[ECON-GATE] CID:0 probation active - suppressing OK reward 1.000
✓ [CAR 0] ACT=OK REP=0.542 RWD=0.000 PNL=0.000 CREDIT=13
[PASSIVE-BEACON] SIMNOW:27.804 CID:4 ZONE:2 RXUAV:2 EDGEPORT:9996 TS:27.790 SPD:24.500 HDG:0.000 PX:602.500 PY:-50.000 LAN:5 BRK:0 RX_X:0.000 RX_Y:0.000 RX_Z:0.000
[NO-HANDOVER-COLDSTART] CID:4 Z1->Z2 PX=602.5 alpha:18.9->2.0 beta:11.1->1.0 safeWins:0->0 old_banned=NO target_state=COLD
[ZONE-ROUTE] CID:4 zone=2 edge_port=9996
[EDGE-RTT] CID:4 wall=1.1 ms  sim_delay=5.0 ms
>>> [UAV->CLOUD] BLK:dbc0|TX:7.0.0.8|CID:4|TS:27.790|SPD:24.5|HDG:0.0|PX:602.5|PY:-50.0|L...
[ECON-CLAWBACK] CID:4 ACT=WARN prior_payoff=-48.9 extra_penalty=5.2 new_payoff=-54.2
[FORGIVENESS] CID:4 WARN #18 — streak reset, benefits revoked
⚠ [CAR 4] ACT=WARN REP=0.593 RWD=0.000 PNL=5.342 CREDIT=-2
[ATTACK-EMIT] CID:2 activeWindow=YES falsified=YES simT=27.870 realPX=596.450 fakePX=596.450 realSPD=15.000 fakeSPD=20.000 realTS=27.870 fakeTS=27.870 lane=3
[PASSIVE-BEACON] SIMNOW:27.884 CID:2 ZONE:1 RXUAV:1 EDGEPORT:9998 TS:27.870 SPD:20.000 HDG:0.000 PX:596.500 PY:-30.000 LAN:3 BRK:0 RX_X:0.000 RX_Y:0.000 RX_Z:0.000
[ZONE-ROUTE] CID:2 zone=1 edge_port=9998
[EDGE-RTT] CID:2 wall=0.9 ms  sim_delay=5.0 ms
>>> [UAV->CLOUD] BLK:fcbf|TX:7.0.0.6|CID:2|TS:27.870|SPD:20.0|HDG:0.0|PX:596.5|PY:-30.0|L...
[ECON-GATE] CID:2 probation active - suppressing OK reward 1.0
✓ [CAR 2] ACT=OK REP=0.855 RWD=0.000 PNL=0.000 CREDIT=5
[ATTACK-EMIT] CID:9 activeWindow=YES falsified=YES simT=27.982 realPX=626.750 fakePX=564.106 realSPD=25.000 fakeSPD=20.000 realTS=27.982 fakeTS=27.482 lane=5
[ATTACK-EMIT] CID:8 activeWindow=YES falsified=YES simT=27.992 realPX=628.280 fakePX=628.280 realSPD=15.000 fakeSPD=20.000 realTS=27.992 fakeTS=27.992 lane=4
[PASSIVE-BEACON] SIMNOW:27.999 CID:9 ZONE:1 RXUAV:1 EDGEPORT:9998 TS:27.482 SPD:20.000 HDG:0.000 PX:564.100 PY:-50.000 LAN:5 BRK:0 RX_X:0.000 RX_Y:0.000 RX_Z:0.000
[ZONE-ROUTE] CID:9 zone=2 edge_port=9996
[EDGE-RTT] CID:9 wall=0.9 ms  sim_delay=5.0 ms
>>> [UAV->CLOUD] BLK:7b74|TX:7.0.0.13|CID:9|TS:27.482|SPD:20.0|HDG:0.0|PX:564.1|PY:-50.0|...
[PASSIVE-BEACON] SIMNOW:28.006 CID:8 ZONE:2 RXUAV:2 EDGEPORT:9996 TS:27.992 SPD:20.000 HDG:0.000 PX:628.300 PY:-40.000 LAN:4 BRK:0 RX_X:0.000 RX_Y:0.000 RX_Z:0.000
[ZONE-ROUTE] CID:8 zone=2 edge_port=9996
[EDGE-RTT] CID:8 wall=0.7 ms  sim_delay=5.0 ms
>>> [UAV->CLOUD] BLK:82fd|TX:7.0.0.12|CID:8|TS:27.992|SPD:20.0|HDG:0.0|PX:628.3|PY:-40.0|...
[ECON-CLAWBACK] CID:9 ACT=WARN prior_payoff=-30.1 extra_penalty=4.2 new_payoff=-34.5
[FORGIVENESS] CID:9 WARN #14 — streak reset, benefits revoked
⚠ [CAR 9] ACT=WARN REP=0.682 RWD=0.000 PNL=4.381 CREDIT=0
[ATTACK-EMIT] CID:3 activeWindow=YES falsified=YES simT=28.020 realPX=608.700 fakePX=608.700 realSPD=15.000 fakeSPD=20.000 realTS=28.020 fakeTS=28.020 lane=4
[ECON-GATE] CID:8 probation active - suppressing OK reward 0.871
✓ [CAR 8] ACT=OK REP=0.894 RWD=0.000 PNL=0.000 CREDIT=0
[PASSIVE-BEACON] SIMNOW:28.034 CID:3 ZONE:2 RXUAV:2 EDGEPORT:9996 TS:28.020 SPD:20.000 HDG:0.000 PX:608.700 PY:-40.000 LAN:4 BRK:1 RX_X:0.000 RX_Y:0.000 RX_Z:0.000
[ZONE-ROUTE] CID:3 zone=2 edge_port=9996
[EDGE-RTT] CID:3 wall=0.5 ms  sim_delay=5.0 ms
>>> [UAV->CLOUD] BLK:2db1|TX:7.0.0.7|CID:3|TS:28.020|SPD:20.0|HDG:0.0|PX:608.7|PY:-40.0|L...
[PASSIVE-BEACON] SIMNOW:28.036 CID:6 ZONE:2 RXUAV:2 EDGEPORT:9996 TS:28.022 SPD:15.500 HDG:0.200 PX:609.200 PY:-20.000 LAN:2 BRK:1 RX_X:0.000 RX_Y:0.000 RX_Z:0.000
[ZONE-ROUTE] CID:6 zone=2 edge_port=9996
[EDGE-RTT] CID:6 wall=0.7 ms  sim_delay=5.0 ms
>>> [UAV->CLOUD] BLK:73cb|TX:7.0.0.10|CID:6|TS:28.022|SPD:15.5|HDG:0.2|PX:609.2|PY:-20.0|...
[ECON-GATE] CID:3 probation active - suppressing OK reward 1.0
✓ [CAR 3] ACT=OK REP=0.806 RWD=0.000 PNL=0.000 CREDIT=1
[ECON-GATE] CID:6 probation active - suppressing OK reward 1.000
✓ [CAR 6] ACT=OK REP=0.714 RWD=0.000 PNL=0.000 CREDIT=1
[PASSIVE-BEACON] SIMNOW:28.146 CID:7 ZONE:2 RXUAV:2 EDGEPORT:9996 TS:28.132 SPD:15.400 HDG:-0.400 PX:620.000 PY:-30.000 LAN:3 BRK:1 RX_X:0.000 RX_Y:0.000 RX_Z:0.000
[ZONE-ROUTE] CID:7 zone=2 edge_port=9996
[EDGE-RTT] CID:7 wall=0.9 ms  sim_delay=5.0 ms
>>> [UAV->CLOUD] BLK:84f5|TX:7.0.0.11|CID:7|TS:28.132|SPD:15.4|HDG:-0.4|PX:620.0|PY:-30.0...
[ECON-GATE] CID:7 probation active - suppressing OK reward 1.0
✓ [CAR 7] ACT=OK REP=0.710 RWD=0.000 PNL=0.000 CREDIT=2
[ATTACK-EMIT] CID:0 activeWindow=YES falsified=YES simT=28.220 realPX=581.700 fakePX=566.904 realSPD=15.000 fakeSPD=20.000 realTS=28.220 fakeTS=27.720 lane=1
[ATTACK-EMIT] CID:1 activeWindow=YES falsified=YES simT=28.220 realPX=591.700 fakePX=591.700 realSPD=15.000 fakeSPD=20.000 realTS=28.220 fakeTS=28.220 lane=2
[ATTACK-EMIT] CID:5 activeWindow=YES falsified=YES simT=28.232 realPX=601.880 fakePX=564.170 realSPD=15.000 fakeSPD=22.000 realTS=28.232 fakeTS=27.732 lane=1
[PASSIVE-BEACON] SIMNOW:28.234 CID:1 ZONE:1 RXUAV:1 EDGEPORT:9998 TS:28.220 SPD:20.000 HDG:0.000 PX:591.700 PY:-20.000 LAN:2 BRK:0 RX_X:0.000 RX_Y:0.000 RX_Z:0.000
[ZONE-ROUTE] CID:1 zone=1 edge_port=9998
[EDGE-RTT] CID:1 wall=1.1 ms  sim_delay=5.0 ms
>>> [UAV->CLOUD] BLK:7e0a|TX:7.0.0.5|CID:1|TS:28.220|SPD:20.0|HDG:0.0|PX:591.7|PY:-20.0|L...
[PASSIVE-BEACON] SIMNOW:28.234 CID:0 ZONE:1 RXUAV:1 EDGEPORT:9998 TS:27.720 SPD:20.000 HDG:0.000 PX:566.900 PY:-10.000 LAN:1 BRK:1 RX_X:0.000 RX_Y:0.000 RX_Z:0.000
[ZONE-ROUTE] CID:0 zone=1 edge_port=9998
[EDGE-RTT] CID:0 wall=1.5 ms  sim_delay=10.0 ms
[TRUST-UPGRADE] CID:0 earned LANE_UPGRADE after 15 clean packets → lane 0 + 2.0 m/s
>>> [UAV->CLOUD] BLK:ef6d|TX:7.0.0.4|CID:0|TS:27.720|SPD:20.0|HDG:0.0|PX:566.9|PY:-10.0|L...
[ECON-GATE] CID:0 probation active - suppressing OK reward 1.5
[ECON-RESTORE] CID:0 probation cleared after 15 clean packets
[TRUST-BLOCKED] CID:0 ignored LANE_UPGRADE due to prior WARN/BAN/demotion
✓ [CAR 0] ACT=OK REP=0.500 RWD=0.000 PNL=0.000 CREDIT=15
✓ [CAR 0] ACT=OK REP=0.554 RWD=0.930 PNL=0.000 CREDIT=14
[ECON-GATE] CID:1 probation active - suppressing OK reward 1.000
✓ [CAR 1] ACT=OK REP=0.643 RWD=0.000 PNL=0.000 CREDIT=10
[PASSIVE-BEACON] SIMNOW:28.304 CID:4 ZONE:2 RXUAV:2 EDGEPORT:9996 TS:28.290 SPD:24.700 HDG:1.200 PX:614.800 PY:-50.000 LAN:5 BRK:0 RX_X:0.000 RX_Y:0.000 RX_Z:0.000
[ZONE-ROUTE] CID:4 zone=2 edge_port=9996
[EDGE-RTT] CID:4 wall=1.0 ms  sim_delay=5.0 ms
>>> [UAV->CLOUD] BLK:2b09|TX:7.0.0.8|CID:4|TS:28.290|SPD:24.7|HDG:1.2|PX:614.8|PY:-50.0|L...
[ECON-GATE] CID:4 probation active - suppressing OK reward 1.0
✓ [CAR 4] ACT=OK REP=0.273 RWD=0.000 PNL=0.000 CREDIT=0
[ATTACK-EMIT] CID:2 activeWindow=YES falsified=YES simT=28.370 realPX=603.950 fakePX=566.444 realSPD=15.000 fakeSPD=20.000 realTS=28.370 fakeTS=27.870 lane=3
[PASSIVE-BEACON] SIMNOW:28.384 CID:2 ZONE:1 RXUAV:1 EDGEPORT:9998 TS:27.870 SPD:20.000 HDG:0.000 PX:566.400 PY:-30.000 LAN:3 BRK:0 RX_X:0.000 RX_Y:0.000 RX_Z:0.000
[ZONE-ROUTE] CID:2 zone=1 edge_port=9998
[EDGE-RTT] CID:2 wall=0.9 ms  sim_delay=5.0 ms
>>> [UAV->CLOUD] BLK:fde6|TX:7.0.0.6|CID:2|TS:27.870|SPD:20.0|HDG:0.0|PX:566.4|PY:-30.0|L...
[ECON-CLAWBACK] CID:2 ACT=WARN prior_payoff=-72.4 extra_penalty=6.2 new_payoff=-78.8
[FORGIVENESS] CID:2 WARN #22 — streak reset, benefits revoked
⚠ [CAR 2] ACT=WARN REP=0.440 RWD=0.000 PNL=6.338 CREDIT=4
[ATTACK-EMIT] CID:9 activeWindow=YES falsified=YES simT=28.482 realPX=639.250 fakePX=639.250 realSPD=25.000 fakeSPD=20.000 realTS=28.482 fakeTS=28.482 lane=5
[ATTACK-EMIT] CID:8 activeWindow=YES falsified=YES simT=28.492 realPX=635.780 fakePX=635.780 realSPD=15.000 fakeSPD=20.000 realTS=28.492 fakeTS=28.492 lane=4
[PASSIVE-BEACON] SIMNOW:28.496 CID:9 ZONE:2 RXUAV:2 EDGEPORT:9996 TS:28.482 SPD:20.000 HDG:0.000 PX:639.300 PY:-50.000 LAN:5 BRK:0 RX_X:0.000 RX_Y:0.000 RX_Z:0.000
[ZONE-ROUTE] CID:9 zone=2 edge_port=9996
[EDGE-RTT] CID:9 wall=1.1 ms  sim_delay=5.0 ms
>>> [UAV->CLOUD] BLK:b881|TX:7.0.0.13|CID:9|TS:28.482|SPD:20.0|HDG:0.0|PX:639.3|PY:-50.0|...
[PASSIVE-BEACON] SIMNOW:28.509 CID:8 ZONE:2 RXUAV:2 EDGEPORT:9996 TS:28.492 SPD:20.000 HDG:0.000 PX:635.800 PY:-40.000 LAN:4 BRK:0 RX_X:0.000 RX_Y:0.000 RX_Z:0.000
[ZONE-ROUTE] CID:8 zone=2 edge_port=9996
[EDGE-RTT] CID:8 wall=0.8 ms  sim_delay=5.0 ms
>>> [UAV->CLOUD] BLK:9e85|TX:7.0.0.12|CID:8|TS:28.492|SPD:20.0|HDG:0.0|PX:635.8|PY:-40.0|...
[ECON-GATE] CID:9 probation active - suppressing OK reward 0.9
✓ [CAR 9] ACT=OK REP=0.696 RWD=0.000 PNL=0.000 CREDIT=0
[ATTACK-EMIT] CID:3 activeWindow=YES falsified=YES simT=28.520 realPX=616.200 fakePX=567.892 realSPD=15.000 fakeSPD=20.000 realTS=28.520 fakeTS=28.020 lane=4
[ECON-GATE] CID:8 probation active - suppressing OK reward 0.876
✓ [CAR 8] ACT=OK REP=0.382 RWD=0.000 PNL=0.000 CREDIT=1
[PASSIVE-BEACON] SIMNOW:28.534 CID:3 ZONE:1 RXUAV:1 EDGEPORT:9998 TS:28.020 SPD:20.000 HDG:0.000 PX:567.900 PY:-40.000 LAN:4 BRK:1 RX_X:0.000 RX_Y:0.000 RX_Z:0.000
[ZONE-ROUTE] CID:3 zone=2 edge_port=9996
[EDGE-RTT] CID:3 wall=0.9 ms  sim_delay=5.0 ms
>>> [UAV->CLOUD] BLK:b57a|TX:7.0.0.7|CID:3|TS:28.020|SPD:20.0|HDG:0.0|PX:567.9|PY:-40.0|L...
[PASSIVE-BEACON] SIMNOW:28.536 CID:6 ZONE:2 RXUAV:2 EDGEPORT:9996 TS:28.522 SPD:15.100 HDG:0.400 PX:615.800 PY:-20.000 LAN:2 BRK:0 RX_X:0.000 RX_Y:0.000 RX_Z:0.000
[ZONE-ROUTE] CID:6 zone=2 edge_port=9996
[EDGE-RTT] CID:6 wall=0.9 ms  sim_delay=5.0 ms
>>> [UAV->CLOUD] BLK:6938|TX:7.0.0.10|CID:6|TS:28.522|SPD:15.1|HDG:0.4|PX:615.8|PY:-20.0|...
[ECON-CLAWBACK] CID:3 ACT=WARN prior_payoff=-54.6 extra_penalty=5.5 new_payoff=-60.2
[FORGIVENESS] CID:3 WARN #19 — streak reset, benefits revoked
⚠ [CAR 3] ACT=WARN REP=0.449 RWD=0.000 PNL=5.631 CREDIT=0
[ECON-GATE] CID:6 probation active - suppressing OK reward 0.997
✓ [CAR 6] ACT=OK REP=0.889 RWD=0.000 PNL=0.000 CREDIT=2
[PASSIVE-BEACON] SIMNOW:28.646 CID:7 ZONE:2 RXUAV:2 EDGEPORT:9996 TS:28.632 SPD:15.400 HDG:0.500 PX:628.300 PY:-30.000 LAN:3 BRK:0 RX_X:0.000 RX_Y:0.000 RX_Z:0.000
[ZONE-ROUTE] CID:7 zone=2 edge_port=9996
[EDGE-RTT] CID:7 wall=1.6 ms  sim_delay=5.0 ms
>>> [UAV->CLOUD] BLK:2533|TX:7.0.0.11|CID:7|TS:28.632|SPD:15.4|HDG:0.5|PX:628.3|PY:-30.0|...
[ECON-GATE] CID:7 probation active - suppressing OK reward 1.0
✓ [CAR 7] ACT=OK REP=0.609 RWD=0.000 PNL=0.000 CREDIT=3
[ATTACK-EMIT] CID:0 activeWindow=YES falsified=YES simT=28.720 realPX=589.200 fakePX=589.200 realSPD=15.000 fakeSPD=20.000 realTS=28.720 fakeTS=28.720 lane=1
[ATTACK-EMIT] CID:1 activeWindow=YES falsified=YES simT=28.720 realPX=599.200 fakePX=561.424 realSPD=15.000 fakeSPD=20.000 realTS=28.720 fakeTS=28.220 lane=2
[ATTACK-EMIT] CID:5 activeWindow=YES falsified=YES simT=28.732 realPX=609.380 fakePX=609.380 realSPD=15.000 fakeSPD=20.000 realTS=28.732 fakeTS=28.732 lane=1
[PASSIVE-BEACON] SIMNOW:28.734 CID:1 ZONE:1 RXUAV:1 EDGEPORT:9998 TS:28.220 SPD:20.000 HDG:0.000 PX:561.400 PY:-20.000 LAN:2 BRK:0 RX_X:0.000 RX_Y:0.000 RX_Z:0.000
[ZONE-ROUTE] CID:1 zone=1 edge_port=9998
[EDGE-RTT] CID:1 wall=1.2 ms  sim_delay=5.0 ms
>>> [UAV->CLOUD] BLK:69aa|TX:7.0.0.5|CID:1|TS:28.220|SPD:20.0|HDG:0.0|PX:561.4|PY:-20.0|L...
[PASSIVE-BEACON] SIMNOW:28.734 CID:0 ZONE:1 RXUAV:1 EDGEPORT:9998 TS:28.720 SPD:20.000 HDG:0.000 PX:589.200 PY:-10.000 LAN:1 BRK:1 RX_X:0.000 RX_Y:0.000 RX_Z:0.000
[ZONE-ROUTE] CID:0 zone=1 edge_port=9998
[EDGE-RTT] CID:0 wall=2.8 ms  sim_delay=10.0 ms
>>> [UAV->CLOUD] BLK:ed36|TX:7.0.0.4|CID:0|TS:28.720|SPD:20.0|HDG:0.0|PX:589.2|PY:-10.0|L...
[ECON-CLAWBACK] CID:1 ACT=WARN prior_payoff=-72.6 extra_penalty=6.2 new_payoff=-78.9
[FORGIVENESS] CID:1 WARN #22 — streak reset, benefits revoked
⚠ [CAR 1] ACT=WARN REP=0.640 RWD=0.000 PNL=6.338 CREDIT=9
✓ [CAR 0] ACT=OK REP=0.475 RWD=1.000 PNL=0.000 CREDIT=15
[PASSIVE-BEACON] SIMNOW:28.804 CID:4 ZONE:2 RXUAV:2 EDGEPORT:9996 TS:28.790 SPD:24.500 HDG:0.900 PX:626.200 PY:-50.000 LAN:5 BRK:0 RX_X:0.000 RX_Y:0.000 RX_Z:0.000
[ZONE-ROUTE] CID:4 zone=2 edge_port=9996
[EDGE-RTT] CID:4 wall=1.0 ms  sim_delay=5.0 ms
>>> [UAV->CLOUD] BLK:37c3|TX:7.0.0.8|CID:4|TS:28.790|SPD:24.5|HDG:0.9|PX:626.2|PY:-50.0|L...
[ECON-CLAWBACK] CID:4 ACT=WARN prior_payoff=-54.2 extra_penalty=5.5 new_payoff=-59.8
[FORGIVENESS] CID:4 WARN #19 — streak reset, benefits revoked
⚠ [CAR 4] ACT=WARN REP=0.536 RWD=0.000 PNL=5.599 CREDIT=-1
[ATTACK-EMIT] CID:2 activeWindow=YES falsified=YES simT=28.870 realPX=611.450 fakePX=611.450 realSPD=15.000 fakeSPD=20.000 realTS=28.870 fakeTS=28.870 lane=3
[PASSIVE-BEACON] SIMNOW:28.884 CID:2 ZONE:2 RXUAV:2 EDGEPORT:9996 TS:28.870 SPD:20.000 HDG:0.000 PX:611.500 PY:-30.000 LAN:3 BRK:0 RX_X:0.000 RX_Y:0.000 RX_Z:0.000
[NO-HANDOVER-COLDSTART] CID:2 Z1->Z2 PX=611.5 alpha:16.9->2.0 beta:14.1->1.0 safeWins:0->0 old_banned=NO target_state=COLD
[ZONE-ROUTE] CID:2 zone=2 edge_port=9996
[EDGE-RTT] CID:2 wall=0.9 ms  sim_delay=5.0 ms
>>> [UAV->CLOUD] BLK:4918|TX:7.0.0.6|CID:2|TS:28.870|SPD:20.0|HDG:0.0|PX:611.5|PY:-30.0|L...
[ECON-GATE] CID:2 probation active - suppressing OK reward 1.0
✓ [CAR 2] ACT=OK REP=0.809 RWD=0.000 PNL=0.000 CREDIT=0
[PASSIVE-BEACON] SIMNOW:28.999 CID:9 ZONE:2 RXUAV:2 EDGEPORT:9996 TS:28.982 SPD:25.300 HDG:-0.500 PX:651.400 PY:-50.000 LAN:5 BRK:0 RX_X:0.000 RX_Y:0.000 RX_Z:0.000
[ZONE-ROUTE] CID:9 zone=2 edge_port=9996
[EDGE-RTT] CID:9 wall=1.3 ms  sim_delay=5.0 ms
>>> [UAV->CLOUD] BLK:6fc7|TX:7.0.0.13|CID:9|TS:28.982|SPD:25.3|HDG:-0.5|PX:651.4|PY:-50.0...
[PASSIVE-BEACON] SIMNOW:29.006 CID:8 ZONE:2 RXUAV:2 EDGEPORT:9996 TS:28.992 SPD:15.200 HDG:-0.800 PX:642.700 PY:-40.000 LAN:4 BRK:0 RX_X:0.000 RX_Y:0.000 RX_Z:0.000
[ZONE-ROUTE] CID:8 zone=2 edge_port=9996
[EDGE-RTT] CID:8 wall=1.1 ms  sim_delay=5.0 ms
>>> [UAV->CLOUD] BLK:129a|TX:7.0.0.12|CID:8|TS:28.992|SPD:15.2|HDG:-0.8|PX:642.7|PY:-40.0...
[ECON-GATE] CID:9 probation active - suppressing OK reward 1.0
✓ [CAR 9] ACT=OK REP=0.518 RWD=0.000 PNL=0.000 CREDIT=1
[ATTACK-EMIT] CID:3 activeWindow=YES falsified=YES simT=29.020 realPX=623.700 fakePX=623.700 realSPD=15.000 fakeSPD=20.000 realTS=29.020 fakeTS=29.020 lane=4
[ECON-GATE] CID:8 probation active - suppressing OK reward 0.997
✓ [CAR 8] ACT=OK REP=0.578 RWD=0.000 PNL=0.000 CREDIT=2
[PASSIVE-BEACON] SIMNOW:29.034 CID:3 ZONE:2 RXUAV:2 EDGEPORT:9996 TS:29.020 SPD:20.000 HDG:0.000 PX:623.700 PY:-40.000 LAN:4 BRK:0 RX_X:0.000 RX_Y:0.000 RX_Z:0.000
[ZONE-ROUTE] CID:3 zone=2 edge_port=9996
[EDGE-RTT] CID:3 wall=1.1 ms  sim_delay=5.0 ms
>>> [UAV->CLOUD] BLK:b4f7|TX:7.0.0.7|CID:3|TS:29.020|SPD:20.0|HDG:0.0|PX:623.7|PY:-40.0|L...
[PASSIVE-BEACON] SIMNOW:29.036 CID:6 ZONE:2 RXUAV:2 EDGEPORT:9996 TS:29.022 SPD:14.800 HDG:-1.200 PX:624.200 PY:-20.000 LAN:2 BRK:0 RX_X:0.000 RX_Y:0.000 RX_Z:0.000
[ZONE-ROUTE] CID:6 zone=2 edge_port=9996
[EDGE-RTT] CID:6 wall=0.7 ms  sim_delay=5.0 ms
>>> [UAV->CLOUD] BLK:afde|TX:7.0.0.10|CID:6|TS:29.022|SPD:14.8|HDG:-1.2|PX:624.2|PY:-20.0...
[ECON-GATE] CID:3 probation active - suppressing OK reward 0.9
✓ [CAR 3] ACT=OK REP=0.797 RWD=0.000 PNL=0.000 CREDIT=0
[ECON-GATE] CID:6 probation active - suppressing OK reward 1.000
✓ [CAR 6] ACT=OK REP=0.637 RWD=0.000 PNL=0.000 CREDIT=3
[PASSIVE-BEACON] SIMNOW:29.146 CID:7 ZONE:2 RXUAV:2 EDGEPORT:9996 TS:29.132 SPD:14.600 HDG:1.600 PX:634.800 PY:-30.000 LAN:3 BRK:0 RX_X:0.000 RX_Y:0.000 RX_Z:0.000
[ZONE-ROUTE] CID:7 zone=2 edge_port=9996
[EDGE-RTT] CID:7 wall=1.0 ms  sim_delay=5.0 ms
>>> [UAV->CLOUD] BLK:b3dc|TX:7.0.0.11|CID:7|TS:29.132|SPD:14.6|HDG:1.6|PX:634.8|PY:-30.0|...
[ECON-GATE] CID:7 probation active - suppressing OK reward 1.0
✓ [CAR 7] ACT=OK REP=0.643 RWD=0.000 PNL=0.000 CREDIT=4
[ATTACK-EMIT] CID:0 activeWindow=YES falsified=YES simT=29.220 realPX=596.700 fakePX=596.700 realSPD=15.000 fakeSPD=20.000 realTS=29.220 fakeTS=29.220 lane=1
[ATTACK-EMIT] CID:1 activeWindow=YES falsified=YES simT=29.220 realPX=606.700 fakePX=606.700 realSPD=15.000 fakeSPD=20.000 realTS=29.220 fakeTS=29.220 lane=2
[ATTACK-EMIT] CID:5 activeWindow=YES falsified=YES simT=29.232 realPX=616.880 fakePX=616.880 realSPD=15.000 fakeSPD=20.000 realTS=29.232 fakeTS=29.232 lane=1
[PASSIVE-BEACON] SIMNOW:29.234 CID:1 ZONE:2 RXUAV:2 EDGEPORT:9996 TS:29.220 SPD:20.000 HDG:0.000 PX:606.700 PY:-20.000 LAN:2 BRK:0 RX_X:0.000 RX_Y:0.000 RX_Z:0.000
[NO-HANDOVER-COLDSTART] CID:1 Z1->Z2 PX=606.7 alpha:17.9->2.0 beta:14.0->1.0 safeWins:0->0 old_banned=NO target_state=COLD
[ZONE-ROUTE] CID:1 zone=2 edge_port=9996
[EDGE-RTT] CID:1 wall=1.1 ms  sim_delay=5.0 ms
>>> [UAV->CLOUD] BLK:099a|TX:7.0.0.5|CID:1|TS:29.220|SPD:20.0|HDG:0.0|PX:606.7|PY:-20.0|L...
[PASSIVE-BEACON] SIMNOW:29.234 CID:0 ZONE:1 RXUAV:1 EDGEPORT:9998 TS:29.220 SPD:20.000 HDG:0.000 PX:596.700 PY:-10.000 LAN:1 BRK:0 RX_X:0.000 RX_Y:0.000 RX_Z:0.000
[ZONE-ROUTE] CID:0 zone=1 edge_port=9998
[EDGE-RTT] CID:0 wall=1.1 ms  sim_delay=10.0 ms
>>> [UAV->CLOUD] BLK:1f01|TX:7.0.0.4|CID:0|TS:29.220|SPD:20.0|HDG:0.0|PX:596.7|PY:-10.0|L...
✓ [CAR 0] ACT=OK REP=0.750 RWD=1.000 PNL=0.000 CREDIT=16
[ECON-GATE] CID:1 probation active - suppressing OK reward 0.996
✓ [CAR 1] ACT=OK REP=0.380 RWD=0.000 PNL=0.000 CREDIT=0
[PASSIVE-BEACON] SIMNOW:29.304 CID:4 ZONE:2 RXUAV:2 EDGEPORT:9996 TS:29.290 SPD:14.800 HDG:-0.900 PX:637.700 PY:-50.000 LAN:5 BRK:1 RX_X:0.000 RX_Y:0.000 RX_Z:0.000
[ZONE-ROUTE] CID:4 zone=2 edge_port=9996
[EDGE-RTT] CID:4 wall=1.2 ms  sim_delay=5.0 ms
>>> [UAV->CLOUD] BLK:2d88|TX:7.0.0.8|CID:4|TS:29.290|SPD:14.8|HDG:-0.9|PX:637.7|PY:-50.0|...
[ECON-GATE] CID:4 probation active - suppressing OK reward 1.0
✓ [CAR 4] ACT=OK REP=0.672 RWD=0.000 PNL=0.000 CREDIT=0
[ATTACK-EMIT] CID:2 activeWindow=YES falsified=YES simT=29.370 realPX=618.950 fakePX=618.950 realSPD=15.000 fakeSPD=20.000 realTS=29.370 fakeTS=29.370 lane=3
[PASSIVE-BEACON] SIMNOW:29.384 CID:2 ZONE:2 RXUAV:2 EDGEPORT:9996 TS:29.370 SPD:20.000 HDG:0.000 PX:619.000 PY:-30.000 LAN:3 BRK:1 RX_X:0.000 RX_Y:0.000 RX_Z:0.000
[ZONE-ROUTE] CID:2 zone=2 edge_port=9996
[EDGE-RTT] CID:2 wall=1.1 ms  sim_delay=5.0 ms
>>> [UAV->CLOUD] BLK:4b91|TX:7.0.0.6|CID:2|TS:29.370|SPD:20.0|HDG:0.0|PX:619.0|PY:-30.0|L...
[ECON-GATE] CID:2 probation active - suppressing OK reward 1.0
✓ [CAR 2] ACT=OK REP=0.614 RWD=0.000 PNL=0.000 CREDIT=1
[PASSIVE-BEACON] SIMNOW:29.496 CID:9 ZONE:2 RXUAV:2 EDGEPORT:9996 TS:29.482 SPD:15.200 HDG:1.000 PX:661.300 PY:-50.000 LAN:5 BRK:0 RX_X:0.000 RX_Y:0.000 RX_Z:0.000
[ZONE-ROUTE] CID:9 zone=2 edge_port=9996
[EDGE-RTT] CID:9 wall=1.2 ms  sim_delay=5.0 ms
>>> [UAV->CLOUD] BLK:cbab|TX:7.0.0.13|CID:9|TS:29.482|SPD:15.2|HDG:1.0|PX:661.3|PY:-50.0|...
[PASSIVE-BEACON] SIMNOW:29.509 CID:8 ZONE:2 RXUAV:2 EDGEPORT:9996 TS:29.492 SPD:15.000 HDG:0.700 PX:651.200 PY:-40.000 LAN:4 BRK:1 RX_X:0.000 RX_Y:0.000 RX_Z:0.000
[ZONE-ROUTE] CID:8 zone=2 edge_port=9996
[EDGE-RTT] CID:8 wall=1.1 ms  sim_delay=5.0 ms
>>> [UAV->CLOUD] BLK:13da|TX:7.0.0.12|CID:8|TS:29.492|SPD:15.0|HDG:0.7|PX:651.2|PY:-40.0|...
[ECON-GATE] CID:9 probation active - suppressing OK reward 1.0
✓ [CAR 9] ACT=OK REP=0.652 RWD=0.000 PNL=0.000 CREDIT=2
[ATTACK-EMIT] CID:3 activeWindow=YES falsified=YES simT=29.520 realPX=631.200 fakePX=631.200 realSPD=15.000 fakeSPD=20.000 realTS=29.520 fakeTS=29.520 lane=4
[ECON-GATE] CID:8 probation active - suppressing OK reward 1.000
✓ [CAR 8] ACT=OK REP=0.490 RWD=0.000 PNL=0.000 CREDIT=3
[PASSIVE-BEACON] SIMNOW:29.534 CID:3 ZONE:2 RXUAV:2 EDGEPORT:9996 TS:29.520 SPD:20.000 HDG:0.000 PX:631.200 PY:-40.000 LAN:4 BRK:0 RX_X:0.000 RX_Y:0.000 RX_Z:0.000
[ZONE-ROUTE] CID:3 zone=2 edge_port=9996
[EDGE-RTT] CID:3 wall=1.2 ms  sim_delay=5.0 ms
>>> [UAV->CLOUD] BLK:753c|TX:7.0.0.7|CID:3|TS:29.520|SPD:20.0|HDG:0.0|PX:631.2|PY:-40.0|L...
[PASSIVE-BEACON] SIMNOW:29.536 CID:6 ZONE:2 RXUAV:2 EDGEPORT:9996 TS:29.522 SPD:15.100 HDG:-0.900 PX:631.100 PY:-20.000 LAN:2 BRK:1 RX_X:0.000 RX_Y:0.000 RX_Z:0.000
[ZONE-ROUTE] CID:6 zone=2 edge_port=9996
[EDGE-RTT] CID:6 wall=0.5 ms  sim_delay=5.0 ms
>>> [UAV->CLOUD] BLK:1865|TX:7.0.0.10|CID:6|TS:29.522|SPD:15.1|HDG:-0.9|PX:631.1|PY:-20.0...
[ECON-GATE] CID:3 probation active - suppressing OK reward 0.9
✓ [CAR 3] ACT=OK REP=0.761 RWD=0.000 PNL=0.000 CREDIT=1
[ECON-GATE] CID:6 probation active - suppressing OK reward 1.000
✓ [CAR 6] ACT=OK REP=1.000 RWD=0.000 PNL=0.000 CREDIT=4
[PASSIVE-BEACON] SIMNOW:29.646 CID:7 ZONE:2 RXUAV:2 EDGEPORT:9996 TS:29.632 SPD:15.400 HDG:-1.400 PX:643.600 PY:-30.000 LAN:3 BRK:0 RX_X:0.000 RX_Y:0.000 RX_Z:0.000
[ZONE-ROUTE] CID:7 zone=2 edge_port=9996
[EDGE-RTT] CID:7 wall=0.9 ms  sim_delay=5.0 ms
>>> [UAV->CLOUD] BLK:16b2|TX:7.0.0.11|CID:7|TS:29.632|SPD:15.4|HDG:-1.4|PX:643.6|PY:-30.0...
[ECON-GATE] CID:7 probation active - suppressing OK reward 1.0
✓ [CAR 7] ACT=OK REP=0.901 RWD=0.000 PNL=0.000 CREDIT=5
[ATTACK-EMIT] CID:0 activeWindow=YES falsified=YES simT=29.720 realPX=604.200 fakePX=566.418 realSPD=15.000 fakeSPD=20.000 realTS=29.720 fakeTS=29.220 lane=1
[ATTACK-EMIT] CID:1 activeWindow=YES falsified=YES simT=29.720 realPX=614.200 fakePX=614.200 realSPD=15.000 fakeSPD=20.000 realTS=29.720 fakeTS=29.720 lane=2
[ATTACK-EMIT] CID:5 activeWindow=YES falsified=YES simT=29.732 realPX=624.380 fakePX=564.206 realSPD=15.000 fakeSPD=22.000 realTS=29.732 fakeTS=29.232 lane=1
[PASSIVE-BEACON] SIMNOW:29.734 CID:1 ZONE:2 RXUAV:2 EDGEPORT:9996 TS:29.720 SPD:20.000 HDG:0.000 PX:614.200 PY:-20.000 LAN:2 BRK:0 RX_X:0.000 RX_Y:0.000 RX_Z:0.000
[ZONE-ROUTE] CID:1 zone=2 edge_port=9996
[EDGE-RTT] CID:1 wall=1.3 ms  sim_delay=5.0 ms
>>> [UAV->CLOUD] BLK:a800|TX:7.0.0.5|CID:1|TS:29.720|SPD:20.0|HDG:0.0|PX:614.2|PY:-20.0|L...
[PASSIVE-BEACON] SIMNOW:29.737 CID:0 ZONE:1 RXUAV:1 EDGEPORT:9998 TS:29.220 SPD:20.000 HDG:0.000 PX:566.400 PY:-10.000 LAN:1 BRK:0 RX_X:0.000 RX_Y:0.000 RX_Z:0.000
[ZONE-ROUTE] CID:0 zone=1 edge_port=9998
[EDGE-RTT] CID:0 wall=1.1 ms  sim_delay=10.0 ms
>>> [UAV->CLOUD] BLK:9af9|TX:7.0.0.4|CID:0|TS:29.220|SPD:20.0|HDG:0.0|PX:566.4|PY:-10.0|L...
[ECON-GATE] CID:1 probation active - suppressing OK reward 1.0
✓ [CAR 1] ACT=OK REP=0.694 RWD=0.000 PNL=0.000 CREDIT=1
[ECON-CLAWBACK] CID:0 ACT=WARN prior_payoff=-70.025 extra_penalty=6.250 new_payoff=-76.359
[FORGIVENESS] CID:0 WARN #22 — streak reset, benefits revoked
⚠ [CAR 0] ACT=WARN REP=0.708 RWD=0.000 PNL=6.334 CREDIT=15
[PASSIVE-BEACON] SIMNOW:29.804 CID:4 ZONE:2 RXUAV:2 EDGEPORT:9996 TS:29.790 SPD:14.600 HDG:-1.400 PX:644.700 PY:-50.000 LAN:5 BRK:0 RX_X:0.000 RX_Y:0.000 RX_Z:0.000
[ZONE-ROUTE] CID:4 zone=2 edge_port=9996
[EDGE-RTT] CID:4 wall=1.2 ms  sim_delay=5.0 ms
>>> [UAV->CLOUD] BLK:b411|TX:7.0.0.8|CID:4|TS:29.790|SPD:14.6|HDG:-1.4|PX:644.7|PY:-50.0|...
[ECON-GATE] CID:4 probation active - suppressing OK reward 1.0
✓ [CAR 4] ACT=OK REP=0.527 RWD=0.000 PNL=0.000 CREDIT=1
[ATTACK-EMIT] CID:2 activeWindow=YES falsified=YES simT=29.870 realPX=626.450 fakePX=566.204 realSPD=15.000 fakeSPD=20.000 realTS=29.870 fakeTS=29.370 lane=3
[PASSIVE-BEACON] SIMNOW:29.884 CID:2 ZONE:1 RXUAV:1 EDGEPORT:9998 TS:29.370 SPD:20.000 HDG:0.000 PX:566.200 PY:-30.000 LAN:3 BRK:0 RX_X:0.000 RX_Y:0.000 RX_Z:0.000
[ZONE-ROUTE] CID:2 zone=2 edge_port=9996
[EDGE-RTT] CID:2 wall=1.3 ms  sim_delay=5.0 ms
>>> [UAV->CLOUD] BLK:0ec1|TX:7.0.0.6|CID:2|TS:29.370|SPD:20.0|HDG:0.0|PX:566.2|PY:-30.0|L...
[ECON-CLAWBACK] CID:2 ACT=WARN prior_payoff=-78.8 extra_penalty=6.5 new_payoff=-85.4
[FORGIVENESS] CID:2 WARN #23 — streak reset, benefits revoked
⚠ [CAR 2] ACT=WARN REP=0.536 RWD=0.000 PNL=6.631 CREDIT=0
[PASSIVE-BEACON] SIMNOW:29.996 CID:9 ZONE:2 RXUAV:2 EDGEPORT:9996 TS:29.982 SPD:15.300 HDG:1.700 PX:667.600 PY:-50.000 LAN:5 BRK:0 RX_X:0.000 RX_Y:0.000 RX_Z:0.000
[ZONE-ROUTE] CID:9 zone=2 edge_port=9996
[EDGE-RTT] CID:9 wall=1.3 ms  sim_delay=5.0 ms
>>> [UAV->CLOUD] BLK:5d12|TX:7.0.0.13|CID:9|TS:29.982|SPD:15.3|HDG:1.7|PX:667.6|PY:-50.0|...
[HANDOVER-DISABLED] CID:0 trigger SUPPRESSED from_Z1 to_Z2 at posX=608.4 distLeft=291.6m
[HANDOVER-DISABLED] CID:1 trigger SUPPRESSED from_Z1 to_Z2 at posX=618.4 distLeft=281.6m
[HANDOVER-DISABLED] CID:2 trigger SUPPRESSED from_Z1 to_Z2 at posX=628.4 distLeft=271.6m
[HANDOVER-DISABLED] CID:3 trigger SUPPRESSED from_Z1 to_Z2 at posX=638.4 distLeft=261.6m
[HANDOVER-DISABLED] CID:4 trigger SUPPRESSED from_Z1 to_Z2 at posX=648.4 distLeft=251.6m
[HANDOVER-DISABLED] CID:5 trigger SUPPRESSED from_Z1 to_Z2 at posX=628.4 distLeft=271.6m
[HANDOVER-DISABLED] CID:6 trigger SUPPRESSED from_Z1 to_Z2 at posX=638.4 distLeft=261.6m
[HANDOVER-DISABLED] CID:7 trigger SUPPRESSED from_Z1 to_Z2 at posX=648.4 distLeft=251.6m
[HANDOVER-DISABLED] CID:8 trigger SUPPRESSED from_Z1 to_Z2 at posX=658.4 distLeft=241.6m
[HANDOVER-DISABLED] CID:9 trigger SUPPRESSED from_Z1 to_Z2 at posX=668.4 distLeft=231.6m
[PASSIVE-BEACON] SIMNOW:30.006 CID:8 ZONE:2 RXUAV:2 EDGEPORT:9996 TS:29.992 SPD:15.100 HDG:1.600 PX:658.200 PY:-40.000 LAN:4 BRK:0 RX_X:0.000 RX_Y:0.000 RX_Z:0.000
[ZONE-ROUTE] CID:8 zone=2 edge_port=9996
[EDGE-RTT] CID:8 wall=1.0 ms  sim_delay=5.0 ms
>>> [UAV->CLOUD] BLK:6e4c|TX:7.0.0.12|CID:8|TS:29.992|SPD:15.1|HDG:1.6|PX:658.2|PY:-40.0|...
[ECON-GATE] CID:9 probation active - suppressing OK reward 1.0
✓ [CAR 9] ACT=OK REP=0.509 RWD=0.000 PNL=0.000 CREDIT=3
[ATTACK-EMIT] CID:3 activeWindow=YES falsified=YES simT=30.020 realPX=638.700 fakePX=567.562 realSPD=15.000 fakeSPD=20.000 realTS=30.020 fakeTS=29.520 lane=4
[ECON-GATE] CID:8 probation active - suppressing OK reward 1.000
✓ [CAR 8] ACT=OK REP=0.774 RWD=0.000 PNL=0.000 CREDIT=4
[PASSIVE-BEACON] SIMNOW:30.034 CID:3 ZONE:1 RXUAV:1 EDGEPORT:9998 TS:29.520 SPD:20.000 HDG:0.000 PX:567.600 PY:-40.000 LAN:4 BRK:0 RX_X:0.000 RX_Y:0.000 RX_Z:0.000
[ZONE-ROUTE] CID:3 zone=2 edge_port=9996
[EDGE-RTT] CID:3 wall=1.2 ms  sim_delay=5.0 ms
>>> [UAV->CLOUD] BLK:7488|TX:7.0.0.7|CID:3|TS:29.520|SPD:20.0|HDG:0.0|PX:567.6|PY:-40.0|L...
[PASSIVE-BEACON] SIMNOW:30.036 CID:6 ZONE:2 RXUAV:2 EDGEPORT:9996 TS:30.022 SPD:14.900 HDG:1.400 PX:638.700 PY:-20.000 LAN:2 BRK:1 RX_X:0.000 RX_Y:0.000 RX_Z:0.000
[ZONE-ROUTE] CID:6 zone=2 edge_port=9996
[EDGE-RTT] CID:6 wall=1.0 ms  sim_delay=5.0 ms
>>> [UAV->CLOUD] BLK:9634|TX:7.0.0.10|CID:6|TS:30.022|SPD:14.9|HDG:1.4|PX:638.7|PY:-20.0|...
[ECON-CLAWBACK] CID:3 ACT=WARN prior_payoff=-60.2 extra_penalty=5.8 new_payoff=-66.1
[FORGIVENESS] CID:3 WARN #20 — streak reset, benefits revoked
⚠ [CAR 3] ACT=WARN REP=0.682 RWD=0.000 PNL=5.894 CREDIT=0
[ECON-GATE] CID:6 probation active - suppressing OK reward 1.000
✓ [CAR 6] ACT=OK REP=0.620 RWD=0.000 PNL=0.000 CREDIT=5
[PASSIVE-BEACON] SIMNOW:30.146 CID:7 ZONE:2 RXUAV:2 EDGEPORT:9996 TS:30.132 SPD:14.500 HDG:1.700 PX:650.500 PY:-30.000 LAN:3 BRK:1 RX_X:0.000 RX_Y:0.000 RX_Z:0.000
[ZONE-ROUTE] CID:7 zone=2 edge_port=9996
[EDGE-RTT] CID:7 wall=1.2 ms  sim_delay=5.0 ms
>>> [UAV->CLOUD] BLK:1e2e|TX:7.0.0.11|CID:7|TS:30.132|SPD:14.5|HDG:1.7|PX:650.5|PY:-30.0|...
[ECON-GATE] CID:7 probation active - suppressing OK reward 1.0
✓ [CAR 7] ACT=OK REP=0.906 RWD=0.000 PNL=0.000 CREDIT=6
[ATTACK-EMIT] CID:0 activeWindow=YES falsified=YES simT=30.220 realPX=611.700 fakePX=611.700 realSPD=15.000 fakeSPD=20.000 realTS=30.220 fakeTS=30.220 lane=1
[ATTACK-EMIT] CID:1 activeWindow=YES falsified=YES simT=30.220 realPX=621.700 fakePX=561.532 realSPD=15.000 fakeSPD=20.000 realTS=30.220 fakeTS=29.720 lane=2
[ATTACK-EMIT] CID:5 activeWindow=YES falsified=YES simT=30.232 realPX=631.880 fakePX=631.880 realSPD=15.000 fakeSPD=20.000 realTS=30.232 fakeTS=30.232 lane=1
[PASSIVE-BEACON] SIMNOW:30.234 CID:1 ZONE:1 RXUAV:1 EDGEPORT:9998 TS:29.720 SPD:20.000 HDG:0.000 PX:561.500 PY:-20.000 LAN:2 BRK:0 RX_X:0.000 RX_Y:0.000 RX_Z:0.000
[ZONE-ROUTE] CID:1 zone=2 edge_port=9996
[EDGE-RTT] CID:1 wall=1.4 ms  sim_delay=5.0 ms
>>> [UAV->CLOUD] BLK:a73f|TX:7.0.0.5|CID:1|TS:29.720|SPD:20.0|HDG:0.0|PX:561.5|PY:-20.0|L...
[PASSIVE-BEACON] SIMNOW:30.237 CID:0 ZONE:2 RXUAV:2 EDGEPORT:9996 TS:30.220 SPD:20.000 HDG:0.000 PX:611.700 PY:-10.000 LAN:1 BRK:0 RX_X:0.000 RX_Y:0.000 RX_Z:0.000
[NO-HANDOVER-COLDSTART] CID:0 Z1->Z2 PX=611.7 alpha:19.0->2.0 beta:14.0->1.0 safeWins:0->0 old_banned=NO target_state=COLD
[ZONE-ROUTE] CID:0 zone=2 edge_port=9996
[EDGE-RTT] CID:0 wall=1.1 ms  sim_delay=10.0 ms
>>> [UAV->CLOUD] BLK:f075|TX:7.0.0.4|CID:0|TS:30.220|SPD:20.0|HDG:0.0|PX:611.7|PY:-10.0|L...
[ECON-CLAWBACK] CID:1 ACT=WARN prior_payoff=-78.9 extra_penalty=6.5 new_payoff=-85.6
[FORGIVENESS] CID:1 WARN #23 — streak reset, benefits revoked
⚠ [CAR 1] ACT=WARN REP=0.698 RWD=0.000 PNL=6.631 CREDIT=0
[ECON-GATE] CID:0 probation active - suppressing OK reward 0.996
✓ [CAR 0] ACT=OK REP=0.631 RWD=0.000 PNL=0.000 CREDIT=0
[PASSIVE-BEACON] SIMNOW:30.304 CID:4 ZONE:2 RXUAV:2 EDGEPORT:9996 TS:30.290 SPD:14.900 HDG:-0.700 PX:652.300 PY:-50.000 LAN:5 BRK:0 RX_X:0.000 RX_Y:0.000 RX_Z:0.000
[ZONE-ROUTE] CID:4 zone=2 edge_port=9996
[EDGE-RTT] CID:4 wall=1.4 ms  sim_delay=5.0 ms
>>> [UAV->CLOUD] BLK:73fc|TX:7.0.0.8|CID:4|TS:30.290|SPD:14.9|HDG:-0.7|PX:652.3|PY:-50.0|...
[ECON-GATE] CID:4 probation active - suppressing OK reward 1.0
✓ [CAR 4] ACT=OK REP=0.823 RWD=0.000 PNL=0.000 CREDIT=2
[ATTACK-EMIT] CID:2 activeWindow=YES falsified=YES simT=30.370 realPX=633.950 fakePX=633.950 realSPD=15.000 fakeSPD=20.000 realTS=30.370 fakeTS=30.370 lane=3
[PASSIVE-BEACON] SIMNOW:30.384 CID:2 ZONE:2 RXUAV:2 EDGEPORT:9996 TS:30.370 SPD:20.000 HDG:0.000 PX:634.000 PY:-30.000 LAN:3 BRK:1 RX_X:0.000 RX_Y:0.000 RX_Z:0.000
[ZONE-ROUTE] CID:2 zone=2 edge_port=9996
[EDGE-RTT] CID:2 wall=1.4 ms  sim_delay=5.0 ms
>>> [UAV->CLOUD] BLK:442c|TX:7.0.0.6|CID:2|TS:30.370|SPD:20.0|HDG:0.0|PX:634.0|PY:-30.0|L...
[ECON-GATE] CID:2 probation active - suppressing OK reward 0.9
✓ [CAR 2] ACT=OK REP=0.768 RWD=0.000 PNL=0.000 CREDIT=0
[PASSIVE-BEACON] SIMNOW:30.495 CID:9 ZONE:2 RXUAV:2 EDGEPORT:9996 TS:30.482 SPD:15.100 HDG:-0.600 PX:675.600 PY:-50.000 LAN:5 BRK:1 RX_X:0.000 RX_Y:0.000 RX_Z:0.000
[ZONE-ROUTE] CID:9 zone=2 edge_port=9996
[EDGE-RTT] CID:9 wall=1.2 ms  sim_delay=5.0 ms
>>> [UAV->CLOUD] BLK:a781|TX:7.0.0.13|CID:9|TS:30.482|SPD:15.1|HDG:-0.6|PX:675.6|PY:-50.0...
[PASSIVE-BEACON] SIMNOW:30.506 CID:8 ZONE:2 RXUAV:2 EDGEPORT:9996 TS:30.492 SPD:15.100 HDG:1.800 PX:665.600 PY:-40.000 LAN:4 BRK:0 RX_X:0.000 RX_Y:0.000 RX_Z:0.000
[ZONE-ROUTE] CID:8 zone=2 edge_port=9996
[EDGE-RTT] CID:8 wall=1.1 ms  sim_delay=5.0 ms
>>> [UAV->CLOUD] BLK:c208|TX:7.0.0.12|CID:8|TS:30.492|SPD:15.1|HDG:1.8|PX:665.6|PY:-40.0|...
[ECON-GATE] CID:9 probation active - suppressing OK reward 1.0
✓ [CAR 9] ACT=OK REP=0.788 RWD=0.000 PNL=0.000 CREDIT=4
[ECON-GATE] CID:8 probation active - suppressing OK reward 1.000
✓ [CAR 8] ACT=OK REP=0.846 RWD=0.000 PNL=0.000 CREDIT=5
[PASSIVE-BEACON] SIMNOW:30.534 CID:3 ZONE:2 RXUAV:2 EDGEPORT:9996 TS:30.520 SPD:14.700 HDG:-0.800 PX:646.400 PY:-40.000 LAN:4 BRK:0 RX_X:0.000 RX_Y:0.000 RX_Z:0.000
[ZONE-ROUTE] CID:3 zone=2 edge_port=9996
[EDGE-RTT] CID:3 wall=1.1 ms  sim_delay=5.0 ms
>>> [UAV->CLOUD] BLK:ecd3|TX:7.0.0.7|CID:3|TS:30.520|SPD:14.7|HDG:-0.8|PX:646.4|PY:-40.0|...
[PASSIVE-BEACON] SIMNOW:30.536 CID:6 ZONE:2 RXUAV:2 EDGEPORT:9996 TS:30.522 SPD:14.600 HDG:-1.900 PX:645.600 PY:-20.000 LAN:2 BRK:0 RX_X:0.000 RX_Y:0.000 RX_Z:0.000
[ZONE-ROUTE] CID:6 zone=2 edge_port=9996
[EDGE-RTT] CID:6 wall=0.9 ms  sim_delay=5.0 ms
>>> [UAV->CLOUD] BLK:9f85|TX:7.0.0.10|CID:6|TS:30.522|SPD:14.6|HDG:-1.9|PX:645.6|PY:-20.0...
[ECON-GATE] CID:3 probation active - suppressing OK reward 1.0
✓ [CAR 3] ACT=OK REP=0.731 RWD=0.000 PNL=0.000 CREDIT=0
[ECON-GATE] CID:6 probation active - suppressing OK reward 1.000
[ECON-RESTORE] CID:6 probation cleared after 15 clean packets
✓ [CAR 6] ACT=OK REP=0.822 RWD=0.000 PNL=0.000 CREDIT=6
[PASSIVE-BEACON] SIMNOW:30.646 CID:7 ZONE:2 RXUAV:2 EDGEPORT:9996 TS:30.632 SPD:15.100 HDG:-1.300 PX:658.600 PY:-30.000 LAN:3 BRK:1 RX_X:0.000 RX_Y:0.000 RX_Z:0.000
[ZONE-ROUTE] CID:7 zone=2 edge_port=9996
[EDGE-RTT] CID:7 wall=1.4 ms  sim_delay=5.0 ms
>>> [UAV->CLOUD] BLK:0ab2|TX:7.0.0.11|CID:7|TS:30.632|SPD:15.1|HDG:-1.3|PX:658.6|PY:-30.0...
[ECON-GATE] CID:7 probation active - suppressing OK reward 1.0
✓ [CAR 7] ACT=OK REP=1.000 RWD=0.000 PNL=0.000 CREDIT=7
[ATTACK-EMIT] CID:0 activeWindow=YES falsified=YES simT=30.720 realPX=619.200 fakePX=619.200 realSPD=15.000 fakeSPD=20.000 realTS=30.720 fakeTS=30.720 lane=1
[ATTACK-EMIT] CID:1 activeWindow=YES falsified=YES simT=30.720 realPX=629.200 fakePX=629.200 realSPD=15.000 fakeSPD=20.000 realTS=30.720 fakeTS=30.720 lane=2
[ATTACK-EMIT] CID:5 activeWindow=YES falsified=YES simT=30.732 realPX=639.380 fakePX=639.380 realSPD=15.000 fakeSPD=20.000 realTS=30.732 fakeTS=30.732 lane=1
[PASSIVE-BEACON] SIMNOW:30.734 CID:1 ZONE:2 RXUAV:2 EDGEPORT:9996 TS:30.720 SPD:20.000 HDG:0.000 PX:629.200 PY:-20.000 LAN:2 BRK:0 RX_X:0.000 RX_Y:0.000 RX_Z:0.000
[ZONE-ROUTE] CID:1 zone=2 edge_port=9996
[EDGE-RTT] CID:1 wall=1.2 ms  sim_delay=5.0 ms
>>> [UAV->CLOUD] BLK:d731|TX:7.0.0.5|CID:1|TS:30.720|SPD:20.0|HDG:0.0|PX:629.2|PY:-20.0|L...
[PASSIVE-BEACON] SIMNOW:30.734 CID:0 ZONE:2 RXUAV:2 EDGEPORT:9996 TS:30.720 SPD:20.000 HDG:0.000 PX:619.200 PY:-10.000 LAN:1 BRK:0 RX_X:0.000 RX_Y:0.000 RX_Z:0.000
[ZONE-ROUTE] CID:0 zone=2 edge_port=9996
[EDGE-RTT] CID:0 wall=2.0 ms  sim_delay=10.0 ms
>>> [UAV->CLOUD] BLK:4120|TX:7.0.0.4|CID:0|TS:30.720|SPD:20.0|HDG:0.0|PX:619.2|PY:-10.0|L...
[ECON-GATE] CID:1 probation active - suppressing OK reward 0.9
✓ [CAR 1] ACT=OK REP=0.979 RWD=0.000 PNL=0.000 CREDIT=0
[ECON-GATE] CID:0 probation active - suppressing OK reward 1.000
✓ [CAR 0] ACT=OK REP=0.899 RWD=0.000 PNL=0.000 CREDIT=1
[PASSIVE-BEACON] SIMNOW:30.804 CID:4 ZONE:2 RXUAV:2 EDGEPORT:9996 TS:30.790 SPD:15.100 HDG:-1.100 PX:660.300 PY:-50.000 LAN:5 BRK:0 RX_X:0.000 RX_Y:0.000 RX_Z:0.000
[ZONE-ROUTE] CID:4 zone=2 edge_port=9996
[EDGE-RTT] CID:4 wall=1.2 ms  sim_delay=5.0 ms
>>> [UAV->CLOUD] BLK:5483|TX:7.0.0.8|CID:4|TS:30.790|SPD:15.1|HDG:-1.1|PX:660.3|PY:-50.0|...
[ECON-GATE] CID:4 probation active - suppressing OK reward 1.0
✓ [CAR 4] ACT=OK REP=0.693 RWD=0.000 PNL=0.000 CREDIT=3
[PASSIVE-BEACON] SIMNOW:30.884 CID:2 ZONE:2 RXUAV:2 EDGEPORT:9996 TS:30.870 SPD:15.200 HDG:-1.000 PX:640.700 PY:-30.000 LAN:3 BRK:0 RX_X:0.000 RX_Y:0.000 RX_Z:0.000
[ZONE-ROUTE] CID:2 zone=2 edge_port=9996
[EDGE-RTT] CID:2 wall=1.4 ms  sim_delay=5.0 ms
>>> [UAV->CLOUD] BLK:d5fc|TX:7.0.0.6|CID:2|TS:30.870|SPD:15.2|HDG:-1.0|PX:640.7|PY:-30.0|...
[ECON-GATE] CID:2 probation active - suppressing OK reward 1.0
✓ [CAR 2] ACT=OK REP=0.941 RWD=0.000 PNL=0.000 CREDIT=1
[PASSIVE-BEACON] SIMNOW:30.996 CID:9 ZONE:2 RXUAV:2 EDGEPORT:9996 TS:30.982 SPD:15.000 HDG:0.300 PX:682.800 PY:-50.000 LAN:5 BRK:0 RX_X:0.000 RX_Y:0.000 RX_Z:0.000
[ZONE-ROUTE] CID:9 zone=2 edge_port=9996
[EDGE-RTT] CID:9 wall=1.3 ms  sim_delay=5.0 ms
>>> [UAV->CLOUD] BLK:1a8a|TX:7.0.0.13|CID:9|TS:30.982|SPD:15.0|HDG:0.3|PX:682.8|PY:-50.0|...
[PASSIVE-BEACON] SIMNOW:31.006 CID:8 ZONE:2 RXUAV:2 EDGEPORT:9996 TS:30.992 SPD:14.500 HDG:-1.600 PX:672.700 PY:-40.000 LAN:4 BRK:0 RX_X:0.000 RX_Y:0.000 RX_Z:0.000
[ZONE-ROUTE] CID:8 zone=2 edge_port=9996
[EDGE-RTT] CID:8 wall=1.2 ms  sim_delay=5.0 ms
>>> [UAV->CLOUD] BLK:c72f|TX:7.0.0.12|CID:8|TS:30.992|SPD:14.5|HDG:-1.6|PX:672.7|PY:-40.0...
[ECON-GATE] CID:9 probation active - suppressing OK reward 1.0
✓ [CAR 9] ACT=OK REP=0.536 RWD=0.000 PNL=0.000 CREDIT=5
[ECON-GATE] CID:8 probation active - suppressing OK reward 1.000
✓ [CAR 8] ACT=OK REP=0.648 RWD=0.000 PNL=0.000 CREDIT=6
[PASSIVE-BEACON] SIMNOW:31.034 CID:3 ZONE:2 RXUAV:2 EDGEPORT:9996 TS:31.020 SPD:15.300 HDG:-0.100 PX:653.000 PY:-40.000 LAN:4 BRK:1 RX_X:0.000 RX_Y:0.000 RX_Z:0.000
[ZONE-ROUTE] CID:3 zone=2 edge_port=9996
[EDGE-RTT] CID:3 wall=1.2 ms  sim_delay=5.0 ms
>>> [UAV->CLOUD] BLK:d413|TX:7.0.0.7|CID:3|TS:31.020|SPD:15.3|HDG:-0.1|PX:653.0|PY:-40.0|...
[PASSIVE-BEACON] SIMNOW:31.036 CID:6 ZONE:2 RXUAV:2 EDGEPORT:9996 TS:31.022 SPD:15.200 HDG:1.400 PX:654.300 PY:-20.000 LAN:2 BRK:0 RX_X:0.000 RX_Y:0.000 RX_Z:0.000
[ZONE-ROUTE] CID:6 zone=2 edge_port=9996
[EDGE-RTT] CID:6 wall=0.7 ms  sim_delay=5.0 ms
>>> [UAV->CLOUD] BLK:0c52|TX:7.0.0.10|CID:6|TS:31.022|SPD:15.2|HDG:1.4|PX:654.3|PY:-20.0|...
[ECON-GATE] CID:3 probation active - suppressing OK reward 1.0
✓ [CAR 3] ACT=OK REP=0.608 RWD=0.000 PNL=0.000 CREDIT=1
✓ [CAR 6] ACT=OK REP=0.850 RWD=1.000 PNL=0.000 CREDIT=7
[PASSIVE-BEACON] SIMNOW:31.146 CID:7 ZONE:2 RXUAV:2 EDGEPORT:9996 TS:31.132 SPD:15.200 HDG:1.800 PX:664.900 PY:-30.000 LAN:3 BRK:1 RX_X:0.000 RX_Y:0.000 RX_Z:0.000
[ZONE-ROUTE] CID:7 zone=2 edge_port=9996
[EDGE-RTT] CID:7 wall=1.2 ms  sim_delay=5.0 ms
>>> [UAV->CLOUD] BLK:c656|TX:7.0.0.11|CID:7|TS:31.132|SPD:15.2|HDG:1.8|PX:664.9|PY:-30.0|...
[ECON-GATE] CID:7 probation active - suppressing OK reward 1.0
✓ [CAR 7] ACT=OK REP=1.000 RWD=0.000 PNL=0.000 CREDIT=8
[ATTACK-EMIT] CID:0 activeWindow=YES falsified=YES simT=31.220 realPX=626.700 fakePX=566.700 realSPD=15.000 fakeSPD=20.000 realTS=31.220 fakeTS=30.720 lane=1
[ATTACK-EMIT] CID:1 activeWindow=YES falsified=YES simT=31.220 realPX=636.700 fakePX=636.700 realSPD=15.000 fakeSPD=20.000 realTS=31.220 fakeTS=31.220 lane=2
[PASSIVE-BEACON] SIMNOW:31.232 CID:1 ZONE:2 RXUAV:2 EDGEPORT:9996 TS:31.220 SPD:20.000 HDG:0.000 PX:636.700 PY:-20.000 LAN:2 BRK:1 RX_X:0.000 RX_Y:0.000 RX_Z:0.000
[ZONE-ROUTE] CID:1 zone=2 edge_port=9996
[EDGE-RTT] CID:1 wall=1.3 ms  sim_delay=5.0 ms
>>> [UAV->CLOUD] BLK:5041|TX:7.0.0.5|CID:1|TS:31.220|SPD:20.0|HDG:0.0|PX:636.7|PY:-20.0|L...
[PASSIVE-BEACON] SIMNOW:31.232 CID:0 ZONE:1 RXUAV:1 EDGEPORT:9998 TS:30.720 SPD:20.000 HDG:0.000 PX:566.700 PY:-10.000 LAN:1 BRK:0 RX_X:0.000 RX_Y:0.000 RX_Z:0.000
[ZONE-ROUTE] CID:0 zone=2 edge_port=9996
[EDGE-RTT] CID:0 wall=2.5 ms  sim_delay=10.0 ms
>>> [UAV->CLOUD] BLK:e7dc|TX:7.0.0.4|CID:0|TS:30.720|SPD:20.0|HDG:0.0|PX:566.7|PY:-10.0|L...
[ECON-GATE] CID:1 probation active - suppressing OK reward 0.9
✓ [CAR 1] ACT=OK REP=0.842 RWD=0.000 PNL=0.000 CREDIT=1
[ECON-CLAWBACK] CID:0 ACT=WARN prior_payoff=-76.359 extra_penalty=6.500 new_payoff=-82.990
[FORGIVENESS] CID:0 WARN #23 — streak reset, benefits revoked
⚠ [CAR 0] ACT=WARN REP=0.661 RWD=0.000 PNL=6.631 CREDIT=0
[PASSIVE-BEACON] SIMNOW:31.302 CID:4 ZONE:2 RXUAV:2 EDGEPORT:9996 TS:31.290 SPD:14.800 HDG:-1.500 PX:667.000 PY:-50.000 LAN:5 BRK:0 RX_X:0.000 RX_Y:0.000 RX_Z:0.000
[ZONE-ROUTE] CID:4 zone=2 edge_port=9996
[EDGE-RTT] CID:4 wall=1.2 ms  sim_delay=5.0 ms
>>> [UAV->CLOUD] BLK:8439|TX:7.0.0.8|CID:4|TS:31.290|SPD:14.8|HDG:-1.5|PX:667.0|PY:-50.0|...
[ECON-GATE] CID:4 probation active - suppressing OK reward 1.0
✓ [CAR 4] ACT=OK REP=0.609 RWD=0.000 PNL=0.000 CREDIT=4
[PASSIVE-BEACON] SIMNOW:31.384 CID:2 ZONE:2 RXUAV:2 EDGEPORT:9996 TS:31.370 SPD:15.100 HDG:1.000 PX:649.300 PY:-30.000 LAN:3 BRK:0 RX_X:0.000 RX_Y:0.000 RX_Z:0.000
[ZONE-ROUTE] CID:2 zone=2 edge_port=9996
[EDGE-RTT] CID:2 wall=1.2 ms  sim_delay=5.0 ms
>>> [UAV->CLOUD] BLK:f772|TX:7.0.0.6|CID:2|TS:31.370|SPD:15.1|HDG:1.0|PX:649.3|PY:-30.0|L...
[ECON-GATE] CID:2 probation active - suppressing OK reward 1.0
✓ [CAR 2] ACT=OK REP=0.749 RWD=0.000 PNL=0.000 CREDIT=2
[PASSIVE-BEACON] SIMNOW:31.496 CID:9 ZONE:2 RXUAV:2 EDGEPORT:9996 TS:31.482 SPD:15.100 HDG:0.800 PX:690.600 PY:-50.000 LAN:5 BRK:0 RX_X:0.000 RX_Y:0.000 RX_Z:0.000
[ZONE-ROUTE] CID:9 zone=2 edge_port=9996
[EDGE-RTT] CID:9 wall=1.2 ms  sim_delay=5.0 ms
>>> [UAV->CLOUD] BLK:b526|TX:7.0.0.13|CID:9|TS:31.482|SPD:15.1|HDG:0.8|PX:690.6|PY:-50.0|...
[PASSIVE-BEACON] SIMNOW:31.506 CID:8 ZONE:2 RXUAV:2 EDGEPORT:9996 TS:31.492 SPD:15.000 HDG:1.100 PX:680.900 PY:-40.000 LAN:4 BRK:1 RX_X:0.000 RX_Y:0.000 RX_Z:0.000
[ZONE-ROUTE] CID:8 zone=2 edge_port=9996
[EDGE-RTT] CID:8 wall=1.0 ms  sim_delay=5.0 ms
>>> [UAV->CLOUD] BLK:a9fc|TX:7.0.0.12|CID:8|TS:31.492|SPD:15.0|HDG:1.1|PX:680.9|PY:-40.0|...
[ECON-GATE] CID:9 probation active - suppressing OK reward 1.0
✓ [CAR 9] ACT=OK REP=0.851 RWD=0.000 PNL=0.000 CREDIT=6
[ECON-GATE] CID:8 probation active - suppressing OK reward 1.000
✓ [CAR 8] ACT=OK REP=0.490 RWD=0.000 PNL=0.000 CREDIT=7
[PASSIVE-BEACON] SIMNOW:31.534 CID:3 ZONE:2 RXUAV:2 EDGEPORT:9996 TS:31.520 SPD:14.500 HDG:0.000 PX:660.900 PY:-40.000 LAN:4 BRK:0 RX_X:0.000 RX_Y:0.000 RX_Z:0.000
[ZONE-ROUTE] CID:3 zone=2 edge_port=9996
[EDGE-RTT] CID:3 wall=1.2 ms  sim_delay=5.0 ms
>>> [UAV->CLOUD] BLK:c41e|TX:7.0.0.7|CID:3|TS:31.520|SPD:14.5|HDG:0.0|PX:660.9|PY:-40.0|L...
[PASSIVE-BEACON] SIMNOW:31.539 CID:6 ZONE:2 RXUAV:2 EDGEPORT:9996 TS:31.522 SPD:15.100 HDG:-0.700 PX:660.900 PY:-20.000 LAN:2 BRK:0 RX_X:0.000 RX_Y:0.000 RX_Z:0.000
[ZONE-ROUTE] CID:6 zone=2 edge_port=9996
[EDGE-RTT] CID:6 wall=1.1 ms  sim_delay=5.0 ms
>>> [UAV->CLOUD] BLK:329f|TX:7.0.0.10|CID:6|TS:31.522|SPD:15.1|HDG:-0.7|PX:660.9|PY:-20.0...
[ECON-GATE] CID:3 probation active - suppressing OK reward 1.0
✓ [CAR 3] ACT=OK REP=0.422 RWD=0.000 PNL=0.000 CREDIT=2
✓ [CAR 6] ACT=OK REP=1.000 RWD=1.000 PNL=0.000 CREDIT=8
[PASSIVE-BEACON] SIMNOW:31.646 CID:7 ZONE:2 RXUAV:2 EDGEPORT:9996 TS:31.632 SPD:14.900 HDG:-0.400 PX:672.500 PY:-30.000 LAN:3 BRK:1 RX_X:0.000 RX_Y:0.000 RX_Z:0.000
[ZONE-ROUTE] CID:7 zone=2 edge_port=9996
[EDGE-RTT] CID:7 wall=1.2 ms  sim_delay=5.0 ms
>>> [UAV->CLOUD] BLK:02ea|TX:7.0.0.11|CID:7|TS:31.632|SPD:14.9|HDG:-0.4|PX:672.5|PY:-30.0...
[ECON-GATE] CID:7 probation active - suppressing OK reward 1.0
✓ [CAR 7] ACT=OK REP=0.787 RWD=0.000 PNL=0.000 CREDIT=9
[ATTACK-EMIT] CID:0 activeWindow=YES falsified=YES simT=31.720 realPX=634.200 fakePX=634.200 realSPD=15.000 fakeSPD=20.000 realTS=31.720 fakeTS=31.720 lane=1
[PASSIVE-BEACON] SIMNOW:31.734 CID:1 ZONE:2 RXUAV:2 EDGEPORT:9996 TS:31.720 SPD:15.100 HDG:-0.100 PX:643.900 PY:-20.000 LAN:2 BRK:0 RX_X:0.000 RX_Y:0.000 RX_Z:0.000
[ZONE-ROUTE] CID:1 zone=2 edge_port=9996
[EDGE-RTT] CID:1 wall=1.1 ms  sim_delay=5.0 ms
>>> [UAV->CLOUD] BLK:c5fa|TX:7.0.0.5|CID:1|TS:31.720|SPD:15.1|HDG:-0.1|PX:643.9|PY:-20.0|...
[PASSIVE-BEACON] SIMNOW:31.734 CID:0 ZONE:2 RXUAV:2 EDGEPORT:9996 TS:31.720 SPD:20.000 HDG:0.000 PX:634.200 PY:-10.000 LAN:1 BRK:0 RX_X:0.000 RX_Y:0.000 RX_Z:0.000
[ZONE-ROUTE] CID:0 zone=2 edge_port=9996
[EDGE-RTT] CID:0 wall=1.8 ms  sim_delay=10.0 ms
>>> [UAV->CLOUD] BLK:08c6|TX:7.0.0.4|CID:0|TS:31.720|SPD:20.0|HDG:0.0|PX:634.2|PY:-10.0|L...
[ECON-GATE] CID:0 probation active - suppressing OK reward 0.9
✓ [CAR 0] ACT=OK REP=0.770 RWD=0.000 PNL=0.000 CREDIT=0
[ECON-GATE] CID:1 probation active - suppressing OK reward 0.881
✓ [CAR 1] ACT=OK REP=0.529 RWD=0.000 PNL=0.000 CREDIT=2
[PASSIVE-BEACON] SIMNOW:31.804 CID:4 ZONE:2 RXUAV:2 EDGEPORT:9996 TS:31.790 SPD:15.100 HDG:1.100 PX:674.700 PY:-50.000 LAN:5 BRK:1 RX_X:0.000 RX_Y:0.000 RX_Z:0.000
[ZONE-ROUTE] CID:4 zone=2 edge_port=9996
[EDGE-RTT] CID:4 wall=1.2 ms  sim_delay=5.0 ms
>>> [UAV->CLOUD] BLK:ec92|TX:7.0.0.8|CID:4|TS:31.790|SPD:15.1|HDG:1.1|PX:674.7|PY:-50.0|L...
[ECON-GATE] CID:4 probation active - suppressing OK reward 1.0
✓ [CAR 4] ACT=OK REP=0.516 RWD=0.000 PNL=0.000 CREDIT=5
[PASSIVE-BEACON] SIMNOW:31.882 CID:2 ZONE:2 RXUAV:2 EDGEPORT:9996 TS:31.870 SPD:14.600 HDG:1.800 PX:656.800 PY:-30.000 LAN:3 BRK:0 RX_X:0.000 RX_Y:0.000 RX_Z:0.000
[ZONE-ROUTE] CID:2 zone=2 edge_port=9996
[EDGE-RTT] CID:2 wall=1.2 ms  sim_delay=5.0 ms
>>> [UAV->CLOUD] BLK:4445|TX:7.0.0.6|CID:2|TS:31.870|SPD:14.6|HDG:1.8|PX:656.8|PY:-30.0|L...
[ECON-GATE] CID:2 probation active - suppressing OK reward 1.0
✓ [CAR 2] ACT=OK REP=0.801 RWD=0.000 PNL=0.000 CREDIT=3
[PASSIVE-BEACON] SIMNOW:31.994 CID:9 ZONE:2 RXUAV:2 EDGEPORT:9996 TS:31.982 SPD:15.000 HDG:-1.500 PX:698.700 PY:-50.000 LAN:5 BRK:0 RX_X:0.000 RX_Y:0.000 RX_Z:0.000
[ZONE-ROUTE] CID:9 zone=2 edge_port=9996
[EDGE-RTT] CID:9 wall=1.3 ms  sim_delay=5.0 ms
>>> [UAV->CLOUD] BLK:664d|TX:7.0.0.13|CID:9|TS:31.982|SPD:15.0|HDG:-1.5|PX:698.7|PY:-50.0...

── PAYOFF SUMMARY ─────────────────────────────────
[PAYOFF] CID:0 cumulative_payoff=-82.990 honest_wins=1 warn_count=23 adverse_count=0 demoted=NO return_threshold=0 lane_upgraded=NO scrutiny_reduced=NO malicious=YES
[PAYOFF] CID:1 cumulative_payoff=-85.575 honest_wins=3 warn_count=23 adverse_count=0 demoted=NO return_threshold=0 lane_upgraded=NO scrutiny_reduced=NO malicious=YES
[PAYOFF] CID:2 cumulative_payoff=-85.393 honest_wins=4 warn_count=23 adverse_count=0 demoted=NO return_threshold=0 lane_upgraded=NO scrutiny_reduced=NO malicious=YES
[PAYOFF] CID:3 cumulative_payoff=-66.137 honest_wins=3 warn_count=20 adverse_count=0 demoted=NO return_threshold=0 lane_upgraded=NO scrutiny_reduced=NO malicious=YES
[PAYOFF] CID:4 cumulative_payoff=-59.843 honest_wins=6 warn_count=19 adverse_count=0 demoted=NO return_threshold=0 lane_upgraded=NO scrutiny_reduced=NO malicious=NO
[PAYOFF] CID:5 cumulative_payoff=17.496 honest_wins=17 warn_count=0 adverse_count=0 demoted=NO return_threshold=0 lane_upgraded=YES scrutiny_reduced=NO malicious=YES
[PAYOFF] CID:6 cumulative_payoff=-70.543 honest_wins=17 warn_count=21 adverse_count=0 demoted=NO return_threshold=0 lane_upgraded=NO scrutiny_reduced=NO malicious=NO
[PAYOFF] CID:7 cumulative_payoff=-72.357 honest_wins=14 warn_count=21 adverse_count=0 demoted=NO return_threshold=0 lane_upgraded=NO scrutiny_reduced=NO malicious=NO
[PAYOFF] CID:8 cumulative_payoff=-49.277 honest_wins=8 warn_count=17 adverse_count=0 demoted=NO return_threshold=0 lane_upgraded=NO scrutiny_reduced=NO malicious=YES
[PAYOFF] CID:9 cumulative_payoff=-34.488 honest_wins=7 warn_count=14 adverse_count=0 demoted=NO return_threshold=0 lane_upgraded=NO scrutiny_reduced=NO malicious=YES

--------------------------------------------------
 SIMULATION COMPLETE v90-multiuav (adaptive edge-cloud, bridge mode only)  nCars=10  attackRate=50%  attackType=5  RngRun=4
--------------------------------------------------
