[0/2] Re-checking globbed directories...
ninja: no work to do.
[LATE-ATTACK] Scheduled 0 position-aware late-entry attackers ZoneLen=900m ThreshM=360m
[HANDOVER] Armed 10 triggers for Z1->Z2 at t=30 s (zoneEndX=900, leadM=300)

--------------------------------------------------
 UNIFIED SIMULATION v90-multiUAV (adaptive edge-cloud, bridge mode only)
--------------------------------------------------
 Cars      : 10 (5 lanes x 2)
 RngRun    : 9
 Attack    : 0%  (0 malicious) []
 AttackType: 5 (0=composite,1=TS-only,2=GPS-only,3=speed-only,4=stealthy,5=adaptive)
 TsOffset  : -0.5s
 SpdFactor : 1.1x
 Nash p*   : 0.4 (BAN_REWARD=1.5)
 ZONE_SAFE : 0.15
 ZONE_MALICIOUS : 0.3
 LEGACY_WIRE_ALIASES : 0
 SCR_ALERT : 0.62
 GAME_Cf   : 3
 CloudTrig : [unused in bridge mode] SCR<0.62 && >=4 | TIME>=3s | COUNT>=10
 EdgePortZ1: 127.0.0.1:9998
 EdgePortZ2: 127.0.0.1:9996
 Cloud     : 127.0.0.1:6666
 CloudMode : BRIDGE (adaptive batch calibration — cloud tunes edge params only)
 LedgerFile: blockchain_ledger.jsonl
 EdgeLatencyMs : 10 ms
 CloudLatencyMs: 150 ms
 NashP* mode   : adaptive (warmup=5 pkts, rho_hat-driven)
 S1uDelay      : 5 ms  |  PGW-rHost delay: 5 ms
 PktDropRate   : 0%  |  EdgeJitter: 30%  |  LateAttackers: 25% of mal
 BgTraffic     : 10 cars x 500 kbps UDP
 Mobility      : WaypointMobility (3-phase speed profile per lane)
 Duration  : 36s
--------------------------------------------------

[BG-TRAFFIC] 10 cars x 500 kbps UDP background flow to rHost installed
[PASSIVE-BEACON] SIMNOW:2.097 CID:6 ZONE:1 RXUAV:1 EDGEPORT:9998 TS:2.082 SPD:20.300 HDG:-0.900 PX:61.500 PY:-20.000 LAN:2 BRK:0 RX_X:0.000 RX_Y:0.000 RX_Z:0.000
[ZONE-ROUTE] CID:6 zone=1 edge_port=9998
[EDGE-RTT] CID:6 wall=6.2 ms  sim_delay=10.0 ms
>>> [UAV->CLOUD] BLK:3ae2|TX:7.0.0.10|CID:6|TS:2.082|SPD:20.3|HDG:-0.9|PX:61.5|PY:-20.0|L...
✓ [CAR 6] ACT=OK REP=0.540 RWD=0.996 PNL=0.000 CREDIT=0
[PASSIVE-BEACON] SIMNOW:2.116 CID:9 ZONE:1 RXUAV:1 EDGEPORT:9998 TS:2.102 SPD:20.100 HDG:0.800 PX:62.300 PY:-50.000 LAN:5 BRK:1 RX_X:0.000 RX_Y:0.000 RX_Z:0.000
[ZONE-ROUTE] CID:9 zone=1 edge_port=9998
[EDGE-RTT] CID:9 wall=1.5 ms  sim_delay=10.0 ms
>>> [UAV->CLOUD] BLK:540c|TX:7.0.0.13|CID:9|TS:2.102|SPD:20.1|HDG:0.8|PX:62.3|PY:-50.0|LA...
✓ [CAR 9] ACT=OK REP=0.850 RWD=0.996 PNL=0.000 CREDIT=0
[PASSIVE-BEACON] SIMNOW:2.144 CID:0 ZONE:1 RXUAV:1 EDGEPORT:9998 TS:2.130 SPD:20.300 HDG:-1.800 PX:43.300 PY:-10.000 LAN:1 BRK:1 RX_X:0.000 RX_Y:0.000 RX_Z:0.000
[ZONE-ROUTE] CID:0 zone=1 edge_port=9998
[EDGE-RTT] CID:0 wall=1.2 ms  sim_delay=10.0 ms
>>> [UAV->CLOUD] BLK:bc9c|TX:7.0.0.4|CID:0|TS:2.130|SPD:20.3|HDG:-1.8|PX:43.3|PY:-10.0|LA...
✓ [CAR 0] ACT=OK REP=0.702 RWD=0.996 PNL=0.000 CREDIT=0
[PASSIVE-BEACON] SIMNOW:2.256 CID:7 ZONE:1 RXUAV:1 EDGEPORT:9998 TS:2.242 SPD:20.300 HDG:1.500 PX:64.600 PY:-30.000 LAN:3 BRK:1 RX_X:0.000 RX_Y:0.000 RX_Z:0.000
[ZONE-ROUTE] CID:7 zone=1 edge_port=9998
[EDGE-RTT] CID:7 wall=1.4 ms  sim_delay=10.0 ms
>>> [UAV->CLOUD] BLK:cd8e|TX:7.0.0.11|CID:7|TS:2.242|SPD:20.3|HDG:1.5|PX:64.6|PY:-30.0|LA...
✓ [CAR 7] ACT=OK REP=0.832 RWD=0.996 PNL=0.000 CREDIT=0
[PASSIVE-BEACON] SIMNOW:2.286 CID:5 ZONE:1 RXUAV:1 EDGEPORT:9998 TS:2.272 SPD:19.600 HDG:1.100 PX:64.900 PY:-10.000 LAN:1 BRK:0 RX_X:0.000 RX_Y:0.000 RX_Z:0.000
[ZONE-ROUTE] CID:5 zone=1 edge_port=9998
[EDGE-RTT] CID:5 wall=1.5 ms  sim_delay=10.0 ms
>>> [UAV->CLOUD] BLK:e7cc|TX:7.0.0.9|CID:5|TS:2.272|SPD:19.6|HDG:1.1|PX:64.9|PY:-10.0|LAN...
✓ [CAR 5] ACT=OK REP=1.000 RWD=0.996 PNL=0.000 CREDIT=0
[PASSIVE-BEACON] SIMNOW:2.374 CID:2 ZONE:1 RXUAV:1 EDGEPORT:9998 TS:2.360 SPD:20.400 HDG:-1.500 PX:46.900 PY:-30.000 LAN:3 BRK:0 RX_X:0.000 RX_Y:0.000 RX_Z:0.000
[ZONE-ROUTE] CID:2 zone=1 edge_port=9998
[EDGE-RTT] CID:2 wall=1.4 ms  sim_delay=10.0 ms
>>> [UAV->CLOUD] BLK:c684|TX:7.0.0.6|CID:2|TS:2.360|SPD:20.4|HDG:-1.5|PX:46.9|PY:-30.0|LA...
✓ [CAR 2] ACT=OK REP=0.668 RWD=0.996 PNL=0.000 CREDIT=0
[PASSIVE-BEACON] SIMNOW:2.596 CID:6 ZONE:1 RXUAV:1 EDGEPORT:9998 TS:2.582 SPD:19.800 HDG:0.300 PX:71.000 PY:-20.000 LAN:2 BRK:1 RX_X:0.000 RX_Y:0.000 RX_Z:0.000
[ZONE-ROUTE] CID:6 zone=1 edge_port=9998
[EDGE-RTT] CID:6 wall=1.3 ms  sim_delay=10.0 ms
>>> [UAV->CLOUD] BLK:f643|TX:7.0.0.10|CID:6|TS:2.582|SPD:19.8|HDG:0.3|PX:71.0|PY:-20.0|LA...
✓ [CAR 6] ACT=OK REP=0.676 RWD=1.000 PNL=0.000 CREDIT=1
[PASSIVE-BEACON] SIMNOW:2.616 CID:9 ZONE:1 RXUAV:1 EDGEPORT:9998 TS:2.602 SPD:19.600 HDG:-0.900 PX:72.200 PY:-50.000 LAN:5 BRK:0 RX_X:0.000 RX_Y:0.000 RX_Z:0.000
[ZONE-ROUTE] CID:9 zone=1 edge_port=9998
[EDGE-RTT] CID:9 wall=1.4 ms  sim_delay=10.0 ms
>>> [UAV->CLOUD] BLK:2814|TX:7.0.0.13|CID:9|TS:2.602|SPD:19.6|HDG:-0.9|PX:72.2|PY:-50.0|L...
✓ [CAR 9] ACT=OK REP=0.586 RWD=1.000 PNL=0.000 CREDIT=1
[PASSIVE-BEACON] SIMNOW:2.644 CID:0 ZONE:1 RXUAV:1 EDGEPORT:9998 TS:2.630 SPD:19.900 HDG:-1.100 PX:53.000 PY:-10.000 LAN:1 BRK:0 RX_X:0.000 RX_Y:0.000 RX_Z:0.000
[ZONE-ROUTE] CID:0 zone=1 edge_port=9998
[EDGE-RTT] CID:0 wall=1.1 ms  sim_delay=10.0 ms
>>> [UAV->CLOUD] BLK:c869|TX:7.0.0.4|CID:0|TS:2.630|SPD:19.9|HDG:-1.1|PX:53.0|PY:-10.0|LA...
✓ [CAR 0] ACT=OK REP=0.458 RWD=1.000 PNL=0.000 CREDIT=1
[PASSIVE-BEACON] SIMNOW:2.756 CID:7 ZONE:1 RXUAV:1 EDGEPORT:9998 TS:2.742 SPD:19.500 HDG:-1.500 PX:74.200 PY:-30.000 LAN:3 BRK:1 RX_X:0.000 RX_Y:0.000 RX_Z:0.000
[ZONE-ROUTE] CID:7 zone=1 edge_port=9998
[EDGE-RTT] CID:7 wall=1.4 ms  sim_delay=10.0 ms
>>> [UAV->CLOUD] BLK:1ef0|TX:7.0.0.11|CID:7|TS:2.742|SPD:19.5|HDG:-1.5|PX:74.2|PY:-30.0|L...
✓ [CAR 7] ACT=OK REP=0.700 RWD=1.000 PNL=0.000 CREDIT=1
[PASSIVE-BEACON] SIMNOW:2.784 CID:5 ZONE:1 RXUAV:1 EDGEPORT:9998 TS:2.772 SPD:20.200 HDG:1.400 PX:74.900 PY:-10.000 LAN:1 BRK:0 RX_X:0.000 RX_Y:0.000 RX_Z:0.000
[ZONE-ROUTE] CID:5 zone=1 edge_port=9998
[EDGE-RTT] CID:5 wall=1.2 ms  sim_delay=10.0 ms
>>> [UAV->CLOUD] BLK:c6f0|TX:7.0.0.9|CID:5|TS:2.772|SPD:20.2|HDG:1.4|PX:74.9|PY:-10.0|LAN...
✓ [CAR 5] ACT=OK REP=0.806 RWD=1.000 PNL=0.000 CREDIT=1
[PASSIVE-BEACON] SIMNOW:2.854 CID:4 ZONE:1 RXUAV:1 EDGEPORT:9998 TS:2.840 SPD:19.900 HDG:0.800 PX:56.700 PY:-50.000 LAN:5 BRK:1 RX_X:0.000 RX_Y:0.000 RX_Z:0.000
[ZONE-ROUTE] CID:4 zone=1 edge_port=9998
[EDGE-RTT] CID:4 wall=1.2 ms  sim_delay=10.0 ms
>>> [UAV->CLOUD] BLK:9a6c|TX:7.0.0.8|CID:4|TS:2.840|SPD:19.9|HDG:0.8|PX:56.7|PY:-50.0|LAN...
✓ [CAR 4] ACT=OK REP=0.412 RWD=0.996 PNL=0.000 CREDIT=0
[PASSIVE-BEACON] SIMNOW:2.874 CID:2 ZONE:1 RXUAV:1 EDGEPORT:9998 TS:2.860 SPD:20.400 HDG:1.600 PX:57.300 PY:-30.000 LAN:3 BRK:0 RX_X:0.000 RX_Y:0.000 RX_Z:0.000
[ZONE-ROUTE] CID:2 zone=1 edge_port=9998
[EDGE-RTT] CID:2 wall=1.0 ms  sim_delay=10.0 ms
>>> [UAV->CLOUD] BLK:60fe|TX:7.0.0.6|CID:2|TS:2.860|SPD:20.4|HDG:1.6|PX:57.3|PY:-30.0|LAN...
[PASSIVE-BEACON] SIMNOW:2.874 CID:1 ZONE:1 RXUAV:1 EDGEPORT:9998 TS:2.860 SPD:19.800 HDG:1.500 PX:56.800 PY:-20.000 LAN:2 BRK:1 RX_X:0.000 RX_Y:0.000 RX_Z:0.000
[ZONE-ROUTE] CID:1 zone=1 edge_port=9998
[EDGE-RTT] CID:1 wall=1.1 ms  sim_delay=10.0 ms
>>> [UAV->CLOUD] BLK:5114|TX:7.0.0.5|CID:1|TS:2.860|SPD:19.8|HDG:1.5|PX:56.8|PY:-20.0|LAN...
✓ [CAR 1] ACT=OK REP=0.920 RWD=0.996 PNL=0.000 CREDIT=0
✓ [CAR 2] ACT=OK REP=0.553 RWD=1.000 PNL=0.000 CREDIT=1
[PASSIVE-BEACON] SIMNOW:2.914 CID:3 ZONE:1 RXUAV:1 EDGEPORT:9998 TS:2.900 SPD:20.100 HDG:-1.900 PX:57.500 PY:-40.000 LAN:4 BRK:1 RX_X:0.000 RX_Y:0.000 RX_Z:0.000
[ZONE-ROUTE] CID:3 zone=1 edge_port=9998
[EDGE-RTT] CID:3 wall=1.3 ms  sim_delay=10.0 ms
>>> [UAV->CLOUD] BLK:a7b3|TX:7.0.0.7|CID:3|TS:2.900|SPD:20.1|HDG:-1.9|PX:57.5|PY:-40.0|LA...
[PASSIVE-BEACON] SIMNOW:2.926 CID:8 ZONE:1 RXUAV:1 EDGEPORT:9998 TS:2.912 SPD:19.900 HDG:-1.900 PX:78.900 PY:-40.000 LAN:4 BRK:1 RX_X:0.000 RX_Y:0.000 RX_Z:0.000
[ZONE-ROUTE] CID:8 zone=1 edge_port=9998
[EDGE-RTT] CID:8 wall=1.1 ms  sim_delay=10.0 ms
>>> [UAV->CLOUD] BLK:97e7|TX:7.0.0.12|CID:8|TS:2.912|SPD:19.9|HDG:-1.9|PX:78.9|PY:-40.0|L...
✓ [CAR 3] ACT=OK REP=0.990 RWD=0.996 PNL=0.000 CREDIT=0
✓ [CAR 8] ACT=OK REP=0.668 RWD=0.996 PNL=0.000 CREDIT=0
[PASSIVE-BEACON] SIMNOW:3.096 CID:6 ZONE:1 RXUAV:1 EDGEPORT:9998 TS:3.082 SPD:20.300 HDG:1.400 PX:80.900 PY:-20.000 LAN:2 BRK:0 RX_X:0.000 RX_Y:0.000 RX_Z:0.000
[ZONE-ROUTE] CID:6 zone=1 edge_port=9998
[EDGE-RTT] CID:6 wall=1.0 ms  sim_delay=10.0 ms
>>> [UAV->CLOUD] BLK:748d|TX:7.0.0.10|CID:6|TS:3.082|SPD:20.3|HDG:1.4|PX:80.9|PY:-20.0|LA...
✓ [CAR 6] ACT=OK REP=0.499 RWD=1.000 PNL=0.000 CREDIT=2
[PASSIVE-BEACON] SIMNOW:3.116 CID:9 ZONE:1 RXUAV:1 EDGEPORT:9998 TS:3.102 SPD:19.900 HDG:0.200 PX:81.800 PY:-50.000 LAN:5 BRK:0 RX_X:0.000 RX_Y:0.000 RX_Z:0.000
[ZONE-ROUTE] CID:9 zone=1 edge_port=9998
[EDGE-RTT] CID:9 wall=1.3 ms  sim_delay=10.0 ms
>>> [UAV->CLOUD] BLK:5ca0|TX:7.0.0.13|CID:9|TS:3.102|SPD:19.9|HDG:0.2|PX:81.8|PY:-50.0|LA...
✓ [CAR 9] ACT=OK REP=0.709 RWD=1.000 PNL=0.000 CREDIT=2
[PASSIVE-BEACON] SIMNOW:3.143 CID:0 ZONE:1 RXUAV:1 EDGEPORT:9998 TS:3.130 SPD:20.000 HDG:-0.100 PX:61.900 PY:-10.000 LAN:1 BRK:0 RX_X:0.000 RX_Y:0.000 RX_Z:0.000
[ZONE-ROUTE] CID:0 zone=1 edge_port=9998
[EDGE-RTT] CID:0 wall=1.1 ms  sim_delay=10.0 ms
>>> [UAV->CLOUD] BLK:b495|TX:7.0.0.4|CID:0|TS:3.130|SPD:20.0|HDG:-0.1|PX:61.9|PY:-10.0|LA...
✓ [CAR 0] ACT=OK REP=0.790 RWD=1.000 PNL=0.000 CREDIT=2
[PASSIVE-BEACON] SIMNOW:3.255 CID:7 ZONE:1 RXUAV:1 EDGEPORT:9998 TS:3.242 SPD:20.100 HDG:0.700 PX:85.200 PY:-30.000 LAN:3 BRK:0 RX_X:0.000 RX_Y:0.000 RX_Z:0.000
[ZONE-ROUTE] CID:7 zone=1 edge_port=9998
[EDGE-RTT] CID:7 wall=1.3 ms  sim_delay=10.0 ms
>>> [UAV->CLOUD] BLK:3e4f|TX:7.0.0.11|CID:7|TS:3.242|SPD:20.1|HDG:0.7|PX:85.2|PY:-30.0|LA...
✓ [CAR 7] ACT=OK REP=0.502 RWD=1.000 PNL=0.000 CREDIT=2
[PASSIVE-BEACON] SIMNOW:3.286 CID:5 ZONE:1 RXUAV:1 EDGEPORT:9998 TS:3.272 SPD:20.100 HDG:-0.200 PX:86.200 PY:-10.000 LAN:1 BRK:0 RX_X:0.000 RX_Y:0.000 RX_Z:0.000
[ZONE-ROUTE] CID:5 zone=1 edge_port=9998
[EDGE-RTT] CID:5 wall=1.0 ms  sim_delay=10.0 ms
>>> [UAV->CLOUD] BLK:aa36|TX:7.0.0.9|CID:5|TS:3.272|SPD:20.1|HDG:-0.2|PX:86.2|PY:-10.0|LA...
✓ [CAR 5] ACT=OK REP=0.859 RWD=1.000 PNL=0.000 CREDIT=2
[PASSIVE-BEACON] SIMNOW:3.354 CID:4 ZONE:1 RXUAV:1 EDGEPORT:9998 TS:3.340 SPD:20.400 HDG:1.000 PX:66.400 PY:-50.000 LAN:5 BRK:0 RX_X:0.000 RX_Y:0.000 RX_Z:0.000
[ZONE-ROUTE] CID:4 zone=1 edge_port=9998
[EDGE-RTT] CID:4 wall=1.2 ms  sim_delay=10.0 ms
>>> [UAV->CLOUD] BLK:ce4b|TX:7.0.0.8|CID:4|TS:3.340|SPD:20.4|HDG:1.0|PX:66.4|PY:-50.0|LAN...
✓ [CAR 4] ACT=OK REP=0.686 RWD=1.000 PNL=0.000 CREDIT=1
[PASSIVE-BEACON] SIMNOW:3.374 CID:2 ZONE:1 RXUAV:1 EDGEPORT:9998 TS:3.360 SPD:20.100 HDG:-1.000 PX:66.800 PY:-30.000 LAN:3 BRK:0 RX_X:0.000 RX_Y:0.000 RX_Z:0.000
[ZONE-ROUTE] CID:2 zone=1 edge_port=9998
[EDGE-RTT] CID:2 wall=1.1 ms  sim_delay=10.0 ms
>>> [UAV->CLOUD] BLK:6ae5|TX:7.0.0.6|CID:2|TS:3.360|SPD:20.1|HDG:-1.0|PX:66.8|PY:-30.0|LA...
[PASSIVE-BEACON] SIMNOW:3.374 CID:1 ZONE:1 RXUAV:1 EDGEPORT:9998 TS:3.360 SPD:19.900 HDG:0.600 PX:67.300 PY:-20.000 LAN:2 BRK:0 RX_X:0.000 RX_Y:0.000 RX_Z:0.000
[ZONE-ROUTE] CID:1 zone=1 edge_port=9998
[EDGE-RTT] CID:1 wall=1.4 ms  sim_delay=10.0 ms
>>> [UAV->CLOUD] BLK:c432|TX:7.0.0.5|CID:1|TS:3.360|SPD:19.9|HDG:0.6|PX:67.3|PY:-20.0|LAN...
✓ [CAR 1] ACT=OK REP=0.596 RWD=1.000 PNL=0.000 CREDIT=1
✓ [CAR 2] ACT=OK REP=0.824 RWD=1.000 PNL=0.000 CREDIT=2
[PASSIVE-BEACON] SIMNOW:3.414 CID:3 ZONE:1 RXUAV:1 EDGEPORT:9998 TS:3.400 SPD:19.900 HDG:1.700 PX:67.300 PY:-40.000 LAN:4 BRK:1 RX_X:0.000 RX_Y:0.000 RX_Z:0.000
[ZONE-ROUTE] CID:3 zone=1 edge_port=9998
[EDGE-RTT] CID:3 wall=1.2 ms  sim_delay=10.0 ms
>>> [UAV->CLOUD] BLK:1685|TX:7.0.0.7|CID:3|TS:3.400|SPD:19.9|HDG:1.7|PX:67.3|PY:-40.0|LAN...
[PASSIVE-BEACON] SIMNOW:3.426 CID:8 ZONE:1 RXUAV:1 EDGEPORT:9998 TS:3.412 SPD:19.600 HDG:-0.600 PX:88.100 PY:-40.000 LAN:4 BRK:0 RX_X:0.000 RX_Y:0.000 RX_Z:0.000
[ZONE-ROUTE] CID:8 zone=1 edge_port=9998
[EDGE-RTT] CID:8 wall=0.8 ms  sim_delay=10.0 ms
>>> [UAV->CLOUD] BLK:6688|TX:7.0.0.12|CID:8|TS:3.412|SPD:19.6|HDG:-0.6|PX:88.1|PY:-40.0|L...
✓ [CAR 3] ACT=OK REP=0.631 RWD=1.000 PNL=0.000 CREDIT=1
✓ [CAR 8] ACT=OK REP=0.707 RWD=1.000 PNL=0.000 CREDIT=1
[PASSIVE-BEACON] SIMNOW:3.596 CID:6 ZONE:1 RXUAV:1 EDGEPORT:9998 TS:3.582 SPD:20.400 HDG:1.800 PX:91.400 PY:-20.000 LAN:2 BRK:0 RX_X:0.000 RX_Y:0.000 RX_Z:0.000
[ZONE-ROUTE] CID:6 zone=1 edge_port=9998
[EDGE-RTT] CID:6 wall=1.0 ms  sim_delay=10.0 ms
>>> [UAV->CLOUD] BLK:fe7d|TX:7.0.0.10|CID:6|TS:3.582|SPD:20.4|HDG:1.8|PX:91.4|PY:-20.0|LA...
✓ [CAR 6] ACT=OK REP=0.727 RWD=1.000 PNL=0.000 CREDIT=3
[PASSIVE-BEACON] SIMNOW:3.616 CID:9 ZONE:1 RXUAV:1 EDGEPORT:9998 TS:3.602 SPD:19.900 HDG:0.300 PX:91.900 PY:-50.000 LAN:5 BRK:0 RX_X:0.000 RX_Y:0.000 RX_Z:0.000
[ZONE-ROUTE] CID:9 zone=1 edge_port=9998
[EDGE-RTT] CID:9 wall=1.0 ms  sim_delay=10.0 ms
>>> [UAV->CLOUD] BLK:a996|TX:7.0.0.13|CID:9|TS:3.602|SPD:19.9|HDG:0.3|PX:91.9|PY:-50.0|LA...
✓ [CAR 9] ACT=OK REP=0.593 RWD=1.000 PNL=0.000 CREDIT=3
[PASSIVE-BEACON] SIMNOW:3.644 CID:0 ZONE:1 RXUAV:1 EDGEPORT:9998 TS:3.630 SPD:20.100 HDG:-0.300 PX:72.100 PY:-10.000 LAN:1 BRK:0 RX_X:0.000 RX_Y:0.000 RX_Z:0.000
[ZONE-ROUTE] CID:0 zone=1 edge_port=9998
[EDGE-RTT] CID:0 wall=1.1 ms  sim_delay=10.0 ms
>>> [UAV->CLOUD] BLK:31ef|TX:7.0.0.4|CID:0|TS:3.630|SPD:20.1|HDG:-0.3|PX:72.1|PY:-10.0|LA...
✓ [CAR 0] ACT=OK REP=0.935 RWD=1.000 PNL=0.000 CREDIT=3
[PASSIVE-BEACON] SIMNOW:3.756 CID:7 ZONE:1 RXUAV:1 EDGEPORT:9998 TS:3.742 SPD:20.000 HDG:-0.800 PX:95.500 PY:-30.000 LAN:3 BRK:0 RX_X:0.000 RX_Y:0.000 RX_Z:0.000
[ZONE-ROUTE] CID:7 zone=1 edge_port=9998
[EDGE-RTT] CID:7 wall=1.3 ms  sim_delay=10.0 ms
>>> [UAV->CLOUD] BLK:841f|TX:7.0.0.11|CID:7|TS:3.742|SPD:20.0|HDG:-0.8|PX:95.5|PY:-30.0|L...
✓ [CAR 7] ACT=OK REP=0.682 RWD=1.000 PNL=0.000 CREDIT=3
[PASSIVE-BEACON] SIMNOW:3.786 CID:5 ZONE:1 RXUAV:1 EDGEPORT:9998 TS:3.772 SPD:20.200 HDG:-0.400 PX:94.700 PY:-10.000 LAN:1 BRK:1 RX_X:0.000 RX_Y:0.000 RX_Z:0.000
[ZONE-ROUTE] CID:5 zone=1 edge_port=9998
[EDGE-RTT] CID:5 wall=1.0 ms  sim_delay=10.0 ms
>>> [UAV->CLOUD] BLK:bc15|TX:7.0.0.9|CID:5|TS:3.772|SPD:20.2|HDG:-0.4|PX:94.7|PY:-10.0|LA...
✓ [CAR 5] ACT=OK REP=0.855 RWD=1.000 PNL=0.000 CREDIT=3
[PASSIVE-BEACON] SIMNOW:3.854 CID:4 ZONE:1 RXUAV:1 EDGEPORT:9998 TS:3.840 SPD:19.600 HDG:-1.700 PX:76.900 PY:-50.000 LAN:5 BRK:0 RX_X:0.000 RX_Y:0.000 RX_Z:0.000
[ZONE-ROUTE] CID:4 zone=1 edge_port=9998
[EDGE-RTT] CID:4 wall=1.2 ms  sim_delay=10.0 ms
>>> [UAV->CLOUD] BLK:bec4|TX:7.0.0.8|CID:4|TS:3.840|SPD:19.6|HDG:-1.7|PX:76.9|PY:-50.0|LA...
✓ [CAR 4] ACT=OK REP=0.599 RWD=1.000 PNL=0.000 CREDIT=2
[PASSIVE-BEACON] SIMNOW:3.874 CID:2 ZONE:1 RXUAV:1 EDGEPORT:9998 TS:3.860 SPD:20.400 HDG:-1.100 PX:76.600 PY:-30.000 LAN:3 BRK:1 RX_X:0.000 RX_Y:0.000 RX_Z:0.000
[ZONE-ROUTE] CID:2 zone=1 edge_port=9998
[EDGE-RTT] CID:2 wall=1.2 ms  sim_delay=10.0 ms
>>> [UAV->CLOUD] BLK:c737|TX:7.0.0.6|CID:2|TS:3.860|SPD:20.4|HDG:-1.1|PX:76.6|PY:-30.0|LA...
[PASSIVE-BEACON] SIMNOW:3.874 CID:1 ZONE:1 RXUAV:1 EDGEPORT:9998 TS:3.860 SPD:20.300 HDG:-0.400 PX:77.400 PY:-20.000 LAN:2 BRK:0 RX_X:0.000 RX_Y:0.000 RX_Z:0.000
[ZONE-ROUTE] CID:1 zone=1 edge_port=9998
[EDGE-RTT] CID:1 wall=1.8 ms  sim_delay=10.0 ms
>>> [UAV->CLOUD] BLK:294f|TX:7.0.0.5|CID:1|TS:3.860|SPD:20.3|HDG:-0.4|PX:77.4|PY:-20.0|LA...
✓ [CAR 1] ACT=OK REP=0.687 RWD=1.000 PNL=0.000 CREDIT=2
✓ [CAR 2] ACT=OK REP=0.873 RWD=1.000 PNL=0.000 CREDIT=3
[PASSIVE-BEACON] SIMNOW:3.914 CID:3 ZONE:1 RXUAV:1 EDGEPORT:9998 TS:3.900 SPD:20.200 HDG:-1.600 PX:78.300 PY:-40.000 LAN:4 BRK:0 RX_X:0.000 RX_Y:0.000 RX_Z:0.000
[ZONE-ROUTE] CID:3 zone=1 edge_port=9998
[EDGE-RTT] CID:3 wall=1.2 ms  sim_delay=10.0 ms
>>> [UAV->CLOUD] BLK:8226|TX:7.0.0.7|CID:3|TS:3.900|SPD:20.2|HDG:-1.6|PX:78.3|PY:-40.0|LA...
[PASSIVE-BEACON] SIMNOW:3.926 CID:8 ZONE:1 RXUAV:1 EDGEPORT:9998 TS:3.912 SPD:20.300 HDG:1.200 PX:97.500 PY:-40.000 LAN:4 BRK:0 RX_X:0.000 RX_Y:0.000 RX_Z:0.000
[ZONE-ROUTE] CID:8 zone=1 edge_port=9998
[EDGE-RTT] CID:8 wall=1.3 ms  sim_delay=10.0 ms
>>> [UAV->CLOUD] BLK:76cb|TX:7.0.0.12|CID:8|TS:3.912|SPD:20.3|HDG:1.2|PX:97.5|PY:-40.0|LA...
✓ [CAR 3] ACT=OK REP=0.852 RWD=1.000 PNL=0.000 CREDIT=2
✓ [CAR 8] ACT=OK REP=1.000 RWD=1.000 PNL=0.000 CREDIT=2
[PASSIVE-BEACON] SIMNOW:4.096 CID:6 ZONE:1 RXUAV:1 EDGEPORT:9998 TS:4.082 SPD:19.500 HDG:0.900 PX:102.100 PY:-20.000 LAN:2 BRK:0 RX_X:0.000 RX_Y:0.000 RX_Z:0.000
[ZONE-ROUTE] CID:6 zone=1 edge_port=9998
[EDGE-RTT] CID:6 wall=1.4 ms  sim_delay=10.0 ms
>>> [UAV->CLOUD] BLK:3876|TX:7.0.0.10|CID:6|TS:4.082|SPD:19.5|HDG:0.9|PX:102.1|PY:-20.0|L...
✓ [CAR 6] ACT=OK REP=0.849 RWD=1.000 PNL=0.000 CREDIT=4
[PASSIVE-BEACON] SIMNOW:4.116 CID:9 ZONE:1 RXUAV:1 EDGEPORT:9998 TS:4.102 SPD:19.500 HDG:-1.100 PX:101.300 PY:-50.000 LAN:5 BRK:0 RX_X:0.000 RX_Y:0.000 RX_Z:0.000
[ZONE-ROUTE] CID:9 zone=1 edge_port=9998
[EDGE-RTT] CID:9 wall=1.2 ms  sim_delay=10.0 ms
>>> [UAV->CLOUD] BLK:6799|TX:7.0.0.13|CID:9|TS:4.102|SPD:19.5|HDG:-1.1|PX:101.3|PY:-50.0|...
✓ [CAR 9] ACT=OK REP=0.722 RWD=1.000 PNL=0.000 CREDIT=4
[PASSIVE-BEACON] SIMNOW:4.144 CID:0 ZONE:1 RXUAV:1 EDGEPORT:9998 TS:4.130 SPD:19.800 HDG:2.000 PX:82.100 PY:-10.000 LAN:1 BRK:0 RX_X:0.000 RX_Y:0.000 RX_Z:0.000
[ZONE-ROUTE] CID:0 zone=1 edge_port=9998
[EDGE-RTT] CID:0 wall=1.3 ms  sim_delay=10.0 ms
>>> [UAV->CLOUD] BLK:bd44|TX:7.0.0.4|CID:0|TS:4.130|SPD:19.8|HDG:2.0|PX:82.1|PY:-10.0|LAN...
✓ [CAR 0] ACT=OK REP=0.808 RWD=1.000 PNL=0.000 CREDIT=4
[PASSIVE-BEACON] SIMNOW:4.256 CID:7 ZONE:1 RXUAV:1 EDGEPORT:9998 TS:4.242 SPD:20.400 HDG:-1.900 PX:104.600 PY:-30.000 LAN:3 BRK:1 RX_X:0.000 RX_Y:0.000 RX_Z:0.000
[ZONE-ROUTE] CID:7 zone=1 edge_port=9998
[EDGE-RTT] CID:7 wall=1.4 ms  sim_delay=10.0 ms
>>> [UAV->CLOUD] BLK:4477|TX:7.0.0.11|CID:7|TS:4.242|SPD:20.4|HDG:-1.9|PX:104.6|PY:-30.0|...
✓ [CAR 7] ACT=OK REP=0.626 RWD=1.000 PNL=0.000 CREDIT=4
[PASSIVE-BEACON] SIMNOW:4.285 CID:5 ZONE:1 RXUAV:1 EDGEPORT:9998 TS:4.272 SPD:19.800 HDG:-1.400 PX:105.100 PY:-10.000 LAN:1 BRK:0 RX_X:0.000 RX_Y:0.000 RX_Z:0.000
[ZONE-ROUTE] CID:5 zone=1 edge_port=9998
[EDGE-RTT] CID:5 wall=1.1 ms  sim_delay=10.0 ms
>>> [UAV->CLOUD] BLK:2302|TX:7.0.0.9|CID:5|TS:4.272|SPD:19.8|HDG:-1.4|PX:105.1|PY:-10.0|L...
✓ [CAR 5] ACT=OK REP=0.727 RWD=1.000 PNL=0.000 CREDIT=4
[PASSIVE-BEACON] SIMNOW:4.352 CID:4 ZONE:1 RXUAV:1 EDGEPORT:9998 TS:4.340 SPD:19.800 HDG:0.100 PX:86.500 PY:-50.000 LAN:5 BRK:0 RX_X:0.000 RX_Y:0.000 RX_Z:0.000
[ZONE-ROUTE] CID:4 zone=1 edge_port=9998
[EDGE-RTT] CID:4 wall=1.3 ms  sim_delay=10.0 ms
>>> [UAV->CLOUD] BLK:4234|TX:7.0.0.8|CID:4|TS:4.340|SPD:19.8|HDG:0.1|PX:86.5|PY:-50.0|LAN...
✓ [CAR 4] ACT=OK REP=0.894 RWD=1.000 PNL=0.000 CREDIT=3
[PASSIVE-BEACON] SIMNOW:4.374 CID:2 ZONE:1 RXUAV:1 EDGEPORT:9998 TS:4.360 SPD:19.900 HDG:2.000 PX:87.300 PY:-30.000 LAN:3 BRK:0 RX_X:0.000 RX_Y:0.000 RX_Z:0.000
[ZONE-ROUTE] CID:2 zone=1 edge_port=9998
[EDGE-RTT] CID:2 wall=1.2 ms  sim_delay=10.0 ms
>>> [UAV->CLOUD] BLK:58e3|TX:7.0.0.6|CID:2|TS:4.360|SPD:19.9|HDG:2.0|PX:87.3|PY:-30.0|LAN...
[PASSIVE-BEACON] SIMNOW:4.374 CID:1 ZONE:1 RXUAV:1 EDGEPORT:9998 TS:4.360 SPD:19.500 HDG:-1.200 PX:87.800 PY:-20.000 LAN:2 BRK:0 RX_X:0.000 RX_Y:0.000 RX_Z:0.000
[ZONE-ROUTE] CID:1 zone=1 edge_port=9998
[EDGE-RTT] CID:1 wall=2.2 ms  sim_delay=10.0 ms
>>> [UAV->CLOUD] BLK:5314|TX:7.0.0.5|CID:1|TS:4.360|SPD:19.5|HDG:-1.2|PX:87.8|PY:-20.0|LA...
✓ [CAR 2] ACT=OK REP=0.684 RWD=1.000 PNL=0.000 CREDIT=4
✓ [CAR 1] ACT=OK REP=0.769 RWD=1.000 PNL=0.000 CREDIT=3
[PASSIVE-BEACON] SIMNOW:4.414 CID:3 ZONE:1 RXUAV:1 EDGEPORT:9998 TS:4.400 SPD:20.000 HDG:-0.500 PX:87.700 PY:-40.000 LAN:4 BRK:0 RX_X:0.000 RX_Y:0.000 RX_Z:0.000
[ZONE-ROUTE] CID:3 zone=1 edge_port=9998
[EDGE-RTT] CID:3 wall=1.3 ms  sim_delay=10.0 ms
>>> [UAV->CLOUD] BLK:1aed|TX:7.0.0.7|CID:3|TS:4.400|SPD:20.0|HDG:-0.5|PX:87.7|PY:-40.0|LA...
[PASSIVE-BEACON] SIMNOW:4.426 CID:8 ZONE:1 RXUAV:1 EDGEPORT:9998 TS:4.412 SPD:19.500 HDG:-0.800 PX:108.100 PY:-40.000 LAN:4 BRK:0 RX_X:0.000 RX_Y:0.000 RX_Z:0.000
[ZONE-ROUTE] CID:8 zone=1 edge_port=9998
[EDGE-RTT] CID:8 wall=1.0 ms  sim_delay=10.0 ms
>>> [UAV->CLOUD] BLK:c23e|TX:7.0.0.12|CID:8|TS:4.412|SPD:19.5|HDG:-0.8|PX:108.1|PY:-40.0|...
✓ [CAR 3] ACT=OK REP=0.751 RWD=1.000 PNL=0.000 CREDIT=3
✓ [CAR 8] ACT=OK REP=0.799 RWD=1.000 PNL=0.000 CREDIT=3
[PASSIVE-BEACON] SIMNOW:4.596 CID:6 ZONE:1 RXUAV:1 EDGEPORT:9998 TS:4.582 SPD:19.900 HDG:-0.100 PX:112.300 PY:-20.000 LAN:2 BRK:0 RX_X:0.000 RX_Y:0.000 RX_Z:0.000
[ZONE-ROUTE] CID:6 zone=1 edge_port=9998
[EDGE-RTT] CID:6 wall=1.4 ms  sim_delay=10.0 ms
>>> [UAV->CLOUD] BLK:b434|TX:7.0.0.10|CID:6|TS:4.582|SPD:19.9|HDG:-0.1|PX:112.3|PY:-20.0|...
✓ [CAR 6] ACT=OK REP=1.000 RWD=1.000 PNL=0.000 CREDIT=5
[PASSIVE-BEACON] SIMNOW:4.616 CID:9 ZONE:1 RXUAV:1 EDGEPORT:9998 TS:4.602 SPD:20.400 HDG:-1.900 PX:112.400 PY:-50.000 LAN:5 BRK:0 RX_X:0.000 RX_Y:0.000 RX_Z:0.000
[ZONE-ROUTE] CID:9 zone=1 edge_port=9998
[EDGE-RTT] CID:9 wall=1.3 ms  sim_delay=10.0 ms
>>> [UAV->CLOUD] BLK:f42a|TX:7.0.0.13|CID:9|TS:4.602|SPD:20.4|HDG:-1.9|PX:112.4|PY:-50.0|...
✓ [CAR 9] ACT=OK REP=1.000 RWD=1.000 PNL=0.000 CREDIT=5
[PASSIVE-BEACON] SIMNOW:4.643 CID:0 ZONE:1 RXUAV:1 EDGEPORT:9998 TS:4.630 SPD:20.500 HDG:0.000 PX:92.200 PY:-10.000 LAN:1 BRK:1 RX_X:0.000 RX_Y:0.000 RX_Z:0.000
[ZONE-ROUTE] CID:0 zone=1 edge_port=9998
[EDGE-RTT] CID:0 wall=1.4 ms  sim_delay=10.0 ms
>>> [UAV->CLOUD] BLK:a4d0|TX:7.0.0.4|CID:0|TS:4.630|SPD:20.5|HDG:0.0|PX:92.2|PY:-10.0|LAN...
✓ [CAR 0] ACT=OK REP=0.855 RWD=1.000 PNL=0.000 CREDIT=5
[PASSIVE-BEACON] SIMNOW:4.755 CID:7 ZONE:1 RXUAV:1 EDGEPORT:9998 TS:4.742 SPD:19.700 HDG:-0.200 PX:114.100 PY:-30.000 LAN:3 BRK:0 RX_X:0.000 RX_Y:0.000 RX_Z:0.000
[ZONE-ROUTE] CID:7 zone=1 edge_port=9998
[EDGE-RTT] CID:7 wall=1.2 ms  sim_delay=10.0 ms
>>> [UAV->CLOUD] BLK:b91f|TX:7.0.0.11|CID:7|TS:4.742|SPD:19.7|HDG:-0.2|PX:114.1|PY:-30.0|...
✓ [CAR 7] ACT=OK REP=0.893 RWD=1.000 PNL=0.000 CREDIT=5
[PASSIVE-BEACON] SIMNOW:4.786 CID:5 ZONE:1 RXUAV:1 EDGEPORT:9998 TS:4.772 SPD:20.400 HDG:-1.700 PX:114.800 PY:-10.000 LAN:1 BRK:0 RX_X:0.000 RX_Y:0.000 RX_Z:0.000
[ZONE-ROUTE] CID:5 zone=1 edge_port=9998
[EDGE-RTT] CID:5 wall=0.9 ms  sim_delay=10.0 ms
>>> [UAV->CLOUD] BLK:206e|TX:7.0.0.9|CID:5|TS:4.772|SPD:20.4|HDG:-1.7|PX:114.8|PY:-10.0|L...
✓ [CAR 5] ACT=OK REP=1.000 RWD=1.000 PNL=0.000 CREDIT=5
[PASSIVE-BEACON] SIMNOW:4.854 CID:4 ZONE:1 RXUAV:1 EDGEPORT:9998 TS:4.840 SPD:20.400 HDG:2.000 PX:97.000 PY:-50.000 LAN:5 BRK:0 RX_X:0.000 RX_Y:0.000 RX_Z:0.000
[ZONE-ROUTE] CID:4 zone=1 edge_port=9998
[EDGE-RTT] CID:4 wall=1.2 ms  sim_delay=10.0 ms
>>> [UAV->CLOUD] BLK:713e|TX:7.0.0.8|CID:4|TS:4.840|SPD:20.4|HDG:2.0|PX:97.0|PY:-50.0|LAN...
✓ [CAR 4] ACT=OK REP=0.846 RWD=1.000 PNL=0.000 CREDIT=4
[PASSIVE-BEACON] SIMNOW:4.874 CID:2 ZONE:1 RXUAV:1 EDGEPORT:9998 TS:4.860 SPD:19.600 HDG:-0.100 PX:96.700 PY:-30.000 LAN:3 BRK:0 RX_X:0.000 RX_Y:0.000 RX_Z:0.000
[ZONE-ROUTE] CID:2 zone=1 edge_port=9998
[EDGE-RTT] CID:2 wall=1.2 ms  sim_delay=10.0 ms
>>> [UAV->CLOUD] BLK:ca80|TX:7.0.0.6|CID:2|TS:4.860|SPD:19.6|HDG:-0.1|PX:96.7|PY:-30.0|LA...
[PASSIVE-BEACON] SIMNOW:4.874 CID:1 ZONE:1 RXUAV:1 EDGEPORT:9998 TS:4.860 SPD:19.600 HDG:-1.100 PX:96.600 PY:-20.000 LAN:2 BRK:0 RX_X:0.000 RX_Y:0.000 RX_Z:0.000
[ZONE-ROUTE] CID:1 zone=1 edge_port=9998
[EDGE-RTT] CID:1 wall=2.0 ms  sim_delay=10.0 ms
>>> [UAV->CLOUD] BLK:3267|TX:7.0.0.5|CID:1|TS:4.860|SPD:19.6|HDG:-1.1|PX:96.6|PY:-20.0|LA...
✓ [CAR 2] ACT=OK REP=0.919 RWD=1.000 PNL=0.000 CREDIT=5
✓ [CAR 1] ACT=OK REP=1.000 RWD=1.000 PNL=0.000 CREDIT=4
[PASSIVE-BEACON] SIMNOW:4.912 CID:3 ZONE:1 RXUAV:1 EDGEPORT:9998 TS:4.900 SPD:19.500 HDG:0.400 PX:98.400 PY:-40.000 LAN:4 BRK:0 RX_X:0.000 RX_Y:0.000 RX_Z:0.000
[ZONE-ROUTE] CID:3 zone=1 edge_port=9998
[EDGE-RTT] CID:3 wall=1.1 ms  sim_delay=10.0 ms
>>> [UAV->CLOUD] BLK:9335|TX:7.0.0.7|CID:3|TS:4.900|SPD:19.5|HDG:0.4|PX:98.4|PY:-40.0|LAN...
✓ [CAR 3] ACT=OK REP=0.581 RWD=1.000 PNL=0.000 CREDIT=4
[PASSIVE-BEACON] SIMNOW:4.926 CID:8 ZONE:1 RXUAV:1 EDGEPORT:9998 TS:4.912 SPD:20.400 HDG:0.500 PX:118.100 PY:-40.000 LAN:4 BRK:0 RX_X:0.000 RX_Y:0.000 RX_Z:0.000
[ZONE-ROUTE] CID:8 zone=1 edge_port=9998
[EDGE-RTT] CID:8 wall=1.3 ms  sim_delay=10.0 ms
>>> [UAV->CLOUD] BLK:8c20|TX:7.0.0.12|CID:8|TS:4.912|SPD:20.4|HDG:0.5|PX:118.1|PY:-40.0|L...
✓ [CAR 8] ACT=OK REP=1.000 RWD=1.000 PNL=0.000 CREDIT=4
[PASSIVE-BEACON] SIMNOW:5.096 CID:6 ZONE:1 RXUAV:1 EDGEPORT:9998 TS:5.082 SPD:19.600 HDG:-1.600 PX:122.100 PY:-20.000 LAN:2 BRK:0 RX_X:0.000 RX_Y:0.000 RX_Z:0.000
[ZONE-ROUTE] CID:6 zone=1 edge_port=9998
[EDGE-RTT] CID:6 wall=1.2 ms  sim_delay=10.0 ms
>>> [UAV->CLOUD] BLK:59da|TX:7.0.0.10|CID:6|TS:5.082|SPD:19.6|HDG:-1.6|PX:122.1|PY:-20.0|...
✓ [CAR 6] ACT=OK REP=0.772 RWD=1.000 PNL=0.000 CREDIT=6
[PASSIVE-BEACON] SIMNOW:5.114 CID:9 ZONE:1 RXUAV:1 EDGEPORT:9998 TS:5.102 SPD:19.900 HDG:1.500 PX:121.500 PY:-50.000 LAN:5 BRK:0 RX_X:0.000 RX_Y:0.000 RX_Z:0.000
[ZONE-ROUTE] CID:9 zone=1 edge_port=9998
[EDGE-RTT] CID:9 wall=1.2 ms  sim_delay=10.0 ms
>>> [UAV->CLOUD] BLK:9f74|TX:7.0.0.13|CID:9|TS:5.102|SPD:19.9|HDG:1.5|PX:121.5|PY:-50.0|L...
✓ [CAR 9] ACT=OK REP=0.859 RWD=1.000 PNL=0.000 CREDIT=6
[PASSIVE-BEACON] SIMNOW:5.144 CID:0 ZONE:1 RXUAV:1 EDGEPORT:9998 TS:5.130 SPD:19.600 HDG:-1.900 PX:102.700 PY:-10.000 LAN:1 BRK:0 RX_X:0.000 RX_Y:0.000 RX_Z:0.000
[ZONE-ROUTE] CID:0 zone=1 edge_port=9998
[EDGE-RTT] CID:0 wall=1.2 ms  sim_delay=10.0 ms
>>> [UAV->CLOUD] BLK:dc88|TX:7.0.0.4|CID:0|TS:5.130|SPD:19.6|HDG:-1.9|PX:102.7|PY:-10.0|L...
✓ [CAR 0] ACT=OK REP=0.798 RWD=1.000 PNL=0.000 CREDIT=6
[PASSIVE-BEACON] SIMNOW:5.256 CID:7 ZONE:1 RXUAV:1 EDGEPORT:9998 TS:5.242 SPD:20.300 HDG:0.800 PX:125.400 PY:-30.000 LAN:3 BRK:0 RX_X:0.000 RX_Y:0.000 RX_Z:0.000
[ZONE-ROUTE] CID:7 zone=1 edge_port=9998
[EDGE-RTT] CID:7 wall=1.2 ms  sim_delay=10.0 ms
>>> [UAV->CLOUD] BLK:f248|TX:7.0.0.11|CID:7|TS:5.242|SPD:20.3|HDG:0.8|PX:125.4|PY:-30.0|L...
✓ [CAR 7] ACT=OK REP=0.791 RWD=1.000 PNL=0.000 CREDIT=6
[PASSIVE-BEACON] SIMNOW:5.286 CID:5 ZONE:1 RXUAV:1 EDGEPORT:9998 TS:5.272 SPD:19.800 HDG:-0.000 PX:124.800 PY:-10.000 LAN:1 BRK:1 RX_X:0.000 RX_Y:0.000 RX_Z:0.000
[ZONE-ROUTE] CID:5 zone=1 edge_port=9998
[EDGE-RTT] CID:5 wall=1.2 ms  sim_delay=10.0 ms
>>> [UAV->CLOUD] BLK:3a06|TX:7.0.0.9|CID:5|TS:5.272|SPD:19.8|HDG:-0.0|PX:124.8|PY:-10.0|L...
✓ [CAR 5] ACT=OK REP=1.000 RWD=1.000 PNL=0.000 CREDIT=6
[PASSIVE-BEACON] SIMNOW:5.354 CID:4 ZONE:1 RXUAV:1 EDGEPORT:9998 TS:5.340 SPD:20.000 HDG:-1.000 PX:106.000 PY:-50.000 LAN:5 BRK:0 RX_X:0.000 RX_Y:0.000 RX_Z:0.000
[ZONE-ROUTE] CID:4 zone=1 edge_port=9998
[EDGE-RTT] CID:4 wall=1.4 ms  sim_delay=10.0 ms
>>> [UAV->CLOUD] BLK:bdf7|TX:7.0.0.8|CID:4|TS:5.340|SPD:20.0|HDG:-1.0|PX:106.0|PY:-50.0|L...
✓ [CAR 4] ACT=OK REP=1.000 RWD=1.000 PNL=0.000 CREDIT=5
[PASSIVE-BEACON] SIMNOW:5.374 CID:2 ZONE:1 RXUAV:1 EDGEPORT:9998 TS:5.360 SPD:20.100 HDG:1.500 PX:106.900 PY:-30.000 LAN:3 BRK:0 RX_X:0.000 RX_Y:0.000 RX_Z:0.000
[ZONE-ROUTE] CID:2 zone=1 edge_port=9998
[EDGE-RTT] CID:2 wall=1.3 ms  sim_delay=10.0 ms
>>> [UAV->CLOUD] BLK:0da8|TX:7.0.0.6|CID:2|TS:5.360|SPD:20.1|HDG:1.5|PX:106.9|PY:-30.0|LA...
[PASSIVE-BEACON] SIMNOW:5.374 CID:1 ZONE:1 RXUAV:1 EDGEPORT:9998 TS:5.360 SPD:20.400 HDG:-0.800 PX:107.600 PY:-20.000 LAN:2 BRK:1 RX_X:0.000 RX_Y:0.000 RX_Z:0.000
[ZONE-ROUTE] CID:1 zone=1 edge_port=9998
[EDGE-RTT] CID:1 wall=2.0 ms  sim_delay=10.0 ms
>>> [UAV->CLOUD] BLK:5b0b|TX:7.0.0.5|CID:1|TS:5.360|SPD:20.4|HDG:-0.8|PX:107.6|PY:-20.0|L...
✓ [CAR 2] ACT=OK REP=0.843 RWD=1.000 PNL=0.000 CREDIT=6
✓ [CAR 1] ACT=OK REP=0.872 RWD=1.000 PNL=0.000 CREDIT=5
[PASSIVE-BEACON] SIMNOW:5.414 CID:3 ZONE:1 RXUAV:1 EDGEPORT:9998 TS:5.400 SPD:20.000 HDG:1.600 PX:108.500 PY:-40.000 LAN:4 BRK:0 RX_X:0.000 RX_Y:0.000 RX_Z:0.000
[ZONE-ROUTE] CID:3 zone=1 edge_port=9998
[EDGE-RTT] CID:3 wall=1.1 ms  sim_delay=10.0 ms
>>> [UAV->CLOUD] BLK:0cd0|TX:7.0.0.7|CID:3|TS:5.400|SPD:20.0|HDG:1.6|PX:108.5|PY:-40.0|LA...
[PASSIVE-BEACON] SIMNOW:5.426 CID:8 ZONE:1 RXUAV:1 EDGEPORT:9998 TS:5.412 SPD:20.100 HDG:0.900 PX:128.900 PY:-40.000 LAN:4 BRK:0 RX_X:0.000 RX_Y:0.000 RX_Z:0.000
[ZONE-ROUTE] CID:8 zone=1 edge_port=9998
[EDGE-RTT] CID:8 wall=0.9 ms  sim_delay=10.0 ms
>>> [UAV->CLOUD] BLK:1991|TX:7.0.0.12|CID:8|TS:5.412|SPD:20.1|HDG:0.9|PX:128.9|PY:-40.0|L...
✓ [CAR 3] ACT=OK REP=1.000 RWD=1.000 PNL=0.000 CREDIT=5
✓ [CAR 8] ACT=OK REP=0.821 RWD=1.000 PNL=0.000 CREDIT=5
[PASSIVE-BEACON] SIMNOW:5.596 CID:6 ZONE:1 RXUAV:1 EDGEPORT:9998 TS:5.582 SPD:20.200 HDG:-0.200 PX:131.400 PY:-20.000 LAN:2 BRK:0 RX_X:0.000 RX_Y:0.000 RX_Z:0.000
[ZONE-ROUTE] CID:6 zone=1 edge_port=9998
[EDGE-RTT] CID:6 wall=1.2 ms  sim_delay=10.0 ms
>>> [UAV->CLOUD] BLK:d405|TX:7.0.0.10|CID:6|TS:5.582|SPD:20.2|HDG:-0.2|PX:131.4|PY:-20.0|...
✓ [CAR 6] ACT=OK REP=0.789 RWD=1.000 PNL=0.000 CREDIT=7
[PASSIVE-BEACON] SIMNOW:5.616 CID:9 ZONE:1 RXUAV:1 EDGEPORT:9998 TS:5.602 SPD:19.900 HDG:1.100 PX:131.400 PY:-50.000 LAN:5 BRK:0 RX_X:0.000 RX_Y:0.000 RX_Z:0.000
[ZONE-ROUTE] CID:9 zone=1 edge_port=9998
[EDGE-RTT] CID:9 wall=1.0 ms  sim_delay=10.0 ms
>>> [UAV->CLOUD] BLK:2156|TX:7.0.0.13|CID:9|TS:5.602|SPD:19.9|HDG:1.1|PX:131.4|PY:-50.0|L...
✓ [CAR 9] ACT=OK REP=0.946 RWD=1.000 PNL=0.000 CREDIT=7
[PASSIVE-BEACON] SIMNOW:5.644 CID:0 ZONE:1 RXUAV:1 EDGEPORT:9998 TS:5.630 SPD:20.000 HDG:-1.700 PX:113.000 PY:-10.000 LAN:1 BRK:0 RX_X:0.000 RX_Y:0.000 RX_Z:0.000
[ZONE-ROUTE] CID:0 zone=1 edge_port=9998
[EDGE-RTT] CID:0 wall=1.1 ms  sim_delay=10.0 ms
>>> [UAV->CLOUD] BLK:3d0c|TX:7.0.0.4|CID:0|TS:5.630|SPD:20.0|HDG:-1.7|PX:113.0|PY:-10.0|L...
✓ [CAR 0] ACT=OK REP=0.741 RWD=1.000 PNL=0.000 CREDIT=7
[PASSIVE-BEACON] SIMNOW:5.756 CID:7 ZONE:1 RXUAV:1 EDGEPORT:9998 TS:5.742 SPD:19.900 HDG:-1.300 PX:135.500 PY:-30.000 LAN:3 BRK:1 RX_X:0.000 RX_Y:0.000 RX_Z:0.000
[ZONE-ROUTE] CID:7 zone=1 edge_port=9998
[EDGE-RTT] CID:7 wall=1.1 ms  sim_delay=10.0 ms
>>> [UAV->CLOUD] BLK:6721|TX:7.0.0.11|CID:7|TS:5.742|SPD:19.9|HDG:-1.3|PX:135.5|PY:-30.0|...
✓ [CAR 7] ACT=OK REP=1.000 RWD=1.000 PNL=0.000 CREDIT=7
[PASSIVE-BEACON] SIMNOW:5.786 CID:5 ZONE:1 RXUAV:1 EDGEPORT:9998 TS:5.772 SPD:20.200 HDG:-1.300 PX:135.000 PY:-10.000 LAN:1 BRK:0 RX_X:0.000 RX_Y:0.000 RX_Z:0.000
[ZONE-ROUTE] CID:5 zone=1 edge_port=9998
[EDGE-RTT] CID:5 wall=1.1 ms  sim_delay=10.0 ms
>>> [UAV->CLOUD] BLK:0c23|TX:7.0.0.9|CID:5|TS:5.772|SPD:20.2|HDG:-1.3|PX:135.0|PY:-10.0|L...
✓ [CAR 5] ACT=OK REP=0.980 RWD=1.000 PNL=0.000 CREDIT=7
[PASSIVE-BEACON] SIMNOW:5.853 CID:4 ZONE:1 RXUAV:1 EDGEPORT:9998 TS:5.840 SPD:20.000 HDG:-1.200 PX:116.500 PY:-50.000 LAN:5 BRK:0 RX_X:0.000 RX_Y:0.000 RX_Z:0.000
[ZONE-ROUTE] CID:4 zone=1 edge_port=9998
[EDGE-RTT] CID:4 wall=1.1 ms  sim_delay=10.0 ms
>>> [UAV->CLOUD] BLK:db2f|TX:7.0.0.8|CID:4|TS:5.840|SPD:20.0|HDG:-1.2|PX:116.5|PY:-50.0|L...
✓ [CAR 4] ACT=OK REP=0.766 RWD=1.000 PNL=0.000 CREDIT=6
[PASSIVE-BEACON] SIMNOW:5.874 CID:2 ZONE:1 RXUAV:1 EDGEPORT:9998 TS:5.860 SPD:20.000 HDG:1.000 PX:116.800 PY:-30.000 LAN:3 BRK:0 RX_X:0.000 RX_Y:0.000 RX_Z:0.000
[ZONE-ROUTE] CID:2 zone=1 edge_port=9998
[EDGE-RTT] CID:2 wall=1.3 ms  sim_delay=10.0 ms
>>> [UAV->CLOUD] BLK:3a71|TX:7.0.0.6|CID:2|TS:5.860|SPD:20.0|HDG:1.0|PX:116.8|PY:-30.0|LA...
[PASSIVE-BEACON] SIMNOW:5.874 CID:1 ZONE:1 RXUAV:1 EDGEPORT:9998 TS:5.860 SPD:19.600 HDG:-1.400 PX:117.200 PY:-20.000 LAN:2 BRK:0 RX_X:0.000 RX_Y:0.000 RX_Z:0.000
[ZONE-ROUTE] CID:1 zone=1 edge_port=9998
[EDGE-RTT] CID:1 wall=2.2 ms  sim_delay=10.0 ms
>>> [UAV->CLOUD] BLK:ebad|TX:7.0.0.5|CID:1|TS:5.860|SPD:19.6|HDG:-1.4|PX:117.2|PY:-20.0|L...
✓ [CAR 2] ACT=OK REP=0.944 RWD=1.000 PNL=0.000 CREDIT=7
✓ [CAR 1] ACT=OK REP=0.724 RWD=1.000 PNL=0.000 CREDIT=6
[PASSIVE-BEACON] SIMNOW:5.914 CID:3 ZONE:1 RXUAV:1 EDGEPORT:9998 TS:5.900 SPD:19.900 HDG:1.100 PX:118.600 PY:-40.000 LAN:4 BRK:0 RX_X:0.000 RX_Y:0.000 RX_Z:0.000
[ZONE-ROUTE] CID:3 zone=1 edge_port=9998
[EDGE-RTT] CID:3 wall=1.3 ms  sim_delay=10.0 ms
>>> [UAV->CLOUD] BLK:acb6|TX:7.0.0.7|CID:3|TS:5.900|SPD:19.9|HDG:1.1|PX:118.6|PY:-40.0|LA...
[PASSIVE-BEACON] SIMNOW:5.926 CID:8 ZONE:1 RXUAV:1 EDGEPORT:9998 TS:5.912 SPD:19.900 HDG:1.700 PX:138.200 PY:-40.000 LAN:4 BRK:0 RX_X:0.000 RX_Y:0.000 RX_Z:0.000
[ZONE-ROUTE] CID:8 zone=1 edge_port=9998
[EDGE-RTT] CID:8 wall=1.0 ms  sim_delay=10.0 ms
>>> [UAV->CLOUD] BLK:d919|TX:7.0.0.12|CID:8|TS:5.912|SPD:19.9|HDG:1.7|PX:138.2|PY:-40.0|L...
✓ [CAR 3] ACT=OK REP=0.740 RWD=1.000 PNL=0.000 CREDIT=6
✓ [CAR 8] ACT=OK REP=1.000 RWD=1.000 PNL=0.000 CREDIT=6
[PASSIVE-BEACON] SIMNOW:6.096 CID:6 ZONE:1 RXUAV:1 EDGEPORT:9998 TS:6.082 SPD:20.500 HDG:-1.000 PX:141.700 PY:-20.000 LAN:2 BRK:0 RX_X:0.000 RX_Y:0.000 RX_Z:0.000
[ZONE-ROUTE] CID:6 zone=1 edge_port=9998
[EDGE-RTT] CID:6 wall=1.2 ms  sim_delay=10.0 ms
>>> [UAV->CLOUD] BLK:0557|TX:7.0.0.10|CID:6|TS:6.082|SPD:20.5|HDG:-1.0|PX:141.7|PY:-20.0|...
✓ [CAR 6] ACT=OK REP=1.000 RWD=1.000 PNL=0.000 CREDIT=8
[PASSIVE-BEACON] SIMNOW:6.116 CID:9 ZONE:1 RXUAV:1 EDGEPORT:9998 TS:6.102 SPD:20.000 HDG:-0.500 PX:142.100 PY:-50.000 LAN:5 BRK:0 RX_X:0.000 RX_Y:0.000 RX_Z:0.000
[ZONE-ROUTE] CID:9 zone=1 edge_port=9998
[EDGE-RTT] CID:9 wall=1.2 ms  sim_delay=10.0 ms
>>> [UAV->CLOUD] BLK:c4b3|TX:7.0.0.13|CID:9|TS:6.102|SPD:20.0|HDG:-0.5|PX:142.1|PY:-50.0|...
✓ [CAR 9] ACT=OK REP=1.000 RWD=1.000 PNL=0.000 CREDIT=8
[PASSIVE-BEACON] SIMNOW:6.144 CID:0 ZONE:1 RXUAV:1 EDGEPORT:9998 TS:6.130 SPD:19.600 HDG:1.200 PX:123.200 PY:-10.000 LAN:1 BRK:0 RX_X:0.000 RX_Y:0.000 RX_Z:0.000
[ZONE-ROUTE] CID:0 zone=1 edge_port=9998
[EDGE-RTT] CID:0 wall=1.3 ms  sim_delay=10.0 ms
>>> [UAV->CLOUD] BLK:bf04|TX:7.0.0.4|CID:0|TS:6.130|SPD:19.6|HDG:1.2|PX:123.2|PY:-10.0|LA...
✓ [CAR 0] ACT=OK REP=0.817 RWD=1.000 PNL=0.000 CREDIT=8
[PASSIVE-BEACON] SIMNOW:6.256 CID:7 ZONE:1 RXUAV:1 EDGEPORT:9998 TS:6.242 SPD:19.600 HDG:1.900 PX:144.500 PY:-30.000 LAN:3 BRK:0 RX_X:0.000 RX_Y:0.000 RX_Z:0.000
[ZONE-ROUTE] CID:7 zone=1 edge_port=9998
[EDGE-RTT] CID:7 wall=1.2 ms  sim_delay=10.0 ms
>>> [UAV->CLOUD] BLK:9f79|TX:7.0.0.11|CID:7|TS:6.242|SPD:19.6|HDG:1.9|PX:144.5|PY:-30.0|L...
✓ [CAR 7] ACT=OK REP=0.838 RWD=1.000 PNL=0.000 CREDIT=8
[PASSIVE-BEACON] SIMNOW:6.286 CID:5 ZONE:1 RXUAV:1 EDGEPORT:9998 TS:6.272 SPD:20.000 HDG:-1.100 PX:145.700 PY:-10.000 LAN:1 BRK:0 RX_X:0.000 RX_Y:0.000 RX_Z:0.000
[ZONE-ROUTE] CID:5 zone=1 edge_port=9998
[EDGE-RTT] CID:5 wall=1.0 ms  sim_delay=10.0 ms
>>> [UAV->CLOUD] BLK:3959|TX:7.0.0.9|CID:5|TS:6.272|SPD:20.0|HDG:-1.1|PX:145.7|PY:-10.0|L...
✓ [CAR 5] ACT=OK REP=0.736 RWD=1.000 PNL=0.000 CREDIT=8
[PASSIVE-BEACON] SIMNOW:6.354 CID:4 ZONE:1 RXUAV:1 EDGEPORT:9998 TS:6.340 SPD:20.300 HDG:-1.200 PX:126.500 PY:-50.000 LAN:5 BRK:0 RX_X:0.000 RX_Y:0.000 RX_Z:0.000
[ZONE-ROUTE] CID:4 zone=1 edge_port=9998
[EDGE-RTT] CID:4 wall=1.2 ms  sim_delay=10.0 ms
>>> [UAV->CLOUD] BLK:9ada|TX:7.0.0.8|CID:4|TS:6.340|SPD:20.3|HDG:-1.2|PX:126.5|PY:-50.0|L...
✓ [CAR 4] ACT=OK REP=0.707 RWD=1.000 PNL=0.000 CREDIT=7
[PASSIVE-BEACON] SIMNOW:6.374 CID:2 ZONE:1 RXUAV:1 EDGEPORT:9998 TS:6.360 SPD:20.000 HDG:-0.500 PX:127.000 PY:-30.000 LAN:3 BRK:0 RX_X:0.000 RX_Y:0.000 RX_Z:0.000
[ZONE-ROUTE] CID:2 zone=1 edge_port=9998
[EDGE-RTT] CID:2 wall=1.1 ms  sim_delay=10.0 ms
>>> [UAV->CLOUD] BLK:9b42|TX:7.0.0.6|CID:2|TS:6.360|SPD:20.0|HDG:-0.5|PX:127.0|PY:-30.0|L...
[PASSIVE-BEACON] SIMNOW:6.374 CID:1 ZONE:1 RXUAV:1 EDGEPORT:9998 TS:6.360 SPD:19.800 HDG:-1.700 PX:127.000 PY:-20.000 LAN:2 BRK:0 RX_X:0.000 RX_Y:0.000 RX_Z:0.000
[ZONE-ROUTE] CID:1 zone=1 edge_port=9998
[EDGE-RTT] CID:1 wall=1.7 ms  sim_delay=10.0 ms
>>> [UAV->CLOUD] BLK:d941|TX:7.0.0.5|CID:1|TS:6.360|SPD:19.8|HDG:-1.7|PX:127.0|PY:-20.0|L...
✓ [CAR 1] ACT=OK REP=0.850 RWD=1.000 PNL=0.000 CREDIT=7
✓ [CAR 2] ACT=OK REP=1.000 RWD=1.000 PNL=0.000 CREDIT=8
[PASSIVE-BEACON] SIMNOW:6.413 CID:3 ZONE:1 RXUAV:1 EDGEPORT:9998 TS:6.400 SPD:19.600 HDG:1.200 PX:127.900 PY:-40.000 LAN:4 BRK:1 RX_X:0.000 RX_Y:0.000 RX_Z:0.000
[ZONE-ROUTE] CID:3 zone=1 edge_port=9998
[EDGE-RTT] CID:3 wall=1.0 ms  sim_delay=10.0 ms
>>> [UAV->CLOUD] BLK:b1cd|TX:7.0.0.7|CID:3|TS:6.400|SPD:19.6|HDG:1.2|PX:127.9|PY:-40.0|LA...
✓ [CAR 3] ACT=OK REP=0.558 RWD=1.000 PNL=0.000 CREDIT=7
[PASSIVE-BEACON] SIMNOW:6.426 CID:8 ZONE:1 RXUAV:1 EDGEPORT:9998 TS:6.412 SPD:20.200 HDG:-1.600 PX:148.500 PY:-40.000 LAN:4 BRK:0 RX_X:0.000 RX_Y:0.000 RX_Z:0.000
[ZONE-ROUTE] CID:8 zone=1 edge_port=9998
[EDGE-RTT] CID:8 wall=1.2 ms  sim_delay=10.0 ms
>>> [UAV->CLOUD] BLK:ddb5|TX:7.0.0.12|CID:8|TS:6.412|SPD:20.2|HDG:-1.6|PX:148.5|PY:-40.0|...
✓ [CAR 8] ACT=OK REP=1.000 RWD=1.000 PNL=0.000 CREDIT=7
[PASSIVE-BEACON] SIMNOW:6.596 CID:6 ZONE:1 RXUAV:1 EDGEPORT:9998 TS:6.582 SPD:19.900 HDG:0.600 PX:151.800 PY:-20.000 LAN:2 BRK:0 RX_X:0.000 RX_Y:0.000 RX_Z:0.000
[ZONE-ROUTE] CID:6 zone=1 edge_port=9998
[EDGE-RTT] CID:6 wall=1.2 ms  sim_delay=10.0 ms
>>> [UAV->CLOUD] BLK:23d2|TX:7.0.0.10|CID:6|TS:6.582|SPD:19.9|HDG:0.6|PX:151.8|PY:-20.0|L...
✓ [CAR 6] ACT=OK REP=0.693 RWD=1.000 PNL=0.000 CREDIT=9
[PASSIVE-BEACON] SIMNOW:6.615 CID:9 ZONE:1 RXUAV:1 EDGEPORT:9998 TS:6.602 SPD:20.200 HDG:1.100 PX:151.500 PY:-50.000 LAN:5 BRK:0 RX_X:0.000 RX_Y:0.000 RX_Z:0.000
[ZONE-ROUTE] CID:9 zone=1 edge_port=9998
[EDGE-RTT] CID:9 wall=0.8 ms  sim_delay=10.0 ms
>>> [UAV->CLOUD] BLK:ec2b|TX:7.0.0.13|CID:9|TS:6.602|SPD:20.2|HDG:1.1|PX:151.5|PY:-50.0|L...
✓ [CAR 9] ACT=OK REP=0.831 RWD=1.000 PNL=0.000 CREDIT=9
[PASSIVE-BEACON] SIMNOW:6.644 CID:0 ZONE:1 RXUAV:1 EDGEPORT:9998 TS:6.630 SPD:19.700 HDG:-0.000 PX:133.100 PY:-10.000 LAN:1 BRK:0 RX_X:0.000 RX_Y:0.000 RX_Z:0.000
[ZONE-ROUTE] CID:0 zone=1 edge_port=9998
[EDGE-RTT] CID:0 wall=1.2 ms  sim_delay=10.0 ms
>>> [UAV->CLOUD] BLK:6cda|TX:7.0.0.4|CID:0|TS:6.630|SPD:19.7|HDG:-0.0|PX:133.1|PY:-10.0|L...
✓ [CAR 0] ACT=OK REP=0.913 RWD=1.000 PNL=0.000 CREDIT=9
[PASSIVE-BEACON] SIMNOW:6.756 CID:7 ZONE:1 RXUAV:1 EDGEPORT:9998 TS:6.742 SPD:20.100 HDG:-0.400 PX:155.200 PY:-30.000 LAN:3 BRK:1 RX_X:0.000 RX_Y:0.000 RX_Z:0.000
[ZONE-ROUTE] CID:7 zone=1 edge_port=9998
[EDGE-RTT] CID:7 wall=0.9 ms  sim_delay=10.0 ms
>>> [UAV->CLOUD] BLK:e6aa|TX:7.0.0.11|CID:7|TS:6.742|SPD:20.1|HDG:-0.4|PX:155.2|PY:-30.0|...
✓ [CAR 7] ACT=OK REP=0.733 RWD=1.000 PNL=0.000 CREDIT=9
[PASSIVE-BEACON] SIMNOW:6.786 CID:5 ZONE:1 RXUAV:1 EDGEPORT:9998 TS:6.772 SPD:20.200 HDG:1.200 PX:156.000 PY:-10.000 LAN:1 BRK:0 RX_X:0.000 RX_Y:0.000 RX_Z:0.000
[ZONE-ROUTE] CID:5 zone=1 edge_port=9998
[EDGE-RTT] CID:5 wall=1.3 ms  sim_delay=10.0 ms
>>> [UAV->CLOUD] BLK:14e5|TX:7.0.0.9|CID:5|TS:6.772|SPD:20.2|HDG:1.2|PX:156.0|PY:-10.0|LA...
✓ [CAR 5] ACT=OK REP=1.000 RWD=1.000 PNL=0.000 CREDIT=9
[PASSIVE-BEACON] SIMNOW:6.854 CID:4 ZONE:1 RXUAV:1 EDGEPORT:9998 TS:6.840 SPD:19.900 HDG:-0.000 PX:136.200 PY:-50.000 LAN:5 BRK:0 RX_X:0.000 RX_Y:0.000 RX_Z:0.000
[ZONE-ROUTE] CID:4 zone=1 edge_port=9998
[EDGE-RTT] CID:4 wall=1.2 ms  sim_delay=10.0 ms
>>> [UAV->CLOUD] BLK:2fc5|TX:7.0.0.8|CID:4|TS:6.840|SPD:19.9|HDG:-0.0|PX:136.2|PY:-50.0|L...
✓ [CAR 4] ACT=OK REP=1.000 RWD=1.000 PNL=0.000 CREDIT=8
[PASSIVE-BEACON] SIMNOW:6.874 CID:2 ZONE:1 RXUAV:1 EDGEPORT:9998 TS:6.860 SPD:19.700 HDG:-0.400 PX:137.500 PY:-30.000 LAN:3 BRK:0 RX_X:0.000 RX_Y:0.000 RX_Z:0.000
[ZONE-ROUTE] CID:2 zone=1 edge_port=9998
[EDGE-RTT] CID:2 wall=0.9 ms  sim_delay=10.0 ms
>>> [UAV->CLOUD] BLK:0577|TX:7.0.0.6|CID:2|TS:6.860|SPD:19.7|HDG:-0.4|PX:137.5|PY:-30.0|L...
[PASSIVE-BEACON] SIMNOW:6.874 CID:1 ZONE:1 RXUAV:1 EDGEPORT:9998 TS:6.860 SPD:19.900 HDG:-0.900 PX:137.200 PY:-20.000 LAN:2 BRK:0 RX_X:0.000 RX_Y:0.000 RX_Z:0.000
[ZONE-ROUTE] CID:1 zone=1 edge_port=9998
[EDGE-RTT] CID:1 wall=2.0 ms  sim_delay=10.0 ms
>>> [UAV->CLOUD] BLK:0195|TX:7.0.0.5|CID:1|TS:6.860|SPD:19.9|HDG:-0.9|PX:137.2|PY:-20.0|L...
✓ [CAR 1] ACT=OK REP=0.884 RWD=1.000 PNL=0.000 CREDIT=8
✓ [CAR 2] ACT=OK REP=0.795 RWD=1.000 PNL=0.000 CREDIT=9
[PASSIVE-BEACON] SIMNOW:6.914 CID:3 ZONE:1 RXUAV:1 EDGEPORT:9998 TS:6.900 SPD:19.700 HDG:-0.600 PX:137.400 PY:-40.000 LAN:4 BRK:0 RX_X:0.000 RX_Y:0.000 RX_Z:0.000
[ZONE-ROUTE] CID:3 zone=1 edge_port=9998
[EDGE-RTT] CID:3 wall=1.1 ms  sim_delay=10.0 ms
>>> [UAV->CLOUD] BLK:6580|TX:7.0.0.7|CID:3|TS:6.900|SPD:19.7|HDG:-0.6|PX:137.4|PY:-40.0|L...
[PASSIVE-BEACON] SIMNOW:6.926 CID:8 ZONE:1 RXUAV:1 EDGEPORT:9998 TS:6.912 SPD:19.900 HDG:0.500 PX:157.600 PY:-40.000 LAN:4 BRK:0 RX_X:0.000 RX_Y:0.000 RX_Z:0.000
[ZONE-ROUTE] CID:8 zone=1 edge_port=9998
[EDGE-RTT] CID:8 wall=1.0 ms  sim_delay=10.0 ms
>>> [UAV->CLOUD] BLK:83a0|TX:7.0.0.12|CID:8|TS:6.912|SPD:19.9|HDG:0.5|PX:157.6|PY:-40.0|L...
✓ [CAR 3] ACT=OK REP=0.970 RWD=1.000 PNL=0.000 CREDIT=8
✓ [CAR 8] ACT=OK REP=0.833 RWD=1.000 PNL=0.000 CREDIT=8
[PASSIVE-BEACON] SIMNOW:7.096 CID:6 ZONE:1 RXUAV:1 EDGEPORT:9998 TS:7.082 SPD:20.400 HDG:0.200 PX:161.500 PY:-20.000 LAN:2 BRK:0 RX_X:0.000 RX_Y:0.000 RX_Z:0.000
[ZONE-ROUTE] CID:6 zone=1 edge_port=9998
[EDGE-RTT] CID:6 wall=1.1 ms  sim_delay=10.0 ms
>>> [UAV->CLOUD] BLK:407b|TX:7.0.0.10|CID:6|TS:7.082|SPD:20.4|HDG:0.2|PX:161.5|PY:-20.0|L...
✓ [CAR 6] ACT=OK REP=1.000 RWD=1.000 PNL=0.000 CREDIT=10
[PASSIVE-BEACON] SIMNOW:7.116 CID:9 ZONE:1 RXUAV:1 EDGEPORT:9998 TS:7.102 SPD:20.500 HDG:0.400 PX:162.700 PY:-50.000 LAN:5 BRK:0 RX_X:0.000 RX_Y:0.000 RX_Z:0.000
[ZONE-ROUTE] CID:9 zone=1 edge_port=9998
[EDGE-RTT] CID:9 wall=1.2 ms  sim_delay=10.0 ms
>>> [UAV->CLOUD] BLK:05e4|TX:7.0.0.13|CID:9|TS:7.102|SPD:20.5|HDG:0.4|PX:162.7|PY:-50.0|L...
✓ [CAR 9] ACT=OK REP=0.889 RWD=1.000 PNL=0.000 CREDIT=10
[PASSIVE-BEACON] SIMNOW:7.144 CID:0 ZONE:1 RXUAV:1 EDGEPORT:9998 TS:7.130 SPD:19.800 HDG:-0.700 PX:142.400 PY:-10.000 LAN:1 BRK:0 RX_X:0.000 RX_Y:0.000 RX_Z:0.000
[ZONE-ROUTE] CID:0 zone=1 edge_port=9998
[EDGE-RTT] CID:0 wall=1.2 ms  sim_delay=10.0 ms
>>> [UAV->CLOUD] BLK:53ba|TX:7.0.0.4|CID:0|TS:7.130|SPD:19.8|HDG:-0.7|PX:142.4|PY:-10.0|L...
✓ [CAR 0] ACT=OK REP=0.820 RWD=1.000 PNL=0.000 CREDIT=10
[PASSIVE-BEACON] SIMNOW:7.256 CID:7 ZONE:1 RXUAV:1 EDGEPORT:9998 TS:7.242 SPD:20.100 HDG:-1.500 PX:164.400 PY:-30.000 LAN:3 BRK:0 RX_X:0.000 RX_Y:0.000 RX_Z:0.000
[ZONE-ROUTE] CID:7 zone=1 edge_port=9998
[EDGE-RTT] CID:7 wall=1.3 ms  sim_delay=10.0 ms
>>> [UAV->CLOUD] BLK:489f|TX:7.0.0.11|CID:7|TS:7.242|SPD:20.1|HDG:-1.5|PX:164.4|PY:-30.0|...
✓ [CAR 7] ACT=OK REP=0.922 RWD=1.000 PNL=0.000 CREDIT=10
[PASSIVE-BEACON] SIMNOW:7.286 CID:5 ZONE:1 RXUAV:1 EDGEPORT:9998 TS:7.272 SPD:19.700 HDG:0.100 PX:165.800 PY:-10.000 LAN:1 BRK:1 RX_X:0.000 RX_Y:0.000 RX_Z:0.000
[ZONE-ROUTE] CID:5 zone=1 edge_port=9998
[EDGE-RTT] CID:5 wall=1.2 ms  sim_delay=10.0 ms
>>> [UAV->CLOUD] BLK:1f74|TX:7.0.0.9|CID:5|TS:7.272|SPD:19.7|HDG:0.1|PX:165.8|PY:-10.0|LA...
✓ [CAR 5] ACT=OK REP=1.000 RWD=1.000 PNL=0.000 CREDIT=10
[PASSIVE-BEACON] SIMNOW:7.354 CID:4 ZONE:1 RXUAV:1 EDGEPORT:9998 TS:7.340 SPD:20.000 HDG:-1.600 PX:146.300 PY:-50.000 LAN:5 BRK:0 RX_X:0.000 RX_Y:0.000 RX_Z:0.000
[ZONE-ROUTE] CID:4 zone=1 edge_port=9998
[EDGE-RTT] CID:4 wall=1.3 ms  sim_delay=10.0 ms
>>> [UAV->CLOUD] BLK:a8f6|TX:7.0.0.8|CID:4|TS:7.340|SPD:20.0|HDG:-1.6|PX:146.3|PY:-50.0|L...
✓ [CAR 4] ACT=OK REP=0.919 RWD=1.000 PNL=0.000 CREDIT=9
[PASSIVE-BEACON] SIMNOW:7.374 CID:2 ZONE:1 RXUAV:1 EDGEPORT:9998 TS:7.360 SPD:19.600 HDG:-1.500 PX:146.500 PY:-30.000 LAN:3 BRK:0 RX_X:0.000 RX_Y:0.000 RX_Z:0.000
[ZONE-ROUTE] CID:2 zone=1 edge_port=9998
[EDGE-RTT] CID:2 wall=1.2 ms  sim_delay=10.0 ms
>>> [UAV->CLOUD] BLK:25bc|TX:7.0.0.6|CID:2|TS:7.360|SPD:19.6|HDG:-1.5|PX:146.5|PY:-30.0|L...
[PASSIVE-BEACON] SIMNOW:7.374 CID:1 ZONE:1 RXUAV:1 EDGEPORT:9998 TS:7.360 SPD:19.500 HDG:-1.900 PX:147.500 PY:-20.000 LAN:2 BRK:0 RX_X:0.000 RX_Y:0.000 RX_Z:0.000
[ZONE-ROUTE] CID:1 zone=1 edge_port=9998
[EDGE-RTT] CID:1 wall=2.1 ms  sim_delay=10.0 ms
>>> [UAV->CLOUD] BLK:05ab|TX:7.0.0.5|CID:1|TS:7.360|SPD:19.5|HDG:-1.9|PX:147.5|PY:-20.0|L...
✓ [CAR 2] ACT=OK REP=1.000 RWD=1.000 PNL=0.000 CREDIT=10
✓ [CAR 1] ACT=OK REP=0.863 RWD=1.000 PNL=0.000 CREDIT=9
[PASSIVE-BEACON] SIMNOW:7.414 CID:3 ZONE:1 RXUAV:1 EDGEPORT:9998 TS:7.400 SPD:20.100 HDG:-0.600 PX:147.300 PY:-40.000 LAN:4 BRK:1 RX_X:0.000 RX_Y:0.000 RX_Z:0.000
[ZONE-ROUTE] CID:3 zone=1 edge_port=9998
[EDGE-RTT] CID:3 wall=1.2 ms  sim_delay=10.0 ms
>>> [UAV->CLOUD] BLK:9fec|TX:7.0.0.7|CID:3|TS:7.400|SPD:20.1|HDG:-0.6|PX:147.3|PY:-40.0|L...
[PASSIVE-BEACON] SIMNOW:7.426 CID:8 ZONE:1 RXUAV:1 EDGEPORT:9998 TS:7.412 SPD:19.500 HDG:-0.800 PX:168.300 PY:-40.000 LAN:4 BRK:0 RX_X:0.000 RX_Y:0.000 RX_Z:0.000
[ZONE-ROUTE] CID:8 zone=1 edge_port=9998
[EDGE-RTT] CID:8 wall=1.0 ms  sim_delay=10.0 ms
>>> [UAV->CLOUD] BLK:82de|TX:7.0.0.12|CID:8|TS:7.412|SPD:19.5|HDG:-0.8|PX:168.3|PY:-40.0|...
✓ [CAR 3] ACT=OK REP=0.914 RWD=1.000 PNL=0.000 CREDIT=9
✓ [CAR 8] ACT=OK REP=1.000 RWD=1.000 PNL=0.000 CREDIT=9
[PASSIVE-BEACON] SIMNOW:7.596 CID:6 ZONE:1 RXUAV:1 EDGEPORT:9998 TS:7.582 SPD:19.600 HDG:-0.100 PX:171.600 PY:-20.000 LAN:2 BRK:0 RX_X:0.000 RX_Y:0.000 RX_Z:0.000
[ZONE-ROUTE] CID:6 zone=1 edge_port=9998
[EDGE-RTT] CID:6 wall=1.1 ms  sim_delay=10.0 ms
>>> [UAV->CLOUD] BLK:2f7d|TX:7.0.0.10|CID:6|TS:7.582|SPD:19.6|HDG:-0.1|PX:171.6|PY:-20.0|...
✓ [CAR 6] ACT=OK REP=0.865 RWD=1.000 PNL=0.000 CREDIT=11
[PASSIVE-BEACON] SIMNOW:7.616 CID:9 ZONE:1 RXUAV:1 EDGEPORT:9998 TS:7.602 SPD:19.900 HDG:1.900 PX:171.500 PY:-50.000 LAN:5 BRK:0 RX_X:0.000 RX_Y:0.000 RX_Z:0.000
[ZONE-ROUTE] CID:9 zone=1 edge_port=9998
[EDGE-RTT] CID:9 wall=1.3 ms  sim_delay=10.0 ms
>>> [UAV->CLOUD] BLK:7b67|TX:7.0.0.13|CID:9|TS:7.602|SPD:19.9|HDG:1.9|PX:171.5|PY:-50.0|L...
✓ [CAR 9] ACT=OK REP=0.729 RWD=1.000 PNL=0.000 CREDIT=11
[PASSIVE-BEACON] SIMNOW:7.644 CID:0 ZONE:1 RXUAV:1 EDGEPORT:9998 TS:7.630 SPD:20.100 HDG:0.800 PX:153.200 PY:-10.000 LAN:1 BRK:0 RX_X:0.000 RX_Y:0.000 RX_Z:0.000
[ZONE-ROUTE] CID:0 zone=1 edge_port=9998
[EDGE-RTT] CID:0 wall=1.2 ms  sim_delay=10.0 ms
>>> [UAV->CLOUD] BLK:dca3|TX:7.0.0.4|CID:0|TS:7.630|SPD:20.1|HDG:0.8|PX:153.2|PY:-10.0|LA...
✓ [CAR 0] ACT=OK REP=0.918 RWD=1.000 PNL=0.000 CREDIT=11
[PASSIVE-BEACON] SIMNOW:7.756 CID:7 ZONE:1 RXUAV:1 EDGEPORT:9998 TS:7.742 SPD:20.400 HDG:-1.900 PX:175.400 PY:-30.000 LAN:3 BRK:0 RX_X:0.000 RX_Y:0.000 RX_Z:0.000
[ZONE-ROUTE] CID:7 zone=1 edge_port=9998
[EDGE-RTT] CID:7 wall=1.0 ms  sim_delay=10.0 ms
>>> [UAV->CLOUD] BLK:b4f7|TX:7.0.0.11|CID:7|TS:7.742|SPD:20.4|HDG:-1.9|PX:175.4|PY:-30.0|...
✓ [CAR 7] ACT=OK REP=0.897 RWD=1.000 PNL=0.000 CREDIT=11
[PASSIVE-BEACON] SIMNOW:7.786 CID:5 ZONE:1 RXUAV:1 EDGEPORT:9998 TS:7.772 SPD:20.300 HDG:-0.600 PX:175.500 PY:-10.000 LAN:1 BRK:0 RX_X:0.000 RX_Y:0.000 RX_Z:0.000
[ZONE-ROUTE] CID:5 zone=1 edge_port=9998
[EDGE-RTT] CID:5 wall=1.2 ms  sim_delay=10.0 ms
>>> [UAV->CLOUD] BLK:4c05|TX:7.0.0.9|CID:5|TS:7.772|SPD:20.3|HDG:-0.6|PX:175.5|PY:-10.0|L...
✓ [CAR 5] ACT=OK REP=0.852 RWD=1.000 PNL=0.000 CREDIT=11
[PASSIVE-BEACON] SIMNOW:7.854 CID:4 ZONE:1 RXUAV:1 EDGEPORT:9998 TS:7.840 SPD:20.100 HDG:-1.900 PX:157.100 PY:-50.000 LAN:5 BRK:0 RX_X:0.000 RX_Y:0.000 RX_Z:0.000
[ZONE-ROUTE] CID:4 zone=1 edge_port=9998
[EDGE-RTT] CID:4 wall=1.2 ms  sim_delay=10.0 ms
>>> [UAV->CLOUD] BLK:1e45|TX:7.0.0.8|CID:4|TS:7.840|SPD:20.1|HDG:-1.9|PX:157.1|PY:-50.0|L...
✓ [CAR 4] ACT=OK REP=0.610 RWD=1.000 PNL=0.000 CREDIT=10
[PASSIVE-BEACON] SIMNOW:7.874 CID:2 ZONE:1 RXUAV:1 EDGEPORT:9998 TS:7.860 SPD:19.800 HDG:-0.100 PX:156.500 PY:-30.000 LAN:3 BRK:0 RX_X:0.000 RX_Y:0.000 RX_Z:0.000
[ZONE-ROUTE] CID:2 zone=1 edge_port=9998
[EDGE-RTT] CID:2 wall=0.9 ms  sim_delay=10.0 ms
>>> [UAV->CLOUD] BLK:3c71|TX:7.0.0.6|CID:2|TS:7.860|SPD:19.8|HDG:-0.1|PX:156.5|PY:-30.0|L...
[PASSIVE-BEACON] SIMNOW:7.874 CID:1 ZONE:1 RXUAV:1 EDGEPORT:9998 TS:7.860 SPD:20.300 HDG:-0.200 PX:157.100 PY:-20.000 LAN:2 BRK:0 RX_X:0.000 RX_Y:0.000 RX_Z:0.000
[ZONE-ROUTE] CID:1 zone=1 edge_port=9998
[EDGE-RTT] CID:1 wall=2.1 ms  sim_delay=10.0 ms
>>> [UAV->CLOUD] BLK:aafb|TX:7.0.0.5|CID:1|TS:7.860|SPD:20.3|HDG:-0.2|PX:157.1|PY:-20.0|L...
✓ [CAR 2] ACT=OK REP=0.565 RWD=1.000 PNL=0.000 CREDIT=11
✓ [CAR 1] ACT=OK REP=0.723 RWD=1.000 PNL=0.000 CREDIT=10
[PASSIVE-BEACON] SIMNOW:7.914 CID:3 ZONE:1 RXUAV:1 EDGEPORT:9998 TS:7.900 SPD:20.300 HDG:0.000 PX:158.200 PY:-40.000 LAN:4 BRK:0 RX_X:0.000 RX_Y:0.000 RX_Z:0.000
[ZONE-ROUTE] CID:3 zone=1 edge_port=9998
[EDGE-RTT] CID:3 wall=1.0 ms  sim_delay=10.0 ms
>>> [UAV->CLOUD] BLK:a8b9|TX:7.0.0.7|CID:3|TS:7.900|SPD:20.3|HDG:0.0|PX:158.2|PY:-40.0|LA...
[PASSIVE-BEACON] SIMNOW:7.926 CID:8 ZONE:1 RXUAV:1 EDGEPORT:9998 TS:7.912 SPD:19.600 HDG:-0.400 PX:178.500 PY:-40.000 LAN:4 BRK:0 RX_X:0.000 RX_Y:0.000 RX_Z:0.000
[ZONE-ROUTE] CID:8 zone=1 edge_port=9998
[EDGE-RTT] CID:8 wall=0.9 ms  sim_delay=10.0 ms
>>> [UAV->CLOUD] BLK:89ea|TX:7.0.0.12|CID:8|TS:7.912|SPD:19.6|HDG:-0.4|PX:178.5|PY:-40.0|...
✓ [CAR 3] ACT=OK REP=0.595 RWD=1.000 PNL=0.000 CREDIT=10
✓ [CAR 8] ACT=OK REP=0.674 RWD=1.000 PNL=0.000 CREDIT=10
[PASSIVE-BEACON] SIMNOW:8.096 CID:6 ZONE:1 RXUAV:1 EDGEPORT:9998 TS:8.082 SPD:20.200 HDG:0.400 PX:182.100 PY:-20.000 LAN:2 BRK:1 RX_X:0.000 RX_Y:0.000 RX_Z:0.000
[ZONE-ROUTE] CID:6 zone=1 edge_port=9998
[EDGE-RTT] CID:6 wall=1.2 ms  sim_delay=10.0 ms
>>> [UAV->CLOUD] BLK:38bc|TX:7.0.0.10|CID:6|TS:8.082|SPD:20.2|HDG:0.4|PX:182.1|PY:-20.0|L...
✓ [CAR 6] ACT=OK REP=0.893 RWD=1.000 PNL=0.000 CREDIT=12
[PASSIVE-BEACON] SIMNOW:8.115 CID:9 ZONE:1 RXUAV:1 EDGEPORT:9998 TS:8.102 SPD:20.300 HDG:-1.300 PX:181.400 PY:-50.000 LAN:5 BRK:0 RX_X:0.000 RX_Y:0.000 RX_Z:0.000
[ZONE-ROUTE] CID:9 zone=1 edge_port=9998
[EDGE-RTT] CID:9 wall=1.2 ms  sim_delay=10.0 ms
>>> [UAV->CLOUD] BLK:c084|TX:7.0.0.13|CID:9|TS:8.102|SPD:20.3|HDG:-1.3|PX:181.4|PY:-50.0|...
✓ [CAR 9] ACT=OK REP=0.660 RWD=1.000 PNL=0.000 CREDIT=12
[PASSIVE-BEACON] SIMNOW:8.144 CID:0 ZONE:1 RXUAV:1 EDGEPORT:9998 TS:8.130 SPD:19.700 HDG:0.100 PX:162.900 PY:-10.000 LAN:1 BRK:1 RX_X:0.000 RX_Y:0.000 RX_Z:0.000
[ZONE-ROUTE] CID:0 zone=1 edge_port=9998
[EDGE-RTT] CID:0 wall=1.4 ms  sim_delay=10.0 ms
>>> [UAV->CLOUD] BLK:ba78|TX:7.0.0.4|CID:0|TS:8.130|SPD:19.7|HDG:0.1|PX:162.9|PY:-10.0|LA...
✓ [CAR 0] ACT=OK REP=1.000 RWD=1.000 PNL=0.000 CREDIT=12
[PASSIVE-BEACON] SIMNOW:8.256 CID:7 ZONE:1 RXUAV:1 EDGEPORT:9998 TS:8.242 SPD:20.000 HDG:1.200 PX:185.100 PY:-30.000 LAN:3 BRK:0 RX_X:0.000 RX_Y:0.000 RX_Z:0.000
[ZONE-ROUTE] CID:7 zone=1 edge_port=9998
[EDGE-RTT] CID:7 wall=0.9 ms  sim_delay=10.0 ms
>>> [UAV->CLOUD] BLK:ac84|TX:7.0.0.11|CID:7|TS:8.242|SPD:20.0|HDG:1.2|PX:185.1|PY:-30.0|L...
✓ [CAR 7] ACT=OK REP=0.977 RWD=1.000 PNL=0.000 CREDIT=12
[PASSIVE-BEACON] SIMNOW:8.286 CID:5 ZONE:1 RXUAV:1 EDGEPORT:9998 TS:8.272 SPD:20.100 HDG:-0.400 PX:184.900 PY:-10.000 LAN:1 BRK:0 RX_X:0.000 RX_Y:0.000 RX_Z:0.000
[ZONE-ROUTE] CID:5 zone=1 edge_port=9998
[EDGE-RTT] CID:5 wall=0.9 ms  sim_delay=10.0 ms
>>> [UAV->CLOUD] BLK:cba0|TX:7.0.0.9|CID:5|TS:8.272|SPD:20.1|HDG:-0.4|PX:184.9|PY:-10.0|L...
✓ [CAR 5] ACT=OK REP=0.866 RWD=1.000 PNL=0.000 CREDIT=12
[PASSIVE-BEACON] SIMNOW:8.354 CID:4 ZONE:1 RXUAV:1 EDGEPORT:9998 TS:8.340 SPD:20.100 HDG:0.200 PX:166.400 PY:-50.000 LAN:5 BRK:0 RX_X:0.000 RX_Y:0.000 RX_Z:0.000
[ZONE-ROUTE] CID:4 zone=1 edge_port=9998
[EDGE-RTT] CID:4 wall=1.2 ms  sim_delay=10.0 ms
>>> [UAV->CLOUD] BLK:54fa|TX:7.0.0.8|CID:4|TS:8.340|SPD:20.1|HDG:0.2|PX:166.4|PY:-50.0|LA...
✓ [CAR 4] ACT=OK REP=1.000 RWD=1.000 PNL=0.000 CREDIT=11
[PASSIVE-BEACON] SIMNOW:8.374 CID:2 ZONE:1 RXUAV:1 EDGEPORT:9998 TS:8.360 SPD:19.800 HDG:0.800 PX:166.500 PY:-30.000 LAN:3 BRK:0 RX_X:0.000 RX_Y:0.000 RX_Z:0.000
[ZONE-ROUTE] CID:2 zone=1 edge_port=9998
[EDGE-RTT] CID:2 wall=1.2 ms  sim_delay=10.0 ms
>>> [UAV->CLOUD] BLK:1122|TX:7.0.0.6|CID:2|TS:8.360|SPD:19.8|HDG:0.8|PX:166.5|PY:-30.0|LA...
[PASSIVE-BEACON] SIMNOW:8.374 CID:1 ZONE:1 RXUAV:1 EDGEPORT:9998 TS:8.360 SPD:20.400 HDG:0.500 PX:166.800 PY:-20.000 LAN:2 BRK:0 RX_X:0.000 RX_Y:0.000 RX_Z:0.000
[ZONE-ROUTE] CID:1 zone=1 edge_port=9998
[EDGE-RTT] CID:1 wall=2.3 ms  sim_delay=10.0 ms
>>> [UAV->CLOUD] BLK:d0f0|TX:7.0.0.5|CID:1|TS:8.360|SPD:20.4|HDG:0.5|PX:166.8|PY:-20.0|LA...
✓ [CAR 2] ACT=OK REP=0.839 RWD=1.000 PNL=0.000 CREDIT=12
✓ [CAR 1] ACT=OK REP=1.000 RWD=1.000 PNL=0.000 CREDIT=11
[PASSIVE-BEACON] SIMNOW:8.414 CID:3 ZONE:1 RXUAV:1 EDGEPORT:9998 TS:8.400 SPD:20.400 HDG:1.000 PX:168.400 PY:-40.000 LAN:4 BRK:0 RX_X:0.000 RX_Y:0.000 RX_Z:0.000
[ZONE-ROUTE] CID:3 zone=1 edge_port=9998
[EDGE-RTT] CID:3 wall=1.2 ms  sim_delay=10.0 ms
>>> [UAV->CLOUD] BLK:d508|TX:7.0.0.7|CID:3|TS:8.400|SPD:20.4|HDG:1.0|PX:168.4|PY:-40.0|LA...
[PASSIVE-BEACON] SIMNOW:8.426 CID:8 ZONE:1 RXUAV:1 EDGEPORT:9998 TS:8.412 SPD:19.800 HDG:1.000 PX:188.700 PY:-40.000 LAN:4 BRK:1 RX_X:0.000 RX_Y:0.000 RX_Z:0.000
[ZONE-ROUTE] CID:8 zone=1 edge_port=9998
[EDGE-RTT] CID:8 wall=1.1 ms  sim_delay=10.0 ms
>>> [UAV->CLOUD] BLK:065a|TX:7.0.0.12|CID:8|TS:8.412|SPD:19.8|HDG:1.0|PX:188.7|PY:-40.0|L...
✓ [CAR 3] ACT=OK REP=0.998 RWD=1.000 PNL=0.000 CREDIT=11
✓ [CAR 8] ACT=OK REP=0.959 RWD=1.000 PNL=0.000 CREDIT=11
[PASSIVE-BEACON] SIMNOW:8.596 CID:6 ZONE:1 RXUAV:1 EDGEPORT:9998 TS:8.582 SPD:20.200 HDG:-0.300 PX:191.700 PY:-20.000 LAN:2 BRK:0 RX_X:0.000 RX_Y:0.000 RX_Z:0.000
[ZONE-ROUTE] CID:6 zone=1 edge_port=9998
[EDGE-RTT] CID:6 wall=1.3 ms  sim_delay=10.0 ms
>>> [UAV->CLOUD] BLK:24c8|TX:7.0.0.10|CID:6|TS:8.582|SPD:20.2|HDG:-0.3|PX:191.7|PY:-20.0|...
✓ [CAR 6] ACT=OK REP=0.731 RWD=1.000 PNL=0.000 CREDIT=13
[PASSIVE-BEACON] SIMNOW:8.619 CID:9 ZONE:1 RXUAV:1 EDGEPORT:9998 TS:8.602 SPD:20.400 HDG:-1.800 PX:191.800 PY:-50.000 LAN:5 BRK:0 RX_X:0.000 RX_Y:0.000 RX_Z:0.000
[ZONE-ROUTE] CID:9 zone=1 edge_port=9998
[EDGE-RTT] CID:9 wall=1.3 ms  sim_delay=10.0 ms
>>> [UAV->CLOUD] BLK:30d3|TX:7.0.0.13|CID:9|TS:8.602|SPD:20.4|HDG:-1.8|PX:191.8|PY:-50.0|...
✓ [CAR 9] ACT=OK REP=1.000 RWD=1.000 PNL=0.000 CREDIT=13
[PASSIVE-BEACON] SIMNOW:8.644 CID:0 ZONE:1 RXUAV:1 EDGEPORT:9998 TS:8.630 SPD:20.400 HDG:-0.900 PX:172.800 PY:-10.000 LAN:1 BRK:0 RX_X:0.000 RX_Y:0.000 RX_Z:0.000
[ZONE-ROUTE] CID:0 zone=1 edge_port=9998
[EDGE-RTT] CID:0 wall=0.8 ms  sim_delay=10.0 ms
>>> [UAV->CLOUD] BLK:df95|TX:7.0.0.4|CID:0|TS:8.630|SPD:20.4|HDG:-0.9|PX:172.8|PY:-10.0|L...
✓ [CAR 0] ACT=OK REP=0.620 RWD=1.000 PNL=0.000 CREDIT=13
[PASSIVE-BEACON] SIMNOW:8.756 CID:7 ZONE:1 RXUAV:1 EDGEPORT:9998 TS:8.742 SPD:20.100 HDG:0.600 PX:194.900 PY:-30.000 LAN:3 BRK:0 RX_X:0.000 RX_Y:0.000 RX_Z:0.000
[ZONE-ROUTE] CID:7 zone=1 edge_port=9998
[EDGE-RTT] CID:7 wall=1.0 ms  sim_delay=10.0 ms
>>> [UAV->CLOUD] BLK:2e93|TX:7.0.0.11|CID:7|TS:8.742|SPD:20.1|HDG:0.6|PX:194.9|PY:-30.0|L...
✓ [CAR 7] ACT=OK REP=0.788 RWD=1.000 PNL=0.000 CREDIT=13
[PASSIVE-BEACON] SIMNOW:8.786 CID:5 ZONE:1 RXUAV:1 EDGEPORT:9998 TS:8.772 SPD:20.000 HDG:-1.600 PX:195.400 PY:-10.000 LAN:1 BRK:0 RX_X:0.000 RX_Y:0.000 RX_Z:0.000
[ZONE-ROUTE] CID:5 zone=1 edge_port=9998
[EDGE-RTT] CID:5 wall=1.0 ms  sim_delay=10.0 ms
>>> [UAV->CLOUD] BLK:9579|TX:7.0.0.9|CID:5|TS:8.772|SPD:20.0|HDG:-1.6|PX:195.4|PY:-10.0|L...
✓ [CAR 5] ACT=OK REP=0.934 RWD=1.000 PNL=0.000 CREDIT=13
[PASSIVE-BEACON] SIMNOW:8.854 CID:4 ZONE:1 RXUAV:1 EDGEPORT:9998 TS:8.840 SPD:20.200 HDG:1.900 PX:176.700 PY:-50.000 LAN:5 BRK:0 RX_X:0.000 RX_Y:0.000 RX_Z:0.000
[ZONE-ROUTE] CID:4 zone=1 edge_port=9998
[EDGE-RTT] CID:4 wall=1.2 ms  sim_delay=10.0 ms
>>> [UAV->CLOUD] BLK:a898|TX:7.0.0.8|CID:4|TS:8.840|SPD:20.2|HDG:1.9|PX:176.7|PY:-50.0|LA...
✓ [CAR 4] ACT=OK REP=0.946 RWD=1.000 PNL=0.000 CREDIT=12
[PASSIVE-BEACON] SIMNOW:8.874 CID:2 ZONE:1 RXUAV:1 EDGEPORT:9998 TS:8.860 SPD:20.400 HDG:0.100 PX:177.500 PY:-30.000 LAN:3 BRK:0 RX_X:0.000 RX_Y:0.000 RX_Z:0.000
[ZONE-ROUTE] CID:2 zone=1 edge_port=9998
[EDGE-RTT] CID:2 wall=1.2 ms  sim_delay=10.0 ms
>>> [UAV->CLOUD] BLK:748c|TX:7.0.0.6|CID:2|TS:8.860|SPD:20.4|HDG:0.1|PX:177.5|PY:-30.0|LA...
[PASSIVE-BEACON] SIMNOW:8.874 CID:1 ZONE:1 RXUAV:1 EDGEPORT:9998 TS:8.860 SPD:20.100 HDG:0.200 PX:177.900 PY:-20.000 LAN:2 BRK:0 RX_X:0.000 RX_Y:0.000 RX_Z:0.000
[ZONE-ROUTE] CID:1 zone=1 edge_port=9998
[EDGE-RTT] CID:1 wall=1.8 ms  sim_delay=10.0 ms
>>> [UAV->CLOUD] BLK:e39f|TX:7.0.0.5|CID:1|TS:8.860|SPD:20.1|HDG:0.2|PX:177.9|PY:-20.0|LA...
✓ [CAR 1] ACT=OK REP=1.000 RWD=1.000 PNL=0.000 CREDIT=12
✓ [CAR 2] ACT=OK REP=1.000 RWD=1.000 PNL=0.000 CREDIT=13
[PASSIVE-BEACON] SIMNOW:8.914 CID:3 ZONE:1 RXUAV:1 EDGEPORT:9998 TS:8.900 SPD:19.900 HDG:-0.100 PX:177.300 PY:-40.000 LAN:4 BRK:0 RX_X:0.000 RX_Y:0.000 RX_Z:0.000
[ZONE-ROUTE] CID:3 zone=1 edge_port=9998
[EDGE-RTT] CID:3 wall=1.3 ms  sim_delay=10.0 ms
>>> [UAV->CLOUD] BLK:5c85|TX:7.0.0.7|CID:3|TS:8.900|SPD:19.9|HDG:-0.1|PX:177.3|PY:-40.0|L...
[PASSIVE-BEACON] SIMNOW:8.926 CID:8 ZONE:1 RXUAV:1 EDGEPORT:9998 TS:8.912 SPD:20.400 HDG:0.200 PX:198.500 PY:-40.000 LAN:4 BRK:0 RX_X:0.000 RX_Y:0.000 RX_Z:0.000
[ZONE-ROUTE] CID:8 zone=1 edge_port=9998
[EDGE-RTT] CID:8 wall=1.2 ms  sim_delay=10.0 ms
>>> [UAV->CLOUD] BLK:c33f|TX:7.0.0.12|CID:8|TS:8.912|SPD:20.4|HDG:0.2|PX:198.5|PY:-40.0|L...
✓ [CAR 3] ACT=OK REP=1.000 RWD=1.000 PNL=0.000 CREDIT=12
✓ [CAR 8] ACT=OK REP=1.000 RWD=1.000 PNL=0.000 CREDIT=12
[PASSIVE-BEACON] SIMNOW:9.096 CID:6 ZONE:1 RXUAV:1 EDGEPORT:9998 TS:9.082 SPD:19.600 HDG:1.500 PX:201.800 PY:-20.000 LAN:2 BRK:1 RX_X:0.000 RX_Y:0.000 RX_Z:0.000
[ZONE-ROUTE] CID:6 zone=1 edge_port=9998
[EDGE-RTT] CID:6 wall=1.0 ms  sim_delay=10.0 ms
[TRUST-UPGRADE] CID:6 earned LANE_UPGRADE after 15 clean packets → lane 0 + 2.0 m/s
>>> [UAV->CLOUD] BLK:3a9d|TX:7.0.0.10|CID:6|TS:9.082|SPD:19.6|HDG:1.5|PX:201.8|PY:-20.0|L...
[TRUST-APPLIED] CID:6 LANE_UPGRADE → logical reward only; telemetry lane unchanged lane=2 speed unchanged=20.0 m/s [reward-speed disabled to avoid M1 false positive]
✓ [CAR 6] ACT=OK REP=0.500 RWD=1.500 PNL=0.000 CREDIT=15
✓ [CAR 6] ACT=OK REP=0.959 RWD=1.000 PNL=0.000 CREDIT=14
[PASSIVE-BEACON] SIMNOW:9.116 CID:9 ZONE:1 RXUAV:1 EDGEPORT:9998 TS:9.102 SPD:20.000 HDG:-2.000 PX:202.200 PY:-50.000 LAN:5 BRK:0 RX_X:0.000 RX_Y:0.000 RX_Z:0.000
[ZONE-ROUTE] CID:9 zone=1 edge_port=9998
[EDGE-RTT] CID:9 wall=1.2 ms  sim_delay=10.0 ms
[TRUST-UPGRADE] CID:9 earned LANE_UPGRADE after 15 clean packets → lane 0 + 2.0 m/s
>>> [UAV->CLOUD] BLK:ed17|TX:7.0.0.13|CID:9|TS:9.102|SPD:20.0|HDG:-2.0|PX:202.2|PY:-50.0|...
[TRUST-APPLIED] CID:9 LANE_UPGRADE → logical reward only; telemetry lane unchanged lane=5 speed unchanged=20.0 m/s [reward-speed disabled to avoid M1 false positive]
✓ [CAR 9] ACT=OK REP=0.500 RWD=1.500 PNL=0.000 CREDIT=15
✓ [CAR 9] ACT=OK REP=0.708 RWD=1.000 PNL=0.000 CREDIT=14
[PASSIVE-BEACON] SIMNOW:9.144 CID:0 ZONE:1 RXUAV:1 EDGEPORT:9998 TS:9.130 SPD:20.300 HDG:0.300 PX:182.600 PY:-10.000 LAN:1 BRK:0 RX_X:0.000 RX_Y:0.000 RX_Z:0.000
[ZONE-ROUTE] CID:0 zone=1 edge_port=9998
[EDGE-RTT] CID:0 wall=1.0 ms  sim_delay=10.0 ms
[TRUST-UPGRADE] CID:0 earned LANE_UPGRADE after 15 clean packets → lane 0 + 2.0 m/s
>>> [UAV->CLOUD] BLK:c0f4|TX:7.0.0.4|CID:0|TS:9.130|SPD:20.3|HDG:0.3|PX:182.6|PY:-10.0|LA...
[TRUST-APPLIED] CID:0 LANE_UPGRADE → logical reward only; telemetry lane unchanged lane=1 speed unchanged=20.0 m/s [reward-speed disabled to avoid M1 false positive]
✓ [CAR 0] ACT=OK REP=0.500 RWD=1.500 PNL=0.000 CREDIT=15
✓ [CAR 0] ACT=OK REP=0.994 RWD=1.000 PNL=0.000 CREDIT=14
[PASSIVE-BEACON] SIMNOW:9.256 CID:7 ZONE:1 RXUAV:1 EDGEPORT:9998 TS:9.242 SPD:20.200 HDG:1.300 PX:204.500 PY:-30.000 LAN:3 BRK:0 RX_X:0.000 RX_Y:0.000 RX_Z:0.000
[ZONE-ROUTE] CID:7 zone=1 edge_port=9998
[EDGE-RTT] CID:7 wall=1.2 ms  sim_delay=10.0 ms
[TRUST-UPGRADE] CID:7 earned LANE_UPGRADE after 15 clean packets → lane 0 + 2.0 m/s
>>> [UAV->CLOUD] BLK:5dee|TX:7.0.0.11|CID:7|TS:9.242|SPD:20.2|HDG:1.3|PX:204.5|PY:-30.0|L...
[TRUST-APPLIED] CID:7 LANE_UPGRADE → logical reward only; telemetry lane unchanged lane=3 speed unchanged=20.0 m/s [reward-speed disabled to avoid M1 false positive]
✓ [CAR 7] ACT=OK REP=0.500 RWD=1.500 PNL=0.000 CREDIT=15
✓ [CAR 7] ACT=OK REP=0.815 RWD=1.000 PNL=0.000 CREDIT=14
[PASSIVE-BEACON] SIMNOW:9.286 CID:5 ZONE:1 RXUAV:1 EDGEPORT:9998 TS:9.272 SPD:20.200 HDG:1.000 PX:205.900 PY:-10.000 LAN:1 BRK:0 RX_X:0.000 RX_Y:0.000 RX_Z:0.000
[ZONE-ROUTE] CID:5 zone=1 edge_port=9998
[EDGE-RTT] CID:5 wall=1.2 ms  sim_delay=10.0 ms
[TRUST-UPGRADE] CID:5 earned LANE_UPGRADE after 15 clean packets → lane 0 + 2.0 m/s
>>> [UAV->CLOUD] BLK:e58e|TX:7.0.0.9|CID:5|TS:9.272|SPD:20.2|HDG:1.0|PX:205.9|PY:-10.0|LA...
[TRUST-APPLIED] CID:5 LANE_UPGRADE → logical reward only; telemetry lane unchanged lane=1 speed unchanged=20.0 m/s [reward-speed disabled to avoid M1 false positive]
✓ [CAR 5] ACT=OK REP=0.500 RWD=1.500 PNL=0.000 CREDIT=15
✓ [CAR 5] ACT=OK REP=0.990 RWD=1.000 PNL=0.000 CREDIT=14
[PASSIVE-BEACON] SIMNOW:9.354 CID:4 ZONE:1 RXUAV:1 EDGEPORT:9998 TS:9.340 SPD:19.700 HDG:1.700 PX:186.200 PY:-50.000 LAN:5 BRK:0 RX_X:0.000 RX_Y:0.000 RX_Z:0.000
[ZONE-ROUTE] CID:4 zone=1 edge_port=9998
[EDGE-RTT] CID:4 wall=1.0 ms  sim_delay=10.0 ms
>>> [UAV->CLOUD] BLK:845c|TX:7.0.0.8|CID:4|TS:9.340|SPD:19.7|HDG:1.7|PX:186.2|PY:-50.0|LA...
✓ [CAR 4] ACT=OK REP=1.000 RWD=1.000 PNL=0.000 CREDIT=13
[PASSIVE-BEACON] SIMNOW:9.374 CID:2 ZONE:1 RXUAV:1 EDGEPORT:9998 TS:9.360 SPD:20.500 HDG:1.000 PX:187.700 PY:-30.000 LAN:3 BRK:1 RX_X:0.000 RX_Y:0.000 RX_Z:0.000
[ZONE-ROUTE] CID:2 zone=1 edge_port=9998
[EDGE-RTT] CID:2 wall=1.2 ms  sim_delay=10.0 ms
[TRUST-UPGRADE] CID:2 earned LANE_UPGRADE after 15 clean packets → lane 0 + 2.0 m/s
>>> [UAV->CLOUD] BLK:c923|TX:7.0.0.6|CID:2|TS:9.360|SPD:20.5|HDG:1.0|PX:187.7|PY:-30.0|LA...
[PASSIVE-BEACON] SIMNOW:9.377 CID:1 ZONE:1 RXUAV:1 EDGEPORT:9998 TS:9.360 SPD:19.700 HDG:-1.900 PX:187.100 PY:-20.000 LAN:2 BRK:0 RX_X:0.000 RX_Y:0.000 RX_Z:0.000
[ZONE-ROUTE] CID:1 zone=1 edge_port=9998
[EDGE-RTT] CID:1 wall=0.7 ms  sim_delay=10.0 ms
>>> [UAV->CLOUD] BLK:a3b6|TX:7.0.0.5|CID:1|TS:9.360|SPD:19.7|HDG:-1.9|PX:187.1|PY:-20.0|L...
[TRUST-APPLIED] CID:2 LANE_UPGRADE → logical reward only; telemetry lane unchanged lane=3 speed unchanged=20.0 m/s [reward-speed disabled to avoid M1 false positive]
✓ [CAR 2] ACT=OK REP=0.500 RWD=1.500 PNL=0.000 CREDIT=15
✓ [CAR 2] ACT=OK REP=1.000 RWD=1.000 PNL=0.000 CREDIT=14
✓ [CAR 1] ACT=OK REP=0.927 RWD=1.000 PNL=0.000 CREDIT=13
[PASSIVE-BEACON] SIMNOW:9.414 CID:3 ZONE:1 RXUAV:1 EDGEPORT:9998 TS:9.400 SPD:20.000 HDG:-1.400 PX:188.300 PY:-40.000 LAN:4 BRK:0 RX_X:0.000 RX_Y:0.000 RX_Z:0.000
[ZONE-ROUTE] CID:3 zone=1 edge_port=9998
[EDGE-RTT] CID:3 wall=1.1 ms  sim_delay=10.0 ms
>>> [UAV->CLOUD] BLK:6a78|TX:7.0.0.7|CID:3|TS:9.400|SPD:20.0|HDG:-1.4|PX:188.3|PY:-40.0|L...
[PASSIVE-BEACON] SIMNOW:9.426 CID:8 ZONE:1 RXUAV:1 EDGEPORT:9998 TS:9.412 SPD:20.300 HDG:1.100 PX:208.700 PY:-40.000 LAN:4 BRK:1 RX_X:0.000 RX_Y:0.000 RX_Z:0.000
[ZONE-ROUTE] CID:8 zone=1 edge_port=9998
[EDGE-RTT] CID:8 wall=1.1 ms  sim_delay=10.0 ms
>>> [UAV->CLOUD] BLK:ba6f|TX:7.0.0.12|CID:8|TS:9.412|SPD:20.3|HDG:1.1|PX:208.7|PY:-40.0|L...
✓ [CAR 3] ACT=OK REP=0.916 RWD=1.000 PNL=0.000 CREDIT=13
✓ [CAR 8] ACT=OK REP=0.844 RWD=1.000 PNL=0.000 CREDIT=13
[PASSIVE-BEACON] SIMNOW:9.594 CID:6 ZONE:1 RXUAV:1 EDGEPORT:9998 TS:9.582 SPD:19.800 HDG:-0.800 PX:211.200 PY:-20.000 LAN:2 BRK:0 RX_X:0.000 RX_Y:0.000 RX_Z:0.000
[ZONE-ROUTE] CID:6 zone=1 edge_port=9998
[EDGE-RTT] CID:6 wall=1.2 ms  sim_delay=10.0 ms
>>> [UAV->CLOUD] BLK:e2b7|TX:7.0.0.10|CID:6|TS:9.582|SPD:19.8|HDG:-0.8|PX:211.2|PY:-20.0|...
✓ [CAR 6] ACT=OK REP=1.000 RWD=1.000 PNL=0.000 CREDIT=15
[PASSIVE-BEACON] SIMNOW:9.616 CID:9 ZONE:1 RXUAV:1 EDGEPORT:9998 TS:9.602 SPD:20.400 HDG:-0.500 PX:212.100 PY:-50.000 LAN:5 BRK:1 RX_X:0.000 RX_Y:0.000 RX_Z:0.000
[ZONE-ROUTE] CID:9 zone=1 edge_port=9998
[EDGE-RTT] CID:9 wall=1.0 ms  sim_delay=10.0 ms
>>> [UAV->CLOUD] BLK:98b3|TX:7.0.0.13|CID:9|TS:9.602|SPD:20.4|HDG:-0.5|PX:212.1|PY:-50.0|...
✓ [CAR 9] ACT=OK REP=0.851 RWD=1.000 PNL=0.000 CREDIT=15
[PASSIVE-BEACON] SIMNOW:9.644 CID:0 ZONE:1 RXUAV:1 EDGEPORT:9998 TS:9.630 SPD:20.100 HDG:1.800 PX:192.400 PY:-10.000 LAN:1 BRK:0 RX_X:0.000 RX_Y:0.000 RX_Z:0.000
[ZONE-ROUTE] CID:0 zone=1 edge_port=9998
[EDGE-RTT] CID:0 wall=1.0 ms  sim_delay=10.0 ms
>>> [UAV->CLOUD] BLK:a674|TX:7.0.0.4|CID:0|TS:9.630|SPD:20.1|HDG:1.8|PX:192.4|PY:-10.0|LA...
✓ [CAR 0] ACT=OK REP=1.000 RWD=1.000 PNL=0.000 CREDIT=15
[PASSIVE-BEACON] SIMNOW:9.756 CID:7 ZONE:1 RXUAV:1 EDGEPORT:9998 TS:9.742 SPD:19.700 HDG:0.400 PX:214.300 PY:-30.000 LAN:3 BRK:0 RX_X:0.000 RX_Y:0.000 RX_Z:0.000
[ZONE-ROUTE] CID:7 zone=1 edge_port=9998
[EDGE-RTT] CID:7 wall=1.2 ms  sim_delay=10.0 ms
>>> [UAV->CLOUD] BLK:b9b7|TX:7.0.0.11|CID:7|TS:9.742|SPD:19.7|HDG:0.4|PX:214.3|PY:-30.0|L...
✓ [CAR 7] ACT=OK REP=1.000 RWD=1.000 PNL=0.000 CREDIT=15
[PASSIVE-BEACON] SIMNOW:9.786 CID:5 ZONE:1 RXUAV:1 EDGEPORT:9998 TS:9.772 SPD:20.000 HDG:1.900 PX:215.900 PY:-10.000 LAN:1 BRK:0 RX_X:0.000 RX_Y:0.000 RX_Z:0.000
[ZONE-ROUTE] CID:5 zone=1 edge_port=9998
[EDGE-RTT] CID:5 wall=1.2 ms  sim_delay=10.0 ms
>>> [UAV->CLOUD] BLK:4cbb|TX:7.0.0.9|CID:5|TS:9.772|SPD:20.0|HDG:1.9|PX:215.9|PY:-10.0|LA...
✓ [CAR 5] ACT=OK REP=0.847 RWD=1.000 PNL=0.000 CREDIT=15
[PASSIVE-BEACON] SIMNOW:9.854 CID:4 ZONE:1 RXUAV:1 EDGEPORT:9998 TS:9.840 SPD:19.800 HDG:-1.700 PX:196.900 PY:-50.000 LAN:5 BRK:0 RX_X:0.000 RX_Y:0.000 RX_Z:0.000
[ZONE-ROUTE] CID:4 zone=1 edge_port=9998
[EDGE-RTT] CID:4 wall=1.2 ms  sim_delay=10.0 ms
[TRUST-UPGRADE] CID:4 earned LANE_UPGRADE after 15 clean packets → lane 0 + 2.0 m/s
>>> [UAV->CLOUD] BLK:f3e1|TX:7.0.0.8|CID:4|TS:9.840|SPD:19.8|HDG:-1.7|PX:196.9|PY:-50.0|L...
[TRUST-APPLIED] CID:4 LANE_UPGRADE → logical reward only; telemetry lane unchanged lane=5 speed unchanged=20.0 m/s [reward-speed disabled to avoid M1 false positive]
✓ [CAR 4] ACT=OK REP=0.500 RWD=1.500 PNL=0.000 CREDIT=15
✓ [CAR 4] ACT=OK REP=0.780 RWD=1.000 PNL=0.000 CREDIT=14
[PASSIVE-BEACON] SIMNOW:9.874 CID:2 ZONE:1 RXUAV:1 EDGEPORT:9998 TS:9.860 SPD:20.000 HDG:1.400 PX:197.600 PY:-30.000 LAN:3 BRK:0 RX_X:0.000 RX_Y:0.000 RX_Z:0.000
[ZONE-ROUTE] CID:2 zone=1 edge_port=9998
[EDGE-RTT] CID:2 wall=1.2 ms  sim_delay=10.0 ms
>>> [UAV->CLOUD] BLK:88b8|TX:7.0.0.6|CID:2|TS:9.860|SPD:20.0|HDG:1.4|PX:197.6|PY:-30.0|LA...
[PASSIVE-BEACON] SIMNOW:9.874 CID:1 ZONE:1 RXUAV:1 EDGEPORT:9998 TS:9.860 SPD:20.300 HDG:-0.900 PX:197.800 PY:-20.000 LAN:2 BRK:1 RX_X:0.000 RX_Y:0.000 RX_Z:0.000
[ZONE-ROUTE] CID:1 zone=1 edge_port=9998
[EDGE-RTT] CID:1 wall=1.9 ms  sim_delay=10.0 ms
[TRUST-UPGRADE] CID:1 earned LANE_UPGRADE after 15 clean packets → lane 0 + 2.0 m/s
>>> [UAV->CLOUD] BLK:664b|TX:7.0.0.5|CID:1|TS:9.860|SPD:20.3|HDG:-0.9|PX:197.8|PY:-20.0|L...
[TRUST-APPLIED] CID:1 LANE_UPGRADE → logical reward only; telemetry lane unchanged lane=2 speed unchanged=20.0 m/s [reward-speed disabled to avoid M1 false positive]
✓ [CAR 1] ACT=OK REP=0.500 RWD=1.500 PNL=0.000 CREDIT=15
✓ [CAR 1] ACT=OK REP=1.000 RWD=1.000 PNL=0.000 CREDIT=14
✓ [CAR 2] ACT=OK REP=0.670 RWD=1.000 PNL=0.000 CREDIT=15
[PASSIVE-BEACON] SIMNOW:9.914 CID:3 ZONE:1 RXUAV:1 EDGEPORT:9998 TS:9.900 SPD:19.900 HDG:-0.100 PX:198.100 PY:-40.000 LAN:4 BRK:1 RX_X:0.000 RX_Y:0.000 RX_Z:0.000
[ZONE-ROUTE] CID:3 zone=1 edge_port=9998
[EDGE-RTT] CID:3 wall=1.2 ms  sim_delay=10.0 ms
[TRUST-UPGRADE] CID:3 earned LANE_UPGRADE after 15 clean packets → lane 0 + 2.0 m/s
>>> [UAV->CLOUD] BLK:2a30|TX:7.0.0.7|CID:3|TS:9.900|SPD:19.9|HDG:-0.1|PX:198.1|PY:-40.0|L...
[PASSIVE-BEACON] SIMNOW:9.926 CID:8 ZONE:1 RXUAV:1 EDGEPORT:9998 TS:9.912 SPD:19.800 HDG:1.200 PX:218.200 PY:-40.000 LAN:4 BRK:0 RX_X:0.000 RX_Y:0.000 RX_Z:0.000
[ZONE-ROUTE] CID:8 zone=1 edge_port=9998
[EDGE-RTT] CID:8 wall=1.0 ms  sim_delay=10.0 ms
[TRUST-UPGRADE] CID:8 earned LANE_UPGRADE after 15 clean packets → lane 0 + 2.0 m/s
>>> [UAV->CLOUD] BLK:0fa5|TX:7.0.0.12|CID:8|TS:9.912|SPD:19.8|HDG:1.2|PX:218.2|PY:-40.0|L...
[TRUST-APPLIED] CID:3 LANE_UPGRADE → logical reward only; telemetry lane unchanged lane=4 speed unchanged=20.0 m/s [reward-speed disabled to avoid M1 false positive]
✓ [CAR 3] ACT=OK REP=0.500 RWD=1.500 PNL=0.000 CREDIT=15
✓ [CAR 3] ACT=OK REP=0.914 RWD=1.000 PNL=0.000 CREDIT=14
[TRUST-APPLIED] CID:8 LANE_UPGRADE → logical reward only; telemetry lane unchanged lane=4 speed unchanged=20.000 m/s [reward-speed disabled to avoid M1 false positive]
✓ [CAR 8] ACT=OK REP=0.500 RWD=1.500 PNL=0.000 CREDIT=15
✓ [CAR 8] ACT=OK REP=0.956 RWD=1.000 PNL=0.000 CREDIT=14
[PASSIVE-BEACON] SIMNOW:10.096 CID:6 ZONE:1 RXUAV:1 EDGEPORT:9998 TS:10.082 SPD:19.600 HDG:0.000 PX:221.500 PY:-20.000 LAN:2 BRK:0 RX_X:0.000 RX_Y:0.000 RX_Z:0.000
[ZONE-ROUTE] CID:6 zone=1 edge_port=9998
[EDGE-RTT] CID:6 wall=1.0 ms  sim_delay=10.0 ms
>>> [UAV->CLOUD] BLK:c3aa|TX:7.0.0.10|CID:6|TS:10.082|SPD:19.6|HDG:0.0|PX:221.5|PY:-20.0|...
✓ [CAR 6] ACT=OK REP=0.912 RWD=1.000 PNL=0.000 CREDIT=16
[PASSIVE-BEACON] SIMNOW:10.116 CID:9 ZONE:1 RXUAV:1 EDGEPORT:9998 TS:10.102 SPD:20.100 HDG:-1.800 PX:221.800 PY:-50.000 LAN:5 BRK:0 RX_X:0.000 RX_Y:0.000 RX_Z:0.000
[ZONE-ROUTE] CID:9 zone=1 edge_port=9998
[EDGE-RTT] CID:9 wall=1.0 ms  sim_delay=10.0 ms
>>> [UAV->CLOUD] BLK:9019|TX:7.0.0.13|CID:9|TS:10.102|SPD:20.1|HDG:-1.8|PX:221.8|PY:-50.0...
✓ [CAR 9] ACT=OK REP=0.701 RWD=1.000 PNL=0.000 CREDIT=16
[PASSIVE-BEACON] SIMNOW:10.144 CID:0 ZONE:1 RXUAV:1 EDGEPORT:9998 TS:10.130 SPD:20.200 HDG:1.800 PX:203.300 PY:-10.000 LAN:1 BRK:0 RX_X:0.000 RX_Y:0.000 RX_Z:0.000
[ZONE-ROUTE] CID:0 zone=1 edge_port=9998
[EDGE-RTT] CID:0 wall=1.2 ms  sim_delay=10.0 ms
>>> [UAV->CLOUD] BLK:7d5f|TX:7.0.0.4|CID:0|TS:10.130|SPD:20.2|HDG:1.8|PX:203.3|PY:-10.0|L...
✓ [CAR 0] ACT=OK REP=0.998 RWD=1.000 PNL=0.000 CREDIT=16
[PASSIVE-BEACON] SIMNOW:10.256 CID:7 ZONE:1 RXUAV:1 EDGEPORT:9998 TS:10.242 SPD:19.800 HDG:0.100 PX:225.000 PY:-30.000 LAN:3 BRK:0 RX_X:0.000 RX_Y:0.000 RX_Z:0.000
[ZONE-ROUTE] CID:7 zone=1 edge_port=9998
[EDGE-RTT] CID:7 wall=0.9 ms  sim_delay=10.0 ms
>>> [UAV->CLOUD] BLK:9af5|TX:7.0.0.11|CID:7|TS:10.242|SPD:19.8|HDG:0.1|PX:225.0|PY:-30.0|...
✓ [CAR 7] ACT=OK REP=0.852 RWD=1.000 PNL=0.000 CREDIT=16
[PASSIVE-BEACON] SIMNOW:10.286 CID:5 ZONE:1 RXUAV:1 EDGEPORT:9998 TS:10.272 SPD:20.000 HDG:0.100 PX:224.900 PY:-10.000 LAN:1 BRK:0 RX_X:0.000 RX_Y:0.000 RX_Z:0.000
[ZONE-ROUTE] CID:5 zone=1 edge_port=9998
[EDGE-RTT] CID:5 wall=1.2 ms  sim_delay=10.0 ms
>>> [UAV->CLOUD] BLK:a866|TX:7.0.0.9|CID:5|TS:10.272|SPD:20.0|HDG:0.1|PX:224.9|PY:-10.0|L...
✓ [CAR 5] ACT=OK REP=1.000 RWD=1.000 PNL=0.000 CREDIT=16
[PASSIVE-BEACON] SIMNOW:10.354 CID:4 ZONE:1 RXUAV:1 EDGEPORT:9998 TS:10.340 SPD:20.000 HDG:0.400 PX:207.000 PY:-50.000 LAN:5 BRK:1 RX_X:0.000 RX_Y:0.000 RX_Z:0.000
[ZONE-ROUTE] CID:4 zone=1 edge_port=9998
[EDGE-RTT] CID:4 wall=1.2 ms  sim_delay=10.0 ms
>>> [UAV->CLOUD] BLK:9bf2|TX:7.0.0.8|CID:4|TS:10.340|SPD:20.0|HDG:0.4|PX:207.0|PY:-50.0|L...
✓ [CAR 4] ACT=OK REP=0.810 RWD=1.000 PNL=0.000 CREDIT=15
[PASSIVE-BEACON] SIMNOW:10.374 CID:2 ZONE:1 RXUAV:1 EDGEPORT:9998 TS:10.360 SPD:20.300 HDG:0.600 PX:206.800 PY:-30.000 LAN:3 BRK:0 RX_X:0.000 RX_Y:0.000 RX_Z:0.000
[ZONE-ROUTE] CID:2 zone=1 edge_port=9998
[EDGE-RTT] CID:2 wall=1.1 ms  sim_delay=10.0 ms
>>> [UAV->CLOUD] BLK:84b2|TX:7.0.0.6|CID:2|TS:10.360|SPD:20.3|HDG:0.6|PX:206.8|PY:-30.0|L...
[PASSIVE-BEACON] SIMNOW:10.374 CID:1 ZONE:1 RXUAV:1 EDGEPORT:9998 TS:10.360 SPD:20.000 HDG:0.700 PX:207.000 PY:-20.000 LAN:2 BRK:0 RX_X:0.000 RX_Y:0.000 RX_Z:0.000
[ZONE-ROUTE] CID:1 zone=1 edge_port=9998
[EDGE-RTT] CID:1 wall=2.1 ms  sim_delay=10.0 ms
>>> [UAV->CLOUD] BLK:c404|TX:7.0.0.5|CID:1|TS:10.360|SPD:20.0|HDG:0.7|PX:207.0|PY:-20.0|L...
✓ [CAR 2] ACT=OK REP=0.973 RWD=1.000 PNL=0.000 CREDIT=16
✓ [CAR 1] ACT=OK REP=1.000 RWD=1.000 PNL=0.000 CREDIT=15
[PASSIVE-BEACON] SIMNOW:10.414 CID:3 ZONE:1 RXUAV:1 EDGEPORT:9998 TS:10.400 SPD:20.400 HDG:1.000 PX:208.700 PY:-40.000 LAN:4 BRK:1 RX_X:0.000 RX_Y:0.000 RX_Z:0.000
[ZONE-ROUTE] CID:3 zone=1 edge_port=9998
[EDGE-RTT] CID:3 wall=0.9 ms  sim_delay=10.0 ms
>>> [UAV->CLOUD] BLK:f399|TX:7.0.0.7|CID:3|TS:10.400|SPD:20.4|HDG:1.0|PX:208.7|PY:-40.0|L...
[PASSIVE-BEACON] SIMNOW:10.426 CID:8 ZONE:1 RXUAV:1 EDGEPORT:9998 TS:10.412 SPD:19.600 HDG:1.400 PX:228.000 PY:-40.000 LAN:4 BRK:0 RX_X:0.000 RX_Y:0.000 RX_Z:0.000
[ZONE-ROUTE] CID:8 zone=1 edge_port=9998
[EDGE-RTT] CID:8 wall=1.0 ms  sim_delay=10.0 ms
>>> [UAV->CLOUD] BLK:a10e|TX:7.0.0.12|CID:8|TS:10.412|SPD:19.6|HDG:1.4|PX:228.0|PY:-40.0|...
✓ [CAR 3] ACT=OK REP=0.903 RWD=1.000 PNL=0.000 CREDIT=15
✓ [CAR 8] ACT=OK REP=1.000 RWD=1.000 PNL=0.000 CREDIT=15
[PASSIVE-BEACON] SIMNOW:10.596 CID:6 ZONE:1 RXUAV:1 EDGEPORT:9998 TS:10.582 SPD:19.600 HDG:1.900 PX:232.300 PY:-20.000 LAN:2 BRK:0 RX_X:0.000 RX_Y:0.000 RX_Z:0.000
[ZONE-ROUTE] CID:6 zone=1 edge_port=9998
[EDGE-RTT] CID:6 wall=1.3 ms  sim_delay=10.0 ms
>>> [UAV->CLOUD] BLK:2da9|TX:7.0.0.10|CID:6|TS:10.582|SPD:19.6|HDG:1.9|PX:232.3|PY:-20.0|...
✓ [CAR 6] ACT=OK REP=0.960 RWD=1.000 PNL=0.000 CREDIT=17
[PASSIVE-BEACON] SIMNOW:10.616 CID:9 ZONE:1 RXUAV:1 EDGEPORT:9998 TS:10.602 SPD:20.100 HDG:-2.000 PX:232.300 PY:-50.000 LAN:5 BRK:1 RX_X:0.000 RX_Y:0.000 RX_Z:0.000
[ZONE-ROUTE] CID:9 zone=1 edge_port=9998
[EDGE-RTT] CID:9 wall=1.2 ms  sim_delay=10.0 ms
>>> [UAV->CLOUD] BLK:b955|TX:7.0.0.13|CID:9|TS:10.602|SPD:20.1|HDG:-2.0|PX:232.3|PY:-50.0...
✓ [CAR 9] ACT=OK REP=0.851 RWD=1.000 PNL=0.000 CREDIT=17
[PASSIVE-BEACON] SIMNOW:10.644 CID:0 ZONE:1 RXUAV:1 EDGEPORT:9998 TS:10.630 SPD:19.600 HDG:-2.000 PX:213.300 PY:-10.000 LAN:1 BRK:0 RX_X:0.000 RX_Y:0.000 RX_Z:0.000
[ZONE-ROUTE] CID:0 zone=1 edge_port=9998
[EDGE-RTT] CID:0 wall=1.0 ms  sim_delay=10.0 ms
>>> [UAV->CLOUD] BLK:2176|TX:7.0.0.4|CID:0|TS:10.630|SPD:19.6|HDG:-2.0|PX:213.3|PY:-10.0|...
✓ [CAR 0] ACT=OK REP=0.941 RWD=1.000 PNL=0.000 CREDIT=17
[PASSIVE-BEACON] SIMNOW:10.756 CID:7 ZONE:1 RXUAV:1 EDGEPORT:9998 TS:10.742 SPD:19.600 HDG:-0.300 PX:235.100 PY:-30.000 LAN:3 BRK:0 RX_X:0.000 RX_Y:0.000 RX_Z:0.000
[ZONE-ROUTE] CID:7 zone=1 edge_port=9998
[EDGE-RTT] CID:7 wall=1.2 ms  sim_delay=10.0 ms
>>> [UAV->CLOUD] BLK:e12b|TX:7.0.0.11|CID:7|TS:10.742|SPD:19.6|HDG:-0.3|PX:235.1|PY:-30.0...
✓ [CAR 7] ACT=OK REP=0.697 RWD=1.000 PNL=0.000 CREDIT=17
[PASSIVE-BEACON] SIMNOW:10.786 CID:5 ZONE:1 RXUAV:1 EDGEPORT:9998 TS:10.772 SPD:20.000 HDG:1.100 PX:234.800 PY:-10.000 LAN:1 BRK:0 RX_X:0.000 RX_Y:0.000 RX_Z:0.000
[ZONE-ROUTE] CID:5 zone=1 edge_port=9998
[EDGE-RTT] CID:5 wall=1.2 ms  sim_delay=10.0 ms
>>> [UAV->CLOUD] BLK:c3fe|TX:7.0.0.9|CID:5|TS:10.772|SPD:20.0|HDG:1.1|PX:234.8|PY:-10.0|L...
✓ [CAR 5] ACT=OK REP=1.000 RWD=1.000 PNL=0.000 CREDIT=17
[PASSIVE-BEACON] SIMNOW:10.854 CID:4 ZONE:1 RXUAV:1 EDGEPORT:9998 TS:10.840 SPD:20.100 HDG:-0.800 PX:216.600 PY:-50.000 LAN:5 BRK:0 RX_X:0.000 RX_Y:0.000 RX_Z:0.000
[ZONE-ROUTE] CID:4 zone=1 edge_port=9998
[EDGE-RTT] CID:4 wall=0.8 ms  sim_delay=10.0 ms
>>> [UAV->CLOUD] BLK:02a0|TX:7.0.0.8|CID:4|TS:10.840|SPD:20.1|HDG:-0.8|PX:216.6|PY:-50.0|...
✓ [CAR 4] ACT=OK REP=1.000 RWD=1.000 PNL=0.000 CREDIT=16
[PASSIVE-BEACON] SIMNOW:10.874 CID:2 ZONE:1 RXUAV:1 EDGEPORT:9998 TS:10.860 SPD:19.700 HDG:1.500 PX:217.500 PY:-30.000 LAN:3 BRK:0 RX_X:0.000 RX_Y:0.000 RX_Z:0.000
[ZONE-ROUTE] CID:2 zone=1 edge_port=9998
[EDGE-RTT] CID:2 wall=1.3 ms  sim_delay=10.0 ms
>>> [UAV->CLOUD] BLK:1781|TX:7.0.0.6|CID:2|TS:10.860|SPD:19.7|HDG:1.5|PX:217.5|PY:-30.0|L...
[PASSIVE-BEACON] SIMNOW:10.874 CID:1 ZONE:1 RXUAV:1 EDGEPORT:9998 TS:10.860 SPD:20.000 HDG:-0.100 PX:217.400 PY:-20.000 LAN:2 BRK:0 RX_X:0.000 RX_Y:0.000 RX_Z:0.000
[ZONE-ROUTE] CID:1 zone=1 edge_port=9998
[EDGE-RTT] CID:1 wall=1.5 ms  sim_delay=10.0 ms
>>> [UAV->CLOUD] BLK:d29a|TX:7.0.0.5|CID:1|TS:10.860|SPD:20.0|HDG:-0.1|PX:217.4|PY:-20.0|...
✓ [CAR 1] ACT=OK REP=1.000 RWD=1.000 PNL=0.000 CREDIT=16
✓ [CAR 2] ACT=OK REP=1.000 RWD=1.000 PNL=0.000 CREDIT=17
[PASSIVE-BEACON] SIMNOW:10.914 CID:3 ZONE:1 RXUAV:1 EDGEPORT:9998 TS:10.900 SPD:19.600 HDG:-0.800 PX:217.400 PY:-40.000 LAN:4 BRK:1 RX_X:0.000 RX_Y:0.000 RX_Z:0.000
[ZONE-ROUTE] CID:3 zone=1 edge_port=9998
[EDGE-RTT] CID:3 wall=1.1 ms  sim_delay=10.0 ms
>>> [UAV->CLOUD] BLK:7e70|TX:7.0.0.7|CID:3|TS:10.900|SPD:19.6|HDG:-0.8|PX:217.4|PY:-40.0|...
[PASSIVE-BEACON] SIMNOW:10.926 CID:8 ZONE:1 RXUAV:1 EDGEPORT:9998 TS:10.912 SPD:20.500 HDG:1.100 PX:237.900 PY:-40.000 LAN:4 BRK:0 RX_X:0.000 RX_Y:0.000 RX_Z:0.000
[ZONE-ROUTE] CID:8 zone=1 edge_port=9998
[EDGE-RTT] CID:8 wall=0.9 ms  sim_delay=10.0 ms
>>> [UAV->CLOUD] BLK:6788|TX:7.0.0.12|CID:8|TS:10.912|SPD:20.5|HDG:1.1|PX:237.9|PY:-40.0|...
✓ [CAR 3] ACT=OK REP=0.821 RWD=1.000 PNL=0.000 CREDIT=16
✓ [CAR 8] ACT=OK REP=1.000 RWD=1.000 PNL=0.000 CREDIT=16
[PASSIVE-BEACON] SIMNOW:11.095 CID:6 ZONE:1 RXUAV:1 EDGEPORT:9998 TS:11.082 SPD:20.200 HDG:2.000 PX:241.500 PY:-20.000 LAN:2 BRK:0 RX_X:0.000 RX_Y:0.000 RX_Z:0.000
[ZONE-ROUTE] CID:6 zone=1 edge_port=9998
[EDGE-RTT] CID:6 wall=1.2 ms  sim_delay=10.0 ms
>>> [UAV->CLOUD] BLK:24ae|TX:7.0.0.10|CID:6|TS:11.082|SPD:20.2|HDG:2.0|PX:241.5|PY:-20.0|...
✓ [CAR 6] ACT=OK REP=0.653 RWD=1.000 PNL=0.000 CREDIT=18
[PASSIVE-BEACON] SIMNOW:11.116 CID:9 ZONE:1 RXUAV:1 EDGEPORT:9998 TS:11.102 SPD:19.900 HDG:0.700 PX:241.500 PY:-50.000 LAN:5 BRK:0 RX_X:0.000 RX_Y:0.000 RX_Z:0.000
[ZONE-ROUTE] CID:9 zone=1 edge_port=9998
[EDGE-RTT] CID:9 wall=1.0 ms  sim_delay=10.0 ms
>>> [UAV->CLOUD] BLK:75ba|TX:7.0.0.13|CID:9|TS:11.102|SPD:19.9|HDG:0.7|PX:241.5|PY:-50.0|...
✓ [CAR 9] ACT=OK REP=0.913 RWD=1.000 PNL=0.000 CREDIT=18
[PASSIVE-BEACON] SIMNOW:11.144 CID:0 ZONE:1 RXUAV:1 EDGEPORT:9998 TS:11.130 SPD:20.200 HDG:1.700 PX:222.300 PY:-10.000 LAN:1 BRK:1 RX_X:0.000 RX_Y:0.000 RX_Z:0.000
[ZONE-ROUTE] CID:0 zone=1 edge_port=9998
[EDGE-RTT] CID:0 wall=0.9 ms  sim_delay=10.0 ms
>>> [UAV->CLOUD] BLK:9e12|TX:7.0.0.4|CID:0|TS:11.130|SPD:20.2|HDG:1.7|PX:222.3|PY:-10.0|L...
✓ [CAR 0] ACT=OK REP=1.000 RWD=1.000 PNL=0.000 CREDIT=18
[PASSIVE-BEACON] SIMNOW:11.256 CID:7 ZONE:1 RXUAV:1 EDGEPORT:9998 TS:11.242 SPD:19.800 HDG:1.300 PX:244.700 PY:-30.000 LAN:3 BRK:1 RX_X:0.000 RX_Y:0.000 RX_Z:0.000
[ZONE-ROUTE] CID:7 zone=1 edge_port=9998
[EDGE-RTT] CID:7 wall=1.2 ms  sim_delay=10.0 ms
>>> [UAV->CLOUD] BLK:b758|TX:7.0.0.11|CID:7|TS:11.242|SPD:19.8|HDG:1.3|PX:244.7|PY:-30.0|...
✓ [CAR 7] ACT=OK REP=0.897 RWD=1.000 PNL=0.000 CREDIT=18
[PASSIVE-BEACON] SIMNOW:11.286 CID:5 ZONE:1 RXUAV:1 EDGEPORT:9998 TS:11.272 SPD:19.800 HDG:0.700 PX:245.500 PY:-10.000 LAN:1 BRK:0 RX_X:0.000 RX_Y:0.000 RX_Z:0.000
[ZONE-ROUTE] CID:5 zone=1 edge_port=9998
[EDGE-RTT] CID:5 wall=1.2 ms  sim_delay=10.0 ms
>>> [UAV->CLOUD] BLK:70d6|TX:7.0.0.9|CID:5|TS:11.272|SPD:19.8|HDG:0.7|PX:245.5|PY:-10.0|L...
✓ [CAR 5] ACT=OK REP=0.928 RWD=1.000 PNL=0.000 CREDIT=18
[PASSIVE-BEACON] SIMNOW:11.354 CID:4 ZONE:1 RXUAV:1 EDGEPORT:9998 TS:11.340 SPD:20.400 HDG:-2.000 PX:226.600 PY:-50.000 LAN:5 BRK:0 RX_X:0.000 RX_Y:0.000 RX_Z:0.000
[ZONE-ROUTE] CID:4 zone=1 edge_port=9998
[EDGE-RTT] CID:4 wall=1.2 ms  sim_delay=10.0 ms
>>> [UAV->CLOUD] BLK:0eba|TX:7.0.0.8|CID:4|TS:11.340|SPD:20.4|HDG:-2.0|PX:226.6|PY:-50.0|...
✓ [CAR 4] ACT=OK REP=1.000 RWD=1.000 PNL=0.000 CREDIT=17
[PASSIVE-BEACON] SIMNOW:11.374 CID:2 ZONE:1 RXUAV:1 EDGEPORT:9998 TS:11.360 SPD:20.400 HDG:0.900 PX:227.500 PY:-30.000 LAN:3 BRK:0 RX_X:0.000 RX_Y:0.000 RX_Z:0.000
[ZONE-ROUTE] CID:2 zone=1 edge_port=9998
[EDGE-RTT] CID:2 wall=1.2 ms  sim_delay=10.0 ms
>>> [UAV->CLOUD] BLK:b63c|TX:7.0.0.6|CID:2|TS:11.360|SPD:20.4|HDG:0.9|PX:227.5|PY:-30.0|L...
[PASSIVE-BEACON] SIMNOW:11.374 CID:1 ZONE:1 RXUAV:1 EDGEPORT:9998 TS:11.360 SPD:20.300 HDG:1.000 PX:227.900 PY:-20.000 LAN:2 BRK:0 RX_X:0.000 RX_Y:0.000 RX_Z:0.000
[ZONE-ROUTE] CID:1 zone=1 edge_port=9998
[EDGE-RTT] CID:1 wall=2.0 ms  sim_delay=10.0 ms
>>> [UAV->CLOUD] BLK:56e4|TX:7.0.0.5|CID:1|TS:11.360|SPD:20.3|HDG:1.0|PX:227.9|PY:-20.0|L...
✓ [CAR 1] ACT=OK REP=1.000 RWD=1.000 PNL=0.000 CREDIT=17
✓ [CAR 2] ACT=OK REP=1.000 RWD=1.000 PNL=0.000 CREDIT=18
[PASSIVE-BEACON] SIMNOW:11.414 CID:3 ZONE:1 RXUAV:1 EDGEPORT:9998 TS:11.400 SPD:20.200 HDG:0.800 PX:227.800 PY:-40.000 LAN:4 BRK:0 RX_X:0.000 RX_Y:0.000 RX_Z:0.000
[ZONE-ROUTE] CID:3 zone=1 edge_port=9998
[EDGE-RTT] CID:3 wall=1.1 ms  sim_delay=10.0 ms
>>> [UAV->CLOUD] BLK:9016|TX:7.0.0.7|CID:3|TS:11.400|SPD:20.2|HDG:0.8|PX:227.8|PY:-40.0|L...
[PASSIVE-BEACON] SIMNOW:11.426 CID:8 ZONE:1 RXUAV:1 EDGEPORT:9998 TS:11.412 SPD:20.200 HDG:-0.700 PX:248.800 PY:-40.000 LAN:4 BRK:0 RX_X:0.000 RX_Y:0.000 RX_Z:0.000
[ZONE-ROUTE] CID:8 zone=1 edge_port=9998
[EDGE-RTT] CID:8 wall=1.3 ms  sim_delay=10.0 ms
>>> [UAV->CLOUD] BLK:e209|TX:7.0.0.12|CID:8|TS:11.412|SPD:20.2|HDG:-0.7|PX:248.8|PY:-40.0...
✓ [CAR 3] ACT=OK REP=0.610 RWD=1.000 PNL=0.000 CREDIT=17
✓ [CAR 8] ACT=OK REP=0.917 RWD=1.000 PNL=0.000 CREDIT=17
[PASSIVE-BEACON] SIMNOW:11.596 CID:6 ZONE:1 RXUAV:1 EDGEPORT:9998 TS:11.582 SPD:19.800 HDG:-1.600 PX:251.400 PY:-20.000 LAN:2 BRK:0 RX_X:0.000 RX_Y:0.000 RX_Z:0.000
[ZONE-ROUTE] CID:6 zone=1 edge_port=9998
[EDGE-RTT] CID:6 wall=0.9 ms  sim_delay=10.0 ms
[TRUST-UPGRADE] CID:6 earned REDUCE_SCRUTINY after 20 clean packets → latency × 0.5
>>> [UAV->CLOUD] BLK:0297|TX:7.0.0.10|CID:6|TS:11.582|SPD:19.8|HDG:-1.6|PX:251.4|PY:-20.0...
[TRUST-APPLIED] CID:6 REDUCE_SCRUTINY → latency=5.0ms (was 10.0ms)
✓ [CAR 6] ACT=OK REP=0.500 RWD=1.500 PNL=0.000 CREDIT=20
✓ [CAR 6] ACT=OK REP=0.588 RWD=1.000 PNL=0.000 CREDIT=19
[PASSIVE-BEACON] SIMNOW:11.616 CID:9 ZONE:1 RXUAV:1 EDGEPORT:9998 TS:11.602 SPD:19.900 HDG:-1.100 PX:251.900 PY:-50.000 LAN:5 BRK:1 RX_X:0.000 RX_Y:0.000 RX_Z:0.000
[ZONE-ROUTE] CID:9 zone=1 edge_port=9998
[EDGE-RTT] CID:9 wall=1.1 ms  sim_delay=10.0 ms
[TRUST-UPGRADE] CID:9 earned REDUCE_SCRUTINY after 20 clean packets → latency × 0.5
>>> [UAV->CLOUD] BLK:0aed|TX:7.0.0.13|CID:9|TS:11.602|SPD:19.9|HDG:-1.1|PX:251.9|PY:-50.0...
[TRUST-APPLIED] CID:9 REDUCE_SCRUTINY → latency=5.0ms (was 10.0ms)
✓ [CAR 9] ACT=OK REP=0.500 RWD=1.500 PNL=0.000 CREDIT=20
✓ [CAR 9] ACT=OK REP=0.687 RWD=1.000 PNL=0.000 CREDIT=19
[PASSIVE-BEACON] SIMNOW:11.644 CID:0 ZONE:1 RXUAV:1 EDGEPORT:9998 TS:11.630 SPD:19.900 HDG:0.800 PX:232.000 PY:-10.000 LAN:1 BRK:0 RX_X:0.000 RX_Y:0.000 RX_Z:0.000
[ZONE-ROUTE] CID:0 zone=1 edge_port=9998
[EDGE-RTT] CID:0 wall=1.3 ms  sim_delay=10.0 ms
[TRUST-UPGRADE] CID:0 earned REDUCE_SCRUTINY after 20 clean packets → latency × 0.5
>>> [UAV->CLOUD] BLK:10d5|TX:7.0.0.4|CID:0|TS:11.630|SPD:19.9|HDG:0.8|PX:232.0|PY:-10.0|L...
[TRUST-APPLIED] CID:0 REDUCE_SCRUTINY → latency=5.0ms (was 10.0ms)
✓ [CAR 0] ACT=OK REP=0.500 RWD=1.500 PNL=0.000 CREDIT=20
✓ [CAR 0] ACT=OK REP=1.000 RWD=1.000 PNL=0.000 CREDIT=19
[PASSIVE-BEACON] SIMNOW:11.756 CID:7 ZONE:1 RXUAV:1 EDGEPORT:9998 TS:11.742 SPD:19.900 HDG:-1.700 PX:255.100 PY:-30.000 LAN:3 BRK:0 RX_X:0.000 RX_Y:0.000 RX_Z:0.000
[ZONE-ROUTE] CID:7 zone=1 edge_port=9998
[EDGE-RTT] CID:7 wall=1.2 ms  sim_delay=10.0 ms
[TRUST-UPGRADE] CID:7 earned REDUCE_SCRUTINY after 20 clean packets → latency × 0.5
>>> [UAV->CLOUD] BLK:33bc|TX:7.0.0.11|CID:7|TS:11.742|SPD:19.9|HDG:-1.7|PX:255.1|PY:-30.0...
[TRUST-APPLIED] CID:7 REDUCE_SCRUTINY → latency=5.0ms (was 10.0ms)
✓ [CAR 7] ACT=OK REP=0.500 RWD=1.500 PNL=0.000 CREDIT=20
✓ [CAR 7] ACT=OK REP=0.641 RWD=1.000 PNL=0.000 CREDIT=19
[PASSIVE-BEACON] SIMNOW:11.786 CID:5 ZONE:1 RXUAV:1 EDGEPORT:9998 TS:11.772 SPD:20.300 HDG:-0.700 PX:255.400 PY:-10.000 LAN:1 BRK:0 RX_X:0.000 RX_Y:0.000 RX_Z:0.000
[ZONE-ROUTE] CID:5 zone=1 edge_port=9998
[EDGE-RTT] CID:5 wall=1.2 ms  sim_delay=10.0 ms
[TRUST-UPGRADE] CID:5 earned REDUCE_SCRUTINY after 20 clean packets → latency × 0.5
>>> [UAV->CLOUD] BLK:1c6c|TX:7.0.0.9|CID:5|TS:11.772|SPD:20.3|HDG:-0.7|PX:255.4|PY:-10.0|...
[TRUST-APPLIED] CID:5 REDUCE_SCRUTINY → latency=5.0ms (was 10.0ms)
✓ [CAR 5] ACT=OK REP=0.500 RWD=1.500 PNL=0.000 CREDIT=20
✓ [CAR 5] ACT=OK REP=0.729 RWD=1.000 PNL=0.000 CREDIT=19
[PASSIVE-BEACON] SIMNOW:11.854 CID:4 ZONE:1 RXUAV:1 EDGEPORT:9998 TS:11.840 SPD:20.300 HDG:-1.100 PX:237.000 PY:-50.000 LAN:5 BRK:0 RX_X:0.000 RX_Y:0.000 RX_Z:0.000
[ZONE-ROUTE] CID:4 zone=1 edge_port=9998
[EDGE-RTT] CID:4 wall=1.3 ms  sim_delay=10.0 ms
>>> [UAV->CLOUD] BLK:7396|TX:7.0.0.8|CID:4|TS:11.840|SPD:20.3|HDG:-1.1|PX:237.0|PY:-50.0|...
✓ [CAR 4] ACT=OK REP=0.900 RWD=1.000 PNL=0.000 CREDIT=18
[PASSIVE-BEACON] SIMNOW:11.874 CID:2 ZONE:1 RXUAV:1 EDGEPORT:9998 TS:11.860 SPD:20.200 HDG:1.200 PX:236.500 PY:-30.000 LAN:3 BRK:1 RX_X:0.000 RX_Y:0.000 RX_Z:0.000
[ZONE-ROUTE] CID:2 zone=1 edge_port=9998
[EDGE-RTT] CID:2 wall=1.2 ms  sim_delay=10.0 ms
[TRUST-UPGRADE] CID:2 earned REDUCE_SCRUTINY after 20 clean packets → latency × 0.5
>>> [UAV->CLOUD] BLK:9db5|TX:7.0.0.6|CID:2|TS:11.860|SPD:20.2|HDG:1.2|PX:236.5|PY:-30.0|L...
[PASSIVE-BEACON] SIMNOW:11.874 CID:1 ZONE:1 RXUAV:1 EDGEPORT:9998 TS:11.860 SPD:19.600 HDG:0.200 PX:237.700 PY:-20.000 LAN:2 BRK:0 RX_X:0.000 RX_Y:0.000 RX_Z:0.000
[ZONE-ROUTE] CID:1 zone=1 edge_port=9998
[EDGE-RTT] CID:1 wall=2.3 ms  sim_delay=10.0 ms
>>> [UAV->CLOUD] BLK:869b|TX:7.0.0.5|CID:1|TS:11.860|SPD:19.6|HDG:0.2|PX:237.7|PY:-20.0|L...
[TRUST-APPLIED] CID:2 REDUCE_SCRUTINY → latency=5.0ms (was 10.0ms)
✓ [CAR 2] ACT=OK REP=0.500 RWD=1.500 PNL=0.000 CREDIT=20
✓ [CAR 2] ACT=OK REP=0.634 RWD=1.000 PNL=0.000 CREDIT=19
✓ [CAR 1] ACT=OK REP=0.780 RWD=1.000 PNL=0.000 CREDIT=18
[PASSIVE-BEACON] SIMNOW:11.914 CID:3 ZONE:1 RXUAV:1 EDGEPORT:9998 TS:11.900 SPD:19.900 HDG:1.900 PX:238.600 PY:-40.000 LAN:4 BRK:1 RX_X:0.000 RX_Y:0.000 RX_Z:0.000
[ZONE-ROUTE] CID:3 zone=1 edge_port=9998
[EDGE-RTT] CID:3 wall=1.3 ms  sim_delay=10.0 ms
>>> [UAV->CLOUD] BLK:1677|TX:7.0.0.7|CID:3|TS:11.900|SPD:19.9|HDG:1.9|PX:238.6|PY:-40.0|L...
[PASSIVE-BEACON] SIMNOW:11.926 CID:8 ZONE:1 RXUAV:1 EDGEPORT:9998 TS:11.912 SPD:19.800 HDG:1.900 PX:258.700 PY:-40.000 LAN:4 BRK:0 RX_X:0.000 RX_Y:0.000 RX_Z:0.000
[ZONE-ROUTE] CID:8 zone=1 edge_port=9998
[EDGE-RTT] CID:8 wall=1.0 ms  sim_delay=10.0 ms
>>> [UAV->CLOUD] BLK:9e3b|TX:7.0.0.12|CID:8|TS:11.912|SPD:19.8|HDG:1.9|PX:258.7|PY:-40.0|...
✓ [CAR 3] ACT=OK REP=0.849 RWD=1.000 PNL=0.000 CREDIT=18
✓ [CAR 8] ACT=OK REP=1.000 RWD=1.000 PNL=0.000 CREDIT=18
[PASSIVE-BEACON] SIMNOW:12.096 CID:6 ZONE:1 RXUAV:1 EDGEPORT:9998 TS:12.082 SPD:20.000 HDG:1.700 PX:261.500 PY:-20.000 LAN:2 BRK:0 RX_X:0.000 RX_Y:0.000 RX_Z:0.000
[ZONE-ROUTE] CID:6 zone=1 edge_port=9998
[EDGE-RTT] CID:6 wall=1.3 ms  sim_delay=5.0 ms
>>> [UAV->CLOUD] BLK:0e43|TX:7.0.0.10|CID:6|TS:12.082|SPD:20.0|HDG:1.7|PX:261.5|PY:-20.0|...
✓ [CAR 6] ACT=OK REP=0.884 RWD=1.000 PNL=0.000 CREDIT=20
[PASSIVE-BEACON] SIMNOW:12.116 CID:9 ZONE:1 RXUAV:1 EDGEPORT:9998 TS:12.102 SPD:19.800 HDG:1.900 PX:261.300 PY:-50.000 LAN:5 BRK:0 RX_X:0.000 RX_Y:0.000 RX_Z:0.000
[ZONE-ROUTE] CID:9 zone=1 edge_port=9998
[EDGE-RTT] CID:9 wall=1.6 ms  sim_delay=5.0 ms
>>> [UAV->CLOUD] BLK:06d6|TX:7.0.0.13|CID:9|TS:12.102|SPD:19.8|HDG:1.9|PX:261.3|PY:-50.0|...
✓ [CAR 9] ACT=OK REP=0.944 RWD=1.000 PNL=0.000 CREDIT=20
[PASSIVE-BEACON] SIMNOW:12.144 CID:0 ZONE:1 RXUAV:1 EDGEPORT:9998 TS:12.130 SPD:25.200 HDG:1.800 PX:243.400 PY:-10.000 LAN:1 BRK:0 RX_X:0.000 RX_Y:0.000 RX_Z:0.000
[ZONE-ROUTE] CID:0 zone=1 edge_port=9998
[EDGE-RTT] CID:0 wall=1.1 ms  sim_delay=5.0 ms
>>> [UAV->CLOUD] BLK:596f|TX:7.0.0.4|CID:0|TS:12.130|SPD:25.2|HDG:1.8|PX:243.4|PY:-10.0|L...
[ECON-CLAWBACK] CID:0 ACT=WARN prior_payoff=23.0 extra_penalty=18.2 new_payoff=4.7
[TRUST-REVOKED] CID:0 benefits revoked logically; lane=1 speed=20.0 latency=10.0ms
[FORGIVENESS] CID:0 WARN #1 — streak reset, benefits revoked
⚠ [CAR 0] ACT=WARN REP=0.739 RWD=0.000 PNL=18.323 CREDIT=18
[PASSIVE-BEACON] SIMNOW:12.256 CID:7 ZONE:1 RXUAV:1 EDGEPORT:9998 TS:12.242 SPD:20.000 HDG:1.500 PX:264.700 PY:-30.000 LAN:3 BRK:0 RX_X:0.000 RX_Y:0.000 RX_Z:0.000
[ZONE-ROUTE] CID:7 zone=1 edge_port=9998
[EDGE-RTT] CID:7 wall=1.2 ms  sim_delay=5.0 ms
>>> [UAV->CLOUD] BLK:7e64|TX:7.0.0.11|CID:7|TS:12.242|SPD:20.0|HDG:1.5|PX:264.7|PY:-30.0|...
✓ [CAR 7] ACT=OK REP=0.743 RWD=1.000 PNL=0.000 CREDIT=20
[PASSIVE-BEACON] SIMNOW:12.286 CID:5 ZONE:1 RXUAV:1 EDGEPORT:9998 TS:12.272 SPD:24.600 HDG:-1.700 PX:267.900 PY:-10.000 LAN:1 BRK:0 RX_X:0.000 RX_Y:0.000 RX_Z:0.000
[ZONE-ROUTE] CID:5 zone=1 edge_port=9998
[EDGE-RTT] CID:5 wall=1.1 ms  sim_delay=5.0 ms
>>> [UAV->CLOUD] BLK:6575|TX:7.0.0.9|CID:5|TS:12.272|SPD:24.6|HDG:-1.7|PX:267.9|PY:-10.0|...
✓ [CAR 5] ACT=OK REP=1.000 RWD=0.852 PNL=0.000 CREDIT=20
[PASSIVE-BEACON] SIMNOW:12.354 CID:4 ZONE:1 RXUAV:1 EDGEPORT:9998 TS:12.340 SPD:19.600 HDG:-0.700 PX:246.300 PY:-50.000 LAN:5 BRK:0 RX_X:0.000 RX_Y:0.000 RX_Z:0.000
[ZONE-ROUTE] CID:4 zone=1 edge_port=9998
[EDGE-RTT] CID:4 wall=1.1 ms  sim_delay=10.0 ms
[TRUST-UPGRADE] CID:4 earned REDUCE_SCRUTINY after 20 clean packets → latency × 0.5
>>> [UAV->CLOUD] BLK:be0b|TX:7.0.0.8|CID:4|TS:12.340|SPD:19.6|HDG:-0.7|PX:246.3|PY:-50.0|...
[TRUST-APPLIED] CID:4 REDUCE_SCRUTINY → latency=5.0ms (was 10.0ms)
✓ [CAR 4] ACT=OK REP=0.500 RWD=1.500 PNL=0.000 CREDIT=20
✓ [CAR 4] ACT=OK REP=0.648 RWD=1.000 PNL=0.000 CREDIT=19
[PASSIVE-BEACON] SIMNOW:12.374 CID:2 ZONE:1 RXUAV:1 EDGEPORT:9998 TS:12.360 SPD:19.700 HDG:-1.900 PX:246.600 PY:-30.000 LAN:3 BRK:0 RX_X:0.000 RX_Y:0.000 RX_Z:0.000
[ZONE-ROUTE] CID:2 zone=1 edge_port=9998
[EDGE-RTT] CID:2 wall=1.2 ms  sim_delay=5.0 ms
>>> [UAV->CLOUD] BLK:a700|TX:7.0.0.6|CID:2|TS:12.360|SPD:19.7|HDG:-1.9|PX:246.6|PY:-30.0|...
[PASSIVE-BEACON] SIMNOW:12.374 CID:1 ZONE:1 RXUAV:1 EDGEPORT:9998 TS:12.360 SPD:20.200 HDG:-1.100 PX:246.500 PY:-20.000 LAN:2 BRK:0 RX_X:0.000 RX_Y:0.000 RX_Z:0.000
[ZONE-ROUTE] CID:1 zone=1 edge_port=9998
[EDGE-RTT] CID:1 wall=1.7 ms  sim_delay=10.0 ms
[TRUST-UPGRADE] CID:1 earned REDUCE_SCRUTINY after 20 clean packets → latency × 0.5
>>> [UAV->CLOUD] BLK:d553|TX:7.0.0.5|CID:1|TS:12.360|SPD:20.2|HDG:-1.1|PX:246.5|PY:-20.0|...
[TRUST-APPLIED] CID:1 REDUCE_SCRUTINY → latency=5.0ms (was 10.0ms)
✓ [CAR 1] ACT=OK REP=0.500 RWD=1.500 PNL=0.000 CREDIT=20
✓ [CAR 1] ACT=OK REP=0.953 RWD=1.000 PNL=0.000 CREDIT=19
✓ [CAR 2] ACT=OK REP=0.980 RWD=1.000 PNL=0.000 CREDIT=20
[PASSIVE-BEACON] SIMNOW:12.414 CID:3 ZONE:1 RXUAV:1 EDGEPORT:9998 TS:12.400 SPD:19.800 HDG:0.000 PX:248.400 PY:-40.000 LAN:4 BRK:0 RX_X:0.000 RX_Y:0.000 RX_Z:0.000
[ZONE-ROUTE] CID:3 zone=1 edge_port=9998
[EDGE-RTT] CID:3 wall=1.2 ms  sim_delay=10.0 ms
[TRUST-UPGRADE] CID:3 earned REDUCE_SCRUTINY after 20 clean packets → latency × 0.5
>>> [UAV->CLOUD] BLK:2f8c|TX:7.0.0.7|CID:3|TS:12.400|SPD:19.8|HDG:0.0|PX:248.4|PY:-40.0|L...
[PASSIVE-BEACON] SIMNOW:12.426 CID:8 ZONE:1 RXUAV:1 EDGEPORT:9998 TS:12.412 SPD:19.900 HDG:0.600 PX:268.200 PY:-40.000 LAN:4 BRK:0 RX_X:0.000 RX_Y:0.000 RX_Z:0.000
[ZONE-ROUTE] CID:8 zone=1 edge_port=9998
[EDGE-RTT] CID:8 wall=1.2 ms  sim_delay=10.0 ms
[TRUST-UPGRADE] CID:8 earned REDUCE_SCRUTINY after 20 clean packets → latency × 0.5
>>> [UAV->CLOUD] BLK:e563|TX:7.0.0.12|CID:8|TS:12.412|SPD:19.9|HDG:0.6|PX:268.2|PY:-40.0|...
[TRUST-APPLIED] CID:3 REDUCE_SCRUTINY → latency=5.0ms (was 10.0ms)
✓ [CAR 3] ACT=OK REP=0.500 RWD=1.500 PNL=0.000 CREDIT=20
✓ [CAR 3] ACT=OK REP=0.818 RWD=1.000 PNL=0.000 CREDIT=19
[TRUST-APPLIED] CID:8 REDUCE_SCRUTINY → latency=5.000ms (was 10.000ms)
✓ [CAR 8] ACT=OK REP=0.500 RWD=1.500 PNL=0.000 CREDIT=20
✓ [CAR 8] ACT=OK REP=0.857 RWD=1.000 PNL=0.000 CREDIT=19
[PASSIVE-BEACON] SIMNOW:12.595 CID:6 ZONE:1 RXUAV:1 EDGEPORT:9998 TS:12.582 SPD:19.600 HDG:-1.700 PX:272.300 PY:-20.000 LAN:2 BRK:0 RX_X:0.000 RX_Y:0.000 RX_Z:0.000
[ZONE-ROUTE] CID:6 zone=1 edge_port=9998
[EDGE-RTT] CID:6 wall=1.2 ms  sim_delay=5.0 ms
>>> [UAV->CLOUD] BLK:a999|TX:7.0.0.10|CID:6|TS:12.582|SPD:19.6|HDG:-1.7|PX:272.3|PY:-20.0...
✓ [CAR 6] ACT=OK REP=0.858 RWD=1.000 PNL=0.000 CREDIT=21
[PASSIVE-BEACON] SIMNOW:12.616 CID:9 ZONE:1 RXUAV:1 EDGEPORT:9998 TS:12.602 SPD:19.500 HDG:-0.400 PX:272.400 PY:-50.000 LAN:5 BRK:0 RX_X:0.000 RX_Y:0.000 RX_Z:0.000
[ZONE-ROUTE] CID:9 zone=1 edge_port=9998
[EDGE-RTT] CID:9 wall=1.2 ms  sim_delay=5.0 ms
>>> [UAV->CLOUD] BLK:4189|TX:7.0.0.13|CID:9|TS:12.602|SPD:19.5|HDG:-0.4|PX:272.4|PY:-50.0...
✓ [CAR 9] ACT=OK REP=0.772 RWD=1.000 PNL=0.000 CREDIT=21
[PASSIVE-BEACON] SIMNOW:12.644 CID:0 ZONE:1 RXUAV:1 EDGEPORT:9998 TS:12.630 SPD:24.900 HDG:0.800 PX:257.100 PY:-10.000 LAN:1 BRK:0 RX_X:0.000 RX_Y:0.000 RX_Z:0.000
[ZONE-ROUTE] CID:0 zone=1 edge_port=9998
[EDGE-RTT] CID:0 wall=0.9 ms  sim_delay=5.0 ms
>>> [UAV->CLOUD] BLK:a3aa|TX:7.0.0.4|CID:0|TS:12.630|SPD:24.9|HDG:0.8|PX:257.1|PY:-10.0|L...
[ECON-CLAWBACK] CID:0 ACT=WARN prior_payoff=4.7 extra_penalty=3.6 new_payoff=1.0
[FORGIVENESS] CID:0 WARN #2 — streak reset, benefits revoked
⚠ [CAR 0] ACT=WARN REP=1.000 RWD=0.000 PNL=3.682 CREDIT=-2
[PASSIVE-BEACON] SIMNOW:12.756 CID:7 ZONE:1 RXUAV:1 EDGEPORT:9998 TS:12.742 SPD:20.000 HDG:1.400 PX:274.200 PY:-30.000 LAN:3 BRK:0 RX_X:0.000 RX_Y:0.000 RX_Z:0.000
[ZONE-ROUTE] CID:7 zone=1 edge_port=9998
[EDGE-RTT] CID:7 wall=0.9 ms  sim_delay=5.0 ms
>>> [UAV->CLOUD] BLK:a257|TX:7.0.0.11|CID:7|TS:12.742|SPD:20.0|HDG:1.4|PX:274.2|PY:-30.0|...
✓ [CAR 7] ACT=OK REP=0.641 RWD=1.000 PNL=0.000 CREDIT=21
[PASSIVE-BEACON] SIMNOW:12.786 CID:5 ZONE:1 RXUAV:1 EDGEPORT:9998 TS:12.772 SPD:25.400 HDG:-1.500 PX:279.500 PY:-10.000 LAN:1 BRK:0 RX_X:0.000 RX_Y:0.000 RX_Z:0.000
[ZONE-ROUTE] CID:5 zone=1 edge_port=9998
[EDGE-RTT] CID:5 wall=1.3 ms  sim_delay=5.0 ms
>>> [UAV->CLOUD] BLK:f6ee|TX:7.0.0.9|CID:5|TS:12.772|SPD:25.4|HDG:-1.5|PX:279.5|PY:-10.0|...
[ECON-CLAWBACK] CID:5 ACT=WARN prior_payoff=23.8 extra_penalty=18.9 new_payoff=4.9
[TRUST-REVOKED] CID:5 benefits revoked logically; lane=1 speed=20.0 latency=10.0ms
[FORGIVENESS] CID:5 WARN #1 — streak reset, benefits revoked
⚠ [CAR 5] ACT=WARN REP=0.737 RWD=0.000 PNL=18.965 CREDIT=19
[PASSIVE-BEACON] SIMNOW:12.854 CID:4 ZONE:1 RXUAV:1 EDGEPORT:9998 TS:12.840 SPD:19.900 HDG:-1.900 PX:256.300 PY:-50.000 LAN:5 BRK:0 RX_X:0.000 RX_Y:0.000 RX_Z:0.000
[ZONE-ROUTE] CID:4 zone=1 edge_port=9998
[EDGE-RTT] CID:4 wall=1.2 ms  sim_delay=5.0 ms
>>> [UAV->CLOUD] BLK:6e36|TX:7.0.0.8|CID:4|TS:12.840|SPD:19.9|HDG:-1.9|PX:256.3|PY:-50.0|...
✓ [CAR 4] ACT=OK REP=0.775 RWD=1.000 PNL=0.000 CREDIT=20
[PASSIVE-BEACON] SIMNOW:12.874 CID:2 ZONE:1 RXUAV:1 EDGEPORT:9998 TS:12.860 SPD:19.600 HDG:-1.900 PX:257.200 PY:-30.000 LAN:3 BRK:0 RX_X:0.000 RX_Y:0.000 RX_Z:0.000
[ZONE-ROUTE] CID:2 zone=1 edge_port=9998
[EDGE-RTT] CID:2 wall=1.1 ms  sim_delay=5.0 ms
>>> [UAV->CLOUD] BLK:c29a|TX:7.0.0.6|CID:2|TS:12.860|SPD:19.6|HDG:-1.9|PX:257.2|PY:-30.0|...
[PASSIVE-BEACON] SIMNOW:12.874 CID:1 ZONE:1 RXUAV:1 EDGEPORT:9998 TS:12.860 SPD:20.400 HDG:-0.100 PX:257.900 PY:-20.000 LAN:2 BRK:0 RX_X:0.000 RX_Y:0.000 RX_Z:0.000
[ZONE-ROUTE] CID:1 zone=1 edge_port=9998
[EDGE-RTT] CID:1 wall=1.8 ms  sim_delay=5.0 ms
>>> [UAV->CLOUD] BLK:4013|TX:7.0.0.5|CID:1|TS:12.860|SPD:20.4|HDG:-0.1|PX:257.9|PY:-20.0|...
✓ [CAR 1] ACT=OK REP=0.865 RWD=1.000 PNL=0.000 CREDIT=20
✓ [CAR 2] ACT=OK REP=1.000 RWD=1.000 PNL=0.000 CREDIT=21
[PASSIVE-BEACON] SIMNOW:12.914 CID:3 ZONE:1 RXUAV:1 EDGEPORT:9998 TS:12.900 SPD:20.200 HDG:-2.000 PX:257.400 PY:-40.000 LAN:4 BRK:0 RX_X:0.000 RX_Y:0.000 RX_Z:0.000
[ZONE-ROUTE] CID:3 zone=1 edge_port=9998
[EDGE-RTT] CID:3 wall=1.2 ms  sim_delay=5.0 ms
>>> [UAV->CLOUD] BLK:2d39|TX:7.0.0.7|CID:3|TS:12.900|SPD:20.2|HDG:-2.0|PX:257.4|PY:-40.0|...
[PASSIVE-BEACON] SIMNOW:12.926 CID:8 ZONE:1 RXUAV:1 EDGEPORT:9998 TS:12.912 SPD:20.200 HDG:-1.500 PX:278.300 PY:-40.000 LAN:4 BRK:1 RX_X:0.000 RX_Y:0.000 RX_Z:0.000
[ZONE-ROUTE] CID:8 zone=1 edge_port=9998
[EDGE-RTT] CID:8 wall=1.0 ms  sim_delay=5.0 ms
>>> [UAV->CLOUD] BLK:88ce|TX:7.0.0.12|CID:8|TS:12.912|SPD:20.2|HDG:-1.5|PX:278.3|PY:-40.0...
✓ [CAR 3] ACT=OK REP=0.944 RWD=1.000 PNL=0.000 CREDIT=20
✓ [CAR 8] ACT=OK REP=0.717 RWD=1.000 PNL=0.000 CREDIT=20
[PASSIVE-BEACON] SIMNOW:13.096 CID:6 ZONE:1 RXUAV:1 EDGEPORT:9998 TS:13.082 SPD:20.000 HDG:-0.200 PX:282.200 PY:-20.000 LAN:2 BRK:0 RX_X:0.000 RX_Y:0.000 RX_Z:0.000
[ZONE-ROUTE] CID:6 zone=1 edge_port=9998
[EDGE-RTT] CID:6 wall=1.1 ms  sim_delay=5.0 ms
>>> [UAV->CLOUD] BLK:cb34|TX:7.0.0.10|CID:6|TS:13.082|SPD:20.0|HDG:-0.2|PX:282.2|PY:-20.0...
✓ [CAR 6] ACT=OK REP=0.917 RWD=1.000 PNL=0.000 CREDIT=22
[PASSIVE-BEACON] SIMNOW:13.116 CID:9 ZONE:1 RXUAV:1 EDGEPORT:9998 TS:13.102 SPD:20.100 HDG:0.200 PX:281.600 PY:-50.000 LAN:5 BRK:0 RX_X:0.000 RX_Y:0.000 RX_Z:0.000
[ZONE-ROUTE] CID:9 zone=1 edge_port=9998
[EDGE-RTT] CID:9 wall=1.3 ms  sim_delay=5.0 ms
>>> [UAV->CLOUD] BLK:5c83|TX:7.0.0.13|CID:9|TS:13.102|SPD:20.1|HDG:0.2|PX:281.6|PY:-50.0|...
✓ [CAR 9] ACT=OK REP=0.941 RWD=1.000 PNL=0.000 CREDIT=22
[PASSIVE-BEACON] SIMNOW:13.144 CID:0 ZONE:1 RXUAV:1 EDGEPORT:9998 TS:13.130 SPD:24.900 HDG:0.600 PX:268.200 PY:-10.000 LAN:1 BRK:0 RX_X:0.000 RX_Y:0.000 RX_Z:0.000
[ZONE-ROUTE] CID:0 zone=1 edge_port=9998
[EDGE-RTT] CID:0 wall=1.2 ms  sim_delay=5.0 ms
>>> [UAV->CLOUD] BLK:f2f8|TX:7.0.0.4|CID:0|TS:13.130|SPD:24.9|HDG:0.6|PX:268.2|PY:-10.0|L...
[ECON-CLAWBACK] CID:0 ACT=WARN prior_payoff=1.0 extra_penalty=2.0 new_payoff=-1.1
[FORGIVENESS] CID:0 WARN #3 — streak reset, benefits revoked
⚠ [CAR 0] ACT=WARN REP=0.824 RWD=0.000 PNL=2.093 CREDIT=-2
[PASSIVE-BEACON] SIMNOW:13.256 CID:7 ZONE:1 RXUAV:1 EDGEPORT:9998 TS:13.242 SPD:19.600 HDG:0.300 PX:284.700 PY:-30.000 LAN:3 BRK:0 RX_X:0.000 RX_Y:0.000 RX_Z:0.000
[ZONE-ROUTE] CID:7 zone=1 edge_port=9998
[EDGE-RTT] CID:7 wall=1.2 ms  sim_delay=5.0 ms
>>> [UAV->CLOUD] BLK:83e1|TX:7.0.0.11|CID:7|TS:13.242|SPD:19.6|HDG:0.3|PX:284.7|PY:-30.0|...
✓ [CAR 7] ACT=OK REP=1.000 RWD=1.000 PNL=0.000 CREDIT=22
[PASSIVE-BEACON] SIMNOW:13.286 CID:5 ZONE:1 RXUAV:1 EDGEPORT:9998 TS:13.272 SPD:25.100 HDG:1.500 PX:292.600 PY:-10.000 LAN:1 BRK:0 RX_X:0.000 RX_Y:0.000 RX_Z:0.000
[ZONE-ROUTE] CID:5 zone=1 edge_port=9998
[EDGE-RTT] CID:5 wall=1.2 ms  sim_delay=5.0 ms
>>> [UAV->CLOUD] BLK:df37|TX:7.0.0.9|CID:5|TS:13.272|SPD:25.1|HDG:1.5|PX:292.6|PY:-10.0|L...
[ECON-CLAWBACK] CID:5 ACT=WARN prior_payoff=4.9 extra_penalty=3.7 new_payoff=1.1
[FORGIVENESS] CID:5 WARN #2 — streak reset, benefits revoked
⚠ [CAR 5] ACT=WARN REP=1.000 RWD=0.000 PNL=3.789 CREDIT=-2
[PASSIVE-BEACON] SIMNOW:13.354 CID:4 ZONE:1 RXUAV:1 EDGEPORT:9998 TS:13.340 SPD:20.100 HDG:1.100 PX:266.700 PY:-50.000 LAN:5 BRK:0 RX_X:0.000 RX_Y:0.000 RX_Z:0.000
[ZONE-ROUTE] CID:4 zone=1 edge_port=9998
[EDGE-RTT] CID:4 wall=1.4 ms  sim_delay=5.0 ms
>>> [UAV->CLOUD] BLK:9b10|TX:7.0.0.8|CID:4|TS:13.340|SPD:20.1|HDG:1.1|PX:266.7|PY:-50.0|L...
✓ [CAR 4] ACT=OK REP=0.918 RWD=1.000 PNL=0.000 CREDIT=21
[PASSIVE-BEACON] SIMNOW:13.374 CID:2 ZONE:1 RXUAV:1 EDGEPORT:9998 TS:13.360 SPD:20.100 HDG:-0.000 PX:266.800 PY:-30.000 LAN:3 BRK:0 RX_X:0.000 RX_Y:0.000 RX_Z:0.000
[ZONE-ROUTE] CID:2 zone=1 edge_port=9998
[EDGE-RTT] CID:2 wall=1.1 ms  sim_delay=5.0 ms
>>> [UAV->CLOUD] BLK:93b6|TX:7.0.0.6|CID:2|TS:13.360|SPD:20.1|HDG:-0.0|PX:266.8|PY:-30.0|...
[PASSIVE-BEACON] SIMNOW:13.374 CID:1 ZONE:1 RXUAV:1 EDGEPORT:9998 TS:13.360 SPD:20.000 HDG:-1.300 PX:267.400 PY:-20.000 LAN:2 BRK:1 RX_X:0.000 RX_Y:0.000 RX_Z:0.000
[ZONE-ROUTE] CID:1 zone=1 edge_port=9998
[EDGE-RTT] CID:1 wall=2.6 ms  sim_delay=5.0 ms
>>> [UAV->CLOUD] BLK:d513|TX:7.0.0.5|CID:1|TS:13.360|SPD:20.0|HDG:-1.3|PX:267.4|PY:-20.0|...
✓ [CAR 2] ACT=OK REP=0.944 RWD=1.000 PNL=0.000 CREDIT=22
✓ [CAR 1] ACT=OK REP=1.000 RWD=1.000 PNL=0.000 CREDIT=21
[PASSIVE-BEACON] SIMNOW:13.414 CID:3 ZONE:1 RXUAV:1 EDGEPORT:9998 TS:13.400 SPD:20.400 HDG:-1.900 PX:267.600 PY:-40.000 LAN:4 BRK:0 RX_X:0.000 RX_Y:0.000 RX_Z:0.000
[ZONE-ROUTE] CID:3 zone=1 edge_port=9998
[EDGE-RTT] CID:3 wall=1.4 ms  sim_delay=5.0 ms
>>> [UAV->CLOUD] BLK:0bd7|TX:7.0.0.7|CID:3|TS:13.400|SPD:20.4|HDG:-1.9|PX:267.6|PY:-40.0|...
[PASSIVE-BEACON] SIMNOW:13.424 CID:8 ZONE:1 RXUAV:1 EDGEPORT:9998 TS:13.412 SPD:20.100 HDG:-1.700 PX:288.800 PY:-40.000 LAN:4 BRK:0 RX_X:0.000 RX_Y:0.000 RX_Z:0.000
[ZONE-ROUTE] CID:8 zone=1 edge_port=9998
[EDGE-RTT] CID:8 wall=1.1 ms  sim_delay=5.0 ms
>>> [UAV->CLOUD] BLK:d366|TX:7.0.0.12|CID:8|TS:13.412|SPD:20.1|HDG:-1.7|PX:288.8|PY:-40.0...
✓ [CAR 3] ACT=OK REP=0.918 RWD=1.000 PNL=0.000 CREDIT=21
✓ [CAR 8] ACT=OK REP=0.911 RWD=1.000 PNL=0.000 CREDIT=21
[PASSIVE-BEACON] SIMNOW:13.596 CID:6 ZONE:1 RXUAV:1 EDGEPORT:9998 TS:13.582 SPD:19.800 HDG:-2.000 PX:290.900 PY:-20.000 LAN:2 BRK:0 RX_X:0.000 RX_Y:0.000 RX_Z:0.000
[ZONE-ROUTE] CID:6 zone=1 edge_port=9998
[EDGE-RTT] CID:6 wall=1.1 ms  sim_delay=5.0 ms
>>> [UAV->CLOUD] BLK:adc0|TX:7.0.0.10|CID:6|TS:13.582|SPD:19.8|HDG:-2.0|PX:290.9|PY:-20.0...
✓ [CAR 6] ACT=OK REP=0.878 RWD=1.000 PNL=0.000 CREDIT=23
[PASSIVE-BEACON] SIMNOW:13.616 CID:9 ZONE:1 RXUAV:1 EDGEPORT:9998 TS:13.602 SPD:19.700 HDG:0.500 PX:292.400 PY:-50.000 LAN:5 BRK:0 RX_X:0.000 RX_Y:0.000 RX_Z:0.000
[ZONE-ROUTE] CID:9 zone=1 edge_port=9998
[EDGE-RTT] CID:9 wall=1.2 ms  sim_delay=5.0 ms
>>> [UAV->CLOUD] BLK:0617|TX:7.0.0.13|CID:9|TS:13.602|SPD:19.7|HDG:0.5|PX:292.4|PY:-50.0|...
✓ [CAR 9] ACT=OK REP=0.870 RWD=1.000 PNL=0.000 CREDIT=23
[PASSIVE-BEACON] SIMNOW:13.644 CID:0 ZONE:1 RXUAV:1 EDGEPORT:9998 TS:13.630 SPD:24.900 HDG:0.700 PX:282.000 PY:-10.000 LAN:1 BRK:0 RX_X:0.000 RX_Y:0.000 RX_Z:0.000
[ZONE-ROUTE] CID:0 zone=1 edge_port=9998
[EDGE-RTT] CID:0 wall=1.3 ms  sim_delay=5.0 ms
>>> [UAV->CLOUD] BLK:58e5|TX:7.0.0.4|CID:0|TS:13.630|SPD:24.9|HDG:0.7|PX:282.0|PY:-10.0|L...
[ECON-CLAWBACK] CID:0 ACT=WARN prior_payoff=-1.1 extra_penalty=1.8 new_payoff=-3.0
[FORGIVENESS] CID:0 WARN #4 — streak reset, benefits revoked
⚠ [CAR 0] ACT=WARN REP=0.682 RWD=0.000 PNL=1.849 CREDIT=-2
[PASSIVE-BEACON] SIMNOW:13.756 CID:7 ZONE:1 RXUAV:1 EDGEPORT:9998 TS:13.742 SPD:20.400 HDG:0.100 PX:295.600 PY:-30.000 LAN:3 BRK:1 RX_X:0.000 RX_Y:0.000 RX_Z:0.000
[ZONE-ROUTE] CID:7 zone=1 edge_port=9998
[EDGE-RTT] CID:7 wall=1.2 ms  sim_delay=5.0 ms
>>> [UAV->CLOUD] BLK:d484|TX:7.0.0.11|CID:7|TS:13.742|SPD:20.4|HDG:0.1|PX:295.6|PY:-30.0|...
✓ [CAR 7] ACT=OK REP=0.795 RWD=1.000 PNL=0.000 CREDIT=23
[PASSIVE-BEACON] SIMNOW:13.786 CID:5 ZONE:1 RXUAV:1 EDGEPORT:9998 TS:13.772 SPD:25.000 HDG:0.600 PX:305.400 PY:-10.000 LAN:1 BRK:1 RX_X:0.000 RX_Y:0.000 RX_Z:0.000
[ZONE-ROUTE] CID:5 zone=1 edge_port=9998
[EDGE-RTT] CID:5 wall=1.2 ms  sim_delay=5.0 ms
>>> [UAV->CLOUD] BLK:94a8|TX:7.0.0.9|CID:5|TS:13.772|SPD:25.0|HDG:0.6|PX:305.4|PY:-10.0|L...
[ECON-CLAWBACK] CID:5 ACT=WARN prior_payoff=1.1 extra_penalty=2.0 new_payoff=-1.1
[FORGIVENESS] CID:5 WARN #3 — streak reset, benefits revoked
⚠ [CAR 5] ACT=WARN REP=0.839 RWD=0.000 PNL=2.147 CREDIT=-2
[PASSIVE-BEACON] SIMNOW:13.854 CID:4 ZONE:1 RXUAV:1 EDGEPORT:9998 TS:13.840 SPD:19.900 HDG:-0.300 PX:276.400 PY:-50.000 LAN:5 BRK:0 RX_X:0.000 RX_Y:0.000 RX_Z:0.000
[ZONE-ROUTE] CID:4 zone=1 edge_port=9998
[EDGE-RTT] CID:4 wall=1.2 ms  sim_delay=5.0 ms
>>> [UAV->CLOUD] BLK:3f14|TX:7.0.0.8|CID:4|TS:13.840|SPD:19.9|HDG:-0.3|PX:276.4|PY:-50.0|...
✓ [CAR 4] ACT=OK REP=0.750 RWD=1.000 PNL=0.000 CREDIT=22
[PASSIVE-BEACON] SIMNOW:13.872 CID:2 ZONE:1 RXUAV:1 EDGEPORT:9998 TS:13.860 SPD:20.000 HDG:-1.300 PX:276.900 PY:-30.000 LAN:3 BRK:0 RX_X:0.000 RX_Y:0.000 RX_Z:0.000
[ZONE-ROUTE] CID:2 zone=1 edge_port=9998
[EDGE-RTT] CID:2 wall=0.9 ms  sim_delay=5.0 ms
>>> [UAV->CLOUD] BLK:2ef1|TX:7.0.0.6|CID:2|TS:13.860|SPD:20.0|HDG:-1.3|PX:276.9|PY:-30.0|...
[PASSIVE-BEACON] SIMNOW:13.872 CID:1 ZONE:1 RXUAV:1 EDGEPORT:9998 TS:13.860 SPD:20.400 HDG:1.200 PX:277.500 PY:-20.000 LAN:2 BRK:0 RX_X:0.000 RX_Y:0.000 RX_Z:0.000
[ZONE-ROUTE] CID:1 zone=1 edge_port=9998
[EDGE-RTT] CID:1 wall=1.3 ms  sim_delay=5.0 ms
>>> [UAV->CLOUD] BLK:d671|TX:7.0.0.5|CID:1|TS:13.860|SPD:20.4|HDG:1.2|PX:277.5|PY:-20.0|L...
✓ [CAR 1] ACT=OK REP=1.000 RWD=1.000 PNL=0.000 CREDIT=22
✓ [CAR 2] ACT=OK REP=0.811 RWD=1.000 PNL=0.000 CREDIT=23
[PASSIVE-BEACON] SIMNOW:13.914 CID:3 ZONE:1 RXUAV:1 EDGEPORT:9998 TS:13.900 SPD:20.000 HDG:-1.200 PX:277.400 PY:-40.000 LAN:4 BRK:0 RX_X:0.000 RX_Y:0.000 RX_Z:0.000
[ZONE-ROUTE] CID:3 zone=1 edge_port=9998
[EDGE-RTT] CID:3 wall=1.3 ms  sim_delay=5.0 ms
>>> [UAV->CLOUD] BLK:661f|TX:7.0.0.7|CID:3|TS:13.900|SPD:20.0|HDG:-1.2|PX:277.4|PY:-40.0|...
[PASSIVE-BEACON] SIMNOW:13.926 CID:8 ZONE:1 RXUAV:1 EDGEPORT:9998 TS:13.912 SPD:19.800 HDG:0.100 PX:298.700 PY:-40.000 LAN:4 BRK:0 RX_X:0.000 RX_Y:0.000 RX_Z:0.000
[ZONE-ROUTE] CID:8 zone=1 edge_port=9998
[EDGE-RTT] CID:8 wall=1.1 ms  sim_delay=5.0 ms
>>> [UAV->CLOUD] BLK:49ab|TX:7.0.0.12|CID:8|TS:13.912|SPD:19.8|HDG:0.1|PX:298.7|PY:-40.0|...
✓ [CAR 3] ACT=OK REP=0.850 RWD=1.000 PNL=0.000 CREDIT=22
✓ [CAR 8] ACT=OK REP=0.905 RWD=1.000 PNL=0.000 CREDIT=22
[PASSIVE-BEACON] SIMNOW:14.096 CID:6 ZONE:1 RXUAV:1 EDGEPORT:9998 TS:14.082 SPD:24.700 HDG:-1.400 PX:303.200 PY:-20.000 LAN:2 BRK:1 RX_X:0.000 RX_Y:0.000 RX_Z:0.000
[ZONE-ROUTE] CID:6 zone=1 edge_port=9998
[EDGE-RTT] CID:6 wall=1.1 ms  sim_delay=5.0 ms
>>> [UAV->CLOUD] BLK:88b9|TX:7.0.0.10|CID:6|TS:14.082|SPD:24.7|HDG:-1.4|PX:303.2|PY:-20.0...
✓ [CAR 6] ACT=OK REP=1.000 RWD=0.851 PNL=0.000 CREDIT=24
[PASSIVE-BEACON] SIMNOW:14.116 CID:9 ZONE:1 RXUAV:1 EDGEPORT:9998 TS:14.102 SPD:19.800 HDG:0.600 PX:301.500 PY:-50.000 LAN:5 BRK:1 RX_X:0.000 RX_Y:0.000 RX_Z:0.000
[ZONE-ROUTE] CID:9 zone=1 edge_port=9998
[EDGE-RTT] CID:9 wall=1.3 ms  sim_delay=5.0 ms
>>> [UAV->CLOUD] BLK:18b3|TX:7.0.0.13|CID:9|TS:14.102|SPD:19.8|HDG:0.6|PX:301.5|PY:-50.0|...
✓ [CAR 9] ACT=OK REP=1.000 RWD=1.000 PNL=0.000 CREDIT=24
[PASSIVE-BEACON] SIMNOW:14.144 CID:0 ZONE:1 RXUAV:1 EDGEPORT:9998 TS:14.130 SPD:25.300 HDG:-0.400 PX:294.100 PY:-10.000 LAN:1 BRK:0 RX_X:0.000 RX_Y:0.000 RX_Z:0.000
[ZONE-ROUTE] CID:0 zone=1 edge_port=9998
[EDGE-RTT] CID:0 wall=1.2 ms  sim_delay=5.0 ms
>>> [UAV->CLOUD] BLK:5237|TX:7.0.0.4|CID:0|TS:14.130|SPD:25.3|HDG:-0.4|PX:294.1|PY:-10.0|...
[ECON-CLAWBACK] CID:0 ACT=WARN prior_payoff=-3.0 extra_penalty=2.0 new_payoff=-5.1
[FORGIVENESS] CID:0 WARN #5 — streak reset, benefits revoked
⚠ [CAR 0] ACT=WARN REP=0.754 RWD=0.000 PNL=2.102 CREDIT=-2
[PASSIVE-BEACON] SIMNOW:14.256 CID:7 ZONE:1 RXUAV:1 EDGEPORT:9998 TS:14.242 SPD:19.700 HDG:-0.100 PX:304.300 PY:-30.000 LAN:3 BRK:0 RX_X:0.000 RX_Y:0.000 RX_Z:0.000
[ZONE-ROUTE] CID:7 zone=1 edge_port=9998
[EDGE-RTT] CID:7 wall=1.2 ms  sim_delay=5.0 ms
>>> [UAV->CLOUD] BLK:a101|TX:7.0.0.11|CID:7|TS:14.242|SPD:19.7|HDG:-0.1|PX:304.3|PY:-30.0...
✓ [CAR 7] ACT=OK REP=1.000 RWD=1.000 PNL=0.000 CREDIT=24
[PASSIVE-BEACON] SIMNOW:14.286 CID:5 ZONE:1 RXUAV:1 EDGEPORT:9998 TS:14.272 SPD:25.500 HDG:1.100 PX:317.400 PY:-10.000 LAN:1 BRK:0 RX_X:0.000 RX_Y:0.000 RX_Z:0.000
[ZONE-ROUTE] CID:5 zone=1 edge_port=9998
[EDGE-RTT] CID:5 wall=0.9 ms  sim_delay=5.0 ms
>>> [UAV->CLOUD] BLK:4e91|TX:7.0.0.9|CID:5|TS:14.272|SPD:25.5|HDG:1.1|PX:317.4|PY:-10.0|L...
[ECON-CLAWBACK] CID:5 ACT=WARN prior_payoff=-1.1 extra_penalty=1.8 new_payoff=-2.9
[FORGIVENESS] CID:5 WARN #4 — streak reset, benefits revoked
⚠ [CAR 5] ACT=WARN REP=0.800 RWD=0.000 PNL=1.852 CREDIT=-2
[PASSIVE-BEACON] SIMNOW:14.354 CID:4 ZONE:1 RXUAV:1 EDGEPORT:9998 TS:14.340 SPD:19.600 HDG:-2.000 PX:287.400 PY:-50.000 LAN:5 BRK:0 RX_X:0.000 RX_Y:0.000 RX_Z:0.000
[ZONE-ROUTE] CID:4 zone=1 edge_port=9998
[EDGE-RTT] CID:4 wall=0.9 ms  sim_delay=5.0 ms
>>> [UAV->CLOUD] BLK:16d0|TX:7.0.0.8|CID:4|TS:14.340|SPD:19.6|HDG:-2.0|PX:287.4|PY:-50.0|...
✓ [CAR 4] ACT=OK REP=0.811 RWD=1.000 PNL=0.000 CREDIT=23
[PASSIVE-BEACON] SIMNOW:14.374 CID:2 ZONE:1 RXUAV:1 EDGEPORT:9998 TS:14.360 SPD:20.000 HDG:1.000 PX:287.100 PY:-30.000 LAN:3 BRK:0 RX_X:0.000 RX_Y:0.000 RX_Z:0.000
[ZONE-ROUTE] CID:2 zone=1 edge_port=9998
[EDGE-RTT] CID:2 wall=1.3 ms  sim_delay=5.0 ms
>>> [UAV->CLOUD] BLK:f024|TX:7.0.0.6|CID:2|TS:14.360|SPD:20.0|HDG:1.0|PX:287.1|PY:-30.0|L...
[PASSIVE-BEACON] SIMNOW:14.374 CID:1 ZONE:1 RXUAV:1 EDGEPORT:9998 TS:14.360 SPD:24.800 HDG:-1.400 PX:289.700 PY:-20.000 LAN:2 BRK:0 RX_X:0.000 RX_Y:0.000 RX_Z:0.000
[ZONE-ROUTE] CID:1 zone=1 edge_port=9998
[EDGE-RTT] CID:1 wall=1.9 ms  sim_delay=5.0 ms
>>> [UAV->CLOUD] BLK:eb23|TX:7.0.0.5|CID:1|TS:14.360|SPD:24.8|HDG:-1.4|PX:289.7|PY:-20.0|...
[ECON-CLAWBACK] CID:1 ACT=WARN prior_payoff=26.0 extra_penalty=20.5 new_payoff=5.4
[TRUST-REVOKED] CID:1 benefits revoked logically; lane=2 speed=20.0 latency=10.0ms
[FORGIVENESS] CID:1 WARN #1 — streak reset, benefits revoked
⚠ [CAR 1] ACT=WARN REP=0.776 RWD=0.000 PNL=20.572 CREDIT=21
✓ [CAR 2] ACT=OK REP=0.791 RWD=1.000 PNL=0.000 CREDIT=24
[PASSIVE-BEACON] SIMNOW:14.414 CID:3 ZONE:1 RXUAV:1 EDGEPORT:9998 TS:14.400 SPD:19.700 HDG:0.800 PX:288.400 PY:-40.000 LAN:4 BRK:0 RX_X:0.000 RX_Y:0.000 RX_Z:0.000
[ZONE-ROUTE] CID:3 zone=1 edge_port=9998
[EDGE-RTT] CID:3 wall=1.2 ms  sim_delay=5.0 ms
>>> [UAV->CLOUD] BLK:09dd|TX:7.0.0.7|CID:3|TS:14.400|SPD:19.7|HDG:0.8|PX:288.4|PY:-40.0|L...
[PASSIVE-BEACON] SIMNOW:14.426 CID:8 ZONE:1 RXUAV:1 EDGEPORT:9998 TS:14.412 SPD:20.300 HDG:-0.500 PX:307.600 PY:-40.000 LAN:4 BRK:0 RX_X:0.000 RX_Y:0.000 RX_Z:0.000
[ZONE-ROUTE] CID:8 zone=1 edge_port=9998
[EDGE-RTT] CID:8 wall=1.2 ms  sim_delay=5.0 ms
>>> [UAV->CLOUD] BLK:fee0|TX:7.0.0.12|CID:8|TS:14.412|SPD:20.3|HDG:-0.5|PX:307.6|PY:-40.0...
✓ [CAR 3] ACT=OK REP=1.000 RWD=1.000 PNL=0.000 CREDIT=23
✓ [CAR 8] ACT=OK REP=1.000 RWD=1.000 PNL=0.000 CREDIT=23
[PASSIVE-BEACON] SIMNOW:14.596 CID:6 ZONE:1 RXUAV:1 EDGEPORT:9998 TS:14.582 SPD:24.600 HDG:-1.600 PX:315.800 PY:-20.000 LAN:2 BRK:0 RX_X:0.000 RX_Y:0.000 RX_Z:0.000
[ZONE-ROUTE] CID:6 zone=1 edge_port=9998
[EDGE-RTT] CID:6 wall=1.8 ms  sim_delay=5.0 ms
>>> [UAV->CLOUD] BLK:9cab|TX:7.0.0.10|CID:6|TS:14.582|SPD:24.6|HDG:-1.6|PX:315.8|PY:-20.0...
[ECON-CLAWBACK] CID:6 ACT=WARN prior_payoff=27.8 extra_penalty=21.9 new_payoff=5.9
[TRUST-REVOKED] CID:6 benefits revoked logically; lane=2 speed=20.0 latency=10.0ms
[FORGIVENESS] CID:6 WARN #1 — streak reset, benefits revoked
⚠ [CAR 6] ACT=WARN REP=0.813 RWD=0.000 PNL=21.960 CREDIT=23
[PASSIVE-BEACON] SIMNOW:14.616 CID:9 ZONE:1 RXUAV:1 EDGEPORT:9998 TS:14.602 SPD:19.500 HDG:1.800 PX:311.300 PY:-50.000 LAN:5 BRK:1 RX_X:0.000 RX_Y:0.000 RX_Z:0.000
[ZONE-ROUTE] CID:9 zone=1 edge_port=9998
[EDGE-RTT] CID:9 wall=1.2 ms  sim_delay=5.0 ms
>>> [UAV->CLOUD] BLK:9d00|TX:7.0.0.13|CID:9|TS:14.602|SPD:19.5|HDG:1.8|PX:311.3|PY:-50.0|...
✓ [CAR 9] ACT=OK REP=1.000 RWD=1.000 PNL=0.000 CREDIT=25
[PASSIVE-BEACON] SIMNOW:14.644 CID:0 ZONE:1 RXUAV:1 EDGEPORT:9998 TS:14.630 SPD:24.700 HDG:-1.700 PX:306.200 PY:-10.000 LAN:1 BRK:1 RX_X:0.000 RX_Y:0.000 RX_Z:0.000
[ZONE-ROUTE] CID:0 zone=1 edge_port=9998
[EDGE-RTT] CID:0 wall=1.2 ms  sim_delay=5.0 ms
>>> [UAV->CLOUD] BLK:1fde|TX:7.0.0.4|CID:0|TS:14.630|SPD:24.7|HDG:-1.7|PX:306.2|PY:-10.0|...
[ECON-CLAWBACK] CID:0 ACT=WARN prior_payoff=-5.1 extra_penalty=2.2 new_payoff=-7.4
[FORGIVENESS] CID:0 WARN #6 — streak reset, benefits revoked
⚠ [CAR 0] ACT=WARN REP=0.809 RWD=0.000 PNL=2.350 CREDIT=-2
[PASSIVE-BEACON] SIMNOW:14.756 CID:7 ZONE:1 RXUAV:1 EDGEPORT:9998 TS:14.742 SPD:19.900 HDG:-0.500 PX:315.400 PY:-30.000 LAN:3 BRK:0 RX_X:0.000 RX_Y:0.000 RX_Z:0.000
[ZONE-ROUTE] CID:7 zone=1 edge_port=9998
[EDGE-RTT] CID:7 wall=1.2 ms  sim_delay=5.0 ms
>>> [UAV->CLOUD] BLK:f0d2|TX:7.0.0.11|CID:7|TS:14.742|SPD:19.9|HDG:-0.5|PX:315.4|PY:-30.0...
✓ [CAR 7] ACT=OK REP=1.000 RWD=1.000 PNL=0.000 CREDIT=25
[PASSIVE-BEACON] SIMNOW:14.786 CID:5 ZONE:1 RXUAV:1 EDGEPORT:9998 TS:14.772 SPD:24.900 HDG:0.000 PX:329.200 PY:-10.000 LAN:1 BRK:0 RX_X:0.000 RX_Y:0.000 RX_Z:0.000
[ZONE-ROUTE] CID:5 zone=1 edge_port=9998
[EDGE-RTT] CID:5 wall=1.3 ms  sim_delay=5.0 ms
>>> [UAV->CLOUD] BLK:bf05|TX:7.0.0.9|CID:5|TS:14.772|SPD:24.9|HDG:0.0|PX:329.2|PY:-10.0|L...
[ECON-CLAWBACK] CID:5 ACT=WARN prior_payoff=-2.9 extra_penalty=2.0 new_payoff=-5.0
[FORGIVENESS] CID:5 WARN #5 — streak reset, benefits revoked
⚠ [CAR 5] ACT=WARN REP=0.690 RWD=0.000 PNL=2.101 CREDIT=-2
[PASSIVE-BEACON] SIMNOW:14.854 CID:4 ZONE:1 RXUAV:1 EDGEPORT:9998 TS:14.840 SPD:20.500 HDG:1.200 PX:297.200 PY:-50.000 LAN:5 BRK:0 RX_X:0.000 RX_Y:0.000 RX_Z:0.000
[ZONE-ROUTE] CID:4 zone=1 edge_port=9998
[EDGE-RTT] CID:4 wall=1.3 ms  sim_delay=5.0 ms
>>> [UAV->CLOUD] BLK:a8ee|TX:7.0.0.8|CID:4|TS:14.840|SPD:20.5|HDG:1.2|PX:297.2|PY:-50.0|L...
✓ [CAR 4] ACT=OK REP=1.000 RWD=1.000 PNL=0.000 CREDIT=24
[PASSIVE-BEACON] SIMNOW:14.874 CID:2 ZONE:1 RXUAV:1 EDGEPORT:9998 TS:14.860 SPD:20.000 HDG:1.800 PX:296.900 PY:-30.000 LAN:3 BRK:1 RX_X:0.000 RX_Y:0.000 RX_Z:0.000
[ZONE-ROUTE] CID:2 zone=1 edge_port=9998
[EDGE-RTT] CID:2 wall=1.0 ms  sim_delay=5.0 ms
>>> [UAV->CLOUD] BLK:9423|TX:7.0.0.6|CID:2|TS:14.860|SPD:20.0|HDG:1.8|PX:296.9|PY:-30.0|L...
[PASSIVE-BEACON] SIMNOW:14.874 CID:1 ZONE:1 RXUAV:1 EDGEPORT:9998 TS:14.860 SPD:24.500 HDG:-0.700 PX:302.000 PY:-20.000 LAN:2 BRK:1 RX_X:0.000 RX_Y:0.000 RX_Z:0.000
[ZONE-ROUTE] CID:1 zone=1 edge_port=9998
[EDGE-RTT] CID:1 wall=2.5 ms  sim_delay=5.0 ms
>>> [UAV->CLOUD] BLK:93ae|TX:7.0.0.5|CID:1|TS:14.860|SPD:24.5|HDG:-0.7|PX:302.0|PY:-20.0|...
✓ [CAR 2] ACT=OK REP=0.764 RWD=1.000 PNL=0.000 CREDIT=25
[ECON-CLAWBACK] CID:1 ACT=WARN prior_payoff=5.424 extra_penalty=3.962 new_payoff=1.369
[FORGIVENESS] CID:1 WARN #2 — streak reset, benefits revoked
⚠ [CAR 1] ACT=WARN REP=1.000 RWD=0.000 PNL=4.055 CREDIT=-2
[PASSIVE-BEACON] SIMNOW:14.914 CID:3 ZONE:1 RXUAV:1 EDGEPORT:9998 TS:14.900 SPD:20.300 HDG:0.000 PX:298.300 PY:-40.000 LAN:4 BRK:0 RX_X:0.000 RX_Y:0.000 RX_Z:0.000
[ZONE-ROUTE] CID:3 zone=1 edge_port=9998
[EDGE-RTT] CID:3 wall=1.0 ms  sim_delay=5.0 ms
>>> [UAV->CLOUD] BLK:7e02|TX:7.0.0.7|CID:3|TS:14.900|SPD:20.3|HDG:0.0|PX:298.3|PY:-40.0|L...
[PASSIVE-BEACON] SIMNOW:14.925 CID:8 ZONE:1 RXUAV:1 EDGEPORT:9998 TS:14.912 SPD:19.600 HDG:-0.800 PX:318.200 PY:-40.000 LAN:4 BRK:0 RX_X:0.000 RX_Y:0.000 RX_Z:0.000
[ZONE-ROUTE] CID:8 zone=1 edge_port=9998
[EDGE-RTT] CID:8 wall=0.9 ms  sim_delay=5.0 ms
>>> [UAV->CLOUD] BLK:b0c2|TX:7.0.0.12|CID:8|TS:14.912|SPD:19.6|HDG:-0.8|PX:318.2|PY:-40.0...
✓ [CAR 3] ACT=OK REP=0.937 RWD=1.000 PNL=0.000 CREDIT=24
✓ [CAR 8] ACT=OK REP=0.781 RWD=1.000 PNL=0.000 CREDIT=24
[PASSIVE-BEACON] SIMNOW:15.096 CID:6 ZONE:1 RXUAV:1 EDGEPORT:9998 TS:15.082 SPD:25.100 HDG:1.700 PX:327.700 PY:-20.000 LAN:2 BRK:0 RX_X:0.000 RX_Y:0.000 RX_Z:0.000
[ZONE-ROUTE] CID:6 zone=1 edge_port=9998
[EDGE-RTT] CID:6 wall=1.0 ms  sim_delay=5.0 ms
>>> [UAV->CLOUD] BLK:8b93|TX:7.0.0.10|CID:6|TS:15.082|SPD:25.1|HDG:1.7|PX:327.7|PY:-20.0|...
[ECON-CLAWBACK] CID:6 ACT=WARN prior_payoff=5.9 extra_penalty=4.2 new_payoff=1.6
[FORGIVENESS] CID:6 WARN #2 — streak reset, benefits revoked
⚠ [CAR 6] ACT=WARN REP=0.907 RWD=0.000 PNL=4.291 CREDIT=-2
[PASSIVE-BEACON] SIMNOW:15.116 CID:9 ZONE:1 RXUAV:1 EDGEPORT:9998 TS:15.102 SPD:19.500 HDG:1.500 PX:322.400 PY:-50.000 LAN:5 BRK:0 RX_X:0.000 RX_Y:0.000 RX_Z:0.000
[ZONE-ROUTE] CID:9 zone=1 edge_port=9998
[EDGE-RTT] CID:9 wall=0.8 ms  sim_delay=5.0 ms
>>> [UAV->CLOUD] BLK:5d21|TX:7.0.0.13|CID:9|TS:15.102|SPD:19.5|HDG:1.5|PX:322.4|PY:-50.0|...
✓ [CAR 9] ACT=OK REP=1.000 RWD=1.000 PNL=0.000 CREDIT=26
[PASSIVE-BEACON] SIMNOW:15.144 CID:0 ZONE:1 RXUAV:1 EDGEPORT:9998 TS:15.130 SPD:24.900 HDG:-1.600 PX:319.000 PY:-10.000 LAN:1 BRK:0 RX_X:0.000 RX_Y:0.000 RX_Z:0.000
[ZONE-ROUTE] CID:0 zone=1 edge_port=9998
[EDGE-RTT] CID:0 wall=1.1 ms  sim_delay=5.0 ms
>>> [UAV->CLOUD] BLK:a301|TX:7.0.0.4|CID:0|TS:15.130|SPD:24.9|HDG:-1.6|PX:319.0|PY:-10.0|...
[ECON-CLAWBACK] CID:0 ACT=WARN prior_payoff=-7.4 extra_penalty=2.5 new_payoff=-10.0
[FORGIVENESS] CID:0 WARN #7 — streak reset, benefits revoked
⚠ [CAR 0] ACT=WARN REP=0.719 RWD=0.000 PNL=2.601 CREDIT=-2
[PASSIVE-BEACON] SIMNOW:15.256 CID:7 ZONE:1 RXUAV:1 EDGEPORT:9998 TS:15.242 SPD:20.500 HDG:-0.900 PX:324.100 PY:-30.000 LAN:3 BRK:1 RX_X:0.000 RX_Y:0.000 RX_Z:0.000
[ZONE-ROUTE] CID:7 zone=1 edge_port=9998
[EDGE-RTT] CID:7 wall=1.0 ms  sim_delay=5.0 ms
>>> [UAV->CLOUD] BLK:acd0|TX:7.0.0.11|CID:7|TS:15.242|SPD:20.5|HDG:-0.9|PX:324.1|PY:-30.0...
✓ [CAR 7] ACT=OK REP=0.990 RWD=1.000 PNL=0.000 CREDIT=26
[PASSIVE-BEACON] SIMNOW:15.286 CID:5 ZONE:1 RXUAV:1 EDGEPORT:9998 TS:15.272 SPD:25.400 HDG:-0.400 PX:342.600 PY:-10.000 LAN:1 BRK:0 RX_X:0.000 RX_Y:0.000 RX_Z:0.000
[ZONE-ROUTE] CID:5 zone=1 edge_port=9998
[EDGE-RTT] CID:5 wall=1.3 ms  sim_delay=5.0 ms
>>> [UAV->CLOUD] BLK:9a89|TX:7.0.0.9|CID:5|TS:15.272|SPD:25.4|HDG:-0.4|PX:342.6|PY:-10.0|...
[ECON-CLAWBACK] CID:5 ACT=WARN prior_payoff=-5.0 extra_penalty=2.2 new_payoff=-7.4
[FORGIVENESS] CID:5 WARN #6 — streak reset, benefits revoked
⚠ [CAR 5] ACT=WARN REP=0.535 RWD=0.000 PNL=2.352 CREDIT=-2
[PASSIVE-BEACON] SIMNOW:15.354 CID:4 ZONE:1 RXUAV:1 EDGEPORT:9998 TS:15.340 SPD:20.100 HDG:-1.100 PX:307.500 PY:-50.000 LAN:5 BRK:0 RX_X:0.000 RX_Y:0.000 RX_Z:0.000
[ZONE-ROUTE] CID:4 zone=1 edge_port=9998
[EDGE-RTT] CID:4 wall=1.2 ms  sim_delay=5.0 ms
>>> [UAV->CLOUD] BLK:7317|TX:7.0.0.8|CID:4|TS:15.340|SPD:20.1|HDG:-1.1|PX:307.5|PY:-50.0|...
✓ [CAR 4] ACT=OK REP=1.000 RWD=1.000 PNL=0.000 CREDIT=25
[PASSIVE-BEACON] SIMNOW:15.373 CID:1 ZONE:1 RXUAV:1 EDGEPORT:9998 TS:15.360 SPD:25.400 HDG:-0.300 PX:314.300 PY:-20.000 LAN:2 BRK:1 RX_X:0.000 RX_Y:0.000 RX_Z:0.000
[ZONE-ROUTE] CID:1 zone=1 edge_port=9998
[EDGE-RTT] CID:1 wall=1.1 ms  sim_delay=5.0 ms
>>> [UAV->CLOUD] BLK:dcce|TX:7.0.0.5|CID:1|TS:15.360|SPD:25.4|HDG:-0.3|PX:314.3|PY:-20.0|...
[PASSIVE-BEACON] SIMNOW:15.373 CID:2 ZONE:1 RXUAV:1 EDGEPORT:9998 TS:15.360 SPD:19.900 HDG:0.000 PX:307.500 PY:-30.000 LAN:3 BRK:0 RX_X:0.000 RX_Y:0.000 RX_Z:0.000
[ZONE-ROUTE] CID:2 zone=1 edge_port=9998
[EDGE-RTT] CID:2 wall=1.2 ms  sim_delay=5.0 ms
>>> [UAV->CLOUD] BLK:9076|TX:7.0.0.6|CID:2|TS:15.360|SPD:19.9|HDG:0.0|PX:307.5|PY:-30.0|L...
[ECON-CLAWBACK] CID:1 ACT=WARN prior_payoff=1.4 extra_penalty=2.2 new_payoff=-0.9
[FORGIVENESS] CID:1 WARN #3 — streak reset, benefits revoked
⚠ [CAR 1] ACT=WARN REP=0.507 RWD=0.000 PNL=2.284 CREDIT=-2
✓ [CAR 2] ACT=OK REP=0.977 RWD=1.000 PNL=0.000 CREDIT=26
[PASSIVE-BEACON] SIMNOW:15.414 CID:3 ZONE:1 RXUAV:1 EDGEPORT:9998 TS:15.400 SPD:19.700 HDG:0.200 PX:308.200 PY:-40.000 LAN:4 BRK:0 RX_X:0.000 RX_Y:0.000 RX_Z:0.000
[ZONE-ROUTE] CID:3 zone=1 edge_port=9998
[EDGE-RTT] CID:3 wall=0.8 ms  sim_delay=5.0 ms
>>> [UAV->CLOUD] BLK:ab5a|TX:7.0.0.7|CID:3|TS:15.400|SPD:19.7|HDG:0.2|PX:308.2|PY:-40.0|L...
[PASSIVE-BEACON] SIMNOW:15.426 CID:8 ZONE:1 RXUAV:1 EDGEPORT:9998 TS:15.412 SPD:20.000 HDG:0.200 PX:327.600 PY:-40.000 LAN:4 BRK:0 RX_X:0.000 RX_Y:0.000 RX_Z:0.000
[ZONE-ROUTE] CID:8 zone=1 edge_port=9998
[EDGE-RTT] CID:8 wall=0.8 ms  sim_delay=5.0 ms
>>> [UAV->CLOUD] BLK:3c36|TX:7.0.0.12|CID:8|TS:15.412|SPD:20.0|HDG:0.2|PX:327.6|PY:-40.0|...
✓ [CAR 3] ACT=OK REP=1.000 RWD=1.000 PNL=0.000 CREDIT=25
✓ [CAR 8] ACT=OK REP=1.000 RWD=1.000 PNL=0.000 CREDIT=25
[PASSIVE-BEACON] SIMNOW:15.596 CID:6 ZONE:1 RXUAV:1 EDGEPORT:9998 TS:15.582 SPD:24.900 HDG:-0.800 PX:340.500 PY:-20.000 LAN:2 BRK:1 RX_X:0.000 RX_Y:0.000 RX_Z:0.000
[ZONE-ROUTE] CID:6 zone=1 edge_port=9998
[EDGE-RTT] CID:6 wall=1.0 ms  sim_delay=5.0 ms
>>> [UAV->CLOUD] BLK:e809|TX:7.0.0.10|CID:6|TS:15.582|SPD:24.9|HDG:-0.8|PX:340.5|PY:-20.0...
[ECON-CLAWBACK] CID:6 ACT=WARN prior_payoff=1.6 extra_penalty=2.3 new_payoff=-0.8
[FORGIVENESS] CID:6 WARN #3 — streak reset, benefits revoked
⚠ [CAR 6] ACT=WARN REP=0.669 RWD=0.000 PNL=2.397 CREDIT=-2
[PASSIVE-BEACON] SIMNOW:15.616 CID:9 ZONE:1 RXUAV:1 EDGEPORT:9998 TS:15.602 SPD:20.000 HDG:1.300 PX:331.700 PY:-50.000 LAN:5 BRK:0 RX_X:0.000 RX_Y:0.000 RX_Z:0.000
[ZONE-ROUTE] CID:9 zone=1 edge_port=9998
[EDGE-RTT] CID:9 wall=1.1 ms  sim_delay=5.0 ms
>>> [UAV->CLOUD] BLK:f4bd|TX:7.0.0.13|CID:9|TS:15.602|SPD:20.0|HDG:1.3|PX:331.7|PY:-50.0|...
✓ [CAR 9] ACT=OK REP=1.000 RWD=1.000 PNL=0.000 CREDIT=27
[PASSIVE-BEACON] SIMNOW:15.642 CID:0 ZONE:1 RXUAV:1 EDGEPORT:9998 TS:15.630 SPD:25.000 HDG:1.300 PX:330.600 PY:-10.000 LAN:1 BRK:1 RX_X:0.000 RX_Y:0.000 RX_Z:0.000
[ZONE-ROUTE] CID:0 zone=1 edge_port=9998
[EDGE-RTT] CID:0 wall=1.1 ms  sim_delay=5.0 ms
>>> [UAV->CLOUD] BLK:5fa4|TX:7.0.0.4|CID:0|TS:15.630|SPD:25.0|HDG:1.3|PX:330.6|PY:-10.0|L...
[ECON-CLAWBACK] CID:0 ACT=WARN prior_payoff=-10.0 extra_penalty=2.8 new_payoff=-12.9
[FORGIVENESS] CID:0 WARN #8 — streak reset, benefits revoked
⚠ [CAR 0] ACT=WARN REP=0.595 RWD=0.000 PNL=2.851 CREDIT=-2
[PASSIVE-BEACON] SIMNOW:15.754 CID:7 ZONE:1 RXUAV:1 EDGEPORT:9998 TS:15.742 SPD:20.300 HDG:0.700 PX:335.100 PY:-30.000 LAN:3 BRK:0 RX_X:0.000 RX_Y:0.000 RX_Z:0.000
[ZONE-ROUTE] CID:7 zone=1 edge_port=9998
[EDGE-RTT] CID:7 wall=0.8 ms  sim_delay=5.0 ms
>>> [UAV->CLOUD] BLK:a26c|TX:7.0.0.11|CID:7|TS:15.742|SPD:20.3|HDG:0.7|PX:335.1|PY:-30.0|...
✓ [CAR 7] ACT=OK REP=0.924 RWD=1.000 PNL=0.000 CREDIT=27
[PASSIVE-BEACON] SIMNOW:15.786 CID:5 ZONE:1 RXUAV:1 EDGEPORT:9998 TS:15.772 SPD:25.300 HDG:0.800 PX:354.900 PY:-10.000 LAN:1 BRK:0 RX_X:0.000 RX_Y:0.000 RX_Z:0.000
[ZONE-ROUTE] CID:5 zone=1 edge_port=9998
[EDGE-RTT] CID:5 wall=1.0 ms  sim_delay=5.0 ms
>>> [UAV->CLOUD] BLK:a8be|TX:7.0.0.9|CID:5|TS:15.772|SPD:25.3|HDG:0.8|PX:354.9|PY:-10.0|L...
[ECON-CLAWBACK] CID:5 ACT=WARN prior_payoff=-7.4 extra_penalty=2.5 new_payoff=-10.0
[FORGIVENESS] CID:5 WARN #7 — streak reset, benefits revoked
⚠ [CAR 5] ACT=WARN REP=0.770 RWD=0.000 PNL=2.602 CREDIT=-2
[PASSIVE-BEACON] SIMNOW:15.854 CID:4 ZONE:1 RXUAV:1 EDGEPORT:9998 TS:15.840 SPD:20.100 HDG:1.400 PX:316.900 PY:-50.000 LAN:5 BRK:0 RX_X:0.000 RX_Y:0.000 RX_Z:0.000
[ZONE-ROUTE] CID:4 zone=1 edge_port=9998
[EDGE-RTT] CID:4 wall=1.1 ms  sim_delay=5.0 ms
>>> [UAV->CLOUD] BLK:5d7e|TX:7.0.0.8|CID:4|TS:15.840|SPD:20.1|HDG:1.4|PX:316.9|PY:-50.0|L...
✓ [CAR 4] ACT=OK REP=0.968 RWD=1.000 PNL=0.000 CREDIT=26
[PASSIVE-BEACON] SIMNOW:15.874 CID:2 ZONE:1 RXUAV:1 EDGEPORT:9998 TS:15.860 SPD:19.700 HDG:-0.900 PX:317.700 PY:-30.000 LAN:3 BRK:0 RX_X:0.000 RX_Y:0.000 RX_Z:0.000
[ZONE-ROUTE] CID:2 zone=1 edge_port=9998
[EDGE-RTT] CID:2 wall=1.0 ms  sim_delay=5.0 ms
>>> [UAV->CLOUD] BLK:8476|TX:7.0.0.6|CID:2|TS:15.860|SPD:19.7|HDG:-0.9|PX:317.7|PY:-30.0|...
[PASSIVE-BEACON] SIMNOW:15.874 CID:1 ZONE:1 RXUAV:1 EDGEPORT:9998 TS:15.860 SPD:25.400 HDG:0.000 PX:327.000 PY:-20.000 LAN:2 BRK:0 RX_X:0.000 RX_Y:0.000 RX_Z:0.000
[ZONE-ROUTE] CID:1 zone=1 edge_port=9998
[EDGE-RTT] CID:1 wall=2.8 ms  sim_delay=5.0 ms
>>> [UAV->CLOUD] BLK:2cec|TX:7.0.0.5|CID:1|TS:15.860|SPD:25.4|HDG:0.0|PX:327.0|PY:-20.0|L...
✓ [CAR 2] ACT=OK REP=0.970 RWD=1.000 PNL=0.000 CREDIT=27
[ECON-CLAWBACK] CID:1 ACT=WARN prior_payoff=-0.914 extra_penalty=1.750 new_payoff=-2.765
[FORGIVENESS] CID:1 WARN #4 — streak reset, benefits revoked
⚠ [CAR 1] ACT=WARN REP=0.891 RWD=0.000 PNL=1.851 CREDIT=-2
[PASSIVE-BEACON] SIMNOW:15.914 CID:3 ZONE:1 RXUAV:1 EDGEPORT:9998 TS:15.900 SPD:19.900 HDG:-0.600 PX:318.700 PY:-40.000 LAN:4 BRK:0 RX_X:0.000 RX_Y:0.000 RX_Z:0.000
[ZONE-ROUTE] CID:3 zone=1 edge_port=9998
[EDGE-RTT] CID:3 wall=1.0 ms  sim_delay=5.0 ms
>>> [UAV->CLOUD] BLK:70e4|TX:7.0.0.7|CID:3|TS:15.900|SPD:19.9|HDG:-0.6|PX:318.7|PY:-40.0|...
[PASSIVE-BEACON] SIMNOW:15.926 CID:8 ZONE:1 RXUAV:1 EDGEPORT:9998 TS:15.912 SPD:20.400 HDG:1.200 PX:337.800 PY:-40.000 LAN:4 BRK:0 RX_X:0.000 RX_Y:0.000 RX_Z:0.000
[ZONE-ROUTE] CID:8 zone=1 edge_port=9998
[EDGE-RTT] CID:8 wall=1.3 ms  sim_delay=5.0 ms
>>> [UAV->CLOUD] BLK:a945|TX:7.0.0.12|CID:8|TS:15.912|SPD:20.4|HDG:1.2|PX:337.8|PY:-40.0|...
✓ [CAR 3] ACT=OK REP=1.000 RWD=1.000 PNL=0.000 CREDIT=26
✓ [CAR 8] ACT=OK REP=1.000 RWD=1.000 PNL=0.000 CREDIT=26
[PASSIVE-BEACON] SIMNOW:16.096 CID:6 ZONE:1 RXUAV:1 EDGEPORT:9998 TS:16.082 SPD:25.000 HDG:-0.200 PX:352.500 PY:-20.000 LAN:2 BRK:0 RX_X:0.000 RX_Y:0.000 RX_Z:0.000
[ZONE-ROUTE] CID:6 zone=1 edge_port=9998
[EDGE-RTT] CID:6 wall=1.2 ms  sim_delay=5.0 ms
>>> [UAV->CLOUD] BLK:ec79|TX:7.0.0.10|CID:6|TS:16.082|SPD:25.0|HDG:-0.2|PX:352.5|PY:-20.0...
[ECON-CLAWBACK] CID:6 ACT=WARN prior_payoff=-0.8 extra_penalty=1.8 new_payoff=-2.7
[FORGIVENESS] CID:6 WARN #4 — streak reset, benefits revoked
⚠ [CAR 6] ACT=WARN REP=0.857 RWD=0.000 PNL=1.851 CREDIT=-2
[PASSIVE-BEACON] SIMNOW:16.116 CID:9 ZONE:1 RXUAV:1 EDGEPORT:9998 TS:16.102 SPD:19.800 HDG:0.100 PX:342.300 PY:-50.000 LAN:5 BRK:1 RX_X:0.000 RX_Y:0.000 RX_Z:0.000
[ZONE-ROUTE] CID:9 zone=1 edge_port=9998
[EDGE-RTT] CID:9 wall=1.3 ms  sim_delay=5.0 ms
>>> [UAV->CLOUD] BLK:a80a|TX:7.0.0.13|CID:9|TS:16.102|SPD:19.8|HDG:0.1|PX:342.3|PY:-50.0|...
✓ [CAR 9] ACT=OK REP=0.971 RWD=1.000 PNL=0.000 CREDIT=28
[PASSIVE-BEACON] SIMNOW:16.144 CID:0 ZONE:1 RXUAV:1 EDGEPORT:9998 TS:16.130 SPD:25.400 HDG:1.900 PX:343.200 PY:-10.000 LAN:1 BRK:0 RX_X:0.000 RX_Y:0.000 RX_Z:0.000
[ZONE-ROUTE] CID:0 zone=1 edge_port=9998
[EDGE-RTT] CID:0 wall=1.2 ms  sim_delay=5.0 ms
>>> [UAV->CLOUD] BLK:46b8|TX:7.0.0.4|CID:0|TS:16.130|SPD:25.4|HDG:1.9|PX:343.2|PY:-10.0|L...
[ECON-CLAWBACK] CID:0 ACT=WARN prior_payoff=-12.9 extra_penalty=3.0 new_payoff=-16.0
[FORGIVENESS] CID:0 WARN #9 — streak reset, benefits revoked
⚠ [CAR 0] ACT=WARN REP=0.680 RWD=0.000 PNL=3.102 CREDIT=-2
[PASSIVE-BEACON] SIMNOW:16.256 CID:7 ZONE:1 RXUAV:1 EDGEPORT:9998 TS:16.242 SPD:25.100 HDG:-1.700 PX:347.100 PY:-30.000 LAN:3 BRK:0 RX_X:0.000 RX_Y:0.000 RX_Z:0.000
[ZONE-ROUTE] CID:7 zone=1 edge_port=9998
[EDGE-RTT] CID:7 wall=1.2 ms  sim_delay=5.0 ms
>>> [UAV->CLOUD] BLK:7797|TX:7.0.0.11|CID:7|TS:16.242|SPD:25.1|HDG:-1.7|PX:347.1|PY:-30.0...
[ECON-CLAWBACK] CID:7 ACT=WARN prior_payoff=31.0 extra_penalty=24.2 new_payoff=6.7
[TRUST-REVOKED] CID:7 benefits revoked logically; lane=3 speed=20.0 latency=10.0ms
[FORGIVENESS] CID:7 WARN #1 — streak reset, benefits revoked
⚠ [CAR 7] ACT=WARN REP=1.000 RWD=0.000 PNL=24.323 CREDIT=26
[PASSIVE-BEACON] SIMNOW:16.286 CID:5 ZONE:1 RXUAV:1 EDGEPORT:9998 TS:16.272 SPD:24.600 HDG:-0.500 PX:366.700 PY:-10.000 LAN:1 BRK:0 RX_X:0.000 RX_Y:0.000 RX_Z:0.000
[ZONE-ROUTE] CID:5 zone=1 edge_port=9998
[EDGE-RTT] CID:5 wall=1.2 ms  sim_delay=5.0 ms
>>> [UAV->CLOUD] BLK:71ad|TX:7.0.0.9|CID:5|TS:16.272|SPD:24.6|HDG:-0.5|PX:366.7|PY:-10.0|...
[ECON-CLAWBACK] CID:5 ACT=WARN prior_payoff=-10.0 extra_penalty=2.8 new_payoff=-12.8
[FORGIVENESS] CID:5 WARN #8 — streak reset, benefits revoked
⚠ [CAR 5] ACT=WARN REP=0.519 RWD=0.000 PNL=2.850 CREDIT=-2
[PASSIVE-BEACON] SIMNOW:16.354 CID:4 ZONE:1 RXUAV:1 EDGEPORT:9998 TS:16.340 SPD:20.400 HDG:-0.500 PX:326.800 PY:-50.000 LAN:5 BRK:0 RX_X:0.000 RX_Y:0.000 RX_Z:0.000
[ZONE-ROUTE] CID:4 zone=1 edge_port=9998
[EDGE-RTT] CID:4 wall=1.3 ms  sim_delay=5.0 ms
>>> [UAV->CLOUD] BLK:1570|TX:7.0.0.8|CID:4|TS:16.340|SPD:20.4|HDG:-0.5|PX:326.8|PY:-50.0|...
✓ [CAR 4] ACT=OK REP=0.711 RWD=1.000 PNL=0.000 CREDIT=27
[PASSIVE-BEACON] SIMNOW:16.374 CID:2 ZONE:1 RXUAV:1 EDGEPORT:9998 TS:16.360 SPD:25.300 HDG:-2.000 PX:329.300 PY:-30.000 LAN:3 BRK:0 RX_X:0.000 RX_Y:0.000 RX_Z:0.000
[ZONE-ROUTE] CID:2 zone=1 edge_port=9998
[EDGE-RTT] CID:2 wall=1.3 ms  sim_delay=5.0 ms
>>> [UAV->CLOUD] BLK:2513|TX:7.0.0.6|CID:2|TS:16.360|SPD:25.3|HDG:-2.0|PX:329.3|PY:-30.0|...
[PASSIVE-BEACON] SIMNOW:16.374 CID:1 ZONE:1 RXUAV:1 EDGEPORT:9998 TS:16.360 SPD:25.000 HDG:0.500 PX:340.200 PY:-20.000 LAN:2 BRK:0 RX_X:0.000 RX_Y:0.000 RX_Z:0.000
[ZONE-ROUTE] CID:1 zone=1 edge_port=9998
[EDGE-RTT] CID:1 wall=2.6 ms  sim_delay=5.0 ms
>>> [UAV->CLOUD] BLK:a3a4|TX:7.0.0.5|CID:1|TS:16.360|SPD:25.0|HDG:0.5|PX:340.2|PY:-20.0|L...
[ECON-CLAWBACK] CID:2 ACT=WARN prior_payoff=31.0 extra_penalty=24.2 new_payoff=6.7
[TRUST-REVOKED] CID:2 benefits revoked logically; lane=3 speed=20.0 latency=10.0ms
[FORGIVENESS] CID:2 WARN #1 — streak reset, benefits revoked
⚠ [CAR 2] ACT=WARN REP=0.909 RWD=0.000 PNL=24.324 CREDIT=26
[ECON-CLAWBACK] CID:1 ACT=WARN prior_payoff=-2.765 extra_penalty=2.000 new_payoff=-4.866
[FORGIVENESS] CID:1 WARN #5 — streak reset, benefits revoked
⚠ [CAR 1] ACT=WARN REP=1.000 RWD=0.000 PNL=2.101 CREDIT=-2
[PASSIVE-BEACON] SIMNOW:16.414 CID:3 ZONE:1 RXUAV:1 EDGEPORT:9998 TS:16.400 SPD:19.600 HDG:0.900 PX:327.900 PY:-40.000 LAN:4 BRK:0 RX_X:0.000 RX_Y:0.000 RX_Z:0.000
[ZONE-ROUTE] CID:3 zone=1 edge_port=9998
[EDGE-RTT] CID:3 wall=1.2 ms  sim_delay=5.0 ms
>>> [UAV->CLOUD] BLK:57d3|TX:7.0.0.7|CID:3|TS:16.400|SPD:19.6|HDG:0.9|PX:327.9|PY:-40.0|L...
[PASSIVE-BEACON] SIMNOW:16.426 CID:8 ZONE:1 RXUAV:1 EDGEPORT:9998 TS:16.412 SPD:20.200 HDG:-1.800 PX:347.800 PY:-40.000 LAN:4 BRK:0 RX_X:0.000 RX_Y:0.000 RX_Z:0.000
[ZONE-ROUTE] CID:8 zone=1 edge_port=9998
[EDGE-RTT] CID:8 wall=1.1 ms  sim_delay=5.0 ms
>>> [UAV->CLOUD] BLK:7287|TX:7.0.0.12|CID:8|TS:16.412|SPD:20.2|HDG:-1.8|PX:347.8|PY:-40.0...
✓ [CAR 3] ACT=OK REP=1.000 RWD=1.000 PNL=0.000 CREDIT=27
✓ [CAR 8] ACT=OK REP=1.000 RWD=1.000 PNL=0.000 CREDIT=27
[PASSIVE-BEACON] SIMNOW:16.596 CID:6 ZONE:1 RXUAV:1 EDGEPORT:9998 TS:16.582 SPD:25.000 HDG:1.900 PX:365.000 PY:-20.000 LAN:2 BRK:0 RX_X:0.000 RX_Y:0.000 RX_Z:0.000
[ZONE-ROUTE] CID:6 zone=1 edge_port=9998
[EDGE-RTT] CID:6 wall=5.9 ms  sim_delay=5.0 ms
>>> [UAV->CLOUD] BLK:df2a|TX:7.0.0.10|CID:6|TS:16.582|SPD:25.0|HDG:1.9|PX:365.0|PY:-20.0|...
[ECON-CLAWBACK] CID:6 ACT=WARN prior_payoff=-2.7 extra_penalty=2.0 new_payoff=-4.8
[FORGIVENESS] CID:6 WARN #5 — streak reset, benefits revoked
⚠ [CAR 6] ACT=WARN REP=0.805 RWD=0.000 PNL=2.101 CREDIT=-2
[PASSIVE-BEACON] SIMNOW:16.616 CID:9 ZONE:1 RXUAV:1 EDGEPORT:9998 TS:16.602 SPD:19.600 HDG:-0.800 PX:352.300 PY:-50.000 LAN:5 BRK:0 RX_X:0.000 RX_Y:0.000 RX_Z:0.000
[ZONE-ROUTE] CID:9 zone=1 edge_port=9998
[EDGE-RTT] CID:9 wall=1.2 ms  sim_delay=5.0 ms
>>> [UAV->CLOUD] BLK:a34d|TX:7.0.0.13|CID:9|TS:16.602|SPD:19.6|HDG:-0.8|PX:352.3|PY:-50.0...
✓ [CAR 9] ACT=OK REP=0.854 RWD=1.000 PNL=0.000 CREDIT=29
[PASSIVE-BEACON] SIMNOW:16.644 CID:0 ZONE:1 RXUAV:1 EDGEPORT:9998 TS:16.630 SPD:24.700 HDG:-1.700 PX:355.600 PY:-10.000 LAN:1 BRK:0 RX_X:0.000 RX_Y:0.000 RX_Z:0.000
[ZONE-ROUTE] CID:0 zone=1 edge_port=9998
[EDGE-RTT] CID:0 wall=1.3 ms  sim_delay=5.0 ms
>>> [UAV->CLOUD] BLK:e4b5|TX:7.0.0.4|CID:0|TS:16.630|SPD:24.7|HDG:-1.7|PX:355.6|PY:-10.0|...
[ECON-CLAWBACK] CID:0 ACT=WARN prior_payoff=-16.0 extra_penalty=3.2 new_payoff=-19.3
[FORGIVENESS] CID:0 WARN #10 — streak reset, benefits revoked
⚠ [CAR 0] ACT=WARN REP=0.712 RWD=0.000 PNL=3.350 CREDIT=-2
[PASSIVE-BEACON] SIMNOW:16.756 CID:7 ZONE:1 RXUAV:1 EDGEPORT:9998 TS:16.742 SPD:24.700 HDG:-2.000 PX:358.700 PY:-30.000 LAN:3 BRK:0 RX_X:0.000 RX_Y:0.000 RX_Z:0.000
[ZONE-ROUTE] CID:7 zone=1 edge_port=9998
[EDGE-RTT] CID:7 wall=1.3 ms  sim_delay=5.0 ms
>>> [UAV->CLOUD] BLK:17d7|TX:7.0.0.11|CID:7|TS:16.742|SPD:24.7|HDG:-2.0|PX:358.7|PY:-30.0...
[ECON-CLAWBACK] CID:7 ACT=WARN prior_payoff=6.7 extra_penalty=4.6 new_payoff=2.0
[FORGIVENESS] CID:7 WARN #2 — streak reset, benefits revoked
⚠ [CAR 7] ACT=WARN REP=0.889 RWD=0.000 PNL=4.682 CREDIT=-2
[PASSIVE-BEACON] SIMNOW:16.784 CID:5 ZONE:1 RXUAV:1 EDGEPORT:9998 TS:16.772 SPD:24.900 HDG:-0.100 PX:380.000 PY:-10.000 LAN:1 BRK:0 RX_X:0.000 RX_Y:0.000 RX_Z:0.000
[ZONE-ROUTE] CID:5 zone=1 edge_port=9998
[EDGE-RTT] CID:5 wall=1.2 ms  sim_delay=5.0 ms
>>> [UAV->CLOUD] BLK:40c3|TX:7.0.0.9|CID:5|TS:16.772|SPD:24.9|HDG:-0.1|PX:380.0|PY:-10.0|...
[ECON-CLAWBACK] CID:5 ACT=WARN prior_payoff=-12.8 extra_penalty=3.0 new_payoff=-15.9
[FORGIVENESS] CID:5 WARN #9 — streak reset, benefits revoked
⚠ [CAR 5] ACT=WARN REP=0.510 RWD=0.000 PNL=3.101 CREDIT=-2
[PASSIVE-BEACON] SIMNOW:16.854 CID:4 ZONE:1 RXUAV:1 EDGEPORT:9998 TS:16.840 SPD:19.500 HDG:0.000 PX:337.400 PY:-50.000 LAN:5 BRK:0 RX_X:0.000 RX_Y:0.000 RX_Z:0.000
[ZONE-ROUTE] CID:4 zone=1 edge_port=9998
[EDGE-RTT] CID:4 wall=1.3 ms  sim_delay=5.0 ms
>>> [UAV->CLOUD] BLK:2338|TX:7.0.0.8|CID:4|TS:16.840|SPD:19.5|HDG:0.0|PX:337.4|PY:-50.0|L...
✓ [CAR 4] ACT=OK REP=0.922 RWD=1.000 PNL=0.000 CREDIT=28
[PASSIVE-BEACON] SIMNOW:16.874 CID:2 ZONE:1 RXUAV:1 EDGEPORT:9998 TS:16.860 SPD:25.000 HDG:-0.200 PX:342.600 PY:-30.000 LAN:3 BRK:1 RX_X:0.000 RX_Y:0.000 RX_Z:0.000
[ZONE-ROUTE] CID:2 zone=1 edge_port=9998
[EDGE-RTT] CID:2 wall=1.3 ms  sim_delay=5.0 ms
>>> [UAV->CLOUD] BLK:4691|TX:7.0.0.6|CID:2|TS:16.860|SPD:25.0|HDG:-0.2|PX:342.6|PY:-30.0|...
[PASSIVE-BEACON] SIMNOW:16.874 CID:1 ZONE:1 RXUAV:1 EDGEPORT:9998 TS:16.860 SPD:24.500 HDG:1.600 PX:352.600 PY:-20.000 LAN:2 BRK:0 RX_X:0.000 RX_Y:0.000 RX_Z:0.000
[ZONE-ROUTE] CID:1 zone=1 edge_port=9998
[EDGE-RTT] CID:1 wall=1.9 ms  sim_delay=5.0 ms
>>> [UAV->CLOUD] BLK:6612|TX:7.0.0.5|CID:1|TS:16.860|SPD:24.5|HDG:1.6|PX:352.6|PY:-20.0|L...
[ECON-CLAWBACK] CID:1 ACT=WARN prior_payoff=-4.9 extra_penalty=2.2 new_payoff=-7.2
[FORGIVENESS] CID:1 WARN #6 — streak reset, benefits revoked
⚠ [CAR 1] ACT=WARN REP=0.717 RWD=0.000 PNL=2.349 CREDIT=-2
[ECON-CLAWBACK] CID:2 ACT=WARN prior_payoff=6.672 extra_penalty=4.586 new_payoff=1.990
[FORGIVENESS] CID:2 WARN #2 — streak reset, benefits revoked
⚠ [CAR 2] ACT=WARN REP=1.000 RWD=0.000 PNL=4.682 CREDIT=-2
[PASSIVE-BEACON] SIMNOW:16.914 CID:3 ZONE:1 RXUAV:1 EDGEPORT:9998 TS:16.900 SPD:19.800 HDG:1.000 PX:337.400 PY:-40.000 LAN:4 BRK:1 RX_X:0.000 RX_Y:0.000 RX_Z:0.000
[ZONE-ROUTE] CID:3 zone=1 edge_port=9998
[EDGE-RTT] CID:3 wall=1.1 ms  sim_delay=5.0 ms
>>> [UAV->CLOUD] BLK:7ddf|TX:7.0.0.7|CID:3|TS:16.900|SPD:19.8|HDG:1.0|PX:337.4|PY:-40.0|L...
[PASSIVE-BEACON] SIMNOW:16.926 CID:8 ZONE:1 RXUAV:1 EDGEPORT:9998 TS:16.912 SPD:19.900 HDG:-0.600 PX:357.500 PY:-40.000 LAN:4 BRK:1 RX_X:0.000 RX_Y:0.000 RX_Z:0.000
[ZONE-ROUTE] CID:8 zone=1 edge_port=9998
[EDGE-RTT] CID:8 wall=1.0 ms  sim_delay=5.0 ms
>>> [UAV->CLOUD] BLK:cdb1|TX:7.0.0.12|CID:8|TS:16.912|SPD:19.9|HDG:-0.6|PX:357.5|PY:-40.0...
✓ [CAR 3] ACT=OK REP=0.642 RWD=1.000 PNL=0.000 CREDIT=28
✓ [CAR 8] ACT=OK REP=0.872 RWD=1.000 PNL=0.000 CREDIT=28
[PASSIVE-BEACON] SIMNOW:17.096 CID:6 ZONE:1 RXUAV:1 EDGEPORT:9998 TS:17.082 SPD:24.600 HDG:2.000 PX:378.100 PY:-20.000 LAN:2 BRK:0 RX_X:0.000 RX_Y:0.000 RX_Z:0.000
[ZONE-ROUTE] CID:6 zone=1 edge_port=9998
[EDGE-RTT] CID:6 wall=1.2 ms  sim_delay=5.0 ms
>>> [UAV->CLOUD] BLK:f9b4|TX:7.0.0.10|CID:6|TS:17.082|SPD:24.6|HDG:2.0|PX:378.1|PY:-20.0|...
[ECON-CLAWBACK] CID:6 ACT=WARN prior_payoff=-4.8 extra_penalty=2.2 new_payoff=-7.1
[FORGIVENESS] CID:6 WARN #6 — streak reset, benefits revoked
⚠ [CAR 6] ACT=WARN REP=0.828 RWD=0.000 PNL=2.349 CREDIT=-2
[PASSIVE-BEACON] SIMNOW:17.116 CID:9 ZONE:1 RXUAV:1 EDGEPORT:9998 TS:17.102 SPD:19.600 HDG:-0.700 PX:361.400 PY:-50.000 LAN:5 BRK:0 RX_X:0.000 RX_Y:0.000 RX_Z:0.000
[ZONE-ROUTE] CID:9 zone=1 edge_port=9998
[EDGE-RTT] CID:9 wall=1.1 ms  sim_delay=5.0 ms
>>> [UAV->CLOUD] BLK:6bee|TX:7.0.0.13|CID:9|TS:17.102|SPD:19.6|HDG:-0.7|PX:361.4|PY:-50.0...
✓ [CAR 9] ACT=OK REP=1.000 RWD=1.000 PNL=0.000 CREDIT=30
[PASSIVE-BEACON] SIMNOW:17.143 CID:0 ZONE:1 RXUAV:1 EDGEPORT:9998 TS:17.130 SPD:25.100 HDG:-1.700 PX:368.500 PY:-10.000 LAN:1 BRK:0 RX_X:0.000 RX_Y:0.000 RX_Z:0.000
[ZONE-ROUTE] CID:0 zone=1 edge_port=9998
[EDGE-RTT] CID:0 wall=1.0 ms  sim_delay=5.0 ms
>>> [UAV->CLOUD] BLK:f5b9|TX:7.0.0.4|CID:0|TS:17.130|SPD:25.1|HDG:-1.7|PX:368.5|PY:-10.0|...
[ECON-CLAWBACK] CID:0 ACT=WARN prior_payoff=-19.3 extra_penalty=3.5 new_payoff=-22.9
[FORGIVENESS] CID:0 WARN #11 — streak reset, benefits revoked
⚠ [CAR 0] ACT=WARN REP=0.773 RWD=0.000 PNL=3.602 CREDIT=-2
[PASSIVE-BEACON] SIMNOW:17.255 CID:7 ZONE:1 RXUAV:1 EDGEPORT:9998 TS:17.242 SPD:25.400 HDG:1.000 PX:371.200 PY:-30.000 LAN:3 BRK:0 RX_X:0.000 RX_Y:0.000 RX_Z:0.000
[ZONE-ROUTE] CID:7 zone=1 edge_port=9998
[EDGE-RTT] CID:7 wall=1.4 ms  sim_delay=5.0 ms
>>> [UAV->CLOUD] BLK:14e4|TX:7.0.0.11|CID:7|TS:17.242|SPD:25.4|HDG:1.0|PX:371.2|PY:-30.0|...
[ECON-CLAWBACK] CID:7 ACT=WARN prior_payoff=2.0 extra_penalty=2.5 new_payoff=-0.6
[FORGIVENESS] CID:7 WARN #3 — streak reset, benefits revoked
⚠ [CAR 7] ACT=WARN REP=0.749 RWD=0.000 PNL=2.595 CREDIT=-2
[PASSIVE-BEACON] SIMNOW:17.286 CID:5 ZONE:1 RXUAV:1 EDGEPORT:9998 TS:17.272 SPD:24.600 HDG:0.100 PX:391.700 PY:-10.000 LAN:1 BRK:1 RX_X:0.000 RX_Y:0.000 RX_Z:0.000
[ZONE-ROUTE] CID:5 zone=1 edge_port=9998
[EDGE-RTT] CID:5 wall=1.3 ms  sim_delay=5.0 ms
>>> [UAV->CLOUD] BLK:4286|TX:7.0.0.9|CID:5|TS:17.272|SPD:24.6|HDG:0.1|PX:391.7|PY:-10.0|L...
[ECON-CLAWBACK] CID:5 ACT=WARN prior_payoff=-15.9 extra_penalty=3.2 new_payoff=-19.3
[FORGIVENESS] CID:5 WARN #10 — streak reset, benefits revoked
⚠ [CAR 5] ACT=WARN REP=0.608 RWD=0.000 PNL=3.349 CREDIT=-2
[PASSIVE-BEACON] SIMNOW:17.354 CID:4 ZONE:1 RXUAV:1 EDGEPORT:9998 TS:17.340 SPD:19.600 HDG:0.400 PX:347.400 PY:-50.000 LAN:5 BRK:1 RX_X:0.000 RX_Y:0.000 RX_Z:0.000
[ZONE-ROUTE] CID:4 zone=1 edge_port=9998
[EDGE-RTT] CID:4 wall=1.0 ms  sim_delay=5.0 ms
>>> [UAV->CLOUD] BLK:6686|TX:7.0.0.8|CID:4|TS:17.340|SPD:19.6|HDG:0.4|PX:347.4|PY:-50.0|L...
✓ [CAR 4] ACT=OK REP=1.000 RWD=1.000 PNL=0.000 CREDIT=29
[PASSIVE-BEACON] SIMNOW:17.374 CID:2 ZONE:1 RXUAV:1 EDGEPORT:9998 TS:17.360 SPD:24.800 HDG:-1.900 PX:354.800 PY:-30.000 LAN:3 BRK:1 RX_X:0.000 RX_Y:0.000 RX_Z:0.000
[ZONE-ROUTE] CID:2 zone=1 edge_port=9998
[EDGE-RTT] CID:2 wall=1.1 ms  sim_delay=5.0 ms
>>> [UAV->CLOUD] BLK:e80f|TX:7.0.0.6|CID:2|TS:17.360|SPD:24.8|HDG:-1.9|PX:354.8|PY:-30.0|...
[PASSIVE-BEACON] SIMNOW:17.374 CID:1 ZONE:1 RXUAV:1 EDGEPORT:9998 TS:17.360 SPD:24.900 HDG:-1.500 PX:364.500 PY:-20.000 LAN:2 BRK:0 RX_X:0.000 RX_Y:0.000 RX_Z:0.000
[ZONE-ROUTE] CID:1 zone=1 edge_port=9998
[EDGE-RTT] CID:1 wall=1.9 ms  sim_delay=5.0 ms
>>> [UAV->CLOUD] BLK:a0cc|TX:7.0.0.5|CID:1|TS:17.360|SPD:24.9|HDG:-1.5|PX:364.5|PY:-20.0|...
[ECON-CLAWBACK] CID:1 ACT=WARN prior_payoff=-7.2 extra_penalty=2.5 new_payoff=-9.8
[FORGIVENESS] CID:1 WARN #7 — streak reset, benefits revoked
⚠ [CAR 1] ACT=WARN REP=0.947 RWD=0.000 PNL=2.601 CREDIT=-2
[ECON-CLAWBACK] CID:2 ACT=WARN prior_payoff=1.990 extra_penalty=2.495 new_payoff=-0.602
[FORGIVENESS] CID:2 WARN #3 — streak reset, benefits revoked
⚠ [CAR 2] ACT=WARN REP=0.999 RWD=0.000 PNL=2.592 CREDIT=-2
[PASSIVE-BEACON] SIMNOW:17.414 CID:3 ZONE:1 RXUAV:1 EDGEPORT:9998 TS:17.400 SPD:20.400 HDG:0.500 PX:348.300 PY:-40.000 LAN:4 BRK:0 RX_X:0.000 RX_Y:0.000 RX_Z:0.000
[ZONE-ROUTE] CID:3 zone=1 edge_port=9998
[EDGE-RTT] CID:3 wall=0.9 ms  sim_delay=5.0 ms
>>> [UAV->CLOUD] BLK:6151|TX:7.0.0.7|CID:3|TS:17.400|SPD:20.4|HDG:0.5|PX:348.3|PY:-40.0|L...
[PASSIVE-BEACON] SIMNOW:17.426 CID:8 ZONE:1 RXUAV:1 EDGEPORT:9998 TS:17.412 SPD:20.300 HDG:-0.500 PX:368.200 PY:-40.000 LAN:4 BRK:0 RX_X:0.000 RX_Y:0.000 RX_Z:0.000
[ZONE-ROUTE] CID:8 zone=1 edge_port=9998
[EDGE-RTT] CID:8 wall=1.2 ms  sim_delay=5.0 ms
>>> [UAV->CLOUD] BLK:930a|TX:7.0.0.12|CID:8|TS:17.412|SPD:20.3|HDG:-0.5|PX:368.2|PY:-40.0...
✓ [CAR 3] ACT=OK REP=1.000 RWD=1.000 PNL=0.000 CREDIT=29
✓ [CAR 8] ACT=OK REP=0.840 RWD=1.000 PNL=0.000 CREDIT=29
[PASSIVE-BEACON] SIMNOW:17.596 CID:6 ZONE:1 RXUAV:1 EDGEPORT:9998 TS:17.582 SPD:24.900 HDG:0.700 PX:389.900 PY:-20.000 LAN:2 BRK:0 RX_X:0.000 RX_Y:0.000 RX_Z:0.000
[ZONE-ROUTE] CID:6 zone=1 edge_port=9998
[EDGE-RTT] CID:6 wall=0.9 ms  sim_delay=5.0 ms
>>> [UAV->CLOUD] BLK:82ad|TX:7.0.0.10|CID:6|TS:17.582|SPD:24.9|HDG:0.7|PX:389.9|PY:-20.0|...
[ECON-CLAWBACK] CID:6 ACT=WARN prior_payoff=-7.1 extra_penalty=2.5 new_payoff=-9.7
[FORGIVENESS] CID:6 WARN #7 — streak reset, benefits revoked
⚠ [CAR 6] ACT=WARN REP=0.672 RWD=0.000 PNL=2.601 CREDIT=-2
[PASSIVE-BEACON] SIMNOW:17.616 CID:9 ZONE:1 RXUAV:1 EDGEPORT:9998 TS:17.602 SPD:20.200 HDG:1.400 PX:371.500 PY:-50.000 LAN:5 BRK:0 RX_X:0.000 RX_Y:0.000 RX_Z:0.000
[ZONE-ROUTE] CID:9 zone=1 edge_port=9998
[EDGE-RTT] CID:9 wall=0.9 ms  sim_delay=5.0 ms
>>> [UAV->CLOUD] BLK:3deb|TX:7.0.0.13|CID:9|TS:17.602|SPD:20.2|HDG:1.4|PX:371.5|PY:-50.0|...
✓ [CAR 9] ACT=OK REP=0.809 RWD=1.000 PNL=0.000 CREDIT=31
[PASSIVE-BEACON] SIMNOW:17.644 CID:0 ZONE:1 RXUAV:1 EDGEPORT:9998 TS:17.630 SPD:24.500 HDG:1.500 PX:381.400 PY:-10.000 LAN:1 BRK:0 RX_X:0.000 RX_Y:0.000 RX_Z:0.000
[ZONE-ROUTE] CID:0 zone=1 edge_port=9998
[EDGE-RTT] CID:0 wall=1.0 ms  sim_delay=5.0 ms
>>> [UAV->CLOUD] BLK:705f|TX:7.0.0.4|CID:0|TS:17.630|SPD:24.5|HDG:1.5|PX:381.4|PY:-10.0|L...
[ECON-CLAWBACK] CID:0 ACT=WARN prior_payoff=-22.9 extra_penalty=3.8 new_payoff=-26.8
[FORGIVENESS] CID:0 WARN #12 — streak reset, benefits revoked
⚠ [CAR 0] ACT=WARN REP=0.700 RWD=0.000 PNL=3.849 CREDIT=-2
[PASSIVE-BEACON] SIMNOW:17.756 CID:7 ZONE:1 RXUAV:1 EDGEPORT:9998 TS:17.742 SPD:24.500 HDG:1.200 PX:383.600 PY:-30.000 LAN:3 BRK:0 RX_X:0.000 RX_Y:0.000 RX_Z:0.000
[ZONE-ROUTE] CID:7 zone=1 edge_port=9998
[EDGE-RTT] CID:7 wall=1.0 ms  sim_delay=5.0 ms
>>> [UAV->CLOUD] BLK:a760|TX:7.0.0.11|CID:7|TS:17.742|SPD:24.5|HDG:1.2|PX:383.6|PY:-30.0|...
[ECON-CLAWBACK] CID:7 ACT=WARN prior_payoff=-0.6 extra_penalty=1.8 new_payoff=-2.5
[FORGIVENESS] CID:7 WARN #4 — streak reset, benefits revoked
⚠ [CAR 7] ACT=WARN REP=0.690 RWD=0.000 PNL=1.847 CREDIT=-2
[PASSIVE-BEACON] SIMNOW:17.786 CID:5 ZONE:1 RXUAV:1 EDGEPORT:9998 TS:17.772 SPD:24.700 HDG:-0.900 PX:404.200 PY:-10.000 LAN:1 BRK:1 RX_X:0.000 RX_Y:0.000 RX_Z:0.000
[ZONE-ROUTE] CID:5 zone=1 edge_port=9998
[EDGE-RTT] CID:5 wall=0.9 ms  sim_delay=5.0 ms
>>> [UAV->CLOUD] BLK:595b|TX:7.0.0.9|CID:5|TS:17.772|SPD:24.7|HDG:-0.9|PX:404.2|PY:-10.0|...
[ECON-CLAWBACK] CID:5 ACT=WARN prior_payoff=-19.3 extra_penalty=3.5 new_payoff=-22.9
[FORGIVENESS] CID:5 WARN #11 — streak reset, benefits revoked
⚠ [CAR 5] ACT=WARN REP=0.537 RWD=0.000 PNL=3.600 CREDIT=-2
[PASSIVE-BEACON] SIMNOW:17.854 CID:4 ZONE:1 RXUAV:1 EDGEPORT:9998 TS:17.840 SPD:19.600 HDG:0.600 PX:356.600 PY:-50.000 LAN:5 BRK:0 RX_X:0.000 RX_Y:0.000 RX_Z:0.000
[ZONE-ROUTE] CID:4 zone=1 edge_port=9998
[EDGE-RTT] CID:4 wall=0.9 ms  sim_delay=5.0 ms
>>> [UAV->CLOUD] BLK:4c09|TX:7.0.0.8|CID:4|TS:17.840|SPD:19.6|HDG:0.6|PX:356.6|PY:-50.0|L...
✓ [CAR 4] ACT=OK REP=0.922 RWD=1.000 PNL=0.000 CREDIT=30
[PASSIVE-BEACON] SIMNOW:17.874 CID:2 ZONE:1 RXUAV:1 EDGEPORT:9998 TS:17.860 SPD:25.200 HDG:-0.500 PX:367.500 PY:-30.000 LAN:3 BRK:0 RX_X:0.000 RX_Y:0.000 RX_Z:0.000
[ZONE-ROUTE] CID:2 zone=1 edge_port=9998
[EDGE-RTT] CID:2 wall=0.8 ms  sim_delay=5.0 ms
>>> [UAV->CLOUD] BLK:e24d|TX:7.0.0.6|CID:2|TS:17.860|SPD:25.2|HDG:-0.5|PX:367.5|PY:-30.0|...
[PASSIVE-BEACON] SIMNOW:17.874 CID:1 ZONE:1 RXUAV:1 EDGEPORT:9998 TS:17.860 SPD:25.000 HDG:-1.100 PX:376.900 PY:-20.000 LAN:2 BRK:1 RX_X:0.000 RX_Y:0.000 RX_Z:0.000
[ZONE-ROUTE] CID:1 zone=1 edge_port=9998
[EDGE-RTT] CID:1 wall=2.0 ms  sim_delay=5.0 ms
>>> [UAV->CLOUD] BLK:42c7|TX:7.0.0.5|CID:1|TS:17.860|SPD:25.0|HDG:-1.1|PX:376.9|PY:-20.0|...
[ECON-CLAWBACK] CID:2 ACT=WARN prior_payoff=-0.6 extra_penalty=1.8 new_payoff=-2.5
[FORGIVENESS] CID:2 WARN #4 — streak reset, benefits revoked
⚠ [CAR 2] ACT=WARN REP=0.600 RWD=0.000 PNL=1.850 CREDIT=-2
[ECON-CLAWBACK] CID:1 ACT=WARN prior_payoff=-9.816 extra_penalty=2.750 new_payoff=-12.668
[FORGIVENESS] CID:1 WARN #8 — streak reset, benefits revoked
⚠ [CAR 1] ACT=WARN REP=0.587 RWD=0.000 PNL=2.851 CREDIT=-2
[PASSIVE-BEACON] SIMNOW:17.914 CID:3 ZONE:1 RXUAV:1 EDGEPORT:9998 TS:17.900 SPD:24.700 HDG:-0.600 PX:358.000 PY:-40.000 LAN:4 BRK:1 RX_X:0.000 RX_Y:0.000 RX_Z:0.000
[ZONE-ROUTE] CID:3 zone=1 edge_port=9998
[EDGE-RTT] CID:3 wall=0.7 ms  sim_delay=5.0 ms
>>> [UAV->CLOUD] BLK:b0a9|TX:7.0.0.7|CID:3|TS:17.900|SPD:24.7|HDG:-0.6|PX:358.0|PY:-40.0|...
[PASSIVE-BEACON] SIMNOW:17.926 CID:8 ZONE:1 RXUAV:1 EDGEPORT:9998 TS:17.912 SPD:25.400 HDG:-0.200 PX:378.200 PY:-40.000 LAN:4 BRK:0 RX_X:0.000 RX_Y:0.000 RX_Z:0.000
[ZONE-ROUTE] CID:8 zone=1 edge_port=9998
[EDGE-RTT] CID:8 wall=1.3 ms  sim_delay=5.0 ms
>>> [UAV->CLOUD] BLK:0b5e|TX:7.0.0.12|CID:8|TS:17.912|SPD:25.4|HDG:-0.2|PX:378.2|PY:-40.0...
✓ [CAR 3] ACT=OK REP=1.000 RWD=0.851 PNL=0.000 CREDIT=30
[ECON-CLAWBACK] CID:8 ACT=WARN prior_payoff=32.996 extra_penalty=25.747 new_payoff=7.172
[TRUST-REVOKED] CID:8 benefits revoked logically; lane=4 speed=20.000 latency=10.000ms
[FORGIVENESS] CID:8 WARN #1 — streak reset, benefits revoked
⚠ [CAR 8] ACT=WARN REP=0.753 RWD=0.000 PNL=25.824 CREDIT=28
[PASSIVE-BEACON] SIMNOW:18.096 CID:6 ZONE:1 RXUAV:1 EDGEPORT:9998 TS:18.082 SPD:25.400 HDG:-0.800 PX:402.200 PY:-20.000 LAN:2 BRK:0 RX_X:0.000 RX_Y:0.000 RX_Z:0.000
[ZONE-ROUTE] CID:6 zone=1 edge_port=9998
[EDGE-RTT] CID:6 wall=0.8 ms  sim_delay=5.0 ms
>>> [UAV->CLOUD] BLK:1353|TX:7.0.0.10|CID:6|TS:18.082|SPD:25.4|HDG:-0.8|PX:402.2|PY:-20.0...
[ECON-CLAWBACK] CID:6 ACT=WARN prior_payoff=-9.7 extra_penalty=2.8 new_payoff=-12.6
[FORGIVENESS] CID:6 WARN #8 — streak reset, benefits revoked
⚠ [CAR 6] ACT=WARN REP=1.000 RWD=0.000 PNL=2.852 CREDIT=-2
[PASSIVE-BEACON] SIMNOW:18.116 CID:9 ZONE:1 RXUAV:1 EDGEPORT:9998 TS:18.102 SPD:20.200 HDG:1.300 PX:382.600 PY:-50.000 LAN:5 BRK:0 RX_X:0.000 RX_Y:0.000 RX_Z:0.000
[ZONE-ROUTE] CID:9 zone=1 edge_port=9998
[EDGE-RTT] CID:9 wall=1.1 ms  sim_delay=5.0 ms
>>> [UAV->CLOUD] BLK:d853|TX:7.0.0.13|CID:9|TS:18.102|SPD:20.2|HDG:1.3|PX:382.6|PY:-50.0|...
✓ [CAR 9] ACT=OK REP=1.000 RWD=1.000 PNL=0.000 CREDIT=32
[PASSIVE-BEACON] SIMNOW:18.144 CID:0 ZONE:1 RXUAV:1 EDGEPORT:9998 TS:18.130 SPD:25.100 HDG:1.600 PX:394.400 PY:-10.000 LAN:1 BRK:0 RX_X:0.000 RX_Y:0.000 RX_Z:0.000
[ZONE-ROUTE] CID:0 zone=1 edge_port=9998
[EDGE-RTT] CID:0 wall=0.8 ms  sim_delay=5.0 ms
>>> [UAV->CLOUD] BLK:1cd1|TX:7.0.0.4|CID:0|TS:18.130|SPD:25.1|HDG:1.6|PX:394.4|PY:-10.0|L...
[ECON-CLAWBACK] CID:0 ACT=WARN prior_payoff=-26.8 extra_penalty=4.0 new_payoff=-30.9
[FORGIVENESS] CID:0 WARN #13 — streak reset, benefits revoked
⚠ [CAR 0] ACT=WARN REP=0.784 RWD=0.000 PNL=4.102 CREDIT=-2
[PASSIVE-BEACON] SIMNOW:18.256 CID:7 ZONE:1 RXUAV:1 EDGEPORT:9998 TS:18.242 SPD:24.600 HDG:0.400 PX:396.600 PY:-30.000 LAN:3 BRK:0 RX_X:0.000 RX_Y:0.000 RX_Z:0.000
[ZONE-ROUTE] CID:7 zone=1 edge_port=9998
[EDGE-RTT] CID:7 wall=0.9 ms  sim_delay=5.0 ms
>>> [UAV->CLOUD] BLK:00a3|TX:7.0.0.11|CID:7|TS:18.242|SPD:24.6|HDG:0.4|PX:396.6|PY:-30.0|...
[ECON-CLAWBACK] CID:7 ACT=WARN prior_payoff=-2.5 extra_penalty=2.0 new_payoff=-4.5
[FORGIVENESS] CID:7 WARN #5 — streak reset, benefits revoked
⚠ [CAR 7] ACT=WARN REP=0.904 RWD=0.000 PNL=2.099 CREDIT=-2
[PASSIVE-BEACON] SIMNOW:18.285 CID:5 ZONE:1 RXUAV:1 EDGEPORT:9998 TS:18.272 SPD:24.900 HDG:1.500 PX:417.400 PY:-10.000 LAN:1 BRK:0 RX_X:0.000 RX_Y:0.000 RX_Z:0.000
[ZONE-ROUTE] CID:5 zone=1 edge_port=9998
[EDGE-RTT] CID:5 wall=1.0 ms  sim_delay=5.0 ms
>>> [UAV->CLOUD] BLK:c6a6|TX:7.0.0.9|CID:5|TS:18.272|SPD:24.9|HDG:1.5|PX:417.4|PY:-10.0|L...
[ECON-CLAWBACK] CID:5 ACT=WARN prior_payoff=-22.9 extra_penalty=3.8 new_payoff=-26.7
[FORGIVENESS] CID:5 WARN #12 — streak reset, benefits revoked
⚠ [CAR 5] ACT=WARN REP=0.925 RWD=0.000 PNL=3.850 CREDIT=-2
[PASSIVE-BEACON] SIMNOW:18.352 CID:4 ZONE:1 RXUAV:1 EDGEPORT:9998 TS:18.340 SPD:19.700 HDG:1.700 PX:366.700 PY:-50.000 LAN:5 BRK:0 RX_X:0.000 RX_Y:0.000 RX_Z:0.000
[ZONE-ROUTE] CID:4 zone=1 edge_port=9998
[EDGE-RTT] CID:4 wall=1.2 ms  sim_delay=5.0 ms
>>> [UAV->CLOUD] BLK:00c3|TX:7.0.0.8|CID:4|TS:18.340|SPD:19.7|HDG:1.7|PX:366.7|PY:-50.0|L...
✓ [CAR 4] ACT=OK REP=0.917 RWD=1.000 PNL=0.000 CREDIT=31
[PASSIVE-BEACON] SIMNOW:18.374 CID:2 ZONE:1 RXUAV:1 EDGEPORT:9998 TS:18.360 SPD:25.400 HDG:-0.400 PX:379.000 PY:-30.000 LAN:3 BRK:0 RX_X:0.000 RX_Y:0.000 RX_Z:0.000
[ZONE-ROUTE] CID:2 zone=1 edge_port=9998
[EDGE-RTT] CID:2 wall=1.3 ms  sim_delay=5.0 ms
>>> [UAV->CLOUD] BLK:c9d4|TX:7.0.0.6|CID:2|TS:18.360|SPD:25.4|HDG:-0.4|PX:379.0|PY:-30.0|...
[PASSIVE-BEACON] SIMNOW:18.374 CID:1 ZONE:1 RXUAV:1 EDGEPORT:9998 TS:18.360 SPD:24.600 HDG:-0.000 PX:389.300 PY:-20.000 LAN:2 BRK:0 RX_X:0.000 RX_Y:0.000 RX_Z:0.000
[ZONE-ROUTE] CID:1 zone=1 edge_port=9998
[EDGE-RTT] CID:1 wall=2.9 ms  sim_delay=5.0 ms
>>> [UAV->CLOUD] BLK:808f|TX:7.0.0.5|CID:1|TS:18.360|SPD:24.6|HDG:-0.0|PX:389.3|PY:-20.0|...
[ECON-CLAWBACK] CID:2 ACT=WARN prior_payoff=-2.5 extra_penalty=2.0 new_payoff=-4.6
[FORGIVENESS] CID:2 WARN #5 — streak reset, benefits revoked
⚠ [CAR 2] ACT=WARN REP=0.656 RWD=0.000 PNL=2.102 CREDIT=-2
[ECON-CLAWBACK] CID:1 ACT=WARN prior_payoff=-12.668 extra_penalty=3.000 new_payoff=-15.767
[FORGIVENESS] CID:1 WARN #9 — streak reset, benefits revoked
⚠ [CAR 1] ACT=WARN REP=0.618 RWD=0.000 PNL=3.099 CREDIT=-2
[PASSIVE-BEACON] SIMNOW:18.414 CID:3 ZONE:1 RXUAV:1 EDGEPORT:9998 TS:18.400 SPD:24.500 HDG:-0.000 PX:370.500 PY:-40.000 LAN:4 BRK:0 RX_X:0.000 RX_Y:0.000 RX_Z:0.000
[ZONE-ROUTE] CID:3 zone=1 edge_port=9998
[EDGE-RTT] CID:3 wall=1.3 ms  sim_delay=5.0 ms
>>> [UAV->CLOUD] BLK:faa1|TX:7.0.0.7|CID:3|TS:18.400|SPD:24.5|HDG:-0.0|PX:370.5|PY:-40.0|...
[PASSIVE-BEACON] SIMNOW:18.426 CID:8 ZONE:1 RXUAV:1 EDGEPORT:9998 TS:18.412 SPD:25.200 HDG:1.800 PX:391.600 PY:-40.000 LAN:4 BRK:0 RX_X:0.000 RX_Y:0.000 RX_Z:0.000
[ZONE-ROUTE] CID:8 zone=1 edge_port=9998
[EDGE-RTT] CID:8 wall=1.1 ms  sim_delay=5.0 ms
>>> [UAV->CLOUD] BLK:c39b|TX:7.0.0.12|CID:8|TS:18.412|SPD:25.2|HDG:1.8|PX:391.6|PY:-40.0|...
[ECON-CLAWBACK] CID:3 ACT=WARN prior_payoff=33.8 extra_penalty=26.4 new_payoff=7.4
[TRUST-REVOKED] CID:3 benefits revoked logically; lane=4 speed=20.0 latency=10.0ms
[FORGIVENESS] CID:3 WARN #1 — streak reset, benefits revoked
⚠ [CAR 3] ACT=WARN REP=0.733 RWD=0.000 PNL=26.460 CREDIT=29
[ECON-CLAWBACK] CID:8 ACT=WARN prior_payoff=7.172 extra_penalty=4.836 new_payoff=2.239
[FORGIVENESS] CID:8 WARN #2 — streak reset, benefits revoked
⚠ [CAR 8] ACT=WARN REP=0.777 RWD=0.000 PNL=4.933 CREDIT=-2
[PASSIVE-BEACON] SIMNOW:18.596 CID:6 ZONE:1 RXUAV:1 EDGEPORT:9998 TS:18.582 SPD:24.500 HDG:0.200 PX:415.700 PY:-20.000 LAN:2 BRK:0 RX_X:0.000 RX_Y:0.000 RX_Z:0.000
[ZONE-ROUTE] CID:6 zone=1 edge_port=9998
[EDGE-RTT] CID:6 wall=1.3 ms  sim_delay=5.0 ms
>>> [UAV->CLOUD] BLK:eaa0|TX:7.0.0.10|CID:6|TS:18.582|SPD:24.5|HDG:0.2|PX:415.7|PY:-20.0|...
[ECON-CLAWBACK] CID:6 ACT=WARN prior_payoff=-12.6 extra_penalty=3.0 new_payoff=-15.7
[FORGIVENESS] CID:6 WARN #9 — streak reset, benefits revoked
⚠ [CAR 6] ACT=WARN REP=0.845 RWD=0.000 PNL=3.099 CREDIT=-2
[PASSIVE-BEACON] SIMNOW:18.616 CID:9 ZONE:1 RXUAV:1 EDGEPORT:9998 TS:18.602 SPD:19.600 HDG:0.800 PX:392.600 PY:-50.000 LAN:5 BRK:0 RX_X:0.000 RX_Y:0.000 RX_Z:0.000
[ZONE-ROUTE] CID:9 zone=1 edge_port=9998
[EDGE-RTT] CID:9 wall=1.2 ms  sim_delay=5.0 ms
>>> [UAV->CLOUD] BLK:8c8e|TX:7.0.0.13|CID:9|TS:18.602|SPD:19.6|HDG:0.8|PX:392.6|PY:-50.0|...
✓ [CAR 9] ACT=OK REP=1.000 RWD=1.000 PNL=0.000 CREDIT=33
[PASSIVE-BEACON] SIMNOW:18.643 CID:0 ZONE:1 RXUAV:1 EDGEPORT:9998 TS:18.630 SPD:25.100 HDG:-0.900 PX:406.200 PY:-10.000 LAN:1 BRK:0 RX_X:0.000 RX_Y:0.000 RX_Z:0.000
[ZONE-ROUTE] CID:0 zone=1 edge_port=9998
[EDGE-RTT] CID:0 wall=1.3 ms  sim_delay=5.0 ms
>>> [UAV->CLOUD] BLK:da96|TX:7.0.0.4|CID:0|TS:18.630|SPD:25.1|HDG:-0.9|PX:406.2|PY:-10.0|...
[ECON-CLAWBACK] CID:0 ACT=WARN prior_payoff=-30.9 extra_penalty=4.2 new_payoff=-35.2
[FORGIVENESS] CID:0 WARN #14 — streak reset, benefits revoked
⚠ [CAR 0] ACT=WARN REP=0.416 RWD=0.000 PNL=4.351 CREDIT=-2
[PASSIVE-BEACON] SIMNOW:18.755 CID:7 ZONE:1 RXUAV:1 EDGEPORT:9998 TS:18.742 SPD:24.900 HDG:-1.100 PX:409.300 PY:-30.000 LAN:3 BRK:0 RX_X:0.000 RX_Y:0.000 RX_Z:0.000
[ZONE-ROUTE] CID:7 zone=1 edge_port=9998
[EDGE-RTT] CID:7 wall=1.2 ms  sim_delay=5.0 ms
>>> [UAV->CLOUD] BLK:473d|TX:7.0.0.11|CID:7|TS:18.742|SPD:24.9|HDG:-1.1|PX:409.3|PY:-30.0...
[ECON-CLAWBACK] CID:7 ACT=WARN prior_payoff=-4.5 extra_penalty=2.2 new_payoff=-6.9
[FORGIVENESS] CID:7 WARN #6 — streak reset, benefits revoked
⚠ [CAR 7] ACT=WARN REP=0.556 RWD=0.000 PNL=2.351 CREDIT=-2
[PASSIVE-BEACON] SIMNOW:18.786 CID:5 ZONE:1 RXUAV:1 EDGEPORT:9998 TS:18.772 SPD:24.900 HDG:0.800 PX:429.300 PY:-10.000 LAN:1 BRK:0 RX_X:0.000 RX_Y:0.000 RX_Z:0.000
[ZONE-ROUTE] CID:5 zone=1 edge_port=9998
[EDGE-RTT] CID:5 wall=1.2 ms  sim_delay=5.0 ms
>>> [UAV->CLOUD] BLK:103c|TX:7.0.0.9|CID:5|TS:18.772|SPD:24.9|HDG:0.8|PX:429.3|PY:-10.0|L...
[ECON-CLAWBACK] CID:5 ACT=WARN prior_payoff=-26.7 extra_penalty=4.0 new_payoff=-30.8
[FORGIVENESS] CID:5 WARN #13 — streak reset, benefits revoked
⚠ [CAR 5] ACT=WARN REP=0.355 RWD=0.000 PNL=4.101 CREDIT=-2
[PASSIVE-BEACON] SIMNOW:18.854 CID:4 ZONE:1 RXUAV:1 EDGEPORT:9998 TS:18.840 SPD:20.100 HDG:-2.000 PX:377.100 PY:-50.000 LAN:5 BRK:1 RX_X:0.000 RX_Y:0.000 RX_Z:0.000
[ZONE-ROUTE] CID:4 zone=1 edge_port=9998
[EDGE-RTT] CID:4 wall=1.2 ms  sim_delay=5.0 ms
>>> [UAV->CLOUD] BLK:664a|TX:7.0.0.8|CID:4|TS:18.840|SPD:20.1|HDG:-2.0|PX:377.1|PY:-50.0|...
✓ [CAR 4] ACT=OK REP=0.854 RWD=1.000 PNL=0.000 CREDIT=32
[PASSIVE-BEACON] SIMNOW:18.874 CID:2 ZONE:1 RXUAV:1 EDGEPORT:9998 TS:18.860 SPD:24.700 HDG:-0.500 PX:391.900 PY:-30.000 LAN:3 BRK:0 RX_X:0.000 RX_Y:0.000 RX_Z:0.000
[ZONE-ROUTE] CID:2 zone=1 edge_port=9998
[EDGE-RTT] CID:2 wall=0.7 ms  sim_delay=5.0 ms
>>> [UAV->CLOUD] BLK:db76|TX:7.0.0.6|CID:2|TS:18.860|SPD:24.7|HDG:-0.5|PX:391.9|PY:-30.0|...
[PASSIVE-BEACON] SIMNOW:18.874 CID:1 ZONE:1 RXUAV:1 EDGEPORT:9998 TS:18.860 SPD:25.100 HDG:-0.500 PX:402.700 PY:-20.000 LAN:2 BRK:0 RX_X:0.000 RX_Y:0.000 RX_Z:0.000
[ZONE-ROUTE] CID:1 zone=1 edge_port=9998
[EDGE-RTT] CID:1 wall=2.4 ms  sim_delay=5.0 ms
>>> [UAV->CLOUD] BLK:24a9|TX:7.0.0.5|CID:1|TS:18.860|SPD:25.1|HDG:-0.5|PX:402.7|PY:-20.0|...
[ECON-CLAWBACK] CID:2 ACT=WARN prior_payoff=-4.6 extra_penalty=2.2 new_payoff=-6.9
[FORGIVENESS] CID:2 WARN #6 — streak reset, benefits revoked
⚠ [CAR 2] ACT=WARN REP=0.467 RWD=0.000 PNL=2.350 CREDIT=-2
[ECON-CLAWBACK] CID:1 ACT=WARN prior_payoff=-15.767 extra_penalty=3.250 new_payoff=-19.117
[FORGIVENESS] CID:1 WARN #10 — streak reset, benefits revoked
⚠ [CAR 1] ACT=WARN REP=0.741 RWD=0.000 PNL=3.351 CREDIT=-2
[PASSIVE-BEACON] SIMNOW:18.912 CID:3 ZONE:1 RXUAV:1 EDGEPORT:9998 TS:18.900 SPD:24.900 HDG:-1.700 PX:382.400 PY:-40.000 LAN:4 BRK:0 RX_X:0.000 RX_Y:0.000 RX_Z:0.000
[ZONE-ROUTE] CID:3 zone=1 edge_port=9998
[EDGE-RTT] CID:3 wall=1.1 ms  sim_delay=5.0 ms
>>> [UAV->CLOUD] BLK:4d2c|TX:7.0.0.7|CID:3|TS:18.900|SPD:24.9|HDG:-1.7|PX:382.4|PY:-40.0|...
[ECON-CLAWBACK] CID:3 ACT=WARN prior_payoff=7.4 extra_penalty=4.9 new_payoff=2.3
[FORGIVENESS] CID:3 WARN #2 — streak reset, benefits revoked
⚠ [CAR 3] ACT=WARN REP=0.898 RWD=0.000 PNL=5.040 CREDIT=-2
[PASSIVE-BEACON] SIMNOW:18.926 CID:8 ZONE:1 RXUAV:1 EDGEPORT:9998 TS:18.912 SPD:25.200 HDG:-0.800 PX:402.900 PY:-40.000 LAN:4 BRK:1 RX_X:0.000 RX_Y:0.000 RX_Z:0.000
[ZONE-ROUTE] CID:8 zone=1 edge_port=9998
[EDGE-RTT] CID:8 wall=1.0 ms  sim_delay=5.0 ms
>>> [UAV->CLOUD] BLK:1e60|TX:7.0.0.12|CID:8|TS:18.912|SPD:25.2|HDG:-0.8|PX:402.9|PY:-40.0...
[ECON-CLAWBACK] CID:8 ACT=WARN prior_payoff=2.2 extra_penalty=2.6 new_payoff=-0.5
[FORGIVENESS] CID:8 WARN #3 — streak reset, benefits revoked
⚠ [CAR 8] ACT=WARN REP=0.774 RWD=0.000 PNL=2.719 CREDIT=-2
[PASSIVE-BEACON] SIMNOW:19.096 CID:6 ZONE:1 RXUAV:1 EDGEPORT:9998 TS:19.082 SPD:25.200 HDG:0.800 PX:427.300 PY:-20.000 LAN:2 BRK:0 RX_X:0.000 RX_Y:0.000 RX_Z:0.000
[ZONE-ROUTE] CID:6 zone=1 edge_port=9998
[EDGE-RTT] CID:6 wall=1.0 ms  sim_delay=5.0 ms
>>> [UAV->CLOUD] BLK:9249|TX:7.0.0.10|CID:6|TS:19.082|SPD:25.2|HDG:0.8|PX:427.3|PY:-20.0|...
[ECON-CLAWBACK] CID:6 ACT=WARN prior_payoff=-15.7 extra_penalty=3.2 new_payoff=-19.0
[FORGIVENESS] CID:6 WARN #10 — streak reset, benefits revoked
⚠ [CAR 6] ACT=WARN REP=0.615 RWD=0.000 PNL=3.352 CREDIT=-2
[PASSIVE-BEACON] SIMNOW:19.114 CID:9 ZONE:1 RXUAV:1 EDGEPORT:9998 TS:19.102 SPD:19.700 HDG:1.100 PX:402.200 PY:-50.000 LAN:5 BRK:0 RX_X:0.000 RX_Y:0.000 RX_Z:0.000
[ZONE-ROUTE] CID:9 zone=1 edge_port=9998
[EDGE-RTT] CID:9 wall=0.9 ms  sim_delay=5.0 ms
>>> [UAV->CLOUD] BLK:5d29|TX:7.0.0.13|CID:9|TS:19.102|SPD:19.7|HDG:1.1|PX:402.2|PY:-50.0|...
✓ [CAR 9] ACT=OK REP=1.000 RWD=1.000 PNL=0.000 CREDIT=34
[PASSIVE-BEACON] SIMNOW:19.144 CID:0 ZONE:1 RXUAV:1 EDGEPORT:9998 TS:19.130 SPD:25.400 HDG:1.300 PX:418.100 PY:-10.000 LAN:1 BRK:1 RX_X:0.000 RX_Y:0.000 RX_Z:0.000
[ZONE-ROUTE] CID:0 zone=1 edge_port=9998
[EDGE-RTT] CID:0 wall=0.9 ms  sim_delay=5.0 ms
>>> [UAV->CLOUD] BLK:2a53|TX:7.0.0.4|CID:0|TS:19.130|SPD:25.4|HDG:1.3|PX:418.1|PY:-10.0|L...
[ECON-CLAWBACK] CID:0 ACT=WARN prior_payoff=-35.2 extra_penalty=4.5 new_payoff=-39.8
[FORGIVENESS] CID:0 WARN #15 — streak reset, benefits revoked
⚠ [CAR 0] ACT=WARN REP=0.861 RWD=0.000 PNL=4.602 CREDIT=-2
[PASSIVE-BEACON] SIMNOW:19.256 CID:7 ZONE:1 RXUAV:1 EDGEPORT:9998 TS:19.242 SPD:24.800 HDG:0.400 PX:421.200 PY:-30.000 LAN:3 BRK:0 RX_X:0.000 RX_Y:0.000 RX_Z:0.000
[ZONE-ROUTE] CID:7 zone=1 edge_port=9998
[EDGE-RTT] CID:7 wall=1.0 ms  sim_delay=5.0 ms
>>> [UAV->CLOUD] BLK:b4ae|TX:7.0.0.11|CID:7|TS:19.242|SPD:24.8|HDG:0.4|PX:421.2|PY:-30.0|...
[ECON-CLAWBACK] CID:7 ACT=WARN prior_payoff=-6.9 extra_penalty=2.5 new_payoff=-9.5
[FORGIVENESS] CID:7 WARN #7 — streak reset, benefits revoked
⚠ [CAR 7] ACT=WARN REP=0.620 RWD=0.000 PNL=2.600 CREDIT=-2
[PASSIVE-BEACON] SIMNOW:19.286 CID:5 ZONE:1 RXUAV:1 EDGEPORT:9998 TS:19.272 SPD:25.400 HDG:-0.200 PX:443.000 PY:-10.000 LAN:1 BRK:0 RX_X:0.000 RX_Y:0.000 RX_Z:0.000
[ZONE-ROUTE] CID:5 zone=1 edge_port=9998
[EDGE-RTT] CID:5 wall=1.1 ms  sim_delay=5.0 ms
>>> [UAV->CLOUD] BLK:c15e|TX:7.0.0.9|CID:5|TS:19.272|SPD:25.4|HDG:-0.2|PX:443.0|PY:-10.0|...
[ECON-CLAWBACK] CID:5 ACT=WARN prior_payoff=-30.8 extra_penalty=4.2 new_payoff=-35.2
[FORGIVENESS] CID:5 WARN #14 — streak reset, benefits revoked
⚠ [CAR 5] ACT=WARN REP=0.509 RWD=0.000 PNL=4.352 CREDIT=-2
[PASSIVE-BEACON] SIMNOW:19.354 CID:4 ZONE:1 RXUAV:1 EDGEPORT:9998 TS:19.340 SPD:19.900 HDG:0.700 PX:387.200 PY:-50.000 LAN:5 BRK:0 RX_X:0.000 RX_Y:0.000 RX_Z:0.000
[ZONE-ROUTE] CID:4 zone=1 edge_port=9998
[EDGE-RTT] CID:4 wall=1.2 ms  sim_delay=5.0 ms
>>> [UAV->CLOUD] BLK:0ea0|TX:7.0.0.8|CID:4|TS:19.340|SPD:19.9|HDG:0.7|PX:387.2|PY:-50.0|L...
✓ [CAR 4] ACT=OK REP=1.000 RWD=1.000 PNL=0.000 CREDIT=33
[PASSIVE-BEACON] SIMNOW:19.374 CID:2 ZONE:1 RXUAV:1 EDGEPORT:9998 TS:19.360 SPD:25.000 HDG:1.600 PX:403.900 PY:-30.000 LAN:3 BRK:1 RX_X:0.000 RX_Y:0.000 RX_Z:0.000
[ZONE-ROUTE] CID:2 zone=1 edge_port=9998
[EDGE-RTT] CID:2 wall=0.7 ms  sim_delay=5.0 ms
>>> [UAV->CLOUD] BLK:cc81|TX:7.0.0.6|CID:2|TS:19.360|SPD:25.0|HDG:1.6|PX:403.9|PY:-30.0|L...
[PASSIVE-BEACON] SIMNOW:19.374 CID:1 ZONE:1 RXUAV:1 EDGEPORT:9998 TS:19.360 SPD:25.000 HDG:1.000 PX:415.200 PY:-20.000 LAN:2 BRK:0 RX_X:0.000 RX_Y:0.000 RX_Z:0.000
[ZONE-ROUTE] CID:1 zone=1 edge_port=9998
[EDGE-RTT] CID:1 wall=2.5 ms  sim_delay=5.0 ms
>>> [UAV->CLOUD] BLK:1ae0|TX:7.0.0.5|CID:1|TS:19.360|SPD:25.0|HDG:1.0|PX:415.2|PY:-20.0|L...
[ECON-CLAWBACK] CID:2 ACT=WARN prior_payoff=-6.9 extra_penalty=2.5 new_payoff=-9.5
[FORGIVENESS] CID:2 WARN #7 — streak reset, benefits revoked
⚠ [CAR 2] ACT=WARN REP=0.627 RWD=0.000 PNL=2.602 CREDIT=-2
[ECON-CLAWBACK] CID:1 ACT=WARN prior_payoff=-19.117 extra_penalty=3.500 new_payoff=-22.720
[FORGIVENESS] CID:1 WARN #11 — streak reset, benefits revoked
⚠ [CAR 1] ACT=WARN REP=0.290 RWD=0.000 PNL=3.602 CREDIT=-2
[PASSIVE-BEACON] SIMNOW:19.414 CID:3 ZONE:1 RXUAV:1 EDGEPORT:9998 TS:19.400 SPD:25.200 HDG:-1.900 PX:396.100 PY:-40.000 LAN:4 BRK:0 RX_X:0.000 RX_Y:0.000 RX_Z:0.000
[ZONE-ROUTE] CID:3 zone=1 edge_port=9998
[EDGE-RTT] CID:3 wall=1.1 ms  sim_delay=5.0 ms
>>> [UAV->CLOUD] BLK:4acf|TX:7.0.0.7|CID:3|TS:19.400|SPD:25.2|HDG:-1.9|PX:396.1|PY:-40.0|...
[PASSIVE-BEACON] SIMNOW:19.426 CID:8 ZONE:1 RXUAV:1 EDGEPORT:9998 TS:19.412 SPD:25.200 HDG:1.800 PX:416.000 PY:-40.000 LAN:4 BRK:1 RX_X:0.000 RX_Y:0.000 RX_Z:0.000
[ZONE-ROUTE] CID:8 zone=1 edge_port=9998
[EDGE-RTT] CID:8 wall=0.9 ms  sim_delay=5.0 ms
>>> [UAV->CLOUD] BLK:1561|TX:7.0.0.12|CID:8|TS:19.412|SPD:25.2|HDG:1.8|PX:416.0|PY:-40.0|...
[ECON-CLAWBACK] CID:3 ACT=WARN prior_payoff=2.3 extra_penalty=2.7 new_payoff=-0.4
[FORGIVENESS] CID:3 WARN #3 — streak reset, benefits revoked
⚠ [CAR 3] ACT=WARN REP=0.920 RWD=0.000 PNL=2.773 CREDIT=-2
[ECON-CLAWBACK] CID:8 ACT=WARN prior_payoff=-0.480 extra_penalty=1.750 new_payoff=-2.331
[FORGIVENESS] CID:8 WARN #4 — streak reset, benefits revoked
⚠ [CAR 8] ACT=WARN REP=1.000 RWD=0.000 PNL=1.851 CREDIT=-2
[PASSIVE-BEACON] SIMNOW:19.596 CID:6 ZONE:1 RXUAV:1 EDGEPORT:9998 TS:19.582 SPD:25.300 HDG:0.400 PX:440.800 PY:-20.000 LAN:2 BRK:0 RX_X:0.000 RX_Y:0.000 RX_Z:0.000
[ZONE-ROUTE] CID:6 zone=1 edge_port=9998
[EDGE-RTT] CID:6 wall=0.9 ms  sim_delay=5.0 ms
>>> [UAV->CLOUD] BLK:a6bb|TX:7.0.0.10|CID:6|TS:19.582|SPD:25.3|HDG:0.4|PX:440.8|PY:-20.0|...
[ECON-CLAWBACK] CID:6 ACT=WARN prior_payoff=-19.0 extra_penalty=3.5 new_payoff=-22.6
[FORGIVENESS] CID:6 WARN #11 — streak reset, benefits revoked
⚠ [CAR 6] ACT=WARN REP=0.546 RWD=0.000 PNL=3.602 CREDIT=-2
[PASSIVE-BEACON] SIMNOW:19.616 CID:9 ZONE:1 RXUAV:1 EDGEPORT:9998 TS:19.602 SPD:20.200 HDG:1.000 PX:412.000 PY:-50.000 LAN:5 BRK:0 RX_X:0.000 RX_Y:0.000 RX_Z:0.000
[ZONE-ROUTE] CID:9 zone=1 edge_port=9998
[EDGE-RTT] CID:9 wall=0.7 ms  sim_delay=5.0 ms
>>> [UAV->CLOUD] BLK:f9f7|TX:7.0.0.13|CID:9|TS:19.602|SPD:20.2|HDG:1.0|PX:412.0|PY:-50.0|...
✓ [CAR 9] ACT=OK REP=0.983 RWD=1.000 PNL=0.000 CREDIT=35
[PASSIVE-BEACON] SIMNOW:19.644 CID:0 ZONE:1 RXUAV:1 EDGEPORT:9998 TS:19.630 SPD:24.600 HDG:0.800 PX:431.500 PY:-10.000 LAN:1 BRK:0 RX_X:0.000 RX_Y:0.000 RX_Z:0.000
[ZONE-ROUTE] CID:0 zone=1 edge_port=9998
[EDGE-RTT] CID:0 wall=1.1 ms  sim_delay=5.0 ms
>>> [UAV->CLOUD] BLK:17f5|TX:7.0.0.4|CID:0|TS:19.630|SPD:24.6|HDG:0.8|PX:431.5|PY:-10.0|L...
[ECON-CLAWBACK] CID:0 ACT=WARN prior_payoff=-39.8 extra_penalty=4.8 new_payoff=-44.7
[FORGIVENESS] CID:0 WARN #16 — streak reset, benefits revoked
⚠ [CAR 0] ACT=WARN REP=0.571 RWD=0.000 PNL=4.849 CREDIT=-2
[PASSIVE-BEACON] SIMNOW:19.756 CID:7 ZONE:1 RXUAV:1 EDGEPORT:9998 TS:19.742 SPD:24.800 HDG:-0.600 PX:434.600 PY:-30.000 LAN:3 BRK:0 RX_X:0.000 RX_Y:0.000 RX_Z:0.000
[ZONE-ROUTE] CID:7 zone=1 edge_port=9998
[EDGE-RTT] CID:7 wall=1.0 ms  sim_delay=5.0 ms
>>> [UAV->CLOUD] BLK:c205|TX:7.0.0.11|CID:7|TS:19.742|SPD:24.8|HDG:-0.6|PX:434.6|PY:-30.0...
[ECON-CLAWBACK] CID:7 ACT=WARN prior_payoff=-9.5 extra_penalty=2.8 new_payoff=-12.4
[FORGIVENESS] CID:7 WARN #8 — streak reset, benefits revoked
⚠ [CAR 7] ACT=WARN REP=0.714 RWD=0.000 PNL=2.850 CREDIT=-2
[PASSIVE-BEACON] SIMNOW:19.786 CID:5 ZONE:1 RXUAV:1 EDGEPORT:9998 TS:19.772 SPD:24.800 HDG:0.300 PX:454.200 PY:-10.000 LAN:1 BRK:1 RX_X:0.000 RX_Y:0.000 RX_Z:0.000
[ZONE-ROUTE] CID:5 zone=1 edge_port=9998
[EDGE-RTT] CID:5 wall=1.0 ms  sim_delay=5.0 ms
>>> [UAV->CLOUD] BLK:a433|TX:7.0.0.9|CID:5|TS:19.772|SPD:24.8|HDG:0.3|PX:454.2|PY:-10.0|L...
[ECON-CLAWBACK] CID:5 ACT=WARN prior_payoff=-35.2 extra_penalty=4.5 new_payoff=-39.8
[FORGIVENESS] CID:5 WARN #15 — streak reset, benefits revoked
⚠ [CAR 5] ACT=WARN REP=0.180 RWD=0.000 PNL=4.600 CREDIT=-2
[PASSIVE-BEACON] SIMNOW:19.853 CID:4 ZONE:1 RXUAV:1 EDGEPORT:9998 TS:19.840 SPD:20.100 HDG:1.000 PX:396.300 PY:-50.000 LAN:5 BRK:1 RX_X:0.000 RX_Y:0.000 RX_Z:0.000
[ZONE-ROUTE] CID:4 zone=1 edge_port=9998
[EDGE-RTT] CID:4 wall=1.0 ms  sim_delay=5.0 ms
>>> [UAV->CLOUD] BLK:da25|TX:7.0.0.8|CID:4|TS:19.840|SPD:20.1|HDG:1.0|PX:396.3|PY:-50.0|L...
✓ [CAR 4] ACT=OK REP=0.878 RWD=1.000 PNL=0.000 CREDIT=34
[PASSIVE-BEACON] SIMNOW:19.874 CID:2 ZONE:1 RXUAV:1 EDGEPORT:9998 TS:19.860 SPD:25.200 HDG:-1.100 PX:417.700 PY:-30.000 LAN:3 BRK:0 RX_X:0.000 RX_Y:0.000 RX_Z:0.000
[ZONE-ROUTE] CID:2 zone=1 edge_port=9998
[EDGE-RTT] CID:2 wall=1.1 ms  sim_delay=5.0 ms
>>> [UAV->CLOUD] BLK:f1dc|TX:7.0.0.6|CID:2|TS:19.860|SPD:25.2|HDG:-1.1|PX:417.7|PY:-30.0|...
[PASSIVE-BEACON] SIMNOW:19.874 CID:1 ZONE:1 RXUAV:1 EDGEPORT:9998 TS:19.860 SPD:24.800 HDG:-0.200 PX:426.900 PY:-20.000 LAN:2 BRK:0 RX_X:0.000 RX_Y:0.000 RX_Z:0.000
[ZONE-ROUTE] CID:1 zone=1 edge_port=9998
[EDGE-RTT] CID:1 wall=2.1 ms  sim_delay=5.0 ms
>>> [UAV->CLOUD] BLK:62d3|TX:7.0.0.5|CID:1|TS:19.860|SPD:24.8|HDG:-0.2|PX:426.9|PY:-20.0|...
[ECON-CLAWBACK] CID:2 ACT=WARN prior_payoff=-9.5 extra_penalty=2.8 new_payoff=-12.4
[FORGIVENESS] CID:2 WARN #8 — streak reset, benefits revoked
⚠ [CAR 2] ACT=WARN REP=1.000 RWD=0.000 PNL=2.852 CREDIT=-2
[ECON-CLAWBACK] CID:1 ACT=WARN prior_payoff=-22.720 extra_penalty=3.750 new_payoff=-26.570
[FORGIVENESS] CID:1 WARN #12 — streak reset, benefits revoked
⚠ [CAR 1] ACT=WARN REP=0.506 RWD=0.000 PNL=3.850 CREDIT=-2
[PASSIVE-BEACON] SIMNOW:19.914 CID:3 ZONE:1 RXUAV:1 EDGEPORT:9998 TS:19.900 SPD:24.600 HDG:-0.300 PX:408.700 PY:-40.000 LAN:4 BRK:0 RX_X:0.000 RX_Y:0.000 RX_Z:0.000
[ZONE-ROUTE] CID:3 zone=1 edge_port=9998
[EDGE-RTT] CID:3 wall=1.0 ms  sim_delay=5.0 ms
>>> [UAV->CLOUD] BLK:1ce4|TX:7.0.0.7|CID:3|TS:19.900|SPD:24.6|HDG:-0.3|PX:408.7|PY:-40.0|...
[PASSIVE-BEACON] SIMNOW:19.926 CID:8 ZONE:1 RXUAV:1 EDGEPORT:9998 TS:19.912 SPD:24.600 HDG:-0.100 PX:429.000 PY:-40.000 LAN:4 BRK:0 RX_X:0.000 RX_Y:0.000 RX_Z:0.000
[ZONE-ROUTE] CID:8 zone=1 edge_port=9998
[EDGE-RTT] CID:8 wall=0.8 ms  sim_delay=5.0 ms
>>> [UAV->CLOUD] BLK:8e32|TX:7.0.0.12|CID:8|TS:19.912|SPD:24.6|HDG:-0.1|PX:429.0|PY:-40.0...
[ECON-CLAWBACK] CID:3 ACT=WARN prior_payoff=-0.4 extra_penalty=1.8 new_payoff=-2.3
[FORGIVENESS] CID:3 WARN #4 — streak reset, benefits revoked
⚠ [CAR 3] ACT=WARN REP=0.630 RWD=0.000 PNL=1.849 CREDIT=-2
[ECON-CLAWBACK] CID:8 ACT=WARN prior_payoff=-2.331 extra_penalty=2.000 new_payoff=-4.431
[FORGIVENESS] CID:8 WARN #5 — streak reset, benefits revoked
⚠ [CAR 8] ACT=WARN REP=0.851 RWD=0.000 PNL=2.100 CREDIT=-2
[PASSIVE-BEACON] SIMNOW:20.096 CID:6 ZONE:1 RXUAV:1 EDGEPORT:9998 TS:20.082 SPD:24.900 HDG:1.100 PX:452.000 PY:-20.000 LAN:2 BRK:0 RX_X:0.000 RX_Y:0.000 RX_Z:0.000
[ZONE-ROUTE] CID:6 zone=1 edge_port=9998
[EDGE-RTT] CID:6 wall=1.0 ms  sim_delay=5.0 ms
>>> [UAV->CLOUD] BLK:64ae|TX:7.0.0.10|CID:6|TS:20.082|SPD:24.9|HDG:1.1|PX:452.0|PY:-20.0|...
[ECON-CLAWBACK] CID:6 ACT=WARN prior_payoff=-22.6 extra_penalty=3.8 new_payoff=-26.5
[FORGIVENESS] CID:6 WARN #12 — streak reset, benefits revoked
⚠ [CAR 6] ACT=WARN REP=0.692 RWD=0.000 PNL=3.851 CREDIT=-2
[PASSIVE-BEACON] SIMNOW:20.116 CID:9 ZONE:1 RXUAV:1 EDGEPORT:9998 TS:20.102 SPD:25.100 HDG:1.600 PX:423.100 PY:-50.000 LAN:5 BRK:0 RX_X:0.000 RX_Y:0.000 RX_Z:0.000
[ZONE-ROUTE] CID:9 zone=1 edge_port=9998
[EDGE-RTT] CID:9 wall=0.9 ms  sim_delay=5.0 ms
>>> [UAV->CLOUD] BLK:a6b4|TX:7.0.0.13|CID:9|TS:20.102|SPD:25.1|HDG:1.6|PX:423.1|PY:-50.0|...
[ECON-CLAWBACK] CID:9 ACT=WARN prior_payoff=39.0 extra_penalty=30.2 new_payoff=8.7
[TRUST-REVOKED] CID:9 benefits revoked logically; lane=5 speed=20.0 latency=10.0ms
[FORGIVENESS] CID:9 WARN #1 — streak reset, benefits revoked
⚠ [CAR 9] ACT=WARN REP=1.000 RWD=0.000 PNL=30.323 CREDIT=34
[PASSIVE-BEACON] SIMNOW:20.144 CID:0 ZONE:1 RXUAV:1 EDGEPORT:9998 TS:20.130 SPD:24.600 HDG:-0.000 PX:444.400 PY:-10.000 LAN:1 BRK:1 RX_X:0.000 RX_Y:0.000 RX_Z:0.000
[ZONE-ROUTE] CID:0 zone=1 edge_port=9998
[EDGE-RTT] CID:0 wall=0.8 ms  sim_delay=5.0 ms
>>> [UAV->CLOUD] BLK:812c|TX:7.0.0.4|CID:0|TS:20.130|SPD:24.6|HDG:-0.0|PX:444.4|PY:-10.0|...
[ECON-CLAWBACK] CID:0 ACT=WARN prior_payoff=-44.7 extra_penalty=5.0 new_payoff=-49.8
[FORGIVENESS] CID:0 WARN #17 — streak reset, benefits revoked
⚠ [CAR 0] ACT=WARN REP=0.531 RWD=0.000 PNL=5.099 CREDIT=-2
[PASSIVE-BEACON] SIMNOW:20.256 CID:7 ZONE:1 RXUAV:1 EDGEPORT:9998 TS:20.242 SPD:24.700 HDG:0.500 PX:446.100 PY:-30.000 LAN:3 BRK:0 RX_X:0.000 RX_Y:0.000 RX_Z:0.000
[ZONE-ROUTE] CID:7 zone=1 edge_port=9998
[EDGE-RTT] CID:7 wall=1.2 ms  sim_delay=5.0 ms
>>> [UAV->CLOUD] BLK:f06c|TX:7.0.0.11|CID:7|TS:20.242|SPD:24.7|HDG:0.5|PX:446.1|PY:-30.0|...
[ECON-CLAWBACK] CID:7 ACT=WARN prior_payoff=-12.4 extra_penalty=3.0 new_payoff=-15.5
[FORGIVENESS] CID:7 WARN #9 — streak reset, benefits revoked
⚠ [CAR 7] ACT=WARN REP=0.782 RWD=0.000 PNL=3.100 CREDIT=-2
[PASSIVE-BEACON] SIMNOW:20.286 CID:5 ZONE:1 RXUAV:1 EDGEPORT:9998 TS:20.272 SPD:25.200 HDG:0.200 PX:467.700 PY:-10.000 LAN:1 BRK:0 RX_X:0.000 RX_Y:0.000 RX_Z:0.000
[ZONE-ROUTE] CID:5 zone=1 edge_port=9998
[EDGE-RTT] CID:5 wall=1.1 ms  sim_delay=5.0 ms
>>> [UAV->CLOUD] BLK:6683|TX:7.0.0.9|CID:5|TS:20.272|SPD:25.2|HDG:0.2|PX:467.7|PY:-10.0|L...
[ECON-CLAWBACK] CID:5 ACT=WARN prior_payoff=-39.8 extra_penalty=4.8 new_payoff=-44.6
[FORGIVENESS] CID:5 WARN #16 — streak reset, benefits revoked
⚠ [CAR 5] ACT=WARN REP=0.399 RWD=0.000 PNL=4.852 CREDIT=-2
[PASSIVE-BEACON] SIMNOW:20.354 CID:4 ZONE:1 RXUAV:1 EDGEPORT:9998 TS:20.340 SPD:25.200 HDG:-0.200 PX:408.800 PY:-50.000 LAN:5 BRK:0 RX_X:0.000 RX_Y:0.000 RX_Z:0.000
[ZONE-ROUTE] CID:4 zone=1 edge_port=9998
[EDGE-RTT] CID:4 wall=1.0 ms  sim_delay=5.0 ms
>>> [UAV->CLOUD] BLK:890c|TX:7.0.0.8|CID:4|TS:20.340|SPD:25.2|HDG:-0.2|PX:408.8|PY:-50.0|...
[ECON-CLAWBACK] CID:4 ACT=WARN prior_payoff=38.0 extra_penalty=29.5 new_payoff=8.4
[TRUST-REVOKED] CID:4 benefits revoked logically; lane=5 speed=20.0 latency=10.0ms
[FORGIVENESS] CID:4 WARN #1 — streak reset, benefits revoked
⚠ [CAR 4] ACT=WARN REP=1.000 RWD=0.000 PNL=29.573 CREDIT=33
[PASSIVE-BEACON] SIMNOW:20.374 CID:2 ZONE:1 RXUAV:1 EDGEPORT:9998 TS:20.360 SPD:24.800 HDG:-1.100 PX:429.400 PY:-30.000 LAN:3 BRK:1 RX_X:0.000 RX_Y:0.000 RX_Z:0.000
[ZONE-ROUTE] CID:2 zone=1 edge_port=9998
[EDGE-RTT] CID:2 wall=1.0 ms  sim_delay=5.0 ms
>>> [UAV->CLOUD] BLK:b305|TX:7.0.0.6|CID:2|TS:20.360|SPD:24.8|HDG:-1.1|PX:429.4|PY:-30.0|...
[PASSIVE-BEACON] SIMNOW:20.374 CID:1 ZONE:1 RXUAV:1 EDGEPORT:9998 TS:20.360 SPD:25.100 HDG:-2.000 PX:440.200 PY:-20.000 LAN:2 BRK:0 RX_X:0.000 RX_Y:0.000 RX_Z:0.000
[ZONE-ROUTE] CID:1 zone=1 edge_port=9998
[EDGE-RTT] CID:1 wall=2.5 ms  sim_delay=5.0 ms
>>> [UAV->CLOUD] BLK:82e4|TX:7.0.0.5|CID:1|TS:20.360|SPD:25.1|HDG:-2.0|PX:440.2|PY:-20.0|...
[ECON-CLAWBACK] CID:2 ACT=WARN prior_payoff=-12.4 extra_penalty=3.0 new_payoff=-15.5
[FORGIVENESS] CID:2 WARN #9 — streak reset, benefits revoked
⚠ [CAR 2] ACT=WARN REP=0.655 RWD=0.000 PNL=3.101 CREDIT=-2
[ECON-CLAWBACK] CID:1 ACT=WARN prior_payoff=-26.570 extra_penalty=4.000 new_payoff=-30.672
[FORGIVENESS] CID:1 WARN #13 — streak reset, benefits revoked
⚠ [CAR 1] ACT=WARN REP=0.540 RWD=0.000 PNL=4.102 CREDIT=-2
[PASSIVE-BEACON] SIMNOW:20.413 CID:3 ZONE:1 RXUAV:1 EDGEPORT:9998 TS:20.400 SPD:24.800 HDG:-1.900 PX:420.800 PY:-40.000 LAN:4 BRK:1 RX_X:0.000 RX_Y:0.000 RX_Z:0.000
[ZONE-ROUTE] CID:3 zone=1 edge_port=9998
[EDGE-RTT] CID:3 wall=1.0 ms  sim_delay=5.0 ms
>>> [UAV->CLOUD] BLK:358b|TX:7.0.0.7|CID:3|TS:20.400|SPD:24.8|HDG:-1.9|PX:420.8|PY:-40.0|...
[ECON-CLAWBACK] CID:3 ACT=WARN prior_payoff=-2.3 extra_penalty=2.0 new_payoff=-4.4
[FORGIVENESS] CID:3 WARN #5 — streak reset, benefits revoked
⚠ [CAR 3] ACT=WARN REP=0.856 RWD=0.000 PNL=2.100 CREDIT=-2
[PASSIVE-BEACON] SIMNOW:20.426 CID:8 ZONE:1 RXUAV:1 EDGEPORT:9998 TS:20.412 SPD:25.400 HDG:0.700 PX:440.800 PY:-40.000 LAN:4 BRK:0 RX_X:0.000 RX_Y:0.000 RX_Z:0.000
[ZONE-ROUTE] CID:8 zone=1 edge_port=9998
[EDGE-RTT] CID:8 wall=1.2 ms  sim_delay=5.0 ms
>>> [UAV->CLOUD] BLK:e5ec|TX:7.0.0.12|CID:8|TS:20.412|SPD:25.4|HDG:0.7|PX:440.8|PY:-40.0|...
[ECON-CLAWBACK] CID:8 ACT=WARN prior_payoff=-4.4 extra_penalty=2.2 new_payoff=-6.8
[FORGIVENESS] CID:8 WARN #6 — streak reset, benefits revoked
⚠ [CAR 8] ACT=WARN REP=1.000 RWD=0.000 PNL=2.352 CREDIT=-2
[PASSIVE-BEACON] SIMNOW:20.596 CID:6 ZONE:1 RXUAV:1 EDGEPORT:9998 TS:20.582 SPD:25.400 HDG:-1.600 PX:465.600 PY:-20.000 LAN:2 BRK:0 RX_X:0.000 RX_Y:0.000 RX_Z:0.000
[ZONE-ROUTE] CID:6 zone=1 edge_port=9998
[EDGE-RTT] CID:6 wall=1.3 ms  sim_delay=5.0 ms
>>> [UAV->CLOUD] BLK:6122|TX:7.0.0.10|CID:6|TS:20.582|SPD:25.4|HDG:-1.6|PX:465.6|PY:-20.0...
[ECON-CLAWBACK] CID:6 ACT=WARN prior_payoff=-26.5 extra_penalty=4.0 new_payoff=-30.6
[FORGIVENESS] CID:6 WARN #13 — streak reset, benefits revoked
⚠ [CAR 6] ACT=WARN REP=0.629 RWD=0.000 PNL=4.102 CREDIT=-2
[PASSIVE-BEACON] SIMNOW:20.615 CID:9 ZONE:1 RXUAV:1 EDGEPORT:9998 TS:20.602 SPD:25.000 HDG:0.800 PX:435.200 PY:-50.000 LAN:5 BRK:0 RX_X:0.000 RX_Y:0.000 RX_Z:0.000
[ZONE-ROUTE] CID:9 zone=1 edge_port=9998
[EDGE-RTT] CID:9 wall=0.8 ms  sim_delay=5.0 ms
>>> [UAV->CLOUD] BLK:33b2|TX:7.0.0.13|CID:9|TS:20.602|SPD:25.0|HDG:0.8|PX:435.2|PY:-50.0|...
[ECON-CLAWBACK] CID:9 ACT=WARN prior_payoff=8.7 extra_penalty=5.6 new_payoff=3.0
[FORGIVENESS] CID:9 WARN #2 — streak reset, benefits revoked
⚠ [CAR 9] ACT=WARN REP=0.980 RWD=0.000 PNL=5.683 CREDIT=-2
[PASSIVE-BEACON] SIMNOW:20.644 CID:0 ZONE:1 RXUAV:1 EDGEPORT:9998 TS:20.630 SPD:24.900 HDG:0.400 PX:455.700 PY:-10.000 LAN:1 BRK:0 RX_X:0.000 RX_Y:0.000 RX_Z:0.000
[ZONE-ROUTE] CID:0 zone=1 edge_port=9998
[EDGE-RTT] CID:0 wall=1.1 ms  sim_delay=5.0 ms
>>> [UAV->CLOUD] BLK:8309|TX:7.0.0.4|CID:0|TS:20.630|SPD:24.9|HDG:0.4|PX:455.7|PY:-10.0|L...
[ECON-CLAWBACK] CID:0 ACT=WARN prior_payoff=-49.8 extra_penalty=5.2 new_payoff=-55.1
[FORGIVENESS] CID:0 WARN #18 — streak reset, benefits revoked
⚠ [CAR 0] ACT=WARN REP=0.332 RWD=0.000 PNL=5.351 CREDIT=-2
[PASSIVE-BEACON] SIMNOW:20.756 CID:7 ZONE:1 RXUAV:1 EDGEPORT:9998 TS:20.742 SPD:24.900 HDG:-1.500 PX:459.000 PY:-30.000 LAN:3 BRK:0 RX_X:0.000 RX_Y:0.000 RX_Z:0.000
[ZONE-ROUTE] CID:7 zone=1 edge_port=9998
[EDGE-RTT] CID:7 wall=1.1 ms  sim_delay=5.0 ms
>>> [UAV->CLOUD] BLK:2c5e|TX:7.0.0.11|CID:7|TS:20.742|SPD:24.9|HDG:-1.5|PX:459.0|PY:-30.0...
[ECON-CLAWBACK] CID:7 ACT=WARN prior_payoff=-15.5 extra_penalty=3.2 new_payoff=-18.8
[FORGIVENESS] CID:7 WARN #10 — streak reset, benefits revoked
⚠ [CAR 7] ACT=WARN REP=0.360 RWD=0.000 PNL=3.351 CREDIT=-2
[PASSIVE-BEACON] SIMNOW:20.786 CID:5 ZONE:1 RXUAV:1 EDGEPORT:9998 TS:20.772 SPD:25.200 HDG:0.400 PX:479.600 PY:-10.000 LAN:1 BRK:0 RX_X:0.000 RX_Y:0.000 RX_Z:0.000
[ZONE-ROUTE] CID:5 zone=1 edge_port=9998
[EDGE-RTT] CID:5 wall=1.0 ms  sim_delay=5.0 ms
>>> [UAV->CLOUD] BLK:3d1b|TX:7.0.0.9|CID:5|TS:20.772|SPD:25.2|HDG:0.4|PX:479.6|PY:-10.0|L...
[ECON-CLAWBACK] CID:5 ACT=WARN prior_payoff=-44.6 extra_penalty=5.0 new_payoff=-49.7
[FORGIVENESS] CID:5 WARN #17 — streak reset, benefits revoked
⚠ [CAR 5] ACT=WARN REP=0.642 RWD=0.000 PNL=5.102 CREDIT=-2
[PASSIVE-BEACON] SIMNOW:20.854 CID:4 ZONE:1 RXUAV:1 EDGEPORT:9998 TS:20.840 SPD:25.500 HDG:1.100 PX:422.100 PY:-50.000 LAN:5 BRK:1 RX_X:0.000 RX_Y:0.000 RX_Z:0.000
[ZONE-ROUTE] CID:4 zone=1 edge_port=9998
[EDGE-RTT] CID:4 wall=0.7 ms  sim_delay=5.0 ms
>>> [UAV->CLOUD] BLK:74dd|TX:7.0.0.8|CID:4|TS:20.840|SPD:25.5|HDG:1.1|PX:422.1|PY:-50.0|L...
[ECON-CLAWBACK] CID:4 ACT=WARN prior_payoff=8.4 extra_penalty=5.5 new_payoff=2.9
[FORGIVENESS] CID:4 WARN #2 — streak reset, benefits revoked
⚠ [CAR 4] ACT=WARN REP=0.632 RWD=0.000 PNL=5.559 CREDIT=-2
[PASSIVE-BEACON] SIMNOW:20.874 CID:2 ZONE:1 RXUAV:1 EDGEPORT:9998 TS:20.860 SPD:25.000 HDG:0.900 PX:441.900 PY:-30.000 LAN:3 BRK:0 RX_X:0.000 RX_Y:0.000 RX_Z:0.000
[ZONE-ROUTE] CID:2 zone=1 edge_port=9998
[EDGE-RTT] CID:2 wall=1.0 ms  sim_delay=5.0 ms
>>> [UAV->CLOUD] BLK:b882|TX:7.0.0.6|CID:2|TS:20.860|SPD:25.0|HDG:0.9|PX:441.9|PY:-30.0|L...
[PASSIVE-BEACON] SIMNOW:20.874 CID:1 ZONE:1 RXUAV:1 EDGEPORT:9998 TS:20.860 SPD:25.400 HDG:0.000 PX:452.500 PY:-20.000 LAN:2 BRK:0 RX_X:0.000 RX_Y:0.000 RX_Z:0.000
[ZONE-ROUTE] CID:1 zone=1 edge_port=9998
[EDGE-RTT] CID:1 wall=1.7 ms  sim_delay=5.0 ms
>>> [UAV->CLOUD] BLK:96b9|TX:7.0.0.5|CID:1|TS:20.860|SPD:25.4|HDG:0.0|PX:452.5|PY:-20.0|L...
[ECON-CLAWBACK] CID:1 ACT=WARN prior_payoff=-30.7 extra_penalty=4.2 new_payoff=-35.0
[FORGIVENESS] CID:1 WARN #14 — streak reset, benefits revoked
⚠ [CAR 1] ACT=WARN REP=0.688 RWD=0.000 PNL=4.352 CREDIT=-2
[ECON-CLAWBACK] CID:2 ACT=WARN prior_payoff=-15.459 extra_penalty=3.250 new_payoff=-18.810
[FORGIVENESS] CID:2 WARN #10 — streak reset, benefits revoked
⚠ [CAR 2] ACT=WARN REP=0.715 RWD=0.000 PNL=3.351 CREDIT=-2
[PASSIVE-BEACON] SIMNOW:20.914 CID:3 ZONE:1 RXUAV:1 EDGEPORT:9998 TS:20.900 SPD:25.400 HDG:-1.600 PX:433.700 PY:-40.000 LAN:4 BRK:0 RX_X:0.000 RX_Y:0.000 RX_Z:0.000
[ZONE-ROUTE] CID:3 zone=1 edge_port=9998
[EDGE-RTT] CID:3 wall=1.3 ms  sim_delay=5.0 ms
>>> [UAV->CLOUD] BLK:7614|TX:7.0.0.7|CID:3|TS:20.900|SPD:25.4|HDG:-1.6|PX:433.7|PY:-40.0|...
[PASSIVE-BEACON] SIMNOW:20.926 CID:8 ZONE:1 RXUAV:1 EDGEPORT:9998 TS:20.912 SPD:24.700 HDG:-1.100 PX:454.100 PY:-40.000 LAN:4 BRK:1 RX_X:0.000 RX_Y:0.000 RX_Z:0.000
[ZONE-ROUTE] CID:8 zone=1 edge_port=9998
[EDGE-RTT] CID:8 wall=1.0 ms  sim_delay=5.0 ms
>>> [UAV->CLOUD] BLK:70e3|TX:7.0.0.12|CID:8|TS:20.912|SPD:24.7|HDG:-1.1|PX:454.1|PY:-40.0...
[ECON-CLAWBACK] CID:3 ACT=WARN prior_payoff=-4.4 extra_penalty=2.2 new_payoff=-6.7
[FORGIVENESS] CID:3 WARN #6 — streak reset, benefits revoked
⚠ [CAR 3] ACT=WARN REP=0.627 RWD=0.000 PNL=2.352 CREDIT=-2
[ECON-CLAWBACK] CID:8 ACT=WARN prior_payoff=-6.783 extra_penalty=2.500 new_payoff=-9.383
[FORGIVENESS] CID:8 WARN #7 — streak reset, benefits revoked
⚠ [CAR 8] ACT=WARN REP=0.861 RWD=0.000 PNL=2.600 CREDIT=-2
[PASSIVE-BEACON] SIMNOW:21.096 CID:6 ZONE:1 RXUAV:1 EDGEPORT:9998 TS:21.082 SPD:24.800 HDG:-0.100 PX:477.400 PY:-20.000 LAN:2 BRK:0 RX_X:0.000 RX_Y:0.000 RX_Z:0.000
[ZONE-ROUTE] CID:6 zone=1 edge_port=9998
[EDGE-RTT] CID:6 wall=0.9 ms  sim_delay=5.0 ms
>>> [UAV->CLOUD] BLK:e959|TX:7.0.0.10|CID:6|TS:21.082|SPD:24.8|HDG:-0.1|PX:477.4|PY:-20.0...
[ECON-CLAWBACK] CID:6 ACT=WARN prior_payoff=-30.6 extra_penalty=4.2 new_payoff=-34.9
[FORGIVENESS] CID:6 WARN #14 — streak reset, benefits revoked
⚠ [CAR 6] ACT=WARN REP=0.636 RWD=0.000 PNL=4.351 CREDIT=-2
[PASSIVE-BEACON] SIMNOW:21.116 CID:9 ZONE:1 RXUAV:1 EDGEPORT:9998 TS:21.102 SPD:24.500 HDG:-1.200 PX:447.400 PY:-50.000 LAN:5 BRK:0 RX_X:0.000 RX_Y:0.000 RX_Z:0.000
[ZONE-ROUTE] CID:9 zone=1 edge_port=9998
[EDGE-RTT] CID:9 wall=1.0 ms  sim_delay=5.0 ms
>>> [UAV->CLOUD] BLK:040f|TX:7.0.0.13|CID:9|TS:21.102|SPD:24.5|HDG:-1.2|PX:447.4|PY:-50.0...
[ECON-CLAWBACK] CID:9 ACT=WARN prior_payoff=3.0 extra_penalty=3.0 new_payoff=-0.1
[FORGIVENESS] CID:9 WARN #3 — streak reset, benefits revoked
⚠ [CAR 9] ACT=WARN REP=0.715 RWD=0.000 PNL=3.090 CREDIT=-2
[PASSIVE-BEACON] SIMNOW:21.144 CID:0 ZONE:1 RXUAV:1 EDGEPORT:9998 TS:21.130 SPD:24.900 HDG:0.700 PX:469.000 PY:-10.000 LAN:1 BRK:0 RX_X:0.000 RX_Y:0.000 RX_Z:0.000
[ZONE-ROUTE] CID:0 zone=1 edge_port=9998
[EDGE-RTT] CID:0 wall=0.9 ms  sim_delay=5.0 ms
>>> [UAV->CLOUD] BLK:33da|TX:7.0.0.4|CID:0|TS:21.130|SPD:24.9|HDG:0.7|PX:469.0|PY:-10.0|L...
[ECON-CLAWBACK] CID:0 ACT=WARN prior_payoff=-55.1 extra_penalty=5.5 new_payoff=-60.7
[FORGIVENESS] CID:0 WARN #19 — streak reset, benefits revoked
⚠ [CAR 0] ACT=WARN REP=0.546 RWD=0.000 PNL=5.601 CREDIT=-2
[PASSIVE-BEACON] SIMNOW:21.256 CID:7 ZONE:1 RXUAV:1 EDGEPORT:9998 TS:21.242 SPD:24.900 HDG:0.800 PX:471.500 PY:-30.000 LAN:3 BRK:0 RX_X:0.000 RX_Y:0.000 RX_Z:0.000
[ZONE-ROUTE] CID:7 zone=1 edge_port=9998
[EDGE-RTT] CID:7 wall=1.1 ms  sim_delay=5.0 ms
>>> [UAV->CLOUD] BLK:ead3|TX:7.0.0.11|CID:7|TS:21.242|SPD:24.9|HDG:0.8|PX:471.5|PY:-30.0|...
[ECON-CLAWBACK] CID:7 ACT=WARN prior_payoff=-18.8 extra_penalty=3.5 new_payoff=-22.4
[FORGIVENESS] CID:7 WARN #11 — streak reset, benefits revoked
⚠ [CAR 7] ACT=WARN REP=0.739 RWD=0.000 PNL=3.601 CREDIT=-2
[PASSIVE-BEACON] SIMNOW:21.286 CID:5 ZONE:1 RXUAV:1 EDGEPORT:9998 TS:21.272 SPD:24.600 HDG:1.900 PX:492.900 PY:-10.000 LAN:1 BRK:0 RX_X:0.000 RX_Y:0.000 RX_Z:0.000
[ZONE-ROUTE] CID:5 zone=1 edge_port=9998
[EDGE-RTT] CID:5 wall=0.9 ms  sim_delay=5.0 ms
>>> [UAV->CLOUD] BLK:6faf|TX:7.0.0.9|CID:5|TS:21.272|SPD:24.6|HDG:1.9|PX:492.9|PY:-10.0|L...
[ECON-CLAWBACK] CID:5 ACT=WARN prior_payoff=-49.7 extra_penalty=5.2 new_payoff=-55.1
[FORGIVENESS] CID:5 WARN #18 — streak reset, benefits revoked
⚠ [CAR 5] ACT=WARN REP=0.636 RWD=0.000 PNL=5.350 CREDIT=-2
[PASSIVE-BEACON] SIMNOW:21.354 CID:4 ZONE:1 RXUAV:1 EDGEPORT:9998 TS:21.340 SPD:25.500 HDG:0.800 PX:434.800 PY:-50.000 LAN:5 BRK:0 RX_X:0.000 RX_Y:0.000 RX_Z:0.000
[ZONE-ROUTE] CID:4 zone=1 edge_port=9998
[EDGE-RTT] CID:4 wall=1.0 ms  sim_delay=5.0 ms
>>> [UAV->CLOUD] BLK:6808|TX:7.0.0.8|CID:4|TS:21.340|SPD:25.5|HDG:0.8|PX:434.8|PY:-50.0|L...
[ECON-CLAWBACK] CID:4 ACT=WARN prior_payoff=2.9 extra_penalty=2.9 new_payoff=-0.2
[FORGIVENESS] CID:4 WARN #3 — streak reset, benefits revoked
⚠ [CAR 4] ACT=WARN REP=0.816 RWD=0.000 PNL=3.031 CREDIT=-2
[PASSIVE-BEACON] SIMNOW:21.374 CID:2 ZONE:1 RXUAV:1 EDGEPORT:9998 TS:21.360 SPD:25.000 HDG:-0.900 PX:454.600 PY:-30.000 LAN:3 BRK:0 RX_X:0.000 RX_Y:0.000 RX_Z:0.000
[ZONE-ROUTE] CID:2 zone=1 edge_port=9998
[EDGE-RTT] CID:2 wall=1.0 ms  sim_delay=5.0 ms
>>> [UAV->CLOUD] BLK:c9f6|TX:7.0.0.6|CID:2|TS:21.360|SPD:25.0|HDG:-0.9|PX:454.6|PY:-30.0|...
[PASSIVE-BEACON] SIMNOW:21.374 CID:1 ZONE:1 RXUAV:1 EDGEPORT:9998 TS:21.360 SPD:25.300 HDG:1.700 PX:465.000 PY:-20.000 LAN:2 BRK:0 RX_X:0.000 RX_Y:0.000 RX_Z:0.000
[ZONE-ROUTE] CID:1 zone=1 edge_port=9998
[EDGE-RTT] CID:1 wall=2.7 ms  sim_delay=5.0 ms
>>> [UAV->CLOUD] BLK:0701|TX:7.0.0.5|CID:1|TS:21.360|SPD:25.3|HDG:1.7|PX:465.0|PY:-20.0|L...
[ECON-CLAWBACK] CID:2 ACT=WARN prior_payoff=-18.8 extra_penalty=3.5 new_payoff=-22.4
[FORGIVENESS] CID:2 WARN #11 — streak reset, benefits revoked
⚠ [CAR 2] ACT=WARN REP=0.767 RWD=0.000 PNL=3.601 CREDIT=-2
[ECON-CLAWBACK] CID:1 ACT=WARN prior_payoff=-35.023 extra_penalty=4.500 new_payoff=-39.626
[FORGIVENESS] CID:1 WARN #15 — streak reset, benefits revoked
⚠ [CAR 1] ACT=WARN REP=0.345 RWD=0.000 PNL=4.602 CREDIT=-2
[PASSIVE-BEACON] SIMNOW:21.414 CID:3 ZONE:1 RXUAV:1 EDGEPORT:9998 TS:21.400 SPD:24.600 HDG:-0.500 PX:445.000 PY:-40.000 LAN:4 BRK:0 RX_X:0.000 RX_Y:0.000 RX_Z:0.000
[ZONE-ROUTE] CID:3 zone=1 edge_port=9998
[EDGE-RTT] CID:3 wall=1.1 ms  sim_delay=5.0 ms
>>> [UAV->CLOUD] BLK:9034|TX:7.0.0.7|CID:3|TS:21.400|SPD:24.6|HDG:-0.5|PX:445.0|PY:-40.0|...
[PASSIVE-BEACON] SIMNOW:21.426 CID:8 ZONE:1 RXUAV:1 EDGEPORT:9998 TS:21.412 SPD:24.600 HDG:-0.700 PX:466.100 PY:-40.000 LAN:4 BRK:1 RX_X:0.000 RX_Y:0.000 RX_Z:0.000
[ZONE-ROUTE] CID:8 zone=1 edge_port=9998
[EDGE-RTT] CID:8 wall=1.0 ms  sim_delay=5.0 ms
>>> [UAV->CLOUD] BLK:3f17|TX:7.0.0.12|CID:8|TS:21.412|SPD:24.6|HDG:-0.7|PX:466.1|PY:-40.0...
[ECON-CLAWBACK] CID:3 ACT=WARN prior_payoff=-6.7 extra_penalty=2.5 new_payoff=-9.3
[FORGIVENESS] CID:3 WARN #7 — streak reset, benefits revoked
⚠ [CAR 3] ACT=WARN REP=0.425 RWD=0.000 PNL=2.599 CREDIT=-2
[ECON-CLAWBACK] CID:8 ACT=WARN prior_payoff=-9.383 extra_penalty=2.750 new_payoff=-12.232
[FORGIVENESS] CID:8 WARN #8 — streak reset, benefits revoked
⚠ [CAR 8] ACT=WARN REP=0.717 RWD=0.000 PNL=2.849 CREDIT=-2
[PASSIVE-BEACON] SIMNOW:21.596 CID:6 ZONE:1 RXUAV:1 EDGEPORT:9998 TS:21.582 SPD:24.600 HDG:0.600 PX:489.700 PY:-20.000 LAN:2 BRK:0 RX_X:0.000 RX_Y:0.000 RX_Z:0.000
[ZONE-ROUTE] CID:6 zone=1 edge_port=9998
[EDGE-RTT] CID:6 wall=1.2 ms  sim_delay=5.0 ms
>>> [UAV->CLOUD] BLK:e7be|TX:7.0.0.10|CID:6|TS:21.582|SPD:24.6|HDG:0.6|PX:489.7|PY:-20.0|...
[ECON-CLAWBACK] CID:6 ACT=WARN prior_payoff=-34.9 extra_penalty=4.5 new_payoff=-39.5
[FORGIVENESS] CID:6 WARN #15 — streak reset, benefits revoked
⚠ [CAR 6] ACT=WARN REP=0.626 RWD=0.000 PNL=4.600 CREDIT=-2
[PASSIVE-BEACON] SIMNOW:21.616 CID:9 ZONE:1 RXUAV:1 EDGEPORT:9998 TS:21.602 SPD:25.400 HDG:0.100 PX:461.300 PY:-50.000 LAN:5 BRK:0 RX_X:0.000 RX_Y:0.000 RX_Z:0.000
[ZONE-ROUTE] CID:9 zone=1 edge_port=9998
[EDGE-RTT] CID:9 wall=0.9 ms  sim_delay=5.0 ms
>>> [UAV->CLOUD] BLK:891e|TX:7.0.0.13|CID:9|TS:21.602|SPD:25.4|HDG:0.1|PX:461.3|PY:-50.0|...
[ECON-CLAWBACK] CID:9 ACT=WARN prior_payoff=-0.1 extra_penalty=1.8 new_payoff=-2.0
[FORGIVENESS] CID:9 WARN #4 — streak reset, benefits revoked
⚠ [CAR 9] ACT=WARN REP=0.944 RWD=0.000 PNL=1.851 CREDIT=-2
[PASSIVE-BEACON] SIMNOW:21.644 CID:0 ZONE:1 RXUAV:1 EDGEPORT:9998 TS:21.630 SPD:24.500 HDG:1.700 PX:482.100 PY:-10.000 LAN:1 BRK:0 RX_X:0.000 RX_Y:0.000 RX_Z:0.000
[ZONE-ROUTE] CID:0 zone=1 edge_port=9998
[EDGE-RTT] CID:0 wall=1.0 ms  sim_delay=5.0 ms
>>> [UAV->CLOUD] BLK:4b6b|TX:7.0.0.4|CID:0|TS:21.630|SPD:24.5|HDG:1.7|PX:482.1|PY:-10.0|L...
[ECON-CLAWBACK] CID:0 ACT=WARN prior_payoff=-60.7 extra_penalty=5.8 new_payoff=-66.6
[FORGIVENESS] CID:0 WARN #20 — streak reset, benefits revoked
⚠ [CAR 0] ACT=WARN REP=0.665 RWD=0.000 PNL=5.848 CREDIT=-2
[PASSIVE-BEACON] SIMNOW:21.756 CID:7 ZONE:1 RXUAV:1 EDGEPORT:9998 TS:21.742 SPD:25.100 HDG:1.600 PX:484.500 PY:-30.000 LAN:3 BRK:1 RX_X:0.000 RX_Y:0.000 RX_Z:0.000
[ZONE-ROUTE] CID:7 zone=1 edge_port=9998
[EDGE-RTT] CID:7 wall=1.0 ms  sim_delay=5.0 ms
>>> [UAV->CLOUD] BLK:239e|TX:7.0.0.11|CID:7|TS:21.742|SPD:25.1|HDG:1.6|PX:484.5|PY:-30.0|...
[ECON-CLAWBACK] CID:7 ACT=WARN prior_payoff=-22.4 extra_penalty=3.8 new_payoff=-26.3
[FORGIVENESS] CID:7 WARN #12 — streak reset, benefits revoked
⚠ [CAR 7] ACT=WARN REP=0.738 RWD=0.000 PNL=3.851 CREDIT=-2
[PASSIVE-BEACON] SIMNOW:21.786 CID:5 ZONE:1 RXUAV:1 EDGEPORT:9998 TS:21.772 SPD:24.700 HDG:-0.900 PX:505.000 PY:-10.000 LAN:1 BRK:0 RX_X:0.000 RX_Y:0.000 RX_Z:0.000
[ZONE-ROUTE] CID:5 zone=1 edge_port=9998
[EDGE-RTT] CID:5 wall=1.0 ms  sim_delay=5.0 ms
>>> [UAV->CLOUD] BLK:d629|TX:7.0.0.9|CID:5|TS:21.772|SPD:24.7|HDG:-0.9|PX:505.0|PY:-10.0|...
[ECON-CLAWBACK] CID:5 ACT=WARN prior_payoff=-55.1 extra_penalty=5.5 new_payoff=-60.7
[FORGIVENESS] CID:5 WARN #19 — streak reset, benefits revoked
⚠ [CAR 5] ACT=WARN REP=0.646 RWD=0.000 PNL=5.600 CREDIT=-2
[PASSIVE-BEACON] SIMNOW:21.854 CID:4 ZONE:1 RXUAV:1 EDGEPORT:9998 TS:21.840 SPD:25.300 HDG:1.500 PX:447.100 PY:-50.000 LAN:5 BRK:1 RX_X:0.000 RX_Y:0.000 RX_Z:0.000
[ZONE-ROUTE] CID:4 zone=1 edge_port=9998
[EDGE-RTT] CID:4 wall=1.1 ms  sim_delay=5.0 ms
>>> [UAV->CLOUD] BLK:af87|TX:7.0.0.8|CID:4|TS:21.840|SPD:25.3|HDG:1.5|PX:447.1|PY:-50.0|L...
[ECON-CLAWBACK] CID:4 ACT=WARN prior_payoff=-0.2 extra_penalty=1.8 new_payoff=-2.0
[FORGIVENESS] CID:4 WARN #4 — streak reset, benefits revoked
⚠ [CAR 4] ACT=WARN REP=0.831 RWD=0.000 PNL=1.851 CREDIT=-2
[PASSIVE-BEACON] SIMNOW:21.874 CID:2 ZONE:1 RXUAV:1 EDGEPORT:9998 TS:21.860 SPD:25.100 HDG:-1.700 PX:467.000 PY:-30.000 LAN:3 BRK:0 RX_X:0.000 RX_Y:0.000 RX_Z:0.000
[ZONE-ROUTE] CID:2 zone=1 edge_port=9998
[EDGE-RTT] CID:2 wall=1.1 ms  sim_delay=5.0 ms
>>> [UAV->CLOUD] BLK:474f|TX:7.0.0.6|CID:2|TS:21.860|SPD:25.1|HDG:-1.7|PX:467.0|PY:-30.0|...
[PASSIVE-BEACON] SIMNOW:21.874 CID:1 ZONE:1 RXUAV:1 EDGEPORT:9998 TS:21.860 SPD:24.700 HDG:-0.200 PX:476.700 PY:-20.000 LAN:2 BRK:1 RX_X:0.000 RX_Y:0.000 RX_Z:0.000
[ZONE-ROUTE] CID:1 zone=1 edge_port=9998
[EDGE-RTT] CID:1 wall=2.4 ms  sim_delay=5.0 ms
>>> [UAV->CLOUD] BLK:03b4|TX:7.0.0.5|CID:1|TS:21.860|SPD:24.7|HDG:-0.2|PX:476.7|PY:-20.0|...
[ECON-CLAWBACK] CID:2 ACT=WARN prior_payoff=-22.4 extra_penalty=3.8 new_payoff=-26.3
[FORGIVENESS] CID:2 WARN #12 — streak reset, benefits revoked
⚠ [CAR 2] ACT=WARN REP=0.477 RWD=0.000 PNL=3.852 CREDIT=-2
[ECON-CLAWBACK] CID:1 ACT=WARN prior_payoff=-39.626 extra_penalty=4.750 new_payoff=-44.476
[FORGIVENESS] CID:1 WARN #16 — streak reset, benefits revoked
⚠ [CAR 1] ACT=WARN REP=0.639 RWD=0.000 PNL=4.850 CREDIT=-2
[PASSIVE-BEACON] SIMNOW:21.914 CID:3 ZONE:1 RXUAV:1 EDGEPORT:9998 TS:21.900 SPD:25.200 HDG:-1.000 PX:457.800 PY:-40.000 LAN:4 BRK:1 RX_X:0.000 RX_Y:0.000 RX_Z:0.000
[ZONE-ROUTE] CID:3 zone=1 edge_port=9998
[EDGE-RTT] CID:3 wall=0.9 ms  sim_delay=5.0 ms
>>> [UAV->CLOUD] BLK:8415|TX:7.0.0.7|CID:3|TS:21.900|SPD:25.2|HDG:-1.0|PX:457.8|PY:-40.0|...
[PASSIVE-BEACON] SIMNOW:21.926 CID:8 ZONE:1 RXUAV:1 EDGEPORT:9998 TS:21.912 SPD:24.800 HDG:-0.600 PX:478.300 PY:-40.000 LAN:4 BRK:0 RX_X:0.000 RX_Y:0.000 RX_Z:0.000
[ZONE-ROUTE] CID:8 zone=1 edge_port=9998
[EDGE-RTT] CID:8 wall=0.9 ms  sim_delay=5.0 ms
>>> [UAV->CLOUD] BLK:9a60|TX:7.0.0.12|CID:8|TS:21.912|SPD:24.8|HDG:-0.6|PX:478.3|PY:-40.0...
[ECON-CLAWBACK] CID:3 ACT=WARN prior_payoff=-9.3 extra_penalty=2.8 new_payoff=-12.2
[FORGIVENESS] CID:3 WARN #8 — streak reset, benefits revoked
⚠ [CAR 3] ACT=WARN REP=0.957 RWD=0.000 PNL=2.852 CREDIT=-2
[ECON-CLAWBACK] CID:8 ACT=WARN prior_payoff=-12.232 extra_penalty=3.000 new_payoff=-15.332
[FORGIVENESS] CID:8 WARN #9 — streak reset, benefits revoked
⚠ [CAR 8] ACT=WARN REP=0.885 RWD=0.000 PNL=3.100 CREDIT=-2
[PASSIVE-BEACON] SIMNOW:22.096 CID:6 ZONE:1 RXUAV:1 EDGEPORT:9998 TS:22.082 SPD:25.100 HDG:-1.800 PX:503.400 PY:-20.000 LAN:2 BRK:0 RX_X:0.000 RX_Y:0.000 RX_Z:0.000
[ZONE-ROUTE] CID:6 zone=1 edge_port=9998
[EDGE-RTT] CID:6 wall=1.2 ms  sim_delay=5.0 ms
>>> [UAV->CLOUD] BLK:b38e|TX:7.0.0.10|CID:6|TS:22.082|SPD:25.1|HDG:-1.8|PX:503.4|PY:-20.0...
[ECON-CLAWBACK] CID:6 ACT=WARN prior_payoff=-39.5 extra_penalty=4.8 new_payoff=-44.4
[FORGIVENESS] CID:6 WARN #16 — streak reset, benefits revoked
⚠ [CAR 6] ACT=WARN REP=0.867 RWD=0.000 PNL=4.852 CREDIT=-2
[PASSIVE-BEACON] SIMNOW:22.115 CID:9 ZONE:1 RXUAV:1 EDGEPORT:9998 TS:22.102 SPD:25.400 HDG:0.400 PX:473.800 PY:-50.000 LAN:5 BRK:1 RX_X:0.000 RX_Y:0.000 RX_Z:0.000
[ZONE-ROUTE] CID:9 zone=1 edge_port=9998
[EDGE-RTT] CID:9 wall=0.9 ms  sim_delay=5.0 ms
>>> [UAV->CLOUD] BLK:eea4|TX:7.0.0.13|CID:9|TS:22.102|SPD:25.4|HDG:0.4|PX:473.8|PY:-50.0|...
[ECON-CLAWBACK] CID:9 ACT=WARN prior_payoff=-2.0 extra_penalty=2.0 new_payoff=-4.1
[FORGIVENESS] CID:9 WARN #5 — streak reset, benefits revoked
⚠ [CAR 9] ACT=WARN REP=0.831 RWD=0.000 PNL=2.102 CREDIT=-2
[PASSIVE-BEACON] SIMNOW:22.144 CID:0 ZONE:1 RXUAV:1 EDGEPORT:9998 TS:22.130 SPD:25.300 HDG:-0.800 PX:493.300 PY:-10.000 LAN:1 BRK:0 RX_X:0.000 RX_Y:0.000 RX_Z:0.000
[ZONE-ROUTE] CID:0 zone=1 edge_port=9998
[EDGE-RTT] CID:0 wall=1.1 ms  sim_delay=5.0 ms
>>> [UAV->CLOUD] BLK:06e7|TX:7.0.0.4|CID:0|TS:22.130|SPD:25.3|HDG:-0.8|PX:493.3|PY:-10.0|...
[ECON-CLAWBACK] CID:0 ACT=WARN prior_payoff=-66.6 extra_penalty=6.0 new_payoff=-72.7
[FORGIVENESS] CID:0 WARN #21 — streak reset, benefits revoked
⚠ [CAR 0] ACT=WARN REP=0.457 RWD=0.000 PNL=6.102 CREDIT=-2
[PASSIVE-BEACON] SIMNOW:22.256 CID:7 ZONE:1 RXUAV:1 EDGEPORT:9998 TS:22.242 SPD:24.500 HDG:-1.400 PX:496.200 PY:-30.000 LAN:3 BRK:0 RX_X:0.000 RX_Y:0.000 RX_Z:0.000
[ZONE-ROUTE] CID:7 zone=1 edge_port=9998
[EDGE-RTT] CID:7 wall=1.1 ms  sim_delay=5.0 ms
>>> [UAV->CLOUD] BLK:3626|TX:7.0.0.11|CID:7|TS:22.242|SPD:24.5|HDG:-1.4|PX:496.2|PY:-30.0...
[ECON-CLAWBACK] CID:7 ACT=WARN prior_payoff=-26.3 extra_penalty=4.0 new_payoff=-30.4
[FORGIVENESS] CID:7 WARN #13 — streak reset, benefits revoked
⚠ [CAR 7] ACT=WARN REP=0.709 RWD=0.000 PNL=4.099 CREDIT=-2
[PASSIVE-BEACON] SIMNOW:22.286 CID:5 ZONE:1 RXUAV:1 EDGEPORT:9998 TS:22.272 SPD:24.900 HDG:1.900 PX:517.800 PY:-10.000 LAN:1 BRK:1 RX_X:0.000 RX_Y:0.000 RX_Z:0.000
[ZONE-ROUTE] CID:5 zone=1 edge_port=9998
[EDGE-RTT] CID:5 wall=1.2 ms  sim_delay=5.0 ms
>>> [UAV->CLOUD] BLK:7554|TX:7.0.0.9|CID:5|TS:22.272|SPD:24.9|HDG:1.9|PX:517.8|PY:-10.0|L...
[ECON-CLAWBACK] CID:5 ACT=WARN prior_payoff=-60.7 extra_penalty=5.8 new_payoff=-66.5
[FORGIVENESS] CID:5 WARN #20 — streak reset, benefits revoked
⚠ [CAR 5] ACT=WARN REP=0.626 RWD=0.000 PNL=5.851 CREDIT=-2
[PASSIVE-BEACON] SIMNOW:22.354 CID:4 ZONE:1 RXUAV:1 EDGEPORT:9998 TS:22.340 SPD:25.300 HDG:1.000 PX:459.700 PY:-50.000 LAN:5 BRK:0 RX_X:0.000 RX_Y:0.000 RX_Z:0.000
[ZONE-ROUTE] CID:4 zone=1 edge_port=9998
[EDGE-RTT] CID:4 wall=1.0 ms  sim_delay=5.0 ms
>>> [UAV->CLOUD] BLK:2eb8|TX:7.0.0.8|CID:4|TS:22.340|SPD:25.3|HDG:1.0|PX:459.7|PY:-50.0|L...
[ECON-CLAWBACK] CID:4 ACT=WARN prior_payoff=-2.0 extra_penalty=2.0 new_payoff=-4.1
[FORGIVENESS] CID:4 WARN #5 — streak reset, benefits revoked
⚠ [CAR 4] ACT=WARN REP=0.584 RWD=0.000 PNL=2.102 CREDIT=-2
[PASSIVE-BEACON] SIMNOW:22.374 CID:2 ZONE:1 RXUAV:1 EDGEPORT:9998 TS:22.360 SPD:24.800 HDG:0.200 PX:480.100 PY:-30.000 LAN:3 BRK:0 RX_X:0.000 RX_Y:0.000 RX_Z:0.000
[ZONE-ROUTE] CID:2 zone=1 edge_port=9998
[EDGE-RTT] CID:2 wall=1.2 ms  sim_delay=5.0 ms
>>> [UAV->CLOUD] BLK:b7a6|TX:7.0.0.6|CID:2|TS:22.360|SPD:24.8|HDG:0.2|PX:480.1|PY:-30.0|L...
[PASSIVE-BEACON] SIMNOW:22.374 CID:1 ZONE:1 RXUAV:1 EDGEPORT:9998 TS:22.360 SPD:24.700 HDG:-0.700 PX:490.000 PY:-20.000 LAN:2 BRK:0 RX_X:0.000 RX_Y:0.000 RX_Z:0.000
[ZONE-ROUTE] CID:1 zone=1 edge_port=9998
[EDGE-RTT] CID:1 wall=1.6 ms  sim_delay=5.0 ms
>>> [UAV->CLOUD] BLK:421c|TX:7.0.0.5|CID:1|TS:22.360|SPD:24.7|HDG:-0.7|PX:490.0|PY:-20.0|...
[ECON-CLAWBACK] CID:1 ACT=WARN prior_payoff=-44.5 extra_penalty=5.0 new_payoff=-49.6
[FORGIVENESS] CID:1 WARN #17 — streak reset, benefits revoked
⚠ [CAR 1] ACT=WARN REP=0.670 RWD=0.000 PNL=5.100 CREDIT=-2
[ECON-CLAWBACK] CID:2 ACT=WARN prior_payoff=-26.263 extra_penalty=4.000 new_payoff=-30.363
[FORGIVENESS] CID:2 WARN #13 — streak reset, benefits revoked
⚠ [CAR 2] ACT=WARN REP=0.638 RWD=0.000 PNL=4.100 CREDIT=-2
[PASSIVE-BEACON] SIMNOW:22.414 CID:3 ZONE:1 RXUAV:1 EDGEPORT:9998 TS:22.400 SPD:25.200 HDG:-1.600 PX:470.300 PY:-40.000 LAN:4 BRK:0 RX_X:0.000 RX_Y:0.000 RX_Z:0.000
[ZONE-ROUTE] CID:3 zone=1 edge_port=9998
[EDGE-RTT] CID:3 wall=0.9 ms  sim_delay=5.0 ms
>>> [UAV->CLOUD] BLK:4b8e|TX:7.0.0.7|CID:3|TS:22.400|SPD:25.2|HDG:-1.6|PX:470.3|PY:-40.0|...
[PASSIVE-BEACON] SIMNOW:22.426 CID:8 ZONE:1 RXUAV:1 EDGEPORT:9998 TS:22.412 SPD:24.600 HDG:-1.500 PX:490.900 PY:-40.000 LAN:4 BRK:0 RX_X:0.000 RX_Y:0.000 RX_Z:0.000
[ZONE-ROUTE] CID:8 zone=1 edge_port=9998
[EDGE-RTT] CID:8 wall=1.0 ms  sim_delay=5.0 ms
>>> [UAV->CLOUD] BLK:dd0f|TX:7.0.0.12|CID:8|TS:22.412|SPD:24.6|HDG:-1.5|PX:490.9|PY:-40.0...
[ECON-CLAWBACK] CID:3 ACT=WARN prior_payoff=-12.2 extra_penalty=3.0 new_payoff=-15.3
[FORGIVENESS] CID:3 WARN #9 — streak reset, benefits revoked
⚠ [CAR 3] ACT=WARN REP=0.617 RWD=0.000 PNL=3.102 CREDIT=-2
[ECON-CLAWBACK] CID:8 ACT=WARN prior_payoff=-15.332 extra_penalty=3.250 new_payoff=-18.681
[FORGIVENESS] CID:8 WARN #10 — streak reset, benefits revoked
⚠ [CAR 8] ACT=WARN REP=0.689 RWD=0.000 PNL=3.349 CREDIT=-2
[PASSIVE-BEACON] SIMNOW:22.596 CID:6 ZONE:1 RXUAV:1 EDGEPORT:9998 TS:22.582 SPD:24.900 HDG:-1.000 PX:514.600 PY:-20.000 LAN:2 BRK:1 RX_X:0.000 RX_Y:0.000 RX_Z:0.000
[ZONE-ROUTE] CID:6 zone=1 edge_port=9998
[EDGE-RTT] CID:6 wall=1.2 ms  sim_delay=5.0 ms
>>> [UAV->CLOUD] BLK:bbaf|TX:7.0.0.10|CID:6|TS:22.582|SPD:24.9|HDG:-1.0|PX:514.6|PY:-20.0...
[ECON-CLAWBACK] CID:6 ACT=WARN prior_payoff=-44.4 extra_penalty=5.0 new_payoff=-49.5
[FORGIVENESS] CID:6 WARN #17 — streak reset, benefits revoked
⚠ [CAR 6] ACT=WARN REP=0.683 RWD=0.000 PNL=5.101 CREDIT=-2
[PASSIVE-BEACON] SIMNOW:22.616 CID:9 ZONE:1 RXUAV:1 EDGEPORT:9998 TS:22.602 SPD:25.100 HDG:-1.000 PX:485.800 PY:-50.000 LAN:5 BRK:0 RX_X:0.000 RX_Y:0.000 RX_Z:0.000
[ZONE-ROUTE] CID:9 zone=1 edge_port=9998
[EDGE-RTT] CID:9 wall=1.1 ms  sim_delay=5.0 ms
>>> [UAV->CLOUD] BLK:1de1|TX:7.0.0.13|CID:9|TS:22.602|SPD:25.1|HDG:-1.0|PX:485.8|PY:-50.0...
[ECON-CLAWBACK] CID:9 ACT=WARN prior_payoff=-4.1 extra_penalty=2.2 new_payoff=-6.4
[FORGIVENESS] CID:9 WARN #6 — streak reset, benefits revoked
⚠ [CAR 9] ACT=WARN REP=0.897 RWD=0.000 PNL=2.352 CREDIT=-2
[PASSIVE-BEACON] SIMNOW:22.644 CID:0 ZONE:1 RXUAV:1 EDGEPORT:9998 TS:22.630 SPD:25.400 HDG:-1.500 PX:506.400 PY:-10.000 LAN:1 BRK:1 RX_X:0.000 RX_Y:0.000 RX_Z:0.000
[ZONE-ROUTE] CID:0 zone=1 edge_port=9998
[EDGE-RTT] CID:0 wall=1.2 ms  sim_delay=5.0 ms
>>> [UAV->CLOUD] BLK:1041|TX:7.0.0.4|CID:0|TS:22.630|SPD:25.4|HDG:-1.5|PX:506.4|PY:-10.0|...
[ECON-CLAWBACK] CID:0 ACT=WARN prior_payoff=-72.7 extra_penalty=6.2 new_payoff=-79.0
[FORGIVENESS] CID:0 WARN #22 — streak reset, benefits revoked
⚠ [CAR 0] ACT=WARN REP=0.432 RWD=0.000 PNL=6.352 CREDIT=-2
[PASSIVE-BEACON] SIMNOW:22.756 CID:7 ZONE:1 RXUAV:1 EDGEPORT:9998 TS:22.742 SPD:25.100 HDG:2.000 PX:509.700 PY:-30.000 LAN:3 BRK:0 RX_X:0.000 RX_Y:0.000 RX_Z:0.000
[ZONE-ROUTE] CID:7 zone=1 edge_port=9998
[EDGE-RTT] CID:7 wall=1.1 ms  sim_delay=5.0 ms
>>> [UAV->CLOUD] BLK:6bba|TX:7.0.0.11|CID:7|TS:22.742|SPD:25.1|HDG:2.0|PX:509.7|PY:-30.0|...
[ECON-CLAWBACK] CID:7 ACT=WARN prior_payoff=-30.4 extra_penalty=4.2 new_payoff=-34.7
[FORGIVENESS] CID:7 WARN #14 — streak reset, benefits revoked
⚠ [CAR 7] ACT=WARN REP=0.528 RWD=0.000 PNL=4.351 CREDIT=-2
[PASSIVE-BEACON] SIMNOW:22.786 CID:5 ZONE:1 RXUAV:1 EDGEPORT:9998 TS:22.772 SPD:24.500 HDG:1.500 PX:529.500 PY:-10.000 LAN:1 BRK:0 RX_X:0.000 RX_Y:0.000 RX_Z:0.000
[ZONE-ROUTE] CID:5 zone=1 edge_port=9998
[EDGE-RTT] CID:5 wall=1.1 ms  sim_delay=5.0 ms
>>> [UAV->CLOUD] BLK:ca53|TX:7.0.0.9|CID:5|TS:22.772|SPD:24.5|HDG:1.5|PX:529.5|PY:-10.0|L...
[ECON-CLAWBACK] CID:5 ACT=WARN prior_payoff=-66.5 extra_penalty=6.0 new_payoff=-72.6
[FORGIVENESS] CID:5 WARN #21 — streak reset, benefits revoked
⚠ [CAR 5] ACT=WARN REP=0.387 RWD=0.000 PNL=6.099 CREDIT=-2
[PASSIVE-BEACON] SIMNOW:22.854 CID:4 ZONE:1 RXUAV:1 EDGEPORT:9998 TS:22.840 SPD:24.900 HDG:-2.000 PX:471.900 PY:-50.000 LAN:5 BRK:0 RX_X:0.000 RX_Y:0.000 RX_Z:0.000
[ZONE-ROUTE] CID:4 zone=1 edge_port=9998
[EDGE-RTT] CID:4 wall=1.3 ms  sim_delay=5.0 ms
>>> [UAV->CLOUD] BLK:a3cf|TX:7.0.0.8|CID:4|TS:22.840|SPD:24.9|HDG:-2.0|PX:471.9|PY:-50.0|...
[ECON-CLAWBACK] CID:4 ACT=WARN prior_payoff=-4.1 extra_penalty=2.2 new_payoff=-6.5
[FORGIVENESS] CID:4 WARN #6 — streak reset, benefits revoked
⚠ [CAR 4] ACT=WARN REP=1.000 RWD=0.000 PNL=2.351 CREDIT=-2
[PASSIVE-BEACON] SIMNOW:22.874 CID:2 ZONE:1 RXUAV:1 EDGEPORT:9998 TS:22.860 SPD:24.800 HDG:-1.800 PX:491.600 PY:-30.000 LAN:3 BRK:0 RX_X:0.000 RX_Y:0.000 RX_Z:0.000
[ZONE-ROUTE] CID:2 zone=1 edge_port=9998
[EDGE-RTT] CID:2 wall=1.1 ms  sim_delay=5.0 ms
>>> [UAV->CLOUD] BLK:aa0c|TX:7.0.0.6|CID:2|TS:22.860|SPD:24.8|HDG:-1.8|PX:491.6|PY:-30.0|...
[PASSIVE-BEACON] SIMNOW:22.874 CID:1 ZONE:1 RXUAV:1 EDGEPORT:9998 TS:22.860 SPD:25.000 HDG:-1.700 PX:502.200 PY:-20.000 LAN:2 BRK:0 RX_X:0.000 RX_Y:0.000 RX_Z:0.000
[ZONE-ROUTE] CID:1 zone=1 edge_port=9998
[EDGE-RTT] CID:1 wall=3.1 ms  sim_delay=5.0 ms
>>> [UAV->CLOUD] BLK:f9d7|TX:7.0.0.5|CID:1|TS:22.860|SPD:25.0|HDG:-1.7|PX:502.2|PY:-20.0|...
[ECON-CLAWBACK] CID:2 ACT=WARN prior_payoff=-30.4 extra_penalty=4.2 new_payoff=-34.7
[FORGIVENESS] CID:2 WARN #14 — streak reset, benefits revoked
⚠ [CAR 2] ACT=WARN REP=0.701 RWD=0.000 PNL=4.350 CREDIT=-2
[ECON-CLAWBACK] CID:1 ACT=WARN prior_payoff=-49.576 extra_penalty=5.250 new_payoff=-54.927
[FORGIVENESS] CID:1 WARN #18 — streak reset, benefits revoked
⚠ [CAR 1] ACT=WARN REP=0.510 RWD=0.000 PNL=5.351 CREDIT=-2
[PASSIVE-BEACON] SIMNOW:22.914 CID:3 ZONE:1 RXUAV:1 EDGEPORT:9998 TS:22.900 SPD:24.600 HDG:0.000 PX:483.500 PY:-40.000 LAN:4 BRK:0 RX_X:0.000 RX_Y:0.000 RX_Z:0.000
[ZONE-ROUTE] CID:3 zone=1 edge_port=9998
[EDGE-RTT] CID:3 wall=1.2 ms  sim_delay=5.0 ms
>>> [UAV->CLOUD] BLK:9bb2|TX:7.0.0.7|CID:3|TS:22.900|SPD:24.6|HDG:0.0|PX:483.5|PY:-40.0|L...
[PASSIVE-BEACON] SIMNOW:22.926 CID:8 ZONE:1 RXUAV:1 EDGEPORT:9998 TS:22.912 SPD:24.500 HDG:-0.400 PX:503.600 PY:-40.000 LAN:4 BRK:0 RX_X:0.000 RX_Y:0.000 RX_Z:0.000
[ZONE-ROUTE] CID:8 zone=1 edge_port=9998
[EDGE-RTT] CID:8 wall=1.2 ms  sim_delay=5.0 ms
>>> [UAV->CLOUD] BLK:b61a|TX:7.0.0.12|CID:8|TS:22.912|SPD:24.5|HDG:-0.4|PX:503.6|PY:-40.0...
[ECON-CLAWBACK] CID:3 ACT=WARN prior_payoff=-15.3 extra_penalty=3.2 new_payoff=-18.6
[FORGIVENESS] CID:3 WARN #10 — streak reset, benefits revoked
⚠ [CAR 3] ACT=WARN REP=0.563 RWD=0.000 PNL=3.350 CREDIT=-2
[ECON-CLAWBACK] CID:8 ACT=WARN prior_payoff=-18.681 extra_penalty=3.500 new_payoff=-22.279
[FORGIVENESS] CID:8 WARN #11 — streak reset, benefits revoked
⚠ [CAR 8] ACT=WARN REP=0.332 RWD=0.000 PNL=3.598 CREDIT=-2
[PASSIVE-BEACON] SIMNOW:23.096 CID:6 ZONE:1 RXUAV:1 EDGEPORT:9998 TS:23.082 SPD:25.400 HDG:-0.600 PX:527.000 PY:-20.000 LAN:2 BRK:0 RX_X:0.000 RX_Y:0.000 RX_Z:0.000
[ZONE-ROUTE] CID:6 zone=1 edge_port=9998
[EDGE-RTT] CID:6 wall=1.2 ms  sim_delay=5.0 ms
>>> [UAV->CLOUD] BLK:8393|TX:7.0.0.10|CID:6|TS:23.082|SPD:25.4|HDG:-0.6|PX:527.0|PY:-20.0...
[ECON-CLAWBACK] CID:6 ACT=WARN prior_payoff=-49.5 extra_penalty=5.2 new_payoff=-54.8
[FORGIVENESS] CID:6 WARN #18 — streak reset, benefits revoked
⚠ [CAR 6] ACT=WARN REP=0.429 RWD=0.000 PNL=5.352 CREDIT=-2
[PASSIVE-BEACON] SIMNOW:23.116 CID:9 ZONE:1 RXUAV:1 EDGEPORT:9998 TS:23.102 SPD:25.100 HDG:1.100 PX:498.200 PY:-50.000 LAN:5 BRK:0 RX_X:0.000 RX_Y:0.000 RX_Z:0.000
[ZONE-ROUTE] CID:9 zone=1 edge_port=9998
[EDGE-RTT] CID:9 wall=1.1 ms  sim_delay=5.0 ms
>>> [UAV->CLOUD] BLK:7a53|TX:7.0.0.13|CID:9|TS:23.102|SPD:25.1|HDG:1.1|PX:498.2|PY:-50.0|...
[ECON-CLAWBACK] CID:9 ACT=WARN prior_payoff=-6.4 extra_penalty=2.5 new_payoff=-9.0
[FORGIVENESS] CID:9 WARN #7 — streak reset, benefits revoked
⚠ [CAR 9] ACT=WARN REP=0.447 RWD=0.000 PNL=2.602 CREDIT=-2
[PASSIVE-BEACON] SIMNOW:23.144 CID:0 ZONE:1 RXUAV:1 EDGEPORT:9998 TS:23.130 SPD:24.700 HDG:0.800 PX:518.700 PY:-10.000 LAN:1 BRK:0 RX_X:0.000 RX_Y:0.000 RX_Z:0.000
[ZONE-ROUTE] CID:0 zone=1 edge_port=9998
[EDGE-RTT] CID:0 wall=0.9 ms  sim_delay=5.0 ms
>>> [UAV->CLOUD] BLK:4a6d|TX:7.0.0.4|CID:0|TS:23.130|SPD:24.7|HDG:0.8|PX:518.7|PY:-10.0|L...
[ECON-CLAWBACK] CID:0 ACT=WARN prior_payoff=-79.0 extra_penalty=6.5 new_payoff=-85.6
[FORGIVENESS] CID:0 WARN #23 — streak reset, benefits revoked
⚠ [CAR 0] ACT=WARN REP=0.270 RWD=0.000 PNL=6.600 CREDIT=-2
[PASSIVE-BEACON] SIMNOW:23.256 CID:7 ZONE:1 RXUAV:1 EDGEPORT:9998 TS:23.242 SPD:25.300 HDG:0.700 PX:522.000 PY:-30.000 LAN:3 BRK:0 RX_X:0.000 RX_Y:0.000 RX_Z:0.000
[ZONE-ROUTE] CID:7 zone=1 edge_port=9998
[EDGE-RTT] CID:7 wall=1.0 ms  sim_delay=5.0 ms
>>> [UAV->CLOUD] BLK:06f2|TX:7.0.0.11|CID:7|TS:23.242|SPD:25.3|HDG:0.7|PX:522.0|PY:-30.0|...
[ECON-CLAWBACK] CID:7 ACT=WARN prior_payoff=-34.7 extra_penalty=4.5 new_payoff=-39.3
[FORGIVENESS] CID:7 WARN #15 — streak reset, benefits revoked
⚠ [CAR 7] ACT=WARN REP=0.657 RWD=0.000 PNL=4.602 CREDIT=-2
[PASSIVE-BEACON] SIMNOW:23.286 CID:5 ZONE:1 RXUAV:1 EDGEPORT:9998 TS:23.272 SPD:25.200 HDG:-1.600 PX:542.600 PY:-10.000 LAN:1 BRK:0 RX_X:0.000 RX_Y:0.000 RX_Z:0.000
[ZONE-ROUTE] CID:5 zone=1 edge_port=9998
[EDGE-RTT] CID:5 wall=1.2 ms  sim_delay=5.0 ms
>>> [UAV->CLOUD] BLK:e5ef|TX:7.0.0.9|CID:5|TS:23.272|SPD:25.2|HDG:-1.6|PX:542.6|PY:-10.0|...
[ECON-CLAWBACK] CID:5 ACT=WARN prior_payoff=-72.6 extra_penalty=6.2 new_payoff=-79.0
[FORGIVENESS] CID:5 WARN #22 — streak reset, benefits revoked
⚠ [CAR 5] ACT=WARN REP=0.269 RWD=0.000 PNL=6.352 CREDIT=-2
[PASSIVE-BEACON] SIMNOW:23.354 CID:4 ZONE:1 RXUAV:1 EDGEPORT:9998 TS:23.340 SPD:25.300 HDG:-1.200 PX:484.300 PY:-50.000 LAN:5 BRK:1 RX_X:0.000 RX_Y:0.000 RX_Z:0.000
[ZONE-ROUTE] CID:4 zone=1 edge_port=9998
[EDGE-RTT] CID:4 wall=1.1 ms  sim_delay=5.0 ms
>>> [UAV->CLOUD] BLK:66be|TX:7.0.0.8|CID:4|TS:23.340|SPD:25.3|HDG:-1.2|PX:484.3|PY:-50.0|...
[ECON-CLAWBACK] CID:4 ACT=WARN prior_payoff=-6.5 extra_penalty=2.5 new_payoff=-9.1
[FORGIVENESS] CID:4 WARN #7 — streak reset, benefits revoked
⚠ [CAR 4] ACT=WARN REP=0.487 RWD=0.000 PNL=2.602 CREDIT=-2
[PASSIVE-BEACON] SIMNOW:23.374 CID:2 ZONE:1 RXUAV:1 EDGEPORT:9998 TS:23.360 SPD:24.900 HDG:1.000 PX:504.300 PY:-30.000 LAN:3 BRK:1 RX_X:0.000 RX_Y:0.000 RX_Z:0.000
[ZONE-ROUTE] CID:2 zone=1 edge_port=9998
[EDGE-RTT] CID:2 wall=1.1 ms  sim_delay=5.0 ms
>>> [UAV->CLOUD] BLK:a501|TX:7.0.0.6|CID:2|TS:23.360|SPD:24.9|HDG:1.0|PX:504.3|PY:-30.0|L...
[PASSIVE-BEACON] SIMNOW:23.374 CID:1 ZONE:1 RXUAV:1 EDGEPORT:9998 TS:23.360 SPD:25.300 HDG:1.100 PX:514.100 PY:-20.000 LAN:2 BRK:0 RX_X:0.000 RX_Y:0.000 RX_Z:0.000
[ZONE-ROUTE] CID:1 zone=1 edge_port=9998
[EDGE-RTT] CID:1 wall=1.9 ms  sim_delay=5.0 ms
>>> [UAV->CLOUD] BLK:a4fb|TX:7.0.0.5|CID:1|TS:23.360|SPD:25.3|HDG:1.1|PX:514.1|PY:-20.0|L...
[ECON-CLAWBACK] CID:1 ACT=WARN prior_payoff=-54.9 extra_penalty=5.5 new_payoff=-60.5
[FORGIVENESS] CID:1 WARN #19 — streak reset, benefits revoked
⚠ [CAR 1] ACT=WARN REP=0.446 RWD=0.000 PNL=5.602 CREDIT=-2
[ECON-CLAWBACK] CID:2 ACT=WARN prior_payoff=-34.713 extra_penalty=4.500 new_payoff=-39.314
[FORGIVENESS] CID:2 WARN #15 — streak reset, benefits revoked
⚠ [CAR 2] ACT=WARN REP=0.583 RWD=0.000 PNL=4.601 CREDIT=-2
[PASSIVE-BEACON] SIMNOW:23.414 CID:3 ZONE:1 RXUAV:1 EDGEPORT:9998 TS:23.400 SPD:25.100 HDG:-1.600 PX:495.500 PY:-40.000 LAN:4 BRK:0 RX_X:0.000 RX_Y:0.000 RX_Z:0.000
[ZONE-ROUTE] CID:3 zone=1 edge_port=9998
[EDGE-RTT] CID:3 wall=1.1 ms  sim_delay=5.0 ms
>>> [UAV->CLOUD] BLK:de71|TX:7.0.0.7|CID:3|TS:23.400|SPD:25.1|HDG:-1.6|PX:495.5|PY:-40.0|...
[PASSIVE-BEACON] SIMNOW:23.426 CID:8 ZONE:1 RXUAV:1 EDGEPORT:9998 TS:23.412 SPD:25.200 HDG:1.300 PX:516.000 PY:-40.000 LAN:4 BRK:0 RX_X:0.000 RX_Y:0.000 RX_Z:0.000
[ZONE-ROUTE] CID:8 zone=1 edge_port=9998
[EDGE-RTT] CID:8 wall=1.0 ms  sim_delay=5.0 ms
>>> [UAV->CLOUD] BLK:8aa6|TX:7.0.0.12|CID:8|TS:23.412|SPD:25.2|HDG:1.3|PX:516.0|PY:-40.0|...
[ECON-CLAWBACK] CID:3 ACT=WARN prior_payoff=-18.6 extra_penalty=3.5 new_payoff=-22.2
[FORGIVENESS] CID:3 WARN #11 — streak reset, benefits revoked
⚠ [CAR 3] ACT=WARN REP=0.687 RWD=0.000 PNL=3.602 CREDIT=-2
[ECON-CLAWBACK] CID:8 ACT=WARN prior_payoff=-22.279 extra_penalty=3.750 new_payoff=-26.131
[FORGIVENESS] CID:8 WARN #12 — streak reset, benefits revoked
⚠ [CAR 8] ACT=WARN REP=0.722 RWD=0.000 PNL=3.852 CREDIT=-2
[PASSIVE-BEACON] SIMNOW:23.594 CID:6 ZONE:1 RXUAV:1 EDGEPORT:9998 TS:23.582 SPD:25.500 HDG:0.000 PX:539.500 PY:-20.000 LAN:2 BRK:0 RX_X:0.000 RX_Y:0.000 RX_Z:0.000
[ZONE-ROUTE] CID:6 zone=1 edge_port=9998
[EDGE-RTT] CID:6 wall=1.2 ms  sim_delay=5.0 ms
>>> [UAV->CLOUD] BLK:08a1|TX:7.0.0.10|CID:6|TS:23.582|SPD:25.5|HDG:0.0|PX:539.5|PY:-20.0|...
[ECON-CLAWBACK] CID:6 ACT=WARN prior_payoff=-54.8 extra_penalty=5.5 new_payoff=-60.4
[FORGIVENESS] CID:6 WARN #19 — streak reset, benefits revoked
⚠ [CAR 6] ACT=WARN REP=0.424 RWD=0.000 PNL=5.602 CREDIT=-2
[PASSIVE-BEACON] SIMNOW:23.616 CID:9 ZONE:1 RXUAV:1 EDGEPORT:9998 TS:23.602 SPD:25.300 HDG:1.600 PX:510.800 PY:-50.000 LAN:5 BRK:1 RX_X:0.000 RX_Y:0.000 RX_Z:0.000
[ZONE-ROUTE] CID:9 zone=1 edge_port=9998
[EDGE-RTT] CID:9 wall=1.0 ms  sim_delay=5.0 ms
>>> [UAV->CLOUD] BLK:bf37|TX:7.0.0.13|CID:9|TS:23.602|SPD:25.3|HDG:1.6|PX:510.8|PY:-50.0|...
[ECON-CLAWBACK] CID:9 ACT=WARN prior_payoff=-9.0 extra_penalty=2.8 new_payoff=-11.9
[FORGIVENESS] CID:9 WARN #8 — streak reset, benefits revoked
⚠ [CAR 9] ACT=WARN REP=0.525 RWD=0.000 PNL=2.852 CREDIT=-2
[PASSIVE-BEACON] SIMNOW:23.644 CID:0 ZONE:1 RXUAV:1 EDGEPORT:9998 TS:23.630 SPD:24.600 HDG:-0.600 PX:531.000 PY:-10.000 LAN:1 BRK:1 RX_X:0.000 RX_Y:0.000 RX_Z:0.000
[ZONE-ROUTE] CID:0 zone=1 edge_port=9998
[EDGE-RTT] CID:0 wall=1.0 ms  sim_delay=5.0 ms
>>> [UAV->CLOUD] BLK:b1ef|TX:7.0.0.4|CID:0|TS:23.630|SPD:24.6|HDG:-0.6|PX:531.0|PY:-10.0|...
[ECON-CLAWBACK] CID:0 ACT=WARN prior_payoff=-85.6 extra_penalty=6.8 new_payoff=-92.5
[FORGIVENESS] CID:0 WARN #24 — streak reset, benefits revoked
⚠ [CAR 0] ACT=WARN REP=0.514 RWD=0.000 PNL=6.849 CREDIT=-2
[PASSIVE-BEACON] SIMNOW:23.756 CID:7 ZONE:1 RXUAV:1 EDGEPORT:9998 TS:23.742 SPD:24.800 HDG:0.700 PX:534.000 PY:-30.000 LAN:3 BRK:0 RX_X:0.000 RX_Y:0.000 RX_Z:0.000
[ZONE-ROUTE] CID:7 zone=1 edge_port=9998
[EDGE-RTT] CID:7 wall=1.2 ms  sim_delay=5.0 ms
>>> [UAV->CLOUD] BLK:e654|TX:7.0.0.11|CID:7|TS:23.742|SPD:24.8|HDG:0.7|PX:534.0|PY:-30.0|...
[ECON-CLAWBACK] CID:7 ACT=WARN prior_payoff=-39.3 extra_penalty=4.8 new_payoff=-44.2
[FORGIVENESS] CID:7 WARN #16 — streak reset, benefits revoked
⚠ [CAR 7] ACT=WARN REP=0.882 RWD=0.000 PNL=4.850 CREDIT=-2
[PASSIVE-BEACON] SIMNOW:23.789 CID:5 ZONE:1 RXUAV:1 EDGEPORT:9998 TS:23.772 SPD:14.900 HDG:0.700 PX:555.400 PY:-10.000 LAN:1 BRK:0 RX_X:0.000 RX_Y:0.000 RX_Z:0.000
[ZONE-ROUTE] CID:5 zone=1 edge_port=9998
[EDGE-RTT] CID:5 wall=1.2 ms  sim_delay=5.0 ms
>>> [UAV->CLOUD] BLK:728d|TX:7.0.0.9|CID:5|TS:23.772|SPD:14.9|HDG:0.7|PX:555.4|PY:-10.0|L...
[ECON-GATE] CID:5 probation active - suppressing OK reward 1.0
✓ [CAR 5] ACT=OK REP=0.571 RWD=0.000 PNL=0.000 CREDIT=0
[PASSIVE-BEACON] SIMNOW:23.854 CID:4 ZONE:1 RXUAV:1 EDGEPORT:9998 TS:23.840 SPD:25.300 HDG:-1.900 PX:497.200 PY:-50.000 LAN:5 BRK:0 RX_X:0.000 RX_Y:0.000 RX_Z:0.000
[ZONE-ROUTE] CID:4 zone=1 edge_port=9998
[EDGE-RTT] CID:4 wall=1.2 ms  sim_delay=5.0 ms
>>> [UAV->CLOUD] BLK:87a5|TX:7.0.0.8|CID:4|TS:23.840|SPD:25.3|HDG:-1.9|PX:497.2|PY:-50.0|...
[ECON-CLAWBACK] CID:4 ACT=WARN prior_payoff=-9.1 extra_penalty=2.8 new_payoff=-11.9
[FORGIVENESS] CID:4 WARN #8 — streak reset, benefits revoked
⚠ [CAR 4] ACT=WARN REP=0.465 RWD=0.000 PNL=2.852 CREDIT=-2
[PASSIVE-BEACON] SIMNOW:23.874 CID:2 ZONE:1 RXUAV:1 EDGEPORT:9998 TS:23.860 SPD:24.700 HDG:-0.000 PX:517.400 PY:-30.000 LAN:3 BRK:0 RX_X:0.000 RX_Y:0.000 RX_Z:0.000
[ZONE-ROUTE] CID:2 zone=1 edge_port=9998
[EDGE-RTT] CID:2 wall=1.0 ms  sim_delay=5.0 ms
>>> [UAV->CLOUD] BLK:a462|TX:7.0.0.6|CID:2|TS:23.860|SPD:24.7|HDG:-0.0|PX:517.4|PY:-30.0|...
[PASSIVE-BEACON] SIMNOW:23.874 CID:1 ZONE:1 RXUAV:1 EDGEPORT:9998 TS:23.860 SPD:25.200 HDG:1.100 PX:527.300 PY:-20.000 LAN:2 BRK:0 RX_X:0.000 RX_Y:0.000 RX_Z:0.000
[ZONE-ROUTE] CID:1 zone=1 edge_port=9998
[EDGE-RTT] CID:1 wall=1.8 ms  sim_delay=5.0 ms
>>> [UAV->CLOUD] BLK:6b33|TX:7.0.0.5|CID:1|TS:23.860|SPD:25.2|HDG:1.1|PX:527.3|PY:-20.0|L...
[ECON-CLAWBACK] CID:1 ACT=WARN prior_payoff=-60.5 extra_penalty=5.8 new_payoff=-66.4
[FORGIVENESS] CID:1 WARN #20 — streak reset, benefits revoked
⚠ [CAR 1] ACT=WARN REP=0.497 RWD=0.000 PNL=5.852 CREDIT=-2
[ECON-CLAWBACK] CID:2 ACT=WARN prior_payoff=-39.314 extra_penalty=4.750 new_payoff=-44.164
[FORGIVENESS] CID:2 WARN #16 — streak reset, benefits revoked
⚠ [CAR 2] ACT=WARN REP=0.641 RWD=0.000 PNL=4.850 CREDIT=-2
[PASSIVE-BEACON] SIMNOW:23.914 CID:3 ZONE:1 RXUAV:1 EDGEPORT:9998 TS:23.900 SPD:24.900 HDG:0.500 PX:508.200 PY:-40.000 LAN:4 BRK:0 RX_X:0.000 RX_Y:0.000 RX_Z:0.000
[ZONE-ROUTE] CID:3 zone=1 edge_port=9998
[EDGE-RTT] CID:3 wall=1.1 ms  sim_delay=5.0 ms
>>> [UAV->CLOUD] BLK:d292|TX:7.0.0.7|CID:3|TS:23.900|SPD:24.9|HDG:0.5|PX:508.2|PY:-40.0|L...
[PASSIVE-BEACON] SIMNOW:23.926 CID:8 ZONE:1 RXUAV:1 EDGEPORT:9998 TS:23.912 SPD:25.200 HDG:0.600 PX:528.000 PY:-40.000 LAN:4 BRK:0 RX_X:0.000 RX_Y:0.000 RX_Z:0.000
[ZONE-ROUTE] CID:8 zone=1 edge_port=9998
[EDGE-RTT] CID:8 wall=1.1 ms  sim_delay=5.0 ms
>>> [UAV->CLOUD] BLK:30c9|TX:7.0.0.12|CID:8|TS:23.912|SPD:25.2|HDG:0.6|PX:528.0|PY:-40.0|...
[ECON-CLAWBACK] CID:3 ACT=WARN prior_payoff=-22.2 extra_penalty=3.8 new_payoff=-26.1
[FORGIVENESS] CID:3 WARN #12 — streak reset, benefits revoked
⚠ [CAR 3] ACT=WARN REP=0.827 RWD=0.000 PNL=3.851 CREDIT=-2
[ECON-CLAWBACK] CID:8 ACT=WARN prior_payoff=-26.131 extra_penalty=4.000 new_payoff=-30.233
[FORGIVENESS] CID:8 WARN #13 — streak reset, benefits revoked
⚠ [CAR 8] ACT=WARN REP=0.651 RWD=0.000 PNL=4.102 CREDIT=-2
[PASSIVE-BEACON] SIMNOW:24.096 CID:6 ZONE:1 RXUAV:1 EDGEPORT:9998 TS:24.082 SPD:24.700 HDG:0.500 PX:552.600 PY:-20.000 LAN:2 BRK:1 RX_X:0.000 RX_Y:0.000 RX_Z:0.000
[ZONE-ROUTE] CID:6 zone=1 edge_port=9998
[EDGE-RTT] CID:6 wall=0.9 ms  sim_delay=5.0 ms
>>> [UAV->CLOUD] BLK:8ce4|TX:7.0.0.10|CID:6|TS:24.082|SPD:24.7|HDG:0.5|PX:552.6|PY:-20.0|...
[ECON-CLAWBACK] CID:6 ACT=WARN prior_payoff=-60.4 extra_penalty=5.8 new_payoff=-66.3
[FORGIVENESS] CID:6 WARN #20 — streak reset, benefits revoked
⚠ [CAR 6] ACT=WARN REP=0.358 RWD=0.000 PNL=5.850 CREDIT=-2
[PASSIVE-BEACON] SIMNOW:24.116 CID:9 ZONE:1 RXUAV:1 EDGEPORT:9998 TS:24.102 SPD:25.300 HDG:0.400 PX:523.500 PY:-50.000 LAN:5 BRK:0 RX_X:0.000 RX_Y:0.000 RX_Z:0.000
[ZONE-ROUTE] CID:9 zone=1 edge_port=9998
[EDGE-RTT] CID:9 wall=1.1 ms  sim_delay=5.0 ms
>>> [UAV->CLOUD] BLK:16e1|TX:7.0.0.13|CID:9|TS:24.102|SPD:25.3|HDG:0.4|PX:523.5|PY:-50.0|...
[ECON-CLAWBACK] CID:9 ACT=WARN prior_payoff=-11.9 extra_penalty=3.0 new_payoff=-15.0
[FORGIVENESS] CID:9 WARN #9 — streak reset, benefits revoked
⚠ [CAR 9] ACT=WARN REP=0.759 RWD=0.000 PNL=3.102 CREDIT=-2
[PASSIVE-BEACON] SIMNOW:24.144 CID:0 ZONE:1 RXUAV:1 EDGEPORT:9998 TS:24.130 SPD:14.800 HDG:1.000 PX:540.400 PY:-10.000 LAN:1 BRK:0 RX_X:0.000 RX_Y:0.000 RX_Z:0.000
[ZONE-ROUTE] CID:0 zone=1 edge_port=9998
[EDGE-RTT] CID:0 wall=1.0 ms  sim_delay=5.0 ms
>>> [UAV->CLOUD] BLK:3f2e|TX:7.0.0.4|CID:0|TS:24.130|SPD:14.8|HDG:1.0|PX:540.4|PY:-10.0|L...
[ECON-GATE] CID:0 probation active - suppressing OK reward 1.0
✓ [CAR 0] ACT=OK REP=0.463 RWD=0.000 PNL=0.000 CREDIT=0
[PASSIVE-BEACON] SIMNOW:24.256 CID:7 ZONE:1 RXUAV:1 EDGEPORT:9998 TS:24.242 SPD:24.800 HDG:-1.400 PX:546.700 PY:-30.000 LAN:3 BRK:0 RX_X:0.000 RX_Y:0.000 RX_Z:0.000
[ZONE-ROUTE] CID:7 zone=1 edge_port=9998
[EDGE-RTT] CID:7 wall=1.0 ms  sim_delay=5.0 ms
>>> [UAV->CLOUD] BLK:f996|TX:7.0.0.11|CID:7|TS:24.242|SPD:24.8|HDG:-1.4|PX:546.7|PY:-30.0...
[ECON-CLAWBACK] CID:7 ACT=WARN prior_payoff=-44.2 extra_penalty=5.0 new_payoff=-49.3
[FORGIVENESS] CID:7 WARN #17 — streak reset, benefits revoked
⚠ [CAR 7] ACT=WARN REP=0.386 RWD=0.000 PNL=5.101 CREDIT=-2
[PASSIVE-BEACON] SIMNOW:24.286 CID:5 ZONE:1 RXUAV:1 EDGEPORT:9998 TS:24.272 SPD:14.900 HDG:-0.600 PX:561.600 PY:-10.000 LAN:1 BRK:0 RX_X:0.000 RX_Y:0.000 RX_Z:0.000
[ZONE-ROUTE] CID:5 zone=1 edge_port=9998
[EDGE-RTT] CID:5 wall=1.2 ms  sim_delay=5.0 ms
>>> [UAV->CLOUD] BLK:1dc5|TX:7.0.0.9|CID:5|TS:24.272|SPD:14.9|HDG:-0.6|PX:561.6|PY:-10.0|...
[ECON-GATE] CID:5 probation active - suppressing OK reward 1.0
✓ [CAR 5] ACT=OK REP=0.363 RWD=0.000 PNL=0.000 CREDIT=1
[PASSIVE-BEACON] SIMNOW:24.354 CID:4 ZONE:1 RXUAV:1 EDGEPORT:9998 TS:24.340 SPD:24.900 HDG:-0.900 PX:508.700 PY:-50.000 LAN:5 BRK:1 RX_X:0.000 RX_Y:0.000 RX_Z:0.000
[ZONE-ROUTE] CID:4 zone=1 edge_port=9998
[EDGE-RTT] CID:4 wall=1.0 ms  sim_delay=5.0 ms
>>> [UAV->CLOUD] BLK:ee64|TX:7.0.0.8|CID:4|TS:24.340|SPD:24.9|HDG:-0.9|PX:508.7|PY:-50.0|...
[ECON-CLAWBACK] CID:4 ACT=WARN prior_payoff=-11.9 extra_penalty=3.0 new_payoff=-15.0
[FORGIVENESS] CID:4 WARN #9 — streak reset, benefits revoked
⚠ [CAR 4] ACT=WARN REP=0.949 RWD=0.000 PNL=3.102 CREDIT=-2
[PASSIVE-BEACON] SIMNOW:24.374 CID:2 ZONE:1 RXUAV:1 EDGEPORT:9998 TS:24.360 SPD:24.900 HDG:-1.800 PX:530.100 PY:-30.000 LAN:3 BRK:0 RX_X:0.000 RX_Y:0.000 RX_Z:0.000
[ZONE-ROUTE] CID:2 zone=1 edge_port=9998
[EDGE-RTT] CID:2 wall=0.9 ms  sim_delay=5.0 ms
>>> [UAV->CLOUD] BLK:5a13|TX:7.0.0.6|CID:2|TS:24.360|SPD:24.9|HDG:-1.8|PX:530.1|PY:-30.0|...
[PASSIVE-BEACON] SIMNOW:24.374 CID:1 ZONE:1 RXUAV:1 EDGEPORT:9998 TS:24.360 SPD:25.400 HDG:-0.200 PX:539.800 PY:-20.000 LAN:2 BRK:1 RX_X:0.000 RX_Y:0.000 RX_Z:0.000
[ZONE-ROUTE] CID:1 zone=1 edge_port=9998
[EDGE-RTT] CID:1 wall=2.5 ms  sim_delay=5.0 ms
>>> [UAV->CLOUD] BLK:1b30|TX:7.0.0.5|CID:1|TS:24.360|SPD:25.4|HDG:-0.2|PX:539.8|PY:-20.0|...
[ECON-CLAWBACK] CID:2 ACT=WARN prior_payoff=-44.2 extra_penalty=5.0 new_payoff=-49.3
[FORGIVENESS] CID:2 WARN #17 — streak reset, benefits revoked
⚠ [CAR 2] ACT=WARN REP=0.774 RWD=0.000 PNL=5.101 CREDIT=-2
[ECON-CLAWBACK] CID:1 ACT=WARN prior_payoff=-66.381 extra_penalty=6.000 new_payoff=-72.483
[FORGIVENESS] CID:1 WARN #21 — streak reset, benefits revoked
⚠ [CAR 1] ACT=WARN REP=0.373 RWD=0.000 PNL=6.102 CREDIT=-2
[PASSIVE-BEACON] SIMNOW:24.414 CID:3 ZONE:1 RXUAV:1 EDGEPORT:9998 TS:24.400 SPD:25.400 HDG:0.200 PX:521.200 PY:-40.000 LAN:4 BRK:0 RX_X:0.000 RX_Y:0.000 RX_Z:0.000
[ZONE-ROUTE] CID:3 zone=1 edge_port=9998
[EDGE-RTT] CID:3 wall=1.1 ms  sim_delay=5.0 ms
>>> [UAV->CLOUD] BLK:5d4a|TX:7.0.0.7|CID:3|TS:24.400|SPD:25.4|HDG:0.2|PX:521.2|PY:-40.0|L...
[PASSIVE-BEACON] SIMNOW:24.426 CID:8 ZONE:1 RXUAV:1 EDGEPORT:9998 TS:24.412 SPD:25.000 HDG:0.500 PX:541.000 PY:-40.000 LAN:4 BRK:1 RX_X:0.000 RX_Y:0.000 RX_Z:0.000
[ZONE-ROUTE] CID:8 zone=1 edge_port=9998
[EDGE-RTT] CID:8 wall=1.0 ms  sim_delay=5.0 ms
>>> [UAV->CLOUD] BLK:a1ed|TX:7.0.0.12|CID:8|TS:24.412|SPD:25.0|HDG:0.5|PX:541.0|PY:-40.0|...
[ECON-CLAWBACK] CID:3 ACT=WARN prior_payoff=-26.1 extra_penalty=4.0 new_payoff=-30.2
[FORGIVENESS] CID:3 WARN #13 — streak reset, benefits revoked
⚠ [CAR 3] ACT=WARN REP=0.466 RWD=0.000 PNL=4.102 CREDIT=-2
[ECON-CLAWBACK] CID:8 ACT=WARN prior_payoff=-30.233 extra_penalty=4.250 new_payoff=-34.584
[FORGIVENESS] CID:8 WARN #14 — streak reset, benefits revoked
⚠ [CAR 8] ACT=WARN REP=0.650 RWD=0.000 PNL=4.351 CREDIT=-2
[PASSIVE-BEACON] SIMNOW:24.596 CID:6 ZONE:1 RXUAV:1 EDGEPORT:9998 TS:24.582 SPD:24.600 HDG:-0.500 PX:565.600 PY:-20.000 LAN:2 BRK:0 RX_X:0.000 RX_Y:0.000 RX_Z:0.000
[ZONE-ROUTE] CID:6 zone=1 edge_port=9998
[EDGE-RTT] CID:6 wall=1.0 ms  sim_delay=5.0 ms
>>> [UAV->CLOUD] BLK:4a5f|TX:7.0.0.10|CID:6|TS:24.582|SPD:24.6|HDG:-0.5|PX:565.6|PY:-20.0...
[ECON-CLAWBACK] CID:6 ACT=WARN prior_payoff=-66.3 extra_penalty=6.0 new_payoff=-72.4
[FORGIVENESS] CID:6 WARN #21 — streak reset, benefits revoked
⚠ [CAR 6] ACT=WARN REP=0.508 RWD=0.000 PNL=6.100 CREDIT=-2
[PASSIVE-BEACON] SIMNOW:24.616 CID:9 ZONE:1 RXUAV:1 EDGEPORT:9998 TS:24.602 SPD:24.700 HDG:-1.800 PX:536.000 PY:-50.000 LAN:5 BRK:0 RX_X:0.000 RX_Y:0.000 RX_Z:0.000
[ZONE-ROUTE] CID:9 zone=1 edge_port=9998
[EDGE-RTT] CID:9 wall=1.1 ms  sim_delay=5.0 ms
>>> [UAV->CLOUD] BLK:cc45|TX:7.0.0.13|CID:9|TS:24.602|SPD:24.7|HDG:-1.8|PX:536.0|PY:-50.0...
[ECON-CLAWBACK] CID:9 ACT=WARN prior_payoff=-15.0 extra_penalty=3.2 new_payoff=-18.3
[FORGIVENESS] CID:9 WARN #10 — streak reset, benefits revoked
⚠ [CAR 9] ACT=WARN REP=0.698 RWD=0.000 PNL=3.351 CREDIT=-2
[PASSIVE-BEACON] SIMNOW:24.644 CID:0 ZONE:1 RXUAV:1 EDGEPORT:9998 TS:24.630 SPD:15.100 HDG:0.500 PX:547.700 PY:-10.000 LAN:1 BRK:0 RX_X:0.000 RX_Y:0.000 RX_Z:0.000
[ZONE-ROUTE] CID:0 zone=1 edge_port=9998
[EDGE-RTT] CID:0 wall=1.2 ms  sim_delay=5.0 ms
>>> [UAV->CLOUD] BLK:d6b5|TX:7.0.0.4|CID:0|TS:24.630|SPD:15.1|HDG:0.5|PX:547.7|PY:-10.0|L...
[ECON-GATE] CID:0 probation active - suppressing OK reward 1.0
✓ [CAR 0] ACT=OK REP=0.397 RWD=0.000 PNL=0.000 CREDIT=1
[PASSIVE-BEACON] SIMNOW:24.756 CID:7 ZONE:1 RXUAV:1 EDGEPORT:9998 TS:24.742 SPD:24.600 HDG:-0.500 PX:558.600 PY:-30.000 LAN:3 BRK:0 RX_X:0.000 RX_Y:0.000 RX_Z:0.000
[ZONE-ROUTE] CID:7 zone=1 edge_port=9998
[EDGE-RTT] CID:7 wall=1.3 ms  sim_delay=5.0 ms
>>> [UAV->CLOUD] BLK:19a3|TX:7.0.0.11|CID:7|TS:24.742|SPD:24.6|HDG:-0.5|PX:558.6|PY:-30.0...
[ECON-CLAWBACK] CID:7 ACT=WARN prior_payoff=-49.3 extra_penalty=5.2 new_payoff=-54.6
[FORGIVENESS] CID:7 WARN #18 — streak reset, benefits revoked
⚠ [CAR 7] ACT=WARN REP=0.691 RWD=0.000 PNL=5.350 CREDIT=-2
[PASSIVE-BEACON] SIMNOW:24.786 CID:5 ZONE:1 RXUAV:1 EDGEPORT:9998 TS:24.772 SPD:14.600 HDG:-0.100 PX:570.100 PY:-10.000 LAN:1 BRK:0 RX_X:0.000 RX_Y:0.000 RX_Z:0.000
[ZONE-ROUTE] CID:5 zone=1 edge_port=9998
[EDGE-RTT] CID:5 wall=1.2 ms  sim_delay=5.0 ms
>>> [UAV->CLOUD] BLK:c5ac|TX:7.0.0.9|CID:5|TS:24.772|SPD:14.6|HDG:-0.1|PX:570.1|PY:-10.0|...
[ECON-GATE] CID:5 probation active - suppressing OK reward 1.0
✓ [CAR 5] ACT=OK REP=0.501 RWD=0.000 PNL=0.000 CREDIT=2
[PASSIVE-BEACON] SIMNOW:24.854 CID:4 ZONE:1 RXUAV:1 EDGEPORT:9998 TS:24.840 SPD:25.100 HDG:1.700 PX:521.900 PY:-50.000 LAN:5 BRK:0 RX_X:0.000 RX_Y:0.000 RX_Z:0.000
[ZONE-ROUTE] CID:4 zone=1 edge_port=9998
[EDGE-RTT] CID:4 wall=1.0 ms  sim_delay=5.0 ms
>>> [UAV->CLOUD] BLK:84d3|TX:7.0.0.8|CID:4|TS:24.840|SPD:25.1|HDG:1.7|PX:521.9|PY:-50.0|L...
[ECON-CLAWBACK] CID:4 ACT=WARN prior_payoff=-15.0 extra_penalty=3.2 new_payoff=-18.4
[FORGIVENESS] CID:4 WARN #10 — streak reset, benefits revoked
⚠ [CAR 4] ACT=WARN REP=0.888 RWD=0.000 PNL=3.352 CREDIT=-2
[PASSIVE-BEACON] SIMNOW:24.874 CID:2 ZONE:1 RXUAV:1 EDGEPORT:9998 TS:24.860 SPD:24.800 HDG:0.600 PX:541.500 PY:-30.000 LAN:3 BRK:0 RX_X:0.000 RX_Y:0.000 RX_Z:0.000
[ZONE-ROUTE] CID:2 zone=1 edge_port=9998
[EDGE-RTT] CID:2 wall=1.3 ms  sim_delay=5.0 ms
>>> [UAV->CLOUD] BLK:28e1|TX:7.0.0.6|CID:2|TS:24.860|SPD:24.8|HDG:0.6|PX:541.5|PY:-30.0|L...
[PASSIVE-BEACON] SIMNOW:24.874 CID:1 ZONE:1 RXUAV:1 EDGEPORT:9998 TS:24.860 SPD:24.800 HDG:-1.900 PX:551.700 PY:-20.000 LAN:2 BRK:0 RX_X:0.000 RX_Y:0.000 RX_Z:0.000
[ZONE-ROUTE] CID:1 zone=1 edge_port=9998
[EDGE-RTT] CID:1 wall=2.3 ms  sim_delay=5.0 ms
>>> [UAV->CLOUD] BLK:b5e4|TX:7.0.0.5|CID:1|TS:24.860|SPD:24.8|HDG:-1.9|PX:551.7|PY:-20.0|...
[ECON-CLAWBACK] CID:2 ACT=WARN prior_payoff=-49.3 extra_penalty=5.2 new_payoff=-54.6
[FORGIVENESS] CID:2 WARN #18 — streak reset, benefits revoked
⚠ [CAR 2] ACT=WARN REP=0.842 RWD=0.000 PNL=5.351 CREDIT=-2
[ECON-CLAWBACK] CID:1 ACT=WARN prior_payoff=-72.483 extra_penalty=6.250 new_payoff=-78.834
[FORGIVENESS] CID:1 WARN #22 — streak reset, benefits revoked
⚠ [CAR 1] ACT=WARN REP=0.516 RWD=0.000 PNL=6.351 CREDIT=-2
[PASSIVE-BEACON] SIMNOW:24.914 CID:3 ZONE:1 RXUAV:1 EDGEPORT:9998 TS:24.900 SPD:24.600 HDG:1.000 PX:533.200 PY:-40.000 LAN:4 BRK:0 RX_X:0.000 RX_Y:0.000 RX_Z:0.000
[ZONE-ROUTE] CID:3 zone=1 edge_port=9998
[EDGE-RTT] CID:3 wall=1.1 ms  sim_delay=5.0 ms
>>> [UAV->CLOUD] BLK:8fe7|TX:7.0.0.7|CID:3|TS:24.900|SPD:24.6|HDG:1.0|PX:533.2|PY:-40.0|L...
[PASSIVE-BEACON] SIMNOW:24.926 CID:8 ZONE:1 RXUAV:1 EDGEPORT:9998 TS:24.912 SPD:25.400 HDG:-0.100 PX:553.700 PY:-40.000 LAN:4 BRK:1 RX_X:0.000 RX_Y:0.000 RX_Z:0.000
[ZONE-ROUTE] CID:8 zone=1 edge_port=9998
[EDGE-RTT] CID:8 wall=0.9 ms  sim_delay=5.0 ms
>>> [UAV->CLOUD] BLK:b34f|TX:7.0.0.12|CID:8|TS:24.912|SPD:25.4|HDG:-0.1|PX:553.7|PY:-40.0...
[ECON-CLAWBACK] CID:3 ACT=WARN prior_payoff=-30.2 extra_penalty=4.2 new_payoff=-34.5
[FORGIVENESS] CID:3 WARN #14 — streak reset, benefits revoked
⚠ [CAR 3] ACT=WARN REP=0.663 RWD=0.000 PNL=4.350 CREDIT=-2
[ECON-CLAWBACK] CID:8 ACT=WARN prior_payoff=-34.584 extra_penalty=4.500 new_payoff=-39.186
[FORGIVENESS] CID:8 WARN #15 — streak reset, benefits revoked
⚠ [CAR 8] ACT=WARN REP=0.706 RWD=0.000 PNL=4.602 CREDIT=-2
[PASSIVE-BEACON] SIMNOW:25.095 CID:6 ZONE:1 RXUAV:1 EDGEPORT:9998 TS:25.082 SPD:24.600 HDG:0.800 PX:577.500 PY:-20.000 LAN:2 BRK:0 RX_X:0.000 RX_Y:0.000 RX_Z:0.000
[ZONE-ROUTE] CID:6 zone=1 edge_port=9998
[EDGE-RTT] CID:6 wall=1.3 ms  sim_delay=5.0 ms
>>> [UAV->CLOUD] BLK:66c7|TX:7.0.0.10|CID:6|TS:25.082|SPD:24.6|HDG:0.8|PX:577.5|PY:-20.0|...
[ECON-CLAWBACK] CID:6 ACT=WARN prior_payoff=-72.4 extra_penalty=6.2 new_payoff=-78.7
[FORGIVENESS] CID:6 WARN #22 — streak reset, benefits revoked
⚠ [CAR 6] ACT=WARN REP=0.409 RWD=0.000 PNL=6.350 CREDIT=-2
[PASSIVE-BEACON] SIMNOW:25.116 CID:9 ZONE:1 RXUAV:1 EDGEPORT:9998 TS:25.102 SPD:25.100 HDG:-0.800 PX:548.500 PY:-50.000 LAN:5 BRK:0 RX_X:0.000 RX_Y:0.000 RX_Z:0.000
[ZONE-ROUTE] CID:9 zone=1 edge_port=9998
[EDGE-RTT] CID:9 wall=1.0 ms  sim_delay=5.0 ms
>>> [UAV->CLOUD] BLK:4e12|TX:7.0.0.13|CID:9|TS:25.102|SPD:25.1|HDG:-0.8|PX:548.5|PY:-50.0...
[ECON-CLAWBACK] CID:9 ACT=WARN prior_payoff=-18.3 extra_penalty=3.5 new_payoff=-21.9
[FORGIVENESS] CID:9 WARN #11 — streak reset, benefits revoked
⚠ [CAR 9] ACT=WARN REP=0.505 RWD=0.000 PNL=3.602 CREDIT=-2
[PASSIVE-BEACON] SIMNOW:25.144 CID:0 ZONE:1 RXUAV:1 EDGEPORT:9998 TS:25.130 SPD:15.200 HDG:-0.600 PX:554.900 PY:-10.000 LAN:1 BRK:0 RX_X:0.000 RX_Y:0.000 RX_Z:0.000
[ZONE-ROUTE] CID:0 zone=1 edge_port=9998
[EDGE-RTT] CID:0 wall=1.1 ms  sim_delay=5.0 ms
>>> [UAV->CLOUD] BLK:c642|TX:7.0.0.4|CID:0|TS:25.130|SPD:15.2|HDG:-0.6|PX:554.9|PY:-10.0|...
[ECON-GATE] CID:0 probation active - suppressing OK reward 1.0
✓ [CAR 0] ACT=OK REP=0.572 RWD=0.000 PNL=0.000 CREDIT=2
[PASSIVE-BEACON] SIMNOW:25.256 CID:7 ZONE:1 RXUAV:1 EDGEPORT:9998 TS:25.242 SPD:24.900 HDG:-1.300 PX:572.300 PY:-30.000 LAN:3 BRK:0 RX_X:0.000 RX_Y:0.000 RX_Z:0.000
[ZONE-ROUTE] CID:7 zone=1 edge_port=9998
[EDGE-RTT] CID:7 wall=1.3 ms  sim_delay=5.0 ms
>>> [UAV->CLOUD] BLK:bef7|TX:7.0.0.11|CID:7|TS:25.242|SPD:24.9|HDG:-1.3|PX:572.3|PY:-30.0...
[ECON-CLAWBACK] CID:7 ACT=WARN prior_payoff=-54.6 extra_penalty=5.5 new_payoff=-60.2
[FORGIVENESS] CID:7 WARN #19 — streak reset, benefits revoked
⚠ [CAR 7] ACT=WARN REP=0.675 RWD=0.000 PNL=5.601 CREDIT=-2
[PASSIVE-BEACON] SIMNOW:25.286 CID:5 ZONE:1 RXUAV:1 EDGEPORT:9998 TS:25.272 SPD:15.000 HDG:1.000 PX:577.900 PY:-10.000 LAN:1 BRK:0 RX_X:0.000 RX_Y:0.000 RX_Z:0.000
[ZONE-ROUTE] CID:5 zone=1 edge_port=9998
[EDGE-RTT] CID:5 wall=1.2 ms  sim_delay=5.0 ms
>>> [UAV->CLOUD] BLK:5d71|TX:7.0.0.9|CID:5|TS:25.272|SPD:15.0|HDG:1.0|PX:577.9|PY:-10.0|L...
[ECON-GATE] CID:5 probation active - suppressing OK reward 1.0
✓ [CAR 5] ACT=OK REP=0.453 RWD=0.000 PNL=0.000 CREDIT=3
[PASSIVE-BEACON] SIMNOW:25.354 CID:4 ZONE:1 RXUAV:1 EDGEPORT:9998 TS:25.340 SPD:25.100 HDG:-1.600 PX:534.200 PY:-50.000 LAN:5 BRK:0 RX_X:0.000 RX_Y:0.000 RX_Z:0.000
[ZONE-ROUTE] CID:4 zone=1 edge_port=9998
[EDGE-RTT] CID:4 wall=1.0 ms  sim_delay=5.0 ms
>>> [UAV->CLOUD] BLK:2d8f|TX:7.0.0.8|CID:4|TS:25.340|SPD:25.1|HDG:-1.6|PX:534.2|PY:-50.0|...
[ECON-CLAWBACK] CID:4 ACT=WARN prior_payoff=-18.4 extra_penalty=3.5 new_payoff=-22.0
[FORGIVENESS] CID:4 WARN #11 — streak reset, benefits revoked
⚠ [CAR 4] ACT=WARN REP=0.603 RWD=0.000 PNL=3.602 CREDIT=-2
[PASSIVE-BEACON] SIMNOW:25.374 CID:2 ZONE:1 RXUAV:1 EDGEPORT:9998 TS:25.360 SPD:25.500 HDG:-1.400 PX:554.300 PY:-30.000 LAN:3 BRK:0 RX_X:0.000 RX_Y:0.000 RX_Z:0.000
[ZONE-ROUTE] CID:2 zone=1 edge_port=9998
[EDGE-RTT] CID:2 wall=1.1 ms  sim_delay=5.0 ms
>>> [UAV->CLOUD] BLK:7e89|TX:7.0.0.6|CID:2|TS:25.360|SPD:25.5|HDG:-1.4|PX:554.3|PY:-30.0|...
[PASSIVE-BEACON] SIMNOW:25.374 CID:1 ZONE:1 RXUAV:1 EDGEPORT:9998 TS:25.360 SPD:24.800 HDG:-1.600 PX:565.000 PY:-20.000 LAN:2 BRK:1 RX_X:0.000 RX_Y:0.000 RX_Z:0.000
[ZONE-ROUTE] CID:1 zone=1 edge_port=9998
[EDGE-RTT] CID:1 wall=1.6 ms  sim_delay=5.0 ms
>>> [UAV->CLOUD] BLK:77f4|TX:7.0.0.5|CID:1|TS:25.360|SPD:24.8|HDG:-1.6|PX:565.0|PY:-20.0|...
[ECON-CLAWBACK] CID:1 ACT=WARN prior_payoff=-78.8 extra_penalty=6.5 new_payoff=-85.4
[FORGIVENESS] CID:1 WARN #23 — streak reset, benefits revoked
⚠ [CAR 1] ACT=WARN REP=0.586 RWD=0.000 PNL=6.601 CREDIT=-2
[ECON-CLAWBACK] CID:2 ACT=WARN prior_payoff=-54.616 extra_penalty=5.500 new_payoff=-60.218
[FORGIVENESS] CID:2 WARN #19 — streak reset, benefits revoked
⚠ [CAR 2] ACT=WARN REP=0.599 RWD=0.000 PNL=5.602 CREDIT=-2
[PASSIVE-BEACON] SIMNOW:25.414 CID:3 ZONE:1 RXUAV:1 EDGEPORT:9998 TS:25.400 SPD:24.900 HDG:1.700 PX:546.100 PY:-40.000 LAN:4 BRK:0 RX_X:0.000 RX_Y:0.000 RX_Z:0.000
[ZONE-ROUTE] CID:3 zone=1 edge_port=9998
[EDGE-RTT] CID:3 wall=1.1 ms  sim_delay=5.0 ms
>>> [UAV->CLOUD] BLK:f26d|TX:7.0.0.7|CID:3|TS:25.400|SPD:24.9|HDG:1.7|PX:546.1|PY:-40.0|L...
[PASSIVE-BEACON] SIMNOW:25.426 CID:8 ZONE:1 RXUAV:1 EDGEPORT:9998 TS:25.412 SPD:25.200 HDG:0.800 PX:566.200 PY:-40.000 LAN:4 BRK:0 RX_X:0.000 RX_Y:0.000 RX_Z:0.000
[ZONE-ROUTE] CID:8 zone=1 edge_port=9998
[EDGE-RTT] CID:8 wall=1.0 ms  sim_delay=5.0 ms
>>> [UAV->CLOUD] BLK:22eb|TX:7.0.0.12|CID:8|TS:25.412|SPD:25.2|HDG:0.8|PX:566.2|PY:-40.0|...
[ECON-CLAWBACK] CID:3 ACT=WARN prior_payoff=-34.5 extra_penalty=4.5 new_payoff=-39.1
[FORGIVENESS] CID:3 WARN #15 — streak reset, benefits revoked
⚠ [CAR 3] ACT=WARN REP=0.833 RWD=0.000 PNL=4.601 CREDIT=-2
[ECON-CLAWBACK] CID:8 ACT=WARN prior_payoff=-39.186 extra_penalty=4.750 new_payoff=-44.038
[FORGIVENESS] CID:8 WARN #16 — streak reset, benefits revoked
⚠ [CAR 8] ACT=WARN REP=0.453 RWD=0.000 PNL=4.852 CREDIT=-2
[PASSIVE-BEACON] SIMNOW:25.596 CID:6 ZONE:1 RXUAV:1 EDGEPORT:9998 TS:25.582 SPD:24.800 HDG:0.400 PX:590.100 PY:-20.000 LAN:2 BRK:1 RX_X:0.000 RX_Y:0.000 RX_Z:0.000
[ZONE-ROUTE] CID:6 zone=1 edge_port=9998
[EDGE-RTT] CID:6 wall=1.2 ms  sim_delay=5.0 ms
>>> [UAV->CLOUD] BLK:47e1|TX:7.0.0.10|CID:6|TS:25.582|SPD:24.8|HDG:0.4|PX:590.1|PY:-20.0|...
[ECON-CLAWBACK] CID:6 ACT=WARN prior_payoff=-78.7 extra_penalty=6.5 new_payoff=-85.3
[FORGIVENESS] CID:6 WARN #23 — streak reset, benefits revoked
⚠ [CAR 6] ACT=WARN REP=0.471 RWD=0.000 PNL=6.601 CREDIT=-2
[PASSIVE-BEACON] SIMNOW:25.616 CID:9 ZONE:1 RXUAV:1 EDGEPORT:9998 TS:25.602 SPD:25.400 HDG:-1.800 PX:561.000 PY:-50.000 LAN:5 BRK:0 RX_X:0.000 RX_Y:0.000 RX_Z:0.000
[ZONE-ROUTE] CID:9 zone=1 edge_port=9998
[EDGE-RTT] CID:9 wall=1.1 ms  sim_delay=5.0 ms
>>> [UAV->CLOUD] BLK:6c05|TX:7.0.0.13|CID:9|TS:25.602|SPD:25.4|HDG:-1.8|PX:561.0|PY:-50.0...
[ECON-CLAWBACK] CID:9 ACT=WARN prior_payoff=-21.9 extra_penalty=3.8 new_payoff=-25.8
[FORGIVENESS] CID:9 WARN #12 — streak reset, benefits revoked
⚠ [CAR 9] ACT=WARN REP=0.586 RWD=0.000 PNL=3.853 CREDIT=-2
[PASSIVE-BEACON] SIMNOW:25.644 CID:0 ZONE:1 RXUAV:1 EDGEPORT:9998 TS:25.630 SPD:15.200 HDG:0.800 PX:562.800 PY:-10.000 LAN:1 BRK:1 RX_X:0.000 RX_Y:0.000 RX_Z:0.000
[ZONE-ROUTE] CID:0 zone=1 edge_port=9998
[EDGE-RTT] CID:0 wall=1.0 ms  sim_delay=5.0 ms
>>> [UAV->CLOUD] BLK:c8c5|TX:7.0.0.4|CID:0|TS:25.630|SPD:15.2|HDG:0.8|PX:562.8|PY:-10.0|L...
[ECON-GATE] CID:0 probation active - suppressing OK reward 1.0
✓ [CAR 0] ACT=OK REP=0.456 RWD=0.000 PNL=0.000 CREDIT=3
[PASSIVE-BEACON] SIMNOW:25.756 CID:7 ZONE:1 RXUAV:1 EDGEPORT:9998 TS:25.742 SPD:24.600 HDG:1.200 PX:583.800 PY:-30.000 LAN:3 BRK:1 RX_X:0.000 RX_Y:0.000 RX_Z:0.000
[ZONE-ROUTE] CID:7 zone=1 edge_port=9998
[EDGE-RTT] CID:7 wall=1.3 ms  sim_delay=5.0 ms
>>> [UAV->CLOUD] BLK:5a82|TX:7.0.0.11|CID:7|TS:25.742|SPD:24.6|HDG:1.2|PX:583.8|PY:-30.0|...
[ECON-CLAWBACK] CID:7 ACT=WARN prior_payoff=-60.2 extra_penalty=5.8 new_payoff=-66.1
[FORGIVENESS] CID:7 WARN #20 — streak reset, benefits revoked
⚠ [CAR 7] ACT=WARN REP=0.755 RWD=0.000 PNL=5.850 CREDIT=-2
[PASSIVE-BEACON] SIMNOW:25.786 CID:5 ZONE:1 RXUAV:1 EDGEPORT:9998 TS:25.772 SPD:15.500 HDG:1.200 PX:584.200 PY:-10.000 LAN:1 BRK:0 RX_X:0.000 RX_Y:0.000 RX_Z:0.000
[ZONE-ROUTE] CID:5 zone=1 edge_port=9998
[EDGE-RTT] CID:5 wall=0.8 ms  sim_delay=5.0 ms
>>> [UAV->CLOUD] BLK:5320|TX:7.0.0.9|CID:5|TS:25.772|SPD:15.5|HDG:1.2|PX:584.2|PY:-10.0|L...
[ECON-GATE] CID:5 probation active - suppressing OK reward 1.0
✓ [CAR 5] ACT=OK REP=0.209 RWD=0.000 PNL=0.000 CREDIT=4
[PASSIVE-BEACON] SIMNOW:25.854 CID:4 ZONE:1 RXUAV:1 EDGEPORT:9998 TS:25.840 SPD:24.800 HDG:-0.100 PX:547.300 PY:-50.000 LAN:5 BRK:0 RX_X:0.000 RX_Y:0.000 RX_Z:0.000
[ZONE-ROUTE] CID:4 zone=1 edge_port=9998
[EDGE-RTT] CID:4 wall=1.2 ms  sim_delay=5.0 ms
>>> [UAV->CLOUD] BLK:27ea|TX:7.0.0.8|CID:4|TS:25.840|SPD:24.8|HDG:-0.1|PX:547.3|PY:-50.0|...
[ECON-CLAWBACK] CID:4 ACT=WARN prior_payoff=-22.0 extra_penalty=3.8 new_payoff=-25.8
[FORGIVENESS] CID:4 WARN #12 — streak reset, benefits revoked
⚠ [CAR 4] ACT=WARN REP=0.682 RWD=0.000 PNL=3.851 CREDIT=-2
[PASSIVE-BEACON] SIMNOW:25.874 CID:2 ZONE:1 RXUAV:1 EDGEPORT:9998 TS:25.860 SPD:25.300 HDG:-0.200 PX:566.400 PY:-30.000 LAN:3 BRK:0 RX_X:0.000 RX_Y:0.000 RX_Z:0.000
[ZONE-ROUTE] CID:2 zone=1 edge_port=9998
[EDGE-RTT] CID:2 wall=1.1 ms  sim_delay=5.0 ms
>>> [UAV->CLOUD] BLK:e6c3|TX:7.0.0.6|CID:2|TS:25.860|SPD:25.3|HDG:-0.2|PX:566.4|PY:-30.0|...
[PASSIVE-BEACON] SIMNOW:25.874 CID:1 ZONE:1 RXUAV:1 EDGEPORT:9998 TS:25.860 SPD:14.900 HDG:1.100 PX:576.000 PY:-20.000 LAN:2 BRK:1 RX_X:0.000 RX_Y:0.000 RX_Z:0.000
[ZONE-ROUTE] CID:1 zone=1 edge_port=9998
[EDGE-RTT] CID:1 wall=2.7 ms  sim_delay=5.0 ms
>>> [UAV->CLOUD] BLK:2119|TX:7.0.0.5|CID:1|TS:25.860|SPD:14.9|HDG:1.1|PX:576.0|PY:-20.0|L...
[ECON-CLAWBACK] CID:2 ACT=WARN prior_payoff=-60.2 extra_penalty=5.8 new_payoff=-66.1
[FORGIVENESS] CID:2 WARN #20 — streak reset, benefits revoked
⚠ [CAR 2] ACT=WARN REP=0.722 RWD=0.000 PNL=5.852 CREDIT=-2
[ECON-GATE] CID:1 probation active - suppressing OK reward 0.989
✓ [CAR 1] ACT=OK REP=0.420 RWD=0.000 PNL=0.000 CREDIT=0
[PASSIVE-BEACON] SIMNOW:25.914 CID:3 ZONE:1 RXUAV:1 EDGEPORT:9998 TS:25.900 SPD:25.000 HDG:1.200 PX:557.400 PY:-40.000 LAN:4 BRK:0 RX_X:0.000 RX_Y:0.000 RX_Z:0.000
[ZONE-ROUTE] CID:3 zone=1 edge_port=9998
[EDGE-RTT] CID:3 wall=1.2 ms  sim_delay=5.0 ms
>>> [UAV->CLOUD] BLK:1379|TX:7.0.0.7|CID:3|TS:25.900|SPD:25.0|HDG:1.2|PX:557.4|PY:-40.0|L...
[PASSIVE-BEACON] SIMNOW:25.926 CID:8 ZONE:1 RXUAV:1 EDGEPORT:9998 TS:25.912 SPD:25.100 HDG:-1.800 PX:578.600 PY:-40.000 LAN:4 BRK:0 RX_X:0.000 RX_Y:0.000 RX_Z:0.000
[ZONE-ROUTE] CID:8 zone=1 edge_port=9998
[EDGE-RTT] CID:8 wall=0.9 ms  sim_delay=5.0 ms
>>> [UAV->CLOUD] BLK:567a|TX:7.0.0.12|CID:8|TS:25.912|SPD:25.1|HDG:-1.8|PX:578.6|PY:-40.0...
[ECON-CLAWBACK] CID:3 ACT=WARN prior_payoff=-39.1 extra_penalty=4.8 new_payoff=-44.0
[FORGIVENESS] CID:3 WARN #16 — streak reset, benefits revoked
⚠ [CAR 3] ACT=WARN REP=0.871 RWD=0.000 PNL=4.852 CREDIT=-2
[ECON-CLAWBACK] CID:8 ACT=WARN prior_payoff=-44.038 extra_penalty=5.000 new_payoff=-49.140
[FORGIVENESS] CID:8 WARN #17 — streak reset, benefits revoked
⚠ [CAR 8] ACT=WARN REP=0.494 RWD=0.000 PNL=5.102 CREDIT=-2
[PASSIVE-BEACON] SIMNOW:26.096 CID:6 ZONE:1 RXUAV:1 EDGEPORT:9998 TS:26.082 SPD:14.900 HDG:1.300 PX:599.600 PY:-20.000 LAN:2 BRK:0 RX_X:0.000 RX_Y:0.000 RX_Z:0.000
[ZONE-ROUTE] CID:6 zone=1 edge_port=9998
[EDGE-RTT] CID:6 wall=1.1 ms  sim_delay=5.0 ms
>>> [UAV->CLOUD] BLK:612f|TX:7.0.0.10|CID:6|TS:26.082|SPD:14.9|HDG:1.3|PX:599.6|PY:-20.0|...
[ECON-GATE] CID:6 probation active - suppressing OK reward 1.0
✓ [CAR 6] ACT=OK REP=0.843 RWD=0.000 PNL=0.000 CREDIT=0
[PASSIVE-BEACON] SIMNOW:26.116 CID:9 ZONE:1 RXUAV:1 EDGEPORT:9998 TS:26.102 SPD:25.100 HDG:0.100 PX:572.800 PY:-50.000 LAN:5 BRK:1 RX_X:0.000 RX_Y:0.000 RX_Z:0.000
[ZONE-ROUTE] CID:9 zone=1 edge_port=9998
[EDGE-RTT] CID:9 wall=0.9 ms  sim_delay=5.0 ms
>>> [UAV->CLOUD] BLK:105c|TX:7.0.0.13|CID:9|TS:26.102|SPD:25.1|HDG:0.1|PX:572.8|PY:-50.0|...
[ECON-CLAWBACK] CID:9 ACT=WARN prior_payoff=-25.8 extra_penalty=4.0 new_payoff=-29.9
[FORGIVENESS] CID:9 WARN #13 — streak reset, benefits revoked
⚠ [CAR 9] ACT=WARN REP=0.359 RWD=0.000 PNL=4.102 CREDIT=-2
[PASSIVE-BEACON] SIMNOW:26.144 CID:0 ZONE:1 RXUAV:1 EDGEPORT:9998 TS:26.130 SPD:14.900 HDG:1.400 PX:569.600 PY:-10.000 LAN:1 BRK:1 RX_X:0.000 RX_Y:0.000 RX_Z:0.000
[ZONE-ROUTE] CID:0 zone=1 edge_port=9998
[EDGE-RTT] CID:0 wall=1.1 ms  sim_delay=5.0 ms
>>> [UAV->CLOUD] BLK:0cec|TX:7.0.0.4|CID:0|TS:26.130|SPD:14.9|HDG:1.4|PX:569.6|PY:-10.0|L...
[ECON-GATE] CID:0 probation active - suppressing OK reward 1.0
✓ [CAR 0] ACT=OK REP=0.393 RWD=0.000 PNL=0.000 CREDIT=4
[PASSIVE-BEACON] SIMNOW:26.256 CID:7 ZONE:1 RXUAV:1 EDGEPORT:9998 TS:26.242 SPD:25.000 HDG:0.400 PX:596.300 PY:-30.000 LAN:3 BRK:0 RX_X:0.000 RX_Y:0.000 RX_Z:0.000
[ZONE-ROUTE] CID:7 zone=1 edge_port=9998
[EDGE-RTT] CID:7 wall=1.3 ms  sim_delay=5.0 ms
>>> [UAV->CLOUD] BLK:b448|TX:7.0.0.11|CID:7|TS:26.242|SPD:25.0|HDG:0.4|PX:596.3|PY:-30.0|...
[ECON-CLAWBACK] CID:7 ACT=WARN prior_payoff=-66.1 extra_penalty=6.0 new_payoff=-72.2
[FORGIVENESS] CID:7 WARN #21 — streak reset, benefits revoked
⚠ [CAR 7] ACT=WARN REP=0.479 RWD=0.000 PNL=6.101 CREDIT=-2
[PASSIVE-BEACON] SIMNOW:26.286 CID:5 ZONE:1 RXUAV:1 EDGEPORT:9998 TS:26.272 SPD:15.200 HDG:-0.100 PX:592.500 PY:-10.000 LAN:1 BRK:0 RX_X:0.000 RX_Y:0.000 RX_Z:0.000
[ZONE-ROUTE] CID:5 zone=1 edge_port=9998
[EDGE-RTT] CID:5 wall=0.9 ms  sim_delay=5.0 ms
>>> [UAV->CLOUD] BLK:0c19|TX:7.0.0.9|CID:5|TS:26.272|SPD:15.2|HDG:-0.1|PX:592.5|PY:-10.0|...
[ECON-GATE] CID:5 probation active - suppressing OK reward 1.0
✓ [CAR 5] ACT=OK REP=0.323 RWD=0.000 PNL=0.000 CREDIT=5
[PASSIVE-BEACON] SIMNOW:26.354 CID:4 ZONE:1 RXUAV:1 EDGEPORT:9998 TS:26.340 SPD:25.000 HDG:-0.700 PX:559.100 PY:-50.000 LAN:5 BRK:0 RX_X:0.000 RX_Y:0.000 RX_Z:0.000
[ZONE-ROUTE] CID:4 zone=1 edge_port=9998
[EDGE-RTT] CID:4 wall=0.9 ms  sim_delay=5.0 ms
>>> [UAV->CLOUD] BLK:38ff|TX:7.0.0.8|CID:4|TS:26.340|SPD:25.0|HDG:-0.7|PX:559.1|PY:-50.0|...
[ECON-CLAWBACK] CID:4 ACT=WARN prior_payoff=-25.8 extra_penalty=4.0 new_payoff=-29.9
[FORGIVENESS] CID:4 WARN #13 — streak reset, benefits revoked
⚠ [CAR 4] ACT=WARN REP=0.472 RWD=0.000 PNL=4.102 CREDIT=-2
[PASSIVE-BEACON] SIMNOW:26.374 CID:2 ZONE:1 RXUAV:1 EDGEPORT:9998 TS:26.360 SPD:25.000 HDG:1.200 PX:578.900 PY:-30.000 LAN:3 BRK:1 RX_X:0.000 RX_Y:0.000 RX_Z:0.000
[ZONE-ROUTE] CID:2 zone=1 edge_port=9998
[EDGE-RTT] CID:2 wall=1.1 ms  sim_delay=5.0 ms
>>> [UAV->CLOUD] BLK:bdb4|TX:7.0.0.6|CID:2|TS:26.360|SPD:25.0|HDG:1.2|PX:578.9|PY:-30.0|L...
[PASSIVE-BEACON] SIMNOW:26.374 CID:1 ZONE:1 RXUAV:1 EDGEPORT:9998 TS:26.360 SPD:14.900 HDG:-0.300 PX:583.900 PY:-20.000 LAN:2 BRK:0 RX_X:0.000 RX_Y:0.000 RX_Z:0.000
[ZONE-ROUTE] CID:1 zone=1 edge_port=9998
[EDGE-RTT] CID:1 wall=2.0 ms  sim_delay=5.0 ms
>>> [UAV->CLOUD] BLK:2b9d|TX:7.0.0.5|CID:1|TS:26.360|SPD:14.9|HDG:-0.3|PX:583.9|PY:-20.0|...
[ECON-CLAWBACK] CID:2 ACT=WARN prior_payoff=-66.1 extra_penalty=6.0 new_payoff=-72.2
[FORGIVENESS] CID:2 WARN #21 — streak reset, benefits revoked
⚠ [CAR 2] ACT=WARN REP=0.453 RWD=0.000 PNL=6.102 CREDIT=-2
[ECON-GATE] CID:1 probation active - suppressing OK reward 1.000
✓ [CAR 1] ACT=OK REP=0.584 RWD=0.000 PNL=0.000 CREDIT=1
[PASSIVE-BEACON] SIMNOW:26.414 CID:3 ZONE:1 RXUAV:1 EDGEPORT:9998 TS:26.400 SPD:25.200 HDG:-0.500 PX:570.700 PY:-40.000 LAN:4 BRK:0 RX_X:0.000 RX_Y:0.000 RX_Z:0.000
[ZONE-ROUTE] CID:3 zone=1 edge_port=9998
[EDGE-RTT] CID:3 wall=1.2 ms  sim_delay=5.0 ms
>>> [UAV->CLOUD] BLK:b4ca|TX:7.0.0.7|CID:3|TS:26.400|SPD:25.2|HDG:-0.5|PX:570.7|PY:-40.0|...
[PASSIVE-BEACON] SIMNOW:26.426 CID:8 ZONE:1 RXUAV:1 EDGEPORT:9998 TS:26.412 SPD:25.300 HDG:0.200 PX:590.300 PY:-40.000 LAN:4 BRK:0 RX_X:0.000 RX_Y:0.000 RX_Z:0.000
[ZONE-ROUTE] CID:8 zone=1 edge_port=9998
[EDGE-RTT] CID:8 wall=0.9 ms  sim_delay=5.0 ms
>>> [UAV->CLOUD] BLK:bc4c|TX:7.0.0.12|CID:8|TS:26.412|SPD:25.3|HDG:0.2|PX:590.3|PY:-40.0|...
[ECON-CLAWBACK] CID:3 ACT=WARN prior_payoff=-44.0 extra_penalty=5.0 new_payoff=-49.1
[FORGIVENESS] CID:3 WARN #17 — streak reset, benefits revoked
⚠ [CAR 3] ACT=WARN REP=0.781 RWD=0.000 PNL=5.102 CREDIT=-2
[ECON-CLAWBACK] CID:8 ACT=WARN prior_payoff=-49.140 extra_penalty=5.250 new_payoff=-54.492
[FORGIVENESS] CID:8 WARN #18 — streak reset, benefits revoked
⚠ [CAR 8] ACT=WARN REP=0.483 RWD=0.000 PNL=5.352 CREDIT=-2
[PASSIVE-BEACON] SIMNOW:26.595 CID:6 ZONE:2 RXUAV:2 EDGEPORT:9996 TS:26.582 SPD:14.800 HDG:0.100 PX:607.300 PY:-20.000 LAN:2 BRK:0 RX_X:0.000 RX_Y:0.000 RX_Z:0.000
[ZONE-ROUTE] CID:6 zone=1 edge_port=9998
[EDGE-RTT] CID:6 wall=1.0 ms  sim_delay=5.0 ms
>>> [UAV->CLOUD] BLK:99fb|TX:7.0.0.10|CID:6|TS:26.582|SPD:14.8|HDG:0.1|PX:607.3|PY:-20.0|...
[ECON-GATE] CID:6 probation active - suppressing OK reward 1.0
✓ [CAR 6] ACT=OK REP=0.841 RWD=0.000 PNL=0.000 CREDIT=1
[PASSIVE-BEACON] SIMNOW:26.616 CID:9 ZONE:1 RXUAV:1 EDGEPORT:9998 TS:26.602 SPD:24.700 HDG:-0.700 PX:585.500 PY:-50.000 LAN:5 BRK:1 RX_X:0.000 RX_Y:0.000 RX_Z:0.000
[ZONE-ROUTE] CID:9 zone=1 edge_port=9998
[EDGE-RTT] CID:9 wall=1.2 ms  sim_delay=5.0 ms
>>> [UAV->CLOUD] BLK:c929|TX:7.0.0.13|CID:9|TS:26.602|SPD:24.7|HDG:-0.7|PX:585.5|PY:-50.0...
[ECON-CLAWBACK] CID:9 ACT=WARN prior_payoff=-29.9 extra_penalty=4.2 new_payoff=-34.2
[FORGIVENESS] CID:9 WARN #14 — streak reset, benefits revoked
⚠ [CAR 9] ACT=WARN REP=0.874 RWD=0.000 PNL=4.351 CREDIT=-2
[PASSIVE-BEACON] SIMNOW:26.644 CID:0 ZONE:1 RXUAV:1 EDGEPORT:9998 TS:26.630 SPD:15.000 HDG:-1.200 PX:577.800 PY:-10.000 LAN:1 BRK:0 RX_X:0.000 RX_Y:0.000 RX_Z:0.000
[ZONE-ROUTE] CID:0 zone=1 edge_port=9998
[EDGE-RTT] CID:0 wall=0.9 ms  sim_delay=5.0 ms
>>> [UAV->CLOUD] BLK:16b5|TX:7.0.0.4|CID:0|TS:26.630|SPD:15.0|HDG:-1.2|PX:577.8|PY:-10.0|...
[ECON-GATE] CID:0 probation active - suppressing OK reward 1.0
✓ [CAR 0] ACT=OK REP=0.641 RWD=0.000 PNL=0.000 CREDIT=5
[PASSIVE-BEACON] SIMNOW:26.756 CID:7 ZONE:2 RXUAV:2 EDGEPORT:9996 TS:26.742 SPD:25.200 HDG:-1.900 PX:609.100 PY:-30.000 LAN:3 BRK:0 RX_X:0.000 RX_Y:0.000 RX_Z:0.000
[ZONE-ROUTE] CID:7 zone=1 edge_port=9998
[EDGE-RTT] CID:7 wall=1.1 ms  sim_delay=5.0 ms
>>> [UAV->CLOUD] BLK:89a4|TX:7.0.0.11|CID:7|TS:26.742|SPD:25.2|HDG:-1.9|PX:609.1|PY:-30.0...
[ECON-CLAWBACK] CID:7 ACT=WARN prior_payoff=-72.2 extra_penalty=6.2 new_payoff=-78.5
[FORGIVENESS] CID:7 WARN #22 — streak reset, benefits revoked
⚠ [CAR 7] ACT=WARN REP=0.541 RWD=0.000 PNL=6.352 CREDIT=-2
[PASSIVE-BEACON] SIMNOW:26.786 CID:5 ZONE:1 RXUAV:1 EDGEPORT:9998 TS:26.772 SPD:15.000 HDG:0.600 PX:599.900 PY:-10.000 LAN:1 BRK:0 RX_X:0.000 RX_Y:0.000 RX_Z:0.000
[ZONE-ROUTE] CID:5 zone=1 edge_port=9998
[EDGE-RTT] CID:5 wall=1.2 ms  sim_delay=5.0 ms
>>> [UAV->CLOUD] BLK:4897|TX:7.0.0.9|CID:5|TS:26.772|SPD:15.0|HDG:0.6|PX:599.9|PY:-10.0|L...
[ECON-GATE] CID:5 probation active - suppressing OK reward 1.0
✓ [CAR 5] ACT=OK REP=0.438 RWD=0.000 PNL=0.000 CREDIT=6
[PASSIVE-BEACON] SIMNOW:26.854 CID:4 ZONE:1 RXUAV:1 EDGEPORT:9998 TS:26.840 SPD:25.400 HDG:0.600 PX:571.600 PY:-50.000 LAN:5 BRK:0 RX_X:0.000 RX_Y:0.000 RX_Z:0.000
[ZONE-ROUTE] CID:4 zone=1 edge_port=9998
[EDGE-RTT] CID:4 wall=1.0 ms  sim_delay=5.0 ms
>>> [UAV->CLOUD] BLK:9996|TX:7.0.0.8|CID:4|TS:26.840|SPD:25.4|HDG:0.6|PX:571.6|PY:-50.0|L...
[ECON-CLAWBACK] CID:4 ACT=WARN prior_payoff=-29.9 extra_penalty=4.2 new_payoff=-34.3
[FORGIVENESS] CID:4 WARN #14 — streak reset, benefits revoked
⚠ [CAR 4] ACT=WARN REP=0.657 RWD=0.000 PNL=4.352 CREDIT=-2
[PASSIVE-BEACON] SIMNOW:26.874 CID:2 ZONE:1 RXUAV:1 EDGEPORT:9998 TS:26.860 SPD:25.400 HDG:1.200 PX:592.600 PY:-30.000 LAN:3 BRK:0 RX_X:0.000 RX_Y:0.000 RX_Z:0.000
[ZONE-ROUTE] CID:2 zone=1 edge_port=9998
[EDGE-RTT] CID:2 wall=1.1 ms  sim_delay=5.0 ms
>>> [UAV->CLOUD] BLK:4b89|TX:7.0.0.6|CID:2|TS:26.860|SPD:25.4|HDG:1.2|PX:592.6|PY:-30.0|L...
[PASSIVE-BEACON] SIMNOW:26.874 CID:1 ZONE:1 RXUAV:1 EDGEPORT:9998 TS:26.860 SPD:15.200 HDG:-0.600 PX:591.000 PY:-20.000 LAN:2 BRK:0 RX_X:0.000 RX_Y:0.000 RX_Z:0.000
[ZONE-ROUTE] CID:1 zone=1 edge_port=9998
[EDGE-RTT] CID:1 wall=2.5 ms  sim_delay=5.0 ms
>>> [UAV->CLOUD] BLK:8118|TX:7.0.0.5|CID:1|TS:26.860|SPD:15.2|HDG:-0.6|PX:591.0|PY:-20.0|...
[ECON-CLAWBACK] CID:2 ACT=WARN prior_payoff=-72.2 extra_penalty=6.2 new_payoff=-78.5
[FORGIVENESS] CID:2 WARN #22 — streak reset, benefits revoked
⚠ [CAR 2] ACT=WARN REP=0.267 RWD=0.000 PNL=6.353 CREDIT=-2
[ECON-GATE] CID:1 probation active - suppressing OK reward 1.000
✓ [CAR 1] ACT=OK REP=0.595 RWD=0.000 PNL=0.000 CREDIT=2
[PASSIVE-BEACON] SIMNOW:26.914 CID:3 ZONE:1 RXUAV:1 EDGEPORT:9998 TS:26.900 SPD:24.900 HDG:-0.800 PX:582.800 PY:-40.000 LAN:4 BRK:0 RX_X:0.000 RX_Y:0.000 RX_Z:0.000
[ZONE-ROUTE] CID:3 zone=1 edge_port=9998
[EDGE-RTT] CID:3 wall=1.2 ms  sim_delay=5.0 ms
>>> [UAV->CLOUD] BLK:65e2|TX:7.0.0.7|CID:3|TS:26.900|SPD:24.9|HDG:-0.8|PX:582.8|PY:-40.0|...
[PASSIVE-BEACON] SIMNOW:26.926 CID:8 ZONE:2 RXUAV:2 EDGEPORT:9996 TS:26.912 SPD:25.300 HDG:-1.000 PX:603.600 PY:-40.000 LAN:4 BRK:0 RX_X:0.000 RX_Y:0.000 RX_Z:0.000
[ZONE-ROUTE] CID:8 zone=1 edge_port=9998
[EDGE-RTT] CID:8 wall=1.1 ms  sim_delay=5.0 ms
>>> [UAV->CLOUD] BLK:9bd0|TX:7.0.0.12|CID:8|TS:26.912|SPD:25.3|HDG:-1.0|PX:603.6|PY:-40.0...
[ECON-CLAWBACK] CID:3 ACT=WARN prior_payoff=-49.1 extra_penalty=5.2 new_payoff=-54.4
[FORGIVENESS] CID:3 WARN #18 — streak reset, benefits revoked
⚠ [CAR 3] ACT=WARN REP=0.742 RWD=0.000 PNL=5.352 CREDIT=-2
[ECON-CLAWBACK] CID:8 ACT=WARN prior_payoff=-54.492 extra_penalty=5.500 new_payoff=-60.095
[FORGIVENESS] CID:8 WARN #19 — streak reset, benefits revoked
⚠ [CAR 8] ACT=WARN REP=0.668 RWD=0.000 PNL=5.603 CREDIT=-2
[PASSIVE-BEACON] SIMNOW:27.096 CID:6 ZONE:2 RXUAV:2 EDGEPORT:9996 TS:27.082 SPD:15.200 HDG:-1.500 PX:614.100 PY:-20.000 LAN:2 BRK:0 RX_X:0.000 RX_Y:0.000 RX_Z:0.000
[ZONE-ROUTE] CID:6 zone=1 edge_port=9998
[EDGE-RTT] CID:6 wall=1.1 ms  sim_delay=5.0 ms
>>> [UAV->CLOUD] BLK:6849|TX:7.0.0.10|CID:6|TS:27.082|SPD:15.2|HDG:-1.5|PX:614.1|PY:-20.0...
[ECON-GATE] CID:6 probation active - suppressing OK reward 1.0
✓ [CAR 6] ACT=OK REP=0.507 RWD=0.000 PNL=0.000 CREDIT=2
[PASSIVE-BEACON] SIMNOW:27.119 CID:9 ZONE:1 RXUAV:1 EDGEPORT:9998 TS:27.102 SPD:24.800 HDG:-1.800 PX:598.800 PY:-50.000 LAN:5 BRK:0 RX_X:0.000 RX_Y:0.000 RX_Z:0.000
[ZONE-ROUTE] CID:9 zone=1 edge_port=9998
[EDGE-RTT] CID:9 wall=0.9 ms  sim_delay=5.0 ms
>>> [UAV->CLOUD] BLK:cc67|TX:7.0.0.13|CID:9|TS:27.102|SPD:24.8|HDG:-1.8|PX:598.8|PY:-50.0...
[ECON-CLAWBACK] CID:9 ACT=WARN prior_payoff=-34.2 extra_penalty=4.5 new_payoff=-38.8
[FORGIVENESS] CID:9 WARN #15 — streak reset, benefits revoked
⚠ [CAR 9] ACT=WARN REP=0.622 RWD=0.000 PNL=4.601 CREDIT=-2
[PASSIVE-BEACON] SIMNOW:27.144 CID:0 ZONE:1 RXUAV:1 EDGEPORT:9998 TS:27.130 SPD:14.800 HDG:0.000 PX:584.400 PY:-10.000 LAN:1 BRK:0 RX_X:0.000 RX_Y:0.000 RX_Z:0.000
[ZONE-ROUTE] CID:0 zone=1 edge_port=9998
[EDGE-RTT] CID:0 wall=1.1 ms  sim_delay=5.0 ms
>>> [UAV->CLOUD] BLK:d6b1|TX:7.0.0.4|CID:0|TS:27.130|SPD:14.8|HDG:0.0|PX:584.4|PY:-10.0|L...
[ECON-GATE] CID:0 probation active - suppressing OK reward 1.0
✓ [CAR 0] ACT=OK REP=0.415 RWD=0.000 PNL=0.000 CREDIT=6
[PASSIVE-BEACON] SIMNOW:27.256 CID:7 ZONE:2 RXUAV:2 EDGEPORT:9996 TS:27.242 SPD:25.200 HDG:0.800 PX:622.100 PY:-30.000 LAN:3 BRK:0 RX_X:0.000 RX_Y:0.000 RX_Z:0.000
[ZONE-ROUTE] CID:7 zone=1 edge_port=9998
[EDGE-RTT] CID:7 wall=1.2 ms  sim_delay=5.0 ms
>>> [UAV->CLOUD] BLK:3074|TX:7.0.0.11|CID:7|TS:27.242|SPD:25.2|HDG:0.8|PX:622.1|PY:-30.0|...
[ECON-CLAWBACK] CID:7 ACT=WARN prior_payoff=-78.5 extra_penalty=6.5 new_payoff=-85.1
[FORGIVENESS] CID:7 WARN #23 — streak reset, benefits revoked
⚠ [CAR 7] ACT=WARN REP=0.610 RWD=0.000 PNL=6.602 CREDIT=-2
[PASSIVE-BEACON] SIMNOW:27.289 CID:5 ZONE:2 RXUAV:2 EDGEPORT:9996 TS:27.272 SPD:14.700 HDG:1.300 PX:607.300 PY:-10.000 LAN:1 BRK:1 RX_X:0.000 RX_Y:0.000 RX_Z:0.000
[ZONE-ROUTE] CID:5 zone=1 edge_port=9998
[EDGE-RTT] CID:5 wall=2.0 ms  sim_delay=5.0 ms
>>> [UAV->CLOUD] BLK:19a6|TX:7.0.0.9|CID:5|TS:27.272|SPD:14.7|HDG:1.3|PX:607.3|PY:-10.0|L...
[ECON-GATE] CID:5 probation active - suppressing OK reward 1.0
✓ [CAR 5] ACT=OK REP=0.430 RWD=0.000 PNL=0.000 CREDIT=7
[PASSIVE-BEACON] SIMNOW:27.354 CID:4 ZONE:1 RXUAV:1 EDGEPORT:9998 TS:27.340 SPD:24.700 HDG:0.700 PX:583.400 PY:-50.000 LAN:5 BRK:0 RX_X:0.000 RX_Y:0.000 RX_Z:0.000
[ZONE-ROUTE] CID:4 zone=1 edge_port=9998
[EDGE-RTT] CID:4 wall=1.1 ms  sim_delay=5.0 ms
>>> [UAV->CLOUD] BLK:237a|TX:7.0.0.8|CID:4|TS:27.340|SPD:24.7|HDG:0.7|PX:583.4|PY:-50.0|L...
[ECON-CLAWBACK] CID:4 ACT=WARN prior_payoff=-34.3 extra_penalty=4.5 new_payoff=-38.9
[FORGIVENESS] CID:4 WARN #15 — streak reset, benefits revoked
⚠ [CAR 4] ACT=WARN REP=0.931 RWD=0.000 PNL=4.601 CREDIT=-2
[PASSIVE-BEACON] SIMNOW:27.374 CID:2 ZONE:2 RXUAV:2 EDGEPORT:9996 TS:27.360 SPD:25.200 HDG:0.900 PX:604.300 PY:-30.000 LAN:3 BRK:0 RX_X:0.000 RX_Y:0.000 RX_Z:0.000
[ZONE-ROUTE] CID:2 zone=1 edge_port=9998
[EDGE-RTT] CID:2 wall=0.8 ms  sim_delay=5.0 ms
>>> [UAV->CLOUD] BLK:68df|TX:7.0.0.6|CID:2|TS:27.360|SPD:25.2|HDG:0.9|PX:604.3|PY:-30.0|L...
[PASSIVE-BEACON] SIMNOW:27.374 CID:1 ZONE:1 RXUAV:1 EDGEPORT:9998 TS:27.360 SPD:15.100 HDG:-0.800 PX:598.700 PY:-20.000 LAN:2 BRK:1 RX_X:0.000 RX_Y:0.000 RX_Z:0.000
[ZONE-ROUTE] CID:1 zone=1 edge_port=9998
[EDGE-RTT] CID:1 wall=3.0 ms  sim_delay=5.0 ms
>>> [UAV->CLOUD] BLK:9edb|TX:7.0.0.5|CID:1|TS:27.360|SPD:15.1|HDG:-0.8|PX:598.7|PY:-20.0|...
[ECON-CLAWBACK] CID:2 ACT=WARN prior_payoff=-78.5 extra_penalty=6.5 new_payoff=-85.1
[FORGIVENESS] CID:2 WARN #23 — streak reset, benefits revoked
⚠ [CAR 2] ACT=WARN REP=0.546 RWD=0.000 PNL=6.603 CREDIT=-2
[ECON-GATE] CID:1 probation active - suppressing OK reward 1.000
✓ [CAR 1] ACT=OK REP=0.601 RWD=0.000 PNL=0.000 CREDIT=3
[PASSIVE-BEACON] SIMNOW:27.414 CID:3 ZONE:1 RXUAV:1 EDGEPORT:9998 TS:27.400 SPD:24.600 HDG:0.600 PX:595.900 PY:-40.000 LAN:4 BRK:0 RX_X:0.000 RX_Y:0.000 RX_Z:0.000
[ZONE-ROUTE] CID:3 zone=1 edge_port=9998
[EDGE-RTT] CID:3 wall=1.0 ms  sim_delay=5.0 ms
>>> [UAV->CLOUD] BLK:9a54|TX:7.0.0.7|CID:3|TS:27.400|SPD:24.6|HDG:0.6|PX:595.9|PY:-40.0|L...
[PASSIVE-BEACON] SIMNOW:27.424 CID:8 ZONE:2 RXUAV:2 EDGEPORT:9996 TS:27.412 SPD:25.500 HDG:1.800 PX:615.200 PY:-40.000 LAN:4 BRK:0 RX_X:0.000 RX_Y:0.000 RX_Z:0.000
[ZONE-ROUTE] CID:8 zone=1 edge_port=9998
[EDGE-RTT] CID:8 wall=0.9 ms  sim_delay=5.0 ms
>>> [UAV->CLOUD] BLK:828d|TX:7.0.0.12|CID:8|TS:27.412|SPD:25.5|HDG:1.8|PX:615.2|PY:-40.0|...
[ECON-CLAWBACK] CID:3 ACT=WARN prior_payoff=-54.4 extra_penalty=5.5 new_payoff=-60.0
[FORGIVENESS] CID:3 WARN #19 — streak reset, benefits revoked
⚠ [CAR 3] ACT=WARN REP=0.960 RWD=0.000 PNL=5.600 CREDIT=-2
[ECON-CLAWBACK] CID:8 ACT=WARN prior_payoff=-60.095 extra_penalty=5.750 new_payoff=-65.948
[FORGIVENESS] CID:8 WARN #20 — streak reset, benefits revoked
⚠ [CAR 8] ACT=WARN REP=0.752 RWD=0.000 PNL=5.853 CREDIT=-2
[PASSIVE-BEACON] SIMNOW:27.596 CID:6 ZONE:2 RXUAV:2 EDGEPORT:9996 TS:27.582 SPD:15.100 HDG:0.400 PX:622.400 PY:-20.000 LAN:2 BRK:1 RX_X:0.000 RX_Y:0.000 RX_Z:0.000
[ZONE-ROUTE] CID:6 zone=1 edge_port=9998
[EDGE-RTT] CID:6 wall=1.1 ms  sim_delay=5.0 ms
>>> [UAV->CLOUD] BLK:4fd9|TX:7.0.0.10|CID:6|TS:27.582|SPD:15.1|HDG:0.4|PX:622.4|PY:-20.0|...
[ECON-GATE] CID:6 probation active - suppressing OK reward 1.0
✓ [CAR 6] ACT=OK REP=0.515 RWD=0.000 PNL=0.000 CREDIT=3
[PASSIVE-BEACON] SIMNOW:27.616 CID:9 ZONE:2 RXUAV:2 EDGEPORT:9996 TS:27.602 SPD:25.100 HDG:-1.400 PX:611.200 PY:-50.000 LAN:5 BRK:0 RX_X:0.000 RX_Y:0.000 RX_Z:0.000
[ZONE-ROUTE] CID:9 zone=1 edge_port=9998
[EDGE-RTT] CID:9 wall=1.0 ms  sim_delay=5.0 ms
>>> [UAV->CLOUD] BLK:cb69|TX:7.0.0.13|CID:9|TS:27.602|SPD:25.1|HDG:-1.4|PX:611.2|PY:-50.0...
[ECON-CLAWBACK] CID:9 ACT=WARN prior_payoff=-38.8 extra_penalty=4.8 new_payoff=-43.7
[FORGIVENESS] CID:9 WARN #16 — streak reset, benefits revoked
⚠ [CAR 9] ACT=WARN REP=0.515 RWD=0.000 PNL=4.852 CREDIT=-2
[PASSIVE-BEACON] SIMNOW:27.644 CID:0 ZONE:1 RXUAV:1 EDGEPORT:9998 TS:27.630 SPD:14.900 HDG:-1.500 PX:593.100 PY:-10.000 LAN:1 BRK:0 RX_X:0.000 RX_Y:0.000 RX_Z:0.000
[ZONE-ROUTE] CID:0 zone=1 edge_port=9998
[EDGE-RTT] CID:0 wall=1.0 ms  sim_delay=5.0 ms
>>> [UAV->CLOUD] BLK:fed1|TX:7.0.0.4|CID:0|TS:27.630|SPD:14.9|HDG:-1.5|PX:593.1|PY:-10.0|...
[ECON-GATE] CID:0 probation active - suppressing OK reward 1.0
✓ [CAR 0] ACT=OK REP=0.671 RWD=0.000 PNL=0.000 CREDIT=7
[PASSIVE-BEACON] SIMNOW:27.756 CID:7 ZONE:2 RXUAV:2 EDGEPORT:9996 TS:27.742 SPD:25.400 HDG:1.100 PX:634.700 PY:-30.000 LAN:3 BRK:0 RX_X:0.000 RX_Y:0.000 RX_Z:0.000
[ZONE-ROUTE] CID:7 zone=1 edge_port=9998
[EDGE-RTT] CID:7 wall=0.9 ms  sim_delay=5.0 ms
>>> [UAV->CLOUD] BLK:c914|TX:7.0.0.11|CID:7|TS:27.742|SPD:25.4|HDG:1.1|PX:634.7|PY:-30.0|...
[ECON-CLAWBACK] CID:7 ACT=WARN prior_payoff=-85.1 extra_penalty=6.8 new_payoff=-92.0
[FORGIVENESS] CID:7 WARN #24 — streak reset, benefits revoked
⚠ [CAR 7] ACT=WARN REP=0.448 RWD=0.000 PNL=6.853 CREDIT=-2
[PASSIVE-BEACON] SIMNOW:27.786 CID:5 ZONE:2 RXUAV:2 EDGEPORT:9996 TS:27.772 SPD:15.200 HDG:1.200 PX:614.300 PY:-10.000 LAN:1 BRK:0 RX_X:0.000 RX_Y:0.000 RX_Z:0.000
[ZONE-ROUTE] CID:5 zone=1 edge_port=9998
[EDGE-RTT] CID:5 wall=0.8 ms  sim_delay=5.0 ms
>>> [UAV->CLOUD] BLK:81ba|TX:7.0.0.9|CID:5|TS:27.772|SPD:15.2|HDG:1.2|PX:614.3|PY:-10.0|L...
[ECON-GATE] CID:5 probation active - suppressing OK reward 1.0
✓ [CAR 5] ACT=OK REP=0.193 RWD=0.000 PNL=0.000 CREDIT=8
[PASSIVE-BEACON] SIMNOW:27.854 CID:4 ZONE:1 RXUAV:1 EDGEPORT:9998 TS:27.840 SPD:24.700 HDG:-0.800 PX:596.100 PY:-50.000 LAN:5 BRK:0 RX_X:0.000 RX_Y:0.000 RX_Z:0.000
[ZONE-ROUTE] CID:4 zone=1 edge_port=9998
[EDGE-RTT] CID:4 wall=1.1 ms  sim_delay=5.0 ms
>>> [UAV->CLOUD] BLK:e90c|TX:7.0.0.8|CID:4|TS:27.840|SPD:24.7|HDG:-0.8|PX:596.1|PY:-50.0|...
[ECON-CLAWBACK] CID:4 ACT=WARN prior_payoff=-38.9 extra_penalty=4.8 new_payoff=-43.7
[FORGIVENESS] CID:4 WARN #16 — streak reset, benefits revoked
⚠ [CAR 4] ACT=WARN REP=0.535 RWD=0.000 PNL=4.851 CREDIT=-2
[PASSIVE-BEACON] SIMNOW:27.872 CID:2 ZONE:2 RXUAV:2 EDGEPORT:9996 TS:27.860 SPD:14.700 HDG:-1.300 PX:616.600 PY:-30.000 LAN:3 BRK:0 RX_X:0.000 RX_Y:0.000 RX_Z:0.000
[ZONE-ROUTE] CID:2 zone=1 edge_port=9998
[EDGE-RTT] CID:2 wall=1.0 ms  sim_delay=5.0 ms
>>> [UAV->CLOUD] BLK:9836|TX:7.0.0.6|CID:2|TS:27.860|SPD:14.7|HDG:-1.3|PX:616.6|PY:-30.0|...
[PASSIVE-BEACON] SIMNOW:27.872 CID:1 ZONE:2 RXUAV:2 EDGEPORT:9996 TS:27.860 SPD:15.200 HDG:1.700 PX:606.500 PY:-20.000 LAN:2 BRK:0 RX_X:0.000 RX_Y:0.000 RX_Z:0.000
[ZONE-ROUTE] CID:1 zone=1 edge_port=9998
[EDGE-RTT] CID:1 wall=2.6 ms  sim_delay=5.0 ms
>>> [UAV->CLOUD] BLK:ff14|TX:7.0.0.5|CID:1|TS:27.860|SPD:15.2|HDG:1.7|PX:606.5|PY:-20.0|L...
[ECON-GATE] CID:2 probation active - suppressing OK reward 1.0
✓ [CAR 2] ACT=OK REP=0.531 RWD=0.000 PNL=0.000 CREDIT=0
[ECON-GATE] CID:1 probation active - suppressing OK reward 1.000
✓ [CAR 1] ACT=OK REP=0.635 RWD=0.000 PNL=0.000 CREDIT=4
[PASSIVE-BEACON] SIMNOW:27.914 CID:3 ZONE:2 RXUAV:2 EDGEPORT:9996 TS:27.900 SPD:24.900 HDG:-0.400 PX:608.600 PY:-40.000 LAN:4 BRK:0 RX_X:0.000 RX_Y:0.000 RX_Z:0.000
[ZONE-ROUTE] CID:3 zone=1 edge_port=9998
[EDGE-RTT] CID:3 wall=1.0 ms  sim_delay=5.0 ms
>>> [UAV->CLOUD] BLK:6b33|TX:7.0.0.7|CID:3|TS:27.900|SPD:24.9|HDG:-0.4|PX:608.6|PY:-40.0|...
[PASSIVE-BEACON] SIMNOW:27.926 CID:8 ZONE:2 RXUAV:2 EDGEPORT:9996 TS:27.912 SPD:25.200 HDG:1.600 PX:628.200 PY:-40.000 LAN:4 BRK:0 RX_X:0.000 RX_Y:0.000 RX_Z:0.000
[ZONE-ROUTE] CID:8 zone=1 edge_port=9998
[EDGE-RTT] CID:8 wall=0.9 ms  sim_delay=5.0 ms
>>> [UAV->CLOUD] BLK:bc96|TX:7.0.0.12|CID:8|TS:27.912|SPD:25.2|HDG:1.6|PX:628.2|PY:-40.0|...
[ECON-CLAWBACK] CID:3 ACT=WARN prior_payoff=-60.0 extra_penalty=5.8 new_payoff=-65.9
[FORGIVENESS] CID:3 WARN #20 — streak reset, benefits revoked
⚠ [CAR 3] ACT=WARN REP=0.693 RWD=0.000 PNL=5.852 CREDIT=-2
[ECON-CLAWBACK] CID:8 ACT=WARN prior_payoff=-65.948 extra_penalty=6.000 new_payoff=-72.051
[FORGIVENESS] CID:8 WARN #21 — streak reset, benefits revoked
⚠ [CAR 8] ACT=WARN REP=0.690 RWD=0.000 PNL=6.103 CREDIT=-2
[PASSIVE-BEACON] SIMNOW:28.096 CID:6 ZONE:2 RXUAV:2 EDGEPORT:9996 TS:28.082 SPD:15.100 HDG:1.200 PX:630.000 PY:-20.000 LAN:2 BRK:0 RX_X:0.000 RX_Y:0.000 RX_Z:0.000
[ZONE-ROUTE] CID:6 zone=1 edge_port=9998
[EDGE-RTT] CID:6 wall=1.1 ms  sim_delay=5.0 ms
>>> [UAV->CLOUD] BLK:b2ec|TX:7.0.0.10|CID:6|TS:28.082|SPD:15.1|HDG:1.2|PX:630.0|PY:-20.0|...
[ECON-GATE] CID:6 probation active - suppressing OK reward 1.0
✓ [CAR 6] ACT=OK REP=0.401 RWD=0.000 PNL=0.000 CREDIT=4
[PASSIVE-BEACON] SIMNOW:28.116 CID:9 ZONE:2 RXUAV:2 EDGEPORT:9996 TS:28.102 SPD:24.500 HDG:1.400 PX:623.200 PY:-50.000 LAN:5 BRK:1 RX_X:0.000 RX_Y:0.000 RX_Z:0.000
[ZONE-ROUTE] CID:9 zone=1 edge_port=9998
[EDGE-RTT] CID:9 wall=1.2 ms  sim_delay=5.0 ms
>>> [UAV->CLOUD] BLK:a2a2|TX:7.0.0.13|CID:9|TS:28.102|SPD:24.5|HDG:1.4|PX:623.2|PY:-50.0|...
[ECON-CLAWBACK] CID:9 ACT=WARN prior_payoff=-43.7 extra_penalty=5.0 new_payoff=-48.8
[FORGIVENESS] CID:9 WARN #17 — streak reset, benefits revoked
⚠ [CAR 9] ACT=WARN REP=0.760 RWD=0.000 PNL=5.100 CREDIT=-2
[PASSIVE-BEACON] SIMNOW:28.144 CID:0 ZONE:2 RXUAV:2 EDGEPORT:9996 TS:28.130 SPD:15.500 HDG:0.700 PX:600.000 PY:-10.000 LAN:1 BRK:0 RX_X:0.000 RX_Y:0.000 RX_Z:0.000
[ZONE-ROUTE] CID:0 zone=1 edge_port=9998
[EDGE-RTT] CID:0 wall=1.2 ms  sim_delay=5.0 ms
>>> [UAV->CLOUD] BLK:cd49|TX:7.0.0.4|CID:0|TS:28.130|SPD:15.5|HDG:0.7|PX:600.0|PY:-10.0|L...
[ECON-GATE] CID:0 probation active - suppressing OK reward 1.0
✓ [CAR 0] ACT=OK REP=0.759 RWD=0.000 PNL=0.000 CREDIT=8
[PASSIVE-BEACON] SIMNOW:28.259 CID:7 ZONE:2 RXUAV:2 EDGEPORT:9996 TS:28.242 SPD:15.400 HDG:1.600 PX:642.200 PY:-30.000 LAN:3 BRK:0 RX_X:0.000 RX_Y:0.000 RX_Z:0.000
[ZONE-ROUTE] CID:7 zone=1 edge_port=9998
[EDGE-RTT] CID:7 wall=1.1 ms  sim_delay=5.0 ms
>>> [UAV->CLOUD] BLK:2880|TX:7.0.0.11|CID:7|TS:28.242|SPD:15.4|HDG:1.6|PX:642.2|PY:-30.0|...
[ECON-GATE] CID:7 probation active - suppressing OK reward 1.0
✓ [CAR 7] ACT=OK REP=0.482 RWD=0.000 PNL=0.000 CREDIT=0
[PASSIVE-BEACON] SIMNOW:28.286 CID:5 ZONE:2 RXUAV:2 EDGEPORT:9996 TS:28.272 SPD:15.200 HDG:-0.700 PX:621.800 PY:-10.000 LAN:1 BRK:0 RX_X:0.000 RX_Y:0.000 RX_Z:0.000
[ZONE-ROUTE] CID:5 zone=1 edge_port=9998
[EDGE-RTT] CID:5 wall=1.3 ms  sim_delay=5.0 ms
>>> [UAV->CLOUD] BLK:18a2|TX:7.0.0.9|CID:5|TS:28.272|SPD:15.2|HDG:-0.7|PX:621.8|PY:-10.0|...
[ECON-GATE] CID:5 probation active - suppressing OK reward 1.0
✓ [CAR 5] ACT=OK REP=0.462 RWD=0.000 PNL=0.000 CREDIT=9
[PASSIVE-BEACON] SIMNOW:28.354 CID:4 ZONE:2 RXUAV:2 EDGEPORT:9996 TS:28.340 SPD:24.900 HDG:1.900 PX:609.700 PY:-50.000 LAN:5 BRK:0 RX_X:0.000 RX_Y:0.000 RX_Z:0.000
[ZONE-ROUTE] CID:4 zone=1 edge_port=9998
[EDGE-RTT] CID:4 wall=1.0 ms  sim_delay=5.0 ms
>>> [UAV->CLOUD] BLK:c10d|TX:7.0.0.8|CID:4|TS:28.340|SPD:24.9|HDG:1.9|PX:609.7|PY:-50.0|L...
[ECON-CLAWBACK] CID:4 ACT=WARN prior_payoff=-43.7 extra_penalty=5.0 new_payoff=-48.8
[FORGIVENESS] CID:4 WARN #17 — streak reset, benefits revoked
⚠ [CAR 4] ACT=WARN REP=0.857 RWD=0.000 PNL=5.102 CREDIT=-2
[PASSIVE-BEACON] SIMNOW:28.374 CID:2 ZONE:2 RXUAV:2 EDGEPORT:9996 TS:28.360 SPD:14.800 HDG:-1.300 PX:624.100 PY:-30.000 LAN:3 BRK:1 RX_X:0.000 RX_Y:0.000 RX_Z:0.000
[ZONE-ROUTE] CID:2 zone=1 edge_port=9998
[EDGE-RTT] CID:2 wall=1.1 ms  sim_delay=5.0 ms
>>> [UAV->CLOUD] BLK:bf39|TX:7.0.0.6|CID:2|TS:28.360|SPD:14.8|HDG:-1.3|PX:624.1|PY:-30.0|...
[PASSIVE-BEACON] SIMNOW:28.374 CID:1 ZONE:2 RXUAV:2 EDGEPORT:9996 TS:28.360 SPD:14.800 HDG:-0.500 PX:613.600 PY:-20.000 LAN:2 BRK:0 RX_X:0.000 RX_Y:0.000 RX_Z:0.000
[ZONE-ROUTE] CID:1 zone=1 edge_port=9998
[EDGE-RTT] CID:1 wall=2.6 ms  sim_delay=5.0 ms
>>> [UAV->CLOUD] BLK:4452|TX:7.0.0.5|CID:1|TS:28.360|SPD:14.8|HDG:-0.5|PX:613.6|PY:-20.0|...
[ECON-GATE] CID:2 probation active - suppressing OK reward 1.0
✓ [CAR 2] ACT=OK REP=0.638 RWD=0.000 PNL=0.000 CREDIT=1
[ECON-GATE] CID:1 probation active - suppressing OK reward 1.000
✓ [CAR 1] ACT=OK REP=0.225 RWD=0.000 PNL=0.000 CREDIT=5
[PASSIVE-BEACON] SIMNOW:28.414 CID:3 ZONE:2 RXUAV:2 EDGEPORT:9996 TS:28.400 SPD:24.700 HDG:1.200 PX:620.900 PY:-40.000 LAN:4 BRK:0 RX_X:0.000 RX_Y:0.000 RX_Z:0.000
[ZONE-ROUTE] CID:3 zone=1 edge_port=9998
[EDGE-RTT] CID:3 wall=1.3 ms  sim_delay=5.0 ms
>>> [UAV->CLOUD] BLK:6e13|TX:7.0.0.7|CID:3|TS:28.400|SPD:24.7|HDG:1.2|PX:620.9|PY:-40.0|L...
[PASSIVE-BEACON] SIMNOW:28.426 CID:8 ZONE:2 RXUAV:2 EDGEPORT:9996 TS:28.412 SPD:24.600 HDG:1.600 PX:641.600 PY:-40.000 LAN:4 BRK:1 RX_X:0.000 RX_Y:0.000 RX_Z:0.000
[ZONE-ROUTE] CID:8 zone=1 edge_port=9998
[EDGE-RTT] CID:8 wall=1.0 ms  sim_delay=5.0 ms
>>> [UAV->CLOUD] BLK:1d27|TX:7.0.0.12|CID:8|TS:28.412|SPD:24.6|HDG:1.6|PX:641.6|PY:-40.0|...
[ECON-CLAWBACK] CID:3 ACT=WARN prior_payoff=-65.9 extra_penalty=6.0 new_payoff=-72.0
[FORGIVENESS] CID:3 WARN #21 — streak reset, benefits revoked
⚠ [CAR 3] ACT=WARN REP=0.805 RWD=0.000 PNL=6.101 CREDIT=-2
[ECON-CLAWBACK] CID:8 ACT=WARN prior_payoff=-72.051 extra_penalty=6.250 new_payoff=-78.402
[FORGIVENESS] CID:8 WARN #22 — streak reset, benefits revoked
⚠ [CAR 8] ACT=WARN REP=0.565 RWD=0.000 PNL=6.351 CREDIT=-2
[PASSIVE-BEACON] SIMNOW:28.596 CID:6 ZONE:2 RXUAV:2 EDGEPORT:9996 TS:28.582 SPD:14.900 HDG:-2.000 PX:636.600 PY:-20.000 LAN:2 BRK:0 RX_X:0.000 RX_Y:0.000 RX_Z:0.000
[ZONE-ROUTE] CID:6 zone=1 edge_port=9998
[EDGE-RTT] CID:6 wall=1.3 ms  sim_delay=5.0 ms
>>> [UAV->CLOUD] BLK:0b13|TX:7.0.0.10|CID:6|TS:28.582|SPD:14.9|HDG:-2.0|PX:636.6|PY:-20.0...
[ECON-GATE] CID:6 probation active - suppressing OK reward 1.0
✓ [CAR 6] ACT=OK REP=0.328 RWD=0.000 PNL=0.000 CREDIT=5
[PASSIVE-BEACON] SIMNOW:28.616 CID:9 ZONE:2 RXUAV:2 EDGEPORT:9996 TS:28.602 SPD:24.600 HDG:1.000 PX:635.200 PY:-50.000 LAN:5 BRK:0 RX_X:0.000 RX_Y:0.000 RX_Z:0.000
[ZONE-ROUTE] CID:9 zone=1 edge_port=9998
[EDGE-RTT] CID:9 wall=1.1 ms  sim_delay=5.0 ms
>>> [UAV->CLOUD] BLK:ba44|TX:7.0.0.13|CID:9|TS:28.602|SPD:24.6|HDG:1.0|PX:635.2|PY:-50.0|...
[ECON-CLAWBACK] CID:9 ACT=WARN prior_payoff=-48.8 extra_penalty=5.2 new_payoff=-54.1
[FORGIVENESS] CID:9 WARN #18 — streak reset, benefits revoked
⚠ [CAR 9] ACT=WARN REP=0.599 RWD=0.000 PNL=5.350 CREDIT=-2
[PASSIVE-BEACON] SIMNOW:28.644 CID:0 ZONE:2 RXUAV:2 EDGEPORT:9996 TS:28.630 SPD:15.400 HDG:1.000 PX:607.100 PY:-10.000 LAN:1 BRK:1 RX_X:0.000 RX_Y:0.000 RX_Z:0.000
[ZONE-ROUTE] CID:0 zone=1 edge_port=9998
[EDGE-RTT] CID:0 wall=1.1 ms  sim_delay=5.0 ms
>>> [UAV->CLOUD] BLK:4eb1|TX:7.0.0.4|CID:0|TS:28.630|SPD:15.4|HDG:1.0|PX:607.1|PY:-10.0|L...
[ECON-GATE] CID:0 probation active - suppressing OK reward 1.0
✓ [CAR 0] ACT=OK REP=0.354 RWD=0.000 PNL=0.000 CREDIT=9
[PASSIVE-BEACON] SIMNOW:28.756 CID:7 ZONE:2 RXUAV:2 EDGEPORT:9996 TS:28.742 SPD:15.300 HDG:0.100 PX:649.200 PY:-30.000 LAN:3 BRK:0 RX_X:0.000 RX_Y:0.000 RX_Z:0.000
[ZONE-ROUTE] CID:7 zone=1 edge_port=9998
[EDGE-RTT] CID:7 wall=1.1 ms  sim_delay=5.0 ms
>>> [UAV->CLOUD] BLK:2824|TX:7.0.0.11|CID:7|TS:28.742|SPD:15.3|HDG:0.1|PX:649.2|PY:-30.0|...
[ECON-GATE] CID:7 probation active - suppressing OK reward 1.0
✓ [CAR 7] ACT=OK REP=0.748 RWD=0.000 PNL=0.000 CREDIT=1
[PASSIVE-BEACON] SIMNOW:28.786 CID:5 ZONE:2 RXUAV:2 EDGEPORT:9996 TS:28.772 SPD:15.300 HDG:0.500 PX:629.500 PY:-10.000 LAN:1 BRK:0 RX_X:0.000 RX_Y:0.000 RX_Z:0.000
[ZONE-ROUTE] CID:5 zone=1 edge_port=9998
[EDGE-RTT] CID:5 wall=1.2 ms  sim_delay=5.0 ms
>>> [UAV->CLOUD] BLK:96d6|TX:7.0.0.9|CID:5|TS:28.772|SPD:15.3|HDG:0.5|PX:629.5|PY:-10.0|L...
[ECON-GATE] CID:5 probation active - suppressing OK reward 1.0
✓ [CAR 5] ACT=OK REP=0.388 RWD=0.000 PNL=0.000 CREDIT=10
[PASSIVE-BEACON] SIMNOW:28.854 CID:4 ZONE:2 RXUAV:2 EDGEPORT:9996 TS:28.840 SPD:25.100 HDG:-0.800 PX:621.800 PY:-50.000 LAN:5 BRK:0 RX_X:0.000 RX_Y:0.000 RX_Z:0.000
[ZONE-ROUTE] CID:4 zone=1 edge_port=9998
[EDGE-RTT] CID:4 wall=1.1 ms  sim_delay=5.0 ms
>>> [UAV->CLOUD] BLK:1fe7|TX:7.0.0.8|CID:4|TS:28.840|SPD:25.1|HDG:-0.8|PX:621.8|PY:-50.0|...
[ECON-CLAWBACK] CID:4 ACT=WARN prior_payoff=-48.8 extra_penalty=5.2 new_payoff=-54.2
[FORGIVENESS] CID:4 WARN #18 — streak reset, benefits revoked
⚠ [CAR 4] ACT=WARN REP=0.962 RWD=0.000 PNL=5.352 CREDIT=-2
[PASSIVE-BEACON] SIMNOW:28.874 CID:2 ZONE:2 RXUAV:2 EDGEPORT:9996 TS:28.860 SPD:15.200 HDG:-0.400 PX:630.700 PY:-30.000 LAN:3 BRK:1 RX_X:0.000 RX_Y:0.000 RX_Z:0.000
[ZONE-ROUTE] CID:2 zone=1 edge_port=9998
[EDGE-RTT] CID:2 wall=1.1 ms  sim_delay=5.0 ms
>>> [UAV->CLOUD] BLK:4d6f|TX:7.0.0.6|CID:2|TS:28.860|SPD:15.2|HDG:-0.4|PX:630.7|PY:-30.0|...
[PASSIVE-BEACON] SIMNOW:28.874 CID:1 ZONE:2 RXUAV:2 EDGEPORT:9996 TS:28.860 SPD:15.100 HDG:1.700 PX:621.800 PY:-20.000 LAN:2 BRK:1 RX_X:0.000 RX_Y:0.000 RX_Z:0.000
[ZONE-ROUTE] CID:1 zone=1 edge_port=9998
[EDGE-RTT] CID:1 wall=3.1 ms  sim_delay=5.0 ms
>>> [UAV->CLOUD] BLK:e70e|TX:7.0.0.5|CID:1|TS:28.860|SPD:15.1|HDG:1.7|PX:621.8|PY:-20.0|L...
[ECON-GATE] CID:2 probation active - suppressing OK reward 1.0
✓ [CAR 2] ACT=OK REP=0.443 RWD=0.000 PNL=0.000 CREDIT=2
[ECON-GATE] CID:1 probation active - suppressing OK reward 1.000
✓ [CAR 1] ACT=OK REP=0.734 RWD=0.000 PNL=0.000 CREDIT=6
[PASSIVE-BEACON] SIMNOW:28.914 CID:3 ZONE:2 RXUAV:2 EDGEPORT:9996 TS:28.900 SPD:25.100 HDG:-1.900 PX:632.400 PY:-40.000 LAN:4 BRK:0 RX_X:0.000 RX_Y:0.000 RX_Z:0.000
[ZONE-ROUTE] CID:3 zone=1 edge_port=9998
[EDGE-RTT] CID:3 wall=1.2 ms  sim_delay=5.0 ms
>>> [UAV->CLOUD] BLK:2254|TX:7.0.0.7|CID:3|TS:28.900|SPD:25.1|HDG:-1.9|PX:632.4|PY:-40.0|...
[PASSIVE-BEACON] SIMNOW:28.925 CID:8 ZONE:2 RXUAV:2 EDGEPORT:9996 TS:28.912 SPD:24.900 HDG:-0.500 PX:653.000 PY:-40.000 LAN:4 BRK:0 RX_X:0.000 RX_Y:0.000 RX_Z:0.000
[ZONE-ROUTE] CID:8 zone=1 edge_port=9998
[EDGE-RTT] CID:8 wall=1.0 ms  sim_delay=5.0 ms
>>> [UAV->CLOUD] BLK:d733|TX:7.0.0.12|CID:8|TS:28.912|SPD:24.9|HDG:-0.5|PX:653.0|PY:-40.0...
[ECON-CLAWBACK] CID:3 ACT=WARN prior_payoff=-72.0 extra_penalty=6.2 new_payoff=-78.3
[FORGIVENESS] CID:3 WARN #22 — streak reset, benefits revoked
⚠ [CAR 3] ACT=WARN REP=0.786 RWD=0.000 PNL=6.352 CREDIT=-2
[ECON-CLAWBACK] CID:8 ACT=WARN prior_payoff=-78.402 extra_penalty=6.500 new_payoff=-85.004
[FORGIVENESS] CID:8 WARN #23 — streak reset, benefits revoked
⚠ [CAR 8] ACT=WARN REP=0.409 RWD=0.000 PNL=6.602 CREDIT=-2
[PASSIVE-BEACON] SIMNOW:29.099 CID:6 ZONE:2 RXUAV:2 EDGEPORT:9996 TS:29.082 SPD:14.900 HDG:-0.300 PX:645.000 PY:-20.000 LAN:2 BRK:0 RX_X:0.000 RX_Y:0.000 RX_Z:0.000
[ZONE-ROUTE] CID:6 zone=1 edge_port=9998
[EDGE-RTT] CID:6 wall=1.0 ms  sim_delay=5.0 ms
>>> [UAV->CLOUD] BLK:683d|TX:7.0.0.10|CID:6|TS:29.082|SPD:14.9|HDG:-0.3|PX:645.0|PY:-20.0...
[ECON-GATE] CID:6 probation active - suppressing OK reward 1.0
✓ [CAR 6] ACT=OK REP=0.810 RWD=0.000 PNL=0.000 CREDIT=6
[PASSIVE-BEACON] SIMNOW:29.116 CID:9 ZONE:2 RXUAV:2 EDGEPORT:9996 TS:29.102 SPD:25.100 HDG:-1.400 PX:647.900 PY:-50.000 LAN:5 BRK:1 RX_X:0.000 RX_Y:0.000 RX_Z:0.000
[ZONE-ROUTE] CID:9 zone=1 edge_port=9998
[EDGE-RTT] CID:9 wall=1.1 ms  sim_delay=5.0 ms
>>> [UAV->CLOUD] BLK:487d|TX:7.0.0.13|CID:9|TS:29.102|SPD:25.1|HDG:-1.4|PX:647.9|PY:-50.0...
[ECON-CLAWBACK] CID:9 ACT=WARN prior_payoff=-54.1 extra_penalty=5.5 new_payoff=-59.7
[FORGIVENESS] CID:9 WARN #19 — streak reset, benefits revoked
⚠ [CAR 9] ACT=WARN REP=0.605 RWD=0.000 PNL=5.602 CREDIT=-2
[PASSIVE-BEACON] SIMNOW:29.144 CID:0 ZONE:2 RXUAV:2 EDGEPORT:9996 TS:29.130 SPD:14.900 HDG:0.500 PX:615.200 PY:-10.000 LAN:1 BRK:0 RX_X:0.000 RX_Y:0.000 RX_Z:0.000
[ZONE-ROUTE] CID:0 zone=1 edge_port=9998
[EDGE-RTT] CID:0 wall=1.3 ms  sim_delay=5.0 ms
>>> [UAV->CLOUD] BLK:f6af|TX:7.0.0.4|CID:0|TS:29.130|SPD:14.9|HDG:0.5|PX:615.2|PY:-10.0|L...
[ECON-GATE] CID:0 probation active - suppressing OK reward 1.0
✓ [CAR 0] ACT=OK REP=0.345 RWD=0.000 PNL=0.000 CREDIT=10
[PASSIVE-BEACON] SIMNOW:29.256 CID:7 ZONE:2 RXUAV:2 EDGEPORT:9996 TS:29.242 SPD:15.100 HDG:-1.200 PX:656.800 PY:-30.000 LAN:3 BRK:1 RX_X:0.000 RX_Y:0.000 RX_Z:0.000
[ZONE-ROUTE] CID:7 zone=1 edge_port=9998
[EDGE-RTT] CID:7 wall=1.2 ms  sim_delay=5.0 ms
>>> [UAV->CLOUD] BLK:a8a4|TX:7.0.0.11|CID:7|TS:29.242|SPD:15.1|HDG:-1.2|PX:656.8|PY:-30.0...
[ECON-GATE] CID:7 probation active - suppressing OK reward 1.0
✓ [CAR 7] ACT=OK REP=0.512 RWD=0.000 PNL=0.000 CREDIT=2
[PASSIVE-BEACON] SIMNOW:29.286 CID:5 ZONE:2 RXUAV:2 EDGEPORT:9996 TS:29.272 SPD:14.800 HDG:-1.700 PX:637.100 PY:-10.000 LAN:1 BRK:1 RX_X:0.000 RX_Y:0.000 RX_Z:0.000
[ZONE-ROUTE] CID:5 zone=1 edge_port=9998
[EDGE-RTT] CID:5 wall=1.3 ms  sim_delay=5.0 ms
>>> [UAV->CLOUD] BLK:b3a2|TX:7.0.0.9|CID:5|TS:29.272|SPD:14.8|HDG:-1.7|PX:637.1|PY:-10.0|...
[ECON-GATE] CID:5 probation active - suppressing OK reward 1.0
✓ [CAR 5] ACT=OK REP=0.473 RWD=0.000 PNL=0.000 CREDIT=11
[PASSIVE-BEACON] SIMNOW:29.354 CID:4 ZONE:2 RXUAV:2 EDGEPORT:9996 TS:29.340 SPD:25.400 HDG:0.300 PX:634.300 PY:-50.000 LAN:5 BRK:0 RX_X:0.000 RX_Y:0.000 RX_Z:0.000
[ZONE-ROUTE] CID:4 zone=1 edge_port=9998
[EDGE-RTT] CID:4 wall=0.9 ms  sim_delay=5.0 ms
>>> [UAV->CLOUD] BLK:93ac|TX:7.0.0.8|CID:4|TS:29.340|SPD:25.4|HDG:0.3|PX:634.3|PY:-50.0|L...
[ECON-CLAWBACK] CID:4 ACT=WARN prior_payoff=-54.2 extra_penalty=5.5 new_payoff=-59.8
[FORGIVENESS] CID:4 WARN #19 — streak reset, benefits revoked
⚠ [CAR 4] ACT=WARN REP=0.578 RWD=0.000 PNL=5.603 CREDIT=-2
[PASSIVE-BEACON] SIMNOW:29.373 CID:1 ZONE:2 RXUAV:2 EDGEPORT:9996 TS:29.360 SPD:15.200 HDG:1.800 PX:628.000 PY:-20.000 LAN:2 BRK:0 RX_X:0.000 RX_Y:0.000 RX_Z:0.000
[ZONE-ROUTE] CID:1 zone=1 edge_port=9998
[EDGE-RTT] CID:1 wall=1.2 ms  sim_delay=5.0 ms
>>> [UAV->CLOUD] BLK:ad17|TX:7.0.0.5|CID:1|TS:29.360|SPD:15.2|HDG:1.8|PX:628.0|PY:-20.0|L...
[PASSIVE-BEACON] SIMNOW:29.373 CID:2 ZONE:2 RXUAV:2 EDGEPORT:9996 TS:29.360 SPD:14.900 HDG:-1.200 PX:638.700 PY:-30.000 LAN:3 BRK:1 RX_X:0.000 RX_Y:0.000 RX_Z:0.000
[ZONE-ROUTE] CID:2 zone=1 edge_port=9998
[EDGE-RTT] CID:2 wall=1.7 ms  sim_delay=5.0 ms
>>> [UAV->CLOUD] BLK:09dc|TX:7.0.0.6|CID:2|TS:29.360|SPD:14.9|HDG:-1.2|PX:638.7|PY:-30.0|...
[ECON-GATE] CID:1 probation active - suppressing OK reward 1.0
✓ [CAR 1] ACT=OK REP=0.559 RWD=0.000 PNL=0.000 CREDIT=7
[ECON-GATE] CID:2 probation active - suppressing OK reward 1.000
✓ [CAR 2] ACT=OK REP=0.509 RWD=0.000 PNL=0.000 CREDIT=3
[PASSIVE-BEACON] SIMNOW:29.414 CID:3 ZONE:2 RXUAV:2 EDGEPORT:9996 TS:29.400 SPD:24.600 HDG:-0.500 PX:645.700 PY:-40.000 LAN:4 BRK:0 RX_X:0.000 RX_Y:0.000 RX_Z:0.000
[ZONE-ROUTE] CID:3 zone=1 edge_port=9998
[EDGE-RTT] CID:3 wall=1.2 ms  sim_delay=5.0 ms
>>> [UAV->CLOUD] BLK:cb69|TX:7.0.0.7|CID:3|TS:29.400|SPD:24.6|HDG:-0.5|PX:645.7|PY:-40.0|...
[PASSIVE-BEACON] SIMNOW:29.426 CID:8 ZONE:2 RXUAV:2 EDGEPORT:9996 TS:29.412 SPD:25.100 HDG:-1.800 PX:665.200 PY:-40.000 LAN:4 BRK:1 RX_X:0.000 RX_Y:0.000 RX_Z:0.000
[ZONE-ROUTE] CID:8 zone=1 edge_port=9998
[EDGE-RTT] CID:8 wall=1.1 ms  sim_delay=5.0 ms
>>> [UAV->CLOUD] BLK:eedf|TX:7.0.0.12|CID:8|TS:29.412|SPD:25.1|HDG:-1.8|PX:665.2|PY:-40.0...
[ECON-CLAWBACK] CID:3 ACT=WARN prior_payoff=-78.3 extra_penalty=6.5 new_payoff=-84.9
[FORGIVENESS] CID:3 WARN #23 — streak reset, benefits revoked
⚠ [CAR 3] ACT=WARN REP=0.562 RWD=0.000 PNL=6.600 CREDIT=-2
[ECON-CLAWBACK] CID:8 ACT=WARN prior_payoff=-85.004 extra_penalty=6.750 new_payoff=-91.856
[FORGIVENESS] CID:8 WARN #24 — streak reset, benefits revoked
⚠ [CAR 8] ACT=WARN REP=0.283 RWD=0.000 PNL=6.852 CREDIT=-2
[PASSIVE-BEACON] SIMNOW:29.596 CID:6 ZONE:2 RXUAV:2 EDGEPORT:9996 TS:29.582 SPD:15.000 HDG:-1.300 PX:652.000 PY:-20.000 LAN:2 BRK:0 RX_X:0.000 RX_Y:0.000 RX_Z:0.000
[ZONE-ROUTE] CID:6 zone=1 edge_port=9998
[EDGE-RTT] CID:6 wall=1.1 ms  sim_delay=5.0 ms
>>> [UAV->CLOUD] BLK:ca2b|TX:7.0.0.10|CID:6|TS:29.582|SPD:15.0|HDG:-1.3|PX:652.0|PY:-20.0...
[ECON-GATE] CID:6 probation active - suppressing OK reward 1.0
✓ [CAR 6] ACT=OK REP=0.283 RWD=0.000 PNL=0.000 CREDIT=7
[PASSIVE-BEACON] SIMNOW:29.619 CID:9 ZONE:2 RXUAV:2 EDGEPORT:9996 TS:29.602 SPD:24.600 HDG:1.000 PX:660.600 PY:-50.000 LAN:5 BRK:0 RX_X:0.000 RX_Y:0.000 RX_Z:0.000
[ZONE-ROUTE] CID:9 zone=1 edge_port=9998
[EDGE-RTT] CID:9 wall=1.0 ms  sim_delay=5.0 ms
>>> [UAV->CLOUD] BLK:4db7|TX:7.0.0.13|CID:9|TS:29.602|SPD:24.6|HDG:1.0|PX:660.6|PY:-50.0|...
[ECON-CLAWBACK] CID:9 ACT=WARN prior_payoff=-59.7 extra_penalty=5.8 new_payoff=-65.6
[FORGIVENESS] CID:9 WARN #20 — streak reset, benefits revoked
⚠ [CAR 9] ACT=WARN REP=0.664 RWD=0.000 PNL=5.850 CREDIT=-2
[PASSIVE-BEACON] SIMNOW:29.644 CID:0 ZONE:2 RXUAV:2 EDGEPORT:9996 TS:29.630 SPD:14.900 HDG:-1.800 PX:623.400 PY:-10.000 LAN:1 BRK:0 RX_X:0.000 RX_Y:0.000 RX_Z:0.000
[ZONE-ROUTE] CID:0 zone=1 edge_port=9998
[EDGE-RTT] CID:0 wall=1.1 ms  sim_delay=5.0 ms
>>> [UAV->CLOUD] BLK:f014|TX:7.0.0.4|CID:0|TS:29.630|SPD:14.9|HDG:-1.8|PX:623.4|PY:-10.0|...
[ECON-GATE] CID:0 probation active - suppressing OK reward 1.0
✓ [CAR 0] ACT=OK REP=0.237 RWD=0.000 PNL=0.000 CREDIT=11
[PASSIVE-BEACON] SIMNOW:29.754 CID:7 ZONE:2 RXUAV:2 EDGEPORT:9996 TS:29.742 SPD:15.200 HDG:0.100 PX:664.600 PY:-30.000 LAN:3 BRK:0 RX_X:0.000 RX_Y:0.000 RX_Z:0.000
[ZONE-ROUTE] CID:7 zone=1 edge_port=9998
[EDGE-RTT] CID:7 wall=1.0 ms  sim_delay=5.0 ms
>>> [UAV->CLOUD] BLK:a561|TX:7.0.0.11|CID:7|TS:29.742|SPD:15.2|HDG:0.1|PX:664.6|PY:-30.0|...
[ECON-GATE] CID:7 probation active - suppressing OK reward 1.0
✓ [CAR 7] ACT=OK REP=0.614 RWD=0.000 PNL=0.000 CREDIT=3
[PASSIVE-BEACON] SIMNOW:29.786 CID:5 ZONE:2 RXUAV:2 EDGEPORT:9996 TS:29.772 SPD:14.700 HDG:1.600 PX:645.100 PY:-10.000 LAN:1 BRK:0 RX_X:0.000 RX_Y:0.000 RX_Z:0.000
[ZONE-ROUTE] CID:5 zone=1 edge_port=9998
[EDGE-RTT] CID:5 wall=1.1 ms  sim_delay=5.0 ms
>>> [UAV->CLOUD] BLK:123e|TX:7.0.0.9|CID:5|TS:29.772|SPD:14.7|HDG:1.6|PX:645.1|PY:-10.0|L...
[ECON-GATE] CID:5 probation active - suppressing OK reward 1.0
✓ [CAR 5] ACT=OK REP=0.557 RWD=0.000 PNL=0.000 CREDIT=12
[PASSIVE-BEACON] SIMNOW:29.854 CID:4 ZONE:2 RXUAV:2 EDGEPORT:9996 TS:29.840 SPD:24.600 HDG:0.600 PX:647.300 PY:-50.000 LAN:5 BRK:0 RX_X:0.000 RX_Y:0.000 RX_Z:0.000
[ZONE-ROUTE] CID:4 zone=1 edge_port=9998
[EDGE-RTT] CID:4 wall=1.3 ms  sim_delay=5.0 ms
>>> [UAV->CLOUD] BLK:6577|TX:7.0.0.8|CID:4|TS:29.840|SPD:24.6|HDG:0.6|PX:647.3|PY:-50.0|L...
[ECON-CLAWBACK] CID:4 ACT=WARN prior_payoff=-59.8 extra_penalty=5.8 new_payoff=-65.6
[FORGIVENESS] CID:4 WARN #20 — streak reset, benefits revoked
⚠ [CAR 4] ACT=WARN REP=0.858 RWD=0.000 PNL=5.849 CREDIT=-2
[PASSIVE-BEACON] SIMNOW:29.874 CID:2 ZONE:2 RXUAV:2 EDGEPORT:9996 TS:29.860 SPD:14.600 HDG:-1.100 PX:646.100 PY:-30.000 LAN:3 BRK:0 RX_X:0.000 RX_Y:0.000 RX_Z:0.000
[ZONE-ROUTE] CID:2 zone=1 edge_port=9998
[EDGE-RTT] CID:2 wall=1.0 ms  sim_delay=5.0 ms
>>> [UAV->CLOUD] BLK:40db|TX:7.0.0.6|CID:2|TS:29.860|SPD:14.6|HDG:-1.1|PX:646.1|PY:-30.0|...
[PASSIVE-BEACON] SIMNOW:29.874 CID:1 ZONE:2 RXUAV:2 EDGEPORT:9996 TS:29.860 SPD:14.800 HDG:-1.800 PX:635.400 PY:-20.000 LAN:2 BRK:1 RX_X:0.000 RX_Y:0.000 RX_Z:0.000
[ZONE-ROUTE] CID:1 zone=1 edge_port=9998
[EDGE-RTT] CID:1 wall=2.5 ms  sim_delay=5.0 ms
>>> [UAV->CLOUD] BLK:7e25|TX:7.0.0.5|CID:1|TS:29.860|SPD:14.8|HDG:-1.8|PX:635.4|PY:-20.0|...
[ECON-GATE] CID:2 probation active - suppressing OK reward 1.0
✓ [CAR 2] ACT=OK REP=0.414 RWD=0.000 PNL=0.000 CREDIT=4
[ECON-GATE] CID:1 probation active - suppressing OK reward 1.000
✓ [CAR 1] ACT=OK REP=0.675 RWD=0.000 PNL=0.000 CREDIT=8
[PASSIVE-BEACON] SIMNOW:29.914 CID:3 ZONE:2 RXUAV:2 EDGEPORT:9996 TS:29.900 SPD:15.200 HDG:0.000 PX:657.000 PY:-40.000 LAN:4 BRK:0 RX_X:0.000 RX_Y:0.000 RX_Z:0.000
[ZONE-ROUTE] CID:3 zone=1 edge_port=9998
[EDGE-RTT] CID:3 wall=1.4 ms  sim_delay=5.0 ms
>>> [UAV->CLOUD] BLK:2dd2|TX:7.0.0.7|CID:3|TS:29.900|SPD:15.2|HDG:0.0|PX:657.0|PY:-40.0|L...
[PASSIVE-BEACON] SIMNOW:29.926 CID:8 ZONE:2 RXUAV:2 EDGEPORT:9996 TS:29.912 SPD:14.800 HDG:1.800 PX:677.500 PY:-40.000 LAN:4 BRK:0 RX_X:0.000 RX_Y:0.000 RX_Z:0.000
[ZONE-ROUTE] CID:8 zone=1 edge_port=9998
[EDGE-RTT] CID:8 wall=1.2 ms  sim_delay=5.0 ms
>>> [UAV->CLOUD] BLK:7512|TX:7.0.0.12|CID:8|TS:29.912|SPD:14.8|HDG:1.8|PX:677.5|PY:-40.0|...
[ECON-GATE] CID:3 probation active - suppressing OK reward 1.0
✓ [CAR 3] ACT=OK REP=0.596 RWD=0.000 PNL=0.000 CREDIT=0
[ECON-GATE] CID:8 probation active - suppressing OK reward 0.989
✓ [CAR 8] ACT=OK REP=0.460 RWD=0.000 PNL=0.000 CREDIT=0
[HANDOVER] CID:0 trigger from_Z1 to_Z2 at posX=628.200 distLeft=271.800m loaded=NO RAWRESP=[HANDOVER_TRIGGER_ACK CID:0 TO_ZONE:2]
[HANDOVER] CID:1 trigger from_Z1 to_Z2 at posX=638.200 distLeft=261.800m loaded=NO RAWRESP=[HANDOVER_TRIGGER_ACK CID:1 TO_ZONE:2]
[HANDOVER] CID:2 trigger from_Z1 to_Z2 at posX=648.200 distLeft=251.800m loaded=NO RAWRESP=[HANDOVER_TRIGGER_ACK CID:2 TO_ZONE:2]
[HANDOVER] CID:3 trigger from_Z1 to_Z2 at posX=658.200 distLeft=241.800m loaded=NO RAWRESP=[HANDOVER_TRIGGER_ACK CID:3 TO_ZONE:2]
[HANDOVER] CID:4 trigger from_Z1 to_Z2 at posX=650.600 distLeft=249.400m loaded=NO RAWRESP=[HANDOVER_TRIGGER_ACK CID:4 TO_ZONE:2]
[HANDOVER] CID:5 trigger from_Z1 to_Z2 at posX=648.200 distLeft=251.800m loaded=NO RAWRESP=[HANDOVER_TRIGGER_ACK CID:5 TO_ZONE:2]
[HANDOVER] CID:6 trigger from_Z1 to_Z2 at posX=658.200 distLeft=241.800m loaded=NO RAWRESP=[HANDOVER_TRIGGER_ACK CID:6 TO_ZONE:2]
[HANDOVER] CID:7 trigger from_Z1 to_Z2 at posX=668.200 distLeft=231.800m loaded=NO RAWRESP=[HANDOVER_TRIGGER_ACK CID:7 TO_ZONE:2]
[HANDOVER] CID:8 trigger from_Z1 to_Z2 at posX=678.200 distLeft=221.800m loaded=NO RAWRESP=[HANDOVER_TRIGGER_ACK CID:8 TO_ZONE:2]
[HANDOVER] CID:9 trigger from_Z1 to_Z2 at posX=670.600 distLeft=229.400m loaded=NO RAWRESP=[HANDOVER_TRIGGER_ACK CID:9 TO_ZONE:2]
[PASSIVE-BEACON] SIMNOW:30.096 CID:6 ZONE:2 RXUAV:2 EDGEPORT:9996 TS:30.082 SPD:15.100 HDG:-1.900 PX:659.400 PY:-20.000 LAN:2 BRK:1 RX_X:0.000 RX_Y:0.000 RX_Z:0.000
[ZONE-ROUTE] CID:6 zone=1 edge_port=9998
[EDGE-RTT] CID:6 wall=0.9 ms  sim_delay=5.0 ms
>>> [UAV->CLOUD] BLK:6459|TX:7.0.0.10|CID:6|TS:30.082|SPD:15.1|HDG:-1.9|PX:659.4|PY:-20.0...
[ECON-GATE] CID:6 probation active - suppressing OK reward 1.0
✓ [CAR 6] ACT=OK REP=0.357 RWD=0.000 PNL=0.000 CREDIT=8
[PASSIVE-BEACON] SIMNOW:30.119 CID:9 ZONE:2 RXUAV:2 EDGEPORT:9996 TS:30.102 SPD:25.300 HDG:0.500 PX:673.800 PY:-50.000 LAN:5 BRK:0 RX_X:0.000 RX_Y:0.000 RX_Z:0.000
[ZONE-ROUTE] CID:9 zone=1 edge_port=9998
[EDGE-RTT] CID:9 wall=1.2 ms  sim_delay=5.0 ms
>>> [UAV->CLOUD] BLK:f1b2|TX:7.0.0.13|CID:9|TS:30.102|SPD:25.3|HDG:0.5|PX:673.8|PY:-50.0|...
[ECON-CLAWBACK] CID:9 ACT=WARN prior_payoff=-65.6 extra_penalty=6.0 new_payoff=-71.7
[FORGIVENESS] CID:9 WARN #21 — streak reset, benefits revoked
⚠ [CAR 9] ACT=WARN REP=0.493 RWD=0.000 PNL=6.102 CREDIT=-2
[PASSIVE-BEACON] SIMNOW:30.144 CID:0 ZONE:2 RXUAV:2 EDGEPORT:9996 TS:30.130 SPD:14.900 HDG:-0.900 PX:630.100 PY:-10.000 LAN:1 BRK:0 RX_X:0.000 RX_Y:0.000 RX_Z:0.000
[ZONE-ROUTE] CID:0 zone=1 edge_port=9998
[EDGE-RTT] CID:0 wall=1.0 ms  sim_delay=5.0 ms
>>> [UAV->CLOUD] BLK:5399|TX:7.0.0.4|CID:0|TS:30.130|SPD:14.9|HDG:-0.9|PX:630.1|PY:-10.0|...
[ECON-GATE] CID:0 probation active - suppressing OK reward 1.0
✓ [CAR 0] ACT=OK REP=0.507 RWD=0.000 PNL=0.000 CREDIT=12
[PASSIVE-BEACON] SIMNOW:30.256 CID:7 ZONE:2 RXUAV:2 EDGEPORT:9996 TS:30.242 SPD:14.800 HDG:-0.300 PX:671.900 PY:-30.000 LAN:3 BRK:1 RX_X:0.000 RX_Y:0.000 RX_Z:0.000
[ZONE-ROUTE] CID:7 zone=1 edge_port=9998
[EDGE-RTT] CID:7 wall=1.3 ms  sim_delay=5.0 ms
>>> [UAV->CLOUD] BLK:b4b9|TX:7.0.0.11|CID:7|TS:30.242|SPD:14.8|HDG:-0.3|PX:671.9|PY:-30.0...
[ECON-GATE] CID:7 probation active - suppressing OK reward 1.0
✓ [CAR 7] ACT=OK REP=0.411 RWD=0.000 PNL=0.000 CREDIT=4
[PASSIVE-BEACON] SIMNOW:30.289 CID:5 ZONE:2 RXUAV:2 EDGEPORT:9996 TS:30.272 SPD:15.200 HDG:-0.700 PX:652.200 PY:-10.000 LAN:1 BRK:0 RX_X:0.000 RX_Y:0.000 RX_Z:0.000
[ZONE-ROUTE] CID:5 zone=1 edge_port=9998
[EDGE-RTT] CID:5 wall=1.1 ms  sim_delay=5.0 ms
>>> [UAV->CLOUD] BLK:144e|TX:7.0.0.9|CID:5|TS:30.272|SPD:15.2|HDG:-0.7|PX:652.2|PY:-10.0|...
[ECON-GATE] CID:5 probation active - suppressing OK reward 1.0
✓ [CAR 5] ACT=OK REP=0.672 RWD=0.000 PNL=0.000 CREDIT=13
[PASSIVE-BEACON] SIMNOW:30.354 CID:4 ZONE:2 RXUAV:2 EDGEPORT:9996 TS:30.340 SPD:25.500 HDG:-1.100 PX:658.400 PY:-50.000 LAN:5 BRK:0 RX_X:0.000 RX_Y:0.000 RX_Z:0.000
[ZONE-ROUTE] CID:4 zone=1 edge_port=9998
[EDGE-RTT] CID:4 wall=1.2 ms  sim_delay=5.0 ms
>>> [UAV->CLOUD] BLK:c295|TX:7.0.0.8|CID:4|TS:30.340|SPD:25.5|HDG:-1.1|PX:658.4|PY:-50.0|...
[ECON-CLAWBACK] CID:4 ACT=WARN prior_payoff=-65.6 extra_penalty=6.0 new_payoff=-71.7
[FORGIVENESS] CID:4 WARN #21 — streak reset, benefits revoked
⚠ [CAR 4] ACT=WARN REP=0.568 RWD=0.000 PNL=6.103 CREDIT=-2
[PASSIVE-BEACON] SIMNOW:30.374 CID:2 ZONE:2 RXUAV:2 EDGEPORT:9996 TS:30.360 SPD:15.200 HDG:-1.600 PX:653.900 PY:-30.000 LAN:3 BRK:0 RX_X:0.000 RX_Y:0.000 RX_Z:0.000
[ZONE-ROUTE] CID:2 zone=1 edge_port=9998
[EDGE-RTT] CID:2 wall=1.2 ms  sim_delay=5.0 ms
>>> [UAV->CLOUD] BLK:382b|TX:7.0.0.6|CID:2|TS:30.360|SPD:15.2|HDG:-1.6|PX:653.9|PY:-30.0|...
[PASSIVE-BEACON] SIMNOW:30.374 CID:1 ZONE:2 RXUAV:2 EDGEPORT:9996 TS:30.360 SPD:14.700 HDG:-1.400 PX:643.500 PY:-20.000 LAN:2 BRK:0 RX_X:0.000 RX_Y:0.000 RX_Z:0.000
[ZONE-ROUTE] CID:1 zone=1 edge_port=9998
[EDGE-RTT] CID:1 wall=2.8 ms  sim_delay=5.0 ms
>>> [UAV->CLOUD] BLK:4030|TX:7.0.0.5|CID:1|TS:30.360|SPD:14.7|HDG:-1.4|PX:643.5|PY:-20.0|...
[ECON-GATE] CID:2 probation active - suppressing OK reward 1.0
✓ [CAR 2] ACT=OK REP=0.496 RWD=0.000 PNL=0.000 CREDIT=5
[ECON-GATE] CID:1 probation active - suppressing OK reward 1.000
✓ [CAR 1] ACT=OK REP=0.627 RWD=0.000 PNL=0.000 CREDIT=9
[PASSIVE-BEACON] SIMNOW:30.414 CID:3 ZONE:2 RXUAV:2 EDGEPORT:9996 TS:30.400 SPD:15.400 HDG:1.700 PX:663.700 PY:-40.000 LAN:4 BRK:0 RX_X:0.000 RX_Y:0.000 RX_Z:0.000
[ZONE-ROUTE] CID:3 zone=1 edge_port=9998
[EDGE-RTT] CID:3 wall=1.4 ms  sim_delay=5.0 ms
>>> [UAV->CLOUD] BLK:6bf6|TX:7.0.0.7|CID:3|TS:30.400|SPD:15.4|HDG:1.7|PX:663.7|PY:-40.0|L...
[PASSIVE-BEACON] SIMNOW:30.426 CID:8 ZONE:2 RXUAV:2 EDGEPORT:9996 TS:30.412 SPD:14.700 HDG:1.500 PX:684.300 PY:-40.000 LAN:4 BRK:0 RX_X:0.000 RX_Y:0.000 RX_Z:0.000
[ZONE-ROUTE] CID:8 zone=1 edge_port=9998
[EDGE-RTT] CID:8 wall=1.1 ms  sim_delay=5.0 ms
>>> [UAV->CLOUD] BLK:92c0|TX:7.0.0.12|CID:8|TS:30.412|SPD:14.7|HDG:1.5|PX:684.3|PY:-40.0|...
[ECON-GATE] CID:3 probation active - suppressing OK reward 1.0
✓ [CAR 3] ACT=OK REP=0.463 RWD=0.000 PNL=0.000 CREDIT=1
[ECON-GATE] CID:8 probation active - suppressing OK reward 1.000
✓ [CAR 8] ACT=OK REP=0.504 RWD=0.000 PNL=0.000 CREDIT=1
[PASSIVE-BEACON] SIMNOW:30.596 CID:6 ZONE:2 RXUAV:2 EDGEPORT:9996 TS:30.582 SPD:15.100 HDG:0.000 PX:666.900 PY:-20.000 LAN:2 BRK:1 RX_X:0.000 RX_Y:0.000 RX_Z:0.000
[HTD] CID:6 handover Z1->Z2 trust discounted at PX=666.9 delta=0.3 alpha:18.9->7.1 beta:14.7->5.1 obs/window reset probationK=10
[CUSUM] CID:6 activated at HANDOVER Z1->Z2 PX=666.9 warmupK=5 mu0=0.2 h=0.8 minObs=3 edgeMax=0.5
[ZONE-ROUTE] CID:6 zone=2 edge_port=9996
[EDGE-RTT] CID:6 wall=1.5 ms  sim_delay=5.0 ms
[CUSUM-WARMUP] CID:6 warmup 1/5 pEdge=0.0 pCusum=0.0 (skipping)
[POST-HANDOVER] CID:6 zone=2 pkt=1/10 credit_factor=0.1
>>> [UAV->CLOUD] BLK:80ca|TX:7.0.0.10|CID:6|TS:30.582|SPD:15.1|HDG:0.0|PX:666.9|PY:-20.0|...
[ECON-GATE] CID:6 probation active - suppressing OK reward 1.0
✓ [CAR 6] ACT=OK REP=0.603 RWD=0.000 PNL=0.000 CREDIT=9
[PASSIVE-BEACON] SIMNOW:30.616 CID:9 ZONE:2 RXUAV:2 EDGEPORT:9996 TS:30.602 SPD:24.600 HDG:-0.200 PX:685.500 PY:-50.000 LAN:5 BRK:1 RX_X:0.000 RX_Y:0.000 RX_Z:0.000
[HTD] CID:9 handover Z1->Z2 trust discounted at PX=685.5 delta=0.3 alpha:20.0->7.4 beta:13.6->4.8 obs/window reset probationK=10
[CUSUM] CID:9 activated at HANDOVER Z1->Z2 PX=685.5 warmupK=5 mu0=0.2 h=0.8 minObs=3 edgeMax=0.5
[ZONE-ROUTE] CID:9 zone=2 edge_port=9996
[EDGE-RTT] CID:9 wall=1.5 ms  sim_delay=5.0 ms
[CUSUM-WARMUP] CID:9 warmup 1/5 pEdge=0.2 pCusum=0.0 (skipping)
[POST-HANDOVER] CID:9 zone=2 pkt=1/10 credit_factor=0.1
>>> [UAV->CLOUD] BLK:5131|TX:7.0.0.13|CID:9|TS:30.602|SPD:24.6|HDG:-0.2|PX:685.5|PY:-50.0...
[ECON-CLAWBACK] CID:9 ACT=WARN prior_payoff=-71.7 extra_penalty=6.2 new_payoff=-78.0
[FORGIVENESS] CID:9 WARN #22 — streak reset, benefits revoked
⚠ [CAR 9] ACT=WARN REP=0.602 RWD=0.000 PNL=6.350 CREDIT=-2
[PASSIVE-BEACON] SIMNOW:30.647 CID:0 ZONE:2 RXUAV:2 EDGEPORT:9996 TS:30.630 SPD:14.800 HDG:-0.300 PX:637.300 PY:-10.000 LAN:1 BRK:0 RX_X:0.000 RX_Y:0.000 RX_Z:0.000
[HTD] CID:0 handover Z1->Z2 trust discounted at PX=637.3 delta=0.3 alpha:18.5->6.9 beta:15.3->5.3 obs/window reset probationK=10
[CUSUM] CID:0 activated at HANDOVER Z1->Z2 PX=637.3 warmupK=5 mu0=0.2 h=0.8 minObs=3 edgeMax=0.5
[ZONE-ROUTE] CID:0 zone=2 edge_port=9996
[EDGE-RTT] CID:0 wall=1.6 ms  sim_delay=5.0 ms
[CUSUM-WARMUP] CID:0 warmup 1/5 pEdge=0.0 pCusum=0.0 (skipping)
[POST-HANDOVER] CID:0 zone=2 pkt=1/10 credit_factor=0.1
>>> [UAV->CLOUD] BLK:e5e6|TX:7.0.0.4|CID:0|TS:30.630|SPD:14.8|HDG:-0.3|PX:637.3|PY:-10.0|...
[ECON-GATE] CID:0 probation active - suppressing OK reward 1.0
✓ [CAR 0] ACT=OK REP=0.673 RWD=0.000 PNL=0.000 CREDIT=13
[PASSIVE-BEACON] SIMNOW:30.756 CID:7 ZONE:2 RXUAV:2 EDGEPORT:9996 TS:30.742 SPD:15.100 HDG:-0.900 PX:679.700 PY:-30.000 LAN:3 BRK:0 RX_X:0.000 RX_Y:0.000 RX_Z:0.000
[HTD] CID:7 handover Z1->Z2 trust discounted at PX=679.7 delta=0.3 alpha:18.5->6.9 beta:15.3->5.3 obs/window reset probationK=10
[CUSUM] CID:7 activated at HANDOVER Z1->Z2 PX=679.7 warmupK=5 mu0=0.2 h=0.8 minObs=3 edgeMax=0.5
[ZONE-ROUTE] CID:7 zone=2 edge_port=9996
[EDGE-RTT] CID:7 wall=1.4 ms  sim_delay=5.0 ms
[CUSUM-WARMUP] CID:7 warmup 1/5 pEdge=0.0 pCusum=0.0 (skipping)
[POST-HANDOVER] CID:7 zone=2 pkt=1/10 credit_factor=0.1
>>> [UAV->CLOUD] BLK:627e|TX:7.0.0.11|CID:7|TS:30.742|SPD:15.1|HDG:-0.9|PX:679.7|PY:-30.0...
[ECON-GATE] CID:7 probation active - suppressing OK reward 1.0
✓ [CAR 7] ACT=OK REP=0.463 RWD=0.000 PNL=0.000 CREDIT=5
[PASSIVE-BEACON] SIMNOW:30.787 CID:5 ZONE:2 RXUAV:2 EDGEPORT:9996 TS:30.772 SPD:14.700 HDG:-1.800 PX:660.200 PY:-10.000 LAN:1 BRK:0 RX_X:0.000 RX_Y:0.000 RX_Z:0.000
[HTD] CID:5 handover Z1->Z2 trust discounted at PX=660.2 delta=0.3 alpha:19.4->7.2 beta:14.1->4.9 obs/window reset probationK=10
[CUSUM] CID:5 activated at HANDOVER Z1->Z2 PX=660.2 warmupK=5 mu0=0.2 h=0.8 minObs=3 edgeMax=0.5
[ZONE-ROUTE] CID:5 zone=2 edge_port=9996
[EDGE-RTT] CID:5 wall=1.2 ms  sim_delay=5.0 ms
[CUSUM-WARMUP] CID:5 warmup 1/5 pEdge=0.0 pCusum=0.0 (skipping)
[POST-HANDOVER] CID:5 zone=2 pkt=1/10 credit_factor=0.1
>>> [UAV->CLOUD] BLK:279c|TX:7.0.0.9|CID:5|TS:30.772|SPD:14.7|HDG:-1.8|PX:660.2|PY:-10.0|...
[ECON-GATE] CID:5 probation active - suppressing OK reward 1.0
[ECON-RESTORE] CID:5 probation cleared after 15 clean packets
✓ [CAR 5] ACT=OK REP=0.744 RWD=0.000 PNL=0.000 CREDIT=14
[PASSIVE-BEACON] SIMNOW:30.854 CID:4 ZONE:2 RXUAV:2 EDGEPORT:9996 TS:30.840 SPD:24.600 HDG:-1.600 PX:672.000 PY:-50.000 LAN:5 BRK:0 RX_X:0.000 RX_Y:0.000 RX_Z:0.000
[HTD] CID:4 handover Z1->Z2 trust discounted at PX=672.0 delta=0.3 alpha:19.5->7.2 beta:13.6->4.8 obs/window reset probationK=10
[CUSUM] CID:4 activated at HANDOVER Z1->Z2 PX=672.0 warmupK=5 mu0=0.2 h=0.8 minObs=3 edgeMax=0.5
[ZONE-ROUTE] CID:4 zone=2 edge_port=9996
[EDGE-RTT] CID:4 wall=1.4 ms  sim_delay=5.0 ms
[CUSUM-WARMUP] CID:4 warmup 1/5 pEdge=0.2 pCusum=0.0 (skipping)
[POST-HANDOVER] CID:4 zone=2 pkt=1/10 credit_factor=0.1
>>> [UAV->CLOUD] BLK:08fc|TX:7.0.0.8|CID:4|TS:30.840|SPD:24.6|HDG:-1.6|PX:672.0|PY:-50.0|...
[ECON-CLAWBACK] CID:4 ACT=WARN prior_payoff=-71.7 extra_penalty=6.2 new_payoff=-78.1
[FORGIVENESS] CID:4 WARN #22 — streak reset, benefits revoked
⚠ [CAR 4] ACT=WARN REP=0.626 RWD=0.000 PNL=6.351 CREDIT=-2
[PASSIVE-BEACON] SIMNOW:30.874 CID:2 ZONE:2 RXUAV:2 EDGEPORT:9996 TS:30.860 SPD:15.100 HDG:0.700 PX:661.600 PY:-30.000 LAN:3 BRK:0 RX_X:0.000 RX_Y:0.000 RX_Z:0.000
[HTD] CID:2 handover Z1->Z2 trust discounted at PX=661.6 delta=0.3 alpha:19.0->7.1 beta:14.8->5.1 obs/window reset probationK=10
[CUSUM] CID:2 activated at HANDOVER Z1->Z2 PX=661.6 warmupK=5 mu0=0.2 h=0.8 minObs=3 edgeMax=0.5
[ZONE-ROUTE] CID:2 zone=2 edge_port=9996
[EDGE-RTT] CID:2 wall=1.5 ms  sim_delay=5.0 ms
[CUSUM-WARMUP] CID:2 warmup 1/5 pEdge=0.0 pCusum=0.0 (skipping)
[POST-HANDOVER] CID:2 zone=2 pkt=1/10 credit_factor=0.1
>>> [UAV->CLOUD] BLK:e225|TX:7.0.0.6|CID:2|TS:30.860|SPD:15.1|HDG:0.7|PX:661.6|PY:-30.0|L...
[PASSIVE-BEACON] SIMNOW:30.874 CID:1 ZONE:2 RXUAV:2 EDGEPORT:9996 TS:30.860 SPD:15.300 HDG:1.800 PX:651.700 PY:-20.000 LAN:2 BRK:0 RX_X:0.000 RX_Y:0.000 RX_Z:0.000
[HTD] CID:1 handover Z1->Z2 trust discounted at PX=651.7 delta=0.3 alpha:18.5->6.9 beta:14.7->5.1 obs/window reset probationK=10
[CUSUM] CID:1 activated at HANDOVER Z1->Z2 PX=651.7 warmupK=5 mu0=0.2 h=0.8 minObs=3 edgeMax=0.5
[ZONE-ROUTE] CID:1 zone=2 edge_port=9996
[EDGE-RTT] CID:1 wall=1.3 ms  sim_delay=5.0 ms
[CUSUM-WARMUP] CID:1 warmup 1/5 pEdge=0.0 pCusum=0.0 (skipping)
[POST-HANDOVER] CID:1 zone=2 pkt=1/10 credit_factor=0.1
>>> [UAV->CLOUD] BLK:af5e|TX:7.0.0.5|CID:1|TS:30.860|SPD:15.3|HDG:1.8|PX:651.7|PY:-20.0|L...
[ECON-GATE] CID:1 probation active - suppressing OK reward 1.0
✓ [CAR 1] ACT=OK REP=0.516 RWD=0.000 PNL=0.000 CREDIT=10
[ECON-GATE] CID:2 probation active - suppressing OK reward 1.000
✓ [CAR 2] ACT=OK REP=0.504 RWD=0.000 PNL=0.000 CREDIT=6
[PASSIVE-BEACON] SIMNOW:30.914 CID:3 ZONE:2 RXUAV:2 EDGEPORT:9996 TS:30.900 SPD:15.200 HDG:0.400 PX:672.100 PY:-40.000 LAN:4 BRK:0 RX_X:0.000 RX_Y:0.000 RX_Z:0.000
[HTD] CID:3 handover Z1->Z2 trust discounted at PX=672.1 delta=0.3 alpha:18.4->6.9 beta:14.7->5.1 obs/window reset probationK=10
[CUSUM] CID:3 activated at HANDOVER Z1->Z2 PX=672.1 warmupK=5 mu0=0.2 h=0.8 minObs=3 edgeMax=0.5
[ZONE-ROUTE] CID:3 zone=2 edge_port=9996
[EDGE-RTT] CID:3 wall=6.0 ms  sim_delay=5.0 ms
[CUSUM-WARMUP] CID:3 warmup 1/5 pEdge=0.0 pCusum=0.0 (skipping)
[POST-HANDOVER] CID:3 zone=2 pkt=1/10 credit_factor=0.1
>>> [UAV->CLOUD] BLK:f6cb|TX:7.0.0.7|CID:3|TS:30.900|SPD:15.2|HDG:0.4|PX:672.1|PY:-40.0|L...
[PASSIVE-BEACON] SIMNOW:30.926 CID:8 ZONE:2 RXUAV:2 EDGEPORT:9996 TS:30.912 SPD:15.300 HDG:0.600 PX:692.600 PY:-40.000 LAN:4 BRK:1 RX_X:0.000 RX_Y:0.000 RX_Z:0.000
[HTD] CID:8 handover Z1->Z2 trust discounted at PX=692.6 delta=0.3 alpha:18.0->6.8 beta:15.4->5.3 obs/window reset probationK=10
[CUSUM] CID:8 activated at HANDOVER Z1->Z2 PX=692.6 warmupK=5 mu0=0.2 h=0.8 minObs=3 edgeMax=0.5
[ZONE-ROUTE] CID:8 zone=2 edge_port=9996
[EDGE-RTT] CID:8 wall=1.3 ms  sim_delay=5.0 ms
[CUSUM-WARMUP] CID:8 warmup 1/5 pEdge=0.0 pCusum=0.0 (skipping)
[POST-HANDOVER] CID:8 zone=2 pkt=1/10 credit_factor=0.1
>>> [UAV->CLOUD] BLK:4bf5|TX:7.0.0.12|CID:8|TS:30.912|SPD:15.3|HDG:0.6|PX:692.6|PY:-40.0|...
[ECON-GATE] CID:3 probation active - suppressing OK reward 1.0
✓ [CAR 3] ACT=OK REP=0.569 RWD=0.000 PNL=0.000 CREDIT=2
[ECON-GATE] CID:8 probation active - suppressing OK reward 0.999
✓ [CAR 8] ACT=OK REP=0.578 RWD=0.000 PNL=0.000 CREDIT=2
[PASSIVE-BEACON] SIMNOW:31.096 CID:6 ZONE:2 RXUAV:2 EDGEPORT:9996 TS:31.082 SPD:14.700 HDG:-1.600 PX:674.600 PY:-20.000 LAN:2 BRK:1 RX_X:0.000 RX_Y:0.000 RX_Z:0.000
[ZONE-ROUTE] CID:6 zone=2 edge_port=9996
[EDGE-RTT] CID:6 wall=1.6 ms  sim_delay=5.0 ms
[CUSUM-WARMUP] CID:6 warmup 2/5 pEdge=0.0 pCusum=0.0 (skipping)
[POST-HANDOVER] CID:6 zone=2 pkt=2/10 credit_factor=0.1
>>> [UAV->CLOUD] BLK:7bf7|TX:7.0.0.10|CID:6|TS:31.082|SPD:14.7|HDG:-1.6|PX:674.6|PY:-20.0...
[ECON-GATE] CID:6 probation active - suppressing OK reward 1.0
✓ [CAR 6] ACT=OK REP=0.407 RWD=0.000 PNL=0.000 CREDIT=10
[PASSIVE-BEACON] SIMNOW:31.116 CID:9 ZONE:2 RXUAV:2 EDGEPORT:9996 TS:31.102 SPD:24.600 HDG:-0.900 PX:698.500 PY:-50.000 LAN:5 BRK:0 RX_X:0.000 RX_Y:0.000 RX_Z:0.000
[ZONE-ROUTE] CID:9 zone=2 edge_port=9996
[EDGE-RTT] CID:9 wall=1.6 ms  sim_delay=5.0 ms
[CUSUM-WARMUP] CID:9 warmup 2/5 pEdge=0.2 pCusum=0.0 (skipping)
[POST-HANDOVER] CID:9 zone=2 pkt=2/10 credit_factor=0.1
>>> [UAV->CLOUD] BLK:86b1|TX:7.0.0.13|CID:9|TS:31.102|SPD:24.6|HDG:-0.9|PX:698.5|PY:-50.0...
[ECON-CLAWBACK] CID:9 ACT=WARN prior_payoff=-78.0 extra_penalty=6.5 new_payoff=-84.6
[FORGIVENESS] CID:9 WARN #23 — streak reset, benefits revoked
⚠ [CAR 9] ACT=WARN REP=0.586 RWD=0.000 PNL=6.600 CREDIT=-2
[PASSIVE-BEACON] SIMNOW:31.143 CID:0 ZONE:2 RXUAV:2 EDGEPORT:9996 TS:31.130 SPD:15.200 HDG:-1.600 PX:644.500 PY:-10.000 LAN:1 BRK:0 RX_X:0.000 RX_Y:0.000 RX_Z:0.000
[ZONE-ROUTE] CID:0 zone=2 edge_port=9996
[EDGE-RTT] CID:0 wall=1.5 ms  sim_delay=5.0 ms
[CUSUM-WARMUP] CID:0 warmup 2/5 pEdge=0.0 pCusum=0.0 (skipping)
[POST-HANDOVER] CID:0 zone=2 pkt=2/10 credit_factor=0.1
>>> [UAV->CLOUD] BLK:0fd8|TX:7.0.0.4|CID:0|TS:31.130|SPD:15.2|HDG:-1.6|PX:644.5|PY:-10.0|...
[ECON-GATE] CID:0 probation active - suppressing OK reward 1.0
[ECON-RESTORE] CID:0 probation cleared after 15 clean packets
✓ [CAR 0] ACT=OK REP=0.633 RWD=0.000 PNL=0.000 CREDIT=14
[PASSIVE-BEACON] SIMNOW:31.255 CID:7 ZONE:2 RXUAV:2 EDGEPORT:9996 TS:31.242 SPD:14.600 HDG:0.500 PX:686.700 PY:-30.000 LAN:3 BRK:0 RX_X:0.000 RX_Y:0.000 RX_Z:0.000
[ZONE-ROUTE] CID:7 zone=2 edge_port=9996
[EDGE-RTT] CID:7 wall=1.6 ms  sim_delay=5.0 ms
[CUSUM-WARMUP] CID:7 warmup 2/5 pEdge=0.0 pCusum=0.0 (skipping)
[POST-HANDOVER] CID:7 zone=2 pkt=2/10 credit_factor=0.1
>>> [UAV->CLOUD] BLK:fef3|TX:7.0.0.11|CID:7|TS:31.242|SPD:14.6|HDG:0.5|PX:686.7|PY:-30.0|...
[ECON-GATE] CID:7 probation active - suppressing OK reward 1.0
✓ [CAR 7] ACT=OK REP=0.600 RWD=0.000 PNL=0.000 CREDIT=6
[PASSIVE-BEACON] SIMNOW:31.286 CID:5 ZONE:2 RXUAV:2 EDGEPORT:9996 TS:31.272 SPD:14.600 HDG:0.900 PX:667.700 PY:-10.000 LAN:1 BRK:0 RX_X:0.000 RX_Y:0.000 RX_Z:0.000
[ZONE-ROUTE] CID:5 zone=2 edge_port=9996
[EDGE-RTT] CID:5 wall=1.3 ms  sim_delay=5.0 ms
[CUSUM-WARMUP] CID:5 warmup 2/5 pEdge=0.0 pCusum=0.0 (skipping)
[POST-HANDOVER] CID:5 zone=2 pkt=2/10 credit_factor=0.1
>>> [UAV->CLOUD] BLK:0c3e|TX:7.0.0.9|CID:5|TS:31.272|SPD:14.6|HDG:0.9|PX:667.7|PY:-10.0|L...
✓ [CAR 5] ACT=OK REP=0.528 RWD=1.000 PNL=0.000 CREDIT=15
[PASSIVE-BEACON] SIMNOW:31.354 CID:4 ZONE:2 RXUAV:2 EDGEPORT:9996 TS:31.340 SPD:25.100 HDG:-1.400 PX:683.600 PY:-50.000 LAN:5 BRK:0 RX_X:0.000 RX_Y:0.000 RX_Z:0.000
[ZONE-ROUTE] CID:4 zone=2 edge_port=9996
[EDGE-RTT] CID:4 wall=1.4 ms  sim_delay=5.0 ms
[CUSUM-WARMUP] CID:4 warmup 2/5 pEdge=0.2 pCusum=0.0 (skipping)
[POST-HANDOVER] CID:4 zone=2 pkt=2/10 credit_factor=0.1
>>> [UAV->CLOUD] BLK:d515|TX:7.0.0.8|CID:4|TS:31.340|SPD:25.1|HDG:-1.4|PX:683.6|PY:-50.0|...
[ECON-CLAWBACK] CID:4 ACT=WARN prior_payoff=-78.1 extra_penalty=6.5 new_payoff=-84.7
[FORGIVENESS] CID:4 WARN #23 — streak reset, benefits revoked
⚠ [CAR 4] ACT=WARN REP=0.560 RWD=0.000 PNL=6.602 CREDIT=-2
[PASSIVE-BEACON] SIMNOW:31.374 CID:2 ZONE:2 RXUAV:2 EDGEPORT:9996 TS:31.360 SPD:14.800 HDG:1.500 PX:669.300 PY:-30.000 LAN:3 BRK:0 RX_X:0.000 RX_Y:0.000 RX_Z:0.000
[ZONE-ROUTE] CID:2 zone=2 edge_port=9996
[EDGE-RTT] CID:2 wall=1.2 ms  sim_delay=5.0 ms
[CUSUM-WARMUP] CID:2 warmup 2/5 pEdge=0.0 pCusum=0.0 (skipping)
[POST-HANDOVER] CID:2 zone=2 pkt=2/10 credit_factor=0.1
>>> [UAV->CLOUD] BLK:d7f6|TX:7.0.0.6|CID:2|TS:31.360|SPD:14.8|HDG:1.5|PX:669.3|PY:-30.0|L...
[PASSIVE-BEACON] SIMNOW:31.374 CID:1 ZONE:2 RXUAV:2 EDGEPORT:9996 TS:31.360 SPD:14.800 HDG:0.100 PX:658.800 PY:-20.000 LAN:2 BRK:0 RX_X:0.000 RX_Y:0.000 RX_Z:0.000
[ZONE-ROUTE] CID:1 zone=2 edge_port=9996
[EDGE-RTT] CID:1 wall=1.2 ms  sim_delay=5.0 ms
[CUSUM-WARMUP] CID:1 warmup 2/5 pEdge=0.0 pCusum=0.0 (skipping)
[POST-HANDOVER] CID:1 zone=2 pkt=2/10 credit_factor=0.1
>>> [UAV->CLOUD] BLK:08ba|TX:7.0.0.5|CID:1|TS:31.360|SPD:14.8|HDG:0.1|PX:658.8|PY:-20.0|L...
[ECON-GATE] CID:1 probation active - suppressing OK reward 1.0
✓ [CAR 1] ACT=OK REP=0.406 RWD=0.000 PNL=0.000 CREDIT=11
[ECON-GATE] CID:2 probation active - suppressing OK reward 1.000
✓ [CAR 2] ACT=OK REP=0.568 RWD=0.000 PNL=0.000 CREDIT=7
[PASSIVE-BEACON] SIMNOW:31.414 CID:3 ZONE:2 RXUAV:2 EDGEPORT:9996 TS:31.400 SPD:14.700 HDG:-0.100 PX:679.400 PY:-40.000 LAN:4 BRK:0 RX_X:0.000 RX_Y:0.000 RX_Z:0.000
[ZONE-ROUTE] CID:3 zone=2 edge_port=9996
[EDGE-RTT] CID:3 wall=1.5 ms  sim_delay=5.0 ms
[CUSUM-WARMUP] CID:3 warmup 2/5 pEdge=0.0 pCusum=0.0 (skipping)
[POST-HANDOVER] CID:3 zone=2 pkt=2/10 credit_factor=0.1
>>> [UAV->CLOUD] BLK:ebfb|TX:7.0.0.7|CID:3|TS:31.400|SPD:14.7|HDG:-0.1|PX:679.4|PY:-40.0|...
[PASSIVE-BEACON] SIMNOW:31.426 CID:8 ZONE:2 RXUAV:2 EDGEPORT:9996 TS:31.412 SPD:14.900 HDG:-0.900 PX:699.000 PY:-40.000 LAN:4 BRK:1 RX_X:0.000 RX_Y:0.000 RX_Z:0.000
[ZONE-ROUTE] CID:8 zone=2 edge_port=9996
[EDGE-RTT] CID:8 wall=1.5 ms  sim_delay=5.0 ms
[CUSUM-WARMUP] CID:8 warmup 2/5 pEdge=0.0 pCusum=0.0 (skipping)
[POST-HANDOVER] CID:8 zone=2 pkt=2/10 credit_factor=0.1
>>> [UAV->CLOUD] BLK:4897|TX:7.0.0.12|CID:8|TS:31.412|SPD:14.9|HDG:-0.9|PX:699.0|PY:-40.0...
[ECON-GATE] CID:3 probation active - suppressing OK reward 1.0
✓ [CAR 3] ACT=OK REP=0.678 RWD=0.000 PNL=0.000 CREDIT=3
[ECON-GATE] CID:8 probation active - suppressing OK reward 1.000
✓ [CAR 8] ACT=OK REP=0.432 RWD=0.000 PNL=0.000 CREDIT=3
[PASSIVE-BEACON] SIMNOW:31.596 CID:6 ZONE:2 RXUAV:2 EDGEPORT:9996 TS:31.582 SPD:14.600 HDG:1.400 PX:682.500 PY:-20.000 LAN:2 BRK:0 RX_X:0.000 RX_Y:0.000 RX_Z:0.000
[ZONE-ROUTE] CID:6 zone=2 edge_port=9996
[EDGE-RTT] CID:6 wall=1.6 ms  sim_delay=5.0 ms
[CUSUM-WARMUP] CID:6 warmup 3/5 pEdge=0.0 pCusum=0.0 (skipping)
[POST-HANDOVER] CID:6 zone=2 pkt=3/10 credit_factor=0.1
>>> [UAV->CLOUD] BLK:2f2a|TX:7.0.0.10|CID:6|TS:31.582|SPD:14.6|HDG:1.4|PX:682.5|PY:-20.0|...
[ECON-GATE] CID:6 probation active - suppressing OK reward 1.0
✓ [CAR 6] ACT=OK REP=0.469 RWD=0.000 PNL=0.000 CREDIT=11
[PASSIVE-BEACON] SIMNOW:31.618 CID:9 ZONE:2 RXUAV:2 EDGEPORT:9996 TS:31.602 SPD:24.700 HDG:1.300 PX:711.000 PY:-50.000 LAN:5 BRK:1 RX_X:0.000 RX_Y:0.000 RX_Z:0.000
[ZONE-ROUTE] CID:9 zone=2 edge_port=9996
[EDGE-RTT] CID:9 wall=1.6 ms  sim_delay=5.0 ms
[CUSUM-WARMUP] CID:9 warmup 3/5 pEdge=0.2 pCusum=0.0 (skipping)
[POST-HANDOVER] CID:9 zone=2 pkt=3/10 credit_factor=0.1
>>> [UAV->CLOUD] BLK:8521|TX:7.0.0.13|CID:9|TS:31.602|SPD:24.7|HDG:1.3|PX:711.0|PY:-50.0|...
[ECON-CLAWBACK] CID:9 ACT=WARN prior_payoff=-84.6 extra_penalty=6.8 new_payoff=-91.5
[FORGIVENESS] CID:9 WARN #24 — streak reset, benefits revoked
⚠ [CAR 9] ACT=WARN REP=0.634 RWD=0.000 PNL=6.851 CREDIT=-2
[PASSIVE-BEACON] SIMNOW:31.644 CID:0 ZONE:2 RXUAV:2 EDGEPORT:9996 TS:31.630 SPD:14.600 HDG:1.000 PX:652.700 PY:-10.000 LAN:1 BRK:0 RX_X:0.000 RX_Y:0.000 RX_Z:0.000
[ZONE-ROUTE] CID:0 zone=2 edge_port=9996
[EDGE-RTT] CID:0 wall=1.6 ms  sim_delay=5.0 ms
[CUSUM-WARMUP] CID:0 warmup 3/5 pEdge=0.0 pCusum=0.0 (skipping)
[POST-HANDOVER] CID:0 zone=2 pkt=3/10 credit_factor=0.1
>>> [UAV->CLOUD] BLK:e507|TX:7.0.0.4|CID:0|TS:31.630|SPD:14.6|HDG:1.0|PX:652.7|PY:-10.0|L...
✓ [CAR 0] ACT=OK REP=0.498 RWD=1.000 PNL=0.000 CREDIT=15
[PASSIVE-BEACON] SIMNOW:31.756 CID:7 ZONE:2 RXUAV:2 EDGEPORT:9996 TS:31.742 SPD:15.000 HDG:-2.000 PX:694.100 PY:-30.000 LAN:3 BRK:0 RX_X:0.000 RX_Y:0.000 RX_Z:0.000
[ZONE-ROUTE] CID:7 zone=2 edge_port=9996
[EDGE-RTT] CID:7 wall=1.6 ms  sim_delay=5.0 ms
[CUSUM-WARMUP] CID:7 warmup 3/5 pEdge=0.0 pCusum=0.0 (skipping)
[POST-HANDOVER] CID:7 zone=2 pkt=3/10 credit_factor=0.1
>>> [UAV->CLOUD] BLK:8ece|TX:7.0.0.11|CID:7|TS:31.742|SPD:15.0|HDG:-2.0|PX:694.1|PY:-30.0...
[ECON-GATE] CID:7 probation active - suppressing OK reward 1.0
✓ [CAR 7] ACT=OK REP=0.749 RWD=0.000 PNL=0.000 CREDIT=7
[PASSIVE-BEACON] SIMNOW:31.786 CID:5 ZONE:2 RXUAV:2 EDGEPORT:9996 TS:31.772 SPD:15.100 HDG:1.000 PX:675.100 PY:-10.000 LAN:1 BRK:1 RX_X:0.000 RX_Y:0.000 RX_Z:0.000
[ZONE-ROUTE] CID:5 zone=2 edge_port=9996
[EDGE-RTT] CID:5 wall=1.5 ms  sim_delay=5.0 ms
[CUSUM-WARMUP] CID:5 warmup 3/5 pEdge=0.0 pCusum=0.0 (skipping)
[POST-HANDOVER] CID:5 zone=2 pkt=3/10 credit_factor=0.1
>>> [UAV->CLOUD] BLK:e56a|TX:7.0.0.9|CID:5|TS:31.772|SPD:15.1|HDG:1.0|PX:675.1|PY:-10.0|L...
✓ [CAR 5] ACT=OK REP=0.604 RWD=1.000 PNL=0.000 CREDIT=16
[PASSIVE-BEACON] SIMNOW:31.857 CID:4 ZONE:2 RXUAV:2 EDGEPORT:9996 TS:31.840 SPD:15.400 HDG:-0.100 PX:695.500 PY:-50.000 LAN:5 BRK:0 RX_X:0.000 RX_Y:0.000 RX_Z:0.000
[ZONE-ROUTE] CID:4 zone=2 edge_port=9996
[EDGE-RTT] CID:4 wall=1.5 ms  sim_delay=5.0 ms
[CUSUM-WARMUP] CID:4 warmup 3/5 pEdge=0.0 pCusum=0.3 (skipping)
[POST-HANDOVER] CID:4 zone=2 pkt=3/10 credit_factor=0.1
>>> [UAV->CLOUD] BLK:3630|TX:7.0.0.8|CID:4|TS:31.840|SPD:15.4|HDG:-0.1|PX:695.5|PY:-50.0|...
[ECON-GATE] CID:4 probation active - suppressing OK reward 1.0
✓ [CAR 4] ACT=OK REP=0.648 RWD=0.000 PNL=0.000 CREDIT=0
[PASSIVE-BEACON] SIMNOW:31.874 CID:2 ZONE:2 RXUAV:2 EDGEPORT:9996 TS:31.860 SPD:15.000 HDG:0.300 PX:676.700 PY:-30.000 LAN:3 BRK:0 RX_X:0.000 RX_Y:0.000 RX_Z:0.000
[ZONE-ROUTE] CID:2 zone=2 edge_port=9996
[EDGE-RTT] CID:2 wall=1.7 ms  sim_delay=5.0 ms
[CUSUM-WARMUP] CID:2 warmup 3/5 pEdge=0.0 pCusum=0.0 (skipping)
[POST-HANDOVER] CID:2 zone=2 pkt=3/10 credit_factor=0.1
>>> [UAV->CLOUD] BLK:b987|TX:7.0.0.6|CID:2|TS:31.860|SPD:15.0|HDG:0.3|PX:676.7|PY:-30.0|L...
[PASSIVE-BEACON] SIMNOW:31.874 CID:1 ZONE:2 RXUAV:2 EDGEPORT:9996 TS:31.860 SPD:14.800 HDG:0.900 PX:666.600 PY:-20.000 LAN:2 BRK:0 RX_X:0.000 RX_Y:0.000 RX_Z:0.000
[ZONE-ROUTE] CID:1 zone=2 edge_port=9996
[EDGE-RTT] CID:1 wall=0.9 ms  sim_delay=5.0 ms
[CUSUM-WARMUP] CID:1 warmup 3/5 pEdge=0.0 pCusum=0.0 (skipping)
[POST-HANDOVER] CID:1 zone=2 pkt=3/10 credit_factor=0.1
>>> [UAV->CLOUD] BLK:1dd8|TX:7.0.0.5|CID:1|TS:31.860|SPD:14.8|HDG:0.9|PX:666.6|PY:-20.0|L...
[ECON-GATE] CID:1 probation active - suppressing OK reward 1.0
✓ [CAR 1] ACT=OK REP=0.678 RWD=0.000 PNL=0.000 CREDIT=12
[ECON-GATE] CID:2 probation active - suppressing OK reward 0.997
✓ [CAR 2] ACT=OK REP=0.457 RWD=0.000 PNL=0.000 CREDIT=8
[PASSIVE-BEACON] SIMNOW:31.914 CID:3 ZONE:2 RXUAV:2 EDGEPORT:9996 TS:31.900 SPD:15.000 HDG:0.900 PX:686.300 PY:-40.000 LAN:4 BRK:0 RX_X:0.000 RX_Y:0.000 RX_Z:0.000
[ZONE-ROUTE] CID:3 zone=2 edge_port=9996
[EDGE-RTT] CID:3 wall=1.5 ms  sim_delay=5.0 ms
[CUSUM-WARMUP] CID:3 warmup 3/5 pEdge=0.0 pCusum=0.0 (skipping)
[POST-HANDOVER] CID:3 zone=2 pkt=3/10 credit_factor=0.1
>>> [UAV->CLOUD] BLK:e5ab|TX:7.0.0.7|CID:3|TS:31.900|SPD:15.0|HDG:0.9|PX:686.3|PY:-40.0|L...
[PASSIVE-BEACON] SIMNOW:31.926 CID:8 ZONE:2 RXUAV:2 EDGEPORT:9996 TS:31.912 SPD:14.900 HDG:0.600 PX:706.800 PY:-40.000 LAN:4 BRK:1 RX_X:0.000 RX_Y:0.000 RX_Z:0.000
[ZONE-ROUTE] CID:8 zone=2 edge_port=9996
[EDGE-RTT] CID:8 wall=1.4 ms  sim_delay=5.0 ms
[CUSUM-WARMUP] CID:8 warmup 3/5 pEdge=0.0 pCusum=0.0 (skipping)
[POST-HANDOVER] CID:8 zone=2 pkt=3/10 credit_factor=0.1
>>> [UAV->CLOUD] BLK:ebe8|TX:7.0.0.12|CID:8|TS:31.912|SPD:14.9|HDG:0.6|PX:706.8|PY:-40.0|...
[ECON-GATE] CID:3 probation active - suppressing OK reward 1.0
✓ [CAR 3] ACT=OK REP=0.478 RWD=0.000 PNL=0.000 CREDIT=4
[ECON-GATE] CID:8 probation active - suppressing OK reward 1.000
✓ [CAR 8] ACT=OK REP=0.951 RWD=0.000 PNL=0.000 CREDIT=4
[PASSIVE-BEACON] SIMNOW:32.096 CID:6 ZONE:2 RXUAV:2 EDGEPORT:9996 TS:32.082 SPD:15.100 HDG:-1.200 PX:689.700 PY:-20.000 LAN:2 BRK:0 RX_X:0.000 RX_Y:0.000 RX_Z:0.000
[ZONE-ROUTE] CID:6 zone=2 edge_port=9996
[EDGE-RTT] CID:6 wall=1.5 ms  sim_delay=5.0 ms
[CUSUM-WARMUP] CID:6 warmup 4/5 pEdge=0.0 pCusum=0.0 (skipping)
[POST-HANDOVER] CID:6 zone=2 pkt=4/10 credit_factor=0.1
>>> [UAV->CLOUD] BLK:7247|TX:7.0.0.10|CID:6|TS:32.082|SPD:15.1|HDG:-1.2|PX:689.7|PY:-20.0...
[ECON-GATE] CID:6 probation active - suppressing OK reward 1.0
✓ [CAR 6] ACT=OK REP=0.672 RWD=0.000 PNL=0.000 CREDIT=12
[PASSIVE-BEACON] SIMNOW:32.116 CID:9 ZONE:2 RXUAV:2 EDGEPORT:9996 TS:32.102 SPD:15.000 HDG:-0.400 PX:719.400 PY:-50.000 LAN:5 BRK:0 RX_X:0.000 RX_Y:0.000 RX_Z:0.000
[ZONE-ROUTE] CID:9 zone=2 edge_port=9996
[EDGE-RTT] CID:9 wall=1.4 ms  sim_delay=5.0 ms
[CUSUM-WARMUP] CID:9 warmup 4/5 pEdge=0.0 pCusum=0.0 (skipping)
[POST-HANDOVER] CID:9 zone=2 pkt=4/10 credit_factor=0.1
>>> [UAV->CLOUD] BLK:6933|TX:7.0.0.13|CID:9|TS:32.102|SPD:15.0|HDG:-0.4|PX:719.4|PY:-50.0...
[ECON-GATE] CID:9 probation active - suppressing OK reward 1.0
✓ [CAR 9] ACT=OK REP=0.434 RWD=0.000 PNL=0.000 CREDIT=0
[PASSIVE-BEACON] SIMNOW:32.144 CID:0 ZONE:2 RXUAV:2 EDGEPORT:9996 TS:32.130 SPD:15.500 HDG:-1.000 PX:660.300 PY:-10.000 LAN:1 BRK:0 RX_X:0.000 RX_Y:0.000 RX_Z:0.000
[ZONE-ROUTE] CID:0 zone=2 edge_port=9996
[EDGE-RTT] CID:0 wall=1.5 ms  sim_delay=5.0 ms
[CUSUM-WARMUP] CID:0 warmup 4/5 pEdge=0.0 pCusum=0.0 (skipping)
[POST-HANDOVER] CID:0 zone=2 pkt=4/10 credit_factor=0.1
>>> [UAV->CLOUD] BLK:2193|TX:7.0.0.4|CID:0|TS:32.130|SPD:15.5|HDG:-1.0|PX:660.3|PY:-10.0|...
✓ [CAR 0] ACT=OK REP=0.463 RWD=1.000 PNL=0.000 CREDIT=16
[PASSIVE-BEACON] SIMNOW:32.256 CID:7 ZONE:2 RXUAV:2 EDGEPORT:9996 TS:32.242 SPD:15.200 HDG:0.100 PX:701.700 PY:-30.000 LAN:3 BRK:0 RX_X:0.000 RX_Y:0.000 RX_Z:0.000
[ZONE-ROUTE] CID:7 zone=2 edge_port=9996
[EDGE-RTT] CID:7 wall=1.7 ms  sim_delay=5.0 ms
[CUSUM-WARMUP] CID:7 warmup 4/5 pEdge=0.0 pCusum=0.0 (skipping)
[POST-HANDOVER] CID:7 zone=2 pkt=4/10 credit_factor=0.1
>>> [UAV->CLOUD] BLK:1908|TX:7.0.0.11|CID:7|TS:32.242|SPD:15.2|HDG:0.1|PX:701.7|PY:-30.0|...
[ECON-GATE] CID:7 probation active - suppressing OK reward 1.0
✓ [CAR 7] ACT=OK REP=0.375 RWD=0.000 PNL=0.000 CREDIT=8
[PASSIVE-BEACON] SIMNOW:32.285 CID:5 ZONE:2 RXUAV:2 EDGEPORT:9996 TS:32.272 SPD:15.400 HDG:-1.800 PX:681.800 PY:-10.000 LAN:1 BRK:0 RX_X:0.000 RX_Y:0.000 RX_Z:0.000
[ZONE-ROUTE] CID:5 zone=2 edge_port=9996
[EDGE-RTT] CID:5 wall=1.7 ms  sim_delay=5.0 ms
[CUSUM-WARMUP] CID:5 warmup 4/5 pEdge=0.0 pCusum=0.0 (skipping)
[POST-HANDOVER] CID:5 zone=2 pkt=4/10 credit_factor=0.1
>>> [UAV->CLOUD] BLK:8207|TX:7.0.0.9|CID:5|TS:32.272|SPD:15.4|HDG:-1.8|PX:681.8|PY:-10.0|...
✓ [CAR 5] ACT=OK REP=0.482 RWD=1.000 PNL=0.000 CREDIT=17
[PASSIVE-BEACON] SIMNOW:32.355 CID:4 ZONE:2 RXUAV:2 EDGEPORT:9996 TS:32.340 SPD:15.200 HDG:0.700 PX:703.300 PY:-50.000 LAN:5 BRK:0 RX_X:0.000 RX_Y:0.000 RX_Z:0.000
[ZONE-ROUTE] CID:4 zone=2 edge_port=9996
[EDGE-RTT] CID:4 wall=1.1 ms  sim_delay=5.0 ms
[CUSUM-WARMUP] CID:4 warmup 4/5 pEdge=0.0 pCusum=0.0 (skipping)
[POST-HANDOVER] CID:4 zone=2 pkt=4/10 credit_factor=0.1
>>> [UAV->CLOUD] BLK:2624|TX:7.0.0.8|CID:4|TS:32.340|SPD:15.2|HDG:0.7|PX:703.3|PY:-50.0|L...
[ECON-GATE] CID:4 probation active - suppressing OK reward 1.0
✓ [CAR 4] ACT=OK REP=0.569 RWD=0.000 PNL=0.000 CREDIT=1
[PASSIVE-BEACON] SIMNOW:32.374 CID:2 ZONE:2 RXUAV:2 EDGEPORT:9996 TS:32.360 SPD:15.200 HDG:0.600 PX:683.900 PY:-30.000 LAN:3 BRK:0 RX_X:0.000 RX_Y:0.000 RX_Z:0.000
[ZONE-ROUTE] CID:2 zone=2 edge_port=9996
[EDGE-RTT] CID:2 wall=1.3 ms  sim_delay=5.0 ms
[CUSUM-WARMUP] CID:2 warmup 4/5 pEdge=0.0 pCusum=0.0 (skipping)
[POST-HANDOVER] CID:2 zone=2 pkt=4/10 credit_factor=0.1
>>> [UAV->CLOUD] BLK:8c61|TX:7.0.0.6|CID:2|TS:32.360|SPD:15.2|HDG:0.6|PX:683.9|PY:-30.0|L...
[PASSIVE-BEACON] SIMNOW:32.377 CID:1 ZONE:2 RXUAV:2 EDGEPORT:9996 TS:32.360 SPD:14.600 HDG:1.600 PX:673.900 PY:-20.000 LAN:2 BRK:0 RX_X:0.000 RX_Y:0.000 RX_Z:0.000
[ZONE-ROUTE] CID:1 zone=2 edge_port=9996
[EDGE-RTT] CID:1 wall=0.9 ms  sim_delay=5.0 ms
[CUSUM-WARMUP] CID:1 warmup 4/5 pEdge=0.0 pCusum=0.0 (skipping)
[POST-HANDOVER] CID:1 zone=2 pkt=4/10 credit_factor=0.1
>>> [UAV->CLOUD] BLK:d5c4|TX:7.0.0.5|CID:1|TS:32.360|SPD:14.6|HDG:1.6|PX:673.9|PY:-20.0|L...
[ECON-GATE] CID:2 probation active - suppressing OK reward 1.0
✓ [CAR 2] ACT=OK REP=0.687 RWD=0.000 PNL=0.000 CREDIT=9
[ECON-GATE] CID:1 probation active - suppressing OK reward 1.000
✓ [CAR 1] ACT=OK REP=0.745 RWD=0.000 PNL=0.000 CREDIT=13
[PASSIVE-BEACON] SIMNOW:32.414 CID:3 ZONE:2 RXUAV:2 EDGEPORT:9996 TS:32.400 SPD:14.600 HDG:0.000 PX:694.000 PY:-40.000 LAN:4 BRK:0 RX_X:0.000 RX_Y:0.000 RX_Z:0.000
[ZONE-ROUTE] CID:3 zone=2 edge_port=9996
[EDGE-RTT] CID:3 wall=1.6 ms  sim_delay=5.0 ms
[CUSUM-WARMUP] CID:3 warmup 4/5 pEdge=0.0 pCusum=0.0 (skipping)
[POST-HANDOVER] CID:3 zone=2 pkt=4/10 credit_factor=0.1
>>> [UAV->CLOUD] BLK:f7cb|TX:7.0.0.7|CID:3|TS:32.400|SPD:14.6|HDG:0.0|PX:694.0|PY:-40.0|L...
[PASSIVE-BEACON] SIMNOW:32.426 CID:8 ZONE:2 RXUAV:2 EDGEPORT:9996 TS:32.412 SPD:14.800 HDG:1.500 PX:714.800 PY:-40.000 LAN:4 BRK:0 RX_X:0.000 RX_Y:0.000 RX_Z:0.000
[ZONE-ROUTE] CID:8 zone=2 edge_port=9996
[EDGE-RTT] CID:8 wall=1.1 ms  sim_delay=5.0 ms
[CUSUM-WARMUP] CID:8 warmup 4/5 pEdge=0.0 pCusum=0.0 (skipping)
[POST-HANDOVER] CID:8 zone=2 pkt=4/10 credit_factor=0.1
>>> [UAV->CLOUD] BLK:4947|TX:7.0.0.12|CID:8|TS:32.412|SPD:14.8|HDG:1.5|PX:714.8|PY:-40.0|...
[ECON-GATE] CID:3 probation active - suppressing OK reward 1.0
✓ [CAR 3] ACT=OK REP=0.399 RWD=0.000 PNL=0.000 CREDIT=5
[ECON-GATE] CID:8 probation active - suppressing OK reward 1.000
✓ [CAR 8] ACT=OK REP=0.523 RWD=0.000 PNL=0.000 CREDIT=5
[PASSIVE-BEACON] SIMNOW:32.596 CID:6 ZONE:2 RXUAV:2 EDGEPORT:9996 TS:32.582 SPD:15.500 HDG:-0.700 PX:697.500 PY:-20.000 LAN:2 BRK:0 RX_X:0.000 RX_Y:0.000 RX_Z:0.000
[ZONE-ROUTE] CID:6 zone=2 edge_port=9996
[EDGE-RTT] CID:6 wall=1.7 ms  sim_delay=5.0 ms
[CUSUM-WARMUP] CID:6 warmup 5/5 pEdge=0.0 pCusum=0.0 (skipping)
[POST-HANDOVER] CID:6 zone=2 pkt=5/10 credit_factor=0.1
>>> [UAV->CLOUD] BLK:d456|TX:7.0.0.10|CID:6|TS:32.582|SPD:15.5|HDG:-0.7|PX:697.5|PY:-20.0...
[ECON-GATE] CID:6 probation active - suppressing OK reward 1.0
✓ [CAR 6] ACT=OK REP=0.301 RWD=0.000 PNL=0.000 CREDIT=13
[PASSIVE-BEACON] SIMNOW:32.619 CID:9 ZONE:2 RXUAV:2 EDGEPORT:9996 TS:32.602 SPD:14.500 HDG:-1.800 PX:727.900 PY:-50.000 LAN:5 BRK:0 RX_X:0.000 RX_Y:0.000 RX_Z:0.000
[ZONE-ROUTE] CID:9 zone=2 edge_port=9996
[EDGE-RTT] CID:9 wall=1.3 ms  sim_delay=5.0 ms
[CUSUM-WARMUP] CID:9 warmup 5/5 pEdge=0.0 pCusum=0.0 (skipping)
[POST-HANDOVER] CID:9 zone=2 pkt=5/10 credit_factor=0.1
>>> [UAV->CLOUD] BLK:54f0|TX:7.0.0.13|CID:9|TS:32.602|SPD:14.5|HDG:-1.8|PX:727.9|PY:-50.0...
[ECON-GATE] CID:9 probation active - suppressing OK reward 1.0
✓ [CAR 9] ACT=OK REP=0.518 RWD=0.000 PNL=0.000 CREDIT=1
[PASSIVE-BEACON] SIMNOW:32.646 CID:0 ZONE:2 RXUAV:2 EDGEPORT:9996 TS:32.630 SPD:15.500 HDG:-0.300 PX:668.100 PY:-10.000 LAN:1 BRK:1 RX_X:0.000 RX_Y:0.000 RX_Z:0.000
[ZONE-ROUTE] CID:0 zone=2 edge_port=9996
[EDGE-RTT] CID:0 wall=1.6 ms  sim_delay=5.0 ms
[CUSUM-WARMUP] CID:0 warmup 5/5 pEdge=0.0 pCusum=0.0 (skipping)
[POST-HANDOVER] CID:0 zone=2 pkt=5/10 credit_factor=0.1
>>> [UAV->CLOUD] BLK:ca06|TX:7.0.0.4|CID:0|TS:32.630|SPD:15.5|HDG:-0.3|PX:668.1|PY:-10.0|...
✓ [CAR 0] ACT=OK REP=0.474 RWD=1.000 PNL=0.000 CREDIT=17
[PASSIVE-BEACON] SIMNOW:32.755 CID:7 ZONE:2 RXUAV:2 EDGEPORT:9996 TS:32.742 SPD:15.200 HDG:-0.700 PX:709.300 PY:-30.000 LAN:3 BRK:0 RX_X:0.000 RX_Y:0.000 RX_Z:0.000
[ZONE-ROUTE] CID:7 zone=2 edge_port=9996
[EDGE-RTT] CID:7 wall=1.7 ms  sim_delay=5.0 ms
[CUSUM-WARMUP] CID:7 warmup 5/5 pEdge=0.0 pCusum=0.0 (skipping)
[POST-HANDOVER] CID:7 zone=2 pkt=5/10 credit_factor=0.1
>>> [UAV->CLOUD] BLK:ac8d|TX:7.0.0.11|CID:7|TS:32.742|SPD:15.2|HDG:-0.7|PX:709.3|PY:-30.0...
[ECON-GATE] CID:7 probation active - suppressing OK reward 1.0
✓ [CAR 7] ACT=OK REP=0.641 RWD=0.000 PNL=0.000 CREDIT=9
[PASSIVE-BEACON] SIMNOW:32.786 CID:5 ZONE:2 RXUAV:2 EDGEPORT:9996 TS:32.772 SPD:14.700 HDG:1.400 PX:690.400 PY:-10.000 LAN:1 BRK:1 RX_X:0.000 RX_Y:0.000 RX_Z:0.000
[ZONE-ROUTE] CID:5 zone=2 edge_port=9996
[EDGE-RTT] CID:5 wall=1.4 ms  sim_delay=5.0 ms
[CUSUM-WARMUP] CID:5 warmup 5/5 pEdge=0.0 pCusum=0.0 (skipping)
[POST-HANDOVER] CID:5 zone=2 pkt=5/10 credit_factor=0.1
>>> [UAV->CLOUD] BLK:18fe|TX:7.0.0.9|CID:5|TS:32.772|SPD:14.7|HDG:1.4|PX:690.4|PY:-10.0|L...
✓ [CAR 5] ACT=OK REP=0.970 RWD=1.000 PNL=0.000 CREDIT=18
[PASSIVE-BEACON] SIMNOW:32.854 CID:4 ZONE:2 RXUAV:2 EDGEPORT:9996 TS:32.840 SPD:15.100 HDG:-1.400 PX:711.000 PY:-50.000 LAN:5 BRK:1 RX_X:0.000 RX_Y:0.000 RX_Z:0.000
[ZONE-ROUTE] CID:4 zone=2 edge_port=9996
[EDGE-RTT] CID:4 wall=1.5 ms  sim_delay=5.0 ms
[CUSUM-WARMUP] CID:4 warmup 5/5 pEdge=0.0 pCusum=0.0 (skipping)
[POST-HANDOVER] CID:4 zone=2 pkt=5/10 credit_factor=0.1
>>> [UAV->CLOUD] BLK:8e9a|TX:7.0.0.8|CID:4|TS:32.840|SPD:15.1|HDG:-1.4|PX:711.0|PY:-50.0|...
[ECON-GATE] CID:4 probation active - suppressing OK reward 1.0
✓ [CAR 4] ACT=OK REP=0.589 RWD=0.000 PNL=0.000 CREDIT=2
[PASSIVE-BEACON] SIMNOW:32.874 CID:2 ZONE:2 RXUAV:2 EDGEPORT:9996 TS:32.860 SPD:14.700 HDG:0.000 PX:691.600 PY:-30.000 LAN:3 BRK:0 RX_X:0.000 RX_Y:0.000 RX_Z:0.000
[ZONE-ROUTE] CID:2 zone=2 edge_port=9996
[EDGE-RTT] CID:2 wall=1.4 ms  sim_delay=5.0 ms
[CUSUM-WARMUP] CID:2 warmup 5/5 pEdge=0.0 pCusum=0.0 (skipping)
[POST-HANDOVER] CID:2 zone=2 pkt=5/10 credit_factor=0.1
>>> [UAV->CLOUD] BLK:e130|TX:7.0.0.6|CID:2|TS:32.860|SPD:14.7|HDG:0.0|PX:691.6|PY:-30.0|L...
[PASSIVE-BEACON] SIMNOW:32.874 CID:1 ZONE:2 RXUAV:2 EDGEPORT:9996 TS:32.860 SPD:14.800 HDG:-1.000 PX:681.400 PY:-20.000 LAN:2 BRK:0 RX_X:0.000 RX_Y:0.000 RX_Z:0.000
[ZONE-ROUTE] CID:1 zone=2 edge_port=9996
[EDGE-RTT] CID:1 wall=1.8 ms  sim_delay=5.0 ms
[CUSUM-WARMUP] CID:1 warmup 5/5 pEdge=0.0 pCusum=0.0 (skipping)
[POST-HANDOVER] CID:1 zone=2 pkt=5/10 credit_factor=0.1
>>> [UAV->CLOUD] BLK:f766|TX:7.0.0.5|CID:1|TS:32.860|SPD:14.8|HDG:-1.0|PX:681.4|PY:-20.0|...
[ECON-GATE] CID:1 probation active - suppressing OK reward 1.0
[ECON-RESTORE] CID:1 probation cleared after 15 clean packets
✓ [CAR 1] ACT=OK REP=0.401 RWD=0.000 PNL=0.000 CREDIT=14
[ECON-GATE] CID:2 probation active - suppressing OK reward 1.000
✓ [CAR 2] ACT=OK REP=0.765 RWD=0.000 PNL=0.000 CREDIT=10
[PASSIVE-BEACON] SIMNOW:32.915 CID:3 ZONE:2 RXUAV:2 EDGEPORT:9996 TS:32.900 SPD:15.200 HDG:1.500 PX:701.700 PY:-40.000 LAN:4 BRK:0 RX_X:0.000 RX_Y:0.000 RX_Z:0.000
[ZONE-ROUTE] CID:3 zone=2 edge_port=9996
[EDGE-RTT] CID:3 wall=1.5 ms  sim_delay=5.0 ms
[CUSUM-WARMUP] CID:3 warmup 5/5 pEdge=0.0 pCusum=0.0 (skipping)
[POST-HANDOVER] CID:3 zone=2 pkt=5/10 credit_factor=0.1
>>> [UAV->CLOUD] BLK:d092|TX:7.0.0.7|CID:3|TS:32.900|SPD:15.2|HDG:1.5|PX:701.7|PY:-40.0|L...
[PASSIVE-BEACON] SIMNOW:32.926 CID:8 ZONE:2 RXUAV:2 EDGEPORT:9996 TS:32.912 SPD:15.200 HDG:1.500 PX:721.200 PY:-40.000 LAN:4 BRK:0 RX_X:0.000 RX_Y:0.000 RX_Z:0.000
[ZONE-ROUTE] CID:8 zone=2 edge_port=9996
[EDGE-RTT] CID:8 wall=1.2 ms  sim_delay=5.0 ms
[CUSUM-WARMUP] CID:8 warmup 5/5 pEdge=0.0 pCusum=0.0 (skipping)
[POST-HANDOVER] CID:8 zone=2 pkt=5/10 credit_factor=0.1
>>> [UAV->CLOUD] BLK:fd72|TX:7.0.0.12|CID:8|TS:32.912|SPD:15.2|HDG:1.5|PX:721.2|PY:-40.0|...
[ECON-GATE] CID:3 probation active - suppressing OK reward 1.0
✓ [CAR 3] ACT=OK REP=0.681 RWD=0.000 PNL=0.000 CREDIT=6
[ECON-GATE] CID:8 probation active - suppressing OK reward 1.000
✓ [CAR 8] ACT=OK REP=0.777 RWD=0.000 PNL=0.000 CREDIT=6
[PASSIVE-BEACON] SIMNOW:33.099 CID:6 ZONE:2 RXUAV:2 EDGEPORT:9996 TS:33.082 SPD:15.100 HDG:-0.300 PX:704.100 PY:-20.000 LAN:2 BRK:0 RX_X:0.000 RX_Y:0.000 RX_Z:0.000
[ZONE-ROUTE] CID:6 zone=2 edge_port=9996
[EDGE-RTT] CID:6 wall=1.5 ms  sim_delay=5.0 ms
[CUSUM] CID:6 S=0.000/0.800 pEdge=0.000 pCusum=0.020
[POST-HANDOVER] CID:6 zone=2 pkt=6/10 credit_factor=0.150
>>> [UAV->CLOUD] BLK:4677|TX:7.0.0.10|CID:6|TS:33.082|SPD:15.1|HDG:-0.3|PX:704.1|PY:-20.0...
[ECON-GATE] CID:6 probation active - suppressing OK reward 1.000
[ECON-RESTORE] CID:6 probation cleared after 15 clean packets
✓ [CAR 6] ACT=OK REP=0.624 RWD=0.000 PNL=0.000 CREDIT=14
[PASSIVE-BEACON] SIMNOW:33.114 CID:9 ZONE:2 RXUAV:2 EDGEPORT:9996 TS:33.102 SPD:14.900 HDG:1.200 PX:734.800 PY:-50.000 LAN:5 BRK:1 RX_X:0.000 RX_Y:0.000 RX_Z:0.000
[ZONE-ROUTE] CID:9 zone=2 edge_port=9996
[EDGE-RTT] CID:9 wall=1.3 ms  sim_delay=5.0 ms
[CUSUM] CID:9 S=0.000/0.800 pEdge=0.001 pCusum=0.020
[POST-HANDOVER] CID:9 zone=2 pkt=6/10 credit_factor=0.150
>>> [UAV->CLOUD] BLK:9e5d|TX:7.0.0.13|CID:9|TS:33.102|SPD:14.9|HDG:1.2|PX:734.8|PY:-50.0|...
[ECON-GATE] CID:9 probation active - suppressing OK reward 0.999
✓ [CAR 9] ACT=OK REP=0.576 RWD=0.000 PNL=0.000 CREDIT=2
[PASSIVE-BEACON] SIMNOW:33.144 CID:0 ZONE:2 RXUAV:2 EDGEPORT:9996 TS:33.130 SPD:14.700 HDG:1.100 PX:675.300 PY:-10.000 LAN:1 BRK:1 RX_X:0.000 RX_Y:0.000 RX_Z:0.000
[ZONE-ROUTE] CID:0 zone=2 edge_port=9996
[EDGE-RTT] CID:0 wall=1.1 ms  sim_delay=5.0 ms
[CUSUM] CID:0 S=0.000/0.800 pEdge=0.000 pCusum=0.020
[POST-HANDOVER] CID:0 zone=2 pkt=6/10 credit_factor=0.150
>>> [UAV->CLOUD] BLK:a0fa|TX:7.0.0.4|CID:0|TS:33.130|SPD:14.7|HDG:1.1|PX:675.3|PY:-10.0|L...
✓ [CAR 0] ACT=OK REP=0.676 RWD=1.000 PNL=0.000 CREDIT=18
[PASSIVE-BEACON] SIMNOW:33.256 CID:7 ZONE:2 RXUAV:2 EDGEPORT:9996 TS:33.242 SPD:15.400 HDG:0.700 PX:716.100 PY:-30.000 LAN:3 BRK:1 RX_X:0.000 RX_Y:0.000 RX_Z:0.000
[ZONE-ROUTE] CID:7 zone=2 edge_port=9996
[EDGE-RTT] CID:7 wall=1.6 ms  sim_delay=5.0 ms
[CUSUM] CID:7 S=0.000/0.800 pEdge=0.000 pCusum=0.020
[POST-HANDOVER] CID:7 zone=2 pkt=6/10 credit_factor=0.150
>>> [UAV->CLOUD] BLK:acfd|TX:7.0.0.11|CID:7|TS:33.242|SPD:15.4|HDG:0.7|PX:716.1|PY:-30.0|...
[ECON-GATE] CID:7 probation active - suppressing OK reward 1.000
✓ [CAR 7] ACT=OK REP=0.726 RWD=0.000 PNL=0.000 CREDIT=10
[PASSIVE-BEACON] SIMNOW:33.286 CID:5 ZONE:2 RXUAV:2 EDGEPORT:9996 TS:33.272 SPD:15.400 HDG:0.500 PX:696.500 PY:-10.000 LAN:1 BRK:1 RX_X:0.000 RX_Y:0.000 RX_Z:0.000
[ZONE-ROUTE] CID:5 zone=2 edge_port=9996
[EDGE-RTT] CID:5 wall=1.6 ms  sim_delay=5.0 ms
[CUSUM] CID:5 S=0.000/0.800 pEdge=0.000 pCusum=0.020
[POST-HANDOVER] CID:5 zone=2 pkt=6/10 credit_factor=0.150
>>> [UAV->CLOUD] BLK:be7d|TX:7.0.0.9|CID:5|TS:33.272|SPD:15.4|HDG:0.5|PX:696.5|PY:-10.0|L...
✓ [CAR 5] ACT=OK REP=0.620 RWD=1.000 PNL=0.000 CREDIT=19
[PASSIVE-BEACON] SIMNOW:33.354 CID:4 ZONE:2 RXUAV:2 EDGEPORT:9996 TS:33.340 SPD:14.600 HDG:1.100 PX:718.000 PY:-50.000 LAN:5 BRK:1 RX_X:0.000 RX_Y:0.000 RX_Z:0.000
[ZONE-ROUTE] CID:4 zone=2 edge_port=9996
[EDGE-RTT] CID:4 wall=1.5 ms  sim_delay=5.0 ms
[CUSUM] CID:4 S=0.000/0.800 pEdge=0.000 pCusum=0.020
[POST-HANDOVER] CID:4 zone=2 pkt=6/10 credit_factor=0.150
>>> [UAV->CLOUD] BLK:a9e7|TX:7.0.0.8|CID:4|TS:33.340|SPD:14.6|HDG:1.1|PX:718.0|PY:-50.0|L...
[ECON-GATE] CID:4 probation active - suppressing OK reward 1.000
✓ [CAR 4] ACT=OK REP=0.374 RWD=0.000 PNL=0.000 CREDIT=3
[PASSIVE-BEACON] SIMNOW:33.374 CID:2 ZONE:2 RXUAV:2 EDGEPORT:9996 TS:33.360 SPD:15.100 HDG:2.000 PX:698.100 PY:-30.000 LAN:3 BRK:1 RX_X:0.000 RX_Y:0.000 RX_Z:0.000
[ZONE-ROUTE] CID:2 zone=2 edge_port=9996
[EDGE-RTT] CID:2 wall=1.5 ms  sim_delay=5.0 ms
[CUSUM] CID:2 S=0.000/0.800 pEdge=0.000 pCusum=0.020
[POST-HANDOVER] CID:2 zone=2 pkt=6/10 credit_factor=0.150
>>> [UAV->CLOUD] BLK:944a|TX:7.0.0.6|CID:2|TS:33.360|SPD:15.1|HDG:2.0|PX:698.1|PY:-30.0|L...
[PASSIVE-BEACON] SIMNOW:33.374 CID:1 ZONE:2 RXUAV:2 EDGEPORT:9996 TS:33.360 SPD:15.300 HDG:-1.600 PX:688.100 PY:-20.000 LAN:2 BRK:0 RX_X:0.000 RX_Y:0.000 RX_Z:0.000
[ZONE-ROUTE] CID:1 zone=2 edge_port=9996
[EDGE-RTT] CID:1 wall=2.2 ms  sim_delay=5.0 ms
[CUSUM] CID:1 S=0.000/0.800 pEdge=0.000 pCusum=0.020
[POST-HANDOVER] CID:1 zone=2 pkt=6/10 credit_factor=0.150
>>> [UAV->CLOUD] BLK:f918|TX:7.0.0.5|CID:1|TS:33.360|SPD:15.3|HDG:-1.6|PX:688.1|PY:-20.0|...
[ECON-GATE] CID:2 probation active - suppressing OK reward 1.000
✓ [CAR 2] ACT=OK REP=1.000 RWD=0.000 PNL=0.000 CREDIT=11
✓ [CAR 1] ACT=OK REP=0.691 RWD=1.000 PNL=0.000 CREDIT=15
[PASSIVE-BEACON] SIMNOW:33.414 CID:3 ZONE:2 RXUAV:2 EDGEPORT:9996 TS:33.400 SPD:15.400 HDG:-1.400 PX:709.100 PY:-40.000 LAN:4 BRK:0 RX_X:0.000 RX_Y:0.000 RX_Z:0.000
[ZONE-ROUTE] CID:3 zone=2 edge_port=9996
[EDGE-RTT] CID:3 wall=1.2 ms  sim_delay=5.0 ms
[CUSUM] CID:3 S=0.000/0.800 pEdge=0.000 pCusum=0.020
[POST-HANDOVER] CID:3 zone=2 pkt=6/10 credit_factor=0.150
>>> [UAV->CLOUD] BLK:351a|TX:7.0.0.7|CID:3|TS:33.400|SPD:15.4|HDG:-1.4|PX:709.1|PY:-40.0|...
[PASSIVE-BEACON] SIMNOW:33.426 CID:8 ZONE:2 RXUAV:2 EDGEPORT:9996 TS:33.412 SPD:15.500 HDG:-1.000 PX:728.800 PY:-40.000 LAN:4 BRK:0 RX_X:0.000 RX_Y:0.000 RX_Z:0.000
[ZONE-ROUTE] CID:8 zone=2 edge_port=9996
[EDGE-RTT] CID:8 wall=1.1 ms  sim_delay=5.0 ms
[CUSUM] CID:8 S=0.000/0.800 pEdge=0.000 pCusum=0.020
[POST-HANDOVER] CID:8 zone=2 pkt=6/10 credit_factor=0.150
>>> [UAV->CLOUD] BLK:c181|TX:7.0.0.12|CID:8|TS:33.412|SPD:15.5|HDG:-1.0|PX:728.8|PY:-40.0...
[ECON-GATE] CID:3 probation active - suppressing OK reward 1.000
✓ [CAR 3] ACT=OK REP=0.810 RWD=0.000 PNL=0.000 CREDIT=7
[ECON-GATE] CID:8 probation active - suppressing OK reward 1.000
✓ [CAR 8] ACT=OK REP=0.740 RWD=0.000 PNL=0.000 CREDIT=7
[PASSIVE-BEACON] SIMNOW:33.596 CID:6 ZONE:2 RXUAV:2 EDGEPORT:9996 TS:33.582 SPD:14.700 HDG:-0.500 PX:711.300 PY:-20.000 LAN:2 BRK:0 RX_X:0.000 RX_Y:0.000 RX_Z:0.000
[ZONE-ROUTE] CID:6 zone=2 edge_port=9996
[EDGE-RTT] CID:6 wall=1.5 ms  sim_delay=5.0 ms
[CUSUM] CID:6 S=0.000/0.800 pEdge=0.000 pCusum=0.020
[POST-HANDOVER] CID:6 zone=2 pkt=7/10 credit_factor=0.150
>>> [UAV->CLOUD] BLK:d3fc|TX:7.0.0.10|CID:6|TS:33.582|SPD:14.7|HDG:-0.5|PX:711.3|PY:-20.0...
✓ [CAR 6] ACT=OK REP=0.568 RWD=1.000 PNL=0.000 CREDIT=15
[PASSIVE-BEACON] SIMNOW:33.616 CID:9 ZONE:2 RXUAV:2 EDGEPORT:9996 TS:33.602 SPD:14.800 HDG:-1.700 PX:741.700 PY:-50.000 LAN:5 BRK:0 RX_X:0.000 RX_Y:0.000 RX_Z:0.000
[ZONE-ROUTE] CID:9 zone=2 edge_port=9996
[EDGE-RTT] CID:9 wall=1.5 ms  sim_delay=5.0 ms
[CUSUM] CID:9 S=0.000/0.800 pEdge=0.000 pCusum=0.020
[POST-HANDOVER] CID:9 zone=2 pkt=7/10 credit_factor=0.150
>>> [UAV->CLOUD] BLK:87eb|TX:7.0.0.13|CID:9|TS:33.602|SPD:14.8|HDG:-1.7|PX:741.7|PY:-50.0...
[ECON-GATE] CID:9 probation active - suppressing OK reward 1.000
✓ [CAR 9] ACT=OK REP=0.583 RWD=0.000 PNL=0.000 CREDIT=3
[PASSIVE-BEACON] SIMNOW:33.644 CID:0 ZONE:2 RXUAV:2 EDGEPORT:9996 TS:33.630 SPD:14.700 HDG:0.200 PX:683.100 PY:-10.000 LAN:1 BRK:0 RX_X:0.000 RX_Y:0.000 RX_Z:0.000
[ZONE-ROUTE] CID:0 zone=2 edge_port=9996
[EDGE-RTT] CID:0 wall=1.4 ms  sim_delay=5.0 ms
[CUSUM] CID:0 S=0.000/0.800 pEdge=0.000 pCusum=0.020
[POST-HANDOVER] CID:0 zone=2 pkt=7/10 credit_factor=0.150
>>> [UAV->CLOUD] BLK:0931|TX:7.0.0.4|CID:0|TS:33.630|SPD:14.7|HDG:0.2|PX:683.1|PY:-10.0|L...
✓ [CAR 0] ACT=OK REP=0.577 RWD=1.000 PNL=0.000 CREDIT=19
[PASSIVE-BEACON] SIMNOW:33.756 CID:7 ZONE:2 RXUAV:2 EDGEPORT:9996 TS:33.742 SPD:15.400 HDG:-1.800 PX:724.700 PY:-30.000 LAN:3 BRK:0 RX_X:0.000 RX_Y:0.000 RX_Z:0.000
[ZONE-ROUTE] CID:7 zone=2 edge_port=9996
[EDGE-RTT] CID:7 wall=1.5 ms  sim_delay=5.0 ms
[CUSUM] CID:7 S=0.000/0.800 pEdge=0.000 pCusum=0.020
[POST-HANDOVER] CID:7 zone=2 pkt=7/10 credit_factor=0.150
>>> [UAV->CLOUD] BLK:7470|TX:7.0.0.11|CID:7|TS:33.742|SPD:15.4|HDG:-1.8|PX:724.7|PY:-30.0...
[ECON-GATE] CID:7 probation active - suppressing OK reward 1.000
✓ [CAR 7] ACT=OK REP=0.914 RWD=0.000 PNL=0.000 CREDIT=11
[PASSIVE-BEACON] SIMNOW:33.786 CID:5 ZONE:2 RXUAV:2 EDGEPORT:9996 TS:33.772 SPD:14.900 HDG:1.200 PX:705.200 PY:-10.000 LAN:1 BRK:0 RX_X:0.000 RX_Y:0.000 RX_Z:0.000
[ZONE-ROUTE] CID:5 zone=2 edge_port=9996
[EDGE-RTT] CID:5 wall=1.5 ms  sim_delay=5.0 ms
[CUSUM] CID:5 S=0.000/0.800 pEdge=0.000 pCusum=0.020
[POST-HANDOVER] CID:5 zone=2 pkt=7/10 credit_factor=0.150
>>> [UAV->CLOUD] BLK:b5ef|TX:7.0.0.9|CID:5|TS:33.772|SPD:14.9|HDG:1.2|PX:705.2|PY:-10.0|L...
✓ [CAR 5] ACT=OK REP=0.806 RWD=1.000 PNL=0.000 CREDIT=20
[PASSIVE-BEACON] SIMNOW:33.856 CID:4 ZONE:2 RXUAV:2 EDGEPORT:9996 TS:33.840 SPD:15.200 HDG:-1.900 PX:726.000 PY:-50.000 LAN:5 BRK:0 RX_X:0.000 RX_Y:0.000 RX_Z:0.000
[ZONE-ROUTE] CID:4 zone=2 edge_port=9996
[EDGE-RTT] CID:4 wall=1.6 ms  sim_delay=5.0 ms
[CUSUM] CID:4 S=0.000/0.800 pEdge=0.000 pCusum=0.020
[POST-HANDOVER] CID:4 zone=2 pkt=7/10 credit_factor=0.150
>>> [UAV->CLOUD] BLK:f80d|TX:7.0.0.8|CID:4|TS:33.840|SPD:15.2|HDG:-1.9|PX:726.0|PY:-50.0|...
[ECON-GATE] CID:4 probation active - suppressing OK reward 1.000
✓ [CAR 4] ACT=OK REP=0.661 RWD=0.000 PNL=0.000 CREDIT=4
[PASSIVE-BEACON] SIMNOW:33.874 CID:2 ZONE:2 RXUAV:2 EDGEPORT:9996 TS:33.860 SPD:15.500 HDG:-0.300 PX:706.000 PY:-30.000 LAN:3 BRK:1 RX_X:0.000 RX_Y:0.000 RX_Z:0.000
[ZONE-ROUTE] CID:2 zone=2 edge_port=9996
[EDGE-RTT] CID:2 wall=1.6 ms  sim_delay=5.0 ms
[CUSUM] CID:2 S=0.000/0.800 pEdge=0.000 pCusum=0.020
[POST-HANDOVER] CID:2 zone=2 pkt=7/10 credit_factor=0.150
>>> [UAV->CLOUD] BLK:ff38|TX:7.0.0.6|CID:2|TS:33.860|SPD:15.5|HDG:-0.3|PX:706.0|PY:-30.0|...
[PASSIVE-BEACON] SIMNOW:33.877 CID:1 ZONE:2 RXUAV:2 EDGEPORT:9996 TS:33.860 SPD:14.900 HDG:0.500 PX:695.500 PY:-20.000 LAN:2 BRK:0 RX_X:0.000 RX_Y:0.000 RX_Z:0.000
[ZONE-ROUTE] CID:1 zone=2 edge_port=9996
[EDGE-RTT] CID:1 wall=1.1 ms  sim_delay=5.0 ms
[CUSUM] CID:1 S=0.000/0.800 pEdge=0.000 pCusum=0.020
[POST-HANDOVER] CID:1 zone=2 pkt=7/10 credit_factor=0.150
>>> [UAV->CLOUD] BLK:d372|TX:7.0.0.5|CID:1|TS:33.860|SPD:14.9|HDG:0.5|PX:695.5|PY:-20.0|L...
[ECON-GATE] CID:2 probation active - suppressing OK reward 1.000
✓ [CAR 2] ACT=OK REP=0.702 RWD=0.000 PNL=0.000 CREDIT=12
✓ [CAR 1] ACT=OK REP=0.364 RWD=1.000 PNL=0.000 CREDIT=16
[PASSIVE-BEACON] SIMNOW:33.917 CID:3 ZONE:2 RXUAV:2 EDGEPORT:9996 TS:33.900 SPD:15.000 HDG:0.800 PX:716.700 PY:-40.000 LAN:4 BRK:1 RX_X:0.000 RX_Y:0.000 RX_Z:0.000
[ZONE-ROUTE] CID:3 zone=2 edge_port=9996
[EDGE-RTT] CID:3 wall=1.4 ms  sim_delay=5.0 ms
[CUSUM] CID:3 S=0.000/0.800 pEdge=0.000 pCusum=0.020
[POST-HANDOVER] CID:3 zone=2 pkt=7/10 credit_factor=0.150
>>> [UAV->CLOUD] BLK:8d17|TX:7.0.0.7|CID:3|TS:33.900|SPD:15.0|HDG:0.8|PX:716.7|PY:-40.0|L...
[PASSIVE-BEACON] SIMNOW:33.926 CID:8 ZONE:2 RXUAV:2 EDGEPORT:9996 TS:33.912 SPD:14.600 HDG:1.400 PX:736.900 PY:-40.000 LAN:4 BRK:0 RX_X:0.000 RX_Y:0.000 RX_Z:0.000
[ZONE-ROUTE] CID:8 zone=2 edge_port=9996
[EDGE-RTT] CID:8 wall=1.3 ms  sim_delay=5.0 ms
[CUSUM] CID:8 S=0.000/0.800 pEdge=0.000 pCusum=0.020
[POST-HANDOVER] CID:8 zone=2 pkt=7/10 credit_factor=0.150
>>> [UAV->CLOUD] BLK:3aa9|TX:7.0.0.12|CID:8|TS:33.912|SPD:14.6|HDG:1.4|PX:736.9|PY:-40.0|...
[ECON-GATE] CID:3 probation active - suppressing OK reward 1.000
✓ [CAR 3] ACT=OK REP=0.608 RWD=0.000 PNL=0.000 CREDIT=8
[ECON-GATE] CID:8 probation active - suppressing OK reward 1.000
✓ [CAR 8] ACT=OK REP=0.754 RWD=0.000 PNL=0.000 CREDIT=8
[PASSIVE-BEACON] SIMNOW:34.096 CID:6 ZONE:2 RXUAV:2 EDGEPORT:9996 TS:34.082 SPD:15.100 HDG:1.100 PX:719.100 PY:-20.000 LAN:2 BRK:1 RX_X:0.000 RX_Y:0.000 RX_Z:0.000
[ZONE-ROUTE] CID:6 zone=2 edge_port=9996
[EDGE-RTT] CID:6 wall=1.5 ms  sim_delay=5.0 ms
[CUSUM] CID:6 S=0.000/0.800 pEdge=0.000 pCusum=0.020
[POST-HANDOVER] CID:6 zone=2 pkt=8/10 credit_factor=0.150
>>> [UAV->CLOUD] BLK:f761|TX:7.0.0.10|CID:6|TS:34.082|SPD:15.1|HDG:1.1|PX:719.1|PY:-20.0|...
✓ [CAR 6] ACT=OK REP=0.576 RWD=1.000 PNL=0.000 CREDIT=16
[PASSIVE-BEACON] SIMNOW:34.116 CID:9 ZONE:2 RXUAV:2 EDGEPORT:9996 TS:34.102 SPD:14.700 HDG:1.500 PX:749.000 PY:-50.000 LAN:5 BRK:0 RX_X:0.000 RX_Y:0.000 RX_Z:0.000
[ZONE-ROUTE] CID:9 zone=2 edge_port=9996
[EDGE-RTT] CID:9 wall=1.5 ms  sim_delay=5.0 ms
[CUSUM] CID:9 S=0.000/0.800 pEdge=0.000 pCusum=0.020
[POST-HANDOVER] CID:9 zone=2 pkt=8/10 credit_factor=0.150
>>> [UAV->CLOUD] BLK:eab4|TX:7.0.0.13|CID:9|TS:34.102|SPD:14.7|HDG:1.5|PX:749.0|PY:-50.0|...
[ECON-GATE] CID:9 probation active - suppressing OK reward 1.000
✓ [CAR 9] ACT=OK REP=0.087 RWD=0.000 PNL=0.000 CREDIT=4
[PASSIVE-BEACON] SIMNOW:34.144 CID:0 ZONE:2 RXUAV:2 EDGEPORT:9996 TS:34.130 SPD:14.700 HDG:0.400 PX:690.700 PY:-10.000 LAN:1 BRK:0 RX_X:0.000 RX_Y:0.000 RX_Z:0.000
[ZONE-ROUTE] CID:0 zone=2 edge_port=9996
[EDGE-RTT] CID:0 wall=1.3 ms  sim_delay=5.0 ms
[CUSUM] CID:0 S=0.000/0.800 pEdge=0.000 pCusum=0.020
[POST-HANDOVER] CID:0 zone=2 pkt=8/10 credit_factor=0.150
>>> [UAV->CLOUD] BLK:6181|TX:7.0.0.4|CID:0|TS:34.130|SPD:14.7|HDG:0.4|PX:690.7|PY:-10.0|L...
✓ [CAR 0] ACT=OK REP=0.380 RWD=1.000 PNL=0.000 CREDIT=20
[PASSIVE-BEACON] SIMNOW:34.259 CID:7 ZONE:2 RXUAV:2 EDGEPORT:9996 TS:34.242 SPD:15.200 HDG:0.500 PX:731.700 PY:-30.000 LAN:3 BRK:0 RX_X:0.000 RX_Y:0.000 RX_Z:0.000
[ZONE-ROUTE] CID:7 zone=2 edge_port=9996
[EDGE-RTT] CID:7 wall=1.6 ms  sim_delay=5.0 ms
[CUSUM] CID:7 S=0.000/0.800 pEdge=0.000 pCusum=0.020
[POST-HANDOVER] CID:7 zone=2 pkt=8/10 credit_factor=0.150
>>> [UAV->CLOUD] BLK:fcf6|TX:7.0.0.11|CID:7|TS:34.242|SPD:15.2|HDG:0.5|PX:731.7|PY:-30.0|...
[ECON-GATE] CID:7 probation active - suppressing OK reward 1.000
✓ [CAR 7] ACT=OK REP=0.581 RWD=0.000 PNL=0.000 CREDIT=12
[PASSIVE-BEACON] SIMNOW:34.286 CID:5 ZONE:2 RXUAV:2 EDGEPORT:9996 TS:34.272 SPD:14.500 HDG:-1.000 PX:712.000 PY:-10.000 LAN:1 BRK:0 RX_X:0.000 RX_Y:0.000 RX_Z:0.000
[ZONE-ROUTE] CID:5 zone=2 edge_port=9996
[EDGE-RTT] CID:5 wall=1.6 ms  sim_delay=5.0 ms
[CUSUM] CID:5 S=0.000/0.800 pEdge=0.000 pCusum=0.020
[POST-HANDOVER] CID:5 zone=2 pkt=8/10 credit_factor=0.150
>>> [UAV->CLOUD] BLK:1b0a|TX:7.0.0.9|CID:5|TS:34.272|SPD:14.5|HDG:-1.0|PX:712.0|PY:-10.0|...
✓ [CAR 5] ACT=OK REP=0.735 RWD=1.000 PNL=0.000 CREDIT=21
[PASSIVE-BEACON] SIMNOW:34.354 CID:4 ZONE:2 RXUAV:2 EDGEPORT:9996 TS:34.340 SPD:14.600 HDG:1.100 PX:733.200 PY:-50.000 LAN:5 BRK:0 RX_X:0.000 RX_Y:0.000 RX_Z:0.000
[ZONE-ROUTE] CID:4 zone=2 edge_port=9996
[EDGE-RTT] CID:4 wall=1.4 ms  sim_delay=5.0 ms
[CUSUM] CID:4 S=0.000/0.800 pEdge=0.000 pCusum=0.020
[POST-HANDOVER] CID:4 zone=2 pkt=8/10 credit_factor=0.150
>>> [UAV->CLOUD] BLK:d3fe|TX:7.0.0.8|CID:4|TS:34.340|SPD:14.6|HDG:1.1|PX:733.2|PY:-50.0|L...
[ECON-GATE] CID:4 probation active - suppressing OK reward 1.000
✓ [CAR 4] ACT=OK REP=0.755 RWD=0.000 PNL=0.000 CREDIT=5
[PASSIVE-BEACON] SIMNOW:34.374 CID:2 ZONE:2 RXUAV:2 EDGEPORT:9996 TS:34.360 SPD:15.100 HDG:-0.500 PX:712.900 PY:-30.000 LAN:3 BRK:1 RX_X:0.000 RX_Y:0.000 RX_Z:0.000
[ZONE-ROUTE] CID:2 zone=2 edge_port=9996
[EDGE-RTT] CID:2 wall=1.6 ms  sim_delay=5.0 ms
[CUSUM] CID:2 S=0.000/0.800 pEdge=0.000 pCusum=0.020
[POST-HANDOVER] CID:2 zone=2 pkt=8/10 credit_factor=0.150
>>> [UAV->CLOUD] BLK:955a|TX:7.0.0.6|CID:2|TS:34.360|SPD:15.1|HDG:-0.5|PX:712.9|PY:-30.0|...
[PASSIVE-BEACON] SIMNOW:34.374 CID:1 ZONE:2 RXUAV:2 EDGEPORT:9996 TS:34.360 SPD:15.500 HDG:-0.900 PX:703.900 PY:-20.000 LAN:2 BRK:0 RX_X:0.000 RX_Y:0.000 RX_Z:0.000
[ZONE-ROUTE] CID:1 zone=2 edge_port=9996
[EDGE-RTT] CID:1 wall=1.8 ms  sim_delay=5.0 ms
[CUSUM] CID:1 S=0.000/0.800 pEdge=0.000 pCusum=0.020
[POST-HANDOVER] CID:1 zone=2 pkt=8/10 credit_factor=0.150
>>> [UAV->CLOUD] BLK:3823|TX:7.0.0.5|CID:1|TS:34.360|SPD:15.5|HDG:-0.9|PX:703.9|PY:-20.0|...
✓ [CAR 1] ACT=OK REP=0.935 RWD=1.000 PNL=0.000 CREDIT=17
[ECON-GATE] CID:2 probation active - suppressing OK reward 1.000
✓ [CAR 2] ACT=OK REP=0.515 RWD=0.000 PNL=0.000 CREDIT=13
[PASSIVE-BEACON] SIMNOW:34.413 CID:3 ZONE:2 RXUAV:2 EDGEPORT:9996 TS:34.400 SPD:15.300 HDG:-1.100 PX:724.100 PY:-40.000 LAN:4 BRK:0 RX_X:0.000 RX_Y:0.000 RX_Z:0.000
[ZONE-ROUTE] CID:3 zone=2 edge_port=9996
[EDGE-RTT] CID:3 wall=1.5 ms  sim_delay=5.0 ms
[CUSUM] CID:3 S=0.000/0.800 pEdge=0.000 pCusum=0.020
[POST-HANDOVER] CID:3 zone=2 pkt=8/10 credit_factor=0.150
>>> [UAV->CLOUD] BLK:2b0a|TX:7.0.0.7|CID:3|TS:34.400|SPD:15.3|HDG:-1.1|PX:724.1|PY:-40.0|...
[ECON-GATE] CID:3 probation active - suppressing OK reward 1.000
✓ [CAR 3] ACT=OK REP=0.567 RWD=0.000 PNL=0.000 CREDIT=9
[PASSIVE-BEACON] SIMNOW:34.426 CID:8 ZONE:2 RXUAV:2 EDGEPORT:9996 TS:34.412 SPD:15.000 HDG:1.700 PX:744.800 PY:-40.000 LAN:4 BRK:0 RX_X:0.000 RX_Y:0.000 RX_Z:0.000
[ZONE-ROUTE] CID:8 zone=2 edge_port=9996
[EDGE-RTT] CID:8 wall=1.4 ms  sim_delay=5.0 ms
[CUSUM] CID:8 S=0.000/0.800 pEdge=0.000 pCusum=0.020
[POST-HANDOVER] CID:8 zone=2 pkt=8/10 credit_factor=0.150
>>> [UAV->CLOUD] BLK:bc8f|TX:7.0.0.12|CID:8|TS:34.412|SPD:15.0|HDG:1.7|PX:744.8|PY:-40.0|...
[ECON-GATE] CID:8 probation active - suppressing OK reward 1.000
✓ [CAR 8] ACT=OK REP=1.000 RWD=0.000 PNL=0.000 CREDIT=9
[PASSIVE-BEACON] SIMNOW:34.596 CID:6 ZONE:2 RXUAV:2 EDGEPORT:9996 TS:34.582 SPD:15.300 HDG:1.500 PX:726.300 PY:-20.000 LAN:2 BRK:0 RX_X:0.000 RX_Y:0.000 RX_Z:0.000
[ZONE-ROUTE] CID:6 zone=2 edge_port=9996
[EDGE-RTT] CID:6 wall=1.4 ms  sim_delay=5.0 ms
[CUSUM] CID:6 S=0.000/0.800 pEdge=0.000 pCusum=0.020
[POST-HANDOVER] CID:6 zone=2 pkt=9/10 credit_factor=0.150
>>> [UAV->CLOUD] BLK:ff88|TX:7.0.0.10|CID:6|TS:34.582|SPD:15.3|HDG:1.5|PX:726.3|PY:-20.0|...
✓ [CAR 6] ACT=OK REP=0.575 RWD=1.000 PNL=0.000 CREDIT=17
[PASSIVE-BEACON] SIMNOW:34.617 CID:9 ZONE:2 RXUAV:2 EDGEPORT:9996 TS:34.602 SPD:14.900 HDG:0.300 PX:757.500 PY:-50.000 LAN:5 BRK:0 RX_X:0.000 RX_Y:0.000 RX_Z:0.000
[ZONE-ROUTE] CID:9 zone=2 edge_port=9996
[EDGE-RTT] CID:9 wall=1.5 ms  sim_delay=5.0 ms
[CUSUM] CID:9 S=0.000/0.800 pEdge=0.000 pCusum=0.020
[POST-HANDOVER] CID:9 zone=2 pkt=9/10 credit_factor=0.150
>>> [UAV->CLOUD] BLK:292e|TX:7.0.0.13|CID:9|TS:34.602|SPD:14.9|HDG:0.3|PX:757.5|PY:-50.0|...
[ECON-GATE] CID:9 probation active - suppressing OK reward 1.000
✓ [CAR 9] ACT=OK REP=0.326 RWD=0.000 PNL=0.000 CREDIT=5
[PASSIVE-BEACON] SIMNOW:34.647 CID:0 ZONE:2 RXUAV:2 EDGEPORT:9996 TS:34.630 SPD:15.300 HDG:-0.800 PX:698.200 PY:-10.000 LAN:1 BRK:0 RX_X:0.000 RX_Y:0.000 RX_Z:0.000
[ZONE-ROUTE] CID:0 zone=2 edge_port=9996
[EDGE-RTT] CID:0 wall=1.4 ms  sim_delay=5.0 ms
[CUSUM] CID:0 S=0.000/0.800 pEdge=0.000 pCusum=0.020
[POST-HANDOVER] CID:0 zone=2 pkt=9/10 credit_factor=0.150
>>> [UAV->CLOUD] BLK:3e4a|TX:7.0.0.4|CID:0|TS:34.630|SPD:15.3|HDG:-0.8|PX:698.2|PY:-10.0|...
✓ [CAR 0] ACT=OK REP=0.767 RWD=1.000 PNL=0.000 CREDIT=21
[PASSIVE-BEACON] SIMNOW:34.756 CID:7 ZONE:2 RXUAV:2 EDGEPORT:9996 TS:34.742 SPD:15.300 HDG:-1.600 PX:739.000 PY:-30.000 LAN:3 BRK:0 RX_X:0.000 RX_Y:0.000 RX_Z:0.000
[ZONE-ROUTE] CID:7 zone=2 edge_port=9996
[EDGE-RTT] CID:7 wall=1.6 ms  sim_delay=5.0 ms
[CUSUM] CID:7 S=0.000/0.800 pEdge=0.000 pCusum=0.020
[POST-HANDOVER] CID:7 zone=2 pkt=9/10 credit_factor=0.150
>>> [UAV->CLOUD] BLK:5bf3|TX:7.0.0.11|CID:7|TS:34.742|SPD:15.3|HDG:-1.6|PX:739.0|PY:-30.0...
[ECON-GATE] CID:7 probation active - suppressing OK reward 1.000
✓ [CAR 7] ACT=OK REP=0.631 RWD=0.000 PNL=0.000 CREDIT=13
[PASSIVE-BEACON] SIMNOW:34.789 CID:5 ZONE:2 RXUAV:2 EDGEPORT:9996 TS:34.772 SPD:14.800 HDG:1.400 PX:719.900 PY:-10.000 LAN:1 BRK:0 RX_X:0.000 RX_Y:0.000 RX_Z:0.000
[ZONE-ROUTE] CID:5 zone=2 edge_port=9996
[EDGE-RTT] CID:5 wall=1.3 ms  sim_delay=5.0 ms
[CUSUM] CID:5 S=0.000/0.800 pEdge=0.000 pCusum=0.020
[POST-HANDOVER] CID:5 zone=2 pkt=9/10 credit_factor=0.150
>>> [UAV->CLOUD] BLK:ff4e|TX:7.0.0.9|CID:5|TS:34.772|SPD:14.8|HDG:1.4|PX:719.9|PY:-10.0|L...
✓ [CAR 5] ACT=OK REP=0.947 RWD=1.000 PNL=0.000 CREDIT=22
[PASSIVE-BEACON] SIMNOW:34.857 CID:4 ZONE:2 RXUAV:2 EDGEPORT:9996 TS:34.840 SPD:15.100 HDG:1.000 PX:740.800 PY:-50.000 LAN:5 BRK:0 RX_X:0.000 RX_Y:0.000 RX_Z:0.000
[ZONE-ROUTE] CID:4 zone=2 edge_port=9996
[EDGE-RTT] CID:4 wall=1.3 ms  sim_delay=5.0 ms
[CUSUM] CID:4 S=0.000/0.800 pEdge=0.000 pCusum=0.020
[POST-HANDOVER] CID:4 zone=2 pkt=9/10 credit_factor=0.150
>>> [UAV->CLOUD] BLK:3b35|TX:7.0.0.8|CID:4|TS:34.840|SPD:15.1|HDG:1.0|PX:740.8|PY:-50.0|L...
[ECON-GATE] CID:4 probation active - suppressing OK reward 1.000
✓ [CAR 4] ACT=OK REP=0.751 RWD=0.000 PNL=0.000 CREDIT=6
[PASSIVE-BEACON] SIMNOW:34.874 CID:2 ZONE:2 RXUAV:2 EDGEPORT:9996 TS:34.860 SPD:14.700 HDG:1.000 PX:721.000 PY:-30.000 LAN:3 BRK:0 RX_X:0.000 RX_Y:0.000 RX_Z:0.000
[ZONE-ROUTE] CID:2 zone=2 edge_port=9996
[EDGE-RTT] CID:2 wall=1.4 ms  sim_delay=5.0 ms
[CUSUM] CID:2 S=0.000/0.800 pEdge=0.000 pCusum=0.020
[POST-HANDOVER] CID:2 zone=2 pkt=9/10 credit_factor=0.150
>>> [UAV->CLOUD] BLK:355b|TX:7.0.0.6|CID:2|TS:34.860|SPD:14.7|HDG:1.0|PX:721.0|PY:-30.0|L...
[PASSIVE-BEACON] SIMNOW:34.874 CID:1 ZONE:2 RXUAV:2 EDGEPORT:9996 TS:34.860 SPD:14.600 HDG:1.200 PX:710.400 PY:-20.000 LAN:2 BRK:1 RX_X:0.000 RX_Y:0.000 RX_Z:0.000
[ZONE-ROUTE] CID:1 zone=2 edge_port=9996
[EDGE-RTT] CID:1 wall=2.4 ms  sim_delay=5.0 ms
[CUSUM] CID:1 S=0.000/0.800 pEdge=0.000 pCusum=0.020
[POST-HANDOVER] CID:1 zone=2 pkt=9/10 credit_factor=0.150
>>> [UAV->CLOUD] BLK:1114|TX:7.0.0.5|CID:1|TS:34.860|SPD:14.6|HDG:1.2|PX:710.4|PY:-20.0|L...
[ECON-GATE] CID:2 probation active - suppressing OK reward 1.000
[ECON-RESTORE] CID:2 probation cleared after 15 clean packets
✓ [CAR 2] ACT=OK REP=0.751 RWD=0.000 PNL=0.000 CREDIT=14
✓ [CAR 1] ACT=OK REP=0.647 RWD=1.000 PNL=0.000 CREDIT=18
[PASSIVE-BEACON] SIMNOW:34.914 CID:3 ZONE:2 RXUAV:2 EDGEPORT:9996 TS:34.900 SPD:14.600 HDG:0.700 PX:732.100 PY:-40.000 LAN:4 BRK:0 RX_X:0.000 RX_Y:0.000 RX_Z:0.000
[ZONE-ROUTE] CID:3 zone=2 edge_port=9996
[EDGE-RTT] CID:3 wall=1.5 ms  sim_delay=5.0 ms
[CUSUM] CID:3 S=0.000/0.800 pEdge=0.000 pCusum=0.020
[POST-HANDOVER] CID:3 zone=2 pkt=9/10 credit_factor=0.150
>>> [UAV->CLOUD] BLK:663a|TX:7.0.0.7|CID:3|TS:34.900|SPD:14.6|HDG:0.7|PX:732.1|PY:-40.0|L...
[PASSIVE-BEACON] SIMNOW:34.926 CID:8 ZONE:2 RXUAV:2 EDGEPORT:9996 TS:34.912 SPD:15.100 HDG:1.700 PX:751.500 PY:-40.000 LAN:4 BRK:1 RX_X:0.000 RX_Y:0.000 RX_Z:0.000
[ZONE-ROUTE] CID:8 zone=2 edge_port=9996
[EDGE-RTT] CID:8 wall=1.5 ms  sim_delay=5.0 ms
[CUSUM] CID:8 S=0.000/0.800 pEdge=0.000 pCusum=0.020
[POST-HANDOVER] CID:8 zone=2 pkt=9/10 credit_factor=0.150
>>> [UAV->CLOUD] BLK:fef9|TX:7.0.0.12|CID:8|TS:34.912|SPD:15.1|HDG:1.7|PX:751.5|PY:-40.0|...
[ECON-GATE] CID:3 probation active - suppressing OK reward 1.000
✓ [CAR 3] ACT=OK REP=0.914 RWD=0.000 PNL=0.000 CREDIT=10
[ECON-GATE] CID:8 probation active - suppressing OK reward 1.000
✓ [CAR 8] ACT=OK REP=0.514 RWD=0.000 PNL=0.000 CREDIT=10
[PASSIVE-BEACON] SIMNOW:35.096 CID:6 ZONE:2 RXUAV:2 EDGEPORT:9996 TS:35.082 SPD:15.200 HDG:-0.100 PX:735.200 PY:-20.000 LAN:2 BRK:0 RX_X:0.000 RX_Y:0.000 RX_Z:0.000
[ZONE-ROUTE] CID:6 zone=2 edge_port=9996
[EDGE-RTT] CID:6 wall=1.7 ms  sim_delay=5.0 ms
[CUSUM] CID:6 S=0.000/0.800 pEdge=0.000 pCusum=0.020
[POST-HANDOVER] CID:6 zone=2 pkt=10/10 credit_factor=0.150
[POST-HANDOVER-END] CID:6 zone=2 probation complete
>>> [UAV->CLOUD] BLK:f62f|TX:7.0.0.10|CID:6|TS:35.082|SPD:15.2|HDG:-0.1|PX:735.2|PY:-20.0...
✓ [CAR 6] ACT=OK REP=0.655 RWD=1.000 PNL=0.000 CREDIT=18
[PASSIVE-BEACON] SIMNOW:35.116 CID:9 ZONE:2 RXUAV:2 EDGEPORT:9996 TS:35.102 SPD:14.700 HDG:-0.100 PX:765.500 PY:-50.000 LAN:5 BRK:0 RX_X:0.000 RX_Y:0.000 RX_Z:0.000
[ZONE-ROUTE] CID:9 zone=2 edge_port=9996
[EDGE-RTT] CID:9 wall=1.4 ms  sim_delay=5.0 ms
[CUSUM] CID:9 S=0.000/0.800 pEdge=0.000 pCusum=0.020
[POST-HANDOVER] CID:9 zone=2 pkt=10/10 credit_factor=0.150
[POST-HANDOVER-END] CID:9 zone=2 probation complete
>>> [UAV->CLOUD] BLK:7480|TX:7.0.0.13|CID:9|TS:35.102|SPD:14.7|HDG:-0.1|PX:765.5|PY:-50.0...
[ECON-GATE] CID:9 probation active - suppressing OK reward 1.000
✓ [CAR 9] ACT=OK REP=0.842 RWD=0.000 PNL=0.000 CREDIT=6
[PASSIVE-BEACON] SIMNOW:35.144 CID:0 ZONE:2 RXUAV:2 EDGEPORT:9996 TS:35.130 SPD:15.100 HDG:-0.000 PX:704.700 PY:-10.000 LAN:1 BRK:0 RX_X:0.000 RX_Y:0.000 RX_Z:0.000
[ZONE-ROUTE] CID:0 zone=2 edge_port=9996
[EDGE-RTT] CID:0 wall=1.4 ms  sim_delay=5.0 ms
[CUSUM] CID:0 S=0.000/0.800 pEdge=0.000 pCusum=0.020
[POST-HANDOVER] CID:0 zone=2 pkt=10/10 credit_factor=0.150
[POST-HANDOVER-END] CID:0 zone=2 probation complete
>>> [UAV->CLOUD] BLK:d930|TX:7.0.0.4|CID:0|TS:35.130|SPD:15.1|HDG:-0.0|PX:704.7|PY:-10.0|...
✓ [CAR 0] ACT=OK REP=0.693 RWD=1.000 PNL=0.000 CREDIT=22
[PASSIVE-BEACON] SIMNOW:35.256 CID:7 ZONE:2 RXUAV:2 EDGEPORT:9996 TS:35.242 SPD:15.200 HDG:1.900 PX:747.400 PY:-30.000 LAN:3 BRK:0 RX_X:0.000 RX_Y:0.000 RX_Z:0.000
[ZONE-ROUTE] CID:7 zone=2 edge_port=9996
[EDGE-RTT] CID:7 wall=1.5 ms  sim_delay=5.0 ms
[CUSUM] CID:7 S=0.000/0.800 pEdge=0.000 pCusum=0.020
[POST-HANDOVER] CID:7 zone=2 pkt=10/10 credit_factor=0.150
[POST-HANDOVER-END] CID:7 zone=2 probation complete
>>> [UAV->CLOUD] BLK:c185|TX:7.0.0.11|CID:7|TS:35.242|SPD:15.2|HDG:1.9|PX:747.4|PY:-30.0|...
[ECON-GATE] CID:7 probation active - suppressing OK reward 1.000
[ECON-RESTORE] CID:7 probation cleared after 15 clean packets
✓ [CAR 7] ACT=OK REP=0.751 RWD=0.000 PNL=0.000 CREDIT=14
[PASSIVE-BEACON] SIMNOW:35.286 CID:5 ZONE:2 RXUAV:2 EDGEPORT:9996 TS:35.272 SPD:14.900 HDG:-0.500 PX:727.600 PY:-10.000 LAN:1 BRK:0 RX_X:0.000 RX_Y:0.000 RX_Z:0.000
[ZONE-ROUTE] CID:5 zone=2 edge_port=9996
[EDGE-RTT] CID:5 wall=1.4 ms  sim_delay=5.0 ms
[CUSUM] CID:5 S=0.000/0.800 pEdge=0.000 pCusum=0.020
[POST-HANDOVER] CID:5 zone=2 pkt=10/10 credit_factor=0.150
[POST-HANDOVER-END] CID:5 zone=2 probation complete
>>> [UAV->CLOUD] BLK:c927|TX:7.0.0.9|CID:5|TS:35.272|SPD:14.9|HDG:-0.5|PX:727.6|PY:-10.0|...
✓ [CAR 5] ACT=OK REP=0.722 RWD=1.000 PNL=0.000 CREDIT=23
[PASSIVE-BEACON] SIMNOW:35.354 CID:4 ZONE:2 RXUAV:2 EDGEPORT:9996 TS:35.340 SPD:14.500 HDG:-1.600 PX:748.500 PY:-50.000 LAN:5 BRK:0 RX_X:0.000 RX_Y:0.000 RX_Z:0.000
[ZONE-ROUTE] CID:4 zone=2 edge_port=9996
[EDGE-RTT] CID:4 wall=1.3 ms  sim_delay=5.0 ms
[CUSUM] CID:4 S=0.000/0.800 pEdge=0.000 pCusum=0.020
[POST-HANDOVER] CID:4 zone=2 pkt=10/10 credit_factor=0.150
[POST-HANDOVER-END] CID:4 zone=2 probation complete
>>> [UAV->CLOUD] BLK:6deb|TX:7.0.0.8|CID:4|TS:35.340|SPD:14.5|HDG:-1.6|PX:748.5|PY:-50.0|...
[ECON-GATE] CID:4 probation active - suppressing OK reward 1.000
✓ [CAR 4] ACT=OK REP=0.672 RWD=0.000 PNL=0.000 CREDIT=7
[PASSIVE-BEACON] SIMNOW:35.374 CID:2 ZONE:2 RXUAV:2 EDGEPORT:9996 TS:35.360 SPD:14.600 HDG:0.800 PX:729.000 PY:-30.000 LAN:3 BRK:0 RX_X:0.000 RX_Y:0.000 RX_Z:0.000
[ZONE-ROUTE] CID:2 zone=2 edge_port=9996
[EDGE-RTT] CID:2 wall=1.7 ms  sim_delay=5.0 ms
[CUSUM] CID:2 S=0.000/0.800 pEdge=0.000 pCusum=0.020
[POST-HANDOVER] CID:2 zone=2 pkt=10/10 credit_factor=0.150
[POST-HANDOVER-END] CID:2 zone=2 probation complete
>>> [UAV->CLOUD] BLK:6572|TX:7.0.0.6|CID:2|TS:35.360|SPD:14.6|HDG:0.8|PX:729.0|PY:-30.0|L...
[PASSIVE-BEACON] SIMNOW:35.374 CID:1 ZONE:2 RXUAV:2 EDGEPORT:9996 TS:35.360 SPD:14.700 HDG:0.100 PX:718.600 PY:-20.000 LAN:2 BRK:0 RX_X:0.000 RX_Y:0.000 RX_Z:0.000
[ZONE-ROUTE] CID:1 zone=2 edge_port=9996
[EDGE-RTT] CID:1 wall=2.2 ms  sim_delay=5.0 ms
[CUSUM] CID:1 S=0.000/0.800 pEdge=0.000 pCusum=0.020
[POST-HANDOVER] CID:1 zone=2 pkt=10/10 credit_factor=0.150
[POST-HANDOVER-END] CID:1 zone=2 probation complete
>>> [UAV->CLOUD] BLK:b1e7|TX:7.0.0.5|CID:1|TS:35.360|SPD:14.7|HDG:0.1|PX:718.6|PY:-20.0|L...
✓ [CAR 2] ACT=OK REP=0.616 RWD=1.000 PNL=0.000 CREDIT=15
✓ [CAR 1] ACT=OK REP=0.595 RWD=1.000 PNL=0.000 CREDIT=19
[PASSIVE-BEACON] SIMNOW:35.414 CID:3 ZONE:2 RXUAV:2 EDGEPORT:9996 TS:35.400 SPD:14.900 HDG:-0.600 PX:739.300 PY:-40.000 LAN:4 BRK:0 RX_X:0.000 RX_Y:0.000 RX_Z:0.000
[ZONE-ROUTE] CID:3 zone=2 edge_port=9996
[EDGE-RTT] CID:3 wall=1.7 ms  sim_delay=5.0 ms
[CUSUM] CID:3 S=0.000/0.800 pEdge=0.000 pCusum=0.020
[POST-HANDOVER] CID:3 zone=2 pkt=10/10 credit_factor=0.150
[POST-HANDOVER-END] CID:3 zone=2 probation complete
>>> [UAV->CLOUD] BLK:0d37|TX:7.0.0.7|CID:3|TS:35.400|SPD:14.9|HDG:-0.6|PX:739.3|PY:-40.0|...
[PASSIVE-BEACON] SIMNOW:35.426 CID:8 ZONE:2 RXUAV:2 EDGEPORT:9996 TS:35.412 SPD:14.600 HDG:1.100 PX:758.600 PY:-40.000 LAN:4 BRK:0 RX_X:0.000 RX_Y:0.000 RX_Z:0.000
[ZONE-ROUTE] CID:8 zone=2 edge_port=9996
[EDGE-RTT] CID:8 wall=1.3 ms  sim_delay=5.0 ms
[CUSUM] CID:8 S=0.000/0.800 pEdge=0.000 pCusum=0.020
[POST-HANDOVER] CID:8 zone=2 pkt=10/10 credit_factor=0.150
[POST-HANDOVER-END] CID:8 zone=2 probation complete
>>> [UAV->CLOUD] BLK:7523|TX:7.0.0.12|CID:8|TS:35.412|SPD:14.6|HDG:1.1|PX:758.6|PY:-40.0|...
[ECON-GATE] CID:3 probation active - suppressing OK reward 1.000
✓ [CAR 3] ACT=OK REP=0.847 RWD=0.000 PNL=0.000 CREDIT=11
[ECON-GATE] CID:8 probation active - suppressing OK reward 1.000
✓ [CAR 8] ACT=OK REP=0.783 RWD=0.000 PNL=0.000 CREDIT=11
[PASSIVE-BEACON] SIMNOW:35.596 CID:6 ZONE:2 RXUAV:2 EDGEPORT:9996 TS:35.582 SPD:15.300 HDG:-0.300 PX:741.900 PY:-20.000 LAN:2 BRK:0 RX_X:0.000 RX_Y:0.000 RX_Z:0.000
[ZONE-ROUTE] CID:6 zone=2 edge_port=9996
[EDGE-RTT] CID:6 wall=1.6 ms  sim_delay=5.0 ms
[CUSUM] CID:6 S=0.000/0.800 pEdge=0.000 pCusum=0.020
[TRUST-UPGRADE] CID:6 earned REDUCE_SCRUTINY after 20 clean packets → latency × 0.500
>>> [UAV->CLOUD] BLK:b925|TX:7.0.0.10|CID:6|TS:35.582|SPD:15.3|HDG:-0.3|PX:741.9|PY:-20.0...
[TRUST-BLOCKED] CID:6 ignored REDUCE_SCRUTINY due to prior WARN/BAN/demotion
✓ [CAR 6] ACT=OK REP=0.500 RWD=1.500 PNL=0.000 CREDIT=20
✓ [CAR 6] ACT=OK REP=0.561 RWD=1.000 PNL=0.000 CREDIT=19
[PASSIVE-BEACON] SIMNOW:35.616 CID:9 ZONE:2 RXUAV:2 EDGEPORT:9996 TS:35.602 SPD:15.400 HDG:-0.400 PX:772.100 PY:-50.000 LAN:5 BRK:0 RX_X:0.000 RX_Y:0.000 RX_Z:0.000
[ZONE-ROUTE] CID:9 zone=2 edge_port=9996
[EDGE-RTT] CID:9 wall=1.8 ms  sim_delay=5.0 ms
[CUSUM] CID:9 S=0.000/0.800 pEdge=0.000 pCusum=0.020
>>> [UAV->CLOUD] BLK:ebc5|TX:7.0.0.13|CID:9|TS:35.602|SPD:15.4|HDG:-0.4|PX:772.1|PY:-50.0...
[ECON-GATE] CID:9 probation active - suppressing OK reward 1.000
✓ [CAR 9] ACT=OK REP=0.918 RWD=0.000 PNL=0.000 CREDIT=7
[PASSIVE-BEACON] SIMNOW:35.644 CID:0 ZONE:2 RXUAV:2 EDGEPORT:9996 TS:35.630 SPD:14.500 HDG:-1.500 PX:712.100 PY:-10.000 LAN:1 BRK:0 RX_X:0.000 RX_Y:0.000 RX_Z:0.000
[ZONE-ROUTE] CID:0 zone=2 edge_port=9996
[EDGE-RTT] CID:0 wall=1.5 ms  sim_delay=5.0 ms
[CUSUM] CID:0 S=0.000/0.800 pEdge=0.000 pCusum=0.020
>>> [UAV->CLOUD] BLK:b0db|TX:7.0.0.4|CID:0|TS:35.630|SPD:14.5|HDG:-1.5|PX:712.1|PY:-10.0|...
✓ [CAR 0] ACT=OK REP=0.627 RWD=1.000 PNL=0.000 CREDIT=23
[PASSIVE-BEACON] SIMNOW:35.759 CID:7 ZONE:2 RXUAV:2 EDGEPORT:9996 TS:35.742 SPD:14.900 HDG:-1.100 PX:753.700 PY:-30.000 LAN:3 BRK:0 RX_X:0.000 RX_Y:0.000 RX_Z:0.000
[ZONE-ROUTE] CID:7 zone=2 edge_port=9996
[EDGE-RTT] CID:7 wall=1.3 ms  sim_delay=5.0 ms
[CUSUM] CID:7 S=0.000/0.800 pEdge=0.000 pCusum=0.020
>>> [UAV->CLOUD] BLK:93e1|TX:7.0.0.11|CID:7|TS:35.742|SPD:14.9|HDG:-1.1|PX:753.7|PY:-30.0...
✓ [CAR 7] ACT=OK REP=0.431 RWD=1.000 PNL=0.000 CREDIT=15
[PASSIVE-BEACON] SIMNOW:35.786 CID:5 ZONE:2 RXUAV:2 EDGEPORT:9996 TS:35.772 SPD:15.100 HDG:1.200 PX:735.200 PY:-10.000 LAN:1 BRK:0 RX_X:0.000 RX_Y:0.000 RX_Z:0.000
[ZONE-ROUTE] CID:5 zone=2 edge_port=9996
[EDGE-RTT] CID:5 wall=1.9 ms  sim_delay=5.0 ms
[CUSUM] CID:5 S=0.000/0.800 pEdge=0.000 pCusum=0.020
>>> [UAV->CLOUD] BLK:9f14|TX:7.0.0.9|CID:5|TS:35.772|SPD:15.1|HDG:1.2|PX:735.2|PY:-10.0|L...
✓ [CAR 5] ACT=OK REP=0.817 RWD=1.000 PNL=0.000 CREDIT=24
[PASSIVE-BEACON] SIMNOW:35.854 CID:4 ZONE:2 RXUAV:2 EDGEPORT:9996 TS:35.840 SPD:14.700 HDG:-0.800 PX:756.200 PY:-50.000 LAN:5 BRK:0 RX_X:0.000 RX_Y:0.000 RX_Z:0.000
[ZONE-ROUTE] CID:4 zone=2 edge_port=9996
[EDGE-RTT] CID:4 wall=1.6 ms  sim_delay=5.0 ms
[CUSUM] CID:4 S=0.000/0.800 pEdge=0.000 pCusum=0.020
>>> [UAV->CLOUD] BLK:4a9a|TX:7.0.0.8|CID:4|TS:35.840|SPD:14.7|HDG:-0.8|PX:756.2|PY:-50.0|...
[ECON-GATE] CID:4 probation active - suppressing OK reward 1.000
✓ [CAR 4] ACT=OK REP=0.466 RWD=0.000 PNL=0.000 CREDIT=8
[PASSIVE-BEACON] SIMNOW:35.874 CID:2 ZONE:2 RXUAV:2 EDGEPORT:9996 TS:35.860 SPD:15.200 HDG:1.500 PX:736.700 PY:-30.000 LAN:3 BRK:1 RX_X:0.000 RX_Y:0.000 RX_Z:0.000
[ZONE-ROUTE] CID:2 zone=2 edge_port=9996
[EDGE-RTT] CID:2 wall=1.6 ms  sim_delay=5.0 ms
[CUSUM] CID:2 S=0.000/0.800 pEdge=0.000 pCusum=0.020
>>> [UAV->CLOUD] BLK:7c94|TX:7.0.0.6|CID:2|TS:35.860|SPD:15.2|HDG:1.5|PX:736.7|PY:-30.0|L...
[PASSIVE-BEACON] SIMNOW:35.874 CID:1 ZONE:2 RXUAV:2 EDGEPORT:9996 TS:35.860 SPD:14.700 HDG:-1.000 PX:725.600 PY:-20.000 LAN:2 BRK:1 RX_X:0.000 RX_Y:0.000 RX_Z:0.000
[ZONE-ROUTE] CID:1 zone=2 edge_port=9996
[EDGE-RTT] CID:1 wall=2.5 ms  sim_delay=5.0 ms
[CUSUM] CID:1 S=0.000/0.800 pEdge=0.000 pCusum=0.020
>>> [UAV->CLOUD] BLK:36b5|TX:7.0.0.5|CID:1|TS:35.860|SPD:14.7|HDG:-1.0|PX:725.6|PY:-20.0|...
✓ [CAR 2] ACT=OK REP=0.788 RWD=1.000 PNL=0.000 CREDIT=16
✓ [CAR 1] ACT=OK REP=0.858 RWD=1.000 PNL=0.000 CREDIT=20
[PASSIVE-BEACON] SIMNOW:35.914 CID:3 ZONE:2 RXUAV:2 EDGEPORT:9996 TS:35.900 SPD:15.400 HDG:-1.900 PX:747.000 PY:-40.000 LAN:4 BRK:1 RX_X:0.000 RX_Y:0.000 RX_Z:0.000
[ZONE-ROUTE] CID:3 zone=2 edge_port=9996
[EDGE-RTT] CID:3 wall=1.2 ms  sim_delay=5.0 ms
[CUSUM] CID:3 S=0.000/0.800 pEdge=0.000 pCusum=0.020
>>> [UAV->CLOUD] BLK:ea4b|TX:7.0.0.7|CID:3|TS:35.900|SPD:15.4|HDG:-1.9|PX:747.0|PY:-40.0|...
[PASSIVE-BEACON] SIMNOW:35.926 CID:8 ZONE:2 RXUAV:2 EDGEPORT:9996 TS:35.912 SPD:15.000 HDG:-0.100 PX:767.000 PY:-40.000 LAN:4 BRK:1 RX_X:0.000 RX_Y:0.000 RX_Z:0.000
[ZONE-ROUTE] CID:8 zone=2 edge_port=9996
[EDGE-RTT] CID:8 wall=1.4 ms  sim_delay=5.0 ms
[CUSUM] CID:8 S=0.000/0.800 pEdge=0.000 pCusum=0.020
>>> [UAV->CLOUD] BLK:74df|TX:7.0.0.12|CID:8|TS:35.912|SPD:15.0|HDG:-0.1|PX:767.0|PY:-40.0...
[ECON-GATE] CID:3 probation active - suppressing OK reward 1.000
✓ [CAR 3] ACT=OK REP=0.754 RWD=0.000 PNL=0.000 CREDIT=12
[ECON-GATE] CID:8 probation active - suppressing OK reward 1.000
✓ [CAR 8] ACT=OK REP=0.581 RWD=0.000 PNL=0.000 CREDIT=12

── PAYOFF SUMMARY ─────────────────────────────────
[PAYOFF] CID:0 cumulative_payoff=-83.463 honest_wins=24 warn_count=24 adverse_count=0 demoted=NO return_threshold=0 lane_upgraded=NO scrutiny_reduced=NO malicious=NO
[PAYOFF] CID:1 cumulative_payoff=-79.435 honest_wins=21 warn_count=23 adverse_count=0 demoted=NO return_threshold=0 lane_upgraded=NO scrutiny_reduced=NO malicious=NO
[PAYOFF] CID:2 cumulative_payoff=-83.128 honest_wins=17 warn_count=23 adverse_count=0 demoted=NO return_threshold=0 lane_upgraded=NO scrutiny_reduced=NO malicious=NO
[PAYOFF] CID:3 cumulative_payoff=-84.948 honest_wins=13 warn_count=23 adverse_count=0 demoted=NO return_threshold=0 lane_upgraded=NO scrutiny_reduced=NO malicious=NO
[PAYOFF] CID:4 cumulative_payoff=-84.700 honest_wins=9 warn_count=23 adverse_count=0 demoted=NO return_threshold=0 lane_upgraded=NO scrutiny_reduced=NO malicious=NO
[PAYOFF] CID:5 cumulative_payoff=-68.969 honest_wins=25 warn_count=22 adverse_count=0 demoted=NO return_threshold=0 lane_upgraded=NO scrutiny_reduced=NO malicious=NO
[PAYOFF] CID:6 cumulative_payoff=-78.820 honest_wins=21 warn_count=23 adverse_count=0 demoted=NO return_threshold=0 lane_upgraded=NO scrutiny_reduced=NO malicious=NO
[PAYOFF] CID:7 cumulative_payoff=-90.965 honest_wins=16 warn_count=24 adverse_count=0 demoted=NO return_threshold=0 lane_upgraded=NO scrutiny_reduced=NO malicious=NO
[PAYOFF] CID:8 cumulative_payoff=-91.856 honest_wins=13 warn_count=24 adverse_count=0 demoted=NO return_threshold=0 lane_upgraded=NO scrutiny_reduced=NO malicious=NO
[PAYOFF] CID:9 cumulative_payoff=-91.478 honest_wins=8 warn_count=24 adverse_count=0 demoted=NO return_threshold=0 lane_upgraded=NO scrutiny_reduced=NO malicious=NO

--------------------------------------------------
 SIMULATION COMPLETE v90-multiuav (adaptive edge-cloud, bridge mode only)  nCars=10  attackRate=0%  attackType=5  RngRun=9
--------------------------------------------------
