[0/2] Re-checking globbed directories...
ninja: no work to do.
[ATTACK-CROSSING-RELATIVE] CID:1 startX=0 triggerPx=600 predictedCrossTime=30 attackWindow=[28.5,31.1]
[TEMPTATION-T] CID:1 T_i=1.462 break-even_p*=0.255
[ATTACK-CROSSING-RELATIVE] CID:4 startX=0.000 triggerPx=600.000 predictedCrossTime=30.000 attackWindow=[28.500,31.100]
[TEMPTATION-T] CID:4 T_i=1.038 break-even_p*=0.325
[ATTACK-CROSSING-RELATIVE] CID:5 startX=20.000 triggerPx=600.000 predictedCrossTime=29.000 attackWindow=[27.500,30.100]
[TEMPTATION-T] CID:5 T_i=2.105 break-even_p*=0.192
[ATTACK-CROSSING-RELATIVE] CID:6 startX=20.000 triggerPx=600.000 predictedCrossTime=29.000 attackWindow=[27.500,30.100]
[TEMPTATION-T] CID:6 T_i=2.148 break-even_p*=0.189
[ATTACK-CROSSING-RELATIVE] CID:7 startX=20.000 triggerPx=600.000 predictedCrossTime=29.000 attackWindow=[27.500,30.100]
[TEMPTATION-T] CID:7 T_i=2.184 break-even_p*=0.186
[LATE-ATTACK] CID:0 position-aware flip armed ZoneLen=900.000m threshold=200.000m
[LATE-ATTACK] CID:2 position-aware flip armed ZoneLen=900.000m threshold=200.000m
[LATE-ATTACK] Scheduled 2 position-aware late-entry attackers ZoneLen=900.000m ThreshM=200.000m
[HANDOVER] Armed 10 triggers for Z1->Z2 at t=30.000 s (zoneEndX=900.000, leadM=300.000)

--------------------------------------------------
 UNIFIED SIMULATION v90-multiUAV (adaptive edge-cloud, bridge mode only)
--------------------------------------------------
 Cars      : 10 (5 lanes x 2)
 RngRun    : 1
 Attack    : 50%  (5 malicious) [1,4,5,6,7]
 AttackType: 5 (0=composite,1=TS-only,2=GPS-only,3=speed-only,4=stealthy,5=adaptive)
 TsOffset  : -0.500s
 SpdFactor : 1.100x
 Nash p*   : 0.400 (BAN_REWARD=1.500)
 ZONE_SAFE : 0.150
 ZONE_MALICIOUS : 0.300
 LEGACY_WIRE_ALIASES : 0
 SCR_ALERT : 0.620
 GAME_Cf   : 3.000
 CloudTrig : [unused in bridge mode] SCR<0.620 && >=4 | TIME>=3.000s | COUNT>=10
 EdgePortZ1: 127.0.0.1:9998
 EdgePortZ2: 127.0.0.1:9996
 Cloud     : 127.0.0.1:6666
 CloudMode : BRIDGE (adaptive batch calibration — cloud tunes edge params only)
 LedgerFile: blockchain_ledger.jsonl
 EdgeLatencyMs : 10.000 ms
 CloudLatencyMs: 150.000 ms
 NashP* mode   : adaptive (warmup=5 pkts, rho_hat-driven)
 S1uDelay      : 5 ms  |  PGW-rHost delay: 5 ms
 PktDropRate   : 1%  |  EdgeJitter: 30%  |  LateAttackers: 25% of mal
 BgTraffic     : 10 cars x 500 kbps UDP
 Mobility      : WaypointMobility (3-phase speed profile per lane)
 Duration  : 40.000s
--------------------------------------------------

[BG-TRAFFIC] 10 cars x 500 kbps UDP background flow to rHost installed
[PASSIVE-BEACON] SIMNOW:2.087 CID:6 ZONE:1 RXUAV:1 EDGEPORT:9998 TS:2.072 SPD:20.200 HDG:0.400 PX:62.000 PY:-20.000 LAN:2 BRK:0 RX_X:0.000 RX_Y:0.000 RX_Z:0.000
[ZONE-ROUTE] CID:6 zone=1 edge_port=9998
[EDGE-RTT] CID:6 wall=2.0 ms  sim_delay=10.0 ms
>>> [UAV->CLOUD] BLK:0da3|TX:7.0.0.10|CID:6|TS:2.072|SPD:20.2|HDG:0.4|PX:62.0|PY:-20.0|LA...
✓ [CAR 6] ACT=OK REP=0.733 RWD=0.996 PNL=0.000 CREDIT=0
[PASSIVE-BEACON] SIMNOW:2.346 CID:9 ZONE:1 RXUAV:1 EDGEPORT:9998 TS:2.332 SPD:19.600 HDG:-1.200 PX:67.100 PY:-50.000 LAN:5 BRK:0 RX_X:0.000 RX_Y:0.000 RX_Z:0.000
[ZONE-ROUTE] CID:9 zone=1 edge_port=9998
[EDGE-RTT] CID:9 wall=1.4 ms  sim_delay=10.0 ms
>>> [UAV->CLOUD] BLK:7da7|TX:7.0.0.13|CID:9|TS:2.332|SPD:19.6|HDG:-1.2|PX:67.1|PY:-50.0|L...
[PASSIVE-BEACON] SIMNOW:2.346 CID:7 ZONE:1 RXUAV:1 EDGEPORT:9998 TS:2.332 SPD:20.200 HDG:-0.300 PX:66.400 PY:-30.000 LAN:3 BRK:1 RX_X:0.000 RX_Y:0.000 RX_Z:0.000
[ZONE-ROUTE] CID:7 zone=1 edge_port=9998
[EDGE-RTT] CID:7 wall=1.1 ms  sim_delay=10.0 ms
>>> [UAV->CLOUD] BLK:3430|TX:7.0.0.11|CID:7|TS:2.332|SPD:20.2|HDG:-0.3|PX:66.4|PY:-30.0|L...
✓ [CAR 7] ACT=OK REP=0.467 RWD=0.996 PNL=0.000 CREDIT=0
✓ [CAR 9] ACT=OK REP=0.737 RWD=0.996 PNL=0.000 CREDIT=0
[PASSIVE-BEACON] SIMNOW:2.436 CID:8 ZONE:1 RXUAV:1 EDGEPORT:9998 TS:2.422 SPD:19.800 HDG:-0.800 PX:68.500 PY:-40.000 LAN:4 BRK:1 RX_X:0.000 RX_Y:0.000 RX_Z:0.000
[ZONE-ROUTE] CID:8 zone=1 edge_port=9998
[EDGE-RTT] CID:8 wall=1.4 ms  sim_delay=10.0 ms
>>> [UAV->CLOUD] BLK:a1f2|TX:7.0.0.12|CID:8|TS:2.422|SPD:19.8|HDG:-0.8|PX:68.5|PY:-40.0|L...
✓ [CAR 8] ACT=OK REP=0.556 RWD=0.996 PNL=0.000 CREDIT=0
[PASSIVE-BEACON] SIMNOW:2.504 CID:4 ZONE:1 RXUAV:1 EDGEPORT:9998 TS:2.490 SPD:20.200 HDG:0.800 PX:50.400 PY:-50.000 LAN:5 BRK:1 RX_X:0.000 RX_Y:0.000 RX_Z:0.000
[ZONE-ROUTE] CID:4 zone=1 edge_port=9998
[EDGE-RTT] CID:4 wall=1.3 ms  sim_delay=10.0 ms
>>> [UAV->CLOUD] BLK:db97|TX:7.0.0.8|CID:4|TS:2.490|SPD:20.2|HDG:0.8|PX:50.4|PY:-50.0|LAN...
✓ [CAR 4] ACT=OK REP=0.787 RWD=0.996 PNL=0.000 CREDIT=0
[PASSIVE-BEACON] SIMNOW:2.524 CID:0 ZONE:1 RXUAV:1 EDGEPORT:9998 TS:2.510 SPD:19.600 HDG:-0.400 PX:50.000 PY:-10.000 LAN:1 BRK:0 RX_X:0.000 RX_Y:0.000 RX_Z:0.000
[ZONE-ROUTE] CID:0 zone=1 edge_port=9998
[EDGE-RTT] CID:0 wall=1.2 ms  sim_delay=10.0 ms
>>> [UAV->CLOUD] BLK:db7b|TX:7.0.0.4|CID:0|TS:2.510|SPD:19.6|HDG:-0.4|PX:50.0|PY:-10.0|LA...
✓ [CAR 0] ACT=OK REP=0.503 RWD=0.996 PNL=0.000 CREDIT=0
[PASSIVE-BEACON] SIMNOW:2.586 CID:6 ZONE:1 RXUAV:1 EDGEPORT:9998 TS:2.572 SPD:20.200 HDG:-0.200 PX:71.300 PY:-20.000 LAN:2 BRK:0 RX_X:0.000 RX_Y:0.000 RX_Z:0.000
[ZONE-ROUTE] CID:6 zone=1 edge_port=9998
[EDGE-RTT] CID:6 wall=1.2 ms  sim_delay=10.0 ms
>>> [UAV->CLOUD] BLK:3c71|TX:7.0.0.10|CID:6|TS:2.572|SPD:20.2|HDG:-0.2|PX:71.3|PY:-20.0|L...
[PASSIVE-BEACON] SIMNOW:2.596 CID:5 ZONE:1 RXUAV:1 EDGEPORT:9998 TS:2.582 SPD:19.900 HDG:1.000 PX:71.200 PY:-10.000 LAN:1 BRK:1 RX_X:0.000 RX_Y:0.000 RX_Z:0.000
[ZONE-ROUTE] CID:5 zone=1 edge_port=9998
[EDGE-RTT] CID:5 wall=1.2 ms  sim_delay=10.0 ms
>>> [UAV->CLOUD] BLK:274a|TX:7.0.0.9|CID:5|TS:2.582|SPD:19.9|HDG:1.0|PX:71.2|PY:-10.0|LAN...
✓ [CAR 6] ACT=OK REP=0.618 RWD=1.000 PNL=0.000 CREDIT=1
✓ [CAR 5] ACT=OK REP=0.666 RWD=0.996 PNL=0.000 CREDIT=0
[PASSIVE-BEACON] SIMNOW:2.844 CID:3 ZONE:1 RXUAV:1 EDGEPORT:9998 TS:2.830 SPD:20.200 HDG:-1.800 PX:57.000 PY:-40.000 LAN:4 BRK:0 RX_X:0.000 RX_Y:0.000 RX_Z:0.000
[ZONE-ROUTE] CID:3 zone=1 edge_port=9998
[EDGE-RTT] CID:3 wall=1.2 ms  sim_delay=10.0 ms
>>> [UAV->CLOUD] BLK:1efb|TX:7.0.0.7|CID:3|TS:2.830|SPD:20.2|HDG:-1.8|PX:57.0|PY:-40.0|LA...
[PASSIVE-BEACON] SIMNOW:2.846 CID:9 ZONE:1 RXUAV:1 EDGEPORT:9998 TS:2.832 SPD:19.900 HDG:-0.600 PX:77.300 PY:-50.000 LAN:5 BRK:0 RX_X:0.000 RX_Y:0.000 RX_Z:0.000
[ZONE-ROUTE] CID:9 zone=1 edge_port=9998
[EDGE-RTT] CID:9 wall=1.1 ms  sim_delay=10.0 ms
>>> [UAV->CLOUD] BLK:9f6a|TX:7.0.0.13|CID:9|TS:2.832|SPD:19.9|HDG:-0.6|PX:77.3|PY:-50.0|L...
[PASSIVE-BEACON] SIMNOW:2.846 CID:7 ZONE:1 RXUAV:1 EDGEPORT:9998 TS:2.832 SPD:20.100 HDG:0.900 PX:76.600 PY:-30.000 LAN:3 BRK:1 RX_X:0.000 RX_Y:0.000 RX_Z:0.000
[ZONE-ROUTE] CID:7 zone=1 edge_port=9998
[EDGE-RTT] CID:7 wall=1.2 ms  sim_delay=10.0 ms
>>> [UAV->CLOUD] BLK:f923|TX:7.0.0.11|CID:7|TS:2.832|SPD:20.1|HDG:0.9|PX:76.6|PY:-30.0|LA...
✓ [CAR 3] ACT=OK REP=0.662 RWD=0.996 PNL=0.000 CREDIT=0
✓ [CAR 7] ACT=OK REP=0.655 RWD=1.000 PNL=0.000 CREDIT=1
✓ [CAR 9] ACT=OK REP=0.650 RWD=1.000 PNL=0.000 CREDIT=1
[PASSIVE-BEACON] SIMNOW:2.884 CID:1 ZONE:1 RXUAV:1 EDGEPORT:9998 TS:2.870 SPD:19.800 HDG:-1.700 PX:57.000 PY:-20.000 LAN:2 BRK:1 RX_X:0.000 RX_Y:0.000 RX_Z:0.000
[ZONE-ROUTE] CID:1 zone=1 edge_port=9998
[EDGE-RTT] CID:1 wall=1.1 ms  sim_delay=10.0 ms
>>> [UAV->CLOUD] BLK:3312|TX:7.0.0.5|CID:1|TS:2.870|SPD:19.8|HDG:-1.7|PX:57.0|PY:-20.0|LA...
✓ [CAR 1] ACT=OK REP=0.313 RWD=0.996 PNL=0.000 CREDIT=0
[PASSIVE-BEACON] SIMNOW:2.924 CID:2 ZONE:1 RXUAV:1 EDGEPORT:9998 TS:2.910 SPD:19.600 HDG:0.300 PX:57.800 PY:-30.000 LAN:3 BRK:0 RX_X:0.000 RX_Y:0.000 RX_Z:0.000
[ZONE-ROUTE] CID:2 zone=1 edge_port=9998
[EDGE-RTT] CID:2 wall=1.1 ms  sim_delay=10.0 ms
>>> [UAV->CLOUD] BLK:583b|TX:7.0.0.6|CID:2|TS:2.910|SPD:19.6|HDG:0.3|PX:57.8|PY:-30.0|LAN...
[PASSIVE-BEACON] SIMNOW:2.936 CID:8 ZONE:1 RXUAV:1 EDGEPORT:9998 TS:2.922 SPD:20.200 HDG:0.400 PX:78.800 PY:-40.000 LAN:4 BRK:0 RX_X:0.000 RX_Y:0.000 RX_Z:0.000
[ZONE-ROUTE] CID:8 zone=1 edge_port=9998
[EDGE-RTT] CID:8 wall=1.1 ms  sim_delay=10.0 ms
>>> [UAV->CLOUD] BLK:4ff5|TX:7.0.0.12|CID:8|TS:2.922|SPD:20.2|HDG:0.4|PX:78.8|PY:-40.0|LA...
✓ [CAR 2] ACT=OK REP=0.719 RWD=0.996 PNL=0.000 CREDIT=0
✓ [CAR 8] ACT=OK REP=0.850 RWD=1.000 PNL=0.000 CREDIT=1
[PASSIVE-BEACON] SIMNOW:3.004 CID:4 ZONE:1 RXUAV:1 EDGEPORT:9998 TS:2.990 SPD:19.500 HDG:1.300 PX:59.800 PY:-50.000 LAN:5 BRK:0 RX_X:0.000 RX_Y:0.000 RX_Z:0.000
[ZONE-ROUTE] CID:4 zone=1 edge_port=9998
[EDGE-RTT] CID:4 wall=1.3 ms  sim_delay=10.0 ms
>>> [UAV->CLOUD] BLK:e46b|TX:7.0.0.8|CID:4|TS:2.990|SPD:19.5|HDG:1.3|PX:59.8|PY:-50.0|LAN...
✓ [CAR 4] ACT=OK REP=0.927 RWD=1.000 PNL=0.000 CREDIT=1
[PASSIVE-BEACON] SIMNOW:3.025 CID:0 ZONE:1 RXUAV:1 EDGEPORT:9998 TS:3.010 SPD:19.800 HDG:1.100 PX:60.400 PY:-10.000 LAN:1 BRK:0 RX_X:0.000 RX_Y:0.000 RX_Z:0.000
[ZONE-ROUTE] CID:0 zone=1 edge_port=9998
[EDGE-RTT] CID:0 wall=1.3 ms  sim_delay=10.0 ms
>>> [UAV->CLOUD] BLK:45c8|TX:7.0.0.4|CID:0|TS:3.010|SPD:19.8|HDG:1.1|PX:60.4|PY:-10.0|LAN...
✓ [CAR 0] ACT=OK REP=0.643 RWD=1.000 PNL=0.000 CREDIT=1
[PASSIVE-BEACON] SIMNOW:3.086 CID:6 ZONE:1 RXUAV:1 EDGEPORT:9998 TS:3.072 SPD:19.900 HDG:-0.000 PX:81.200 PY:-20.000 LAN:2 BRK:0 RX_X:0.000 RX_Y:0.000 RX_Z:0.000
[ZONE-ROUTE] CID:6 zone=1 edge_port=9998
[EDGE-RTT] CID:6 wall=1.2 ms  sim_delay=10.0 ms
>>> [UAV->CLOUD] BLK:0942|TX:7.0.0.10|CID:6|TS:3.072|SPD:19.9|HDG:-0.0|PX:81.2|PY:-20.0|L...
[PASSIVE-BEACON] SIMNOW:3.096 CID:5 ZONE:1 RXUAV:1 EDGEPORT:9998 TS:3.082 SPD:20.100 HDG:-1.900 PX:81.000 PY:-10.000 LAN:1 BRK:0 RX_X:0.000 RX_Y:0.000 RX_Z:0.000
[ZONE-ROUTE] CID:5 zone=1 edge_port=9998
[EDGE-RTT] CID:5 wall=1.2 ms  sim_delay=10.0 ms
>>> [UAV->CLOUD] BLK:8e73|TX:7.0.0.9|CID:5|TS:3.082|SPD:20.1|HDG:-1.9|PX:81.0|PY:-10.0|LA...
✓ [CAR 6] ACT=OK REP=0.960 RWD=0.997 PNL=0.000 CREDIT=2
✓ [CAR 5] ACT=OK REP=0.816 RWD=1.000 PNL=0.000 CREDIT=1
[PASSIVE-BEACON] SIMNOW:3.344 CID:7 ZONE:1 RXUAV:1 EDGEPORT:9998 TS:3.332 SPD:20.400 HDG:1.600 PX:87.000 PY:-30.000 LAN:3 BRK:1 RX_X:0.000 RX_Y:0.000 RX_Z:0.000
[ZONE-ROUTE] CID:7 zone=1 edge_port=9998
[EDGE-RTT] CID:7 wall=1.2 ms  sim_delay=10.0 ms
>>> [UAV->CLOUD] BLK:8149|TX:7.0.0.11|CID:7|TS:3.332|SPD:20.4|HDG:1.6|PX:87.0|PY:-30.0|LA...
[PASSIVE-BEACON] SIMNOW:3.344 CID:3 ZONE:1 RXUAV:1 EDGEPORT:9998 TS:3.330 SPD:19.600 HDG:0.000 PX:66.300 PY:-40.000 LAN:4 BRK:0 RX_X:0.000 RX_Y:0.000 RX_Z:0.000
[ZONE-ROUTE] CID:3 zone=1 edge_port=9998
[EDGE-RTT] CID:3 wall=1.2 ms  sim_delay=10.0 ms
>>> [UAV->CLOUD] BLK:5933|TX:7.0.0.7|CID:3|TS:3.330|SPD:19.6|HDG:0.0|PX:66.3|PY:-40.0|LAN...
[PASSIVE-BEACON] SIMNOW:3.347 CID:9 ZONE:1 RXUAV:1 EDGEPORT:9998 TS:3.332 SPD:20.400 HDG:2.000 PX:86.400 PY:-50.000 LAN:5 BRK:0 RX_X:0.000 RX_Y:0.000 RX_Z:0.000
[ZONE-ROUTE] CID:9 zone=1 edge_port=9998
[EDGE-RTT] CID:9 wall=1.2 ms  sim_delay=10.0 ms
>>> [UAV->CLOUD] BLK:b01a|TX:7.0.0.13|CID:9|TS:3.332|SPD:20.4|HDG:2.0|PX:86.4|PY:-50.0|LA...
✓ [CAR 3] ACT=OK REP=0.661 RWD=1.000 PNL=0.000 CREDIT=1
✓ [CAR 7] ACT=OK REP=0.741 RWD=1.000 PNL=0.000 CREDIT=2
✓ [CAR 9] ACT=OK REP=0.876 RWD=1.000 PNL=0.000 CREDIT=2
[PASSIVE-BEACON] SIMNOW:3.384 CID:1 ZONE:1 RXUAV:1 EDGEPORT:9998 TS:3.370 SPD:20.500 HDG:-0.600 PX:66.900 PY:-20.000 LAN:2 BRK:1 RX_X:0.000 RX_Y:0.000 RX_Z:0.000
[ZONE-ROUTE] CID:1 zone=1 edge_port=9998
[EDGE-RTT] CID:1 wall=1.1 ms  sim_delay=10.0 ms
>>> [UAV->CLOUD] BLK:7190|TX:7.0.0.5|CID:1|TS:3.370|SPD:20.5|HDG:-0.6|PX:66.9|PY:-20.0|LA...
✓ [CAR 1] ACT=OK REP=0.939 RWD=1.000 PNL=0.000 CREDIT=1
[PASSIVE-BEACON] SIMNOW:3.424 CID:2 ZONE:1 RXUAV:1 EDGEPORT:9998 TS:3.410 SPD:20.100 HDG:0.900 PX:68.300 PY:-30.000 LAN:3 BRK:0 RX_X:0.000 RX_Y:0.000 RX_Z:0.000
[ZONE-ROUTE] CID:2 zone=1 edge_port=9998
[EDGE-RTT] CID:2 wall=1.2 ms  sim_delay=10.0 ms
>>> [UAV->CLOUD] BLK:7baa|TX:7.0.0.6|CID:2|TS:3.410|SPD:20.1|HDG:0.9|PX:68.3|PY:-30.0|LAN...
[PASSIVE-BEACON] SIMNOW:3.434 CID:8 ZONE:1 RXUAV:1 EDGEPORT:9998 TS:3.422 SPD:20.300 HDG:0.900 PX:88.400 PY:-40.000 LAN:4 BRK:0 RX_X:0.000 RX_Y:0.000 RX_Z:0.000
[ZONE-ROUTE] CID:8 zone=1 edge_port=9998
[EDGE-RTT] CID:8 wall=1.2 ms  sim_delay=10.0 ms
>>> [UAV->CLOUD] BLK:0ac6|TX:7.0.0.12|CID:8|TS:3.422|SPD:20.3|HDG:0.9|PX:88.4|PY:-40.0|LA...
✓ [CAR 2] ACT=OK REP=0.565 RWD=1.000 PNL=0.000 CREDIT=1
✓ [CAR 8] ACT=OK REP=0.857 RWD=1.000 PNL=0.000 CREDIT=2
[PASSIVE-BEACON] SIMNOW:3.504 CID:4 ZONE:1 RXUAV:1 EDGEPORT:9998 TS:3.490 SPD:19.900 HDG:-1.300 PX:69.300 PY:-50.000 LAN:5 BRK:0 RX_X:0.000 RX_Y:0.000 RX_Z:0.000
[ZONE-ROUTE] CID:4 zone=1 edge_port=9998
[EDGE-RTT] CID:4 wall=1.2 ms  sim_delay=10.0 ms
>>> [UAV->CLOUD] BLK:9e01|TX:7.0.0.8|CID:4|TS:3.490|SPD:19.9|HDG:-1.3|PX:69.3|PY:-50.0|LA...
✓ [CAR 4] ACT=OK REP=0.863 RWD=1.000 PNL=0.000 CREDIT=2
[PASSIVE-BEACON] SIMNOW:3.523 CID:0 ZONE:1 RXUAV:1 EDGEPORT:9998 TS:3.510 SPD:19.900 HDG:-1.800 PX:70.200 PY:-10.000 LAN:1 BRK:0 RX_X:0.000 RX_Y:0.000 RX_Z:0.000
[ZONE-ROUTE] CID:0 zone=1 edge_port=9998
[EDGE-RTT] CID:0 wall=1.1 ms  sim_delay=10.0 ms
>>> [UAV->CLOUD] BLK:fc4e|TX:7.0.0.4|CID:0|TS:3.510|SPD:19.9|HDG:-1.8|PX:70.2|PY:-10.0|LA...
✓ [CAR 0] ACT=OK REP=0.629 RWD=1.000 PNL=0.000 CREDIT=2
[PASSIVE-BEACON] SIMNOW:3.586 CID:6 ZONE:1 RXUAV:1 EDGEPORT:9998 TS:3.572 SPD:20.300 HDG:1.500 PX:92.100 PY:-20.000 LAN:2 BRK:1 RX_X:0.000 RX_Y:0.000 RX_Z:0.000
[ZONE-ROUTE] CID:6 zone=1 edge_port=9998
[EDGE-RTT] CID:6 wall=1.2 ms  sim_delay=10.0 ms
>>> [UAV->CLOUD] BLK:a7a4|TX:7.0.0.10|CID:6|TS:3.572|SPD:20.3|HDG:1.5|PX:92.1|PY:-20.0|LA...
[PASSIVE-BEACON] SIMNOW:3.596 CID:5 ZONE:1 RXUAV:1 EDGEPORT:9998 TS:3.582 SPD:20.400 HDG:-0.400 PX:91.500 PY:-10.000 LAN:1 BRK:1 RX_X:0.000 RX_Y:0.000 RX_Z:0.000
[ZONE-ROUTE] CID:5 zone=1 edge_port=9998
[EDGE-RTT] CID:5 wall=1.1 ms  sim_delay=10.0 ms
>>> [UAV->CLOUD] BLK:a8d8|TX:7.0.0.9|CID:5|TS:3.582|SPD:20.4|HDG:-0.4|PX:91.5|PY:-10.0|LA...
✓ [CAR 6] ACT=OK REP=0.910 RWD=1.000 PNL=0.000 CREDIT=3
✓ [CAR 5] ACT=OK REP=0.908 RWD=1.000 PNL=0.000 CREDIT=2
[PASSIVE-BEACON] SIMNOW:3.844 CID:3 ZONE:1 RXUAV:1 EDGEPORT:9998 TS:3.830 SPD:19.500 HDG:-1.000 PX:76.300 PY:-40.000 LAN:4 BRK:1 RX_X:0.000 RX_Y:0.000 RX_Z:0.000
[ZONE-ROUTE] CID:3 zone=1 edge_port=9998
[EDGE-RTT] CID:3 wall=1.3 ms  sim_delay=10.0 ms
>>> [UAV->CLOUD] BLK:84f9|TX:7.0.0.7|CID:3|TS:3.830|SPD:19.5|HDG:-1.0|PX:76.3|PY:-40.0|LA...
[PASSIVE-BEACON] SIMNOW:3.846 CID:9 ZONE:1 RXUAV:1 EDGEPORT:9998 TS:3.832 SPD:19.700 HDG:0.700 PX:96.600 PY:-50.000 LAN:5 BRK:1 RX_X:0.000 RX_Y:0.000 RX_Z:0.000
[ZONE-ROUTE] CID:9 zone=1 edge_port=9998
[EDGE-RTT] CID:9 wall=1.1 ms  sim_delay=10.0 ms
>>> [UAV->CLOUD] BLK:351c|TX:7.0.0.13|CID:9|TS:3.832|SPD:19.7|HDG:0.7|PX:96.6|PY:-50.0|LA...
[PASSIVE-BEACON] SIMNOW:3.846 CID:7 ZONE:1 RXUAV:1 EDGEPORT:9998 TS:3.832 SPD:19.500 HDG:-2.000 PX:97.000 PY:-30.000 LAN:3 BRK:0 RX_X:0.000 RX_Y:0.000 RX_Z:0.000
[ZONE-ROUTE] CID:7 zone=1 edge_port=9998
[EDGE-RTT] CID:7 wall=1.9 ms  sim_delay=10.0 ms
>>> [UAV->CLOUD] BLK:95eb|TX:7.0.0.11|CID:7|TS:3.832|SPD:19.5|HDG:-2.0|PX:97.0|PY:-30.0|L...
✓ [CAR 3] ACT=OK REP=0.780 RWD=1.000 PNL=0.000 CREDIT=2
✓ [CAR 7] ACT=OK REP=0.859 RWD=1.000 PNL=0.000 CREDIT=3
✓ [CAR 9] ACT=OK REP=0.901 RWD=1.000 PNL=0.000 CREDIT=3
[PASSIVE-BEACON] SIMNOW:3.882 CID:1 ZONE:1 RXUAV:1 EDGEPORT:9998 TS:3.870 SPD:20.100 HDG:-0.800 PX:77.800 PY:-20.000 LAN:2 BRK:0 RX_X:0.000 RX_Y:0.000 RX_Z:0.000
[ZONE-ROUTE] CID:1 zone=1 edge_port=9998
[EDGE-RTT] CID:1 wall=1.1 ms  sim_delay=10.0 ms
>>> [UAV->CLOUD] BLK:f52f|TX:7.0.0.5|CID:1|TS:3.870|SPD:20.1|HDG:-0.8|PX:77.8|PY:-20.0|LA...
✓ [CAR 1] ACT=OK REP=0.524 RWD=0.997 PNL=0.000 CREDIT=2
[PASSIVE-BEACON] SIMNOW:3.924 CID:2 ZONE:1 RXUAV:1 EDGEPORT:9998 TS:3.910 SPD:20.000 HDG:-0.800 PX:77.700 PY:-30.000 LAN:3 BRK:0 RX_X:0.000 RX_Y:0.000 RX_Z:0.000
[ZONE-ROUTE] CID:2 zone=1 edge_port=9998
[EDGE-RTT] CID:2 wall=1.2 ms  sim_delay=10.0 ms
>>> [UAV->CLOUD] BLK:ae01|TX:7.0.0.6|CID:2|TS:3.910|SPD:20.0|HDG:-0.8|PX:77.7|PY:-30.0|LA...
[PASSIVE-BEACON] SIMNOW:3.936 CID:8 ZONE:1 RXUAV:1 EDGEPORT:9998 TS:3.922 SPD:20.400 HDG:-1.400 PX:98.200 PY:-40.000 LAN:4 BRK:1 RX_X:0.000 RX_Y:0.000 RX_Z:0.000
[ZONE-ROUTE] CID:8 zone=1 edge_port=9998
[EDGE-RTT] CID:8 wall=1.4 ms  sim_delay=10.0 ms
>>> [UAV->CLOUD] BLK:f3a4|TX:7.0.0.12|CID:8|TS:3.922|SPD:20.4|HDG:-1.4|PX:98.2|PY:-40.0|L...
✓ [CAR 2] ACT=OK REP=1.000 RWD=1.000 PNL=0.000 CREDIT=2
✓ [CAR 8] ACT=OK REP=0.998 RWD=1.000 PNL=0.000 CREDIT=3
[PASSIVE-BEACON] SIMNOW:4.004 CID:4 ZONE:1 RXUAV:1 EDGEPORT:9998 TS:3.990 SPD:20.000 HDG:1.100 PX:79.400 PY:-50.000 LAN:5 BRK:1 RX_X:0.000 RX_Y:0.000 RX_Z:0.000
[ZONE-ROUTE] CID:4 zone=1 edge_port=9998
[EDGE-RTT] CID:4 wall=1.2 ms  sim_delay=10.0 ms
>>> [UAV->CLOUD] BLK:cf2c|TX:7.0.0.8|CID:4|TS:3.990|SPD:20.0|HDG:1.1|PX:79.4|PY:-50.0|LAN...
✓ [CAR 4] ACT=OK REP=0.859 RWD=1.000 PNL=0.000 CREDIT=3
[PASSIVE-BEACON] SIMNOW:4.025 CID:0 ZONE:1 RXUAV:1 EDGEPORT:9998 TS:4.010 SPD:20.100 HDG:-0.100 PX:79.500 PY:-10.000 LAN:1 BRK:0 RX_X:0.000 RX_Y:0.000 RX_Z:0.000
[ZONE-ROUTE] CID:0 zone=1 edge_port=9998
[EDGE-RTT] CID:0 wall=1.1 ms  sim_delay=10.0 ms
>>> [UAV->CLOUD] BLK:83e6|TX:7.0.0.4|CID:0|TS:4.010|SPD:20.1|HDG:-0.1|PX:79.5|PY:-10.0|LA...
✓ [CAR 0] ACT=OK REP=0.914 RWD=1.000 PNL=0.000 CREDIT=3
[PASSIVE-BEACON] SIMNOW:4.086 CID:6 ZONE:1 RXUAV:1 EDGEPORT:9998 TS:4.072 SPD:20.300 HDG:1.400 PX:101.500 PY:-20.000 LAN:2 BRK:0 RX_X:0.000 RX_Y:0.000 RX_Z:0.000
[ZONE-ROUTE] CID:6 zone=1 edge_port=9998
[EDGE-RTT] CID:6 wall=1.1 ms  sim_delay=10.0 ms
>>> [UAV->CLOUD] BLK:5946|TX:7.0.0.10|CID:6|TS:4.072|SPD:20.3|HDG:1.4|PX:101.5|PY:-20.0|L...
[PASSIVE-BEACON] SIMNOW:4.096 CID:5 ZONE:1 RXUAV:1 EDGEPORT:9998 TS:4.082 SPD:19.900 HDG:0.200 PX:101.100 PY:-10.000 LAN:1 BRK:0 RX_X:0.000 RX_Y:0.000 RX_Z:0.000
[ZONE-ROUTE] CID:5 zone=1 edge_port=9998
[EDGE-RTT] CID:5 wall=1.2 ms  sim_delay=10.0 ms
>>> [UAV->CLOUD] BLK:113c|TX:7.0.0.9|CID:5|TS:4.082|SPD:19.9|HDG:0.2|PX:101.1|PY:-10.0|LA...
✓ [CAR 6] ACT=OK REP=1.000 RWD=1.000 PNL=0.000 CREDIT=4
✓ [CAR 5] ACT=OK REP=0.769 RWD=1.000 PNL=0.000 CREDIT=3
[PASSIVE-BEACON] SIMNOW:4.344 CID:3 ZONE:1 RXUAV:1 EDGEPORT:9998 TS:4.330 SPD:19.700 HDG:-1.100 PX:87.200 PY:-40.000 LAN:4 BRK:0 RX_X:0.000 RX_Y:0.000 RX_Z:0.000
[ZONE-ROUTE] CID:3 zone=1 edge_port=9998
[EDGE-RTT] CID:3 wall=1.1 ms  sim_delay=10.0 ms
>>> [UAV->CLOUD] BLK:52da|TX:7.0.0.7|CID:3|TS:4.330|SPD:19.7|HDG:-1.1|PX:87.2|PY:-40.0|LA...
[PASSIVE-BEACON] SIMNOW:4.346 CID:7 ZONE:1 RXUAV:1 EDGEPORT:9998 TS:4.332 SPD:20.200 HDG:-1.500 PX:105.900 PY:-30.000 LAN:3 BRK:0 RX_X:0.000 RX_Y:0.000 RX_Z:0.000
[ZONE-ROUTE] CID:7 zone=1 edge_port=9998
[EDGE-RTT] CID:7 wall=1.1 ms  sim_delay=10.0 ms
>>> [UAV->CLOUD] BLK:30a8|TX:7.0.0.11|CID:7|TS:4.332|SPD:20.2|HDG:-1.5|PX:105.9|PY:-30.0|...
[PASSIVE-BEACON] SIMNOW:4.349 CID:9 ZONE:1 RXUAV:1 EDGEPORT:9998 TS:4.332 SPD:19.600 HDG:-0.300 PX:106.800 PY:-50.000 LAN:5 BRK:0 RX_X:0.000 RX_Y:0.000 RX_Z:0.000
[ZONE-ROUTE] CID:9 zone=1 edge_port=9998
[EDGE-RTT] CID:9 wall=1.1 ms  sim_delay=10.0 ms
>>> [UAV->CLOUD] BLK:c6a9|TX:7.0.0.13|CID:9|TS:4.332|SPD:19.6|HDG:-0.3|PX:106.8|PY:-50.0|...
✓ [CAR 3] ACT=OK REP=0.788 RWD=1.000 PNL=0.000 CREDIT=3
✓ [CAR 7] ACT=OK REP=0.974 RWD=1.000 PNL=0.000 CREDIT=4
✓ [CAR 9] ACT=OK REP=0.938 RWD=1.000 PNL=0.000 CREDIT=4
[PASSIVE-BEACON] SIMNOW:4.384 CID:1 ZONE:1 RXUAV:1 EDGEPORT:9998 TS:4.370 SPD:20.100 HDG:1.200 PX:86.700 PY:-20.000 LAN:2 BRK:0 RX_X:0.000 RX_Y:0.000 RX_Z:0.000
[ZONE-ROUTE] CID:1 zone=1 edge_port=9998
[EDGE-RTT] CID:1 wall=1.1 ms  sim_delay=10.0 ms
>>> [UAV->CLOUD] BLK:be44|TX:7.0.0.5|CID:1|TS:4.370|SPD:20.1|HDG:1.2|PX:86.7|PY:-20.0|LAN...
✓ [CAR 1] ACT=OK REP=0.867 RWD=1.000 PNL=0.000 CREDIT=3
[PASSIVE-BEACON] SIMNOW:4.424 CID:2 ZONE:1 RXUAV:1 EDGEPORT:9998 TS:4.410 SPD:19.900 HDG:-1.500 PX:88.300 PY:-30.000 LAN:3 BRK:0 RX_X:0.000 RX_Y:0.000 RX_Z:0.000
[ZONE-ROUTE] CID:2 zone=1 edge_port=9998
[EDGE-RTT] CID:2 wall=1.1 ms  sim_delay=10.0 ms
>>> [UAV->CLOUD] BLK:beeb|TX:7.0.0.6|CID:2|TS:4.410|SPD:19.9|HDG:-1.5|PX:88.3|PY:-30.0|LA...
[PASSIVE-BEACON] SIMNOW:4.436 CID:8 ZONE:1 RXUAV:1 EDGEPORT:9998 TS:4.422 SPD:20.100 HDG:1.500 PX:108.100 PY:-40.000 LAN:4 BRK:0 RX_X:0.000 RX_Y:0.000 RX_Z:0.000
[ZONE-ROUTE] CID:8 zone=1 edge_port=9998
[EDGE-RTT] CID:8 wall=1.2 ms  sim_delay=10.0 ms
>>> [UAV->CLOUD] BLK:f4ec|TX:7.0.0.12|CID:8|TS:4.422|SPD:20.1|HDG:1.5|PX:108.1|PY:-40.0|L...
✓ [CAR 2] ACT=OK REP=0.809 RWD=1.000 PNL=0.000 CREDIT=3
✓ [CAR 8] ACT=OK REP=1.000 RWD=1.000 PNL=0.000 CREDIT=4
[PASSIVE-BEACON] SIMNOW:4.504 CID:4 ZONE:1 RXUAV:1 EDGEPORT:9998 TS:4.490 SPD:20.000 HDG:1.000 PX:90.100 PY:-50.000 LAN:5 BRK:0 RX_X:0.000 RX_Y:0.000 RX_Z:0.000
[ZONE-ROUTE] CID:4 zone=1 edge_port=9998
[EDGE-RTT] CID:4 wall=1.1 ms  sim_delay=10.0 ms
>>> [UAV->CLOUD] BLK:10df|TX:7.0.0.8|CID:4|TS:4.490|SPD:20.0|HDG:1.0|PX:90.1|PY:-50.0|LAN...
✓ [CAR 4] ACT=OK REP=0.714 RWD=1.000 PNL=0.000 CREDIT=4
[PASSIVE-BEACON] SIMNOW:4.524 CID:0 ZONE:1 RXUAV:1 EDGEPORT:9998 TS:4.510 SPD:19.800 HDG:-0.400 PX:90.500 PY:-10.000 LAN:1 BRK:0 RX_X:0.000 RX_Y:0.000 RX_Z:0.000
[ZONE-ROUTE] CID:0 zone=1 edge_port=9998
[EDGE-RTT] CID:0 wall=1.3 ms  sim_delay=10.0 ms
>>> [UAV->CLOUD] BLK:c57c|TX:7.0.0.4|CID:0|TS:4.510|SPD:19.8|HDG:-0.4|PX:90.5|PY:-10.0|LA...
✓ [CAR 0] ACT=OK REP=0.884 RWD=1.000 PNL=0.000 CREDIT=4
[PASSIVE-BEACON] SIMNOW:4.586 CID:6 ZONE:1 RXUAV:1 EDGEPORT:9998 TS:4.572 SPD:20.100 HDG:1.900 PX:111.400 PY:-20.000 LAN:2 BRK:0 RX_X:0.000 RX_Y:0.000 RX_Z:0.000
[ZONE-ROUTE] CID:6 zone=1 edge_port=9998
[EDGE-RTT] CID:6 wall=1.1 ms  sim_delay=10.0 ms
>>> [UAV->CLOUD] BLK:1185|TX:7.0.0.10|CID:6|TS:4.572|SPD:20.1|HDG:1.9|PX:111.4|PY:-20.0|L...
[PASSIVE-BEACON] SIMNOW:4.596 CID:5 ZONE:1 RXUAV:1 EDGEPORT:9998 TS:4.582 SPD:20.200 HDG:-0.700 PX:111.300 PY:-10.000 LAN:1 BRK:0 RX_X:0.000 RX_Y:0.000 RX_Z:0.000
[ZONE-ROUTE] CID:5 zone=1 edge_port=9998
[EDGE-RTT] CID:5 wall=1.0 ms  sim_delay=10.0 ms
>>> [UAV->CLOUD] BLK:ef84|TX:7.0.0.9|CID:5|TS:4.582|SPD:20.2|HDG:-0.7|PX:111.3|PY:-10.0|L...
✓ [CAR 6] ACT=OK REP=0.890 RWD=1.000 PNL=0.000 CREDIT=5
✓ [CAR 5] ACT=OK REP=0.859 RWD=1.000 PNL=0.000 CREDIT=4
[PASSIVE-BEACON] SIMNOW:4.844 CID:3 ZONE:1 RXUAV:1 EDGEPORT:9998 TS:4.830 SPD:19.800 HDG:0.400 PX:96.600 PY:-40.000 LAN:4 BRK:0 RX_X:0.000 RX_Y:0.000 RX_Z:0.000
[ZONE-ROUTE] CID:3 zone=1 edge_port=9998
[EDGE-RTT] CID:3 wall=1.3 ms  sim_delay=10.0 ms
>>> [UAV->CLOUD] BLK:c314|TX:7.0.0.7|CID:3|TS:4.830|SPD:19.8|HDG:0.4|PX:96.6|PY:-40.0|LAN...
[PASSIVE-BEACON] SIMNOW:4.845 CID:7 ZONE:1 RXUAV:1 EDGEPORT:9998 TS:4.832 SPD:20.300 HDG:0.800 PX:116.400 PY:-30.000 LAN:3 BRK:0 RX_X:0.000 RX_Y:0.000 RX_Z:0.000
[ZONE-ROUTE] CID:7 zone=1 edge_port=9998
[EDGE-RTT] CID:7 wall=2.2 ms  sim_delay=10.0 ms
>>> [UAV->CLOUD] BLK:ab64|TX:7.0.0.11|CID:7|TS:4.832|SPD:20.3|HDG:0.8|PX:116.4|PY:-30.0|L...
[PASSIVE-BEACON] SIMNOW:4.850 CID:9 ZONE:1 RXUAV:1 EDGEPORT:9998 TS:4.832 SPD:20.100 HDG:-1.600 PX:116.400 PY:-50.000 LAN:5 BRK:0 RX_X:0.000 RX_Y:0.000 RX_Z:0.000
[ZONE-ROUTE] CID:9 zone=1 edge_port=9998
[EDGE-RTT] CID:9 wall=1.1 ms  sim_delay=10.0 ms
>>> [UAV->CLOUD] BLK:08df|TX:7.0.0.13|CID:9|TS:4.832|SPD:20.1|HDG:-1.6|PX:116.4|PY:-50.0|...
✓ [CAR 3] ACT=OK REP=0.789 RWD=1.000 PNL=0.000 CREDIT=4
✓ [CAR 7] ACT=OK REP=0.655 RWD=1.000 PNL=0.000 CREDIT=5
✓ [CAR 9] ACT=OK REP=1.000 RWD=1.000 PNL=0.000 CREDIT=5
[PASSIVE-BEACON] SIMNOW:4.884 CID:1 ZONE:1 RXUAV:1 EDGEPORT:9998 TS:4.870 SPD:19.500 HDG:1.700 PX:97.900 PY:-20.000 LAN:2 BRK:1 RX_X:0.000 RX_Y:0.000 RX_Z:0.000
[ZONE-ROUTE] CID:1 zone=1 edge_port=9998
[EDGE-RTT] CID:1 wall=1.2 ms  sim_delay=10.0 ms
>>> [UAV->CLOUD] BLK:1891|TX:7.0.0.5|CID:1|TS:4.870|SPD:19.5|HDG:1.7|PX:97.9|PY:-20.0|LAN...
✓ [CAR 1] ACT=OK REP=0.941 RWD=1.000 PNL=0.000 CREDIT=4
[PASSIVE-BEACON] SIMNOW:4.924 CID:2 ZONE:1 RXUAV:1 EDGEPORT:9998 TS:4.910 SPD:20.100 HDG:-1.400 PX:98.000 PY:-30.000 LAN:3 BRK:0 RX_X:0.000 RX_Y:0.000 RX_Z:0.000
[ZONE-ROUTE] CID:2 zone=1 edge_port=9998
[EDGE-RTT] CID:2 wall=1.2 ms  sim_delay=10.0 ms
>>> [UAV->CLOUD] BLK:5ef2|TX:7.0.0.6|CID:2|TS:4.910|SPD:20.1|HDG:-1.4|PX:98.0|PY:-30.0|LA...
[PASSIVE-BEACON] SIMNOW:4.935 CID:8 ZONE:1 RXUAV:1 EDGEPORT:9998 TS:4.922 SPD:19.800 HDG:1.400 PX:118.900 PY:-40.000 LAN:4 BRK:0 RX_X:0.000 RX_Y:0.000 RX_Z:0.000
[ZONE-ROUTE] CID:8 zone=1 edge_port=9998
[EDGE-RTT] CID:8 wall=1.0 ms  sim_delay=10.0 ms
>>> [UAV->CLOUD] BLK:ed97|TX:7.0.0.12|CID:8|TS:4.922|SPD:19.8|HDG:1.4|PX:118.9|PY:-40.0|L...
✓ [CAR 2] ACT=OK REP=0.842 RWD=1.000 PNL=0.000 CREDIT=4
✓ [CAR 8] ACT=OK REP=0.738 RWD=1.000 PNL=0.000 CREDIT=5
[PASSIVE-BEACON] SIMNOW:5.002 CID:4 ZONE:1 RXUAV:1 EDGEPORT:9998 TS:4.990 SPD:19.700 HDG:1.000 PX:99.900 PY:-50.000 LAN:5 BRK:0 RX_X:0.000 RX_Y:0.000 RX_Z:0.000
[ZONE-ROUTE] CID:4 zone=1 edge_port=9998
[EDGE-RTT] CID:4 wall=1.1 ms  sim_delay=10.0 ms
>>> [UAV->CLOUD] BLK:a1f3|TX:7.0.0.8|CID:4|TS:4.990|SPD:19.7|HDG:1.0|PX:99.9|PY:-50.0|LAN...
✓ [CAR 4] ACT=OK REP=0.870 RWD=1.000 PNL=0.000 CREDIT=5
[PASSIVE-BEACON] SIMNOW:5.025 CID:0 ZONE:1 RXUAV:1 EDGEPORT:9998 TS:5.010 SPD:19.600 HDG:-0.300 PX:100.100 PY:-10.000 LAN:1 BRK:1 RX_X:0.000 RX_Y:0.000 RX_Z:0.000
[ZONE-ROUTE] CID:0 zone=1 edge_port=9998
[EDGE-RTT] CID:0 wall=1.1 ms  sim_delay=10.0 ms
>>> [UAV->CLOUD] BLK:c5bd|TX:7.0.0.4|CID:0|TS:5.010|SPD:19.6|HDG:-0.3|PX:100.1|PY:-10.0|L...
✓ [CAR 0] ACT=OK REP=0.885 RWD=1.000 PNL=0.000 CREDIT=5
[PASSIVE-BEACON] SIMNOW:5.086 CID:6 ZONE:1 RXUAV:1 EDGEPORT:9998 TS:5.072 SPD:20.500 HDG:0.500 PX:122.100 PY:-20.000 LAN:2 BRK:0 RX_X:0.000 RX_Y:0.000 RX_Z:0.000
[ZONE-ROUTE] CID:6 zone=1 edge_port=9998
[EDGE-RTT] CID:6 wall=1.3 ms  sim_delay=10.0 ms
>>> [UAV->CLOUD] BLK:01d4|TX:7.0.0.10|CID:6|TS:5.072|SPD:20.5|HDG:0.5|PX:122.1|PY:-20.0|L...
[PASSIVE-BEACON] SIMNOW:5.096 CID:5 ZONE:1 RXUAV:1 EDGEPORT:9998 TS:5.082 SPD:19.800 HDG:-1.000 PX:121.500 PY:-10.000 LAN:1 BRK:0 RX_X:0.000 RX_Y:0.000 RX_Z:0.000
[ZONE-ROUTE] CID:5 zone=1 edge_port=9998
[EDGE-RTT] CID:5 wall=1.2 ms  sim_delay=10.0 ms
>>> [UAV->CLOUD] BLK:fdc5|TX:7.0.0.9|CID:5|TS:5.082|SPD:19.8|HDG:-1.0|PX:121.5|PY:-10.0|L...
✓ [CAR 6] ACT=OK REP=0.795 RWD=1.000 PNL=0.000 CREDIT=6
✓ [CAR 5] ACT=OK REP=0.778 RWD=1.000 PNL=0.000 CREDIT=5
[PASSIVE-BEACON] SIMNOW:5.344 CID:3 ZONE:1 RXUAV:1 EDGEPORT:9998 TS:5.330 SPD:19.700 HDG:-0.400 PX:106.800 PY:-40.000 LAN:4 BRK:0 RX_X:0.000 RX_Y:0.000 RX_Z:0.000
[ZONE-ROUTE] CID:3 zone=1 edge_port=9998
[EDGE-RTT] CID:3 wall=1.3 ms  sim_delay=10.0 ms
>>> [UAV->CLOUD] BLK:26a5|TX:7.0.0.7|CID:3|TS:5.330|SPD:19.7|HDG:-0.4|PX:106.8|PY:-40.0|L...
[PASSIVE-BEACON] SIMNOW:5.346 CID:9 ZONE:1 RXUAV:1 EDGEPORT:9998 TS:5.332 SPD:19.800 HDG:-1.500 PX:125.900 PY:-50.000 LAN:5 BRK:1 RX_X:0.000 RX_Y:0.000 RX_Z:0.000
[ZONE-ROUTE] CID:9 zone=1 edge_port=9998
[EDGE-RTT] CID:9 wall=1.3 ms  sim_delay=10.0 ms
>>> [UAV->CLOUD] BLK:1801|TX:7.0.0.13|CID:9|TS:5.332|SPD:19.8|HDG:-1.5|PX:125.9|PY:-50.0|...
[PASSIVE-BEACON] SIMNOW:5.346 CID:7 ZONE:1 RXUAV:1 EDGEPORT:9998 TS:5.332 SPD:20.400 HDG:0.200 PX:127.300 PY:-30.000 LAN:3 BRK:1 RX_X:0.000 RX_Y:0.000 RX_Z:0.000
[ZONE-ROUTE] CID:7 zone=1 edge_port=9998
[EDGE-RTT] CID:7 wall=2.4 ms  sim_delay=10.0 ms
>>> [UAV->CLOUD] BLK:7020|TX:7.0.0.11|CID:7|TS:5.332|SPD:20.4|HDG:0.2|PX:127.3|PY:-30.0|L...
✓ [CAR 3] ACT=OK REP=0.814 RWD=1.000 PNL=0.000 CREDIT=5
✓ [CAR 9] ACT=OK REP=1.000 RWD=1.000 PNL=0.000 CREDIT=6
✓ [CAR 7] ACT=OK REP=0.822 RWD=1.000 PNL=0.000 CREDIT=6
[PASSIVE-BEACON] SIMNOW:5.383 CID:1 ZONE:1 RXUAV:1 EDGEPORT:9998 TS:5.370 SPD:19.900 HDG:0.500 PX:106.800 PY:-20.000 LAN:2 BRK:1 RX_X:0.000 RX_Y:0.000 RX_Z:0.000
[ZONE-ROUTE] CID:1 zone=1 edge_port=9998
[EDGE-RTT] CID:1 wall=1.2 ms  sim_delay=10.0 ms
>>> [UAV->CLOUD] BLK:411c|TX:7.0.0.5|CID:1|TS:5.370|SPD:19.9|HDG:0.5|PX:106.8|PY:-20.0|LA...
✓ [CAR 1] ACT=OK REP=0.946 RWD=1.000 PNL=0.000 CREDIT=5
[PASSIVE-BEACON] SIMNOW:5.424 CID:2 ZONE:1 RXUAV:1 EDGEPORT:9998 TS:5.410 SPD:20.000 HDG:-0.600 PX:108.400 PY:-30.000 LAN:3 BRK:0 RX_X:0.000 RX_Y:0.000 RX_Z:0.000
[ZONE-ROUTE] CID:2 zone=1 edge_port=9998
[EDGE-RTT] CID:2 wall=1.1 ms  sim_delay=10.0 ms
>>> [UAV->CLOUD] BLK:8681|TX:7.0.0.6|CID:2|TS:5.410|SPD:20.0|HDG:-0.6|PX:108.4|PY:-30.0|L...
[PASSIVE-BEACON] SIMNOW:5.436 CID:8 ZONE:1 RXUAV:1 EDGEPORT:9998 TS:5.422 SPD:20.000 HDG:1.600 PX:127.900 PY:-40.000 LAN:4 BRK:0 RX_X:0.000 RX_Y:0.000 RX_Z:0.000
[ZONE-ROUTE] CID:8 zone=1 edge_port=9998
[EDGE-RTT] CID:8 wall=1.0 ms  sim_delay=10.0 ms
>>> [UAV->CLOUD] BLK:3abb|TX:7.0.0.12|CID:8|TS:5.422|SPD:20.0|HDG:1.6|PX:127.9|PY:-40.0|L...
✓ [CAR 2] ACT=OK REP=0.837 RWD=1.000 PNL=0.000 CREDIT=5
✓ [CAR 8] ACT=OK REP=0.714 RWD=1.000 PNL=0.000 CREDIT=6
[PASSIVE-BEACON] SIMNOW:5.504 CID:4 ZONE:1 RXUAV:1 EDGEPORT:9998 TS:5.490 SPD:19.900 HDG:0.900 PX:110.200 PY:-50.000 LAN:5 BRK:1 RX_X:0.000 RX_Y:0.000 RX_Z:0.000
[ZONE-ROUTE] CID:4 zone=1 edge_port=9998
[EDGE-RTT] CID:4 wall=1.4 ms  sim_delay=10.0 ms
>>> [UAV->CLOUD] BLK:8dc1|TX:7.0.0.8|CID:4|TS:5.490|SPD:19.9|HDG:0.9|PX:110.2|PY:-50.0|LA...
✓ [CAR 4] ACT=OK REP=0.989 RWD=1.000 PNL=0.000 CREDIT=6
[PASSIVE-BEACON] SIMNOW:5.524 CID:0 ZONE:1 RXUAV:1 EDGEPORT:9998 TS:5.510 SPD:20.300 HDG:1.000 PX:110.600 PY:-10.000 LAN:1 BRK:0 RX_X:0.000 RX_Y:0.000 RX_Z:0.000
[ZONE-ROUTE] CID:0 zone=1 edge_port=9998
[EDGE-RTT] CID:0 wall=1.1 ms  sim_delay=10.0 ms
>>> [UAV->CLOUD] BLK:cdf4|TX:7.0.0.4|CID:0|TS:5.510|SPD:20.3|HDG:1.0|PX:110.6|PY:-10.0|LA...
✓ [CAR 0] ACT=OK REP=1.000 RWD=1.000 PNL=0.000 CREDIT=6
[PASSIVE-BEACON] SIMNOW:5.584 CID:6 ZONE:1 RXUAV:1 EDGEPORT:9998 TS:5.572 SPD:19.900 HDG:-1.300 PX:131.900 PY:-20.000 LAN:2 BRK:0 RX_X:0.000 RX_Y:0.000 RX_Z:0.000
[ZONE-ROUTE] CID:6 zone=1 edge_port=9998
[EDGE-RTT] CID:6 wall=1.1 ms  sim_delay=10.0 ms
>>> [UAV->CLOUD] BLK:4fd7|TX:7.0.0.10|CID:6|TS:5.572|SPD:19.9|HDG:-1.3|PX:131.9|PY:-20.0|...
[PASSIVE-BEACON] SIMNOW:5.596 CID:5 ZONE:1 RXUAV:1 EDGEPORT:9998 TS:5.582 SPD:20.000 HDG:-1.000 PX:130.900 PY:-10.000 LAN:1 BRK:0 RX_X:0.000 RX_Y:0.000 RX_Z:0.000
[ZONE-ROUTE] CID:5 zone=1 edge_port=9998
[EDGE-RTT] CID:5 wall=1.2 ms  sim_delay=10.0 ms
>>> [UAV->CLOUD] BLK:0344|TX:7.0.0.9|CID:5|TS:5.582|SPD:20.0|HDG:-1.0|PX:130.9|PY:-10.0|L...
✓ [CAR 6] ACT=OK REP=0.796 RWD=1.000 PNL=0.000 CREDIT=7
✓ [CAR 5] ACT=OK REP=1.000 RWD=1.000 PNL=0.000 CREDIT=6
[PASSIVE-BEACON] SIMNOW:5.844 CID:3 ZONE:1 RXUAV:1 EDGEPORT:9998 TS:5.830 SPD:19.700 HDG:-1.900 PX:117.100 PY:-40.000 LAN:4 BRK:0 RX_X:0.000 RX_Y:0.000 RX_Z:0.000
[ZONE-ROUTE] CID:3 zone=1 edge_port=9998
[EDGE-RTT] CID:3 wall=1.5 ms  sim_delay=10.0 ms
>>> [UAV->CLOUD] BLK:d497|TX:7.0.0.7|CID:3|TS:5.830|SPD:19.7|HDG:-1.9|PX:117.1|PY:-40.0|L...
[PASSIVE-BEACON] SIMNOW:5.846 CID:9 ZONE:1 RXUAV:1 EDGEPORT:9998 TS:5.832 SPD:19.500 HDG:-1.800 PX:137.300 PY:-50.000 LAN:5 BRK:0 RX_X:0.000 RX_Y:0.000 RX_Z:0.000
[ZONE-ROUTE] CID:9 zone=1 edge_port=9998
[EDGE-RTT] CID:9 wall=1.2 ms  sim_delay=10.0 ms
>>> [UAV->CLOUD] BLK:1c33|TX:7.0.0.13|CID:9|TS:5.832|SPD:19.5|HDG:-1.8|PX:137.3|PY:-50.0|...
[PASSIVE-BEACON] SIMNOW:5.846 CID:7 ZONE:1 RXUAV:1 EDGEPORT:9998 TS:5.832 SPD:20.000 HDG:-1.800 PX:136.300 PY:-30.000 LAN:3 BRK:0 RX_X:0.000 RX_Y:0.000 RX_Z:0.000
[ZONE-ROUTE] CID:7 zone=1 edge_port=9998
[EDGE-RTT] CID:7 wall=2.3 ms  sim_delay=10.0 ms
>>> [UAV->CLOUD] BLK:fe57|TX:7.0.0.11|CID:7|TS:5.832|SPD:20.0|HDG:-1.8|PX:136.3|PY:-30.0|...
✓ [CAR 3] ACT=OK REP=0.963 RWD=1.000 PNL=0.000 CREDIT=6
✓ [CAR 9] ACT=OK REP=0.814 RWD=1.000 PNL=0.000 CREDIT=7
✓ [CAR 7] ACT=OK REP=0.852 RWD=1.000 PNL=0.000 CREDIT=7
[PASSIVE-BEACON] SIMNOW:5.884 CID:1 ZONE:1 RXUAV:1 EDGEPORT:9998 TS:5.870 SPD:19.700 HDG:-1.700 PX:117.800 PY:-20.000 LAN:2 BRK:0 RX_X:0.000 RX_Y:0.000 RX_Z:0.000
[ZONE-ROUTE] CID:1 zone=1 edge_port=9998
[EDGE-RTT] CID:1 wall=1.2 ms  sim_delay=10.0 ms
>>> [UAV->CLOUD] BLK:62f1|TX:7.0.0.5|CID:1|TS:5.870|SPD:19.7|HDG:-1.7|PX:117.8|PY:-20.0|L...
✓ [CAR 1] ACT=OK REP=0.905 RWD=1.000 PNL=0.000 CREDIT=6
[PASSIVE-BEACON] SIMNOW:5.924 CID:2 ZONE:1 RXUAV:1 EDGEPORT:9998 TS:5.910 SPD:20.400 HDG:-0.800 PX:118.100 PY:-30.000 LAN:3 BRK:1 RX_X:0.000 RX_Y:0.000 RX_Z:0.000
[ZONE-ROUTE] CID:2 zone=1 edge_port=9998
[EDGE-RTT] CID:2 wall=1.2 ms  sim_delay=10.0 ms
>>> [UAV->CLOUD] BLK:d1f4|TX:7.0.0.6|CID:2|TS:5.910|SPD:20.4|HDG:-0.8|PX:118.1|PY:-30.0|L...
[PASSIVE-BEACON] SIMNOW:5.936 CID:8 ZONE:1 RXUAV:1 EDGEPORT:9998 TS:5.922 SPD:19.700 HDG:-1.600 PX:137.800 PY:-40.000 LAN:4 BRK:0 RX_X:0.000 RX_Y:0.000 RX_Z:0.000
[ZONE-ROUTE] CID:8 zone=1 edge_port=9998
[EDGE-RTT] CID:8 wall=1.2 ms  sim_delay=10.0 ms
>>> [UAV->CLOUD] BLK:a94c|TX:7.0.0.12|CID:8|TS:5.922|SPD:19.7|HDG:-1.6|PX:137.8|PY:-40.0|...
✓ [CAR 2] ACT=OK REP=0.960 RWD=1.000 PNL=0.000 CREDIT=6
✓ [CAR 8] ACT=OK REP=0.769 RWD=1.000 PNL=0.000 CREDIT=7
[PASSIVE-BEACON] SIMNOW:6.004 CID:4 ZONE:1 RXUAV:1 EDGEPORT:9998 TS:5.990 SPD:20.200 HDG:0.400 PX:119.000 PY:-50.000 LAN:5 BRK:0 RX_X:0.000 RX_Y:0.000 RX_Z:0.000
[ZONE-ROUTE] CID:4 zone=1 edge_port=9998
[EDGE-RTT] CID:4 wall=1.2 ms  sim_delay=10.0 ms
>>> [UAV->CLOUD] BLK:84e6|TX:7.0.0.8|CID:4|TS:5.990|SPD:20.2|HDG:0.4|PX:119.0|PY:-50.0|LA...
✓ [CAR 4] ACT=OK REP=0.833 RWD=1.000 PNL=0.000 CREDIT=7
[PASSIVE-BEACON] SIMNOW:6.025 CID:0 ZONE:1 RXUAV:1 EDGEPORT:9998 TS:6.010 SPD:20.400 HDG:-1.100 PX:120.700 PY:-10.000 LAN:1 BRK:0 RX_X:0.000 RX_Y:0.000 RX_Z:0.000
[ZONE-ROUTE] CID:0 zone=1 edge_port=9998
[EDGE-RTT] CID:0 wall=1.2 ms  sim_delay=10.0 ms
>>> [UAV->CLOUD] BLK:47a8|TX:7.0.0.4|CID:0|TS:6.010|SPD:20.4|HDG:-1.1|PX:120.7|PY:-10.0|L...
✓ [CAR 0] ACT=OK REP=0.857 RWD=1.000 PNL=0.000 CREDIT=7
[PASSIVE-BEACON] SIMNOW:6.086 CID:6 ZONE:1 RXUAV:1 EDGEPORT:9998 TS:6.072 SPD:20.000 HDG:1.500 PX:142.000 PY:-20.000 LAN:2 BRK:0 RX_X:0.000 RX_Y:0.000 RX_Z:0.000
[ZONE-ROUTE] CID:6 zone=1 edge_port=9998
[EDGE-RTT] CID:6 wall=1.3 ms  sim_delay=10.0 ms
>>> [UAV->CLOUD] BLK:e332|TX:7.0.0.10|CID:6|TS:6.072|SPD:20.0|HDG:1.5|PX:142.0|PY:-20.0|L...
[PASSIVE-BEACON] SIMNOW:6.096 CID:5 ZONE:1 RXUAV:1 EDGEPORT:9998 TS:6.082 SPD:20.000 HDG:-0.800 PX:142.400 PY:-10.000 LAN:1 BRK:0 RX_X:0.000 RX_Y:0.000 RX_Z:0.000
[ZONE-ROUTE] CID:5 zone=1 edge_port=9998
[EDGE-RTT] CID:5 wall=1.1 ms  sim_delay=10.0 ms
>>> [UAV->CLOUD] BLK:7421|TX:7.0.0.9|CID:5|TS:6.082|SPD:20.0|HDG:-0.8|PX:142.4|PY:-10.0|L...
✓ [CAR 6] ACT=OK REP=0.695 RWD=1.000 PNL=0.000 CREDIT=8
✓ [CAR 5] ACT=OK REP=0.923 RWD=1.000 PNL=0.000 CREDIT=7
[PASSIVE-BEACON] SIMNOW:6.344 CID:3 ZONE:1 RXUAV:1 EDGEPORT:9998 TS:6.330 SPD:19.800 HDG:1.600 PX:126.400 PY:-40.000 LAN:4 BRK:0 RX_X:0.000 RX_Y:0.000 RX_Z:0.000
[ZONE-ROUTE] CID:3 zone=1 edge_port=9998
[EDGE-RTT] CID:3 wall=1.3 ms  sim_delay=10.0 ms
>>> [UAV->CLOUD] BLK:d61d|TX:7.0.0.7|CID:3|TS:6.330|SPD:19.8|HDG:1.6|PX:126.4|PY:-40.0|LA...
[PASSIVE-BEACON] SIMNOW:6.346 CID:7 ZONE:1 RXUAV:1 EDGEPORT:9998 TS:6.332 SPD:19.500 HDG:0.600 PX:146.800 PY:-30.000 LAN:3 BRK:0 RX_X:0.000 RX_Y:0.000 RX_Z:0.000
[ZONE-ROUTE] CID:7 zone=1 edge_port=9998
[EDGE-RTT] CID:7 wall=1.3 ms  sim_delay=10.0 ms
>>> [UAV->CLOUD] BLK:aa33|TX:7.0.0.11|CID:7|TS:6.332|SPD:19.5|HDG:0.6|PX:146.8|PY:-30.0|L...
[PASSIVE-BEACON] SIMNOW:6.348 CID:9 ZONE:1 RXUAV:1 EDGEPORT:9998 TS:6.332 SPD:19.900 HDG:1.400 PX:147.100 PY:-50.000 LAN:5 BRK:0 RX_X:0.000 RX_Y:0.000 RX_Z:0.000
[ZONE-ROUTE] CID:9 zone=1 edge_port=9998
[EDGE-RTT] CID:9 wall=1.6 ms  sim_delay=10.0 ms
>>> [UAV->CLOUD] BLK:5b3e|TX:7.0.0.13|CID:9|TS:6.332|SPD:19.9|HDG:1.4|PX:147.1|PY:-50.0|L...
✓ [CAR 3] ACT=OK REP=0.999 RWD=1.000 PNL=0.000 CREDIT=7
✓ [CAR 7] ACT=OK REP=0.848 RWD=1.000 PNL=0.000 CREDIT=8
✓ [CAR 9] ACT=OK REP=0.891 RWD=1.000 PNL=0.000 CREDIT=8
[PASSIVE-BEACON] SIMNOW:6.384 CID:1 ZONE:1 RXUAV:1 EDGEPORT:9998 TS:6.370 SPD:20.300 HDG:-0.600 PX:127.700 PY:-20.000 LAN:2 BRK:1 RX_X:0.000 RX_Y:0.000 RX_Z:0.000
[ZONE-ROUTE] CID:1 zone=1 edge_port=9998
[EDGE-RTT] CID:1 wall=1.0 ms  sim_delay=10.0 ms
>>> [UAV->CLOUD] BLK:14e6|TX:7.0.0.5|CID:1|TS:6.370|SPD:20.3|HDG:-0.6|PX:127.7|PY:-20.0|L...
✓ [CAR 1] ACT=OK REP=0.912 RWD=1.000 PNL=0.000 CREDIT=7
[PASSIVE-BEACON] SIMNOW:6.424 CID:2 ZONE:1 RXUAV:1 EDGEPORT:9998 TS:6.410 SPD:20.100 HDG:0.100 PX:128.600 PY:-30.000 LAN:3 BRK:0 RX_X:0.000 RX_Y:0.000 RX_Z:0.000
[ZONE-ROUTE] CID:2 zone=1 edge_port=9998
[EDGE-RTT] CID:2 wall=1.1 ms  sim_delay=10.0 ms
>>> [UAV->CLOUD] BLK:a9e0|TX:7.0.0.6|CID:2|TS:6.410|SPD:20.1|HDG:0.1|PX:128.6|PY:-30.0|LA...
[PASSIVE-BEACON] SIMNOW:6.435 CID:8 ZONE:1 RXUAV:1 EDGEPORT:9998 TS:6.422 SPD:19.800 HDG:0.600 PX:147.800 PY:-40.000 LAN:4 BRK:0 RX_X:0.000 RX_Y:0.000 RX_Z:0.000
[ZONE-ROUTE] CID:8 zone=1 edge_port=9998
[EDGE-RTT] CID:8 wall=1.1 ms  sim_delay=10.0 ms
>>> [UAV->CLOUD] BLK:5cb0|TX:7.0.0.12|CID:8|TS:6.422|SPD:19.8|HDG:0.6|PX:147.8|PY:-40.0|L...
✓ [CAR 2] ACT=OK REP=0.916 RWD=1.000 PNL=0.000 CREDIT=7
✓ [CAR 8] ACT=OK REP=0.827 RWD=1.000 PNL=0.000 CREDIT=8
[PASSIVE-BEACON] SIMNOW:6.503 CID:4 ZONE:1 RXUAV:1 EDGEPORT:9998 TS:6.490 SPD:19.700 HDG:0.300 PX:129.200 PY:-50.000 LAN:5 BRK:1 RX_X:0.000 RX_Y:0.000 RX_Z:0.000
[ZONE-ROUTE] CID:4 zone=1 edge_port=9998
[EDGE-RTT] CID:4 wall=1.0 ms  sim_delay=10.0 ms
>>> [UAV->CLOUD] BLK:d02e|TX:7.0.0.8|CID:4|TS:6.490|SPD:19.7|HDG:0.3|PX:129.2|PY:-50.0|LA...
✓ [CAR 4] ACT=OK REP=1.000 RWD=1.000 PNL=0.000 CREDIT=8
[PASSIVE-BEACON] SIMNOW:6.524 CID:0 ZONE:1 RXUAV:1 EDGEPORT:9998 TS:6.510 SPD:20.200 HDG:0.800 PX:130.100 PY:-10.000 LAN:1 BRK:0 RX_X:0.000 RX_Y:0.000 RX_Z:0.000
[ZONE-ROUTE] CID:0 zone=1 edge_port=9998
[EDGE-RTT] CID:0 wall=1.2 ms  sim_delay=10.0 ms
>>> [UAV->CLOUD] BLK:d6c0|TX:7.0.0.4|CID:0|TS:6.510|SPD:20.2|HDG:0.8|PX:130.1|PY:-10.0|LA...
✓ [CAR 0] ACT=OK REP=0.736 RWD=1.000 PNL=0.000 CREDIT=8
[PASSIVE-BEACON] SIMNOW:6.586 CID:6 ZONE:1 RXUAV:1 EDGEPORT:9998 TS:6.572 SPD:20.500 HDG:0.600 PX:151.000 PY:-20.000 LAN:2 BRK:0 RX_X:0.000 RX_Y:0.000 RX_Z:0.000
[ZONE-ROUTE] CID:6 zone=1 edge_port=9998
[EDGE-RTT] CID:6 wall=1.3 ms  sim_delay=10.0 ms
>>> [UAV->CLOUD] BLK:0a7a|TX:7.0.0.10|CID:6|TS:6.572|SPD:20.5|HDG:0.6|PX:151.0|PY:-20.0|L...
[PASSIVE-BEACON] SIMNOW:6.596 CID:5 ZONE:1 RXUAV:1 EDGEPORT:9998 TS:6.582 SPD:19.800 HDG:-1.000 PX:151.000 PY:-10.000 LAN:1 BRK:1 RX_X:0.000 RX_Y:0.000 RX_Z:0.000
[ZONE-ROUTE] CID:5 zone=1 edge_port=9998
[EDGE-RTT] CID:5 wall=1.2 ms  sim_delay=10.0 ms
>>> [UAV->CLOUD] BLK:ef48|TX:7.0.0.9|CID:5|TS:6.582|SPD:19.8|HDG:-1.0|PX:151.0|PY:-10.0|L...
✓ [CAR 6] ACT=OK REP=0.952 RWD=1.000 PNL=0.000 CREDIT=9
✓ [CAR 5] ACT=OK REP=0.613 RWD=1.000 PNL=0.000 CREDIT=8
[PASSIVE-BEACON] SIMNOW:6.844 CID:3 ZONE:1 RXUAV:1 EDGEPORT:9998 TS:6.830 SPD:20.000 HDG:-1.100 PX:136.000 PY:-40.000 LAN:4 BRK:0 RX_X:0.000 RX_Y:0.000 RX_Z:0.000
[ZONE-ROUTE] CID:3 zone=1 edge_port=9998
[EDGE-RTT] CID:3 wall=1.3 ms  sim_delay=10.0 ms
>>> [UAV->CLOUD] BLK:2095|TX:7.0.0.7|CID:3|TS:6.830|SPD:20.0|HDG:-1.1|PX:136.0|PY:-40.0|L...
[PASSIVE-BEACON] SIMNOW:6.846 CID:7 ZONE:1 RXUAV:1 EDGEPORT:9998 TS:6.832 SPD:19.600 HDG:0.900 PX:156.300 PY:-30.000 LAN:3 BRK:0 RX_X:0.000 RX_Y:0.000 RX_Z:0.000
[ZONE-ROUTE] CID:7 zone=1 edge_port=9998
[EDGE-RTT] CID:7 wall=1.5 ms  sim_delay=10.0 ms
>>> [UAV->CLOUD] BLK:ca68|TX:7.0.0.11|CID:7|TS:6.832|SPD:19.6|HDG:0.9|PX:156.3|PY:-30.0|L...
[PASSIVE-BEACON] SIMNOW:6.849 CID:9 ZONE:1 RXUAV:1 EDGEPORT:9998 TS:6.832 SPD:20.200 HDG:0.100 PX:156.200 PY:-50.000 LAN:5 BRK:0 RX_X:0.000 RX_Y:0.000 RX_Z:0.000
[ZONE-ROUTE] CID:9 zone=1 edge_port=9998
[EDGE-RTT] CID:9 wall=1.0 ms  sim_delay=10.0 ms
>>> [UAV->CLOUD] BLK:f53f|TX:7.0.0.13|CID:9|TS:6.832|SPD:20.2|HDG:0.1|PX:156.2|PY:-50.0|L...
✓ [CAR 3] ACT=OK REP=0.814 RWD=1.000 PNL=0.000 CREDIT=8
✓ [CAR 7] ACT=OK REP=0.618 RWD=1.000 PNL=0.000 CREDIT=9
✓ [CAR 9] ACT=OK REP=0.853 RWD=1.000 PNL=0.000 CREDIT=9
[PASSIVE-BEACON] SIMNOW:6.883 CID:1 ZONE:1 RXUAV:1 EDGEPORT:9998 TS:6.870 SPD:20.100 HDG:-1.000 PX:136.700 PY:-20.000 LAN:2 BRK:0 RX_X:0.000 RX_Y:0.000 RX_Z:0.000
[ZONE-ROUTE] CID:1 zone=1 edge_port=9998
[EDGE-RTT] CID:1 wall=1.2 ms  sim_delay=10.0 ms
>>> [UAV->CLOUD] BLK:ed2f|TX:7.0.0.5|CID:1|TS:6.870|SPD:20.1|HDG:-1.0|PX:136.7|PY:-20.0|L...
✓ [CAR 1] ACT=OK REP=0.769 RWD=1.000 PNL=0.000 CREDIT=8
[PASSIVE-BEACON] SIMNOW:6.924 CID:2 ZONE:1 RXUAV:1 EDGEPORT:9998 TS:6.910 SPD:19.700 HDG:-0.900 PX:138.300 PY:-30.000 LAN:3 BRK:0 RX_X:0.000 RX_Y:0.000 RX_Z:0.000
[ZONE-ROUTE] CID:2 zone=1 edge_port=9998
[EDGE-RTT] CID:2 wall=1.3 ms  sim_delay=10.0 ms
>>> [UAV->CLOUD] BLK:523b|TX:7.0.0.6|CID:2|TS:6.910|SPD:19.7|HDG:-0.9|PX:138.3|PY:-30.0|L...
[PASSIVE-BEACON] SIMNOW:6.936 CID:8 ZONE:1 RXUAV:1 EDGEPORT:9998 TS:6.922 SPD:20.300 HDG:-1.200 PX:159.000 PY:-40.000 LAN:4 BRK:0 RX_X:0.000 RX_Y:0.000 RX_Z:0.000
[ZONE-ROUTE] CID:8 zone=1 edge_port=9998
[EDGE-RTT] CID:8 wall=1.1 ms  sim_delay=10.0 ms
>>> [UAV->CLOUD] BLK:ec57|TX:7.0.0.12|CID:8|TS:6.922|SPD:20.3|HDG:-1.2|PX:159.0|PY:-40.0|...
✓ [CAR 2] ACT=OK REP=0.703 RWD=1.000 PNL=0.000 CREDIT=8
✓ [CAR 8] ACT=OK REP=1.000 RWD=1.000 PNL=0.000 CREDIT=9
[PASSIVE-BEACON] SIMNOW:7.004 CID:4 ZONE:1 RXUAV:1 EDGEPORT:9998 TS:6.990 SPD:20.400 HDG:0.500 PX:139.300 PY:-50.000 LAN:5 BRK:0 RX_X:0.000 RX_Y:0.000 RX_Z:0.000
[ZONE-ROUTE] CID:4 zone=1 edge_port=9998
[EDGE-RTT] CID:4 wall=1.2 ms  sim_delay=10.0 ms
>>> [UAV->CLOUD] BLK:79dd|TX:7.0.0.8|CID:4|TS:6.990|SPD:20.4|HDG:0.5|PX:139.3|PY:-50.0|LA...
✓ [CAR 4] ACT=OK REP=0.688 RWD=1.000 PNL=0.000 CREDIT=9
[PASSIVE-BEACON] SIMNOW:7.025 CID:0 ZONE:1 RXUAV:1 EDGEPORT:9998 TS:7.010 SPD:20.100 HDG:-1.700 PX:140.200 PY:-10.000 LAN:1 BRK:0 RX_X:0.000 RX_Y:0.000 RX_Z:0.000
[ZONE-ROUTE] CID:0 zone=1 edge_port=9998
[EDGE-RTT] CID:0 wall=1.2 ms  sim_delay=10.0 ms
>>> [UAV->CLOUD] BLK:875c|TX:7.0.0.4|CID:0|TS:7.010|SPD:20.1|HDG:-1.7|PX:140.2|PY:-10.0|L...
✓ [CAR 0] ACT=OK REP=1.000 RWD=1.000 PNL=0.000 CREDIT=9
[PASSIVE-BEACON] SIMNOW:7.085 CID:6 ZONE:1 RXUAV:1 EDGEPORT:9998 TS:7.072 SPD:19.600 HDG:1.900 PX:161.700 PY:-20.000 LAN:2 BRK:0 RX_X:0.000 RX_Y:0.000 RX_Z:0.000
[ZONE-ROUTE] CID:6 zone=1 edge_port=9998
[EDGE-RTT] CID:6 wall=1.0 ms  sim_delay=10.0 ms
>>> [UAV->CLOUD] BLK:0249|TX:7.0.0.10|CID:6|TS:7.072|SPD:19.6|HDG:1.9|PX:161.7|PY:-20.0|L...
[PASSIVE-BEACON] SIMNOW:7.096 CID:5 ZONE:1 RXUAV:1 EDGEPORT:9998 TS:7.082 SPD:19.600 HDG:1.500 PX:161.100 PY:-10.000 LAN:1 BRK:0 RX_X:0.000 RX_Y:0.000 RX_Z:0.000
[ZONE-ROUTE] CID:5 zone=1 edge_port=9998
[EDGE-RTT] CID:5 wall=1.1 ms  sim_delay=10.0 ms
>>> [UAV->CLOUD] BLK:c668|TX:7.0.0.9|CID:5|TS:7.082|SPD:19.6|HDG:1.5|PX:161.1|PY:-10.0|LA...
✓ [CAR 6] ACT=OK REP=0.953 RWD=1.000 PNL=0.000 CREDIT=10
✓ [CAR 5] ACT=OK REP=0.482 RWD=1.000 PNL=0.000 CREDIT=9
[PASSIVE-BEACON] SIMNOW:7.344 CID:3 ZONE:1 RXUAV:1 EDGEPORT:9998 TS:7.330 SPD:19.900 HDG:-0.800 PX:147.200 PY:-40.000 LAN:4 BRK:0 RX_X:0.000 RX_Y:0.000 RX_Z:0.000
[ZONE-ROUTE] CID:3 zone=1 edge_port=9998
[EDGE-RTT] CID:3 wall=1.3 ms  sim_delay=10.0 ms
>>> [UAV->CLOUD] BLK:c6f2|TX:7.0.0.7|CID:3|TS:7.330|SPD:19.9|HDG:-0.8|PX:147.2|PY:-40.0|L...
[PASSIVE-BEACON] SIMNOW:7.346 CID:9 ZONE:1 RXUAV:1 EDGEPORT:9998 TS:7.332 SPD:20.000 HDG:-0.800 PX:166.100 PY:-50.000 LAN:5 BRK:0 RX_X:0.000 RX_Y:0.000 RX_Z:0.000
[ZONE-ROUTE] CID:9 zone=1 edge_port=9998
[EDGE-RTT] CID:9 wall=1.3 ms  sim_delay=10.0 ms
>>> [UAV->CLOUD] BLK:7b75|TX:7.0.0.13|CID:9|TS:7.332|SPD:20.0|HDG:-0.8|PX:166.1|PY:-50.0|...
[PASSIVE-BEACON] SIMNOW:7.346 CID:7 ZONE:1 RXUAV:1 EDGEPORT:9998 TS:7.332 SPD:20.000 HDG:-1.800 PX:166.000 PY:-30.000 LAN:3 BRK:1 RX_X:0.000 RX_Y:0.000 RX_Z:0.000
[ZONE-ROUTE] CID:7 zone=1 edge_port=9998
[EDGE-RTT] CID:7 wall=2.5 ms  sim_delay=10.0 ms
>>> [UAV->CLOUD] BLK:efa8|TX:7.0.0.11|CID:7|TS:7.332|SPD:20.0|HDG:-1.8|PX:166.0|PY:-30.0|...
✓ [CAR 3] ACT=OK REP=1.000 RWD=1.000 PNL=0.000 CREDIT=9
✓ [CAR 7] ACT=OK REP=0.749 RWD=1.000 PNL=0.000 CREDIT=10
✓ [CAR 9] ACT=OK REP=0.858 RWD=1.000 PNL=0.000 CREDIT=10
[PASSIVE-BEACON] SIMNOW:7.384 CID:1 ZONE:1 RXUAV:1 EDGEPORT:9998 TS:7.370 SPD:20.300 HDG:-0.900 PX:147.300 PY:-20.000 LAN:2 BRK:1 RX_X:0.000 RX_Y:0.000 RX_Z:0.000
[ZONE-ROUTE] CID:1 zone=1 edge_port=9998
[EDGE-RTT] CID:1 wall=1.2 ms  sim_delay=10.0 ms
>>> [UAV->CLOUD] BLK:9a80|TX:7.0.0.5|CID:1|TS:7.370|SPD:20.3|HDG:-0.9|PX:147.3|PY:-20.0|L...
✓ [CAR 1] ACT=OK REP=0.864 RWD=1.000 PNL=0.000 CREDIT=9
[PASSIVE-BEACON] SIMNOW:7.424 CID:2 ZONE:1 RXUAV:1 EDGEPORT:9998 TS:7.410 SPD:19.900 HDG:1.300 PX:147.500 PY:-30.000 LAN:3 BRK:0 RX_X:0.000 RX_Y:0.000 RX_Z:0.000
[ZONE-ROUTE] CID:2 zone=1 edge_port=9998
[EDGE-RTT] CID:2 wall=1.1 ms  sim_delay=10.0 ms
>>> [UAV->CLOUD] BLK:ae56|TX:7.0.0.6|CID:2|TS:7.410|SPD:19.9|HDG:1.3|PX:147.5|PY:-30.0|LA...
[PASSIVE-BEACON] SIMNOW:7.436 CID:8 ZONE:1 RXUAV:1 EDGEPORT:9998 TS:7.422 SPD:20.100 HDG:0.100 PX:168.100 PY:-40.000 LAN:4 BRK:0 RX_X:0.000 RX_Y:0.000 RX_Z:0.000
[ZONE-ROUTE] CID:8 zone=1 edge_port=9998
[EDGE-RTT] CID:8 wall=1.1 ms  sim_delay=10.0 ms
>>> [UAV->CLOUD] BLK:4f50|TX:7.0.0.12|CID:8|TS:7.422|SPD:20.1|HDG:0.1|PX:168.1|PY:-40.0|L...
✓ [CAR 2] ACT=OK REP=1.000 RWD=1.000 PNL=0.000 CREDIT=9
✓ [CAR 8] ACT=OK REP=0.964 RWD=1.000 PNL=0.000 CREDIT=10
[PASSIVE-BEACON] SIMNOW:7.504 CID:4 ZONE:1 RXUAV:1 EDGEPORT:9998 TS:7.490 SPD:19.700 HDG:0.000 PX:149.600 PY:-50.000 LAN:5 BRK:0 RX_X:0.000 RX_Y:0.000 RX_Z:0.000
[ZONE-ROUTE] CID:4 zone=1 edge_port=9998
[EDGE-RTT] CID:4 wall=1.2 ms  sim_delay=10.0 ms
>>> [UAV->CLOUD] BLK:9dd4|TX:7.0.0.8|CID:4|TS:7.490|SPD:19.7|HDG:0.0|PX:149.6|PY:-50.0|LA...
✓ [CAR 4] ACT=OK REP=0.843 RWD=1.000 PNL=0.000 CREDIT=10
[PASSIVE-BEACON] SIMNOW:7.524 CID:0 ZONE:1 RXUAV:1 EDGEPORT:9998 TS:7.510 SPD:20.500 HDG:-0.200 PX:149.700 PY:-10.000 LAN:1 BRK:0 RX_X:0.000 RX_Y:0.000 RX_Z:0.000
[ZONE-ROUTE] CID:0 zone=1 edge_port=9998
[EDGE-RTT] CID:0 wall=1.3 ms  sim_delay=10.0 ms
>>> [UAV->CLOUD] BLK:00da|TX:7.0.0.4|CID:0|TS:7.510|SPD:20.5|HDG:-0.2|PX:149.7|PY:-10.0|L...
✓ [CAR 0] ACT=OK REP=1.000 RWD=1.000 PNL=0.000 CREDIT=10
[PASSIVE-BEACON] SIMNOW:7.586 CID:6 ZONE:1 RXUAV:1 EDGEPORT:9998 TS:7.572 SPD:19.600 HDG:-1.300 PX:171.200 PY:-20.000 LAN:2 BRK:0 RX_X:0.000 RX_Y:0.000 RX_Z:0.000
[ZONE-ROUTE] CID:6 zone=1 edge_port=9998
[EDGE-RTT] CID:6 wall=1.3 ms  sim_delay=10.0 ms
>>> [UAV->CLOUD] BLK:283c|TX:7.0.0.10|CID:6|TS:7.572|SPD:19.6|HDG:-1.3|PX:171.2|PY:-20.0|...
[PASSIVE-BEACON] SIMNOW:7.596 CID:5 ZONE:1 RXUAV:1 EDGEPORT:9998 TS:7.582 SPD:20.100 HDG:-1.300 PX:171.500 PY:-10.000 LAN:1 BRK:0 RX_X:0.000 RX_Y:0.000 RX_Z:0.000
[ZONE-ROUTE] CID:5 zone=1 edge_port=9998
[EDGE-RTT] CID:5 wall=0.9 ms  sim_delay=10.0 ms
>>> [UAV->CLOUD] BLK:5e4c|TX:7.0.0.9|CID:5|TS:7.582|SPD:20.1|HDG:-1.3|PX:171.5|PY:-10.0|L...
✓ [CAR 6] ACT=OK REP=0.731 RWD=1.000 PNL=0.000 CREDIT=11
✓ [CAR 5] ACT=OK REP=0.976 RWD=1.000 PNL=0.000 CREDIT=10
[PASSIVE-BEACON] SIMNOW:7.844 CID:3 ZONE:1 RXUAV:1 EDGEPORT:9998 TS:7.830 SPD:20.200 HDG:-1.100 PX:157.000 PY:-40.000 LAN:4 BRK:0 RX_X:0.000 RX_Y:0.000 RX_Z:0.000
[ZONE-ROUTE] CID:3 zone=1 edge_port=9998
[EDGE-RTT] CID:3 wall=1.3 ms  sim_delay=10.0 ms
>>> [UAV->CLOUD] BLK:089b|TX:7.0.0.7|CID:3|TS:7.830|SPD:20.2|HDG:-1.1|PX:157.0|PY:-40.0|L...
[PASSIVE-BEACON] SIMNOW:7.846 CID:9 ZONE:1 RXUAV:1 EDGEPORT:9998 TS:7.832 SPD:19.900 HDG:-1.000 PX:177.200 PY:-50.000 LAN:5 BRK:0 RX_X:0.000 RX_Y:0.000 RX_Z:0.000
[ZONE-ROUTE] CID:9 zone=1 edge_port=9998
[EDGE-RTT] CID:9 wall=3.7 ms  sim_delay=10.0 ms
>>> [UAV->CLOUD] BLK:aedb|TX:7.0.0.13|CID:9|TS:7.832|SPD:19.9|HDG:-1.0|PX:177.2|PY:-50.0|...
[PASSIVE-BEACON] SIMNOW:7.846 CID:7 ZONE:1 RXUAV:1 EDGEPORT:9998 TS:7.832 SPD:19.800 HDG:-1.600 PX:177.000 PY:-30.000 LAN:3 BRK:0 RX_X:0.000 RX_Y:0.000 RX_Z:0.000
[ZONE-ROUTE] CID:7 zone=1 edge_port=9998
[EDGE-RTT] CID:7 wall=1.7 ms  sim_delay=10.0 ms
>>> [UAV->CLOUD] BLK:2175|TX:7.0.0.11|CID:7|TS:7.832|SPD:19.8|HDG:-1.6|PX:177.0|PY:-30.0|...
✓ [CAR 3] ACT=OK REP=1.000 RWD=1.000 PNL=0.000 CREDIT=10
✓ [CAR 7] ACT=OK REP=0.975 RWD=1.000 PNL=0.000 CREDIT=11
✓ [CAR 9] ACT=OK REP=0.848 RWD=1.000 PNL=0.000 CREDIT=11
[PASSIVE-BEACON] SIMNOW:7.884 CID:1 ZONE:1 RXUAV:1 EDGEPORT:9998 TS:7.870 SPD:19.600 HDG:-0.800 PX:158.000 PY:-20.000 LAN:2 BRK:0 RX_X:0.000 RX_Y:0.000 RX_Z:0.000
[ZONE-ROUTE] CID:1 zone=1 edge_port=9998
[EDGE-RTT] CID:1 wall=1.3 ms  sim_delay=10.0 ms
>>> [UAV->CLOUD] BLK:02e7|TX:7.0.0.5|CID:1|TS:7.870|SPD:19.6|HDG:-0.8|PX:158.0|PY:-20.0|L...
✓ [CAR 1] ACT=OK REP=1.000 RWD=1.000 PNL=0.000 CREDIT=10
[PASSIVE-BEACON] SIMNOW:7.924 CID:2 ZONE:1 RXUAV:1 EDGEPORT:9998 TS:7.910 SPD:20.100 HDG:1.100 PX:158.900 PY:-30.000 LAN:3 BRK:0 RX_X:0.000 RX_Y:0.000 RX_Z:0.000
[ZONE-ROUTE] CID:2 zone=1 edge_port=9998
[EDGE-RTT] CID:2 wall=1.3 ms  sim_delay=10.0 ms
>>> [UAV->CLOUD] BLK:a616|TX:7.0.0.6|CID:2|TS:7.910|SPD:20.1|HDG:1.1|PX:158.9|PY:-30.0|LA...
[PASSIVE-BEACON] SIMNOW:7.936 CID:8 ZONE:1 RXUAV:1 EDGEPORT:9998 TS:7.922 SPD:20.200 HDG:-0.200 PX:178.800 PY:-40.000 LAN:4 BRK:0 RX_X:0.000 RX_Y:0.000 RX_Z:0.000
[ZONE-ROUTE] CID:8 zone=1 edge_port=9998
[EDGE-RTT] CID:8 wall=1.0 ms  sim_delay=10.0 ms
>>> [UAV->CLOUD] BLK:ffb2|TX:7.0.0.12|CID:8|TS:7.922|SPD:20.2|HDG:-0.2|PX:178.8|PY:-40.0|...
✓ [CAR 2] ACT=OK REP=0.881 RWD=1.000 PNL=0.000 CREDIT=10
✓ [CAR 8] ACT=OK REP=0.988 RWD=1.000 PNL=0.000 CREDIT=11
[PASSIVE-BEACON] SIMNOW:8.003 CID:4 ZONE:1 RXUAV:1 EDGEPORT:9998 TS:7.990 SPD:20.100 HDG:0.400 PX:159.500 PY:-50.000 LAN:5 BRK:0 RX_X:0.000 RX_Y:0.000 RX_Z:0.000
[ZONE-ROUTE] CID:4 zone=1 edge_port=9998
[EDGE-RTT] CID:4 wall=1.2 ms  sim_delay=10.0 ms
>>> [UAV->CLOUD] BLK:f238|TX:7.0.0.8|CID:4|TS:7.990|SPD:20.1|HDG:0.4|PX:159.5|PY:-50.0|LA...
✓ [CAR 4] ACT=OK REP=0.877 RWD=1.000 PNL=0.000 CREDIT=11
[PASSIVE-BEACON] SIMNOW:8.025 CID:0 ZONE:1 RXUAV:1 EDGEPORT:9998 TS:8.010 SPD:20.400 HDG:-1.200 PX:159.700 PY:-10.000 LAN:1 BRK:0 RX_X:0.000 RX_Y:0.000 RX_Z:0.000
[ZONE-ROUTE] CID:0 zone=1 edge_port=9998
[EDGE-RTT] CID:0 wall=1.3 ms  sim_delay=10.0 ms
>>> [UAV->CLOUD] BLK:3db3|TX:7.0.0.4|CID:0|TS:8.010|SPD:20.4|HDG:-1.2|PX:159.7|PY:-10.0|L...
✓ [CAR 0] ACT=OK REP=0.784 RWD=1.000 PNL=0.000 CREDIT=11
[PASSIVE-BEACON] SIMNOW:8.086 CID:6 ZONE:1 RXUAV:1 EDGEPORT:9998 TS:8.072 SPD:19.800 HDG:1.400 PX:181.000 PY:-20.000 LAN:2 BRK:0 RX_X:0.000 RX_Y:0.000 RX_Z:0.000
[ZONE-ROUTE] CID:6 zone=1 edge_port=9998
[EDGE-RTT] CID:6 wall=1.3 ms  sim_delay=10.0 ms
>>> [UAV->CLOUD] BLK:1314|TX:7.0.0.10|CID:6|TS:8.072|SPD:19.8|HDG:1.4|PX:181.0|PY:-20.0|L...
[PASSIVE-BEACON] SIMNOW:8.096 CID:5 ZONE:1 RXUAV:1 EDGEPORT:9998 TS:8.082 SPD:20.000 HDG:-0.000 PX:181.200 PY:-10.000 LAN:1 BRK:0 RX_X:0.000 RX_Y:0.000 RX_Z:0.000
[ZONE-ROUTE] CID:5 zone=1 edge_port=9998
[EDGE-RTT] CID:5 wall=1.1 ms  sim_delay=10.0 ms
>>> [UAV->CLOUD] BLK:6992|TX:7.0.0.9|CID:5|TS:8.082|SPD:20.0|HDG:-0.0|PX:181.2|PY:-10.0|L...
✓ [CAR 6] ACT=OK REP=0.812 RWD=1.000 PNL=0.000 CREDIT=12
✓ [CAR 5] ACT=OK REP=0.984 RWD=1.000 PNL=0.000 CREDIT=11
[PASSIVE-BEACON] SIMNOW:8.344 CID:3 ZONE:1 RXUAV:1 EDGEPORT:9998 TS:8.330 SPD:20.000 HDG:-0.600 PX:166.300 PY:-40.000 LAN:4 BRK:0 RX_X:0.000 RX_Y:0.000 RX_Z:0.000
[ZONE-ROUTE] CID:3 zone=1 edge_port=9998
[EDGE-RTT] CID:3 wall=1.5 ms  sim_delay=10.0 ms
>>> [UAV->CLOUD] BLK:ba60|TX:7.0.0.7|CID:3|TS:8.330|SPD:20.0|HDG:-0.6|PX:166.3|PY:-40.0|L...
[PASSIVE-BEACON] SIMNOW:8.346 CID:7 ZONE:1 RXUAV:1 EDGEPORT:9998 TS:8.332 SPD:20.300 HDG:0.500 PX:186.300 PY:-30.000 LAN:3 BRK:0 RX_X:0.000 RX_Y:0.000 RX_Z:0.000
[ZONE-ROUTE] CID:7 zone=1 edge_port=9998
[EDGE-RTT] CID:7 wall=1.3 ms  sim_delay=10.0 ms
>>> [UAV->CLOUD] BLK:cd3f|TX:7.0.0.11|CID:7|TS:8.332|SPD:20.3|HDG:0.5|PX:186.3|PY:-30.0|L...
[PASSIVE-BEACON] SIMNOW:8.348 CID:9 ZONE:1 RXUAV:1 EDGEPORT:9998 TS:8.332 SPD:20.400 HDG:-1.100 PX:186.800 PY:-50.000 LAN:5 BRK:0 RX_X:0.000 RX_Y:0.000 RX_Z:0.000
[ZONE-ROUTE] CID:9 zone=1 edge_port=9998
[EDGE-RTT] CID:9 wall=2.0 ms  sim_delay=10.0 ms
>>> [UAV->CLOUD] BLK:c306|TX:7.0.0.13|CID:9|TS:8.332|SPD:20.4|HDG:-1.1|PX:186.8|PY:-50.0|...
✓ [CAR 3] ACT=OK REP=0.873 RWD=1.000 PNL=0.000 CREDIT=11
✓ [CAR 7] ACT=OK REP=0.843 RWD=1.000 PNL=0.000 CREDIT=12
✓ [CAR 9] ACT=OK REP=0.974 RWD=1.000 PNL=0.000 CREDIT=12
[PASSIVE-BEACON] SIMNOW:8.384 CID:1 ZONE:1 RXUAV:1 EDGEPORT:9998 TS:8.370 SPD:19.700 HDG:1.600 PX:167.300 PY:-20.000 LAN:2 BRK:0 RX_X:0.000 RX_Y:0.000 RX_Z:0.000
[ZONE-ROUTE] CID:1 zone=1 edge_port=9998
[EDGE-RTT] CID:1 wall=1.1 ms  sim_delay=10.0 ms
>>> [UAV->CLOUD] BLK:3ed0|TX:7.0.0.5|CID:1|TS:8.370|SPD:19.7|HDG:1.6|PX:167.3|PY:-20.0|LA...
✓ [CAR 1] ACT=OK REP=0.556 RWD=1.000 PNL=0.000 CREDIT=11
[PASSIVE-BEACON] SIMNOW:8.424 CID:2 ZONE:1 RXUAV:1 EDGEPORT:9998 TS:8.410 SPD:20.400 HDG:-0.600 PX:168.000 PY:-30.000 LAN:3 BRK:0 RX_X:0.000 RX_Y:0.000 RX_Z:0.000
[ZONE-ROUTE] CID:2 zone=1 edge_port=9998
[EDGE-RTT] CID:2 wall=1.3 ms  sim_delay=10.0 ms
>>> [UAV->CLOUD] BLK:5e66|TX:7.0.0.6|CID:2|TS:8.410|SPD:20.4|HDG:-0.6|PX:168.0|PY:-30.0|L...
[PASSIVE-BEACON] SIMNOW:8.436 CID:8 ZONE:1 RXUAV:1 EDGEPORT:9998 TS:8.422 SPD:19.600 HDG:-1.800 PX:187.900 PY:-40.000 LAN:4 BRK:0 RX_X:0.000 RX_Y:0.000 RX_Z:0.000
[ZONE-ROUTE] CID:8 zone=1 edge_port=9998
[EDGE-RTT] CID:8 wall=1.2 ms  sim_delay=10.0 ms
>>> [UAV->CLOUD] BLK:ed9e|TX:7.0.0.12|CID:8|TS:8.422|SPD:19.6|HDG:-1.8|PX:187.9|PY:-40.0|...
✓ [CAR 2] ACT=OK REP=0.927 RWD=1.000 PNL=0.000 CREDIT=11
✓ [CAR 8] ACT=OK REP=0.937 RWD=1.000 PNL=0.000 CREDIT=12
[PASSIVE-BEACON] SIMNOW:8.504 CID:4 ZONE:1 RXUAV:1 EDGEPORT:9998 TS:8.490 SPD:19.600 HDG:-0.100 PX:169.400 PY:-50.000 LAN:5 BRK:0 RX_X:0.000 RX_Y:0.000 RX_Z:0.000
[ZONE-ROUTE] CID:4 zone=1 edge_port=9998
[EDGE-RTT] CID:4 wall=1.3 ms  sim_delay=10.0 ms
>>> [UAV->CLOUD] BLK:30a8|TX:7.0.0.8|CID:4|TS:8.490|SPD:19.6|HDG:-0.1|PX:169.4|PY:-50.0|L...
✓ [CAR 4] ACT=OK REP=0.940 RWD=1.000 PNL=0.000 CREDIT=12
[PASSIVE-BEACON] SIMNOW:8.524 CID:0 ZONE:1 RXUAV:1 EDGEPORT:9998 TS:8.510 SPD:19.700 HDG:-0.500 PX:169.800 PY:-10.000 LAN:1 BRK:0 RX_X:0.000 RX_Y:0.000 RX_Z:0.000
[ZONE-ROUTE] CID:0 zone=1 edge_port=9998
[EDGE-RTT] CID:0 wall=1.3 ms  sim_delay=10.0 ms
>>> [UAV->CLOUD] BLK:90bf|TX:7.0.0.4|CID:0|TS:8.510|SPD:19.7|HDG:-0.5|PX:169.8|PY:-10.0|L...
✓ [CAR 0] ACT=OK REP=0.963 RWD=1.000 PNL=0.000 CREDIT=12
[PASSIVE-BEACON] SIMNOW:8.586 CID:6 ZONE:1 RXUAV:1 EDGEPORT:9998 TS:8.572 SPD:19.900 HDG:0.400 PX:191.700 PY:-20.000 LAN:2 BRK:0 RX_X:0.000 RX_Y:0.000 RX_Z:0.000
[ZONE-ROUTE] CID:6 zone=1 edge_port=9998
[EDGE-RTT] CID:6 wall=1.2 ms  sim_delay=10.0 ms
>>> [UAV->CLOUD] BLK:a7e4|TX:7.0.0.10|CID:6|TS:8.572|SPD:19.9|HDG:0.4|PX:191.7|PY:-20.0|L...
[PASSIVE-BEACON] SIMNOW:8.596 CID:5 ZONE:1 RXUAV:1 EDGEPORT:9998 TS:8.582 SPD:19.800 HDG:1.200 PX:192.000 PY:-10.000 LAN:1 BRK:0 RX_X:0.000 RX_Y:0.000 RX_Z:0.000
[ZONE-ROUTE] CID:5 zone=1 edge_port=9998
[EDGE-RTT] CID:5 wall=1.3 ms  sim_delay=10.0 ms
>>> [UAV->CLOUD] BLK:b725|TX:7.0.0.9|CID:5|TS:8.582|SPD:19.8|HDG:1.2|PX:192.0|PY:-10.0|LA...
✓ [CAR 6] ACT=OK REP=0.903 RWD=1.000 PNL=0.000 CREDIT=13
✓ [CAR 5] ACT=OK REP=0.918 RWD=1.000 PNL=0.000 CREDIT=12
[PASSIVE-BEACON] SIMNOW:8.844 CID:3 ZONE:1 RXUAV:1 EDGEPORT:9998 TS:8.830 SPD:20.000 HDG:-1.500 PX:176.100 PY:-40.000 LAN:4 BRK:0 RX_X:0.000 RX_Y:0.000 RX_Z:0.000
[ZONE-ROUTE] CID:3 zone=1 edge_port=9998
[EDGE-RTT] CID:3 wall=1.3 ms  sim_delay=10.0 ms
>>> [UAV->CLOUD] BLK:8088|TX:7.0.0.7|CID:3|TS:8.830|SPD:20.0|HDG:-1.5|PX:176.1|PY:-40.0|L...
[PASSIVE-BEACON] SIMNOW:8.846 CID:7 ZONE:1 RXUAV:1 EDGEPORT:9998 TS:8.832 SPD:20.500 HDG:1.500 PX:197.400 PY:-30.000 LAN:3 BRK:1 RX_X:0.000 RX_Y:0.000 RX_Z:0.000
[ZONE-ROUTE] CID:7 zone=1 edge_port=9998
[EDGE-RTT] CID:7 wall=1.2 ms  sim_delay=10.0 ms
>>> [UAV->CLOUD] BLK:2dac|TX:7.0.0.11|CID:7|TS:8.832|SPD:20.5|HDG:1.5|PX:197.4|PY:-30.0|L...
✓ [CAR 3] ACT=OK REP=0.819 RWD=1.000 PNL=0.000 CREDIT=12
✓ [CAR 7] ACT=OK REP=1.000 RWD=1.000 PNL=0.000 CREDIT=13
[PASSIVE-BEACON] SIMNOW:8.884 CID:1 ZONE:1 RXUAV:1 EDGEPORT:9998 TS:8.870 SPD:20.100 HDG:0.000 PX:177.700 PY:-20.000 LAN:2 BRK:0 RX_X:0.000 RX_Y:0.000 RX_Z:0.000
[ZONE-ROUTE] CID:1 zone=1 edge_port=9998
[EDGE-RTT] CID:1 wall=1.1 ms  sim_delay=10.0 ms
>>> [UAV->CLOUD] BLK:1006|TX:7.0.0.5|CID:1|TS:8.870|SPD:20.1|HDG:0.0|PX:177.7|PY:-20.0|LA...
✓ [CAR 1] ACT=OK REP=0.808 RWD=1.000 PNL=0.000 CREDIT=12
[PASSIVE-BEACON] SIMNOW:8.922 CID:2 ZONE:1 RXUAV:1 EDGEPORT:9998 TS:8.910 SPD:19.800 HDG:-0.900 PX:178.400 PY:-30.000 LAN:3 BRK:0 RX_X:0.000 RX_Y:0.000 RX_Z:0.000
[ZONE-ROUTE] CID:2 zone=1 edge_port=9998
[EDGE-RTT] CID:2 wall=1.2 ms  sim_delay=10.0 ms
>>> [UAV->CLOUD] BLK:c496|TX:7.0.0.6|CID:2|TS:8.910|SPD:19.8|HDG:-0.9|PX:178.4|PY:-30.0|L...
✓ [CAR 2] ACT=OK REP=0.633 RWD=1.000 PNL=0.000 CREDIT=12
[PASSIVE-BEACON] SIMNOW:8.936 CID:8 ZONE:1 RXUAV:1 EDGEPORT:9998 TS:8.922 SPD:20.400 HDG:1.200 PX:198.400 PY:-40.000 LAN:4 BRK:0 RX_X:0.000 RX_Y:0.000 RX_Z:0.000
[ZONE-ROUTE] CID:8 zone=1 edge_port=9998
[EDGE-RTT] CID:8 wall=1.0 ms  sim_delay=10.0 ms
>>> [UAV->CLOUD] BLK:6858|TX:7.0.0.12|CID:8|TS:8.922|SPD:20.4|HDG:1.2|PX:198.4|PY:-40.0|L...
✓ [CAR 8] ACT=OK REP=0.889 RWD=1.000 PNL=0.000 CREDIT=13
[PASSIVE-BEACON] SIMNOW:8.984 CID:9 ZONE:1 RXUAV:1 EDGEPORT:9998 TS:8.832 SPD:20.300 HDG:0.200 PX:196.500 PY:-50.000 LAN:5 BRK:0 RX_X:0.000 RX_Y:0.000 RX_Z:0.000
[ZONE-ROUTE] CID:9 zone=1 edge_port=9998
[EDGE-RTT] CID:9 wall=1.3 ms  sim_delay=10.0 ms
>>> [UAV->CLOUD] BLK:c33b|TX:7.0.0.13|CID:9|TS:8.832|SPD:20.3|HDG:0.2|PX:196.5|PY:-50.0|L...
[PASSIVE-BEACON] SIMNOW:9.004 CID:4 ZONE:1 RXUAV:1 EDGEPORT:9998 TS:8.990 SPD:19.900 HDG:-1.700 PX:179.600 PY:-50.000 LAN:5 BRK:1 RX_X:0.000 RX_Y:0.000 RX_Z:0.000
[ZONE-ROUTE] CID:4 zone=1 edge_port=9998
[EDGE-RTT] CID:4 wall=1.2 ms  sim_delay=10.0 ms
>>> [UAV->CLOUD] BLK:140c|TX:7.0.0.8|CID:4|TS:8.990|SPD:19.9|HDG:-1.7|PX:179.6|PY:-50.0|L...
✓ [CAR 9] ACT=OK REP=0.941 RWD=1.000 PNL=0.000 CREDIT=13
✓ [CAR 4] ACT=OK REP=1.000 RWD=1.000 PNL=0.000 CREDIT=13
[PASSIVE-BEACON] SIMNOW:9.025 CID:0 ZONE:1 RXUAV:1 EDGEPORT:9998 TS:9.010 SPD:19.600 HDG:0.200 PX:179.900 PY:-10.000 LAN:1 BRK:0 RX_X:0.000 RX_Y:0.000 RX_Z:0.000
[ZONE-ROUTE] CID:0 zone=1 edge_port=9998
[EDGE-RTT] CID:0 wall=1.1 ms  sim_delay=10.0 ms
>>> [UAV->CLOUD] BLK:35ce|TX:7.0.0.4|CID:0|TS:9.010|SPD:19.6|HDG:0.2|PX:179.9|PY:-10.0|LA...
✓ [CAR 0] ACT=OK REP=1.000 RWD=1.000 PNL=0.000 CREDIT=13
[PASSIVE-BEACON] SIMNOW:9.086 CID:6 ZONE:1 RXUAV:1 EDGEPORT:9998 TS:9.072 SPD:20.400 HDG:-0.700 PX:201.500 PY:-20.000 LAN:2 BRK:0 RX_X:0.000 RX_Y:0.000 RX_Z:0.000
[ZONE-ROUTE] CID:6 zone=1 edge_port=9998
[EDGE-RTT] CID:6 wall=1.1 ms  sim_delay=10.0 ms
[TRUST-UPGRADE] CID:6 earned LANE_UPGRADE after 15 clean packets → lane 0 + 2.0 m/s
>>> [UAV->CLOUD] BLK:f9d6|TX:7.0.0.10|CID:6|TS:9.072|SPD:20.4|HDG:-0.7|PX:201.5|PY:-20.0|...
[PASSIVE-BEACON] SIMNOW:9.096 CID:5 ZONE:1 RXUAV:1 EDGEPORT:9998 TS:9.082 SPD:20.000 HDG:-0.800 PX:202.100 PY:-10.000 LAN:1 BRK:0 RX_X:0.000 RX_Y:0.000 RX_Z:0.000
[ZONE-ROUTE] CID:5 zone=1 edge_port=9998
[EDGE-RTT] CID:5 wall=1.1 ms  sim_delay=10.0 ms
>>> [UAV->CLOUD] BLK:8083|TX:7.0.0.9|CID:5|TS:9.082|SPD:20.0|HDG:-0.8|PX:202.1|PY:-10.0|L...
[TRUST-APPLIED] CID:6 LANE_UPGRADE → logical reward only; telemetry lane unchanged lane=2 speed unchanged=20.0 m/s [reward-speed disabled to avoid M1 false positive]
✓ [CAR 6] ACT=OK REP=0.500 RWD=1.500 PNL=0.000 CREDIT=15
✓ [CAR 6] ACT=OK REP=0.859 RWD=1.000 PNL=0.000 CREDIT=14
✓ [CAR 5] ACT=OK REP=0.857 RWD=1.000 PNL=0.000 CREDIT=13
[PASSIVE-BEACON] SIMNOW:9.344 CID:3 ZONE:1 RXUAV:1 EDGEPORT:9998 TS:9.330 SPD:19.600 HDG:-1.100 PX:186.200 PY:-40.000 LAN:4 BRK:1 RX_X:0.000 RX_Y:0.000 RX_Z:0.000
[ZONE-ROUTE] CID:3 zone=1 edge_port=9998
[EDGE-RTT] CID:3 wall=1.3 ms  sim_delay=10.0 ms
>>> [UAV->CLOUD] BLK:cd24|TX:7.0.0.7|CID:3|TS:9.330|SPD:19.6|HDG:-1.1|PX:186.2|PY:-40.0|L...
[PASSIVE-BEACON] SIMNOW:9.346 CID:7 ZONE:1 RXUAV:1 EDGEPORT:9998 TS:9.332 SPD:19.800 HDG:-1.200 PX:207.300 PY:-30.000 LAN:3 BRK:0 RX_X:0.000 RX_Y:0.000 RX_Z:0.000
[ZONE-ROUTE] CID:7 zone=1 edge_port=9998
[EDGE-RTT] CID:7 wall=1.3 ms  sim_delay=10.0 ms
[TRUST-UPGRADE] CID:7 earned LANE_UPGRADE after 15 clean packets → lane 0 + 2.0 m/s
>>> [UAV->CLOUD] BLK:ba29|TX:7.0.0.11|CID:7|TS:9.332|SPD:19.8|HDG:-1.2|PX:207.3|PY:-30.0|...
✓ [CAR 3] ACT=OK REP=1.000 RWD=1.000 PNL=0.000 CREDIT=13
[TRUST-APPLIED] CID:7 LANE_UPGRADE → logical reward only; telemetry lane unchanged lane=3 speed unchanged=20.000 m/s [reward-speed disabled to avoid M1 false positive]
✓ [CAR 7] ACT=OK REP=0.500 RWD=1.500 PNL=0.000 CREDIT=15
✓ [CAR 7] ACT=OK REP=0.697 RWD=1.000 PNL=0.000 CREDIT=14
[PASSIVE-BEACON] SIMNOW:9.384 CID:1 ZONE:1 RXUAV:1 EDGEPORT:9998 TS:9.370 SPD:20.300 HDG:-0.100 PX:187.200 PY:-20.000 LAN:2 BRK:0 RX_X:0.000 RX_Y:0.000 RX_Z:0.000
[ZONE-ROUTE] CID:1 zone=1 edge_port=9998
[EDGE-RTT] CID:1 wall=0.9 ms  sim_delay=10.0 ms
>>> [UAV->CLOUD] BLK:b5c5|TX:7.0.0.5|CID:1|TS:9.370|SPD:20.3|HDG:-0.1|PX:187.2|PY:-20.0|L...
✓ [CAR 1] ACT=OK REP=1.000 RWD=1.000 PNL=0.000 CREDIT=13
[PASSIVE-BEACON] SIMNOW:9.424 CID:2 ZONE:1 RXUAV:1 EDGEPORT:9998 TS:9.410 SPD:19.600 HDG:-1.100 PX:188.600 PY:-30.000 LAN:3 BRK:1 RX_X:0.000 RX_Y:0.000 RX_Z:0.000
[ZONE-ROUTE] CID:2 zone=1 edge_port=9998
[EDGE-RTT] CID:2 wall=1.1 ms  sim_delay=10.0 ms
>>> [UAV->CLOUD] BLK:e9de|TX:7.0.0.6|CID:2|TS:9.410|SPD:19.6|HDG:-1.1|PX:188.6|PY:-30.0|L...
[PASSIVE-BEACON] SIMNOW:9.436 CID:8 ZONE:1 RXUAV:1 EDGEPORT:9998 TS:9.422 SPD:20.000 HDG:-2.000 PX:208.800 PY:-40.000 LAN:4 BRK:0 RX_X:0.000 RX_Y:0.000 RX_Z:0.000
[ZONE-ROUTE] CID:8 zone=1 edge_port=9998
[EDGE-RTT] CID:8 wall=1.2 ms  sim_delay=10.0 ms
[TRUST-UPGRADE] CID:8 earned LANE_UPGRADE after 15 clean packets → lane 0 + 2.0 m/s
>>> [UAV->CLOUD] BLK:f630|TX:7.0.0.12|CID:8|TS:9.422|SPD:20.0|HDG:-2.0|PX:208.8|PY:-40.0|...
✓ [CAR 2] ACT=OK REP=0.902 RWD=1.000 PNL=0.000 CREDIT=13
[TRUST-APPLIED] CID:8 LANE_UPGRADE → logical reward only; telemetry lane unchanged lane=4 speed unchanged=20.000 m/s [reward-speed disabled to avoid M1 false positive]
✓ [CAR 8] ACT=OK REP=0.500 RWD=1.500 PNL=0.000 CREDIT=15
✓ [CAR 8] ACT=OK REP=0.888 RWD=1.000 PNL=0.000 CREDIT=14
[PASSIVE-BEACON] SIMNOW:9.504 CID:4 ZONE:1 RXUAV:1 EDGEPORT:9998 TS:9.490 SPD:20.000 HDG:0.400 PX:190.000 PY:-50.000 LAN:5 BRK:0 RX_X:0.000 RX_Y:0.000 RX_Z:0.000
[ZONE-ROUTE] CID:4 zone=1 edge_port=9998
[EDGE-RTT] CID:4 wall=1.1 ms  sim_delay=10.0 ms
[TRUST-UPGRADE] CID:4 earned LANE_UPGRADE after 15 clean packets → lane 0 + 2.0 m/s
>>> [UAV->CLOUD] BLK:476d|TX:7.0.0.8|CID:4|TS:9.490|SPD:20.0|HDG:0.4|PX:190.0|PY:-50.0|LA...
[TRUST-APPLIED] CID:4 LANE_UPGRADE → logical reward only; telemetry lane unchanged lane=5 speed unchanged=20.0 m/s [reward-speed disabled to avoid M1 false positive]
✓ [CAR 4] ACT=OK REP=0.500 RWD=1.500 PNL=0.000 CREDIT=15
✓ [CAR 4] ACT=OK REP=0.714 RWD=1.000 PNL=0.000 CREDIT=14
[PASSIVE-BEACON] SIMNOW:9.524 CID:0 ZONE:1 RXUAV:1 EDGEPORT:9998 TS:9.510 SPD:20.100 HDG:1.200 PX:190.700 PY:-10.000 LAN:1 BRK:1 RX_X:0.000 RX_Y:0.000 RX_Z:0.000
[ZONE-ROUTE] CID:0 zone=1 edge_port=9998
[EDGE-RTT] CID:0 wall=1.2 ms  sim_delay=10.0 ms
[TRUST-UPGRADE] CID:0 earned LANE_UPGRADE after 15 clean packets → lane 0 + 2.0 m/s
>>> [UAV->CLOUD] BLK:4280|TX:7.0.0.4|CID:0|TS:9.510|SPD:20.1|HDG:1.2|PX:190.7|PY:-10.0|LA...
[TRUST-APPLIED] CID:0 LANE_UPGRADE → logical reward only; telemetry lane unchanged lane=1 speed unchanged=20.0 m/s [reward-speed disabled to avoid M1 false positive]
✓ [CAR 0] ACT=OK REP=0.500 RWD=1.500 PNL=0.000 CREDIT=15
✓ [CAR 0] ACT=OK REP=1.000 RWD=1.000 PNL=0.000 CREDIT=14
[PASSIVE-BEACON] SIMNOW:9.586 CID:6 ZONE:1 RXUAV:1 EDGEPORT:9998 TS:9.572 SPD:19.900 HDG:0.600 PX:211.600 PY:-20.000 LAN:2 BRK:0 RX_X:0.000 RX_Y:0.000 RX_Z:0.000
[ZONE-ROUTE] CID:6 zone=1 edge_port=9998
[EDGE-RTT] CID:6 wall=1.3 ms  sim_delay=10.0 ms
>>> [UAV->CLOUD] BLK:a85e|TX:7.0.0.10|CID:6|TS:9.572|SPD:19.9|HDG:0.6|PX:211.6|PY:-20.0|L...
[PASSIVE-BEACON] SIMNOW:9.594 CID:5 ZONE:1 RXUAV:1 EDGEPORT:9998 TS:9.582 SPD:20.400 HDG:-0.400 PX:210.900 PY:-10.000 LAN:1 BRK:0 RX_X:0.000 RX_Y:0.000 RX_Z:0.000
[ZONE-ROUTE] CID:5 zone=1 edge_port=9998
[EDGE-RTT] CID:5 wall=1.0 ms  sim_delay=10.0 ms
[TRUST-UPGRADE] CID:5 earned LANE_UPGRADE after 15 clean packets → lane 0 + 2.0 m/s
>>> [UAV->CLOUD] BLK:32c3|TX:7.0.0.9|CID:5|TS:9.582|SPD:20.4|HDG:-0.4|PX:210.9|PY:-10.0|L...
✓ [CAR 6] ACT=OK REP=0.864 RWD=1.000 PNL=0.000 CREDIT=15
[TRUST-APPLIED] CID:5 LANE_UPGRADE → logical reward only; telemetry lane unchanged lane=1 speed unchanged=20.000 m/s [reward-speed disabled to avoid M1 false positive]
✓ [CAR 5] ACT=OK REP=0.500 RWD=1.500 PNL=0.000 CREDIT=15
✓ [CAR 5] ACT=OK REP=1.000 RWD=1.000 PNL=0.000 CREDIT=14
[PASSIVE-BEACON] SIMNOW:9.844 CID:3 ZONE:1 RXUAV:1 EDGEPORT:9998 TS:9.830 SPD:20.300 HDG:-1.500 PX:196.400 PY:-40.000 LAN:4 BRK:0 RX_X:0.000 RX_Y:0.000 RX_Z:0.000
[ZONE-ROUTE] CID:3 zone=1 edge_port=9998
[EDGE-RTT] CID:3 wall=1.3 ms  sim_delay=10.0 ms
[TRUST-UPGRADE] CID:3 earned LANE_UPGRADE after 15 clean packets → lane 0 + 2.0 m/s
>>> [UAV->CLOUD] BLK:6514|TX:7.0.0.7|CID:3|TS:9.830|SPD:20.3|HDG:-1.5|PX:196.4|PY:-40.0|L...
[PASSIVE-BEACON] SIMNOW:9.846 CID:7 ZONE:1 RXUAV:1 EDGEPORT:9998 TS:9.832 SPD:19.600 HDG:1.500 PX:217.000 PY:-30.000 LAN:3 BRK:0 RX_X:0.000 RX_Y:0.000 RX_Z:0.000
[ZONE-ROUTE] CID:7 zone=1 edge_port=9998
[EDGE-RTT] CID:7 wall=1.1 ms  sim_delay=10.0 ms
>>> [UAV->CLOUD] BLK:0f7e|TX:7.0.0.11|CID:7|TS:9.832|SPD:19.6|HDG:1.5|PX:217.0|PY:-30.0|L...
[TRUST-APPLIED] CID:3 LANE_UPGRADE → logical reward only; telemetry lane unchanged lane=4 speed unchanged=20.0 m/s [reward-speed disabled to avoid M1 false positive]
✓ [CAR 3] ACT=OK REP=0.500 RWD=1.500 PNL=0.000 CREDIT=15
✓ [CAR 3] ACT=OK REP=1.000 RWD=1.000 PNL=0.000 CREDIT=14
✓ [CAR 7] ACT=OK REP=0.969 RWD=1.000 PNL=0.000 CREDIT=15
[PASSIVE-BEACON] SIMNOW:9.884 CID:1 ZONE:1 RXUAV:1 EDGEPORT:9998 TS:9.870 SPD:20.400 HDG:-0.100 PX:197.700 PY:-20.000 LAN:2 BRK:0 RX_X:0.000 RX_Y:0.000 RX_Z:0.000
[ZONE-ROUTE] CID:1 zone=1 edge_port=9998
[EDGE-RTT] CID:1 wall=1.1 ms  sim_delay=10.0 ms
[TRUST-UPGRADE] CID:1 earned LANE_UPGRADE after 15 clean packets → lane 0 + 2.0 m/s
>>> [UAV->CLOUD] BLK:3eac|TX:7.0.0.5|CID:1|TS:9.870|SPD:20.4|HDG:-0.1|PX:197.7|PY:-20.0|L...
[TRUST-APPLIED] CID:1 LANE_UPGRADE → logical reward only; telemetry lane unchanged lane=2 speed unchanged=20.0 m/s [reward-speed disabled to avoid M1 false positive]
✓ [CAR 1] ACT=OK REP=0.500 RWD=1.500 PNL=0.000 CREDIT=15
✓ [CAR 1] ACT=OK REP=0.944 RWD=1.000 PNL=0.000 CREDIT=14
[PASSIVE-BEACON] SIMNOW:9.924 CID:2 ZONE:1 RXUAV:1 EDGEPORT:9998 TS:9.910 SPD:20.300 HDG:-1.000 PX:197.500 PY:-30.000 LAN:3 BRK:0 RX_X:0.000 RX_Y:0.000 RX_Z:0.000
[ZONE-ROUTE] CID:2 zone=1 edge_port=9998
[EDGE-RTT] CID:2 wall=1.2 ms  sim_delay=10.0 ms
[TRUST-UPGRADE] CID:2 earned LANE_UPGRADE after 15 clean packets → lane 0 + 2.0 m/s
>>> [UAV->CLOUD] BLK:0c6f|TX:7.0.0.6|CID:2|TS:9.910|SPD:20.3|HDG:-1.0|PX:197.5|PY:-30.0|L...
[PASSIVE-BEACON] SIMNOW:9.936 CID:8 ZONE:1 RXUAV:1 EDGEPORT:9998 TS:9.922 SPD:19.900 HDG:-1.400 PX:217.900 PY:-40.000 LAN:4 BRK:1 RX_X:0.000 RX_Y:0.000 RX_Z:0.000
[ZONE-ROUTE] CID:8 zone=1 edge_port=9998
[EDGE-RTT] CID:8 wall=1.1 ms  sim_delay=10.0 ms
>>> [UAV->CLOUD] BLK:93ca|TX:7.0.0.12|CID:8|TS:9.922|SPD:19.9|HDG:-1.4|PX:217.9|PY:-40.0|...
[TRUST-APPLIED] CID:2 LANE_UPGRADE → logical reward only; telemetry lane unchanged lane=3 speed unchanged=20.0 m/s [reward-speed disabled to avoid M1 false positive]
✓ [CAR 2] ACT=OK REP=0.500 RWD=1.500 PNL=0.000 CREDIT=15
✓ [CAR 2] ACT=OK REP=0.828 RWD=1.000 PNL=0.000 CREDIT=14
✓ [CAR 8] ACT=OK REP=0.785 RWD=1.000 PNL=0.000 CREDIT=15
[PASSIVE-BEACON] SIMNOW:10.004 CID:4 ZONE:1 RXUAV:1 EDGEPORT:9998 TS:9.990 SPD:20.200 HDG:-0.600 PX:200.100 PY:-50.000 LAN:5 BRK:1 RX_X:0.000 RX_Y:0.000 RX_Z:0.000
[ZONE-ROUTE] CID:4 zone=1 edge_port=9998
[EDGE-RTT] CID:4 wall=1.1 ms  sim_delay=10.0 ms
>>> [UAV->CLOUD] BLK:a935|TX:7.0.0.8|CID:4|TS:9.990|SPD:20.2|HDG:-0.6|PX:200.1|PY:-50.0|L...
✓ [CAR 4] ACT=OK REP=1.000 RWD=1.000 PNL=0.000 CREDIT=15
[PASSIVE-BEACON] SIMNOW:10.025 CID:0 ZONE:1 RXUAV:1 EDGEPORT:9998 TS:10.010 SPD:19.900 HDG:1.400 PX:200.700 PY:-10.000 LAN:1 BRK:0 RX_X:0.000 RX_Y:0.000 RX_Z:0.000
[ZONE-ROUTE] CID:0 zone=1 edge_port=9998
[EDGE-RTT] CID:0 wall=1.1 ms  sim_delay=10.0 ms
>>> [UAV->CLOUD] BLK:4579|TX:7.0.0.4|CID:0|TS:10.010|SPD:19.9|HDG:1.4|PX:200.7|PY:-10.0|L...
✓ [CAR 0] ACT=OK REP=0.947 RWD=1.000 PNL=0.000 CREDIT=15
[PASSIVE-BEACON] SIMNOW:10.086 CID:6 ZONE:1 RXUAV:1 EDGEPORT:9998 TS:10.072 SPD:19.800 HDG:-0.200 PX:221.200 PY:-20.000 LAN:2 BRK:1 RX_X:0.000 RX_Y:0.000 RX_Z:0.000
[ZONE-ROUTE] CID:6 zone=1 edge_port=9998
[EDGE-RTT] CID:6 wall=1.1 ms  sim_delay=10.0 ms
>>> [UAV->CLOUD] BLK:59f8|TX:7.0.0.10|CID:6|TS:10.072|SPD:19.8|HDG:-0.2|PX:221.2|PY:-20.0...
[PASSIVE-BEACON] SIMNOW:10.096 CID:5 ZONE:1 RXUAV:1 EDGEPORT:9998 TS:10.082 SPD:20.000 HDG:-1.500 PX:220.900 PY:-10.000 LAN:1 BRK:0 RX_X:0.000 RX_Y:0.000 RX_Z:0.000
[ZONE-ROUTE] CID:5 zone=1 edge_port=9998
[EDGE-RTT] CID:5 wall=1.1 ms  sim_delay=10.0 ms
>>> [UAV->CLOUD] BLK:82ad|TX:7.0.0.9|CID:5|TS:10.082|SPD:20.0|HDG:-1.5|PX:220.9|PY:-10.0|...
✓ [CAR 6] ACT=OK REP=0.889 RWD=1.000 PNL=0.000 CREDIT=16
✓ [CAR 5] ACT=OK REP=1.000 RWD=1.000 PNL=0.000 CREDIT=15
[PASSIVE-BEACON] SIMNOW:10.344 CID:3 ZONE:1 RXUAV:1 EDGEPORT:9998 TS:10.330 SPD:20.100 HDG:0.800 PX:206.800 PY:-40.000 LAN:4 BRK:1 RX_X:0.000 RX_Y:0.000 RX_Z:0.000
[ZONE-ROUTE] CID:3 zone=1 edge_port=9998
[EDGE-RTT] CID:3 wall=1.1 ms  sim_delay=10.0 ms
>>> [UAV->CLOUD] BLK:6784|TX:7.0.0.7|CID:3|TS:10.330|SPD:20.1|HDG:0.8|PX:206.8|PY:-40.0|L...
[PASSIVE-BEACON] SIMNOW:10.346 CID:7 ZONE:1 RXUAV:1 EDGEPORT:9998 TS:10.332 SPD:19.800 HDG:1.400 PX:226.500 PY:-30.000 LAN:3 BRK:0 RX_X:0.000 RX_Y:0.000 RX_Z:0.000
[ZONE-ROUTE] CID:7 zone=1 edge_port=9998
[EDGE-RTT] CID:7 wall=1.3 ms  sim_delay=10.0 ms
>>> [UAV->CLOUD] BLK:08f5|TX:7.0.0.11|CID:7|TS:10.332|SPD:19.8|HDG:1.4|PX:226.5|PY:-30.0|...
✓ [CAR 3] ACT=OK REP=0.857 RWD=1.000 PNL=0.000 CREDIT=15
✓ [CAR 7] ACT=OK REP=0.936 RWD=1.000 PNL=0.000 CREDIT=16
[PASSIVE-BEACON] SIMNOW:10.384 CID:1 ZONE:1 RXUAV:1 EDGEPORT:9998 TS:10.370 SPD:20.300 HDG:1.500 PX:207.800 PY:-20.000 LAN:2 BRK:1 RX_X:0.000 RX_Y:0.000 RX_Z:0.000
[ZONE-ROUTE] CID:1 zone=1 edge_port=9998
[EDGE-RTT] CID:1 wall=1.3 ms  sim_delay=10.0 ms
>>> [UAV->CLOUD] BLK:3d19|TX:7.0.0.5|CID:1|TS:10.370|SPD:20.3|HDG:1.5|PX:207.8|PY:-20.0|L...
✓ [CAR 1] ACT=OK REP=0.764 RWD=1.000 PNL=0.000 CREDIT=15
[PASSIVE-BEACON] SIMNOW:10.423 CID:2 ZONE:1 RXUAV:1 EDGEPORT:9998 TS:10.410 SPD:20.000 HDG:1.000 PX:208.700 PY:-30.000 LAN:3 BRK:1 RX_X:0.000 RX_Y:0.000 RX_Z:0.000
[ZONE-ROUTE] CID:2 zone=1 edge_port=9998
[EDGE-RTT] CID:2 wall=1.1 ms  sim_delay=10.0 ms
>>> [UAV->CLOUD] BLK:466b|TX:7.0.0.6|CID:2|TS:10.410|SPD:20.0|HDG:1.0|PX:208.7|PY:-30.0|L...
✓ [CAR 2] ACT=OK REP=0.917 RWD=1.000 PNL=0.000 CREDIT=15
[PASSIVE-BEACON] SIMNOW:10.436 CID:8 ZONE:1 RXUAV:1 EDGEPORT:9998 TS:10.422 SPD:20.500 HDG:0.200 PX:228.000 PY:-40.000 LAN:4 BRK:0 RX_X:0.000 RX_Y:0.000 RX_Z:0.000
[ZONE-ROUTE] CID:8 zone=1 edge_port=9998
[EDGE-RTT] CID:8 wall=1.1 ms  sim_delay=10.0 ms
>>> [UAV->CLOUD] BLK:c446|TX:7.0.0.12|CID:8|TS:10.422|SPD:20.5|HDG:0.2|PX:228.0|PY:-40.0|...
✓ [CAR 8] ACT=OK REP=0.594 RWD=1.000 PNL=0.000 CREDIT=16
[PASSIVE-BEACON] SIMNOW:10.504 CID:4 ZONE:1 RXUAV:1 EDGEPORT:9998 TS:10.490 SPD:19.700 HDG:-0.300 PX:210.400 PY:-50.000 LAN:5 BRK:0 RX_X:0.000 RX_Y:0.000 RX_Z:0.000
[ZONE-ROUTE] CID:4 zone=1 edge_port=9998
[EDGE-RTT] CID:4 wall=1.2 ms  sim_delay=10.0 ms
>>> [UAV->CLOUD] BLK:89f6|TX:7.0.0.8|CID:4|TS:10.490|SPD:19.7|HDG:-0.3|PX:210.4|PY:-50.0|...
✓ [CAR 4] ACT=OK REP=0.821 RWD=1.000 PNL=0.000 CREDIT=16
[PASSIVE-BEACON] SIMNOW:10.524 CID:0 ZONE:1 RXUAV:1 EDGEPORT:9998 TS:10.510 SPD:19.700 HDG:-1.600 PX:209.500 PY:-10.000 LAN:1 BRK:0 RX_X:0.000 RX_Y:0.000 RX_Z:0.000
[ZONE-ROUTE] CID:0 zone=1 edge_port=9998
[EDGE-RTT] CID:0 wall=1.2 ms  sim_delay=10.0 ms
>>> [UAV->CLOUD] BLK:3573|TX:7.0.0.4|CID:0|TS:10.510|SPD:19.7|HDG:-1.6|PX:209.5|PY:-10.0|...
✓ [CAR 0] ACT=OK REP=0.882 RWD=1.000 PNL=0.000 CREDIT=16
[PASSIVE-BEACON] SIMNOW:10.586 CID:6 ZONE:1 RXUAV:1 EDGEPORT:9998 TS:10.572 SPD:19.500 HDG:-1.100 PX:230.900 PY:-20.000 LAN:2 BRK:1 RX_X:0.000 RX_Y:0.000 RX_Z:0.000
[ZONE-ROUTE] CID:6 zone=1 edge_port=9998
[EDGE-RTT] CID:6 wall=1.3 ms  sim_delay=10.0 ms
>>> [UAV->CLOUD] BLK:cd74|TX:7.0.0.10|CID:6|TS:10.572|SPD:19.5|HDG:-1.1|PX:230.9|PY:-20.0...
[PASSIVE-BEACON] SIMNOW:10.596 CID:5 ZONE:1 RXUAV:1 EDGEPORT:9998 TS:10.582 SPD:20.400 HDG:0.800 PX:231.200 PY:-10.000 LAN:1 BRK:0 RX_X:0.000 RX_Y:0.000 RX_Z:0.000
[ZONE-ROUTE] CID:5 zone=1 edge_port=9998
[EDGE-RTT] CID:5 wall=1.1 ms  sim_delay=10.0 ms
>>> [UAV->CLOUD] BLK:d011|TX:7.0.0.9|CID:5|TS:10.582|SPD:20.4|HDG:0.8|PX:231.2|PY:-10.0|L...
✓ [CAR 6] ACT=OK REP=0.934 RWD=1.000 PNL=0.000 CREDIT=17
✓ [CAR 5] ACT=OK REP=0.975 RWD=1.000 PNL=0.000 CREDIT=16
[PASSIVE-BEACON] SIMNOW:10.844 CID:3 ZONE:1 RXUAV:1 EDGEPORT:9998 TS:10.830 SPD:19.900 HDG:0.100 PX:215.900 PY:-40.000 LAN:4 BRK:0 RX_X:0.000 RX_Y:0.000 RX_Z:0.000
[ZONE-ROUTE] CID:3 zone=1 edge_port=9998
[EDGE-RTT] CID:3 wall=1.1 ms  sim_delay=10.0 ms
>>> [UAV->CLOUD] BLK:baa2|TX:7.0.0.7|CID:3|TS:10.830|SPD:19.9|HDG:0.1|PX:215.9|PY:-40.0|L...
[PASSIVE-BEACON] SIMNOW:10.846 CID:7 ZONE:1 RXUAV:1 EDGEPORT:9998 TS:10.832 SPD:20.400 HDG:-1.500 PX:236.600 PY:-30.000 LAN:3 BRK:0 RX_X:0.000 RX_Y:0.000 RX_Z:0.000
[ZONE-ROUTE] CID:7 zone=1 edge_port=9998
[EDGE-RTT] CID:7 wall=1.2 ms  sim_delay=10.0 ms
>>> [UAV->CLOUD] BLK:be25|TX:7.0.0.11|CID:7|TS:10.832|SPD:20.4|HDG:-1.5|PX:236.6|PY:-30.0...
✓ [CAR 3] ACT=OK REP=0.680 RWD=1.000 PNL=0.000 CREDIT=16
✓ [CAR 7] ACT=OK REP=0.641 RWD=1.000 PNL=0.000 CREDIT=17
[PASSIVE-BEACON] SIMNOW:10.884 CID:1 ZONE:1 RXUAV:1 EDGEPORT:9998 TS:10.870 SPD:20.200 HDG:0.900 PX:217.000 PY:-20.000 LAN:2 BRK:0 RX_X:0.000 RX_Y:0.000 RX_Z:0.000
[ZONE-ROUTE] CID:1 zone=1 edge_port=9998
[EDGE-RTT] CID:1 wall=1.5 ms  sim_delay=10.0 ms
>>> [UAV->CLOUD] BLK:589e|TX:7.0.0.5|CID:1|TS:10.870|SPD:20.2|HDG:0.9|PX:217.0|PY:-20.0|L...
✓ [CAR 1] ACT=OK REP=1.000 RWD=1.000 PNL=0.000 CREDIT=16
[PASSIVE-BEACON] SIMNOW:10.924 CID:2 ZONE:1 RXUAV:1 EDGEPORT:9998 TS:10.910 SPD:20.000 HDG:-0.100 PX:218.400 PY:-30.000 LAN:3 BRK:1 RX_X:0.000 RX_Y:0.000 RX_Z:0.000
[ZONE-ROUTE] CID:2 zone=1 edge_port=9998
[EDGE-RTT] CID:2 wall=1.3 ms  sim_delay=10.0 ms
>>> [UAV->CLOUD] BLK:ed73|TX:7.0.0.6|CID:2|TS:10.910|SPD:20.0|HDG:-0.1|PX:218.4|PY:-30.0|...
[PASSIVE-BEACON] SIMNOW:10.936 CID:8 ZONE:1 RXUAV:1 EDGEPORT:9998 TS:10.922 SPD:20.100 HDG:0.300 PX:238.200 PY:-40.000 LAN:4 BRK:0 RX_X:0.000 RX_Y:0.000 RX_Z:0.000
[ZONE-ROUTE] CID:8 zone=1 edge_port=9998
[EDGE-RTT] CID:8 wall=1.5 ms  sim_delay=10.0 ms
>>> [UAV->CLOUD] BLK:2765|TX:7.0.0.12|CID:8|TS:10.922|SPD:20.1|HDG:0.3|PX:238.2|PY:-40.0|...
✓ [CAR 2] ACT=OK REP=0.644 RWD=1.000 PNL=0.000 CREDIT=16
✓ [CAR 8] ACT=OK REP=0.985 RWD=1.000 PNL=0.000 CREDIT=17
[PASSIVE-BEACON] SIMNOW:11.004 CID:4 ZONE:1 RXUAV:1 EDGEPORT:9998 TS:10.990 SPD:19.900 HDG:-1.500 PX:219.400 PY:-50.000 LAN:5 BRK:0 RX_X:0.000 RX_Y:0.000 RX_Z:0.000
[ZONE-ROUTE] CID:4 zone=1 edge_port=9998
[EDGE-RTT] CID:4 wall=1.3 ms  sim_delay=10.0 ms
>>> [UAV->CLOUD] BLK:fb7d|TX:7.0.0.8|CID:4|TS:10.990|SPD:19.9|HDG:-1.5|PX:219.4|PY:-50.0|...
✓ [CAR 4] ACT=OK REP=0.992 RWD=1.000 PNL=0.000 CREDIT=17
[PASSIVE-BEACON] SIMNOW:11.025 CID:0 ZONE:1 RXUAV:1 EDGEPORT:9998 TS:11.010 SPD:19.500 HDG:-0.100 PX:220.300 PY:-10.000 LAN:1 BRK:0 RX_X:0.000 RX_Y:0.000 RX_Z:0.000
[ZONE-ROUTE] CID:0 zone=1 edge_port=9998
[EDGE-RTT] CID:0 wall=1.2 ms  sim_delay=10.0 ms
>>> [UAV->CLOUD] BLK:73a7|TX:7.0.0.4|CID:0|TS:11.010|SPD:19.5|HDG:-0.1|PX:220.3|PY:-10.0|...
✓ [CAR 0] ACT=OK REP=0.841 RWD=1.000 PNL=0.000 CREDIT=17
[PASSIVE-BEACON] SIMNOW:11.086 CID:6 ZONE:1 RXUAV:1 EDGEPORT:9998 TS:11.072 SPD:19.900 HDG:-0.700 PX:240.900 PY:-20.000 LAN:2 BRK:0 RX_X:0.000 RX_Y:0.000 RX_Z:0.000
[ZONE-ROUTE] CID:6 zone=1 edge_port=9998
[EDGE-RTT] CID:6 wall=1.2 ms  sim_delay=10.0 ms
>>> [UAV->CLOUD] BLK:37c1|TX:7.0.0.10|CID:6|TS:11.072|SPD:19.9|HDG:-0.7|PX:240.9|PY:-20.0...
[PASSIVE-BEACON] SIMNOW:11.095 CID:5 ZONE:1 RXUAV:1 EDGEPORT:9998 TS:11.082 SPD:20.000 HDG:-1.600 PX:242.300 PY:-10.000 LAN:1 BRK:1 RX_X:0.000 RX_Y:0.000 RX_Z:0.000
[ZONE-ROUTE] CID:5 zone=1 edge_port=9998
[EDGE-RTT] CID:5 wall=1.5 ms  sim_delay=10.0 ms
>>> [UAV->CLOUD] BLK:d650|TX:7.0.0.9|CID:5|TS:11.082|SPD:20.0|HDG:-1.6|PX:242.3|PY:-10.0|...
✓ [CAR 6] ACT=OK REP=0.935 RWD=1.000 PNL=0.000 CREDIT=18
✓ [CAR 5] ACT=OK REP=0.848 RWD=1.000 PNL=0.000 CREDIT=17
[PASSIVE-BEACON] SIMNOW:11.344 CID:3 ZONE:1 RXUAV:1 EDGEPORT:9998 TS:11.330 SPD:20.000 HDG:-0.400 PX:226.400 PY:-40.000 LAN:4 BRK:0 RX_X:0.000 RX_Y:0.000 RX_Z:0.000
[ZONE-ROUTE] CID:3 zone=1 edge_port=9998
[EDGE-RTT] CID:3 wall=1.1 ms  sim_delay=10.0 ms
>>> [UAV->CLOUD] BLK:1ed6|TX:7.0.0.7|CID:3|TS:11.330|SPD:20.0|HDG:-0.4|PX:226.4|PY:-40.0|...
[PASSIVE-BEACON] SIMNOW:11.346 CID:7 ZONE:1 RXUAV:1 EDGEPORT:9998 TS:11.332 SPD:19.600 HDG:-1.500 PX:246.500 PY:-30.000 LAN:3 BRK:0 RX_X:0.000 RX_Y:0.000 RX_Z:0.000
[ZONE-ROUTE] CID:7 zone=1 edge_port=9998
[EDGE-RTT] CID:7 wall=1.3 ms  sim_delay=10.0 ms
>>> [UAV->CLOUD] BLK:783b|TX:7.0.0.11|CID:7|TS:11.332|SPD:19.6|HDG:-1.5|PX:246.5|PY:-30.0...
✓ [CAR 3] ACT=OK REP=0.968 RWD=1.000 PNL=0.000 CREDIT=17
✓ [CAR 7] ACT=OK REP=0.802 RWD=1.000 PNL=0.000 CREDIT=18
[PASSIVE-BEACON] SIMNOW:11.384 CID:1 ZONE:1 RXUAV:1 EDGEPORT:9998 TS:11.370 SPD:19.900 HDG:-1.400 PX:227.100 PY:-20.000 LAN:2 BRK:0 RX_X:0.000 RX_Y:0.000 RX_Z:0.000
[ZONE-ROUTE] CID:1 zone=1 edge_port=9998
[EDGE-RTT] CID:1 wall=1.3 ms  sim_delay=10.0 ms
>>> [UAV->CLOUD] BLK:8b44|TX:7.0.0.5|CID:1|TS:11.370|SPD:19.9|HDG:-1.4|PX:227.1|PY:-20.0|...
✓ [CAR 1] ACT=OK REP=0.802 RWD=1.000 PNL=0.000 CREDIT=17
[PASSIVE-BEACON] SIMNOW:11.424 CID:2 ZONE:1 RXUAV:1 EDGEPORT:9998 TS:11.410 SPD:19.700 HDG:-0.700 PX:228.000 PY:-30.000 LAN:3 BRK:0 RX_X:0.000 RX_Y:0.000 RX_Z:0.000
[ZONE-ROUTE] CID:2 zone=1 edge_port=9998
[EDGE-RTT] CID:2 wall=1.2 ms  sim_delay=10.0 ms
>>> [UAV->CLOUD] BLK:e1cd|TX:7.0.0.6|CID:2|TS:11.410|SPD:19.7|HDG:-0.7|PX:228.0|PY:-30.0|...
[PASSIVE-BEACON] SIMNOW:11.436 CID:8 ZONE:1 RXUAV:1 EDGEPORT:9998 TS:11.422 SPD:20.200 HDG:0.900 PX:248.200 PY:-40.000 LAN:4 BRK:0 RX_X:0.000 RX_Y:0.000 RX_Z:0.000
[ZONE-ROUTE] CID:8 zone=1 edge_port=9998
[EDGE-RTT] CID:8 wall=1.4 ms  sim_delay=10.0 ms
>>> [UAV->CLOUD] BLK:8293|TX:7.0.0.12|CID:8|TS:11.422|SPD:20.2|HDG:0.9|PX:248.2|PY:-40.0|...
✓ [CAR 2] ACT=OK REP=0.846 RWD=1.000 PNL=0.000 CREDIT=17
✓ [CAR 8] ACT=OK REP=0.964 RWD=1.000 PNL=0.000 CREDIT=18
[PASSIVE-BEACON] SIMNOW:11.504 CID:4 ZONE:1 RXUAV:1 EDGEPORT:9998 TS:11.490 SPD:19.800 HDG:-1.700 PX:229.600 PY:-50.000 LAN:5 BRK:0 RX_X:0.000 RX_Y:0.000 RX_Z:0.000
[ZONE-ROUTE] CID:4 zone=1 edge_port=9998
[EDGE-RTT] CID:4 wall=1.2 ms  sim_delay=10.0 ms
>>> [UAV->CLOUD] BLK:5e01|TX:7.0.0.8|CID:4|TS:11.490|SPD:19.8|HDG:-1.7|PX:229.6|PY:-50.0|...
✓ [CAR 4] ACT=OK REP=1.000 RWD=1.000 PNL=0.000 CREDIT=18
[PASSIVE-BEACON] SIMNOW:11.524 CID:0 ZONE:1 RXUAV:1 EDGEPORT:9998 TS:11.510 SPD:20.400 HDG:-1.400 PX:230.800 PY:-10.000 LAN:1 BRK:0 RX_X:0.000 RX_Y:0.000 RX_Z:0.000
[ZONE-ROUTE] CID:0 zone=1 edge_port=9998
[EDGE-RTT] CID:0 wall=1.1 ms  sim_delay=10.0 ms
>>> [UAV->CLOUD] BLK:2bd0|TX:7.0.0.4|CID:0|TS:11.510|SPD:20.4|HDG:-1.4|PX:230.8|PY:-10.0|...
✓ [CAR 0] ACT=OK REP=1.000 RWD=1.000 PNL=0.000 CREDIT=18
[PASSIVE-BEACON] SIMNOW:11.586 CID:6 ZONE:1 RXUAV:1 EDGEPORT:9998 TS:11.572 SPD:20.000 HDG:-1.800 PX:250.800 PY:-20.000 LAN:2 BRK:0 RX_X:0.000 RX_Y:0.000 RX_Z:0.000
[ZONE-ROUTE] CID:6 zone=1 edge_port=9998
[EDGE-RTT] CID:6 wall=1.3 ms  sim_delay=10.0 ms
[TRUST-UPGRADE] CID:6 earned REDUCE_SCRUTINY after 20 clean packets → latency × 0.5
>>> [UAV->CLOUD] BLK:5bda|TX:7.0.0.10|CID:6|TS:11.572|SPD:20.0|HDG:-1.8|PX:250.8|PY:-20.0...
[PASSIVE-BEACON] SIMNOW:11.596 CID:5 ZONE:1 RXUAV:1 EDGEPORT:9998 TS:11.582 SPD:19.900 HDG:0.200 PX:251.100 PY:-10.000 LAN:1 BRK:0 RX_X:0.000 RX_Y:0.000 RX_Z:0.000
[ZONE-ROUTE] CID:5 zone=1 edge_port=9998
[EDGE-RTT] CID:5 wall=1.3 ms  sim_delay=10.0 ms
>>> [UAV->CLOUD] BLK:6499|TX:7.0.0.9|CID:5|TS:11.582|SPD:19.9|HDG:0.2|PX:251.1|PY:-10.0|L...
[TRUST-APPLIED] CID:6 REDUCE_SCRUTINY → latency=5.0ms (was 10.0ms)
✓ [CAR 6] ACT=OK REP=0.500 RWD=1.500 PNL=0.000 CREDIT=20
✓ [CAR 6] ACT=OK REP=0.904 RWD=1.000 PNL=0.000 CREDIT=19
✓ [CAR 5] ACT=OK REP=0.846 RWD=1.000 PNL=0.000 CREDIT=18
[PASSIVE-BEACON] SIMNOW:11.844 CID:3 ZONE:1 RXUAV:1 EDGEPORT:9998 TS:11.830 SPD:20.300 HDG:-0.800 PX:236.100 PY:-40.000 LAN:4 BRK:0 RX_X:0.000 RX_Y:0.000 RX_Z:0.000
[ZONE-ROUTE] CID:3 zone=1 edge_port=9998
[EDGE-RTT] CID:3 wall=1.5 ms  sim_delay=10.0 ms
>>> [UAV->CLOUD] BLK:25bb|TX:7.0.0.7|CID:3|TS:11.830|SPD:20.3|HDG:-0.8|PX:236.1|PY:-40.0|...
[PASSIVE-BEACON] SIMNOW:11.846 CID:7 ZONE:1 RXUAV:1 EDGEPORT:9998 TS:11.832 SPD:20.200 HDG:0.900 PX:256.000 PY:-30.000 LAN:3 BRK:0 RX_X:0.000 RX_Y:0.000 RX_Z:0.000
[ZONE-ROUTE] CID:7 zone=1 edge_port=9998
[EDGE-RTT] CID:7 wall=1.2 ms  sim_delay=10.0 ms
[TRUST-UPGRADE] CID:7 earned REDUCE_SCRUTINY after 20 clean packets → latency × 0.5
>>> [UAV->CLOUD] BLK:b4a0|TX:7.0.0.11|CID:7|TS:11.832|SPD:20.2|HDG:0.9|PX:256.0|PY:-30.0|...
✓ [CAR 3] ACT=OK REP=0.731 RWD=1.000 PNL=0.000 CREDIT=18
[TRUST-APPLIED] CID:7 REDUCE_SCRUTINY → latency=5.000ms (was 10.000ms)
✓ [CAR 7] ACT=OK REP=0.500 RWD=1.500 PNL=0.000 CREDIT=20
✓ [CAR 7] ACT=OK REP=0.937 RWD=1.000 PNL=0.000 CREDIT=19
[PASSIVE-BEACON] SIMNOW:11.884 CID:1 ZONE:1 RXUAV:1 EDGEPORT:9998 TS:11.870 SPD:19.900 HDG:0.800 PX:236.700 PY:-20.000 LAN:2 BRK:0 RX_X:0.000 RX_Y:0.000 RX_Z:0.000
[ZONE-ROUTE] CID:1 zone=1 edge_port=9998
[EDGE-RTT] CID:1 wall=1.0 ms  sim_delay=10.0 ms
>>> [UAV->CLOUD] BLK:d249|TX:7.0.0.5|CID:1|TS:11.870|SPD:19.9|HDG:0.8|PX:236.7|PY:-20.0|L...
✓ [CAR 1] ACT=OK REP=1.000 RWD=1.000 PNL=0.000 CREDIT=18
[PASSIVE-BEACON] SIMNOW:11.924 CID:2 ZONE:1 RXUAV:1 EDGEPORT:9998 TS:11.910 SPD:20.400 HDG:1.100 PX:237.900 PY:-30.000 LAN:3 BRK:1 RX_X:0.000 RX_Y:0.000 RX_Z:0.000
[ZONE-ROUTE] CID:2 zone=1 edge_port=9998
[EDGE-RTT] CID:2 wall=1.1 ms  sim_delay=10.0 ms
>>> [UAV->CLOUD] BLK:b450|TX:7.0.0.6|CID:2|TS:11.910|SPD:20.4|HDG:1.1|PX:237.9|PY:-30.0|L...
[PASSIVE-BEACON] SIMNOW:11.936 CID:8 ZONE:1 RXUAV:1 EDGEPORT:9998 TS:11.922 SPD:20.000 HDG:-2.000 PX:258.300 PY:-40.000 LAN:4 BRK:0 RX_X:0.000 RX_Y:0.000 RX_Z:0.000
[ZONE-ROUTE] CID:8 zone=1 edge_port=9998
[EDGE-RTT] CID:8 wall=1.2 ms  sim_delay=10.0 ms
[TRUST-UPGRADE] CID:8 earned REDUCE_SCRUTINY after 20 clean packets → latency × 0.5
>>> [UAV->CLOUD] BLK:d77d|TX:7.0.0.12|CID:8|TS:11.922|SPD:20.0|HDG:-2.0|PX:258.3|PY:-40.0...
✓ [CAR 2] ACT=OK REP=1.000 RWD=1.000 PNL=0.000 CREDIT=18
[TRUST-APPLIED] CID:8 REDUCE_SCRUTINY → latency=5.000ms (was 10.000ms)
✓ [CAR 8] ACT=OK REP=0.500 RWD=1.500 PNL=0.000 CREDIT=20
✓ [CAR 8] ACT=OK REP=0.983 RWD=1.000 PNL=0.000 CREDIT=19
[PASSIVE-BEACON] SIMNOW:12.004 CID:4 ZONE:1 RXUAV:1 EDGEPORT:9998 TS:11.990 SPD:20.100 HDG:-1.100 PX:239.700 PY:-50.000 LAN:5 BRK:0 RX_X:0.000 RX_Y:0.000 RX_Z:0.000
[ZONE-ROUTE] CID:4 zone=1 edge_port=9998
[EDGE-RTT] CID:4 wall=1.3 ms  sim_delay=10.0 ms
[TRUST-UPGRADE] CID:4 earned REDUCE_SCRUTINY after 20 clean packets → latency × 0.5
>>> [UAV->CLOUD] BLK:5515|TX:7.0.0.8|CID:4|TS:11.990|SPD:20.1|HDG:-1.1|PX:239.7|PY:-50.0|...
[TRUST-APPLIED] CID:4 REDUCE_SCRUTINY → latency=5.0ms (was 10.0ms)
✓ [CAR 4] ACT=OK REP=0.500 RWD=1.500 PNL=0.000 CREDIT=20
✓ [CAR 4] ACT=OK REP=0.671 RWD=1.000 PNL=0.000 CREDIT=19
[PASSIVE-BEACON] SIMNOW:12.025 CID:0 ZONE:1 RXUAV:1 EDGEPORT:9998 TS:12.010 SPD:19.600 HDG:-0.200 PX:240.400 PY:-10.000 LAN:1 BRK:1 RX_X:0.000 RX_Y:0.000 RX_Z:0.000
[ZONE-ROUTE] CID:0 zone=1 edge_port=9998
[EDGE-RTT] CID:0 wall=1.3 ms  sim_delay=10.0 ms
[TRUST-UPGRADE] CID:0 earned REDUCE_SCRUTINY after 20 clean packets → latency × 0.5
>>> [UAV->CLOUD] BLK:29b3|TX:7.0.0.4|CID:0|TS:12.010|SPD:19.6|HDG:-0.2|PX:240.4|PY:-10.0|...
[TRUST-APPLIED] CID:0 REDUCE_SCRUTINY → latency=5.0ms (was 10.0ms)
✓ [CAR 0] ACT=OK REP=0.500 RWD=1.500 PNL=0.000 CREDIT=20
✓ [CAR 0] ACT=OK REP=0.835 RWD=1.000 PNL=0.000 CREDIT=19
[PASSIVE-BEACON] SIMNOW:12.086 CID:6 ZONE:1 RXUAV:1 EDGEPORT:9998 TS:12.072 SPD:19.800 HDG:-0.200 PX:261.200 PY:-20.000 LAN:2 BRK:0 RX_X:0.000 RX_Y:0.000 RX_Z:0.000
[ZONE-ROUTE] CID:6 zone=1 edge_port=9998
[EDGE-RTT] CID:6 wall=1.2 ms  sim_delay=5.0 ms
>>> [UAV->CLOUD] BLK:b491|TX:7.0.0.10|CID:6|TS:12.072|SPD:19.8|HDG:-0.2|PX:261.2|PY:-20.0...
[PASSIVE-BEACON] SIMNOW:12.096 CID:5 ZONE:1 RXUAV:1 EDGEPORT:9998 TS:12.082 SPD:19.800 HDG:0.200 PX:261.800 PY:-10.000 LAN:1 BRK:0 RX_X:0.000 RX_Y:0.000 RX_Z:0.000
[ZONE-ROUTE] CID:5 zone=1 edge_port=9998
[EDGE-RTT] CID:5 wall=0.9 ms  sim_delay=10.0 ms
[TRUST-UPGRADE] CID:5 earned REDUCE_SCRUTINY after 20 clean packets → latency × 0.5
>>> [UAV->CLOUD] BLK:a3fc|TX:7.0.0.9|CID:5|TS:12.082|SPD:19.8|HDG:0.2|PX:261.8|PY:-10.0|L...
✓ [CAR 6] ACT=OK REP=1.000 RWD=1.000 PNL=0.000 CREDIT=20
[TRUST-APPLIED] CID:5 REDUCE_SCRUTINY → latency=5.000ms (was 10.000ms)
✓ [CAR 5] ACT=OK REP=0.500 RWD=1.500 PNL=0.000 CREDIT=20
✓ [CAR 5] ACT=OK REP=0.943 RWD=1.000 PNL=0.000 CREDIT=19
[PASSIVE-BEACON] SIMNOW:12.344 CID:3 ZONE:1 RXUAV:1 EDGEPORT:9998 TS:12.330 SPD:19.700 HDG:1.800 PX:247.300 PY:-40.000 LAN:4 BRK:0 RX_X:0.000 RX_Y:0.000 RX_Z:0.000
[ZONE-ROUTE] CID:3 zone=1 edge_port=9998
[EDGE-RTT] CID:3 wall=1.2 ms  sim_delay=10.0 ms
[TRUST-UPGRADE] CID:3 earned REDUCE_SCRUTINY after 20 clean packets → latency × 0.5
>>> [UAV->CLOUD] BLK:8313|TX:7.0.0.7|CID:3|TS:12.330|SPD:19.7|HDG:1.8|PX:247.3|PY:-40.0|L...
[PASSIVE-BEACON] SIMNOW:12.346 CID:7 ZONE:1 RXUAV:1 EDGEPORT:9998 TS:12.332 SPD:20.500 HDG:-1.000 PX:266.400 PY:-30.000 LAN:3 BRK:0 RX_X:0.000 RX_Y:0.000 RX_Z:0.000
[ZONE-ROUTE] CID:7 zone=1 edge_port=9998
[EDGE-RTT] CID:7 wall=1.0 ms  sim_delay=5.0 ms
>>> [UAV->CLOUD] BLK:d4c5|TX:7.0.0.11|CID:7|TS:12.332|SPD:20.5|HDG:-1.0|PX:266.4|PY:-30.0...
[TRUST-APPLIED] CID:3 REDUCE_SCRUTINY → latency=5.0ms (was 10.0ms)
✓ [CAR 3] ACT=OK REP=0.500 RWD=1.500 PNL=0.000 CREDIT=20
✓ [CAR 3] ACT=OK REP=0.913 RWD=1.000 PNL=0.000 CREDIT=19
✓ [CAR 7] ACT=OK REP=0.788 RWD=1.000 PNL=0.000 CREDIT=20
[PASSIVE-BEACON] SIMNOW:12.384 CID:1 ZONE:1 RXUAV:1 EDGEPORT:9998 TS:12.370 SPD:20.200 HDG:-0.300 PX:247.100 PY:-20.000 LAN:2 BRK:0 RX_X:0.000 RX_Y:0.000 RX_Z:0.000
[ZONE-ROUTE] CID:1 zone=1 edge_port=9998
[EDGE-RTT] CID:1 wall=1.0 ms  sim_delay=10.0 ms
[TRUST-UPGRADE] CID:1 earned REDUCE_SCRUTINY after 20 clean packets → latency × 0.5
>>> [UAV->CLOUD] BLK:5d80|TX:7.0.0.5|CID:1|TS:12.370|SPD:20.2|HDG:-0.3|PX:247.1|PY:-20.0|...
[TRUST-APPLIED] CID:1 REDUCE_SCRUTINY → latency=5.0ms (was 10.0ms)
✓ [CAR 1] ACT=OK REP=0.500 RWD=1.500 PNL=0.000 CREDIT=20
✓ [CAR 1] ACT=OK REP=0.977 RWD=1.000 PNL=0.000 CREDIT=19
[PASSIVE-BEACON] SIMNOW:12.424 CID:2 ZONE:1 RXUAV:1 EDGEPORT:9998 TS:12.410 SPD:20.400 HDG:-0.200 PX:247.500 PY:-30.000 LAN:3 BRK:0 RX_X:0.000 RX_Y:0.000 RX_Z:0.000
[ZONE-ROUTE] CID:2 zone=1 edge_port=9998
[EDGE-RTT] CID:2 wall=1.1 ms  sim_delay=10.0 ms
[TRUST-UPGRADE] CID:2 earned REDUCE_SCRUTINY after 20 clean packets → latency × 0.5
>>> [UAV->CLOUD] BLK:a9fe|TX:7.0.0.6|CID:2|TS:12.410|SPD:20.4|HDG:-0.2|PX:247.5|PY:-30.0|...
[PASSIVE-BEACON] SIMNOW:12.436 CID:8 ZONE:1 RXUAV:1 EDGEPORT:9998 TS:12.422 SPD:20.000 HDG:-1.700 PX:269.000 PY:-40.000 LAN:4 BRK:0 RX_X:0.000 RX_Y:0.000 RX_Z:0.000
[ZONE-ROUTE] CID:8 zone=1 edge_port=9998
[EDGE-RTT] CID:8 wall=1.0 ms  sim_delay=5.0 ms
>>> [UAV->CLOUD] BLK:ec24|TX:7.0.0.12|CID:8|TS:12.422|SPD:20.0|HDG:-1.7|PX:269.0|PY:-40.0...
[TRUST-APPLIED] CID:2 REDUCE_SCRUTINY → latency=5.0ms (was 10.0ms)
✓ [CAR 2] ACT=OK REP=0.500 RWD=1.500 PNL=0.000 CREDIT=20
✓ [CAR 2] ACT=OK REP=0.836 RWD=1.000 PNL=0.000 CREDIT=19
✓ [CAR 8] ACT=OK REP=0.734 RWD=1.000 PNL=0.000 CREDIT=20
[PASSIVE-BEACON] SIMNOW:12.504 CID:4 ZONE:1 RXUAV:1 EDGEPORT:9998 TS:12.490 SPD:20.500 HDG:-1.400 PX:249.800 PY:-50.000 LAN:5 BRK:0 RX_X:0.000 RX_Y:0.000 RX_Z:0.000
[ZONE-ROUTE] CID:4 zone=1 edge_port=9998
[EDGE-RTT] CID:4 wall=1.3 ms  sim_delay=5.0 ms
>>> [UAV->CLOUD] BLK:f3c5|TX:7.0.0.8|CID:4|TS:12.490|SPD:20.5|HDG:-1.4|PX:249.8|PY:-50.0|...
✓ [CAR 4] ACT=OK REP=1.000 RWD=1.000 PNL=0.000 CREDIT=20
[PASSIVE-BEACON] SIMNOW:12.524 CID:0 ZONE:1 RXUAV:1 EDGEPORT:9998 TS:12.510 SPD:19.900 HDG:-0.800 PX:250.900 PY:-10.000 LAN:1 BRK:1 RX_X:0.000 RX_Y:0.000 RX_Z:0.000
[ZONE-ROUTE] CID:0 zone=1 edge_port=9998
[EDGE-RTT] CID:0 wall=1.0 ms  sim_delay=5.0 ms
>>> [UAV->CLOUD] BLK:09a9|TX:7.0.0.4|CID:0|TS:12.510|SPD:19.9|HDG:-0.8|PX:250.9|PY:-10.0|...
✓ [CAR 0] ACT=OK REP=0.812 RWD=1.000 PNL=0.000 CREDIT=20
[PASSIVE-BEACON] SIMNOW:12.586 CID:6 ZONE:1 RXUAV:1 EDGEPORT:9998 TS:12.572 SPD:20.300 HDG:1.700 PX:271.500 PY:-20.000 LAN:2 BRK:0 RX_X:0.000 RX_Y:0.000 RX_Z:0.000
[ZONE-ROUTE] CID:6 zone=1 edge_port=9998
[EDGE-RTT] CID:6 wall=1.2 ms  sim_delay=5.0 ms
>>> [UAV->CLOUD] BLK:2b2e|TX:7.0.0.10|CID:6|TS:12.572|SPD:20.3|HDG:1.7|PX:271.5|PY:-20.0|...
[PASSIVE-BEACON] SIMNOW:12.595 CID:5 ZONE:1 RXUAV:1 EDGEPORT:9998 TS:12.582 SPD:19.900 HDG:0.100 PX:271.800 PY:-10.000 LAN:1 BRK:0 RX_X:0.000 RX_Y:0.000 RX_Z:0.000
[ZONE-ROUTE] CID:5 zone=1 edge_port=9998
[EDGE-RTT] CID:5 wall=1.2 ms  sim_delay=5.0 ms
>>> [UAV->CLOUD] BLK:5d45|TX:7.0.0.9|CID:5|TS:12.582|SPD:19.9|HDG:0.1|PX:271.8|PY:-10.0|L...
✓ [CAR 6] ACT=OK REP=0.902 RWD=1.000 PNL=0.000 CREDIT=21
✓ [CAR 5] ACT=OK REP=0.869 RWD=1.000 PNL=0.000 CREDIT=20
[PASSIVE-BEACON] SIMNOW:12.842 CID:3 ZONE:1 RXUAV:1 EDGEPORT:9998 TS:12.830 SPD:20.300 HDG:-1.800 PX:256.600 PY:-40.000 LAN:4 BRK:0 RX_X:0.000 RX_Y:0.000 RX_Z:0.000
[ZONE-ROUTE] CID:3 zone=1 edge_port=9998
[EDGE-RTT] CID:3 wall=1.2 ms  sim_delay=5.0 ms
>>> [UAV->CLOUD] BLK:ee23|TX:7.0.0.7|CID:3|TS:12.830|SPD:20.3|HDG:-1.8|PX:256.6|PY:-40.0|...
[PASSIVE-BEACON] SIMNOW:12.846 CID:7 ZONE:1 RXUAV:1 EDGEPORT:9998 TS:12.832 SPD:20.100 HDG:-1.700 PX:277.300 PY:-30.000 LAN:3 BRK:0 RX_X:0.000 RX_Y:0.000 RX_Z:0.000
[ZONE-ROUTE] CID:7 zone=1 edge_port=9998
[EDGE-RTT] CID:7 wall=1.2 ms  sim_delay=5.0 ms
>>> [UAV->CLOUD] BLK:3fcf|TX:7.0.0.11|CID:7|TS:12.832|SPD:20.1|HDG:-1.7|PX:277.3|PY:-30.0...
✓ [CAR 3] ACT=OK REP=1.000 RWD=1.000 PNL=0.000 CREDIT=20
✓ [CAR 7] ACT=OK REP=0.856 RWD=1.000 PNL=0.000 CREDIT=21
[PASSIVE-BEACON] SIMNOW:12.884 CID:1 ZONE:1 RXUAV:1 EDGEPORT:9998 TS:12.870 SPD:19.700 HDG:1.200 PX:257.500 PY:-20.000 LAN:2 BRK:0 RX_X:0.000 RX_Y:0.000 RX_Z:0.000
[ZONE-ROUTE] CID:1 zone=1 edge_port=9998
[EDGE-RTT] CID:1 wall=1.1 ms  sim_delay=5.0 ms
>>> [UAV->CLOUD] BLK:d370|TX:7.0.0.5|CID:1|TS:12.870|SPD:19.7|HDG:1.2|PX:257.5|PY:-20.0|L...
✓ [CAR 1] ACT=OK REP=0.926 RWD=1.000 PNL=0.000 CREDIT=20
[PASSIVE-BEACON] SIMNOW:12.924 CID:2 ZONE:1 RXUAV:1 EDGEPORT:9998 TS:12.910 SPD:20.400 HDG:1.500 PX:258.500 PY:-30.000 LAN:3 BRK:0 RX_X:0.000 RX_Y:0.000 RX_Z:0.000
[ZONE-ROUTE] CID:2 zone=1 edge_port=9998
[EDGE-RTT] CID:2 wall=1.2 ms  sim_delay=5.0 ms
>>> [UAV->CLOUD] BLK:7aa3|TX:7.0.0.6|CID:2|TS:12.910|SPD:20.4|HDG:1.5|PX:258.5|PY:-30.0|L...
[PASSIVE-BEACON] SIMNOW:12.936 CID:8 ZONE:1 RXUAV:1 EDGEPORT:9998 TS:12.922 SPD:19.700 HDG:1.700 PX:278.400 PY:-40.000 LAN:4 BRK:0 RX_X:0.000 RX_Y:0.000 RX_Z:0.000
[ZONE-ROUTE] CID:8 zone=1 edge_port=9998
[EDGE-RTT] CID:8 wall=1.2 ms  sim_delay=5.0 ms
>>> [UAV->CLOUD] BLK:4ceb|TX:7.0.0.12|CID:8|TS:12.922|SPD:19.7|HDG:1.7|PX:278.4|PY:-40.0|...
✓ [CAR 2] ACT=OK REP=1.000 RWD=1.000 PNL=0.000 CREDIT=20
✓ [CAR 8] ACT=OK REP=1.000 RWD=1.000 PNL=0.000 CREDIT=21
[PASSIVE-BEACON] SIMNOW:13.004 CID:4 ZONE:1 RXUAV:1 EDGEPORT:9998 TS:12.990 SPD:19.900 HDG:1.400 PX:260.500 PY:-50.000 LAN:5 BRK:0 RX_X:0.000 RX_Y:0.000 RX_Z:0.000
[ZONE-ROUTE] CID:4 zone=1 edge_port=9998
[EDGE-RTT] CID:4 wall=1.0 ms  sim_delay=5.0 ms
>>> [UAV->CLOUD] BLK:7735|TX:7.0.0.8|CID:4|TS:12.990|SPD:19.9|HDG:1.4|PX:260.5|PY:-50.0|L...
✓ [CAR 4] ACT=OK REP=0.593 RWD=1.000 PNL=0.000 CREDIT=21
[PASSIVE-BEACON] SIMNOW:13.025 CID:0 ZONE:1 RXUAV:1 EDGEPORT:9998 TS:13.010 SPD:19.800 HDG:1.200 PX:260.400 PY:-10.000 LAN:1 BRK:0 RX_X:0.000 RX_Y:0.000 RX_Z:0.000
[ZONE-ROUTE] CID:0 zone=1 edge_port=9998
[EDGE-RTT] CID:0 wall=1.1 ms  sim_delay=5.0 ms
>>> [UAV->CLOUD] BLK:eed1|TX:7.0.0.4|CID:0|TS:13.010|SPD:19.8|HDG:1.2|PX:260.4|PY:-10.0|L...
✓ [CAR 0] ACT=OK REP=0.887 RWD=1.000 PNL=0.000 CREDIT=21
[PASSIVE-BEACON] SIMNOW:13.086 CID:6 ZONE:1 RXUAV:1 EDGEPORT:9998 TS:13.072 SPD:19.800 HDG:-1.100 PX:280.800 PY:-20.000 LAN:2 BRK:0 RX_X:0.000 RX_Y:0.000 RX_Z:0.000
[ZONE-ROUTE] CID:6 zone=1 edge_port=9998
[EDGE-RTT] CID:6 wall=1.2 ms  sim_delay=5.0 ms
>>> [UAV->CLOUD] BLK:f078|TX:7.0.0.10|CID:6|TS:13.072|SPD:19.8|HDG:-1.1|PX:280.8|PY:-20.0...
[PASSIVE-BEACON] SIMNOW:13.096 CID:5 ZONE:1 RXUAV:1 EDGEPORT:9998 TS:13.082 SPD:20.000 HDG:0.800 PX:282.300 PY:-10.000 LAN:1 BRK:0 RX_X:0.000 RX_Y:0.000 RX_Z:0.000
[ZONE-ROUTE] CID:5 zone=1 edge_port=9998
[EDGE-RTT] CID:5 wall=1.0 ms  sim_delay=5.0 ms
>>> [UAV->CLOUD] BLK:f95c|TX:7.0.0.9|CID:5|TS:13.082|SPD:20.0|HDG:0.8|PX:282.3|PY:-10.0|L...
✓ [CAR 6] ACT=OK REP=1.000 RWD=1.000 PNL=0.000 CREDIT=22
✓ [CAR 5] ACT=OK REP=0.724 RWD=1.000 PNL=0.000 CREDIT=21
[PASSIVE-BEACON] SIMNOW:13.344 CID:3 ZONE:1 RXUAV:1 EDGEPORT:9998 TS:13.330 SPD:19.800 HDG:-0.700 PX:267.200 PY:-40.000 LAN:4 BRK:1 RX_X:0.000 RX_Y:0.000 RX_Z:0.000
[ZONE-ROUTE] CID:3 zone=1 edge_port=9998
[EDGE-RTT] CID:3 wall=1.3 ms  sim_delay=5.0 ms
>>> [UAV->CLOUD] BLK:fb12|TX:7.0.0.7|CID:3|TS:13.330|SPD:19.8|HDG:-0.7|PX:267.2|PY:-40.0|...
[PASSIVE-BEACON] SIMNOW:13.346 CID:7 ZONE:1 RXUAV:1 EDGEPORT:9998 TS:13.332 SPD:20.100 HDG:1.800 PX:287.300 PY:-30.000 LAN:3 BRK:1 RX_X:0.000 RX_Y:0.000 RX_Z:0.000
[ZONE-ROUTE] CID:7 zone=1 edge_port=9998
[EDGE-RTT] CID:7 wall=1.1 ms  sim_delay=5.0 ms
>>> [UAV->CLOUD] BLK:d508|TX:7.0.0.11|CID:7|TS:13.332|SPD:20.1|HDG:1.8|PX:287.3|PY:-30.0|...
✓ [CAR 3] ACT=OK REP=1.000 RWD=1.000 PNL=0.000 CREDIT=21
✓ [CAR 7] ACT=OK REP=1.000 RWD=1.000 PNL=0.000 CREDIT=22
[PASSIVE-BEACON] SIMNOW:13.384 CID:1 ZONE:1 RXUAV:1 EDGEPORT:9998 TS:13.370 SPD:20.200 HDG:0.800 PX:266.800 PY:-20.000 LAN:2 BRK:0 RX_X:0.000 RX_Y:0.000 RX_Z:0.000
[ZONE-ROUTE] CID:1 zone=1 edge_port=9998
[EDGE-RTT] CID:1 wall=1.1 ms  sim_delay=5.0 ms
>>> [UAV->CLOUD] BLK:61fa|TX:7.0.0.5|CID:1|TS:13.370|SPD:20.2|HDG:0.8|PX:266.8|PY:-20.0|L...
✓ [CAR 1] ACT=OK REP=0.875 RWD=1.000 PNL=0.000 CREDIT=21
[PASSIVE-BEACON] SIMNOW:13.424 CID:2 ZONE:1 RXUAV:1 EDGEPORT:9998 TS:13.410 SPD:19.800 HDG:0.700 PX:268.300 PY:-30.000 LAN:3 BRK:0 RX_X:0.000 RX_Y:0.000 RX_Z:0.000
[ZONE-ROUTE] CID:2 zone=1 edge_port=9998
[EDGE-RTT] CID:2 wall=1.2 ms  sim_delay=5.0 ms
>>> [UAV->CLOUD] BLK:5fd0|TX:7.0.0.6|CID:2|TS:13.410|SPD:19.8|HDG:0.7|PX:268.3|PY:-30.0|L...
[PASSIVE-BEACON] SIMNOW:13.436 CID:8 ZONE:1 RXUAV:1 EDGEPORT:9998 TS:13.422 SPD:20.000 HDG:-1.400 PX:288.300 PY:-40.000 LAN:4 BRK:0 RX_X:0.000 RX_Y:0.000 RX_Z:0.000
[ZONE-ROUTE] CID:8 zone=1 edge_port=9998
[EDGE-RTT] CID:8 wall=1.0 ms  sim_delay=5.0 ms
>>> [UAV->CLOUD] BLK:57e7|TX:7.0.0.12|CID:8|TS:13.422|SPD:20.0|HDG:-1.4|PX:288.3|PY:-40.0...
✓ [CAR 2] ACT=OK REP=0.978 RWD=1.000 PNL=0.000 CREDIT=21
✓ [CAR 8] ACT=OK REP=0.953 RWD=1.000 PNL=0.000 CREDIT=22
[PASSIVE-BEACON] SIMNOW:13.504 CID:4 ZONE:1 RXUAV:1 EDGEPORT:9998 TS:13.490 SPD:20.400 HDG:-1.600 PX:270.200 PY:-50.000 LAN:5 BRK:0 RX_X:0.000 RX_Y:0.000 RX_Z:0.000
[ZONE-ROUTE] CID:4 zone=1 edge_port=9998
[EDGE-RTT] CID:4 wall=1.1 ms  sim_delay=5.0 ms
>>> [UAV->CLOUD] BLK:9309|TX:7.0.0.8|CID:4|TS:13.490|SPD:20.4|HDG:-1.6|PX:270.2|PY:-50.0|...
✓ [CAR 4] ACT=OK REP=0.746 RWD=1.000 PNL=0.000 CREDIT=22
[PASSIVE-BEACON] SIMNOW:13.524 CID:0 ZONE:1 RXUAV:1 EDGEPORT:9998 TS:13.510 SPD:20.300 HDG:-0.300 PX:270.100 PY:-10.000 LAN:1 BRK:1 RX_X:0.000 RX_Y:0.000 RX_Z:0.000
[ZONE-ROUTE] CID:0 zone=1 edge_port=9998
[EDGE-RTT] CID:0 wall=1.2 ms  sim_delay=5.0 ms
>>> [UAV->CLOUD] BLK:84ff|TX:7.0.0.4|CID:0|TS:13.510|SPD:20.3|HDG:-0.3|PX:270.1|PY:-10.0|...
✓ [CAR 0] ACT=OK REP=1.000 RWD=1.000 PNL=0.000 CREDIT=22
[PASSIVE-BEACON] SIMNOW:13.586 CID:6 ZONE:1 RXUAV:1 EDGEPORT:9998 TS:13.572 SPD:19.600 HDG:1.200 PX:292.000 PY:-20.000 LAN:2 BRK:0 RX_X:0.000 RX_Y:0.000 RX_Z:0.000
[ZONE-ROUTE] CID:6 zone=1 edge_port=9998
[EDGE-RTT] CID:6 wall=1.2 ms  sim_delay=5.0 ms
>>> [UAV->CLOUD] BLK:968e|TX:7.0.0.10|CID:6|TS:13.572|SPD:19.6|HDG:1.2|PX:292.0|PY:-20.0|...
[PASSIVE-BEACON] SIMNOW:13.596 CID:5 ZONE:1 RXUAV:1 EDGEPORT:9998 TS:13.582 SPD:20.300 HDG:-0.100 PX:292.400 PY:-10.000 LAN:1 BRK:1 RX_X:0.000 RX_Y:0.000 RX_Z:0.000
[ZONE-ROUTE] CID:5 zone=1 edge_port=9998
[EDGE-RTT] CID:5 wall=1.1 ms  sim_delay=5.0 ms
>>> [UAV->CLOUD] BLK:0f22|TX:7.0.0.9|CID:5|TS:13.582|SPD:20.3|HDG:-0.1|PX:292.4|PY:-10.0|...
✓ [CAR 6] ACT=OK REP=1.000 RWD=1.000 PNL=0.000 CREDIT=23
✓ [CAR 5] ACT=OK REP=1.000 RWD=1.000 PNL=0.000 CREDIT=22
[PASSIVE-BEACON] SIMNOW:13.844 CID:3 ZONE:1 RXUAV:1 EDGEPORT:9998 TS:13.830 SPD:20.000 HDG:0.900 PX:276.900 PY:-40.000 LAN:4 BRK:0 RX_X:0.000 RX_Y:0.000 RX_Z:0.000
[ZONE-ROUTE] CID:3 zone=1 edge_port=9998
[EDGE-RTT] CID:3 wall=1.1 ms  sim_delay=5.0 ms
>>> [UAV->CLOUD] BLK:dae2|TX:7.0.0.7|CID:3|TS:13.830|SPD:20.0|HDG:0.9|PX:276.9|PY:-40.0|L...
[PASSIVE-BEACON] SIMNOW:13.846 CID:7 ZONE:1 RXUAV:1 EDGEPORT:9998 TS:13.832 SPD:19.900 HDG:-0.900 PX:296.400 PY:-30.000 LAN:3 BRK:0 RX_X:0.000 RX_Y:0.000 RX_Z:0.000
[ZONE-ROUTE] CID:7 zone=1 edge_port=9998
[EDGE-RTT] CID:7 wall=1.1 ms  sim_delay=5.0 ms
>>> [UAV->CLOUD] BLK:8f27|TX:7.0.0.11|CID:7|TS:13.832|SPD:19.9|HDG:-0.9|PX:296.4|PY:-30.0...
✓ [CAR 3] ACT=OK REP=1.000 RWD=1.000 PNL=0.000 CREDIT=22
✓ [CAR 7] ACT=OK REP=1.000 RWD=1.000 PNL=0.000 CREDIT=23
[PASSIVE-BEACON] SIMNOW:13.884 CID:1 ZONE:1 RXUAV:1 EDGEPORT:9998 TS:13.870 SPD:20.400 HDG:1.800 PX:276.800 PY:-20.000 LAN:2 BRK:0 RX_X:0.000 RX_Y:0.000 RX_Z:0.000
[ZONE-ROUTE] CID:1 zone=1 edge_port=9998
[EDGE-RTT] CID:1 wall=1.2 ms  sim_delay=5.0 ms
>>> [UAV->CLOUD] BLK:8f46|TX:7.0.0.5|CID:1|TS:13.870|SPD:20.4|HDG:1.8|PX:276.8|PY:-20.0|L...
✓ [CAR 1] ACT=OK REP=0.789 RWD=1.000 PNL=0.000 CREDIT=22
[PASSIVE-BEACON] SIMNOW:13.924 CID:2 ZONE:1 RXUAV:1 EDGEPORT:9998 TS:13.910 SPD:19.500 HDG:-1.000 PX:278.000 PY:-30.000 LAN:3 BRK:0 RX_X:0.000 RX_Y:0.000 RX_Z:0.000
[ZONE-ROUTE] CID:2 zone=1 edge_port=9998
[EDGE-RTT] CID:2 wall=1.4 ms  sim_delay=5.0 ms
>>> [UAV->CLOUD] BLK:a8de|TX:7.0.0.6|CID:2|TS:13.910|SPD:19.5|HDG:-1.0|PX:278.0|PY:-30.0|...
[PASSIVE-BEACON] SIMNOW:13.936 CID:8 ZONE:1 RXUAV:1 EDGEPORT:9998 TS:13.922 SPD:20.100 HDG:0.600 PX:298.000 PY:-40.000 LAN:4 BRK:1 RX_X:0.000 RX_Y:0.000 RX_Z:0.000
[ZONE-ROUTE] CID:8 zone=1 edge_port=9998
[EDGE-RTT] CID:8 wall=1.2 ms  sim_delay=5.0 ms
>>> [UAV->CLOUD] BLK:aaeb|TX:7.0.0.12|CID:8|TS:13.922|SPD:20.1|HDG:0.6|PX:298.0|PY:-40.0|...
✓ [CAR 2] ACT=OK REP=1.000 RWD=1.000 PNL=0.000 CREDIT=22
✓ [CAR 8] ACT=OK REP=0.962 RWD=1.000 PNL=0.000 CREDIT=23
[PASSIVE-BEACON] SIMNOW:14.004 CID:4 ZONE:1 RXUAV:1 EDGEPORT:9998 TS:13.990 SPD:19.800 HDG:0.500 PX:279.800 PY:-50.000 LAN:5 BRK:0 RX_X:0.000 RX_Y:0.000 RX_Z:0.000
[ZONE-ROUTE] CID:4 zone=1 edge_port=9998
[EDGE-RTT] CID:4 wall=1.2 ms  sim_delay=5.0 ms
>>> [UAV->CLOUD] BLK:70b7|TX:7.0.0.8|CID:4|TS:13.990|SPD:19.8|HDG:0.5|PX:279.8|PY:-50.0|L...
✓ [CAR 4] ACT=OK REP=0.807 RWD=1.000 PNL=0.000 CREDIT=23
[PASSIVE-BEACON] SIMNOW:14.025 CID:0 ZONE:1 RXUAV:1 EDGEPORT:9998 TS:14.010 SPD:20.100 HDG:-0.100 PX:280.700 PY:-10.000 LAN:1 BRK:0 RX_X:0.000 RX_Y:0.000 RX_Z:0.000
[ZONE-ROUTE] CID:0 zone=1 edge_port=9998
[EDGE-RTT] CID:0 wall=1.2 ms  sim_delay=5.0 ms
>>> [UAV->CLOUD] BLK:3fdf|TX:7.0.0.4|CID:0|TS:14.010|SPD:20.1|HDG:-0.1|PX:280.7|PY:-10.0|...
✓ [CAR 0] ACT=OK REP=0.816 RWD=1.000 PNL=0.000 CREDIT=23
[PASSIVE-BEACON] SIMNOW:14.086 CID:6 ZONE:1 RXUAV:1 EDGEPORT:9998 TS:14.072 SPD:20.400 HDG:1.100 PX:301.000 PY:-20.000 LAN:2 BRK:0 RX_X:0.000 RX_Y:0.000 RX_Z:0.000
[ZONE-ROUTE] CID:6 zone=1 edge_port=9998
[EDGE-RTT] CID:6 wall=1.3 ms  sim_delay=5.0 ms
>>> [UAV->CLOUD] BLK:a32a|TX:7.0.0.10|CID:6|TS:14.072|SPD:20.4|HDG:1.1|PX:301.0|PY:-20.0|...
[PASSIVE-BEACON] SIMNOW:14.096 CID:5 ZONE:1 RXUAV:1 EDGEPORT:9998 TS:14.082 SPD:19.900 HDG:1.100 PX:301.200 PY:-10.000 LAN:1 BRK:0 RX_X:0.000 RX_Y:0.000 RX_Z:0.000
[ZONE-ROUTE] CID:5 zone=1 edge_port=9998
[EDGE-RTT] CID:5 wall=1.3 ms  sim_delay=5.0 ms
>>> [UAV->CLOUD] BLK:33c4|TX:7.0.0.9|CID:5|TS:14.082|SPD:19.9|HDG:1.1|PX:301.2|PY:-10.0|L...
✓ [CAR 6] ACT=OK REP=0.920 RWD=1.000 PNL=0.000 CREDIT=24
✓ [CAR 5] ACT=OK REP=1.000 RWD=1.000 PNL=0.000 CREDIT=23
[PASSIVE-BEACON] SIMNOW:14.343 CID:3 ZONE:1 RXUAV:1 EDGEPORT:9998 TS:14.330 SPD:19.800 HDG:-0.600 PX:286.800 PY:-40.000 LAN:4 BRK:0 RX_X:0.000 RX_Y:0.000 RX_Z:0.000
[ZONE-ROUTE] CID:3 zone=1 edge_port=9998
[EDGE-RTT] CID:3 wall=1.3 ms  sim_delay=5.0 ms
>>> [UAV->CLOUD] BLK:26f9|TX:7.0.0.7|CID:3|TS:14.330|SPD:19.8|HDG:-0.6|PX:286.8|PY:-40.0|...
[PASSIVE-BEACON] SIMNOW:14.346 CID:7 ZONE:1 RXUAV:1 EDGEPORT:9998 TS:14.332 SPD:19.700 HDG:1.700 PX:306.000 PY:-30.000 LAN:3 BRK:1 RX_X:0.000 RX_Y:0.000 RX_Z:0.000
[ZONE-ROUTE] CID:7 zone=1 edge_port=9998
[EDGE-RTT] CID:7 wall=1.4 ms  sim_delay=5.0 ms
>>> [UAV->CLOUD] BLK:b7c6|TX:7.0.0.11|CID:7|TS:14.332|SPD:19.7|HDG:1.7|PX:306.0|PY:-30.0|...
✓ [CAR 3] ACT=OK REP=0.762 RWD=1.000 PNL=0.000 CREDIT=23
✓ [CAR 7] ACT=OK REP=0.899 RWD=1.000 PNL=0.000 CREDIT=24
[PASSIVE-BEACON] SIMNOW:14.384 CID:1 ZONE:1 RXUAV:1 EDGEPORT:9998 TS:14.370 SPD:20.100 HDG:-1.900 PX:286.800 PY:-20.000 LAN:2 BRK:0 RX_X:0.000 RX_Y:0.000 RX_Z:0.000
[ZONE-ROUTE] CID:1 zone=1 edge_port=9998
[EDGE-RTT] CID:1 wall=1.4 ms  sim_delay=5.0 ms
>>> [UAV->CLOUD] BLK:daa8|TX:7.0.0.5|CID:1|TS:14.370|SPD:20.1|HDG:-1.9|PX:286.8|PY:-20.0|...
✓ [CAR 1] ACT=OK REP=0.665 RWD=1.000 PNL=0.000 CREDIT=23
[PASSIVE-BEACON] SIMNOW:14.424 CID:2 ZONE:1 RXUAV:1 EDGEPORT:9998 TS:14.410 SPD:19.600 HDG:1.000 PX:288.100 PY:-30.000 LAN:3 BRK:1 RX_X:0.000 RX_Y:0.000 RX_Z:0.000
[ZONE-ROUTE] CID:2 zone=1 edge_port=9998
[EDGE-RTT] CID:2 wall=1.1 ms  sim_delay=5.0 ms
>>> [UAV->CLOUD] BLK:98b7|TX:7.0.0.6|CID:2|TS:14.410|SPD:19.6|HDG:1.0|PX:288.1|PY:-30.0|L...
[PASSIVE-BEACON] SIMNOW:14.436 CID:8 ZONE:1 RXUAV:1 EDGEPORT:9998 TS:14.422 SPD:20.100 HDG:-1.500 PX:308.800 PY:-40.000 LAN:4 BRK:0 RX_X:0.000 RX_Y:0.000 RX_Z:0.000
[ZONE-ROUTE] CID:8 zone=1 edge_port=9998
[EDGE-RTT] CID:8 wall=1.2 ms  sim_delay=5.0 ms
>>> [UAV->CLOUD] BLK:c563|TX:7.0.0.12|CID:8|TS:14.422|SPD:20.1|HDG:-1.5|PX:308.8|PY:-40.0...
✓ [CAR 2] ACT=OK REP=0.823 RWD=1.000 PNL=0.000 CREDIT=23
✓ [CAR 8] ACT=OK REP=0.995 RWD=1.000 PNL=0.000 CREDIT=24
[PASSIVE-BEACON] SIMNOW:14.504 CID:4 ZONE:1 RXUAV:1 EDGEPORT:9998 TS:14.490 SPD:20.000 HDG:-1.700 PX:289.800 PY:-50.000 LAN:5 BRK:0 RX_X:0.000 RX_Y:0.000 RX_Z:0.000
[ZONE-ROUTE] CID:4 zone=1 edge_port=9998
[EDGE-RTT] CID:4 wall=1.4 ms  sim_delay=5.0 ms
>>> [UAV->CLOUD] BLK:d2cc|TX:7.0.0.8|CID:4|TS:14.490|SPD:20.0|HDG:-1.7|PX:289.8|PY:-50.0|...
✓ [CAR 4] ACT=OK REP=0.983 RWD=1.000 PNL=0.000 CREDIT=24
[PASSIVE-BEACON] SIMNOW:14.522 CID:0 ZONE:1 RXUAV:1 EDGEPORT:9998 TS:14.510 SPD:20.100 HDG:-0.700 PX:290.600 PY:-10.000 LAN:1 BRK:0 RX_X:0.000 RX_Y:0.000 RX_Z:0.000
[ZONE-ROUTE] CID:0 zone=1 edge_port=9998
[EDGE-RTT] CID:0 wall=1.0 ms  sim_delay=5.0 ms
>>> [UAV->CLOUD] BLK:26bd|TX:7.0.0.4|CID:0|TS:14.510|SPD:20.1|HDG:-0.7|PX:290.6|PY:-10.0|...
✓ [CAR 0] ACT=OK REP=0.959 RWD=1.000 PNL=0.000 CREDIT=24
[PASSIVE-BEACON] SIMNOW:14.586 CID:6 ZONE:1 RXUAV:1 EDGEPORT:9998 TS:14.572 SPD:20.100 HDG:-1.000 PX:311.500 PY:-20.000 LAN:2 BRK:1 RX_X:0.000 RX_Y:0.000 RX_Z:0.000
[ZONE-ROUTE] CID:6 zone=1 edge_port=9998
[EDGE-RTT] CID:6 wall=1.2 ms  sim_delay=5.0 ms
>>> [UAV->CLOUD] BLK:12f2|TX:7.0.0.10|CID:6|TS:14.572|SPD:20.1|HDG:-1.0|PX:311.5|PY:-20.0...
[PASSIVE-BEACON] SIMNOW:14.596 CID:5 ZONE:1 RXUAV:1 EDGEPORT:9998 TS:14.582 SPD:20.200 HDG:-1.500 PX:311.700 PY:-10.000 LAN:1 BRK:0 RX_X:0.000 RX_Y:0.000 RX_Z:0.000
[ZONE-ROUTE] CID:5 zone=1 edge_port=9998
[EDGE-RTT] CID:5 wall=1.2 ms  sim_delay=5.0 ms
>>> [UAV->CLOUD] BLK:4111|TX:7.0.0.9|CID:5|TS:14.582|SPD:20.2|HDG:-1.5|PX:311.7|PY:-10.0|...
✓ [CAR 6] ACT=OK REP=1.000 RWD=1.000 PNL=0.000 CREDIT=25
✓ [CAR 5] ACT=OK REP=1.000 RWD=1.000 PNL=0.000 CREDIT=24
[PASSIVE-BEACON] SIMNOW:14.844 CID:3 ZONE:1 RXUAV:1 EDGEPORT:9998 TS:14.830 SPD:20.000 HDG:-0.100 PX:296.300 PY:-40.000 LAN:4 BRK:0 RX_X:0.000 RX_Y:0.000 RX_Z:0.000
[ZONE-ROUTE] CID:3 zone=1 edge_port=9998
[EDGE-RTT] CID:3 wall=1.2 ms  sim_delay=5.0 ms
>>> [UAV->CLOUD] BLK:25c9|TX:7.0.0.7|CID:3|TS:14.830|SPD:20.0|HDG:-0.1|PX:296.3|PY:-40.0|...
[PASSIVE-BEACON] SIMNOW:14.846 CID:7 ZONE:1 RXUAV:1 EDGEPORT:9998 TS:14.832 SPD:20.300 HDG:-0.400 PX:316.400 PY:-30.000 LAN:3 BRK:0 RX_X:0.000 RX_Y:0.000 RX_Z:0.000
[ZONE-ROUTE] CID:7 zone=1 edge_port=9998
[EDGE-RTT] CID:7 wall=1.3 ms  sim_delay=5.0 ms
>>> [UAV->CLOUD] BLK:5326|TX:7.0.0.11|CID:7|TS:14.832|SPD:20.3|HDG:-0.4|PX:316.4|PY:-30.0...
✓ [CAR 3] ACT=OK REP=0.938 RWD=1.000 PNL=0.000 CREDIT=24
✓ [CAR 7] ACT=OK REP=1.000 RWD=1.000 PNL=0.000 CREDIT=25
[PASSIVE-BEACON] SIMNOW:14.884 CID:1 ZONE:1 RXUAV:1 EDGEPORT:9998 TS:14.870 SPD:20.300 HDG:-0.300 PX:297.000 PY:-20.000 LAN:2 BRK:0 RX_X:0.000 RX_Y:0.000 RX_Z:0.000
[ZONE-ROUTE] CID:1 zone=1 edge_port=9998
[EDGE-RTT] CID:1 wall=1.2 ms  sim_delay=5.0 ms
>>> [UAV->CLOUD] BLK:9b2c|TX:7.0.0.5|CID:1|TS:14.870|SPD:20.3|HDG:-0.3|PX:297.0|PY:-20.0|...
✓ [CAR 1] ACT=OK REP=0.932 RWD=1.000 PNL=0.000 CREDIT=24
[PASSIVE-BEACON] SIMNOW:14.924 CID:2 ZONE:1 RXUAV:1 EDGEPORT:9998 TS:14.910 SPD:20.500 HDG:-0.900 PX:298.800 PY:-30.000 LAN:3 BRK:0 RX_X:0.000 RX_Y:0.000 RX_Z:0.000
[ZONE-ROUTE] CID:2 zone=1 edge_port=9998
[EDGE-RTT] CID:2 wall=1.1 ms  sim_delay=5.0 ms
>>> [UAV->CLOUD] BLK:4650|TX:7.0.0.6|CID:2|TS:14.910|SPD:20.5|HDG:-0.9|PX:298.8|PY:-30.0|...
[PASSIVE-BEACON] SIMNOW:14.936 CID:8 ZONE:1 RXUAV:1 EDGEPORT:9998 TS:14.922 SPD:19.700 HDG:0.600 PX:318.600 PY:-40.000 LAN:4 BRK:0 RX_X:0.000 RX_Y:0.000 RX_Z:0.000
[ZONE-ROUTE] CID:8 zone=1 edge_port=9998
[EDGE-RTT] CID:8 wall=1.1 ms  sim_delay=5.0 ms
>>> [UAV->CLOUD] BLK:8609|TX:7.0.0.12|CID:8|TS:14.922|SPD:19.7|HDG:0.6|PX:318.6|PY:-40.0|...
✓ [CAR 2] ACT=OK REP=0.792 RWD=1.000 PNL=0.000 CREDIT=24
✓ [CAR 8] ACT=OK REP=1.000 RWD=1.000 PNL=0.000 CREDIT=25
[PASSIVE-BEACON] SIMNOW:15.004 CID:4 ZONE:1 RXUAV:1 EDGEPORT:9998 TS:14.990 SPD:19.700 HDG:-1.700 PX:299.900 PY:-50.000 LAN:5 BRK:0 RX_X:0.000 RX_Y:0.000 RX_Z:0.000
[ZONE-ROUTE] CID:4 zone=1 edge_port=9998
[EDGE-RTT] CID:4 wall=1.3 ms  sim_delay=5.0 ms
>>> [UAV->CLOUD] BLK:a2eb|TX:7.0.0.8|CID:4|TS:14.990|SPD:19.7|HDG:-1.7|PX:299.9|PY:-50.0|...
✓ [CAR 4] ACT=OK REP=0.940 RWD=1.000 PNL=0.000 CREDIT=25
[PASSIVE-BEACON] SIMNOW:15.025 CID:0 ZONE:1 RXUAV:1 EDGEPORT:9998 TS:15.010 SPD:19.700 HDG:1.800 PX:300.200 PY:-10.000 LAN:1 BRK:0 RX_X:0.000 RX_Y:0.000 RX_Z:0.000
[ZONE-ROUTE] CID:0 zone=1 edge_port=9998
[EDGE-RTT] CID:0 wall=1.2 ms  sim_delay=5.0 ms
>>> [UAV->CLOUD] BLK:1606|TX:7.0.0.4|CID:0|TS:15.010|SPD:19.7|HDG:1.8|PX:300.2|PY:-10.0|L...
✓ [CAR 0] ACT=OK REP=1.000 RWD=1.000 PNL=0.000 CREDIT=25
[PASSIVE-BEACON] SIMNOW:15.086 CID:6 ZONE:1 RXUAV:1 EDGEPORT:9998 TS:15.072 SPD:20.300 HDG:-1.100 PX:322.100 PY:-20.000 LAN:2 BRK:1 RX_X:0.000 RX_Y:0.000 RX_Z:0.000
[ZONE-ROUTE] CID:6 zone=1 edge_port=9998
[EDGE-RTT] CID:6 wall=1.3 ms  sim_delay=5.0 ms
>>> [UAV->CLOUD] BLK:26ea|TX:7.0.0.10|CID:6|TS:15.072|SPD:20.3|HDG:-1.1|PX:322.1|PY:-20.0...
[PASSIVE-BEACON] SIMNOW:15.096 CID:5 ZONE:1 RXUAV:1 EDGEPORT:9998 TS:15.082 SPD:20.100 HDG:-1.100 PX:322.000 PY:-10.000 LAN:1 BRK:0 RX_X:0.000 RX_Y:0.000 RX_Z:0.000
[ZONE-ROUTE] CID:5 zone=1 edge_port=9998
[EDGE-RTT] CID:5 wall=1.1 ms  sim_delay=5.0 ms
>>> [UAV->CLOUD] BLK:80b4|TX:7.0.0.9|CID:5|TS:15.082|SPD:20.1|HDG:-1.1|PX:322.0|PY:-10.0|...
✓ [CAR 6] ACT=OK REP=0.824 RWD=1.000 PNL=0.000 CREDIT=26
✓ [CAR 5] ACT=OK REP=1.000 RWD=1.000 PNL=0.000 CREDIT=25
[PASSIVE-BEACON] SIMNOW:15.344 CID:3 ZONE:1 RXUAV:1 EDGEPORT:9998 TS:15.330 SPD:20.500 HDG:-1.900 PX:306.600 PY:-40.000 LAN:4 BRK:1 RX_X:0.000 RX_Y:0.000 RX_Z:0.000
[ZONE-ROUTE] CID:3 zone=1 edge_port=9998
[EDGE-RTT] CID:3 wall=1.3 ms  sim_delay=5.0 ms
>>> [UAV->CLOUD] BLK:d530|TX:7.0.0.7|CID:3|TS:15.330|SPD:20.5|HDG:-1.9|PX:306.6|PY:-40.0|...
[PASSIVE-BEACON] SIMNOW:15.346 CID:7 ZONE:1 RXUAV:1 EDGEPORT:9998 TS:15.332 SPD:20.000 HDG:0.500 PX:327.100 PY:-30.000 LAN:3 BRK:0 RX_X:0.000 RX_Y:0.000 RX_Z:0.000
[ZONE-ROUTE] CID:7 zone=1 edge_port=9998
[EDGE-RTT] CID:7 wall=1.3 ms  sim_delay=5.0 ms
>>> [UAV->CLOUD] BLK:2763|TX:7.0.0.11|CID:7|TS:15.332|SPD:20.0|HDG:0.5|PX:327.1|PY:-30.0|...
✓ [CAR 3] ACT=OK REP=0.932 RWD=1.000 PNL=0.000 CREDIT=25
✓ [CAR 7] ACT=OK REP=0.859 RWD=1.000 PNL=0.000 CREDIT=26
[PASSIVE-BEACON] SIMNOW:15.384 CID:1 ZONE:1 RXUAV:1 EDGEPORT:9998 TS:15.370 SPD:19.800 HDG:0.900 PX:308.000 PY:-20.000 LAN:2 BRK:0 RX_X:0.000 RX_Y:0.000 RX_Z:0.000
[ZONE-ROUTE] CID:1 zone=1 edge_port=9998
[EDGE-RTT] CID:1 wall=1.0 ms  sim_delay=5.0 ms
>>> [UAV->CLOUD] BLK:965c|TX:7.0.0.5|CID:1|TS:15.370|SPD:19.8|HDG:0.9|PX:308.0|PY:-20.0|L...
✓ [CAR 1] ACT=OK REP=1.000 RWD=1.000 PNL=0.000 CREDIT=25
[PASSIVE-BEACON] SIMNOW:15.424 CID:2 ZONE:1 RXUAV:1 EDGEPORT:9998 TS:15.410 SPD:20.100 HDG:1.900 PX:308.300 PY:-30.000 LAN:3 BRK:0 RX_X:0.000 RX_Y:0.000 RX_Z:0.000
[ZONE-ROUTE] CID:2 zone=1 edge_port=9998
[EDGE-RTT] CID:2 wall=1.1 ms  sim_delay=5.0 ms
>>> [UAV->CLOUD] BLK:dc3c|TX:7.0.0.6|CID:2|TS:15.410|SPD:20.1|HDG:1.9|PX:308.3|PY:-30.0|L...
[PASSIVE-BEACON] SIMNOW:15.436 CID:8 ZONE:1 RXUAV:1 EDGEPORT:9998 TS:15.422 SPD:20.100 HDG:-1.000 PX:327.700 PY:-40.000 LAN:4 BRK:0 RX_X:0.000 RX_Y:0.000 RX_Z:0.000
[ZONE-ROUTE] CID:8 zone=1 edge_port=9998
[EDGE-RTT] CID:8 wall=1.4 ms  sim_delay=5.0 ms
>>> [UAV->CLOUD] BLK:8e38|TX:7.0.0.12|CID:8|TS:15.422|SPD:20.1|HDG:-1.0|PX:327.7|PY:-40.0...
✓ [CAR 2] ACT=OK REP=0.435 RWD=1.000 PNL=0.000 CREDIT=25
✓ [CAR 8] ACT=OK REP=0.590 RWD=1.000 PNL=0.000 CREDIT=26
[PASSIVE-BEACON] SIMNOW:15.504 CID:4 ZONE:1 RXUAV:1 EDGEPORT:9998 TS:15.490 SPD:20.100 HDG:-1.700 PX:309.700 PY:-50.000 LAN:5 BRK:1 RX_X:0.000 RX_Y:0.000 RX_Z:0.000
[ZONE-ROUTE] CID:4 zone=1 edge_port=9998
[EDGE-RTT] CID:4 wall=1.4 ms  sim_delay=5.0 ms
>>> [UAV->CLOUD] BLK:f3ef|TX:7.0.0.8|CID:4|TS:15.490|SPD:20.1|HDG:-1.7|PX:309.7|PY:-50.0|...
✓ [CAR 4] ACT=OK REP=0.717 RWD=1.000 PNL=0.000 CREDIT=26
[PASSIVE-BEACON] SIMNOW:15.524 CID:0 ZONE:1 RXUAV:1 EDGEPORT:9998 TS:15.510 SPD:20.000 HDG:-1.200 PX:309.900 PY:-10.000 LAN:1 BRK:0 RX_X:0.000 RX_Y:0.000 RX_Z:0.000
[ZONE-ROUTE] CID:0 zone=1 edge_port=9998
[EDGE-RTT] CID:0 wall=1.3 ms  sim_delay=5.0 ms
>>> [UAV->CLOUD] BLK:d46b|TX:7.0.0.4|CID:0|TS:15.510|SPD:20.0|HDG:-1.2|PX:309.9|PY:-10.0|...
✓ [CAR 0] ACT=OK REP=0.855 RWD=1.000 PNL=0.000 CREDIT=26
[PASSIVE-BEACON] SIMNOW:15.586 CID:6 ZONE:1 RXUAV:1 EDGEPORT:9998 TS:15.572 SPD:19.900 HDG:-0.100 PX:331.400 PY:-20.000 LAN:2 BRK:0 RX_X:0.000 RX_Y:0.000 RX_Z:0.000
[ZONE-ROUTE] CID:6 zone=1 edge_port=9998
[EDGE-RTT] CID:6 wall=1.0 ms  sim_delay=5.0 ms
>>> [UAV->CLOUD] BLK:6b22|TX:7.0.0.10|CID:6|TS:15.572|SPD:19.9|HDG:-0.1|PX:331.4|PY:-20.0...
[PASSIVE-BEACON] SIMNOW:15.596 CID:5 ZONE:1 RXUAV:1 EDGEPORT:9998 TS:15.582 SPD:19.900 HDG:1.100 PX:332.300 PY:-10.000 LAN:1 BRK:0 RX_X:0.000 RX_Y:0.000 RX_Z:0.000
[ZONE-ROUTE] CID:5 zone=1 edge_port=9998
[EDGE-RTT] CID:5 wall=1.2 ms  sim_delay=5.0 ms
>>> [UAV->CLOUD] BLK:6210|TX:7.0.0.9|CID:5|TS:15.582|SPD:19.9|HDG:1.1|PX:332.3|PY:-10.0|L...
✓ [CAR 6] ACT=OK REP=1.000 RWD=1.000 PNL=0.000 CREDIT=27
✓ [CAR 5] ACT=OK REP=0.681 RWD=1.000 PNL=0.000 CREDIT=26
[PASSIVE-BEACON] SIMNOW:15.843 CID:3 ZONE:1 RXUAV:1 EDGEPORT:9998 TS:15.830 SPD:20.200 HDG:-1.100 PX:316.000 PY:-40.000 LAN:4 BRK:0 RX_X:0.000 RX_Y:0.000 RX_Z:0.000
[ZONE-ROUTE] CID:3 zone=1 edge_port=9998
[EDGE-RTT] CID:3 wall=1.4 ms  sim_delay=5.0 ms
>>> [UAV->CLOUD] BLK:a2c3|TX:7.0.0.7|CID:3|TS:15.830|SPD:20.2|HDG:-1.1|PX:316.0|PY:-40.0|...
[PASSIVE-BEACON] SIMNOW:15.846 CID:7 ZONE:1 RXUAV:1 EDGEPORT:9998 TS:15.832 SPD:19.800 HDG:1.500 PX:337.200 PY:-30.000 LAN:3 BRK:0 RX_X:0.000 RX_Y:0.000 RX_Z:0.000
[ZONE-ROUTE] CID:7 zone=1 edge_port=9998
[EDGE-RTT] CID:7 wall=1.2 ms  sim_delay=5.0 ms
>>> [UAV->CLOUD] BLK:8ef1|TX:7.0.0.11|CID:7|TS:15.832|SPD:19.8|HDG:1.5|PX:337.2|PY:-30.0|...
✓ [CAR 3] ACT=OK REP=0.964 RWD=1.000 PNL=0.000 CREDIT=26
✓ [CAR 7] ACT=OK REP=0.753 RWD=1.000 PNL=0.000 CREDIT=27
[PASSIVE-BEACON] SIMNOW:15.884 CID:1 ZONE:1 RXUAV:1 EDGEPORT:9998 TS:15.870 SPD:20.200 HDG:-1.700 PX:318.100 PY:-20.000 LAN:2 BRK:1 RX_X:0.000 RX_Y:0.000 RX_Z:0.000
[ZONE-ROUTE] CID:1 zone=1 edge_port=9998
[EDGE-RTT] CID:1 wall=1.2 ms  sim_delay=5.0 ms
>>> [UAV->CLOUD] BLK:f727|TX:7.0.0.5|CID:1|TS:15.870|SPD:20.2|HDG:-1.7|PX:318.1|PY:-20.0|...
✓ [CAR 1] ACT=OK REP=1.000 RWD=1.000 PNL=0.000 CREDIT=26
[PASSIVE-BEACON] SIMNOW:15.924 CID:2 ZONE:1 RXUAV:1 EDGEPORT:9998 TS:15.910 SPD:20.500 HDG:1.700 PX:317.600 PY:-30.000 LAN:3 BRK:0 RX_X:0.000 RX_Y:0.000 RX_Z:0.000
[ZONE-ROUTE] CID:2 zone=1 edge_port=9998
[EDGE-RTT] CID:2 wall=1.1 ms  sim_delay=5.0 ms
>>> [UAV->CLOUD] BLK:536d|TX:7.0.0.6|CID:2|TS:15.910|SPD:20.5|HDG:1.7|PX:317.6|PY:-30.0|L...
[PASSIVE-BEACON] SIMNOW:15.936 CID:8 ZONE:1 RXUAV:1 EDGEPORT:9998 TS:15.922 SPD:19.700 HDG:0.500 PX:337.800 PY:-40.000 LAN:4 BRK:0 RX_X:0.000 RX_Y:0.000 RX_Z:0.000
[ZONE-ROUTE] CID:8 zone=1 edge_port=9998
[EDGE-RTT] CID:8 wall=1.2 ms  sim_delay=5.0 ms
>>> [UAV->CLOUD] BLK:02f3|TX:7.0.0.12|CID:8|TS:15.922|SPD:19.7|HDG:0.5|PX:337.8|PY:-40.0|...
✓ [CAR 2] ACT=OK REP=1.000 RWD=1.000 PNL=0.000 CREDIT=26
✓ [CAR 8] ACT=OK REP=0.856 RWD=1.000 PNL=0.000 CREDIT=27
[PASSIVE-BEACON] SIMNOW:16.004 CID:4 ZONE:1 RXUAV:1 EDGEPORT:9998 TS:15.990 SPD:19.800 HDG:1.400 PX:319.200 PY:-50.000 LAN:5 BRK:1 RX_X:0.000 RX_Y:0.000 RX_Z:0.000
[ZONE-ROUTE] CID:4 zone=1 edge_port=9998
[EDGE-RTT] CID:4 wall=1.3 ms  sim_delay=5.0 ms
>>> [UAV->CLOUD] BLK:e4e1|TX:7.0.0.8|CID:4|TS:15.990|SPD:19.8|HDG:1.4|PX:319.2|PY:-50.0|L...
✓ [CAR 4] ACT=OK REP=0.958 RWD=1.000 PNL=0.000 CREDIT=27
[PASSIVE-BEACON] SIMNOW:16.023 CID:0 ZONE:1 RXUAV:1 EDGEPORT:9998 TS:16.010 SPD:20.000 HDG:-0.500 PX:320.000 PY:-10.000 LAN:1 BRK:0 RX_X:0.000 RX_Y:0.000 RX_Z:0.000
[ZONE-ROUTE] CID:0 zone=1 edge_port=9998
[EDGE-RTT] CID:0 wall=1.2 ms  sim_delay=5.0 ms
>>> [UAV->CLOUD] BLK:a27a|TX:7.0.0.4|CID:0|TS:16.010|SPD:20.0|HDG:-0.5|PX:320.0|PY:-10.0|...
✓ [CAR 0] ACT=OK REP=0.821 RWD=1.000 PNL=0.000 CREDIT=27
[PASSIVE-BEACON] SIMNOW:16.086 CID:6 ZONE:1 RXUAV:1 EDGEPORT:9998 TS:16.072 SPD:20.100 HDG:-1.000 PX:341.500 PY:-20.000 LAN:2 BRK:0 RX_X:0.000 RX_Y:0.000 RX_Z:0.000
[ZONE-ROUTE] CID:6 zone=1 edge_port=9998
[EDGE-RTT] CID:6 wall=1.1 ms  sim_delay=5.0 ms
>>> [UAV->CLOUD] BLK:b142|TX:7.0.0.10|CID:6|TS:16.072|SPD:20.1|HDG:-1.0|PX:341.5|PY:-20.0...
[PASSIVE-BEACON] SIMNOW:16.096 CID:5 ZONE:1 RXUAV:1 EDGEPORT:9998 TS:16.082 SPD:19.600 HDG:-0.700 PX:341.900 PY:-10.000 LAN:1 BRK:0 RX_X:0.000 RX_Y:0.000 RX_Z:0.000
[ZONE-ROUTE] CID:5 zone=1 edge_port=9998
[EDGE-RTT] CID:5 wall=1.1 ms  sim_delay=5.0 ms
>>> [UAV->CLOUD] BLK:e567|TX:7.0.0.9|CID:5|TS:16.082|SPD:19.6|HDG:-0.7|PX:341.9|PY:-10.0|...
✓ [CAR 6] ACT=OK REP=0.812 RWD=1.000 PNL=0.000 CREDIT=28
✓ [CAR 5] ACT=OK REP=1.000 RWD=1.000 PNL=0.000 CREDIT=27
[PASSIVE-BEACON] SIMNOW:16.344 CID:3 ZONE:1 RXUAV:1 EDGEPORT:9998 TS:16.330 SPD:19.700 HDG:1.300 PX:326.600 PY:-40.000 LAN:4 BRK:0 RX_X:0.000 RX_Y:0.000 RX_Z:0.000
[ZONE-ROUTE] CID:3 zone=1 edge_port=9998
[EDGE-RTT] CID:3 wall=1.3 ms  sim_delay=5.0 ms
>>> [UAV->CLOUD] BLK:d8a4|TX:7.0.0.7|CID:3|TS:16.330|SPD:19.7|HDG:1.3|PX:326.6|PY:-40.0|L...
[PASSIVE-BEACON] SIMNOW:16.346 CID:7 ZONE:1 RXUAV:1 EDGEPORT:9998 TS:16.332 SPD:19.600 HDG:0.900 PX:347.300 PY:-30.000 LAN:3 BRK:1 RX_X:0.000 RX_Y:0.000 RX_Z:0.000
[ZONE-ROUTE] CID:7 zone=1 edge_port=9998
[EDGE-RTT] CID:7 wall=1.0 ms  sim_delay=5.0 ms
>>> [UAV->CLOUD] BLK:90f0|TX:7.0.0.11|CID:7|TS:16.332|SPD:19.6|HDG:0.9|PX:347.3|PY:-30.0|...
✓ [CAR 3] ACT=OK REP=1.000 RWD=1.000 PNL=0.000 CREDIT=27
✓ [CAR 7] ACT=OK REP=1.000 RWD=1.000 PNL=0.000 CREDIT=28
[PASSIVE-BEACON] SIMNOW:16.384 CID:1 ZONE:1 RXUAV:1 EDGEPORT:9998 TS:16.370 SPD:20.200 HDG:-0.400 PX:327.300 PY:-20.000 LAN:2 BRK:0 RX_X:0.000 RX_Y:0.000 RX_Z:0.000
[ZONE-ROUTE] CID:1 zone=1 edge_port=9998
[EDGE-RTT] CID:1 wall=1.3 ms  sim_delay=5.0 ms
>>> [UAV->CLOUD] BLK:eb18|TX:7.0.0.5|CID:1|TS:16.370|SPD:20.2|HDG:-0.4|PX:327.3|PY:-20.0|...
✓ [CAR 1] ACT=OK REP=0.817 RWD=1.000 PNL=0.000 CREDIT=27
[PASSIVE-BEACON] SIMNOW:16.424 CID:2 ZONE:1 RXUAV:1 EDGEPORT:9998 TS:16.410 SPD:20.200 HDG:1.500 PX:327.800 PY:-30.000 LAN:3 BRK:0 RX_X:0.000 RX_Y:0.000 RX_Z:0.000
[ZONE-ROUTE] CID:2 zone=1 edge_port=9998
[EDGE-RTT] CID:2 wall=1.3 ms  sim_delay=5.0 ms
>>> [UAV->CLOUD] BLK:ac9d|TX:7.0.0.6|CID:2|TS:16.410|SPD:20.2|HDG:1.5|PX:327.8|PY:-30.0|L...
[PASSIVE-BEACON] SIMNOW:16.436 CID:8 ZONE:1 RXUAV:1 EDGEPORT:9998 TS:16.422 SPD:20.300 HDG:0.100 PX:348.500 PY:-40.000 LAN:4 BRK:1 RX_X:0.000 RX_Y:0.000 RX_Z:0.000
[ZONE-ROUTE] CID:8 zone=1 edge_port=9998
[EDGE-RTT] CID:8 wall=1.1 ms  sim_delay=5.0 ms
>>> [UAV->CLOUD] BLK:ea87|TX:7.0.0.12|CID:8|TS:16.422|SPD:20.3|HDG:0.1|PX:348.5|PY:-40.0|...
✓ [CAR 2] ACT=OK REP=1.000 RWD=1.000 PNL=0.000 CREDIT=27
✓ [CAR 8] ACT=OK REP=1.000 RWD=1.000 PNL=0.000 CREDIT=28
[PASSIVE-BEACON] SIMNOW:16.504 CID:4 ZONE:1 RXUAV:1 EDGEPORT:9998 TS:16.490 SPD:19.600 HDG:0.500 PX:329.300 PY:-50.000 LAN:5 BRK:0 RX_X:0.000 RX_Y:0.000 RX_Z:0.000
[ZONE-ROUTE] CID:4 zone=1 edge_port=9998
[EDGE-RTT] CID:4 wall=1.3 ms  sim_delay=5.0 ms
>>> [UAV->CLOUD] BLK:dd95|TX:7.0.0.8|CID:4|TS:16.490|SPD:19.6|HDG:0.5|PX:329.3|PY:-50.0|L...
✓ [CAR 4] ACT=OK REP=1.000 RWD=1.000 PNL=0.000 CREDIT=28
[PASSIVE-BEACON] SIMNOW:16.524 CID:0 ZONE:1 RXUAV:1 EDGEPORT:9998 TS:16.510 SPD:19.700 HDG:-0.500 PX:330.700 PY:-10.000 LAN:1 BRK:0 RX_X:0.000 RX_Y:0.000 RX_Z:0.000
[ZONE-ROUTE] CID:0 zone=1 edge_port=9998
[EDGE-RTT] CID:0 wall=1.1 ms  sim_delay=5.0 ms
>>> [UAV->CLOUD] BLK:ad58|TX:7.0.0.4|CID:0|TS:16.510|SPD:19.7|HDG:-0.5|PX:330.7|PY:-10.0|...
✓ [CAR 0] ACT=OK REP=1.000 RWD=1.000 PNL=0.000 CREDIT=28
[PASSIVE-BEACON] SIMNOW:16.586 CID:6 ZONE:1 RXUAV:1 EDGEPORT:9998 TS:16.572 SPD:19.900 HDG:1.400 PX:350.700 PY:-20.000 LAN:2 BRK:0 RX_X:0.000 RX_Y:0.000 RX_Z:0.000
[ZONE-ROUTE] CID:6 zone=1 edge_port=9998
[EDGE-RTT] CID:6 wall=0.9 ms  sim_delay=5.0 ms
>>> [UAV->CLOUD] BLK:fda9|TX:7.0.0.10|CID:6|TS:16.572|SPD:19.9|HDG:1.4|PX:350.7|PY:-20.0|...
[PKT-DROP] UAV dropped telemetry from 7.0.0.9 (drop_rate=1%)
✓ [CAR 6] ACT=OK REP=0.978 RWD=1.000 PNL=0.000 CREDIT=29
[PASSIVE-BEACON] SIMNOW:16.844 CID:3 ZONE:1 RXUAV:1 EDGEPORT:9998 TS:16.830 SPD:20.000 HDG:1.600 PX:336.800 PY:-40.000 LAN:4 BRK:0 RX_X:0.000 RX_Y:0.000 RX_Z:0.000
[ZONE-ROUTE] CID:3 zone=1 edge_port=9998
[EDGE-RTT] CID:3 wall=1.4 ms  sim_delay=5.0 ms
>>> [UAV->CLOUD] BLK:65d6|TX:7.0.0.7|CID:3|TS:16.830|SPD:20.0|HDG:1.6|PX:336.8|PY:-40.0|L...
[PASSIVE-BEACON] SIMNOW:16.846 CID:7 ZONE:1 RXUAV:1 EDGEPORT:9998 TS:16.832 SPD:19.800 HDG:0.700 PX:355.900 PY:-30.000 LAN:3 BRK:0 RX_X:0.000 RX_Y:0.000 RX_Z:0.000
[ZONE-ROUTE] CID:7 zone=1 edge_port=9998
[EDGE-RTT] CID:7 wall=1.3 ms  sim_delay=5.0 ms
>>> [UAV->CLOUD] BLK:2843|TX:7.0.0.11|CID:7|TS:16.832|SPD:19.8|HDG:0.7|PX:355.9|PY:-30.0|...
✓ [CAR 3] ACT=OK REP=1.000 RWD=1.000 PNL=0.000 CREDIT=28
✓ [CAR 7] ACT=OK REP=0.907 RWD=1.000 PNL=0.000 CREDIT=29
[PASSIVE-BEACON] SIMNOW:16.884 CID:1 ZONE:1 RXUAV:1 EDGEPORT:9998 TS:16.870 SPD:19.700 HDG:-0.900 PX:338.000 PY:-20.000 LAN:2 BRK:1 RX_X:0.000 RX_Y:0.000 RX_Z:0.000
[ZONE-ROUTE] CID:1 zone=1 edge_port=9998
[EDGE-RTT] CID:1 wall=1.2 ms  sim_delay=5.0 ms
>>> [UAV->CLOUD] BLK:d1f4|TX:7.0.0.5|CID:1|TS:16.870|SPD:19.7|HDG:-0.9|PX:338.0|PY:-20.0|...
✓ [CAR 1] ACT=OK REP=0.998 RWD=1.000 PNL=0.000 CREDIT=28
[PASSIVE-BEACON] SIMNOW:16.924 CID:2 ZONE:1 RXUAV:1 EDGEPORT:9998 TS:16.910 SPD:20.200 HDG:-2.000 PX:337.800 PY:-30.000 LAN:3 BRK:1 RX_X:0.000 RX_Y:0.000 RX_Z:0.000
[ZONE-ROUTE] CID:2 zone=1 edge_port=9998
[EDGE-RTT] CID:2 wall=0.9 ms  sim_delay=5.0 ms
>>> [UAV->CLOUD] BLK:57d7|TX:7.0.0.6|CID:2|TS:16.910|SPD:20.2|HDG:-2.0|PX:337.8|PY:-30.0|...
[PASSIVE-BEACON] SIMNOW:16.936 CID:8 ZONE:1 RXUAV:1 EDGEPORT:9998 TS:16.922 SPD:20.300 HDG:1.100 PX:358.200 PY:-40.000 LAN:4 BRK:0 RX_X:0.000 RX_Y:0.000 RX_Z:0.000
[ZONE-ROUTE] CID:8 zone=1 edge_port=9998
[EDGE-RTT] CID:8 wall=1.4 ms  sim_delay=5.0 ms
>>> [UAV->CLOUD] BLK:8e87|TX:7.0.0.12|CID:8|TS:16.922|SPD:20.3|HDG:1.1|PX:358.2|PY:-40.0|...
✓ [CAR 2] ACT=OK REP=1.000 RWD=1.000 PNL=0.000 CREDIT=28
✓ [CAR 8] ACT=OK REP=1.000 RWD=1.000 PNL=0.000 CREDIT=29
[PASSIVE-BEACON] SIMNOW:17.004 CID:4 ZONE:1 RXUAV:1 EDGEPORT:9998 TS:16.990 SPD:19.800 HDG:-0.800 PX:340.500 PY:-50.000 LAN:5 BRK:0 RX_X:0.000 RX_Y:0.000 RX_Z:0.000
[ZONE-ROUTE] CID:4 zone=1 edge_port=9998
[EDGE-RTT] CID:4 wall=1.3 ms  sim_delay=5.0 ms
>>> [UAV->CLOUD] BLK:cb9d|TX:7.0.0.8|CID:4|TS:16.990|SPD:19.8|HDG:-0.8|PX:340.5|PY:-50.0|...
✓ [CAR 4] ACT=OK REP=0.818 RWD=1.000 PNL=0.000 CREDIT=29
[PASSIVE-BEACON] SIMNOW:17.025 CID:0 ZONE:1 RXUAV:1 EDGEPORT:9998 TS:17.010 SPD:19.900 HDG:0.300 PX:340.800 PY:-10.000 LAN:1 BRK:0 RX_X:0.000 RX_Y:0.000 RX_Z:0.000
[ZONE-ROUTE] CID:0 zone=1 edge_port=9998
[EDGE-RTT] CID:0 wall=1.2 ms  sim_delay=5.0 ms
>>> [UAV->CLOUD] BLK:428d|TX:7.0.0.4|CID:0|TS:17.010|SPD:19.9|HDG:0.3|PX:340.8|PY:-10.0|L...
✓ [CAR 0] ACT=OK REP=0.689 RWD=1.000 PNL=0.000 CREDIT=29
[PASSIVE-BEACON] SIMNOW:17.086 CID:6 ZONE:1 RXUAV:1 EDGEPORT:9998 TS:17.072 SPD:20.000 HDG:1.400 PX:362.200 PY:-20.000 LAN:2 BRK:0 RX_X:0.000 RX_Y:0.000 RX_Z:0.000
[ZONE-ROUTE] CID:6 zone=1 edge_port=9998
[EDGE-RTT] CID:6 wall=1.2 ms  sim_delay=5.0 ms
>>> [UAV->CLOUD] BLK:38a0|TX:7.0.0.10|CID:6|TS:17.072|SPD:20.0|HDG:1.4|PX:362.2|PY:-20.0|...
[PASSIVE-BEACON] SIMNOW:17.096 CID:5 ZONE:1 RXUAV:1 EDGEPORT:9998 TS:17.082 SPD:19.800 HDG:1.400 PX:361.300 PY:-10.000 LAN:1 BRK:0 RX_X:0.000 RX_Y:0.000 RX_Z:0.000
[ZONE-ROUTE] CID:5 zone=1 edge_port=9998
[EDGE-RTT] CID:5 wall=0.9 ms  sim_delay=5.0 ms
>>> [UAV->CLOUD] BLK:73c9|TX:7.0.0.9|CID:5|TS:17.082|SPD:19.8|HDG:1.4|PX:361.3|PY:-10.0|L...
✓ [CAR 6] ACT=OK REP=1.000 RWD=1.000 PNL=0.000 CREDIT=30
✓ [CAR 5] ACT=OK REP=0.954 RWD=1.000 PNL=0.000 CREDIT=28
[PASSIVE-BEACON] SIMNOW:17.344 CID:7 ZONE:1 RXUAV:1 EDGEPORT:9998 TS:17.332 SPD:19.600 HDG:-0.200 PX:366.100 PY:-30.000 LAN:3 BRK:0 RX_X:0.000 RX_Y:0.000 RX_Z:0.000
[ZONE-ROUTE] CID:7 zone=1 edge_port=9998
[EDGE-RTT] CID:7 wall=1.4 ms  sim_delay=5.0 ms
>>> [UAV->CLOUD] BLK:4366|TX:7.0.0.11|CID:7|TS:17.332|SPD:19.6|HDG:-0.2|PX:366.1|PY:-30.0...
[PASSIVE-BEACON] SIMNOW:17.344 CID:3 ZONE:1 RXUAV:1 EDGEPORT:9998 TS:17.330 SPD:20.400 HDG:0.300 PX:346.800 PY:-40.000 LAN:4 BRK:0 RX_X:0.000 RX_Y:0.000 RX_Z:0.000
[ZONE-ROUTE] CID:3 zone=1 edge_port=9998
[EDGE-RTT] CID:3 wall=2.6 ms  sim_delay=5.0 ms
>>> [UAV->CLOUD] BLK:6456|TX:7.0.0.7|CID:3|TS:17.330|SPD:20.4|HDG:0.3|PX:346.8|PY:-40.0|L...
✓ [CAR 7] ACT=OK REP=0.918 RWD=1.000 PNL=0.000 CREDIT=30
✓ [CAR 3] ACT=OK REP=0.889 RWD=1.000 PNL=0.000 CREDIT=29
[PASSIVE-BEACON] SIMNOW:17.384 CID:1 ZONE:1 RXUAV:1 EDGEPORT:9998 TS:17.370 SPD:19.600 HDG:-0.300 PX:347.000 PY:-20.000 LAN:2 BRK:0 RX_X:0.000 RX_Y:0.000 RX_Z:0.000
[ZONE-ROUTE] CID:1 zone=1 edge_port=9998
[EDGE-RTT] CID:1 wall=1.4 ms  sim_delay=5.0 ms
>>> [UAV->CLOUD] BLK:39de|TX:7.0.0.5|CID:1|TS:17.370|SPD:19.6|HDG:-0.3|PX:347.0|PY:-20.0|...
✓ [CAR 1] ACT=OK REP=0.960 RWD=1.000 PNL=0.000 CREDIT=29
[PASSIVE-BEACON] SIMNOW:17.424 CID:2 ZONE:1 RXUAV:1 EDGEPORT:9998 TS:17.410 SPD:20.300 HDG:-0.200 PX:347.500 PY:-30.000 LAN:3 BRK:0 RX_X:0.000 RX_Y:0.000 RX_Z:0.000
[ZONE-ROUTE] CID:2 zone=1 edge_port=9998
[EDGE-RTT] CID:2 wall=1.3 ms  sim_delay=5.0 ms
>>> [UAV->CLOUD] BLK:43d0|TX:7.0.0.6|CID:2|TS:17.410|SPD:20.3|HDG:-0.2|PX:347.5|PY:-30.0|...
[PASSIVE-BEACON] SIMNOW:17.434 CID:8 ZONE:1 RXUAV:1 EDGEPORT:9998 TS:17.422 SPD:19.700 HDG:-1.400 PX:367.700 PY:-40.000 LAN:4 BRK:0 RX_X:0.000 RX_Y:0.000 RX_Z:0.000
[ZONE-ROUTE] CID:8 zone=1 edge_port=9998
[EDGE-RTT] CID:8 wall=1.3 ms  sim_delay=5.0 ms
>>> [UAV->CLOUD] BLK:c52e|TX:7.0.0.12|CID:8|TS:17.422|SPD:19.7|HDG:-1.4|PX:367.7|PY:-40.0...
✓ [CAR 2] ACT=OK REP=1.000 RWD=1.000 PNL=0.000 CREDIT=29
✓ [CAR 8] ACT=OK REP=0.920 RWD=1.000 PNL=0.000 CREDIT=30
[PASSIVE-BEACON] SIMNOW:17.504 CID:4 ZONE:1 RXUAV:1 EDGEPORT:9998 TS:17.490 SPD:19.600 HDG:0.800 PX:350.000 PY:-50.000 LAN:5 BRK:0 RX_X:0.000 RX_Y:0.000 RX_Z:0.000
[ZONE-ROUTE] CID:4 zone=1 edge_port=9998
[EDGE-RTT] CID:4 wall=1.4 ms  sim_delay=5.0 ms
>>> [UAV->CLOUD] BLK:3a18|TX:7.0.0.8|CID:4|TS:17.490|SPD:19.6|HDG:0.8|PX:350.0|PY:-50.0|L...
✓ [CAR 4] ACT=OK REP=1.000 RWD=1.000 PNL=0.000 CREDIT=30
[PASSIVE-BEACON] SIMNOW:17.523 CID:0 ZONE:1 RXUAV:1 EDGEPORT:9998 TS:17.510 SPD:19.500 HDG:0.100 PX:350.800 PY:-10.000 LAN:1 BRK:0 RX_X:0.000 RX_Y:0.000 RX_Z:0.000
[ZONE-ROUTE] CID:0 zone=1 edge_port=9998
[EDGE-RTT] CID:0 wall=1.4 ms  sim_delay=5.0 ms
>>> [UAV->CLOUD] BLK:a3be|TX:7.0.0.4|CID:0|TS:17.510|SPD:19.5|HDG:0.1|PX:350.8|PY:-10.0|L...
✓ [CAR 0] ACT=OK REP=0.911 RWD=1.000 PNL=0.000 CREDIT=30
[PASSIVE-BEACON] SIMNOW:17.586 CID:6 ZONE:1 RXUAV:1 EDGEPORT:9998 TS:17.572 SPD:20.100 HDG:0.400 PX:371.600 PY:-20.000 LAN:2 BRK:0 RX_X:0.000 RX_Y:0.000 RX_Z:0.000
[ZONE-ROUTE] CID:6 zone=1 edge_port=9998
[EDGE-RTT] CID:6 wall=1.3 ms  sim_delay=5.0 ms
>>> [UAV->CLOUD] BLK:7716|TX:7.0.0.10|CID:6|TS:17.572|SPD:20.1|HDG:0.4|PX:371.6|PY:-20.0|...
[PASSIVE-BEACON] SIMNOW:17.596 CID:5 ZONE:1 RXUAV:1 EDGEPORT:9998 TS:17.582 SPD:20.100 HDG:1.300 PX:371.100 PY:-10.000 LAN:1 BRK:0 RX_X:0.000 RX_Y:0.000 RX_Z:0.000
[ZONE-ROUTE] CID:5 zone=1 edge_port=9998
[EDGE-RTT] CID:5 wall=1.2 ms  sim_delay=5.0 ms
>>> [UAV->CLOUD] BLK:dcd9|TX:7.0.0.9|CID:5|TS:17.582|SPD:20.1|HDG:1.3|PX:371.1|PY:-10.0|L...
✓ [CAR 6] ACT=OK REP=0.898 RWD=1.000 PNL=0.000 CREDIT=31
✓ [CAR 5] ACT=OK REP=0.910 RWD=1.000 PNL=0.000 CREDIT=29
[PASSIVE-BEACON] SIMNOW:17.844 CID:3 ZONE:1 RXUAV:1 EDGEPORT:9998 TS:17.830 SPD:20.400 HDG:-0.800 PX:357.000 PY:-40.000 LAN:4 BRK:0 RX_X:0.000 RX_Y:0.000 RX_Z:0.000
[ZONE-ROUTE] CID:3 zone=1 edge_port=9998
[EDGE-RTT] CID:3 wall=1.3 ms  sim_delay=5.0 ms
>>> [UAV->CLOUD] BLK:ed4b|TX:7.0.0.7|CID:3|TS:17.830|SPD:20.4|HDG:-0.8|PX:357.0|PY:-40.0|...
[PASSIVE-BEACON] SIMNOW:17.846 CID:7 ZONE:1 RXUAV:1 EDGEPORT:9998 TS:17.832 SPD:19.500 HDG:0.000 PX:376.100 PY:-30.000 LAN:3 BRK:0 RX_X:0.000 RX_Y:0.000 RX_Z:0.000
[ZONE-ROUTE] CID:7 zone=1 edge_port=9998
[EDGE-RTT] CID:7 wall=1.4 ms  sim_delay=5.0 ms
>>> [UAV->CLOUD] BLK:5f02|TX:7.0.0.11|CID:7|TS:17.832|SPD:19.5|HDG:0.0|PX:376.1|PY:-30.0|...
✓ [CAR 3] ACT=OK REP=1.000 RWD=1.000 PNL=0.000 CREDIT=30
✓ [CAR 7] ACT=OK REP=0.881 RWD=1.000 PNL=0.000 CREDIT=31
[PASSIVE-BEACON] SIMNOW:17.882 CID:1 ZONE:1 RXUAV:1 EDGEPORT:9998 TS:17.870 SPD:19.600 HDG:0.200 PX:358.100 PY:-20.000 LAN:2 BRK:0 RX_X:0.000 RX_Y:0.000 RX_Z:0.000
[ZONE-ROUTE] CID:1 zone=1 edge_port=9998
[EDGE-RTT] CID:1 wall=1.1 ms  sim_delay=5.0 ms
>>> [UAV->CLOUD] BLK:d929|TX:7.0.0.5|CID:1|TS:17.870|SPD:19.6|HDG:0.2|PX:358.1|PY:-20.0|L...
✓ [CAR 1] ACT=OK REP=0.999 RWD=1.000 PNL=0.000 CREDIT=30
[PASSIVE-BEACON] SIMNOW:17.924 CID:2 ZONE:1 RXUAV:1 EDGEPORT:9998 TS:17.910 SPD:20.000 HDG:-0.700 PX:357.500 PY:-30.000 LAN:3 BRK:0 RX_X:0.000 RX_Y:0.000 RX_Z:0.000
[ZONE-ROUTE] CID:2 zone=1 edge_port=9998
[EDGE-RTT] CID:2 wall=1.3 ms  sim_delay=5.0 ms
>>> [UAV->CLOUD] BLK:9622|TX:7.0.0.6|CID:2|TS:17.910|SPD:20.0|HDG:-0.7|PX:357.5|PY:-30.0|...
[PASSIVE-BEACON] SIMNOW:17.936 CID:8 ZONE:1 RXUAV:1 EDGEPORT:9998 TS:17.922 SPD:20.300 HDG:-0.400 PX:378.800 PY:-40.000 LAN:4 BRK:1 RX_X:0.000 RX_Y:0.000 RX_Z:0.000
[ZONE-ROUTE] CID:8 zone=1 edge_port=9998
[EDGE-RTT] CID:8 wall=1.1 ms  sim_delay=5.0 ms
>>> [UAV->CLOUD] BLK:a3c7|TX:7.0.0.12|CID:8|TS:17.922|SPD:20.3|HDG:-0.4|PX:378.8|PY:-40.0...
✓ [CAR 2] ACT=OK REP=0.724 RWD=1.000 PNL=0.000 CREDIT=30
✓ [CAR 8] ACT=OK REP=0.925 RWD=1.000 PNL=0.000 CREDIT=31
[PASSIVE-BEACON] SIMNOW:18.004 CID:4 ZONE:1 RXUAV:1 EDGEPORT:9998 TS:17.990 SPD:19.600 HDG:1.900 PX:359.100 PY:-50.000 LAN:5 BRK:0 RX_X:0.000 RX_Y:0.000 RX_Z:0.000
[ZONE-ROUTE] CID:4 zone=1 edge_port=9998
[EDGE-RTT] CID:4 wall=1.4 ms  sim_delay=5.0 ms
>>> [UAV->CLOUD] BLK:3078|TX:7.0.0.8|CID:4|TS:17.990|SPD:19.6|HDG:1.9|PX:359.1|PY:-50.0|L...
✓ [CAR 4] ACT=OK REP=1.000 RWD=1.000 PNL=0.000 CREDIT=31
[PASSIVE-BEACON] SIMNOW:18.025 CID:0 ZONE:1 RXUAV:1 EDGEPORT:9998 TS:18.010 SPD:20.300 HDG:-0.400 PX:360.800 PY:-10.000 LAN:1 BRK:0 RX_X:0.000 RX_Y:0.000 RX_Z:0.000
[ZONE-ROUTE] CID:0 zone=1 edge_port=9998
[EDGE-RTT] CID:0 wall=1.2 ms  sim_delay=5.0 ms
>>> [UAV->CLOUD] BLK:1195|TX:7.0.0.4|CID:0|TS:18.010|SPD:20.3|HDG:-0.4|PX:360.8|PY:-10.0|...
✓ [CAR 0] ACT=OK REP=0.780 RWD=1.000 PNL=0.000 CREDIT=31
[PASSIVE-BEACON] SIMNOW:18.086 CID:6 ZONE:1 RXUAV:1 EDGEPORT:9998 TS:18.072 SPD:20.200 HDG:1.000 PX:381.600 PY:-20.000 LAN:2 BRK:0 RX_X:0.000 RX_Y:0.000 RX_Z:0.000
[ZONE-ROUTE] CID:6 zone=1 edge_port=9998
[EDGE-RTT] CID:6 wall=1.1 ms  sim_delay=5.0 ms
>>> [UAV->CLOUD] BLK:9fca|TX:7.0.0.10|CID:6|TS:18.072|SPD:20.2|HDG:1.0|PX:381.6|PY:-20.0|...
[PASSIVE-BEACON] SIMNOW:18.096 CID:5 ZONE:1 RXUAV:1 EDGEPORT:9998 TS:18.082 SPD:20.400 HDG:-0.800 PX:381.600 PY:-10.000 LAN:1 BRK:0 RX_X:0.000 RX_Y:0.000 RX_Z:0.000
[ZONE-ROUTE] CID:5 zone=1 edge_port=9998
[EDGE-RTT] CID:5 wall=1.1 ms  sim_delay=5.0 ms
>>> [UAV->CLOUD] BLK:61b6|TX:7.0.0.9|CID:5|TS:18.082|SPD:20.4|HDG:-0.8|PX:381.6|PY:-10.0|...
✓ [CAR 6] ACT=OK REP=0.735 RWD=1.000 PNL=0.000 CREDIT=32
✓ [CAR 5] ACT=OK REP=0.860 RWD=1.000 PNL=0.000 CREDIT=30
[PASSIVE-BEACON] SIMNOW:18.344 CID:3 ZONE:1 RXUAV:1 EDGEPORT:9998 TS:18.330 SPD:19.600 HDG:1.500 PX:366.000 PY:-40.000 LAN:4 BRK:0 RX_X:0.000 RX_Y:0.000 RX_Z:0.000
[ZONE-ROUTE] CID:3 zone=1 edge_port=9998
[EDGE-RTT] CID:3 wall=1.3 ms  sim_delay=5.0 ms
>>> [UAV->CLOUD] BLK:dab0|TX:7.0.0.7|CID:3|TS:18.330|SPD:19.6|HDG:1.5|PX:366.0|PY:-40.0|L...
[PASSIVE-BEACON] SIMNOW:18.346 CID:7 ZONE:1 RXUAV:1 EDGEPORT:9998 TS:18.332 SPD:20.000 HDG:-0.600 PX:387.300 PY:-30.000 LAN:3 BRK:0 RX_X:0.000 RX_Y:0.000 RX_Z:0.000
[ZONE-ROUTE] CID:7 zone=1 edge_port=9998
[EDGE-RTT] CID:7 wall=1.3 ms  sim_delay=5.0 ms
>>> [UAV->CLOUD] BLK:17c0|TX:7.0.0.11|CID:7|TS:18.332|SPD:20.0|HDG:-0.6|PX:387.3|PY:-30.0...
✓ [CAR 3] ACT=OK REP=0.990 RWD=1.000 PNL=0.000 CREDIT=31
✓ [CAR 7] ACT=OK REP=0.524 RWD=1.000 PNL=0.000 CREDIT=32
[PASSIVE-BEACON] SIMNOW:18.384 CID:1 ZONE:1 RXUAV:1 EDGEPORT:9998 TS:18.370 SPD:19.600 HDG:-1.800 PX:366.900 PY:-20.000 LAN:2 BRK:1 RX_X:0.000 RX_Y:0.000 RX_Z:0.000
[ZONE-ROUTE] CID:1 zone=1 edge_port=9998
[EDGE-RTT] CID:1 wall=1.3 ms  sim_delay=5.0 ms
>>> [UAV->CLOUD] BLK:8662|TX:7.0.0.5|CID:1|TS:18.370|SPD:19.6|HDG:-1.8|PX:366.9|PY:-20.0|...
✓ [CAR 1] ACT=OK REP=0.833 RWD=1.000 PNL=0.000 CREDIT=31
[PASSIVE-BEACON] SIMNOW:18.424 CID:2 ZONE:1 RXUAV:1 EDGEPORT:9998 TS:18.410 SPD:20.300 HDG:-1.900 PX:367.500 PY:-30.000 LAN:3 BRK:0 RX_X:0.000 RX_Y:0.000 RX_Z:0.000
[ZONE-ROUTE] CID:2 zone=1 edge_port=9998
[EDGE-RTT] CID:2 wall=1.3 ms  sim_delay=5.0 ms
>>> [UAV->CLOUD] BLK:dd63|TX:7.0.0.6|CID:2|TS:18.410|SPD:20.3|HDG:-1.9|PX:367.5|PY:-30.0|...
[PASSIVE-BEACON] SIMNOW:18.436 CID:8 ZONE:1 RXUAV:1 EDGEPORT:9998 TS:18.422 SPD:20.200 HDG:0.900 PX:388.100 PY:-40.000 LAN:4 BRK:0 RX_X:0.000 RX_Y:0.000 RX_Z:0.000
[ZONE-ROUTE] CID:8 zone=1 edge_port=9998
[EDGE-RTT] CID:8 wall=1.2 ms  sim_delay=5.0 ms
>>> [UAV->CLOUD] BLK:bb15|TX:7.0.0.12|CID:8|TS:18.422|SPD:20.2|HDG:0.9|PX:388.1|PY:-40.0|...
✓ [CAR 2] ACT=OK REP=1.000 RWD=1.000 PNL=0.000 CREDIT=31
✓ [CAR 8] ACT=OK REP=1.000 RWD=1.000 PNL=0.000 CREDIT=32
[PASSIVE-BEACON] SIMNOW:18.504 CID:4 ZONE:1 RXUAV:1 EDGEPORT:9998 TS:18.490 SPD:20.200 HDG:-1.200 PX:370.100 PY:-50.000 LAN:5 BRK:0 RX_X:0.000 RX_Y:0.000 RX_Z:0.000
[ZONE-ROUTE] CID:4 zone=1 edge_port=9998
[EDGE-RTT] CID:4 wall=1.3 ms  sim_delay=5.0 ms
>>> [UAV->CLOUD] BLK:2b00|TX:7.0.0.8|CID:4|TS:18.490|SPD:20.2|HDG:-1.2|PX:370.1|PY:-50.0|...
✓ [CAR 4] ACT=OK REP=0.915 RWD=1.000 PNL=0.000 CREDIT=32
[PASSIVE-BEACON] SIMNOW:18.524 CID:0 ZONE:1 RXUAV:1 EDGEPORT:9998 TS:18.510 SPD:19.900 HDG:2.000 PX:370.200 PY:-10.000 LAN:1 BRK:0 RX_X:0.000 RX_Y:0.000 RX_Z:0.000
[ZONE-ROUTE] CID:0 zone=1 edge_port=9998
[EDGE-RTT] CID:0 wall=1.1 ms  sim_delay=5.0 ms
>>> [UAV->CLOUD] BLK:91ec|TX:7.0.0.4|CID:0|TS:18.510|SPD:19.9|HDG:2.0|PX:370.2|PY:-10.0|L...
✓ [CAR 0] ACT=OK REP=1.000 RWD=1.000 PNL=0.000 CREDIT=32
[PASSIVE-BEACON] SIMNOW:18.586 CID:6 ZONE:1 RXUAV:1 EDGEPORT:9998 TS:18.572 SPD:19.900 HDG:-0.000 PX:392.000 PY:-20.000 LAN:2 BRK:0 RX_X:0.000 RX_Y:0.000 RX_Z:0.000
[ZONE-ROUTE] CID:6 zone=1 edge_port=9998
[EDGE-RTT] CID:6 wall=1.0 ms  sim_delay=5.0 ms
>>> [UAV->CLOUD] BLK:4cd3|TX:7.0.0.10|CID:6|TS:18.572|SPD:19.9|HDG:-0.0|PX:392.0|PY:-20.0...
[PASSIVE-BEACON] SIMNOW:18.596 CID:5 ZONE:1 RXUAV:1 EDGEPORT:9998 TS:18.582 SPD:20.100 HDG:-1.900 PX:391.200 PY:-10.000 LAN:1 BRK:0 RX_X:0.000 RX_Y:0.000 RX_Z:0.000
[ZONE-ROUTE] CID:5 zone=1 edge_port=9998
[EDGE-RTT] CID:5 wall=1.1 ms  sim_delay=5.0 ms
>>> [UAV->CLOUD] BLK:b9b7|TX:7.0.0.9|CID:5|TS:18.582|SPD:20.1|HDG:-1.9|PX:391.2|PY:-10.0|...
✓ [CAR 6] ACT=OK REP=0.753 RWD=1.000 PNL=0.000 CREDIT=33
✓ [CAR 5] ACT=OK REP=0.991 RWD=1.000 PNL=0.000 CREDIT=31
[PASSIVE-BEACON] SIMNOW:18.844 CID:3 ZONE:1 RXUAV:1 EDGEPORT:9998 TS:18.830 SPD:20.100 HDG:1.300 PX:377.100 PY:-40.000 LAN:4 BRK:0 RX_X:0.000 RX_Y:0.000 RX_Z:0.000
[ZONE-ROUTE] CID:3 zone=1 edge_port=9998
[EDGE-RTT] CID:3 wall=1.1 ms  sim_delay=5.0 ms
>>> [UAV->CLOUD] BLK:df53|TX:7.0.0.7|CID:3|TS:18.830|SPD:20.1|HDG:1.3|PX:377.1|PY:-40.0|L...
[PASSIVE-BEACON] SIMNOW:18.845 CID:7 ZONE:1 RXUAV:1 EDGEPORT:9998 TS:18.832 SPD:19.600 HDG:-0.900 PX:396.700 PY:-30.000 LAN:3 BRK:0 RX_X:0.000 RX_Y:0.000 RX_Z:0.000
[ZONE-ROUTE] CID:7 zone=1 edge_port=9998
[EDGE-RTT] CID:7 wall=2.7 ms  sim_delay=5.0 ms
>>> [UAV->CLOUD] BLK:895a|TX:7.0.0.11|CID:7|TS:18.832|SPD:19.6|HDG:-0.9|PX:396.7|PY:-30.0...
✓ [CAR 3] ACT=OK REP=0.876 RWD=1.000 PNL=0.000 CREDIT=32
✓ [CAR 7] ACT=OK REP=1.000 RWD=1.000 PNL=0.000 CREDIT=33
[PASSIVE-BEACON] SIMNOW:18.884 CID:1 ZONE:1 RXUAV:1 EDGEPORT:9998 TS:18.870 SPD:19.800 HDG:1.100 PX:377.300 PY:-20.000 LAN:2 BRK:1 RX_X:0.000 RX_Y:0.000 RX_Z:0.000
[ZONE-ROUTE] CID:1 zone=1 edge_port=9998
[EDGE-RTT] CID:1 wall=1.2 ms  sim_delay=5.0 ms
>>> [UAV->CLOUD] BLK:783e|TX:7.0.0.5|CID:1|TS:18.870|SPD:19.8|HDG:1.1|PX:377.3|PY:-20.0|L...
✓ [CAR 1] ACT=OK REP=0.810 RWD=1.000 PNL=0.000 CREDIT=32
[PASSIVE-BEACON] SIMNOW:18.924 CID:2 ZONE:1 RXUAV:1 EDGEPORT:9998 TS:18.910 SPD:19.800 HDG:-0.900 PX:378.100 PY:-30.000 LAN:3 BRK:0 RX_X:0.000 RX_Y:0.000 RX_Z:0.000
[ZONE-ROUTE] CID:2 zone=1 edge_port=9998
[EDGE-RTT] CID:2 wall=1.1 ms  sim_delay=5.0 ms
>>> [UAV->CLOUD] BLK:da4a|TX:7.0.0.6|CID:2|TS:18.910|SPD:19.8|HDG:-0.9|PX:378.1|PY:-30.0|...
[PASSIVE-BEACON] SIMNOW:18.935 CID:8 ZONE:1 RXUAV:1 EDGEPORT:9998 TS:18.922 SPD:20.300 HDG:0.500 PX:397.800 PY:-40.000 LAN:4 BRK:0 RX_X:0.000 RX_Y:0.000 RX_Z:0.000
[ZONE-ROUTE] CID:8 zone=1 edge_port=9998
[EDGE-RTT] CID:8 wall=0.9 ms  sim_delay=5.0 ms
>>> [UAV->CLOUD] BLK:df1c|TX:7.0.0.12|CID:8|TS:18.922|SPD:20.3|HDG:0.5|PX:397.8|PY:-40.0|...
✓ [CAR 2] ACT=OK REP=0.990 RWD=1.000 PNL=0.000 CREDIT=32
✓ [CAR 8] ACT=OK REP=1.000 RWD=1.000 PNL=0.000 CREDIT=33
[PASSIVE-BEACON] SIMNOW:19.002 CID:4 ZONE:1 RXUAV:1 EDGEPORT:9998 TS:18.990 SPD:19.500 HDG:0.100 PX:379.100 PY:-50.000 LAN:5 BRK:0 RX_X:0.000 RX_Y:0.000 RX_Z:0.000
[ZONE-ROUTE] CID:4 zone=1 edge_port=9998
[EDGE-RTT] CID:4 wall=1.4 ms  sim_delay=5.0 ms
>>> [UAV->CLOUD] BLK:bb5a|TX:7.0.0.8|CID:4|TS:18.990|SPD:19.5|HDG:0.1|PX:379.1|PY:-50.0|L...
✓ [CAR 4] ACT=OK REP=1.000 RWD=1.000 PNL=0.000 CREDIT=33
[PASSIVE-BEACON] SIMNOW:19.025 CID:0 ZONE:1 RXUAV:1 EDGEPORT:9998 TS:19.010 SPD:19.600 HDG:1.900 PX:379.900 PY:-10.000 LAN:1 BRK:0 RX_X:0.000 RX_Y:0.000 RX_Z:0.000
[ZONE-ROUTE] CID:0 zone=1 edge_port=9998
[EDGE-RTT] CID:0 wall=1.1 ms  sim_delay=5.0 ms
>>> [UAV->CLOUD] BLK:0f82|TX:7.0.0.4|CID:0|TS:19.010|SPD:19.6|HDG:1.9|PX:379.9|PY:-10.0|L...
✓ [CAR 0] ACT=OK REP=0.870 RWD=1.000 PNL=0.000 CREDIT=33
[PASSIVE-BEACON] SIMNOW:19.086 CID:6 ZONE:1 RXUAV:1 EDGEPORT:9998 TS:19.072 SPD:19.500 HDG:-1.600 PX:402.100 PY:-20.000 LAN:2 BRK:1 RX_X:0.000 RX_Y:0.000 RX_Z:0.000
[ZONE-ROUTE] CID:6 zone=1 edge_port=9998
[EDGE-RTT] CID:6 wall=1.1 ms  sim_delay=5.0 ms
>>> [UAV->CLOUD] BLK:6857|TX:7.0.0.10|CID:6|TS:19.072|SPD:19.5|HDG:-1.6|PX:402.1|PY:-20.0...
[PASSIVE-BEACON] SIMNOW:19.096 CID:5 ZONE:1 RXUAV:1 EDGEPORT:9998 TS:19.082 SPD:20.100 HDG:0.400 PX:401.200 PY:-10.000 LAN:1 BRK:0 RX_X:0.000 RX_Y:0.000 RX_Z:0.000
[ZONE-ROUTE] CID:5 zone=1 edge_port=9998
[EDGE-RTT] CID:5 wall=1.2 ms  sim_delay=5.0 ms
>>> [UAV->CLOUD] BLK:e112|TX:7.0.0.9|CID:5|TS:19.082|SPD:20.1|HDG:0.4|PX:401.2|PY:-10.0|L...
✓ [CAR 6] ACT=OK REP=1.000 RWD=1.000 PNL=0.000 CREDIT=34
✓ [CAR 5] ACT=OK REP=0.895 RWD=1.000 PNL=0.000 CREDIT=32
[PASSIVE-BEACON] SIMNOW:19.344 CID:3 ZONE:1 RXUAV:1 EDGEPORT:9998 TS:19.330 SPD:20.200 HDG:-1.600 PX:386.600 PY:-40.000 LAN:4 BRK:0 RX_X:0.000 RX_Y:0.000 RX_Z:0.000
[ZONE-ROUTE] CID:3 zone=1 edge_port=9998
[EDGE-RTT] CID:3 wall=1.2 ms  sim_delay=5.0 ms
>>> [UAV->CLOUD] BLK:8bd5|TX:7.0.0.7|CID:3|TS:19.330|SPD:20.2|HDG:-1.6|PX:386.6|PY:-40.0|...
[PASSIVE-BEACON] SIMNOW:19.346 CID:7 ZONE:1 RXUAV:1 EDGEPORT:9998 TS:19.332 SPD:19.700 HDG:-0.200 PX:406.900 PY:-30.000 LAN:3 BRK:0 RX_X:0.000 RX_Y:0.000 RX_Z:0.000
[ZONE-ROUTE] CID:7 zone=1 edge_port=9998
[EDGE-RTT] CID:7 wall=1.3 ms  sim_delay=5.0 ms
>>> [UAV->CLOUD] BLK:4e93|TX:7.0.0.11|CID:7|TS:19.332|SPD:19.7|HDG:-0.2|PX:406.9|PY:-30.0...
✓ [CAR 3] ACT=OK REP=1.000 RWD=1.000 PNL=0.000 CREDIT=33
✓ [CAR 7] ACT=OK REP=1.000 RWD=1.000 PNL=0.000 CREDIT=34
[PASSIVE-BEACON] SIMNOW:19.383 CID:1 ZONE:1 RXUAV:1 EDGEPORT:9998 TS:19.370 SPD:20.200 HDG:1.600 PX:387.200 PY:-20.000 LAN:2 BRK:0 RX_X:0.000 RX_Y:0.000 RX_Z:0.000
[ZONE-ROUTE] CID:1 zone=1 edge_port=9998
[EDGE-RTT] CID:1 wall=1.2 ms  sim_delay=5.0 ms
>>> [UAV->CLOUD] BLK:9446|TX:7.0.0.5|CID:1|TS:19.370|SPD:20.2|HDG:1.6|PX:387.2|PY:-20.0|L...
✓ [CAR 1] ACT=OK REP=0.918 RWD=1.000 PNL=0.000 CREDIT=33
[PASSIVE-BEACON] SIMNOW:19.424 CID:2 ZONE:1 RXUAV:1 EDGEPORT:9998 TS:19.410 SPD:20.100 HDG:0.500 PX:388.900 PY:-30.000 LAN:3 BRK:0 RX_X:0.000 RX_Y:0.000 RX_Z:0.000
[ZONE-ROUTE] CID:2 zone=1 edge_port=9998
[EDGE-RTT] CID:2 wall=1.1 ms  sim_delay=5.0 ms
>>> [UAV->CLOUD] BLK:4914|TX:7.0.0.6|CID:2|TS:19.410|SPD:20.1|HDG:0.5|PX:388.9|PY:-30.0|L...
[PASSIVE-BEACON] SIMNOW:19.436 CID:8 ZONE:1 RXUAV:1 EDGEPORT:9998 TS:19.422 SPD:19.500 HDG:0.600 PX:408.200 PY:-40.000 LAN:4 BRK:1 RX_X:0.000 RX_Y:0.000 RX_Z:0.000
[ZONE-ROUTE] CID:8 zone=1 edge_port=9998
[EDGE-RTT] CID:8 wall=1.2 ms  sim_delay=5.0 ms
>>> [UAV->CLOUD] BLK:6c0c|TX:7.0.0.12|CID:8|TS:19.422|SPD:19.5|HDG:0.6|PX:408.2|PY:-40.0|...
✓ [CAR 2] ACT=OK REP=0.802 RWD=1.000 PNL=0.000 CREDIT=33
✓ [CAR 8] ACT=OK REP=1.000 RWD=1.000 PNL=0.000 CREDIT=34
[PASSIVE-BEACON] SIMNOW:19.504 CID:4 ZONE:1 RXUAV:1 EDGEPORT:9998 TS:19.490 SPD:19.800 HDG:-0.300 PX:390.400 PY:-50.000 LAN:5 BRK:1 RX_X:0.000 RX_Y:0.000 RX_Z:0.000
[ZONE-ROUTE] CID:4 zone=1 edge_port=9998
[EDGE-RTT] CID:4 wall=1.3 ms  sim_delay=5.0 ms
>>> [UAV->CLOUD] BLK:65f5|TX:7.0.0.8|CID:4|TS:19.490|SPD:19.8|HDG:-0.3|PX:390.4|PY:-50.0|...
✓ [CAR 4] ACT=OK REP=1.000 RWD=1.000 PNL=0.000 CREDIT=34
[PASSIVE-BEACON] SIMNOW:19.524 CID:0 ZONE:1 RXUAV:1 EDGEPORT:9998 TS:19.510 SPD:19.600 HDG:-0.400 PX:389.500 PY:-10.000 LAN:1 BRK:0 RX_X:0.000 RX_Y:0.000 RX_Z:0.000
[ZONE-ROUTE] CID:0 zone=1 edge_port=9998
[EDGE-RTT] CID:0 wall=1.1 ms  sim_delay=5.0 ms
>>> [UAV->CLOUD] BLK:b624|TX:7.0.0.4|CID:0|TS:19.510|SPD:19.6|HDG:-0.4|PX:389.5|PY:-10.0|...
✓ [CAR 0] ACT=OK REP=0.736 RWD=1.000 PNL=0.000 CREDIT=34
[PASSIVE-BEACON] SIMNOW:19.584 CID:6 ZONE:1 RXUAV:1 EDGEPORT:9998 TS:19.572 SPD:20.400 HDG:-0.000 PX:411.500 PY:-20.000 LAN:2 BRK:0 RX_X:0.000 RX_Y:0.000 RX_Z:0.000
[ZONE-ROUTE] CID:6 zone=1 edge_port=9998
[EDGE-RTT] CID:6 wall=1.1 ms  sim_delay=5.0 ms
>>> [UAV->CLOUD] BLK:bada|TX:7.0.0.10|CID:6|TS:19.572|SPD:20.4|HDG:-0.0|PX:411.5|PY:-20.0...
[PASSIVE-BEACON] SIMNOW:19.596 CID:5 ZONE:1 RXUAV:1 EDGEPORT:9998 TS:19.582 SPD:19.900 HDG:-0.600 PX:411.000 PY:-10.000 LAN:1 BRK:0 RX_X:0.000 RX_Y:0.000 RX_Z:0.000
[ZONE-ROUTE] CID:5 zone=1 edge_port=9998
[EDGE-RTT] CID:5 wall=0.9 ms  sim_delay=5.0 ms
>>> [UAV->CLOUD] BLK:af18|TX:7.0.0.9|CID:5|TS:19.582|SPD:19.9|HDG:-0.6|PX:411.0|PY:-10.0|...
✓ [CAR 6] ACT=OK REP=0.800 RWD=1.000 PNL=0.000 CREDIT=35
✓ [CAR 5] ACT=OK REP=1.000 RWD=1.000 PNL=0.000 CREDIT=33
[PASSIVE-BEACON] SIMNOW:19.844 CID:3 ZONE:1 RXUAV:1 EDGEPORT:9998 TS:19.830 SPD:20.100 HDG:-0.100 PX:397.200 PY:-40.000 LAN:4 BRK:0 RX_X:0.000 RX_Y:0.000 RX_Z:0.000
[ZONE-ROUTE] CID:3 zone=1 edge_port=9998
[EDGE-RTT] CID:3 wall=1.5 ms  sim_delay=5.0 ms
>>> [UAV->CLOUD] BLK:04dc|TX:7.0.0.7|CID:3|TS:19.830|SPD:20.1|HDG:-0.1|PX:397.2|PY:-40.0|...
[PASSIVE-BEACON] SIMNOW:19.846 CID:7 ZONE:1 RXUAV:1 EDGEPORT:9998 TS:19.832 SPD:20.100 HDG:-1.300 PX:417.100 PY:-30.000 LAN:3 BRK:0 RX_X:0.000 RX_Y:0.000 RX_Z:0.000
[ZONE-ROUTE] CID:7 zone=1 edge_port=9998
[EDGE-RTT] CID:7 wall=1.3 ms  sim_delay=5.0 ms
>>> [UAV->CLOUD] BLK:6a6c|TX:7.0.0.11|CID:7|TS:19.832|SPD:20.1|HDG:-1.3|PX:417.1|PY:-30.0...
✓ [CAR 3] ACT=OK REP=1.000 RWD=1.000 PNL=0.000 CREDIT=34
✓ [CAR 7] ACT=OK REP=0.739 RWD=1.000 PNL=0.000 CREDIT=35
[PASSIVE-BEACON] SIMNOW:19.884 CID:1 ZONE:1 RXUAV:1 EDGEPORT:9998 TS:19.870 SPD:19.900 HDG:-1.300 PX:397.100 PY:-20.000 LAN:2 BRK:0 RX_X:0.000 RX_Y:0.000 RX_Z:0.000
[ZONE-ROUTE] CID:1 zone=1 edge_port=9998
[EDGE-RTT] CID:1 wall=1.2 ms  sim_delay=5.0 ms
>>> [UAV->CLOUD] BLK:a11f|TX:7.0.0.5|CID:1|TS:19.870|SPD:19.9|HDG:-1.3|PX:397.1|PY:-20.0|...
✓ [CAR 1] ACT=OK REP=0.751 RWD=1.000 PNL=0.000 CREDIT=34
[PASSIVE-BEACON] SIMNOW:19.924 CID:2 ZONE:1 RXUAV:1 EDGEPORT:9998 TS:19.910 SPD:20.400 HDG:0.400 PX:397.800 PY:-30.000 LAN:3 BRK:0 RX_X:0.000 RX_Y:0.000 RX_Z:0.000
[ZONE-ROUTE] CID:2 zone=1 edge_port=9998
[EDGE-RTT] CID:2 wall=1.1 ms  sim_delay=5.0 ms
>>> [UAV->CLOUD] BLK:d2e8|TX:7.0.0.6|CID:2|TS:19.910|SPD:20.4|HDG:0.4|PX:397.8|PY:-30.0|L...
[PASSIVE-BEACON] SIMNOW:19.936 CID:8 ZONE:1 RXUAV:1 EDGEPORT:9998 TS:19.922 SPD:20.200 HDG:0.700 PX:419.100 PY:-40.000 LAN:4 BRK:0 RX_X:0.000 RX_Y:0.000 RX_Z:0.000
[ZONE-ROUTE] CID:8 zone=1 edge_port=9998
[EDGE-RTT] CID:8 wall=1.1 ms  sim_delay=5.0 ms
>>> [UAV->CLOUD] BLK:0049|TX:7.0.0.12|CID:8|TS:19.922|SPD:20.2|HDG:0.7|PX:419.1|PY:-40.0|...
✓ [CAR 2] ACT=OK REP=0.794 RWD=1.000 PNL=0.000 CREDIT=34
✓ [CAR 8] ACT=OK REP=0.838 RWD=1.000 PNL=0.000 CREDIT=35
[PASSIVE-BEACON] SIMNOW:20.004 CID:4 ZONE:1 RXUAV:1 EDGEPORT:9998 TS:19.990 SPD:20.400 HDG:0.900 PX:400.300 PY:-50.000 LAN:5 BRK:1 RX_X:0.000 RX_Y:0.000 RX_Z:0.000
[ZONE-ROUTE] CID:4 zone=1 edge_port=9998
[EDGE-RTT] CID:4 wall=1.2 ms  sim_delay=5.0 ms
>>> [UAV->CLOUD] BLK:89b9|TX:7.0.0.8|CID:4|TS:19.990|SPD:20.4|HDG:0.9|PX:400.3|PY:-50.0|L...
✓ [CAR 4] ACT=OK REP=0.906 RWD=1.000 PNL=0.000 CREDIT=35
[PASSIVE-BEACON] SIMNOW:20.025 CID:0 ZONE:1 RXUAV:1 EDGEPORT:9998 TS:20.010 SPD:20.400 HDG:0.800 PX:399.600 PY:-10.000 LAN:1 BRK:1 RX_X:0.000 RX_Y:0.000 RX_Z:0.000
[ZONE-ROUTE] CID:0 zone=1 edge_port=9998
[EDGE-RTT] CID:0 wall=1.0 ms  sim_delay=5.0 ms
>>> [UAV->CLOUD] BLK:0fcc|TX:7.0.0.4|CID:0|TS:20.010|SPD:20.4|HDG:0.8|PX:399.6|PY:-10.0|L...
✓ [CAR 0] ACT=OK REP=0.886 RWD=1.000 PNL=0.000 CREDIT=35
[PASSIVE-BEACON] SIMNOW:20.086 CID:6 ZONE:1 RXUAV:1 EDGEPORT:9998 TS:20.072 SPD:20.000 HDG:-0.600 PX:421.700 PY:-20.000 LAN:2 BRK:0 RX_X:0.000 RX_Y:0.000 RX_Z:0.000
[ZONE-ROUTE] CID:6 zone=1 edge_port=9998
[EDGE-RTT] CID:6 wall=0.9 ms  sim_delay=5.0 ms
>>> [UAV->CLOUD] BLK:e27c|TX:7.0.0.10|CID:6|TS:20.072|SPD:20.0|HDG:-0.6|PX:421.7|PY:-20.0...
[PASSIVE-BEACON] SIMNOW:20.096 CID:5 ZONE:1 RXUAV:1 EDGEPORT:9998 TS:20.082 SPD:19.600 HDG:0.600 PX:421.800 PY:-10.000 LAN:1 BRK:0 RX_X:0.000 RX_Y:0.000 RX_Z:0.000
[ZONE-ROUTE] CID:5 zone=1 edge_port=9998
[EDGE-RTT] CID:5 wall=1.1 ms  sim_delay=5.0 ms
>>> [UAV->CLOUD] BLK:fc94|TX:7.0.0.9|CID:5|TS:20.082|SPD:19.6|HDG:0.6|PX:421.8|PY:-10.0|L...
✓ [CAR 6] ACT=OK REP=0.880 RWD=1.000 PNL=0.000 CREDIT=36
✓ [CAR 5] ACT=OK REP=0.796 RWD=1.000 PNL=0.000 CREDIT=34
[PASSIVE-BEACON] SIMNOW:20.344 CID:3 ZONE:1 RXUAV:1 EDGEPORT:9998 TS:20.330 SPD:19.700 HDG:0.600 PX:406.700 PY:-40.000 LAN:4 BRK:0 RX_X:0.000 RX_Y:0.000 RX_Z:0.000
[ZONE-ROUTE] CID:3 zone=1 edge_port=9998
[EDGE-RTT] CID:3 wall=1.3 ms  sim_delay=5.0 ms
>>> [UAV->CLOUD] BLK:f5fc|TX:7.0.0.7|CID:3|TS:20.330|SPD:19.7|HDG:0.6|PX:406.7|PY:-40.0|L...
[PASSIVE-BEACON] SIMNOW:20.346 CID:7 ZONE:1 RXUAV:1 EDGEPORT:9998 TS:20.332 SPD:19.600 HDG:1.300 PX:426.700 PY:-30.000 LAN:3 BRK:0 RX_X:0.000 RX_Y:0.000 RX_Z:0.000
[ZONE-ROUTE] CID:7 zone=1 edge_port=9998
[EDGE-RTT] CID:7 wall=0.9 ms  sim_delay=5.0 ms
>>> [UAV->CLOUD] BLK:29eb|TX:7.0.0.11|CID:7|TS:20.332|SPD:19.6|HDG:1.3|PX:426.7|PY:-30.0|...
✓ [CAR 3] ACT=OK REP=1.000 RWD=1.000 PNL=0.000 CREDIT=35
✓ [CAR 7] ACT=OK REP=0.898 RWD=1.000 PNL=0.000 CREDIT=36
[PASSIVE-BEACON] SIMNOW:20.384 CID:1 ZONE:1 RXUAV:1 EDGEPORT:9998 TS:20.370 SPD:20.400 HDG:-1.100 PX:408.000 PY:-20.000 LAN:2 BRK:0 RX_X:0.000 RX_Y:0.000 RX_Z:0.000
[ZONE-ROUTE] CID:1 zone=1 edge_port=9998
[EDGE-RTT] CID:1 wall=1.1 ms  sim_delay=5.0 ms
>>> [UAV->CLOUD] BLK:6578|TX:7.0.0.5|CID:1|TS:20.370|SPD:20.4|HDG:-1.1|PX:408.0|PY:-20.0|...
✓ [CAR 1] ACT=OK REP=0.851 RWD=1.000 PNL=0.000 CREDIT=35
[PASSIVE-BEACON] SIMNOW:20.424 CID:2 ZONE:1 RXUAV:1 EDGEPORT:9998 TS:20.410 SPD:19.600 HDG:1.800 PX:408.800 PY:-30.000 LAN:3 BRK:0 RX_X:0.000 RX_Y:0.000 RX_Z:0.000
[ZONE-ROUTE] CID:2 zone=1 edge_port=9998
[EDGE-RTT] CID:2 wall=1.0 ms  sim_delay=5.0 ms
>>> [UAV->CLOUD] BLK:4cee|TX:7.0.0.6|CID:2|TS:20.410|SPD:19.6|HDG:1.8|PX:408.8|PY:-30.0|L...
[PASSIVE-BEACON] SIMNOW:20.435 CID:8 ZONE:1 RXUAV:1 EDGEPORT:9998 TS:20.422 SPD:20.000 HDG:-1.200 PX:428.500 PY:-40.000 LAN:4 BRK:0 RX_X:0.000 RX_Y:0.000 RX_Z:0.000
[ZONE-ROUTE] CID:8 zone=1 edge_port=9998
[EDGE-RTT] CID:8 wall=1.1 ms  sim_delay=5.0 ms
>>> [UAV->CLOUD] BLK:af00|TX:7.0.0.12|CID:8|TS:20.422|SPD:20.0|HDG:-1.2|PX:428.5|PY:-40.0...
✓ [CAR 2] ACT=OK REP=1.000 RWD=1.000 PNL=0.000 CREDIT=35
✓ [CAR 8] ACT=OK REP=1.000 RWD=1.000 PNL=0.000 CREDIT=36
[PASSIVE-BEACON] SIMNOW:20.503 CID:4 ZONE:1 RXUAV:1 EDGEPORT:9998 TS:20.490 SPD:20.200 HDG:1.300 PX:409.800 PY:-50.000 LAN:5 BRK:0 RX_X:0.000 RX_Y:0.000 RX_Z:0.000
[ZONE-ROUTE] CID:4 zone=1 edge_port=9998
[EDGE-RTT] CID:4 wall=1.4 ms  sim_delay=5.0 ms
>>> [UAV->CLOUD] BLK:ec94|TX:7.0.0.8|CID:4|TS:20.490|SPD:20.2|HDG:1.3|PX:409.8|PY:-50.0|L...
✓ [CAR 4] ACT=OK REP=0.811 RWD=1.000 PNL=0.000 CREDIT=36
[PASSIVE-BEACON] SIMNOW:20.524 CID:0 ZONE:1 RXUAV:1 EDGEPORT:9998 TS:20.510 SPD:19.800 HDG:1.200 PX:410.000 PY:-10.000 LAN:1 BRK:0 RX_X:0.000 RX_Y:0.000 RX_Z:0.000
[ZONE-ROUTE] CID:0 zone=1 edge_port=9998
[EDGE-RTT] CID:0 wall=1.1 ms  sim_delay=5.0 ms
>>> [UAV->CLOUD] BLK:e0b4|TX:7.0.0.4|CID:0|TS:20.510|SPD:19.8|HDG:1.2|PX:410.0|PY:-10.0|L...
✓ [CAR 0] ACT=OK REP=0.920 RWD=1.000 PNL=0.000 CREDIT=36
[PASSIVE-BEACON] SIMNOW:20.586 CID:6 ZONE:1 RXUAV:1 EDGEPORT:9998 TS:20.572 SPD:19.800 HDG:1.200 PX:431.500 PY:-20.000 LAN:2 BRK:1 RX_X:0.000 RX_Y:0.000 RX_Z:0.000
[ZONE-ROUTE] CID:6 zone=1 edge_port=9998
[EDGE-RTT] CID:6 wall=1.0 ms  sim_delay=5.0 ms
>>> [UAV->CLOUD] BLK:48ad|TX:7.0.0.10|CID:6|TS:20.572|SPD:19.8|HDG:1.2|PX:431.5|PY:-20.0|...
[PASSIVE-BEACON] SIMNOW:20.596 CID:5 ZONE:1 RXUAV:1 EDGEPORT:9998 TS:20.582 SPD:20.100 HDG:-0.100 PX:431.000 PY:-10.000 LAN:1 BRK:0 RX_X:0.000 RX_Y:0.000 RX_Z:0.000
[ZONE-ROUTE] CID:5 zone=1 edge_port=9998
[EDGE-RTT] CID:5 wall=1.2 ms  sim_delay=5.0 ms
>>> [UAV->CLOUD] BLK:1103|TX:7.0.0.9|CID:5|TS:20.582|SPD:20.1|HDG:-0.1|PX:431.0|PY:-10.0|...
✓ [CAR 6] ACT=OK REP=1.000 RWD=1.000 PNL=0.000 CREDIT=37
✓ [CAR 5] ACT=OK REP=0.910 RWD=1.000 PNL=0.000 CREDIT=35
[PASSIVE-BEACON] SIMNOW:20.844 CID:3 ZONE:1 RXUAV:1 EDGEPORT:9998 TS:20.830 SPD:19.900 HDG:-0.700 PX:417.200 PY:-40.000 LAN:4 BRK:1 RX_X:0.000 RX_Y:0.000 RX_Z:0.000
[ZONE-ROUTE] CID:3 zone=1 edge_port=9998
[EDGE-RTT] CID:3 wall=1.2 ms  sim_delay=5.0 ms
>>> [UAV->CLOUD] BLK:b670|TX:7.0.0.7|CID:3|TS:20.830|SPD:19.9|HDG:-0.7|PX:417.2|PY:-40.0|...
[PASSIVE-BEACON] SIMNOW:20.846 CID:7 ZONE:1 RXUAV:1 EDGEPORT:9998 TS:20.832 SPD:20.300 HDG:0.100 PX:437.200 PY:-30.000 LAN:3 BRK:0 RX_X:0.000 RX_Y:0.000 RX_Z:0.000
[ZONE-ROUTE] CID:7 zone=1 edge_port=9998
[EDGE-RTT] CID:7 wall=1.1 ms  sim_delay=5.0 ms
>>> [UAV->CLOUD] BLK:2cc6|TX:7.0.0.11|CID:7|TS:20.832|SPD:20.3|HDG:0.1|PX:437.2|PY:-30.0|...
✓ [CAR 3] ACT=OK REP=0.864 RWD=1.000 PNL=0.000 CREDIT=36
✓ [CAR 7] ACT=OK REP=0.937 RWD=1.000 PNL=0.000 CREDIT=37
[PASSIVE-BEACON] SIMNOW:20.883 CID:1 ZONE:1 RXUAV:1 EDGEPORT:9998 TS:20.870 SPD:20.400 HDG:-0.200 PX:417.000 PY:-20.000 LAN:2 BRK:0 RX_X:0.000 RX_Y:0.000 RX_Z:0.000
[ZONE-ROUTE] CID:1 zone=1 edge_port=9998
[EDGE-RTT] CID:1 wall=1.2 ms  sim_delay=5.0 ms
>>> [UAV->CLOUD] BLK:9298|TX:7.0.0.5|CID:1|TS:20.870|SPD:20.4|HDG:-0.2|PX:417.0|PY:-20.0|...
✓ [CAR 1] ACT=OK REP=0.906 RWD=1.000 PNL=0.000 CREDIT=36
[PASSIVE-BEACON] SIMNOW:20.924 CID:2 ZONE:1 RXUAV:1 EDGEPORT:9998 TS:20.910 SPD:19.600 HDG:-0.500 PX:417.900 PY:-30.000 LAN:3 BRK:1 RX_X:0.000 RX_Y:0.000 RX_Z:0.000
[ZONE-ROUTE] CID:2 zone=1 edge_port=9998
[EDGE-RTT] CID:2 wall=1.2 ms  sim_delay=5.0 ms
>>> [UAV->CLOUD] BLK:cd7d|TX:7.0.0.6|CID:2|TS:20.910|SPD:19.6|HDG:-0.5|PX:417.9|PY:-30.0|...
[PASSIVE-BEACON] SIMNOW:20.936 CID:8 ZONE:1 RXUAV:1 EDGEPORT:9998 TS:20.922 SPD:19.700 HDG:-0.400 PX:438.100 PY:-40.000 LAN:4 BRK:0 RX_X:0.000 RX_Y:0.000 RX_Z:0.000
[ZONE-ROUTE] CID:8 zone=1 edge_port=9998
[EDGE-RTT] CID:8 wall=1.0 ms  sim_delay=5.0 ms
>>> [UAV->CLOUD] BLK:3981|TX:7.0.0.12|CID:8|TS:20.922|SPD:19.7|HDG:-0.4|PX:438.1|PY:-40.0...
✓ [CAR 2] ACT=OK REP=0.928 RWD=1.000 PNL=0.000 CREDIT=36
✓ [CAR 8] ACT=OK REP=1.000 RWD=1.000 PNL=0.000 CREDIT=37
[PASSIVE-BEACON] SIMNOW:21.004 CID:4 ZONE:1 RXUAV:1 EDGEPORT:9998 TS:20.990 SPD:19.700 HDG:-1.900 PX:419.900 PY:-50.000 LAN:5 BRK:0 RX_X:0.000 RX_Y:0.000 RX_Z:0.000
[ZONE-ROUTE] CID:4 zone=1 edge_port=9998
[EDGE-RTT] CID:4 wall=1.2 ms  sim_delay=5.0 ms
>>> [UAV->CLOUD] BLK:becf|TX:7.0.0.8|CID:4|TS:20.990|SPD:19.7|HDG:-1.9|PX:419.9|PY:-50.0|...
✓ [CAR 4] ACT=OK REP=1.000 RWD=1.000 PNL=0.000 CREDIT=37
[PASSIVE-BEACON] SIMNOW:21.025 CID:0 ZONE:1 RXUAV:1 EDGEPORT:9998 TS:21.010 SPD:20.500 HDG:0.200 PX:420.600 PY:-10.000 LAN:1 BRK:0 RX_X:0.000 RX_Y:0.000 RX_Z:0.000
[ZONE-ROUTE] CID:0 zone=1 edge_port=9998
[EDGE-RTT] CID:0 wall=1.0 ms  sim_delay=5.0 ms
>>> [UAV->CLOUD] BLK:c55d|TX:7.0.0.4|CID:0|TS:21.010|SPD:20.5|HDG:0.2|PX:420.6|PY:-10.0|L...
✓ [CAR 0] ACT=OK REP=0.689 RWD=1.000 PNL=0.000 CREDIT=37
[PASSIVE-BEACON] SIMNOW:21.085 CID:6 ZONE:1 RXUAV:1 EDGEPORT:9998 TS:21.072 SPD:19.600 HDG:1.800 PX:441.400 PY:-20.000 LAN:2 BRK:1 RX_X:0.000 RX_Y:0.000 RX_Z:0.000
[ZONE-ROUTE] CID:6 zone=1 edge_port=9998
[EDGE-RTT] CID:6 wall=1.2 ms  sim_delay=5.0 ms
>>> [UAV->CLOUD] BLK:ce48|TX:7.0.0.10|CID:6|TS:21.072|SPD:19.6|HDG:1.8|PX:441.4|PY:-20.0|...
[PASSIVE-BEACON] SIMNOW:21.096 CID:5 ZONE:1 RXUAV:1 EDGEPORT:9998 TS:21.082 SPD:20.200 HDG:-1.400 PX:441.500 PY:-10.000 LAN:1 BRK:0 RX_X:0.000 RX_Y:0.000 RX_Z:0.000
[ZONE-ROUTE] CID:5 zone=1 edge_port=9998
[EDGE-RTT] CID:5 wall=1.1 ms  sim_delay=5.0 ms
>>> [UAV->CLOUD] BLK:ffe0|TX:7.0.0.9|CID:5|TS:21.082|SPD:20.2|HDG:-1.4|PX:441.5|PY:-10.0|...
✓ [CAR 6] ACT=OK REP=1.000 RWD=1.000 PNL=0.000 CREDIT=38
✓ [CAR 5] ACT=OK REP=0.845 RWD=1.000 PNL=0.000 CREDIT=36
[PASSIVE-BEACON] SIMNOW:21.344 CID:3 ZONE:1 RXUAV:1 EDGEPORT:9998 TS:21.330 SPD:20.400 HDG:-1.700 PX:426.200 PY:-40.000 LAN:4 BRK:0 RX_X:0.000 RX_Y:0.000 RX_Z:0.000
[ZONE-ROUTE] CID:3 zone=1 edge_port=9998
[EDGE-RTT] CID:3 wall=1.4 ms  sim_delay=5.0 ms
>>> [UAV->CLOUD] BLK:eef1|TX:7.0.0.7|CID:3|TS:21.330|SPD:20.4|HDG:-1.7|PX:426.2|PY:-40.0|...
[PASSIVE-BEACON] SIMNOW:21.346 CID:7 ZONE:1 RXUAV:1 EDGEPORT:9998 TS:21.332 SPD:20.500 HDG:-0.400 PX:447.000 PY:-30.000 LAN:3 BRK:1 RX_X:0.000 RX_Y:0.000 RX_Z:0.000
[ZONE-ROUTE] CID:7 zone=1 edge_port=9998
[EDGE-RTT] CID:7 wall=1.2 ms  sim_delay=5.0 ms
>>> [UAV->CLOUD] BLK:f4ce|TX:7.0.0.11|CID:7|TS:21.332|SPD:20.5|HDG:-0.4|PX:447.0|PY:-30.0...
✓ [CAR 3] ACT=OK REP=0.915 RWD=1.000 PNL=0.000 CREDIT=37
✓ [CAR 7] ACT=OK REP=1.000 RWD=1.000 PNL=0.000 CREDIT=38
[PASSIVE-BEACON] SIMNOW:21.384 CID:1 ZONE:1 RXUAV:1 EDGEPORT:9998 TS:21.370 SPD:19.800 HDG:-0.700 PX:426.800 PY:-20.000 LAN:2 BRK:0 RX_X:0.000 RX_Y:0.000 RX_Z:0.000
[ZONE-ROUTE] CID:1 zone=1 edge_port=9998
[EDGE-RTT] CID:1 wall=1.3 ms  sim_delay=5.0 ms
>>> [UAV->CLOUD] BLK:8e64|TX:7.0.0.5|CID:1|TS:21.370|SPD:19.8|HDG:-0.7|PX:426.8|PY:-20.0|...
✓ [CAR 1] ACT=OK REP=0.788 RWD=1.000 PNL=0.000 CREDIT=37
[PASSIVE-BEACON] SIMNOW:21.424 CID:2 ZONE:1 RXUAV:1 EDGEPORT:9998 TS:21.410 SPD:20.400 HDG:-1.800 PX:428.200 PY:-30.000 LAN:3 BRK:0 RX_X:0.000 RX_Y:0.000 RX_Z:0.000
[ZONE-ROUTE] CID:2 zone=1 edge_port=9998
[EDGE-RTT] CID:2 wall=1.1 ms  sim_delay=5.0 ms
>>> [UAV->CLOUD] BLK:df05|TX:7.0.0.6|CID:2|TS:21.410|SPD:20.4|HDG:-1.8|PX:428.2|PY:-30.0|...
[PASSIVE-BEACON] SIMNOW:21.436 CID:8 ZONE:1 RXUAV:1 EDGEPORT:9998 TS:21.422 SPD:19.800 HDG:0.700 PX:448.100 PY:-40.000 LAN:4 BRK:0 RX_X:0.000 RX_Y:0.000 RX_Z:0.000
[ZONE-ROUTE] CID:8 zone=1 edge_port=9998
[EDGE-RTT] CID:8 wall=1.3 ms  sim_delay=5.0 ms
>>> [UAV->CLOUD] BLK:9868|TX:7.0.0.12|CID:8|TS:21.422|SPD:19.8|HDG:0.7|PX:448.1|PY:-40.0|...
✓ [CAR 2] ACT=OK REP=1.000 RWD=1.000 PNL=0.000 CREDIT=37
✓ [CAR 8] ACT=OK REP=1.000 RWD=1.000 PNL=0.000 CREDIT=38
[PASSIVE-BEACON] SIMNOW:21.504 CID:4 ZONE:1 RXUAV:1 EDGEPORT:9998 TS:21.490 SPD:20.400 HDG:0.100 PX:430.200 PY:-50.000 LAN:5 BRK:0 RX_X:0.000 RX_Y:0.000 RX_Z:0.000
[ZONE-ROUTE] CID:4 zone=1 edge_port=9998
[EDGE-RTT] CID:4 wall=1.3 ms  sim_delay=5.0 ms
>>> [UAV->CLOUD] BLK:f50d|TX:7.0.0.8|CID:4|TS:21.490|SPD:20.4|HDG:0.1|PX:430.2|PY:-50.0|L...
✓ [CAR 4] ACT=OK REP=0.900 RWD=1.000 PNL=0.000 CREDIT=38
[PASSIVE-BEACON] SIMNOW:21.524 CID:0 ZONE:1 RXUAV:1 EDGEPORT:9998 TS:21.510 SPD:19.800 HDG:0.100 PX:430.100 PY:-10.000 LAN:1 BRK:0 RX_X:0.000 RX_Y:0.000 RX_Z:0.000
[ZONE-ROUTE] CID:0 zone=1 edge_port=9998
[EDGE-RTT] CID:0 wall=1.1 ms  sim_delay=5.0 ms
>>> [UAV->CLOUD] BLK:1494|TX:7.0.0.4|CID:0|TS:21.510|SPD:19.8|HDG:0.1|PX:430.1|PY:-10.0|L...
✓ [CAR 0] ACT=OK REP=1.000 RWD=1.000 PNL=0.000 CREDIT=38
[PASSIVE-BEACON] SIMNOW:21.586 CID:6 ZONE:1 RXUAV:1 EDGEPORT:9998 TS:21.572 SPD:20.200 HDG:-1.600 PX:451.500 PY:-20.000 LAN:2 BRK:0 RX_X:0.000 RX_Y:0.000 RX_Z:0.000
[ZONE-ROUTE] CID:6 zone=1 edge_port=9998
[EDGE-RTT] CID:6 wall=1.1 ms  sim_delay=5.0 ms
>>> [UAV->CLOUD] BLK:3ad1|TX:7.0.0.10|CID:6|TS:21.572|SPD:20.2|HDG:-1.6|PX:451.5|PY:-20.0...
[PASSIVE-BEACON] SIMNOW:21.599 CID:5 ZONE:1 RXUAV:1 EDGEPORT:9998 TS:21.582 SPD:20.300 HDG:0.300 PX:450.900 PY:-10.000 LAN:1 BRK:0 RX_X:0.000 RX_Y:0.000 RX_Z:0.000
[ZONE-ROUTE] CID:5 zone=1 edge_port=9998
[EDGE-RTT] CID:5 wall=1.2 ms  sim_delay=5.0 ms
>>> [UAV->CLOUD] BLK:fba7|TX:7.0.0.9|CID:5|TS:21.582|SPD:20.3|HDG:0.3|PX:450.9|PY:-10.0|L...
✓ [CAR 6] ACT=OK REP=1.000 RWD=1.000 PNL=0.000 CREDIT=39
✓ [CAR 5] ACT=OK REP=1.000 RWD=1.000 PNL=0.000 CREDIT=37
[PASSIVE-BEACON] SIMNOW:21.844 CID:3 ZONE:1 RXUAV:1 EDGEPORT:9998 TS:21.830 SPD:20.400 HDG:0.600 PX:436.600 PY:-40.000 LAN:4 BRK:0 RX_X:0.000 RX_Y:0.000 RX_Z:0.000
[ZONE-ROUTE] CID:3 zone=1 edge_port=9998
[EDGE-RTT] CID:3 wall=1.3 ms  sim_delay=5.0 ms
>>> [UAV->CLOUD] BLK:a958|TX:7.0.0.7|CID:3|TS:21.830|SPD:20.4|HDG:0.6|PX:436.6|PY:-40.0|L...
[PASSIVE-BEACON] SIMNOW:21.846 CID:7 ZONE:1 RXUAV:1 EDGEPORT:9998 TS:21.832 SPD:20.200 HDG:-1.400 PX:456.900 PY:-30.000 LAN:3 BRK:1 RX_X:0.000 RX_Y:0.000 RX_Z:0.000
[ZONE-ROUTE] CID:7 zone=1 edge_port=9998
[EDGE-RTT] CID:7 wall=1.1 ms  sim_delay=5.0 ms
>>> [UAV->CLOUD] BLK:00a1|TX:7.0.0.11|CID:7|TS:21.832|SPD:20.2|HDG:-1.4|PX:456.9|PY:-30.0...
✓ [CAR 3] ACT=OK REP=0.771 RWD=1.000 PNL=0.000 CREDIT=38
✓ [CAR 7] ACT=OK REP=0.680 RWD=1.000 PNL=0.000 CREDIT=39
[PASSIVE-BEACON] SIMNOW:21.884 CID:1 ZONE:1 RXUAV:1 EDGEPORT:9998 TS:21.870 SPD:20.000 HDG:-1.900 PX:437.900 PY:-20.000 LAN:2 BRK:0 RX_X:0.000 RX_Y:0.000 RX_Z:0.000
[ZONE-ROUTE] CID:1 zone=1 edge_port=9998
[EDGE-RTT] CID:1 wall=1.1 ms  sim_delay=5.0 ms
>>> [UAV->CLOUD] BLK:60b5|TX:7.0.0.5|CID:1|TS:21.870|SPD:20.0|HDG:-1.9|PX:437.9|PY:-20.0|...
✓ [CAR 1] ACT=OK REP=1.000 RWD=1.000 PNL=0.000 CREDIT=38
[PASSIVE-BEACON] SIMNOW:21.924 CID:2 ZONE:1 RXUAV:1 EDGEPORT:9998 TS:21.910 SPD:19.500 HDG:-0.600 PX:438.800 PY:-30.000 LAN:3 BRK:0 RX_X:0.000 RX_Y:0.000 RX_Z:0.000
[ZONE-ROUTE] CID:2 zone=1 edge_port=9998
[EDGE-RTT] CID:2 wall=1.1 ms  sim_delay=5.0 ms
>>> [UAV->CLOUD] BLK:c3be|TX:7.0.0.6|CID:2|TS:21.910|SPD:19.5|HDG:-0.6|PX:438.8|PY:-30.0|...
[PASSIVE-BEACON] SIMNOW:21.936 CID:8 ZONE:1 RXUAV:1 EDGEPORT:9998 TS:21.922 SPD:19.900 HDG:2.000 PX:458.500 PY:-40.000 LAN:4 BRK:0 RX_X:0.000 RX_Y:0.000 RX_Z:0.000
[ZONE-ROUTE] CID:8 zone=1 edge_port=9998
[EDGE-RTT] CID:8 wall=1.2 ms  sim_delay=5.0 ms
>>> [UAV->CLOUD] BLK:e0d4|TX:7.0.0.12|CID:8|TS:21.922|SPD:19.9|HDG:2.0|PX:458.5|PY:-40.0|...
✓ [CAR 2] ACT=OK REP=0.862 RWD=1.000 PNL=0.000 CREDIT=38
✓ [CAR 8] ACT=OK REP=0.933 RWD=1.000 PNL=0.000 CREDIT=39
[PASSIVE-BEACON] SIMNOW:22.003 CID:4 ZONE:1 RXUAV:1 EDGEPORT:9998 TS:21.990 SPD:19.600 HDG:-0.400 PX:439.400 PY:-50.000 LAN:5 BRK:0 RX_X:0.000 RX_Y:0.000 RX_Z:0.000
[ZONE-ROUTE] CID:4 zone=1 edge_port=9998
[EDGE-RTT] CID:4 wall=1.3 ms  sim_delay=5.0 ms
>>> [UAV->CLOUD] BLK:8da7|TX:7.0.0.8|CID:4|TS:21.990|SPD:19.6|HDG:-0.4|PX:439.4|PY:-50.0|...
✓ [CAR 4] ACT=OK REP=0.962 RWD=1.000 PNL=0.000 CREDIT=39
[PASSIVE-BEACON] SIMNOW:22.025 CID:0 ZONE:1 RXUAV:1 EDGEPORT:9998 TS:22.010 SPD:19.700 HDG:1.900 PX:440.800 PY:-10.000 LAN:1 BRK:0 RX_X:0.000 RX_Y:0.000 RX_Z:0.000
[ZONE-ROUTE] CID:0 zone=1 edge_port=9998
[EDGE-RTT] CID:0 wall=1.1 ms  sim_delay=5.0 ms
>>> [UAV->CLOUD] BLK:32ce|TX:7.0.0.4|CID:0|TS:22.010|SPD:19.7|HDG:1.9|PX:440.8|PY:-10.0|L...
✓ [CAR 0] ACT=OK REP=1.000 RWD=1.000 PNL=0.000 CREDIT=39
[PASSIVE-BEACON] SIMNOW:22.086 CID:6 ZONE:1 RXUAV:1 EDGEPORT:9998 TS:22.072 SPD:20.300 HDG:2.000 PX:462.100 PY:-20.000 LAN:2 BRK:0 RX_X:0.000 RX_Y:0.000 RX_Z:0.000
[ZONE-ROUTE] CID:6 zone=1 edge_port=9998
[EDGE-RTT] CID:6 wall=1.3 ms  sim_delay=5.0 ms
>>> [UAV->CLOUD] BLK:0065|TX:7.0.0.10|CID:6|TS:22.072|SPD:20.3|HDG:2.0|PX:462.1|PY:-20.0|...
[PASSIVE-BEACON] SIMNOW:22.096 CID:5 ZONE:1 RXUAV:1 EDGEPORT:9998 TS:22.082 SPD:19.500 HDG:-1.600 PX:462.100 PY:-10.000 LAN:1 BRK:1 RX_X:0.000 RX_Y:0.000 RX_Z:0.000
[ZONE-ROUTE] CID:5 zone=1 edge_port=9998
[EDGE-RTT] CID:5 wall=1.1 ms  sim_delay=5.0 ms
>>> [UAV->CLOUD] BLK:af51|TX:7.0.0.9|CID:5|TS:22.082|SPD:19.5|HDG:-1.6|PX:462.1|PY:-10.0|...
✓ [CAR 6] ACT=OK REP=1.000 RWD=1.000 PNL=0.000 CREDIT=40
✓ [CAR 5] ACT=OK REP=0.797 RWD=1.000 PNL=0.000 CREDIT=38
[PASSIVE-BEACON] SIMNOW:22.344 CID:3 ZONE:1 RXUAV:1 EDGEPORT:9998 TS:22.330 SPD:20.100 HDG:-0.600 PX:446.000 PY:-40.000 LAN:4 BRK:1 RX_X:0.000 RX_Y:0.000 RX_Z:0.000
[ZONE-ROUTE] CID:3 zone=1 edge_port=9998
[EDGE-RTT] CID:3 wall=1.3 ms  sim_delay=5.0 ms
>>> [UAV->CLOUD] BLK:5fb1|TX:7.0.0.7|CID:3|TS:22.330|SPD:20.1|HDG:-0.6|PX:446.0|PY:-40.0|...
[PASSIVE-BEACON] SIMNOW:22.346 CID:7 ZONE:1 RXUAV:1 EDGEPORT:9998 TS:22.332 SPD:19.900 HDG:-1.400 PX:466.700 PY:-30.000 LAN:3 BRK:0 RX_X:0.000 RX_Y:0.000 RX_Z:0.000
[ZONE-ROUTE] CID:7 zone=1 edge_port=9998
[EDGE-RTT] CID:7 wall=1.3 ms  sim_delay=5.0 ms
>>> [UAV->CLOUD] BLK:75d3|TX:7.0.0.11|CID:7|TS:22.332|SPD:19.9|HDG:-1.4|PX:466.7|PY:-30.0...
✓ [CAR 3] ACT=OK REP=1.000 RWD=1.000 PNL=0.000 CREDIT=39
✓ [CAR 7] ACT=OK REP=0.734 RWD=1.000 PNL=0.000 CREDIT=40
[PASSIVE-BEACON] SIMNOW:22.384 CID:1 ZONE:1 RXUAV:1 EDGEPORT:9998 TS:22.370 SPD:20.000 HDG:-0.200 PX:447.700 PY:-20.000 LAN:2 BRK:0 RX_X:0.000 RX_Y:0.000 RX_Z:0.000
[ZONE-ROUTE] CID:1 zone=1 edge_port=9998
[EDGE-RTT] CID:1 wall=1.1 ms  sim_delay=5.0 ms
>>> [UAV->CLOUD] BLK:253d|TX:7.0.0.5|CID:1|TS:22.370|SPD:20.0|HDG:-0.2|PX:447.7|PY:-20.0|...
✓ [CAR 1] ACT=OK REP=1.000 RWD=1.000 PNL=0.000 CREDIT=39
[PASSIVE-BEACON] SIMNOW:22.424 CID:2 ZONE:1 RXUAV:1 EDGEPORT:9998 TS:22.410 SPD:20.500 HDG:1.000 PX:448.000 PY:-30.000 LAN:3 BRK:0 RX_X:0.000 RX_Y:0.000 RX_Z:0.000
[ZONE-ROUTE] CID:2 zone=1 edge_port=9998
[EDGE-RTT] CID:2 wall=1.1 ms  sim_delay=5.0 ms
>>> [UAV->CLOUD] BLK:1435|TX:7.0.0.6|CID:2|TS:22.410|SPD:20.5|HDG:1.0|PX:448.0|PY:-30.0|L...
[PASSIVE-BEACON] SIMNOW:22.436 CID:8 ZONE:1 RXUAV:1 EDGEPORT:9998 TS:22.422 SPD:20.000 HDG:1.600 PX:468.800 PY:-40.000 LAN:4 BRK:0 RX_X:0.000 RX_Y:0.000 RX_Z:0.000
[ZONE-ROUTE] CID:8 zone=1 edge_port=9998
[EDGE-RTT] CID:8 wall=1.2 ms  sim_delay=5.0 ms
>>> [UAV->CLOUD] BLK:6dd7|TX:7.0.0.12|CID:8|TS:22.422|SPD:20.0|HDG:1.6|PX:468.8|PY:-40.0|...
✓ [CAR 2] ACT=OK REP=0.922 RWD=1.000 PNL=0.000 CREDIT=39
✓ [CAR 8] ACT=OK REP=0.716 RWD=1.000 PNL=0.000 CREDIT=40
[PASSIVE-BEACON] SIMNOW:22.504 CID:4 ZONE:1 RXUAV:1 EDGEPORT:9998 TS:22.490 SPD:19.600 HDG:-1.300 PX:449.100 PY:-50.000 LAN:5 BRK:0 RX_X:0.000 RX_Y:0.000 RX_Z:0.000
[ZONE-ROUTE] CID:4 zone=1 edge_port=9998
[EDGE-RTT] CID:4 wall=1.1 ms  sim_delay=5.0 ms
>>> [UAV->CLOUD] BLK:6d23|TX:7.0.0.8|CID:4|TS:22.490|SPD:19.6|HDG:-1.3|PX:449.1|PY:-50.0|...
✓ [CAR 4] ACT=OK REP=1.000 RWD=1.000 PNL=0.000 CREDIT=40
[PASSIVE-BEACON] SIMNOW:22.524 CID:0 ZONE:1 RXUAV:1 EDGEPORT:9998 TS:22.510 SPD:19.800 HDG:0.200 PX:450.400 PY:-10.000 LAN:1 BRK:0 RX_X:0.000 RX_Y:0.000 RX_Z:0.000
[ZONE-ROUTE] CID:0 zone=1 edge_port=9998
[EDGE-RTT] CID:0 wall=1.1 ms  sim_delay=5.0 ms
>>> [UAV->CLOUD] BLK:0082|TX:7.0.0.4|CID:0|TS:22.510|SPD:19.8|HDG:0.2|PX:450.4|PY:-10.0|L...
✓ [CAR 0] ACT=OK REP=1.000 RWD=1.000 PNL=0.000 CREDIT=40
[PASSIVE-BEACON] SIMNOW:22.586 CID:6 ZONE:1 RXUAV:1 EDGEPORT:9998 TS:22.572 SPD:19.700 HDG:-1.900 PX:471.100 PY:-20.000 LAN:2 BRK:0 RX_X:0.000 RX_Y:0.000 RX_Z:0.000
[ZONE-ROUTE] CID:6 zone=1 edge_port=9998
[EDGE-RTT] CID:6 wall=1.2 ms  sim_delay=5.0 ms
>>> [UAV->CLOUD] BLK:9657|TX:7.0.0.10|CID:6|TS:22.572|SPD:19.7|HDG:-1.9|PX:471.1|PY:-20.0...
[PASSIVE-BEACON] SIMNOW:22.596 CID:5 ZONE:1 RXUAV:1 EDGEPORT:9998 TS:22.582 SPD:20.000 HDG:-0.200 PX:471.800 PY:-10.000 LAN:1 BRK:0 RX_X:0.000 RX_Y:0.000 RX_Z:0.000
[ZONE-ROUTE] CID:5 zone=1 edge_port=9998
[EDGE-RTT] CID:5 wall=1.0 ms  sim_delay=5.0 ms
>>> [UAV->CLOUD] BLK:5c3f|TX:7.0.0.9|CID:5|TS:22.582|SPD:20.0|HDG:-0.2|PX:471.8|PY:-10.0|...
✓ [CAR 6] ACT=OK REP=0.993 RWD=1.000 PNL=0.000 CREDIT=41
✓ [CAR 5] ACT=OK REP=0.755 RWD=1.000 PNL=0.000 CREDIT=39
[PASSIVE-BEACON] SIMNOW:22.844 CID:3 ZONE:1 RXUAV:1 EDGEPORT:9998 TS:22.830 SPD:20.100 HDG:0.300 PX:456.000 PY:-40.000 LAN:4 BRK:0 RX_X:0.000 RX_Y:0.000 RX_Z:0.000
[ZONE-ROUTE] CID:3 zone=1 edge_port=9998
[EDGE-RTT] CID:3 wall=1.3 ms  sim_delay=5.0 ms
>>> [UAV->CLOUD] BLK:f560|TX:7.0.0.7|CID:3|TS:22.830|SPD:20.1|HDG:0.3|PX:456.0|PY:-40.0|L...
[PASSIVE-BEACON] SIMNOW:22.846 CID:7 ZONE:1 RXUAV:1 EDGEPORT:9998 TS:22.832 SPD:20.300 HDG:-0.300 PX:476.600 PY:-30.000 LAN:3 BRK:0 RX_X:0.000 RX_Y:0.000 RX_Z:0.000
[ZONE-ROUTE] CID:7 zone=1 edge_port=9998
[EDGE-RTT] CID:7 wall=1.2 ms  sim_delay=5.0 ms
>>> [UAV->CLOUD] BLK:938c|TX:7.0.0.11|CID:7|TS:22.832|SPD:20.3|HDG:-0.3|PX:476.6|PY:-30.0...
✓ [CAR 3] ACT=OK REP=0.714 RWD=1.000 PNL=0.000 CREDIT=40
✓ [CAR 7] ACT=OK REP=1.000 RWD=1.000 PNL=0.000 CREDIT=41
[PASSIVE-BEACON] SIMNOW:22.884 CID:1 ZONE:1 RXUAV:1 EDGEPORT:9998 TS:22.870 SPD:19.500 HDG:1.900 PX:458.100 PY:-20.000 LAN:2 BRK:1 RX_X:0.000 RX_Y:0.000 RX_Z:0.000
[ZONE-ROUTE] CID:1 zone=1 edge_port=9998
[EDGE-RTT] CID:1 wall=1.2 ms  sim_delay=5.0 ms
>>> [UAV->CLOUD] BLK:6f5f|TX:7.0.0.5|CID:1|TS:22.870|SPD:19.5|HDG:1.9|PX:458.1|PY:-20.0|L...
✓ [CAR 1] ACT=OK REP=0.905 RWD=1.000 PNL=0.000 CREDIT=40
[PASSIVE-BEACON] SIMNOW:22.922 CID:2 ZONE:1 RXUAV:1 EDGEPORT:9998 TS:22.910 SPD:20.200 HDG:1.100 PX:458.200 PY:-30.000 LAN:3 BRK:0 RX_X:0.000 RX_Y:0.000 RX_Z:0.000
[ZONE-ROUTE] CID:2 zone=1 edge_port=9998
[EDGE-RTT] CID:2 wall=0.9 ms  sim_delay=5.0 ms
>>> [UAV->CLOUD] BLK:c913|TX:7.0.0.6|CID:2|TS:22.910|SPD:20.2|HDG:1.1|PX:458.2|PY:-30.0|L...
✓ [CAR 2] ACT=OK REP=1.000 RWD=1.000 PNL=0.000 CREDIT=40
[PASSIVE-BEACON] SIMNOW:22.936 CID:8 ZONE:1 RXUAV:1 EDGEPORT:9998 TS:22.922 SPD:20.200 HDG:-1.000 PX:477.700 PY:-40.000 LAN:4 BRK:0 RX_X:0.000 RX_Y:0.000 RX_Z:0.000
[ZONE-ROUTE] CID:8 zone=1 edge_port=9998
[EDGE-RTT] CID:8 wall=1.1 ms  sim_delay=5.0 ms
>>> [UAV->CLOUD] BLK:5366|TX:7.0.0.12|CID:8|TS:22.922|SPD:20.2|HDG:-1.0|PX:477.7|PY:-40.0...
✓ [CAR 8] ACT=OK REP=0.903 RWD=1.000 PNL=0.000 CREDIT=41
[PASSIVE-BEACON] SIMNOW:23.004 CID:4 ZONE:1 RXUAV:1 EDGEPORT:9998 TS:22.990 SPD:19.700 HDG:-1.300 PX:459.500 PY:-50.000 LAN:5 BRK:1 RX_X:0.000 RX_Y:0.000 RX_Z:0.000
[ZONE-ROUTE] CID:4 zone=1 edge_port=9998
[EDGE-RTT] CID:4 wall=1.3 ms  sim_delay=5.0 ms
>>> [UAV->CLOUD] BLK:9b6b|TX:7.0.0.8|CID:4|TS:22.990|SPD:19.7|HDG:-1.3|PX:459.5|PY:-50.0|...
✓ [CAR 4] ACT=OK REP=1.000 RWD=1.000 PNL=0.000 CREDIT=41
[PASSIVE-BEACON] SIMNOW:23.025 CID:0 ZONE:1 RXUAV:1 EDGEPORT:9998 TS:23.010 SPD:20.200 HDG:-0.800 PX:460.400 PY:-10.000 LAN:1 BRK:0 RX_X:0.000 RX_Y:0.000 RX_Z:0.000
[ZONE-ROUTE] CID:0 zone=1 edge_port=9998
[EDGE-RTT] CID:0 wall=1.0 ms  sim_delay=5.0 ms
>>> [UAV->CLOUD] BLK:9a9a|TX:7.0.0.4|CID:0|TS:23.010|SPD:20.2|HDG:-0.8|PX:460.4|PY:-10.0|...
✓ [CAR 0] ACT=OK REP=1.000 RWD=1.000 PNL=0.000 CREDIT=41
[PASSIVE-BEACON] SIMNOW:23.086 CID:6 ZONE:1 RXUAV:1 EDGEPORT:9998 TS:23.072 SPD:20.400 HDG:-0.400 PX:480.900 PY:-20.000 LAN:2 BRK:0 RX_X:0.000 RX_Y:0.000 RX_Z:0.000
[ZONE-ROUTE] CID:6 zone=1 edge_port=9998
[EDGE-RTT] CID:6 wall=1.0 ms  sim_delay=5.0 ms
>>> [UAV->CLOUD] BLK:1b4f|TX:7.0.0.10|CID:6|TS:23.072|SPD:20.4|HDG:-0.4|PX:480.9|PY:-20.0...
[PASSIVE-BEACON] SIMNOW:23.096 CID:5 ZONE:1 RXUAV:1 EDGEPORT:9998 TS:23.082 SPD:20.400 HDG:0.200 PX:482.100 PY:-10.000 LAN:1 BRK:1 RX_X:0.000 RX_Y:0.000 RX_Z:0.000
[ZONE-ROUTE] CID:5 zone=1 edge_port=9998
[EDGE-RTT] CID:5 wall=1.1 ms  sim_delay=5.0 ms
>>> [UAV->CLOUD] BLK:1728|TX:7.0.0.9|CID:5|TS:23.082|SPD:20.4|HDG:0.2|PX:482.1|PY:-10.0|L...
✓ [CAR 6] ACT=OK REP=0.809 RWD=1.000 PNL=0.000 CREDIT=42
✓ [CAR 5] ACT=OK REP=0.867 RWD=1.000 PNL=0.000 CREDIT=40
[PASSIVE-BEACON] SIMNOW:23.344 CID:3 ZONE:1 RXUAV:1 EDGEPORT:9998 TS:23.330 SPD:19.900 HDG:1.600 PX:467.000 PY:-40.000 LAN:4 BRK:0 RX_X:0.000 RX_Y:0.000 RX_Z:0.000
[ZONE-ROUTE] CID:3 zone=1 edge_port=9998
[EDGE-RTT] CID:3 wall=1.3 ms  sim_delay=5.0 ms
>>> [UAV->CLOUD] BLK:1875|TX:7.0.0.7|CID:3|TS:23.330|SPD:19.9|HDG:1.6|PX:467.0|PY:-40.0|L...
[PASSIVE-BEACON] SIMNOW:23.346 CID:7 ZONE:1 RXUAV:1 EDGEPORT:9998 TS:23.332 SPD:19.900 HDG:-0.900 PX:486.300 PY:-30.000 LAN:3 BRK:0 RX_X:0.000 RX_Y:0.000 RX_Z:0.000
[ZONE-ROUTE] CID:7 zone=1 edge_port=9998
[EDGE-RTT] CID:7 wall=1.2 ms  sim_delay=5.0 ms
>>> [UAV->CLOUD] BLK:5a1c|TX:7.0.0.11|CID:7|TS:23.332|SPD:19.9|HDG:-0.9|PX:486.3|PY:-30.0...
✓ [CAR 3] ACT=OK REP=1.000 RWD=1.000 PNL=0.000 CREDIT=41
✓ [CAR 7] ACT=OK REP=1.000 RWD=1.000 PNL=0.000 CREDIT=42
[PASSIVE-BEACON] SIMNOW:23.384 CID:1 ZONE:1 RXUAV:1 EDGEPORT:9998 TS:23.370 SPD:20.300 HDG:-1.000 PX:468.000 PY:-20.000 LAN:2 BRK:0 RX_X:0.000 RX_Y:0.000 RX_Z:0.000
[ZONE-ROUTE] CID:1 zone=1 edge_port=9998
[EDGE-RTT] CID:1 wall=1.3 ms  sim_delay=5.0 ms
>>> [UAV->CLOUD] BLK:5416|TX:7.0.0.5|CID:1|TS:23.370|SPD:20.3|HDG:-1.0|PX:468.0|PY:-20.0|...
✓ [CAR 1] ACT=OK REP=0.877 RWD=1.000 PNL=0.000 CREDIT=41
[PASSIVE-BEACON] SIMNOW:23.424 CID:2 ZONE:1 RXUAV:1 EDGEPORT:9998 TS:23.410 SPD:19.800 HDG:-1.700 PX:468.700 PY:-30.000 LAN:3 BRK:0 RX_X:0.000 RX_Y:0.000 RX_Z:0.000
[ZONE-ROUTE] CID:2 zone=1 edge_port=9998
[EDGE-RTT] CID:2 wall=1.2 ms  sim_delay=5.0 ms
>>> [UAV->CLOUD] BLK:a48c|TX:7.0.0.6|CID:2|TS:23.410|SPD:19.8|HDG:-1.7|PX:468.7|PY:-30.0|...
[PASSIVE-BEACON] SIMNOW:23.436 CID:8 ZONE:1 RXUAV:1 EDGEPORT:9998 TS:23.422 SPD:19.600 HDG:1.900 PX:489.100 PY:-40.000 LAN:4 BRK:0 RX_X:0.000 RX_Y:0.000 RX_Z:0.000
[ZONE-ROUTE] CID:8 zone=1 edge_port=9998
[EDGE-RTT] CID:8 wall=1.2 ms  sim_delay=5.0 ms
>>> [UAV->CLOUD] BLK:80d0|TX:7.0.0.12|CID:8|TS:23.422|SPD:19.6|HDG:1.9|PX:489.1|PY:-40.0|...
✓ [CAR 2] ACT=OK REP=0.708 RWD=1.000 PNL=0.000 CREDIT=41
✓ [CAR 8] ACT=OK REP=0.892 RWD=1.000 PNL=0.000 CREDIT=42
[PASSIVE-BEACON] SIMNOW:23.504 CID:4 ZONE:1 RXUAV:1 EDGEPORT:9998 TS:23.490 SPD:19.900 HDG:1.400 PX:469.900 PY:-50.000 LAN:5 BRK:0 RX_X:0.000 RX_Y:0.000 RX_Z:0.000
[ZONE-ROUTE] CID:4 zone=1 edge_port=9998
[EDGE-RTT] CID:4 wall=1.2 ms  sim_delay=5.0 ms
>>> [UAV->CLOUD] BLK:9f75|TX:7.0.0.8|CID:4|TS:23.490|SPD:19.9|HDG:1.4|PX:469.9|PY:-50.0|L...
✓ [CAR 4] ACT=OK REP=0.874 RWD=1.000 PNL=0.000 CREDIT=42
[PASSIVE-BEACON] SIMNOW:23.524 CID:0 ZONE:1 RXUAV:1 EDGEPORT:9998 TS:23.510 SPD:20.100 HDG:0.100 PX:470.700 PY:-10.000 LAN:1 BRK:0 RX_X:0.000 RX_Y:0.000 RX_Z:0.000
[ZONE-ROUTE] CID:0 zone=1 edge_port=9998
[EDGE-RTT] CID:0 wall=1.3 ms  sim_delay=5.0 ms
>>> [UAV->CLOUD] BLK:cfc6|TX:7.0.0.4|CID:0|TS:23.510|SPD:20.1|HDG:0.1|PX:470.7|PY:-10.0|L...
✓ [CAR 0] ACT=OK REP=0.941 RWD=1.000 PNL=0.000 CREDIT=42
[PKT-DROP] UAV dropped telemetry from 7.0.0.10 (drop_rate=1%)
[PASSIVE-BEACON] SIMNOW:23.594 CID:5 ZONE:1 RXUAV:1 EDGEPORT:9998 TS:23.582 SPD:20.000 HDG:1.100 PX:491.000 PY:-10.000 LAN:1 BRK:0 RX_X:0.000 RX_Y:0.000 RX_Z:0.000
[ZONE-ROUTE] CID:5 zone=1 edge_port=9998
[EDGE-RTT] CID:5 wall=1.3 ms  sim_delay=5.0 ms
>>> [UAV->CLOUD] BLK:b80e|TX:7.0.0.9|CID:5|TS:23.582|SPD:20.0|HDG:1.1|PX:491.0|PY:-10.0|L...
✓ [CAR 5] ACT=OK REP=0.985 RWD=1.000 PNL=0.000 CREDIT=41
[PASSIVE-BEACON] SIMNOW:23.844 CID:3 ZONE:1 RXUAV:1 EDGEPORT:9998 TS:23.830 SPD:19.800 HDG:-1.800 PX:476.500 PY:-40.000 LAN:4 BRK:0 RX_X:0.000 RX_Y:0.000 RX_Z:0.000
[ZONE-ROUTE] CID:3 zone=1 edge_port=9998
[EDGE-RTT] CID:3 wall=1.3 ms  sim_delay=5.0 ms
>>> [UAV->CLOUD] BLK:2e58|TX:7.0.0.7|CID:3|TS:23.830|SPD:19.8|HDG:-1.8|PX:476.5|PY:-40.0|...
[PASSIVE-BEACON] SIMNOW:23.846 CID:7 ZONE:1 RXUAV:1 EDGEPORT:9998 TS:23.832 SPD:20.100 HDG:0.200 PX:497.000 PY:-30.000 LAN:3 BRK:1 RX_X:0.000 RX_Y:0.000 RX_Z:0.000
[ZONE-ROUTE] CID:7 zone=1 edge_port=9998
[EDGE-RTT] CID:7 wall=1.2 ms  sim_delay=5.0 ms
>>> [UAV->CLOUD] BLK:54dd|TX:7.0.0.11|CID:7|TS:23.832|SPD:20.1|HDG:0.2|PX:497.0|PY:-30.0|...
✓ [CAR 3] ACT=OK REP=1.000 RWD=1.000 PNL=0.000 CREDIT=42
✓ [CAR 7] ACT=OK REP=0.993 RWD=1.000 PNL=0.000 CREDIT=43
[PASSIVE-BEACON] SIMNOW:23.884 CID:1 ZONE:1 RXUAV:1 EDGEPORT:9998 TS:23.870 SPD:19.600 HDG:-0.400 PX:478.100 PY:-20.000 LAN:2 BRK:0 RX_X:0.000 RX_Y:0.000 RX_Z:0.000
[ZONE-ROUTE] CID:1 zone=1 edge_port=9998
[EDGE-RTT] CID:1 wall=1.2 ms  sim_delay=5.0 ms
>>> [UAV->CLOUD] BLK:7a9a|TX:7.0.0.5|CID:1|TS:23.870|SPD:19.6|HDG:-0.4|PX:478.1|PY:-20.0|...
✓ [CAR 1] ACT=OK REP=0.780 RWD=1.000 PNL=0.000 CREDIT=42
[PASSIVE-BEACON] SIMNOW:23.924 CID:2 ZONE:1 RXUAV:1 EDGEPORT:9998 TS:23.910 SPD:20.400 HDG:-0.300 PX:478.800 PY:-30.000 LAN:3 BRK:0 RX_X:0.000 RX_Y:0.000 RX_Z:0.000
[ZONE-ROUTE] CID:2 zone=1 edge_port=9998
[EDGE-RTT] CID:2 wall=1.2 ms  sim_delay=5.0 ms
>>> [UAV->CLOUD] BLK:9a3b|TX:7.0.0.6|CID:2|TS:23.910|SPD:20.4|HDG:-0.3|PX:478.8|PY:-30.0|...
[PASSIVE-BEACON] SIMNOW:23.936 CID:8 ZONE:1 RXUAV:1 EDGEPORT:9998 TS:23.922 SPD:19.800 HDG:0.000 PX:498.800 PY:-40.000 LAN:4 BRK:0 RX_X:0.000 RX_Y:0.000 RX_Z:0.000
[ZONE-ROUTE] CID:8 zone=1 edge_port=9998
[EDGE-RTT] CID:8 wall=1.2 ms  sim_delay=5.0 ms
>>> [UAV->CLOUD] BLK:2930|TX:7.0.0.12|CID:8|TS:23.922|SPD:19.8|HDG:0.0|PX:498.8|PY:-40.0|...
✓ [CAR 2] ACT=OK REP=1.000 RWD=1.000 PNL=0.000 CREDIT=42
✓ [CAR 8] ACT=OK REP=1.000 RWD=1.000 PNL=0.000 CREDIT=43
[PASSIVE-BEACON] SIMNOW:24.004 CID:4 ZONE:1 RXUAV:1 EDGEPORT:9998 TS:23.990 SPD:19.500 HDG:-1.000 PX:479.400 PY:-50.000 LAN:5 BRK:0 RX_X:0.000 RX_Y:0.000 RX_Z:0.000
[ZONE-ROUTE] CID:4 zone=1 edge_port=9998
[EDGE-RTT] CID:4 wall=1.2 ms  sim_delay=5.0 ms
>>> [UAV->CLOUD] BLK:36fa|TX:7.0.0.8|CID:4|TS:23.990|SPD:19.5|HDG:-1.0|PX:479.4|PY:-50.0|...
✓ [CAR 4] ACT=OK REP=1.000 RWD=1.000 PNL=0.000 CREDIT=43
[PASSIVE-BEACON] SIMNOW:24.025 CID:0 ZONE:1 RXUAV:1 EDGEPORT:9998 TS:24.010 SPD:19.900 HDG:1.200 PX:480.000 PY:-10.000 LAN:1 BRK:0 RX_X:0.000 RX_Y:0.000 RX_Z:0.000
[ZONE-ROUTE] CID:0 zone=1 edge_port=9998
[EDGE-RTT] CID:0 wall=1.2 ms  sim_delay=5.0 ms
>>> [UAV->CLOUD] BLK:d93d|TX:7.0.0.4|CID:0|TS:24.010|SPD:19.9|HDG:1.2|PX:480.0|PY:-10.0|L...
✓ [CAR 0] ACT=OK REP=0.922 RWD=1.000 PNL=0.000 CREDIT=43
[PASSIVE-BEACON] SIMNOW:24.086 CID:6 ZONE:1 RXUAV:1 EDGEPORT:9998 TS:24.072 SPD:19.500 HDG:-0.800 PX:501.700 PY:-20.000 LAN:2 BRK:0 RX_X:0.000 RX_Y:0.000 RX_Z:0.000
[ZONE-ROUTE] CID:6 zone=1 edge_port=9998
[EDGE-RTT] CID:6 wall=1.2 ms  sim_delay=5.0 ms
>>> [UAV->CLOUD] BLK:3330|TX:7.0.0.10|CID:6|TS:24.072|SPD:19.5|HDG:-0.8|PX:501.7|PY:-20.0...
[PASSIVE-BEACON] SIMNOW:24.096 CID:5 ZONE:1 RXUAV:1 EDGEPORT:9998 TS:24.082 SPD:20.000 HDG:0.400 PX:501.600 PY:-10.000 LAN:1 BRK:1 RX_X:0.000 RX_Y:0.000 RX_Z:0.000
[ZONE-ROUTE] CID:5 zone=1 edge_port=9998
[EDGE-RTT] CID:5 wall=1.2 ms  sim_delay=5.0 ms
>>> [UAV->CLOUD] BLK:6957|TX:7.0.0.9|CID:5|TS:24.082|SPD:20.0|HDG:0.4|PX:501.6|PY:-10.0|L...
✓ [CAR 6] ACT=OK REP=0.934 RWD=1.000 PNL=0.000 CREDIT=43
✓ [CAR 5] ACT=OK REP=1.000 RWD=1.000 PNL=0.000 CREDIT=42
[PASSIVE-BEACON] SIMNOW:24.344 CID:3 ZONE:1 RXUAV:1 EDGEPORT:9998 TS:24.330 SPD:19.600 HDG:0.700 PX:486.000 PY:-40.000 LAN:4 BRK:1 RX_X:0.000 RX_Y:0.000 RX_Z:0.000
[ZONE-ROUTE] CID:3 zone=1 edge_port=9998
[EDGE-RTT] CID:3 wall=1.1 ms  sim_delay=5.0 ms
>>> [UAV->CLOUD] BLK:c726|TX:7.0.0.7|CID:3|TS:24.330|SPD:19.6|HDG:0.7|PX:486.0|PY:-40.0|L...
[PASSIVE-BEACON] SIMNOW:24.346 CID:7 ZONE:1 RXUAV:1 EDGEPORT:9998 TS:24.332 SPD:20.100 HDG:-1.000 PX:506.200 PY:-30.000 LAN:3 BRK:0 RX_X:0.000 RX_Y:0.000 RX_Z:0.000
[ZONE-ROUTE] CID:7 zone=1 edge_port=9998
[EDGE-RTT] CID:7 wall=1.2 ms  sim_delay=5.0 ms
>>> [UAV->CLOUD] BLK:11cc|TX:7.0.0.11|CID:7|TS:24.332|SPD:20.1|HDG:-1.0|PX:506.2|PY:-30.0...
✓ [CAR 3] ACT=OK REP=0.776 RWD=1.000 PNL=0.000 CREDIT=43
✓ [CAR 7] ACT=OK REP=0.814 RWD=1.000 PNL=0.000 CREDIT=44
[PASSIVE-BEACON] SIMNOW:24.384 CID:1 ZONE:1 RXUAV:1 EDGEPORT:9998 TS:24.370 SPD:20.000 HDG:1.500 PX:486.900 PY:-20.000 LAN:2 BRK:0 RX_X:0.000 RX_Y:0.000 RX_Z:0.000
[ZONE-ROUTE] CID:1 zone=1 edge_port=9998
[EDGE-RTT] CID:1 wall=1.2 ms  sim_delay=5.0 ms
>>> [UAV->CLOUD] BLK:1e24|TX:7.0.0.5|CID:1|TS:24.370|SPD:20.0|HDG:1.5|PX:486.9|PY:-20.0|L...
✓ [CAR 1] ACT=OK REP=0.921 RWD=1.000 PNL=0.000 CREDIT=43
[PASSIVE-BEACON] SIMNOW:24.423 CID:2 ZONE:1 RXUAV:1 EDGEPORT:9998 TS:24.410 SPD:20.100 HDG:1.800 PX:488.200 PY:-30.000 LAN:3 BRK:0 RX_X:0.000 RX_Y:0.000 RX_Z:0.000
[ZONE-ROUTE] CID:2 zone=1 edge_port=9998
[EDGE-RTT] CID:2 wall=1.1 ms  sim_delay=5.0 ms
>>> [UAV->CLOUD] BLK:cfb8|TX:7.0.0.6|CID:2|TS:24.410|SPD:20.1|HDG:1.8|PX:488.2|PY:-30.0|L...
✓ [CAR 2] ACT=OK REP=0.758 RWD=1.000 PNL=0.000 CREDIT=43
[PASSIVE-BEACON] SIMNOW:24.436 CID:8 ZONE:1 RXUAV:1 EDGEPORT:9998 TS:24.422 SPD:19.600 HDG:1.300 PX:509.000 PY:-40.000 LAN:4 BRK:0 RX_X:0.000 RX_Y:0.000 RX_Z:0.000
[ZONE-ROUTE] CID:8 zone=1 edge_port=9998
[EDGE-RTT] CID:8 wall=1.1 ms  sim_delay=5.0 ms
>>> [UAV->CLOUD] BLK:afa4|TX:7.0.0.12|CID:8|TS:24.422|SPD:19.6|HDG:1.3|PX:509.0|PY:-40.0|...
✓ [CAR 8] ACT=OK REP=0.940 RWD=1.000 PNL=0.000 CREDIT=44
[PASSIVE-BEACON] SIMNOW:24.504 CID:4 ZONE:1 RXUAV:1 EDGEPORT:9998 TS:24.490 SPD:20.300 HDG:1.200 PX:489.600 PY:-50.000 LAN:5 BRK:0 RX_X:0.000 RX_Y:0.000 RX_Z:0.000
[ZONE-ROUTE] CID:4 zone=1 edge_port=9998
[EDGE-RTT] CID:4 wall=1.3 ms  sim_delay=5.0 ms
>>> [UAV->CLOUD] BLK:c7cb|TX:7.0.0.8|CID:4|TS:24.490|SPD:20.3|HDG:1.2|PX:489.6|PY:-50.0|L...
✓ [CAR 4] ACT=OK REP=0.790 RWD=1.000 PNL=0.000 CREDIT=44
[PKT-DROP] UAV dropped telemetry from 7.0.0.4 (drop_rate=1%)
[PASSIVE-BEACON] SIMNOW:24.586 CID:6 ZONE:1 RXUAV:1 EDGEPORT:9998 TS:24.572 SPD:20.300 HDG:1.200 PX:511.700 PY:-20.000 LAN:2 BRK:0 RX_X:0.000 RX_Y:0.000 RX_Z:0.000
[ZONE-ROUTE] CID:6 zone=1 edge_port=9998
[EDGE-RTT] CID:6 wall=1.1 ms  sim_delay=5.0 ms
>>> [UAV->CLOUD] BLK:5fa1|TX:7.0.0.10|CID:6|TS:24.572|SPD:20.3|HDG:1.2|PX:511.7|PY:-20.0|...
[PASSIVE-BEACON] SIMNOW:24.596 CID:5 ZONE:1 RXUAV:1 EDGEPORT:9998 TS:24.582 SPD:20.000 HDG:1.000 PX:511.300 PY:-10.000 LAN:1 BRK:0 RX_X:0.000 RX_Y:0.000 RX_Z:0.000
[ZONE-ROUTE] CID:5 zone=1 edge_port=9998
[EDGE-RTT] CID:5 wall=0.8 ms  sim_delay=5.0 ms
>>> [UAV->CLOUD] BLK:3109|TX:7.0.0.9|CID:5|TS:24.582|SPD:20.0|HDG:1.0|PX:511.3|PY:-10.0|L...
✓ [CAR 6] ACT=OK REP=0.847 RWD=1.000 PNL=0.000 CREDIT=44
✓ [CAR 5] ACT=OK REP=0.888 RWD=1.000 PNL=0.000 CREDIT=43
[PASSIVE-BEACON] SIMNOW:24.844 CID:3 ZONE:1 RXUAV:1 EDGEPORT:9998 TS:24.830 SPD:20.000 HDG:0.700 PX:496.000 PY:-40.000 LAN:4 BRK:0 RX_X:0.000 RX_Y:0.000 RX_Z:0.000
[ZONE-ROUTE] CID:3 zone=1 edge_port=9998
[EDGE-RTT] CID:3 wall=1.2 ms  sim_delay=5.0 ms
>>> [UAV->CLOUD] BLK:83b2|TX:7.0.0.7|CID:3|TS:24.830|SPD:20.0|HDG:0.7|PX:496.0|PY:-40.0|L...
[PASSIVE-BEACON] SIMNOW:24.846 CID:7 ZONE:1 RXUAV:1 EDGEPORT:9998 TS:24.832 SPD:20.100 HDG:-1.500 PX:516.900 PY:-30.000 LAN:3 BRK:0 RX_X:0.000 RX_Y:0.000 RX_Z:0.000
[ZONE-ROUTE] CID:7 zone=1 edge_port=9998
[EDGE-RTT] CID:7 wall=1.1 ms  sim_delay=5.0 ms
>>> [UAV->CLOUD] BLK:96e6|TX:7.0.0.11|CID:7|TS:24.832|SPD:20.1|HDG:-1.5|PX:516.9|PY:-30.0...
✓ [CAR 3] ACT=OK REP=1.000 RWD=1.000 PNL=0.000 CREDIT=44
✓ [CAR 7] ACT=OK REP=1.000 RWD=1.000 PNL=0.000 CREDIT=45
[PASSIVE-BEACON] SIMNOW:24.884 CID:1 ZONE:1 RXUAV:1 EDGEPORT:9998 TS:24.870 SPD:19.700 HDG:0.300 PX:497.100 PY:-20.000 LAN:2 BRK:0 RX_X:0.000 RX_Y:0.000 RX_Z:0.000
[ZONE-ROUTE] CID:1 zone=1 edge_port=9998
[EDGE-RTT] CID:1 wall=1.2 ms  sim_delay=5.0 ms
>>> [UAV->CLOUD] BLK:4f35|TX:7.0.0.5|CID:1|TS:24.870|SPD:19.7|HDG:0.3|PX:497.1|PY:-20.0|L...
✓ [CAR 1] ACT=OK REP=0.845 RWD=1.000 PNL=0.000 CREDIT=44
[PASSIVE-BEACON] SIMNOW:24.924 CID:2 ZONE:1 RXUAV:1 EDGEPORT:9998 TS:24.910 SPD:19.600 HDG:-1.000 PX:497.900 PY:-30.000 LAN:3 BRK:1 RX_X:0.000 RX_Y:0.000 RX_Z:0.000
[ZONE-ROUTE] CID:2 zone=1 edge_port=9998
[EDGE-RTT] CID:2 wall=1.2 ms  sim_delay=5.0 ms
>>> [UAV->CLOUD] BLK:ba1d|TX:7.0.0.6|CID:2|TS:24.910|SPD:19.6|HDG:-1.0|PX:497.9|PY:-30.0|...
[PASSIVE-BEACON] SIMNOW:24.936 CID:8 ZONE:1 RXUAV:1 EDGEPORT:9998 TS:24.922 SPD:19.900 HDG:1.200 PX:518.000 PY:-40.000 LAN:4 BRK:1 RX_X:0.000 RX_Y:0.000 RX_Z:0.000
[ZONE-ROUTE] CID:8 zone=1 edge_port=9998
[EDGE-RTT] CID:8 wall=1.1 ms  sim_delay=5.0 ms
>>> [UAV->CLOUD] BLK:2629|TX:7.0.0.12|CID:8|TS:24.922|SPD:19.9|HDG:1.2|PX:518.0|PY:-40.0|...
✓ [CAR 2] ACT=OK REP=1.000 RWD=1.000 PNL=0.000 CREDIT=44
✓ [CAR 8] ACT=OK REP=0.982 RWD=1.000 PNL=0.000 CREDIT=45
[PASSIVE-BEACON] SIMNOW:25.007 CID:4 ZONE:1 RXUAV:1 EDGEPORT:9998 TS:24.990 SPD:20.200 HDG:0.000 PX:500.400 PY:-50.000 LAN:5 BRK:0 RX_X:0.000 RX_Y:0.000 RX_Z:0.000
[ZONE-ROUTE] CID:4 zone=1 edge_port=9998
[EDGE-RTT] CID:4 wall=1.1 ms  sim_delay=5.0 ms
>>> [UAV->CLOUD] BLK:c7f7|TX:7.0.0.8|CID:4|TS:24.990|SPD:20.2|HDG:0.0|PX:500.4|PY:-50.0|L...
✓ [CAR 4] ACT=OK REP=1.000 RWD=1.000 PNL=0.000 CREDIT=45
[PASSIVE-BEACON] SIMNOW:25.025 CID:0 ZONE:1 RXUAV:1 EDGEPORT:9998 TS:25.010 SPD:19.700 HDG:2.000 PX:500.600 PY:-10.000 LAN:1 BRK:1 RX_X:0.000 RX_Y:0.000 RX_Z:0.000
[ZONE-ROUTE] CID:0 zone=1 edge_port=9998
[EDGE-RTT] CID:0 wall=1.0 ms  sim_delay=5.0 ms
>>> [UAV->CLOUD] BLK:0ff2|TX:7.0.0.4|CID:0|TS:25.010|SPD:19.7|HDG:2.0|PX:500.6|PY:-10.0|L...
✓ [CAR 0] ACT=OK REP=1.000 RWD=1.000 PNL=0.000 CREDIT=44
[PASSIVE-BEACON] SIMNOW:25.086 CID:6 ZONE:1 RXUAV:1 EDGEPORT:9998 TS:25.072 SPD:19.900 HDG:-1.800 PX:522.000 PY:-20.000 LAN:2 BRK:0 RX_X:0.000 RX_Y:0.000 RX_Z:0.000
[ZONE-ROUTE] CID:6 zone=1 edge_port=9998
[EDGE-RTT] CID:6 wall=1.3 ms  sim_delay=5.0 ms
>>> [UAV->CLOUD] BLK:bacc|TX:7.0.0.10|CID:6|TS:25.072|SPD:19.9|HDG:-1.8|PX:522.0|PY:-20.0...
[PASSIVE-BEACON] SIMNOW:25.095 CID:5 ZONE:1 RXUAV:1 EDGEPORT:9998 TS:25.082 SPD:19.600 HDG:-1.600 PX:522.200 PY:-10.000 LAN:1 BRK:0 RX_X:0.000 RX_Y:0.000 RX_Z:0.000
[ZONE-ROUTE] CID:5 zone=1 edge_port=9998
[EDGE-RTT] CID:5 wall=1.3 ms  sim_delay=5.0 ms
>>> [UAV->CLOUD] BLK:bf4c|TX:7.0.0.9|CID:5|TS:25.082|SPD:19.6|HDG:-1.6|PX:522.2|PY:-10.0|...
✓ [CAR 6] ACT=OK REP=1.000 RWD=1.000 PNL=0.000 CREDIT=45
✓ [CAR 5] ACT=OK REP=0.958 RWD=1.000 PNL=0.000 CREDIT=44
[PASSIVE-BEACON] SIMNOW:25.344 CID:3 ZONE:1 RXUAV:1 EDGEPORT:9998 TS:25.330 SPD:20.100 HDG:0.100 PX:506.100 PY:-40.000 LAN:4 BRK:0 RX_X:0.000 RX_Y:0.000 RX_Z:0.000
[ZONE-ROUTE] CID:3 zone=1 edge_port=9998
[EDGE-RTT] CID:3 wall=1.6 ms  sim_delay=5.0 ms
>>> [UAV->CLOUD] BLK:117a|TX:7.0.0.7|CID:3|TS:25.330|SPD:20.1|HDG:0.1|PX:506.1|PY:-40.0|L...
[PASSIVE-BEACON] SIMNOW:25.346 CID:7 ZONE:1 RXUAV:1 EDGEPORT:9998 TS:25.332 SPD:20.100 HDG:1.400 PX:527.200 PY:-30.000 LAN:3 BRK:1 RX_X:0.000 RX_Y:0.000 RX_Z:0.000
[ZONE-ROUTE] CID:7 zone=1 edge_port=9998
[EDGE-RTT] CID:7 wall=1.3 ms  sim_delay=5.0 ms
>>> [UAV->CLOUD] BLK:daa8|TX:7.0.0.11|CID:7|TS:25.332|SPD:20.1|HDG:1.4|PX:527.2|PY:-30.0|...
✓ [CAR 3] ACT=OK REP=0.735 RWD=1.000 PNL=0.000 CREDIT=45
✓ [CAR 7] ACT=OK REP=0.854 RWD=1.000 PNL=0.000 CREDIT=46
[PASSIVE-BEACON] SIMNOW:25.384 CID:1 ZONE:1 RXUAV:1 EDGEPORT:9998 TS:25.370 SPD:19.700 HDG:-1.400 PX:508.000 PY:-20.000 LAN:2 BRK:0 RX_X:0.000 RX_Y:0.000 RX_Z:0.000
[ZONE-ROUTE] CID:1 zone=1 edge_port=9998
[EDGE-RTT] CID:1 wall=1.2 ms  sim_delay=5.0 ms
>>> [UAV->CLOUD] BLK:194c|TX:7.0.0.5|CID:1|TS:25.370|SPD:19.7|HDG:-1.4|PX:508.0|PY:-20.0|...
✓ [CAR 1] ACT=OK REP=1.000 RWD=1.000 PNL=0.000 CREDIT=45
[PASSIVE-BEACON] SIMNOW:25.424 CID:2 ZONE:1 RXUAV:1 EDGEPORT:9998 TS:25.410 SPD:20.000 HDG:0.400 PX:508.300 PY:-30.000 LAN:3 BRK:0 RX_X:0.000 RX_Y:0.000 RX_Z:0.000
[ZONE-ROUTE] CID:2 zone=1 edge_port=9998
[EDGE-RTT] CID:2 wall=1.1 ms  sim_delay=5.0 ms
>>> [UAV->CLOUD] BLK:2b8a|TX:7.0.0.6|CID:2|TS:25.410|SPD:20.0|HDG:0.4|PX:508.3|PY:-30.0|L...
[PASSIVE-BEACON] SIMNOW:25.436 CID:8 ZONE:1 RXUAV:1 EDGEPORT:9998 TS:25.422 SPD:20.300 HDG:-0.800 PX:527.800 PY:-40.000 LAN:4 BRK:0 RX_X:0.000 RX_Y:0.000 RX_Z:0.000
[ZONE-ROUTE] CID:8 zone=1 edge_port=9998
[EDGE-RTT] CID:8 wall=0.9 ms  sim_delay=5.0 ms
>>> [UAV->CLOUD] BLK:8d8d|TX:7.0.0.12|CID:8|TS:25.422|SPD:20.3|HDG:-0.8|PX:527.8|PY:-40.0...
✓ [CAR 2] ACT=OK REP=0.869 RWD=1.000 PNL=0.000 CREDIT=45
✓ [CAR 8] ACT=OK REP=0.986 RWD=1.000 PNL=0.000 CREDIT=46
[PASSIVE-BEACON] SIMNOW:25.504 CID:4 ZONE:1 RXUAV:1 EDGEPORT:9998 TS:25.490 SPD:20.200 HDG:-1.600 PX:509.700 PY:-50.000 LAN:5 BRK:0 RX_X:0.000 RX_Y:0.000 RX_Z:0.000
[ZONE-ROUTE] CID:4 zone=1 edge_port=9998
[EDGE-RTT] CID:4 wall=1.2 ms  sim_delay=5.0 ms
>>> [UAV->CLOUD] BLK:2fa9|TX:7.0.0.8|CID:4|TS:25.490|SPD:20.2|HDG:-1.6|PX:509.7|PY:-50.0|...
✓ [CAR 4] ACT=OK REP=0.795 RWD=1.000 PNL=0.000 CREDIT=46
[PASSIVE-BEACON] SIMNOW:25.524 CID:0 ZONE:1 RXUAV:1 EDGEPORT:9998 TS:25.510 SPD:19.600 HDG:0.900 PX:509.800 PY:-10.000 LAN:1 BRK:0 RX_X:0.000 RX_Y:0.000 RX_Z:0.000
[ZONE-ROUTE] CID:0 zone=1 edge_port=9998
[EDGE-RTT] CID:0 wall=0.9 ms  sim_delay=5.0 ms
>>> [UAV->CLOUD] BLK:b70b|TX:7.0.0.4|CID:0|TS:25.510|SPD:19.6|HDG:0.9|PX:509.8|PY:-10.0|L...
✓ [CAR 0] ACT=OK REP=0.832 RWD=1.000 PNL=0.000 CREDIT=45
[PASSIVE-BEACON] SIMNOW:25.586 CID:6 ZONE:1 RXUAV:1 EDGEPORT:9998 TS:25.572 SPD:20.500 HDG:1.900 PX:530.900 PY:-20.000 LAN:2 BRK:0 RX_X:0.000 RX_Y:0.000 RX_Z:0.000
[ZONE-ROUTE] CID:6 zone=1 edge_port=9998
[EDGE-RTT] CID:6 wall=1.2 ms  sim_delay=5.0 ms
>>> [UAV->CLOUD] BLK:7b8f|TX:7.0.0.10|CID:6|TS:25.572|SPD:20.5|HDG:1.9|PX:530.9|PY:-20.0|...
[PASSIVE-BEACON] SIMNOW:25.596 CID:5 ZONE:1 RXUAV:1 EDGEPORT:9998 TS:25.582 SPD:19.800 HDG:-1.200 PX:532.200 PY:-10.000 LAN:1 BRK:0 RX_X:0.000 RX_Y:0.000 RX_Z:0.000
[ZONE-ROUTE] CID:5 zone=1 edge_port=9998
[EDGE-RTT] CID:5 wall=1.1 ms  sim_delay=5.0 ms
>>> [UAV->CLOUD] BLK:24e1|TX:7.0.0.9|CID:5|TS:25.582|SPD:19.8|HDG:-1.2|PX:532.2|PY:-10.0|...
✓ [CAR 6] ACT=OK REP=0.973 RWD=1.000 PNL=0.000 CREDIT=46
✓ [CAR 5] ACT=OK REP=1.000 RWD=1.000 PNL=0.000 CREDIT=45
[PASSIVE-BEACON] SIMNOW:25.844 CID:3 ZONE:1 RXUAV:1 EDGEPORT:9998 TS:25.830 SPD:20.300 HDG:1.000 PX:517.300 PY:-40.000 LAN:4 BRK:0 RX_X:0.000 RX_Y:0.000 RX_Z:0.000
[ZONE-ROUTE] CID:3 zone=1 edge_port=9998
[EDGE-RTT] CID:3 wall=1.3 ms  sim_delay=5.0 ms
>>> [UAV->CLOUD] BLK:a662|TX:7.0.0.7|CID:3|TS:25.830|SPD:20.3|HDG:1.0|PX:517.3|PY:-40.0|L...
[PASSIVE-BEACON] SIMNOW:25.846 CID:7 ZONE:1 RXUAV:1 EDGEPORT:9998 TS:25.832 SPD:20.100 HDG:1.700 PX:536.200 PY:-30.000 LAN:3 BRK:0 RX_X:0.000 RX_Y:0.000 RX_Z:0.000
[ZONE-ROUTE] CID:7 zone=1 edge_port=9998
[EDGE-RTT] CID:7 wall=1.1 ms  sim_delay=5.0 ms
>>> [UAV->CLOUD] BLK:4e88|TX:7.0.0.11|CID:7|TS:25.832|SPD:20.1|HDG:1.7|PX:536.2|PY:-30.0|...
✓ [CAR 3] ACT=OK REP=0.925 RWD=1.000 PNL=0.000 CREDIT=46
✓ [CAR 7] ACT=OK REP=1.000 RWD=1.000 PNL=0.000 CREDIT=47
[PASSIVE-BEACON] SIMNOW:25.884 CID:1 ZONE:1 RXUAV:1 EDGEPORT:9998 TS:25.870 SPD:19.800 HDG:-0.200 PX:517.300 PY:-20.000 LAN:2 BRK:1 RX_X:0.000 RX_Y:0.000 RX_Z:0.000
[ZONE-ROUTE] CID:1 zone=1 edge_port=9998
[EDGE-RTT] CID:1 wall=1.3 ms  sim_delay=5.0 ms
>>> [UAV->CLOUD] BLK:230f|TX:7.0.0.5|CID:1|TS:25.870|SPD:19.8|HDG:-0.2|PX:517.3|PY:-20.0|...
✓ [CAR 1] ACT=OK REP=0.883 RWD=1.000 PNL=0.000 CREDIT=46
[PASSIVE-BEACON] SIMNOW:25.924 CID:2 ZONE:1 RXUAV:1 EDGEPORT:9998 TS:25.910 SPD:19.600 HDG:-0.900 PX:517.500 PY:-30.000 LAN:3 BRK:0 RX_X:0.000 RX_Y:0.000 RX_Z:0.000
[ZONE-ROUTE] CID:2 zone=1 edge_port=9998
[EDGE-RTT] CID:2 wall=1.1 ms  sim_delay=5.0 ms
>>> [UAV->CLOUD] BLK:0c95|TX:7.0.0.6|CID:2|TS:25.910|SPD:19.6|HDG:-0.9|PX:517.5|PY:-30.0|...
[PASSIVE-BEACON] SIMNOW:25.936 CID:8 ZONE:1 RXUAV:1 EDGEPORT:9998 TS:25.922 SPD:20.500 HDG:0.400 PX:537.900 PY:-40.000 LAN:4 BRK:0 RX_X:0.000 RX_Y:0.000 RX_Z:0.000
[ZONE-ROUTE] CID:8 zone=1 edge_port=9998
[EDGE-RTT] CID:8 wall=1.0 ms  sim_delay=5.0 ms
>>> [UAV->CLOUD] BLK:a213|TX:7.0.0.12|CID:8|TS:25.922|SPD:20.5|HDG:0.4|PX:537.9|PY:-40.0|...
✓ [CAR 2] ACT=OK REP=0.967 RWD=1.000 PNL=0.000 CREDIT=46
✓ [CAR 8] ACT=OK REP=1.000 RWD=1.000 PNL=0.000 CREDIT=47
[PASSIVE-BEACON] SIMNOW:26.004 CID:4 ZONE:1 RXUAV:1 EDGEPORT:9998 TS:25.990 SPD:19.700 HDG:1.200 PX:519.500 PY:-50.000 LAN:5 BRK:0 RX_X:0.000 RX_Y:0.000 RX_Z:0.000
[ZONE-ROUTE] CID:4 zone=1 edge_port=9998
[EDGE-RTT] CID:4 wall=1.2 ms  sim_delay=5.0 ms
>>> [UAV->CLOUD] BLK:232f|TX:7.0.0.8|CID:4|TS:25.990|SPD:19.7|HDG:1.2|PX:519.5|PY:-50.0|L...
✓ [CAR 4] ACT=OK REP=0.684 RWD=1.000 PNL=0.000 CREDIT=47
[PASSIVE-BEACON] SIMNOW:26.025 CID:0 ZONE:1 RXUAV:1 EDGEPORT:9998 TS:26.010 SPD:19.800 HDG:0.700 PX:519.500 PY:-10.000 LAN:1 BRK:0 RX_X:0.000 RX_Y:0.000 RX_Z:0.000
[ZONE-ROUTE] CID:0 zone=1 edge_port=9998
[EDGE-RTT] CID:0 wall=1.1 ms  sim_delay=5.0 ms
>>> [UAV->CLOUD] BLK:315c|TX:7.0.0.4|CID:0|TS:26.010|SPD:19.8|HDG:0.7|PX:519.5|PY:-10.0|L...
✓ [CAR 0] ACT=OK REP=0.959 RWD=1.000 PNL=0.000 CREDIT=46
[PASSIVE-BEACON] SIMNOW:26.086 CID:6 ZONE:1 RXUAV:1 EDGEPORT:9998 TS:26.072 SPD:19.800 HDG:0.900 PX:541.900 PY:-20.000 LAN:2 BRK:1 RX_X:0.000 RX_Y:0.000 RX_Z:0.000
[ZONE-ROUTE] CID:6 zone=1 edge_port=9998
[EDGE-RTT] CID:6 wall=1.2 ms  sim_delay=5.0 ms
>>> [UAV->CLOUD] BLK:5698|TX:7.0.0.10|CID:6|TS:26.072|SPD:19.8|HDG:0.9|PX:541.9|PY:-20.0|...
[PASSIVE-BEACON] SIMNOW:26.096 CID:5 ZONE:1 RXUAV:1 EDGEPORT:9998 TS:26.082 SPD:19.900 HDG:-1.200 PX:542.000 PY:-10.000 LAN:1 BRK:0 RX_X:0.000 RX_Y:0.000 RX_Z:0.000
[ZONE-ROUTE] CID:5 zone=1 edge_port=9998
[EDGE-RTT] CID:5 wall=1.2 ms  sim_delay=5.0 ms
>>> [UAV->CLOUD] BLK:04be|TX:7.0.0.9|CID:5|TS:26.082|SPD:19.9|HDG:-1.2|PX:542.0|PY:-10.0|...
✓ [CAR 6] ACT=OK REP=0.789 RWD=1.000 PNL=0.000 CREDIT=47
✓ [CAR 5] ACT=OK REP=0.979 RWD=1.000 PNL=0.000 CREDIT=46
[PASSIVE-BEACON] SIMNOW:26.344 CID:3 ZONE:1 RXUAV:1 EDGEPORT:9998 TS:26.330 SPD:20.500 HDG:-0.700 PX:527.100 PY:-40.000 LAN:4 BRK:0 RX_X:0.000 RX_Y:0.000 RX_Z:0.000
[ZONE-ROUTE] CID:3 zone=1 edge_port=9998
[EDGE-RTT] CID:3 wall=1.3 ms  sim_delay=5.0 ms
>>> [UAV->CLOUD] BLK:08ea|TX:7.0.0.7|CID:3|TS:26.330|SPD:20.5|HDG:-0.7|PX:527.1|PY:-40.0|...
[PASSIVE-BEACON] SIMNOW:26.346 CID:7 ZONE:1 RXUAV:1 EDGEPORT:9998 TS:26.332 SPD:20.200 HDG:-0.400 PX:547.100 PY:-30.000 LAN:3 BRK:1 RX_X:0.000 RX_Y:0.000 RX_Z:0.000
[ZONE-ROUTE] CID:7 zone=1 edge_port=9998
[EDGE-RTT] CID:7 wall=1.0 ms  sim_delay=5.0 ms
>>> [UAV->CLOUD] BLK:6bde|TX:7.0.0.11|CID:7|TS:26.332|SPD:20.2|HDG:-0.4|PX:547.1|PY:-30.0...
✓ [CAR 3] ACT=OK REP=0.887 RWD=1.000 PNL=0.000 CREDIT=47
✓ [CAR 7] ACT=OK REP=0.867 RWD=1.000 PNL=0.000 CREDIT=48
[PASSIVE-BEACON] SIMNOW:26.384 CID:1 ZONE:1 RXUAV:1 EDGEPORT:9998 TS:26.370 SPD:19.600 HDG:-1.400 PX:527.400 PY:-20.000 LAN:2 BRK:0 RX_X:0.000 RX_Y:0.000 RX_Z:0.000
[ZONE-ROUTE] CID:1 zone=1 edge_port=9998
[EDGE-RTT] CID:1 wall=1.2 ms  sim_delay=5.0 ms
>>> [UAV->CLOUD] BLK:5f83|TX:7.0.0.5|CID:1|TS:26.370|SPD:19.6|HDG:-1.4|PX:527.4|PY:-20.0|...
✓ [CAR 1] ACT=OK REP=1.000 RWD=1.000 PNL=0.000 CREDIT=47
[PASSIVE-BEACON] SIMNOW:26.424 CID:2 ZONE:1 RXUAV:1 EDGEPORT:9998 TS:26.410 SPD:19.600 HDG:0.000 PX:528.800 PY:-30.000 LAN:3 BRK:0 RX_X:0.000 RX_Y:0.000 RX_Z:0.000
[ZONE-ROUTE] CID:2 zone=1 edge_port=9998
[EDGE-RTT] CID:2 wall=1.0 ms  sim_delay=5.0 ms
>>> [UAV->CLOUD] BLK:7825|TX:7.0.0.6|CID:2|TS:26.410|SPD:19.6|HDG:0.0|PX:528.8|PY:-30.0|L...
[PASSIVE-BEACON] SIMNOW:26.436 CID:8 ZONE:1 RXUAV:1 EDGEPORT:9998 TS:26.422 SPD:19.800 HDG:0.600 PX:548.000 PY:-40.000 LAN:4 BRK:0 RX_X:0.000 RX_Y:0.000 RX_Z:0.000
[ZONE-ROUTE] CID:8 zone=1 edge_port=9998
[EDGE-RTT] CID:8 wall=1.2 ms  sim_delay=5.0 ms
>>> [UAV->CLOUD] BLK:05e5|TX:7.0.0.12|CID:8|TS:26.422|SPD:19.8|HDG:0.6|PX:548.0|PY:-40.0|...
✓ [CAR 2] ACT=OK REP=0.895 RWD=1.000 PNL=0.000 CREDIT=47
✓ [CAR 8] ACT=OK REP=0.873 RWD=1.000 PNL=0.000 CREDIT=48
[PASSIVE-BEACON] SIMNOW:26.504 CID:4 ZONE:1 RXUAV:1 EDGEPORT:9998 TS:26.490 SPD:19.800 HDG:-1.400 PX:530.000 PY:-50.000 LAN:5 BRK:0 RX_X:0.000 RX_Y:0.000 RX_Z:0.000
[ZONE-ROUTE] CID:4 zone=1 edge_port=9998
[EDGE-RTT] CID:4 wall=1.2 ms  sim_delay=5.0 ms
>>> [UAV->CLOUD] BLK:142e|TX:7.0.0.8|CID:4|TS:26.490|SPD:19.8|HDG:-1.4|PX:530.0|PY:-50.0|...
✓ [CAR 4] ACT=OK REP=0.887 RWD=1.000 PNL=0.000 CREDIT=48
[PASSIVE-BEACON] SIMNOW:26.524 CID:0 ZONE:1 RXUAV:1 EDGEPORT:9998 TS:26.510 SPD:20.400 HDG:1.600 PX:529.500 PY:-10.000 LAN:1 BRK:0 RX_X:0.000 RX_Y:0.000 RX_Z:0.000
[ZONE-ROUTE] CID:0 zone=1 edge_port=9998
[EDGE-RTT] CID:0 wall=1.1 ms  sim_delay=5.0 ms
>>> [UAV->CLOUD] BLK:b2af|TX:7.0.0.4|CID:0|TS:26.510|SPD:20.4|HDG:1.6|PX:529.5|PY:-10.0|L...
✓ [CAR 0] ACT=OK REP=0.775 RWD=1.000 PNL=0.000 CREDIT=47
[PASSIVE-BEACON] SIMNOW:26.586 CID:6 ZONE:1 RXUAV:1 EDGEPORT:9998 TS:26.572 SPD:19.700 HDG:1.200 PX:551.900 PY:-20.000 LAN:2 BRK:1 RX_X:0.000 RX_Y:0.000 RX_Z:0.000
[ZONE-ROUTE] CID:6 zone=1 edge_port=9998
[EDGE-RTT] CID:6 wall=1.3 ms  sim_delay=5.0 ms
>>> [UAV->CLOUD] BLK:3fda|TX:7.0.0.10|CID:6|TS:26.572|SPD:19.7|HDG:1.2|PX:551.9|PY:-20.0|...
[PASSIVE-BEACON] SIMNOW:26.595 CID:5 ZONE:1 RXUAV:1 EDGEPORT:9998 TS:26.582 SPD:20.000 HDG:-1.800 PX:551.000 PY:-10.000 LAN:1 BRK:0 RX_X:0.000 RX_Y:0.000 RX_Z:0.000
[ZONE-ROUTE] CID:5 zone=1 edge_port=9998
[EDGE-RTT] CID:5 wall=1.1 ms  sim_delay=5.0 ms
>>> [UAV->CLOUD] BLK:176a|TX:7.0.0.9|CID:5|TS:26.582|SPD:20.0|HDG:-1.8|PX:551.0|PY:-10.0|...
✓ [CAR 6] ACT=OK REP=0.923 RWD=1.000 PNL=0.000 CREDIT=48
✓ [CAR 5] ACT=OK REP=1.000 RWD=1.000 PNL=0.000 CREDIT=47
[PASSIVE-BEACON] SIMNOW:26.842 CID:3 ZONE:1 RXUAV:1 EDGEPORT:9998 TS:26.830 SPD:19.700 HDG:2.000 PX:536.200 PY:-40.000 LAN:4 BRK:0 RX_X:0.000 RX_Y:0.000 RX_Z:0.000
[ZONE-ROUTE] CID:3 zone=1 edge_port=9998
[EDGE-RTT] CID:3 wall=1.3 ms  sim_delay=5.0 ms
>>> [UAV->CLOUD] BLK:3533|TX:7.0.0.7|CID:3|TS:26.830|SPD:19.7|HDG:2.0|PX:536.2|PY:-40.0|L...
[PASSIVE-BEACON] SIMNOW:26.846 CID:7 ZONE:1 RXUAV:1 EDGEPORT:9998 TS:26.832 SPD:20.200 HDG:0.500 PX:556.100 PY:-30.000 LAN:3 BRK:0 RX_X:0.000 RX_Y:0.000 RX_Z:0.000
[ZONE-ROUTE] CID:7 zone=1 edge_port=9998
[EDGE-RTT] CID:7 wall=1.2 ms  sim_delay=5.0 ms
>>> [UAV->CLOUD] BLK:10d4|TX:7.0.0.11|CID:7|TS:26.832|SPD:20.2|HDG:0.5|PX:556.1|PY:-30.0|...
✓ [CAR 3] ACT=OK REP=1.000 RWD=1.000 PNL=0.000 CREDIT=48
✓ [CAR 7] ACT=OK REP=0.867 RWD=1.000 PNL=0.000 CREDIT=49
[PASSIVE-BEACON] SIMNOW:26.884 CID:1 ZONE:1 RXUAV:1 EDGEPORT:9998 TS:26.870 SPD:19.600 HDG:-1.900 PX:536.800 PY:-20.000 LAN:2 BRK:0 RX_X:0.000 RX_Y:0.000 RX_Z:0.000
[ZONE-ROUTE] CID:1 zone=1 edge_port=9998
[EDGE-RTT] CID:1 wall=1.1 ms  sim_delay=5.0 ms
>>> [UAV->CLOUD] BLK:064a|TX:7.0.0.5|CID:1|TS:26.870|SPD:19.6|HDG:-1.9|PX:536.8|PY:-20.0|...
✓ [CAR 1] ACT=OK REP=1.000 RWD=1.000 PNL=0.000 CREDIT=48
[PASSIVE-BEACON] SIMNOW:26.924 CID:2 ZONE:1 RXUAV:1 EDGEPORT:9998 TS:26.910 SPD:20.400 HDG:1.300 PX:538.600 PY:-30.000 LAN:3 BRK:0 RX_X:0.000 RX_Y:0.000 RX_Z:0.000
[ZONE-ROUTE] CID:2 zone=1 edge_port=9998
[EDGE-RTT] CID:2 wall=1.2 ms  sim_delay=5.0 ms
>>> [UAV->CLOUD] BLK:d336|TX:7.0.0.6|CID:2|TS:26.910|SPD:20.4|HDG:1.3|PX:538.6|PY:-30.0|L...
[PASSIVE-BEACON] SIMNOW:26.936 CID:8 ZONE:1 RXUAV:1 EDGEPORT:9998 TS:26.922 SPD:19.500 HDG:0.300 PX:559.000 PY:-40.000 LAN:4 BRK:0 RX_X:0.000 RX_Y:0.000 RX_Z:0.000
[ZONE-ROUTE] CID:8 zone=1 edge_port=9998
[EDGE-RTT] CID:8 wall=1.2 ms  sim_delay=5.0 ms
>>> [UAV->CLOUD] BLK:4aab|TX:7.0.0.12|CID:8|TS:26.922|SPD:19.5|HDG:0.3|PX:559.0|PY:-40.0|...
✓ [CAR 2] ACT=OK REP=0.971 RWD=1.000 PNL=0.000 CREDIT=48
✓ [CAR 8] ACT=OK REP=0.912 RWD=1.000 PNL=0.000 CREDIT=49
[PASSIVE-BEACON] SIMNOW:27.004 CID:4 ZONE:1 RXUAV:1 EDGEPORT:9998 TS:26.990 SPD:20.500 HDG:-1.600 PX:539.400 PY:-50.000 LAN:5 BRK:1 RX_X:0.000 RX_Y:0.000 RX_Z:0.000
[ZONE-ROUTE] CID:4 zone=1 edge_port=9998
[EDGE-RTT] CID:4 wall=1.2 ms  sim_delay=5.0 ms
>>> [UAV->CLOUD] BLK:9217|TX:7.0.0.8|CID:4|TS:26.990|SPD:20.5|HDG:-1.6|PX:539.4|PY:-50.0|...
✓ [CAR 4] ACT=OK REP=0.934 RWD=1.000 PNL=0.000 CREDIT=49
[PASSIVE-BEACON] SIMNOW:27.025 CID:0 ZONE:1 RXUAV:1 EDGEPORT:9998 TS:27.010 SPD:20.000 HDG:-0.900 PX:540.900 PY:-10.000 LAN:1 BRK:0 RX_X:0.000 RX_Y:0.000 RX_Z:0.000
[ZONE-ROUTE] CID:0 zone=1 edge_port=9998
[EDGE-RTT] CID:0 wall=1.0 ms  sim_delay=5.0 ms
>>> [UAV->CLOUD] BLK:5614|TX:7.0.0.4|CID:0|TS:27.010|SPD:20.0|HDG:-0.9|PX:540.9|PY:-10.0|...
✓ [CAR 0] ACT=OK REP=1.000 RWD=1.000 PNL=0.000 CREDIT=48
[PASSIVE-BEACON] SIMNOW:27.086 CID:6 ZONE:1 RXUAV:1 EDGEPORT:9998 TS:27.072 SPD:20.300 HDG:-1.800 PX:561.400 PY:-20.000 LAN:2 BRK:1 RX_X:0.000 RX_Y:0.000 RX_Z:0.000
[ZONE-ROUTE] CID:6 zone=1 edge_port=9998
[EDGE-RTT] CID:6 wall=1.3 ms  sim_delay=5.0 ms
>>> [UAV->CLOUD] BLK:8a2f|TX:7.0.0.10|CID:6|TS:27.072|SPD:20.3|HDG:-1.8|PX:561.4|PY:-20.0...
[PASSIVE-BEACON] SIMNOW:27.096 CID:5 ZONE:1 RXUAV:1 EDGEPORT:9998 TS:27.082 SPD:19.800 HDG:0.800 PX:561.700 PY:-10.000 LAN:1 BRK:0 RX_X:0.000 RX_Y:0.000 RX_Z:0.000
[ZONE-ROUTE] CID:5 zone=1 edge_port=9998
[EDGE-RTT] CID:5 wall=1.0 ms  sim_delay=5.0 ms
>>> [UAV->CLOUD] BLK:7276|TX:7.0.0.9|CID:5|TS:27.082|SPD:19.8|HDG:0.8|PX:561.7|PY:-10.0|L...
✓ [CAR 6] ACT=OK REP=1.000 RWD=1.000 PNL=0.000 CREDIT=49
✓ [CAR 5] ACT=OK REP=0.765 RWD=1.000 PNL=0.000 CREDIT=48
[PASSIVE-BEACON] SIMNOW:27.344 CID:3 ZONE:1 RXUAV:1 EDGEPORT:9998 TS:27.330 SPD:19.800 HDG:0.400 PX:546.900 PY:-40.000 LAN:4 BRK:0 RX_X:0.000 RX_Y:0.000 RX_Z:0.000
[ZONE-ROUTE] CID:3 zone=1 edge_port=9998
[EDGE-RTT] CID:3 wall=1.3 ms  sim_delay=5.0 ms
>>> [UAV->CLOUD] BLK:4971|TX:7.0.0.7|CID:3|TS:27.330|SPD:19.8|HDG:0.4|PX:546.9|PY:-40.0|L...
[PASSIVE-BEACON] SIMNOW:27.346 CID:7 ZONE:1 RXUAV:1 EDGEPORT:9998 TS:27.332 SPD:19.600 HDG:1.100 PX:566.200 PY:-30.000 LAN:3 BRK:0 RX_X:0.000 RX_Y:0.000 RX_Z:0.000
[ZONE-ROUTE] CID:7 zone=1 edge_port=9998
[EDGE-RTT] CID:7 wall=1.3 ms  sim_delay=5.0 ms
>>> [UAV->CLOUD] BLK:161d|TX:7.0.0.11|CID:7|TS:27.332|SPD:19.6|HDG:1.1|PX:566.2|PY:-30.0|...
✓ [CAR 3] ACT=OK REP=0.682 RWD=1.000 PNL=0.000 CREDIT=49
✓ [CAR 7] ACT=OK REP=1.000 RWD=1.000 PNL=0.000 CREDIT=50
[PASSIVE-BEACON] SIMNOW:27.384 CID:1 ZONE:1 RXUAV:1 EDGEPORT:9998 TS:27.370 SPD:20.100 HDG:-1.600 PX:548.000 PY:-20.000 LAN:2 BRK:0 RX_X:0.000 RX_Y:0.000 RX_Z:0.000
[ZONE-ROUTE] CID:1 zone=1 edge_port=9998
[EDGE-RTT] CID:1 wall=1.4 ms  sim_delay=5.0 ms
>>> [UAV->CLOUD] BLK:954c|TX:7.0.0.5|CID:1|TS:27.370|SPD:20.1|HDG:-1.6|PX:548.0|PY:-20.0|...
✓ [CAR 1] ACT=OK REP=0.654 RWD=1.000 PNL=0.000 CREDIT=49
[PASSIVE-BEACON] SIMNOW:27.424 CID:2 ZONE:1 RXUAV:1 EDGEPORT:9998 TS:27.410 SPD:20.300 HDG:-0.500 PX:548.100 PY:-30.000 LAN:3 BRK:0 RX_X:0.000 RX_Y:0.000 RX_Z:0.000
[ZONE-ROUTE] CID:2 zone=1 edge_port=9998
[EDGE-RTT] CID:2 wall=1.4 ms  sim_delay=5.0 ms
>>> [UAV->CLOUD] BLK:e178|TX:7.0.0.6|CID:2|TS:27.410|SPD:20.3|HDG:-0.5|PX:548.1|PY:-30.0|...
[PASSIVE-BEACON] SIMNOW:27.436 CID:8 ZONE:1 RXUAV:1 EDGEPORT:9998 TS:27.422 SPD:20.100 HDG:-1.000 PX:567.900 PY:-40.000 LAN:4 BRK:0 RX_X:0.000 RX_Y:0.000 RX_Z:0.000
[ZONE-ROUTE] CID:8 zone=1 edge_port=9998
[EDGE-RTT] CID:8 wall=1.1 ms  sim_delay=5.0 ms
>>> [UAV->CLOUD] BLK:3d0d|TX:7.0.0.12|CID:8|TS:27.422|SPD:20.1|HDG:-1.0|PX:567.9|PY:-40.0...
✓ [CAR 2] ACT=OK REP=0.623 RWD=1.000 PNL=0.000 CREDIT=49
✓ [CAR 8] ACT=OK REP=1.000 RWD=1.000 PNL=0.000 CREDIT=50
[PASSIVE-BEACON] SIMNOW:27.507 CID:4 ZONE:1 RXUAV:1 EDGEPORT:9998 TS:27.490 SPD:19.500 HDG:1.500 PX:549.400 PY:-50.000 LAN:5 BRK:0 RX_X:0.000 RX_Y:0.000 RX_Z:0.000
[ZONE-ROUTE] CID:4 zone=1 edge_port=9998
[EDGE-RTT] CID:4 wall=1.3 ms  sim_delay=5.0 ms
>>> [UAV->CLOUD] BLK:024f|TX:7.0.0.8|CID:4|TS:27.490|SPD:19.5|HDG:1.5|PX:549.4|PY:-50.0|L...
✓ [CAR 4] ACT=OK REP=1.000 RWD=1.000 PNL=0.000 CREDIT=50
[PASSIVE-BEACON] SIMNOW:27.524 CID:0 ZONE:1 RXUAV:1 EDGEPORT:9998 TS:27.510 SPD:20.100 HDG:-0.900 PX:550.600 PY:-10.000 LAN:1 BRK:0 RX_X:0.000 RX_Y:0.000 RX_Z:0.000
[ZONE-ROUTE] CID:0 zone=1 edge_port=9998
[EDGE-RTT] CID:0 wall=1.3 ms  sim_delay=5.0 ms
>>> [UAV->CLOUD] BLK:1ee6|TX:7.0.0.4|CID:0|TS:27.510|SPD:20.1|HDG:-0.9|PX:550.6|PY:-10.0|...
✓ [CAR 0] ACT=OK REP=1.000 RWD=1.000 PNL=0.000 CREDIT=49
[ATTACK-EMIT] CID:6 activeWindow=YES falsified=NO simT=27.572 realPX=571.440 fakePX=571.440 realSPD=20.000 fakeSPD=20.000 realTS=27.572 fakeTS=27.572 lane=2
[ATTACK-EMIT] CID:5 activeWindow=YES falsified=NO simT=27.582 realPX=571.640 fakePX=571.640 realSPD=20.000 fakeSPD=20.000 realTS=27.582 fakeTS=27.582 lane=1
[PASSIVE-BEACON] SIMNOW:27.586 CID:6 ZONE:1 RXUAV:1 EDGEPORT:9998 TS:27.572 SPD:20.000 HDG:0.000 PX:571.400 PY:-20.000 LAN:2 BRK:0 RX_X:0.000 RX_Y:0.000 RX_Z:0.000
[ZONE-ROUTE] CID:6 zone=1 edge_port=9998
[EDGE-RTT] CID:6 wall=1.2 ms  sim_delay=5.0 ms
>>> [UAV->CLOUD] BLK:d544|TX:7.0.0.10|CID:6|TS:27.572|SPD:20.0|HDG:0.0|PX:571.4|PY:-20.0|...
[PASSIVE-BEACON] SIMNOW:27.599 CID:5 ZONE:1 RXUAV:1 EDGEPORT:9998 TS:27.582 SPD:20.000 HDG:0.000 PX:571.600 PY:-10.000 LAN:1 BRK:0 RX_X:0.000 RX_Y:0.000 RX_Z:0.000
[ZONE-ROUTE] CID:5 zone=1 edge_port=9998
[EDGE-RTT] CID:5 wall=1.5 ms  sim_delay=5.0 ms
>>> [UAV->CLOUD] BLK:d8af|TX:7.0.0.9|CID:5|TS:27.582|SPD:20.0|HDG:0.0|PX:571.6|PY:-10.0|L...
✓ [CAR 6] ACT=OK REP=0.765 RWD=1.000 PNL=0.000 CREDIT=50
✓ [CAR 5] ACT=OK REP=1.000 RWD=1.000 PNL=0.000 CREDIT=49
[ATTACK-EMIT] CID:7 activeWindow=YES falsified=NO simT=27.832 realPX=576.640 fakePX=576.640 realSPD=20.000 fakeSPD=20.000 realTS=27.832 fakeTS=27.832 lane=3
[PASSIVE-BEACON] SIMNOW:27.844 CID:3 ZONE:1 RXUAV:1 EDGEPORT:9998 TS:27.830 SPD:20.400 HDG:0.800 PX:555.900 PY:-40.000 LAN:4 BRK:0 RX_X:0.000 RX_Y:0.000 RX_Z:0.000
[ZONE-ROUTE] CID:3 zone=1 edge_port=9998
[EDGE-RTT] CID:3 wall=1.5 ms  sim_delay=5.0 ms
>>> [UAV->CLOUD] BLK:f5f3|TX:7.0.0.7|CID:3|TS:27.830|SPD:20.4|HDG:0.8|PX:555.9|PY:-40.0|L...
[PASSIVE-BEACON] SIMNOW:27.846 CID:7 ZONE:1 RXUAV:1 EDGEPORT:9998 TS:27.832 SPD:20.000 HDG:0.000 PX:576.600 PY:-30.000 LAN:3 BRK:1 RX_X:0.000 RX_Y:0.000 RX_Z:0.000
[ZONE-ROUTE] CID:7 zone=1 edge_port=9998
[EDGE-RTT] CID:7 wall=1.3 ms  sim_delay=5.0 ms
>>> [UAV->CLOUD] BLK:75ea|TX:7.0.0.11|CID:7|TS:27.832|SPD:20.0|HDG:0.0|PX:576.6|PY:-30.0|...
✓ [CAR 3] ACT=OK REP=0.734 RWD=1.000 PNL=0.000 CREDIT=50
✓ [CAR 7] ACT=OK REP=1.000 RWD=1.000 PNL=0.000 CREDIT=51
[PASSIVE-BEACON] SIMNOW:27.884 CID:1 ZONE:1 RXUAV:1 EDGEPORT:9998 TS:27.870 SPD:20.400 HDG:-1.200 PX:557.100 PY:-20.000 LAN:2 BRK:0 RX_X:0.000 RX_Y:0.000 RX_Z:0.000
[ZONE-ROUTE] CID:1 zone=1 edge_port=9998
[EDGE-RTT] CID:1 wall=1.1 ms  sim_delay=5.0 ms
>>> [UAV->CLOUD] BLK:2342|TX:7.0.0.5|CID:1|TS:27.870|SPD:20.4|HDG:-1.2|PX:557.1|PY:-20.0|...
✓ [CAR 1] ACT=OK REP=1.000 RWD=1.000 PNL=0.000 CREDIT=50
[PASSIVE-BEACON] SIMNOW:27.924 CID:2 ZONE:1 RXUAV:1 EDGEPORT:9998 TS:27.910 SPD:19.800 HDG:-1.100 PX:557.800 PY:-30.000 LAN:3 BRK:0 RX_X:0.000 RX_Y:0.000 RX_Z:0.000
[ZONE-ROUTE] CID:2 zone=1 edge_port=9998
[EDGE-RTT] CID:2 wall=1.0 ms  sim_delay=5.0 ms
>>> [UAV->CLOUD] BLK:4aba|TX:7.0.0.6|CID:2|TS:27.910|SPD:19.8|HDG:-1.1|PX:557.8|PY:-30.0|...
[PASSIVE-BEACON] SIMNOW:27.936 CID:8 ZONE:1 RXUAV:1 EDGEPORT:9998 TS:27.922 SPD:20.500 HDG:-1.800 PX:578.600 PY:-40.000 LAN:4 BRK:0 RX_X:0.000 RX_Y:0.000 RX_Z:0.000
[ZONE-ROUTE] CID:8 zone=1 edge_port=9998
[EDGE-RTT] CID:8 wall=1.4 ms  sim_delay=5.0 ms
>>> [UAV->CLOUD] BLK:afed|TX:7.0.0.12|CID:8|TS:27.922|SPD:20.5|HDG:-1.8|PX:578.6|PY:-40.0...
✓ [CAR 2] ACT=OK REP=1.000 RWD=1.000 PNL=0.000 CREDIT=50
✓ [CAR 8] ACT=OK REP=0.920 RWD=1.000 PNL=0.000 CREDIT=51
[PASSIVE-BEACON] SIMNOW:28.004 CID:4 ZONE:1 RXUAV:1 EDGEPORT:9998 TS:27.990 SPD:20.000 HDG:-0.400 PX:560.100 PY:-50.000 LAN:5 BRK:0 RX_X:0.000 RX_Y:0.000 RX_Z:0.000
[ZONE-ROUTE] CID:4 zone=1 edge_port=9998
[EDGE-RTT] CID:4 wall=0.9 ms  sim_delay=5.0 ms
>>> [UAV->CLOUD] BLK:df4a|TX:7.0.0.8|CID:4|TS:27.990|SPD:20.0|HDG:-0.4|PX:560.1|PY:-50.0|...
✓ [CAR 4] ACT=OK REP=0.770 RWD=1.000 PNL=0.000 CREDIT=51
[PASSIVE-BEACON] SIMNOW:28.025 CID:0 ZONE:1 RXUAV:1 EDGEPORT:9998 TS:28.010 SPD:19.600 HDG:-1.900 PX:560.200 PY:-10.000 LAN:1 BRK:0 RX_X:0.000 RX_Y:0.000 RX_Z:0.000
[ZONE-ROUTE] CID:0 zone=1 edge_port=9998
[EDGE-RTT] CID:0 wall=1.2 ms  sim_delay=5.0 ms
>>> [UAV->CLOUD] BLK:de0e|TX:7.0.0.4|CID:0|TS:28.010|SPD:19.6|HDG:-1.9|PX:560.2|PY:-10.0|...
✓ [CAR 0] ACT=OK REP=0.960 RWD=1.000 PNL=0.000 CREDIT=50
[ATTACK-EMIT] CID:6 activeWindow=YES falsified=NO simT=28.072 realPX=581.440 fakePX=581.440 realSPD=20.000 fakeSPD=20.000 realTS=28.072 fakeTS=28.072 lane=2
[ATTACK-EMIT] CID:5 activeWindow=YES falsified=NO simT=28.082 realPX=581.640 fakePX=581.640 realSPD=20.000 fakeSPD=20.000 realTS=28.082 fakeTS=28.082 lane=1
[PASSIVE-BEACON] SIMNOW:28.086 CID:6 ZONE:1 RXUAV:1 EDGEPORT:9998 TS:28.072 SPD:20.000 HDG:0.000 PX:581.400 PY:-20.000 LAN:2 BRK:0 RX_X:0.000 RX_Y:0.000 RX_Z:0.000
[ZONE-ROUTE] CID:6 zone=1 edge_port=9998
[EDGE-RTT] CID:6 wall=1.3 ms  sim_delay=5.0 ms
>>> [UAV->CLOUD] BLK:3cd1|TX:7.0.0.10|CID:6|TS:28.072|SPD:20.0|HDG:0.0|PX:581.4|PY:-20.0|...
[PASSIVE-BEACON] SIMNOW:28.096 CID:5 ZONE:1 RXUAV:1 EDGEPORT:9998 TS:28.082 SPD:20.000 HDG:0.000 PX:581.600 PY:-10.000 LAN:1 BRK:0 RX_X:0.000 RX_Y:0.000 RX_Z:0.000
[ZONE-ROUTE] CID:5 zone=1 edge_port=9998
[EDGE-RTT] CID:5 wall=1.1 ms  sim_delay=5.0 ms
>>> [UAV->CLOUD] BLK:eda8|TX:7.0.0.9|CID:5|TS:28.082|SPD:20.0|HDG:0.0|PX:581.6|PY:-10.0|L...
✓ [CAR 6] ACT=OK REP=0.758 RWD=1.000 PNL=0.000 CREDIT=51
✓ [CAR 5] ACT=OK REP=1.000 RWD=1.000 PNL=0.000 CREDIT=50
[ATTACK-EMIT] CID:7 activeWindow=YES falsified=NO simT=28.332 realPX=586.640 fakePX=586.640 realSPD=20.000 fakeSPD=20.000 realTS=28.332 fakeTS=28.332 lane=3
[PASSIVE-BEACON] SIMNOW:28.343 CID:3 ZONE:1 RXUAV:1 EDGEPORT:9998 TS:28.330 SPD:20.300 HDG:-1.900 PX:566.400 PY:-40.000 LAN:4 BRK:0 RX_X:0.000 RX_Y:0.000 RX_Z:0.000
[ZONE-ROUTE] CID:3 zone=1 edge_port=9998
[EDGE-RTT] CID:3 wall=1.2 ms  sim_delay=5.0 ms
>>> [UAV->CLOUD] BLK:7d82|TX:7.0.0.7|CID:3|TS:28.330|SPD:20.3|HDG:-1.9|PX:566.4|PY:-40.0|...
[PASSIVE-BEACON] SIMNOW:28.346 CID:7 ZONE:1 RXUAV:1 EDGEPORT:9998 TS:28.332 SPD:20.000 HDG:0.000 PX:586.600 PY:-30.000 LAN:3 BRK:0 RX_X:0.000 RX_Y:0.000 RX_Z:0.000
[ZONE-ROUTE] CID:7 zone=1 edge_port=9998
[EDGE-RTT] CID:7 wall=1.1 ms  sim_delay=5.0 ms
>>> [UAV->CLOUD] BLK:e5ed|TX:7.0.0.11|CID:7|TS:28.332|SPD:20.0|HDG:0.0|PX:586.6|PY:-30.0|...
✓ [CAR 3] ACT=OK REP=1.000 RWD=1.000 PNL=0.000 CREDIT=51
✓ [CAR 7] ACT=OK REP=1.000 RWD=1.000 PNL=0.000 CREDIT=52
[PASSIVE-BEACON] SIMNOW:28.384 CID:1 ZONE:1 RXUAV:1 EDGEPORT:9998 TS:28.370 SPD:19.900 HDG:1.900 PX:567.900 PY:-20.000 LAN:2 BRK:1 RX_X:0.000 RX_Y:0.000 RX_Z:0.000
[ZONE-ROUTE] CID:1 zone=1 edge_port=9998
[EDGE-RTT] CID:1 wall=1.2 ms  sim_delay=5.0 ms
>>> [UAV->CLOUD] BLK:18be|TX:7.0.0.5|CID:1|TS:28.370|SPD:19.9|HDG:1.9|PX:567.9|PY:-20.0|L...
✓ [CAR 1] ACT=OK REP=1.000 RWD=1.000 PNL=0.000 CREDIT=51
[PASSIVE-BEACON] SIMNOW:28.424 CID:2 ZONE:1 RXUAV:1 EDGEPORT:9998 TS:28.410 SPD:19.600 HDG:1.000 PX:567.600 PY:-30.000 LAN:3 BRK:1 RX_X:0.000 RX_Y:0.000 RX_Z:0.000
[ZONE-ROUTE] CID:2 zone=1 edge_port=9998
[EDGE-RTT] CID:2 wall=1.2 ms  sim_delay=5.0 ms
>>> [UAV->CLOUD] BLK:7c85|TX:7.0.0.6|CID:2|TS:28.410|SPD:19.6|HDG:1.0|PX:567.6|PY:-30.0|L...
[PASSIVE-BEACON] SIMNOW:28.436 CID:8 ZONE:1 RXUAV:1 EDGEPORT:9998 TS:28.422 SPD:19.800 HDG:-1.900 PX:589.000 PY:-40.000 LAN:4 BRK:1 RX_X:0.000 RX_Y:0.000 RX_Z:0.000
[ZONE-ROUTE] CID:8 zone=1 edge_port=9998
[EDGE-RTT] CID:8 wall=1.3 ms  sim_delay=5.0 ms
>>> [UAV->CLOUD] BLK:7e12|TX:7.0.0.12|CID:8|TS:28.422|SPD:19.8|HDG:-1.9|PX:589.0|PY:-40.0...
✓ [CAR 2] ACT=OK REP=0.897 RWD=1.000 PNL=0.000 CREDIT=51
✓ [CAR 8] ACT=OK REP=1.000 RWD=1.000 PNL=0.000 CREDIT=52
[PASSIVE-BEACON] SIMNOW:28.505 CID:4 ZONE:1 RXUAV:1 EDGEPORT:9998 TS:28.490 SPD:19.500 HDG:0.800 PX:569.500 PY:-50.000 LAN:5 BRK:0 RX_X:0.000 RX_Y:0.000 RX_Z:0.000
[ZONE-ROUTE] CID:4 zone=1 edge_port=9998
[EDGE-RTT] CID:4 wall=1.1 ms  sim_delay=5.0 ms
>>> [UAV->CLOUD] BLK:cad1|TX:7.0.0.8|CID:4|TS:28.490|SPD:19.5|HDG:0.8|PX:569.5|PY:-50.0|L...
✓ [CAR 4] ACT=OK REP=0.954 RWD=1.000 PNL=0.000 CREDIT=52
[PASSIVE-BEACON] SIMNOW:28.522 CID:0 ZONE:1 RXUAV:1 EDGEPORT:9998 TS:28.510 SPD:20.200 HDG:1.800 PX:570.700 PY:-10.000 LAN:1 BRK:1 RX_X:0.000 RX_Y:0.000 RX_Z:0.000
[ZONE-ROUTE] CID:0 zone=1 edge_port=9998
[EDGE-RTT] CID:0 wall=1.1 ms  sim_delay=5.0 ms
>>> [UAV->CLOUD] BLK:d293|TX:7.0.0.4|CID:0|TS:28.510|SPD:20.2|HDG:1.8|PX:570.7|PY:-10.0|L...
✓ [CAR 0] ACT=OK REP=0.659 RWD=1.000 PNL=0.000 CREDIT=51
[ATTACK-EMIT] CID:6 activeWindow=YES falsified=YES simT=28.572 realPX=591.440 fakePX=571.662 realSPD=20.000 fakeSPD=22.000 realTS=28.572 fakeTS=28.072 lane=2
[ATTACK-EMIT] CID:5 activeWindow=YES falsified=YES simT=28.582 realPX=591.640 fakePX=571.832 realSPD=20.000 fakeSPD=22.000 realTS=28.582 fakeTS=28.082 lane=1
[PASSIVE-BEACON] SIMNOW:28.586 CID:6 ZONE:1 RXUAV:1 EDGEPORT:9998 TS:28.072 SPD:22.000 HDG:0.000 PX:571.700 PY:-20.000 LAN:2 BRK:0 RX_X:0.000 RX_Y:0.000 RX_Z:0.000
[ZONE-ROUTE] CID:6 zone=1 edge_port=9998
[EDGE-RTT] CID:6 wall=1.2 ms  sim_delay=5.0 ms
[NASH-GATE] CID:6 p=0.3 p*=0.4 EDGE=BAN nashConfirms=N windowConfirms=N obs=53/15 p_car=0.125 -> WARN (insufficient evidence)
[PASSIVE-BEACON] SIMNOW:28.596 CID:5 ZONE:1 RXUAV:1 EDGEPORT:9998 TS:28.082 SPD:22.000 HDG:0.000 PX:571.800 PY:-10.000 LAN:1 BRK:0 RX_X:0.000 RX_Y:0.000 RX_Z:0.000
[ZONE-ROUTE] CID:5 zone=1 edge_port=9998
[EDGE-RTT] CID:5 wall=1.2 ms  sim_delay=5.0 ms
[NASH-GATE] CID:5 p=0.3 p*=0.4 EDGE=BAN nashConfirms=N windowConfirms=N obs=52/15 p_car=0.127 -> WARN (insufficient evidence)
[ECON-CLAWBACK] CID:6 ACT=WARN prior_payoff=54.993 extra_penalty=42.245 new_payoff=12.573
[TRUST-REVOKED] CID:6 benefits revoked logically; lane=2 speed=20.000 latency=10.000ms
[FORGIVENESS] CID:6 WARN #1 — streak reset, benefits revoked
⚠ [CAR 6] ACT=WARN REP=0.512 RWD=0.000 PNL=42.420 CREDIT=50
[ECON-CLAWBACK] CID:5 ACT=WARN prior_payoff=53.996 extra_penalty=41.497 new_payoff=12.324
[TRUST-REVOKED] CID:5 benefits revoked logically; lane=1 speed=20.000 latency=10.000ms
[FORGIVENESS] CID:5 WARN #1 — streak reset, benefits revoked
⚠ [CAR 5] ACT=WARN REP=0.933 RWD=0.000 PNL=41.672 CREDIT=49
[ATTACK-EMIT] CID:7 activeWindow=YES falsified=YES simT=28.832 realPX=596.640 fakePX=576.484 realSPD=20.000 fakeSPD=22.000 realTS=28.832 fakeTS=28.332 lane=3
[PASSIVE-BEACON] SIMNOW:28.844 CID:3 ZONE:1 RXUAV:1 EDGEPORT:9998 TS:28.830 SPD:19.800 HDG:1.400 PX:575.900 PY:-40.000 LAN:4 BRK:0 RX_X:0.000 RX_Y:0.000 RX_Z:0.000
[ZONE-ROUTE] CID:3 zone=1 edge_port=9998
[EDGE-RTT] CID:3 wall=1.2 ms  sim_delay=5.0 ms
>>> [UAV->CLOUD] BLK:cd07|TX:7.0.0.7|CID:3|TS:28.830|SPD:19.8|HDG:1.4|PX:575.9|PY:-40.0|L...
[PASSIVE-BEACON] SIMNOW:28.846 CID:7 ZONE:1 RXUAV:1 EDGEPORT:9998 TS:28.332 SPD:22.000 HDG:0.000 PX:576.500 PY:-30.000 LAN:3 BRK:0 RX_X:0.000 RX_Y:0.000 RX_Z:0.000
[ZONE-ROUTE] CID:7 zone=1 edge_port=9998
[EDGE-RTT] CID:7 wall=1.2 ms  sim_delay=5.0 ms
[NASH-GATE] CID:7 p=0.3 p*=0.4 EDGE=BAN nashConfirms=N windowConfirms=N obs=54/15 p_car=0.123 -> WARN (insufficient evidence)
✓ [CAR 3] ACT=OK REP=0.995 RWD=1.000 PNL=0.000 CREDIT=52
[ECON-CLAWBACK] CID:7 ACT=WARN prior_payoff=55.996 extra_penalty=42.997 new_payoff=12.824
[TRUST-REVOKED] CID:7 benefits revoked logically; lane=3 speed=20.000 latency=10.000ms
[FORGIVENESS] CID:7 WARN #1 — streak reset, benefits revoked
⚠ [CAR 7] ACT=WARN REP=0.649 RWD=0.000 PNL=43.172 CREDIT=51
[ATTACK-EMIT] CID:1 activeWindow=YES falsified=NO simT=28.870 realPX=577.400 fakePX=577.400 realSPD=20.000 fakeSPD=20.000 realTS=28.870 fakeTS=28.870 lane=2
[PASSIVE-BEACON] SIMNOW:28.884 CID:1 ZONE:1 RXUAV:1 EDGEPORT:9998 TS:28.870 SPD:20.000 HDG:0.000 PX:577.400 PY:-20.000 LAN:2 BRK:0 RX_X:0.000 RX_Y:0.000 RX_Z:0.000
[ZONE-ROUTE] CID:1 zone=1 edge_port=9998
[EDGE-RTT] CID:1 wall=1.1 ms  sim_delay=5.0 ms
>>> [UAV->CLOUD] BLK:7562|TX:7.0.0.5|CID:1|TS:28.870|SPD:20.0|HDG:0.0|PX:577.4|PY:-20.0|L...
✓ [CAR 1] ACT=OK REP=0.747 RWD=1.000 PNL=0.000 CREDIT=52
[PASSIVE-BEACON] SIMNOW:28.924 CID:2 ZONE:1 RXUAV:1 EDGEPORT:9998 TS:28.910 SPD:20.200 HDG:-0.900 PX:578.500 PY:-30.000 LAN:3 BRK:1 RX_X:0.000 RX_Y:0.000 RX_Z:0.000
[ZONE-ROUTE] CID:2 zone=1 edge_port=9998
[EDGE-RTT] CID:2 wall=1.3 ms  sim_delay=5.0 ms
>>> [UAV->CLOUD] BLK:5e16|TX:7.0.0.6|CID:2|TS:28.910|SPD:20.2|HDG:-0.9|PX:578.5|PY:-30.0|...
[PASSIVE-BEACON] SIMNOW:28.936 CID:8 ZONE:1 RXUAV:1 EDGEPORT:9998 TS:28.922 SPD:19.500 HDG:-0.400 PX:597.800 PY:-40.000 LAN:4 BRK:1 RX_X:0.000 RX_Y:0.000 RX_Z:0.000
[ZONE-ROUTE] CID:8 zone=1 edge_port=9998
[EDGE-RTT] CID:8 wall=1.4 ms  sim_delay=5.0 ms
>>> [UAV->CLOUD] BLK:8ab0|TX:7.0.0.12|CID:8|TS:28.922|SPD:19.5|HDG:-0.4|PX:597.8|PY:-40.0...
✓ [CAR 2] ACT=OK REP=1.000 RWD=1.000 PNL=0.000 CREDIT=52
✓ [CAR 8] ACT=OK REP=0.810 RWD=1.000 PNL=0.000 CREDIT=53
[ATTACK-EMIT] CID:4 activeWindow=YES falsified=NO simT=28.990 realPX=579.800 fakePX=579.800 realSPD=20.000 fakeSPD=20.000 realTS=28.990 fakeTS=28.990 lane=5
[PASSIVE-BEACON] SIMNOW:29.007 CID:4 ZONE:1 RXUAV:1 EDGEPORT:9998 TS:28.990 SPD:20.000 HDG:0.000 PX:579.800 PY:-50.000 LAN:5 BRK:0 RX_X:0.000 RX_Y:0.000 RX_Z:0.000
[ZONE-ROUTE] CID:4 zone=1 edge_port=9998
[EDGE-RTT] CID:4 wall=1.3 ms  sim_delay=5.0 ms
>>> [UAV->CLOUD] BLK:aa2b|TX:7.0.0.8|CID:4|TS:28.990|SPD:20.0|HDG:0.0|PX:579.8|PY:-50.0|L...
✓ [CAR 4] ACT=OK REP=0.855 RWD=1.000 PNL=0.000 CREDIT=53
[PASSIVE-BEACON] SIMNOW:29.025 CID:0 ZONE:1 RXUAV:1 EDGEPORT:9998 TS:29.010 SPD:20.100 HDG:-1.900 PX:580.000 PY:-10.000 LAN:1 BRK:1 RX_X:0.000 RX_Y:0.000 RX_Z:0.000
[ZONE-ROUTE] CID:0 zone=1 edge_port=9998
[EDGE-RTT] CID:0 wall=1.1 ms  sim_delay=5.0 ms
>>> [UAV->CLOUD] BLK:910c|TX:7.0.0.4|CID:0|TS:29.010|SPD:20.1|HDG:-1.9|PX:580.0|PY:-10.0|...
✓ [CAR 0] ACT=OK REP=0.831 RWD=1.000 PNL=0.000 CREDIT=52
[ATTACK-EMIT] CID:6 activeWindow=YES falsified=NO simT=29.072 realPX=601.440 fakePX=601.440 realSPD=20.000 fakeSPD=20.000 realTS=29.072 fakeTS=29.072 lane=2
[ATTACK-EMIT] CID:5 activeWindow=YES falsified=NO simT=29.082 realPX=601.640 fakePX=601.640 realSPD=20.000 fakeSPD=20.000 realTS=29.082 fakeTS=29.082 lane=1
[PASSIVE-BEACON] SIMNOW:29.086 CID:6 ZONE:2 RXUAV:2 EDGEPORT:9996 TS:29.072 SPD:20.000 HDG:0.000 PX:601.400 PY:-20.000 LAN:2 BRK:0 RX_X:0.000 RX_Y:0.000 RX_Z:0.000
[ZONE-ROUTE] CID:6 zone=1 edge_port=9998
[EDGE-RTT] CID:6 wall=1.1 ms  sim_delay=5.0 ms
[NASH-GATE] CID:6 p=1.000 p*=0.384 rho_hat=0.068 streak=2 windowHits=2/4 EU_ban=1.500 -> CONFIRMED BAN (SLOW_LANE punishment sent)
[PASSIVE-BEACON] SIMNOW:29.099 CID:5 ZONE:2 RXUAV:2 EDGEPORT:9996 TS:29.082 SPD:20.000 HDG:0.000 PX:601.600 PY:-10.000 LAN:1 BRK:0 RX_X:0.000 RX_Y:0.000 RX_Z:0.000
[ZONE-ROUTE] CID:5 zone=1 edge_port=9998
[EDGE-RTT] CID:5 wall=1.0 ms  sim_delay=5.0 ms
[NASH-GATE] CID:5 p=1.000 p*=0.383 rho_hat=0.075 streak=2 windowHits=2/4 EU_ban=1.500 -> CONFIRMED BAN (SLOW_LANE punishment sent)
[ECON-CLAWBACK] CID:6 ACT=BAN prior_payoff=12.573 extra_penalty=17.573 new_payoff=-5.500
[FORGIVENESS] CID:6 BAN#1 excused (first confirmed offence) honest_wins=0 (preserved)
[BAN-PUNISH] CID:6 SLOW_LANE EXILE → LAN=99 speed=20.000 m/s  return_threshold=60
✗ [CAR 6] ACT=BAN REP=0.800 RWD=0.000 PNL=18.073 CREDIT=42
[ECON-CLAWBACK] CID:5 ACT=BAN prior_payoff=12.324 extra_penalty=17.324 new_payoff=-5.500
[FORGIVENESS] CID:5 BAN#1 excused (first confirmed offence) honest_wins=0 (preserved)
[BAN-PUNISH] CID:5 SLOW_LANE EXILE → LAN=99 speed=20.000 m/s  return_threshold=60
✗ [CAR 5] ACT=BAN REP=0.797 RWD=0.000 PNL=17.824 CREDIT=41
[ATTACK-EMIT] CID:7 activeWindow=YES falsified=NO simT=29.332 realPX=606.640 fakePX=606.640 realSPD=20.000 fakeSPD=20.000 realTS=29.332 fakeTS=29.332 lane=3
[PASSIVE-BEACON] SIMNOW:29.344 CID:3 ZONE:1 RXUAV:1 EDGEPORT:9998 TS:29.330 SPD:20.300 HDG:1.300 PX:586.400 PY:-40.000 LAN:4 BRK:0 RX_X:0.000 RX_Y:0.000 RX_Z:0.000
[ZONE-ROUTE] CID:3 zone=1 edge_port=9998
[EDGE-RTT] CID:3 wall=1.3 ms  sim_delay=5.0 ms
>>> [UAV->CLOUD] BLK:489d|TX:7.0.0.7|CID:3|TS:29.330|SPD:20.3|HDG:1.3|PX:586.4|PY:-40.0|L...
[PASSIVE-BEACON] SIMNOW:29.346 CID:7 ZONE:2 RXUAV:2 EDGEPORT:9996 TS:29.332 SPD:20.000 HDG:0.000 PX:606.600 PY:-30.000 LAN:3 BRK:0 RX_X:0.000 RX_Y:0.000 RX_Z:0.000
[ZONE-ROUTE] CID:7 zone=1 edge_port=9998
[EDGE-RTT] CID:7 wall=1.2 ms  sim_delay=5.0 ms
[NASH-GATE] CID:7 p=1.000 p*=0.381 rho_hat=0.083 streak=2 windowHits=2/4 EU_ban=1.500 -> CONFIRMED BAN (SLOW_LANE punishment sent)
✓ [CAR 3] ACT=OK REP=1.000 RWD=1.000 PNL=0.000 CREDIT=53
[ECON-CLAWBACK] CID:7 ACT=BAN prior_payoff=12.824 extra_penalty=17.824 new_payoff=-5.500
[FORGIVENESS] CID:7 BAN#1 excused (first confirmed offence) honest_wins=0 (preserved)
[BAN-PUNISH] CID:7 SLOW_LANE EXILE → LAN=99 speed=20.000 m/s  return_threshold=60
✗ [CAR 7] ACT=BAN REP=0.803 RWD=0.000 PNL=18.324 CREDIT=43
[ATTACK-EMIT] CID:1 activeWindow=YES falsified=NO simT=29.370 realPX=587.400 fakePX=587.400 realSPD=20.000 fakeSPD=20.000 realTS=29.370 fakeTS=29.370 lane=2
[PASSIVE-BEACON] SIMNOW:29.384 CID:1 ZONE:1 RXUAV:1 EDGEPORT:9998 TS:29.370 SPD:20.000 HDG:0.000 PX:587.400 PY:-20.000 LAN:2 BRK:0 RX_X:0.000 RX_Y:0.000 RX_Z:0.000
[ZONE-ROUTE] CID:1 zone=1 edge_port=9998
[EDGE-RTT] CID:1 wall=1.2 ms  sim_delay=5.0 ms
>>> [UAV->CLOUD] BLK:9b92|TX:7.0.0.5|CID:1|TS:29.370|SPD:20.0|HDG:0.0|PX:587.4|PY:-20.0|L...
✓ [CAR 1] ACT=OK REP=0.644 RWD=1.000 PNL=0.000 CREDIT=53
[PASSIVE-BEACON] SIMNOW:29.424 CID:2 ZONE:1 RXUAV:1 EDGEPORT:9998 TS:29.410 SPD:19.500 HDG:1.400 PX:588.600 PY:-30.000 LAN:3 BRK:0 RX_X:0.000 RX_Y:0.000 RX_Z:0.000
[ZONE-ROUTE] CID:2 zone=1 edge_port=9998
[EDGE-RTT] CID:2 wall=1.2 ms  sim_delay=5.0 ms
>>> [UAV->CLOUD] BLK:9fdd|TX:7.0.0.6|CID:2|TS:29.410|SPD:19.5|HDG:1.4|PX:588.6|PY:-30.0|L...
✓ [CAR 2] ACT=OK REP=1.000 RWD=1.000 PNL=0.000 CREDIT=53
[PASSIVE-BEACON] SIMNOW:29.439 CID:8 ZONE:2 RXUAV:2 EDGEPORT:9996 TS:29.422 SPD:19.600 HDG:-0.100 PX:608.700 PY:-40.000 LAN:4 BRK:0 RX_X:0.000 RX_Y:0.000 RX_Z:0.000
[ZONE-ROUTE] CID:8 zone=1 edge_port=9998
[EDGE-RTT] CID:8 wall=1.4 ms  sim_delay=5.0 ms
>>> [UAV->CLOUD] BLK:e09a|TX:7.0.0.12|CID:8|TS:29.422|SPD:19.6|HDG:-0.1|PX:608.7|PY:-40.0...
✓ [CAR 8] ACT=OK REP=1.000 RWD=1.000 PNL=0.000 CREDIT=54
[ATTACK-EMIT] CID:4 activeWindow=YES falsified=NO simT=29.490 realPX=589.800 fakePX=589.800 realSPD=20.000 fakeSPD=20.000 realTS=29.490 fakeTS=29.490 lane=5
[PASSIVE-BEACON] SIMNOW:29.507 CID:4 ZONE:1 RXUAV:1 EDGEPORT:9998 TS:29.490 SPD:20.000 HDG:0.000 PX:589.800 PY:-50.000 LAN:5 BRK:1 RX_X:0.000 RX_Y:0.000 RX_Z:0.000
[ZONE-ROUTE] CID:4 zone=1 edge_port=9998
[EDGE-RTT] CID:4 wall=1.2 ms  sim_delay=5.0 ms
>>> [UAV->CLOUD] BLK:89a5|TX:7.0.0.8|CID:4|TS:29.490|SPD:20.0|HDG:0.0|PX:589.8|PY:-50.0|L...
✓ [CAR 4] ACT=OK REP=0.833 RWD=1.000 PNL=0.000 CREDIT=54
[PASSIVE-BEACON] SIMNOW:29.527 CID:0 ZONE:1 RXUAV:1 EDGEPORT:9998 TS:29.510 SPD:20.500 HDG:-0.500 PX:590.000 PY:-10.000 LAN:1 BRK:1 RX_X:0.000 RX_Y:0.000 RX_Z:0.000
[ZONE-ROUTE] CID:0 zone=1 edge_port=9998
[EDGE-RTT] CID:0 wall=1.1 ms  sim_delay=5.0 ms
>>> [UAV->CLOUD] BLK:11e7|TX:7.0.0.4|CID:0|TS:29.510|SPD:20.5|HDG:-0.5|PX:590.0|PY:-10.0|...
✓ [CAR 0] ACT=OK REP=0.781 RWD=1.000 PNL=0.000 CREDIT=53
[ATTACK-EMIT] CID:6 activeWindow=YES falsified=NO simT=29.572 realPX=611.440 fakePX=611.440 realSPD=20.000 fakeSPD=20.000 realTS=29.572 fakeTS=29.572 lane=99
[ATTACK-EMIT] CID:5 activeWindow=YES falsified=NO simT=29.582 realPX=611.640 fakePX=611.640 realSPD=20.000 fakeSPD=20.000 realTS=29.582 fakeTS=29.582 lane=99
[PASSIVE-BEACON] SIMNOW:29.586 CID:6 ZONE:2 RXUAV:2 EDGEPORT:9996 TS:29.572 SPD:20.000 HDG:0.000 PX:611.400 PY:-20.000 LAN:99 BRK:0 RX_X:0.000 RX_Y:0.000 RX_Z:0.000
[PASSIVE-BEACON] SIMNOW:29.599 CID:5 ZONE:2 RXUAV:2 EDGEPORT:9996 TS:29.582 SPD:20.000 HDG:0.000 PX:611.600 PY:-10.000 LAN:99 BRK:0 RX_X:0.000 RX_Y:0.000 RX_Z:0.000
[ATTACK-EMIT] CID:7 activeWindow=YES falsified=NO simT=29.832 realPX=616.640 fakePX=616.640 realSPD=20.000 fakeSPD=20.000 realTS=29.832 fakeTS=29.832 lane=99
[PASSIVE-BEACON] SIMNOW:29.843 CID:3 ZONE:1 RXUAV:1 EDGEPORT:9998 TS:29.830 SPD:19.600 HDG:0.700 PX:596.600 PY:-40.000 LAN:4 BRK:0 RX_X:0.000 RX_Y:0.000 RX_Z:0.000
[ZONE-ROUTE] CID:3 zone=1 edge_port=9998
[EDGE-RTT] CID:3 wall=1.2 ms  sim_delay=5.0 ms
>>> [UAV->CLOUD] BLK:0136|TX:7.0.0.7|CID:3|TS:29.830|SPD:19.6|HDG:0.7|PX:596.6|PY:-40.0|L...
[PASSIVE-BEACON] SIMNOW:29.846 CID:7 ZONE:2 RXUAV:2 EDGEPORT:9996 TS:29.832 SPD:20.000 HDG:0.000 PX:616.600 PY:-30.000 LAN:99 BRK:0 RX_X:0.000 RX_Y:0.000 RX_Z:0.000
✓ [CAR 3] ACT=OK REP=0.879 RWD=1.000 PNL=0.000 CREDIT=54
[ATTACK-EMIT] CID:1 activeWindow=YES falsified=YES simT=29.870 realPX=597.400 fakePX=577.562 realSPD=20.000 fakeSPD=22.000 realTS=29.870 fakeTS=29.370 lane=2
[PASSIVE-BEACON] SIMNOW:29.884 CID:1 ZONE:1 RXUAV:1 EDGEPORT:9998 TS:29.370 SPD:22.000 HDG:0.000 PX:577.600 PY:-20.000 LAN:2 BRK:0 RX_X:0.000 RX_Y:0.000 RX_Z:0.000
[ZONE-ROUTE] CID:1 zone=1 edge_port=9998
[EDGE-RTT] CID:1 wall=1.3 ms  sim_delay=5.0 ms
[NASH-GATE] CID:1 p=0.3 p*=0.4 EDGE=BAN nashConfirms=N windowConfirms=N obs=55/15 p_car=0.121 -> WARN (insufficient evidence)
[ECON-CLAWBACK] CID:1 ACT=WARN prior_payoff=56.993 extra_penalty=43.745 new_payoff=13.073
[TRUST-REVOKED] CID:1 benefits revoked logically; lane=2 speed=20.000 latency=10.000ms
[FORGIVENESS] CID:1 WARN #1 — streak reset, benefits revoked
⚠ [CAR 1] ACT=WARN REP=1.000 RWD=0.000 PNL=43.920 CREDIT=52
[PASSIVE-BEACON] SIMNOW:29.924 CID:2 ZONE:1 RXUAV:1 EDGEPORT:9998 TS:29.910 SPD:19.800 HDG:1.400 PX:598.200 PY:-30.000 LAN:3 BRK:0 RX_X:0.000 RX_Y:0.000 RX_Z:0.000
[ZONE-ROUTE] CID:2 zone=1 edge_port=9998
[EDGE-RTT] CID:2 wall=1.2 ms  sim_delay=5.0 ms
>>> [UAV->CLOUD] BLK:19d3|TX:7.0.0.6|CID:2|TS:29.910|SPD:19.8|HDG:1.4|PX:598.2|PY:-30.0|L...
[PASSIVE-BEACON] SIMNOW:29.936 CID:8 ZONE:2 RXUAV:2 EDGEPORT:9996 TS:29.922 SPD:20.400 HDG:1.100 PX:618.100 PY:-40.000 LAN:4 BRK:0 RX_X:0.000 RX_Y:0.000 RX_Z:0.000
[ZONE-ROUTE] CID:8 zone=1 edge_port=9998
[EDGE-RTT] CID:8 wall=1.1 ms  sim_delay=5.0 ms
>>> [UAV->CLOUD] BLK:9d24|TX:7.0.0.12|CID:8|TS:29.922|SPD:20.4|HDG:1.1|PX:618.1|PY:-40.0|...
✓ [CAR 2] ACT=OK REP=0.830 RWD=1.000 PNL=0.000 CREDIT=54
✓ [CAR 8] ACT=OK REP=1.000 RWD=1.000 PNL=0.000 CREDIT=55
[ATTACK-EMIT] CID:4 activeWindow=YES falsified=YES simT=29.990 realPX=599.800 fakePX=579.530 realSPD=20.000 fakeSPD=22.000 realTS=29.990 fakeTS=29.490 lane=5
[HANDOVER] CID:0 trigger from_Z1 to_Z2 at posX=600.000 distLeft=300.000m loaded=NO RAWRESP=[HANDOVER_TRIGGER_ACK CID:0 TO_ZONE:2]
[HANDOVER] CID:1 trigger from_Z1 to_Z2 at posX=600.000 distLeft=300.000m loaded=NO RAWRESP=[HANDOVER_TRIGGER_ACK CID:1 TO_ZONE:2]
[HANDOVER] CID:2 trigger from_Z1 to_Z2 at posX=600.000 distLeft=300.000m loaded=NO RAWRESP=[HANDOVER_TRIGGER_ACK CID:2 TO_ZONE:2]
[HANDOVER] CID:3 trigger from_Z1 to_Z2 at posX=600.000 distLeft=300.000m loaded=NO RAWRESP=[HANDOVER_TRIGGER_ACK CID:3 TO_ZONE:2]
[HANDOVER] CID:4 trigger from_Z1 to_Z2 at posX=600.000 distLeft=300.000m loaded=NO RAWRESP=[HANDOVER_TRIGGER_ACK CID:4 TO_ZONE:2]
[HANDOVER] CID:5 trigger from_Z1 to_Z2 at posX=620.000 distLeft=280.000m loaded=NO RAWRESP=[HANDOVER_TRIGGER_ACK CID:5 TO_ZONE:2]
[HANDOVER] CID:6 trigger from_Z1 to_Z2 at posX=620.000 distLeft=280.000m loaded=NO RAWRESP=[HANDOVER_TRIGGER_ACK CID:6 TO_ZONE:2]
[HANDOVER] CID:7 trigger from_Z1 to_Z2 at posX=620.000 distLeft=280.000m loaded=NO RAWRESP=[HANDOVER_TRIGGER_ACK CID:7 TO_ZONE:2]
[HANDOVER] CID:8 trigger from_Z1 to_Z2 at posX=620.000 distLeft=280.000m loaded=NO RAWRESP=[HANDOVER_TRIGGER_ACK CID:8 TO_ZONE:2]
[HANDOVER] CID:9 trigger from_Z1 to_Z2 at posX=620.000 distLeft=280.000m loaded=NO RAWRESP=[HANDOVER_TRIGGER_ACK CID:9 TO_ZONE:2]
[PASSIVE-BEACON] SIMNOW:30.004 CID:4 ZONE:1 RXUAV:1 EDGEPORT:9998 TS:29.490 SPD:22.000 HDG:0.000 PX:579.500 PY:-50.000 LAN:5 BRK:0 RX_X:0.000 RX_Y:0.000 RX_Z:0.000
[ZONE-ROUTE] CID:4 zone=1 edge_port=9998
[EDGE-RTT] CID:4 wall=1.0 ms  sim_delay=5.0 ms
[NASH-GATE] CID:4 p=0.3 p*=0.4 EDGE=BAN nashConfirms=N windowConfirms=N obs=56/15 p_car=0.119 -> WARN (insufficient evidence)
[ECON-CLAWBACK] CID:4 ACT=WARN prior_payoff=57.996 extra_penalty=44.497 new_payoff=13.324
[TRUST-REVOKED] CID:4 benefits revoked logically; lane=5 speed=20.000 latency=10.000ms
[FORGIVENESS] CID:4 WARN #1 — streak reset, benefits revoked
⚠ [CAR 4] ACT=WARN REP=1.000 RWD=0.000 PNL=44.672 CREDIT=53
[PASSIVE-BEACON] SIMNOW:30.023 CID:0 ZONE:2 RXUAV:2 EDGEPORT:9996 TS:30.010 SPD:20.300 HDG:1.000 PX:600.800 PY:-10.000 LAN:1 BRK:0 RX_X:0.000 RX_Y:0.000 RX_Z:0.000
[ZONE-ROUTE] CID:0 zone=1 edge_port=9998
[EDGE-RTT] CID:0 wall=1.4 ms  sim_delay=5.0 ms
>>> [UAV->CLOUD] BLK:a998|TX:7.0.0.4|CID:0|TS:30.010|SPD:20.3|HDG:1.0|PX:600.8|PY:-10.0|L...
✓ [CAR 0] ACT=OK REP=0.812 RWD=1.000 PNL=0.000 CREDIT=54
[ATTACK-EMIT] CID:6 activeWindow=YES falsified=YES simT=30.072 realPX=621.440 fakePX=571.518 realSPD=20.000 fakeSPD=20.000 realTS=30.072 fakeTS=29.572 lane=99
[ATTACK-EMIT] CID:5 activeWindow=YES falsified=YES simT=30.082 realPX=621.640 fakePX=571.394 realSPD=20.000 fakeSPD=20.000 realTS=30.082 fakeTS=29.582 lane=99
[PASSIVE-BEACON] SIMNOW:30.086 CID:6 ZONE:1 RXUAV:1 EDGEPORT:9998 TS:29.572 SPD:20.000 HDG:0.000 PX:571.500 PY:-20.000 LAN:99 BRK:0 RX_X:0.000 RX_Y:0.000 RX_Z:0.000
[PASSIVE-BEACON] SIMNOW:30.096 CID:5 ZONE:1 RXUAV:1 EDGEPORT:9998 TS:29.582 SPD:20.000 HDG:0.000 PX:571.400 PY:-10.000 LAN:99 BRK:1 RX_X:0.000 RX_Y:0.000 RX_Z:0.000
[PASSIVE-BEACON] SIMNOW:30.344 CID:3 ZONE:2 RXUAV:2 EDGEPORT:9996 TS:30.330 SPD:19.900 HDG:-0.500 PX:606.800 PY:-40.000 LAN:4 BRK:1 RX_X:0.000 RX_Y:0.000 RX_Z:0.000
[ZONE-ROUTE] CID:3 zone=1 edge_port=9998
[EDGE-RTT] CID:3 wall=1.3 ms  sim_delay=5.0 ms
>>> [UAV->CLOUD] BLK:9268|TX:7.0.0.7|CID:3|TS:30.330|SPD:19.9|HDG:-0.5|PX:606.8|PY:-40.0|...
[PASSIVE-BEACON] SIMNOW:30.346 CID:7 ZONE:2 RXUAV:2 EDGEPORT:9996 TS:30.332 SPD:20.400 HDG:0.000 PX:626.000 PY:-30.000 LAN:99 BRK:1 RX_X:0.000 RX_Y:0.000 RX_Z:0.000
✓ [CAR 3] ACT=OK REP=0.879 RWD=1.000 PNL=0.000 CREDIT=55
[ATTACK-EMIT] CID:1 activeWindow=YES falsified=NO simT=30.370 realPX=607.400 fakePX=607.400 realSPD=20.000 fakeSPD=20.000 realTS=30.370 fakeTS=30.370 lane=2
[PASSIVE-BEACON] SIMNOW:30.384 CID:1 ZONE:2 RXUAV:2 EDGEPORT:9996 TS:30.370 SPD:20.000 HDG:0.000 PX:607.400 PY:-20.000 LAN:2 BRK:0 RX_X:0.000 RX_Y:0.000 RX_Z:0.000
[ZONE-ROUTE] CID:1 zone=1 edge_port=9998
[EDGE-RTT] CID:1 wall=1.1 ms  sim_delay=5.0 ms
[NASH-GATE] CID:1 p=1.000 p*=0.376 rho_hat=0.107 streak=2 windowHits=2/4 EU_ban=1.500 -> CONFIRMED BAN (SLOW_LANE punishment sent)
[ECON-CLAWBACK] CID:1 ACT=BAN prior_payoff=13.073 extra_penalty=18.073 new_payoff=-5.500
[FORGIVENESS] CID:1 BAN#1 excused (first confirmed offence) honest_wins=0 (preserved)
[BAN-PUNISH] CID:1 SLOW_LANE EXILE → LAN=99 speed=20.000 m/s  return_threshold=60
✗ [CAR 1] ACT=BAN REP=0.806 RWD=0.000 PNL=18.573 CREDIT=44
[PASSIVE-BEACON] SIMNOW:30.424 CID:2 ZONE:2 RXUAV:2 EDGEPORT:9996 TS:30.410 SPD:20.100 HDG:-1.900 PX:608.500 PY:-30.000 LAN:3 BRK:0 RX_X:0.000 RX_Y:0.000 RX_Z:0.000
[ZONE-ROUTE] CID:2 zone=1 edge_port=9998
[EDGE-RTT] CID:2 wall=1.4 ms  sim_delay=5.0 ms
>>> [UAV->CLOUD] BLK:3c9c|TX:7.0.0.6|CID:2|TS:30.410|SPD:20.1|HDG:-1.9|PX:608.5|PY:-30.0|...
[PASSIVE-BEACON] SIMNOW:30.436 CID:8 ZONE:2 RXUAV:2 EDGEPORT:9996 TS:30.422 SPD:20.400 HDG:0.900 PX:628.700 PY:-40.000 LAN:4 BRK:1 RX_X:0.000 RX_Y:0.000 RX_Z:0.000
[ZONE-ROUTE] CID:8 zone=1 edge_port=9998
[EDGE-RTT] CID:8 wall=1.2 ms  sim_delay=5.0 ms
>>> [UAV->CLOUD] BLK:240a|TX:7.0.0.12|CID:8|TS:30.422|SPD:20.4|HDG:0.9|PX:628.7|PY:-40.0|...
✓ [CAR 2] ACT=OK REP=0.845 RWD=1.000 PNL=0.000 CREDIT=55
✓ [CAR 8] ACT=OK REP=0.762 RWD=1.000 PNL=0.000 CREDIT=56
[ATTACK-EMIT] CID:4 activeWindow=YES falsified=NO simT=30.490 realPX=609.800 fakePX=609.800 realSPD=20.000 fakeSPD=20.000 realTS=30.490 fakeTS=30.490 lane=5
[PASSIVE-BEACON] SIMNOW:30.504 CID:4 ZONE:2 RXUAV:2 EDGEPORT:9996 TS:30.490 SPD:20.000 HDG:0.000 PX:609.800 PY:-50.000 LAN:5 BRK:1 RX_X:0.000 RX_Y:0.000 RX_Z:0.000
[HTD] CID:4 handover Z1->Z2 trust discounted at PX=609.8 delta=0.3 alpha:29.5->10.2 beta:4.0->1.9 obsCount_at_crossing=56 warnStreak_at_crossing=0 banStreak_at_crossing=1 obs/window reset probationK=10
[CUSUM] CID:4 activated at HANDOVER Z1->Z2 PX=609.8 warmupK=5 mu0=0.2 h=2.5 minObs=15 edgeMax=1.0
[ZONE-ROUTE] CID:4 zone=2 edge_port=9996
[EDGE-RTT] CID:4 wall=1.5 ms  sim_delay=5.0 ms
[CUSUM-WARMUP] CID:4 warmup 1/5 pEdge=0.0 pCusum=0.0 (skipping)
[POST-HANDOVER] CID:4 zone=2 pkt=1/10 credit_factor=0.1
>>> [UAV->CLOUD] BLK:4fe4|TX:7.0.0.8|CID:4|TS:30.490|SPD:20.0|HDG:0.0|PX:609.8|PY:-50.0|L...
[ECON-GATE] CID:4 probation active - suppressing OK reward 1.0
✓ [CAR 4] ACT=OK REP=0.651 RWD=0.000 PNL=0.000 CREDIT=55
[PASSIVE-BEACON] SIMNOW:30.524 CID:0 ZONE:2 RXUAV:2 EDGEPORT:9996 TS:30.510 SPD:19.900 HDG:0.700 PX:610.400 PY:-10.000 LAN:1 BRK:0 RX_X:0.000 RX_Y:0.000 RX_Z:0.000
[HTD] CID:0 handover Z1->Z2 trust discounted at PX=610.4 delta=0.3 alpha:29.5->10.2 beta:1.0->1.0 obsCount_at_crossing=55 warnStreak_at_crossing=0 banStreak_at_crossing=0 obs/window reset probationK=10
[CUSUM] CID:0 activated at HANDOVER Z1->Z2 PX=610.4 warmupK=5 mu0=0.2 h=2.5 minObs=15 edgeMax=1.0
[ZONE-ROUTE] CID:0 zone=2 edge_port=9996
[EDGE-RTT] CID:0 wall=1.1 ms  sim_delay=5.0 ms
[CUSUM-WARMUP] CID:0 warmup 1/5 pEdge=0.0 pCusum=0.0 (skipping)
[POST-HANDOVER] CID:0 zone=2 pkt=1/10 credit_factor=0.1
>>> [UAV->CLOUD] BLK:c6e2|TX:7.0.0.4|CID:0|TS:30.510|SPD:19.9|HDG:0.7|PX:610.4|PY:-10.0|L...
✓ [CAR 0] ACT=OK REP=0.943 RWD=1.000 PNL=0.000 CREDIT=55
[PASSIVE-BEACON] SIMNOW:30.586 CID:6 ZONE:2 RXUAV:2 EDGEPORT:9996 TS:30.572 SPD:20.000 HDG:-0.800 PX:631.600 PY:-20.000 LAN:99 BRK:0 RX_X:0.000 RX_Y:0.000 RX_Z:0.000
[PASSIVE-BEACON] SIMNOW:30.596 CID:5 ZONE:2 RXUAV:2 EDGEPORT:9996 TS:30.582 SPD:20.000 HDG:-0.500 PX:631.200 PY:-10.000 LAN:99 BRK:0 RX_X:0.000 RX_Y:0.000 RX_Z:0.000
[PASSIVE-BEACON] SIMNOW:30.844 CID:3 ZONE:2 RXUAV:2 EDGEPORT:9996 TS:30.830 SPD:20.200 HDG:-1.100 PX:617.000 PY:-40.000 LAN:4 BRK:0 RX_X:0.000 RX_Y:0.000 RX_Z:0.000
[HTD] CID:3 handover Z1->Z2 trust discounted at PX=617.0 delta=0.3 alpha:30.0->10.4 beta:1.0->1.0 obsCount_at_crossing=56 warnStreak_at_crossing=0 banStreak_at_crossing=0 obs/window reset probationK=10
[CUSUM] CID:3 activated at HANDOVER Z1->Z2 PX=617.0 warmupK=5 mu0=0.2 h=2.5 minObs=15 edgeMax=1.0
[ZONE-ROUTE] CID:3 zone=2 edge_port=9996
[EDGE-RTT] CID:3 wall=1.5 ms  sim_delay=5.0 ms
[CUSUM-WARMUP] CID:3 warmup 1/5 pEdge=0.0 pCusum=0.0 (skipping)
[POST-HANDOVER] CID:3 zone=2 pkt=1/10 credit_factor=0.1
>>> [UAV->CLOUD] BLK:850d|TX:7.0.0.7|CID:3|TS:30.830|SPD:20.2|HDG:-1.1|PX:617.0|PY:-40.0|...
[PASSIVE-BEACON] SIMNOW:30.846 CID:7 ZONE:2 RXUAV:2 EDGEPORT:9996 TS:30.832 SPD:19.600 HDG:-1.400 PX:636.100 PY:-30.000 LAN:99 BRK:0 RX_X:0.000 RX_Y:0.000 RX_Z:0.000
✓ [CAR 3] ACT=OK REP=0.966 RWD=1.000 PNL=0.000 CREDIT=56
[ATTACK-EMIT] CID:1 activeWindow=YES falsified=NO simT=30.870 realPX=617.400 fakePX=617.400 realSPD=20.000 fakeSPD=20.000 realTS=30.870 fakeTS=30.870 lane=99
[PASSIVE-BEACON] SIMNOW:30.884 CID:1 ZONE:2 RXUAV:2 EDGEPORT:9996 TS:30.870 SPD:20.000 HDG:0.000 PX:617.400 PY:-20.000 LAN:99 BRK:0 RX_X:0.000 RX_Y:0.000 RX_Z:0.000
[PASSIVE-BEACON] SIMNOW:30.924 CID:2 ZONE:2 RXUAV:2 EDGEPORT:9996 TS:30.910 SPD:20.300 HDG:0.800 PX:618.500 PY:-30.000 LAN:3 BRK:0 RX_X:0.000 RX_Y:0.000 RX_Z:0.000
[HTD] CID:2 handover Z1->Z2 trust discounted at PX=618.5 delta=0.3 alpha:30.0->10.4 beta:1.0->1.0 obsCount_at_crossing=56 warnStreak_at_crossing=0 banStreak_at_crossing=0 obs/window reset probationK=10
[CUSUM] CID:2 activated at HANDOVER Z1->Z2 PX=618.5 warmupK=5 mu0=0.2 h=2.5 minObs=15 edgeMax=1.0
[ZONE-ROUTE] CID:2 zone=2 edge_port=9996
[EDGE-RTT] CID:2 wall=1.4 ms  sim_delay=5.0 ms
[CUSUM-WARMUP] CID:2 warmup 1/5 pEdge=0.0 pCusum=0.0 (skipping)
[POST-HANDOVER] CID:2 zone=2 pkt=1/10 credit_factor=0.1
>>> [UAV->CLOUD] BLK:7842|TX:7.0.0.6|CID:2|TS:30.910|SPD:20.3|HDG:0.8|PX:618.5|PY:-30.0|L...
[PASSIVE-BEACON] SIMNOW:30.936 CID:8 ZONE:2 RXUAV:2 EDGEPORT:9996 TS:30.922 SPD:20.200 HDG:1.300 PX:637.700 PY:-40.000 LAN:4 BRK:1 RX_X:0.000 RX_Y:0.000 RX_Z:0.000
[HTD] CID:8 handover Z1->Z2 trust discounted at PX=637.7 delta=0.3 alpha:30.5->10.5 beta:1.0->1.0 obsCount_at_crossing=57 warnStreak_at_crossing=0 banStreak_at_crossing=0 obs/window reset probationK=10
[CUSUM] CID:8 activated at HANDOVER Z1->Z2 PX=637.7 warmupK=5 mu0=0.2 h=2.5 minObs=15 edgeMax=1.0
[ZONE-ROUTE] CID:8 zone=2 edge_port=9996
[EDGE-RTT] CID:8 wall=1.2 ms  sim_delay=5.0 ms
[CUSUM-WARMUP] CID:8 warmup 1/5 pEdge=0.0 pCusum=0.0 (skipping)
[POST-HANDOVER] CID:8 zone=2 pkt=1/10 credit_factor=0.1
>>> [UAV->CLOUD] BLK:026c|TX:7.0.0.12|CID:8|TS:30.922|SPD:20.2|HDG:1.3|PX:637.7|PY:-40.0|...
✓ [CAR 2] ACT=OK REP=0.790 RWD=1.000 PNL=0.000 CREDIT=56
✓ [CAR 8] ACT=OK REP=1.000 RWD=1.000 PNL=0.000 CREDIT=57
[ATTACK-EMIT] CID:4 activeWindow=YES falsified=NO simT=30.990 realPX=619.800 fakePX=619.800 realSPD=20.000 fakeSPD=20.000 realTS=30.990 fakeTS=30.990 lane=5
[PASSIVE-BEACON] SIMNOW:31.004 CID:4 ZONE:2 RXUAV:2 EDGEPORT:9996 TS:30.990 SPD:20.000 HDG:0.000 PX:619.800 PY:-50.000 LAN:5 BRK:1 RX_X:0.000 RX_Y:0.000 RX_Z:0.000
[ZONE-ROUTE] CID:4 zone=2 edge_port=9996
[EDGE-RTT] CID:4 wall=1.5 ms  sim_delay=5.0 ms
[CUSUM-WARMUP] CID:4 warmup 2/5 pEdge=0.0 pCusum=0.0 (skipping)
[POST-HANDOVER] CID:4 zone=2 pkt=2/10 credit_factor=0.1
>>> [UAV->CLOUD] BLK:b057|TX:7.0.0.8|CID:4|TS:30.990|SPD:20.0|HDG:0.0|PX:619.8|PY:-50.0|L...
[ECON-GATE] CID:4 probation active - suppressing OK reward 1.0
✓ [CAR 4] ACT=OK REP=0.634 RWD=0.000 PNL=0.000 CREDIT=56
[PASSIVE-BEACON] SIMNOW:31.027 CID:0 ZONE:2 RXUAV:2 EDGEPORT:9996 TS:31.010 SPD:19.600 HDG:-1.300 PX:620.600 PY:-10.000 LAN:1 BRK:1 RX_X:0.000 RX_Y:0.000 RX_Z:0.000
[ZONE-ROUTE] CID:0 zone=2 edge_port=9996
[EDGE-RTT] CID:0 wall=1.2 ms  sim_delay=5.0 ms
[CUSUM-WARMUP] CID:0 warmup 2/5 pEdge=0.0 pCusum=0.0 (skipping)
[POST-HANDOVER] CID:0 zone=2 pkt=2/10 credit_factor=0.1
>>> [UAV->CLOUD] BLK:491d|TX:7.0.0.4|CID:0|TS:31.010|SPD:19.6|HDG:-1.3|PX:620.6|PY:-10.0|...
✓ [CAR 0] ACT=OK REP=0.699 RWD=1.000 PNL=0.000 CREDIT=56
[PASSIVE-BEACON] SIMNOW:31.086 CID:6 ZONE:2 RXUAV:2 EDGEPORT:9996 TS:31.072 SPD:19.600 HDG:2.000 PX:641.800 PY:-20.000 LAN:99 BRK:0 RX_X:0.000 RX_Y:0.000 RX_Z:0.000
[PASSIVE-BEACON] SIMNOW:31.096 CID:5 ZONE:2 RXUAV:2 EDGEPORT:9996 TS:31.082 SPD:20.000 HDG:0.100 PX:640.900 PY:-10.000 LAN:99 BRK:0 RX_X:0.000 RX_Y:0.000 RX_Z:0.000
[PASSIVE-BEACON] SIMNOW:31.344 CID:7 ZONE:2 RXUAV:2 EDGEPORT:9996 TS:31.332 SPD:20.400 HDG:0.700 PX:647.000 PY:-30.000 LAN:99 BRK:0 RX_X:0.000 RX_Y:0.000 RX_Z:0.000
[PASSIVE-BEACON] SIMNOW:31.344 CID:3 ZONE:2 RXUAV:2 EDGEPORT:9996 TS:31.330 SPD:19.800 HDG:0.500 PX:626.800 PY:-40.000 LAN:4 BRK:0 RX_X:0.000 RX_Y:0.000 RX_Z:0.000
[ZONE-ROUTE] CID:3 zone=2 edge_port=9996
[EDGE-RTT] CID:3 wall=1.5 ms  sim_delay=5.0 ms
[CUSUM-WARMUP] CID:3 warmup 2/5 pEdge=0.0 pCusum=0.0 (skipping)
[POST-HANDOVER] CID:3 zone=2 pkt=2/10 credit_factor=0.1
>>> [UAV->CLOUD] BLK:052b|TX:7.0.0.7|CID:3|TS:31.330|SPD:19.8|HDG:0.5|PX:626.8|PY:-40.0|L...
✓ [CAR 3] ACT=OK REP=0.606 RWD=1.000 PNL=0.000 CREDIT=57
[PASSIVE-BEACON] SIMNOW:31.384 CID:1 ZONE:2 RXUAV:2 EDGEPORT:9996 TS:31.370 SPD:19.600 HDG:-0.500 PX:627.900 PY:-20.000 LAN:99 BRK:0 RX_X:0.000 RX_Y:0.000 RX_Z:0.000
[PASSIVE-BEACON] SIMNOW:31.424 CID:2 ZONE:2 RXUAV:2 EDGEPORT:9996 TS:31.410 SPD:19.600 HDG:-0.500 PX:628.300 PY:-30.000 LAN:3 BRK:0 RX_X:0.000 RX_Y:0.000 RX_Z:0.000
[ZONE-ROUTE] CID:2 zone=2 edge_port=9996
[EDGE-RTT] CID:2 wall=1.3 ms  sim_delay=5.0 ms
[CUSUM-WARMUP] CID:2 warmup 2/5 pEdge=0.0 pCusum=0.0 (skipping)
[POST-HANDOVER] CID:2 zone=2 pkt=2/10 credit_factor=0.1
>>> [UAV->CLOUD] BLK:2b64|TX:7.0.0.6|CID:2|TS:31.410|SPD:19.6|HDG:-0.5|PX:628.3|PY:-30.0|...
[PASSIVE-BEACON] SIMNOW:31.434 CID:8 ZONE:2 RXUAV:2 EDGEPORT:9996 TS:31.422 SPD:19.600 HDG:-0.300 PX:648.700 PY:-40.000 LAN:4 BRK:0 RX_X:0.000 RX_Y:0.000 RX_Z:0.000
[ZONE-ROUTE] CID:8 zone=2 edge_port=9996
[EDGE-RTT] CID:8 wall=1.5 ms  sim_delay=5.0 ms
[CUSUM-WARMUP] CID:8 warmup 2/5 pEdge=0.0 pCusum=0.0 (skipping)
[POST-HANDOVER] CID:8 zone=2 pkt=2/10 credit_factor=0.1
>>> [UAV->CLOUD] BLK:e87a|TX:7.0.0.12|CID:8|TS:31.422|SPD:19.6|HDG:-0.3|PX:648.7|PY:-40.0...
✓ [CAR 2] ACT=OK REP=0.792 RWD=1.000 PNL=0.000 CREDIT=57
✓ [CAR 8] ACT=OK REP=0.907 RWD=1.000 PNL=0.000 CREDIT=58
[PASSIVE-BEACON] SIMNOW:31.506 CID:4 ZONE:2 RXUAV:2 EDGEPORT:9996 TS:31.490 SPD:20.300 HDG:1.400 PX:629.500 PY:-50.000 LAN:5 BRK:0 RX_X:0.000 RX_Y:0.000 RX_Z:0.000
[ZONE-ROUTE] CID:4 zone=2 edge_port=9996
[EDGE-RTT] CID:4 wall=1.3 ms  sim_delay=5.0 ms
[CUSUM-WARMUP] CID:4 warmup 3/5 pEdge=0.0 pCusum=0.0 (skipping)
[POST-HANDOVER] CID:4 zone=2 pkt=3/10 credit_factor=0.1
>>> [UAV->CLOUD] BLK:893e|TX:7.0.0.8|CID:4|TS:31.490|SPD:20.3|HDG:1.4|PX:629.5|PY:-50.0|L...
[ECON-GATE] CID:4 probation active - suppressing OK reward 1.0
✓ [CAR 4] ACT=OK REP=0.592 RWD=0.000 PNL=0.000 CREDIT=57
[PASSIVE-BEACON] SIMNOW:31.523 CID:0 ZONE:2 RXUAV:2 EDGEPORT:9996 TS:31.510 SPD:19.900 HDG:-1.500 PX:630.700 PY:-10.000 LAN:1 BRK:0 RX_X:0.000 RX_Y:0.000 RX_Z:0.000
[ZONE-ROUTE] CID:0 zone=2 edge_port=9996
[EDGE-RTT] CID:0 wall=1.5 ms  sim_delay=5.0 ms
[CUSUM-WARMUP] CID:0 warmup 3/5 pEdge=0.0 pCusum=0.0 (skipping)
[POST-HANDOVER] CID:0 zone=2 pkt=3/10 credit_factor=0.1
>>> [UAV->CLOUD] BLK:abf2|TX:7.0.0.4|CID:0|TS:31.510|SPD:19.9|HDG:-1.5|PX:630.7|PY:-10.0|...
✓ [CAR 0] ACT=OK REP=0.890 RWD=1.000 PNL=0.000 CREDIT=57
[PASSIVE-BEACON] SIMNOW:31.586 CID:6 ZONE:2 RXUAV:2 EDGEPORT:9996 TS:31.572 SPD:20.000 HDG:0.100 PX:651.800 PY:-20.000 LAN:99 BRK:0 RX_X:0.000 RX_Y:0.000 RX_Z:0.000
[PASSIVE-BEACON] SIMNOW:31.599 CID:5 ZONE:2 RXUAV:2 EDGEPORT:9996 TS:31.582 SPD:20.400 HDG:1.800 PX:652.300 PY:-10.000 LAN:99 BRK:0 RX_X:0.000 RX_Y:0.000 RX_Z:0.000
[PASSIVE-BEACON] SIMNOW:31.844 CID:3 ZONE:2 RXUAV:2 EDGEPORT:9996 TS:31.830 SPD:19.700 HDG:1.300 PX:637.200 PY:-40.000 LAN:4 BRK:0 RX_X:0.000 RX_Y:0.000 RX_Z:0.000
[ZONE-ROUTE] CID:3 zone=2 edge_port=9996
[EDGE-RTT] CID:3 wall=1.3 ms  sim_delay=5.0 ms
[CUSUM-WARMUP] CID:3 warmup 3/5 pEdge=0.0 pCusum=0.0 (skipping)
[POST-HANDOVER] CID:3 zone=2 pkt=3/10 credit_factor=0.1
>>> [UAV->CLOUD] BLK:15be|TX:7.0.0.7|CID:3|TS:31.830|SPD:19.7|HDG:1.3|PX:637.2|PY:-40.0|L...
[PASSIVE-BEACON] SIMNOW:31.846 CID:7 ZONE:2 RXUAV:2 EDGEPORT:9996 TS:31.832 SPD:19.700 HDG:-0.400 PX:657.200 PY:-30.000 LAN:99 BRK:0 RX_X:0.000 RX_Y:0.000 RX_Z:0.000
✓ [CAR 3] ACT=OK REP=0.841 RWD=1.000 PNL=0.000 CREDIT=58
[PASSIVE-BEACON] SIMNOW:31.884 CID:1 ZONE:2 RXUAV:2 EDGEPORT:9996 TS:31.870 SPD:20.200 HDG:-0.300 PX:636.800 PY:-20.000 LAN:99 BRK:0 RX_X:0.000 RX_Y:0.000 RX_Z:0.000
[PASSIVE-BEACON] SIMNOW:31.924 CID:2 ZONE:2 RXUAV:2 EDGEPORT:9996 TS:31.910 SPD:20.200 HDG:1.500 PX:638.700 PY:-30.000 LAN:3 BRK:1 RX_X:0.000 RX_Y:0.000 RX_Z:0.000
[ZONE-ROUTE] CID:2 zone=2 edge_port=9996
[EDGE-RTT] CID:2 wall=1.7 ms  sim_delay=5.0 ms
[CUSUM-WARMUP] CID:2 warmup 3/5 pEdge=0.0 pCusum=0.0 (skipping)
[POST-HANDOVER] CID:2 zone=2 pkt=3/10 credit_factor=0.1
>>> [UAV->CLOUD] BLK:39b6|TX:7.0.0.6|CID:2|TS:31.910|SPD:20.2|HDG:1.5|PX:638.7|PY:-30.0|L...
[PASSIVE-BEACON] SIMNOW:31.936 CID:8 ZONE:2 RXUAV:2 EDGEPORT:9996 TS:31.922 SPD:20.200 HDG:-1.800 PX:658.500 PY:-40.000 LAN:4 BRK:0 RX_X:0.000 RX_Y:0.000 RX_Z:0.000
[ZONE-ROUTE] CID:8 zone=2 edge_port=9996
[EDGE-RTT] CID:8 wall=1.5 ms  sim_delay=5.0 ms
[CUSUM-WARMUP] CID:8 warmup 3/5 pEdge=0.0 pCusum=0.0 (skipping)
[POST-HANDOVER] CID:8 zone=2 pkt=3/10 credit_factor=0.1
>>> [UAV->CLOUD] BLK:b3b9|TX:7.0.0.12|CID:8|TS:31.922|SPD:20.2|HDG:-1.8|PX:658.5|PY:-40.0...
✓ [CAR 2] ACT=OK REP=0.866 RWD=1.000 PNL=0.000 CREDIT=58
✓ [CAR 8] ACT=OK REP=0.992 RWD=1.000 PNL=0.000 CREDIT=59
[PASSIVE-BEACON] SIMNOW:32.004 CID:4 ZONE:2 RXUAV:2 EDGEPORT:9996 TS:31.990 SPD:19.500 HDG:-1.000 PX:639.400 PY:-50.000 LAN:5 BRK:0 RX_X:0.000 RX_Y:0.000 RX_Z:0.000
[ZONE-ROUTE] CID:4 zone=2 edge_port=9996
[EDGE-RTT] CID:4 wall=1.6 ms  sim_delay=5.0 ms
[CUSUM-WARMUP] CID:4 warmup 4/5 pEdge=0.0 pCusum=0.0 (skipping)
[POST-HANDOVER] CID:4 zone=2 pkt=4/10 credit_factor=0.1
>>> [UAV->CLOUD] BLK:7e14|TX:7.0.0.8|CID:4|TS:31.990|SPD:19.5|HDG:-1.0|PX:639.4|PY:-50.0|...
[ECON-GATE] CID:4 probation active - suppressing OK reward 1.0
✓ [CAR 4] ACT=OK REP=0.979 RWD=0.000 PNL=0.000 CREDIT=58
[PASSIVE-BEACON] SIMNOW:32.025 CID:0 ZONE:2 RXUAV:2 EDGEPORT:9996 TS:32.010 SPD:19.700 HDG:1.400 PX:640.600 PY:-10.000 LAN:1 BRK:1 RX_X:0.000 RX_Y:0.000 RX_Z:0.000
[ZONE-ROUTE] CID:0 zone=2 edge_port=9996
[EDGE-RTT] CID:0 wall=1.3 ms  sim_delay=5.0 ms
[CUSUM-WARMUP] CID:0 warmup 4/5 pEdge=0.0 pCusum=0.0 (skipping)
[POST-HANDOVER] CID:0 zone=2 pkt=4/10 credit_factor=0.1
>>> [UAV->CLOUD] BLK:b7dc|TX:7.0.0.4|CID:0|TS:32.010|SPD:19.7|HDG:1.4|PX:640.6|PY:-10.0|L...
✓ [CAR 0] ACT=OK REP=0.681 RWD=1.000 PNL=0.000 CREDIT=58
[PASSIVE-BEACON] SIMNOW:32.086 CID:6 ZONE:2 RXUAV:2 EDGEPORT:9996 TS:32.072 SPD:20.500 HDG:0.500 PX:661.100 PY:-20.000 LAN:99 BRK:0 RX_X:0.000 RX_Y:0.000 RX_Z:0.000
[PASSIVE-BEACON] SIMNOW:32.096 CID:5 ZONE:2 RXUAV:2 EDGEPORT:9996 TS:32.082 SPD:20.300 HDG:-2.000 PX:661.200 PY:-10.000 LAN:99 BRK:0 RX_X:0.000 RX_Y:0.000 RX_Z:0.000
[PASSIVE-BEACON] SIMNOW:32.344 CID:3 ZONE:2 RXUAV:2 EDGEPORT:9996 TS:32.330 SPD:19.900 HDG:-0.900 PX:646.700 PY:-40.000 LAN:4 BRK:0 RX_X:0.000 RX_Y:0.000 RX_Z:0.000
[ZONE-ROUTE] CID:3 zone=2 edge_port=9996
[EDGE-RTT] CID:3 wall=1.8 ms  sim_delay=5.0 ms
[CUSUM-WARMUP] CID:3 warmup 4/5 pEdge=0.0 pCusum=0.0 (skipping)
[POST-HANDOVER] CID:3 zone=2 pkt=4/10 credit_factor=0.1
>>> [UAV->CLOUD] BLK:bd77|TX:7.0.0.7|CID:3|TS:32.330|SPD:19.9|HDG:-0.9|PX:646.7|PY:-40.0|...
[PASSIVE-BEACON] SIMNOW:32.346 CID:7 ZONE:2 RXUAV:2 EDGEPORT:9996 TS:32.332 SPD:20.000 HDG:1.900 PX:667.300 PY:-30.000 LAN:99 BRK:0 RX_X:0.000 RX_Y:0.000 RX_Z:0.000
✓ [CAR 3] ACT=OK REP=1.000 RWD=1.000 PNL=0.000 CREDIT=59
[PASSIVE-BEACON] SIMNOW:32.384 CID:1 ZONE:2 RXUAV:2 EDGEPORT:9996 TS:32.370 SPD:19.600 HDG:-1.100 PX:647.500 PY:-20.000 LAN:99 BRK:0 RX_X:0.000 RX_Y:0.000 RX_Z:0.000
[PASSIVE-BEACON] SIMNOW:32.424 CID:2 ZONE:2 RXUAV:2 EDGEPORT:9996 TS:32.410 SPD:20.300 HDG:-0.000 PX:648.200 PY:-30.000 LAN:3 BRK:0 RX_X:0.000 RX_Y:0.000 RX_Z:0.000
[ZONE-ROUTE] CID:2 zone=2 edge_port=9996
[EDGE-RTT] CID:2 wall=1.6 ms  sim_delay=5.0 ms
[CUSUM-WARMUP] CID:2 warmup 4/5 pEdge=0.0 pCusum=0.0 (skipping)
[POST-HANDOVER] CID:2 zone=2 pkt=4/10 credit_factor=0.1
>>> [UAV->CLOUD] BLK:93fb|TX:7.0.0.6|CID:2|TS:32.410|SPD:20.3|HDG:-0.0|PX:648.2|PY:-30.0|...
[PASSIVE-BEACON] SIMNOW:32.436 CID:8 ZONE:2 RXUAV:2 EDGEPORT:9996 TS:32.422 SPD:19.700 HDG:1.800 PX:668.600 PY:-40.000 LAN:4 BRK:0 RX_X:0.000 RX_Y:0.000 RX_Z:0.000
[ZONE-ROUTE] CID:8 zone=2 edge_port=9996
[EDGE-RTT] CID:8 wall=1.2 ms  sim_delay=5.0 ms
[CUSUM-WARMUP] CID:8 warmup 4/5 pEdge=0.0 pCusum=0.0 (skipping)
[POST-HANDOVER] CID:8 zone=2 pkt=4/10 credit_factor=0.1
>>> [UAV->CLOUD] BLK:0db2|TX:7.0.0.12|CID:8|TS:32.422|SPD:19.7|HDG:1.8|PX:668.6|PY:-40.0|...
✓ [CAR 2] ACT=OK REP=0.790 RWD=1.000 PNL=0.000 CREDIT=59
✓ [CAR 8] ACT=OK REP=1.000 RWD=1.000 PNL=0.000 CREDIT=60
[PASSIVE-BEACON] SIMNOW:32.504 CID:4 ZONE:2 RXUAV:2 EDGEPORT:9996 TS:32.490 SPD:19.800 HDG:-0.800 PX:649.700 PY:-50.000 LAN:5 BRK:0 RX_X:0.000 RX_Y:0.000 RX_Z:0.000
[ZONE-ROUTE] CID:4 zone=2 edge_port=9996
[EDGE-RTT] CID:4 wall=1.4 ms  sim_delay=5.0 ms
[CUSUM-WARMUP] CID:4 warmup 5/5 pEdge=0.0 pCusum=0.0 (skipping)
[POST-HANDOVER] CID:4 zone=2 pkt=5/10 credit_factor=0.1
>>> [UAV->CLOUD] BLK:dcef|TX:7.0.0.8|CID:4|TS:32.490|SPD:19.8|HDG:-0.8|PX:649.7|PY:-50.0|...
[ECON-GATE] CID:4 probation active - suppressing OK reward 1.0
✓ [CAR 4] ACT=OK REP=0.807 RWD=0.000 PNL=0.000 CREDIT=59
[PASSIVE-BEACON] SIMNOW:32.524 CID:0 ZONE:2 RXUAV:2 EDGEPORT:9996 TS:32.510 SPD:20.200 HDG:-1.000 PX:649.600 PY:-10.000 LAN:1 BRK:0 RX_X:0.000 RX_Y:0.000 RX_Z:0.000
[ZONE-ROUTE] CID:0 zone=2 edge_port=9996
[EDGE-RTT] CID:0 wall=1.3 ms  sim_delay=5.0 ms
[CUSUM-WARMUP] CID:0 warmup 5/5 pEdge=0.0 pCusum=0.0 (skipping)
[POST-HANDOVER] CID:0 zone=2 pkt=5/10 credit_factor=0.1
>>> [UAV->CLOUD] BLK:ba11|TX:7.0.0.4|CID:0|TS:32.510|SPD:20.2|HDG:-1.0|PX:649.6|PY:-10.0|...
✓ [CAR 0] ACT=OK REP=1.000 RWD=1.000 PNL=0.000 CREDIT=59
[PASSIVE-BEACON] SIMNOW:32.586 CID:6 ZONE:2 RXUAV:2 EDGEPORT:9996 TS:32.572 SPD:20.100 HDG:-1.600 PX:671.100 PY:-20.000 LAN:99 BRK:0 RX_X:0.000 RX_Y:0.000 RX_Z:0.000
[PASSIVE-BEACON] SIMNOW:32.596 CID:5 ZONE:2 RXUAV:2 EDGEPORT:9996 TS:32.582 SPD:20.400 HDG:-1.900 PX:671.500 PY:-10.000 LAN:99 BRK:0 RX_X:0.000 RX_Y:0.000 RX_Z:0.000
[PASSIVE-BEACON] SIMNOW:32.844 CID:3 ZONE:2 RXUAV:2 EDGEPORT:9996 TS:32.830 SPD:19.600 HDG:-0.800 PX:657.200 PY:-40.000 LAN:4 BRK:0 RX_X:0.000 RX_Y:0.000 RX_Z:0.000
[ZONE-ROUTE] CID:3 zone=2 edge_port=9996
[EDGE-RTT] CID:3 wall=1.5 ms  sim_delay=5.0 ms
[CUSUM-WARMUP] CID:3 warmup 5/5 pEdge=0.0 pCusum=0.0 (skipping)
[POST-HANDOVER] CID:3 zone=2 pkt=5/10 credit_factor=0.1
>>> [UAV->CLOUD] BLK:659b|TX:7.0.0.7|CID:3|TS:32.830|SPD:19.6|HDG:-0.8|PX:657.2|PY:-40.0|...
[PASSIVE-BEACON] SIMNOW:32.845 CID:7 ZONE:2 RXUAV:2 EDGEPORT:9996 TS:32.832 SPD:20.400 HDG:-0.200 PX:676.800 PY:-30.000 LAN:99 BRK:0 RX_X:0.000 RX_Y:0.000 RX_Z:0.000
✓ [CAR 3] ACT=OK REP=1.000 RWD=1.000 PNL=0.000 CREDIT=60
[PASSIVE-BEACON] SIMNOW:32.884 CID:1 ZONE:2 RXUAV:2 EDGEPORT:9996 TS:32.870 SPD:20.100 HDG:1.800 PX:657.100 PY:-20.000 LAN:99 BRK:0 RX_X:0.000 RX_Y:0.000 RX_Z:0.000
[PASSIVE-BEACON] SIMNOW:32.924 CID:2 ZONE:2 RXUAV:2 EDGEPORT:9996 TS:32.910 SPD:20.100 HDG:1.600 PX:657.700 PY:-30.000 LAN:3 BRK:0 RX_X:0.000 RX_Y:0.000 RX_Z:0.000
[ZONE-ROUTE] CID:2 zone=2 edge_port=9996
[EDGE-RTT] CID:2 wall=1.6 ms  sim_delay=5.0 ms
[CUSUM-WARMUP] CID:2 warmup 5/5 pEdge=0.0 pCusum=0.0 (skipping)
[POST-HANDOVER] CID:2 zone=2 pkt=5/10 credit_factor=0.1
>>> [UAV->CLOUD] BLK:8368|TX:7.0.0.6|CID:2|TS:32.910|SPD:20.1|HDG:1.6|PX:657.7|PY:-30.0|L...
[PASSIVE-BEACON] SIMNOW:32.935 CID:8 ZONE:2 RXUAV:2 EDGEPORT:9996 TS:32.922 SPD:20.100 HDG:-0.800 PX:678.900 PY:-40.000 LAN:4 BRK:0 RX_X:0.000 RX_Y:0.000 RX_Z:0.000
[ZONE-ROUTE] CID:8 zone=2 edge_port=9996
[EDGE-RTT] CID:8 wall=1.5 ms  sim_delay=5.0 ms
[CUSUM-WARMUP] CID:8 warmup 5/5 pEdge=0.0 pCusum=0.0 (skipping)
[POST-HANDOVER] CID:8 zone=2 pkt=5/10 credit_factor=0.1
>>> [UAV->CLOUD] BLK:58b5|TX:7.0.0.12|CID:8|TS:32.922|SPD:20.1|HDG:-0.8|PX:678.9|PY:-40.0...
✓ [CAR 2] ACT=OK REP=0.879 RWD=1.000 PNL=0.000 CREDIT=60
✓ [CAR 8] ACT=OK REP=0.579 RWD=1.000 PNL=0.000 CREDIT=61
[PASSIVE-BEACON] SIMNOW:33.007 CID:4 ZONE:2 RXUAV:2 EDGEPORT:9996 TS:32.990 SPD:19.700 HDG:0.100 PX:659.800 PY:-50.000 LAN:5 BRK:0 RX_X:0.000 RX_Y:0.000 RX_Z:0.000
[ZONE-ROUTE] CID:4 zone=2 edge_port=9996
[EDGE-RTT] CID:4 wall=1.1 ms  sim_delay=5.0 ms
[CUSUM] CID:4 S=0.000/2.500 pEdge=0.000 pCusum=0.000
[POST-HANDOVER] CID:4 zone=2 pkt=6/10 credit_factor=0.150
>>> [UAV->CLOUD] BLK:a579|TX:7.0.0.8|CID:4|TS:32.990|SPD:19.7|HDG:0.1|PX:659.8|PY:-50.0|L...
[ECON-GATE] CID:4 probation active - suppressing OK reward 1.000
✓ [CAR 4] ACT=OK REP=0.709 RWD=0.000 PNL=0.000 CREDIT=60
[PASSIVE-BEACON] SIMNOW:33.025 CID:0 ZONE:2 RXUAV:2 EDGEPORT:9996 TS:33.010 SPD:19.600 HDG:-1.300 PX:660.300 PY:-10.000 LAN:1 BRK:0 RX_X:0.000 RX_Y:0.000 RX_Z:0.000
[ZONE-ROUTE] CID:0 zone=2 edge_port=9996
[EDGE-RTT] CID:0 wall=1.0 ms  sim_delay=5.0 ms
[CUSUM] CID:0 S=0.000/2.500 pEdge=0.000 pCusum=0.000
[POST-HANDOVER] CID:0 zone=2 pkt=6/10 credit_factor=0.150
>>> [UAV->CLOUD] BLK:0a0c|TX:7.0.0.4|CID:0|TS:33.010|SPD:19.6|HDG:-1.3|PX:660.3|PY:-10.0|...
✓ [CAR 0] ACT=OK REP=1.000 RWD=1.000 PNL=0.000 CREDIT=60
[PASSIVE-BEACON] SIMNOW:33.086 CID:6 ZONE:2 RXUAV:2 EDGEPORT:9996 TS:33.072 SPD:19.800 HDG:0.400 PX:681.500 PY:-20.000 LAN:99 BRK:0 RX_X:0.000 RX_Y:0.000 RX_Z:0.000
[PASSIVE-BEACON] SIMNOW:33.096 CID:5 ZONE:2 RXUAV:2 EDGEPORT:9996 TS:33.082 SPD:19.900 HDG:-0.900 PX:681.500 PY:-10.000 LAN:99 BRK:0 RX_X:0.000 RX_Y:0.000 RX_Z:0.000
[PASSIVE-BEACON] SIMNOW:33.344 CID:3 ZONE:2 RXUAV:2 EDGEPORT:9996 TS:33.330 SPD:19.600 HDG:1.800 PX:667.300 PY:-40.000 LAN:4 BRK:1 RX_X:0.000 RX_Y:0.000 RX_Z:0.000
[ZONE-ROUTE] CID:3 zone=2 edge_port=9996
[EDGE-RTT] CID:3 wall=1.4 ms  sim_delay=5.0 ms
[CUSUM] CID:3 S=0.000/2.500 pEdge=0.000 pCusum=0.000
[POST-HANDOVER] CID:3 zone=2 pkt=6/10 credit_factor=0.150
>>> [UAV->CLOUD] BLK:c199|TX:7.0.0.7|CID:3|TS:33.330|SPD:19.6|HDG:1.8|PX:667.3|PY:-40.0|L...
[PASSIVE-BEACON] SIMNOW:33.346 CID:7 ZONE:2 RXUAV:2 EDGEPORT:9996 TS:33.332 SPD:20.400 HDG:1.800 PX:686.800 PY:-30.000 LAN:99 BRK:0 RX_X:0.000 RX_Y:0.000 RX_Z:0.000
✓ [CAR 3] ACT=OK REP=1.000 RWD=1.000 PNL=0.000 CREDIT=61
[PASSIVE-BEACON] SIMNOW:33.383 CID:1 ZONE:2 RXUAV:2 EDGEPORT:9996 TS:33.370 SPD:20.400 HDG:-0.500 PX:667.600 PY:-20.000 LAN:99 BRK:1 RX_X:0.000 RX_Y:0.000 RX_Z:0.000
[PASSIVE-BEACON] SIMNOW:33.424 CID:2 ZONE:2 RXUAV:2 EDGEPORT:9996 TS:33.410 SPD:19.700 HDG:1.000 PX:668.300 PY:-30.000 LAN:3 BRK:0 RX_X:0.000 RX_Y:0.000 RX_Z:0.000
[ZONE-ROUTE] CID:2 zone=2 edge_port=9996
[EDGE-RTT] CID:2 wall=1.4 ms  sim_delay=5.0 ms
[CUSUM] CID:2 S=0.000/2.500 pEdge=0.000 pCusum=0.000
[POST-HANDOVER] CID:2 zone=2 pkt=6/10 credit_factor=0.150
>>> [UAV->CLOUD] BLK:d3e0|TX:7.0.0.6|CID:2|TS:33.410|SPD:19.7|HDG:1.0|PX:668.3|PY:-30.0|L...
[PASSIVE-BEACON] SIMNOW:33.436 CID:8 ZONE:2 RXUAV:2 EDGEPORT:9996 TS:33.422 SPD:19.500 HDG:0.400 PX:688.800 PY:-40.000 LAN:4 BRK:1 RX_X:0.000 RX_Y:0.000 RX_Z:0.000
[ZONE-ROUTE] CID:8 zone=2 edge_port=9996
[EDGE-RTT] CID:8 wall=1.4 ms  sim_delay=5.0 ms
[CUSUM] CID:8 S=0.000/2.500 pEdge=0.000 pCusum=0.000
[POST-HANDOVER] CID:8 zone=2 pkt=6/10 credit_factor=0.150
>>> [UAV->CLOUD] BLK:87b7|TX:7.0.0.12|CID:8|TS:33.422|SPD:19.5|HDG:0.4|PX:688.8|PY:-40.0|...
✓ [CAR 2] ACT=OK REP=0.975 RWD=1.000 PNL=0.000 CREDIT=61
✓ [CAR 8] ACT=OK REP=0.783 RWD=1.000 PNL=0.000 CREDIT=62
[PASSIVE-BEACON] SIMNOW:33.507 CID:4 ZONE:2 RXUAV:2 EDGEPORT:9996 TS:33.490 SPD:19.600 HDG:-0.200 PX:669.800 PY:-50.000 LAN:5 BRK:1 RX_X:0.000 RX_Y:0.000 RX_Z:0.000
[ZONE-ROUTE] CID:4 zone=2 edge_port=9996
[EDGE-RTT] CID:4 wall=1.2 ms  sim_delay=5.0 ms
[CUSUM] CID:4 S=0.000/2.500 pEdge=0.000 pCusum=0.000
[POST-HANDOVER] CID:4 zone=2 pkt=7/10 credit_factor=0.150
>>> [UAV->CLOUD] BLK:e722|TX:7.0.0.8|CID:4|TS:33.490|SPD:19.6|HDG:-0.2|PX:669.8|PY:-50.0|...
[ECON-GATE] CID:4 probation active - suppressing OK reward 1.000
✓ [CAR 4] ACT=OK REP=0.818 RWD=0.000 PNL=0.000 CREDIT=61
[PASSIVE-BEACON] SIMNOW:33.524 CID:0 ZONE:2 RXUAV:2 EDGEPORT:9996 TS:33.510 SPD:19.600 HDG:0.800 PX:669.600 PY:-10.000 LAN:1 BRK:0 RX_X:0.000 RX_Y:0.000 RX_Z:0.000
[ZONE-ROUTE] CID:0 zone=2 edge_port=9996
[EDGE-RTT] CID:0 wall=1.2 ms  sim_delay=5.0 ms
[CUSUM] CID:0 S=0.000/2.500 pEdge=0.000 pCusum=0.000
[POST-HANDOVER] CID:0 zone=2 pkt=7/10 credit_factor=0.150
>>> [UAV->CLOUD] BLK:9a42|TX:7.0.0.4|CID:0|TS:33.510|SPD:19.6|HDG:0.8|PX:669.6|PY:-10.0|L...
✓ [CAR 0] ACT=OK REP=0.945 RWD=1.000 PNL=0.000 CREDIT=61
[PASSIVE-BEACON] SIMNOW:33.584 CID:6 ZONE:2 RXUAV:2 EDGEPORT:9996 TS:33.572 SPD:20.400 HDG:-1.900 PX:690.800 PY:-20.000 LAN:99 BRK:0 RX_X:0.000 RX_Y:0.000 RX_Z:0.000
[PASSIVE-BEACON] SIMNOW:33.596 CID:5 ZONE:2 RXUAV:2 EDGEPORT:9996 TS:33.582 SPD:20.300 HDG:0.100 PX:692.100 PY:-10.000 LAN:99 BRK:0 RX_X:0.000 RX_Y:0.000 RX_Z:0.000
[PASSIVE-BEACON] SIMNOW:33.844 CID:3 ZONE:2 RXUAV:2 EDGEPORT:9996 TS:33.830 SPD:20.400 HDG:-0.300 PX:676.300 PY:-40.000 LAN:4 BRK:0 RX_X:0.000 RX_Y:0.000 RX_Z:0.000
[ZONE-ROUTE] CID:3 zone=2 edge_port=9996
[EDGE-RTT] CID:3 wall=1.5 ms  sim_delay=5.0 ms
[CUSUM] CID:3 S=0.000/2.500 pEdge=0.000 pCusum=0.000
[POST-HANDOVER] CID:3 zone=2 pkt=7/10 credit_factor=0.150
>>> [UAV->CLOUD] BLK:4fe6|TX:7.0.0.7|CID:3|TS:33.830|SPD:20.4|HDG:-0.3|PX:676.3|PY:-40.0|...
[PASSIVE-BEACON] SIMNOW:33.846 CID:7 ZONE:2 RXUAV:2 EDGEPORT:9996 TS:33.832 SPD:20.200 HDG:-1.600 PX:695.900 PY:-30.000 LAN:99 BRK:0 RX_X:0.000 RX_Y:0.000 RX_Z:0.000
✓ [CAR 3] ACT=OK REP=0.819 RWD=1.000 PNL=0.000 CREDIT=62
[PASSIVE-BEACON] SIMNOW:33.884 CID:1 ZONE:2 RXUAV:2 EDGEPORT:9996 TS:33.870 SPD:20.100 HDG:-0.300 PX:678.100 PY:-20.000 LAN:99 BRK:0 RX_X:0.000 RX_Y:0.000 RX_Z:0.000
[PASSIVE-BEACON] SIMNOW:33.924 CID:2 ZONE:2 RXUAV:2 EDGEPORT:9996 TS:33.910 SPD:19.900 HDG:-1.400 PX:678.600 PY:-30.000 LAN:3 BRK:0 RX_X:0.000 RX_Y:0.000 RX_Z:0.000
[ZONE-ROUTE] CID:2 zone=2 edge_port=9996
[EDGE-RTT] CID:2 wall=1.3 ms  sim_delay=5.0 ms
[CUSUM] CID:2 S=0.000/2.500 pEdge=0.000 pCusum=0.000
[POST-HANDOVER] CID:2 zone=2 pkt=7/10 credit_factor=0.150
>>> [UAV->CLOUD] BLK:a4b9|TX:7.0.0.6|CID:2|TS:33.910|SPD:19.9|HDG:-1.4|PX:678.6|PY:-30.0|...
[PASSIVE-BEACON] SIMNOW:33.936 CID:8 ZONE:2 RXUAV:2 EDGEPORT:9996 TS:33.922 SPD:19.600 HDG:0.200 PX:699.100 PY:-40.000 LAN:4 BRK:1 RX_X:0.000 RX_Y:0.000 RX_Z:0.000
[ZONE-ROUTE] CID:8 zone=2 edge_port=9996
[EDGE-RTT] CID:8 wall=1.3 ms  sim_delay=5.0 ms
[CUSUM] CID:8 S=0.000/2.500 pEdge=0.000 pCusum=0.000
[POST-HANDOVER] CID:8 zone=2 pkt=7/10 credit_factor=0.150
>>> [UAV->CLOUD] BLK:b6d7|TX:7.0.0.12|CID:8|TS:33.922|SPD:19.6|HDG:0.2|PX:699.1|PY:-40.0|...
✓ [CAR 2] ACT=OK REP=0.963 RWD=1.000 PNL=0.000 CREDIT=62
✓ [CAR 8] ACT=OK REP=1.000 RWD=1.000 PNL=0.000 CREDIT=63
[PASSIVE-BEACON] SIMNOW:34.007 CID:4 ZONE:2 RXUAV:2 EDGEPORT:9996 TS:33.990 SPD:19.800 HDG:-0.000 PX:680.500 PY:-50.000 LAN:5 BRK:0 RX_X:0.000 RX_Y:0.000 RX_Z:0.000
[ZONE-ROUTE] CID:4 zone=2 edge_port=9996
[EDGE-RTT] CID:4 wall=1.3 ms  sim_delay=5.0 ms
[CUSUM] CID:4 S=0.000/2.500 pEdge=0.000 pCusum=0.000
[POST-HANDOVER] CID:4 zone=2 pkt=8/10 credit_factor=0.150
>>> [UAV->CLOUD] BLK:1cd8|TX:7.0.0.8|CID:4|TS:33.990|SPD:19.8|HDG:-0.0|PX:680.5|PY:-50.0|...
[ECON-GATE] CID:4 probation active - suppressing OK reward 1.000
✓ [CAR 4] ACT=OK REP=0.933 RWD=0.000 PNL=0.000 CREDIT=62
[PASSIVE-BEACON] SIMNOW:34.025 CID:0 ZONE:2 RXUAV:2 EDGEPORT:9996 TS:34.010 SPD:19.800 HDG:0.100 PX:680.600 PY:-10.000 LAN:1 BRK:0 RX_X:0.000 RX_Y:0.000 RX_Z:0.000
[ZONE-ROUTE] CID:0 zone=2 edge_port=9996
[EDGE-RTT] CID:0 wall=1.1 ms  sim_delay=5.0 ms
[CUSUM] CID:0 S=0.000/2.500 pEdge=0.000 pCusum=0.000
[POST-HANDOVER] CID:0 zone=2 pkt=8/10 credit_factor=0.150
>>> [UAV->CLOUD] BLK:d35d|TX:7.0.0.4|CID:0|TS:34.010|SPD:19.8|HDG:0.1|PX:680.6|PY:-10.0|L...
✓ [CAR 0] ACT=OK REP=0.864 RWD=1.000 PNL=0.000 CREDIT=62
[PASSIVE-BEACON] SIMNOW:34.086 CID:6 ZONE:2 RXUAV:2 EDGEPORT:9996 TS:34.072 SPD:19.600 HDG:0.700 PX:702.000 PY:-20.000 LAN:99 BRK:0 RX_X:0.000 RX_Y:0.000 RX_Z:0.000
[PASSIVE-BEACON] SIMNOW:34.096 CID:5 ZONE:2 RXUAV:2 EDGEPORT:9996 TS:34.082 SPD:20.400 HDG:-0.300 PX:701.000 PY:-10.000 LAN:99 BRK:0 RX_X:0.000 RX_Y:0.000 RX_Z:0.000
[PASSIVE-BEACON] SIMNOW:34.344 CID:3 ZONE:2 RXUAV:2 EDGEPORT:9996 TS:34.330 SPD:19.900 HDG:1.900 PX:686.400 PY:-40.000 LAN:4 BRK:0 RX_X:0.000 RX_Y:0.000 RX_Z:0.000
[ZONE-ROUTE] CID:3 zone=2 edge_port=9996
[EDGE-RTT] CID:3 wall=1.5 ms  sim_delay=5.0 ms
[CUSUM] CID:3 S=0.000/2.500 pEdge=0.000 pCusum=0.000
[POST-HANDOVER] CID:3 zone=2 pkt=8/10 credit_factor=0.150
>>> [UAV->CLOUD] BLK:5b36|TX:7.0.0.7|CID:3|TS:34.330|SPD:19.9|HDG:1.9|PX:686.4|PY:-40.0|L...
[PASSIVE-BEACON] SIMNOW:34.346 CID:7 ZONE:2 RXUAV:2 EDGEPORT:9996 TS:34.332 SPD:20.500 HDG:-0.800 PX:706.600 PY:-30.000 LAN:99 BRK:1 RX_X:0.000 RX_Y:0.000 RX_Z:0.000
✓ [CAR 3] ACT=OK REP=1.000 RWD=1.000 PNL=0.000 CREDIT=63
[PASSIVE-BEACON] SIMNOW:34.384 CID:1 ZONE:2 RXUAV:2 EDGEPORT:9996 TS:34.370 SPD:20.100 HDG:0.300 PX:687.700 PY:-20.000 LAN:99 BRK:0 RX_X:0.000 RX_Y:0.000 RX_Z:0.000
[PASSIVE-BEACON] SIMNOW:34.424 CID:2 ZONE:2 RXUAV:2 EDGEPORT:9996 TS:34.410 SPD:20.000 HDG:1.000 PX:688.500 PY:-30.000 LAN:3 BRK:1 RX_X:0.000 RX_Y:0.000 RX_Z:0.000
[ZONE-ROUTE] CID:2 zone=2 edge_port=9996
[EDGE-RTT] CID:2 wall=1.5 ms  sim_delay=5.0 ms
[CUSUM] CID:2 S=0.000/2.500 pEdge=0.000 pCusum=0.000
[POST-HANDOVER] CID:2 zone=2 pkt=8/10 credit_factor=0.150
>>> [UAV->CLOUD] BLK:ad2f|TX:7.0.0.6|CID:2|TS:34.410|SPD:20.0|HDG:1.0|PX:688.5|PY:-30.0|L...
[PASSIVE-BEACON] SIMNOW:34.435 CID:8 ZONE:2 RXUAV:2 EDGEPORT:9996 TS:34.422 SPD:19.800 HDG:-1.400 PX:708.700 PY:-40.000 LAN:4 BRK:0 RX_X:0.000 RX_Y:0.000 RX_Z:0.000
[ZONE-ROUTE] CID:8 zone=2 edge_port=9996
[EDGE-RTT] CID:8 wall=1.5 ms  sim_delay=5.0 ms
[CUSUM] CID:8 S=0.000/2.500 pEdge=0.000 pCusum=0.000
[POST-HANDOVER] CID:8 zone=2 pkt=8/10 credit_factor=0.150
>>> [UAV->CLOUD] BLK:8d4f|TX:7.0.0.12|CID:8|TS:34.422|SPD:19.8|HDG:-1.4|PX:708.7|PY:-40.0...
✓ [CAR 2] ACT=OK REP=0.808 RWD=1.000 PNL=0.000 CREDIT=63
✓ [CAR 8] ACT=OK REP=0.869 RWD=1.000 PNL=0.000 CREDIT=64
[PASSIVE-BEACON] SIMNOW:34.508 CID:4 ZONE:2 RXUAV:2 EDGEPORT:9996 TS:34.490 SPD:19.700 HDG:-0.400 PX:690.100 PY:-50.000 LAN:5 BRK:0 RX_X:0.000 RX_Y:0.000 RX_Z:0.000
[ZONE-ROUTE] CID:4 zone=2 edge_port=9996
[EDGE-RTT] CID:4 wall=1.4 ms  sim_delay=5.0 ms
[CUSUM] CID:4 S=0.000/2.500 pEdge=0.000 pCusum=0.000
[POST-HANDOVER] CID:4 zone=2 pkt=9/10 credit_factor=0.150
>>> [UAV->CLOUD] BLK:aa3a|TX:7.0.0.8|CID:4|TS:34.490|SPD:19.7|HDG:-0.4|PX:690.1|PY:-50.0|...
[ECON-GATE] CID:4 probation active - suppressing OK reward 1.000
✓ [CAR 4] ACT=OK REP=0.721 RWD=0.000 PNL=0.000 CREDIT=63
[PASSIVE-BEACON] SIMNOW:34.527 CID:0 ZONE:2 RXUAV:2 EDGEPORT:9996 TS:34.510 SPD:20.100 HDG:1.100 PX:689.500 PY:-10.000 LAN:1 BRK:1 RX_X:0.000 RX_Y:0.000 RX_Z:0.000
[ZONE-ROUTE] CID:0 zone=2 edge_port=9996
[EDGE-RTT] CID:0 wall=1.2 ms  sim_delay=5.0 ms
[CUSUM] CID:0 S=0.000/2.500 pEdge=0.000 pCusum=0.000
[POST-HANDOVER] CID:0 zone=2 pkt=9/10 credit_factor=0.150
>>> [UAV->CLOUD] BLK:b72d|TX:7.0.0.4|CID:0|TS:34.510|SPD:20.1|HDG:1.1|PX:689.5|PY:-10.0|L...
✓ [CAR 0] ACT=OK REP=0.895 RWD=1.000 PNL=0.000 CREDIT=63
[PASSIVE-BEACON] SIMNOW:34.586 CID:6 ZONE:2 RXUAV:2 EDGEPORT:9996 TS:34.572 SPD:20.200 HDG:-1.400 PX:711.800 PY:-20.000 LAN:99 BRK:0 RX_X:0.000 RX_Y:0.000 RX_Z:0.000
[PASSIVE-BEACON] SIMNOW:34.596 CID:5 ZONE:2 RXUAV:2 EDGEPORT:9996 TS:34.582 SPD:19.900 HDG:-0.400 PX:712.300 PY:-10.000 LAN:99 BRK:0 RX_X:0.000 RX_Y:0.000 RX_Z:0.000
[PASSIVE-BEACON] SIMNOW:34.844 CID:3 ZONE:2 RXUAV:2 EDGEPORT:9996 TS:34.830 SPD:20.000 HDG:1.200 PX:696.500 PY:-40.000 LAN:4 BRK:0 RX_X:0.000 RX_Y:0.000 RX_Z:0.000
[ZONE-ROUTE] CID:3 zone=2 edge_port=9996
[EDGE-RTT] CID:3 wall=1.4 ms  sim_delay=5.0 ms
[CUSUM] CID:3 S=0.000/2.500 pEdge=0.000 pCusum=0.000
[POST-HANDOVER] CID:3 zone=2 pkt=9/10 credit_factor=0.150
>>> [UAV->CLOUD] BLK:573a|TX:7.0.0.7|CID:3|TS:34.830|SPD:20.0|HDG:1.2|PX:696.5|PY:-40.0|L...
[PASSIVE-BEACON] SIMNOW:34.846 CID:7 ZONE:2 RXUAV:2 EDGEPORT:9996 TS:34.832 SPD:19.500 HDG:-1.300 PX:717.200 PY:-30.000 LAN:99 BRK:1 RX_X:0.000 RX_Y:0.000 RX_Z:0.000
✓ [CAR 3] ACT=OK REP=1.000 RWD=1.000 PNL=0.000 CREDIT=64
[PASSIVE-BEACON] SIMNOW:34.883 CID:1 ZONE:2 RXUAV:2 EDGEPORT:9996 TS:34.870 SPD:19.600 HDG:-0.900 PX:696.800 PY:-20.000 LAN:99 BRK:1 RX_X:0.000 RX_Y:0.000 RX_Z:0.000
[PASSIVE-BEACON] SIMNOW:34.924 CID:2 ZONE:2 RXUAV:2 EDGEPORT:9996 TS:34.910 SPD:19.800 HDG:0.700 PX:697.800 PY:-30.000 LAN:3 BRK:0 RX_X:0.000 RX_Y:0.000 RX_Z:0.000
[ZONE-ROUTE] CID:2 zone=2 edge_port=9996
[EDGE-RTT] CID:2 wall=1.5 ms  sim_delay=5.0 ms
[CUSUM] CID:2 S=0.000/2.500 pEdge=0.000 pCusum=0.000
[POST-HANDOVER] CID:2 zone=2 pkt=9/10 credit_factor=0.150
>>> [UAV->CLOUD] BLK:b329|TX:7.0.0.6|CID:2|TS:34.910|SPD:19.8|HDG:0.7|PX:697.8|PY:-30.0|L...
[PASSIVE-BEACON] SIMNOW:34.936 CID:8 ZONE:2 RXUAV:2 EDGEPORT:9996 TS:34.922 SPD:20.200 HDG:1.800 PX:719.100 PY:-40.000 LAN:4 BRK:0 RX_X:0.000 RX_Y:0.000 RX_Z:0.000
[ZONE-ROUTE] CID:8 zone=2 edge_port=9996
[EDGE-RTT] CID:8 wall=1.2 ms  sim_delay=5.0 ms
[CUSUM] CID:8 S=0.000/2.500 pEdge=0.000 pCusum=0.000
[POST-HANDOVER] CID:8 zone=2 pkt=9/10 credit_factor=0.150
>>> [UAV->CLOUD] BLK:3b5a|TX:7.0.0.12|CID:8|TS:34.922|SPD:20.2|HDG:1.8|PX:719.1|PY:-40.0|...
✓ [CAR 2] ACT=OK REP=0.959 RWD=1.000 PNL=0.000 CREDIT=64
✓ [CAR 8] ACT=OK REP=0.813 RWD=1.000 PNL=0.000 CREDIT=65
[LATE-ATTACK] CID:0 POSITION-FLIP at t=35.0s posX=700.0m distToExit=200.0m (threshold=200.0m)
[LATE-ATTACK] CID:2 POSITION-FLIP at t=35.0s posX=700.0m distToExit=200.0m (threshold=200.0m)
[PASSIVE-BEACON] SIMNOW:35.004 CID:4 ZONE:2 RXUAV:2 EDGEPORT:9996 TS:34.990 SPD:20.100 HDG:1.200 PX:699.800 PY:-50.000 LAN:5 BRK:0 RX_X:0.000 RX_Y:0.000 RX_Z:0.000
[ZONE-ROUTE] CID:4 zone=2 edge_port=9996
[EDGE-RTT] CID:4 wall=1.7 ms  sim_delay=5.0 ms
[CUSUM] CID:4 S=0.000/2.500 pEdge=0.000 pCusum=0.000
[POST-HANDOVER] CID:4 zone=2 pkt=10/10 credit_factor=0.150
[POST-HANDOVER-END] CID:4 zone=2 probation complete
>>> [UAV->CLOUD] BLK:8dbb|TX:7.0.0.8|CID:4|TS:34.990|SPD:20.1|HDG:1.2|PX:699.8|PY:-50.0|L...
[ECON-GATE] CID:4 probation active - suppressing OK reward 1.000
✓ [CAR 4] ACT=OK REP=0.908 RWD=0.000 PNL=0.000 CREDIT=64
[PASSIVE-BEACON] SIMNOW:35.025 CID:0 ZONE:2 RXUAV:2 EDGEPORT:9996 TS:35.010 SPD:19.500 HDG:1.700 PX:699.600 PY:-10.000 LAN:1 BRK:1 RX_X:0.000 RX_Y:0.000 RX_Z:0.000
[ZONE-ROUTE] CID:0 zone=2 edge_port=9996
[EDGE-RTT] CID:0 wall=1.7 ms  sim_delay=5.0 ms
[CUSUM] CID:0 S=0.000/2.500 pEdge=0.000 pCusum=0.000
[POST-HANDOVER] CID:0 zone=2 pkt=10/10 credit_factor=0.150
[POST-HANDOVER-END] CID:0 zone=2 probation complete
>>> [UAV->CLOUD] BLK:3f90|TX:7.0.0.4|CID:0|TS:35.010|SPD:19.5|HDG:1.7|PX:699.6|PY:-10.0|L...
✓ [CAR 0] ACT=OK REP=0.800 RWD=1.000 PNL=0.000 CREDIT=64
[PASSIVE-BEACON] SIMNOW:35.085 CID:6 ZONE:2 RXUAV:2 EDGEPORT:9996 TS:35.072 SPD:20.300 HDG:-0.500 PX:721.900 PY:-20.000 LAN:99 BRK:0 RX_X:0.000 RX_Y:0.000 RX_Z:0.000
[PASSIVE-BEACON] SIMNOW:35.096 CID:5 ZONE:2 RXUAV:2 EDGEPORT:9996 TS:35.082 SPD:20.200 HDG:-1.900 PX:721.900 PY:-10.000 LAN:99 BRK:0 RX_X:0.000 RX_Y:0.000 RX_Z:0.000
[PASSIVE-BEACON] SIMNOW:35.344 CID:3 ZONE:2 RXUAV:2 EDGEPORT:9996 TS:35.330 SPD:20.200 HDG:1.200 PX:707.200 PY:-40.000 LAN:4 BRK:1 RX_X:0.000 RX_Y:0.000 RX_Z:0.000
[ZONE-ROUTE] CID:3 zone=2 edge_port=9996
[EDGE-RTT] CID:3 wall=1.6 ms  sim_delay=5.0 ms
[CUSUM] CID:3 S=0.000/2.500 pEdge=0.000 pCusum=0.000
[POST-HANDOVER] CID:3 zone=2 pkt=10/10 credit_factor=0.150
[POST-HANDOVER-END] CID:3 zone=2 probation complete
>>> [UAV->CLOUD] BLK:49cb|TX:7.0.0.7|CID:3|TS:35.330|SPD:20.2|HDG:1.2|PX:707.2|PY:-40.0|L...
[PASSIVE-BEACON] SIMNOW:35.346 CID:7 ZONE:2 RXUAV:2 EDGEPORT:9996 TS:35.332 SPD:19.900 HDG:-1.800 PX:726.400 PY:-30.000 LAN:99 BRK:0 RX_X:0.000 RX_Y:0.000 RX_Z:0.000
✓ [CAR 3] ACT=OK REP=1.000 RWD=1.000 PNL=0.000 CREDIT=65
[PASSIVE-BEACON] SIMNOW:35.384 CID:1 ZONE:2 RXUAV:2 EDGEPORT:9996 TS:35.370 SPD:20.000 HDG:-1.600 PX:707.300 PY:-20.000 LAN:99 BRK:0 RX_X:0.000 RX_Y:0.000 RX_Z:0.000
[PASSIVE-BEACON] SIMNOW:35.424 CID:2 ZONE:2 RXUAV:2 EDGEPORT:9996 TS:35.410 SPD:20.500 HDG:-0.100 PX:708.300 PY:-30.000 LAN:3 BRK:0 RX_X:0.000 RX_Y:0.000 RX_Z:0.000
[ZONE-ROUTE] CID:2 zone=2 edge_port=9996
[EDGE-RTT] CID:2 wall=1.2 ms  sim_delay=5.0 ms
[CUSUM] CID:2 S=0.000/2.500 pEdge=0.000 pCusum=0.000
[POST-HANDOVER] CID:2 zone=2 pkt=10/10 credit_factor=0.150
[POST-HANDOVER-END] CID:2 zone=2 probation complete
>>> [UAV->CLOUD] BLK:f02e|TX:7.0.0.6|CID:2|TS:35.410|SPD:20.5|HDG:-0.1|PX:708.3|PY:-30.0|...
[PASSIVE-BEACON] SIMNOW:35.436 CID:8 ZONE:2 RXUAV:2 EDGEPORT:9996 TS:35.422 SPD:20.200 HDG:1.300 PX:728.900 PY:-40.000 LAN:4 BRK:0 RX_X:0.000 RX_Y:0.000 RX_Z:0.000
[ZONE-ROUTE] CID:8 zone=2 edge_port=9996
[EDGE-RTT] CID:8 wall=1.1 ms  sim_delay=5.0 ms
[CUSUM] CID:8 S=0.000/2.500 pEdge=0.000 pCusum=0.000
[POST-HANDOVER] CID:8 zone=2 pkt=10/10 credit_factor=0.150
[POST-HANDOVER-END] CID:8 zone=2 probation complete
>>> [UAV->CLOUD] BLK:3195|TX:7.0.0.12|CID:8|TS:35.422|SPD:20.2|HDG:1.3|PX:728.9|PY:-40.0|...
✓ [CAR 2] ACT=OK REP=0.996 RWD=1.000 PNL=0.000 CREDIT=65
✓ [CAR 8] ACT=OK REP=0.947 RWD=1.000 PNL=0.000 CREDIT=66
[PASSIVE-BEACON] SIMNOW:35.504 CID:4 ZONE:2 RXUAV:2 EDGEPORT:9996 TS:35.490 SPD:19.800 HDG:-0.800 PX:709.300 PY:-50.000 LAN:5 BRK:0 RX_X:0.000 RX_Y:0.000 RX_Z:0.000
[ZONE-ROUTE] CID:4 zone=2 edge_port=9996
[EDGE-RTT] CID:4 wall=1.6 ms  sim_delay=5.0 ms
[CUSUM] CID:4 S=0.000/2.500 pEdge=0.000 pCusum=0.000
>>> [UAV->CLOUD] BLK:77f5|TX:7.0.0.8|CID:4|TS:35.490|SPD:19.8|HDG:-0.8|PX:709.3|PY:-50.0|...
[ECON-GATE] CID:4 probation active - suppressing OK reward 1.000
✓ [CAR 4] ACT=OK REP=0.782 RWD=0.000 PNL=0.000 CREDIT=65
[PASSIVE-BEACON] SIMNOW:35.524 CID:0 ZONE:2 RXUAV:2 EDGEPORT:9996 TS:35.510 SPD:19.600 HDG:0.400 PX:709.600 PY:-10.000 LAN:1 BRK:0 RX_X:0.000 RX_Y:0.000 RX_Z:0.000
[ZONE-ROUTE] CID:0 zone=2 edge_port=9996
[EDGE-RTT] CID:0 wall=1.3 ms  sim_delay=5.0 ms
[CUSUM] CID:0 S=0.000/2.500 pEdge=0.000 pCusum=0.000
>>> [UAV->CLOUD] BLK:75eb|TX:7.0.0.4|CID:0|TS:35.510|SPD:19.6|HDG:0.4|PX:709.6|PY:-10.0|L...
✓ [CAR 0] ACT=OK REP=0.787 RWD=1.000 PNL=0.000 CREDIT=65
[PASSIVE-BEACON] SIMNOW:35.589 CID:6 ZONE:2 RXUAV:2 EDGEPORT:9996 TS:35.572 SPD:20.200 HDG:1.300 PX:731.000 PY:-20.000 LAN:99 BRK:1 RX_X:0.000 RX_Y:0.000 RX_Z:0.000
[PASSIVE-BEACON] SIMNOW:35.596 CID:5 ZONE:2 RXUAV:2 EDGEPORT:9996 TS:35.582 SPD:20.500 HDG:0.900 PX:731.600 PY:-10.000 LAN:99 BRK:1 RX_X:0.000 RX_Y:0.000 RX_Z:0.000
[PASSIVE-BEACON] SIMNOW:35.844 CID:3 ZONE:2 RXUAV:2 EDGEPORT:9996 TS:35.830 SPD:20.400 HDG:1.700 PX:717.100 PY:-40.000 LAN:4 BRK:0 RX_X:0.000 RX_Y:0.000 RX_Z:0.000
[ZONE-ROUTE] CID:3 zone=2 edge_port=9996
[EDGE-RTT] CID:3 wall=1.7 ms  sim_delay=5.0 ms
[CUSUM] CID:3 S=0.000/2.500 pEdge=0.000 pCusum=0.000
>>> [UAV->CLOUD] BLK:43be|TX:7.0.0.7|CID:3|TS:35.830|SPD:20.4|HDG:1.7|PX:717.1|PY:-40.0|L...
[PASSIVE-BEACON] SIMNOW:35.846 CID:7 ZONE:2 RXUAV:2 EDGEPORT:9996 TS:35.832 SPD:19.800 HDG:1.900 PX:737.000 PY:-30.000 LAN:99 BRK:0 RX_X:0.000 RX_Y:0.000 RX_Z:0.000
✓ [CAR 3] ACT=OK REP=1.000 RWD=1.000 PNL=0.000 CREDIT=66
[PASSIVE-BEACON] SIMNOW:35.884 CID:1 ZONE:2 RXUAV:2 EDGEPORT:9996 TS:35.870 SPD:19.800 HDG:-1.400 PX:717.000 PY:-20.000 LAN:99 BRK:0 RX_X:0.000 RX_Y:0.000 RX_Z:0.000
[PASSIVE-BEACON] SIMNOW:35.924 CID:2 ZONE:2 RXUAV:2 EDGEPORT:9996 TS:35.910 SPD:19.900 HDG:0.500 PX:718.900 PY:-30.000 LAN:3 BRK:0 RX_X:0.000 RX_Y:0.000 RX_Z:0.000
[ZONE-ROUTE] CID:2 zone=2 edge_port=9996
[EDGE-RTT] CID:2 wall=1.7 ms  sim_delay=5.0 ms
[CUSUM] CID:2 S=0.000/2.500 pEdge=0.000 pCusum=0.000
>>> [UAV->CLOUD] BLK:aa87|TX:7.0.0.6|CID:2|TS:35.910|SPD:19.9|HDG:0.5|PX:718.9|PY:-30.0|L...
✓ [CAR 2] ACT=OK REP=1.000 RWD=1.000 PNL=0.000 CREDIT=66
[PASSIVE-BEACON] SIMNOW:35.939 CID:8 ZONE:2 RXUAV:2 EDGEPORT:9996 TS:35.922 SPD:20.400 HDG:-0.100 PX:738.100 PY:-40.000 LAN:4 BRK:0 RX_X:0.000 RX_Y:0.000 RX_Z:0.000
[ZONE-ROUTE] CID:8 zone=2 edge_port=9996
[EDGE-RTT] CID:8 wall=1.6 ms  sim_delay=5.0 ms
[CUSUM] CID:8 S=0.000/2.500 pEdge=0.000 pCusum=0.000
>>> [UAV->CLOUD] BLK:c4ee|TX:7.0.0.12|CID:8|TS:35.922|SPD:20.4|HDG:-0.1|PX:738.1|PY:-40.0...
✓ [CAR 8] ACT=OK REP=0.894 RWD=1.000 PNL=0.000 CREDIT=67
[PASSIVE-BEACON] SIMNOW:36.009 CID:4 ZONE:2 RXUAV:2 EDGEPORT:9996 TS:35.990 SPD:20.400 HDG:1.200 PX:720.300 PY:-50.000 LAN:5 BRK:0 RX_X:0.000 RX_Y:0.000 RX_Z:0.000
[ZONE-ROUTE] CID:4 zone=2 edge_port=9996
[EDGE-RTT] CID:4 wall=1.8 ms  sim_delay=5.0 ms
[CUSUM] CID:4 S=0.000/2.500 pEdge=0.000 pCusum=0.000
>>> [UAV->CLOUD] BLK:9286|TX:7.0.0.8|CID:4|TS:35.990|SPD:20.4|HDG:1.2|PX:720.3|PY:-50.0|L...
[ECON-GATE] CID:4 probation active - suppressing OK reward 1.000
✓ [CAR 4] ACT=OK REP=0.938 RWD=0.000 PNL=0.000 CREDIT=66
[PASSIVE-BEACON] SIMNOW:36.027 CID:0 ZONE:2 RXUAV:2 EDGEPORT:9996 TS:36.010 SPD:19.800 HDG:1.400 PX:719.800 PY:-10.000 LAN:1 BRK:0 RX_X:0.000 RX_Y:0.000 RX_Z:0.000
[ZONE-ROUTE] CID:0 zone=2 edge_port=9996
[EDGE-RTT] CID:0 wall=1.5 ms  sim_delay=5.0 ms
[CUSUM] CID:0 S=0.000/2.500 pEdge=0.000 pCusum=0.000
>>> [UAV->CLOUD] BLK:b97b|TX:7.0.0.4|CID:0|TS:36.010|SPD:19.8|HDG:1.4|PX:719.8|PY:-10.0|L...
✓ [CAR 0] ACT=OK REP=0.904 RWD=1.000 PNL=0.000 CREDIT=66
[PASSIVE-BEACON] SIMNOW:36.086 CID:6 ZONE:2 RXUAV:2 EDGEPORT:9996 TS:36.072 SPD:20.300 HDG:1.600 PX:740.700 PY:-20.000 LAN:99 BRK:0 RX_X:0.000 RX_Y:0.000 RX_Z:0.000
[PASSIVE-BEACON] SIMNOW:36.095 CID:5 ZONE:2 RXUAV:2 EDGEPORT:9996 TS:36.082 SPD:19.800 HDG:0.700 PX:741.100 PY:-10.000 LAN:99 BRK:0 RX_X:0.000 RX_Y:0.000 RX_Z:0.000
[PASSIVE-BEACON] SIMNOW:36.344 CID:3 ZONE:2 RXUAV:2 EDGEPORT:9996 TS:36.330 SPD:19.700 HDG:-0.400 PX:726.300 PY:-40.000 LAN:4 BRK:0 RX_X:0.000 RX_Y:0.000 RX_Z:0.000
[ZONE-ROUTE] CID:3 zone=2 edge_port=9996
[EDGE-RTT] CID:3 wall=1.6 ms  sim_delay=5.0 ms
[CUSUM] CID:3 S=0.000/2.500 pEdge=0.000 pCusum=0.000
>>> [UAV->CLOUD] BLK:5a8f|TX:7.0.0.7|CID:3|TS:36.330|SPD:19.7|HDG:-0.4|PX:726.3|PY:-40.0|...
[PASSIVE-BEACON] SIMNOW:36.346 CID:7 ZONE:2 RXUAV:2 EDGEPORT:9996 TS:36.332 SPD:19.800 HDG:1.500 PX:746.500 PY:-30.000 LAN:99 BRK:0 RX_X:0.000 RX_Y:0.000 RX_Z:0.000
✓ [CAR 3] ACT=OK REP=0.914 RWD=1.000 PNL=0.000 CREDIT=67
[PASSIVE-BEACON] SIMNOW:36.384 CID:1 ZONE:2 RXUAV:2 EDGEPORT:9996 TS:36.370 SPD:20.000 HDG:2.000 PX:727.900 PY:-20.000 LAN:99 BRK:0 RX_X:0.000 RX_Y:0.000 RX_Z:0.000
[PASSIVE-BEACON] SIMNOW:36.424 CID:2 ZONE:2 RXUAV:2 EDGEPORT:9996 TS:36.410 SPD:20.500 HDG:0.300 PX:728.100 PY:-30.000 LAN:3 BRK:1 RX_X:0.000 RX_Y:0.000 RX_Z:0.000
[ZONE-ROUTE] CID:2 zone=2 edge_port=9996
[EDGE-RTT] CID:2 wall=1.6 ms  sim_delay=5.0 ms
[CUSUM] CID:2 S=0.000/2.500 pEdge=0.000 pCusum=0.000
>>> [UAV->CLOUD] BLK:48ec|TX:7.0.0.6|CID:2|TS:36.410|SPD:20.5|HDG:0.3|PX:728.1|PY:-30.0|L...
[PASSIVE-BEACON] SIMNOW:36.436 CID:8 ZONE:2 RXUAV:2 EDGEPORT:9996 TS:36.422 SPD:20.100 HDG:-1.000 PX:748.400 PY:-40.000 LAN:4 BRK:0 RX_X:0.000 RX_Y:0.000 RX_Z:0.000
[ZONE-ROUTE] CID:8 zone=2 edge_port=9996
[EDGE-RTT] CID:8 wall=1.6 ms  sim_delay=5.0 ms
[CUSUM] CID:8 S=0.000/2.500 pEdge=0.000 pCusum=0.000
>>> [UAV->CLOUD] BLK:8f4c|TX:7.0.0.12|CID:8|TS:36.422|SPD:20.1|HDG:-1.0|PX:748.4|PY:-40.0...
✓ [CAR 2] ACT=OK REP=0.936 RWD=1.000 PNL=0.000 CREDIT=67
✓ [CAR 8] ACT=OK REP=1.000 RWD=1.000 PNL=0.000 CREDIT=68
[PASSIVE-BEACON] SIMNOW:36.504 CID:4 ZONE:2 RXUAV:2 EDGEPORT:9996 TS:36.490 SPD:20.000 HDG:-0.500 PX:729.800 PY:-50.000 LAN:5 BRK:1 RX_X:0.000 RX_Y:0.000 RX_Z:0.000
[ZONE-ROUTE] CID:4 zone=2 edge_port=9996
[EDGE-RTT] CID:4 wall=2.0 ms  sim_delay=5.0 ms
[CUSUM] CID:4 S=0.000/2.500 pEdge=0.000 pCusum=0.000
>>> [UAV->CLOUD] BLK:d903|TX:7.0.0.8|CID:4|TS:36.490|SPD:20.0|HDG:-0.5|PX:729.8|PY:-50.0|...
[ECON-GATE] CID:4 probation active - suppressing OK reward 1.000
✓ [CAR 4] ACT=OK REP=0.696 RWD=0.000 PNL=0.000 CREDIT=67
[PASSIVE-BEACON] SIMNOW:36.524 CID:0 ZONE:2 RXUAV:2 EDGEPORT:9996 TS:36.510 SPD:19.700 HDG:-0.500 PX:730.000 PY:-10.000 LAN:1 BRK:0 RX_X:0.000 RX_Y:0.000 RX_Z:0.000
[ZONE-ROUTE] CID:0 zone=2 edge_port=9996
[EDGE-RTT] CID:0 wall=1.6 ms  sim_delay=5.0 ms
[CUSUM] CID:0 S=0.000/2.500 pEdge=0.000 pCusum=0.000
>>> [UAV->CLOUD] BLK:54af|TX:7.0.0.4|CID:0|TS:36.510|SPD:19.7|HDG:-0.5|PX:730.0|PY:-10.0|...
✓ [CAR 0] ACT=OK REP=0.898 RWD=1.000 PNL=0.000 CREDIT=67
[PASSIVE-BEACON] SIMNOW:36.588 CID:6 ZONE:2 RXUAV:2 EDGEPORT:9996 TS:36.572 SPD:20.200 HDG:1.800 PX:751.100 PY:-20.000 LAN:99 BRK:0 RX_X:0.000 RX_Y:0.000 RX_Z:0.000
[PASSIVE-BEACON] SIMNOW:36.596 CID:5 ZONE:2 RXUAV:2 EDGEPORT:9996 TS:36.582 SPD:19.800 HDG:1.100 PX:751.900 PY:-10.000 LAN:99 BRK:0 RX_X:0.000 RX_Y:0.000 RX_Z:0.000
[PASSIVE-BEACON] SIMNOW:36.844 CID:3 ZONE:2 RXUAV:2 EDGEPORT:9996 TS:36.830 SPD:19.500 HDG:1.900 PX:735.900 PY:-40.000 LAN:4 BRK:0 RX_X:0.000 RX_Y:0.000 RX_Z:0.000
[ZONE-ROUTE] CID:3 zone=2 edge_port=9996
[EDGE-RTT] CID:3 wall=1.7 ms  sim_delay=5.0 ms
[CUSUM] CID:3 S=0.000/2.500 pEdge=0.000 pCusum=0.000
>>> [UAV->CLOUD] BLK:c8d5|TX:7.0.0.7|CID:3|TS:36.830|SPD:19.5|HDG:1.9|PX:735.9|PY:-40.0|L...
[PASSIVE-BEACON] SIMNOW:36.846 CID:7 ZONE:2 RXUAV:2 EDGEPORT:9996 TS:36.832 SPD:20.000 HDG:0.600 PX:756.000 PY:-30.000 LAN:99 BRK:0 RX_X:0.000 RX_Y:0.000 RX_Z:0.000
✓ [CAR 3] ACT=OK REP=0.872 RWD=1.000 PNL=0.000 CREDIT=68
[PASSIVE-BEACON] SIMNOW:36.884 CID:1 ZONE:2 RXUAV:2 EDGEPORT:9996 TS:36.870 SPD:20.100 HDG:0.400 PX:736.800 PY:-20.000 LAN:99 BRK:0 RX_X:0.000 RX_Y:0.000 RX_Z:0.000
[PASSIVE-BEACON] SIMNOW:36.924 CID:2 ZONE:2 RXUAV:2 EDGEPORT:9996 TS:36.910 SPD:19.600 HDG:-0.000 PX:738.300 PY:-30.000 LAN:3 BRK:0 RX_X:0.000 RX_Y:0.000 RX_Z:0.000
[ZONE-ROUTE] CID:2 zone=2 edge_port=9996
[EDGE-RTT] CID:2 wall=1.4 ms  sim_delay=5.0 ms
[CUSUM] CID:2 S=0.000/2.500 pEdge=0.000 pCusum=0.000
>>> [UAV->CLOUD] BLK:c094|TX:7.0.0.6|CID:2|TS:36.910|SPD:19.6|HDG:-0.0|PX:738.3|PY:-30.0|...
[PASSIVE-BEACON] SIMNOW:36.936 CID:8 ZONE:2 RXUAV:2 EDGEPORT:9996 TS:36.922 SPD:20.300 HDG:1.700 PX:758.900 PY:-40.000 LAN:4 BRK:0 RX_X:0.000 RX_Y:0.000 RX_Z:0.000
[ZONE-ROUTE] CID:8 zone=2 edge_port=9996
[EDGE-RTT] CID:8 wall=1.5 ms  sim_delay=5.0 ms
[CUSUM] CID:8 S=0.000/2.500 pEdge=0.000 pCusum=0.000
>>> [UAV->CLOUD] BLK:b1d3|TX:7.0.0.12|CID:8|TS:36.922|SPD:20.3|HDG:1.7|PX:758.9|PY:-40.0|...
✓ [CAR 2] ACT=OK REP=1.000 RWD=1.000 PNL=0.000 CREDIT=68
✓ [CAR 8] ACT=OK REP=0.921 RWD=1.000 PNL=0.000 CREDIT=69
[PASSIVE-BEACON] SIMNOW:37.004 CID:4 ZONE:2 RXUAV:2 EDGEPORT:9996 TS:36.990 SPD:19.900 HDG:-1.800 PX:740.000 PY:-50.000 LAN:5 BRK:1 RX_X:0.000 RX_Y:0.000 RX_Z:0.000
[ZONE-ROUTE] CID:4 zone=2 edge_port=9996
[EDGE-RTT] CID:4 wall=1.4 ms  sim_delay=5.0 ms
[CUSUM] CID:4 S=0.000/2.500 pEdge=0.000 pCusum=0.000
>>> [UAV->CLOUD] BLK:72a7|TX:7.0.0.8|CID:4|TS:36.990|SPD:19.9|HDG:-1.8|PX:740.0|PY:-50.0|...
[ECON-GATE] CID:4 probation active - suppressing OK reward 1.000
✓ [CAR 4] ACT=OK REP=1.000 RWD=0.000 PNL=0.000 CREDIT=68
[PASSIVE-BEACON] SIMNOW:37.025 CID:0 ZONE:2 RXUAV:2 EDGEPORT:9996 TS:37.010 SPD:19.600 HDG:1.100 PX:740.500 PY:-10.000 LAN:1 BRK:1 RX_X:0.000 RX_Y:0.000 RX_Z:0.000
[ZONE-ROUTE] CID:0 zone=2 edge_port=9996
[EDGE-RTT] CID:0 wall=1.4 ms  sim_delay=5.0 ms
[CUSUM] CID:0 S=0.000/2.500 pEdge=0.000 pCusum=0.000
>>> [UAV->CLOUD] BLK:72bd|TX:7.0.0.4|CID:0|TS:37.010|SPD:19.6|HDG:1.1|PX:740.5|PY:-10.0|L...
✓ [CAR 0] ACT=OK REP=1.000 RWD=1.000 PNL=0.000 CREDIT=68
[PASSIVE-BEACON] SIMNOW:37.086 CID:6 ZONE:2 RXUAV:2 EDGEPORT:9996 TS:37.072 SPD:19.600 HDG:-1.000 PX:761.000 PY:-20.000 LAN:99 BRK:0 RX_X:0.000 RX_Y:0.000 RX_Z:0.000
[PASSIVE-BEACON] SIMNOW:37.096 CID:5 ZONE:2 RXUAV:2 EDGEPORT:9996 TS:37.082 SPD:19.500 HDG:0.600 PX:762.300 PY:-10.000 LAN:99 BRK:0 RX_X:0.000 RX_Y:0.000 RX_Z:0.000
[PASSIVE-BEACON] SIMNOW:37.346 CID:7 ZONE:2 RXUAV:2 EDGEPORT:9996 TS:37.332 SPD:19.600 HDG:-1.200 PX:766.100 PY:-30.000 LAN:99 BRK:0 RX_X:0.000 RX_Y:0.000 RX_Z:0.000
[PASSIVE-BEACON] SIMNOW:37.347 CID:3 ZONE:2 RXUAV:2 EDGEPORT:9996 TS:37.330 SPD:20.200 HDG:1.800 PX:746.200 PY:-40.000 LAN:4 BRK:0 RX_X:0.000 RX_Y:0.000 RX_Z:0.000
[ZONE-ROUTE] CID:3 zone=2 edge_port=9996
[EDGE-RTT] CID:3 wall=1.5 ms  sim_delay=5.0 ms
[CUSUM] CID:3 S=0.000/2.500 pEdge=0.000 pCusum=0.000
>>> [UAV->CLOUD] BLK:ef1d|TX:7.0.0.7|CID:3|TS:37.330|SPD:20.2|HDG:1.8|PX:746.2|PY:-40.0|L...
✓ [CAR 3] ACT=OK REP=0.998 RWD=1.000 PNL=0.000 CREDIT=69
[PASSIVE-BEACON] SIMNOW:37.384 CID:1 ZONE:2 RXUAV:2 EDGEPORT:9996 TS:37.370 SPD:19.600 HDG:1.100 PX:747.700 PY:-20.000 LAN:99 BRK:1 RX_X:0.000 RX_Y:0.000 RX_Z:0.000
[PASSIVE-BEACON] SIMNOW:37.424 CID:2 ZONE:2 RXUAV:2 EDGEPORT:9996 TS:37.410 SPD:20.300 HDG:-1.200 PX:748.900 PY:-30.000 LAN:3 BRK:0 RX_X:0.000 RX_Y:0.000 RX_Z:0.000
[ZONE-ROUTE] CID:2 zone=2 edge_port=9996
[EDGE-RTT] CID:2 wall=1.4 ms  sim_delay=5.0 ms
[CUSUM] CID:2 S=0.000/2.500 pEdge=0.000 pCusum=0.000
>>> [UAV->CLOUD] BLK:3d13|TX:7.0.0.6|CID:2|TS:37.410|SPD:20.3|HDG:-1.2|PX:748.9|PY:-30.0|...
[PASSIVE-BEACON] SIMNOW:37.436 CID:8 ZONE:2 RXUAV:2 EDGEPORT:9996 TS:37.422 SPD:20.400 HDG:-0.700 PX:769.200 PY:-40.000 LAN:4 BRK:0 RX_X:0.000 RX_Y:0.000 RX_Z:0.000
[ZONE-ROUTE] CID:8 zone=2 edge_port=9996
[EDGE-RTT] CID:8 wall=1.4 ms  sim_delay=5.0 ms
[CUSUM] CID:8 S=0.000/2.500 pEdge=0.000 pCusum=0.000
>>> [UAV->CLOUD] BLK:7fa8|TX:7.0.0.12|CID:8|TS:37.422|SPD:20.4|HDG:-0.7|PX:769.2|PY:-40.0...
✓ [CAR 2] ACT=OK REP=0.978 RWD=1.000 PNL=0.000 CREDIT=69
✓ [CAR 8] ACT=OK REP=1.000 RWD=1.000 PNL=0.000 CREDIT=70
[PASSIVE-BEACON] SIMNOW:37.507 CID:4 ZONE:2 RXUAV:2 EDGEPORT:9996 TS:37.490 SPD:19.600 HDG:-0.100 PX:749.300 PY:-50.000 LAN:5 BRK:0 RX_X:0.000 RX_Y:0.000 RX_Z:0.000
[ZONE-ROUTE] CID:4 zone=2 edge_port=9996
[EDGE-RTT] CID:4 wall=1.4 ms  sim_delay=5.0 ms
[CUSUM] CID:4 S=0.000/2.500 pEdge=0.000 pCusum=0.000
>>> [UAV->CLOUD] BLK:10c6|TX:7.0.0.8|CID:4|TS:37.490|SPD:19.6|HDG:-0.1|PX:749.3|PY:-50.0|...
[ECON-GATE] CID:4 probation active - suppressing OK reward 1.000
[ECON-RESTORE] CID:4 probation cleared after 15 clean packets
✓ [CAR 4] ACT=OK REP=0.991 RWD=0.000 PNL=0.000 CREDIT=69
[PASSIVE-BEACON] SIMNOW:37.524 CID:0 ZONE:2 RXUAV:2 EDGEPORT:9996 TS:37.510 SPD:19.900 HDG:-0.800 PX:750.500 PY:-10.000 LAN:1 BRK:0 RX_X:0.000 RX_Y:0.000 RX_Z:0.000
[ZONE-ROUTE] CID:0 zone=2 edge_port=9996
[EDGE-RTT] CID:0 wall=1.5 ms  sim_delay=5.0 ms
[CUSUM] CID:0 S=0.000/2.500 pEdge=0.000 pCusum=0.000
>>> [UAV->CLOUD] BLK:1eb4|TX:7.0.0.4|CID:0|TS:37.510|SPD:19.9|HDG:-0.8|PX:750.5|PY:-10.0|...
✓ [CAR 0] ACT=OK REP=1.000 RWD=1.000 PNL=0.000 CREDIT=69
[PASSIVE-BEACON] SIMNOW:37.586 CID:6 ZONE:2 RXUAV:2 EDGEPORT:9996 TS:37.572 SPD:20.000 HDG:-0.500 PX:771.200 PY:-20.000 LAN:99 BRK:1 RX_X:0.000 RX_Y:0.000 RX_Z:0.000
[PASSIVE-BEACON] SIMNOW:37.599 CID:5 ZONE:2 RXUAV:2 EDGEPORT:9996 TS:37.582 SPD:20.300 HDG:0.400 PX:771.400 PY:-10.000 LAN:99 BRK:0 RX_X:0.000 RX_Y:0.000 RX_Z:0.000
[PASSIVE-BEACON] SIMNOW:37.844 CID:3 ZONE:2 RXUAV:2 EDGEPORT:9996 TS:37.830 SPD:20.100 HDG:1.500 PX:756.600 PY:-40.000 LAN:4 BRK:0 RX_X:0.000 RX_Y:0.000 RX_Z:0.000
[ZONE-ROUTE] CID:3 zone=2 edge_port=9996
[EDGE-RTT] CID:3 wall=1.6 ms  sim_delay=5.0 ms
[CUSUM] CID:3 S=0.000/2.500 pEdge=0.000 pCusum=0.000
>>> [UAV->CLOUD] BLK:a74e|TX:7.0.0.7|CID:3|TS:37.830|SPD:20.1|HDG:1.5|PX:756.6|PY:-40.0|L...
[PASSIVE-BEACON] SIMNOW:37.846 CID:7 ZONE:2 RXUAV:2 EDGEPORT:9996 TS:37.832 SPD:20.100 HDG:-1.100 PX:776.800 PY:-30.000 LAN:99 BRK:0 RX_X:0.000 RX_Y:0.000 RX_Z:0.000
✓ [CAR 3] ACT=OK REP=1.000 RWD=1.000 PNL=0.000 CREDIT=70
[PASSIVE-BEACON] SIMNOW:37.884 CID:1 ZONE:2 RXUAV:2 EDGEPORT:9996 TS:37.870 SPD:20.200 HDG:-1.300 PX:757.900 PY:-20.000 LAN:99 BRK:1 RX_X:0.000 RX_Y:0.000 RX_Z:0.000
[PASSIVE-BEACON] SIMNOW:37.924 CID:2 ZONE:2 RXUAV:2 EDGEPORT:9996 TS:37.910 SPD:20.000 HDG:-0.700 PX:758.600 PY:-30.000 LAN:3 BRK:0 RX_X:0.000 RX_Y:0.000 RX_Z:0.000
[ZONE-ROUTE] CID:2 zone=2 edge_port=9996
[EDGE-RTT] CID:2 wall=1.3 ms  sim_delay=5.0 ms
[CUSUM] CID:2 S=0.000/2.500 pEdge=0.000 pCusum=0.000
>>> [UAV->CLOUD] BLK:c946|TX:7.0.0.6|CID:2|TS:37.910|SPD:20.0|HDG:-0.7|PX:758.6|PY:-30.0|...
[PASSIVE-BEACON] SIMNOW:37.936 CID:8 ZONE:2 RXUAV:2 EDGEPORT:9996 TS:37.922 SPD:20.200 HDG:-0.100 PX:777.900 PY:-40.000 LAN:4 BRK:0 RX_X:0.000 RX_Y:0.000 RX_Z:0.000
[ZONE-ROUTE] CID:8 zone=2 edge_port=9996
[EDGE-RTT] CID:8 wall=1.4 ms  sim_delay=5.0 ms
[CUSUM] CID:8 S=0.000/2.500 pEdge=0.000 pCusum=0.000
>>> [UAV->CLOUD] BLK:8e06|TX:7.0.0.12|CID:8|TS:37.922|SPD:20.2|HDG:-0.1|PX:777.9|PY:-40.0...
✓ [CAR 2] ACT=OK REP=0.617 RWD=1.000 PNL=0.000 CREDIT=70
✓ [CAR 8] ACT=OK REP=1.000 RWD=1.000 PNL=0.000 CREDIT=71
[PASSIVE-BEACON] SIMNOW:38.004 CID:4 ZONE:2 RXUAV:2 EDGEPORT:9996 TS:37.990 SPD:20.100 HDG:-0.100 PX:759.700 PY:-50.000 LAN:5 BRK:0 RX_X:0.000 RX_Y:0.000 RX_Z:0.000
[ZONE-ROUTE] CID:4 zone=2 edge_port=9996
[EDGE-RTT] CID:4 wall=1.4 ms  sim_delay=5.0 ms
[CUSUM] CID:4 S=0.000/2.500 pEdge=0.000 pCusum=0.000
>>> [UAV->CLOUD] BLK:c572|TX:7.0.0.8|CID:4|TS:37.990|SPD:20.1|HDG:-0.1|PX:759.7|PY:-50.0|...
✓ [CAR 4] ACT=OK REP=0.869 RWD=1.000 PNL=0.000 CREDIT=70
[PASSIVE-BEACON] SIMNOW:38.022 CID:0 ZONE:2 RXUAV:2 EDGEPORT:9996 TS:38.010 SPD:19.800 HDG:-0.700 PX:760.200 PY:-10.000 LAN:1 BRK:0 RX_X:0.000 RX_Y:0.000 RX_Z:0.000
[ZONE-ROUTE] CID:0 zone=2 edge_port=9996
[EDGE-RTT] CID:0 wall=1.4 ms  sim_delay=5.0 ms
[CUSUM] CID:0 S=0.000/2.500 pEdge=0.000 pCusum=0.000
>>> [UAV->CLOUD] BLK:80c9|TX:7.0.0.4|CID:0|TS:38.010|SPD:19.8|HDG:-0.7|PX:760.2|PY:-10.0|...
✓ [CAR 0] ACT=OK REP=0.938 RWD=1.000 PNL=0.000 CREDIT=70
[PASSIVE-BEACON] SIMNOW:38.086 CID:6 ZONE:2 RXUAV:2 EDGEPORT:9996 TS:38.072 SPD:19.900 HDG:1.500 PX:781.300 PY:-20.000 LAN:99 BRK:0 RX_X:0.000 RX_Y:0.000 RX_Z:0.000
[PASSIVE-BEACON] SIMNOW:38.096 CID:5 ZONE:2 RXUAV:2 EDGEPORT:9996 TS:38.082 SPD:20.000 HDG:1.600 PX:782.000 PY:-10.000 LAN:99 BRK:0 RX_X:0.000 RX_Y:0.000 RX_Z:0.000
[PASSIVE-BEACON] SIMNOW:38.344 CID:3 ZONE:2 RXUAV:2 EDGEPORT:9996 TS:38.330 SPD:20.300 HDG:-0.000 PX:766.900 PY:-40.000 LAN:4 BRK:0 RX_X:0.000 RX_Y:0.000 RX_Z:0.000
[ZONE-ROUTE] CID:3 zone=2 edge_port=9996
[EDGE-RTT] CID:3 wall=1.6 ms  sim_delay=5.0 ms
[CUSUM] CID:3 S=0.000/2.500 pEdge=0.000 pCusum=0.000
>>> [UAV->CLOUD] BLK:dd12|TX:7.0.0.7|CID:3|TS:38.330|SPD:20.3|HDG:-0.0|PX:766.9|PY:-40.0|...
[PASSIVE-BEACON] SIMNOW:38.346 CID:7 ZONE:2 RXUAV:2 EDGEPORT:9996 TS:38.332 SPD:20.100 HDG:0.800 PX:787.200 PY:-30.000 LAN:99 BRK:0 RX_X:0.000 RX_Y:0.000 RX_Z:0.000
✓ [CAR 3] ACT=OK REP=1.000 RWD=1.000 PNL=0.000 CREDIT=71
[PASSIVE-BEACON] SIMNOW:38.384 CID:1 ZONE:2 RXUAV:2 EDGEPORT:9996 TS:38.370 SPD:20.100 HDG:-0.900 PX:767.700 PY:-20.000 LAN:99 BRK:0 RX_X:0.000 RX_Y:0.000 RX_Z:0.000
[PASSIVE-BEACON] SIMNOW:38.425 CID:2 ZONE:2 RXUAV:2 EDGEPORT:9996 TS:38.410 SPD:20.100 HDG:1.300 PX:768.800 PY:-30.000 LAN:3 BRK:1 RX_X:0.000 RX_Y:0.000 RX_Z:0.000
[ZONE-ROUTE] CID:2 zone=2 edge_port=9996
[EDGE-RTT] CID:2 wall=1.5 ms  sim_delay=5.0 ms
[CUSUM] CID:2 S=0.000/2.500 pEdge=0.000 pCusum=0.000
>>> [UAV->CLOUD] BLK:325d|TX:7.0.0.6|CID:2|TS:38.410|SPD:20.1|HDG:1.3|PX:768.8|PY:-30.0|L...
[PASSIVE-BEACON] SIMNOW:38.439 CID:8 ZONE:2 RXUAV:2 EDGEPORT:9996 TS:38.422 SPD:20.100 HDG:-1.800 PX:789.100 PY:-40.000 LAN:4 BRK:1 RX_X:0.000 RX_Y:0.000 RX_Z:0.000
[ZONE-ROUTE] CID:8 zone=2 edge_port=9996
[EDGE-RTT] CID:8 wall=1.5 ms  sim_delay=5.0 ms
[CUSUM] CID:8 S=0.000/2.500 pEdge=0.000 pCusum=0.000
>>> [UAV->CLOUD] BLK:db87|TX:7.0.0.12|CID:8|TS:38.422|SPD:20.1|HDG:-1.8|PX:789.1|PY:-40.0...
✓ [CAR 2] ACT=OK REP=0.805 RWD=1.000 PNL=0.000 CREDIT=71
✓ [CAR 8] ACT=OK REP=1.000 RWD=1.000 PNL=0.000 CREDIT=72
[PASSIVE-BEACON] SIMNOW:38.504 CID:4 ZONE:2 RXUAV:2 EDGEPORT:9996 TS:38.490 SPD:19.600 HDG:1.100 PX:770.100 PY:-50.000 LAN:5 BRK:1 RX_X:0.000 RX_Y:0.000 RX_Z:0.000
[ZONE-ROUTE] CID:4 zone=2 edge_port=9996
[EDGE-RTT] CID:4 wall=1.7 ms  sim_delay=5.0 ms
[CUSUM] CID:4 S=0.000/2.500 pEdge=0.000 pCusum=0.000
>>> [UAV->CLOUD] BLK:57bd|TX:7.0.0.8|CID:4|TS:38.490|SPD:19.6|HDG:1.1|PX:770.1|PY:-50.0|L...
✓ [CAR 4] ACT=OK REP=0.943 RWD=1.000 PNL=0.000 CREDIT=71
[PASSIVE-BEACON] SIMNOW:38.524 CID:0 ZONE:2 RXUAV:2 EDGEPORT:9996 TS:38.510 SPD:20.100 HDG:0.900 PX:770.300 PY:-10.000 LAN:1 BRK:1 RX_X:0.000 RX_Y:0.000 RX_Z:0.000
[ZONE-ROUTE] CID:0 zone=2 edge_port=9996
[EDGE-RTT] CID:0 wall=1.6 ms  sim_delay=5.0 ms
[CUSUM] CID:0 S=0.000/2.500 pEdge=0.000 pCusum=0.000
>>> [UAV->CLOUD] BLK:05e0|TX:7.0.0.4|CID:0|TS:38.510|SPD:20.1|HDG:0.9|PX:770.3|PY:-10.0|L...
✓ [CAR 0] ACT=OK REP=0.859 RWD=1.000 PNL=0.000 CREDIT=71
[PASSIVE-BEACON] SIMNOW:38.586 CID:6 ZONE:2 RXUAV:2 EDGEPORT:9996 TS:38.572 SPD:19.800 HDG:-1.100 PX:791.600 PY:-20.000 LAN:99 BRK:0 RX_X:0.000 RX_Y:0.000 RX_Z:0.000
[PASSIVE-BEACON] SIMNOW:38.599 CID:5 ZONE:2 RXUAV:2 EDGEPORT:9996 TS:38.582 SPD:20.100 HDG:-0.500 PX:791.800 PY:-10.000 LAN:99 BRK:0 RX_X:0.000 RX_Y:0.000 RX_Z:0.000
[PASSIVE-BEACON] SIMNOW:38.844 CID:3 ZONE:2 RXUAV:2 EDGEPORT:9996 TS:38.830 SPD:19.700 HDG:1.500 PX:776.800 PY:-40.000 LAN:4 BRK:0 RX_X:0.000 RX_Y:0.000 RX_Z:0.000
[ZONE-ROUTE] CID:3 zone=2 edge_port=9996
[EDGE-RTT] CID:3 wall=1.8 ms  sim_delay=5.0 ms
[CUSUM] CID:3 S=0.000/2.500 pEdge=0.000 pCusum=0.000
>>> [UAV->CLOUD] BLK:013c|TX:7.0.0.7|CID:3|TS:38.830|SPD:19.7|HDG:1.5|PX:776.8|PY:-40.0|L...
[PASSIVE-BEACON] SIMNOW:38.849 CID:7 ZONE:2 RXUAV:2 EDGEPORT:9996 TS:38.832 SPD:20.400 HDG:-1.200 PX:797.300 PY:-30.000 LAN:99 BRK:0 RX_X:0.000 RX_Y:0.000 RX_Z:0.000
✓ [CAR 3] ACT=OK REP=1.000 RWD=1.000 PNL=0.000 CREDIT=72
[PASSIVE-BEACON] SIMNOW:38.887 CID:1 ZONE:2 RXUAV:2 EDGEPORT:9996 TS:38.870 SPD:20.200 HDG:1.700 PX:776.900 PY:-20.000 LAN:99 BRK:0 RX_X:0.000 RX_Y:0.000 RX_Z:0.000
[PASSIVE-BEACON] SIMNOW:38.924 CID:2 ZONE:2 RXUAV:2 EDGEPORT:9996 TS:38.910 SPD:20.000 HDG:1.000 PX:778.300 PY:-30.000 LAN:3 BRK:0 RX_X:0.000 RX_Y:0.000 RX_Z:0.000
[ZONE-ROUTE] CID:2 zone=2 edge_port=9996
[EDGE-RTT] CID:2 wall=1.5 ms  sim_delay=5.0 ms
[CUSUM] CID:2 S=0.000/2.500 pEdge=0.000 pCusum=0.000
>>> [UAV->CLOUD] BLK:2315|TX:7.0.0.6|CID:2|TS:38.910|SPD:20.0|HDG:1.0|PX:778.3|PY:-30.0|L...
[PASSIVE-BEACON] SIMNOW:38.936 CID:8 ZONE:2 RXUAV:2 EDGEPORT:9996 TS:38.922 SPD:20.200 HDG:-0.100 PX:798.400 PY:-40.000 LAN:4 BRK:0 RX_X:0.000 RX_Y:0.000 RX_Z:0.000
[ZONE-ROUTE] CID:8 zone=2 edge_port=9996
[EDGE-RTT] CID:8 wall=1.6 ms  sim_delay=5.0 ms
[CUSUM] CID:8 S=0.000/2.500 pEdge=0.000 pCusum=0.000
>>> [UAV->CLOUD] BLK:4711|TX:7.0.0.12|CID:8|TS:38.922|SPD:20.2|HDG:-0.1|PX:798.4|PY:-40.0...
✓ [CAR 2] ACT=OK REP=0.911 RWD=1.000 PNL=0.000 CREDIT=72
✓ [CAR 8] ACT=OK REP=0.756 RWD=1.000 PNL=0.000 CREDIT=73
[PASSIVE-BEACON] SIMNOW:39.004 CID:4 ZONE:2 RXUAV:2 EDGEPORT:9996 TS:38.990 SPD:20.300 HDG:-1.800 PX:779.200 PY:-50.000 LAN:5 BRK:1 RX_X:0.000 RX_Y:0.000 RX_Z:0.000
[ZONE-ROUTE] CID:4 zone=2 edge_port=9996
[EDGE-RTT] CID:4 wall=1.6 ms  sim_delay=5.0 ms
[CUSUM] CID:4 S=0.000/2.500 pEdge=0.000 pCusum=0.000
>>> [UAV->CLOUD] BLK:9418|TX:7.0.0.8|CID:4|TS:38.990|SPD:20.3|HDG:-1.8|PX:779.2|PY:-50.0|...
✓ [CAR 4] ACT=OK REP=1.000 RWD=1.000 PNL=0.000 CREDIT=72
[PASSIVE-BEACON] SIMNOW:39.025 CID:0 ZONE:2 RXUAV:2 EDGEPORT:9996 TS:39.010 SPD:19.800 HDG:1.000 PX:780.000 PY:-10.000 LAN:1 BRK:0 RX_X:0.000 RX_Y:0.000 RX_Z:0.000
[ZONE-ROUTE] CID:0 zone=2 edge_port=9996
[EDGE-RTT] CID:0 wall=1.4 ms  sim_delay=5.0 ms
[CUSUM] CID:0 S=0.000/2.500 pEdge=0.000 pCusum=0.000
>>> [UAV->CLOUD] BLK:e52f|TX:7.0.0.4|CID:0|TS:39.010|SPD:19.8|HDG:1.0|PX:780.0|PY:-10.0|L...
✓ [CAR 0] ACT=OK REP=1.000 RWD=1.000 PNL=0.000 CREDIT=72
[PASSIVE-BEACON] SIMNOW:39.086 CID:6 ZONE:2 RXUAV:2 EDGEPORT:9996 TS:39.072 SPD:20.000 HDG:-1.100 PX:802.000 PY:-20.000 LAN:99 BRK:1 RX_X:0.000 RX_Y:0.000 RX_Z:0.000
[PASSIVE-BEACON] SIMNOW:39.097 CID:5 ZONE:2 RXUAV:2 EDGEPORT:9996 TS:39.082 SPD:20.400 HDG:0.800 PX:802.200 PY:-10.000 LAN:99 BRK:1 RX_X:0.000 RX_Y:0.000 RX_Z:0.000
[PASSIVE-BEACON] SIMNOW:39.343 CID:3 ZONE:2 RXUAV:2 EDGEPORT:9996 TS:39.330 SPD:20.100 HDG:-0.800 PX:787.100 PY:-40.000 LAN:4 BRK:0 RX_X:0.000 RX_Y:0.000 RX_Z:0.000
[ZONE-ROUTE] CID:3 zone=2 edge_port=9996
[EDGE-RTT] CID:3 wall=1.5 ms  sim_delay=5.0 ms
[CUSUM] CID:3 S=0.000/2.500 pEdge=0.000 pCusum=0.000
>>> [UAV->CLOUD] BLK:d4d2|TX:7.0.0.7|CID:3|TS:39.330|SPD:20.1|HDG:-0.8|PX:787.1|PY:-40.0|...
[PASSIVE-BEACON] SIMNOW:39.346 CID:7 ZONE:2 RXUAV:2 EDGEPORT:9996 TS:39.332 SPD:19.600 HDG:0.400 PX:806.900 PY:-30.000 LAN:99 BRK:0 RX_X:0.000 RX_Y:0.000 RX_Z:0.000
✓ [CAR 3] ACT=OK REP=1.000 RWD=1.000 PNL=0.000 CREDIT=73
[PASSIVE-BEACON] SIMNOW:39.387 CID:1 ZONE:2 RXUAV:2 EDGEPORT:9996 TS:39.370 SPD:20.200 HDG:1.000 PX:787.300 PY:-20.000 LAN:99 BRK:0 RX_X:0.000 RX_Y:0.000 RX_Z:0.000
[PASSIVE-BEACON] SIMNOW:39.424 CID:2 ZONE:2 RXUAV:2 EDGEPORT:9996 TS:39.410 SPD:20.200 HDG:-1.100 PX:787.800 PY:-30.000 LAN:3 BRK:1 RX_X:0.000 RX_Y:0.000 RX_Z:0.000
[ZONE-ROUTE] CID:2 zone=2 edge_port=9996
[EDGE-RTT] CID:2 wall=1.6 ms  sim_delay=5.0 ms
[CUSUM] CID:2 S=0.000/2.500 pEdge=0.000 pCusum=0.000
>>> [UAV->CLOUD] BLK:25ba|TX:7.0.0.6|CID:2|TS:39.410|SPD:20.2|HDG:-1.1|PX:787.8|PY:-30.0|...
✓ [CAR 2] ACT=OK REP=0.736 RWD=1.000 PNL=0.000 CREDIT=73
[PASSIVE-BEACON] SIMNOW:39.439 CID:8 ZONE:2 RXUAV:2 EDGEPORT:9996 TS:39.422 SPD:19.600 HDG:1.700 PX:807.900 PY:-40.000 LAN:4 BRK:0 RX_X:0.000 RX_Y:0.000 RX_Z:0.000
[ZONE-ROUTE] CID:8 zone=2 edge_port=9996
[EDGE-RTT] CID:8 wall=1.6 ms  sim_delay=5.0 ms
[CUSUM] CID:8 S=0.000/2.500 pEdge=0.000 pCusum=0.000
>>> [UAV->CLOUD] BLK:7a47|TX:7.0.0.12|CID:8|TS:39.422|SPD:19.6|HDG:1.7|PX:807.9|PY:-40.0|...
✓ [CAR 8] ACT=OK REP=0.996 RWD=1.000 PNL=0.000 CREDIT=74
[PASSIVE-BEACON] SIMNOW:39.504 CID:4 ZONE:2 RXUAV:2 EDGEPORT:9996 TS:39.490 SPD:20.100 HDG:-1.600 PX:789.800 PY:-50.000 LAN:5 BRK:0 RX_X:0.000 RX_Y:0.000 RX_Z:0.000
[ZONE-ROUTE] CID:4 zone=2 edge_port=9996
[EDGE-RTT] CID:4 wall=1.5 ms  sim_delay=5.0 ms
[CUSUM] CID:4 S=0.000/2.500 pEdge=0.000 pCusum=0.000
>>> [UAV->CLOUD] BLK:a964|TX:7.0.0.8|CID:4|TS:39.490|SPD:20.1|HDG:-1.6|PX:789.8|PY:-50.0|...
✓ [CAR 4] ACT=OK REP=0.717 RWD=1.000 PNL=0.000 CREDIT=73
[PASSIVE-BEACON] SIMNOW:39.524 CID:0 ZONE:2 RXUAV:2 EDGEPORT:9996 TS:39.510 SPD:19.700 HDG:-0.900 PX:790.100 PY:-10.000 LAN:1 BRK:0 RX_X:0.000 RX_Y:0.000 RX_Z:0.000
[ZONE-ROUTE] CID:0 zone=2 edge_port=9996
[EDGE-RTT] CID:0 wall=1.4 ms  sim_delay=5.0 ms
[CUSUM] CID:0 S=0.000/2.500 pEdge=0.000 pCusum=0.000
>>> [UAV->CLOUD] BLK:6ada|TX:7.0.0.4|CID:0|TS:39.510|SPD:19.7|HDG:-0.9|PX:790.1|PY:-10.0|...
✓ [CAR 0] ACT=OK REP=1.000 RWD=1.000 PNL=0.000 CREDIT=73
[PASSIVE-BEACON] SIMNOW:39.586 CID:6 ZONE:2 RXUAV:2 EDGEPORT:9996 TS:39.572 SPD:19.800 HDG:1.700 PX:812.100 PY:-20.000 LAN:99 BRK:1 RX_X:0.000 RX_Y:0.000 RX_Z:0.000
[PASSIVE-BEACON] SIMNOW:39.596 CID:5 ZONE:2 RXUAV:2 EDGEPORT:9996 TS:39.582 SPD:20.100 HDG:-1.100 PX:811.400 PY:-10.000 LAN:99 BRK:0 RX_X:0.000 RX_Y:0.000 RX_Z:0.000
[PASSIVE-BEACON] SIMNOW:39.844 CID:3 ZONE:2 RXUAV:2 EDGEPORT:9996 TS:39.830 SPD:20.100 HDG:-0.200 PX:796.100 PY:-40.000 LAN:4 BRK:0 RX_X:0.000 RX_Y:0.000 RX_Z:0.000
[ZONE-ROUTE] CID:3 zone=2 edge_port=9996
[EDGE-RTT] CID:3 wall=1.7 ms  sim_delay=5.0 ms
[CUSUM] CID:3 S=0.000/2.500 pEdge=0.000 pCusum=0.000
>>> [UAV->CLOUD] BLK:1ca2|TX:7.0.0.7|CID:3|TS:39.830|SPD:20.1|HDG:-0.2|PX:796.1|PY:-40.0|...
[PASSIVE-BEACON] SIMNOW:39.846 CID:7 ZONE:2 RXUAV:2 EDGEPORT:9996 TS:39.832 SPD:20.000 HDG:1.900 PX:816.800 PY:-30.000 LAN:99 BRK:0 RX_X:0.000 RX_Y:0.000 RX_Z:0.000
✓ [CAR 3] ACT=OK REP=0.781 RWD=1.000 PNL=0.000 CREDIT=74
[PASSIVE-BEACON] SIMNOW:39.882 CID:1 ZONE:2 RXUAV:2 EDGEPORT:9996 TS:39.870 SPD:20.100 HDG:-0.200 PX:797.200 PY:-20.000 LAN:99 BRK:1 RX_X:0.000 RX_Y:0.000 RX_Z:0.000
[PASSIVE-BEACON] SIMNOW:39.924 CID:2 ZONE:2 RXUAV:2 EDGEPORT:9996 TS:39.910 SPD:19.600 HDG:0.500 PX:798.900 PY:-30.000 LAN:3 BRK:0 RX_X:0.000 RX_Y:0.000 RX_Z:0.000
[ZONE-ROUTE] CID:2 zone=2 edge_port=9996
[EDGE-RTT] CID:2 wall=1.4 ms  sim_delay=5.0 ms
[CUSUM] CID:2 S=0.000/2.500 pEdge=0.000 pCusum=0.000
>>> [UAV->CLOUD] BLK:36e3|TX:7.0.0.6|CID:2|TS:39.910|SPD:19.6|HDG:0.5|PX:798.9|PY:-30.0|L...
[PASSIVE-BEACON] SIMNOW:39.936 CID:8 ZONE:2 RXUAV:2 EDGEPORT:9996 TS:39.922 SPD:20.300 HDG:-1.900 PX:818.800 PY:-40.000 LAN:4 BRK:0 RX_X:0.000 RX_Y:0.000 RX_Z:0.000
[ZONE-ROUTE] CID:8 zone=2 edge_port=9996
[EDGE-RTT] CID:8 wall=1.3 ms  sim_delay=5.0 ms
[CUSUM] CID:8 S=0.000/2.500 pEdge=0.000 pCusum=0.000
>>> [UAV->CLOUD] BLK:09cc|TX:7.0.0.12|CID:8|TS:39.922|SPD:20.3|HDG:-1.9|PX:818.8|PY:-40.0...
✓ [CAR 2] ACT=OK REP=0.809 RWD=1.000 PNL=0.000 CREDIT=74
✓ [CAR 8] ACT=OK REP=1.000 RWD=1.000 PNL=0.000 CREDIT=75

── PAYOFF SUMMARY ─────────────────────────────────
[PAYOFF] CID:0 cumulative_payoff=76.996 honest_wins=76 warn_count=0 adverse_count=0 demoted=NO return_threshold=0 lane_upgraded=YES scrutiny_reduced=YES malicious=YES
[PAYOFF] CID:1 cumulative_payoff=-5.500 honest_wins=0 warn_count=1 adverse_count=1 demoted=YES return_threshold=60 lane_upgraded=NO scrutiny_reduced=NO malicious=YES
[PAYOFF] CID:2 cumulative_payoff=77.996 honest_wins=77 warn_count=0 adverse_count=0 demoted=NO return_threshold=0 lane_upgraded=YES scrutiny_reduced=YES malicious=YES
[PAYOFF] CID:3 cumulative_payoff=77.996 honest_wins=77 warn_count=0 adverse_count=0 demoted=NO return_threshold=0 lane_upgraded=YES scrutiny_reduced=YES malicious=NO
[PAYOFF] CID:4 cumulative_payoff=17.324 honest_wins=19 warn_count=1 adverse_count=0 demoted=NO return_threshold=0 lane_upgraded=NO scrutiny_reduced=NO malicious=YES
[PAYOFF] CID:5 cumulative_payoff=-5.500 honest_wins=0 warn_count=1 adverse_count=1 demoted=YES return_threshold=60 lane_upgraded=NO scrutiny_reduced=NO malicious=YES
[PAYOFF] CID:6 cumulative_payoff=-5.500 honest_wins=0 warn_count=1 adverse_count=1 demoted=YES return_threshold=60 lane_upgraded=NO scrutiny_reduced=NO malicious=YES
[PAYOFF] CID:7 cumulative_payoff=-5.500 honest_wins=0 warn_count=1 adverse_count=1 demoted=YES return_threshold=60 lane_upgraded=NO scrutiny_reduced=NO malicious=YES
[PAYOFF] CID:8 cumulative_payoff=78.996 honest_wins=78 warn_count=0 adverse_count=0 demoted=NO return_threshold=0 lane_upgraded=YES scrutiny_reduced=YES malicious=NO
[PAYOFF] CID:9 cumulative_payoff=13.996 honest_wins=14 warn_count=0 adverse_count=0 demoted=NO return_threshold=0 lane_upgraded=NO scrutiny_reduced=NO malicious=NO

--------------------------------------------------
 SIMULATION COMPLETE v90-multiuav (adaptive edge-cloud, bridge mode only)  nCars=10  attackRate=50%  attackType=5  RngRun=1
--------------------------------------------------
