[0/2] Re-checking globbed directories...
ninja: no work to do.
[TEMPTATION-T] CID:4 T_i=2.041 break-even_p*=0.197
[TEMPTATION-T] CID:6 T_i=0.709 break-even_p*=0.414
[TEMPTATION-T] CID:7 T_i=2.496 break-even_p*=0.167
[TEMPTATION-T] CID:8 T_i=1.005 break-even_p*=0.332
[TEMPTATION-T] CID:10 T_i=1.134 break-even_p*=0.306
[TEMPTATION-T] CID:12 T_i=0.503 break-even_p*=0.498
[TEMPTATION-T] CID:13 T_i=2.185 break-even_p*=0.186
[TEMPTATION-T] CID:14 T_i=0.747 break-even_p*=0.401
[TEMPTATION-T] CID:16 T_i=2.198 break-even_p*=0.185
[TEMPTATION-T] CID:18 T_i=0.938 break-even_p*=0.348
[LATE-ATTACK] CID:0 position-aware flip armed ZoneLen=900.000m threshold=360.000m
[LATE-ATTACK] CID:1 position-aware flip armed ZoneLen=900.000m threshold=360.000m
[LATE-ATTACK] CID:2 position-aware flip armed ZoneLen=900.000m threshold=360.000m
[LATE-ATTACK] Scheduled 3 position-aware late-entry attackers ZoneLen=900.000m ThreshM=360.000m
[HANDOVER] Armed 20 triggers for Z1->Z2 at t=30.000 s (zoneEndX=900.000, leadM=300.000)

--------------------------------------------------
 UNIFIED SIMULATION v90-multiUAV (adaptive edge-cloud, bridge mode only)
--------------------------------------------------
 Cars      : 20 (5 lanes x 4)
 RngRun    : 10
 Attack    : 50%  (10 malicious) [4,6,7,8,10,12,13,14,16,18]
 AttackType: 5 (0=composite,1=TS-only,2=GPS-only,3=speed-only,4=stealthy,5=adaptive)
 TsOffset  : -0.500s
 SpdFactor : 1.100x
 Nash p*   : 0.400 (BAN_REWARD=1.500)
 ZONE_SAFE : 0.150
 ZONE_MALICIOUS : 0.300
 LEGACY_WIRE_ALIASES : 0
 SCR_ALERT : 0.620
 GAME_Cf   : 3.000
 CloudTrig : [unused in bridge mode] SCR<0.620 && >=4 | TIME>=3.000s | COUNT>=10
 EdgePortZ1: 127.0.0.1:9998
 EdgePortZ2: 127.0.0.1:9996
 Cloud     : 127.0.0.1:6666
 CloudMode : BRIDGE (adaptive batch calibration — cloud tunes edge params only)
 LedgerFile: blockchain_ledger.jsonl
 EdgeLatencyMs : 10.000 ms
 CloudLatencyMs: 150.000 ms
 NashP* mode   : adaptive (warmup=5 pkts, rho_hat-driven)
 S1uDelay      : 5 ms  |  PGW-rHost delay: 5 ms
 PktDropRate   : 0%  |  EdgeJitter: 30%  |  LateAttackers: 25% of mal
 BgTraffic     : 20 cars x 500 kbps UDP
 Mobility      : WaypointMobility (3-phase speed profile per lane)
 Duration  : 36.000s
--------------------------------------------------

[BG-TRAFFIC] 20 cars x 500 kbps UDP background flow to rHost installed
[PASSIVE-BEACON] SIMNOW:2.079 CID:10 ZONE:1 RXUAV:1 EDGEPORT:9998 TS:2.064 SPD:20.300 HDG:0.900 PX:81.900 PY:-10.000 LAN:1 BRK:0 RX_X:0.000 RX_Y:0.000 RX_Z:0.000
[ZONE-ROUTE] CID:10 zone=1 edge_port=9998
[EDGE-RTT] CID:10 wall=1.9 ms  sim_delay=10.0 ms
>>> [UAV->CLOUD] BLK:1dca|TX:7.0.0.14|CID:10|TS:2.064|SPD:20.3|HDG:0.9|PX:81.9|PY:-10.0|L...
[PASSIVE-BEACON] SIMNOW:2.084 CID:2 ZONE:1 RXUAV:1 EDGEPORT:9998 TS:2.070 SPD:19.500 HDG:0.700 PX:42.000 PY:-30.000 LAN:3 BRK:0 RX_X:0.000 RX_Y:0.000 RX_Z:0.000
[ZONE-ROUTE] CID:2 zone=1 edge_port=9998
[EDGE-RTT] CID:2 wall=1.3 ms  sim_delay=10.0 ms
>>> [UAV->CLOUD] BLK:5f2b|TX:7.0.0.6|CID:2|TS:2.070|SPD:19.5|HDG:0.7|PX:42.0|PY:-30.0|LAN...
✓ [CAR 10] ACT=OK REP=0.859 RWD=0.996 PNL=0.000 CREDIT=0
✓ [CAR 2] ACT=OK REP=0.588 RWD=0.996 PNL=0.000 CREDIT=0
[PASSIVE-BEACON] SIMNOW:2.112 CID:4 ZONE:1 RXUAV:1 EDGEPORT:9998 TS:2.100 SPD:19.800 HDG:-0.800 PX:42.500 PY:-50.000 LAN:5 BRK:0 RX_X:0.000 RX_Y:0.000 RX_Z:0.000
[ZONE-ROUTE] CID:4 zone=1 edge_port=9998
[EDGE-RTT] CID:4 wall=1.4 ms  sim_delay=10.0 ms
>>> [UAV->CLOUD] BLK:4f1a|TX:7.0.0.8|CID:4|TS:2.100|SPD:19.8|HDG:-0.8|PX:42.5|PY:-50.0|LA...
✓ [CAR 4] ACT=OK REP=0.874 RWD=0.996 PNL=0.000 CREDIT=0
[PASSIVE-BEACON] SIMNOW:2.234 CID:1 ZONE:1 RXUAV:1 EDGEPORT:9998 TS:2.220 SPD:19.600 HDG:-1.900 PX:44.600 PY:-20.000 LAN:2 BRK:0 RX_X:0.000 RX_Y:0.000 RX_Z:0.000
[ZONE-ROUTE] CID:1 zone=1 edge_port=9998
[EDGE-RTT] CID:1 wall=1.3 ms  sim_delay=10.0 ms
>>> [UAV->CLOUD] BLK:e7bd|TX:7.0.0.5|CID:1|TS:2.220|SPD:19.6|HDG:-1.9|PX:44.6|PY:-20.0|LA...
✓ [CAR 1] ACT=OK REP=0.799 RWD=0.996 PNL=0.000 CREDIT=0
[PASSIVE-BEACON] SIMNOW:2.258 CID:12 ZONE:1 RXUAV:1 EDGEPORT:9998 TS:2.244 SPD:20.100 HDG:-1.200 PX:84.200 PY:-30.000 LAN:3 BRK:0 RX_X:0.000 RX_Y:0.000 RX_Z:0.000
[ZONE-ROUTE] CID:12 zone=1 edge_port=9998
[EDGE-RTT] CID:12 wall=1.5 ms  sim_delay=10.0 ms
>>> [UAV->CLOUD] BLK:56d0|TX:7.0.0.16|CID:12|TS:2.244|SPD:20.1|HDG:-1.2|PX:84.2|PY:-30.0|...
[PASSIVE-BEACON] SIMNOW:2.260 CID:15 ZONE:1 RXUAV:1 EDGEPORT:9998 TS:2.246 SPD:20.000 HDG:1.900 PX:104.700 PY:-10.000 LAN:1 BRK:0 RX_X:0.000 RX_Y:0.000 RX_Z:0.000
[ZONE-ROUTE] CID:15 zone=1 edge_port=9998
[EDGE-RTT] CID:15 wall=1.3 ms  sim_delay=10.0 ms
>>> [UAV->CLOUD] BLK:7982|TX:7.0.0.19|CID:15|TS:2.246|SPD:20.0|HDG:1.9|PX:104.7|PY:-10.0|...
[PASSIVE-BEACON] SIMNOW:2.269 CID:19 ZONE:1 RXUAV:1 EDGEPORT:9998 TS:2.256 SPD:20.200 HDG:1.300 PX:104.500 PY:-50.000 LAN:5 BRK:0 RX_X:0.000 RX_Y:0.000 RX_Z:0.000
[ZONE-ROUTE] CID:19 zone=1 edge_port=9998
[EDGE-RTT] CID:19 wall=1.3 ms  sim_delay=10.0 ms
>>> [UAV->CLOUD] BLK:efaa|TX:7.0.0.23|CID:19|TS:2.256|SPD:20.2|HDG:1.3|PX:104.5|PY:-50.0|...
✓ [CAR 12] ACT=OK REP=0.655 RWD=0.996 PNL=0.000 CREDIT=0
✓ [CAR 15] ACT=OK REP=0.807 RWD=0.996 PNL=0.000 CREDIT=0
✓ [CAR 19] ACT=OK REP=0.645 RWD=0.996 PNL=0.000 CREDIT=0
[PASSIVE-BEACON] SIMNOW:2.337 CID:6 ZONE:1 RXUAV:1 EDGEPORT:9998 TS:2.322 SPD:19.600 HDG:0.700 PX:66.400 PY:-20.000 LAN:2 BRK:0 RX_X:0.000 RX_Y:0.000 RX_Z:0.000
[ZONE-ROUTE] CID:6 zone=1 edge_port=9998
[EDGE-RTT] CID:6 wall=1.4 ms  sim_delay=10.0 ms
>>> [UAV->CLOUD] BLK:71bb|TX:7.0.0.10|CID:6|TS:2.322|SPD:19.6|HDG:0.7|PX:66.4|PY:-20.0|LA...
✓ [CAR 6] ACT=OK REP=0.782 RWD=0.996 PNL=0.000 CREDIT=0
[PASSIVE-BEACON] SIMNOW:2.424 CID:0 ZONE:1 RXUAV:1 EDGEPORT:9998 TS:2.410 SPD:20.100 HDG:0.100 PX:48.300 PY:-10.000 LAN:1 BRK:0 RX_X:0.000 RX_Y:0.000 RX_Z:0.000
[ZONE-ROUTE] CID:0 zone=1 edge_port=9998
[EDGE-RTT] CID:0 wall=1.4 ms  sim_delay=10.0 ms
>>> [UAV->CLOUD] BLK:86a4|TX:7.0.0.4|CID:0|TS:2.410|SPD:20.1|HDG:0.1|PX:48.3|PY:-10.0|LAN...
[PASSIVE-BEACON] SIMNOW:2.426 CID:11 ZONE:1 RXUAV:1 EDGEPORT:9998 TS:2.414 SPD:19.900 HDG:0.500 PX:88.000 PY:-20.000 LAN:2 BRK:0 RX_X:0.000 RX_Y:0.000 RX_Z:0.000
[ZONE-ROUTE] CID:11 zone=1 edge_port=9998
[EDGE-RTT] CID:11 wall=1.2 ms  sim_delay=10.0 ms
>>> [UAV->CLOUD] BLK:4b28|TX:7.0.0.15|CID:11|TS:2.414|SPD:19.9|HDG:0.5|PX:88.0|PY:-20.0|L...
✓ [CAR 0] ACT=OK REP=0.778 RWD=0.996 PNL=0.000 CREDIT=0
✓ [CAR 11] ACT=OK REP=0.852 RWD=0.996 PNL=0.000 CREDIT=0
[PASSIVE-BEACON] SIMNOW:2.470 CID:17 ZONE:1 RXUAV:1 EDGEPORT:9998 TS:2.456 SPD:20.500 HDG:0.300 PX:109.400 PY:-30.000 LAN:3 BRK:1 RX_X:0.000 RX_Y:0.000 RX_Z:0.000
[ZONE-ROUTE] CID:17 zone=1 edge_port=9998
[EDGE-RTT] CID:17 wall=1.3 ms  sim_delay=10.0 ms
>>> [UAV->CLOUD] BLK:f96a|TX:7.0.0.21|CID:17|TS:2.456|SPD:20.5|HDG:0.3|PX:109.4|PY:-30.0|...
✓ [CAR 17] ACT=OK REP=0.629 RWD=0.996 PNL=0.000 CREDIT=0
[PASSIVE-BEACON] SIMNOW:2.566 CID:8 ZONE:1 RXUAV:1 EDGEPORT:9998 TS:2.552 SPD:20.000 HDG:0.400 PX:70.500 PY:-40.000 LAN:4 BRK:0 RX_X:0.000 RX_Y:0.000 RX_Z:0.000
[ZONE-ROUTE] CID:8 zone=1 edge_port=9998
[EDGE-RTT] CID:8 wall=1.6 ms  sim_delay=10.0 ms
>>> [UAV->CLOUD] BLK:1242|TX:7.0.0.12|CID:8|TS:2.552|SPD:20.0|HDG:0.4|PX:70.5|PY:-40.0|LA...
[PASSIVE-BEACON] SIMNOW:2.578 CID:10 ZONE:1 RXUAV:1 EDGEPORT:9998 TS:2.564 SPD:20.200 HDG:-0.800 PX:91.100 PY:-10.000 LAN:1 BRK:0 RX_X:0.000 RX_Y:0.000 RX_Z:0.000
[ZONE-ROUTE] CID:10 zone=1 edge_port=9998
[EDGE-RTT] CID:10 wall=1.4 ms  sim_delay=10.0 ms
>>> [UAV->CLOUD] BLK:f40d|TX:7.0.0.14|CID:10|TS:2.564|SPD:20.2|HDG:-0.8|PX:91.1|PY:-10.0|...
✓ [CAR 8] ACT=OK REP=0.745 RWD=0.996 PNL=0.000 CREDIT=0
[PASSIVE-BEACON] SIMNOW:2.583 CID:2 ZONE:1 RXUAV:1 EDGEPORT:9998 TS:2.570 SPD:20.400 HDG:-0.100 PX:51.800 PY:-30.000 LAN:3 BRK:0 RX_X:0.000 RX_Y:0.000 RX_Z:0.000
[ZONE-ROUTE] CID:2 zone=1 edge_port=9998
[EDGE-RTT] CID:2 wall=1.1 ms  sim_delay=10.0 ms
>>> [UAV->CLOUD] BLK:a0bc|TX:7.0.0.6|CID:2|TS:2.570|SPD:20.4|HDG:-0.1|PX:51.8|PY:-30.0|LA...
✓ [CAR 10] ACT=OK REP=0.856 RWD=1.000 PNL=0.000 CREDIT=1
✓ [CAR 2] ACT=OK REP=0.729 RWD=1.000 PNL=0.000 CREDIT=1
[PASSIVE-BEACON] SIMNOW:2.614 CID:4 ZONE:1 RXUAV:1 EDGEPORT:9998 TS:2.600 SPD:20.200 HDG:-1.800 PX:52.100 PY:-50.000 LAN:5 BRK:0 RX_X:0.000 RX_Y:0.000 RX_Z:0.000
[ZONE-ROUTE] CID:4 zone=1 edge_port=9998
[EDGE-RTT] CID:4 wall=1.2 ms  sim_delay=10.0 ms
>>> [UAV->CLOUD] BLK:27a6|TX:7.0.0.8|CID:4|TS:2.600|SPD:20.2|HDG:-1.8|PX:52.1|PY:-50.0|LA...
✓ [CAR 4] ACT=OK REP=0.687 RWD=1.000 PNL=0.000 CREDIT=1
[PASSIVE-BEACON] SIMNOW:2.636 CID:9 ZONE:1 RXUAV:1 EDGEPORT:9998 TS:2.622 SPD:20.000 HDG:1.000 PX:72.100 PY:-50.000 LAN:5 BRK:0 RX_X:0.000 RX_Y:0.000 RX_Z:0.000
[ZONE-ROUTE] CID:9 zone=1 edge_port=9998
[EDGE-RTT] CID:9 wall=1.2 ms  sim_delay=10.0 ms
>>> [UAV->CLOUD] BLK:8102|TX:7.0.0.13|CID:9|TS:2.622|SPD:20.0|HDG:1.0|PX:72.1|PY:-50.0|LA...
✓ [CAR 9] ACT=OK REP=0.459 RWD=0.996 PNL=0.000 CREDIT=0
[PASSIVE-BEACON] SIMNOW:2.656 CID:5 ZONE:1 RXUAV:1 EDGEPORT:9998 TS:2.642 SPD:19.600 HDG:0.500 PX:72.700 PY:-10.000 LAN:1 BRK:1 RX_X:0.000 RX_Y:0.000 RX_Z:0.000
[ZONE-ROUTE] CID:5 zone=1 edge_port=9998
[EDGE-RTT] CID:5 wall=1.4 ms  sim_delay=10.0 ms
>>> [UAV->CLOUD] BLK:a937|TX:7.0.0.9|CID:5|TS:2.642|SPD:19.6|HDG:0.5|PX:72.7|PY:-10.0|LAN...
[PASSIVE-BEACON] SIMNOW:2.660 CID:18 ZONE:1 RXUAV:1 EDGEPORT:9998 TS:2.646 SPD:20.200 HDG:-1.000 PX:113.500 PY:-40.000 LAN:4 BRK:1 RX_X:0.000 RX_Y:0.000 RX_Z:0.000
[ZONE-ROUTE] CID:18 zone=1 edge_port=9998
[EDGE-RTT] CID:18 wall=1.7 ms  sim_delay=10.0 ms
>>> [UAV->CLOUD] BLK:dc22|TX:7.0.0.22|CID:18|TS:2.646|SPD:20.2|HDG:-1.0|PX:113.5|PY:-40.0...
✓ [CAR 5] ACT=OK REP=0.599 RWD=0.996 PNL=0.000 CREDIT=0
✓ [CAR 18] ACT=OK REP=0.769 RWD=0.996 PNL=0.000 CREDIT=0
[PASSIVE-BEACON] SIMNOW:2.706 CID:7 ZONE:1 RXUAV:1 EDGEPORT:9998 TS:2.692 SPD:20.400 HDG:-1.600 PX:74.300 PY:-30.000 LAN:3 BRK:0 RX_X:0.000 RX_Y:0.000 RX_Z:0.000
[ZONE-ROUTE] CID:7 zone=1 edge_port=9998
[EDGE-RTT] CID:7 wall=1.3 ms  sim_delay=10.0 ms
>>> [UAV->CLOUD] BLK:8d8d|TX:7.0.0.11|CID:7|TS:2.692|SPD:20.4|HDG:-1.6|PX:74.3|PY:-30.0|L...
✓ [CAR 7] ACT=OK REP=0.739 RWD=0.996 PNL=0.000 CREDIT=0
[PASSIVE-BEACON] SIMNOW:2.734 CID:1 ZONE:1 RXUAV:1 EDGEPORT:9998 TS:2.720 SPD:19.800 HDG:-1.800 PX:53.800 PY:-20.000 LAN:2 BRK:0 RX_X:0.000 RX_Y:0.000 RX_Z:0.000
[ZONE-ROUTE] CID:1 zone=1 edge_port=9998
[EDGE-RTT] CID:1 wall=1.3 ms  sim_delay=10.0 ms
>>> [UAV->CLOUD] BLK:2624|TX:7.0.0.5|CID:1|TS:2.720|SPD:19.8|HDG:-1.8|PX:53.8|PY:-20.0|LA...
✓ [CAR 1] ACT=OK REP=0.705 RWD=1.000 PNL=0.000 CREDIT=1
[PASSIVE-BEACON] SIMNOW:2.758 CID:12 ZONE:1 RXUAV:1 EDGEPORT:9998 TS:2.744 SPD:19.900 HDG:-0.900 PX:94.300 PY:-30.000 LAN:3 BRK:0 RX_X:0.000 RX_Y:0.000 RX_Z:0.000
[ZONE-ROUTE] CID:12 zone=1 edge_port=9998
[EDGE-RTT] CID:12 wall=1.3 ms  sim_delay=10.0 ms
>>> [UAV->CLOUD] BLK:99e1|TX:7.0.0.16|CID:12|TS:2.744|SPD:19.9|HDG:-0.9|PX:94.3|PY:-30.0|...
[PASSIVE-BEACON] SIMNOW:2.760 CID:15 ZONE:1 RXUAV:1 EDGEPORT:9998 TS:2.746 SPD:19.500 HDG:-1.700 PX:115.100 PY:-10.000 LAN:1 BRK:1 RX_X:0.000 RX_Y:0.000 RX_Z:0.000
[ZONE-ROUTE] CID:15 zone=1 edge_port=9998
[EDGE-RTT] CID:15 wall=0.9 ms  sim_delay=10.0 ms
>>> [UAV->CLOUD] BLK:de15|TX:7.0.0.19|CID:15|TS:2.746|SPD:19.5|HDG:-1.7|PX:115.1|PY:-10.0...
[PASSIVE-BEACON] SIMNOW:2.770 CID:19 ZONE:1 RXUAV:1 EDGEPORT:9998 TS:2.756 SPD:19.600 HDG:-0.200 PX:115.700 PY:-50.000 LAN:5 BRK:0 RX_X:0.000 RX_Y:0.000 RX_Z:0.000
[ZONE-ROUTE] CID:19 zone=1 edge_port=9998
[EDGE-RTT] CID:19 wall=1.1 ms  sim_delay=10.0 ms
>>> [UAV->CLOUD] BLK:102a|TX:7.0.0.23|CID:19|TS:2.756|SPD:19.6|HDG:-0.2|PX:115.7|PY:-50.0...
✓ [CAR 12] ACT=OK REP=0.837 RWD=1.000 PNL=0.000 CREDIT=1
✓ [CAR 15] ACT=OK REP=0.575 RWD=1.000 PNL=0.000 CREDIT=1
✓ [CAR 19] ACT=OK REP=0.729 RWD=1.000 PNL=0.000 CREDIT=1
[PASSIVE-BEACON] SIMNOW:2.800 CID:16 ZONE:1 RXUAV:1 EDGEPORT:9998 TS:2.786 SPD:20.400 HDG:-0.300 PX:116.000 PY:-20.000 LAN:2 BRK:0 RX_X:0.000 RX_Y:0.000 RX_Z:0.000
[ZONE-ROUTE] CID:16 zone=1 edge_port=9998
[EDGE-RTT] CID:16 wall=1.3 ms  sim_delay=10.0 ms
>>> [UAV->CLOUD] BLK:3b83|TX:7.0.0.20|CID:16|TS:2.786|SPD:20.4|HDG:-0.3|PX:116.0|PY:-20.0...
✓ [CAR 16] ACT=OK REP=0.660 RWD=0.996 PNL=0.000 CREDIT=0
[PASSIVE-BEACON] SIMNOW:2.824 CID:3 ZONE:1 RXUAV:1 EDGEPORT:9998 TS:2.810 SPD:19.900 HDG:-1.600 PX:55.800 PY:-40.000 LAN:4 BRK:0 RX_X:0.000 RX_Y:0.000 RX_Z:0.000
[ZONE-ROUTE] CID:3 zone=1 edge_port=9998
[EDGE-RTT] CID:3 wall=1.3 ms  sim_delay=10.0 ms
>>> [UAV->CLOUD] BLK:8477|TX:7.0.0.7|CID:3|TS:2.810|SPD:19.9|HDG:-1.6|PX:55.8|PY:-40.0|LA...
[PASSIVE-BEACON] SIMNOW:2.836 CID:6 ZONE:1 RXUAV:1 EDGEPORT:9998 TS:2.822 SPD:20.300 HDG:-1.100 PX:76.000 PY:-20.000 LAN:2 BRK:0 RX_X:0.000 RX_Y:0.000 RX_Z:0.000
[ZONE-ROUTE] CID:6 zone=1 edge_port=9998
[EDGE-RTT] CID:6 wall=1.2 ms  sim_delay=10.0 ms
>>> [UAV->CLOUD] BLK:4e54|TX:7.0.0.10|CID:6|TS:2.822|SPD:20.3|HDG:-1.1|PX:76.0|PY:-20.0|L...
✓ [CAR 3] ACT=OK REP=0.739 RWD=0.996 PNL=0.000 CREDIT=0
[PASSIVE-BEACON] SIMNOW:2.848 CID:14 ZONE:1 RXUAV:1 EDGEPORT:9998 TS:2.834 SPD:19.700 HDG:1.500 PX:97.100 PY:-50.000 LAN:5 BRK:0 RX_X:0.000 RX_Y:0.000 RX_Z:0.000
[ZONE-ROUTE] CID:14 zone=1 edge_port=9998
[EDGE-RTT] CID:14 wall=1.4 ms  sim_delay=10.0 ms
>>> [UAV->CLOUD] BLK:5fa1|TX:7.0.0.18|CID:14|TS:2.834|SPD:19.7|HDG:1.5|PX:97.1|PY:-50.0|L...
✓ [CAR 6] ACT=OK REP=0.707 RWD=1.000 PNL=0.000 CREDIT=1
✓ [CAR 14] ACT=OK REP=0.786 RWD=0.996 PNL=0.000 CREDIT=0
[PASSIVE-BEACON] SIMNOW:2.924 CID:0 ZONE:1 RXUAV:1 EDGEPORT:9998 TS:2.910 SPD:20.000 HDG:1.400 PX:58.200 PY:-10.000 LAN:1 BRK:1 RX_X:0.000 RX_Y:0.000 RX_Z:0.000
[ZONE-ROUTE] CID:0 zone=1 edge_port=9998
[EDGE-RTT] CID:0 wall=1.4 ms  sim_delay=10.0 ms
>>> [UAV->CLOUD] BLK:d4c8|TX:7.0.0.4|CID:0|TS:2.910|SPD:20.0|HDG:1.4|PX:58.2|PY:-10.0|LAN...
[PASSIVE-BEACON] SIMNOW:2.928 CID:11 ZONE:1 RXUAV:1 EDGEPORT:9998 TS:2.914 SPD:19.800 HDG:-0.600 PX:98.000 PY:-20.000 LAN:2 BRK:0 RX_X:0.000 RX_Y:0.000 RX_Z:0.000
[ZONE-ROUTE] CID:11 zone=1 edge_port=9998
[EDGE-RTT] CID:11 wall=1.4 ms  sim_delay=10.0 ms
>>> [UAV->CLOUD] BLK:0939|TX:7.0.0.15|CID:11|TS:2.914|SPD:19.8|HDG:-0.6|PX:98.0|PY:-20.0|...
✓ [CAR 0] ACT=OK REP=1.000 RWD=1.000 PNL=0.000 CREDIT=1
✓ [CAR 11] ACT=OK REP=0.666 RWD=1.000 PNL=0.000 CREDIT=1
[PASSIVE-BEACON] SIMNOW:2.968 CID:13 ZONE:1 RXUAV:1 EDGEPORT:9998 TS:2.954 SPD:19.600 HDG:1.300 PX:99.600 PY:-40.000 LAN:4 BRK:0 RX_X:0.000 RX_Y:0.000 RX_Z:0.000
[ZONE-ROUTE] CID:13 zone=1 edge_port=9998
[EDGE-RTT] CID:13 wall=1.4 ms  sim_delay=10.0 ms
>>> [UAV->CLOUD] BLK:ff4c|TX:7.0.0.17|CID:13|TS:2.954|SPD:19.6|HDG:1.3|PX:99.6|PY:-40.0|L...
[PASSIVE-BEACON] SIMNOW:2.971 CID:17 ZONE:1 RXUAV:1 EDGEPORT:9998 TS:2.956 SPD:19.600 HDG:-1.400 PX:119.200 PY:-30.000 LAN:3 BRK:1 RX_X:0.000 RX_Y:0.000 RX_Z:0.000
[ZONE-ROUTE] CID:17 zone=1 edge_port=9998
[EDGE-RTT] CID:17 wall=1.1 ms  sim_delay=10.0 ms
>>> [UAV->CLOUD] BLK:27fe|TX:7.0.0.21|CID:17|TS:2.956|SPD:19.6|HDG:-1.4|PX:119.2|PY:-30.0...
✓ [CAR 13] ACT=OK REP=0.622 RWD=0.996 PNL=0.000 CREDIT=0
✓ [CAR 17] ACT=OK REP=0.595 RWD=1.000 PNL=0.000 CREDIT=1
[PASSIVE-BEACON] SIMNOW:3.066 CID:8 ZONE:1 RXUAV:1 EDGEPORT:9998 TS:3.052 SPD:19.900 HDG:0.800 PX:80.600 PY:-40.000 LAN:4 BRK:1 RX_X:0.000 RX_Y:0.000 RX_Z:0.000
[ZONE-ROUTE] CID:8 zone=1 edge_port=9998
[EDGE-RTT] CID:8 wall=1.2 ms  sim_delay=10.0 ms
>>> [UAV->CLOUD] BLK:25bb|TX:7.0.0.12|CID:8|TS:3.052|SPD:19.9|HDG:0.8|PX:80.6|PY:-40.0|LA...
[PASSIVE-BEACON] SIMNOW:3.078 CID:10 ZONE:1 RXUAV:1 EDGEPORT:9998 TS:3.064 SPD:19.500 HDG:0.300 PX:100.800 PY:-10.000 LAN:1 BRK:0 RX_X:0.000 RX_Y:0.000 RX_Z:0.000
[ZONE-ROUTE] CID:10 zone=1 edge_port=9998
[EDGE-RTT] CID:10 wall=1.3 ms  sim_delay=10.0 ms
>>> [UAV->CLOUD] BLK:87bf|TX:7.0.0.14|CID:10|TS:3.064|SPD:19.5|HDG:0.3|PX:100.8|PY:-10.0|...
✓ [CAR 8] ACT=OK REP=0.595 RWD=1.000 PNL=0.000 CREDIT=1
[PASSIVE-BEACON] SIMNOW:3.084 CID:2 ZONE:1 RXUAV:1 EDGEPORT:9998 TS:3.070 SPD:19.700 HDG:1.400 PX:61.000 PY:-30.000 LAN:3 BRK:0 RX_X:0.000 RX_Y:0.000 RX_Z:0.000
[ZONE-ROUTE] CID:2 zone=1 edge_port=9998
[EDGE-RTT] CID:2 wall=1.3 ms  sim_delay=10.0 ms
>>> [UAV->CLOUD] BLK:b542|TX:7.0.0.6|CID:2|TS:3.070|SPD:19.7|HDG:1.4|PX:61.0|PY:-30.0|LAN...
✓ [CAR 10] ACT=OK REP=0.746 RWD=1.000 PNL=0.000 CREDIT=2
✓ [CAR 2] ACT=OK REP=0.737 RWD=1.000 PNL=0.000 CREDIT=2
[PASSIVE-BEACON] SIMNOW:3.114 CID:4 ZONE:1 RXUAV:1 EDGEPORT:9998 TS:3.100 SPD:20.300 HDG:-0.700 PX:62.400 PY:-50.000 LAN:5 BRK:0 RX_X:0.000 RX_Y:0.000 RX_Z:0.000
[ZONE-ROUTE] CID:4 zone=1 edge_port=9998
[EDGE-RTT] CID:4 wall=1.3 ms  sim_delay=10.0 ms
>>> [UAV->CLOUD] BLK:e52c|TX:7.0.0.8|CID:4|TS:3.100|SPD:20.3|HDG:-0.7|PX:62.4|PY:-50.0|LA...
✓ [CAR 4] ACT=OK REP=0.369 RWD=0.997 PNL=0.000 CREDIT=2
[PASSIVE-BEACON] SIMNOW:3.136 CID:9 ZONE:1 RXUAV:1 EDGEPORT:9998 TS:3.122 SPD:19.900 HDG:0.100 PX:82.200 PY:-50.000 LAN:5 BRK:1 RX_X:0.000 RX_Y:0.000 RX_Z:0.000
[ZONE-ROUTE] CID:9 zone=1 edge_port=9998
[EDGE-RTT] CID:9 wall=1.2 ms  sim_delay=10.0 ms
>>> [UAV->CLOUD] BLK:1d35|TX:7.0.0.13|CID:9|TS:3.122|SPD:19.9|HDG:0.1|PX:82.2|PY:-50.0|LA...
✓ [CAR 9] ACT=OK REP=0.612 RWD=1.000 PNL=0.000 CREDIT=1
[PASSIVE-BEACON] SIMNOW:3.157 CID:5 ZONE:1 RXUAV:1 EDGEPORT:9998 TS:3.142 SPD:20.300 HDG:1.500 PX:83.400 PY:-10.000 LAN:1 BRK:0 RX_X:0.000 RX_Y:0.000 RX_Z:0.000
[ZONE-ROUTE] CID:5 zone=1 edge_port=9998
[EDGE-RTT] CID:5 wall=1.0 ms  sim_delay=10.0 ms
>>> [UAV->CLOUD] BLK:9738|TX:7.0.0.9|CID:5|TS:3.142|SPD:20.3|HDG:1.5|PX:83.4|PY:-10.0|LAN...
[PASSIVE-BEACON] SIMNOW:3.160 CID:18 ZONE:1 RXUAV:1 EDGEPORT:9998 TS:3.146 SPD:19.600 HDG:-1.100 PX:122.300 PY:-40.000 LAN:4 BRK:0 RX_X:0.000 RX_Y:0.000 RX_Z:0.000
[ZONE-ROUTE] CID:18 zone=1 edge_port=9998
[EDGE-RTT] CID:18 wall=1.0 ms  sim_delay=10.0 ms
>>> [UAV->CLOUD] BLK:f4f1|TX:7.0.0.22|CID:18|TS:3.146|SPD:19.6|HDG:-1.1|PX:122.3|PY:-40.0...
✓ [CAR 5] ACT=OK REP=0.728 RWD=1.000 PNL=0.000 CREDIT=1
✓ [CAR 18] ACT=OK REP=0.894 RWD=1.000 PNL=0.000 CREDIT=1
[PASSIVE-BEACON] SIMNOW:3.206 CID:7 ZONE:1 RXUAV:1 EDGEPORT:9998 TS:3.192 SPD:20.100 HDG:-0.500 PX:83.600 PY:-30.000 LAN:3 BRK:0 RX_X:0.000 RX_Y:0.000 RX_Z:0.000
[ZONE-ROUTE] CID:7 zone=1 edge_port=9998
[EDGE-RTT] CID:7 wall=1.3 ms  sim_delay=10.0 ms
>>> [UAV->CLOUD] BLK:8dda|TX:7.0.0.11|CID:7|TS:3.192|SPD:20.1|HDG:-0.5|PX:83.6|PY:-30.0|L...
✓ [CAR 7] ACT=OK REP=0.415 RWD=1.000 PNL=0.000 CREDIT=1
[PASSIVE-BEACON] SIMNOW:3.232 CID:1 ZONE:1 RXUAV:1 EDGEPORT:9998 TS:3.220 SPD:20.000 HDG:0.200 PX:64.200 PY:-20.000 LAN:2 BRK:0 RX_X:0.000 RX_Y:0.000 RX_Z:0.000
[ZONE-ROUTE] CID:1 zone=1 edge_port=9998
[EDGE-RTT] CID:1 wall=1.4 ms  sim_delay=10.0 ms
>>> [UAV->CLOUD] BLK:901d|TX:7.0.0.5|CID:1|TS:3.220|SPD:20.0|HDG:0.2|PX:64.2|PY:-20.0|LAN...
✓ [CAR 1] ACT=OK REP=0.644 RWD=1.000 PNL=0.000 CREDIT=2
[PASSIVE-BEACON] SIMNOW:3.258 CID:12 ZONE:1 RXUAV:1 EDGEPORT:9998 TS:3.244 SPD:19.700 HDG:-1.000 PX:104.800 PY:-30.000 LAN:3 BRK:0 RX_X:0.000 RX_Y:0.000 RX_Z:0.000
[ZONE-ROUTE] CID:12 zone=1 edge_port=9998
[EDGE-RTT] CID:12 wall=1.2 ms  sim_delay=10.0 ms
>>> [UAV->CLOUD] BLK:ba6b|TX:7.0.0.16|CID:12|TS:3.244|SPD:19.7|HDG:-1.0|PX:104.8|PY:-30.0...
[PASSIVE-BEACON] SIMNOW:3.260 CID:15 ZONE:1 RXUAV:1 EDGEPORT:9998 TS:3.246 SPD:20.100 HDG:1.000 PX:124.600 PY:-10.000 LAN:1 BRK:0 RX_X:0.000 RX_Y:0.000 RX_Z:0.000
[ZONE-ROUTE] CID:15 zone=1 edge_port=9998
[EDGE-RTT] CID:15 wall=0.5 ms  sim_delay=10.0 ms
>>> [UAV->CLOUD] BLK:b1f2|TX:7.0.0.19|CID:15|TS:3.246|SPD:20.1|HDG:1.0|PX:124.6|PY:-10.0|...
[PASSIVE-BEACON] SIMNOW:3.270 CID:19 ZONE:1 RXUAV:1 EDGEPORT:9998 TS:3.256 SPD:19.600 HDG:-1.000 PX:125.800 PY:-50.000 LAN:5 BRK:0 RX_X:0.000 RX_Y:0.000 RX_Z:0.000
[ZONE-ROUTE] CID:19 zone=1 edge_port=9998
[EDGE-RTT] CID:19 wall=1.2 ms  sim_delay=10.0 ms
>>> [UAV->CLOUD] BLK:935f|TX:7.0.0.23|CID:19|TS:3.256|SPD:19.6|HDG:-1.0|PX:125.8|PY:-50.0...
✓ [CAR 12] ACT=OK REP=0.569 RWD=0.997 PNL=0.000 CREDIT=2
✓ [CAR 15] ACT=OK REP=0.667 RWD=1.000 PNL=0.000 CREDIT=2
✓ [CAR 19] ACT=OK REP=0.780 RWD=1.000 PNL=0.000 CREDIT=2
[PASSIVE-BEACON] SIMNOW:3.299 CID:16 ZONE:1 RXUAV:1 EDGEPORT:9998 TS:3.286 SPD:20.000 HDG:-0.600 PX:126.100 PY:-20.000 LAN:2 BRK:0 RX_X:0.000 RX_Y:0.000 RX_Z:0.000
[ZONE-ROUTE] CID:16 zone=1 edge_port=9998
[EDGE-RTT] CID:16 wall=1.1 ms  sim_delay=10.0 ms
>>> [UAV->CLOUD] BLK:6b14|TX:7.0.0.20|CID:16|TS:3.286|SPD:20.0|HDG:-0.6|PX:126.1|PY:-20.0...
✓ [CAR 16] ACT=OK REP=0.655 RWD=1.000 PNL=0.000 CREDIT=1
[PASSIVE-BEACON] SIMNOW:3.322 CID:3 ZONE:1 RXUAV:1 EDGEPORT:9998 TS:3.310 SPD:19.600 HDG:0.400 PX:66.200 PY:-40.000 LAN:4 BRK:0 RX_X:0.000 RX_Y:0.000 RX_Z:0.000
[ZONE-ROUTE] CID:3 zone=1 edge_port=9998
[EDGE-RTT] CID:3 wall=1.0 ms  sim_delay=10.0 ms
>>> [UAV->CLOUD] BLK:3f1c|TX:7.0.0.7|CID:3|TS:3.310|SPD:19.6|HDG:0.4|PX:66.2|PY:-40.0|LAN...
✓ [CAR 3] ACT=OK REP=0.915 RWD=1.000 PNL=0.000 CREDIT=1
[PASSIVE-BEACON] SIMNOW:3.336 CID:6 ZONE:1 RXUAV:1 EDGEPORT:9998 TS:3.322 SPD:19.700 HDG:1.600 PX:85.900 PY:-20.000 LAN:2 BRK:0 RX_X:0.000 RX_Y:0.000 RX_Z:0.000
[ZONE-ROUTE] CID:6 zone=1 edge_port=9998
[EDGE-RTT] CID:6 wall=0.9 ms  sim_delay=10.0 ms
>>> [UAV->CLOUD] BLK:5965|TX:7.0.0.10|CID:6|TS:3.322|SPD:19.7|HDG:1.6|PX:85.9|PY:-20.0|LA...
[PASSIVE-BEACON] SIMNOW:3.348 CID:14 ZONE:1 RXUAV:1 EDGEPORT:9998 TS:3.334 SPD:19.600 HDG:1.300 PX:107.200 PY:-50.000 LAN:5 BRK:0 RX_X:0.000 RX_Y:0.000 RX_Z:0.000
[ZONE-ROUTE] CID:14 zone=1 edge_port=9998
[EDGE-RTT] CID:14 wall=1.3 ms  sim_delay=10.0 ms
>>> [UAV->CLOUD] BLK:eac2|TX:7.0.0.18|CID:14|TS:3.334|SPD:19.6|HDG:1.3|PX:107.2|PY:-50.0|...
✓ [CAR 6] ACT=OK REP=0.705 RWD=1.000 PNL=0.000 CREDIT=2
✓ [CAR 14] ACT=OK REP=0.781 RWD=1.000 PNL=0.000 CREDIT=1
[PASSIVE-BEACON] SIMNOW:3.424 CID:0 ZONE:1 RXUAV:1 EDGEPORT:9998 TS:3.410 SPD:20.100 HDG:-0.300 PX:68.000 PY:-10.000 LAN:1 BRK:0 RX_X:0.000 RX_Y:0.000 RX_Z:0.000
[ZONE-ROUTE] CID:0 zone=1 edge_port=9998
[EDGE-RTT] CID:0 wall=1.2 ms  sim_delay=10.0 ms
>>> [UAV->CLOUD] BLK:a6d3|TX:7.0.0.4|CID:0|TS:3.410|SPD:20.1|HDG:-0.3|PX:68.0|PY:-10.0|LA...
[PASSIVE-BEACON] SIMNOW:3.428 CID:11 ZONE:1 RXUAV:1 EDGEPORT:9998 TS:3.414 SPD:19.500 HDG:0.200 PX:108.500 PY:-20.000 LAN:2 BRK:1 RX_X:0.000 RX_Y:0.000 RX_Z:0.000
[ZONE-ROUTE] CID:11 zone=1 edge_port=9998
[EDGE-RTT] CID:11 wall=1.0 ms  sim_delay=10.0 ms
>>> [UAV->CLOUD] BLK:8e5d|TX:7.0.0.15|CID:11|TS:3.414|SPD:19.5|HDG:0.2|PX:108.5|PY:-20.0|...
✓ [CAR 0] ACT=OK REP=0.702 RWD=1.000 PNL=0.000 CREDIT=2
✓ [CAR 11] ACT=OK REP=0.947 RWD=0.997 PNL=0.000 CREDIT=2
[PASSIVE-BEACON] SIMNOW:3.468 CID:13 ZONE:1 RXUAV:1 EDGEPORT:9998 TS:3.454 SPD:20.200 HDG:0.900 PX:109.400 PY:-40.000 LAN:4 BRK:0 RX_X:0.000 RX_Y:0.000 RX_Z:0.000
[ZONE-ROUTE] CID:13 zone=1 edge_port=9998
[EDGE-RTT] CID:13 wall=1.3 ms  sim_delay=10.0 ms
>>> [UAV->CLOUD] BLK:91e9|TX:7.0.0.17|CID:13|TS:3.454|SPD:20.2|HDG:0.9|PX:109.4|PY:-40.0|...
[PASSIVE-BEACON] SIMNOW:3.470 CID:17 ZONE:1 RXUAV:1 EDGEPORT:9998 TS:3.456 SPD:19.600 HDG:1.300 PX:129.100 PY:-30.000 LAN:3 BRK:0 RX_X:0.000 RX_Y:0.000 RX_Z:0.000
[ZONE-ROUTE] CID:17 zone=1 edge_port=9998
[EDGE-RTT] CID:17 wall=1.3 ms  sim_delay=10.0 ms
>>> [UAV->CLOUD] BLK:b041|TX:7.0.0.21|CID:17|TS:3.456|SPD:19.6|HDG:1.3|PX:129.1|PY:-30.0|...
✓ [CAR 13] ACT=OK REP=0.911 RWD=1.000 PNL=0.000 CREDIT=1
✓ [CAR 17] ACT=OK REP=0.731 RWD=1.000 PNL=0.000 CREDIT=2
[PASSIVE-BEACON] SIMNOW:3.566 CID:8 ZONE:1 RXUAV:1 EDGEPORT:9998 TS:3.552 SPD:19.700 HDG:1.400 PX:91.300 PY:-40.000 LAN:4 BRK:0 RX_X:0.000 RX_Y:0.000 RX_Z:0.000
[ZONE-ROUTE] CID:8 zone=1 edge_port=9998
[EDGE-RTT] CID:8 wall=1.3 ms  sim_delay=10.0 ms
>>> [UAV->CLOUD] BLK:ff83|TX:7.0.0.12|CID:8|TS:3.552|SPD:19.7|HDG:1.4|PX:91.3|PY:-40.0|LA...
[PASSIVE-BEACON] SIMNOW:3.578 CID:10 ZONE:1 RXUAV:1 EDGEPORT:9998 TS:3.564 SPD:20.300 HDG:-1.800 PX:111.800 PY:-10.000 LAN:1 BRK:0 RX_X:0.000 RX_Y:0.000 RX_Z:0.000
[ZONE-ROUTE] CID:10 zone=1 edge_port=9998
[EDGE-RTT] CID:10 wall=1.1 ms  sim_delay=10.0 ms
>>> [UAV->CLOUD] BLK:9556|TX:7.0.0.14|CID:10|TS:3.564|SPD:20.3|HDG:-1.8|PX:111.8|PY:-10.0...
✓ [CAR 8] ACT=OK REP=0.633 RWD=0.997 PNL=0.000 CREDIT=2
[PASSIVE-BEACON] SIMNOW:3.584 CID:2 ZONE:1 RXUAV:1 EDGEPORT:9998 TS:3.570 SPD:19.900 HDG:-1.000 PX:71.200 PY:-30.000 LAN:3 BRK:0 RX_X:0.000 RX_Y:0.000 RX_Z:0.000
[ZONE-ROUTE] CID:2 zone=1 edge_port=9998
[EDGE-RTT] CID:2 wall=1.1 ms  sim_delay=10.0 ms
>>> [UAV->CLOUD] BLK:8815|TX:7.0.0.6|CID:2|TS:3.570|SPD:19.9|HDG:-1.0|PX:71.2|PY:-30.0|LA...
✓ [CAR 10] ACT=OK REP=0.883 RWD=1.000 PNL=0.000 CREDIT=3
✓ [CAR 2] ACT=OK REP=1.000 RWD=1.000 PNL=0.000 CREDIT=3
[PASSIVE-BEACON] SIMNOW:3.613 CID:4 ZONE:1 RXUAV:1 EDGEPORT:9998 TS:3.600 SPD:20.200 HDG:1.300 PX:72.600 PY:-50.000 LAN:5 BRK:0 RX_X:0.000 RX_Y:0.000 RX_Z:0.000
[ZONE-ROUTE] CID:4 zone=1 edge_port=9998
[EDGE-RTT] CID:4 wall=1.2 ms  sim_delay=10.0 ms
>>> [UAV->CLOUD] BLK:8c75|TX:7.0.0.8|CID:4|TS:3.600|SPD:20.2|HDG:1.3|PX:72.6|PY:-50.0|LAN...
✓ [CAR 4] ACT=OK REP=0.918 RWD=1.000 PNL=0.000 CREDIT=3
[PASSIVE-BEACON] SIMNOW:3.635 CID:9 ZONE:1 RXUAV:1 EDGEPORT:9998 TS:3.622 SPD:20.300 HDG:-0.700 PX:92.500 PY:-50.000 LAN:5 BRK:0 RX_X:0.000 RX_Y:0.000 RX_Z:0.000
[ZONE-ROUTE] CID:9 zone=1 edge_port=9998
[EDGE-RTT] CID:9 wall=1.0 ms  sim_delay=10.0 ms
>>> [UAV->CLOUD] BLK:bb37|TX:7.0.0.13|CID:9|TS:3.622|SPD:20.3|HDG:-0.7|PX:92.5|PY:-50.0|L...
✓ [CAR 9] ACT=OK REP=0.593 RWD=1.000 PNL=0.000 CREDIT=2
[PASSIVE-BEACON] SIMNOW:3.656 CID:5 ZONE:1 RXUAV:1 EDGEPORT:9998 TS:3.642 SPD:19.900 HDG:1.200 PX:93.100 PY:-10.000 LAN:1 BRK:0 RX_X:0.000 RX_Y:0.000 RX_Z:0.000
[ZONE-ROUTE] CID:5 zone=1 edge_port=9998
[EDGE-RTT] CID:5 wall=1.2 ms  sim_delay=10.0 ms
>>> [UAV->CLOUD] BLK:4177|TX:7.0.0.9|CID:5|TS:3.642|SPD:19.9|HDG:1.2|PX:93.1|PY:-10.0|LAN...
[PASSIVE-BEACON] SIMNOW:3.658 CID:18 ZONE:1 RXUAV:1 EDGEPORT:9998 TS:3.646 SPD:20.100 HDG:0.500 PX:133.400 PY:-40.000 LAN:4 BRK:0 RX_X:0.000 RX_Y:0.000 RX_Z:0.000
[ZONE-ROUTE] CID:18 zone=1 edge_port=9998
[EDGE-RTT] CID:18 wall=0.9 ms  sim_delay=10.0 ms
>>> [UAV->CLOUD] BLK:d99f|TX:7.0.0.22|CID:18|TS:3.646|SPD:20.1|HDG:0.5|PX:133.4|PY:-40.0|...
✓ [CAR 5] ACT=OK REP=0.811 RWD=0.997 PNL=0.000 CREDIT=2
✓ [CAR 18] ACT=OK REP=0.907 RWD=1.000 PNL=0.000 CREDIT=2
[PASSIVE-BEACON] SIMNOW:3.706 CID:7 ZONE:1 RXUAV:1 EDGEPORT:9998 TS:3.692 SPD:19.600 HDG:0.600 PX:94.400 PY:-30.000 LAN:3 BRK:0 RX_X:0.000 RX_Y:0.000 RX_Z:0.000
[ZONE-ROUTE] CID:7 zone=1 edge_port=9998
[EDGE-RTT] CID:7 wall=1.2 ms  sim_delay=10.0 ms
>>> [UAV->CLOUD] BLK:2950|TX:7.0.0.11|CID:7|TS:3.692|SPD:19.6|HDG:0.6|PX:94.4|PY:-30.0|LA...
✓ [CAR 7] ACT=OK REP=0.636 RWD=1.000 PNL=0.000 CREDIT=2
[PASSIVE-BEACON] SIMNOW:3.734 CID:1 ZONE:1 RXUAV:1 EDGEPORT:9998 TS:3.720 SPD:19.700 HDG:0.800 PX:75.000 PY:-20.000 LAN:2 BRK:0 RX_X:0.000 RX_Y:0.000 RX_Z:0.000
[ZONE-ROUTE] CID:1 zone=1 edge_port=9998
[EDGE-RTT] CID:1 wall=1.3 ms  sim_delay=10.0 ms
>>> [UAV->CLOUD] BLK:7f70|TX:7.0.0.5|CID:1|TS:3.720|SPD:19.7|HDG:0.8|PX:75.0|PY:-20.0|LAN...
✓ [CAR 1] ACT=OK REP=0.644 RWD=1.000 PNL=0.000 CREDIT=3
[PASSIVE-BEACON] SIMNOW:3.758 CID:12 ZONE:1 RXUAV:1 EDGEPORT:9998 TS:3.744 SPD:19.600 HDG:0.700 PX:115.200 PY:-30.000 LAN:3 BRK:0 RX_X:0.000 RX_Y:0.000 RX_Z:0.000
[ZONE-ROUTE] CID:12 zone=1 edge_port=9998
[EDGE-RTT] CID:12 wall=1.3 ms  sim_delay=10.0 ms
>>> [UAV->CLOUD] BLK:8ad0|TX:7.0.0.16|CID:12|TS:3.744|SPD:19.6|HDG:0.7|PX:115.2|PY:-30.0|...
[PASSIVE-BEACON] SIMNOW:3.760 CID:15 ZONE:1 RXUAV:1 EDGEPORT:9998 TS:3.746 SPD:20.000 HDG:1.300 PX:134.600 PY:-10.000 LAN:1 BRK:0 RX_X:0.000 RX_Y:0.000 RX_Z:0.000
[ZONE-ROUTE] CID:15 zone=1 edge_port=9998
[EDGE-RTT] CID:15 wall=1.2 ms  sim_delay=10.0 ms
>>> [UAV->CLOUD] BLK:8195|TX:7.0.0.19|CID:15|TS:3.746|SPD:20.0|HDG:1.3|PX:134.6|PY:-10.0|...
[PASSIVE-BEACON] SIMNOW:3.770 CID:19 ZONE:1 RXUAV:1 EDGEPORT:9998 TS:3.756 SPD:20.200 HDG:1.900 PX:135.600 PY:-50.000 LAN:5 BRK:0 RX_X:0.000 RX_Y:0.000 RX_Z:0.000
[ZONE-ROUTE] CID:19 zone=1 edge_port=9998
[EDGE-RTT] CID:19 wall=1.2 ms  sim_delay=10.0 ms
>>> [UAV->CLOUD] BLK:4fd1|TX:7.0.0.23|CID:19|TS:3.756|SPD:20.2|HDG:1.9|PX:135.6|PY:-50.0|...
✓ [CAR 12] ACT=OK REP=0.958 RWD=1.000 PNL=0.000 CREDIT=3
✓ [CAR 15] ACT=OK REP=0.710 RWD=1.000 PNL=0.000 CREDIT=3
✓ [CAR 19] ACT=OK REP=0.475 RWD=1.000 PNL=0.000 CREDIT=3
[PASSIVE-BEACON] SIMNOW:3.798 CID:16 ZONE:1 RXUAV:1 EDGEPORT:9998 TS:3.786 SPD:19.900 HDG:0.900 PX:135.200 PY:-20.000 LAN:2 BRK:0 RX_X:0.000 RX_Y:0.000 RX_Z:0.000
[ZONE-ROUTE] CID:16 zone=1 edge_port=9998
[EDGE-RTT] CID:16 wall=1.2 ms  sim_delay=10.0 ms
>>> [UAV->CLOUD] BLK:b15c|TX:7.0.0.20|CID:16|TS:3.786|SPD:19.9|HDG:0.9|PX:135.2|PY:-20.0|...
✓ [CAR 16] ACT=OK REP=0.721 RWD=1.000 PNL=0.000 CREDIT=2
[PASSIVE-BEACON] SIMNOW:3.824 CID:3 ZONE:1 RXUAV:1 EDGEPORT:9998 TS:3.810 SPD:19.700 HDG:-1.200 PX:76.400 PY:-40.000 LAN:4 BRK:1 RX_X:0.000 RX_Y:0.000 RX_Z:0.000
[ZONE-ROUTE] CID:3 zone=1 edge_port=9998
[EDGE-RTT] CID:3 wall=1.2 ms  sim_delay=10.0 ms
>>> [UAV->CLOUD] BLK:b9bf|TX:7.0.0.7|CID:3|TS:3.810|SPD:19.7|HDG:-1.2|PX:76.4|PY:-40.0|LA...
[PASSIVE-BEACON] SIMNOW:3.836 CID:6 ZONE:1 RXUAV:1 EDGEPORT:9998 TS:3.822 SPD:19.900 HDG:0.300 PX:96.700 PY:-20.000 LAN:2 BRK:0 RX_X:0.000 RX_Y:0.000 RX_Z:0.000
[ZONE-ROUTE] CID:6 zone=1 edge_port=9998
[EDGE-RTT] CID:6 wall=1.1 ms  sim_delay=10.0 ms
>>> [UAV->CLOUD] BLK:33f7|TX:7.0.0.10|CID:6|TS:3.822|SPD:19.9|HDG:0.3|PX:96.7|PY:-20.0|LA...
✓ [CAR 3] ACT=OK REP=0.883 RWD=1.000 PNL=0.000 CREDIT=2
[PASSIVE-BEACON] SIMNOW:3.848 CID:14 ZONE:1 RXUAV:1 EDGEPORT:9998 TS:3.834 SPD:20.500 HDG:-1.300 PX:116.100 PY:-50.000 LAN:5 BRK:0 RX_X:0.000 RX_Y:0.000 RX_Z:0.000
[ZONE-ROUTE] CID:14 zone=1 edge_port=9998
[EDGE-RTT] CID:14 wall=1.2 ms  sim_delay=10.0 ms
>>> [UAV->CLOUD] BLK:8c27|TX:7.0.0.18|CID:14|TS:3.834|SPD:20.5|HDG:-1.3|PX:116.1|PY:-50.0...
✓ [CAR 6] ACT=OK REP=0.925 RWD=1.000 PNL=0.000 CREDIT=3
✓ [CAR 14] ACT=OK REP=1.000 RWD=1.000 PNL=0.000 CREDIT=2
[PASSIVE-BEACON] SIMNOW:3.924 CID:0 ZONE:1 RXUAV:1 EDGEPORT:9998 TS:3.910 SPD:20.500 HDG:-0.800 PX:78.200 PY:-10.000 LAN:1 BRK:1 RX_X:0.000 RX_Y:0.000 RX_Z:0.000
[ZONE-ROUTE] CID:0 zone=1 edge_port=9998
[EDGE-RTT] CID:0 wall=1.1 ms  sim_delay=10.0 ms
>>> [UAV->CLOUD] BLK:031c|TX:7.0.0.4|CID:0|TS:3.910|SPD:20.5|HDG:-0.8|PX:78.2|PY:-10.0|LA...
[PASSIVE-BEACON] SIMNOW:3.927 CID:11 ZONE:1 RXUAV:1 EDGEPORT:9998 TS:3.914 SPD:20.500 HDG:1.800 PX:117.700 PY:-20.000 LAN:2 BRK:0 RX_X:0.000 RX_Y:0.000 RX_Z:0.000
[ZONE-ROUTE] CID:11 zone=1 edge_port=9998
[EDGE-RTT] CID:11 wall=0.7 ms  sim_delay=10.0 ms
>>> [UAV->CLOUD] BLK:d1a8|TX:7.0.0.15|CID:11|TS:3.914|SPD:20.5|HDG:1.8|PX:117.7|PY:-20.0|...
✓ [CAR 0] ACT=OK REP=1.000 RWD=1.000 PNL=0.000 CREDIT=3
✓ [CAR 11] ACT=OK REP=0.893 RWD=1.000 PNL=0.000 CREDIT=3
[PASSIVE-BEACON] SIMNOW:3.968 CID:13 ZONE:1 RXUAV:1 EDGEPORT:9998 TS:3.954 SPD:19.700 HDG:-0.100 PX:118.400 PY:-40.000 LAN:4 BRK:0 RX_X:0.000 RX_Y:0.000 RX_Z:0.000
[ZONE-ROUTE] CID:13 zone=1 edge_port=9998
[EDGE-RTT] CID:13 wall=1.3 ms  sim_delay=10.0 ms
>>> [UAV->CLOUD] BLK:4b22|TX:7.0.0.17|CID:13|TS:3.954|SPD:19.7|HDG:-0.1|PX:118.4|PY:-40.0...
[PASSIVE-BEACON] SIMNOW:3.971 CID:17 ZONE:1 RXUAV:1 EDGEPORT:9998 TS:3.956 SPD:19.700 HDG:0.300 PX:138.700 PY:-30.000 LAN:3 BRK:0 RX_X:0.000 RX_Y:0.000 RX_Z:0.000
[ZONE-ROUTE] CID:17 zone=1 edge_port=9998
[EDGE-RTT] CID:17 wall=1.1 ms  sim_delay=10.0 ms
>>> [UAV->CLOUD] BLK:0715|TX:7.0.0.21|CID:17|TS:3.956|SPD:19.7|HDG:0.3|PX:138.7|PY:-30.0|...
✓ [CAR 13] ACT=OK REP=0.808 RWD=1.000 PNL=0.000 CREDIT=2
✓ [CAR 17] ACT=OK REP=0.588 RWD=1.000 PNL=0.000 CREDIT=3
[PASSIVE-BEACON] SIMNOW:4.066 CID:8 ZONE:1 RXUAV:1 EDGEPORT:9998 TS:4.052 SPD:19.900 HDG:0.800 PX:101.200 PY:-40.000 LAN:4 BRK:1 RX_X:0.000 RX_Y:0.000 RX_Z:0.000
[ZONE-ROUTE] CID:8 zone=1 edge_port=9998
[EDGE-RTT] CID:8 wall=1.6 ms  sim_delay=10.0 ms
>>> [UAV->CLOUD] BLK:5133|TX:7.0.0.12|CID:8|TS:4.052|SPD:19.9|HDG:0.8|PX:101.2|PY:-40.0|L...
[PASSIVE-BEACON] SIMNOW:4.078 CID:10 ZONE:1 RXUAV:1 EDGEPORT:9998 TS:4.064 SPD:19.800 HDG:-0.200 PX:121.200 PY:-10.000 LAN:1 BRK:1 RX_X:0.000 RX_Y:0.000 RX_Z:0.000
[ZONE-ROUTE] CID:10 zone=1 edge_port=9998
[EDGE-RTT] CID:10 wall=1.2 ms  sim_delay=10.0 ms
>>> [UAV->CLOUD] BLK:828a|TX:7.0.0.14|CID:10|TS:4.064|SPD:19.8|HDG:-0.2|PX:121.2|PY:-10.0...
✓ [CAR 8] ACT=OK REP=0.931 RWD=1.000 PNL=0.000 CREDIT=3
[PASSIVE-BEACON] SIMNOW:4.086 CID:2 ZONE:1 RXUAV:1 EDGEPORT:9998 TS:4.070 SPD:19.900 HDG:-0.800 PX:81.600 PY:-30.000 LAN:3 BRK:0 RX_X:0.000 RX_Y:0.000 RX_Z:0.000
[ZONE-ROUTE] CID:2 zone=1 edge_port=9998
[EDGE-RTT] CID:2 wall=1.0 ms  sim_delay=10.0 ms
>>> [UAV->CLOUD] BLK:8ee1|TX:7.0.0.6|CID:2|TS:4.070|SPD:19.9|HDG:-0.8|PX:81.6|PY:-30.0|LA...
✓ [CAR 10] ACT=OK REP=0.860 RWD=1.000 PNL=0.000 CREDIT=4
✓ [CAR 2] ACT=OK REP=1.000 RWD=1.000 PNL=0.000 CREDIT=4
[PASSIVE-BEACON] SIMNOW:4.114 CID:4 ZONE:1 RXUAV:1 EDGEPORT:9998 TS:4.100 SPD:19.500 HDG:-1.400 PX:81.800 PY:-50.000 LAN:5 BRK:0 RX_X:0.000 RX_Y:0.000 RX_Z:0.000
[ZONE-ROUTE] CID:4 zone=1 edge_port=9998
[EDGE-RTT] CID:4 wall=1.0 ms  sim_delay=10.0 ms
>>> [UAV->CLOUD] BLK:d782|TX:7.0.0.8|CID:4|TS:4.100|SPD:19.5|HDG:-1.4|PX:81.8|PY:-50.0|LA...
✓ [CAR 4] ACT=OK REP=0.779 RWD=1.000 PNL=0.000 CREDIT=4
[PASSIVE-BEACON] SIMNOW:4.136 CID:9 ZONE:1 RXUAV:1 EDGEPORT:9998 TS:4.122 SPD:19.900 HDG:-0.800 PX:101.700 PY:-50.000 LAN:5 BRK:0 RX_X:0.000 RX_Y:0.000 RX_Z:0.000
[ZONE-ROUTE] CID:9 zone=1 edge_port=9998
[EDGE-RTT] CID:9 wall=1.2 ms  sim_delay=10.0 ms
>>> [UAV->CLOUD] BLK:5b25|TX:7.0.0.13|CID:9|TS:4.122|SPD:19.9|HDG:-0.8|PX:101.7|PY:-50.0|...
✓ [CAR 9] ACT=OK REP=0.516 RWD=1.000 PNL=0.000 CREDIT=3
[PASSIVE-BEACON] SIMNOW:4.157 CID:5 ZONE:1 RXUAV:1 EDGEPORT:9998 TS:4.142 SPD:20.500 HDG:-0.300 PX:103.400 PY:-10.000 LAN:1 BRK:0 RX_X:0.000 RX_Y:0.000 RX_Z:0.000
[ZONE-ROUTE] CID:5 zone=1 edge_port=9998
[EDGE-RTT] CID:5 wall=1.5 ms  sim_delay=10.0 ms
>>> [UAV->CLOUD] BLK:7bb9|TX:7.0.0.9|CID:5|TS:4.142|SPD:20.5|HDG:-0.3|PX:103.4|PY:-10.0|L...
[PASSIVE-BEACON] SIMNOW:4.160 CID:18 ZONE:1 RXUAV:1 EDGEPORT:9998 TS:4.146 SPD:20.000 HDG:1.300 PX:143.600 PY:-40.000 LAN:4 BRK:0 RX_X:0.000 RX_Y:0.000 RX_Z:0.000
[ZONE-ROUTE] CID:18 zone=1 edge_port=9998
[EDGE-RTT] CID:18 wall=1.2 ms  sim_delay=10.0 ms
>>> [UAV->CLOUD] BLK:296e|TX:7.0.0.22|CID:18|TS:4.146|SPD:20.0|HDG:1.3|PX:143.6|PY:-40.0|...
✓ [CAR 5] ACT=OK REP=0.627 RWD=1.000 PNL=0.000 CREDIT=3
✓ [CAR 18] ACT=OK REP=0.639 RWD=1.000 PNL=0.000 CREDIT=3
[PASSIVE-BEACON] SIMNOW:4.206 CID:7 ZONE:1 RXUAV:1 EDGEPORT:9998 TS:4.192 SPD:20.100 HDG:1.100 PX:103.200 PY:-30.000 LAN:3 BRK:1 RX_X:0.000 RX_Y:0.000 RX_Z:0.000
[ZONE-ROUTE] CID:7 zone=1 edge_port=9998
[EDGE-RTT] CID:7 wall=1.4 ms  sim_delay=10.0 ms
>>> [UAV->CLOUD] BLK:0dbc|TX:7.0.0.11|CID:7|TS:4.192|SPD:20.1|HDG:1.1|PX:103.2|PY:-30.0|L...
✓ [CAR 7] ACT=OK REP=0.911 RWD=1.000 PNL=0.000 CREDIT=3
[PASSIVE-BEACON] SIMNOW:4.234 CID:1 ZONE:1 RXUAV:1 EDGEPORT:9998 TS:4.220 SPD:20.100 HDG:-0.800 PX:84.100 PY:-20.000 LAN:2 BRK:1 RX_X:0.000 RX_Y:0.000 RX_Z:0.000
[ZONE-ROUTE] CID:1 zone=1 edge_port=9998
[EDGE-RTT] CID:1 wall=1.4 ms  sim_delay=10.0 ms
>>> [UAV->CLOUD] BLK:3a41|TX:7.0.0.5|CID:1|TS:4.220|SPD:20.1|HDG:-0.8|PX:84.1|PY:-20.0|LA...
✓ [CAR 1] ACT=OK REP=0.829 RWD=1.000 PNL=0.000 CREDIT=4
[PASSIVE-BEACON] SIMNOW:4.258 CID:12 ZONE:1 RXUAV:1 EDGEPORT:9998 TS:4.244 SPD:19.900 HDG:-0.500 PX:125.300 PY:-30.000 LAN:3 BRK:1 RX_X:0.000 RX_Y:0.000 RX_Z:0.000
[ZONE-ROUTE] CID:12 zone=1 edge_port=9998
[EDGE-RTT] CID:12 wall=1.4 ms  sim_delay=10.0 ms
>>> [UAV->CLOUD] BLK:5d00|TX:7.0.0.16|CID:12|TS:4.244|SPD:19.9|HDG:-0.5|PX:125.3|PY:-30.0...
[PASSIVE-BEACON] SIMNOW:4.260 CID:15 ZONE:1 RXUAV:1 EDGEPORT:9998 TS:4.246 SPD:19.800 HDG:0.500 PX:145.000 PY:-10.000 LAN:1 BRK:0 RX_X:0.000 RX_Y:0.000 RX_Z:0.000
[ZONE-ROUTE] CID:15 zone=1 edge_port=9998
[EDGE-RTT] CID:15 wall=1.0 ms  sim_delay=10.0 ms
>>> [UAV->CLOUD] BLK:1e17|TX:7.0.0.19|CID:15|TS:4.246|SPD:19.8|HDG:0.5|PX:145.0|PY:-10.0|...
[PASSIVE-BEACON] SIMNOW:4.269 CID:19 ZONE:1 RXUAV:1 EDGEPORT:9998 TS:4.256 SPD:20.500 HDG:-0.400 PX:145.600 PY:-50.000 LAN:5 BRK:0 RX_X:0.000 RX_Y:0.000 RX_Z:0.000
[ZONE-ROUTE] CID:19 zone=1 edge_port=9998
[EDGE-RTT] CID:19 wall=1.0 ms  sim_delay=10.0 ms
>>> [UAV->CLOUD] BLK:fe47|TX:7.0.0.23|CID:19|TS:4.256|SPD:20.5|HDG:-0.4|PX:145.6|PY:-50.0...
✓ [CAR 12] ACT=OK REP=0.816 RWD=1.000 PNL=0.000 CREDIT=4
✓ [CAR 15] ACT=OK REP=0.760 RWD=1.000 PNL=0.000 CREDIT=4
✓ [CAR 19] ACT=OK REP=0.624 RWD=1.000 PNL=0.000 CREDIT=4
[PASSIVE-BEACON] SIMNOW:4.300 CID:16 ZONE:1 RXUAV:1 EDGEPORT:9998 TS:4.286 SPD:20.200 HDG:-1.000 PX:146.200 PY:-20.000 LAN:2 BRK:0 RX_X:0.000 RX_Y:0.000 RX_Z:0.000
[ZONE-ROUTE] CID:16 zone=1 edge_port=9998
[EDGE-RTT] CID:16 wall=1.5 ms  sim_delay=10.0 ms
>>> [UAV->CLOUD] BLK:344f|TX:7.0.0.20|CID:16|TS:4.286|SPD:20.2|HDG:-1.0|PX:146.2|PY:-20.0...
✓ [CAR 16] ACT=OK REP=0.658 RWD=1.000 PNL=0.000 CREDIT=3
[PASSIVE-BEACON] SIMNOW:4.324 CID:3 ZONE:1 RXUAV:1 EDGEPORT:9998 TS:4.310 SPD:19.600 HDG:0.400 PX:86.800 PY:-40.000 LAN:4 BRK:0 RX_X:0.000 RX_Y:0.000 RX_Z:0.000
[ZONE-ROUTE] CID:3 zone=1 edge_port=9998
[EDGE-RTT] CID:3 wall=1.1 ms  sim_delay=10.0 ms
>>> [UAV->CLOUD] BLK:1237|TX:7.0.0.7|CID:3|TS:4.310|SPD:19.6|HDG:0.4|PX:86.8|PY:-40.0|LAN...
[PASSIVE-BEACON] SIMNOW:4.336 CID:6 ZONE:1 RXUAV:1 EDGEPORT:9998 TS:4.322 SPD:20.500 HDG:-1.800 PX:106.900 PY:-20.000 LAN:2 BRK:1 RX_X:0.000 RX_Y:0.000 RX_Z:0.000
[ZONE-ROUTE] CID:6 zone=1 edge_port=9998
[EDGE-RTT] CID:6 wall=0.8 ms  sim_delay=10.0 ms
>>> [UAV->CLOUD] BLK:c297|TX:7.0.0.10|CID:6|TS:4.322|SPD:20.5|HDG:-1.8|PX:106.9|PY:-20.0|...
✓ [CAR 3] ACT=OK REP=0.887 RWD=1.000 PNL=0.000 CREDIT=3
[PASSIVE-BEACON] SIMNOW:4.348 CID:14 ZONE:1 RXUAV:1 EDGEPORT:9998 TS:4.334 SPD:19.700 HDG:0.900 PX:126.500 PY:-50.000 LAN:5 BRK:1 RX_X:0.000 RX_Y:0.000 RX_Z:0.000
[ZONE-ROUTE] CID:14 zone=1 edge_port=9998
[EDGE-RTT] CID:14 wall=1.1 ms  sim_delay=10.0 ms
>>> [UAV->CLOUD] BLK:0cbb|TX:7.0.0.18|CID:14|TS:4.334|SPD:19.7|HDG:0.9|PX:126.5|PY:-50.0|...
✓ [CAR 6] ACT=OK REP=1.000 RWD=1.000 PNL=0.000 CREDIT=4
✓ [CAR 14] ACT=OK REP=0.759 RWD=1.000 PNL=0.000 CREDIT=3
[PASSIVE-BEACON] SIMNOW:4.424 CID:0 ZONE:1 RXUAV:1 EDGEPORT:9998 TS:4.410 SPD:19.900 HDG:-1.000 PX:87.900 PY:-10.000 LAN:1 BRK:0 RX_X:0.000 RX_Y:0.000 RX_Z:0.000
[ZONE-ROUTE] CID:0 zone=1 edge_port=9998
[EDGE-RTT] CID:0 wall=1.2 ms  sim_delay=10.0 ms
>>> [UAV->CLOUD] BLK:cec1|TX:7.0.0.4|CID:0|TS:4.410|SPD:19.9|HDG:-1.0|PX:87.9|PY:-10.0|LA...
[PASSIVE-BEACON] SIMNOW:4.428 CID:11 ZONE:1 RXUAV:1 EDGEPORT:9998 TS:4.414 SPD:19.600 HDG:-1.600 PX:128.800 PY:-20.000 LAN:2 BRK:1 RX_X:0.000 RX_Y:0.000 RX_Z:0.000
[ZONE-ROUTE] CID:11 zone=1 edge_port=9998
[EDGE-RTT] CID:11 wall=1.0 ms  sim_delay=10.0 ms
>>> [UAV->CLOUD] BLK:88c0|TX:7.0.0.15|CID:11|TS:4.414|SPD:19.6|HDG:-1.6|PX:128.8|PY:-20.0...
✓ [CAR 0] ACT=OK REP=0.823 RWD=1.000 PNL=0.000 CREDIT=4
✓ [CAR 11] ACT=OK REP=1.000 RWD=1.000 PNL=0.000 CREDIT=4
[PASSIVE-BEACON] SIMNOW:4.468 CID:13 ZONE:1 RXUAV:1 EDGEPORT:9998 TS:4.454 SPD:19.600 HDG:-1.300 PX:128.500 PY:-40.000 LAN:4 BRK:0 RX_X:0.000 RX_Y:0.000 RX_Z:0.000
[ZONE-ROUTE] CID:13 zone=1 edge_port=9998
[EDGE-RTT] CID:13 wall=1.2 ms  sim_delay=10.0 ms
>>> [UAV->CLOUD] BLK:666e|TX:7.0.0.17|CID:13|TS:4.454|SPD:19.6|HDG:-1.3|PX:128.5|PY:-40.0...
[PASSIVE-BEACON] SIMNOW:4.470 CID:17 ZONE:1 RXUAV:1 EDGEPORT:9998 TS:4.456 SPD:20.000 HDG:0.900 PX:149.600 PY:-30.000 LAN:3 BRK:1 RX_X:0.000 RX_Y:0.000 RX_Z:0.000
[ZONE-ROUTE] CID:17 zone=1 edge_port=9998
[EDGE-RTT] CID:17 wall=1.3 ms  sim_delay=10.0 ms
>>> [UAV->CLOUD] BLK:3d3f|TX:7.0.0.21|CID:17|TS:4.456|SPD:20.0|HDG:0.9|PX:149.6|PY:-30.0|...
✓ [CAR 13] ACT=OK REP=0.783 RWD=1.000 PNL=0.000 CREDIT=3
✓ [CAR 17] ACT=OK REP=0.802 RWD=1.000 PNL=0.000 CREDIT=4
[PASSIVE-BEACON] SIMNOW:4.566 CID:8 ZONE:1 RXUAV:1 EDGEPORT:9998 TS:4.552 SPD:20.300 HDG:1.500 PX:111.000 PY:-40.000 LAN:4 BRK:0 RX_X:0.000 RX_Y:0.000 RX_Z:0.000
[ZONE-ROUTE] CID:8 zone=1 edge_port=9998
[EDGE-RTT] CID:8 wall=1.3 ms  sim_delay=10.0 ms
>>> [UAV->CLOUD] BLK:9d38|TX:7.0.0.12|CID:8|TS:4.552|SPD:20.3|HDG:1.5|PX:111.0|PY:-40.0|L...
[PASSIVE-BEACON] SIMNOW:4.576 CID:10 ZONE:1 RXUAV:1 EDGEPORT:9998 TS:4.564 SPD:20.400 HDG:1.100 PX:130.600 PY:-10.000 LAN:1 BRK:0 RX_X:0.000 RX_Y:0.000 RX_Z:0.000
[ZONE-ROUTE] CID:10 zone=1 edge_port=9998
[EDGE-RTT] CID:10 wall=1.2 ms  sim_delay=10.0 ms
>>> [UAV->CLOUD] BLK:420f|TX:7.0.0.14|CID:10|TS:4.564|SPD:20.4|HDG:1.1|PX:130.6|PY:-10.0|...
✓ [CAR 8] ACT=OK REP=0.703 RWD=1.000 PNL=0.000 CREDIT=4
[PASSIVE-BEACON] SIMNOW:4.584 CID:2 ZONE:1 RXUAV:1 EDGEPORT:9998 TS:4.570 SPD:20.100 HDG:-1.600 PX:91.500 PY:-30.000 LAN:3 BRK:0 RX_X:0.000 RX_Y:0.000 RX_Z:0.000
[ZONE-ROUTE] CID:2 zone=1 edge_port=9998
[EDGE-RTT] CID:2 wall=1.0 ms  sim_delay=10.0 ms
>>> [UAV->CLOUD] BLK:c555|TX:7.0.0.6|CID:2|TS:4.570|SPD:20.1|HDG:-1.6|PX:91.5|PY:-30.0|LA...
✓ [CAR 10] ACT=OK REP=0.882 RWD=1.000 PNL=0.000 CREDIT=5
✓ [CAR 2] ACT=OK REP=1.000 RWD=1.000 PNL=0.000 CREDIT=5
[PASSIVE-BEACON] SIMNOW:4.614 CID:4 ZONE:1 RXUAV:1 EDGEPORT:9998 TS:4.600 SPD:20.100 HDG:2.000 PX:91.300 PY:-50.000 LAN:5 BRK:0 RX_X:0.000 RX_Y:0.000 RX_Z:0.000
[ZONE-ROUTE] CID:4 zone=1 edge_port=9998
[EDGE-RTT] CID:4 wall=1.2 ms  sim_delay=10.0 ms
>>> [UAV->CLOUD] BLK:85f7|TX:7.0.0.8|CID:4|TS:4.600|SPD:20.1|HDG:2.0|PX:91.3|PY:-50.0|LAN...
✓ [CAR 4] ACT=OK REP=0.815 RWD=1.000 PNL=0.000 CREDIT=5
[PASSIVE-BEACON] SIMNOW:4.636 CID:9 ZONE:1 RXUAV:1 EDGEPORT:9998 TS:4.622 SPD:19.900 HDG:1.100 PX:112.700 PY:-50.000 LAN:5 BRK:0 RX_X:0.000 RX_Y:0.000 RX_Z:0.000
[ZONE-ROUTE] CID:9 zone=1 edge_port=9998
[EDGE-RTT] CID:9 wall=0.8 ms  sim_delay=10.0 ms
>>> [UAV->CLOUD] BLK:5b9b|TX:7.0.0.13|CID:9|TS:4.622|SPD:19.9|HDG:1.1|PX:112.7|PY:-50.0|L...
✓ [CAR 9] ACT=OK REP=0.475 RWD=1.000 PNL=0.000 CREDIT=4
[PASSIVE-BEACON] SIMNOW:4.656 CID:5 ZONE:1 RXUAV:1 EDGEPORT:9998 TS:4.642 SPD:20.000 HDG:-0.600 PX:112.600 PY:-10.000 LAN:1 BRK:0 RX_X:0.000 RX_Y:0.000 RX_Z:0.000
[ZONE-ROUTE] CID:5 zone=1 edge_port=9998
[EDGE-RTT] CID:5 wall=1.2 ms  sim_delay=10.0 ms
>>> [UAV->CLOUD] BLK:2ad9|TX:7.0.0.9|CID:5|TS:4.642|SPD:20.0|HDG:-0.6|PX:112.6|PY:-10.0|L...
[PASSIVE-BEACON] SIMNOW:4.660 CID:18 ZONE:1 RXUAV:1 EDGEPORT:9998 TS:4.646 SPD:19.900 HDG:0.200 PX:152.300 PY:-40.000 LAN:4 BRK:0 RX_X:0.000 RX_Y:0.000 RX_Z:0.000
[ZONE-ROUTE] CID:18 zone=1 edge_port=9998
[EDGE-RTT] CID:18 wall=1.1 ms  sim_delay=10.0 ms
>>> [UAV->CLOUD] BLK:be63|TX:7.0.0.22|CID:18|TS:4.646|SPD:19.9|HDG:0.2|PX:152.3|PY:-40.0|...
✓ [CAR 5] ACT=OK REP=0.986 RWD=1.000 PNL=0.000 CREDIT=4
✓ [CAR 18] ACT=OK REP=0.825 RWD=1.000 PNL=0.000 CREDIT=4
[PASSIVE-BEACON] SIMNOW:4.706 CID:7 ZONE:1 RXUAV:1 EDGEPORT:9998 TS:4.692 SPD:19.900 HDG:-1.500 PX:113.700 PY:-30.000 LAN:3 BRK:0 RX_X:0.000 RX_Y:0.000 RX_Z:0.000
[ZONE-ROUTE] CID:7 zone=1 edge_port=9998
[EDGE-RTT] CID:7 wall=1.3 ms  sim_delay=10.0 ms
>>> [UAV->CLOUD] BLK:458f|TX:7.0.0.11|CID:7|TS:4.692|SPD:19.9|HDG:-1.5|PX:113.7|PY:-30.0|...
✓ [CAR 7] ACT=OK REP=0.868 RWD=1.000 PNL=0.000 CREDIT=4
[PASSIVE-BEACON] SIMNOW:4.733 CID:1 ZONE:1 RXUAV:1 EDGEPORT:9998 TS:4.720 SPD:20.100 HDG:0.500 PX:95.000 PY:-20.000 LAN:2 BRK:0 RX_X:0.000 RX_Y:0.000 RX_Z:0.000
[ZONE-ROUTE] CID:1 zone=1 edge_port=9998
[EDGE-RTT] CID:1 wall=1.2 ms  sim_delay=10.0 ms
>>> [UAV->CLOUD] BLK:2018|TX:7.0.0.5|CID:1|TS:4.720|SPD:20.1|HDG:0.5|PX:95.0|PY:-20.0|LAN...
✓ [CAR 1] ACT=OK REP=0.915 RWD=1.000 PNL=0.000 CREDIT=5
[PASSIVE-BEACON] SIMNOW:4.756 CID:12 ZONE:1 RXUAV:1 EDGEPORT:9998 TS:4.744 SPD:20.000 HDG:-0.700 PX:135.600 PY:-30.000 LAN:3 BRK:0 RX_X:0.000 RX_Y:0.000 RX_Z:0.000
[ZONE-ROUTE] CID:12 zone=1 edge_port=9998
[EDGE-RTT] CID:12 wall=1.2 ms  sim_delay=10.0 ms
>>> [UAV->CLOUD] BLK:71ad|TX:7.0.0.16|CID:12|TS:4.744|SPD:20.0|HDG:-0.7|PX:135.6|PY:-30.0...
[PASSIVE-BEACON] SIMNOW:4.760 CID:15 ZONE:1 RXUAV:1 EDGEPORT:9998 TS:4.746 SPD:20.100 HDG:-1.200 PX:154.500 PY:-10.000 LAN:1 BRK:1 RX_X:0.000 RX_Y:0.000 RX_Z:0.000
[ZONE-ROUTE] CID:15 zone=1 edge_port=9998
[EDGE-RTT] CID:15 wall=0.8 ms  sim_delay=10.0 ms
>>> [UAV->CLOUD] BLK:a04b|TX:7.0.0.19|CID:15|TS:4.746|SPD:20.1|HDG:-1.2|PX:154.5|PY:-10.0...
✓ [CAR 12] ACT=OK REP=0.701 RWD=1.000 PNL=0.000 CREDIT=5
[PASSIVE-BEACON] SIMNOW:4.773 CID:19 ZONE:1 RXUAV:1 EDGEPORT:9998 TS:4.756 SPD:20.200 HDG:-0.600 PX:154.900 PY:-50.000 LAN:5 BRK:0 RX_X:0.000 RX_Y:0.000 RX_Z:0.000
[ZONE-ROUTE] CID:19 zone=1 edge_port=9998
[EDGE-RTT] CID:19 wall=0.9 ms  sim_delay=10.0 ms
>>> [UAV->CLOUD] BLK:b125|TX:7.0.0.23|CID:19|TS:4.756|SPD:20.2|HDG:-0.6|PX:154.9|PY:-50.0...
✓ [CAR 15] ACT=OK REP=1.000 RWD=1.000 PNL=0.000 CREDIT=5
✓ [CAR 19] ACT=OK REP=0.974 RWD=1.000 PNL=0.000 CREDIT=5
[PASSIVE-BEACON] SIMNOW:4.800 CID:16 ZONE:1 RXUAV:1 EDGEPORT:9998 TS:4.786 SPD:19.600 HDG:-0.000 PX:155.900 PY:-20.000 LAN:2 BRK:0 RX_X:0.000 RX_Y:0.000 RX_Z:0.000
[ZONE-ROUTE] CID:16 zone=1 edge_port=9998
[EDGE-RTT] CID:16 wall=1.2 ms  sim_delay=10.0 ms
>>> [UAV->CLOUD] BLK:866a|TX:7.0.0.20|CID:16|TS:4.786|SPD:19.6|HDG:-0.0|PX:155.9|PY:-20.0...
✓ [CAR 16] ACT=OK REP=0.920 RWD=1.000 PNL=0.000 CREDIT=4
[PASSIVE-BEACON] SIMNOW:4.823 CID:3 ZONE:1 RXUAV:1 EDGEPORT:9998 TS:4.810 SPD:19.600 HDG:-0.600 PX:95.700 PY:-40.000 LAN:4 BRK:0 RX_X:0.000 RX_Y:0.000 RX_Z:0.000
[ZONE-ROUTE] CID:3 zone=1 edge_port=9998
[EDGE-RTT] CID:3 wall=1.0 ms  sim_delay=10.0 ms
>>> [UAV->CLOUD] BLK:cbb8|TX:7.0.0.7|CID:3|TS:4.810|SPD:19.6|HDG:-0.6|PX:95.7|PY:-40.0|LA...
✓ [CAR 3] ACT=OK REP=1.000 RWD=1.000 PNL=0.000 CREDIT=4
[PASSIVE-BEACON] SIMNOW:4.836 CID:6 ZONE:1 RXUAV:1 EDGEPORT:9998 TS:4.822 SPD:19.900 HDG:0.100 PX:116.700 PY:-20.000 LAN:2 BRK:1 RX_X:0.000 RX_Y:0.000 RX_Z:0.000
[ZONE-ROUTE] CID:6 zone=1 edge_port=9998
[EDGE-RTT] CID:6 wall=1.1 ms  sim_delay=10.0 ms
>>> [UAV->CLOUD] BLK:8d50|TX:7.0.0.10|CID:6|TS:4.822|SPD:19.9|HDG:0.1|PX:116.7|PY:-20.0|L...
[PASSIVE-BEACON] SIMNOW:4.848 CID:14 ZONE:1 RXUAV:1 EDGEPORT:9998 TS:4.834 SPD:19.900 HDG:-1.700 PX:136.800 PY:-50.000 LAN:5 BRK:0 RX_X:0.000 RX_Y:0.000 RX_Z:0.000
[ZONE-ROUTE] CID:14 zone=1 edge_port=9998
[EDGE-RTT] CID:14 wall=1.1 ms  sim_delay=10.0 ms
>>> [UAV->CLOUD] BLK:b63d|TX:7.0.0.18|CID:14|TS:4.834|SPD:19.9|HDG:-1.7|PX:136.8|PY:-50.0...
✓ [CAR 6] ACT=OK REP=0.984 RWD=1.000 PNL=0.000 CREDIT=5
✓ [CAR 14] ACT=OK REP=0.645 RWD=1.000 PNL=0.000 CREDIT=4
[PASSIVE-BEACON] SIMNOW:4.924 CID:0 ZONE:1 RXUAV:1 EDGEPORT:9998 TS:4.910 SPD:20.500 HDG:-0.300 PX:98.300 PY:-10.000 LAN:1 BRK:0 RX_X:0.000 RX_Y:0.000 RX_Z:0.000
[ZONE-ROUTE] CID:0 zone=1 edge_port=9998
[EDGE-RTT] CID:0 wall=1.0 ms  sim_delay=10.0 ms
>>> [UAV->CLOUD] BLK:6b76|TX:7.0.0.4|CID:0|TS:4.910|SPD:20.5|HDG:-0.3|PX:98.3|PY:-10.0|LA...
[PASSIVE-BEACON] SIMNOW:4.928 CID:11 ZONE:1 RXUAV:1 EDGEPORT:9998 TS:4.914 SPD:19.800 HDG:-0.200 PX:137.800 PY:-20.000 LAN:2 BRK:0 RX_X:0.000 RX_Y:0.000 RX_Z:0.000
[ZONE-ROUTE] CID:11 zone=1 edge_port=9998
[EDGE-RTT] CID:11 wall=1.0 ms  sim_delay=10.0 ms
>>> [UAV->CLOUD] BLK:f85c|TX:7.0.0.15|CID:11|TS:4.914|SPD:19.8|HDG:-0.2|PX:137.8|PY:-20.0...
✓ [CAR 0] ACT=OK REP=1.000 RWD=1.000 PNL=0.000 CREDIT=5
✓ [CAR 11] ACT=OK REP=0.776 RWD=1.000 PNL=0.000 CREDIT=5
[PASSIVE-BEACON] SIMNOW:4.968 CID:13 ZONE:1 RXUAV:1 EDGEPORT:9998 TS:4.954 SPD:19.800 HDG:0.800 PX:139.200 PY:-40.000 LAN:4 BRK:0 RX_X:0.000 RX_Y:0.000 RX_Z:0.000
[ZONE-ROUTE] CID:13 zone=1 edge_port=9998
[EDGE-RTT] CID:13 wall=0.8 ms  sim_delay=10.0 ms
>>> [UAV->CLOUD] BLK:8dd0|TX:7.0.0.17|CID:13|TS:4.954|SPD:19.8|HDG:0.8|PX:139.2|PY:-40.0|...
[PASSIVE-BEACON] SIMNOW:4.971 CID:17 ZONE:1 RXUAV:1 EDGEPORT:9998 TS:4.956 SPD:19.700 HDG:0.900 PX:159.800 PY:-30.000 LAN:3 BRK:1 RX_X:0.000 RX_Y:0.000 RX_Z:0.000
[ZONE-ROUTE] CID:17 zone=1 edge_port=9998
[EDGE-RTT] CID:17 wall=0.8 ms  sim_delay=10.0 ms
>>> [UAV->CLOUD] BLK:63ae|TX:7.0.0.21|CID:17|TS:4.956|SPD:19.7|HDG:0.9|PX:159.8|PY:-30.0|...
✓ [CAR 13] ACT=OK REP=0.995 RWD=1.000 PNL=0.000 CREDIT=4
✓ [CAR 17] ACT=OK REP=0.872 RWD=1.000 PNL=0.000 CREDIT=5
[PASSIVE-BEACON] SIMNOW:5.066 CID:8 ZONE:1 RXUAV:1 EDGEPORT:9998 TS:5.052 SPD:19.900 HDG:1.300 PX:121.200 PY:-40.000 LAN:4 BRK:1 RX_X:0.000 RX_Y:0.000 RX_Z:0.000
[ZONE-ROUTE] CID:8 zone=1 edge_port=9998
[EDGE-RTT] CID:8 wall=1.0 ms  sim_delay=10.0 ms
>>> [UAV->CLOUD] BLK:583c|TX:7.0.0.12|CID:8|TS:5.052|SPD:19.9|HDG:1.3|PX:121.2|PY:-40.0|L...
[PASSIVE-BEACON] SIMNOW:5.078 CID:10 ZONE:1 RXUAV:1 EDGEPORT:9998 TS:5.064 SPD:20.300 HDG:-0.700 PX:141.700 PY:-10.000 LAN:1 BRK:0 RX_X:0.000 RX_Y:0.000 RX_Z:0.000
[ZONE-ROUTE] CID:10 zone=1 edge_port=9998
[EDGE-RTT] CID:10 wall=0.8 ms  sim_delay=10.0 ms
>>> [UAV->CLOUD] BLK:7def|TX:7.0.0.14|CID:10|TS:5.064|SPD:20.3|HDG:-0.7|PX:141.7|PY:-10.0...
✓ [CAR 8] ACT=OK REP=0.703 RWD=1.000 PNL=0.000 CREDIT=5
[PASSIVE-BEACON] SIMNOW:5.084 CID:2 ZONE:1 RXUAV:1 EDGEPORT:9998 TS:5.070 SPD:20.100 HDG:-0.600 PX:101.000 PY:-30.000 LAN:3 BRK:0 RX_X:0.000 RX_Y:0.000 RX_Z:0.000
[ZONE-ROUTE] CID:2 zone=1 edge_port=9998
[EDGE-RTT] CID:2 wall=1.2 ms  sim_delay=10.0 ms
>>> [UAV->CLOUD] BLK:3537|TX:7.0.0.6|CID:2|TS:5.070|SPD:20.1|HDG:-0.6|PX:101.0|PY:-30.0|L...
✓ [CAR 10] ACT=OK REP=0.743 RWD=1.000 PNL=0.000 CREDIT=6
✓ [CAR 2] ACT=OK REP=0.891 RWD=1.000 PNL=0.000 CREDIT=6
[PASSIVE-BEACON] SIMNOW:5.114 CID:4 ZONE:1 RXUAV:1 EDGEPORT:9998 TS:5.100 SPD:19.700 HDG:-1.600 PX:102.700 PY:-50.000 LAN:5 BRK:0 RX_X:0.000 RX_Y:0.000 RX_Z:0.000
[ZONE-ROUTE] CID:4 zone=1 edge_port=9998
[EDGE-RTT] CID:4 wall=1.1 ms  sim_delay=10.0 ms
>>> [UAV->CLOUD] BLK:7b65|TX:7.0.0.8|CID:4|TS:5.100|SPD:19.7|HDG:-1.6|PX:102.7|PY:-50.0|L...
✓ [CAR 4] ACT=OK REP=0.781 RWD=1.000 PNL=0.000 CREDIT=6
[PASSIVE-BEACON] SIMNOW:5.136 CID:9 ZONE:1 RXUAV:1 EDGEPORT:9998 TS:5.122 SPD:20.100 HDG:-1.800 PX:121.700 PY:-50.000 LAN:5 BRK:0 RX_X:0.000 RX_Y:0.000 RX_Z:0.000
[ZONE-ROUTE] CID:9 zone=1 edge_port=9998
[EDGE-RTT] CID:9 wall=1.0 ms  sim_delay=10.0 ms
>>> [UAV->CLOUD] BLK:58d3|TX:7.0.0.13|CID:9|TS:5.122|SPD:20.1|HDG:-1.8|PX:121.7|PY:-50.0|...
✓ [CAR 9] ACT=OK REP=0.902 RWD=1.000 PNL=0.000 CREDIT=5
[PASSIVE-BEACON] SIMNOW:5.157 CID:5 ZONE:1 RXUAV:1 EDGEPORT:9998 TS:5.142 SPD:20.200 HDG:-0.500 PX:122.700 PY:-10.000 LAN:1 BRK:0 RX_X:0.000 RX_Y:0.000 RX_Z:0.000
[ZONE-ROUTE] CID:5 zone=1 edge_port=9998
[EDGE-RTT] CID:5 wall=1.2 ms  sim_delay=10.0 ms
>>> [UAV->CLOUD] BLK:c673|TX:7.0.0.9|CID:5|TS:5.142|SPD:20.2|HDG:-0.5|PX:122.7|PY:-10.0|L...
[PASSIVE-BEACON] SIMNOW:5.159 CID:18 ZONE:1 RXUAV:1 EDGEPORT:9998 TS:5.146 SPD:20.200 HDG:1.100 PX:163.600 PY:-40.000 LAN:4 BRK:0 RX_X:0.000 RX_Y:0.000 RX_Z:0.000
[ZONE-ROUTE] CID:18 zone=1 edge_port=9998
[EDGE-RTT] CID:18 wall=1.0 ms  sim_delay=10.0 ms
>>> [UAV->CLOUD] BLK:6e61|TX:7.0.0.22|CID:18|TS:5.146|SPD:20.2|HDG:1.1|PX:163.6|PY:-40.0|...
✓ [CAR 5] ACT=OK REP=1.000 RWD=1.000 PNL=0.000 CREDIT=5
✓ [CAR 18] ACT=OK REP=0.957 RWD=1.000 PNL=0.000 CREDIT=5
[PASSIVE-BEACON] SIMNOW:5.206 CID:7 ZONE:1 RXUAV:1 EDGEPORT:9998 TS:5.192 SPD:20.100 HDG:0.400 PX:123.200 PY:-30.000 LAN:3 BRK:1 RX_X:0.000 RX_Y:0.000 RX_Z:0.000
[ZONE-ROUTE] CID:7 zone=1 edge_port=9998
[EDGE-RTT] CID:7 wall=1.1 ms  sim_delay=10.0 ms
>>> [UAV->CLOUD] BLK:b08b|TX:7.0.0.11|CID:7|TS:5.192|SPD:20.1|HDG:0.4|PX:123.2|PY:-30.0|L...
✓ [CAR 7] ACT=OK REP=0.832 RWD=1.000 PNL=0.000 CREDIT=5
[PASSIVE-BEACON] SIMNOW:5.234 CID:1 ZONE:1 RXUAV:1 EDGEPORT:9998 TS:5.220 SPD:20.400 HDG:1.100 PX:105.000 PY:-20.000 LAN:2 BRK:0 RX_X:0.000 RX_Y:0.000 RX_Z:0.000
[ZONE-ROUTE] CID:1 zone=1 edge_port=9998
[EDGE-RTT] CID:1 wall=0.9 ms  sim_delay=10.0 ms
>>> [UAV->CLOUD] BLK:68f3|TX:7.0.0.5|CID:1|TS:5.220|SPD:20.4|HDG:1.1|PX:105.0|PY:-20.0|LA...
✓ [CAR 1] ACT=OK REP=0.826 RWD=1.000 PNL=0.000 CREDIT=6
[PASSIVE-BEACON] SIMNOW:5.258 CID:12 ZONE:1 RXUAV:1 EDGEPORT:9998 TS:5.244 SPD:19.600 HDG:-0.500 PX:144.400 PY:-30.000 LAN:3 BRK:0 RX_X:0.000 RX_Y:0.000 RX_Z:0.000
[ZONE-ROUTE] CID:12 zone=1 edge_port=9998
[EDGE-RTT] CID:12 wall=0.9 ms  sim_delay=10.0 ms
>>> [UAV->CLOUD] BLK:985b|TX:7.0.0.16|CID:12|TS:5.244|SPD:19.6|HDG:-0.5|PX:144.4|PY:-30.0...
[PASSIVE-BEACON] SIMNOW:5.260 CID:15 ZONE:1 RXUAV:1 EDGEPORT:9998 TS:5.246 SPD:19.600 HDG:1.800 PX:165.600 PY:-10.000 LAN:1 BRK:0 RX_X:0.000 RX_Y:0.000 RX_Z:0.000
[ZONE-ROUTE] CID:15 zone=1 edge_port=9998
[EDGE-RTT] CID:15 wall=0.9 ms  sim_delay=10.0 ms
>>> [UAV->CLOUD] BLK:a8a2|TX:7.0.0.19|CID:15|TS:5.246|SPD:19.6|HDG:1.8|PX:165.6|PY:-10.0|...
[PASSIVE-BEACON] SIMNOW:5.270 CID:19 ZONE:1 RXUAV:1 EDGEPORT:9998 TS:5.256 SPD:19.700 HDG:-0.200 PX:165.100 PY:-50.000 LAN:5 BRK:0 RX_X:0.000 RX_Y:0.000 RX_Z:0.000
[ZONE-ROUTE] CID:19 zone=1 edge_port=9998
[EDGE-RTT] CID:19 wall=1.1 ms  sim_delay=10.0 ms
>>> [UAV->CLOUD] BLK:6598|TX:7.0.0.23|CID:19|TS:5.256|SPD:19.7|HDG:-0.2|PX:165.1|PY:-50.0...
✓ [CAR 12] ACT=OK REP=0.773 RWD=1.000 PNL=0.000 CREDIT=6
✓ [CAR 15] ACT=OK REP=0.905 RWD=1.000 PNL=0.000 CREDIT=6
✓ [CAR 19] ACT=OK REP=0.690 RWD=1.000 PNL=0.000 CREDIT=6
[PASSIVE-BEACON] SIMNOW:5.300 CID:16 ZONE:1 RXUAV:1 EDGEPORT:9998 TS:5.286 SPD:20.100 HDG:0.100 PX:165.200 PY:-20.000 LAN:2 BRK:0 RX_X:0.000 RX_Y:0.000 RX_Z:0.000
[ZONE-ROUTE] CID:16 zone=1 edge_port=9998
[EDGE-RTT] CID:16 wall=1.0 ms  sim_delay=10.0 ms
>>> [UAV->CLOUD] BLK:1f5c|TX:7.0.0.20|CID:16|TS:5.286|SPD:20.1|HDG:0.1|PX:165.2|PY:-20.0|...
✓ [CAR 16] ACT=OK REP=1.000 RWD=1.000 PNL=0.000 CREDIT=5
[PASSIVE-BEACON] SIMNOW:5.324 CID:3 ZONE:1 RXUAV:1 EDGEPORT:9998 TS:5.310 SPD:20.100 HDG:0.600 PX:106.000 PY:-40.000 LAN:4 BRK:0 RX_X:0.000 RX_Y:0.000 RX_Z:0.000
[ZONE-ROUTE] CID:3 zone=1 edge_port=9998
[EDGE-RTT] CID:3 wall=1.0 ms  sim_delay=10.0 ms
>>> [UAV->CLOUD] BLK:5b36|TX:7.0.0.7|CID:3|TS:5.310|SPD:20.1|HDG:0.6|PX:106.0|PY:-40.0|LA...
[PASSIVE-BEACON] SIMNOW:5.336 CID:6 ZONE:1 RXUAV:1 EDGEPORT:9998 TS:5.322 SPD:20.400 HDG:-0.900 PX:126.400 PY:-20.000 LAN:2 BRK:0 RX_X:0.000 RX_Y:0.000 RX_Z:0.000
[ZONE-ROUTE] CID:6 zone=1 edge_port=9998
[EDGE-RTT] CID:6 wall=1.0 ms  sim_delay=10.0 ms
>>> [UAV->CLOUD] BLK:6167|TX:7.0.0.10|CID:6|TS:5.322|SPD:20.4|HDG:-0.9|PX:126.4|PY:-20.0|...
✓ [CAR 3] ACT=OK REP=0.677 RWD=1.000 PNL=0.000 CREDIT=5
[PASSIVE-BEACON] SIMNOW:5.348 CID:14 ZONE:1 RXUAV:1 EDGEPORT:9998 TS:5.334 SPD:20.100 HDG:0.500 PX:147.200 PY:-50.000 LAN:5 BRK:0 RX_X:0.000 RX_Y:0.000 RX_Z:0.000
[ZONE-ROUTE] CID:14 zone=1 edge_port=9998
[EDGE-RTT] CID:14 wall=1.2 ms  sim_delay=10.0 ms
>>> [UAV->CLOUD] BLK:8c4e|TX:7.0.0.18|CID:14|TS:5.334|SPD:20.1|HDG:0.5|PX:147.2|PY:-50.0|...
✓ [CAR 6] ACT=OK REP=0.928 RWD=1.000 PNL=0.000 CREDIT=6
✓ [CAR 14] ACT=OK REP=0.962 RWD=1.000 PNL=0.000 CREDIT=5
[PASSIVE-BEACON] SIMNOW:5.427 CID:0 ZONE:1 RXUAV:1 EDGEPORT:9998 TS:5.410 SPD:20.000 HDG:-1.100 PX:107.900 PY:-10.000 LAN:1 BRK:1 RX_X:0.000 RX_Y:0.000 RX_Z:0.000
[ZONE-ROUTE] CID:0 zone=1 edge_port=9998
[EDGE-RTT] CID:0 wall=1.1 ms  sim_delay=10.0 ms
>>> [UAV->CLOUD] BLK:c0f3|TX:7.0.0.4|CID:0|TS:5.410|SPD:20.0|HDG:-1.1|PX:107.9|PY:-10.0|L...
[PASSIVE-BEACON] SIMNOW:5.427 CID:11 ZONE:1 RXUAV:1 EDGEPORT:9998 TS:5.414 SPD:19.800 HDG:1.000 PX:148.400 PY:-20.000 LAN:2 BRK:0 RX_X:0.000 RX_Y:0.000 RX_Z:0.000
[ZONE-ROUTE] CID:11 zone=1 edge_port=9998
[EDGE-RTT] CID:11 wall=0.7 ms  sim_delay=10.0 ms
>>> [UAV->CLOUD] BLK:3203|TX:7.0.0.15|CID:11|TS:5.414|SPD:19.8|HDG:1.0|PX:148.4|PY:-20.0|...
✓ [CAR 11] ACT=OK REP=0.884 RWD=1.000 PNL=0.000 CREDIT=6
✓ [CAR 0] ACT=OK REP=0.761 RWD=1.000 PNL=0.000 CREDIT=6
[PASSIVE-BEACON] SIMNOW:5.468 CID:13 ZONE:1 RXUAV:1 EDGEPORT:9998 TS:5.454 SPD:20.200 HDG:1.900 PX:148.900 PY:-40.000 LAN:4 BRK:0 RX_X:0.000 RX_Y:0.000 RX_Z:0.000
[ZONE-ROUTE] CID:13 zone=1 edge_port=9998
[EDGE-RTT] CID:13 wall=1.1 ms  sim_delay=10.0 ms
>>> [UAV->CLOUD] BLK:9273|TX:7.0.0.17|CID:13|TS:5.454|SPD:20.2|HDG:1.9|PX:148.9|PY:-40.0|...
[PASSIVE-BEACON] SIMNOW:5.470 CID:17 ZONE:1 RXUAV:1 EDGEPORT:9998 TS:5.456 SPD:19.700 HDG:-1.100 PX:169.300 PY:-30.000 LAN:3 BRK:0 RX_X:0.000 RX_Y:0.000 RX_Z:0.000
[ZONE-ROUTE] CID:17 zone=1 edge_port=9998
[EDGE-RTT] CID:17 wall=0.8 ms  sim_delay=10.0 ms
>>> [UAV->CLOUD] BLK:66f6|TX:7.0.0.21|CID:17|TS:5.456|SPD:19.7|HDG:-1.1|PX:169.3|PY:-30.0...
✓ [CAR 13] ACT=OK REP=0.890 RWD=1.000 PNL=0.000 CREDIT=5
✓ [CAR 17] ACT=OK REP=0.849 RWD=1.000 PNL=0.000 CREDIT=6
[PASSIVE-BEACON] SIMNOW:5.566 CID:8 ZONE:1 RXUAV:1 EDGEPORT:9998 TS:5.552 SPD:20.300 HDG:1.300 PX:130.800 PY:-40.000 LAN:4 BRK:0 RX_X:0.000 RX_Y:0.000 RX_Z:0.000
[ZONE-ROUTE] CID:8 zone=1 edge_port=9998
[EDGE-RTT] CID:8 wall=1.1 ms  sim_delay=10.0 ms
>>> [UAV->CLOUD] BLK:c46a|TX:7.0.0.12|CID:8|TS:5.552|SPD:20.3|HDG:1.3|PX:130.8|PY:-40.0|L...
[PASSIVE-BEACON] SIMNOW:5.578 CID:10 ZONE:1 RXUAV:1 EDGEPORT:9998 TS:5.564 SPD:19.900 HDG:1.200 PX:151.100 PY:-10.000 LAN:1 BRK:0 RX_X:0.000 RX_Y:0.000 RX_Z:0.000
[ZONE-ROUTE] CID:10 zone=1 edge_port=9998
[EDGE-RTT] CID:10 wall=0.9 ms  sim_delay=10.0 ms
>>> [UAV->CLOUD] BLK:2bbd|TX:7.0.0.14|CID:10|TS:5.564|SPD:19.9|HDG:1.2|PX:151.1|PY:-10.0|...
✓ [CAR 8] ACT=OK REP=0.850 RWD=1.000 PNL=0.000 CREDIT=6
[PASSIVE-BEACON] SIMNOW:5.584 CID:2 ZONE:1 RXUAV:1 EDGEPORT:9998 TS:5.570 SPD:19.600 HDG:-1.800 PX:110.800 PY:-30.000 LAN:3 BRK:0 RX_X:0.000 RX_Y:0.000 RX_Z:0.000
[ZONE-ROUTE] CID:2 zone=1 edge_port=9998
[EDGE-RTT] CID:2 wall=0.7 ms  sim_delay=10.0 ms
>>> [UAV->CLOUD] BLK:8aaf|TX:7.0.0.6|CID:2|TS:5.570|SPD:19.6|HDG:-1.8|PX:110.8|PY:-30.0|L...
✓ [CAR 10] ACT=OK REP=0.695 RWD=1.000 PNL=0.000 CREDIT=7
✓ [CAR 2] ACT=OK REP=0.749 RWD=1.000 PNL=0.000 CREDIT=7
[PASSIVE-BEACON] SIMNOW:5.614 CID:4 ZONE:1 RXUAV:1 EDGEPORT:9998 TS:5.600 SPD:19.600 HDG:-0.300 PX:112.500 PY:-50.000 LAN:5 BRK:0 RX_X:0.000 RX_Y:0.000 RX_Z:0.000
[ZONE-ROUTE] CID:4 zone=1 edge_port=9998
[EDGE-RTT] CID:4 wall=1.3 ms  sim_delay=10.0 ms
>>> [UAV->CLOUD] BLK:2471|TX:7.0.0.8|CID:4|TS:5.600|SPD:19.6|HDG:-0.3|PX:112.5|PY:-50.0|L...
✓ [CAR 4] ACT=OK REP=1.000 RWD=1.000 PNL=0.000 CREDIT=7
[PASSIVE-BEACON] SIMNOW:5.636 CID:9 ZONE:1 RXUAV:1 EDGEPORT:9998 TS:5.622 SPD:19.800 HDG:-1.200 PX:131.700 PY:-50.000 LAN:5 BRK:0 RX_X:0.000 RX_Y:0.000 RX_Z:0.000
[ZONE-ROUTE] CID:9 zone=1 edge_port=9998
[EDGE-RTT] CID:9 wall=1.1 ms  sim_delay=10.0 ms
>>> [UAV->CLOUD] BLK:4ad9|TX:7.0.0.13|CID:9|TS:5.622|SPD:19.8|HDG:-1.2|PX:131.7|PY:-50.0|...
✓ [CAR 9] ACT=OK REP=0.812 RWD=1.000 PNL=0.000 CREDIT=6
[PASSIVE-BEACON] SIMNOW:5.656 CID:5 ZONE:1 RXUAV:1 EDGEPORT:9998 TS:5.642 SPD:20.200 HDG:0.600 PX:132.500 PY:-10.000 LAN:1 BRK:0 RX_X:0.000 RX_Y:0.000 RX_Z:0.000
[ZONE-ROUTE] CID:5 zone=1 edge_port=9998
[EDGE-RTT] CID:5 wall=1.2 ms  sim_delay=10.0 ms
>>> [UAV->CLOUD] BLK:0dcc|TX:7.0.0.9|CID:5|TS:5.642|SPD:20.2|HDG:0.6|PX:132.5|PY:-10.0|LA...
[PASSIVE-BEACON] SIMNOW:5.660 CID:18 ZONE:1 RXUAV:1 EDGEPORT:9998 TS:5.646 SPD:20.400 HDG:1.700 PX:173.200 PY:-40.000 LAN:4 BRK:0 RX_X:0.000 RX_Y:0.000 RX_Z:0.000
[ZONE-ROUTE] CID:18 zone=1 edge_port=9998
[EDGE-RTT] CID:18 wall=1.0 ms  sim_delay=10.0 ms
>>> [UAV->CLOUD] BLK:3c5d|TX:7.0.0.22|CID:18|TS:5.646|SPD:20.4|HDG:1.7|PX:173.2|PY:-40.0|...
✓ [CAR 5] ACT=OK REP=0.656 RWD=1.000 PNL=0.000 CREDIT=6
✓ [CAR 18] ACT=OK REP=0.649 RWD=1.000 PNL=0.000 CREDIT=6
[PASSIVE-BEACON] SIMNOW:5.706 CID:7 ZONE:1 RXUAV:1 EDGEPORT:9998 TS:5.692 SPD:19.600 HDG:0.300 PX:133.700 PY:-30.000 LAN:3 BRK:0 RX_X:0.000 RX_Y:0.000 RX_Z:0.000
[ZONE-ROUTE] CID:7 zone=1 edge_port=9998
[EDGE-RTT] CID:7 wall=1.1 ms  sim_delay=10.0 ms
>>> [UAV->CLOUD] BLK:61ac|TX:7.0.0.11|CID:7|TS:5.692|SPD:19.6|HDG:0.3|PX:133.7|PY:-30.0|L...
✓ [CAR 7] ACT=OK REP=0.958 RWD=1.000 PNL=0.000 CREDIT=6
[PASSIVE-BEACON] SIMNOW:5.734 CID:1 ZONE:1 RXUAV:1 EDGEPORT:9998 TS:5.720 SPD:20.500 HDG:-2.000 PX:114.100 PY:-20.000 LAN:2 BRK:0 RX_X:0.000 RX_Y:0.000 RX_Z:0.000
[ZONE-ROUTE] CID:1 zone=1 edge_port=9998
[EDGE-RTT] CID:1 wall=1.0 ms  sim_delay=10.0 ms
>>> [UAV->CLOUD] BLK:d1e5|TX:7.0.0.5|CID:1|TS:5.720|SPD:20.5|HDG:-2.0|PX:114.1|PY:-20.0|L...
✓ [CAR 1] ACT=OK REP=0.726 RWD=1.000 PNL=0.000 CREDIT=7
[PASSIVE-BEACON] SIMNOW:5.758 CID:12 ZONE:1 RXUAV:1 EDGEPORT:9998 TS:5.744 SPD:19.800 HDG:1.500 PX:154.500 PY:-30.000 LAN:3 BRK:0 RX_X:0.000 RX_Y:0.000 RX_Z:0.000
[ZONE-ROUTE] CID:12 zone=1 edge_port=9998
[EDGE-RTT] CID:12 wall=1.1 ms  sim_delay=10.0 ms
>>> [UAV->CLOUD] BLK:e0dc|TX:7.0.0.16|CID:12|TS:5.744|SPD:19.8|HDG:1.5|PX:154.5|PY:-30.0|...
[PASSIVE-BEACON] SIMNOW:5.760 CID:15 ZONE:1 RXUAV:1 EDGEPORT:9998 TS:5.746 SPD:20.400 HDG:1.200 PX:174.200 PY:-10.000 LAN:1 BRK:0 RX_X:0.000 RX_Y:0.000 RX_Z:0.000
[ZONE-ROUTE] CID:15 zone=1 edge_port=9998
[EDGE-RTT] CID:15 wall=1.0 ms  sim_delay=10.0 ms
>>> [UAV->CLOUD] BLK:d7ff|TX:7.0.0.19|CID:15|TS:5.746|SPD:20.4|HDG:1.2|PX:174.2|PY:-10.0|...
[PASSIVE-BEACON] SIMNOW:5.770 CID:19 ZONE:1 RXUAV:1 EDGEPORT:9998 TS:5.756 SPD:20.100 HDG:-1.400 PX:174.700 PY:-50.000 LAN:5 BRK:0 RX_X:0.000 RX_Y:0.000 RX_Z:0.000
[ZONE-ROUTE] CID:19 zone=1 edge_port=9998
[EDGE-RTT] CID:19 wall=1.0 ms  sim_delay=10.0 ms
>>> [UAV->CLOUD] BLK:c7c0|TX:7.0.0.23|CID:19|TS:5.756|SPD:20.1|HDG:-1.4|PX:174.7|PY:-50.0...
✓ [CAR 12] ACT=OK REP=0.813 RWD=1.000 PNL=0.000 CREDIT=7
✓ [CAR 15] ACT=OK REP=0.901 RWD=1.000 PNL=0.000 CREDIT=7
✓ [CAR 19] ACT=OK REP=0.820 RWD=1.000 PNL=0.000 CREDIT=7
[PASSIVE-BEACON] SIMNOW:5.800 CID:16 ZONE:1 RXUAV:1 EDGEPORT:9998 TS:5.786 SPD:19.700 HDG:0.700 PX:175.900 PY:-20.000 LAN:2 BRK:0 RX_X:0.000 RX_Y:0.000 RX_Z:0.000
[ZONE-ROUTE] CID:16 zone=1 edge_port=9998
[EDGE-RTT] CID:16 wall=1.3 ms  sim_delay=10.0 ms
>>> [UAV->CLOUD] BLK:37d8|TX:7.0.0.20|CID:16|TS:5.786|SPD:19.7|HDG:0.7|PX:175.9|PY:-20.0|...
✓ [CAR 16] ACT=OK REP=0.734 RWD=1.000 PNL=0.000 CREDIT=6
[PASSIVE-BEACON] SIMNOW:5.824 CID:3 ZONE:1 RXUAV:1 EDGEPORT:9998 TS:5.810 SPD:19.600 HDG:-1.200 PX:115.500 PY:-40.000 LAN:4 BRK:0 RX_X:0.000 RX_Y:0.000 RX_Z:0.000
[ZONE-ROUTE] CID:3 zone=1 edge_port=9998
[EDGE-RTT] CID:3 wall=1.1 ms  sim_delay=10.0 ms
>>> [UAV->CLOUD] BLK:7e6c|TX:7.0.0.7|CID:3|TS:5.810|SPD:19.6|HDG:-1.2|PX:115.5|PY:-40.0|L...
[PASSIVE-BEACON] SIMNOW:5.836 CID:6 ZONE:1 RXUAV:1 EDGEPORT:9998 TS:5.822 SPD:19.600 HDG:0.700 PX:136.200 PY:-20.000 LAN:2 BRK:0 RX_X:0.000 RX_Y:0.000 RX_Z:0.000
[ZONE-ROUTE] CID:6 zone=1 edge_port=9998
[EDGE-RTT] CID:6 wall=1.0 ms  sim_delay=10.0 ms
>>> [UAV->CLOUD] BLK:cf35|TX:7.0.0.10|CID:6|TS:5.822|SPD:19.6|HDG:0.7|PX:136.2|PY:-20.0|L...
✓ [CAR 3] ACT=OK REP=0.900 RWD=1.000 PNL=0.000 CREDIT=6
[PASSIVE-BEACON] SIMNOW:5.848 CID:14 ZONE:1 RXUAV:1 EDGEPORT:9998 TS:5.834 SPD:20.100 HDG:-0.000 PX:157.300 PY:-50.000 LAN:5 BRK:0 RX_X:0.000 RX_Y:0.000 RX_Z:0.000
[ZONE-ROUTE] CID:14 zone=1 edge_port=9998
[EDGE-RTT] CID:14 wall=1.1 ms  sim_delay=10.0 ms
>>> [UAV->CLOUD] BLK:2cf9|TX:7.0.0.18|CID:14|TS:5.834|SPD:20.1|HDG:-0.0|PX:157.3|PY:-50.0...
✓ [CAR 6] ACT=OK REP=0.796 RWD=1.000 PNL=0.000 CREDIT=7
✓ [CAR 14] ACT=OK REP=0.892 RWD=1.000 PNL=0.000 CREDIT=6
[PASSIVE-BEACON] SIMNOW:5.924 CID:0 ZONE:1 RXUAV:1 EDGEPORT:9998 TS:5.910 SPD:20.200 HDG:0.500 PX:118.600 PY:-10.000 LAN:1 BRK:0 RX_X:0.000 RX_Y:0.000 RX_Z:0.000
[ZONE-ROUTE] CID:0 zone=1 edge_port=9998
[EDGE-RTT] CID:0 wall=1.3 ms  sim_delay=10.0 ms
>>> [UAV->CLOUD] BLK:57a5|TX:7.0.0.4|CID:0|TS:5.910|SPD:20.2|HDG:0.5|PX:118.6|PY:-10.0|LA...
[PASSIVE-BEACON] SIMNOW:5.928 CID:11 ZONE:1 RXUAV:1 EDGEPORT:9998 TS:5.914 SPD:19.700 HDG:0.500 PX:158.700 PY:-20.000 LAN:2 BRK:1 RX_X:0.000 RX_Y:0.000 RX_Z:0.000
[ZONE-ROUTE] CID:11 zone=1 edge_port=9998
[EDGE-RTT] CID:11 wall=1.0 ms  sim_delay=10.0 ms
>>> [UAV->CLOUD] BLK:f9b7|TX:7.0.0.15|CID:11|TS:5.914|SPD:19.7|HDG:0.5|PX:158.7|PY:-20.0|...
✓ [CAR 0] ACT=OK REP=0.775 RWD=1.000 PNL=0.000 CREDIT=7
✓ [CAR 11] ACT=OK REP=0.948 RWD=1.000 PNL=0.000 CREDIT=7
[PASSIVE-BEACON] SIMNOW:5.968 CID:13 ZONE:1 RXUAV:1 EDGEPORT:9998 TS:5.954 SPD:20.200 HDG:-1.900 PX:159.200 PY:-40.000 LAN:4 BRK:0 RX_X:0.000 RX_Y:0.000 RX_Z:0.000
[ZONE-ROUTE] CID:13 zone=1 edge_port=9998
[EDGE-RTT] CID:13 wall=1.4 ms  sim_delay=10.0 ms
>>> [UAV->CLOUD] BLK:1e8c|TX:7.0.0.17|CID:13|TS:5.954|SPD:20.2|HDG:-1.9|PX:159.2|PY:-40.0...
[PASSIVE-BEACON] SIMNOW:5.971 CID:17 ZONE:1 RXUAV:1 EDGEPORT:9998 TS:5.956 SPD:20.000 HDG:0.300 PX:178.900 PY:-30.000 LAN:3 BRK:0 RX_X:0.000 RX_Y:0.000 RX_Z:0.000
[ZONE-ROUTE] CID:17 zone=1 edge_port=9998
[EDGE-RTT] CID:17 wall=1.1 ms  sim_delay=10.0 ms
>>> [UAV->CLOUD] BLK:65c3|TX:7.0.0.21|CID:17|TS:5.956|SPD:20.0|HDG:0.3|PX:178.9|PY:-30.0|...
✓ [CAR 13] ACT=OK REP=0.911 RWD=1.000 PNL=0.000 CREDIT=6
✓ [CAR 17] ACT=OK REP=0.671 RWD=1.000 PNL=0.000 CREDIT=7
[PASSIVE-BEACON] SIMNOW:6.066 CID:8 ZONE:1 RXUAV:1 EDGEPORT:9998 TS:6.052 SPD:19.700 HDG:1.600 PX:141.200 PY:-40.000 LAN:4 BRK:1 RX_X:0.000 RX_Y:0.000 RX_Z:0.000
[ZONE-ROUTE] CID:8 zone=1 edge_port=9998
[EDGE-RTT] CID:8 wall=1.0 ms  sim_delay=10.0 ms
>>> [UAV->CLOUD] BLK:d335|TX:7.0.0.12|CID:8|TS:6.052|SPD:19.7|HDG:1.6|PX:141.2|PY:-40.0|L...
[PASSIVE-BEACON] SIMNOW:6.077 CID:10 ZONE:1 RXUAV:1 EDGEPORT:9998 TS:6.064 SPD:19.900 HDG:0.400 PX:160.800 PY:-10.000 LAN:1 BRK:0 RX_X:0.000 RX_Y:0.000 RX_Z:0.000
[ZONE-ROUTE] CID:10 zone=1 edge_port=9998
[EDGE-RTT] CID:10 wall=1.2 ms  sim_delay=10.0 ms
>>> [UAV->CLOUD] BLK:c95a|TX:7.0.0.14|CID:10|TS:6.064|SPD:19.9|HDG:0.4|PX:160.8|PY:-10.0|...
✓ [CAR 8] ACT=OK REP=1.000 RWD=1.000 PNL=0.000 CREDIT=7
[PASSIVE-BEACON] SIMNOW:6.084 CID:2 ZONE:1 RXUAV:1 EDGEPORT:9998 TS:6.070 SPD:19.800 HDG:-0.400 PX:121.000 PY:-30.000 LAN:3 BRK:1 RX_X:0.000 RX_Y:0.000 RX_Z:0.000
[ZONE-ROUTE] CID:2 zone=1 edge_port=9998
[EDGE-RTT] CID:2 wall=0.9 ms  sim_delay=10.0 ms
>>> [UAV->CLOUD] BLK:8475|TX:7.0.0.6|CID:2|TS:6.070|SPD:19.8|HDG:-0.4|PX:121.0|PY:-30.0|L...
✓ [CAR 10] ACT=OK REP=0.517 RWD=1.000 PNL=0.000 CREDIT=8
✓ [CAR 2] ACT=OK REP=0.895 RWD=1.000 PNL=0.000 CREDIT=8
[PASSIVE-BEACON] SIMNOW:6.114 CID:4 ZONE:1 RXUAV:1 EDGEPORT:9998 TS:6.100 SPD:19.900 HDG:1.800 PX:121.500 PY:-50.000 LAN:5 BRK:1 RX_X:0.000 RX_Y:0.000 RX_Z:0.000
[ZONE-ROUTE] CID:4 zone=1 edge_port=9998
[EDGE-RTT] CID:4 wall=1.1 ms  sim_delay=10.0 ms
>>> [UAV->CLOUD] BLK:84c9|TX:7.0.0.8|CID:4|TS:6.100|SPD:19.9|HDG:1.8|PX:121.5|PY:-50.0|LA...
✓ [CAR 4] ACT=OK REP=1.000 RWD=1.000 PNL=0.000 CREDIT=8
[PASSIVE-BEACON] SIMNOW:6.136 CID:9 ZONE:1 RXUAV:1 EDGEPORT:9998 TS:6.122 SPD:19.600 HDG:-0.600 PX:143.000 PY:-50.000 LAN:5 BRK:0 RX_X:0.000 RX_Y:0.000 RX_Z:0.000
[ZONE-ROUTE] CID:9 zone=1 edge_port=9998
[EDGE-RTT] CID:9 wall=1.1 ms  sim_delay=10.0 ms
>>> [UAV->CLOUD] BLK:ec16|TX:7.0.0.13|CID:9|TS:6.122|SPD:19.6|HDG:-0.6|PX:143.0|PY:-50.0|...
✓ [CAR 9] ACT=OK REP=0.979 RWD=1.000 PNL=0.000 CREDIT=7
[PASSIVE-BEACON] SIMNOW:6.157 CID:5 ZONE:1 RXUAV:1 EDGEPORT:9998 TS:6.142 SPD:19.800 HDG:0.600 PX:142.400 PY:-10.000 LAN:1 BRK:1 RX_X:0.000 RX_Y:0.000 RX_Z:0.000
[ZONE-ROUTE] CID:5 zone=1 edge_port=9998
[EDGE-RTT] CID:5 wall=1.3 ms  sim_delay=10.0 ms
>>> [UAV->CLOUD] BLK:edcc|TX:7.0.0.9|CID:5|TS:6.142|SPD:19.8|HDG:0.6|PX:142.4|PY:-10.0|LA...
[PASSIVE-BEACON] SIMNOW:6.160 CID:18 ZONE:1 RXUAV:1 EDGEPORT:9998 TS:6.146 SPD:20.500 HDG:-0.200 PX:183.200 PY:-40.000 LAN:4 BRK:0 RX_X:0.000 RX_Y:0.000 RX_Z:0.000
[ZONE-ROUTE] CID:18 zone=1 edge_port=9998
[EDGE-RTT] CID:18 wall=0.8 ms  sim_delay=10.0 ms
>>> [UAV->CLOUD] BLK:8d3e|TX:7.0.0.22|CID:18|TS:6.146|SPD:20.5|HDG:-0.2|PX:183.2|PY:-40.0...
✓ [CAR 5] ACT=OK REP=0.821 RWD=1.000 PNL=0.000 CREDIT=7
✓ [CAR 18] ACT=OK REP=0.975 RWD=1.000 PNL=0.000 CREDIT=7
[PASSIVE-BEACON] SIMNOW:6.206 CID:7 ZONE:1 RXUAV:1 EDGEPORT:9998 TS:6.192 SPD:20.100 HDG:-1.900 PX:144.300 PY:-30.000 LAN:3 BRK:0 RX_X:0.000 RX_Y:0.000 RX_Z:0.000
[ZONE-ROUTE] CID:7 zone=1 edge_port=9998
[EDGE-RTT] CID:7 wall=1.0 ms  sim_delay=10.0 ms
>>> [UAV->CLOUD] BLK:f851|TX:7.0.0.11|CID:7|TS:6.192|SPD:20.1|HDG:-1.9|PX:144.3|PY:-30.0|...
✓ [CAR 7] ACT=OK REP=0.986 RWD=1.000 PNL=0.000 CREDIT=7
[PASSIVE-BEACON] SIMNOW:6.234 CID:1 ZONE:1 RXUAV:1 EDGEPORT:9998 TS:6.220 SPD:19.600 HDG:-1.600 PX:123.600 PY:-20.000 LAN:2 BRK:0 RX_X:0.000 RX_Y:0.000 RX_Z:0.000
[ZONE-ROUTE] CID:1 zone=1 edge_port=9998
[EDGE-RTT] CID:1 wall=1.1 ms  sim_delay=10.0 ms
>>> [UAV->CLOUD] BLK:93b2|TX:7.0.0.5|CID:1|TS:6.220|SPD:19.6|HDG:-1.6|PX:123.6|PY:-20.0|L...
✓ [CAR 1] ACT=OK REP=0.932 RWD=1.000 PNL=0.000 CREDIT=8
[PASSIVE-BEACON] SIMNOW:6.256 CID:12 ZONE:1 RXUAV:1 EDGEPORT:9998 TS:6.244 SPD:20.100 HDG:1.600 PX:165.500 PY:-30.000 LAN:3 BRK:0 RX_X:0.000 RX_Y:0.000 RX_Z:0.000
[ZONE-ROUTE] CID:12 zone=1 edge_port=9998
[EDGE-RTT] CID:12 wall=1.1 ms  sim_delay=10.0 ms
>>> [UAV->CLOUD] BLK:c290|TX:7.0.0.16|CID:12|TS:6.244|SPD:20.1|HDG:1.6|PX:165.5|PY:-30.0|...
[PASSIVE-BEACON] SIMNOW:6.260 CID:15 ZONE:1 RXUAV:1 EDGEPORT:9998 TS:6.246 SPD:20.100 HDG:-0.300 PX:184.800 PY:-10.000 LAN:1 BRK:1 RX_X:0.000 RX_Y:0.000 RX_Z:0.000
[ZONE-ROUTE] CID:15 zone=1 edge_port=9998
[EDGE-RTT] CID:15 wall=0.7 ms  sim_delay=10.0 ms
>>> [UAV->CLOUD] BLK:a4eb|TX:7.0.0.19|CID:15|TS:6.246|SPD:20.1|HDG:-0.3|PX:184.8|PY:-10.0...
✓ [CAR 12] ACT=OK REP=0.929 RWD=1.000 PNL=0.000 CREDIT=8
[PASSIVE-BEACON] SIMNOW:6.273 CID:19 ZONE:1 RXUAV:1 EDGEPORT:9998 TS:6.256 SPD:20.000 HDG:-1.100 PX:184.400 PY:-50.000 LAN:5 BRK:0 RX_X:0.000 RX_Y:0.000 RX_Z:0.000
[ZONE-ROUTE] CID:19 zone=1 edge_port=9998
[EDGE-RTT] CID:19 wall=1.1 ms  sim_delay=10.0 ms
>>> [UAV->CLOUD] BLK:657f|TX:7.0.0.23|CID:19|TS:6.256|SPD:20.0|HDG:-1.1|PX:184.4|PY:-50.0...
✓ [CAR 15] ACT=OK REP=1.000 RWD=1.000 PNL=0.000 CREDIT=8
✓ [CAR 19] ACT=OK REP=0.738 RWD=1.000 PNL=0.000 CREDIT=8
[PASSIVE-BEACON] SIMNOW:6.300 CID:16 ZONE:1 RXUAV:1 EDGEPORT:9998 TS:6.286 SPD:19.600 HDG:-0.200 PX:185.100 PY:-20.000 LAN:2 BRK:0 RX_X:0.000 RX_Y:0.000 RX_Z:0.000
[ZONE-ROUTE] CID:16 zone=1 edge_port=9998
[EDGE-RTT] CID:16 wall=0.8 ms  sim_delay=10.0 ms
>>> [UAV->CLOUD] BLK:bc3e|TX:7.0.0.20|CID:16|TS:6.286|SPD:19.6|HDG:-0.2|PX:185.1|PY:-20.0...
✓ [CAR 16] ACT=OK REP=0.947 RWD=1.000 PNL=0.000 CREDIT=7
[PASSIVE-BEACON] SIMNOW:6.323 CID:3 ZONE:1 RXUAV:1 EDGEPORT:9998 TS:6.310 SPD:19.500 HDG:-1.000 PX:126.500 PY:-40.000 LAN:4 BRK:0 RX_X:0.000 RX_Y:0.000 RX_Z:0.000
[ZONE-ROUTE] CID:3 zone=1 edge_port=9998
[EDGE-RTT] CID:3 wall=0.9 ms  sim_delay=10.0 ms
>>> [UAV->CLOUD] BLK:b6cd|TX:7.0.0.7|CID:3|TS:6.310|SPD:19.5|HDG:-1.0|PX:126.5|PY:-40.0|L...
[PASSIVE-BEACON] SIMNOW:6.336 CID:6 ZONE:1 RXUAV:1 EDGEPORT:9998 TS:6.322 SPD:20.100 HDG:0.300 PX:146.800 PY:-20.000 LAN:2 BRK:0 RX_X:0.000 RX_Y:0.000 RX_Z:0.000
[ZONE-ROUTE] CID:6 zone=1 edge_port=9998
[EDGE-RTT] CID:6 wall=1.0 ms  sim_delay=10.0 ms
>>> [UAV->CLOUD] BLK:11f9|TX:7.0.0.10|CID:6|TS:6.322|SPD:20.1|HDG:0.3|PX:146.8|PY:-20.0|L...
✓ [CAR 3] ACT=OK REP=0.821 RWD=1.000 PNL=0.000 CREDIT=7
[PASSIVE-BEACON] SIMNOW:6.346 CID:14 ZONE:1 RXUAV:1 EDGEPORT:9998 TS:6.334 SPD:19.700 HDG:-1.300 PX:167.000 PY:-50.000 LAN:5 BRK:1 RX_X:0.000 RX_Y:0.000 RX_Z:0.000
[ZONE-ROUTE] CID:14 zone=1 edge_port=9998
[EDGE-RTT] CID:14 wall=1.1 ms  sim_delay=10.0 ms
>>> [UAV->CLOUD] BLK:4560|TX:7.0.0.18|CID:14|TS:6.334|SPD:19.7|HDG:-1.3|PX:167.0|PY:-50.0...
✓ [CAR 6] ACT=OK REP=0.936 RWD=1.000 PNL=0.000 CREDIT=8
✓ [CAR 14] ACT=OK REP=0.943 RWD=1.000 PNL=0.000 CREDIT=7
[PASSIVE-BEACON] SIMNOW:6.427 CID:0 ZONE:1 RXUAV:1 EDGEPORT:9998 TS:6.410 SPD:20.300 HDG:1.400 PX:128.100 PY:-10.000 LAN:1 BRK:0 RX_X:0.000 RX_Y:0.000 RX_Z:0.000
[ZONE-ROUTE] CID:0 zone=1 edge_port=9998
[EDGE-RTT] CID:0 wall=1.1 ms  sim_delay=10.0 ms
>>> [UAV->CLOUD] BLK:df3f|TX:7.0.0.4|CID:0|TS:6.410|SPD:20.3|HDG:1.4|PX:128.1|PY:-10.0|LA...
[PASSIVE-BEACON] SIMNOW:6.428 CID:11 ZONE:1 RXUAV:1 EDGEPORT:9998 TS:6.414 SPD:19.600 HDG:-0.900 PX:167.600 PY:-20.000 LAN:2 BRK:0 RX_X:0.000 RX_Y:0.000 RX_Z:0.000
[ZONE-ROUTE] CID:11 zone=1 edge_port=9998
[EDGE-RTT] CID:11 wall=0.8 ms  sim_delay=10.0 ms
>>> [UAV->CLOUD] BLK:e07f|TX:7.0.0.15|CID:11|TS:6.414|SPD:19.6|HDG:-0.9|PX:167.6|PY:-20.0...
✓ [CAR 0] ACT=OK REP=0.915 RWD=1.000 PNL=0.000 CREDIT=8
✓ [CAR 11] ACT=OK REP=0.811 RWD=1.000 PNL=0.000 CREDIT=8
[PASSIVE-BEACON] SIMNOW:6.468 CID:13 ZONE:1 RXUAV:1 EDGEPORT:9998 TS:6.454 SPD:20.200 HDG:2.000 PX:168.600 PY:-40.000 LAN:4 BRK:0 RX_X:0.000 RX_Y:0.000 RX_Z:0.000
[ZONE-ROUTE] CID:13 zone=1 edge_port=9998
[EDGE-RTT] CID:13 wall=0.9 ms  sim_delay=10.0 ms
>>> [UAV->CLOUD] BLK:4370|TX:7.0.0.17|CID:13|TS:6.454|SPD:20.2|HDG:2.0|PX:168.6|PY:-40.0|...
[PASSIVE-BEACON] SIMNOW:6.470 CID:17 ZONE:1 RXUAV:1 EDGEPORT:9998 TS:6.456 SPD:20.400 HDG:0.000 PX:189.600 PY:-30.000 LAN:3 BRK:0 RX_X:0.000 RX_Y:0.000 RX_Z:0.000
[ZONE-ROUTE] CID:17 zone=1 edge_port=9998
[EDGE-RTT] CID:17 wall=1.0 ms  sim_delay=10.0 ms
>>> [UAV->CLOUD] BLK:5d62|TX:7.0.0.21|CID:17|TS:6.456|SPD:20.4|HDG:0.0|PX:189.6|PY:-30.0|...
✓ [CAR 13] ACT=OK REP=0.945 RWD=1.000 PNL=0.000 CREDIT=7
✓ [CAR 17] ACT=OK REP=0.851 RWD=1.000 PNL=0.000 CREDIT=8
[PASSIVE-BEACON] SIMNOW:6.566 CID:8 ZONE:1 RXUAV:1 EDGEPORT:9998 TS:6.552 SPD:19.500 HDG:1.500 PX:151.100 PY:-40.000 LAN:4 BRK:0 RX_X:0.000 RX_Y:0.000 RX_Z:0.000
[ZONE-ROUTE] CID:8 zone=1 edge_port=9998
[EDGE-RTT] CID:8 wall=0.8 ms  sim_delay=10.0 ms
>>> [UAV->CLOUD] BLK:2ea0|TX:7.0.0.12|CID:8|TS:6.552|SPD:19.5|HDG:1.5|PX:151.1|PY:-40.0|L...
[PASSIVE-BEACON] SIMNOW:6.578 CID:10 ZONE:1 RXUAV:1 EDGEPORT:9998 TS:6.564 SPD:19.600 HDG:-1.800 PX:170.800 PY:-10.000 LAN:1 BRK:1 RX_X:0.000 RX_Y:0.000 RX_Z:0.000
[ZONE-ROUTE] CID:10 zone=1 edge_port=9998
[EDGE-RTT] CID:10 wall=0.9 ms  sim_delay=10.0 ms
>>> [UAV->CLOUD] BLK:be8c|TX:7.0.0.14|CID:10|TS:6.564|SPD:19.6|HDG:-1.8|PX:170.8|PY:-10.0...
✓ [CAR 8] ACT=OK REP=0.916 RWD=1.000 PNL=0.000 CREDIT=8
[PASSIVE-BEACON] SIMNOW:6.587 CID:2 ZONE:1 RXUAV:1 EDGEPORT:9998 TS:6.570 SPD:20.400 HDG:-0.700 PX:131.800 PY:-30.000 LAN:3 BRK:0 RX_X:0.000 RX_Y:0.000 RX_Z:0.000
[ZONE-ROUTE] CID:2 zone=1 edge_port=9998
[EDGE-RTT] CID:2 wall=0.9 ms  sim_delay=10.0 ms
>>> [UAV->CLOUD] BLK:8097|TX:7.0.0.6|CID:2|TS:6.570|SPD:20.4|HDG:-0.7|PX:131.8|PY:-30.0|L...
✓ [CAR 10] ACT=OK REP=0.757 RWD=1.000 PNL=0.000 CREDIT=9
✓ [CAR 2] ACT=OK REP=0.605 RWD=1.000 PNL=0.000 CREDIT=9
[PASSIVE-BEACON] SIMNOW:6.614 CID:4 ZONE:1 RXUAV:1 EDGEPORT:9998 TS:6.600 SPD:19.800 HDG:-0.700 PX:131.900 PY:-50.000 LAN:5 BRK:0 RX_X:0.000 RX_Y:0.000 RX_Z:0.000
[ZONE-ROUTE] CID:4 zone=1 edge_port=9998
[EDGE-RTT] CID:4 wall=1.2 ms  sim_delay=10.0 ms
>>> [UAV->CLOUD] BLK:4811|TX:7.0.0.8|CID:4|TS:6.600|SPD:19.8|HDG:-0.7|PX:131.9|PY:-50.0|L...
✓ [CAR 4] ACT=OK REP=0.686 RWD=1.000 PNL=0.000 CREDIT=9
[PASSIVE-BEACON] SIMNOW:6.636 CID:9 ZONE:1 RXUAV:1 EDGEPORT:9998 TS:6.622 SPD:19.900 HDG:0.200 PX:152.200 PY:-50.000 LAN:5 BRK:0 RX_X:0.000 RX_Y:0.000 RX_Z:0.000
[ZONE-ROUTE] CID:9 zone=1 edge_port=9998
[EDGE-RTT] CID:9 wall=1.2 ms  sim_delay=10.0 ms
>>> [UAV->CLOUD] BLK:abb4|TX:7.0.0.13|CID:9|TS:6.622|SPD:19.9|HDG:0.2|PX:152.2|PY:-50.0|L...
✓ [CAR 9] ACT=OK REP=1.000 RWD=1.000 PNL=0.000 CREDIT=8
[PASSIVE-BEACON] SIMNOW:6.656 CID:5 ZONE:1 RXUAV:1 EDGEPORT:9998 TS:6.642 SPD:20.400 HDG:1.900 PX:153.100 PY:-10.000 LAN:1 BRK:0 RX_X:0.000 RX_Y:0.000 RX_Z:0.000
[ZONE-ROUTE] CID:5 zone=1 edge_port=9998
[EDGE-RTT] CID:5 wall=0.8 ms  sim_delay=10.0 ms
>>> [UAV->CLOUD] BLK:c6fb|TX:7.0.0.9|CID:5|TS:6.642|SPD:20.4|HDG:1.9|PX:153.1|PY:-10.0|LA...
[PASSIVE-BEACON] SIMNOW:6.660 CID:18 ZONE:1 RXUAV:1 EDGEPORT:9998 TS:6.646 SPD:20.000 HDG:0.700 PX:193.100 PY:-40.000 LAN:4 BRK:0 RX_X:0.000 RX_Y:0.000 RX_Z:0.000
[ZONE-ROUTE] CID:18 zone=1 edge_port=9998
[EDGE-RTT] CID:18 wall=0.9 ms  sim_delay=10.0 ms
>>> [UAV->CLOUD] BLK:e44a|TX:7.0.0.22|CID:18|TS:6.646|SPD:20.0|HDG:0.7|PX:193.1|PY:-40.0|...
✓ [CAR 5] ACT=OK REP=0.858 RWD=1.000 PNL=0.000 CREDIT=8
✓ [CAR 18] ACT=OK REP=0.671 RWD=1.000 PNL=0.000 CREDIT=8
[PASSIVE-BEACON] SIMNOW:6.704 CID:7 ZONE:1 RXUAV:1 EDGEPORT:9998 TS:6.692 SPD:20.100 HDG:-0.300 PX:153.100 PY:-30.000 LAN:3 BRK:1 RX_X:0.000 RX_Y:0.000 RX_Z:0.000
[ZONE-ROUTE] CID:7 zone=1 edge_port=9998
[EDGE-RTT] CID:7 wall=1.1 ms  sim_delay=10.0 ms
>>> [UAV->CLOUD] BLK:fc49|TX:7.0.0.11|CID:7|TS:6.692|SPD:20.1|HDG:-0.3|PX:153.1|PY:-30.0|...
✓ [CAR 7] ACT=OK REP=0.760 RWD=1.000 PNL=0.000 CREDIT=8
[PASSIVE-BEACON] SIMNOW:6.734 CID:1 ZONE:1 RXUAV:1 EDGEPORT:9998 TS:6.720 SPD:19.900 HDG:-0.200 PX:134.300 PY:-20.000 LAN:2 BRK:0 RX_X:0.000 RX_Y:0.000 RX_Z:0.000
[ZONE-ROUTE] CID:1 zone=1 edge_port=9998
[EDGE-RTT] CID:1 wall=1.1 ms  sim_delay=10.0 ms
>>> [UAV->CLOUD] BLK:3d3b|TX:7.0.0.5|CID:1|TS:6.720|SPD:19.9|HDG:-0.2|PX:134.3|PY:-20.0|L...
✓ [CAR 1] ACT=OK REP=0.656 RWD=1.000 PNL=0.000 CREDIT=9
[PASSIVE-BEACON] SIMNOW:6.758 CID:12 ZONE:1 RXUAV:1 EDGEPORT:9998 TS:6.744 SPD:19.700 HDG:0.200 PX:175.500 PY:-30.000 LAN:3 BRK:1 RX_X:0.000 RX_Y:0.000 RX_Z:0.000
[ZONE-ROUTE] CID:12 zone=1 edge_port=9998
[EDGE-RTT] CID:12 wall=0.7 ms  sim_delay=10.0 ms
>>> [UAV->CLOUD] BLK:f6dd|TX:7.0.0.16|CID:12|TS:6.744|SPD:19.7|HDG:0.2|PX:175.5|PY:-30.0|...
[PASSIVE-BEACON] SIMNOW:6.760 CID:15 ZONE:1 RXUAV:1 EDGEPORT:9998 TS:6.746 SPD:20.000 HDG:-0.900 PX:195.200 PY:-10.000 LAN:1 BRK:0 RX_X:0.000 RX_Y:0.000 RX_Z:0.000
[ZONE-ROUTE] CID:15 zone=1 edge_port=9998
[EDGE-RTT] CID:15 wall=0.7 ms  sim_delay=10.0 ms
>>> [UAV->CLOUD] BLK:6746|TX:7.0.0.19|CID:15|TS:6.746|SPD:20.0|HDG:-0.9|PX:195.2|PY:-10.0...
✓ [CAR 12] ACT=OK REP=0.818 RWD=1.000 PNL=0.000 CREDIT=9
[PASSIVE-BEACON] SIMNOW:6.773 CID:19 ZONE:1 RXUAV:1 EDGEPORT:9998 TS:6.756 SPD:19.800 HDG:-1.800 PX:194.400 PY:-50.000 LAN:5 BRK:0 RX_X:0.000 RX_Y:0.000 RX_Z:0.000
[ZONE-ROUTE] CID:19 zone=1 edge_port=9998
[EDGE-RTT] CID:19 wall=1.0 ms  sim_delay=10.0 ms
>>> [UAV->CLOUD] BLK:c506|TX:7.0.0.23|CID:19|TS:6.756|SPD:19.8|HDG:-1.8|PX:194.4|PY:-50.0...
✓ [CAR 15] ACT=OK REP=0.840 RWD=1.000 PNL=0.000 CREDIT=9
✓ [CAR 19] ACT=OK REP=1.000 RWD=1.000 PNL=0.000 CREDIT=9
[PASSIVE-BEACON] SIMNOW:6.799 CID:16 ZONE:1 RXUAV:1 EDGEPORT:9998 TS:6.786 SPD:20.200 HDG:1.000 PX:196.000 PY:-20.000 LAN:2 BRK:0 RX_X:0.000 RX_Y:0.000 RX_Z:0.000
[ZONE-ROUTE] CID:16 zone=1 edge_port=9998
[EDGE-RTT] CID:16 wall=0.9 ms  sim_delay=10.0 ms
>>> [UAV->CLOUD] BLK:47da|TX:7.0.0.20|CID:16|TS:6.786|SPD:20.2|HDG:1.0|PX:196.0|PY:-20.0|...
✓ [CAR 16] ACT=OK REP=0.844 RWD=1.000 PNL=0.000 CREDIT=8
[PASSIVE-BEACON] SIMNOW:6.824 CID:3 ZONE:1 RXUAV:1 EDGEPORT:9998 TS:6.810 SPD:20.000 HDG:2.000 PX:136.400 PY:-40.000 LAN:4 BRK:0 RX_X:0.000 RX_Y:0.000 RX_Z:0.000
[ZONE-ROUTE] CID:3 zone=1 edge_port=9998
[EDGE-RTT] CID:3 wall=1.1 ms  sim_delay=10.0 ms
>>> [UAV->CLOUD] BLK:fd31|TX:7.0.0.7|CID:3|TS:6.810|SPD:20.0|HDG:2.0|PX:136.4|PY:-40.0|LA...
[PASSIVE-BEACON] SIMNOW:6.836 CID:6 ZONE:1 RXUAV:1 EDGEPORT:9998 TS:6.822 SPD:20.300 HDG:0.700 PX:157.000 PY:-20.000 LAN:2 BRK:0 RX_X:0.000 RX_Y:0.000 RX_Z:0.000
[ZONE-ROUTE] CID:6 zone=1 edge_port=9998
[EDGE-RTT] CID:6 wall=0.8 ms  sim_delay=10.0 ms
>>> [UAV->CLOUD] BLK:8246|TX:7.0.0.10|CID:6|TS:6.822|SPD:20.3|HDG:0.7|PX:157.0|PY:-20.0|L...
✓ [CAR 3] ACT=OK REP=0.733 RWD=1.000 PNL=0.000 CREDIT=8
[PASSIVE-BEACON] SIMNOW:6.848 CID:14 ZONE:1 RXUAV:1 EDGEPORT:9998 TS:6.834 SPD:20.100 HDG:1.100 PX:176.100 PY:-50.000 LAN:5 BRK:0 RX_X:0.000 RX_Y:0.000 RX_Z:0.000
[ZONE-ROUTE] CID:14 zone=1 edge_port=9998
[EDGE-RTT] CID:14 wall=1.2 ms  sim_delay=10.0 ms
>>> [UAV->CLOUD] BLK:ac1e|TX:7.0.0.18|CID:14|TS:6.834|SPD:20.1|HDG:1.1|PX:176.1|PY:-50.0|...
✓ [CAR 6] ACT=OK REP=0.872 RWD=1.000 PNL=0.000 CREDIT=9
✓ [CAR 14] ACT=OK REP=0.753 RWD=1.000 PNL=0.000 CREDIT=8
[PASSIVE-BEACON] SIMNOW:6.924 CID:0 ZONE:1 RXUAV:1 EDGEPORT:9998 TS:6.910 SPD:19.600 HDG:-0.600 PX:137.900 PY:-10.000 LAN:1 BRK:0 RX_X:0.000 RX_Y:0.000 RX_Z:0.000
[ZONE-ROUTE] CID:0 zone=1 edge_port=9998
[EDGE-RTT] CID:0 wall=1.1 ms  sim_delay=10.0 ms
>>> [UAV->CLOUD] BLK:4439|TX:7.0.0.4|CID:0|TS:6.910|SPD:19.6|HDG:-0.6|PX:137.9|PY:-10.0|L...
[PASSIVE-BEACON] SIMNOW:6.928 CID:11 ZONE:1 RXUAV:1 EDGEPORT:9998 TS:6.914 SPD:19.900 HDG:-1.900 PX:178.400 PY:-20.000 LAN:2 BRK:1 RX_X:0.000 RX_Y:0.000 RX_Z:0.000
[ZONE-ROUTE] CID:11 zone=1 edge_port=9998
[EDGE-RTT] CID:11 wall=0.8 ms  sim_delay=10.0 ms
>>> [UAV->CLOUD] BLK:96b8|TX:7.0.0.15|CID:11|TS:6.914|SPD:19.9|HDG:-1.9|PX:178.4|PY:-20.0...
✓ [CAR 0] ACT=OK REP=0.886 RWD=1.000 PNL=0.000 CREDIT=9
✓ [CAR 11] ACT=OK REP=0.957 RWD=1.000 PNL=0.000 CREDIT=9
[PASSIVE-BEACON] SIMNOW:6.968 CID:13 ZONE:1 RXUAV:1 EDGEPORT:9998 TS:6.954 SPD:19.600 HDG:1.600 PX:178.700 PY:-40.000 LAN:4 BRK:0 RX_X:0.000 RX_Y:0.000 RX_Z:0.000
[ZONE-ROUTE] CID:13 zone=1 edge_port=9998
[EDGE-RTT] CID:13 wall=0.9 ms  sim_delay=10.0 ms
>>> [UAV->CLOUD] BLK:d867|TX:7.0.0.17|CID:13|TS:6.954|SPD:19.6|HDG:1.6|PX:178.7|PY:-40.0|...
[PASSIVE-BEACON] SIMNOW:6.971 CID:17 ZONE:1 RXUAV:1 EDGEPORT:9998 TS:6.956 SPD:19.900 HDG:1.900 PX:199.500 PY:-30.000 LAN:3 BRK:1 RX_X:0.000 RX_Y:0.000 RX_Z:0.000
[ZONE-ROUTE] CID:17 zone=1 edge_port=9998
[EDGE-RTT] CID:17 wall=0.8 ms  sim_delay=10.0 ms
>>> [UAV->CLOUD] BLK:b324|TX:7.0.0.21|CID:17|TS:6.956|SPD:19.9|HDG:1.9|PX:199.5|PY:-30.0|...
✓ [CAR 13] ACT=OK REP=0.756 RWD=1.000 PNL=0.000 CREDIT=8
✓ [CAR 17] ACT=OK REP=0.700 RWD=1.000 PNL=0.000 CREDIT=9
[PASSIVE-BEACON] SIMNOW:7.066 CID:8 ZONE:1 RXUAV:1 EDGEPORT:9998 TS:7.052 SPD:20.100 HDG:-0.200 PX:160.900 PY:-40.000 LAN:4 BRK:0 RX_X:0.000 RX_Y:0.000 RX_Z:0.000
[ZONE-ROUTE] CID:8 zone=1 edge_port=9998
[EDGE-RTT] CID:8 wall=1.2 ms  sim_delay=10.0 ms
>>> [UAV->CLOUD] BLK:ed72|TX:7.0.0.12|CID:8|TS:7.052|SPD:20.1|HDG:-0.2|PX:160.9|PY:-40.0|...
[PASSIVE-BEACON] SIMNOW:7.078 CID:10 ZONE:1 RXUAV:1 EDGEPORT:9998 TS:7.064 SPD:19.500 HDG:1.400 PX:180.900 PY:-10.000 LAN:1 BRK:0 RX_X:0.000 RX_Y:0.000 RX_Z:0.000
[ZONE-ROUTE] CID:10 zone=1 edge_port=9998
[EDGE-RTT] CID:10 wall=1.2 ms  sim_delay=10.0 ms
>>> [UAV->CLOUD] BLK:630d|TX:7.0.0.14|CID:10|TS:7.064|SPD:19.5|HDG:1.4|PX:180.9|PY:-10.0|...
✓ [CAR 8] ACT=OK REP=0.999 RWD=1.000 PNL=0.000 CREDIT=9
[PASSIVE-BEACON] SIMNOW:7.084 CID:2 ZONE:1 RXUAV:1 EDGEPORT:9998 TS:7.070 SPD:20.400 HDG:-0.800 PX:141.100 PY:-30.000 LAN:3 BRK:0 RX_X:0.000 RX_Y:0.000 RX_Z:0.000
[ZONE-ROUTE] CID:2 zone=1 edge_port=9998
[EDGE-RTT] CID:2 wall=1.0 ms  sim_delay=10.0 ms
>>> [UAV->CLOUD] BLK:61e2|TX:7.0.0.6|CID:2|TS:7.070|SPD:20.4|HDG:-0.8|PX:141.1|PY:-30.0|L...
✓ [CAR 10] ACT=OK REP=0.930 RWD=1.000 PNL=0.000 CREDIT=10
✓ [CAR 2] ACT=OK REP=0.854 RWD=1.000 PNL=0.000 CREDIT=10
[PASSIVE-BEACON] SIMNOW:7.114 CID:4 ZONE:1 RXUAV:1 EDGEPORT:9998 TS:7.100 SPD:19.700 HDG:-1.700 PX:142.400 PY:-50.000 LAN:5 BRK:0 RX_X:0.000 RX_Y:0.000 RX_Z:0.000
[ZONE-ROUTE] CID:4 zone=1 edge_port=9998
[EDGE-RTT] CID:4 wall=1.0 ms  sim_delay=10.0 ms
>>> [UAV->CLOUD] BLK:2ddd|TX:7.0.0.8|CID:4|TS:7.100|SPD:19.7|HDG:-1.7|PX:142.4|PY:-50.0|L...
✓ [CAR 4] ACT=OK REP=1.000 RWD=1.000 PNL=0.000 CREDIT=10
[PASSIVE-BEACON] SIMNOW:7.136 CID:9 ZONE:1 RXUAV:1 EDGEPORT:9998 TS:7.122 SPD:19.900 HDG:0.900 PX:163.000 PY:-50.000 LAN:5 BRK:0 RX_X:0.000 RX_Y:0.000 RX_Z:0.000
[ZONE-ROUTE] CID:9 zone=1 edge_port=9998
[EDGE-RTT] CID:9 wall=0.8 ms  sim_delay=10.0 ms
>>> [UAV->CLOUD] BLK:2f53|TX:7.0.0.13|CID:9|TS:7.122|SPD:19.9|HDG:0.9|PX:163.0|PY:-50.0|L...
✓ [CAR 9] ACT=OK REP=1.000 RWD=1.000 PNL=0.000 CREDIT=9
[PASSIVE-BEACON] SIMNOW:7.157 CID:5 ZONE:1 RXUAV:1 EDGEPORT:9998 TS:7.142 SPD:19.800 HDG:-0.400 PX:162.600 PY:-10.000 LAN:1 BRK:0 RX_X:0.000 RX_Y:0.000 RX_Z:0.000
[ZONE-ROUTE] CID:5 zone=1 edge_port=9998
[EDGE-RTT] CID:5 wall=1.0 ms  sim_delay=10.0 ms
>>> [UAV->CLOUD] BLK:591c|TX:7.0.0.9|CID:5|TS:7.142|SPD:19.8|HDG:-0.4|PX:162.6|PY:-10.0|L...
[PASSIVE-BEACON] SIMNOW:7.160 CID:18 ZONE:1 RXUAV:1 EDGEPORT:9998 TS:7.146 SPD:20.200 HDG:-0.400 PX:203.100 PY:-40.000 LAN:4 BRK:0 RX_X:0.000 RX_Y:0.000 RX_Z:0.000
[ZONE-ROUTE] CID:18 zone=1 edge_port=9998
[EDGE-RTT] CID:18 wall=0.7 ms  sim_delay=10.0 ms
>>> [UAV->CLOUD] BLK:d7b9|TX:7.0.0.22|CID:18|TS:7.146|SPD:20.2|HDG:-0.4|PX:203.1|PY:-40.0...
✓ [CAR 5] ACT=OK REP=0.647 RWD=1.000 PNL=0.000 CREDIT=9
✓ [CAR 18] ACT=OK REP=0.782 RWD=1.000 PNL=0.000 CREDIT=9
[PASSIVE-BEACON] SIMNOW:7.206 CID:7 ZONE:1 RXUAV:1 EDGEPORT:9998 TS:7.192 SPD:19.900 HDG:-1.700 PX:164.500 PY:-30.000 LAN:3 BRK:0 RX_X:0.000 RX_Y:0.000 RX_Z:0.000
[ZONE-ROUTE] CID:7 zone=1 edge_port=9998
[EDGE-RTT] CID:7 wall=1.1 ms  sim_delay=10.0 ms
>>> [UAV->CLOUD] BLK:6a49|TX:7.0.0.11|CID:7|TS:7.192|SPD:19.9|HDG:-1.7|PX:164.5|PY:-30.0|...
✓ [CAR 7] ACT=OK REP=1.000 RWD=1.000 PNL=0.000 CREDIT=9
[PASSIVE-BEACON] SIMNOW:7.234 CID:1 ZONE:1 RXUAV:1 EDGEPORT:9998 TS:7.220 SPD:20.100 HDG:-1.800 PX:143.700 PY:-20.000 LAN:2 BRK:0 RX_X:0.000 RX_Y:0.000 RX_Z:0.000
[ZONE-ROUTE] CID:1 zone=1 edge_port=9998
[EDGE-RTT] CID:1 wall=1.1 ms  sim_delay=10.0 ms
>>> [UAV->CLOUD] BLK:a6ad|TX:7.0.0.5|CID:1|TS:7.220|SPD:20.1|HDG:-1.8|PX:143.7|PY:-20.0|L...
✓ [CAR 1] ACT=OK REP=0.679 RWD=1.000 PNL=0.000 CREDIT=10
[PASSIVE-BEACON] SIMNOW:7.258 CID:12 ZONE:1 RXUAV:1 EDGEPORT:9998 TS:7.244 SPD:19.800 HDG:0.200 PX:184.600 PY:-30.000 LAN:3 BRK:0 RX_X:0.000 RX_Y:0.000 RX_Z:0.000
[ZONE-ROUTE] CID:12 zone=1 edge_port=9998
[EDGE-RTT] CID:12 wall=1.2 ms  sim_delay=10.0 ms
>>> [UAV->CLOUD] BLK:8741|TX:7.0.0.16|CID:12|TS:7.244|SPD:19.8|HDG:0.2|PX:184.6|PY:-30.0|...
[PASSIVE-BEACON] SIMNOW:7.260 CID:15 ZONE:1 RXUAV:1 EDGEPORT:9998 TS:7.246 SPD:20.400 HDG:-0.100 PX:205.100 PY:-10.000 LAN:1 BRK:0 RX_X:0.000 RX_Y:0.000 RX_Z:0.000
[ZONE-ROUTE] CID:15 zone=1 edge_port=9998
[EDGE-RTT] CID:15 wall=0.7 ms  sim_delay=10.0 ms
>>> [UAV->CLOUD] BLK:a0dc|TX:7.0.0.19|CID:15|TS:7.246|SPD:20.4|HDG:-0.1|PX:205.1|PY:-10.0...
[PASSIVE-BEACON] SIMNOW:7.271 CID:19 ZONE:1 RXUAV:1 EDGEPORT:9998 TS:7.256 SPD:19.900 HDG:-0.700 PX:205.200 PY:-50.000 LAN:5 BRK:0 RX_X:0.000 RX_Y:0.000 RX_Z:0.000
[ZONE-ROUTE] CID:19 zone=1 edge_port=9998
[EDGE-RTT] CID:19 wall=0.7 ms  sim_delay=10.0 ms
>>> [UAV->CLOUD] BLK:a576|TX:7.0.0.23|CID:19|TS:7.256|SPD:19.9|HDG:-0.7|PX:205.2|PY:-50.0...
✓ [CAR 12] ACT=OK REP=0.943 RWD=1.000 PNL=0.000 CREDIT=10
✓ [CAR 15] ACT=OK REP=0.924 RWD=1.000 PNL=0.000 CREDIT=10
✓ [CAR 19] ACT=OK REP=0.911 RWD=1.000 PNL=0.000 CREDIT=10
[PASSIVE-BEACON] SIMNOW:7.324 CID:3 ZONE:1 RXUAV:1 EDGEPORT:9998 TS:7.310 SPD:19.900 HDG:1.600 PX:146.600 PY:-40.000 LAN:4 BRK:0 RX_X:0.000 RX_Y:0.000 RX_Z:0.000
[ZONE-ROUTE] CID:3 zone=1 edge_port=9998
[EDGE-RTT] CID:3 wall=1.3 ms  sim_delay=10.0 ms
>>> [UAV->CLOUD] BLK:7351|TX:7.0.0.7|CID:3|TS:7.310|SPD:19.9|HDG:1.6|PX:146.6|PY:-40.0|LA...
[PASSIVE-BEACON] SIMNOW:7.336 CID:6 ZONE:1 RXUAV:1 EDGEPORT:9998 TS:7.322 SPD:20.100 HDG:1.400 PX:166.200 PY:-20.000 LAN:2 BRK:0 RX_X:0.000 RX_Y:0.000 RX_Z:0.000
[ZONE-ROUTE] CID:6 zone=1 edge_port=9998
[EDGE-RTT] CID:6 wall=1.0 ms  sim_delay=10.0 ms
>>> [UAV->CLOUD] BLK:8707|TX:7.0.0.10|CID:6|TS:7.322|SPD:20.1|HDG:1.4|PX:166.2|PY:-20.0|L...
✓ [CAR 3] ACT=OK REP=0.765 RWD=1.000 PNL=0.000 CREDIT=9
[PASSIVE-BEACON] SIMNOW:7.348 CID:14 ZONE:1 RXUAV:1 EDGEPORT:9998 TS:7.334 SPD:20.000 HDG:0.900 PX:187.000 PY:-50.000 LAN:5 BRK:1 RX_X:0.000 RX_Y:0.000 RX_Z:0.000
[ZONE-ROUTE] CID:14 zone=1 edge_port=9998
[EDGE-RTT] CID:14 wall=1.1 ms  sim_delay=10.0 ms
>>> [UAV->CLOUD] BLK:ee1f|TX:7.0.0.18|CID:14|TS:7.334|SPD:20.0|HDG:0.9|PX:187.0|PY:-50.0|...
✓ [CAR 6] ACT=OK REP=0.955 RWD=1.000 PNL=0.000 CREDIT=10
✓ [CAR 14] ACT=OK REP=0.888 RWD=1.000 PNL=0.000 CREDIT=9
[PASSIVE-BEACON] SIMNOW:7.367 CID:16 ZONE:1 RXUAV:1 EDGEPORT:9998 TS:7.286 SPD:20.300 HDG:1.300 PX:205.800 PY:-20.000 LAN:2 BRK:1 RX_X:0.000 RX_Y:0.000 RX_Z:0.000
[ZONE-ROUTE] CID:16 zone=1 edge_port=9998
[EDGE-RTT] CID:16 wall=1.0 ms  sim_delay=10.0 ms
>>> [UAV->CLOUD] BLK:f448|TX:7.0.0.20|CID:16|TS:7.286|SPD:20.3|HDG:1.3|PX:205.8|PY:-20.0|...
✓ [CAR 16] ACT=OK REP=0.766 RWD=1.000 PNL=0.000 CREDIT=9
[PASSIVE-BEACON] SIMNOW:7.424 CID:0 ZONE:1 RXUAV:1 EDGEPORT:9998 TS:7.410 SPD:19.800 HDG:1.400 PX:148.200 PY:-10.000 LAN:1 BRK:0 RX_X:0.000 RX_Y:0.000 RX_Z:0.000
[ZONE-ROUTE] CID:0 zone=1 edge_port=9998
[EDGE-RTT] CID:0 wall=1.1 ms  sim_delay=10.0 ms
>>> [UAV->CLOUD] BLK:2252|TX:7.0.0.4|CID:0|TS:7.410|SPD:19.8|HDG:1.4|PX:148.2|PY:-10.0|LA...
[PASSIVE-BEACON] SIMNOW:7.428 CID:11 ZONE:1 RXUAV:1 EDGEPORT:9998 TS:7.414 SPD:20.300 HDG:-0.100 PX:188.800 PY:-20.000 LAN:2 BRK:0 RX_X:0.000 RX_Y:0.000 RX_Z:0.000
[ZONE-ROUTE] CID:11 zone=1 edge_port=9998
[EDGE-RTT] CID:11 wall=0.9 ms  sim_delay=10.0 ms
>>> [UAV->CLOUD] BLK:7faa|TX:7.0.0.15|CID:11|TS:7.414|SPD:20.3|HDG:-0.1|PX:188.8|PY:-20.0...
✓ [CAR 0] ACT=OK REP=0.615 RWD=1.000 PNL=0.000 CREDIT=10
✓ [CAR 11] ACT=OK REP=1.000 RWD=1.000 PNL=0.000 CREDIT=10
[PASSIVE-BEACON] SIMNOW:7.466 CID:13 ZONE:1 RXUAV:1 EDGEPORT:9998 TS:7.454 SPD:19.500 HDG:-1.400 PX:188.800 PY:-40.000 LAN:4 BRK:0 RX_X:0.000 RX_Y:0.000 RX_Z:0.000
[ZONE-ROUTE] CID:13 zone=1 edge_port=9998
[EDGE-RTT] CID:13 wall=0.9 ms  sim_delay=10.0 ms
>>> [UAV->CLOUD] BLK:f186|TX:7.0.0.17|CID:13|TS:7.454|SPD:19.5|HDG:-1.4|PX:188.8|PY:-40.0...
[PASSIVE-BEACON] SIMNOW:7.470 CID:17 ZONE:1 RXUAV:1 EDGEPORT:9998 TS:7.456 SPD:19.700 HDG:0.800 PX:209.000 PY:-30.000 LAN:3 BRK:0 RX_X:0.000 RX_Y:0.000 RX_Z:0.000
[ZONE-ROUTE] CID:17 zone=1 edge_port=9998
[EDGE-RTT] CID:17 wall=0.6 ms  sim_delay=10.0 ms
>>> [UAV->CLOUD] BLK:7378|TX:7.0.0.21|CID:17|TS:7.456|SPD:19.7|HDG:0.8|PX:209.0|PY:-30.0|...
✓ [CAR 13] ACT=OK REP=0.863 RWD=1.000 PNL=0.000 CREDIT=9
✓ [CAR 17] ACT=OK REP=0.924 RWD=1.000 PNL=0.000 CREDIT=10
[PASSIVE-BEACON] SIMNOW:7.566 CID:8 ZONE:1 RXUAV:1 EDGEPORT:9998 TS:7.552 SPD:19.600 HDG:-1.200 PX:170.700 PY:-40.000 LAN:4 BRK:0 RX_X:0.000 RX_Y:0.000 RX_Z:0.000
[ZONE-ROUTE] CID:8 zone=1 edge_port=9998
[EDGE-RTT] CID:8 wall=0.9 ms  sim_delay=10.0 ms
>>> [UAV->CLOUD] BLK:eeb7|TX:7.0.0.12|CID:8|TS:7.552|SPD:19.6|HDG:-1.2|PX:170.7|PY:-40.0|...
[PASSIVE-BEACON] SIMNOW:7.578 CID:10 ZONE:1 RXUAV:1 EDGEPORT:9998 TS:7.564 SPD:19.600 HDG:-0.200 PX:191.600 PY:-10.000 LAN:1 BRK:1 RX_X:0.000 RX_Y:0.000 RX_Z:0.000
[ZONE-ROUTE] CID:10 zone=1 edge_port=9998
[EDGE-RTT] CID:10 wall=1.1 ms  sim_delay=10.0 ms
>>> [UAV->CLOUD] BLK:7140|TX:7.0.0.14|CID:10|TS:7.564|SPD:19.6|HDG:-0.2|PX:191.6|PY:-10.0...
✓ [CAR 8] ACT=OK REP=0.983 RWD=1.000 PNL=0.000 CREDIT=10
[PASSIVE-BEACON] SIMNOW:7.584 CID:2 ZONE:1 RXUAV:1 EDGEPORT:9998 TS:7.570 SPD:19.500 HDG:1.100 PX:151.100 PY:-30.000 LAN:3 BRK:0 RX_X:0.000 RX_Y:0.000 RX_Z:0.000
[ZONE-ROUTE] CID:2 zone=1 edge_port=9998
[EDGE-RTT] CID:2 wall=0.8 ms  sim_delay=10.0 ms
>>> [UAV->CLOUD] BLK:aa75|TX:7.0.0.6|CID:2|TS:7.570|SPD:19.5|HDG:1.1|PX:151.1|PY:-30.0|LA...
✓ [CAR 10] ACT=OK REP=0.922 RWD=1.000 PNL=0.000 CREDIT=11
✓ [CAR 2] ACT=OK REP=0.888 RWD=1.000 PNL=0.000 CREDIT=11
[PASSIVE-BEACON] SIMNOW:7.614 CID:4 ZONE:1 RXUAV:1 EDGEPORT:9998 TS:7.600 SPD:20.000 HDG:-1.200 PX:151.300 PY:-50.000 LAN:5 BRK:0 RX_X:0.000 RX_Y:0.000 RX_Z:0.000
[ZONE-ROUTE] CID:4 zone=1 edge_port=9998
[EDGE-RTT] CID:4 wall=0.8 ms  sim_delay=10.0 ms
>>> [UAV->CLOUD] BLK:562c|TX:7.0.0.8|CID:4|TS:7.600|SPD:20.0|HDG:-1.2|PX:151.3|PY:-50.0|L...
✓ [CAR 4] ACT=OK REP=0.865 RWD=1.000 PNL=0.000 CREDIT=11
[PASSIVE-BEACON] SIMNOW:7.636 CID:9 ZONE:1 RXUAV:1 EDGEPORT:9998 TS:7.622 SPD:20.200 HDG:-0.200 PX:171.800 PY:-50.000 LAN:5 BRK:0 RX_X:0.000 RX_Y:0.000 RX_Z:0.000
[ZONE-ROUTE] CID:9 zone=1 edge_port=9998
[EDGE-RTT] CID:9 wall=1.1 ms  sim_delay=10.0 ms
>>> [UAV->CLOUD] BLK:e83e|TX:7.0.0.13|CID:9|TS:7.622|SPD:20.2|HDG:-0.2|PX:171.8|PY:-50.0|...
✓ [CAR 9] ACT=OK REP=0.805 RWD=1.000 PNL=0.000 CREDIT=10
[PASSIVE-BEACON] SIMNOW:7.657 CID:5 ZONE:1 RXUAV:1 EDGEPORT:9998 TS:7.642 SPD:20.200 HDG:-0.800 PX:173.300 PY:-10.000 LAN:1 BRK:1 RX_X:0.000 RX_Y:0.000 RX_Z:0.000
[ZONE-ROUTE] CID:5 zone=1 edge_port=9998
[EDGE-RTT] CID:5 wall=1.1 ms  sim_delay=10.0 ms
>>> [UAV->CLOUD] BLK:a386|TX:7.0.0.9|CID:5|TS:7.642|SPD:20.2|HDG:-0.8|PX:173.3|PY:-10.0|L...
[PASSIVE-BEACON] SIMNOW:7.660 CID:18 ZONE:1 RXUAV:1 EDGEPORT:9998 TS:7.646 SPD:19.600 HDG:-1.800 PX:213.300 PY:-40.000 LAN:4 BRK:0 RX_X:0.000 RX_Y:0.000 RX_Z:0.000
[ZONE-ROUTE] CID:18 zone=1 edge_port=9998
[EDGE-RTT] CID:18 wall=1.2 ms  sim_delay=10.0 ms
>>> [UAV->CLOUD] BLK:825a|TX:7.0.0.22|CID:18|TS:7.646|SPD:19.6|HDG:-1.8|PX:213.3|PY:-40.0...
✓ [CAR 5] ACT=OK REP=0.927 RWD=1.000 PNL=0.000 CREDIT=10
✓ [CAR 18] ACT=OK REP=0.784 RWD=1.000 PNL=0.000 CREDIT=10
[PASSIVE-BEACON] SIMNOW:7.706 CID:7 ZONE:1 RXUAV:1 EDGEPORT:9998 TS:7.692 SPD:19.800 HDG:0.300 PX:173.600 PY:-30.000 LAN:3 BRK:1 RX_X:0.000 RX_Y:0.000 RX_Z:0.000
[ZONE-ROUTE] CID:7 zone=1 edge_port=9998
[EDGE-RTT] CID:7 wall=1.2 ms  sim_delay=10.0 ms
>>> [UAV->CLOUD] BLK:072a|TX:7.0.0.11|CID:7|TS:7.692|SPD:19.8|HDG:0.3|PX:173.6|PY:-30.0|L...
✓ [CAR 7] ACT=OK REP=0.847 RWD=1.000 PNL=0.000 CREDIT=10
[PASSIVE-BEACON] SIMNOW:7.734 CID:1 ZONE:1 RXUAV:1 EDGEPORT:9998 TS:7.720 SPD:19.500 HDG:-0.800 PX:154.300 PY:-20.000 LAN:2 BRK:0 RX_X:0.000 RX_Y:0.000 RX_Z:0.000
[ZONE-ROUTE] CID:1 zone=1 edge_port=9998
[EDGE-RTT] CID:1 wall=0.8 ms  sim_delay=10.0 ms
>>> [UAV->CLOUD] BLK:d504|TX:7.0.0.5|CID:1|TS:7.720|SPD:19.5|HDG:-0.8|PX:154.3|PY:-20.0|L...
✓ [CAR 1] ACT=OK REP=0.643 RWD=1.000 PNL=0.000 CREDIT=11
[PASSIVE-BEACON] SIMNOW:7.757 CID:12 ZONE:1 RXUAV:1 EDGEPORT:9998 TS:7.744 SPD:19.800 HDG:0.600 PX:194.500 PY:-30.000 LAN:3 BRK:0 RX_X:0.000 RX_Y:0.000 RX_Z:0.000
[ZONE-ROUTE] CID:12 zone=1 edge_port=9998
[EDGE-RTT] CID:12 wall=1.3 ms  sim_delay=10.0 ms
>>> [UAV->CLOUD] BLK:5a83|TX:7.0.0.16|CID:12|TS:7.744|SPD:19.8|HDG:0.6|PX:194.5|PY:-30.0|...
[PASSIVE-BEACON] SIMNOW:7.760 CID:15 ZONE:1 RXUAV:1 EDGEPORT:9998 TS:7.746 SPD:20.000 HDG:1.500 PX:214.700 PY:-10.000 LAN:1 BRK:0 RX_X:0.000 RX_Y:0.000 RX_Z:0.000
[ZONE-ROUTE] CID:15 zone=1 edge_port=9998
[EDGE-RTT] CID:15 wall=1.0 ms  sim_delay=10.0 ms
>>> [UAV->CLOUD] BLK:7f12|TX:7.0.0.19|CID:15|TS:7.746|SPD:20.0|HDG:1.5|PX:214.7|PY:-10.0|...
✓ [CAR 12] ACT=OK REP=1.000 RWD=1.000 PNL=0.000 CREDIT=11
✓ [CAR 15] ACT=OK REP=0.721 RWD=1.000 PNL=0.000 CREDIT=11
[PASSIVE-BEACON] SIMNOW:7.799 CID:19 ZONE:1 RXUAV:1 EDGEPORT:9998 TS:7.756 SPD:19.700 HDG:0.600 PX:214.500 PY:-50.000 LAN:5 BRK:1 RX_X:0.000 RX_Y:0.000 RX_Z:0.000
[ZONE-ROUTE] CID:19 zone=1 edge_port=9998
[EDGE-RTT] CID:19 wall=1.2 ms  sim_delay=10.0 ms
>>> [UAV->CLOUD] BLK:bc37|TX:7.0.0.23|CID:19|TS:7.756|SPD:19.7|HDG:0.6|PX:214.5|PY:-50.0|...
[PASSIVE-BEACON] SIMNOW:7.803 CID:16 ZONE:1 RXUAV:1 EDGEPORT:9998 TS:7.786 SPD:20.100 HDG:-0.700 PX:215.100 PY:-20.000 LAN:2 BRK:0 RX_X:0.000 RX_Y:0.000 RX_Z:0.000
[ZONE-ROUTE] CID:16 zone=1 edge_port=9998
[EDGE-RTT] CID:16 wall=1.1 ms  sim_delay=10.0 ms
>>> [UAV->CLOUD] BLK:e775|TX:7.0.0.20|CID:16|TS:7.786|SPD:20.1|HDG:-0.7|PX:215.1|PY:-20.0...
✓ [CAR 19] ACT=OK REP=0.660 RWD=1.000 PNL=0.000 CREDIT=11
✓ [CAR 16] ACT=OK REP=1.000 RWD=1.000 PNL=0.000 CREDIT=10
[PASSIVE-BEACON] SIMNOW:7.830 CID:3 ZONE:1 RXUAV:1 EDGEPORT:9998 TS:7.810 SPD:20.400 HDG:0.800 PX:155.800 PY:-40.000 LAN:4 BRK:1 RX_X:0.000 RX_Y:0.000 RX_Z:0.000
[ZONE-ROUTE] CID:3 zone=1 edge_port=9998
[EDGE-RTT] CID:3 wall=1.2 ms  sim_delay=10.0 ms
>>> [UAV->CLOUD] BLK:41c1|TX:7.0.0.7|CID:3|TS:7.810|SPD:20.4|HDG:0.8|PX:155.8|PY:-40.0|LA...
[PASSIVE-BEACON] SIMNOW:7.836 CID:6 ZONE:1 RXUAV:1 EDGEPORT:9998 TS:7.822 SPD:19.600 HDG:-1.100 PX:175.900 PY:-20.000 LAN:2 BRK:1 RX_X:0.000 RX_Y:0.000 RX_Z:0.000
[ZONE-ROUTE] CID:6 zone=1 edge_port=9998
[EDGE-RTT] CID:6 wall=1.2 ms  sim_delay=10.0 ms
>>> [UAV->CLOUD] BLK:16b2|TX:7.0.0.10|CID:6|TS:7.822|SPD:19.6|HDG:-1.1|PX:175.9|PY:-20.0|...
✓ [CAR 3] ACT=OK REP=0.710 RWD=1.000 PNL=0.000 CREDIT=10
[PASSIVE-BEACON] SIMNOW:7.847 CID:14 ZONE:1 RXUAV:1 EDGEPORT:9998 TS:7.834 SPD:19.900 HDG:-1.500 PX:196.100 PY:-50.000 LAN:5 BRK:0 RX_X:0.000 RX_Y:0.000 RX_Z:0.000
[ZONE-ROUTE] CID:14 zone=1 edge_port=9998
[EDGE-RTT] CID:14 wall=1.4 ms  sim_delay=10.0 ms
>>> [UAV->CLOUD] BLK:3180|TX:7.0.0.18|CID:14|TS:7.834|SPD:19.9|HDG:-1.5|PX:196.1|PY:-50.0...
✓ [CAR 6] ACT=OK REP=0.686 RWD=1.000 PNL=0.000 CREDIT=11
✓ [CAR 14] ACT=OK REP=0.596 RWD=1.000 PNL=0.000 CREDIT=10
[PASSIVE-BEACON] SIMNOW:7.924 CID:0 ZONE:1 RXUAV:1 EDGEPORT:9998 TS:7.910 SPD:19.600 HDG:1.700 PX:157.800 PY:-10.000 LAN:1 BRK:1 RX_X:0.000 RX_Y:0.000 RX_Z:0.000
[ZONE-ROUTE] CID:0 zone=1 edge_port=9998
[EDGE-RTT] CID:0 wall=1.2 ms  sim_delay=10.0 ms
>>> [UAV->CLOUD] BLK:0aa5|TX:7.0.0.4|CID:0|TS:7.910|SPD:19.6|HDG:1.7|PX:157.8|PY:-10.0|LA...
[PASSIVE-BEACON] SIMNOW:7.929 CID:11 ZONE:1 RXUAV:1 EDGEPORT:9998 TS:7.914 SPD:20.400 HDG:2.000 PX:197.900 PY:-20.000 LAN:2 BRK:0 RX_X:0.000 RX_Y:0.000 RX_Z:0.000
[ZONE-ROUTE] CID:11 zone=1 edge_port=9998
[EDGE-RTT] CID:11 wall=1.3 ms  sim_delay=10.0 ms
>>> [UAV->CLOUD] BLK:3b9e|TX:7.0.0.15|CID:11|TS:7.914|SPD:20.4|HDG:2.0|PX:197.9|PY:-20.0|...
✓ [CAR 0] ACT=OK REP=0.833 RWD=1.000 PNL=0.000 CREDIT=11
✓ [CAR 11] ACT=OK REP=0.823 RWD=1.000 PNL=0.000 CREDIT=11
[PASSIVE-BEACON] SIMNOW:7.968 CID:13 ZONE:1 RXUAV:1 EDGEPORT:9998 TS:7.954 SPD:19.600 HDG:1.000 PX:199.800 PY:-40.000 LAN:4 BRK:0 RX_X:0.000 RX_Y:0.000 RX_Z:0.000
[ZONE-ROUTE] CID:13 zone=1 edge_port=9998
[EDGE-RTT] CID:13 wall=1.1 ms  sim_delay=10.0 ms
>>> [UAV->CLOUD] BLK:829d|TX:7.0.0.17|CID:13|TS:7.954|SPD:19.6|HDG:1.0|PX:199.8|PY:-40.0|...
[PASSIVE-BEACON] SIMNOW:7.971 CID:17 ZONE:1 RXUAV:1 EDGEPORT:9998 TS:7.956 SPD:19.600 HDG:-1.800 PX:218.700 PY:-30.000 LAN:3 BRK:0 RX_X:0.000 RX_Y:0.000 RX_Z:0.000
[ZONE-ROUTE] CID:17 zone=1 edge_port=9998
[EDGE-RTT] CID:17 wall=1.3 ms  sim_delay=10.0 ms
>>> [UAV->CLOUD] BLK:49d0|TX:7.0.0.21|CID:17|TS:7.956|SPD:19.6|HDG:-1.8|PX:218.7|PY:-30.0...
✓ [CAR 13] ACT=OK REP=0.869 RWD=1.000 PNL=0.000 CREDIT=10
✓ [CAR 17] ACT=OK REP=1.000 RWD=1.000 PNL=0.000 CREDIT=11
[PASSIVE-BEACON] SIMNOW:8.066 CID:8 ZONE:1 RXUAV:1 EDGEPORT:9998 TS:8.052 SPD:20.200 HDG:0.400 PX:181.500 PY:-40.000 LAN:4 BRK:1 RX_X:0.000 RX_Y:0.000 RX_Z:0.000
[ZONE-ROUTE] CID:8 zone=1 edge_port=9998
[EDGE-RTT] CID:8 wall=1.3 ms  sim_delay=10.0 ms
>>> [UAV->CLOUD] BLK:4872|TX:7.0.0.12|CID:8|TS:8.052|SPD:20.2|HDG:0.4|PX:181.5|PY:-40.0|L...
[PASSIVE-BEACON] SIMNOW:8.078 CID:10 ZONE:1 RXUAV:1 EDGEPORT:9998 TS:8.064 SPD:19.600 HDG:-0.800 PX:201.900 PY:-10.000 LAN:1 BRK:0 RX_X:0.000 RX_Y:0.000 RX_Z:0.000
[ZONE-ROUTE] CID:10 zone=1 edge_port=9998
[EDGE-RTT] CID:10 wall=1.2 ms  sim_delay=10.0 ms
>>> [UAV->CLOUD] BLK:9ce1|TX:7.0.0.14|CID:10|TS:8.064|SPD:19.6|HDG:-0.8|PX:201.9|PY:-10.0...
✓ [CAR 8] ACT=OK REP=0.867 RWD=1.000 PNL=0.000 CREDIT=11
[PASSIVE-BEACON] SIMNOW:8.084 CID:2 ZONE:1 RXUAV:1 EDGEPORT:9998 TS:8.070 SPD:19.600 HDG:1.200 PX:160.900 PY:-30.000 LAN:3 BRK:0 RX_X:0.000 RX_Y:0.000 RX_Z:0.000
[ZONE-ROUTE] CID:2 zone=1 edge_port=9998
[EDGE-RTT] CID:2 wall=1.3 ms  sim_delay=10.0 ms
>>> [UAV->CLOUD] BLK:3e2c|TX:7.0.0.6|CID:2|TS:8.070|SPD:19.6|HDG:1.2|PX:160.9|PY:-30.0|LA...
✓ [CAR 10] ACT=OK REP=0.978 RWD=1.000 PNL=0.000 CREDIT=12
✓ [CAR 2] ACT=OK REP=0.924 RWD=1.000 PNL=0.000 CREDIT=12
[PASSIVE-BEACON] SIMNOW:8.114 CID:4 ZONE:1 RXUAV:1 EDGEPORT:9998 TS:8.100 SPD:19.700 HDG:0.600 PX:162.000 PY:-50.000 LAN:5 BRK:1 RX_X:0.000 RX_Y:0.000 RX_Z:0.000
[ZONE-ROUTE] CID:4 zone=1 edge_port=9998
[EDGE-RTT] CID:4 wall=1.4 ms  sim_delay=10.0 ms
>>> [UAV->CLOUD] BLK:5635|TX:7.0.0.8|CID:4|TS:8.100|SPD:19.7|HDG:0.6|PX:162.0|PY:-50.0|LA...
✓ [CAR 4] ACT=OK REP=0.742 RWD=1.000 PNL=0.000 CREDIT=12
[PASSIVE-BEACON] SIMNOW:8.136 CID:9 ZONE:1 RXUAV:1 EDGEPORT:9998 TS:8.122 SPD:20.300 HDG:-1.500 PX:182.700 PY:-50.000 LAN:5 BRK:0 RX_X:0.000 RX_Y:0.000 RX_Z:0.000
[ZONE-ROUTE] CID:9 zone=1 edge_port=9998
[EDGE-RTT] CID:9 wall=1.3 ms  sim_delay=10.0 ms
>>> [UAV->CLOUD] BLK:ef9e|TX:7.0.0.13|CID:9|TS:8.122|SPD:20.3|HDG:-1.5|PX:182.7|PY:-50.0|...
✓ [CAR 9] ACT=OK REP=0.969 RWD=1.000 PNL=0.000 CREDIT=11
[PASSIVE-BEACON] SIMNOW:8.157 CID:5 ZONE:1 RXUAV:1 EDGEPORT:9998 TS:8.142 SPD:19.600 HDG:-0.100 PX:182.300 PY:-10.000 LAN:1 BRK:0 RX_X:0.000 RX_Y:0.000 RX_Z:0.000
[ZONE-ROUTE] CID:5 zone=1 edge_port=9998
[EDGE-RTT] CID:5 wall=1.2 ms  sim_delay=10.0 ms
>>> [UAV->CLOUD] BLK:58a2|TX:7.0.0.9|CID:5|TS:8.142|SPD:19.6|HDG:-0.1|PX:182.3|PY:-10.0|L...
[PASSIVE-BEACON] SIMNOW:8.161 CID:18 ZONE:1 RXUAV:1 EDGEPORT:9998 TS:8.146 SPD:20.300 HDG:0.700 PX:223.200 PY:-40.000 LAN:4 BRK:0 RX_X:0.000 RX_Y:0.000 RX_Z:0.000
[ZONE-ROUTE] CID:18 zone=1 edge_port=9998
[EDGE-RTT] CID:18 wall=0.9 ms  sim_delay=10.0 ms
>>> [UAV->CLOUD] BLK:d16d|TX:7.0.0.22|CID:18|TS:8.146|SPD:20.3|HDG:0.7|PX:223.2|PY:-40.0|...
✓ [CAR 5] ACT=OK REP=0.666 RWD=1.000 PNL=0.000 CREDIT=11
✓ [CAR 18] ACT=OK REP=0.792 RWD=1.000 PNL=0.000 CREDIT=11
[PASSIVE-BEACON] SIMNOW:8.205 CID:7 ZONE:1 RXUAV:1 EDGEPORT:9998 TS:8.192 SPD:19.900 HDG:1.100 PX:183.400 PY:-30.000 LAN:3 BRK:0 RX_X:0.000 RX_Y:0.000 RX_Z:0.000
[ZONE-ROUTE] CID:7 zone=1 edge_port=9998
[EDGE-RTT] CID:7 wall=1.2 ms  sim_delay=10.0 ms
>>> [UAV->CLOUD] BLK:e339|TX:7.0.0.11|CID:7|TS:8.192|SPD:19.9|HDG:1.1|PX:183.4|PY:-30.0|L...
✓ [CAR 7] ACT=OK REP=0.881 RWD=1.000 PNL=0.000 CREDIT=11
[PASSIVE-BEACON] SIMNOW:8.234 CID:1 ZONE:1 RXUAV:1 EDGEPORT:9998 TS:8.220 SPD:20.200 HDG:-0.900 PX:163.800 PY:-20.000 LAN:2 BRK:0 RX_X:0.000 RX_Y:0.000 RX_Z:0.000
[ZONE-ROUTE] CID:1 zone=1 edge_port=9998
[EDGE-RTT] CID:1 wall=1.1 ms  sim_delay=10.0 ms
>>> [UAV->CLOUD] BLK:b9b0|TX:7.0.0.5|CID:1|TS:8.220|SPD:20.2|HDG:-0.9|PX:163.8|PY:-20.0|L...
✓ [CAR 1] ACT=OK REP=0.808 RWD=1.000 PNL=0.000 CREDIT=12
[PASSIVE-BEACON] SIMNOW:8.258 CID:12 ZONE:1 RXUAV:1 EDGEPORT:9998 TS:8.244 SPD:20.500 HDG:0.100 PX:204.600 PY:-30.000 LAN:3 BRK:1 RX_X:0.000 RX_Y:0.000 RX_Z:0.000
[ZONE-ROUTE] CID:12 zone=1 edge_port=9998
[EDGE-RTT] CID:12 wall=1.2 ms  sim_delay=10.0 ms
>>> [UAV->CLOUD] BLK:3e58|TX:7.0.0.16|CID:12|TS:8.244|SPD:20.5|HDG:0.1|PX:204.6|PY:-30.0|...
[PASSIVE-BEACON] SIMNOW:8.260 CID:15 ZONE:1 RXUAV:1 EDGEPORT:9998 TS:8.246 SPD:20.000 HDG:-1.500 PX:225.400 PY:-10.000 LAN:1 BRK:0 RX_X:0.000 RX_Y:0.000 RX_Z:0.000
[ZONE-ROUTE] CID:15 zone=1 edge_port=9998
[EDGE-RTT] CID:15 wall=0.9 ms  sim_delay=10.0 ms
>>> [UAV->CLOUD] BLK:b320|TX:7.0.0.19|CID:15|TS:8.246|SPD:20.0|HDG:-1.5|PX:225.4|PY:-10.0...
✓ [CAR 12] ACT=OK REP=0.785 RWD=1.000 PNL=0.000 CREDIT=12
✓ [CAR 15] ACT=OK REP=0.971 RWD=1.000 PNL=0.000 CREDIT=12
[PASSIVE-BEACON] SIMNOW:8.320 CID:16 ZONE:1 RXUAV:1 EDGEPORT:9998 TS:8.286 SPD:19.800 HDG:0.200 PX:226.300 PY:-20.000 LAN:2 BRK:1 RX_X:0.000 RX_Y:0.000 RX_Z:0.000
[ZONE-ROUTE] CID:16 zone=1 edge_port=9998
[EDGE-RTT] CID:16 wall=0.8 ms  sim_delay=10.0 ms
>>> [UAV->CLOUD] BLK:6b66|TX:7.0.0.20|CID:16|TS:8.286|SPD:19.8|HDG:0.2|PX:226.3|PY:-20.0|...
[PASSIVE-BEACON] SIMNOW:8.325 CID:3 ZONE:1 RXUAV:1 EDGEPORT:9998 TS:8.310 SPD:19.500 HDG:-1.400 PX:166.100 PY:-40.000 LAN:4 BRK:0 RX_X:0.000 RX_Y:0.000 RX_Z:0.000
[ZONE-ROUTE] CID:3 zone=1 edge_port=9998
[EDGE-RTT] CID:3 wall=0.8 ms  sim_delay=10.0 ms
>>> [UAV->CLOUD] BLK:4796|TX:7.0.0.7|CID:3|TS:8.310|SPD:19.5|HDG:-1.4|PX:166.1|PY:-40.0|L...
[PASSIVE-BEACON] SIMNOW:8.336 CID:6 ZONE:1 RXUAV:1 EDGEPORT:9998 TS:8.322 SPD:20.200 HDG:1.000 PX:186.500 PY:-20.000 LAN:2 BRK:0 RX_X:0.000 RX_Y:0.000 RX_Z:0.000
[ZONE-ROUTE] CID:6 zone=1 edge_port=9998
[EDGE-RTT] CID:6 wall=1.0 ms  sim_delay=10.0 ms
>>> [UAV->CLOUD] BLK:d42b|TX:7.0.0.10|CID:6|TS:8.322|SPD:20.2|HDG:1.0|PX:186.5|PY:-20.0|L...
✓ [CAR 16] ACT=OK REP=0.666 RWD=1.000 PNL=0.000 CREDIT=11
✓ [CAR 3] ACT=OK REP=0.900 RWD=1.000 PNL=0.000 CREDIT=11
[PASSIVE-BEACON] SIMNOW:8.348 CID:14 ZONE:1 RXUAV:1 EDGEPORT:9998 TS:8.334 SPD:19.800 HDG:1.200 PX:206.400 PY:-50.000 LAN:5 BRK:1 RX_X:0.000 RX_Y:0.000 RX_Z:0.000
[ZONE-ROUTE] CID:14 zone=1 edge_port=9998
[EDGE-RTT] CID:14 wall=0.8 ms  sim_delay=10.0 ms
>>> [UAV->CLOUD] BLK:5e84|TX:7.0.0.18|CID:14|TS:8.334|SPD:19.8|HDG:1.2|PX:206.4|PY:-50.0|...
✓ [CAR 6] ACT=OK REP=0.885 RWD=1.000 PNL=0.000 CREDIT=12
✓ [CAR 14] ACT=OK REP=0.792 RWD=1.000 PNL=0.000 CREDIT=11
[PASSIVE-BEACON] SIMNOW:8.424 CID:0 ZONE:1 RXUAV:1 EDGEPORT:9998 TS:8.410 SPD:19.700 HDG:1.600 PX:168.500 PY:-10.000 LAN:1 BRK:0 RX_X:0.000 RX_Y:0.000 RX_Z:0.000
[ZONE-ROUTE] CID:0 zone=1 edge_port=9998
[EDGE-RTT] CID:0 wall=1.0 ms  sim_delay=10.0 ms
>>> [UAV->CLOUD] BLK:a578|TX:7.0.0.4|CID:0|TS:8.410|SPD:19.7|HDG:1.6|PX:168.5|PY:-10.0|LA...
[PASSIVE-BEACON] SIMNOW:8.428 CID:11 ZONE:1 RXUAV:1 EDGEPORT:9998 TS:8.414 SPD:19.600 HDG:-1.900 PX:209.000 PY:-20.000 LAN:2 BRK:1 RX_X:0.000 RX_Y:0.000 RX_Z:0.000
[ZONE-ROUTE] CID:11 zone=1 edge_port=9998
[EDGE-RTT] CID:11 wall=0.9 ms  sim_delay=10.0 ms
>>> [UAV->CLOUD] BLK:4303|TX:7.0.0.15|CID:11|TS:8.414|SPD:19.6|HDG:-1.9|PX:209.0|PY:-20.0...
✓ [CAR 0] ACT=OK REP=0.868 RWD=1.000 PNL=0.000 CREDIT=12
✓ [CAR 11] ACT=OK REP=1.000 RWD=1.000 PNL=0.000 CREDIT=12
[PASSIVE-BEACON] SIMNOW:8.468 CID:13 ZONE:1 RXUAV:1 EDGEPORT:9998 TS:8.454 SPD:20.000 HDG:1.300 PX:208.400 PY:-40.000 LAN:4 BRK:0 RX_X:0.000 RX_Y:0.000 RX_Z:0.000
[ZONE-ROUTE] CID:13 zone=1 edge_port=9998
[EDGE-RTT] CID:13 wall=0.8 ms  sim_delay=10.0 ms
>>> [UAV->CLOUD] BLK:e16b|TX:7.0.0.17|CID:13|TS:8.454|SPD:20.0|HDG:1.3|PX:208.4|PY:-40.0|...
[PASSIVE-BEACON] SIMNOW:8.470 CID:17 ZONE:1 RXUAV:1 EDGEPORT:9998 TS:8.456 SPD:19.800 HDG:-0.700 PX:229.500 PY:-30.000 LAN:3 BRK:0 RX_X:0.000 RX_Y:0.000 RX_Z:0.000
[ZONE-ROUTE] CID:17 zone=1 edge_port=9998
[EDGE-RTT] CID:17 wall=0.7 ms  sim_delay=10.0 ms
>>> [UAV->CLOUD] BLK:da7c|TX:7.0.0.21|CID:17|TS:8.456|SPD:19.8|HDG:-0.7|PX:229.5|PY:-30.0...
✓ [CAR 13] ACT=OK REP=0.927 RWD=1.000 PNL=0.000 CREDIT=11
✓ [CAR 17] ACT=OK REP=0.677 RWD=1.000 PNL=0.000 CREDIT=12
[PASSIVE-BEACON] SIMNOW:8.566 CID:8 ZONE:1 RXUAV:1 EDGEPORT:9998 TS:8.552 SPD:19.600 HDG:-1.600 PX:190.400 PY:-40.000 LAN:4 BRK:1 RX_X:0.000 RX_Y:0.000 RX_Z:0.000
[ZONE-ROUTE] CID:8 zone=1 edge_port=9998
[EDGE-RTT] CID:8 wall=1.1 ms  sim_delay=10.0 ms
>>> [UAV->CLOUD] BLK:381a|TX:7.0.0.12|CID:8|TS:8.552|SPD:19.6|HDG:-1.6|PX:190.4|PY:-40.0|...
[PASSIVE-BEACON] SIMNOW:8.578 CID:10 ZONE:1 RXUAV:1 EDGEPORT:9998 TS:8.564 SPD:19.500 HDG:-0.500 PX:211.300 PY:-10.000 LAN:1 BRK:0 RX_X:0.000 RX_Y:0.000 RX_Z:0.000
[ZONE-ROUTE] CID:10 zone=1 edge_port=9998
[EDGE-RTT] CID:10 wall=1.2 ms  sim_delay=10.0 ms
>>> [UAV->CLOUD] BLK:48fe|TX:7.0.0.14|CID:10|TS:8.564|SPD:19.5|HDG:-0.5|PX:211.3|PY:-10.0...
✓ [CAR 8] ACT=OK REP=1.000 RWD=1.000 PNL=0.000 CREDIT=12
[PASSIVE-BEACON] SIMNOW:8.584 CID:2 ZONE:1 RXUAV:1 EDGEPORT:9998 TS:8.570 SPD:20.100 HDG:-0.000 PX:171.100 PY:-30.000 LAN:3 BRK:0 RX_X:0.000 RX_Y:0.000 RX_Z:0.000
[ZONE-ROUTE] CID:2 zone=1 edge_port=9998
[EDGE-RTT] CID:2 wall=1.1 ms  sim_delay=10.0 ms
>>> [UAV->CLOUD] BLK:5da8|TX:7.0.0.6|CID:2|TS:8.570|SPD:20.1|HDG:-0.0|PX:171.1|PY:-30.0|L...
✓ [CAR 10] ACT=OK REP=0.777 RWD=1.000 PNL=0.000 CREDIT=13
✓ [CAR 2] ACT=OK REP=1.000 RWD=1.000 PNL=0.000 CREDIT=13
[PASSIVE-BEACON] SIMNOW:8.614 CID:4 ZONE:1 RXUAV:1 EDGEPORT:9998 TS:8.600 SPD:20.000 HDG:1.600 PX:172.700 PY:-50.000 LAN:5 BRK:0 RX_X:0.000 RX_Y:0.000 RX_Z:0.000
[ZONE-ROUTE] CID:4 zone=1 edge_port=9998
[EDGE-RTT] CID:4 wall=1.1 ms  sim_delay=10.0 ms
>>> [UAV->CLOUD] BLK:6b85|TX:7.0.0.8|CID:4|TS:8.600|SPD:20.0|HDG:1.6|PX:172.7|PY:-50.0|LA...
✓ [CAR 4] ACT=OK REP=1.000 RWD=1.000 PNL=0.000 CREDIT=13
[PASSIVE-BEACON] SIMNOW:8.636 CID:9 ZONE:1 RXUAV:1 EDGEPORT:9998 TS:8.622 SPD:19.900 HDG:0.400 PX:192.400 PY:-50.000 LAN:5 BRK:1 RX_X:0.000 RX_Y:0.000 RX_Z:0.000
[ZONE-ROUTE] CID:9 zone=1 edge_port=9998
[EDGE-RTT] CID:9 wall=1.4 ms  sim_delay=10.0 ms
>>> [UAV->CLOUD] BLK:38eb|TX:7.0.0.13|CID:9|TS:8.622|SPD:19.9|HDG:0.4|PX:192.4|PY:-50.0|L...
✓ [CAR 9] ACT=OK REP=0.765 RWD=1.000 PNL=0.000 CREDIT=12
[PASSIVE-BEACON] SIMNOW:8.656 CID:5 ZONE:1 RXUAV:1 EDGEPORT:9998 TS:8.642 SPD:19.900 HDG:-0.600 PX:192.600 PY:-10.000 LAN:1 BRK:0 RX_X:0.000 RX_Y:0.000 RX_Z:0.000
[ZONE-ROUTE] CID:5 zone=1 edge_port=9998
[EDGE-RTT] CID:5 wall=1.1 ms  sim_delay=10.0 ms
>>> [UAV->CLOUD] BLK:3060|TX:7.0.0.9|CID:5|TS:8.642|SPD:19.9|HDG:-0.6|PX:192.6|PY:-10.0|L...
[PASSIVE-BEACON] SIMNOW:8.660 CID:18 ZONE:1 RXUAV:1 EDGEPORT:9998 TS:8.646 SPD:20.100 HDG:-1.900 PX:233.100 PY:-40.000 LAN:4 BRK:0 RX_X:0.000 RX_Y:0.000 RX_Z:0.000
[ZONE-ROUTE] CID:18 zone=1 edge_port=9998
[EDGE-RTT] CID:18 wall=0.9 ms  sim_delay=10.0 ms
>>> [UAV->CLOUD] BLK:37fb|TX:7.0.0.22|CID:18|TS:8.646|SPD:20.1|HDG:-1.9|PX:233.1|PY:-40.0...
✓ [CAR 5] ACT=OK REP=0.860 RWD=1.000 PNL=0.000 CREDIT=12
✓ [CAR 18] ACT=OK REP=0.964 RWD=1.000 PNL=0.000 CREDIT=12
[PASSIVE-BEACON] SIMNOW:8.706 CID:7 ZONE:1 RXUAV:1 EDGEPORT:9998 TS:8.692 SPD:20.200 HDG:-0.400 PX:193.700 PY:-30.000 LAN:3 BRK:0 RX_X:0.000 RX_Y:0.000 RX_Z:0.000
[ZONE-ROUTE] CID:7 zone=1 edge_port=9998
[EDGE-RTT] CID:7 wall=1.1 ms  sim_delay=10.0 ms
>>> [UAV->CLOUD] BLK:bc48|TX:7.0.0.11|CID:7|TS:8.692|SPD:20.2|HDG:-0.4|PX:193.7|PY:-30.0|...
✓ [CAR 7] ACT=OK REP=0.909 RWD=1.000 PNL=0.000 CREDIT=12
[PASSIVE-BEACON] SIMNOW:8.734 CID:1 ZONE:1 RXUAV:1 EDGEPORT:9998 TS:8.720 SPD:20.400 HDG:0.100 PX:175.100 PY:-20.000 LAN:2 BRK:0 RX_X:0.000 RX_Y:0.000 RX_Z:0.000
[ZONE-ROUTE] CID:1 zone=1 edge_port=9998
[EDGE-RTT] CID:1 wall=1.2 ms  sim_delay=10.0 ms
>>> [UAV->CLOUD] BLK:c8aa|TX:7.0.0.5|CID:1|TS:8.720|SPD:20.4|HDG:0.1|PX:175.1|PY:-20.0|LA...
✓ [CAR 1] ACT=OK REP=0.775 RWD=1.000 PNL=0.000 CREDIT=13
[PASSIVE-BEACON] SIMNOW:8.758 CID:12 ZONE:1 RXUAV:1 EDGEPORT:9998 TS:8.744 SPD:20.400 HDG:-0.600 PX:214.800 PY:-30.000 LAN:3 BRK:0 RX_X:0.000 RX_Y:0.000 RX_Z:0.000
[ZONE-ROUTE] CID:12 zone=1 edge_port=9998
[EDGE-RTT] CID:12 wall=1.1 ms  sim_delay=10.0 ms
>>> [UAV->CLOUD] BLK:9dee|TX:7.0.0.16|CID:12|TS:8.744|SPD:20.4|HDG:-0.6|PX:214.8|PY:-30.0...
[PASSIVE-BEACON] SIMNOW:8.760 CID:15 ZONE:1 RXUAV:1 EDGEPORT:9998 TS:8.746 SPD:20.100 HDG:-1.100 PX:235.700 PY:-10.000 LAN:1 BRK:0 RX_X:0.000 RX_Y:0.000 RX_Z:0.000
[ZONE-ROUTE] CID:15 zone=1 edge_port=9998
[EDGE-RTT] CID:15 wall=1.0 ms  sim_delay=10.0 ms
>>> [UAV->CLOUD] BLK:0ca0|TX:7.0.0.19|CID:15|TS:8.746|SPD:20.1|HDG:-1.1|PX:235.7|PY:-10.0...
✓ [CAR 12] ACT=OK REP=0.713 RWD=1.000 PNL=0.000 CREDIT=13
✓ [CAR 15] ACT=OK REP=0.773 RWD=1.000 PNL=0.000 CREDIT=13
[PASSIVE-BEACON] SIMNOW:8.828 CID:3 ZONE:1 RXUAV:1 EDGEPORT:9998 TS:8.810 SPD:19.700 HDG:1.100 PX:176.500 PY:-40.000 LAN:4 BRK:0 RX_X:0.000 RX_Y:0.000 RX_Z:0.000
[ZONE-ROUTE] CID:3 zone=1 edge_port=9998
[EDGE-RTT] CID:3 wall=1.3 ms  sim_delay=10.0 ms
>>> [UAV->CLOUD] BLK:1e0a|TX:7.0.0.7|CID:3|TS:8.810|SPD:19.7|HDG:1.1|PX:176.5|PY:-40.0|LA...
[PASSIVE-BEACON] SIMNOW:8.836 CID:6 ZONE:1 RXUAV:1 EDGEPORT:9998 TS:8.822 SPD:19.700 HDG:-1.000 PX:197.000 PY:-20.000 LAN:2 BRK:0 RX_X:0.000 RX_Y:0.000 RX_Z:0.000
[ZONE-ROUTE] CID:6 zone=1 edge_port=9998
[EDGE-RTT] CID:6 wall=1.3 ms  sim_delay=10.0 ms
>>> [UAV->CLOUD] BLK:5e7d|TX:7.0.0.10|CID:6|TS:8.822|SPD:19.7|HDG:-1.0|PX:197.0|PY:-20.0|...
✓ [CAR 3] ACT=OK REP=0.771 RWD=1.000 PNL=0.000 CREDIT=12
[PASSIVE-BEACON] SIMNOW:8.849 CID:14 ZONE:1 RXUAV:1 EDGEPORT:9998 TS:8.834 SPD:19.900 HDG:1.200 PX:216.300 PY:-50.000 LAN:5 BRK:1 RX_X:0.000 RX_Y:0.000 RX_Z:0.000
[ZONE-ROUTE] CID:14 zone=1 edge_port=9998
[EDGE-RTT] CID:14 wall=1.0 ms  sim_delay=10.0 ms
>>> [UAV->CLOUD] BLK:ec39|TX:7.0.0.18|CID:14|TS:8.834|SPD:19.9|HDG:1.2|PX:216.3|PY:-50.0|...
✓ [CAR 6] ACT=OK REP=0.788 RWD=1.000 PNL=0.000 CREDIT=13
✓ [CAR 14] ACT=OK REP=1.000 RWD=1.000 PNL=0.000 CREDIT=12
[PASSIVE-BEACON] SIMNOW:8.925 CID:0 ZONE:1 RXUAV:1 EDGEPORT:9998 TS:8.910 SPD:19.900 HDG:0.600 PX:178.400 PY:-10.000 LAN:1 BRK:0 RX_X:0.000 RX_Y:0.000 RX_Z:0.000
[ZONE-ROUTE] CID:0 zone=1 edge_port=9998
[EDGE-RTT] CID:0 wall=1.0 ms  sim_delay=10.0 ms
>>> [UAV->CLOUD] BLK:ca12|TX:7.0.0.4|CID:0|TS:8.910|SPD:19.9|HDG:0.6|PX:178.4|PY:-10.0|LA...
[PASSIVE-BEACON] SIMNOW:8.928 CID:11 ZONE:1 RXUAV:1 EDGEPORT:9998 TS:8.914 SPD:20.400 HDG:0.400 PX:218.200 PY:-20.000 LAN:2 BRK:0 RX_X:0.000 RX_Y:0.000 RX_Z:0.000
[ZONE-ROUTE] CID:11 zone=1 edge_port=9998
[EDGE-RTT] CID:11 wall=0.7 ms  sim_delay=10.0 ms
>>> [UAV->CLOUD] BLK:ce95|TX:7.0.0.15|CID:11|TS:8.914|SPD:20.4|HDG:0.4|PX:218.2|PY:-20.0|...
✓ [CAR 0] ACT=OK REP=1.000 RWD=1.000 PNL=0.000 CREDIT=13
✓ [CAR 11] ACT=OK REP=1.000 RWD=1.000 PNL=0.000 CREDIT=13
[PASSIVE-BEACON] SIMNOW:8.967 CID:13 ZONE:1 RXUAV:1 EDGEPORT:9998 TS:8.954 SPD:19.600 HDG:1.500 PX:218.600 PY:-40.000 LAN:4 BRK:0 RX_X:0.000 RX_Y:0.000 RX_Z:0.000
[ZONE-ROUTE] CID:13 zone=1 edge_port=9998
[EDGE-RTT] CID:13 wall=1.3 ms  sim_delay=10.0 ms
>>> [UAV->CLOUD] BLK:23b7|TX:7.0.0.17|CID:13|TS:8.954|SPD:19.6|HDG:1.5|PX:218.6|PY:-40.0|...
[PASSIVE-BEACON] SIMNOW:8.971 CID:17 ZONE:1 RXUAV:1 EDGEPORT:9998 TS:8.956 SPD:19.900 HDG:1.500 PX:239.800 PY:-30.000 LAN:3 BRK:0 RX_X:0.000 RX_Y:0.000 RX_Z:0.000
[ZONE-ROUTE] CID:17 zone=1 edge_port=9998
[EDGE-RTT] CID:17 wall=0.9 ms  sim_delay=10.0 ms
>>> [UAV->CLOUD] BLK:83df|TX:7.0.0.21|CID:17|TS:8.956|SPD:19.9|HDG:1.5|PX:239.8|PY:-30.0|...
✓ [CAR 13] ACT=OK REP=0.412 RWD=1.000 PNL=0.000 CREDIT=12
✓ [CAR 17] ACT=OK REP=0.931 RWD=1.000 PNL=0.000 CREDIT=13
[PASSIVE-BEACON] SIMNOW:9.066 CID:8 ZONE:1 RXUAV:1 EDGEPORT:9998 TS:9.052 SPD:20.500 HDG:-1.600 PX:200.700 PY:-40.000 LAN:4 BRK:0 RX_X:0.000 RX_Y:0.000 RX_Z:0.000
[ZONE-ROUTE] CID:8 zone=1 edge_port=9998
[EDGE-RTT] CID:8 wall=1.2 ms  sim_delay=10.0 ms
>>> [UAV->CLOUD] BLK:99fd|TX:7.0.0.12|CID:8|TS:9.052|SPD:20.5|HDG:-1.6|PX:200.7|PY:-40.0|...
[PASSIVE-BEACON] SIMNOW:9.078 CID:10 ZONE:1 RXUAV:1 EDGEPORT:9998 TS:9.064 SPD:19.700 HDG:1.800 PX:220.700 PY:-10.000 LAN:1 BRK:0 RX_X:0.000 RX_Y:0.000 RX_Z:0.000
[ZONE-ROUTE] CID:10 zone=1 edge_port=9998
[EDGE-RTT] CID:10 wall=1.0 ms  sim_delay=10.0 ms
[TRUST-UPGRADE] CID:10 earned LANE_UPGRADE after 15 clean packets → lane 0 + 2.0 m/s
>>> [UAV->CLOUD] BLK:96ba|TX:7.0.0.14|CID:10|TS:9.064|SPD:19.7|HDG:1.8|PX:220.7|PY:-10.0|...
✓ [CAR 8] ACT=OK REP=0.818 RWD=1.000 PNL=0.000 CREDIT=13
[PASSIVE-BEACON] SIMNOW:9.084 CID:2 ZONE:1 RXUAV:1 EDGEPORT:9998 TS:9.070 SPD:20.300 HDG:-0.700 PX:181.100 PY:-30.000 LAN:3 BRK:0 RX_X:0.000 RX_Y:0.000 RX_Z:0.000
[ZONE-ROUTE] CID:2 zone=1 edge_port=9998
[EDGE-RTT] CID:2 wall=0.9 ms  sim_delay=10.0 ms
[TRUST-UPGRADE] CID:2 earned LANE_UPGRADE after 15 clean packets → lane 0 + 2.0 m/s
>>> [UAV->CLOUD] BLK:8cd1|TX:7.0.0.6|CID:2|TS:9.070|SPD:20.3|HDG:-0.7|PX:181.1|PY:-30.0|L...
[TRUST-APPLIED] CID:10 LANE_UPGRADE → logical reward only; telemetry lane unchanged lane=1 speed unchanged=20.0 m/s [reward-speed disabled to avoid M1 false positive]
✓ [CAR 10] ACT=OK REP=0.500 RWD=1.500 PNL=0.000 CREDIT=15
✓ [CAR 10] ACT=OK REP=1.000 RWD=1.000 PNL=0.000 CREDIT=14
[TRUST-APPLIED] CID:2 LANE_UPGRADE → logical reward only; telemetry lane unchanged lane=3 speed unchanged=20.000 m/s [reward-speed disabled to avoid M1 false positive]
✓ [CAR 2] ACT=OK REP=0.500 RWD=1.500 PNL=0.000 CREDIT=15
✓ [CAR 2] ACT=OK REP=0.975 RWD=1.000 PNL=0.000 CREDIT=14
[PASSIVE-BEACON] SIMNOW:9.114 CID:4 ZONE:1 RXUAV:1 EDGEPORT:9998 TS:9.100 SPD:20.300 HDG:-1.500 PX:181.600 PY:-50.000 LAN:5 BRK:1 RX_X:0.000 RX_Y:0.000 RX_Z:0.000
[ZONE-ROUTE] CID:4 zone=1 edge_port=9998
[EDGE-RTT] CID:4 wall=0.9 ms  sim_delay=10.0 ms
[TRUST-UPGRADE] CID:4 earned LANE_UPGRADE after 15 clean packets → lane 0 + 2.0 m/s
>>> [UAV->CLOUD] BLK:0e4c|TX:7.0.0.8|CID:4|TS:9.100|SPD:20.3|HDG:-1.5|PX:181.6|PY:-50.0|L...
[TRUST-APPLIED] CID:4 LANE_UPGRADE → logical reward only; telemetry lane unchanged lane=5 speed unchanged=20.0 m/s [reward-speed disabled to avoid M1 false positive]
✓ [CAR 4] ACT=OK REP=0.500 RWD=1.500 PNL=0.000 CREDIT=15
✓ [CAR 4] ACT=OK REP=1.000 RWD=1.000 PNL=0.000 CREDIT=14
[PASSIVE-BEACON] SIMNOW:9.137 CID:9 ZONE:1 RXUAV:1 EDGEPORT:9998 TS:9.122 SPD:20.400 HDG:0.700 PX:203.100 PY:-50.000 LAN:5 BRK:0 RX_X:0.000 RX_Y:0.000 RX_Z:0.000
[ZONE-ROUTE] CID:9 zone=1 edge_port=9998
[EDGE-RTT] CID:9 wall=0.9 ms  sim_delay=10.0 ms
>>> [UAV->CLOUD] BLK:590c|TX:7.0.0.13|CID:9|TS:9.122|SPD:20.4|HDG:0.7|PX:203.1|PY:-50.0|L...
✓ [CAR 9] ACT=OK REP=0.744 RWD=1.000 PNL=0.000 CREDIT=13
[PASSIVE-BEACON] SIMNOW:9.157 CID:5 ZONE:1 RXUAV:1 EDGEPORT:9998 TS:9.142 SPD:20.400 HDG:-1.000 PX:203.300 PY:-10.000 LAN:1 BRK:0 RX_X:0.000 RX_Y:0.000 RX_Z:0.000
[ZONE-ROUTE] CID:5 zone=1 edge_port=9998
[EDGE-RTT] CID:5 wall=1.2 ms  sim_delay=10.0 ms
>>> [UAV->CLOUD] BLK:45a7|TX:7.0.0.9|CID:5|TS:9.142|SPD:20.4|HDG:-1.0|PX:203.3|PY:-10.0|L...
[PASSIVE-BEACON] SIMNOW:9.160 CID:18 ZONE:1 RXUAV:1 EDGEPORT:9998 TS:9.146 SPD:19.600 HDG:0.800 PX:242.300 PY:-40.000 LAN:4 BRK:0 RX_X:0.000 RX_Y:0.000 RX_Z:0.000
[ZONE-ROUTE] CID:18 zone=1 edge_port=9998
[EDGE-RTT] CID:18 wall=1.0 ms  sim_delay=10.0 ms
>>> [UAV->CLOUD] BLK:53b2|TX:7.0.0.22|CID:18|TS:9.146|SPD:19.6|HDG:0.8|PX:242.3|PY:-40.0|...
✓ [CAR 5] ACT=OK REP=0.873 RWD=1.000 PNL=0.000 CREDIT=13
✓ [CAR 18] ACT=OK REP=1.000 RWD=1.000 PNL=0.000 CREDIT=13
[PASSIVE-BEACON] SIMNOW:9.206 CID:7 ZONE:1 RXUAV:1 EDGEPORT:9998 TS:9.192 SPD:19.800 HDG:-1.000 PX:204.100 PY:-30.000 LAN:3 BRK:1 RX_X:0.000 RX_Y:0.000 RX_Z:0.000
[ZONE-ROUTE] CID:7 zone=1 edge_port=9998
[EDGE-RTT] CID:7 wall=1.1 ms  sim_delay=10.0 ms
>>> [UAV->CLOUD] BLK:8cc0|TX:7.0.0.11|CID:7|TS:9.192|SPD:19.8|HDG:-1.0|PX:204.1|PY:-30.0|...
✓ [CAR 7] ACT=OK REP=0.930 RWD=1.000 PNL=0.000 CREDIT=13
[PASSIVE-BEACON] SIMNOW:9.234 CID:1 ZONE:1 RXUAV:1 EDGEPORT:9998 TS:9.220 SPD:19.800 HDG:2.000 PX:185.000 PY:-20.000 LAN:2 BRK:1 RX_X:0.000 RX_Y:0.000 RX_Z:0.000
[ZONE-ROUTE] CID:1 zone=1 edge_port=9998
[EDGE-RTT] CID:1 wall=1.1 ms  sim_delay=10.0 ms
[TRUST-UPGRADE] CID:1 earned LANE_UPGRADE after 15 clean packets → lane 0 + 2.0 m/s
>>> [UAV->CLOUD] BLK:9569|TX:7.0.0.5|CID:1|TS:9.220|SPD:19.8|HDG:2.0|PX:185.0|PY:-20.0|LA...
[TRUST-APPLIED] CID:1 LANE_UPGRADE → logical reward only; telemetry lane unchanged lane=2 speed unchanged=20.0 m/s [reward-speed disabled to avoid M1 false positive]
✓ [CAR 1] ACT=OK REP=0.500 RWD=1.500 PNL=0.000 CREDIT=15
✓ [CAR 1] ACT=OK REP=1.000 RWD=1.000 PNL=0.000 CREDIT=14
[PASSIVE-BEACON] SIMNOW:9.258 CID:15 ZONE:1 RXUAV:1 EDGEPORT:9998 TS:9.246 SPD:19.900 HDG:-1.200 PX:245.500 PY:-10.000 LAN:1 BRK:0 RX_X:0.000 RX_Y:0.000 RX_Z:0.000
[ZONE-ROUTE] CID:15 zone=1 edge_port=9998
[EDGE-RTT] CID:15 wall=1.2 ms  sim_delay=10.0 ms
[TRUST-UPGRADE] CID:15 earned LANE_UPGRADE after 15 clean packets → lane 0 + 2.0 m/s
>>> [UAV->CLOUD] BLK:1561|TX:7.0.0.19|CID:15|TS:9.246|SPD:19.9|HDG:-1.2|PX:245.5|PY:-10.0...
[PASSIVE-BEACON] SIMNOW:9.258 CID:12 ZONE:1 RXUAV:1 EDGEPORT:9998 TS:9.244 SPD:19.700 HDG:-1.500 PX:224.600 PY:-30.000 LAN:3 BRK:1 RX_X:0.000 RX_Y:0.000 RX_Z:0.000
[ZONE-ROUTE] CID:12 zone=1 edge_port=9998
[EDGE-RTT] CID:12 wall=1.8 ms  sim_delay=10.0 ms
[TRUST-UPGRADE] CID:12 earned LANE_UPGRADE after 15 clean packets → lane 0 + 2.0 m/s
>>> [UAV->CLOUD] BLK:649b|TX:7.0.0.16|CID:12|TS:9.244|SPD:19.7|HDG:-1.5|PX:224.6|PY:-30.0...
[TRUST-APPLIED] CID:15 LANE_UPGRADE → logical reward only; telemetry lane unchanged lane=1 speed unchanged=20.0 m/s [reward-speed disabled to avoid M1 false positive]
✓ [CAR 15] ACT=OK REP=0.500 RWD=1.500 PNL=0.000 CREDIT=15
[TRUST-APPLIED] CID:12 LANE_UPGRADE → logical reward only; telemetry lane unchanged lane=3 speed unchanged=20.000 m/s [reward-speed disabled to avoid M1 false positive]
✓ [CAR 12] ACT=OK REP=0.500 RWD=1.500 PNL=0.000 CREDIT=15
✓ [CAR 12] ACT=OK REP=1.000 RWD=1.000 PNL=0.000 CREDIT=14
✓ [CAR 15] ACT=OK REP=0.999 RWD=1.000 PNL=0.000 CREDIT=14
[PASSIVE-BEACON] SIMNOW:9.324 CID:3 ZONE:1 RXUAV:1 EDGEPORT:9998 TS:9.310 SPD:20.100 HDG:0.700 PX:186.200 PY:-40.000 LAN:4 BRK:0 RX_X:0.000 RX_Y:0.000 RX_Z:0.000
[ZONE-ROUTE] CID:3 zone=1 edge_port=9998
[EDGE-RTT] CID:3 wall=1.2 ms  sim_delay=10.0 ms
>>> [UAV->CLOUD] BLK:a37a|TX:7.0.0.7|CID:3|TS:9.310|SPD:20.1|HDG:0.7|PX:186.2|PY:-40.0|LA...
[PASSIVE-BEACON] SIMNOW:9.336 CID:6 ZONE:1 RXUAV:1 EDGEPORT:9998 TS:9.322 SPD:20.400 HDG:0.100 PX:205.900 PY:-20.000 LAN:2 BRK:0 RX_X:0.000 RX_Y:0.000 RX_Z:0.000
[ZONE-ROUTE] CID:6 zone=1 edge_port=9998
[EDGE-RTT] CID:6 wall=0.9 ms  sim_delay=10.0 ms
[TRUST-UPGRADE] CID:6 earned LANE_UPGRADE after 15 clean packets → lane 0 + 2.0 m/s
>>> [UAV->CLOUD] BLK:2298|TX:7.0.0.10|CID:6|TS:9.322|SPD:20.4|HDG:0.1|PX:205.9|PY:-20.0|L...
✓ [CAR 3] ACT=OK REP=0.816 RWD=1.000 PNL=0.000 CREDIT=13
[PASSIVE-BEACON] SIMNOW:9.348 CID:14 ZONE:1 RXUAV:1 EDGEPORT:9998 TS:9.334 SPD:19.700 HDG:-0.700 PX:227.000 PY:-50.000 LAN:5 BRK:0 RX_X:0.000 RX_Y:0.000 RX_Z:0.000
[ZONE-ROUTE] CID:14 zone=1 edge_port=9998
[EDGE-RTT] CID:14 wall=0.8 ms  sim_delay=10.0 ms
>>> [UAV->CLOUD] BLK:345d|TX:7.0.0.18|CID:14|TS:9.334|SPD:19.7|HDG:-0.7|PX:227.0|PY:-50.0...
[TRUST-APPLIED] CID:6 LANE_UPGRADE → logical reward only; telemetry lane unchanged lane=2 speed unchanged=20.0 m/s [reward-speed disabled to avoid M1 false positive]
✓ [CAR 6] ACT=OK REP=0.500 RWD=1.500 PNL=0.000 CREDIT=15
✓ [CAR 6] ACT=OK REP=1.000 RWD=1.000 PNL=0.000 CREDIT=14
✓ [CAR 14] ACT=OK REP=0.778 RWD=1.000 PNL=0.000 CREDIT=13
[PASSIVE-BEACON] SIMNOW:9.427 CID:0 ZONE:1 RXUAV:1 EDGEPORT:9998 TS:9.410 SPD:20.100 HDG:-0.300 PX:188.900 PY:-10.000 LAN:1 BRK:1 RX_X:0.000 RX_Y:0.000 RX_Z:0.000
[ZONE-ROUTE] CID:0 zone=1 edge_port=9998
[EDGE-RTT] CID:0 wall=1.1 ms  sim_delay=10.0 ms
[TRUST-UPGRADE] CID:0 earned LANE_UPGRADE after 15 clean packets → lane 0 + 2.0 m/s
>>> [UAV->CLOUD] BLK:5788|TX:7.0.0.4|CID:0|TS:9.410|SPD:20.1|HDG:-0.3|PX:188.9|PY:-10.0|L...
[PASSIVE-BEACON] SIMNOW:9.428 CID:11 ZONE:1 RXUAV:1 EDGEPORT:9998 TS:9.414 SPD:19.700 HDG:1.300 PX:229.000 PY:-20.000 LAN:2 BRK:0 RX_X:0.000 RX_Y:0.000 RX_Z:0.000
[ZONE-ROUTE] CID:11 zone=1 edge_port=9998
[EDGE-RTT] CID:11 wall=0.8 ms  sim_delay=10.0 ms
[TRUST-UPGRADE] CID:11 earned LANE_UPGRADE after 15 clean packets → lane 0 + 2.0 m/s
>>> [UAV->CLOUD] BLK:c61d|TX:7.0.0.15|CID:11|TS:9.414|SPD:19.7|HDG:1.3|PX:229.0|PY:-20.0|...
[TRUST-APPLIED] CID:11 LANE_UPGRADE → logical reward only; telemetry lane unchanged lane=2 speed unchanged=20.0 m/s [reward-speed disabled to avoid M1 false positive]
✓ [CAR 11] ACT=OK REP=0.500 RWD=1.500 PNL=0.000 CREDIT=15
[TRUST-APPLIED] CID:0 LANE_UPGRADE → logical reward only; telemetry lane unchanged lane=1 speed unchanged=20.000 m/s [reward-speed disabled to avoid M1 false positive]
✓ [CAR 0] ACT=OK REP=0.500 RWD=1.500 PNL=0.000 CREDIT=15
✓ [CAR 11] ACT=OK REP=0.748 RWD=1.000 PNL=0.000 CREDIT=14
✓ [CAR 0] ACT=OK REP=0.713 RWD=1.000 PNL=0.000 CREDIT=14
[PASSIVE-BEACON] SIMNOW:9.468 CID:13 ZONE:1 RXUAV:1 EDGEPORT:9998 TS:9.454 SPD:20.100 HDG:-0.100 PX:228.700 PY:-40.000 LAN:4 BRK:0 RX_X:0.000 RX_Y:0.000 RX_Z:0.000
[ZONE-ROUTE] CID:13 zone=1 edge_port=9998
[EDGE-RTT] CID:13 wall=1.0 ms  sim_delay=10.0 ms
>>> [UAV->CLOUD] BLK:1b6c|TX:7.0.0.17|CID:13|TS:9.454|SPD:20.1|HDG:-0.1|PX:228.7|PY:-40.0...
[PASSIVE-BEACON] SIMNOW:9.470 CID:17 ZONE:1 RXUAV:1 EDGEPORT:9998 TS:9.456 SPD:20.000 HDG:0.500 PX:248.700 PY:-30.000 LAN:3 BRK:0 RX_X:0.000 RX_Y:0.000 RX_Z:0.000
[ZONE-ROUTE] CID:17 zone=1 edge_port=9998
[EDGE-RTT] CID:17 wall=0.9 ms  sim_delay=10.0 ms
[TRUST-UPGRADE] CID:17 earned LANE_UPGRADE after 15 clean packets → lane 0 + 2.0 m/s
>>> [UAV->CLOUD] BLK:5d8e|TX:7.0.0.21|CID:17|TS:9.456|SPD:20.0|HDG:0.5|PX:248.7|PY:-30.0|...
✓ [CAR 13] ACT=OK REP=1.000 RWD=1.000 PNL=0.000 CREDIT=13
[TRUST-APPLIED] CID:17 LANE_UPGRADE → logical reward only; telemetry lane unchanged lane=3 speed unchanged=20.000 m/s [reward-speed disabled to avoid M1 false positive]
✓ [CAR 17] ACT=OK REP=0.500 RWD=1.500 PNL=0.000 CREDIT=15
✓ [CAR 17] ACT=OK REP=0.605 RWD=1.000 PNL=0.000 CREDIT=14
[PASSIVE-BEACON] SIMNOW:9.485 CID:16 ZONE:1 RXUAV:1 EDGEPORT:9998 TS:9.286 SPD:19.500 HDG:0.300 PX:245.300 PY:-20.000 LAN:2 BRK:0 RX_X:0.000 RX_Y:0.000 RX_Z:0.000
[ZONE-ROUTE] CID:16 zone=1 edge_port=9998
[EDGE-RTT] CID:16 wall=1.2 ms  sim_delay=10.0 ms
>>> [UAV->CLOUD] BLK:f60c|TX:7.0.0.20|CID:16|TS:9.286|SPD:19.5|HDG:0.3|PX:245.3|PY:-20.0|...
✓ [CAR 16] ACT=OK REP=1.000 RWD=1.000 PNL=0.000 CREDIT=12
[PASSIVE-BEACON] SIMNOW:9.566 CID:8 ZONE:1 RXUAV:1 EDGEPORT:9998 TS:9.552 SPD:19.600 HDG:1.100 PX:211.000 PY:-40.000 LAN:4 BRK:0 RX_X:0.000 RX_Y:0.000 RX_Z:0.000
[ZONE-ROUTE] CID:8 zone=1 edge_port=9998
[EDGE-RTT] CID:8 wall=1.1 ms  sim_delay=10.0 ms
[TRUST-UPGRADE] CID:8 earned LANE_UPGRADE after 15 clean packets → lane 0 + 2.0 m/s
>>> [UAV->CLOUD] BLK:5db5|TX:7.0.0.12|CID:8|TS:9.552|SPD:19.6|HDG:1.1|PX:211.0|PY:-40.0|L...
[PASSIVE-BEACON] SIMNOW:9.578 CID:10 ZONE:1 RXUAV:1 EDGEPORT:9998 TS:9.564 SPD:20.000 HDG:-0.200 PX:230.600 PY:-10.000 LAN:1 BRK:0 RX_X:0.000 RX_Y:0.000 RX_Z:0.000
[ZONE-ROUTE] CID:10 zone=1 edge_port=9998
[EDGE-RTT] CID:10 wall=0.9 ms  sim_delay=10.0 ms
>>> [UAV->CLOUD] BLK:cc58|TX:7.0.0.14|CID:10|TS:9.564|SPD:20.0|HDG:-0.2|PX:230.6|PY:-10.0...
[TRUST-APPLIED] CID:8 LANE_UPGRADE → logical reward only; telemetry lane unchanged lane=4 speed unchanged=20.0 m/s [reward-speed disabled to avoid M1 false positive]
✓ [CAR 8] ACT=OK REP=0.500 RWD=1.500 PNL=0.000 CREDIT=15
✓ [CAR 8] ACT=OK REP=0.885 RWD=1.000 PNL=0.000 CREDIT=14
[PASSIVE-BEACON] SIMNOW:9.584 CID:2 ZONE:1 RXUAV:1 EDGEPORT:9998 TS:9.570 SPD:20.200 HDG:0.700 PX:191.000 PY:-30.000 LAN:3 BRK:1 RX_X:0.000 RX_Y:0.000 RX_Z:0.000
[ZONE-ROUTE] CID:2 zone=1 edge_port=9998
[EDGE-RTT] CID:2 wall=1.0 ms  sim_delay=10.0 ms
>>> [UAV->CLOUD] BLK:e0df|TX:7.0.0.6|CID:2|TS:9.570|SPD:20.2|HDG:0.7|PX:191.0|PY:-30.0|LA...
✓ [CAR 10] ACT=OK REP=0.874 RWD=1.000 PNL=0.000 CREDIT=15
✓ [CAR 2] ACT=OK REP=0.993 RWD=1.000 PNL=0.000 CREDIT=15
[PASSIVE-BEACON] SIMNOW:9.614 CID:4 ZONE:1 RXUAV:1 EDGEPORT:9998 TS:9.600 SPD:19.900 HDG:1.000 PX:191.900 PY:-50.000 LAN:5 BRK:0 RX_X:0.000 RX_Y:0.000 RX_Z:0.000
[ZONE-ROUTE] CID:4 zone=1 edge_port=9998
[EDGE-RTT] CID:4 wall=0.9 ms  sim_delay=10.0 ms
>>> [UAV->CLOUD] BLK:1365|TX:7.0.0.8|CID:4|TS:9.600|SPD:19.9|HDG:1.0|PX:191.9|PY:-50.0|LA...
✓ [CAR 4] ACT=OK REP=0.814 RWD=1.000 PNL=0.000 CREDIT=15
[PASSIVE-BEACON] SIMNOW:9.636 CID:9 ZONE:1 RXUAV:1 EDGEPORT:9998 TS:9.622 SPD:19.900 HDG:1.700 PX:213.200 PY:-50.000 LAN:5 BRK:0 RX_X:0.000 RX_Y:0.000 RX_Z:0.000
[ZONE-ROUTE] CID:9 zone=1 edge_port=9998
[EDGE-RTT] CID:9 wall=0.9 ms  sim_delay=10.0 ms
[TRUST-UPGRADE] CID:9 earned LANE_UPGRADE after 15 clean packets → lane 0 + 2.0 m/s
>>> [UAV->CLOUD] BLK:5c14|TX:7.0.0.13|CID:9|TS:9.622|SPD:19.9|HDG:1.7|PX:213.2|PY:-50.0|L...
[TRUST-APPLIED] CID:9 LANE_UPGRADE → logical reward only; telemetry lane unchanged lane=5 speed unchanged=20.0 m/s [reward-speed disabled to avoid M1 false positive]
✓ [CAR 9] ACT=OK REP=0.500 RWD=1.500 PNL=0.000 CREDIT=15
✓ [CAR 9] ACT=OK REP=0.840 RWD=1.000 PNL=0.000 CREDIT=14
[PASSIVE-BEACON] SIMNOW:9.656 CID:5 ZONE:1 RXUAV:1 EDGEPORT:9998 TS:9.642 SPD:20.400 HDG:1.100 PX:213.300 PY:-10.000 LAN:1 BRK:1 RX_X:0.000 RX_Y:0.000 RX_Z:0.000
[ZONE-ROUTE] CID:5 zone=1 edge_port=9998
[EDGE-RTT] CID:5 wall=1.1 ms  sim_delay=10.0 ms
[TRUST-UPGRADE] CID:5 earned LANE_UPGRADE after 15 clean packets → lane 0 + 2.0 m/s
>>> [UAV->CLOUD] BLK:d9f6|TX:7.0.0.9|CID:5|TS:9.642|SPD:20.4|HDG:1.1|PX:213.3|PY:-10.0|LA...
[PASSIVE-BEACON] SIMNOW:9.660 CID:18 ZONE:1 RXUAV:1 EDGEPORT:9998 TS:9.646 SPD:20.100 HDG:1.800 PX:252.200 PY:-40.000 LAN:4 BRK:0 RX_X:0.000 RX_Y:0.000 RX_Z:0.000
[ZONE-ROUTE] CID:18 zone=1 edge_port=9998
[EDGE-RTT] CID:18 wall=0.7 ms  sim_delay=10.0 ms
[TRUST-UPGRADE] CID:18 earned LANE_UPGRADE after 15 clean packets → lane 0 + 2.0 m/s
>>> [UAV->CLOUD] BLK:89b1|TX:7.0.0.22|CID:18|TS:9.646|SPD:20.1|HDG:1.8|PX:252.2|PY:-40.0|...
[TRUST-APPLIED] CID:5 LANE_UPGRADE → logical reward only; telemetry lane unchanged lane=1 speed unchanged=20.0 m/s [reward-speed disabled to avoid M1 false positive]
✓ [CAR 5] ACT=OK REP=0.500 RWD=1.500 PNL=0.000 CREDIT=15
✓ [CAR 5] ACT=OK REP=0.810 RWD=1.000 PNL=0.000 CREDIT=14
[TRUST-APPLIED] CID:18 LANE_UPGRADE → logical reward only; telemetry lane unchanged lane=4 speed unchanged=20.000 m/s [reward-speed disabled to avoid M1 false positive]
✓ [CAR 18] ACT=OK REP=0.500 RWD=1.500 PNL=0.000 CREDIT=15
✓ [CAR 18] ACT=OK REP=0.847 RWD=1.000 PNL=0.000 CREDIT=14
[PASSIVE-BEACON] SIMNOW:9.706 CID:7 ZONE:1 RXUAV:1 EDGEPORT:9998 TS:9.692 SPD:19.900 HDG:-0.500 PX:213.500 PY:-30.000 LAN:3 BRK:0 RX_X:0.000 RX_Y:0.000 RX_Z:0.000
[ZONE-ROUTE] CID:7 zone=1 edge_port=9998
[EDGE-RTT] CID:7 wall=1.2 ms  sim_delay=10.0 ms
[TRUST-UPGRADE] CID:7 earned LANE_UPGRADE after 15 clean packets → lane 0 + 2.0 m/s
>>> [UAV->CLOUD] BLK:7ff1|TX:7.0.0.11|CID:7|TS:9.692|SPD:19.9|HDG:-0.5|PX:213.5|PY:-30.0|...
[TRUST-APPLIED] CID:7 LANE_UPGRADE → logical reward only; telemetry lane unchanged lane=3 speed unchanged=20.0 m/s [reward-speed disabled to avoid M1 false positive]
✓ [CAR 7] ACT=OK REP=0.500 RWD=1.500 PNL=0.000 CREDIT=15
✓ [CAR 7] ACT=OK REP=0.825 RWD=1.000 PNL=0.000 CREDIT=14
[PASSIVE-BEACON] SIMNOW:9.734 CID:1 ZONE:1 RXUAV:1 EDGEPORT:9998 TS:9.720 SPD:20.300 HDG:1.400 PX:194.100 PY:-20.000 LAN:2 BRK:0 RX_X:0.000 RX_Y:0.000 RX_Z:0.000
[ZONE-ROUTE] CID:1 zone=1 edge_port=9998
[EDGE-RTT] CID:1 wall=1.0 ms  sim_delay=10.0 ms
>>> [UAV->CLOUD] BLK:3e70|TX:7.0.0.5|CID:1|TS:9.720|SPD:20.3|HDG:1.4|PX:194.1|PY:-20.0|LA...
✓ [CAR 1] ACT=OK REP=0.808 RWD=1.000 PNL=0.000 CREDIT=15
[PASSIVE-BEACON] SIMNOW:9.758 CID:12 ZONE:1 RXUAV:1 EDGEPORT:9998 TS:9.744 SPD:20.400 HDG:-0.700 PX:234.400 PY:-30.000 LAN:3 BRK:1 RX_X:0.000 RX_Y:0.000 RX_Z:0.000
[ZONE-ROUTE] CID:12 zone=1 edge_port=9998
[EDGE-RTT] CID:12 wall=0.9 ms  sim_delay=10.0 ms
>>> [UAV->CLOUD] BLK:aa20|TX:7.0.0.16|CID:12|TS:9.744|SPD:20.4|HDG:-0.7|PX:234.4|PY:-30.0...
[PASSIVE-BEACON] SIMNOW:9.760 CID:15 ZONE:1 RXUAV:1 EDGEPORT:9998 TS:9.746 SPD:20.200 HDG:1.300 PX:254.500 PY:-10.000 LAN:1 BRK:0 RX_X:0.000 RX_Y:0.000 RX_Z:0.000
[ZONE-ROUTE] CID:15 zone=1 edge_port=9998
[EDGE-RTT] CID:15 wall=0.9 ms  sim_delay=10.0 ms
>>> [UAV->CLOUD] BLK:08f9|TX:7.0.0.19|CID:15|TS:9.746|SPD:20.2|HDG:1.3|PX:254.5|PY:-10.0|...
✓ [CAR 12] ACT=OK REP=0.913 RWD=1.000 PNL=0.000 CREDIT=15
✓ [CAR 15] ACT=OK REP=0.967 RWD=1.000 PNL=0.000 CREDIT=15
[PASSIVE-BEACON] SIMNOW:9.824 CID:3 ZONE:1 RXUAV:1 EDGEPORT:9998 TS:9.810 SPD:20.300 HDG:-1.100 PX:196.100 PY:-40.000 LAN:4 BRK:0 RX_X:0.000 RX_Y:0.000 RX_Z:0.000
[ZONE-ROUTE] CID:3 zone=1 edge_port=9998
[EDGE-RTT] CID:3 wall=0.9 ms  sim_delay=10.0 ms
[TRUST-UPGRADE] CID:3 earned LANE_UPGRADE after 15 clean packets → lane 0 + 2.0 m/s
>>> [UAV->CLOUD] BLK:f9b5|TX:7.0.0.7|CID:3|TS:9.810|SPD:20.3|HDG:-1.1|PX:196.1|PY:-40.0|L...
[PASSIVE-BEACON] SIMNOW:9.836 CID:6 ZONE:1 RXUAV:1 EDGEPORT:9998 TS:9.822 SPD:19.600 HDG:1.900 PX:216.000 PY:-20.000 LAN:2 BRK:0 RX_X:0.000 RX_Y:0.000 RX_Z:0.000
[ZONE-ROUTE] CID:6 zone=1 edge_port=9998
[EDGE-RTT] CID:6 wall=1.0 ms  sim_delay=10.0 ms
>>> [UAV->CLOUD] BLK:2b34|TX:7.0.0.10|CID:6|TS:9.822|SPD:19.6|HDG:1.9|PX:216.0|PY:-20.0|L...
[TRUST-APPLIED] CID:3 LANE_UPGRADE → logical reward only; telemetry lane unchanged lane=4 speed unchanged=20.0 m/s [reward-speed disabled to avoid M1 false positive]
✓ [CAR 3] ACT=OK REP=0.500 RWD=1.500 PNL=0.000 CREDIT=15
✓ [CAR 3] ACT=OK REP=0.878 RWD=1.000 PNL=0.000 CREDIT=14
[PASSIVE-BEACON] SIMNOW:9.848 CID:14 ZONE:1 RXUAV:1 EDGEPORT:9998 TS:9.834 SPD:20.400 HDG:-1.900 PX:236.900 PY:-50.000 LAN:5 BRK:0 RX_X:0.000 RX_Y:0.000 RX_Z:0.000
[ZONE-ROUTE] CID:14 zone=1 edge_port=9998
[EDGE-RTT] CID:14 wall=1.0 ms  sim_delay=10.0 ms
[TRUST-UPGRADE] CID:14 earned LANE_UPGRADE after 15 clean packets → lane 0 + 2.0 m/s
>>> [UAV->CLOUD] BLK:3cb4|TX:7.0.0.18|CID:14|TS:9.834|SPD:20.4|HDG:-1.9|PX:236.9|PY:-50.0...
✓ [CAR 6] ACT=OK REP=0.968 RWD=1.000 PNL=0.000 CREDIT=15
[TRUST-APPLIED] CID:14 LANE_UPGRADE → logical reward only; telemetry lane unchanged lane=5 speed unchanged=20.000 m/s [reward-speed disabled to avoid M1 false positive]
✓ [CAR 14] ACT=OK REP=0.500 RWD=1.500 PNL=0.000 CREDIT=15
✓ [CAR 14] ACT=OK REP=1.000 RWD=1.000 PNL=0.000 CREDIT=14
[PASSIVE-BEACON] SIMNOW:9.928 CID:11 ZONE:1 RXUAV:1 EDGEPORT:9998 TS:9.914 SPD:20.300 HDG:0.100 PX:239.000 PY:-20.000 LAN:2 BRK:0 RX_X:0.000 RX_Y:0.000 RX_Z:0.000
[ZONE-ROUTE] CID:11 zone=1 edge_port=9998
[EDGE-RTT] CID:11 wall=1.1 ms  sim_delay=10.0 ms
>>> [UAV->CLOUD] BLK:e245|TX:7.0.0.15|CID:11|TS:9.914|SPD:20.3|HDG:0.1|PX:239.0|PY:-20.0|...
✓ [CAR 11] ACT=OK REP=1.000 RWD=1.000 PNL=0.000 CREDIT=15
[PASSIVE-BEACON] SIMNOW:9.968 CID:13 ZONE:1 RXUAV:1 EDGEPORT:9998 TS:9.954 SPD:20.200 HDG:1.700 PX:239.100 PY:-40.000 LAN:4 BRK:0 RX_X:0.000 RX_Y:0.000 RX_Z:0.000
[ZONE-ROUTE] CID:13 zone=1 edge_port=9998
[EDGE-RTT] CID:13 wall=1.2 ms  sim_delay=10.0 ms
[TRUST-UPGRADE] CID:13 earned LANE_UPGRADE after 15 clean packets → lane 0 + 2.0 m/s
>>> [UAV->CLOUD] BLK:9a18|TX:7.0.0.17|CID:13|TS:9.954|SPD:20.2|HDG:1.7|PX:239.1|PY:-40.0|...
[PASSIVE-BEACON] SIMNOW:9.971 CID:17 ZONE:1 RXUAV:1 EDGEPORT:9998 TS:9.956 SPD:19.700 HDG:0.600 PX:258.700 PY:-30.000 LAN:3 BRK:0 RX_X:0.000 RX_Y:0.000 RX_Z:0.000
[ZONE-ROUTE] CID:17 zone=1 edge_port=9998
[EDGE-RTT] CID:17 wall=1.1 ms  sim_delay=10.0 ms
>>> [UAV->CLOUD] BLK:ec3a|TX:7.0.0.21|CID:17|TS:9.956|SPD:19.7|HDG:0.6|PX:258.7|PY:-30.0|...
[PASSIVE-BEACON] SIMNOW:9.978 CID:0 ZONE:1 RXUAV:1 EDGEPORT:9998 TS:9.910 SPD:19.600 HDG:1.800 PX:198.000 PY:-10.000 LAN:1 BRK:0 RX_X:0.000 RX_Y:0.000 RX_Z:0.000
[ZONE-ROUTE] CID:0 zone=1 edge_port=9998
[EDGE-RTT] CID:0 wall=1.1 ms  sim_delay=10.0 ms
>>> [UAV->CLOUD] BLK:b1dc|TX:7.0.0.4|CID:0|TS:9.910|SPD:19.6|HDG:1.8|PX:198.0|PY:-10.0|LA...
[TRUST-APPLIED] CID:13 LANE_UPGRADE → logical reward only; telemetry lane unchanged lane=4 speed unchanged=20.0 m/s [reward-speed disabled to avoid M1 false positive]
✓ [CAR 13] ACT=OK REP=0.500 RWD=1.500 PNL=0.000 CREDIT=15
✓ [CAR 13] ACT=OK REP=0.963 RWD=1.000 PNL=0.000 CREDIT=14
✓ [CAR 17] ACT=OK REP=0.762 RWD=1.000 PNL=0.000 CREDIT=15
✓ [CAR 0] ACT=OK REP=0.805 RWD=1.000 PNL=0.000 CREDIT=15
[PASSIVE-BEACON] SIMNOW:10.064 CID:8 ZONE:1 RXUAV:1 EDGEPORT:9998 TS:10.052 SPD:19.600 HDG:1.900 PX:220.300 PY:-40.000 LAN:4 BRK:1 RX_X:0.000 RX_Y:0.000 RX_Z:0.000
[ZONE-ROUTE] CID:8 zone=1 edge_port=9998
[EDGE-RTT] CID:8 wall=1.2 ms  sim_delay=10.0 ms
>>> [UAV->CLOUD] BLK:6ef3|TX:7.0.0.12|CID:8|TS:10.052|SPD:19.6|HDG:1.9|PX:220.3|PY:-40.0|...
✓ [CAR 8] ACT=OK REP=0.960 RWD=1.000 PNL=0.000 CREDIT=15
[PASSIVE-BEACON] SIMNOW:10.078 CID:10 ZONE:1 RXUAV:1 EDGEPORT:9998 TS:10.064 SPD:20.000 HDG:-0.100 PX:240.600 PY:-10.000 LAN:1 BRK:1 RX_X:0.000 RX_Y:0.000 RX_Z:0.000
[ZONE-ROUTE] CID:10 zone=1 edge_port=9998
[EDGE-RTT] CID:10 wall=1.2 ms  sim_delay=10.0 ms
>>> [UAV->CLOUD] BLK:6f89|TX:7.0.0.14|CID:10|TS:10.064|SPD:20.0|HDG:-0.1|PX:240.6|PY:-10....
[PASSIVE-BEACON] SIMNOW:10.087 CID:2 ZONE:1 RXUAV:1 EDGEPORT:9998 TS:10.070 SPD:20.300 HDG:-1.900 PX:201.000 PY:-30.000 LAN:3 BRK:0 RX_X:0.000 RX_Y:0.000 RX_Z:0.000
[ZONE-ROUTE] CID:2 zone=1 edge_port=9998
[EDGE-RTT] CID:2 wall=1.0 ms  sim_delay=10.0 ms
>>> [UAV->CLOUD] BLK:b70d|TX:7.0.0.6|CID:2|TS:10.070|SPD:20.3|HDG:-1.9|PX:201.0|PY:-30.0|...
✓ [CAR 10] ACT=OK REP=0.836 RWD=1.000 PNL=0.000 CREDIT=16
✓ [CAR 2] ACT=OK REP=1.000 RWD=1.000 PNL=0.000 CREDIT=16
[PASSIVE-BEACON] SIMNOW:10.114 CID:4 ZONE:1 RXUAV:1 EDGEPORT:9998 TS:10.100 SPD:20.100 HDG:-1.900 PX:201.400 PY:-50.000 LAN:5 BRK:0 RX_X:0.000 RX_Y:0.000 RX_Z:0.000
[ZONE-ROUTE] CID:4 zone=1 edge_port=9998
[EDGE-RTT] CID:4 wall=1.1 ms  sim_delay=10.0 ms
>>> [UAV->CLOUD] BLK:8df0|TX:7.0.0.8|CID:4|TS:10.100|SPD:20.1|HDG:-1.9|PX:201.4|PY:-50.0|...
✓ [CAR 4] ACT=OK REP=0.874 RWD=1.000 PNL=0.000 CREDIT=16
[PASSIVE-BEACON] SIMNOW:10.136 CID:9 ZONE:1 RXUAV:1 EDGEPORT:9998 TS:10.122 SPD:20.300 HDG:1.500 PX:222.300 PY:-50.000 LAN:5 BRK:0 RX_X:0.000 RX_Y:0.000 RX_Z:0.000
[ZONE-ROUTE] CID:9 zone=1 edge_port=9998
[EDGE-RTT] CID:9 wall=1.0 ms  sim_delay=10.0 ms
>>> [UAV->CLOUD] BLK:09a5|TX:7.0.0.13|CID:9|TS:10.122|SPD:20.3|HDG:1.5|PX:222.3|PY:-50.0|...
✓ [CAR 9] ACT=OK REP=0.912 RWD=1.000 PNL=0.000 CREDIT=15
[PASSIVE-BEACON] SIMNOW:10.156 CID:5 ZONE:1 RXUAV:1 EDGEPORT:9998 TS:10.142 SPD:20.100 HDG:1.900 PX:222.700 PY:-10.000 LAN:1 BRK:0 RX_X:0.000 RX_Y:0.000 RX_Z:0.000
[ZONE-ROUTE] CID:5 zone=1 edge_port=9998
[EDGE-RTT] CID:5 wall=1.1 ms  sim_delay=10.0 ms
>>> [UAV->CLOUD] BLK:d269|TX:7.0.0.9|CID:5|TS:10.142|SPD:20.1|HDG:1.9|PX:222.7|PY:-10.0|L...
[PASSIVE-BEACON] SIMNOW:10.160 CID:18 ZONE:1 RXUAV:1 EDGEPORT:9998 TS:10.146 SPD:20.200 HDG:1.900 PX:262.500 PY:-40.000 LAN:4 BRK:0 RX_X:0.000 RX_Y:0.000 RX_Z:0.000
[ZONE-ROUTE] CID:18 zone=1 edge_port=9998
[EDGE-RTT] CID:18 wall=0.8 ms  sim_delay=10.0 ms
>>> [UAV->CLOUD] BLK:a1eb|TX:7.0.0.22|CID:18|TS:10.146|SPD:20.2|HDG:1.9|PX:262.5|PY:-40.0...
✓ [CAR 5] ACT=OK REP=0.917 RWD=1.000 PNL=0.000 CREDIT=15
✓ [CAR 18] ACT=OK REP=1.000 RWD=1.000 PNL=0.000 CREDIT=15
[PASSIVE-BEACON] SIMNOW:10.206 CID:7 ZONE:1 RXUAV:1 EDGEPORT:9998 TS:10.192 SPD:20.300 HDG:-0.300 PX:223.200 PY:-30.000 LAN:3 BRK:0 RX_X:0.000 RX_Y:0.000 RX_Z:0.000
[ZONE-ROUTE] CID:7 zone=1 edge_port=9998
[EDGE-RTT] CID:7 wall=1.0 ms  sim_delay=10.0 ms
>>> [UAV->CLOUD] BLK:33d0|TX:7.0.0.11|CID:7|TS:10.192|SPD:20.3|HDG:-0.3|PX:223.2|PY:-30.0...
✓ [CAR 7] ACT=OK REP=1.000 RWD=1.000 PNL=0.000 CREDIT=15
[PASSIVE-BEACON] SIMNOW:10.234 CID:1 ZONE:1 RXUAV:1 EDGEPORT:9998 TS:10.220 SPD:19.500 HDG:-1.900 PX:204.200 PY:-20.000 LAN:2 BRK:0 RX_X:0.000 RX_Y:0.000 RX_Z:0.000
[ZONE-ROUTE] CID:1 zone=1 edge_port=9998
[EDGE-RTT] CID:1 wall=0.9 ms  sim_delay=10.0 ms
>>> [UAV->CLOUD] BLK:b34e|TX:7.0.0.5|CID:1|TS:10.220|SPD:19.5|HDG:-1.9|PX:204.2|PY:-20.0|...
✓ [CAR 1] ACT=OK REP=0.931 RWD=1.000 PNL=0.000 CREDIT=16
[PASSIVE-BEACON] SIMNOW:10.258 CID:12 ZONE:1 RXUAV:1 EDGEPORT:9998 TS:10.244 SPD:20.300 HDG:1.100 PX:244.900 PY:-30.000 LAN:3 BRK:0 RX_X:0.000 RX_Y:0.000 RX_Z:0.000
[ZONE-ROUTE] CID:12 zone=1 edge_port=9998
[EDGE-RTT] CID:12 wall=0.9 ms  sim_delay=10.0 ms
>>> [UAV->CLOUD] BLK:6c9e|TX:7.0.0.16|CID:12|TS:10.244|SPD:20.3|HDG:1.1|PX:244.9|PY:-30.0...
[PASSIVE-BEACON] SIMNOW:10.260 CID:15 ZONE:1 RXUAV:1 EDGEPORT:9998 TS:10.246 SPD:20.300 HDG:-0.800 PX:265.100 PY:-10.000 LAN:1 BRK:0 RX_X:0.000 RX_Y:0.000 RX_Z:0.000
[ZONE-ROUTE] CID:15 zone=1 edge_port=9998
[EDGE-RTT] CID:15 wall=0.9 ms  sim_delay=10.0 ms
>>> [UAV->CLOUD] BLK:7d50|TX:7.0.0.19|CID:15|TS:10.246|SPD:20.3|HDG:-0.8|PX:265.1|PY:-10....
✓ [CAR 12] ACT=OK REP=0.899 RWD=1.000 PNL=0.000 CREDIT=16
✓ [CAR 15] ACT=OK REP=0.754 RWD=1.000 PNL=0.000 CREDIT=16
[PASSIVE-BEACON] SIMNOW:10.324 CID:3 ZONE:1 RXUAV:1 EDGEPORT:9998 TS:10.310 SPD:20.100 HDG:0.900 PX:206.800 PY:-40.000 LAN:4 BRK:0 RX_X:0.000 RX_Y:0.000 RX_Z:0.000
[ZONE-ROUTE] CID:3 zone=1 edge_port=9998
[EDGE-RTT] CID:3 wall=1.1 ms  sim_delay=10.0 ms
>>> [UAV->CLOUD] BLK:77f8|TX:7.0.0.7|CID:3|TS:10.310|SPD:20.1|HDG:0.9|PX:206.8|PY:-40.0|L...
[PASSIVE-BEACON] SIMNOW:10.336 CID:6 ZONE:1 RXUAV:1 EDGEPORT:9998 TS:10.322 SPD:19.800 HDG:-0.300 PX:226.200 PY:-20.000 LAN:2 BRK:0 RX_X:0.000 RX_Y:0.000 RX_Z:0.000
[ZONE-ROUTE] CID:6 zone=1 edge_port=9998
[EDGE-RTT] CID:6 wall=0.9 ms  sim_delay=10.0 ms
>>> [UAV->CLOUD] BLK:1a89|TX:7.0.0.10|CID:6|TS:10.322|SPD:19.8|HDG:-0.3|PX:226.2|PY:-20.0...
✓ [CAR 3] ACT=OK REP=1.000 RWD=1.000 PNL=0.000 CREDIT=15
[PASSIVE-BEACON] SIMNOW:10.348 CID:14 ZONE:1 RXUAV:1 EDGEPORT:9998 TS:10.334 SPD:20.000 HDG:-0.900 PX:246.400 PY:-50.000 LAN:5 BRK:0 RX_X:0.000 RX_Y:0.000 RX_Z:0.000
[ZONE-ROUTE] CID:14 zone=1 edge_port=9998
[EDGE-RTT] CID:14 wall=1.0 ms  sim_delay=10.0 ms
>>> [UAV->CLOUD] BLK:1db0|TX:7.0.0.18|CID:14|TS:10.334|SPD:20.0|HDG:-0.9|PX:246.4|PY:-50....
✓ [CAR 6] ACT=OK REP=0.770 RWD=1.000 PNL=0.000 CREDIT=16
✓ [CAR 14] ACT=OK REP=0.810 RWD=1.000 PNL=0.000 CREDIT=15
[PASSIVE-BEACON] SIMNOW:10.428 CID:11 ZONE:1 RXUAV:1 EDGEPORT:9998 TS:10.414 SPD:19.900 HDG:1.900 PX:248.700 PY:-20.000 LAN:2 BRK:0 RX_X:0.000 RX_Y:0.000 RX_Z:0.000
[ZONE-ROUTE] CID:11 zone=1 edge_port=9998
[EDGE-RTT] CID:11 wall=1.1 ms  sim_delay=10.0 ms
>>> [UAV->CLOUD] BLK:fed0|TX:7.0.0.15|CID:11|TS:10.414|SPD:19.9|HDG:1.9|PX:248.7|PY:-20.0...
✓ [CAR 11] ACT=OK REP=0.887 RWD=1.000 PNL=0.000 CREDIT=16
[PASSIVE-BEACON] SIMNOW:10.468 CID:13 ZONE:1 RXUAV:1 EDGEPORT:9998 TS:10.454 SPD:20.100 HDG:-1.300 PX:248.900 PY:-40.000 LAN:4 BRK:0 RX_X:0.000 RX_Y:0.000 RX_Z:0.000
[ZONE-ROUTE] CID:13 zone=1 edge_port=9998
[EDGE-RTT] CID:13 wall=1.0 ms  sim_delay=10.0 ms
>>> [UAV->CLOUD] BLK:2005|TX:7.0.0.17|CID:13|TS:10.454|SPD:20.1|HDG:-1.3|PX:248.9|PY:-40....
[PASSIVE-BEACON] SIMNOW:10.470 CID:17 ZONE:1 RXUAV:1 EDGEPORT:9998 TS:10.456 SPD:19.700 HDG:0.100 PX:269.400 PY:-30.000 LAN:3 BRK:1 RX_X:0.000 RX_Y:0.000 RX_Z:0.000
[ZONE-ROUTE] CID:17 zone=1 edge_port=9998
[EDGE-RTT] CID:17 wall=0.8 ms  sim_delay=10.0 ms
>>> [UAV->CLOUD] BLK:dc1c|TX:7.0.0.21|CID:17|TS:10.456|SPD:19.7|HDG:0.1|PX:269.4|PY:-30.0...
✓ [CAR 13] ACT=OK REP=0.815 RWD=1.000 PNL=0.000 CREDIT=15
✓ [CAR 17] ACT=OK REP=0.895 RWD=1.000 PNL=0.000 CREDIT=16
[PASSIVE-BEACON] SIMNOW:10.566 CID:8 ZONE:1 RXUAV:1 EDGEPORT:9998 TS:10.552 SPD:19.700 HDG:-0.200 PX:231.600 PY:-40.000 LAN:4 BRK:0 RX_X:0.000 RX_Y:0.000 RX_Z:0.000
[ZONE-ROUTE] CID:8 zone=1 edge_port=9998
[EDGE-RTT] CID:8 wall=0.8 ms  sim_delay=10.0 ms
>>> [UAV->CLOUD] BLK:8a0f|TX:7.0.0.12|CID:8|TS:10.552|SPD:19.7|HDG:-0.2|PX:231.6|PY:-40.0...
[PASSIVE-BEACON] SIMNOW:10.578 CID:10 ZONE:1 RXUAV:1 EDGEPORT:9998 TS:10.564 SPD:20.100 HDG:0.200 PX:250.700 PY:-10.000 LAN:1 BRK:0 RX_X:0.000 RX_Y:0.000 RX_Z:0.000
[ZONE-ROUTE] CID:10 zone=1 edge_port=9998
[EDGE-RTT] CID:10 wall=1.0 ms  sim_delay=10.0 ms
>>> [UAV->CLOUD] BLK:eedf|TX:7.0.0.14|CID:10|TS:10.564|SPD:20.1|HDG:0.2|PX:250.7|PY:-10.0...
✓ [CAR 8] ACT=OK REP=0.820 RWD=1.000 PNL=0.000 CREDIT=16
[PASSIVE-BEACON] SIMNOW:10.588 CID:2 ZONE:1 RXUAV:1 EDGEPORT:9998 TS:10.570 SPD:20.200 HDG:1.900 PX:210.800 PY:-30.000 LAN:3 BRK:1 RX_X:0.000 RX_Y:0.000 RX_Z:0.000
[ZONE-ROUTE] CID:2 zone=1 edge_port=9998
[EDGE-RTT] CID:2 wall=0.7 ms  sim_delay=10.0 ms
>>> [UAV->CLOUD] BLK:e3b6|TX:7.0.0.6|CID:2|TS:10.570|SPD:20.2|HDG:1.9|PX:210.8|PY:-30.0|L...
✓ [CAR 10] ACT=OK REP=0.939 RWD=1.000 PNL=0.000 CREDIT=17
✓ [CAR 2] ACT=OK REP=0.965 RWD=1.000 PNL=0.000 CREDIT=17
[PASSIVE-BEACON] SIMNOW:10.614 CID:4 ZONE:1 RXUAV:1 EDGEPORT:9998 TS:10.600 SPD:20.400 HDG:1.500 PX:211.800 PY:-50.000 LAN:5 BRK:0 RX_X:0.000 RX_Y:0.000 RX_Z:0.000
[ZONE-ROUTE] CID:4 zone=1 edge_port=9998
[EDGE-RTT] CID:4 wall=1.0 ms  sim_delay=10.0 ms
>>> [UAV->CLOUD] BLK:5db7|TX:7.0.0.8|CID:4|TS:10.600|SPD:20.4|HDG:1.5|PX:211.8|PY:-50.0|L...
✓ [CAR 4] ACT=OK REP=0.988 RWD=1.000 PNL=0.000 CREDIT=17
[PASSIVE-BEACON] SIMNOW:10.636 CID:9 ZONE:1 RXUAV:1 EDGEPORT:9998 TS:10.622 SPD:20.200 HDG:-1.000 PX:232.000 PY:-50.000 LAN:5 BRK:0 RX_X:0.000 RX_Y:0.000 RX_Z:0.000
[ZONE-ROUTE] CID:9 zone=1 edge_port=9998
[EDGE-RTT] CID:9 wall=1.0 ms  sim_delay=10.0 ms
>>> [UAV->CLOUD] BLK:65b4|TX:7.0.0.13|CID:9|TS:10.622|SPD:20.2|HDG:-1.0|PX:232.0|PY:-50.0...
✓ [CAR 9] ACT=OK REP=1.000 RWD=1.000 PNL=0.000 CREDIT=16
[PASSIVE-BEACON] SIMNOW:10.656 CID:5 ZONE:1 RXUAV:1 EDGEPORT:9998 TS:10.642 SPD:20.300 HDG:-0.300 PX:232.200 PY:-10.000 LAN:1 BRK:1 RX_X:0.000 RX_Y:0.000 RX_Z:0.000
[ZONE-ROUTE] CID:5 zone=1 edge_port=9998
[EDGE-RTT] CID:5 wall=0.8 ms  sim_delay=10.0 ms
>>> [UAV->CLOUD] BLK:3f86|TX:7.0.0.9|CID:5|TS:10.642|SPD:20.3|HDG:-0.3|PX:232.2|PY:-10.0|...
[PASSIVE-BEACON] SIMNOW:10.660 CID:18 ZONE:1 RXUAV:1 EDGEPORT:9998 TS:10.646 SPD:19.700 HDG:-1.600 PX:272.900 PY:-40.000 LAN:4 BRK:0 RX_X:0.000 RX_Y:0.000 RX_Z:0.000
[ZONE-ROUTE] CID:18 zone=1 edge_port=9998
[EDGE-RTT] CID:18 wall=0.9 ms  sim_delay=10.0 ms
>>> [UAV->CLOUD] BLK:7fc3|TX:7.0.0.22|CID:18|TS:10.646|SPD:19.7|HDG:-1.6|PX:272.9|PY:-40....
✓ [CAR 5] ACT=OK REP=1.000 RWD=1.000 PNL=0.000 CREDIT=16
✓ [CAR 18] ACT=OK REP=0.963 RWD=1.000 PNL=0.000 CREDIT=16
[PASSIVE-BEACON] SIMNOW:10.706 CID:7 ZONE:1 RXUAV:1 EDGEPORT:9998 TS:10.692 SPD:19.800 HDG:-0.100 PX:233.700 PY:-30.000 LAN:3 BRK:1 RX_X:0.000 RX_Y:0.000 RX_Z:0.000
[ZONE-ROUTE] CID:7 zone=1 edge_port=9998
[EDGE-RTT] CID:7 wall=1.2 ms  sim_delay=10.0 ms
>>> [UAV->CLOUD] BLK:6544|TX:7.0.0.11|CID:7|TS:10.692|SPD:19.8|HDG:-0.1|PX:233.7|PY:-30.0...
✓ [CAR 7] ACT=OK REP=0.746 RWD=1.000 PNL=0.000 CREDIT=16
[PASSIVE-BEACON] SIMNOW:10.734 CID:1 ZONE:1 RXUAV:1 EDGEPORT:9998 TS:10.720 SPD:20.100 HDG:-1.400 PX:213.800 PY:-20.000 LAN:2 BRK:0 RX_X:0.000 RX_Y:0.000 RX_Z:0.000
[ZONE-ROUTE] CID:1 zone=1 edge_port=9998
[EDGE-RTT] CID:1 wall=0.9 ms  sim_delay=10.0 ms
>>> [UAV->CLOUD] BLK:c897|TX:7.0.0.5|CID:1|TS:10.720|SPD:20.1|HDG:-1.4|PX:213.8|PY:-20.0|...
✓ [CAR 1] ACT=OK REP=1.000 RWD=1.000 PNL=0.000 CREDIT=17
[PASSIVE-BEACON] SIMNOW:10.758 CID:12 ZONE:1 RXUAV:1 EDGEPORT:9998 TS:10.744 SPD:19.900 HDG:1.800 PX:254.400 PY:-30.000 LAN:3 BRK:0 RX_X:0.000 RX_Y:0.000 RX_Z:0.000
[ZONE-ROUTE] CID:12 zone=1 edge_port=9998
[EDGE-RTT] CID:12 wall=0.8 ms  sim_delay=10.0 ms
>>> [UAV->CLOUD] BLK:04d2|TX:7.0.0.16|CID:12|TS:10.744|SPD:19.9|HDG:1.8|PX:254.4|PY:-30.0...
[PASSIVE-BEACON] SIMNOW:10.759 CID:15 ZONE:1 RXUAV:1 EDGEPORT:9998 TS:10.746 SPD:20.200 HDG:-1.600 PX:274.700 PY:-10.000 LAN:1 BRK:0 RX_X:0.000 RX_Y:0.000 RX_Z:0.000
[ZONE-ROUTE] CID:15 zone=1 edge_port=9998
[EDGE-RTT] CID:15 wall=0.6 ms  sim_delay=10.0 ms
>>> [UAV->CLOUD] BLK:9479|TX:7.0.0.19|CID:15|TS:10.746|SPD:20.2|HDG:-1.6|PX:274.7|PY:-10....
✓ [CAR 12] ACT=OK REP=1.000 RWD=1.000 PNL=0.000 CREDIT=17
✓ [CAR 15] ACT=OK REP=0.880 RWD=1.000 PNL=0.000 CREDIT=17
[PASSIVE-BEACON] SIMNOW:10.827 CID:3 ZONE:1 RXUAV:1 EDGEPORT:9998 TS:10.810 SPD:19.500 HDG:-1.700 PX:216.000 PY:-40.000 LAN:4 BRK:0 RX_X:0.000 RX_Y:0.000 RX_Z:0.000
[ZONE-ROUTE] CID:3 zone=1 edge_port=9998
[EDGE-RTT] CID:3 wall=1.0 ms  sim_delay=10.0 ms
>>> [UAV->CLOUD] BLK:6798|TX:7.0.0.7|CID:3|TS:10.810|SPD:19.5|HDG:-1.7|PX:216.0|PY:-40.0|...
[PASSIVE-BEACON] SIMNOW:10.836 CID:6 ZONE:1 RXUAV:1 EDGEPORT:9998 TS:10.822 SPD:20.100 HDG:0.600 PX:237.100 PY:-20.000 LAN:2 BRK:1 RX_X:0.000 RX_Y:0.000 RX_Z:0.000
[ZONE-ROUTE] CID:6 zone=1 edge_port=9998
[EDGE-RTT] CID:6 wall=0.8 ms  sim_delay=10.0 ms
>>> [UAV->CLOUD] BLK:26cd|TX:7.0.0.10|CID:6|TS:10.822|SPD:20.1|HDG:0.6|PX:237.1|PY:-20.0|...
✓ [CAR 3] ACT=OK REP=0.715 RWD=1.000 PNL=0.000 CREDIT=16
[PASSIVE-BEACON] SIMNOW:10.849 CID:14 ZONE:1 RXUAV:1 EDGEPORT:9998 TS:10.834 SPD:19.600 HDG:-0.400 PX:257.300 PY:-50.000 LAN:5 BRK:0 RX_X:0.000 RX_Y:0.000 RX_Z:0.000
[ZONE-ROUTE] CID:14 zone=1 edge_port=9998
[EDGE-RTT] CID:14 wall=1.1 ms  sim_delay=10.0 ms
>>> [UAV->CLOUD] BLK:a988|TX:7.0.0.18|CID:14|TS:10.834|SPD:19.6|HDG:-0.4|PX:257.3|PY:-50....
✓ [CAR 6] ACT=OK REP=1.000 RWD=1.000 PNL=0.000 CREDIT=17
✓ [CAR 14] ACT=OK REP=1.000 RWD=1.000 PNL=0.000 CREDIT=16
[PASSIVE-BEACON] SIMNOW:10.928 CID:11 ZONE:1 RXUAV:1 EDGEPORT:9998 TS:10.914 SPD:19.800 HDG:-0.700 PX:257.600 PY:-20.000 LAN:2 BRK:0 RX_X:0.000 RX_Y:0.000 RX_Z:0.000
[ZONE-ROUTE] CID:11 zone=1 edge_port=9998
[EDGE-RTT] CID:11 wall=1.0 ms  sim_delay=10.0 ms
>>> [UAV->CLOUD] BLK:7b36|TX:7.0.0.15|CID:11|TS:10.914|SPD:19.8|HDG:-0.7|PX:257.6|PY:-20....
✓ [CAR 11] ACT=OK REP=0.766 RWD=1.000 PNL=0.000 CREDIT=17
[PASSIVE-BEACON] SIMNOW:10.968 CID:13 ZONE:1 RXUAV:1 EDGEPORT:9998 TS:10.954 SPD:20.100 HDG:-1.100 PX:258.700 PY:-40.000 LAN:4 BRK:0 RX_X:0.000 RX_Y:0.000 RX_Z:0.000
[ZONE-ROUTE] CID:13 zone=1 edge_port=9998
[EDGE-RTT] CID:13 wall=1.1 ms  sim_delay=10.0 ms
>>> [UAV->CLOUD] BLK:c207|TX:7.0.0.17|CID:13|TS:10.954|SPD:20.1|HDG:-1.1|PX:258.7|PY:-40....
[PASSIVE-BEACON] SIMNOW:10.971 CID:17 ZONE:1 RXUAV:1 EDGEPORT:9998 TS:10.956 SPD:19.500 HDG:0.600 PX:279.400 PY:-30.000 LAN:3 BRK:1 RX_X:0.000 RX_Y:0.000 RX_Z:0.000
[ZONE-ROUTE] CID:17 zone=1 edge_port=9998
[EDGE-RTT] CID:17 wall=1.1 ms  sim_delay=10.0 ms
>>> [UAV->CLOUD] BLK:6ec7|TX:7.0.0.21|CID:17|TS:10.956|SPD:19.5|HDG:0.6|PX:279.4|PY:-30.0...
✓ [CAR 13] ACT=OK REP=0.805 RWD=1.000 PNL=0.000 CREDIT=16
✓ [CAR 17] ACT=OK REP=0.953 RWD=1.000 PNL=0.000 CREDIT=17
[PASSIVE-BEACON] SIMNOW:11.066 CID:8 ZONE:1 RXUAV:1 EDGEPORT:9998 TS:11.052 SPD:19.700 HDG:-0.700 PX:240.300 PY:-40.000 LAN:4 BRK:0 RX_X:0.000 RX_Y:0.000 RX_Z:0.000
[ZONE-ROUTE] CID:8 zone=1 edge_port=9998
[EDGE-RTT] CID:8 wall=0.9 ms  sim_delay=10.0 ms
>>> [UAV->CLOUD] BLK:bf1e|TX:7.0.0.12|CID:8|TS:11.052|SPD:19.7|HDG:-0.7|PX:240.3|PY:-40.0...
[PASSIVE-BEACON] SIMNOW:11.078 CID:10 ZONE:1 RXUAV:1 EDGEPORT:9998 TS:11.064 SPD:19.900 HDG:-1.900 PX:261.900 PY:-10.000 LAN:1 BRK:1 RX_X:0.000 RX_Y:0.000 RX_Z:0.000
[ZONE-ROUTE] CID:10 zone=1 edge_port=9998
[EDGE-RTT] CID:10 wall=1.1 ms  sim_delay=10.0 ms
>>> [UAV->CLOUD] BLK:8767|TX:7.0.0.14|CID:10|TS:11.064|SPD:19.9|HDG:-1.9|PX:261.9|PY:-10....
✓ [CAR 8] ACT=OK REP=0.685 RWD=1.000 PNL=0.000 CREDIT=17
[PASSIVE-BEACON] SIMNOW:11.084 CID:2 ZONE:1 RXUAV:1 EDGEPORT:9998 TS:11.070 SPD:19.500 HDG:-1.300 PX:221.500 PY:-30.000 LAN:3 BRK:0 RX_X:0.000 RX_Y:0.000 RX_Z:0.000
[ZONE-ROUTE] CID:2 zone=1 edge_port=9998
[EDGE-RTT] CID:2 wall=1.3 ms  sim_delay=10.0 ms
>>> [UAV->CLOUD] BLK:d081|TX:7.0.0.6|CID:2|TS:11.070|SPD:19.5|HDG:-1.3|PX:221.5|PY:-30.0|...
✓ [CAR 10] ACT=OK REP=1.000 RWD=1.000 PNL=0.000 CREDIT=18
✓ [CAR 2] ACT=OK REP=0.673 RWD=1.000 PNL=0.000 CREDIT=18
[PASSIVE-BEACON] SIMNOW:11.114 CID:4 ZONE:1 RXUAV:1 EDGEPORT:9998 TS:11.100 SPD:20.300 HDG:-1.000 PX:221.700 PY:-50.000 LAN:5 BRK:0 RX_X:0.000 RX_Y:0.000 RX_Z:0.000
[ZONE-ROUTE] CID:4 zone=1 edge_port=9998
[EDGE-RTT] CID:4 wall=0.8 ms  sim_delay=10.0 ms
>>> [UAV->CLOUD] BLK:553d|TX:7.0.0.8|CID:4|TS:11.100|SPD:20.3|HDG:-1.0|PX:221.7|PY:-50.0|...
✓ [CAR 4] ACT=OK REP=0.677 RWD=1.000 PNL=0.000 CREDIT=18
[PASSIVE-BEACON] SIMNOW:11.136 CID:9 ZONE:1 RXUAV:1 EDGEPORT:9998 TS:11.122 SPD:19.700 HDG:-1.800 PX:243.000 PY:-50.000 LAN:5 BRK:0 RX_X:0.000 RX_Y:0.000 RX_Z:0.000
[ZONE-ROUTE] CID:9 zone=1 edge_port=9998
[EDGE-RTT] CID:9 wall=0.9 ms  sim_delay=10.0 ms
>>> [UAV->CLOUD] BLK:de0f|TX:7.0.0.13|CID:9|TS:11.122|SPD:19.7|HDG:-1.8|PX:243.0|PY:-50.0...
✓ [CAR 9] ACT=OK REP=0.851 RWD=1.000 PNL=0.000 CREDIT=17
[PASSIVE-BEACON] SIMNOW:11.157 CID:5 ZONE:1 RXUAV:1 EDGEPORT:9998 TS:11.142 SPD:20.300 HDG:1.400 PX:243.000 PY:-10.000 LAN:1 BRK:0 RX_X:0.000 RX_Y:0.000 RX_Z:0.000
[ZONE-ROUTE] CID:5 zone=1 edge_port=9998
[EDGE-RTT] CID:5 wall=0.7 ms  sim_delay=10.0 ms
>>> [UAV->CLOUD] BLK:b444|TX:7.0.0.9|CID:5|TS:11.142|SPD:20.3|HDG:1.4|PX:243.0|PY:-10.0|L...
[PASSIVE-BEACON] SIMNOW:11.160 CID:18 ZONE:1 RXUAV:1 EDGEPORT:9998 TS:11.146 SPD:19.700 HDG:-0.300 PX:283.300 PY:-40.000 LAN:4 BRK:0 RX_X:0.000 RX_Y:0.000 RX_Z:0.000
[ZONE-ROUTE] CID:18 zone=1 edge_port=9998
[EDGE-RTT] CID:18 wall=0.9 ms  sim_delay=10.0 ms
>>> [UAV->CLOUD] BLK:1447|TX:7.0.0.22|CID:18|TS:11.146|SPD:19.7|HDG:-0.3|PX:283.3|PY:-40....
✓ [CAR 5] ACT=OK REP=1.000 RWD=1.000 PNL=0.000 CREDIT=17
✓ [CAR 18] ACT=OK REP=0.889 RWD=1.000 PNL=0.000 CREDIT=17
[PASSIVE-BEACON] SIMNOW:11.206 CID:7 ZONE:1 RXUAV:1 EDGEPORT:9998 TS:11.192 SPD:19.700 HDG:-1.300 PX:243.100 PY:-30.000 LAN:3 BRK:1 RX_X:0.000 RX_Y:0.000 RX_Z:0.000
[ZONE-ROUTE] CID:7 zone=1 edge_port=9998
[EDGE-RTT] CID:7 wall=1.1 ms  sim_delay=10.0 ms
>>> [UAV->CLOUD] BLK:a281|TX:7.0.0.11|CID:7|TS:11.192|SPD:19.7|HDG:-1.3|PX:243.1|PY:-30.0...
✓ [CAR 7] ACT=OK REP=1.000 RWD=1.000 PNL=0.000 CREDIT=17
[PASSIVE-BEACON] SIMNOW:11.234 CID:1 ZONE:1 RXUAV:1 EDGEPORT:9998 TS:11.220 SPD:20.100 HDG:-0.300 PX:224.100 PY:-20.000 LAN:2 BRK:1 RX_X:0.000 RX_Y:0.000 RX_Z:0.000
[ZONE-ROUTE] CID:1 zone=1 edge_port=9998
[EDGE-RTT] CID:1 wall=1.0 ms  sim_delay=10.0 ms
>>> [UAV->CLOUD] BLK:8b61|TX:7.0.0.5|CID:1|TS:11.220|SPD:20.1|HDG:-0.3|PX:224.1|PY:-20.0|...
✓ [CAR 1] ACT=OK REP=0.853 RWD=1.000 PNL=0.000 CREDIT=18
[PASSIVE-BEACON] SIMNOW:11.258 CID:12 ZONE:1 RXUAV:1 EDGEPORT:9998 TS:11.244 SPD:19.600 HDG:0.100 PX:265.400 PY:-30.000 LAN:3 BRK:1 RX_X:0.000 RX_Y:0.000 RX_Z:0.000
[ZONE-ROUTE] CID:12 zone=1 edge_port=9998
[EDGE-RTT] CID:12 wall=0.9 ms  sim_delay=10.0 ms
>>> [UAV->CLOUD] BLK:5280|TX:7.0.0.16|CID:12|TS:11.244|SPD:19.6|HDG:0.1|PX:265.4|PY:-30.0...
[PASSIVE-BEACON] SIMNOW:11.260 CID:15 ZONE:1 RXUAV:1 EDGEPORT:9998 TS:11.246 SPD:19.600 HDG:1.000 PX:285.500 PY:-10.000 LAN:1 BRK:0 RX_X:0.000 RX_Y:0.000 RX_Z:0.000
[ZONE-ROUTE] CID:15 zone=1 edge_port=9998
[EDGE-RTT] CID:15 wall=0.7 ms  sim_delay=10.0 ms
>>> [UAV->CLOUD] BLK:f9d2|TX:7.0.0.19|CID:15|TS:11.246|SPD:19.6|HDG:1.0|PX:285.5|PY:-10.0...
✓ [CAR 12] ACT=OK REP=0.989 RWD=1.000 PNL=0.000 CREDIT=18
✓ [CAR 15] ACT=OK REP=0.782 RWD=1.000 PNL=0.000 CREDIT=18
[PASSIVE-BEACON] SIMNOW:11.325 CID:3 ZONE:1 RXUAV:1 EDGEPORT:9998 TS:11.310 SPD:20.200 HDG:0.700 PX:226.600 PY:-40.000 LAN:4 BRK:0 RX_X:0.000 RX_Y:0.000 RX_Z:0.000
[ZONE-ROUTE] CID:3 zone=1 edge_port=9998
[EDGE-RTT] CID:3 wall=0.9 ms  sim_delay=10.0 ms
>>> [UAV->CLOUD] BLK:c3e1|TX:7.0.0.7|CID:3|TS:11.310|SPD:20.2|HDG:0.7|PX:226.6|PY:-40.0|L...
[PASSIVE-BEACON] SIMNOW:11.336 CID:6 ZONE:1 RXUAV:1 EDGEPORT:9998 TS:11.322 SPD:19.700 HDG:-1.000 PX:245.900 PY:-20.000 LAN:2 BRK:0 RX_X:0.000 RX_Y:0.000 RX_Z:0.000
[ZONE-ROUTE] CID:6 zone=1 edge_port=9998
[EDGE-RTT] CID:6 wall=1.1 ms  sim_delay=10.0 ms
>>> [UAV->CLOUD] BLK:77e7|TX:7.0.0.10|CID:6|TS:11.322|SPD:19.7|HDG:-1.0|PX:245.9|PY:-20.0...
✓ [CAR 3] ACT=OK REP=0.816 RWD=1.000 PNL=0.000 CREDIT=17
[PASSIVE-BEACON] SIMNOW:11.348 CID:14 ZONE:1 RXUAV:1 EDGEPORT:9998 TS:11.334 SPD:20.400 HDG:-1.500 PX:267.200 PY:-50.000 LAN:5 BRK:0 RX_X:0.000 RX_Y:0.000 RX_Z:0.000
[ZONE-ROUTE] CID:14 zone=1 edge_port=9998
[EDGE-RTT] CID:14 wall=1.0 ms  sim_delay=10.0 ms
>>> [UAV->CLOUD] BLK:5cb6|TX:7.0.0.18|CID:14|TS:11.334|SPD:20.4|HDG:-1.5|PX:267.2|PY:-50....
✓ [CAR 6] ACT=OK REP=0.800 RWD=1.000 PNL=0.000 CREDIT=18
✓ [CAR 14] ACT=OK REP=0.943 RWD=1.000 PNL=0.000 CREDIT=17
[PASSIVE-BEACON] SIMNOW:11.428 CID:11 ZONE:1 RXUAV:1 EDGEPORT:9998 TS:11.414 SPD:20.000 HDG:-1.100 PX:267.800 PY:-20.000 LAN:2 BRK:0 RX_X:0.000 RX_Y:0.000 RX_Z:0.000
[ZONE-ROUTE] CID:11 zone=1 edge_port=9998
[EDGE-RTT] CID:11 wall=1.2 ms  sim_delay=10.0 ms
>>> [UAV->CLOUD] BLK:5713|TX:7.0.0.15|CID:11|TS:11.414|SPD:20.0|HDG:-1.1|PX:267.8|PY:-20....
✓ [CAR 11] ACT=OK REP=0.836 RWD=1.000 PNL=0.000 CREDIT=18
[PASSIVE-BEACON] SIMNOW:11.468 CID:13 ZONE:1 RXUAV:1 EDGEPORT:9998 TS:11.454 SPD:19.900 HDG:1.200 PX:268.800 PY:-40.000 LAN:4 BRK:0 RX_X:0.000 RX_Y:0.000 RX_Z:0.000
[ZONE-ROUTE] CID:13 zone=1 edge_port=9998
[EDGE-RTT] CID:13 wall=0.9 ms  sim_delay=10.0 ms
>>> [UAV->CLOUD] BLK:3eee|TX:7.0.0.17|CID:13|TS:11.454|SPD:19.9|HDG:1.2|PX:268.8|PY:-40.0...
[PASSIVE-BEACON] SIMNOW:11.470 CID:17 ZONE:1 RXUAV:1 EDGEPORT:9998 TS:11.456 SPD:19.900 HDG:-0.000 PX:288.400 PY:-30.000 LAN:3 BRK:0 RX_X:0.000 RX_Y:0.000 RX_Z:0.000
[ZONE-ROUTE] CID:17 zone=1 edge_port=9998
[EDGE-RTT] CID:17 wall=0.9 ms  sim_delay=10.0 ms
>>> [UAV->CLOUD] BLK:a1db|TX:7.0.0.21|CID:17|TS:11.456|SPD:19.9|HDG:-0.0|PX:288.4|PY:-30....
✓ [CAR 13] ACT=OK REP=0.838 RWD=1.000 PNL=0.000 CREDIT=17
✓ [CAR 17] ACT=OK REP=1.000 RWD=1.000 PNL=0.000 CREDIT=18
[PASSIVE-BEACON] SIMNOW:11.565 CID:8 ZONE:1 RXUAV:1 EDGEPORT:9998 TS:11.552 SPD:20.200 HDG:0.900 PX:250.600 PY:-40.000 LAN:4 BRK:0 RX_X:0.000 RX_Y:0.000 RX_Z:0.000
[ZONE-ROUTE] CID:8 zone=1 edge_port=9998
[EDGE-RTT] CID:8 wall=0.9 ms  sim_delay=10.0 ms
>>> [UAV->CLOUD] BLK:b18e|TX:7.0.0.12|CID:8|TS:11.552|SPD:20.2|HDG:0.9|PX:250.6|PY:-40.0|...
✓ [CAR 8] ACT=OK REP=1.000 RWD=1.000 PNL=0.000 CREDIT=18
[PASSIVE-BEACON] SIMNOW:11.578 CID:10 ZONE:1 RXUAV:1 EDGEPORT:9998 TS:11.564 SPD:20.200 HDG:1.600 PX:270.700 PY:-10.000 LAN:1 BRK:1 RX_X:0.000 RX_Y:0.000 RX_Z:0.000
[ZONE-ROUTE] CID:10 zone=1 edge_port=9998
[EDGE-RTT] CID:10 wall=1.0 ms  sim_delay=10.0 ms
[TRUST-UPGRADE] CID:10 earned REDUCE_SCRUTINY after 20 clean packets → latency × 0.5
>>> [UAV->CLOUD] BLK:8585|TX:7.0.0.14|CID:10|TS:11.564|SPD:20.2|HDG:1.6|PX:270.7|PY:-10.0...
[PASSIVE-BEACON] SIMNOW:11.584 CID:2 ZONE:1 RXUAV:1 EDGEPORT:9998 TS:11.570 SPD:20.200 HDG:1.500 PX:231.700 PY:-30.000 LAN:3 BRK:0 RX_X:0.000 RX_Y:0.000 RX_Z:0.000
[ZONE-ROUTE] CID:2 zone=1 edge_port=9998
[EDGE-RTT] CID:2 wall=1.0 ms  sim_delay=10.0 ms
[TRUST-UPGRADE] CID:2 earned REDUCE_SCRUTINY after 20 clean packets → latency × 0.5
>>> [UAV->CLOUD] BLK:16b0|TX:7.0.0.6|CID:2|TS:11.570|SPD:20.2|HDG:1.5|PX:231.7|PY:-30.0|L...
[TRUST-APPLIED] CID:10 REDUCE_SCRUTINY → latency=5.0ms (was 10.0ms)
✓ [CAR 10] ACT=OK REP=0.500 RWD=1.500 PNL=0.000 CREDIT=20
✓ [CAR 10] ACT=OK REP=0.797 RWD=1.000 PNL=0.000 CREDIT=19
[TRUST-APPLIED] CID:2 REDUCE_SCRUTINY → latency=5.000ms (was 10.000ms)
✓ [CAR 2] ACT=OK REP=0.500 RWD=1.500 PNL=0.000 CREDIT=20
✓ [CAR 2] ACT=OK REP=0.815 RWD=1.000 PNL=0.000 CREDIT=19
[PASSIVE-BEACON] SIMNOW:11.614 CID:4 ZONE:1 RXUAV:1 EDGEPORT:9998 TS:11.600 SPD:20.000 HDG:-1.300 PX:231.600 PY:-50.000 LAN:5 BRK:0 RX_X:0.000 RX_Y:0.000 RX_Z:0.000
[ZONE-ROUTE] CID:4 zone=1 edge_port=9998
[EDGE-RTT] CID:4 wall=1.2 ms  sim_delay=10.0 ms
[TRUST-UPGRADE] CID:4 earned REDUCE_SCRUTINY after 20 clean packets → latency × 0.5
>>> [UAV->CLOUD] BLK:179e|TX:7.0.0.8|CID:4|TS:11.600|SPD:20.0|HDG:-1.3|PX:231.6|PY:-50.0|...
[TRUST-APPLIED] CID:4 REDUCE_SCRUTINY → latency=5.0ms (was 10.0ms)
✓ [CAR 4] ACT=OK REP=0.500 RWD=1.500 PNL=0.000 CREDIT=20
✓ [CAR 4] ACT=OK REP=0.821 RWD=1.000 PNL=0.000 CREDIT=19
[PASSIVE-BEACON] SIMNOW:11.636 CID:9 ZONE:1 RXUAV:1 EDGEPORT:9998 TS:11.622 SPD:20.400 HDG:0.900 PX:252.500 PY:-50.000 LAN:5 BRK:0 RX_X:0.000 RX_Y:0.000 RX_Z:0.000
[ZONE-ROUTE] CID:9 zone=1 edge_port=9998
[EDGE-RTT] CID:9 wall=1.3 ms  sim_delay=10.0 ms
>>> [UAV->CLOUD] BLK:5262|TX:7.0.0.13|CID:9|TS:11.622|SPD:20.4|HDG:0.9|PX:252.5|PY:-50.0|...
✓ [CAR 9] ACT=OK REP=1.000 RWD=1.000 PNL=0.000 CREDIT=18
[PASSIVE-BEACON] SIMNOW:11.655 CID:5 ZONE:1 RXUAV:1 EDGEPORT:9998 TS:11.642 SPD:20.400 HDG:-1.700 PX:253.200 PY:-10.000 LAN:1 BRK:0 RX_X:0.000 RX_Y:0.000 RX_Z:0.000
[ZONE-ROUTE] CID:5 zone=1 edge_port=9998
[EDGE-RTT] CID:5 wall=1.1 ms  sim_delay=10.0 ms
>>> [UAV->CLOUD] BLK:81e8|TX:7.0.0.9|CID:5|TS:11.642|SPD:20.4|HDG:-1.7|PX:253.2|PY:-10.0|...
[PASSIVE-BEACON] SIMNOW:11.660 CID:18 ZONE:1 RXUAV:1 EDGEPORT:9998 TS:11.646 SPD:19.900 HDG:1.000 PX:293.500 PY:-40.000 LAN:4 BRK:0 RX_X:0.000 RX_Y:0.000 RX_Z:0.000
[ZONE-ROUTE] CID:18 zone=1 edge_port=9998
[EDGE-RTT] CID:18 wall=1.0 ms  sim_delay=10.0 ms
>>> [UAV->CLOUD] BLK:4bb0|TX:7.0.0.22|CID:18|TS:11.646|SPD:19.9|HDG:1.0|PX:293.5|PY:-40.0...
✓ [CAR 5] ACT=OK REP=0.960 RWD=1.000 PNL=0.000 CREDIT=18
✓ [CAR 18] ACT=OK REP=0.706 RWD=1.000 PNL=0.000 CREDIT=18
[PASSIVE-BEACON] SIMNOW:11.706 CID:7 ZONE:1 RXUAV:1 EDGEPORT:9998 TS:11.692 SPD:19.800 HDG:-1.900 PX:254.300 PY:-30.000 LAN:3 BRK:0 RX_X:0.000 RX_Y:0.000 RX_Z:0.000
[ZONE-ROUTE] CID:7 zone=1 edge_port=9998
[EDGE-RTT] CID:7 wall=0.7 ms  sim_delay=10.0 ms
>>> [UAV->CLOUD] BLK:085e|TX:7.0.0.11|CID:7|TS:11.692|SPD:19.8|HDG:-1.9|PX:254.3|PY:-30.0...
✓ [CAR 7] ACT=OK REP=0.894 RWD=1.000 PNL=0.000 CREDIT=18
[PASSIVE-BEACON] SIMNOW:11.734 CID:1 ZONE:1 RXUAV:1 EDGEPORT:9998 TS:11.720 SPD:19.800 HDG:-1.700 PX:234.100 PY:-20.000 LAN:2 BRK:0 RX_X:0.000 RX_Y:0.000 RX_Z:0.000
[ZONE-ROUTE] CID:1 zone=1 edge_port=9998
[EDGE-RTT] CID:1 wall=1.0 ms  sim_delay=10.0 ms
[TRUST-UPGRADE] CID:1 earned REDUCE_SCRUTINY after 20 clean packets → latency × 0.5
>>> [UAV->CLOUD] BLK:e83d|TX:7.0.0.5|CID:1|TS:11.720|SPD:19.8|HDG:-1.7|PX:234.1|PY:-20.0|...
[TRUST-APPLIED] CID:1 REDUCE_SCRUTINY → latency=5.0ms (was 10.0ms)
✓ [CAR 1] ACT=OK REP=0.500 RWD=1.500 PNL=0.000 CREDIT=20
✓ [CAR 1] ACT=OK REP=0.834 RWD=1.000 PNL=0.000 CREDIT=19
[PASSIVE-BEACON] SIMNOW:11.759 CID:12 ZONE:1 RXUAV:1 EDGEPORT:9998 TS:11.744 SPD:19.500 HDG:1.200 PX:275.400 PY:-30.000 LAN:3 BRK:0 RX_X:0.000 RX_Y:0.000 RX_Z:0.000
[ZONE-ROUTE] CID:12 zone=1 edge_port=9998
[EDGE-RTT] CID:12 wall=1.3 ms  sim_delay=10.0 ms
[TRUST-UPGRADE] CID:12 earned REDUCE_SCRUTINY after 20 clean packets → latency × 0.5
>>> [UAV->CLOUD] BLK:274c|TX:7.0.0.16|CID:12|TS:11.744|SPD:19.5|HDG:1.2|PX:275.4|PY:-30.0...
[PASSIVE-BEACON] SIMNOW:11.760 CID:15 ZONE:1 RXUAV:1 EDGEPORT:9998 TS:11.746 SPD:20.200 HDG:0.300 PX:294.300 PY:-10.000 LAN:1 BRK:0 RX_X:0.000 RX_Y:0.000 RX_Z:0.000
[ZONE-ROUTE] CID:15 zone=1 edge_port=9998
[EDGE-RTT] CID:15 wall=0.9 ms  sim_delay=10.0 ms
[TRUST-UPGRADE] CID:15 earned REDUCE_SCRUTINY after 20 clean packets → latency × 0.5
>>> [UAV->CLOUD] BLK:827d|TX:7.0.0.19|CID:15|TS:11.746|SPD:20.2|HDG:0.3|PX:294.3|PY:-10.0...
[TRUST-APPLIED] CID:12 REDUCE_SCRUTINY → latency=5.0ms (was 10.0ms)
✓ [CAR 12] ACT=OK REP=0.500 RWD=1.500 PNL=0.000 CREDIT=20
✓ [CAR 12] ACT=OK REP=0.696 RWD=1.000 PNL=0.000 CREDIT=19
[TRUST-APPLIED] CID:15 REDUCE_SCRUTINY → latency=5.000ms (was 10.000ms)
✓ [CAR 15] ACT=OK REP=0.500 RWD=1.500 PNL=0.000 CREDIT=20
✓ [CAR 15] ACT=OK REP=0.895 RWD=1.000 PNL=0.000 CREDIT=19
[PASSIVE-BEACON] SIMNOW:11.834 CID:6 ZONE:1 RXUAV:1 EDGEPORT:9998 TS:11.822 SPD:19.600 HDG:0.400 PX:255.900 PY:-20.000 LAN:2 BRK:1 RX_X:0.000 RX_Y:0.000 RX_Z:0.000
[ZONE-ROUTE] CID:6 zone=1 edge_port=9998
[EDGE-RTT] CID:6 wall=1.0 ms  sim_delay=10.0 ms
[TRUST-UPGRADE] CID:6 earned REDUCE_SCRUTINY after 20 clean packets → latency × 0.5
>>> [UAV->CLOUD] BLK:0bfa|TX:7.0.0.10|CID:6|TS:11.822|SPD:19.6|HDG:0.4|PX:255.9|PY:-20.0|...
[TRUST-APPLIED] CID:6 REDUCE_SCRUTINY → latency=5.0ms (was 10.0ms)
✓ [CAR 6] ACT=OK REP=0.500 RWD=1.500 PNL=0.000 CREDIT=20
✓ [CAR 6] ACT=OK REP=0.727 RWD=1.000 PNL=0.000 CREDIT=19
[PASSIVE-BEACON] SIMNOW:11.848 CID:14 ZONE:1 RXUAV:1 EDGEPORT:9998 TS:11.834 SPD:19.600 HDG:0.100 PX:276.000 PY:-50.000 LAN:5 BRK:0 RX_X:0.000 RX_Y:0.000 RX_Z:0.000
[ZONE-ROUTE] CID:14 zone=1 edge_port=9998
[EDGE-RTT] CID:14 wall=0.9 ms  sim_delay=10.0 ms
>>> [UAV->CLOUD] BLK:d702|TX:7.0.0.18|CID:14|TS:11.834|SPD:19.6|HDG:0.1|PX:276.0|PY:-50.0...
✓ [CAR 14] ACT=OK REP=0.894 RWD=1.000 PNL=0.000 CREDIT=18
[PASSIVE-BEACON] SIMNOW:11.928 CID:11 ZONE:1 RXUAV:1 EDGEPORT:9998 TS:11.914 SPD:20.100 HDG:1.200 PX:278.300 PY:-20.000 LAN:2 BRK:0 RX_X:0.000 RX_Y:0.000 RX_Z:0.000
[ZONE-ROUTE] CID:11 zone=1 edge_port=9998
[EDGE-RTT] CID:11 wall=1.3 ms  sim_delay=10.0 ms
[TRUST-UPGRADE] CID:11 earned REDUCE_SCRUTINY after 20 clean packets → latency × 0.5
>>> [UAV->CLOUD] BLK:d922|TX:7.0.0.15|CID:11|TS:11.914|SPD:20.1|HDG:1.2|PX:278.3|PY:-20.0...
[PASSIVE-BEACON] SIMNOW:11.940 CID:3 ZONE:1 RXUAV:1 EDGEPORT:9998 TS:11.810 SPD:20.400 HDG:-1.100 PX:236.800 PY:-40.000 LAN:4 BRK:0 RX_X:0.000 RX_Y:0.000 RX_Z:0.000
[ZONE-ROUTE] CID:3 zone=1 edge_port=9998
[EDGE-RTT] CID:3 wall=0.9 ms  sim_delay=10.0 ms
>>> [UAV->CLOUD] BLK:d06b|TX:7.0.0.7|CID:3|TS:11.810|SPD:20.4|HDG:-1.1|PX:236.8|PY:-40.0|...
[TRUST-APPLIED] CID:11 REDUCE_SCRUTINY → latency=5.0ms (was 10.0ms)
✓ [CAR 11] ACT=OK REP=0.500 RWD=1.500 PNL=0.000 CREDIT=20
✓ [CAR 11] ACT=OK REP=0.654 RWD=1.000 PNL=0.000 CREDIT=19
[PASSIVE-BEACON] SIMNOW:11.968 CID:17 ZONE:1 RXUAV:1 EDGEPORT:9998 TS:11.956 SPD:20.400 HDG:-0.700 PX:299.700 PY:-30.000 LAN:3 BRK:0 RX_X:0.000 RX_Y:0.000 RX_Z:0.000
[ZONE-ROUTE] CID:17 zone=1 edge_port=9998
[EDGE-RTT] CID:17 wall=1.0 ms  sim_delay=10.0 ms
[TRUST-UPGRADE] CID:17 earned REDUCE_SCRUTINY after 20 clean packets → latency × 0.5
>>> [UAV->CLOUD] BLK:918e|TX:7.0.0.21|CID:17|TS:11.956|SPD:20.4|HDG:-0.7|PX:299.7|PY:-30....
[PASSIVE-BEACON] SIMNOW:11.969 CID:13 ZONE:1 RXUAV:1 EDGEPORT:9998 TS:11.954 SPD:19.800 HDG:-0.300 PX:278.900 PY:-40.000 LAN:4 BRK:0 RX_X:0.000 RX_Y:0.000 RX_Z:0.000
[ZONE-ROUTE] CID:13 zone=1 edge_port=9998
[EDGE-RTT] CID:13 wall=0.9 ms  sim_delay=10.0 ms
>>> [UAV->CLOUD] BLK:7658|TX:7.0.0.17|CID:13|TS:11.954|SPD:19.8|HDG:-0.3|PX:278.9|PY:-40....
[TRUST-APPLIED] CID:17 REDUCE_SCRUTINY → latency=5.0ms (was 10.0ms)
✓ [CAR 17] ACT=OK REP=0.500 RWD=1.500 PNL=0.000 CREDIT=20
✓ [CAR 17] ACT=OK REP=0.887 RWD=1.000 PNL=0.000 CREDIT=19
✓ [CAR 13] ACT=OK REP=1.000 RWD=1.000 PNL=0.000 CREDIT=18
[PASSIVE-BEACON] SIMNOW:12.066 CID:8 ZONE:1 RXUAV:1 EDGEPORT:9998 TS:12.052 SPD:20.500 HDG:1.800 PX:261.000 PY:-40.000 LAN:4 BRK:1 RX_X:0.000 RX_Y:0.000 RX_Z:0.000
[ZONE-ROUTE] CID:8 zone=1 edge_port=9998
[EDGE-RTT] CID:8 wall=1.0 ms  sim_delay=10.0 ms
[TRUST-UPGRADE] CID:8 earned REDUCE_SCRUTINY after 20 clean packets → latency × 0.5
>>> [UAV->CLOUD] BLK:c320|TX:7.0.0.12|CID:8|TS:12.052|SPD:20.5|HDG:1.8|PX:261.0|PY:-40.0|...
[PASSIVE-BEACON] SIMNOW:12.078 CID:10 ZONE:1 RXUAV:1 EDGEPORT:9998 TS:12.064 SPD:24.500 HDG:1.500 PX:282.500 PY:-10.000 LAN:1 BRK:0 RX_X:0.000 RX_Y:0.000 RX_Z:0.000
[ZONE-ROUTE] CID:10 zone=1 edge_port=9998
[EDGE-RTT] CID:10 wall=1.2 ms  sim_delay=5.0 ms
>>> [UAV->CLOUD] BLK:aef5|TX:7.0.0.14|CID:10|TS:12.064|SPD:24.5|HDG:1.5|PX:282.5|PY:-10.0...
[TRUST-APPLIED] CID:8 REDUCE_SCRUTINY → latency=5.0ms (was 10.0ms)
✓ [CAR 8] ACT=OK REP=0.500 RWD=1.500 PNL=0.000 CREDIT=20
✓ [CAR 8] ACT=OK REP=0.978 RWD=1.000 PNL=0.000 CREDIT=19
[PASSIVE-BEACON] SIMNOW:12.084 CID:2 ZONE:1 RXUAV:1 EDGEPORT:9998 TS:12.070 SPD:20.200 HDG:-1.300 PX:241.200 PY:-30.000 LAN:3 BRK:1 RX_X:0.000 RX_Y:0.000 RX_Z:0.000
[ZONE-ROUTE] CID:2 zone=1 edge_port=9998
[EDGE-RTT] CID:2 wall=1.0 ms  sim_delay=5.0 ms
>>> [UAV->CLOUD] BLK:4e5e|TX:7.0.0.6|CID:2|TS:12.070|SPD:20.2|HDG:-1.3|PX:241.2|PY:-30.0|...
✓ [CAR 10] ACT=OK REP=0.937 RWD=0.853 PNL=0.000 CREDIT=20
✓ [CAR 2] ACT=OK REP=1.000 RWD=1.000 PNL=0.000 CREDIT=20
[PASSIVE-BEACON] SIMNOW:12.114 CID:4 ZONE:1 RXUAV:1 EDGEPORT:9998 TS:12.100 SPD:19.900 HDG:-1.700 PX:241.900 PY:-50.000 LAN:5 BRK:0 RX_X:0.000 RX_Y:0.000 RX_Z:0.000
[ZONE-ROUTE] CID:4 zone=1 edge_port=9998
[EDGE-RTT] CID:4 wall=1.0 ms  sim_delay=5.0 ms
>>> [UAV->CLOUD] BLK:9784|TX:7.0.0.8|CID:4|TS:12.100|SPD:19.9|HDG:-1.7|PX:241.9|PY:-50.0|...
✓ [CAR 4] ACT=OK REP=0.966 RWD=1.000 PNL=0.000 CREDIT=20
[PASSIVE-BEACON] SIMNOW:12.136 CID:9 ZONE:1 RXUAV:1 EDGEPORT:9998 TS:12.122 SPD:20.400 HDG:-1.300 PX:262.800 PY:-50.000 LAN:5 BRK:0 RX_X:0.000 RX_Y:0.000 RX_Z:0.000
[ZONE-ROUTE] CID:9 zone=1 edge_port=9998
[EDGE-RTT] CID:9 wall=0.9 ms  sim_delay=10.0 ms
[TRUST-UPGRADE] CID:9 earned REDUCE_SCRUTINY after 20 clean packets → latency × 0.5
>>> [UAV->CLOUD] BLK:4a51|TX:7.0.0.13|CID:9|TS:12.122|SPD:20.4|HDG:-1.3|PX:262.8|PY:-50.0...
[TRUST-APPLIED] CID:9 REDUCE_SCRUTINY → latency=5.0ms (was 10.0ms)
✓ [CAR 9] ACT=OK REP=0.500 RWD=1.500 PNL=0.000 CREDIT=20
✓ [CAR 9] ACT=OK REP=1.000 RWD=1.000 PNL=0.000 CREDIT=19
[PASSIVE-BEACON] SIMNOW:12.157 CID:5 ZONE:1 RXUAV:1 EDGEPORT:9998 TS:12.142 SPD:25.200 HDG:1.600 PX:264.700 PY:-10.000 LAN:1 BRK:0 RX_X:0.000 RX_Y:0.000 RX_Z:0.000
[ZONE-ROUTE] CID:5 zone=1 edge_port=9998
[EDGE-RTT] CID:5 wall=0.7 ms  sim_delay=10.0 ms
>>> [UAV->CLOUD] BLK:03c9|TX:7.0.0.9|CID:5|TS:12.142|SPD:25.2|HDG:1.6|PX:264.7|PY:-10.0|L...
[PASSIVE-BEACON] SIMNOW:12.160 CID:18 ZONE:1 RXUAV:1 EDGEPORT:9998 TS:12.146 SPD:20.300 HDG:1.200 PX:303.300 PY:-40.000 LAN:4 BRK:0 RX_X:0.000 RX_Y:0.000 RX_Z:0.000
[ZONE-ROUTE] CID:18 zone=1 edge_port=9998
[EDGE-RTT] CID:18 wall=1.0 ms  sim_delay=10.0 ms
[TRUST-UPGRADE] CID:18 earned REDUCE_SCRUTINY after 20 clean packets → latency × 0.5
>>> [UAV->CLOUD] BLK:c15a|TX:7.0.0.22|CID:18|TS:12.146|SPD:20.3|HDG:1.2|PX:303.3|PY:-40.0...
[ECON-CLAWBACK] CID:5 ACT=WARN prior_payoff=20.5 extra_penalty=16.4 new_payoff=4.0
[TRUST-REVOKED] CID:5 benefits revoked logically; lane=1 speed=20.0 latency=10.0ms
[FORGIVENESS] CID:5 WARN #1 — streak reset, benefits revoked
⚠ [CAR 5] ACT=WARN REP=1.000 RWD=0.000 PNL=16.447 CREDIT=17
[TRUST-APPLIED] CID:18 REDUCE_SCRUTINY → latency=5.000ms (was 10.000ms)
✓ [CAR 18] ACT=OK REP=0.500 RWD=1.500 PNL=0.000 CREDIT=20
✓ [CAR 18] ACT=OK REP=1.000 RWD=1.000 PNL=0.000 CREDIT=19
[PASSIVE-BEACON] SIMNOW:12.207 CID:7 ZONE:1 RXUAV:1 EDGEPORT:9998 TS:12.192 SPD:20.500 HDG:-0.900 PX:263.500 PY:-30.000 LAN:3 BRK:0 RX_X:0.000 RX_Y:0.000 RX_Z:0.000
[ZONE-ROUTE] CID:7 zone=1 edge_port=9998
[EDGE-RTT] CID:7 wall=1.2 ms  sim_delay=10.0 ms
[TRUST-UPGRADE] CID:7 earned REDUCE_SCRUTINY after 20 clean packets → latency × 0.5
>>> [UAV->CLOUD] BLK:29f3|TX:7.0.0.11|CID:7|TS:12.192|SPD:20.5|HDG:-0.9|PX:263.5|PY:-30.0...
[TRUST-APPLIED] CID:7 REDUCE_SCRUTINY → latency=5.0ms (was 10.0ms)
✓ [CAR 7] ACT=OK REP=0.500 RWD=1.500 PNL=0.000 CREDIT=20
✓ [CAR 7] ACT=OK REP=1.000 RWD=1.000 PNL=0.000 CREDIT=19
[PASSIVE-BEACON] SIMNOW:12.234 CID:1 ZONE:1 RXUAV:1 EDGEPORT:9998 TS:12.220 SPD:19.500 HDG:-0.500 PX:244.900 PY:-20.000 LAN:2 BRK:1 RX_X:0.000 RX_Y:0.000 RX_Z:0.000
[ZONE-ROUTE] CID:1 zone=1 edge_port=9998
[EDGE-RTT] CID:1 wall=0.9 ms  sim_delay=5.0 ms
>>> [UAV->CLOUD] BLK:f353|TX:7.0.0.5|CID:1|TS:12.220|SPD:19.5|HDG:-0.5|PX:244.9|PY:-20.0|...
✓ [CAR 1] ACT=OK REP=0.870 RWD=1.000 PNL=0.000 CREDIT=20
[PASSIVE-BEACON] SIMNOW:12.258 CID:12 ZONE:1 RXUAV:1 EDGEPORT:9998 TS:12.244 SPD:19.700 HDG:-1.200 PX:284.900 PY:-30.000 LAN:3 BRK:1 RX_X:0.000 RX_Y:0.000 RX_Z:0.000
[ZONE-ROUTE] CID:12 zone=1 edge_port=9998
[EDGE-RTT] CID:12 wall=0.9 ms  sim_delay=5.0 ms
>>> [UAV->CLOUD] BLK:01a2|TX:7.0.0.16|CID:12|TS:12.244|SPD:19.7|HDG:-1.2|PX:284.9|PY:-30....
[PASSIVE-BEACON] SIMNOW:12.259 CID:15 ZONE:1 RXUAV:1 EDGEPORT:9998 TS:12.246 SPD:25.300 HDG:-0.500 PX:306.800 PY:-10.000 LAN:1 BRK:0 RX_X:0.000 RX_Y:0.000 RX_Z:0.000
[ZONE-ROUTE] CID:15 zone=1 edge_port=9998
[EDGE-RTT] CID:15 wall=1.7 ms  sim_delay=5.0 ms
>>> [UAV->CLOUD] BLK:dd32|TX:7.0.0.19|CID:15|TS:12.246|SPD:25.3|HDG:-0.5|PX:306.8|PY:-10....
✓ [CAR 12] ACT=OK REP=1.000 RWD=1.000 PNL=0.000 CREDIT=20
[ECON-CLAWBACK] CID:15 ACT=WARN prior_payoff=22.996 extra_penalty=18.247 new_payoff=4.672
[TRUST-REVOKED] CID:15 benefits revoked logically; lane=1 speed=20.000 latency=10.000ms
[FORGIVENESS] CID:15 WARN #1 — streak reset, benefits revoked
⚠ [CAR 15] ACT=WARN REP=1.000 RWD=0.000 PNL=18.324 CREDIT=18
[PASSIVE-BEACON] SIMNOW:12.336 CID:6 ZONE:1 RXUAV:1 EDGEPORT:9998 TS:12.322 SPD:20.200 HDG:1.500 PX:266.100 PY:-20.000 LAN:2 BRK:0 RX_X:0.000 RX_Y:0.000 RX_Z:0.000
[ZONE-ROUTE] CID:6 zone=1 edge_port=9998
[EDGE-RTT] CID:6 wall=0.9 ms  sim_delay=5.0 ms
>>> [UAV->CLOUD] BLK:29ee|TX:7.0.0.10|CID:6|TS:12.322|SPD:20.2|HDG:1.5|PX:266.1|PY:-20.0|...
[PASSIVE-BEACON] SIMNOW:12.348 CID:14 ZONE:1 RXUAV:1 EDGEPORT:9998 TS:12.334 SPD:19.800 HDG:1.500 PX:285.900 PY:-50.000 LAN:5 BRK:0 RX_X:0.000 RX_Y:0.000 RX_Z:0.000
[ZONE-ROUTE] CID:14 zone=1 edge_port=9998
[EDGE-RTT] CID:14 wall=1.0 ms  sim_delay=10.0 ms
[TRUST-UPGRADE] CID:14 earned REDUCE_SCRUTINY after 20 clean packets → latency × 0.5
>>> [UAV->CLOUD] BLK:7f8d|TX:7.0.0.18|CID:14|TS:12.334|SPD:19.8|HDG:1.5|PX:285.9|PY:-50.0...
✓ [CAR 6] ACT=OK REP=1.000 RWD=1.000 PNL=0.000 CREDIT=20
[TRUST-APPLIED] CID:14 REDUCE_SCRUTINY → latency=5.000ms (was 10.000ms)
✓ [CAR 14] ACT=OK REP=0.500 RWD=1.500 PNL=0.000 CREDIT=20
✓ [CAR 14] ACT=OK REP=1.000 RWD=1.000 PNL=0.000 CREDIT=19
[PASSIVE-BEACON] SIMNOW:12.428 CID:11 ZONE:1 RXUAV:1 EDGEPORT:9998 TS:12.414 SPD:19.600 HDG:-0.500 PX:287.800 PY:-20.000 LAN:2 BRK:0 RX_X:0.000 RX_Y:0.000 RX_Z:0.000
[ZONE-ROUTE] CID:11 zone=1 edge_port=9998
[EDGE-RTT] CID:11 wall=1.0 ms  sim_delay=5.0 ms
>>> [UAV->CLOUD] BLK:9354|TX:7.0.0.15|CID:11|TS:12.414|SPD:19.6|HDG:-0.5|PX:287.8|PY:-20....
✓ [CAR 11] ACT=OK REP=0.832 RWD=1.000 PNL=0.000 CREDIT=20
[PASSIVE-BEACON] SIMNOW:12.468 CID:13 ZONE:1 RXUAV:1 EDGEPORT:9998 TS:12.454 SPD:20.100 HDG:0.700 PX:288.600 PY:-40.000 LAN:4 BRK:0 RX_X:0.000 RX_Y:0.000 RX_Z:0.000
[ZONE-ROUTE] CID:13 zone=1 edge_port=9998
[EDGE-RTT] CID:13 wall=0.9 ms  sim_delay=10.0 ms
[TRUST-UPGRADE] CID:13 earned REDUCE_SCRUTINY after 20 clean packets → latency × 0.5
>>> [UAV->CLOUD] BLK:145f|TX:7.0.0.17|CID:13|TS:12.454|SPD:20.1|HDG:0.7|PX:288.6|PY:-40.0...
[PASSIVE-BEACON] SIMNOW:12.470 CID:17 ZONE:1 RXUAV:1 EDGEPORT:9998 TS:12.456 SPD:20.500 HDG:1.600 PX:308.500 PY:-30.000 LAN:3 BRK:0 RX_X:0.000 RX_Y:0.000 RX_Z:0.000
[ZONE-ROUTE] CID:17 zone=1 edge_port=9998
[EDGE-RTT] CID:17 wall=0.6 ms  sim_delay=5.0 ms
>>> [UAV->CLOUD] BLK:a2b4|TX:7.0.0.21|CID:17|TS:12.456|SPD:20.5|HDG:1.6|PX:308.5|PY:-30.0...
[TRUST-APPLIED] CID:13 REDUCE_SCRUTINY → latency=5.0ms (was 10.0ms)
✓ [CAR 13] ACT=OK REP=0.500 RWD=1.500 PNL=0.000 CREDIT=20
✓ [CAR 13] ACT=OK REP=1.000 RWD=1.000 PNL=0.000 CREDIT=19
✓ [CAR 17] ACT=OK REP=0.777 RWD=1.000 PNL=0.000 CREDIT=20
[PASSIVE-BEACON] SIMNOW:12.566 CID:8 ZONE:1 RXUAV:1 EDGEPORT:9998 TS:12.552 SPD:19.800 HDG:-0.300 PX:270.400 PY:-40.000 LAN:4 BRK:0 RX_X:0.000 RX_Y:0.000 RX_Z:0.000
[ZONE-ROUTE] CID:8 zone=1 edge_port=9998
[EDGE-RTT] CID:8 wall=1.3 ms  sim_delay=5.0 ms
>>> [UAV->CLOUD] BLK:6ef2|TX:7.0.0.12|CID:8|TS:12.552|SPD:19.8|HDG:-0.3|PX:270.4|PY:-40.0...
[PASSIVE-BEACON] SIMNOW:12.578 CID:10 ZONE:1 RXUAV:1 EDGEPORT:9998 TS:12.564 SPD:24.600 HDG:-1.900 PX:294.900 PY:-10.000 LAN:1 BRK:0 RX_X:0.000 RX_Y:0.000 RX_Z:0.000
[ZONE-ROUTE] CID:10 zone=1 edge_port=9998
[EDGE-RTT] CID:10 wall=1.0 ms  sim_delay=5.0 ms
>>> [UAV->CLOUD] BLK:443f|TX:7.0.0.14|CID:10|TS:12.564|SPD:24.6|HDG:-1.9|PX:294.9|PY:-10....
✓ [CAR 8] ACT=OK REP=0.990 RWD=1.000 PNL=0.000 CREDIT=20
[ECON-CLAWBACK] CID:10 ACT=WARN prior_payoff=23.849 extra_penalty=18.887 new_payoff=4.887
[TRUST-REVOKED] CID:10 benefits revoked logically; lane=1 speed=20.000 latency=10.000ms
[FORGIVENESS] CID:10 WARN #1 — streak reset, benefits revoked
⚠ [CAR 10] ACT=WARN REP=0.841 RWD=0.000 PNL=18.962 CREDIT=19
[PASSIVE-BEACON] SIMNOW:12.614 CID:4 ZONE:1 RXUAV:1 EDGEPORT:9998 TS:12.600 SPD:20.200 HDG:1.500 PX:252.500 PY:-50.000 LAN:5 BRK:1 RX_X:0.000 RX_Y:0.000 RX_Z:0.000
[ZONE-ROUTE] CID:4 zone=1 edge_port=9998
[EDGE-RTT] CID:4 wall=0.9 ms  sim_delay=5.0 ms
>>> [UAV->CLOUD] BLK:27aa|TX:7.0.0.8|CID:4|TS:12.600|SPD:20.2|HDG:1.5|PX:252.5|PY:-50.0|L...
✓ [CAR 4] ACT=OK REP=1.000 RWD=1.000 PNL=0.000 CREDIT=21
[PASSIVE-BEACON] SIMNOW:12.636 CID:9 ZONE:1 RXUAV:1 EDGEPORT:9998 TS:12.622 SPD:20.500 HDG:1.000 PX:272.100 PY:-50.000 LAN:5 BRK:1 RX_X:0.000 RX_Y:0.000 RX_Z:0.000
[ZONE-ROUTE] CID:9 zone=1 edge_port=9998
[EDGE-RTT] CID:9 wall=1.1 ms  sim_delay=5.0 ms
>>> [UAV->CLOUD] BLK:98b4|TX:7.0.0.13|CID:9|TS:12.622|SPD:20.5|HDG:1.0|PX:272.1|PY:-50.0|...
✓ [CAR 9] ACT=OK REP=0.945 RWD=1.000 PNL=0.000 CREDIT=20
[PASSIVE-BEACON] SIMNOW:12.656 CID:5 ZONE:1 RXUAV:1 EDGEPORT:9998 TS:12.642 SPD:24.900 HDG:0.400 PX:276.800 PY:-10.000 LAN:1 BRK:0 RX_X:0.000 RX_Y:0.000 RX_Z:0.000
[ZONE-ROUTE] CID:5 zone=1 edge_port=9998
[EDGE-RTT] CID:5 wall=0.9 ms  sim_delay=10.0 ms
>>> [UAV->CLOUD] BLK:89b6|TX:7.0.0.9|CID:5|TS:12.642|SPD:24.9|HDG:0.4|PX:276.8|PY:-10.0|L...
[PASSIVE-BEACON] SIMNOW:12.660 CID:18 ZONE:1 RXUAV:1 EDGEPORT:9998 TS:12.646 SPD:20.400 HDG:0.600 PX:312.200 PY:-40.000 LAN:4 BRK:0 RX_X:0.000 RX_Y:0.000 RX_Z:0.000
[ZONE-ROUTE] CID:18 zone=1 edge_port=9998
[EDGE-RTT] CID:18 wall=0.7 ms  sim_delay=5.0 ms
>>> [UAV->CLOUD] BLK:713f|TX:7.0.0.22|CID:18|TS:12.646|SPD:20.4|HDG:0.6|PX:312.2|PY:-40.0...
[ECON-CLAWBACK] CID:5 ACT=WARN prior_payoff=4.0 extra_penalty=3.3 new_payoff=0.7
[FORGIVENESS] CID:5 WARN #2 — streak reset, benefits revoked
⚠ [CAR 5] ACT=WARN REP=0.617 RWD=0.000 PNL=3.368 CREDIT=-2
✓ [CAR 18] ACT=OK REP=0.928 RWD=1.000 PNL=0.000 CREDIT=20
[PASSIVE-BEACON] SIMNOW:12.706 CID:7 ZONE:1 RXUAV:1 EDGEPORT:9998 TS:12.692 SPD:20.400 HDG:-1.500 PX:273.900 PY:-30.000 LAN:3 BRK:1 RX_X:0.000 RX_Y:0.000 RX_Z:0.000
[ZONE-ROUTE] CID:7 zone=1 edge_port=9998
[EDGE-RTT] CID:7 wall=0.7 ms  sim_delay=5.0 ms
>>> [UAV->CLOUD] BLK:17f4|TX:7.0.0.11|CID:7|TS:12.692|SPD:20.4|HDG:-1.5|PX:273.9|PY:-30.0...
✓ [CAR 7] ACT=OK REP=0.869 RWD=1.000 PNL=0.000 CREDIT=20
[PASSIVE-BEACON] SIMNOW:12.734 CID:1 ZONE:1 RXUAV:1 EDGEPORT:9998 TS:12.720 SPD:19.600 HDG:0.200 PX:255.000 PY:-20.000 LAN:2 BRK:1 RX_X:0.000 RX_Y:0.000 RX_Z:0.000
[ZONE-ROUTE] CID:1 zone=1 edge_port=9998
[EDGE-RTT] CID:1 wall=1.0 ms  sim_delay=5.0 ms
>>> [UAV->CLOUD] BLK:1b20|TX:7.0.0.5|CID:1|TS:12.720|SPD:19.6|HDG:0.2|PX:255.0|PY:-20.0|L...
[PASSIVE-BEACON] SIMNOW:12.742 CID:2 ZONE:1 RXUAV:1 EDGEPORT:9998 TS:12.570 SPD:19.500 HDG:-0.200 PX:250.700 PY:-30.000 LAN:3 BRK:0 RX_X:0.000 RX_Y:0.000 RX_Z:0.000
[ZONE-ROUTE] CID:2 zone=1 edge_port=9998
[EDGE-RTT] CID:2 wall=0.8 ms  sim_delay=5.0 ms
>>> [UAV->CLOUD] BLK:090a|TX:7.0.0.6|CID:2|TS:12.570|SPD:19.5|HDG:-0.2|PX:250.7|PY:-30.0|...
✓ [CAR 1] ACT=OK REP=0.881 RWD=1.000 PNL=0.000 CREDIT=21
[PASSIVE-BEACON] SIMNOW:12.758 CID:12 ZONE:1 RXUAV:1 EDGEPORT:9998 TS:12.744 SPD:19.600 HDG:-1.300 PX:294.200 PY:-30.000 LAN:3 BRK:0 RX_X:0.000 RX_Y:0.000 RX_Z:0.000
[ZONE-ROUTE] CID:12 zone=1 edge_port=9998
[EDGE-RTT] CID:12 wall=1.0 ms  sim_delay=5.0 ms
>>> [UAV->CLOUD] BLK:11cf|TX:7.0.0.16|CID:12|TS:12.744|SPD:19.6|HDG:-1.3|PX:294.2|PY:-30....
[PASSIVE-BEACON] SIMNOW:12.760 CID:15 ZONE:1 RXUAV:1 EDGEPORT:9998 TS:12.746 SPD:24.800 HDG:0.100 PX:318.700 PY:-10.000 LAN:1 BRK:0 RX_X:0.000 RX_Y:0.000 RX_Z:0.000
[ZONE-ROUTE] CID:15 zone=1 edge_port=9998
[EDGE-RTT] CID:15 wall=0.9 ms  sim_delay=5.0 ms
>>> [UAV->CLOUD] BLK:5db5|TX:7.0.0.19|CID:15|TS:12.746|SPD:24.8|HDG:0.1|PX:318.7|PY:-10.0...
✓ [CAR 12] ACT=OK REP=0.957 RWD=1.000 PNL=0.000 CREDIT=21
[ECON-CLAWBACK] CID:15 ACT=WARN prior_payoff=4.672 extra_penalty=3.586 new_payoff=0.992
[FORGIVENESS] CID:15 WARN #2 — streak reset, benefits revoked
⚠ [CAR 15] ACT=WARN REP=1.000 RWD=0.000 PNL=3.680 CREDIT=-2
[PASSIVE-BEACON] SIMNOW:12.836 CID:6 ZONE:1 RXUAV:1 EDGEPORT:9998 TS:12.822 SPD:20.200 HDG:-0.100 PX:276.700 PY:-20.000 LAN:2 BRK:0 RX_X:0.000 RX_Y:0.000 RX_Z:0.000
[ZONE-ROUTE] CID:6 zone=1 edge_port=9998
[EDGE-RTT] CID:6 wall=1.2 ms  sim_delay=5.0 ms
>>> [UAV->CLOUD] BLK:04a2|TX:7.0.0.10|CID:6|TS:12.822|SPD:20.2|HDG:-0.1|PX:276.7|PY:-20.0...
[PASSIVE-BEACON] SIMNOW:12.848 CID:14 ZONE:1 RXUAV:1 EDGEPORT:9998 TS:12.834 SPD:19.700 HDG:-0.400 PX:296.300 PY:-50.000 LAN:5 BRK:0 RX_X:0.000 RX_Y:0.000 RX_Z:0.000
[ZONE-ROUTE] CID:14 zone=1 edge_port=9998
[EDGE-RTT] CID:14 wall=1.0 ms  sim_delay=5.0 ms
>>> [UAV->CLOUD] BLK:6a4f|TX:7.0.0.18|CID:14|TS:12.834|SPD:19.7|HDG:-0.4|PX:296.3|PY:-50....
✓ [CAR 6] ACT=OK REP=0.899 RWD=1.000 PNL=0.000 CREDIT=21
✓ [CAR 14] ACT=OK REP=0.969 RWD=1.000 PNL=0.000 CREDIT=20
[PASSIVE-BEACON] SIMNOW:12.928 CID:11 ZONE:1 RXUAV:1 EDGEPORT:9998 TS:12.914 SPD:19.800 HDG:0.700 PX:298.400 PY:-20.000 LAN:2 BRK:1 RX_X:0.000 RX_Y:0.000 RX_Z:0.000
[ZONE-ROUTE] CID:11 zone=1 edge_port=9998
[EDGE-RTT] CID:11 wall=1.0 ms  sim_delay=5.0 ms
>>> [UAV->CLOUD] BLK:002e|TX:7.0.0.15|CID:11|TS:12.914|SPD:19.8|HDG:0.7|PX:298.4|PY:-20.0...
✓ [CAR 11] ACT=OK REP=1.000 RWD=1.000 PNL=0.000 CREDIT=21
[PASSIVE-BEACON] SIMNOW:12.968 CID:13 ZONE:1 RXUAV:1 EDGEPORT:9998 TS:12.954 SPD:20.400 HDG:-1.500 PX:299.800 PY:-40.000 LAN:4 BRK:0 RX_X:0.000 RX_Y:0.000 RX_Z:0.000
[ZONE-ROUTE] CID:13 zone=1 edge_port=9998
[EDGE-RTT] CID:13 wall=1.1 ms  sim_delay=5.0 ms
>>> [UAV->CLOUD] BLK:ce65|TX:7.0.0.17|CID:13|TS:12.954|SPD:20.4|HDG:-1.5|PX:299.8|PY:-40....
[PASSIVE-BEACON] SIMNOW:12.971 CID:17 ZONE:1 RXUAV:1 EDGEPORT:9998 TS:12.956 SPD:20.100 HDG:-0.800 PX:319.600 PY:-30.000 LAN:3 BRK:0 RX_X:0.000 RX_Y:0.000 RX_Z:0.000
[ZONE-ROUTE] CID:17 zone=1 edge_port=9998
[EDGE-RTT] CID:17 wall=0.7 ms  sim_delay=5.0 ms
>>> [UAV->CLOUD] BLK:d35b|TX:7.0.0.21|CID:17|TS:12.956|SPD:20.1|HDG:-0.8|PX:319.6|PY:-30....
✓ [CAR 13] ACT=OK REP=0.873 RWD=1.000 PNL=0.000 CREDIT=20
✓ [CAR 17] ACT=OK REP=0.861 RWD=1.000 PNL=0.000 CREDIT=21
[PASSIVE-BEACON] SIMNOW:13.066 CID:8 ZONE:1 RXUAV:1 EDGEPORT:9998 TS:13.052 SPD:20.400 HDG:-1.000 PX:280.500 PY:-40.000 LAN:4 BRK:0 RX_X:0.000 RX_Y:0.000 RX_Z:0.000
[ZONE-ROUTE] CID:8 zone=1 edge_port=9998
[EDGE-RTT] CID:8 wall=1.1 ms  sim_delay=5.0 ms
>>> [UAV->CLOUD] BLK:7b95|TX:7.0.0.12|CID:8|TS:13.052|SPD:20.4|HDG:-1.0|PX:280.5|PY:-40.0...
[PASSIVE-BEACON] SIMNOW:13.078 CID:10 ZONE:1 RXUAV:1 EDGEPORT:9998 TS:13.064 SPD:25.000 HDG:-0.800 PX:307.000 PY:-10.000 LAN:1 BRK:0 RX_X:0.000 RX_Y:0.000 RX_Z:0.000
[ZONE-ROUTE] CID:10 zone=1 edge_port=9998
[EDGE-RTT] CID:10 wall=0.8 ms  sim_delay=5.0 ms
>>> [UAV->CLOUD] BLK:560f|TX:7.0.0.14|CID:10|TS:13.064|SPD:25.0|HDG:-0.8|PX:307.0|PY:-10....
✓ [CAR 8] ACT=OK REP=0.844 RWD=1.000 PNL=0.000 CREDIT=21
[ECON-CLAWBACK] CID:10 ACT=WARN prior_payoff=4.887 extra_penalty=3.694 new_payoff=1.097
[FORGIVENESS] CID:10 WARN #2 — streak reset, benefits revoked
⚠ [CAR 10] ACT=WARN REP=0.821 RWD=0.000 PNL=3.791 CREDIT=-2
[PASSIVE-BEACON] SIMNOW:13.114 CID:4 ZONE:1 RXUAV:1 EDGEPORT:9998 TS:13.100 SPD:19.800 HDG:-1.800 PX:261.600 PY:-50.000 LAN:5 BRK:0 RX_X:0.000 RX_Y:0.000 RX_Z:0.000
[ZONE-ROUTE] CID:4 zone=1 edge_port=9998
[EDGE-RTT] CID:4 wall=1.1 ms  sim_delay=5.0 ms
>>> [UAV->CLOUD] BLK:7c2e|TX:7.0.0.8|CID:4|TS:13.100|SPD:19.8|HDG:-1.8|PX:261.6|PY:-50.0|...
✓ [CAR 4] ACT=OK REP=1.000 RWD=1.000 PNL=0.000 CREDIT=22
[PASSIVE-BEACON] SIMNOW:13.136 CID:9 ZONE:1 RXUAV:1 EDGEPORT:9998 TS:13.122 SPD:19.800 HDG:-0.200 PX:282.900 PY:-50.000 LAN:5 BRK:0 RX_X:0.000 RX_Y:0.000 RX_Z:0.000
[ZONE-ROUTE] CID:9 zone=1 edge_port=9998
[EDGE-RTT] CID:9 wall=0.7 ms  sim_delay=5.0 ms
>>> [UAV->CLOUD] BLK:ed46|TX:7.0.0.13|CID:9|TS:13.122|SPD:19.8|HDG:-0.2|PX:282.9|PY:-50.0...
✓ [CAR 9] ACT=OK REP=0.837 RWD=1.000 PNL=0.000 CREDIT=21
[PASSIVE-BEACON] SIMNOW:13.156 CID:5 ZONE:1 RXUAV:1 EDGEPORT:9998 TS:13.142 SPD:25.000 HDG:-0.600 PX:288.800 PY:-10.000 LAN:1 BRK:0 RX_X:0.000 RX_Y:0.000 RX_Z:0.000
[ZONE-ROUTE] CID:5 zone=1 edge_port=9998
[EDGE-RTT] CID:5 wall=1.2 ms  sim_delay=10.0 ms
>>> [UAV->CLOUD] BLK:fa7b|TX:7.0.0.9|CID:5|TS:13.142|SPD:25.0|HDG:-0.6|PX:288.8|PY:-10.0|...
[PASSIVE-BEACON] SIMNOW:13.160 CID:18 ZONE:1 RXUAV:1 EDGEPORT:9998 TS:13.146 SPD:20.000 HDG:0.900 PX:322.600 PY:-40.000 LAN:4 BRK:0 RX_X:0.000 RX_Y:0.000 RX_Z:0.000
[ZONE-ROUTE] CID:18 zone=1 edge_port=9998
[EDGE-RTT] CID:18 wall=1.0 ms  sim_delay=5.0 ms
>>> [UAV->CLOUD] BLK:5859|TX:7.0.0.22|CID:18|TS:13.146|SPD:20.0|HDG:0.9|PX:322.6|PY:-40.0...
[ECON-CLAWBACK] CID:5 ACT=WARN prior_payoff=0.7 extra_penalty=1.8 new_payoff=-1.3
[FORGIVENESS] CID:5 WARN #3 — streak reset, benefits revoked
⚠ [CAR 5] ACT=WARN REP=0.999 RWD=0.000 PNL=1.936 CREDIT=-2
✓ [CAR 18] ACT=OK REP=1.000 RWD=1.000 PNL=0.000 CREDIT=21
[PASSIVE-BEACON] SIMNOW:13.206 CID:7 ZONE:1 RXUAV:1 EDGEPORT:9998 TS:13.192 SPD:20.000 HDG:-1.300 PX:283.200 PY:-30.000 LAN:3 BRK:0 RX_X:0.000 RX_Y:0.000 RX_Z:0.000
[ZONE-ROUTE] CID:7 zone=1 edge_port=9998
[EDGE-RTT] CID:7 wall=1.2 ms  sim_delay=5.0 ms
>>> [UAV->CLOUD] BLK:765d|TX:7.0.0.11|CID:7|TS:13.192|SPD:20.0|HDG:-1.3|PX:283.2|PY:-30.0...
✓ [CAR 7] ACT=OK REP=0.857 RWD=1.000 PNL=0.000 CREDIT=21
[PASSIVE-BEACON] SIMNOW:13.234 CID:1 ZONE:1 RXUAV:1 EDGEPORT:9998 TS:13.220 SPD:20.000 HDG:-0.200 PX:264.800 PY:-20.000 LAN:2 BRK:0 RX_X:0.000 RX_Y:0.000 RX_Z:0.000
[ZONE-ROUTE] CID:1 zone=1 edge_port=9998
[EDGE-RTT] CID:1 wall=1.1 ms  sim_delay=5.0 ms
>>> [UAV->CLOUD] BLK:9245|TX:7.0.0.5|CID:1|TS:13.220|SPD:20.0|HDG:-0.2|PX:264.8|PY:-20.0|...
✓ [CAR 1] ACT=OK REP=0.932 RWD=1.000 PNL=0.000 CREDIT=22
[PASSIVE-BEACON] SIMNOW:13.258 CID:12 ZONE:1 RXUAV:1 EDGEPORT:9998 TS:13.244 SPD:20.500 HDG:-1.000 PX:304.700 PY:-30.000 LAN:3 BRK:1 RX_X:0.000 RX_Y:0.000 RX_Z:0.000
[ZONE-ROUTE] CID:12 zone=1 edge_port=9998
[EDGE-RTT] CID:12 wall=1.0 ms  sim_delay=5.0 ms
>>> [UAV->CLOUD] BLK:5c26|TX:7.0.0.16|CID:12|TS:13.244|SPD:20.5|HDG:-1.0|PX:304.7|PY:-30....
[PASSIVE-BEACON] SIMNOW:13.260 CID:15 ZONE:1 RXUAV:1 EDGEPORT:9998 TS:13.246 SPD:24.600 HDG:-1.600 PX:331.600 PY:-10.000 LAN:1 BRK:0 RX_X:0.000 RX_Y:0.000 RX_Z:0.000
[ZONE-ROUTE] CID:15 zone=1 edge_port=9998
[EDGE-RTT] CID:15 wall=0.8 ms  sim_delay=5.0 ms
>>> [UAV->CLOUD] BLK:dba3|TX:7.0.0.19|CID:15|TS:13.246|SPD:24.6|HDG:-1.6|PX:331.6|PY:-10....
✓ [CAR 12] ACT=OK REP=0.916 RWD=1.000 PNL=0.000 CREDIT=22
[ECON-CLAWBACK] CID:15 ACT=WARN prior_payoff=0.992 extra_penalty=1.996 new_payoff=-1.099
[FORGIVENESS] CID:15 WARN #3 — streak reset, benefits revoked
⚠ [CAR 15] ACT=WARN REP=0.845 RWD=0.000 PNL=2.091 CREDIT=-2
[PASSIVE-BEACON] SIMNOW:13.335 CID:6 ZONE:1 RXUAV:1 EDGEPORT:9998 TS:13.322 SPD:20.300 HDG:0.500 PX:286.500 PY:-20.000 LAN:2 BRK:1 RX_X:0.000 RX_Y:0.000 RX_Z:0.000
[ZONE-ROUTE] CID:6 zone=1 edge_port=9998
[EDGE-RTT] CID:6 wall=1.1 ms  sim_delay=5.0 ms
>>> [UAV->CLOUD] BLK:65f5|TX:7.0.0.10|CID:6|TS:13.322|SPD:20.3|HDG:0.5|PX:286.5|PY:-20.0|...
✓ [CAR 6] ACT=OK REP=0.906 RWD=1.000 PNL=0.000 CREDIT=22
[PASSIVE-BEACON] SIMNOW:13.348 CID:14 ZONE:1 RXUAV:1 EDGEPORT:9998 TS:13.334 SPD:20.400 HDG:-1.000 PX:306.600 PY:-50.000 LAN:5 BRK:0 RX_X:0.000 RX_Y:0.000 RX_Z:0.000
[ZONE-ROUTE] CID:14 zone=1 edge_port=9998
[EDGE-RTT] CID:14 wall=1.3 ms  sim_delay=5.0 ms
>>> [UAV->CLOUD] BLK:ade5|TX:7.0.0.18|CID:14|TS:13.334|SPD:20.4|HDG:-1.0|PX:306.6|PY:-50....
✓ [CAR 14] ACT=OK REP=0.908 RWD=1.000 PNL=0.000 CREDIT=21
[PASSIVE-BEACON] SIMNOW:13.428 CID:11 ZONE:1 RXUAV:1 EDGEPORT:9998 TS:13.414 SPD:19.600 HDG:0.200 PX:308.000 PY:-20.000 LAN:2 BRK:1 RX_X:0.000 RX_Y:0.000 RX_Z:0.000
[ZONE-ROUTE] CID:11 zone=1 edge_port=9998
[EDGE-RTT] CID:11 wall=1.3 ms  sim_delay=5.0 ms
>>> [UAV->CLOUD] BLK:909c|TX:7.0.0.15|CID:11|TS:13.414|SPD:19.6|HDG:0.2|PX:308.0|PY:-20.0...
✓ [CAR 11] ACT=OK REP=0.949 RWD=1.000 PNL=0.000 CREDIT=22
[PASSIVE-BEACON] SIMNOW:13.468 CID:13 ZONE:1 RXUAV:1 EDGEPORT:9998 TS:13.454 SPD:19.600 HDG:-0.200 PX:308.800 PY:-40.000 LAN:4 BRK:0 RX_X:0.000 RX_Y:0.000 RX_Z:0.000
[ZONE-ROUTE] CID:13 zone=1 edge_port=9998
[EDGE-RTT] CID:13 wall=1.1 ms  sim_delay=5.0 ms
>>> [UAV->CLOUD] BLK:2ddd|TX:7.0.0.17|CID:13|TS:13.454|SPD:19.6|HDG:-0.2|PX:308.8|PY:-40....
[PASSIVE-BEACON] SIMNOW:13.469 CID:17 ZONE:1 RXUAV:1 EDGEPORT:9998 TS:13.456 SPD:20.400 HDG:-0.900 PX:328.600 PY:-30.000 LAN:3 BRK:1 RX_X:0.000 RX_Y:0.000 RX_Z:0.000
[ZONE-ROUTE] CID:17 zone=1 edge_port=9998
[EDGE-RTT] CID:17 wall=2.6 ms  sim_delay=5.0 ms
>>> [UAV->CLOUD] BLK:60bf|TX:7.0.0.21|CID:17|TS:13.456|SPD:20.4|HDG:-0.9|PX:328.6|PY:-30....
✓ [CAR 13] ACT=OK REP=0.992 RWD=1.000 PNL=0.000 CREDIT=21
✓ [CAR 17] ACT=OK REP=0.970 RWD=1.000 PNL=0.000 CREDIT=22
[PASSIVE-BEACON] SIMNOW:13.566 CID:8 ZONE:1 RXUAV:1 EDGEPORT:9998 TS:13.552 SPD:19.800 HDG:-0.600 PX:291.700 PY:-40.000 LAN:4 BRK:0 RX_X:0.000 RX_Y:0.000 RX_Z:0.000
[ZONE-ROUTE] CID:8 zone=1 edge_port=9998
[EDGE-RTT] CID:8 wall=1.1 ms  sim_delay=5.0 ms
>>> [UAV->CLOUD] BLK:06c6|TX:7.0.0.12|CID:8|TS:13.552|SPD:19.8|HDG:-0.6|PX:291.7|PY:-40.0...
[PASSIVE-BEACON] SIMNOW:13.578 CID:10 ZONE:1 RXUAV:1 EDGEPORT:9998 TS:13.564 SPD:25.000 HDG:1.400 PX:319.900 PY:-10.000 LAN:1 BRK:0 RX_X:0.000 RX_Y:0.000 RX_Z:0.000
[ZONE-ROUTE] CID:10 zone=1 edge_port=9998
[EDGE-RTT] CID:10 wall=1.1 ms  sim_delay=5.0 ms
>>> [UAV->CLOUD] BLK:6be7|TX:7.0.0.14|CID:10|TS:13.564|SPD:25.0|HDG:1.4|PX:319.9|PY:-10.0...
✓ [CAR 8] ACT=OK REP=1.000 RWD=1.000 PNL=0.000 CREDIT=22
[ECON-CLAWBACK] CID:10 ACT=WARN prior_payoff=1.097 extra_penalty=2.048 new_payoff=-1.051
[FORGIVENESS] CID:10 WARN #3 — streak reset, benefits revoked
⚠ [CAR 10] ACT=WARN REP=1.000 RWD=0.000 PNL=2.147 CREDIT=-2
[PASSIVE-BEACON] SIMNOW:13.614 CID:4 ZONE:1 RXUAV:1 EDGEPORT:9998 TS:13.600 SPD:20.000 HDG:0.700 PX:272.600 PY:-50.000 LAN:5 BRK:0 RX_X:0.000 RX_Y:0.000 RX_Z:0.000
[ZONE-ROUTE] CID:4 zone=1 edge_port=9998
[EDGE-RTT] CID:4 wall=1.1 ms  sim_delay=5.0 ms
>>> [UAV->CLOUD] BLK:4ff3|TX:7.0.0.8|CID:4|TS:13.600|SPD:20.0|HDG:0.7|PX:272.6|PY:-50.0|L...
✓ [CAR 4] ACT=OK REP=0.769 RWD=1.000 PNL=0.000 CREDIT=23
[PASSIVE-BEACON] SIMNOW:13.636 CID:9 ZONE:1 RXUAV:1 EDGEPORT:9998 TS:13.622 SPD:19.800 HDG:-1.800 PX:292.600 PY:-50.000 LAN:5 BRK:1 RX_X:0.000 RX_Y:0.000 RX_Z:0.000
[ZONE-ROUTE] CID:9 zone=1 edge_port=9998
[EDGE-RTT] CID:9 wall=1.1 ms  sim_delay=5.0 ms
>>> [UAV->CLOUD] BLK:5877|TX:7.0.0.13|CID:9|TS:13.622|SPD:19.8|HDG:-1.8|PX:292.6|PY:-50.0...
✓ [CAR 9] ACT=OK REP=0.867 RWD=1.000 PNL=0.000 CREDIT=22
[PASSIVE-BEACON] SIMNOW:13.656 CID:5 ZONE:1 RXUAV:1 EDGEPORT:9998 TS:13.642 SPD:24.900 HDG:0.900 PX:301.000 PY:-10.000 LAN:1 BRK:1 RX_X:0.000 RX_Y:0.000 RX_Z:0.000
[ZONE-ROUTE] CID:5 zone=1 edge_port=9998
[EDGE-RTT] CID:5 wall=1.2 ms  sim_delay=10.0 ms
>>> [UAV->CLOUD] BLK:3a60|TX:7.0.0.9|CID:5|TS:13.642|SPD:24.9|HDG:0.9|PX:301.0|PY:-10.0|L...
[PASSIVE-BEACON] SIMNOW:13.660 CID:18 ZONE:1 RXUAV:1 EDGEPORT:9998 TS:13.646 SPD:19.600 HDG:-1.800 PX:333.700 PY:-40.000 LAN:4 BRK:0 RX_X:0.000 RX_Y:0.000 RX_Z:0.000
[ZONE-ROUTE] CID:18 zone=1 edge_port=9998
[EDGE-RTT] CID:18 wall=1.0 ms  sim_delay=5.0 ms
>>> [UAV->CLOUD] BLK:73a8|TX:7.0.0.22|CID:18|TS:13.646|SPD:19.6|HDG:-1.8|PX:333.7|PY:-40....
[ECON-CLAWBACK] CID:5 ACT=WARN prior_payoff=-1.3 extra_penalty=1.8 new_payoff=-3.1
[FORGIVENESS] CID:5 WARN #4 — streak reset, benefits revoked
⚠ [CAR 5] ACT=WARN REP=0.891 RWD=0.000 PNL=1.849 CREDIT=-2
✓ [CAR 18] ACT=OK REP=0.882 RWD=1.000 PNL=0.000 CREDIT=22
[PASSIVE-BEACON] SIMNOW:13.706 CID:7 ZONE:1 RXUAV:1 EDGEPORT:9998 TS:13.692 SPD:20.200 HDG:-0.400 PX:293.300 PY:-30.000 LAN:3 BRK:0 RX_X:0.000 RX_Y:0.000 RX_Z:0.000
[ZONE-ROUTE] CID:7 zone=1 edge_port=9998
[EDGE-RTT] CID:7 wall=1.1 ms  sim_delay=5.0 ms
>>> [UAV->CLOUD] BLK:be1f|TX:7.0.0.11|CID:7|TS:13.692|SPD:20.2|HDG:-0.4|PX:293.3|PY:-30.0...
✓ [CAR 7] ACT=OK REP=1.000 RWD=1.000 PNL=0.000 CREDIT=22
[PASSIVE-BEACON] SIMNOW:13.734 CID:1 ZONE:1 RXUAV:1 EDGEPORT:9998 TS:13.720 SPD:20.400 HDG:-0.400 PX:274.500 PY:-20.000 LAN:2 BRK:0 RX_X:0.000 RX_Y:0.000 RX_Z:0.000
[ZONE-ROUTE] CID:1 zone=1 edge_port=9998
[EDGE-RTT] CID:1 wall=1.1 ms  sim_delay=5.0 ms
>>> [UAV->CLOUD] BLK:9b62|TX:7.0.0.5|CID:1|TS:13.720|SPD:20.4|HDG:-0.4|PX:274.5|PY:-20.0|...
✓ [CAR 1] ACT=OK REP=1.000 RWD=1.000 PNL=0.000 CREDIT=23
[PASSIVE-BEACON] SIMNOW:13.758 CID:12 ZONE:1 RXUAV:1 EDGEPORT:9998 TS:13.744 SPD:19.800 HDG:1.500 PX:314.500 PY:-30.000 LAN:3 BRK:0 RX_X:0.000 RX_Y:0.000 RX_Z:0.000
[ZONE-ROUTE] CID:12 zone=1 edge_port=9998
[EDGE-RTT] CID:12 wall=2.7 ms  sim_delay=5.0 ms
>>> [UAV->CLOUD] BLK:67c0|TX:7.0.0.16|CID:12|TS:13.744|SPD:19.8|HDG:1.5|PX:314.5|PY:-30.0...
[PASSIVE-BEACON] SIMNOW:13.760 CID:15 ZONE:1 RXUAV:1 EDGEPORT:9998 TS:13.746 SPD:24.800 HDG:0.600 PX:344.500 PY:-10.000 LAN:1 BRK:0 RX_X:0.000 RX_Y:0.000 RX_Z:0.000
[ZONE-ROUTE] CID:15 zone=1 edge_port=9998
[EDGE-RTT] CID:15 wall=0.8 ms  sim_delay=5.0 ms
>>> [UAV->CLOUD] BLK:19b7|TX:7.0.0.19|CID:15|TS:13.746|SPD:24.8|HDG:0.6|PX:344.5|PY:-10.0...
✓ [CAR 12] ACT=OK REP=1.000 RWD=1.000 PNL=0.000 CREDIT=23
[ECON-CLAWBACK] CID:15 ACT=WARN prior_payoff=-1.099 extra_penalty=1.750 new_payoff=-2.948
[FORGIVENESS] CID:15 WARN #4 — streak reset, benefits revoked
⚠ [CAR 15] ACT=WARN REP=0.823 RWD=0.000 PNL=1.849 CREDIT=-2
[PASSIVE-BEACON] SIMNOW:13.836 CID:6 ZONE:1 RXUAV:1 EDGEPORT:9998 TS:13.822 SPD:19.600 HDG:0.100 PX:296.600 PY:-20.000 LAN:2 BRK:0 RX_X:0.000 RX_Y:0.000 RX_Z:0.000
[ZONE-ROUTE] CID:6 zone=1 edge_port=9998
[EDGE-RTT] CID:6 wall=0.9 ms  sim_delay=5.0 ms
>>> [UAV->CLOUD] BLK:d69d|TX:7.0.0.10|CID:6|TS:13.822|SPD:19.6|HDG:0.1|PX:296.6|PY:-20.0|...
[PASSIVE-BEACON] SIMNOW:13.848 CID:14 ZONE:1 RXUAV:1 EDGEPORT:9998 TS:13.834 SPD:19.900 HDG:-0.100 PX:315.900 PY:-50.000 LAN:5 BRK:0 RX_X:0.000 RX_Y:0.000 RX_Z:0.000
[ZONE-ROUTE] CID:14 zone=1 edge_port=9998
[EDGE-RTT] CID:14 wall=1.0 ms  sim_delay=5.0 ms
>>> [UAV->CLOUD] BLK:ded8|TX:7.0.0.18|CID:14|TS:13.834|SPD:19.9|HDG:-0.1|PX:315.9|PY:-50....
✓ [CAR 6] ACT=OK REP=1.000 RWD=1.000 PNL=0.000 CREDIT=23
✓ [CAR 14] ACT=OK REP=0.885 RWD=1.000 PNL=0.000 CREDIT=22
[PASSIVE-BEACON] SIMNOW:13.928 CID:11 ZONE:1 RXUAV:1 EDGEPORT:9998 TS:13.914 SPD:24.600 HDG:-1.400 PX:318.800 PY:-20.000 LAN:2 BRK:0 RX_X:0.000 RX_Y:0.000 RX_Z:0.000
[ZONE-ROUTE] CID:11 zone=1 edge_port=9998
[EDGE-RTT] CID:11 wall=1.2 ms  sim_delay=5.0 ms
>>> [UAV->CLOUD] BLK:b27d|TX:7.0.0.15|CID:11|TS:13.914|SPD:24.6|HDG:-1.4|PX:318.8|PY:-20....
✓ [CAR 11] ACT=OK REP=0.949 RWD=0.852 PNL=0.000 CREDIT=23
[PASSIVE-BEACON] SIMNOW:13.968 CID:13 ZONE:1 RXUAV:1 EDGEPORT:9998 TS:13.954 SPD:20.200 HDG:-1.000 PX:318.500 PY:-40.000 LAN:4 BRK:0 RX_X:0.000 RX_Y:0.000 RX_Z:0.000
[ZONE-ROUTE] CID:13 zone=1 edge_port=9998
[EDGE-RTT] CID:13 wall=1.0 ms  sim_delay=5.0 ms
>>> [UAV->CLOUD] BLK:99a2|TX:7.0.0.17|CID:13|TS:13.954|SPD:20.2|HDG:-1.0|PX:318.5|PY:-40....
[PASSIVE-BEACON] SIMNOW:13.971 CID:17 ZONE:1 RXUAV:1 EDGEPORT:9998 TS:13.956 SPD:19.800 HDG:1.900 PX:338.900 PY:-30.000 LAN:3 BRK:0 RX_X:0.000 RX_Y:0.000 RX_Z:0.000
[ZONE-ROUTE] CID:17 zone=1 edge_port=9998
[EDGE-RTT] CID:17 wall=1.0 ms  sim_delay=5.0 ms
>>> [UAV->CLOUD] BLK:9421|TX:7.0.0.21|CID:17|TS:13.956|SPD:19.8|HDG:1.9|PX:338.9|PY:-30.0...
✓ [CAR 13] ACT=OK REP=1.000 RWD=1.000 PNL=0.000 CREDIT=22
✓ [CAR 17] ACT=OK REP=1.000 RWD=1.000 PNL=0.000 CREDIT=23
[PASSIVE-BEACON] SIMNOW:14.066 CID:8 ZONE:1 RXUAV:1 EDGEPORT:9998 TS:14.052 SPD:20.000 HDG:-1.200 PX:300.700 PY:-40.000 LAN:4 BRK:0 RX_X:0.000 RX_Y:0.000 RX_Z:0.000
[ZONE-ROUTE] CID:8 zone=1 edge_port=9998
[EDGE-RTT] CID:8 wall=0.9 ms  sim_delay=5.0 ms
>>> [UAV->CLOUD] BLK:5b5f|TX:7.0.0.12|CID:8|TS:14.052|SPD:20.0|HDG:-1.2|PX:300.7|PY:-40.0...
[PASSIVE-BEACON] SIMNOW:14.078 CID:10 ZONE:1 RXUAV:1 EDGEPORT:9998 TS:14.064 SPD:25.300 HDG:0.600 PX:332.500 PY:-10.000 LAN:1 BRK:0 RX_X:0.000 RX_Y:0.000 RX_Z:0.000
[ZONE-ROUTE] CID:10 zone=1 edge_port=9998
[EDGE-RTT] CID:10 wall=0.8 ms  sim_delay=5.0 ms
>>> [UAV->CLOUD] BLK:1e49|TX:7.0.0.14|CID:10|TS:14.064|SPD:25.3|HDG:0.6|PX:332.5|PY:-10.0...
✓ [CAR 8] ACT=OK REP=0.743 RWD=1.000 PNL=0.000 CREDIT=23
[ECON-CLAWBACK] CID:10 ACT=WARN prior_payoff=-1.051 extra_penalty=1.750 new_payoff=-2.903
[FORGIVENESS] CID:10 WARN #4 — streak reset, benefits revoked
⚠ [CAR 10] ACT=WARN REP=0.759 RWD=0.000 PNL=1.852 CREDIT=-2
[PASSIVE-BEACON] SIMNOW:14.114 CID:4 ZONE:1 RXUAV:1 EDGEPORT:9998 TS:14.100 SPD:20.500 HDG:0.500 PX:281.800 PY:-50.000 LAN:5 BRK:0 RX_X:0.000 RX_Y:0.000 RX_Z:0.000
[ZONE-ROUTE] CID:4 zone=1 edge_port=9998
[EDGE-RTT] CID:4 wall=0.9 ms  sim_delay=5.0 ms
>>> [UAV->CLOUD] BLK:d1aa|TX:7.0.0.8|CID:4|TS:14.100|SPD:20.5|HDG:0.5|PX:281.8|PY:-50.0|L...
✓ [CAR 4] ACT=OK REP=0.936 RWD=1.000 PNL=0.000 CREDIT=24
[PASSIVE-BEACON] SIMNOW:14.136 CID:9 ZONE:1 RXUAV:1 EDGEPORT:9998 TS:14.122 SPD:20.100 HDG:-0.600 PX:302.700 PY:-50.000 LAN:5 BRK:0 RX_X:0.000 RX_Y:0.000 RX_Z:0.000
[ZONE-ROUTE] CID:9 zone=1 edge_port=9998
[EDGE-RTT] CID:9 wall=0.8 ms  sim_delay=5.0 ms
>>> [UAV->CLOUD] BLK:280f|TX:7.0.0.13|CID:9|TS:14.122|SPD:20.1|HDG:-0.6|PX:302.7|PY:-50.0...
✓ [CAR 9] ACT=OK REP=1.000 RWD=1.000 PNL=0.000 CREDIT=23
[PASSIVE-BEACON] SIMNOW:14.157 CID:5 ZONE:1 RXUAV:1 EDGEPORT:9998 TS:14.142 SPD:25.200 HDG:-1.200 PX:314.500 PY:-10.000 LAN:1 BRK:0 RX_X:0.000 RX_Y:0.000 RX_Z:0.000
[ZONE-ROUTE] CID:5 zone=1 edge_port=9998
[EDGE-RTT] CID:5 wall=0.9 ms  sim_delay=10.0 ms
>>> [UAV->CLOUD] BLK:6c9b|TX:7.0.0.9|CID:5|TS:14.142|SPD:25.2|HDG:-1.2|PX:314.5|PY:-10.0|...
[PASSIVE-BEACON] SIMNOW:14.160 CID:18 ZONE:1 RXUAV:1 EDGEPORT:9998 TS:14.146 SPD:19.800 HDG:-0.800 PX:343.000 PY:-40.000 LAN:4 BRK:0 RX_X:0.000 RX_Y:0.000 RX_Z:0.000
[ZONE-ROUTE] CID:18 zone=1 edge_port=9998
[EDGE-RTT] CID:18 wall=0.8 ms  sim_delay=5.0 ms
>>> [UAV->CLOUD] BLK:4c6e|TX:7.0.0.22|CID:18|TS:14.146|SPD:19.8|HDG:-0.8|PX:343.0|PY:-40....
[ECON-CLAWBACK] CID:5 ACT=WARN prior_payoff=-3.1 extra_penalty=2.0 new_payoff=-5.2
[FORGIVENESS] CID:5 WARN #5 — streak reset, benefits revoked
⚠ [CAR 5] ACT=WARN REP=0.823 RWD=0.000 PNL=2.102 CREDIT=-2
✓ [CAR 18] ACT=OK REP=1.000 RWD=1.000 PNL=0.000 CREDIT=23
[PASSIVE-BEACON] SIMNOW:14.206 CID:7 ZONE:1 RXUAV:1 EDGEPORT:9998 TS:14.192 SPD:20.400 HDG:-0.900 PX:303.900 PY:-30.000 LAN:3 BRK:0 RX_X:0.000 RX_Y:0.000 RX_Z:0.000
[ZONE-ROUTE] CID:7 zone=1 edge_port=9998
[EDGE-RTT] CID:7 wall=1.2 ms  sim_delay=5.0 ms
>>> [UAV->CLOUD] BLK:9e13|TX:7.0.0.11|CID:7|TS:14.192|SPD:20.4|HDG:-0.9|PX:303.9|PY:-30.0...
✓ [CAR 7] ACT=OK REP=0.839 RWD=1.000 PNL=0.000 CREDIT=23
[PASSIVE-BEACON] SIMNOW:14.234 CID:1 ZONE:1 RXUAV:1 EDGEPORT:9998 TS:14.220 SPD:24.800 HDG:-0.600 PX:285.700 PY:-20.000 LAN:2 BRK:1 RX_X:0.000 RX_Y:0.000 RX_Z:0.000
[ZONE-ROUTE] CID:1 zone=1 edge_port=9998
[EDGE-RTT] CID:1 wall=1.1 ms  sim_delay=5.0 ms
>>> [UAV->CLOUD] BLK:59e1|TX:7.0.0.5|CID:1|TS:14.220|SPD:24.8|HDG:-0.6|PX:285.7|PY:-20.0|...
[ECON-CLAWBACK] CID:1 ACT=WARN prior_payoff=27.0 extra_penalty=21.2 new_payoff=5.7
[TRUST-REVOKED] CID:1 benefits revoked logically; lane=2 speed=20.0 latency=10.0ms
[FORGIVENESS] CID:1 WARN #1 — streak reset, benefits revoked
⚠ [CAR 1] ACT=WARN REP=0.985 RWD=0.000 PNL=21.322 CREDIT=22
[PASSIVE-BEACON] SIMNOW:14.258 CID:12 ZONE:1 RXUAV:1 EDGEPORT:9998 TS:14.244 SPD:20.200 HDG:1.600 PX:325.300 PY:-30.000 LAN:3 BRK:1 RX_X:0.000 RX_Y:0.000 RX_Z:0.000
[ZONE-ROUTE] CID:12 zone=1 edge_port=9998
[EDGE-RTT] CID:12 wall=1.0 ms  sim_delay=5.0 ms
>>> [UAV->CLOUD] BLK:a052|TX:7.0.0.16|CID:12|TS:14.244|SPD:20.2|HDG:1.6|PX:325.3|PY:-30.0...
[PASSIVE-BEACON] SIMNOW:14.260 CID:15 ZONE:1 RXUAV:1 EDGEPORT:9998 TS:14.246 SPD:25.300 HDG:-0.900 PX:356.200 PY:-10.000 LAN:1 BRK:0 RX_X:0.000 RX_Y:0.000 RX_Z:0.000
[ZONE-ROUTE] CID:15 zone=1 edge_port=9998
[EDGE-RTT] CID:15 wall=0.8 ms  sim_delay=5.0 ms
>>> [UAV->CLOUD] BLK:8b8e|TX:7.0.0.19|CID:15|TS:14.246|SPD:25.3|HDG:-0.9|PX:356.2|PY:-10....
✓ [CAR 12] ACT=OK REP=1.000 RWD=1.000 PNL=0.000 CREDIT=24
[ECON-CLAWBACK] CID:15 ACT=WARN prior_payoff=-2.948 extra_penalty=2.000 new_payoff=-5.050
[FORGIVENESS] CID:15 WARN #5 — streak reset, benefits revoked
⚠ [CAR 15] ACT=WARN REP=0.912 RWD=0.000 PNL=2.102 CREDIT=-2
[PASSIVE-BEACON] SIMNOW:14.336 CID:6 ZONE:1 RXUAV:1 EDGEPORT:9998 TS:14.322 SPD:24.900 HDG:-1.500 PX:307.900 PY:-20.000 LAN:2 BRK:0 RX_X:0.000 RX_Y:0.000 RX_Z:0.000
[ZONE-ROUTE] CID:6 zone=1 edge_port=9998
[EDGE-RTT] CID:6 wall=1.0 ms  sim_delay=5.0 ms
>>> [UAV->CLOUD] BLK:1022|TX:7.0.0.10|CID:6|TS:14.322|SPD:24.9|HDG:-1.5|PX:307.9|PY:-20.0...
[PASSIVE-BEACON] SIMNOW:14.348 CID:14 ZONE:1 RXUAV:1 EDGEPORT:9998 TS:14.334 SPD:19.800 HDG:-0.000 PX:326.800 PY:-50.000 LAN:5 BRK:0 RX_X:0.000 RX_Y:0.000 RX_Z:0.000
[ZONE-ROUTE] CID:14 zone=1 edge_port=9998
[EDGE-RTT] CID:14 wall=0.7 ms  sim_delay=5.0 ms
>>> [UAV->CLOUD] BLK:f174|TX:7.0.0.18|CID:14|TS:14.334|SPD:19.8|HDG:-0.0|PX:326.8|PY:-50....
[ECON-CLAWBACK] CID:6 ACT=WARN prior_payoff=27.0 extra_penalty=21.2 new_payoff=5.7
[TRUST-REVOKED] CID:6 benefits revoked logically; lane=2 speed=20.0 latency=10.0ms
[FORGIVENESS] CID:6 WARN #1 — streak reset, benefits revoked
⚠ [CAR 6] ACT=WARN REP=1.000 RWD=0.000 PNL=21.322 CREDIT=22
✓ [CAR 14] ACT=OK REP=0.828 RWD=1.000 PNL=0.000 CREDIT=23
[PASSIVE-BEACON] SIMNOW:14.428 CID:11 ZONE:1 RXUAV:1 EDGEPORT:9998 TS:14.414 SPD:25.100 HDG:-0.000 PX:331.100 PY:-20.000 LAN:2 BRK:0 RX_X:0.000 RX_Y:0.000 RX_Z:0.000
[ZONE-ROUTE] CID:11 zone=1 edge_port=9998
[EDGE-RTT] CID:11 wall=1.1 ms  sim_delay=5.0 ms
>>> [UAV->CLOUD] BLK:1943|TX:7.0.0.15|CID:11|TS:14.414|SPD:25.1|HDG:-0.0|PX:331.1|PY:-20....
[ECON-CLAWBACK] CID:11 ACT=WARN prior_payoff=26.8 extra_penalty=21.1 new_payoff=5.6
[TRUST-REVOKED] CID:11 benefits revoked logically; lane=2 speed=20.0 latency=10.0ms
[FORGIVENESS] CID:11 WARN #1 — streak reset, benefits revoked
⚠ [CAR 11] ACT=WARN REP=0.808 RWD=0.000 PNL=21.212 CREDIT=22
[PASSIVE-BEACON] SIMNOW:14.468 CID:13 ZONE:1 RXUAV:1 EDGEPORT:9998 TS:14.454 SPD:20.000 HDG:0.200 PX:329.300 PY:-40.000 LAN:4 BRK:0 RX_X:0.000 RX_Y:0.000 RX_Z:0.000
[ZONE-ROUTE] CID:13 zone=1 edge_port=9998
[EDGE-RTT] CID:13 wall=0.9 ms  sim_delay=5.0 ms
>>> [UAV->CLOUD] BLK:e1cf|TX:7.0.0.17|CID:13|TS:14.454|SPD:20.0|HDG:0.2|PX:329.3|PY:-40.0...
[PASSIVE-BEACON] SIMNOW:14.470 CID:17 ZONE:1 RXUAV:1 EDGEPORT:9998 TS:14.456 SPD:19.700 HDG:-0.900 PX:349.300 PY:-30.000 LAN:3 BRK:0 RX_X:0.000 RX_Y:0.000 RX_Z:0.000
[ZONE-ROUTE] CID:17 zone=1 edge_port=9998
[EDGE-RTT] CID:17 wall=0.7 ms  sim_delay=5.0 ms
>>> [UAV->CLOUD] BLK:f7b0|TX:7.0.0.21|CID:17|TS:14.456|SPD:19.7|HDG:-0.9|PX:349.3|PY:-30....
✓ [CAR 13] ACT=OK REP=0.978 RWD=1.000 PNL=0.000 CREDIT=23
✓ [CAR 17] ACT=OK REP=1.000 RWD=1.000 PNL=0.000 CREDIT=24
[PASSIVE-BEACON] SIMNOW:14.566 CID:8 ZONE:1 RXUAV:1 EDGEPORT:9998 TS:14.552 SPD:19.700 HDG:1.700 PX:310.800 PY:-40.000 LAN:4 BRK:0 RX_X:0.000 RX_Y:0.000 RX_Z:0.000
[ZONE-ROUTE] CID:8 zone=1 edge_port=9998
[EDGE-RTT] CID:8 wall=0.9 ms  sim_delay=5.0 ms
>>> [UAV->CLOUD] BLK:ae46|TX:7.0.0.12|CID:8|TS:14.552|SPD:19.7|HDG:1.7|PX:310.8|PY:-40.0|...
[PASSIVE-BEACON] SIMNOW:14.578 CID:10 ZONE:1 RXUAV:1 EDGEPORT:9998 TS:14.564 SPD:24.800 HDG:-0.300 PX:345.000 PY:-10.000 LAN:1 BRK:0 RX_X:0.000 RX_Y:0.000 RX_Z:0.000
[ZONE-ROUTE] CID:10 zone=1 edge_port=9998
[EDGE-RTT] CID:10 wall=1.1 ms  sim_delay=5.0 ms
>>> [UAV->CLOUD] BLK:4b3f|TX:7.0.0.14|CID:10|TS:14.564|SPD:24.8|HDG:-0.3|PX:345.0|PY:-10....
✓ [CAR 8] ACT=OK REP=0.853 RWD=1.000 PNL=0.000 CREDIT=24
[ECON-CLAWBACK] CID:10 ACT=WARN prior_payoff=-2.903 extra_penalty=2.000 new_payoff=-5.003
[FORGIVENESS] CID:10 WARN #5 — streak reset, benefits revoked
⚠ [CAR 10] ACT=WARN REP=0.851 RWD=0.000 PNL=2.100 CREDIT=-2
[PASSIVE-BEACON] SIMNOW:14.612 CID:4 ZONE:1 RXUAV:1 EDGEPORT:9998 TS:14.600 SPD:20.400 HDG:-0.300 PX:291.700 PY:-50.000 LAN:5 BRK:0 RX_X:0.000 RX_Y:0.000 RX_Z:0.000
[ZONE-ROUTE] CID:4 zone=1 edge_port=9998
[EDGE-RTT] CID:4 wall=1.0 ms  sim_delay=5.0 ms
>>> [UAV->CLOUD] BLK:ad28|TX:7.0.0.8|CID:4|TS:14.600|SPD:20.4|HDG:-0.3|PX:291.7|PY:-50.0|...
✓ [CAR 4] ACT=OK REP=1.000 RWD=1.000 PNL=0.000 CREDIT=25
[PASSIVE-BEACON] SIMNOW:14.634 CID:9 ZONE:1 RXUAV:1 EDGEPORT:9998 TS:14.622 SPD:19.900 HDG:-1.800 PX:313.000 PY:-50.000 LAN:5 BRK:0 RX_X:0.000 RX_Y:0.000 RX_Z:0.000
[ZONE-ROUTE] CID:9 zone=1 edge_port=9998
[EDGE-RTT] CID:9 wall=1.1 ms  sim_delay=5.0 ms
>>> [UAV->CLOUD] BLK:c769|TX:7.0.0.13|CID:9|TS:14.622|SPD:19.9|HDG:-1.8|PX:313.0|PY:-50.0...
✓ [CAR 9] ACT=OK REP=0.937 RWD=1.000 PNL=0.000 CREDIT=24
[PASSIVE-BEACON] SIMNOW:14.657 CID:5 ZONE:1 RXUAV:1 EDGEPORT:9998 TS:14.642 SPD:24.600 HDG:-0.700 PX:326.000 PY:-10.000 LAN:1 BRK:0 RX_X:0.000 RX_Y:0.000 RX_Z:0.000
[ZONE-ROUTE] CID:5 zone=1 edge_port=9998
[EDGE-RTT] CID:5 wall=1.0 ms  sim_delay=10.0 ms
>>> [UAV->CLOUD] BLK:5476|TX:7.0.0.9|CID:5|TS:14.642|SPD:24.6|HDG:-0.7|PX:326.0|PY:-10.0|...
[PASSIVE-BEACON] SIMNOW:14.660 CID:18 ZONE:1 RXUAV:1 EDGEPORT:9998 TS:14.646 SPD:20.200 HDG:-0.900 PX:353.000 PY:-40.000 LAN:4 BRK:0 RX_X:0.000 RX_Y:0.000 RX_Z:0.000
[ZONE-ROUTE] CID:18 zone=1 edge_port=9998
[EDGE-RTT] CID:18 wall=0.7 ms  sim_delay=5.0 ms
>>> [UAV->CLOUD] BLK:732f|TX:7.0.0.22|CID:18|TS:14.646|SPD:20.2|HDG:-0.9|PX:353.0|PY:-40....
[ECON-CLAWBACK] CID:5 ACT=WARN prior_payoff=-5.2 extra_penalty=2.2 new_payoff=-7.6
[FORGIVENESS] CID:5 WARN #6 — streak reset, benefits revoked
⚠ [CAR 5] ACT=WARN REP=0.712 RWD=0.000 PNL=2.349 CREDIT=-2
✓ [CAR 18] ACT=OK REP=0.941 RWD=1.000 PNL=0.000 CREDIT=24
[PASSIVE-BEACON] SIMNOW:14.706 CID:7 ZONE:1 RXUAV:1 EDGEPORT:9998 TS:14.692 SPD:20.200 HDG:-1.300 PX:313.500 PY:-30.000 LAN:3 BRK:1 RX_X:0.000 RX_Y:0.000 RX_Z:0.000
[ZONE-ROUTE] CID:7 zone=1 edge_port=9998
[EDGE-RTT] CID:7 wall=0.7 ms  sim_delay=5.0 ms
>>> [UAV->CLOUD] BLK:2064|TX:7.0.0.11|CID:7|TS:14.692|SPD:20.2|HDG:-1.3|PX:313.5|PY:-30.0...
✓ [CAR 7] ACT=OK REP=1.000 RWD=1.000 PNL=0.000 CREDIT=24
[PASSIVE-BEACON] SIMNOW:14.734 CID:1 ZONE:1 RXUAV:1 EDGEPORT:9998 TS:14.720 SPD:25.100 HDG:-1.200 PX:297.900 PY:-20.000 LAN:2 BRK:1 RX_X:0.000 RX_Y:0.000 RX_Z:0.000
[ZONE-ROUTE] CID:1 zone=1 edge_port=9998
[EDGE-RTT] CID:1 wall=0.9 ms  sim_delay=5.0 ms
>>> [UAV->CLOUD] BLK:5966|TX:7.0.0.5|CID:1|TS:14.720|SPD:25.1|HDG:-1.2|PX:297.9|PY:-20.0|...
[ECON-CLAWBACK] CID:1 ACT=WARN prior_payoff=5.7 extra_penalty=4.1 new_payoff=1.5
[FORGIVENESS] CID:1 WARN #2 — streak reset, benefits revoked
⚠ [CAR 1] ACT=WARN REP=1.000 RWD=0.000 PNL=4.183 CREDIT=-2
[PASSIVE-BEACON] SIMNOW:14.758 CID:12 ZONE:1 RXUAV:1 EDGEPORT:9998 TS:14.744 SPD:19.500 HDG:-0.100 PX:334.800 PY:-30.000 LAN:3 BRK:0 RX_X:0.000 RX_Y:0.000 RX_Z:0.000
[ZONE-ROUTE] CID:12 zone=1 edge_port=9998
[EDGE-RTT] CID:12 wall=1.2 ms  sim_delay=5.0 ms
>>> [UAV->CLOUD] BLK:fbf8|TX:7.0.0.16|CID:12|TS:14.744|SPD:19.5|HDG:-0.1|PX:334.8|PY:-30....
[PASSIVE-BEACON] SIMNOW:14.760 CID:15 ZONE:1 RXUAV:1 EDGEPORT:9998 TS:14.746 SPD:24.600 HDG:1.100 PX:369.500 PY:-10.000 LAN:1 BRK:0 RX_X:0.000 RX_Y:0.000 RX_Z:0.000
[ZONE-ROUTE] CID:15 zone=1 edge_port=9998
[EDGE-RTT] CID:15 wall=0.8 ms  sim_delay=5.0 ms
>>> [UAV->CLOUD] BLK:53b9|TX:7.0.0.19|CID:15|TS:14.746|SPD:24.6|HDG:1.1|PX:369.5|PY:-10.0...
✓ [CAR 12] ACT=OK REP=0.943 RWD=1.000 PNL=0.000 CREDIT=25
[ECON-CLAWBACK] CID:15 ACT=WARN prior_payoff=-5.050 extra_penalty=2.250 new_payoff=-7.399
[FORGIVENESS] CID:15 WARN #6 — streak reset, benefits revoked
⚠ [CAR 15] ACT=WARN REP=0.761 RWD=0.000 PNL=2.349 CREDIT=-2
[PASSIVE-BEACON] SIMNOW:14.835 CID:6 ZONE:1 RXUAV:1 EDGEPORT:9998 TS:14.822 SPD:25.200 HDG:-0.400 PX:320.500 PY:-20.000 LAN:2 BRK:0 RX_X:0.000 RX_Y:0.000 RX_Z:0.000
[ZONE-ROUTE] CID:6 zone=1 edge_port=9998
[EDGE-RTT] CID:6 wall=1.2 ms  sim_delay=5.0 ms
>>> [UAV->CLOUD] BLK:e479|TX:7.0.0.10|CID:6|TS:14.822|SPD:25.2|HDG:-0.4|PX:320.5|PY:-20.0...
[PASSIVE-BEACON] SIMNOW:14.848 CID:14 ZONE:1 RXUAV:1 EDGEPORT:9998 TS:14.834 SPD:20.000 HDG:1.400 PX:336.700 PY:-50.000 LAN:5 BRK:0 RX_X:0.000 RX_Y:0.000 RX_Z:0.000
[ZONE-ROUTE] CID:14 zone=1 edge_port=9998
[EDGE-RTT] CID:14 wall=0.9 ms  sim_delay=5.0 ms
>>> [UAV->CLOUD] BLK:687d|TX:7.0.0.18|CID:14|TS:14.834|SPD:20.0|HDG:1.4|PX:336.7|PY:-50.0...
[ECON-CLAWBACK] CID:6 ACT=WARN prior_payoff=5.7 extra_penalty=4.1 new_payoff=1.5
[FORGIVENESS] CID:6 WARN #2 — streak reset, benefits revoked
⚠ [CAR 6] ACT=WARN REP=0.808 RWD=0.000 PNL=4.183 CREDIT=-2
✓ [CAR 14] ACT=OK REP=1.000 RWD=1.000 PNL=0.000 CREDIT=24
[PASSIVE-BEACON] SIMNOW:14.928 CID:11 ZONE:1 RXUAV:1 EDGEPORT:9998 TS:14.914 SPD:25.400 HDG:1.500 PX:343.400 PY:-20.000 LAN:2 BRK:1 RX_X:0.000 RX_Y:0.000 RX_Z:0.000
[ZONE-ROUTE] CID:11 zone=1 edge_port=9998
[EDGE-RTT] CID:11 wall=0.9 ms  sim_delay=5.0 ms
>>> [UAV->CLOUD] BLK:a76f|TX:7.0.0.15|CID:11|TS:14.914|SPD:25.4|HDG:1.5|PX:343.4|PY:-20.0...
[ECON-CLAWBACK] CID:11 ACT=WARN prior_payoff=5.6 extra_penalty=4.1 new_payoff=1.5
[FORGIVENESS] CID:11 WARN #2 — streak reset, benefits revoked
⚠ [CAR 11] ACT=WARN REP=0.925 RWD=0.000 PNL=4.166 CREDIT=-2
[PASSIVE-BEACON] SIMNOW:14.968 CID:13 ZONE:1 RXUAV:1 EDGEPORT:9998 TS:14.954 SPD:20.000 HDG:-1.600 PX:339.100 PY:-40.000 LAN:4 BRK:0 RX_X:0.000 RX_Y:0.000 RX_Z:0.000
[ZONE-ROUTE] CID:13 zone=1 edge_port=9998
[EDGE-RTT] CID:13 wall=0.8 ms  sim_delay=5.0 ms
>>> [UAV->CLOUD] BLK:970a|TX:7.0.0.17|CID:13|TS:14.954|SPD:20.0|HDG:-1.6|PX:339.1|PY:-40....
[PASSIVE-BEACON] SIMNOW:14.970 CID:17 ZONE:1 RXUAV:1 EDGEPORT:9998 TS:14.956 SPD:20.100 HDG:-0.100 PX:359.600 PY:-30.000 LAN:3 BRK:0 RX_X:0.000 RX_Y:0.000 RX_Z:0.000
[ZONE-ROUTE] CID:17 zone=1 edge_port=9998
[EDGE-RTT] CID:17 wall=3.3 ms  sim_delay=5.0 ms
>>> [UAV->CLOUD] BLK:ee6d|TX:7.0.0.21|CID:17|TS:14.956|SPD:20.1|HDG:-0.1|PX:359.6|PY:-30....
✓ [CAR 13] ACT=OK REP=0.690 RWD=1.000 PNL=0.000 CREDIT=24
✓ [CAR 17] ACT=OK REP=1.000 RWD=1.000 PNL=0.000 CREDIT=25
[PASSIVE-BEACON] SIMNOW:15.066 CID:8 ZONE:1 RXUAV:1 EDGEPORT:9998 TS:15.052 SPD:19.600 HDG:1.600 PX:320.300 PY:-40.000 LAN:4 BRK:0 RX_X:0.000 RX_Y:0.000 RX_Z:0.000
[ZONE-ROUTE] CID:8 zone=1 edge_port=9998
[EDGE-RTT] CID:8 wall=1.6 ms  sim_delay=5.0 ms
>>> [UAV->CLOUD] BLK:6732|TX:7.0.0.12|CID:8|TS:15.052|SPD:19.6|HDG:1.6|PX:320.3|PY:-40.0|...
[PASSIVE-BEACON] SIMNOW:15.078 CID:10 ZONE:1 RXUAV:1 EDGEPORT:9998 TS:15.064 SPD:25.100 HDG:1.400 PX:357.800 PY:-10.000 LAN:1 BRK:0 RX_X:0.000 RX_Y:0.000 RX_Z:0.000
[ZONE-ROUTE] CID:10 zone=1 edge_port=9998
[EDGE-RTT] CID:10 wall=1.3 ms  sim_delay=5.0 ms
>>> [UAV->CLOUD] BLK:7009|TX:7.0.0.14|CID:10|TS:15.064|SPD:25.1|HDG:1.4|PX:357.8|PY:-10.0...
✓ [CAR 8] ACT=OK REP=0.893 RWD=1.000 PNL=0.000 CREDIT=25
[ECON-CLAWBACK] CID:10 ACT=WARN prior_payoff=-5.003 extra_penalty=2.250 new_payoff=-7.355
[FORGIVENESS] CID:10 WARN #6 — streak reset, benefits revoked
⚠ [CAR 10] ACT=WARN REP=0.637 RWD=0.000 PNL=2.352 CREDIT=-2
[PASSIVE-BEACON] SIMNOW:15.114 CID:4 ZONE:1 RXUAV:1 EDGEPORT:9998 TS:15.100 SPD:19.900 HDG:-1.400 PX:301.400 PY:-50.000 LAN:5 BRK:0 RX_X:0.000 RX_Y:0.000 RX_Z:0.000
[ZONE-ROUTE] CID:4 zone=1 edge_port=9998
[EDGE-RTT] CID:4 wall=1.3 ms  sim_delay=5.0 ms
>>> [UAV->CLOUD] BLK:218a|TX:7.0.0.8|CID:4|TS:15.100|SPD:19.9|HDG:-1.4|PX:301.4|PY:-50.0|...
✓ [CAR 4] ACT=OK REP=0.866 RWD=1.000 PNL=0.000 CREDIT=26
[PASSIVE-BEACON] SIMNOW:15.136 CID:9 ZONE:1 RXUAV:1 EDGEPORT:9998 TS:15.122 SPD:20.200 HDG:-1.700 PX:323.200 PY:-50.000 LAN:5 BRK:0 RX_X:0.000 RX_Y:0.000 RX_Z:0.000
[ZONE-ROUTE] CID:9 zone=1 edge_port=9998
[EDGE-RTT] CID:9 wall=1.3 ms  sim_delay=5.0 ms
>>> [UAV->CLOUD] BLK:afbb|TX:7.0.0.13|CID:9|TS:15.122|SPD:20.2|HDG:-1.7|PX:323.2|PY:-50.0...
✓ [CAR 9] ACT=OK REP=1.000 RWD=1.000 PNL=0.000 CREDIT=25
[PASSIVE-BEACON] SIMNOW:15.157 CID:5 ZONE:1 RXUAV:1 EDGEPORT:9998 TS:15.142 SPD:25.300 HDG:1.100 PX:339.800 PY:-10.000 LAN:1 BRK:0 RX_X:0.000 RX_Y:0.000 RX_Z:0.000
[ZONE-ROUTE] CID:5 zone=1 edge_port=9998
[EDGE-RTT] CID:5 wall=1.5 ms  sim_delay=10.0 ms
>>> [UAV->CLOUD] BLK:8669|TX:7.0.0.9|CID:5|TS:15.142|SPD:25.3|HDG:1.1|PX:339.8|PY:-10.0|L...
[PASSIVE-BEACON] SIMNOW:15.160 CID:18 ZONE:1 RXUAV:1 EDGEPORT:9998 TS:15.146 SPD:20.500 HDG:1.300 PX:362.800 PY:-40.000 LAN:4 BRK:0 RX_X:0.000 RX_Y:0.000 RX_Z:0.000
[ZONE-ROUTE] CID:18 zone=1 edge_port=9998
[EDGE-RTT] CID:18 wall=1.3 ms  sim_delay=5.0 ms
>>> [UAV->CLOUD] BLK:0540|TX:7.0.0.22|CID:18|TS:15.146|SPD:20.5|HDG:1.3|PX:362.8|PY:-40.0...
[ECON-CLAWBACK] CID:5 ACT=WARN prior_payoff=-7.6 extra_penalty=2.5 new_payoff=-10.2
[FORGIVENESS] CID:5 WARN #7 — streak reset, benefits revoked
⚠ [CAR 5] ACT=WARN REP=0.595 RWD=0.000 PNL=2.602 CREDIT=-2
✓ [CAR 18] ACT=OK REP=0.846 RWD=1.000 PNL=0.000 CREDIT=25
[PASSIVE-BEACON] SIMNOW:15.206 CID:7 ZONE:1 RXUAV:1 EDGEPORT:9998 TS:15.192 SPD:20.200 HDG:0.200 PX:323.100 PY:-30.000 LAN:3 BRK:0 RX_X:0.000 RX_Y:0.000 RX_Z:0.000
[ZONE-ROUTE] CID:7 zone=1 edge_port=9998
[EDGE-RTT] CID:7 wall=1.3 ms  sim_delay=5.0 ms
>>> [UAV->CLOUD] BLK:ebfe|TX:7.0.0.11|CID:7|TS:15.192|SPD:20.2|HDG:0.2|PX:323.1|PY:-30.0|...
✓ [CAR 7] ACT=OK REP=1.000 RWD=1.000 PNL=0.000 CREDIT=25
[PASSIVE-BEACON] SIMNOW:15.234 CID:1 ZONE:1 RXUAV:1 EDGEPORT:9998 TS:15.220 SPD:25.000 HDG:2.000 PX:311.000 PY:-20.000 LAN:2 BRK:0 RX_X:0.000 RX_Y:0.000 RX_Z:0.000
[ZONE-ROUTE] CID:1 zone=1 edge_port=9998
[EDGE-RTT] CID:1 wall=1.4 ms  sim_delay=5.0 ms
>>> [UAV->CLOUD] BLK:e293|TX:7.0.0.5|CID:1|TS:15.220|SPD:25.0|HDG:2.0|PX:311.0|PY:-20.0|L...
[ECON-CLAWBACK] CID:1 ACT=WARN prior_payoff=1.5 extra_penalty=2.2 new_payoff=-0.9
[FORGIVENESS] CID:1 WARN #3 — streak reset, benefits revoked
⚠ [CAR 1] ACT=WARN REP=0.746 RWD=0.000 PNL=2.344 CREDIT=-2
[PASSIVE-BEACON] SIMNOW:15.258 CID:12 ZONE:1 RXUAV:1 EDGEPORT:9998 TS:15.244 SPD:20.100 HDG:0.700 PX:344.900 PY:-30.000 LAN:3 BRK:1 RX_X:0.000 RX_Y:0.000 RX_Z:0.000
[ZONE-ROUTE] CID:12 zone=1 edge_port=9998
[EDGE-RTT] CID:12 wall=1.4 ms  sim_delay=5.0 ms
>>> [UAV->CLOUD] BLK:12bb|TX:7.0.0.16|CID:12|TS:15.244|SPD:20.1|HDG:0.7|PX:344.9|PY:-30.0...
[PASSIVE-BEACON] SIMNOW:15.260 CID:15 ZONE:1 RXUAV:1 EDGEPORT:9998 TS:15.246 SPD:25.400 HDG:1.900 PX:381.300 PY:-10.000 LAN:1 BRK:0 RX_X:0.000 RX_Y:0.000 RX_Z:0.000
[ZONE-ROUTE] CID:15 zone=1 edge_port=9998
[EDGE-RTT] CID:15 wall=1.1 ms  sim_delay=5.0 ms
>>> [UAV->CLOUD] BLK:8cea|TX:7.0.0.19|CID:15|TS:15.246|SPD:25.4|HDG:1.9|PX:381.3|PY:-10.0...
✓ [CAR 12] ACT=OK REP=0.929 RWD=1.000 PNL=0.000 CREDIT=26
[ECON-CLAWBACK] CID:15 ACT=WARN prior_payoff=-7.399 extra_penalty=2.500 new_payoff=-10.001
[FORGIVENESS] CID:15 WARN #7 — streak reset, benefits revoked
⚠ [CAR 15] ACT=WARN REP=0.745 RWD=0.000 PNL=2.602 CREDIT=-2
[PASSIVE-BEACON] SIMNOW:15.336 CID:6 ZONE:1 RXUAV:1 EDGEPORT:9998 TS:15.322 SPD:24.800 HDG:1.100 PX:333.400 PY:-20.000 LAN:2 BRK:0 RX_X:0.000 RX_Y:0.000 RX_Z:0.000
[ZONE-ROUTE] CID:6 zone=1 edge_port=9998
[EDGE-RTT] CID:6 wall=1.3 ms  sim_delay=5.0 ms
>>> [UAV->CLOUD] BLK:0393|TX:7.0.0.10|CID:6|TS:15.322|SPD:24.8|HDG:1.1|PX:333.4|PY:-20.0|...
[PASSIVE-BEACON] SIMNOW:15.348 CID:14 ZONE:1 RXUAV:1 EDGEPORT:9998 TS:15.334 SPD:20.300 HDG:0.400 PX:346.300 PY:-50.000 LAN:5 BRK:0 RX_X:0.000 RX_Y:0.000 RX_Z:0.000
[ZONE-ROUTE] CID:14 zone=1 edge_port=9998
[EDGE-RTT] CID:14 wall=1.1 ms  sim_delay=5.0 ms
>>> [UAV->CLOUD] BLK:fa53|TX:7.0.0.18|CID:14|TS:15.334|SPD:20.3|HDG:0.4|PX:346.3|PY:-50.0...
[ECON-CLAWBACK] CID:6 ACT=WARN prior_payoff=1.5 extra_penalty=2.2 new_payoff=-0.9
[FORGIVENESS] CID:6 WARN #3 — streak reset, benefits revoked
⚠ [CAR 6] ACT=WARN REP=0.898 RWD=0.000 PNL=2.343 CREDIT=-2
✓ [CAR 14] ACT=OK REP=1.000 RWD=1.000 PNL=0.000 CREDIT=25
[PASSIVE-BEACON] SIMNOW:15.428 CID:11 ZONE:1 RXUAV:1 EDGEPORT:9998 TS:15.414 SPD:25.100 HDG:0.400 PX:356.300 PY:-20.000 LAN:2 BRK:0 RX_X:0.000 RX_Y:0.000 RX_Z:0.000
[ZONE-ROUTE] CID:11 zone=1 edge_port=9998
[EDGE-RTT] CID:11 wall=0.9 ms  sim_delay=5.0 ms
>>> [UAV->CLOUD] BLK:2957|TX:7.0.0.15|CID:11|TS:15.414|SPD:25.1|HDG:0.4|PX:356.3|PY:-20.0...
[ECON-CLAWBACK] CID:11 ACT=WARN prior_payoff=1.5 extra_penalty=2.2 new_payoff=-0.9
[FORGIVENESS] CID:11 WARN #3 — streak reset, benefits revoked
⚠ [CAR 11] ACT=WARN REP=0.892 RWD=0.000 PNL=2.334 CREDIT=-2
[PASSIVE-BEACON] SIMNOW:15.468 CID:13 ZONE:1 RXUAV:1 EDGEPORT:9998 TS:15.454 SPD:20.500 HDG:0.100 PX:349.400 PY:-40.000 LAN:4 BRK:0 RX_X:0.000 RX_Y:0.000 RX_Z:0.000
[ZONE-ROUTE] CID:13 zone=1 edge_port=9998
[EDGE-RTT] CID:13 wall=1.0 ms  sim_delay=5.0 ms
>>> [UAV->CLOUD] BLK:917d|TX:7.0.0.17|CID:13|TS:15.454|SPD:20.5|HDG:0.1|PX:349.4|PY:-40.0...
[PASSIVE-BEACON] SIMNOW:15.470 CID:17 ZONE:1 RXUAV:1 EDGEPORT:9998 TS:15.456 SPD:19.600 HDG:1.400 PX:368.800 PY:-30.000 LAN:3 BRK:1 RX_X:0.000 RX_Y:0.000 RX_Z:0.000
[ZONE-ROUTE] CID:17 zone=1 edge_port=9998
[EDGE-RTT] CID:17 wall=0.7 ms  sim_delay=5.0 ms
>>> [UAV->CLOUD] BLK:adce|TX:7.0.0.21|CID:17|TS:15.456|SPD:19.6|HDG:1.4|PX:368.8|PY:-30.0...
✓ [CAR 13] ACT=OK REP=0.986 RWD=1.000 PNL=0.000 CREDIT=25
✓ [CAR 17] ACT=OK REP=1.000 RWD=1.000 PNL=0.000 CREDIT=26
[PASSIVE-BEACON] SIMNOW:15.566 CID:8 ZONE:1 RXUAV:1 EDGEPORT:9998 TS:15.552 SPD:20.100 HDG:0.200 PX:330.500 PY:-40.000 LAN:4 BRK:0 RX_X:0.000 RX_Y:0.000 RX_Z:0.000
[ZONE-ROUTE] CID:8 zone=1 edge_port=9998
[EDGE-RTT] CID:8 wall=1.2 ms  sim_delay=5.0 ms
>>> [UAV->CLOUD] BLK:c8b4|TX:7.0.0.12|CID:8|TS:15.552|SPD:20.1|HDG:0.2|PX:330.5|PY:-40.0|...
[PASSIVE-BEACON] SIMNOW:15.578 CID:10 ZONE:1 RXUAV:1 EDGEPORT:9998 TS:15.564 SPD:24.700 HDG:-1.500 PX:369.600 PY:-10.000 LAN:1 BRK:0 RX_X:0.000 RX_Y:0.000 RX_Z:0.000
[ZONE-ROUTE] CID:10 zone=1 edge_port=9998
[EDGE-RTT] CID:10 wall=0.7 ms  sim_delay=5.0 ms
>>> [UAV->CLOUD] BLK:2446|TX:7.0.0.14|CID:10|TS:15.564|SPD:24.7|HDG:-1.5|PX:369.6|PY:-10....
✓ [CAR 8] ACT=OK REP=0.843 RWD=1.000 PNL=0.000 CREDIT=26
[ECON-CLAWBACK] CID:10 ACT=WARN prior_payoff=-7.355 extra_penalty=2.500 new_payoff=-9.955
[FORGIVENESS] CID:10 WARN #7 — streak reset, benefits revoked
⚠ [CAR 10] ACT=WARN REP=0.553 RWD=0.000 PNL=2.600 CREDIT=-2
[PASSIVE-BEACON] SIMNOW:15.614 CID:4 ZONE:1 RXUAV:1 EDGEPORT:9998 TS:15.600 SPD:20.200 HDG:0.200 PX:311.900 PY:-50.000 LAN:5 BRK:0 RX_X:0.000 RX_Y:0.000 RX_Z:0.000
[ZONE-ROUTE] CID:4 zone=1 edge_port=9998
[EDGE-RTT] CID:4 wall=0.9 ms  sim_delay=5.0 ms
>>> [UAV->CLOUD] BLK:4380|TX:7.0.0.8|CID:4|TS:15.600|SPD:20.2|HDG:0.2|PX:311.9|PY:-50.0|L...
✓ [CAR 4] ACT=OK REP=1.000 RWD=1.000 PNL=0.000 CREDIT=27
[PASSIVE-BEACON] SIMNOW:15.636 CID:9 ZONE:1 RXUAV:1 EDGEPORT:9998 TS:15.622 SPD:20.400 HDG:-0.200 PX:333.200 PY:-50.000 LAN:5 BRK:0 RX_X:0.000 RX_Y:0.000 RX_Z:0.000
[ZONE-ROUTE] CID:9 zone=1 edge_port=9998
[EDGE-RTT] CID:9 wall=1.1 ms  sim_delay=5.0 ms
>>> [UAV->CLOUD] BLK:c51b|TX:7.0.0.13|CID:9|TS:15.622|SPD:20.4|HDG:-0.2|PX:333.2|PY:-50.0...
✓ [CAR 9] ACT=OK REP=0.869 RWD=1.000 PNL=0.000 CREDIT=26
[PASSIVE-BEACON] SIMNOW:15.656 CID:5 ZONE:1 RXUAV:1 EDGEPORT:9998 TS:15.642 SPD:24.900 HDG:0.200 PX:351.100 PY:-10.000 LAN:1 BRK:0 RX_X:0.000 RX_Y:0.000 RX_Z:0.000
[ZONE-ROUTE] CID:5 zone=1 edge_port=9998
[EDGE-RTT] CID:5 wall=1.2 ms  sim_delay=10.0 ms
>>> [UAV->CLOUD] BLK:5246|TX:7.0.0.9|CID:5|TS:15.642|SPD:24.9|HDG:0.2|PX:351.1|PY:-10.0|L...
[PASSIVE-BEACON] SIMNOW:15.660 CID:18 ZONE:1 RXUAV:1 EDGEPORT:9998 TS:15.646 SPD:20.300 HDG:-1.800 PX:373.100 PY:-40.000 LAN:4 BRK:1 RX_X:0.000 RX_Y:0.000 RX_Z:0.000
[ZONE-ROUTE] CID:18 zone=1 edge_port=9998
[EDGE-RTT] CID:18 wall=0.7 ms  sim_delay=5.0 ms
>>> [UAV->CLOUD] BLK:c054|TX:7.0.0.22|CID:18|TS:15.646|SPD:20.3|HDG:-1.8|PX:373.1|PY:-40....
[ECON-CLAWBACK] CID:5 ACT=WARN prior_payoff=-10.2 extra_penalty=2.8 new_payoff=-13.0
[FORGIVENESS] CID:5 WARN #8 — streak reset, benefits revoked
⚠ [CAR 5] ACT=WARN REP=0.286 RWD=0.000 PNL=2.851 CREDIT=-2
✓ [CAR 18] ACT=OK REP=1.000 RWD=1.000 PNL=0.000 CREDIT=26
[PASSIVE-BEACON] SIMNOW:15.706 CID:7 ZONE:1 RXUAV:1 EDGEPORT:9998 TS:15.692 SPD:20.300 HDG:1.400 PX:334.100 PY:-30.000 LAN:3 BRK:0 RX_X:0.000 RX_Y:0.000 RX_Z:0.000
[ZONE-ROUTE] CID:7 zone=1 edge_port=9998
[EDGE-RTT] CID:7 wall=1.1 ms  sim_delay=5.0 ms
>>> [UAV->CLOUD] BLK:5c6b|TX:7.0.0.11|CID:7|TS:15.692|SPD:20.3|HDG:1.4|PX:334.1|PY:-30.0|...
✓ [CAR 7] ACT=OK REP=0.725 RWD=1.000 PNL=0.000 CREDIT=26
[PASSIVE-BEACON] SIMNOW:15.732 CID:1 ZONE:1 RXUAV:1 EDGEPORT:9998 TS:15.720 SPD:25.300 HDG:1.400 PX:323.300 PY:-20.000 LAN:2 BRK:0 RX_X:0.000 RX_Y:0.000 RX_Z:0.000
[ZONE-ROUTE] CID:1 zone=1 edge_port=9998
[EDGE-RTT] CID:1 wall=0.9 ms  sim_delay=5.0 ms
>>> [UAV->CLOUD] BLK:9010|TX:7.0.0.5|CID:1|TS:15.720|SPD:25.3|HDG:1.4|PX:323.3|PY:-20.0|L...
[ECON-CLAWBACK] CID:1 ACT=WARN prior_payoff=-0.9 extra_penalty=1.8 new_payoff=-2.7
[FORGIVENESS] CID:1 WARN #4 — streak reset, benefits revoked
⚠ [CAR 1] ACT=WARN REP=1.000 RWD=0.000 PNL=1.850 CREDIT=-2
[PASSIVE-BEACON] SIMNOW:15.758 CID:12 ZONE:1 RXUAV:1 EDGEPORT:9998 TS:15.744 SPD:19.600 HDG:0.800 PX:354.900 PY:-30.000 LAN:3 BRK:0 RX_X:0.000 RX_Y:0.000 RX_Z:0.000
[ZONE-ROUTE] CID:12 zone=1 edge_port=9998
[EDGE-RTT] CID:12 wall=1.1 ms  sim_delay=5.0 ms
>>> [UAV->CLOUD] BLK:8d4b|TX:7.0.0.16|CID:12|TS:15.744|SPD:19.6|HDG:0.8|PX:354.9|PY:-30.0...
[PASSIVE-BEACON] SIMNOW:15.760 CID:15 ZONE:1 RXUAV:1 EDGEPORT:9998 TS:15.746 SPD:25.200 HDG:-1.600 PX:394.500 PY:-10.000 LAN:1 BRK:0 RX_X:0.000 RX_Y:0.000 RX_Z:0.000
[ZONE-ROUTE] CID:15 zone=1 edge_port=9998
[EDGE-RTT] CID:15 wall=0.8 ms  sim_delay=5.0 ms
>>> [UAV->CLOUD] BLK:3a1e|TX:7.0.0.19|CID:15|TS:15.746|SPD:25.2|HDG:-1.6|PX:394.5|PY:-10....
✓ [CAR 12] ACT=OK REP=0.797 RWD=1.000 PNL=0.000 CREDIT=27
[ECON-CLAWBACK] CID:15 ACT=WARN prior_payoff=-10.001 extra_penalty=2.750 new_payoff=-12.853
[FORGIVENESS] CID:15 WARN #8 — streak reset, benefits revoked
⚠ [CAR 15] ACT=WARN REP=0.730 RWD=0.000 PNL=2.852 CREDIT=-2
[PASSIVE-BEACON] SIMNOW:15.836 CID:6 ZONE:1 RXUAV:1 EDGEPORT:9998 TS:15.822 SPD:25.100 HDG:0.200 PX:345.400 PY:-20.000 LAN:2 BRK:0 RX_X:0.000 RX_Y:0.000 RX_Z:0.000
[ZONE-ROUTE] CID:6 zone=1 edge_port=9998
[EDGE-RTT] CID:6 wall=1.3 ms  sim_delay=5.0 ms
>>> [UAV->CLOUD] BLK:f22e|TX:7.0.0.10|CID:6|TS:15.822|SPD:25.1|HDG:0.2|PX:345.4|PY:-20.0|...
[PASSIVE-BEACON] SIMNOW:15.848 CID:14 ZONE:1 RXUAV:1 EDGEPORT:9998 TS:15.834 SPD:19.600 HDG:-1.800 PX:356.900 PY:-50.000 LAN:5 BRK:0 RX_X:0.000 RX_Y:0.000 RX_Z:0.000
[ZONE-ROUTE] CID:14 zone=1 edge_port=9998
[EDGE-RTT] CID:14 wall=0.8 ms  sim_delay=5.0 ms
>>> [UAV->CLOUD] BLK:1bfa|TX:7.0.0.18|CID:14|TS:15.834|SPD:19.6|HDG:-1.8|PX:356.9|PY:-50....
[ECON-CLAWBACK] CID:6 ACT=WARN prior_payoff=-0.9 extra_penalty=1.8 new_payoff=-2.7
[FORGIVENESS] CID:6 WARN #4 — streak reset, benefits revoked
⚠ [CAR 6] ACT=WARN REP=0.989 RWD=0.000 PNL=1.849 CREDIT=-2
✓ [CAR 14] ACT=OK REP=0.806 RWD=1.000 PNL=0.000 CREDIT=26
[PASSIVE-BEACON] SIMNOW:15.928 CID:11 ZONE:1 RXUAV:1 EDGEPORT:9998 TS:15.914 SPD:24.900 HDG:0.600 PX:368.500 PY:-20.000 LAN:2 BRK:0 RX_X:0.000 RX_Y:0.000 RX_Z:0.000
[ZONE-ROUTE] CID:11 zone=1 edge_port=9998
[EDGE-RTT] CID:11 wall=1.2 ms  sim_delay=5.0 ms
>>> [UAV->CLOUD] BLK:4004|TX:7.0.0.15|CID:11|TS:15.914|SPD:24.9|HDG:0.6|PX:368.5|PY:-20.0...
[ECON-CLAWBACK] CID:11 ACT=WARN prior_payoff=-0.9 extra_penalty=1.8 new_payoff=-2.7
[FORGIVENESS] CID:11 WARN #4 — streak reset, benefits revoked
⚠ [CAR 11] ACT=WARN REP=0.807 RWD=0.000 PNL=1.851 CREDIT=-2
[PASSIVE-BEACON] SIMNOW:15.968 CID:13 ZONE:1 RXUAV:1 EDGEPORT:9998 TS:15.954 SPD:20.500 HDG:1.100 PX:358.800 PY:-40.000 LAN:4 BRK:1 RX_X:0.000 RX_Y:0.000 RX_Z:0.000
[ZONE-ROUTE] CID:13 zone=1 edge_port=9998
[EDGE-RTT] CID:13 wall=0.9 ms  sim_delay=5.0 ms
>>> [UAV->CLOUD] BLK:997b|TX:7.0.0.17|CID:13|TS:15.954|SPD:20.5|HDG:1.1|PX:358.8|PY:-40.0...
[PASSIVE-BEACON] SIMNOW:15.971 CID:17 ZONE:1 RXUAV:1 EDGEPORT:9998 TS:15.956 SPD:25.300 HDG:0.900 PX:378.900 PY:-30.000 LAN:3 BRK:0 RX_X:0.000 RX_Y:0.000 RX_Z:0.000
[ZONE-ROUTE] CID:17 zone=1 edge_port=9998
[EDGE-RTT] CID:17 wall=0.6 ms  sim_delay=5.0 ms
>>> [UAV->CLOUD] BLK:a527|TX:7.0.0.21|CID:17|TS:15.956|SPD:25.3|HDG:0.9|PX:378.9|PY:-30.0...
✓ [CAR 13] ACT=OK REP=0.999 RWD=1.000 PNL=0.000 CREDIT=26
[ECON-CLAWBACK] CID:17 ACT=WARN prior_payoff=29.996 extra_penalty=23.497 new_payoff=6.423
[TRUST-REVOKED] CID:17 benefits revoked logically; lane=3 speed=20.000 latency=10.000ms
[FORGIVENESS] CID:17 WARN #1 — streak reset, benefits revoked
⚠ [CAR 17] ACT=WARN REP=0.833 RWD=0.000 PNL=23.573 CREDIT=25
[PASSIVE-BEACON] SIMNOW:16.066 CID:8 ZONE:1 RXUAV:1 EDGEPORT:9998 TS:16.052 SPD:20.500 HDG:0.700 PX:341.500 PY:-40.000 LAN:4 BRK:0 RX_X:0.000 RX_Y:0.000 RX_Z:0.000
[ZONE-ROUTE] CID:8 zone=1 edge_port=9998
[EDGE-RTT] CID:8 wall=1.2 ms  sim_delay=5.0 ms
>>> [UAV->CLOUD] BLK:f508|TX:7.0.0.12|CID:8|TS:16.052|SPD:20.5|HDG:0.7|PX:341.5|PY:-40.0|...
[PASSIVE-BEACON] SIMNOW:16.078 CID:10 ZONE:1 RXUAV:1 EDGEPORT:9998 TS:16.064 SPD:24.500 HDG:-1.900 PX:382.600 PY:-10.000 LAN:1 BRK:0 RX_X:0.000 RX_Y:0.000 RX_Z:0.000
[ZONE-ROUTE] CID:10 zone=1 edge_port=9998
[EDGE-RTT] CID:10 wall=0.9 ms  sim_delay=5.0 ms
>>> [UAV->CLOUD] BLK:0543|TX:7.0.0.14|CID:10|TS:16.064|SPD:24.5|HDG:-1.9|PX:382.6|PY:-10....
✓ [CAR 8] ACT=OK REP=0.993 RWD=1.000 PNL=0.000 CREDIT=27
[ECON-CLAWBACK] CID:10 ACT=WARN prior_payoff=-9.955 extra_penalty=2.750 new_payoff=-12.803
[FORGIVENESS] CID:10 WARN #8 — streak reset, benefits revoked
⚠ [CAR 10] ACT=WARN REP=0.690 RWD=0.000 PNL=2.848 CREDIT=-2
[PASSIVE-BEACON] SIMNOW:16.113 CID:4 ZONE:1 RXUAV:1 EDGEPORT:9998 TS:16.100 SPD:19.500 HDG:-0.400 PX:321.800 PY:-50.000 LAN:5 BRK:0 RX_X:0.000 RX_Y:0.000 RX_Z:0.000
[ZONE-ROUTE] CID:4 zone=1 edge_port=9998
[EDGE-RTT] CID:4 wall=1.0 ms  sim_delay=5.0 ms
>>> [UAV->CLOUD] BLK:99ab|TX:7.0.0.8|CID:4|TS:16.100|SPD:19.5|HDG:-0.4|PX:321.8|PY:-50.0|...
✓ [CAR 4] ACT=OK REP=0.912 RWD=1.000 PNL=0.000 CREDIT=28
[PASSIVE-BEACON] SIMNOW:16.135 CID:9 ZONE:1 RXUAV:1 EDGEPORT:9998 TS:16.122 SPD:20.000 HDG:0.400 PX:342.600 PY:-50.000 LAN:5 BRK:0 RX_X:0.000 RX_Y:0.000 RX_Z:0.000
[ZONE-ROUTE] CID:9 zone=1 edge_port=9998
[EDGE-RTT] CID:9 wall=1.1 ms  sim_delay=5.0 ms
>>> [UAV->CLOUD] BLK:6e23|TX:7.0.0.13|CID:9|TS:16.122|SPD:20.0|HDG:0.4|PX:342.6|PY:-50.0|...
✓ [CAR 9] ACT=OK REP=0.984 RWD=1.000 PNL=0.000 CREDIT=27
[PASSIVE-BEACON] SIMNOW:16.157 CID:5 ZONE:1 RXUAV:1 EDGEPORT:9998 TS:16.142 SPD:25.400 HDG:-0.200 PX:364.000 PY:-10.000 LAN:1 BRK:0 RX_X:0.000 RX_Y:0.000 RX_Z:0.000
[ZONE-ROUTE] CID:5 zone=1 edge_port=9998
[EDGE-RTT] CID:5 wall=1.1 ms  sim_delay=10.0 ms
>>> [UAV->CLOUD] BLK:d5c7|TX:7.0.0.9|CID:5|TS:16.142|SPD:25.4|HDG:-0.2|PX:364.0|PY:-10.0|...
[PASSIVE-BEACON] SIMNOW:16.160 CID:18 ZONE:1 RXUAV:1 EDGEPORT:9998 TS:16.146 SPD:20.100 HDG:0.900 PX:383.000 PY:-40.000 LAN:4 BRK:0 RX_X:0.000 RX_Y:0.000 RX_Z:0.000
[ZONE-ROUTE] CID:18 zone=1 edge_port=9998
[EDGE-RTT] CID:18 wall=6.1 ms  sim_delay=5.0 ms
>>> [UAV->CLOUD] BLK:e50b|TX:7.0.0.22|CID:18|TS:16.146|SPD:20.1|HDG:0.9|PX:383.0|PY:-40.0...
[ECON-CLAWBACK] CID:5 ACT=WARN prior_payoff=-13.0 extra_penalty=3.0 new_payoff=-16.1
[FORGIVENESS] CID:5 WARN #9 — streak reset, benefits revoked
⚠ [CAR 5] ACT=WARN REP=0.738 RWD=0.000 PNL=3.102 CREDIT=-2
✓ [CAR 18] ACT=OK REP=0.992 RWD=1.000 PNL=0.000 CREDIT=27
[PASSIVE-BEACON] SIMNOW:16.206 CID:7 ZONE:1 RXUAV:1 EDGEPORT:9998 TS:16.192 SPD:24.900 HDG:-1.500 PX:345.900 PY:-30.000 LAN:3 BRK:0 RX_X:0.000 RX_Y:0.000 RX_Z:0.000
[ZONE-ROUTE] CID:7 zone=1 edge_port=9998
[EDGE-RTT] CID:7 wall=1.5 ms  sim_delay=5.0 ms
>>> [UAV->CLOUD] BLK:1bf1|TX:7.0.0.11|CID:7|TS:16.192|SPD:24.9|HDG:-1.5|PX:345.9|PY:-30.0...
[ECON-CLAWBACK] CID:7 ACT=WARN prior_payoff=30.0 extra_penalty=23.5 new_payoff=6.4
[TRUST-REVOKED] CID:7 benefits revoked logically; lane=3 speed=20.0 latency=10.0ms
[FORGIVENESS] CID:7 WARN #1 — streak reset, benefits revoked
⚠ [CAR 7] ACT=WARN REP=0.880 RWD=0.000 PNL=23.572 CREDIT=25
[PASSIVE-BEACON] SIMNOW:16.234 CID:1 ZONE:1 RXUAV:1 EDGEPORT:9998 TS:16.220 SPD:25.000 HDG:0.800 PX:336.500 PY:-20.000 LAN:2 BRK:0 RX_X:0.000 RX_Y:0.000 RX_Z:0.000
[ZONE-ROUTE] CID:1 zone=1 edge_port=9998
[EDGE-RTT] CID:1 wall=1.1 ms  sim_delay=5.0 ms
>>> [UAV->CLOUD] BLK:b3c1|TX:7.0.0.5|CID:1|TS:16.220|SPD:25.0|HDG:0.8|PX:336.5|PY:-20.0|L...
[ECON-CLAWBACK] CID:1 ACT=WARN prior_payoff=-2.7 extra_penalty=2.0 new_payoff=-4.8
[FORGIVENESS] CID:1 WARN #5 — streak reset, benefits revoked
⚠ [CAR 1] ACT=WARN REP=0.756 RWD=0.000 PNL=2.101 CREDIT=-2
[PASSIVE-BEACON] SIMNOW:16.258 CID:12 ZONE:1 RXUAV:1 EDGEPORT:9998 TS:16.244 SPD:24.600 HDG:1.400 PX:366.300 PY:-30.000 LAN:3 BRK:0 RX_X:0.000 RX_Y:0.000 RX_Z:0.000
[ZONE-ROUTE] CID:12 zone=1 edge_port=9998
[EDGE-RTT] CID:12 wall=1.2 ms  sim_delay=5.0 ms
>>> [UAV->CLOUD] BLK:c65d|TX:7.0.0.16|CID:12|TS:16.244|SPD:24.6|HDG:1.4|PX:366.3|PY:-30.0...
[PASSIVE-BEACON] SIMNOW:16.260 CID:15 ZONE:1 RXUAV:1 EDGEPORT:9998 TS:16.246 SPD:24.800 HDG:0.400 PX:406.300 PY:-10.000 LAN:1 BRK:0 RX_X:0.000 RX_Y:0.000 RX_Z:0.000
[ZONE-ROUTE] CID:15 zone=1 edge_port=9998
[EDGE-RTT] CID:15 wall=1.0 ms  sim_delay=5.0 ms
>>> [UAV->CLOUD] BLK:a7d9|TX:7.0.0.19|CID:15|TS:16.246|SPD:24.8|HDG:0.4|PX:406.3|PY:-10.0...
✓ [CAR 12] ACT=OK REP=0.922 RWD=0.853 PNL=0.000 CREDIT=28
[ECON-CLAWBACK] CID:15 ACT=WARN prior_payoff=-12.853 extra_penalty=3.000 new_payoff=-15.953
[FORGIVENESS] CID:15 WARN #9 — streak reset, benefits revoked
⚠ [CAR 15] ACT=WARN REP=0.673 RWD=0.000 PNL=3.100 CREDIT=-2
[PASSIVE-BEACON] SIMNOW:16.336 CID:6 ZONE:1 RXUAV:1 EDGEPORT:9998 TS:16.322 SPD:24.600 HDG:-2.000 PX:359.200 PY:-20.000 LAN:2 BRK:0 RX_X:0.000 RX_Y:0.000 RX_Z:0.000
[ZONE-ROUTE] CID:6 zone=1 edge_port=9998
[EDGE-RTT] CID:6 wall=1.2 ms  sim_delay=5.0 ms
>>> [UAV->CLOUD] BLK:2efd|TX:7.0.0.10|CID:6|TS:16.322|SPD:24.6|HDG:-2.0|PX:359.2|PY:-20.0...
[PASSIVE-BEACON] SIMNOW:16.348 CID:14 ZONE:1 RXUAV:1 EDGEPORT:9998 TS:16.334 SPD:20.100 HDG:0.000 PX:367.400 PY:-50.000 LAN:5 BRK:0 RX_X:0.000 RX_Y:0.000 RX_Z:0.000
[ZONE-ROUTE] CID:14 zone=1 edge_port=9998
[EDGE-RTT] CID:14 wall=1.0 ms  sim_delay=5.0 ms
>>> [UAV->CLOUD] BLK:ba72|TX:7.0.0.18|CID:14|TS:16.334|SPD:20.1|HDG:0.0|PX:367.4|PY:-50.0...
[ECON-CLAWBACK] CID:6 ACT=WARN prior_payoff=-2.7 extra_penalty=2.0 new_payoff=-4.8
[FORGIVENESS] CID:6 WARN #5 — streak reset, benefits revoked
⚠ [CAR 6] ACT=WARN REP=0.646 RWD=0.000 PNL=2.099 CREDIT=-2
✓ [CAR 14] ACT=OK REP=0.818 RWD=1.000 PNL=0.000 CREDIT=27
[PASSIVE-BEACON] SIMNOW:16.426 CID:11 ZONE:1 RXUAV:1 EDGEPORT:9998 TS:16.414 SPD:24.900 HDG:0.400 PX:381.400 PY:-20.000 LAN:2 BRK:0 RX_X:0.000 RX_Y:0.000 RX_Z:0.000
[ZONE-ROUTE] CID:11 zone=1 edge_port=9998
[EDGE-RTT] CID:11 wall=1.3 ms  sim_delay=5.0 ms
>>> [UAV->CLOUD] BLK:8550|TX:7.0.0.15|CID:11|TS:16.414|SPD:24.9|HDG:0.4|PX:381.4|PY:-20.0...
[ECON-CLAWBACK] CID:11 ACT=WARN prior_payoff=-2.7 extra_penalty=2.0 new_payoff=-4.8
[FORGIVENESS] CID:11 WARN #5 — streak reset, benefits revoked
⚠ [CAR 11] ACT=WARN REP=0.776 RWD=0.000 PNL=2.101 CREDIT=-2
[PASSIVE-BEACON] SIMNOW:16.468 CID:13 ZONE:1 RXUAV:1 EDGEPORT:9998 TS:16.454 SPD:20.000 HDG:0.200 PX:368.700 PY:-40.000 LAN:4 BRK:0 RX_X:0.000 RX_Y:0.000 RX_Z:0.000
[ZONE-ROUTE] CID:13 zone=1 edge_port=9998
[EDGE-RTT] CID:13 wall=1.3 ms  sim_delay=5.0 ms
>>> [UAV->CLOUD] BLK:7dc6|TX:7.0.0.17|CID:13|TS:16.454|SPD:20.0|HDG:0.2|PX:368.7|PY:-40.0...
[PASSIVE-BEACON] SIMNOW:16.470 CID:17 ZONE:1 RXUAV:1 EDGEPORT:9998 TS:16.456 SPD:24.600 HDG:1.600 PX:391.600 PY:-30.000 LAN:3 BRK:0 RX_X:0.000 RX_Y:0.000 RX_Z:0.000
[ZONE-ROUTE] CID:17 zone=1 edge_port=9998
[EDGE-RTT] CID:17 wall=1.2 ms  sim_delay=5.0 ms
>>> [UAV->CLOUD] BLK:d08a|TX:7.0.0.21|CID:17|TS:16.456|SPD:24.6|HDG:1.6|PX:391.6|PY:-30.0...
✓ [CAR 13] ACT=OK REP=1.000 RWD=1.000 PNL=0.000 CREDIT=27
[ECON-CLAWBACK] CID:17 ACT=WARN prior_payoff=6.423 extra_penalty=4.462 new_payoff=1.869
[FORGIVENESS] CID:17 WARN #2 — streak reset, benefits revoked
⚠ [CAR 17] ACT=WARN REP=0.979 RWD=0.000 PNL=4.555 CREDIT=-2
[PASSIVE-BEACON] SIMNOW:16.566 CID:8 ZONE:1 RXUAV:1 EDGEPORT:9998 TS:16.552 SPD:20.000 HDG:-2.000 PX:350.800 PY:-40.000 LAN:4 BRK:0 RX_X:0.000 RX_Y:0.000 RX_Z:0.000
[ZONE-ROUTE] CID:8 zone=1 edge_port=9998
[EDGE-RTT] CID:8 wall=1.5 ms  sim_delay=5.0 ms
>>> [UAV->CLOUD] BLK:bde8|TX:7.0.0.12|CID:8|TS:16.552|SPD:20.0|HDG:-2.0|PX:350.8|PY:-40.0...
[PASSIVE-BEACON] SIMNOW:16.578 CID:10 ZONE:1 RXUAV:1 EDGEPORT:9998 TS:16.564 SPD:24.900 HDG:-1.200 PX:395.100 PY:-10.000 LAN:1 BRK:0 RX_X:0.000 RX_Y:0.000 RX_Z:0.000
[ZONE-ROUTE] CID:10 zone=1 edge_port=9998
[EDGE-RTT] CID:10 wall=1.4 ms  sim_delay=5.0 ms
>>> [UAV->CLOUD] BLK:192c|TX:7.0.0.14|CID:10|TS:16.564|SPD:24.9|HDG:-1.2|PX:395.1|PY:-10....
✓ [CAR 8] ACT=OK REP=0.913 RWD=1.000 PNL=0.000 CREDIT=28
[ECON-CLAWBACK] CID:10 ACT=WARN prior_payoff=-12.803 extra_penalty=3.000 new_payoff=-15.903
[FORGIVENESS] CID:10 WARN #9 — streak reset, benefits revoked
⚠ [CAR 10] ACT=WARN REP=0.578 RWD=0.000 PNL=3.100 CREDIT=-2
[PASSIVE-BEACON] SIMNOW:16.614 CID:4 ZONE:1 RXUAV:1 EDGEPORT:9998 TS:16.600 SPD:20.300 HDG:1.100 PX:331.400 PY:-50.000 LAN:5 BRK:0 RX_X:0.000 RX_Y:0.000 RX_Z:0.000
[ZONE-ROUTE] CID:4 zone=1 edge_port=9998
[EDGE-RTT] CID:4 wall=1.5 ms  sim_delay=5.0 ms
>>> [UAV->CLOUD] BLK:66e0|TX:7.0.0.8|CID:4|TS:16.600|SPD:20.3|HDG:1.1|PX:331.4|PY:-50.0|L...
✓ [CAR 4] ACT=OK REP=1.000 RWD=1.000 PNL=0.000 CREDIT=29
[PASSIVE-BEACON] SIMNOW:16.636 CID:9 ZONE:1 RXUAV:1 EDGEPORT:9998 TS:16.622 SPD:19.700 HDG:-1.600 PX:353.100 PY:-50.000 LAN:5 BRK:0 RX_X:0.000 RX_Y:0.000 RX_Z:0.000
[ZONE-ROUTE] CID:9 zone=1 edge_port=9998
[EDGE-RTT] CID:9 wall=1.3 ms  sim_delay=5.0 ms
>>> [UAV->CLOUD] BLK:c59b|TX:7.0.0.13|CID:9|TS:16.622|SPD:19.7|HDG:-1.6|PX:353.1|PY:-50.0...
✓ [CAR 9] ACT=OK REP=0.953 RWD=1.000 PNL=0.000 CREDIT=28
[PASSIVE-BEACON] SIMNOW:16.656 CID:5 ZONE:1 RXUAV:1 EDGEPORT:9998 TS:16.642 SPD:25.500 HDG:0.400 PX:376.200 PY:-10.000 LAN:1 BRK:0 RX_X:0.000 RX_Y:0.000 RX_Z:0.000
[ZONE-ROUTE] CID:5 zone=1 edge_port=9998
[EDGE-RTT] CID:5 wall=1.5 ms  sim_delay=10.0 ms
>>> [UAV->CLOUD] BLK:12bb|TX:7.0.0.9|CID:5|TS:16.642|SPD:25.5|HDG:0.4|PX:376.2|PY:-10.0|L...
[PASSIVE-BEACON] SIMNOW:16.660 CID:18 ZONE:1 RXUAV:1 EDGEPORT:9998 TS:16.646 SPD:20.400 HDG:-1.900 PX:392.400 PY:-40.000 LAN:4 BRK:0 RX_X:0.000 RX_Y:0.000 RX_Z:0.000
[ZONE-ROUTE] CID:18 zone=1 edge_port=9998
[EDGE-RTT] CID:18 wall=1.3 ms  sim_delay=5.0 ms
>>> [UAV->CLOUD] BLK:3036|TX:7.0.0.22|CID:18|TS:16.646|SPD:20.4|HDG:-1.9|PX:392.4|PY:-40....
[ECON-CLAWBACK] CID:5 ACT=WARN prior_payoff=-16.1 extra_penalty=3.2 new_payoff=-19.5
[FORGIVENESS] CID:5 WARN #10 — streak reset, benefits revoked
⚠ [CAR 5] ACT=WARN REP=0.917 RWD=0.000 PNL=3.352 CREDIT=-2
✓ [CAR 18] ACT=OK REP=1.000 RWD=1.000 PNL=0.000 CREDIT=28
[PASSIVE-BEACON] SIMNOW:16.706 CID:7 ZONE:1 RXUAV:1 EDGEPORT:9998 TS:16.692 SPD:25.400 HDG:1.600 PX:357.200 PY:-30.000 LAN:3 BRK:1 RX_X:0.000 RX_Y:0.000 RX_Z:0.000
[ZONE-ROUTE] CID:7 zone=1 edge_port=9998
[EDGE-RTT] CID:7 wall=1.3 ms  sim_delay=5.0 ms
>>> [UAV->CLOUD] BLK:408d|TX:7.0.0.11|CID:7|TS:16.692|SPD:25.4|HDG:1.6|PX:357.2|PY:-30.0|...
[ECON-CLAWBACK] CID:7 ACT=WARN prior_payoff=6.4 extra_penalty=4.5 new_payoff=1.9
[FORGIVENESS] CID:7 WARN #2 — streak reset, benefits revoked
⚠ [CAR 7] ACT=WARN REP=0.714 RWD=0.000 PNL=4.559 CREDIT=-2
[PASSIVE-BEACON] SIMNOW:16.734 CID:1 ZONE:1 RXUAV:1 EDGEPORT:9998 TS:16.720 SPD:25.100 HDG:-1.700 PX:348.900 PY:-20.000 LAN:2 BRK:0 RX_X:0.000 RX_Y:0.000 RX_Z:0.000
[ZONE-ROUTE] CID:1 zone=1 edge_port=9998
[EDGE-RTT] CID:1 wall=1.3 ms  sim_delay=5.0 ms
>>> [UAV->CLOUD] BLK:4569|TX:7.0.0.5|CID:1|TS:16.720|SPD:25.1|HDG:-1.7|PX:348.9|PY:-20.0|...
[ECON-CLAWBACK] CID:1 ACT=WARN prior_payoff=-4.8 extra_penalty=2.2 new_payoff=-7.2
[FORGIVENESS] CID:1 WARN #6 — streak reset, benefits revoked
⚠ [CAR 1] ACT=WARN REP=0.594 RWD=0.000 PNL=2.352 CREDIT=-2
[PASSIVE-BEACON] SIMNOW:16.758 CID:12 ZONE:1 RXUAV:1 EDGEPORT:9998 TS:16.744 SPD:24.800 HDG:0.700 PX:378.900 PY:-30.000 LAN:3 BRK:0 RX_X:0.000 RX_Y:0.000 RX_Z:0.000
[ZONE-ROUTE] CID:12 zone=1 edge_port=9998
[EDGE-RTT] CID:12 wall=1.3 ms  sim_delay=5.0 ms
>>> [UAV->CLOUD] BLK:5e7c|TX:7.0.0.16|CID:12|TS:16.744|SPD:24.8|HDG:0.7|PX:378.9|PY:-30.0...
[PASSIVE-BEACON] SIMNOW:16.760 CID:15 ZONE:1 RXUAV:1 EDGEPORT:9998 TS:16.746 SPD:24.900 HDG:-2.000 PX:419.300 PY:-10.000 LAN:1 BRK:0 RX_X:0.000 RX_Y:0.000 RX_Z:0.000
[ZONE-ROUTE] CID:15 zone=1 edge_port=9998
[EDGE-RTT] CID:15 wall=0.9 ms  sim_delay=5.0 ms
>>> [UAV->CLOUD] BLK:5377|TX:7.0.0.19|CID:15|TS:16.746|SPD:24.9|HDG:-2.0|PX:419.3|PY:-10....
[ECON-CLAWBACK] CID:12 ACT=WARN prior_payoff=31.8 extra_penalty=24.9 new_payoff=6.9
[TRUST-REVOKED] CID:12 benefits revoked logically; lane=3 speed=20.0 latency=10.0ms
[FORGIVENESS] CID:12 WARN #1 — streak reset, benefits revoked
⚠ [CAR 12] ACT=WARN REP=1.000 RWD=0.000 PNL=24.961 CREDIT=27
[ECON-CLAWBACK] CID:15 ACT=WARN prior_payoff=-15.953 extra_penalty=3.250 new_payoff=-19.304
[FORGIVENESS] CID:15 WARN #10 — streak reset, benefits revoked
⚠ [CAR 15] ACT=WARN REP=0.918 RWD=0.000 PNL=3.351 CREDIT=-2
[PASSIVE-BEACON] SIMNOW:16.836 CID:6 ZONE:1 RXUAV:1 EDGEPORT:9998 TS:16.822 SPD:24.900 HDG:-1.000 PX:371.400 PY:-20.000 LAN:2 BRK:0 RX_X:0.000 RX_Y:0.000 RX_Z:0.000
[ZONE-ROUTE] CID:6 zone=1 edge_port=9998
[EDGE-RTT] CID:6 wall=1.3 ms  sim_delay=5.0 ms
>>> [UAV->CLOUD] BLK:1da9|TX:7.0.0.10|CID:6|TS:16.822|SPD:24.9|HDG:-1.0|PX:371.4|PY:-20.0...
[PASSIVE-BEACON] SIMNOW:16.848 CID:14 ZONE:1 RXUAV:1 EDGEPORT:9998 TS:16.834 SPD:20.000 HDG:-1.000 PX:375.900 PY:-50.000 LAN:5 BRK:0 RX_X:0.000 RX_Y:0.000 RX_Z:0.000
[ZONE-ROUTE] CID:14 zone=1 edge_port=9998
[EDGE-RTT] CID:14 wall=1.2 ms  sim_delay=5.0 ms
>>> [UAV->CLOUD] BLK:485a|TX:7.0.0.18|CID:14|TS:16.834|SPD:20.0|HDG:-1.0|PX:375.9|PY:-50....
[ECON-CLAWBACK] CID:6 ACT=WARN prior_payoff=-4.8 extra_penalty=2.2 new_payoff=-7.1
[FORGIVENESS] CID:6 WARN #6 — streak reset, benefits revoked
⚠ [CAR 6] ACT=WARN REP=0.691 RWD=0.000 PNL=2.350 CREDIT=-2
✓ [CAR 14] ACT=OK REP=0.997 RWD=1.000 PNL=0.000 CREDIT=28
[PASSIVE-BEACON] SIMNOW:16.928 CID:11 ZONE:1 RXUAV:1 EDGEPORT:9998 TS:16.914 SPD:24.800 HDG:-1.000 PX:393.600 PY:-20.000 LAN:2 BRK:0 RX_X:0.000 RX_Y:0.000 RX_Z:0.000
[ZONE-ROUTE] CID:11 zone=1 edge_port=9998
[EDGE-RTT] CID:11 wall=1.2 ms  sim_delay=5.0 ms
>>> [UAV->CLOUD] BLK:3558|TX:7.0.0.15|CID:11|TS:16.914|SPD:24.8|HDG:-1.0|PX:393.6|PY:-20....
[ECON-CLAWBACK] CID:11 ACT=WARN prior_payoff=-4.8 extra_penalty=2.2 new_payoff=-7.2
[FORGIVENESS] CID:11 WARN #6 — streak reset, benefits revoked
⚠ [CAR 11] ACT=WARN REP=0.880 RWD=0.000 PNL=2.350 CREDIT=-2
[PASSIVE-BEACON] SIMNOW:16.968 CID:13 ZONE:1 RXUAV:1 EDGEPORT:9998 TS:16.954 SPD:19.700 HDG:0.700 PX:379.400 PY:-40.000 LAN:4 BRK:0 RX_X:0.000 RX_Y:0.000 RX_Z:0.000
[ZONE-ROUTE] CID:13 zone=1 edge_port=9998
[EDGE-RTT] CID:13 wall=1.3 ms  sim_delay=5.0 ms
>>> [UAV->CLOUD] BLK:d5a4|TX:7.0.0.17|CID:13|TS:16.954|SPD:19.7|HDG:0.7|PX:379.4|PY:-40.0...
[PASSIVE-BEACON] SIMNOW:16.971 CID:17 ZONE:1 RXUAV:1 EDGEPORT:9998 TS:16.956 SPD:25.400 HDG:0.700 PX:404.200 PY:-30.000 LAN:3 BRK:0 RX_X:0.000 RX_Y:0.000 RX_Z:0.000
[ZONE-ROUTE] CID:17 zone=1 edge_port=9998
[EDGE-RTT] CID:17 wall=0.8 ms  sim_delay=5.0 ms
>>> [UAV->CLOUD] BLK:fe1f|TX:7.0.0.21|CID:17|TS:16.956|SPD:25.4|HDG:0.7|PX:404.2|PY:-30.0...
✓ [CAR 13] ACT=OK REP=0.947 RWD=1.000 PNL=0.000 CREDIT=28
[ECON-CLAWBACK] CID:17 ACT=WARN prior_payoff=1.869 extra_penalty=2.434 new_payoff=-0.665
[FORGIVENESS] CID:17 WARN #3 — streak reset, benefits revoked
⚠ [CAR 17] ACT=WARN REP=0.815 RWD=0.000 PNL=2.533 CREDIT=-2
[PASSIVE-BEACON] SIMNOW:17.066 CID:8 ZONE:1 RXUAV:1 EDGEPORT:9998 TS:17.052 SPD:20.300 HDG:-1.500 PX:360.700 PY:-40.000 LAN:4 BRK:0 RX_X:0.000 RX_Y:0.000 RX_Z:0.000
[ZONE-ROUTE] CID:8 zone=1 edge_port=9998
[EDGE-RTT] CID:8 wall=1.4 ms  sim_delay=5.0 ms
>>> [UAV->CLOUD] BLK:9751|TX:7.0.0.12|CID:8|TS:17.052|SPD:20.3|HDG:-1.5|PX:360.7|PY:-40.0...
[PASSIVE-BEACON] SIMNOW:17.078 CID:10 ZONE:1 RXUAV:1 EDGEPORT:9998 TS:17.064 SPD:25.300 HDG:-1.700 PX:407.600 PY:-10.000 LAN:1 BRK:0 RX_X:0.000 RX_Y:0.000 RX_Z:0.000
[ZONE-ROUTE] CID:10 zone=1 edge_port=9998
[EDGE-RTT] CID:10 wall=0.9 ms  sim_delay=5.0 ms
>>> [UAV->CLOUD] BLK:e5e9|TX:7.0.0.14|CID:10|TS:17.064|SPD:25.3|HDG:-1.7|PX:407.6|PY:-10....
✓ [CAR 8] ACT=OK REP=1.000 RWD=1.000 PNL=0.000 CREDIT=29
[ECON-CLAWBACK] CID:10 ACT=WARN prior_payoff=-15.903 extra_penalty=3.250 new_payoff=-19.255
[FORGIVENESS] CID:10 WARN #10 — streak reset, benefits revoked
⚠ [CAR 10] ACT=WARN REP=0.643 RWD=0.000 PNL=3.352 CREDIT=-2
[PASSIVE-BEACON] SIMNOW:17.114 CID:4 ZONE:1 RXUAV:1 EDGEPORT:9998 TS:17.100 SPD:19.600 HDG:1.700 PX:342.200 PY:-50.000 LAN:5 BRK:1 RX_X:0.000 RX_Y:0.000 RX_Z:0.000
[ZONE-ROUTE] CID:4 zone=1 edge_port=9998
[EDGE-RTT] CID:4 wall=1.3 ms  sim_delay=5.0 ms
>>> [UAV->CLOUD] BLK:13da|TX:7.0.0.8|CID:4|TS:17.100|SPD:19.6|HDG:1.7|PX:342.2|PY:-50.0|L...
✓ [CAR 4] ACT=OK REP=0.970 RWD=1.000 PNL=0.000 CREDIT=30
[PASSIVE-BEACON] SIMNOW:17.136 CID:9 ZONE:1 RXUAV:1 EDGEPORT:9998 TS:17.122 SPD:20.200 HDG:1.400 PX:362.300 PY:-50.000 LAN:5 BRK:0 RX_X:0.000 RX_Y:0.000 RX_Z:0.000
[ZONE-ROUTE] CID:9 zone=1 edge_port=9998
[EDGE-RTT] CID:9 wall=1.0 ms  sim_delay=5.0 ms
>>> [UAV->CLOUD] BLK:b08e|TX:7.0.0.13|CID:9|TS:17.122|SPD:20.2|HDG:1.4|PX:362.3|PY:-50.0|...
✓ [CAR 9] ACT=OK REP=1.000 RWD=1.000 PNL=0.000 CREDIT=29
[PASSIVE-BEACON] SIMNOW:17.157 CID:5 ZONE:1 RXUAV:1 EDGEPORT:9998 TS:17.142 SPD:25.300 HDG:1.400 PX:388.600 PY:-10.000 LAN:1 BRK:0 RX_X:0.000 RX_Y:0.000 RX_Z:0.000
[ZONE-ROUTE] CID:5 zone=1 edge_port=9998
[EDGE-RTT] CID:5 wall=1.2 ms  sim_delay=10.0 ms
>>> [UAV->CLOUD] BLK:784f|TX:7.0.0.9|CID:5|TS:17.142|SPD:25.3|HDG:1.4|PX:388.6|PY:-10.0|L...
[PASSIVE-BEACON] SIMNOW:17.160 CID:18 ZONE:1 RXUAV:1 EDGEPORT:9998 TS:17.146 SPD:19.600 HDG:-1.300 PX:402.900 PY:-40.000 LAN:4 BRK:0 RX_X:0.000 RX_Y:0.000 RX_Z:0.000
[ZONE-ROUTE] CID:18 zone=1 edge_port=9998
[EDGE-RTT] CID:18 wall=0.8 ms  sim_delay=5.0 ms
>>> [UAV->CLOUD] BLK:ab1a|TX:7.0.0.22|CID:18|TS:17.146|SPD:19.6|HDG:-1.3|PX:402.9|PY:-40....
[ECON-CLAWBACK] CID:5 ACT=WARN prior_payoff=-19.5 extra_penalty=3.5 new_payoff=-23.1
[FORGIVENESS] CID:5 WARN #11 — streak reset, benefits revoked
⚠ [CAR 5] ACT=WARN REP=0.409 RWD=0.000 PNL=3.602 CREDIT=-2
✓ [CAR 18] ACT=OK REP=1.000 RWD=1.000 PNL=0.000 CREDIT=29
[PASSIVE-BEACON] SIMNOW:17.206 CID:7 ZONE:1 RXUAV:1 EDGEPORT:9998 TS:17.192 SPD:25.400 HDG:-0.400 PX:370.000 PY:-30.000 LAN:3 BRK:0 RX_X:0.000 RX_Y:0.000 RX_Z:0.000
[ZONE-ROUTE] CID:7 zone=1 edge_port=9998
[EDGE-RTT] CID:7 wall=1.0 ms  sim_delay=5.0 ms
>>> [UAV->CLOUD] BLK:c5d8|TX:7.0.0.11|CID:7|TS:17.192|SPD:25.4|HDG:-0.4|PX:370.0|PY:-30.0...
[ECON-CLAWBACK] CID:7 ACT=WARN prior_payoff=1.9 extra_penalty=2.4 new_payoff=-0.7
[FORGIVENESS] CID:7 WARN #3 — streak reset, benefits revoked
⚠ [CAR 7] ACT=WARN REP=0.889 RWD=0.000 PNL=2.532 CREDIT=-2
[PASSIVE-BEACON] SIMNOW:17.233 CID:1 ZONE:1 RXUAV:1 EDGEPORT:9998 TS:17.220 SPD:25.100 HDG:1.500 PX:361.400 PY:-20.000 LAN:2 BRK:0 RX_X:0.000 RX_Y:0.000 RX_Z:0.000
[ZONE-ROUTE] CID:1 zone=1 edge_port=9998
[EDGE-RTT] CID:1 wall=1.5 ms  sim_delay=5.0 ms
>>> [UAV->CLOUD] BLK:893d|TX:7.0.0.5|CID:1|TS:17.220|SPD:25.1|HDG:1.5|PX:361.4|PY:-20.0|L...
[ECON-CLAWBACK] CID:1 ACT=WARN prior_payoff=-7.2 extra_penalty=2.5 new_payoff=-9.8
[FORGIVENESS] CID:1 WARN #7 — streak reset, benefits revoked
⚠ [CAR 1] ACT=WARN REP=0.762 RWD=0.000 PNL=2.602 CREDIT=-2
[PASSIVE-BEACON] SIMNOW:17.258 CID:12 ZONE:1 RXUAV:1 EDGEPORT:9998 TS:17.244 SPD:24.900 HDG:-1.100 PX:391.000 PY:-30.000 LAN:3 BRK:0 RX_X:0.000 RX_Y:0.000 RX_Z:0.000
[ZONE-ROUTE] CID:12 zone=1 edge_port=9998
[EDGE-RTT] CID:12 wall=1.0 ms  sim_delay=5.0 ms
>>> [UAV->CLOUD] BLK:827d|TX:7.0.0.16|CID:12|TS:17.244|SPD:24.9|HDG:-1.1|PX:391.0|PY:-30....
[PASSIVE-BEACON] SIMNOW:17.260 CID:15 ZONE:1 RXUAV:1 EDGEPORT:9998 TS:17.246 SPD:25.000 HDG:-0.600 PX:431.900 PY:-10.000 LAN:1 BRK:0 RX_X:0.000 RX_Y:0.000 RX_Z:0.000
[ZONE-ROUTE] CID:15 zone=1 edge_port=9998
[EDGE-RTT] CID:15 wall=1.0 ms  sim_delay=5.0 ms
>>> [UAV->CLOUD] BLK:7dc7|TX:7.0.0.19|CID:15|TS:17.246|SPD:25.0|HDG:-0.6|PX:431.9|PY:-10....
[ECON-CLAWBACK] CID:12 ACT=WARN prior_payoff=6.9 extra_penalty=4.7 new_payoff=2.1
[FORGIVENESS] CID:12 WARN #2 — streak reset, benefits revoked
⚠ [CAR 12] ACT=WARN REP=0.694 RWD=0.000 PNL=4.789 CREDIT=-2
[ECON-CLAWBACK] CID:15 ACT=WARN prior_payoff=-19.304 extra_penalty=3.500 new_payoff=-22.905
[FORGIVENESS] CID:15 WARN #11 — streak reset, benefits revoked
⚠ [CAR 15] ACT=WARN REP=0.659 RWD=0.000 PNL=3.601 CREDIT=-2
[PASSIVE-BEACON] SIMNOW:17.336 CID:6 ZONE:1 RXUAV:1 EDGEPORT:9998 TS:17.322 SPD:24.600 HDG:0.500 PX:383.500 PY:-20.000 LAN:2 BRK:1 RX_X:0.000 RX_Y:0.000 RX_Z:0.000
[ZONE-ROUTE] CID:6 zone=1 edge_port=9998
[EDGE-RTT] CID:6 wall=1.1 ms  sim_delay=5.0 ms
>>> [UAV->CLOUD] BLK:e03b|TX:7.0.0.10|CID:6|TS:17.322|SPD:24.6|HDG:0.5|PX:383.5|PY:-20.0|...
[PASSIVE-BEACON] SIMNOW:17.348 CID:14 ZONE:1 RXUAV:1 EDGEPORT:9998 TS:17.334 SPD:20.400 HDG:0.700 PX:386.800 PY:-50.000 LAN:5 BRK:0 RX_X:0.000 RX_Y:0.000 RX_Z:0.000
[ZONE-ROUTE] CID:14 zone=1 edge_port=9998
[EDGE-RTT] CID:14 wall=1.1 ms  sim_delay=5.0 ms
>>> [UAV->CLOUD] BLK:85e6|TX:7.0.0.18|CID:14|TS:17.334|SPD:20.4|HDG:0.7|PX:386.8|PY:-50.0...
[ECON-CLAWBACK] CID:6 ACT=WARN prior_payoff=-7.1 extra_penalty=2.5 new_payoff=-9.7
[FORGIVENESS] CID:6 WARN #7 — streak reset, benefits revoked
⚠ [CAR 6] ACT=WARN REP=0.899 RWD=0.000 PNL=2.599 CREDIT=-2
✓ [CAR 14] ACT=OK REP=1.000 RWD=1.000 PNL=0.000 CREDIT=29
[PASSIVE-BEACON] SIMNOW:17.428 CID:11 ZONE:1 RXUAV:1 EDGEPORT:9998 TS:17.414 SPD:25.300 HDG:0.500 PX:405.200 PY:-20.000 LAN:2 BRK:0 RX_X:0.000 RX_Y:0.000 RX_Z:0.000
[ZONE-ROUTE] CID:11 zone=1 edge_port=9998
[EDGE-RTT] CID:11 wall=1.2 ms  sim_delay=5.0 ms
>>> [UAV->CLOUD] BLK:fc8d|TX:7.0.0.15|CID:11|TS:17.414|SPD:25.3|HDG:0.5|PX:405.2|PY:-20.0...
[ECON-CLAWBACK] CID:11 ACT=WARN prior_payoff=-7.2 extra_penalty=2.5 new_payoff=-9.8
[FORGIVENESS] CID:11 WARN #7 — streak reset, benefits revoked
⚠ [CAR 11] ACT=WARN REP=0.670 RWD=0.000 PNL=2.602 CREDIT=-2
[PASSIVE-BEACON] SIMNOW:17.468 CID:13 ZONE:1 RXUAV:1 EDGEPORT:9998 TS:17.454 SPD:20.000 HDG:0.600 PX:388.500 PY:-40.000 LAN:4 BRK:0 RX_X:0.000 RX_Y:0.000 RX_Z:0.000
[ZONE-ROUTE] CID:13 zone=1 edge_port=9998
[EDGE-RTT] CID:13 wall=0.8 ms  sim_delay=5.0 ms
>>> [UAV->CLOUD] BLK:c3d6|TX:7.0.0.17|CID:13|TS:17.454|SPD:20.0|HDG:0.6|PX:388.5|PY:-40.0...
[PASSIVE-BEACON] SIMNOW:17.470 CID:17 ZONE:1 RXUAV:1 EDGEPORT:9998 TS:17.456 SPD:24.500 HDG:0.200 PX:416.900 PY:-30.000 LAN:3 BRK:0 RX_X:0.000 RX_Y:0.000 RX_Z:0.000
[ZONE-ROUTE] CID:17 zone=1 edge_port=9998
[EDGE-RTT] CID:17 wall=0.9 ms  sim_delay=5.0 ms
>>> [UAV->CLOUD] BLK:ec52|TX:7.0.0.21|CID:17|TS:17.456|SPD:24.5|HDG:0.2|PX:416.9|PY:-30.0...
✓ [CAR 13] ACT=OK REP=0.896 RWD=1.000 PNL=0.000 CREDIT=29
[ECON-CLAWBACK] CID:17 ACT=WARN prior_payoff=-0.665 extra_penalty=1.750 new_payoff=-2.512
[FORGIVENESS] CID:17 WARN #4 — streak reset, benefits revoked
⚠ [CAR 17] ACT=WARN REP=0.733 RWD=0.000 PNL=1.847 CREDIT=-2
[PASSIVE-BEACON] SIMNOW:17.566 CID:8 ZONE:1 RXUAV:1 EDGEPORT:9998 TS:17.552 SPD:20.100 HDG:0.300 PX:371.300 PY:-40.000 LAN:4 BRK:0 RX_X:0.000 RX_Y:0.000 RX_Z:0.000
[ZONE-ROUTE] CID:8 zone=1 edge_port=9998
[EDGE-RTT] CID:8 wall=1.1 ms  sim_delay=5.0 ms
>>> [UAV->CLOUD] BLK:3b80|TX:7.0.0.12|CID:8|TS:17.552|SPD:20.1|HDG:0.3|PX:371.3|PY:-40.0|...
[PASSIVE-BEACON] SIMNOW:17.578 CID:10 ZONE:1 RXUAV:1 EDGEPORT:9998 TS:17.564 SPD:25.100 HDG:-0.600 PX:420.300 PY:-10.000 LAN:1 BRK:0 RX_X:0.000 RX_Y:0.000 RX_Z:0.000
[ZONE-ROUTE] CID:10 zone=1 edge_port=9998
[EDGE-RTT] CID:10 wall=1.1 ms  sim_delay=5.0 ms
>>> [UAV->CLOUD] BLK:1f17|TX:7.0.0.14|CID:10|TS:17.564|SPD:25.1|HDG:-0.6|PX:420.3|PY:-10....
✓ [CAR 8] ACT=OK REP=0.983 RWD=1.000 PNL=0.000 CREDIT=30
[ECON-CLAWBACK] CID:10 ACT=WARN prior_payoff=-19.255 extra_penalty=3.500 new_payoff=-22.856
[FORGIVENESS] CID:10 WARN #11 — streak reset, benefits revoked
⚠ [CAR 10] ACT=WARN REP=0.858 RWD=0.000 PNL=3.601 CREDIT=-2
[PASSIVE-BEACON] SIMNOW:17.613 CID:4 ZONE:1 RXUAV:1 EDGEPORT:9998 TS:17.600 SPD:19.800 HDG:-1.400 PX:352.200 PY:-50.000 LAN:5 BRK:0 RX_X:0.000 RX_Y:0.000 RX_Z:0.000
[ZONE-ROUTE] CID:4 zone=1 edge_port=9998
[EDGE-RTT] CID:4 wall=1.3 ms  sim_delay=5.0 ms
>>> [UAV->CLOUD] BLK:02e0|TX:7.0.0.8|CID:4|TS:17.600|SPD:19.8|HDG:-1.4|PX:352.2|PY:-50.0|...
✓ [CAR 4] ACT=OK REP=0.983 RWD=1.000 PNL=0.000 CREDIT=31
[PASSIVE-BEACON] SIMNOW:17.635 CID:9 ZONE:1 RXUAV:1 EDGEPORT:9998 TS:17.622 SPD:19.600 HDG:-0.600 PX:372.100 PY:-50.000 LAN:5 BRK:0 RX_X:0.000 RX_Y:0.000 RX_Z:0.000
[ZONE-ROUTE] CID:9 zone=1 edge_port=9998
[EDGE-RTT] CID:9 wall=1.1 ms  sim_delay=5.0 ms
>>> [UAV->CLOUD] BLK:8ad7|TX:7.0.0.13|CID:9|TS:17.622|SPD:19.6|HDG:-0.6|PX:372.1|PY:-50.0...
✓ [CAR 9] ACT=OK REP=0.912 RWD=1.000 PNL=0.000 CREDIT=30
[PASSIVE-BEACON] SIMNOW:17.656 CID:5 ZONE:1 RXUAV:1 EDGEPORT:9998 TS:17.642 SPD:25.000 HDG:1.900 PX:401.500 PY:-10.000 LAN:1 BRK:0 RX_X:0.000 RX_Y:0.000 RX_Z:0.000
[ZONE-ROUTE] CID:5 zone=1 edge_port=9998
[EDGE-RTT] CID:5 wall=1.2 ms  sim_delay=10.0 ms
>>> [UAV->CLOUD] BLK:71f3|TX:7.0.0.9|CID:5|TS:17.642|SPD:25.0|HDG:1.9|PX:401.5|PY:-10.0|L...
[PASSIVE-BEACON] SIMNOW:17.658 CID:18 ZONE:1 RXUAV:1 EDGEPORT:9998 TS:17.646 SPD:19.800 HDG:0.000 PX:412.700 PY:-40.000 LAN:4 BRK:0 RX_X:0.000 RX_Y:0.000 RX_Z:0.000
[ZONE-ROUTE] CID:18 zone=1 edge_port=9998
[EDGE-RTT] CID:18 wall=1.3 ms  sim_delay=5.0 ms
>>> [UAV->CLOUD] BLK:4637|TX:7.0.0.22|CID:18|TS:17.646|SPD:19.8|HDG:0.0|PX:412.7|PY:-40.0...
[ECON-CLAWBACK] CID:5 ACT=WARN prior_payoff=-23.1 extra_penalty=3.8 new_payoff=-26.9
[FORGIVENESS] CID:5 WARN #12 — streak reset, benefits revoked
⚠ [CAR 5] ACT=WARN REP=0.627 RWD=0.000 PNL=3.852 CREDIT=-2
✓ [CAR 18] ACT=OK REP=1.000 RWD=1.000 PNL=0.000 CREDIT=30
[PASSIVE-BEACON] SIMNOW:17.706 CID:7 ZONE:1 RXUAV:1 EDGEPORT:9998 TS:17.692 SPD:24.700 HDG:-2.000 PX:383.100 PY:-30.000 LAN:3 BRK:0 RX_X:0.000 RX_Y:0.000 RX_Z:0.000
[ZONE-ROUTE] CID:7 zone=1 edge_port=9998
[EDGE-RTT] CID:7 wall=1.2 ms  sim_delay=5.0 ms
>>> [UAV->CLOUD] BLK:e821|TX:7.0.0.11|CID:7|TS:17.692|SPD:24.7|HDG:-2.0|PX:383.1|PY:-30.0...
[ECON-CLAWBACK] CID:7 ACT=WARN prior_payoff=-0.7 extra_penalty=1.8 new_payoff=-2.5
[FORGIVENESS] CID:7 WARN #4 — streak reset, benefits revoked
⚠ [CAR 7] ACT=WARN REP=0.809 RWD=0.000 PNL=1.848 CREDIT=-2
[PASSIVE-BEACON] SIMNOW:17.734 CID:1 ZONE:1 RXUAV:1 EDGEPORT:9998 TS:17.720 SPD:25.000 HDG:-1.600 PX:372.900 PY:-20.000 LAN:2 BRK:1 RX_X:0.000 RX_Y:0.000 RX_Z:0.000
[ZONE-ROUTE] CID:1 zone=1 edge_port=9998
[EDGE-RTT] CID:1 wall=1.2 ms  sim_delay=5.0 ms
>>> [UAV->CLOUD] BLK:1cad|TX:7.0.0.5|CID:1|TS:17.720|SPD:25.0|HDG:-1.6|PX:372.9|PY:-20.0|...
[ECON-CLAWBACK] CID:1 ACT=WARN prior_payoff=-9.8 extra_penalty=2.8 new_payoff=-12.6
[FORGIVENESS] CID:1 WARN #8 — streak reset, benefits revoked
⚠ [CAR 1] ACT=WARN REP=0.638 RWD=0.000 PNL=2.852 CREDIT=-2
[PASSIVE-BEACON] SIMNOW:17.758 CID:12 ZONE:1 RXUAV:1 EDGEPORT:9998 TS:17.744 SPD:25.300 HDG:1.600 PX:404.300 PY:-30.000 LAN:3 BRK:0 RX_X:0.000 RX_Y:0.000 RX_Z:0.000
[ZONE-ROUTE] CID:12 zone=1 edge_port=9998
[EDGE-RTT] CID:12 wall=1.1 ms  sim_delay=5.0 ms
>>> [UAV->CLOUD] BLK:2785|TX:7.0.0.16|CID:12|TS:17.744|SPD:25.3|HDG:1.6|PX:404.3|PY:-30.0...
[PASSIVE-BEACON] SIMNOW:17.760 CID:15 ZONE:1 RXUAV:1 EDGEPORT:9998 TS:17.746 SPD:25.400 HDG:-0.500 PX:444.600 PY:-10.000 LAN:1 BRK:0 RX_X:0.000 RX_Y:0.000 RX_Z:0.000
[ZONE-ROUTE] CID:15 zone=1 edge_port=9998
[EDGE-RTT] CID:15 wall=1.1 ms  sim_delay=5.0 ms
>>> [UAV->CLOUD] BLK:cf87|TX:7.0.0.19|CID:15|TS:17.746|SPD:25.4|HDG:-0.5|PX:444.6|PY:-10....
[ECON-CLAWBACK] CID:12 ACT=WARN prior_payoff=2.1 extra_penalty=2.5 new_payoff=-0.6
[FORGIVENESS] CID:12 WARN #3 — streak reset, benefits revoked
⚠ [CAR 12] ACT=WARN REP=0.875 RWD=0.000 PNL=2.648 CREDIT=-2
[ECON-CLAWBACK] CID:15 ACT=WARN prior_payoff=-22.905 extra_penalty=3.750 new_payoff=-26.757
[FORGIVENESS] CID:15 WARN #12 — streak reset, benefits revoked
⚠ [CAR 15] ACT=WARN REP=0.419 RWD=0.000 PNL=3.852 CREDIT=-2
[PASSIVE-BEACON] SIMNOW:17.836 CID:6 ZONE:1 RXUAV:1 EDGEPORT:9998 TS:17.822 SPD:24.700 HDG:1.300 PX:396.000 PY:-20.000 LAN:2 BRK:1 RX_X:0.000 RX_Y:0.000 RX_Z:0.000
[ZONE-ROUTE] CID:6 zone=1 edge_port=9998
[EDGE-RTT] CID:6 wall=1.2 ms  sim_delay=5.0 ms
>>> [UAV->CLOUD] BLK:6a36|TX:7.0.0.10|CID:6|TS:17.822|SPD:24.7|HDG:1.3|PX:396.0|PY:-20.0|...
[PASSIVE-BEACON] SIMNOW:17.848 CID:14 ZONE:1 RXUAV:1 EDGEPORT:9998 TS:17.834 SPD:20.500 HDG:-1.400 PX:396.800 PY:-50.000 LAN:5 BRK:0 RX_X:0.000 RX_Y:0.000 RX_Z:0.000
[ZONE-ROUTE] CID:14 zone=1 edge_port=9998
[EDGE-RTT] CID:14 wall=0.9 ms  sim_delay=5.0 ms
>>> [UAV->CLOUD] BLK:7b26|TX:7.0.0.18|CID:14|TS:17.834|SPD:20.5|HDG:-1.4|PX:396.8|PY:-50....
[ECON-CLAWBACK] CID:6 ACT=WARN prior_payoff=-9.7 extra_penalty=2.8 new_payoff=-12.6
[FORGIVENESS] CID:6 WARN #8 — streak reset, benefits revoked
⚠ [CAR 6] ACT=WARN REP=0.719 RWD=0.000 PNL=2.850 CREDIT=-2
✓ [CAR 14] ACT=OK REP=0.923 RWD=1.000 PNL=0.000 CREDIT=30
[PASSIVE-BEACON] SIMNOW:17.927 CID:11 ZONE:1 RXUAV:1 EDGEPORT:9998 TS:17.914 SPD:25.300 HDG:1.800 PX:417.900 PY:-20.000 LAN:2 BRK:0 RX_X:0.000 RX_Y:0.000 RX_Z:0.000
[ZONE-ROUTE] CID:11 zone=1 edge_port=9998
[EDGE-RTT] CID:11 wall=1.2 ms  sim_delay=5.0 ms
>>> [UAV->CLOUD] BLK:1fd9|TX:7.0.0.15|CID:11|TS:17.914|SPD:25.3|HDG:1.8|PX:417.9|PY:-20.0...
[ECON-CLAWBACK] CID:11 ACT=WARN prior_payoff=-9.8 extra_penalty=2.8 new_payoff=-12.6
[FORGIVENESS] CID:11 WARN #8 — streak reset, benefits revoked
⚠ [CAR 11] ACT=WARN REP=0.978 RWD=0.000 PNL=2.852 CREDIT=-2
[PASSIVE-BEACON] SIMNOW:17.968 CID:13 ZONE:1 RXUAV:1 EDGEPORT:9998 TS:17.954 SPD:24.700 HDG:-0.500 PX:399.100 PY:-40.000 LAN:4 BRK:0 RX_X:0.000 RX_Y:0.000 RX_Z:0.000
[ZONE-ROUTE] CID:13 zone=1 edge_port=9998
[EDGE-RTT] CID:13 wall=1.2 ms  sim_delay=5.0 ms
>>> [UAV->CLOUD] BLK:3463|TX:7.0.0.17|CID:13|TS:17.954|SPD:24.7|HDG:-0.5|PX:399.1|PY:-40....
[PASSIVE-BEACON] SIMNOW:17.971 CID:17 ZONE:1 RXUAV:1 EDGEPORT:9998 TS:17.956 SPD:25.200 HDG:1.000 PX:428.800 PY:-30.000 LAN:3 BRK:0 RX_X:0.000 RX_Y:0.000 RX_Z:0.000
[ZONE-ROUTE] CID:17 zone=1 edge_port=9998
[EDGE-RTT] CID:17 wall=0.9 ms  sim_delay=5.0 ms
>>> [UAV->CLOUD] BLK:dafb|TX:7.0.0.21|CID:17|TS:17.956|SPD:25.2|HDG:1.0|PX:428.8|PY:-30.0...
✓ [CAR 13] ACT=OK REP=0.920 RWD=0.851 PNL=0.000 CREDIT=30
[ECON-CLAWBACK] CID:17 ACT=WARN prior_payoff=-2.512 extra_penalty=2.000 new_payoff=-4.614
[FORGIVENESS] CID:17 WARN #5 — streak reset, benefits revoked
⚠ [CAR 17] ACT=WARN REP=0.813 RWD=0.000 PNL=2.102 CREDIT=-2
[PASSIVE-BEACON] SIMNOW:18.066 CID:8 ZONE:1 RXUAV:1 EDGEPORT:9998 TS:18.052 SPD:24.700 HDG:1.900 PX:382.200 PY:-40.000 LAN:4 BRK:0 RX_X:0.000 RX_Y:0.000 RX_Z:0.000
[ZONE-ROUTE] CID:8 zone=1 edge_port=9998
[EDGE-RTT] CID:8 wall=1.3 ms  sim_delay=5.0 ms
>>> [UAV->CLOUD] BLK:6c17|TX:7.0.0.12|CID:8|TS:18.052|SPD:24.7|HDG:1.9|PX:382.2|PY:-40.0|...
[PASSIVE-BEACON] SIMNOW:18.078 CID:10 ZONE:1 RXUAV:1 EDGEPORT:9998 TS:18.064 SPD:25.400 HDG:-0.700 PX:432.400 PY:-10.000 LAN:1 BRK:0 RX_X:0.000 RX_Y:0.000 RX_Z:0.000
[ZONE-ROUTE] CID:10 zone=1 edge_port=9998
[EDGE-RTT] CID:10 wall=1.1 ms  sim_delay=5.0 ms
>>> [UAV->CLOUD] BLK:0361|TX:7.0.0.14|CID:10|TS:18.064|SPD:25.4|HDG:-0.7|PX:432.4|PY:-10....
✓ [CAR 8] ACT=OK REP=0.887 RWD=0.850 PNL=0.000 CREDIT=31
[ECON-CLAWBACK] CID:10 ACT=WARN prior_payoff=-22.856 extra_penalty=3.750 new_payoff=-26.708
[FORGIVENESS] CID:10 WARN #12 — streak reset, benefits revoked
⚠ [CAR 10] ACT=WARN REP=0.489 RWD=0.000 PNL=3.852 CREDIT=-2
[PASSIVE-BEACON] SIMNOW:18.114 CID:4 ZONE:1 RXUAV:1 EDGEPORT:9998 TS:18.100 SPD:20.100 HDG:1.200 PX:361.500 PY:-50.000 LAN:5 BRK:0 RX_X:0.000 RX_Y:0.000 RX_Z:0.000
[ZONE-ROUTE] CID:4 zone=1 edge_port=9998
[EDGE-RTT] CID:4 wall=1.1 ms  sim_delay=5.0 ms
>>> [UAV->CLOUD] BLK:9fbc|TX:7.0.0.8|CID:4|TS:18.100|SPD:20.1|HDG:1.2|PX:361.5|PY:-50.0|L...
✓ [CAR 4] ACT=OK REP=0.871 RWD=1.000 PNL=0.000 CREDIT=32
[PASSIVE-BEACON] SIMNOW:18.136 CID:9 ZONE:1 RXUAV:1 EDGEPORT:9998 TS:18.122 SPD:19.900 HDG:-1.900 PX:382.500 PY:-50.000 LAN:5 BRK:0 RX_X:0.000 RX_Y:0.000 RX_Z:0.000
[ZONE-ROUTE] CID:9 zone=1 edge_port=9998
[EDGE-RTT] CID:9 wall=1.1 ms  sim_delay=5.0 ms
>>> [UAV->CLOUD] BLK:ed5a|TX:7.0.0.13|CID:9|TS:18.122|SPD:19.9|HDG:-1.9|PX:382.5|PY:-50.0...
✓ [CAR 9] ACT=OK REP=0.966 RWD=1.000 PNL=0.000 CREDIT=31
[PASSIVE-BEACON] SIMNOW:18.157 CID:5 ZONE:1 RXUAV:1 EDGEPORT:9998 TS:18.142 SPD:25.300 HDG:2.000 PX:414.400 PY:-10.000 LAN:1 BRK:1 RX_X:0.000 RX_Y:0.000 RX_Z:0.000
[ZONE-ROUTE] CID:5 zone=1 edge_port=9998
[EDGE-RTT] CID:5 wall=0.9 ms  sim_delay=10.0 ms
>>> [UAV->CLOUD] BLK:6fcc|TX:7.0.0.9|CID:5|TS:18.142|SPD:25.3|HDG:2.0|PX:414.4|PY:-10.0|L...
[PASSIVE-BEACON] SIMNOW:18.160 CID:18 ZONE:1 RXUAV:1 EDGEPORT:9998 TS:18.146 SPD:25.400 HDG:1.900 PX:423.900 PY:-40.000 LAN:4 BRK:0 RX_X:0.000 RX_Y:0.000 RX_Z:0.000
[ZONE-ROUTE] CID:18 zone=1 edge_port=9998
[EDGE-RTT] CID:18 wall=1.2 ms  sim_delay=5.0 ms
>>> [UAV->CLOUD] BLK:17e9|TX:7.0.0.22|CID:18|TS:18.146|SPD:25.4|HDG:1.9|PX:423.9|PY:-40.0...
[ECON-CLAWBACK] CID:5 ACT=WARN prior_payoff=-26.9 extra_penalty=4.0 new_payoff=-31.0
[FORGIVENESS] CID:5 WARN #13 — streak reset, benefits revoked
⚠ [CAR 5] ACT=WARN REP=0.464 RWD=0.000 PNL=4.102 CREDIT=-2
[ECON-CLAWBACK] CID:18 ACT=WARN prior_payoff=33.996 extra_penalty=26.497 new_payoff=7.422
[TRUST-REVOKED] CID:18 benefits revoked logically; lane=4 speed=20.000 latency=10.000ms
[FORGIVENESS] CID:18 WARN #1 — streak reset, benefits revoked
⚠ [CAR 18] ACT=WARN REP=0.868 RWD=0.000 PNL=26.574 CREDIT=29
[PASSIVE-BEACON] SIMNOW:18.206 CID:7 ZONE:1 RXUAV:1 EDGEPORT:9998 TS:18.192 SPD:25.000 HDG:1.500 PX:395.400 PY:-30.000 LAN:3 BRK:0 RX_X:0.000 RX_Y:0.000 RX_Z:0.000
[ZONE-ROUTE] CID:7 zone=1 edge_port=9998
[EDGE-RTT] CID:7 wall=1.1 ms  sim_delay=5.0 ms
>>> [UAV->CLOUD] BLK:d80c|TX:7.0.0.11|CID:7|TS:18.192|SPD:25.0|HDG:1.5|PX:395.4|PY:-30.0|...
[ECON-CLAWBACK] CID:7 ACT=WARN prior_payoff=-2.5 extra_penalty=2.0 new_payoff=-4.6
[FORGIVENESS] CID:7 WARN #5 — streak reset, benefits revoked
⚠ [CAR 7] ACT=WARN REP=0.803 RWD=0.000 PNL=2.101 CREDIT=-2
[PASSIVE-BEACON] SIMNOW:18.234 CID:1 ZONE:1 RXUAV:1 EDGEPORT:9998 TS:18.220 SPD:25.200 HDG:0.400 PX:385.700 PY:-20.000 LAN:2 BRK:0 RX_X:0.000 RX_Y:0.000 RX_Z:0.000
[ZONE-ROUTE] CID:1 zone=1 edge_port=9998
[EDGE-RTT] CID:1 wall=1.3 ms  sim_delay=5.0 ms
>>> [UAV->CLOUD] BLK:5b2c|TX:7.0.0.5|CID:1|TS:18.220|SPD:25.2|HDG:0.4|PX:385.7|PY:-20.0|L...
[ECON-CLAWBACK] CID:1 ACT=WARN prior_payoff=-12.6 extra_penalty=3.0 new_payoff=-15.7
[FORGIVENESS] CID:1 WARN #9 — streak reset, benefits revoked
⚠ [CAR 1] ACT=WARN REP=0.917 RWD=0.000 PNL=3.102 CREDIT=-2
[PASSIVE-BEACON] SIMNOW:18.258 CID:12 ZONE:1 RXUAV:1 EDGEPORT:9998 TS:18.244 SPD:25.300 HDG:0.200 PX:416.200 PY:-30.000 LAN:3 BRK:0 RX_X:0.000 RX_Y:0.000 RX_Z:0.000
[ZONE-ROUTE] CID:12 zone=1 edge_port=9998
[EDGE-RTT] CID:12 wall=1.0 ms  sim_delay=5.0 ms
>>> [UAV->CLOUD] BLK:e37f|TX:7.0.0.16|CID:12|TS:18.244|SPD:25.3|HDG:0.2|PX:416.2|PY:-30.0...
[PASSIVE-BEACON] SIMNOW:18.260 CID:15 ZONE:1 RXUAV:1 EDGEPORT:9998 TS:18.246 SPD:25.500 HDG:-1.700 PX:456.500 PY:-10.000 LAN:1 BRK:1 RX_X:0.000 RX_Y:0.000 RX_Z:0.000
[ZONE-ROUTE] CID:15 zone=1 edge_port=9998
[EDGE-RTT] CID:15 wall=1.0 ms  sim_delay=5.0 ms
>>> [UAV->CLOUD] BLK:c655|TX:7.0.0.19|CID:15|TS:18.246|SPD:25.5|HDG:-1.7|PX:456.5|PY:-10....
[ECON-CLAWBACK] CID:12 ACT=WARN prior_payoff=-0.6 extra_penalty=1.8 new_payoff=-2.4
[FORGIVENESS] CID:12 WARN #4 — streak reset, benefits revoked
⚠ [CAR 12] ACT=WARN REP=0.945 RWD=0.000 PNL=1.852 CREDIT=-2
[ECON-CLAWBACK] CID:15 ACT=WARN prior_payoff=-26.757 extra_penalty=4.000 new_payoff=-30.859
[FORGIVENESS] CID:15 WARN #13 — streak reset, benefits revoked
⚠ [CAR 15] ACT=WARN REP=0.714 RWD=0.000 PNL=4.102 CREDIT=-2
[PASSIVE-BEACON] SIMNOW:18.336 CID:6 ZONE:1 RXUAV:1 EDGEPORT:9998 TS:18.322 SPD:25.300 HDG:0.500 PX:408.300 PY:-20.000 LAN:2 BRK:0 RX_X:0.000 RX_Y:0.000 RX_Z:0.000
[ZONE-ROUTE] CID:6 zone=1 edge_port=9998
[EDGE-RTT] CID:6 wall=1.3 ms  sim_delay=5.0 ms
>>> [UAV->CLOUD] BLK:b959|TX:7.0.0.10|CID:6|TS:18.322|SPD:25.3|HDG:0.5|PX:408.3|PY:-20.0|...
[PASSIVE-BEACON] SIMNOW:18.348 CID:14 ZONE:1 RXUAV:1 EDGEPORT:9998 TS:18.334 SPD:20.400 HDG:-0.900 PX:406.500 PY:-50.000 LAN:5 BRK:0 RX_X:0.000 RX_Y:0.000 RX_Z:0.000
[ZONE-ROUTE] CID:14 zone=1 edge_port=9998
[EDGE-RTT] CID:14 wall=1.4 ms  sim_delay=5.0 ms
>>> [UAV->CLOUD] BLK:7292|TX:7.0.0.18|CID:14|TS:18.334|SPD:20.4|HDG:-0.9|PX:406.5|PY:-50....
[ECON-CLAWBACK] CID:6 ACT=WARN prior_payoff=-12.6 extra_penalty=3.0 new_payoff=-15.7
[FORGIVENESS] CID:6 WARN #9 — streak reset, benefits revoked
⚠ [CAR 6] ACT=WARN REP=0.673 RWD=0.000 PNL=3.102 CREDIT=-2
✓ [CAR 14] ACT=OK REP=0.923 RWD=1.000 PNL=0.000 CREDIT=31
[PASSIVE-BEACON] SIMNOW:18.428 CID:11 ZONE:1 RXUAV:1 EDGEPORT:9998 TS:18.414 SPD:24.600 HDG:1.100 PX:430.900 PY:-20.000 LAN:2 BRK:0 RX_X:0.000 RX_Y:0.000 RX_Z:0.000
[ZONE-ROUTE] CID:11 zone=1 edge_port=9998
[EDGE-RTT] CID:11 wall=1.4 ms  sim_delay=5.0 ms
>>> [UAV->CLOUD] BLK:bfc9|TX:7.0.0.15|CID:11|TS:18.414|SPD:24.6|HDG:1.1|PX:430.9|PY:-20.0...
[ECON-CLAWBACK] CID:11 ACT=WARN prior_payoff=-12.6 extra_penalty=3.0 new_payoff=-15.7
[FORGIVENESS] CID:11 WARN #9 — streak reset, benefits revoked
⚠ [CAR 11] ACT=WARN REP=0.773 RWD=0.000 PNL=3.100 CREDIT=-2
[PASSIVE-BEACON] SIMNOW:18.468 CID:13 ZONE:1 RXUAV:1 EDGEPORT:9998 TS:18.454 SPD:25.500 HDG:0.300 PX:411.700 PY:-40.000 LAN:4 BRK:0 RX_X:0.000 RX_Y:0.000 RX_Z:0.000
[ZONE-ROUTE] CID:13 zone=1 edge_port=9998
[EDGE-RTT] CID:13 wall=0.8 ms  sim_delay=5.0 ms
>>> [UAV->CLOUD] BLK:bd6b|TX:7.0.0.17|CID:13|TS:18.454|SPD:25.5|HDG:0.3|PX:411.7|PY:-40.0...
[PASSIVE-BEACON] SIMNOW:18.470 CID:17 ZONE:1 RXUAV:1 EDGEPORT:9998 TS:18.456 SPD:25.100 HDG:-1.400 PX:442.300 PY:-30.000 LAN:3 BRK:0 RX_X:0.000 RX_Y:0.000 RX_Z:0.000
[ZONE-ROUTE] CID:17 zone=1 edge_port=9998
[EDGE-RTT] CID:17 wall=0.7 ms  sim_delay=5.0 ms
>>> [UAV->CLOUD] BLK:feb3|TX:7.0.0.21|CID:17|TS:18.456|SPD:25.1|HDG:-1.4|PX:442.3|PY:-30....
[ECON-CLAWBACK] CID:13 ACT=WARN prior_payoff=33.8 extra_penalty=26.4 new_payoff=7.4
[TRUST-REVOKED] CID:13 benefits revoked logically; lane=4 speed=20.0 latency=10.0ms
[FORGIVENESS] CID:13 WARN #1 — streak reset, benefits revoked
⚠ [CAR 13] ACT=WARN REP=0.921 RWD=0.000 PNL=26.465 CREDIT=29
[ECON-CLAWBACK] CID:17 ACT=WARN prior_payoff=-4.614 extra_penalty=2.250 new_payoff=-6.966
[FORGIVENESS] CID:17 WARN #6 — streak reset, benefits revoked
⚠ [CAR 17] ACT=WARN REP=0.598 RWD=0.000 PNL=2.352 CREDIT=-2
[PASSIVE-BEACON] SIMNOW:18.566 CID:8 ZONE:1 RXUAV:1 EDGEPORT:9998 TS:18.552 SPD:25.300 HDG:-1.400 PX:394.500 PY:-40.000 LAN:4 BRK:0 RX_X:0.000 RX_Y:0.000 RX_Z:0.000
[ZONE-ROUTE] CID:8 zone=1 edge_port=9998
[EDGE-RTT] CID:8 wall=1.3 ms  sim_delay=5.0 ms
>>> [UAV->CLOUD] BLK:5696|TX:7.0.0.12|CID:8|TS:18.552|SPD:25.3|HDG:-1.4|PX:394.5|PY:-40.0...
[PASSIVE-BEACON] SIMNOW:18.576 CID:10 ZONE:1 RXUAV:1 EDGEPORT:9998 TS:18.564 SPD:25.100 HDG:-1.700 PX:444.500 PY:-10.000 LAN:1 BRK:0 RX_X:0.000 RX_Y:0.000 RX_Z:0.000
[ZONE-ROUTE] CID:10 zone=1 edge_port=9998
[EDGE-RTT] CID:10 wall=1.0 ms  sim_delay=5.0 ms
>>> [UAV->CLOUD] BLK:e59a|TX:7.0.0.14|CID:10|TS:18.564|SPD:25.1|HDG:-1.7|PX:444.5|PY:-10....
[ECON-CLAWBACK] CID:8 ACT=WARN prior_payoff=34.8 extra_penalty=27.1 new_payoff=7.6
[TRUST-REVOKED] CID:8 benefits revoked logically; lane=4 speed=20.0 latency=10.0ms
[FORGIVENESS] CID:8 WARN #1 — streak reset, benefits revoked
⚠ [CAR 8] ACT=WARN REP=1.000 RWD=0.000 PNL=27.211 CREDIT=30
[ECON-CLAWBACK] CID:10 ACT=WARN prior_payoff=-26.708 extra_penalty=4.000 new_payoff=-30.810
[FORGIVENESS] CID:10 WARN #13 — streak reset, benefits revoked
⚠ [CAR 10] ACT=WARN REP=0.549 RWD=0.000 PNL=4.102 CREDIT=-2
[PASSIVE-BEACON] SIMNOW:18.614 CID:4 ZONE:1 RXUAV:1 EDGEPORT:9998 TS:18.600 SPD:20.000 HDG:-1.800 PX:372.000 PY:-50.000 LAN:5 BRK:0 RX_X:0.000 RX_Y:0.000 RX_Z:0.000
[ZONE-ROUTE] CID:4 zone=1 edge_port=9998
[EDGE-RTT] CID:4 wall=1.4 ms  sim_delay=5.0 ms
>>> [UAV->CLOUD] BLK:e1fe|TX:7.0.0.8|CID:4|TS:18.600|SPD:20.0|HDG:-1.8|PX:372.0|PY:-50.0|...
✓ [CAR 4] ACT=OK REP=0.910 RWD=1.000 PNL=0.000 CREDIT=33
[PASSIVE-BEACON] SIMNOW:18.636 CID:9 ZONE:1 RXUAV:1 EDGEPORT:9998 TS:18.622 SPD:19.600 HDG:0.900 PX:391.700 PY:-50.000 LAN:5 BRK:0 RX_X:0.000 RX_Y:0.000 RX_Z:0.000
[ZONE-ROUTE] CID:9 zone=1 edge_port=9998
[EDGE-RTT] CID:9 wall=1.2 ms  sim_delay=5.0 ms
>>> [UAV->CLOUD] BLK:27c0|TX:7.0.0.13|CID:9|TS:18.622|SPD:19.6|HDG:0.9|PX:391.7|PY:-50.0|...
✓ [CAR 9] ACT=OK REP=1.000 RWD=1.000 PNL=0.000 CREDIT=32
[PASSIVE-BEACON] SIMNOW:18.656 CID:5 ZONE:1 RXUAV:1 EDGEPORT:9998 TS:18.642 SPD:25.100 HDG:0.000 PX:426.100 PY:-10.000 LAN:1 BRK:0 RX_X:0.000 RX_Y:0.000 RX_Z:0.000
[ZONE-ROUTE] CID:5 zone=1 edge_port=9998
[EDGE-RTT] CID:5 wall=1.2 ms  sim_delay=10.0 ms
>>> [UAV->CLOUD] BLK:602d|TX:7.0.0.9|CID:5|TS:18.642|SPD:25.1|HDG:0.0|PX:426.1|PY:-10.0|L...
[PASSIVE-BEACON] SIMNOW:18.660 CID:18 ZONE:1 RXUAV:1 EDGEPORT:9998 TS:18.646 SPD:24.700 HDG:-0.700 PX:436.400 PY:-40.000 LAN:4 BRK:1 RX_X:0.000 RX_Y:0.000 RX_Z:0.000
[ZONE-ROUTE] CID:18 zone=1 edge_port=9998
[EDGE-RTT] CID:18 wall=0.9 ms  sim_delay=5.0 ms
>>> [UAV->CLOUD] BLK:7c2b|TX:7.0.0.22|CID:18|TS:18.646|SPD:24.7|HDG:-0.7|PX:436.4|PY:-40....
[ECON-CLAWBACK] CID:5 ACT=WARN prior_payoff=-31.0 extra_penalty=4.2 new_payoff=-35.4
[FORGIVENESS] CID:5 WARN #14 — streak reset, benefits revoked
⚠ [CAR 5] ACT=WARN REP=0.514 RWD=0.000 PNL=4.352 CREDIT=-2
[ECON-CLAWBACK] CID:18 ACT=WARN prior_payoff=7.422 extra_penalty=4.961 new_payoff=2.367
[FORGIVENESS] CID:18 WARN #2 — streak reset, benefits revoked
⚠ [CAR 18] ACT=WARN REP=0.844 RWD=0.000 PNL=5.055 CREDIT=-2
[PASSIVE-BEACON] SIMNOW:18.706 CID:7 ZONE:1 RXUAV:1 EDGEPORT:9998 TS:18.692 SPD:25.300 HDG:-1.800 PX:408.400 PY:-30.000 LAN:3 BRK:0 RX_X:0.000 RX_Y:0.000 RX_Z:0.000
[ZONE-ROUTE] CID:7 zone=1 edge_port=9998
[EDGE-RTT] CID:7 wall=1.0 ms  sim_delay=5.0 ms
>>> [UAV->CLOUD] BLK:9f97|TX:7.0.0.11|CID:7|TS:18.692|SPD:25.3|HDG:-1.8|PX:408.4|PY:-30.0...
[ECON-CLAWBACK] CID:7 ACT=WARN prior_payoff=-4.6 extra_penalty=2.2 new_payoff=-7.0
[FORGIVENESS] CID:7 WARN #6 — streak reset, benefits revoked
⚠ [CAR 7] ACT=WARN REP=0.899 RWD=0.000 PNL=2.352 CREDIT=-2
[PASSIVE-BEACON] SIMNOW:18.733 CID:1 ZONE:1 RXUAV:1 EDGEPORT:9998 TS:18.720 SPD:25.000 HDG:0.800 PX:399.000 PY:-20.000 LAN:2 BRK:0 RX_X:0.000 RX_Y:0.000 RX_Z:0.000
[ZONE-ROUTE] CID:1 zone=1 edge_port=9998
[EDGE-RTT] CID:1 wall=1.3 ms  sim_delay=5.0 ms
>>> [UAV->CLOUD] BLK:132e|TX:7.0.0.5|CID:1|TS:18.720|SPD:25.0|HDG:0.8|PX:399.0|PY:-20.0|L...
[ECON-CLAWBACK] CID:1 ACT=WARN prior_payoff=-15.7 extra_penalty=3.2 new_payoff=-19.1
[FORGIVENESS] CID:1 WARN #10 — streak reset, benefits revoked
⚠ [CAR 1] ACT=WARN REP=0.734 RWD=0.000 PNL=3.351 CREDIT=-2
[PASSIVE-BEACON] SIMNOW:18.758 CID:12 ZONE:1 RXUAV:1 EDGEPORT:9998 TS:18.744 SPD:25.300 HDG:-1.200 PX:429.400 PY:-30.000 LAN:3 BRK:1 RX_X:0.000 RX_Y:0.000 RX_Z:0.000
[ZONE-ROUTE] CID:12 zone=1 edge_port=9998
[EDGE-RTT] CID:12 wall=1.1 ms  sim_delay=5.0 ms
>>> [UAV->CLOUD] BLK:bca0|TX:7.0.0.16|CID:12|TS:18.744|SPD:25.3|HDG:-1.2|PX:429.4|PY:-30....
[PASSIVE-BEACON] SIMNOW:18.760 CID:15 ZONE:1 RXUAV:1 EDGEPORT:9998 TS:18.746 SPD:24.900 HDG:-1.000 PX:469.200 PY:-10.000 LAN:1 BRK:0 RX_X:0.000 RX_Y:0.000 RX_Z:0.000
[ZONE-ROUTE] CID:15 zone=1 edge_port=9998
[EDGE-RTT] CID:15 wall=0.9 ms  sim_delay=5.0 ms
>>> [UAV->CLOUD] BLK:cacb|TX:7.0.0.19|CID:15|TS:18.746|SPD:24.9|HDG:-1.0|PX:469.2|PY:-10....
[ECON-CLAWBACK] CID:12 ACT=WARN prior_payoff=-2.4 extra_penalty=2.0 new_payoff=-4.5
[FORGIVENESS] CID:12 WARN #5 — streak reset, benefits revoked
⚠ [CAR 12] ACT=WARN REP=0.990 RWD=0.000 PNL=2.102 CREDIT=-2
[ECON-CLAWBACK] CID:15 ACT=WARN prior_payoff=-30.859 extra_penalty=4.250 new_payoff=-35.210
[FORGIVENESS] CID:15 WARN #14 — streak reset, benefits revoked
⚠ [CAR 15] ACT=WARN REP=0.546 RWD=0.000 PNL=4.351 CREDIT=-2
[PASSIVE-BEACON] SIMNOW:18.836 CID:6 ZONE:1 RXUAV:1 EDGEPORT:9998 TS:18.822 SPD:25.500 HDG:-0.900 PX:420.900 PY:-20.000 LAN:2 BRK:0 RX_X:0.000 RX_Y:0.000 RX_Z:0.000
[ZONE-ROUTE] CID:6 zone=1 edge_port=9998
[EDGE-RTT] CID:6 wall=1.4 ms  sim_delay=5.0 ms
>>> [UAV->CLOUD] BLK:f457|TX:7.0.0.10|CID:6|TS:18.822|SPD:25.5|HDG:-0.9|PX:420.9|PY:-20.0...
[PASSIVE-BEACON] SIMNOW:18.848 CID:14 ZONE:1 RXUAV:1 EDGEPORT:9998 TS:18.834 SPD:20.000 HDG:0.100 PX:417.000 PY:-50.000 LAN:5 BRK:0 RX_X:0.000 RX_Y:0.000 RX_Z:0.000
[ZONE-ROUTE] CID:14 zone=1 edge_port=9998
[EDGE-RTT] CID:14 wall=1.3 ms  sim_delay=5.0 ms
>>> [UAV->CLOUD] BLK:591f|TX:7.0.0.18|CID:14|TS:18.834|SPD:20.0|HDG:0.1|PX:417.0|PY:-50.0...
[ECON-CLAWBACK] CID:6 ACT=WARN prior_payoff=-15.7 extra_penalty=3.2 new_payoff=-19.1
[FORGIVENESS] CID:6 WARN #10 — streak reset, benefits revoked
⚠ [CAR 6] ACT=WARN REP=0.830 RWD=0.000 PNL=3.352 CREDIT=-2
✓ [CAR 14] ACT=OK REP=0.603 RWD=1.000 PNL=0.000 CREDIT=32
[PASSIVE-BEACON] SIMNOW:18.928 CID:11 ZONE:1 RXUAV:1 EDGEPORT:9998 TS:18.914 SPD:24.500 HDG:-0.900 PX:443.500 PY:-20.000 LAN:2 BRK:1 RX_X:0.000 RX_Y:0.000 RX_Z:0.000
[ZONE-ROUTE] CID:11 zone=1 edge_port=9998
[EDGE-RTT] CID:11 wall=1.3 ms  sim_delay=5.0 ms
>>> [UAV->CLOUD] BLK:3165|TX:7.0.0.15|CID:11|TS:18.914|SPD:24.5|HDG:-0.9|PX:443.5|PY:-20....
[ECON-CLAWBACK] CID:11 ACT=WARN prior_payoff=-15.7 extra_penalty=3.2 new_payoff=-19.1
[FORGIVENESS] CID:11 WARN #10 — streak reset, benefits revoked
⚠ [CAR 11] ACT=WARN REP=0.782 RWD=0.000 PNL=3.349 CREDIT=-2
[PASSIVE-BEACON] SIMNOW:18.968 CID:13 ZONE:1 RXUAV:1 EDGEPORT:9998 TS:18.954 SPD:25.200 HDG:-1.500 PX:423.900 PY:-40.000 LAN:4 BRK:0 RX_X:0.000 RX_Y:0.000 RX_Z:0.000
[ZONE-ROUTE] CID:13 zone=1 edge_port=9998
[EDGE-RTT] CID:13 wall=1.3 ms  sim_delay=5.0 ms
>>> [UAV->CLOUD] BLK:a7c0|TX:7.0.0.17|CID:13|TS:18.954|SPD:25.2|HDG:-1.5|PX:423.9|PY:-40....
[PASSIVE-BEACON] SIMNOW:18.971 CID:17 ZONE:1 RXUAV:1 EDGEPORT:9998 TS:18.956 SPD:25.000 HDG:0.400 PX:453.900 PY:-30.000 LAN:3 BRK:0 RX_X:0.000 RX_Y:0.000 RX_Z:0.000
[ZONE-ROUTE] CID:17 zone=1 edge_port=9998
[EDGE-RTT] CID:17 wall=1.1 ms  sim_delay=5.0 ms
>>> [UAV->CLOUD] BLK:9147|TX:7.0.0.21|CID:17|TS:18.956|SPD:25.0|HDG:0.4|PX:453.9|PY:-30.0...
[ECON-CLAWBACK] CID:13 ACT=WARN prior_payoff=7.4 extra_penalty=4.9 new_payoff=2.3
[FORGIVENESS] CID:13 WARN #2 — streak reset, benefits revoked
⚠ [CAR 13] ACT=WARN REP=1.000 RWD=0.000 PNL=5.039 CREDIT=-2
[ECON-CLAWBACK] CID:17 ACT=WARN prior_payoff=-6.966 extra_penalty=2.500 new_payoff=-9.567
[FORGIVENESS] CID:17 WARN #7 — streak reset, benefits revoked
⚠ [CAR 17] ACT=WARN REP=0.881 RWD=0.000 PNL=2.601 CREDIT=-2
[PASSIVE-BEACON] SIMNOW:19.066 CID:8 ZONE:1 RXUAV:1 EDGEPORT:9998 TS:19.052 SPD:24.700 HDG:1.800 PX:406.400 PY:-40.000 LAN:4 BRK:0 RX_X:0.000 RX_Y:0.000 RX_Z:0.000
[ZONE-ROUTE] CID:8 zone=1 edge_port=9998
[EDGE-RTT] CID:8 wall=1.0 ms  sim_delay=5.0 ms
>>> [UAV->CLOUD] BLK:d83f|TX:7.0.0.12|CID:8|TS:19.052|SPD:24.7|HDG:1.8|PX:406.4|PY:-40.0|...
[PASSIVE-BEACON] SIMNOW:19.078 CID:10 ZONE:1 RXUAV:1 EDGEPORT:9998 TS:19.064 SPD:25.100 HDG:1.500 PX:457.400 PY:-10.000 LAN:1 BRK:0 RX_X:0.000 RX_Y:0.000 RX_Z:0.000
[ZONE-ROUTE] CID:10 zone=1 edge_port=9998
[EDGE-RTT] CID:10 wall=1.0 ms  sim_delay=5.0 ms
>>> [UAV->CLOUD] BLK:7687|TX:7.0.0.14|CID:10|TS:19.064|SPD:25.1|HDG:1.5|PX:457.4|PY:-10.0...
[ECON-CLAWBACK] CID:8 ACT=WARN prior_payoff=7.6 extra_penalty=5.1 new_payoff=2.5
[FORGIVENESS] CID:8 WARN #2 — streak reset, benefits revoked
⚠ [CAR 8] ACT=WARN REP=1.000 RWD=0.000 PNL=5.162 CREDIT=-2
[ECON-CLAWBACK] CID:10 ACT=WARN prior_payoff=-30.810 extra_penalty=4.250 new_payoff=-35.162
[FORGIVENESS] CID:10 WARN #14 — streak reset, benefits revoked
⚠ [CAR 10] ACT=WARN REP=0.624 RWD=0.000 PNL=4.352 CREDIT=-2
[PASSIVE-BEACON] SIMNOW:19.114 CID:4 ZONE:1 RXUAV:1 EDGEPORT:9998 TS:19.100 SPD:20.000 HDG:0.700 PX:382.300 PY:-50.000 LAN:5 BRK:0 RX_X:0.000 RX_Y:0.000 RX_Z:0.000
[ZONE-ROUTE] CID:4 zone=1 edge_port=9998
[EDGE-RTT] CID:4 wall=1.1 ms  sim_delay=5.0 ms
>>> [UAV->CLOUD] BLK:5add|TX:7.0.0.8|CID:4|TS:19.100|SPD:20.0|HDG:0.7|PX:382.3|PY:-50.0|L...
✓ [CAR 4] ACT=OK REP=1.000 RWD=1.000 PNL=0.000 CREDIT=34
[PASSIVE-BEACON] SIMNOW:19.136 CID:9 ZONE:1 RXUAV:1 EDGEPORT:9998 TS:19.122 SPD:20.200 HDG:-1.800 PX:403.200 PY:-50.000 LAN:5 BRK:1 RX_X:0.000 RX_Y:0.000 RX_Z:0.000
[ZONE-ROUTE] CID:9 zone=1 edge_port=9998
[EDGE-RTT] CID:9 wall=1.0 ms  sim_delay=5.0 ms
>>> [UAV->CLOUD] BLK:b6c6|TX:7.0.0.13|CID:9|TS:19.122|SPD:20.2|HDG:-1.8|PX:403.2|PY:-50.0...
✓ [CAR 9] ACT=OK REP=1.000 RWD=1.000 PNL=0.000 CREDIT=33
[PASSIVE-BEACON] SIMNOW:19.157 CID:5 ZONE:1 RXUAV:1 EDGEPORT:9998 TS:19.142 SPD:24.600 HDG:-1.900 PX:439.800 PY:-10.000 LAN:1 BRK:0 RX_X:0.000 RX_Y:0.000 RX_Z:0.000
[ZONE-ROUTE] CID:5 zone=1 edge_port=9998
[EDGE-RTT] CID:5 wall=1.2 ms  sim_delay=10.0 ms
>>> [UAV->CLOUD] BLK:5ca7|TX:7.0.0.9|CID:5|TS:19.142|SPD:24.6|HDG:-1.9|PX:439.8|PY:-10.0|...
[PASSIVE-BEACON] SIMNOW:19.159 CID:18 ZONE:1 RXUAV:1 EDGEPORT:9998 TS:19.146 SPD:24.900 HDG:-0.100 PX:448.700 PY:-40.000 LAN:4 BRK:0 RX_X:0.000 RX_Y:0.000 RX_Z:0.000
[ZONE-ROUTE] CID:18 zone=1 edge_port=9998
[EDGE-RTT] CID:18 wall=1.0 ms  sim_delay=5.0 ms
>>> [UAV->CLOUD] BLK:55c8|TX:7.0.0.22|CID:18|TS:19.146|SPD:24.9|HDG:-0.1|PX:448.7|PY:-40....
[ECON-CLAWBACK] CID:5 ACT=WARN prior_payoff=-35.4 extra_penalty=4.5 new_payoff=-40.0
[FORGIVENESS] CID:5 WARN #15 — streak reset, benefits revoked
⚠ [CAR 5] ACT=WARN REP=0.369 RWD=0.000 PNL=4.600 CREDIT=-2
[ECON-CLAWBACK] CID:18 ACT=WARN prior_payoff=2.367 extra_penalty=2.683 new_payoff=-0.413
[FORGIVENESS] CID:18 WARN #3 — streak reset, benefits revoked
⚠ [CAR 18] ACT=WARN REP=0.637 RWD=0.000 PNL=2.780 CREDIT=-2
[PASSIVE-BEACON] SIMNOW:19.206 CID:7 ZONE:1 RXUAV:1 EDGEPORT:9998 TS:19.192 SPD:24.700 HDG:-0.900 PX:419.700 PY:-30.000 LAN:3 BRK:0 RX_X:0.000 RX_Y:0.000 RX_Z:0.000
[ZONE-ROUTE] CID:7 zone=1 edge_port=9998
[EDGE-RTT] CID:7 wall=1.3 ms  sim_delay=5.0 ms
>>> [UAV->CLOUD] BLK:5aa7|TX:7.0.0.11|CID:7|TS:19.192|SPD:24.7|HDG:-0.9|PX:419.7|PY:-30.0...
[ECON-CLAWBACK] CID:7 ACT=WARN prior_payoff=-7.0 extra_penalty=2.5 new_payoff=-9.6
[FORGIVENESS] CID:7 WARN #7 — streak reset, benefits revoked
⚠ [CAR 7] ACT=WARN REP=0.866 RWD=0.000 PNL=2.600 CREDIT=-2
[PASSIVE-BEACON] SIMNOW:19.234 CID:1 ZONE:1 RXUAV:1 EDGEPORT:9998 TS:19.220 SPD:25.300 HDG:-0.200 PX:410.700 PY:-20.000 LAN:2 BRK:0 RX_X:0.000 RX_Y:0.000 RX_Z:0.000
[ZONE-ROUTE] CID:1 zone=1 edge_port=9998
[EDGE-RTT] CID:1 wall=1.3 ms  sim_delay=5.0 ms
>>> [UAV->CLOUD] BLK:bd56|TX:7.0.0.5|CID:1|TS:19.220|SPD:25.3|HDG:-0.2|PX:410.7|PY:-20.0|...
[ECON-CLAWBACK] CID:1 ACT=WARN prior_payoff=-19.1 extra_penalty=3.5 new_payoff=-22.7
[FORGIVENESS] CID:1 WARN #11 — streak reset, benefits revoked
⚠ [CAR 1] ACT=WARN REP=0.828 RWD=0.000 PNL=3.602 CREDIT=-2
[PASSIVE-BEACON] SIMNOW:19.258 CID:12 ZONE:1 RXUAV:1 EDGEPORT:9998 TS:19.244 SPD:24.600 HDG:0.700 PX:441.200 PY:-30.000 LAN:3 BRK:1 RX_X:0.000 RX_Y:0.000 RX_Z:0.000
[ZONE-ROUTE] CID:12 zone=1 edge_port=9998
[EDGE-RTT] CID:12 wall=1.2 ms  sim_delay=5.0 ms
>>> [UAV->CLOUD] BLK:567c|TX:7.0.0.16|CID:12|TS:19.244|SPD:24.6|HDG:0.7|PX:441.2|PY:-30.0...
[PASSIVE-BEACON] SIMNOW:19.260 CID:15 ZONE:1 RXUAV:1 EDGEPORT:9998 TS:19.246 SPD:24.800 HDG:0.800 PX:481.300 PY:-10.000 LAN:1 BRK:0 RX_X:0.000 RX_Y:0.000 RX_Z:0.000
[ZONE-ROUTE] CID:15 zone=1 edge_port=9998
[EDGE-RTT] CID:15 wall=1.1 ms  sim_delay=5.0 ms
>>> [UAV->CLOUD] BLK:c8ed|TX:7.0.0.19|CID:15|TS:19.246|SPD:24.8|HDG:0.8|PX:481.3|PY:-10.0...
[ECON-CLAWBACK] CID:12 ACT=WARN prior_payoff=-4.5 extra_penalty=2.2 new_payoff=-6.9
[FORGIVENESS] CID:12 WARN #6 — streak reset, benefits revoked
⚠ [CAR 12] ACT=WARN REP=0.464 RWD=0.000 PNL=2.350 CREDIT=-2
[ECON-CLAWBACK] CID:15 ACT=WARN prior_payoff=-35.210 extra_penalty=4.500 new_payoff=-39.811
[FORGIVENESS] CID:15 WARN #15 — streak reset, benefits revoked
⚠ [CAR 15] ACT=WARN REP=0.701 RWD=0.000 PNL=4.601 CREDIT=-2
[PASSIVE-BEACON] SIMNOW:19.336 CID:6 ZONE:1 RXUAV:1 EDGEPORT:9998 TS:19.322 SPD:24.800 HDG:0.100 PX:433.400 PY:-20.000 LAN:2 BRK:0 RX_X:0.000 RX_Y:0.000 RX_Z:0.000
[ZONE-ROUTE] CID:6 zone=1 edge_port=9998
[EDGE-RTT] CID:6 wall=1.1 ms  sim_delay=5.0 ms
>>> [UAV->CLOUD] BLK:1874|TX:7.0.0.10|CID:6|TS:19.322|SPD:24.8|HDG:0.1|PX:433.4|PY:-20.0|...
[PASSIVE-BEACON] SIMNOW:19.348 CID:14 ZONE:1 RXUAV:1 EDGEPORT:9998 TS:19.334 SPD:20.100 HDG:-1.000 PX:426.400 PY:-50.000 LAN:5 BRK:1 RX_X:0.000 RX_Y:0.000 RX_Z:0.000
[ZONE-ROUTE] CID:14 zone=1 edge_port=9998
[EDGE-RTT] CID:14 wall=1.0 ms  sim_delay=5.0 ms
>>> [UAV->CLOUD] BLK:fee0|TX:7.0.0.18|CID:14|TS:19.334|SPD:20.1|HDG:-1.0|PX:426.4|PY:-50....
[ECON-CLAWBACK] CID:6 ACT=WARN prior_payoff=-19.1 extra_penalty=3.5 new_payoff=-22.7
[FORGIVENESS] CID:6 WARN #11 — streak reset, benefits revoked
⚠ [CAR 6] ACT=WARN REP=0.631 RWD=0.000 PNL=3.601 CREDIT=-2
✓ [CAR 14] ACT=OK REP=1.000 RWD=1.000 PNL=0.000 CREDIT=33
[PASSIVE-BEACON] SIMNOW:19.427 CID:11 ZONE:1 RXUAV:1 EDGEPORT:9998 TS:19.414 SPD:24.900 HDG:-0.300 PX:455.200 PY:-20.000 LAN:2 BRK:0 RX_X:0.000 RX_Y:0.000 RX_Z:0.000
[ZONE-ROUTE] CID:11 zone=1 edge_port=9998
[EDGE-RTT] CID:11 wall=1.4 ms  sim_delay=5.0 ms
>>> [UAV->CLOUD] BLK:0c1d|TX:7.0.0.15|CID:11|TS:19.414|SPD:24.9|HDG:-0.3|PX:455.2|PY:-20....
[ECON-CLAWBACK] CID:11 ACT=WARN prior_payoff=-19.1 extra_penalty=3.5 new_payoff=-22.7
[FORGIVENESS] CID:11 WARN #11 — streak reset, benefits revoked
⚠ [CAR 11] ACT=WARN REP=0.509 RWD=0.000 PNL=3.601 CREDIT=-2
[PASSIVE-BEACON] SIMNOW:19.468 CID:13 ZONE:1 RXUAV:1 EDGEPORT:9998 TS:19.454 SPD:25.300 HDG:-1.600 PX:436.300 PY:-40.000 LAN:4 BRK:1 RX_X:0.000 RX_Y:0.000 RX_Z:0.000
[ZONE-ROUTE] CID:13 zone=1 edge_port=9998
[EDGE-RTT] CID:13 wall=1.0 ms  sim_delay=5.0 ms
>>> [UAV->CLOUD] BLK:f71d|TX:7.0.0.17|CID:13|TS:19.454|SPD:25.3|HDG:-1.6|PX:436.3|PY:-40....
[PASSIVE-BEACON] SIMNOW:19.470 CID:17 ZONE:1 RXUAV:1 EDGEPORT:9998 TS:19.456 SPD:24.900 HDG:0.200 PX:467.300 PY:-30.000 LAN:3 BRK:0 RX_X:0.000 RX_Y:0.000 RX_Z:0.000
[ZONE-ROUTE] CID:17 zone=1 edge_port=9998
[EDGE-RTT] CID:17 wall=1.0 ms  sim_delay=5.0 ms
>>> [UAV->CLOUD] BLK:6fe4|TX:7.0.0.21|CID:17|TS:19.456|SPD:24.9|HDG:0.2|PX:467.3|PY:-30.0...
[ECON-CLAWBACK] CID:13 ACT=WARN prior_payoff=2.3 extra_penalty=2.7 new_payoff=-0.4
[FORGIVENESS] CID:13 WARN #3 — streak reset, benefits revoked
⚠ [CAR 13] ACT=WARN REP=0.806 RWD=0.000 PNL=2.772 CREDIT=-2
[ECON-CLAWBACK] CID:17 ACT=WARN prior_payoff=-9.567 extra_penalty=2.750 new_payoff=-12.418
[FORGIVENESS] CID:17 WARN #8 — streak reset, benefits revoked
⚠ [CAR 17] ACT=WARN REP=1.000 RWD=0.000 PNL=2.851 CREDIT=-2
[PASSIVE-BEACON] SIMNOW:19.566 CID:8 ZONE:1 RXUAV:1 EDGEPORT:9998 TS:19.552 SPD:25.100 HDG:-1.400 PX:420.000 PY:-40.000 LAN:4 BRK:0 RX_X:0.000 RX_Y:0.000 RX_Z:0.000
[ZONE-ROUTE] CID:8 zone=1 edge_port=9998
[EDGE-RTT] CID:8 wall=1.2 ms  sim_delay=5.0 ms
>>> [UAV->CLOUD] BLK:f190|TX:7.0.0.12|CID:8|TS:19.552|SPD:25.1|HDG:-1.4|PX:420.0|PY:-40.0...
[PASSIVE-BEACON] SIMNOW:19.578 CID:10 ZONE:1 RXUAV:1 EDGEPORT:9998 TS:19.564 SPD:24.800 HDG:-0.400 PX:469.300 PY:-10.000 LAN:1 BRK:0 RX_X:0.000 RX_Y:0.000 RX_Z:0.000
[ZONE-ROUTE] CID:10 zone=1 edge_port=9998
[EDGE-RTT] CID:10 wall=1.4 ms  sim_delay=5.0 ms
>>> [UAV->CLOUD] BLK:dc03|TX:7.0.0.14|CID:10|TS:19.564|SPD:24.8|HDG:-0.4|PX:469.3|PY:-10....
[ECON-CLAWBACK] CID:8 ACT=WARN prior_payoff=2.5 extra_penalty=2.7 new_payoff=-0.4
[FORGIVENESS] CID:8 WARN #3 — streak reset, benefits revoked
⚠ [CAR 8] ACT=WARN REP=0.870 RWD=0.000 PNL=2.835 CREDIT=-2
[ECON-CLAWBACK] CID:10 ACT=WARN prior_payoff=-35.162 extra_penalty=4.500 new_payoff=-39.763
[FORGIVENESS] CID:10 WARN #15 — streak reset, benefits revoked
⚠ [CAR 10] ACT=WARN REP=0.593 RWD=0.000 PNL=4.601 CREDIT=-2
[PASSIVE-BEACON] SIMNOW:19.614 CID:4 ZONE:1 RXUAV:1 EDGEPORT:9998 TS:19.600 SPD:19.900 HDG:0.100 PX:392.000 PY:-50.000 LAN:5 BRK:0 RX_X:0.000 RX_Y:0.000 RX_Z:0.000
[ZONE-ROUTE] CID:4 zone=1 edge_port=9998
[EDGE-RTT] CID:4 wall=1.2 ms  sim_delay=5.0 ms
>>> [UAV->CLOUD] BLK:4a39|TX:7.0.0.8|CID:4|TS:19.600|SPD:19.9|HDG:0.1|PX:392.0|PY:-50.0|L...
✓ [CAR 4] ACT=OK REP=1.000 RWD=1.000 PNL=0.000 CREDIT=35
[PASSIVE-BEACON] SIMNOW:19.636 CID:9 ZONE:1 RXUAV:1 EDGEPORT:9998 TS:19.622 SPD:19.800 HDG:0.500 PX:411.900 PY:-50.000 LAN:5 BRK:0 RX_X:0.000 RX_Y:0.000 RX_Z:0.000
[ZONE-ROUTE] CID:9 zone=1 edge_port=9998
[EDGE-RTT] CID:9 wall=1.1 ms  sim_delay=5.0 ms
>>> [UAV->CLOUD] BLK:ab5c|TX:7.0.0.13|CID:9|TS:19.622|SPD:19.8|HDG:0.5|PX:411.9|PY:-50.0|...
✓ [CAR 9] ACT=OK REP=1.000 RWD=1.000 PNL=0.000 CREDIT=34
[PASSIVE-BEACON] SIMNOW:19.656 CID:5 ZONE:1 RXUAV:1 EDGEPORT:9998 TS:19.642 SPD:25.000 HDG:1.200 PX:451.400 PY:-10.000 LAN:1 BRK:1 RX_X:0.000 RX_Y:0.000 RX_Z:0.000
[ZONE-ROUTE] CID:5 zone=1 edge_port=9998
[EDGE-RTT] CID:5 wall=1.2 ms  sim_delay=10.0 ms
>>> [UAV->CLOUD] BLK:f734|TX:7.0.0.9|CID:5|TS:19.642|SPD:25.0|HDG:1.2|PX:451.4|PY:-10.0|L...
[PASSIVE-BEACON] SIMNOW:19.660 CID:18 ZONE:1 RXUAV:1 EDGEPORT:9998 TS:19.646 SPD:25.500 HDG:-0.500 PX:462.400 PY:-40.000 LAN:4 BRK:0 RX_X:0.000 RX_Y:0.000 RX_Z:0.000
[ZONE-ROUTE] CID:18 zone=1 edge_port=9998
[EDGE-RTT] CID:18 wall=1.1 ms  sim_delay=5.0 ms
>>> [UAV->CLOUD] BLK:db81|TX:7.0.0.22|CID:18|TS:19.646|SPD:25.5|HDG:-0.5|PX:462.4|PY:-40....
[ECON-CLAWBACK] CID:5 ACT=WARN prior_payoff=-40.0 extra_penalty=4.8 new_payoff=-44.8
[FORGIVENESS] CID:5 WARN #16 — streak reset, benefits revoked
⚠ [CAR 5] ACT=WARN REP=0.610 RWD=0.000 PNL=4.851 CREDIT=-2
[ECON-CLAWBACK] CID:18 ACT=WARN prior_payoff=-0.413 extra_penalty=1.750 new_payoff=-2.264
[FORGIVENESS] CID:18 WARN #4 — streak reset, benefits revoked
⚠ [CAR 18] ACT=WARN REP=1.000 RWD=0.000 PNL=1.851 CREDIT=-2
[PASSIVE-BEACON] SIMNOW:19.706 CID:7 ZONE:1 RXUAV:1 EDGEPORT:9998 TS:19.692 SPD:25.400 HDG:0.100 PX:432.200 PY:-30.000 LAN:3 BRK:0 RX_X:0.000 RX_Y:0.000 RX_Z:0.000
[ZONE-ROUTE] CID:7 zone=1 edge_port=9998
[EDGE-RTT] CID:7 wall=1.2 ms  sim_delay=5.0 ms
>>> [UAV->CLOUD] BLK:0c9a|TX:7.0.0.11|CID:7|TS:19.692|SPD:25.4|HDG:0.1|PX:432.2|PY:-30.0|...
[ECON-CLAWBACK] CID:7 ACT=WARN prior_payoff=-9.6 extra_penalty=2.8 new_payoff=-12.4
[FORGIVENESS] CID:7 WARN #8 — streak reset, benefits revoked
⚠ [CAR 7] ACT=WARN REP=0.617 RWD=0.000 PNL=2.852 CREDIT=-2
[PASSIVE-BEACON] SIMNOW:19.734 CID:1 ZONE:1 RXUAV:1 EDGEPORT:9998 TS:19.720 SPD:24.900 HDG:-1.000 PX:423.000 PY:-20.000 LAN:2 BRK:0 RX_X:0.000 RX_Y:0.000 RX_Z:0.000
[ZONE-ROUTE] CID:1 zone=1 edge_port=9998
[EDGE-RTT] CID:1 wall=1.3 ms  sim_delay=5.0 ms
>>> [UAV->CLOUD] BLK:5571|TX:7.0.0.5|CID:1|TS:19.720|SPD:24.9|HDG:-1.0|PX:423.0|PY:-20.0|...
[ECON-CLAWBACK] CID:1 ACT=WARN prior_payoff=-22.7 extra_penalty=3.8 new_payoff=-26.5
[FORGIVENESS] CID:1 WARN #12 — streak reset, benefits revoked
⚠ [CAR 1] ACT=WARN REP=0.773 RWD=0.000 PNL=3.851 CREDIT=-2
[PASSIVE-BEACON] SIMNOW:19.758 CID:12 ZONE:1 RXUAV:1 EDGEPORT:9998 TS:19.744 SPD:25.500 HDG:1.300 PX:453.800 PY:-30.000 LAN:3 BRK:0 RX_X:0.000 RX_Y:0.000 RX_Z:0.000
[ZONE-ROUTE] CID:12 zone=1 edge_port=9998
[EDGE-RTT] CID:12 wall=1.0 ms  sim_delay=5.0 ms
>>> [UAV->CLOUD] BLK:90f7|TX:7.0.0.16|CID:12|TS:19.744|SPD:25.5|HDG:1.3|PX:453.8|PY:-30.0...
[PASSIVE-BEACON] SIMNOW:19.763 CID:15 ZONE:1 RXUAV:1 EDGEPORT:9998 TS:19.746 SPD:24.700 HDG:-0.800 PX:494.300 PY:-10.000 LAN:1 BRK:0 RX_X:0.000 RX_Y:0.000 RX_Z:0.000
[ZONE-ROUTE] CID:15 zone=1 edge_port=9998
[EDGE-RTT] CID:15 wall=1.0 ms  sim_delay=5.0 ms
>>> [UAV->CLOUD] BLK:d11e|TX:7.0.0.19|CID:15|TS:19.746|SPD:24.7|HDG:-0.8|PX:494.3|PY:-10....
[ECON-CLAWBACK] CID:12 ACT=WARN prior_payoff=-6.9 extra_penalty=2.5 new_payoff=-9.5
[FORGIVENESS] CID:12 WARN #7 — streak reset, benefits revoked
⚠ [CAR 12] ACT=WARN REP=1.000 RWD=0.000 PNL=2.603 CREDIT=-2
[ECON-CLAWBACK] CID:15 ACT=WARN prior_payoff=-39.811 extra_penalty=4.750 new_payoff=-44.661
[FORGIVENESS] CID:15 WARN #16 — streak reset, benefits revoked
⚠ [CAR 15] ACT=WARN REP=0.529 RWD=0.000 PNL=4.850 CREDIT=-2
[PASSIVE-BEACON] SIMNOW:19.836 CID:6 ZONE:1 RXUAV:1 EDGEPORT:9998 TS:19.822 SPD:25.500 HDG:1.300 PX:446.300 PY:-20.000 LAN:2 BRK:0 RX_X:0.000 RX_Y:0.000 RX_Z:0.000
[ZONE-ROUTE] CID:6 zone=1 edge_port=9998
[EDGE-RTT] CID:6 wall=1.2 ms  sim_delay=5.0 ms
>>> [UAV->CLOUD] BLK:8654|TX:7.0.0.10|CID:6|TS:19.822|SPD:25.5|HDG:1.3|PX:446.3|PY:-20.0|...
[PASSIVE-BEACON] SIMNOW:19.848 CID:14 ZONE:1 RXUAV:1 EDGEPORT:9998 TS:19.834 SPD:20.400 HDG:0.300 PX:436.800 PY:-50.000 LAN:5 BRK:0 RX_X:0.000 RX_Y:0.000 RX_Z:0.000
[ZONE-ROUTE] CID:14 zone=1 edge_port=9998
[EDGE-RTT] CID:14 wall=1.4 ms  sim_delay=5.0 ms
>>> [UAV->CLOUD] BLK:3e11|TX:7.0.0.18|CID:14|TS:19.834|SPD:20.4|HDG:0.3|PX:436.8|PY:-50.0...
[ECON-CLAWBACK] CID:6 ACT=WARN prior_payoff=-22.7 extra_penalty=3.8 new_payoff=-26.5
[FORGIVENESS] CID:6 WARN #12 — streak reset, benefits revoked
⚠ [CAR 6] ACT=WARN REP=0.764 RWD=0.000 PNL=3.853 CREDIT=-2
✓ [CAR 14] ACT=OK REP=0.684 RWD=1.000 PNL=0.000 CREDIT=34
[PASSIVE-BEACON] SIMNOW:19.928 CID:11 ZONE:1 RXUAV:1 EDGEPORT:9998 TS:19.914 SPD:24.700 HDG:-1.900 PX:468.500 PY:-20.000 LAN:2 BRK:0 RX_X:0.000 RX_Y:0.000 RX_Z:0.000
[ZONE-ROUTE] CID:11 zone=1 edge_port=9998
[EDGE-RTT] CID:11 wall=1.3 ms  sim_delay=5.0 ms
>>> [UAV->CLOUD] BLK:fdc6|TX:7.0.0.15|CID:11|TS:19.914|SPD:24.7|HDG:-1.9|PX:468.5|PY:-20....
[ECON-CLAWBACK] CID:11 ACT=WARN prior_payoff=-22.7 extra_penalty=3.8 new_payoff=-26.5
[FORGIVENESS] CID:11 WARN #12 — streak reset, benefits revoked
⚠ [CAR 11] ACT=WARN REP=0.476 RWD=0.000 PNL=3.850 CREDIT=-2
[PASSIVE-BEACON] SIMNOW:19.968 CID:13 ZONE:1 RXUAV:1 EDGEPORT:9998 TS:19.954 SPD:25.000 HDG:1.100 PX:449.300 PY:-40.000 LAN:4 BRK:0 RX_X:0.000 RX_Y:0.000 RX_Z:0.000
[ZONE-ROUTE] CID:13 zone=1 edge_port=9998
[EDGE-RTT] CID:13 wall=1.1 ms  sim_delay=5.0 ms
>>> [UAV->CLOUD] BLK:6e5b|TX:7.0.0.17|CID:13|TS:19.954|SPD:25.0|HDG:1.1|PX:449.3|PY:-40.0...
[PASSIVE-BEACON] SIMNOW:19.971 CID:17 ZONE:1 RXUAV:1 EDGEPORT:9998 TS:19.956 SPD:24.500 HDG:-1.500 PX:480.000 PY:-30.000 LAN:3 BRK:0 RX_X:0.000 RX_Y:0.000 RX_Z:0.000
[ZONE-ROUTE] CID:17 zone=1 edge_port=9998
[EDGE-RTT] CID:17 wall=0.9 ms  sim_delay=5.0 ms
>>> [UAV->CLOUD] BLK:59ce|TX:7.0.0.21|CID:17|TS:19.956|SPD:24.5|HDG:-1.5|PX:480.0|PY:-30....
[ECON-CLAWBACK] CID:13 ACT=WARN prior_payoff=-0.4 extra_penalty=1.8 new_payoff=-2.3
[FORGIVENESS] CID:13 WARN #4 — streak reset, benefits revoked
⚠ [CAR 13] ACT=WARN REP=0.941 RWD=0.000 PNL=1.852 CREDIT=-2
[ECON-CLAWBACK] CID:17 ACT=WARN prior_payoff=-12.418 extra_penalty=3.000 new_payoff=-15.517
[FORGIVENESS] CID:17 WARN #9 — streak reset, benefits revoked
⚠ [CAR 17] ACT=WARN REP=0.619 RWD=0.000 PNL=3.099 CREDIT=-2
[PASSIVE-BEACON] SIMNOW:20.066 CID:8 ZONE:1 RXUAV:1 EDGEPORT:9998 TS:20.052 SPD:25.100 HDG:1.400 PX:431.800 PY:-40.000 LAN:4 BRK:0 RX_X:0.000 RX_Y:0.000 RX_Z:0.000
[ZONE-ROUTE] CID:8 zone=1 edge_port=9998
[EDGE-RTT] CID:8 wall=1.3 ms  sim_delay=5.0 ms
>>> [UAV->CLOUD] BLK:6ecc|TX:7.0.0.12|CID:8|TS:20.052|SPD:25.1|HDG:1.4|PX:431.8|PY:-40.0|...
[PASSIVE-BEACON] SIMNOW:20.077 CID:10 ZONE:1 RXUAV:1 EDGEPORT:9998 TS:20.064 SPD:25.400 HDG:1.900 PX:482.200 PY:-10.000 LAN:1 BRK:0 RX_X:0.000 RX_Y:0.000 RX_Z:0.000
[ZONE-ROUTE] CID:10 zone=1 edge_port=9998
[EDGE-RTT] CID:10 wall=1.0 ms  sim_delay=5.0 ms
>>> [UAV->CLOUD] BLK:a649|TX:7.0.0.14|CID:10|TS:20.064|SPD:25.4|HDG:1.9|PX:482.2|PY:-10.0...
[ECON-CLAWBACK] CID:8 ACT=WARN prior_payoff=-0.4 extra_penalty=1.8 new_payoff=-2.2
[FORGIVENESS] CID:8 WARN #4 — streak reset, benefits revoked
⚠ [CAR 8] ACT=WARN REP=0.707 RWD=0.000 PNL=1.852 CREDIT=-2
[ECON-CLAWBACK] CID:10 ACT=WARN prior_payoff=-39.763 extra_penalty=4.750 new_payoff=-44.615
[FORGIVENESS] CID:10 WARN #16 — streak reset, benefits revoked
⚠ [CAR 10] ACT=WARN REP=0.362 RWD=0.000 PNL=4.852 CREDIT=-2
[PASSIVE-BEACON] SIMNOW:20.114 CID:4 ZONE:1 RXUAV:1 EDGEPORT:9998 TS:20.100 SPD:25.400 HDG:1.000 PX:403.800 PY:-50.000 LAN:5 BRK:0 RX_X:0.000 RX_Y:0.000 RX_Z:0.000
[ZONE-ROUTE] CID:4 zone=1 edge_port=9998
[EDGE-RTT] CID:4 wall=1.3 ms  sim_delay=5.0 ms
>>> [UAV->CLOUD] BLK:ce9e|TX:7.0.0.8|CID:4|TS:20.100|SPD:25.4|HDG:1.0|PX:403.8|PY:-50.0|L...
[ECON-CLAWBACK] CID:4 ACT=WARN prior_payoff=39.0 extra_penalty=30.2 new_payoff=8.7
[TRUST-REVOKED] CID:4 benefits revoked logically; lane=5 speed=20.0 latency=10.0ms
[FORGIVENESS] CID:4 WARN #1 — streak reset, benefits revoked
⚠ [CAR 4] ACT=WARN REP=0.829 RWD=0.000 PNL=30.322 CREDIT=34
[PASSIVE-BEACON] SIMNOW:20.136 CID:9 ZONE:1 RXUAV:1 EDGEPORT:9998 TS:20.122 SPD:24.500 HDG:1.800 PX:423.100 PY:-50.000 LAN:5 BRK:1 RX_X:0.000 RX_Y:0.000 RX_Z:0.000
[ZONE-ROUTE] CID:9 zone=1 edge_port=9998
[EDGE-RTT] CID:9 wall=1.0 ms  sim_delay=5.0 ms
>>> [UAV->CLOUD] BLK:7dbb|TX:7.0.0.13|CID:9|TS:20.122|SPD:24.5|HDG:1.8|PX:423.1|PY:-50.0|...
✓ [CAR 9] ACT=OK REP=1.000 RWD=0.853 PNL=0.000 CREDIT=35
[PASSIVE-BEACON] SIMNOW:20.157 CID:5 ZONE:1 RXUAV:1 EDGEPORT:9998 TS:20.142 SPD:24.900 HDG:-0.300 PX:464.400 PY:-10.000 LAN:1 BRK:0 RX_X:0.000 RX_Y:0.000 RX_Z:0.000
[ZONE-ROUTE] CID:5 zone=1 edge_port=9998
[EDGE-RTT] CID:5 wall=1.3 ms  sim_delay=10.0 ms
>>> [UAV->CLOUD] BLK:bb0c|TX:7.0.0.9|CID:5|TS:20.142|SPD:24.9|HDG:-0.3|PX:464.4|PY:-10.0|...
[PASSIVE-BEACON] SIMNOW:20.160 CID:18 ZONE:1 RXUAV:1 EDGEPORT:9998 TS:20.146 SPD:24.900 HDG:1.700 PX:474.300 PY:-40.000 LAN:4 BRK:0 RX_X:0.000 RX_Y:0.000 RX_Z:0.000
[ZONE-ROUTE] CID:18 zone=1 edge_port=9998
[EDGE-RTT] CID:18 wall=1.1 ms  sim_delay=5.0 ms
>>> [UAV->CLOUD] BLK:127b|TX:7.0.0.22|CID:18|TS:20.146|SPD:24.9|HDG:1.7|PX:474.3|PY:-40.0...
[ECON-CLAWBACK] CID:5 ACT=WARN prior_payoff=-44.8 extra_penalty=5.0 new_payoff=-49.9
[FORGIVENESS] CID:5 WARN #17 — streak reset, benefits revoked
⚠ [CAR 5] ACT=WARN REP=0.347 RWD=0.000 PNL=5.101 CREDIT=-2
[ECON-CLAWBACK] CID:18 ACT=WARN prior_payoff=-2.264 extra_penalty=2.000 new_payoff=-4.365
[FORGIVENESS] CID:18 WARN #5 — streak reset, benefits revoked
⚠ [CAR 18] ACT=WARN REP=0.845 RWD=0.000 PNL=2.101 CREDIT=-2
[PASSIVE-BEACON] SIMNOW:20.206 CID:7 ZONE:1 RXUAV:1 EDGEPORT:9998 TS:20.192 SPD:24.700 HDG:-1.800 PX:444.700 PY:-30.000 LAN:3 BRK:0 RX_X:0.000 RX_Y:0.000 RX_Z:0.000
[ZONE-ROUTE] CID:7 zone=1 edge_port=9998
[EDGE-RTT] CID:7 wall=1.3 ms  sim_delay=5.0 ms
>>> [UAV->CLOUD] BLK:3af3|TX:7.0.0.11|CID:7|TS:20.192|SPD:24.7|HDG:-1.8|PX:444.7|PY:-30.0...
[ECON-CLAWBACK] CID:7 ACT=WARN prior_payoff=-12.4 extra_penalty=3.0 new_payoff=-15.5
[FORGIVENESS] CID:7 WARN #9 — streak reset, benefits revoked
⚠ [CAR 7] ACT=WARN REP=0.760 RWD=0.000 PNL=3.100 CREDIT=-2
[PASSIVE-BEACON] SIMNOW:20.234 CID:1 ZONE:1 RXUAV:1 EDGEPORT:9998 TS:20.220 SPD:25.200 HDG:2.000 PX:436.800 PY:-20.000 LAN:2 BRK:0 RX_X:0.000 RX_Y:0.000 RX_Z:0.000
[ZONE-ROUTE] CID:1 zone=1 edge_port=9998
[EDGE-RTT] CID:1 wall=1.3 ms  sim_delay=5.0 ms
>>> [UAV->CLOUD] BLK:d7aa|TX:7.0.0.5|CID:1|TS:20.220|SPD:25.2|HDG:2.0|PX:436.8|PY:-20.0|L...
[ECON-CLAWBACK] CID:1 ACT=WARN prior_payoff=-26.5 extra_penalty=4.0 new_payoff=-30.6
[FORGIVENESS] CID:1 WARN #13 — streak reset, benefits revoked
⚠ [CAR 1] ACT=WARN REP=0.679 RWD=0.000 PNL=4.102 CREDIT=-2
[PASSIVE-BEACON] SIMNOW:20.256 CID:12 ZONE:1 RXUAV:1 EDGEPORT:9998 TS:20.244 SPD:25.400 HDG:-1.200 PX:466.700 PY:-30.000 LAN:3 BRK:0 RX_X:0.000 RX_Y:0.000 RX_Z:0.000
[ZONE-ROUTE] CID:12 zone=1 edge_port=9998
[EDGE-RTT] CID:12 wall=1.2 ms  sim_delay=5.0 ms
>>> [UAV->CLOUD] BLK:b132|TX:7.0.0.16|CID:12|TS:20.244|SPD:25.4|HDG:-1.2|PX:466.7|PY:-30....
[PASSIVE-BEACON] SIMNOW:20.260 CID:15 ZONE:1 RXUAV:1 EDGEPORT:9998 TS:20.246 SPD:25.100 HDG:-0.800 PX:507.000 PY:-10.000 LAN:1 BRK:0 RX_X:0.000 RX_Y:0.000 RX_Z:0.000
[ZONE-ROUTE] CID:15 zone=1 edge_port=9998
[EDGE-RTT] CID:15 wall=1.0 ms  sim_delay=5.0 ms
>>> [UAV->CLOUD] BLK:89b4|TX:7.0.0.19|CID:15|TS:20.246|SPD:25.1|HDG:-0.8|PX:507.0|PY:-10....
[ECON-CLAWBACK] CID:12 ACT=WARN prior_payoff=-9.5 extra_penalty=2.8 new_payoff=-12.3
[FORGIVENESS] CID:12 WARN #8 — streak reset, benefits revoked
⚠ [CAR 12] ACT=WARN REP=0.878 RWD=0.000 PNL=2.852 CREDIT=-2
[ECON-CLAWBACK] CID:15 ACT=WARN prior_payoff=-44.661 extra_penalty=5.000 new_payoff=-49.763
[FORGIVENESS] CID:15 WARN #17 — streak reset, benefits revoked
⚠ [CAR 15] ACT=WARN REP=0.705 RWD=0.000 PNL=5.102 CREDIT=-2
[PASSIVE-BEACON] SIMNOW:20.336 CID:6 ZONE:1 RXUAV:1 EDGEPORT:9998 TS:20.322 SPD:24.500 HDG:-1.200 PX:458.800 PY:-20.000 LAN:2 BRK:0 RX_X:0.000 RX_Y:0.000 RX_Z:0.000
[ZONE-ROUTE] CID:6 zone=1 edge_port=9998
[EDGE-RTT] CID:6 wall=1.1 ms  sim_delay=5.0 ms
>>> [UAV->CLOUD] BLK:2207|TX:7.0.0.10|CID:6|TS:20.322|SPD:24.5|HDG:-1.2|PX:458.8|PY:-20.0...
[PASSIVE-BEACON] SIMNOW:20.346 CID:14 ZONE:1 RXUAV:1 EDGEPORT:9998 TS:20.334 SPD:25.100 HDG:-0.300 PX:448.700 PY:-50.000 LAN:5 BRK:0 RX_X:0.000 RX_Y:0.000 RX_Z:0.000
[ZONE-ROUTE] CID:14 zone=1 edge_port=9998
[EDGE-RTT] CID:14 wall=1.0 ms  sim_delay=5.0 ms
>>> [UAV->CLOUD] BLK:d617|TX:7.0.0.18|CID:14|TS:20.334|SPD:25.1|HDG:-0.3|PX:448.7|PY:-50....
[ECON-CLAWBACK] CID:6 ACT=WARN prior_payoff=-26.5 extra_penalty=4.0 new_payoff=-30.6
[FORGIVENESS] CID:6 WARN #13 — streak reset, benefits revoked
⚠ [CAR 6] ACT=WARN REP=0.660 RWD=0.000 PNL=4.099 CREDIT=-2
[ECON-CLAWBACK] CID:14 ACT=WARN prior_payoff=37.996 extra_penalty=29.497 new_payoff=8.422
[TRUST-REVOKED] CID:14 benefits revoked logically; lane=5 speed=20.000 latency=10.000ms
[FORGIVENESS] CID:14 WARN #1 — streak reset, benefits revoked
⚠ [CAR 14] ACT=WARN REP=1.000 RWD=0.000 PNL=29.574 CREDIT=33
[PASSIVE-BEACON] SIMNOW:20.428 CID:11 ZONE:1 RXUAV:1 EDGEPORT:9998 TS:20.414 SPD:24.600 HDG:1.700 PX:481.400 PY:-20.000 LAN:2 BRK:1 RX_X:0.000 RX_Y:0.000 RX_Z:0.000
[ZONE-ROUTE] CID:11 zone=1 edge_port=9998
[EDGE-RTT] CID:11 wall=1.3 ms  sim_delay=5.0 ms
>>> [UAV->CLOUD] BLK:85e3|TX:7.0.0.15|CID:11|TS:20.414|SPD:24.6|HDG:1.7|PX:481.4|PY:-20.0...
[ECON-CLAWBACK] CID:11 ACT=WARN prior_payoff=-26.5 extra_penalty=4.0 new_payoff=-30.6
[FORGIVENESS] CID:11 WARN #13 — streak reset, benefits revoked
⚠ [CAR 11] ACT=WARN REP=0.438 RWD=0.000 PNL=4.099 CREDIT=-2
[PASSIVE-BEACON] SIMNOW:20.468 CID:13 ZONE:1 RXUAV:1 EDGEPORT:9998 TS:20.454 SPD:25.300 HDG:1.800 PX:462.000 PY:-40.000 LAN:4 BRK:0 RX_X:0.000 RX_Y:0.000 RX_Z:0.000
[ZONE-ROUTE] CID:13 zone=1 edge_port=9998
[EDGE-RTT] CID:13 wall=1.4 ms  sim_delay=5.0 ms
>>> [UAV->CLOUD] BLK:f291|TX:7.0.0.17|CID:13|TS:20.454|SPD:25.3|HDG:1.8|PX:462.0|PY:-40.0...
[PASSIVE-BEACON] SIMNOW:20.470 CID:17 ZONE:1 RXUAV:1 EDGEPORT:9998 TS:20.456 SPD:25.100 HDG:-0.100 PX:491.300 PY:-30.000 LAN:3 BRK:0 RX_X:0.000 RX_Y:0.000 RX_Z:0.000
[ZONE-ROUTE] CID:17 zone=1 edge_port=9998
[EDGE-RTT] CID:17 wall=1.0 ms  sim_delay=5.0 ms
>>> [UAV->CLOUD] BLK:60a4|TX:7.0.0.21|CID:17|TS:20.456|SPD:25.1|HDG:-0.1|PX:491.3|PY:-30....
[ECON-CLAWBACK] CID:13 ACT=WARN prior_payoff=-2.3 extra_penalty=2.0 new_payoff=-4.4
[FORGIVENESS] CID:13 WARN #5 — streak reset, benefits revoked
⚠ [CAR 13] ACT=WARN REP=0.889 RWD=0.000 PNL=2.102 CREDIT=-2
[ECON-CLAWBACK] CID:17 ACT=WARN prior_payoff=-15.517 extra_penalty=3.250 new_payoff=-18.869
[FORGIVENESS] CID:17 WARN #10 — streak reset, benefits revoked
⚠ [CAR 17] ACT=WARN REP=0.648 RWD=0.000 PNL=3.352 CREDIT=-2
[PASSIVE-BEACON] SIMNOW:20.566 CID:8 ZONE:1 RXUAV:1 EDGEPORT:9998 TS:20.552 SPD:25.200 HDG:-1.300 PX:444.200 PY:-40.000 LAN:4 BRK:0 RX_X:0.000 RX_Y:0.000 RX_Z:0.000
[ZONE-ROUTE] CID:8 zone=1 edge_port=9998
[EDGE-RTT] CID:8 wall=1.1 ms  sim_delay=5.0 ms
>>> [UAV->CLOUD] BLK:934c|TX:7.0.0.12|CID:8|TS:20.552|SPD:25.2|HDG:-1.3|PX:444.2|PY:-40.0...
[PASSIVE-BEACON] SIMNOW:20.578 CID:10 ZONE:1 RXUAV:1 EDGEPORT:9998 TS:20.564 SPD:24.800 HDG:-0.800 PX:495.200 PY:-10.000 LAN:1 BRK:0 RX_X:0.000 RX_Y:0.000 RX_Z:0.000
[ZONE-ROUTE] CID:10 zone=1 edge_port=9998
[EDGE-RTT] CID:10 wall=1.0 ms  sim_delay=5.0 ms
>>> [UAV->CLOUD] BLK:83d7|TX:7.0.0.14|CID:10|TS:20.564|SPD:24.8|HDG:-0.8|PX:495.2|PY:-10....
[ECON-CLAWBACK] CID:8 ACT=WARN prior_payoff=-2.2 extra_penalty=2.0 new_payoff=-4.3
[FORGIVENESS] CID:8 WARN #5 — streak reset, benefits revoked
⚠ [CAR 8] ACT=WARN REP=0.773 RWD=0.000 PNL=2.102 CREDIT=-2
[ECON-CLAWBACK] CID:10 ACT=WARN prior_payoff=-44.615 extra_penalty=5.000 new_payoff=-49.716
[FORGIVENESS] CID:10 WARN #17 — streak reset, benefits revoked
⚠ [CAR 10] ACT=WARN REP=0.713 RWD=0.000 PNL=5.101 CREDIT=-2
[PASSIVE-BEACON] SIMNOW:20.614 CID:4 ZONE:1 RXUAV:1 EDGEPORT:9998 TS:20.600 SPD:25.400 HDG:1.500 PX:416.000 PY:-50.000 LAN:5 BRK:0 RX_X:0.000 RX_Y:0.000 RX_Z:0.000
[ZONE-ROUTE] CID:4 zone=1 edge_port=9998
[EDGE-RTT] CID:4 wall=1.1 ms  sim_delay=5.0 ms
>>> [UAV->CLOUD] BLK:7c2b|TX:7.0.0.8|CID:4|TS:20.600|SPD:25.4|HDG:1.5|PX:416.0|PY:-50.0|L...
[ECON-CLAWBACK] CID:4 ACT=WARN prior_payoff=8.7 extra_penalty=5.6 new_payoff=3.0
[FORGIVENESS] CID:4 WARN #2 — streak reset, benefits revoked
⚠ [CAR 4] ACT=WARN REP=0.957 RWD=0.000 PNL=5.683 CREDIT=-2
[PASSIVE-BEACON] SIMNOW:20.636 CID:9 ZONE:1 RXUAV:1 EDGEPORT:9998 TS:20.622 SPD:24.500 HDG:0.300 PX:436.200 PY:-50.000 LAN:5 BRK:1 RX_X:0.000 RX_Y:0.000 RX_Z:0.000
[ZONE-ROUTE] CID:9 zone=1 edge_port=9998
[EDGE-RTT] CID:9 wall=1.2 ms  sim_delay=5.0 ms
>>> [UAV->CLOUD] BLK:6496|TX:7.0.0.13|CID:9|TS:20.622|SPD:24.5|HDG:0.3|PX:436.2|PY:-50.0|...
[ECON-CLAWBACK] CID:9 ACT=WARN prior_payoff=38.8 extra_penalty=30.1 new_payoff=8.6
[TRUST-REVOKED] CID:9 benefits revoked logically; lane=5 speed=20.0 latency=10.0ms
[FORGIVENESS] CID:9 WARN #1 — streak reset, benefits revoked
⚠ [CAR 9] ACT=WARN REP=0.983 RWD=0.000 PNL=30.212 CREDIT=34
[PASSIVE-BEACON] SIMNOW:20.656 CID:5 ZONE:1 RXUAV:1 EDGEPORT:9998 TS:20.642 SPD:24.800 HDG:0.400 PX:476.300 PY:-10.000 LAN:1 BRK:0 RX_X:0.000 RX_Y:0.000 RX_Z:0.000
[ZONE-ROUTE] CID:5 zone=1 edge_port=9998
[EDGE-RTT] CID:5 wall=0.9 ms  sim_delay=10.0 ms
>>> [UAV->CLOUD] BLK:71f7|TX:7.0.0.9|CID:5|TS:20.642|SPD:24.8|HDG:0.4|PX:476.3|PY:-10.0|L...
[PASSIVE-BEACON] SIMNOW:20.659 CID:18 ZONE:1 RXUAV:1 EDGEPORT:9998 TS:20.646 SPD:25.100 HDG:1.700 PX:486.000 PY:-40.000 LAN:4 BRK:0 RX_X:0.000 RX_Y:0.000 RX_Z:0.000
[ZONE-ROUTE] CID:18 zone=1 edge_port=9998
[EDGE-RTT] CID:18 wall=0.5 ms  sim_delay=5.0 ms
>>> [UAV->CLOUD] BLK:5427|TX:7.0.0.22|CID:18|TS:20.646|SPD:25.1|HDG:1.7|PX:486.0|PY:-40.0...
[ECON-CLAWBACK] CID:5 ACT=WARN prior_payoff=-49.9 extra_penalty=5.2 new_payoff=-55.3
[FORGIVENESS] CID:5 WARN #18 — streak reset, benefits revoked
⚠ [CAR 5] ACT=WARN REP=0.526 RWD=0.000 PNL=5.350 CREDIT=-2
[ECON-CLAWBACK] CID:18 ACT=WARN prior_payoff=-4.365 extra_penalty=2.250 new_payoff=-6.717
[FORGIVENESS] CID:18 WARN #6 — streak reset, benefits revoked
⚠ [CAR 18] ACT=WARN REP=0.878 RWD=0.000 PNL=2.352 CREDIT=-2
[PASSIVE-BEACON] SIMNOW:20.704 CID:7 ZONE:1 RXUAV:1 EDGEPORT:9998 TS:20.692 SPD:25.400 HDG:1.900 PX:458.600 PY:-30.000 LAN:3 BRK:1 RX_X:0.000 RX_Y:0.000 RX_Z:0.000
[ZONE-ROUTE] CID:7 zone=1 edge_port=9998
[EDGE-RTT] CID:7 wall=0.8 ms  sim_delay=5.0 ms
>>> [UAV->CLOUD] BLK:c5a3|TX:7.0.0.11|CID:7|TS:20.692|SPD:25.4|HDG:1.9|PX:458.6|PY:-30.0|...
[ECON-CLAWBACK] CID:7 ACT=WARN prior_payoff=-15.5 extra_penalty=3.2 new_payoff=-18.9
[FORGIVENESS] CID:7 WARN #10 — streak reset, benefits revoked
⚠ [CAR 7] ACT=WARN REP=0.369 RWD=0.000 PNL=3.352 CREDIT=-2
[PASSIVE-BEACON] SIMNOW:20.734 CID:1 ZONE:1 RXUAV:1 EDGEPORT:9998 TS:20.720 SPD:25.000 HDG:-0.900 PX:449.100 PY:-20.000 LAN:2 BRK:0 RX_X:0.000 RX_Y:0.000 RX_Z:0.000
[ZONE-ROUTE] CID:1 zone=1 edge_port=9998
[EDGE-RTT] CID:1 wall=1.1 ms  sim_delay=5.0 ms
>>> [UAV->CLOUD] BLK:d5f7|TX:7.0.0.5|CID:1|TS:20.720|SPD:25.0|HDG:-0.9|PX:449.1|PY:-20.0|...
[ECON-CLAWBACK] CID:1 ACT=WARN prior_payoff=-30.6 extra_penalty=4.2 new_payoff=-35.0
[FORGIVENESS] CID:1 WARN #14 — streak reset, benefits revoked
⚠ [CAR 1] ACT=WARN REP=0.685 RWD=0.000 PNL=4.351 CREDIT=-2
[PASSIVE-BEACON] SIMNOW:20.758 CID:12 ZONE:1 RXUAV:1 EDGEPORT:9998 TS:20.744 SPD:25.100 HDG:0.700 PX:479.100 PY:-30.000 LAN:3 BRK:0 RX_X:0.000 RX_Y:0.000 RX_Z:0.000
[ZONE-ROUTE] CID:12 zone=1 edge_port=9998
[EDGE-RTT] CID:12 wall=1.1 ms  sim_delay=5.0 ms
>>> [UAV->CLOUD] BLK:aa78|TX:7.0.0.16|CID:12|TS:20.744|SPD:25.1|HDG:0.7|PX:479.1|PY:-30.0...
[PASSIVE-BEACON] SIMNOW:20.760 CID:15 ZONE:1 RXUAV:1 EDGEPORT:9998 TS:20.746 SPD:25.400 HDG:0.100 PX:519.500 PY:-10.000 LAN:1 BRK:0 RX_X:0.000 RX_Y:0.000 RX_Z:0.000
[ZONE-ROUTE] CID:15 zone=1 edge_port=9998
[EDGE-RTT] CID:15 wall=0.7 ms  sim_delay=5.0 ms
>>> [UAV->CLOUD] BLK:9e24|TX:7.0.0.19|CID:15|TS:20.746|SPD:25.4|HDG:0.1|PX:519.5|PY:-10.0...
[ECON-CLAWBACK] CID:12 ACT=WARN prior_payoff=-12.3 extra_penalty=3.0 new_payoff=-15.4
[FORGIVENESS] CID:12 WARN #9 — streak reset, benefits revoked
⚠ [CAR 12] ACT=WARN REP=0.834 RWD=0.000 PNL=3.102 CREDIT=-2
[ECON-CLAWBACK] CID:15 ACT=WARN prior_payoff=-49.763 extra_penalty=5.250 new_payoff=-55.115
[FORGIVENESS] CID:15 WARN #18 — streak reset, benefits revoked
⚠ [CAR 15] ACT=WARN REP=0.373 RWD=0.000 PNL=5.352 CREDIT=-2
[PASSIVE-BEACON] SIMNOW:20.836 CID:6 ZONE:1 RXUAV:1 EDGEPORT:9998 TS:20.822 SPD:25.000 HDG:-1.600 PX:470.600 PY:-20.000 LAN:2 BRK:0 RX_X:0.000 RX_Y:0.000 RX_Z:0.000
[ZONE-ROUTE] CID:6 zone=1 edge_port=9998
[EDGE-RTT] CID:6 wall=1.4 ms  sim_delay=5.0 ms
>>> [UAV->CLOUD] BLK:7dd4|TX:7.0.0.10|CID:6|TS:20.822|SPD:25.0|HDG:-1.6|PX:470.6|PY:-20.0...
[PASSIVE-BEACON] SIMNOW:20.848 CID:14 ZONE:1 RXUAV:1 EDGEPORT:9998 TS:20.834 SPD:25.000 HDG:-1.100 PX:461.500 PY:-50.000 LAN:5 BRK:0 RX_X:0.000 RX_Y:0.000 RX_Z:0.000
[ZONE-ROUTE] CID:14 zone=1 edge_port=9998
[EDGE-RTT] CID:14 wall=1.1 ms  sim_delay=5.0 ms
>>> [UAV->CLOUD] BLK:33a5|TX:7.0.0.18|CID:14|TS:20.834|SPD:25.0|HDG:-1.1|PX:461.5|PY:-50....
[ECON-CLAWBACK] CID:6 ACT=WARN prior_payoff=-30.6 extra_penalty=4.2 new_payoff=-35.0
[FORGIVENESS] CID:6 WARN #14 — streak reset, benefits revoked
⚠ [CAR 6] ACT=WARN REP=0.418 RWD=0.000 PNL=4.351 CREDIT=-2
[ECON-CLAWBACK] CID:14 ACT=WARN prior_payoff=8.422 extra_penalty=5.461 new_payoff=2.865
[FORGIVENESS] CID:14 WARN #2 — streak reset, benefits revoked
⚠ [CAR 14] ACT=WARN REP=1.000 RWD=0.000 PNL=5.557 CREDIT=-2
[PASSIVE-BEACON] SIMNOW:20.928 CID:11 ZONE:1 RXUAV:1 EDGEPORT:9998 TS:20.914 SPD:25.000 HDG:-1.800 PX:493.900 PY:-20.000 LAN:2 BRK:1 RX_X:0.000 RX_Y:0.000 RX_Z:0.000
[ZONE-ROUTE] CID:11 zone=1 edge_port=9998
[EDGE-RTT] CID:11 wall=1.1 ms  sim_delay=5.0 ms
>>> [UAV->CLOUD] BLK:3e18|TX:7.0.0.15|CID:11|TS:20.914|SPD:25.0|HDG:-1.8|PX:493.9|PY:-20....
[ECON-CLAWBACK] CID:11 ACT=WARN prior_payoff=-30.6 extra_penalty=4.2 new_payoff=-35.0
[FORGIVENESS] CID:11 WARN #14 — streak reset, benefits revoked
⚠ [CAR 11] ACT=WARN REP=0.540 RWD=0.000 PNL=4.351 CREDIT=-2
[PASSIVE-BEACON] SIMNOW:20.968 CID:13 ZONE:1 RXUAV:1 EDGEPORT:9998 TS:20.954 SPD:25.300 HDG:1.500 PX:474.400 PY:-40.000 LAN:4 BRK:1 RX_X:0.000 RX_Y:0.000 RX_Z:0.000
[ZONE-ROUTE] CID:13 zone=1 edge_port=9998
[EDGE-RTT] CID:13 wall=1.2 ms  sim_delay=5.0 ms
>>> [UAV->CLOUD] BLK:0894|TX:7.0.0.17|CID:13|TS:20.954|SPD:25.3|HDG:1.5|PX:474.4|PY:-40.0...
[PASSIVE-BEACON] SIMNOW:20.971 CID:17 ZONE:1 RXUAV:1 EDGEPORT:9998 TS:20.956 SPD:25.100 HDG:1.500 PX:504.400 PY:-30.000 LAN:3 BRK:1 RX_X:0.000 RX_Y:0.000 RX_Z:0.000
[ZONE-ROUTE] CID:17 zone=1 edge_port=9998
[EDGE-RTT] CID:17 wall=0.8 ms  sim_delay=5.0 ms
>>> [UAV->CLOUD] BLK:a9c1|TX:7.0.0.21|CID:17|TS:20.956|SPD:25.1|HDG:1.5|PX:504.4|PY:-30.0...
[ECON-CLAWBACK] CID:13 ACT=WARN prior_payoff=-4.4 extra_penalty=2.2 new_payoff=-6.7
[FORGIVENESS] CID:13 WARN #6 — streak reset, benefits revoked
⚠ [CAR 13] ACT=WARN REP=0.930 RWD=0.000 PNL=2.352 CREDIT=-2
[ECON-CLAWBACK] CID:17 ACT=WARN prior_payoff=-18.869 extra_penalty=3.500 new_payoff=-22.471
[FORGIVENESS] CID:17 WARN #11 — streak reset, benefits revoked
⚠ [CAR 17] ACT=WARN REP=0.807 RWD=0.000 PNL=3.602 CREDIT=-2
[PASSIVE-BEACON] SIMNOW:21.066 CID:8 ZONE:1 RXUAV:1 EDGEPORT:9998 TS:21.052 SPD:25.100 HDG:-1.800 PX:457.200 PY:-40.000 LAN:4 BRK:0 RX_X:0.000 RX_Y:0.000 RX_Z:0.000
[ZONE-ROUTE] CID:8 zone=1 edge_port=9998
[EDGE-RTT] CID:8 wall=1.1 ms  sim_delay=5.0 ms
>>> [UAV->CLOUD] BLK:52d5|TX:7.0.0.12|CID:8|TS:21.052|SPD:25.1|HDG:-1.8|PX:457.2|PY:-40.0...
[PASSIVE-BEACON] SIMNOW:21.078 CID:10 ZONE:1 RXUAV:1 EDGEPORT:9998 TS:21.064 SPD:25.100 HDG:-0.400 PX:507.000 PY:-10.000 LAN:1 BRK:0 RX_X:0.000 RX_Y:0.000 RX_Z:0.000
[ZONE-ROUTE] CID:10 zone=1 edge_port=9998
[EDGE-RTT] CID:10 wall=1.3 ms  sim_delay=5.0 ms
>>> [UAV->CLOUD] BLK:b0b9|TX:7.0.0.14|CID:10|TS:21.064|SPD:25.1|HDG:-0.4|PX:507.0|PY:-10....
[ECON-CLAWBACK] CID:8 ACT=WARN prior_payoff=-4.3 extra_penalty=2.2 new_payoff=-6.7
[FORGIVENESS] CID:8 WARN #6 — streak reset, benefits revoked
⚠ [CAR 8] ACT=WARN REP=0.839 RWD=0.000 PNL=2.352 CREDIT=-2
[ECON-CLAWBACK] CID:10 ACT=WARN prior_payoff=-49.716 extra_penalty=5.250 new_payoff=-55.068
[FORGIVENESS] CID:10 WARN #18 — streak reset, benefits revoked
⚠ [CAR 10] ACT=WARN REP=0.403 RWD=0.000 PNL=5.352 CREDIT=-2
[PASSIVE-BEACON] SIMNOW:21.114 CID:4 ZONE:1 RXUAV:1 EDGEPORT:9998 TS:21.100 SPD:24.900 HDG:1.200 PX:428.200 PY:-50.000 LAN:5 BRK:1 RX_X:0.000 RX_Y:0.000 RX_Z:0.000
[ZONE-ROUTE] CID:4 zone=1 edge_port=9998
[EDGE-RTT] CID:4 wall=1.1 ms  sim_delay=5.0 ms
>>> [UAV->CLOUD] BLK:14de|TX:7.0.0.8|CID:4|TS:21.100|SPD:24.9|HDG:1.2|PX:428.2|PY:-50.0|L...
[ECON-CLAWBACK] CID:4 ACT=WARN prior_payoff=3.0 extra_penalty=3.0 new_payoff=-0.1
[FORGIVENESS] CID:4 WARN #3 — streak reset, benefits revoked
⚠ [CAR 4] ACT=WARN REP=0.729 RWD=0.000 PNL=3.091 CREDIT=-2
[PASSIVE-BEACON] SIMNOW:21.136 CID:9 ZONE:1 RXUAV:1 EDGEPORT:9998 TS:21.122 SPD:25.300 HDG:1.600 PX:448.400 PY:-50.000 LAN:5 BRK:0 RX_X:0.000 RX_Y:0.000 RX_Z:0.000
[ZONE-ROUTE] CID:9 zone=1 edge_port=9998
[EDGE-RTT] CID:9 wall=1.2 ms  sim_delay=5.0 ms
>>> [UAV->CLOUD] BLK:76e7|TX:7.0.0.13|CID:9|TS:21.122|SPD:25.3|HDG:1.6|PX:448.4|PY:-50.0|...
[ECON-CLAWBACK] CID:9 ACT=WARN prior_payoff=8.6 extra_penalty=5.6 new_payoff=3.0
[FORGIVENESS] CID:9 WARN #2 — streak reset, benefits revoked
⚠ [CAR 9] ACT=WARN REP=0.764 RWD=0.000 PNL=5.667 CREDIT=-2
[PASSIVE-BEACON] SIMNOW:21.157 CID:5 ZONE:1 RXUAV:1 EDGEPORT:9998 TS:21.142 SPD:25.400 HDG:-1.200 PX:489.000 PY:-10.000 LAN:1 BRK:0 RX_X:0.000 RX_Y:0.000 RX_Z:0.000
[ZONE-ROUTE] CID:5 zone=1 edge_port=9998
[EDGE-RTT] CID:5 wall=0.9 ms  sim_delay=10.0 ms
>>> [UAV->CLOUD] BLK:65c5|TX:7.0.0.9|CID:5|TS:21.142|SPD:25.4|HDG:-1.2|PX:489.0|PY:-10.0|...
[PASSIVE-BEACON] SIMNOW:21.160 CID:18 ZONE:1 RXUAV:1 EDGEPORT:9998 TS:21.146 SPD:25.300 HDG:-0.700 PX:499.800 PY:-40.000 LAN:4 BRK:0 RX_X:0.000 RX_Y:0.000 RX_Z:0.000
[ZONE-ROUTE] CID:18 zone=1 edge_port=9998
[EDGE-RTT] CID:18 wall=1.0 ms  sim_delay=5.0 ms
>>> [UAV->CLOUD] BLK:77f3|TX:7.0.0.22|CID:18|TS:21.146|SPD:25.3|HDG:-0.7|PX:499.8|PY:-40....
[ECON-CLAWBACK] CID:5 ACT=WARN prior_payoff=-55.3 extra_penalty=5.5 new_payoff=-60.9
[FORGIVENESS] CID:5 WARN #19 — streak reset, benefits revoked
⚠ [CAR 5] ACT=WARN REP=0.737 RWD=0.000 PNL=5.602 CREDIT=-2
[ECON-CLAWBACK] CID:18 ACT=WARN prior_payoff=-6.717 extra_penalty=2.500 new_payoff=-9.319
[FORGIVENESS] CID:18 WARN #7 — streak reset, benefits revoked
⚠ [CAR 18] ACT=WARN REP=0.995 RWD=0.000 PNL=2.602 CREDIT=-2
[PASSIVE-BEACON] SIMNOW:21.206 CID:7 ZONE:1 RXUAV:1 EDGEPORT:9998 TS:21.192 SPD:25.400 HDG:-0.900 PX:470.100 PY:-30.000 LAN:3 BRK:0 RX_X:0.000 RX_Y:0.000 RX_Z:0.000
[ZONE-ROUTE] CID:7 zone=1 edge_port=9998
[EDGE-RTT] CID:7 wall=0.9 ms  sim_delay=5.0 ms
>>> [UAV->CLOUD] BLK:12c4|TX:7.0.0.11|CID:7|TS:21.192|SPD:25.4|HDG:-0.9|PX:470.1|PY:-30.0...
[ECON-CLAWBACK] CID:7 ACT=WARN prior_payoff=-18.9 extra_penalty=3.5 new_payoff=-22.5
[FORGIVENESS] CID:7 WARN #11 — streak reset, benefits revoked
⚠ [CAR 7] ACT=WARN REP=0.771 RWD=0.000 PNL=3.602 CREDIT=-2
[PASSIVE-BEACON] SIMNOW:21.234 CID:1 ZONE:1 RXUAV:1 EDGEPORT:9998 TS:21.220 SPD:24.600 HDG:1.900 PX:460.800 PY:-20.000 LAN:2 BRK:0 RX_X:0.000 RX_Y:0.000 RX_Z:0.000
[ZONE-ROUTE] CID:1 zone=1 edge_port=9998
[EDGE-RTT] CID:1 wall=1.4 ms  sim_delay=5.0 ms
>>> [UAV->CLOUD] BLK:a577|TX:7.0.0.5|CID:1|TS:21.220|SPD:24.6|HDG:1.9|PX:460.8|PY:-20.0|L...
[ECON-CLAWBACK] CID:1 ACT=WARN prior_payoff=-35.0 extra_penalty=4.5 new_payoff=-39.6
[FORGIVENESS] CID:1 WARN #15 — streak reset, benefits revoked
⚠ [CAR 1] ACT=WARN REP=0.582 RWD=0.000 PNL=4.600 CREDIT=-2
[PASSIVE-BEACON] SIMNOW:21.258 CID:12 ZONE:1 RXUAV:1 EDGEPORT:9998 TS:21.244 SPD:24.600 HDG:0.900 PX:491.900 PY:-30.000 LAN:3 BRK:0 RX_X:0.000 RX_Y:0.000 RX_Z:0.000
[ZONE-ROUTE] CID:12 zone=1 edge_port=9998
[EDGE-RTT] CID:12 wall=1.1 ms  sim_delay=5.0 ms
>>> [UAV->CLOUD] BLK:7a91|TX:7.0.0.16|CID:12|TS:21.244|SPD:24.6|HDG:0.9|PX:491.9|PY:-30.0...
[PASSIVE-BEACON] SIMNOW:21.263 CID:15 ZONE:1 RXUAV:1 EDGEPORT:9998 TS:21.246 SPD:25.000 HDG:-1.600 PX:532.400 PY:-10.000 LAN:1 BRK:0 RX_X:0.000 RX_Y:0.000 RX_Z:0.000
[ZONE-ROUTE] CID:15 zone=1 edge_port=9998
[EDGE-RTT] CID:15 wall=1.0 ms  sim_delay=5.0 ms
>>> [UAV->CLOUD] BLK:daaa|TX:7.0.0.19|CID:15|TS:21.246|SPD:25.0|HDG:-1.6|PX:532.4|PY:-10....
[ECON-CLAWBACK] CID:12 ACT=WARN prior_payoff=-15.4 extra_penalty=3.2 new_payoff=-18.8
[FORGIVENESS] CID:12 WARN #10 — streak reset, benefits revoked
⚠ [CAR 12] ACT=WARN REP=0.665 RWD=0.000 PNL=3.350 CREDIT=-2
[ECON-CLAWBACK] CID:15 ACT=WARN prior_payoff=-55.115 extra_penalty=5.500 new_payoff=-60.716
[FORGIVENESS] CID:15 WARN #19 — streak reset, benefits revoked
⚠ [CAR 15] ACT=WARN REP=0.607 RWD=0.000 PNL=5.601 CREDIT=-2
[PASSIVE-BEACON] SIMNOW:21.336 CID:6 ZONE:1 RXUAV:1 EDGEPORT:9998 TS:21.322 SPD:25.300 HDG:1.800 PX:483.200 PY:-20.000 LAN:2 BRK:1 RX_X:0.000 RX_Y:0.000 RX_Z:0.000
[ZONE-ROUTE] CID:6 zone=1 edge_port=9998
[EDGE-RTT] CID:6 wall=1.0 ms  sim_delay=5.0 ms
>>> [UAV->CLOUD] BLK:a085|TX:7.0.0.10|CID:6|TS:21.322|SPD:25.3|HDG:1.8|PX:483.2|PY:-20.0|...
[PASSIVE-BEACON] SIMNOW:21.348 CID:14 ZONE:1 RXUAV:1 EDGEPORT:9998 TS:21.334 SPD:25.300 HDG:-0.800 PX:473.300 PY:-50.000 LAN:5 BRK:1 RX_X:0.000 RX_Y:0.000 RX_Z:0.000
[ZONE-ROUTE] CID:14 zone=1 edge_port=9998
[EDGE-RTT] CID:14 wall=1.0 ms  sim_delay=5.0 ms
>>> [UAV->CLOUD] BLK:913c|TX:7.0.0.18|CID:14|TS:21.334|SPD:25.3|HDG:-0.8|PX:473.3|PY:-50....
[ECON-CLAWBACK] CID:6 ACT=WARN prior_payoff=-35.0 extra_penalty=4.5 new_payoff=-39.6
[FORGIVENESS] CID:6 WARN #15 — streak reset, benefits revoked
⚠ [CAR 6] ACT=WARN REP=0.742 RWD=0.000 PNL=4.602 CREDIT=-2
[ECON-CLAWBACK] CID:14 ACT=WARN prior_payoff=2.865 extra_penalty=2.933 new_payoff=-0.167
[FORGIVENESS] CID:14 WARN #3 — streak reset, benefits revoked
⚠ [CAR 14] ACT=WARN REP=0.661 RWD=0.000 PNL=3.032 CREDIT=-2
[PASSIVE-BEACON] SIMNOW:21.428 CID:11 ZONE:1 RXUAV:1 EDGEPORT:9998 TS:21.414 SPD:25.000 HDG:-1.800 PX:505.900 PY:-20.000 LAN:2 BRK:1 RX_X:0.000 RX_Y:0.000 RX_Z:0.000
[ZONE-ROUTE] CID:11 zone=1 edge_port=9998
[EDGE-RTT] CID:11 wall=1.2 ms  sim_delay=5.0 ms
>>> [UAV->CLOUD] BLK:2f33|TX:7.0.0.15|CID:11|TS:21.414|SPD:25.0|HDG:-1.8|PX:505.9|PY:-20....
[ECON-CLAWBACK] CID:11 ACT=WARN prior_payoff=-35.0 extra_penalty=4.5 new_payoff=-39.6
[FORGIVENESS] CID:11 WARN #15 — streak reset, benefits revoked
⚠ [CAR 11] ACT=WARN REP=0.664 RWD=0.000 PNL=4.601 CREDIT=-2
[PASSIVE-BEACON] SIMNOW:21.466 CID:13 ZONE:1 RXUAV:1 EDGEPORT:9998 TS:21.454 SPD:25.100 HDG:1.100 PX:486.900 PY:-40.000 LAN:4 BRK:1 RX_X:0.000 RX_Y:0.000 RX_Z:0.000
[ZONE-ROUTE] CID:13 zone=1 edge_port=9998
[EDGE-RTT] CID:13 wall=1.1 ms  sim_delay=5.0 ms
>>> [UAV->CLOUD] BLK:6145|TX:7.0.0.17|CID:13|TS:21.454|SPD:25.1|HDG:1.1|PX:486.9|PY:-40.0...
[PASSIVE-BEACON] SIMNOW:21.470 CID:17 ZONE:1 RXUAV:1 EDGEPORT:9998 TS:21.456 SPD:24.700 HDG:0.100 PX:516.800 PY:-30.000 LAN:3 BRK:1 RX_X:0.000 RX_Y:0.000 RX_Z:0.000
[ZONE-ROUTE] CID:17 zone=1 edge_port=9998
[EDGE-RTT] CID:17 wall=0.7 ms  sim_delay=5.0 ms
>>> [UAV->CLOUD] BLK:6922|TX:7.0.0.21|CID:17|TS:21.456|SPD:24.7|HDG:0.1|PX:516.8|PY:-30.0...
[ECON-CLAWBACK] CID:13 ACT=WARN prior_payoff=-6.7 extra_penalty=2.5 new_payoff=-9.3
[FORGIVENESS] CID:13 WARN #7 — streak reset, benefits revoked
⚠ [CAR 13] ACT=WARN REP=0.714 RWD=0.000 PNL=2.602 CREDIT=-2
[ECON-CLAWBACK] CID:17 ACT=WARN prior_payoff=-22.471 extra_penalty=3.750 new_payoff=-26.321
[FORGIVENESS] CID:17 WARN #12 — streak reset, benefits revoked
⚠ [CAR 17] ACT=WARN REP=0.445 RWD=0.000 PNL=3.850 CREDIT=-2
[PASSIVE-BEACON] SIMNOW:21.566 CID:8 ZONE:1 RXUAV:1 EDGEPORT:9998 TS:21.552 SPD:24.800 HDG:2.000 PX:469.000 PY:-40.000 LAN:4 BRK:1 RX_X:0.000 RX_Y:0.000 RX_Z:0.000
[ZONE-ROUTE] CID:8 zone=1 edge_port=9998
[EDGE-RTT] CID:8 wall=1.2 ms  sim_delay=5.0 ms
>>> [UAV->CLOUD] BLK:9c01|TX:7.0.0.12|CID:8|TS:21.552|SPD:24.8|HDG:2.0|PX:469.0|PY:-40.0|...
[PASSIVE-BEACON] SIMNOW:21.578 CID:10 ZONE:1 RXUAV:1 EDGEPORT:9998 TS:21.564 SPD:25.000 HDG:1.600 PX:519.500 PY:-10.000 LAN:1 BRK:0 RX_X:0.000 RX_Y:0.000 RX_Z:0.000
[ZONE-ROUTE] CID:10 zone=1 edge_port=9998
[EDGE-RTT] CID:10 wall=1.2 ms  sim_delay=5.0 ms
>>> [UAV->CLOUD] BLK:d61c|TX:7.0.0.14|CID:10|TS:21.564|SPD:25.0|HDG:1.6|PX:519.5|PY:-10.0...
[ECON-CLAWBACK] CID:8 ACT=WARN prior_payoff=-6.7 extra_penalty=2.5 new_payoff=-9.3
[FORGIVENESS] CID:8 WARN #7 — streak reset, benefits revoked
⚠ [CAR 8] ACT=WARN REP=0.676 RWD=0.000 PNL=2.601 CREDIT=-2
[ECON-CLAWBACK] CID:10 ACT=WARN prior_payoff=-55.068 extra_penalty=5.500 new_payoff=-60.669
[FORGIVENESS] CID:10 WARN #19 — streak reset, benefits revoked
⚠ [CAR 10] ACT=WARN REP=0.501 RWD=0.000 PNL=5.601 CREDIT=-2
[PASSIVE-BEACON] SIMNOW:21.614 CID:4 ZONE:1 RXUAV:1 EDGEPORT:9998 TS:21.600 SPD:24.800 HDG:1.100 PX:441.200 PY:-50.000 LAN:5 BRK:0 RX_X:0.000 RX_Y:0.000 RX_Z:0.000
[ZONE-ROUTE] CID:4 zone=1 edge_port=9998
[EDGE-RTT] CID:4 wall=1.4 ms  sim_delay=5.0 ms
>>> [UAV->CLOUD] BLK:3799|TX:7.0.0.8|CID:4|TS:21.600|SPD:24.8|HDG:1.1|PX:441.2|PY:-50.0|L...
[ECON-CLAWBACK] CID:4 ACT=WARN prior_payoff=-0.1 extra_penalty=1.8 new_payoff=-2.0
[FORGIVENESS] CID:4 WARN #4 — streak reset, benefits revoked
⚠ [CAR 4] ACT=WARN REP=0.754 RWD=0.000 PNL=1.849 CREDIT=-2
[PASSIVE-BEACON] SIMNOW:21.636 CID:9 ZONE:1 RXUAV:1 EDGEPORT:9998 TS:21.622 SPD:25.300 HDG:-1.300 PX:461.500 PY:-50.000 LAN:5 BRK:0 RX_X:0.000 RX_Y:0.000 RX_Z:0.000
[ZONE-ROUTE] CID:9 zone=1 edge_port=9998
[EDGE-RTT] CID:9 wall=1.1 ms  sim_delay=5.0 ms
>>> [UAV->CLOUD] BLK:cd33|TX:7.0.0.13|CID:9|TS:21.622|SPD:25.3|HDG:-1.3|PX:461.5|PY:-50.0...
[ECON-CLAWBACK] CID:9 ACT=WARN prior_payoff=3.0 extra_penalty=3.0 new_payoff=-0.1
[FORGIVENESS] CID:9 WARN #3 — streak reset, benefits revoked
⚠ [CAR 9] ACT=WARN REP=0.945 RWD=0.000 PNL=3.085 CREDIT=-2
[PASSIVE-BEACON] SIMNOW:21.656 CID:5 ZONE:1 RXUAV:1 EDGEPORT:9998 TS:21.642 SPD:24.600 HDG:1.500 PX:501.400 PY:-10.000 LAN:1 BRK:0 RX_X:0.000 RX_Y:0.000 RX_Z:0.000
[ZONE-ROUTE] CID:5 zone=1 edge_port=9998
[EDGE-RTT] CID:5 wall=1.1 ms  sim_delay=10.0 ms
>>> [UAV->CLOUD] BLK:3f2f|TX:7.0.0.9|CID:5|TS:21.642|SPD:24.6|HDG:1.5|PX:501.4|PY:-10.0|L...
[PASSIVE-BEACON] SIMNOW:21.660 CID:18 ZONE:1 RXUAV:1 EDGEPORT:9998 TS:21.646 SPD:25.400 HDG:1.000 PX:511.100 PY:-40.000 LAN:4 BRK:1 RX_X:0.000 RX_Y:0.000 RX_Z:0.000
[ZONE-ROUTE] CID:18 zone=1 edge_port=9998
[EDGE-RTT] CID:18 wall=0.7 ms  sim_delay=5.0 ms
>>> [UAV->CLOUD] BLK:6d49|TX:7.0.0.22|CID:18|TS:21.646|SPD:25.4|HDG:1.0|PX:511.1|PY:-40.0...
[ECON-CLAWBACK] CID:5 ACT=WARN prior_payoff=-60.9 extra_penalty=5.8 new_payoff=-66.7
[FORGIVENESS] CID:5 WARN #20 — streak reset, benefits revoked
⚠ [CAR 5] ACT=WARN REP=0.363 RWD=0.000 PNL=5.849 CREDIT=-2
[ECON-CLAWBACK] CID:18 ACT=WARN prior_payoff=-9.319 extra_penalty=2.750 new_payoff=-12.172
[FORGIVENESS] CID:18 WARN #8 — streak reset, benefits revoked
⚠ [CAR 18] ACT=WARN REP=0.716 RWD=0.000 PNL=2.853 CREDIT=-2
[PASSIVE-BEACON] SIMNOW:21.706 CID:7 ZONE:1 RXUAV:1 EDGEPORT:9998 TS:21.692 SPD:24.600 HDG:1.700 PX:482.300 PY:-30.000 LAN:3 BRK:0 RX_X:0.000 RX_Y:0.000 RX_Z:0.000
[ZONE-ROUTE] CID:7 zone=1 edge_port=9998
[EDGE-RTT] CID:7 wall=0.9 ms  sim_delay=5.0 ms
>>> [UAV->CLOUD] BLK:36b6|TX:7.0.0.11|CID:7|TS:21.692|SPD:24.6|HDG:1.7|PX:482.3|PY:-30.0|...
[ECON-CLAWBACK] CID:7 ACT=WARN prior_payoff=-22.5 extra_penalty=3.8 new_payoff=-26.3
[FORGIVENESS] CID:7 WARN #12 — streak reset, benefits revoked
⚠ [CAR 7] ACT=WARN REP=0.517 RWD=0.000 PNL=3.850 CREDIT=-2
[PASSIVE-BEACON] SIMNOW:21.734 CID:1 ZONE:1 RXUAV:1 EDGEPORT:9998 TS:21.720 SPD:25.300 HDG:-0.700 PX:473.500 PY:-20.000 LAN:2 BRK:0 RX_X:0.000 RX_Y:0.000 RX_Z:0.000
[ZONE-ROUTE] CID:1 zone=1 edge_port=9998
[EDGE-RTT] CID:1 wall=1.1 ms  sim_delay=5.0 ms
>>> [UAV->CLOUD] BLK:d652|TX:7.0.0.5|CID:1|TS:21.720|SPD:25.3|HDG:-0.7|PX:473.5|PY:-20.0|...
[ECON-CLAWBACK] CID:1 ACT=WARN prior_payoff=-39.6 extra_penalty=4.8 new_payoff=-44.4
[FORGIVENESS] CID:1 WARN #16 — streak reset, benefits revoked
⚠ [CAR 1] ACT=WARN REP=1.000 RWD=0.000 PNL=4.852 CREDIT=-2
[PASSIVE-BEACON] SIMNOW:21.757 CID:12 ZONE:1 RXUAV:1 EDGEPORT:9998 TS:21.744 SPD:25.500 HDG:0.300 PX:504.700 PY:-30.000 LAN:3 BRK:0 RX_X:0.000 RX_Y:0.000 RX_Z:0.000
[ZONE-ROUTE] CID:12 zone=1 edge_port=9998
[EDGE-RTT] CID:12 wall=1.1 ms  sim_delay=5.0 ms
>>> [UAV->CLOUD] BLK:caba|TX:7.0.0.16|CID:12|TS:21.744|SPD:25.5|HDG:0.3|PX:504.7|PY:-30.0...
[PASSIVE-BEACON] SIMNOW:21.760 CID:15 ZONE:1 RXUAV:1 EDGEPORT:9998 TS:21.746 SPD:25.400 HDG:0.400 PX:544.900 PY:-10.000 LAN:1 BRK:0 RX_X:0.000 RX_Y:0.000 RX_Z:0.000
[ZONE-ROUTE] CID:15 zone=1 edge_port=9998
[EDGE-RTT] CID:15 wall=0.7 ms  sim_delay=5.0 ms
>>> [UAV->CLOUD] BLK:070b|TX:7.0.0.19|CID:15|TS:21.746|SPD:25.4|HDG:0.4|PX:544.9|PY:-10.0...
[ECON-CLAWBACK] CID:12 ACT=WARN prior_payoff=-18.8 extra_penalty=3.5 new_payoff=-22.4
[FORGIVENESS] CID:12 WARN #11 — streak reset, benefits revoked
⚠ [CAR 12] ACT=WARN REP=0.452 RWD=0.000 PNL=3.603 CREDIT=-2
[ECON-CLAWBACK] CID:15 ACT=WARN prior_payoff=-60.716 extra_penalty=5.750 new_payoff=-66.568
[FORGIVENESS] CID:15 WARN #20 — streak reset, benefits revoked
⚠ [CAR 15] ACT=WARN REP=0.601 RWD=0.000 PNL=5.852 CREDIT=-2
[PASSIVE-BEACON] SIMNOW:21.836 CID:6 ZONE:1 RXUAV:1 EDGEPORT:9998 TS:21.822 SPD:24.600 HDG:-0.800 PX:496.000 PY:-20.000 LAN:2 BRK:1 RX_X:0.000 RX_Y:0.000 RX_Z:0.000
[ZONE-ROUTE] CID:6 zone=1 edge_port=9998
[EDGE-RTT] CID:6 wall=1.2 ms  sim_delay=5.0 ms
>>> [UAV->CLOUD] BLK:168a|TX:7.0.0.10|CID:6|TS:21.822|SPD:24.6|HDG:-0.8|PX:496.0|PY:-20.0...
[PASSIVE-BEACON] SIMNOW:21.847 CID:14 ZONE:1 RXUAV:1 EDGEPORT:9998 TS:21.834 SPD:24.700 HDG:1.400 PX:486.900 PY:-50.000 LAN:5 BRK:0 RX_X:0.000 RX_Y:0.000 RX_Z:0.000
[ZONE-ROUTE] CID:14 zone=1 edge_port=9998
[EDGE-RTT] CID:14 wall=1.2 ms  sim_delay=5.0 ms
>>> [UAV->CLOUD] BLK:c316|TX:7.0.0.18|CID:14|TS:21.834|SPD:24.7|HDG:1.4|PX:486.9|PY:-50.0...
[ECON-CLAWBACK] CID:6 ACT=WARN prior_payoff=-39.6 extra_penalty=4.8 new_payoff=-44.4
[FORGIVENESS] CID:6 WARN #16 — streak reset, benefits revoked
⚠ [CAR 6] ACT=WARN REP=0.555 RWD=0.000 PNL=4.850 CREDIT=-2
[ECON-CLAWBACK] CID:14 ACT=WARN prior_payoff=-0.167 extra_penalty=1.750 new_payoff=-2.014
[FORGIVENESS] CID:14 WARN #4 — streak reset, benefits revoked
⚠ [CAR 14] ACT=WARN REP=0.735 RWD=0.000 PNL=1.848 CREDIT=-2
[PASSIVE-BEACON] SIMNOW:21.928 CID:11 ZONE:1 RXUAV:1 EDGEPORT:9998 TS:21.914 SPD:25.000 HDG:-0.000 PX:517.700 PY:-20.000 LAN:2 BRK:0 RX_X:0.000 RX_Y:0.000 RX_Z:0.000
[ZONE-ROUTE] CID:11 zone=1 edge_port=9998
[EDGE-RTT] CID:11 wall=1.1 ms  sim_delay=5.0 ms
>>> [UAV->CLOUD] BLK:3f36|TX:7.0.0.15|CID:11|TS:21.914|SPD:25.0|HDG:-0.0|PX:517.7|PY:-20....
[ECON-CLAWBACK] CID:11 ACT=WARN prior_payoff=-39.6 extra_penalty=4.8 new_payoff=-44.4
[FORGIVENESS] CID:11 WARN #16 — streak reset, benefits revoked
⚠ [CAR 11] ACT=WARN REP=0.593 RWD=0.000 PNL=4.851 CREDIT=-2
[PASSIVE-BEACON] SIMNOW:21.968 CID:13 ZONE:1 RXUAV:1 EDGEPORT:9998 TS:21.954 SPD:25.000 HDG:-1.500 PX:499.700 PY:-40.000 LAN:4 BRK:0 RX_X:0.000 RX_Y:0.000 RX_Z:0.000
[ZONE-ROUTE] CID:13 zone=1 edge_port=9998
[EDGE-RTT] CID:13 wall=0.8 ms  sim_delay=5.0 ms
>>> [UAV->CLOUD] BLK:e44e|TX:7.0.0.17|CID:13|TS:21.954|SPD:25.0|HDG:-1.5|PX:499.7|PY:-40....
[PASSIVE-BEACON] SIMNOW:21.971 CID:17 ZONE:1 RXUAV:1 EDGEPORT:9998 TS:21.956 SPD:25.100 HDG:-0.400 PX:528.800 PY:-30.000 LAN:3 BRK:0 RX_X:0.000 RX_Y:0.000 RX_Z:0.000
[ZONE-ROUTE] CID:17 zone=1 edge_port=9998
[EDGE-RTT] CID:17 wall=0.8 ms  sim_delay=5.0 ms
>>> [UAV->CLOUD] BLK:01be|TX:7.0.0.21|CID:17|TS:21.956|SPD:25.1|HDG:-0.4|PX:528.8|PY:-30....
[ECON-CLAWBACK] CID:13 ACT=WARN prior_payoff=-9.3 extra_penalty=2.8 new_payoff=-12.2
[FORGIVENESS] CID:13 WARN #8 — streak reset, benefits revoked
⚠ [CAR 13] ACT=WARN REP=0.680 RWD=0.000 PNL=2.852 CREDIT=-2
[ECON-CLAWBACK] CID:17 ACT=WARN prior_payoff=-26.321 extra_penalty=4.000 new_payoff=-30.422
[FORGIVENESS] CID:17 WARN #13 — streak reset, benefits revoked
⚠ [CAR 17] ACT=WARN REP=0.524 RWD=0.000 PNL=4.101 CREDIT=-2
[PASSIVE-BEACON] SIMNOW:22.066 CID:8 ZONE:1 RXUAV:1 EDGEPORT:9998 TS:22.052 SPD:24.800 HDG:-0.800 PX:482.600 PY:-40.000 LAN:4 BRK:1 RX_X:0.000 RX_Y:0.000 RX_Z:0.000
[ZONE-ROUTE] CID:8 zone=1 edge_port=9998
[EDGE-RTT] CID:8 wall=1.1 ms  sim_delay=5.0 ms
>>> [UAV->CLOUD] BLK:0c86|TX:7.0.0.12|CID:8|TS:22.052|SPD:24.8|HDG:-0.8|PX:482.6|PY:-40.0...
[PASSIVE-BEACON] SIMNOW:22.078 CID:10 ZONE:1 RXUAV:1 EDGEPORT:9998 TS:22.064 SPD:24.900 HDG:-1.900 PX:531.600 PY:-10.000 LAN:1 BRK:0 RX_X:0.000 RX_Y:0.000 RX_Z:0.000
[ZONE-ROUTE] CID:10 zone=1 edge_port=9998
[EDGE-RTT] CID:10 wall=1.0 ms  sim_delay=5.0 ms
>>> [UAV->CLOUD] BLK:67f3|TX:7.0.0.14|CID:10|TS:22.064|SPD:24.9|HDG:-1.9|PX:531.6|PY:-10....
[ECON-CLAWBACK] CID:8 ACT=WARN prior_payoff=-9.3 extra_penalty=2.8 new_payoff=-12.1
[FORGIVENESS] CID:8 WARN #8 — streak reset, benefits revoked
⚠ [CAR 8] ACT=WARN REP=0.663 RWD=0.000 PNL=2.851 CREDIT=-2
[ECON-CLAWBACK] CID:10 ACT=WARN prior_payoff=-60.669 extra_penalty=5.750 new_payoff=-66.520
[FORGIVENESS] CID:10 WARN #20 — streak reset, benefits revoked
⚠ [CAR 10] ACT=WARN REP=0.578 RWD=0.000 PNL=5.851 CREDIT=-2
[PASSIVE-BEACON] SIMNOW:22.114 CID:4 ZONE:1 RXUAV:1 EDGEPORT:9998 TS:22.100 SPD:25.400 HDG:1.900 PX:452.600 PY:-50.000 LAN:5 BRK:0 RX_X:0.000 RX_Y:0.000 RX_Z:0.000
[ZONE-ROUTE] CID:4 zone=1 edge_port=9998
[EDGE-RTT] CID:4 wall=1.0 ms  sim_delay=5.0 ms
>>> [UAV->CLOUD] BLK:2fb0|TX:7.0.0.8|CID:4|TS:22.100|SPD:25.4|HDG:1.9|PX:452.6|PY:-50.0|L...
[ECON-CLAWBACK] CID:4 ACT=WARN prior_payoff=-2.0 extra_penalty=2.0 new_payoff=-4.1
[FORGIVENESS] CID:4 WARN #5 — streak reset, benefits revoked
⚠ [CAR 4] ACT=WARN REP=1.000 RWD=0.000 PNL=2.102 CREDIT=-2
[PASSIVE-BEACON] SIMNOW:22.136 CID:9 ZONE:1 RXUAV:1 EDGEPORT:9998 TS:22.122 SPD:24.900 HDG:0.900 PX:473.100 PY:-50.000 LAN:5 BRK:0 RX_X:0.000 RX_Y:0.000 RX_Z:0.000
[ZONE-ROUTE] CID:9 zone=1 edge_port=9998
[EDGE-RTT] CID:9 wall=1.0 ms  sim_delay=5.0 ms
>>> [UAV->CLOUD] BLK:d0df|TX:7.0.0.13|CID:9|TS:22.122|SPD:24.9|HDG:0.9|PX:473.1|PY:-50.0|...
[ECON-CLAWBACK] CID:9 ACT=WARN prior_payoff=-0.1 extra_penalty=1.8 new_payoff=-2.0
[FORGIVENESS] CID:9 WARN #4 — streak reset, benefits revoked
⚠ [CAR 9] ACT=WARN REP=0.708 RWD=0.000 PNL=1.851 CREDIT=-2
[PASSIVE-BEACON] SIMNOW:22.157 CID:5 ZONE:1 RXUAV:1 EDGEPORT:9998 TS:22.142 SPD:25.400 HDG:1.600 PX:513.700 PY:-10.000 LAN:1 BRK:0 RX_X:0.000 RX_Y:0.000 RX_Z:0.000
[ZONE-ROUTE] CID:5 zone=1 edge_port=9998
[EDGE-RTT] CID:5 wall=0.9 ms  sim_delay=10.0 ms
>>> [UAV->CLOUD] BLK:5bac|TX:7.0.0.9|CID:5|TS:22.142|SPD:25.4|HDG:1.6|PX:513.7|PY:-10.0|L...
[PASSIVE-BEACON] SIMNOW:22.160 CID:18 ZONE:1 RXUAV:1 EDGEPORT:9998 TS:22.146 SPD:25.000 HDG:-0.500 PX:523.600 PY:-40.000 LAN:4 BRK:0 RX_X:0.000 RX_Y:0.000 RX_Z:0.000
[ZONE-ROUTE] CID:18 zone=1 edge_port=9998
[EDGE-RTT] CID:18 wall=1.0 ms  sim_delay=5.0 ms
>>> [UAV->CLOUD] BLK:8b92|TX:7.0.0.22|CID:18|TS:22.146|SPD:25.0|HDG:-0.5|PX:523.6|PY:-40....
[ECON-CLAWBACK] CID:5 ACT=WARN prior_payoff=-66.7 extra_penalty=6.0 new_payoff=-72.8
[FORGIVENESS] CID:5 WARN #21 — streak reset, benefits revoked
⚠ [CAR 5] ACT=WARN REP=0.677 RWD=0.000 PNL=6.102 CREDIT=-2
[ECON-CLAWBACK] CID:18 ACT=WARN prior_payoff=-12.172 extra_penalty=3.000 new_payoff=-15.274
[FORGIVENESS] CID:18 WARN #9 — streak reset, benefits revoked
⚠ [CAR 18] ACT=WARN REP=0.500 RWD=0.000 PNL=3.102 CREDIT=-2
[PASSIVE-BEACON] SIMNOW:22.205 CID:7 ZONE:1 RXUAV:1 EDGEPORT:9998 TS:22.192 SPD:24.700 HDG:-1.500 PX:495.300 PY:-30.000 LAN:3 BRK:0 RX_X:0.000 RX_Y:0.000 RX_Z:0.000
[ZONE-ROUTE] CID:7 zone=1 edge_port=9998
[EDGE-RTT] CID:7 wall=0.9 ms  sim_delay=5.0 ms
>>> [UAV->CLOUD] BLK:3bef|TX:7.0.0.11|CID:7|TS:22.192|SPD:24.7|HDG:-1.5|PX:495.3|PY:-30.0...
[ECON-CLAWBACK] CID:7 ACT=WARN prior_payoff=-26.3 extra_penalty=4.0 new_payoff=-30.4
[FORGIVENESS] CID:7 WARN #13 — streak reset, benefits revoked
⚠ [CAR 7] ACT=WARN REP=0.411 RWD=0.000 PNL=4.100 CREDIT=-2
[PASSIVE-BEACON] SIMNOW:22.234 CID:1 ZONE:1 RXUAV:1 EDGEPORT:9998 TS:22.220 SPD:25.100 HDG:-1.800 PX:485.900 PY:-20.000 LAN:2 BRK:1 RX_X:0.000 RX_Y:0.000 RX_Z:0.000
[ZONE-ROUTE] CID:1 zone=1 edge_port=9998
[EDGE-RTT] CID:1 wall=1.1 ms  sim_delay=5.0 ms
>>> [UAV->CLOUD] BLK:6ef2|TX:7.0.0.5|CID:1|TS:22.220|SPD:25.1|HDG:-1.8|PX:485.9|PY:-20.0|...
[ECON-CLAWBACK] CID:1 ACT=WARN prior_payoff=-44.4 extra_penalty=5.0 new_payoff=-49.5
[FORGIVENESS] CID:1 WARN #17 — streak reset, benefits revoked
⚠ [CAR 1] ACT=WARN REP=0.434 RWD=0.000 PNL=5.102 CREDIT=-2
[PASSIVE-BEACON] SIMNOW:22.258 CID:12 ZONE:1 RXUAV:1 EDGEPORT:9998 TS:22.244 SPD:24.900 HDG:-0.700 PX:516.400 PY:-30.000 LAN:3 BRK:0 RX_X:0.000 RX_Y:0.000 RX_Z:0.000
[ZONE-ROUTE] CID:12 zone=1 edge_port=9998
[EDGE-RTT] CID:12 wall=1.1 ms  sim_delay=5.0 ms
>>> [UAV->CLOUD] BLK:212d|TX:7.0.0.16|CID:12|TS:22.244|SPD:24.9|HDG:-0.7|PX:516.4|PY:-30....
[PASSIVE-BEACON] SIMNOW:22.260 CID:15 ZONE:1 RXUAV:1 EDGEPORT:9998 TS:22.246 SPD:25.400 HDG:1.100 PX:556.300 PY:-10.000 LAN:1 BRK:0 RX_X:0.000 RX_Y:0.000 RX_Z:0.000
[ZONE-ROUTE] CID:15 zone=1 edge_port=9998
[EDGE-RTT] CID:15 wall=1.0 ms  sim_delay=5.0 ms
>>> [UAV->CLOUD] BLK:e7e0|TX:7.0.0.19|CID:15|TS:22.246|SPD:25.4|HDG:1.1|PX:556.3|PY:-10.0...
[ECON-CLAWBACK] CID:12 ACT=WARN prior_payoff=-22.4 extra_penalty=3.8 new_payoff=-26.2
[FORGIVENESS] CID:12 WARN #12 — streak reset, benefits revoked
⚠ [CAR 12] ACT=WARN REP=0.697 RWD=0.000 PNL=3.851 CREDIT=-2
[ECON-CLAWBACK] CID:15 ACT=WARN prior_payoff=-66.568 extra_penalty=6.000 new_payoff=-72.671
[FORGIVENESS] CID:15 WARN #21 — streak reset, benefits revoked
⚠ [CAR 15] ACT=WARN REP=0.234 RWD=0.000 PNL=6.103 CREDIT=-2
[PASSIVE-BEACON] SIMNOW:22.336 CID:6 ZONE:1 RXUAV:1 EDGEPORT:9998 TS:22.322 SPD:25.100 HDG:0.600 PX:508.500 PY:-20.000 LAN:2 BRK:0 RX_X:0.000 RX_Y:0.000 RX_Z:0.000
[ZONE-ROUTE] CID:6 zone=1 edge_port=9998
[EDGE-RTT] CID:6 wall=1.3 ms  sim_delay=5.0 ms
>>> [UAV->CLOUD] BLK:b368|TX:7.0.0.10|CID:6|TS:22.322|SPD:25.1|HDG:0.6|PX:508.5|PY:-20.0|...
[PASSIVE-BEACON] SIMNOW:22.348 CID:14 ZONE:1 RXUAV:1 EDGEPORT:9998 TS:22.334 SPD:25.200 HDG:-1.200 PX:498.900 PY:-50.000 LAN:5 BRK:0 RX_X:0.000 RX_Y:0.000 RX_Z:0.000
[ZONE-ROUTE] CID:14 zone=1 edge_port=9998
[EDGE-RTT] CID:14 wall=0.7 ms  sim_delay=5.0 ms
>>> [UAV->CLOUD] BLK:3932|TX:7.0.0.18|CID:14|TS:22.334|SPD:25.2|HDG:-1.2|PX:498.9|PY:-50....
[ECON-CLAWBACK] CID:6 ACT=WARN prior_payoff=-44.4 extra_penalty=5.0 new_payoff=-49.5
[FORGIVENESS] CID:6 WARN #17 — streak reset, benefits revoked
⚠ [CAR 6] ACT=WARN REP=0.271 RWD=0.000 PNL=5.101 CREDIT=-2
[ECON-CLAWBACK] CID:14 ACT=WARN prior_payoff=-2.014 extra_penalty=2.000 new_payoff=-4.117
[FORGIVENESS] CID:14 WARN #5 — streak reset, benefits revoked
⚠ [CAR 14] ACT=WARN REP=0.928 RWD=0.000 PNL=2.102 CREDIT=-2
[PASSIVE-BEACON] SIMNOW:22.428 CID:11 ZONE:1 RXUAV:1 EDGEPORT:9998 TS:22.414 SPD:24.700 HDG:-1.800 PX:530.600 PY:-20.000 LAN:2 BRK:0 RX_X:0.000 RX_Y:0.000 RX_Z:0.000
[ZONE-ROUTE] CID:11 zone=1 edge_port=9998
[EDGE-RTT] CID:11 wall=1.3 ms  sim_delay=5.0 ms
>>> [UAV->CLOUD] BLK:5654|TX:7.0.0.15|CID:11|TS:22.414|SPD:24.7|HDG:-1.8|PX:530.6|PY:-20....
[ECON-CLAWBACK] CID:11 ACT=WARN prior_payoff=-44.4 extra_penalty=5.0 new_payoff=-49.5
[FORGIVENESS] CID:11 WARN #17 — streak reset, benefits revoked
⚠ [CAR 11] ACT=WARN REP=0.866 RWD=0.000 PNL=5.100 CREDIT=-2
[PASSIVE-BEACON] SIMNOW:22.468 CID:13 ZONE:1 RXUAV:1 EDGEPORT:9998 TS:22.454 SPD:24.500 HDG:-0.300 PX:512.300 PY:-40.000 LAN:4 BRK:0 RX_X:0.000 RX_Y:0.000 RX_Z:0.000
[ZONE-ROUTE] CID:13 zone=1 edge_port=9998
[EDGE-RTT] CID:13 wall=1.2 ms  sim_delay=5.0 ms
>>> [UAV->CLOUD] BLK:6360|TX:7.0.0.17|CID:13|TS:22.454|SPD:24.5|HDG:-0.3|PX:512.3|PY:-40....
[PASSIVE-BEACON] SIMNOW:22.470 CID:17 ZONE:1 RXUAV:1 EDGEPORT:9998 TS:22.456 SPD:24.600 HDG:-1.500 PX:542.600 PY:-30.000 LAN:3 BRK:0 RX_X:0.000 RX_Y:0.000 RX_Z:0.000
[ZONE-ROUTE] CID:17 zone=1 edge_port=9998
[EDGE-RTT] CID:17 wall=0.5 ms  sim_delay=5.0 ms
>>> [UAV->CLOUD] BLK:48a3|TX:7.0.0.21|CID:17|TS:22.456|SPD:24.6|HDG:-1.5|PX:542.6|PY:-30....
[ECON-CLAWBACK] CID:13 ACT=WARN prior_payoff=-12.2 extra_penalty=3.0 new_payoff=-15.3
[FORGIVENESS] CID:13 WARN #9 — streak reset, benefits revoked
⚠ [CAR 13] ACT=WARN REP=0.820 RWD=0.000 PNL=3.099 CREDIT=-2
[ECON-CLAWBACK] CID:17 ACT=WARN prior_payoff=-30.422 extra_penalty=4.250 new_payoff=-34.771
[FORGIVENESS] CID:17 WARN #14 — streak reset, benefits revoked
⚠ [CAR 17] ACT=WARN REP=0.659 RWD=0.000 PNL=4.349 CREDIT=-2
[PASSIVE-BEACON] SIMNOW:22.566 CID:8 ZONE:1 RXUAV:1 EDGEPORT:9998 TS:22.552 SPD:24.500 HDG:-0.300 PX:494.100 PY:-40.000 LAN:4 BRK:0 RX_X:0.000 RX_Y:0.000 RX_Z:0.000
[ZONE-ROUTE] CID:8 zone=1 edge_port=9998
[EDGE-RTT] CID:8 wall=1.0 ms  sim_delay=5.0 ms
>>> [UAV->CLOUD] BLK:5ec8|TX:7.0.0.12|CID:8|TS:22.552|SPD:24.5|HDG:-0.3|PX:494.1|PY:-40.0...
[PASSIVE-BEACON] SIMNOW:22.578 CID:10 ZONE:1 RXUAV:1 EDGEPORT:9998 TS:22.564 SPD:25.400 HDG:1.800 PX:545.400 PY:-10.000 LAN:1 BRK:0 RX_X:0.000 RX_Y:0.000 RX_Z:0.000
[ZONE-ROUTE] CID:10 zone=1 edge_port=9998
[EDGE-RTT] CID:10 wall=1.0 ms  sim_delay=5.0 ms
>>> [UAV->CLOUD] BLK:e764|TX:7.0.0.14|CID:10|TS:22.564|SPD:25.4|HDG:1.8|PX:545.4|PY:-10.0...
[ECON-CLAWBACK] CID:8 ACT=WARN prior_payoff=-12.1 extra_penalty=3.0 new_payoff=-15.2
[FORGIVENESS] CID:8 WARN #9 — streak reset, benefits revoked
⚠ [CAR 8] ACT=WARN REP=0.805 RWD=0.000 PNL=3.099 CREDIT=-2
[ECON-CLAWBACK] CID:10 ACT=WARN prior_payoff=-66.520 extra_penalty=6.000 new_payoff=-72.622
[FORGIVENESS] CID:10 WARN #21 — streak reset, benefits revoked
⚠ [CAR 10] ACT=WARN REP=0.587 RWD=0.000 PNL=6.102 CREDIT=-2
[PASSIVE-BEACON] SIMNOW:22.614 CID:4 ZONE:1 RXUAV:1 EDGEPORT:9998 TS:22.600 SPD:25.000 HDG:1.800 PX:465.300 PY:-50.000 LAN:5 BRK:0 RX_X:0.000 RX_Y:0.000 RX_Z:0.000
[ZONE-ROUTE] CID:4 zone=1 edge_port=9998
[EDGE-RTT] CID:4 wall=1.0 ms  sim_delay=5.0 ms
>>> [UAV->CLOUD] BLK:b7da|TX:7.0.0.8|CID:4|TS:22.600|SPD:25.0|HDG:1.8|PX:465.3|PY:-50.0|L...
[ECON-CLAWBACK] CID:4 ACT=WARN prior_payoff=-4.1 extra_penalty=2.2 new_payoff=-6.4
[FORGIVENESS] CID:4 WARN #6 — streak reset, benefits revoked
⚠ [CAR 4] ACT=WARN REP=1.000 RWD=0.000 PNL=2.352 CREDIT=-2
[PASSIVE-BEACON] SIMNOW:22.636 CID:9 ZONE:1 RXUAV:1 EDGEPORT:9998 TS:22.622 SPD:25.000 HDG:1.000 PX:486.300 PY:-50.000 LAN:5 BRK:0 RX_X:0.000 RX_Y:0.000 RX_Z:0.000
[ZONE-ROUTE] CID:9 zone=1 edge_port=9998
[EDGE-RTT] CID:9 wall=1.1 ms  sim_delay=5.0 ms
>>> [UAV->CLOUD] BLK:9881|TX:7.0.0.13|CID:9|TS:22.622|SPD:25.0|HDG:1.0|PX:486.3|PY:-50.0|...
[ECON-CLAWBACK] CID:9 ACT=WARN prior_payoff=-2.0 extra_penalty=2.0 new_payoff=-4.1
[FORGIVENESS] CID:9 WARN #5 — streak reset, benefits revoked
⚠ [CAR 9] ACT=WARN REP=0.905 RWD=0.000 PNL=2.101 CREDIT=-2
[PASSIVE-BEACON] SIMNOW:22.656 CID:5 ZONE:1 RXUAV:1 EDGEPORT:9998 TS:22.642 SPD:24.700 HDG:0.100 PX:526.500 PY:-10.000 LAN:1 BRK:0 RX_X:0.000 RX_Y:0.000 RX_Z:0.000
[ZONE-ROUTE] CID:5 zone=1 edge_port=9998
[EDGE-RTT] CID:5 wall=0.7 ms  sim_delay=10.0 ms
>>> [UAV->CLOUD] BLK:c82d|TX:7.0.0.9|CID:5|TS:22.642|SPD:24.7|HDG:0.1|PX:526.5|PY:-10.0|L...
[PASSIVE-BEACON] SIMNOW:22.660 CID:18 ZONE:1 RXUAV:1 EDGEPORT:9998 TS:22.646 SPD:25.500 HDG:0.000 PX:537.500 PY:-40.000 LAN:4 BRK:0 RX_X:0.000 RX_Y:0.000 RX_Z:0.000
[ZONE-ROUTE] CID:18 zone=1 edge_port=9998
[EDGE-RTT] CID:18 wall=1.2 ms  sim_delay=5.0 ms
>>> [UAV->CLOUD] BLK:84f0|TX:7.0.0.22|CID:18|TS:22.646|SPD:25.5|HDG:0.0|PX:537.5|PY:-40.0...
[ECON-CLAWBACK] CID:5 ACT=WARN prior_payoff=-72.8 extra_penalty=6.2 new_payoff=-79.2
[FORGIVENESS] CID:5 WARN #22 — streak reset, benefits revoked
⚠ [CAR 5] ACT=WARN REP=0.389 RWD=0.000 PNL=6.350 CREDIT=-2
[ECON-CLAWBACK] CID:18 ACT=WARN prior_payoff=-15.274 extra_penalty=3.250 new_payoff=-18.628
[FORGIVENESS] CID:18 WARN #10 — streak reset, benefits revoked
⚠ [CAR 18] ACT=WARN REP=0.762 RWD=0.000 PNL=3.353 CREDIT=-2
[PASSIVE-BEACON] SIMNOW:22.706 CID:7 ZONE:1 RXUAV:1 EDGEPORT:9998 TS:22.692 SPD:24.900 HDG:0.600 PX:507.900 PY:-30.000 LAN:3 BRK:1 RX_X:0.000 RX_Y:0.000 RX_Z:0.000
[ZONE-ROUTE] CID:7 zone=1 edge_port=9998
[EDGE-RTT] CID:7 wall=1.0 ms  sim_delay=5.0 ms
>>> [UAV->CLOUD] BLK:2487|TX:7.0.0.11|CID:7|TS:22.692|SPD:24.9|HDG:0.6|PX:507.9|PY:-30.0|...
[ECON-CLAWBACK] CID:7 ACT=WARN prior_payoff=-30.4 extra_penalty=4.2 new_payoff=-34.8
[FORGIVENESS] CID:7 WARN #14 — streak reset, benefits revoked
⚠ [CAR 7] ACT=WARN REP=0.784 RWD=0.000 PNL=4.351 CREDIT=-2
[PASSIVE-BEACON] SIMNOW:22.734 CID:1 ZONE:1 RXUAV:1 EDGEPORT:9998 TS:22.720 SPD:25.000 HDG:-0.400 PX:498.700 PY:-20.000 LAN:2 BRK:1 RX_X:0.000 RX_Y:0.000 RX_Z:0.000
[ZONE-ROUTE] CID:1 zone=1 edge_port=9998
[EDGE-RTT] CID:1 wall=1.0 ms  sim_delay=5.0 ms
>>> [UAV->CLOUD] BLK:59d5|TX:7.0.0.5|CID:1|TS:22.720|SPD:25.0|HDG:-0.4|PX:498.7|PY:-20.0|...
[ECON-CLAWBACK] CID:1 ACT=WARN prior_payoff=-49.5 extra_penalty=5.2 new_payoff=-54.9
[FORGIVENESS] CID:1 WARN #18 — streak reset, benefits revoked
⚠ [CAR 1] ACT=WARN REP=0.372 RWD=0.000 PNL=5.351 CREDIT=-2
[PASSIVE-BEACON] SIMNOW:22.758 CID:12 ZONE:1 RXUAV:1 EDGEPORT:9998 TS:22.744 SPD:25.400 HDG:0.900 PX:529.800 PY:-30.000 LAN:3 BRK:1 RX_X:0.000 RX_Y:0.000 RX_Z:0.000
[ZONE-ROUTE] CID:12 zone=1 edge_port=9998
[EDGE-RTT] CID:12 wall=0.8 ms  sim_delay=5.0 ms
>>> [UAV->CLOUD] BLK:874f|TX:7.0.0.16|CID:12|TS:22.744|SPD:25.4|HDG:0.9|PX:529.8|PY:-30.0...
[PASSIVE-BEACON] SIMNOW:22.760 CID:15 ZONE:1 RXUAV:1 EDGEPORT:9998 TS:22.746 SPD:24.900 HDG:-0.100 PX:569.600 PY:-10.000 LAN:1 BRK:0 RX_X:0.000 RX_Y:0.000 RX_Z:0.000
[ZONE-ROUTE] CID:15 zone=1 edge_port=9998
[EDGE-RTT] CID:15 wall=1.0 ms  sim_delay=5.0 ms
>>> [UAV->CLOUD] BLK:d7f9|TX:7.0.0.19|CID:15|TS:22.746|SPD:24.9|HDG:-0.1|PX:569.6|PY:-10....
[ECON-CLAWBACK] CID:12 ACT=WARN prior_payoff=-26.2 extra_penalty=4.0 new_payoff=-30.3
[FORGIVENESS] CID:12 WARN #13 — streak reset, benefits revoked
⚠ [CAR 12] ACT=WARN REP=0.789 RWD=0.000 PNL=4.102 CREDIT=-2
[ECON-CLAWBACK] CID:15 ACT=WARN prior_payoff=-72.671 extra_penalty=6.250 new_payoff=-79.022
[FORGIVENESS] CID:15 WARN #22 — streak reset, benefits revoked
⚠ [CAR 15] ACT=WARN REP=0.063 RWD=0.000 PNL=6.351 CREDIT=-2
[ATTACK-EMIT] CID:16 activeWindow=YES falsified=YES simT=22.786 realPX=560.250 fakePX=560.250 realSPD=25.000 fakeSPD=20.000 realTS=22.786 fakeTS=22.786 lane=2
[PASSIVE-BEACON] SIMNOW:22.836 CID:6 ZONE:1 RXUAV:1 EDGEPORT:9998 TS:22.822 SPD:25.400 HDG:1.400 PX:521.800 PY:-20.000 LAN:2 BRK:1 RX_X:0.000 RX_Y:0.000 RX_Z:0.000
[ZONE-ROUTE] CID:6 zone=1 edge_port=9998
[EDGE-RTT] CID:6 wall=0.9 ms  sim_delay=5.0 ms
>>> [UAV->CLOUD] BLK:afc8|TX:7.0.0.10|CID:6|TS:22.822|SPD:25.4|HDG:1.4|PX:521.8|PY:-20.0|...
[PASSIVE-BEACON] SIMNOW:22.848 CID:14 ZONE:1 RXUAV:1 EDGEPORT:9998 TS:22.834 SPD:25.300 HDG:0.500 PX:510.700 PY:-50.000 LAN:5 BRK:1 RX_X:0.000 RX_Y:0.000 RX_Z:0.000
[ZONE-ROUTE] CID:14 zone=1 edge_port=9998
[EDGE-RTT] CID:14 wall=0.9 ms  sim_delay=5.0 ms
>>> [UAV->CLOUD] BLK:e305|TX:7.0.0.18|CID:14|TS:22.834|SPD:25.3|HDG:0.5|PX:510.7|PY:-50.0...
[ECON-CLAWBACK] CID:6 ACT=WARN prior_payoff=-49.5 extra_penalty=5.2 new_payoff=-54.9
[FORGIVENESS] CID:6 WARN #18 — streak reset, benefits revoked
⚠ [CAR 6] ACT=WARN REP=0.481 RWD=0.000 PNL=5.352 CREDIT=-2
[ECON-CLAWBACK] CID:14 ACT=WARN prior_payoff=-4.117 extra_penalty=2.250 new_payoff=-6.469
[FORGIVENESS] CID:14 WARN #6 — streak reset, benefits revoked
⚠ [CAR 14] ACT=WARN REP=0.812 RWD=0.000 PNL=2.352 CREDIT=-2
[PASSIVE-BEACON] SIMNOW:22.928 CID:11 ZONE:1 RXUAV:1 EDGEPORT:9998 TS:22.914 SPD:24.600 HDG:1.000 PX:544.100 PY:-20.000 LAN:2 BRK:0 RX_X:0.000 RX_Y:0.000 RX_Z:0.000
[ZONE-ROUTE] CID:11 zone=1 edge_port=9998
[EDGE-RTT] CID:11 wall=0.9 ms  sim_delay=5.0 ms
>>> [UAV->CLOUD] BLK:e215|TX:7.0.0.15|CID:11|TS:22.914|SPD:24.6|HDG:1.0|PX:544.1|PY:-20.0...
[ECON-CLAWBACK] CID:11 ACT=WARN prior_payoff=-49.5 extra_penalty=5.2 new_payoff=-54.9
[FORGIVENESS] CID:11 WARN #18 — streak reset, benefits revoked
⚠ [CAR 11] ACT=WARN REP=0.550 RWD=0.000 PNL=5.349 CREDIT=-2
[PASSIVE-BEACON] SIMNOW:22.967 CID:13 ZONE:1 RXUAV:1 EDGEPORT:9998 TS:22.954 SPD:25.100 HDG:-1.400 PX:523.800 PY:-40.000 LAN:4 BRK:1 RX_X:0.000 RX_Y:0.000 RX_Z:0.000
[ZONE-ROUTE] CID:13 zone=1 edge_port=9998
[EDGE-RTT] CID:13 wall=1.0 ms  sim_delay=5.0 ms
>>> [UAV->CLOUD] BLK:cbf8|TX:7.0.0.17|CID:13|TS:22.954|SPD:25.1|HDG:-1.4|PX:523.8|PY:-40....
[PASSIVE-BEACON] SIMNOW:22.971 CID:17 ZONE:1 RXUAV:1 EDGEPORT:9998 TS:22.956 SPD:24.500 HDG:1.700 PX:554.900 PY:-30.000 LAN:3 BRK:0 RX_X:0.000 RX_Y:0.000 RX_Z:0.000
[ZONE-ROUTE] CID:17 zone=1 edge_port=9998
[EDGE-RTT] CID:17 wall=0.8 ms  sim_delay=5.0 ms
>>> [UAV->CLOUD] BLK:3b6d|TX:7.0.0.21|CID:17|TS:22.956|SPD:24.5|HDG:1.7|PX:554.9|PY:-30.0...
[ECON-CLAWBACK] CID:13 ACT=WARN prior_payoff=-15.3 extra_penalty=3.2 new_payoff=-18.6
[FORGIVENESS] CID:13 WARN #10 — streak reset, benefits revoked
⚠ [CAR 13] ACT=WARN REP=0.440 RWD=0.000 PNL=3.352 CREDIT=-2
[ECON-CLAWBACK] CID:17 ACT=WARN prior_payoff=-34.771 extra_penalty=4.500 new_payoff=-39.370
[FORGIVENESS] CID:17 WARN #15 — streak reset, benefits revoked
⚠ [CAR 17] ACT=WARN REP=0.691 RWD=0.000 PNL=4.599 CREDIT=-2
[PASSIVE-BEACON] SIMNOW:23.066 CID:8 ZONE:1 RXUAV:1 EDGEPORT:9998 TS:23.052 SPD:25.100 HDG:-1.500 PX:506.800 PY:-40.000 LAN:4 BRK:0 RX_X:0.000 RX_Y:0.000 RX_Z:0.000
[ZONE-ROUTE] CID:8 zone=1 edge_port=9998
[EDGE-RTT] CID:8 wall=1.2 ms  sim_delay=5.0 ms
>>> [UAV->CLOUD] BLK:ec45|TX:7.0.0.12|CID:8|TS:23.052|SPD:25.1|HDG:-1.5|PX:506.8|PY:-40.0...
[ECON-CLAWBACK] CID:8 ACT=WARN prior_payoff=-15.2 extra_penalty=3.2 new_payoff=-18.6
[FORGIVENESS] CID:8 WARN #10 — streak reset, benefits revoked
⚠ [CAR 8] ACT=WARN REP=0.547 RWD=0.000 PNL=3.351 CREDIT=-2
[PASSIVE-BEACON] SIMNOW:23.081 CID:10 ZONE:1 RXUAV:1 EDGEPORT:9998 TS:23.064 SPD:24.900 HDG:-0.800 PX:557.600 PY:-10.000 LAN:1 BRK:0 RX_X:0.000 RX_Y:0.000 RX_Z:0.000
[ZONE-ROUTE] CID:10 zone=1 edge_port=9998
[EDGE-RTT] CID:10 wall=0.9 ms  sim_delay=5.0 ms
>>> [UAV->CLOUD] BLK:e8a7|TX:7.0.0.14|CID:10|TS:23.064|SPD:24.9|HDG:-0.8|PX:557.6|PY:-10....
[ECON-CLAWBACK] CID:10 ACT=WARN prior_payoff=-72.6 extra_penalty=6.2 new_payoff=-79.0
[FORGIVENESS] CID:10 WARN #22 — streak reset, benefits revoked
⚠ [CAR 10] ACT=WARN REP=0.489 RWD=0.000 PNL=6.351 CREDIT=-2
[PASSIVE-BEACON] SIMNOW:23.114 CID:4 ZONE:1 RXUAV:1 EDGEPORT:9998 TS:23.100 SPD:25.100 HDG:1.200 PX:478.300 PY:-50.000 LAN:5 BRK:0 RX_X:0.000 RX_Y:0.000 RX_Z:0.000
[ZONE-ROUTE] CID:4 zone=1 edge_port=9998
[EDGE-RTT] CID:4 wall=1.2 ms  sim_delay=5.0 ms
>>> [UAV->CLOUD] BLK:e2ce|TX:7.0.0.8|CID:4|TS:23.100|SPD:25.1|HDG:1.2|PX:478.3|PY:-50.0|L...
[ECON-CLAWBACK] CID:4 ACT=WARN prior_payoff=-6.4 extra_penalty=2.5 new_payoff=-9.0
[FORGIVENESS] CID:4 WARN #7 — streak reset, benefits revoked
⚠ [CAR 4] ACT=WARN REP=0.894 RWD=0.000 PNL=2.602 CREDIT=-2
[PASSIVE-BEACON] SIMNOW:23.136 CID:9 ZONE:1 RXUAV:1 EDGEPORT:9998 TS:23.122 SPD:25.200 HDG:-1.900 PX:498.100 PY:-50.000 LAN:5 BRK:0 RX_X:0.000 RX_Y:0.000 RX_Z:0.000
[ZONE-ROUTE] CID:9 zone=1 edge_port=9998
[EDGE-RTT] CID:9 wall=1.2 ms  sim_delay=5.0 ms
>>> [UAV->CLOUD] BLK:bcce|TX:7.0.0.13|CID:9|TS:23.122|SPD:25.2|HDG:-1.9|PX:498.1|PY:-50.0...
[ECON-CLAWBACK] CID:9 ACT=WARN prior_payoff=-4.1 extra_penalty=2.2 new_payoff=-6.4
[FORGIVENESS] CID:9 WARN #6 — streak reset, benefits revoked
⚠ [CAR 9] ACT=WARN REP=0.693 RWD=0.000 PNL=2.352 CREDIT=-2
[PASSIVE-BEACON] SIMNOW:23.157 CID:5 ZONE:1 RXUAV:1 EDGEPORT:9998 TS:23.142 SPD:25.000 HDG:-0.100 PX:538.900 PY:-10.000 LAN:1 BRK:0 RX_X:0.000 RX_Y:0.000 RX_Z:0.000
[ZONE-ROUTE] CID:5 zone=1 edge_port=9998
[EDGE-RTT] CID:5 wall=1.0 ms  sim_delay=10.0 ms
>>> [UAV->CLOUD] BLK:65ba|TX:7.0.0.9|CID:5|TS:23.142|SPD:25.0|HDG:-0.1|PX:538.9|PY:-10.0|...
[PASSIVE-BEACON] SIMNOW:23.160 CID:18 ZONE:1 RXUAV:1 EDGEPORT:9998 TS:23.146 SPD:25.000 HDG:1.000 PX:549.600 PY:-40.000 LAN:4 BRK:0 RX_X:0.000 RX_Y:0.000 RX_Z:0.000
[ZONE-ROUTE] CID:18 zone=1 edge_port=9998
[EDGE-RTT] CID:18 wall=1.1 ms  sim_delay=5.0 ms
>>> [UAV->CLOUD] BLK:d69c|TX:7.0.0.22|CID:18|TS:23.146|SPD:25.0|HDG:1.0|PX:549.6|PY:-40.0...
[ECON-CLAWBACK] CID:5 ACT=WARN prior_payoff=-79.2 extra_penalty=6.5 new_payoff=-85.8
[FORGIVENESS] CID:5 WARN #23 — streak reset, benefits revoked
⚠ [CAR 5] ACT=WARN REP=0.576 RWD=0.000 PNL=6.601 CREDIT=-2
[ECON-CLAWBACK] CID:18 ACT=WARN prior_payoff=-18.628 extra_penalty=3.500 new_payoff=-22.230
[FORGIVENESS] CID:18 WARN #11 — streak reset, benefits revoked
⚠ [CAR 18] ACT=WARN REP=0.558 RWD=0.000 PNL=3.602 CREDIT=-2
[PASSIVE-BEACON] SIMNOW:23.206 CID:7 ZONE:1 RXUAV:1 EDGEPORT:9998 TS:23.192 SPD:25.200 HDG:-1.400 PX:520.400 PY:-30.000 LAN:3 BRK:0 RX_X:0.000 RX_Y:0.000 RX_Z:0.000
[ZONE-ROUTE] CID:7 zone=1 edge_port=9998
[EDGE-RTT] CID:7 wall=1.0 ms  sim_delay=5.0 ms
>>> [UAV->CLOUD] BLK:c097|TX:7.0.0.11|CID:7|TS:23.192|SPD:25.2|HDG:-1.4|PX:520.4|PY:-30.0...
[ECON-CLAWBACK] CID:7 ACT=WARN prior_payoff=-34.8 extra_penalty=4.5 new_payoff=-39.4
[FORGIVENESS] CID:7 WARN #15 — streak reset, benefits revoked
⚠ [CAR 7] ACT=WARN REP=0.613 RWD=0.000 PNL=4.602 CREDIT=-2
[PASSIVE-BEACON] SIMNOW:23.234 CID:1 ZONE:1 RXUAV:1 EDGEPORT:9998 TS:23.220 SPD:25.000 HDG:0.300 PX:510.700 PY:-20.000 LAN:2 BRK:1 RX_X:0.000 RX_Y:0.000 RX_Z:0.000
[ZONE-ROUTE] CID:1 zone=1 edge_port=9998
[EDGE-RTT] CID:1 wall=1.1 ms  sim_delay=5.0 ms
>>> [UAV->CLOUD] BLK:1052|TX:7.0.0.5|CID:1|TS:23.220|SPD:25.0|HDG:0.3|PX:510.7|PY:-20.0|L...
[ECON-CLAWBACK] CID:1 ACT=WARN prior_payoff=-54.9 extra_penalty=5.5 new_payoff=-60.5
[FORGIVENESS] CID:1 WARN #19 — streak reset, benefits revoked
⚠ [CAR 1] ACT=WARN REP=0.612 RWD=0.000 PNL=5.601 CREDIT=-2
[PASSIVE-BEACON] SIMNOW:23.258 CID:15 ZONE:1 RXUAV:1 EDGEPORT:9998 TS:23.246 SPD:24.700 HDG:-1.300 PX:582.500 PY:-10.000 LAN:1 BRK:0 RX_X:0.000 RX_Y:0.000 RX_Z:0.000
[ZONE-ROUTE] CID:15 zone=1 edge_port=9998
[EDGE-RTT] CID:15 wall=0.9 ms  sim_delay=5.0 ms
>>> [UAV->CLOUD] BLK:db43|TX:7.0.0.19|CID:15|TS:23.246|SPD:24.7|HDG:-1.3|PX:582.5|PY:-10....
[PASSIVE-BEACON] SIMNOW:23.258 CID:12 ZONE:1 RXUAV:1 EDGEPORT:9998 TS:23.244 SPD:24.800 HDG:-1.100 PX:541.600 PY:-30.000 LAN:3 BRK:0 RX_X:0.000 RX_Y:0.000 RX_Z:0.000
[ZONE-ROUTE] CID:12 zone=1 edge_port=9998
[EDGE-RTT] CID:12 wall=5.0 ms  sim_delay=5.0 ms
>>> [UAV->CLOUD] BLK:9906|TX:7.0.0.16|CID:12|TS:23.244|SPD:24.8|HDG:-1.1|PX:541.6|PY:-30....
[ECON-CLAWBACK] CID:15 ACT=WARN prior_payoff=-79.0 extra_penalty=6.5 new_payoff=-85.6
[FORGIVENESS] CID:15 WARN #23 — streak reset, benefits revoked
⚠ [CAR 15] ACT=WARN REP=0.449 RWD=0.000 PNL=6.600 CREDIT=-2
[ECON-CLAWBACK] CID:12 ACT=WARN prior_payoff=-30.319 extra_penalty=4.250 new_payoff=-34.670
[FORGIVENESS] CID:12 WARN #14 — streak reset, benefits revoked
⚠ [CAR 12] ACT=WARN REP=0.861 RWD=0.000 PNL=4.351 CREDIT=-2
[ATTACK-EMIT] CID:16 activeWindow=YES falsified=YES simT=23.286 realPX=572.750 fakePX=572.750 realSPD=25.000 fakeSPD=20.000 realTS=23.286 fakeTS=23.286 lane=2
[PASSIVE-BEACON] SIMNOW:23.336 CID:6 ZONE:1 RXUAV:1 EDGEPORT:9998 TS:23.322 SPD:24.800 HDG:-0.400 PX:533.100 PY:-20.000 LAN:2 BRK:0 RX_X:0.000 RX_Y:0.000 RX_Z:0.000
[ZONE-ROUTE] CID:6 zone=1 edge_port=9998
[EDGE-RTT] CID:6 wall=1.1 ms  sim_delay=5.0 ms
>>> [UAV->CLOUD] BLK:96b7|TX:7.0.0.10|CID:6|TS:23.322|SPD:24.8|HDG:-0.4|PX:533.1|PY:-20.0...
[PASSIVE-BEACON] SIMNOW:23.347 CID:14 ZONE:1 RXUAV:1 EDGEPORT:9998 TS:23.334 SPD:24.600 HDG:1.900 PX:523.800 PY:-50.000 LAN:5 BRK:0 RX_X:0.000 RX_Y:0.000 RX_Z:0.000
[ZONE-ROUTE] CID:14 zone=1 edge_port=9998
[EDGE-RTT] CID:14 wall=1.0 ms  sim_delay=5.0 ms
>>> [UAV->CLOUD] BLK:c3b2|TX:7.0.0.18|CID:14|TS:23.334|SPD:24.6|HDG:1.9|PX:523.8|PY:-50.0...
[ECON-CLAWBACK] CID:6 ACT=WARN prior_payoff=-54.9 extra_penalty=5.5 new_payoff=-60.5
[FORGIVENESS] CID:6 WARN #19 — streak reset, benefits revoked
⚠ [CAR 6] ACT=WARN REP=0.614 RWD=0.000 PNL=5.601 CREDIT=-2
[ECON-CLAWBACK] CID:14 ACT=WARN prior_payoff=-6.469 extra_penalty=2.500 new_payoff=-9.069
[FORGIVENESS] CID:14 WARN #7 — streak reset, benefits revoked
⚠ [CAR 14] ACT=WARN REP=0.747 RWD=0.000 PNL=2.600 CREDIT=-2
[PASSIVE-BEACON] SIMNOW:23.428 CID:11 ZONE:1 RXUAV:1 EDGEPORT:9998 TS:23.414 SPD:25.300 HDG:-0.000 PX:555.500 PY:-20.000 LAN:2 BRK:0 RX_X:0.000 RX_Y:0.000 RX_Z:0.000
[ZONE-ROUTE] CID:11 zone=1 edge_port=9998
[EDGE-RTT] CID:11 wall=1.3 ms  sim_delay=5.0 ms
>>> [UAV->CLOUD] BLK:40bd|TX:7.0.0.15|CID:11|TS:23.414|SPD:25.3|HDG:-0.0|PX:555.5|PY:-20....
[ECON-CLAWBACK] CID:11 ACT=WARN prior_payoff=-54.9 extra_penalty=5.5 new_payoff=-60.5
[FORGIVENESS] CID:11 WARN #19 — streak reset, benefits revoked
⚠ [CAR 11] ACT=WARN REP=0.675 RWD=0.000 PNL=5.602 CREDIT=-2
[PASSIVE-BEACON] SIMNOW:23.468 CID:13 ZONE:1 RXUAV:1 EDGEPORT:9998 TS:23.454 SPD:25.200 HDG:0.300 PX:537.600 PY:-40.000 LAN:4 BRK:0 RX_X:0.000 RX_Y:0.000 RX_Z:0.000
[ZONE-ROUTE] CID:13 zone=1 edge_port=9998
[EDGE-RTT] CID:13 wall=1.0 ms  sim_delay=5.0 ms
>>> [UAV->CLOUD] BLK:cb0f|TX:7.0.0.17|CID:13|TS:23.454|SPD:25.2|HDG:0.3|PX:537.6|PY:-40.0...
[PASSIVE-BEACON] SIMNOW:23.470 CID:17 ZONE:1 RXUAV:1 EDGEPORT:9998 TS:23.456 SPD:24.600 HDG:-0.300 PX:567.200 PY:-30.000 LAN:3 BRK:0 RX_X:0.000 RX_Y:0.000 RX_Z:0.000
[ZONE-ROUTE] CID:17 zone=1 edge_port=9998
[EDGE-RTT] CID:17 wall=0.9 ms  sim_delay=5.0 ms
>>> [UAV->CLOUD] BLK:bba2|TX:7.0.0.21|CID:17|TS:23.456|SPD:24.6|HDG:-0.3|PX:567.2|PY:-30....
[ECON-CLAWBACK] CID:13 ACT=WARN prior_payoff=-18.6 extra_penalty=3.5 new_payoff=-22.2
[FORGIVENESS] CID:13 WARN #11 — streak reset, benefits revoked
⚠ [CAR 13] ACT=WARN REP=0.730 RWD=0.000 PNL=3.602 CREDIT=-2
[ECON-CLAWBACK] CID:17 ACT=WARN prior_payoff=-39.370 extra_penalty=4.750 new_payoff=-44.219
[FORGIVENESS] CID:17 WARN #16 — streak reset, benefits revoked
⚠ [CAR 17] ACT=WARN REP=0.640 RWD=0.000 PNL=4.849 CREDIT=-2
[ATTACK-EMIT] CID:10 activeWindow=YES falsified=YES simT=23.564 realPX=569.700 fakePX=569.700 realSPD=25.000 fakeSPD=20.000 realTS=23.564 fakeTS=23.564 lane=1
[PASSIVE-BEACON] SIMNOW:23.566 CID:8 ZONE:1 RXUAV:1 EDGEPORT:9998 TS:23.552 SPD:25.000 HDG:0.800 PX:519.900 PY:-40.000 LAN:4 BRK:0 RX_X:0.000 RX_Y:0.000 RX_Z:0.000
[ZONE-ROUTE] CID:8 zone=1 edge_port=9998
[EDGE-RTT] CID:8 wall=0.9 ms  sim_delay=5.0 ms
>>> [UAV->CLOUD] BLK:94a7|TX:7.0.0.12|CID:8|TS:23.552|SPD:25.0|HDG:0.8|PX:519.9|PY:-40.0|...
[PASSIVE-BEACON] SIMNOW:23.578 CID:10 ZONE:1 RXUAV:1 EDGEPORT:9998 TS:23.564 SPD:20.000 HDG:0.000 PX:569.700 PY:-10.000 LAN:1 BRK:0 RX_X:0.000 RX_Y:0.000 RX_Z:0.000
[ZONE-ROUTE] CID:10 zone=1 edge_port=9998
[EDGE-RTT] CID:10 wall=0.8 ms  sim_delay=5.0 ms
>>> [UAV->CLOUD] BLK:df7e|TX:7.0.0.14|CID:10|TS:23.564|SPD:20.0|HDG:0.0|PX:569.7|PY:-10.0...
[ECON-CLAWBACK] CID:8 ACT=WARN prior_payoff=-18.6 extra_penalty=3.5 new_payoff=-22.2
[FORGIVENESS] CID:8 WARN #11 — streak reset, benefits revoked
⚠ [CAR 8] ACT=WARN REP=0.665 RWD=0.000 PNL=3.601 CREDIT=-2
[ECON-GATE] CID:10 probation active - suppressing OK reward 0.985
✓ [CAR 10] ACT=OK REP=0.409 RWD=0.000 PNL=0.000 CREDIT=0
[PASSIVE-BEACON] SIMNOW:23.614 CID:4 ZONE:1 RXUAV:1 EDGEPORT:9998 TS:23.600 SPD:24.900 HDG:-1.300 PX:490.300 PY:-50.000 LAN:5 BRK:0 RX_X:0.000 RX_Y:0.000 RX_Z:0.000
[ZONE-ROUTE] CID:4 zone=1 edge_port=9998
[EDGE-RTT] CID:4 wall=1.1 ms  sim_delay=5.0 ms
>>> [UAV->CLOUD] BLK:8476|TX:7.0.0.8|CID:4|TS:23.600|SPD:24.9|HDG:-1.3|PX:490.3|PY:-50.0|...
[ECON-CLAWBACK] CID:4 ACT=WARN prior_payoff=-9.0 extra_penalty=2.8 new_payoff=-11.9
[FORGIVENESS] CID:4 WARN #8 — streak reset, benefits revoked
⚠ [CAR 4] ACT=WARN REP=0.912 RWD=0.000 PNL=2.851 CREDIT=-2
[PASSIVE-BEACON] SIMNOW:23.636 CID:9 ZONE:1 RXUAV:1 EDGEPORT:9998 TS:23.622 SPD:25.200 HDG:0.600 PX:510.800 PY:-50.000 LAN:5 BRK:0 RX_X:0.000 RX_Y:0.000 RX_Z:0.000
[ZONE-ROUTE] CID:9 zone=1 edge_port=9998
[EDGE-RTT] CID:9 wall=0.7 ms  sim_delay=5.0 ms
>>> [UAV->CLOUD] BLK:633b|TX:7.0.0.13|CID:9|TS:23.622|SPD:25.2|HDG:0.6|PX:510.8|PY:-50.0|...
[ATTACK-EMIT] CID:18 activeWindow=YES falsified=YES simT=23.646 realPX=561.750 fakePX=561.750 realSPD=25.000 fakeSPD=20.000 realTS=23.646 fakeTS=23.646 lane=4
[ECON-CLAWBACK] CID:9 ACT=WARN prior_payoff=-6.419 extra_penalty=2.500 new_payoff=-9.021
[FORGIVENESS] CID:9 WARN #7 — streak reset, benefits revoked
⚠ [CAR 9] ACT=WARN REP=0.933 RWD=0.000 PNL=2.602 CREDIT=-2
[PASSIVE-BEACON] SIMNOW:23.656 CID:5 ZONE:1 RXUAV:1 EDGEPORT:9998 TS:23.642 SPD:25.200 HDG:-0.800 PX:551.400 PY:-10.000 LAN:1 BRK:0 RX_X:0.000 RX_Y:0.000 RX_Z:0.000
[ZONE-ROUTE] CID:5 zone=1 edge_port=9998
[EDGE-RTT] CID:5 wall=0.9 ms  sim_delay=10.0 ms
>>> [UAV->CLOUD] BLK:97a8|TX:7.0.0.9|CID:5|TS:23.642|SPD:25.2|HDG:-0.8|PX:551.4|PY:-10.0|...
[PASSIVE-BEACON] SIMNOW:23.660 CID:18 ZONE:1 RXUAV:1 EDGEPORT:9998 TS:23.646 SPD:20.000 HDG:0.000 PX:561.800 PY:-40.000 LAN:4 BRK:1 RX_X:0.000 RX_Y:0.000 RX_Z:0.000
[ZONE-ROUTE] CID:18 zone=1 edge_port=9998
[EDGE-RTT] CID:18 wall=0.7 ms  sim_delay=5.0 ms
>>> [UAV->CLOUD] BLK:4d19|TX:7.0.0.22|CID:18|TS:23.646|SPD:20.0|HDG:0.0|PX:561.8|PY:-40.0...
[ECON-CLAWBACK] CID:5 ACT=WARN prior_payoff=-85.8 extra_penalty=6.8 new_payoff=-92.6
[FORGIVENESS] CID:5 WARN #24 — streak reset, benefits revoked
⚠ [CAR 5] ACT=WARN REP=0.526 RWD=0.000 PNL=6.852 CREDIT=-2
[ECON-GATE] CID:18 probation active - suppressing OK reward 0.984
✓ [CAR 18] ACT=OK REP=0.537 RWD=0.000 PNL=0.000 CREDIT=0
[PASSIVE-BEACON] SIMNOW:23.706 CID:7 ZONE:1 RXUAV:1 EDGEPORT:9998 TS:23.692 SPD:25.200 HDG:1.100 PX:532.700 PY:-30.000 LAN:3 BRK:0 RX_X:0.000 RX_Y:0.000 RX_Z:0.000
[ZONE-ROUTE] CID:7 zone=1 edge_port=9998
[EDGE-RTT] CID:7 wall=1.2 ms  sim_delay=5.0 ms
>>> [UAV->CLOUD] BLK:57b4|TX:7.0.0.11|CID:7|TS:23.692|SPD:25.2|HDG:1.1|PX:532.7|PY:-30.0|...
[ECON-CLAWBACK] CID:7 ACT=WARN prior_payoff=-39.4 extra_penalty=4.8 new_payoff=-44.2
[FORGIVENESS] CID:7 WARN #16 — streak reset, benefits revoked
⚠ [CAR 7] ACT=WARN REP=0.512 RWD=0.000 PNL=4.852 CREDIT=-2
[PASSIVE-BEACON] SIMNOW:23.734 CID:1 ZONE:1 RXUAV:1 EDGEPORT:9998 TS:23.720 SPD:24.700 HDG:1.600 PX:523.500 PY:-20.000 LAN:2 BRK:1 RX_X:0.000 RX_Y:0.000 RX_Z:0.000
[ZONE-ROUTE] CID:1 zone=1 edge_port=9998
[EDGE-RTT] CID:1 wall=1.1 ms  sim_delay=5.0 ms
>>> [UAV->CLOUD] BLK:f977|TX:7.0.0.5|CID:1|TS:23.720|SPD:24.7|HDG:1.6|PX:523.5|PY:-20.0|L...
[ECON-CLAWBACK] CID:1 ACT=WARN prior_payoff=-60.5 extra_penalty=5.8 new_payoff=-66.3
[FORGIVENESS] CID:1 WARN #20 — streak reset, benefits revoked
⚠ [CAR 1] ACT=WARN REP=0.679 RWD=0.000 PNL=5.850 CREDIT=-2
[PASSIVE-BEACON] SIMNOW:23.758 CID:12 ZONE:1 RXUAV:1 EDGEPORT:9998 TS:23.744 SPD:24.800 HDG:-2.000 PX:554.800 PY:-30.000 LAN:3 BRK:0 RX_X:0.000 RX_Y:0.000 RX_Z:0.000
[ZONE-ROUTE] CID:12 zone=1 edge_port=9998
[EDGE-RTT] CID:12 wall=0.9 ms  sim_delay=5.0 ms
>>> [UAV->CLOUD] BLK:9d21|TX:7.0.0.16|CID:12|TS:23.744|SPD:24.8|HDG:-2.0|PX:554.8|PY:-30....
[PASSIVE-BEACON] SIMNOW:23.760 CID:15 ZONE:1 RXUAV:1 EDGEPORT:9998 TS:23.746 SPD:25.300 HDG:-1.400 PX:594.900 PY:-10.000 LAN:1 BRK:0 RX_X:0.000 RX_Y:0.000 RX_Z:0.000
[ZONE-ROUTE] CID:15 zone=1 edge_port=9998
[EDGE-RTT] CID:15 wall=1.1 ms  sim_delay=5.0 ms
>>> [UAV->CLOUD] BLK:da38|TX:7.0.0.19|CID:15|TS:23.746|SPD:25.3|HDG:-1.4|PX:594.9|PY:-10....
[ECON-CLAWBACK] CID:12 ACT=WARN prior_payoff=-34.7 extra_penalty=4.5 new_payoff=-39.3
[FORGIVENESS] CID:12 WARN #15 — streak reset, benefits revoked
⚠ [CAR 12] ACT=WARN REP=0.461 RWD=0.000 PNL=4.601 CREDIT=-2
[ECON-CLAWBACK] CID:15 ACT=WARN prior_payoff=-85.622 extra_penalty=6.750 new_payoff=-92.474
[FORGIVENESS] CID:15 WARN #24 — streak reset, benefits revoked
⚠ [CAR 15] ACT=WARN REP=0.476 RWD=0.000 PNL=6.852 CREDIT=-2
[ATTACK-EMIT] CID:16 activeWindow=YES falsified=YES simT=23.786 realPX=585.250 fakePX=560.358 realSPD=25.000 fakeSPD=22.000 realTS=23.786 fakeTS=23.286 lane=2
[PASSIVE-BEACON] SIMNOW:23.836 CID:6 ZONE:1 RXUAV:1 EDGEPORT:9998 TS:23.822 SPD:24.700 HDG:-0.200 PX:546.300 PY:-20.000 LAN:2 BRK:0 RX_X:0.000 RX_Y:0.000 RX_Z:0.000
[ZONE-ROUTE] CID:6 zone=1 edge_port=9998
[EDGE-RTT] CID:6 wall=1.1 ms  sim_delay=5.0 ms
>>> [UAV->CLOUD] BLK:9e24|TX:7.0.0.10|CID:6|TS:23.822|SPD:24.7|HDG:-0.2|PX:546.3|PY:-20.0...
[PASSIVE-BEACON] SIMNOW:23.848 CID:14 ZONE:1 RXUAV:1 EDGEPORT:9998 TS:23.834 SPD:24.500 HDG:1.900 PX:536.000 PY:-50.000 LAN:5 BRK:0 RX_X:0.000 RX_Y:0.000 RX_Z:0.000
[ZONE-ROUTE] CID:14 zone=1 edge_port=9998
[EDGE-RTT] CID:14 wall=1.1 ms  sim_delay=5.0 ms
>>> [UAV->CLOUD] BLK:0648|TX:7.0.0.18|CID:14|TS:23.834|SPD:24.5|HDG:1.9|PX:536.0|PY:-50.0...
[ECON-CLAWBACK] CID:6 ACT=WARN prior_payoff=-60.5 extra_penalty=5.8 new_payoff=-66.3
[FORGIVENESS] CID:6 WARN #20 — streak reset, benefits revoked
⚠ [CAR 6] ACT=WARN REP=0.492 RWD=0.000 PNL=5.850 CREDIT=-2
[ECON-CLAWBACK] CID:14 ACT=WARN prior_payoff=-9.069 extra_penalty=2.750 new_payoff=-11.918
[FORGIVENESS] CID:14 WARN #8 — streak reset, benefits revoked
⚠ [CAR 14] ACT=WARN REP=0.595 RWD=0.000 PNL=2.849 CREDIT=-2
[PASSIVE-BEACON] SIMNOW:23.928 CID:11 ZONE:1 RXUAV:1 EDGEPORT:9998 TS:23.914 SPD:25.400 HDG:-1.400 PX:568.500 PY:-20.000 LAN:2 BRK:0 RX_X:0.000 RX_Y:0.000 RX_Z:0.000
[ZONE-ROUTE] CID:11 zone=1 edge_port=9998
[EDGE-RTT] CID:11 wall=1.3 ms  sim_delay=5.0 ms
>>> [UAV->CLOUD] BLK:a063|TX:7.0.0.15|CID:11|TS:23.914|SPD:25.4|HDG:-1.4|PX:568.5|PY:-20....
[ECON-CLAWBACK] CID:11 ACT=WARN prior_payoff=-60.5 extra_penalty=5.8 new_payoff=-66.3
[FORGIVENESS] CID:11 WARN #20 — streak reset, benefits revoked
⚠ [CAR 11] ACT=WARN REP=0.650 RWD=0.000 PNL=5.852 CREDIT=-2
[PASSIVE-BEACON] SIMNOW:23.968 CID:13 ZONE:1 RXUAV:1 EDGEPORT:9998 TS:23.954 SPD:25.000 HDG:-0.900 PX:550.000 PY:-40.000 LAN:4 BRK:1 RX_X:0.000 RX_Y:0.000 RX_Z:0.000
[ZONE-ROUTE] CID:13 zone=1 edge_port=9998
[EDGE-RTT] CID:13 wall=0.9 ms  sim_delay=5.0 ms
>>> [UAV->CLOUD] BLK:ad4d|TX:7.0.0.17|CID:13|TS:23.954|SPD:25.0|HDG:-0.9|PX:550.0|PY:-40....
[PASSIVE-BEACON] SIMNOW:23.971 CID:17 ZONE:1 RXUAV:1 EDGEPORT:9998 TS:23.956 SPD:24.500 HDG:0.500 PX:579.400 PY:-30.000 LAN:3 BRK:1 RX_X:0.000 RX_Y:0.000 RX_Z:0.000
[ZONE-ROUTE] CID:17 zone=1 edge_port=9998
[EDGE-RTT] CID:17 wall=0.7 ms  sim_delay=5.0 ms
>>> [UAV->CLOUD] BLK:9a7c|TX:7.0.0.21|CID:17|TS:23.956|SPD:24.5|HDG:0.5|PX:579.4|PY:-30.0...
[ECON-CLAWBACK] CID:13 ACT=WARN prior_payoff=-22.2 extra_penalty=3.8 new_payoff=-26.1
[FORGIVENESS] CID:13 WARN #12 — streak reset, benefits revoked
⚠ [CAR 13] ACT=WARN REP=1.000 RWD=0.000 PNL=3.851 CREDIT=-2
[ECON-CLAWBACK] CID:17 ACT=WARN prior_payoff=-44.219 extra_penalty=5.000 new_payoff=-49.317
[FORGIVENESS] CID:17 WARN #17 — streak reset, benefits revoked
⚠ [CAR 17] ACT=WARN REP=0.511 RWD=0.000 PNL=5.098 CREDIT=-2
[ATTACK-EMIT] CID:10 activeWindow=YES falsified=YES simT=24.064 realPX=579.160 fakePX=579.160 realSPD=15.000 fakeSPD=20.000 realTS=24.064 fakeTS=24.064 lane=1
[PASSIVE-BEACON] SIMNOW:24.064 CID:8 ZONE:1 RXUAV:1 EDGEPORT:9998 TS:24.052 SPD:24.600 HDG:0.200 PX:532.200 PY:-40.000 LAN:4 BRK:0 RX_X:0.000 RX_Y:0.000 RX_Z:0.000
[ZONE-ROUTE] CID:8 zone=1 edge_port=9998
[EDGE-RTT] CID:8 wall=0.9 ms  sim_delay=5.0 ms
>>> [UAV->CLOUD] BLK:cb44|TX:7.0.0.12|CID:8|TS:24.052|SPD:24.6|HDG:0.2|PX:532.2|PY:-40.0|...
[ECON-CLAWBACK] CID:8 ACT=WARN prior_payoff=-22.2 extra_penalty=3.8 new_payoff=-26.0
[FORGIVENESS] CID:8 WARN #12 — streak reset, benefits revoked
⚠ [CAR 8] ACT=WARN REP=0.615 RWD=0.000 PNL=3.849 CREDIT=-2
[PASSIVE-BEACON] SIMNOW:24.078 CID:10 ZONE:1 RXUAV:1 EDGEPORT:9998 TS:24.064 SPD:20.000 HDG:0.000 PX:579.200 PY:-10.000 LAN:1 BRK:0 RX_X:0.000 RX_Y:0.000 RX_Z:0.000
[ZONE-ROUTE] CID:10 zone=1 edge_port=9998
[EDGE-RTT] CID:10 wall=1.1 ms  sim_delay=5.0 ms
>>> [UAV->CLOUD] BLK:9d24|TX:7.0.0.14|CID:10|TS:24.064|SPD:20.0|HDG:0.0|PX:579.2|PY:-10.0...
[ECON-GATE] CID:10 probation active - suppressing OK reward 1.0
✓ [CAR 10] ACT=OK REP=0.150 RWD=0.000 PNL=0.000 CREDIT=1
[PASSIVE-BEACON] SIMNOW:24.114 CID:4 ZONE:1 RXUAV:1 EDGEPORT:9998 TS:24.100 SPD:25.100 HDG:-1.200 PX:503.800 PY:-50.000 LAN:5 BRK:0 RX_X:0.000 RX_Y:0.000 RX_Z:0.000
[ZONE-ROUTE] CID:4 zone=1 edge_port=9998
[EDGE-RTT] CID:4 wall=0.9 ms  sim_delay=5.0 ms
>>> [UAV->CLOUD] BLK:6926|TX:7.0.0.8|CID:4|TS:24.100|SPD:25.1|HDG:-1.2|PX:503.8|PY:-50.0|...
[ECON-CLAWBACK] CID:4 ACT=WARN prior_payoff=-11.9 extra_penalty=3.0 new_payoff=-15.0
[FORGIVENESS] CID:4 WARN #9 — streak reset, benefits revoked
⚠ [CAR 4] ACT=WARN REP=0.931 RWD=0.000 PNL=3.102 CREDIT=-2
[PASSIVE-BEACON] SIMNOW:24.136 CID:9 ZONE:1 RXUAV:1 EDGEPORT:9998 TS:24.122 SPD:25.200 HDG:-1.400 PX:523.100 PY:-50.000 LAN:5 BRK:0 RX_X:0.000 RX_Y:0.000 RX_Z:0.000
[ZONE-ROUTE] CID:9 zone=1 edge_port=9998
[EDGE-RTT] CID:9 wall=0.8 ms  sim_delay=5.0 ms
>>> [UAV->CLOUD] BLK:4a0b|TX:7.0.0.13|CID:9|TS:24.122|SPD:25.2|HDG:-1.4|PX:523.1|PY:-50.0...
[ATTACK-EMIT] CID:18 activeWindow=YES falsified=YES simT=24.146 realPX=574.250 fakePX=574.250 realSPD=25.000 fakeSPD=20.000 realTS=24.146 fakeTS=24.146 lane=4
[ECON-CLAWBACK] CID:9 ACT=WARN prior_payoff=-9.021 extra_penalty=2.750 new_payoff=-11.873
[FORGIVENESS] CID:9 WARN #8 — streak reset, benefits revoked
⚠ [CAR 9] ACT=WARN REP=1.000 RWD=0.000 PNL=2.852 CREDIT=-2
[PASSIVE-BEACON] SIMNOW:24.154 CID:5 ZONE:1 RXUAV:1 EDGEPORT:9998 TS:24.142 SPD:15.400 HDG:0.100 PX:560.900 PY:-10.000 LAN:1 BRK:1 RX_X:0.000 RX_Y:0.000 RX_Z:0.000
[ZONE-ROUTE] CID:5 zone=1 edge_port=9998
[EDGE-RTT] CID:5 wall=0.8 ms  sim_delay=10.0 ms
>>> [UAV->CLOUD] BLK:0711|TX:7.0.0.9|CID:5|TS:24.142|SPD:15.4|HDG:0.1|PX:560.9|PY:-10.0|L...
[PASSIVE-BEACON] SIMNOW:24.160 CID:18 ZONE:1 RXUAV:1 EDGEPORT:9998 TS:24.146 SPD:20.000 HDG:0.000 PX:574.300 PY:-40.000 LAN:4 BRK:0 RX_X:0.000 RX_Y:0.000 RX_Z:0.000
[ZONE-ROUTE] CID:18 zone=1 edge_port=9998
[EDGE-RTT] CID:18 wall=1.0 ms  sim_delay=5.0 ms
>>> [UAV->CLOUD] BLK:d036|TX:7.0.0.22|CID:18|TS:24.146|SPD:20.0|HDG:0.0|PX:574.3|PY:-40.0...
[ECON-GATE] CID:5 probation active - suppressing OK reward 1.0
✓ [CAR 5] ACT=OK REP=0.438 RWD=0.000 PNL=0.000 CREDIT=0
[ECON-GATE] CID:18 probation active - suppressing OK reward 0.993
✓ [CAR 18] ACT=OK REP=0.694 RWD=0.000 PNL=0.000 CREDIT=1
[PASSIVE-BEACON] SIMNOW:24.206 CID:7 ZONE:1 RXUAV:1 EDGEPORT:9998 TS:24.192 SPD:25.100 HDG:1.400 PX:545.800 PY:-30.000 LAN:3 BRK:0 RX_X:0.000 RX_Y:0.000 RX_Z:0.000
[ZONE-ROUTE] CID:7 zone=1 edge_port=9998
[EDGE-RTT] CID:7 wall=1.1 ms  sim_delay=5.0 ms
>>> [UAV->CLOUD] BLK:b320|TX:7.0.0.11|CID:7|TS:24.192|SPD:25.1|HDG:1.4|PX:545.8|PY:-30.0|...
[ECON-CLAWBACK] CID:7 ACT=WARN prior_payoff=-44.2 extra_penalty=5.0 new_payoff=-49.3
[FORGIVENESS] CID:7 WARN #17 — streak reset, benefits revoked
⚠ [CAR 7] ACT=WARN REP=0.739 RWD=0.000 PNL=5.102 CREDIT=-2
[PASSIVE-BEACON] SIMNOW:24.234 CID:1 ZONE:1 RXUAV:1 EDGEPORT:9998 TS:24.220 SPD:25.100 HDG:-1.400 PX:535.500 PY:-20.000 LAN:2 BRK:0 RX_X:0.000 RX_Y:0.000 RX_Z:0.000
[ZONE-ROUTE] CID:1 zone=1 edge_port=9998
[EDGE-RTT] CID:1 wall=1.1 ms  sim_delay=5.0 ms
>>> [UAV->CLOUD] BLK:4b60|TX:7.0.0.5|CID:1|TS:24.220|SPD:25.1|HDG:-1.4|PX:535.5|PY:-20.0|...
[ATTACK-EMIT] CID:12 activeWindow=YES falsified=YES simT=24.244 realPX=566.700 fakePX=566.700 realSPD=25.000 fakeSPD=20.000 realTS=24.244 fakeTS=24.244 lane=3
[ECON-CLAWBACK] CID:1 ACT=WARN prior_payoff=-66.325 extra_penalty=6.000 new_payoff=-72.427
[FORGIVENESS] CID:1 WARN #21 — streak reset, benefits revoked
⚠ [CAR 1] ACT=WARN REP=0.699 RWD=0.000 PNL=6.102 CREDIT=-2
[PASSIVE-BEACON] SIMNOW:24.258 CID:12 ZONE:1 RXUAV:1 EDGEPORT:9998 TS:24.244 SPD:20.000 HDG:0.000 PX:566.700 PY:-30.000 LAN:3 BRK:0 RX_X:0.000 RX_Y:0.000 RX_Z:0.000
[ZONE-ROUTE] CID:12 zone=1 edge_port=9998
[EDGE-RTT] CID:12 wall=1.1 ms  sim_delay=5.0 ms
>>> [UAV->CLOUD] BLK:2133|TX:7.0.0.16|CID:12|TS:24.244|SPD:20.0|HDG:0.0|PX:566.7|PY:-30.0...
[PASSIVE-BEACON] SIMNOW:24.260 CID:15 ZONE:2 RXUAV:2 EDGEPORT:9996 TS:24.246 SPD:14.800 HDG:1.500 PX:601.700 PY:-10.000 LAN:1 BRK:0 RX_X:0.000 RX_Y:0.000 RX_Z:0.000
[ZONE-ROUTE] CID:15 zone=1 edge_port=9998
[EDGE-RTT] CID:15 wall=0.9 ms  sim_delay=5.0 ms
>>> [UAV->CLOUD] BLK:97f5|TX:7.0.0.19|CID:15|TS:24.246|SPD:14.8|HDG:1.5|PX:601.7|PY:-10.0...
[ECON-GATE] CID:12 probation active - suppressing OK reward 1.0
✓ [CAR 12] ACT=OK REP=0.635 RWD=0.000 PNL=0.000 CREDIT=0
[ECON-GATE] CID:15 probation active - suppressing OK reward 0.989
✓ [CAR 15] ACT=OK REP=0.325 RWD=0.000 PNL=0.000 CREDIT=0
[ATTACK-EMIT] CID:16 activeWindow=YES falsified=YES simT=24.286 realPX=597.750 fakePX=597.750 realSPD=25.000 fakeSPD=20.000 realTS=24.286 fakeTS=24.286 lane=2
[PASSIVE-BEACON] SIMNOW:24.336 CID:6 ZONE:1 RXUAV:1 EDGEPORT:9998 TS:24.322 SPD:25.200 HDG:1.000 PX:558.100 PY:-20.000 LAN:2 BRK:0 RX_X:0.000 RX_Y:0.000 RX_Z:0.000
[ZONE-ROUTE] CID:6 zone=1 edge_port=9998
[EDGE-RTT] CID:6 wall=1.0 ms  sim_delay=5.0 ms
>>> [UAV->CLOUD] BLK:34af|TX:7.0.0.10|CID:6|TS:24.322|SPD:25.2|HDG:1.0|PX:558.1|PY:-20.0|...
[PASSIVE-BEACON] SIMNOW:24.348 CID:14 ZONE:1 RXUAV:1 EDGEPORT:9998 TS:24.334 SPD:24.900 HDG:1.100 PX:549.400 PY:-50.000 LAN:5 BRK:0 RX_X:0.000 RX_Y:0.000 RX_Z:0.000
[ZONE-ROUTE] CID:14 zone=1 edge_port=9998
[EDGE-RTT] CID:14 wall=1.0 ms  sim_delay=5.0 ms
>>> [UAV->CLOUD] BLK:28d2|TX:7.0.0.18|CID:14|TS:24.334|SPD:24.9|HDG:1.1|PX:549.4|PY:-50.0...
[ECON-CLAWBACK] CID:6 ACT=WARN prior_payoff=-66.3 extra_penalty=6.0 new_payoff=-72.4
[FORGIVENESS] CID:6 WARN #21 — streak reset, benefits revoked
⚠ [CAR 6] ACT=WARN REP=0.491 RWD=0.000 PNL=6.102 CREDIT=-2
[ECON-CLAWBACK] CID:14 ACT=WARN prior_payoff=-11.918 extra_penalty=3.000 new_payoff=-15.018
[FORGIVENESS] CID:14 WARN #9 — streak reset, benefits revoked
⚠ [CAR 14] ACT=WARN REP=0.938 RWD=0.000 PNL=3.101 CREDIT=-2
[PASSIVE-BEACON] SIMNOW:24.428 CID:11 ZONE:1 RXUAV:1 EDGEPORT:9998 TS:24.414 SPD:25.200 HDG:-1.200 PX:580.800 PY:-20.000 LAN:2 BRK:0 RX_X:0.000 RX_Y:0.000 RX_Z:0.000
[ZONE-ROUTE] CID:11 zone=1 edge_port=9998
[EDGE-RTT] CID:11 wall=1.1 ms  sim_delay=5.0 ms
>>> [UAV->CLOUD] BLK:4ddc|TX:7.0.0.15|CID:11|TS:24.414|SPD:25.2|HDG:-1.2|PX:580.8|PY:-20....
[ECON-CLAWBACK] CID:11 ACT=WARN prior_payoff=-66.3 extra_penalty=6.0 new_payoff=-72.4
[FORGIVENESS] CID:11 WARN #21 — streak reset, benefits revoked
⚠ [CAR 11] ACT=WARN REP=0.466 RWD=0.000 PNL=6.102 CREDIT=-2
[ATTACK-EMIT] CID:13 activeWindow=YES falsified=YES simT=24.454 realPX=561.950 fakePX=561.950 realSPD=25.000 fakeSPD=20.000 realTS=24.454 fakeTS=24.454 lane=4
[PASSIVE-BEACON] SIMNOW:24.467 CID:13 ZONE:1 RXUAV:1 EDGEPORT:9998 TS:24.454 SPD:20.000 HDG:0.000 PX:562.000 PY:-40.000 LAN:4 BRK:0 RX_X:0.000 RX_Y:0.000 RX_Z:0.000
[ZONE-ROUTE] CID:13 zone=1 edge_port=9998
[EDGE-RTT] CID:13 wall=1.0 ms  sim_delay=5.0 ms
>>> [UAV->CLOUD] BLK:e209|TX:7.0.0.17|CID:13|TS:24.454|SPD:20.0|HDG:0.0|PX:562.0|PY:-40.0...
[PASSIVE-BEACON] SIMNOW:24.470 CID:17 ZONE:1 RXUAV:1 EDGEPORT:9998 TS:24.456 SPD:24.900 HDG:0.100 PX:591.400 PY:-30.000 LAN:3 BRK:0 RX_X:0.000 RX_Y:0.000 RX_Z:0.000
[ZONE-ROUTE] CID:17 zone=1 edge_port=9998
[EDGE-RTT] CID:17 wall=0.9 ms  sim_delay=5.0 ms
>>> [UAV->CLOUD] BLK:ff6c|TX:7.0.0.21|CID:17|TS:24.456|SPD:24.9|HDG:0.1|PX:591.4|PY:-30.0...
[ECON-GATE] CID:13 probation active - suppressing OK reward 1.0
✓ [CAR 13] ACT=OK REP=0.454 RWD=0.000 PNL=0.000 CREDIT=0
[ECON-CLAWBACK] CID:17 ACT=WARN prior_payoff=-49.317 extra_penalty=5.250 new_payoff=-54.667
[FORGIVENESS] CID:17 WARN #18 — streak reset, benefits revoked
⚠ [CAR 17] ACT=WARN REP=0.623 RWD=0.000 PNL=5.350 CREDIT=-2
[ATTACK-EMIT] CID:10 activeWindow=YES falsified=YES simT=24.564 realPX=586.660 fakePX=569.712 realSPD=15.000 fakeSPD=20.000 realTS=24.564 fakeTS=24.064 lane=1
[PASSIVE-BEACON] SIMNOW:24.566 CID:8 ZONE:1 RXUAV:1 EDGEPORT:9998 TS:24.552 SPD:25.000 HDG:1.400 PX:543.800 PY:-40.000 LAN:4 BRK:0 RX_X:0.000 RX_Y:0.000 RX_Z:0.000
[ZONE-ROUTE] CID:8 zone=1 edge_port=9998
[EDGE-RTT] CID:8 wall=1.2 ms  sim_delay=5.0 ms
>>> [UAV->CLOUD] BLK:c888|TX:7.0.0.12|CID:8|TS:24.552|SPD:25.0|HDG:1.4|PX:543.8|PY:-40.0|...
[PASSIVE-BEACON] SIMNOW:24.578 CID:10 ZONE:1 RXUAV:1 EDGEPORT:9998 TS:24.064 SPD:20.000 HDG:0.000 PX:569.700 PY:-10.000 LAN:1 BRK:1 RX_X:0.000 RX_Y:0.000 RX_Z:0.000
[ZONE-ROUTE] CID:10 zone=1 edge_port=9998
[EDGE-RTT] CID:10 wall=1.0 ms  sim_delay=5.0 ms
>>> [UAV->CLOUD] BLK:3c3e|TX:7.0.0.14|CID:10|TS:24.064|SPD:20.0|HDG:0.0|PX:569.7|PY:-10.0...
[ECON-CLAWBACK] CID:8 ACT=WARN prior_payoff=-26.0 extra_penalty=4.0 new_payoff=-30.1
[FORGIVENESS] CID:8 WARN #13 — streak reset, benefits revoked
⚠ [CAR 8] ACT=WARN REP=0.616 RWD=0.000 PNL=4.101 CREDIT=-2
[ECON-GATE] CID:10 probation active - suppressing OK reward 0.866
✓ [CAR 10] ACT=OK REP=0.465 RWD=0.000 PNL=0.000 CREDIT=2
[PASSIVE-BEACON] SIMNOW:24.614 CID:4 ZONE:1 RXUAV:1 EDGEPORT:9998 TS:24.600 SPD:24.700 HDG:0.900 PX:515.300 PY:-50.000 LAN:5 BRK:0 RX_X:0.000 RX_Y:0.000 RX_Z:0.000
[ZONE-ROUTE] CID:4 zone=1 edge_port=9998
[EDGE-RTT] CID:4 wall=0.9 ms  sim_delay=5.0 ms
>>> [UAV->CLOUD] BLK:defb|TX:7.0.0.8|CID:4|TS:24.600|SPD:24.7|HDG:0.9|PX:515.3|PY:-50.0|L...
[ECON-CLAWBACK] CID:4 ACT=WARN prior_payoff=-15.0 extra_penalty=3.2 new_payoff=-18.3
[FORGIVENESS] CID:4 WARN #10 — streak reset, benefits revoked
⚠ [CAR 4] ACT=WARN REP=0.837 RWD=0.000 PNL=3.350 CREDIT=-2
[PASSIVE-BEACON] SIMNOW:24.636 CID:9 ZONE:1 RXUAV:1 EDGEPORT:9998 TS:24.622 SPD:25.400 HDG:-0.300 PX:536.900 PY:-50.000 LAN:5 BRK:0 RX_X:0.000 RX_Y:0.000 RX_Z:0.000
[ZONE-ROUTE] CID:9 zone=1 edge_port=9998
[EDGE-RTT] CID:9 wall=0.9 ms  sim_delay=5.0 ms
>>> [UAV->CLOUD] BLK:9b9a|TX:7.0.0.13|CID:9|TS:24.622|SPD:25.4|HDG:-0.3|PX:536.9|PY:-50.0...
[ATTACK-EMIT] CID:18 activeWindow=YES falsified=YES simT=24.646 realPX=586.750 fakePX=561.666 realSPD=25.000 fakeSPD=20.000 realTS=24.646 fakeTS=24.146 lane=4
[ECON-CLAWBACK] CID:9 ACT=WARN prior_payoff=-11.873 extra_penalty=3.000 new_payoff=-14.975
[FORGIVENESS] CID:9 WARN #9 — streak reset, benefits revoked
⚠ [CAR 9] ACT=WARN REP=0.572 RWD=0.000 PNL=3.102 CREDIT=-2
[PASSIVE-BEACON] SIMNOW:24.656 CID:5 ZONE:1 RXUAV:1 EDGEPORT:9998 TS:24.642 SPD:15.000 HDG:1.900 PX:568.100 PY:-10.000 LAN:1 BRK:0 RX_X:0.000 RX_Y:0.000 RX_Z:0.000
[ZONE-ROUTE] CID:5 zone=1 edge_port=9998
[EDGE-RTT] CID:5 wall=0.9 ms  sim_delay=10.0 ms
>>> [UAV->CLOUD] BLK:a9a6|TX:7.0.0.9|CID:5|TS:24.642|SPD:15.0|HDG:1.9|PX:568.1|PY:-10.0|L...
[PASSIVE-BEACON] SIMNOW:24.660 CID:18 ZONE:1 RXUAV:1 EDGEPORT:9998 TS:24.146 SPD:20.000 HDG:0.000 PX:561.700 PY:-40.000 LAN:4 BRK:0 RX_X:0.000 RX_Y:0.000 RX_Z:0.000
[ZONE-ROUTE] CID:18 zone=1 edge_port=9998
[EDGE-RTT] CID:18 wall=1.0 ms  sim_delay=5.0 ms
>>> [UAV->CLOUD] BLK:5c5c|TX:7.0.0.22|CID:18|TS:24.146|SPD:20.0|HDG:0.0|PX:561.7|PY:-40.0...
[ECON-GATE] CID:5 probation active - suppressing OK reward 1.0
✓ [CAR 5] ACT=OK REP=0.770 RWD=0.000 PNL=0.000 CREDIT=1
[ECON-GATE] CID:18 probation active - suppressing OK reward 0.866
✓ [CAR 18] ACT=OK REP=0.604 RWD=0.000 PNL=0.000 CREDIT=2
[PASSIVE-BEACON] SIMNOW:24.706 CID:7 ZONE:1 RXUAV:1 EDGEPORT:9998 TS:24.692 SPD:24.600 HDG:1.900 PX:557.200 PY:-30.000 LAN:3 BRK:0 RX_X:0.000 RX_Y:0.000 RX_Z:0.000
[ZONE-ROUTE] CID:7 zone=1 edge_port=9998
[EDGE-RTT] CID:7 wall=1.1 ms  sim_delay=5.0 ms
>>> [UAV->CLOUD] BLK:9941|TX:7.0.0.11|CID:7|TS:24.692|SPD:24.6|HDG:1.9|PX:557.2|PY:-30.0|...
[ECON-CLAWBACK] CID:7 ACT=WARN prior_payoff=-49.3 extra_penalty=5.2 new_payoff=-54.7
[FORGIVENESS] CID:7 WARN #18 — streak reset, benefits revoked
⚠ [CAR 7] ACT=WARN REP=0.715 RWD=0.000 PNL=5.350 CREDIT=-2
[PASSIVE-BEACON] SIMNOW:24.734 CID:1 ZONE:1 RXUAV:1 EDGEPORT:9998 TS:24.720 SPD:25.400 HDG:2.000 PX:549.100 PY:-20.000 LAN:2 BRK:0 RX_X:0.000 RX_Y:0.000 RX_Z:0.000
[ZONE-ROUTE] CID:1 zone=1 edge_port=9998
[EDGE-RTT] CID:1 wall=0.9 ms  sim_delay=5.0 ms
>>> [UAV->CLOUD] BLK:5722|TX:7.0.0.5|CID:1|TS:24.720|SPD:25.4|HDG:2.0|PX:549.1|PY:-20.0|L...
[ATTACK-EMIT] CID:12 activeWindow=YES falsified=YES simT=24.744 realPX=579.200 fakePX=579.200 realSPD=25.000 fakeSPD=20.000 realTS=24.744 fakeTS=24.744 lane=3
[ECON-CLAWBACK] CID:1 ACT=WARN prior_payoff=-72.427 extra_penalty=6.250 new_payoff=-78.779
[FORGIVENESS] CID:1 WARN #22 — streak reset, benefits revoked
⚠ [CAR 1] ACT=WARN REP=0.279 RWD=0.000 PNL=6.352 CREDIT=-2
[PASSIVE-BEACON] SIMNOW:24.758 CID:12 ZONE:1 RXUAV:1 EDGEPORT:9998 TS:24.744 SPD:20.000 HDG:0.000 PX:579.200 PY:-30.000 LAN:3 BRK:0 RX_X:0.000 RX_Y:0.000 RX_Z:0.000
[ZONE-ROUTE] CID:12 zone=1 edge_port=9998
[EDGE-RTT] CID:12 wall=0.9 ms  sim_delay=5.0 ms
>>> [UAV->CLOUD] BLK:6c2b|TX:7.0.0.16|CID:12|TS:24.744|SPD:20.0|HDG:0.0|PX:579.2|PY:-30.0...
[PASSIVE-BEACON] SIMNOW:24.759 CID:15 ZONE:2 RXUAV:2 EDGEPORT:9996 TS:24.746 SPD:15.300 HDG:0.400 PX:608.800 PY:-10.000 LAN:1 BRK:0 RX_X:0.000 RX_Y:0.000 RX_Z:0.000
[ZONE-ROUTE] CID:15 zone=1 edge_port=9998
[EDGE-RTT] CID:15 wall=0.9 ms  sim_delay=5.0 ms
>>> [UAV->CLOUD] BLK:2d05|TX:7.0.0.19|CID:15|TS:24.746|SPD:15.3|HDG:0.4|PX:608.8|PY:-10.0...
[ECON-GATE] CID:12 probation active - suppressing OK reward 1.0
✓ [CAR 12] ACT=OK REP=0.637 RWD=0.000 PNL=0.000 CREDIT=1
[ECON-GATE] CID:15 probation active - suppressing OK reward 1.000
✓ [CAR 15] ACT=OK REP=0.375 RWD=0.000 PNL=0.000 CREDIT=1
[ATTACK-EMIT] CID:16 activeWindow=YES falsified=YES simT=24.786 realPX=610.250 fakePX=610.250 realSPD=25.000 fakeSPD=20.000 realTS=24.786 fakeTS=24.786 lane=2
[ATTACK-EMIT] CID:6 activeWindow=YES falsified=YES simT=24.822 realPX=571.150 fakePX=571.150 realSPD=25.000 fakeSPD=20.000 realTS=24.822 fakeTS=24.822 lane=2
[ATTACK-EMIT] CID:14 activeWindow=YES falsified=YES simT=24.834 realPX=561.450 fakePX=561.450 realSPD=25.000 fakeSPD=20.000 realTS=24.834 fakeTS=24.834 lane=5
[PASSIVE-BEACON] SIMNOW:24.836 CID:6 ZONE:1 RXUAV:1 EDGEPORT:9998 TS:24.822 SPD:20.000 HDG:0.000 PX:571.200 PY:-20.000 LAN:2 BRK:1 RX_X:0.000 RX_Y:0.000 RX_Z:0.000
[ZONE-ROUTE] CID:6 zone=1 edge_port=9998
[EDGE-RTT] CID:6 wall=1.1 ms  sim_delay=5.0 ms
>>> [UAV->CLOUD] BLK:25f6|TX:7.0.0.10|CID:6|TS:24.822|SPD:20.0|HDG:0.0|PX:571.2|PY:-20.0|...
[ECON-GATE] CID:6 probation active - suppressing OK reward 1.0
✓ [CAR 6] ACT=OK REP=0.434 RWD=0.000 PNL=0.000 CREDIT=0
[PASSIVE-BEACON] SIMNOW:24.851 CID:14 ZONE:1 RXUAV:1 EDGEPORT:9998 TS:24.834 SPD:20.000 HDG:0.000 PX:561.500 PY:-50.000 LAN:5 BRK:1 RX_X:0.000 RX_Y:0.000 RX_Z:0.000
[ZONE-ROUTE] CID:14 zone=1 edge_port=9998
[EDGE-RTT] CID:14 wall=0.9 ms  sim_delay=5.0 ms
>>> [UAV->CLOUD] BLK:590e|TX:7.0.0.18|CID:14|TS:24.834|SPD:20.0|HDG:0.0|PX:561.5|PY:-50.0...
[ECON-GATE] CID:14 probation active - suppressing OK reward 1.0
✓ [CAR 14] ACT=OK REP=0.693 RWD=0.000 PNL=0.000 CREDIT=0
[PASSIVE-BEACON] SIMNOW:24.928 CID:11 ZONE:1 RXUAV:1 EDGEPORT:9998 TS:24.914 SPD:25.100 HDG:1.900 PX:593.800 PY:-20.000 LAN:2 BRK:0 RX_X:0.000 RX_Y:0.000 RX_Z:0.000
[ZONE-ROUTE] CID:11 zone=1 edge_port=9998
[EDGE-RTT] CID:11 wall=1.2 ms  sim_delay=5.0 ms
>>> [UAV->CLOUD] BLK:37d1|TX:7.0.0.15|CID:11|TS:24.914|SPD:25.1|HDG:1.9|PX:593.8|PY:-20.0...
[ECON-CLAWBACK] CID:11 ACT=WARN prior_payoff=-72.4 extra_penalty=6.2 new_payoff=-78.8
[FORGIVENESS] CID:11 WARN #22 — streak reset, benefits revoked
⚠ [CAR 11] ACT=WARN REP=0.458 RWD=0.000 PNL=6.352 CREDIT=-2
[ATTACK-EMIT] CID:13 activeWindow=YES falsified=YES simT=24.954 realPX=574.450 fakePX=574.450 realSPD=25.000 fakeSPD=20.000 realTS=24.954 fakeTS=24.954 lane=4
[PASSIVE-BEACON] SIMNOW:24.968 CID:13 ZONE:1 RXUAV:1 EDGEPORT:9998 TS:24.954 SPD:20.000 HDG:0.000 PX:574.500 PY:-40.000 LAN:4 BRK:0 RX_X:0.000 RX_Y:0.000 RX_Z:0.000
[ZONE-ROUTE] CID:13 zone=1 edge_port=9998
[EDGE-RTT] CID:13 wall=1.0 ms  sim_delay=5.0 ms
>>> [UAV->CLOUD] BLK:f88b|TX:7.0.0.17|CID:13|TS:24.954|SPD:20.0|HDG:0.0|PX:574.5|PY:-40.0...
[PASSIVE-BEACON] SIMNOW:24.971 CID:17 ZONE:2 RXUAV:2 EDGEPORT:9996 TS:24.956 SPD:24.700 HDG:1.000 PX:604.800 PY:-30.000 LAN:3 BRK:0 RX_X:0.000 RX_Y:0.000 RX_Z:0.000
[ZONE-ROUTE] CID:17 zone=1 edge_port=9998
[EDGE-RTT] CID:17 wall=0.8 ms  sim_delay=5.0 ms
>>> [UAV->CLOUD] BLK:fcd3|TX:7.0.0.21|CID:17|TS:24.956|SPD:24.7|HDG:1.0|PX:604.8|PY:-30.0...
[ECON-GATE] CID:13 probation active - suppressing OK reward 1.0
✓ [CAR 13] ACT=OK REP=0.728 RWD=0.000 PNL=0.000 CREDIT=1
[ECON-CLAWBACK] CID:17 ACT=WARN prior_payoff=-54.667 extra_penalty=5.500 new_payoff=-60.266
[FORGIVENESS] CID:17 WARN #19 — streak reset, benefits revoked
⚠ [CAR 17] ACT=WARN REP=0.402 RWD=0.000 PNL=5.599 CREDIT=-2
[LATE-ATTACK] CID:0 POSITION-FLIP at t=25.0s posX=553.2m distToExit=346.8m (threshold=360.0m)
[LATE-ATTACK] CID:1 POSITION-FLIP at t=25.0s posX=555.6m distToExit=344.4m (threshold=360.0m)
[LATE-ATTACK] CID:2 POSITION-FLIP at t=25.0s posX=545.6m distToExit=354.4m (threshold=360.0m)
[ATTACK-EMIT] CID:10 activeWindow=YES falsified=YES simT=25.064 realPX=594.160 fakePX=594.160 realSPD=15.000 fakeSPD=20.000 realTS=25.064 fakeTS=25.064 lane=1
[PASSIVE-BEACON] SIMNOW:25.066 CID:8 ZONE:1 RXUAV:1 EDGEPORT:9998 TS:25.052 SPD:24.900 HDG:0.900 PX:557.100 PY:-40.000 LAN:4 BRK:0 RX_X:0.000 RX_Y:0.000 RX_Z:0.000
[ZONE-ROUTE] CID:8 zone=1 edge_port=9998
[EDGE-RTT] CID:8 wall=1.4 ms  sim_delay=5.0 ms
>>> [UAV->CLOUD] BLK:189b|TX:7.0.0.12|CID:8|TS:25.052|SPD:24.9|HDG:0.9|PX:557.1|PY:-40.0|...
[PASSIVE-BEACON] SIMNOW:25.078 CID:10 ZONE:1 RXUAV:1 EDGEPORT:9998 TS:25.064 SPD:20.000 HDG:0.000 PX:594.200 PY:-10.000 LAN:1 BRK:0 RX_X:0.000 RX_Y:0.000 RX_Z:0.000
[ZONE-ROUTE] CID:10 zone=1 edge_port=9998
[EDGE-RTT] CID:10 wall=0.9 ms  sim_delay=5.0 ms
>>> [UAV->CLOUD] BLK:ab07|TX:7.0.0.14|CID:10|TS:25.064|SPD:20.0|HDG:0.0|PX:594.2|PY:-10.0...
[ECON-CLAWBACK] CID:8 ACT=WARN prior_payoff=-30.1 extra_penalty=4.2 new_payoff=-34.5
[FORGIVENESS] CID:8 WARN #14 — streak reset, benefits revoked
⚠ [CAR 8] ACT=WARN REP=0.613 RWD=0.000 PNL=4.351 CREDIT=-2
[ECON-GATE] CID:10 probation active - suppressing OK reward 1.000
✓ [CAR 10] ACT=OK REP=0.367 RWD=0.000 PNL=0.000 CREDIT=3
[PASSIVE-BEACON] SIMNOW:25.114 CID:4 ZONE:1 RXUAV:1 EDGEPORT:9998 TS:25.100 SPD:25.100 HDG:-0.900 PX:528.400 PY:-50.000 LAN:5 BRK:1 RX_X:0.000 RX_Y:0.000 RX_Z:0.000
[ZONE-ROUTE] CID:4 zone=1 edge_port=9998
[EDGE-RTT] CID:4 wall=1.2 ms  sim_delay=5.0 ms
>>> [UAV->CLOUD] BLK:abbe|TX:7.0.0.8|CID:4|TS:25.100|SPD:25.1|HDG:-0.9|PX:528.4|PY:-50.0|...
[ECON-CLAWBACK] CID:4 ACT=WARN prior_payoff=-18.3 extra_penalty=3.5 new_payoff=-21.9
[FORGIVENESS] CID:4 WARN #11 — streak reset, benefits revoked
⚠ [CAR 4] ACT=WARN REP=0.794 RWD=0.000 PNL=3.602 CREDIT=-2
[PASSIVE-BEACON] SIMNOW:25.136 CID:9 ZONE:1 RXUAV:1 EDGEPORT:9998 TS:25.122 SPD:25.000 HDG:-1.000 PX:548.000 PY:-50.000 LAN:5 BRK:0 RX_X:0.000 RX_Y:0.000 RX_Z:0.000
[ZONE-ROUTE] CID:9 zone=1 edge_port=9998
[EDGE-RTT] CID:9 wall=1.3 ms  sim_delay=5.0 ms
>>> [UAV->CLOUD] BLK:606e|TX:7.0.0.13|CID:9|TS:25.122|SPD:25.0|HDG:-1.0|PX:548.0|PY:-50.0...
[ATTACK-EMIT] CID:18 activeWindow=YES falsified=YES simT=25.146 realPX=599.250 fakePX=599.250 realSPD=25.000 fakeSPD=20.000 realTS=25.146 fakeTS=25.146 lane=4
[ECON-CLAWBACK] CID:9 ACT=WARN prior_payoff=-14.975 extra_penalty=3.250 new_payoff=-18.327
[FORGIVENESS] CID:9 WARN #10 — streak reset, benefits revoked
⚠ [CAR 9] ACT=WARN REP=0.658 RWD=0.000 PNL=3.352 CREDIT=-2
[PASSIVE-BEACON] SIMNOW:25.157 CID:5 ZONE:1 RXUAV:1 EDGEPORT:9998 TS:25.142 SPD:14.700 HDG:1.200 PX:575.300 PY:-10.000 LAN:1 BRK:1 RX_X:0.000 RX_Y:0.000 RX_Z:0.000
[ZONE-ROUTE] CID:5 zone=1 edge_port=9998
[EDGE-RTT] CID:5 wall=1.4 ms  sim_delay=10.0 ms
>>> [UAV->CLOUD] BLK:f9a7|TX:7.0.0.9|CID:5|TS:25.142|SPD:14.7|HDG:1.2|PX:575.3|PY:-10.0|L...
[PASSIVE-BEACON] SIMNOW:25.160 CID:18 ZONE:1 RXUAV:1 EDGEPORT:9998 TS:25.146 SPD:20.000 HDG:0.000 PX:599.300 PY:-40.000 LAN:4 BRK:1 RX_X:0.000 RX_Y:0.000 RX_Z:0.000
[ZONE-ROUTE] CID:18 zone=1 edge_port=9998
[EDGE-RTT] CID:18 wall=0.7 ms  sim_delay=5.0 ms
>>> [UAV->CLOUD] BLK:5aaf|TX:7.0.0.22|CID:18|TS:25.146|SPD:20.0|HDG:0.0|PX:599.3|PY:-40.0...
[ECON-GATE] CID:5 probation active - suppressing OK reward 1.0
✓ [CAR 5] ACT=OK REP=0.645 RWD=0.000 PNL=0.000 CREDIT=2
[ECON-GATE] CID:18 probation active - suppressing OK reward 1.000
✓ [CAR 18] ACT=OK REP=0.635 RWD=0.000 PNL=0.000 CREDIT=3
[ATTACK-EMIT] CID:7 activeWindow=YES falsified=YES simT=25.192 realPX=570.400 fakePX=570.400 realSPD=25.000 fakeSPD=20.000 realTS=25.192 fakeTS=25.192 lane=3
[PASSIVE-BEACON] SIMNOW:25.206 CID:7 ZONE:1 RXUAV:1 EDGEPORT:9998 TS:25.192 SPD:20.000 HDG:0.000 PX:570.400 PY:-30.000 LAN:3 BRK:0 RX_X:0.000 RX_Y:0.000 RX_Z:0.000
[ZONE-ROUTE] CID:7 zone=1 edge_port=9998
[EDGE-RTT] CID:7 wall=0.9 ms  sim_delay=5.0 ms
>>> [UAV->CLOUD] BLK:e59e|TX:7.0.0.11|CID:7|TS:25.192|SPD:20.0|HDG:0.0|PX:570.4|PY:-30.0|...
[ATTACK-EMIT] CID:1 activeWindow=YES falsified=YES simT=25.220 realPX=561.100 fakePX=561.100 realSPD=25.000 fakeSPD=20.000 realTS=25.220 fakeTS=25.220 lane=2
[ECON-GATE] CID:7 probation active - suppressing OK reward 0.985
✓ [CAR 7] ACT=OK REP=0.726 RWD=0.000 PNL=0.000 CREDIT=0
[PASSIVE-BEACON] SIMNOW:25.234 CID:1 ZONE:1 RXUAV:1 EDGEPORT:9998 TS:25.220 SPD:20.000 HDG:0.000 PX:561.100 PY:-20.000 LAN:2 BRK:1 RX_X:0.000 RX_Y:0.000 RX_Z:0.000
[ZONE-ROUTE] CID:1 zone=1 edge_port=9998
[EDGE-RTT] CID:1 wall=0.9 ms  sim_delay=5.0 ms
>>> [UAV->CLOUD] BLK:5d97|TX:7.0.0.5|CID:1|TS:25.220|SPD:20.0|HDG:0.0|PX:561.1|PY:-20.0|L...
[ATTACK-EMIT] CID:12 activeWindow=YES falsified=YES simT=25.244 realPX=591.700 fakePX=566.952 realSPD=25.000 fakeSPD=20.000 realTS=25.244 fakeTS=24.744 lane=3
[ECON-GATE] CID:1 probation active - suppressing OK reward 0.985
✓ [CAR 1] ACT=OK REP=0.550 RWD=0.000 PNL=0.000 CREDIT=0
[PASSIVE-BEACON] SIMNOW:25.258 CID:12 ZONE:1 RXUAV:1 EDGEPORT:9998 TS:24.744 SPD:20.000 HDG:0.000 PX:567.000 PY:-30.000 LAN:3 BRK:0 RX_X:0.000 RX_Y:0.000 RX_Z:0.000
[ZONE-ROUTE] CID:12 zone=1 edge_port=9998
[EDGE-RTT] CID:12 wall=1.2 ms  sim_delay=5.0 ms
>>> [UAV->CLOUD] BLK:22f9|TX:7.0.0.16|CID:12|TS:24.744|SPD:20.0|HDG:0.0|PX:567.0|PY:-30.0...
[PASSIVE-BEACON] SIMNOW:25.260 CID:15 ZONE:2 RXUAV:2 EDGEPORT:9996 TS:25.246 SPD:15.000 HDG:-1.000 PX:617.400 PY:-10.000 LAN:1 BRK:0 RX_X:0.000 RX_Y:0.000 RX_Z:0.000
[ZONE-ROUTE] CID:15 zone=1 edge_port=9998
[EDGE-RTT] CID:15 wall=0.9 ms  sim_delay=5.0 ms
>>> [UAV->CLOUD] BLK:a0a9|TX:7.0.0.19|CID:15|TS:25.246|SPD:15.0|HDG:-1.0|PX:617.4|PY:-10....
[ECON-GATE] CID:12 probation active - suppressing OK reward 0.9
✓ [CAR 12] ACT=OK REP=0.679 RWD=0.000 PNL=0.000 CREDIT=2
[ECON-GATE] CID:15 probation active - suppressing OK reward 1.000
✓ [CAR 15] ACT=OK REP=0.461 RWD=0.000 PNL=0.000 CREDIT=2
[ATTACK-EMIT] CID:16 activeWindow=YES falsified=YES simT=25.286 realPX=622.750 fakePX=560.046 realSPD=25.000 fakeSPD=22.000 realTS=25.286 fakeTS=24.786 lane=2
[ATTACK-EMIT] CID:6 activeWindow=YES falsified=YES simT=25.322 realPX=583.650 fakePX=583.650 realSPD=25.000 fakeSPD=20.000 realTS=25.322 fakeTS=25.322 lane=2
[ATTACK-EMIT] CID:14 activeWindow=YES falsified=YES simT=25.334 realPX=573.950 fakePX=573.950 realSPD=25.000 fakeSPD=20.000 realTS=25.334 fakeTS=25.334 lane=5
[PASSIVE-BEACON] SIMNOW:25.336 CID:6 ZONE:1 RXUAV:1 EDGEPORT:9998 TS:25.322 SPD:20.000 HDG:0.000 PX:583.700 PY:-20.000 LAN:2 BRK:1 RX_X:0.000 RX_Y:0.000 RX_Z:0.000
[ZONE-ROUTE] CID:6 zone=1 edge_port=9998
[EDGE-RTT] CID:6 wall=1.2 ms  sim_delay=5.0 ms
>>> [UAV->CLOUD] BLK:c301|TX:7.0.0.10|CID:6|TS:25.322|SPD:20.0|HDG:0.0|PX:583.7|PY:-20.0|...
[PASSIVE-BEACON] SIMNOW:25.348 CID:14 ZONE:1 RXUAV:1 EDGEPORT:9998 TS:25.334 SPD:20.000 HDG:0.000 PX:574.000 PY:-50.000 LAN:5 BRK:0 RX_X:0.000 RX_Y:0.000 RX_Z:0.000
[ZONE-ROUTE] CID:14 zone=1 edge_port=9998
[EDGE-RTT] CID:14 wall=0.7 ms  sim_delay=5.0 ms
>>> [UAV->CLOUD] BLK:e01e|TX:7.0.0.18|CID:14|TS:25.334|SPD:20.0|HDG:0.0|PX:574.0|PY:-50.0...
[ECON-GATE] CID:6 probation active - suppressing OK reward 1.0
✓ [CAR 6] ACT=OK REP=0.545 RWD=0.000 PNL=0.000 CREDIT=1
[ECON-GATE] CID:14 probation active - suppressing OK reward 0.995
✓ [CAR 14] ACT=OK REP=0.846 RWD=0.000 PNL=0.000 CREDIT=1
[PASSIVE-BEACON] SIMNOW:25.428 CID:11 ZONE:2 RXUAV:2 EDGEPORT:9996 TS:25.414 SPD:25.100 HDG:0.900 PX:605.900 PY:-20.000 LAN:2 BRK:1 RX_X:0.000 RX_Y:0.000 RX_Z:0.000
[ZONE-ROUTE] CID:11 zone=1 edge_port=9998
[EDGE-RTT] CID:11 wall=1.2 ms  sim_delay=5.0 ms
>>> [UAV->CLOUD] BLK:f7b8|TX:7.0.0.15|CID:11|TS:25.414|SPD:25.1|HDG:0.9|PX:605.9|PY:-20.0...
[ECON-CLAWBACK] CID:11 ACT=WARN prior_payoff=-78.8 extra_penalty=6.5 new_payoff=-85.4
[FORGIVENESS] CID:11 WARN #23 — streak reset, benefits revoked
⚠ [CAR 11] ACT=WARN REP=0.496 RWD=0.000 PNL=6.602 CREDIT=-2
[ATTACK-EMIT] CID:13 activeWindow=YES falsified=YES simT=25.454 realPX=586.950 fakePX=561.848 realSPD=25.000 fakeSPD=20.000 realTS=25.454 fakeTS=24.954 lane=4
[PASSIVE-BEACON] SIMNOW:25.468 CID:13 ZONE:1 RXUAV:1 EDGEPORT:9998 TS:24.954 SPD:20.000 HDG:0.000 PX:561.800 PY:-40.000 LAN:4 BRK:0 RX_X:0.000 RX_Y:0.000 RX_Z:0.000
[ZONE-ROUTE] CID:13 zone=1 edge_port=9998
[EDGE-RTT] CID:13 wall=0.9 ms  sim_delay=5.0 ms
>>> [UAV->CLOUD] BLK:40a4|TX:7.0.0.17|CID:13|TS:24.954|SPD:20.0|HDG:0.0|PX:561.8|PY:-40.0...
[PASSIVE-BEACON] SIMNOW:25.470 CID:17 ZONE:2 RXUAV:2 EDGEPORT:9996 TS:25.456 SPD:24.500 HDG:-1.600 PX:616.300 PY:-30.000 LAN:3 BRK:0 RX_X:0.000 RX_Y:0.000 RX_Z:0.000
[ZONE-ROUTE] CID:17 zone=1 edge_port=9998
[EDGE-RTT] CID:17 wall=0.5 ms  sim_delay=5.0 ms
>>> [UAV->CLOUD] BLK:cb1d|TX:7.0.0.21|CID:17|TS:25.456|SPD:24.5|HDG:-1.6|PX:616.3|PY:-30....
[ECON-GATE] CID:13 probation active - suppressing OK reward 0.9
✓ [CAR 13] ACT=OK REP=0.412 RWD=0.000 PNL=0.000 CREDIT=2
[ECON-CLAWBACK] CID:17 ACT=WARN prior_payoff=-60.266 extra_penalty=5.750 new_payoff=-66.114
[FORGIVENESS] CID:17 WARN #20 — streak reset, benefits revoked
⚠ [CAR 17] ACT=WARN REP=0.534 RWD=0.000 PNL=5.848 CREDIT=-2
[ATTACK-EMIT] CID:8 activeWindow=YES falsified=YES simT=25.552 realPX=569.400 fakePX=569.400 realSPD=25.000 fakeSPD=20.000 realTS=25.552 fakeTS=25.552 lane=4
[ATTACK-EMIT] CID:10 activeWindow=YES falsified=YES simT=25.564 realPX=601.660 fakePX=601.660 realSPD=15.000 fakeSPD=20.000 realTS=25.564 fakeTS=25.564 lane=1
[PASSIVE-BEACON] SIMNOW:25.565 CID:8 ZONE:1 RXUAV:1 EDGEPORT:9998 TS:25.552 SPD:20.000 HDG:0.000 PX:569.400 PY:-40.000 LAN:4 BRK:0 RX_X:0.000 RX_Y:0.000 RX_Z:0.000
[ZONE-ROUTE] CID:8 zone=1 edge_port=9998
[EDGE-RTT] CID:8 wall=0.8 ms  sim_delay=5.0 ms
>>> [UAV->CLOUD] BLK:38ae|TX:7.0.0.12|CID:8|TS:25.552|SPD:20.0|HDG:0.0|PX:569.4|PY:-40.0|...
[ECON-GATE] CID:8 probation active - suppressing OK reward 1.0
✓ [CAR 8] ACT=OK REP=0.782 RWD=0.000 PNL=0.000 CREDIT=0
[PASSIVE-BEACON] SIMNOW:25.578 CID:10 ZONE:2 RXUAV:2 EDGEPORT:9996 TS:25.564 SPD:20.000 HDG:0.000 PX:601.700 PY:-10.000 LAN:1 BRK:0 RX_X:0.000 RX_Y:0.000 RX_Z:0.000
[ZONE-ROUTE] CID:10 zone=1 edge_port=9998
[EDGE-RTT] CID:10 wall=0.9 ms  sim_delay=5.0 ms
>>> [UAV->CLOUD] BLK:ea3d|TX:7.0.0.14|CID:10|TS:25.564|SPD:20.0|HDG:0.0|PX:601.7|PY:-10.0...
[ECON-GATE] CID:10 probation active - suppressing OK reward 1.0
✓ [CAR 10] ACT=OK REP=0.407 RWD=0.000 PNL=0.000 CREDIT=4
[PASSIVE-BEACON] SIMNOW:25.614 CID:4 ZONE:1 RXUAV:1 EDGEPORT:9998 TS:25.600 SPD:25.200 HDG:-0.700 PX:540.200 PY:-50.000 LAN:5 BRK:0 RX_X:0.000 RX_Y:0.000 RX_Z:0.000
[ZONE-ROUTE] CID:4 zone=1 edge_port=9998
[EDGE-RTT] CID:4 wall=1.0 ms  sim_delay=5.0 ms
>>> [UAV->CLOUD] BLK:505a|TX:7.0.0.8|CID:4|TS:25.600|SPD:25.2|HDG:-0.7|PX:540.2|PY:-50.0|...
[ECON-CLAWBACK] CID:4 ACT=WARN prior_payoff=-21.9 extra_penalty=3.8 new_payoff=-25.8
[FORGIVENESS] CID:4 WARN #12 — streak reset, benefits revoked
⚠ [CAR 4] ACT=WARN REP=0.803 RWD=0.000 PNL=3.852 CREDIT=-2
[PASSIVE-BEACON] SIMNOW:25.636 CID:9 ZONE:1 RXUAV:1 EDGEPORT:9998 TS:25.622 SPD:25.100 HDG:-1.300 PX:561.800 PY:-50.000 LAN:5 BRK:0 RX_X:0.000 RX_Y:0.000 RX_Z:0.000
[ZONE-ROUTE] CID:9 zone=1 edge_port=9998
[EDGE-RTT] CID:9 wall=0.9 ms  sim_delay=5.0 ms
>>> [UAV->CLOUD] BLK:2cfa|TX:7.0.0.13|CID:9|TS:25.622|SPD:25.1|HDG:-1.3|PX:561.8|PY:-50.0...
[ATTACK-EMIT] CID:18 activeWindow=YES falsified=YES simT=25.646 realPX=611.750 fakePX=611.750 realSPD=25.000 fakeSPD=20.000 realTS=25.646 fakeTS=25.646 lane=4
[ECON-CLAWBACK] CID:9 ACT=WARN prior_payoff=-18.327 extra_penalty=3.500 new_payoff=-21.929
[FORGIVENESS] CID:9 WARN #11 — streak reset, benefits revoked
⚠ [CAR 9] ACT=WARN REP=0.592 RWD=0.000 PNL=3.602 CREDIT=-2
[PASSIVE-BEACON] SIMNOW:25.658 CID:5 ZONE:1 RXUAV:1 EDGEPORT:9998 TS:25.642 SPD:15.400 HDG:-1.200 PX:582.100 PY:-10.000 LAN:1 BRK:0 RX_X:0.000 RX_Y:0.000 RX_Z:0.000
[ZONE-ROUTE] CID:5 zone=1 edge_port=9998
[EDGE-RTT] CID:5 wall=0.9 ms  sim_delay=10.0 ms
>>> [UAV->CLOUD] BLK:ee2a|TX:7.0.0.9|CID:5|TS:25.642|SPD:15.4|HDG:-1.2|PX:582.1|PY:-10.0|...
[PASSIVE-BEACON] SIMNOW:25.660 CID:18 ZONE:2 RXUAV:2 EDGEPORT:9996 TS:25.646 SPD:20.000 HDG:0.000 PX:611.800 PY:-40.000 LAN:4 BRK:0 RX_X:0.000 RX_Y:0.000 RX_Z:0.000
[ZONE-ROUTE] CID:18 zone=1 edge_port=9998
[EDGE-RTT] CID:18 wall=0.6 ms  sim_delay=5.0 ms
>>> [UAV->CLOUD] BLK:5b23|TX:7.0.0.22|CID:18|TS:25.646|SPD:20.0|HDG:0.0|PX:611.8|PY:-40.0...
[ECON-GATE] CID:5 probation active - suppressing OK reward 1.0
✓ [CAR 5] ACT=OK REP=0.322 RWD=0.000 PNL=0.000 CREDIT=3
[ECON-GATE] CID:18 probation active - suppressing OK reward 1.000
✓ [CAR 18] ACT=OK REP=0.743 RWD=0.000 PNL=0.000 CREDIT=4
[ATTACK-EMIT] CID:7 activeWindow=YES falsified=YES simT=25.692 realPX=582.900 fakePX=582.900 realSPD=25.000 fakeSPD=20.000 realTS=25.692 fakeTS=25.692 lane=3
[PASSIVE-BEACON] SIMNOW:25.706 CID:7 ZONE:1 RXUAV:1 EDGEPORT:9998 TS:25.692 SPD:20.000 HDG:0.000 PX:582.900 PY:-30.000 LAN:3 BRK:0 RX_X:0.000 RX_Y:0.000 RX_Z:0.000
[ZONE-ROUTE] CID:7 zone=1 edge_port=9998
[EDGE-RTT] CID:7 wall=0.9 ms  sim_delay=5.0 ms
>>> [UAV->CLOUD] BLK:1ef1|TX:7.0.0.11|CID:7|TS:25.692|SPD:20.0|HDG:0.0|PX:582.9|PY:-30.0|...
[ATTACK-EMIT] CID:1 activeWindow=YES falsified=YES simT=25.720 realPX=573.600 fakePX=573.600 realSPD=25.000 fakeSPD=20.000 realTS=25.720 fakeTS=25.720 lane=2
[ECON-GATE] CID:7 probation active - suppressing OK reward 0.994
✓ [CAR 7] ACT=OK REP=0.432 RWD=0.000 PNL=0.000 CREDIT=1
[PASSIVE-BEACON] SIMNOW:25.734 CID:1 ZONE:1 RXUAV:1 EDGEPORT:9998 TS:25.720 SPD:20.000 HDG:0.000 PX:573.600 PY:-20.000 LAN:2 BRK:0 RX_X:0.000 RX_Y:0.000 RX_Z:0.000
[ZONE-ROUTE] CID:1 zone=1 edge_port=9998
[EDGE-RTT] CID:1 wall=1.1 ms  sim_delay=5.0 ms
>>> [UAV->CLOUD] BLK:82ef|TX:7.0.0.5|CID:1|TS:25.720|SPD:20.0|HDG:0.0|PX:573.6|PY:-20.0|L...
[ATTACK-EMIT] CID:12 activeWindow=YES falsified=YES simT=25.744 realPX=604.200 fakePX=604.200 realSPD=25.000 fakeSPD=20.000 realTS=25.744 fakeTS=25.744 lane=3
[ECON-GATE] CID:1 probation active - suppressing OK reward 0.994
✓ [CAR 1] ACT=OK REP=0.616 RWD=0.000 PNL=0.000 CREDIT=1
[PASSIVE-BEACON] SIMNOW:25.758 CID:12 ZONE:2 RXUAV:2 EDGEPORT:9996 TS:25.744 SPD:20.000 HDG:0.000 PX:604.200 PY:-30.000 LAN:3 BRK:1 RX_X:0.000 RX_Y:0.000 RX_Z:0.000
[ZONE-ROUTE] CID:12 zone=1 edge_port=9998
[EDGE-RTT] CID:12 wall=1.0 ms  sim_delay=5.0 ms
>>> [UAV->CLOUD] BLK:1ba2|TX:7.0.0.16|CID:12|TS:25.744|SPD:20.0|HDG:0.0|PX:604.2|PY:-30.0...
[PASSIVE-BEACON] SIMNOW:25.760 CID:15 ZONE:2 RXUAV:2 EDGEPORT:9996 TS:25.746 SPD:15.400 HDG:-1.600 PX:624.400 PY:-10.000 LAN:1 BRK:0 RX_X:0.000 RX_Y:0.000 RX_Z:0.000
[ZONE-ROUTE] CID:15 zone=1 edge_port=9998
[EDGE-RTT] CID:15 wall=0.8 ms  sim_delay=5.0 ms
>>> [UAV->CLOUD] BLK:8275|TX:7.0.0.19|CID:15|TS:25.746|SPD:15.4|HDG:-1.6|PX:624.4|PY:-10....
[ECON-GATE] CID:12 probation active - suppressing OK reward 1.0
✓ [CAR 12] ACT=OK REP=0.647 RWD=0.000 PNL=0.000 CREDIT=3
[ECON-GATE] CID:15 probation active - suppressing OK reward 1.000
✓ [CAR 15] ACT=OK REP=0.532 RWD=0.000 PNL=0.000 CREDIT=3
[ATTACK-EMIT] CID:16 activeWindow=YES falsified=YES simT=25.786 realPX=634.990 fakePX=634.990 realSPD=15.000 fakeSPD=20.000 realTS=25.786 fakeTS=25.786 lane=2
[ATTACK-EMIT] CID:6 activeWindow=YES falsified=YES simT=25.822 realPX=595.530 fakePX=570.952 realSPD=15.000 fakeSPD=20.000 realTS=25.822 fakeTS=25.322 lane=2
[PASSIVE-BEACON] SIMNOW:25.834 CID:6 ZONE:1 RXUAV:1 EDGEPORT:9998 TS:25.322 SPD:20.000 HDG:0.000 PX:571.000 PY:-20.000 LAN:2 BRK:0 RX_X:0.000 RX_Y:0.000 RX_Z:0.000
[ZONE-ROUTE] CID:6 zone=1 edge_port=9998
[EDGE-RTT] CID:6 wall=1.1 ms  sim_delay=5.0 ms
>>> [UAV->CLOUD] BLK:19d2|TX:7.0.0.10|CID:6|TS:25.322|SPD:20.0|HDG:0.0|PX:571.0|PY:-20.0|...
[ATTACK-EMIT] CID:14 activeWindow=YES falsified=YES simT=25.834 realPX=586.450 fakePX=561.306 realSPD=25.000 fakeSPD=20.000 realTS=25.834 fakeTS=25.334 lane=5
[ECON-GATE] CID:6 probation active - suppressing OK reward 0.867
✓ [CAR 6] ACT=OK REP=0.564 RWD=0.000 PNL=0.000 CREDIT=2
[PASSIVE-BEACON] SIMNOW:25.848 CID:14 ZONE:1 RXUAV:1 EDGEPORT:9998 TS:25.334 SPD:20.000 HDG:0.000 PX:561.300 PY:-50.000 LAN:5 BRK:0 RX_X:0.000 RX_Y:0.000 RX_Z:0.000
[ZONE-ROUTE] CID:14 zone=1 edge_port=9998
[EDGE-RTT] CID:14 wall=1.1 ms  sim_delay=5.0 ms
>>> [UAV->CLOUD] BLK:57d4|TX:7.0.0.18|CID:14|TS:25.334|SPD:20.0|HDG:0.0|PX:561.3|PY:-50.0...
[ECON-GATE] CID:14 probation active - suppressing OK reward 0.9
✓ [CAR 14] ACT=OK REP=0.703 RWD=0.000 PNL=0.000 CREDIT=2
[ATTACK-EMIT] CID:0 activeWindow=YES falsified=YES simT=25.910 realPX=566.850 fakePX=566.850 realSPD=15.000 fakeSPD=20.000 realTS=25.910 fakeTS=25.910 lane=1
[PASSIVE-BEACON] SIMNOW:25.928 CID:11 ZONE:2 RXUAV:2 EDGEPORT:9996 TS:25.914 SPD:15.400 HDG:-0.300 PX:617.300 PY:-20.000 LAN:2 BRK:0 RX_X:0.000 RX_Y:0.000 RX_Z:0.000
[ZONE-ROUTE] CID:11 zone=1 edge_port=9998
[EDGE-RTT] CID:11 wall=1.1 ms  sim_delay=5.0 ms
>>> [UAV->CLOUD] BLK:e5a4|TX:7.0.0.15|CID:11|TS:25.914|SPD:15.4|HDG:-0.3|PX:617.3|PY:-20....
[ECON-GATE] CID:11 probation active - suppressing OK reward 1.0
✓ [CAR 11] ACT=OK REP=0.439 RWD=0.000 PNL=0.000 CREDIT=0
[ATTACK-EMIT] CID:13 activeWindow=YES falsified=YES simT=25.954 realPX=599.450 fakePX=599.450 realSPD=25.000 fakeSPD=20.000 realTS=25.954 fakeTS=25.954 lane=4
[PASSIVE-BEACON] SIMNOW:25.968 CID:13 ZONE:1 RXUAV:1 EDGEPORT:9998 TS:25.954 SPD:20.000 HDG:0.000 PX:599.500 PY:-40.000 LAN:4 BRK:0 RX_X:0.000 RX_Y:0.000 RX_Z:0.000
[ZONE-ROUTE] CID:13 zone=1 edge_port=9998
[EDGE-RTT] CID:13 wall=1.1 ms  sim_delay=5.0 ms
>>> [UAV->CLOUD] BLK:fb00|TX:7.0.0.17|CID:13|TS:25.954|SPD:20.0|HDG:0.0|PX:599.5|PY:-40.0...
[PASSIVE-BEACON] SIMNOW:25.968 CID:17 ZONE:2 RXUAV:2 EDGEPORT:9996 TS:25.956 SPD:25.000 HDG:1.700 PX:629.700 PY:-30.000 LAN:3 BRK:0 RX_X:0.000 RX_Y:0.000 RX_Z:0.000
[ZONE-ROUTE] CID:17 zone=1 edge_port=9998
[EDGE-RTT] CID:17 wall=1.9 ms  sim_delay=5.0 ms
>>> [UAV->CLOUD] BLK:ef9f|TX:7.0.0.21|CID:17|TS:25.956|SPD:25.0|HDG:1.7|PX:629.7|PY:-30.0...
[ECON-CLAWBACK] CID:17 ACT=WARN prior_payoff=-66.1 extra_penalty=6.0 new_payoff=-72.2
[FORGIVENESS] CID:17 WARN #21 — streak reset, benefits revoked
⚠ [CAR 17] ACT=WARN REP=0.585 RWD=0.000 PNL=6.101 CREDIT=-2
[ECON-GATE] CID:13 probation active - suppressing OK reward 1.000
✓ [CAR 13] ACT=OK REP=0.827 RWD=0.000 PNL=0.000 CREDIT=3
[ATTACK-EMIT] CID:8 activeWindow=YES falsified=YES simT=26.052 realPX=581.900 fakePX=581.900 realSPD=25.000 fakeSPD=20.000 realTS=26.052 fakeTS=26.052 lane=4
[ATTACK-EMIT] CID:10 activeWindow=YES falsified=YES simT=26.064 realPX=609.160 fakePX=569.400 realSPD=15.000 fakeSPD=20.000 realTS=26.064 fakeTS=25.564 lane=1
[PASSIVE-BEACON] SIMNOW:26.066 CID:8 ZONE:1 RXUAV:1 EDGEPORT:9998 TS:26.052 SPD:20.000 HDG:0.000 PX:581.900 PY:-40.000 LAN:4 BRK:0 RX_X:0.000 RX_Y:0.000 RX_Z:0.000
[ZONE-ROUTE] CID:8 zone=1 edge_port=9998
[EDGE-RTT] CID:8 wall=1.0 ms  sim_delay=5.0 ms
>>> [UAV->CLOUD] BLK:43d0|TX:7.0.0.12|CID:8|TS:26.052|SPD:20.0|HDG:0.0|PX:581.9|PY:-40.0|...
[ATTACK-EMIT] CID:2 activeWindow=YES falsified=YES simT=26.070 realPX=572.350 fakePX=572.350 realSPD=25.000 fakeSPD=20.000 realTS=26.070 fakeTS=26.070 lane=3
[PASSIVE-BEACON] SIMNOW:26.078 CID:10 ZONE:1 RXUAV:1 EDGEPORT:9998 TS:25.564 SPD:20.000 HDG:0.000 PX:569.400 PY:-10.000 LAN:1 BRK:0 RX_X:0.000 RX_Y:0.000 RX_Z:0.000
[ZONE-ROUTE] CID:10 zone=1 edge_port=9998
[EDGE-RTT] CID:10 wall=1.0 ms  sim_delay=5.0 ms
>>> [UAV->CLOUD] BLK:ac9a|TX:7.0.0.14|CID:10|TS:25.564|SPD:20.0|HDG:0.0|PX:569.4|PY:-10.0...
[ECON-GATE] CID:8 probation active - suppressing OK reward 1.0
✓ [CAR 8] ACT=OK REP=0.534 RWD=0.000 PNL=0.000 CREDIT=1
[ECON-CLAWBACK] CID:10 ACT=WARN prior_payoff=-78.973 extra_penalty=6.500 new_payoff=-85.554
[FORGIVENESS] CID:10 WARN #23 — streak reset, benefits revoked
⚠ [CAR 10] ACT=WARN REP=0.379 RWD=0.000 PNL=6.581 CREDIT=3
[PASSIVE-BEACON] SIMNOW:26.114 CID:4 ZONE:1 RXUAV:1 EDGEPORT:9998 TS:26.100 SPD:25.100 HDG:1.200 PX:552.400 PY:-50.000 LAN:5 BRK:0 RX_X:0.000 RX_Y:0.000 RX_Z:0.000
[ZONE-ROUTE] CID:4 zone=1 edge_port=9998
[EDGE-RTT] CID:4 wall=1.0 ms  sim_delay=5.0 ms
>>> [UAV->CLOUD] BLK:d95d|TX:7.0.0.8|CID:4|TS:26.100|SPD:25.1|HDG:1.2|PX:552.4|PY:-50.0|L...
[ECON-CLAWBACK] CID:4 ACT=WARN prior_payoff=-25.8 extra_penalty=4.0 new_payoff=-29.9
[FORGIVENESS] CID:4 WARN #13 — streak reset, benefits revoked
⚠ [CAR 4] ACT=WARN REP=0.341 RWD=0.000 PNL=4.102 CREDIT=-2
[PASSIVE-BEACON] SIMNOW:26.136 CID:9 ZONE:1 RXUAV:1 EDGEPORT:9998 TS:26.122 SPD:25.500 HDG:1.700 PX:574.300 PY:-50.000 LAN:5 BRK:1 RX_X:0.000 RX_Y:0.000 RX_Z:0.000
[ZONE-ROUTE] CID:9 zone=1 edge_port=9998
[EDGE-RTT] CID:9 wall=1.2 ms  sim_delay=5.0 ms
>>> [UAV->CLOUD] BLK:1437|TX:7.0.0.13|CID:9|TS:26.122|SPD:25.5|HDG:1.7|PX:574.3|PY:-50.0|...
[ATTACK-EMIT] CID:18 activeWindow=YES falsified=YES simT=26.146 realPX=624.250 fakePX=561.756 realSPD=25.000 fakeSPD=20.000 realTS=26.146 fakeTS=25.646 lane=4
[ECON-CLAWBACK] CID:9 ACT=WARN prior_payoff=-21.929 extra_penalty=3.750 new_payoff=-25.782
[FORGIVENESS] CID:9 WARN #12 — streak reset, benefits revoked
⚠ [CAR 9] ACT=WARN REP=0.420 RWD=0.000 PNL=3.853 CREDIT=-2
[PASSIVE-BEACON] SIMNOW:26.157 CID:5 ZONE:1 RXUAV:1 EDGEPORT:9998 TS:26.142 SPD:15.500 HDG:-1.300 PX:591.000 PY:-10.000 LAN:1 BRK:0 RX_X:0.000 RX_Y:0.000 RX_Z:0.000
[ZONE-ROUTE] CID:5 zone=1 edge_port=9998
[EDGE-RTT] CID:5 wall=1.1 ms  sim_delay=10.0 ms
>>> [UAV->CLOUD] BLK:80d7|TX:7.0.0.9|CID:5|TS:26.142|SPD:15.5|HDG:-1.3|PX:591.0|PY:-10.0|...
[PASSIVE-BEACON] SIMNOW:26.160 CID:18 ZONE:1 RXUAV:1 EDGEPORT:9998 TS:25.646 SPD:20.000 HDG:0.000 PX:561.800 PY:-40.000 LAN:4 BRK:0 RX_X:0.000 RX_Y:0.000 RX_Z:0.000
[ZONE-ROUTE] CID:18 zone=1 edge_port=9998
[EDGE-RTT] CID:18 wall=1.1 ms  sim_delay=5.0 ms
>>> [UAV->CLOUD] BLK:6f19|TX:7.0.0.22|CID:18|TS:25.646|SPD:20.0|HDG:0.0|PX:561.8|PY:-40.0...
[ECON-GATE] CID:5 probation active - suppressing OK reward 1.0
✓ [CAR 5] ACT=OK REP=0.404 RWD=0.000 PNL=0.000 CREDIT=4
[ECON-CLAWBACK] CID:18 ACT=WARN prior_payoff=-22.230 extra_penalty=3.750 new_payoff=-26.065
[FORGIVENESS] CID:18 WARN #12 — streak reset, benefits revoked
⚠ [CAR 18] ACT=WARN REP=0.620 RWD=0.000 PNL=3.835 CREDIT=3
[ATTACK-EMIT] CID:7 activeWindow=YES falsified=YES simT=26.192 realPX=595.400 fakePX=570.484 realSPD=25.000 fakeSPD=20.000 realTS=26.192 fakeTS=25.692 lane=3
[PASSIVE-BEACON] SIMNOW:26.206 CID:7 ZONE:1 RXUAV:1 EDGEPORT:9998 TS:25.692 SPD:20.000 HDG:0.000 PX:570.500 PY:-30.000 LAN:3 BRK:0 RX_X:0.000 RX_Y:0.000 RX_Z:0.000
[ZONE-ROUTE] CID:7 zone=1 edge_port=9998
[EDGE-RTT] CID:7 wall=1.0 ms  sim_delay=5.0 ms
>>> [UAV->CLOUD] BLK:f011|TX:7.0.0.11|CID:7|TS:25.692|SPD:20.0|HDG:0.0|PX:570.5|PY:-30.0|...
[ATTACK-EMIT] CID:1 activeWindow=YES falsified=YES simT=26.220 realPX=581.500 fakePX=561.322 realSPD=15.000 fakeSPD=20.000 realTS=26.220 fakeTS=25.720 lane=2
[ECON-GATE] CID:7 probation active - suppressing OK reward 0.867
✓ [CAR 7] ACT=OK REP=0.812 RWD=0.000 PNL=0.000 CREDIT=2
[PASSIVE-BEACON] SIMNOW:26.234 CID:1 ZONE:1 RXUAV:1 EDGEPORT:9998 TS:25.720 SPD:20.000 HDG:0.000 PX:561.300 PY:-20.000 LAN:2 BRK:0 RX_X:0.000 RX_Y:0.000 RX_Z:0.000
[ZONE-ROUTE] CID:1 zone=1 edge_port=9998
[EDGE-RTT] CID:1 wall=1.0 ms  sim_delay=5.0 ms
>>> [UAV->CLOUD] BLK:11f1|TX:7.0.0.5|CID:1|TS:25.720|SPD:20.0|HDG:0.0|PX:561.3|PY:-20.0|L...
[ATTACK-EMIT] CID:12 activeWindow=YES falsified=YES simT=26.244 realPX=616.700 fakePX=616.700 realSPD=25.000 fakeSPD=20.000 realTS=26.244 fakeTS=26.244 lane=3
[ECON-GATE] CID:1 probation active - suppressing OK reward 0.866
✓ [CAR 1] ACT=OK REP=0.514 RWD=0.000 PNL=0.000 CREDIT=2
[PASSIVE-BEACON] SIMNOW:26.258 CID:12 ZONE:2 RXUAV:2 EDGEPORT:9996 TS:26.244 SPD:20.000 HDG:0.000 PX:616.700 PY:-30.000 LAN:3 BRK:0 RX_X:0.000 RX_Y:0.000 RX_Z:0.000
[ZONE-ROUTE] CID:12 zone=1 edge_port=9998
[EDGE-RTT] CID:12 wall=0.7 ms  sim_delay=5.0 ms
>>> [UAV->CLOUD] BLK:fcba|TX:7.0.0.16|CID:12|TS:26.244|SPD:20.0|HDG:0.0|PX:616.7|PY:-30.0...
[PASSIVE-BEACON] SIMNOW:26.262 CID:15 ZONE:2 RXUAV:2 EDGEPORT:9996 TS:26.246 SPD:15.300 HDG:1.100 PX:632.500 PY:-10.000 LAN:1 BRK:0 RX_X:0.000 RX_Y:0.000 RX_Z:0.000
[ZONE-ROUTE] CID:15 zone=1 edge_port=9998
[EDGE-RTT] CID:15 wall=1.0 ms  sim_delay=5.0 ms
>>> [UAV->CLOUD] BLK:f276|TX:7.0.0.19|CID:15|TS:26.246|SPD:15.3|HDG:1.1|PX:632.5|PY:-10.0...
[ECON-GATE] CID:12 probation active - suppressing OK reward 1.0
✓ [CAR 12] ACT=OK REP=0.715 RWD=0.000 PNL=0.000 CREDIT=4
[ECON-GATE] CID:15 probation active - suppressing OK reward 1.000
✓ [CAR 15] ACT=OK REP=0.524 RWD=0.000 PNL=0.000 CREDIT=4
[ATTACK-EMIT] CID:16 activeWindow=YES falsified=YES simT=26.286 realPX=642.490 fakePX=642.490 realSPD=15.000 fakeSPD=20.000 realTS=26.286 fakeTS=26.286 lane=2
[ATTACK-EMIT] CID:6 activeWindow=YES falsified=YES simT=26.322 realPX=603.030 fakePX=603.030 realSPD=15.000 fakeSPD=20.000 realTS=26.322 fakeTS=26.322 lane=2
[ATTACK-EMIT] CID:14 activeWindow=YES falsified=YES simT=26.334 realPX=598.950 fakePX=598.950 realSPD=25.000 fakeSPD=20.000 realTS=26.334 fakeTS=26.334 lane=5
[PASSIVE-BEACON] SIMNOW:26.336 CID:6 ZONE:2 RXUAV:2 EDGEPORT:9996 TS:26.322 SPD:20.000 HDG:0.000 PX:603.000 PY:-20.000 LAN:2 BRK:1 RX_X:0.000 RX_Y:0.000 RX_Z:0.000
[ZONE-ROUTE] CID:6 zone=1 edge_port=9998
[EDGE-RTT] CID:6 wall=1.2 ms  sim_delay=5.0 ms
>>> [UAV->CLOUD] BLK:b305|TX:7.0.0.10|CID:6|TS:26.322|SPD:20.0|HDG:0.0|PX:603.0|PY:-20.0|...
[PASSIVE-BEACON] SIMNOW:26.348 CID:14 ZONE:1 RXUAV:1 EDGEPORT:9998 TS:26.334 SPD:20.000 HDG:0.000 PX:599.000 PY:-50.000 LAN:5 BRK:0 RX_X:0.000 RX_Y:0.000 RX_Z:0.000
[ZONE-ROUTE] CID:14 zone=1 edge_port=9998
[EDGE-RTT] CID:14 wall=1.0 ms  sim_delay=5.0 ms
>>> [UAV->CLOUD] BLK:d774|TX:7.0.0.18|CID:14|TS:26.334|SPD:20.0|HDG:0.0|PX:599.0|PY:-50.0...
[ECON-GATE] CID:6 probation active - suppressing OK reward 1.0
✓ [CAR 6] ACT=OK REP=0.476 RWD=0.000 PNL=0.000 CREDIT=3
[ECON-GATE] CID:14 probation active - suppressing OK reward 1.000
✓ [CAR 14] ACT=OK REP=0.673 RWD=0.000 PNL=0.000 CREDIT=3
[ATTACK-EMIT] CID:0 activeWindow=YES falsified=YES simT=26.410 realPX=574.350 fakePX=574.350 realSPD=15.000 fakeSPD=20.000 realTS=26.410 fakeTS=26.410 lane=1
[PASSIVE-BEACON] SIMNOW:26.428 CID:11 ZONE:2 RXUAV:2 EDGEPORT:9996 TS:26.414 SPD:15.300 HDG:-0.700 PX:624.700 PY:-20.000 LAN:2 BRK:1 RX_X:0.000 RX_Y:0.000 RX_Z:0.000
[ZONE-ROUTE] CID:11 zone=1 edge_port=9998
[EDGE-RTT] CID:11 wall=1.1 ms  sim_delay=5.0 ms
>>> [UAV->CLOUD] BLK:d1ed|TX:7.0.0.15|CID:11|TS:26.414|SPD:15.3|HDG:-0.7|PX:624.7|PY:-20....
[ECON-GATE] CID:11 probation active - suppressing OK reward 1.0
✓ [CAR 11] ACT=OK REP=0.411 RWD=0.000 PNL=0.000 CREDIT=1
[ATTACK-EMIT] CID:13 activeWindow=YES falsified=YES simT=26.454 realPX=611.950 fakePX=611.950 realSPD=25.000 fakeSPD=20.000 realTS=26.454 fakeTS=26.454 lane=4
[PASSIVE-BEACON] SIMNOW:26.468 CID:13 ZONE:2 RXUAV:2 EDGEPORT:9996 TS:26.454 SPD:20.000 HDG:0.000 PX:612.000 PY:-40.000 LAN:4 BRK:0 RX_X:0.000 RX_Y:0.000 RX_Z:0.000
[ZONE-ROUTE] CID:13 zone=1 edge_port=9998
[EDGE-RTT] CID:13 wall=1.2 ms  sim_delay=5.0 ms
>>> [UAV->CLOUD] BLK:4bd2|TX:7.0.0.17|CID:13|TS:26.454|SPD:20.0|HDG:0.0|PX:612.0|PY:-40.0...
[PASSIVE-BEACON] SIMNOW:26.470 CID:17 ZONE:2 RXUAV:2 EDGEPORT:9996 TS:26.456 SPD:24.600 HDG:-0.600 PX:642.500 PY:-30.000 LAN:3 BRK:0 RX_X:0.000 RX_Y:0.000 RX_Z:0.000
[ZONE-ROUTE] CID:17 zone=1 edge_port=9998
[EDGE-RTT] CID:17 wall=0.7 ms  sim_delay=5.0 ms
>>> [UAV->CLOUD] BLK:2fb7|TX:7.0.0.21|CID:17|TS:26.456|SPD:24.6|HDG:-0.6|PX:642.5|PY:-30....
[ECON-GATE] CID:13 probation active - suppressing OK reward 1.0
✓ [CAR 13] ACT=OK REP=0.432 RWD=0.000 PNL=0.000 CREDIT=4
[ECON-CLAWBACK] CID:17 ACT=WARN prior_payoff=-72.215 extra_penalty=6.250 new_payoff=-78.564
[FORGIVENESS] CID:17 WARN #22 — streak reset, benefits revoked
⚠ [CAR 17] ACT=WARN REP=0.775 RWD=0.000 PNL=6.349 CREDIT=-2
[ATTACK-EMIT] CID:8 activeWindow=YES falsified=YES simT=26.552 realPX=594.400 fakePX=569.514 realSPD=25.000 fakeSPD=20.000 realTS=26.552 fakeTS=26.052 lane=4
[ATTACK-EMIT] CID:10 activeWindow=YES falsified=YES simT=26.564 realPX=616.660 fakePX=616.660 realSPD=15.000 fakeSPD=20.000 realTS=26.564 fakeTS=26.564 lane=1
[PASSIVE-BEACON] SIMNOW:26.566 CID:8 ZONE:1 RXUAV:1 EDGEPORT:9998 TS:26.052 SPD:20.000 HDG:0.000 PX:569.500 PY:-40.000 LAN:4 BRK:0 RX_X:0.000 RX_Y:0.000 RX_Z:0.000
[ZONE-ROUTE] CID:8 zone=1 edge_port=9998
[EDGE-RTT] CID:8 wall=0.9 ms  sim_delay=5.0 ms
>>> [UAV->CLOUD] BLK:a252|TX:7.0.0.12|CID:8|TS:26.052|SPD:20.0|HDG:0.0|PX:569.5|PY:-40.0|...
[ATTACK-EMIT] CID:2 activeWindow=YES falsified=YES simT=26.570 realPX=584.850 fakePX=584.850 realSPD=25.000 fakeSPD=20.000 realTS=26.570 fakeTS=26.570 lane=3
[PASSIVE-BEACON] SIMNOW:26.578 CID:10 ZONE:2 RXUAV:2 EDGEPORT:9996 TS:26.564 SPD:20.000 HDG:0.000 PX:616.700 PY:-10.000 LAN:1 BRK:0 RX_X:0.000 RX_Y:0.000 RX_Z:0.000
[ZONE-ROUTE] CID:10 zone=1 edge_port=9998
[EDGE-RTT] CID:10 wall=0.7 ms  sim_delay=5.0 ms
>>> [UAV->CLOUD] BLK:79bf|TX:7.0.0.14|CID:10|TS:26.564|SPD:20.0|HDG:0.0|PX:616.7|PY:-10.0...
[ECON-GATE] CID:8 probation active - suppressing OK reward 0.9
✓ [CAR 8] ACT=OK REP=0.853 RWD=0.000 PNL=0.000 CREDIT=2
[ECON-GATE] CID:10 probation active - suppressing OK reward 0.960
✓ [CAR 10] ACT=OK REP=0.442 RWD=0.000 PNL=0.000 CREDIT=0
[ATTACK-EMIT] CID:4 activeWindow=YES falsified=YES simT=26.600 realPX=565.600 fakePX=565.600 realSPD=25.000 fakeSPD=20.000 realTS=26.600 fakeTS=26.600 lane=5
[PASSIVE-BEACON] SIMNOW:26.614 CID:4 ZONE:1 RXUAV:1 EDGEPORT:9998 TS:26.600 SPD:20.000 HDG:0.000 PX:565.600 PY:-50.000 LAN:5 BRK:0 RX_X:0.000 RX_Y:0.000 RX_Z:0.000
[ZONE-ROUTE] CID:4 zone=1 edge_port=9998
[EDGE-RTT] CID:4 wall=1.1 ms  sim_delay=5.0 ms
>>> [UAV->CLOUD] BLK:c39b|TX:7.0.0.8|CID:4|TS:26.600|SPD:20.0|HDG:0.0|PX:565.6|PY:-50.0|L...
[ECON-GATE] CID:4 probation active - suppressing OK reward 1.0
✓ [CAR 4] ACT=OK REP=0.702 RWD=0.000 PNL=0.000 CREDIT=0
[PASSIVE-BEACON] SIMNOW:26.636 CID:9 ZONE:1 RXUAV:1 EDGEPORT:9998 TS:26.622 SPD:25.000 HDG:-0.500 PX:586.200 PY:-50.000 LAN:5 BRK:0 RX_X:0.000 RX_Y:0.000 RX_Z:0.000
[ZONE-ROUTE] CID:9 zone=1 edge_port=9998
[EDGE-RTT] CID:9 wall=1.1 ms  sim_delay=5.0 ms
>>> [UAV->CLOUD] BLK:cb6a|TX:7.0.0.13|CID:9|TS:26.622|SPD:25.0|HDG:-0.5|PX:586.2|PY:-50.0...
[ATTACK-EMIT] CID:18 activeWindow=YES falsified=YES simT=26.646 realPX=636.750 fakePX=636.750 realSPD=25.000 fakeSPD=20.000 realTS=26.646 fakeTS=26.646 lane=4
[ECON-CLAWBACK] CID:9 ACT=WARN prior_payoff=-25.782 extra_penalty=4.000 new_payoff=-29.884
[FORGIVENESS] CID:9 WARN #13 — streak reset, benefits revoked
⚠ [CAR 9] ACT=WARN REP=0.753 RWD=0.000 PNL=4.102 CREDIT=-2
[PASSIVE-BEACON] SIMNOW:26.656 CID:5 ZONE:1 RXUAV:1 EDGEPORT:9998 TS:26.642 SPD:14.800 HDG:1.200 PX:598.000 PY:-10.000 LAN:1 BRK:0 RX_X:0.000 RX_Y:0.000 RX_Z:0.000
[ZONE-ROUTE] CID:5 zone=1 edge_port=9998
[EDGE-RTT] CID:5 wall=1.2 ms  sim_delay=10.0 ms
>>> [UAV->CLOUD] BLK:cfbf|TX:7.0.0.9|CID:5|TS:26.642|SPD:14.8|HDG:1.2|PX:598.0|PY:-10.0|L...
[PASSIVE-BEACON] SIMNOW:26.660 CID:18 ZONE:2 RXUAV:2 EDGEPORT:9996 TS:26.646 SPD:20.000 HDG:0.000 PX:636.800 PY:-40.000 LAN:4 BRK:0 RX_X:0.000 RX_Y:0.000 RX_Z:0.000
[ZONE-ROUTE] CID:18 zone=1 edge_port=9998
[EDGE-RTT] CID:18 wall=0.7 ms  sim_delay=5.0 ms
>>> [UAV->CLOUD] BLK:8c51|TX:7.0.0.22|CID:18|TS:26.646|SPD:20.0|HDG:0.0|PX:636.8|PY:-40.0...
[ECON-GATE] CID:5 probation active - suppressing OK reward 1.0
✓ [CAR 5] ACT=OK REP=0.352 RWD=0.000 PNL=0.000 CREDIT=5
[ECON-GATE] CID:18 probation active - suppressing OK reward 0.960
✓ [CAR 18] ACT=OK REP=0.759 RWD=0.000 PNL=0.000 CREDIT=0
[ATTACK-EMIT] CID:7 activeWindow=YES falsified=YES simT=26.692 realPX=607.900 fakePX=607.900 realSPD=25.000 fakeSPD=20.000 realTS=26.692 fakeTS=26.692 lane=3
[PASSIVE-BEACON] SIMNOW:26.706 CID:7 ZONE:2 RXUAV:2 EDGEPORT:9996 TS:26.692 SPD:20.000 HDG:0.000 PX:607.900 PY:-30.000 LAN:3 BRK:1 RX_X:0.000 RX_Y:0.000 RX_Z:0.000
[ZONE-ROUTE] CID:7 zone=1 edge_port=9998
[EDGE-RTT] CID:7 wall=1.2 ms  sim_delay=5.0 ms
>>> [UAV->CLOUD] BLK:0192|TX:7.0.0.11|CID:7|TS:26.692|SPD:20.0|HDG:0.0|PX:607.9|PY:-30.0|...
[ATTACK-EMIT] CID:1 activeWindow=YES falsified=YES simT=26.720 realPX=589.000 fakePX=589.000 realSPD=15.000 fakeSPD=20.000 realTS=26.720 fakeTS=26.720 lane=2
[ECON-GATE] CID:7 probation active - suppressing OK reward 1.000
✓ [CAR 7] ACT=OK REP=0.780 RWD=0.000 PNL=0.000 CREDIT=3
[PASSIVE-BEACON] SIMNOW:26.734 CID:1 ZONE:1 RXUAV:1 EDGEPORT:9998 TS:26.720 SPD:20.000 HDG:0.000 PX:589.000 PY:-20.000 LAN:2 BRK:1 RX_X:0.000 RX_Y:0.000 RX_Z:0.000
[ZONE-ROUTE] CID:1 zone=1 edge_port=9998
[EDGE-RTT] CID:1 wall=0.9 ms  sim_delay=5.0 ms
>>> [UAV->CLOUD] BLK:d53f|TX:7.0.0.5|CID:1|TS:26.720|SPD:20.0|HDG:0.0|PX:589.0|PY:-20.0|L...
[ATTACK-EMIT] CID:12 activeWindow=YES falsified=YES simT=26.744 realPX=629.200 fakePX=566.844 realSPD=25.000 fakeSPD=20.000 realTS=26.744 fakeTS=26.244 lane=3
[ECON-GATE] CID:1 probation active - suppressing OK reward 1.000
✓ [CAR 1] ACT=OK REP=0.595 RWD=0.000 PNL=0.000 CREDIT=3
[PASSIVE-BEACON] SIMNOW:26.758 CID:12 ZONE:1 RXUAV:1 EDGEPORT:9998 TS:26.244 SPD:20.000 HDG:0.000 PX:566.800 PY:-30.000 LAN:3 BRK:0 RX_X:0.000 RX_Y:0.000 RX_Z:0.000
[ZONE-ROUTE] CID:12 zone=1 edge_port=9998
[EDGE-RTT] CID:12 wall=0.8 ms  sim_delay=5.0 ms
>>> [UAV->CLOUD] BLK:ab19|TX:7.0.0.16|CID:12|TS:26.244|SPD:20.0|HDG:0.0|PX:566.8|PY:-30.0...
[PASSIVE-BEACON] SIMNOW:26.763 CID:15 ZONE:2 RXUAV:2 EDGEPORT:9996 TS:26.746 SPD:15.500 HDG:-1.900 PX:638.700 PY:-10.000 LAN:1 BRK:0 RX_X:0.000 RX_Y:0.000 RX_Z:0.000
[ZONE-ROUTE] CID:15 zone=1 edge_port=9998
[EDGE-RTT] CID:15 wall=0.9 ms  sim_delay=5.0 ms
>>> [UAV->CLOUD] BLK:b865|TX:7.0.0.19|CID:15|TS:26.746|SPD:15.5|HDG:-1.9|PX:638.7|PY:-10....
[ECON-CLAWBACK] CID:12 ACT=WARN prior_payoff=-39.3 extra_penalty=4.8 new_payoff=-44.1
[FORGIVENESS] CID:12 WARN #16 — streak reset, benefits revoked
⚠ [CAR 12] ACT=WARN REP=0.398 RWD=0.000 PNL=4.831 CREDIT=3
[ECON-GATE] CID:15 probation active - suppressing OK reward 1.000
✓ [CAR 15] ACT=OK REP=0.553 RWD=0.000 PNL=0.000 CREDIT=5
[ATTACK-EMIT] CID:16 activeWindow=YES falsified=YES simT=26.786 realPX=649.990 fakePX=560.010 realSPD=15.000 fakeSPD=22.000 realTS=26.786 fakeTS=26.286 lane=2
[ATTACK-EMIT] CID:6 activeWindow=YES falsified=YES simT=26.822 realPX=610.530 fakePX=610.530 realSPD=15.000 fakeSPD=20.000 realTS=26.822 fakeTS=26.822 lane=2
[ATTACK-EMIT] CID:14 activeWindow=YES falsified=YES simT=26.834 realPX=611.450 fakePX=611.450 realSPD=25.000 fakeSPD=20.000 realTS=26.834 fakeTS=26.834 lane=5
[PASSIVE-BEACON] SIMNOW:26.836 CID:6 ZONE:2 RXUAV:2 EDGEPORT:9996 TS:26.822 SPD:20.000 HDG:0.000 PX:610.500 PY:-20.000 LAN:2 BRK:0 RX_X:0.000 RX_Y:0.000 RX_Z:0.000
[ZONE-ROUTE] CID:6 zone=1 edge_port=9998
[EDGE-RTT] CID:6 wall=1.0 ms  sim_delay=5.0 ms
>>> [UAV->CLOUD] BLK:3055|TX:7.0.0.10|CID:6|TS:26.822|SPD:20.0|HDG:0.0|PX:610.5|PY:-20.0|...
[PASSIVE-BEACON] SIMNOW:26.848 CID:14 ZONE:2 RXUAV:2 EDGEPORT:9996 TS:26.834 SPD:20.000 HDG:0.000 PX:611.500 PY:-50.000 LAN:5 BRK:0 RX_X:0.000 RX_Y:0.000 RX_Z:0.000
[ZONE-ROUTE] CID:14 zone=1 edge_port=9998
[EDGE-RTT] CID:14 wall=0.8 ms  sim_delay=5.0 ms
>>> [UAV->CLOUD] BLK:705e|TX:7.0.0.18|CID:14|TS:26.834|SPD:20.0|HDG:0.0|PX:611.5|PY:-50.0...
[ECON-GATE] CID:6 probation active - suppressing OK reward 1.0
✓ [CAR 6] ACT=OK REP=0.971 RWD=0.000 PNL=0.000 CREDIT=4
[ECON-GATE] CID:14 probation active - suppressing OK reward 1.000
✓ [CAR 14] ACT=OK REP=0.807 RWD=0.000 PNL=0.000 CREDIT=4
[ATTACK-EMIT] CID:0 activeWindow=YES falsified=YES simT=26.910 realPX=581.850 fakePX=566.868 realSPD=15.000 fakeSPD=22.000 realTS=26.910 fakeTS=26.410 lane=1
[PASSIVE-BEACON] SIMNOW:26.928 CID:11 ZONE:2 RXUAV:2 EDGEPORT:9996 TS:26.914 SPD:15.400 HDG:-0.500 PX:631.600 PY:-20.000 LAN:2 BRK:0 RX_X:0.000 RX_Y:0.000 RX_Z:0.000
[ZONE-ROUTE] CID:11 zone=1 edge_port=9998
[EDGE-RTT] CID:11 wall=1.1 ms  sim_delay=5.0 ms
>>> [UAV->CLOUD] BLK:fec2|TX:7.0.0.15|CID:11|TS:26.914|SPD:15.4|HDG:-0.5|PX:631.6|PY:-20....
[ECON-GATE] CID:11 probation active - suppressing OK reward 1.0
✓ [CAR 11] ACT=OK REP=0.814 RWD=0.000 PNL=0.000 CREDIT=2
[ATTACK-EMIT] CID:13 activeWindow=YES falsified=YES simT=26.954 realPX=624.450 fakePX=562.208 realSPD=25.000 fakeSPD=20.000 realTS=26.954 fakeTS=26.454 lane=4
[PASSIVE-BEACON] SIMNOW:26.968 CID:13 ZONE:1 RXUAV:1 EDGEPORT:9998 TS:26.454 SPD:20.000 HDG:0.000 PX:562.200 PY:-40.000 LAN:4 BRK:0 RX_X:0.000 RX_Y:0.000 RX_Z:0.000
[ZONE-ROUTE] CID:13 zone=1 edge_port=9998
[EDGE-RTT] CID:13 wall=1.1 ms  sim_delay=5.0 ms
>>> [UAV->CLOUD] BLK:0ce8|TX:7.0.0.17|CID:13|TS:26.454|SPD:20.0|HDG:0.0|PX:562.2|PY:-40.0...
[PASSIVE-BEACON] SIMNOW:26.971 CID:17 ZONE:2 RXUAV:2 EDGEPORT:9996 TS:26.956 SPD:25.400 HDG:-0.200 PX:655.200 PY:-30.000 LAN:3 BRK:0 RX_X:0.000 RX_Y:0.000 RX_Z:0.000
[ZONE-ROUTE] CID:17 zone=1 edge_port=9998
[EDGE-RTT] CID:17 wall=1.0 ms  sim_delay=5.0 ms
>>> [UAV->CLOUD] BLK:3c0a|TX:7.0.0.21|CID:17|TS:26.956|SPD:25.4|HDG:-0.2|PX:655.2|PY:-30....
[ECON-CLAWBACK] CID:13 ACT=WARN prior_payoff=-26.1 extra_penalty=4.0 new_payoff=-30.2
[FORGIVENESS] CID:13 WARN #13 — streak reset, benefits revoked
⚠ [CAR 13] ACT=WARN REP=0.689 RWD=0.000 PNL=4.086 CREDIT=3
[ECON-CLAWBACK] CID:17 ACT=WARN prior_payoff=-78.564 extra_penalty=6.500 new_payoff=-85.166
[FORGIVENESS] CID:17 WARN #23 — streak reset, benefits revoked
⚠ [CAR 17] ACT=WARN REP=0.555 RWD=0.000 PNL=6.602 CREDIT=-2
[ATTACK-EMIT] CID:8 activeWindow=YES falsified=YES simT=27.052 realPX=606.900 fakePX=606.900 realSPD=25.000 fakeSPD=20.000 realTS=27.052 fakeTS=27.052 lane=4
[ATTACK-EMIT] CID:10 activeWindow=YES falsified=YES simT=27.064 realPX=624.160 fakePX=624.160 realSPD=15.000 fakeSPD=20.000 realTS=27.064 fakeTS=27.064 lane=1
[PASSIVE-BEACON] SIMNOW:27.066 CID:8 ZONE:2 RXUAV:2 EDGEPORT:9996 TS:27.052 SPD:20.000 HDG:0.000 PX:606.900 PY:-40.000 LAN:4 BRK:1 RX_X:0.000 RX_Y:0.000 RX_Z:0.000
[ZONE-ROUTE] CID:8 zone=1 edge_port=9998
[EDGE-RTT] CID:8 wall=1.1 ms  sim_delay=5.0 ms
>>> [UAV->CLOUD] BLK:b189|TX:7.0.0.12|CID:8|TS:27.052|SPD:20.0|HDG:0.0|PX:606.9|PY:-40.0|...
[ATTACK-EMIT] CID:2 activeWindow=YES falsified=YES simT=27.070 realPX=597.350 fakePX=572.350 realSPD=25.000 fakeSPD=22.000 realTS=27.070 fakeTS=26.570 lane=3
[PASSIVE-BEACON] SIMNOW:27.078 CID:10 ZONE:2 RXUAV:2 EDGEPORT:9996 TS:27.064 SPD:20.000 HDG:0.000 PX:624.200 PY:-10.000 LAN:1 BRK:0 RX_X:0.000 RX_Y:0.000 RX_Z:0.000
[ZONE-ROUTE] CID:10 zone=1 edge_port=9998
[EDGE-RTT] CID:10 wall=1.3 ms  sim_delay=5.0 ms
>>> [UAV->CLOUD] BLK:60e5|TX:7.0.0.14|CID:10|TS:27.064|SPD:20.0|HDG:0.0|PX:624.2|PY:-10.0...
[ECON-GATE] CID:8 probation active - suppressing OK reward 1.0
✓ [CAR 8] ACT=OK REP=0.845 RWD=0.000 PNL=0.000 CREDIT=3
[ECON-GATE] CID:10 probation active - suppressing OK reward 0.876
✓ [CAR 10] ACT=OK REP=0.758 RWD=0.000 PNL=0.000 CREDIT=1
[ATTACK-EMIT] CID:4 activeWindow=YES falsified=YES simT=27.100 realPX=578.100 fakePX=578.100 realSPD=25.000 fakeSPD=20.000 realTS=27.100 fakeTS=27.100 lane=5
[PASSIVE-BEACON] SIMNOW:27.114 CID:4 ZONE:1 RXUAV:1 EDGEPORT:9998 TS:27.100 SPD:20.000 HDG:0.000 PX:578.100 PY:-50.000 LAN:5 BRK:1 RX_X:0.000 RX_Y:0.000 RX_Z:0.000
[ZONE-ROUTE] CID:4 zone=1 edge_port=9998
[EDGE-RTT] CID:4 wall=1.1 ms  sim_delay=5.0 ms
>>> [UAV->CLOUD] BLK:43c4|TX:7.0.0.8|CID:4|TS:27.100|SPD:20.0|HDG:0.0|PX:578.1|PY:-50.0|L...
[ECON-GATE] CID:4 probation active - suppressing OK reward 1.0
✓ [CAR 4] ACT=OK REP=0.693 RWD=0.000 PNL=0.000 CREDIT=1
[PASSIVE-BEACON] SIMNOW:27.136 CID:9 ZONE:1 RXUAV:1 EDGEPORT:9998 TS:27.122 SPD:24.700 HDG:-0.400 PX:598.200 PY:-50.000 LAN:5 BRK:0 RX_X:0.000 RX_Y:0.000 RX_Z:0.000
[ZONE-ROUTE] CID:9 zone=1 edge_port=9998
[EDGE-RTT] CID:9 wall=1.1 ms  sim_delay=5.0 ms
>>> [UAV->CLOUD] BLK:f4d5|TX:7.0.0.13|CID:9|TS:27.122|SPD:24.7|HDG:-0.4|PX:598.2|PY:-50.0...
[ATTACK-EMIT] CID:18 activeWindow=YES falsified=YES simT=27.146 realPX=649.250 fakePX=649.250 realSPD=25.000 fakeSPD=20.000 realTS=27.146 fakeTS=27.146 lane=4
[ECON-CLAWBACK] CID:9 ACT=WARN prior_payoff=-29.884 extra_penalty=4.250 new_payoff=-34.234
[FORGIVENESS] CID:9 WARN #14 — streak reset, benefits revoked
⚠ [CAR 9] ACT=WARN REP=0.828 RWD=0.000 PNL=4.350 CREDIT=-2
[PASSIVE-BEACON] SIMNOW:27.156 CID:5 ZONE:2 RXUAV:2 EDGEPORT:9996 TS:27.142 SPD:15.200 HDG:0.300 PX:604.900 PY:-10.000 LAN:1 BRK:0 RX_X:0.000 RX_Y:0.000 RX_Z:0.000
[ZONE-ROUTE] CID:5 zone=1 edge_port=9998
[EDGE-RTT] CID:5 wall=1.1 ms  sim_delay=10.0 ms
>>> [UAV->CLOUD] BLK:2f59|TX:7.0.0.9|CID:5|TS:27.142|SPD:15.2|HDG:0.3|PX:604.9|PY:-10.0|L...
[PASSIVE-BEACON] SIMNOW:27.160 CID:18 ZONE:2 RXUAV:2 EDGEPORT:9996 TS:27.146 SPD:20.000 HDG:0.000 PX:649.300 PY:-40.000 LAN:4 BRK:0 RX_X:0.000 RX_Y:0.000 RX_Z:0.000
[ZONE-ROUTE] CID:18 zone=1 edge_port=9998
[EDGE-RTT] CID:18 wall=0.9 ms  sim_delay=5.0 ms
>>> [UAV->CLOUD] BLK:d764|TX:7.0.0.22|CID:18|TS:27.146|SPD:20.0|HDG:0.0|PX:649.3|PY:-40.0...
[ECON-GATE] CID:5 probation active - suppressing OK reward 1.0
✓ [CAR 5] ACT=OK REP=0.263 RWD=0.000 PNL=0.000 CREDIT=6
[ECON-GATE] CID:18 probation active - suppressing OK reward 0.876
✓ [CAR 18] ACT=OK REP=0.712 RWD=0.000 PNL=0.000 CREDIT=1
[ATTACK-EMIT] CID:7 activeWindow=YES falsified=YES simT=27.192 realPX=620.400 fakePX=620.400 realSPD=25.000 fakeSPD=20.000 realTS=27.192 fakeTS=27.192 lane=3
[PASSIVE-BEACON] SIMNOW:27.206 CID:7 ZONE:2 RXUAV:2 EDGEPORT:9996 TS:27.192 SPD:20.000 HDG:0.000 PX:620.400 PY:-30.000 LAN:3 BRK:1 RX_X:0.000 RX_Y:0.000 RX_Z:0.000
[ZONE-ROUTE] CID:7 zone=1 edge_port=9998
[EDGE-RTT] CID:7 wall=1.0 ms  sim_delay=5.0 ms
>>> [UAV->CLOUD] BLK:8106|TX:7.0.0.11|CID:7|TS:27.192|SPD:20.0|HDG:0.0|PX:620.4|PY:-30.0|...
[ATTACK-EMIT] CID:1 activeWindow=YES falsified=YES simT=27.220 realPX=596.500 fakePX=596.500 realSPD=15.000 fakeSPD=20.000 realTS=27.220 fakeTS=27.220 lane=2
[ECON-GATE] CID:7 probation active - suppressing OK reward 1.000
✓ [CAR 7] ACT=OK REP=0.637 RWD=0.000 PNL=0.000 CREDIT=4
[PASSIVE-BEACON] SIMNOW:27.234 CID:1 ZONE:1 RXUAV:1 EDGEPORT:9998 TS:27.220 SPD:20.000 HDG:0.000 PX:596.500 PY:-20.000 LAN:2 BRK:0 RX_X:0.000 RX_Y:0.000 RX_Z:0.000
[ZONE-ROUTE] CID:1 zone=1 edge_port=9998
[EDGE-RTT] CID:1 wall=1.0 ms  sim_delay=5.0 ms
>>> [UAV->CLOUD] BLK:c529|TX:7.0.0.5|CID:1|TS:27.220|SPD:20.0|HDG:0.0|PX:596.5|PY:-20.0|L...
[ATTACK-EMIT] CID:12 activeWindow=YES falsified=YES simT=27.244 realPX=641.700 fakePX=641.700 realSPD=25.000 fakeSPD=20.000 realTS=27.244 fakeTS=27.244 lane=3
[ECON-GATE] CID:1 probation active - suppressing OK reward 1.000
✓ [CAR 1] ACT=OK REP=0.610 RWD=0.000 PNL=0.000 CREDIT=4
[PASSIVE-BEACON] SIMNOW:27.258 CID:12 ZONE:2 RXUAV:2 EDGEPORT:9996 TS:27.244 SPD:20.000 HDG:0.000 PX:641.700 PY:-30.000 LAN:3 BRK:0 RX_X:0.000 RX_Y:0.000 RX_Z:0.000
[ZONE-ROUTE] CID:12 zone=1 edge_port=9998
[EDGE-RTT] CID:12 wall=1.0 ms  sim_delay=5.0 ms
>>> [UAV->CLOUD] BLK:ab16|TX:7.0.0.16|CID:12|TS:27.244|SPD:20.0|HDG:0.0|PX:641.7|PY:-30.0...
[PASSIVE-BEACON] SIMNOW:27.260 CID:15 ZONE:2 RXUAV:2 EDGEPORT:9996 TS:27.246 SPD:15.400 HDG:-1.800 PX:647.100 PY:-10.000 LAN:1 BRK:0 RX_X:0.000 RX_Y:0.000 RX_Z:0.000
[ZONE-ROUTE] CID:15 zone=1 edge_port=9998
[EDGE-RTT] CID:15 wall=1.0 ms  sim_delay=5.0 ms
>>> [UAV->CLOUD] BLK:0c94|TX:7.0.0.19|CID:15|TS:27.246|SPD:15.4|HDG:-1.8|PX:647.1|PY:-10....
[ECON-GATE] CID:12 probation active - suppressing OK reward 1.0
✓ [CAR 12] ACT=OK REP=0.755 RWD=0.000 PNL=0.000 CREDIT=0
[ECON-GATE] CID:15 probation active - suppressing OK reward 1.000
✓ [CAR 15] ACT=OK REP=0.468 RWD=0.000 PNL=0.000 CREDIT=6
[ATTACK-EMIT] CID:16 activeWindow=YES falsified=YES simT=27.286 realPX=657.490 fakePX=657.490 realSPD=15.000 fakeSPD=20.000 realTS=27.286 fakeTS=27.286 lane=2
[ATTACK-EMIT] CID:6 activeWindow=YES falsified=YES simT=27.322 realPX=618.030 fakePX=570.892 realSPD=15.000 fakeSPD=20.000 realTS=27.322 fakeTS=26.822 lane=2
[ATTACK-EMIT] CID:14 activeWindow=YES falsified=YES simT=27.334 realPX=623.950 fakePX=561.222 realSPD=25.000 fakeSPD=20.000 realTS=27.334 fakeTS=26.834 lane=5
[PASSIVE-BEACON] SIMNOW:27.335 CID:6 ZONE:1 RXUAV:1 EDGEPORT:9998 TS:26.822 SPD:20.000 HDG:0.000 PX:570.900 PY:-20.000 LAN:2 BRK:1 RX_X:0.000 RX_Y:0.000 RX_Z:0.000
[ZONE-ROUTE] CID:6 zone=1 edge_port=9998
[EDGE-RTT] CID:6 wall=1.0 ms  sim_delay=5.0 ms
>>> [UAV->CLOUD] BLK:abf3|TX:7.0.0.10|CID:6|TS:26.822|SPD:20.0|HDG:0.0|PX:570.9|PY:-20.0|...
[ECON-CLAWBACK] CID:6 ACT=WARN prior_payoff=-72.4 extra_penalty=6.2 new_payoff=-78.8
[FORGIVENESS] CID:6 WARN #22 — streak reset, benefits revoked
⚠ [CAR 6] ACT=WARN REP=0.894 RWD=0.000 PNL=6.336 CREDIT=3
[PASSIVE-BEACON] SIMNOW:27.351 CID:14 ZONE:1 RXUAV:1 EDGEPORT:9998 TS:26.834 SPD:20.000 HDG:0.000 PX:561.200 PY:-50.000 LAN:5 BRK:0 RX_X:0.000 RX_Y:0.000 RX_Z:0.000
[ZONE-ROUTE] CID:14 zone=1 edge_port=9998
[EDGE-RTT] CID:14 wall=1.1 ms  sim_delay=5.0 ms
>>> [UAV->CLOUD] BLK:4f7e|TX:7.0.0.18|CID:14|TS:26.834|SPD:20.0|HDG:0.0|PX:561.2|PY:-50.0...
[ECON-CLAWBACK] CID:14 ACT=WARN prior_payoff=-15.0 extra_penalty=3.2 new_payoff=-18.3
[FORGIVENESS] CID:14 WARN #10 — streak reset, benefits revoked
⚠ [CAR 14] ACT=WARN REP=0.541 RWD=0.000 PNL=3.331 CREDIT=3
[ATTACK-EMIT] CID:0 activeWindow=YES falsified=YES simT=27.410 realPX=589.350 fakePX=589.350 realSPD=15.000 fakeSPD=20.000 realTS=27.410 fakeTS=27.410 lane=1
[PASSIVE-BEACON] SIMNOW:27.428 CID:11 ZONE:2 RXUAV:2 EDGEPORT:9996 TS:27.414 SPD:14.700 HDG:1.700 PX:639.300 PY:-20.000 LAN:2 BRK:0 RX_X:0.000 RX_Y:0.000 RX_Z:0.000
[ZONE-ROUTE] CID:11 zone=1 edge_port=9998
[EDGE-RTT] CID:11 wall=0.9 ms  sim_delay=5.0 ms
>>> [UAV->CLOUD] BLK:aa19|TX:7.0.0.15|CID:11|TS:27.414|SPD:14.7|HDG:1.7|PX:639.3|PY:-20.0...
[ECON-GATE] CID:11 probation active - suppressing OK reward 1.0
✓ [CAR 11] ACT=OK REP=0.701 RWD=0.000 PNL=0.000 CREDIT=3
[ATTACK-EMIT] CID:13 activeWindow=YES falsified=YES simT=27.454 realPX=636.950 fakePX=636.950 realSPD=25.000 fakeSPD=20.000 realTS=27.454 fakeTS=27.454 lane=4
[PASSIVE-BEACON] SIMNOW:27.468 CID:13 ZONE:2 RXUAV:2 EDGEPORT:9996 TS:27.454 SPD:20.000 HDG:0.000 PX:637.000 PY:-40.000 LAN:4 BRK:0 RX_X:0.000 RX_Y:0.000 RX_Z:0.000
[ZONE-ROUTE] CID:13 zone=1 edge_port=9998
[EDGE-RTT] CID:13 wall=0.6 ms  sim_delay=5.0 ms
>>> [UAV->CLOUD] BLK:65cf|TX:7.0.0.17|CID:13|TS:27.454|SPD:20.0|HDG:0.0|PX:637.0|PY:-40.0...
[PASSIVE-BEACON] SIMNOW:27.469 CID:17 ZONE:2 RXUAV:2 EDGEPORT:9996 TS:27.456 SPD:25.000 HDG:1.900 PX:666.400 PY:-30.000 LAN:3 BRK:0 RX_X:0.000 RX_Y:0.000 RX_Z:0.000
[ZONE-ROUTE] CID:17 zone=1 edge_port=9998
[EDGE-RTT] CID:17 wall=3.1 ms  sim_delay=5.0 ms
>>> [UAV->CLOUD] BLK:c946|TX:7.0.0.21|CID:17|TS:27.456|SPD:25.0|HDG:1.9|PX:666.4|PY:-30.0...
[ECON-GATE] CID:13 probation active - suppressing OK reward 1.0
✓ [CAR 13] ACT=OK REP=0.804 RWD=0.000 PNL=0.000 CREDIT=0
[ECON-CLAWBACK] CID:17 ACT=WARN prior_payoff=-85.166 extra_penalty=6.750 new_payoff=-92.017
[FORGIVENESS] CID:17 WARN #24 — streak reset, benefits revoked
⚠ [CAR 17] ACT=WARN REP=0.420 RWD=0.000 PNL=6.851 CREDIT=-2
[ATTACK-EMIT] CID:8 activeWindow=YES falsified=YES simT=27.552 realPX=619.400 fakePX=619.400 realSPD=25.000 fakeSPD=20.000 realTS=27.552 fakeTS=27.552 lane=4
[ATTACK-EMIT] CID:10 activeWindow=YES falsified=YES simT=27.564 realPX=631.660 fakePX=569.490 realSPD=15.000 fakeSPD=20.000 realTS=27.564 fakeTS=27.064 lane=1
[PASSIVE-BEACON] SIMNOW:27.566 CID:8 ZONE:2 RXUAV:2 EDGEPORT:9996 TS:27.552 SPD:20.000 HDG:0.000 PX:619.400 PY:-40.000 LAN:4 BRK:0 RX_X:0.000 RX_Y:0.000 RX_Z:0.000
[ZONE-ROUTE] CID:8 zone=1 edge_port=9998
[EDGE-RTT] CID:8 wall=1.1 ms  sim_delay=5.0 ms
>>> [UAV->CLOUD] BLK:372a|TX:7.0.0.12|CID:8|TS:27.552|SPD:20.0|HDG:0.0|PX:619.4|PY:-40.0|...
[ATTACK-EMIT] CID:2 activeWindow=YES falsified=YES simT=27.570 realPX=609.850 fakePX=609.850 realSPD=25.000 fakeSPD=20.000 realTS=27.570 fakeTS=27.570 lane=3
[PASSIVE-BEACON] SIMNOW:27.578 CID:10 ZONE:1 RXUAV:1 EDGEPORT:9998 TS:27.064 SPD:20.000 HDG:0.000 PX:569.500 PY:-10.000 LAN:1 BRK:1 RX_X:0.000 RX_Y:0.000 RX_Z:0.000
[ZONE-ROUTE] CID:10 zone=1 edge_port=9998
[EDGE-RTT] CID:10 wall=1.0 ms  sim_delay=5.0 ms
[NASH-GATE] CID:10 p=0.4 p*=0.3 rho_hat=0.3 Nash=BAN windowHits=1/4 -> WARN (pending confirmation)
[ECON-GATE] CID:8 probation active - suppressing OK reward 1.0
✓ [CAR 8] ACT=OK REP=0.541 RWD=0.000 PNL=0.000 CREDIT=4
[ECON-CLAWBACK] CID:10 ACT=WARN prior_payoff=-85.554 extra_penalty=6.750 new_payoff=-92.498
[FORGIVENESS] CID:10 WARN #24 — streak reset, benefits revoked
⚠ [CAR 10] ACT=WARN REP=0.236 RWD=0.000 PNL=6.944 CREDIT=0
[ATTACK-EMIT] CID:4 activeWindow=YES falsified=YES simT=27.600 realPX=590.600 fakePX=565.408 realSPD=25.000 fakeSPD=20.000 realTS=27.600 fakeTS=27.100 lane=5
[PASSIVE-BEACON] SIMNOW:27.614 CID:4 ZONE:1 RXUAV:1 EDGEPORT:9998 TS:27.100 SPD:20.000 HDG:0.000 PX:565.400 PY:-50.000 LAN:5 BRK:0 RX_X:0.000 RX_Y:0.000 RX_Z:0.000
[ZONE-ROUTE] CID:4 zone=1 edge_port=9998
[EDGE-RTT] CID:4 wall=0.9 ms  sim_delay=5.0 ms
>>> [UAV->CLOUD] BLK:e9ca|TX:7.0.0.8|CID:4|TS:27.100|SPD:20.0|HDG:0.0|PX:565.4|PY:-50.0|L...
[ECON-GATE] CID:4 probation active - suppressing OK reward 0.9
✓ [CAR 4] ACT=OK REP=0.765 RWD=0.000 PNL=0.000 CREDIT=2
[PASSIVE-BEACON] SIMNOW:27.636 CID:9 ZONE:2 RXUAV:2 EDGEPORT:9996 TS:27.622 SPD:25.000 HDG:-1.600 PX:611.100 PY:-50.000 LAN:5 BRK:1 RX_X:0.000 RX_Y:0.000 RX_Z:0.000
[ZONE-ROUTE] CID:9 zone=1 edge_port=9998
[EDGE-RTT] CID:9 wall=1.0 ms  sim_delay=5.0 ms
>>> [UAV->CLOUD] BLK:a567|TX:7.0.0.13|CID:9|TS:27.622|SPD:25.0|HDG:-1.6|PX:611.1|PY:-50.0...
[ATTACK-EMIT] CID:18 activeWindow=YES falsified=YES simT=27.646 realPX=661.750 fakePX=561.960 realSPD=25.000 fakeSPD=20.000 realTS=27.646 fakeTS=27.146 lane=4
[ECON-CLAWBACK] CID:9 ACT=WARN prior_payoff=-34.234 extra_penalty=4.500 new_payoff=-38.835
[FORGIVENESS] CID:9 WARN #15 — streak reset, benefits revoked
⚠ [CAR 9] ACT=WARN REP=0.576 RWD=0.000 PNL=4.601 CREDIT=-2
[PASSIVE-BEACON] SIMNOW:27.656 CID:5 ZONE:2 RXUAV:2 EDGEPORT:9996 TS:27.642 SPD:14.700 HDG:-1.100 PX:613.500 PY:-10.000 LAN:1 BRK:0 RX_X:0.000 RX_Y:0.000 RX_Z:0.000
[ZONE-ROUTE] CID:5 zone=1 edge_port=9998
[EDGE-RTT] CID:5 wall=0.8 ms  sim_delay=10.0 ms
>>> [UAV->CLOUD] BLK:b8de|TX:7.0.0.9|CID:5|TS:27.642|SPD:14.7|HDG:-1.1|PX:613.5|PY:-10.0|...
[PASSIVE-BEACON] SIMNOW:27.660 CID:18 ZONE:1 RXUAV:1 EDGEPORT:9998 TS:27.146 SPD:20.000 HDG:0.000 PX:562.000 PY:-40.000 LAN:4 BRK:0 RX_X:0.000 RX_Y:0.000 RX_Z:0.000
[ZONE-ROUTE] CID:18 zone=1 edge_port=9998
[EDGE-RTT] CID:18 wall=0.9 ms  sim_delay=5.0 ms
[NASH-GATE] CID:18 p=0.4 p*=0.3 rho_hat=0.3 Nash=BAN windowHits=1/4 -> WARN (pending confirmation)
[ECON-GATE] CID:5 probation active - suppressing OK reward 1.0
✓ [CAR 5] ACT=OK REP=0.462 RWD=0.000 PNL=0.000 CREDIT=7
[ECON-CLAWBACK] CID:18 ACT=WARN prior_payoff=-26.065 extra_penalty=4.000 new_payoff=-30.258
[FORGIVENESS] CID:18 WARN #13 — streak reset, benefits revoked
⚠ [CAR 18] ACT=WARN REP=0.645 RWD=0.000 PNL=4.193 CREDIT=0
[ATTACK-EMIT] CID:7 activeWindow=YES falsified=YES simT=27.692 realPX=632.900 fakePX=570.682 realSPD=25.000 fakeSPD=20.000 realTS=27.692 fakeTS=27.192 lane=3
[PASSIVE-BEACON] SIMNOW:27.706 CID:7 ZONE:1 RXUAV:1 EDGEPORT:9998 TS:27.192 SPD:20.000 HDG:0.000 PX:570.700 PY:-30.000 LAN:3 BRK:1 RX_X:0.000 RX_Y:0.000 RX_Z:0.000
[ZONE-ROUTE] CID:7 zone=1 edge_port=9998
[EDGE-RTT] CID:7 wall=0.9 ms  sim_delay=5.0 ms
>>> [UAV->CLOUD] BLK:aad0|TX:7.0.0.11|CID:7|TS:27.192|SPD:20.0|HDG:0.0|PX:570.7|PY:-30.0|...
[ATTACK-EMIT] CID:1 activeWindow=YES falsified=YES simT=27.720 realPX=604.000 fakePX=561.142 realSPD=15.000 fakeSPD=20.000 realTS=27.720 fakeTS=27.220 lane=2
[ECON-CLAWBACK] CID:7 ACT=WARN prior_payoff=-54.681 extra_penalty=5.500 new_payoff=-60.262
[FORGIVENESS] CID:7 WARN #19 — streak reset, benefits revoked
⚠ [CAR 7] ACT=WARN REP=0.919 RWD=0.000 PNL=5.581 CREDIT=3
[PASSIVE-BEACON] SIMNOW:27.734 CID:1 ZONE:1 RXUAV:1 EDGEPORT:9998 TS:27.220 SPD:20.000 HDG:0.000 PX:561.100 PY:-20.000 LAN:2 BRK:0 RX_X:0.000 RX_Y:0.000 RX_Z:0.000
[ZONE-ROUTE] CID:1 zone=1 edge_port=9998
[EDGE-RTT] CID:1 wall=0.8 ms  sim_delay=5.0 ms
>>> [UAV->CLOUD] BLK:c01c|TX:7.0.0.5|CID:1|TS:27.220|SPD:20.0|HDG:0.0|PX:561.1|PY:-20.0|L...
[ATTACK-EMIT] CID:12 activeWindow=YES falsified=YES simT=27.744 realPX=654.200 fakePX=654.200 realSPD=25.000 fakeSPD=20.000 realTS=27.744 fakeTS=27.744 lane=3
[ECON-CLAWBACK] CID:1 ACT=WARN prior_payoff=-78.779 extra_penalty=6.500 new_payoff=-85.360
[FORGIVENESS] CID:1 WARN #23 — streak reset, benefits revoked
⚠ [CAR 1] ACT=WARN REP=0.422 RWD=0.000 PNL=6.581 CREDIT=3
[PASSIVE-BEACON] SIMNOW:27.758 CID:12 ZONE:2 RXUAV:2 EDGEPORT:9996 TS:27.744 SPD:20.000 HDG:0.000 PX:654.200 PY:-30.000 LAN:3 BRK:0 RX_X:0.000 RX_Y:0.000 RX_Z:0.000
[ZONE-ROUTE] CID:12 zone=1 edge_port=9998
[EDGE-RTT] CID:12 wall=1.0 ms  sim_delay=5.0 ms
>>> [UAV->CLOUD] BLK:4100|TX:7.0.0.16|CID:12|TS:27.744|SPD:20.0|HDG:0.0|PX:654.2|PY:-30.0...
[PASSIVE-BEACON] SIMNOW:27.763 CID:15 ZONE:2 RXUAV:2 EDGEPORT:9996 TS:27.746 SPD:15.100 HDG:1.200 PX:653.800 PY:-10.000 LAN:1 BRK:0 RX_X:0.000 RX_Y:0.000 RX_Z:0.000
[ZONE-ROUTE] CID:15 zone=1 edge_port=9998
[EDGE-RTT] CID:15 wall=0.9 ms  sim_delay=5.0 ms
>>> [UAV->CLOUD] BLK:8ba2|TX:7.0.0.19|CID:15|TS:27.746|SPD:15.1|HDG:1.2|PX:653.8|PY:-10.0...
[ECON-GATE] CID:12 probation active - suppressing OK reward 0.9
✓ [CAR 12] ACT=OK REP=0.652 RWD=0.000 PNL=0.000 CREDIT=1
[ECON-GATE] CID:15 probation active - suppressing OK reward 1.000
✓ [CAR 15] ACT=OK REP=0.345 RWD=0.000 PNL=0.000 CREDIT=7
[ATTACK-EMIT] CID:16 activeWindow=YES falsified=YES simT=27.786 realPX=664.990 fakePX=664.990 realSPD=15.000 fakeSPD=20.000 realTS=27.786 fakeTS=27.786 lane=2
[ATTACK-EMIT] CID:6 activeWindow=YES falsified=YES simT=27.822 realPX=625.530 fakePX=625.530 realSPD=15.000 fakeSPD=20.000 realTS=27.822 fakeTS=27.822 lane=2
[ATTACK-EMIT] CID:14 activeWindow=YES falsified=YES simT=27.834 realPX=636.450 fakePX=636.450 realSPD=25.000 fakeSPD=20.000 realTS=27.834 fakeTS=27.834 lane=5
[PASSIVE-BEACON] SIMNOW:27.836 CID:6 ZONE:2 RXUAV:2 EDGEPORT:9996 TS:27.822 SPD:20.000 HDG:0.000 PX:625.500 PY:-20.000 LAN:2 BRK:0 RX_X:0.000 RX_Y:0.000 RX_Z:0.000
[ZONE-ROUTE] CID:6 zone=1 edge_port=9998
[EDGE-RTT] CID:6 wall=1.0 ms  sim_delay=5.0 ms
>>> [UAV->CLOUD] BLK:3b92|TX:7.0.0.10|CID:6|TS:27.822|SPD:20.0|HDG:0.0|PX:625.5|PY:-20.0|...
[PASSIVE-BEACON] SIMNOW:27.848 CID:14 ZONE:2 RXUAV:2 EDGEPORT:9996 TS:27.834 SPD:20.000 HDG:0.000 PX:636.500 PY:-50.000 LAN:5 BRK:0 RX_X:0.000 RX_Y:0.000 RX_Z:0.000
[ZONE-ROUTE] CID:14 zone=1 edge_port=9998
[EDGE-RTT] CID:14 wall=0.9 ms  sim_delay=5.0 ms
>>> [UAV->CLOUD] BLK:35b5|TX:7.0.0.18|CID:14|TS:27.834|SPD:20.0|HDG:0.0|PX:636.5|PY:-50.0...
[ECON-GATE] CID:6 probation active - suppressing OK reward 1.0
✓ [CAR 6] ACT=OK REP=0.578 RWD=0.000 PNL=0.000 CREDIT=0
[ECON-GATE] CID:14 probation active - suppressing OK reward 0.960
✓ [CAR 14] ACT=OK REP=0.864 RWD=0.000 PNL=0.000 CREDIT=0
[ATTACK-EMIT] CID:0 activeWindow=YES falsified=YES simT=27.910 realPX=596.850 fakePX=596.850 realSPD=15.000 fakeSPD=20.000 realTS=27.910 fakeTS=27.910 lane=1
[PASSIVE-BEACON] SIMNOW:27.928 CID:11 ZONE:2 RXUAV:2 EDGEPORT:9996 TS:27.914 SPD:14.500 HDG:-1.400 PX:647.600 PY:-20.000 LAN:2 BRK:0 RX_X:0.000 RX_Y:0.000 RX_Z:0.000
[ZONE-ROUTE] CID:11 zone=1 edge_port=9998
[EDGE-RTT] CID:11 wall=1.0 ms  sim_delay=5.0 ms
>>> [UAV->CLOUD] BLK:9a37|TX:7.0.0.15|CID:11|TS:27.914|SPD:14.5|HDG:-1.4|PX:647.6|PY:-20....
[ECON-GATE] CID:11 probation active - suppressing OK reward 1.0
✓ [CAR 11] ACT=OK REP=0.319 RWD=0.000 PNL=0.000 CREDIT=4
[ATTACK-EMIT] CID:13 activeWindow=YES falsified=YES simT=27.954 realPX=649.450 fakePX=649.450 realSPD=25.000 fakeSPD=20.000 realTS=27.954 fakeTS=27.954 lane=4
[PASSIVE-BEACON] SIMNOW:27.968 CID:13 ZONE:2 RXUAV:2 EDGEPORT:9996 TS:27.954 SPD:20.000 HDG:0.000 PX:649.500 PY:-40.000 LAN:4 BRK:1 RX_X:0.000 RX_Y:0.000 RX_Z:0.000
[ZONE-ROUTE] CID:13 zone=1 edge_port=9998
[EDGE-RTT] CID:13 wall=1.1 ms  sim_delay=5.0 ms
>>> [UAV->CLOUD] BLK:f8b0|TX:7.0.0.17|CID:13|TS:27.954|SPD:20.0|HDG:0.0|PX:649.5|PY:-40.0...
[PASSIVE-BEACON] SIMNOW:27.971 CID:17 ZONE:2 RXUAV:2 EDGEPORT:9996 TS:27.956 SPD:15.400 HDG:0.400 PX:678.100 PY:-30.000 LAN:3 BRK:0 RX_X:0.000 RX_Y:0.000 RX_Z:0.000
[ZONE-ROUTE] CID:17 zone=1 edge_port=9998
[EDGE-RTT] CID:17 wall=0.6 ms  sim_delay=5.0 ms
>>> [UAV->CLOUD] BLK:95ba|TX:7.0.0.21|CID:17|TS:27.956|SPD:15.4|HDG:0.4|PX:678.1|PY:-30.0...
[ECON-GATE] CID:13 probation active - suppressing OK reward 0.9
✓ [CAR 13] ACT=OK REP=0.678 RWD=0.000 PNL=0.000 CREDIT=1
[ECON-GATE] CID:17 probation active - suppressing OK reward 0.988
✓ [CAR 17] ACT=OK REP=0.647 RWD=0.000 PNL=0.000 CREDIT=0
[ATTACK-EMIT] CID:8 activeWindow=YES falsified=YES simT=28.052 realPX=631.900 fakePX=569.694 realSPD=25.000 fakeSPD=20.000 realTS=28.052 fakeTS=27.552 lane=4
[ATTACK-EMIT] CID:10 activeWindow=YES falsified=YES simT=28.064 realPX=639.160 fakePX=639.160 realSPD=15.000 fakeSPD=20.000 realTS=28.064 fakeTS=28.064 lane=1
[PASSIVE-BEACON] SIMNOW:28.066 CID:8 ZONE:1 RXUAV:1 EDGEPORT:9998 TS:27.552 SPD:20.000 HDG:0.000 PX:569.700 PY:-40.000 LAN:4 BRK:0 RX_X:0.000 RX_Y:0.000 RX_Z:0.000
[ZONE-ROUTE] CID:8 zone=1 edge_port=9998
[EDGE-RTT] CID:8 wall=1.2 ms  sim_delay=5.0 ms
>>> [UAV->CLOUD] BLK:b414|TX:7.0.0.12|CID:8|TS:27.552|SPD:20.0|HDG:0.0|PX:569.7|PY:-40.0|...
[ATTACK-EMIT] CID:2 activeWindow=YES falsified=YES simT=28.070 realPX=619.250 fakePX=619.250 realSPD=15.000 fakeSPD=20.000 realTS=28.070 fakeTS=28.070 lane=3
[PASSIVE-BEACON] SIMNOW:28.078 CID:10 ZONE:2 RXUAV:2 EDGEPORT:9996 TS:28.064 SPD:20.000 HDG:0.000 PX:639.200 PY:-10.000 LAN:1 BRK:0 RX_X:0.000 RX_Y:0.000 RX_Z:0.000
[ZONE-ROUTE] CID:10 zone=1 edge_port=9998
[EDGE-RTT] CID:10 wall=0.8 ms  sim_delay=5.0 ms
[NASH-GATE] CID:10 p=1.000 p*=0.335 rho_hat=0.321 streak=2 windowHits=2/4 EU_ban=1.500 -> CONFIRMED BAN (SLOW_LANE punishment sent)
[ECON-CLAWBACK] CID:8 ACT=WARN prior_payoff=-34.475 extra_penalty=4.500 new_payoff=-39.056
[FORGIVENESS] CID:8 WARN #15 — streak reset, benefits revoked
⚠ [CAR 8] ACT=WARN REP=0.865 RWD=0.000 PNL=4.581 CREDIT=3
[ECON-CLAWBACK] CID:10 ACT=BAN prior_payoff=-92.498 extra_penalty=5.000 new_payoff=-97.998
[FORGIVENESS] CID:10 BAN#1 excused (first confirmed offence) honest_wins=0 (preserved)
[BAN-PUNISH] CID:10 SLOW_LANE EXILE → LAN=99 speed=20.000 m/s  return_threshold=60
✗ [CAR 10] ACT=BAN REP=0.433 RWD=0.000 PNL=5.500 CREDIT=-8
[ATTACK-EMIT] CID:4 activeWindow=YES falsified=YES simT=28.100 realPX=603.100 fakePX=603.100 realSPD=25.000 fakeSPD=20.000 realTS=28.100 fakeTS=28.100 lane=5
[PASSIVE-BEACON] SIMNOW:28.117 CID:4 ZONE:2 RXUAV:2 EDGEPORT:9996 TS:28.100 SPD:20.000 HDG:0.000 PX:603.100 PY:-50.000 LAN:5 BRK:0 RX_X:0.000 RX_Y:0.000 RX_Z:0.000
[ZONE-ROUTE] CID:4 zone=1 edge_port=9998
[EDGE-RTT] CID:4 wall=1.2 ms  sim_delay=5.0 ms
>>> [UAV->CLOUD] BLK:1219|TX:7.0.0.8|CID:4|TS:28.100|SPD:20.0|HDG:0.0|PX:603.1|PY:-50.0|L...
[ECON-GATE] CID:4 probation active - suppressing OK reward 1.0
✓ [CAR 4] ACT=OK REP=0.773 RWD=0.000 PNL=0.000 CREDIT=3
[PASSIVE-BEACON] SIMNOW:28.136 CID:9 ZONE:2 RXUAV:2 EDGEPORT:9996 TS:28.122 SPD:25.200 HDG:-0.700 PX:623.900 PY:-50.000 LAN:5 BRK:0 RX_X:0.000 RX_Y:0.000 RX_Z:0.000
[ZONE-ROUTE] CID:9 zone=1 edge_port=9998
[EDGE-RTT] CID:9 wall=0.9 ms  sim_delay=5.0 ms
>>> [UAV->CLOUD] BLK:f791|TX:7.0.0.13|CID:9|TS:28.122|SPD:25.2|HDG:-0.7|PX:623.9|PY:-50.0...
[ATTACK-EMIT] CID:18 activeWindow=YES falsified=YES simT=28.146 realPX=674.250 fakePX=674.250 realSPD=25.000 fakeSPD=20.000 realTS=28.146 fakeTS=28.146 lane=4
[ECON-CLAWBACK] CID:9 ACT=WARN prior_payoff=-38.835 extra_penalty=4.750 new_payoff=-43.687
[FORGIVENESS] CID:9 WARN #16 — streak reset, benefits revoked
⚠ [CAR 9] ACT=WARN REP=0.741 RWD=0.000 PNL=4.852 CREDIT=-2
[PASSIVE-BEACON] SIMNOW:28.157 CID:5 ZONE:2 RXUAV:2 EDGEPORT:9996 TS:28.142 SPD:14.500 HDG:0.500 PX:620.300 PY:-10.000 LAN:1 BRK:1 RX_X:0.000 RX_Y:0.000 RX_Z:0.000
[ZONE-ROUTE] CID:5 zone=1 edge_port=9998
[EDGE-RTT] CID:5 wall=0.9 ms  sim_delay=10.0 ms
>>> [UAV->CLOUD] BLK:3f2c|TX:7.0.0.9|CID:5|TS:28.142|SPD:14.5|HDG:0.5|PX:620.3|PY:-10.0|L...
[PASSIVE-BEACON] SIMNOW:28.160 CID:18 ZONE:2 RXUAV:2 EDGEPORT:9996 TS:28.146 SPD:20.000 HDG:0.000 PX:674.300 PY:-40.000 LAN:4 BRK:0 RX_X:0.000 RX_Y:0.000 RX_Z:0.000
[ZONE-ROUTE] CID:18 zone=1 edge_port=9998
[EDGE-RTT] CID:18 wall=0.8 ms  sim_delay=5.0 ms
[NASH-GATE] CID:18 p=1.000 p*=0.335 rho_hat=0.323 streak=2 windowHits=2/4 EU_ban=1.500 -> CONFIRMED BAN (SLOW_LANE punishment sent)
[ECON-GATE] CID:5 probation active - suppressing OK reward 1.000
✓ [CAR 5] ACT=OK REP=0.496 RWD=0.000 PNL=0.000 CREDIT=8
[ECON-CLAWBACK] CID:18 ACT=BAN prior_payoff=-30.258 extra_penalty=5.000 new_payoff=-35.758
[FORGIVENESS] CID:18 BAN#1 excused (first confirmed offence) honest_wins=0 (preserved)
[BAN-PUNISH] CID:18 SLOW_LANE EXILE → LAN=99 speed=20.000 m/s  return_threshold=60
✗ [CAR 18] ACT=BAN REP=0.598 RWD=0.000 PNL=5.500 CREDIT=-8
[ATTACK-EMIT] CID:7 activeWindow=YES falsified=YES simT=28.192 realPX=641.080 fakePX=641.080 realSPD=15.000 fakeSPD=20.000 realTS=28.192 fakeTS=28.192 lane=3
[PASSIVE-BEACON] SIMNOW:28.206 CID:7 ZONE:2 RXUAV:2 EDGEPORT:9996 TS:28.192 SPD:20.000 HDG:0.000 PX:641.100 PY:-30.000 LAN:3 BRK:0 RX_X:0.000 RX_Y:0.000 RX_Z:0.000
[ZONE-ROUTE] CID:7 zone=1 edge_port=9998
[EDGE-RTT] CID:7 wall=1.1 ms  sim_delay=5.0 ms
>>> [UAV->CLOUD] BLK:844e|TX:7.0.0.11|CID:7|TS:28.192|SPD:20.0|HDG:0.0|PX:641.1|PY:-30.0|...
[ATTACK-EMIT] CID:1 activeWindow=YES falsified=YES simT=28.220 realPX=611.500 fakePX=611.500 realSPD=15.000 fakeSPD=20.000 realTS=28.220 fakeTS=28.220 lane=2
[ECON-GATE] CID:7 probation active - suppressing OK reward 0.969
✓ [CAR 7] ACT=OK REP=0.622 RWD=0.000 PNL=0.000 CREDIT=0
[PASSIVE-BEACON] SIMNOW:28.234 CID:1 ZONE:2 RXUAV:2 EDGEPORT:9996 TS:28.220 SPD:20.000 HDG:0.000 PX:611.500 PY:-20.000 LAN:2 BRK:0 RX_X:0.000 RX_Y:0.000 RX_Z:0.000
[ZONE-ROUTE] CID:1 zone=1 edge_port=9998
[EDGE-RTT] CID:1 wall=0.9 ms  sim_delay=5.0 ms
>>> [UAV->CLOUD] BLK:1180|TX:7.0.0.5|CID:1|TS:28.220|SPD:20.0|HDG:0.0|PX:611.5|PY:-20.0|L...
[ATTACK-EMIT] CID:12 activeWindow=YES falsified=YES simT=28.244 realPX=661.860 fakePX=566.814 realSPD=15.000 fakeSPD=20.000 realTS=28.244 fakeTS=27.744 lane=3
[ECON-GATE] CID:1 probation active - suppressing OK reward 0.969
✓ [CAR 1] ACT=OK REP=0.728 RWD=0.000 PNL=0.000 CREDIT=0
[PASSIVE-BEACON] SIMNOW:28.258 CID:12 ZONE:1 RXUAV:1 EDGEPORT:9998 TS:27.744 SPD:20.000 HDG:0.000 PX:566.800 PY:-30.000 LAN:3 BRK:1 RX_X:0.000 RX_Y:0.000 RX_Z:0.000
[ZONE-ROUTE] CID:12 zone=1 edge_port=9998
[EDGE-RTT] CID:12 wall=1.1 ms  sim_delay=5.0 ms
[NASH-GATE] CID:12 p=0.4 p*=0.3 rho_hat=0.3 Nash=BAN windowHits=1/4 -> WARN (pending confirmation)
[PASSIVE-BEACON] SIMNOW:28.260 CID:15 ZONE:2 RXUAV:2 EDGEPORT:9996 TS:28.246 SPD:15.500 HDG:-1.700 PX:661.800 PY:-10.000 LAN:1 BRK:0 RX_X:0.000 RX_Y:0.000 RX_Z:0.000
[ZONE-ROUTE] CID:15 zone=1 edge_port=9998
[EDGE-RTT] CID:15 wall=0.7 ms  sim_delay=5.0 ms
>>> [UAV->CLOUD] BLK:4d21|TX:7.0.0.19|CID:15|TS:28.246|SPD:15.5|HDG:-1.7|PX:661.8|PY:-10....
[ECON-CLAWBACK] CID:12 ACT=WARN prior_payoff=-44.1 extra_penalty=5.0 new_payoff=-49.3
[FORGIVENESS] CID:12 WARN #17 — streak reset, benefits revoked
⚠ [CAR 12] ACT=WARN REP=0.619 RWD=0.000 PNL=5.194 CREDIT=0
[ECON-GATE] CID:15 probation active - suppressing OK reward 1.000
✓ [CAR 15] ACT=OK REP=0.616 RWD=0.000 PNL=0.000 CREDIT=8
[ATTACK-EMIT] CID:16 activeWindow=YES falsified=YES simT=28.286 realPX=672.490 fakePX=559.998 realSPD=15.000 fakeSPD=22.000 realTS=28.286 fakeTS=27.786 lane=2
[ATTACK-EMIT] CID:6 activeWindow=YES falsified=YES simT=28.322 realPX=633.030 fakePX=633.030 realSPD=15.000 fakeSPD=20.000 realTS=28.322 fakeTS=28.322 lane=2
[ATTACK-EMIT] CID:14 activeWindow=YES falsified=YES simT=28.334 realPX=648.950 fakePX=648.950 realSPD=25.000 fakeSPD=20.000 realTS=28.334 fakeTS=28.334 lane=5
[PASSIVE-BEACON] SIMNOW:28.336 CID:6 ZONE:2 RXUAV:2 EDGEPORT:9996 TS:28.322 SPD:20.000 HDG:0.000 PX:633.000 PY:-20.000 LAN:2 BRK:1 RX_X:0.000 RX_Y:0.000 RX_Z:0.000
[ZONE-ROUTE] CID:6 zone=1 edge_port=9998
[EDGE-RTT] CID:6 wall=1.2 ms  sim_delay=5.0 ms
>>> [UAV->CLOUD] BLK:263e|TX:7.0.0.10|CID:6|TS:28.322|SPD:20.0|HDG:0.0|PX:633.0|PY:-20.0|...
[PASSIVE-BEACON] SIMNOW:28.348 CID:14 ZONE:2 RXUAV:2 EDGEPORT:9996 TS:28.334 SPD:20.000 HDG:0.000 PX:649.000 PY:-50.000 LAN:5 BRK:0 RX_X:0.000 RX_Y:0.000 RX_Z:0.000
[ZONE-ROUTE] CID:14 zone=1 edge_port=9998
[EDGE-RTT] CID:14 wall=0.8 ms  sim_delay=5.0 ms
>>> [UAV->CLOUD] BLK:8552|TX:7.0.0.18|CID:14|TS:28.334|SPD:20.0|HDG:0.0|PX:649.0|PY:-50.0...
[ECON-GATE] CID:6 probation active - suppressing OK reward 0.9
✓ [CAR 6] ACT=OK REP=0.639 RWD=0.000 PNL=0.000 CREDIT=1
[ECON-GATE] CID:14 probation active - suppressing OK reward 0.876
✓ [CAR 14] ACT=OK REP=0.970 RWD=0.000 PNL=0.000 CREDIT=1
[ATTACK-EMIT] CID:0 activeWindow=YES falsified=YES simT=28.410 realPX=604.350 fakePX=566.730 realSPD=15.000 fakeSPD=22.000 realTS=28.410 fakeTS=27.910 lane=1
[PASSIVE-BEACON] SIMNOW:28.428 CID:11 ZONE:2 RXUAV:2 EDGEPORT:9996 TS:28.414 SPD:15.000 HDG:0.600 PX:654.100 PY:-20.000 LAN:2 BRK:0 RX_X:0.000 RX_Y:0.000 RX_Z:0.000
[ZONE-ROUTE] CID:11 zone=1 edge_port=9998
[EDGE-RTT] CID:11 wall=1.1 ms  sim_delay=5.0 ms
>>> [UAV->CLOUD] BLK:1241|TX:7.0.0.15|CID:11|TS:28.414|SPD:15.0|HDG:0.6|PX:654.1|PY:-20.0...
[ECON-GATE] CID:11 probation active - suppressing OK reward 1.0
✓ [CAR 11] ACT=OK REP=0.434 RWD=0.000 PNL=0.000 CREDIT=5
[ATTACK-EMIT] CID:13 activeWindow=YES falsified=YES simT=28.454 realPX=661.950 fakePX=562.052 realSPD=25.000 fakeSPD=20.000 realTS=28.454 fakeTS=27.954 lane=4
[PASSIVE-BEACON] SIMNOW:28.468 CID:13 ZONE:1 RXUAV:1 EDGEPORT:9998 TS:27.954 SPD:20.000 HDG:0.000 PX:562.100 PY:-40.000 LAN:4 BRK:0 RX_X:0.000 RX_Y:0.000 RX_Z:0.000
[ZONE-ROUTE] CID:13 zone=1 edge_port=9998
[EDGE-RTT] CID:13 wall=0.8 ms  sim_delay=5.0 ms
[NASH-GATE] CID:13 p=0.4 p*=0.3 rho_hat=0.3 Nash=BAN windowHits=1/4 -> WARN (pending confirmation)
[PASSIVE-BEACON] SIMNOW:28.473 CID:17 ZONE:2 RXUAV:2 EDGEPORT:9996 TS:28.456 SPD:15.100 HDG:-0.900 PX:685.700 PY:-30.000 LAN:3 BRK:0 RX_X:0.000 RX_Y:0.000 RX_Z:0.000
[ZONE-ROUTE] CID:17 zone=1 edge_port=9998
[EDGE-RTT] CID:17 wall=1.0 ms  sim_delay=5.0 ms
>>> [UAV->CLOUD] BLK:106d|TX:7.0.0.21|CID:17|TS:28.456|SPD:15.1|HDG:-0.9|PX:685.7|PY:-30....
[ECON-CLAWBACK] CID:13 ACT=WARN prior_payoff=-30.2 extra_penalty=4.2 new_payoff=-34.6
[FORGIVENESS] CID:13 WARN #14 — streak reset, benefits revoked
⚠ [CAR 13] ACT=WARN REP=0.417 RWD=0.000 PNL=4.444 CREDIT=0
[ECON-GATE] CID:17 probation active - suppressing OK reward 1.000
✓ [CAR 17] ACT=OK REP=0.229 RWD=0.000 PNL=0.000 CREDIT=1
[ATTACK-EMIT] CID:8 activeWindow=YES falsified=YES simT=28.552 realPX=644.400 fakePX=644.400 realSPD=25.000 fakeSPD=20.000 realTS=28.552 fakeTS=28.552 lane=4
[ATTACK-EMIT] CID:10 activeWindow=YES falsified=YES simT=28.564 realPX=646.660 fakePX=646.660 realSPD=15.000 fakeSPD=20.000 realTS=28.564 fakeTS=28.564 lane=99
[PASSIVE-BEACON] SIMNOW:28.566 CID:8 ZONE:2 RXUAV:2 EDGEPORT:9996 TS:28.552 SPD:20.000 HDG:0.000 PX:644.400 PY:-40.000 LAN:4 BRK:1 RX_X:0.000 RX_Y:0.000 RX_Z:0.000
[ZONE-ROUTE] CID:8 zone=1 edge_port=9998
[EDGE-RTT] CID:8 wall=1.0 ms  sim_delay=5.0 ms
>>> [UAV->CLOUD] BLK:89f9|TX:7.0.0.12|CID:8|TS:28.552|SPD:20.0|HDG:0.0|PX:644.4|PY:-40.0|...
[ATTACK-EMIT] CID:2 activeWindow=YES falsified=YES simT=28.570 realPX=626.750 fakePX=572.554 realSPD=15.000 fakeSPD=22.000 realTS=28.570 fakeTS=28.070 lane=3
[PASSIVE-BEACON] SIMNOW:28.578 CID:10 ZONE:2 RXUAV:2 EDGEPORT:9996 TS:28.564 SPD:20.000 HDG:0.000 PX:646.700 PY:-10.000 LAN:99 BRK:0 RX_X:0.000 RX_Y:0.000 RX_Z:0.000
[ECON-GATE] CID:8 probation active - suppressing OK reward 0.960
✓ [CAR 8] ACT=OK REP=1.000 RWD=0.000 PNL=0.000 CREDIT=0
[ATTACK-EMIT] CID:4 activeWindow=YES falsified=YES simT=28.600 realPX=615.600 fakePX=615.600 realSPD=25.000 fakeSPD=20.000 realTS=28.600 fakeTS=28.600 lane=5
[PASSIVE-BEACON] SIMNOW:28.614 CID:4 ZONE:2 RXUAV:2 EDGEPORT:9996 TS:28.600 SPD:20.000 HDG:0.000 PX:615.600 PY:-50.000 LAN:5 BRK:0 RX_X:0.000 RX_Y:0.000 RX_Z:0.000
[ZONE-ROUTE] CID:4 zone=1 edge_port=9998
[EDGE-RTT] CID:4 wall=1.1 ms  sim_delay=5.0 ms
>>> [UAV->CLOUD] BLK:ec30|TX:7.0.0.8|CID:4|TS:28.600|SPD:20.0|HDG:0.0|PX:615.6|PY:-50.0|L...
[ECON-GATE] CID:4 probation active - suppressing OK reward 1.0
✓ [CAR 4] ACT=OK REP=0.855 RWD=0.000 PNL=0.000 CREDIT=4
[PASSIVE-BEACON] SIMNOW:28.634 CID:9 ZONE:2 RXUAV:2 EDGEPORT:9996 TS:28.622 SPD:24.800 HDG:0.800 PX:636.100 PY:-50.000 LAN:5 BRK:1 RX_X:0.000 RX_Y:0.000 RX_Z:0.000
[ZONE-ROUTE] CID:9 zone=1 edge_port=9998
[EDGE-RTT] CID:9 wall=1.0 ms  sim_delay=5.0 ms
>>> [UAV->CLOUD] BLK:ab28|TX:7.0.0.13|CID:9|TS:28.622|SPD:24.8|HDG:0.8|PX:636.1|PY:-50.0|...
[ATTACK-EMIT] CID:18 activeWindow=YES falsified=YES simT=28.646 realPX=686.750 fakePX=686.750 realSPD=25.000 fakeSPD=20.000 realTS=28.646 fakeTS=28.646 lane=99
[ECON-CLAWBACK] CID:9 ACT=WARN prior_payoff=-43.687 extra_penalty=5.000 new_payoff=-48.787
[FORGIVENESS] CID:9 WARN #17 — streak reset, benefits revoked
⚠ [CAR 9] ACT=WARN REP=0.477 RWD=0.000 PNL=5.100 CREDIT=-2
[PASSIVE-BEACON] SIMNOW:28.657 CID:5 ZONE:2 RXUAV:2 EDGEPORT:9996 TS:28.642 SPD:15.200 HDG:1.300 PX:628.400 PY:-10.000 LAN:1 BRK:0 RX_X:0.000 RX_Y:0.000 RX_Z:0.000
[ZONE-ROUTE] CID:5 zone=1 edge_port=9998
[EDGE-RTT] CID:5 wall=1.0 ms  sim_delay=10.0 ms
>>> [UAV->CLOUD] BLK:bf05|TX:7.0.0.9|CID:5|TS:28.642|SPD:15.2|HDG:1.3|PX:628.4|PY:-10.0|L...
[PASSIVE-BEACON] SIMNOW:28.660 CID:18 ZONE:2 RXUAV:2 EDGEPORT:9996 TS:28.646 SPD:20.000 HDG:0.000 PX:686.800 PY:-40.000 LAN:99 BRK:0 RX_X:0.000 RX_Y:0.000 RX_Z:0.000
[ECON-GATE] CID:5 probation active - suppressing OK reward 1.0
✓ [CAR 5] ACT=OK REP=0.366 RWD=0.000 PNL=0.000 CREDIT=9
[ATTACK-EMIT] CID:7 activeWindow=YES falsified=YES simT=28.692 realPX=648.580 fakePX=648.580 realSPD=15.000 fakeSPD=20.000 realTS=28.692 fakeTS=28.692 lane=3
[PASSIVE-BEACON] SIMNOW:28.709 CID:7 ZONE:2 RXUAV:2 EDGEPORT:9996 TS:28.692 SPD:20.000 HDG:0.000 PX:648.600 PY:-30.000 LAN:3 BRK:0 RX_X:0.000 RX_Y:0.000 RX_Z:0.000
[ZONE-ROUTE] CID:7 zone=1 edge_port=9998
[EDGE-RTT] CID:7 wall=1.1 ms  sim_delay=5.0 ms
>>> [UAV->CLOUD] BLK:cda4|TX:7.0.0.11|CID:7|TS:28.692|SPD:20.0|HDG:0.0|PX:648.6|PY:-30.0|...
[ATTACK-EMIT] CID:1 activeWindow=YES falsified=YES simT=28.720 realPX=619.000 fakePX=619.000 realSPD=15.000 fakeSPD=20.000 realTS=28.720 fakeTS=28.720 lane=2
[ECON-GATE] CID:7 probation active - suppressing OK reward 0.876
✓ [CAR 7] ACT=OK REP=0.601 RWD=0.000 PNL=0.000 CREDIT=1
[PASSIVE-BEACON] SIMNOW:28.734 CID:1 ZONE:2 RXUAV:2 EDGEPORT:9996 TS:28.720 SPD:20.000 HDG:0.000 PX:619.000 PY:-20.000 LAN:2 BRK:0 RX_X:0.000 RX_Y:0.000 RX_Z:0.000
[ZONE-ROUTE] CID:1 zone=1 edge_port=9998
[EDGE-RTT] CID:1 wall=1.0 ms  sim_delay=5.0 ms
>>> [UAV->CLOUD] BLK:38d1|TX:7.0.0.5|CID:1|TS:28.720|SPD:20.0|HDG:0.0|PX:619.0|PY:-20.0|L...
[ATTACK-EMIT] CID:12 activeWindow=YES falsified=YES simT=28.744 realPX=669.360 fakePX=669.360 realSPD=15.000 fakeSPD=20.000 realTS=28.744 fakeTS=28.744 lane=3
[ECON-GATE] CID:1 probation active - suppressing OK reward 0.876
✓ [CAR 1] ACT=OK REP=0.286 RWD=0.000 PNL=0.000 CREDIT=1
[PASSIVE-BEACON] SIMNOW:28.761 CID:12 ZONE:2 RXUAV:2 EDGEPORT:9996 TS:28.744 SPD:20.000 HDG:0.000 PX:669.400 PY:-30.000 LAN:3 BRK:0 RX_X:0.000 RX_Y:0.000 RX_Z:0.000
[ZONE-ROUTE] CID:12 zone=1 edge_port=9998
[EDGE-RTT] CID:12 wall=0.9 ms  sim_delay=5.0 ms
[NASH-GATE] CID:12 p=1.000 p*=0.334 rho_hat=0.329 streak=2 windowHits=2/4 EU_ban=1.500 -> CONFIRMED BAN (SLOW_LANE punishment sent)
[PASSIVE-BEACON] SIMNOW:28.763 CID:15 ZONE:2 RXUAV:2 EDGEPORT:9996 TS:28.746 SPD:15.100 HDG:0.600 PX:669.400 PY:-10.000 LAN:1 BRK:0 RX_X:0.000 RX_Y:0.000 RX_Z:0.000
[ZONE-ROUTE] CID:15 zone=1 edge_port=9998
[EDGE-RTT] CID:15 wall=0.7 ms  sim_delay=5.0 ms
>>> [UAV->CLOUD] BLK:3662|TX:7.0.0.19|CID:15|TS:28.746|SPD:15.1|HDG:0.6|PX:669.4|PY:-10.0...
[ECON-CLAWBACK] CID:12 ACT=BAN prior_payoff=-49.3 extra_penalty=5.0 new_payoff=-54.8
[FORGIVENESS] CID:12 BAN#1 excused (first confirmed offence) honest_wins=0 (preserved)
[BAN-PUNISH] CID:12 SLOW_LANE EXILE → LAN=99 speed=20.0 m/s  return_threshold=60
✗ [CAR 12] ACT=BAN REP=0.546 RWD=0.000 PNL=5.500 CREDIT=-8
[ECON-GATE] CID:15 probation active - suppressing OK reward 1.000
✓ [CAR 15] ACT=OK REP=0.333 RWD=0.000 PNL=0.000 CREDIT=9
[ATTACK-EMIT] CID:16 activeWindow=YES falsified=YES simT=28.786 realPX=679.990 fakePX=679.990 realSPD=15.000 fakeSPD=20.000 realTS=28.786 fakeTS=28.786 lane=2
[ATTACK-EMIT] CID:6 activeWindow=YES falsified=YES simT=28.822 realPX=640.530 fakePX=570.964 realSPD=15.000 fakeSPD=20.000 realTS=28.822 fakeTS=28.322 lane=2
[ATTACK-EMIT] CID:14 activeWindow=YES falsified=YES simT=28.834 realPX=661.450 fakePX=561.642 realSPD=25.000 fakeSPD=20.000 realTS=28.834 fakeTS=28.334 lane=5
[PASSIVE-BEACON] SIMNOW:28.835 CID:6 ZONE:1 RXUAV:1 EDGEPORT:9998 TS:28.322 SPD:20.000 HDG:0.000 PX:571.000 PY:-20.000 LAN:2 BRK:0 RX_X:0.000 RX_Y:0.000 RX_Z:0.000
[ZONE-ROUTE] CID:6 zone=1 edge_port=9998
[EDGE-RTT] CID:6 wall=1.1 ms  sim_delay=5.0 ms
[NASH-GATE] CID:6 p=0.4 p*=0.3 rho_hat=0.3 Nash=BAN windowHits=1/4 -> WARN (pending confirmation)
[PASSIVE-BEACON] SIMNOW:28.848 CID:14 ZONE:1 RXUAV:1 EDGEPORT:9998 TS:28.334 SPD:20.000 HDG:0.000 PX:561.600 PY:-50.000 LAN:5 BRK:0 RX_X:0.000 RX_Y:0.000 RX_Z:0.000
[ZONE-ROUTE] CID:14 zone=1 edge_port=9998
[EDGE-RTT] CID:14 wall=1.0 ms  sim_delay=5.0 ms
[NASH-GATE] CID:14 p=0.4 p*=0.3 rho_hat=0.3 Nash=BAN windowHits=1/4 -> WARN (pending confirmation)
[ECON-CLAWBACK] CID:6 ACT=WARN prior_payoff=-78.8 extra_penalty=6.5 new_payoff=-85.4
[FORGIVENESS] CID:6 WARN #23 — streak reset, benefits revoked
⚠ [CAR 6] ACT=WARN REP=0.599 RWD=0.000 PNL=6.692 CREDIT=0
[ECON-CLAWBACK] CID:14 ACT=WARN prior_payoff=-18.349 extra_penalty=3.500 new_payoff=-22.043
[FORGIVENESS] CID:14 WARN #11 — streak reset, benefits revoked
⚠ [CAR 14] ACT=WARN REP=1.000 RWD=0.000 PNL=3.693 CREDIT=0
[ATTACK-EMIT] CID:0 activeWindow=YES falsified=YES simT=28.910 realPX=611.850 fakePX=611.850 realSPD=15.000 fakeSPD=20.000 realTS=28.910 fakeTS=28.910 lane=1
[PASSIVE-BEACON] SIMNOW:28.928 CID:11 ZONE:2 RXUAV:2 EDGEPORT:9996 TS:28.914 SPD:15.200 HDG:-1.100 PX:661.200 PY:-20.000 LAN:2 BRK:0 RX_X:0.000 RX_Y:0.000 RX_Z:0.000
[ZONE-ROUTE] CID:11 zone=1 edge_port=9998
[EDGE-RTT] CID:11 wall=1.1 ms  sim_delay=5.0 ms
>>> [UAV->CLOUD] BLK:f637|TX:7.0.0.15|CID:11|TS:28.914|SPD:15.2|HDG:-1.1|PX:661.2|PY:-20....
[ECON-GATE] CID:11 probation active - suppressing OK reward 1.0
✓ [CAR 11] ACT=OK REP=0.577 RWD=0.000 PNL=0.000 CREDIT=6
[ATTACK-EMIT] CID:13 activeWindow=YES falsified=YES simT=28.954 realPX=674.450 fakePX=674.450 realSPD=25.000 fakeSPD=20.000 realTS=28.954 fakeTS=28.954 lane=4
[PASSIVE-BEACON] SIMNOW:28.968 CID:13 ZONE:2 RXUAV:2 EDGEPORT:9996 TS:28.954 SPD:20.000 HDG:0.000 PX:674.500 PY:-40.000 LAN:4 BRK:0 RX_X:0.000 RX_Y:0.000 RX_Z:0.000
[ZONE-ROUTE] CID:13 zone=1 edge_port=9998
[EDGE-RTT] CID:13 wall=1.1 ms  sim_delay=5.0 ms
[NASH-GATE] CID:13 p=1.000 p*=0.333 rho_hat=0.337 streak=2 windowHits=2/4 EU_ban=1.500 -> CONFIRMED BAN (SLOW_LANE punishment sent)
[PASSIVE-BEACON] SIMNOW:28.970 CID:17 ZONE:2 RXUAV:2 EDGEPORT:9996 TS:28.956 SPD:15.300 HDG:-1.000 PX:692.400 PY:-30.000 LAN:3 BRK:0 RX_X:0.000 RX_Y:0.000 RX_Z:0.000
[ZONE-ROUTE] CID:17 zone=1 edge_port=9998
[EDGE-RTT] CID:17 wall=2.0 ms  sim_delay=5.0 ms
>>> [UAV->CLOUD] BLK:e7fa|TX:7.0.0.21|CID:17|TS:28.956|SPD:15.3|HDG:-1.0|PX:692.4|PY:-30....
[ECON-CLAWBACK] CID:13 ACT=BAN prior_payoff=-34.6 extra_penalty=5.0 new_payoff=-40.1
[FORGIVENESS] CID:13 BAN#1 excused (first confirmed offence) honest_wins=0 (preserved)
[BAN-PUNISH] CID:13 SLOW_LANE EXILE → LAN=99 speed=20.0 m/s  return_threshold=60
✗ [CAR 13] ACT=BAN REP=0.586 RWD=0.000 PNL=5.500 CREDIT=-8
[ECON-GATE] CID:17 probation active - suppressing OK reward 1.000
✓ [CAR 17] ACT=OK REP=0.752 RWD=0.000 PNL=0.000 CREDIT=2
[ATTACK-EMIT] CID:8 activeWindow=YES falsified=YES simT=29.052 realPX=656.900 fakePX=656.900 realSPD=25.000 fakeSPD=20.000 realTS=29.052 fakeTS=29.052 lane=4
[ATTACK-EMIT] CID:10 activeWindow=YES falsified=YES simT=29.064 realPX=654.160 fakePX=569.934 realSPD=15.000 fakeSPD=20.000 realTS=29.064 fakeTS=28.564 lane=99
[PASSIVE-BEACON] SIMNOW:29.066 CID:8 ZONE:2 RXUAV:2 EDGEPORT:9996 TS:29.052 SPD:20.000 HDG:0.000 PX:656.900 PY:-40.000 LAN:4 BRK:0 RX_X:0.000 RX_Y:0.000 RX_Z:0.000
[ZONE-ROUTE] CID:8 zone=1 edge_port=9998
[EDGE-RTT] CID:8 wall=1.2 ms  sim_delay=5.0 ms
>>> [UAV->CLOUD] BLK:0ceb|TX:7.0.0.12|CID:8|TS:29.052|SPD:20.0|HDG:0.0|PX:656.9|PY:-40.0|...
[ATTACK-EMIT] CID:2 activeWindow=YES falsified=YES simT=29.070 realPX=634.250 fakePX=634.250 realSPD=15.000 fakeSPD=20.000 realTS=29.070 fakeTS=29.070 lane=3
[PASSIVE-BEACON] SIMNOW:29.078 CID:10 ZONE:1 RXUAV:1 EDGEPORT:9998 TS:28.564 SPD:20.000 HDG:0.000 PX:569.900 PY:-10.000 LAN:99 BRK:0 RX_X:0.000 RX_Y:0.000 RX_Z:0.000
[ECON-GATE] CID:8 probation active - suppressing OK reward 0.876
✓ [CAR 8] ACT=OK REP=0.635 RWD=0.000 PNL=0.000 CREDIT=1
[ATTACK-EMIT] CID:4 activeWindow=YES falsified=YES simT=29.100 realPX=628.100 fakePX=565.306 realSPD=25.000 fakeSPD=20.000 realTS=29.100 fakeTS=28.600 lane=5
[PASSIVE-BEACON] SIMNOW:29.114 CID:4 ZONE:1 RXUAV:1 EDGEPORT:9998 TS:28.600 SPD:20.000 HDG:0.000 PX:565.300 PY:-50.000 LAN:5 BRK:0 RX_X:0.000 RX_Y:0.000 RX_Z:0.000
[ZONE-ROUTE] CID:4 zone=1 edge_port=9998
[EDGE-RTT] CID:4 wall=1.0 ms  sim_delay=5.0 ms
>>> [UAV->CLOUD] BLK:0cd8|TX:7.0.0.8|CID:4|TS:28.600|SPD:20.0|HDG:0.0|PX:565.3|PY:-50.0|L...
[ECON-CLAWBACK] CID:4 ACT=WARN prior_payoff=-29.9 extra_penalty=4.2 new_payoff=-34.2
[FORGIVENESS] CID:4 WARN #14 — streak reset, benefits revoked
⚠ [CAR 4] ACT=WARN REP=0.696 RWD=0.000 PNL=4.336 CREDIT=3
[PASSIVE-BEACON] SIMNOW:29.139 CID:9 ZONE:2 RXUAV:2 EDGEPORT:9996 TS:29.122 SPD:25.300 HDG:1.400 PX:649.300 PY:-50.000 LAN:5 BRK:0 RX_X:0.000 RX_Y:0.000 RX_Z:0.000
[ZONE-ROUTE] CID:9 zone=1 edge_port=9998
[EDGE-RTT] CID:9 wall=6.3 ms  sim_delay=5.0 ms
>>> [UAV->CLOUD] BLK:c214|TX:7.0.0.13|CID:9|TS:29.122|SPD:25.3|HDG:1.4|PX:649.3|PY:-50.0|...
[ATTACK-EMIT] CID:18 activeWindow=YES falsified=YES simT=29.146 realPX=699.250 fakePX=561.630 realSPD=25.000 fakeSPD=20.000 realTS=29.146 fakeTS=28.646 lane=99
[PASSIVE-BEACON] SIMNOW:29.157 CID:5 ZONE:2 RXUAV:2 EDGEPORT:9996 TS:29.142 SPD:15.200 HDG:-0.900 PX:635.800 PY:-10.000 LAN:1 BRK:0 RX_X:0.000 RX_Y:0.000 RX_Z:0.000
[ZONE-ROUTE] CID:5 zone=1 edge_port=9998
[EDGE-RTT] CID:5 wall=1.2 ms  sim_delay=10.0 ms
>>> [UAV->CLOUD] BLK:04cf|TX:7.0.0.9|CID:5|TS:29.142|SPD:15.2|HDG:-0.9|PX:635.8|PY:-10.0|...
[ECON-CLAWBACK] CID:9 ACT=WARN prior_payoff=-48.8 extra_penalty=5.2 new_payoff=-54.1
[FORGIVENESS] CID:9 WARN #18 — streak reset, benefits revoked
⚠ [CAR 9] ACT=WARN REP=0.326 RWD=0.000 PNL=5.352 CREDIT=-2
[PASSIVE-BEACON] SIMNOW:29.163 CID:18 ZONE:1 RXUAV:1 EDGEPORT:9998 TS:28.646 SPD:20.000 HDG:0.000 PX:561.600 PY:-40.000 LAN:99 BRK:0 RX_X:0.000 RX_Y:0.000 RX_Z:0.000
[ECON-GATE] CID:5 probation active - suppressing OK reward 1.000
✓ [CAR 5] ACT=OK REP=0.608 RWD=0.000 PNL=0.000 CREDIT=10
[ATTACK-EMIT] CID:7 activeWindow=YES falsified=YES simT=29.192 realPX=656.080 fakePX=570.346 realSPD=15.000 fakeSPD=20.000 realTS=29.192 fakeTS=28.692 lane=3
[PASSIVE-BEACON] SIMNOW:29.206 CID:7 ZONE:1 RXUAV:1 EDGEPORT:9998 TS:28.692 SPD:20.000 HDG:0.000 PX:570.300 PY:-30.000 LAN:3 BRK:0 RX_X:0.000 RX_Y:0.000 RX_Z:0.000
[ZONE-ROUTE] CID:7 zone=1 edge_port=9998
[EDGE-RTT] CID:7 wall=1.2 ms  sim_delay=5.0 ms
[NASH-GATE] CID:7 p=0.4 p*=0.3 rho_hat=0.3 Nash=BAN windowHits=1/4 -> WARN (pending confirmation)
[ATTACK-EMIT] CID:1 activeWindow=YES falsified=YES simT=29.220 realPX=626.500 fakePX=561.040 realSPD=15.000 fakeSPD=20.000 realTS=29.220 fakeTS=28.720 lane=2
[ECON-CLAWBACK] CID:7 ACT=WARN prior_payoff=-60.262 extra_penalty=5.750 new_payoff=-66.203
[FORGIVENESS] CID:7 WARN #20 — streak reset, benefits revoked
⚠ [CAR 7] ACT=WARN REP=0.564 RWD=0.000 PNL=5.941 CREDIT=0
[PASSIVE-BEACON] SIMNOW:29.234 CID:1 ZONE:1 RXUAV:1 EDGEPORT:9998 TS:28.720 SPD:20.000 HDG:0.000 PX:561.000 PY:-20.000 LAN:2 BRK:0 RX_X:0.000 RX_Y:0.000 RX_Z:0.000
[ZONE-ROUTE] CID:1 zone=1 edge_port=9998
[EDGE-RTT] CID:1 wall=1.0 ms  sim_delay=5.0 ms
[NASH-GATE] CID:1 p=0.4 p*=0.3 rho_hat=0.3 Nash=BAN windowHits=1/4 -> WARN (pending confirmation)
[ATTACK-EMIT] CID:12 activeWindow=YES falsified=YES simT=29.244 realPX=676.860 fakePX=676.860 realSPD=15.000 fakeSPD=20.000 realTS=29.244 fakeTS=29.244 lane=99
[ECON-CLAWBACK] CID:1 ACT=WARN prior_payoff=-85.360 extra_penalty=6.750 new_payoff=-92.304
[FORGIVENESS] CID:1 WARN #24 — streak reset, benefits revoked
⚠ [CAR 1] ACT=WARN REP=0.448 RWD=0.000 PNL=6.944 CREDIT=0
[PASSIVE-BEACON] SIMNOW:29.258 CID:12 ZONE:2 RXUAV:2 EDGEPORT:9996 TS:29.244 SPD:20.000 HDG:0.000 PX:676.900 PY:-30.000 LAN:99 BRK:0 RX_X:0.000 RX_Y:0.000 RX_Z:0.000
[PASSIVE-BEACON] SIMNOW:29.260 CID:15 ZONE:2 RXUAV:2 EDGEPORT:9996 TS:29.246 SPD:15.000 HDG:0.200 PX:676.200 PY:-10.000 LAN:1 BRK:0 RX_X:0.000 RX_Y:0.000 RX_Z:0.000
[ZONE-ROUTE] CID:15 zone=1 edge_port=9998
[EDGE-RTT] CID:15 wall=0.8 ms  sim_delay=5.0 ms
>>> [UAV->CLOUD] BLK:7eca|TX:7.0.0.19|CID:15|TS:29.246|SPD:15.0|HDG:0.2|PX:676.2|PY:-10.0...
[ECON-GATE] CID:15 probation active - suppressing OK reward 1.0
✓ [CAR 15] ACT=OK REP=0.653 RWD=0.000 PNL=0.000 CREDIT=10
[ATTACK-EMIT] CID:16 activeWindow=YES falsified=YES simT=29.286 realPX=687.490 fakePX=687.490 realSPD=15.000 fakeSPD=20.000 realTS=29.286 fakeTS=29.286 lane=2
[ATTACK-EMIT] CID:6 activeWindow=YES falsified=YES simT=29.322 realPX=648.030 fakePX=648.030 realSPD=15.000 fakeSPD=20.000 realTS=29.322 fakeTS=29.322 lane=2
[ATTACK-EMIT] CID:14 activeWindow=YES falsified=YES simT=29.334 realPX=673.950 fakePX=673.950 realSPD=25.000 fakeSPD=20.000 realTS=29.334 fakeTS=29.334 lane=5
[PASSIVE-BEACON] SIMNOW:29.336 CID:6 ZONE:2 RXUAV:2 EDGEPORT:9996 TS:29.322 SPD:20.000 HDG:0.000 PX:648.000 PY:-20.000 LAN:2 BRK:0 RX_X:0.000 RX_Y:0.000 RX_Z:0.000
[ZONE-ROUTE] CID:6 zone=1 edge_port=9998
[EDGE-RTT] CID:6 wall=1.0 ms  sim_delay=5.0 ms
[NASH-GATE] CID:6 p=1.000 p*=0.331 rho_hat=0.344 streak=2 windowHits=2/4 EU_ban=1.500 -> CONFIRMED BAN (SLOW_LANE punishment sent)
[PASSIVE-BEACON] SIMNOW:29.348 CID:14 ZONE:2 RXUAV:2 EDGEPORT:9996 TS:29.334 SPD:20.000 HDG:0.000 PX:674.000 PY:-50.000 LAN:5 BRK:0 RX_X:0.000 RX_Y:0.000 RX_Z:0.000
[ZONE-ROUTE] CID:14 zone=1 edge_port=9998
[EDGE-RTT] CID:14 wall=0.9 ms  sim_delay=5.0 ms
[NASH-GATE] CID:14 p=1.000 p*=0.331 rho_hat=0.346 streak=2 windowHits=2/4 EU_ban=1.500 -> CONFIRMED BAN (SLOW_LANE punishment sent)
[ECON-CLAWBACK] CID:6 ACT=BAN prior_payoff=-85.442 extra_penalty=5.000 new_payoff=-90.942
[FORGIVENESS] CID:6 BAN#1 excused (first confirmed offence) honest_wins=0 (preserved)
[BAN-PUNISH] CID:6 SLOW_LANE EXILE → LAN=99 speed=20.000 m/s  return_threshold=60
✗ [CAR 6] ACT=BAN REP=0.465 RWD=0.000 PNL=5.500 CREDIT=-8
[ECON-CLAWBACK] CID:14 ACT=BAN prior_payoff=-22.043 extra_penalty=5.000 new_payoff=-27.543
[FORGIVENESS] CID:14 BAN#1 excused (first confirmed offence) honest_wins=0 (preserved)
[BAN-PUNISH] CID:14 SLOW_LANE EXILE → LAN=99 speed=20.000 m/s  return_threshold=60
✗ [CAR 14] ACT=BAN REP=0.642 RWD=0.000 PNL=5.500 CREDIT=-8
[ATTACK-EMIT] CID:0 activeWindow=YES falsified=YES simT=29.410 realPX=619.350 fakePX=619.350 realSPD=15.000 fakeSPD=20.000 realTS=29.410 fakeTS=29.410 lane=1
[PASSIVE-BEACON] SIMNOW:29.428 CID:11 ZONE:2 RXUAV:2 EDGEPORT:9996 TS:29.414 SPD:14.800 HDG:-1.800 PX:669.100 PY:-20.000 LAN:2 BRK:0 RX_X:0.000 RX_Y:0.000 RX_Z:0.000
[ZONE-ROUTE] CID:11 zone=1 edge_port=9998
[EDGE-RTT] CID:11 wall=1.0 ms  sim_delay=5.0 ms
>>> [UAV->CLOUD] BLK:daf3|TX:7.0.0.15|CID:11|TS:29.414|SPD:14.8|HDG:-1.8|PX:669.1|PY:-20....
[ECON-GATE] CID:11 probation active - suppressing OK reward 1.0
✓ [CAR 11] ACT=OK REP=0.571 RWD=0.000 PNL=0.000 CREDIT=7
[ATTACK-EMIT] CID:13 activeWindow=YES falsified=YES simT=29.454 realPX=686.950 fakePX=686.950 realSPD=25.000 fakeSPD=20.000 realTS=29.454 fakeTS=29.454 lane=99
[PASSIVE-BEACON] SIMNOW:29.470 CID:17 ZONE:2 RXUAV:2 EDGEPORT:9996 TS:29.456 SPD:15.200 HDG:0.400 PX:700.100 PY:-30.000 LAN:3 BRK:0 RX_X:0.000 RX_Y:0.000 RX_Z:0.000
[ZONE-ROUTE] CID:17 zone=1 edge_port=9998
[EDGE-RTT] CID:17 wall=1.0 ms  sim_delay=5.0 ms
>>> [UAV->CLOUD] BLK:d42b|TX:7.0.0.21|CID:17|TS:29.456|SPD:15.2|HDG:0.4|PX:700.1|PY:-30.0...
[PASSIVE-BEACON] SIMNOW:29.471 CID:13 ZONE:2 RXUAV:2 EDGEPORT:9996 TS:29.454 SPD:20.000 HDG:0.000 PX:687.000 PY:-40.000 LAN:99 BRK:0 RX_X:0.000 RX_Y:0.000 RX_Z:0.000
[ECON-GATE] CID:17 probation active - suppressing OK reward 1.0
✓ [CAR 17] ACT=OK REP=0.614 RWD=0.000 PNL=0.000 CREDIT=3
[ATTACK-EMIT] CID:8 activeWindow=YES falsified=YES simT=29.552 realPX=669.400 fakePX=569.472 realSPD=25.000 fakeSPD=20.000 realTS=29.552 fakeTS=29.052 lane=4
[ATTACK-EMIT] CID:10 activeWindow=YES falsified=YES simT=29.564 realPX=661.660 fakePX=661.660 realSPD=15.000 fakeSPD=20.000 realTS=29.564 fakeTS=29.564 lane=99
[PASSIVE-BEACON] SIMNOW:29.566 CID:8 ZONE:1 RXUAV:1 EDGEPORT:9998 TS:29.052 SPD:20.000 HDG:0.000 PX:569.500 PY:-40.000 LAN:4 BRK:0 RX_X:0.000 RX_Y:0.000 RX_Z:0.000
[ZONE-ROUTE] CID:8 zone=1 edge_port=9998
[EDGE-RTT] CID:8 wall=1.0 ms  sim_delay=5.0 ms
[NASH-GATE] CID:8 p=0.4 p*=0.3 rho_hat=0.3 Nash=BAN windowHits=1/4 -> WARN (pending confirmation)
[ATTACK-EMIT] CID:2 activeWindow=YES falsified=YES simT=29.570 realPX=641.750 fakePX=641.750 realSPD=15.000 fakeSPD=20.000 realTS=29.570 fakeTS=29.570 lane=3
[ECON-CLAWBACK] CID:8 ACT=WARN prior_payoff=-39.056 extra_penalty=4.750 new_payoff=-43.999
[FORGIVENESS] CID:8 WARN #16 — streak reset, benefits revoked
⚠ [CAR 8] ACT=WARN REP=0.614 RWD=0.000 PNL=4.943 CREDIT=0
[PASSIVE-BEACON] SIMNOW:29.581 CID:10 ZONE:2 RXUAV:2 EDGEPORT:9996 TS:29.564 SPD:20.000 HDG:0.000 PX:661.700 PY:-10.000 LAN:99 BRK:1 RX_X:0.000 RX_Y:0.000 RX_Z:0.000
[ATTACK-EMIT] CID:4 activeWindow=YES falsified=YES simT=29.600 realPX=640.600 fakePX=640.600 realSPD=25.000 fakeSPD=20.000 realTS=29.600 fakeTS=29.600 lane=5
[PASSIVE-BEACON] SIMNOW:29.614 CID:4 ZONE:2 RXUAV:2 EDGEPORT:9996 TS:29.600 SPD:20.000 HDG:0.000 PX:640.600 PY:-50.000 LAN:5 BRK:1 RX_X:0.000 RX_Y:0.000 RX_Z:0.000
[ZONE-ROUTE] CID:4 zone=1 edge_port=9998
[EDGE-RTT] CID:4 wall=1.1 ms  sim_delay=5.0 ms
>>> [UAV->CLOUD] BLK:28f7|TX:7.0.0.8|CID:4|TS:29.600|SPD:20.0|HDG:0.0|PX:640.6|PY:-50.0|L...
[ECON-GATE] CID:4 probation active - suppressing OK reward 1.0
✓ [CAR 4] ACT=OK REP=0.757 RWD=0.000 PNL=0.000 CREDIT=0
[PASSIVE-BEACON] SIMNOW:29.636 CID:9 ZONE:2 RXUAV:2 EDGEPORT:9996 TS:29.622 SPD:24.900 HDG:-1.500 PX:661.900 PY:-50.000 LAN:5 BRK:0 RX_X:0.000 RX_Y:0.000 RX_Z:0.000
[ZONE-ROUTE] CID:9 zone=1 edge_port=9998
[EDGE-RTT] CID:9 wall=0.7 ms  sim_delay=5.0 ms
>>> [UAV->CLOUD] BLK:58bb|TX:7.0.0.13|CID:9|TS:29.622|SPD:24.9|HDG:-1.5|PX:661.9|PY:-50.0...
[ATTACK-EMIT] CID:18 activeWindow=YES falsified=YES simT=29.646 realPX=711.750 fakePX=711.750 realSPD=25.000 fakeSPD=20.000 realTS=29.646 fakeTS=29.646 lane=99
[ECON-CLAWBACK] CID:9 ACT=WARN prior_payoff=-54.139 extra_penalty=5.500 new_payoff=-59.740
[FORGIVENESS] CID:9 WARN #19 — streak reset, benefits revoked
⚠ [CAR 9] ACT=WARN REP=0.502 RWD=0.000 PNL=5.601 CREDIT=-2
[PASSIVE-BEACON] SIMNOW:29.659 CID:5 ZONE:2 RXUAV:2 EDGEPORT:9996 TS:29.642 SPD:14.800 HDG:0.500 PX:643.100 PY:-10.000 LAN:1 BRK:0 RX_X:0.000 RX_Y:0.000 RX_Z:0.000
[ZONE-ROUTE] CID:5 zone=1 edge_port=9998
[EDGE-RTT] CID:5 wall=0.9 ms  sim_delay=10.0 ms
>>> [UAV->CLOUD] BLK:94d6|TX:7.0.0.9|CID:5|TS:29.642|SPD:14.8|HDG:0.5|PX:643.1|PY:-10.0|L...
[PASSIVE-BEACON] SIMNOW:29.660 CID:18 ZONE:2 RXUAV:2 EDGEPORT:9996 TS:29.646 SPD:20.000 HDG:0.000 PX:711.800 PY:-40.000 LAN:99 BRK:1 RX_X:0.000 RX_Y:0.000 RX_Z:0.000
[ECON-GATE] CID:5 probation active - suppressing OK reward 1.0
✓ [CAR 5] ACT=OK REP=0.493 RWD=0.000 PNL=0.000 CREDIT=11
[ATTACK-EMIT] CID:7 activeWindow=YES falsified=YES simT=29.692 realPX=663.580 fakePX=663.580 realSPD=15.000 fakeSPD=20.000 realTS=29.692 fakeTS=29.692 lane=3
[PASSIVE-BEACON] SIMNOW:29.706 CID:7 ZONE:2 RXUAV:2 EDGEPORT:9996 TS:29.692 SPD:20.000 HDG:0.000 PX:663.600 PY:-30.000 LAN:3 BRK:0 RX_X:0.000 RX_Y:0.000 RX_Z:0.000
[ZONE-ROUTE] CID:7 zone=1 edge_port=9998
[EDGE-RTT] CID:7 wall=0.9 ms  sim_delay=5.0 ms
[NASH-GATE] CID:7 p=1.000 p*=0.330 rho_hat=0.352 streak=2 windowHits=2/4 EU_ban=1.500 -> CONFIRMED BAN (SLOW_LANE punishment sent)
[ATTACK-EMIT] CID:1 activeWindow=YES falsified=YES simT=29.720 realPX=634.000 fakePX=634.000 realSPD=15.000 fakeSPD=20.000 realTS=29.720 fakeTS=29.720 lane=2
[ECON-CLAWBACK] CID:7 ACT=BAN prior_payoff=-66.203 extra_penalty=5.000 new_payoff=-71.703
[FORGIVENESS] CID:7 BAN#1 excused (first confirmed offence) honest_wins=0 (preserved)
[BAN-PUNISH] CID:7 SLOW_LANE EXILE → LAN=99 speed=20.000 m/s  return_threshold=60
✗ [CAR 7] ACT=BAN REP=0.509 RWD=0.000 PNL=5.500 CREDIT=-8
[PASSIVE-BEACON] SIMNOW:29.732 CID:1 ZONE:2 RXUAV:2 EDGEPORT:9996 TS:29.720 SPD:20.000 HDG:0.000 PX:634.000 PY:-20.000 LAN:2 BRK:0 RX_X:0.000 RX_Y:0.000 RX_Z:0.000
[ZONE-ROUTE] CID:1 zone=1 edge_port=9998
[EDGE-RTT] CID:1 wall=1.0 ms  sim_delay=5.0 ms
[NASH-GATE] CID:1 p=1.000 p*=0.330 rho_hat=0.354 streak=2 windowHits=2/4 EU_ban=1.500 -> CONFIRMED BAN (SLOW_LANE punishment sent)
[ATTACK-EMIT] CID:12 activeWindow=YES falsified=YES simT=29.744 realPX=684.360 fakePX=566.910 realSPD=15.000 fakeSPD=20.000 realTS=29.744 fakeTS=29.244 lane=99
[ECON-CLAWBACK] CID:1 ACT=BAN prior_payoff=-92.304 extra_penalty=5.000 new_payoff=-97.804
[FORGIVENESS] CID:1 BAN#1 excused (first confirmed offence) honest_wins=0 (preserved)
[BAN-PUNISH] CID:1 SLOW_LANE EXILE → LAN=99 speed=20.000 m/s  return_threshold=60
✗ [CAR 1] ACT=BAN REP=0.457 RWD=0.000 PNL=5.500 CREDIT=-8
[PASSIVE-BEACON] SIMNOW:29.758 CID:12 ZONE:1 RXUAV:1 EDGEPORT:9998 TS:29.244 SPD:20.000 HDG:0.000 PX:566.900 PY:-30.000 LAN:99 BRK:0 RX_X:0.000 RX_Y:0.000 RX_Z:0.000
[PASSIVE-BEACON] SIMNOW:29.760 CID:15 ZONE:2 RXUAV:2 EDGEPORT:9996 TS:29.746 SPD:14.800 HDG:1.600 PX:685.100 PY:-10.000 LAN:1 BRK:0 RX_X:0.000 RX_Y:0.000 RX_Z:0.000
[ZONE-ROUTE] CID:15 zone=1 edge_port=9998
[EDGE-RTT] CID:15 wall=1.2 ms  sim_delay=5.0 ms
>>> [UAV->CLOUD] BLK:7060|TX:7.0.0.19|CID:15|TS:29.746|SPD:14.8|HDG:1.6|PX:685.1|PY:-10.0...
[ECON-GATE] CID:15 probation active - suppressing OK reward 1.0
✓ [CAR 15] ACT=OK REP=0.776 RWD=0.000 PNL=0.000 CREDIT=11
[ATTACK-EMIT] CID:16 activeWindow=YES falsified=YES simT=29.786 realPX=694.990 fakePX=560.082 realSPD=15.000 fakeSPD=22.000 realTS=29.786 fakeTS=29.286 lane=2
[ATTACK-EMIT] CID:6 activeWindow=YES falsified=YES simT=29.822 realPX=655.530 fakePX=655.530 realSPD=15.000 fakeSPD=20.000 realTS=29.822 fakeTS=29.822 lane=99
[ATTACK-EMIT] CID:14 activeWindow=YES falsified=YES simT=29.834 realPX=686.450 fakePX=686.450 realSPD=25.000 fakeSPD=20.000 realTS=29.834 fakeTS=29.834 lane=99
[PASSIVE-BEACON] SIMNOW:29.836 CID:6 ZONE:2 RXUAV:2 EDGEPORT:9996 TS:29.822 SPD:20.000 HDG:0.000 PX:655.500 PY:-20.000 LAN:99 BRK:0 RX_X:0.000 RX_Y:0.000 RX_Z:0.000
[PASSIVE-BEACON] SIMNOW:29.848 CID:14 ZONE:2 RXUAV:2 EDGEPORT:9996 TS:29.834 SPD:20.000 HDG:0.000 PX:686.500 PY:-50.000 LAN:99 BRK:0 RX_X:0.000 RX_Y:0.000 RX_Z:0.000
[ATTACK-EMIT] CID:0 activeWindow=YES falsified=YES simT=29.910 realPX=626.850 fakePX=566.628 realSPD=15.000 fakeSPD=22.000 realTS=29.910 fakeTS=29.410 lane=1
[PASSIVE-BEACON] SIMNOW:29.931 CID:11 ZONE:2 RXUAV:2 EDGEPORT:9996 TS:29.914 SPD:15.000 HDG:0.000 PX:676.900 PY:-20.000 LAN:2 BRK:0 RX_X:0.000 RX_Y:0.000 RX_Z:0.000
[ZONE-ROUTE] CID:11 zone=1 edge_port=9998
[EDGE-RTT] CID:11 wall=1.2 ms  sim_delay=5.0 ms
>>> [UAV->CLOUD] BLK:aef9|TX:7.0.0.15|CID:11|TS:29.914|SPD:15.0|HDG:0.0|PX:676.9|PY:-20.0...
[ECON-GATE] CID:11 probation active - suppressing OK reward 1.0
✓ [CAR 11] ACT=OK REP=0.511 RWD=0.000 PNL=0.000 CREDIT=8
[ATTACK-EMIT] CID:13 activeWindow=YES falsified=YES simT=29.954 realPX=697.510 fakePX=561.740 realSPD=15.000 fakeSPD=20.000 realTS=29.954 fakeTS=29.454 lane=99
[PASSIVE-BEACON] SIMNOW:29.968 CID:13 ZONE:1 RXUAV:1 EDGEPORT:9998 TS:29.454 SPD:20.000 HDG:0.000 PX:561.700 PY:-40.000 LAN:99 BRK:0 RX_X:0.000 RX_Y:0.000 RX_Z:0.000
[PASSIVE-BEACON] SIMNOW:29.971 CID:17 ZONE:2 RXUAV:2 EDGEPORT:9996 TS:29.956 SPD:14.900 HDG:1.300 PX:707.200 PY:-30.000 LAN:3 BRK:0 RX_X:0.000 RX_Y:0.000 RX_Z:0.000
[ZONE-ROUTE] CID:17 zone=1 edge_port=9998
[EDGE-RTT] CID:17 wall=1.0 ms  sim_delay=5.0 ms
>>> [UAV->CLOUD] BLK:3b13|TX:7.0.0.21|CID:17|TS:29.956|SPD:14.9|HDG:1.3|PX:707.2|PY:-30.0...
[ECON-GATE] CID:17 probation active - suppressing OK reward 1.0
✓ [CAR 17] ACT=OK REP=0.506 RWD=0.000 PNL=0.000 CREDIT=4
[HANDOVER] CID:0 trigger from_Z1 to_Z2 at posX=628.200 distLeft=271.800m loaded=NO RAWRESP=[HANDOVER_TRIGGER_ACK CID:0 TO_ZONE:2]
[HANDOVER] CID:1 trigger from_Z1 to_Z2 at posX=638.200 distLeft=261.800m loaded=NO RAWRESP=[HANDOVER_TRIGGER_ACK CID:1 TO_ZONE:2]
[HANDOVER] CID:2 trigger from_Z1 to_Z2 at posX=648.200 distLeft=251.800m loaded=NO RAWRESP=[HANDOVER_TRIGGER_ACK CID:2 TO_ZONE:2]
[HANDOVER] CID:3 trigger from_Z1 to_Z2 at posX=658.200 distLeft=241.800m loaded=NO RAWRESP=[HANDOVER_TRIGGER_ACK CID:3 TO_ZONE:2]
[HANDOVER] CID:4 trigger from_Z1 to_Z2 at posX=650.600 distLeft=249.400m loaded=NO RAWRESP=[HANDOVER_TRIGGER_ACK CID:4 TO_ZONE:2]
[HANDOVER] CID:5 trigger from_Z1 to_Z2 at posX=648.200 distLeft=251.800m loaded=NO RAWRESP=[HANDOVER_TRIGGER_ACK CID:5 TO_ZONE:2]
[HANDOVER] CID:6 trigger from_Z1 to_Z2 at posX=658.200 distLeft=241.800m loaded=NO RAWRESP=[HANDOVER_TRIGGER_ACK CID:6 TO_ZONE:2]
[HANDOVER] CID:7 trigger from_Z1 to_Z2 at posX=668.200 distLeft=231.800m loaded=NO RAWRESP=[HANDOVER_TRIGGER_ACK CID:7 TO_ZONE:2]
[HANDOVER] CID:8 trigger from_Z1 to_Z2 at posX=678.200 distLeft=221.800m loaded=NO RAWRESP=[HANDOVER_TRIGGER_ACK CID:8 TO_ZONE:2]
[HANDOVER] CID:9 trigger from_Z1 to_Z2 at posX=670.600 distLeft=229.400m loaded=NO RAWRESP=[HANDOVER_TRIGGER_ACK CID:9 TO_ZONE:2]
[HANDOVER] CID:10 trigger from_Z1 to_Z2 at posX=668.200 distLeft=231.800m loaded=NO RAWRESP=[HANDOVER_TRIGGER_ACK CID:10 TO_ZONE:2]
[HANDOVER] CID:11 trigger from_Z1 to_Z2 at posX=678.200 distLeft=221.800m loaded=NO RAWRESP=[HANDOVER_TRIGGER_ACK CID:11 TO_ZONE:2]
[HANDOVER] CID:12 trigger from_Z1 to_Z2 at posX=688.200 distLeft=211.800m loaded=NO RAWRESP=[HANDOVER_TRIGGER_ACK CID:12 TO_ZONE:2]
[HANDOVER] CID:13 trigger from_Z1 to_Z2 at posX=698.200 distLeft=201.800m loaded=NO RAWRESP=[HANDOVER_TRIGGER_ACK CID:13 TO_ZONE:2]
[HANDOVER] CID:14 trigger from_Z1 to_Z2 at posX=690.600 distLeft=209.400m loaded=NO RAWRESP=[HANDOVER_TRIGGER_ACK CID:14 TO_ZONE:2]
[HANDOVER] CID:15 trigger from_Z1 to_Z2 at posX=688.200 distLeft=211.800m loaded=NO RAWRESP=[HANDOVER_TRIGGER_ACK CID:15 TO_ZONE:2]
[HANDOVER] CID:16 trigger from_Z1 to_Z2 at posX=698.200 distLeft=201.800m loaded=NO RAWRESP=[HANDOVER_TRIGGER_ACK CID:16 TO_ZONE:2]
[HANDOVER] CID:17 trigger from_Z1 to_Z2 at posX=708.200 distLeft=191.800m loaded=NO RAWRESP=[HANDOVER_TRIGGER_ACK CID:17 TO_ZONE:2]
[HANDOVER] CID:18 trigger from_Z1 to_Z2 at posX=718.200 distLeft=181.800m loaded=NO RAWRESP=[HANDOVER_TRIGGER_ACK CID:18 TO_ZONE:2]
[HANDOVER] CID:19 trigger from_Z1 to_Z2 at posX=710.600 distLeft=189.400m loaded=NO RAWRESP=[HANDOVER_TRIGGER_ACK CID:19 TO_ZONE:2]
[ATTACK-EMIT] CID:8 activeWindow=YES falsified=YES simT=30.052 realPX=678.980 fakePX=678.980 realSPD=15.000 fakeSPD=20.000 realTS=30.052 fakeTS=30.052 lane=4
[ATTACK-EMIT] CID:10 activeWindow=YES falsified=YES simT=30.064 realPX=669.160 fakePX=669.160 realSPD=15.000 fakeSPD=20.000 realTS=30.064 fakeTS=30.064 lane=99
[PASSIVE-BEACON] SIMNOW:30.066 CID:8 ZONE:2 RXUAV:2 EDGEPORT:9996 TS:30.052 SPD:20.000 HDG:0.000 PX:679.000 PY:-40.000 LAN:4 BRK:0 RX_X:0.000 RX_Y:0.000 RX_Z:0.000
[ZONE-ROUTE] CID:8 zone=1 edge_port=9998
[EDGE-RTT] CID:8 wall=0.8 ms  sim_delay=5.0 ms
[NASH-GATE] CID:8 p=1.000 p*=0.330 rho_hat=0.355 streak=2 windowHits=2/4 EU_ban=1.500 -> CONFIRMED BAN (SLOW_LANE punishment sent)
[ATTACK-EMIT] CID:2 activeWindow=YES falsified=YES simT=30.070 realPX=649.250 fakePX=572.620 realSPD=15.000 fakeSPD=22.000 realTS=30.070 fakeTS=29.570 lane=3
[PASSIVE-BEACON] SIMNOW:30.078 CID:10 ZONE:2 RXUAV:2 EDGEPORT:9996 TS:30.064 SPD:20.000 HDG:0.000 PX:669.200 PY:-10.000 LAN:99 BRK:0 RX_X:0.000 RX_Y:0.000 RX_Z:0.000
[ECON-CLAWBACK] CID:8 ACT=BAN prior_payoff=-43.999 extra_penalty=5.000 new_payoff=-49.499
[FORGIVENESS] CID:8 BAN#1 excused (first confirmed offence) honest_wins=0 (preserved)
[BAN-PUNISH] CID:8 SLOW_LANE EXILE → LAN=99 speed=20.000 m/s  return_threshold=60
✗ [CAR 8] ACT=BAN REP=0.574 RWD=0.000 PNL=5.500 CREDIT=-8
[ATTACK-EMIT] CID:4 activeWindow=YES falsified=YES simT=30.100 realPX=653.100 fakePX=653.100 realSPD=25.000 fakeSPD=20.000 realTS=30.100 fakeTS=30.100 lane=5
[PASSIVE-BEACON] SIMNOW:30.113 CID:4 ZONE:2 RXUAV:2 EDGEPORT:9996 TS:30.100 SPD:20.000 HDG:0.000 PX:653.100 PY:-50.000 LAN:5 BRK:1 RX_X:0.000 RX_Y:0.000 RX_Z:0.000
[ZONE-ROUTE] CID:4 zone=1 edge_port=9998
[EDGE-RTT] CID:4 wall=0.7 ms  sim_delay=5.0 ms
>>> [UAV->CLOUD] BLK:53cc|TX:7.0.0.8|CID:4|TS:30.100|SPD:20.0|HDG:0.0|PX:653.1|PY:-50.0|L...
[ECON-GATE] CID:4 probation active - suppressing OK reward 0.9
✓ [CAR 4] ACT=OK REP=0.746 RWD=0.000 PNL=0.000 CREDIT=1
[PASSIVE-BEACON] SIMNOW:30.137 CID:9 ZONE:2 RXUAV:2 EDGEPORT:9996 TS:30.122 SPD:24.500 HDG:-0.600 PX:673.700 PY:-50.000 LAN:5 BRK:0 RX_X:0.000 RX_Y:0.000 RX_Z:0.000
[ZONE-ROUTE] CID:9 zone=1 edge_port=9998
[EDGE-RTT] CID:9 wall=1.1 ms  sim_delay=5.0 ms
>>> [UAV->CLOUD] BLK:fd73|TX:7.0.0.13|CID:9|TS:30.122|SPD:24.5|HDG:-0.6|PX:673.7|PY:-50.0...
[ECON-CLAWBACK] CID:9 ACT=WARN prior_payoff=-59.7 extra_penalty=5.8 new_payoff=-65.6
[FORGIVENESS] CID:9 WARN #20 — streak reset, benefits revoked
⚠ [CAR 9] ACT=WARN REP=0.664 RWD=0.000 PNL=5.849 CREDIT=-2
[PASSIVE-BEACON] SIMNOW:30.157 CID:5 ZONE:2 RXUAV:2 EDGEPORT:9996 TS:30.142 SPD:15.100 HDG:-1.100 PX:650.600 PY:-10.000 LAN:1 BRK:0 RX_X:0.000 RX_Y:0.000 RX_Z:0.000
[ZONE-ROUTE] CID:5 zone=1 edge_port=9998
[EDGE-RTT] CID:5 wall=1.0 ms  sim_delay=10.0 ms
>>> [UAV->CLOUD] BLK:347d|TX:7.0.0.9|CID:5|TS:30.142|SPD:15.1|HDG:-1.1|PX:650.6|PY:-10.0|...
[PASSIVE-BEACON] SIMNOW:30.160 CID:18 ZONE:2 RXUAV:2 EDGEPORT:9996 TS:30.146 SPD:14.700 HDG:0.600 PX:720.400 PY:-40.000 LAN:99 BRK:0 RX_X:0.000 RX_Y:0.000 RX_Z:0.000
[ECON-GATE] CID:5 probation active - suppressing OK reward 1.0
✓ [CAR 5] ACT=OK REP=0.816 RWD=0.000 PNL=0.000 CREDIT=12
[ATTACK-EMIT] CID:7 activeWindow=YES falsified=YES simT=30.192 realPX=671.080 fakePX=671.080 realSPD=15.000 fakeSPD=20.000 realTS=30.192 fakeTS=30.192 lane=99
[PASSIVE-BEACON] SIMNOW:30.206 CID:7 ZONE:2 RXUAV:2 EDGEPORT:9996 TS:30.192 SPD:20.000 HDG:0.000 PX:671.100 PY:-30.000 LAN:99 BRK:0 RX_X:0.000 RX_Y:0.000 RX_Z:0.000
[ATTACK-EMIT] CID:1 activeWindow=YES falsified=YES simT=30.220 realPX=641.500 fakePX=641.500 realSPD=15.000 fakeSPD=20.000 realTS=30.220 fakeTS=30.220 lane=99
[PASSIVE-BEACON] SIMNOW:30.234 CID:1 ZONE:2 RXUAV:2 EDGEPORT:9996 TS:30.220 SPD:20.000 HDG:0.000 PX:641.500 PY:-20.000 LAN:99 BRK:1 RX_X:0.000 RX_Y:0.000 RX_Z:0.000
[ATTACK-EMIT] CID:12 activeWindow=YES falsified=YES simT=30.244 realPX=691.860 fakePX=691.860 realSPD=15.000 fakeSPD=20.000 realTS=30.244 fakeTS=30.244 lane=99
[PASSIVE-BEACON] SIMNOW:30.258 CID:12 ZONE:2 RXUAV:2 EDGEPORT:9996 TS:30.244 SPD:20.000 HDG:0.000 PX:691.900 PY:-30.000 LAN:99 BRK:0 RX_X:0.000 RX_Y:0.000 RX_Z:0.000
[PASSIVE-BEACON] SIMNOW:30.260 CID:15 ZONE:2 RXUAV:2 EDGEPORT:9996 TS:30.246 SPD:14.900 HDG:-1.800 PX:691.300 PY:-10.000 LAN:1 BRK:1 RX_X:0.000 RX_Y:0.000 RX_Z:0.000
[ZONE-ROUTE] CID:15 zone=1 edge_port=9998
[EDGE-RTT] CID:15 wall=1.1 ms  sim_delay=5.0 ms
>>> [UAV->CLOUD] BLK:816a|TX:7.0.0.19|CID:15|TS:30.246|SPD:14.9|HDG:-1.8|PX:691.3|PY:-10....
[ECON-GATE] CID:15 probation active - suppressing OK reward 1.0
✓ [CAR 15] ACT=OK REP=0.491 RWD=0.000 PNL=0.000 CREDIT=12
[ATTACK-EMIT] CID:16 activeWindow=YES falsified=YES simT=30.286 realPX=702.490 fakePX=702.490 realSPD=15.000 fakeSPD=20.000 realTS=30.286 fakeTS=30.286 lane=2
[ATTACK-EMIT] CID:6 activeWindow=YES falsified=YES simT=30.322 realPX=663.030 fakePX=571.396 realSPD=15.000 fakeSPD=20.000 realTS=30.322 fakeTS=29.822 lane=99
[ATTACK-EMIT] CID:14 activeWindow=YES falsified=YES simT=30.334 realPX=698.950 fakePX=561.414 realSPD=25.000 fakeSPD=20.000 realTS=30.334 fakeTS=29.834 lane=99
[PASSIVE-BEACON] SIMNOW:30.336 CID:6 ZONE:1 RXUAV:1 EDGEPORT:9998 TS:29.822 SPD:20.000 HDG:0.000 PX:571.400 PY:-20.000 LAN:99 BRK:0 RX_X:0.000 RX_Y:0.000 RX_Z:0.000
[PASSIVE-BEACON] SIMNOW:30.348 CID:14 ZONE:1 RXUAV:1 EDGEPORT:9998 TS:29.834 SPD:20.000 HDG:0.000 PX:561.400 PY:-50.000 LAN:99 BRK:0 RX_X:0.000 RX_Y:0.000 RX_Z:0.000
[ATTACK-EMIT] CID:0 activeWindow=YES falsified=YES simT=30.410 realPX=634.350 fakePX=634.350 realSPD=15.000 fakeSPD=20.000 realTS=30.410 fakeTS=30.410 lane=1
[PASSIVE-BEACON] SIMNOW:30.426 CID:11 ZONE:2 RXUAV:2 EDGEPORT:9996 TS:30.414 SPD:14.700 HDG:0.200 PX:683.900 PY:-20.000 LAN:2 BRK:1 RX_X:0.000 RX_Y:0.000 RX_Z:0.000
[ZONE-ROUTE] CID:11 zone=1 edge_port=9998
[EDGE-RTT] CID:11 wall=1.3 ms  sim_delay=5.0 ms
>>> [UAV->CLOUD] BLK:080b|TX:7.0.0.15|CID:11|TS:30.414|SPD:14.7|HDG:0.2|PX:683.9|PY:-20.0...
[ECON-GATE] CID:11 probation active - suppressing OK reward 1.0
✓ [CAR 11] ACT=OK REP=0.536 RWD=0.000 PNL=0.000 CREDIT=9
[ATTACK-EMIT] CID:13 activeWindow=YES falsified=YES simT=30.454 realPX=705.010 fakePX=705.010 realSPD=15.000 fakeSPD=20.000 realTS=30.454 fakeTS=30.454 lane=99
[PASSIVE-BEACON] SIMNOW:30.468 CID:13 ZONE:2 RXUAV:2 EDGEPORT:9996 TS:30.454 SPD:20.000 HDG:0.000 PX:705.000 PY:-40.000 LAN:99 BRK:0 RX_X:0.000 RX_Y:0.000 RX_Z:0.000
[PASSIVE-BEACON] SIMNOW:30.470 CID:17 ZONE:2 RXUAV:2 EDGEPORT:9996 TS:30.456 SPD:14.600 HDG:-1.500 PX:715.500 PY:-30.000 LAN:3 BRK:0 RX_X:0.000 RX_Y:0.000 RX_Z:0.000
[ZONE-ROUTE] CID:17 zone=1 edge_port=9998
[EDGE-RTT] CID:17 wall=1.2 ms  sim_delay=5.0 ms
>>> [UAV->CLOUD] BLK:fbe4|TX:7.0.0.21|CID:17|TS:30.456|SPD:14.6|HDG:-1.5|PX:715.5|PY:-30....
[ECON-GATE] CID:17 probation active - suppressing OK reward 1.0
✓ [CAR 17] ACT=OK REP=0.758 RWD=0.000 PNL=0.000 CREDIT=5
[ATTACK-EMIT] CID:8 activeWindow=YES falsified=YES simT=30.552 realPX=686.480 fakePX=686.480 realSPD=15.000 fakeSPD=20.000 realTS=30.552 fakeTS=30.552 lane=99
[ATTACK-EMIT] CID:10 activeWindow=YES falsified=YES simT=30.564 realPX=676.660 fakePX=569.562 realSPD=15.000 fakeSPD=20.000 realTS=30.564 fakeTS=30.064 lane=99
[PASSIVE-BEACON] SIMNOW:30.566 CID:8 ZONE:2 RXUAV:2 EDGEPORT:9996 TS:30.552 SPD:20.000 HDG:0.000 PX:686.500 PY:-40.000 LAN:99 BRK:0 RX_X:0.000 RX_Y:0.000 RX_Z:0.000
[ATTACK-EMIT] CID:2 activeWindow=YES falsified=YES simT=30.570 realPX=656.750 fakePX=656.750 realSPD=15.000 fakeSPD=20.000 realTS=30.570 fakeTS=30.570 lane=3
[PASSIVE-BEACON] SIMNOW:30.578 CID:10 ZONE:1 RXUAV:1 EDGEPORT:9998 TS:30.064 SPD:20.000 HDG:0.000 PX:569.600 PY:-10.000 LAN:99 BRK:0 RX_X:0.000 RX_Y:0.000 RX_Z:0.000
[ATTACK-EMIT] CID:4 activeWindow=YES falsified=YES simT=30.600 realPX=665.600 fakePX=565.678 realSPD=25.000 fakeSPD=20.000 realTS=30.600 fakeTS=30.100 lane=5
[PASSIVE-BEACON] SIMNOW:30.614 CID:4 ZONE:1 RXUAV:1 EDGEPORT:9998 TS:30.100 SPD:20.000 HDG:0.000 PX:565.700 PY:-50.000 LAN:5 BRK:0 RX_X:0.000 RX_Y:0.000 RX_Z:0.000
[ZONE-ROUTE] CID:4 zone=1 edge_port=9998
[EDGE-RTT] CID:4 wall=1.2 ms  sim_delay=5.0 ms
[NASH-GATE] CID:4 p=0.4 p*=0.3 rho_hat=0.4 Nash=BAN windowHits=1/4 -> WARN (pending confirmation)
[ECON-CLAWBACK] CID:4 ACT=WARN prior_payoff=-34.2 extra_penalty=4.5 new_payoff=-38.9
[FORGIVENESS] CID:4 WARN #15 — streak reset, benefits revoked
⚠ [CAR 4] ACT=WARN REP=0.821 RWD=0.000 PNL=4.691 CREDIT=0
[PASSIVE-BEACON] SIMNOW:30.636 CID:9 ZONE:2 RXUAV:2 EDGEPORT:9996 TS:30.622 SPD:25.400 HDG:0.200 PX:686.800 PY:-50.000 LAN:5 BRK:0 RX_X:0.000 RX_Y:0.000 RX_Z:0.000
[HTD] CID:9 handover Z1->Z2 trust discounted at PX=686.8 delta=0.3 alpha:19.9->7.4 beta:13.0->4.6 obs/window reset probationK=10
[CUSUM] CID:9 activated at HANDOVER Z1->Z2 PX=686.8 warmupK=0 mu0=0.2 h=0.8 minObs=3 edgeMax=0.5
[ZONE-ROUTE] CID:9 zone=2 edge_port=9996
[EDGE-RTT] CID:9 wall=1.4 ms  sim_delay=5.0 ms
[CUSUM] CID:9 S=0.000/0.800 pEdge=0.206 pCusum=0.020
[POST-HANDOVER] CID:9 zone=2 pkt=1/10 credit_factor=0.150
>>> [UAV->CLOUD] BLK:a3ce|TX:7.0.0.13|CID:9|TS:30.622|SPD:25.4|HDG:0.2|PX:686.8|PY:-50.0|...
[ECON-CLAWBACK] CID:9 ACT=WARN prior_payoff=-65.589 extra_penalty=6.000 new_payoff=-71.692
[FORGIVENESS] CID:9 WARN #21 — streak reset, benefits revoked
⚠ [CAR 9] ACT=WARN REP=0.666 RWD=0.000 PNL=6.103 CREDIT=-2
[PASSIVE-BEACON] SIMNOW:30.656 CID:5 ZONE:2 RXUAV:2 EDGEPORT:9996 TS:30.642 SPD:15.000 HDG:-1.400 PX:657.400 PY:-10.000 LAN:1 BRK:0 RX_X:0.000 RX_Y:0.000 RX_Z:0.000
[HTD] CID:5 handover Z1->Z2 trust discounted at PX=657.4 delta=0.3 alpha:18.0->6.8 beta:15.4->5.3 obs/window reset probationK=10
[CUSUM] CID:5 activated at HANDOVER Z1->Z2 PX=657.4 warmupK=0 mu0=0.2 h=0.8 minObs=3 edgeMax=0.5
[ZONE-ROUTE] CID:5 zone=2 edge_port=9996
[EDGE-RTT] CID:5 wall=1.1 ms  sim_delay=10.0 ms
[CUSUM] CID:5 S=0.000/0.800 pEdge=0.000 pCusum=0.020
[POST-HANDOVER] CID:5 zone=2 pkt=1/10 credit_factor=0.150
>>> [UAV->CLOUD] BLK:e4a7|TX:7.0.0.9|CID:5|TS:30.642|SPD:15.0|HDG:-1.4|PX:657.4|PY:-10.0|...
[PASSIVE-BEACON] SIMNOW:30.660 CID:18 ZONE:2 RXUAV:2 EDGEPORT:9996 TS:30.646 SPD:14.700 HDG:-0.200 PX:728.500 PY:-40.000 LAN:99 BRK:1 RX_X:0.000 RX_Y:0.000 RX_Z:0.000
[ECON-GATE] CID:5 probation active - suppressing OK reward 1.000
✓ [CAR 5] ACT=OK REP=0.483 RWD=0.000 PNL=0.000 CREDIT=13
[ATTACK-EMIT] CID:7 activeWindow=YES falsified=YES simT=30.692 realPX=678.580 fakePX=570.424 realSPD=15.000 fakeSPD=20.000 realTS=30.692 fakeTS=30.192 lane=99
[PASSIVE-BEACON] SIMNOW:30.706 CID:7 ZONE:1 RXUAV:1 EDGEPORT:9998 TS:30.192 SPD:20.000 HDG:0.000 PX:570.400 PY:-30.000 LAN:99 BRK:0 RX_X:0.000 RX_Y:0.000 RX_Z:0.000
[ATTACK-EMIT] CID:1 activeWindow=YES falsified=YES simT=30.720 realPX=649.000 fakePX=561.220 realSPD=15.000 fakeSPD=20.000 realTS=30.720 fakeTS=30.220 lane=99
[PASSIVE-BEACON] SIMNOW:30.734 CID:1 ZONE:1 RXUAV:1 EDGEPORT:9998 TS:30.220 SPD:20.000 HDG:0.000 PX:561.200 PY:-20.000 LAN:99 BRK:0 RX_X:0.000 RX_Y:0.000 RX_Z:0.000
[ATTACK-EMIT] CID:12 activeWindow=YES falsified=YES simT=30.744 realPX=699.360 fakePX=699.360 realSPD=15.000 fakeSPD=20.000 realTS=30.744 fakeTS=30.744 lane=99
[PASSIVE-BEACON] SIMNOW:30.758 CID:12 ZONE:2 RXUAV:2 EDGEPORT:9996 TS:30.744 SPD:20.000 HDG:0.000 PX:699.400 PY:-30.000 LAN:99 BRK:0 RX_X:0.000 RX_Y:0.000 RX_Z:0.000
[PASSIVE-BEACON] SIMNOW:30.760 CID:15 ZONE:2 RXUAV:2 EDGEPORT:9996 TS:30.746 SPD:15.400 HDG:-1.200 PX:699.500 PY:-10.000 LAN:1 BRK:0 RX_X:0.000 RX_Y:0.000 RX_Z:0.000
[HTD] CID:15 handover Z1->Z2 trust discounted at PX=699.5 delta=0.3 alpha:18.5->6.9 beta:15.3->5.3 obs/window reset probationK=10
[CUSUM] CID:15 activated at HANDOVER Z1->Z2 PX=699.5 warmupK=0 mu0=0.2 h=0.8 minObs=3 edgeMax=0.5
[ZONE-ROUTE] CID:15 zone=2 edge_port=9996
[EDGE-RTT] CID:15 wall=1.5 ms  sim_delay=5.0 ms
[CUSUM] CID:15 S=0.000/0.800 pEdge=0.000 pCusum=0.020
[POST-HANDOVER] CID:15 zone=2 pkt=1/10 credit_factor=0.150
>>> [UAV->CLOUD] BLK:f385|TX:7.0.0.19|CID:15|TS:30.746|SPD:15.4|HDG:-1.2|PX:699.5|PY:-10....
[ECON-GATE] CID:15 probation active - suppressing OK reward 1.000
✓ [CAR 15] ACT=OK REP=0.436 RWD=0.000 PNL=0.000 CREDIT=13
[ATTACK-EMIT] CID:16 activeWindow=YES falsified=YES simT=30.786 realPX=709.990 fakePX=709.990 realSPD=15.000 fakeSPD=20.000 realTS=30.786 fakeTS=30.786 lane=2
[ATTACK-EMIT] CID:6 activeWindow=YES falsified=YES simT=30.822 realPX=670.530 fakePX=670.530 realSPD=15.000 fakeSPD=20.000 realTS=30.822 fakeTS=30.822 lane=99
[ATTACK-EMIT] CID:14 activeWindow=YES falsified=YES simT=30.834 realPX=711.450 fakePX=711.450 realSPD=25.000 fakeSPD=20.000 realTS=30.834 fakeTS=30.834 lane=99
[PASSIVE-BEACON] SIMNOW:30.836 CID:6 ZONE:2 RXUAV:2 EDGEPORT:9996 TS:30.822 SPD:20.000 HDG:0.000 PX:670.500 PY:-20.000 LAN:99 BRK:0 RX_X:0.000 RX_Y:0.000 RX_Z:0.000
[PASSIVE-BEACON] SIMNOW:30.848 CID:14 ZONE:2 RXUAV:2 EDGEPORT:9996 TS:30.834 SPD:20.000 HDG:0.000 PX:711.500 PY:-50.000 LAN:99 BRK:0 RX_X:0.000 RX_Y:0.000 RX_Z:0.000
[ATTACK-EMIT] CID:0 activeWindow=YES falsified=YES simT=30.910 realPX=641.850 fakePX=641.850 realSPD=15.000 fakeSPD=20.000 realTS=30.910 fakeTS=30.910 lane=1
[PASSIVE-BEACON] SIMNOW:30.928 CID:11 ZONE:2 RXUAV:2 EDGEPORT:9996 TS:30.914 SPD:14.500 HDG:0.400 PX:691.300 PY:-20.000 LAN:2 BRK:0 RX_X:0.000 RX_Y:0.000 RX_Z:0.000
[HTD] CID:11 handover Z1->Z2 trust discounted at PX=691.3 delta=0.3 alpha:18.9->7.1 beta:14.7->5.1 obs/window reset probationK=10
[CUSUM] CID:11 activated at HANDOVER Z1->Z2 PX=691.3 warmupK=0 mu0=0.2 h=0.8 minObs=3 edgeMax=0.5
[ZONE-ROUTE] CID:11 zone=2 edge_port=9996
[EDGE-RTT] CID:11 wall=1.9 ms  sim_delay=5.0 ms
[CUSUM] CID:11 S=0.000/0.800 pEdge=0.000 pCusum=0.020
[POST-HANDOVER] CID:11 zone=2 pkt=1/10 credit_factor=0.150
>>> [UAV->CLOUD] BLK:cda2|TX:7.0.0.15|CID:11|TS:30.914|SPD:14.5|HDG:0.4|PX:691.3|PY:-20.0...
[ECON-GATE] CID:11 probation active - suppressing OK reward 1.000
✓ [CAR 11] ACT=OK REP=0.782 RWD=0.000 PNL=0.000 CREDIT=10
[ATTACK-EMIT] CID:13 activeWindow=YES falsified=YES simT=30.954 realPX=712.510 fakePX=712.510 realSPD=15.000 fakeSPD=20.000 realTS=30.954 fakeTS=30.954 lane=99
[PASSIVE-BEACON] SIMNOW:30.968 CID:13 ZONE:2 RXUAV:2 EDGEPORT:9996 TS:30.954 SPD:20.000 HDG:0.000 PX:712.500 PY:-40.000 LAN:99 BRK:0 RX_X:0.000 RX_Y:0.000 RX_Z:0.000
[PASSIVE-BEACON] SIMNOW:30.973 CID:17 ZONE:2 RXUAV:2 EDGEPORT:9996 TS:30.956 SPD:15.200 HDG:1.900 PX:722.800 PY:-30.000 LAN:3 BRK:0 RX_X:0.000 RX_Y:0.000 RX_Z:0.000
[HTD] CID:17 handover Z1->Z2 trust discounted at PX=722.8 delta=0.3 alpha:18.5->6.9 beta:15.2->5.3 obs/window reset probationK=10
[CUSUM] CID:17 activated at HANDOVER Z1->Z2 PX=722.8 warmupK=0 mu0=0.2 h=0.8 minObs=3 edgeMax=0.5
[ZONE-ROUTE] CID:17 zone=2 edge_port=9996
[EDGE-RTT] CID:17 wall=1.4 ms  sim_delay=5.0 ms
[CUSUM] CID:17 S=0.000/0.800 pEdge=0.000 pCusum=0.020
[POST-HANDOVER] CID:17 zone=2 pkt=1/10 credit_factor=0.150
>>> [UAV->CLOUD] BLK:f236|TX:7.0.0.21|CID:17|TS:30.956|SPD:15.2|HDG:1.9|PX:722.8|PY:-30.0...
[ECON-GATE] CID:17 probation active - suppressing OK reward 1.000
✓ [CAR 17] ACT=OK REP=0.779 RWD=0.000 PNL=0.000 CREDIT=6
[ATTACK-EMIT] CID:8 activeWindow=YES falsified=YES simT=31.052 realPX=693.980 fakePX=569.460 realSPD=15.000 fakeSPD=20.000 realTS=31.052 fakeTS=30.552 lane=99
[ATTACK-EMIT] CID:10 activeWindow=YES falsified=YES simT=31.064 realPX=684.160 fakePX=684.160 realSPD=15.000 fakeSPD=20.000 realTS=31.064 fakeTS=31.064 lane=99
[PASSIVE-BEACON] SIMNOW:31.066 CID:8 ZONE:1 RXUAV:1 EDGEPORT:9998 TS:30.552 SPD:20.000 HDG:0.000 PX:569.500 PY:-40.000 LAN:99 BRK:0 RX_X:0.000 RX_Y:0.000 RX_Z:0.000
[ATTACK-EMIT] CID:2 activeWindow=YES falsified=YES simT=31.070 realPX=664.250 fakePX=664.250 realSPD=15.000 fakeSPD=20.000 realTS=31.070 fakeTS=31.070 lane=3
[PASSIVE-BEACON] SIMNOW:31.081 CID:10 ZONE:2 RXUAV:2 EDGEPORT:9996 TS:31.064 SPD:20.000 HDG:0.000 PX:684.200 PY:-10.000 LAN:99 BRK:0 RX_X:0.000 RX_Y:0.000 RX_Z:0.000
[ATTACK-EMIT] CID:4 activeWindow=YES falsified=YES simT=31.100 realPX=678.100 fakePX=678.100 realSPD=25.000 fakeSPD=20.000 realTS=31.100 fakeTS=31.100 lane=5
[PASSIVE-BEACON] SIMNOW:31.114 CID:4 ZONE:2 RXUAV:2 EDGEPORT:9996 TS:31.100 SPD:20.000 HDG:0.000 PX:678.100 PY:-50.000 LAN:5 BRK:1 RX_X:0.000 RX_Y:0.000 RX_Z:0.000
[HTD] CID:4 handover Z1->Z2 trust discounted at PX=678.1 delta=0.3 alpha:23.3->8.4 beta:12.2->4.4 obs/window reset probationK=10
[CUSUM] CID:4 activated at HANDOVER Z1->Z2 PX=678.1 warmupK=0 mu0=0.2 h=0.8 minObs=3 edgeMax=0.5
[ZONE-ROUTE] CID:4 zone=2 edge_port=9996
[EDGE-RTT] CID:4 wall=1.6 ms  sim_delay=5.0 ms
[CUSUM] CID:4 S=0.000/0.800 pEdge=0.001 pCusum=0.020
[POST-HANDOVER] CID:4 zone=2 pkt=1/10 credit_factor=0.150
>>> [UAV->CLOUD] BLK:1673|TX:7.0.0.8|CID:4|TS:31.100|SPD:20.0|HDG:0.0|PX:678.1|PY:-50.0|L...
[ECON-GATE] CID:4 probation active - suppressing OK reward 0.999
✓ [CAR 4] ACT=OK REP=0.860 RWD=0.000 PNL=0.000 CREDIT=2
[PASSIVE-BEACON] SIMNOW:31.136 CID:9 ZONE:2 RXUAV:2 EDGEPORT:9996 TS:31.122 SPD:25.000 HDG:-0.500 PX:698.000 PY:-50.000 LAN:5 BRK:0 RX_X:0.000 RX_Y:0.000 RX_Z:0.000
[ZONE-ROUTE] CID:9 zone=2 edge_port=9996
[EDGE-RTT] CID:9 wall=1.5 ms  sim_delay=5.0 ms
[CUSUM] CID:9 S=0.000/0.800 pEdge=0.204 pCusum=0.020
[POST-HANDOVER] CID:9 zone=2 pkt=2/10 credit_factor=0.150
>>> [UAV->CLOUD] BLK:8162|TX:7.0.0.13|CID:9|TS:31.122|SPD:25.0|HDG:-0.5|PX:698.0|PY:-50.0...
[ECON-CLAWBACK] CID:9 ACT=WARN prior_payoff=-71.692 extra_penalty=6.250 new_payoff=-78.044
[FORGIVENESS] CID:9 WARN #22 — streak reset, benefits revoked
⚠ [CAR 9] ACT=WARN REP=0.538 RWD=0.000 PNL=6.352 CREDIT=-2
[PASSIVE-BEACON] SIMNOW:31.157 CID:5 ZONE:2 RXUAV:2 EDGEPORT:9996 TS:31.142 SPD:14.900 HDG:1.900 PX:665.700 PY:-10.000 LAN:1 BRK:1 RX_X:0.000 RX_Y:0.000 RX_Z:0.000
[ZONE-ROUTE] CID:5 zone=2 edge_port=9996
[EDGE-RTT] CID:5 wall=1.3 ms  sim_delay=10.0 ms
[CUSUM] CID:5 S=0.000/0.800 pEdge=0.000 pCusum=0.020
[POST-HANDOVER] CID:5 zone=2 pkt=2/10 credit_factor=0.150
>>> [UAV->CLOUD] BLK:8e80|TX:7.0.0.9|CID:5|TS:31.142|SPD:14.9|HDG:1.9|PX:665.7|PY:-10.0|L...
[PASSIVE-BEACON] SIMNOW:31.160 CID:18 ZONE:2 RXUAV:2 EDGEPORT:9996 TS:31.146 SPD:15.500 HDG:-0.600 PX:734.700 PY:-40.000 LAN:99 BRK:0 RX_X:0.000 RX_Y:0.000 RX_Z:0.000
[ECON-GATE] CID:5 probation active - suppressing OK reward 1.000
[ECON-RESTORE] CID:5 probation cleared after 15 clean packets
✓ [CAR 5] ACT=OK REP=0.503 RWD=0.000 PNL=0.000 CREDIT=14
[ATTACK-EMIT] CID:7 activeWindow=YES falsified=YES simT=31.192 realPX=686.080 fakePX=686.080 realSPD=15.000 fakeSPD=20.000 realTS=31.192 fakeTS=31.192 lane=99
[PASSIVE-BEACON] SIMNOW:31.206 CID:7 ZONE:2 RXUAV:2 EDGEPORT:9996 TS:31.192 SPD:20.000 HDG:0.000 PX:686.100 PY:-30.000 LAN:99 BRK:0 RX_X:0.000 RX_Y:0.000 RX_Z:0.000
[ATTACK-EMIT] CID:1 activeWindow=YES falsified=YES simT=31.220 realPX=656.500 fakePX=656.500 realSPD=15.000 fakeSPD=20.000 realTS=31.220 fakeTS=31.220 lane=99
[PASSIVE-BEACON] SIMNOW:31.233 CID:1 ZONE:2 RXUAV:2 EDGEPORT:9996 TS:31.220 SPD:20.000 HDG:0.000 PX:656.500 PY:-20.000 LAN:99 BRK:1 RX_X:0.000 RX_Y:0.000 RX_Z:0.000
[ATTACK-EMIT] CID:12 activeWindow=YES falsified=YES simT=31.244 realPX=706.860 fakePX=566.418 realSPD=15.000 fakeSPD=20.000 realTS=31.244 fakeTS=30.744 lane=99
[PASSIVE-BEACON] SIMNOW:31.258 CID:12 ZONE:1 RXUAV:1 EDGEPORT:9998 TS:30.744 SPD:20.000 HDG:0.000 PX:566.400 PY:-30.000 LAN:99 BRK:0 RX_X:0.000 RX_Y:0.000 RX_Z:0.000
[PASSIVE-BEACON] SIMNOW:31.260 CID:15 ZONE:2 RXUAV:2 EDGEPORT:9996 TS:31.246 SPD:15.000 HDG:-0.200 PX:707.400 PY:-10.000 LAN:1 BRK:0 RX_X:0.000 RX_Y:0.000 RX_Z:0.000
[ZONE-ROUTE] CID:15 zone=2 edge_port=9996
[EDGE-RTT] CID:15 wall=1.3 ms  sim_delay=5.0 ms
[CUSUM] CID:15 S=0.000/0.800 pEdge=0.000 pCusum=0.020
[POST-HANDOVER] CID:15 zone=2 pkt=2/10 credit_factor=0.150
>>> [UAV->CLOUD] BLK:7e34|TX:7.0.0.19|CID:15|TS:31.246|SPD:15.0|HDG:-0.2|PX:707.4|PY:-10....
[ECON-GATE] CID:15 probation active - suppressing OK reward 1.000
[ECON-RESTORE] CID:15 probation cleared after 15 clean packets
✓ [CAR 15] ACT=OK REP=0.454 RWD=0.000 PNL=0.000 CREDIT=14
[ATTACK-EMIT] CID:16 activeWindow=YES falsified=YES simT=31.286 realPX=717.490 fakePX=560.148 realSPD=15.000 fakeSPD=22.000 realTS=31.286 fakeTS=30.786 lane=2
[ATTACK-EMIT] CID:6 activeWindow=YES falsified=YES simT=31.322 realPX=678.030 fakePX=678.030 realSPD=15.000 fakeSPD=20.000 realTS=31.322 fakeTS=31.322 lane=99
[PASSIVE-BEACON] SIMNOW:31.336 CID:6 ZONE:2 RXUAV:2 EDGEPORT:9996 TS:31.322 SPD:20.000 HDG:0.000 PX:678.000 PY:-20.000 LAN:99 BRK:0 RX_X:0.000 RX_Y:0.000 RX_Z:0.000
[PASSIVE-BEACON] SIMNOW:31.347 CID:14 ZONE:2 RXUAV:2 EDGEPORT:9996 TS:31.334 SPD:25.400 HDG:-1.400 PX:724.000 PY:-50.000 LAN:99 BRK:0 RX_X:0.000 RX_Y:0.000 RX_Z:0.000
[ATTACK-EMIT] CID:0 activeWindow=YES falsified=YES simT=31.410 realPX=649.350 fakePX=567.138 realSPD=15.000 fakeSPD=22.000 realTS=31.410 fakeTS=30.910 lane=1
[PASSIVE-BEACON] SIMNOW:31.428 CID:11 ZONE:2 RXUAV:2 EDGEPORT:9996 TS:31.414 SPD:15.000 HDG:0.600 PX:699.200 PY:-20.000 LAN:2 BRK:1 RX_X:0.000 RX_Y:0.000 RX_Z:0.000
[ZONE-ROUTE] CID:11 zone=2 edge_port=9996
[EDGE-RTT] CID:11 wall=1.6 ms  sim_delay=5.0 ms
[CUSUM] CID:11 S=0.000/0.800 pEdge=0.000 pCusum=0.020
[POST-HANDOVER] CID:11 zone=2 pkt=2/10 credit_factor=0.150
>>> [UAV->CLOUD] BLK:fa77|TX:7.0.0.15|CID:11|TS:31.414|SPD:15.0|HDG:0.6|PX:699.2|PY:-20.0...
[ECON-GATE] CID:11 probation active - suppressing OK reward 1.000
✓ [CAR 11] ACT=OK REP=0.962 RWD=0.000 PNL=0.000 CREDIT=11
[PASSIVE-BEACON] SIMNOW:31.468 CID:13 ZONE:2 RXUAV:2 EDGEPORT:9996 TS:31.454 SPD:15.200 HDG:-1.900 PX:719.600 PY:-40.000 LAN:99 BRK:0 RX_X:0.000 RX_Y:0.000 RX_Z:0.000
[PASSIVE-BEACON] SIMNOW:31.470 CID:17 ZONE:2 RXUAV:2 EDGEPORT:9996 TS:31.456 SPD:14.700 HDG:-0.400 PX:729.300 PY:-30.000 LAN:3 BRK:0 RX_X:0.000 RX_Y:0.000 RX_Z:0.000
[ZONE-ROUTE] CID:17 zone=2 edge_port=9996
[EDGE-RTT] CID:17 wall=1.6 ms  sim_delay=5.0 ms
[CUSUM] CID:17 S=0.000/0.800 pEdge=0.000 pCusum=0.020
[POST-HANDOVER] CID:17 zone=2 pkt=2/10 credit_factor=0.150
>>> [UAV->CLOUD] BLK:36f6|TX:7.0.0.21|CID:17|TS:31.456|SPD:14.7|HDG:-0.4|PX:729.3|PY:-30....
[ECON-GATE] CID:17 probation active - suppressing OK reward 1.000
✓ [CAR 17] ACT=OK REP=1.000 RWD=0.000 PNL=0.000 CREDIT=7
[ATTACK-EMIT] CID:8 activeWindow=YES falsified=YES simT=31.552 realPX=701.480 fakePX=701.480 realSPD=15.000 fakeSPD=20.000 realTS=31.552 fakeTS=31.552 lane=99
[ATTACK-EMIT] CID:10 activeWindow=YES falsified=YES simT=31.564 realPX=691.660 fakePX=691.660 realSPD=15.000 fakeSPD=20.000 realTS=31.564 fakeTS=31.564 lane=99
[PASSIVE-BEACON] SIMNOW:31.566 CID:8 ZONE:2 RXUAV:2 EDGEPORT:9996 TS:31.552 SPD:20.000 HDG:0.000 PX:701.500 PY:-40.000 LAN:99 BRK:0 RX_X:0.000 RX_Y:0.000 RX_Z:0.000
[ATTACK-EMIT] CID:2 activeWindow=YES falsified=YES simT=31.570 realPX=671.750 fakePX=572.602 realSPD=15.000 fakeSPD=22.000 realTS=31.570 fakeTS=31.070 lane=3
[PASSIVE-BEACON] SIMNOW:31.578 CID:10 ZONE:2 RXUAV:2 EDGEPORT:9996 TS:31.564 SPD:20.000 HDG:0.000 PX:691.700 PY:-10.000 LAN:99 BRK:0 RX_X:0.000 RX_Y:0.000 RX_Z:0.000
[ATTACK-EMIT] CID:4 activeWindow=YES falsified=YES simT=31.600 realPX=690.600 fakePX=690.600 realSPD=25.000 fakeSPD=20.000 realTS=31.600 fakeTS=31.600 lane=5
[PASSIVE-BEACON] SIMNOW:31.613 CID:4 ZONE:2 RXUAV:2 EDGEPORT:9996 TS:31.600 SPD:20.000 HDG:0.000 PX:690.600 PY:-50.000 LAN:5 BRK:0 RX_X:0.000 RX_Y:0.000 RX_Z:0.000
[ZONE-ROUTE] CID:4 zone=2 edge_port=9996
[EDGE-RTT] CID:4 wall=1.7 ms  sim_delay=5.0 ms
[CUSUM] CID:4 S=0.000/0.800 pEdge=0.000 pCusum=0.020
[POST-HANDOVER] CID:4 zone=2 pkt=2/10 credit_factor=0.150
>>> [UAV->CLOUD] BLK:addd|TX:7.0.0.8|CID:4|TS:31.600|SPD:20.0|HDG:0.0|PX:690.6|PY:-50.0|L...
[ECON-GATE] CID:4 probation active - suppressing OK reward 1.000
✓ [CAR 4] ACT=OK REP=0.951 RWD=0.000 PNL=0.000 CREDIT=3
[PASSIVE-BEACON] SIMNOW:31.640 CID:9 ZONE:2 RXUAV:2 EDGEPORT:9996 TS:31.622 SPD:24.800 HDG:-0.600 PX:710.500 PY:-50.000 LAN:5 BRK:0 RX_X:0.000 RX_Y:0.000 RX_Z:0.000
[ZONE-ROUTE] CID:9 zone=2 edge_port=9996
[EDGE-RTT] CID:9 wall=1.5 ms  sim_delay=5.0 ms
[CUSUM] CID:9 S=0.000/0.800 pEdge=0.212 pCusum=0.020
[POST-HANDOVER] CID:9 zone=2 pkt=3/10 credit_factor=0.150
>>> [UAV->CLOUD] BLK:3dba|TX:7.0.0.13|CID:9|TS:31.622|SPD:24.8|HDG:-0.6|PX:710.5|PY:-50.0...
[ECON-CLAWBACK] CID:9 ACT=WARN prior_payoff=-78.044 extra_penalty=6.500 new_payoff=-84.650
[FORGIVENESS] CID:9 WARN #23 — streak reset, benefits revoked
⚠ [CAR 9] ACT=WARN REP=0.620 RWD=0.000 PNL=6.606 CREDIT=-2
[PASSIVE-BEACON] SIMNOW:31.656 CID:5 ZONE:2 RXUAV:2 EDGEPORT:9996 TS:31.642 SPD:14.600 HDG:-1.800 PX:672.500 PY:-10.000 LAN:1 BRK:0 RX_X:0.000 RX_Y:0.000 RX_Z:0.000
[ZONE-ROUTE] CID:5 zone=2 edge_port=9996
[EDGE-RTT] CID:5 wall=1.6 ms  sim_delay=10.0 ms
[CUSUM] CID:5 S=0.000/0.800 pEdge=0.000 pCusum=0.020
[POST-HANDOVER] CID:5 zone=2 pkt=3/10 credit_factor=0.150
>>> [UAV->CLOUD] BLK:30e1|TX:7.0.0.9|CID:5|TS:31.642|SPD:14.6|HDG:-1.8|PX:672.5|PY:-10.0|...
[PASSIVE-BEACON] SIMNOW:31.658 CID:18 ZONE:2 RXUAV:2 EDGEPORT:9996 TS:31.646 SPD:14.800 HDG:-0.100 PX:743.100 PY:-40.000 LAN:99 BRK:0 RX_X:0.000 RX_Y:0.000 RX_Z:0.000
✓ [CAR 5] ACT=OK REP=0.713 RWD=1.000 PNL=0.000 CREDIT=15
[ATTACK-EMIT] CID:7 activeWindow=YES falsified=YES simT=31.692 realPX=693.580 fakePX=693.580 realSPD=15.000 fakeSPD=20.000 realTS=31.692 fakeTS=31.692 lane=99
[PASSIVE-BEACON] SIMNOW:31.706 CID:7 ZONE:2 RXUAV:2 EDGEPORT:9996 TS:31.692 SPD:20.000 HDG:0.000 PX:693.600 PY:-30.000 LAN:99 BRK:0 RX_X:0.000 RX_Y:0.000 RX_Z:0.000
[ATTACK-EMIT] CID:1 activeWindow=YES falsified=YES simT=31.720 realPX=664.000 fakePX=664.000 realSPD=15.000 fakeSPD=20.000 realTS=31.720 fakeTS=31.720 lane=99
[PASSIVE-BEACON] SIMNOW:31.734 CID:1 ZONE:2 RXUAV:2 EDGEPORT:9996 TS:31.720 SPD:20.000 HDG:0.000 PX:664.000 PY:-20.000 LAN:99 BRK:0 RX_X:0.000 RX_Y:0.000 RX_Z:0.000
[ATTACK-EMIT] CID:12 activeWindow=YES falsified=YES simT=31.744 realPX=714.360 fakePX=714.360 realSPD=15.000 fakeSPD=20.000 realTS=31.744 fakeTS=31.744 lane=99
[PASSIVE-BEACON] SIMNOW:31.758 CID:12 ZONE:2 RXUAV:2 EDGEPORT:9996 TS:31.744 SPD:20.000 HDG:0.000 PX:714.400 PY:-30.000 LAN:99 BRK:0 RX_X:0.000 RX_Y:0.000 RX_Z:0.000
[PASSIVE-BEACON] SIMNOW:31.760 CID:15 ZONE:2 RXUAV:2 EDGEPORT:9996 TS:31.746 SPD:14.600 HDG:-1.700 PX:714.900 PY:-10.000 LAN:1 BRK:0 RX_X:0.000 RX_Y:0.000 RX_Z:0.000
[ZONE-ROUTE] CID:15 zone=2 edge_port=9996
[EDGE-RTT] CID:15 wall=1.4 ms  sim_delay=5.0 ms
[CUSUM] CID:15 S=0.000/0.800 pEdge=0.000 pCusum=0.020
[POST-HANDOVER] CID:15 zone=2 pkt=3/10 credit_factor=0.150
>>> [UAV->CLOUD] BLK:d42a|TX:7.0.0.19|CID:15|TS:31.746|SPD:14.6|HDG:-1.7|PX:714.9|PY:-10....
✓ [CAR 15] ACT=OK REP=0.545 RWD=1.000 PNL=0.000 CREDIT=15
[ATTACK-EMIT] CID:6 activeWindow=YES falsified=YES simT=31.822 realPX=685.530 fakePX=571.306 realSPD=15.000 fakeSPD=20.000 realTS=31.822 fakeTS=31.322 lane=99
[PASSIVE-BEACON] SIMNOW:31.836 CID:6 ZONE:1 RXUAV:1 EDGEPORT:9998 TS:31.322 SPD:20.000 HDG:0.000 PX:571.300 PY:-20.000 LAN:99 BRK:0 RX_X:0.000 RX_Y:0.000 RX_Z:0.000
[PASSIVE-BEACON] SIMNOW:31.851 CID:14 ZONE:2 RXUAV:2 EDGEPORT:9996 TS:31.834 SPD:15.100 HDG:-1.400 PX:735.500 PY:-50.000 LAN:99 BRK:0 RX_X:0.000 RX_Y:0.000 RX_Z:0.000
[ATTACK-EMIT] CID:0 activeWindow=YES falsified=YES simT=31.910 realPX=656.850 fakePX=656.850 realSPD=15.000 fakeSPD=20.000 realTS=31.910 fakeTS=31.910 lane=1
[PASSIVE-BEACON] SIMNOW:31.927 CID:11 ZONE:2 RXUAV:2 EDGEPORT:9996 TS:31.914 SPD:14.600 HDG:1.400 PX:706.900 PY:-20.000 LAN:2 BRK:0 RX_X:0.000 RX_Y:0.000 RX_Z:0.000
[ZONE-ROUTE] CID:11 zone=2 edge_port=9996
[EDGE-RTT] CID:11 wall=1.5 ms  sim_delay=5.0 ms
[CUSUM] CID:11 S=0.000/0.800 pEdge=0.000 pCusum=0.020
[POST-HANDOVER] CID:11 zone=2 pkt=3/10 credit_factor=0.150
>>> [UAV->CLOUD] BLK:6148|TX:7.0.0.15|CID:11|TS:31.914|SPD:14.6|HDG:1.4|PX:706.9|PY:-20.0...
[ECON-GATE] CID:11 probation active - suppressing OK reward 1.000
✓ [CAR 11] ACT=OK REP=0.581 RWD=0.000 PNL=0.000 CREDIT=12
[PASSIVE-BEACON] SIMNOW:31.968 CID:13 ZONE:2 RXUAV:2 EDGEPORT:9996 TS:31.954 SPD:15.500 HDG:1.500 PX:728.100 PY:-40.000 LAN:99 BRK:0 RX_X:0.000 RX_Y:0.000 RX_Z:0.000
[PASSIVE-BEACON] SIMNOW:31.971 CID:17 ZONE:2 RXUAV:2 EDGEPORT:9996 TS:31.956 SPD:15.000 HDG:-0.300 PX:737.600 PY:-30.000 LAN:3 BRK:0 RX_X:0.000 RX_Y:0.000 RX_Z:0.000
[ZONE-ROUTE] CID:17 zone=2 edge_port=9996
[EDGE-RTT] CID:17 wall=1.0 ms  sim_delay=5.0 ms
[CUSUM] CID:17 S=0.000/0.800 pEdge=0.000 pCusum=0.020
[POST-HANDOVER] CID:17 zone=2 pkt=3/10 credit_factor=0.150
>>> [UAV->CLOUD] BLK:0dda|TX:7.0.0.21|CID:17|TS:31.956|SPD:15.0|HDG:-0.3|PX:737.6|PY:-30....
[ECON-GATE] CID:17 probation active - suppressing OK reward 1.000
✓ [CAR 17] ACT=OK REP=0.619 RWD=0.000 PNL=0.000 CREDIT=8
[ATTACK-EMIT] CID:8 activeWindow=YES falsified=YES simT=32.052 realPX=708.980 fakePX=708.980 realSPD=15.000 fakeSPD=20.000 realTS=32.052 fakeTS=32.052 lane=99
[ATTACK-EMIT] CID:10 activeWindow=YES falsified=YES simT=32.064 realPX=699.160 fakePX=569.652 realSPD=15.000 fakeSPD=20.000 realTS=32.064 fakeTS=31.564 lane=99
[PASSIVE-BEACON] SIMNOW:32.066 CID:8 ZONE:2 RXUAV:2 EDGEPORT:9996 TS:32.052 SPD:20.000 HDG:0.000 PX:709.000 PY:-40.000 LAN:99 BRK:0 RX_X:0.000 RX_Y:0.000 RX_Z:0.000
[ATTACK-EMIT] CID:2 activeWindow=YES falsified=YES simT=32.070 realPX=679.250 fakePX=679.250 realSPD=15.000 fakeSPD=20.000 realTS=32.070 fakeTS=32.070 lane=3
[PASSIVE-BEACON] SIMNOW:32.078 CID:10 ZONE:1 RXUAV:1 EDGEPORT:9998 TS:31.564 SPD:20.000 HDG:0.000 PX:569.700 PY:-10.000 LAN:99 BRK:0 RX_X:0.000 RX_Y:0.000 RX_Z:0.000
[ATTACK-EMIT] CID:4 activeWindow=YES falsified=YES simT=32.100 realPX=699.700 fakePX=565.756 realSPD=15.000 fakeSPD=20.000 realTS=32.100 fakeTS=31.600 lane=5
[PASSIVE-BEACON] SIMNOW:32.114 CID:4 ZONE:1 RXUAV:1 EDGEPORT:9998 TS:31.600 SPD:20.000 HDG:0.000 PX:565.800 PY:-50.000 LAN:5 BRK:0 RX_X:0.000 RX_Y:0.000 RX_Z:0.000
[ZONE-ROUTE] CID:4 zone=2 edge_port=9996
[EDGE-RTT] CID:4 wall=1.5 ms  sim_delay=5.0 ms
[CUSUM] CID:4 S=0.150/0.800 pEdge=0.290 pCusum=0.350
[POST-HANDOVER] CID:4 zone=2 pkt=3/10 credit_factor=0.150
>>> [UAV->CLOUD] BLK:5593|TX:7.0.0.8|CID:4|TS:31.600|SPD:20.0|HDG:0.0|PX:565.8|PY:-50.0|L...
[ECON-CLAWBACK] CID:4 ACT=WARN prior_payoff=-38.894 extra_penalty=4.750 new_payoff=-43.789
[FORGIVENESS] CID:4 WARN #16 — streak reset, benefits revoked
⚠ [CAR 4] ACT=WARN REP=0.936 RWD=0.000 PNL=4.895 CREDIT=2
[PASSIVE-BEACON] SIMNOW:32.136 CID:9 ZONE:2 RXUAV:2 EDGEPORT:9996 TS:32.122 SPD:15.500 HDG:-1.100 PX:720.100 PY:-50.000 LAN:5 BRK:0 RX_X:0.000 RX_Y:0.000 RX_Z:0.000
[ZONE-ROUTE] CID:9 zone=2 edge_port=9996
[EDGE-RTT] CID:9 wall=1.5 ms  sim_delay=5.0 ms
[CUSUM] CID:9 S=0.000/0.800 pEdge=0.021 pCusum=0.020
[POST-HANDOVER] CID:9 zone=2 pkt=4/10 credit_factor=0.150
>>> [UAV->CLOUD] BLK:e419|TX:7.0.0.13|CID:9|TS:32.122|SPD:15.5|HDG:-1.1|PX:720.1|PY:-50.0...
[ECON-GATE] CID:9 probation active - suppressing OK reward 0.979
✓ [CAR 9] ACT=OK REP=0.358 RWD=0.000 PNL=0.000 CREDIT=0
[PASSIVE-BEACON] SIMNOW:32.157 CID:5 ZONE:2 RXUAV:2 EDGEPORT:9996 TS:32.142 SPD:15.100 HDG:0.300 PX:679.900 PY:-10.000 LAN:1 BRK:0 RX_X:0.000 RX_Y:0.000 RX_Z:0.000
[ZONE-ROUTE] CID:5 zone=2 edge_port=9996
[EDGE-RTT] CID:5 wall=1.5 ms  sim_delay=10.0 ms
[CUSUM] CID:5 S=0.000/0.800 pEdge=0.000 pCusum=0.020
[POST-HANDOVER] CID:5 zone=2 pkt=4/10 credit_factor=0.150
>>> [UAV->CLOUD] BLK:9d1c|TX:7.0.0.9|CID:5|TS:32.142|SPD:15.1|HDG:0.3|PX:679.9|PY:-10.0|L...
[PASSIVE-BEACON] SIMNOW:32.163 CID:18 ZONE:2 RXUAV:2 EDGEPORT:9996 TS:32.146 SPD:14.700 HDG:-1.000 PX:751.000 PY:-40.000 LAN:99 BRK:0 RX_X:0.000 RX_Y:0.000 RX_Z:0.000
✓ [CAR 5] ACT=OK REP=0.544 RWD=1.000 PNL=0.000 CREDIT=16
[ATTACK-EMIT] CID:7 activeWindow=YES falsified=YES simT=32.192 realPX=701.080 fakePX=570.358 realSPD=15.000 fakeSPD=20.000 realTS=32.192 fakeTS=31.692 lane=99
[PASSIVE-BEACON] SIMNOW:32.206 CID:7 ZONE:1 RXUAV:1 EDGEPORT:9998 TS:31.692 SPD:20.000 HDG:0.000 PX:570.400 PY:-30.000 LAN:99 BRK:1 RX_X:0.000 RX_Y:0.000 RX_Z:0.000
[ATTACK-EMIT] CID:1 activeWindow=YES falsified=YES simT=32.220 realPX=671.500 fakePX=560.854 realSPD=15.000 fakeSPD=20.000 realTS=32.220 fakeTS=31.720 lane=99
[PASSIVE-BEACON] SIMNOW:32.234 CID:1 ZONE:1 RXUAV:1 EDGEPORT:9998 TS:31.720 SPD:20.000 HDG:0.000 PX:560.900 PY:-20.000 LAN:99 BRK:0 RX_X:0.000 RX_Y:0.000 RX_Z:0.000
[PASSIVE-BEACON] SIMNOW:32.258 CID:12 ZONE:2 RXUAV:2 EDGEPORT:9996 TS:32.244 SPD:14.800 HDG:1.500 PX:721.900 PY:-30.000 LAN:99 BRK:1 RX_X:0.000 RX_Y:0.000 RX_Z:0.000
[PASSIVE-BEACON] SIMNOW:32.263 CID:15 ZONE:2 RXUAV:2 EDGEPORT:9996 TS:32.246 SPD:15.000 HDG:0.200 PX:721.500 PY:-10.000 LAN:1 BRK:0 RX_X:0.000 RX_Y:0.000 RX_Z:0.000
[ZONE-ROUTE] CID:15 zone=2 edge_port=9996
[EDGE-RTT] CID:15 wall=1.6 ms  sim_delay=5.0 ms
[CUSUM] CID:15 S=0.000/0.800 pEdge=0.000 pCusum=0.020
[POST-HANDOVER] CID:15 zone=2 pkt=4/10 credit_factor=0.150
>>> [UAV->CLOUD] BLK:cff6|TX:7.0.0.19|CID:15|TS:32.246|SPD:15.0|HDG:0.2|PX:721.5|PY:-10.0...
✓ [CAR 15] ACT=OK REP=0.428 RWD=1.000 PNL=0.000 CREDIT=16
[ATTACK-EMIT] CID:6 activeWindow=YES falsified=YES simT=32.322 realPX=693.030 fakePX=693.030 realSPD=15.000 fakeSPD=20.000 realTS=32.322 fakeTS=32.322 lane=99
[PASSIVE-BEACON] SIMNOW:32.336 CID:6 ZONE:2 RXUAV:2 EDGEPORT:9996 TS:32.322 SPD:20.000 HDG:0.000 PX:693.000 PY:-20.000 LAN:99 BRK:0 RX_X:0.000 RX_Y:0.000 RX_Z:0.000
[PASSIVE-BEACON] SIMNOW:32.348 CID:14 ZONE:2 RXUAV:2 EDGEPORT:9996 TS:32.334 SPD:14.900 HDG:-1.100 PX:743.900 PY:-50.000 LAN:99 BRK:0 RX_X:0.000 RX_Y:0.000 RX_Z:0.000
[ATTACK-EMIT] CID:0 activeWindow=YES falsified=YES simT=32.410 realPX=664.350 fakePX=664.350 realSPD=15.000 fakeSPD=20.000 realTS=32.410 fakeTS=32.410 lane=1
[PASSIVE-BEACON] SIMNOW:32.428 CID:11 ZONE:2 RXUAV:2 EDGEPORT:9996 TS:32.414 SPD:15.000 HDG:-0.200 PX:714.900 PY:-20.000 LAN:2 BRK:0 RX_X:0.000 RX_Y:0.000 RX_Z:0.000
[ZONE-ROUTE] CID:11 zone=2 edge_port=9996
[EDGE-RTT] CID:11 wall=1.7 ms  sim_delay=5.0 ms
[CUSUM] CID:11 S=0.000/0.800 pEdge=0.000 pCusum=0.020
[POST-HANDOVER] CID:11 zone=2 pkt=4/10 credit_factor=0.150
>>> [UAV->CLOUD] BLK:8f2f|TX:7.0.0.15|CID:11|TS:32.414|SPD:15.0|HDG:-0.2|PX:714.9|PY:-20....
[ECON-GATE] CID:11 probation active - suppressing OK reward 1.000
✓ [CAR 11] ACT=OK REP=0.493 RWD=0.000 PNL=0.000 CREDIT=13
[PASSIVE-BEACON] SIMNOW:32.467 CID:13 ZONE:2 RXUAV:2 EDGEPORT:9996 TS:32.454 SPD:15.000 HDG:-1.000 PX:734.600 PY:-40.000 LAN:99 BRK:1 RX_X:0.000 RX_Y:0.000 RX_Z:0.000
[PASSIVE-BEACON] SIMNOW:32.470 CID:17 ZONE:2 RXUAV:2 EDGEPORT:9996 TS:32.456 SPD:15.000 HDG:0.100 PX:745.000 PY:-30.000 LAN:3 BRK:0 RX_X:0.000 RX_Y:0.000 RX_Z:0.000
[ZONE-ROUTE] CID:17 zone=2 edge_port=9996
[EDGE-RTT] CID:17 wall=1.5 ms  sim_delay=5.0 ms
[CUSUM] CID:17 S=0.000/0.800 pEdge=0.000 pCusum=0.020
[POST-HANDOVER] CID:17 zone=2 pkt=4/10 credit_factor=0.150
>>> [UAV->CLOUD] BLK:fe20|TX:7.0.0.21|CID:17|TS:32.456|SPD:15.0|HDG:0.1|PX:745.0|PY:-30.0...
[ECON-GATE] CID:17 probation active - suppressing OK reward 1.000
✓ [CAR 17] ACT=OK REP=0.674 RWD=0.000 PNL=0.000 CREDIT=9
[ATTACK-EMIT] CID:8 activeWindow=YES falsified=YES simT=32.552 realPX=716.480 fakePX=569.442 realSPD=15.000 fakeSPD=20.000 realTS=32.552 fakeTS=32.052 lane=99
[ATTACK-EMIT] CID:10 activeWindow=YES falsified=YES simT=32.564 realPX=706.660 fakePX=706.660 realSPD=15.000 fakeSPD=20.000 realTS=32.564 fakeTS=32.564 lane=99
[PASSIVE-BEACON] SIMNOW:32.566 CID:8 ZONE:1 RXUAV:1 EDGEPORT:9998 TS:32.052 SPD:20.000 HDG:0.000 PX:569.400 PY:-40.000 LAN:99 BRK:0 RX_X:0.000 RX_Y:0.000 RX_Z:0.000
[ATTACK-EMIT] CID:2 activeWindow=YES falsified=YES simT=32.570 realPX=686.750 fakePX=686.750 realSPD=15.000 fakeSPD=20.000 realTS=32.570 fakeTS=32.570 lane=3
[PASSIVE-BEACON] SIMNOW:32.576 CID:10 ZONE:2 RXUAV:2 EDGEPORT:9996 TS:32.564 SPD:20.000 HDG:0.000 PX:706.700 PY:-10.000 LAN:99 BRK:0 RX_X:0.000 RX_Y:0.000 RX_Z:0.000
[ATTACK-EMIT] CID:4 activeWindow=YES falsified=YES simT=32.600 realPX=707.200 fakePX=707.200 realSPD=15.000 fakeSPD=20.000 realTS=32.600 fakeTS=32.600 lane=5
[PASSIVE-BEACON] SIMNOW:32.614 CID:4 ZONE:2 RXUAV:2 EDGEPORT:9996 TS:32.600 SPD:20.000 HDG:0.000 PX:707.200 PY:-50.000 LAN:5 BRK:0 RX_X:0.000 RX_Y:0.000 RX_Z:0.000
[ZONE-ROUTE] CID:4 zone=2 edge_port=9996
[EDGE-RTT] CID:4 wall=1.6 ms  sim_delay=5.0 ms
[CUSUM-BAN] CID:4 change-point detected S=0.900 > h=0.800 pEdge=0.129 (post-handover behavioral change)
[ECON-CLAWBACK] CID:4 ACT=BAN prior_payoff=-43.789 extra_penalty=5.000 new_payoff=-49.289
[FORGIVENESS] CID:4 BAN#1 excused (first confirmed offence) honest_wins=0 (preserved)
[BAN-PUNISH] CID:4 SLOW_LANE EXILE → LAN=99 speed=20.000 m/s  return_threshold=60
✗ [CAR 4] ACT=BAN REP=0.653 RWD=0.000 PNL=5.500 CREDIT=-10
[PASSIVE-BEACON] SIMNOW:32.639 CID:9 ZONE:2 RXUAV:2 EDGEPORT:9996 TS:32.622 SPD:14.900 HDG:0.900 PX:728.000 PY:-50.000 LAN:5 BRK:0 RX_X:0.000 RX_Y:0.000 RX_Z:0.000
[ZONE-ROUTE] CID:9 zone=2 edge_port=9996
[EDGE-RTT] CID:9 wall=1.4 ms  sim_delay=5.0 ms
[CUSUM] CID:9 S=0.000/0.800 pEdge=0.003 pCusum=0.020
[POST-HANDOVER] CID:9 zone=2 pkt=5/10 credit_factor=0.150
>>> [UAV->CLOUD] BLK:00b5|TX:7.0.0.13|CID:9|TS:32.622|SPD:14.9|HDG:0.9|PX:728.0|PY:-50.0|...
[ECON-GATE] CID:9 probation active - suppressing OK reward 0.997
✓ [CAR 9] ACT=OK REP=0.448 RWD=0.000 PNL=0.000 CREDIT=1
[PASSIVE-BEACON] SIMNOW:32.656 CID:5 ZONE:2 RXUAV:2 EDGEPORT:9996 TS:32.642 SPD:15.200 HDG:-0.300 PX:688.100 PY:-10.000 LAN:1 BRK:1 RX_X:0.000 RX_Y:0.000 RX_Z:0.000
[ZONE-ROUTE] CID:5 zone=2 edge_port=9996
[EDGE-RTT] CID:5 wall=1.7 ms  sim_delay=10.0 ms
[CUSUM] CID:5 S=0.000/0.800 pEdge=0.000 pCusum=0.020
[POST-HANDOVER] CID:5 zone=2 pkt=5/10 credit_factor=0.150
>>> [UAV->CLOUD] BLK:9ed6|TX:7.0.0.9|CID:5|TS:32.642|SPD:15.2|HDG:-0.3|PX:688.1|PY:-10.0|...
[PASSIVE-BEACON] SIMNOW:32.660 CID:18 ZONE:2 RXUAV:2 EDGEPORT:9996 TS:32.646 SPD:15.300 HDG:-1.400 PX:758.600 PY:-40.000 LAN:99 BRK:0 RX_X:0.000 RX_Y:0.000 RX_Z:0.000
✓ [CAR 5] ACT=OK REP=0.676 RWD=1.000 PNL=0.000 CREDIT=17
[ATTACK-EMIT] CID:7 activeWindow=YES falsified=YES simT=32.692 realPX=708.580 fakePX=708.580 realSPD=15.000 fakeSPD=20.000 realTS=32.692 fakeTS=32.692 lane=99
[PASSIVE-BEACON] SIMNOW:32.706 CID:7 ZONE:2 RXUAV:2 EDGEPORT:9996 TS:32.692 SPD:20.000 HDG:0.000 PX:708.600 PY:-30.000 LAN:99 BRK:0 RX_X:0.000 RX_Y:0.000 RX_Z:0.000
[ATTACK-EMIT] CID:1 activeWindow=YES falsified=YES simT=32.720 realPX=679.000 fakePX=679.000 realSPD=15.000 fakeSPD=20.000 realTS=32.720 fakeTS=32.720 lane=99
[PASSIVE-BEACON] SIMNOW:32.733 CID:1 ZONE:2 RXUAV:2 EDGEPORT:9996 TS:32.720 SPD:20.000 HDG:0.000 PX:679.000 PY:-20.000 LAN:99 BRK:0 RX_X:0.000 RX_Y:0.000 RX_Z:0.000
[PASSIVE-BEACON] SIMNOW:32.758 CID:12 ZONE:2 RXUAV:2 EDGEPORT:9996 TS:32.744 SPD:15.500 HDG:0.000 PX:729.500 PY:-30.000 LAN:99 BRK:0 RX_X:0.000 RX_Y:0.000 RX_Z:0.000
[PASSIVE-BEACON] SIMNOW:32.760 CID:15 ZONE:2 RXUAV:2 EDGEPORT:9996 TS:32.746 SPD:14.900 HDG:-1.100 PX:729.200 PY:-10.000 LAN:1 BRK:0 RX_X:0.000 RX_Y:0.000 RX_Z:0.000
[ZONE-ROUTE] CID:15 zone=2 edge_port=9996
[EDGE-RTT] CID:15 wall=1.8 ms  sim_delay=5.0 ms
[CUSUM] CID:15 S=0.000/0.800 pEdge=0.000 pCusum=0.020
[POST-HANDOVER] CID:15 zone=2 pkt=5/10 credit_factor=0.150
>>> [UAV->CLOUD] BLK:9d96|TX:7.0.0.19|CID:15|TS:32.746|SPD:14.9|HDG:-1.1|PX:729.2|PY:-10....
✓ [CAR 15] ACT=OK REP=0.521 RWD=1.000 PNL=0.000 CREDIT=17
[ATTACK-EMIT] CID:6 activeWindow=YES falsified=YES simT=32.822 realPX=700.530 fakePX=700.530 realSPD=15.000 fakeSPD=20.000 realTS=32.822 fakeTS=32.822 lane=99
[PASSIVE-BEACON] SIMNOW:32.836 CID:6 ZONE:2 RXUAV:2 EDGEPORT:9996 TS:32.822 SPD:20.000 HDG:0.000 PX:700.500 PY:-20.000 LAN:99 BRK:1 RX_X:0.000 RX_Y:0.000 RX_Z:0.000
[PASSIVE-BEACON] SIMNOW:32.848 CID:14 ZONE:2 RXUAV:2 EDGEPORT:9996 TS:32.834 SPD:15.400 HDG:-0.300 PX:750.600 PY:-50.000 LAN:99 BRK:1 RX_X:0.000 RX_Y:0.000 RX_Z:0.000
[ATTACK-EMIT] CID:0 activeWindow=YES falsified=YES simT=32.910 realPX=671.850 fakePX=566.628 realSPD=15.000 fakeSPD=22.000 realTS=32.910 fakeTS=32.410 lane=1
[PASSIVE-BEACON] SIMNOW:32.928 CID:11 ZONE:2 RXUAV:2 EDGEPORT:9996 TS:32.914 SPD:14.700 HDG:-1.900 PX:721.200 PY:-20.000 LAN:2 BRK:0 RX_X:0.000 RX_Y:0.000 RX_Z:0.000
[ZONE-ROUTE] CID:11 zone=2 edge_port=9996
[EDGE-RTT] CID:11 wall=1.5 ms  sim_delay=5.0 ms
[CUSUM] CID:11 S=0.000/0.800 pEdge=0.000 pCusum=0.020
[POST-HANDOVER] CID:11 zone=2 pkt=5/10 credit_factor=0.150
>>> [UAV->CLOUD] BLK:1ad1|TX:7.0.0.15|CID:11|TS:32.914|SPD:14.7|HDG:-1.9|PX:721.2|PY:-20....
[ECON-GATE] CID:11 probation active - suppressing OK reward 1.000
[ECON-RESTORE] CID:11 probation cleared after 15 clean packets
✓ [CAR 11] ACT=OK REP=0.742 RWD=0.000 PNL=0.000 CREDIT=14
[PASSIVE-BEACON] SIMNOW:32.968 CID:13 ZONE:2 RXUAV:2 EDGEPORT:9996 TS:32.954 SPD:14.500 HDG:0.100 PX:743.100 PY:-40.000 LAN:99 BRK:1 RX_X:0.000 RX_Y:0.000 RX_Z:0.000
[PASSIVE-BEACON] SIMNOW:32.971 CID:17 ZONE:2 RXUAV:2 EDGEPORT:9996 TS:32.956 SPD:15.400 HDG:-1.400 PX:752.400 PY:-30.000 LAN:3 BRK:1 RX_X:0.000 RX_Y:0.000 RX_Z:0.000
[ZONE-ROUTE] CID:17 zone=2 edge_port=9996
[EDGE-RTT] CID:17 wall=1.3 ms  sim_delay=5.0 ms
[CUSUM] CID:17 S=0.000/0.800 pEdge=0.000 pCusum=0.020
[POST-HANDOVER] CID:17 zone=2 pkt=5/10 credit_factor=0.150
>>> [UAV->CLOUD] BLK:1179|TX:7.0.0.21|CID:17|TS:32.956|SPD:15.4|HDG:-1.4|PX:752.4|PY:-30....
[ECON-GATE] CID:17 probation active - suppressing OK reward 1.000
✓ [CAR 17] ACT=OK REP=0.557 RWD=0.000 PNL=0.000 CREDIT=10
[ATTACK-EMIT] CID:10 activeWindow=YES falsified=YES simT=33.064 realPX=714.160 fakePX=714.160 realSPD=15.000 fakeSPD=20.000 realTS=33.064 fakeTS=33.064 lane=99
[PASSIVE-BEACON] SIMNOW:33.066 CID:8 ZONE:2 RXUAV:2 EDGEPORT:9996 TS:33.052 SPD:15.100 HDG:0.400 PX:724.000 PY:-40.000 LAN:99 BRK:0 RX_X:0.000 RX_Y:0.000 RX_Z:0.000
[ATTACK-EMIT] CID:2 activeWindow=YES falsified=YES simT=33.070 realPX=694.250 fakePX=572.476 realSPD=15.000 fakeSPD=22.000 realTS=33.070 fakeTS=32.570 lane=3
[PASSIVE-BEACON] SIMNOW:33.078 CID:10 ZONE:2 RXUAV:2 EDGEPORT:9996 TS:33.064 SPD:20.000 HDG:0.000 PX:714.200 PY:-10.000 LAN:99 BRK:0 RX_X:0.000 RX_Y:0.000 RX_Z:0.000
[ATTACK-EMIT] CID:4 activeWindow=YES falsified=YES simT=33.100 realPX=714.700 fakePX=714.700 realSPD=15.000 fakeSPD=20.000 realTS=33.100 fakeTS=33.100 lane=99
[PASSIVE-BEACON] SIMNOW:33.114 CID:4 ZONE:2 RXUAV:2 EDGEPORT:9996 TS:33.100 SPD:20.000 HDG:0.000 PX:714.700 PY:-50.000 LAN:99 BRK:0 RX_X:0.000 RX_Y:0.000 RX_Z:0.000
[PASSIVE-BEACON] SIMNOW:33.139 CID:9 ZONE:2 RXUAV:2 EDGEPORT:9996 TS:33.122 SPD:14.800 HDG:0.200 PX:735.600 PY:-50.000 LAN:5 BRK:1 RX_X:0.000 RX_Y:0.000 RX_Z:0.000
[ZONE-ROUTE] CID:9 zone=2 edge_port=9996
[EDGE-RTT] CID:9 wall=1.8 ms  sim_delay=5.0 ms
[CUSUM] CID:9 S=0.000/0.800 pEdge=0.001 pCusum=0.020
[POST-HANDOVER] CID:9 zone=2 pkt=6/10 credit_factor=0.150
>>> [UAV->CLOUD] BLK:2180|TX:7.0.0.13|CID:9|TS:33.122|SPD:14.8|HDG:0.2|PX:735.6|PY:-50.0|...
[ECON-GATE] CID:9 probation active - suppressing OK reward 0.999
✓ [CAR 9] ACT=OK REP=0.354 RWD=0.000 PNL=0.000 CREDIT=2
[PASSIVE-BEACON] SIMNOW:33.157 CID:5 ZONE:2 RXUAV:2 EDGEPORT:9996 TS:33.142 SPD:15.000 HDG:-1.000 PX:694.800 PY:-10.000 LAN:1 BRK:0 RX_X:0.000 RX_Y:0.000 RX_Z:0.000
[ZONE-ROUTE] CID:5 zone=2 edge_port=9996
[EDGE-RTT] CID:5 wall=1.5 ms  sim_delay=10.0 ms
[CUSUM] CID:5 S=0.000/0.800 pEdge=0.000 pCusum=0.020
[POST-HANDOVER] CID:5 zone=2 pkt=6/10 credit_factor=0.150
>>> [UAV->CLOUD] BLK:10e1|TX:7.0.0.9|CID:5|TS:33.142|SPD:15.0|HDG:-1.0|PX:694.8|PY:-10.0|...
[PASSIVE-BEACON] SIMNOW:33.159 CID:18 ZONE:2 RXUAV:2 EDGEPORT:9996 TS:33.146 SPD:14.600 HDG:-0.400 PX:766.100 PY:-40.000 LAN:99 BRK:0 RX_X:0.000 RX_Y:0.000 RX_Z:0.000
✓ [CAR 5] ACT=OK REP=1.000 RWD=1.000 PNL=0.000 CREDIT=18
[ATTACK-EMIT] CID:7 activeWindow=YES falsified=YES simT=33.192 realPX=716.080 fakePX=716.080 realSPD=15.000 fakeSPD=20.000 realTS=33.192 fakeTS=33.192 lane=99
[PASSIVE-BEACON] SIMNOW:33.206 CID:7 ZONE:2 RXUAV:2 EDGEPORT:9996 TS:33.192 SPD:20.000 HDG:0.000 PX:716.100 PY:-30.000 LAN:99 BRK:1 RX_X:0.000 RX_Y:0.000 RX_Z:0.000
[ATTACK-EMIT] CID:1 activeWindow=YES falsified=YES simT=33.220 realPX=686.500 fakePX=686.500 realSPD=15.000 fakeSPD=20.000 realTS=33.220 fakeTS=33.220 lane=99
[PASSIVE-BEACON] SIMNOW:33.234 CID:1 ZONE:2 RXUAV:2 EDGEPORT:9996 TS:33.220 SPD:20.000 HDG:0.000 PX:686.500 PY:-20.000 LAN:99 BRK:1 RX_X:0.000 RX_Y:0.000 RX_Z:0.000
[PASSIVE-BEACON] SIMNOW:33.258 CID:12 ZONE:2 RXUAV:2 EDGEPORT:9996 TS:33.244 SPD:15.400 HDG:-1.600 PX:737.300 PY:-30.000 LAN:99 BRK:0 RX_X:0.000 RX_Y:0.000 RX_Z:0.000
[PASSIVE-BEACON] SIMNOW:33.260 CID:15 ZONE:2 RXUAV:2 EDGEPORT:9996 TS:33.246 SPD:15.000 HDG:-1.900 PX:736.900 PY:-10.000 LAN:1 BRK:0 RX_X:0.000 RX_Y:0.000 RX_Z:0.000
[ZONE-ROUTE] CID:15 zone=2 edge_port=9996
[EDGE-RTT] CID:15 wall=1.7 ms  sim_delay=5.0 ms
[CUSUM] CID:15 S=0.000/0.800 pEdge=0.000 pCusum=0.020
[POST-HANDOVER] CID:15 zone=2 pkt=6/10 credit_factor=0.150
>>> [UAV->CLOUD] BLK:ecbf|TX:7.0.0.19|CID:15|TS:33.246|SPD:15.0|HDG:-1.9|PX:736.9|PY:-10....
✓ [CAR 15] ACT=OK REP=0.442 RWD=1.000 PNL=0.000 CREDIT=18
[ATTACK-EMIT] CID:6 activeWindow=YES falsified=YES simT=33.322 realPX=708.030 fakePX=571.192 realSPD=15.000 fakeSPD=20.000 realTS=33.322 fakeTS=32.822 lane=99
[PASSIVE-BEACON] SIMNOW:33.336 CID:6 ZONE:1 RXUAV:1 EDGEPORT:9998 TS:32.822 SPD:20.000 HDG:0.000 PX:571.200 PY:-20.000 LAN:99 BRK:0 RX_X:0.000 RX_Y:0.000 RX_Z:0.000
[PASSIVE-BEACON] SIMNOW:33.348 CID:14 ZONE:2 RXUAV:2 EDGEPORT:9996 TS:33.334 SPD:14.800 HDG:-0.400 PX:758.700 PY:-50.000 LAN:99 BRK:0 RX_X:0.000 RX_Y:0.000 RX_Z:0.000
[ATTACK-EMIT] CID:0 activeWindow=YES falsified=YES simT=33.410 realPX=679.350 fakePX=679.350 realSPD=15.000 fakeSPD=20.000 realTS=33.410 fakeTS=33.410 lane=1
[PASSIVE-BEACON] SIMNOW:33.427 CID:11 ZONE:2 RXUAV:2 EDGEPORT:9996 TS:33.414 SPD:14.600 HDG:1.400 PX:730.000 PY:-20.000 LAN:2 BRK:1 RX_X:0.000 RX_Y:0.000 RX_Z:0.000
[ZONE-ROUTE] CID:11 zone=2 edge_port=9996
[EDGE-RTT] CID:11 wall=1.8 ms  sim_delay=5.0 ms
[CUSUM] CID:11 S=0.000/0.800 pEdge=0.000 pCusum=0.020
[POST-HANDOVER] CID:11 zone=2 pkt=6/10 credit_factor=0.150
>>> [UAV->CLOUD] BLK:4900|TX:7.0.0.15|CID:11|TS:33.414|SPD:14.6|HDG:1.4|PX:730.0|PY:-20.0...
✓ [CAR 11] ACT=OK REP=0.471 RWD=1.000 PNL=0.000 CREDIT=15
[PASSIVE-BEACON] SIMNOW:33.468 CID:13 ZONE:2 RXUAV:2 EDGEPORT:9996 TS:33.454 SPD:14.800 HDG:0.400 PX:749.400 PY:-40.000 LAN:99 BRK:0 RX_X:0.000 RX_Y:0.000 RX_Z:0.000
[PASSIVE-BEACON] SIMNOW:33.470 CID:17 ZONE:2 RXUAV:2 EDGEPORT:9996 TS:33.456 SPD:15.100 HDG:-0.100 PX:759.800 PY:-30.000 LAN:3 BRK:0 RX_X:0.000 RX_Y:0.000 RX_Z:0.000
[ZONE-ROUTE] CID:17 zone=2 edge_port=9996
[EDGE-RTT] CID:17 wall=1.5 ms  sim_delay=5.0 ms
[CUSUM] CID:17 S=0.000/0.800 pEdge=0.000 pCusum=0.020
[POST-HANDOVER] CID:17 zone=2 pkt=6/10 credit_factor=0.150
>>> [UAV->CLOUD] BLK:cd7e|TX:7.0.0.21|CID:17|TS:33.456|SPD:15.1|HDG:-0.1|PX:759.8|PY:-30....
[ECON-GATE] CID:17 probation active - suppressing OK reward 1.000
✓ [CAR 17] ACT=OK REP=0.528 RWD=0.000 PNL=0.000 CREDIT=11
[PASSIVE-BEACON] SIMNOW:33.566 CID:8 ZONE:2 RXUAV:2 EDGEPORT:9996 TS:33.552 SPD:14.600 HDG:0.300 PX:732.100 PY:-40.000 LAN:99 BRK:0 RX_X:0.000 RX_Y:0.000 RX_Z:0.000
[ATTACK-EMIT] CID:2 activeWindow=YES falsified=YES simT=33.570 realPX=701.750 fakePX=701.750 realSPD=15.000 fakeSPD=20.000 realTS=33.570 fakeTS=33.570 lane=3
[PASSIVE-BEACON] SIMNOW:33.578 CID:10 ZONE:2 RXUAV:2 EDGEPORT:9996 TS:33.564 SPD:14.800 HDG:1.800 PX:721.400 PY:-10.000 LAN:99 BRK:0 RX_X:0.000 RX_Y:0.000 RX_Z:0.000
[PASSIVE-BEACON] SIMNOW:33.614 CID:4 ZONE:2 RXUAV:2 EDGEPORT:9996 TS:33.600 SPD:14.700 HDG:1.200 PX:722.200 PY:-50.000 LAN:99 BRK:0 RX_X:0.000 RX_Y:0.000 RX_Z:0.000
[PASSIVE-BEACON] SIMNOW:33.636 CID:9 ZONE:2 RXUAV:2 EDGEPORT:9996 TS:33.622 SPD:14.800 HDG:-0.000 PX:742.800 PY:-50.000 LAN:5 BRK:0 RX_X:0.000 RX_Y:0.000 RX_Z:0.000
[ZONE-ROUTE] CID:9 zone=2 edge_port=9996
[EDGE-RTT] CID:9 wall=1.7 ms  sim_delay=5.0 ms
[CUSUM] CID:9 S=0.000/0.800 pEdge=0.000 pCusum=0.020
[POST-HANDOVER] CID:9 zone=2 pkt=7/10 credit_factor=0.150
>>> [UAV->CLOUD] BLK:f393|TX:7.0.0.13|CID:9|TS:33.622|SPD:14.8|HDG:-0.0|PX:742.8|PY:-50.0...
[ECON-GATE] CID:9 probation active - suppressing OK reward 1.000
✓ [CAR 9] ACT=OK REP=0.511 RWD=0.000 PNL=0.000 CREDIT=3
[PASSIVE-BEACON] SIMNOW:33.654 CID:5 ZONE:2 RXUAV:2 EDGEPORT:9996 TS:33.642 SPD:14.700 HDG:-1.000 PX:703.000 PY:-10.000 LAN:1 BRK:0 RX_X:0.000 RX_Y:0.000 RX_Z:0.000
[ZONE-ROUTE] CID:5 zone=2 edge_port=9996
[EDGE-RTT] CID:5 wall=1.4 ms  sim_delay=10.0 ms
[CUSUM] CID:5 S=0.000/0.800 pEdge=0.000 pCusum=0.020
[POST-HANDOVER] CID:5 zone=2 pkt=7/10 credit_factor=0.150
>>> [UAV->CLOUD] BLK:360d|TX:7.0.0.9|CID:5|TS:33.642|SPD:14.7|HDG:-1.0|PX:703.0|PY:-10.0|...
[PASSIVE-BEACON] SIMNOW:33.660 CID:18 ZONE:2 RXUAV:2 EDGEPORT:9996 TS:33.646 SPD:14.600 HDG:-1.700 PX:772.400 PY:-40.000 LAN:99 BRK:0 RX_X:0.000 RX_Y:0.000 RX_Z:0.000
✓ [CAR 5] ACT=OK REP=0.731 RWD=1.000 PNL=0.000 CREDIT=19
[PASSIVE-BEACON] SIMNOW:33.706 CID:7 ZONE:2 RXUAV:2 EDGEPORT:9996 TS:33.692 SPD:14.600 HDG:-1.100 PX:723.700 PY:-30.000 LAN:99 BRK:0 RX_X:0.000 RX_Y:0.000 RX_Z:0.000
[ATTACK-EMIT] CID:1 activeWindow=YES falsified=YES simT=33.720 realPX=694.000 fakePX=560.992 realSPD=15.000 fakeSPD=20.000 realTS=33.720 fakeTS=33.220 lane=99
[PASSIVE-BEACON] SIMNOW:33.734 CID:1 ZONE:1 RXUAV:1 EDGEPORT:9998 TS:33.220 SPD:20.000 HDG:0.000 PX:561.000 PY:-20.000 LAN:99 BRK:0 RX_X:0.000 RX_Y:0.000 RX_Z:0.000
[PASSIVE-BEACON] SIMNOW:33.758 CID:12 ZONE:2 RXUAV:2 EDGEPORT:9996 TS:33.744 SPD:14.700 HDG:-1.600 PX:744.500 PY:-30.000 LAN:99 BRK:0 RX_X:0.000 RX_Y:0.000 RX_Z:0.000
[PASSIVE-BEACON] SIMNOW:33.763 CID:15 ZONE:2 RXUAV:2 EDGEPORT:9996 TS:33.746 SPD:14.700 HDG:-1.000 PX:744.300 PY:-10.000 LAN:1 BRK:0 RX_X:0.000 RX_Y:0.000 RX_Z:0.000
[ZONE-ROUTE] CID:15 zone=2 edge_port=9996
[EDGE-RTT] CID:15 wall=1.4 ms  sim_delay=5.0 ms
[CUSUM] CID:15 S=0.000/0.800 pEdge=0.000 pCusum=0.020
[POST-HANDOVER] CID:15 zone=2 pkt=7/10 credit_factor=0.150
>>> [UAV->CLOUD] BLK:7e71|TX:7.0.0.19|CID:15|TS:33.746|SPD:14.7|HDG:-1.0|PX:744.3|PY:-10....
✓ [CAR 15] ACT=OK REP=0.652 RWD=1.000 PNL=0.000 CREDIT=19
[ATTACK-EMIT] CID:6 activeWindow=YES falsified=YES simT=33.822 realPX=715.530 fakePX=715.530 realSPD=15.000 fakeSPD=20.000 realTS=33.822 fakeTS=33.822 lane=99
[PASSIVE-BEACON] SIMNOW:33.836 CID:6 ZONE:2 RXUAV:2 EDGEPORT:9996 TS:33.822 SPD:20.000 HDG:0.000 PX:715.500 PY:-20.000 LAN:99 BRK:1 RX_X:0.000 RX_Y:0.000 RX_Z:0.000
[PASSIVE-BEACON] SIMNOW:33.848 CID:14 ZONE:2 RXUAV:2 EDGEPORT:9996 TS:33.834 SPD:15.100 HDG:-0.300 PX:765.000 PY:-50.000 LAN:99 BRK:1 RX_X:0.000 RX_Y:0.000 RX_Z:0.000
[ATTACK-EMIT] CID:0 activeWindow=YES falsified=YES simT=33.910 realPX=686.850 fakePX=686.850 realSPD=15.000 fakeSPD=20.000 realTS=33.910 fakeTS=33.910 lane=1
[PASSIVE-BEACON] SIMNOW:33.928 CID:11 ZONE:2 RXUAV:2 EDGEPORT:9996 TS:33.914 SPD:14.800 HDG:0.500 PX:737.500 PY:-20.000 LAN:2 BRK:0 RX_X:0.000 RX_Y:0.000 RX_Z:0.000
[ZONE-ROUTE] CID:11 zone=2 edge_port=9996
[EDGE-RTT] CID:11 wall=1.7 ms  sim_delay=5.0 ms
[CUSUM] CID:11 S=0.000/0.800 pEdge=0.000 pCusum=0.020
[POST-HANDOVER] CID:11 zone=2 pkt=7/10 credit_factor=0.150
>>> [UAV->CLOUD] BLK:c187|TX:7.0.0.15|CID:11|TS:33.914|SPD:14.8|HDG:0.5|PX:737.5|PY:-20.0...
✓ [CAR 11] ACT=OK REP=0.434 RWD=1.000 PNL=0.000 CREDIT=16
[PASSIVE-BEACON] SIMNOW:33.968 CID:13 ZONE:2 RXUAV:2 EDGEPORT:9996 TS:33.954 SPD:15.100 HDG:-0.300 PX:757.100 PY:-40.000 LAN:99 BRK:0 RX_X:0.000 RX_Y:0.000 RX_Z:0.000
[PASSIVE-BEACON] SIMNOW:33.971 CID:17 ZONE:2 RXUAV:2 EDGEPORT:9996 TS:33.956 SPD:15.400 HDG:-0.400 PX:767.100 PY:-30.000 LAN:3 BRK:0 RX_X:0.000 RX_Y:0.000 RX_Z:0.000
[ZONE-ROUTE] CID:17 zone=2 edge_port=9996
[EDGE-RTT] CID:17 wall=1.6 ms  sim_delay=5.0 ms
[CUSUM] CID:17 S=0.000/0.800 pEdge=0.000 pCusum=0.020
[POST-HANDOVER] CID:17 zone=2 pkt=7/10 credit_factor=0.150
>>> [UAV->CLOUD] BLK:5f40|TX:7.0.0.21|CID:17|TS:33.956|SPD:15.4|HDG:-0.4|PX:767.1|PY:-30....
[ECON-GATE] CID:17 probation active - suppressing OK reward 1.000
✓ [CAR 17] ACT=OK REP=0.758 RWD=0.000 PNL=0.000 CREDIT=12
[PASSIVE-BEACON] SIMNOW:34.069 CID:8 ZONE:2 RXUAV:2 EDGEPORT:9996 TS:34.052 SPD:15.200 HDG:0.500 PX:739.400 PY:-40.000 LAN:99 BRK:0 RX_X:0.000 RX_Y:0.000 RX_Z:0.000
[ATTACK-EMIT] CID:2 activeWindow=YES falsified=YES simT=34.070 realPX=709.250 fakePX=709.250 realSPD=15.000 fakeSPD=20.000 realTS=34.070 fakeTS=34.070 lane=3
[PASSIVE-BEACON] SIMNOW:34.077 CID:10 ZONE:2 RXUAV:2 EDGEPORT:9996 TS:34.064 SPD:14.800 HDG:-0.200 PX:728.500 PY:-10.000 LAN:99 BRK:0 RX_X:0.000 RX_Y:0.000 RX_Z:0.000
[PASSIVE-BEACON] SIMNOW:34.117 CID:4 ZONE:2 RXUAV:2 EDGEPORT:9996 TS:34.100 SPD:15.400 HDG:1.300 PX:729.000 PY:-50.000 LAN:99 BRK:0 RX_X:0.000 RX_Y:0.000 RX_Z:0.000
[PASSIVE-BEACON] SIMNOW:34.136 CID:9 ZONE:2 RXUAV:2 EDGEPORT:9996 TS:34.122 SPD:15.300 HDG:2.000 PX:750.200 PY:-50.000 LAN:5 BRK:0 RX_X:0.000 RX_Y:0.000 RX_Z:0.000
[ZONE-ROUTE] CID:9 zone=2 edge_port=9996
[EDGE-RTT] CID:9 wall=1.8 ms  sim_delay=5.0 ms
[CUSUM] CID:9 S=0.000/0.800 pEdge=0.000 pCusum=0.020
[POST-HANDOVER] CID:9 zone=2 pkt=8/10 credit_factor=0.150
>>> [UAV->CLOUD] BLK:cb27|TX:7.0.0.13|CID:9|TS:34.122|SPD:15.3|HDG:2.0|PX:750.2|PY:-50.0|...
[ECON-GATE] CID:9 probation active - suppressing OK reward 1.000
✓ [CAR 9] ACT=OK REP=0.694 RWD=0.000 PNL=0.000 CREDIT=4
[PASSIVE-BEACON] SIMNOW:34.157 CID:5 ZONE:2 RXUAV:2 EDGEPORT:9996 TS:34.142 SPD:15.500 HDG:1.500 PX:710.800 PY:-10.000 LAN:1 BRK:0 RX_X:0.000 RX_Y:0.000 RX_Z:0.000
[ZONE-ROUTE] CID:5 zone=2 edge_port=9996
[EDGE-RTT] CID:5 wall=1.4 ms  sim_delay=10.0 ms
[CUSUM] CID:5 S=0.000/0.800 pEdge=0.000 pCusum=0.020
[POST-HANDOVER] CID:5 zone=2 pkt=8/10 credit_factor=0.150
>>> [UAV->CLOUD] BLK:5003|TX:7.0.0.9|CID:5|TS:34.142|SPD:15.5|HDG:1.5|PX:710.8|PY:-10.0|L...
[PASSIVE-BEACON] SIMNOW:34.160 CID:18 ZONE:2 RXUAV:2 EDGEPORT:9996 TS:34.146 SPD:15.300 HDG:1.900 PX:781.000 PY:-40.000 LAN:99 BRK:0 RX_X:0.000 RX_Y:0.000 RX_Z:0.000
✓ [CAR 5] ACT=OK REP=0.497 RWD=1.000 PNL=0.000 CREDIT=20
[PASSIVE-BEACON] SIMNOW:34.206 CID:7 ZONE:2 RXUAV:2 EDGEPORT:9996 TS:34.192 SPD:15.400 HDG:-0.500 PX:730.500 PY:-30.000 LAN:99 BRK:0 RX_X:0.000 RX_Y:0.000 RX_Z:0.000
[ATTACK-EMIT] CID:1 activeWindow=YES falsified=YES simT=34.220 realPX=701.500 fakePX=701.500 realSPD=15.000 fakeSPD=20.000 realTS=34.220 fakeTS=34.220 lane=99
[PASSIVE-BEACON] SIMNOW:34.234 CID:1 ZONE:2 RXUAV:2 EDGEPORT:9996 TS:34.220 SPD:20.000 HDG:0.000 PX:701.500 PY:-20.000 LAN:99 BRK:1 RX_X:0.000 RX_Y:0.000 RX_Z:0.000
[PASSIVE-BEACON] SIMNOW:34.256 CID:12 ZONE:2 RXUAV:2 EDGEPORT:9996 TS:34.244 SPD:14.600 HDG:0.400 PX:752.400 PY:-30.000 LAN:99 BRK:0 RX_X:0.000 RX_Y:0.000 RX_Z:0.000
[PASSIVE-BEACON] SIMNOW:34.260 CID:15 ZONE:2 RXUAV:2 EDGEPORT:9996 TS:34.246 SPD:15.500 HDG:0.400 PX:752.100 PY:-10.000 LAN:1 BRK:0 RX_X:0.000 RX_Y:0.000 RX_Z:0.000
[ZONE-ROUTE] CID:15 zone=2 edge_port=9996
[EDGE-RTT] CID:15 wall=1.7 ms  sim_delay=5.0 ms
[CUSUM] CID:15 S=0.000/0.800 pEdge=0.000 pCusum=0.020
[POST-HANDOVER] CID:15 zone=2 pkt=8/10 credit_factor=0.150
>>> [UAV->CLOUD] BLK:3cee|TX:7.0.0.19|CID:15|TS:34.246|SPD:15.5|HDG:0.4|PX:752.1|PY:-10.0...
✓ [CAR 15] ACT=OK REP=1.000 RWD=1.000 PNL=0.000 CREDIT=20
[PASSIVE-BEACON] SIMNOW:34.336 CID:6 ZONE:2 RXUAV:2 EDGEPORT:9996 TS:34.322 SPD:14.900 HDG:-1.600 PX:723.500 PY:-20.000 LAN:99 BRK:0 RX_X:0.000 RX_Y:0.000 RX_Z:0.000
[PASSIVE-BEACON] SIMNOW:34.348 CID:14 ZONE:2 RXUAV:2 EDGEPORT:9996 TS:34.334 SPD:15.200 HDG:-0.700 PX:773.300 PY:-50.000 LAN:99 BRK:0 RX_X:0.000 RX_Y:0.000 RX_Z:0.000
[ATTACK-EMIT] CID:0 activeWindow=YES falsified=YES simT=34.410 realPX=694.350 fakePX=567.114 realSPD=15.000 fakeSPD=22.000 realTS=34.410 fakeTS=33.910 lane=1
[PASSIVE-BEACON] SIMNOW:34.428 CID:11 ZONE:2 RXUAV:2 EDGEPORT:9996 TS:34.414 SPD:15.400 HDG:1.500 PX:744.100 PY:-20.000 LAN:2 BRK:0 RX_X:0.000 RX_Y:0.000 RX_Z:0.000
[ZONE-ROUTE] CID:11 zone=2 edge_port=9996
[EDGE-RTT] CID:11 wall=1.7 ms  sim_delay=5.0 ms
[CUSUM] CID:11 S=0.000/0.800 pEdge=0.000 pCusum=0.020
[POST-HANDOVER] CID:11 zone=2 pkt=8/10 credit_factor=0.150
>>> [UAV->CLOUD] BLK:bddf|TX:7.0.0.15|CID:11|TS:34.414|SPD:15.4|HDG:1.5|PX:744.1|PY:-20.0...
✓ [CAR 11] ACT=OK REP=0.790 RWD=1.000 PNL=0.000 CREDIT=17
[PASSIVE-BEACON] SIMNOW:34.468 CID:13 ZONE:2 RXUAV:2 EDGEPORT:9996 TS:34.454 SPD:15.200 HDG:0.600 PX:765.100 PY:-40.000 LAN:99 BRK:0 RX_X:0.000 RX_Y:0.000 RX_Z:0.000
[PASSIVE-BEACON] SIMNOW:34.470 CID:17 ZONE:2 RXUAV:2 EDGEPORT:9996 TS:34.456 SPD:14.600 HDG:1.800 PX:774.300 PY:-30.000 LAN:3 BRK:0 RX_X:0.000 RX_Y:0.000 RX_Z:0.000
[ZONE-ROUTE] CID:17 zone=2 edge_port=9996
[EDGE-RTT] CID:17 wall=1.5 ms  sim_delay=5.0 ms
[CUSUM] CID:17 S=0.000/0.800 pEdge=0.000 pCusum=0.020
[POST-HANDOVER] CID:17 zone=2 pkt=8/10 credit_factor=0.150
>>> [UAV->CLOUD] BLK:d7f5|TX:7.0.0.21|CID:17|TS:34.456|SPD:14.6|HDG:1.8|PX:774.3|PY:-30.0...
[ECON-GATE] CID:17 probation active - suppressing OK reward 1.000
✓ [CAR 17] ACT=OK REP=0.995 RWD=0.000 PNL=0.000 CREDIT=13
[PASSIVE-BEACON] SIMNOW:34.569 CID:8 ZONE:2 RXUAV:2 EDGEPORT:9996 TS:34.552 SPD:14.700 HDG:-0.300 PX:745.900 PY:-40.000 LAN:99 BRK:0 RX_X:0.000 RX_Y:0.000 RX_Z:0.000
[ATTACK-EMIT] CID:2 activeWindow=YES falsified=YES simT=34.570 realPX=716.750 fakePX=572.626 realSPD=15.000 fakeSPD=22.000 realTS=34.570 fakeTS=34.070 lane=3
[PASSIVE-BEACON] SIMNOW:34.578 CID:10 ZONE:2 RXUAV:2 EDGEPORT:9996 TS:34.564 SPD:15.100 HDG:0.900 PX:737.300 PY:-10.000 LAN:99 BRK:0 RX_X:0.000 RX_Y:0.000 RX_Z:0.000
[PASSIVE-BEACON] SIMNOW:34.614 CID:4 ZONE:2 RXUAV:2 EDGEPORT:9996 TS:34.600 SPD:14.600 HDG:1.500 PX:736.900 PY:-50.000 LAN:99 BRK:0 RX_X:0.000 RX_Y:0.000 RX_Z:0.000
[PASSIVE-BEACON] SIMNOW:34.636 CID:9 ZONE:2 RXUAV:2 EDGEPORT:9996 TS:34.622 SPD:15.000 HDG:0.600 PX:757.900 PY:-50.000 LAN:5 BRK:0 RX_X:0.000 RX_Y:0.000 RX_Z:0.000
[ZONE-ROUTE] CID:9 zone=2 edge_port=9996
[EDGE-RTT] CID:9 wall=1.7 ms  sim_delay=5.0 ms
[CUSUM] CID:9 S=0.000/0.800 pEdge=0.000 pCusum=0.020
[POST-HANDOVER] CID:9 zone=2 pkt=9/10 credit_factor=0.150
>>> [UAV->CLOUD] BLK:8509|TX:7.0.0.13|CID:9|TS:34.622|SPD:15.0|HDG:0.6|PX:757.9|PY:-50.0|...
[ECON-GATE] CID:9 probation active - suppressing OK reward 1.000
✓ [CAR 9] ACT=OK REP=0.629 RWD=0.000 PNL=0.000 CREDIT=5
[PASSIVE-BEACON] SIMNOW:34.656 CID:5 ZONE:2 RXUAV:2 EDGEPORT:9996 TS:34.642 SPD:14.900 HDG:-1.200 PX:717.300 PY:-10.000 LAN:1 BRK:1 RX_X:0.000 RX_Y:0.000 RX_Z:0.000
[ZONE-ROUTE] CID:5 zone=2 edge_port=9996
[EDGE-RTT] CID:5 wall=1.4 ms  sim_delay=10.0 ms
[CUSUM] CID:5 S=0.000/0.800 pEdge=0.000 pCusum=0.020
[POST-HANDOVER] CID:5 zone=2 pkt=9/10 credit_factor=0.150
>>> [UAV->CLOUD] BLK:7385|TX:7.0.0.9|CID:5|TS:34.642|SPD:14.9|HDG:-1.2|PX:717.3|PY:-10.0|...
[PASSIVE-BEACON] SIMNOW:34.659 CID:18 ZONE:2 RXUAV:2 EDGEPORT:9996 TS:34.646 SPD:14.800 HDG:-1.000 PX:788.200 PY:-40.000 LAN:99 BRK:0 RX_X:0.000 RX_Y:0.000 RX_Z:0.000
✓ [CAR 5] ACT=OK REP=1.000 RWD=1.000 PNL=0.000 CREDIT=21
[PASSIVE-BEACON] SIMNOW:34.704 CID:7 ZONE:2 RXUAV:2 EDGEPORT:9996 TS:34.692 SPD:14.600 HDG:0.000 PX:738.600 PY:-30.000 LAN:99 BRK:0 RX_X:0.000 RX_Y:0.000 RX_Z:0.000
[ATTACK-EMIT] CID:1 activeWindow=YES falsified=YES simT=34.720 realPX=709.000 fakePX=709.000 realSPD=15.000 fakeSPD=20.000 realTS=34.720 fakeTS=34.720 lane=99
[PASSIVE-BEACON] SIMNOW:34.734 CID:1 ZONE:2 RXUAV:2 EDGEPORT:9996 TS:34.720 SPD:20.000 HDG:0.000 PX:709.000 PY:-20.000 LAN:99 BRK:0 RX_X:0.000 RX_Y:0.000 RX_Z:0.000
[PASSIVE-BEACON] SIMNOW:34.758 CID:12 ZONE:2 RXUAV:2 EDGEPORT:9996 TS:34.744 SPD:14.600 HDG:1.800 PX:760.000 PY:-30.000 LAN:99 BRK:0 RX_X:0.000 RX_Y:0.000 RX_Z:0.000
[PASSIVE-BEACON] SIMNOW:34.760 CID:15 ZONE:2 RXUAV:2 EDGEPORT:9996 TS:34.746 SPD:14.700 HDG:-0.200 PX:759.000 PY:-10.000 LAN:1 BRK:0 RX_X:0.000 RX_Y:0.000 RX_Z:0.000
[ZONE-ROUTE] CID:15 zone=2 edge_port=9996
[EDGE-RTT] CID:15 wall=1.4 ms  sim_delay=5.0 ms
[CUSUM] CID:15 S=0.000/0.800 pEdge=0.000 pCusum=0.020
[POST-HANDOVER] CID:15 zone=2 pkt=9/10 credit_factor=0.150
>>> [UAV->CLOUD] BLK:db2f|TX:7.0.0.19|CID:15|TS:34.746|SPD:14.7|HDG:-0.2|PX:759.0|PY:-10....
✓ [CAR 15] ACT=OK REP=0.762 RWD=1.000 PNL=0.000 CREDIT=21
[PASSIVE-BEACON] SIMNOW:34.836 CID:6 ZONE:2 RXUAV:2 EDGEPORT:9996 TS:34.822 SPD:15.200 HDG:0.200 PX:731.200 PY:-20.000 LAN:99 BRK:0 RX_X:0.000 RX_Y:0.000 RX_Z:0.000
[PASSIVE-BEACON] SIMNOW:34.848 CID:14 ZONE:2 RXUAV:2 EDGEPORT:9996 TS:34.834 SPD:14.800 HDG:1.400 PX:781.100 PY:-50.000 LAN:99 BRK:0 RX_X:0.000 RX_Y:0.000 RX_Z:0.000
[ATTACK-EMIT] CID:0 activeWindow=YES falsified=YES simT=34.910 realPX=701.850 fakePX=701.850 realSPD=15.000 fakeSPD=20.000 realTS=34.910 fakeTS=34.910 lane=1
[PASSIVE-BEACON] SIMNOW:34.928 CID:11 ZONE:2 RXUAV:2 EDGEPORT:9996 TS:34.914 SPD:14.800 HDG:1.300 PX:752.300 PY:-20.000 LAN:2 BRK:0 RX_X:0.000 RX_Y:0.000 RX_Z:0.000
[ZONE-ROUTE] CID:11 zone=2 edge_port=9996
[EDGE-RTT] CID:11 wall=1.4 ms  sim_delay=5.0 ms
[CUSUM] CID:11 S=0.000/0.800 pEdge=0.000 pCusum=0.020
[POST-HANDOVER] CID:11 zone=2 pkt=9/10 credit_factor=0.150
>>> [UAV->CLOUD] BLK:03ef|TX:7.0.0.15|CID:11|TS:34.914|SPD:14.8|HDG:1.3|PX:752.3|PY:-20.0...
✓ [CAR 11] ACT=OK REP=0.763 RWD=1.000 PNL=0.000 CREDIT=18
[PASSIVE-BEACON] SIMNOW:34.971 CID:17 ZONE:2 RXUAV:2 EDGEPORT:9996 TS:34.956 SPD:15.000 HDG:0.600 PX:782.100 PY:-30.000 LAN:3 BRK:1 RX_X:0.000 RX_Y:0.000 RX_Z:0.000
[ZONE-ROUTE] CID:17 zone=2 edge_port=9996
[EDGE-RTT] CID:17 wall=1.5 ms  sim_delay=5.0 ms
[CUSUM] CID:17 S=0.000/0.800 pEdge=0.000 pCusum=0.020
[POST-HANDOVER] CID:17 zone=2 pkt=9/10 credit_factor=0.150
>>> [UAV->CLOUD] BLK:54e9|TX:7.0.0.21|CID:17|TS:34.956|SPD:15.0|HDG:0.6|PX:782.1|PY:-30.0...
[PASSIVE-BEACON] SIMNOW:34.971 CID:13 ZONE:2 RXUAV:2 EDGEPORT:9996 TS:34.954 SPD:15.100 HDG:0.900 PX:772.400 PY:-40.000 LAN:99 BRK:0 RX_X:0.000 RX_Y:0.000 RX_Z:0.000
[ECON-GATE] CID:17 probation active - suppressing OK reward 1.000
[ECON-RESTORE] CID:17 probation cleared after 15 clean packets
✓ [CAR 17] ACT=OK REP=0.745 RWD=0.000 PNL=0.000 CREDIT=14
[PASSIVE-BEACON] SIMNOW:35.065 CID:8 ZONE:2 RXUAV:2 EDGEPORT:9996 TS:35.052 SPD:14.500 HDG:-1.300 PX:753.400 PY:-40.000 LAN:99 BRK:0 RX_X:0.000 RX_Y:0.000 RX_Z:0.000
[PASSIVE-BEACON] SIMNOW:35.078 CID:10 ZONE:2 RXUAV:2 EDGEPORT:9996 TS:35.064 SPD:14.900 HDG:-1.500 PX:744.400 PY:-10.000 LAN:99 BRK:0 RX_X:0.000 RX_Y:0.000 RX_Z:0.000
[PASSIVE-BEACON] SIMNOW:35.114 CID:4 ZONE:2 RXUAV:2 EDGEPORT:9996 TS:35.100 SPD:14.700 HDG:-1.300 PX:744.400 PY:-50.000 LAN:99 BRK:0 RX_X:0.000 RX_Y:0.000 RX_Z:0.000
[PASSIVE-BEACON] SIMNOW:35.137 CID:9 ZONE:2 RXUAV:2 EDGEPORT:9996 TS:35.122 SPD:15.300 HDG:0.100 PX:765.200 PY:-50.000 LAN:5 BRK:0 RX_X:0.000 RX_Y:0.000 RX_Z:0.000
[ZONE-ROUTE] CID:9 zone=2 edge_port=9996
[EDGE-RTT] CID:9 wall=1.7 ms  sim_delay=5.0 ms
[CUSUM] CID:9 S=0.000/0.800 pEdge=0.000 pCusum=0.020
[POST-HANDOVER] CID:9 zone=2 pkt=10/10 credit_factor=0.150
[POST-HANDOVER-END] CID:9 zone=2 probation complete
>>> [UAV->CLOUD] BLK:785c|TX:7.0.0.13|CID:9|TS:35.122|SPD:15.3|HDG:0.1|PX:765.2|PY:-50.0|...
[ECON-GATE] CID:9 probation active - suppressing OK reward 1.000
✓ [CAR 9] ACT=OK REP=0.420 RWD=0.000 PNL=0.000 CREDIT=6
[PASSIVE-BEACON] SIMNOW:35.155 CID:5 ZONE:2 RXUAV:2 EDGEPORT:9996 TS:35.142 SPD:15.300 HDG:-0.300 PX:725.800 PY:-10.000 LAN:1 BRK:1 RX_X:0.000 RX_Y:0.000 RX_Z:0.000
[ZONE-ROUTE] CID:5 zone=2 edge_port=9996
[EDGE-RTT] CID:5 wall=1.5 ms  sim_delay=10.0 ms
[CUSUM] CID:5 S=0.000/0.800 pEdge=0.000 pCusum=0.020
[POST-HANDOVER] CID:5 zone=2 pkt=10/10 credit_factor=0.150
[POST-HANDOVER-END] CID:5 zone=2 probation complete
>>> [UAV->CLOUD] BLK:267f|TX:7.0.0.9|CID:5|TS:35.142|SPD:15.3|HDG:-0.3|PX:725.8|PY:-10.0|...
[PASSIVE-BEACON] SIMNOW:35.160 CID:18 ZONE:2 RXUAV:2 EDGEPORT:9996 TS:35.146 SPD:14.800 HDG:1.000 PX:794.900 PY:-40.000 LAN:99 BRK:1 RX_X:0.000 RX_Y:0.000 RX_Z:0.000
✓ [CAR 5] ACT=OK REP=0.657 RWD=1.000 PNL=0.000 CREDIT=22
[PASSIVE-BEACON] SIMNOW:35.206 CID:7 ZONE:2 RXUAV:2 EDGEPORT:9996 TS:35.192 SPD:14.600 HDG:-1.400 PX:746.700 PY:-30.000 LAN:99 BRK:0 RX_X:0.000 RX_Y:0.000 RX_Z:0.000
[ATTACK-EMIT] CID:1 activeWindow=YES falsified=YES simT=35.220 realPX=716.500 fakePX=561.052 realSPD=15.000 fakeSPD=20.000 realTS=35.220 fakeTS=34.720 lane=99
[PASSIVE-BEACON] SIMNOW:35.234 CID:1 ZONE:1 RXUAV:1 EDGEPORT:9998 TS:34.720 SPD:20.000 HDG:0.000 PX:561.100 PY:-20.000 LAN:99 BRK:0 RX_X:0.000 RX_Y:0.000 RX_Z:0.000
[PASSIVE-BEACON] SIMNOW:35.258 CID:12 ZONE:2 RXUAV:2 EDGEPORT:9996 TS:35.244 SPD:15.400 HDG:0.600 PX:766.200 PY:-30.000 LAN:99 BRK:0 RX_X:0.000 RX_Y:0.000 RX_Z:0.000
[PASSIVE-BEACON] SIMNOW:35.260 CID:15 ZONE:2 RXUAV:2 EDGEPORT:9996 TS:35.246 SPD:15.200 HDG:-0.300 PX:766.900 PY:-10.000 LAN:1 BRK:0 RX_X:0.000 RX_Y:0.000 RX_Z:0.000
[ZONE-ROUTE] CID:15 zone=2 edge_port=9996
[EDGE-RTT] CID:15 wall=1.7 ms  sim_delay=5.0 ms
[CUSUM] CID:15 S=0.000/0.800 pEdge=0.000 pCusum=0.020
[POST-HANDOVER] CID:15 zone=2 pkt=10/10 credit_factor=0.150
[POST-HANDOVER-END] CID:15 zone=2 probation complete
>>> [UAV->CLOUD] BLK:b766|TX:7.0.0.19|CID:15|TS:35.246|SPD:15.2|HDG:-0.3|PX:766.9|PY:-10....
✓ [CAR 15] ACT=OK REP=0.853 RWD=1.000 PNL=0.000 CREDIT=22
[PASSIVE-BEACON] SIMNOW:35.336 CID:6 ZONE:2 RXUAV:2 EDGEPORT:9996 TS:35.322 SPD:15.500 HDG:-1.100 PX:738.300 PY:-20.000 LAN:99 BRK:0 RX_X:0.000 RX_Y:0.000 RX_Z:0.000
[PASSIVE-BEACON] SIMNOW:35.348 CID:14 ZONE:2 RXUAV:2 EDGEPORT:9996 TS:35.334 SPD:14.800 HDG:-1.000 PX:788.000 PY:-50.000 LAN:99 BRK:0 RX_X:0.000 RX_Y:0.000 RX_Z:0.000
[ATTACK-EMIT] CID:0 activeWindow=YES falsified=YES simT=35.410 realPX=709.350 fakePX=709.350 realSPD=15.000 fakeSPD=20.000 realTS=35.410 fakeTS=35.410 lane=1
[PASSIVE-BEACON] SIMNOW:35.428 CID:11 ZONE:2 RXUAV:2 EDGEPORT:9996 TS:35.414 SPD:14.600 HDG:-1.600 PX:759.900 PY:-20.000 LAN:2 BRK:0 RX_X:0.000 RX_Y:0.000 RX_Z:0.000
[ZONE-ROUTE] CID:11 zone=2 edge_port=9996
[EDGE-RTT] CID:11 wall=1.6 ms  sim_delay=5.0 ms
[CUSUM] CID:11 S=0.000/0.800 pEdge=0.000 pCusum=0.020
[POST-HANDOVER] CID:11 zone=2 pkt=10/10 credit_factor=0.150
[POST-HANDOVER-END] CID:11 zone=2 probation complete
>>> [UAV->CLOUD] BLK:7cc4|TX:7.0.0.15|CID:11|TS:35.414|SPD:14.6|HDG:-1.6|PX:759.9|PY:-20....
✓ [CAR 11] ACT=OK REP=0.676 RWD=1.000 PNL=0.000 CREDIT=19
[PASSIVE-BEACON] SIMNOW:35.468 CID:13 ZONE:2 RXUAV:2 EDGEPORT:9996 TS:35.454 SPD:15.400 HDG:1.000 PX:779.900 PY:-40.000 LAN:99 BRK:0 RX_X:0.000 RX_Y:0.000 RX_Z:0.000
[PASSIVE-BEACON] SIMNOW:35.470 CID:17 ZONE:2 RXUAV:2 EDGEPORT:9996 TS:35.456 SPD:14.500 HDG:-1.100 PX:789.300 PY:-30.000 LAN:3 BRK:1 RX_X:0.000 RX_Y:0.000 RX_Z:0.000
[ZONE-ROUTE] CID:17 zone=2 edge_port=9996
[EDGE-RTT] CID:17 wall=1.7 ms  sim_delay=5.0 ms
[CUSUM] CID:17 S=0.000/0.800 pEdge=0.000 pCusum=0.020
[POST-HANDOVER] CID:17 zone=2 pkt=10/10 credit_factor=0.150
[POST-HANDOVER-END] CID:17 zone=2 probation complete
>>> [UAV->CLOUD] BLK:7da0|TX:7.0.0.21|CID:17|TS:35.456|SPD:14.5|HDG:-1.1|PX:789.3|PY:-30....
✓ [CAR 17] ACT=OK REP=0.625 RWD=1.000 PNL=0.000 CREDIT=15
[PASSIVE-BEACON] SIMNOW:35.569 CID:8 ZONE:2 RXUAV:2 EDGEPORT:9996 TS:35.552 SPD:14.900 HDG:-1.700 PX:761.200 PY:-40.000 LAN:99 BRK:0 RX_X:0.000 RX_Y:0.000 RX_Z:0.000
[PASSIVE-BEACON] SIMNOW:35.578 CID:10 ZONE:2 RXUAV:2 EDGEPORT:9996 TS:35.564 SPD:15.200 HDG:-1.000 PX:751.300 PY:-10.000 LAN:99 BRK:0 RX_X:0.000 RX_Y:0.000 RX_Z:0.000
[PASSIVE-BEACON] SIMNOW:35.614 CID:4 ZONE:2 RXUAV:2 EDGEPORT:9996 TS:35.600 SPD:15.100 HDG:1.800 PX:752.000 PY:-50.000 LAN:99 BRK:0 RX_X:0.000 RX_Y:0.000 RX_Z:0.000
[PASSIVE-BEACON] SIMNOW:35.636 CID:9 ZONE:2 RXUAV:2 EDGEPORT:9996 TS:35.622 SPD:15.200 HDG:0.100 PX:772.500 PY:-50.000 LAN:5 BRK:0 RX_X:0.000 RX_Y:0.000 RX_Z:0.000
[ZONE-ROUTE] CID:9 zone=2 edge_port=9996
[EDGE-RTT] CID:9 wall=1.7 ms  sim_delay=5.0 ms
[CUSUM] CID:9 S=0.000/0.800 pEdge=0.000 pCusum=0.020
>>> [UAV->CLOUD] BLK:6e29|TX:7.0.0.13|CID:9|TS:35.622|SPD:15.2|HDG:0.1|PX:772.5|PY:-50.0|...
[ECON-GATE] CID:9 probation active - suppressing OK reward 1.000
✓ [CAR 9] ACT=OK REP=0.518 RWD=0.000 PNL=0.000 CREDIT=7
[PASSIVE-BEACON] SIMNOW:35.659 CID:5 ZONE:2 RXUAV:2 EDGEPORT:9996 TS:35.642 SPD:15.200 HDG:-1.500 PX:733.300 PY:-10.000 LAN:1 BRK:0 RX_X:0.000 RX_Y:0.000 RX_Z:0.000
[ZONE-ROUTE] CID:5 zone=2 edge_port=9996
[EDGE-RTT] CID:5 wall=1.4 ms  sim_delay=10.0 ms
[CUSUM] CID:5 S=0.000/0.800 pEdge=0.000 pCusum=0.020
>>> [UAV->CLOUD] BLK:d072|TX:7.0.0.9|CID:5|TS:35.642|SPD:15.2|HDG:-1.5|PX:733.3|PY:-10.0|...
[PASSIVE-BEACON] SIMNOW:35.660 CID:18 ZONE:2 RXUAV:2 EDGEPORT:9996 TS:35.646 SPD:14.700 HDG:1.500 PX:802.700 PY:-40.000 LAN:99 BRK:0 RX_X:0.000 RX_Y:0.000 RX_Z:0.000
✓ [CAR 5] ACT=OK REP=0.958 RWD=1.000 PNL=0.000 CREDIT=23
[PASSIVE-BEACON] SIMNOW:35.706 CID:7 ZONE:2 RXUAV:2 EDGEPORT:9996 TS:35.692 SPD:14.600 HDG:-1.700 PX:753.100 PY:-30.000 LAN:99 BRK:0 RX_X:0.000 RX_Y:0.000 RX_Z:0.000
[PASSIVE-BEACON] SIMNOW:35.734 CID:1 ZONE:2 RXUAV:2 EDGEPORT:9996 TS:35.720 SPD:14.600 HDG:1.900 PX:724.400 PY:-20.000 LAN:99 BRK:0 RX_X:0.000 RX_Y:0.000 RX_Z:0.000
[PASSIVE-BEACON] SIMNOW:35.760 CID:12 ZONE:2 RXUAV:2 EDGEPORT:9996 TS:35.744 SPD:14.900 HDG:-0.300 PX:774.700 PY:-30.000 LAN:99 BRK:1 RX_X:0.000 RX_Y:0.000 RX_Z:0.000
[PASSIVE-BEACON] SIMNOW:35.762 CID:15 ZONE:2 RXUAV:2 EDGEPORT:9996 TS:35.746 SPD:14.800 HDG:-1.800 PX:774.700 PY:-10.000 LAN:1 BRK:0 RX_X:0.000 RX_Y:0.000 RX_Z:0.000
[ZONE-ROUTE] CID:15 zone=2 edge_port=9996
[EDGE-RTT] CID:15 wall=1.4 ms  sim_delay=5.0 ms
[CUSUM] CID:15 S=0.000/0.800 pEdge=0.000 pCusum=0.020
>>> [UAV->CLOUD] BLK:7d5e|TX:7.0.0.19|CID:15|TS:35.746|SPD:14.8|HDG:-1.8|PX:774.7|PY:-10....
✓ [CAR 15] ACT=OK REP=0.688 RWD=1.000 PNL=0.000 CREDIT=23
[PASSIVE-BEACON] SIMNOW:35.836 CID:6 ZONE:2 RXUAV:2 EDGEPORT:9996 TS:35.822 SPD:15.100 HDG:0.600 PX:745.100 PY:-20.000 LAN:99 BRK:1 RX_X:0.000 RX_Y:0.000 RX_Z:0.000
[PASSIVE-BEACON] SIMNOW:35.852 CID:14 ZONE:2 RXUAV:2 EDGEPORT:9996 TS:35.834 SPD:14.900 HDG:-1.300 PX:796.000 PY:-50.000 LAN:99 BRK:0 RX_X:0.000 RX_Y:0.000 RX_Z:0.000
[ATTACK-EMIT] CID:0 activeWindow=YES falsified=YES simT=35.910 realPX=716.850 fakePX=566.670 realSPD=15.000 fakeSPD=22.000 realTS=35.910 fakeTS=35.410 lane=1
[PASSIVE-BEACON] SIMNOW:35.928 CID:11 ZONE:2 RXUAV:2 EDGEPORT:9996 TS:35.914 SPD:15.300 HDG:1.900 PX:767.600 PY:-20.000 LAN:2 BRK:0 RX_X:0.000 RX_Y:0.000 RX_Z:0.000
[ZONE-ROUTE] CID:11 zone=2 edge_port=9996
[EDGE-RTT] CID:11 wall=1.5 ms  sim_delay=5.0 ms
[CUSUM] CID:11 S=0.000/0.800 pEdge=0.000 pCusum=0.020
>>> [UAV->CLOUD] BLK:6519|TX:7.0.0.15|CID:11|TS:35.914|SPD:15.3|HDG:1.9|PX:767.6|PY:-20.0...
✓ [CAR 11] ACT=OK REP=0.622 RWD=1.000 PNL=0.000 CREDIT=20
[PASSIVE-BEACON] SIMNOW:35.968 CID:13 ZONE:2 RXUAV:2 EDGEPORT:9996 TS:35.954 SPD:14.800 HDG:1.400 PX:787.600 PY:-40.000 LAN:99 BRK:0 RX_X:0.000 RX_Y:0.000 RX_Z:0.000
[PASSIVE-BEACON] SIMNOW:35.971 CID:17 ZONE:2 RXUAV:2 EDGEPORT:9996 TS:35.956 SPD:14.500 HDG:0.200 PX:796.900 PY:-30.000 LAN:3 BRK:1 RX_X:0.000 RX_Y:0.000 RX_Z:0.000
[ZONE-ROUTE] CID:17 zone=2 edge_port=9996
[EDGE-RTT] CID:17 wall=1.6 ms  sim_delay=5.0 ms
[CUSUM] CID:17 S=0.000/0.800 pEdge=0.000 pCusum=0.020
>>> [UAV->CLOUD] BLK:e733|TX:7.0.0.21|CID:17|TS:35.956|SPD:14.5|HDG:0.2|PX:796.9|PY:-30.0...
✓ [CAR 17] ACT=OK REP=0.748 RWD=1.000 PNL=0.000 CREDIT=16

── PAYOFF SUMMARY ─────────────────────────────────
[PAYOFF] CID:0 cumulative_payoff=17.496 honest_wins=17 warn_count=0 adverse_count=0 demoted=NO return_threshold=0 lane_upgraded=YES scrutiny_reduced=NO malicious=YES
[PAYOFF] CID:1 cumulative_payoff=-97.804 honest_wins=0 warn_count=24 adverse_count=1 demoted=YES return_threshold=60 lane_upgraded=NO scrutiny_reduced=NO malicious=YES
[PAYOFF] CID:2 cumulative_payoff=23.996 honest_wins=23 warn_count=0 adverse_count=0 demoted=NO return_threshold=0 lane_upgraded=YES scrutiny_reduced=YES malicious=YES
[PAYOFF] CID:3 cumulative_payoff=19.496 honest_wins=19 warn_count=0 adverse_count=0 demoted=NO return_threshold=0 lane_upgraded=YES scrutiny_reduced=NO malicious=NO
[PAYOFF] CID:4 cumulative_payoff=-49.289 honest_wins=0 warn_count=16 adverse_count=1 demoted=YES return_threshold=60 lane_upgraded=NO scrutiny_reduced=NO malicious=YES
[PAYOFF] CID:5 cumulative_payoff=-83.631 honest_wins=24 warn_count=24 adverse_count=0 demoted=NO return_threshold=0 lane_upgraded=NO scrutiny_reduced=NO malicious=NO
[PAYOFF] CID:6 cumulative_payoff=-90.942 honest_wins=0 warn_count=23 adverse_count=1 demoted=YES return_threshold=60 lane_upgraded=NO scrutiny_reduced=NO malicious=YES
[PAYOFF] CID:7 cumulative_payoff=-71.703 honest_wins=0 warn_count=20 adverse_count=1 demoted=YES return_threshold=60 lane_upgraded=NO scrutiny_reduced=NO malicious=YES
[PAYOFF] CID:8 cumulative_payoff=-49.499 honest_wins=0 warn_count=16 adverse_count=1 demoted=YES return_threshold=60 lane_upgraded=NO scrutiny_reduced=NO malicious=YES
[PAYOFF] CID:9 cumulative_payoff=-84.650 honest_wins=8 warn_count=23 adverse_count=0 demoted=NO return_threshold=0 lane_upgraded=NO scrutiny_reduced=NO malicious=NO
[PAYOFF] CID:10 cumulative_payoff=-97.998 honest_wins=0 warn_count=24 adverse_count=1 demoted=YES return_threshold=60 lane_upgraded=NO scrutiny_reduced=NO malicious=YES
[PAYOFF] CID:11 cumulative_payoff=-79.383 honest_wins=21 warn_count=23 adverse_count=0 demoted=NO return_threshold=0 lane_upgraded=NO scrutiny_reduced=NO malicious=NO
[PAYOFF] CID:12 cumulative_payoff=-54.796 honest_wins=0 warn_count=17 adverse_count=1 demoted=YES return_threshold=60 lane_upgraded=NO scrutiny_reduced=NO malicious=YES
[PAYOFF] CID:13 cumulative_payoff=-40.124 honest_wins=0 warn_count=14 adverse_count=1 demoted=YES return_threshold=60 lane_upgraded=NO scrutiny_reduced=NO malicious=YES
[PAYOFF] CID:14 cumulative_payoff=-27.543 honest_wins=0 warn_count=11 adverse_count=1 demoted=YES return_threshold=60 lane_upgraded=NO scrutiny_reduced=NO malicious=YES
[PAYOFF] CID:15 cumulative_payoff=-83.474 honest_wins=24 warn_count=24 adverse_count=0 demoted=NO return_threshold=0 lane_upgraded=NO scrutiny_reduced=NO malicious=NO
[PAYOFF] CID:16 cumulative_payoff=12.996 honest_wins=13 warn_count=0 adverse_count=0 demoted=NO return_threshold=0 lane_upgraded=NO scrutiny_reduced=NO malicious=YES
[PAYOFF] CID:17 cumulative_payoff=-90.017 honest_wins=17 warn_count=24 adverse_count=0 demoted=NO return_threshold=0 lane_upgraded=NO scrutiny_reduced=NO malicious=NO
[PAYOFF] CID:18 cumulative_payoff=-35.758 honest_wins=0 warn_count=13 adverse_count=1 demoted=YES return_threshold=60 lane_upgraded=NO scrutiny_reduced=NO malicious=YES
[PAYOFF] CID:19 cumulative_payoff=11.996 honest_wins=12 warn_count=0 adverse_count=0 demoted=NO return_threshold=0 lane_upgraded=NO scrutiny_reduced=NO malicious=NO

--------------------------------------------------
 SIMULATION COMPLETE v90-multiuav (adaptive edge-cloud, bridge mode only)  nCars=20  attackRate=50%  attackType=5  RngRun=10
--------------------------------------------------
