[0/2] Re-checking globbed directories...
ninja: no work to do.
[TEMPTATION-T] CID:0 T_i=0.636 break-even_p*=0.440
[TEMPTATION-T] CID:1 T_i=1.945 break-even_p*=0.204
[TEMPTATION-T] CID:3 T_i=1.756 break-even_p*=0.222
[TEMPTATION-T] CID:7 T_i=1.430 break-even_p*=0.259
[TEMPTATION-T] CID:8 T_i=1.540 break-even_p*=0.245
[TEMPTATION-T] CID:9 T_i=1.697 break-even_p*=0.228
[TEMPTATION-T] CID:10 T_i=1.131 break-even_p*=0.306
[TEMPTATION-T] CID:13 T_i=0.554 break-even_p*=0.474
[TEMPTATION-T] CID:16 T_i=0.962 break-even_p*=0.342
[TEMPTATION-T] CID:17 T_i=0.872 break-even_p*=0.364
[LATE-ATTACK] CID:2 position-aware flip armed ZoneLen=900.000m threshold=360.000m
[LATE-ATTACK] CID:4 position-aware flip armed ZoneLen=900.000m threshold=360.000m
[LATE-ATTACK] CID:5 position-aware flip armed ZoneLen=900.000m threshold=360.000m
[LATE-ATTACK] Scheduled 3 position-aware late-entry attackers ZoneLen=900.000m ThreshM=360.000m
[HANDOVER] Armed 20 triggers for Z1->Z2 at t=30.000 s (zoneEndX=900.000, leadM=300.000)

--------------------------------------------------
 UNIFIED SIMULATION v90-multiUAV (adaptive edge-cloud, bridge mode only)
--------------------------------------------------
 Cars      : 20 (5 lanes x 4)
 RngRun    : 5
 Attack    : 50%  (10 malicious) [0,1,3,7,8,9,10,13,16,17]
 AttackType: 5 (0=composite,1=TS-only,2=GPS-only,3=speed-only,4=stealthy,5=adaptive)
 TsOffset  : -0.500s
 SpdFactor : 1.100x
 Nash p*   : 0.400 (BAN_REWARD=1.500)
 ZONE_SAFE : 0.150
 ZONE_MALICIOUS : 0.300
 LEGACY_WIRE_ALIASES : 0
 SCR_ALERT : 0.620
 GAME_Cf   : 3.000
 CloudTrig : [unused in bridge mode] SCR<0.620 && >=4 | TIME>=3.000s | COUNT>=10
 EdgePortZ1: 127.0.0.1:9998
 EdgePortZ2: 127.0.0.1:9996
 Cloud     : 127.0.0.1:6666
 CloudMode : BRIDGE (adaptive batch calibration — cloud tunes edge params only)
 LedgerFile: blockchain_ledger.jsonl
 EdgeLatencyMs : 10.000 ms
 CloudLatencyMs: 150.000 ms
 NashP* mode   : adaptive (warmup=5 pkts, rho_hat-driven)
 S1uDelay      : 5 ms  |  PGW-rHost delay: 5 ms
 PktDropRate   : 0%  |  EdgeJitter: 30%  |  LateAttackers: 25% of mal
 BgTraffic     : 20 cars x 500 kbps UDP
 Mobility      : WaypointMobility (3-phase speed profile per lane)
 Duration  : 36.000s
--------------------------------------------------

[BG-TRAFFIC] 20 cars x 500 kbps UDP background flow to rHost installed
[PASSIVE-BEACON] SIMNOW:2.041 CID:15 ZONE:1 RXUAV:1 EDGEPORT:9998 TS:2.026 SPD:19.800 HDG:1.400 PX:100.200 PY:-10.000 LAN:1 BRK:1 RX_X:0.000 RX_Y:0.000 RX_Z:0.000
[ZONE-ROUTE] CID:15 zone=1 edge_port=9998
[EDGE-RTT] CID:15 wall=1.6 ms  sim_delay=10.0 ms
>>> [UAV->CLOUD] BLK:6f09|TX:7.0.0.19|CID:15|TS:2.026|SPD:19.8|HDG:1.4|PX:100.2|PY:-10.0|...
[PASSIVE-BEACON] SIMNOW:2.041 CID:16 ZONE:1 RXUAV:1 EDGEPORT:9998 TS:2.026 SPD:20.300 HDG:1.700 PX:100.700 PY:-20.000 LAN:2 BRK:0 RX_X:0.000 RX_Y:0.000 RX_Z:0.000
[ZONE-ROUTE] CID:16 zone=1 edge_port=9998
[EDGE-RTT] CID:16 wall=1.2 ms  sim_delay=10.0 ms
>>> [UAV->CLOUD] BLK:cfd1|TX:7.0.0.20|CID:16|TS:2.026|SPD:20.3|HDG:1.7|PX:100.7|PY:-20.0|...
✓ [CAR 16] ACT=OK REP=0.970 RWD=0.996 PNL=0.000 CREDIT=0
✓ [CAR 15] ACT=OK REP=0.715 RWD=0.996 PNL=0.000 CREDIT=0
[PASSIVE-BEACON] SIMNOW:2.135 CID:7 ZONE:1 RXUAV:1 EDGEPORT:9998 TS:2.122 SPD:20.100 HDG:-1.100 PX:62.700 PY:-30.000 LAN:3 BRK:0 RX_X:0.000 RX_Y:0.000 RX_Z:0.000
[ZONE-ROUTE] CID:7 zone=1 edge_port=9998
[EDGE-RTT] CID:7 wall=1.2 ms  sim_delay=10.0 ms
>>> [UAV->CLOUD] BLK:a189|TX:7.0.0.11|CID:7|TS:2.122|SPD:20.1|HDG:-1.1|PX:62.7|PY:-30.0|L...
✓ [CAR 7] ACT=OK REP=0.870 RWD=0.996 PNL=0.000 CREDIT=0
[PASSIVE-BEACON] SIMNOW:2.179 CID:14 ZONE:1 RXUAV:1 EDGEPORT:9998 TS:2.164 SPD:20.400 HDG:-0.700 PX:82.700 PY:-50.000 LAN:5 BRK:0 RX_X:0.000 RX_Y:0.000 RX_Z:0.000
[ZONE-ROUTE] CID:14 zone=1 edge_port=9998
[EDGE-RTT] CID:14 wall=1.5 ms  sim_delay=10.0 ms
>>> [UAV->CLOUD] BLK:143d|TX:7.0.0.18|CID:14|TS:2.164|SPD:20.4|HDG:-0.7|PX:82.7|PY:-50.0|...
[PASSIVE-BEACON] SIMNOW:2.186 CID:6 ZONE:1 RXUAV:1 EDGEPORT:9998 TS:2.172 SPD:20.300 HDG:-0.400 PX:63.400 PY:-20.000 LAN:2 BRK:0 RX_X:0.000 RX_Y:0.000 RX_Z:0.000
[ZONE-ROUTE] CID:6 zone=1 edge_port=9998
[EDGE-RTT] CID:6 wall=1.2 ms  sim_delay=10.0 ms
>>> [UAV->CLOUD] BLK:276e|TX:7.0.0.10|CID:6|TS:2.172|SPD:20.3|HDG:-0.4|PX:63.4|PY:-20.0|L...
✓ [CAR 14] ACT=OK REP=0.648 RWD=0.996 PNL=0.000 CREDIT=0
✓ [CAR 6] ACT=OK REP=0.493 RWD=0.996 PNL=0.000 CREDIT=0
[PASSIVE-BEACON] SIMNOW:2.210 CID:19 ZONE:1 RXUAV:1 EDGEPORT:9998 TS:2.196 SPD:20.500 HDG:-1.700 PX:104.000 PY:-50.000 LAN:5 BRK:0 RX_X:0.000 RX_Y:0.000 RX_Z:0.000
[ZONE-ROUTE] CID:19 zone=1 edge_port=9998
[EDGE-RTT] CID:19 wall=1.0 ms  sim_delay=10.0 ms
>>> [UAV->CLOUD] BLK:e6f3|TX:7.0.0.23|CID:19|TS:2.196|SPD:20.5|HDG:-1.7|PX:104.0|PY:-50.0...
✓ [CAR 19] ACT=OK REP=0.813 RWD=0.996 PNL=0.000 CREDIT=0
[PASSIVE-BEACON] SIMNOW:2.258 CID:13 ZONE:1 RXUAV:1 EDGEPORT:9998 TS:2.244 SPD:20.200 HDG:0.200 PX:84.600 PY:-40.000 LAN:4 BRK:0 RX_X:0.000 RX_Y:0.000 RX_Z:0.000
[ZONE-ROUTE] CID:13 zone=1 edge_port=9998
[EDGE-RTT] CID:13 wall=1.1 ms  sim_delay=10.0 ms
>>> [UAV->CLOUD] BLK:22ad|TX:7.0.0.17|CID:13|TS:2.244|SPD:20.2|HDG:0.2|PX:84.6|PY:-40.0|L...
✓ [CAR 13] ACT=OK REP=0.796 RWD=0.996 PNL=0.000 CREDIT=0
[PASSIVE-BEACON] SIMNOW:2.278 CID:12 ZONE:1 RXUAV:1 EDGEPORT:9998 TS:2.264 SPD:19.600 HDG:0.700 PX:84.900 PY:-30.000 LAN:3 BRK:0 RX_X:0.000 RX_Y:0.000 RX_Z:0.000
[ZONE-ROUTE] CID:12 zone=1 edge_port=9998
[EDGE-RTT] CID:12 wall=1.3 ms  sim_delay=10.0 ms
>>> [UAV->CLOUD] BLK:fa56|TX:7.0.0.16|CID:12|TS:2.264|SPD:19.6|HDG:0.7|PX:84.9|PY:-30.0|L...
✓ [CAR 12] ACT=OK REP=0.376 RWD=0.996 PNL=0.000 CREDIT=0
[PASSIVE-BEACON] SIMNOW:2.364 CID:4 ZONE:1 RXUAV:1 EDGEPORT:9998 TS:2.350 SPD:19.800 HDG:0.500 PX:47.700 PY:-50.000 LAN:5 BRK:0 RX_X:0.000 RX_Y:0.000 RX_Z:0.000
[ZONE-ROUTE] CID:4 zone=1 edge_port=9998
[EDGE-RTT] CID:4 wall=1.4 ms  sim_delay=10.0 ms
>>> [UAV->CLOUD] BLK:8c85|TX:7.0.0.8|CID:4|TS:2.350|SPD:19.8|HDG:0.5|PX:47.7|PY:-50.0|LAN...
✓ [CAR 4] ACT=OK REP=0.641 RWD=0.996 PNL=0.000 CREDIT=0
[PASSIVE-BEACON] SIMNOW:2.496 CID:5 ZONE:1 RXUAV:1 EDGEPORT:9998 TS:2.482 SPD:19.500 HDG:0.700 PX:70.300 PY:-10.000 LAN:1 BRK:1 RX_X:0.000 RX_Y:0.000 RX_Z:0.000
[ZONE-ROUTE] CID:5 zone=1 edge_port=9998
[EDGE-RTT] CID:5 wall=1.4 ms  sim_delay=10.0 ms
>>> [UAV->CLOUD] BLK:d93d|TX:7.0.0.9|CID:5|TS:2.482|SPD:19.5|HDG:0.7|PX:70.3|PY:-10.0|LAN...
✓ [CAR 5] ACT=OK REP=0.895 RWD=0.996 PNL=0.000 CREDIT=0
[PASSIVE-BEACON] SIMNOW:2.530 CID:18 ZONE:1 RXUAV:1 EDGEPORT:9998 TS:2.516 SPD:19.900 HDG:-0.400 PX:110.800 PY:-40.000 LAN:4 BRK:0 RX_X:0.000 RX_Y:0.000 RX_Z:0.000
[ZONE-ROUTE] CID:18 zone=1 edge_port=9998
[EDGE-RTT] CID:18 wall=1.6 ms  sim_delay=10.0 ms
>>> [UAV->CLOUD] BLK:ea3a|TX:7.0.0.22|CID:18|TS:2.516|SPD:19.9|HDG:-0.4|PX:110.8|PY:-40.0...
[PASSIVE-BEACON] SIMNOW:2.538 CID:16 ZONE:1 RXUAV:1 EDGEPORT:9998 TS:2.526 SPD:20.100 HDG:-0.600 PX:109.900 PY:-20.000 LAN:2 BRK:0 RX_X:0.000 RX_Y:0.000 RX_Z:0.000
[ZONE-ROUTE] CID:16 zone=1 edge_port=9998
[EDGE-RTT] CID:16 wall=1.1 ms  sim_delay=10.0 ms
>>> [UAV->CLOUD] BLK:1525|TX:7.0.0.20|CID:16|TS:2.526|SPD:20.1|HDG:-0.6|PX:109.9|PY:-20.0...
[PASSIVE-BEACON] SIMNOW:2.538 CID:15 ZONE:1 RXUAV:1 EDGEPORT:9998 TS:2.526 SPD:19.900 HDG:1.000 PX:110.900 PY:-10.000 LAN:1 BRK:0 RX_X:0.000 RX_Y:0.000 RX_Z:0.000
[ZONE-ROUTE] CID:15 zone=1 edge_port=9998
[EDGE-RTT] CID:15 wall=1.2 ms  sim_delay=10.0 ms
>>> [UAV->CLOUD] BLK:1387|TX:7.0.0.19|CID:15|TS:2.526|SPD:19.9|HDG:1.0|PX:110.9|PY:-10.0|...
✓ [CAR 18] ACT=OK REP=0.419 RWD=0.996 PNL=0.000 CREDIT=0
✓ [CAR 16] ACT=OK REP=0.708 RWD=1.000 PNL=0.000 CREDIT=1
✓ [CAR 15] ACT=OK REP=0.656 RWD=1.000 PNL=0.000 CREDIT=1
[PASSIVE-BEACON] SIMNOW:2.636 CID:7 ZONE:1 RXUAV:1 EDGEPORT:9998 TS:2.622 SPD:20.300 HDG:-1.100 PX:72.900 PY:-30.000 LAN:3 BRK:0 RX_X:0.000 RX_Y:0.000 RX_Z:0.000
[ZONE-ROUTE] CID:7 zone=1 edge_port=9998
[EDGE-RTT] CID:7 wall=1.4 ms  sim_delay=10.0 ms
>>> [UAV->CLOUD] BLK:a458|TX:7.0.0.11|CID:7|TS:2.622|SPD:20.3|HDG:-1.1|PX:72.9|PY:-30.0|L...
✓ [CAR 7] ACT=OK REP=1.000 RWD=1.000 PNL=0.000 CREDIT=1
[PASSIVE-BEACON] SIMNOW:2.678 CID:14 ZONE:1 RXUAV:1 EDGEPORT:9998 TS:2.664 SPD:19.700 HDG:-1.000 PX:92.500 PY:-50.000 LAN:5 BRK:0 RX_X:0.000 RX_Y:0.000 RX_Z:0.000
[ZONE-ROUTE] CID:14 zone=1 edge_port=9998
[EDGE-RTT] CID:14 wall=1.4 ms  sim_delay=10.0 ms
>>> [UAV->CLOUD] BLK:970f|TX:7.0.0.18|CID:14|TS:2.664|SPD:19.7|HDG:-1.0|PX:92.5|PY:-50.0|...
[PASSIVE-BEACON] SIMNOW:2.686 CID:6 ZONE:1 RXUAV:1 EDGEPORT:9998 TS:2.672 SPD:19.800 HDG:0.600 PX:73.400 PY:-20.000 LAN:2 BRK:0 RX_X:0.000 RX_Y:0.000 RX_Z:0.000
[ZONE-ROUTE] CID:6 zone=1 edge_port=9998
[EDGE-RTT] CID:6 wall=1.5 ms  sim_delay=10.0 ms
>>> [UAV->CLOUD] BLK:11eb|TX:7.0.0.10|CID:6|TS:2.672|SPD:19.8|HDG:0.6|PX:73.4|PY:-20.0|LA...
✓ [CAR 14] ACT=OK REP=0.525 RWD=1.000 PNL=0.000 CREDIT=1
✓ [CAR 6] ACT=OK REP=0.694 RWD=1.000 PNL=0.000 CREDIT=1
[PASSIVE-BEACON] SIMNOW:2.710 CID:19 ZONE:1 RXUAV:1 EDGEPORT:9998 TS:2.696 SPD:19.600 HDG:0.400 PX:113.200 PY:-50.000 LAN:5 BRK:0 RX_X:0.000 RX_Y:0.000 RX_Z:0.000
[ZONE-ROUTE] CID:19 zone=1 edge_port=9998
[EDGE-RTT] CID:19 wall=1.2 ms  sim_delay=10.0 ms
>>> [UAV->CLOUD] BLK:dc1d|TX:7.0.0.23|CID:19|TS:2.696|SPD:19.6|HDG:0.4|PX:113.2|PY:-50.0|...
✓ [CAR 19] ACT=OK REP=0.740 RWD=1.000 PNL=0.000 CREDIT=1
[PASSIVE-BEACON] SIMNOW:2.746 CID:9 ZONE:1 RXUAV:1 EDGEPORT:9998 TS:2.732 SPD:19.900 HDG:1.000 PX:74.200 PY:-50.000 LAN:5 BRK:0 RX_X:0.000 RX_Y:0.000 RX_Z:0.000
[ZONE-ROUTE] CID:9 zone=1 edge_port=9998
[EDGE-RTT] CID:9 wall=1.3 ms  sim_delay=10.0 ms
>>> [UAV->CLOUD] BLK:e96e|TX:7.0.0.13|CID:9|TS:2.732|SPD:19.9|HDG:1.0|PX:74.2|PY:-50.0|LA...
[PASSIVE-BEACON] SIMNOW:2.758 CID:13 ZONE:1 RXUAV:1 EDGEPORT:9998 TS:2.744 SPD:20.000 HDG:-1.700 PX:94.700 PY:-40.000 LAN:4 BRK:0 RX_X:0.000 RX_Y:0.000 RX_Z:0.000
[ZONE-ROUTE] CID:13 zone=1 edge_port=9998
[EDGE-RTT] CID:13 wall=1.2 ms  sim_delay=10.0 ms
>>> [UAV->CLOUD] BLK:b4aa|TX:7.0.0.17|CID:13|TS:2.744|SPD:20.0|HDG:-1.7|PX:94.7|PY:-40.0|...
[PASSIVE-BEACON] SIMNOW:2.758 CID:10 ZONE:1 RXUAV:1 EDGEPORT:9998 TS:2.744 SPD:20.000 HDG:-1.000 PX:94.100 PY:-10.000 LAN:1 BRK:0 RX_X:0.000 RX_Y:0.000 RX_Z:0.000
[ZONE-ROUTE] CID:10 zone=1 edge_port=9998
[EDGE-RTT] CID:10 wall=1.2 ms  sim_delay=10.0 ms
>>> [UAV->CLOUD] BLK:9f68|TX:7.0.0.14|CID:10|TS:2.744|SPD:20.0|HDG:-1.0|PX:94.1|PY:-10.0|...
✓ [CAR 9] ACT=OK REP=0.908 RWD=0.996 PNL=0.000 CREDIT=0
[PASSIVE-BEACON] SIMNOW:2.768 CID:11 ZONE:1 RXUAV:1 EDGEPORT:9998 TS:2.754 SPD:20.000 HDG:-0.800 PX:95.700 PY:-20.000 LAN:2 BRK:1 RX_X:0.000 RX_Y:0.000 RX_Z:0.000
[ZONE-ROUTE] CID:11 zone=1 edge_port=9998
[EDGE-RTT] CID:11 wall=1.3 ms  sim_delay=10.0 ms
>>> [UAV->CLOUD] BLK:9397|TX:7.0.0.15|CID:11|TS:2.754|SPD:20.0|HDG:-0.8|PX:95.7|PY:-20.0|...
✓ [CAR 10] ACT=OK REP=0.547 RWD=0.996 PNL=0.000 CREDIT=0
✓ [CAR 13] ACT=OK REP=0.790 RWD=1.000 PNL=0.000 CREDIT=1
[PASSIVE-BEACON] SIMNOW:2.778 CID:12 ZONE:1 RXUAV:1 EDGEPORT:9998 TS:2.764 SPD:20.200 HDG:0.000 PX:94.600 PY:-30.000 LAN:3 BRK:0 RX_X:0.000 RX_Y:0.000 RX_Z:0.000
[ZONE-ROUTE] CID:12 zone=1 edge_port=9998
[EDGE-RTT] CID:12 wall=1.3 ms  sim_delay=10.0 ms
>>> [UAV->CLOUD] BLK:3058|TX:7.0.0.16|CID:12|TS:2.764|SPD:20.2|HDG:0.0|PX:94.6|PY:-30.0|L...
✓ [CAR 11] ACT=OK REP=0.522 RWD=0.996 PNL=0.000 CREDIT=0
✓ [CAR 12] ACT=OK REP=1.000 RWD=1.000 PNL=0.000 CREDIT=1
[PASSIVE-BEACON] SIMNOW:2.814 CID:2 ZONE:1 RXUAV:1 EDGEPORT:9998 TS:2.800 SPD:20.100 HDG:-1.000 PX:56.600 PY:-30.000 LAN:3 BRK:0 RX_X:0.000 RX_Y:0.000 RX_Z:0.000
[ZONE-ROUTE] CID:2 zone=1 edge_port=9998
[EDGE-RTT] CID:2 wall=1.1 ms  sim_delay=10.0 ms
>>> [UAV->CLOUD] BLK:f7f7|TX:7.0.0.6|CID:2|TS:2.800|SPD:20.1|HDG:-1.0|PX:56.6|PY:-30.0|LA...
✓ [CAR 2] ACT=OK REP=0.661 RWD=0.996 PNL=0.000 CREDIT=0
[PASSIVE-BEACON] SIMNOW:2.854 CID:1 ZONE:1 RXUAV:1 EDGEPORT:9998 TS:2.840 SPD:20.200 HDG:-1.200 PX:56.500 PY:-20.000 LAN:2 BRK:0 RX_X:0.000 RX_Y:0.000 RX_Z:0.000
[ZONE-ROUTE] CID:1 zone=1 edge_port=9998
[EDGE-RTT] CID:1 wall=1.0 ms  sim_delay=10.0 ms
>>> [UAV->CLOUD] BLK:815d|TX:7.0.0.5|CID:1|TS:2.840|SPD:20.2|HDG:-1.2|PX:56.5|PY:-20.0|LA...
[PASSIVE-BEACON] SIMNOW:2.864 CID:4 ZONE:1 RXUAV:1 EDGEPORT:9998 TS:2.850 SPD:20.100 HDG:1.200 PX:56.700 PY:-50.000 LAN:5 BRK:0 RX_X:0.000 RX_Y:0.000 RX_Z:0.000
[ZONE-ROUTE] CID:4 zone=1 edge_port=9998
[EDGE-RTT] CID:4 wall=1.4 ms  sim_delay=10.0 ms
>>> [UAV->CLOUD] BLK:ae76|TX:7.0.0.8|CID:4|TS:2.850|SPD:20.1|HDG:1.2|PX:56.7|PY:-50.0|LAN...
[PASSIVE-BEACON] SIMNOW:2.864 CID:3 ZONE:1 RXUAV:1 EDGEPORT:9998 TS:2.850 SPD:19.800 HDG:0.500 PX:57.700 PY:-40.000 LAN:4 BRK:0 RX_X:0.000 RX_Y:0.000 RX_Z:0.000
[ZONE-ROUTE] CID:3 zone=1 edge_port=9998
[EDGE-RTT] CID:3 wall=1.3 ms  sim_delay=10.0 ms
>>> [UAV->CLOUD] BLK:2d64|TX:7.0.0.7|CID:3|TS:2.850|SPD:19.8|HDG:0.5|PX:57.7|PY:-40.0|LAN...
✓ [CAR 1] ACT=OK REP=0.708 RWD=0.996 PNL=0.000 CREDIT=0
✓ [CAR 3] ACT=OK REP=0.498 RWD=0.996 PNL=0.000 CREDIT=0
✓ [CAR 4] ACT=OK REP=0.689 RWD=1.000 PNL=0.000 CREDIT=1
[PASSIVE-BEACON] SIMNOW:2.916 CID:8 ZONE:1 RXUAV:1 EDGEPORT:9998 TS:2.902 SPD:19.800 HDG:0.200 PX:78.400 PY:-40.000 LAN:4 BRK:0 RX_X:0.000 RX_Y:0.000 RX_Z:0.000
[ZONE-ROUTE] CID:8 zone=1 edge_port=9998
[EDGE-RTT] CID:8 wall=1.2 ms  sim_delay=10.0 ms
>>> [UAV->CLOUD] BLK:68b8|TX:7.0.0.12|CID:8|TS:2.902|SPD:19.8|HDG:0.2|PX:78.4|PY:-40.0|LA...
✓ [CAR 8] ACT=OK REP=0.706 RWD=0.996 PNL=0.000 CREDIT=0
[PASSIVE-BEACON] SIMNOW:2.954 CID:0 ZONE:1 RXUAV:1 EDGEPORT:9998 TS:2.940 SPD:19.800 HDG:1.100 PX:58.200 PY:-10.000 LAN:1 BRK:0 RX_X:0.000 RX_Y:0.000 RX_Z:0.000
[ZONE-ROUTE] CID:0 zone=1 edge_port=9998
[EDGE-RTT] CID:0 wall=1.4 ms  sim_delay=10.0 ms
>>> [UAV->CLOUD] BLK:72ad|TX:7.0.0.4|CID:0|TS:2.940|SPD:19.8|HDG:1.1|PX:58.2|PY:-10.0|LAN...
✓ [CAR 0] ACT=OK REP=0.988 RWD=0.996 PNL=0.000 CREDIT=0
[PASSIVE-BEACON] SIMNOW:2.996 CID:5 ZONE:1 RXUAV:1 EDGEPORT:9998 TS:2.982 SPD:19.800 HDG:-1.200 PX:80.100 PY:-10.000 LAN:1 BRK:0 RX_X:0.000 RX_Y:0.000 RX_Z:0.000
[ZONE-ROUTE] CID:5 zone=1 edge_port=9998
[EDGE-RTT] CID:5 wall=1.2 ms  sim_delay=10.0 ms
>>> [UAV->CLOUD] BLK:f40a|TX:7.0.0.9|CID:5|TS:2.982|SPD:19.8|HDG:-1.2|PX:80.1|PY:-10.0|LA...
[PASSIVE-BEACON] SIMNOW:3.000 CID:17 ZONE:1 RXUAV:1 EDGEPORT:9998 TS:2.986 SPD:19.500 HDG:-1.900 PX:119.800 PY:-30.000 LAN:3 BRK:0 RX_X:0.000 RX_Y:0.000 RX_Z:0.000
[ZONE-ROUTE] CID:17 zone=1 edge_port=9998
[EDGE-RTT] CID:17 wall=1.1 ms  sim_delay=10.0 ms
>>> [UAV->CLOUD] BLK:9d08|TX:7.0.0.21|CID:17|TS:2.986|SPD:19.5|HDG:-1.9|PX:119.8|PY:-30.0...
✓ [CAR 5] ACT=OK REP=0.705 RWD=1.000 PNL=0.000 CREDIT=1
✓ [CAR 17] ACT=OK REP=0.783 RWD=0.996 PNL=0.000 CREDIT=0
[PASSIVE-BEACON] SIMNOW:3.030 CID:18 ZONE:1 RXUAV:1 EDGEPORT:9998 TS:3.016 SPD:19.800 HDG:0.200 PX:120.900 PY:-40.000 LAN:4 BRK:0 RX_X:0.000 RX_Y:0.000 RX_Z:0.000
[ZONE-ROUTE] CID:18 zone=1 edge_port=9998
[EDGE-RTT] CID:18 wall=1.4 ms  sim_delay=10.0 ms
>>> [UAV->CLOUD] BLK:bf8c|TX:7.0.0.22|CID:18|TS:3.016|SPD:19.8|HDG:0.2|PX:120.9|PY:-40.0|...
[PASSIVE-BEACON] SIMNOW:3.040 CID:15 ZONE:1 RXUAV:1 EDGEPORT:9998 TS:3.026 SPD:19.900 HDG:-1.000 PX:120.800 PY:-10.000 LAN:1 BRK:0 RX_X:0.000 RX_Y:0.000 RX_Z:0.000
[ZONE-ROUTE] CID:15 zone=1 edge_port=9998
[EDGE-RTT] CID:15 wall=1.5 ms  sim_delay=10.0 ms
>>> [UAV->CLOUD] BLK:01fc|TX:7.0.0.19|CID:15|TS:3.026|SPD:19.9|HDG:-1.0|PX:120.8|PY:-10.0...
[PASSIVE-BEACON] SIMNOW:3.040 CID:16 ZONE:1 RXUAV:1 EDGEPORT:9998 TS:3.026 SPD:20.300 HDG:0.400 PX:120.100 PY:-20.000 LAN:2 BRK:0 RX_X:0.000 RX_Y:0.000 RX_Z:0.000
[ZONE-ROUTE] CID:16 zone=1 edge_port=9998
[EDGE-RTT] CID:16 wall=2.4 ms  sim_delay=10.0 ms
>>> [UAV->CLOUD] BLK:6157|TX:7.0.0.20|CID:16|TS:3.026|SPD:20.3|HDG:0.4|PX:120.1|PY:-20.0|...
✓ [CAR 18] ACT=OK REP=0.742 RWD=1.000 PNL=0.000 CREDIT=1
✓ [CAR 15] ACT=OK REP=0.985 RWD=1.000 PNL=0.000 CREDIT=2
✓ [CAR 16] ACT=OK REP=0.646 RWD=1.000 PNL=0.000 CREDIT=2
[PASSIVE-BEACON] SIMNOW:3.136 CID:7 ZONE:1 RXUAV:1 EDGEPORT:9998 TS:3.122 SPD:19.600 HDG:-0.200 PX:81.900 PY:-30.000 LAN:3 BRK:0 RX_X:0.000 RX_Y:0.000 RX_Z:0.000
[ZONE-ROUTE] CID:7 zone=1 edge_port=9998
[EDGE-RTT] CID:7 wall=1.2 ms  sim_delay=10.0 ms
>>> [UAV->CLOUD] BLK:5627|TX:7.0.0.11|CID:7|TS:3.122|SPD:19.6|HDG:-0.2|PX:81.9|PY:-30.0|L...
✓ [CAR 7] ACT=OK REP=0.713 RWD=0.997 PNL=0.000 CREDIT=2
[PASSIVE-BEACON] SIMNOW:3.179 CID:14 ZONE:1 RXUAV:1 EDGEPORT:9998 TS:3.164 SPD:19.800 HDG:-1.500 PX:102.600 PY:-50.000 LAN:5 BRK:0 RX_X:0.000 RX_Y:0.000 RX_Z:0.000
[ZONE-ROUTE] CID:14 zone=1 edge_port=9998
[EDGE-RTT] CID:14 wall=1.3 ms  sim_delay=10.0 ms
>>> [UAV->CLOUD] BLK:d5ab|TX:7.0.0.18|CID:14|TS:3.164|SPD:19.8|HDG:-1.5|PX:102.6|PY:-50.0...
[PASSIVE-BEACON] SIMNOW:3.186 CID:6 ZONE:1 RXUAV:1 EDGEPORT:9998 TS:3.172 SPD:20.200 HDG:1.300 PX:83.100 PY:-20.000 LAN:2 BRK:0 RX_X:0.000 RX_Y:0.000 RX_Z:0.000
[ZONE-ROUTE] CID:6 zone=1 edge_port=9998
[EDGE-RTT] CID:6 wall=1.2 ms  sim_delay=10.0 ms
>>> [UAV->CLOUD] BLK:dd19|TX:7.0.0.10|CID:6|TS:3.172|SPD:20.2|HDG:1.3|PX:83.1|PY:-20.0|LA...
✓ [CAR 14] ACT=OK REP=0.688 RWD=0.997 PNL=0.000 CREDIT=2
✓ [CAR 6] ACT=OK REP=0.664 RWD=1.000 PNL=0.000 CREDIT=2
[PASSIVE-BEACON] SIMNOW:3.210 CID:19 ZONE:1 RXUAV:1 EDGEPORT:9998 TS:3.196 SPD:19.800 HDG:0.400 PX:124.200 PY:-50.000 LAN:5 BRK:0 RX_X:0.000 RX_Y:0.000 RX_Z:0.000
[ZONE-ROUTE] CID:19 zone=1 edge_port=9998
[EDGE-RTT] CID:19 wall=1.0 ms  sim_delay=10.0 ms
>>> [UAV->CLOUD] BLK:0f75|TX:7.0.0.23|CID:19|TS:3.196|SPD:19.8|HDG:0.4|PX:124.2|PY:-50.0|...
✓ [CAR 19] ACT=OK REP=0.952 RWD=1.000 PNL=0.000 CREDIT=2
[PASSIVE-BEACON] SIMNOW:3.246 CID:9 ZONE:1 RXUAV:1 EDGEPORT:9998 TS:3.232 SPD:20.100 HDG:-0.200 PX:84.600 PY:-50.000 LAN:5 BRK:0 RX_X:0.000 RX_Y:0.000 RX_Z:0.000
[ZONE-ROUTE] CID:9 zone=1 edge_port=9998
[EDGE-RTT] CID:9 wall=0.9 ms  sim_delay=10.0 ms
>>> [UAV->CLOUD] BLK:99b9|TX:7.0.0.13|CID:9|TS:3.232|SPD:20.1|HDG:-0.2|PX:84.6|PY:-50.0|L...
[PASSIVE-BEACON] SIMNOW:3.258 CID:13 ZONE:1 RXUAV:1 EDGEPORT:9998 TS:3.244 SPD:20.100 HDG:-0.100 PX:104.400 PY:-40.000 LAN:4 BRK:1 RX_X:0.000 RX_Y:0.000 RX_Z:0.000
[ZONE-ROUTE] CID:13 zone=1 edge_port=9998
[EDGE-RTT] CID:13 wall=1.1 ms  sim_delay=10.0 ms
>>> [UAV->CLOUD] BLK:46ae|TX:7.0.0.17|CID:13|TS:3.244|SPD:20.1|HDG:-0.1|PX:104.4|PY:-40.0...
[PASSIVE-BEACON] SIMNOW:3.258 CID:10 ZONE:1 RXUAV:1 EDGEPORT:9998 TS:3.244 SPD:20.400 HDG:-0.500 PX:105.600 PY:-10.000 LAN:1 BRK:0 RX_X:0.000 RX_Y:0.000 RX_Z:0.000
[ZONE-ROUTE] CID:10 zone=1 edge_port=9998
[EDGE-RTT] CID:10 wall=1.3 ms  sim_delay=10.0 ms
>>> [UAV->CLOUD] BLK:30c2|TX:7.0.0.14|CID:10|TS:3.244|SPD:20.4|HDG:-0.5|PX:105.6|PY:-10.0...
✓ [CAR 9] ACT=OK REP=0.651 RWD=1.000 PNL=0.000 CREDIT=1
[PASSIVE-BEACON] SIMNOW:3.268 CID:11 ZONE:1 RXUAV:1 EDGEPORT:9998 TS:3.254 SPD:19.900 HDG:1.900 PX:105.500 PY:-20.000 LAN:2 BRK:1 RX_X:0.000 RX_Y:0.000 RX_Z:0.000
[ZONE-ROUTE] CID:11 zone=1 edge_port=9998
[EDGE-RTT] CID:11 wall=1.0 ms  sim_delay=10.0 ms
>>> [UAV->CLOUD] BLK:ceab|TX:7.0.0.15|CID:11|TS:3.254|SPD:19.9|HDG:1.9|PX:105.5|PY:-20.0|...
✓ [CAR 10] ACT=OK REP=0.780 RWD=1.000 PNL=0.000 CREDIT=1
✓ [CAR 13] ACT=OK REP=0.860 RWD=1.000 PNL=0.000 CREDIT=2
[PASSIVE-BEACON] SIMNOW:3.277 CID:12 ZONE:1 RXUAV:1 EDGEPORT:9998 TS:3.264 SPD:19.800 HDG:-1.100 PX:105.600 PY:-30.000 LAN:3 BRK:0 RX_X:0.000 RX_Y:0.000 RX_Z:0.000
[ZONE-ROUTE] CID:12 zone=1 edge_port=9998
[EDGE-RTT] CID:12 wall=1.2 ms  sim_delay=10.0 ms
>>> [UAV->CLOUD] BLK:c826|TX:7.0.0.16|CID:12|TS:3.264|SPD:19.8|HDG:-1.1|PX:105.6|PY:-30.0...
✓ [CAR 11] ACT=OK REP=0.733 RWD=1.000 PNL=0.000 CREDIT=1
✓ [CAR 12] ACT=OK REP=0.874 RWD=1.000 PNL=0.000 CREDIT=2
[PASSIVE-BEACON] SIMNOW:3.314 CID:2 ZONE:1 RXUAV:1 EDGEPORT:9998 TS:3.300 SPD:20.300 HDG:-1.100 PX:65.700 PY:-30.000 LAN:3 BRK:0 RX_X:0.000 RX_Y:0.000 RX_Z:0.000
[ZONE-ROUTE] CID:2 zone=1 edge_port=9998
[EDGE-RTT] CID:2 wall=1.1 ms  sim_delay=10.0 ms
>>> [UAV->CLOUD] BLK:3cac|TX:7.0.0.6|CID:2|TS:3.300|SPD:20.3|HDG:-1.1|PX:65.7|PY:-30.0|LA...
✓ [CAR 2] ACT=OK REP=0.694 RWD=1.000 PNL=0.000 CREDIT=1
[PASSIVE-BEACON] SIMNOW:3.354 CID:1 ZONE:1 RXUAV:1 EDGEPORT:9998 TS:3.340 SPD:19.600 HDG:0.400 PX:66.300 PY:-20.000 LAN:2 BRK:0 RX_X:0.000 RX_Y:0.000 RX_Z:0.000
[ZONE-ROUTE] CID:1 zone=1 edge_port=9998
[EDGE-RTT] CID:1 wall=1.2 ms  sim_delay=10.0 ms
>>> [UAV->CLOUD] BLK:1956|TX:7.0.0.5|CID:1|TS:3.340|SPD:19.6|HDG:0.4|PX:66.3|PY:-20.0|LAN...
[PASSIVE-BEACON] SIMNOW:3.364 CID:4 ZONE:1 RXUAV:1 EDGEPORT:9998 TS:3.350 SPD:20.200 HDG:-0.600 PX:67.500 PY:-50.000 LAN:5 BRK:0 RX_X:0.000 RX_Y:0.000 RX_Z:0.000
[ZONE-ROUTE] CID:4 zone=1 edge_port=9998
[EDGE-RTT] CID:4 wall=1.0 ms  sim_delay=10.0 ms
>>> [UAV->CLOUD] BLK:3100|TX:7.0.0.8|CID:4|TS:3.350|SPD:20.2|HDG:-0.6|PX:67.5|PY:-50.0|LA...
[PASSIVE-BEACON] SIMNOW:3.364 CID:3 ZONE:1 RXUAV:1 EDGEPORT:9998 TS:3.350 SPD:19.500 HDG:0.500 PX:66.700 PY:-40.000 LAN:4 BRK:0 RX_X:0.000 RX_Y:0.000 RX_Z:0.000
[ZONE-ROUTE] CID:3 zone=1 edge_port=9998
[EDGE-RTT] CID:3 wall=1.3 ms  sim_delay=10.0 ms
>>> [UAV->CLOUD] BLK:89a1|TX:7.0.0.7|CID:3|TS:3.350|SPD:19.5|HDG:0.5|PX:66.7|PY:-40.0|LAN...
✓ [CAR 1] ACT=OK REP=0.957 RWD=1.000 PNL=0.000 CREDIT=1
✓ [CAR 3] ACT=OK REP=0.760 RWD=1.000 PNL=0.000 CREDIT=1
✓ [CAR 4] ACT=OK REP=0.814 RWD=1.000 PNL=0.000 CREDIT=2
[PASSIVE-BEACON] SIMNOW:3.416 CID:8 ZONE:1 RXUAV:1 EDGEPORT:9998 TS:3.402 SPD:19.600 HDG:-0.300 PX:87.500 PY:-40.000 LAN:4 BRK:0 RX_X:0.000 RX_Y:0.000 RX_Z:0.000
[ZONE-ROUTE] CID:8 zone=1 edge_port=9998
[EDGE-RTT] CID:8 wall=1.1 ms  sim_delay=10.0 ms
>>> [UAV->CLOUD] BLK:f796|TX:7.0.0.12|CID:8|TS:3.402|SPD:19.6|HDG:-0.3|PX:87.5|PY:-40.0|L...
✓ [CAR 8] ACT=OK REP=1.000 RWD=1.000 PNL=0.000 CREDIT=1
[PASSIVE-BEACON] SIMNOW:3.454 CID:0 ZONE:1 RXUAV:1 EDGEPORT:9998 TS:3.440 SPD:19.600 HDG:1.600 PX:68.200 PY:-10.000 LAN:1 BRK:0 RX_X:0.000 RX_Y:0.000 RX_Z:0.000
[ZONE-ROUTE] CID:0 zone=1 edge_port=9998
[EDGE-RTT] CID:0 wall=1.2 ms  sim_delay=10.0 ms
>>> [UAV->CLOUD] BLK:6c78|TX:7.0.0.4|CID:0|TS:3.440|SPD:19.6|HDG:1.6|PX:68.2|PY:-10.0|LAN...
✓ [CAR 0] ACT=OK REP=0.585 RWD=1.000 PNL=0.000 CREDIT=1
[PASSIVE-BEACON] SIMNOW:3.496 CID:5 ZONE:1 RXUAV:1 EDGEPORT:9998 TS:3.482 SPD:20.500 HDG:1.600 PX:89.500 PY:-10.000 LAN:1 BRK:1 RX_X:0.000 RX_Y:0.000 RX_Z:0.000
[ZONE-ROUTE] CID:5 zone=1 edge_port=9998
[EDGE-RTT] CID:5 wall=1.1 ms  sim_delay=10.0 ms
>>> [UAV->CLOUD] BLK:a825|TX:7.0.0.9|CID:5|TS:3.482|SPD:20.5|HDG:1.6|PX:89.5|PY:-10.0|LAN...
[PASSIVE-BEACON] SIMNOW:3.500 CID:17 ZONE:1 RXUAV:1 EDGEPORT:9998 TS:3.486 SPD:20.300 HDG:1.600 PX:129.100 PY:-30.000 LAN:3 BRK:0 RX_X:0.000 RX_Y:0.000 RX_Z:0.000
[ZONE-ROUTE] CID:17 zone=1 edge_port=9998
[EDGE-RTT] CID:17 wall=0.9 ms  sim_delay=10.0 ms
>>> [UAV->CLOUD] BLK:294e|TX:7.0.0.21|CID:17|TS:3.486|SPD:20.3|HDG:1.6|PX:129.1|PY:-30.0|...
✓ [CAR 5] ACT=OK REP=0.834 RWD=1.000 PNL=0.000 CREDIT=2
✓ [CAR 17] ACT=OK REP=0.655 RWD=1.000 PNL=0.000 CREDIT=1
[PASSIVE-BEACON] SIMNOW:3.530 CID:18 ZONE:1 RXUAV:1 EDGEPORT:9998 TS:3.516 SPD:19.700 HDG:-1.200 PX:130.100 PY:-40.000 LAN:4 BRK:0 RX_X:0.000 RX_Y:0.000 RX_Z:0.000
[ZONE-ROUTE] CID:18 zone=1 edge_port=9998
[EDGE-RTT] CID:18 wall=1.2 ms  sim_delay=10.0 ms
>>> [UAV->CLOUD] BLK:94eb|TX:7.0.0.22|CID:18|TS:3.516|SPD:19.7|HDG:-1.2|PX:130.1|PY:-40.0...
[PASSIVE-BEACON] SIMNOW:3.540 CID:15 ZONE:1 RXUAV:1 EDGEPORT:9998 TS:3.526 SPD:20.200 HDG:-0.400 PX:130.000 PY:-10.000 LAN:1 BRK:0 RX_X:0.000 RX_Y:0.000 RX_Z:0.000
[ZONE-ROUTE] CID:15 zone=1 edge_port=9998
[EDGE-RTT] CID:15 wall=1.1 ms  sim_delay=10.0 ms
>>> [UAV->CLOUD] BLK:cc83|TX:7.0.0.19|CID:15|TS:3.526|SPD:20.2|HDG:-0.4|PX:130.0|PY:-10.0...
[PASSIVE-BEACON] SIMNOW:3.540 CID:16 ZONE:1 RXUAV:1 EDGEPORT:9998 TS:3.526 SPD:19.800 HDG:-0.200 PX:129.800 PY:-20.000 LAN:2 BRK:0 RX_X:0.000 RX_Y:0.000 RX_Z:0.000
[ZONE-ROUTE] CID:16 zone=1 edge_port=9998
[EDGE-RTT] CID:16 wall=1.8 ms  sim_delay=10.0 ms
>>> [UAV->CLOUD] BLK:757a|TX:7.0.0.20|CID:16|TS:3.526|SPD:19.8|HDG:-0.2|PX:129.8|PY:-20.0...
✓ [CAR 18] ACT=OK REP=0.620 RWD=1.000 PNL=0.000 CREDIT=2
✓ [CAR 16] ACT=OK REP=0.746 RWD=1.000 PNL=0.000 CREDIT=3
✓ [CAR 15] ACT=OK REP=0.810 RWD=1.000 PNL=0.000 CREDIT=3
[PASSIVE-BEACON] SIMNOW:3.635 CID:7 ZONE:1 RXUAV:1 EDGEPORT:9998 TS:3.622 SPD:20.400 HDG:-0.400 PX:92.300 PY:-30.000 LAN:3 BRK:1 RX_X:0.000 RX_Y:0.000 RX_Z:0.000
[ZONE-ROUTE] CID:7 zone=1 edge_port=9998
[EDGE-RTT] CID:7 wall=1.1 ms  sim_delay=10.0 ms
>>> [UAV->CLOUD] BLK:a8fc|TX:7.0.0.11|CID:7|TS:3.622|SPD:20.4|HDG:-0.4|PX:92.3|PY:-30.0|L...
✓ [CAR 7] ACT=OK REP=0.697 RWD=1.000 PNL=0.000 CREDIT=3
[PASSIVE-BEACON] SIMNOW:3.678 CID:14 ZONE:1 RXUAV:1 EDGEPORT:9998 TS:3.664 SPD:20.300 HDG:1.000 PX:112.700 PY:-50.000 LAN:5 BRK:1 RX_X:0.000 RX_Y:0.000 RX_Z:0.000
[ZONE-ROUTE] CID:14 zone=1 edge_port=9998
[EDGE-RTT] CID:14 wall=1.0 ms  sim_delay=10.0 ms
>>> [UAV->CLOUD] BLK:c98c|TX:7.0.0.18|CID:14|TS:3.664|SPD:20.3|HDG:1.0|PX:112.7|PY:-50.0|...
[PASSIVE-BEACON] SIMNOW:3.686 CID:6 ZONE:1 RXUAV:1 EDGEPORT:9998 TS:3.672 SPD:19.800 HDG:-0.200 PX:93.600 PY:-20.000 LAN:2 BRK:0 RX_X:0.000 RX_Y:0.000 RX_Z:0.000
[ZONE-ROUTE] CID:6 zone=1 edge_port=9998
[EDGE-RTT] CID:6 wall=0.8 ms  sim_delay=10.0 ms
>>> [UAV->CLOUD] BLK:7425|TX:7.0.0.10|CID:6|TS:3.672|SPD:19.8|HDG:-0.2|PX:93.6|PY:-20.0|L...
✓ [CAR 14] ACT=OK REP=0.953 RWD=1.000 PNL=0.000 CREDIT=3
✓ [CAR 6] ACT=OK REP=1.000 RWD=1.000 PNL=0.000 CREDIT=3
[PASSIVE-BEACON] SIMNOW:3.710 CID:19 ZONE:1 RXUAV:1 EDGEPORT:9998 TS:3.696 SPD:20.200 HDG:1.000 PX:134.300 PY:-50.000 LAN:5 BRK:0 RX_X:0.000 RX_Y:0.000 RX_Z:0.000
[ZONE-ROUTE] CID:19 zone=1 edge_port=9998
[EDGE-RTT] CID:19 wall=1.1 ms  sim_delay=10.0 ms
>>> [UAV->CLOUD] BLK:8cc9|TX:7.0.0.23|CID:19|TS:3.696|SPD:20.2|HDG:1.0|PX:134.3|PY:-50.0|...
✓ [CAR 19] ACT=OK REP=0.743 RWD=1.000 PNL=0.000 CREDIT=3
[PASSIVE-BEACON] SIMNOW:3.746 CID:9 ZONE:1 RXUAV:1 EDGEPORT:9998 TS:3.732 SPD:20.300 HDG:1.200 PX:94.300 PY:-50.000 LAN:5 BRK:1 RX_X:0.000 RX_Y:0.000 RX_Z:0.000
[ZONE-ROUTE] CID:9 zone=1 edge_port=9998
[EDGE-RTT] CID:9 wall=1.2 ms  sim_delay=10.0 ms
>>> [UAV->CLOUD] BLK:a9d9|TX:7.0.0.13|CID:9|TS:3.732|SPD:20.3|HDG:1.2|PX:94.3|PY:-50.0|LA...
[PASSIVE-BEACON] SIMNOW:3.758 CID:13 ZONE:1 RXUAV:1 EDGEPORT:9998 TS:3.744 SPD:19.600 HDG:-0.100 PX:115.100 PY:-40.000 LAN:4 BRK:0 RX_X:0.000 RX_Y:0.000 RX_Z:0.000
[ZONE-ROUTE] CID:13 zone=1 edge_port=9998
[EDGE-RTT] CID:13 wall=1.0 ms  sim_delay=10.0 ms
>>> [UAV->CLOUD] BLK:90bf|TX:7.0.0.17|CID:13|TS:3.744|SPD:19.6|HDG:-0.1|PX:115.1|PY:-40.0...
[PASSIVE-BEACON] SIMNOW:3.758 CID:10 ZONE:1 RXUAV:1 EDGEPORT:9998 TS:3.744 SPD:20.200 HDG:1.400 PX:115.500 PY:-10.000 LAN:1 BRK:0 RX_X:0.000 RX_Y:0.000 RX_Z:0.000
[ZONE-ROUTE] CID:10 zone=1 edge_port=9998
[EDGE-RTT] CID:10 wall=2.0 ms  sim_delay=10.0 ms
>>> [UAV->CLOUD] BLK:0e98|TX:7.0.0.14|CID:10|TS:3.744|SPD:20.2|HDG:1.4|PX:115.5|PY:-10.0|...
✓ [CAR 9] ACT=OK REP=0.761 RWD=1.000 PNL=0.000 CREDIT=2
[PASSIVE-BEACON] SIMNOW:3.768 CID:11 ZONE:1 RXUAV:1 EDGEPORT:9998 TS:3.754 SPD:19.800 HDG:1.500 PX:114.800 PY:-20.000 LAN:2 BRK:0 RX_X:0.000 RX_Y:0.000 RX_Z:0.000
[ZONE-ROUTE] CID:11 zone=1 edge_port=9998
[EDGE-RTT] CID:11 wall=1.0 ms  sim_delay=10.0 ms
>>> [UAV->CLOUD] BLK:6f65|TX:7.0.0.15|CID:11|TS:3.754|SPD:19.8|HDG:1.5|PX:114.8|PY:-20.0|...
✓ [CAR 10] ACT=OK REP=0.720 RWD=1.000 PNL=0.000 CREDIT=2
✓ [CAR 13] ACT=OK REP=0.688 RWD=1.000 PNL=0.000 CREDIT=3
[PASSIVE-BEACON] SIMNOW:3.778 CID:12 ZONE:1 RXUAV:1 EDGEPORT:9998 TS:3.764 SPD:20.400 HDG:-2.000 PX:115.600 PY:-30.000 LAN:3 BRK:0 RX_X:0.000 RX_Y:0.000 RX_Z:0.000
[ZONE-ROUTE] CID:12 zone=1 edge_port=9998
[EDGE-RTT] CID:12 wall=1.0 ms  sim_delay=10.0 ms
>>> [UAV->CLOUD] BLK:5015|TX:7.0.0.16|CID:12|TS:3.764|SPD:20.4|HDG:-2.0|PX:115.6|PY:-30.0...
✓ [CAR 11] ACT=OK REP=0.644 RWD=1.000 PNL=0.000 CREDIT=2
✓ [CAR 12] ACT=OK REP=0.839 RWD=1.000 PNL=0.000 CREDIT=3
[PASSIVE-BEACON] SIMNOW:3.817 CID:2 ZONE:1 RXUAV:1 EDGEPORT:9998 TS:3.800 SPD:20.100 HDG:-1.800 PX:75.600 PY:-30.000 LAN:3 BRK:1 RX_X:0.000 RX_Y:0.000 RX_Z:0.000
[ZONE-ROUTE] CID:2 zone=1 edge_port=9998
[EDGE-RTT] CID:2 wall=1.3 ms  sim_delay=10.0 ms
>>> [UAV->CLOUD] BLK:6a61|TX:7.0.0.6|CID:2|TS:3.800|SPD:20.1|HDG:-1.8|PX:75.6|PY:-30.0|LA...
✓ [CAR 2] ACT=OK REP=0.992 RWD=0.997 PNL=0.000 CREDIT=2
[PASSIVE-BEACON] SIMNOW:3.854 CID:1 ZONE:1 RXUAV:1 EDGEPORT:9998 TS:3.840 SPD:19.900 HDG:0.400 PX:76.500 PY:-20.000 LAN:2 BRK:1 RX_X:0.000 RX_Y:0.000 RX_Z:0.000
[ZONE-ROUTE] CID:1 zone=1 edge_port=9998
[EDGE-RTT] CID:1 wall=1.2 ms  sim_delay=10.0 ms
>>> [UAV->CLOUD] BLK:98a6|TX:7.0.0.5|CID:1|TS:3.840|SPD:19.9|HDG:0.4|PX:76.5|PY:-20.0|LAN...
[PASSIVE-BEACON] SIMNOW:3.864 CID:4 ZONE:1 RXUAV:1 EDGEPORT:9998 TS:3.850 SPD:20.200 HDG:-1.900 PX:77.300 PY:-50.000 LAN:5 BRK:0 RX_X:0.000 RX_Y:0.000 RX_Z:0.000
[ZONE-ROUTE] CID:4 zone=1 edge_port=9998
[EDGE-RTT] CID:4 wall=0.9 ms  sim_delay=10.0 ms
>>> [UAV->CLOUD] BLK:f7b1|TX:7.0.0.8|CID:4|TS:3.850|SPD:20.2|HDG:-1.9|PX:77.3|PY:-50.0|LA...
[PASSIVE-BEACON] SIMNOW:3.864 CID:3 ZONE:1 RXUAV:1 EDGEPORT:9998 TS:3.850 SPD:19.700 HDG:1.600 PX:77.400 PY:-40.000 LAN:4 BRK:1 RX_X:0.000 RX_Y:0.000 RX_Z:0.000
[ZONE-ROUTE] CID:3 zone=1 edge_port=9998
[EDGE-RTT] CID:3 wall=1.4 ms  sim_delay=10.0 ms
>>> [UAV->CLOUD] BLK:81e3|TX:7.0.0.7|CID:3|TS:3.850|SPD:19.7|HDG:1.6|PX:77.4|PY:-40.0|LAN...
✓ [CAR 1] ACT=OK REP=0.650 RWD=1.000 PNL=0.000 CREDIT=2
✓ [CAR 3] ACT=OK REP=1.000 RWD=1.000 PNL=0.000 CREDIT=2
✓ [CAR 4] ACT=OK REP=0.837 RWD=1.000 PNL=0.000 CREDIT=3
[PASSIVE-BEACON] SIMNOW:3.916 CID:8 ZONE:1 RXUAV:1 EDGEPORT:9998 TS:3.902 SPD:20.100 HDG:-1.700 PX:97.700 PY:-40.000 LAN:4 BRK:0 RX_X:0.000 RX_Y:0.000 RX_Z:0.000
[ZONE-ROUTE] CID:8 zone=1 edge_port=9998
[EDGE-RTT] CID:8 wall=1.2 ms  sim_delay=10.0 ms
>>> [UAV->CLOUD] BLK:2bbf|TX:7.0.0.12|CID:8|TS:3.902|SPD:20.1|HDG:-1.7|PX:97.7|PY:-40.0|L...
✓ [CAR 8] ACT=OK REP=0.746 RWD=1.000 PNL=0.000 CREDIT=2
[PASSIVE-BEACON] SIMNOW:3.954 CID:0 ZONE:1 RXUAV:1 EDGEPORT:9998 TS:3.940 SPD:19.700 HDG:-0.400 PX:78.400 PY:-10.000 LAN:1 BRK:0 RX_X:0.000 RX_Y:0.000 RX_Z:0.000
[ZONE-ROUTE] CID:0 zone=1 edge_port=9998
[EDGE-RTT] CID:0 wall=1.4 ms  sim_delay=10.0 ms
>>> [UAV->CLOUD] BLK:517c|TX:7.0.0.4|CID:0|TS:3.940|SPD:19.7|HDG:-0.4|PX:78.4|PY:-10.0|LA...
✓ [CAR 0] ACT=OK REP=0.679 RWD=1.000 PNL=0.000 CREDIT=2
[PASSIVE-BEACON] SIMNOW:3.994 CID:5 ZONE:1 RXUAV:1 EDGEPORT:9998 TS:3.982 SPD:20.500 HDG:-0.700 PX:99.000 PY:-10.000 LAN:1 BRK:0 RX_X:0.000 RX_Y:0.000 RX_Z:0.000
[ZONE-ROUTE] CID:5 zone=1 edge_port=9998
[EDGE-RTT] CID:5 wall=1.3 ms  sim_delay=10.0 ms
>>> [UAV->CLOUD] BLK:5d78|TX:7.0.0.9|CID:5|TS:3.982|SPD:20.5|HDG:-0.7|PX:99.0|PY:-10.0|LA...
[PASSIVE-BEACON] SIMNOW:4.000 CID:17 ZONE:1 RXUAV:1 EDGEPORT:9998 TS:3.986 SPD:20.100 HDG:-0.600 PX:140.200 PY:-30.000 LAN:3 BRK:0 RX_X:0.000 RX_Y:0.000 RX_Z:0.000
[ZONE-ROUTE] CID:17 zone=1 edge_port=9998
[EDGE-RTT] CID:17 wall=1.0 ms  sim_delay=10.0 ms
>>> [UAV->CLOUD] BLK:8d1d|TX:7.0.0.21|CID:17|TS:3.986|SPD:20.1|HDG:-0.6|PX:140.2|PY:-30.0...
✓ [CAR 5] ACT=OK REP=0.780 RWD=1.000 PNL=0.000 CREDIT=3
✓ [CAR 17] ACT=OK REP=0.925 RWD=1.000 PNL=0.000 CREDIT=2
[PASSIVE-BEACON] SIMNOW:4.030 CID:18 ZONE:1 RXUAV:1 EDGEPORT:9998 TS:4.016 SPD:19.500 HDG:1.800 PX:140.000 PY:-40.000 LAN:4 BRK:0 RX_X:0.000 RX_Y:0.000 RX_Z:0.000
[ZONE-ROUTE] CID:18 zone=1 edge_port=9998
[EDGE-RTT] CID:18 wall=1.3 ms  sim_delay=10.0 ms
>>> [UAV->CLOUD] BLK:c7c9|TX:7.0.0.22|CID:18|TS:4.016|SPD:19.5|HDG:1.8|PX:140.0|PY:-40.0|...
[PASSIVE-BEACON] SIMNOW:4.039 CID:16 ZONE:1 RXUAV:1 EDGEPORT:9998 TS:4.026 SPD:20.000 HDG:-1.900 PX:140.100 PY:-20.000 LAN:2 BRK:0 RX_X:0.000 RX_Y:0.000 RX_Z:0.000
[ZONE-ROUTE] CID:16 zone=1 edge_port=9998
[EDGE-RTT] CID:16 wall=0.9 ms  sim_delay=10.0 ms
>>> [UAV->CLOUD] BLK:e99d|TX:7.0.0.20|CID:16|TS:4.026|SPD:20.0|HDG:-1.9|PX:140.1|PY:-20.0...
[PASSIVE-BEACON] SIMNOW:4.039 CID:15 ZONE:1 RXUAV:1 EDGEPORT:9998 TS:4.026 SPD:20.200 HDG:1.100 PX:140.900 PY:-10.000 LAN:1 BRK:0 RX_X:0.000 RX_Y:0.000 RX_Z:0.000
[ZONE-ROUTE] CID:15 zone=1 edge_port=9998
[EDGE-RTT] CID:15 wall=1.0 ms  sim_delay=10.0 ms
>>> [UAV->CLOUD] BLK:c473|TX:7.0.0.19|CID:15|TS:4.026|SPD:20.2|HDG:1.1|PX:140.9|PY:-10.0|...
✓ [CAR 18] ACT=OK REP=0.736 RWD=1.000 PNL=0.000 CREDIT=3
✓ [CAR 16] ACT=OK REP=1.000 RWD=1.000 PNL=0.000 CREDIT=4
✓ [CAR 15] ACT=OK REP=0.658 RWD=1.000 PNL=0.000 CREDIT=4
[PASSIVE-BEACON] SIMNOW:4.136 CID:7 ZONE:1 RXUAV:1 EDGEPORT:9998 TS:4.122 SPD:20.200 HDG:-0.300 PX:102.600 PY:-30.000 LAN:3 BRK:0 RX_X:0.000 RX_Y:0.000 RX_Z:0.000
[ZONE-ROUTE] CID:7 zone=1 edge_port=9998
[EDGE-RTT] CID:7 wall=1.6 ms  sim_delay=10.0 ms
>>> [UAV->CLOUD] BLK:668f|TX:7.0.0.11|CID:7|TS:4.122|SPD:20.2|HDG:-0.3|PX:102.6|PY:-30.0|...
✓ [CAR 7] ACT=OK REP=0.668 RWD=1.000 PNL=0.000 CREDIT=4
[PASSIVE-BEACON] SIMNOW:4.179 CID:14 ZONE:1 RXUAV:1 EDGEPORT:9998 TS:4.164 SPD:20.500 HDG:0.800 PX:123.900 PY:-50.000 LAN:5 BRK:0 RX_X:0.000 RX_Y:0.000 RX_Z:0.000
[ZONE-ROUTE] CID:14 zone=1 edge_port=9998
[EDGE-RTT] CID:14 wall=1.3 ms  sim_delay=10.0 ms
>>> [UAV->CLOUD] BLK:9426|TX:7.0.0.18|CID:14|TS:4.164|SPD:20.5|HDG:0.8|PX:123.9|PY:-50.0|...
[PASSIVE-BEACON] SIMNOW:4.186 CID:6 ZONE:1 RXUAV:1 EDGEPORT:9998 TS:4.172 SPD:19.600 HDG:-1.300 PX:103.200 PY:-20.000 LAN:2 BRK:0 RX_X:0.000 RX_Y:0.000 RX_Z:0.000
[ZONE-ROUTE] CID:6 zone=1 edge_port=9998
[EDGE-RTT] CID:6 wall=1.4 ms  sim_delay=10.0 ms
>>> [UAV->CLOUD] BLK:8c58|TX:7.0.0.10|CID:6|TS:4.172|SPD:19.6|HDG:-1.3|PX:103.2|PY:-20.0|...
✓ [CAR 14] ACT=OK REP=0.763 RWD=1.000 PNL=0.000 CREDIT=4
✓ [CAR 6] ACT=OK REP=0.921 RWD=1.000 PNL=0.000 CREDIT=4
[PASSIVE-BEACON] SIMNOW:4.210 CID:19 ZONE:1 RXUAV:1 EDGEPORT:9998 TS:4.196 SPD:20.100 HDG:0.700 PX:143.400 PY:-50.000 LAN:5 BRK:0 RX_X:0.000 RX_Y:0.000 RX_Z:0.000
[ZONE-ROUTE] CID:19 zone=1 edge_port=9998
[EDGE-RTT] CID:19 wall=1.3 ms  sim_delay=10.0 ms
>>> [UAV->CLOUD] BLK:d34c|TX:7.0.0.23|CID:19|TS:4.196|SPD:20.1|HDG:0.7|PX:143.4|PY:-50.0|...
✓ [CAR 19] ACT=OK REP=0.911 RWD=1.000 PNL=0.000 CREDIT=4
[PASSIVE-BEACON] SIMNOW:4.246 CID:9 ZONE:1 RXUAV:1 EDGEPORT:9998 TS:4.232 SPD:19.800 HDG:-1.100 PX:105.200 PY:-50.000 LAN:5 BRK:0 RX_X:0.000 RX_Y:0.000 RX_Z:0.000
[ZONE-ROUTE] CID:9 zone=1 edge_port=9998
[EDGE-RTT] CID:9 wall=1.4 ms  sim_delay=10.0 ms
>>> [UAV->CLOUD] BLK:47a6|TX:7.0.0.13|CID:9|TS:4.232|SPD:19.8|HDG:-1.1|PX:105.2|PY:-50.0|...
[PASSIVE-BEACON] SIMNOW:4.258 CID:13 ZONE:1 RXUAV:1 EDGEPORT:9998 TS:4.244 SPD:19.800 HDG:2.000 PX:124.400 PY:-40.000 LAN:4 BRK:1 RX_X:0.000 RX_Y:0.000 RX_Z:0.000
[ZONE-ROUTE] CID:13 zone=1 edge_port=9998
[EDGE-RTT] CID:13 wall=1.4 ms  sim_delay=10.0 ms
>>> [UAV->CLOUD] BLK:3e37|TX:7.0.0.17|CID:13|TS:4.244|SPD:19.8|HDG:2.0|PX:124.4|PY:-40.0|...
[PASSIVE-BEACON] SIMNOW:4.258 CID:10 ZONE:1 RXUAV:1 EDGEPORT:9998 TS:4.244 SPD:19.600 HDG:-0.400 PX:124.800 PY:-10.000 LAN:1 BRK:0 RX_X:0.000 RX_Y:0.000 RX_Z:0.000
[ZONE-ROUTE] CID:10 zone=1 edge_port=9998
[EDGE-RTT] CID:10 wall=1.9 ms  sim_delay=10.0 ms
>>> [UAV->CLOUD] BLK:e8f5|TX:7.0.0.14|CID:10|TS:4.244|SPD:19.6|HDG:-0.4|PX:124.8|PY:-10.0...
✓ [CAR 9] ACT=OK REP=0.989 RWD=1.000 PNL=0.000 CREDIT=3
[PASSIVE-BEACON] SIMNOW:4.268 CID:11 ZONE:1 RXUAV:1 EDGEPORT:9998 TS:4.254 SPD:20.200 HDG:1.600 PX:125.500 PY:-20.000 LAN:2 BRK:1 RX_X:0.000 RX_Y:0.000 RX_Z:0.000
[ZONE-ROUTE] CID:11 zone=1 edge_port=9998
[EDGE-RTT] CID:11 wall=1.3 ms  sim_delay=10.0 ms
>>> [UAV->CLOUD] BLK:84a5|TX:7.0.0.15|CID:11|TS:4.254|SPD:20.2|HDG:1.6|PX:125.5|PY:-20.0|...
✓ [CAR 10] ACT=OK REP=0.938 RWD=1.000 PNL=0.000 CREDIT=3
✓ [CAR 13] ACT=OK REP=0.815 RWD=1.000 PNL=0.000 CREDIT=4
[PASSIVE-BEACON] SIMNOW:4.278 CID:12 ZONE:1 RXUAV:1 EDGEPORT:9998 TS:4.264 SPD:19.700 HDG:1.100 PX:125.300 PY:-30.000 LAN:3 BRK:0 RX_X:0.000 RX_Y:0.000 RX_Z:0.000
[ZONE-ROUTE] CID:12 zone=1 edge_port=9998
[EDGE-RTT] CID:12 wall=1.5 ms  sim_delay=10.0 ms
>>> [UAV->CLOUD] BLK:1873|TX:7.0.0.16|CID:12|TS:4.264|SPD:19.7|HDG:1.1|PX:125.3|PY:-30.0|...
✓ [CAR 11] ACT=OK REP=0.771 RWD=1.000 PNL=0.000 CREDIT=3
✓ [CAR 12] ACT=OK REP=0.610 RWD=1.000 PNL=0.000 CREDIT=4
[PASSIVE-BEACON] SIMNOW:4.314 CID:2 ZONE:1 RXUAV:1 EDGEPORT:9998 TS:4.300 SPD:19.900 HDG:-0.400 PX:86.000 PY:-30.000 LAN:3 BRK:0 RX_X:0.000 RX_Y:0.000 RX_Z:0.000
[ZONE-ROUTE] CID:2 zone=1 edge_port=9998
[EDGE-RTT] CID:2 wall=1.4 ms  sim_delay=10.0 ms
>>> [UAV->CLOUD] BLK:faea|TX:7.0.0.6|CID:2|TS:4.300|SPD:19.9|HDG:-0.4|PX:86.0|PY:-30.0|LA...
✓ [CAR 2] ACT=OK REP=1.000 RWD=1.000 PNL=0.000 CREDIT=3
[PASSIVE-BEACON] SIMNOW:4.357 CID:1 ZONE:1 RXUAV:1 EDGEPORT:9998 TS:4.340 SPD:19.600 HDG:0.600 PX:87.400 PY:-20.000 LAN:2 BRK:0 RX_X:0.000 RX_Y:0.000 RX_Z:0.000
[ZONE-ROUTE] CID:1 zone=1 edge_port=9998
[EDGE-RTT] CID:1 wall=1.6 ms  sim_delay=10.0 ms
>>> [UAV->CLOUD] BLK:d01c|TX:7.0.0.5|CID:1|TS:4.340|SPD:19.6|HDG:0.6|PX:87.4|PY:-20.0|LAN...
[PASSIVE-BEACON] SIMNOW:4.364 CID:4 ZONE:1 RXUAV:1 EDGEPORT:9998 TS:4.350 SPD:19.900 HDG:-1.300 PX:86.700 PY:-50.000 LAN:5 BRK:1 RX_X:0.000 RX_Y:0.000 RX_Z:0.000
[ZONE-ROUTE] CID:4 zone=1 edge_port=9998
[EDGE-RTT] CID:4 wall=1.4 ms  sim_delay=10.0 ms
>>> [UAV->CLOUD] BLK:6adb|TX:7.0.0.8|CID:4|TS:4.350|SPD:19.9|HDG:-1.3|PX:86.7|PY:-50.0|LA...
[PASSIVE-BEACON] SIMNOW:4.364 CID:3 ZONE:1 RXUAV:1 EDGEPORT:9998 TS:4.350 SPD:19.900 HDG:-0.200 PX:86.800 PY:-40.000 LAN:4 BRK:1 RX_X:0.000 RX_Y:0.000 RX_Z:0.000
[ZONE-ROUTE] CID:3 zone=1 edge_port=9998
[EDGE-RTT] CID:3 wall=1.2 ms  sim_delay=10.0 ms
>>> [UAV->CLOUD] BLK:11e6|TX:7.0.0.7|CID:3|TS:4.350|SPD:19.9|HDG:-0.2|PX:86.8|PY:-40.0|LA...
✓ [CAR 1] ACT=OK REP=0.834 RWD=1.000 PNL=0.000 CREDIT=3
✓ [CAR 3] ACT=OK REP=0.590 RWD=1.000 PNL=0.000 CREDIT=3
✓ [CAR 4] ACT=OK REP=0.769 RWD=1.000 PNL=0.000 CREDIT=4
[PASSIVE-BEACON] SIMNOW:4.416 CID:8 ZONE:1 RXUAV:1 EDGEPORT:9998 TS:4.402 SPD:19.900 HDG:1.900 PX:108.700 PY:-40.000 LAN:4 BRK:0 RX_X:0.000 RX_Y:0.000 RX_Z:0.000
[ZONE-ROUTE] CID:8 zone=1 edge_port=9998
[EDGE-RTT] CID:8 wall=1.5 ms  sim_delay=10.0 ms
>>> [UAV->CLOUD] BLK:8f22|TX:7.0.0.12|CID:8|TS:4.402|SPD:19.9|HDG:1.9|PX:108.7|PY:-40.0|L...
✓ [CAR 8] ACT=OK REP=0.743 RWD=1.000 PNL=0.000 CREDIT=3
[PASSIVE-BEACON] SIMNOW:4.454 CID:0 ZONE:1 RXUAV:1 EDGEPORT:9998 TS:4.440 SPD:19.600 HDG:1.200 PX:88.900 PY:-10.000 LAN:1 BRK:0 RX_X:0.000 RX_Y:0.000 RX_Z:0.000
[ZONE-ROUTE] CID:0 zone=1 edge_port=9998
[EDGE-RTT] CID:0 wall=1.4 ms  sim_delay=10.0 ms
>>> [UAV->CLOUD] BLK:3b32|TX:7.0.0.4|CID:0|TS:4.440|SPD:19.6|HDG:1.2|PX:88.9|PY:-10.0|LAN...
✓ [CAR 0] ACT=OK REP=0.689 RWD=1.000 PNL=0.000 CREDIT=3
[PASSIVE-BEACON] SIMNOW:4.496 CID:5 ZONE:1 RXUAV:1 EDGEPORT:9998 TS:4.482 SPD:20.100 HDG:-1.500 PX:108.900 PY:-10.000 LAN:1 BRK:1 RX_X:0.000 RX_Y:0.000 RX_Z:0.000
[ZONE-ROUTE] CID:5 zone=1 edge_port=9998
[EDGE-RTT] CID:5 wall=1.2 ms  sim_delay=10.0 ms
>>> [UAV->CLOUD] BLK:d81d|TX:7.0.0.9|CID:5|TS:4.482|SPD:20.1|HDG:-1.5|PX:108.9|PY:-10.0|L...
[PASSIVE-BEACON] SIMNOW:4.500 CID:17 ZONE:1 RXUAV:1 EDGEPORT:9998 TS:4.486 SPD:20.300 HDG:1.600 PX:149.600 PY:-30.000 LAN:3 BRK:0 RX_X:0.000 RX_Y:0.000 RX_Z:0.000
[ZONE-ROUTE] CID:17 zone=1 edge_port=9998
[EDGE-RTT] CID:17 wall=1.2 ms  sim_delay=10.0 ms
>>> [UAV->CLOUD] BLK:53ed|TX:7.0.0.21|CID:17|TS:4.486|SPD:20.3|HDG:1.6|PX:149.6|PY:-30.0|...
✓ [CAR 5] ACT=OK REP=0.658 RWD=1.000 PNL=0.000 CREDIT=4
✓ [CAR 17] ACT=OK REP=0.763 RWD=1.000 PNL=0.000 CREDIT=3
[PASSIVE-BEACON] SIMNOW:4.530 CID:18 ZONE:1 RXUAV:1 EDGEPORT:9998 TS:4.516 SPD:20.400 HDG:-0.700 PX:150.900 PY:-40.000 LAN:4 BRK:1 RX_X:0.000 RX_Y:0.000 RX_Z:0.000
[ZONE-ROUTE] CID:18 zone=1 edge_port=9998
[EDGE-RTT] CID:18 wall=1.4 ms  sim_delay=10.0 ms
>>> [UAV->CLOUD] BLK:16dc|TX:7.0.0.22|CID:18|TS:4.516|SPD:20.4|HDG:-0.7|PX:150.9|PY:-40.0...
[PASSIVE-BEACON] SIMNOW:4.540 CID:15 ZONE:1 RXUAV:1 EDGEPORT:9998 TS:4.526 SPD:19.600 HDG:-0.300 PX:150.400 PY:-10.000 LAN:1 BRK:0 RX_X:0.000 RX_Y:0.000 RX_Z:0.000
[ZONE-ROUTE] CID:15 zone=1 edge_port=9998
[EDGE-RTT] CID:15 wall=1.1 ms  sim_delay=10.0 ms
>>> [UAV->CLOUD] BLK:af8f|TX:7.0.0.19|CID:15|TS:4.526|SPD:19.6|HDG:-0.3|PX:150.4|PY:-10.0...
[PASSIVE-BEACON] SIMNOW:4.540 CID:16 ZONE:1 RXUAV:1 EDGEPORT:9998 TS:4.526 SPD:20.000 HDG:0.900 PX:151.200 PY:-20.000 LAN:2 BRK:0 RX_X:0.000 RX_Y:0.000 RX_Z:0.000
[ZONE-ROUTE] CID:16 zone=1 edge_port=9998
[EDGE-RTT] CID:16 wall=2.0 ms  sim_delay=10.0 ms
>>> [UAV->CLOUD] BLK:3162|TX:7.0.0.20|CID:16|TS:4.526|SPD:20.0|HDG:0.9|PX:151.2|PY:-20.0|...
✓ [CAR 18] ACT=OK REP=1.000 RWD=1.000 PNL=0.000 CREDIT=4
✓ [CAR 15] ACT=OK REP=0.745 RWD=1.000 PNL=0.000 CREDIT=5
✓ [CAR 16] ACT=OK REP=0.978 RWD=1.000 PNL=0.000 CREDIT=5
[PASSIVE-BEACON] SIMNOW:4.636 CID:7 ZONE:1 RXUAV:1 EDGEPORT:9998 TS:4.622 SPD:19.600 HDG:1.400 PX:112.400 PY:-30.000 LAN:3 BRK:1 RX_X:0.000 RX_Y:0.000 RX_Z:0.000
[ZONE-ROUTE] CID:7 zone=1 edge_port=9998
[EDGE-RTT] CID:7 wall=1.5 ms  sim_delay=10.0 ms
>>> [UAV->CLOUD] BLK:765e|TX:7.0.0.11|CID:7|TS:4.622|SPD:19.6|HDG:1.4|PX:112.4|PY:-30.0|L...
✓ [CAR 7] ACT=OK REP=0.647 RWD=1.000 PNL=0.000 CREDIT=5
[PASSIVE-BEACON] SIMNOW:4.678 CID:14 ZONE:1 RXUAV:1 EDGEPORT:9998 TS:4.664 SPD:19.800 HDG:-0.300 PX:133.100 PY:-50.000 LAN:5 BRK:0 RX_X:0.000 RX_Y:0.000 RX_Z:0.000
[ZONE-ROUTE] CID:14 zone=1 edge_port=9998
[EDGE-RTT] CID:14 wall=1.4 ms  sim_delay=10.0 ms
>>> [UAV->CLOUD] BLK:583a|TX:7.0.0.18|CID:14|TS:4.664|SPD:19.8|HDG:-0.3|PX:133.1|PY:-50.0...
[PASSIVE-BEACON] SIMNOW:4.686 CID:6 ZONE:1 RXUAV:1 EDGEPORT:9998 TS:4.672 SPD:19.900 HDG:-0.700 PX:113.800 PY:-20.000 LAN:2 BRK:0 RX_X:0.000 RX_Y:0.000 RX_Z:0.000
[ZONE-ROUTE] CID:6 zone=1 edge_port=9998
[EDGE-RTT] CID:6 wall=1.3 ms  sim_delay=10.0 ms
>>> [UAV->CLOUD] BLK:4b55|TX:7.0.0.10|CID:6|TS:4.672|SPD:19.9|HDG:-0.7|PX:113.8|PY:-20.0|...
✓ [CAR 14] ACT=OK REP=0.952 RWD=1.000 PNL=0.000 CREDIT=5
✓ [CAR 6] ACT=OK REP=0.756 RWD=1.000 PNL=0.000 CREDIT=5
[PASSIVE-BEACON] SIMNOW:4.710 CID:19 ZONE:1 RXUAV:1 EDGEPORT:9998 TS:4.696 SPD:20.300 HDG:-1.900 PX:154.000 PY:-50.000 LAN:5 BRK:0 RX_X:0.000 RX_Y:0.000 RX_Z:0.000
[ZONE-ROUTE] CID:19 zone=1 edge_port=9998
[EDGE-RTT] CID:19 wall=1.6 ms  sim_delay=10.0 ms
>>> [UAV->CLOUD] BLK:5700|TX:7.0.0.23|CID:19|TS:4.696|SPD:20.3|HDG:-1.9|PX:154.0|PY:-50.0...
✓ [CAR 19] ACT=OK REP=0.963 RWD=1.000 PNL=0.000 CREDIT=5
[PASSIVE-BEACON] SIMNOW:4.746 CID:9 ZONE:1 RXUAV:1 EDGEPORT:9998 TS:4.732 SPD:19.600 HDG:1.800 PX:114.400 PY:-50.000 LAN:5 BRK:0 RX_X:0.000 RX_Y:0.000 RX_Z:0.000
[ZONE-ROUTE] CID:9 zone=1 edge_port=9998
[EDGE-RTT] CID:9 wall=1.3 ms  sim_delay=10.0 ms
>>> [UAV->CLOUD] BLK:aeb3|TX:7.0.0.13|CID:9|TS:4.732|SPD:19.6|HDG:1.8|PX:114.4|PY:-50.0|L...
[PASSIVE-BEACON] SIMNOW:4.756 CID:13 ZONE:1 RXUAV:1 EDGEPORT:9998 TS:4.744 SPD:20.000 HDG:0.800 PX:134.300 PY:-40.000 LAN:4 BRK:0 RX_X:0.000 RX_Y:0.000 RX_Z:0.000
[ZONE-ROUTE] CID:13 zone=1 edge_port=9998
[EDGE-RTT] CID:13 wall=1.3 ms  sim_delay=10.0 ms
>>> [UAV->CLOUD] BLK:dc5a|TX:7.0.0.17|CID:13|TS:4.744|SPD:20.0|HDG:0.8|PX:134.3|PY:-40.0|...
[PASSIVE-BEACON] SIMNOW:4.758 CID:10 ZONE:1 RXUAV:1 EDGEPORT:9998 TS:4.744 SPD:20.200 HDG:-1.200 PX:134.200 PY:-10.000 LAN:1 BRK:1 RX_X:0.000 RX_Y:0.000 RX_Z:0.000
[ZONE-ROUTE] CID:10 zone=1 edge_port=9998
[EDGE-RTT] CID:10 wall=1.2 ms  sim_delay=10.0 ms
>>> [UAV->CLOUD] BLK:fd0c|TX:7.0.0.14|CID:10|TS:4.744|SPD:20.2|HDG:-1.2|PX:134.2|PY:-10.0...
✓ [CAR 9] ACT=OK REP=0.736 RWD=1.000 PNL=0.000 CREDIT=4
[PASSIVE-BEACON] SIMNOW:4.768 CID:11 ZONE:1 RXUAV:1 EDGEPORT:9998 TS:4.754 SPD:20.300 HDG:-1.700 PX:135.400 PY:-20.000 LAN:2 BRK:0 RX_X:0.000 RX_Y:0.000 RX_Z:0.000
[ZONE-ROUTE] CID:11 zone=1 edge_port=9998
[EDGE-RTT] CID:11 wall=1.5 ms  sim_delay=10.0 ms
>>> [UAV->CLOUD] BLK:08ca|TX:7.0.0.15|CID:11|TS:4.754|SPD:20.3|HDG:-1.7|PX:135.4|PY:-20.0...
✓ [CAR 13] ACT=OK REP=0.520 RWD=1.000 PNL=0.000 CREDIT=5
✓ [CAR 10] ACT=OK REP=0.822 RWD=1.000 PNL=0.000 CREDIT=4
[PASSIVE-BEACON] SIMNOW:4.778 CID:12 ZONE:1 RXUAV:1 EDGEPORT:9998 TS:4.764 SPD:20.200 HDG:-1.300 PX:135.300 PY:-30.000 LAN:3 BRK:0 RX_X:0.000 RX_Y:0.000 RX_Z:0.000
[ZONE-ROUTE] CID:12 zone=1 edge_port=9998
[EDGE-RTT] CID:12 wall=1.2 ms  sim_delay=10.0 ms
>>> [UAV->CLOUD] BLK:963c|TX:7.0.0.16|CID:12|TS:4.764|SPD:20.2|HDG:-1.3|PX:135.3|PY:-30.0...
✓ [CAR 11] ACT=OK REP=0.667 RWD=1.000 PNL=0.000 CREDIT=4
✓ [CAR 12] ACT=OK REP=0.716 RWD=1.000 PNL=0.000 CREDIT=5
[PASSIVE-BEACON] SIMNOW:4.814 CID:2 ZONE:1 RXUAV:1 EDGEPORT:9998 TS:4.800 SPD:19.800 HDG:0.700 PX:96.400 PY:-30.000 LAN:3 BRK:0 RX_X:0.000 RX_Y:0.000 RX_Z:0.000
[ZONE-ROUTE] CID:2 zone=1 edge_port=9998
[EDGE-RTT] CID:2 wall=1.4 ms  sim_delay=10.0 ms
>>> [UAV->CLOUD] BLK:afcf|TX:7.0.0.6|CID:2|TS:4.800|SPD:19.8|HDG:0.7|PX:96.4|PY:-30.0|LAN...
✓ [CAR 2] ACT=OK REP=0.822 RWD=1.000 PNL=0.000 CREDIT=4
[PASSIVE-BEACON] SIMNOW:4.857 CID:1 ZONE:1 RXUAV:1 EDGEPORT:9998 TS:4.840 SPD:20.200 HDG:-1.300 PX:97.300 PY:-20.000 LAN:2 BRK:0 RX_X:0.000 RX_Y:0.000 RX_Z:0.000
[ZONE-ROUTE] CID:1 zone=1 edge_port=9998
[EDGE-RTT] CID:1 wall=1.3 ms  sim_delay=10.0 ms
>>> [UAV->CLOUD] BLK:79e5|TX:7.0.0.5|CID:1|TS:4.840|SPD:20.2|HDG:-1.3|PX:97.3|PY:-20.0|LA...
[PASSIVE-BEACON] SIMNOW:4.864 CID:4 ZONE:1 RXUAV:1 EDGEPORT:9998 TS:4.850 SPD:20.400 HDG:0.600 PX:96.800 PY:-50.000 LAN:5 BRK:1 RX_X:0.000 RX_Y:0.000 RX_Z:0.000
[ZONE-ROUTE] CID:4 zone=1 edge_port=9998
[EDGE-RTT] CID:4 wall=1.3 ms  sim_delay=10.0 ms
>>> [UAV->CLOUD] BLK:6ed6|TX:7.0.0.8|CID:4|TS:4.850|SPD:20.4|HDG:0.6|PX:96.8|PY:-50.0|LAN...
[PASSIVE-BEACON] SIMNOW:4.864 CID:3 ZONE:1 RXUAV:1 EDGEPORT:9998 TS:4.850 SPD:19.500 HDG:0.500 PX:96.700 PY:-40.000 LAN:4 BRK:1 RX_X:0.000 RX_Y:0.000 RX_Z:0.000
[ZONE-ROUTE] CID:3 zone=1 edge_port=9998
[EDGE-RTT] CID:3 wall=2.1 ms  sim_delay=10.0 ms
>>> [UAV->CLOUD] BLK:2144|TX:7.0.0.7|CID:3|TS:4.850|SPD:19.5|HDG:0.5|PX:96.7|PY:-40.0|LAN...
✓ [CAR 1] ACT=OK REP=0.927 RWD=1.000 PNL=0.000 CREDIT=4
✓ [CAR 4] ACT=OK REP=0.908 RWD=1.000 PNL=0.000 CREDIT=5
✓ [CAR 3] ACT=OK REP=0.683 RWD=1.000 PNL=0.000 CREDIT=4
[PASSIVE-BEACON] SIMNOW:4.916 CID:8 ZONE:1 RXUAV:1 EDGEPORT:9998 TS:4.902 SPD:20.400 HDG:0.400 PX:118.200 PY:-40.000 LAN:4 BRK:0 RX_X:0.000 RX_Y:0.000 RX_Z:0.000
[ZONE-ROUTE] CID:8 zone=1 edge_port=9998
[EDGE-RTT] CID:8 wall=1.5 ms  sim_delay=10.0 ms
>>> [UAV->CLOUD] BLK:5ac3|TX:7.0.0.12|CID:8|TS:4.902|SPD:20.4|HDG:0.4|PX:118.2|PY:-40.0|L...
✓ [CAR 8] ACT=OK REP=1.000 RWD=1.000 PNL=0.000 CREDIT=4
[PASSIVE-BEACON] SIMNOW:4.954 CID:0 ZONE:1 RXUAV:1 EDGEPORT:9998 TS:4.940 SPD:20.000 HDG:0.300 PX:98.600 PY:-10.000 LAN:1 BRK:0 RX_X:0.000 RX_Y:0.000 RX_Z:0.000
[ZONE-ROUTE] CID:0 zone=1 edge_port=9998
[EDGE-RTT] CID:0 wall=1.2 ms  sim_delay=10.0 ms
>>> [UAV->CLOUD] BLK:1764|TX:7.0.0.4|CID:0|TS:4.940|SPD:20.0|HDG:0.3|PX:98.6|PY:-10.0|LAN...
✓ [CAR 0] ACT=OK REP=0.974 RWD=1.000 PNL=0.000 CREDIT=4
[PASSIVE-BEACON] SIMNOW:4.996 CID:5 ZONE:1 RXUAV:1 EDGEPORT:9998 TS:4.982 SPD:20.000 HDG:1.400 PX:119.900 PY:-10.000 LAN:1 BRK:1 RX_X:0.000 RX_Y:0.000 RX_Z:0.000
[ZONE-ROUTE] CID:5 zone=1 edge_port=9998
[EDGE-RTT] CID:5 wall=1.5 ms  sim_delay=10.0 ms
>>> [UAV->CLOUD] BLK:9370|TX:7.0.0.9|CID:5|TS:4.982|SPD:20.0|HDG:1.4|PX:119.9|PY:-10.0|LA...
[PASSIVE-BEACON] SIMNOW:5.000 CID:17 ZONE:1 RXUAV:1 EDGEPORT:9998 TS:4.986 SPD:20.300 HDG:-0.800 PX:159.300 PY:-30.000 LAN:3 BRK:0 RX_X:0.000 RX_Y:0.000 RX_Z:0.000
[ZONE-ROUTE] CID:17 zone=1 edge_port=9998
[EDGE-RTT] CID:17 wall=0.7 ms  sim_delay=10.0 ms
>>> [UAV->CLOUD] BLK:5bea|TX:7.0.0.21|CID:17|TS:4.986|SPD:20.3|HDG:-0.8|PX:159.3|PY:-30.0...
✓ [CAR 5] ACT=OK REP=0.824 RWD=1.000 PNL=0.000 CREDIT=5
✓ [CAR 17] ACT=OK REP=0.861 RWD=1.000 PNL=0.000 CREDIT=4
[PASSIVE-BEACON] SIMNOW:5.030 CID:18 ZONE:1 RXUAV:1 EDGEPORT:9998 TS:5.016 SPD:20.400 HDG:-0.500 PX:160.300 PY:-40.000 LAN:4 BRK:0 RX_X:0.000 RX_Y:0.000 RX_Z:0.000
[ZONE-ROUTE] CID:18 zone=1 edge_port=9998
[EDGE-RTT] CID:18 wall=1.4 ms  sim_delay=10.0 ms
>>> [UAV->CLOUD] BLK:9ab7|TX:7.0.0.22|CID:18|TS:5.016|SPD:20.4|HDG:-0.5|PX:160.3|PY:-40.0...
[PASSIVE-BEACON] SIMNOW:5.040 CID:15 ZONE:1 RXUAV:1 EDGEPORT:9998 TS:5.026 SPD:19.600 HDG:-0.500 PX:160.300 PY:-10.000 LAN:1 BRK:0 RX_X:0.000 RX_Y:0.000 RX_Z:0.000
[ZONE-ROUTE] CID:15 zone=1 edge_port=9998
[EDGE-RTT] CID:15 wall=1.2 ms  sim_delay=10.0 ms
>>> [UAV->CLOUD] BLK:0d5a|TX:7.0.0.19|CID:15|TS:5.026|SPD:19.6|HDG:-0.5|PX:160.3|PY:-10.0...
[PASSIVE-BEACON] SIMNOW:5.040 CID:16 ZONE:1 RXUAV:1 EDGEPORT:9998 TS:5.026 SPD:20.200 HDG:-1.700 PX:161.000 PY:-20.000 LAN:2 BRK:0 RX_X:0.000 RX_Y:0.000 RX_Z:0.000
[ZONE-ROUTE] CID:16 zone=1 edge_port=9998
[EDGE-RTT] CID:16 wall=1.9 ms  sim_delay=10.0 ms
>>> [UAV->CLOUD] BLK:4651|TX:7.0.0.20|CID:16|TS:5.026|SPD:20.2|HDG:-1.7|PX:161.0|PY:-20.0...
✓ [CAR 18] ACT=OK REP=0.795 RWD=1.000 PNL=0.000 CREDIT=5
✓ [CAR 16] ACT=OK REP=0.670 RWD=1.000 PNL=0.000 CREDIT=6
✓ [CAR 15] ACT=OK REP=0.702 RWD=1.000 PNL=0.000 CREDIT=6
[PASSIVE-BEACON] SIMNOW:5.136 CID:7 ZONE:1 RXUAV:1 EDGEPORT:9998 TS:5.122 SPD:20.000 HDG:-0.100 PX:122.800 PY:-30.000 LAN:3 BRK:0 RX_X:0.000 RX_Y:0.000 RX_Z:0.000
[ZONE-ROUTE] CID:7 zone=1 edge_port=9998
[EDGE-RTT] CID:7 wall=1.3 ms  sim_delay=10.0 ms
>>> [UAV->CLOUD] BLK:b580|TX:7.0.0.11|CID:7|TS:5.122|SPD:20.0|HDG:-0.1|PX:122.8|PY:-30.0|...
✓ [CAR 7] ACT=OK REP=0.751 RWD=1.000 PNL=0.000 CREDIT=6
[PASSIVE-BEACON] SIMNOW:5.179 CID:14 ZONE:1 RXUAV:1 EDGEPORT:9998 TS:5.164 SPD:20.400 HDG:-0.800 PX:143.600 PY:-50.000 LAN:5 BRK:0 RX_X:0.000 RX_Y:0.000 RX_Z:0.000
[ZONE-ROUTE] CID:14 zone=1 edge_port=9998
[EDGE-RTT] CID:14 wall=1.4 ms  sim_delay=10.0 ms
>>> [UAV->CLOUD] BLK:d659|TX:7.0.0.18|CID:14|TS:5.164|SPD:20.4|HDG:-0.8|PX:143.6|PY:-50.0...
[PASSIVE-BEACON] SIMNOW:5.186 CID:6 ZONE:1 RXUAV:1 EDGEPORT:9998 TS:5.172 SPD:19.600 HDG:2.000 PX:123.800 PY:-20.000 LAN:2 BRK:1 RX_X:0.000 RX_Y:0.000 RX_Z:0.000
[ZONE-ROUTE] CID:6 zone=1 edge_port=9998
[EDGE-RTT] CID:6 wall=1.0 ms  sim_delay=10.0 ms
>>> [UAV->CLOUD] BLK:1afe|TX:7.0.0.10|CID:6|TS:5.172|SPD:19.6|HDG:2.0|PX:123.8|PY:-20.0|L...
✓ [CAR 14] ACT=OK REP=1.000 RWD=1.000 PNL=0.000 CREDIT=6
✓ [CAR 6] ACT=OK REP=1.000 RWD=1.000 PNL=0.000 CREDIT=6
[PASSIVE-BEACON] SIMNOW:5.210 CID:19 ZONE:1 RXUAV:1 EDGEPORT:9998 TS:5.196 SPD:20.100 HDG:-1.000 PX:163.700 PY:-50.000 LAN:5 BRK:0 RX_X:0.000 RX_Y:0.000 RX_Z:0.000
[ZONE-ROUTE] CID:19 zone=1 edge_port=9998
[EDGE-RTT] CID:19 wall=1.3 ms  sim_delay=10.0 ms
>>> [UAV->CLOUD] BLK:65d8|TX:7.0.0.23|CID:19|TS:5.196|SPD:20.1|HDG:-1.0|PX:163.7|PY:-50.0...
✓ [CAR 19] ACT=OK REP=0.871 RWD=1.000 PNL=0.000 CREDIT=6
[PASSIVE-BEACON] SIMNOW:5.246 CID:9 ZONE:1 RXUAV:1 EDGEPORT:9998 TS:5.232 SPD:20.300 HDG:1.300 PX:124.900 PY:-50.000 LAN:5 BRK:0 RX_X:0.000 RX_Y:0.000 RX_Z:0.000
[ZONE-ROUTE] CID:9 zone=1 edge_port=9998
[EDGE-RTT] CID:9 wall=1.6 ms  sim_delay=10.0 ms
>>> [UAV->CLOUD] BLK:a59b|TX:7.0.0.13|CID:9|TS:5.232|SPD:20.3|HDG:1.3|PX:124.9|PY:-50.0|L...
[PASSIVE-BEACON] SIMNOW:5.258 CID:13 ZONE:1 RXUAV:1 EDGEPORT:9998 TS:5.244 SPD:19.500 HDG:0.900 PX:144.600 PY:-40.000 LAN:4 BRK:0 RX_X:0.000 RX_Y:0.000 RX_Z:0.000
[ZONE-ROUTE] CID:13 zone=1 edge_port=9998
[EDGE-RTT] CID:13 wall=1.2 ms  sim_delay=10.0 ms
>>> [UAV->CLOUD] BLK:e86f|TX:7.0.0.17|CID:13|TS:5.244|SPD:19.5|HDG:0.9|PX:144.6|PY:-40.0|...
[PASSIVE-BEACON] SIMNOW:5.258 CID:10 ZONE:1 RXUAV:1 EDGEPORT:9998 TS:5.244 SPD:19.600 HDG:1.500 PX:145.300 PY:-10.000 LAN:1 BRK:0 RX_X:0.000 RX_Y:0.000 RX_Z:0.000
[ZONE-ROUTE] CID:10 zone=1 edge_port=9998
[EDGE-RTT] CID:10 wall=2.2 ms  sim_delay=10.0 ms
>>> [UAV->CLOUD] BLK:bc0d|TX:7.0.0.14|CID:10|TS:5.244|SPD:19.6|HDG:1.5|PX:145.3|PY:-10.0|...
✓ [CAR 9] ACT=OK REP=0.844 RWD=1.000 PNL=0.000 CREDIT=5
[PASSIVE-BEACON] SIMNOW:5.268 CID:11 ZONE:1 RXUAV:1 EDGEPORT:9998 TS:5.254 SPD:20.000 HDG:-0.100 PX:145.200 PY:-20.000 LAN:2 BRK:0 RX_X:0.000 RX_Y:0.000 RX_Z:0.000
[ZONE-ROUTE] CID:11 zone=1 edge_port=9998
[EDGE-RTT] CID:11 wall=1.4 ms  sim_delay=10.0 ms
>>> [UAV->CLOUD] BLK:d9d9|TX:7.0.0.15|CID:11|TS:5.254|SPD:20.0|HDG:-0.1|PX:145.2|PY:-20.0...
✓ [CAR 13] ACT=OK REP=0.814 RWD=1.000 PNL=0.000 CREDIT=6
✓ [CAR 10] ACT=OK REP=0.701 RWD=1.000 PNL=0.000 CREDIT=5
[PASSIVE-BEACON] SIMNOW:5.278 CID:12 ZONE:1 RXUAV:1 EDGEPORT:9998 TS:5.264 SPD:20.400 HDG:-2.000 PX:145.000 PY:-30.000 LAN:3 BRK:1 RX_X:0.000 RX_Y:0.000 RX_Z:0.000
[ZONE-ROUTE] CID:12 zone=1 edge_port=9998
[EDGE-RTT] CID:12 wall=1.4 ms  sim_delay=10.0 ms
>>> [UAV->CLOUD] BLK:87d9|TX:7.0.0.16|CID:12|TS:5.264|SPD:20.4|HDG:-2.0|PX:145.0|PY:-30.0...
✓ [CAR 11] ACT=OK REP=1.000 RWD=1.000 PNL=0.000 CREDIT=5
✓ [CAR 12] ACT=OK REP=0.854 RWD=1.000 PNL=0.000 CREDIT=6
[PASSIVE-BEACON] SIMNOW:5.317 CID:2 ZONE:1 RXUAV:1 EDGEPORT:9998 TS:5.300 SPD:20.300 HDG:-0.300 PX:106.600 PY:-30.000 LAN:3 BRK:0 RX_X:0.000 RX_Y:0.000 RX_Z:0.000
[ZONE-ROUTE] CID:2 zone=1 edge_port=9998
[EDGE-RTT] CID:2 wall=1.3 ms  sim_delay=10.0 ms
>>> [UAV->CLOUD] BLK:2b11|TX:7.0.0.6|CID:2|TS:5.300|SPD:20.3|HDG:-0.3|PX:106.6|PY:-30.0|L...
✓ [CAR 2] ACT=OK REP=0.865 RWD=1.000 PNL=0.000 CREDIT=5
[PASSIVE-BEACON] SIMNOW:5.354 CID:1 ZONE:1 RXUAV:1 EDGEPORT:9998 TS:5.340 SPD:19.800 HDG:0.600 PX:106.600 PY:-20.000 LAN:2 BRK:0 RX_X:0.000 RX_Y:0.000 RX_Z:0.000
[ZONE-ROUTE] CID:1 zone=1 edge_port=9998
[EDGE-RTT] CID:1 wall=1.3 ms  sim_delay=10.0 ms
>>> [UAV->CLOUD] BLK:1cb1|TX:7.0.0.5|CID:1|TS:5.340|SPD:19.8|HDG:0.6|PX:106.6|PY:-20.0|LA...
[PASSIVE-BEACON] SIMNOW:5.364 CID:4 ZONE:1 RXUAV:1 EDGEPORT:9998 TS:5.350 SPD:19.700 HDG:-0.400 PX:106.400 PY:-50.000 LAN:5 BRK:0 RX_X:0.000 RX_Y:0.000 RX_Z:0.000
[ZONE-ROUTE] CID:4 zone=1 edge_port=9998
[EDGE-RTT] CID:4 wall=1.1 ms  sim_delay=10.0 ms
>>> [UAV->CLOUD] BLK:4153|TX:7.0.0.8|CID:4|TS:5.350|SPD:19.7|HDG:-0.4|PX:106.4|PY:-50.0|L...
[PASSIVE-BEACON] SIMNOW:5.364 CID:3 ZONE:1 RXUAV:1 EDGEPORT:9998 TS:5.350 SPD:20.100 HDG:-0.900 PX:107.500 PY:-40.000 LAN:4 BRK:0 RX_X:0.000 RX_Y:0.000 RX_Z:0.000
[ZONE-ROUTE] CID:3 zone=1 edge_port=9998
[EDGE-RTT] CID:3 wall=1.4 ms  sim_delay=10.0 ms
>>> [UAV->CLOUD] BLK:51b9|TX:7.0.0.7|CID:3|TS:5.350|SPD:20.1|HDG:-0.9|PX:107.5|PY:-40.0|L...
✓ [CAR 1] ACT=OK REP=1.000 RWD=1.000 PNL=0.000 CREDIT=5
✓ [CAR 3] ACT=OK REP=0.600 RWD=1.000 PNL=0.000 CREDIT=5
✓ [CAR 4] ACT=OK REP=0.897 RWD=1.000 PNL=0.000 CREDIT=6
[PASSIVE-BEACON] SIMNOW:5.416 CID:8 ZONE:1 RXUAV:1 EDGEPORT:9998 TS:5.402 SPD:20.000 HDG:-1.600 PX:127.600 PY:-40.000 LAN:4 BRK:1 RX_X:0.000 RX_Y:0.000 RX_Z:0.000
[ZONE-ROUTE] CID:8 zone=1 edge_port=9998
[EDGE-RTT] CID:8 wall=1.4 ms  sim_delay=10.0 ms
>>> [UAV->CLOUD] BLK:b4d9|TX:7.0.0.12|CID:8|TS:5.402|SPD:20.0|HDG:-1.6|PX:127.6|PY:-40.0|...
✓ [CAR 8] ACT=OK REP=0.889 RWD=1.000 PNL=0.000 CREDIT=5
[PASSIVE-BEACON] SIMNOW:5.454 CID:0 ZONE:1 RXUAV:1 EDGEPORT:9998 TS:5.440 SPD:20.400 HDG:0.400 PX:108.800 PY:-10.000 LAN:1 BRK:0 RX_X:0.000 RX_Y:0.000 RX_Z:0.000
[ZONE-ROUTE] CID:0 zone=1 edge_port=9998
[EDGE-RTT] CID:0 wall=1.0 ms  sim_delay=10.0 ms
>>> [UAV->CLOUD] BLK:d402|TX:7.0.0.4|CID:0|TS:5.440|SPD:20.4|HDG:0.4|PX:108.8|PY:-10.0|LA...
✓ [CAR 0] ACT=OK REP=0.640 RWD=1.000 PNL=0.000 CREDIT=5
[PASSIVE-BEACON] SIMNOW:5.495 CID:5 ZONE:1 RXUAV:1 EDGEPORT:9998 TS:5.482 SPD:20.000 HDG:-1.800 PX:129.300 PY:-10.000 LAN:1 BRK:0 RX_X:0.000 RX_Y:0.000 RX_Z:0.000
[ZONE-ROUTE] CID:5 zone=1 edge_port=9998
[EDGE-RTT] CID:5 wall=1.3 ms  sim_delay=10.0 ms
>>> [UAV->CLOUD] BLK:b806|TX:7.0.0.9|CID:5|TS:5.482|SPD:20.0|HDG:-1.8|PX:129.3|PY:-10.0|L...
[PASSIVE-BEACON] SIMNOW:5.500 CID:17 ZONE:1 RXUAV:1 EDGEPORT:9998 TS:5.486 SPD:20.100 HDG:0.100 PX:170.200 PY:-30.000 LAN:3 BRK:0 RX_X:0.000 RX_Y:0.000 RX_Z:0.000
[ZONE-ROUTE] CID:17 zone=1 edge_port=9998
[EDGE-RTT] CID:17 wall=0.9 ms  sim_delay=10.0 ms
>>> [UAV->CLOUD] BLK:d154|TX:7.0.0.21|CID:17|TS:5.486|SPD:20.1|HDG:0.1|PX:170.2|PY:-30.0|...
✓ [CAR 5] ACT=OK REP=1.000 RWD=1.000 PNL=0.000 CREDIT=6
✓ [CAR 17] ACT=OK REP=0.654 RWD=1.000 PNL=0.000 CREDIT=5
[PASSIVE-BEACON] SIMNOW:5.530 CID:18 ZONE:1 RXUAV:1 EDGEPORT:9998 TS:5.516 SPD:20.300 HDG:-1.100 PX:170.100 PY:-40.000 LAN:4 BRK:0 RX_X:0.000 RX_Y:0.000 RX_Z:0.000
[ZONE-ROUTE] CID:18 zone=1 edge_port=9998
[EDGE-RTT] CID:18 wall=1.2 ms  sim_delay=10.0 ms
>>> [UAV->CLOUD] BLK:641c|TX:7.0.0.22|CID:18|TS:5.516|SPD:20.3|HDG:-1.1|PX:170.1|PY:-40.0...
[PASSIVE-BEACON] SIMNOW:5.539 CID:15 ZONE:1 RXUAV:1 EDGEPORT:9998 TS:5.526 SPD:20.400 HDG:-1.100 PX:171.000 PY:-10.000 LAN:1 BRK:1 RX_X:0.000 RX_Y:0.000 RX_Z:0.000
[ZONE-ROUTE] CID:15 zone=1 edge_port=9998
[EDGE-RTT] CID:15 wall=0.6 ms  sim_delay=10.0 ms
>>> [UAV->CLOUD] BLK:f462|TX:7.0.0.19|CID:15|TS:5.526|SPD:20.4|HDG:-1.1|PX:171.0|PY:-10.0...
[PASSIVE-BEACON] SIMNOW:5.539 CID:16 ZONE:1 RXUAV:1 EDGEPORT:9998 TS:5.526 SPD:19.900 HDG:-1.100 PX:170.100 PY:-20.000 LAN:2 BRK:0 RX_X:0.000 RX_Y:0.000 RX_Z:0.000
[ZONE-ROUTE] CID:16 zone=1 edge_port=9998
[EDGE-RTT] CID:16 wall=1.3 ms  sim_delay=10.0 ms
>>> [UAV->CLOUD] BLK:2299|TX:7.0.0.20|CID:16|TS:5.526|SPD:19.9|HDG:-1.1|PX:170.1|PY:-20.0...
✓ [CAR 18] ACT=OK REP=0.909 RWD=1.000 PNL=0.000 CREDIT=6
✓ [CAR 16] ACT=OK REP=0.897 RWD=1.000 PNL=0.000 CREDIT=7
✓ [CAR 15] ACT=OK REP=0.607 RWD=1.000 PNL=0.000 CREDIT=7
[PASSIVE-BEACON] SIMNOW:5.636 CID:7 ZONE:1 RXUAV:1 EDGEPORT:9998 TS:5.622 SPD:19.600 HDG:-0.800 PX:132.200 PY:-30.000 LAN:3 BRK:0 RX_X:0.000 RX_Y:0.000 RX_Z:0.000
[ZONE-ROUTE] CID:7 zone=1 edge_port=9998
[EDGE-RTT] CID:7 wall=1.5 ms  sim_delay=10.0 ms
>>> [UAV->CLOUD] BLK:57bb|TX:7.0.0.11|CID:7|TS:5.622|SPD:19.6|HDG:-0.8|PX:132.2|PY:-30.0|...
✓ [CAR 7] ACT=OK REP=0.818 RWD=1.000 PNL=0.000 CREDIT=7
[PASSIVE-BEACON] SIMNOW:5.678 CID:14 ZONE:1 RXUAV:1 EDGEPORT:9998 TS:5.664 SPD:19.600 HDG:1.500 PX:153.900 PY:-50.000 LAN:5 BRK:0 RX_X:0.000 RX_Y:0.000 RX_Z:0.000
[ZONE-ROUTE] CID:14 zone=1 edge_port=9998
[EDGE-RTT] CID:14 wall=1.4 ms  sim_delay=10.0 ms
>>> [UAV->CLOUD] BLK:969a|TX:7.0.0.18|CID:14|TS:5.664|SPD:19.6|HDG:1.5|PX:153.9|PY:-50.0|...
[PASSIVE-BEACON] SIMNOW:5.686 CID:6 ZONE:1 RXUAV:1 EDGEPORT:9998 TS:5.672 SPD:20.200 HDG:-1.500 PX:134.000 PY:-20.000 LAN:2 BRK:0 RX_X:0.000 RX_Y:0.000 RX_Z:0.000
[ZONE-ROUTE] CID:6 zone=1 edge_port=9998
[EDGE-RTT] CID:6 wall=1.4 ms  sim_delay=10.0 ms
>>> [UAV->CLOUD] BLK:12bb|TX:7.0.0.10|CID:6|TS:5.672|SPD:20.2|HDG:-1.5|PX:134.0|PY:-20.0|...
✓ [CAR 14] ACT=OK REP=0.790 RWD=1.000 PNL=0.000 CREDIT=7
✓ [CAR 6] ACT=OK REP=1.000 RWD=1.000 PNL=0.000 CREDIT=7
[PASSIVE-BEACON] SIMNOW:5.710 CID:19 ZONE:1 RXUAV:1 EDGEPORT:9998 TS:5.696 SPD:20.100 HDG:1.200 PX:174.200 PY:-50.000 LAN:5 BRK:1 RX_X:0.000 RX_Y:0.000 RX_Z:0.000
[ZONE-ROUTE] CID:19 zone=1 edge_port=9998
[EDGE-RTT] CID:19 wall=1.3 ms  sim_delay=10.0 ms
>>> [UAV->CLOUD] BLK:855d|TX:7.0.0.23|CID:19|TS:5.696|SPD:20.1|HDG:1.2|PX:174.2|PY:-50.0|...
✓ [CAR 19] ACT=OK REP=0.949 RWD=1.000 PNL=0.000 CREDIT=7
[PASSIVE-BEACON] SIMNOW:5.746 CID:9 ZONE:1 RXUAV:1 EDGEPORT:9998 TS:5.732 SPD:20.100 HDG:1.800 PX:134.100 PY:-50.000 LAN:5 BRK:0 RX_X:0.000 RX_Y:0.000 RX_Z:0.000
[ZONE-ROUTE] CID:9 zone=1 edge_port=9998
[EDGE-RTT] CID:9 wall=1.3 ms  sim_delay=10.0 ms
>>> [UAV->CLOUD] BLK:b1f2|TX:7.0.0.13|CID:9|TS:5.732|SPD:20.1|HDG:1.8|PX:134.1|PY:-50.0|L...
[PASSIVE-BEACON] SIMNOW:5.758 CID:13 ZONE:1 RXUAV:1 EDGEPORT:9998 TS:5.744 SPD:19.900 HDG:0.400 PX:154.600 PY:-40.000 LAN:4 BRK:0 RX_X:0.000 RX_Y:0.000 RX_Z:0.000
[ZONE-ROUTE] CID:13 zone=1 edge_port=9998
[EDGE-RTT] CID:13 wall=0.9 ms  sim_delay=10.0 ms
>>> [UAV->CLOUD] BLK:57f5|TX:7.0.0.17|CID:13|TS:5.744|SPD:19.9|HDG:0.4|PX:154.6|PY:-40.0|...
[PASSIVE-BEACON] SIMNOW:5.758 CID:10 ZONE:1 RXUAV:1 EDGEPORT:9998 TS:5.744 SPD:20.400 HDG:0.000 PX:154.900 PY:-10.000 LAN:1 BRK:0 RX_X:0.000 RX_Y:0.000 RX_Z:0.000
[ZONE-ROUTE] CID:10 zone=1 edge_port=9998
[EDGE-RTT] CID:10 wall=1.8 ms  sim_delay=10.0 ms
>>> [UAV->CLOUD] BLK:62dd|TX:7.0.0.14|CID:10|TS:5.744|SPD:20.4|HDG:0.0|PX:154.9|PY:-10.0|...
✓ [CAR 9] ACT=OK REP=0.619 RWD=1.000 PNL=0.000 CREDIT=6
[PASSIVE-BEACON] SIMNOW:5.768 CID:11 ZONE:1 RXUAV:1 EDGEPORT:9998 TS:5.754 SPD:20.100 HDG:-1.800 PX:155.200 PY:-20.000 LAN:2 BRK:0 RX_X:0.000 RX_Y:0.000 RX_Z:0.000
[ZONE-ROUTE] CID:11 zone=1 edge_port=9998
[EDGE-RTT] CID:11 wall=1.3 ms  sim_delay=10.0 ms
>>> [UAV->CLOUD] BLK:a930|TX:7.0.0.15|CID:11|TS:5.754|SPD:20.1|HDG:-1.8|PX:155.2|PY:-20.0...
✓ [CAR 10] ACT=OK REP=1.000 RWD=1.000 PNL=0.000 CREDIT=6
✓ [CAR 13] ACT=OK REP=0.839 RWD=1.000 PNL=0.000 CREDIT=7
[PASSIVE-BEACON] SIMNOW:5.778 CID:12 ZONE:1 RXUAV:1 EDGEPORT:9998 TS:5.764 SPD:20.400 HDG:0.800 PX:155.400 PY:-30.000 LAN:3 BRK:0 RX_X:0.000 RX_Y:0.000 RX_Z:0.000
[ZONE-ROUTE] CID:12 zone=1 edge_port=9998
[EDGE-RTT] CID:12 wall=0.9 ms  sim_delay=10.0 ms
>>> [UAV->CLOUD] BLK:3484|TX:7.0.0.16|CID:12|TS:5.764|SPD:20.4|HDG:0.8|PX:155.4|PY:-30.0|...
✓ [CAR 11] ACT=OK REP=0.784 RWD=1.000 PNL=0.000 CREDIT=6
✓ [CAR 12] ACT=OK REP=0.725 RWD=1.000 PNL=0.000 CREDIT=7
[PASSIVE-BEACON] SIMNOW:5.814 CID:2 ZONE:1 RXUAV:1 EDGEPORT:9998 TS:5.800 SPD:19.800 HDG:-1.800 PX:116.200 PY:-30.000 LAN:3 BRK:0 RX_X:0.000 RX_Y:0.000 RX_Z:0.000
[ZONE-ROUTE] CID:2 zone=1 edge_port=9998
[EDGE-RTT] CID:2 wall=1.2 ms  sim_delay=10.0 ms
>>> [UAV->CLOUD] BLK:2cb4|TX:7.0.0.6|CID:2|TS:5.800|SPD:19.8|HDG:-1.8|PX:116.2|PY:-30.0|L...
✓ [CAR 2] ACT=OK REP=0.915 RWD=1.000 PNL=0.000 CREDIT=6
[PASSIVE-BEACON] SIMNOW:5.855 CID:1 ZONE:1 RXUAV:1 EDGEPORT:9998 TS:5.840 SPD:19.900 HDG:0.800 PX:117.100 PY:-20.000 LAN:2 BRK:0 RX_X:0.000 RX_Y:0.000 RX_Z:0.000
[ZONE-ROUTE] CID:1 zone=1 edge_port=9998
[EDGE-RTT] CID:1 wall=1.4 ms  sim_delay=10.0 ms
>>> [UAV->CLOUD] BLK:bbda|TX:7.0.0.5|CID:1|TS:5.840|SPD:19.9|HDG:0.8|PX:117.1|PY:-20.0|LA...
[PASSIVE-BEACON] SIMNOW:5.864 CID:4 ZONE:1 RXUAV:1 EDGEPORT:9998 TS:5.850 SPD:20.200 HDG:0.600 PX:116.800 PY:-50.000 LAN:5 BRK:0 RX_X:0.000 RX_Y:0.000 RX_Z:0.000
[ZONE-ROUTE] CID:4 zone=1 edge_port=9998
[EDGE-RTT] CID:4 wall=1.3 ms  sim_delay=10.0 ms
>>> [UAV->CLOUD] BLK:25a7|TX:7.0.0.8|CID:4|TS:5.850|SPD:20.2|HDG:0.6|PX:116.8|PY:-50.0|LA...
[PASSIVE-BEACON] SIMNOW:5.864 CID:3 ZONE:1 RXUAV:1 EDGEPORT:9998 TS:5.850 SPD:20.300 HDG:1.400 PX:117.000 PY:-40.000 LAN:4 BRK:0 RX_X:0.000 RX_Y:0.000 RX_Z:0.000
[ZONE-ROUTE] CID:3 zone=1 edge_port=9998
[EDGE-RTT] CID:3 wall=2.3 ms  sim_delay=10.0 ms
>>> [UAV->CLOUD] BLK:760d|TX:7.0.0.7|CID:3|TS:5.850|SPD:20.3|HDG:1.4|PX:117.0|PY:-40.0|LA...
✓ [CAR 1] ACT=OK REP=1.000 RWD=1.000 PNL=0.000 CREDIT=6
✓ [CAR 4] ACT=OK REP=0.830 RWD=1.000 PNL=0.000 CREDIT=7
✓ [CAR 3] ACT=OK REP=0.773 RWD=1.000 PNL=0.000 CREDIT=6
[PASSIVE-BEACON] SIMNOW:5.916 CID:8 ZONE:1 RXUAV:1 EDGEPORT:9998 TS:5.902 SPD:19.900 HDG:-1.600 PX:138.100 PY:-40.000 LAN:4 BRK:0 RX_X:0.000 RX_Y:0.000 RX_Z:0.000
[ZONE-ROUTE] CID:8 zone=1 edge_port=9998
[EDGE-RTT] CID:8 wall=1.5 ms  sim_delay=10.0 ms
>>> [UAV->CLOUD] BLK:62c3|TX:7.0.0.12|CID:8|TS:5.902|SPD:19.9|HDG:-1.6|PX:138.1|PY:-40.0|...
✓ [CAR 8] ACT=OK REP=0.963 RWD=1.000 PNL=0.000 CREDIT=6
[PASSIVE-BEACON] SIMNOW:5.954 CID:0 ZONE:1 RXUAV:1 EDGEPORT:9998 TS:5.940 SPD:20.200 HDG:-0.400 PX:118.100 PY:-10.000 LAN:1 BRK:1 RX_X:0.000 RX_Y:0.000 RX_Z:0.000
[ZONE-ROUTE] CID:0 zone=1 edge_port=9998
[EDGE-RTT] CID:0 wall=1.4 ms  sim_delay=10.0 ms
>>> [UAV->CLOUD] BLK:c11e|TX:7.0.0.4|CID:0|TS:5.940|SPD:20.2|HDG:-0.4|PX:118.1|PY:-10.0|L...
✓ [CAR 0] ACT=OK REP=0.635 RWD=1.000 PNL=0.000 CREDIT=6
[PASSIVE-BEACON] SIMNOW:5.996 CID:5 ZONE:1 RXUAV:1 EDGEPORT:9998 TS:5.982 SPD:19.900 HDG:0.700 PX:139.300 PY:-10.000 LAN:1 BRK:0 RX_X:0.000 RX_Y:0.000 RX_Z:0.000
[ZONE-ROUTE] CID:5 zone=1 edge_port=9998
[EDGE-RTT] CID:5 wall=1.2 ms  sim_delay=10.0 ms
>>> [UAV->CLOUD] BLK:02a9|TX:7.0.0.9|CID:5|TS:5.982|SPD:19.9|HDG:0.7|PX:139.3|PY:-10.0|LA...
[PASSIVE-BEACON] SIMNOW:6.000 CID:17 ZONE:1 RXUAV:1 EDGEPORT:9998 TS:5.986 SPD:19.800 HDG:-0.600 PX:179.800 PY:-30.000 LAN:3 BRK:0 RX_X:0.000 RX_Y:0.000 RX_Z:0.000
[ZONE-ROUTE] CID:17 zone=1 edge_port=9998
[EDGE-RTT] CID:17 wall=1.3 ms  sim_delay=10.0 ms
>>> [UAV->CLOUD] BLK:5c63|TX:7.0.0.21|CID:17|TS:5.986|SPD:19.8|HDG:-0.6|PX:179.8|PY:-30.0...
✓ [CAR 5] ACT=OK REP=0.910 RWD=1.000 PNL=0.000 CREDIT=7
✓ [CAR 17] ACT=OK REP=0.695 RWD=1.000 PNL=0.000 CREDIT=6
[PASSIVE-BEACON] SIMNOW:6.030 CID:18 ZONE:1 RXUAV:1 EDGEPORT:9998 TS:6.016 SPD:20.200 HDG:1.800 PX:181.000 PY:-40.000 LAN:4 BRK:0 RX_X:0.000 RX_Y:0.000 RX_Z:0.000
[ZONE-ROUTE] CID:18 zone=1 edge_port=9998
[EDGE-RTT] CID:18 wall=1.4 ms  sim_delay=10.0 ms
>>> [UAV->CLOUD] BLK:1fba|TX:7.0.0.22|CID:18|TS:6.016|SPD:20.2|HDG:1.8|PX:181.0|PY:-40.0|...
[PASSIVE-BEACON] SIMNOW:6.040 CID:15 ZONE:1 RXUAV:1 EDGEPORT:9998 TS:6.026 SPD:20.000 HDG:1.000 PX:180.800 PY:-10.000 LAN:1 BRK:0 RX_X:0.000 RX_Y:0.000 RX_Z:0.000
[ZONE-ROUTE] CID:15 zone=1 edge_port=9998
[EDGE-RTT] CID:15 wall=1.1 ms  sim_delay=10.0 ms
>>> [UAV->CLOUD] BLK:1194|TX:7.0.0.19|CID:15|TS:6.026|SPD:20.0|HDG:1.0|PX:180.8|PY:-10.0|...
[PASSIVE-BEACON] SIMNOW:6.040 CID:16 ZONE:1 RXUAV:1 EDGEPORT:9998 TS:6.026 SPD:19.700 HDG:0.900 PX:181.200 PY:-20.000 LAN:2 BRK:0 RX_X:0.000 RX_Y:0.000 RX_Z:0.000
[ZONE-ROUTE] CID:16 zone=1 edge_port=9998
[EDGE-RTT] CID:16 wall=1.8 ms  sim_delay=10.0 ms
>>> [UAV->CLOUD] BLK:c70f|TX:7.0.0.20|CID:16|TS:6.026|SPD:19.7|HDG:0.9|PX:181.2|PY:-20.0|...
✓ [CAR 18] ACT=OK REP=0.826 RWD=1.000 PNL=0.000 CREDIT=7
✓ [CAR 16] ACT=OK REP=0.893 RWD=1.000 PNL=0.000 CREDIT=8
✓ [CAR 15] ACT=OK REP=0.865 RWD=1.000 PNL=0.000 CREDIT=8
[PASSIVE-BEACON] SIMNOW:6.136 CID:7 ZONE:1 RXUAV:1 EDGEPORT:9998 TS:6.122 SPD:20.400 HDG:1.700 PX:143.200 PY:-30.000 LAN:3 BRK:0 RX_X:0.000 RX_Y:0.000 RX_Z:0.000
[ZONE-ROUTE] CID:7 zone=1 edge_port=9998
[EDGE-RTT] CID:7 wall=1.4 ms  sim_delay=10.0 ms
>>> [UAV->CLOUD] BLK:d134|TX:7.0.0.11|CID:7|TS:6.122|SPD:20.4|HDG:1.7|PX:143.2|PY:-30.0|L...
✓ [CAR 7] ACT=OK REP=0.897 RWD=1.000 PNL=0.000 CREDIT=8
[PASSIVE-BEACON] SIMNOW:6.179 CID:14 ZONE:1 RXUAV:1 EDGEPORT:9998 TS:6.164 SPD:20.200 HDG:1.700 PX:162.900 PY:-50.000 LAN:5 BRK:0 RX_X:0.000 RX_Y:0.000 RX_Z:0.000
[ZONE-ROUTE] CID:14 zone=1 edge_port=9998
[EDGE-RTT] CID:14 wall=1.5 ms  sim_delay=10.0 ms
>>> [UAV->CLOUD] BLK:576f|TX:7.0.0.18|CID:14|TS:6.164|SPD:20.2|HDG:1.7|PX:162.9|PY:-50.0|...
[PASSIVE-BEACON] SIMNOW:6.186 CID:6 ZONE:1 RXUAV:1 EDGEPORT:9998 TS:6.172 SPD:19.900 HDG:0.100 PX:143.500 PY:-20.000 LAN:2 BRK:0 RX_X:0.000 RX_Y:0.000 RX_Z:0.000
[ZONE-ROUTE] CID:6 zone=1 edge_port=9998
[EDGE-RTT] CID:6 wall=1.4 ms  sim_delay=10.0 ms
>>> [UAV->CLOUD] BLK:9d0a|TX:7.0.0.10|CID:6|TS:6.172|SPD:19.9|HDG:0.1|PX:143.5|PY:-20.0|L...
✓ [CAR 14] ACT=OK REP=0.937 RWD=1.000 PNL=0.000 CREDIT=8
✓ [CAR 6] ACT=OK REP=0.830 RWD=1.000 PNL=0.000 CREDIT=8
[PASSIVE-BEACON] SIMNOW:6.210 CID:19 ZONE:1 RXUAV:1 EDGEPORT:9998 TS:6.196 SPD:19.800 HDG:-0.900 PX:183.200 PY:-50.000 LAN:5 BRK:0 RX_X:0.000 RX_Y:0.000 RX_Z:0.000
[ZONE-ROUTE] CID:19 zone=1 edge_port=9998
[EDGE-RTT] CID:19 wall=1.3 ms  sim_delay=10.0 ms
>>> [UAV->CLOUD] BLK:79e0|TX:7.0.0.23|CID:19|TS:6.196|SPD:19.8|HDG:-0.9|PX:183.2|PY:-50.0...
✓ [CAR 19] ACT=OK REP=1.000 RWD=1.000 PNL=0.000 CREDIT=8
[PASSIVE-BEACON] SIMNOW:6.246 CID:9 ZONE:1 RXUAV:1 EDGEPORT:9998 TS:6.232 SPD:20.200 HDG:-0.400 PX:145.400 PY:-50.000 LAN:5 BRK:0 RX_X:0.000 RX_Y:0.000 RX_Z:0.000
[ZONE-ROUTE] CID:9 zone=1 edge_port=9998
[EDGE-RTT] CID:9 wall=1.4 ms  sim_delay=10.0 ms
>>> [UAV->CLOUD] BLK:0f29|TX:7.0.0.13|CID:9|TS:6.232|SPD:20.2|HDG:-0.4|PX:145.4|PY:-50.0|...
[PASSIVE-BEACON] SIMNOW:6.256 CID:10 ZONE:1 RXUAV:1 EDGEPORT:9998 TS:6.244 SPD:20.200 HDG:1.900 PX:164.300 PY:-10.000 LAN:1 BRK:0 RX_X:0.000 RX_Y:0.000 RX_Z:0.000
[ZONE-ROUTE] CID:10 zone=1 edge_port=9998
[EDGE-RTT] CID:10 wall=0.9 ms  sim_delay=10.0 ms
>>> [UAV->CLOUD] BLK:6a76|TX:7.0.0.14|CID:10|TS:6.244|SPD:20.2|HDG:1.9|PX:164.3|PY:-10.0|...
[PASSIVE-BEACON] SIMNOW:6.257 CID:13 ZONE:1 RXUAV:1 EDGEPORT:9998 TS:6.244 SPD:20.400 HDG:1.400 PX:164.200 PY:-40.000 LAN:4 BRK:1 RX_X:0.000 RX_Y:0.000 RX_Z:0.000
[ZONE-ROUTE] CID:13 zone=1 edge_port=9998
[EDGE-RTT] CID:13 wall=1.3 ms  sim_delay=10.0 ms
>>> [UAV->CLOUD] BLK:1912|TX:7.0.0.17|CID:13|TS:6.244|SPD:20.4|HDG:1.4|PX:164.2|PY:-40.0|...
✓ [CAR 9] ACT=OK REP=0.927 RWD=1.000 PNL=0.000 CREDIT=7
[PASSIVE-BEACON] SIMNOW:6.268 CID:11 ZONE:1 RXUAV:1 EDGEPORT:9998 TS:6.254 SPD:20.000 HDG:0.900 PX:164.800 PY:-20.000 LAN:2 BRK:0 RX_X:0.000 RX_Y:0.000 RX_Z:0.000
[ZONE-ROUTE] CID:11 zone=1 edge_port=9998
[EDGE-RTT] CID:11 wall=1.3 ms  sim_delay=10.0 ms
>>> [UAV->CLOUD] BLK:2443|TX:7.0.0.15|CID:11|TS:6.254|SPD:20.0|HDG:0.9|PX:164.8|PY:-20.0|...
✓ [CAR 10] ACT=OK REP=0.859 RWD=1.000 PNL=0.000 CREDIT=7
✓ [CAR 13] ACT=OK REP=0.832 RWD=1.000 PNL=0.000 CREDIT=8
[PASSIVE-BEACON] SIMNOW:6.278 CID:12 ZONE:1 RXUAV:1 EDGEPORT:9998 TS:6.264 SPD:19.800 HDG:1.400 PX:165.200 PY:-30.000 LAN:3 BRK:1 RX_X:0.000 RX_Y:0.000 RX_Z:0.000
[ZONE-ROUTE] CID:12 zone=1 edge_port=9998
[EDGE-RTT] CID:12 wall=1.2 ms  sim_delay=10.0 ms
>>> [UAV->CLOUD] BLK:e7de|TX:7.0.0.16|CID:12|TS:6.264|SPD:19.8|HDG:1.4|PX:165.2|PY:-30.0|...
✓ [CAR 11] ACT=OK REP=1.000 RWD=1.000 PNL=0.000 CREDIT=7
✓ [CAR 12] ACT=OK REP=0.604 RWD=1.000 PNL=0.000 CREDIT=8
[PASSIVE-BEACON] SIMNOW:6.317 CID:2 ZONE:1 RXUAV:1 EDGEPORT:9998 TS:6.300 SPD:19.500 HDG:-0.900 PX:125.500 PY:-30.000 LAN:3 BRK:0 RX_X:0.000 RX_Y:0.000 RX_Z:0.000
[ZONE-ROUTE] CID:2 zone=1 edge_port=9998
[EDGE-RTT] CID:2 wall=1.2 ms  sim_delay=10.0 ms
>>> [UAV->CLOUD] BLK:a4af|TX:7.0.0.6|CID:2|TS:6.300|SPD:19.5|HDG:-0.9|PX:125.5|PY:-30.0|L...
✓ [CAR 2] ACT=OK REP=0.824 RWD=1.000 PNL=0.000 CREDIT=7
[PASSIVE-BEACON] SIMNOW:6.354 CID:1 ZONE:1 RXUAV:1 EDGEPORT:9998 TS:6.340 SPD:20.200 HDG:-1.200 PX:126.100 PY:-20.000 LAN:2 BRK:0 RX_X:0.000 RX_Y:0.000 RX_Z:0.000
[ZONE-ROUTE] CID:1 zone=1 edge_port=9998
[EDGE-RTT] CID:1 wall=1.3 ms  sim_delay=10.0 ms
>>> [UAV->CLOUD] BLK:0a09|TX:7.0.0.5|CID:1|TS:6.340|SPD:20.2|HDG:-1.2|PX:126.1|PY:-20.0|L...
[PASSIVE-BEACON] SIMNOW:6.364 CID:4 ZONE:1 RXUAV:1 EDGEPORT:9998 TS:6.350 SPD:20.100 HDG:1.100 PX:127.700 PY:-50.000 LAN:5 BRK:0 RX_X:0.000 RX_Y:0.000 RX_Z:0.000
[ZONE-ROUTE] CID:4 zone=1 edge_port=9998
[EDGE-RTT] CID:4 wall=1.4 ms  sim_delay=10.0 ms
>>> [UAV->CLOUD] BLK:3e1c|TX:7.0.0.8|CID:4|TS:6.350|SPD:20.1|HDG:1.1|PX:127.7|PY:-50.0|LA...
[PASSIVE-BEACON] SIMNOW:6.364 CID:3 ZONE:1 RXUAV:1 EDGEPORT:9998 TS:6.350 SPD:19.900 HDG:-1.900 PX:127.100 PY:-40.000 LAN:4 BRK:0 RX_X:0.000 RX_Y:0.000 RX_Z:0.000
[ZONE-ROUTE] CID:3 zone=1 edge_port=9998
[EDGE-RTT] CID:3 wall=2.5 ms  sim_delay=10.0 ms
>>> [UAV->CLOUD] BLK:bee1|TX:7.0.0.7|CID:3|TS:6.350|SPD:19.9|HDG:-1.9|PX:127.1|PY:-40.0|L...
✓ [CAR 1] ACT=OK REP=0.888 RWD=1.000 PNL=0.000 CREDIT=7
✓ [CAR 4] ACT=OK REP=0.759 RWD=1.000 PNL=0.000 CREDIT=8
✓ [CAR 3] ACT=OK REP=0.958 RWD=1.000 PNL=0.000 CREDIT=7
[PASSIVE-BEACON] SIMNOW:6.416 CID:8 ZONE:1 RXUAV:1 EDGEPORT:9998 TS:6.402 SPD:19.800 HDG:-1.800 PX:147.500 PY:-40.000 LAN:4 BRK:0 RX_X:0.000 RX_Y:0.000 RX_Z:0.000
[ZONE-ROUTE] CID:8 zone=1 edge_port=9998
[EDGE-RTT] CID:8 wall=1.3 ms  sim_delay=10.0 ms
>>> [UAV->CLOUD] BLK:0b20|TX:7.0.0.12|CID:8|TS:6.402|SPD:19.8|HDG:-1.8|PX:147.5|PY:-40.0|...
✓ [CAR 8] ACT=OK REP=0.753 RWD=1.000 PNL=0.000 CREDIT=7
[PASSIVE-BEACON] SIMNOW:6.454 CID:0 ZONE:1 RXUAV:1 EDGEPORT:9998 TS:6.440 SPD:19.500 HDG:0.100 PX:129.000 PY:-10.000 LAN:1 BRK:1 RX_X:0.000 RX_Y:0.000 RX_Z:0.000
[ZONE-ROUTE] CID:0 zone=1 edge_port=9998
[EDGE-RTT] CID:0 wall=1.4 ms  sim_delay=10.0 ms
>>> [UAV->CLOUD] BLK:e92e|TX:7.0.0.4|CID:0|TS:6.440|SPD:19.5|HDG:0.1|PX:129.0|PY:-10.0|LA...
✓ [CAR 0] ACT=OK REP=0.697 RWD=1.000 PNL=0.000 CREDIT=7
[PASSIVE-BEACON] SIMNOW:6.496 CID:5 ZONE:1 RXUAV:1 EDGEPORT:9998 TS:6.482 SPD:19.900 HDG:-1.300 PX:149.700 PY:-10.000 LAN:1 BRK:0 RX_X:0.000 RX_Y:0.000 RX_Z:0.000
[ZONE-ROUTE] CID:5 zone=1 edge_port=9998
[EDGE-RTT] CID:5 wall=1.3 ms  sim_delay=10.0 ms
>>> [UAV->CLOUD] BLK:1653|TX:7.0.0.9|CID:5|TS:6.482|SPD:19.9|HDG:-1.3|PX:149.7|PY:-10.0|L...
[PASSIVE-BEACON] SIMNOW:6.500 CID:17 ZONE:1 RXUAV:1 EDGEPORT:9998 TS:6.486 SPD:20.200 HDG:0.300 PX:189.400 PY:-30.000 LAN:3 BRK:0 RX_X:0.000 RX_Y:0.000 RX_Z:0.000
[ZONE-ROUTE] CID:17 zone=1 edge_port=9998
[EDGE-RTT] CID:17 wall=0.9 ms  sim_delay=10.0 ms
>>> [UAV->CLOUD] BLK:bc9f|TX:7.0.0.21|CID:17|TS:6.486|SPD:20.2|HDG:0.3|PX:189.4|PY:-30.0|...
✓ [CAR 5] ACT=OK REP=0.983 RWD=1.000 PNL=0.000 CREDIT=8
✓ [CAR 17] ACT=OK REP=0.731 RWD=1.000 PNL=0.000 CREDIT=7
[PASSIVE-BEACON] SIMNOW:6.530 CID:18 ZONE:1 RXUAV:1 EDGEPORT:9998 TS:6.516 SPD:20.300 HDG:0.400 PX:190.600 PY:-40.000 LAN:4 BRK:0 RX_X:0.000 RX_Y:0.000 RX_Z:0.000
[ZONE-ROUTE] CID:18 zone=1 edge_port=9998
[EDGE-RTT] CID:18 wall=1.3 ms  sim_delay=10.0 ms
>>> [UAV->CLOUD] BLK:4953|TX:7.0.0.22|CID:18|TS:6.516|SPD:20.3|HDG:0.4|PX:190.6|PY:-40.0|...
[PASSIVE-BEACON] SIMNOW:6.540 CID:15 ZONE:1 RXUAV:1 EDGEPORT:9998 TS:6.526 SPD:19.600 HDG:0.400 PX:190.400 PY:-10.000 LAN:1 BRK:1 RX_X:0.000 RX_Y:0.000 RX_Z:0.000
[ZONE-ROUTE] CID:15 zone=1 edge_port=9998
[EDGE-RTT] CID:15 wall=1.1 ms  sim_delay=10.0 ms
>>> [UAV->CLOUD] BLK:7dc7|TX:7.0.0.19|CID:15|TS:6.526|SPD:19.6|HDG:0.4|PX:190.4|PY:-10.0|...
[PASSIVE-BEACON] SIMNOW:6.540 CID:16 ZONE:1 RXUAV:1 EDGEPORT:9998 TS:6.526 SPD:19.600 HDG:-0.300 PX:190.600 PY:-20.000 LAN:2 BRK:0 RX_X:0.000 RX_Y:0.000 RX_Z:0.000
[ZONE-ROUTE] CID:16 zone=1 edge_port=9998
[EDGE-RTT] CID:16 wall=2.4 ms  sim_delay=10.0 ms
>>> [UAV->CLOUD] BLK:b91d|TX:7.0.0.20|CID:16|TS:6.526|SPD:19.6|HDG:-0.3|PX:190.6|PY:-20.0...
✓ [CAR 18] ACT=OK REP=0.916 RWD=1.000 PNL=0.000 CREDIT=8
✓ [CAR 15] ACT=OK REP=0.964 RWD=1.000 PNL=0.000 CREDIT=9
✓ [CAR 16] ACT=OK REP=0.837 RWD=1.000 PNL=0.000 CREDIT=9
[PASSIVE-BEACON] SIMNOW:6.636 CID:7 ZONE:1 RXUAV:1 EDGEPORT:9998 TS:6.622 SPD:19.800 HDG:1.000 PX:153.100 PY:-30.000 LAN:3 BRK:0 RX_X:0.000 RX_Y:0.000 RX_Z:0.000
[ZONE-ROUTE] CID:7 zone=1 edge_port=9998
[EDGE-RTT] CID:7 wall=1.2 ms  sim_delay=10.0 ms
>>> [UAV->CLOUD] BLK:0cc1|TX:7.0.0.11|CID:7|TS:6.622|SPD:19.8|HDG:1.0|PX:153.1|PY:-30.0|L...
✓ [CAR 7] ACT=OK REP=0.718 RWD=1.000 PNL=0.000 CREDIT=9
[PASSIVE-BEACON] SIMNOW:6.678 CID:14 ZONE:1 RXUAV:1 EDGEPORT:9998 TS:6.664 SPD:20.200 HDG:-0.600 PX:173.000 PY:-50.000 LAN:5 BRK:0 RX_X:0.000 RX_Y:0.000 RX_Z:0.000
[ZONE-ROUTE] CID:14 zone=1 edge_port=9998
[EDGE-RTT] CID:14 wall=1.3 ms  sim_delay=10.0 ms
>>> [UAV->CLOUD] BLK:178c|TX:7.0.0.18|CID:14|TS:6.664|SPD:20.2|HDG:-0.6|PX:173.0|PY:-50.0...
[PASSIVE-BEACON] SIMNOW:6.686 CID:6 ZONE:1 RXUAV:1 EDGEPORT:9998 TS:6.672 SPD:20.200 HDG:-1.100 PX:153.600 PY:-20.000 LAN:2 BRK:0 RX_X:0.000 RX_Y:0.000 RX_Z:0.000
[ZONE-ROUTE] CID:6 zone=1 edge_port=9998
[EDGE-RTT] CID:6 wall=0.9 ms  sim_delay=10.0 ms
>>> [UAV->CLOUD] BLK:6b41|TX:7.0.0.10|CID:6|TS:6.672|SPD:20.2|HDG:-1.1|PX:153.6|PY:-20.0|...
✓ [CAR 14] ACT=OK REP=0.990 RWD=1.000 PNL=0.000 CREDIT=9
✓ [CAR 6] ACT=OK REP=0.774 RWD=1.000 PNL=0.000 CREDIT=9
[PASSIVE-BEACON] SIMNOW:6.710 CID:19 ZONE:1 RXUAV:1 EDGEPORT:9998 TS:6.696 SPD:19.900 HDG:-0.100 PX:193.200 PY:-50.000 LAN:5 BRK:0 RX_X:0.000 RX_Y:0.000 RX_Z:0.000
[ZONE-ROUTE] CID:19 zone=1 edge_port=9998
[EDGE-RTT] CID:19 wall=1.5 ms  sim_delay=10.0 ms
>>> [UAV->CLOUD] BLK:53b6|TX:7.0.0.23|CID:19|TS:6.696|SPD:19.9|HDG:-0.1|PX:193.2|PY:-50.0...
✓ [CAR 19] ACT=OK REP=0.998 RWD=1.000 PNL=0.000 CREDIT=9
[PASSIVE-BEACON] SIMNOW:6.746 CID:9 ZONE:1 RXUAV:1 EDGEPORT:9998 TS:6.732 SPD:20.200 HDG:1.400 PX:154.600 PY:-50.000 LAN:5 BRK:0 RX_X:0.000 RX_Y:0.000 RX_Z:0.000
[ZONE-ROUTE] CID:9 zone=1 edge_port=9998
[EDGE-RTT] CID:9 wall=1.5 ms  sim_delay=10.0 ms
>>> [UAV->CLOUD] BLK:67f7|TX:7.0.0.13|CID:9|TS:6.732|SPD:20.2|HDG:1.4|PX:154.6|PY:-50.0|L...
[PASSIVE-BEACON] SIMNOW:6.758 CID:13 ZONE:1 RXUAV:1 EDGEPORT:9998 TS:6.744 SPD:20.400 HDG:-0.200 PX:174.500 PY:-40.000 LAN:4 BRK:0 RX_X:0.000 RX_Y:0.000 RX_Z:0.000
[ZONE-ROUTE] CID:13 zone=1 edge_port=9998
[EDGE-RTT] CID:13 wall=1.6 ms  sim_delay=10.0 ms
>>> [UAV->CLOUD] BLK:8d67|TX:7.0.0.17|CID:13|TS:6.744|SPD:20.4|HDG:-0.2|PX:174.5|PY:-40.0...
[PASSIVE-BEACON] SIMNOW:6.758 CID:10 ZONE:1 RXUAV:1 EDGEPORT:9998 TS:6.744 SPD:20.000 HDG:-1.400 PX:174.900 PY:-10.000 LAN:1 BRK:0 RX_X:0.000 RX_Y:0.000 RX_Z:0.000
[ZONE-ROUTE] CID:10 zone=1 edge_port=9998
[EDGE-RTT] CID:10 wall=2.0 ms  sim_delay=10.0 ms
>>> [UAV->CLOUD] BLK:39ca|TX:7.0.0.14|CID:10|TS:6.744|SPD:20.0|HDG:-1.4|PX:174.9|PY:-10.0...
✓ [CAR 9] ACT=OK REP=0.876 RWD=1.000 PNL=0.000 CREDIT=8
[PASSIVE-BEACON] SIMNOW:6.768 CID:11 ZONE:1 RXUAV:1 EDGEPORT:9998 TS:6.754 SPD:19.800 HDG:-1.000 PX:175.400 PY:-20.000 LAN:2 BRK:0 RX_X:0.000 RX_Y:0.000 RX_Z:0.000
[ZONE-ROUTE] CID:11 zone=1 edge_port=9998
[EDGE-RTT] CID:11 wall=1.0 ms  sim_delay=10.0 ms
>>> [UAV->CLOUD] BLK:f2c1|TX:7.0.0.15|CID:11|TS:6.754|SPD:19.8|HDG:-1.0|PX:175.4|PY:-20.0...
✓ [CAR 13] ACT=OK REP=0.848 RWD=1.000 PNL=0.000 CREDIT=9
✓ [CAR 10] ACT=OK REP=0.748 RWD=1.000 PNL=0.000 CREDIT=8
[PASSIVE-BEACON] SIMNOW:6.778 CID:12 ZONE:1 RXUAV:1 EDGEPORT:9998 TS:6.764 SPD:19.600 HDG:-0.300 PX:174.700 PY:-30.000 LAN:3 BRK:1 RX_X:0.000 RX_Y:0.000 RX_Z:0.000
[ZONE-ROUTE] CID:12 zone=1 edge_port=9998
[EDGE-RTT] CID:12 wall=1.4 ms  sim_delay=10.0 ms
>>> [UAV->CLOUD] BLK:2bf2|TX:7.0.0.16|CID:12|TS:6.764|SPD:19.6|HDG:-0.3|PX:174.7|PY:-30.0...
✓ [CAR 11] ACT=OK REP=0.946 RWD=1.000 PNL=0.000 CREDIT=8
✓ [CAR 12] ACT=OK REP=0.933 RWD=1.000 PNL=0.000 CREDIT=9
[PASSIVE-BEACON] SIMNOW:6.814 CID:2 ZONE:1 RXUAV:1 EDGEPORT:9998 TS:6.800 SPD:20.200 HDG:0.400 PX:135.300 PY:-30.000 LAN:3 BRK:0 RX_X:0.000 RX_Y:0.000 RX_Z:0.000
[ZONE-ROUTE] CID:2 zone=1 edge_port=9998
[EDGE-RTT] CID:2 wall=1.3 ms  sim_delay=10.0 ms
>>> [UAV->CLOUD] BLK:125a|TX:7.0.0.6|CID:2|TS:6.800|SPD:20.2|HDG:0.4|PX:135.3|PY:-30.0|LA...
✓ [CAR 2] ACT=OK REP=0.717 RWD=1.000 PNL=0.000 CREDIT=8
[PASSIVE-BEACON] SIMNOW:6.857 CID:1 ZONE:1 RXUAV:1 EDGEPORT:9998 TS:6.840 SPD:19.900 HDG:-1.800 PX:137.500 PY:-20.000 LAN:2 BRK:1 RX_X:0.000 RX_Y:0.000 RX_Z:0.000
[ZONE-ROUTE] CID:1 zone=1 edge_port=9998
[EDGE-RTT] CID:1 wall=1.1 ms  sim_delay=10.0 ms
>>> [UAV->CLOUD] BLK:3e12|TX:7.0.0.5|CID:1|TS:6.840|SPD:19.9|HDG:-1.8|PX:137.5|PY:-20.0|L...
[PASSIVE-BEACON] SIMNOW:6.864 CID:4 ZONE:1 RXUAV:1 EDGEPORT:9998 TS:6.850 SPD:19.700 HDG:1.000 PX:136.600 PY:-50.000 LAN:5 BRK:0 RX_X:0.000 RX_Y:0.000 RX_Z:0.000
[ZONE-ROUTE] CID:4 zone=1 edge_port=9998
[EDGE-RTT] CID:4 wall=1.0 ms  sim_delay=10.0 ms
>>> [UAV->CLOUD] BLK:8a41|TX:7.0.0.8|CID:4|TS:6.850|SPD:19.7|HDG:1.0|PX:136.6|PY:-50.0|LA...
[PASSIVE-BEACON] SIMNOW:6.864 CID:3 ZONE:1 RXUAV:1 EDGEPORT:9998 TS:6.850 SPD:19.700 HDG:-0.600 PX:136.800 PY:-40.000 LAN:4 BRK:0 RX_X:0.000 RX_Y:0.000 RX_Z:0.000
[ZONE-ROUTE] CID:3 zone=1 edge_port=9998
[EDGE-RTT] CID:3 wall=1.6 ms  sim_delay=10.0 ms
>>> [UAV->CLOUD] BLK:6652|TX:7.0.0.7|CID:3|TS:6.850|SPD:19.7|HDG:-0.6|PX:136.8|PY:-40.0|L...
✓ [CAR 1] ACT=OK REP=1.000 RWD=1.000 PNL=0.000 CREDIT=8
✓ [CAR 3] ACT=OK REP=0.639 RWD=1.000 PNL=0.000 CREDIT=8
✓ [CAR 4] ACT=OK REP=0.758 RWD=1.000 PNL=0.000 CREDIT=9
[PASSIVE-BEACON] SIMNOW:6.916 CID:8 ZONE:1 RXUAV:1 EDGEPORT:9998 TS:6.902 SPD:19.500 HDG:-0.500 PX:157.700 PY:-40.000 LAN:4 BRK:0 RX_X:0.000 RX_Y:0.000 RX_Z:0.000
[ZONE-ROUTE] CID:8 zone=1 edge_port=9998
[EDGE-RTT] CID:8 wall=1.4 ms  sim_delay=10.0 ms
>>> [UAV->CLOUD] BLK:65cb|TX:7.0.0.12|CID:8|TS:6.902|SPD:19.5|HDG:-0.5|PX:157.7|PY:-40.0|...
✓ [CAR 8] ACT=OK REP=0.902 RWD=1.000 PNL=0.000 CREDIT=8
[PASSIVE-BEACON] SIMNOW:6.954 CID:0 ZONE:1 RXUAV:1 EDGEPORT:9998 TS:6.940 SPD:20.400 HDG:-0.600 PX:138.500 PY:-10.000 LAN:1 BRK:0 RX_X:0.000 RX_Y:0.000 RX_Z:0.000
[ZONE-ROUTE] CID:0 zone=1 edge_port=9998
[EDGE-RTT] CID:0 wall=1.2 ms  sim_delay=10.0 ms
>>> [UAV->CLOUD] BLK:082c|TX:7.0.0.4|CID:0|TS:6.940|SPD:20.4|HDG:-0.6|PX:138.5|PY:-10.0|L...
✓ [CAR 0] ACT=OK REP=0.826 RWD=1.000 PNL=0.000 CREDIT=8
[PASSIVE-BEACON] SIMNOW:6.995 CID:5 ZONE:1 RXUAV:1 EDGEPORT:9998 TS:6.982 SPD:19.800 HDG:1.600 PX:159.700 PY:-10.000 LAN:1 BRK:0 RX_X:0.000 RX_Y:0.000 RX_Z:0.000
[ZONE-ROUTE] CID:5 zone=1 edge_port=9998
[EDGE-RTT] CID:5 wall=1.2 ms  sim_delay=10.0 ms
>>> [UAV->CLOUD] BLK:d402|TX:7.0.0.9|CID:5|TS:6.982|SPD:19.8|HDG:1.6|PX:159.7|PY:-10.0|LA...
[PASSIVE-BEACON] SIMNOW:7.000 CID:17 ZONE:1 RXUAV:1 EDGEPORT:9998 TS:6.986 SPD:19.600 HDG:0.600 PX:199.200 PY:-30.000 LAN:3 BRK:1 RX_X:0.000 RX_Y:0.000 RX_Z:0.000
[ZONE-ROUTE] CID:17 zone=1 edge_port=9998
[EDGE-RTT] CID:17 wall=0.8 ms  sim_delay=10.0 ms
>>> [UAV->CLOUD] BLK:30d3|TX:7.0.0.21|CID:17|TS:6.986|SPD:19.6|HDG:0.6|PX:199.2|PY:-30.0|...
✓ [CAR 5] ACT=OK REP=0.703 RWD=1.000 PNL=0.000 CREDIT=9
✓ [CAR 17] ACT=OK REP=0.932 RWD=1.000 PNL=0.000 CREDIT=8
[PASSIVE-BEACON] SIMNOW:7.030 CID:18 ZONE:1 RXUAV:1 EDGEPORT:9998 TS:7.016 SPD:19.600 HDG:-2.000 PX:199.800 PY:-40.000 LAN:4 BRK:0 RX_X:0.000 RX_Y:0.000 RX_Z:0.000
[ZONE-ROUTE] CID:18 zone=1 edge_port=9998
[EDGE-RTT] CID:18 wall=1.1 ms  sim_delay=10.0 ms
>>> [UAV->CLOUD] BLK:8747|TX:7.0.0.22|CID:18|TS:7.016|SPD:19.6|HDG:-2.0|PX:199.8|PY:-40.0...
[PASSIVE-BEACON] SIMNOW:7.040 CID:16 ZONE:1 RXUAV:1 EDGEPORT:9998 TS:7.026 SPD:19.800 HDG:-0.500 PX:200.600 PY:-20.000 LAN:2 BRK:1 RX_X:0.000 RX_Y:0.000 RX_Z:0.000
[ZONE-ROUTE] CID:16 zone=1 edge_port=9998
[EDGE-RTT] CID:16 wall=1.0 ms  sim_delay=10.0 ms
>>> [UAV->CLOUD] BLK:7acf|TX:7.0.0.20|CID:16|TS:7.026|SPD:19.8|HDG:-0.5|PX:200.6|PY:-20.0...
[PASSIVE-BEACON] SIMNOW:7.041 CID:15 ZONE:1 RXUAV:1 EDGEPORT:9998 TS:7.026 SPD:19.600 HDG:1.500 PX:201.200 PY:-10.000 LAN:1 BRK:1 RX_X:0.000 RX_Y:0.000 RX_Z:0.000
[ZONE-ROUTE] CID:15 zone=1 edge_port=9998
[EDGE-RTT] CID:15 wall=0.9 ms  sim_delay=10.0 ms
>>> [UAV->CLOUD] BLK:d808|TX:7.0.0.19|CID:15|TS:7.026|SPD:19.6|HDG:1.5|PX:201.2|PY:-10.0|...
✓ [CAR 18] ACT=OK REP=1.000 RWD=1.000 PNL=0.000 CREDIT=9
✓ [CAR 16] ACT=OK REP=0.893 RWD=1.000 PNL=0.000 CREDIT=10
✓ [CAR 15] ACT=OK REP=1.000 RWD=1.000 PNL=0.000 CREDIT=10
[PASSIVE-BEACON] SIMNOW:7.136 CID:7 ZONE:1 RXUAV:1 EDGEPORT:9998 TS:7.122 SPD:19.600 HDG:-0.700 PX:162.600 PY:-30.000 LAN:3 BRK:0 RX_X:0.000 RX_Y:0.000 RX_Z:0.000
[ZONE-ROUTE] CID:7 zone=1 edge_port=9998
[EDGE-RTT] CID:7 wall=1.0 ms  sim_delay=10.0 ms
>>> [UAV->CLOUD] BLK:2841|TX:7.0.0.11|CID:7|TS:7.122|SPD:19.6|HDG:-0.7|PX:162.6|PY:-30.0|...
✓ [CAR 7] ACT=OK REP=0.892 RWD=1.000 PNL=0.000 CREDIT=10
[PASSIVE-BEACON] SIMNOW:7.179 CID:14 ZONE:1 RXUAV:1 EDGEPORT:9998 TS:7.164 SPD:19.900 HDG:1.000 PX:183.300 PY:-50.000 LAN:5 BRK:0 RX_X:0.000 RX_Y:0.000 RX_Z:0.000
[ZONE-ROUTE] CID:14 zone=1 edge_port=9998
[EDGE-RTT] CID:14 wall=1.1 ms  sim_delay=10.0 ms
>>> [UAV->CLOUD] BLK:dce8|TX:7.0.0.18|CID:14|TS:7.164|SPD:19.9|HDG:1.0|PX:183.3|PY:-50.0|...
[PASSIVE-BEACON] SIMNOW:7.186 CID:6 ZONE:1 RXUAV:1 EDGEPORT:9998 TS:7.172 SPD:19.500 HDG:1.100 PX:163.000 PY:-20.000 LAN:2 BRK:0 RX_X:0.000 RX_Y:0.000 RX_Z:0.000
[ZONE-ROUTE] CID:6 zone=1 edge_port=9998
[EDGE-RTT] CID:6 wall=1.3 ms  sim_delay=10.0 ms
>>> [UAV->CLOUD] BLK:86d9|TX:7.0.0.10|CID:6|TS:7.172|SPD:19.5|HDG:1.1|PX:163.0|PY:-20.0|L...
✓ [CAR 14] ACT=OK REP=0.760 RWD=1.000 PNL=0.000 CREDIT=10
✓ [CAR 6] ACT=OK REP=0.935 RWD=1.000 PNL=0.000 CREDIT=10
[PASSIVE-BEACON] SIMNOW:7.210 CID:19 ZONE:1 RXUAV:1 EDGEPORT:9998 TS:7.196 SPD:20.400 HDG:1.100 PX:204.000 PY:-50.000 LAN:5 BRK:0 RX_X:0.000 RX_Y:0.000 RX_Z:0.000
[ZONE-ROUTE] CID:19 zone=1 edge_port=9998
[EDGE-RTT] CID:19 wall=1.2 ms  sim_delay=10.0 ms
>>> [UAV->CLOUD] BLK:e6b1|TX:7.0.0.23|CID:19|TS:7.196|SPD:20.4|HDG:1.1|PX:204.0|PY:-50.0|...
✓ [CAR 19] ACT=OK REP=0.640 RWD=1.000 PNL=0.000 CREDIT=10
[PASSIVE-BEACON] SIMNOW:7.246 CID:9 ZONE:1 RXUAV:1 EDGEPORT:9998 TS:7.232 SPD:20.400 HDG:0.700 PX:165.200 PY:-50.000 LAN:5 BRK:0 RX_X:0.000 RX_Y:0.000 RX_Z:0.000
[ZONE-ROUTE] CID:9 zone=1 edge_port=9998
[EDGE-RTT] CID:9 wall=1.1 ms  sim_delay=10.0 ms
>>> [UAV->CLOUD] BLK:7002|TX:7.0.0.13|CID:9|TS:7.232|SPD:20.4|HDG:0.7|PX:165.2|PY:-50.0|L...
[PASSIVE-BEACON] SIMNOW:7.258 CID:13 ZONE:1 RXUAV:1 EDGEPORT:9998 TS:7.244 SPD:20.100 HDG:-1.600 PX:184.900 PY:-40.000 LAN:4 BRK:0 RX_X:0.000 RX_Y:0.000 RX_Z:0.000
[ZONE-ROUTE] CID:13 zone=1 edge_port=9998
[EDGE-RTT] CID:13 wall=1.1 ms  sim_delay=10.0 ms
>>> [UAV->CLOUD] BLK:f56d|TX:7.0.0.17|CID:13|TS:7.244|SPD:20.1|HDG:-1.6|PX:184.9|PY:-40.0...
[PASSIVE-BEACON] SIMNOW:7.258 CID:10 ZONE:1 RXUAV:1 EDGEPORT:9998 TS:7.244 SPD:19.600 HDG:1.500 PX:184.900 PY:-10.000 LAN:1 BRK:0 RX_X:0.000 RX_Y:0.000 RX_Z:0.000
[ZONE-ROUTE] CID:10 zone=1 edge_port=9998
[EDGE-RTT] CID:10 wall=2.6 ms  sim_delay=10.0 ms
>>> [UAV->CLOUD] BLK:23cf|TX:7.0.0.14|CID:10|TS:7.244|SPD:19.6|HDG:1.5|PX:184.9|PY:-10.0|...
✓ [CAR 9] ACT=OK REP=1.000 RWD=1.000 PNL=0.000 CREDIT=9
[PASSIVE-BEACON] SIMNOW:7.268 CID:11 ZONE:1 RXUAV:1 EDGEPORT:9998 TS:7.254 SPD:19.600 HDG:-1.500 PX:185.000 PY:-20.000 LAN:2 BRK:1 RX_X:0.000 RX_Y:0.000 RX_Z:0.000
[ZONE-ROUTE] CID:11 zone=1 edge_port=9998
[EDGE-RTT] CID:11 wall=0.9 ms  sim_delay=10.0 ms
>>> [UAV->CLOUD] BLK:b504|TX:7.0.0.15|CID:11|TS:7.254|SPD:19.6|HDG:-1.5|PX:185.0|PY:-20.0...
✓ [CAR 13] ACT=OK REP=0.730 RWD=1.000 PNL=0.000 CREDIT=10
✓ [CAR 10] ACT=OK REP=0.734 RWD=1.000 PNL=0.000 CREDIT=9
[PASSIVE-BEACON] SIMNOW:7.278 CID:12 ZONE:1 RXUAV:1 EDGEPORT:9998 TS:7.264 SPD:19.600 HDG:-0.600 PX:185.500 PY:-30.000 LAN:3 BRK:0 RX_X:0.000 RX_Y:0.000 RX_Z:0.000
[ZONE-ROUTE] CID:12 zone=1 edge_port=9998
[EDGE-RTT] CID:12 wall=1.0 ms  sim_delay=10.0 ms
>>> [UAV->CLOUD] BLK:bd82|TX:7.0.0.16|CID:12|TS:7.264|SPD:19.6|HDG:-0.6|PX:185.5|PY:-30.0...
✓ [CAR 11] ACT=OK REP=0.818 RWD=1.000 PNL=0.000 CREDIT=9
✓ [CAR 12] ACT=OK REP=0.927 RWD=1.000 PNL=0.000 CREDIT=10
[PASSIVE-BEACON] SIMNOW:7.317 CID:2 ZONE:1 RXUAV:1 EDGEPORT:9998 TS:7.300 SPD:19.800 HDG:0.100 PX:145.400 PY:-30.000 LAN:3 BRK:0 RX_X:0.000 RX_Y:0.000 RX_Z:0.000
[ZONE-ROUTE] CID:2 zone=1 edge_port=9998
[EDGE-RTT] CID:2 wall=1.2 ms  sim_delay=10.0 ms
>>> [UAV->CLOUD] BLK:9f41|TX:7.0.0.6|CID:2|TS:7.300|SPD:19.8|HDG:0.1|PX:145.4|PY:-30.0|LA...
✓ [CAR 2] ACT=OK REP=0.912 RWD=1.000 PNL=0.000 CREDIT=9
[PASSIVE-BEACON] SIMNOW:7.359 CID:1 ZONE:1 RXUAV:1 EDGEPORT:9998 TS:7.340 SPD:19.700 HDG:0.100 PX:146.600 PY:-20.000 LAN:2 BRK:0 RX_X:0.000 RX_Y:0.000 RX_Z:0.000
[ZONE-ROUTE] CID:1 zone=1 edge_port=9998
[EDGE-RTT] CID:1 wall=1.3 ms  sim_delay=10.0 ms
>>> [UAV->CLOUD] BLK:b8fd|TX:7.0.0.5|CID:1|TS:7.340|SPD:19.7|HDG:0.1|PX:146.6|PY:-20.0|LA...
[PASSIVE-BEACON] SIMNOW:7.364 CID:4 ZONE:1 RXUAV:1 EDGEPORT:9998 TS:7.350 SPD:20.200 HDG:-0.600 PX:147.400 PY:-50.000 LAN:5 BRK:0 RX_X:0.000 RX_Y:0.000 RX_Z:0.000
[ZONE-ROUTE] CID:4 zone=1 edge_port=9998
[EDGE-RTT] CID:4 wall=0.5 ms  sim_delay=10.0 ms
>>> [UAV->CLOUD] BLK:4a4d|TX:7.0.0.8|CID:4|TS:7.350|SPD:20.2|HDG:-0.6|PX:147.4|PY:-50.0|L...
[PASSIVE-BEACON] SIMNOW:7.364 CID:3 ZONE:1 RXUAV:1 EDGEPORT:9998 TS:7.350 SPD:19.800 HDG:1.300 PX:147.000 PY:-40.000 LAN:4 BRK:0 RX_X:0.000 RX_Y:0.000 RX_Z:0.000
[ZONE-ROUTE] CID:3 zone=1 edge_port=9998
[EDGE-RTT] CID:3 wall=2.0 ms  sim_delay=10.0 ms
>>> [UAV->CLOUD] BLK:5e94|TX:7.0.0.7|CID:3|TS:7.350|SPD:19.8|HDG:1.3|PX:147.0|PY:-40.0|LA...
✓ [CAR 1] ACT=OK REP=0.814 RWD=1.000 PNL=0.000 CREDIT=9
✓ [CAR 4] ACT=OK REP=0.958 RWD=1.000 PNL=0.000 CREDIT=10
✓ [CAR 3] ACT=OK REP=0.543 RWD=1.000 PNL=0.000 CREDIT=9
[PASSIVE-BEACON] SIMNOW:7.416 CID:8 ZONE:1 RXUAV:1 EDGEPORT:9998 TS:7.402 SPD:19.900 HDG:1.800 PX:167.300 PY:-40.000 LAN:4 BRK:1 RX_X:0.000 RX_Y:0.000 RX_Z:0.000
[ZONE-ROUTE] CID:8 zone=1 edge_port=9998
[EDGE-RTT] CID:8 wall=1.0 ms  sim_delay=10.0 ms
>>> [UAV->CLOUD] BLK:aa12|TX:7.0.0.12|CID:8|TS:7.402|SPD:19.9|HDG:1.8|PX:167.3|PY:-40.0|L...
✓ [CAR 8] ACT=OK REP=0.908 RWD=1.000 PNL=0.000 CREDIT=9
[PASSIVE-BEACON] SIMNOW:7.454 CID:0 ZONE:1 RXUAV:1 EDGEPORT:9998 TS:7.440 SPD:19.800 HDG:-0.100 PX:148.400 PY:-10.000 LAN:1 BRK:1 RX_X:0.000 RX_Y:0.000 RX_Z:0.000
[ZONE-ROUTE] CID:0 zone=1 edge_port=9998
[EDGE-RTT] CID:0 wall=1.2 ms  sim_delay=10.0 ms
>>> [UAV->CLOUD] BLK:cae0|TX:7.0.0.4|CID:0|TS:7.440|SPD:19.8|HDG:-0.1|PX:148.4|PY:-10.0|L...
✓ [CAR 0] ACT=OK REP=0.877 RWD=1.000 PNL=0.000 CREDIT=9
[PASSIVE-BEACON] SIMNOW:7.496 CID:5 ZONE:1 RXUAV:1 EDGEPORT:9998 TS:7.482 SPD:19.700 HDG:0.500 PX:169.700 PY:-10.000 LAN:1 BRK:0 RX_X:0.000 RX_Y:0.000 RX_Z:0.000
[ZONE-ROUTE] CID:5 zone=1 edge_port=9998
[EDGE-RTT] CID:5 wall=1.4 ms  sim_delay=10.0 ms
>>> [UAV->CLOUD] BLK:45ae|TX:7.0.0.9|CID:5|TS:7.482|SPD:19.7|HDG:0.5|PX:169.7|PY:-10.0|LA...
[PASSIVE-BEACON] SIMNOW:7.500 CID:17 ZONE:1 RXUAV:1 EDGEPORT:9998 TS:7.486 SPD:20.400 HDG:-0.200 PX:209.900 PY:-30.000 LAN:3 BRK:0 RX_X:0.000 RX_Y:0.000 RX_Z:0.000
[ZONE-ROUTE] CID:17 zone=1 edge_port=9998
[EDGE-RTT] CID:17 wall=1.1 ms  sim_delay=10.0 ms
>>> [UAV->CLOUD] BLK:e0f9|TX:7.0.0.21|CID:17|TS:7.486|SPD:20.4|HDG:-0.2|PX:209.9|PY:-30.0...
✓ [CAR 5] ACT=OK REP=0.863 RWD=1.000 PNL=0.000 CREDIT=10
✓ [CAR 17] ACT=OK REP=0.973 RWD=1.000 PNL=0.000 CREDIT=9
[PASSIVE-BEACON] SIMNOW:7.530 CID:18 ZONE:1 RXUAV:1 EDGEPORT:9998 TS:7.516 SPD:19.800 HDG:0.900 PX:210.700 PY:-40.000 LAN:4 BRK:0 RX_X:0.000 RX_Y:0.000 RX_Z:0.000
[ZONE-ROUTE] CID:18 zone=1 edge_port=9998
[EDGE-RTT] CID:18 wall=1.1 ms  sim_delay=10.0 ms
>>> [UAV->CLOUD] BLK:3457|TX:7.0.0.22|CID:18|TS:7.516|SPD:19.8|HDG:0.9|PX:210.7|PY:-40.0|...
[PASSIVE-BEACON] SIMNOW:7.540 CID:15 ZONE:1 RXUAV:1 EDGEPORT:9998 TS:7.526 SPD:20.100 HDG:-1.900 PX:211.200 PY:-10.000 LAN:1 BRK:1 RX_X:0.000 RX_Y:0.000 RX_Z:0.000
[ZONE-ROUTE] CID:15 zone=1 edge_port=9998
[EDGE-RTT] CID:15 wall=1.1 ms  sim_delay=10.0 ms
>>> [UAV->CLOUD] BLK:dcfe|TX:7.0.0.19|CID:15|TS:7.526|SPD:20.1|HDG:-1.9|PX:211.2|PY:-10.0...
[PASSIVE-BEACON] SIMNOW:7.540 CID:16 ZONE:1 RXUAV:1 EDGEPORT:9998 TS:7.526 SPD:19.700 HDG:0.000 PX:210.700 PY:-20.000 LAN:2 BRK:1 RX_X:0.000 RX_Y:0.000 RX_Z:0.000
[ZONE-ROUTE] CID:16 zone=1 edge_port=9998
[EDGE-RTT] CID:16 wall=3.3 ms  sim_delay=10.0 ms
>>> [UAV->CLOUD] BLK:d9ca|TX:7.0.0.20|CID:16|TS:7.526|SPD:19.7|HDG:0.0|PX:210.7|PY:-20.0|...
✓ [CAR 18] ACT=OK REP=0.674 RWD=1.000 PNL=0.000 CREDIT=10
✓ [CAR 15] ACT=OK REP=0.945 RWD=1.000 PNL=0.000 CREDIT=11
✓ [CAR 16] ACT=OK REP=0.899 RWD=1.000 PNL=0.000 CREDIT=11
[PASSIVE-BEACON] SIMNOW:7.636 CID:7 ZONE:1 RXUAV:1 EDGEPORT:9998 TS:7.622 SPD:20.000 HDG:0.200 PX:171.900 PY:-30.000 LAN:3 BRK:0 RX_X:0.000 RX_Y:0.000 RX_Z:0.000
[ZONE-ROUTE] CID:7 zone=1 edge_port=9998
[EDGE-RTT] CID:7 wall=1.3 ms  sim_delay=10.0 ms
>>> [UAV->CLOUD] BLK:7bba|TX:7.0.0.11|CID:7|TS:7.622|SPD:20.0|HDG:0.2|PX:171.9|PY:-30.0|L...
✓ [CAR 7] ACT=OK REP=0.897 RWD=1.000 PNL=0.000 CREDIT=11
[PASSIVE-BEACON] SIMNOW:7.678 CID:14 ZONE:1 RXUAV:1 EDGEPORT:9998 TS:7.664 SPD:19.900 HDG:-1.400 PX:193.600 PY:-50.000 LAN:5 BRK:0 RX_X:0.000 RX_Y:0.000 RX_Z:0.000
[ZONE-ROUTE] CID:14 zone=1 edge_port=9998
[EDGE-RTT] CID:14 wall=1.4 ms  sim_delay=10.0 ms
>>> [UAV->CLOUD] BLK:cdf8|TX:7.0.0.18|CID:14|TS:7.664|SPD:19.9|HDG:-1.4|PX:193.6|PY:-50.0...
[PASSIVE-BEACON] SIMNOW:7.686 CID:6 ZONE:1 RXUAV:1 EDGEPORT:9998 TS:7.672 SPD:20.200 HDG:-1.300 PX:173.100 PY:-20.000 LAN:2 BRK:0 RX_X:0.000 RX_Y:0.000 RX_Z:0.000
[ZONE-ROUTE] CID:6 zone=1 edge_port=9998
[EDGE-RTT] CID:6 wall=1.0 ms  sim_delay=10.0 ms
>>> [UAV->CLOUD] BLK:4f02|TX:7.0.0.10|CID:6|TS:7.672|SPD:20.2|HDG:-1.3|PX:173.1|PY:-20.0|...
✓ [CAR 14] ACT=OK REP=0.910 RWD=1.000 PNL=0.000 CREDIT=11
✓ [CAR 6] ACT=OK REP=1.000 RWD=1.000 PNL=0.000 CREDIT=11
[PASSIVE-BEACON] SIMNOW:7.710 CID:19 ZONE:1 RXUAV:1 EDGEPORT:9998 TS:7.696 SPD:20.500 HDG:-1.100 PX:213.200 PY:-50.000 LAN:5 BRK:1 RX_X:0.000 RX_Y:0.000 RX_Z:0.000
[ZONE-ROUTE] CID:19 zone=1 edge_port=9998
[EDGE-RTT] CID:19 wall=1.1 ms  sim_delay=10.0 ms
>>> [UAV->CLOUD] BLK:84de|TX:7.0.0.23|CID:19|TS:7.696|SPD:20.5|HDG:-1.1|PX:213.2|PY:-50.0...
✓ [CAR 19] ACT=OK REP=0.557 RWD=1.000 PNL=0.000 CREDIT=11
[PASSIVE-BEACON] SIMNOW:7.746 CID:9 ZONE:1 RXUAV:1 EDGEPORT:9998 TS:7.732 SPD:20.300 HDG:-1.200 PX:174.800 PY:-50.000 LAN:5 BRK:1 RX_X:0.000 RX_Y:0.000 RX_Z:0.000
[ZONE-ROUTE] CID:9 zone=1 edge_port=9998
[EDGE-RTT] CID:9 wall=1.4 ms  sim_delay=10.0 ms
>>> [UAV->CLOUD] BLK:572e|TX:7.0.0.13|CID:9|TS:7.732|SPD:20.3|HDG:-1.2|PX:174.8|PY:-50.0|...
[PASSIVE-BEACON] SIMNOW:7.757 CID:10 ZONE:1 RXUAV:1 EDGEPORT:9998 TS:7.744 SPD:19.900 HDG:0.400 PX:195.000 PY:-10.000 LAN:1 BRK:1 RX_X:0.000 RX_Y:0.000 RX_Z:0.000
[ZONE-ROUTE] CID:10 zone=1 edge_port=9998
[EDGE-RTT] CID:10 wall=1.1 ms  sim_delay=10.0 ms
>>> [UAV->CLOUD] BLK:5be1|TX:7.0.0.14|CID:10|TS:7.744|SPD:19.9|HDG:0.4|PX:195.0|PY:-10.0|...
[PASSIVE-BEACON] SIMNOW:7.757 CID:13 ZONE:1 RXUAV:1 EDGEPORT:9998 TS:7.744 SPD:19.800 HDG:-0.100 PX:194.400 PY:-40.000 LAN:4 BRK:1 RX_X:0.000 RX_Y:0.000 RX_Z:0.000
[ZONE-ROUTE] CID:13 zone=1 edge_port=9998
[EDGE-RTT] CID:13 wall=1.9 ms  sim_delay=10.0 ms
>>> [UAV->CLOUD] BLK:8a76|TX:7.0.0.17|CID:13|TS:7.744|SPD:19.8|HDG:-0.1|PX:194.4|PY:-40.0...
✓ [CAR 9] ACT=OK REP=0.945 RWD=1.000 PNL=0.000 CREDIT=10
[PASSIVE-BEACON] SIMNOW:7.768 CID:11 ZONE:1 RXUAV:1 EDGEPORT:9998 TS:7.754 SPD:19.500 HDG:0.500 PX:195.600 PY:-20.000 LAN:2 BRK:0 RX_X:0.000 RX_Y:0.000 RX_Z:0.000
[ZONE-ROUTE] CID:11 zone=1 edge_port=9998
[EDGE-RTT] CID:11 wall=0.9 ms  sim_delay=10.0 ms
>>> [UAV->CLOUD] BLK:6e09|TX:7.0.0.15|CID:11|TS:7.754|SPD:19.5|HDG:0.5|PX:195.6|PY:-20.0|...
✓ [CAR 10] ACT=OK REP=1.000 RWD=1.000 PNL=0.000 CREDIT=10
✓ [CAR 13] ACT=OK REP=1.000 RWD=1.000 PNL=0.000 CREDIT=11
[PASSIVE-BEACON] SIMNOW:7.778 CID:12 ZONE:1 RXUAV:1 EDGEPORT:9998 TS:7.764 SPD:20.000 HDG:-0.100 PX:194.900 PY:-30.000 LAN:3 BRK:1 RX_X:0.000 RX_Y:0.000 RX_Z:0.000
[ZONE-ROUTE] CID:12 zone=1 edge_port=9998
[EDGE-RTT] CID:12 wall=1.2 ms  sim_delay=10.0 ms
>>> [UAV->CLOUD] BLK:4a3d|TX:7.0.0.16|CID:12|TS:7.764|SPD:20.0|HDG:-0.1|PX:194.9|PY:-30.0...
✓ [CAR 11] ACT=OK REP=0.699 RWD=1.000 PNL=0.000 CREDIT=10
✓ [CAR 12] ACT=OK REP=0.931 RWD=1.000 PNL=0.000 CREDIT=11
[PASSIVE-BEACON] SIMNOW:7.814 CID:2 ZONE:1 RXUAV:1 EDGEPORT:9998 TS:7.800 SPD:19.600 HDG:-1.400 PX:156.700 PY:-30.000 LAN:3 BRK:0 RX_X:0.000 RX_Y:0.000 RX_Z:0.000
[ZONE-ROUTE] CID:2 zone=1 edge_port=9998
[EDGE-RTT] CID:2 wall=1.3 ms  sim_delay=10.0 ms
>>> [UAV->CLOUD] BLK:c109|TX:7.0.0.6|CID:2|TS:7.800|SPD:19.6|HDG:-1.4|PX:156.7|PY:-30.0|L...
✓ [CAR 2] ACT=OK REP=0.874 RWD=1.000 PNL=0.000 CREDIT=10
[PASSIVE-BEACON] SIMNOW:7.854 CID:1 ZONE:1 RXUAV:1 EDGEPORT:9998 TS:7.840 SPD:20.300 HDG:1.900 PX:157.400 PY:-20.000 LAN:2 BRK:0 RX_X:0.000 RX_Y:0.000 RX_Z:0.000
[ZONE-ROUTE] CID:1 zone=1 edge_port=9998
[EDGE-RTT] CID:1 wall=1.2 ms  sim_delay=10.0 ms
>>> [UAV->CLOUD] BLK:f4ef|TX:7.0.0.5|CID:1|TS:7.840|SPD:20.3|HDG:1.9|PX:157.4|PY:-20.0|LA...
[PASSIVE-BEACON] SIMNOW:7.864 CID:4 ZONE:1 RXUAV:1 EDGEPORT:9998 TS:7.850 SPD:20.000 HDG:0.600 PX:156.300 PY:-50.000 LAN:5 BRK:0 RX_X:0.000 RX_Y:0.000 RX_Z:0.000
[ZONE-ROUTE] CID:4 zone=1 edge_port=9998
[EDGE-RTT] CID:4 wall=1.4 ms  sim_delay=10.0 ms
>>> [UAV->CLOUD] BLK:a8c5|TX:7.0.0.8|CID:4|TS:7.850|SPD:20.0|HDG:0.6|PX:156.3|PY:-50.0|LA...
[PASSIVE-BEACON] SIMNOW:7.864 CID:3 ZONE:1 RXUAV:1 EDGEPORT:9998 TS:7.850 SPD:20.300 HDG:-1.400 PX:157.200 PY:-40.000 LAN:4 BRK:0 RX_X:0.000 RX_Y:0.000 RX_Z:0.000
[ZONE-ROUTE] CID:3 zone=1 edge_port=9998
[EDGE-RTT] CID:3 wall=2.6 ms  sim_delay=10.0 ms
>>> [UAV->CLOUD] BLK:c03c|TX:7.0.0.7|CID:3|TS:7.850|SPD:20.3|HDG:-1.4|PX:157.2|PY:-40.0|L...
✓ [CAR 1] ACT=OK REP=0.878 RWD=1.000 PNL=0.000 CREDIT=10
✓ [CAR 4] ACT=OK REP=1.000 RWD=1.000 PNL=0.000 CREDIT=11
✓ [CAR 3] ACT=OK REP=1.000 RWD=1.000 PNL=0.000 CREDIT=10
[PASSIVE-BEACON] SIMNOW:7.914 CID:8 ZONE:1 RXUAV:1 EDGEPORT:9998 TS:7.902 SPD:19.900 HDG:-0.400 PX:178.100 PY:-40.000 LAN:4 BRK:0 RX_X:0.000 RX_Y:0.000 RX_Z:0.000
[ZONE-ROUTE] CID:8 zone=1 edge_port=9998
[EDGE-RTT] CID:8 wall=1.5 ms  sim_delay=10.0 ms
>>> [UAV->CLOUD] BLK:0118|TX:7.0.0.12|CID:8|TS:7.902|SPD:19.9|HDG:-0.4|PX:178.1|PY:-40.0|...
✓ [CAR 8] ACT=OK REP=0.908 RWD=1.000 PNL=0.000 CREDIT=10
[PASSIVE-BEACON] SIMNOW:7.954 CID:0 ZONE:1 RXUAV:1 EDGEPORT:9998 TS:7.940 SPD:20.000 HDG:-0.200 PX:158.700 PY:-10.000 LAN:1 BRK:1 RX_X:0.000 RX_Y:0.000 RX_Z:0.000
[ZONE-ROUTE] CID:0 zone=1 edge_port=9998
[EDGE-RTT] CID:0 wall=1.4 ms  sim_delay=10.0 ms
>>> [UAV->CLOUD] BLK:db07|TX:7.0.0.4|CID:0|TS:7.940|SPD:20.0|HDG:-0.2|PX:158.7|PY:-10.0|L...
✓ [CAR 0] ACT=OK REP=0.743 RWD=1.000 PNL=0.000 CREDIT=10
[PASSIVE-BEACON] SIMNOW:7.996 CID:5 ZONE:1 RXUAV:1 EDGEPORT:9998 TS:7.982 SPD:19.500 HDG:1.100 PX:179.000 PY:-10.000 LAN:1 BRK:0 RX_X:0.000 RX_Y:0.000 RX_Z:0.000
[ZONE-ROUTE] CID:5 zone=1 edge_port=9998
[EDGE-RTT] CID:5 wall=1.4 ms  sim_delay=10.0 ms
>>> [UAV->CLOUD] BLK:29b7|TX:7.0.0.9|CID:5|TS:7.982|SPD:19.5|HDG:1.1|PX:179.0|PY:-10.0|LA...
[PASSIVE-BEACON] SIMNOW:8.000 CID:17 ZONE:1 RXUAV:1 EDGEPORT:9998 TS:7.986 SPD:19.600 HDG:-1.400 PX:219.400 PY:-30.000 LAN:3 BRK:0 RX_X:0.000 RX_Y:0.000 RX_Z:0.000
[ZONE-ROUTE] CID:17 zone=1 edge_port=9998
[EDGE-RTT] CID:17 wall=1.0 ms  sim_delay=10.0 ms
>>> [UAV->CLOUD] BLK:3d55|TX:7.0.0.21|CID:17|TS:7.986|SPD:19.6|HDG:-1.4|PX:219.4|PY:-30.0...
✓ [CAR 5] ACT=OK REP=0.712 RWD=1.000 PNL=0.000 CREDIT=11
✓ [CAR 17] ACT=OK REP=1.000 RWD=1.000 PNL=0.000 CREDIT=10
[PASSIVE-BEACON] SIMNOW:8.030 CID:18 ZONE:1 RXUAV:1 EDGEPORT:9998 TS:8.016 SPD:19.900 HDG:-1.700 PX:219.700 PY:-40.000 LAN:4 BRK:0 RX_X:0.000 RX_Y:0.000 RX_Z:0.000
[ZONE-ROUTE] CID:18 zone=1 edge_port=9998
[EDGE-RTT] CID:18 wall=1.5 ms  sim_delay=10.0 ms
>>> [UAV->CLOUD] BLK:0290|TX:7.0.0.22|CID:18|TS:8.016|SPD:19.9|HDG:-1.7|PX:219.7|PY:-40.0...
[PASSIVE-BEACON] SIMNOW:8.040 CID:15 ZONE:1 RXUAV:1 EDGEPORT:9998 TS:8.026 SPD:20.200 HDG:-0.400 PX:220.400 PY:-10.000 LAN:1 BRK:0 RX_X:0.000 RX_Y:0.000 RX_Z:0.000
[ZONE-ROUTE] CID:15 zone=1 edge_port=9998
[EDGE-RTT] CID:15 wall=1.3 ms  sim_delay=10.0 ms
>>> [UAV->CLOUD] BLK:5a1b|TX:7.0.0.19|CID:15|TS:8.026|SPD:20.2|HDG:-0.4|PX:220.4|PY:-10.0...
[PASSIVE-BEACON] SIMNOW:8.040 CID:16 ZONE:1 RXUAV:1 EDGEPORT:9998 TS:8.026 SPD:19.900 HDG:1.400 PX:221.000 PY:-20.000 LAN:2 BRK:0 RX_X:0.000 RX_Y:0.000 RX_Z:0.000
[ZONE-ROUTE] CID:16 zone=1 edge_port=9998
[EDGE-RTT] CID:16 wall=3.3 ms  sim_delay=10.0 ms
>>> [UAV->CLOUD] BLK:9c05|TX:7.0.0.20|CID:16|TS:8.026|SPD:19.9|HDG:1.4|PX:221.0|PY:-20.0|...
✓ [CAR 18] ACT=OK REP=0.597 RWD=1.000 PNL=0.000 CREDIT=11
✓ [CAR 15] ACT=OK REP=1.000 RWD=1.000 PNL=0.000 CREDIT=12
✓ [CAR 16] ACT=OK REP=0.928 RWD=1.000 PNL=0.000 CREDIT=12
[PASSIVE-BEACON] SIMNOW:8.136 CID:7 ZONE:1 RXUAV:1 EDGEPORT:9998 TS:8.122 SPD:20.500 HDG:1.100 PX:183.000 PY:-30.000 LAN:3 BRK:0 RX_X:0.000 RX_Y:0.000 RX_Z:0.000
[ZONE-ROUTE] CID:7 zone=1 edge_port=9998
[EDGE-RTT] CID:7 wall=1.4 ms  sim_delay=10.0 ms
>>> [UAV->CLOUD] BLK:8e5a|TX:7.0.0.11|CID:7|TS:8.122|SPD:20.5|HDG:1.1|PX:183.0|PY:-30.0|L...
✓ [CAR 7] ACT=OK REP=0.863 RWD=1.000 PNL=0.000 CREDIT=12
[PASSIVE-BEACON] SIMNOW:8.179 CID:14 ZONE:1 RXUAV:1 EDGEPORT:9998 TS:8.164 SPD:20.100 HDG:-0.900 PX:202.900 PY:-50.000 LAN:5 BRK:0 RX_X:0.000 RX_Y:0.000 RX_Z:0.000
[ZONE-ROUTE] CID:14 zone=1 edge_port=9998
[EDGE-RTT] CID:14 wall=1.2 ms  sim_delay=10.0 ms
>>> [UAV->CLOUD] BLK:fd0a|TX:7.0.0.18|CID:14|TS:8.164|SPD:20.1|HDG:-0.9|PX:202.9|PY:-50.0...
[PASSIVE-BEACON] SIMNOW:8.186 CID:6 ZONE:1 RXUAV:1 EDGEPORT:9998 TS:8.172 SPD:19.700 HDG:1.200 PX:183.700 PY:-20.000 LAN:2 BRK:0 RX_X:0.000 RX_Y:0.000 RX_Z:0.000
[ZONE-ROUTE] CID:6 zone=1 edge_port=9998
[EDGE-RTT] CID:6 wall=6.2 ms  sim_delay=10.0 ms
>>> [UAV->CLOUD] BLK:984e|TX:7.0.0.10|CID:6|TS:8.172|SPD:19.7|HDG:1.2|PX:183.7|PY:-20.0|L...
✓ [CAR 14] ACT=OK REP=0.982 RWD=1.000 PNL=0.000 CREDIT=12
✓ [CAR 6] ACT=OK REP=0.912 RWD=1.000 PNL=0.000 CREDIT=12
[PASSIVE-BEACON] SIMNOW:8.210 CID:19 ZONE:1 RXUAV:1 EDGEPORT:9998 TS:8.196 SPD:20.400 HDG:0.300 PX:223.200 PY:-50.000 LAN:5 BRK:0 RX_X:0.000 RX_Y:0.000 RX_Z:0.000
[ZONE-ROUTE] CID:19 zone=1 edge_port=9998
[EDGE-RTT] CID:19 wall=1.3 ms  sim_delay=10.0 ms
>>> [UAV->CLOUD] BLK:64af|TX:7.0.0.23|CID:19|TS:8.196|SPD:20.4|HDG:0.3|PX:223.2|PY:-50.0|...
✓ [CAR 19] ACT=OK REP=0.815 RWD=1.000 PNL=0.000 CREDIT=12
[PASSIVE-BEACON] SIMNOW:8.246 CID:9 ZONE:1 RXUAV:1 EDGEPORT:9998 TS:8.232 SPD:19.700 HDG:-1.100 PX:184.100 PY:-50.000 LAN:5 BRK:1 RX_X:0.000 RX_Y:0.000 RX_Z:0.000
[ZONE-ROUTE] CID:9 zone=1 edge_port=9998
[EDGE-RTT] CID:9 wall=1.2 ms  sim_delay=10.0 ms
>>> [UAV->CLOUD] BLK:4bbc|TX:7.0.0.13|CID:9|TS:8.232|SPD:19.7|HDG:-1.1|PX:184.1|PY:-50.0|...
[PASSIVE-BEACON] SIMNOW:8.258 CID:13 ZONE:1 RXUAV:1 EDGEPORT:9998 TS:8.244 SPD:19.800 HDG:0.200 PX:204.800 PY:-40.000 LAN:4 BRK:0 RX_X:0.000 RX_Y:0.000 RX_Z:0.000
[ZONE-ROUTE] CID:13 zone=1 edge_port=9998
[EDGE-RTT] CID:13 wall=0.9 ms  sim_delay=10.0 ms
>>> [UAV->CLOUD] BLK:f5c2|TX:7.0.0.17|CID:13|TS:8.244|SPD:19.8|HDG:0.2|PX:204.8|PY:-40.0|...
[PASSIVE-BEACON] SIMNOW:8.258 CID:10 ZONE:1 RXUAV:1 EDGEPORT:9998 TS:8.244 SPD:19.700 HDG:-0.600 PX:204.200 PY:-10.000 LAN:1 BRK:0 RX_X:0.000 RX_Y:0.000 RX_Z:0.000
[ZONE-ROUTE] CID:10 zone=1 edge_port=9998
[EDGE-RTT] CID:10 wall=2.0 ms  sim_delay=10.0 ms
>>> [UAV->CLOUD] BLK:2bf7|TX:7.0.0.14|CID:10|TS:8.244|SPD:19.7|HDG:-0.6|PX:204.2|PY:-10.0...
✓ [CAR 9] ACT=OK REP=0.899 RWD=1.000 PNL=0.000 CREDIT=11
[PASSIVE-BEACON] SIMNOW:8.268 CID:11 ZONE:1 RXUAV:1 EDGEPORT:9998 TS:8.254 SPD:20.000 HDG:1.600 PX:204.700 PY:-20.000 LAN:2 BRK:0 RX_X:0.000 RX_Y:0.000 RX_Z:0.000
[ZONE-ROUTE] CID:11 zone=1 edge_port=9998
[EDGE-RTT] CID:11 wall=1.2 ms  sim_delay=10.0 ms
>>> [UAV->CLOUD] BLK:1eac|TX:7.0.0.15|CID:11|TS:8.254|SPD:20.0|HDG:1.6|PX:204.7|PY:-20.0|...
✓ [CAR 10] ACT=OK REP=1.000 RWD=1.000 PNL=0.000 CREDIT=11
✓ [CAR 13] ACT=OK REP=0.711 RWD=1.000 PNL=0.000 CREDIT=12
[PASSIVE-BEACON] SIMNOW:8.278 CID:12 ZONE:1 RXUAV:1 EDGEPORT:9998 TS:8.264 SPD:20.300 HDG:1.300 PX:204.900 PY:-30.000 LAN:3 BRK:1 RX_X:0.000 RX_Y:0.000 RX_Z:0.000
[ZONE-ROUTE] CID:12 zone=1 edge_port=9998
[EDGE-RTT] CID:12 wall=1.1 ms  sim_delay=10.0 ms
>>> [UAV->CLOUD] BLK:5092|TX:7.0.0.16|CID:12|TS:8.264|SPD:20.3|HDG:1.3|PX:204.9|PY:-30.0|...
✓ [CAR 11] ACT=OK REP=1.000 RWD=1.000 PNL=0.000 CREDIT=11
✓ [CAR 12] ACT=OK REP=0.797 RWD=1.000 PNL=0.000 CREDIT=12
[PASSIVE-BEACON] SIMNOW:8.314 CID:2 ZONE:1 RXUAV:1 EDGEPORT:9998 TS:8.300 SPD:20.100 HDG:-1.700 PX:165.900 PY:-30.000 LAN:3 BRK:0 RX_X:0.000 RX_Y:0.000 RX_Z:0.000
[ZONE-ROUTE] CID:2 zone=1 edge_port=9998
[EDGE-RTT] CID:2 wall=1.2 ms  sim_delay=10.0 ms
>>> [UAV->CLOUD] BLK:5733|TX:7.0.0.6|CID:2|TS:8.300|SPD:20.1|HDG:-1.7|PX:165.9|PY:-30.0|L...
✓ [CAR 2] ACT=OK REP=0.824 RWD=1.000 PNL=0.000 CREDIT=11
[PASSIVE-BEACON] SIMNOW:8.354 CID:1 ZONE:1 RXUAV:1 EDGEPORT:9998 TS:8.340 SPD:19.500 HDG:0.400 PX:166.100 PY:-20.000 LAN:2 BRK:0 RX_X:0.000 RX_Y:0.000 RX_Z:0.000
[ZONE-ROUTE] CID:1 zone=1 edge_port=9998
[EDGE-RTT] CID:1 wall=1.0 ms  sim_delay=10.0 ms
>>> [UAV->CLOUD] BLK:c7ca|TX:7.0.0.5|CID:1|TS:8.340|SPD:19.5|HDG:0.4|PX:166.1|PY:-20.0|LA...
[PASSIVE-BEACON] SIMNOW:8.362 CID:4 ZONE:1 RXUAV:1 EDGEPORT:9998 TS:8.350 SPD:20.300 HDG:0.400 PX:167.300 PY:-50.000 LAN:5 BRK:0 RX_X:0.000 RX_Y:0.000 RX_Z:0.000
[ZONE-ROUTE] CID:4 zone=1 edge_port=9998
[EDGE-RTT] CID:4 wall=1.1 ms  sim_delay=10.0 ms
>>> [UAV->CLOUD] BLK:75eb|TX:7.0.0.8|CID:4|TS:8.350|SPD:20.3|HDG:0.4|PX:167.3|PY:-50.0|LA...
[PASSIVE-BEACON] SIMNOW:8.362 CID:3 ZONE:1 RXUAV:1 EDGEPORT:9998 TS:8.350 SPD:20.500 HDG:-0.900 PX:167.500 PY:-40.000 LAN:4 BRK:1 RX_X:0.000 RX_Y:0.000 RX_Z:0.000
[ZONE-ROUTE] CID:3 zone=1 edge_port=9998
[EDGE-RTT] CID:3 wall=2.7 ms  sim_delay=10.0 ms
>>> [UAV->CLOUD] BLK:bd4c|TX:7.0.0.7|CID:3|TS:8.350|SPD:20.5|HDG:-0.9|PX:167.5|PY:-40.0|L...
✓ [CAR 1] ACT=OK REP=0.715 RWD=1.000 PNL=0.000 CREDIT=11
✓ [CAR 4] ACT=OK REP=0.921 RWD=1.000 PNL=0.000 CREDIT=12
✓ [CAR 3] ACT=OK REP=0.633 RWD=1.000 PNL=0.000 CREDIT=11
[PASSIVE-BEACON] SIMNOW:8.416 CID:8 ZONE:1 RXUAV:1 EDGEPORT:9998 TS:8.402 SPD:19.600 HDG:-1.200 PX:188.500 PY:-40.000 LAN:4 BRK:0 RX_X:0.000 RX_Y:0.000 RX_Z:0.000
[ZONE-ROUTE] CID:8 zone=1 edge_port=9998
[EDGE-RTT] CID:8 wall=1.2 ms  sim_delay=10.0 ms
>>> [UAV->CLOUD] BLK:1221|TX:7.0.0.12|CID:8|TS:8.402|SPD:19.6|HDG:-1.2|PX:188.5|PY:-40.0|...
✓ [CAR 8] ACT=OK REP=0.957 RWD=1.000 PNL=0.000 CREDIT=11
[PASSIVE-BEACON] SIMNOW:8.452 CID:0 ZONE:1 RXUAV:1 EDGEPORT:9998 TS:8.440 SPD:20.300 HDG:-1.000 PX:169.000 PY:-10.000 LAN:1 BRK:1 RX_X:0.000 RX_Y:0.000 RX_Z:0.000
[ZONE-ROUTE] CID:0 zone=1 edge_port=9998
[EDGE-RTT] CID:0 wall=1.1 ms  sim_delay=10.0 ms
>>> [UAV->CLOUD] BLK:91af|TX:7.0.0.4|CID:0|TS:8.440|SPD:20.3|HDG:-1.0|PX:169.0|PY:-10.0|L...
✓ [CAR 0] ACT=OK REP=0.792 RWD=1.000 PNL=0.000 CREDIT=11
[PASSIVE-BEACON] SIMNOW:8.496 CID:5 ZONE:1 RXUAV:1 EDGEPORT:9998 TS:8.482 SPD:19.800 HDG:-0.800 PX:189.400 PY:-10.000 LAN:1 BRK:0 RX_X:0.000 RX_Y:0.000 RX_Z:0.000
[ZONE-ROUTE] CID:5 zone=1 edge_port=9998
[EDGE-RTT] CID:5 wall=1.3 ms  sim_delay=10.0 ms
>>> [UAV->CLOUD] BLK:1dd2|TX:7.0.0.9|CID:5|TS:8.482|SPD:19.8|HDG:-0.8|PX:189.4|PY:-10.0|L...
[PASSIVE-BEACON] SIMNOW:8.500 CID:17 ZONE:1 RXUAV:1 EDGEPORT:9998 TS:8.486 SPD:19.700 HDG:0.300 PX:230.300 PY:-30.000 LAN:3 BRK:0 RX_X:0.000 RX_Y:0.000 RX_Z:0.000
[ZONE-ROUTE] CID:17 zone=1 edge_port=9998
[EDGE-RTT] CID:17 wall=0.9 ms  sim_delay=10.0 ms
>>> [UAV->CLOUD] BLK:fc8f|TX:7.0.0.21|CID:17|TS:8.486|SPD:19.7|HDG:0.3|PX:230.3|PY:-30.0|...
✓ [CAR 5] ACT=OK REP=1.000 RWD=1.000 PNL=0.000 CREDIT=12
✓ [CAR 17] ACT=OK REP=0.964 RWD=1.000 PNL=0.000 CREDIT=11
[PASSIVE-BEACON] SIMNOW:8.530 CID:18 ZONE:1 RXUAV:1 EDGEPORT:9998 TS:8.516 SPD:19.600 HDG:-1.300 PX:230.400 PY:-40.000 LAN:4 BRK:0 RX_X:0.000 RX_Y:0.000 RX_Z:0.000
[ZONE-ROUTE] CID:18 zone=1 edge_port=9998
[EDGE-RTT] CID:18 wall=1.5 ms  sim_delay=10.0 ms
>>> [UAV->CLOUD] BLK:ff2e|TX:7.0.0.22|CID:18|TS:8.516|SPD:19.6|HDG:-1.3|PX:230.4|PY:-40.0...
[PASSIVE-BEACON] SIMNOW:8.540 CID:15 ZONE:1 RXUAV:1 EDGEPORT:9998 TS:8.526 SPD:19.900 HDG:1.200 PX:230.100 PY:-10.000 LAN:1 BRK:0 RX_X:0.000 RX_Y:0.000 RX_Z:0.000
[ZONE-ROUTE] CID:15 zone=1 edge_port=9998
[EDGE-RTT] CID:15 wall=1.1 ms  sim_delay=10.0 ms
>>> [UAV->CLOUD] BLK:2283|TX:7.0.0.19|CID:15|TS:8.526|SPD:19.9|HDG:1.2|PX:230.1|PY:-10.0|...
[PASSIVE-BEACON] SIMNOW:8.540 CID:16 ZONE:1 RXUAV:1 EDGEPORT:9998 TS:8.526 SPD:20.300 HDG:-1.200 PX:231.100 PY:-20.000 LAN:2 BRK:0 RX_X:0.000 RX_Y:0.000 RX_Z:0.000
[ZONE-ROUTE] CID:16 zone=1 edge_port=9998
[EDGE-RTT] CID:16 wall=1.8 ms  sim_delay=10.0 ms
>>> [UAV->CLOUD] BLK:fdd2|TX:7.0.0.20|CID:16|TS:8.526|SPD:20.3|HDG:-1.2|PX:231.1|PY:-20.0...
✓ [CAR 18] ACT=OK REP=0.967 RWD=1.000 PNL=0.000 CREDIT=12
✓ [CAR 16] ACT=OK REP=0.811 RWD=1.000 PNL=0.000 CREDIT=13
✓ [CAR 15] ACT=OK REP=0.748 RWD=1.000 PNL=0.000 CREDIT=13
[PASSIVE-BEACON] SIMNOW:8.636 CID:7 ZONE:1 RXUAV:1 EDGEPORT:9998 TS:8.622 SPD:20.100 HDG:-0.500 PX:193.100 PY:-30.000 LAN:3 BRK:0 RX_X:0.000 RX_Y:0.000 RX_Z:0.000
[ZONE-ROUTE] CID:7 zone=1 edge_port=9998
[EDGE-RTT] CID:7 wall=1.4 ms  sim_delay=10.0 ms
>>> [UAV->CLOUD] BLK:52b5|TX:7.0.0.11|CID:7|TS:8.622|SPD:20.1|HDG:-0.5|PX:193.1|PY:-30.0|...
✓ [CAR 7] ACT=OK REP=0.833 RWD=1.000 PNL=0.000 CREDIT=13
[PASSIVE-BEACON] SIMNOW:8.676 CID:14 ZONE:1 RXUAV:1 EDGEPORT:9998 TS:8.664 SPD:19.800 HDG:-0.800 PX:213.900 PY:-50.000 LAN:5 BRK:0 RX_X:0.000 RX_Y:0.000 RX_Z:0.000
[ZONE-ROUTE] CID:14 zone=1 edge_port=9998
[EDGE-RTT] CID:14 wall=1.3 ms  sim_delay=10.0 ms
>>> [UAV->CLOUD] BLK:d197|TX:7.0.0.18|CID:14|TS:8.664|SPD:19.8|HDG:-0.8|PX:213.9|PY:-50.0...
[PASSIVE-BEACON] SIMNOW:8.686 CID:6 ZONE:1 RXUAV:1 EDGEPORT:9998 TS:8.672 SPD:19.600 HDG:-1.600 PX:193.700 PY:-20.000 LAN:2 BRK:0 RX_X:0.000 RX_Y:0.000 RX_Z:0.000
[ZONE-ROUTE] CID:6 zone=1 edge_port=9998
[EDGE-RTT] CID:6 wall=1.2 ms  sim_delay=10.0 ms
>>> [UAV->CLOUD] BLK:7669|TX:7.0.0.10|CID:6|TS:8.672|SPD:19.6|HDG:-1.6|PX:193.7|PY:-20.0|...
✓ [CAR 14] ACT=OK REP=0.768 RWD=1.000 PNL=0.000 CREDIT=13
✓ [CAR 6] ACT=OK REP=0.635 RWD=1.000 PNL=0.000 CREDIT=13
[PASSIVE-BEACON] SIMNOW:8.710 CID:19 ZONE:1 RXUAV:1 EDGEPORT:9998 TS:8.696 SPD:20.100 HDG:-0.800 PX:234.300 PY:-50.000 LAN:5 BRK:0 RX_X:0.000 RX_Y:0.000 RX_Z:0.000
[ZONE-ROUTE] CID:19 zone=1 edge_port=9998
[EDGE-RTT] CID:19 wall=1.2 ms  sim_delay=10.0 ms
>>> [UAV->CLOUD] BLK:d4b3|TX:7.0.0.23|CID:19|TS:8.696|SPD:20.1|HDG:-0.8|PX:234.3|PY:-50.0...
✓ [CAR 19] ACT=OK REP=0.847 RWD=1.000 PNL=0.000 CREDIT=13
[PASSIVE-BEACON] SIMNOW:8.746 CID:9 ZONE:1 RXUAV:1 EDGEPORT:9998 TS:8.732 SPD:20.400 HDG:-1.100 PX:193.900 PY:-50.000 LAN:5 BRK:0 RX_X:0.000 RX_Y:0.000 RX_Z:0.000
[ZONE-ROUTE] CID:9 zone=1 edge_port=9998
[EDGE-RTT] CID:9 wall=1.0 ms  sim_delay=10.0 ms
>>> [UAV->CLOUD] BLK:bca0|TX:7.0.0.13|CID:9|TS:8.732|SPD:20.4|HDG:-1.1|PX:193.9|PY:-50.0|...
[PASSIVE-BEACON] SIMNOW:8.758 CID:13 ZONE:1 RXUAV:1 EDGEPORT:9998 TS:8.744 SPD:20.100 HDG:-1.200 PX:215.200 PY:-40.000 LAN:4 BRK:0 RX_X:0.000 RX_Y:0.000 RX_Z:0.000
[ZONE-ROUTE] CID:13 zone=1 edge_port=9998
[EDGE-RTT] CID:13 wall=1.1 ms  sim_delay=10.0 ms
>>> [UAV->CLOUD] BLK:03b8|TX:7.0.0.17|CID:13|TS:8.744|SPD:20.1|HDG:-1.2|PX:215.2|PY:-40.0...
[PASSIVE-BEACON] SIMNOW:8.758 CID:10 ZONE:1 RXUAV:1 EDGEPORT:9998 TS:8.744 SPD:20.200 HDG:1.900 PX:215.100 PY:-10.000 LAN:1 BRK:1 RX_X:0.000 RX_Y:0.000 RX_Z:0.000
[ZONE-ROUTE] CID:10 zone=1 edge_port=9998
[EDGE-RTT] CID:10 wall=3.3 ms  sim_delay=10.0 ms
>>> [UAV->CLOUD] BLK:f642|TX:7.0.0.14|CID:10|TS:8.744|SPD:20.2|HDG:1.9|PX:215.1|PY:-10.0|...
✓ [CAR 9] ACT=OK REP=0.820 RWD=1.000 PNL=0.000 CREDIT=12
[PASSIVE-BEACON] SIMNOW:8.768 CID:11 ZONE:1 RXUAV:1 EDGEPORT:9998 TS:8.754 SPD:20.400 HDG:-0.900 PX:215.600 PY:-20.000 LAN:2 BRK:0 RX_X:0.000 RX_Y:0.000 RX_Z:0.000
[ZONE-ROUTE] CID:11 zone=1 edge_port=9998
[EDGE-RTT] CID:11 wall=1.2 ms  sim_delay=10.0 ms
>>> [UAV->CLOUD] BLK:0aa7|TX:7.0.0.15|CID:11|TS:8.754|SPD:20.4|HDG:-0.9|PX:215.6|PY:-20.0...
✓ [CAR 13] ACT=OK REP=0.694 RWD=1.000 PNL=0.000 CREDIT=13
✓ [CAR 10] ACT=OK REP=0.909 RWD=1.000 PNL=0.000 CREDIT=12
[PASSIVE-BEACON] SIMNOW:8.778 CID:12 ZONE:1 RXUAV:1 EDGEPORT:9998 TS:8.764 SPD:20.200 HDG:0.500 PX:216.000 PY:-30.000 LAN:3 BRK:0 RX_X:0.000 RX_Y:0.000 RX_Z:0.000
[ZONE-ROUTE] CID:12 zone=1 edge_port=9998
[EDGE-RTT] CID:12 wall=1.1 ms  sim_delay=10.0 ms
>>> [UAV->CLOUD] BLK:a4d4|TX:7.0.0.16|CID:12|TS:8.764|SPD:20.2|HDG:0.5|PX:216.0|PY:-30.0|...
✓ [CAR 11] ACT=OK REP=0.995 RWD=1.000 PNL=0.000 CREDIT=12
✓ [CAR 12] ACT=OK REP=1.000 RWD=1.000 PNL=0.000 CREDIT=13
[PASSIVE-BEACON] SIMNOW:8.812 CID:2 ZONE:1 RXUAV:1 EDGEPORT:9998 TS:8.800 SPD:20.400 HDG:-0.700 PX:175.500 PY:-30.000 LAN:3 BRK:0 RX_X:0.000 RX_Y:0.000 RX_Z:0.000
[ZONE-ROUTE] CID:2 zone=1 edge_port=9998
[EDGE-RTT] CID:2 wall=1.2 ms  sim_delay=10.0 ms
>>> [UAV->CLOUD] BLK:3b80|TX:7.0.0.6|CID:2|TS:8.800|SPD:20.4|HDG:-0.7|PX:175.5|PY:-30.0|L...
✓ [CAR 2] ACT=OK REP=0.718 RWD=1.000 PNL=0.000 CREDIT=12
[PASSIVE-BEACON] SIMNOW:8.857 CID:1 ZONE:1 RXUAV:1 EDGEPORT:9998 TS:8.840 SPD:19.800 HDG:-0.300 PX:176.300 PY:-20.000 LAN:2 BRK:0 RX_X:0.000 RX_Y:0.000 RX_Z:0.000
[ZONE-ROUTE] CID:1 zone=1 edge_port=9998
[EDGE-RTT] CID:1 wall=1.0 ms  sim_delay=10.0 ms
>>> [UAV->CLOUD] BLK:1c5d|TX:7.0.0.5|CID:1|TS:8.840|SPD:19.8|HDG:-0.3|PX:176.3|PY:-20.0|L...
[PASSIVE-BEACON] SIMNOW:8.864 CID:4 ZONE:1 RXUAV:1 EDGEPORT:9998 TS:8.850 SPD:20.400 HDG:-1.400 PX:177.300 PY:-50.000 LAN:5 BRK:1 RX_X:0.000 RX_Y:0.000 RX_Z:0.000
[ZONE-ROUTE] CID:4 zone=1 edge_port=9998
[EDGE-RTT] CID:4 wall=0.9 ms  sim_delay=10.0 ms
>>> [UAV->CLOUD] BLK:8882|TX:7.0.0.8|CID:4|TS:8.850|SPD:20.4|HDG:-1.4|PX:177.3|PY:-50.0|L...
[PASSIVE-BEACON] SIMNOW:8.864 CID:3 ZONE:1 RXUAV:1 EDGEPORT:9998 TS:8.850 SPD:19.800 HDG:1.200 PX:177.100 PY:-40.000 LAN:4 BRK:0 RX_X:0.000 RX_Y:0.000 RX_Z:0.000
[ZONE-ROUTE] CID:3 zone=1 edge_port=9998
[EDGE-RTT] CID:3 wall=2.8 ms  sim_delay=10.0 ms
>>> [UAV->CLOUD] BLK:9b8f|TX:7.0.0.7|CID:3|TS:8.850|SPD:19.8|HDG:1.2|PX:177.1|PY:-40.0|LA...
✓ [CAR 1] ACT=OK REP=0.836 RWD=1.000 PNL=0.000 CREDIT=12
✓ [CAR 4] ACT=OK REP=1.000 RWD=1.000 PNL=0.000 CREDIT=13
✓ [CAR 3] ACT=OK REP=0.828 RWD=1.000 PNL=0.000 CREDIT=12
[PASSIVE-BEACON] SIMNOW:8.916 CID:8 ZONE:1 RXUAV:1 EDGEPORT:9998 TS:8.902 SPD:19.900 HDG:-0.500 PX:197.700 PY:-40.000 LAN:4 BRK:0 RX_X:0.000 RX_Y:0.000 RX_Z:0.000
[ZONE-ROUTE] CID:8 zone=1 edge_port=9998
[EDGE-RTT] CID:8 wall=1.0 ms  sim_delay=10.0 ms
>>> [UAV->CLOUD] BLK:20cc|TX:7.0.0.12|CID:8|TS:8.902|SPD:19.9|HDG:-0.5|PX:197.7|PY:-40.0|...
✓ [CAR 8] ACT=OK REP=0.923 RWD=1.000 PNL=0.000 CREDIT=12
[PASSIVE-BEACON] SIMNOW:8.954 CID:0 ZONE:1 RXUAV:1 EDGEPORT:9998 TS:8.940 SPD:20.400 HDG:-0.100 PX:178.300 PY:-10.000 LAN:1 BRK:0 RX_X:0.000 RX_Y:0.000 RX_Z:0.000
[ZONE-ROUTE] CID:0 zone=1 edge_port=9998
[EDGE-RTT] CID:0 wall=0.8 ms  sim_delay=10.0 ms
>>> [UAV->CLOUD] BLK:0469|TX:7.0.0.4|CID:0|TS:8.940|SPD:20.4|HDG:-0.1|PX:178.3|PY:-10.0|L...
✓ [CAR 0] ACT=OK REP=0.942 RWD=1.000 PNL=0.000 CREDIT=12
[PASSIVE-BEACON] SIMNOW:8.996 CID:5 ZONE:1 RXUAV:1 EDGEPORT:9998 TS:8.982 SPD:19.800 HDG:-1.900 PX:200.000 PY:-10.000 LAN:1 BRK:0 RX_X:0.000 RX_Y:0.000 RX_Z:0.000
[ZONE-ROUTE] CID:5 zone=1 edge_port=9998
[EDGE-RTT] CID:5 wall=1.0 ms  sim_delay=10.0 ms
>>> [UAV->CLOUD] BLK:8042|TX:7.0.0.9|CID:5|TS:8.982|SPD:19.8|HDG:-1.9|PX:200.0|PY:-10.0|L...
[PASSIVE-BEACON] SIMNOW:9.000 CID:17 ZONE:1 RXUAV:1 EDGEPORT:9998 TS:8.986 SPD:20.400 HDG:-1.700 PX:239.100 PY:-30.000 LAN:3 BRK:0 RX_X:0.000 RX_Y:0.000 RX_Z:0.000
[ZONE-ROUTE] CID:17 zone=1 edge_port=9998
[EDGE-RTT] CID:17 wall=1.2 ms  sim_delay=10.0 ms
>>> [UAV->CLOUD] BLK:80be|TX:7.0.0.21|CID:17|TS:8.986|SPD:20.4|HDG:-1.7|PX:239.1|PY:-30.0...
✓ [CAR 5] ACT=OK REP=1.000 RWD=1.000 PNL=0.000 CREDIT=13
✓ [CAR 17] ACT=OK REP=0.946 RWD=1.000 PNL=0.000 CREDIT=12
[PASSIVE-BEACON] SIMNOW:9.030 CID:18 ZONE:1 RXUAV:1 EDGEPORT:9998 TS:9.016 SPD:19.500 HDG:1.700 PX:239.800 PY:-40.000 LAN:4 BRK:0 RX_X:0.000 RX_Y:0.000 RX_Z:0.000
[ZONE-ROUTE] CID:18 zone=1 edge_port=9998
[EDGE-RTT] CID:18 wall=1.1 ms  sim_delay=10.0 ms
>>> [UAV->CLOUD] BLK:c14a|TX:7.0.0.22|CID:18|TS:9.016|SPD:19.5|HDG:1.7|PX:239.8|PY:-40.0|...
[PASSIVE-BEACON] SIMNOW:9.040 CID:15 ZONE:1 RXUAV:1 EDGEPORT:9998 TS:9.026 SPD:20.400 HDG:1.200 PX:240.000 PY:-10.000 LAN:1 BRK:0 RX_X:0.000 RX_Y:0.000 RX_Z:0.000
[ZONE-ROUTE] CID:15 zone=1 edge_port=9998
[EDGE-RTT] CID:15 wall=0.9 ms  sim_delay=10.0 ms
[TRUST-UPGRADE] CID:15 earned LANE_UPGRADE after 15 clean packets → lane 0 + 2.0 m/s
>>> [UAV->CLOUD] BLK:b2fb|TX:7.0.0.19|CID:15|TS:9.026|SPD:20.4|HDG:1.2|PX:240.0|PY:-10.0|...
[PASSIVE-BEACON] SIMNOW:9.040 CID:16 ZONE:1 RXUAV:1 EDGEPORT:9998 TS:9.026 SPD:19.900 HDG:-1.300 PX:240.800 PY:-20.000 LAN:2 BRK:1 RX_X:0.000 RX_Y:0.000 RX_Z:0.000
[ZONE-ROUTE] CID:16 zone=1 edge_port=9998
[EDGE-RTT] CID:16 wall=1.9 ms  sim_delay=10.0 ms
[TRUST-UPGRADE] CID:16 earned LANE_UPGRADE after 15 clean packets → lane 0 + 2.0 m/s
>>> [UAV->CLOUD] BLK:9f75|TX:7.0.0.20|CID:16|TS:9.026|SPD:19.9|HDG:-1.3|PX:240.8|PY:-20.0...
✓ [CAR 18] ACT=OK REP=0.930 RWD=1.000 PNL=0.000 CREDIT=13
[TRUST-APPLIED] CID:15 LANE_UPGRADE → logical reward only; telemetry lane unchanged lane=1 speed unchanged=20.000 m/s [reward-speed disabled to avoid M1 false positive]
✓ [CAR 15] ACT=OK REP=0.500 RWD=1.500 PNL=0.000 CREDIT=15
[TRUST-APPLIED] CID:16 LANE_UPGRADE → logical reward only; telemetry lane unchanged lane=2 speed unchanged=20.000 m/s [reward-speed disabled to avoid M1 false positive]
✓ [CAR 16] ACT=OK REP=0.500 RWD=1.500 PNL=0.000 CREDIT=15
✓ [CAR 15] ACT=OK REP=0.974 RWD=1.000 PNL=0.000 CREDIT=14
✓ [CAR 16] ACT=OK REP=0.886 RWD=1.000 PNL=0.000 CREDIT=14
[PASSIVE-BEACON] SIMNOW:9.136 CID:7 ZONE:1 RXUAV:1 EDGEPORT:9998 TS:9.122 SPD:20.300 HDG:0.100 PX:202.200 PY:-30.000 LAN:3 BRK:1 RX_X:0.000 RX_Y:0.000 RX_Z:0.000
[ZONE-ROUTE] CID:7 zone=1 edge_port=9998
[EDGE-RTT] CID:7 wall=1.1 ms  sim_delay=10.0 ms
[TRUST-UPGRADE] CID:7 earned LANE_UPGRADE after 15 clean packets → lane 0 + 2.0 m/s
>>> [UAV->CLOUD] BLK:f0c4|TX:7.0.0.11|CID:7|TS:9.122|SPD:20.3|HDG:0.1|PX:202.2|PY:-30.0|L...
[TRUST-APPLIED] CID:7 LANE_UPGRADE → logical reward only; telemetry lane unchanged lane=3 speed unchanged=20.0 m/s [reward-speed disabled to avoid M1 false positive]
✓ [CAR 7] ACT=OK REP=0.500 RWD=1.500 PNL=0.000 CREDIT=15
✓ [CAR 7] ACT=OK REP=0.864 RWD=1.000 PNL=0.000 CREDIT=14
[PASSIVE-BEACON] SIMNOW:9.179 CID:14 ZONE:1 RXUAV:1 EDGEPORT:9998 TS:9.164 SPD:20.400 HDG:0.900 PX:223.500 PY:-50.000 LAN:5 BRK:0 RX_X:0.000 RX_Y:0.000 RX_Z:0.000
[ZONE-ROUTE] CID:14 zone=1 edge_port=9998
[EDGE-RTT] CID:14 wall=1.2 ms  sim_delay=10.0 ms
[TRUST-UPGRADE] CID:14 earned LANE_UPGRADE after 15 clean packets → lane 0 + 2.0 m/s
>>> [UAV->CLOUD] BLK:5d39|TX:7.0.0.18|CID:14|TS:9.164|SPD:20.4|HDG:0.9|PX:223.5|PY:-50.0|...
[PASSIVE-BEACON] SIMNOW:9.186 CID:6 ZONE:1 RXUAV:1 EDGEPORT:9998 TS:9.172 SPD:20.300 HDG:1.400 PX:203.600 PY:-20.000 LAN:2 BRK:0 RX_X:0.000 RX_Y:0.000 RX_Z:0.000
[ZONE-ROUTE] CID:6 zone=1 edge_port=9998
[EDGE-RTT] CID:6 wall=1.0 ms  sim_delay=10.0 ms
[TRUST-UPGRADE] CID:6 earned LANE_UPGRADE after 15 clean packets → lane 0 + 2.0 m/s
>>> [UAV->CLOUD] BLK:275d|TX:7.0.0.10|CID:6|TS:9.172|SPD:20.3|HDG:1.4|PX:203.6|PY:-20.0|L...
[TRUST-APPLIED] CID:14 LANE_UPGRADE → logical reward only; telemetry lane unchanged lane=5 speed unchanged=20.0 m/s [reward-speed disabled to avoid M1 false positive]
✓ [CAR 14] ACT=OK REP=0.500 RWD=1.500 PNL=0.000 CREDIT=15
✓ [CAR 14] ACT=OK REP=0.725 RWD=1.000 PNL=0.000 CREDIT=14
[TRUST-APPLIED] CID:6 LANE_UPGRADE → logical reward only; telemetry lane unchanged lane=2 speed unchanged=20.000 m/s [reward-speed disabled to avoid M1 false positive]
✓ [CAR 6] ACT=OK REP=0.500 RWD=1.500 PNL=0.000 CREDIT=15
✓ [CAR 6] ACT=OK REP=1.000 RWD=1.000 PNL=0.000 CREDIT=14
[PASSIVE-BEACON] SIMNOW:9.210 CID:19 ZONE:1 RXUAV:1 EDGEPORT:9998 TS:9.196 SPD:19.900 HDG:0.300 PX:244.600 PY:-50.000 LAN:5 BRK:0 RX_X:0.000 RX_Y:0.000 RX_Z:0.000
[ZONE-ROUTE] CID:19 zone=1 edge_port=9998
[EDGE-RTT] CID:19 wall=0.7 ms  sim_delay=10.0 ms
[TRUST-UPGRADE] CID:19 earned LANE_UPGRADE after 15 clean packets → lane 0 + 2.0 m/s
>>> [UAV->CLOUD] BLK:3721|TX:7.0.0.23|CID:19|TS:9.196|SPD:19.9|HDG:0.3|PX:244.6|PY:-50.0|...
[TRUST-APPLIED] CID:19 LANE_UPGRADE → logical reward only; telemetry lane unchanged lane=5 speed unchanged=20.0 m/s [reward-speed disabled to avoid M1 false positive]
✓ [CAR 19] ACT=OK REP=0.500 RWD=1.500 PNL=0.000 CREDIT=15
✓ [CAR 19] ACT=OK REP=1.000 RWD=1.000 PNL=0.000 CREDIT=14
[PASSIVE-BEACON] SIMNOW:9.246 CID:9 ZONE:1 RXUAV:1 EDGEPORT:9998 TS:9.232 SPD:19.500 HDG:-1.800 PX:205.000 PY:-50.000 LAN:5 BRK:0 RX_X:0.000 RX_Y:0.000 RX_Z:0.000
[ZONE-ROUTE] CID:9 zone=1 edge_port=9998
[EDGE-RTT] CID:9 wall=1.0 ms  sim_delay=10.0 ms
>>> [UAV->CLOUD] BLK:7e39|TX:7.0.0.13|CID:9|TS:9.232|SPD:19.5|HDG:-1.8|PX:205.0|PY:-50.0|...
[PASSIVE-BEACON] SIMNOW:9.258 CID:10 ZONE:1 RXUAV:1 EDGEPORT:9998 TS:9.244 SPD:20.000 HDG:1.700 PX:224.200 PY:-10.000 LAN:1 BRK:0 RX_X:0.000 RX_Y:0.000 RX_Z:0.000
[ZONE-ROUTE] CID:10 zone=1 edge_port=9998
[EDGE-RTT] CID:10 wall=1.2 ms  sim_delay=10.0 ms
>>> [UAV->CLOUD] BLK:af66|TX:7.0.0.14|CID:10|TS:9.244|SPD:20.0|HDG:1.7|PX:224.2|PY:-10.0|...
[PASSIVE-BEACON] SIMNOW:9.258 CID:13 ZONE:1 RXUAV:1 EDGEPORT:9998 TS:9.244 SPD:20.200 HDG:1.800 PX:225.200 PY:-40.000 LAN:4 BRK:0 RX_X:0.000 RX_Y:0.000 RX_Z:0.000
[ZONE-ROUTE] CID:13 zone=1 edge_port=9998
[EDGE-RTT] CID:13 wall=1.9 ms  sim_delay=10.0 ms
[TRUST-UPGRADE] CID:13 earned LANE_UPGRADE after 15 clean packets → lane 0 + 2.0 m/s
>>> [UAV->CLOUD] BLK:7cff|TX:7.0.0.17|CID:13|TS:9.244|SPD:20.2|HDG:1.8|PX:225.2|PY:-40.0|...
✓ [CAR 9] ACT=OK REP=1.000 RWD=1.000 PNL=0.000 CREDIT=13
[PASSIVE-BEACON] SIMNOW:9.268 CID:11 ZONE:1 RXUAV:1 EDGEPORT:9998 TS:9.254 SPD:20.300 HDG:0.300 PX:224.600 PY:-20.000 LAN:2 BRK:0 RX_X:0.000 RX_Y:0.000 RX_Z:0.000
[ZONE-ROUTE] CID:11 zone=1 edge_port=9998
[EDGE-RTT] CID:11 wall=1.0 ms  sim_delay=10.0 ms
>>> [UAV->CLOUD] BLK:e893|TX:7.0.0.15|CID:11|TS:9.254|SPD:20.3|HDG:0.3|PX:224.6|PY:-20.0|...
[TRUST-APPLIED] CID:13 LANE_UPGRADE → logical reward only; telemetry lane unchanged lane=4 speed unchanged=20.0 m/s [reward-speed disabled to avoid M1 false positive]
✓ [CAR 13] ACT=OK REP=0.500 RWD=1.500 PNL=0.000 CREDIT=15
✓ [CAR 10] ACT=OK REP=0.908 RWD=1.000 PNL=0.000 CREDIT=13
✓ [CAR 13] ACT=OK REP=0.788 RWD=1.000 PNL=0.000 CREDIT=14
[PASSIVE-BEACON] SIMNOW:9.278 CID:12 ZONE:1 RXUAV:1 EDGEPORT:9998 TS:9.264 SPD:20.300 HDG:0.500 PX:224.800 PY:-30.000 LAN:3 BRK:0 RX_X:0.000 RX_Y:0.000 RX_Z:0.000
[ZONE-ROUTE] CID:12 zone=1 edge_port=9998
[EDGE-RTT] CID:12 wall=0.8 ms  sim_delay=10.0 ms
[TRUST-UPGRADE] CID:12 earned LANE_UPGRADE after 15 clean packets → lane 0 + 2.0 m/s
>>> [UAV->CLOUD] BLK:a630|TX:7.0.0.16|CID:12|TS:9.264|SPD:20.3|HDG:0.5|PX:224.8|PY:-30.0|...
✓ [CAR 11] ACT=OK REP=0.958 RWD=1.000 PNL=0.000 CREDIT=13
[TRUST-APPLIED] CID:12 LANE_UPGRADE → logical reward only; telemetry lane unchanged lane=3 speed unchanged=20.000 m/s [reward-speed disabled to avoid M1 false positive]
✓ [CAR 12] ACT=OK REP=0.500 RWD=1.500 PNL=0.000 CREDIT=15
✓ [CAR 12] ACT=OK REP=0.931 RWD=1.000 PNL=0.000 CREDIT=14
[PASSIVE-BEACON] SIMNOW:9.317 CID:2 ZONE:1 RXUAV:1 EDGEPORT:9998 TS:9.300 SPD:19.500 HDG:1.800 PX:186.200 PY:-30.000 LAN:3 BRK:0 RX_X:0.000 RX_Y:0.000 RX_Z:0.000
[ZONE-ROUTE] CID:2 zone=1 edge_port=9998
[EDGE-RTT] CID:2 wall=1.0 ms  sim_delay=10.0 ms
>>> [UAV->CLOUD] BLK:2856|TX:7.0.0.6|CID:2|TS:9.300|SPD:19.5|HDG:1.8|PX:186.2|PY:-30.0|LA...
✓ [CAR 2] ACT=OK REP=0.902 RWD=1.000 PNL=0.000 CREDIT=13
[PASSIVE-BEACON] SIMNOW:9.357 CID:1 ZONE:1 RXUAV:1 EDGEPORT:9998 TS:9.340 SPD:19.900 HDG:0.500 PX:187.300 PY:-20.000 LAN:2 BRK:0 RX_X:0.000 RX_Y:0.000 RX_Z:0.000
[ZONE-ROUTE] CID:1 zone=1 edge_port=9998
[EDGE-RTT] CID:1 wall=0.8 ms  sim_delay=10.0 ms
>>> [UAV->CLOUD] BLK:58b3|TX:7.0.0.5|CID:1|TS:9.340|SPD:19.9|HDG:0.5|PX:187.3|PY:-20.0|LA...
[PASSIVE-BEACON] SIMNOW:9.364 CID:4 ZONE:1 RXUAV:1 EDGEPORT:9998 TS:9.350 SPD:19.900 HDG:-0.400 PX:187.200 PY:-50.000 LAN:5 BRK:1 RX_X:0.000 RX_Y:0.000 RX_Z:0.000
[ZONE-ROUTE] CID:4 zone=1 edge_port=9998
[EDGE-RTT] CID:4 wall=0.9 ms  sim_delay=10.0 ms
[TRUST-UPGRADE] CID:4 earned LANE_UPGRADE after 15 clean packets → lane 0 + 2.0 m/s
>>> [UAV->CLOUD] BLK:e9d6|TX:7.0.0.8|CID:4|TS:9.350|SPD:19.9|HDG:-0.4|PX:187.2|PY:-50.0|L...
[PASSIVE-BEACON] SIMNOW:9.364 CID:3 ZONE:1 RXUAV:1 EDGEPORT:9998 TS:9.350 SPD:19.900 HDG:0.700 PX:186.600 PY:-40.000 LAN:4 BRK:1 RX_X:0.000 RX_Y:0.000 RX_Z:0.000
[ZONE-ROUTE] CID:3 zone=1 edge_port=9998
[EDGE-RTT] CID:3 wall=2.1 ms  sim_delay=10.0 ms
>>> [UAV->CLOUD] BLK:36a4|TX:7.0.0.7|CID:3|TS:9.350|SPD:19.9|HDG:0.7|PX:186.6|PY:-40.0|LA...
✓ [CAR 1] ACT=OK REP=0.695 RWD=1.000 PNL=0.000 CREDIT=13
[TRUST-APPLIED] CID:4 LANE_UPGRADE → logical reward only; telemetry lane unchanged lane=5 speed unchanged=20.000 m/s [reward-speed disabled to avoid M1 false positive]
✓ [CAR 4] ACT=OK REP=0.500 RWD=1.500 PNL=0.000 CREDIT=15
✓ [CAR 4] ACT=OK REP=0.947 RWD=1.000 PNL=0.000 CREDIT=14
✓ [CAR 3] ACT=OK REP=0.897 RWD=1.000 PNL=0.000 CREDIT=13
[PASSIVE-BEACON] SIMNOW:9.415 CID:8 ZONE:1 RXUAV:1 EDGEPORT:9998 TS:9.402 SPD:20.500 HDG:0.400 PX:207.800 PY:-40.000 LAN:4 BRK:0 RX_X:0.000 RX_Y:0.000 RX_Z:0.000
[ZONE-ROUTE] CID:8 zone=1 edge_port=9998
[EDGE-RTT] CID:8 wall=1.1 ms  sim_delay=10.0 ms
>>> [UAV->CLOUD] BLK:06ec|TX:7.0.0.12|CID:8|TS:9.402|SPD:20.5|HDG:0.4|PX:207.8|PY:-40.0|L...
✓ [CAR 8] ACT=OK REP=1.000 RWD=1.000 PNL=0.000 CREDIT=13
[PASSIVE-BEACON] SIMNOW:9.454 CID:0 ZONE:1 RXUAV:1 EDGEPORT:9998 TS:9.440 SPD:20.100 HDG:0.200 PX:188.800 PY:-10.000 LAN:1 BRK:0 RX_X:0.000 RX_Y:0.000 RX_Z:0.000
[ZONE-ROUTE] CID:0 zone=1 edge_port=9998
[EDGE-RTT] CID:0 wall=0.9 ms  sim_delay=10.0 ms
>>> [UAV->CLOUD] BLK:7244|TX:7.0.0.4|CID:0|TS:9.440|SPD:20.1|HDG:0.2|PX:188.8|PY:-10.0|LA...
✓ [CAR 0] ACT=OK REP=1.000 RWD=1.000 PNL=0.000 CREDIT=13
[PASSIVE-BEACON] SIMNOW:9.496 CID:5 ZONE:1 RXUAV:1 EDGEPORT:9998 TS:9.482 SPD:19.900 HDG:-1.000 PX:209.400 PY:-10.000 LAN:1 BRK:1 RX_X:0.000 RX_Y:0.000 RX_Z:0.000
[ZONE-ROUTE] CID:5 zone=1 edge_port=9998
[EDGE-RTT] CID:5 wall=0.8 ms  sim_delay=10.0 ms
[TRUST-UPGRADE] CID:5 earned LANE_UPGRADE after 15 clean packets → lane 0 + 2.0 m/s
>>> [UAV->CLOUD] BLK:2821|TX:7.0.0.9|CID:5|TS:9.482|SPD:19.9|HDG:-1.0|PX:209.4|PY:-10.0|L...
[PASSIVE-BEACON] SIMNOW:9.500 CID:17 ZONE:1 RXUAV:1 EDGEPORT:9998 TS:9.486 SPD:19.900 HDG:1.300 PX:249.500 PY:-30.000 LAN:3 BRK:0 RX_X:0.000 RX_Y:0.000 RX_Z:0.000
[ZONE-ROUTE] CID:17 zone=1 edge_port=9998
[EDGE-RTT] CID:17 wall=1.1 ms  sim_delay=10.0 ms
>>> [UAV->CLOUD] BLK:a29b|TX:7.0.0.21|CID:17|TS:9.486|SPD:19.9|HDG:1.3|PX:249.5|PY:-30.0|...
[TRUST-APPLIED] CID:5 LANE_UPGRADE → logical reward only; telemetry lane unchanged lane=1 speed unchanged=20.0 m/s [reward-speed disabled to avoid M1 false positive]
✓ [CAR 5] ACT=OK REP=0.500 RWD=1.500 PNL=0.000 CREDIT=15
✓ [CAR 5] ACT=OK REP=0.925 RWD=1.000 PNL=0.000 CREDIT=14
✓ [CAR 17] ACT=OK REP=1.000 RWD=1.000 PNL=0.000 CREDIT=13
[PASSIVE-BEACON] SIMNOW:9.530 CID:18 ZONE:1 RXUAV:1 EDGEPORT:9998 TS:9.516 SPD:20.400 HDG:-0.200 PX:249.700 PY:-40.000 LAN:4 BRK:0 RX_X:0.000 RX_Y:0.000 RX_Z:0.000
[ZONE-ROUTE] CID:18 zone=1 edge_port=9998
[EDGE-RTT] CID:18 wall=1.1 ms  sim_delay=10.0 ms
[TRUST-UPGRADE] CID:18 earned LANE_UPGRADE after 15 clean packets → lane 0 + 2.0 m/s
>>> [UAV->CLOUD] BLK:7f4c|TX:7.0.0.22|CID:18|TS:9.516|SPD:20.4|HDG:-0.2|PX:249.7|PY:-40.0...
[PASSIVE-BEACON] SIMNOW:9.540 CID:15 ZONE:1 RXUAV:1 EDGEPORT:9998 TS:9.526 SPD:19.900 HDG:-1.600 PX:250.000 PY:-10.000 LAN:1 BRK:1 RX_X:0.000 RX_Y:0.000 RX_Z:0.000
[ZONE-ROUTE] CID:15 zone=1 edge_port=9998
[EDGE-RTT] CID:15 wall=0.8 ms  sim_delay=10.0 ms
>>> [UAV->CLOUD] BLK:07e5|TX:7.0.0.19|CID:15|TS:9.526|SPD:19.9|HDG:-1.6|PX:250.0|PY:-10.0...
[PASSIVE-BEACON] SIMNOW:9.540 CID:16 ZONE:1 RXUAV:1 EDGEPORT:9998 TS:9.526 SPD:20.100 HDG:-0.700 PX:250.500 PY:-20.000 LAN:2 BRK:0 RX_X:0.000 RX_Y:0.000 RX_Z:0.000
[ZONE-ROUTE] CID:16 zone=1 edge_port=9998
[EDGE-RTT] CID:16 wall=3.1 ms  sim_delay=10.0 ms
>>> [UAV->CLOUD] BLK:52d9|TX:7.0.0.20|CID:16|TS:9.526|SPD:20.1|HDG:-0.7|PX:250.5|PY:-20.0...
[TRUST-APPLIED] CID:18 LANE_UPGRADE → logical reward only; telemetry lane unchanged lane=4 speed unchanged=20.0 m/s [reward-speed disabled to avoid M1 false positive]
✓ [CAR 18] ACT=OK REP=0.500 RWD=1.500 PNL=0.000 CREDIT=15
✓ [CAR 18] ACT=OK REP=0.740 RWD=1.000 PNL=0.000 CREDIT=14
✓ [CAR 15] ACT=OK REP=0.936 RWD=1.000 PNL=0.000 CREDIT=15
✓ [CAR 16] ACT=OK REP=0.957 RWD=1.000 PNL=0.000 CREDIT=15
[PASSIVE-BEACON] SIMNOW:9.636 CID:7 ZONE:1 RXUAV:1 EDGEPORT:9998 TS:9.622 SPD:20.300 HDG:0.300 PX:213.000 PY:-30.000 LAN:3 BRK:0 RX_X:0.000 RX_Y:0.000 RX_Z:0.000
[ZONE-ROUTE] CID:7 zone=1 edge_port=9998
[EDGE-RTT] CID:7 wall=1.1 ms  sim_delay=10.0 ms
>>> [UAV->CLOUD] BLK:75c8|TX:7.0.0.11|CID:7|TS:9.622|SPD:20.3|HDG:0.3|PX:213.0|PY:-30.0|L...
✓ [CAR 7] ACT=OK REP=0.883 RWD=1.000 PNL=0.000 CREDIT=15
[PASSIVE-BEACON] SIMNOW:9.678 CID:14 ZONE:1 RXUAV:1 EDGEPORT:9998 TS:9.664 SPD:20.300 HDG:-1.200 PX:233.600 PY:-50.000 LAN:5 BRK:0 RX_X:0.000 RX_Y:0.000 RX_Z:0.000
[ZONE-ROUTE] CID:14 zone=1 edge_port=9998
[EDGE-RTT] CID:14 wall=1.1 ms  sim_delay=10.0 ms
>>> [UAV->CLOUD] BLK:fde3|TX:7.0.0.18|CID:14|TS:9.664|SPD:20.3|HDG:-1.2|PX:233.6|PY:-50.0...
[PASSIVE-BEACON] SIMNOW:9.684 CID:6 ZONE:1 RXUAV:1 EDGEPORT:9998 TS:9.672 SPD:20.400 HDG:1.400 PX:213.700 PY:-20.000 LAN:2 BRK:1 RX_X:0.000 RX_Y:0.000 RX_Z:0.000
[ZONE-ROUTE] CID:6 zone=1 edge_port=9998
[EDGE-RTT] CID:6 wall=0.7 ms  sim_delay=10.0 ms
>>> [UAV->CLOUD] BLK:a65f|TX:7.0.0.10|CID:6|TS:9.672|SPD:20.4|HDG:1.4|PX:213.7|PY:-20.0|L...
✓ [CAR 14] ACT=OK REP=0.869 RWD=1.000 PNL=0.000 CREDIT=15
✓ [CAR 6] ACT=OK REP=1.000 RWD=1.000 PNL=0.000 CREDIT=15
[PASSIVE-BEACON] SIMNOW:9.710 CID:19 ZONE:1 RXUAV:1 EDGEPORT:9998 TS:9.696 SPD:19.800 HDG:1.300 PX:253.700 PY:-50.000 LAN:5 BRK:0 RX_X:0.000 RX_Y:0.000 RX_Z:0.000
[ZONE-ROUTE] CID:19 zone=1 edge_port=9998
[EDGE-RTT] CID:19 wall=1.0 ms  sim_delay=10.0 ms
>>> [UAV->CLOUD] BLK:d433|TX:7.0.0.23|CID:19|TS:9.696|SPD:19.8|HDG:1.3|PX:253.7|PY:-50.0|...
✓ [CAR 19] ACT=OK REP=1.000 RWD=1.000 PNL=0.000 CREDIT=15
[PASSIVE-BEACON] SIMNOW:9.746 CID:9 ZONE:1 RXUAV:1 EDGEPORT:9998 TS:9.732 SPD:20.300 HDG:1.100 PX:215.400 PY:-50.000 LAN:5 BRK:0 RX_X:0.000 RX_Y:0.000 RX_Z:0.000
[ZONE-ROUTE] CID:9 zone=1 edge_port=9998
[EDGE-RTT] CID:9 wall=1.1 ms  sim_delay=10.0 ms
[TRUST-UPGRADE] CID:9 earned LANE_UPGRADE after 15 clean packets → lane 0 + 2.0 m/s
>>> [UAV->CLOUD] BLK:e119|TX:7.0.0.13|CID:9|TS:9.732|SPD:20.3|HDG:1.1|PX:215.4|PY:-50.0|L...
[PASSIVE-BEACON] SIMNOW:9.758 CID:13 ZONE:1 RXUAV:1 EDGEPORT:9998 TS:9.744 SPD:20.100 HDG:-0.300 PX:234.200 PY:-40.000 LAN:4 BRK:0 RX_X:0.000 RX_Y:0.000 RX_Z:0.000
[ZONE-ROUTE] CID:13 zone=1 edge_port=9998
[EDGE-RTT] CID:13 wall=0.8 ms  sim_delay=10.0 ms
>>> [UAV->CLOUD] BLK:a51d|TX:7.0.0.17|CID:13|TS:9.744|SPD:20.1|HDG:-0.3|PX:234.2|PY:-40.0...
[PASSIVE-BEACON] SIMNOW:9.758 CID:10 ZONE:1 RXUAV:1 EDGEPORT:9998 TS:9.744 SPD:20.200 HDG:1.100 PX:235.400 PY:-10.000 LAN:1 BRK:0 RX_X:0.000 RX_Y:0.000 RX_Z:0.000
[ZONE-ROUTE] CID:10 zone=1 edge_port=9998
[EDGE-RTT] CID:10 wall=2.1 ms  sim_delay=10.0 ms
[TRUST-UPGRADE] CID:10 earned LANE_UPGRADE after 15 clean packets → lane 0 + 2.0 m/s
>>> [UAV->CLOUD] BLK:8ba5|TX:7.0.0.14|CID:10|TS:9.744|SPD:20.2|HDG:1.1|PX:235.4|PY:-10.0|...
[TRUST-APPLIED] CID:9 LANE_UPGRADE → logical reward only; telemetry lane unchanged lane=5 speed unchanged=20.0 m/s [reward-speed disabled to avoid M1 false positive]
✓ [CAR 9] ACT=OK REP=0.500 RWD=1.500 PNL=0.000 CREDIT=15
✓ [CAR 9] ACT=OK REP=0.924 RWD=1.000 PNL=0.000 CREDIT=14
[PASSIVE-BEACON] SIMNOW:9.768 CID:11 ZONE:1 RXUAV:1 EDGEPORT:9998 TS:9.754 SPD:20.200 HDG:-1.400 PX:234.500 PY:-20.000 LAN:2 BRK:0 RX_X:0.000 RX_Y:0.000 RX_Z:0.000
[ZONE-ROUTE] CID:11 zone=1 edge_port=9998
[EDGE-RTT] CID:11 wall=1.2 ms  sim_delay=10.0 ms
[TRUST-UPGRADE] CID:11 earned LANE_UPGRADE after 15 clean packets → lane 0 + 2.0 m/s
>>> [UAV->CLOUD] BLK:33ec|TX:7.0.0.15|CID:11|TS:9.754|SPD:20.2|HDG:-1.4|PX:234.5|PY:-20.0...
[TRUST-APPLIED] CID:10 LANE_UPGRADE → logical reward only; telemetry lane unchanged lane=1 speed unchanged=20.0 m/s [reward-speed disabled to avoid M1 false positive]
✓ [CAR 10] ACT=OK REP=0.500 RWD=1.500 PNL=0.000 CREDIT=15
✓ [CAR 13] ACT=OK REP=0.615 RWD=1.000 PNL=0.000 CREDIT=15
✓ [CAR 10] ACT=OK REP=0.859 RWD=1.000 PNL=0.000 CREDIT=14
[PASSIVE-BEACON] SIMNOW:9.778 CID:12 ZONE:1 RXUAV:1 EDGEPORT:9998 TS:9.764 SPD:20.200 HDG:2.000 PX:235.300 PY:-30.000 LAN:3 BRK:0 RX_X:0.000 RX_Y:0.000 RX_Z:0.000
[ZONE-ROUTE] CID:12 zone=1 edge_port=9998
[EDGE-RTT] CID:12 wall=0.7 ms  sim_delay=10.0 ms
>>> [UAV->CLOUD] BLK:21d3|TX:7.0.0.16|CID:12|TS:9.764|SPD:20.2|HDG:2.0|PX:235.3|PY:-30.0|...
[TRUST-APPLIED] CID:11 LANE_UPGRADE → logical reward only; telemetry lane unchanged lane=2 speed unchanged=20.0 m/s [reward-speed disabled to avoid M1 false positive]
✓ [CAR 11] ACT=OK REP=0.500 RWD=1.500 PNL=0.000 CREDIT=15
✓ [CAR 11] ACT=OK REP=0.962 RWD=1.000 PNL=0.000 CREDIT=14
✓ [CAR 12] ACT=OK REP=0.847 RWD=1.000 PNL=0.000 CREDIT=15
[PASSIVE-BEACON] SIMNOW:9.817 CID:2 ZONE:1 RXUAV:1 EDGEPORT:9998 TS:9.800 SPD:20.000 HDG:0.800 PX:195.300 PY:-30.000 LAN:3 BRK:0 RX_X:0.000 RX_Y:0.000 RX_Z:0.000
[ZONE-ROUTE] CID:2 zone=1 edge_port=9998
[EDGE-RTT] CID:2 wall=0.9 ms  sim_delay=10.0 ms
[TRUST-UPGRADE] CID:2 earned LANE_UPGRADE after 15 clean packets → lane 0 + 2.0 m/s
>>> [UAV->CLOUD] BLK:179b|TX:7.0.0.6|CID:2|TS:9.800|SPD:20.0|HDG:0.8|PX:195.3|PY:-30.0|LA...
[TRUST-APPLIED] CID:2 LANE_UPGRADE → logical reward only; telemetry lane unchanged lane=3 speed unchanged=20.0 m/s [reward-speed disabled to avoid M1 false positive]
✓ [CAR 2] ACT=OK REP=0.500 RWD=1.500 PNL=0.000 CREDIT=15
✓ [CAR 2] ACT=OK REP=0.946 RWD=1.000 PNL=0.000 CREDIT=14
[PASSIVE-BEACON] SIMNOW:9.857 CID:1 ZONE:1 RXUAV:1 EDGEPORT:9998 TS:9.840 SPD:19.500 HDG:0.100 PX:196.800 PY:-20.000 LAN:2 BRK:0 RX_X:0.000 RX_Y:0.000 RX_Z:0.000
[ZONE-ROUTE] CID:1 zone=1 edge_port=9998
[EDGE-RTT] CID:1 wall=1.2 ms  sim_delay=10.0 ms
[TRUST-UPGRADE] CID:1 earned LANE_UPGRADE after 15 clean packets → lane 0 + 2.0 m/s
>>> [UAV->CLOUD] BLK:98d0|TX:7.0.0.5|CID:1|TS:9.840|SPD:19.5|HDG:0.1|PX:196.8|PY:-20.0|LA...
[PASSIVE-BEACON] SIMNOW:9.863 CID:4 ZONE:1 RXUAV:1 EDGEPORT:9998 TS:9.850 SPD:20.000 HDG:-0.400 PX:196.300 PY:-50.000 LAN:5 BRK:0 RX_X:0.000 RX_Y:0.000 RX_Z:0.000
[ZONE-ROUTE] CID:4 zone=1 edge_port=9998
[EDGE-RTT] CID:4 wall=0.9 ms  sim_delay=10.0 ms
>>> [UAV->CLOUD] BLK:b8b5|TX:7.0.0.8|CID:4|TS:9.850|SPD:20.0|HDG:-0.4|PX:196.3|PY:-50.0|L...
[PASSIVE-BEACON] SIMNOW:9.863 CID:3 ZONE:1 RXUAV:1 EDGEPORT:9998 TS:9.850 SPD:20.200 HDG:0.300 PX:196.400 PY:-40.000 LAN:4 BRK:1 RX_X:0.000 RX_Y:0.000 RX_Z:0.000
[ZONE-ROUTE] CID:3 zone=1 edge_port=9998
[EDGE-RTT] CID:3 wall=2.8 ms  sim_delay=10.0 ms
[TRUST-UPGRADE] CID:3 earned LANE_UPGRADE after 15 clean packets → lane 0 + 2.0 m/s
>>> [UAV->CLOUD] BLK:75de|TX:7.0.0.7|CID:3|TS:9.850|SPD:20.2|HDG:0.3|PX:196.4|PY:-40.0|LA...
[TRUST-APPLIED] CID:1 LANE_UPGRADE → logical reward only; telemetry lane unchanged lane=2 speed unchanged=20.0 m/s [reward-speed disabled to avoid M1 false positive]
✓ [CAR 1] ACT=OK REP=0.500 RWD=1.500 PNL=0.000 CREDIT=15
✓ [CAR 1] ACT=OK REP=0.796 RWD=1.000 PNL=0.000 CREDIT=14
[TRUST-APPLIED] CID:3 LANE_UPGRADE → logical reward only; telemetry lane unchanged lane=4 speed unchanged=20.000 m/s [reward-speed disabled to avoid M1 false positive]
✓ [CAR 3] ACT=OK REP=0.500 RWD=1.500 PNL=0.000 CREDIT=15
✓ [CAR 4] ACT=OK REP=0.650 RWD=1.000 PNL=0.000 CREDIT=15
✓ [CAR 3] ACT=OK REP=1.000 RWD=1.000 PNL=0.000 CREDIT=14
[PASSIVE-BEACON] SIMNOW:9.916 CID:8 ZONE:1 RXUAV:1 EDGEPORT:9998 TS:9.902 SPD:20.200 HDG:0.600 PX:218.600 PY:-40.000 LAN:4 BRK:0 RX_X:0.000 RX_Y:0.000 RX_Z:0.000
[ZONE-ROUTE] CID:8 zone=1 edge_port=9998
[EDGE-RTT] CID:8 wall=0.9 ms  sim_delay=10.0 ms
[TRUST-UPGRADE] CID:8 earned LANE_UPGRADE after 15 clean packets → lane 0 + 2.0 m/s
>>> [UAV->CLOUD] BLK:526f|TX:7.0.0.12|CID:8|TS:9.902|SPD:20.2|HDG:0.6|PX:218.6|PY:-40.0|L...
[TRUST-APPLIED] CID:8 LANE_UPGRADE → logical reward only; telemetry lane unchanged lane=4 speed unchanged=20.0 m/s [reward-speed disabled to avoid M1 false positive]
✓ [CAR 8] ACT=OK REP=0.500 RWD=1.500 PNL=0.000 CREDIT=15
✓ [CAR 8] ACT=OK REP=0.828 RWD=1.000 PNL=0.000 CREDIT=14
[PASSIVE-BEACON] SIMNOW:9.953 CID:0 ZONE:1 RXUAV:1 EDGEPORT:9998 TS:9.940 SPD:20.300 HDG:-1.500 PX:198.500 PY:-10.000 LAN:1 BRK:0 RX_X:0.000 RX_Y:0.000 RX_Z:0.000
[ZONE-ROUTE] CID:0 zone=1 edge_port=9998
[EDGE-RTT] CID:0 wall=0.8 ms  sim_delay=10.0 ms
[TRUST-UPGRADE] CID:0 earned LANE_UPGRADE after 15 clean packets → lane 0 + 2.0 m/s
>>> [UAV->CLOUD] BLK:29d8|TX:7.0.0.4|CID:0|TS:9.940|SPD:20.3|HDG:-1.5|PX:198.5|PY:-10.0|L...
[TRUST-APPLIED] CID:0 LANE_UPGRADE → logical reward only; telemetry lane unchanged lane=1 speed unchanged=20.0 m/s [reward-speed disabled to avoid M1 false positive]
✓ [CAR 0] ACT=OK REP=0.500 RWD=1.500 PNL=0.000 CREDIT=15
✓ [CAR 0] ACT=OK REP=0.501 RWD=1.000 PNL=0.000 CREDIT=14
[PASSIVE-BEACON] SIMNOW:9.996 CID:5 ZONE:1 RXUAV:1 EDGEPORT:9998 TS:9.982 SPD:20.000 HDG:0.800 PX:219.400 PY:-10.000 LAN:1 BRK:0 RX_X:0.000 RX_Y:0.000 RX_Z:0.000
[ZONE-ROUTE] CID:5 zone=1 edge_port=9998
[EDGE-RTT] CID:5 wall=0.8 ms  sim_delay=10.0 ms
>>> [UAV->CLOUD] BLK:0faa|TX:7.0.0.9|CID:5|TS:9.982|SPD:20.0|HDG:0.8|PX:219.4|PY:-10.0|LA...
[PASSIVE-BEACON] SIMNOW:10.000 CID:17 ZONE:1 RXUAV:1 EDGEPORT:9998 TS:9.986 SPD:20.100 HDG:0.100 PX:259.300 PY:-30.000 LAN:3 BRK:0 RX_X:0.000 RX_Y:0.000 RX_Z:0.000
[ZONE-ROUTE] CID:17 zone=1 edge_port=9998
[EDGE-RTT] CID:17 wall=0.8 ms  sim_delay=10.0 ms
[TRUST-UPGRADE] CID:17 earned LANE_UPGRADE after 15 clean packets → lane 0 + 2.0 m/s
>>> [UAV->CLOUD] BLK:73a3|TX:7.0.0.21|CID:17|TS:9.986|SPD:20.1|HDG:0.1|PX:259.3|PY:-30.0|...
✓ [CAR 5] ACT=OK REP=0.808 RWD=1.000 PNL=0.000 CREDIT=15
[TRUST-APPLIED] CID:17 LANE_UPGRADE → logical reward only; telemetry lane unchanged lane=3 speed unchanged=20.000 m/s [reward-speed disabled to avoid M1 false positive]
✓ [CAR 17] ACT=OK REP=0.500 RWD=1.500 PNL=0.000 CREDIT=15
✓ [CAR 17] ACT=OK REP=0.691 RWD=1.000 PNL=0.000 CREDIT=14
[PASSIVE-BEACON] SIMNOW:10.030 CID:18 ZONE:1 RXUAV:1 EDGEPORT:9998 TS:10.016 SPD:19.900 HDG:1.900 PX:259.700 PY:-40.000 LAN:4 BRK:0 RX_X:0.000 RX_Y:0.000 RX_Z:0.000
[ZONE-ROUTE] CID:18 zone=1 edge_port=9998
[EDGE-RTT] CID:18 wall=1.1 ms  sim_delay=10.0 ms
>>> [UAV->CLOUD] BLK:2915|TX:7.0.0.22|CID:18|TS:10.016|SPD:19.9|HDG:1.9|PX:259.7|PY:-40.0...
[PASSIVE-BEACON] SIMNOW:10.040 CID:15 ZONE:1 RXUAV:1 EDGEPORT:9998 TS:10.026 SPD:20.400 HDG:0.100 PX:259.900 PY:-10.000 LAN:1 BRK:0 RX_X:0.000 RX_Y:0.000 RX_Z:0.000
[ZONE-ROUTE] CID:15 zone=1 edge_port=9998
[EDGE-RTT] CID:15 wall=0.9 ms  sim_delay=10.0 ms
>>> [UAV->CLOUD] BLK:5af2|TX:7.0.0.19|CID:15|TS:10.026|SPD:20.4|HDG:0.1|PX:259.9|PY:-10.0...
[PASSIVE-BEACON] SIMNOW:10.040 CID:16 ZONE:1 RXUAV:1 EDGEPORT:9998 TS:10.026 SPD:19.900 HDG:1.400 PX:260.300 PY:-20.000 LAN:2 BRK:0 RX_X:0.000 RX_Y:0.000 RX_Z:0.000
[ZONE-ROUTE] CID:16 zone=1 edge_port=9998
[EDGE-RTT] CID:16 wall=3.2 ms  sim_delay=10.0 ms
>>> [UAV->CLOUD] BLK:ec1f|TX:7.0.0.20|CID:16|TS:10.026|SPD:19.9|HDG:1.4|PX:260.3|PY:-20.0...
✓ [CAR 18] ACT=OK REP=0.890 RWD=1.000 PNL=0.000 CREDIT=15
✓ [CAR 15] ACT=OK REP=1.000 RWD=1.000 PNL=0.000 CREDIT=16
✓ [CAR 16] ACT=OK REP=1.000 RWD=1.000 PNL=0.000 CREDIT=16
[PASSIVE-BEACON] SIMNOW:10.136 CID:7 ZONE:1 RXUAV:1 EDGEPORT:9998 TS:10.122 SPD:20.200 HDG:1.100 PX:221.900 PY:-30.000 LAN:3 BRK:0 RX_X:0.000 RX_Y:0.000 RX_Z:0.000
[ZONE-ROUTE] CID:7 zone=1 edge_port=9998
[EDGE-RTT] CID:7 wall=1.0 ms  sim_delay=10.0 ms
>>> [UAV->CLOUD] BLK:105e|TX:7.0.0.11|CID:7|TS:10.122|SPD:20.2|HDG:1.1|PX:221.9|PY:-30.0|...
✓ [CAR 7] ACT=OK REP=0.765 RWD=1.000 PNL=0.000 CREDIT=16
[PASSIVE-BEACON] SIMNOW:10.177 CID:14 ZONE:1 RXUAV:1 EDGEPORT:9998 TS:10.164 SPD:19.800 HDG:-1.800 PX:243.900 PY:-50.000 LAN:5 BRK:0 RX_X:0.000 RX_Y:0.000 RX_Z:0.000
[ZONE-ROUTE] CID:14 zone=1 edge_port=9998
[EDGE-RTT] CID:14 wall=1.2 ms  sim_delay=10.0 ms
>>> [UAV->CLOUD] BLK:7d63|TX:7.0.0.18|CID:14|TS:10.164|SPD:19.8|HDG:-1.8|PX:243.9|PY:-50....
[PASSIVE-BEACON] SIMNOW:10.186 CID:6 ZONE:1 RXUAV:1 EDGEPORT:9998 TS:10.172 SPD:19.500 HDG:0.300 PX:223.800 PY:-20.000 LAN:2 BRK:0 RX_X:0.000 RX_Y:0.000 RX_Z:0.000
[ZONE-ROUTE] CID:6 zone=1 edge_port=9998
[EDGE-RTT] CID:6 wall=1.0 ms  sim_delay=10.0 ms
>>> [UAV->CLOUD] BLK:92bb|TX:7.0.0.10|CID:6|TS:10.172|SPD:19.5|HDG:0.3|PX:223.8|PY:-20.0|...
✓ [CAR 14] ACT=OK REP=0.831 RWD=1.000 PNL=0.000 CREDIT=16
✓ [CAR 6] ACT=OK REP=0.578 RWD=1.000 PNL=0.000 CREDIT=16
[PASSIVE-BEACON] SIMNOW:10.210 CID:19 ZONE:1 RXUAV:1 EDGEPORT:9998 TS:10.196 SPD:20.300 HDG:-1.300 PX:263.400 PY:-50.000 LAN:5 BRK:1 RX_X:0.000 RX_Y:0.000 RX_Z:0.000
[ZONE-ROUTE] CID:19 zone=1 edge_port=9998
[EDGE-RTT] CID:19 wall=0.9 ms  sim_delay=10.0 ms
>>> [UAV->CLOUD] BLK:1fc1|TX:7.0.0.23|CID:19|TS:10.196|SPD:20.3|HDG:-1.3|PX:263.4|PY:-50....
✓ [CAR 19] ACT=OK REP=1.000 RWD=1.000 PNL=0.000 CREDIT=16
[PASSIVE-BEACON] SIMNOW:10.246 CID:9 ZONE:1 RXUAV:1 EDGEPORT:9998 TS:10.232 SPD:20.400 HDG:0.200 PX:224.600 PY:-50.000 LAN:5 BRK:0 RX_X:0.000 RX_Y:0.000 RX_Z:0.000
[ZONE-ROUTE] CID:9 zone=1 edge_port=9998
[EDGE-RTT] CID:9 wall=1.0 ms  sim_delay=10.0 ms
>>> [UAV->CLOUD] BLK:25b5|TX:7.0.0.13|CID:9|TS:10.232|SPD:20.4|HDG:0.2|PX:224.6|PY:-50.0|...
[PASSIVE-BEACON] SIMNOW:10.258 CID:13 ZONE:1 RXUAV:1 EDGEPORT:9998 TS:10.244 SPD:20.500 HDG:1.200 PX:244.800 PY:-40.000 LAN:4 BRK:0 RX_X:0.000 RX_Y:0.000 RX_Z:0.000
[ZONE-ROUTE] CID:13 zone=1 edge_port=9998
[EDGE-RTT] CID:13 wall=1.0 ms  sim_delay=10.0 ms
>>> [UAV->CLOUD] BLK:15d8|TX:7.0.0.17|CID:13|TS:10.244|SPD:20.5|HDG:1.2|PX:244.8|PY:-40.0...
[PASSIVE-BEACON] SIMNOW:10.258 CID:10 ZONE:1 RXUAV:1 EDGEPORT:9998 TS:10.244 SPD:19.700 HDG:-1.700 PX:244.300 PY:-10.000 LAN:1 BRK:0 RX_X:0.000 RX_Y:0.000 RX_Z:0.000
[ZONE-ROUTE] CID:10 zone=1 edge_port=9998
[EDGE-RTT] CID:10 wall=2.6 ms  sim_delay=10.0 ms
>>> [UAV->CLOUD] BLK:4478|TX:7.0.0.14|CID:10|TS:10.244|SPD:19.7|HDG:-1.7|PX:244.3|PY:-10....
✓ [CAR 9] ACT=OK REP=0.906 RWD=1.000 PNL=0.000 CREDIT=15
[PASSIVE-BEACON] SIMNOW:10.266 CID:11 ZONE:1 RXUAV:1 EDGEPORT:9998 TS:10.254 SPD:19.600 HDG:-0.600 PX:245.400 PY:-20.000 LAN:2 BRK:1 RX_X:0.000 RX_Y:0.000 RX_Z:0.000
[ZONE-ROUTE] CID:11 zone=1 edge_port=9998
[EDGE-RTT] CID:11 wall=1.2 ms  sim_delay=10.0 ms
>>> [UAV->CLOUD] BLK:5aa0|TX:7.0.0.15|CID:11|TS:10.254|SPD:19.6|HDG:-0.6|PX:245.4|PY:-20....
✓ [CAR 13] ACT=OK REP=0.835 RWD=1.000 PNL=0.000 CREDIT=16
✓ [CAR 10] ACT=OK REP=0.836 RWD=1.000 PNL=0.000 CREDIT=15
[PASSIVE-BEACON] SIMNOW:10.278 CID:12 ZONE:1 RXUAV:1 EDGEPORT:9998 TS:10.264 SPD:20.200 HDG:-0.100 PX:245.400 PY:-30.000 LAN:3 BRK:0 RX_X:0.000 RX_Y:0.000 RX_Z:0.000
[ZONE-ROUTE] CID:12 zone=1 edge_port=9998
[EDGE-RTT] CID:12 wall=1.4 ms  sim_delay=10.0 ms
>>> [UAV->CLOUD] BLK:ce9f|TX:7.0.0.16|CID:12|TS:10.264|SPD:20.2|HDG:-0.1|PX:245.4|PY:-30....
✓ [CAR 11] ACT=OK REP=0.968 RWD=1.000 PNL=0.000 CREDIT=15
✓ [CAR 12] ACT=OK REP=1.000 RWD=1.000 PNL=0.000 CREDIT=16
[PASSIVE-BEACON] SIMNOW:10.314 CID:2 ZONE:1 RXUAV:1 EDGEPORT:9998 TS:10.300 SPD:19.900 HDG:0.800 PX:205.900 PY:-30.000 LAN:3 BRK:0 RX_X:0.000 RX_Y:0.000 RX_Z:0.000
[ZONE-ROUTE] CID:2 zone=1 edge_port=9998
[EDGE-RTT] CID:2 wall=1.2 ms  sim_delay=10.0 ms
>>> [UAV->CLOUD] BLK:5991|TX:7.0.0.6|CID:2|TS:10.300|SPD:19.9|HDG:0.8|PX:205.9|PY:-30.0|L...
✓ [CAR 2] ACT=OK REP=0.822 RWD=1.000 PNL=0.000 CREDIT=15
[PASSIVE-BEACON] SIMNOW:10.354 CID:1 ZONE:1 RXUAV:1 EDGEPORT:9998 TS:10.340 SPD:19.800 HDG:1.000 PX:207.000 PY:-20.000 LAN:2 BRK:0 RX_X:0.000 RX_Y:0.000 RX_Z:0.000
[ZONE-ROUTE] CID:1 zone=1 edge_port=9998
[EDGE-RTT] CID:1 wall=1.1 ms  sim_delay=10.0 ms
>>> [UAV->CLOUD] BLK:7aeb|TX:7.0.0.5|CID:1|TS:10.340|SPD:19.8|HDG:1.0|PX:207.0|PY:-20.0|L...
[PASSIVE-BEACON] SIMNOW:10.364 CID:4 ZONE:1 RXUAV:1 EDGEPORT:9998 TS:10.350 SPD:20.200 HDG:0.500 PX:207.700 PY:-50.000 LAN:5 BRK:0 RX_X:0.000 RX_Y:0.000 RX_Z:0.000
[ZONE-ROUTE] CID:4 zone=1 edge_port=9998
[EDGE-RTT] CID:4 wall=1.1 ms  sim_delay=10.0 ms
>>> [UAV->CLOUD] BLK:51e5|TX:7.0.0.8|CID:4|TS:10.350|SPD:20.2|HDG:0.5|PX:207.7|PY:-50.0|L...
[PASSIVE-BEACON] SIMNOW:10.364 CID:3 ZONE:1 RXUAV:1 EDGEPORT:9998 TS:10.350 SPD:19.600 HDG:-0.700 PX:207.300 PY:-40.000 LAN:4 BRK:1 RX_X:0.000 RX_Y:0.000 RX_Z:0.000
[ZONE-ROUTE] CID:3 zone=1 edge_port=9998
[EDGE-RTT] CID:3 wall=3.1 ms  sim_delay=10.0 ms
>>> [UAV->CLOUD] BLK:6fa4|TX:7.0.0.7|CID:3|TS:10.350|SPD:19.6|HDG:-0.7|PX:207.3|PY:-40.0|...
✓ [CAR 1] ACT=OK REP=0.760 RWD=1.000 PNL=0.000 CREDIT=15
✓ [CAR 4] ACT=OK REP=0.929 RWD=1.000 PNL=0.000 CREDIT=16
✓ [CAR 3] ACT=OK REP=1.000 RWD=1.000 PNL=0.000 CREDIT=15
[PASSIVE-BEACON] SIMNOW:10.416 CID:8 ZONE:1 RXUAV:1 EDGEPORT:9998 TS:10.402 SPD:19.700 HDG:-1.700 PX:227.400 PY:-40.000 LAN:4 BRK:1 RX_X:0.000 RX_Y:0.000 RX_Z:0.000
[ZONE-ROUTE] CID:8 zone=1 edge_port=9998
[EDGE-RTT] CID:8 wall=1.2 ms  sim_delay=10.0 ms
>>> [UAV->CLOUD] BLK:9427|TX:7.0.0.12|CID:8|TS:10.402|SPD:19.7|HDG:-1.7|PX:227.4|PY:-40.0...
✓ [CAR 8] ACT=OK REP=1.000 RWD=1.000 PNL=0.000 CREDIT=15
[PASSIVE-BEACON] SIMNOW:10.454 CID:0 ZONE:1 RXUAV:1 EDGEPORT:9998 TS:10.440 SPD:20.400 HDG:-1.900 PX:208.600 PY:-10.000 LAN:1 BRK:0 RX_X:0.000 RX_Y:0.000 RX_Z:0.000
[ZONE-ROUTE] CID:0 zone=1 edge_port=9998
[EDGE-RTT] CID:0 wall=1.5 ms  sim_delay=10.0 ms
>>> [UAV->CLOUD] BLK:2e87|TX:7.0.0.4|CID:0|TS:10.440|SPD:20.4|HDG:-1.9|PX:208.6|PY:-10.0|...
✓ [CAR 0] ACT=OK REP=0.734 RWD=1.000 PNL=0.000 CREDIT=15
[PASSIVE-BEACON] SIMNOW:10.496 CID:5 ZONE:1 RXUAV:1 EDGEPORT:9998 TS:10.482 SPD:19.600 HDG:-1.400 PX:229.100 PY:-10.000 LAN:1 BRK:0 RX_X:0.000 RX_Y:0.000 RX_Z:0.000
[ZONE-ROUTE] CID:5 zone=1 edge_port=9998
[EDGE-RTT] CID:5 wall=1.2 ms  sim_delay=10.0 ms
>>> [UAV->CLOUD] BLK:9f8f|TX:7.0.0.9|CID:5|TS:10.482|SPD:19.6|HDG:-1.4|PX:229.1|PY:-10.0|...
[PASSIVE-BEACON] SIMNOW:10.500 CID:17 ZONE:1 RXUAV:1 EDGEPORT:9998 TS:10.486 SPD:20.000 HDG:1.800 PX:270.300 PY:-30.000 LAN:3 BRK:0 RX_X:0.000 RX_Y:0.000 RX_Z:0.000
[ZONE-ROUTE] CID:17 zone=1 edge_port=9998
[EDGE-RTT] CID:17 wall=1.5 ms  sim_delay=10.0 ms
>>> [UAV->CLOUD] BLK:46e2|TX:7.0.0.21|CID:17|TS:10.486|SPD:20.0|HDG:1.8|PX:270.3|PY:-30.0...
✓ [CAR 5] ACT=OK REP=0.941 RWD=1.000 PNL=0.000 CREDIT=16
✓ [CAR 17] ACT=OK REP=1.000 RWD=1.000 PNL=0.000 CREDIT=15
[PASSIVE-BEACON] SIMNOW:10.530 CID:18 ZONE:1 RXUAV:1 EDGEPORT:9998 TS:10.516 SPD:19.500 HDG:-0.400 PX:270.800 PY:-40.000 LAN:4 BRK:0 RX_X:0.000 RX_Y:0.000 RX_Z:0.000
[ZONE-ROUTE] CID:18 zone=1 edge_port=9998
[EDGE-RTT] CID:18 wall=1.0 ms  sim_delay=10.0 ms
>>> [UAV->CLOUD] BLK:fe54|TX:7.0.0.22|CID:18|TS:10.516|SPD:19.5|HDG:-0.4|PX:270.8|PY:-40....
[PASSIVE-BEACON] SIMNOW:10.540 CID:15 ZONE:1 RXUAV:1 EDGEPORT:9998 TS:10.526 SPD:19.600 HDG:0.400 PX:270.500 PY:-10.000 LAN:1 BRK:0 RX_X:0.000 RX_Y:0.000 RX_Z:0.000
[ZONE-ROUTE] CID:15 zone=1 edge_port=9998
[EDGE-RTT] CID:15 wall=1.2 ms  sim_delay=10.0 ms
>>> [UAV->CLOUD] BLK:9d3f|TX:7.0.0.19|CID:15|TS:10.526|SPD:19.6|HDG:0.4|PX:270.5|PY:-10.0...
[PASSIVE-BEACON] SIMNOW:10.540 CID:16 ZONE:1 RXUAV:1 EDGEPORT:9998 TS:10.526 SPD:19.900 HDG:-0.700 PX:270.400 PY:-20.000 LAN:2 BRK:0 RX_X:0.000 RX_Y:0.000 RX_Z:0.000
[ZONE-ROUTE] CID:16 zone=1 edge_port=9998
[EDGE-RTT] CID:16 wall=3.3 ms  sim_delay=10.0 ms
>>> [UAV->CLOUD] BLK:ddcd|TX:7.0.0.20|CID:16|TS:10.526|SPD:19.9|HDG:-0.7|PX:270.4|PY:-20....
✓ [CAR 18] ACT=OK REP=1.000 RWD=1.000 PNL=0.000 CREDIT=16
✓ [CAR 15] ACT=OK REP=0.947 RWD=1.000 PNL=0.000 CREDIT=17
✓ [CAR 16] ACT=OK REP=0.854 RWD=1.000 PNL=0.000 CREDIT=17
[PASSIVE-BEACON] SIMNOW:10.636 CID:7 ZONE:1 RXUAV:1 EDGEPORT:9998 TS:10.622 SPD:20.100 HDG:-1.200 PX:232.300 PY:-30.000 LAN:3 BRK:0 RX_X:0.000 RX_Y:0.000 RX_Z:0.000
[ZONE-ROUTE] CID:7 zone=1 edge_port=9998
[EDGE-RTT] CID:7 wall=1.3 ms  sim_delay=10.0 ms
>>> [UAV->CLOUD] BLK:ca8f|TX:7.0.0.11|CID:7|TS:10.622|SPD:20.1|HDG:-1.2|PX:232.3|PY:-30.0...
✓ [CAR 7] ACT=OK REP=1.000 RWD=1.000 PNL=0.000 CREDIT=17
[PASSIVE-BEACON] SIMNOW:10.678 CID:14 ZONE:1 RXUAV:1 EDGEPORT:9998 TS:10.664 SPD:19.800 HDG:-1.900 PX:253.400 PY:-50.000 LAN:5 BRK:0 RX_X:0.000 RX_Y:0.000 RX_Z:0.000
[ZONE-ROUTE] CID:14 zone=1 edge_port=9998
[EDGE-RTT] CID:14 wall=1.1 ms  sim_delay=10.0 ms
>>> [UAV->CLOUD] BLK:c8ee|TX:7.0.0.18|CID:14|TS:10.664|SPD:19.8|HDG:-1.9|PX:253.4|PY:-50....
[PASSIVE-BEACON] SIMNOW:10.686 CID:6 ZONE:1 RXUAV:1 EDGEPORT:9998 TS:10.672 SPD:20.100 HDG:-0.800 PX:232.800 PY:-20.000 LAN:2 BRK:0 RX_X:0.000 RX_Y:0.000 RX_Z:0.000
[ZONE-ROUTE] CID:6 zone=1 edge_port=9998
[EDGE-RTT] CID:6 wall=1.2 ms  sim_delay=10.0 ms
>>> [UAV->CLOUD] BLK:2f30|TX:7.0.0.10|CID:6|TS:10.672|SPD:20.1|HDG:-0.8|PX:232.8|PY:-20.0...
✓ [CAR 14] ACT=OK REP=1.000 RWD=1.000 PNL=0.000 CREDIT=17
✓ [CAR 6] ACT=OK REP=0.994 RWD=1.000 PNL=0.000 CREDIT=17
[PASSIVE-BEACON] SIMNOW:10.710 CID:19 ZONE:1 RXUAV:1 EDGEPORT:9998 TS:10.696 SPD:19.700 HDG:0.800 PX:274.200 PY:-50.000 LAN:5 BRK:0 RX_X:0.000 RX_Y:0.000 RX_Z:0.000
[ZONE-ROUTE] CID:19 zone=1 edge_port=9998
[EDGE-RTT] CID:19 wall=1.3 ms  sim_delay=10.0 ms
>>> [UAV->CLOUD] BLK:8c65|TX:7.0.0.23|CID:19|TS:10.696|SPD:19.7|HDG:0.8|PX:274.2|PY:-50.0...
✓ [CAR 19] ACT=OK REP=0.503 RWD=1.000 PNL=0.000 CREDIT=17
[PASSIVE-BEACON] SIMNOW:10.746 CID:9 ZONE:1 RXUAV:1 EDGEPORT:9998 TS:10.732 SPD:20.400 HDG:1.700 PX:233.900 PY:-50.000 LAN:5 BRK:1 RX_X:0.000 RX_Y:0.000 RX_Z:0.000
[ZONE-ROUTE] CID:9 zone=1 edge_port=9998
[EDGE-RTT] CID:9 wall=1.1 ms  sim_delay=10.0 ms
>>> [UAV->CLOUD] BLK:f61f|TX:7.0.0.13|CID:9|TS:10.732|SPD:20.4|HDG:1.7|PX:233.9|PY:-50.0|...
[PASSIVE-BEACON] SIMNOW:10.758 CID:13 ZONE:1 RXUAV:1 EDGEPORT:9998 TS:10.744 SPD:19.600 HDG:0.800 PX:255.600 PY:-40.000 LAN:4 BRK:0 RX_X:0.000 RX_Y:0.000 RX_Z:0.000
[ZONE-ROUTE] CID:13 zone=1 edge_port=9998
[EDGE-RTT] CID:13 wall=1.3 ms  sim_delay=10.0 ms
>>> [UAV->CLOUD] BLK:daa6|TX:7.0.0.17|CID:13|TS:10.744|SPD:19.6|HDG:0.8|PX:255.6|PY:-40.0...
[PASSIVE-BEACON] SIMNOW:10.758 CID:10 ZONE:1 RXUAV:1 EDGEPORT:9998 TS:10.744 SPD:19.900 HDG:-1.100 PX:255.000 PY:-10.000 LAN:1 BRK:0 RX_X:0.000 RX_Y:0.000 RX_Z:0.000
[ZONE-ROUTE] CID:10 zone=1 edge_port=9998
[EDGE-RTT] CID:10 wall=2.7 ms  sim_delay=10.0 ms
>>> [UAV->CLOUD] BLK:37fd|TX:7.0.0.14|CID:10|TS:10.744|SPD:19.9|HDG:-1.1|PX:255.0|PY:-10....
✓ [CAR 9] ACT=OK REP=0.657 RWD=1.000 PNL=0.000 CREDIT=16
[PASSIVE-BEACON] SIMNOW:10.768 CID:11 ZONE:1 RXUAV:1 EDGEPORT:9998 TS:10.754 SPD:20.300 HDG:1.300 PX:255.700 PY:-20.000 LAN:2 BRK:1 RX_X:0.000 RX_Y:0.000 RX_Z:0.000
[ZONE-ROUTE] CID:11 zone=1 edge_port=9998
[EDGE-RTT] CID:11 wall=1.2 ms  sim_delay=10.0 ms
>>> [UAV->CLOUD] BLK:7575|TX:7.0.0.15|CID:11|TS:10.754|SPD:20.3|HDG:1.3|PX:255.7|PY:-20.0...
✓ [CAR 13] ACT=OK REP=1.000 RWD=1.000 PNL=0.000 CREDIT=17
✓ [CAR 10] ACT=OK REP=1.000 RWD=1.000 PNL=0.000 CREDIT=16
[PASSIVE-BEACON] SIMNOW:10.778 CID:12 ZONE:1 RXUAV:1 EDGEPORT:9998 TS:10.764 SPD:19.900 HDG:1.000 PX:255.600 PY:-30.000 LAN:3 BRK:0 RX_X:0.000 RX_Y:0.000 RX_Z:0.000
[ZONE-ROUTE] CID:12 zone=1 edge_port=9998
[EDGE-RTT] CID:12 wall=1.1 ms  sim_delay=10.0 ms
>>> [UAV->CLOUD] BLK:db11|TX:7.0.0.16|CID:12|TS:10.764|SPD:19.9|HDG:1.0|PX:255.6|PY:-30.0...
✓ [CAR 11] ACT=OK REP=0.718 RWD=1.000 PNL=0.000 CREDIT=16
✓ [CAR 12] ACT=OK REP=0.941 RWD=1.000 PNL=0.000 CREDIT=17
[PASSIVE-BEACON] SIMNOW:10.814 CID:2 ZONE:1 RXUAV:1 EDGEPORT:9998 TS:10.800 SPD:20.500 HDG:-2.000 PX:216.200 PY:-30.000 LAN:3 BRK:0 RX_X:0.000 RX_Y:0.000 RX_Z:0.000
[ZONE-ROUTE] CID:2 zone=1 edge_port=9998
[EDGE-RTT] CID:2 wall=1.2 ms  sim_delay=10.0 ms
>>> [UAV->CLOUD] BLK:ca3e|TX:7.0.0.6|CID:2|TS:10.800|SPD:20.5|HDG:-2.0|PX:216.2|PY:-30.0|...
✓ [CAR 2] ACT=OK REP=0.924 RWD=1.000 PNL=0.000 CREDIT=16
[PASSIVE-BEACON] SIMNOW:10.854 CID:1 ZONE:1 RXUAV:1 EDGEPORT:9998 TS:10.840 SPD:19.900 HDG:1.700 PX:216.800 PY:-20.000 LAN:2 BRK:0 RX_X:0.000 RX_Y:0.000 RX_Z:0.000
[ZONE-ROUTE] CID:1 zone=1 edge_port=9998
[EDGE-RTT] CID:1 wall=0.9 ms  sim_delay=10.0 ms
>>> [UAV->CLOUD] BLK:d246|TX:7.0.0.5|CID:1|TS:10.840|SPD:19.9|HDG:1.7|PX:216.8|PY:-20.0|L...
[PASSIVE-BEACON] SIMNOW:10.864 CID:4 ZONE:1 RXUAV:1 EDGEPORT:9998 TS:10.850 SPD:20.400 HDG:1.500 PX:217.000 PY:-50.000 LAN:5 BRK:0 RX_X:0.000 RX_Y:0.000 RX_Z:0.000
[ZONE-ROUTE] CID:4 zone=1 edge_port=9998
[EDGE-RTT] CID:4 wall=1.8 ms  sim_delay=10.0 ms
>>> [UAV->CLOUD] BLK:b4df|TX:7.0.0.8|CID:4|TS:10.850|SPD:20.4|HDG:1.5|PX:217.0|PY:-50.0|L...
[PASSIVE-BEACON] SIMNOW:10.864 CID:3 ZONE:1 RXUAV:1 EDGEPORT:9998 TS:10.850 SPD:19.500 HDG:-0.700 PX:217.700 PY:-40.000 LAN:4 BRK:0 RX_X:0.000 RX_Y:0.000 RX_Z:0.000
[ZONE-ROUTE] CID:3 zone=1 edge_port=9998
[EDGE-RTT] CID:3 wall=2.5 ms  sim_delay=10.0 ms
>>> [UAV->CLOUD] BLK:ddba|TX:7.0.0.7|CID:3|TS:10.850|SPD:19.5|HDG:-0.7|PX:217.7|PY:-40.0|...
✓ [CAR 1] ACT=OK REP=0.755 RWD=1.000 PNL=0.000 CREDIT=16
✓ [CAR 4] ACT=OK REP=0.890 RWD=1.000 PNL=0.000 CREDIT=17
✓ [CAR 3] ACT=OK REP=0.703 RWD=1.000 PNL=0.000 CREDIT=16
[PASSIVE-BEACON] SIMNOW:10.915 CID:8 ZONE:1 RXUAV:1 EDGEPORT:9998 TS:10.902 SPD:20.000 HDG:-0.400 PX:238.600 PY:-40.000 LAN:4 BRK:0 RX_X:0.000 RX_Y:0.000 RX_Z:0.000
[ZONE-ROUTE] CID:8 zone=1 edge_port=9998
[EDGE-RTT] CID:8 wall=1.3 ms  sim_delay=10.0 ms
>>> [UAV->CLOUD] BLK:7595|TX:7.0.0.12|CID:8|TS:10.902|SPD:20.0|HDG:-0.4|PX:238.6|PY:-40.0...
✓ [CAR 8] ACT=OK REP=0.814 RWD=1.000 PNL=0.000 CREDIT=16
[PASSIVE-BEACON] SIMNOW:10.954 CID:0 ZONE:1 RXUAV:1 EDGEPORT:9998 TS:10.940 SPD:19.600 HDG:-1.000 PX:219.300 PY:-10.000 LAN:1 BRK:0 RX_X:0.000 RX_Y:0.000 RX_Z:0.000
[ZONE-ROUTE] CID:0 zone=1 edge_port=9998
[EDGE-RTT] CID:0 wall=1.1 ms  sim_delay=10.0 ms
>>> [UAV->CLOUD] BLK:a86b|TX:7.0.0.4|CID:0|TS:10.940|SPD:19.6|HDG:-1.0|PX:219.3|PY:-10.0|...
✓ [CAR 0] ACT=OK REP=0.860 RWD=1.000 PNL=0.000 CREDIT=16
[PASSIVE-BEACON] SIMNOW:10.996 CID:5 ZONE:1 RXUAV:1 EDGEPORT:9998 TS:10.982 SPD:20.200 HDG:0.800 PX:239.300 PY:-10.000 LAN:1 BRK:0 RX_X:0.000 RX_Y:0.000 RX_Z:0.000
[ZONE-ROUTE] CID:5 zone=1 edge_port=9998
[EDGE-RTT] CID:5 wall=1.2 ms  sim_delay=10.0 ms
>>> [UAV->CLOUD] BLK:2cb9|TX:7.0.0.9|CID:5|TS:10.982|SPD:20.2|HDG:0.8|PX:239.3|PY:-10.0|L...
[PASSIVE-BEACON] SIMNOW:11.000 CID:17 ZONE:1 RXUAV:1 EDGEPORT:9998 TS:10.986 SPD:20.000 HDG:-1.100 PX:279.100 PY:-30.000 LAN:3 BRK:1 RX_X:0.000 RX_Y:0.000 RX_Z:0.000
[ZONE-ROUTE] CID:17 zone=1 edge_port=9998
[EDGE-RTT] CID:17 wall=0.8 ms  sim_delay=10.0 ms
>>> [UAV->CLOUD] BLK:c7a3|TX:7.0.0.21|CID:17|TS:10.986|SPD:20.0|HDG:-1.1|PX:279.1|PY:-30....
✓ [CAR 5] ACT=OK REP=0.990 RWD=1.000 PNL=0.000 CREDIT=17
✓ [CAR 17] ACT=OK REP=0.811 RWD=1.000 PNL=0.000 CREDIT=16
[PASSIVE-BEACON] SIMNOW:11.028 CID:18 ZONE:1 RXUAV:1 EDGEPORT:9998 TS:11.016 SPD:20.100 HDG:-2.000 PX:281.000 PY:-40.000 LAN:4 BRK:0 RX_X:0.000 RX_Y:0.000 RX_Z:0.000
[ZONE-ROUTE] CID:18 zone=1 edge_port=9998
[EDGE-RTT] CID:18 wall=1.1 ms  sim_delay=10.0 ms
>>> [UAV->CLOUD] BLK:96d6|TX:7.0.0.22|CID:18|TS:11.016|SPD:20.1|HDG:-2.0|PX:281.0|PY:-40....
[PASSIVE-BEACON] SIMNOW:11.040 CID:15 ZONE:1 RXUAV:1 EDGEPORT:9998 TS:11.026 SPD:20.000 HDG:-1.000 PX:280.500 PY:-10.000 LAN:1 BRK:1 RX_X:0.000 RX_Y:0.000 RX_Z:0.000
[ZONE-ROUTE] CID:15 zone=1 edge_port=9998
[EDGE-RTT] CID:15 wall=1.2 ms  sim_delay=10.0 ms
>>> [UAV->CLOUD] BLK:37f4|TX:7.0.0.19|CID:15|TS:11.026|SPD:20.0|HDG:-1.0|PX:280.5|PY:-10....
[PASSIVE-BEACON] SIMNOW:11.040 CID:16 ZONE:1 RXUAV:1 EDGEPORT:9998 TS:11.026 SPD:20.400 HDG:-0.200 PX:281.200 PY:-20.000 LAN:2 BRK:0 RX_X:0.000 RX_Y:0.000 RX_Z:0.000
[ZONE-ROUTE] CID:16 zone=1 edge_port=9998
[EDGE-RTT] CID:16 wall=3.1 ms  sim_delay=10.0 ms
>>> [UAV->CLOUD] BLK:dadd|TX:7.0.0.20|CID:16|TS:11.026|SPD:20.4|HDG:-0.2|PX:281.2|PY:-20....
✓ [CAR 18] ACT=OK REP=0.881 RWD=1.000 PNL=0.000 CREDIT=17
✓ [CAR 15] ACT=OK REP=0.662 RWD=1.000 PNL=0.000 CREDIT=18
✓ [CAR 16] ACT=OK REP=0.977 RWD=1.000 PNL=0.000 CREDIT=18
[PASSIVE-BEACON] SIMNOW:11.136 CID:7 ZONE:1 RXUAV:1 EDGEPORT:9998 TS:11.122 SPD:19.900 HDG:0.800 PX:243.000 PY:-30.000 LAN:3 BRK:1 RX_X:0.000 RX_Y:0.000 RX_Z:0.000
[ZONE-ROUTE] CID:7 zone=1 edge_port=9998
[EDGE-RTT] CID:7 wall=1.1 ms  sim_delay=10.0 ms
>>> [UAV->CLOUD] BLK:a049|TX:7.0.0.11|CID:7|TS:11.122|SPD:19.9|HDG:0.8|PX:243.0|PY:-30.0|...
✓ [CAR 7] ACT=OK REP=1.000 RWD=1.000 PNL=0.000 CREDIT=18
[PASSIVE-BEACON] SIMNOW:11.179 CID:14 ZONE:1 RXUAV:1 EDGEPORT:9998 TS:11.164 SPD:20.400 HDG:0.200 PX:263.500 PY:-50.000 LAN:5 BRK:0 RX_X:0.000 RX_Y:0.000 RX_Z:0.000
[ZONE-ROUTE] CID:14 zone=1 edge_port=9998
[EDGE-RTT] CID:14 wall=1.1 ms  sim_delay=10.0 ms
>>> [UAV->CLOUD] BLK:9762|TX:7.0.0.18|CID:14|TS:11.164|SPD:20.4|HDG:0.2|PX:263.5|PY:-50.0...
[PASSIVE-BEACON] SIMNOW:11.185 CID:6 ZONE:1 RXUAV:1 EDGEPORT:9998 TS:11.172 SPD:19.700 HDG:-1.200 PX:242.900 PY:-20.000 LAN:2 BRK:0 RX_X:0.000 RX_Y:0.000 RX_Z:0.000
[ZONE-ROUTE] CID:6 zone=1 edge_port=9998
[EDGE-RTT] CID:6 wall=0.7 ms  sim_delay=10.0 ms
>>> [UAV->CLOUD] BLK:70a4|TX:7.0.0.10|CID:6|TS:11.172|SPD:19.7|HDG:-1.2|PX:242.9|PY:-20.0...
✓ [CAR 14] ACT=OK REP=0.917 RWD=1.000 PNL=0.000 CREDIT=18
✓ [CAR 6] ACT=OK REP=0.669 RWD=1.000 PNL=0.000 CREDIT=18
[PASSIVE-BEACON] SIMNOW:11.210 CID:19 ZONE:1 RXUAV:1 EDGEPORT:9998 TS:11.196 SPD:19.800 HDG:0.000 PX:283.700 PY:-50.000 LAN:5 BRK:1 RX_X:0.000 RX_Y:0.000 RX_Z:0.000
[ZONE-ROUTE] CID:19 zone=1 edge_port=9998
[EDGE-RTT] CID:19 wall=1.1 ms  sim_delay=10.0 ms
>>> [UAV->CLOUD] BLK:ab3a|TX:7.0.0.23|CID:19|TS:11.196|SPD:19.8|HDG:0.0|PX:283.7|PY:-50.0...
✓ [CAR 19] ACT=OK REP=0.782 RWD=1.000 PNL=0.000 CREDIT=18
[PASSIVE-BEACON] SIMNOW:11.246 CID:9 ZONE:1 RXUAV:1 EDGEPORT:9998 TS:11.232 SPD:19.800 HDG:-1.200 PX:245.100 PY:-50.000 LAN:5 BRK:0 RX_X:0.000 RX_Y:0.000 RX_Z:0.000
[ZONE-ROUTE] CID:9 zone=1 edge_port=9998
[EDGE-RTT] CID:9 wall=1.0 ms  sim_delay=10.0 ms
>>> [UAV->CLOUD] BLK:be8a|TX:7.0.0.13|CID:9|TS:11.232|SPD:19.8|HDG:-1.2|PX:245.1|PY:-50.0...
[PASSIVE-BEACON] SIMNOW:11.258 CID:13 ZONE:1 RXUAV:1 EDGEPORT:9998 TS:11.244 SPD:20.500 HDG:-1.700 PX:265.100 PY:-40.000 LAN:4 BRK:1 RX_X:0.000 RX_Y:0.000 RX_Z:0.000
[ZONE-ROUTE] CID:13 zone=1 edge_port=9998
[EDGE-RTT] CID:13 wall=0.9 ms  sim_delay=10.0 ms
>>> [UAV->CLOUD] BLK:4ce9|TX:7.0.0.17|CID:13|TS:11.244|SPD:20.5|HDG:-1.7|PX:265.1|PY:-40....
[PASSIVE-BEACON] SIMNOW:11.258 CID:10 ZONE:1 RXUAV:1 EDGEPORT:9998 TS:11.244 SPD:19.800 HDG:-1.400 PX:264.600 PY:-10.000 LAN:1 BRK:0 RX_X:0.000 RX_Y:0.000 RX_Z:0.000
[ZONE-ROUTE] CID:10 zone=1 edge_port=9998
[EDGE-RTT] CID:10 wall=2.1 ms  sim_delay=10.0 ms
>>> [UAV->CLOUD] BLK:48ae|TX:7.0.0.14|CID:10|TS:11.244|SPD:19.8|HDG:-1.4|PX:264.6|PY:-10....
✓ [CAR 9] ACT=OK REP=1.000 RWD=1.000 PNL=0.000 CREDIT=17
[PASSIVE-BEACON] SIMNOW:11.268 CID:11 ZONE:1 RXUAV:1 EDGEPORT:9998 TS:11.254 SPD:20.100 HDG:1.200 PX:265.800 PY:-20.000 LAN:2 BRK:0 RX_X:0.000 RX_Y:0.000 RX_Z:0.000
[ZONE-ROUTE] CID:11 zone=1 edge_port=9998
[EDGE-RTT] CID:11 wall=1.2 ms  sim_delay=10.0 ms
>>> [UAV->CLOUD] BLK:2181|TX:7.0.0.15|CID:11|TS:11.254|SPD:20.1|HDG:1.2|PX:265.8|PY:-20.0...
✓ [CAR 13] ACT=OK REP=0.938 RWD=1.000 PNL=0.000 CREDIT=18
✓ [CAR 10] ACT=OK REP=0.904 RWD=1.000 PNL=0.000 CREDIT=17
[PASSIVE-BEACON] SIMNOW:11.278 CID:12 ZONE:1 RXUAV:1 EDGEPORT:9998 TS:11.264 SPD:19.600 HDG:0.400 PX:264.800 PY:-30.000 LAN:3 BRK:1 RX_X:0.000 RX_Y:0.000 RX_Z:0.000
[ZONE-ROUTE] CID:12 zone=1 edge_port=9998
[EDGE-RTT] CID:12 wall=0.8 ms  sim_delay=10.0 ms
>>> [UAV->CLOUD] BLK:f44f|TX:7.0.0.16|CID:12|TS:11.264|SPD:19.6|HDG:0.4|PX:264.8|PY:-30.0...
✓ [CAR 11] ACT=OK REP=0.847 RWD=1.000 PNL=0.000 CREDIT=17
✓ [CAR 12] ACT=OK REP=1.000 RWD=1.000 PNL=0.000 CREDIT=18
[PASSIVE-BEACON] SIMNOW:11.317 CID:2 ZONE:1 RXUAV:1 EDGEPORT:9998 TS:11.300 SPD:20.400 HDG:0.500 PX:226.300 PY:-30.000 LAN:3 BRK:0 RX_X:0.000 RX_Y:0.000 RX_Z:0.000
[ZONE-ROUTE] CID:2 zone=1 edge_port=9998
[EDGE-RTT] CID:2 wall=0.9 ms  sim_delay=10.0 ms
>>> [UAV->CLOUD] BLK:a584|TX:7.0.0.6|CID:2|TS:11.300|SPD:20.4|HDG:0.5|PX:226.3|PY:-30.0|L...
✓ [CAR 2] ACT=OK REP=0.939 RWD=1.000 PNL=0.000 CREDIT=17
[PASSIVE-BEACON] SIMNOW:11.363 CID:4 ZONE:1 RXUAV:1 EDGEPORT:9998 TS:11.350 SPD:19.800 HDG:0.200 PX:226.400 PY:-50.000 LAN:5 BRK:0 RX_X:0.000 RX_Y:0.000 RX_Z:0.000
[ZONE-ROUTE] CID:4 zone=1 edge_port=9998
[EDGE-RTT] CID:4 wall=1.1 ms  sim_delay=10.0 ms
>>> [UAV->CLOUD] BLK:d579|TX:7.0.0.8|CID:4|TS:11.350|SPD:19.8|HDG:0.2|PX:226.4|PY:-50.0|L...
[PASSIVE-BEACON] SIMNOW:11.363 CID:3 ZONE:1 RXUAV:1 EDGEPORT:9998 TS:11.350 SPD:19.700 HDG:-1.800 PX:226.500 PY:-40.000 LAN:4 BRK:0 RX_X:0.000 RX_Y:0.000 RX_Z:0.000
[ZONE-ROUTE] CID:3 zone=1 edge_port=9998
[EDGE-RTT] CID:3 wall=3.0 ms  sim_delay=10.0 ms
>>> [UAV->CLOUD] BLK:880b|TX:7.0.0.7|CID:3|TS:11.350|SPD:19.7|HDG:-1.8|PX:226.5|PY:-40.0|...
[PASSIVE-BEACON] SIMNOW:11.365 CID:1 ZONE:1 RXUAV:1 EDGEPORT:9998 TS:11.340 SPD:20.000 HDG:1.500 PX:226.900 PY:-20.000 LAN:2 BRK:0 RX_X:0.000 RX_Y:0.000 RX_Z:0.000
[ZONE-ROUTE] CID:1 zone=1 edge_port=9998
[EDGE-RTT] CID:1 wall=0.5 ms  sim_delay=10.0 ms
>>> [UAV->CLOUD] BLK:de04|TX:7.0.0.5|CID:1|TS:11.340|SPD:20.0|HDG:1.5|PX:226.9|PY:-20.0|L...
✓ [CAR 4] ACT=OK REP=0.830 RWD=1.000 PNL=0.000 CREDIT=18
✓ [CAR 3] ACT=OK REP=0.980 RWD=1.000 PNL=0.000 CREDIT=17
✓ [CAR 1] ACT=OK REP=0.948 RWD=1.000 PNL=0.000 CREDIT=17
[PASSIVE-BEACON] SIMNOW:11.417 CID:8 ZONE:1 RXUAV:1 EDGEPORT:9998 TS:11.402 SPD:20.400 HDG:1.000 PX:247.700 PY:-40.000 LAN:4 BRK:0 RX_X:0.000 RX_Y:0.000 RX_Z:0.000
[ZONE-ROUTE] CID:8 zone=1 edge_port=9998
[EDGE-RTT] CID:8 wall=0.9 ms  sim_delay=10.0 ms
>>> [UAV->CLOUD] BLK:d11d|TX:7.0.0.12|CID:8|TS:11.402|SPD:20.4|HDG:1.0|PX:247.7|PY:-40.0|...
✓ [CAR 8] ACT=OK REP=1.000 RWD=1.000 PNL=0.000 CREDIT=17
[PASSIVE-BEACON] SIMNOW:11.453 CID:0 ZONE:1 RXUAV:1 EDGEPORT:9998 TS:11.440 SPD:19.600 HDG:0.000 PX:229.200 PY:-10.000 LAN:1 BRK:0 RX_X:0.000 RX_Y:0.000 RX_Z:0.000
[ZONE-ROUTE] CID:0 zone=1 edge_port=9998
[EDGE-RTT] CID:0 wall=0.8 ms  sim_delay=10.0 ms
>>> [UAV->CLOUD] BLK:ccee|TX:7.0.0.4|CID:0|TS:11.440|SPD:19.6|HDG:0.0|PX:229.2|PY:-10.0|L...
✓ [CAR 0] ACT=OK REP=0.754 RWD=1.000 PNL=0.000 CREDIT=17
[PASSIVE-BEACON] SIMNOW:11.496 CID:5 ZONE:1 RXUAV:1 EDGEPORT:9998 TS:11.482 SPD:19.600 HDG:0.500 PX:249.600 PY:-10.000 LAN:1 BRK:0 RX_X:0.000 RX_Y:0.000 RX_Z:0.000
[ZONE-ROUTE] CID:5 zone=1 edge_port=9998
[EDGE-RTT] CID:5 wall=1.3 ms  sim_delay=10.0 ms
>>> [UAV->CLOUD] BLK:c8d1|TX:7.0.0.9|CID:5|TS:11.482|SPD:19.6|HDG:0.5|PX:249.6|PY:-10.0|L...
[PASSIVE-BEACON] SIMNOW:11.498 CID:17 ZONE:1 RXUAV:1 EDGEPORT:9998 TS:11.486 SPD:20.100 HDG:-1.800 PX:289.800 PY:-30.000 LAN:3 BRK:0 RX_X:0.000 RX_Y:0.000 RX_Z:0.000
[ZONE-ROUTE] CID:17 zone=1 edge_port=9998
[EDGE-RTT] CID:17 wall=0.9 ms  sim_delay=10.0 ms
>>> [UAV->CLOUD] BLK:b874|TX:7.0.0.21|CID:17|TS:11.486|SPD:20.1|HDG:-1.8|PX:289.8|PY:-30....
✓ [CAR 5] ACT=OK REP=0.832 RWD=1.000 PNL=0.000 CREDIT=18
✓ [CAR 17] ACT=OK REP=0.832 RWD=1.000 PNL=0.000 CREDIT=17
[PASSIVE-BEACON] SIMNOW:11.530 CID:18 ZONE:1 RXUAV:1 EDGEPORT:9998 TS:11.516 SPD:19.600 HDG:1.700 PX:289.900 PY:-40.000 LAN:4 BRK:0 RX_X:0.000 RX_Y:0.000 RX_Z:0.000
[ZONE-ROUTE] CID:18 zone=1 edge_port=9998
[EDGE-RTT] CID:18 wall=1.0 ms  sim_delay=10.0 ms
>>> [UAV->CLOUD] BLK:daea|TX:7.0.0.22|CID:18|TS:11.516|SPD:19.6|HDG:1.7|PX:289.9|PY:-40.0...
[PASSIVE-BEACON] SIMNOW:11.540 CID:15 ZONE:1 RXUAV:1 EDGEPORT:9998 TS:11.526 SPD:20.300 HDG:-1.100 PX:290.500 PY:-10.000 LAN:1 BRK:0 RX_X:0.000 RX_Y:0.000 RX_Z:0.000
[ZONE-ROUTE] CID:15 zone=1 edge_port=9998
[EDGE-RTT] CID:15 wall=1.0 ms  sim_delay=10.0 ms
[TRUST-UPGRADE] CID:15 earned REDUCE_SCRUTINY after 20 clean packets → latency × 0.5
>>> [UAV->CLOUD] BLK:051f|TX:7.0.0.19|CID:15|TS:11.526|SPD:20.3|HDG:-1.1|PX:290.5|PY:-10....
[PASSIVE-BEACON] SIMNOW:11.540 CID:16 ZONE:1 RXUAV:1 EDGEPORT:9998 TS:11.526 SPD:19.700 HDG:0.100 PX:291.000 PY:-20.000 LAN:2 BRK:1 RX_X:0.000 RX_Y:0.000 RX_Z:0.000
[ZONE-ROUTE] CID:16 zone=1 edge_port=9998
[EDGE-RTT] CID:16 wall=2.6 ms  sim_delay=10.0 ms
[TRUST-UPGRADE] CID:16 earned REDUCE_SCRUTINY after 20 clean packets → latency × 0.5
>>> [UAV->CLOUD] BLK:70fd|TX:7.0.0.20|CID:16|TS:11.526|SPD:19.7|HDG:0.1|PX:291.0|PY:-20.0...
✓ [CAR 18] ACT=OK REP=0.929 RWD=1.000 PNL=0.000 CREDIT=18
[TRUST-APPLIED] CID:15 REDUCE_SCRUTINY → latency=5.000ms (was 10.000ms)
✓ [CAR 15] ACT=OK REP=0.500 RWD=1.500 PNL=0.000 CREDIT=20
[TRUST-APPLIED] CID:16 REDUCE_SCRUTINY → latency=5.000ms (was 10.000ms)
✓ [CAR 16] ACT=OK REP=0.500 RWD=1.500 PNL=0.000 CREDIT=20
✓ [CAR 15] ACT=OK REP=0.670 RWD=1.000 PNL=0.000 CREDIT=19
✓ [CAR 16] ACT=OK REP=0.866 RWD=1.000 PNL=0.000 CREDIT=19
[PASSIVE-BEACON] SIMNOW:11.636 CID:7 ZONE:1 RXUAV:1 EDGEPORT:9998 TS:11.622 SPD:20.100 HDG:0.400 PX:252.100 PY:-30.000 LAN:3 BRK:0 RX_X:0.000 RX_Y:0.000 RX_Z:0.000
[ZONE-ROUTE] CID:7 zone=1 edge_port=9998
[EDGE-RTT] CID:7 wall=0.9 ms  sim_delay=10.0 ms
[TRUST-UPGRADE] CID:7 earned REDUCE_SCRUTINY after 20 clean packets → latency × 0.5
>>> [UAV->CLOUD] BLK:0bf3|TX:7.0.0.11|CID:7|TS:11.622|SPD:20.1|HDG:0.4|PX:252.1|PY:-30.0|...
[TRUST-APPLIED] CID:7 REDUCE_SCRUTINY → latency=5.0ms (was 10.0ms)
✓ [CAR 7] ACT=OK REP=0.500 RWD=1.500 PNL=0.000 CREDIT=20
✓ [CAR 7] ACT=OK REP=0.862 RWD=1.000 PNL=0.000 CREDIT=19
[PASSIVE-BEACON] SIMNOW:11.677 CID:14 ZONE:1 RXUAV:1 EDGEPORT:9998 TS:11.664 SPD:20.300 HDG:-1.700 PX:273.600 PY:-50.000 LAN:5 BRK:1 RX_X:0.000 RX_Y:0.000 RX_Z:0.000
[ZONE-ROUTE] CID:14 zone=1 edge_port=9998
[EDGE-RTT] CID:14 wall=0.9 ms  sim_delay=10.0 ms
[TRUST-UPGRADE] CID:14 earned REDUCE_SCRUTINY after 20 clean packets → latency × 0.5
>>> [UAV->CLOUD] BLK:fa41|TX:7.0.0.18|CID:14|TS:11.664|SPD:20.3|HDG:-1.7|PX:273.6|PY:-50....
[PASSIVE-BEACON] SIMNOW:11.686 CID:6 ZONE:1 RXUAV:1 EDGEPORT:9998 TS:11.672 SPD:19.700 HDG:1.600 PX:253.000 PY:-20.000 LAN:2 BRK:0 RX_X:0.000 RX_Y:0.000 RX_Z:0.000
[ZONE-ROUTE] CID:6 zone=1 edge_port=9998
[EDGE-RTT] CID:6 wall=0.6 ms  sim_delay=10.0 ms
[TRUST-UPGRADE] CID:6 earned REDUCE_SCRUTINY after 20 clean packets → latency × 0.5
>>> [UAV->CLOUD] BLK:1e4a|TX:7.0.0.10|CID:6|TS:11.672|SPD:19.7|HDG:1.6|PX:253.0|PY:-20.0|...
[TRUST-APPLIED] CID:14 REDUCE_SCRUTINY → latency=5.0ms (was 10.0ms)
✓ [CAR 14] ACT=OK REP=0.500 RWD=1.500 PNL=0.000 CREDIT=20
✓ [CAR 14] ACT=OK REP=1.000 RWD=1.000 PNL=0.000 CREDIT=19
[TRUST-APPLIED] CID:6 REDUCE_SCRUTINY → latency=5.000ms (was 10.000ms)
✓ [CAR 6] ACT=OK REP=0.500 RWD=1.500 PNL=0.000 CREDIT=20
✓ [CAR 6] ACT=OK REP=1.000 RWD=1.000 PNL=0.000 CREDIT=19
[PASSIVE-BEACON] SIMNOW:11.710 CID:19 ZONE:1 RXUAV:1 EDGEPORT:9998 TS:11.696 SPD:20.400 HDG:-1.800 PX:293.300 PY:-50.000 LAN:5 BRK:0 RX_X:0.000 RX_Y:0.000 RX_Z:0.000
[ZONE-ROUTE] CID:19 zone=1 edge_port=9998
[EDGE-RTT] CID:19 wall=0.9 ms  sim_delay=10.0 ms
[TRUST-UPGRADE] CID:19 earned REDUCE_SCRUTINY after 20 clean packets → latency × 0.5
>>> [UAV->CLOUD] BLK:8a5f|TX:7.0.0.23|CID:19|TS:11.696|SPD:20.4|HDG:-1.8|PX:293.3|PY:-50....
[TRUST-APPLIED] CID:19 REDUCE_SCRUTINY → latency=5.0ms (was 10.0ms)
✓ [CAR 19] ACT=OK REP=0.500 RWD=1.500 PNL=0.000 CREDIT=20
✓ [CAR 19] ACT=OK REP=0.839 RWD=1.000 PNL=0.000 CREDIT=19
[PASSIVE-BEACON] SIMNOW:11.744 CID:9 ZONE:1 RXUAV:1 EDGEPORT:9998 TS:11.732 SPD:20.400 HDG:-0.200 PX:254.900 PY:-50.000 LAN:5 BRK:0 RX_X:0.000 RX_Y:0.000 RX_Z:0.000
[ZONE-ROUTE] CID:9 zone=1 edge_port=9998
[EDGE-RTT] CID:9 wall=1.0 ms  sim_delay=10.0 ms
>>> [UAV->CLOUD] BLK:145e|TX:7.0.0.13|CID:9|TS:11.732|SPD:20.4|HDG:-0.2|PX:254.9|PY:-50.0...
✓ [CAR 9] ACT=OK REP=1.000 RWD=1.000 PNL=0.000 CREDIT=18
[PASSIVE-BEACON] SIMNOW:11.758 CID:13 ZONE:1 RXUAV:1 EDGEPORT:9998 TS:11.744 SPD:20.200 HDG:0.800 PX:274.700 PY:-40.000 LAN:4 BRK:0 RX_X:0.000 RX_Y:0.000 RX_Z:0.000
[ZONE-ROUTE] CID:13 zone=1 edge_port=9998
[EDGE-RTT] CID:13 wall=1.0 ms  sim_delay=10.0 ms
[TRUST-UPGRADE] CID:13 earned REDUCE_SCRUTINY after 20 clean packets → latency × 0.5
>>> [UAV->CLOUD] BLK:d2cc|TX:7.0.0.17|CID:13|TS:11.744|SPD:20.2|HDG:0.8|PX:274.7|PY:-40.0...
[PASSIVE-BEACON] SIMNOW:11.758 CID:10 ZONE:1 RXUAV:1 EDGEPORT:9998 TS:11.744 SPD:20.300 HDG:-1.900 PX:275.600 PY:-10.000 LAN:1 BRK:0 RX_X:0.000 RX_Y:0.000 RX_Z:0.000
[ZONE-ROUTE] CID:10 zone=1 edge_port=9998
[EDGE-RTT] CID:10 wall=2.1 ms  sim_delay=10.0 ms
>>> [UAV->CLOUD] BLK:bd10|TX:7.0.0.14|CID:10|TS:11.744|SPD:20.3|HDG:-1.9|PX:275.6|PY:-10....
[PASSIVE-BEACON] SIMNOW:11.767 CID:11 ZONE:1 RXUAV:1 EDGEPORT:9998 TS:11.754 SPD:19.800 HDG:0.300 PX:274.300 PY:-20.000 LAN:2 BRK:0 RX_X:0.000 RX_Y:0.000 RX_Z:0.000
[ZONE-ROUTE] CID:11 zone=1 edge_port=9998
[EDGE-RTT] CID:11 wall=1.0 ms  sim_delay=10.0 ms
>>> [UAV->CLOUD] BLK:b695|TX:7.0.0.15|CID:11|TS:11.754|SPD:19.8|HDG:0.3|PX:274.3|PY:-20.0...
[TRUST-APPLIED] CID:13 REDUCE_SCRUTINY → latency=5.0ms (was 10.0ms)
✓ [CAR 13] ACT=OK REP=0.500 RWD=1.500 PNL=0.000 CREDIT=20
✓ [CAR 13] ACT=OK REP=1.000 RWD=1.000 PNL=0.000 CREDIT=19
✓ [CAR 10] ACT=OK REP=1.000 RWD=1.000 PNL=0.000 CREDIT=18
[PASSIVE-BEACON] SIMNOW:11.778 CID:12 ZONE:1 RXUAV:1 EDGEPORT:9998 TS:11.764 SPD:19.800 HDG:1.900 PX:275.400 PY:-30.000 LAN:3 BRK:0 RX_X:0.000 RX_Y:0.000 RX_Z:0.000
[ZONE-ROUTE] CID:12 zone=1 edge_port=9998
[EDGE-RTT] CID:12 wall=1.1 ms  sim_delay=10.0 ms
[TRUST-UPGRADE] CID:12 earned REDUCE_SCRUTINY after 20 clean packets → latency × 0.5
>>> [UAV->CLOUD] BLK:6c6e|TX:7.0.0.16|CID:12|TS:11.764|SPD:19.8|HDG:1.9|PX:275.4|PY:-30.0...
✓ [CAR 11] ACT=OK REP=0.577 RWD=1.000 PNL=0.000 CREDIT=18
[TRUST-APPLIED] CID:12 REDUCE_SCRUTINY → latency=5.000ms (was 10.000ms)
✓ [CAR 12] ACT=OK REP=0.500 RWD=1.500 PNL=0.000 CREDIT=20
✓ [CAR 12] ACT=OK REP=1.000 RWD=1.000 PNL=0.000 CREDIT=19
[PASSIVE-BEACON] SIMNOW:11.857 CID:1 ZONE:1 RXUAV:1 EDGEPORT:9998 TS:11.840 SPD:19.900 HDG:1.100 PX:237.500 PY:-20.000 LAN:2 BRK:0 RX_X:0.000 RX_Y:0.000 RX_Z:0.000
[ZONE-ROUTE] CID:1 zone=1 edge_port=9998
[EDGE-RTT] CID:1 wall=1.1 ms  sim_delay=10.0 ms
>>> [UAV->CLOUD] BLK:45f9|TX:7.0.0.5|CID:1|TS:11.840|SPD:19.9|HDG:1.1|PX:237.5|PY:-20.0|L...
[PASSIVE-BEACON] SIMNOW:11.865 CID:3 ZONE:1 RXUAV:1 EDGEPORT:9998 TS:11.850 SPD:20.500 HDG:0.200 PX:236.400 PY:-40.000 LAN:4 BRK:0 RX_X:0.000 RX_Y:0.000 RX_Z:0.000
[ZONE-ROUTE] CID:3 zone=1 edge_port=9998
[EDGE-RTT] CID:3 wall=0.8 ms  sim_delay=10.0 ms
>>> [UAV->CLOUD] BLK:0a5b|TX:7.0.0.7|CID:3|TS:11.850|SPD:20.5|HDG:0.2|PX:236.4|PY:-40.0|L...
[PASSIVE-BEACON] SIMNOW:11.868 CID:4 ZONE:1 RXUAV:1 EDGEPORT:9998 TS:11.850 SPD:20.300 HDG:-1.400 PX:236.800 PY:-50.000 LAN:5 BRK:0 RX_X:0.000 RX_Y:0.000 RX_Z:0.000
[ZONE-ROUTE] CID:4 zone=1 edge_port=9998
[EDGE-RTT] CID:4 wall=0.6 ms  sim_delay=10.0 ms
[TRUST-UPGRADE] CID:4 earned REDUCE_SCRUTINY after 20 clean packets → latency × 0.5
>>> [UAV->CLOUD] BLK:7d8d|TX:7.0.0.8|CID:4|TS:11.850|SPD:20.3|HDG:-1.4|PX:236.8|PY:-50.0|...
✓ [CAR 1] ACT=OK REP=1.000 RWD=1.000 PNL=0.000 CREDIT=18
✓ [CAR 3] ACT=OK REP=1.000 RWD=1.000 PNL=0.000 CREDIT=18
[TRUST-APPLIED] CID:4 REDUCE_SCRUTINY → latency=5.000ms (was 10.000ms)
✓ [CAR 4] ACT=OK REP=0.500 RWD=1.500 PNL=0.000 CREDIT=20
✓ [CAR 4] ACT=OK REP=0.775 RWD=1.000 PNL=0.000 CREDIT=19
[PASSIVE-BEACON] SIMNOW:11.916 CID:8 ZONE:1 RXUAV:1 EDGEPORT:9998 TS:11.902 SPD:19.600 HDG:-1.800 PX:258.600 PY:-40.000 LAN:4 BRK:0 RX_X:0.000 RX_Y:0.000 RX_Z:0.000
[ZONE-ROUTE] CID:8 zone=1 edge_port=9998
[EDGE-RTT] CID:8 wall=0.6 ms  sim_delay=10.0 ms
>>> [UAV->CLOUD] BLK:4c93|TX:7.0.0.12|CID:8|TS:11.902|SPD:19.6|HDG:-1.8|PX:258.6|PY:-40.0...
✓ [CAR 8] ACT=OK REP=1.000 RWD=1.000 PNL=0.000 CREDIT=18
[PASSIVE-BEACON] SIMNOW:11.948 CID:2 ZONE:1 RXUAV:1 EDGEPORT:9998 TS:11.800 SPD:19.500 HDG:-0.800 PX:236.700 PY:-30.000 LAN:3 BRK:0 RX_X:0.000 RX_Y:0.000 RX_Z:0.000
[ZONE-ROUTE] CID:2 zone=1 edge_port=9998
[EDGE-RTT] CID:2 wall=1.0 ms  sim_delay=10.0 ms
>>> [UAV->CLOUD] BLK:978e|TX:7.0.0.6|CID:2|TS:11.800|SPD:19.5|HDG:-0.8|PX:236.7|PY:-30.0|...
[PASSIVE-BEACON] SIMNOW:11.954 CID:0 ZONE:1 RXUAV:1 EDGEPORT:9998 TS:11.940 SPD:25.200 HDG:0.200 PX:238.900 PY:-10.000 LAN:1 BRK:1 RX_X:0.000 RX_Y:0.000 RX_Z:0.000
[ZONE-ROUTE] CID:0 zone=1 edge_port=9998
[EDGE-RTT] CID:0 wall=0.9 ms  sim_delay=10.0 ms
>>> [UAV->CLOUD] BLK:6936|TX:7.0.0.4|CID:0|TS:11.940|SPD:25.2|HDG:0.2|PX:238.9|PY:-10.0|L...
✓ [CAR 2] ACT=OK REP=0.728 RWD=1.000 PNL=0.000 CREDIT=18
[ECON-CLAWBACK] CID:0 ACT=WARN prior_payoff=19.496 extra_penalty=15.622 new_payoff=3.795
[TRUST-REVOKED] CID:0 benefits revoked logically; lane=1 speed=20.000 latency=10.000ms
[FORGIVENESS] CID:0 WARN #1 — streak reset, benefits revoked
⚠ [CAR 0] ACT=WARN REP=1.000 RWD=0.000 PNL=15.701 CREDIT=16
[PASSIVE-BEACON] SIMNOW:11.996 CID:5 ZONE:1 RXUAV:1 EDGEPORT:9998 TS:11.982 SPD:24.900 HDG:-1.100 PX:259.600 PY:-10.000 LAN:1 BRK:1 RX_X:0.000 RX_Y:0.000 RX_Z:0.000
[ZONE-ROUTE] CID:5 zone=1 edge_port=9998
[EDGE-RTT] CID:5 wall=0.9 ms  sim_delay=10.0 ms
>>> [UAV->CLOUD] BLK:d090|TX:7.0.0.9|CID:5|TS:11.982|SPD:24.9|HDG:-1.1|PX:259.6|PY:-10.0|...
[PASSIVE-BEACON] SIMNOW:12.001 CID:17 ZONE:1 RXUAV:1 EDGEPORT:9998 TS:11.986 SPD:19.800 HDG:-0.300 PX:299.400 PY:-30.000 LAN:3 BRK:0 RX_X:0.000 RX_Y:0.000 RX_Z:0.000
[ZONE-ROUTE] CID:17 zone=1 edge_port=9998
[EDGE-RTT] CID:17 wall=1.0 ms  sim_delay=10.0 ms
>>> [UAV->CLOUD] BLK:fd56|TX:7.0.0.21|CID:17|TS:11.986|SPD:19.8|HDG:-0.3|PX:299.4|PY:-30....
[ECON-CLAWBACK] CID:5 ACT=WARN prior_payoff=20.5 extra_penalty=16.4 new_payoff=4.0
[TRUST-REVOKED] CID:5 benefits revoked logically; lane=1 speed=20.0 latency=10.0ms
[FORGIVENESS] CID:5 WARN #1 — streak reset, benefits revoked
⚠ [CAR 5] ACT=WARN REP=0.885 RWD=0.000 PNL=16.448 CREDIT=17
✓ [CAR 17] ACT=OK REP=0.928 RWD=1.000 PNL=0.000 CREDIT=18
[PASSIVE-BEACON] SIMNOW:12.030 CID:18 ZONE:1 RXUAV:1 EDGEPORT:9998 TS:12.016 SPD:19.900 HDG:-1.200 PX:299.600 PY:-40.000 LAN:4 BRK:0 RX_X:0.000 RX_Y:0.000 RX_Z:0.000
[ZONE-ROUTE] CID:18 zone=1 edge_port=9998
[EDGE-RTT] CID:18 wall=1.0 ms  sim_delay=10.0 ms
[TRUST-UPGRADE] CID:18 earned REDUCE_SCRUTINY after 20 clean packets → latency × 0.5
>>> [UAV->CLOUD] BLK:3c76|TX:7.0.0.22|CID:18|TS:12.016|SPD:19.9|HDG:-1.2|PX:299.6|PY:-40....
[PASSIVE-BEACON] SIMNOW:12.040 CID:16 ZONE:1 RXUAV:1 EDGEPORT:9998 TS:12.026 SPD:20.200 HDG:0.900 PX:300.300 PY:-20.000 LAN:2 BRK:1 RX_X:0.000 RX_Y:0.000 RX_Z:0.000
[ZONE-ROUTE] CID:16 zone=1 edge_port=9998
[EDGE-RTT] CID:16 wall=0.7 ms  sim_delay=5.0 ms
>>> [UAV->CLOUD] BLK:5a17|TX:7.0.0.20|CID:16|TS:12.026|SPD:20.2|HDG:0.9|PX:300.3|PY:-20.0...
[PASSIVE-BEACON] SIMNOW:12.041 CID:15 ZONE:1 RXUAV:1 EDGEPORT:9998 TS:12.026 SPD:25.400 HDG:0.700 PX:300.700 PY:-10.000 LAN:1 BRK:0 RX_X:0.000 RX_Y:0.000 RX_Z:0.000
[ZONE-ROUTE] CID:15 zone=1 edge_port=9998
[EDGE-RTT] CID:15 wall=1.8 ms  sim_delay=5.0 ms
>>> [UAV->CLOUD] BLK:2c6c|TX:7.0.0.19|CID:15|TS:12.026|SPD:25.4|HDG:0.7|PX:300.7|PY:-10.0...
[TRUST-APPLIED] CID:18 REDUCE_SCRUTINY → latency=5.0ms (was 10.0ms)
✓ [CAR 18] ACT=OK REP=0.500 RWD=1.500 PNL=0.000 CREDIT=20
✓ [CAR 18] ACT=OK REP=0.837 RWD=1.000 PNL=0.000 CREDIT=19
✓ [CAR 16] ACT=OK REP=0.961 RWD=1.000 PNL=0.000 CREDIT=20
[ECON-CLAWBACK] CID:15 ACT=WARN prior_payoff=22.996 extra_penalty=18.247 new_payoff=4.672
[TRUST-REVOKED] CID:15 benefits revoked logically; lane=1 speed=20.000 latency=10.000ms
[FORGIVENESS] CID:15 WARN #1 — streak reset, benefits revoked
⚠ [CAR 15] ACT=WARN REP=0.933 RWD=0.000 PNL=18.324 CREDIT=18
[PASSIVE-BEACON] SIMNOW:12.136 CID:7 ZONE:1 RXUAV:1 EDGEPORT:9998 TS:12.122 SPD:19.800 HDG:-0.800 PX:262.800 PY:-30.000 LAN:3 BRK:0 RX_X:0.000 RX_Y:0.000 RX_Z:0.000
[ZONE-ROUTE] CID:7 zone=1 edge_port=9998
[EDGE-RTT] CID:7 wall=1.3 ms  sim_delay=5.0 ms
>>> [UAV->CLOUD] BLK:9d5d|TX:7.0.0.11|CID:7|TS:12.122|SPD:19.8|HDG:-0.8|PX:262.8|PY:-30.0...
✓ [CAR 7] ACT=OK REP=1.000 RWD=1.000 PNL=0.000 CREDIT=20
[PASSIVE-BEACON] SIMNOW:12.179 CID:14 ZONE:1 RXUAV:1 EDGEPORT:9998 TS:12.164 SPD:20.400 HDG:0.100 PX:283.700 PY:-50.000 LAN:5 BRK:1 RX_X:0.000 RX_Y:0.000 RX_Z:0.000
[ZONE-ROUTE] CID:14 zone=1 edge_port=9998
[EDGE-RTT] CID:14 wall=0.8 ms  sim_delay=5.0 ms
>>> [UAV->CLOUD] BLK:01aa|TX:7.0.0.18|CID:14|TS:12.164|SPD:20.4|HDG:0.1|PX:283.7|PY:-50.0...
[PASSIVE-BEACON] SIMNOW:12.186 CID:6 ZONE:1 RXUAV:1 EDGEPORT:9998 TS:12.172 SPD:19.900 HDG:0.000 PX:264.100 PY:-20.000 LAN:2 BRK:0 RX_X:0.000 RX_Y:0.000 RX_Z:0.000
[ZONE-ROUTE] CID:6 zone=1 edge_port=9998
[EDGE-RTT] CID:6 wall=0.9 ms  sim_delay=5.0 ms
>>> [UAV->CLOUD] BLK:27be|TX:7.0.0.10|CID:6|TS:12.172|SPD:19.9|HDG:0.0|PX:264.1|PY:-20.0|...
✓ [CAR 14] ACT=OK REP=1.000 RWD=1.000 PNL=0.000 CREDIT=20
✓ [CAR 6] ACT=OK REP=1.000 RWD=1.000 PNL=0.000 CREDIT=20
[PASSIVE-BEACON] SIMNOW:12.210 CID:19 ZONE:1 RXUAV:1 EDGEPORT:9998 TS:12.196 SPD:20.000 HDG:-0.100 PX:303.500 PY:-50.000 LAN:5 BRK:0 RX_X:0.000 RX_Y:0.000 RX_Z:0.000
[ZONE-ROUTE] CID:19 zone=1 edge_port=9998
[EDGE-RTT] CID:19 wall=1.1 ms  sim_delay=5.0 ms
>>> [UAV->CLOUD] BLK:6b98|TX:7.0.0.23|CID:19|TS:12.196|SPD:20.0|HDG:-0.1|PX:303.5|PY:-50....
✓ [CAR 19] ACT=OK REP=0.841 RWD=1.000 PNL=0.000 CREDIT=20
[PASSIVE-BEACON] SIMNOW:12.246 CID:9 ZONE:1 RXUAV:1 EDGEPORT:9998 TS:12.232 SPD:20.400 HDG:0.800 PX:264.400 PY:-50.000 LAN:5 BRK:1 RX_X:0.000 RX_Y:0.000 RX_Z:0.000
[ZONE-ROUTE] CID:9 zone=1 edge_port=9998
[EDGE-RTT] CID:9 wall=1.0 ms  sim_delay=10.0 ms
[TRUST-UPGRADE] CID:9 earned REDUCE_SCRUTINY after 20 clean packets → latency × 0.5
>>> [UAV->CLOUD] BLK:928d|TX:7.0.0.13|CID:9|TS:12.232|SPD:20.4|HDG:0.8|PX:264.4|PY:-50.0|...
[PASSIVE-BEACON] SIMNOW:12.258 CID:13 ZONE:1 RXUAV:1 EDGEPORT:9998 TS:12.244 SPD:19.900 HDG:0.600 PX:285.100 PY:-40.000 LAN:4 BRK:0 RX_X:0.000 RX_Y:0.000 RX_Z:0.000
[ZONE-ROUTE] CID:13 zone=1 edge_port=9998
[EDGE-RTT] CID:13 wall=1.0 ms  sim_delay=5.0 ms
>>> [UAV->CLOUD] BLK:aa67|TX:7.0.0.17|CID:13|TS:12.244|SPD:19.9|HDG:0.6|PX:285.1|PY:-40.0...
[PASSIVE-BEACON] SIMNOW:12.258 CID:10 ZONE:1 RXUAV:1 EDGEPORT:9998 TS:12.244 SPD:24.700 HDG:-0.000 PX:286.100 PY:-10.000 LAN:1 BRK:1 RX_X:0.000 RX_Y:0.000 RX_Z:0.000
[ZONE-ROUTE] CID:10 zone=1 edge_port=9998
[EDGE-RTT] CID:10 wall=3.1 ms  sim_delay=10.0 ms
>>> [UAV->CLOUD] BLK:f3b5|TX:7.0.0.14|CID:10|TS:12.244|SPD:24.7|HDG:-0.0|PX:286.1|PY:-10....
[TRUST-APPLIED] CID:9 REDUCE_SCRUTINY → latency=5.0ms (was 10.0ms)
✓ [CAR 9] ACT=OK REP=0.500 RWD=1.500 PNL=0.000 CREDIT=20
✓ [CAR 9] ACT=OK REP=0.981 RWD=1.000 PNL=0.000 CREDIT=19
[PASSIVE-BEACON] SIMNOW:12.268 CID:11 ZONE:1 RXUAV:1 EDGEPORT:9998 TS:12.254 SPD:19.600 HDG:-0.000 PX:284.700 PY:-20.000 LAN:2 BRK:0 RX_X:0.000 RX_Y:0.000 RX_Z:0.000
[ZONE-ROUTE] CID:11 zone=1 edge_port=9998
[EDGE-RTT] CID:11 wall=1.3 ms  sim_delay=10.0 ms
[TRUST-UPGRADE] CID:11 earned REDUCE_SCRUTINY after 20 clean packets → latency × 0.5
>>> [UAV->CLOUD] BLK:885c|TX:7.0.0.15|CID:11|TS:12.254|SPD:19.6|HDG:-0.0|PX:284.7|PY:-20....
✓ [CAR 13] ACT=OK REP=0.799 RWD=1.000 PNL=0.000 CREDIT=20
[ECON-CLAWBACK] CID:10 ACT=WARN prior_payoff=20.496 extra_penalty=16.372 new_payoff=4.049
[TRUST-REVOKED] CID:10 benefits revoked logically; lane=1 speed=20.000 latency=10.000ms
[FORGIVENESS] CID:10 WARN #1 — streak reset, benefits revoked
⚠ [CAR 10] ACT=WARN REP=0.765 RWD=0.000 PNL=16.447 CREDIT=17
[PASSIVE-BEACON] SIMNOW:12.278 CID:12 ZONE:1 RXUAV:1 EDGEPORT:9998 TS:12.264 SPD:19.700 HDG:-1.300 PX:285.300 PY:-30.000 LAN:3 BRK:0 RX_X:0.000 RX_Y:0.000 RX_Z:0.000
[ZONE-ROUTE] CID:12 zone=1 edge_port=9998
[EDGE-RTT] CID:12 wall=1.0 ms  sim_delay=5.0 ms
>>> [UAV->CLOUD] BLK:535d|TX:7.0.0.16|CID:12|TS:12.264|SPD:19.7|HDG:-1.3|PX:285.3|PY:-30....
[TRUST-APPLIED] CID:11 REDUCE_SCRUTINY → latency=5.0ms (was 10.0ms)
✓ [CAR 11] ACT=OK REP=0.500 RWD=1.500 PNL=0.000 CREDIT=20
✓ [CAR 11] ACT=OK REP=0.493 RWD=1.000 PNL=0.000 CREDIT=19
✓ [CAR 12] ACT=OK REP=0.755 RWD=1.000 PNL=0.000 CREDIT=20
[PASSIVE-BEACON] SIMNOW:12.352 CID:1 ZONE:1 RXUAV:1 EDGEPORT:9998 TS:12.340 SPD:20.200 HDG:0.300 PX:247.200 PY:-20.000 LAN:2 BRK:0 RX_X:0.000 RX_Y:0.000 RX_Z:0.000
[ZONE-ROUTE] CID:1 zone=1 edge_port=9998
[EDGE-RTT] CID:1 wall=1.3 ms  sim_delay=10.0 ms
[TRUST-UPGRADE] CID:1 earned REDUCE_SCRUTINY after 20 clean packets → latency × 0.5
>>> [UAV->CLOUD] BLK:6e69|TX:7.0.0.5|CID:1|TS:12.340|SPD:20.2|HDG:0.3|PX:247.2|PY:-20.0|L...
[PASSIVE-BEACON] SIMNOW:12.364 CID:4 ZONE:1 RXUAV:1 EDGEPORT:9998 TS:12.350 SPD:20.400 HDG:-0.600 PX:247.700 PY:-50.000 LAN:5 BRK:0 RX_X:0.000 RX_Y:0.000 RX_Z:0.000
[ZONE-ROUTE] CID:4 zone=1 edge_port=9998
[EDGE-RTT] CID:4 wall=1.1 ms  sim_delay=5.0 ms
>>> [UAV->CLOUD] BLK:08fd|TX:7.0.0.8|CID:4|TS:12.350|SPD:20.4|HDG:-0.6|PX:247.7|PY:-50.0|...
[PASSIVE-BEACON] SIMNOW:12.364 CID:3 ZONE:1 RXUAV:1 EDGEPORT:9998 TS:12.350 SPD:20.100 HDG:-1.800 PX:247.500 PY:-40.000 LAN:4 BRK:1 RX_X:0.000 RX_Y:0.000 RX_Z:0.000
[ZONE-ROUTE] CID:3 zone=1 edge_port=9998
[EDGE-RTT] CID:3 wall=2.0 ms  sim_delay=10.0 ms
[TRUST-UPGRADE] CID:3 earned REDUCE_SCRUTINY after 20 clean packets → latency × 0.5
>>> [UAV->CLOUD] BLK:b7b6|TX:7.0.0.7|CID:3|TS:12.350|SPD:20.1|HDG:-1.8|PX:247.5|PY:-40.0|...
[TRUST-APPLIED] CID:1 REDUCE_SCRUTINY → latency=5.0ms (was 10.0ms)
✓ [CAR 1] ACT=OK REP=0.500 RWD=1.500 PNL=0.000 CREDIT=20
✓ [CAR 1] ACT=OK REP=0.763 RWD=1.000 PNL=0.000 CREDIT=19
[TRUST-APPLIED] CID:3 REDUCE_SCRUTINY → latency=5.000ms (was 10.000ms)
✓ [CAR 3] ACT=OK REP=0.500 RWD=1.500 PNL=0.000 CREDIT=20
✓ [CAR 4] ACT=OK REP=0.685 RWD=1.000 PNL=0.000 CREDIT=20
✓ [CAR 3] ACT=OK REP=1.000 RWD=1.000 PNL=0.000 CREDIT=19
[PASSIVE-BEACON] SIMNOW:12.416 CID:8 ZONE:1 RXUAV:1 EDGEPORT:9998 TS:12.402 SPD:20.400 HDG:-0.500 PX:268.300 PY:-40.000 LAN:4 BRK:1 RX_X:0.000 RX_Y:0.000 RX_Z:0.000
[ZONE-ROUTE] CID:8 zone=1 edge_port=9998
[EDGE-RTT] CID:8 wall=1.2 ms  sim_delay=10.0 ms
[TRUST-UPGRADE] CID:8 earned REDUCE_SCRUTINY after 20 clean packets → latency × 0.5
>>> [UAV->CLOUD] BLK:a7b1|TX:7.0.0.12|CID:8|TS:12.402|SPD:20.4|HDG:-0.5|PX:268.3|PY:-40.0...
[TRUST-APPLIED] CID:8 REDUCE_SCRUTINY → latency=5.0ms (was 10.0ms)
✓ [CAR 8] ACT=OK REP=0.500 RWD=1.500 PNL=0.000 CREDIT=20
✓ [CAR 8] ACT=OK REP=0.804 RWD=1.000 PNL=0.000 CREDIT=19
[PASSIVE-BEACON] SIMNOW:12.454 CID:0 ZONE:1 RXUAV:1 EDGEPORT:9998 TS:12.440 SPD:24.700 HDG:1.600 PX:251.200 PY:-10.000 LAN:1 BRK:0 RX_X:0.000 RX_Y:0.000 RX_Z:0.000
[ZONE-ROUTE] CID:0 zone=1 edge_port=9998
[EDGE-RTT] CID:0 wall=1.2 ms  sim_delay=10.0 ms
>>> [UAV->CLOUD] BLK:4c42|TX:7.0.0.4|CID:0|TS:12.440|SPD:24.7|HDG:1.6|PX:251.2|PY:-10.0|L...
[ECON-CLAWBACK] CID:0 ACT=WARN prior_payoff=3.8 extra_penalty=3.1 new_payoff=0.6
[FORGIVENESS] CID:0 WARN #2 — streak reset, benefits revoked
⚠ [CAR 0] ACT=WARN REP=0.692 RWD=0.000 PNL=3.241 CREDIT=-2
[PASSIVE-BEACON] SIMNOW:12.468 CID:2 ZONE:1 RXUAV:1 EDGEPORT:9998 TS:12.300 SPD:20.300 HDG:0.200 PX:245.400 PY:-30.000 LAN:3 BRK:0 RX_X:0.000 RX_Y:0.000 RX_Z:0.000
[ZONE-ROUTE] CID:2 zone=1 edge_port=9998
[EDGE-RTT] CID:2 wall=1.1 ms  sim_delay=10.0 ms
[TRUST-UPGRADE] CID:2 earned REDUCE_SCRUTINY after 20 clean packets → latency × 0.5
>>> [UAV->CLOUD] BLK:50f6|TX:7.0.0.6|CID:2|TS:12.300|SPD:20.3|HDG:0.2|PX:245.4|PY:-30.0|L...
[TRUST-APPLIED] CID:2 REDUCE_SCRUTINY → latency=5.0ms (was 10.0ms)
✓ [CAR 2] ACT=OK REP=0.500 RWD=1.500 PNL=0.000 CREDIT=20
✓ [CAR 2] ACT=OK REP=0.823 RWD=1.000 PNL=0.000 CREDIT=19
[PASSIVE-BEACON] SIMNOW:12.497 CID:5 ZONE:1 RXUAV:1 EDGEPORT:9998 TS:12.482 SPD:24.700 HDG:-0.800 PX:272.700 PY:-10.000 LAN:1 BRK:0 RX_X:0.000 RX_Y:0.000 RX_Z:0.000
[ZONE-ROUTE] CID:5 zone=1 edge_port=9998
[EDGE-RTT] CID:5 wall=1.1 ms  sim_delay=10.0 ms
>>> [UAV->CLOUD] BLK:716b|TX:7.0.0.9|CID:5|TS:12.482|SPD:24.7|HDG:-0.8|PX:272.7|PY:-10.0|...
[PASSIVE-BEACON] SIMNOW:12.500 CID:17 ZONE:1 RXUAV:1 EDGEPORT:9998 TS:12.486 SPD:19.800 HDG:-0.100 PX:309.300 PY:-30.000 LAN:3 BRK:0 RX_X:0.000 RX_Y:0.000 RX_Z:0.000
[ZONE-ROUTE] CID:17 zone=1 edge_port=9998
[EDGE-RTT] CID:17 wall=1.0 ms  sim_delay=10.0 ms
[TRUST-UPGRADE] CID:17 earned REDUCE_SCRUTINY after 20 clean packets → latency × 0.5
>>> [UAV->CLOUD] BLK:da7e|TX:7.0.0.21|CID:17|TS:12.486|SPD:19.8|HDG:-0.1|PX:309.3|PY:-30....
[ECON-CLAWBACK] CID:5 ACT=WARN prior_payoff=4.0 extra_penalty=3.3 new_payoff=0.7
[FORGIVENESS] CID:5 WARN #2 — streak reset, benefits revoked
⚠ [CAR 5] ACT=WARN REP=0.858 RWD=0.000 PNL=3.367 CREDIT=-2
[TRUST-APPLIED] CID:17 REDUCE_SCRUTINY → latency=5.000ms (was 10.000ms)
✓ [CAR 17] ACT=OK REP=0.500 RWD=1.500 PNL=0.000 CREDIT=20
✓ [CAR 17] ACT=OK REP=0.932 RWD=1.000 PNL=0.000 CREDIT=19
[PASSIVE-BEACON] SIMNOW:12.529 CID:18 ZONE:1 RXUAV:1 EDGEPORT:9998 TS:12.516 SPD:19.900 HDG:0.200 PX:310.700 PY:-40.000 LAN:4 BRK:0 RX_X:0.000 RX_Y:0.000 RX_Z:0.000
[ZONE-ROUTE] CID:18 zone=1 edge_port=9998
[EDGE-RTT] CID:18 wall=1.1 ms  sim_delay=5.0 ms
>>> [UAV->CLOUD] BLK:d5d0|TX:7.0.0.22|CID:18|TS:12.516|SPD:19.9|HDG:0.2|PX:310.7|PY:-40.0...
[PASSIVE-BEACON] SIMNOW:12.540 CID:15 ZONE:1 RXUAV:1 EDGEPORT:9998 TS:12.526 SPD:25.000 HDG:1.900 PX:313.400 PY:-10.000 LAN:1 BRK:1 RX_X:0.000 RX_Y:0.000 RX_Z:0.000
[ZONE-ROUTE] CID:15 zone=1 edge_port=9998
[EDGE-RTT] CID:15 wall=1.3 ms  sim_delay=5.0 ms
>>> [UAV->CLOUD] BLK:3045|TX:7.0.0.19|CID:15|TS:12.526|SPD:25.0|HDG:1.9|PX:313.4|PY:-10.0...
[PASSIVE-BEACON] SIMNOW:12.540 CID:16 ZONE:1 RXUAV:1 EDGEPORT:9998 TS:12.526 SPD:19.600 HDG:0.900 PX:310.200 PY:-20.000 LAN:2 BRK:0 RX_X:0.000 RX_Y:0.000 RX_Z:0.000
[ZONE-ROUTE] CID:16 zone=1 edge_port=9998
[EDGE-RTT] CID:16 wall=2.4 ms  sim_delay=5.0 ms
>>> [UAV->CLOUD] BLK:abd6|TX:7.0.0.20|CID:16|TS:12.526|SPD:19.6|HDG:0.9|PX:310.2|PY:-20.0...
✓ [CAR 18] ACT=OK REP=0.821 RWD=1.000 PNL=0.000 CREDIT=20
[ECON-CLAWBACK] CID:15 ACT=WARN prior_payoff=4.672 extra_penalty=3.586 new_payoff=0.990
[FORGIVENESS] CID:15 WARN #2 — streak reset, benefits revoked
⚠ [CAR 15] ACT=WARN REP=0.743 RWD=0.000 PNL=3.682 CREDIT=-2
✓ [CAR 16] ACT=OK REP=0.780 RWD=1.000 PNL=0.000 CREDIT=21
[PASSIVE-BEACON] SIMNOW:12.636 CID:7 ZONE:1 RXUAV:1 EDGEPORT:9998 TS:12.622 SPD:20.100 HDG:-1.800 PX:272.900 PY:-30.000 LAN:3 BRK:1 RX_X:0.000 RX_Y:0.000 RX_Z:0.000
[ZONE-ROUTE] CID:7 zone=1 edge_port=9998
[EDGE-RTT] CID:7 wall=1.3 ms  sim_delay=5.0 ms
>>> [UAV->CLOUD] BLK:a962|TX:7.0.0.11|CID:7|TS:12.622|SPD:20.1|HDG:-1.8|PX:272.9|PY:-30.0...
✓ [CAR 7] ACT=OK REP=1.000 RWD=1.000 PNL=0.000 CREDIT=21
[PASSIVE-BEACON] SIMNOW:12.678 CID:14 ZONE:1 RXUAV:1 EDGEPORT:9998 TS:12.664 SPD:20.300 HDG:1.300 PX:293.600 PY:-50.000 LAN:5 BRK:0 RX_X:0.000 RX_Y:0.000 RX_Z:0.000
[ZONE-ROUTE] CID:14 zone=1 edge_port=9998
[EDGE-RTT] CID:14 wall=1.2 ms  sim_delay=5.0 ms
>>> [UAV->CLOUD] BLK:b8a1|TX:7.0.0.18|CID:14|TS:12.664|SPD:20.3|HDG:1.3|PX:293.6|PY:-50.0...
[PASSIVE-BEACON] SIMNOW:12.685 CID:6 ZONE:1 RXUAV:1 EDGEPORT:9998 TS:12.672 SPD:20.000 HDG:-1.500 PX:273.200 PY:-20.000 LAN:2 BRK:0 RX_X:0.000 RX_Y:0.000 RX_Z:0.000
[ZONE-ROUTE] CID:6 zone=1 edge_port=9998
[EDGE-RTT] CID:6 wall=1.1 ms  sim_delay=5.0 ms
>>> [UAV->CLOUD] BLK:631c|TX:7.0.0.10|CID:6|TS:12.672|SPD:20.0|HDG:-1.5|PX:273.2|PY:-20.0...
✓ [CAR 14] ACT=OK REP=0.902 RWD=1.000 PNL=0.000 CREDIT=21
✓ [CAR 6] ACT=OK REP=0.892 RWD=1.000 PNL=0.000 CREDIT=21
[PASSIVE-BEACON] SIMNOW:12.708 CID:19 ZONE:1 RXUAV:1 EDGEPORT:9998 TS:12.696 SPD:20.200 HDG:-1.600 PX:313.200 PY:-50.000 LAN:5 BRK:0 RX_X:0.000 RX_Y:0.000 RX_Z:0.000
[ZONE-ROUTE] CID:19 zone=1 edge_port=9998
[EDGE-RTT] CID:19 wall=1.1 ms  sim_delay=5.0 ms
>>> [UAV->CLOUD] BLK:cfc6|TX:7.0.0.23|CID:19|TS:12.696|SPD:20.2|HDG:-1.6|PX:313.2|PY:-50....
✓ [CAR 19] ACT=OK REP=0.706 RWD=1.000 PNL=0.000 CREDIT=21
[PASSIVE-BEACON] SIMNOW:12.746 CID:9 ZONE:1 RXUAV:1 EDGEPORT:9998 TS:12.732 SPD:19.700 HDG:2.000 PX:274.400 PY:-50.000 LAN:5 BRK:0 RX_X:0.000 RX_Y:0.000 RX_Z:0.000
[ZONE-ROUTE] CID:9 zone=1 edge_port=9998
[EDGE-RTT] CID:9 wall=1.1 ms  sim_delay=5.0 ms
>>> [UAV->CLOUD] BLK:aa3d|TX:7.0.0.13|CID:9|TS:12.732|SPD:19.7|HDG:2.0|PX:274.4|PY:-50.0|...
[PASSIVE-BEACON] SIMNOW:12.758 CID:13 ZONE:1 RXUAV:1 EDGEPORT:9998 TS:12.744 SPD:20.000 HDG:-0.500 PX:295.600 PY:-40.000 LAN:4 BRK:0 RX_X:0.000 RX_Y:0.000 RX_Z:0.000
[ZONE-ROUTE] CID:13 zone=1 edge_port=9998
[EDGE-RTT] CID:13 wall=1.1 ms  sim_delay=5.0 ms
>>> [UAV->CLOUD] BLK:e2c1|TX:7.0.0.17|CID:13|TS:12.744|SPD:20.0|HDG:-0.5|PX:295.6|PY:-40....
[PASSIVE-BEACON] SIMNOW:12.758 CID:10 ZONE:1 RXUAV:1 EDGEPORT:9998 TS:12.744 SPD:25.400 HDG:-1.100 PX:299.600 PY:-10.000 LAN:1 BRK:0 RX_X:0.000 RX_Y:0.000 RX_Z:0.000
[ZONE-ROUTE] CID:10 zone=1 edge_port=9998
[EDGE-RTT] CID:10 wall=2.6 ms  sim_delay=10.0 ms
>>> [UAV->CLOUD] BLK:7b06|TX:7.0.0.14|CID:10|TS:12.744|SPD:25.4|HDG:-1.1|PX:299.6|PY:-10....
✓ [CAR 9] ACT=OK REP=0.931 RWD=1.000 PNL=0.000 CREDIT=20
[PASSIVE-BEACON] SIMNOW:12.768 CID:11 ZONE:1 RXUAV:1 EDGEPORT:9998 TS:12.754 SPD:20.400 HDG:-1.900 PX:294.400 PY:-20.000 LAN:2 BRK:0 RX_X:0.000 RX_Y:0.000 RX_Z:0.000
[ZONE-ROUTE] CID:11 zone=1 edge_port=9998
[EDGE-RTT] CID:11 wall=1.3 ms  sim_delay=5.0 ms
>>> [UAV->CLOUD] BLK:2734|TX:7.0.0.15|CID:11|TS:12.754|SPD:20.4|HDG:-1.9|PX:294.4|PY:-20....
✓ [CAR 13] ACT=OK REP=0.974 RWD=1.000 PNL=0.000 CREDIT=21
[ECON-CLAWBACK] CID:10 ACT=WARN prior_payoff=4.049 extra_penalty=3.275 new_payoff=0.678
[FORGIVENESS] CID:10 WARN #2 — streak reset, benefits revoked
⚠ [CAR 10] ACT=WARN REP=0.986 RWD=0.000 PNL=3.372 CREDIT=-2
[PASSIVE-BEACON] SIMNOW:12.778 CID:12 ZONE:1 RXUAV:1 EDGEPORT:9998 TS:12.764 SPD:20.500 HDG:-0.000 PX:295.200 PY:-30.000 LAN:3 BRK:0 RX_X:0.000 RX_Y:0.000 RX_Z:0.000
[ZONE-ROUTE] CID:12 zone=1 edge_port=9998
[EDGE-RTT] CID:12 wall=1.0 ms  sim_delay=5.0 ms
>>> [UAV->CLOUD] BLK:a739|TX:7.0.0.16|CID:12|TS:12.764|SPD:20.5|HDG:-0.0|PX:295.2|PY:-30....
✓ [CAR 11] ACT=OK REP=1.000 RWD=1.000 PNL=0.000 CREDIT=20
✓ [CAR 12] ACT=OK REP=0.928 RWD=1.000 PNL=0.000 CREDIT=21
[PASSIVE-BEACON] SIMNOW:12.854 CID:1 ZONE:1 RXUAV:1 EDGEPORT:9998 TS:12.840 SPD:20.200 HDG:0.500 PX:257.000 PY:-20.000 LAN:2 BRK:0 RX_X:0.000 RX_Y:0.000 RX_Z:0.000
[ZONE-ROUTE] CID:1 zone=1 edge_port=9998
[EDGE-RTT] CID:1 wall=1.4 ms  sim_delay=5.0 ms
>>> [UAV->CLOUD] BLK:e7b5|TX:7.0.0.5|CID:1|TS:12.840|SPD:20.2|HDG:0.5|PX:257.0|PY:-20.0|L...
[PASSIVE-BEACON] SIMNOW:12.864 CID:4 ZONE:1 RXUAV:1 EDGEPORT:9998 TS:12.850 SPD:20.300 HDG:-0.800 PX:257.200 PY:-50.000 LAN:5 BRK:1 RX_X:0.000 RX_Y:0.000 RX_Z:0.000
[ZONE-ROUTE] CID:4 zone=1 edge_port=9998
[EDGE-RTT] CID:4 wall=1.0 ms  sim_delay=5.0 ms
>>> [UAV->CLOUD] BLK:e5e5|TX:7.0.0.8|CID:4|TS:12.850|SPD:20.3|HDG:-0.8|PX:257.2|PY:-50.0|...
[PASSIVE-BEACON] SIMNOW:12.864 CID:3 ZONE:1 RXUAV:1 EDGEPORT:9998 TS:12.850 SPD:20.200 HDG:-1.000 PX:256.500 PY:-40.000 LAN:4 BRK:0 RX_X:0.000 RX_Y:0.000 RX_Z:0.000
[ZONE-ROUTE] CID:3 zone=1 edge_port=9998
[EDGE-RTT] CID:3 wall=2.4 ms  sim_delay=5.0 ms
>>> [UAV->CLOUD] BLK:fd42|TX:7.0.0.7|CID:3|TS:12.850|SPD:20.2|HDG:-1.0|PX:256.5|PY:-40.0|...
✓ [CAR 1] ACT=OK REP=0.811 RWD=1.000 PNL=0.000 CREDIT=20
✓ [CAR 4] ACT=OK REP=0.896 RWD=1.000 PNL=0.000 CREDIT=21
✓ [CAR 3] ACT=OK REP=0.649 RWD=1.000 PNL=0.000 CREDIT=20
[PASSIVE-BEACON] SIMNOW:12.916 CID:8 ZONE:1 RXUAV:1 EDGEPORT:9998 TS:12.902 SPD:19.900 HDG:1.200 PX:278.200 PY:-40.000 LAN:4 BRK:0 RX_X:0.000 RX_Y:0.000 RX_Z:0.000
[ZONE-ROUTE] CID:8 zone=1 edge_port=9998
[EDGE-RTT] CID:8 wall=1.1 ms  sim_delay=5.0 ms
>>> [UAV->CLOUD] BLK:25ed|TX:7.0.0.12|CID:8|TS:12.902|SPD:19.9|HDG:1.2|PX:278.2|PY:-40.0|...
✓ [CAR 8] ACT=OK REP=0.847 RWD=1.000 PNL=0.000 CREDIT=20
[PASSIVE-BEACON] SIMNOW:12.954 CID:0 ZONE:1 RXUAV:1 EDGEPORT:9998 TS:12.940 SPD:25.300 HDG:-1.200 PX:263.800 PY:-10.000 LAN:1 BRK:0 RX_X:0.000 RX_Y:0.000 RX_Z:0.000
[ZONE-ROUTE] CID:0 zone=1 edge_port=9998
[EDGE-RTT] CID:0 wall=0.9 ms  sim_delay=10.0 ms
>>> [UAV->CLOUD] BLK:0c1c|TX:7.0.0.4|CID:0|TS:12.940|SPD:25.3|HDG:-1.2|PX:263.8|PY:-10.0|...
[ECON-CLAWBACK] CID:0 ACT=WARN prior_payoff=0.6 extra_penalty=1.8 new_payoff=-1.3
[FORGIVENESS] CID:0 WARN #3 — streak reset, benefits revoked
⚠ [CAR 0] ACT=WARN REP=0.639 RWD=0.000 PNL=1.875 CREDIT=-2
[PASSIVE-BEACON] SIMNOW:12.996 CID:5 ZONE:1 RXUAV:1 EDGEPORT:9998 TS:12.982 SPD:25.200 HDG:0.900 PX:285.500 PY:-10.000 LAN:1 BRK:1 RX_X:0.000 RX_Y:0.000 RX_Z:0.000
[ZONE-ROUTE] CID:5 zone=1 edge_port=9998
[EDGE-RTT] CID:5 wall=1.3 ms  sim_delay=10.0 ms
>>> [UAV->CLOUD] BLK:28d9|TX:7.0.0.9|CID:5|TS:12.982|SPD:25.2|HDG:0.9|PX:285.5|PY:-10.0|L...
[PASSIVE-BEACON] SIMNOW:12.999 CID:17 ZONE:1 RXUAV:1 EDGEPORT:9998 TS:12.986 SPD:19.500 HDG:-1.700 PX:319.200 PY:-30.000 LAN:3 BRK:0 RX_X:0.000 RX_Y:0.000 RX_Z:0.000
[ZONE-ROUTE] CID:17 zone=1 edge_port=9998
[EDGE-RTT] CID:17 wall=0.8 ms  sim_delay=5.0 ms
>>> [UAV->CLOUD] BLK:ad22|TX:7.0.0.21|CID:17|TS:12.986|SPD:19.5|HDG:-1.7|PX:319.2|PY:-30....
[ECON-CLAWBACK] CID:5 ACT=WARN prior_payoff=0.7 extra_penalty=1.8 new_payoff=-1.3
[FORGIVENESS] CID:5 WARN #3 — streak reset, benefits revoked
⚠ [CAR 5] ACT=WARN REP=0.758 RWD=0.000 PNL=1.939 CREDIT=-2
✓ [CAR 17] ACT=OK REP=0.812 RWD=1.000 PNL=0.000 CREDIT=20
[PASSIVE-BEACON] SIMNOW:13.030 CID:18 ZONE:1 RXUAV:1 EDGEPORT:9998 TS:13.016 SPD:20.100 HDG:0.500 PX:320.400 PY:-40.000 LAN:4 BRK:0 RX_X:0.000 RX_Y:0.000 RX_Z:0.000
[ZONE-ROUTE] CID:18 zone=1 edge_port=9998
[EDGE-RTT] CID:18 wall=1.1 ms  sim_delay=5.0 ms
>>> [UAV->CLOUD] BLK:9234|TX:7.0.0.22|CID:18|TS:13.016|SPD:20.1|HDG:0.5|PX:320.4|PY:-40.0...
[PASSIVE-BEACON] SIMNOW:13.040 CID:15 ZONE:1 RXUAV:1 EDGEPORT:9998 TS:13.026 SPD:24.700 HDG:-0.300 PX:326.200 PY:-10.000 LAN:1 BRK:0 RX_X:0.000 RX_Y:0.000 RX_Z:0.000
[ZONE-ROUTE] CID:15 zone=1 edge_port=9998
[EDGE-RTT] CID:15 wall=1.2 ms  sim_delay=5.0 ms
>>> [UAV->CLOUD] BLK:9ddf|TX:7.0.0.19|CID:15|TS:13.026|SPD:24.7|HDG:-0.3|PX:326.2|PY:-10....
[PASSIVE-BEACON] SIMNOW:13.040 CID:16 ZONE:1 RXUAV:1 EDGEPORT:9998 TS:13.026 SPD:20.300 HDG:-1.900 PX:319.800 PY:-20.000 LAN:2 BRK:0 RX_X:0.000 RX_Y:0.000 RX_Z:0.000
[ZONE-ROUTE] CID:16 zone=1 edge_port=9998
[EDGE-RTT] CID:16 wall=2.3 ms  sim_delay=5.0 ms
>>> [UAV->CLOUD] BLK:50d7|TX:7.0.0.20|CID:16|TS:13.026|SPD:20.3|HDG:-1.9|PX:319.8|PY:-20....
✓ [CAR 18] ACT=OK REP=0.902 RWD=1.000 PNL=0.000 CREDIT=21
[ECON-CLAWBACK] CID:15 ACT=WARN prior_payoff=0.990 extra_penalty=1.995 new_payoff=-1.101
[FORGIVENESS] CID:15 WARN #3 — streak reset, benefits revoked
⚠ [CAR 15] ACT=WARN REP=0.646 RWD=0.000 PNL=2.091 CREDIT=-2
✓ [CAR 16] ACT=OK REP=0.880 RWD=1.000 PNL=0.000 CREDIT=22
[PASSIVE-BEACON] SIMNOW:13.136 CID:7 ZONE:1 RXUAV:1 EDGEPORT:9998 TS:13.122 SPD:19.600 HDG:1.900 PX:282.700 PY:-30.000 LAN:3 BRK:0 RX_X:0.000 RX_Y:0.000 RX_Z:0.000
[ZONE-ROUTE] CID:7 zone=1 edge_port=9998
[EDGE-RTT] CID:7 wall=1.2 ms  sim_delay=5.0 ms
>>> [UAV->CLOUD] BLK:ad9f|TX:7.0.0.11|CID:7|TS:13.122|SPD:19.6|HDG:1.9|PX:282.7|PY:-30.0|...
✓ [CAR 7] ACT=OK REP=0.900 RWD=1.000 PNL=0.000 CREDIT=22
[PASSIVE-BEACON] SIMNOW:13.178 CID:14 ZONE:1 RXUAV:1 EDGEPORT:9998 TS:13.164 SPD:20.100 HDG:1.200 PX:303.900 PY:-50.000 LAN:5 BRK:0 RX_X:0.000 RX_Y:0.000 RX_Z:0.000
[ZONE-ROUTE] CID:14 zone=1 edge_port=9998
[EDGE-RTT] CID:14 wall=1.0 ms  sim_delay=5.0 ms
>>> [UAV->CLOUD] BLK:6e9f|TX:7.0.0.18|CID:14|TS:13.164|SPD:20.1|HDG:1.2|PX:303.9|PY:-50.0...
[PASSIVE-BEACON] SIMNOW:13.186 CID:6 ZONE:1 RXUAV:1 EDGEPORT:9998 TS:13.172 SPD:20.400 HDG:0.900 PX:284.200 PY:-20.000 LAN:2 BRK:1 RX_X:0.000 RX_Y:0.000 RX_Z:0.000
[ZONE-ROUTE] CID:6 zone=1 edge_port=9998
[EDGE-RTT] CID:6 wall=0.9 ms  sim_delay=5.0 ms
>>> [UAV->CLOUD] BLK:31b8|TX:7.0.0.10|CID:6|TS:13.172|SPD:20.4|HDG:0.9|PX:284.2|PY:-20.0|...
✓ [CAR 14] ACT=OK REP=1.000 RWD=1.000 PNL=0.000 CREDIT=22
✓ [CAR 6] ACT=OK REP=0.829 RWD=1.000 PNL=0.000 CREDIT=22
[PASSIVE-BEACON] SIMNOW:13.210 CID:19 ZONE:1 RXUAV:1 EDGEPORT:9998 TS:13.196 SPD:20.200 HDG:-0.500 PX:324.300 PY:-50.000 LAN:5 BRK:1 RX_X:0.000 RX_Y:0.000 RX_Z:0.000
[ZONE-ROUTE] CID:19 zone=1 edge_port=9998
[EDGE-RTT] CID:19 wall=1.3 ms  sim_delay=5.0 ms
>>> [UAV->CLOUD] BLK:e899|TX:7.0.0.23|CID:19|TS:13.196|SPD:20.2|HDG:-0.5|PX:324.3|PY:-50....
✓ [CAR 19] ACT=OK REP=1.000 RWD=1.000 PNL=0.000 CREDIT=22
[PASSIVE-BEACON] SIMNOW:13.245 CID:9 ZONE:1 RXUAV:1 EDGEPORT:9998 TS:13.232 SPD:19.800 HDG:1.400 PX:285.300 PY:-50.000 LAN:5 BRK:0 RX_X:0.000 RX_Y:0.000 RX_Z:0.000
[ZONE-ROUTE] CID:9 zone=1 edge_port=9998
[EDGE-RTT] CID:9 wall=1.4 ms  sim_delay=5.0 ms
>>> [UAV->CLOUD] BLK:9fe1|TX:7.0.0.13|CID:9|TS:13.232|SPD:19.8|HDG:1.4|PX:285.3|PY:-50.0|...
✓ [CAR 9] ACT=OK REP=1.000 RWD=1.000 PNL=0.000 CREDIT=21
[PASSIVE-BEACON] SIMNOW:13.259 CID:13 ZONE:1 RXUAV:1 EDGEPORT:9998 TS:13.244 SPD:19.900 HDG:-1.900 PX:305.600 PY:-40.000 LAN:4 BRK:0 RX_X:0.000 RX_Y:0.000 RX_Z:0.000
[ZONE-ROUTE] CID:13 zone=1 edge_port=9998
[EDGE-RTT] CID:13 wall=1.0 ms  sim_delay=5.0 ms
>>> [UAV->CLOUD] BLK:3908|TX:7.0.0.17|CID:13|TS:13.244|SPD:19.9|HDG:-1.9|PX:305.6|PY:-40....
[PASSIVE-BEACON] SIMNOW:13.259 CID:10 ZONE:1 RXUAV:1 EDGEPORT:9998 TS:13.244 SPD:25.400 HDG:0.800 PX:311.000 PY:-10.000 LAN:1 BRK:1 RX_X:0.000 RX_Y:0.000 RX_Z:0.000
[ZONE-ROUTE] CID:10 zone=1 edge_port=9998
[EDGE-RTT] CID:10 wall=2.8 ms  sim_delay=10.0 ms
>>> [UAV->CLOUD] BLK:d36b|TX:7.0.0.14|CID:10|TS:13.244|SPD:25.4|HDG:0.8|PX:311.0|PY:-10.0...
[PASSIVE-BEACON] SIMNOW:13.267 CID:11 ZONE:1 RXUAV:1 EDGEPORT:9998 TS:13.254 SPD:20.100 HDG:0.600 PX:304.700 PY:-20.000 LAN:2 BRK:1 RX_X:0.000 RX_Y:0.000 RX_Z:0.000
[ZONE-ROUTE] CID:11 zone=1 edge_port=9998
[EDGE-RTT] CID:11 wall=1.2 ms  sim_delay=5.0 ms
>>> [UAV->CLOUD] BLK:c20f|TX:7.0.0.15|CID:11|TS:13.254|SPD:20.1|HDG:0.6|PX:304.7|PY:-20.0...
✓ [CAR 13] ACT=OK REP=1.000 RWD=1.000 PNL=0.000 CREDIT=22
[ECON-CLAWBACK] CID:10 ACT=WARN prior_payoff=0.678 extra_penalty=1.839 new_payoff=-1.260
[FORGIVENESS] CID:10 WARN #3 — streak reset, benefits revoked
⚠ [CAR 10] ACT=WARN REP=0.787 RWD=0.000 PNL=1.938 CREDIT=-2
[PASSIVE-BEACON] SIMNOW:13.278 CID:12 ZONE:1 RXUAV:1 EDGEPORT:9998 TS:13.264 SPD:20.300 HDG:-0.900 PX:304.700 PY:-30.000 LAN:3 BRK:0 RX_X:0.000 RX_Y:0.000 RX_Z:0.000
[ZONE-ROUTE] CID:12 zone=1 edge_port=9998
[EDGE-RTT] CID:12 wall=1.2 ms  sim_delay=5.0 ms
>>> [UAV->CLOUD] BLK:0cfb|TX:7.0.0.16|CID:12|TS:13.264|SPD:20.3|HDG:-0.9|PX:304.7|PY:-30....
✓ [CAR 11] ACT=OK REP=1.000 RWD=1.000 PNL=0.000 CREDIT=21
✓ [CAR 12] ACT=OK REP=1.000 RWD=1.000 PNL=0.000 CREDIT=22
[PASSIVE-BEACON] SIMNOW:13.364 CID:4 ZONE:1 RXUAV:1 EDGEPORT:9998 TS:13.350 SPD:19.900 HDG:-0.700 PX:266.600 PY:-50.000 LAN:5 BRK:0 RX_X:0.000 RX_Y:0.000 RX_Z:0.000
[ZONE-ROUTE] CID:4 zone=1 edge_port=9998
[EDGE-RTT] CID:4 wall=1.3 ms  sim_delay=5.0 ms
>>> [UAV->CLOUD] BLK:2719|TX:7.0.0.8|CID:4|TS:13.350|SPD:19.9|HDG:-0.7|PX:266.6|PY:-50.0|...
[PASSIVE-BEACON] SIMNOW:13.364 CID:3 ZONE:1 RXUAV:1 EDGEPORT:9998 TS:13.350 SPD:19.600 HDG:0.600 PX:266.600 PY:-40.000 LAN:4 BRK:0 RX_X:0.000 RX_Y:0.000 RX_Z:0.000
[ZONE-ROUTE] CID:3 zone=1 edge_port=9998
[EDGE-RTT] CID:3 wall=2.1 ms  sim_delay=5.0 ms
>>> [UAV->CLOUD] BLK:a6c4|TX:7.0.0.7|CID:3|TS:13.350|SPD:19.6|HDG:0.6|PX:266.6|PY:-40.0|L...
✓ [CAR 4] ACT=OK REP=0.890 RWD=1.000 PNL=0.000 CREDIT=22
✓ [CAR 3] ACT=OK REP=0.806 RWD=1.000 PNL=0.000 CREDIT=21
[PASSIVE-BEACON] SIMNOW:13.416 CID:8 ZONE:1 RXUAV:1 EDGEPORT:9998 TS:13.402 SPD:19.600 HDG:0.800 PX:287.800 PY:-40.000 LAN:4 BRK:0 RX_X:0.000 RX_Y:0.000 RX_Z:0.000
[ZONE-ROUTE] CID:8 zone=1 edge_port=9998
[EDGE-RTT] CID:8 wall=1.0 ms  sim_delay=5.0 ms
>>> [UAV->CLOUD] BLK:0297|TX:7.0.0.12|CID:8|TS:13.402|SPD:19.6|HDG:0.8|PX:287.8|PY:-40.0|...
✓ [CAR 8] ACT=OK REP=0.760 RWD=1.000 PNL=0.000 CREDIT=21
[PASSIVE-BEACON] SIMNOW:13.454 CID:0 ZONE:1 RXUAV:1 EDGEPORT:9998 TS:13.440 SPD:25.300 HDG:1.000 PX:276.200 PY:-10.000 LAN:1 BRK:0 RX_X:0.000 RX_Y:0.000 RX_Z:0.000
[ZONE-ROUTE] CID:0 zone=1 edge_port=9998
[EDGE-RTT] CID:0 wall=1.0 ms  sim_delay=10.0 ms
>>> [UAV->CLOUD] BLK:ec95|TX:7.0.0.4|CID:0|TS:13.440|SPD:25.3|HDG:1.0|PX:276.2|PY:-10.0|L...
[ECON-CLAWBACK] CID:0 ACT=WARN prior_payoff=-1.3 extra_penalty=1.8 new_payoff=-3.2
[FORGIVENESS] CID:0 WARN #4 — streak reset, benefits revoked
⚠ [CAR 0] ACT=WARN REP=0.880 RWD=0.000 PNL=1.850 CREDIT=-2
[PASSIVE-BEACON] SIMNOW:13.496 CID:5 ZONE:1 RXUAV:1 EDGEPORT:9998 TS:13.482 SPD:24.800 HDG:1.000 PX:297.400 PY:-10.000 LAN:1 BRK:1 RX_X:0.000 RX_Y:0.000 RX_Z:0.000
[ZONE-ROUTE] CID:5 zone=1 edge_port=9998
[EDGE-RTT] CID:5 wall=1.1 ms  sim_delay=10.0 ms
>>> [UAV->CLOUD] BLK:dcac|TX:7.0.0.9|CID:5|TS:13.482|SPD:24.8|HDG:1.0|PX:297.4|PY:-10.0|L...
[PASSIVE-BEACON] SIMNOW:13.500 CID:17 ZONE:1 RXUAV:1 EDGEPORT:9998 TS:13.486 SPD:19.600 HDG:0.500 PX:330.400 PY:-30.000 LAN:3 BRK:0 RX_X:0.000 RX_Y:0.000 RX_Z:0.000
[ZONE-ROUTE] CID:17 zone=1 edge_port=9998
[EDGE-RTT] CID:17 wall=0.9 ms  sim_delay=5.0 ms
>>> [UAV->CLOUD] BLK:570e|TX:7.0.0.21|CID:17|TS:13.486|SPD:19.6|HDG:0.5|PX:330.4|PY:-30.0...
[ECON-CLAWBACK] CID:5 ACT=WARN prior_payoff=-1.3 extra_penalty=1.8 new_payoff=-3.1
[FORGIVENESS] CID:5 WARN #4 — streak reset, benefits revoked
⚠ [CAR 5] ACT=WARN REP=0.952 RWD=0.000 PNL=1.848 CREDIT=-2
✓ [CAR 17] ACT=OK REP=1.000 RWD=1.000 PNL=0.000 CREDIT=21
[PASSIVE-BEACON] SIMNOW:13.530 CID:18 ZONE:1 RXUAV:1 EDGEPORT:9998 TS:13.516 SPD:20.300 HDG:-1.400 PX:330.900 PY:-40.000 LAN:4 BRK:0 RX_X:0.000 RX_Y:0.000 RX_Z:0.000
[ZONE-ROUTE] CID:18 zone=1 edge_port=9998
[EDGE-RTT] CID:18 wall=0.9 ms  sim_delay=5.0 ms
>>> [UAV->CLOUD] BLK:8883|TX:7.0.0.22|CID:18|TS:13.516|SPD:20.3|HDG:-1.4|PX:330.9|PY:-40....
[PASSIVE-BEACON] SIMNOW:13.540 CID:15 ZONE:1 RXUAV:1 EDGEPORT:9998 TS:13.526 SPD:25.000 HDG:1.100 PX:338.200 PY:-10.000 LAN:1 BRK:0 RX_X:0.000 RX_Y:0.000 RX_Z:0.000
[ZONE-ROUTE] CID:15 zone=1 edge_port=9998
[EDGE-RTT] CID:15 wall=1.0 ms  sim_delay=5.0 ms
>>> [UAV->CLOUD] BLK:8add|TX:7.0.0.19|CID:15|TS:13.526|SPD:25.0|HDG:1.1|PX:338.2|PY:-10.0...
[PASSIVE-BEACON] SIMNOW:13.540 CID:16 ZONE:1 RXUAV:1 EDGEPORT:9998 TS:13.526 SPD:19.800 HDG:1.700 PX:330.200 PY:-20.000 LAN:2 BRK:0 RX_X:0.000 RX_Y:0.000 RX_Z:0.000
[ZONE-ROUTE] CID:16 zone=1 edge_port=9998
[EDGE-RTT] CID:16 wall=3.4 ms  sim_delay=5.0 ms
>>> [UAV->CLOUD] BLK:4c27|TX:7.0.0.20|CID:16|TS:13.526|SPD:19.8|HDG:1.7|PX:330.2|PY:-20.0...
✓ [CAR 18] ACT=OK REP=0.702 RWD=1.000 PNL=0.000 CREDIT=22
[ECON-CLAWBACK] CID:15 ACT=WARN prior_payoff=-1.101 extra_penalty=1.750 new_payoff=-2.951
[FORGIVENESS] CID:15 WARN #4 — streak reset, benefits revoked
⚠ [CAR 15] ACT=WARN REP=0.959 RWD=0.000 PNL=1.850 CREDIT=-2
✓ [CAR 16] ACT=OK REP=1.000 RWD=1.000 PNL=0.000 CREDIT=23
[PASSIVE-BEACON] SIMNOW:13.636 CID:7 ZONE:1 RXUAV:1 EDGEPORT:9998 TS:13.622 SPD:20.200 HDG:0.500 PX:291.900 PY:-30.000 LAN:3 BRK:0 RX_X:0.000 RX_Y:0.000 RX_Z:0.000
[ZONE-ROUTE] CID:7 zone=1 edge_port=9998
[EDGE-RTT] CID:7 wall=1.1 ms  sim_delay=5.0 ms
>>> [UAV->CLOUD] BLK:3afb|TX:7.0.0.11|CID:7|TS:13.622|SPD:20.2|HDG:0.5|PX:291.9|PY:-30.0|...
✓ [CAR 7] ACT=OK REP=0.990 RWD=1.000 PNL=0.000 CREDIT=23
[PASSIVE-BEACON] SIMNOW:13.678 CID:14 ZONE:1 RXUAV:1 EDGEPORT:9998 TS:13.664 SPD:19.800 HDG:-1.700 PX:313.200 PY:-50.000 LAN:5 BRK:0 RX_X:0.000 RX_Y:0.000 RX_Z:0.000
[ZONE-ROUTE] CID:14 zone=1 edge_port=9998
[EDGE-RTT] CID:14 wall=1.4 ms  sim_delay=5.0 ms
>>> [UAV->CLOUD] BLK:8a3f|TX:7.0.0.18|CID:14|TS:13.664|SPD:19.8|HDG:-1.7|PX:313.2|PY:-50....
[PASSIVE-BEACON] SIMNOW:13.686 CID:6 ZONE:1 RXUAV:1 EDGEPORT:9998 TS:13.672 SPD:20.000 HDG:0.800 PX:292.800 PY:-20.000 LAN:2 BRK:1 RX_X:0.000 RX_Y:0.000 RX_Z:0.000
[ZONE-ROUTE] CID:6 zone=1 edge_port=9998
[EDGE-RTT] CID:6 wall=0.9 ms  sim_delay=5.0 ms
>>> [UAV->CLOUD] BLK:e305|TX:7.0.0.10|CID:6|TS:13.672|SPD:20.0|HDG:0.8|PX:292.8|PY:-20.0|...
✓ [CAR 14] ACT=OK REP=1.000 RWD=1.000 PNL=0.000 CREDIT=23
✓ [CAR 6] ACT=OK REP=1.000 RWD=1.000 PNL=0.000 CREDIT=23
[PASSIVE-BEACON] SIMNOW:13.710 CID:19 ZONE:1 RXUAV:1 EDGEPORT:9998 TS:13.696 SPD:20.000 HDG:2.000 PX:333.900 PY:-50.000 LAN:5 BRK:0 RX_X:0.000 RX_Y:0.000 RX_Z:0.000
[ZONE-ROUTE] CID:19 zone=1 edge_port=9998
[EDGE-RTT] CID:19 wall=1.1 ms  sim_delay=5.0 ms
>>> [UAV->CLOUD] BLK:8eed|TX:7.0.0.23|CID:19|TS:13.696|SPD:20.0|HDG:2.0|PX:333.9|PY:-50.0...
✓ [CAR 19] ACT=OK REP=0.907 RWD=1.000 PNL=0.000 CREDIT=23
[PASSIVE-BEACON] SIMNOW:13.746 CID:9 ZONE:1 RXUAV:1 EDGEPORT:9998 TS:13.732 SPD:20.000 HDG:-1.900 PX:294.500 PY:-50.000 LAN:5 BRK:0 RX_X:0.000 RX_Y:0.000 RX_Z:0.000
[ZONE-ROUTE] CID:9 zone=1 edge_port=9998
[EDGE-RTT] CID:9 wall=1.3 ms  sim_delay=5.0 ms
>>> [UAV->CLOUD] BLK:e8c0|TX:7.0.0.13|CID:9|TS:13.732|SPD:20.0|HDG:-1.9|PX:294.5|PY:-50.0...
[PASSIVE-BEACON] SIMNOW:13.758 CID:13 ZONE:1 RXUAV:1 EDGEPORT:9998 TS:13.744 SPD:20.200 HDG:0.200 PX:314.200 PY:-40.000 LAN:4 BRK:0 RX_X:0.000 RX_Y:0.000 RX_Z:0.000
[ZONE-ROUTE] CID:13 zone=1 edge_port=9998
[EDGE-RTT] CID:13 wall=1.3 ms  sim_delay=5.0 ms
>>> [UAV->CLOUD] BLK:92e0|TX:7.0.0.17|CID:13|TS:13.744|SPD:20.2|HDG:0.2|PX:314.2|PY:-40.0...
[PASSIVE-BEACON] SIMNOW:13.758 CID:10 ZONE:1 RXUAV:1 EDGEPORT:9998 TS:13.744 SPD:25.400 HDG:0.900 PX:324.600 PY:-10.000 LAN:1 BRK:0 RX_X:0.000 RX_Y:0.000 RX_Z:0.000
[ZONE-ROUTE] CID:10 zone=1 edge_port=9998
[EDGE-RTT] CID:10 wall=2.7 ms  sim_delay=10.0 ms
>>> [UAV->CLOUD] BLK:bd1d|TX:7.0.0.14|CID:10|TS:13.744|SPD:25.4|HDG:0.9|PX:324.6|PY:-10.0...
✓ [CAR 9] ACT=OK REP=1.000 RWD=1.000 PNL=0.000 CREDIT=22
[PASSIVE-BEACON] SIMNOW:13.768 CID:11 ZONE:1 RXUAV:1 EDGEPORT:9998 TS:13.754 SPD:19.700 HDG:-0.900 PX:315.100 PY:-20.000 LAN:2 BRK:0 RX_X:0.000 RX_Y:0.000 RX_Z:0.000
[ZONE-ROUTE] CID:11 zone=1 edge_port=9998
[EDGE-RTT] CID:11 wall=0.9 ms  sim_delay=5.0 ms
>>> [UAV->CLOUD] BLK:9926|TX:7.0.0.15|CID:11|TS:13.754|SPD:19.7|HDG:-0.9|PX:315.1|PY:-20....
✓ [CAR 13] ACT=OK REP=0.664 RWD=1.000 PNL=0.000 CREDIT=23
[ECON-CLAWBACK] CID:10 ACT=WARN prior_payoff=-1.260 extra_penalty=1.750 new_payoff=-3.111
[FORGIVENESS] CID:10 WARN #4 — streak reset, benefits revoked
⚠ [CAR 10] ACT=WARN REP=0.700 RWD=0.000 PNL=1.851 CREDIT=-2
[PASSIVE-BEACON] SIMNOW:13.778 CID:12 ZONE:1 RXUAV:1 EDGEPORT:9998 TS:13.764 SPD:20.200 HDG:0.900 PX:315.400 PY:-30.000 LAN:3 BRK:0 RX_X:0.000 RX_Y:0.000 RX_Z:0.000
[ZONE-ROUTE] CID:12 zone=1 edge_port=9998
[EDGE-RTT] CID:12 wall=1.3 ms  sim_delay=5.0 ms
>>> [UAV->CLOUD] BLK:8e57|TX:7.0.0.16|CID:12|TS:13.764|SPD:20.2|HDG:0.9|PX:315.4|PY:-30.0...
✓ [CAR 11] ACT=OK REP=0.910 RWD=1.000 PNL=0.000 CREDIT=22
✓ [CAR 12] ACT=OK REP=0.651 RWD=1.000 PNL=0.000 CREDIT=23
[PASSIVE-BEACON] SIMNOW:13.864 CID:4 ZONE:1 RXUAV:1 EDGEPORT:9998 TS:13.850 SPD:19.600 HDG:-1.800 PX:277.400 PY:-50.000 LAN:5 BRK:0 RX_X:0.000 RX_Y:0.000 RX_Z:0.000
[ZONE-ROUTE] CID:4 zone=1 edge_port=9998
[EDGE-RTT] CID:4 wall=1.3 ms  sim_delay=5.0 ms
>>> [UAV->CLOUD] BLK:3eeb|TX:7.0.0.8|CID:4|TS:13.850|SPD:19.6|HDG:-1.8|PX:277.4|PY:-50.0|...
[PASSIVE-BEACON] SIMNOW:13.864 CID:3 ZONE:1 RXUAV:1 EDGEPORT:9998 TS:13.850 SPD:19.600 HDG:-1.400 PX:277.500 PY:-40.000 LAN:4 BRK:1 RX_X:0.000 RX_Y:0.000 RX_Z:0.000
[ZONE-ROUTE] CID:3 zone=1 edge_port=9998
[EDGE-RTT] CID:3 wall=3.2 ms  sim_delay=5.0 ms
>>> [UAV->CLOUD] BLK:c83f|TX:7.0.0.7|CID:3|TS:13.850|SPD:19.6|HDG:-1.4|PX:277.5|PY:-40.0|...
✓ [CAR 4] ACT=OK REP=0.851 RWD=1.000 PNL=0.000 CREDIT=23
✓ [CAR 3] ACT=OK REP=0.863 RWD=1.000 PNL=0.000 CREDIT=22
[PASSIVE-BEACON] SIMNOW:13.916 CID:8 ZONE:1 RXUAV:1 EDGEPORT:9998 TS:13.902 SPD:20.200 HDG:-0.000 PX:298.500 PY:-40.000 LAN:4 BRK:1 RX_X:0.000 RX_Y:0.000 RX_Z:0.000
[ZONE-ROUTE] CID:8 zone=1 edge_port=9998
[EDGE-RTT] CID:8 wall=1.0 ms  sim_delay=5.0 ms
>>> [UAV->CLOUD] BLK:1400|TX:7.0.0.12|CID:8|TS:13.902|SPD:20.2|HDG:-0.0|PX:298.5|PY:-40.0...
✓ [CAR 8] ACT=OK REP=1.000 RWD=1.000 PNL=0.000 CREDIT=22
[PASSIVE-BEACON] SIMNOW:13.954 CID:0 ZONE:1 RXUAV:1 EDGEPORT:9998 TS:13.940 SPD:24.700 HDG:-0.400 PX:289.300 PY:-10.000 LAN:1 BRK:0 RX_X:0.000 RX_Y:0.000 RX_Z:0.000
[ZONE-ROUTE] CID:0 zone=1 edge_port=9998
[EDGE-RTT] CID:0 wall=1.1 ms  sim_delay=10.0 ms
>>> [UAV->CLOUD] BLK:89b0|TX:7.0.0.4|CID:0|TS:13.940|SPD:24.7|HDG:-0.4|PX:289.3|PY:-10.0|...
[ECON-CLAWBACK] CID:0 ACT=WARN prior_payoff=-3.2 extra_penalty=2.0 new_payoff=-5.3
[FORGIVENESS] CID:0 WARN #5 — streak reset, benefits revoked
⚠ [CAR 0] ACT=WARN REP=0.752 RWD=0.000 PNL=2.100 CREDIT=-2
[PASSIVE-BEACON] SIMNOW:13.996 CID:5 ZONE:1 RXUAV:1 EDGEPORT:9998 TS:13.982 SPD:24.600 HDG:-0.900 PX:309.800 PY:-10.000 LAN:1 BRK:0 RX_X:0.000 RX_Y:0.000 RX_Z:0.000
[ZONE-ROUTE] CID:5 zone=1 edge_port=9998
[EDGE-RTT] CID:5 wall=1.2 ms  sim_delay=10.0 ms
>>> [UAV->CLOUD] BLK:5188|TX:7.0.0.9|CID:5|TS:13.982|SPD:24.6|HDG:-0.9|PX:309.8|PY:-10.0|...
[PASSIVE-BEACON] SIMNOW:14.000 CID:17 ZONE:1 RXUAV:1 EDGEPORT:9998 TS:13.986 SPD:20.100 HDG:1.300 PX:340.200 PY:-30.000 LAN:3 BRK:1 RX_X:0.000 RX_Y:0.000 RX_Z:0.000
[ZONE-ROUTE] CID:17 zone=1 edge_port=9998
[EDGE-RTT] CID:17 wall=1.2 ms  sim_delay=5.0 ms
>>> [UAV->CLOUD] BLK:87ca|TX:7.0.0.21|CID:17|TS:13.986|SPD:20.1|HDG:1.3|PX:340.2|PY:-30.0...
[ECON-CLAWBACK] CID:5 ACT=WARN prior_payoff=-3.1 extra_penalty=2.0 new_payoff=-5.2
[FORGIVENESS] CID:5 WARN #5 — streak reset, benefits revoked
⚠ [CAR 5] ACT=WARN REP=0.678 RWD=0.000 PNL=2.099 CREDIT=-2
✓ [CAR 17] ACT=OK REP=0.804 RWD=1.000 PNL=0.000 CREDIT=22
[PASSIVE-BEACON] SIMNOW:14.029 CID:18 ZONE:1 RXUAV:1 EDGEPORT:9998 TS:14.016 SPD:19.900 HDG:0.800 PX:339.900 PY:-40.000 LAN:4 BRK:0 RX_X:0.000 RX_Y:0.000 RX_Z:0.000
[ZONE-ROUTE] CID:18 zone=1 edge_port=9998
[EDGE-RTT] CID:18 wall=1.2 ms  sim_delay=5.0 ms
>>> [UAV->CLOUD] BLK:e4a6|TX:7.0.0.22|CID:18|TS:14.016|SPD:19.9|HDG:0.8|PX:339.9|PY:-40.0...
[PASSIVE-BEACON] SIMNOW:14.040 CID:15 ZONE:1 RXUAV:1 EDGEPORT:9998 TS:14.026 SPD:24.800 HDG:-0.200 PX:351.900 PY:-10.000 LAN:1 BRK:0 RX_X:0.000 RX_Y:0.000 RX_Z:0.000
[ZONE-ROUTE] CID:15 zone=1 edge_port=9998
[EDGE-RTT] CID:15 wall=1.2 ms  sim_delay=5.0 ms
>>> [UAV->CLOUD] BLK:1b07|TX:7.0.0.19|CID:15|TS:14.026|SPD:24.8|HDG:-0.2|PX:351.9|PY:-10....
[PASSIVE-BEACON] SIMNOW:14.040 CID:16 ZONE:1 RXUAV:1 EDGEPORT:9998 TS:14.026 SPD:24.600 HDG:-0.800 PX:341.800 PY:-20.000 LAN:2 BRK:1 RX_X:0.000 RX_Y:0.000 RX_Z:0.000
[ZONE-ROUTE] CID:16 zone=1 edge_port=9998
[EDGE-RTT] CID:16 wall=3.3 ms  sim_delay=5.0 ms
>>> [UAV->CLOUD] BLK:0b85|TX:7.0.0.20|CID:16|TS:14.026|SPD:24.6|HDG:-0.8|PX:341.8|PY:-20....
✓ [CAR 18] ACT=OK REP=0.864 RWD=1.000 PNL=0.000 CREDIT=23
[ECON-CLAWBACK] CID:15 ACT=WARN prior_payoff=-2.951 extra_penalty=2.000 new_payoff=-5.052
[FORGIVENESS] CID:15 WARN #5 — streak reset, benefits revoked
⚠ [CAR 15] ACT=WARN REP=0.956 RWD=0.000 PNL=2.101 CREDIT=-2
✓ [CAR 16] ACT=OK REP=0.728 RWD=0.852 PNL=0.000 CREDIT=24
[PASSIVE-BEACON] SIMNOW:14.136 CID:7 ZONE:1 RXUAV:1 EDGEPORT:9998 TS:14.122 SPD:20.400 HDG:-0.700 PX:302.200 PY:-30.000 LAN:3 BRK:0 RX_X:0.000 RX_Y:0.000 RX_Z:0.000
[ZONE-ROUTE] CID:7 zone=1 edge_port=9998
[EDGE-RTT] CID:7 wall=1.3 ms  sim_delay=5.0 ms
>>> [UAV->CLOUD] BLK:277c|TX:7.0.0.11|CID:7|TS:14.122|SPD:20.4|HDG:-0.7|PX:302.2|PY:-30.0...
✓ [CAR 7] ACT=OK REP=0.880 RWD=1.000 PNL=0.000 CREDIT=24
[PASSIVE-BEACON] SIMNOW:14.179 CID:14 ZONE:1 RXUAV:1 EDGEPORT:9998 TS:14.164 SPD:19.700 HDG:-0.500 PX:323.800 PY:-50.000 LAN:5 BRK:0 RX_X:0.000 RX_Y:0.000 RX_Z:0.000
[ZONE-ROUTE] CID:14 zone=1 edge_port=9998
[EDGE-RTT] CID:14 wall=1.0 ms  sim_delay=5.0 ms
>>> [UAV->CLOUD] BLK:486c|TX:7.0.0.18|CID:14|TS:14.164|SPD:19.7|HDG:-0.5|PX:323.8|PY:-50....
[PASSIVE-BEACON] SIMNOW:14.186 CID:6 ZONE:1 RXUAV:1 EDGEPORT:9998 TS:14.172 SPD:24.700 HDG:-0.500 PX:305.300 PY:-20.000 LAN:2 BRK:0 RX_X:0.000 RX_Y:0.000 RX_Z:0.000
[ZONE-ROUTE] CID:6 zone=1 edge_port=9998
[EDGE-RTT] CID:6 wall=0.9 ms  sim_delay=5.0 ms
>>> [UAV->CLOUD] BLK:c9c7|TX:7.0.0.10|CID:6|TS:14.172|SPD:24.7|HDG:-0.5|PX:305.3|PY:-20.0...
✓ [CAR 14] ACT=OK REP=0.475 RWD=1.000 PNL=0.000 CREDIT=24
✓ [CAR 6] ACT=OK REP=0.920 RWD=0.851 PNL=0.000 CREDIT=24
[PASSIVE-BEACON] SIMNOW:14.209 CID:19 ZONE:1 RXUAV:1 EDGEPORT:9998 TS:14.196 SPD:19.900 HDG:-1.400 PX:344.100 PY:-50.000 LAN:5 BRK:0 RX_X:0.000 RX_Y:0.000 RX_Z:0.000
[ZONE-ROUTE] CID:19 zone=1 edge_port=9998
[EDGE-RTT] CID:19 wall=1.2 ms  sim_delay=5.0 ms
>>> [UAV->CLOUD] BLK:8865|TX:7.0.0.23|CID:19|TS:14.196|SPD:19.9|HDG:-1.4|PX:344.1|PY:-50....
✓ [CAR 19] ACT=OK REP=0.984 RWD=1.000 PNL=0.000 CREDIT=24
[PASSIVE-BEACON] SIMNOW:14.246 CID:9 ZONE:1 RXUAV:1 EDGEPORT:9998 TS:14.232 SPD:19.600 HDG:-1.200 PX:304.600 PY:-50.000 LAN:5 BRK:1 RX_X:0.000 RX_Y:0.000 RX_Z:0.000
[ZONE-ROUTE] CID:9 zone=1 edge_port=9998
[EDGE-RTT] CID:9 wall=1.2 ms  sim_delay=5.0 ms
>>> [UAV->CLOUD] BLK:09de|TX:7.0.0.13|CID:9|TS:14.232|SPD:19.6|HDG:-1.2|PX:304.6|PY:-50.0...
[PASSIVE-BEACON] SIMNOW:14.258 CID:13 ZONE:1 RXUAV:1 EDGEPORT:9998 TS:14.244 SPD:19.500 HDG:-0.200 PX:325.400 PY:-40.000 LAN:4 BRK:1 RX_X:0.000 RX_Y:0.000 RX_Z:0.000
[ZONE-ROUTE] CID:13 zone=1 edge_port=9998
[EDGE-RTT] CID:13 wall=0.8 ms  sim_delay=5.0 ms
>>> [UAV->CLOUD] BLK:bc49|TX:7.0.0.17|CID:13|TS:14.244|SPD:19.5|HDG:-0.2|PX:325.4|PY:-40....
[PASSIVE-BEACON] SIMNOW:14.258 CID:10 ZONE:1 RXUAV:1 EDGEPORT:9998 TS:14.244 SPD:24.900 HDG:0.100 PX:336.200 PY:-10.000 LAN:1 BRK:1 RX_X:0.000 RX_Y:0.000 RX_Z:0.000
[ZONE-ROUTE] CID:10 zone=1 edge_port=9998
[EDGE-RTT] CID:10 wall=3.1 ms  sim_delay=10.0 ms
>>> [UAV->CLOUD] BLK:6346|TX:7.0.0.14|CID:10|TS:14.244|SPD:24.9|HDG:0.1|PX:336.2|PY:-10.0...
✓ [CAR 9] ACT=OK REP=1.000 RWD=1.000 PNL=0.000 CREDIT=23
[PASSIVE-BEACON] SIMNOW:14.268 CID:11 ZONE:1 RXUAV:1 EDGEPORT:9998 TS:14.254 SPD:24.600 HDG:1.600 PX:326.700 PY:-20.000 LAN:2 BRK:0 RX_X:0.000 RX_Y:0.000 RX_Z:0.000
[ZONE-ROUTE] CID:11 zone=1 edge_port=9998
[EDGE-RTT] CID:11 wall=1.0 ms  sim_delay=5.0 ms
>>> [UAV->CLOUD] BLK:8224|TX:7.0.0.15|CID:11|TS:14.254|SPD:24.6|HDG:1.6|PX:326.7|PY:-20.0...
✓ [CAR 13] ACT=OK REP=0.957 RWD=1.000 PNL=0.000 CREDIT=24
[ECON-CLAWBACK] CID:10 ACT=WARN prior_payoff=-3.111 extra_penalty=2.000 new_payoff=-5.212
[FORGIVENESS] CID:10 WARN #5 — streak reset, benefits revoked
⚠ [CAR 10] ACT=WARN REP=0.754 RWD=0.000 PNL=2.101 CREDIT=-2
[PASSIVE-BEACON] SIMNOW:14.278 CID:12 ZONE:1 RXUAV:1 EDGEPORT:9998 TS:14.264 SPD:19.800 HDG:0.400 PX:324.900 PY:-30.000 LAN:3 BRK:0 RX_X:0.000 RX_Y:0.000 RX_Z:0.000
[ZONE-ROUTE] CID:12 zone=1 edge_port=9998
[EDGE-RTT] CID:12 wall=1.1 ms  sim_delay=5.0 ms
>>> [UAV->CLOUD] BLK:3d62|TX:7.0.0.16|CID:12|TS:14.264|SPD:19.8|HDG:0.4|PX:324.9|PY:-30.0...
✓ [CAR 11] ACT=OK REP=0.743 RWD=0.852 PNL=0.000 CREDIT=23
✓ [CAR 12] ACT=OK REP=1.000 RWD=1.000 PNL=0.000 CREDIT=24
[PASSIVE-BEACON] SIMNOW:14.364 CID:4 ZONE:1 RXUAV:1 EDGEPORT:9998 TS:14.350 SPD:19.600 HDG:-1.100 PX:286.300 PY:-50.000 LAN:5 BRK:0 RX_X:0.000 RX_Y:0.000 RX_Z:0.000
[ZONE-ROUTE] CID:4 zone=1 edge_port=9998
[EDGE-RTT] CID:4 wall=1.3 ms  sim_delay=5.0 ms
>>> [UAV->CLOUD] BLK:1372|TX:7.0.0.8|CID:4|TS:14.350|SPD:19.6|HDG:-1.1|PX:286.3|PY:-50.0|...
[PASSIVE-BEACON] SIMNOW:14.364 CID:3 ZONE:1 RXUAV:1 EDGEPORT:9998 TS:14.350 SPD:20.100 HDG:-1.600 PX:286.900 PY:-40.000 LAN:4 BRK:0 RX_X:0.000 RX_Y:0.000 RX_Z:0.000
[ZONE-ROUTE] CID:3 zone=1 edge_port=9998
[EDGE-RTT] CID:3 wall=3.2 ms  sim_delay=5.0 ms
>>> [UAV->CLOUD] BLK:f9da|TX:7.0.0.7|CID:3|TS:14.350|SPD:20.1|HDG:-1.6|PX:286.9|PY:-40.0|...
✓ [CAR 4] ACT=OK REP=1.000 RWD=1.000 PNL=0.000 CREDIT=24
✓ [CAR 3] ACT=OK REP=0.989 RWD=1.000 PNL=0.000 CREDIT=23
[PASSIVE-BEACON] SIMNOW:14.416 CID:8 ZONE:1 RXUAV:1 EDGEPORT:9998 TS:14.402 SPD:20.000 HDG:1.300 PX:308.300 PY:-40.000 LAN:4 BRK:0 RX_X:0.000 RX_Y:0.000 RX_Z:0.000
[ZONE-ROUTE] CID:8 zone=1 edge_port=9998
[EDGE-RTT] CID:8 wall=3.0 ms  sim_delay=5.0 ms
>>> [UAV->CLOUD] BLK:ac3d|TX:7.0.0.12|CID:8|TS:14.402|SPD:20.0|HDG:1.3|PX:308.3|PY:-40.0|...
✓ [CAR 8] ACT=OK REP=1.000 RWD=1.000 PNL=0.000 CREDIT=23
[PASSIVE-BEACON] SIMNOW:14.454 CID:0 ZONE:1 RXUAV:1 EDGEPORT:9998 TS:14.440 SPD:24.500 HDG:0.700 PX:301.300 PY:-10.000 LAN:1 BRK:1 RX_X:0.000 RX_Y:0.000 RX_Z:0.000
[ZONE-ROUTE] CID:0 zone=1 edge_port=9998
[EDGE-RTT] CID:0 wall=1.2 ms  sim_delay=10.0 ms
>>> [UAV->CLOUD] BLK:dc49|TX:7.0.0.4|CID:0|TS:14.440|SPD:24.5|HDG:0.7|PX:301.3|PY:-10.0|L...
[ECON-CLAWBACK] CID:0 ACT=WARN prior_payoff=-5.3 extra_penalty=2.2 new_payoff=-7.6
[FORGIVENESS] CID:0 WARN #6 — streak reset, benefits revoked
⚠ [CAR 0] ACT=WARN REP=0.874 RWD=0.000 PNL=2.349 CREDIT=-2
[PASSIVE-BEACON] SIMNOW:14.496 CID:5 ZONE:1 RXUAV:1 EDGEPORT:9998 TS:14.482 SPD:24.900 HDG:-1.000 PX:323.200 PY:-10.000 LAN:1 BRK:0 RX_X:0.000 RX_Y:0.000 RX_Z:0.000
[ZONE-ROUTE] CID:5 zone=1 edge_port=9998
[EDGE-RTT] CID:5 wall=1.2 ms  sim_delay=10.0 ms
>>> [UAV->CLOUD] BLK:ba22|TX:7.0.0.9|CID:5|TS:14.482|SPD:24.9|HDG:-1.0|PX:323.2|PY:-10.0|...
[PASSIVE-BEACON] SIMNOW:14.499 CID:17 ZONE:1 RXUAV:1 EDGEPORT:9998 TS:14.486 SPD:19.900 HDG:1.700 PX:349.200 PY:-30.000 LAN:3 BRK:0 RX_X:0.000 RX_Y:0.000 RX_Z:0.000
[ZONE-ROUTE] CID:17 zone=1 edge_port=9998
[EDGE-RTT] CID:17 wall=1.1 ms  sim_delay=5.0 ms
>>> [UAV->CLOUD] BLK:7430|TX:7.0.0.21|CID:17|TS:14.486|SPD:19.9|HDG:1.7|PX:349.2|PY:-30.0...
[ECON-CLAWBACK] CID:5 ACT=WARN prior_payoff=-5.2 extra_penalty=2.2 new_payoff=-7.6
[FORGIVENESS] CID:5 WARN #6 — streak reset, benefits revoked
⚠ [CAR 5] ACT=WARN REP=0.817 RWD=0.000 PNL=2.351 CREDIT=-2
✓ [CAR 17] ACT=OK REP=0.979 RWD=1.000 PNL=0.000 CREDIT=23
[PASSIVE-BEACON] SIMNOW:14.530 CID:18 ZONE:1 RXUAV:1 EDGEPORT:9998 TS:14.516 SPD:19.900 HDG:-1.200 PX:349.600 PY:-40.000 LAN:4 BRK:0 RX_X:0.000 RX_Y:0.000 RX_Z:0.000
[ZONE-ROUTE] CID:18 zone=1 edge_port=9998
[EDGE-RTT] CID:18 wall=1.1 ms  sim_delay=5.0 ms
>>> [UAV->CLOUD] BLK:15d8|TX:7.0.0.22|CID:18|TS:14.516|SPD:19.9|HDG:-1.2|PX:349.6|PY:-40....
[PASSIVE-BEACON] SIMNOW:14.540 CID:15 ZONE:1 RXUAV:1 EDGEPORT:9998 TS:14.526 SPD:24.600 HDG:1.500 PX:364.100 PY:-10.000 LAN:1 BRK:0 RX_X:0.000 RX_Y:0.000 RX_Z:0.000
[ZONE-ROUTE] CID:15 zone=1 edge_port=9998
[EDGE-RTT] CID:15 wall=1.1 ms  sim_delay=5.0 ms
>>> [UAV->CLOUD] BLK:7209|TX:7.0.0.19|CID:15|TS:14.526|SPD:24.6|HDG:1.5|PX:364.1|PY:-10.0...
[PASSIVE-BEACON] SIMNOW:14.540 CID:16 ZONE:1 RXUAV:1 EDGEPORT:9998 TS:14.526 SPD:24.500 HDG:1.300 PX:354.200 PY:-20.000 LAN:2 BRK:0 RX_X:0.000 RX_Y:0.000 RX_Z:0.000
[ZONE-ROUTE] CID:16 zone=1 edge_port=9998
[EDGE-RTT] CID:16 wall=2.3 ms  sim_delay=5.0 ms
>>> [UAV->CLOUD] BLK:4a7f|TX:7.0.0.20|CID:16|TS:14.526|SPD:24.5|HDG:1.3|PX:354.2|PY:-20.0...
✓ [CAR 18] ACT=OK REP=1.000 RWD=1.000 PNL=0.000 CREDIT=24
[ECON-CLAWBACK] CID:15 ACT=WARN prior_payoff=-5.052 extra_penalty=2.250 new_payoff=-7.401
[FORGIVENESS] CID:15 WARN #6 — streak reset, benefits revoked
⚠ [CAR 15] ACT=WARN REP=0.566 RWD=0.000 PNL=2.349 CREDIT=-2
[ECON-CLAWBACK] CID:16 ACT=WARN prior_payoff=27.848 extra_penalty=21.886 new_payoff=5.887
[TRUST-REVOKED] CID:16 benefits revoked logically; lane=2 speed=20.000 latency=10.000ms
[FORGIVENESS] CID:16 WARN #1 — streak reset, benefits revoked
⚠ [CAR 16] ACT=WARN REP=0.879 RWD=0.000 PNL=21.961 CREDIT=23
[PASSIVE-BEACON] SIMNOW:14.634 CID:7 ZONE:1 RXUAV:1 EDGEPORT:9998 TS:14.622 SPD:20.300 HDG:-2.000 PX:313.200 PY:-30.000 LAN:3 BRK:1 RX_X:0.000 RX_Y:0.000 RX_Z:0.000
[ZONE-ROUTE] CID:7 zone=1 edge_port=9998
[EDGE-RTT] CID:7 wall=1.3 ms  sim_delay=5.0 ms
>>> [UAV->CLOUD] BLK:2a7c|TX:7.0.0.11|CID:7|TS:14.622|SPD:20.3|HDG:-2.0|PX:313.2|PY:-30.0...
✓ [CAR 7] ACT=OK REP=0.721 RWD=1.000 PNL=0.000 CREDIT=25
[PASSIVE-BEACON] SIMNOW:14.678 CID:14 ZONE:1 RXUAV:1 EDGEPORT:9998 TS:14.664 SPD:19.800 HDG:1.800 PX:333.000 PY:-50.000 LAN:5 BRK:0 RX_X:0.000 RX_Y:0.000 RX_Z:0.000
[ZONE-ROUTE] CID:14 zone=1 edge_port=9998
[EDGE-RTT] CID:14 wall=1.1 ms  sim_delay=5.0 ms
>>> [UAV->CLOUD] BLK:4e2c|TX:7.0.0.18|CID:14|TS:14.664|SPD:19.8|HDG:1.8|PX:333.0|PY:-50.0...
[PASSIVE-BEACON] SIMNOW:14.686 CID:6 ZONE:1 RXUAV:1 EDGEPORT:9998 TS:14.672 SPD:24.600 HDG:-1.900 PX:317.100 PY:-20.000 LAN:2 BRK:0 RX_X:0.000 RX_Y:0.000 RX_Z:0.000
[ZONE-ROUTE] CID:6 zone=1 edge_port=9998
[EDGE-RTT] CID:6 wall=1.0 ms  sim_delay=5.0 ms
>>> [UAV->CLOUD] BLK:0ea6|TX:7.0.0.10|CID:6|TS:14.672|SPD:24.6|HDG:-1.9|PX:317.1|PY:-20.0...
✓ [CAR 14] ACT=OK REP=1.000 RWD=1.000 PNL=0.000 CREDIT=25
[ECON-CLAWBACK] CID:6 ACT=WARN prior_payoff=27.847 extra_penalty=21.885 new_payoff=5.886
[TRUST-REVOKED] CID:6 benefits revoked logically; lane=2 speed=20.000 latency=10.000ms
[FORGIVENESS] CID:6 WARN #1 — streak reset, benefits revoked
⚠ [CAR 6] ACT=WARN REP=0.918 RWD=0.000 PNL=21.961 CREDIT=23
[PASSIVE-BEACON] SIMNOW:14.710 CID:19 ZONE:1 RXUAV:1 EDGEPORT:9998 TS:14.696 SPD:20.100 HDG:-1.000 PX:353.400 PY:-50.000 LAN:5 BRK:0 RX_X:0.000 RX_Y:0.000 RX_Z:0.000
[ZONE-ROUTE] CID:19 zone=1 edge_port=9998
[EDGE-RTT] CID:19 wall=1.0 ms  sim_delay=5.0 ms
>>> [UAV->CLOUD] BLK:5f55|TX:7.0.0.23|CID:19|TS:14.696|SPD:20.1|HDG:-1.0|PX:353.4|PY:-50....
✓ [CAR 19] ACT=OK REP=1.000 RWD=1.000 PNL=0.000 CREDIT=25
[PASSIVE-BEACON] SIMNOW:14.746 CID:9 ZONE:1 RXUAV:1 EDGEPORT:9998 TS:14.732 SPD:20.500 HDG:-0.800 PX:314.100 PY:-50.000 LAN:5 BRK:0 RX_X:0.000 RX_Y:0.000 RX_Z:0.000
[ZONE-ROUTE] CID:9 zone=1 edge_port=9998
[EDGE-RTT] CID:9 wall=1.1 ms  sim_delay=5.0 ms
>>> [UAV->CLOUD] BLK:e375|TX:7.0.0.13|CID:9|TS:14.732|SPD:20.5|HDG:-0.8|PX:314.1|PY:-50.0...
[PASSIVE-BEACON] SIMNOW:14.758 CID:13 ZONE:1 RXUAV:1 EDGEPORT:9998 TS:14.744 SPD:19.700 HDG:1.000 PX:334.900 PY:-40.000 LAN:4 BRK:0 RX_X:0.000 RX_Y:0.000 RX_Z:0.000
[ZONE-ROUTE] CID:13 zone=1 edge_port=9998
[EDGE-RTT] CID:13 wall=1.3 ms  sim_delay=5.0 ms
>>> [UAV->CLOUD] BLK:84de|TX:7.0.0.17|CID:13|TS:14.744|SPD:19.7|HDG:1.0|PX:334.9|PY:-40.0...
[PASSIVE-BEACON] SIMNOW:14.758 CID:10 ZONE:1 RXUAV:1 EDGEPORT:9998 TS:14.744 SPD:25.400 HDG:-1.400 PX:348.900 PY:-10.000 LAN:1 BRK:0 RX_X:0.000 RX_Y:0.000 RX_Z:0.000
[ZONE-ROUTE] CID:10 zone=1 edge_port=9998
[EDGE-RTT] CID:10 wall=2.6 ms  sim_delay=10.0 ms
>>> [UAV->CLOUD] BLK:c914|TX:7.0.0.14|CID:10|TS:14.744|SPD:25.4|HDG:-1.4|PX:348.9|PY:-10....
✓ [CAR 9] ACT=OK REP=1.000 RWD=1.000 PNL=0.000 CREDIT=24
[PASSIVE-BEACON] SIMNOW:14.768 CID:11 ZONE:1 RXUAV:1 EDGEPORT:9998 TS:14.754 SPD:25.200 HDG:1.400 PX:338.800 PY:-20.000 LAN:2 BRK:0 RX_X:0.000 RX_Y:0.000 RX_Z:0.000
[ZONE-ROUTE] CID:11 zone=1 edge_port=9998
[EDGE-RTT] CID:11 wall=1.0 ms  sim_delay=5.0 ms
>>> [UAV->CLOUD] BLK:e666|TX:7.0.0.15|CID:11|TS:14.754|SPD:25.2|HDG:1.4|PX:338.8|PY:-20.0...
✓ [CAR 13] ACT=OK REP=1.000 RWD=1.000 PNL=0.000 CREDIT=25
[ECON-CLAWBACK] CID:10 ACT=WARN prior_payoff=-5.212 extra_penalty=2.250 new_payoff=-7.565
[FORGIVENESS] CID:10 WARN #6 — streak reset, benefits revoked
⚠ [CAR 10] ACT=WARN REP=0.742 RWD=0.000 PNL=2.353 CREDIT=-2
[PASSIVE-BEACON] SIMNOW:14.778 CID:12 ZONE:1 RXUAV:1 EDGEPORT:9998 TS:14.764 SPD:20.400 HDG:1.600 PX:335.700 PY:-30.000 LAN:3 BRK:0 RX_X:0.000 RX_Y:0.000 RX_Z:0.000
[ZONE-ROUTE] CID:12 zone=1 edge_port=9998
[EDGE-RTT] CID:12 wall=1.0 ms  sim_delay=5.0 ms
>>> [UAV->CLOUD] BLK:942a|TX:7.0.0.16|CID:12|TS:14.764|SPD:20.4|HDG:1.6|PX:335.7|PY:-30.0...
[ECON-CLAWBACK] CID:11 ACT=WARN prior_payoff=26.8 extra_penalty=21.1 new_payoff=5.6
[TRUST-REVOKED] CID:11 benefits revoked logically; lane=2 speed=20.0 latency=10.0ms
[FORGIVENESS] CID:11 WARN #1 — streak reset, benefits revoked
⚠ [CAR 11] ACT=WARN REP=1.000 RWD=0.000 PNL=21.215 CREDIT=22
✓ [CAR 12] ACT=OK REP=0.897 RWD=1.000 PNL=0.000 CREDIT=25
[PASSIVE-BEACON] SIMNOW:14.864 CID:4 ZONE:1 RXUAV:1 EDGEPORT:9998 TS:14.850 SPD:19.500 HDG:-1.400 PX:296.500 PY:-50.000 LAN:5 BRK:0 RX_X:0.000 RX_Y:0.000 RX_Z:0.000
[ZONE-ROUTE] CID:4 zone=1 edge_port=9998
[EDGE-RTT] CID:4 wall=1.4 ms  sim_delay=5.0 ms
>>> [UAV->CLOUD] BLK:40cb|TX:7.0.0.8|CID:4|TS:14.850|SPD:19.5|HDG:-1.4|PX:296.5|PY:-50.0|...
[PASSIVE-BEACON] SIMNOW:14.864 CID:3 ZONE:1 RXUAV:1 EDGEPORT:9998 TS:14.850 SPD:20.200 HDG:-0.400 PX:297.000 PY:-40.000 LAN:4 BRK:1 RX_X:0.000 RX_Y:0.000 RX_Z:0.000
[ZONE-ROUTE] CID:3 zone=1 edge_port=9998
[EDGE-RTT] CID:3 wall=3.0 ms  sim_delay=5.0 ms
>>> [UAV->CLOUD] BLK:a7cd|TX:7.0.0.7|CID:3|TS:14.850|SPD:20.2|HDG:-0.4|PX:297.0|PY:-40.0|...
✓ [CAR 4] ACT=OK REP=0.972 RWD=1.000 PNL=0.000 CREDIT=25
✓ [CAR 3] ACT=OK REP=0.700 RWD=1.000 PNL=0.000 CREDIT=24
[PASSIVE-BEACON] SIMNOW:14.916 CID:8 ZONE:1 RXUAV:1 EDGEPORT:9998 TS:14.902 SPD:19.800 HDG:0.500 PX:317.500 PY:-40.000 LAN:4 BRK:0 RX_X:0.000 RX_Y:0.000 RX_Z:0.000
[ZONE-ROUTE] CID:8 zone=1 edge_port=9998
[EDGE-RTT] CID:8 wall=1.2 ms  sim_delay=5.0 ms
>>> [UAV->CLOUD] BLK:c159|TX:7.0.0.12|CID:8|TS:14.902|SPD:19.8|HDG:0.5|PX:317.5|PY:-40.0|...
✓ [CAR 8] ACT=OK REP=0.947 RWD=1.000 PNL=0.000 CREDIT=24
[PASSIVE-BEACON] SIMNOW:14.954 CID:0 ZONE:1 RXUAV:1 EDGEPORT:9998 TS:14.940 SPD:24.700 HDG:-0.400 PX:314.600 PY:-10.000 LAN:1 BRK:1 RX_X:0.000 RX_Y:0.000 RX_Z:0.000
[ZONE-ROUTE] CID:0 zone=1 edge_port=9998
[EDGE-RTT] CID:0 wall=1.2 ms  sim_delay=10.0 ms
>>> [UAV->CLOUD] BLK:ea65|TX:7.0.0.4|CID:0|TS:14.940|SPD:24.7|HDG:-0.4|PX:314.6|PY:-10.0|...
[ECON-CLAWBACK] CID:0 ACT=WARN prior_payoff=-7.6 extra_penalty=2.5 new_payoff=-10.2
[FORGIVENESS] CID:0 WARN #7 — streak reset, benefits revoked
⚠ [CAR 0] ACT=WARN REP=0.320 RWD=0.000 PNL=2.600 CREDIT=-2
[PASSIVE-BEACON] SIMNOW:14.996 CID:5 ZONE:1 RXUAV:1 EDGEPORT:9998 TS:14.982 SPD:25.000 HDG:-0.500 PX:335.400 PY:-10.000 LAN:1 BRK:0 RX_X:0.000 RX_Y:0.000 RX_Z:0.000
[ZONE-ROUTE] CID:5 zone=1 edge_port=9998
[EDGE-RTT] CID:5 wall=1.3 ms  sim_delay=10.0 ms
>>> [UAV->CLOUD] BLK:d21e|TX:7.0.0.9|CID:5|TS:14.982|SPD:25.0|HDG:-0.5|PX:335.4|PY:-10.0|...
[PASSIVE-BEACON] SIMNOW:15.000 CID:17 ZONE:1 RXUAV:1 EDGEPORT:9998 TS:14.986 SPD:20.300 HDG:-0.100 PX:359.900 PY:-30.000 LAN:3 BRK:0 RX_X:0.000 RX_Y:0.000 RX_Z:0.000
[ZONE-ROUTE] CID:17 zone=1 edge_port=9998
[EDGE-RTT] CID:17 wall=0.9 ms  sim_delay=5.0 ms
>>> [UAV->CLOUD] BLK:474b|TX:7.0.0.21|CID:17|TS:14.986|SPD:20.3|HDG:-0.1|PX:359.9|PY:-30....
[ECON-CLAWBACK] CID:5 ACT=WARN prior_payoff=-7.6 extra_penalty=2.5 new_payoff=-10.2
[FORGIVENESS] CID:5 WARN #7 — streak reset, benefits revoked
⚠ [CAR 5] ACT=WARN REP=0.913 RWD=0.000 PNL=2.601 CREDIT=-2
✓ [CAR 17] ACT=OK REP=0.775 RWD=1.000 PNL=0.000 CREDIT=24
[PASSIVE-BEACON] SIMNOW:15.030 CID:18 ZONE:1 RXUAV:1 EDGEPORT:9998 TS:15.016 SPD:19.700 HDG:-0.400 PX:359.800 PY:-40.000 LAN:4 BRK:0 RX_X:0.000 RX_Y:0.000 RX_Z:0.000
[ZONE-ROUTE] CID:18 zone=1 edge_port=9998
[EDGE-RTT] CID:18 wall=1.1 ms  sim_delay=5.0 ms
>>> [UAV->CLOUD] BLK:c650|TX:7.0.0.22|CID:18|TS:15.016|SPD:19.7|HDG:-0.4|PX:359.8|PY:-40....
[PASSIVE-BEACON] SIMNOW:15.040 CID:15 ZONE:1 RXUAV:1 EDGEPORT:9998 TS:15.026 SPD:25.400 HDG:-0.900 PX:375.800 PY:-10.000 LAN:1 BRK:0 RX_X:0.000 RX_Y:0.000 RX_Z:0.000
[ZONE-ROUTE] CID:15 zone=1 edge_port=9998
[EDGE-RTT] CID:15 wall=0.9 ms  sim_delay=5.0 ms
>>> [UAV->CLOUD] BLK:d2e4|TX:7.0.0.19|CID:15|TS:15.026|SPD:25.4|HDG:-0.9|PX:375.8|PY:-10....
[PASSIVE-BEACON] SIMNOW:15.040 CID:16 ZONE:1 RXUAV:1 EDGEPORT:9998 TS:15.026 SPD:24.500 HDG:0.400 PX:366.700 PY:-20.000 LAN:2 BRK:0 RX_X:0.000 RX_Y:0.000 RX_Z:0.000
[ZONE-ROUTE] CID:16 zone=1 edge_port=9998
[EDGE-RTT] CID:16 wall=2.3 ms  sim_delay=5.0 ms
>>> [UAV->CLOUD] BLK:bcf5|TX:7.0.0.20|CID:16|TS:15.026|SPD:24.5|HDG:0.4|PX:366.7|PY:-20.0...
✓ [CAR 18] ACT=OK REP=0.804 RWD=1.000 PNL=0.000 CREDIT=25
[ECON-CLAWBACK] CID:15 ACT=WARN prior_payoff=-7.401 extra_penalty=2.500 new_payoff=-10.003
[FORGIVENESS] CID:15 WARN #7 — streak reset, benefits revoked
⚠ [CAR 15] ACT=WARN REP=0.891 RWD=0.000 PNL=2.602 CREDIT=-2
[ECON-CLAWBACK] CID:16 ACT=WARN prior_payoff=5.887 extra_penalty=4.194 new_payoff=1.599
[FORGIVENESS] CID:16 WARN #2 — streak reset, benefits revoked
⚠ [CAR 16] ACT=WARN REP=0.560 RWD=0.000 PNL=4.288 CREDIT=-2
[PASSIVE-BEACON] SIMNOW:15.136 CID:7 ZONE:1 RXUAV:1 EDGEPORT:9998 TS:15.122 SPD:20.500 HDG:-1.900 PX:322.000 PY:-30.000 LAN:3 BRK:0 RX_X:0.000 RX_Y:0.000 RX_Z:0.000
[ZONE-ROUTE] CID:7 zone=1 edge_port=9998
[EDGE-RTT] CID:7 wall=1.3 ms  sim_delay=5.0 ms
>>> [UAV->CLOUD] BLK:6b8b|TX:7.0.0.11|CID:7|TS:15.122|SPD:20.5|HDG:-1.9|PX:322.0|PY:-30.0...
✓ [CAR 7] ACT=OK REP=0.957 RWD=1.000 PNL=0.000 CREDIT=26
[PASSIVE-BEACON] SIMNOW:15.179 CID:14 ZONE:1 RXUAV:1 EDGEPORT:9998 TS:15.164 SPD:20.100 HDG:1.600 PX:343.500 PY:-50.000 LAN:5 BRK:0 RX_X:0.000 RX_Y:0.000 RX_Z:0.000
[ZONE-ROUTE] CID:14 zone=1 edge_port=9998
[EDGE-RTT] CID:14 wall=1.5 ms  sim_delay=5.0 ms
>>> [UAV->CLOUD] BLK:d8b3|TX:7.0.0.18|CID:14|TS:15.164|SPD:20.1|HDG:1.6|PX:343.5|PY:-50.0...
[PASSIVE-BEACON] SIMNOW:15.186 CID:6 ZONE:1 RXUAV:1 EDGEPORT:9998 TS:15.172 SPD:24.800 HDG:-0.100 PX:330.400 PY:-20.000 LAN:2 BRK:0 RX_X:0.000 RX_Y:0.000 RX_Z:0.000
[ZONE-ROUTE] CID:6 zone=1 edge_port=9998
[EDGE-RTT] CID:6 wall=1.2 ms  sim_delay=5.0 ms
>>> [UAV->CLOUD] BLK:1737|TX:7.0.0.10|CID:6|TS:15.172|SPD:24.8|HDG:-0.1|PX:330.4|PY:-20.0...
✓ [CAR 14] ACT=OK REP=0.805 RWD=1.000 PNL=0.000 CREDIT=26
[ECON-CLAWBACK] CID:6 ACT=WARN prior_payoff=5.886 extra_penalty=4.193 new_payoff=1.596
[FORGIVENESS] CID:6 WARN #2 — streak reset, benefits revoked
⚠ [CAR 6] ACT=WARN REP=0.823 RWD=0.000 PNL=4.290 CREDIT=-2
[PASSIVE-BEACON] SIMNOW:15.210 CID:19 ZONE:1 RXUAV:1 EDGEPORT:9998 TS:15.196 SPD:19.900 HDG:0.400 PX:364.400 PY:-50.000 LAN:5 BRK:0 RX_X:0.000 RX_Y:0.000 RX_Z:0.000
[ZONE-ROUTE] CID:19 zone=1 edge_port=9998
[EDGE-RTT] CID:19 wall=1.1 ms  sim_delay=5.0 ms
>>> [UAV->CLOUD] BLK:5321|TX:7.0.0.23|CID:19|TS:15.196|SPD:19.9|HDG:0.4|PX:364.4|PY:-50.0...
✓ [CAR 19] ACT=OK REP=0.645 RWD=1.000 PNL=0.000 CREDIT=26
[PASSIVE-BEACON] SIMNOW:15.246 CID:9 ZONE:1 RXUAV:1 EDGEPORT:9998 TS:15.232 SPD:20.100 HDG:-1.000 PX:324.400 PY:-50.000 LAN:5 BRK:0 RX_X:0.000 RX_Y:0.000 RX_Z:0.000
[ZONE-ROUTE] CID:9 zone=1 edge_port=9998
[EDGE-RTT] CID:9 wall=1.2 ms  sim_delay=5.0 ms
>>> [UAV->CLOUD] BLK:8732|TX:7.0.0.13|CID:9|TS:15.232|SPD:20.1|HDG:-1.0|PX:324.4|PY:-50.0...
[PASSIVE-BEACON] SIMNOW:15.258 CID:13 ZONE:1 RXUAV:1 EDGEPORT:9998 TS:15.244 SPD:20.300 HDG:0.400 PX:345.400 PY:-40.000 LAN:4 BRK:0 RX_X:0.000 RX_Y:0.000 RX_Z:0.000
[ZONE-ROUTE] CID:13 zone=1 edge_port=9998
[EDGE-RTT] CID:13 wall=1.1 ms  sim_delay=5.0 ms
>>> [UAV->CLOUD] BLK:ecee|TX:7.0.0.17|CID:13|TS:15.244|SPD:20.3|HDG:0.4|PX:345.4|PY:-40.0...
[PASSIVE-BEACON] SIMNOW:15.258 CID:10 ZONE:1 RXUAV:1 EDGEPORT:9998 TS:15.244 SPD:25.300 HDG:-1.900 PX:362.000 PY:-10.000 LAN:1 BRK:0 RX_X:0.000 RX_Y:0.000 RX_Z:0.000
[ZONE-ROUTE] CID:10 zone=1 edge_port=9998
[EDGE-RTT] CID:10 wall=2.6 ms  sim_delay=10.0 ms
>>> [UAV->CLOUD] BLK:7a89|TX:7.0.0.14|CID:10|TS:15.244|SPD:25.3|HDG:-1.9|PX:362.0|PY:-10....
✓ [CAR 9] ACT=OK REP=1.000 RWD=1.000 PNL=0.000 CREDIT=25
[PASSIVE-BEACON] SIMNOW:15.268 CID:11 ZONE:1 RXUAV:1 EDGEPORT:9998 TS:15.254 SPD:24.600 HDG:0.000 PX:352.600 PY:-20.000 LAN:2 BRK:0 RX_X:0.000 RX_Y:0.000 RX_Z:0.000
[ZONE-ROUTE] CID:11 zone=1 edge_port=9998
[EDGE-RTT] CID:11 wall=1.1 ms  sim_delay=5.0 ms
>>> [UAV->CLOUD] BLK:3598|TX:7.0.0.15|CID:11|TS:15.254|SPD:24.6|HDG:0.0|PX:352.6|PY:-20.0...
✓ [CAR 13] ACT=OK REP=1.000 RWD=1.000 PNL=0.000 CREDIT=26
[ECON-CLAWBACK] CID:10 ACT=WARN prior_payoff=-7.565 extra_penalty=2.500 new_payoff=-10.167
[FORGIVENESS] CID:10 WARN #7 — streak reset, benefits revoked
⚠ [CAR 10] ACT=WARN REP=0.676 RWD=0.000 PNL=2.602 CREDIT=-2
[PASSIVE-BEACON] SIMNOW:15.278 CID:12 ZONE:1 RXUAV:1 EDGEPORT:9998 TS:15.264 SPD:19.700 HDG:-1.200 PX:345.100 PY:-30.000 LAN:3 BRK:0 RX_X:0.000 RX_Y:0.000 RX_Z:0.000
[ZONE-ROUTE] CID:12 zone=1 edge_port=9998
[EDGE-RTT] CID:12 wall=1.2 ms  sim_delay=5.0 ms
>>> [UAV->CLOUD] BLK:a550|TX:7.0.0.16|CID:12|TS:15.264|SPD:19.7|HDG:-1.2|PX:345.1|PY:-30....
[ECON-CLAWBACK] CID:11 ACT=WARN prior_payoff=5.6 extra_penalty=4.1 new_payoff=1.5
[FORGIVENESS] CID:11 WARN #2 — streak reset, benefits revoked
⚠ [CAR 11] ACT=WARN REP=0.841 RWD=0.000 PNL=4.161 CREDIT=-2
✓ [CAR 12] ACT=OK REP=1.000 RWD=1.000 PNL=0.000 CREDIT=26
[PASSIVE-BEACON] SIMNOW:15.364 CID:4 ZONE:1 RXUAV:1 EDGEPORT:9998 TS:15.350 SPD:19.900 HDG:0.600 PX:307.300 PY:-50.000 LAN:5 BRK:0 RX_X:0.000 RX_Y:0.000 RX_Z:0.000
[ZONE-ROUTE] CID:4 zone=1 edge_port=9998
[EDGE-RTT] CID:4 wall=1.4 ms  sim_delay=5.0 ms
>>> [UAV->CLOUD] BLK:a8bd|TX:7.0.0.8|CID:4|TS:15.350|SPD:19.9|HDG:0.6|PX:307.3|PY:-50.0|L...
[PASSIVE-BEACON] SIMNOW:15.364 CID:3 ZONE:1 RXUAV:1 EDGEPORT:9998 TS:15.350 SPD:19.900 HDG:-1.100 PX:306.600 PY:-40.000 LAN:4 BRK:0 RX_X:0.000 RX_Y:0.000 RX_Z:0.000
[ZONE-ROUTE] CID:3 zone=1 edge_port=9998
[EDGE-RTT] CID:3 wall=2.7 ms  sim_delay=5.0 ms
>>> [UAV->CLOUD] BLK:ccee|TX:7.0.0.7|CID:3|TS:15.350|SPD:19.9|HDG:-1.1|PX:306.6|PY:-40.0|...
✓ [CAR 4] ACT=OK REP=0.899 RWD=1.000 PNL=0.000 CREDIT=26
✓ [CAR 3] ACT=OK REP=0.903 RWD=1.000 PNL=0.000 CREDIT=25
[PASSIVE-BEACON] SIMNOW:15.416 CID:8 ZONE:1 RXUAV:1 EDGEPORT:9998 TS:15.402 SPD:20.300 HDG:-0.000 PX:327.600 PY:-40.000 LAN:4 BRK:0 RX_X:0.000 RX_Y:0.000 RX_Z:0.000
[ZONE-ROUTE] CID:8 zone=1 edge_port=9998
[EDGE-RTT] CID:8 wall=1.4 ms  sim_delay=5.0 ms
>>> [UAV->CLOUD] BLK:dc19|TX:7.0.0.12|CID:8|TS:15.402|SPD:20.3|HDG:-0.0|PX:327.6|PY:-40.0...
✓ [CAR 8] ACT=OK REP=1.000 RWD=1.000 PNL=0.000 CREDIT=25
[PASSIVE-BEACON] SIMNOW:15.454 CID:0 ZONE:1 RXUAV:1 EDGEPORT:9998 TS:15.440 SPD:24.800 HDG:0.400 PX:326.300 PY:-10.000 LAN:1 BRK:0 RX_X:0.000 RX_Y:0.000 RX_Z:0.000
[ZONE-ROUTE] CID:0 zone=1 edge_port=9998
[EDGE-RTT] CID:0 wall=1.4 ms  sim_delay=10.0 ms
>>> [UAV->CLOUD] BLK:27e2|TX:7.0.0.4|CID:0|TS:15.440|SPD:24.8|HDG:0.4|PX:326.3|PY:-10.0|L...
[ECON-CLAWBACK] CID:0 ACT=WARN prior_payoff=-10.2 extra_penalty=2.8 new_payoff=-13.1
[FORGIVENESS] CID:0 WARN #8 — streak reset, benefits revoked
⚠ [CAR 0] ACT=WARN REP=0.557 RWD=0.000 PNL=2.850 CREDIT=-2
[PASSIVE-BEACON] SIMNOW:15.496 CID:5 ZONE:1 RXUAV:1 EDGEPORT:9998 TS:15.482 SPD:24.500 HDG:0.800 PX:348.300 PY:-10.000 LAN:1 BRK:0 RX_X:0.000 RX_Y:0.000 RX_Z:0.000
[ZONE-ROUTE] CID:5 zone=1 edge_port=9998
[EDGE-RTT] CID:5 wall=1.3 ms  sim_delay=10.0 ms
>>> [UAV->CLOUD] BLK:2a59|TX:7.0.0.9|CID:5|TS:15.482|SPD:24.5|HDG:0.8|PX:348.3|PY:-10.0|L...
[PASSIVE-BEACON] SIMNOW:15.500 CID:17 ZONE:1 RXUAV:1 EDGEPORT:9998 TS:15.486 SPD:20.100 HDG:0.300 PX:369.500 PY:-30.000 LAN:3 BRK:0 RX_X:0.000 RX_Y:0.000 RX_Z:0.000
[ZONE-ROUTE] CID:17 zone=1 edge_port=9998
[EDGE-RTT] CID:17 wall=1.4 ms  sim_delay=5.0 ms
>>> [UAV->CLOUD] BLK:baa6|TX:7.0.0.21|CID:17|TS:15.486|SPD:20.1|HDG:0.3|PX:369.5|PY:-30.0...
[ECON-CLAWBACK] CID:5 ACT=WARN prior_payoff=-10.2 extra_penalty=2.8 new_payoff=-13.0
[FORGIVENESS] CID:5 WARN #8 — streak reset, benefits revoked
⚠ [CAR 5] ACT=WARN REP=0.548 RWD=0.000 PNL=2.848 CREDIT=-2
✓ [CAR 17] ACT=OK REP=0.944 RWD=1.000 PNL=0.000 CREDIT=25
[PASSIVE-BEACON] SIMNOW:15.530 CID:18 ZONE:1 RXUAV:1 EDGEPORT:9998 TS:15.516 SPD:19.900 HDG:-1.100 PX:369.600 PY:-40.000 LAN:4 BRK:0 RX_X:0.000 RX_Y:0.000 RX_Z:0.000
[ZONE-ROUTE] CID:18 zone=1 edge_port=9998
[EDGE-RTT] CID:18 wall=1.5 ms  sim_delay=5.0 ms
>>> [UAV->CLOUD] BLK:7e53|TX:7.0.0.22|CID:18|TS:15.516|SPD:19.9|HDG:-1.1|PX:369.6|PY:-40....
[PASSIVE-BEACON] SIMNOW:15.540 CID:15 ZONE:1 RXUAV:1 EDGEPORT:9998 TS:15.526 SPD:24.600 HDG:0.600 PX:389.500 PY:-10.000 LAN:1 BRK:0 RX_X:0.000 RX_Y:0.000 RX_Z:0.000
[ZONE-ROUTE] CID:15 zone=1 edge_port=9998
[EDGE-RTT] CID:15 wall=1.4 ms  sim_delay=5.0 ms
>>> [UAV->CLOUD] BLK:c3ef|TX:7.0.0.19|CID:15|TS:15.526|SPD:24.6|HDG:0.6|PX:389.5|PY:-10.0...
[PASSIVE-BEACON] SIMNOW:15.540 CID:16 ZONE:1 RXUAV:1 EDGEPORT:9998 TS:15.526 SPD:25.300 HDG:-1.000 PX:379.300 PY:-20.000 LAN:2 BRK:0 RX_X:0.000 RX_Y:0.000 RX_Z:0.000
[ZONE-ROUTE] CID:16 zone=1 edge_port=9998
[EDGE-RTT] CID:16 wall=2.6 ms  sim_delay=5.0 ms
>>> [UAV->CLOUD] BLK:3299|TX:7.0.0.20|CID:16|TS:15.526|SPD:25.3|HDG:-1.0|PX:379.3|PY:-20....
✓ [CAR 18] ACT=OK REP=1.000 RWD=1.000 PNL=0.000 CREDIT=26
[ECON-CLAWBACK] CID:15 ACT=WARN prior_payoff=-10.003 extra_penalty=2.750 new_payoff=-12.852
[FORGIVENESS] CID:15 WARN #8 — streak reset, benefits revoked
⚠ [CAR 15] ACT=WARN REP=0.785 RWD=0.000 PNL=2.849 CREDIT=-2
[ECON-CLAWBACK] CID:16 ACT=WARN prior_payoff=1.599 extra_penalty=2.299 new_payoff=-0.801
[FORGIVENESS] CID:16 WARN #3 — streak reset, benefits revoked
⚠ [CAR 16] ACT=WARN REP=1.000 RWD=0.000 PNL=2.399 CREDIT=-2
[PASSIVE-BEACON] SIMNOW:15.636 CID:7 ZONE:1 RXUAV:1 EDGEPORT:9998 TS:15.622 SPD:19.800 HDG:-1.100 PX:331.800 PY:-30.000 LAN:3 BRK:0 RX_X:0.000 RX_Y:0.000 RX_Z:0.000
[ZONE-ROUTE] CID:7 zone=1 edge_port=9998
[EDGE-RTT] CID:7 wall=1.5 ms  sim_delay=5.0 ms
>>> [UAV->CLOUD] BLK:213c|TX:7.0.0.11|CID:7|TS:15.622|SPD:19.8|HDG:-1.1|PX:331.8|PY:-30.0...
✓ [CAR 7] ACT=OK REP=0.725 RWD=1.000 PNL=0.000 CREDIT=27
[PASSIVE-BEACON] SIMNOW:15.678 CID:14 ZONE:1 RXUAV:1 EDGEPORT:9998 TS:15.664 SPD:19.900 HDG:0.000 PX:353.500 PY:-50.000 LAN:5 BRK:0 RX_X:0.000 RX_Y:0.000 RX_Z:0.000
[ZONE-ROUTE] CID:14 zone=1 edge_port=9998
[EDGE-RTT] CID:14 wall=1.1 ms  sim_delay=5.0 ms
>>> [UAV->CLOUD] BLK:5bdc|TX:7.0.0.18|CID:14|TS:15.664|SPD:19.9|HDG:0.0|PX:353.5|PY:-50.0...
[PASSIVE-BEACON] SIMNOW:15.686 CID:6 ZONE:1 RXUAV:1 EDGEPORT:9998 TS:15.672 SPD:24.600 HDG:1.500 PX:343.100 PY:-20.000 LAN:2 BRK:0 RX_X:0.000 RX_Y:0.000 RX_Z:0.000
[ZONE-ROUTE] CID:6 zone=1 edge_port=9998
[EDGE-RTT] CID:6 wall=1.2 ms  sim_delay=5.0 ms
>>> [UAV->CLOUD] BLK:6fe4|TX:7.0.0.10|CID:6|TS:15.672|SPD:24.6|HDG:1.5|PX:343.1|PY:-20.0|...
✓ [CAR 14] ACT=OK REP=1.000 RWD=1.000 PNL=0.000 CREDIT=27
[ECON-CLAWBACK] CID:6 ACT=WARN prior_payoff=1.596 extra_penalty=2.298 new_payoff=-0.799
[FORGIVENESS] CID:6 WARN #3 — streak reset, benefits revoked
⚠ [CAR 6] ACT=WARN REP=0.827 RWD=0.000 PNL=2.395 CREDIT=-2
[PASSIVE-BEACON] SIMNOW:15.709 CID:19 ZONE:1 RXUAV:1 EDGEPORT:9998 TS:15.696 SPD:20.200 HDG:-0.800 PX:373.800 PY:-50.000 LAN:5 BRK:1 RX_X:0.000 RX_Y:0.000 RX_Z:0.000
[ZONE-ROUTE] CID:19 zone=1 edge_port=9998
[EDGE-RTT] CID:19 wall=1.4 ms  sim_delay=5.0 ms
>>> [UAV->CLOUD] BLK:82ba|TX:7.0.0.23|CID:19|TS:15.696|SPD:20.2|HDG:-0.8|PX:373.8|PY:-50....
✓ [CAR 19] ACT=OK REP=1.000 RWD=1.000 PNL=0.000 CREDIT=27
[PASSIVE-BEACON] SIMNOW:15.746 CID:9 ZONE:1 RXUAV:1 EDGEPORT:9998 TS:15.732 SPD:20.100 HDG:-1.600 PX:335.300 PY:-50.000 LAN:5 BRK:0 RX_X:0.000 RX_Y:0.000 RX_Z:0.000
[ZONE-ROUTE] CID:9 zone=1 edge_port=9998
[EDGE-RTT] CID:9 wall=1.5 ms  sim_delay=5.0 ms
>>> [UAV->CLOUD] BLK:12fb|TX:7.0.0.13|CID:9|TS:15.732|SPD:20.1|HDG:-1.6|PX:335.3|PY:-50.0...
[PASSIVE-BEACON] SIMNOW:15.758 CID:13 ZONE:1 RXUAV:1 EDGEPORT:9998 TS:15.744 SPD:19.800 HDG:-1.200 PX:354.500 PY:-40.000 LAN:4 BRK:0 RX_X:0.000 RX_Y:0.000 RX_Z:0.000
[ZONE-ROUTE] CID:13 zone=1 edge_port=9998
[EDGE-RTT] CID:13 wall=1.0 ms  sim_delay=5.0 ms
>>> [UAV->CLOUD] BLK:4140|TX:7.0.0.17|CID:13|TS:15.744|SPD:19.8|HDG:-1.2|PX:354.5|PY:-40....
[PASSIVE-BEACON] SIMNOW:15.758 CID:10 ZONE:1 RXUAV:1 EDGEPORT:9998 TS:15.744 SPD:24.800 HDG:-1.900 PX:373.600 PY:-10.000 LAN:1 BRK:0 RX_X:0.000 RX_Y:0.000 RX_Z:0.000
[ZONE-ROUTE] CID:10 zone=1 edge_port=9998
[EDGE-RTT] CID:10 wall=2.0 ms  sim_delay=10.0 ms
>>> [UAV->CLOUD] BLK:49a1|TX:7.0.0.14|CID:10|TS:15.744|SPD:24.8|HDG:-1.9|PX:373.6|PY:-10....
✓ [CAR 9] ACT=OK REP=1.000 RWD=1.000 PNL=0.000 CREDIT=26
[PASSIVE-BEACON] SIMNOW:15.768 CID:11 ZONE:1 RXUAV:1 EDGEPORT:9998 TS:15.754 SPD:25.300 HDG:0.400 PX:365.100 PY:-20.000 LAN:2 BRK:1 RX_X:0.000 RX_Y:0.000 RX_Z:0.000
[ZONE-ROUTE] CID:11 zone=1 edge_port=9998
[EDGE-RTT] CID:11 wall=1.3 ms  sim_delay=5.0 ms
>>> [UAV->CLOUD] BLK:975c|TX:7.0.0.15|CID:11|TS:15.754|SPD:25.3|HDG:0.4|PX:365.1|PY:-20.0...
✓ [CAR 13] ACT=OK REP=0.612 RWD=1.000 PNL=0.000 CREDIT=27
[ECON-CLAWBACK] CID:10 ACT=WARN prior_payoff=-10.167 extra_penalty=2.750 new_payoff=-13.018
[FORGIVENESS] CID:10 WARN #8 — streak reset, benefits revoked
⚠ [CAR 10] ACT=WARN REP=0.762 RWD=0.000 PNL=2.851 CREDIT=-2
[PASSIVE-BEACON] SIMNOW:15.776 CID:12 ZONE:1 RXUAV:1 EDGEPORT:9998 TS:15.764 SPD:19.700 HDG:-0.900 PX:356.000 PY:-30.000 LAN:3 BRK:0 RX_X:0.000 RX_Y:0.000 RX_Z:0.000
[ZONE-ROUTE] CID:12 zone=1 edge_port=9998
[EDGE-RTT] CID:12 wall=1.2 ms  sim_delay=5.0 ms
>>> [UAV->CLOUD] BLK:3bdc|TX:7.0.0.16|CID:12|TS:15.764|SPD:19.7|HDG:-0.9|PX:356.0|PY:-30....
[ECON-CLAWBACK] CID:11 ACT=WARN prior_payoff=1.5 extra_penalty=2.2 new_payoff=-0.9
[FORGIVENESS] CID:11 WARN #3 — streak reset, benefits revoked
⚠ [CAR 11] ACT=WARN REP=0.976 RWD=0.000 PNL=2.336 CREDIT=-2
✓ [CAR 12] ACT=OK REP=0.834 RWD=1.000 PNL=0.000 CREDIT=27
[PASSIVE-BEACON] SIMNOW:15.864 CID:4 ZONE:1 RXUAV:1 EDGEPORT:9998 TS:15.850 SPD:20.200 HDG:-0.600 PX:316.600 PY:-50.000 LAN:5 BRK:0 RX_X:0.000 RX_Y:0.000 RX_Z:0.000
[ZONE-ROUTE] CID:4 zone=1 edge_port=9998
[EDGE-RTT] CID:4 wall=1.3 ms  sim_delay=5.0 ms
>>> [UAV->CLOUD] BLK:30b3|TX:7.0.0.8|CID:4|TS:15.850|SPD:20.2|HDG:-0.6|PX:316.6|PY:-50.0|...
[PASSIVE-BEACON] SIMNOW:15.864 CID:3 ZONE:1 RXUAV:1 EDGEPORT:9998 TS:15.850 SPD:19.800 HDG:-0.800 PX:317.600 PY:-40.000 LAN:4 BRK:0 RX_X:0.000 RX_Y:0.000 RX_Z:0.000
[ZONE-ROUTE] CID:3 zone=1 edge_port=9998
[EDGE-RTT] CID:3 wall=2.6 ms  sim_delay=5.0 ms
>>> [UAV->CLOUD] BLK:d4d7|TX:7.0.0.7|CID:3|TS:15.850|SPD:19.8|HDG:-0.8|PX:317.6|PY:-40.0|...
✓ [CAR 4] ACT=OK REP=1.000 RWD=1.000 PNL=0.000 CREDIT=27
✓ [CAR 3] ACT=OK REP=1.000 RWD=1.000 PNL=0.000 CREDIT=26
[PASSIVE-BEACON] SIMNOW:15.916 CID:8 ZONE:1 RXUAV:1 EDGEPORT:9998 TS:15.902 SPD:19.800 HDG:0.900 PX:338.400 PY:-40.000 LAN:4 BRK:0 RX_X:0.000 RX_Y:0.000 RX_Z:0.000
[ZONE-ROUTE] CID:8 zone=1 edge_port=9998
[EDGE-RTT] CID:8 wall=1.2 ms  sim_delay=5.0 ms
>>> [UAV->CLOUD] BLK:6ad2|TX:7.0.0.12|CID:8|TS:15.902|SPD:19.8|HDG:0.9|PX:338.4|PY:-40.0|...
✓ [CAR 8] ACT=OK REP=1.000 RWD=1.000 PNL=0.000 CREDIT=26
[PASSIVE-BEACON] SIMNOW:15.954 CID:0 ZONE:1 RXUAV:1 EDGEPORT:9998 TS:15.940 SPD:24.800 HDG:-0.400 PX:338.400 PY:-10.000 LAN:1 BRK:0 RX_X:0.000 RX_Y:0.000 RX_Z:0.000
[ZONE-ROUTE] CID:0 zone=1 edge_port=9998
[EDGE-RTT] CID:0 wall=1.2 ms  sim_delay=10.0 ms
>>> [UAV->CLOUD] BLK:433f|TX:7.0.0.4|CID:0|TS:15.940|SPD:24.8|HDG:-0.4|PX:338.4|PY:-10.0|...
[ECON-CLAWBACK] CID:0 ACT=WARN prior_payoff=-13.1 extra_penalty=3.0 new_payoff=-16.2
[FORGIVENESS] CID:0 WARN #9 — streak reset, benefits revoked
⚠ [CAR 0] ACT=WARN REP=0.700 RWD=0.000 PNL=3.100 CREDIT=-2
[PASSIVE-BEACON] SIMNOW:15.996 CID:5 ZONE:1 RXUAV:1 EDGEPORT:9998 TS:15.982 SPD:25.500 HDG:-1.700 PX:360.300 PY:-10.000 LAN:1 BRK:0 RX_X:0.000 RX_Y:0.000 RX_Z:0.000
[ZONE-ROUTE] CID:5 zone=1 edge_port=9998
[EDGE-RTT] CID:5 wall=1.2 ms  sim_delay=10.0 ms
>>> [UAV->CLOUD] BLK:f8c4|TX:7.0.0.9|CID:5|TS:15.982|SPD:25.5|HDG:-1.7|PX:360.3|PY:-10.0|...
[PASSIVE-BEACON] SIMNOW:16.000 CID:17 ZONE:1 RXUAV:1 EDGEPORT:9998 TS:15.986 SPD:24.900 HDG:0.800 PX:380.500 PY:-30.000 LAN:3 BRK:0 RX_X:0.000 RX_Y:0.000 RX_Z:0.000
[ZONE-ROUTE] CID:17 zone=1 edge_port=9998
[EDGE-RTT] CID:17 wall=1.1 ms  sim_delay=5.0 ms
>>> [UAV->CLOUD] BLK:dad3|TX:7.0.0.21|CID:17|TS:15.986|SPD:24.9|HDG:0.8|PX:380.5|PY:-30.0...
[ECON-CLAWBACK] CID:5 ACT=WARN prior_payoff=-13.0 extra_penalty=3.0 new_payoff=-16.1
[FORGIVENESS] CID:5 WARN #9 — streak reset, benefits revoked
⚠ [CAR 5] ACT=WARN REP=0.523 RWD=0.000 PNL=3.102 CREDIT=-2
[ECON-CLAWBACK] CID:17 ACT=WARN prior_payoff=28.996 extra_penalty=22.747 new_payoff=6.173
[TRUST-REVOKED] CID:17 benefits revoked logically; lane=3 speed=20.000 latency=10.000ms
[FORGIVENESS] CID:17 WARN #1 — streak reset, benefits revoked
⚠ [CAR 17] ACT=WARN REP=1.000 RWD=0.000 PNL=22.823 CREDIT=24
[PASSIVE-BEACON] SIMNOW:16.030 CID:18 ZONE:1 RXUAV:1 EDGEPORT:9998 TS:16.016 SPD:20.000 HDG:0.500 PX:380.500 PY:-40.000 LAN:4 BRK:0 RX_X:0.000 RX_Y:0.000 RX_Z:0.000
[ZONE-ROUTE] CID:18 zone=1 edge_port=9998
[EDGE-RTT] CID:18 wall=1.0 ms  sim_delay=5.0 ms
>>> [UAV->CLOUD] BLK:cc84|TX:7.0.0.22|CID:18|TS:16.016|SPD:20.0|HDG:0.5|PX:380.5|PY:-40.0...
[PASSIVE-BEACON] SIMNOW:16.040 CID:15 ZONE:1 RXUAV:1 EDGEPORT:9998 TS:16.026 SPD:25.200 HDG:-1.300 PX:401.700 PY:-10.000 LAN:1 BRK:0 RX_X:0.000 RX_Y:0.000 RX_Z:0.000
[ZONE-ROUTE] CID:15 zone=1 edge_port=9998
[EDGE-RTT] CID:15 wall=1.3 ms  sim_delay=5.0 ms
>>> [UAV->CLOUD] BLK:93b4|TX:7.0.0.19|CID:15|TS:16.026|SPD:25.2|HDG:-1.3|PX:401.7|PY:-10....
[PASSIVE-BEACON] SIMNOW:16.040 CID:16 ZONE:1 RXUAV:1 EDGEPORT:9998 TS:16.026 SPD:25.400 HDG:0.600 PX:391.200 PY:-20.000 LAN:2 BRK:1 RX_X:0.000 RX_Y:0.000 RX_Z:0.000
[ZONE-ROUTE] CID:16 zone=1 edge_port=9998
[EDGE-RTT] CID:16 wall=2.3 ms  sim_delay=5.0 ms
>>> [UAV->CLOUD] BLK:5a53|TX:7.0.0.20|CID:16|TS:16.026|SPD:25.4|HDG:0.6|PX:391.2|PY:-20.0...
✓ [CAR 18] ACT=OK REP=0.868 RWD=1.000 PNL=0.000 CREDIT=27
[ECON-CLAWBACK] CID:15 ACT=WARN prior_payoff=-12.852 extra_penalty=3.000 new_payoff=-15.954
[FORGIVENESS] CID:15 WARN #9 — streak reset, benefits revoked
⚠ [CAR 15] ACT=WARN REP=0.662 RWD=0.000 PNL=3.102 CREDIT=-2
[ECON-CLAWBACK] CID:16 ACT=WARN prior_payoff=-0.801 extra_penalty=1.750 new_payoff=-2.653
[FORGIVENESS] CID:16 WARN #4 — streak reset, benefits revoked
⚠ [CAR 16] ACT=WARN REP=0.719 RWD=0.000 PNL=1.852 CREDIT=-2
[PASSIVE-BEACON] SIMNOW:16.135 CID:7 ZONE:1 RXUAV:1 EDGEPORT:9998 TS:16.122 SPD:24.800 HDG:1.600 PX:343.500 PY:-30.000 LAN:3 BRK:1 RX_X:0.000 RX_Y:0.000 RX_Z:0.000
[ZONE-ROUTE] CID:7 zone=1 edge_port=9998
[EDGE-RTT] CID:7 wall=1.4 ms  sim_delay=5.0 ms
>>> [UAV->CLOUD] BLK:eef7|TX:7.0.0.11|CID:7|TS:16.122|SPD:24.8|HDG:1.6|PX:343.5|PY:-30.0|...
[ECON-CLAWBACK] CID:7 ACT=WARN prior_payoff=31.0 extra_penalty=24.2 new_payoff=6.7
[TRUST-REVOKED] CID:7 benefits revoked logically; lane=3 speed=20.0 latency=10.0ms
[FORGIVENESS] CID:7 WARN #1 — streak reset, benefits revoked
⚠ [CAR 7] ACT=WARN REP=0.900 RWD=0.000 PNL=24.320 CREDIT=26
[PASSIVE-BEACON] SIMNOW:16.179 CID:14 ZONE:1 RXUAV:1 EDGEPORT:9998 TS:16.164 SPD:20.100 HDG:-1.000 PX:363.600 PY:-50.000 LAN:5 BRK:0 RX_X:0.000 RX_Y:0.000 RX_Z:0.000
[ZONE-ROUTE] CID:14 zone=1 edge_port=9998
[EDGE-RTT] CID:14 wall=1.5 ms  sim_delay=5.0 ms
>>> [UAV->CLOUD] BLK:b72e|TX:7.0.0.18|CID:14|TS:16.164|SPD:20.1|HDG:-1.0|PX:363.6|PY:-50....
[PASSIVE-BEACON] SIMNOW:16.186 CID:6 ZONE:1 RXUAV:1 EDGEPORT:9998 TS:16.172 SPD:25.000 HDG:-2.000 PX:354.300 PY:-20.000 LAN:2 BRK:0 RX_X:0.000 RX_Y:0.000 RX_Z:0.000
[ZONE-ROUTE] CID:6 zone=1 edge_port=9998
[EDGE-RTT] CID:6 wall=1.2 ms  sim_delay=5.0 ms
>>> [UAV->CLOUD] BLK:ac11|TX:7.0.0.10|CID:6|TS:16.172|SPD:25.0|HDG:-2.0|PX:354.3|PY:-20.0...
✓ [CAR 14] ACT=OK REP=0.821 RWD=1.000 PNL=0.000 CREDIT=28
[ECON-CLAWBACK] CID:6 ACT=WARN prior_payoff=-0.799 extra_penalty=1.750 new_payoff=-2.650
[FORGIVENESS] CID:6 WARN #4 — streak reset, benefits revoked
⚠ [CAR 6] ACT=WARN REP=1.000 RWD=0.000 PNL=1.851 CREDIT=-2
[PASSIVE-BEACON] SIMNOW:16.210 CID:19 ZONE:1 RXUAV:1 EDGEPORT:9998 TS:16.196 SPD:19.800 HDG:-1.800 PX:384.600 PY:-50.000 LAN:5 BRK:0 RX_X:0.000 RX_Y:0.000 RX_Z:0.000
[ZONE-ROUTE] CID:19 zone=1 edge_port=9998
[EDGE-RTT] CID:19 wall=1.4 ms  sim_delay=5.0 ms
>>> [UAV->CLOUD] BLK:6fb1|TX:7.0.0.23|CID:19|TS:16.196|SPD:19.8|HDG:-1.8|PX:384.6|PY:-50....
✓ [CAR 19] ACT=OK REP=0.914 RWD=1.000 PNL=0.000 CREDIT=28
[PASSIVE-BEACON] SIMNOW:16.246 CID:9 ZONE:1 RXUAV:1 EDGEPORT:9998 TS:16.232 SPD:19.700 HDG:-0.200 PX:344.200 PY:-50.000 LAN:5 BRK:0 RX_X:0.000 RX_Y:0.000 RX_Z:0.000
[ZONE-ROUTE] CID:9 zone=1 edge_port=9998
[EDGE-RTT] CID:9 wall=1.9 ms  sim_delay=5.0 ms
>>> [UAV->CLOUD] BLK:97c1|TX:7.0.0.13|CID:9|TS:16.232|SPD:19.7|HDG:-0.2|PX:344.2|PY:-50.0...
[PASSIVE-BEACON] SIMNOW:16.258 CID:13 ZONE:1 RXUAV:1 EDGEPORT:9998 TS:16.244 SPD:19.800 HDG:1.500 PX:364.300 PY:-40.000 LAN:4 BRK:0 RX_X:0.000 RX_Y:0.000 RX_Z:0.000
[ZONE-ROUTE] CID:13 zone=1 edge_port=9998
[EDGE-RTT] CID:13 wall=1.2 ms  sim_delay=5.0 ms
>>> [UAV->CLOUD] BLK:82bf|TX:7.0.0.17|CID:13|TS:16.244|SPD:19.8|HDG:1.5|PX:364.3|PY:-40.0...
[PASSIVE-BEACON] SIMNOW:16.258 CID:10 ZONE:1 RXUAV:1 EDGEPORT:9998 TS:16.244 SPD:25.200 HDG:0.700 PX:386.900 PY:-10.000 LAN:1 BRK:0 RX_X:0.000 RX_Y:0.000 RX_Z:0.000
[ZONE-ROUTE] CID:10 zone=1 edge_port=9998
[EDGE-RTT] CID:10 wall=1.0 ms  sim_delay=10.0 ms
>>> [UAV->CLOUD] BLK:61b4|TX:7.0.0.14|CID:10|TS:16.244|SPD:25.2|HDG:0.7|PX:386.9|PY:-10.0...
✓ [CAR 9] ACT=OK REP=1.000 RWD=1.000 PNL=0.000 CREDIT=27
[PASSIVE-BEACON] SIMNOW:16.268 CID:11 ZONE:1 RXUAV:1 EDGEPORT:9998 TS:16.254 SPD:24.900 HDG:0.800 PX:376.200 PY:-20.000 LAN:2 BRK:1 RX_X:0.000 RX_Y:0.000 RX_Z:0.000
[ZONE-ROUTE] CID:11 zone=1 edge_port=9998
[EDGE-RTT] CID:11 wall=1.8 ms  sim_delay=5.0 ms
>>> [UAV->CLOUD] BLK:b983|TX:7.0.0.15|CID:11|TS:16.254|SPD:24.9|HDG:0.8|PX:376.2|PY:-20.0...
[ECON-CLAWBACK] CID:10 ACT=WARN prior_payoff=-13.0 extra_penalty=3.0 new_payoff=-16.1
[FORGIVENESS] CID:10 WARN #9 — streak reset, benefits revoked
⚠ [CAR 10] ACT=WARN REP=0.502 RWD=0.000 PNL=3.102 CREDIT=-2
✓ [CAR 13] ACT=OK REP=1.000 RWD=1.000 PNL=0.000 CREDIT=28
[PASSIVE-BEACON] SIMNOW:16.278 CID:12 ZONE:1 RXUAV:1 EDGEPORT:9998 TS:16.264 SPD:25.200 HDG:-0.300 PX:366.500 PY:-30.000 LAN:3 BRK:1 RX_X:0.000 RX_Y:0.000 RX_Z:0.000
[ZONE-ROUTE] CID:12 zone=1 edge_port=9998
[EDGE-RTT] CID:12 wall=1.0 ms  sim_delay=5.0 ms
>>> [UAV->CLOUD] BLK:4d81|TX:7.0.0.16|CID:12|TS:16.264|SPD:25.2|HDG:-0.3|PX:366.5|PY:-30....
[ECON-CLAWBACK] CID:11 ACT=WARN prior_payoff=-0.9 extra_penalty=1.8 new_payoff=-2.7
[FORGIVENESS] CID:11 WARN #4 — streak reset, benefits revoked
⚠ [CAR 11] ACT=WARN REP=0.784 RWD=0.000 PNL=1.851 CREDIT=-2
[ECON-CLAWBACK] CID:12 ACT=WARN prior_payoff=30.996 extra_penalty=24.247 new_payoff=6.673
[TRUST-REVOKED] CID:12 benefits revoked logically; lane=3 speed=20.000 latency=10.000ms
[FORGIVENESS] CID:12 WARN #1 — streak reset, benefits revoked
⚠ [CAR 12] ACT=WARN REP=0.817 RWD=0.000 PNL=24.323 CREDIT=26
[PASSIVE-BEACON] SIMNOW:16.364 CID:4 ZONE:1 RXUAV:1 EDGEPORT:9998 TS:16.350 SPD:19.600 HDG:-1.400 PX:326.900 PY:-50.000 LAN:5 BRK:0 RX_X:0.000 RX_Y:0.000 RX_Z:0.000
[ZONE-ROUTE] CID:4 zone=1 edge_port=9998
[EDGE-RTT] CID:4 wall=0.7 ms  sim_delay=5.0 ms
>>> [UAV->CLOUD] BLK:264e|TX:7.0.0.8|CID:4|TS:16.350|SPD:19.6|HDG:-1.4|PX:326.9|PY:-50.0|...
[PASSIVE-BEACON] SIMNOW:16.364 CID:3 ZONE:1 RXUAV:1 EDGEPORT:9998 TS:16.350 SPD:20.500 HDG:-1.500 PX:326.900 PY:-40.000 LAN:4 BRK:0 RX_X:0.000 RX_Y:0.000 RX_Z:0.000
[ZONE-ROUTE] CID:3 zone=1 edge_port=9998
[EDGE-RTT] CID:3 wall=0.8 ms  sim_delay=5.0 ms
>>> [UAV->CLOUD] BLK:4d4c|TX:7.0.0.7|CID:3|TS:16.350|SPD:20.5|HDG:-1.5|PX:326.9|PY:-40.0|...
✓ [CAR 3] ACT=OK REP=0.973 RWD=1.000 PNL=0.000 CREDIT=27
✓ [CAR 4] ACT=OK REP=0.753 RWD=1.000 PNL=0.000 CREDIT=28
[PASSIVE-BEACON] SIMNOW:16.416 CID:8 ZONE:1 RXUAV:1 EDGEPORT:9998 TS:16.402 SPD:20.400 HDG:0.500 PX:347.700 PY:-40.000 LAN:4 BRK:0 RX_X:0.000 RX_Y:0.000 RX_Z:0.000
[ZONE-ROUTE] CID:8 zone=1 edge_port=9998
[EDGE-RTT] CID:8 wall=1.1 ms  sim_delay=5.0 ms
>>> [UAV->CLOUD] BLK:ef8e|TX:7.0.0.12|CID:8|TS:16.402|SPD:20.4|HDG:0.5|PX:347.7|PY:-40.0|...
✓ [CAR 8] ACT=OK REP=0.750 RWD=1.000 PNL=0.000 CREDIT=27
[PASSIVE-BEACON] SIMNOW:16.454 CID:0 ZONE:1 RXUAV:1 EDGEPORT:9998 TS:16.440 SPD:25.400 HDG:-1.400 PX:351.200 PY:-10.000 LAN:1 BRK:0 RX_X:0.000 RX_Y:0.000 RX_Z:0.000
[ZONE-ROUTE] CID:0 zone=1 edge_port=9998
[EDGE-RTT] CID:0 wall=1.1 ms  sim_delay=10.0 ms
>>> [UAV->CLOUD] BLK:cea2|TX:7.0.0.4|CID:0|TS:16.440|SPD:25.4|HDG:-1.4|PX:351.2|PY:-10.0|...
[ECON-CLAWBACK] CID:0 ACT=WARN prior_payoff=-16.2 extra_penalty=3.2 new_payoff=-19.5
[FORGIVENESS] CID:0 WARN #10 — streak reset, benefits revoked
⚠ [CAR 0] ACT=WARN REP=0.753 RWD=0.000 PNL=3.352 CREDIT=-2
[PASSIVE-BEACON] SIMNOW:16.496 CID:5 ZONE:1 RXUAV:1 EDGEPORT:9998 TS:16.482 SPD:25.200 HDG:-0.100 PX:372.000 PY:-10.000 LAN:1 BRK:0 RX_X:0.000 RX_Y:0.000 RX_Z:0.000
[ZONE-ROUTE] CID:5 zone=1 edge_port=9998
[EDGE-RTT] CID:5 wall=1.0 ms  sim_delay=10.0 ms
>>> [UAV->CLOUD] BLK:55e5|TX:7.0.0.9|CID:5|TS:16.482|SPD:25.2|HDG:-0.1|PX:372.0|PY:-10.0|...
[PASSIVE-BEACON] SIMNOW:16.500 CID:17 ZONE:1 RXUAV:1 EDGEPORT:9998 TS:16.486 SPD:25.000 HDG:-0.400 PX:392.500 PY:-30.000 LAN:3 BRK:0 RX_X:0.000 RX_Y:0.000 RX_Z:0.000
[ZONE-ROUTE] CID:17 zone=1 edge_port=9998
[EDGE-RTT] CID:17 wall=1.1 ms  sim_delay=5.0 ms
>>> [UAV->CLOUD] BLK:7df4|TX:7.0.0.21|CID:17|TS:16.486|SPD:25.0|HDG:-0.4|PX:392.5|PY:-30....
[ECON-CLAWBACK] CID:5 ACT=WARN prior_payoff=-16.1 extra_penalty=3.2 new_payoff=-19.5
[FORGIVENESS] CID:5 WARN #10 — streak reset, benefits revoked
⚠ [CAR 5] ACT=WARN REP=0.746 RWD=0.000 PNL=3.352 CREDIT=-2
[ECON-CLAWBACK] CID:17 ACT=WARN prior_payoff=6.173 extra_penalty=4.337 new_payoff=1.741
[FORGIVENESS] CID:17 WARN #2 — streak reset, benefits revoked
⚠ [CAR 17] ACT=WARN REP=0.926 RWD=0.000 PNL=4.433 CREDIT=-2
[PASSIVE-BEACON] SIMNOW:16.530 CID:18 ZONE:1 RXUAV:1 EDGEPORT:9998 TS:16.516 SPD:20.400 HDG:1.100 PX:390.900 PY:-40.000 LAN:4 BRK:1 RX_X:0.000 RX_Y:0.000 RX_Z:0.000
[ZONE-ROUTE] CID:18 zone=1 edge_port=9998
[EDGE-RTT] CID:18 wall=1.1 ms  sim_delay=5.0 ms
>>> [UAV->CLOUD] BLK:2ab5|TX:7.0.0.22|CID:18|TS:16.516|SPD:20.4|HDG:1.1|PX:390.9|PY:-40.0...
[PASSIVE-BEACON] SIMNOW:16.538 CID:15 ZONE:1 RXUAV:1 EDGEPORT:9998 TS:16.526 SPD:25.200 HDG:-1.800 PX:414.200 PY:-10.000 LAN:1 BRK:0 RX_X:0.000 RX_Y:0.000 RX_Z:0.000
[ZONE-ROUTE] CID:15 zone=1 edge_port=9998
[EDGE-RTT] CID:15 wall=0.7 ms  sim_delay=5.0 ms
>>> [UAV->CLOUD] BLK:e046|TX:7.0.0.19|CID:15|TS:16.526|SPD:25.2|HDG:-1.8|PX:414.2|PY:-10....
[PASSIVE-BEACON] SIMNOW:16.538 CID:16 ZONE:1 RXUAV:1 EDGEPORT:9998 TS:16.526 SPD:25.000 HDG:-1.900 PX:404.300 PY:-20.000 LAN:2 BRK:0 RX_X:0.000 RX_Y:0.000 RX_Z:0.000
[ZONE-ROUTE] CID:16 zone=1 edge_port=9998
[EDGE-RTT] CID:16 wall=3.3 ms  sim_delay=5.0 ms
>>> [UAV->CLOUD] BLK:c602|TX:7.0.0.20|CID:16|TS:16.526|SPD:25.0|HDG:-1.9|PX:404.3|PY:-20....
✓ [CAR 18] ACT=OK REP=0.821 RWD=1.000 PNL=0.000 CREDIT=28
[ECON-CLAWBACK] CID:15 ACT=WARN prior_payoff=-15.954 extra_penalty=3.250 new_payoff=-19.306
[FORGIVENESS] CID:15 WARN #10 — streak reset, benefits revoked
⚠ [CAR 15] ACT=WARN REP=0.604 RWD=0.000 PNL=3.352 CREDIT=-2
[ECON-CLAWBACK] CID:16 ACT=WARN prior_payoff=-2.653 extra_penalty=2.000 new_payoff=-4.754
[FORGIVENESS] CID:16 WARN #5 — streak reset, benefits revoked
⚠ [CAR 16] ACT=WARN REP=0.853 RWD=0.000 PNL=2.101 CREDIT=-2
[PASSIVE-BEACON] SIMNOW:16.636 CID:7 ZONE:1 RXUAV:1 EDGEPORT:9998 TS:16.622 SPD:25.200 HDG:-1.100 PX:356.200 PY:-30.000 LAN:3 BRK:0 RX_X:0.000 RX_Y:0.000 RX_Z:0.000
[ZONE-ROUTE] CID:7 zone=1 edge_port=9998
[EDGE-RTT] CID:7 wall=1.2 ms  sim_delay=5.0 ms
>>> [UAV->CLOUD] BLK:c99a|TX:7.0.0.11|CID:7|TS:16.622|SPD:25.2|HDG:-1.1|PX:356.2|PY:-30.0...
[ECON-CLAWBACK] CID:7 ACT=WARN prior_payoff=6.7 extra_penalty=4.6 new_payoff=2.0
[FORGIVENESS] CID:7 WARN #2 — streak reset, benefits revoked
⚠ [CAR 7] ACT=WARN REP=1.000 RWD=0.000 PNL=4.684 CREDIT=-2
[PASSIVE-BEACON] SIMNOW:16.678 CID:14 ZONE:1 RXUAV:1 EDGEPORT:9998 TS:16.664 SPD:19.800 HDG:-0.100 PX:372.600 PY:-50.000 LAN:5 BRK:0 RX_X:0.000 RX_Y:0.000 RX_Z:0.000
[ZONE-ROUTE] CID:14 zone=1 edge_port=9998
[EDGE-RTT] CID:14 wall=0.9 ms  sim_delay=5.0 ms
>>> [UAV->CLOUD] BLK:e71e|TX:7.0.0.18|CID:14|TS:16.664|SPD:19.8|HDG:-0.1|PX:372.6|PY:-50....
[PASSIVE-BEACON] SIMNOW:16.686 CID:6 ZONE:1 RXUAV:1 EDGEPORT:9998 TS:16.672 SPD:24.900 HDG:-0.800 PX:367.900 PY:-20.000 LAN:2 BRK:0 RX_X:0.000 RX_Y:0.000 RX_Z:0.000
[ZONE-ROUTE] CID:6 zone=1 edge_port=9998
[EDGE-RTT] CID:6 wall=1.0 ms  sim_delay=5.0 ms
>>> [UAV->CLOUD] BLK:55e3|TX:7.0.0.10|CID:6|TS:16.672|SPD:24.9|HDG:-0.8|PX:367.9|PY:-20.0...
✓ [CAR 14] ACT=OK REP=0.701 RWD=1.000 PNL=0.000 CREDIT=29
[ECON-CLAWBACK] CID:6 ACT=WARN prior_payoff=-2.650 extra_penalty=2.000 new_payoff=-4.751
[FORGIVENESS] CID:6 WARN #5 — streak reset, benefits revoked
⚠ [CAR 6] ACT=WARN REP=0.868 RWD=0.000 PNL=2.101 CREDIT=-2
[PASSIVE-BEACON] SIMNOW:16.710 CID:19 ZONE:1 RXUAV:1 EDGEPORT:9998 TS:16.696 SPD:20.000 HDG:0.700 PX:393.900 PY:-50.000 LAN:5 BRK:0 RX_X:0.000 RX_Y:0.000 RX_Z:0.000
[ZONE-ROUTE] CID:19 zone=1 edge_port=9998
[EDGE-RTT] CID:19 wall=1.1 ms  sim_delay=5.0 ms
>>> [UAV->CLOUD] BLK:f2d4|TX:7.0.0.23|CID:19|TS:16.696|SPD:20.0|HDG:0.7|PX:393.9|PY:-50.0...
✓ [CAR 19] ACT=OK REP=1.000 RWD=1.000 PNL=0.000 CREDIT=29
[PASSIVE-BEACON] SIMNOW:16.746 CID:9 ZONE:1 RXUAV:1 EDGEPORT:9998 TS:16.732 SPD:20.200 HDG:0.400 PX:355.100 PY:-50.000 LAN:5 BRK:0 RX_X:0.000 RX_Y:0.000 RX_Z:0.000
[ZONE-ROUTE] CID:9 zone=1 edge_port=9998
[EDGE-RTT] CID:9 wall=1.2 ms  sim_delay=5.0 ms
>>> [UAV->CLOUD] BLK:f63d|TX:7.0.0.13|CID:9|TS:16.732|SPD:20.2|HDG:0.4|PX:355.1|PY:-50.0|...
[PASSIVE-BEACON] SIMNOW:16.758 CID:13 ZONE:1 RXUAV:1 EDGEPORT:9998 TS:16.744 SPD:19.600 HDG:-1.000 PX:375.200 PY:-40.000 LAN:4 BRK:0 RX_X:0.000 RX_Y:0.000 RX_Z:0.000
[ZONE-ROUTE] CID:13 zone=1 edge_port=9998
[EDGE-RTT] CID:13 wall=1.2 ms  sim_delay=5.0 ms
>>> [UAV->CLOUD] BLK:f070|TX:7.0.0.17|CID:13|TS:16.744|SPD:19.6|HDG:-1.0|PX:375.2|PY:-40....
[PASSIVE-BEACON] SIMNOW:16.758 CID:10 ZONE:1 RXUAV:1 EDGEPORT:9998 TS:16.744 SPD:25.300 HDG:-0.400 PX:399.200 PY:-10.000 LAN:1 BRK:0 RX_X:0.000 RX_Y:0.000 RX_Z:0.000
[ZONE-ROUTE] CID:10 zone=1 edge_port=9998
[EDGE-RTT] CID:10 wall=2.5 ms  sim_delay=10.0 ms
>>> [UAV->CLOUD] BLK:4d73|TX:7.0.0.14|CID:10|TS:16.744|SPD:25.3|HDG:-0.4|PX:399.2|PY:-10....
✓ [CAR 9] ACT=OK REP=1.000 RWD=1.000 PNL=0.000 CREDIT=28
[PASSIVE-BEACON] SIMNOW:16.768 CID:11 ZONE:1 RXUAV:1 EDGEPORT:9998 TS:16.754 SPD:25.400 HDG:-0.700 PX:389.400 PY:-20.000 LAN:2 BRK:0 RX_X:0.000 RX_Y:0.000 RX_Z:0.000
[ZONE-ROUTE] CID:11 zone=1 edge_port=9998
[EDGE-RTT] CID:11 wall=1.2 ms  sim_delay=5.0 ms
>>> [UAV->CLOUD] BLK:0bb1|TX:7.0.0.15|CID:11|TS:16.754|SPD:25.4|HDG:-0.7|PX:389.4|PY:-20....
✓ [CAR 13] ACT=OK REP=0.988 RWD=1.000 PNL=0.000 CREDIT=29
[ECON-CLAWBACK] CID:10 ACT=WARN prior_payoff=-16.120 extra_penalty=3.250 new_payoff=-19.472
[FORGIVENESS] CID:10 WARN #10 — streak reset, benefits revoked
⚠ [CAR 10] ACT=WARN REP=0.659 RWD=0.000 PNL=3.352 CREDIT=-2
[PASSIVE-BEACON] SIMNOW:16.778 CID:12 ZONE:1 RXUAV:1 EDGEPORT:9998 TS:16.764 SPD:24.700 HDG:-1.600 PX:380.200 PY:-30.000 LAN:3 BRK:0 RX_X:0.000 RX_Y:0.000 RX_Z:0.000
[ZONE-ROUTE] CID:12 zone=1 edge_port=9998
[EDGE-RTT] CID:12 wall=1.2 ms  sim_delay=5.0 ms
>>> [UAV->CLOUD] BLK:1946|TX:7.0.0.16|CID:12|TS:16.764|SPD:24.7|HDG:-1.6|PX:380.2|PY:-30....
[ECON-CLAWBACK] CID:11 ACT=WARN prior_payoff=-2.7 extra_penalty=2.0 new_payoff=-4.8
[FORGIVENESS] CID:11 WARN #5 — streak reset, benefits revoked
⚠ [CAR 11] ACT=WARN REP=0.882 RWD=0.000 PNL=2.102 CREDIT=-2
[ECON-CLAWBACK] CID:12 ACT=WARN prior_payoff=6.673 extra_penalty=4.587 new_payoff=1.993
[FORGIVENESS] CID:12 WARN #2 — streak reset, benefits revoked
⚠ [CAR 12] ACT=WARN REP=0.667 RWD=0.000 PNL=4.681 CREDIT=-2
[PASSIVE-BEACON] SIMNOW:16.864 CID:4 ZONE:1 RXUAV:1 EDGEPORT:9998 TS:16.850 SPD:20.400 HDG:0.100 PX:337.400 PY:-50.000 LAN:5 BRK:0 RX_X:0.000 RX_Y:0.000 RX_Z:0.000
[ZONE-ROUTE] CID:4 zone=1 edge_port=9998
[EDGE-RTT] CID:4 wall=1.4 ms  sim_delay=5.0 ms
>>> [UAV->CLOUD] BLK:0770|TX:7.0.0.8|CID:4|TS:16.850|SPD:20.4|HDG:0.1|PX:337.4|PY:-50.0|L...
[PASSIVE-BEACON] SIMNOW:16.864 CID:3 ZONE:1 RXUAV:1 EDGEPORT:9998 TS:16.850 SPD:19.500 HDG:-1.400 PX:336.800 PY:-40.000 LAN:4 BRK:1 RX_X:0.000 RX_Y:0.000 RX_Z:0.000
[ZONE-ROUTE] CID:3 zone=1 edge_port=9998
[EDGE-RTT] CID:3 wall=3.9 ms  sim_delay=5.0 ms
>>> [UAV->CLOUD] BLK:6913|TX:7.0.0.7|CID:3|TS:16.850|SPD:19.5|HDG:-1.4|PX:336.8|PY:-40.0|...
✓ [CAR 4] ACT=OK REP=0.788 RWD=1.000 PNL=0.000 CREDIT=29
✓ [CAR 3] ACT=OK REP=1.000 RWD=1.000 PNL=0.000 CREDIT=28
[PASSIVE-BEACON] SIMNOW:16.916 CID:8 ZONE:1 RXUAV:1 EDGEPORT:9998 TS:16.902 SPD:20.300 HDG:-0.100 PX:358.300 PY:-40.000 LAN:4 BRK:0 RX_X:0.000 RX_Y:0.000 RX_Z:0.000
[ZONE-ROUTE] CID:8 zone=1 edge_port=9998
[EDGE-RTT] CID:8 wall=1.4 ms  sim_delay=5.0 ms
>>> [UAV->CLOUD] BLK:78d3|TX:7.0.0.12|CID:8|TS:16.902|SPD:20.3|HDG:-0.1|PX:358.3|PY:-40.0...
✓ [CAR 8] ACT=OK REP=0.878 RWD=1.000 PNL=0.000 CREDIT=28
[PASSIVE-BEACON] SIMNOW:16.954 CID:0 ZONE:1 RXUAV:1 EDGEPORT:9998 TS:16.940 SPD:25.100 HDG:-1.300 PX:364.700 PY:-10.000 LAN:1 BRK:0 RX_X:0.000 RX_Y:0.000 RX_Z:0.000
[ZONE-ROUTE] CID:0 zone=1 edge_port=9998
[EDGE-RTT] CID:0 wall=1.1 ms  sim_delay=10.0 ms
>>> [UAV->CLOUD] BLK:ce76|TX:7.0.0.4|CID:0|TS:16.940|SPD:25.1|HDG:-1.3|PX:364.7|PY:-10.0|...
[ECON-CLAWBACK] CID:0 ACT=WARN prior_payoff=-19.5 extra_penalty=3.5 new_payoff=-23.1
[FORGIVENESS] CID:0 WARN #11 — streak reset, benefits revoked
⚠ [CAR 0] ACT=WARN REP=0.618 RWD=0.000 PNL=3.602 CREDIT=-2
[PASSIVE-BEACON] SIMNOW:16.996 CID:5 ZONE:1 RXUAV:1 EDGEPORT:9998 TS:16.982 SPD:24.900 HDG:1.000 PX:384.600 PY:-10.000 LAN:1 BRK:0 RX_X:0.000 RX_Y:0.000 RX_Z:0.000
[ZONE-ROUTE] CID:5 zone=1 edge_port=9998
[EDGE-RTT] CID:5 wall=1.2 ms  sim_delay=10.0 ms
>>> [UAV->CLOUD] BLK:0113|TX:7.0.0.9|CID:5|TS:16.982|SPD:24.9|HDG:1.0|PX:384.6|PY:-10.0|L...
[PASSIVE-BEACON] SIMNOW:17.000 CID:17 ZONE:1 RXUAV:1 EDGEPORT:9998 TS:16.986 SPD:24.900 HDG:1.000 PX:404.600 PY:-30.000 LAN:3 BRK:0 RX_X:0.000 RX_Y:0.000 RX_Z:0.000
[ZONE-ROUTE] CID:17 zone=1 edge_port=9998
[EDGE-RTT] CID:17 wall=1.3 ms  sim_delay=5.0 ms
>>> [UAV->CLOUD] BLK:4046|TX:7.0.0.21|CID:17|TS:16.986|SPD:24.9|HDG:1.0|PX:404.6|PY:-30.0...
[ECON-CLAWBACK] CID:5 ACT=WARN prior_payoff=-19.5 extra_penalty=3.5 new_payoff=-23.1
[FORGIVENESS] CID:5 WARN #11 — streak reset, benefits revoked
⚠ [CAR 5] ACT=WARN REP=0.542 RWD=0.000 PNL=3.601 CREDIT=-2
[ECON-CLAWBACK] CID:17 ACT=WARN prior_payoff=1.741 extra_penalty=2.370 new_payoff=-0.727
[FORGIVENESS] CID:17 WARN #3 — streak reset, benefits revoked
⚠ [CAR 17] ACT=WARN REP=1.000 RWD=0.000 PNL=2.467 CREDIT=-2
[PASSIVE-BEACON] SIMNOW:17.030 CID:18 ZONE:1 RXUAV:1 EDGEPORT:9998 TS:17.016 SPD:19.700 HDG:0.300 PX:400.000 PY:-40.000 LAN:4 BRK:0 RX_X:0.000 RX_Y:0.000 RX_Z:0.000
[ZONE-ROUTE] CID:18 zone=1 edge_port=9998
[EDGE-RTT] CID:18 wall=1.3 ms  sim_delay=5.0 ms
>>> [UAV->CLOUD] BLK:2ff9|TX:7.0.0.22|CID:18|TS:17.016|SPD:19.7|HDG:0.3|PX:400.0|PY:-40.0...
[PASSIVE-BEACON] SIMNOW:17.040 CID:15 ZONE:1 RXUAV:1 EDGEPORT:9998 TS:17.026 SPD:25.000 HDG:-1.000 PX:426.600 PY:-10.000 LAN:1 BRK:0 RX_X:0.000 RX_Y:0.000 RX_Z:0.000
[ZONE-ROUTE] CID:15 zone=1 edge_port=9998
[EDGE-RTT] CID:15 wall=1.1 ms  sim_delay=5.0 ms
>>> [UAV->CLOUD] BLK:0194|TX:7.0.0.19|CID:15|TS:17.026|SPD:25.0|HDG:-1.0|PX:426.6|PY:-10....
[PASSIVE-BEACON] SIMNOW:17.040 CID:16 ZONE:1 RXUAV:1 EDGEPORT:9998 TS:17.026 SPD:24.600 HDG:-1.600 PX:416.700 PY:-20.000 LAN:2 BRK:0 RX_X:0.000 RX_Y:0.000 RX_Z:0.000
[ZONE-ROUTE] CID:16 zone=1 edge_port=9998
[EDGE-RTT] CID:16 wall=3.3 ms  sim_delay=5.0 ms
>>> [UAV->CLOUD] BLK:2b10|TX:7.0.0.20|CID:16|TS:17.026|SPD:24.6|HDG:-1.6|PX:416.7|PY:-20....
✓ [CAR 18] ACT=OK REP=0.783 RWD=1.000 PNL=0.000 CREDIT=29
[ECON-CLAWBACK] CID:15 ACT=WARN prior_payoff=-19.306 extra_penalty=3.500 new_payoff=-22.907
[FORGIVENESS] CID:15 WARN #11 — streak reset, benefits revoked
⚠ [CAR 15] ACT=WARN REP=0.615 RWD=0.000 PNL=3.601 CREDIT=-2
[ECON-CLAWBACK] CID:16 ACT=WARN prior_payoff=-4.754 extra_penalty=2.250 new_payoff=-7.103
[FORGIVENESS] CID:16 WARN #6 — streak reset, benefits revoked
⚠ [CAR 16] ACT=WARN REP=0.763 RWD=0.000 PNL=2.349 CREDIT=-2
[PASSIVE-BEACON] SIMNOW:17.136 CID:7 ZONE:1 RXUAV:1 EDGEPORT:9998 TS:17.122 SPD:24.600 HDG:0.100 PX:369.000 PY:-30.000 LAN:3 BRK:1 RX_X:0.000 RX_Y:0.000 RX_Z:0.000
[ZONE-ROUTE] CID:7 zone=1 edge_port=9998
[EDGE-RTT] CID:7 wall=1.1 ms  sim_delay=5.0 ms
>>> [UAV->CLOUD] BLK:3f18|TX:7.0.0.11|CID:7|TS:17.122|SPD:24.6|HDG:0.1|PX:369.0|PY:-30.0|...
[ECON-CLAWBACK] CID:7 ACT=WARN prior_payoff=2.0 extra_penalty=2.5 new_payoff=-0.6
[FORGIVENESS] CID:7 WARN #3 — streak reset, benefits revoked
⚠ [CAR 7] ACT=WARN REP=1.000 RWD=0.000 PNL=2.591 CREDIT=-2
[PASSIVE-BEACON] SIMNOW:17.179 CID:14 ZONE:1 RXUAV:1 EDGEPORT:9998 TS:17.164 SPD:20.000 HDG:0.400 PX:383.100 PY:-50.000 LAN:5 BRK:0 RX_X:0.000 RX_Y:0.000 RX_Z:0.000
[ZONE-ROUTE] CID:14 zone=1 edge_port=9998
[EDGE-RTT] CID:14 wall=1.2 ms  sim_delay=5.0 ms
>>> [UAV->CLOUD] BLK:d632|TX:7.0.0.18|CID:14|TS:17.164|SPD:20.0|HDG:0.4|PX:383.1|PY:-50.0...
[PASSIVE-BEACON] SIMNOW:17.186 CID:6 ZONE:1 RXUAV:1 EDGEPORT:9998 TS:17.172 SPD:25.100 HDG:0.700 PX:380.100 PY:-20.000 LAN:2 BRK:0 RX_X:0.000 RX_Y:0.000 RX_Z:0.000
[ZONE-ROUTE] CID:6 zone=1 edge_port=9998
[EDGE-RTT] CID:6 wall=1.0 ms  sim_delay=5.0 ms
>>> [UAV->CLOUD] BLK:4a14|TX:7.0.0.10|CID:6|TS:17.172|SPD:25.1|HDG:0.7|PX:380.1|PY:-20.0|...
✓ [CAR 14] ACT=OK REP=0.890 RWD=1.000 PNL=0.000 CREDIT=30
[ECON-CLAWBACK] CID:6 ACT=WARN prior_payoff=-4.751 extra_penalty=2.250 new_payoff=-7.102
[FORGIVENESS] CID:6 WARN #6 — streak reset, benefits revoked
⚠ [CAR 6] ACT=WARN REP=0.703 RWD=0.000 PNL=2.351 CREDIT=-2
[PASSIVE-BEACON] SIMNOW:17.210 CID:19 ZONE:1 RXUAV:1 EDGEPORT:9998 TS:17.196 SPD:20.400 HDG:-0.500 PX:404.600 PY:-50.000 LAN:5 BRK:1 RX_X:0.000 RX_Y:0.000 RX_Z:0.000
[ZONE-ROUTE] CID:19 zone=1 edge_port=9998
[EDGE-RTT] CID:19 wall=1.3 ms  sim_delay=5.0 ms
>>> [UAV->CLOUD] BLK:5ef6|TX:7.0.0.23|CID:19|TS:17.196|SPD:20.4|HDG:-0.5|PX:404.6|PY:-50....
✓ [CAR 19] ACT=OK REP=1.000 RWD=1.000 PNL=0.000 CREDIT=30
[PASSIVE-BEACON] SIMNOW:17.246 CID:9 ZONE:1 RXUAV:1 EDGEPORT:9998 TS:17.232 SPD:20.100 HDG:-1.400 PX:364.700 PY:-50.000 LAN:5 BRK:1 RX_X:0.000 RX_Y:0.000 RX_Z:0.000
[ZONE-ROUTE] CID:9 zone=1 edge_port=9998
[EDGE-RTT] CID:9 wall=1.3 ms  sim_delay=5.0 ms
>>> [UAV->CLOUD] BLK:8a16|TX:7.0.0.13|CID:9|TS:17.232|SPD:20.1|HDG:-1.4|PX:364.7|PY:-50.0...
[PASSIVE-BEACON] SIMNOW:17.258 CID:13 ZONE:1 RXUAV:1 EDGEPORT:9998 TS:17.244 SPD:19.800 HDG:0.300 PX:384.200 PY:-40.000 LAN:4 BRK:0 RX_X:0.000 RX_Y:0.000 RX_Z:0.000
[ZONE-ROUTE] CID:13 zone=1 edge_port=9998
[EDGE-RTT] CID:13 wall=0.9 ms  sim_delay=5.0 ms
>>> [UAV->CLOUD] BLK:947e|TX:7.0.0.17|CID:13|TS:17.244|SPD:19.8|HDG:0.3|PX:384.2|PY:-40.0...
[PASSIVE-BEACON] SIMNOW:17.258 CID:10 ZONE:1 RXUAV:1 EDGEPORT:9998 TS:17.244 SPD:24.700 HDG:1.000 PX:411.600 PY:-10.000 LAN:1 BRK:0 RX_X:0.000 RX_Y:0.000 RX_Z:0.000
[ZONE-ROUTE] CID:10 zone=1 edge_port=9998
[EDGE-RTT] CID:10 wall=3.0 ms  sim_delay=10.0 ms
>>> [UAV->CLOUD] BLK:c27a|TX:7.0.0.14|CID:10|TS:17.244|SPD:24.7|HDG:1.0|PX:411.6|PY:-10.0...
✓ [CAR 9] ACT=OK REP=1.000 RWD=1.000 PNL=0.000 CREDIT=29
[PASSIVE-BEACON] SIMNOW:17.268 CID:11 ZONE:1 RXUAV:1 EDGEPORT:9998 TS:17.254 SPD:25.000 HDG:0.700 PX:402.100 PY:-20.000 LAN:2 BRK:0 RX_X:0.000 RX_Y:0.000 RX_Z:0.000
[ZONE-ROUTE] CID:11 zone=1 edge_port=9998
[EDGE-RTT] CID:11 wall=1.4 ms  sim_delay=5.0 ms
>>> [UAV->CLOUD] BLK:e9da|TX:7.0.0.15|CID:11|TS:17.254|SPD:25.0|HDG:0.7|PX:402.1|PY:-20.0...
✓ [CAR 13] ACT=OK REP=0.984 RWD=1.000 PNL=0.000 CREDIT=30
[ECON-CLAWBACK] CID:10 ACT=WARN prior_payoff=-19.472 extra_penalty=3.500 new_payoff=-23.072
[FORGIVENESS] CID:10 WARN #11 — streak reset, benefits revoked
⚠ [CAR 10] ACT=WARN REP=0.845 RWD=0.000 PNL=3.600 CREDIT=-2
[PASSIVE-BEACON] SIMNOW:17.277 CID:12 ZONE:1 RXUAV:1 EDGEPORT:9998 TS:17.264 SPD:25.200 HDG:0.500 PX:391.700 PY:-30.000 LAN:3 BRK:1 RX_X:0.000 RX_Y:0.000 RX_Z:0.000
[ZONE-ROUTE] CID:12 zone=1 edge_port=9998
[EDGE-RTT] CID:12 wall=1.1 ms  sim_delay=5.0 ms
>>> [UAV->CLOUD] BLK:9fce|TX:7.0.0.16|CID:12|TS:17.264|SPD:25.2|HDG:0.5|PX:391.7|PY:-30.0...
[ECON-CLAWBACK] CID:11 ACT=WARN prior_payoff=-4.8 extra_penalty=2.2 new_payoff=-7.2
[FORGIVENESS] CID:11 WARN #6 — streak reset, benefits revoked
⚠ [CAR 11] ACT=WARN REP=0.660 RWD=0.000 PNL=2.351 CREDIT=-2
[ECON-CLAWBACK] CID:12 ACT=WARN prior_payoff=1.993 extra_penalty=2.496 new_payoff=-0.602
[FORGIVENESS] CID:12 WARN #3 — streak reset, benefits revoked
⚠ [CAR 12] ACT=WARN REP=1.000 RWD=0.000 PNL=2.594 CREDIT=-2
[PASSIVE-BEACON] SIMNOW:17.364 CID:4 ZONE:1 RXUAV:1 EDGEPORT:9998 TS:17.350 SPD:20.500 HDG:1.900 PX:347.000 PY:-50.000 LAN:5 BRK:0 RX_X:0.000 RX_Y:0.000 RX_Z:0.000
[ZONE-ROUTE] CID:4 zone=1 edge_port=9998
[EDGE-RTT] CID:4 wall=1.3 ms  sim_delay=5.0 ms
>>> [UAV->CLOUD] BLK:d9d5|TX:7.0.0.8|CID:4|TS:17.350|SPD:20.5|HDG:1.9|PX:347.0|PY:-50.0|L...
[PASSIVE-BEACON] SIMNOW:17.364 CID:3 ZONE:1 RXUAV:1 EDGEPORT:9998 TS:17.350 SPD:20.300 HDG:0.500 PX:347.700 PY:-40.000 LAN:4 BRK:0 RX_X:0.000 RX_Y:0.000 RX_Z:0.000
[ZONE-ROUTE] CID:3 zone=1 edge_port=9998
[EDGE-RTT] CID:3 wall=2.3 ms  sim_delay=5.0 ms
>>> [UAV->CLOUD] BLK:837e|TX:7.0.0.7|CID:3|TS:17.350|SPD:20.3|HDG:0.5|PX:347.7|PY:-40.0|L...
✓ [CAR 4] ACT=OK REP=0.887 RWD=1.000 PNL=0.000 CREDIT=30
✓ [CAR 3] ACT=OK REP=0.885 RWD=1.000 PNL=0.000 CREDIT=29
[PASSIVE-BEACON] SIMNOW:17.416 CID:8 ZONE:1 RXUAV:1 EDGEPORT:9998 TS:17.402 SPD:19.900 HDG:-0.000 PX:367.600 PY:-40.000 LAN:4 BRK:0 RX_X:0.000 RX_Y:0.000 RX_Z:0.000
[ZONE-ROUTE] CID:8 zone=1 edge_port=9998
[EDGE-RTT] CID:8 wall=1.3 ms  sim_delay=5.0 ms
>>> [UAV->CLOUD] BLK:bba6|TX:7.0.0.12|CID:8|TS:17.402|SPD:19.9|HDG:-0.0|PX:367.6|PY:-40.0...
✓ [CAR 8] ACT=OK REP=0.813 RWD=1.000 PNL=0.000 CREDIT=29
[PASSIVE-BEACON] SIMNOW:17.454 CID:0 ZONE:1 RXUAV:1 EDGEPORT:9998 TS:17.440 SPD:24.700 HDG:-0.400 PX:376.100 PY:-10.000 LAN:1 BRK:0 RX_X:0.000 RX_Y:0.000 RX_Z:0.000
[ZONE-ROUTE] CID:0 zone=1 edge_port=9998
[EDGE-RTT] CID:0 wall=1.2 ms  sim_delay=10.0 ms
>>> [UAV->CLOUD] BLK:e096|TX:7.0.0.4|CID:0|TS:17.440|SPD:24.7|HDG:-0.4|PX:376.1|PY:-10.0|...
[ECON-CLAWBACK] CID:0 ACT=WARN prior_payoff=-23.1 extra_penalty=3.8 new_payoff=-27.0
[FORGIVENESS] CID:0 WARN #12 — streak reset, benefits revoked
⚠ [CAR 0] ACT=WARN REP=0.353 RWD=0.000 PNL=3.850 CREDIT=-2
[PASSIVE-BEACON] SIMNOW:17.496 CID:5 ZONE:1 RXUAV:1 EDGEPORT:9998 TS:17.482 SPD:24.700 HDG:-1.600 PX:397.400 PY:-10.000 LAN:1 BRK:0 RX_X:0.000 RX_Y:0.000 RX_Z:0.000
[ZONE-ROUTE] CID:5 zone=1 edge_port=9998
[EDGE-RTT] CID:5 wall=1.4 ms  sim_delay=10.0 ms
>>> [UAV->CLOUD] BLK:9b51|TX:7.0.0.9|CID:5|TS:17.482|SPD:24.7|HDG:-1.6|PX:397.4|PY:-10.0|...
[PASSIVE-BEACON] SIMNOW:17.500 CID:17 ZONE:1 RXUAV:1 EDGEPORT:9998 TS:17.486 SPD:25.300 HDG:0.500 PX:417.400 PY:-30.000 LAN:3 BRK:0 RX_X:0.000 RX_Y:0.000 RX_Z:0.000
[ZONE-ROUTE] CID:17 zone=1 edge_port=9998
[EDGE-RTT] CID:17 wall=1.1 ms  sim_delay=5.0 ms
>>> [UAV->CLOUD] BLK:1053|TX:7.0.0.21|CID:17|TS:17.486|SPD:25.3|HDG:0.5|PX:417.4|PY:-30.0...
[ECON-CLAWBACK] CID:5 ACT=WARN prior_payoff=-23.1 extra_penalty=3.8 new_payoff=-26.9
[FORGIVENESS] CID:5 WARN #12 — streak reset, benefits revoked
⚠ [CAR 5] ACT=WARN REP=0.542 RWD=0.000 PNL=3.850 CREDIT=-2
[ECON-CLAWBACK] CID:17 ACT=WARN prior_payoff=-0.727 extra_penalty=1.750 new_payoff=-2.577
[FORGIVENESS] CID:17 WARN #4 — streak reset, benefits revoked
⚠ [CAR 17] ACT=WARN REP=0.907 RWD=0.000 PNL=1.850 CREDIT=-2
[PASSIVE-BEACON] SIMNOW:17.530 CID:18 ZONE:1 RXUAV:1 EDGEPORT:9998 TS:17.516 SPD:20.000 HDG:-0.900 PX:409.800 PY:-40.000 LAN:4 BRK:0 RX_X:0.000 RX_Y:0.000 RX_Z:0.000
[ZONE-ROUTE] CID:18 zone=1 edge_port=9998
[EDGE-RTT] CID:18 wall=1.3 ms  sim_delay=5.0 ms
>>> [UAV->CLOUD] BLK:43fd|TX:7.0.0.22|CID:18|TS:17.516|SPD:20.0|HDG:-0.9|PX:409.8|PY:-40....
[PASSIVE-BEACON] SIMNOW:17.540 CID:15 ZONE:1 RXUAV:1 EDGEPORT:9998 TS:17.526 SPD:25.000 HDG:-0.300 PX:439.200 PY:-10.000 LAN:1 BRK:0 RX_X:0.000 RX_Y:0.000 RX_Z:0.000
[ZONE-ROUTE] CID:15 zone=1 edge_port=9998
[EDGE-RTT] CID:15 wall=1.0 ms  sim_delay=5.0 ms
>>> [UAV->CLOUD] BLK:2eee|TX:7.0.0.19|CID:15|TS:17.526|SPD:25.0|HDG:-0.3|PX:439.2|PY:-10....
[PASSIVE-BEACON] SIMNOW:17.540 CID:16 ZONE:1 RXUAV:1 EDGEPORT:9998 TS:17.526 SPD:25.500 HDG:0.100 PX:428.500 PY:-20.000 LAN:2 BRK:0 RX_X:0.000 RX_Y:0.000 RX_Z:0.000
[ZONE-ROUTE] CID:16 zone=1 edge_port=9998
[EDGE-RTT] CID:16 wall=2.1 ms  sim_delay=5.0 ms
>>> [UAV->CLOUD] BLK:5e10|TX:7.0.0.20|CID:16|TS:17.526|SPD:25.5|HDG:0.1|PX:428.5|PY:-20.0...
✓ [CAR 18] ACT=OK REP=1.000 RWD=1.000 PNL=0.000 CREDIT=30
[ECON-CLAWBACK] CID:15 ACT=WARN prior_payoff=-22.907 extra_penalty=3.750 new_payoff=-26.758
[FORGIVENESS] CID:15 WARN #12 — streak reset, benefits revoked
⚠ [CAR 15] ACT=WARN REP=0.386 RWD=0.000 PNL=3.851 CREDIT=-2
[ECON-CLAWBACK] CID:16 ACT=WARN prior_payoff=-7.103 extra_penalty=2.500 new_payoff=-9.706
[FORGIVENESS] CID:16 WARN #7 — streak reset, benefits revoked
⚠ [CAR 16] ACT=WARN REP=0.845 RWD=0.000 PNL=2.603 CREDIT=-2
[PASSIVE-BEACON] SIMNOW:17.635 CID:7 ZONE:1 RXUAV:1 EDGEPORT:9998 TS:17.622 SPD:25.200 HDG:1.900 PX:380.700 PY:-30.000 LAN:3 BRK:0 RX_X:0.000 RX_Y:0.000 RX_Z:0.000
[ZONE-ROUTE] CID:7 zone=1 edge_port=9998
[EDGE-RTT] CID:7 wall=1.1 ms  sim_delay=5.0 ms
>>> [UAV->CLOUD] BLK:73db|TX:7.0.0.11|CID:7|TS:17.622|SPD:25.2|HDG:1.9|PX:380.7|PY:-30.0|...
[ECON-CLAWBACK] CID:7 ACT=WARN prior_payoff=-0.6 extra_penalty=1.8 new_payoff=-2.5
[FORGIVENESS] CID:7 WARN #4 — streak reset, benefits revoked
⚠ [CAR 7] ACT=WARN REP=0.912 RWD=0.000 PNL=1.850 CREDIT=-2
[PASSIVE-BEACON] SIMNOW:17.678 CID:14 ZONE:1 RXUAV:1 EDGEPORT:9998 TS:17.664 SPD:20.000 HDG:1.000 PX:392.800 PY:-50.000 LAN:5 BRK:0 RX_X:0.000 RX_Y:0.000 RX_Z:0.000
[ZONE-ROUTE] CID:14 zone=1 edge_port=9998
[EDGE-RTT] CID:14 wall=1.4 ms  sim_delay=5.0 ms
>>> [UAV->CLOUD] BLK:8587|TX:7.0.0.18|CID:14|TS:17.664|SPD:20.0|HDG:1.0|PX:392.8|PY:-50.0...
[PASSIVE-BEACON] SIMNOW:17.686 CID:6 ZONE:1 RXUAV:1 EDGEPORT:9998 TS:17.672 SPD:24.500 HDG:1.800 PX:392.300 PY:-20.000 LAN:2 BRK:1 RX_X:0.000 RX_Y:0.000 RX_Z:0.000
[ZONE-ROUTE] CID:6 zone=1 edge_port=9998
[EDGE-RTT] CID:6 wall=1.0 ms  sim_delay=5.0 ms
>>> [UAV->CLOUD] BLK:dd29|TX:7.0.0.10|CID:6|TS:17.672|SPD:24.5|HDG:1.8|PX:392.3|PY:-20.0|...
✓ [CAR 14] ACT=OK REP=0.836 RWD=1.000 PNL=0.000 CREDIT=31
[ECON-CLAWBACK] CID:6 ACT=WARN prior_payoff=-7.102 extra_penalty=2.500 new_payoff=-9.701
[FORGIVENESS] CID:6 WARN #7 — streak reset, benefits revoked
⚠ [CAR 6] ACT=WARN REP=0.723 RWD=0.000 PNL=2.599 CREDIT=-2
[PASSIVE-BEACON] SIMNOW:17.710 CID:19 ZONE:1 RXUAV:1 EDGEPORT:9998 TS:17.696 SPD:20.500 HDG:1.700 PX:413.600 PY:-50.000 LAN:5 BRK:0 RX_X:0.000 RX_Y:0.000 RX_Z:0.000
[ZONE-ROUTE] CID:19 zone=1 edge_port=9998
[EDGE-RTT] CID:19 wall=1.4 ms  sim_delay=5.0 ms
>>> [UAV->CLOUD] BLK:cc07|TX:7.0.0.23|CID:19|TS:17.696|SPD:20.5|HDG:1.7|PX:413.6|PY:-50.0...
✓ [CAR 19] ACT=OK REP=0.929 RWD=1.000 PNL=0.000 CREDIT=31
[PASSIVE-BEACON] SIMNOW:17.746 CID:9 ZONE:1 RXUAV:1 EDGEPORT:9998 TS:17.732 SPD:19.900 HDG:-1.400 PX:374.400 PY:-50.000 LAN:5 BRK:0 RX_X:0.000 RX_Y:0.000 RX_Z:0.000
[ZONE-ROUTE] CID:9 zone=1 edge_port=9998
[EDGE-RTT] CID:9 wall=1.4 ms  sim_delay=5.0 ms
>>> [UAV->CLOUD] BLK:98a5|TX:7.0.0.13|CID:9|TS:17.732|SPD:19.9|HDG:-1.4|PX:374.4|PY:-50.0...
[PASSIVE-BEACON] SIMNOW:17.758 CID:13 ZONE:1 RXUAV:1 EDGEPORT:9998 TS:17.744 SPD:20.300 HDG:-1.600 PX:395.200 PY:-40.000 LAN:4 BRK:1 RX_X:0.000 RX_Y:0.000 RX_Z:0.000
[ZONE-ROUTE] CID:13 zone=1 edge_port=9998
[EDGE-RTT] CID:13 wall=1.3 ms  sim_delay=5.0 ms
>>> [UAV->CLOUD] BLK:fe46|TX:7.0.0.17|CID:13|TS:17.744|SPD:20.3|HDG:-1.6|PX:395.2|PY:-40....
[PASSIVE-BEACON] SIMNOW:17.758 CID:10 ZONE:1 RXUAV:1 EDGEPORT:9998 TS:17.744 SPD:25.100 HDG:0.100 PX:424.400 PY:-10.000 LAN:1 BRK:0 RX_X:0.000 RX_Y:0.000 RX_Z:0.000
[ZONE-ROUTE] CID:10 zone=1 edge_port=9998
[EDGE-RTT] CID:10 wall=3.3 ms  sim_delay=10.0 ms
>>> [UAV->CLOUD] BLK:02ed|TX:7.0.0.14|CID:10|TS:17.744|SPD:25.1|HDG:0.1|PX:424.4|PY:-10.0...
✓ [CAR 9] ACT=OK REP=0.914 RWD=1.000 PNL=0.000 CREDIT=30
[PASSIVE-BEACON] SIMNOW:17.768 CID:11 ZONE:1 RXUAV:1 EDGEPORT:9998 TS:17.754 SPD:24.800 HDG:-1.600 PX:414.800 PY:-20.000 LAN:2 BRK:0 RX_X:0.000 RX_Y:0.000 RX_Z:0.000
[ZONE-ROUTE] CID:11 zone=1 edge_port=9998
[EDGE-RTT] CID:11 wall=1.4 ms  sim_delay=5.0 ms
>>> [UAV->CLOUD] BLK:c5a2|TX:7.0.0.15|CID:11|TS:17.754|SPD:24.8|HDG:-1.6|PX:414.8|PY:-20....
✓ [CAR 13] ACT=OK REP=0.993 RWD=1.000 PNL=0.000 CREDIT=31
[ECON-CLAWBACK] CID:10 ACT=WARN prior_payoff=-23.072 extra_penalty=3.750 new_payoff=-26.924
[FORGIVENESS] CID:10 WARN #12 — streak reset, benefits revoked
⚠ [CAR 10] ACT=WARN REP=0.576 RWD=0.000 PNL=3.852 CREDIT=-2
[PASSIVE-BEACON] SIMNOW:17.778 CID:12 ZONE:1 RXUAV:1 EDGEPORT:9998 TS:17.764 SPD:24.600 HDG:-1.600 PX:404.800 PY:-30.000 LAN:3 BRK:0 RX_X:0.000 RX_Y:0.000 RX_Z:0.000
[ZONE-ROUTE] CID:12 zone=1 edge_port=9998
[EDGE-RTT] CID:12 wall=1.3 ms  sim_delay=5.0 ms
>>> [UAV->CLOUD] BLK:ba7f|TX:7.0.0.16|CID:12|TS:17.764|SPD:24.6|HDG:-1.6|PX:404.8|PY:-30....
[ECON-CLAWBACK] CID:11 ACT=WARN prior_payoff=-7.2 extra_penalty=2.5 new_payoff=-9.8
[FORGIVENESS] CID:11 WARN #7 — streak reset, benefits revoked
⚠ [CAR 11] ACT=WARN REP=0.543 RWD=0.000 PNL=2.601 CREDIT=-2
[ECON-CLAWBACK] CID:12 ACT=WARN prior_payoff=-0.602 extra_penalty=1.750 new_payoff=-2.449
[FORGIVENESS] CID:12 WARN #4 — streak reset, benefits revoked
⚠ [CAR 12] ACT=WARN REP=0.878 RWD=0.000 PNL=1.847 CREDIT=-2
[PASSIVE-BEACON] SIMNOW:17.864 CID:4 ZONE:1 RXUAV:1 EDGEPORT:9998 TS:17.850 SPD:20.000 HDG:-0.200 PX:356.600 PY:-50.000 LAN:5 BRK:0 RX_X:0.000 RX_Y:0.000 RX_Z:0.000
[ZONE-ROUTE] CID:4 zone=1 edge_port=9998
[EDGE-RTT] CID:4 wall=1.5 ms  sim_delay=5.0 ms
>>> [UAV->CLOUD] BLK:f03b|TX:7.0.0.8|CID:4|TS:17.850|SPD:20.0|HDG:-0.2|PX:356.6|PY:-50.0|...
[PASSIVE-BEACON] SIMNOW:17.864 CID:3 ZONE:1 RXUAV:1 EDGEPORT:9998 TS:17.850 SPD:19.700 HDG:0.800 PX:357.000 PY:-40.000 LAN:4 BRK:0 RX_X:0.000 RX_Y:0.000 RX_Z:0.000
[ZONE-ROUTE] CID:3 zone=1 edge_port=9998
[EDGE-RTT] CID:3 wall=2.6 ms  sim_delay=5.0 ms
>>> [UAV->CLOUD] BLK:4f35|TX:7.0.0.7|CID:3|TS:17.850|SPD:19.7|HDG:0.8|PX:357.0|PY:-40.0|L...
✓ [CAR 4] ACT=OK REP=0.719 RWD=1.000 PNL=0.000 CREDIT=31
✓ [CAR 3] ACT=OK REP=1.000 RWD=1.000 PNL=0.000 CREDIT=30
[PASSIVE-BEACON] SIMNOW:17.916 CID:8 ZONE:1 RXUAV:1 EDGEPORT:9998 TS:17.902 SPD:25.200 HDG:-1.200 PX:378.000 PY:-40.000 LAN:4 BRK:0 RX_X:0.000 RX_Y:0.000 RX_Z:0.000
[ZONE-ROUTE] CID:8 zone=1 edge_port=9998
[EDGE-RTT] CID:8 wall=1.4 ms  sim_delay=5.0 ms
>>> [UAV->CLOUD] BLK:d588|TX:7.0.0.12|CID:8|TS:17.902|SPD:25.2|HDG:-1.2|PX:378.0|PY:-40.0...
[ECON-CLAWBACK] CID:8 ACT=WARN prior_payoff=33.0 extra_penalty=25.7 new_payoff=7.2
[TRUST-REVOKED] CID:8 benefits revoked logically; lane=4 speed=20.0 latency=10.0ms
[FORGIVENESS] CID:8 WARN #1 — streak reset, benefits revoked
⚠ [CAR 8] ACT=WARN REP=0.952 RWD=0.000 PNL=25.824 CREDIT=28
[PASSIVE-BEACON] SIMNOW:17.954 CID:0 ZONE:1 RXUAV:1 EDGEPORT:9998 TS:17.940 SPD:25.400 HDG:0.800 PX:388.900 PY:-10.000 LAN:1 BRK:0 RX_X:0.000 RX_Y:0.000 RX_Z:0.000
[ZONE-ROUTE] CID:0 zone=1 edge_port=9998
[EDGE-RTT] CID:0 wall=1.3 ms  sim_delay=10.0 ms
>>> [UAV->CLOUD] BLK:8b2b|TX:7.0.0.4|CID:0|TS:17.940|SPD:25.4|HDG:0.8|PX:388.9|PY:-10.0|L...
[ECON-CLAWBACK] CID:0 ACT=WARN prior_payoff=-27.0 extra_penalty=4.0 new_payoff=-31.1
[FORGIVENESS] CID:0 WARN #13 — streak reset, benefits revoked
⚠ [CAR 0] ACT=WARN REP=0.420 RWD=0.000 PNL=4.102 CREDIT=-2
[PASSIVE-BEACON] SIMNOW:17.994 CID:5 ZONE:1 RXUAV:1 EDGEPORT:9998 TS:17.982 SPD:25.400 HDG:1.100 PX:410.100 PY:-10.000 LAN:1 BRK:0 RX_X:0.000 RX_Y:0.000 RX_Z:0.000
[ZONE-ROUTE] CID:5 zone=1 edge_port=9998
[EDGE-RTT] CID:5 wall=1.3 ms  sim_delay=10.0 ms
>>> [UAV->CLOUD] BLK:3dff|TX:7.0.0.9|CID:5|TS:17.982|SPD:25.4|HDG:1.1|PX:410.1|PY:-10.0|L...
[PASSIVE-BEACON] SIMNOW:18.000 CID:17 ZONE:1 RXUAV:1 EDGEPORT:9998 TS:17.986 SPD:25.200 HDG:-1.100 PX:430.100 PY:-30.000 LAN:3 BRK:0 RX_X:0.000 RX_Y:0.000 RX_Z:0.000
[ZONE-ROUTE] CID:17 zone=1 edge_port=9998
[EDGE-RTT] CID:17 wall=1.2 ms  sim_delay=5.0 ms
>>> [UAV->CLOUD] BLK:002a|TX:7.0.0.21|CID:17|TS:17.986|SPD:25.2|HDG:-1.1|PX:430.1|PY:-30....
[ECON-CLAWBACK] CID:5 ACT=WARN prior_payoff=-26.9 extra_penalty=4.0 new_payoff=-31.0
[FORGIVENESS] CID:5 WARN #13 — streak reset, benefits revoked
⚠ [CAR 5] ACT=WARN REP=0.514 RWD=0.000 PNL=4.102 CREDIT=-2
[ECON-CLAWBACK] CID:17 ACT=WARN prior_payoff=-2.577 extra_penalty=2.000 new_payoff=-4.679
[FORGIVENESS] CID:17 WARN #5 — streak reset, benefits revoked
⚠ [CAR 17] ACT=WARN REP=0.899 RWD=0.000 PNL=2.102 CREDIT=-2
[PASSIVE-BEACON] SIMNOW:18.030 CID:18 ZONE:1 RXUAV:1 EDGEPORT:9998 TS:18.016 SPD:25.200 HDG:-1.100 PX:421.500 PY:-40.000 LAN:4 BRK:0 RX_X:0.000 RX_Y:0.000 RX_Z:0.000
[ZONE-ROUTE] CID:18 zone=1 edge_port=9998
[EDGE-RTT] CID:18 wall=1.3 ms  sim_delay=5.0 ms
>>> [UAV->CLOUD] BLK:bf47|TX:7.0.0.22|CID:18|TS:18.016|SPD:25.2|HDG:-1.1|PX:421.5|PY:-40....
[PASSIVE-BEACON] SIMNOW:18.039 CID:15 ZONE:1 RXUAV:1 EDGEPORT:9998 TS:18.026 SPD:25.400 HDG:1.000 PX:451.700 PY:-10.000 LAN:1 BRK:0 RX_X:0.000 RX_Y:0.000 RX_Z:0.000
[ZONE-ROUTE] CID:15 zone=1 edge_port=9998
[EDGE-RTT] CID:15 wall=1.1 ms  sim_delay=5.0 ms
>>> [UAV->CLOUD] BLK:5128|TX:7.0.0.19|CID:15|TS:18.026|SPD:25.4|HDG:1.0|PX:451.7|PY:-10.0...
[PASSIVE-BEACON] SIMNOW:18.039 CID:16 ZONE:1 RXUAV:1 EDGEPORT:9998 TS:18.026 SPD:25.200 HDG:-1.600 PX:441.200 PY:-20.000 LAN:2 BRK:1 RX_X:0.000 RX_Y:0.000 RX_Z:0.000
[ZONE-ROUTE] CID:16 zone=1 edge_port=9998
[EDGE-RTT] CID:16 wall=2.9 ms  sim_delay=5.0 ms
>>> [UAV->CLOUD] BLK:53d3|TX:7.0.0.20|CID:16|TS:18.026|SPD:25.2|HDG:-1.6|PX:441.2|PY:-20....
[ECON-CLAWBACK] CID:18 ACT=WARN prior_payoff=34.0 extra_penalty=26.5 new_payoff=7.4
[TRUST-REVOKED] CID:18 benefits revoked logically; lane=4 speed=20.0 latency=10.0ms
[FORGIVENESS] CID:18 WARN #1 — streak reset, benefits revoked
⚠ [CAR 18] ACT=WARN REP=0.958 RWD=0.000 PNL=26.574 CREDIT=29
[ECON-CLAWBACK] CID:15 ACT=WARN prior_payoff=-26.758 extra_penalty=4.000 new_payoff=-30.860
[FORGIVENESS] CID:15 WARN #13 — streak reset, benefits revoked
⚠ [CAR 15] ACT=WARN REP=0.770 RWD=0.000 PNL=4.102 CREDIT=-2
[ECON-CLAWBACK] CID:16 ACT=WARN prior_payoff=-9.706 extra_penalty=2.750 new_payoff=-12.558
[FORGIVENESS] CID:16 WARN #8 — streak reset, benefits revoked
⚠ [CAR 16] ACT=WARN REP=0.735 RWD=0.000 PNL=2.852 CREDIT=-2
[PASSIVE-BEACON] SIMNOW:18.136 CID:7 ZONE:1 RXUAV:1 EDGEPORT:9998 TS:18.122 SPD:24.900 HDG:-1.500 PX:393.000 PY:-30.000 LAN:3 BRK:0 RX_X:0.000 RX_Y:0.000 RX_Z:0.000
[ZONE-ROUTE] CID:7 zone=1 edge_port=9998
[EDGE-RTT] CID:7 wall=1.7 ms  sim_delay=5.0 ms
>>> [UAV->CLOUD] BLK:444f|TX:7.0.0.11|CID:7|TS:18.122|SPD:24.9|HDG:-1.5|PX:393.0|PY:-30.0...
[ECON-CLAWBACK] CID:7 ACT=WARN prior_payoff=-2.5 extra_penalty=2.0 new_payoff=-4.6
[FORGIVENESS] CID:7 WARN #5 — streak reset, benefits revoked
⚠ [CAR 7] ACT=WARN REP=1.000 RWD=0.000 PNL=2.101 CREDIT=-2
[PASSIVE-BEACON] SIMNOW:18.179 CID:14 ZONE:1 RXUAV:1 EDGEPORT:9998 TS:18.164 SPD:19.700 HDG:1.500 PX:403.300 PY:-50.000 LAN:5 BRK:0 RX_X:0.000 RX_Y:0.000 RX_Z:0.000
[ZONE-ROUTE] CID:14 zone=1 edge_port=9998
[EDGE-RTT] CID:14 wall=1.5 ms  sim_delay=5.0 ms
>>> [UAV->CLOUD] BLK:f858|TX:7.0.0.18|CID:14|TS:18.164|SPD:19.7|HDG:1.5|PX:403.3|PY:-50.0...
[PASSIVE-BEACON] SIMNOW:18.186 CID:6 ZONE:1 RXUAV:1 EDGEPORT:9998 TS:18.172 SPD:25.300 HDG:-1.600 PX:405.400 PY:-20.000 LAN:2 BRK:0 RX_X:0.000 RX_Y:0.000 RX_Z:0.000
[ZONE-ROUTE] CID:6 zone=1 edge_port=9998
[EDGE-RTT] CID:6 wall=1.3 ms  sim_delay=5.0 ms
>>> [UAV->CLOUD] BLK:4127|TX:7.0.0.10|CID:6|TS:18.172|SPD:25.3|HDG:-1.6|PX:405.4|PY:-20.0...
✓ [CAR 14] ACT=OK REP=0.898 RWD=1.000 PNL=0.000 CREDIT=32
[ECON-CLAWBACK] CID:6 ACT=WARN prior_payoff=-9.701 extra_penalty=2.750 new_payoff=-12.553
[FORGIVENESS] CID:6 WARN #8 — streak reset, benefits revoked
⚠ [CAR 6] ACT=WARN REP=0.676 RWD=0.000 PNL=2.852 CREDIT=-2
[PASSIVE-BEACON] SIMNOW:18.210 CID:19 ZONE:1 RXUAV:1 EDGEPORT:9998 TS:18.196 SPD:20.300 HDG:1.500 PX:424.200 PY:-50.000 LAN:5 BRK:1 RX_X:0.000 RX_Y:0.000 RX_Z:0.000
[ZONE-ROUTE] CID:19 zone=1 edge_port=9998
[EDGE-RTT] CID:19 wall=1.4 ms  sim_delay=5.0 ms
>>> [UAV->CLOUD] BLK:55e1|TX:7.0.0.23|CID:19|TS:18.196|SPD:20.3|HDG:1.5|PX:424.2|PY:-50.0...
✓ [CAR 19] ACT=OK REP=1.000 RWD=1.000 PNL=0.000 CREDIT=32
[PASSIVE-BEACON] SIMNOW:18.246 CID:9 ZONE:1 RXUAV:1 EDGEPORT:9998 TS:18.232 SPD:19.900 HDG:0.600 PX:384.800 PY:-50.000 LAN:5 BRK:0 RX_X:0.000 RX_Y:0.000 RX_Z:0.000
[ZONE-ROUTE] CID:9 zone=1 edge_port=9998
[EDGE-RTT] CID:9 wall=2.0 ms  sim_delay=5.0 ms
>>> [UAV->CLOUD] BLK:b822|TX:7.0.0.13|CID:9|TS:18.232|SPD:19.9|HDG:0.6|PX:384.8|PY:-50.0|...
[PASSIVE-BEACON] SIMNOW:18.258 CID:13 ZONE:1 RXUAV:1 EDGEPORT:9998 TS:18.244 SPD:25.000 HDG:1.100 PX:406.700 PY:-40.000 LAN:4 BRK:1 RX_X:0.000 RX_Y:0.000 RX_Z:0.000
[ZONE-ROUTE] CID:13 zone=1 edge_port=9998
[EDGE-RTT] CID:13 wall=1.1 ms  sim_delay=5.0 ms
>>> [UAV->CLOUD] BLK:93f7|TX:7.0.0.17|CID:13|TS:18.244|SPD:25.0|HDG:1.1|PX:406.7|PY:-40.0...
[PASSIVE-BEACON] SIMNOW:18.258 CID:10 ZONE:1 RXUAV:1 EDGEPORT:9998 TS:18.244 SPD:24.500 HDG:-1.000 PX:436.700 PY:-10.000 LAN:1 BRK:0 RX_X:0.000 RX_Y:0.000 RX_Z:0.000
[ZONE-ROUTE] CID:10 zone=1 edge_port=9998
[EDGE-RTT] CID:10 wall=3.2 ms  sim_delay=10.0 ms
>>> [UAV->CLOUD] BLK:ea5b|TX:7.0.0.14|CID:10|TS:18.244|SPD:24.5|HDG:-1.0|PX:436.7|PY:-10....
✓ [CAR 9] ACT=OK REP=1.000 RWD=1.000 PNL=0.000 CREDIT=31
[PASSIVE-BEACON] SIMNOW:18.268 CID:11 ZONE:1 RXUAV:1 EDGEPORT:9998 TS:18.254 SPD:25.200 HDG:1.900 PX:426.800 PY:-20.000 LAN:2 BRK:0 RX_X:0.000 RX_Y:0.000 RX_Z:0.000
[ZONE-ROUTE] CID:11 zone=1 edge_port=9998
[EDGE-RTT] CID:11 wall=1.3 ms  sim_delay=5.0 ms
>>> [UAV->CLOUD] BLK:b54c|TX:7.0.0.15|CID:11|TS:18.254|SPD:25.2|HDG:1.9|PX:426.8|PY:-20.0...
[ECON-CLAWBACK] CID:13 ACT=WARN prior_payoff=35.0 extra_penalty=27.2 new_payoff=7.7
[TRUST-REVOKED] CID:13 benefits revoked logically; lane=4 speed=20.0 latency=10.0ms
[FORGIVENESS] CID:13 WARN #1 — streak reset, benefits revoked
⚠ [CAR 13] ACT=WARN REP=1.000 RWD=0.000 PNL=27.323 CREDIT=30
[ECON-CLAWBACK] CID:10 ACT=WARN prior_payoff=-26.924 extra_penalty=4.000 new_payoff=-31.023
[FORGIVENESS] CID:10 WARN #13 — streak reset, benefits revoked
⚠ [CAR 10] ACT=WARN REP=0.605 RWD=0.000 PNL=4.099 CREDIT=-2
[PASSIVE-BEACON] SIMNOW:18.278 CID:12 ZONE:1 RXUAV:1 EDGEPORT:9998 TS:18.264 SPD:24.700 HDG:0.800 PX:417.100 PY:-30.000 LAN:3 BRK:0 RX_X:0.000 RX_Y:0.000 RX_Z:0.000
[ZONE-ROUTE] CID:12 zone=1 edge_port=9998
[EDGE-RTT] CID:12 wall=1.2 ms  sim_delay=5.0 ms
>>> [UAV->CLOUD] BLK:7968|TX:7.0.0.16|CID:12|TS:18.264|SPD:24.7|HDG:0.8|PX:417.1|PY:-30.0...
[ECON-CLAWBACK] CID:11 ACT=WARN prior_payoff=-9.8 extra_penalty=2.8 new_payoff=-12.6
[FORGIVENESS] CID:11 WARN #8 — streak reset, benefits revoked
⚠ [CAR 11] ACT=WARN REP=0.721 RWD=0.000 PNL=2.852 CREDIT=-2
[ECON-CLAWBACK] CID:12 ACT=WARN prior_payoff=-2.449 extra_penalty=2.000 new_payoff=-4.549
[FORGIVENESS] CID:12 WARN #5 — streak reset, benefits revoked
⚠ [CAR 12] ACT=WARN REP=0.801 RWD=0.000 PNL=2.100 CREDIT=-2
[PASSIVE-BEACON] SIMNOW:18.364 CID:4 ZONE:1 RXUAV:1 EDGEPORT:9998 TS:18.350 SPD:19.900 HDG:-0.200 PX:367.700 PY:-50.000 LAN:5 BRK:1 RX_X:0.000 RX_Y:0.000 RX_Z:0.000
[ZONE-ROUTE] CID:4 zone=1 edge_port=9998
[EDGE-RTT] CID:4 wall=1.3 ms  sim_delay=5.0 ms
>>> [UAV->CLOUD] BLK:8fbb|TX:7.0.0.8|CID:4|TS:18.350|SPD:19.9|HDG:-0.2|PX:367.7|PY:-50.0|...
[PASSIVE-BEACON] SIMNOW:18.364 CID:3 ZONE:1 RXUAV:1 EDGEPORT:9998 TS:18.350 SPD:24.800 HDG:1.600 PX:369.400 PY:-40.000 LAN:4 BRK:0 RX_X:0.000 RX_Y:0.000 RX_Z:0.000
[ZONE-ROUTE] CID:3 zone=1 edge_port=9998
[EDGE-RTT] CID:3 wall=0.9 ms  sim_delay=5.0 ms
>>> [UAV->CLOUD] BLK:1784|TX:7.0.0.7|CID:3|TS:18.350|SPD:24.8|HDG:1.6|PX:369.4|PY:-40.0|L...
[ECON-CLAWBACK] CID:3 ACT=WARN prior_payoff=34.0 extra_penalty=26.5 new_payoff=7.4
[TRUST-REVOKED] CID:3 benefits revoked logically; lane=4 speed=20.0 latency=10.0ms
[FORGIVENESS] CID:3 WARN #1 — streak reset, benefits revoked
⚠ [CAR 3] ACT=WARN REP=0.723 RWD=0.000 PNL=26.572 CREDIT=29
✓ [CAR 4] ACT=OK REP=0.807 RWD=1.000 PNL=0.000 CREDIT=32
[PASSIVE-BEACON] SIMNOW:18.416 CID:8 ZONE:1 RXUAV:1 EDGEPORT:9998 TS:18.402 SPD:25.000 HDG:-1.800 PX:390.900 PY:-40.000 LAN:4 BRK:0 RX_X:0.000 RX_Y:0.000 RX_Z:0.000
[ZONE-ROUTE] CID:8 zone=1 edge_port=9998
[EDGE-RTT] CID:8 wall=1.3 ms  sim_delay=5.0 ms
>>> [UAV->CLOUD] BLK:111a|TX:7.0.0.12|CID:8|TS:18.402|SPD:25.0|HDG:-1.8|PX:390.9|PY:-40.0...
[ECON-CLAWBACK] CID:8 ACT=WARN prior_payoff=7.2 extra_penalty=4.8 new_payoff=2.2
[FORGIVENESS] CID:8 WARN #2 — streak reset, benefits revoked
⚠ [CAR 8] ACT=WARN REP=1.000 RWD=0.000 PNL=4.932 CREDIT=-2
[PASSIVE-BEACON] SIMNOW:18.454 CID:0 ZONE:1 RXUAV:1 EDGEPORT:9998 TS:18.440 SPD:25.400 HDG:0.500 PX:402.300 PY:-10.000 LAN:1 BRK:0 RX_X:0.000 RX_Y:0.000 RX_Z:0.000
[ZONE-ROUTE] CID:0 zone=1 edge_port=9998
[EDGE-RTT] CID:0 wall=1.3 ms  sim_delay=10.0 ms
>>> [UAV->CLOUD] BLK:8050|TX:7.0.0.4|CID:0|TS:18.440|SPD:25.4|HDG:0.5|PX:402.3|PY:-10.0|L...
[ECON-CLAWBACK] CID:0 ACT=WARN prior_payoff=-31.1 extra_penalty=4.2 new_payoff=-35.4
[FORGIVENESS] CID:0 WARN #14 — streak reset, benefits revoked
⚠ [CAR 0] ACT=WARN REP=0.656 RWD=0.000 PNL=4.353 CREDIT=-2
[PASSIVE-BEACON] SIMNOW:18.496 CID:5 ZONE:1 RXUAV:1 EDGEPORT:9998 TS:18.482 SPD:24.900 HDG:1.600 PX:423.300 PY:-10.000 LAN:1 BRK:0 RX_X:0.000 RX_Y:0.000 RX_Z:0.000
[ZONE-ROUTE] CID:5 zone=1 edge_port=9998
[EDGE-RTT] CID:5 wall=1.2 ms  sim_delay=10.0 ms
>>> [UAV->CLOUD] BLK:c575|TX:7.0.0.9|CID:5|TS:18.482|SPD:24.9|HDG:1.6|PX:423.3|PY:-10.0|L...
[PASSIVE-BEACON] SIMNOW:18.500 CID:17 ZONE:1 RXUAV:1 EDGEPORT:9998 TS:18.486 SPD:24.900 HDG:-1.800 PX:443.100 PY:-30.000 LAN:3 BRK:0 RX_X:0.000 RX_Y:0.000 RX_Z:0.000
[ZONE-ROUTE] CID:17 zone=1 edge_port=9998
[EDGE-RTT] CID:17 wall=1.2 ms  sim_delay=5.0 ms
>>> [UAV->CLOUD] BLK:31f6|TX:7.0.0.21|CID:17|TS:18.486|SPD:24.9|HDG:-1.8|PX:443.1|PY:-30....
[ECON-CLAWBACK] CID:5 ACT=WARN prior_payoff=-31.0 extra_penalty=4.2 new_payoff=-35.4
[FORGIVENESS] CID:5 WARN #14 — streak reset, benefits revoked
⚠ [CAR 5] ACT=WARN REP=0.456 RWD=0.000 PNL=4.351 CREDIT=-2
[ECON-CLAWBACK] CID:17 ACT=WARN prior_payoff=-4.679 extra_penalty=2.250 new_payoff=-7.030
[FORGIVENESS] CID:17 WARN #6 — streak reset, benefits revoked
⚠ [CAR 17] ACT=WARN REP=0.752 RWD=0.000 PNL=2.351 CREDIT=-2
[PASSIVE-BEACON] SIMNOW:18.530 CID:18 ZONE:1 RXUAV:1 EDGEPORT:9998 TS:18.516 SPD:24.700 HDG:-1.300 PX:433.700 PY:-40.000 LAN:4 BRK:0 RX_X:0.000 RX_Y:0.000 RX_Z:0.000
[ZONE-ROUTE] CID:18 zone=1 edge_port=9998
[EDGE-RTT] CID:18 wall=1.2 ms  sim_delay=5.0 ms
>>> [UAV->CLOUD] BLK:f5f1|TX:7.0.0.22|CID:18|TS:18.516|SPD:24.7|HDG:-1.3|PX:433.7|PY:-40....
[PASSIVE-BEACON] SIMNOW:18.540 CID:15 ZONE:1 RXUAV:1 EDGEPORT:9998 TS:18.526 SPD:25.400 HDG:1.100 PX:463.200 PY:-10.000 LAN:1 BRK:1 RX_X:0.000 RX_Y:0.000 RX_Z:0.000
[ZONE-ROUTE] CID:15 zone=1 edge_port=9998
[EDGE-RTT] CID:15 wall=1.2 ms  sim_delay=5.0 ms
>>> [UAV->CLOUD] BLK:e096|TX:7.0.0.19|CID:15|TS:18.526|SPD:25.4|HDG:1.1|PX:463.2|PY:-10.0...
[PASSIVE-BEACON] SIMNOW:18.540 CID:16 ZONE:1 RXUAV:1 EDGEPORT:9998 TS:18.526 SPD:24.600 HDG:-0.100 PX:453.900 PY:-20.000 LAN:2 BRK:1 RX_X:0.000 RX_Y:0.000 RX_Z:0.000
[ZONE-ROUTE] CID:16 zone=1 edge_port=9998
[EDGE-RTT] CID:16 wall=3.1 ms  sim_delay=5.0 ms
>>> [UAV->CLOUD] BLK:ec84|TX:7.0.0.20|CID:16|TS:18.526|SPD:24.6|HDG:-0.1|PX:453.9|PY:-20....
[ECON-CLAWBACK] CID:18 ACT=WARN prior_payoff=7.4 extra_penalty=5.0 new_payoff=2.4
[FORGIVENESS] CID:18 WARN #2 — streak reset, benefits revoked
⚠ [CAR 18] ACT=WARN REP=0.798 RWD=0.000 PNL=5.056 CREDIT=-2
[ECON-CLAWBACK] CID:15 ACT=WARN prior_payoff=-30.860 extra_penalty=4.250 new_payoff=-35.213
[FORGIVENESS] CID:15 WARN #14 — streak reset, benefits revoked
⚠ [CAR 15] ACT=WARN REP=0.568 RWD=0.000 PNL=4.353 CREDIT=-2
[ECON-CLAWBACK] CID:16 ACT=WARN prior_payoff=-12.558 extra_penalty=3.000 new_payoff=-15.658
[FORGIVENESS] CID:16 WARN #9 — streak reset, benefits revoked
⚠ [CAR 16] ACT=WARN REP=0.717 RWD=0.000 PNL=3.100 CREDIT=-2
[PASSIVE-BEACON] SIMNOW:18.636 CID:7 ZONE:1 RXUAV:1 EDGEPORT:9998 TS:18.622 SPD:25.100 HDG:2.000 PX:405.900 PY:-30.000 LAN:3 BRK:1 RX_X:0.000 RX_Y:0.000 RX_Z:0.000
[ZONE-ROUTE] CID:7 zone=1 edge_port=9998
[EDGE-RTT] CID:7 wall=1.1 ms  sim_delay=5.0 ms
>>> [UAV->CLOUD] BLK:5529|TX:7.0.0.11|CID:7|TS:18.622|SPD:25.1|HDG:2.0|PX:405.9|PY:-30.0|...
[ECON-CLAWBACK] CID:7 ACT=WARN prior_payoff=-4.6 extra_penalty=2.2 new_payoff=-6.9
[FORGIVENESS] CID:7 WARN #6 — streak reset, benefits revoked
⚠ [CAR 7] ACT=WARN REP=0.666 RWD=0.000 PNL=2.352 CREDIT=-2
[PASSIVE-BEACON] SIMNOW:18.678 CID:14 ZONE:1 RXUAV:1 EDGEPORT:9998 TS:18.664 SPD:20.300 HDG:0.700 PX:412.900 PY:-50.000 LAN:5 BRK:0 RX_X:0.000 RX_Y:0.000 RX_Z:0.000
[ZONE-ROUTE] CID:14 zone=1 edge_port=9998
[EDGE-RTT] CID:14 wall=1.4 ms  sim_delay=5.0 ms
>>> [UAV->CLOUD] BLK:ae1a|TX:7.0.0.18|CID:14|TS:18.664|SPD:20.3|HDG:0.7|PX:412.9|PY:-50.0...
[PASSIVE-BEACON] SIMNOW:18.686 CID:6 ZONE:1 RXUAV:1 EDGEPORT:9998 TS:18.672 SPD:25.400 HDG:1.600 PX:416.700 PY:-20.000 LAN:2 BRK:0 RX_X:0.000 RX_Y:0.000 RX_Z:0.000
[ZONE-ROUTE] CID:6 zone=1 edge_port=9998
[EDGE-RTT] CID:6 wall=1.3 ms  sim_delay=5.0 ms
>>> [UAV->CLOUD] BLK:3fa6|TX:7.0.0.10|CID:6|TS:18.672|SPD:25.4|HDG:1.6|PX:416.7|PY:-20.0|...
✓ [CAR 14] ACT=OK REP=0.831 RWD=1.000 PNL=0.000 CREDIT=33
[ECON-CLAWBACK] CID:6 ACT=WARN prior_payoff=-12.553 extra_penalty=3.000 new_payoff=-15.655
[FORGIVENESS] CID:6 WARN #9 — streak reset, benefits revoked
⚠ [CAR 6] ACT=WARN REP=0.696 RWD=0.000 PNL=3.102 CREDIT=-2
[PASSIVE-BEACON] SIMNOW:18.710 CID:19 ZONE:1 RXUAV:1 EDGEPORT:9998 TS:18.696 SPD:19.700 HDG:1.100 PX:433.800 PY:-50.000 LAN:5 BRK:0 RX_X:0.000 RX_Y:0.000 RX_Z:0.000
[ZONE-ROUTE] CID:19 zone=1 edge_port=9998
[EDGE-RTT] CID:19 wall=1.4 ms  sim_delay=5.0 ms
>>> [UAV->CLOUD] BLK:5a30|TX:7.0.0.23|CID:19|TS:18.696|SPD:19.7|HDG:1.1|PX:433.8|PY:-50.0...
✓ [CAR 19] ACT=OK REP=0.736 RWD=1.000 PNL=0.000 CREDIT=33
[PASSIVE-BEACON] SIMNOW:18.746 CID:9 ZONE:1 RXUAV:1 EDGEPORT:9998 TS:18.732 SPD:19.600 HDG:0.400 PX:394.400 PY:-50.000 LAN:5 BRK:0 RX_X:0.000 RX_Y:0.000 RX_Z:0.000
[ZONE-ROUTE] CID:9 zone=1 edge_port=9998
[EDGE-RTT] CID:9 wall=1.1 ms  sim_delay=5.0 ms
>>> [UAV->CLOUD] BLK:cd9e|TX:7.0.0.13|CID:9|TS:18.732|SPD:19.6|HDG:0.4|PX:394.4|PY:-50.0|...
[PASSIVE-BEACON] SIMNOW:18.756 CID:13 ZONE:1 RXUAV:1 EDGEPORT:9998 TS:18.744 SPD:25.300 HDG:1.600 PX:419.700 PY:-40.000 LAN:4 BRK:0 RX_X:0.000 RX_Y:0.000 RX_Z:0.000
[ZONE-ROUTE] CID:13 zone=1 edge_port=9998
[EDGE-RTT] CID:13 wall=1.2 ms  sim_delay=5.0 ms
>>> [UAV->CLOUD] BLK:50ea|TX:7.0.0.17|CID:13|TS:18.744|SPD:25.3|HDG:1.6|PX:419.7|PY:-40.0...
[PASSIVE-BEACON] SIMNOW:18.758 CID:10 ZONE:1 RXUAV:1 EDGEPORT:9998 TS:18.744 SPD:24.500 HDG:-0.700 PX:449.200 PY:-10.000 LAN:1 BRK:0 RX_X:0.000 RX_Y:0.000 RX_Z:0.000
[ZONE-ROUTE] CID:10 zone=1 edge_port=9998
[EDGE-RTT] CID:10 wall=1.1 ms  sim_delay=10.0 ms
>>> [UAV->CLOUD] BLK:9edd|TX:7.0.0.14|CID:10|TS:18.744|SPD:24.5|HDG:-0.7|PX:449.2|PY:-10....
✓ [CAR 9] ACT=OK REP=0.869 RWD=1.000 PNL=0.000 CREDIT=32
[PASSIVE-BEACON] SIMNOW:18.768 CID:11 ZONE:1 RXUAV:1 EDGEPORT:9998 TS:18.754 SPD:25.400 HDG:0.300 PX:440.000 PY:-20.000 LAN:2 BRK:1 RX_X:0.000 RX_Y:0.000 RX_Z:0.000
[ZONE-ROUTE] CID:11 zone=1 edge_port=9998
[EDGE-RTT] CID:11 wall=1.2 ms  sim_delay=5.0 ms
>>> [UAV->CLOUD] BLK:5bdf|TX:7.0.0.15|CID:11|TS:18.754|SPD:25.4|HDG:0.3|PX:440.0|PY:-20.0...
[ECON-CLAWBACK] CID:13 ACT=WARN prior_payoff=7.7 extra_penalty=5.1 new_payoff=2.5
[FORGIVENESS] CID:13 WARN #2 — streak reset, benefits revoked
⚠ [CAR 13] ACT=WARN REP=0.919 RWD=0.000 PNL=5.184 CREDIT=-2
[ECON-CLAWBACK] CID:10 ACT=WARN prior_payoff=-31.023 extra_penalty=4.250 new_payoff=-35.372
[FORGIVENESS] CID:10 WARN #14 — streak reset, benefits revoked
⚠ [CAR 10] ACT=WARN REP=0.464 RWD=0.000 PNL=4.349 CREDIT=-2
[PASSIVE-BEACON] SIMNOW:18.778 CID:12 ZONE:1 RXUAV:1 EDGEPORT:9998 TS:18.764 SPD:24.900 HDG:-1.100 PX:430.100 PY:-30.000 LAN:3 BRK:0 RX_X:0.000 RX_Y:0.000 RX_Z:0.000
[ZONE-ROUTE] CID:12 zone=1 edge_port=9998
[EDGE-RTT] CID:12 wall=1.1 ms  sim_delay=5.0 ms
>>> [UAV->CLOUD] BLK:fea1|TX:7.0.0.16|CID:12|TS:18.764|SPD:24.9|HDG:-1.1|PX:430.1|PY:-30....
[ECON-CLAWBACK] CID:11 ACT=WARN prior_payoff=-12.6 extra_penalty=3.0 new_payoff=-15.7
[FORGIVENESS] CID:11 WARN #9 — streak reset, benefits revoked
⚠ [CAR 11] ACT=WARN REP=0.797 RWD=0.000 PNL=3.103 CREDIT=-2
[ECON-CLAWBACK] CID:12 ACT=WARN prior_payoff=-4.549 extra_penalty=2.250 new_payoff=-6.900
[FORGIVENESS] CID:12 WARN #6 — streak reset, benefits revoked
⚠ [CAR 12] ACT=WARN REP=0.871 RWD=0.000 PNL=2.351 CREDIT=-2
[PASSIVE-BEACON] SIMNOW:18.864 CID:4 ZONE:1 RXUAV:1 EDGEPORT:9998 TS:18.850 SPD:20.300 HDG:1.400 PX:377.400 PY:-50.000 LAN:5 BRK:1 RX_X:0.000 RX_Y:0.000 RX_Z:0.000
[ZONE-ROUTE] CID:4 zone=1 edge_port=9998
[EDGE-RTT] CID:4 wall=1.3 ms  sim_delay=5.0 ms
>>> [UAV->CLOUD] BLK:eb53|TX:7.0.0.8|CID:4|TS:18.850|SPD:20.3|HDG:1.4|PX:377.4|PY:-50.0|L...
[PASSIVE-BEACON] SIMNOW:18.864 CID:3 ZONE:1 RXUAV:1 EDGEPORT:9998 TS:18.850 SPD:25.100 HDG:0.300 PX:381.900 PY:-40.000 LAN:4 BRK:1 RX_X:0.000 RX_Y:0.000 RX_Z:0.000
[ZONE-ROUTE] CID:3 zone=1 edge_port=9998
[EDGE-RTT] CID:3 wall=3.1 ms  sim_delay=5.0 ms
>>> [UAV->CLOUD] BLK:df99|TX:7.0.0.7|CID:3|TS:18.850|SPD:25.1|HDG:0.3|PX:381.9|PY:-40.0|L...
✓ [CAR 4] ACT=OK REP=0.899 RWD=1.000 PNL=0.000 CREDIT=33
[ECON-CLAWBACK] CID:3 ACT=WARN prior_payoff=7.424 extra_penalty=4.962 new_payoff=2.366
[FORGIVENESS] CID:3 WARN #2 — streak reset, benefits revoked
⚠ [CAR 3] ACT=WARN REP=0.830 RWD=0.000 PNL=5.058 CREDIT=-2
[PASSIVE-BEACON] SIMNOW:18.916 CID:8 ZONE:1 RXUAV:1 EDGEPORT:9998 TS:18.902 SPD:25.000 HDG:1.800 PX:402.800 PY:-40.000 LAN:4 BRK:0 RX_X:0.000 RX_Y:0.000 RX_Z:0.000
[ZONE-ROUTE] CID:8 zone=1 edge_port=9998
[EDGE-RTT] CID:8 wall=1.2 ms  sim_delay=5.0 ms
>>> [UAV->CLOUD] BLK:f849|TX:7.0.0.12|CID:8|TS:18.902|SPD:25.0|HDG:1.8|PX:402.8|PY:-40.0|...
[ECON-CLAWBACK] CID:8 ACT=WARN prior_payoff=2.2 extra_penalty=2.6 new_payoff=-0.5
[FORGIVENESS] CID:8 WARN #3 — streak reset, benefits revoked
⚠ [CAR 8] ACT=WARN REP=0.898 RWD=0.000 PNL=2.718 CREDIT=-2
[PASSIVE-BEACON] SIMNOW:18.954 CID:0 ZONE:1 RXUAV:1 EDGEPORT:9998 TS:18.940 SPD:25.400 HDG:0.100 PX:413.400 PY:-10.000 LAN:1 BRK:1 RX_X:0.000 RX_Y:0.000 RX_Z:0.000
[ZONE-ROUTE] CID:0 zone=1 edge_port=9998
[EDGE-RTT] CID:0 wall=1.3 ms  sim_delay=10.0 ms
>>> [UAV->CLOUD] BLK:f24f|TX:7.0.0.4|CID:0|TS:18.940|SPD:25.4|HDG:0.1|PX:413.4|PY:-10.0|L...
[ECON-CLAWBACK] CID:0 ACT=WARN prior_payoff=-35.4 extra_penalty=4.5 new_payoff=-40.0
[FORGIVENESS] CID:0 WARN #15 — streak reset, benefits revoked
⚠ [CAR 0] ACT=WARN REP=0.486 RWD=0.000 PNL=4.603 CREDIT=-2
[PASSIVE-BEACON] SIMNOW:18.996 CID:5 ZONE:1 RXUAV:1 EDGEPORT:9998 TS:18.982 SPD:24.900 HDG:1.800 PX:435.400 PY:-10.000 LAN:1 BRK:0 RX_X:0.000 RX_Y:0.000 RX_Z:0.000
[ZONE-ROUTE] CID:5 zone=1 edge_port=9998
[EDGE-RTT] CID:5 wall=1.0 ms  sim_delay=10.0 ms
>>> [UAV->CLOUD] BLK:b989|TX:7.0.0.9|CID:5|TS:18.982|SPD:24.9|HDG:1.8|PX:435.4|PY:-10.0|L...
[PASSIVE-BEACON] SIMNOW:19.000 CID:17 ZONE:1 RXUAV:1 EDGEPORT:9998 TS:18.986 SPD:25.000 HDG:0.400 PX:454.600 PY:-30.000 LAN:3 BRK:0 RX_X:0.000 RX_Y:0.000 RX_Z:0.000
[ZONE-ROUTE] CID:17 zone=1 edge_port=9998
[EDGE-RTT] CID:17 wall=0.7 ms  sim_delay=5.0 ms
>>> [UAV->CLOUD] BLK:6be8|TX:7.0.0.21|CID:17|TS:18.986|SPD:25.0|HDG:0.4|PX:454.6|PY:-30.0...
[ECON-CLAWBACK] CID:5 ACT=WARN prior_payoff=-35.4 extra_penalty=4.5 new_payoff=-40.0
[FORGIVENESS] CID:5 WARN #15 — streak reset, benefits revoked
⚠ [CAR 5] ACT=WARN REP=0.279 RWD=0.000 PNL=4.601 CREDIT=-2
[ECON-CLAWBACK] CID:17 ACT=WARN prior_payoff=-7.030 extra_penalty=2.500 new_payoff=-9.632
[FORGIVENESS] CID:17 WARN #7 — streak reset, benefits revoked
⚠ [CAR 17] ACT=WARN REP=0.768 RWD=0.000 PNL=2.602 CREDIT=-2
[PASSIVE-BEACON] SIMNOW:19.030 CID:18 ZONE:1 RXUAV:1 EDGEPORT:9998 TS:19.016 SPD:24.800 HDG:-1.000 PX:446.300 PY:-40.000 LAN:4 BRK:0 RX_X:0.000 RX_Y:0.000 RX_Z:0.000
[ZONE-ROUTE] CID:18 zone=1 edge_port=9998
[EDGE-RTT] CID:18 wall=1.2 ms  sim_delay=5.0 ms
>>> [UAV->CLOUD] BLK:aa5e|TX:7.0.0.22|CID:18|TS:19.016|SPD:24.8|HDG:-1.0|PX:446.3|PY:-40....
[PASSIVE-BEACON] SIMNOW:19.040 CID:15 ZONE:1 RXUAV:1 EDGEPORT:9998 TS:19.026 SPD:24.900 HDG:-0.500 PX:475.700 PY:-10.000 LAN:1 BRK:0 RX_X:0.000 RX_Y:0.000 RX_Z:0.000
[ZONE-ROUTE] CID:15 zone=1 edge_port=9998
[EDGE-RTT] CID:15 wall=1.2 ms  sim_delay=5.0 ms
>>> [UAV->CLOUD] BLK:7f98|TX:7.0.0.19|CID:15|TS:19.026|SPD:24.9|HDG:-0.5|PX:475.7|PY:-10....
[PASSIVE-BEACON] SIMNOW:19.040 CID:16 ZONE:1 RXUAV:1 EDGEPORT:9998 TS:19.026 SPD:24.700 HDG:-1.000 PX:465.700 PY:-20.000 LAN:2 BRK:1 RX_X:0.000 RX_Y:0.000 RX_Z:0.000
[ZONE-ROUTE] CID:16 zone=1 edge_port=9998
[EDGE-RTT] CID:16 wall=3.1 ms  sim_delay=5.0 ms
>>> [UAV->CLOUD] BLK:f671|TX:7.0.0.20|CID:16|TS:19.026|SPD:24.7|HDG:-1.0|PX:465.7|PY:-20....
[ECON-CLAWBACK] CID:18 ACT=WARN prior_payoff=2.4 extra_penalty=2.7 new_payoff=-0.4
[FORGIVENESS] CID:18 WARN #3 — streak reset, benefits revoked
⚠ [CAR 18] ACT=WARN REP=0.784 RWD=0.000 PNL=2.780 CREDIT=-2
[ECON-CLAWBACK] CID:15 ACT=WARN prior_payoff=-35.213 extra_penalty=4.500 new_payoff=-39.815
[FORGIVENESS] CID:15 WARN #15 — streak reset, benefits revoked
⚠ [CAR 15] ACT=WARN REP=0.509 RWD=0.000 PNL=4.602 CREDIT=-2
[ECON-CLAWBACK] CID:16 ACT=WARN prior_payoff=-15.658 extra_penalty=3.250 new_payoff=-19.008
[FORGIVENESS] CID:16 WARN #10 — streak reset, benefits revoked
⚠ [CAR 16] ACT=WARN REP=0.483 RWD=0.000 PNL=3.350 CREDIT=-2
[PASSIVE-BEACON] SIMNOW:19.136 CID:7 ZONE:1 RXUAV:1 EDGEPORT:9998 TS:19.122 SPD:25.200 HDG:0.600 PX:419.200 PY:-30.000 LAN:3 BRK:0 RX_X:0.000 RX_Y:0.000 RX_Z:0.000
[ZONE-ROUTE] CID:7 zone=1 edge_port=9998
[EDGE-RTT] CID:7 wall=1.3 ms  sim_delay=5.0 ms
>>> [UAV->CLOUD] BLK:6a42|TX:7.0.0.11|CID:7|TS:19.122|SPD:25.2|HDG:0.6|PX:419.2|PY:-30.0|...
[ECON-CLAWBACK] CID:7 ACT=WARN prior_payoff=-6.9 extra_penalty=2.5 new_payoff=-9.5
[FORGIVENESS] CID:7 WARN #7 — streak reset, benefits revoked
⚠ [CAR 7] ACT=WARN REP=0.755 RWD=0.000 PNL=2.602 CREDIT=-2
[PASSIVE-BEACON] SIMNOW:19.179 CID:14 ZONE:1 RXUAV:1 EDGEPORT:9998 TS:19.164 SPD:20.400 HDG:1.000 PX:422.600 PY:-50.000 LAN:5 BRK:0 RX_X:0.000 RX_Y:0.000 RX_Z:0.000
[ZONE-ROUTE] CID:14 zone=1 edge_port=9998
[EDGE-RTT] CID:14 wall=1.1 ms  sim_delay=5.0 ms
>>> [UAV->CLOUD] BLK:24cd|TX:7.0.0.18|CID:14|TS:19.164|SPD:20.4|HDG:1.0|PX:422.6|PY:-50.0...
[PASSIVE-BEACON] SIMNOW:19.186 CID:6 ZONE:1 RXUAV:1 EDGEPORT:9998 TS:19.172 SPD:24.700 HDG:0.500 PX:429.900 PY:-20.000 LAN:2 BRK:0 RX_X:0.000 RX_Y:0.000 RX_Z:0.000
[ZONE-ROUTE] CID:6 zone=1 edge_port=9998
[EDGE-RTT] CID:6 wall=0.9 ms  sim_delay=5.0 ms
>>> [UAV->CLOUD] BLK:2ce2|TX:7.0.0.10|CID:6|TS:19.172|SPD:24.7|HDG:0.5|PX:429.9|PY:-20.0|...
✓ [CAR 14] ACT=OK REP=0.946 RWD=1.000 PNL=0.000 CREDIT=34
[ECON-CLAWBACK] CID:6 ACT=WARN prior_payoff=-15.655 extra_penalty=3.250 new_payoff=-19.005
[FORGIVENESS] CID:6 WARN #10 — streak reset, benefits revoked
⚠ [CAR 6] ACT=WARN REP=0.512 RWD=0.000 PNL=3.350 CREDIT=-2
[PASSIVE-BEACON] SIMNOW:19.210 CID:19 ZONE:1 RXUAV:1 EDGEPORT:9998 TS:19.196 SPD:19.700 HDG:-1.300 PX:443.200 PY:-50.000 LAN:5 BRK:0 RX_X:0.000 RX_Y:0.000 RX_Z:0.000
[ZONE-ROUTE] CID:19 zone=1 edge_port=9998
[EDGE-RTT] CID:19 wall=1.1 ms  sim_delay=5.0 ms
>>> [UAV->CLOUD] BLK:6971|TX:7.0.0.23|CID:19|TS:19.196|SPD:19.7|HDG:-1.3|PX:443.2|PY:-50....
✓ [CAR 19] ACT=OK REP=1.000 RWD=1.000 PNL=0.000 CREDIT=34
[PASSIVE-BEACON] SIMNOW:19.246 CID:9 ZONE:1 RXUAV:1 EDGEPORT:9998 TS:19.232 SPD:20.200 HDG:-1.100 PX:404.700 PY:-50.000 LAN:5 BRK:0 RX_X:0.000 RX_Y:0.000 RX_Z:0.000
[ZONE-ROUTE] CID:9 zone=1 edge_port=9998
[EDGE-RTT] CID:9 wall=1.6 ms  sim_delay=5.0 ms
>>> [UAV->CLOUD] BLK:dd45|TX:7.0.0.13|CID:9|TS:19.232|SPD:20.2|HDG:-1.1|PX:404.7|PY:-50.0...
[PASSIVE-BEACON] SIMNOW:19.258 CID:13 ZONE:1 RXUAV:1 EDGEPORT:9998 TS:19.244 SPD:24.900 HDG:-1.100 PX:432.300 PY:-40.000 LAN:4 BRK:0 RX_X:0.000 RX_Y:0.000 RX_Z:0.000
[ZONE-ROUTE] CID:13 zone=1 edge_port=9998
[EDGE-RTT] CID:13 wall=0.9 ms  sim_delay=5.0 ms
>>> [UAV->CLOUD] BLK:fb3f|TX:7.0.0.17|CID:13|TS:19.244|SPD:24.9|HDG:-1.1|PX:432.3|PY:-40....
[PASSIVE-BEACON] SIMNOW:19.258 CID:10 ZONE:1 RXUAV:1 EDGEPORT:9998 TS:19.244 SPD:25.200 HDG:-0.100 PX:461.600 PY:-10.000 LAN:1 BRK:0 RX_X:0.000 RX_Y:0.000 RX_Z:0.000
[ZONE-ROUTE] CID:10 zone=1 edge_port=9998
[EDGE-RTT] CID:10 wall=2.3 ms  sim_delay=10.0 ms
>>> [UAV->CLOUD] BLK:565c|TX:7.0.0.14|CID:10|TS:19.244|SPD:25.2|HDG:-0.1|PX:461.6|PY:-10....
✓ [CAR 9] ACT=OK REP=0.964 RWD=1.000 PNL=0.000 CREDIT=33
[PASSIVE-BEACON] SIMNOW:19.268 CID:11 ZONE:1 RXUAV:1 EDGEPORT:9998 TS:19.254 SPD:25.300 HDG:1.500 PX:452.600 PY:-20.000 LAN:2 BRK:0 RX_X:0.000 RX_Y:0.000 RX_Z:0.000
[ZONE-ROUTE] CID:11 zone=1 edge_port=9998
[EDGE-RTT] CID:11 wall=1.1 ms  sim_delay=5.0 ms
>>> [UAV->CLOUD] BLK:7e5f|TX:7.0.0.15|CID:11|TS:19.254|SPD:25.3|HDG:1.5|PX:452.6|PY:-20.0...
[ECON-CLAWBACK] CID:13 ACT=WARN prior_payoff=2.5 extra_penalty=2.7 new_payoff=-0.4
[FORGIVENESS] CID:13 WARN #3 — streak reset, benefits revoked
⚠ [CAR 13] ACT=WARN REP=0.899 RWD=0.000 PNL=2.842 CREDIT=-2
[ECON-CLAWBACK] CID:10 ACT=WARN prior_payoff=-35.372 extra_penalty=4.500 new_payoff=-39.974
[FORGIVENESS] CID:10 WARN #15 — streak reset, benefits revoked
⚠ [CAR 10] ACT=WARN REP=0.735 RWD=0.000 PNL=4.602 CREDIT=-2
[PASSIVE-BEACON] SIMNOW:19.278 CID:12 ZONE:1 RXUAV:1 EDGEPORT:9998 TS:19.264 SPD:24.700 HDG:-1.300 PX:442.400 PY:-30.000 LAN:3 BRK:1 RX_X:0.000 RX_Y:0.000 RX_Z:0.000
[ZONE-ROUTE] CID:12 zone=1 edge_port=9998
[EDGE-RTT] CID:12 wall=1.1 ms  sim_delay=5.0 ms
>>> [UAV->CLOUD] BLK:f683|TX:7.0.0.16|CID:12|TS:19.264|SPD:24.7|HDG:-1.3|PX:442.4|PY:-30....
[ECON-CLAWBACK] CID:11 ACT=WARN prior_payoff=-15.7 extra_penalty=3.2 new_payoff=-19.1
[FORGIVENESS] CID:11 WARN #10 — streak reset, benefits revoked
⚠ [CAR 11] ACT=WARN REP=0.555 RWD=0.000 PNL=3.352 CREDIT=-2
[ECON-CLAWBACK] CID:12 ACT=WARN prior_payoff=-6.900 extra_penalty=2.500 new_payoff=-9.500
[FORGIVENESS] CID:12 WARN #7 — streak reset, benefits revoked
⚠ [CAR 12] ACT=WARN REP=1.000 RWD=0.000 PNL=2.600 CREDIT=-2
[PASSIVE-BEACON] SIMNOW:19.364 CID:4 ZONE:1 RXUAV:1 EDGEPORT:9998 TS:19.350 SPD:20.200 HDG:1.400 PX:387.100 PY:-50.000 LAN:5 BRK:1 RX_X:0.000 RX_Y:0.000 RX_Z:0.000
[ZONE-ROUTE] CID:4 zone=1 edge_port=9998
[EDGE-RTT] CID:4 wall=1.1 ms  sim_delay=5.0 ms
>>> [UAV->CLOUD] BLK:cf37|TX:7.0.0.8|CID:4|TS:19.350|SPD:20.2|HDG:1.4|PX:387.1|PY:-50.0|L...
[PASSIVE-BEACON] SIMNOW:19.364 CID:3 ZONE:1 RXUAV:1 EDGEPORT:9998 TS:19.350 SPD:25.300 HDG:-1.500 PX:393.900 PY:-40.000 LAN:4 BRK:1 RX_X:0.000 RX_Y:0.000 RX_Z:0.000
[ZONE-ROUTE] CID:3 zone=1 edge_port=9998
[EDGE-RTT] CID:3 wall=3.1 ms  sim_delay=5.0 ms
>>> [UAV->CLOUD] BLK:772c|TX:7.0.0.7|CID:3|TS:19.350|SPD:25.3|HDG:-1.5|PX:393.9|PY:-40.0|...
✓ [CAR 4] ACT=OK REP=1.000 RWD=1.000 PNL=0.000 CREDIT=34
[ECON-CLAWBACK] CID:3 ACT=WARN prior_payoff=2.366 extra_penalty=2.683 new_payoff=-0.416
[FORGIVENESS] CID:3 WARN #3 — streak reset, benefits revoked
⚠ [CAR 3] ACT=WARN REP=0.891 RWD=0.000 PNL=2.782 CREDIT=-2
[PASSIVE-BEACON] SIMNOW:19.416 CID:8 ZONE:1 RXUAV:1 EDGEPORT:9998 TS:19.402 SPD:25.200 HDG:0.100 PX:415.300 PY:-40.000 LAN:4 BRK:1 RX_X:0.000 RX_Y:0.000 RX_Z:0.000
[ZONE-ROUTE] CID:8 zone=1 edge_port=9998
[EDGE-RTT] CID:8 wall=1.3 ms  sim_delay=5.0 ms
>>> [UAV->CLOUD] BLK:abd3|TX:7.0.0.12|CID:8|TS:19.402|SPD:25.2|HDG:0.1|PX:415.3|PY:-40.0|...
[ECON-CLAWBACK] CID:8 ACT=WARN prior_payoff=-0.5 extra_penalty=1.8 new_payoff=-2.3
[FORGIVENESS] CID:8 WARN #4 — streak reset, benefits revoked
⚠ [CAR 8] ACT=WARN REP=0.955 RWD=0.000 PNL=1.850 CREDIT=-2
[PASSIVE-BEACON] SIMNOW:19.454 CID:0 ZONE:1 RXUAV:1 EDGEPORT:9998 TS:19.440 SPD:25.300 HDG:1.500 PX:427.100 PY:-10.000 LAN:1 BRK:1 RX_X:0.000 RX_Y:0.000 RX_Z:0.000
[ZONE-ROUTE] CID:0 zone=1 edge_port=9998
[EDGE-RTT] CID:0 wall=1.2 ms  sim_delay=10.0 ms
>>> [UAV->CLOUD] BLK:02c5|TX:7.0.0.4|CID:0|TS:19.440|SPD:25.3|HDG:1.5|PX:427.1|PY:-10.0|L...
[ECON-CLAWBACK] CID:0 ACT=WARN prior_payoff=-40.0 extra_penalty=4.8 new_payoff=-44.9
[FORGIVENESS] CID:0 WARN #16 — streak reset, benefits revoked
⚠ [CAR 0] ACT=WARN REP=0.178 RWD=0.000 PNL=4.852 CREDIT=-2
[PASSIVE-BEACON] SIMNOW:19.495 CID:5 ZONE:1 RXUAV:1 EDGEPORT:9998 TS:19.482 SPD:24.500 HDG:-1.600 PX:447.400 PY:-10.000 LAN:1 BRK:0 RX_X:0.000 RX_Y:0.000 RX_Z:0.000
[ZONE-ROUTE] CID:5 zone=1 edge_port=9998
[EDGE-RTT] CID:5 wall=1.1 ms  sim_delay=10.0 ms
>>> [UAV->CLOUD] BLK:669d|TX:7.0.0.9|CID:5|TS:19.482|SPD:24.5|HDG:-1.6|PX:447.4|PY:-10.0|...
[PASSIVE-BEACON] SIMNOW:19.500 CID:17 ZONE:1 RXUAV:1 EDGEPORT:9998 TS:19.486 SPD:24.900 HDG:-2.000 PX:467.000 PY:-30.000 LAN:3 BRK:0 RX_X:0.000 RX_Y:0.000 RX_Z:0.000
[ZONE-ROUTE] CID:17 zone=1 edge_port=9998
[EDGE-RTT] CID:17 wall=0.9 ms  sim_delay=5.0 ms
>>> [UAV->CLOUD] BLK:87be|TX:7.0.0.21|CID:17|TS:19.486|SPD:24.9|HDG:-2.0|PX:467.0|PY:-30....
[ECON-CLAWBACK] CID:5 ACT=WARN prior_payoff=-40.0 extra_penalty=4.8 new_payoff=-44.8
[FORGIVENESS] CID:5 WARN #16 — streak reset, benefits revoked
⚠ [CAR 5] ACT=WARN REP=0.456 RWD=0.000 PNL=4.849 CREDIT=-2
[ECON-CLAWBACK] CID:17 ACT=WARN prior_payoff=-9.632 extra_penalty=2.750 new_payoff=-12.483
[FORGIVENESS] CID:17 WARN #8 — streak reset, benefits revoked
⚠ [CAR 17] ACT=WARN REP=0.572 RWD=0.000 PNL=2.851 CREDIT=-2
[PASSIVE-BEACON] SIMNOW:19.530 CID:18 ZONE:1 RXUAV:1 EDGEPORT:9998 TS:19.516 SPD:25.000 HDG:-0.400 PX:458.600 PY:-40.000 LAN:4 BRK:0 RX_X:0.000 RX_Y:0.000 RX_Z:0.000
[ZONE-ROUTE] CID:18 zone=1 edge_port=9998
[EDGE-RTT] CID:18 wall=1.2 ms  sim_delay=5.0 ms
>>> [UAV->CLOUD] BLK:405a|TX:7.0.0.22|CID:18|TS:19.516|SPD:25.0|HDG:-0.4|PX:458.6|PY:-40....
[PASSIVE-BEACON] SIMNOW:19.539 CID:16 ZONE:1 RXUAV:1 EDGEPORT:9998 TS:19.526 SPD:25.100 HDG:-1.200 PX:478.200 PY:-20.000 LAN:2 BRK:1 RX_X:0.000 RX_Y:0.000 RX_Z:0.000
[ZONE-ROUTE] CID:16 zone=1 edge_port=9998
[EDGE-RTT] CID:16 wall=1.1 ms  sim_delay=5.0 ms
>>> [UAV->CLOUD] BLK:3019|TX:7.0.0.20|CID:16|TS:19.526|SPD:25.1|HDG:-1.2|PX:478.2|PY:-20....
[PASSIVE-BEACON] SIMNOW:19.540 CID:15 ZONE:1 RXUAV:1 EDGEPORT:9998 TS:19.526 SPD:25.000 HDG:0.700 PX:489.100 PY:-10.000 LAN:1 BRK:0 RX_X:0.000 RX_Y:0.000 RX_Z:0.000
[ZONE-ROUTE] CID:15 zone=1 edge_port=9998
[EDGE-RTT] CID:15 wall=0.9 ms  sim_delay=5.0 ms
>>> [UAV->CLOUD] BLK:3aed|TX:7.0.0.19|CID:15|TS:19.526|SPD:25.0|HDG:0.7|PX:489.1|PY:-10.0...
[ECON-CLAWBACK] CID:18 ACT=WARN prior_payoff=-0.4 extra_penalty=1.8 new_payoff=-2.3
[FORGIVENESS] CID:18 WARN #4 — streak reset, benefits revoked
⚠ [CAR 18] ACT=WARN REP=1.000 RWD=0.000 PNL=1.849 CREDIT=-2
[ECON-CLAWBACK] CID:16 ACT=WARN prior_payoff=-19.008 extra_penalty=3.500 new_payoff=-22.610
[FORGIVENESS] CID:16 WARN #11 — streak reset, benefits revoked
⚠ [CAR 16] ACT=WARN REP=0.746 RWD=0.000 PNL=3.602 CREDIT=-2
[ECON-CLAWBACK] CID:15 ACT=WARN prior_payoff=-39.815 extra_penalty=4.750 new_payoff=-44.667
[FORGIVENESS] CID:15 WARN #16 — streak reset, benefits revoked
⚠ [CAR 15] ACT=WARN REP=0.604 RWD=0.000 PNL=4.852 CREDIT=-2
[PASSIVE-BEACON] SIMNOW:19.636 CID:7 ZONE:1 RXUAV:1 EDGEPORT:9998 TS:19.622 SPD:24.900 HDG:-0.900 PX:431.400 PY:-30.000 LAN:3 BRK:1 RX_X:0.000 RX_Y:0.000 RX_Z:0.000
[ZONE-ROUTE] CID:7 zone=1 edge_port=9998
[EDGE-RTT] CID:7 wall=1.3 ms  sim_delay=5.0 ms
>>> [UAV->CLOUD] BLK:136e|TX:7.0.0.11|CID:7|TS:19.622|SPD:24.9|HDG:-0.9|PX:431.4|PY:-30.0...
[ECON-CLAWBACK] CID:7 ACT=WARN prior_payoff=-9.5 extra_penalty=2.8 new_payoff=-12.4
[FORGIVENESS] CID:7 WARN #8 — streak reset, benefits revoked
⚠ [CAR 7] ACT=WARN REP=0.382 RWD=0.000 PNL=2.851 CREDIT=-2
[PASSIVE-BEACON] SIMNOW:19.678 CID:14 ZONE:1 RXUAV:1 EDGEPORT:9998 TS:19.664 SPD:20.300 HDG:-1.300 PX:433.900 PY:-50.000 LAN:5 BRK:1 RX_X:0.000 RX_Y:0.000 RX_Z:0.000
[ZONE-ROUTE] CID:14 zone=1 edge_port=9998
[EDGE-RTT] CID:14 wall=1.2 ms  sim_delay=5.0 ms
>>> [UAV->CLOUD] BLK:08a1|TX:7.0.0.18|CID:14|TS:19.664|SPD:20.3|HDG:-1.3|PX:433.9|PY:-50....
[PASSIVE-BEACON] SIMNOW:19.686 CID:6 ZONE:1 RXUAV:1 EDGEPORT:9998 TS:19.672 SPD:25.100 HDG:1.300 PX:442.700 PY:-20.000 LAN:2 BRK:0 RX_X:0.000 RX_Y:0.000 RX_Z:0.000
[ZONE-ROUTE] CID:6 zone=1 edge_port=9998
[EDGE-RTT] CID:6 wall=1.3 ms  sim_delay=5.0 ms
>>> [UAV->CLOUD] BLK:1891|TX:7.0.0.10|CID:6|TS:19.672|SPD:25.1|HDG:1.3|PX:442.7|PY:-20.0|...
✓ [CAR 14] ACT=OK REP=1.000 RWD=1.000 PNL=0.000 CREDIT=35
[ECON-CLAWBACK] CID:6 ACT=WARN prior_payoff=-19.005 extra_penalty=3.500 new_payoff=-22.607
[FORGIVENESS] CID:6 WARN #11 — streak reset, benefits revoked
⚠ [CAR 6] ACT=WARN REP=0.764 RWD=0.000 PNL=3.602 CREDIT=-2
[PASSIVE-BEACON] SIMNOW:19.710 CID:19 ZONE:1 RXUAV:1 EDGEPORT:9998 TS:19.696 SPD:19.900 HDG:-0.200 PX:453.300 PY:-50.000 LAN:5 BRK:1 RX_X:0.000 RX_Y:0.000 RX_Z:0.000
[ZONE-ROUTE] CID:19 zone=1 edge_port=9998
[EDGE-RTT] CID:19 wall=1.3 ms  sim_delay=5.0 ms
>>> [UAV->CLOUD] BLK:dbc3|TX:7.0.0.23|CID:19|TS:19.696|SPD:19.9|HDG:-0.2|PX:453.3|PY:-50....
✓ [CAR 19] ACT=OK REP=0.881 RWD=1.000 PNL=0.000 CREDIT=35
[PASSIVE-BEACON] SIMNOW:19.746 CID:9 ZONE:1 RXUAV:1 EDGEPORT:9998 TS:19.732 SPD:20.100 HDG:0.700 PX:414.300 PY:-50.000 LAN:5 BRK:0 RX_X:0.000 RX_Y:0.000 RX_Z:0.000
[ZONE-ROUTE] CID:9 zone=1 edge_port=9998
[EDGE-RTT] CID:9 wall=1.1 ms  sim_delay=5.0 ms
>>> [UAV->CLOUD] BLK:46d3|TX:7.0.0.13|CID:9|TS:19.732|SPD:20.1|HDG:0.7|PX:414.3|PY:-50.0|...
[PASSIVE-BEACON] SIMNOW:19.758 CID:13 ZONE:1 RXUAV:1 EDGEPORT:9998 TS:19.744 SPD:24.900 HDG:0.900 PX:444.600 PY:-40.000 LAN:4 BRK:0 RX_X:0.000 RX_Y:0.000 RX_Z:0.000
[ZONE-ROUTE] CID:13 zone=1 edge_port=9998
[EDGE-RTT] CID:13 wall=1.1 ms  sim_delay=5.0 ms
>>> [UAV->CLOUD] BLK:f348|TX:7.0.0.17|CID:13|TS:19.744|SPD:24.9|HDG:0.9|PX:444.6|PY:-40.0...
[PASSIVE-BEACON] SIMNOW:19.758 CID:10 ZONE:1 RXUAV:1 EDGEPORT:9998 TS:19.744 SPD:25.000 HDG:-0.800 PX:474.200 PY:-10.000 LAN:1 BRK:0 RX_X:0.000 RX_Y:0.000 RX_Z:0.000
[ZONE-ROUTE] CID:10 zone=1 edge_port=9998
[EDGE-RTT] CID:10 wall=2.4 ms  sim_delay=10.0 ms
>>> [UAV->CLOUD] BLK:2eb7|TX:7.0.0.14|CID:10|TS:19.744|SPD:25.0|HDG:-0.8|PX:474.2|PY:-10....
✓ [CAR 9] ACT=OK REP=0.807 RWD=1.000 PNL=0.000 CREDIT=34
[PASSIVE-BEACON] SIMNOW:19.768 CID:11 ZONE:1 RXUAV:1 EDGEPORT:9998 TS:19.754 SPD:25.400 HDG:0.200 PX:464.600 PY:-20.000 LAN:2 BRK:0 RX_X:0.000 RX_Y:0.000 RX_Z:0.000
[ZONE-ROUTE] CID:11 zone=1 edge_port=9998
[EDGE-RTT] CID:11 wall=1.3 ms  sim_delay=5.0 ms
>>> [UAV->CLOUD] BLK:0e08|TX:7.0.0.15|CID:11|TS:19.754|SPD:25.4|HDG:0.2|PX:464.6|PY:-20.0...
[ECON-CLAWBACK] CID:13 ACT=WARN prior_payoff=-0.4 extra_penalty=1.8 new_payoff=-2.2
[FORGIVENESS] CID:13 WARN #4 — streak reset, benefits revoked
⚠ [CAR 13] ACT=WARN REP=0.893 RWD=0.000 PNL=1.849 CREDIT=-2
[ECON-CLAWBACK] CID:10 ACT=WARN prior_payoff=-39.974 extra_penalty=4.750 new_payoff=-44.825
[FORGIVENESS] CID:10 WARN #16 — streak reset, benefits revoked
⚠ [CAR 10] ACT=WARN REP=0.491 RWD=0.000 PNL=4.851 CREDIT=-2
[PASSIVE-BEACON] SIMNOW:19.778 CID:12 ZONE:1 RXUAV:1 EDGEPORT:9998 TS:19.764 SPD:24.800 HDG:1.300 PX:455.400 PY:-30.000 LAN:3 BRK:1 RX_X:0.000 RX_Y:0.000 RX_Z:0.000
[ZONE-ROUTE] CID:12 zone=1 edge_port=9998
[EDGE-RTT] CID:12 wall=1.3 ms  sim_delay=5.0 ms
>>> [UAV->CLOUD] BLK:90cb|TX:7.0.0.16|CID:12|TS:19.764|SPD:24.8|HDG:1.3|PX:455.4|PY:-30.0...
[ECON-CLAWBACK] CID:11 ACT=WARN prior_payoff=-19.1 extra_penalty=3.5 new_payoff=-22.7
[FORGIVENESS] CID:11 WARN #11 — streak reset, benefits revoked
⚠ [CAR 11] ACT=WARN REP=0.715 RWD=0.000 PNL=3.602 CREDIT=-2
[ECON-CLAWBACK] CID:12 ACT=WARN prior_payoff=-9.500 extra_penalty=2.750 new_payoff=-12.350
[FORGIVENESS] CID:12 WARN #8 — streak reset, benefits revoked
⚠ [CAR 12] ACT=WARN REP=0.687 RWD=0.000 PNL=2.850 CREDIT=-2
[PASSIVE-BEACON] SIMNOW:19.864 CID:4 ZONE:1 RXUAV:1 EDGEPORT:9998 TS:19.850 SPD:20.100 HDG:-0.400 PX:396.600 PY:-50.000 LAN:5 BRK:0 RX_X:0.000 RX_Y:0.000 RX_Z:0.000
[ZONE-ROUTE] CID:4 zone=1 edge_port=9998
[EDGE-RTT] CID:4 wall=1.3 ms  sim_delay=5.0 ms
>>> [UAV->CLOUD] BLK:0943|TX:7.0.0.8|CID:4|TS:19.850|SPD:20.1|HDG:-0.4|PX:396.6|PY:-50.0|...
[PASSIVE-BEACON] SIMNOW:19.864 CID:3 ZONE:1 RXUAV:1 EDGEPORT:9998 TS:19.850 SPD:25.000 HDG:-0.300 PX:406.500 PY:-40.000 LAN:4 BRK:1 RX_X:0.000 RX_Y:0.000 RX_Z:0.000
[ZONE-ROUTE] CID:3 zone=1 edge_port=9998
[EDGE-RTT] CID:3 wall=2.4 ms  sim_delay=5.0 ms
>>> [UAV->CLOUD] BLK:f74c|TX:7.0.0.7|CID:3|TS:19.850|SPD:25.0|HDG:-0.3|PX:406.5|PY:-40.0|...
✓ [CAR 4] ACT=OK REP=1.000 RWD=1.000 PNL=0.000 CREDIT=35
[ECON-CLAWBACK] CID:3 ACT=WARN prior_payoff=-0.416 extra_penalty=1.750 new_payoff=-2.265
[FORGIVENESS] CID:3 WARN #4 — streak reset, benefits revoked
⚠ [CAR 3] ACT=WARN REP=0.733 RWD=0.000 PNL=1.849 CREDIT=-2
[PASSIVE-BEACON] SIMNOW:19.916 CID:8 ZONE:1 RXUAV:1 EDGEPORT:9998 TS:19.902 SPD:25.300 HDG:0.900 PX:427.800 PY:-40.000 LAN:4 BRK:0 RX_X:0.000 RX_Y:0.000 RX_Z:0.000
[ZONE-ROUTE] CID:8 zone=1 edge_port=9998
[EDGE-RTT] CID:8 wall=1.4 ms  sim_delay=5.0 ms
>>> [UAV->CLOUD] BLK:c410|TX:7.0.0.12|CID:8|TS:19.902|SPD:25.3|HDG:0.9|PX:427.8|PY:-40.0|...
[ECON-CLAWBACK] CID:8 ACT=WARN prior_payoff=-2.3 extra_penalty=2.0 new_payoff=-4.4
[FORGIVENESS] CID:8 WARN #5 — streak reset, benefits revoked
⚠ [CAR 8] ACT=WARN REP=0.761 RWD=0.000 PNL=2.102 CREDIT=-2
[PASSIVE-BEACON] SIMNOW:19.954 CID:0 ZONE:1 RXUAV:1 EDGEPORT:9998 TS:19.940 SPD:25.300 HDG:-1.100 PX:439.200 PY:-10.000 LAN:1 BRK:1 RX_X:0.000 RX_Y:0.000 RX_Z:0.000
[ZONE-ROUTE] CID:0 zone=1 edge_port=9998
[EDGE-RTT] CID:0 wall=1.1 ms  sim_delay=10.0 ms
>>> [UAV->CLOUD] BLK:8ef1|TX:7.0.0.4|CID:0|TS:19.940|SPD:25.3|HDG:-1.1|PX:439.2|PY:-10.0|...
[ECON-CLAWBACK] CID:0 ACT=WARN prior_payoff=-44.9 extra_penalty=5.0 new_payoff=-50.0
[FORGIVENESS] CID:0 WARN #17 — streak reset, benefits revoked
⚠ [CAR 0] ACT=WARN REP=0.326 RWD=0.000 PNL=5.102 CREDIT=-2
[PASSIVE-BEACON] SIMNOW:19.996 CID:5 ZONE:1 RXUAV:1 EDGEPORT:9998 TS:19.982 SPD:24.600 HDG:1.900 PX:459.500 PY:-10.000 LAN:1 BRK:0 RX_X:0.000 RX_Y:0.000 RX_Z:0.000
[ZONE-ROUTE] CID:5 zone=1 edge_port=9998
[EDGE-RTT] CID:5 wall=1.1 ms  sim_delay=10.0 ms
>>> [UAV->CLOUD] BLK:172b|TX:7.0.0.9|CID:5|TS:19.982|SPD:24.6|HDG:1.9|PX:459.5|PY:-10.0|L...
[PASSIVE-BEACON] SIMNOW:20.000 CID:17 ZONE:1 RXUAV:1 EDGEPORT:9998 TS:19.986 SPD:24.800 HDG:-0.300 PX:479.800 PY:-30.000 LAN:3 BRK:1 RX_X:0.000 RX_Y:0.000 RX_Z:0.000
[ZONE-ROUTE] CID:17 zone=1 edge_port=9998
[EDGE-RTT] CID:17 wall=1.1 ms  sim_delay=5.0 ms
>>> [UAV->CLOUD] BLK:001b|TX:7.0.0.21|CID:17|TS:19.986|SPD:24.8|HDG:-0.3|PX:479.8|PY:-30....
[ECON-CLAWBACK] CID:5 ACT=WARN prior_payoff=-44.8 extra_penalty=5.0 new_payoff=-49.9
[FORGIVENESS] CID:5 WARN #17 — streak reset, benefits revoked
⚠ [CAR 5] ACT=WARN REP=0.660 RWD=0.000 PNL=5.099 CREDIT=-2
[ECON-CLAWBACK] CID:17 ACT=WARN prior_payoff=-12.483 extra_penalty=3.000 new_payoff=-15.583
[FORGIVENESS] CID:17 WARN #9 — streak reset, benefits revoked
⚠ [CAR 17] ACT=WARN REP=0.964 RWD=0.000 PNL=3.100 CREDIT=-2
[PASSIVE-BEACON] SIMNOW:20.030 CID:18 ZONE:1 RXUAV:1 EDGEPORT:9998 TS:20.016 SPD:25.100 HDG:-0.200 PX:471.200 PY:-40.000 LAN:4 BRK:0 RX_X:0.000 RX_Y:0.000 RX_Z:0.000
[ZONE-ROUTE] CID:18 zone=1 edge_port=9998
[EDGE-RTT] CID:18 wall=1.1 ms  sim_delay=5.0 ms
>>> [UAV->CLOUD] BLK:0ecd|TX:7.0.0.22|CID:18|TS:20.016|SPD:25.1|HDG:-0.2|PX:471.2|PY:-40....
[PASSIVE-BEACON] SIMNOW:20.040 CID:15 ZONE:1 RXUAV:1 EDGEPORT:9998 TS:20.026 SPD:25.200 HDG:-1.800 PX:500.600 PY:-10.000 LAN:1 BRK:1 RX_X:0.000 RX_Y:0.000 RX_Z:0.000
[ZONE-ROUTE] CID:15 zone=1 edge_port=9998
[EDGE-RTT] CID:15 wall=1.0 ms  sim_delay=5.0 ms
>>> [UAV->CLOUD] BLK:5111|TX:7.0.0.19|CID:15|TS:20.026|SPD:25.2|HDG:-1.8|PX:500.6|PY:-10....
[PASSIVE-BEACON] SIMNOW:20.040 CID:16 ZONE:1 RXUAV:1 EDGEPORT:9998 TS:20.026 SPD:25.100 HDG:-1.200 PX:491.100 PY:-20.000 LAN:2 BRK:0 RX_X:0.000 RX_Y:0.000 RX_Z:0.000
[ZONE-ROUTE] CID:16 zone=1 edge_port=9998
[EDGE-RTT] CID:16 wall=2.2 ms  sim_delay=5.0 ms
>>> [UAV->CLOUD] BLK:f6cf|TX:7.0.0.20|CID:16|TS:20.026|SPD:25.1|HDG:-1.2|PX:491.1|PY:-20....
[ECON-CLAWBACK] CID:18 ACT=WARN prior_payoff=-2.3 extra_penalty=2.0 new_payoff=-4.4
[FORGIVENESS] CID:18 WARN #5 — streak reset, benefits revoked
⚠ [CAR 18] ACT=WARN REP=0.999 RWD=0.000 PNL=2.102 CREDIT=-2
[ECON-CLAWBACK] CID:15 ACT=WARN prior_payoff=-44.667 extra_penalty=5.000 new_payoff=-49.769
[FORGIVENESS] CID:15 WARN #17 — streak reset, benefits revoked
⚠ [CAR 15] ACT=WARN REP=0.459 RWD=0.000 PNL=5.102 CREDIT=-2
[ECON-CLAWBACK] CID:16 ACT=WARN prior_payoff=-22.610 extra_penalty=3.750 new_payoff=-26.462
[FORGIVENESS] CID:16 WARN #12 — streak reset, benefits revoked
⚠ [CAR 16] ACT=WARN REP=0.545 RWD=0.000 PNL=3.852 CREDIT=-2
[PASSIVE-BEACON] SIMNOW:20.136 CID:7 ZONE:1 RXUAV:1 EDGEPORT:9998 TS:20.122 SPD:25.000 HDG:0.800 PX:443.300 PY:-30.000 LAN:3 BRK:1 RX_X:0.000 RX_Y:0.000 RX_Z:0.000
[ZONE-ROUTE] CID:7 zone=1 edge_port=9998
[EDGE-RTT] CID:7 wall=1.4 ms  sim_delay=5.0 ms
>>> [UAV->CLOUD] BLK:5db7|TX:7.0.0.11|CID:7|TS:20.122|SPD:25.0|HDG:0.8|PX:443.3|PY:-30.0|...
[ECON-CLAWBACK] CID:7 ACT=WARN prior_payoff=-12.4 extra_penalty=3.0 new_payoff=-15.5
[FORGIVENESS] CID:7 WARN #9 — streak reset, benefits revoked
⚠ [CAR 7] ACT=WARN REP=0.672 RWD=0.000 PNL=3.101 CREDIT=-2
[PASSIVE-BEACON] SIMNOW:20.179 CID:14 ZONE:1 RXUAV:1 EDGEPORT:9998 TS:20.164 SPD:24.700 HDG:0.300 PX:444.000 PY:-50.000 LAN:5 BRK:1 RX_X:0.000 RX_Y:0.000 RX_Z:0.000
[ZONE-ROUTE] CID:14 zone=1 edge_port=9998
[EDGE-RTT] CID:14 wall=1.3 ms  sim_delay=5.0 ms
>>> [UAV->CLOUD] BLK:185b|TX:7.0.0.18|CID:14|TS:20.164|SPD:24.7|HDG:0.3|PX:444.0|PY:-50.0...
[PASSIVE-BEACON] SIMNOW:20.186 CID:6 ZONE:1 RXUAV:1 EDGEPORT:9998 TS:20.172 SPD:25.100 HDG:-1.100 PX:454.500 PY:-20.000 LAN:2 BRK:1 RX_X:0.000 RX_Y:0.000 RX_Z:0.000
[ZONE-ROUTE] CID:6 zone=1 edge_port=9998
[EDGE-RTT] CID:6 wall=1.1 ms  sim_delay=5.0 ms
>>> [UAV->CLOUD] BLK:4120|TX:7.0.0.10|CID:6|TS:20.172|SPD:25.1|HDG:-1.1|PX:454.5|PY:-20.0...
✓ [CAR 14] ACT=OK REP=0.752 RWD=0.850 PNL=0.000 CREDIT=36
[ECON-CLAWBACK] CID:6 ACT=WARN prior_payoff=-22.607 extra_penalty=3.750 new_payoff=-26.459
[FORGIVENESS] CID:6 WARN #12 — streak reset, benefits revoked
⚠ [CAR 6] ACT=WARN REP=0.332 RWD=0.000 PNL=3.852 CREDIT=-2
[PASSIVE-BEACON] SIMNOW:20.210 CID:19 ZONE:1 RXUAV:1 EDGEPORT:9998 TS:20.196 SPD:24.900 HDG:1.600 PX:464.900 PY:-50.000 LAN:5 BRK:1 RX_X:0.000 RX_Y:0.000 RX_Z:0.000
[ZONE-ROUTE] CID:19 zone=1 edge_port=9998
[EDGE-RTT] CID:19 wall=1.3 ms  sim_delay=5.0 ms
>>> [UAV->CLOUD] BLK:a601|TX:7.0.0.23|CID:19|TS:20.196|SPD:24.9|HDG:1.6|PX:464.9|PY:-50.0...
[ECON-CLAWBACK] CID:19 ACT=WARN prior_payoff=39.0 extra_penalty=30.2 new_payoff=8.7
[TRUST-REVOKED] CID:19 benefits revoked logically; lane=5 speed=20.0 latency=10.0ms
[FORGIVENESS] CID:19 WARN #1 — streak reset, benefits revoked
⚠ [CAR 19] ACT=WARN REP=0.944 RWD=0.000 PNL=30.322 CREDIT=34
[PASSIVE-BEACON] SIMNOW:20.246 CID:9 ZONE:1 RXUAV:1 EDGEPORT:9998 TS:20.232 SPD:24.800 HDG:-0.100 PX:426.700 PY:-50.000 LAN:5 BRK:0 RX_X:0.000 RX_Y:0.000 RX_Z:0.000
[ZONE-ROUTE] CID:9 zone=1 edge_port=9998
[EDGE-RTT] CID:9 wall=5.7 ms  sim_delay=5.0 ms
>>> [UAV->CLOUD] BLK:6a57|TX:7.0.0.13|CID:9|TS:20.232|SPD:24.8|HDG:-0.1|PX:426.7|PY:-50.0...
[PASSIVE-BEACON] SIMNOW:20.256 CID:10 ZONE:1 RXUAV:1 EDGEPORT:9998 TS:20.244 SPD:24.800 HDG:-0.900 PX:486.500 PY:-10.000 LAN:1 BRK:0 RX_X:0.000 RX_Y:0.000 RX_Z:0.000
[ZONE-ROUTE] CID:10 zone=1 edge_port=9998
[EDGE-RTT] CID:10 wall=1.3 ms  sim_delay=10.0 ms
>>> [UAV->CLOUD] BLK:06cf|TX:7.0.0.14|CID:10|TS:20.244|SPD:24.8|HDG:-0.9|PX:486.5|PY:-10....
[PASSIVE-BEACON] SIMNOW:20.257 CID:13 ZONE:1 RXUAV:1 EDGEPORT:9998 TS:20.244 SPD:25.400 HDG:-1.900 PX:456.000 PY:-40.000 LAN:4 BRK:0 RX_X:0.000 RX_Y:0.000 RX_Z:0.000
[ZONE-ROUTE] CID:13 zone=1 edge_port=9998
[EDGE-RTT] CID:13 wall=1.6 ms  sim_delay=5.0 ms
>>> [UAV->CLOUD] BLK:7cb8|TX:7.0.0.17|CID:13|TS:20.244|SPD:25.4|HDG:-1.9|PX:456.0|PY:-40....
[ECON-CLAWBACK] CID:9 ACT=WARN prior_payoff=38.0 extra_penalty=29.5 new_payoff=8.4
[TRUST-REVOKED] CID:9 benefits revoked logically; lane=5 speed=20.0 latency=10.0ms
[FORGIVENESS] CID:9 WARN #1 — streak reset, benefits revoked
⚠ [CAR 9] ACT=WARN REP=1.000 RWD=0.000 PNL=29.572 CREDIT=33
[PASSIVE-BEACON] SIMNOW:20.268 CID:11 ZONE:1 RXUAV:1 EDGEPORT:9998 TS:20.254 SPD:24.800 HDG:0.300 PX:476.500 PY:-20.000 LAN:2 BRK:1 RX_X:0.000 RX_Y:0.000 RX_Z:0.000
[ZONE-ROUTE] CID:11 zone=1 edge_port=9998
[EDGE-RTT] CID:11 wall=1.2 ms  sim_delay=5.0 ms
>>> [UAV->CLOUD] BLK:02ad|TX:7.0.0.15|CID:11|TS:20.254|SPD:24.8|HDG:0.3|PX:476.5|PY:-20.0...
[ECON-CLAWBACK] CID:10 ACT=WARN prior_payoff=-44.8 extra_penalty=5.0 new_payoff=-49.9
[FORGIVENESS] CID:10 WARN #17 — streak reset, benefits revoked
⚠ [CAR 10] ACT=WARN REP=0.600 RWD=0.000 PNL=5.100 CREDIT=-2
[ECON-CLAWBACK] CID:13 ACT=WARN prior_payoff=-2.201 extra_penalty=2.000 new_payoff=-4.303
[FORGIVENESS] CID:13 WARN #5 — streak reset, benefits revoked
⚠ [CAR 13] ACT=WARN REP=0.921 RWD=0.000 PNL=2.102 CREDIT=-2
[PASSIVE-BEACON] SIMNOW:20.278 CID:12 ZONE:1 RXUAV:1 EDGEPORT:9998 TS:20.264 SPD:25.400 HDG:-1.500 PX:467.200 PY:-30.000 LAN:3 BRK:0 RX_X:0.000 RX_Y:0.000 RX_Z:0.000
[ZONE-ROUTE] CID:12 zone=1 edge_port=9998
[EDGE-RTT] CID:12 wall=1.0 ms  sim_delay=5.0 ms
>>> [UAV->CLOUD] BLK:f78a|TX:7.0.0.16|CID:12|TS:20.264|SPD:25.4|HDG:-1.5|PX:467.2|PY:-30....
[ECON-CLAWBACK] CID:11 ACT=WARN prior_payoff=-22.7 extra_penalty=3.8 new_payoff=-26.5
[FORGIVENESS] CID:11 WARN #12 — streak reset, benefits revoked
⚠ [CAR 11] ACT=WARN REP=0.849 RWD=0.000 PNL=3.851 CREDIT=-2
[ECON-CLAWBACK] CID:12 ACT=WARN prior_payoff=-12.350 extra_penalty=3.000 new_payoff=-15.452
[FORGIVENESS] CID:12 WARN #9 — streak reset, benefits revoked
⚠ [CAR 12] ACT=WARN REP=0.832 RWD=0.000 PNL=3.102 CREDIT=-2
[PASSIVE-BEACON] SIMNOW:20.364 CID:4 ZONE:1 RXUAV:1 EDGEPORT:9998 TS:20.350 SPD:24.500 HDG:0.400 PX:408.600 PY:-50.000 LAN:5 BRK:0 RX_X:0.000 RX_Y:0.000 RX_Z:0.000
[ZONE-ROUTE] CID:4 zone=1 edge_port=9998
[EDGE-RTT] CID:4 wall=1.5 ms  sim_delay=5.0 ms
>>> [UAV->CLOUD] BLK:1020|TX:7.0.0.8|CID:4|TS:20.350|SPD:24.5|HDG:0.4|PX:408.6|PY:-50.0|L...
[PASSIVE-BEACON] SIMNOW:20.364 CID:3 ZONE:1 RXUAV:1 EDGEPORT:9998 TS:20.350 SPD:24.700 HDG:1.900 PX:419.600 PY:-40.000 LAN:4 BRK:0 RX_X:0.000 RX_Y:0.000 RX_Z:0.000
[ZONE-ROUTE] CID:3 zone=1 edge_port=9998
[EDGE-RTT] CID:3 wall=2.7 ms  sim_delay=5.0 ms
>>> [UAV->CLOUD] BLK:583c|TX:7.0.0.7|CID:3|TS:20.350|SPD:24.7|HDG:1.9|PX:419.6|PY:-40.0|L...
✓ [CAR 4] ACT=OK REP=1.000 RWD=0.853 PNL=0.000 CREDIT=36
[ECON-CLAWBACK] CID:3 ACT=WARN prior_payoff=-2.265 extra_penalty=2.000 new_payoff=-4.365
[FORGIVENESS] CID:3 WARN #5 — streak reset, benefits revoked
⚠ [CAR 3] ACT=WARN REP=0.852 RWD=0.000 PNL=2.100 CREDIT=-2
[PASSIVE-BEACON] SIMNOW:20.416 CID:8 ZONE:1 RXUAV:1 EDGEPORT:9998 TS:20.402 SPD:25.300 HDG:0.000 PX:440.900 PY:-40.000 LAN:4 BRK:0 RX_X:0.000 RX_Y:0.000 RX_Z:0.000
[ZONE-ROUTE] CID:8 zone=1 edge_port=9998
[EDGE-RTT] CID:8 wall=1.3 ms  sim_delay=5.0 ms
>>> [UAV->CLOUD] BLK:ed59|TX:7.0.0.12|CID:8|TS:20.402|SPD:25.3|HDG:0.0|PX:440.9|PY:-40.0|...
[ECON-CLAWBACK] CID:8 ACT=WARN prior_payoff=-4.4 extra_penalty=2.2 new_payoff=-6.8
[FORGIVENESS] CID:8 WARN #6 — streak reset, benefits revoked
⚠ [CAR 8] ACT=WARN REP=1.000 RWD=0.000 PNL=2.352 CREDIT=-2
[PASSIVE-BEACON] SIMNOW:20.454 CID:0 ZONE:1 RXUAV:1 EDGEPORT:9998 TS:20.440 SPD:25.200 HDG:1.600 PX:451.300 PY:-10.000 LAN:1 BRK:0 RX_X:0.000 RX_Y:0.000 RX_Z:0.000
[ZONE-ROUTE] CID:0 zone=1 edge_port=9998
[EDGE-RTT] CID:0 wall=1.1 ms  sim_delay=10.0 ms
>>> [UAV->CLOUD] BLK:ccba|TX:7.0.0.4|CID:0|TS:20.440|SPD:25.2|HDG:1.6|PX:451.3|PY:-10.0|L...
[ECON-CLAWBACK] CID:0 ACT=WARN prior_payoff=-50.0 extra_penalty=5.2 new_payoff=-55.3
[FORGIVENESS] CID:0 WARN #18 — streak reset, benefits revoked
⚠ [CAR 0] ACT=WARN REP=0.373 RWD=0.000 PNL=5.352 CREDIT=-2
[PASSIVE-BEACON] SIMNOW:20.496 CID:5 ZONE:1 RXUAV:1 EDGEPORT:9998 TS:20.482 SPD:24.700 HDG:1.600 PX:472.600 PY:-10.000 LAN:1 BRK:0 RX_X:0.000 RX_Y:0.000 RX_Z:0.000
[ZONE-ROUTE] CID:5 zone=1 edge_port=9998
[EDGE-RTT] CID:5 wall=1.2 ms  sim_delay=10.0 ms
>>> [UAV->CLOUD] BLK:bba3|TX:7.0.0.9|CID:5|TS:20.482|SPD:24.7|HDG:1.6|PX:472.6|PY:-10.0|L...
[PASSIVE-BEACON] SIMNOW:20.500 CID:17 ZONE:1 RXUAV:1 EDGEPORT:9998 TS:20.486 SPD:24.500 HDG:-1.100 PX:492.000 PY:-30.000 LAN:3 BRK:1 RX_X:0.000 RX_Y:0.000 RX_Z:0.000
[ZONE-ROUTE] CID:17 zone=1 edge_port=9998
[EDGE-RTT] CID:17 wall=1.3 ms  sim_delay=5.0 ms
>>> [UAV->CLOUD] BLK:fb58|TX:7.0.0.21|CID:17|TS:20.486|SPD:24.5|HDG:-1.1|PX:492.0|PY:-30....
[ECON-CLAWBACK] CID:5 ACT=WARN prior_payoff=-49.9 extra_penalty=5.2 new_payoff=-55.3
[FORGIVENESS] CID:5 WARN #18 — streak reset, benefits revoked
⚠ [CAR 5] ACT=WARN REP=0.740 RWD=0.000 PNL=5.350 CREDIT=-2
[ECON-CLAWBACK] CID:17 ACT=WARN prior_payoff=-15.583 extra_penalty=3.250 new_payoff=-18.932
[FORGIVENESS] CID:17 WARN #10 — streak reset, benefits revoked
⚠ [CAR 17] ACT=WARN REP=0.663 RWD=0.000 PNL=3.349 CREDIT=-2
[PASSIVE-BEACON] SIMNOW:20.530 CID:18 ZONE:1 RXUAV:1 EDGEPORT:9998 TS:20.516 SPD:25.400 HDG:-1.800 PX:482.800 PY:-40.000 LAN:4 BRK:0 RX_X:0.000 RX_Y:0.000 RX_Z:0.000
[ZONE-ROUTE] CID:18 zone=1 edge_port=9998
[EDGE-RTT] CID:18 wall=1.0 ms  sim_delay=5.0 ms
>>> [UAV->CLOUD] BLK:94b2|TX:7.0.0.22|CID:18|TS:20.516|SPD:25.4|HDG:-1.8|PX:482.8|PY:-40....
[PASSIVE-BEACON] SIMNOW:20.540 CID:15 ZONE:1 RXUAV:1 EDGEPORT:9998 TS:20.526 SPD:24.800 HDG:0.400 PX:513.900 PY:-10.000 LAN:1 BRK:0 RX_X:0.000 RX_Y:0.000 RX_Z:0.000
[ZONE-ROUTE] CID:15 zone=1 edge_port=9998
[EDGE-RTT] CID:15 wall=1.1 ms  sim_delay=5.0 ms
>>> [UAV->CLOUD] BLK:97a7|TX:7.0.0.19|CID:15|TS:20.526|SPD:24.8|HDG:0.4|PX:513.9|PY:-10.0...
[PASSIVE-BEACON] SIMNOW:20.540 CID:16 ZONE:1 RXUAV:1 EDGEPORT:9998 TS:20.526 SPD:24.900 HDG:0.900 PX:503.700 PY:-20.000 LAN:2 BRK:0 RX_X:0.000 RX_Y:0.000 RX_Z:0.000
[ZONE-ROUTE] CID:16 zone=1 edge_port=9998
[EDGE-RTT] CID:16 wall=3.6 ms  sim_delay=5.0 ms
>>> [UAV->CLOUD] BLK:ee88|TX:7.0.0.20|CID:16|TS:20.526|SPD:24.9|HDG:0.9|PX:503.7|PY:-20.0...
[ECON-CLAWBACK] CID:18 ACT=WARN prior_payoff=-4.4 extra_penalty=2.2 new_payoff=-6.7
[FORGIVENESS] CID:18 WARN #6 — streak reset, benefits revoked
⚠ [CAR 18] ACT=WARN REP=1.000 RWD=0.000 PNL=2.352 CREDIT=-2
[ECON-CLAWBACK] CID:15 ACT=WARN prior_payoff=-49.769 extra_penalty=5.250 new_payoff=-55.120
[FORGIVENESS] CID:15 WARN #18 — streak reset, benefits revoked
⚠ [CAR 15] ACT=WARN REP=0.535 RWD=0.000 PNL=5.351 CREDIT=-2
[ECON-CLAWBACK] CID:16 ACT=WARN prior_payoff=-26.462 extra_penalty=4.000 new_payoff=-30.563
[FORGIVENESS] CID:16 WARN #13 — streak reset, benefits revoked
⚠ [CAR 16] ACT=WARN REP=0.621 RWD=0.000 PNL=4.101 CREDIT=-2
[PASSIVE-BEACON] SIMNOW:20.636 CID:7 ZONE:1 RXUAV:1 EDGEPORT:9998 TS:20.622 SPD:24.900 HDG:1.600 PX:456.700 PY:-30.000 LAN:3 BRK:0 RX_X:0.000 RX_Y:0.000 RX_Z:0.000
[ZONE-ROUTE] CID:7 zone=1 edge_port=9998
[EDGE-RTT] CID:7 wall=1.2 ms  sim_delay=5.0 ms
>>> [UAV->CLOUD] BLK:0159|TX:7.0.0.11|CID:7|TS:20.622|SPD:24.9|HDG:1.6|PX:456.7|PY:-30.0|...
[ECON-CLAWBACK] CID:7 ACT=WARN prior_payoff=-15.5 extra_penalty=3.2 new_payoff=-18.8
[FORGIVENESS] CID:7 WARN #10 — streak reset, benefits revoked
⚠ [CAR 7] ACT=WARN REP=0.661 RWD=0.000 PNL=3.351 CREDIT=-2
[PASSIVE-BEACON] SIMNOW:20.678 CID:14 ZONE:1 RXUAV:1 EDGEPORT:9998 TS:20.664 SPD:24.900 HDG:1.400 PX:457.000 PY:-50.000 LAN:5 BRK:0 RX_X:0.000 RX_Y:0.000 RX_Z:0.000
[ZONE-ROUTE] CID:14 zone=1 edge_port=9998
[EDGE-RTT] CID:14 wall=1.1 ms  sim_delay=5.0 ms
>>> [UAV->CLOUD] BLK:a50f|TX:7.0.0.18|CID:14|TS:20.664|SPD:24.9|HDG:1.4|PX:457.0|PY:-50.0...
[PASSIVE-BEACON] SIMNOW:20.686 CID:6 ZONE:1 RXUAV:1 EDGEPORT:9998 TS:20.672 SPD:25.400 HDG:1.400 PX:467.000 PY:-20.000 LAN:2 BRK:0 RX_X:0.000 RX_Y:0.000 RX_Z:0.000
[ZONE-ROUTE] CID:6 zone=1 edge_port=9998
[EDGE-RTT] CID:6 wall=1.0 ms  sim_delay=5.0 ms
>>> [UAV->CLOUD] BLK:e0be|TX:7.0.0.10|CID:6|TS:20.672|SPD:25.4|HDG:1.4|PX:467.0|PY:-20.0|...
[ECON-CLAWBACK] CID:14 ACT=WARN prior_payoff=39.8 extra_penalty=30.9 new_payoff=8.9
[TRUST-REVOKED] CID:14 benefits revoked logically; lane=5 speed=20.0 latency=10.0ms
[FORGIVENESS] CID:14 WARN #1 — streak reset, benefits revoked
⚠ [CAR 14] ACT=WARN REP=1.000 RWD=0.000 PNL=30.959 CREDIT=35
[ECON-CLAWBACK] CID:6 ACT=WARN prior_payoff=-26.459 extra_penalty=4.000 new_payoff=-30.561
[FORGIVENESS] CID:6 WARN #13 — streak reset, benefits revoked
⚠ [CAR 6] ACT=WARN REP=0.487 RWD=0.000 PNL=4.102 CREDIT=-2
[PASSIVE-BEACON] SIMNOW:20.710 CID:19 ZONE:1 RXUAV:1 EDGEPORT:9998 TS:20.696 SPD:25.400 HDG:-0.400 PX:477.600 PY:-50.000 LAN:5 BRK:0 RX_X:0.000 RX_Y:0.000 RX_Z:0.000
[ZONE-ROUTE] CID:19 zone=1 edge_port=9998
[EDGE-RTT] CID:19 wall=1.3 ms  sim_delay=5.0 ms
>>> [UAV->CLOUD] BLK:c61f|TX:7.0.0.23|CID:19|TS:20.696|SPD:25.4|HDG:-0.4|PX:477.6|PY:-50....
[ECON-CLAWBACK] CID:19 ACT=WARN prior_payoff=8.7 extra_penalty=5.6 new_payoff=3.0
[FORGIVENESS] CID:19 WARN #2 — streak reset, benefits revoked
⚠ [CAR 19] ACT=WARN REP=0.806 RWD=0.000 PNL=5.684 CREDIT=-2
[PASSIVE-BEACON] SIMNOW:20.746 CID:9 ZONE:1 RXUAV:1 EDGEPORT:9998 TS:20.732 SPD:25.400 HDG:-1.500 PX:438.500 PY:-50.000 LAN:5 BRK:1 RX_X:0.000 RX_Y:0.000 RX_Z:0.000
[ZONE-ROUTE] CID:9 zone=1 edge_port=9998
[EDGE-RTT] CID:9 wall=1.1 ms  sim_delay=5.0 ms
>>> [UAV->CLOUD] BLK:4174|TX:7.0.0.13|CID:9|TS:20.732|SPD:25.4|HDG:-1.5|PX:438.5|PY:-50.0...
[PASSIVE-BEACON] SIMNOW:20.758 CID:13 ZONE:1 RXUAV:1 EDGEPORT:9998 TS:20.744 SPD:24.900 HDG:1.600 PX:468.500 PY:-40.000 LAN:4 BRK:0 RX_X:0.000 RX_Y:0.000 RX_Z:0.000
[ZONE-ROUTE] CID:13 zone=1 edge_port=9998
[EDGE-RTT] CID:13 wall=1.1 ms  sim_delay=5.0 ms
>>> [UAV->CLOUD] BLK:8115|TX:7.0.0.17|CID:13|TS:20.744|SPD:24.9|HDG:1.6|PX:468.5|PY:-40.0...
[PASSIVE-BEACON] SIMNOW:20.758 CID:10 ZONE:1 RXUAV:1 EDGEPORT:9998 TS:20.744 SPD:25.100 HDG:1.100 PX:498.600 PY:-10.000 LAN:1 BRK:0 RX_X:0.000 RX_Y:0.000 RX_Z:0.000
[ZONE-ROUTE] CID:10 zone=1 edge_port=9998
[EDGE-RTT] CID:10 wall=3.9 ms  sim_delay=10.0 ms
>>> [UAV->CLOUD] BLK:d1d9|TX:7.0.0.14|CID:10|TS:20.744|SPD:25.1|HDG:1.1|PX:498.6|PY:-10.0...
[ECON-CLAWBACK] CID:9 ACT=WARN prior_payoff=8.4 extra_penalty=5.5 new_payoff=2.9
[FORGIVENESS] CID:9 WARN #2 — streak reset, benefits revoked
⚠ [CAR 9] ACT=WARN REP=1.000 RWD=0.000 PNL=5.559 CREDIT=-2
[PASSIVE-BEACON] SIMNOW:20.768 CID:11 ZONE:1 RXUAV:1 EDGEPORT:9998 TS:20.754 SPD:25.500 HDG:-1.300 PX:489.200 PY:-20.000 LAN:2 BRK:0 RX_X:0.000 RX_Y:0.000 RX_Z:0.000
[ZONE-ROUTE] CID:11 zone=1 edge_port=9998
[EDGE-RTT] CID:11 wall=1.3 ms  sim_delay=5.0 ms
>>> [UAV->CLOUD] BLK:4e47|TX:7.0.0.15|CID:11|TS:20.754|SPD:25.5|HDG:-1.3|PX:489.2|PY:-20....
[ECON-CLAWBACK] CID:13 ACT=WARN prior_payoff=-4.3 extra_penalty=2.2 new_payoff=-6.7
[FORGIVENESS] CID:13 WARN #6 — streak reset, benefits revoked
⚠ [CAR 13] ACT=WARN REP=0.510 RWD=0.000 PNL=2.351 CREDIT=-2
[ECON-CLAWBACK] CID:10 ACT=WARN prior_payoff=-49.925 extra_penalty=5.250 new_payoff=-55.277
[FORGIVENESS] CID:10 WARN #18 — streak reset, benefits revoked
⚠ [CAR 10] ACT=WARN REP=0.720 RWD=0.000 PNL=5.352 CREDIT=-2
[PASSIVE-BEACON] SIMNOW:20.778 CID:12 ZONE:1 RXUAV:1 EDGEPORT:9998 TS:20.764 SPD:25.200 HDG:1.700 PX:479.200 PY:-30.000 LAN:3 BRK:0 RX_X:0.000 RX_Y:0.000 RX_Z:0.000
[ZONE-ROUTE] CID:12 zone=1 edge_port=9998
[EDGE-RTT] CID:12 wall=1.1 ms  sim_delay=5.0 ms
>>> [UAV->CLOUD] BLK:bffd|TX:7.0.0.16|CID:12|TS:20.764|SPD:25.2|HDG:1.7|PX:479.2|PY:-30.0...
[ECON-CLAWBACK] CID:11 ACT=WARN prior_payoff=-26.5 extra_penalty=4.0 new_payoff=-30.6
[FORGIVENESS] CID:11 WARN #13 — streak reset, benefits revoked
⚠ [CAR 11] ACT=WARN REP=0.559 RWD=0.000 PNL=4.103 CREDIT=-2
[ECON-CLAWBACK] CID:12 ACT=WARN prior_payoff=-15.452 extra_penalty=3.250 new_payoff=-18.804
[FORGIVENESS] CID:12 WARN #10 — streak reset, benefits revoked
⚠ [CAR 12] ACT=WARN REP=0.818 RWD=0.000 PNL=3.352 CREDIT=-2
[PASSIVE-BEACON] SIMNOW:20.864 CID:4 ZONE:1 RXUAV:1 EDGEPORT:9998 TS:20.850 SPD:25.200 HDG:-2.000 PX:422.300 PY:-50.000 LAN:5 BRK:0 RX_X:0.000 RX_Y:0.000 RX_Z:0.000
[ZONE-ROUTE] CID:4 zone=1 edge_port=9998
[EDGE-RTT] CID:4 wall=1.4 ms  sim_delay=5.0 ms
>>> [UAV->CLOUD] BLK:52d0|TX:7.0.0.8|CID:4|TS:20.850|SPD:25.2|HDG:-2.0|PX:422.3|PY:-50.0|...
[PASSIVE-BEACON] SIMNOW:20.864 CID:3 ZONE:1 RXUAV:1 EDGEPORT:9998 TS:20.850 SPD:24.700 HDG:-0.700 PX:432.100 PY:-40.000 LAN:4 BRK:0 RX_X:0.000 RX_Y:0.000 RX_Z:0.000
[ZONE-ROUTE] CID:3 zone=1 edge_port=9998
[EDGE-RTT] CID:3 wall=3.2 ms  sim_delay=5.0 ms
>>> [UAV->CLOUD] BLK:87e7|TX:7.0.0.7|CID:3|TS:20.850|SPD:24.7|HDG:-0.7|PX:432.1|PY:-40.0|...
[ECON-CLAWBACK] CID:4 ACT=WARN prior_payoff=39.8 extra_penalty=30.9 new_payoff=8.9
[TRUST-REVOKED] CID:4 benefits revoked logically; lane=5 speed=20.0 latency=10.0ms
[FORGIVENESS] CID:4 WARN #1 — streak reset, benefits revoked
⚠ [CAR 4] ACT=WARN REP=0.653 RWD=0.000 PNL=30.966 CREDIT=35
[ECON-CLAWBACK] CID:3 ACT=WARN prior_payoff=-4.365 extra_penalty=2.250 new_payoff=-6.715
[FORGIVENESS] CID:3 WARN #6 — streak reset, benefits revoked
⚠ [CAR 3] ACT=WARN REP=0.847 RWD=0.000 PNL=2.350 CREDIT=-2
[PASSIVE-BEACON] SIMNOW:20.916 CID:8 ZONE:1 RXUAV:1 EDGEPORT:9998 TS:20.902 SPD:24.600 HDG:-1.500 PX:453.400 PY:-40.000 LAN:4 BRK:0 RX_X:0.000 RX_Y:0.000 RX_Z:0.000
[ZONE-ROUTE] CID:8 zone=1 edge_port=9998
[EDGE-RTT] CID:8 wall=1.3 ms  sim_delay=5.0 ms
>>> [UAV->CLOUD] BLK:c49e|TX:7.0.0.12|CID:8|TS:20.902|SPD:24.6|HDG:-1.5|PX:453.4|PY:-40.0...
[ECON-CLAWBACK] CID:8 ACT=WARN prior_payoff=-6.8 extra_penalty=2.5 new_payoff=-9.4
[FORGIVENESS] CID:8 WARN #7 — streak reset, benefits revoked
⚠ [CAR 8] ACT=WARN REP=0.634 RWD=0.000 PNL=2.600 CREDIT=-2
[PASSIVE-BEACON] SIMNOW:20.954 CID:0 ZONE:1 RXUAV:1 EDGEPORT:9998 TS:20.940 SPD:25.200 HDG:-0.400 PX:464.400 PY:-10.000 LAN:1 BRK:0 RX_X:0.000 RX_Y:0.000 RX_Z:0.000
[ZONE-ROUTE] CID:0 zone=1 edge_port=9998
[EDGE-RTT] CID:0 wall=1.1 ms  sim_delay=10.0 ms
>>> [UAV->CLOUD] BLK:9389|TX:7.0.0.4|CID:0|TS:20.940|SPD:25.2|HDG:-0.4|PX:464.4|PY:-10.0|...
[ECON-CLAWBACK] CID:0 ACT=WARN prior_payoff=-55.3 extra_penalty=5.5 new_payoff=-60.9
[FORGIVENESS] CID:0 WARN #19 — streak reset, benefits revoked
⚠ [CAR 0] ACT=WARN REP=0.406 RWD=0.000 PNL=5.602 CREDIT=-2
[PASSIVE-BEACON] SIMNOW:20.995 CID:5 ZONE:1 RXUAV:1 EDGEPORT:9998 TS:20.982 SPD:24.700 HDG:0.200 PX:484.700 PY:-10.000 LAN:1 BRK:0 RX_X:0.000 RX_Y:0.000 RX_Z:0.000
[ZONE-ROUTE] CID:5 zone=1 edge_port=9998
[EDGE-RTT] CID:5 wall=1.1 ms  sim_delay=10.0 ms
>>> [UAV->CLOUD] BLK:13cb|TX:7.0.0.9|CID:5|TS:20.982|SPD:24.7|HDG:0.2|PX:484.7|PY:-10.0|L...
[PASSIVE-BEACON] SIMNOW:21.000 CID:17 ZONE:1 RXUAV:1 EDGEPORT:9998 TS:20.986 SPD:25.000 HDG:-1.400 PX:505.200 PY:-30.000 LAN:3 BRK:0 RX_X:0.000 RX_Y:0.000 RX_Z:0.000
[ZONE-ROUTE] CID:17 zone=1 edge_port=9998
[EDGE-RTT] CID:17 wall=0.8 ms  sim_delay=5.0 ms
>>> [UAV->CLOUD] BLK:62f7|TX:7.0.0.21|CID:17|TS:20.986|SPD:25.0|HDG:-1.4|PX:505.2|PY:-30....
[ECON-CLAWBACK] CID:5 ACT=WARN prior_payoff=-55.3 extra_penalty=5.5 new_payoff=-60.9
[FORGIVENESS] CID:5 WARN #19 — streak reset, benefits revoked
⚠ [CAR 5] ACT=WARN REP=0.337 RWD=0.000 PNL=5.599 CREDIT=-2
[ECON-CLAWBACK] CID:17 ACT=WARN prior_payoff=-18.932 extra_penalty=3.500 new_payoff=-22.533
[FORGIVENESS] CID:17 WARN #11 — streak reset, benefits revoked
⚠ [CAR 17] ACT=WARN REP=0.440 RWD=0.000 PNL=3.601 CREDIT=-2
[PASSIVE-BEACON] SIMNOW:21.030 CID:18 ZONE:1 RXUAV:1 EDGEPORT:9998 TS:21.016 SPD:25.000 HDG:0.900 PX:496.300 PY:-40.000 LAN:4 BRK:0 RX_X:0.000 RX_Y:0.000 RX_Z:0.000
[ZONE-ROUTE] CID:18 zone=1 edge_port=9998
[EDGE-RTT] CID:18 wall=1.2 ms  sim_delay=5.0 ms
>>> [UAV->CLOUD] BLK:f205|TX:7.0.0.22|CID:18|TS:21.016|SPD:25.0|HDG:0.9|PX:496.3|PY:-40.0...
[PASSIVE-BEACON] SIMNOW:21.041 CID:15 ZONE:1 RXUAV:1 EDGEPORT:9998 TS:21.026 SPD:25.000 HDG:0.700 PX:526.000 PY:-10.000 LAN:1 BRK:0 RX_X:0.000 RX_Y:0.000 RX_Z:0.000
[ZONE-ROUTE] CID:15 zone=1 edge_port=9998
[EDGE-RTT] CID:15 wall=0.9 ms  sim_delay=5.0 ms
>>> [UAV->CLOUD] BLK:8e9b|TX:7.0.0.19|CID:15|TS:21.026|SPD:25.0|HDG:0.7|PX:526.0|PY:-10.0...
[PASSIVE-BEACON] SIMNOW:21.041 CID:16 ZONE:1 RXUAV:1 EDGEPORT:9998 TS:21.026 SPD:25.100 HDG:0.700 PX:516.900 PY:-20.000 LAN:2 BRK:0 RX_X:0.000 RX_Y:0.000 RX_Z:0.000
[ZONE-ROUTE] CID:16 zone=1 edge_port=9998
[EDGE-RTT] CID:16 wall=3.0 ms  sim_delay=5.0 ms
>>> [UAV->CLOUD] BLK:2764|TX:7.0.0.20|CID:16|TS:21.026|SPD:25.1|HDG:0.7|PX:516.9|PY:-20.0...
[ECON-CLAWBACK] CID:18 ACT=WARN prior_payoff=-6.7 extra_penalty=2.5 new_payoff=-9.3
[FORGIVENESS] CID:18 WARN #7 — streak reset, benefits revoked
⚠ [CAR 18] ACT=WARN REP=0.887 RWD=0.000 PNL=2.601 CREDIT=-2
[ECON-CLAWBACK] CID:15 ACT=WARN prior_payoff=-55.120 extra_penalty=5.500 new_payoff=-60.721
[FORGIVENESS] CID:15 WARN #19 — streak reset, benefits revoked
⚠ [CAR 15] ACT=WARN REP=0.668 RWD=0.000 PNL=5.601 CREDIT=-2
[ECON-CLAWBACK] CID:16 ACT=WARN prior_payoff=-30.563 extra_penalty=4.250 new_payoff=-34.915
[FORGIVENESS] CID:16 WARN #14 — streak reset, benefits revoked
⚠ [CAR 16] ACT=WARN REP=0.582 RWD=0.000 PNL=4.352 CREDIT=-2
[PASSIVE-BEACON] SIMNOW:21.136 CID:7 ZONE:1 RXUAV:1 EDGEPORT:9998 TS:21.122 SPD:25.200 HDG:0.400 PX:469.000 PY:-30.000 LAN:3 BRK:0 RX_X:0.000 RX_Y:0.000 RX_Z:0.000
[ZONE-ROUTE] CID:7 zone=1 edge_port=9998
[EDGE-RTT] CID:7 wall=1.3 ms  sim_delay=5.0 ms
>>> [UAV->CLOUD] BLK:8246|TX:7.0.0.11|CID:7|TS:21.122|SPD:25.2|HDG:0.4|PX:469.0|PY:-30.0|...
[ECON-CLAWBACK] CID:7 ACT=WARN prior_payoff=-18.8 extra_penalty=3.5 new_payoff=-22.4
[FORGIVENESS] CID:7 WARN #11 — streak reset, benefits revoked
⚠ [CAR 7] ACT=WARN REP=0.772 RWD=0.000 PNL=3.602 CREDIT=-2
[PASSIVE-BEACON] SIMNOW:21.179 CID:14 ZONE:1 RXUAV:1 EDGEPORT:9998 TS:21.164 SPD:25.300 HDG:0.600 PX:469.300 PY:-50.000 LAN:5 BRK:0 RX_X:0.000 RX_Y:0.000 RX_Z:0.000
[ZONE-ROUTE] CID:14 zone=1 edge_port=9998
[EDGE-RTT] CID:14 wall=1.3 ms  sim_delay=5.0 ms
>>> [UAV->CLOUD] BLK:0976|TX:7.0.0.18|CID:14|TS:21.164|SPD:25.3|HDG:0.6|PX:469.3|PY:-50.0...
[PASSIVE-BEACON] SIMNOW:21.186 CID:6 ZONE:1 RXUAV:1 EDGEPORT:9998 TS:21.172 SPD:24.600 HDG:0.300 PX:480.600 PY:-20.000 LAN:2 BRK:1 RX_X:0.000 RX_Y:0.000 RX_Z:0.000
[ZONE-ROUTE] CID:6 zone=1 edge_port=9998
[EDGE-RTT] CID:6 wall=1.3 ms  sim_delay=5.0 ms
>>> [UAV->CLOUD] BLK:ccb1|TX:7.0.0.10|CID:6|TS:21.172|SPD:24.6|HDG:0.3|PX:480.6|PY:-20.0|...
[ECON-CLAWBACK] CID:14 ACT=WARN prior_payoff=8.9 extra_penalty=5.7 new_payoff=3.1
[FORGIVENESS] CID:14 WARN #2 — streak reset, benefits revoked
⚠ [CAR 14] ACT=WARN REP=1.000 RWD=0.000 PNL=5.791 CREDIT=-2
[ECON-CLAWBACK] CID:6 ACT=WARN prior_payoff=-30.561 extra_penalty=4.250 new_payoff=-34.911
[FORGIVENESS] CID:6 WARN #14 — streak reset, benefits revoked
⚠ [CAR 6] ACT=WARN REP=0.644 RWD=0.000 PNL=4.350 CREDIT=-2
[PASSIVE-BEACON] SIMNOW:21.210 CID:19 ZONE:1 RXUAV:1 EDGEPORT:9998 TS:21.196 SPD:24.800 HDG:-0.400 PX:490.800 PY:-50.000 LAN:5 BRK:0 RX_X:0.000 RX_Y:0.000 RX_Z:0.000
[ZONE-ROUTE] CID:19 zone=1 edge_port=9998
[EDGE-RTT] CID:19 wall=1.2 ms  sim_delay=5.0 ms
>>> [UAV->CLOUD] BLK:2a1d|TX:7.0.0.23|CID:19|TS:21.196|SPD:24.8|HDG:-0.4|PX:490.8|PY:-50....
[ECON-CLAWBACK] CID:19 ACT=WARN prior_payoff=3.0 extra_penalty=3.0 new_payoff=-0.1
[FORGIVENESS] CID:19 WARN #3 — streak reset, benefits revoked
⚠ [CAR 19] ACT=WARN REP=1.000 RWD=0.000 PNL=3.092 CREDIT=-2
[PASSIVE-BEACON] SIMNOW:21.246 CID:9 ZONE:1 RXUAV:1 EDGEPORT:9998 TS:21.232 SPD:24.600 HDG:-0.900 PX:451.900 PY:-50.000 LAN:5 BRK:1 RX_X:0.000 RX_Y:0.000 RX_Z:0.000
[ZONE-ROUTE] CID:9 zone=1 edge_port=9998
[EDGE-RTT] CID:9 wall=1.3 ms  sim_delay=5.0 ms
>>> [UAV->CLOUD] BLK:3faa|TX:7.0.0.13|CID:9|TS:21.232|SPD:24.6|HDG:-0.9|PX:451.9|PY:-50.0...
[PASSIVE-BEACON] SIMNOW:21.258 CID:13 ZONE:1 RXUAV:1 EDGEPORT:9998 TS:21.244 SPD:25.000 HDG:-0.100 PX:482.000 PY:-40.000 LAN:4 BRK:0 RX_X:0.000 RX_Y:0.000 RX_Z:0.000
[ZONE-ROUTE] CID:13 zone=1 edge_port=9998
[EDGE-RTT] CID:13 wall=1.0 ms  sim_delay=5.0 ms
>>> [UAV->CLOUD] BLK:0729|TX:7.0.0.17|CID:13|TS:21.244|SPD:25.0|HDG:-0.1|PX:482.0|PY:-40....
[PASSIVE-BEACON] SIMNOW:21.258 CID:10 ZONE:1 RXUAV:1 EDGEPORT:9998 TS:21.244 SPD:24.500 HDG:-1.400 PX:512.000 PY:-10.000 LAN:1 BRK:1 RX_X:0.000 RX_Y:0.000 RX_Z:0.000
[ZONE-ROUTE] CID:10 zone=1 edge_port=9998
[EDGE-RTT] CID:10 wall=3.2 ms  sim_delay=10.0 ms
>>> [UAV->CLOUD] BLK:af62|TX:7.0.0.14|CID:10|TS:21.244|SPD:24.5|HDG:-1.4|PX:512.0|PY:-10....
[ECON-CLAWBACK] CID:9 ACT=WARN prior_payoff=2.9 extra_penalty=2.9 new_payoff=-0.2
[FORGIVENESS] CID:9 WARN #3 — streak reset, benefits revoked
⚠ [CAR 9] ACT=WARN REP=1.000 RWD=0.000 PNL=3.029 CREDIT=-2
[PASSIVE-BEACON] SIMNOW:21.268 CID:11 ZONE:1 RXUAV:1 EDGEPORT:9998 TS:21.254 SPD:25.000 HDG:0.800 PX:501.400 PY:-20.000 LAN:2 BRK:0 RX_X:0.000 RX_Y:0.000 RX_Z:0.000
[ZONE-ROUTE] CID:11 zone=1 edge_port=9998
[EDGE-RTT] CID:11 wall=1.0 ms  sim_delay=5.0 ms
>>> [UAV->CLOUD] BLK:f36a|TX:7.0.0.15|CID:11|TS:21.254|SPD:25.0|HDG:0.8|PX:501.4|PY:-20.0...
[ECON-CLAWBACK] CID:13 ACT=WARN prior_payoff=-6.7 extra_penalty=2.5 new_payoff=-9.3
[FORGIVENESS] CID:13 WARN #7 — streak reset, benefits revoked
⚠ [CAR 13] ACT=WARN REP=0.748 RWD=0.000 PNL=2.601 CREDIT=-2
[ECON-CLAWBACK] CID:10 ACT=WARN prior_payoff=-55.277 extra_penalty=5.500 new_payoff=-60.876
[FORGIVENESS] CID:10 WARN #19 — streak reset, benefits revoked
⚠ [CAR 10] ACT=WARN REP=0.483 RWD=0.000 PNL=5.599 CREDIT=-2
[PASSIVE-BEACON] SIMNOW:21.278 CID:12 ZONE:1 RXUAV:1 EDGEPORT:9998 TS:21.264 SPD:25.200 HDG:-0.100 PX:491.500 PY:-30.000 LAN:3 BRK:0 RX_X:0.000 RX_Y:0.000 RX_Z:0.000
[ZONE-ROUTE] CID:12 zone=1 edge_port=9998
[EDGE-RTT] CID:12 wall=1.1 ms  sim_delay=5.0 ms
>>> [UAV->CLOUD] BLK:4e81|TX:7.0.0.16|CID:12|TS:21.264|SPD:25.2|HDG:-0.1|PX:491.5|PY:-30....
[ECON-CLAWBACK] CID:11 ACT=WARN prior_payoff=-30.6 extra_penalty=4.2 new_payoff=-35.0
[FORGIVENESS] CID:11 WARN #14 — streak reset, benefits revoked
⚠ [CAR 11] ACT=WARN REP=0.668 RWD=0.000 PNL=4.352 CREDIT=-2
[ECON-CLAWBACK] CID:12 ACT=WARN prior_payoff=-18.804 extra_penalty=3.500 new_payoff=-22.406
[FORGIVENESS] CID:12 WARN #11 — streak reset, benefits revoked
⚠ [CAR 12] ACT=WARN REP=0.798 RWD=0.000 PNL=3.602 CREDIT=-2
[PASSIVE-BEACON] SIMNOW:21.364 CID:4 ZONE:1 RXUAV:1 EDGEPORT:9998 TS:21.350 SPD:25.400 HDG:-1.900 PX:433.700 PY:-50.000 LAN:5 BRK:0 RX_X:0.000 RX_Y:0.000 RX_Z:0.000
[ZONE-ROUTE] CID:4 zone=1 edge_port=9998
[EDGE-RTT] CID:4 wall=1.2 ms  sim_delay=5.0 ms
>>> [UAV->CLOUD] BLK:6d00|TX:7.0.0.8|CID:4|TS:21.350|SPD:25.4|HDG:-1.9|PX:433.7|PY:-50.0|...
[PASSIVE-BEACON] SIMNOW:21.364 CID:3 ZONE:1 RXUAV:1 EDGEPORT:9998 TS:21.350 SPD:25.300 HDG:-1.400 PX:444.600 PY:-40.000 LAN:4 BRK:0 RX_X:0.000 RX_Y:0.000 RX_Z:0.000
[ZONE-ROUTE] CID:3 zone=1 edge_port=9998
[EDGE-RTT] CID:3 wall=2.8 ms  sim_delay=5.0 ms
>>> [UAV->CLOUD] BLK:b3d6|TX:7.0.0.7|CID:3|TS:21.350|SPD:25.3|HDG:-1.4|PX:444.6|PY:-40.0|...
[ECON-CLAWBACK] CID:4 ACT=WARN prior_payoff=8.9 extra_penalty=5.7 new_payoff=3.1
[FORGIVENESS] CID:4 WARN #2 — streak reset, benefits revoked
⚠ [CAR 4] ACT=WARN REP=0.841 RWD=0.000 PNL=5.791 CREDIT=-2
[ECON-CLAWBACK] CID:3 ACT=WARN prior_payoff=-6.715 extra_penalty=2.500 new_payoff=-9.317
[FORGIVENESS] CID:3 WARN #7 — streak reset, benefits revoked
⚠ [CAR 3] ACT=WARN REP=0.875 RWD=0.000 PNL=2.602 CREDIT=-2
[PASSIVE-BEACON] SIMNOW:21.416 CID:8 ZONE:1 RXUAV:1 EDGEPORT:9998 TS:21.402 SPD:24.700 HDG:-0.400 PX:465.900 PY:-40.000 LAN:4 BRK:0 RX_X:0.000 RX_Y:0.000 RX_Z:0.000
[ZONE-ROUTE] CID:8 zone=1 edge_port=9998
[EDGE-RTT] CID:8 wall=1.2 ms  sim_delay=5.0 ms
>>> [UAV->CLOUD] BLK:409d|TX:7.0.0.12|CID:8|TS:21.402|SPD:24.7|HDG:-0.4|PX:465.9|PY:-40.0...
[ECON-CLAWBACK] CID:8 ACT=WARN prior_payoff=-9.4 extra_penalty=2.8 new_payoff=-12.2
[FORGIVENESS] CID:8 WARN #8 — streak reset, benefits revoked
⚠ [CAR 8] ACT=WARN REP=0.752 RWD=0.000 PNL=2.850 CREDIT=-2
[PASSIVE-BEACON] SIMNOW:21.454 CID:0 ZONE:1 RXUAV:1 EDGEPORT:9998 TS:21.440 SPD:25.300 HDG:-1.800 PX:476.700 PY:-10.000 LAN:1 BRK:0 RX_X:0.000 RX_Y:0.000 RX_Z:0.000
[ZONE-ROUTE] CID:0 zone=1 edge_port=9998
[EDGE-RTT] CID:0 wall=1.2 ms  sim_delay=10.0 ms
>>> [UAV->CLOUD] BLK:7583|TX:7.0.0.4|CID:0|TS:21.440|SPD:25.3|HDG:-1.8|PX:476.7|PY:-10.0|...
[ECON-CLAWBACK] CID:0 ACT=WARN prior_payoff=-60.9 extra_penalty=5.8 new_payoff=-66.8
[FORGIVENESS] CID:0 WARN #20 — streak reset, benefits revoked
⚠ [CAR 0] ACT=WARN REP=0.357 RWD=0.000 PNL=5.852 CREDIT=-2
[PASSIVE-BEACON] SIMNOW:21.496 CID:5 ZONE:1 RXUAV:1 EDGEPORT:9998 TS:21.482 SPD:25.500 HDG:0.100 PX:498.000 PY:-10.000 LAN:1 BRK:0 RX_X:0.000 RX_Y:0.000 RX_Z:0.000
[ZONE-ROUTE] CID:5 zone=1 edge_port=9998
[EDGE-RTT] CID:5 wall=1.3 ms  sim_delay=10.0 ms
>>> [UAV->CLOUD] BLK:1316|TX:7.0.0.9|CID:5|TS:21.482|SPD:25.5|HDG:0.1|PX:498.0|PY:-10.0|L...
[PASSIVE-BEACON] SIMNOW:21.500 CID:17 ZONE:1 RXUAV:1 EDGEPORT:9998 TS:21.486 SPD:25.300 HDG:-1.100 PX:518.300 PY:-30.000 LAN:3 BRK:0 RX_X:0.000 RX_Y:0.000 RX_Z:0.000
[ZONE-ROUTE] CID:17 zone=1 edge_port=9998
[EDGE-RTT] CID:17 wall=1.0 ms  sim_delay=5.0 ms
>>> [UAV->CLOUD] BLK:4748|TX:7.0.0.21|CID:17|TS:21.486|SPD:25.3|HDG:-1.1|PX:518.3|PY:-30....
[ECON-CLAWBACK] CID:5 ACT=WARN prior_payoff=-60.9 extra_penalty=5.8 new_payoff=-66.7
[FORGIVENESS] CID:5 WARN #20 — streak reset, benefits revoked
⚠ [CAR 5] ACT=WARN REP=0.466 RWD=0.000 PNL=5.852 CREDIT=-2
[ECON-CLAWBACK] CID:17 ACT=WARN prior_payoff=-22.533 extra_penalty=3.750 new_payoff=-26.385
[FORGIVENESS] CID:17 WARN #12 — streak reset, benefits revoked
⚠ [CAR 17] ACT=WARN REP=0.580 RWD=0.000 PNL=3.852 CREDIT=-2
[PASSIVE-BEACON] SIMNOW:21.530 CID:18 ZONE:1 RXUAV:1 EDGEPORT:9998 TS:21.516 SPD:24.900 HDG:-1.200 PX:508.300 PY:-40.000 LAN:4 BRK:0 RX_X:0.000 RX_Y:0.000 RX_Z:0.000
[ZONE-ROUTE] CID:18 zone=1 edge_port=9998
[EDGE-RTT] CID:18 wall=1.1 ms  sim_delay=5.0 ms
>>> [UAV->CLOUD] BLK:9391|TX:7.0.0.22|CID:18|TS:21.516|SPD:24.9|HDG:-1.2|PX:508.3|PY:-40....
[PASSIVE-BEACON] SIMNOW:21.540 CID:15 ZONE:1 RXUAV:1 EDGEPORT:9998 TS:21.526 SPD:24.800 HDG:0.300 PX:538.700 PY:-10.000 LAN:1 BRK:0 RX_X:0.000 RX_Y:0.000 RX_Z:0.000
[ZONE-ROUTE] CID:15 zone=1 edge_port=9998
[EDGE-RTT] CID:15 wall=1.0 ms  sim_delay=5.0 ms
>>> [UAV->CLOUD] BLK:4b0c|TX:7.0.0.19|CID:15|TS:21.526|SPD:24.8|HDG:0.3|PX:538.7|PY:-10.0...
[PASSIVE-BEACON] SIMNOW:21.540 CID:16 ZONE:1 RXUAV:1 EDGEPORT:9998 TS:21.526 SPD:25.500 HDG:0.800 PX:528.800 PY:-20.000 LAN:2 BRK:1 RX_X:0.000 RX_Y:0.000 RX_Z:0.000
[ZONE-ROUTE] CID:16 zone=1 edge_port=9998
[EDGE-RTT] CID:16 wall=1.9 ms  sim_delay=5.0 ms
>>> [UAV->CLOUD] BLK:4b4b|TX:7.0.0.20|CID:16|TS:21.526|SPD:25.5|HDG:0.8|PX:528.8|PY:-20.0...
[ECON-CLAWBACK] CID:18 ACT=WARN prior_payoff=-9.3 extra_penalty=2.8 new_payoff=-12.2
[FORGIVENESS] CID:18 WARN #8 — streak reset, benefits revoked
⚠ [CAR 18] ACT=WARN REP=0.508 RWD=0.000 PNL=2.851 CREDIT=-2
[ECON-CLAWBACK] CID:16 ACT=WARN prior_payoff=-34.915 extra_penalty=4.500 new_payoff=-39.518
[FORGIVENESS] CID:16 WARN #15 — streak reset, benefits revoked
⚠ [CAR 16] ACT=WARN REP=0.590 RWD=0.000 PNL=4.603 CREDIT=-2
[ECON-CLAWBACK] CID:15 ACT=WARN prior_payoff=-60.721 extra_penalty=5.750 new_payoff=-66.571
[FORGIVENESS] CID:15 WARN #20 — streak reset, benefits revoked
⚠ [CAR 15] ACT=WARN REP=0.369 RWD=0.000 PNL=5.850 CREDIT=-2
[PASSIVE-BEACON] SIMNOW:21.636 CID:7 ZONE:1 RXUAV:1 EDGEPORT:9998 TS:21.622 SPD:24.800 HDG:1.600 PX:481.500 PY:-30.000 LAN:3 BRK:0 RX_X:0.000 RX_Y:0.000 RX_Z:0.000
[ZONE-ROUTE] CID:7 zone=1 edge_port=9998
[EDGE-RTT] CID:7 wall=1.3 ms  sim_delay=5.0 ms
>>> [UAV->CLOUD] BLK:fc49|TX:7.0.0.11|CID:7|TS:21.622|SPD:24.8|HDG:1.6|PX:481.5|PY:-30.0|...
[ECON-CLAWBACK] CID:7 ACT=WARN prior_payoff=-22.4 extra_penalty=3.8 new_payoff=-26.3
[FORGIVENESS] CID:7 WARN #12 — streak reset, benefits revoked
⚠ [CAR 7] ACT=WARN REP=0.675 RWD=0.000 PNL=3.850 CREDIT=-2
[PASSIVE-BEACON] SIMNOW:21.678 CID:14 ZONE:1 RXUAV:1 EDGEPORT:9998 TS:21.664 SPD:25.000 HDG:-1.200 PX:481.600 PY:-50.000 LAN:5 BRK:1 RX_X:0.000 RX_Y:0.000 RX_Z:0.000
[ZONE-ROUTE] CID:14 zone=1 edge_port=9998
[EDGE-RTT] CID:14 wall=1.3 ms  sim_delay=5.0 ms
>>> [UAV->CLOUD] BLK:eca8|TX:7.0.0.18|CID:14|TS:21.664|SPD:25.0|HDG:-1.2|PX:481.6|PY:-50....
[PASSIVE-BEACON] SIMNOW:21.686 CID:6 ZONE:1 RXUAV:1 EDGEPORT:9998 TS:21.672 SPD:24.600 HDG:1.000 PX:492.100 PY:-20.000 LAN:2 BRK:0 RX_X:0.000 RX_Y:0.000 RX_Z:0.000
[ZONE-ROUTE] CID:6 zone=1 edge_port=9998
[EDGE-RTT] CID:6 wall=1.2 ms  sim_delay=5.0 ms
>>> [UAV->CLOUD] BLK:afea|TX:7.0.0.10|CID:6|TS:21.672|SPD:24.6|HDG:1.0|PX:492.1|PY:-20.0|...
[ECON-CLAWBACK] CID:14 ACT=WARN prior_payoff=3.1 extra_penalty=3.0 new_payoff=-0.1
[FORGIVENESS] CID:14 WARN #3 — streak reset, benefits revoked
⚠ [CAR 14] ACT=WARN REP=0.886 RWD=0.000 PNL=3.145 CREDIT=-2
[ECON-CLAWBACK] CID:6 ACT=WARN prior_payoff=-34.911 extra_penalty=4.500 new_payoff=-39.510
[FORGIVENESS] CID:6 WARN #15 — streak reset, benefits revoked
⚠ [CAR 6] ACT=WARN REP=0.385 RWD=0.000 PNL=4.599 CREDIT=-2
[PASSIVE-BEACON] SIMNOW:21.710 CID:19 ZONE:1 RXUAV:1 EDGEPORT:9998 TS:21.696 SPD:25.400 HDG:1.600 PX:503.500 PY:-50.000 LAN:5 BRK:0 RX_X:0.000 RX_Y:0.000 RX_Z:0.000
[ZONE-ROUTE] CID:19 zone=1 edge_port=9998
[EDGE-RTT] CID:19 wall=1.1 ms  sim_delay=5.0 ms
>>> [UAV->CLOUD] BLK:42a9|TX:7.0.0.23|CID:19|TS:21.696|SPD:25.4|HDG:1.6|PX:503.5|PY:-50.0...
[ECON-CLAWBACK] CID:19 ACT=WARN prior_payoff=-0.1 extra_penalty=1.8 new_payoff=-2.0
[FORGIVENESS] CID:19 WARN #4 — streak reset, benefits revoked
⚠ [CAR 19] ACT=WARN REP=0.700 RWD=0.000 PNL=1.851 CREDIT=-2
[PASSIVE-BEACON] SIMNOW:21.746 CID:9 ZONE:1 RXUAV:1 EDGEPORT:9998 TS:21.732 SPD:25.300 HDG:-0.300 PX:463.900 PY:-50.000 LAN:5 BRK:0 RX_X:0.000 RX_Y:0.000 RX_Z:0.000
[ZONE-ROUTE] CID:9 zone=1 edge_port=9998
[EDGE-RTT] CID:9 wall=1.1 ms  sim_delay=5.0 ms
>>> [UAV->CLOUD] BLK:af3d|TX:7.0.0.13|CID:9|TS:21.732|SPD:25.3|HDG:-0.3|PX:463.9|PY:-50.0...
[PASSIVE-BEACON] SIMNOW:21.757 CID:10 ZONE:1 RXUAV:1 EDGEPORT:9998 TS:21.744 SPD:24.600 HDG:0.500 PX:524.700 PY:-10.000 LAN:1 BRK:0 RX_X:0.000 RX_Y:0.000 RX_Z:0.000
[ZONE-ROUTE] CID:10 zone=1 edge_port=9998
[EDGE-RTT] CID:10 wall=1.1 ms  sim_delay=10.0 ms
>>> [UAV->CLOUD] BLK:e6ad|TX:7.0.0.14|CID:10|TS:21.744|SPD:24.6|HDG:0.5|PX:524.7|PY:-10.0...
[PASSIVE-BEACON] SIMNOW:21.757 CID:13 ZONE:1 RXUAV:1 EDGEPORT:9998 TS:21.744 SPD:25.000 HDG:0.100 PX:494.400 PY:-40.000 LAN:4 BRK:0 RX_X:0.000 RX_Y:0.000 RX_Z:0.000
[ZONE-ROUTE] CID:13 zone=1 edge_port=9998
[EDGE-RTT] CID:13 wall=2.5 ms  sim_delay=5.0 ms
>>> [UAV->CLOUD] BLK:2109|TX:7.0.0.17|CID:13|TS:21.744|SPD:25.0|HDG:0.1|PX:494.4|PY:-40.0...
[ECON-CLAWBACK] CID:9 ACT=WARN prior_payoff=-0.2 extra_penalty=1.8 new_payoff=-2.0
[FORGIVENESS] CID:9 WARN #4 — streak reset, benefits revoked
⚠ [CAR 9] ACT=WARN REP=0.759 RWD=0.000 PNL=1.850 CREDIT=-2
[PASSIVE-BEACON] SIMNOW:21.768 CID:11 ZONE:1 RXUAV:1 EDGEPORT:9998 TS:21.754 SPD:24.900 HDG:1.100 PX:515.100 PY:-20.000 LAN:2 BRK:0 RX_X:0.000 RX_Y:0.000 RX_Z:0.000
[ZONE-ROUTE] CID:11 zone=1 edge_port=9998
[EDGE-RTT] CID:11 wall=1.2 ms  sim_delay=5.0 ms
>>> [UAV->CLOUD] BLK:8e5e|TX:7.0.0.15|CID:11|TS:21.754|SPD:24.9|HDG:1.1|PX:515.1|PY:-20.0...
[ECON-CLAWBACK] CID:10 ACT=WARN prior_payoff=-60.9 extra_penalty=5.8 new_payoff=-66.7
[FORGIVENESS] CID:10 WARN #20 — streak reset, benefits revoked
⚠ [CAR 10] ACT=WARN REP=0.639 RWD=0.000 PNL=5.849 CREDIT=-2
[ECON-CLAWBACK] CID:13 ACT=WARN prior_payoff=-9.255 extra_penalty=2.750 new_payoff=-12.106
[FORGIVENESS] CID:13 WARN #8 — streak reset, benefits revoked
⚠ [CAR 13] ACT=WARN REP=0.794 RWD=0.000 PNL=2.851 CREDIT=-2
[PASSIVE-BEACON] SIMNOW:21.778 CID:12 ZONE:1 RXUAV:1 EDGEPORT:9998 TS:21.764 SPD:24.800 HDG:0.400 PX:504.900 PY:-30.000 LAN:3 BRK:0 RX_X:0.000 RX_Y:0.000 RX_Z:0.000
[ZONE-ROUTE] CID:12 zone=1 edge_port=9998
[EDGE-RTT] CID:12 wall=1.3 ms  sim_delay=5.0 ms
>>> [UAV->CLOUD] BLK:025d|TX:7.0.0.16|CID:12|TS:21.764|SPD:24.8|HDG:0.4|PX:504.9|PY:-30.0...
[ECON-CLAWBACK] CID:11 ACT=WARN prior_payoff=-35.0 extra_penalty=4.5 new_payoff=-39.6
[FORGIVENESS] CID:11 WARN #15 — streak reset, benefits revoked
⚠ [CAR 11] ACT=WARN REP=0.529 RWD=0.000 PNL=4.601 CREDIT=-2
[ECON-CLAWBACK] CID:12 ACT=WARN prior_payoff=-22.406 extra_penalty=3.750 new_payoff=-26.257
[FORGIVENESS] CID:12 WARN #12 — streak reset, benefits revoked
⚠ [CAR 12] ACT=WARN REP=0.778 RWD=0.000 PNL=3.851 CREDIT=-2
[PASSIVE-BEACON] SIMNOW:21.864 CID:4 ZONE:1 RXUAV:1 EDGEPORT:9998 TS:21.850 SPD:25.200 HDG:-0.700 PX:446.200 PY:-50.000 LAN:5 BRK:0 RX_X:0.000 RX_Y:0.000 RX_Z:0.000
[ZONE-ROUTE] CID:4 zone=1 edge_port=9998
[EDGE-RTT] CID:4 wall=1.2 ms  sim_delay=5.0 ms
>>> [UAV->CLOUD] BLK:9486|TX:7.0.0.8|CID:4|TS:21.850|SPD:25.2|HDG:-0.7|PX:446.2|PY:-50.0|...
[PASSIVE-BEACON] SIMNOW:21.864 CID:3 ZONE:1 RXUAV:1 EDGEPORT:9998 TS:21.850 SPD:25.200 HDG:2.000 PX:456.900 PY:-40.000 LAN:4 BRK:0 RX_X:0.000 RX_Y:0.000 RX_Z:0.000
[ZONE-ROUTE] CID:3 zone=1 edge_port=9998
[EDGE-RTT] CID:3 wall=2.7 ms  sim_delay=5.0 ms
>>> [UAV->CLOUD] BLK:5181|TX:7.0.0.7|CID:3|TS:21.850|SPD:25.2|HDG:2.0|PX:456.9|PY:-40.0|L...
[ECON-CLAWBACK] CID:4 ACT=WARN prior_payoff=3.1 extra_penalty=3.0 new_payoff=-0.1
[FORGIVENESS] CID:4 WARN #3 — streak reset, benefits revoked
⚠ [CAR 4] ACT=WARN REP=1.000 RWD=0.000 PNL=3.146 CREDIT=-2
[ECON-CLAWBACK] CID:3 ACT=WARN prior_payoff=-9.317 extra_penalty=2.750 new_payoff=-12.169
[FORGIVENESS] CID:3 WARN #8 — streak reset, benefits revoked
⚠ [CAR 3] ACT=WARN REP=0.978 RWD=0.000 PNL=2.852 CREDIT=-2
[PASSIVE-BEACON] SIMNOW:21.914 CID:8 ZONE:1 RXUAV:1 EDGEPORT:9998 TS:21.902 SPD:25.200 HDG:-1.300 PX:477.400 PY:-40.000 LAN:4 BRK:0 RX_X:0.000 RX_Y:0.000 RX_Z:0.000
[ZONE-ROUTE] CID:8 zone=1 edge_port=9998
[EDGE-RTT] CID:8 wall=1.4 ms  sim_delay=5.0 ms
>>> [UAV->CLOUD] BLK:a2e4|TX:7.0.0.12|CID:8|TS:21.902|SPD:25.2|HDG:-1.3|PX:477.4|PY:-40.0...
[ECON-CLAWBACK] CID:8 ACT=WARN prior_payoff=-12.2 extra_penalty=3.0 new_payoff=-15.3
[FORGIVENESS] CID:8 WARN #9 — streak reset, benefits revoked
⚠ [CAR 8] ACT=WARN REP=0.721 RWD=0.000 PNL=3.102 CREDIT=-2
[PASSIVE-BEACON] SIMNOW:21.954 CID:0 ZONE:1 RXUAV:1 EDGEPORT:9998 TS:21.940 SPD:24.900 HDG:0.300 PX:489.700 PY:-10.000 LAN:1 BRK:0 RX_X:0.000 RX_Y:0.000 RX_Z:0.000
[ZONE-ROUTE] CID:0 zone=1 edge_port=9998
[EDGE-RTT] CID:0 wall=1.2 ms  sim_delay=10.0 ms
>>> [UAV->CLOUD] BLK:6b48|TX:7.0.0.4|CID:0|TS:21.940|SPD:24.9|HDG:0.3|PX:489.7|PY:-10.0|L...
[ECON-CLAWBACK] CID:0 ACT=WARN prior_payoff=-66.8 extra_penalty=6.0 new_payoff=-72.9
[FORGIVENESS] CID:0 WARN #21 — streak reset, benefits revoked
⚠ [CAR 0] ACT=WARN REP=0.404 RWD=0.000 PNL=6.101 CREDIT=-2
[PASSIVE-BEACON] SIMNOW:21.999 CID:5 ZONE:1 RXUAV:1 EDGEPORT:9998 TS:21.982 SPD:24.800 HDG:0.500 PX:509.800 PY:-10.000 LAN:1 BRK:0 RX_X:0.000 RX_Y:0.000 RX_Z:0.000
[ZONE-ROUTE] CID:5 zone=1 edge_port=9998
[EDGE-RTT] CID:5 wall=1.1 ms  sim_delay=10.0 ms
>>> [UAV->CLOUD] BLK:860a|TX:7.0.0.9|CID:5|TS:21.982|SPD:24.8|HDG:0.5|PX:509.8|PY:-10.0|L...
[PASSIVE-BEACON] SIMNOW:22.000 CID:17 ZONE:1 RXUAV:1 EDGEPORT:9998 TS:21.986 SPD:24.800 HDG:-0.800 PX:530.300 PY:-30.000 LAN:3 BRK:0 RX_X:0.000 RX_Y:0.000 RX_Z:0.000
[ZONE-ROUTE] CID:17 zone=1 edge_port=9998
[EDGE-RTT] CID:17 wall=1.0 ms  sim_delay=5.0 ms
>>> [UAV->CLOUD] BLK:717a|TX:7.0.0.21|CID:17|TS:21.986|SPD:24.8|HDG:-0.8|PX:530.3|PY:-30....
[ECON-CLAWBACK] CID:5 ACT=WARN prior_payoff=-66.7 extra_penalty=6.0 new_payoff=-72.8
[FORGIVENESS] CID:5 WARN #21 — streak reset, benefits revoked
⚠ [CAR 5] ACT=WARN REP=0.565 RWD=0.000 PNL=6.100 CREDIT=-2
[ECON-CLAWBACK] CID:17 ACT=WARN prior_payoff=-26.385 extra_penalty=4.000 new_payoff=-30.485
[FORGIVENESS] CID:17 WARN #13 — streak reset, benefits revoked
⚠ [CAR 17] ACT=WARN REP=0.701 RWD=0.000 PNL=4.100 CREDIT=-2
[PASSIVE-BEACON] SIMNOW:22.030 CID:18 ZONE:1 RXUAV:1 EDGEPORT:9998 TS:22.016 SPD:25.500 HDG:1.200 PX:521.300 PY:-40.000 LAN:4 BRK:1 RX_X:0.000 RX_Y:0.000 RX_Z:0.000
[ZONE-ROUTE] CID:18 zone=1 edge_port=9998
[EDGE-RTT] CID:18 wall=1.1 ms  sim_delay=5.0 ms
>>> [UAV->CLOUD] BLK:946c|TX:7.0.0.22|CID:18|TS:22.016|SPD:25.5|HDG:1.2|PX:521.3|PY:-40.0...
[PASSIVE-BEACON] SIMNOW:22.040 CID:15 ZONE:1 RXUAV:1 EDGEPORT:9998 TS:22.026 SPD:25.100 HDG:1.300 PX:551.400 PY:-10.000 LAN:1 BRK:0 RX_X:0.000 RX_Y:0.000 RX_Z:0.000
[ZONE-ROUTE] CID:15 zone=1 edge_port=9998
[EDGE-RTT] CID:15 wall=1.1 ms  sim_delay=5.0 ms
>>> [UAV->CLOUD] BLK:e1a1|TX:7.0.0.19|CID:15|TS:22.026|SPD:25.1|HDG:1.3|PX:551.4|PY:-10.0...
[PASSIVE-BEACON] SIMNOW:22.040 CID:16 ZONE:1 RXUAV:1 EDGEPORT:9998 TS:22.026 SPD:25.000 HDG:-0.900 PX:541.900 PY:-20.000 LAN:2 BRK:0 RX_X:0.000 RX_Y:0.000 RX_Z:0.000
[ZONE-ROUTE] CID:16 zone=1 edge_port=9998
[EDGE-RTT] CID:16 wall=2.2 ms  sim_delay=5.0 ms
>>> [UAV->CLOUD] BLK:fb85|TX:7.0.0.20|CID:16|TS:22.026|SPD:25.0|HDG:-0.9|PX:541.9|PY:-20....
[ECON-CLAWBACK] CID:18 ACT=WARN prior_payoff=-12.2 extra_penalty=3.0 new_payoff=-15.3
[FORGIVENESS] CID:18 WARN #9 — streak reset, benefits revoked
⚠ [CAR 18] ACT=WARN REP=0.884 RWD=0.000 PNL=3.103 CREDIT=-2
[ECON-CLAWBACK] CID:15 ACT=WARN prior_payoff=-66.571 extra_penalty=6.000 new_payoff=-72.673
[FORGIVENESS] CID:15 WARN #21 — streak reset, benefits revoked
⚠ [CAR 15] ACT=WARN REP=0.297 RWD=0.000 PNL=6.102 CREDIT=-2
[ECON-CLAWBACK] CID:16 ACT=WARN prior_payoff=-39.518 extra_penalty=4.750 new_payoff=-44.370
[FORGIVENESS] CID:16 WARN #16 — streak reset, benefits revoked
⚠ [CAR 16] ACT=WARN REP=0.759 RWD=0.000 PNL=4.852 CREDIT=-2
[PASSIVE-BEACON] SIMNOW:22.136 CID:7 ZONE:1 RXUAV:1 EDGEPORT:9998 TS:22.122 SPD:24.500 HDG:1.600 PX:493.500 PY:-30.000 LAN:3 BRK:0 RX_X:0.000 RX_Y:0.000 RX_Z:0.000
[ZONE-ROUTE] CID:7 zone=1 edge_port=9998
[EDGE-RTT] CID:7 wall=1.2 ms  sim_delay=5.0 ms
>>> [UAV->CLOUD] BLK:6cf9|TX:7.0.0.11|CID:7|TS:22.122|SPD:24.5|HDG:1.6|PX:493.5|PY:-30.0|...
[ECON-CLAWBACK] CID:7 ACT=WARN prior_payoff=-26.3 extra_penalty=4.0 new_payoff=-30.4
[FORGIVENESS] CID:7 WARN #13 — streak reset, benefits revoked
⚠ [CAR 7] ACT=WARN REP=0.575 RWD=0.000 PNL=4.099 CREDIT=-2
[PASSIVE-BEACON] SIMNOW:22.179 CID:14 ZONE:1 RXUAV:1 EDGEPORT:9998 TS:22.164 SPD:24.800 HDG:-0.700 PX:494.900 PY:-50.000 LAN:5 BRK:0 RX_X:0.000 RX_Y:0.000 RX_Z:0.000
[ZONE-ROUTE] CID:14 zone=1 edge_port=9998
[EDGE-RTT] CID:14 wall=1.2 ms  sim_delay=5.0 ms
>>> [UAV->CLOUD] BLK:97f2|TX:7.0.0.18|CID:14|TS:22.164|SPD:24.8|HDG:-0.7|PX:494.9|PY:-50....
[PASSIVE-BEACON] SIMNOW:22.186 CID:6 ZONE:1 RXUAV:1 EDGEPORT:9998 TS:22.172 SPD:24.700 HDG:1.800 PX:505.600 PY:-20.000 LAN:2 BRK:0 RX_X:0.000 RX_Y:0.000 RX_Z:0.000
[ZONE-ROUTE] CID:6 zone=1 edge_port=9998
[EDGE-RTT] CID:6 wall=1.1 ms  sim_delay=5.0 ms
>>> [UAV->CLOUD] BLK:d3fd|TX:7.0.0.10|CID:6|TS:22.172|SPD:24.7|HDG:1.8|PX:505.6|PY:-20.0|...
[ECON-CLAWBACK] CID:14 ACT=WARN prior_payoff=-0.1 extra_penalty=1.8 new_payoff=-1.9
[FORGIVENESS] CID:14 WARN #4 — streak reset, benefits revoked
⚠ [CAR 14] ACT=WARN REP=0.571 RWD=0.000 PNL=1.850 CREDIT=-2
[ECON-CLAWBACK] CID:6 ACT=WARN prior_payoff=-39.510 extra_penalty=4.750 new_payoff=-44.360
[FORGIVENESS] CID:6 WARN #16 — streak reset, benefits revoked
⚠ [CAR 6] ACT=WARN REP=0.576 RWD=0.000 PNL=4.850 CREDIT=-2
[PASSIVE-BEACON] SIMNOW:22.210 CID:19 ZONE:1 RXUAV:1 EDGEPORT:9998 TS:22.196 SPD:24.500 HDG:-1.400 PX:515.700 PY:-50.000 LAN:5 BRK:0 RX_X:0.000 RX_Y:0.000 RX_Z:0.000
[ZONE-ROUTE] CID:19 zone=1 edge_port=9998
[EDGE-RTT] CID:19 wall=1.0 ms  sim_delay=5.0 ms
>>> [UAV->CLOUD] BLK:7c2b|TX:7.0.0.23|CID:19|TS:22.196|SPD:24.5|HDG:-1.4|PX:515.7|PY:-50....
[ECON-CLAWBACK] CID:19 ACT=WARN prior_payoff=-2.0 extra_penalty=2.0 new_payoff=-4.1
[FORGIVENESS] CID:19 WARN #5 — streak reset, benefits revoked
⚠ [CAR 19] ACT=WARN REP=0.653 RWD=0.000 PNL=2.099 CREDIT=-2
[PASSIVE-BEACON] SIMNOW:22.246 CID:9 ZONE:1 RXUAV:1 EDGEPORT:9998 TS:22.232 SPD:25.000 HDG:0.600 PX:477.000 PY:-50.000 LAN:5 BRK:0 RX_X:0.000 RX_Y:0.000 RX_Z:0.000
[ZONE-ROUTE] CID:9 zone=1 edge_port=9998
[EDGE-RTT] CID:9 wall=1.1 ms  sim_delay=5.0 ms
>>> [UAV->CLOUD] BLK:ec61|TX:7.0.0.13|CID:9|TS:22.232|SPD:25.0|HDG:0.6|PX:477.0|PY:-50.0|...
[PASSIVE-BEACON] SIMNOW:22.258 CID:13 ZONE:1 RXUAV:1 EDGEPORT:9998 TS:22.244 SPD:24.800 HDG:0.700 PX:506.000 PY:-40.000 LAN:4 BRK:0 RX_X:0.000 RX_Y:0.000 RX_Z:0.000
[ZONE-ROUTE] CID:13 zone=1 edge_port=9998
[EDGE-RTT] CID:13 wall=0.8 ms  sim_delay=5.0 ms
>>> [UAV->CLOUD] BLK:127c|TX:7.0.0.17|CID:13|TS:22.244|SPD:24.8|HDG:0.7|PX:506.0|PY:-40.0...
[PASSIVE-BEACON] SIMNOW:22.258 CID:10 ZONE:1 RXUAV:1 EDGEPORT:9998 TS:22.244 SPD:25.000 HDG:0.900 PX:537.000 PY:-10.000 LAN:1 BRK:0 RX_X:0.000 RX_Y:0.000 RX_Z:0.000
[ZONE-ROUTE] CID:10 zone=1 edge_port=9998
[EDGE-RTT] CID:10 wall=2.6 ms  sim_delay=10.0 ms
>>> [UAV->CLOUD] BLK:17be|TX:7.0.0.14|CID:10|TS:22.244|SPD:25.0|HDG:0.9|PX:537.0|PY:-10.0...
[ECON-CLAWBACK] CID:9 ACT=WARN prior_payoff=-2.0 extra_penalty=2.0 new_payoff=-4.1
[FORGIVENESS] CID:9 WARN #5 — streak reset, benefits revoked
⚠ [CAR 9] ACT=WARN REP=1.000 RWD=0.000 PNL=2.101 CREDIT=-2
[PASSIVE-BEACON] SIMNOW:22.268 CID:11 ZONE:1 RXUAV:1 EDGEPORT:9998 TS:22.254 SPD:24.700 HDG:-1.700 PX:526.700 PY:-20.000 LAN:2 BRK:0 RX_X:0.000 RX_Y:0.000 RX_Z:0.000
[ZONE-ROUTE] CID:11 zone=1 edge_port=9998
[EDGE-RTT] CID:11 wall=1.2 ms  sim_delay=5.0 ms
>>> [UAV->CLOUD] BLK:f313|TX:7.0.0.15|CID:11|TS:22.254|SPD:24.7|HDG:-1.7|PX:526.7|PY:-20....
[ECON-CLAWBACK] CID:13 ACT=WARN prior_payoff=-12.1 extra_penalty=3.0 new_payoff=-15.2
[FORGIVENESS] CID:13 WARN #9 — streak reset, benefits revoked
⚠ [CAR 13] ACT=WARN REP=0.748 RWD=0.000 PNL=3.101 CREDIT=-2
[ECON-CLAWBACK] CID:10 ACT=WARN prior_payoff=-66.725 extra_penalty=6.000 new_payoff=-72.826
[FORGIVENESS] CID:10 WARN #21 — streak reset, benefits revoked
⚠ [CAR 10] ACT=WARN REP=0.458 RWD=0.000 PNL=6.101 CREDIT=-2
[PASSIVE-BEACON] SIMNOW:22.278 CID:12 ZONE:1 RXUAV:1 EDGEPORT:9998 TS:22.264 SPD:25.400 HDG:-0.600 PX:517.900 PY:-30.000 LAN:3 BRK:1 RX_X:0.000 RX_Y:0.000 RX_Z:0.000
[ZONE-ROUTE] CID:12 zone=1 edge_port=9998
[EDGE-RTT] CID:12 wall=1.0 ms  sim_delay=5.0 ms
>>> [UAV->CLOUD] BLK:3137|TX:7.0.0.16|CID:12|TS:22.264|SPD:25.4|HDG:-0.6|PX:517.9|PY:-30....
[ECON-CLAWBACK] CID:11 ACT=WARN prior_payoff=-39.6 extra_penalty=4.8 new_payoff=-44.4
[FORGIVENESS] CID:11 WARN #16 — streak reset, benefits revoked
⚠ [CAR 11] ACT=WARN REP=0.638 RWD=0.000 PNL=4.850 CREDIT=-2
[ECON-CLAWBACK] CID:12 ACT=WARN prior_payoff=-26.257 extra_penalty=4.000 new_payoff=-30.359
[FORGIVENESS] CID:12 WARN #13 — streak reset, benefits revoked
⚠ [CAR 12] ACT=WARN REP=0.619 RWD=0.000 PNL=4.102 CREDIT=-2
[PASSIVE-BEACON] SIMNOW:22.362 CID:4 ZONE:1 RXUAV:1 EDGEPORT:9998 TS:22.350 SPD:24.900 HDG:-1.500 PX:460.000 PY:-50.000 LAN:5 BRK:0 RX_X:0.000 RX_Y:0.000 RX_Z:0.000
[ZONE-ROUTE] CID:4 zone=1 edge_port=9998
[EDGE-RTT] CID:4 wall=1.4 ms  sim_delay=5.0 ms
>>> [UAV->CLOUD] BLK:e87c|TX:7.0.0.8|CID:4|TS:22.350|SPD:24.9|HDG:-1.5|PX:460.0|PY:-50.0|...
[PASSIVE-BEACON] SIMNOW:22.362 CID:3 ZONE:1 RXUAV:1 EDGEPORT:9998 TS:22.350 SPD:24.900 HDG:1.100 PX:468.900 PY:-40.000 LAN:4 BRK:0 RX_X:0.000 RX_Y:0.000 RX_Z:0.000
[ZONE-ROUTE] CID:3 zone=1 edge_port=9998
[EDGE-RTT] CID:3 wall=2.4 ms  sim_delay=5.0 ms
>>> [UAV->CLOUD] BLK:502e|TX:7.0.0.7|CID:3|TS:22.350|SPD:24.9|HDG:1.1|PX:468.9|PY:-40.0|L...
[ECON-CLAWBACK] CID:4 ACT=WARN prior_payoff=-0.1 extra_penalty=1.8 new_payoff=-1.9
[FORGIVENESS] CID:4 WARN #4 — streak reset, benefits revoked
⚠ [CAR 4] ACT=WARN REP=0.672 RWD=0.000 PNL=1.851 CREDIT=-2
[ECON-CLAWBACK] CID:3 ACT=WARN prior_payoff=-12.169 extra_penalty=3.000 new_payoff=-15.270
[FORGIVENESS] CID:3 WARN #9 — streak reset, benefits revoked
⚠ [CAR 3] ACT=WARN REP=0.538 RWD=0.000 PNL=3.101 CREDIT=-2
[PASSIVE-BEACON] SIMNOW:22.416 CID:8 ZONE:1 RXUAV:1 EDGEPORT:9998 TS:22.402 SPD:25.100 HDG:0.800 PX:490.800 PY:-40.000 LAN:4 BRK:0 RX_X:0.000 RX_Y:0.000 RX_Z:0.000
[ZONE-ROUTE] CID:8 zone=1 edge_port=9998
[EDGE-RTT] CID:8 wall=1.0 ms  sim_delay=5.0 ms
>>> [UAV->CLOUD] BLK:b098|TX:7.0.0.12|CID:8|TS:22.402|SPD:25.1|HDG:0.8|PX:490.8|PY:-40.0|...
[ECON-CLAWBACK] CID:8 ACT=WARN prior_payoff=-15.3 extra_penalty=3.2 new_payoff=-18.7
[FORGIVENESS] CID:8 WARN #10 — streak reset, benefits revoked
⚠ [CAR 8] ACT=WARN REP=0.761 RWD=0.000 PNL=3.352 CREDIT=-2
[PASSIVE-BEACON] SIMNOW:22.454 CID:0 ZONE:1 RXUAV:1 EDGEPORT:9998 TS:22.440 SPD:24.700 HDG:-0.200 PX:501.000 PY:-10.000 LAN:1 BRK:0 RX_X:0.000 RX_Y:0.000 RX_Z:0.000
[ZONE-ROUTE] CID:0 zone=1 edge_port=9998
[EDGE-RTT] CID:0 wall=1.1 ms  sim_delay=10.0 ms
>>> [UAV->CLOUD] BLK:1153|TX:7.0.0.4|CID:0|TS:22.440|SPD:24.7|HDG:-0.2|PX:501.0|PY:-10.0|...
[ECON-CLAWBACK] CID:0 ACT=WARN prior_payoff=-72.9 extra_penalty=6.2 new_payoff=-79.2
[FORGIVENESS] CID:0 WARN #22 — streak reset, benefits revoked
⚠ [CAR 0] ACT=WARN REP=0.141 RWD=0.000 PNL=6.350 CREDIT=-2
[PASSIVE-BEACON] SIMNOW:22.496 CID:5 ZONE:1 RXUAV:1 EDGEPORT:9998 TS:22.482 SPD:24.700 HDG:0.900 PX:522.400 PY:-10.000 LAN:1 BRK:0 RX_X:0.000 RX_Y:0.000 RX_Z:0.000
[ZONE-ROUTE] CID:5 zone=1 edge_port=9998
[EDGE-RTT] CID:5 wall=1.1 ms  sim_delay=10.0 ms
>>> [UAV->CLOUD] BLK:6b3a|TX:7.0.0.9|CID:5|TS:22.482|SPD:24.7|HDG:0.9|PX:522.4|PY:-10.0|L...
[PASSIVE-BEACON] SIMNOW:22.500 CID:17 ZONE:1 RXUAV:1 EDGEPORT:9998 TS:22.486 SPD:25.300 HDG:-1.000 PX:543.300 PY:-30.000 LAN:3 BRK:0 RX_X:0.000 RX_Y:0.000 RX_Z:0.000
[ZONE-ROUTE] CID:17 zone=1 edge_port=9998
[EDGE-RTT] CID:17 wall=0.9 ms  sim_delay=5.0 ms
>>> [UAV->CLOUD] BLK:025b|TX:7.0.0.21|CID:17|TS:22.486|SPD:25.3|HDG:-1.0|PX:543.3|PY:-30....
[ECON-CLAWBACK] CID:5 ACT=WARN prior_payoff=-72.8 extra_penalty=6.2 new_payoff=-79.2
[FORGIVENESS] CID:5 WARN #22 — streak reset, benefits revoked
⚠ [CAR 5] ACT=WARN REP=0.203 RWD=0.000 PNL=6.350 CREDIT=-2
[ECON-CLAWBACK] CID:17 ACT=WARN prior_payoff=-30.485 extra_penalty=4.250 new_payoff=-34.837
[FORGIVENESS] CID:17 WARN #14 — streak reset, benefits revoked
⚠ [CAR 17] ACT=WARN REP=0.664 RWD=0.000 PNL=4.352 CREDIT=-2
[PASSIVE-BEACON] SIMNOW:22.530 CID:18 ZONE:1 RXUAV:1 EDGEPORT:9998 TS:22.516 SPD:24.800 HDG:-0.400 PX:533.800 PY:-40.000 LAN:4 BRK:1 RX_X:0.000 RX_Y:0.000 RX_Z:0.000
[ZONE-ROUTE] CID:18 zone=1 edge_port=9998
[EDGE-RTT] CID:18 wall=1.3 ms  sim_delay=5.0 ms
>>> [UAV->CLOUD] BLK:1742|TX:7.0.0.22|CID:18|TS:22.516|SPD:24.8|HDG:-0.4|PX:533.8|PY:-40....
[PASSIVE-BEACON] SIMNOW:22.540 CID:15 ZONE:1 RXUAV:1 EDGEPORT:9998 TS:22.526 SPD:25.500 HDG:-1.000 PX:564.200 PY:-10.000 LAN:1 BRK:0 RX_X:0.000 RX_Y:0.000 RX_Z:0.000
[ZONE-ROUTE] CID:15 zone=1 edge_port=9998
[EDGE-RTT] CID:15 wall=1.1 ms  sim_delay=5.0 ms
>>> [UAV->CLOUD] BLK:321d|TX:7.0.0.19|CID:15|TS:22.526|SPD:25.5|HDG:-1.0|PX:564.2|PY:-10....
[PASSIVE-BEACON] SIMNOW:22.540 CID:16 ZONE:1 RXUAV:1 EDGEPORT:9998 TS:22.526 SPD:25.400 HDG:-1.400 PX:553.000 PY:-20.000 LAN:2 BRK:0 RX_X:0.000 RX_Y:0.000 RX_Z:0.000
[ZONE-ROUTE] CID:16 zone=1 edge_port=9998
[EDGE-RTT] CID:16 wall=2.3 ms  sim_delay=5.0 ms
>>> [UAV->CLOUD] BLK:1d94|TX:7.0.0.20|CID:16|TS:22.526|SPD:25.4|HDG:-1.4|PX:553.0|PY:-20....
[ECON-CLAWBACK] CID:18 ACT=WARN prior_payoff=-15.3 extra_penalty=3.2 new_payoff=-18.6
[FORGIVENESS] CID:18 WARN #10 — streak reset, benefits revoked
⚠ [CAR 18] ACT=WARN REP=0.883 RWD=0.000 PNL=3.351 CREDIT=-2
[ECON-CLAWBACK] CID:15 ACT=WARN prior_payoff=-72.673 extra_penalty=6.250 new_payoff=-79.025
[FORGIVENESS] CID:15 WARN #22 — streak reset, benefits revoked
⚠ [CAR 15] ACT=WARN REP=0.398 RWD=0.000 PNL=6.352 CREDIT=-2
[ECON-CLAWBACK] CID:16 ACT=WARN prior_payoff=-44.370 extra_penalty=5.000 new_payoff=-49.472
[FORGIVENESS] CID:16 WARN #17 — streak reset, benefits revoked
⚠ [CAR 16] ACT=WARN REP=0.686 RWD=0.000 PNL=5.102 CREDIT=-2
[PASSIVE-BEACON] SIMNOW:22.636 CID:7 ZONE:1 RXUAV:1 EDGEPORT:9998 TS:22.622 SPD:25.000 HDG:1.300 PX:506.600 PY:-30.000 LAN:3 BRK:0 RX_X:0.000 RX_Y:0.000 RX_Z:0.000
[ZONE-ROUTE] CID:7 zone=1 edge_port=9998
[EDGE-RTT] CID:7 wall=1.3 ms  sim_delay=5.0 ms
>>> [UAV->CLOUD] BLK:27f5|TX:7.0.0.11|CID:7|TS:22.622|SPD:25.0|HDG:1.3|PX:506.6|PY:-30.0|...
[ECON-CLAWBACK] CID:7 ACT=WARN prior_payoff=-30.4 extra_penalty=4.2 new_payoff=-34.7
[FORGIVENESS] CID:7 WARN #14 — streak reset, benefits revoked
⚠ [CAR 7] ACT=WARN REP=0.552 RWD=0.000 PNL=4.351 CREDIT=-2
[PASSIVE-BEACON] SIMNOW:22.676 CID:14 ZONE:1 RXUAV:1 EDGEPORT:9998 TS:22.664 SPD:25.300 HDG:-0.800 PX:506.700 PY:-50.000 LAN:5 BRK:0 RX_X:0.000 RX_Y:0.000 RX_Z:0.000
[ZONE-ROUTE] CID:14 zone=1 edge_port=9998
[EDGE-RTT] CID:14 wall=1.2 ms  sim_delay=5.0 ms
>>> [UAV->CLOUD] BLK:2982|TX:7.0.0.18|CID:14|TS:22.664|SPD:25.3|HDG:-0.8|PX:506.7|PY:-50....
[PASSIVE-BEACON] SIMNOW:22.686 CID:6 ZONE:1 RXUAV:1 EDGEPORT:9998 TS:22.672 SPD:25.500 HDG:1.600 PX:517.800 PY:-20.000 LAN:2 BRK:0 RX_X:0.000 RX_Y:0.000 RX_Z:0.000
[ZONE-ROUTE] CID:6 zone=1 edge_port=9998
[EDGE-RTT] CID:6 wall=1.4 ms  sim_delay=5.0 ms
>>> [UAV->CLOUD] BLK:6c1b|TX:7.0.0.10|CID:6|TS:22.672|SPD:25.5|HDG:1.6|PX:517.8|PY:-20.0|...
[ECON-CLAWBACK] CID:14 ACT=WARN prior_payoff=-1.9 extra_penalty=2.0 new_payoff=-4.0
[FORGIVENESS] CID:14 WARN #5 — streak reset, benefits revoked
⚠ [CAR 14] ACT=WARN REP=0.982 RWD=0.000 PNL=2.102 CREDIT=-2
[ECON-CLAWBACK] CID:6 ACT=WARN prior_payoff=-44.360 extra_penalty=5.000 new_payoff=-49.462
[FORGIVENESS] CID:6 WARN #17 — streak reset, benefits revoked
⚠ [CAR 6] ACT=WARN REP=0.632 RWD=0.000 PNL=5.102 CREDIT=-2
[PASSIVE-BEACON] SIMNOW:22.710 CID:19 ZONE:1 RXUAV:1 EDGEPORT:9998 TS:22.696 SPD:25.300 HDG:-1.400 PX:527.800 PY:-50.000 LAN:5 BRK:0 RX_X:0.000 RX_Y:0.000 RX_Z:0.000
[ZONE-ROUTE] CID:19 zone=1 edge_port=9998
[EDGE-RTT] CID:19 wall=1.1 ms  sim_delay=5.0 ms
>>> [UAV->CLOUD] BLK:2cdc|TX:7.0.0.23|CID:19|TS:22.696|SPD:25.3|HDG:-1.4|PX:527.8|PY:-50....
[ECON-CLAWBACK] CID:19 ACT=WARN prior_payoff=-4.1 extra_penalty=2.2 new_payoff=-6.4
[FORGIVENESS] CID:19 WARN #6 — streak reset, benefits revoked
⚠ [CAR 19] ACT=WARN REP=0.733 RWD=0.000 PNL=2.352 CREDIT=-2
[PASSIVE-BEACON] SIMNOW:22.746 CID:9 ZONE:1 RXUAV:1 EDGEPORT:9998 TS:22.732 SPD:24.600 HDG:-0.000 PX:488.200 PY:-50.000 LAN:5 BRK:0 RX_X:0.000 RX_Y:0.000 RX_Z:0.000
[ZONE-ROUTE] CID:9 zone=1 edge_port=9998
[EDGE-RTT] CID:9 wall=1.2 ms  sim_delay=5.0 ms
>>> [UAV->CLOUD] BLK:c333|TX:7.0.0.13|CID:9|TS:22.732|SPD:24.6|HDG:-0.0|PX:488.2|PY:-50.0...
[PASSIVE-BEACON] SIMNOW:22.758 CID:13 ZONE:1 RXUAV:1 EDGEPORT:9998 TS:22.744 SPD:24.700 HDG:-0.200 PX:519.800 PY:-40.000 LAN:4 BRK:0 RX_X:0.000 RX_Y:0.000 RX_Z:0.000
[ZONE-ROUTE] CID:13 zone=1 edge_port=9998
[EDGE-RTT] CID:13 wall=1.2 ms  sim_delay=5.0 ms
>>> [UAV->CLOUD] BLK:263b|TX:7.0.0.17|CID:13|TS:22.744|SPD:24.7|HDG:-0.2|PX:519.8|PY:-40....
[PASSIVE-BEACON] SIMNOW:22.758 CID:10 ZONE:1 RXUAV:1 EDGEPORT:9998 TS:22.744 SPD:24.700 HDG:-0.700 PX:549.200 PY:-10.000 LAN:1 BRK:0 RX_X:0.000 RX_Y:0.000 RX_Z:0.000
[ZONE-ROUTE] CID:10 zone=1 edge_port=9998
[EDGE-RTT] CID:10 wall=2.8 ms  sim_delay=10.0 ms
>>> [UAV->CLOUD] BLK:cc31|TX:7.0.0.14|CID:10|TS:22.744|SPD:24.7|HDG:-0.7|PX:549.2|PY:-10....
[ECON-CLAWBACK] CID:9 ACT=WARN prior_payoff=-4.1 extra_penalty=2.2 new_payoff=-6.5
[FORGIVENESS] CID:9 WARN #6 — streak reset, benefits revoked
⚠ [CAR 9] ACT=WARN REP=0.978 RWD=0.000 PNL=2.350 CREDIT=-2
[PASSIVE-BEACON] SIMNOW:22.768 CID:11 ZONE:1 RXUAV:1 EDGEPORT:9998 TS:22.754 SPD:24.700 HDG:0.100 PX:538.800 PY:-20.000 LAN:2 BRK:0 RX_X:0.000 RX_Y:0.000 RX_Z:0.000
[ZONE-ROUTE] CID:11 zone=1 edge_port=9998
[EDGE-RTT] CID:11 wall=1.0 ms  sim_delay=5.0 ms
>>> [UAV->CLOUD] BLK:c0c6|TX:7.0.0.15|CID:11|TS:22.754|SPD:24.7|HDG:0.1|PX:538.8|PY:-20.0...
[ECON-CLAWBACK] CID:13 ACT=WARN prior_payoff=-15.2 extra_penalty=3.2 new_payoff=-18.6
[FORGIVENESS] CID:13 WARN #10 — streak reset, benefits revoked
⚠ [CAR 13] ACT=WARN REP=1.000 RWD=0.000 PNL=3.350 CREDIT=-2
[ECON-CLAWBACK] CID:10 ACT=WARN prior_payoff=-72.826 extra_penalty=6.250 new_payoff=-79.176
[FORGIVENESS] CID:10 WARN #22 — streak reset, benefits revoked
⚠ [CAR 10] ACT=WARN REP=0.548 RWD=0.000 PNL=6.350 CREDIT=-2
[PASSIVE-BEACON] SIMNOW:22.778 CID:12 ZONE:1 RXUAV:1 EDGEPORT:9998 TS:22.764 SPD:24.500 HDG:1.900 PX:530.200 PY:-30.000 LAN:3 BRK:0 RX_X:0.000 RX_Y:0.000 RX_Z:0.000
[ZONE-ROUTE] CID:12 zone=1 edge_port=9998
[EDGE-RTT] CID:12 wall=1.0 ms  sim_delay=5.0 ms
>>> [UAV->CLOUD] BLK:e299|TX:7.0.0.16|CID:12|TS:22.764|SPD:24.5|HDG:1.9|PX:530.2|PY:-30.0...
[ECON-CLAWBACK] CID:11 ACT=WARN prior_payoff=-44.4 extra_penalty=5.0 new_payoff=-49.5
[FORGIVENESS] CID:11 WARN #17 — streak reset, benefits revoked
⚠ [CAR 11] ACT=WARN REP=0.674 RWD=0.000 PNL=5.100 CREDIT=-2
[ECON-CLAWBACK] CID:12 ACT=WARN prior_payoff=-30.359 extra_penalty=4.250 new_payoff=-34.708
[FORGIVENESS] CID:12 WARN #14 — streak reset, benefits revoked
⚠ [CAR 12] ACT=WARN REP=0.662 RWD=0.000 PNL=4.349 CREDIT=-2
[PASSIVE-BEACON] SIMNOW:22.864 CID:4 ZONE:1 RXUAV:1 EDGEPORT:9998 TS:22.850 SPD:24.900 HDG:0.800 PX:471.300 PY:-50.000 LAN:5 BRK:0 RX_X:0.000 RX_Y:0.000 RX_Z:0.000
[ZONE-ROUTE] CID:4 zone=1 edge_port=9998
[EDGE-RTT] CID:4 wall=1.3 ms  sim_delay=5.0 ms
>>> [UAV->CLOUD] BLK:f692|TX:7.0.0.8|CID:4|TS:22.850|SPD:24.9|HDG:0.8|PX:471.3|PY:-50.0|L...
[PASSIVE-BEACON] SIMNOW:22.864 CID:3 ZONE:1 RXUAV:1 EDGEPORT:9998 TS:22.850 SPD:24.800 HDG:0.600 PX:482.500 PY:-40.000 LAN:4 BRK:0 RX_X:0.000 RX_Y:0.000 RX_Z:0.000
[ZONE-ROUTE] CID:3 zone=1 edge_port=9998
[EDGE-RTT] CID:3 wall=3.0 ms  sim_delay=5.0 ms
>>> [UAV->CLOUD] BLK:e51a|TX:7.0.0.7|CID:3|TS:22.850|SPD:24.8|HDG:0.6|PX:482.5|PY:-40.0|L...
[ECON-CLAWBACK] CID:4 ACT=WARN prior_payoff=-1.9 extra_penalty=2.0 new_payoff=-4.0
[FORGIVENESS] CID:4 WARN #5 — streak reset, benefits revoked
⚠ [CAR 4] ACT=WARN REP=0.848 RWD=0.000 PNL=2.101 CREDIT=-2
[ECON-CLAWBACK] CID:3 ACT=WARN prior_payoff=-15.270 extra_penalty=3.250 new_payoff=-18.621
[FORGIVENESS] CID:3 WARN #10 — streak reset, benefits revoked
⚠ [CAR 3] ACT=WARN REP=0.554 RWD=0.000 PNL=3.351 CREDIT=-2
[PASSIVE-BEACON] SIMNOW:22.916 CID:8 ZONE:1 RXUAV:1 EDGEPORT:9998 TS:22.902 SPD:25.200 HDG:-1.000 PX:502.700 PY:-40.000 LAN:4 BRK:0 RX_X:0.000 RX_Y:0.000 RX_Z:0.000
[ZONE-ROUTE] CID:8 zone=1 edge_port=9998
[EDGE-RTT] CID:8 wall=1.0 ms  sim_delay=5.0 ms
>>> [UAV->CLOUD] BLK:c3b2|TX:7.0.0.12|CID:8|TS:22.902|SPD:25.2|HDG:-1.0|PX:502.7|PY:-40.0...
[ECON-CLAWBACK] CID:8 ACT=WARN prior_payoff=-18.7 extra_penalty=3.5 new_payoff=-22.3
[FORGIVENESS] CID:8 WARN #11 — streak reset, benefits revoked
⚠ [CAR 8] ACT=WARN REP=0.912 RWD=0.000 PNL=3.602 CREDIT=-2
[PASSIVE-BEACON] SIMNOW:22.954 CID:0 ZONE:1 RXUAV:1 EDGEPORT:9998 TS:22.940 SPD:24.600 HDG:-0.200 PX:514.700 PY:-10.000 LAN:1 BRK:0 RX_X:0.000 RX_Y:0.000 RX_Z:0.000
[ZONE-ROUTE] CID:0 zone=1 edge_port=9998
[EDGE-RTT] CID:0 wall=1.2 ms  sim_delay=10.0 ms
>>> [UAV->CLOUD] BLK:d5d8|TX:7.0.0.4|CID:0|TS:22.940|SPD:24.6|HDG:-0.2|PX:514.7|PY:-10.0|...
[ECON-CLAWBACK] CID:0 ACT=WARN prior_payoff=-79.2 extra_penalty=6.5 new_payoff=-85.8
[FORGIVENESS] CID:0 WARN #23 — streak reset, benefits revoked
⚠ [CAR 0] ACT=WARN REP=0.462 RWD=0.000 PNL=6.599 CREDIT=-2
[PASSIVE-BEACON] SIMNOW:22.996 CID:5 ZONE:1 RXUAV:1 EDGEPORT:9998 TS:22.982 SPD:25.300 HDG:-0.200 PX:534.600 PY:-10.000 LAN:1 BRK:0 RX_X:0.000 RX_Y:0.000 RX_Z:0.000
[ZONE-ROUTE] CID:5 zone=1 edge_port=9998
[EDGE-RTT] CID:5 wall=1.0 ms  sim_delay=10.0 ms
>>> [UAV->CLOUD] BLK:e76f|TX:7.0.0.9|CID:5|TS:22.982|SPD:25.3|HDG:-0.2|PX:534.6|PY:-10.0|...
[PASSIVE-BEACON] SIMNOW:23.000 CID:17 ZONE:1 RXUAV:1 EDGEPORT:9998 TS:22.986 SPD:24.800 HDG:1.500 PX:555.300 PY:-30.000 LAN:3 BRK:0 RX_X:0.000 RX_Y:0.000 RX_Z:0.000
[ZONE-ROUTE] CID:17 zone=1 edge_port=9998
[EDGE-RTT] CID:17 wall=0.8 ms  sim_delay=5.0 ms
>>> [UAV->CLOUD] BLK:f0b1|TX:7.0.0.21|CID:17|TS:22.986|SPD:24.8|HDG:1.5|PX:555.3|PY:-30.0...
[ECON-CLAWBACK] CID:5 ACT=WARN prior_payoff=-79.2 extra_penalty=6.5 new_payoff=-85.8
[FORGIVENESS] CID:5 WARN #23 — streak reset, benefits revoked
⚠ [CAR 5] ACT=WARN REP=0.568 RWD=0.000 PNL=6.602 CREDIT=-2
[ECON-CLAWBACK] CID:17 ACT=WARN prior_payoff=-34.837 extra_penalty=4.500 new_payoff=-39.438
[FORGIVENESS] CID:17 WARN #15 — streak reset, benefits revoked
⚠ [CAR 17] ACT=WARN REP=0.381 RWD=0.000 PNL=4.601 CREDIT=-2
[ATTACK-EMIT] CID:16 activeWindow=YES falsified=YES simT=23.026 realPX=566.250 fakePX=566.250 realSPD=25.000 fakeSPD=20.000 realTS=23.026 fakeTS=23.026 lane=2
[PASSIVE-BEACON] SIMNOW:23.030 CID:18 ZONE:1 RXUAV:1 EDGEPORT:9998 TS:23.016 SPD:24.800 HDG:0.300 PX:545.600 PY:-40.000 LAN:4 BRK:0 RX_X:0.000 RX_Y:0.000 RX_Z:0.000
[ZONE-ROUTE] CID:18 zone=1 edge_port=9998
[EDGE-RTT] CID:18 wall=1.3 ms  sim_delay=5.0 ms
>>> [UAV->CLOUD] BLK:6366|TX:7.0.0.22|CID:18|TS:23.016|SPD:24.8|HDG:0.3|PX:545.6|PY:-40.0...
[PASSIVE-BEACON] SIMNOW:23.040 CID:15 ZONE:1 RXUAV:1 EDGEPORT:9998 TS:23.026 SPD:25.300 HDG:-1.800 PX:576.300 PY:-10.000 LAN:1 BRK:0 RX_X:0.000 RX_Y:0.000 RX_Z:0.000
[ZONE-ROUTE] CID:15 zone=1 edge_port=9998
[EDGE-RTT] CID:15 wall=0.9 ms  sim_delay=5.0 ms
>>> [UAV->CLOUD] BLK:0392|TX:7.0.0.19|CID:15|TS:23.026|SPD:25.3|HDG:-1.8|PX:576.3|PY:-10....
[PASSIVE-BEACON] SIMNOW:23.040 CID:16 ZONE:1 RXUAV:1 EDGEPORT:9998 TS:23.026 SPD:20.000 HDG:0.000 PX:566.300 PY:-20.000 LAN:2 BRK:1 RX_X:0.000 RX_Y:0.000 RX_Z:0.000
[ZONE-ROUTE] CID:16 zone=1 edge_port=9998
[EDGE-RTT] CID:16 wall=2.6 ms  sim_delay=5.0 ms
>>> [UAV->CLOUD] BLK:46da|TX:7.0.0.20|CID:16|TS:23.026|SPD:20.0|HDG:0.0|PX:566.3|PY:-20.0...
[ECON-CLAWBACK] CID:18 ACT=WARN prior_payoff=-18.6 extra_penalty=3.5 new_payoff=-22.2
[FORGIVENESS] CID:18 WARN #11 — streak reset, benefits revoked
⚠ [CAR 18] ACT=WARN REP=0.797 RWD=0.000 PNL=3.601 CREDIT=-2
[ECON-CLAWBACK] CID:15 ACT=WARN prior_payoff=-79.025 extra_penalty=6.500 new_payoff=-85.627
[FORGIVENESS] CID:15 WARN #23 — streak reset, benefits revoked
⚠ [CAR 15] ACT=WARN REP=0.481 RWD=0.000 PNL=6.602 CREDIT=-2
[ECON-GATE] CID:16 probation active - suppressing OK reward 0.984
✓ [CAR 16] ACT=OK REP=0.823 RWD=0.000 PNL=0.000 CREDIT=0
[PASSIVE-BEACON] SIMNOW:23.136 CID:7 ZONE:1 RXUAV:1 EDGEPORT:9998 TS:23.122 SPD:24.500 HDG:-0.800 PX:518.500 PY:-30.000 LAN:3 BRK:0 RX_X:0.000 RX_Y:0.000 RX_Z:0.000
[ZONE-ROUTE] CID:7 zone=1 edge_port=9998
[EDGE-RTT] CID:7 wall=1.5 ms  sim_delay=5.0 ms
>>> [UAV->CLOUD] BLK:48c2|TX:7.0.0.11|CID:7|TS:23.122|SPD:24.5|HDG:-0.8|PX:518.5|PY:-30.0...
[ECON-CLAWBACK] CID:7 ACT=WARN prior_payoff=-34.7 extra_penalty=4.5 new_payoff=-39.3
[FORGIVENESS] CID:7 WARN #15 — streak reset, benefits revoked
⚠ [CAR 7] ACT=WARN REP=0.807 RWD=0.000 PNL=4.599 CREDIT=-2
[PASSIVE-BEACON] SIMNOW:23.179 CID:14 ZONE:1 RXUAV:1 EDGEPORT:9998 TS:23.164 SPD:24.900 HDG:1.600 PX:519.500 PY:-50.000 LAN:5 BRK:0 RX_X:0.000 RX_Y:0.000 RX_Z:0.000
[ZONE-ROUTE] CID:14 zone=1 edge_port=9998
[EDGE-RTT] CID:14 wall=1.2 ms  sim_delay=5.0 ms
>>> [UAV->CLOUD] BLK:8150|TX:7.0.0.18|CID:14|TS:23.164|SPD:24.9|HDG:1.6|PX:519.5|PY:-50.0...
[PASSIVE-BEACON] SIMNOW:23.186 CID:6 ZONE:1 RXUAV:1 EDGEPORT:9998 TS:23.172 SPD:24.600 HDG:2.000 PX:529.200 PY:-20.000 LAN:2 BRK:0 RX_X:0.000 RX_Y:0.000 RX_Z:0.000
[ZONE-ROUTE] CID:6 zone=1 edge_port=9998
[EDGE-RTT] CID:6 wall=1.1 ms  sim_delay=5.0 ms
>>> [UAV->CLOUD] BLK:4ed4|TX:7.0.0.10|CID:6|TS:23.172|SPD:24.6|HDG:2.0|PX:529.2|PY:-20.0|...
[ECON-CLAWBACK] CID:14 ACT=WARN prior_payoff=-4.0 extra_penalty=2.2 new_payoff=-6.4
[FORGIVENESS] CID:14 WARN #6 — streak reset, benefits revoked
⚠ [CAR 14] ACT=WARN REP=0.754 RWD=0.000 PNL=2.351 CREDIT=-2
[ECON-CLAWBACK] CID:6 ACT=WARN prior_payoff=-49.462 extra_penalty=5.250 new_payoff=-54.811
[FORGIVENESS] CID:6 WARN #18 — streak reset, benefits revoked
⚠ [CAR 6] ACT=WARN REP=0.598 RWD=0.000 PNL=5.349 CREDIT=-2
[PASSIVE-BEACON] SIMNOW:23.210 CID:19 ZONE:1 RXUAV:1 EDGEPORT:9998 TS:23.196 SPD:24.500 HDG:1.000 PX:540.400 PY:-50.000 LAN:5 BRK:0 RX_X:0.000 RX_Y:0.000 RX_Z:0.000
[ZONE-ROUTE] CID:19 zone=1 edge_port=9998
[EDGE-RTT] CID:19 wall=1.3 ms  sim_delay=5.0 ms
>>> [UAV->CLOUD] BLK:e1b7|TX:7.0.0.23|CID:19|TS:23.196|SPD:24.5|HDG:1.0|PX:540.4|PY:-50.0...
[ECON-CLAWBACK] CID:19 ACT=WARN prior_payoff=-6.4 extra_penalty=2.5 new_payoff=-9.0
[FORGIVENESS] CID:19 WARN #7 — streak reset, benefits revoked
⚠ [CAR 19] ACT=WARN REP=0.718 RWD=0.000 PNL=2.599 CREDIT=-2
[ATTACK-EMIT] CID:10 activeWindow=YES falsified=YES simT=23.244 realPX=561.700 fakePX=561.700 realSPD=25.000 fakeSPD=20.000 realTS=23.244 fakeTS=23.244 lane=1
[PASSIVE-BEACON] SIMNOW:23.246 CID:9 ZONE:1 RXUAV:1 EDGEPORT:9998 TS:23.232 SPD:24.600 HDG:-0.600 PX:501.400 PY:-50.000 LAN:5 BRK:0 RX_X:0.000 RX_Y:0.000 RX_Z:0.000
[ZONE-ROUTE] CID:9 zone=1 edge_port=9998
[EDGE-RTT] CID:9 wall=0.8 ms  sim_delay=5.0 ms
>>> [UAV->CLOUD] BLK:ac08|TX:7.0.0.13|CID:9|TS:23.232|SPD:24.6|HDG:-0.6|PX:501.4|PY:-50.0...
[PASSIVE-BEACON] SIMNOW:23.258 CID:13 ZONE:1 RXUAV:1 EDGEPORT:9998 TS:23.244 SPD:24.700 HDG:1.600 PX:532.000 PY:-40.000 LAN:4 BRK:0 RX_X:0.000 RX_Y:0.000 RX_Z:0.000
[ZONE-ROUTE] CID:13 zone=1 edge_port=9998
[EDGE-RTT] CID:13 wall=1.0 ms  sim_delay=5.0 ms
>>> [UAV->CLOUD] BLK:b0e1|TX:7.0.0.17|CID:13|TS:23.244|SPD:24.7|HDG:1.6|PX:532.0|PY:-40.0...
[ECON-CLAWBACK] CID:9 ACT=WARN prior_payoff=-6.5 extra_penalty=2.5 new_payoff=-9.1
[FORGIVENESS] CID:9 WARN #7 — streak reset, benefits revoked
⚠ [CAR 9] ACT=WARN REP=1.000 RWD=0.000 PNL=2.599 CREDIT=-2
[PASSIVE-BEACON] SIMNOW:23.261 CID:10 ZONE:1 RXUAV:1 EDGEPORT:9998 TS:23.244 SPD:20.000 HDG:0.000 PX:561.700 PY:-10.000 LAN:1 BRK:1 RX_X:0.000 RX_Y:0.000 RX_Z:0.000
[ZONE-ROUTE] CID:10 zone=1 edge_port=9998
[EDGE-RTT] CID:10 wall=1.0 ms  sim_delay=10.0 ms
>>> [UAV->CLOUD] BLK:da4c|TX:7.0.0.14|CID:10|TS:23.244|SPD:20.0|HDG:0.0|PX:561.7|PY:-10.0...
[PASSIVE-BEACON] SIMNOW:23.268 CID:11 ZONE:1 RXUAV:1 EDGEPORT:9998 TS:23.254 SPD:24.800 HDG:1.700 PX:552.400 PY:-20.000 LAN:2 BRK:0 RX_X:0.000 RX_Y:0.000 RX_Z:0.000
[ZONE-ROUTE] CID:11 zone=1 edge_port=9998
[EDGE-RTT] CID:11 wall=1.0 ms  sim_delay=5.0 ms
>>> [UAV->CLOUD] BLK:d252|TX:7.0.0.15|CID:11|TS:23.254|SPD:24.8|HDG:1.7|PX:552.4|PY:-20.0...
[ECON-CLAWBACK] CID:13 ACT=WARN prior_payoff=-18.6 extra_penalty=3.5 new_payoff=-22.2
[FORGIVENESS] CID:13 WARN #11 — streak reset, benefits revoked
⚠ [CAR 13] ACT=WARN REP=0.450 RWD=0.000 PNL=3.600 CREDIT=-2
[ECON-GATE] CID:10 probation active - suppressing OK reward 0.986
✓ [CAR 10] ACT=OK REP=0.459 RWD=0.000 PNL=0.000 CREDIT=0
[PASSIVE-BEACON] SIMNOW:23.278 CID:12 ZONE:1 RXUAV:1 EDGEPORT:9998 TS:23.264 SPD:25.300 HDG:-0.100 PX:541.900 PY:-30.000 LAN:3 BRK:0 RX_X:0.000 RX_Y:0.000 RX_Z:0.000
[ZONE-ROUTE] CID:12 zone=1 edge_port=9998
[EDGE-RTT] CID:12 wall=1.3 ms  sim_delay=5.0 ms
>>> [UAV->CLOUD] BLK:432d|TX:7.0.0.16|CID:12|TS:23.264|SPD:25.3|HDG:-0.1|PX:541.9|PY:-30....
[ECON-CLAWBACK] CID:11 ACT=WARN prior_payoff=-49.5 extra_penalty=5.2 new_payoff=-54.9
[FORGIVENESS] CID:11 WARN #18 — streak reset, benefits revoked
⚠ [CAR 11] ACT=WARN REP=0.656 RWD=0.000 PNL=5.350 CREDIT=-2
[ECON-CLAWBACK] CID:12 ACT=WARN prior_payoff=-34.708 extra_penalty=4.500 new_payoff=-39.310
[FORGIVENESS] CID:12 WARN #15 — streak reset, benefits revoked
⚠ [CAR 12] ACT=WARN REP=0.726 RWD=0.000 PNL=4.602 CREDIT=-2
[PASSIVE-BEACON] SIMNOW:23.364 CID:4 ZONE:1 RXUAV:1 EDGEPORT:9998 TS:23.350 SPD:25.300 HDG:-1.700 PX:484.500 PY:-50.000 LAN:5 BRK:0 RX_X:0.000 RX_Y:0.000 RX_Z:0.000
[ZONE-ROUTE] CID:4 zone=1 edge_port=9998
[EDGE-RTT] CID:4 wall=1.2 ms  sim_delay=5.0 ms
>>> [UAV->CLOUD] BLK:8e28|TX:7.0.0.8|CID:4|TS:23.350|SPD:25.3|HDG:-1.7|PX:484.5|PY:-50.0|...
[PASSIVE-BEACON] SIMNOW:23.364 CID:3 ZONE:1 RXUAV:1 EDGEPORT:9998 TS:23.350 SPD:24.800 HDG:-0.500 PX:494.200 PY:-40.000 LAN:4 BRK:0 RX_X:0.000 RX_Y:0.000 RX_Z:0.000
[ZONE-ROUTE] CID:3 zone=1 edge_port=9998
[EDGE-RTT] CID:3 wall=2.8 ms  sim_delay=5.0 ms
>>> [UAV->CLOUD] BLK:a5e8|TX:7.0.0.7|CID:3|TS:23.350|SPD:24.8|HDG:-0.5|PX:494.2|PY:-40.0|...
[ECON-CLAWBACK] CID:4 ACT=WARN prior_payoff=-4.0 extra_penalty=2.2 new_payoff=-6.4
[FORGIVENESS] CID:4 WARN #6 — streak reset, benefits revoked
⚠ [CAR 4] ACT=WARN REP=0.991 RWD=0.000 PNL=2.352 CREDIT=-2
[ECON-CLAWBACK] CID:3 ACT=WARN prior_payoff=-18.621 extra_penalty=3.500 new_payoff=-22.222
[FORGIVENESS] CID:3 WARN #11 — streak reset, benefits revoked
⚠ [CAR 3] ACT=WARN REP=0.870 RWD=0.000 PNL=3.601 CREDIT=-2
[PASSIVE-BEACON] SIMNOW:23.415 CID:8 ZONE:1 RXUAV:1 EDGEPORT:9998 TS:23.402 SPD:25.200 HDG:-0.700 PX:516.200 PY:-40.000 LAN:4 BRK:0 RX_X:0.000 RX_Y:0.000 RX_Z:0.000
[ZONE-ROUTE] CID:8 zone=1 edge_port=9998
[EDGE-RTT] CID:8 wall=1.3 ms  sim_delay=5.0 ms
>>> [UAV->CLOUD] BLK:24de|TX:7.0.0.12|CID:8|TS:23.402|SPD:25.2|HDG:-0.7|PX:516.2|PY:-40.0...
[ECON-CLAWBACK] CID:8 ACT=WARN prior_payoff=-22.3 extra_penalty=3.8 new_payoff=-26.1
[FORGIVENESS] CID:8 WARN #12 — streak reset, benefits revoked
⚠ [CAR 8] ACT=WARN REP=0.641 RWD=0.000 PNL=3.852 CREDIT=-2
[PASSIVE-BEACON] SIMNOW:23.454 CID:0 ZONE:1 RXUAV:1 EDGEPORT:9998 TS:23.440 SPD:25.400 HDG:1.500 PX:526.300 PY:-10.000 LAN:1 BRK:0 RX_X:0.000 RX_Y:0.000 RX_Z:0.000
[ZONE-ROUTE] CID:0 zone=1 edge_port=9998
[EDGE-RTT] CID:0 wall=1.0 ms  sim_delay=10.0 ms
>>> [UAV->CLOUD] BLK:8b36|TX:7.0.0.4|CID:0|TS:23.440|SPD:25.4|HDG:1.5|PX:526.3|PY:-10.0|L...
[ECON-CLAWBACK] CID:0 ACT=WARN prior_payoff=-85.8 extra_penalty=6.8 new_payoff=-92.7
[FORGIVENESS] CID:0 WARN #24 — streak reset, benefits revoked
⚠ [CAR 0] ACT=WARN REP=0.431 RWD=0.000 PNL=6.852 CREDIT=-2
[ATTACK-EMIT] CID:17 activeWindow=YES falsified=YES simT=23.486 realPX=567.750 fakePX=567.750 realSPD=25.000 fakeSPD=20.000 realTS=23.486 fakeTS=23.486 lane=3
[PASSIVE-BEACON] SIMNOW:23.499 CID:5 ZONE:1 RXUAV:1 EDGEPORT:9998 TS:23.482 SPD:24.800 HDG:1.000 PX:547.400 PY:-10.000 LAN:1 BRK:0 RX_X:0.000 RX_Y:0.000 RX_Z:0.000
[ZONE-ROUTE] CID:5 zone=1 edge_port=9998
[EDGE-RTT] CID:5 wall=1.2 ms  sim_delay=10.0 ms
>>> [UAV->CLOUD] BLK:2e97|TX:7.0.0.9|CID:5|TS:23.482|SPD:24.8|HDG:1.0|PX:547.4|PY:-10.0|L...
[PASSIVE-BEACON] SIMNOW:23.500 CID:17 ZONE:1 RXUAV:1 EDGEPORT:9998 TS:23.486 SPD:20.000 HDG:0.000 PX:567.800 PY:-30.000 LAN:3 BRK:0 RX_X:0.000 RX_Y:0.000 RX_Z:0.000
[ZONE-ROUTE] CID:17 zone=1 edge_port=9998
[EDGE-RTT] CID:17 wall=1.1 ms  sim_delay=5.0 ms
>>> [UAV->CLOUD] BLK:ad6c|TX:7.0.0.21|CID:17|TS:23.486|SPD:20.0|HDG:0.0|PX:567.8|PY:-30.0...
[ECON-CLAWBACK] CID:5 ACT=WARN prior_payoff=-85.8 extra_penalty=6.8 new_payoff=-92.6
[FORGIVENESS] CID:5 WARN #24 — streak reset, benefits revoked
⚠ [CAR 5] ACT=WARN REP=0.626 RWD=0.000 PNL=6.851 CREDIT=-2
[ECON-GATE] CID:17 probation active - suppressing OK reward 0.985
✓ [CAR 17] ACT=OK REP=0.850 RWD=0.000 PNL=0.000 CREDIT=0
[ATTACK-EMIT] CID:16 activeWindow=YES falsified=YES simT=23.526 realPX=578.750 fakePX=578.750 realSPD=25.000 fakeSPD=20.000 realTS=23.526 fakeTS=23.526 lane=2
[PASSIVE-BEACON] SIMNOW:23.530 CID:18 ZONE:1 RXUAV:1 EDGEPORT:9998 TS:23.516 SPD:25.000 HDG:1.100 PX:557.900 PY:-40.000 LAN:4 BRK:1 RX_X:0.000 RX_Y:0.000 RX_Z:0.000
[ZONE-ROUTE] CID:18 zone=1 edge_port=9998
[EDGE-RTT] CID:18 wall=1.1 ms  sim_delay=5.0 ms
>>> [UAV->CLOUD] BLK:b877|TX:7.0.0.22|CID:18|TS:23.516|SPD:25.0|HDG:1.1|PX:557.9|PY:-40.0...
[PASSIVE-BEACON] SIMNOW:23.540 CID:15 ZONE:1 RXUAV:1 EDGEPORT:9998 TS:23.526 SPD:25.000 HDG:-1.400 PX:589.200 PY:-10.000 LAN:1 BRK:0 RX_X:0.000 RX_Y:0.000 RX_Z:0.000
[ZONE-ROUTE] CID:15 zone=1 edge_port=9998
[EDGE-RTT] CID:15 wall=1.1 ms  sim_delay=5.0 ms
>>> [UAV->CLOUD] BLK:1156|TX:7.0.0.19|CID:15|TS:23.526|SPD:25.0|HDG:-1.4|PX:589.2|PY:-10....
[PASSIVE-BEACON] SIMNOW:23.540 CID:16 ZONE:1 RXUAV:1 EDGEPORT:9998 TS:23.526 SPD:20.000 HDG:0.000 PX:578.800 PY:-20.000 LAN:2 BRK:0 RX_X:0.000 RX_Y:0.000 RX_Z:0.000
[ZONE-ROUTE] CID:16 zone=1 edge_port=9998
[EDGE-RTT] CID:16 wall=3.0 ms  sim_delay=5.0 ms
>>> [UAV->CLOUD] BLK:c1b8|TX:7.0.0.20|CID:16|TS:23.526|SPD:20.0|HDG:0.0|PX:578.8|PY:-20.0...
[ECON-CLAWBACK] CID:18 ACT=WARN prior_payoff=-22.2 extra_penalty=3.8 new_payoff=-26.1
[FORGIVENESS] CID:18 WARN #12 — streak reset, benefits revoked
⚠ [CAR 18] ACT=WARN REP=0.649 RWD=0.000 PNL=3.851 CREDIT=-2
[ECON-CLAWBACK] CID:15 ACT=WARN prior_payoff=-85.627 extra_penalty=6.750 new_payoff=-92.479
[FORGIVENESS] CID:15 WARN #24 — streak reset, benefits revoked
⚠ [CAR 15] ACT=WARN REP=0.322 RWD=0.000 PNL=6.852 CREDIT=-2
[ECON-GATE] CID:16 probation active - suppressing OK reward 0.993
✓ [CAR 16] ACT=OK REP=0.475 RWD=0.000 PNL=0.000 CREDIT=1
[PASSIVE-BEACON] SIMNOW:23.636 CID:7 ZONE:1 RXUAV:1 EDGEPORT:9998 TS:23.622 SPD:25.000 HDG:-0.500 PX:531.900 PY:-30.000 LAN:3 BRK:0 RX_X:0.000 RX_Y:0.000 RX_Z:0.000
[ZONE-ROUTE] CID:7 zone=1 edge_port=9998
[EDGE-RTT] CID:7 wall=1.1 ms  sim_delay=5.0 ms
>>> [UAV->CLOUD] BLK:29f0|TX:7.0.0.11|CID:7|TS:23.622|SPD:25.0|HDG:-0.5|PX:531.9|PY:-30.0...
[ECON-CLAWBACK] CID:7 ACT=WARN prior_payoff=-39.3 extra_penalty=4.8 new_payoff=-44.2
[FORGIVENESS] CID:7 WARN #16 — streak reset, benefits revoked
⚠ [CAR 7] ACT=WARN REP=0.721 RWD=0.000 PNL=4.851 CREDIT=-2
[PASSIVE-BEACON] SIMNOW:23.678 CID:14 ZONE:1 RXUAV:1 EDGEPORT:9998 TS:23.664 SPD:24.700 HDG:-0.700 PX:531.700 PY:-50.000 LAN:5 BRK:0 RX_X:0.000 RX_Y:0.000 RX_Z:0.000
[ZONE-ROUTE] CID:14 zone=1 edge_port=9998
[EDGE-RTT] CID:14 wall=0.9 ms  sim_delay=5.0 ms
>>> [UAV->CLOUD] BLK:6fa0|TX:7.0.0.18|CID:14|TS:23.664|SPD:24.7|HDG:-0.7|PX:531.7|PY:-50....
[PASSIVE-BEACON] SIMNOW:23.686 CID:6 ZONE:1 RXUAV:1 EDGEPORT:9998 TS:23.672 SPD:25.200 HDG:-0.800 PX:541.800 PY:-20.000 LAN:2 BRK:1 RX_X:0.000 RX_Y:0.000 RX_Z:0.000
[ZONE-ROUTE] CID:6 zone=1 edge_port=9998
[EDGE-RTT] CID:6 wall=1.1 ms  sim_delay=5.0 ms
>>> [UAV->CLOUD] BLK:ad5e|TX:7.0.0.10|CID:6|TS:23.672|SPD:25.2|HDG:-0.8|PX:541.8|PY:-20.0...
[ECON-CLAWBACK] CID:14 ACT=WARN prior_payoff=-6.4 extra_penalty=2.5 new_payoff=-9.0
[FORGIVENESS] CID:14 WARN #7 — streak reset, benefits revoked
⚠ [CAR 14] ACT=WARN REP=0.848 RWD=0.000 PNL=2.600 CREDIT=-2
[ECON-CLAWBACK] CID:6 ACT=WARN prior_payoff=-54.811 extra_penalty=5.500 new_payoff=-60.413
[FORGIVENESS] CID:6 WARN #19 — streak reset, benefits revoked
⚠ [CAR 6] ACT=WARN REP=0.377 RWD=0.000 PNL=5.602 CREDIT=-2
[PASSIVE-BEACON] SIMNOW:23.710 CID:19 ZONE:1 RXUAV:1 EDGEPORT:9998 TS:23.696 SPD:24.800 HDG:-0.000 PX:553.000 PY:-50.000 LAN:5 BRK:1 RX_X:0.000 RX_Y:0.000 RX_Z:0.000
[ZONE-ROUTE] CID:19 zone=1 edge_port=9998
[EDGE-RTT] CID:19 wall=1.2 ms  sim_delay=5.0 ms
>>> [UAV->CLOUD] BLK:ced2|TX:7.0.0.23|CID:19|TS:23.696|SPD:24.8|HDG:-0.0|PX:553.0|PY:-50....
[ECON-CLAWBACK] CID:19 ACT=WARN prior_payoff=-9.0 extra_penalty=2.8 new_payoff=-11.9
[FORGIVENESS] CID:19 WARN #8 — streak reset, benefits revoked
⚠ [CAR 19] ACT=WARN REP=0.941 RWD=0.000 PNL=2.850 CREDIT=-2
[ATTACK-EMIT] CID:10 activeWindow=YES falsified=YES simT=23.744 realPX=574.200 fakePX=574.200 realSPD=25.000 fakeSPD=20.000 realTS=23.744 fakeTS=23.744 lane=1
[PASSIVE-BEACON] SIMNOW:23.746 CID:9 ZONE:1 RXUAV:1 EDGEPORT:9998 TS:23.732 SPD:24.900 HDG:1.400 PX:513.500 PY:-50.000 LAN:5 BRK:1 RX_X:0.000 RX_Y:0.000 RX_Z:0.000
[ZONE-ROUTE] CID:9 zone=1 edge_port=9998
[EDGE-RTT] CID:9 wall=1.1 ms  sim_delay=5.0 ms
>>> [UAV->CLOUD] BLK:28e9|TX:7.0.0.13|CID:9|TS:23.732|SPD:24.9|HDG:1.4|PX:513.5|PY:-50.0|...
[PASSIVE-BEACON] SIMNOW:23.758 CID:13 ZONE:1 RXUAV:1 EDGEPORT:9998 TS:23.744 SPD:24.600 HDG:0.800 PX:544.200 PY:-40.000 LAN:4 BRK:0 RX_X:0.000 RX_Y:0.000 RX_Z:0.000
[ZONE-ROUTE] CID:13 zone=1 edge_port=9998
[EDGE-RTT] CID:13 wall=0.9 ms  sim_delay=5.0 ms
>>> [UAV->CLOUD] BLK:6e65|TX:7.0.0.17|CID:13|TS:23.744|SPD:24.6|HDG:0.8|PX:544.2|PY:-40.0...
[PASSIVE-BEACON] SIMNOW:23.758 CID:10 ZONE:1 RXUAV:1 EDGEPORT:9998 TS:23.744 SPD:20.000 HDG:0.000 PX:574.200 PY:-10.000 LAN:1 BRK:0 RX_X:0.000 RX_Y:0.000 RX_Z:0.000
[ZONE-ROUTE] CID:10 zone=1 edge_port=9998
[EDGE-RTT] CID:10 wall=3.0 ms  sim_delay=10.0 ms
>>> [UAV->CLOUD] BLK:afdc|TX:7.0.0.14|CID:10|TS:23.744|SPD:20.0|HDG:0.0|PX:574.2|PY:-10.0...
[ECON-CLAWBACK] CID:9 ACT=WARN prior_payoff=-9.1 extra_penalty=2.8 new_payoff=-11.9
[FORGIVENESS] CID:9 WARN #8 — streak reset, benefits revoked
⚠ [CAR 9] ACT=WARN REP=0.733 RWD=0.000 PNL=2.851 CREDIT=-2
[PASSIVE-BEACON] SIMNOW:23.768 CID:11 ZONE:1 RXUAV:1 EDGEPORT:9998 TS:23.754 SPD:25.200 HDG:1.400 PX:564.300 PY:-20.000 LAN:2 BRK:0 RX_X:0.000 RX_Y:0.000 RX_Z:0.000
[ZONE-ROUTE] CID:11 zone=1 edge_port=9998
[EDGE-RTT] CID:11 wall=1.1 ms  sim_delay=5.0 ms
>>> [UAV->CLOUD] BLK:4ab3|TX:7.0.0.15|CID:11|TS:23.754|SPD:25.2|HDG:1.4|PX:564.3|PY:-20.0...
[ECON-CLAWBACK] CID:13 ACT=WARN prior_payoff=-22.2 extra_penalty=3.8 new_payoff=-26.0
[FORGIVENESS] CID:13 WARN #12 — streak reset, benefits revoked
⚠ [CAR 13] ACT=WARN REP=0.563 RWD=0.000 PNL=3.849 CREDIT=-2
[ECON-GATE] CID:10 probation active - suppressing OK reward 0.994
✓ [CAR 10] ACT=OK REP=0.300 RWD=0.000 PNL=0.000 CREDIT=1
[PASSIVE-BEACON] SIMNOW:23.778 CID:12 ZONE:1 RXUAV:1 EDGEPORT:9998 TS:23.764 SPD:25.200 HDG:1.500 PX:555.300 PY:-30.000 LAN:3 BRK:0 RX_X:0.000 RX_Y:0.000 RX_Z:0.000
[ZONE-ROUTE] CID:12 zone=1 edge_port=9998
[EDGE-RTT] CID:12 wall=1.1 ms  sim_delay=5.0 ms
>>> [UAV->CLOUD] BLK:b3bd|TX:7.0.0.16|CID:12|TS:23.764|SPD:25.2|HDG:1.5|PX:555.3|PY:-30.0...
[ECON-CLAWBACK] CID:11 ACT=WARN prior_payoff=-54.9 extra_penalty=5.5 new_payoff=-60.5
[FORGIVENESS] CID:11 WARN #19 — streak reset, benefits revoked
⚠ [CAR 11] ACT=WARN REP=0.718 RWD=0.000 PNL=5.602 CREDIT=-2
[ECON-CLAWBACK] CID:12 ACT=WARN prior_payoff=-39.310 extra_penalty=4.750 new_payoff=-44.162
[FORGIVENESS] CID:12 WARN #16 — streak reset, benefits revoked
⚠ [CAR 12] ACT=WARN REP=0.513 RWD=0.000 PNL=4.852 CREDIT=-2
[PASSIVE-BEACON] SIMNOW:23.863 CID:4 ZONE:1 RXUAV:1 EDGEPORT:9998 TS:23.850 SPD:24.900 HDG:-0.300 PX:496.900 PY:-50.000 LAN:5 BRK:0 RX_X:0.000 RX_Y:0.000 RX_Z:0.000
[ZONE-ROUTE] CID:4 zone=1 edge_port=9998
[EDGE-RTT] CID:4 wall=1.2 ms  sim_delay=5.0 ms
>>> [UAV->CLOUD] BLK:679b|TX:7.0.0.8|CID:4|TS:23.850|SPD:24.9|HDG:-0.3|PX:496.9|PY:-50.0|...
[PASSIVE-BEACON] SIMNOW:23.863 CID:3 ZONE:1 RXUAV:1 EDGEPORT:9998 TS:23.850 SPD:24.900 HDG:0.800 PX:506.700 PY:-40.000 LAN:4 BRK:0 RX_X:0.000 RX_Y:0.000 RX_Z:0.000
[ZONE-ROUTE] CID:3 zone=1 edge_port=9998
[EDGE-RTT] CID:3 wall=4.0 ms  sim_delay=5.0 ms
>>> [UAV->CLOUD] BLK:daea|TX:7.0.0.7|CID:3|TS:23.850|SPD:24.9|HDG:0.8|PX:506.7|PY:-40.0|L...
[ECON-CLAWBACK] CID:4 ACT=WARN prior_payoff=-6.4 extra_penalty=2.5 new_payoff=-9.0
[FORGIVENESS] CID:4 WARN #7 — streak reset, benefits revoked
⚠ [CAR 4] ACT=WARN REP=0.806 RWD=0.000 PNL=2.601 CREDIT=-2
[ECON-CLAWBACK] CID:3 ACT=WARN prior_payoff=-22.222 extra_penalty=3.750 new_payoff=-26.073
[FORGIVENESS] CID:3 WARN #12 — streak reset, benefits revoked
⚠ [CAR 3] ACT=WARN REP=0.902 RWD=0.000 PNL=3.851 CREDIT=-2
[PASSIVE-BEACON] SIMNOW:23.916 CID:8 ZONE:1 RXUAV:1 EDGEPORT:9998 TS:23.902 SPD:25.100 HDG:1.300 PX:527.800 PY:-40.000 LAN:4 BRK:0 RX_X:0.000 RX_Y:0.000 RX_Z:0.000
[ZONE-ROUTE] CID:8 zone=1 edge_port=9998
[EDGE-RTT] CID:8 wall=1.2 ms  sim_delay=5.0 ms
>>> [UAV->CLOUD] BLK:f82e|TX:7.0.0.12|CID:8|TS:23.902|SPD:25.1|HDG:1.3|PX:527.8|PY:-40.0|...
[ECON-CLAWBACK] CID:8 ACT=WARN prior_payoff=-26.1 extra_penalty=4.0 new_payoff=-30.2
[FORGIVENESS] CID:8 WARN #13 — streak reset, benefits revoked
⚠ [CAR 8] ACT=WARN REP=0.533 RWD=0.000 PNL=4.102 CREDIT=-2
[PASSIVE-BEACON] SIMNOW:23.952 CID:0 ZONE:1 RXUAV:1 EDGEPORT:9998 TS:23.940 SPD:14.700 HDG:-1.200 PX:537.100 PY:-10.000 LAN:1 BRK:0 RX_X:0.000 RX_Y:0.000 RX_Z:0.000
[ZONE-ROUTE] CID:0 zone=1 edge_port=9998
[EDGE-RTT] CID:0 wall=1.1 ms  sim_delay=10.0 ms
>>> [UAV->CLOUD] BLK:adb0|TX:7.0.0.4|CID:0|TS:23.940|SPD:14.7|HDG:-1.2|PX:537.1|PY:-10.0|...
[ECON-GATE] CID:0 probation active - suppressing OK reward 1.0
✓ [CAR 0] ACT=OK REP=0.237 RWD=0.000 PNL=0.000 CREDIT=0
[ATTACK-EMIT] CID:17 activeWindow=YES falsified=YES simT=23.986 realPX=580.250 fakePX=580.250 realSPD=25.000 fakeSPD=20.000 realTS=23.986 fakeTS=23.986 lane=3
[PASSIVE-BEACON] SIMNOW:23.996 CID:5 ZONE:1 RXUAV:1 EDGEPORT:9998 TS:23.982 SPD:15.100 HDG:1.800 PX:558.000 PY:-10.000 LAN:1 BRK:0 RX_X:0.000 RX_Y:0.000 RX_Z:0.000
[ZONE-ROUTE] CID:5 zone=1 edge_port=9998
[EDGE-RTT] CID:5 wall=1.2 ms  sim_delay=10.0 ms
>>> [UAV->CLOUD] BLK:43d3|TX:7.0.0.9|CID:5|TS:23.982|SPD:15.1|HDG:1.8|PX:558.0|PY:-10.0|L...
[LATE-ATTACK] CID:5 POSITION-FLIP at t=24.0s posX=558.2m distToExit=341.8m (threshold=360.0m)
[PASSIVE-BEACON] SIMNOW:24.000 CID:17 ZONE:1 RXUAV:1 EDGEPORT:9998 TS:23.986 SPD:20.000 HDG:0.000 PX:580.300 PY:-30.000 LAN:3 BRK:1 RX_X:0.000 RX_Y:0.000 RX_Z:0.000
[ZONE-ROUTE] CID:17 zone=1 edge_port=9998
[EDGE-RTT] CID:17 wall=0.7 ms  sim_delay=5.0 ms
>>> [UAV->CLOUD] BLK:96c5|TX:7.0.0.21|CID:17|TS:23.986|SPD:20.0|HDG:0.0|PX:580.3|PY:-30.0...
[ECON-GATE] CID:5 probation active - suppressing OK reward 1.0
✓ [CAR 5] ACT=OK REP=0.358 RWD=0.000 PNL=0.000 CREDIT=0
[ECON-GATE] CID:17 probation active - suppressing OK reward 0.994
✓ [CAR 17] ACT=OK REP=0.607 RWD=0.000 PNL=0.000 CREDIT=1
[ATTACK-EMIT] CID:16 activeWindow=YES falsified=YES simT=24.026 realPX=591.250 fakePX=566.202 realSPD=25.000 fakeSPD=20.000 realTS=24.026 fakeTS=23.526 lane=2
[PASSIVE-BEACON] SIMNOW:24.030 CID:18 ZONE:1 RXUAV:1 EDGEPORT:9998 TS:24.016 SPD:24.600 HDG:-0.400 PX:570.300 PY:-40.000 LAN:4 BRK:1 RX_X:0.000 RX_Y:0.000 RX_Z:0.000
[ZONE-ROUTE] CID:18 zone=1 edge_port=9998
[EDGE-RTT] CID:18 wall=0.8 ms  sim_delay=5.0 ms
>>> [UAV->CLOUD] BLK:e0ee|TX:7.0.0.22|CID:18|TS:24.016|SPD:24.6|HDG:-0.4|PX:570.3|PY:-40....
[PASSIVE-BEACON] SIMNOW:24.040 CID:15 ZONE:1 RXUAV:1 EDGEPORT:9998 TS:24.026 SPD:15.100 HDG:0.700 PX:598.900 PY:-10.000 LAN:1 BRK:0 RX_X:0.000 RX_Y:0.000 RX_Z:0.000
[ZONE-ROUTE] CID:15 zone=1 edge_port=9998
[EDGE-RTT] CID:15 wall=1.2 ms  sim_delay=5.0 ms
>>> [UAV->CLOUD] BLK:777e|TX:7.0.0.19|CID:15|TS:24.026|SPD:15.1|HDG:0.7|PX:598.9|PY:-10.0...
[PASSIVE-BEACON] SIMNOW:24.040 CID:16 ZONE:1 RXUAV:1 EDGEPORT:9998 TS:23.526 SPD:20.000 HDG:0.000 PX:566.200 PY:-20.000 LAN:2 BRK:0 RX_X:0.000 RX_Y:0.000 RX_Z:0.000
[ZONE-ROUTE] CID:16 zone=1 edge_port=9998
[EDGE-RTT] CID:16 wall=3.2 ms  sim_delay=5.0 ms
>>> [UAV->CLOUD] BLK:2cfd|TX:7.0.0.20|CID:16|TS:23.526|SPD:20.0|HDG:0.0|PX:566.2|PY:-20.0...
[ECON-CLAWBACK] CID:18 ACT=WARN prior_payoff=-26.1 extra_penalty=4.0 new_payoff=-30.2
[FORGIVENESS] CID:18 WARN #13 — streak reset, benefits revoked
⚠ [CAR 18] ACT=WARN REP=0.838 RWD=0.000 PNL=4.099 CREDIT=-2
[ECON-GATE] CID:15 probation active - suppressing OK reward 0.988
✓ [CAR 15] ACT=OK REP=0.587 RWD=0.000 PNL=0.000 CREDIT=0
[ECON-GATE] CID:16 probation active - suppressing OK reward 0.866
✓ [CAR 16] ACT=OK REP=0.505 RWD=0.000 PNL=0.000 CREDIT=2
[PASSIVE-BEACON] SIMNOW:24.136 CID:7 ZONE:1 RXUAV:1 EDGEPORT:9998 TS:24.122 SPD:24.700 HDG:-1.100 PX:543.800 PY:-30.000 LAN:3 BRK:0 RX_X:0.000 RX_Y:0.000 RX_Z:0.000
[ZONE-ROUTE] CID:7 zone=1 edge_port=9998
[EDGE-RTT] CID:7 wall=1.1 ms  sim_delay=5.0 ms
>>> [UAV->CLOUD] BLK:e4ca|TX:7.0.0.11|CID:7|TS:24.122|SPD:24.7|HDG:-1.1|PX:543.8|PY:-30.0...
[ECON-CLAWBACK] CID:7 ACT=WARN prior_payoff=-44.2 extra_penalty=5.0 new_payoff=-49.3
[FORGIVENESS] CID:7 WARN #17 — streak reset, benefits revoked
⚠ [CAR 7] ACT=WARN REP=0.402 RWD=0.000 PNL=5.100 CREDIT=-2
[PASSIVE-BEACON] SIMNOW:24.179 CID:14 ZONE:1 RXUAV:1 EDGEPORT:9998 TS:24.164 SPD:25.100 HDG:0.000 PX:544.900 PY:-50.000 LAN:5 BRK:0 RX_X:0.000 RX_Y:0.000 RX_Z:0.000
[ZONE-ROUTE] CID:14 zone=1 edge_port=9998
[EDGE-RTT] CID:14 wall=1.2 ms  sim_delay=5.0 ms
>>> [UAV->CLOUD] BLK:5a68|TX:7.0.0.18|CID:14|TS:24.164|SPD:25.1|HDG:0.0|PX:544.9|PY:-50.0...
[PASSIVE-BEACON] SIMNOW:24.186 CID:6 ZONE:1 RXUAV:1 EDGEPORT:9998 TS:24.172 SPD:25.000 HDG:0.700 PX:555.300 PY:-20.000 LAN:2 BRK:1 RX_X:0.000 RX_Y:0.000 RX_Z:0.000
[ZONE-ROUTE] CID:6 zone=1 edge_port=9998
[EDGE-RTT] CID:6 wall=1.0 ms  sim_delay=5.0 ms
>>> [UAV->CLOUD] BLK:7b61|TX:7.0.0.10|CID:6|TS:24.172|SPD:25.0|HDG:0.7|PX:555.3|PY:-20.0|...
[ECON-CLAWBACK] CID:14 ACT=WARN prior_payoff=-9.0 extra_penalty=2.8 new_payoff=-11.8
[FORGIVENESS] CID:14 WARN #8 — streak reset, benefits revoked
⚠ [CAR 14] ACT=WARN REP=0.679 RWD=0.000 PNL=2.852 CREDIT=-2
[ECON-CLAWBACK] CID:6 ACT=WARN prior_payoff=-60.413 extra_penalty=5.750 new_payoff=-66.264
[FORGIVENESS] CID:6 WARN #20 — streak reset, benefits revoked
⚠ [CAR 6] ACT=WARN REP=0.694 RWD=0.000 PNL=5.851 CREDIT=-2
[PASSIVE-BEACON] SIMNOW:24.210 CID:19 ZONE:1 RXUAV:1 EDGEPORT:9998 TS:24.196 SPD:25.000 HDG:-1.500 PX:565.600 PY:-50.000 LAN:5 BRK:0 RX_X:0.000 RX_Y:0.000 RX_Z:0.000
[ZONE-ROUTE] CID:19 zone=1 edge_port=9998
[EDGE-RTT] CID:19 wall=1.1 ms  sim_delay=5.0 ms
>>> [UAV->CLOUD] BLK:6c76|TX:7.0.0.23|CID:19|TS:24.196|SPD:25.0|HDG:-1.5|PX:565.6|PY:-50....
[ECON-CLAWBACK] CID:19 ACT=WARN prior_payoff=-11.9 extra_penalty=3.0 new_payoff=-15.0
[FORGIVENESS] CID:19 WARN #9 — streak reset, benefits revoked
⚠ [CAR 19] ACT=WARN REP=0.953 RWD=0.000 PNL=3.101 CREDIT=-2
[ATTACK-EMIT] CID:10 activeWindow=YES falsified=YES simT=24.244 realPX=581.860 fakePX=561.436 realSPD=15.000 fakeSPD=20.000 realTS=24.244 fakeTS=23.744 lane=1
[PASSIVE-BEACON] SIMNOW:24.246 CID:9 ZONE:1 RXUAV:1 EDGEPORT:9998 TS:24.232 SPD:24.600 HDG:-0.900 PX:525.700 PY:-50.000 LAN:5 BRK:0 RX_X:0.000 RX_Y:0.000 RX_Z:0.000
[ZONE-ROUTE] CID:9 zone=1 edge_port=9998
[EDGE-RTT] CID:9 wall=1.1 ms  sim_delay=5.0 ms
>>> [UAV->CLOUD] BLK:7be1|TX:7.0.0.13|CID:9|TS:24.232|SPD:24.6|HDG:-0.9|PX:525.7|PY:-50.0...
[PASSIVE-BEACON] SIMNOW:24.258 CID:13 ZONE:1 RXUAV:1 EDGEPORT:9998 TS:24.244 SPD:24.700 HDG:1.500 PX:556.800 PY:-40.000 LAN:4 BRK:0 RX_X:0.000 RX_Y:0.000 RX_Z:0.000
[ZONE-ROUTE] CID:13 zone=1 edge_port=9998
[EDGE-RTT] CID:13 wall=0.9 ms  sim_delay=5.0 ms
>>> [UAV->CLOUD] BLK:3a61|TX:7.0.0.17|CID:13|TS:24.244|SPD:24.7|HDG:1.5|PX:556.8|PY:-40.0...
[PASSIVE-BEACON] SIMNOW:24.258 CID:10 ZONE:1 RXUAV:1 EDGEPORT:9998 TS:23.744 SPD:20.000 HDG:0.000 PX:561.400 PY:-10.000 LAN:1 BRK:0 RX_X:0.000 RX_Y:0.000 RX_Z:0.000
[ZONE-ROUTE] CID:10 zone=1 edge_port=9998
[EDGE-RTT] CID:10 wall=1.1 ms  sim_delay=10.0 ms
>>> [UAV->CLOUD] BLK:e6da|TX:7.0.0.14|CID:10|TS:23.744|SPD:20.0|HDG:0.0|PX:561.4|PY:-10.0...
[ECON-CLAWBACK] CID:9 ACT=WARN prior_payoff=-11.9 extra_penalty=3.0 new_payoff=-15.0
[FORGIVENESS] CID:9 WARN #9 — streak reset, benefits revoked
⚠ [CAR 9] ACT=WARN REP=0.675 RWD=0.000 PNL=3.099 CREDIT=-2
[PASSIVE-BEACON] SIMNOW:24.266 CID:11 ZONE:1 RXUAV:1 EDGEPORT:9998 TS:24.254 SPD:25.300 HDG:0.700 PX:576.800 PY:-20.000 LAN:2 BRK:0 RX_X:0.000 RX_Y:0.000 RX_Z:0.000
[ZONE-ROUTE] CID:11 zone=1 edge_port=9998
[EDGE-RTT] CID:11 wall=1.1 ms  sim_delay=5.0 ms
>>> [UAV->CLOUD] BLK:5c14|TX:7.0.0.15|CID:11|TS:24.254|SPD:25.3|HDG:0.7|PX:576.8|PY:-20.0...
[ECON-GATE] CID:10 probation active - suppressing OK reward 0.9
✓ [CAR 10] ACT=OK REP=0.721 RWD=0.000 PNL=0.000 CREDIT=2
[ECON-CLAWBACK] CID:13 ACT=WARN prior_payoff=-26.006 extra_penalty=4.000 new_payoff=-30.106
[FORGIVENESS] CID:13 WARN #13 — streak reset, benefits revoked
⚠ [CAR 13] ACT=WARN REP=0.744 RWD=0.000 PNL=4.100 CREDIT=-2
[PASSIVE-BEACON] SIMNOW:24.278 CID:12 ZONE:1 RXUAV:1 EDGEPORT:9998 TS:24.264 SPD:25.100 HDG:-0.600 PX:566.500 PY:-30.000 LAN:3 BRK:0 RX_X:0.000 RX_Y:0.000 RX_Z:0.000
[ZONE-ROUTE] CID:12 zone=1 edge_port=9998
[EDGE-RTT] CID:12 wall=1.1 ms  sim_delay=5.0 ms
>>> [UAV->CLOUD] BLK:511c|TX:7.0.0.16|CID:12|TS:24.264|SPD:25.1|HDG:-0.6|PX:566.5|PY:-30....
[ECON-CLAWBACK] CID:11 ACT=WARN prior_payoff=-60.5 extra_penalty=5.8 new_payoff=-66.3
[FORGIVENESS] CID:11 WARN #20 — streak reset, benefits revoked
⚠ [CAR 11] ACT=WARN REP=0.629 RWD=0.000 PNL=5.852 CREDIT=-2
[ECON-CLAWBACK] CID:12 ACT=WARN prior_payoff=-44.162 extra_penalty=5.000 new_payoff=-49.264
[FORGIVENESS] CID:12 WARN #17 — streak reset, benefits revoked
⚠ [CAR 12] ACT=WARN REP=0.396 RWD=0.000 PNL=5.102 CREDIT=-2
[PASSIVE-BEACON] SIMNOW:24.364 CID:4 ZONE:1 RXUAV:1 EDGEPORT:9998 TS:24.350 SPD:24.800 HDG:-0.200 PX:509.200 PY:-50.000 LAN:5 BRK:0 RX_X:0.000 RX_Y:0.000 RX_Z:0.000
[ZONE-ROUTE] CID:4 zone=1 edge_port=9998
[EDGE-RTT] CID:4 wall=1.1 ms  sim_delay=5.0 ms
>>> [UAV->CLOUD] BLK:9cce|TX:7.0.0.8|CID:4|TS:24.350|SPD:24.8|HDG:-0.2|PX:509.2|PY:-50.0|...
[PASSIVE-BEACON] SIMNOW:24.364 CID:3 ZONE:1 RXUAV:1 EDGEPORT:9998 TS:24.350 SPD:25.200 HDG:0.200 PX:518.700 PY:-40.000 LAN:4 BRK:0 RX_X:0.000 RX_Y:0.000 RX_Z:0.000
[ZONE-ROUTE] CID:3 zone=1 edge_port=9998
[EDGE-RTT] CID:3 wall=2.3 ms  sim_delay=5.0 ms
>>> [UAV->CLOUD] BLK:b905|TX:7.0.0.7|CID:3|TS:24.350|SPD:25.2|HDG:0.2|PX:518.7|PY:-40.0|L...
[ECON-CLAWBACK] CID:4 ACT=WARN prior_payoff=-9.0 extra_penalty=2.8 new_payoff=-11.8
[FORGIVENESS] CID:4 WARN #8 — streak reset, benefits revoked
⚠ [CAR 4] ACT=WARN REP=0.689 RWD=0.000 PNL=2.850 CREDIT=-2
[ECON-CLAWBACK] CID:3 ACT=WARN prior_payoff=-26.073 extra_penalty=4.000 new_payoff=-30.175
[FORGIVENESS] CID:3 WARN #13 — streak reset, benefits revoked
⚠ [CAR 3] ACT=WARN REP=0.654 RWD=0.000 PNL=4.102 CREDIT=-2
[PASSIVE-BEACON] SIMNOW:24.416 CID:8 ZONE:1 RXUAV:1 EDGEPORT:9998 TS:24.402 SPD:24.600 HDG:-0.100 PX:540.900 PY:-40.000 LAN:4 BRK:0 RX_X:0.000 RX_Y:0.000 RX_Z:0.000
[ZONE-ROUTE] CID:8 zone=1 edge_port=9998
[EDGE-RTT] CID:8 wall=1.2 ms  sim_delay=5.0 ms
>>> [UAV->CLOUD] BLK:10bc|TX:7.0.0.12|CID:8|TS:24.402|SPD:24.6|HDG:-0.1|PX:540.9|PY:-40.0...
[ECON-CLAWBACK] CID:8 ACT=WARN prior_payoff=-30.2 extra_penalty=4.2 new_payoff=-34.6
[FORGIVENESS] CID:8 WARN #14 — streak reset, benefits revoked
⚠ [CAR 8] ACT=WARN REP=0.515 RWD=0.000 PNL=4.350 CREDIT=-2
[PASSIVE-BEACON] SIMNOW:24.454 CID:0 ZONE:1 RXUAV:1 EDGEPORT:9998 TS:24.440 SPD:15.300 HDG:-0.600 PX:544.900 PY:-10.000 LAN:1 BRK:0 RX_X:0.000 RX_Y:0.000 RX_Z:0.000
[ZONE-ROUTE] CID:0 zone=1 edge_port=9998
[EDGE-RTT] CID:0 wall=1.1 ms  sim_delay=10.0 ms
>>> [UAV->CLOUD] BLK:eb48|TX:7.0.0.4|CID:0|TS:24.440|SPD:15.3|HDG:-0.6|PX:544.9|PY:-10.0|...
[ECON-GATE] CID:0 probation active - suppressing OK reward 1.0
✓ [CAR 0] ACT=OK REP=0.407 RWD=0.000 PNL=0.000 CREDIT=1
[ATTACK-EMIT] CID:5 activeWindow=YES falsified=YES simT=24.482 realPX=565.430 fakePX=565.430 realSPD=15.000 fakeSPD=20.000 realTS=24.482 fakeTS=24.482 lane=1
[ATTACK-EMIT] CID:17 activeWindow=YES falsified=YES simT=24.486 realPX=592.750 fakePX=567.786 realSPD=25.000 fakeSPD=20.000 realTS=24.486 fakeTS=23.986 lane=3
[PASSIVE-BEACON] SIMNOW:24.496 CID:5 ZONE:1 RXUAV:1 EDGEPORT:9998 TS:24.482 SPD:20.000 HDG:0.000 PX:565.400 PY:-10.000 LAN:1 BRK:0 RX_X:0.000 RX_Y:0.000 RX_Z:0.000
[ZONE-ROUTE] CID:5 zone=1 edge_port=9998
[EDGE-RTT] CID:5 wall=0.8 ms  sim_delay=10.0 ms
>>> [UAV->CLOUD] BLK:5a78|TX:7.0.0.9|CID:5|TS:24.482|SPD:20.0|HDG:0.0|PX:565.4|PY:-10.0|L...
[PASSIVE-BEACON] SIMNOW:24.500 CID:17 ZONE:1 RXUAV:1 EDGEPORT:9998 TS:23.986 SPD:20.000 HDG:0.000 PX:567.800 PY:-30.000 LAN:3 BRK:0 RX_X:0.000 RX_Y:0.000 RX_Z:0.000
[ZONE-ROUTE] CID:17 zone=1 edge_port=9998
[EDGE-RTT] CID:17 wall=1.4 ms  sim_delay=5.0 ms
>>> [UAV->CLOUD] BLK:9cc8|TX:7.0.0.21|CID:17|TS:23.986|SPD:20.0|HDG:0.0|PX:567.8|PY:-30.0...
[ECON-GATE] CID:5 probation active - suppressing OK reward 1.0
✓ [CAR 5] ACT=OK REP=0.492 RWD=0.000 PNL=0.000 CREDIT=1
[ECON-GATE] CID:17 probation active - suppressing OK reward 0.867
✓ [CAR 17] ACT=OK REP=0.665 RWD=0.000 PNL=0.000 CREDIT=2
[ATTACK-EMIT] CID:16 activeWindow=YES falsified=YES simT=24.526 realPX=603.750 fakePX=603.750 realSPD=25.000 fakeSPD=20.000 realTS=24.526 fakeTS=24.526 lane=2
[PASSIVE-BEACON] SIMNOW:24.530 CID:18 ZONE:1 RXUAV:1 EDGEPORT:9998 TS:24.516 SPD:25.000 HDG:1.300 PX:584.100 PY:-40.000 LAN:4 BRK:0 RX_X:0.000 RX_Y:0.000 RX_Z:0.000
[ZONE-ROUTE] CID:18 zone=1 edge_port=9998
[EDGE-RTT] CID:18 wall=1.1 ms  sim_delay=5.0 ms
>>> [UAV->CLOUD] BLK:67e1|TX:7.0.0.22|CID:18|TS:24.516|SPD:25.0|HDG:1.3|PX:584.1|PY:-40.0...
[PASSIVE-BEACON] SIMNOW:24.540 CID:15 ZONE:2 RXUAV:2 EDGEPORT:9996 TS:24.526 SPD:15.000 HDG:-0.900 PX:605.900 PY:-10.000 LAN:1 BRK:0 RX_X:0.000 RX_Y:0.000 RX_Z:0.000
[ZONE-ROUTE] CID:15 zone=1 edge_port=9998
[EDGE-RTT] CID:15 wall=0.9 ms  sim_delay=5.0 ms
>>> [UAV->CLOUD] BLK:0deb|TX:7.0.0.19|CID:15|TS:24.526|SPD:15.0|HDG:-0.9|PX:605.9|PY:-10....
[PASSIVE-BEACON] SIMNOW:24.540 CID:16 ZONE:2 RXUAV:2 EDGEPORT:9996 TS:24.526 SPD:20.000 HDG:0.000 PX:603.800 PY:-20.000 LAN:2 BRK:1 RX_X:0.000 RX_Y:0.000 RX_Z:0.000
[ZONE-ROUTE] CID:16 zone=1 edge_port=9998
[EDGE-RTT] CID:16 wall=2.3 ms  sim_delay=5.0 ms
>>> [UAV->CLOUD] BLK:4223|TX:7.0.0.20|CID:16|TS:24.526|SPD:20.0|HDG:0.0|PX:603.8|PY:-20.0...
[ECON-CLAWBACK] CID:18 ACT=WARN prior_payoff=-30.2 extra_penalty=4.2 new_payoff=-34.5
[FORGIVENESS] CID:18 WARN #14 — streak reset, benefits revoked
⚠ [CAR 18] ACT=WARN REP=0.672 RWD=0.000 PNL=4.351 CREDIT=-2
[ECON-GATE] CID:15 probation active - suppressing OK reward 1.000
✓ [CAR 15] ACT=OK REP=0.248 RWD=0.000 PNL=0.000 CREDIT=1
[ECON-GATE] CID:16 probation active - suppressing OK reward 1.000
✓ [CAR 16] ACT=OK REP=0.681 RWD=0.000 PNL=0.000 CREDIT=3
[PASSIVE-BEACON] SIMNOW:24.636 CID:7 ZONE:1 RXUAV:1 EDGEPORT:9998 TS:24.622 SPD:24.700 HDG:-0.200 PX:556.200 PY:-30.000 LAN:3 BRK:0 RX_X:0.000 RX_Y:0.000 RX_Z:0.000
[ZONE-ROUTE] CID:7 zone=1 edge_port=9998
[EDGE-RTT] CID:7 wall=1.1 ms  sim_delay=5.0 ms
>>> [UAV->CLOUD] BLK:9bee|TX:7.0.0.11|CID:7|TS:24.622|SPD:24.7|HDG:-0.2|PX:556.2|PY:-30.0...
[ECON-CLAWBACK] CID:7 ACT=WARN prior_payoff=-49.3 extra_penalty=5.2 new_payoff=-54.6
[FORGIVENESS] CID:7 WARN #18 — streak reset, benefits revoked
⚠ [CAR 7] ACT=WARN REP=0.531 RWD=0.000 PNL=5.350 CREDIT=-2
[PASSIVE-BEACON] SIMNOW:24.678 CID:14 ZONE:1 RXUAV:1 EDGEPORT:9998 TS:24.664 SPD:24.600 HDG:1.700 PX:557.900 PY:-50.000 LAN:5 BRK:0 RX_X:0.000 RX_Y:0.000 RX_Z:0.000
[ZONE-ROUTE] CID:14 zone=1 edge_port=9998
[EDGE-RTT] CID:14 wall=1.1 ms  sim_delay=5.0 ms
>>> [UAV->CLOUD] BLK:acfd|TX:7.0.0.18|CID:14|TS:24.664|SPD:24.6|HDG:1.7|PX:557.9|PY:-50.0...
[PASSIVE-BEACON] SIMNOW:24.686 CID:6 ZONE:1 RXUAV:1 EDGEPORT:9998 TS:24.672 SPD:24.600 HDG:-0.700 PX:567.100 PY:-20.000 LAN:2 BRK:0 RX_X:0.000 RX_Y:0.000 RX_Z:0.000
[ZONE-ROUTE] CID:6 zone=1 edge_port=9998
[EDGE-RTT] CID:6 wall=1.2 ms  sim_delay=5.0 ms
>>> [UAV->CLOUD] BLK:b5a4|TX:7.0.0.10|CID:6|TS:24.672|SPD:24.6|HDG:-0.7|PX:567.1|PY:-20.0...
[ECON-CLAWBACK] CID:14 ACT=WARN prior_payoff=-11.8 extra_penalty=3.0 new_payoff=-14.9
[FORGIVENESS] CID:14 WARN #9 — streak reset, benefits revoked
⚠ [CAR 14] ACT=WARN REP=0.601 RWD=0.000 PNL=3.099 CREDIT=-2
[ECON-CLAWBACK] CID:6 ACT=WARN prior_payoff=-66.264 extra_penalty=6.000 new_payoff=-72.364
[FORGIVENESS] CID:6 WARN #21 — streak reset, benefits revoked
⚠ [CAR 6] ACT=WARN REP=0.436 RWD=0.000 PNL=6.100 CREDIT=-2
[PASSIVE-BEACON] SIMNOW:24.710 CID:19 ZONE:1 RXUAV:1 EDGEPORT:9998 TS:24.696 SPD:25.000 HDG:-0.100 PX:578.300 PY:-50.000 LAN:5 BRK:0 RX_X:0.000 RX_Y:0.000 RX_Z:0.000
[ZONE-ROUTE] CID:19 zone=1 edge_port=9998
[EDGE-RTT] CID:19 wall=1.1 ms  sim_delay=5.0 ms
>>> [UAV->CLOUD] BLK:87a0|TX:7.0.0.23|CID:19|TS:24.696|SPD:25.0|HDG:-0.1|PX:578.3|PY:-50....
[ECON-CLAWBACK] CID:19 ACT=WARN prior_payoff=-15.0 extra_penalty=3.2 new_payoff=-18.3
[FORGIVENESS] CID:19 WARN #10 — streak reset, benefits revoked
⚠ [CAR 19] ACT=WARN REP=0.801 RWD=0.000 PNL=3.351 CREDIT=-2
[ATTACK-EMIT] CID:10 activeWindow=YES falsified=YES simT=24.744 realPX=589.360 fakePX=589.360 realSPD=15.000 fakeSPD=20.000 realTS=24.744 fakeTS=24.744 lane=1
[ATTACK-EMIT] CID:13 activeWindow=YES falsified=YES simT=24.744 realPX=569.200 fakePX=569.200 realSPD=25.000 fakeSPD=20.000 realTS=24.744 fakeTS=24.744 lane=4
[PASSIVE-BEACON] SIMNOW:24.746 CID:9 ZONE:1 RXUAV:1 EDGEPORT:9998 TS:24.732 SPD:24.800 HDG:-1.600 PX:538.300 PY:-50.000 LAN:5 BRK:1 RX_X:0.000 RX_Y:0.000 RX_Z:0.000
[ZONE-ROUTE] CID:9 zone=1 edge_port=9998
[EDGE-RTT] CID:9 wall=0.9 ms  sim_delay=5.0 ms
>>> [UAV->CLOUD] BLK:b07a|TX:7.0.0.13|CID:9|TS:24.732|SPD:24.8|HDG:-1.6|PX:538.3|PY:-50.0...
[PASSIVE-BEACON] SIMNOW:24.758 CID:13 ZONE:1 RXUAV:1 EDGEPORT:9998 TS:24.744 SPD:20.000 HDG:0.000 PX:569.200 PY:-40.000 LAN:4 BRK:0 RX_X:0.000 RX_Y:0.000 RX_Z:0.000
[ZONE-ROUTE] CID:13 zone=1 edge_port=9998
[EDGE-RTT] CID:13 wall=0.9 ms  sim_delay=5.0 ms
>>> [UAV->CLOUD] BLK:9eb3|TX:7.0.0.17|CID:13|TS:24.744|SPD:20.0|HDG:0.0|PX:569.2|PY:-40.0...
[PASSIVE-BEACON] SIMNOW:24.758 CID:10 ZONE:1 RXUAV:1 EDGEPORT:9998 TS:24.744 SPD:20.000 HDG:0.000 PX:589.400 PY:-10.000 LAN:1 BRK:1 RX_X:0.000 RX_Y:0.000 RX_Z:0.000
[ZONE-ROUTE] CID:10 zone=1 edge_port=9998
[EDGE-RTT] CID:10 wall=3.3 ms  sim_delay=10.0 ms
>>> [UAV->CLOUD] BLK:0aec|TX:7.0.0.14|CID:10|TS:24.744|SPD:20.0|HDG:0.0|PX:589.4|PY:-10.0...
[ECON-CLAWBACK] CID:9 ACT=WARN prior_payoff=-15.0 extra_penalty=3.2 new_payoff=-18.4
[FORGIVENESS] CID:9 WARN #10 — streak reset, benefits revoked
⚠ [CAR 9] ACT=WARN REP=1.000 RWD=0.000 PNL=3.350 CREDIT=-2
[PASSIVE-BEACON] SIMNOW:24.768 CID:11 ZONE:1 RXUAV:1 EDGEPORT:9998 TS:24.754 SPD:25.000 HDG:-0.000 PX:589.600 PY:-20.000 LAN:2 BRK:0 RX_X:0.000 RX_Y:0.000 RX_Z:0.000
[ZONE-ROUTE] CID:11 zone=1 edge_port=9998
[EDGE-RTT] CID:11 wall=1.1 ms  sim_delay=5.0 ms
>>> [UAV->CLOUD] BLK:59a5|TX:7.0.0.15|CID:11|TS:24.754|SPD:25.0|HDG:-0.0|PX:589.6|PY:-20....
[ECON-GATE] CID:13 probation active - suppressing OK reward 1.0
✓ [CAR 13] ACT=OK REP=0.668 RWD=0.000 PNL=0.000 CREDIT=0
[ECON-GATE] CID:10 probation active - suppressing OK reward 1.000
✓ [CAR 10] ACT=OK REP=0.449 RWD=0.000 PNL=0.000 CREDIT=3
[PASSIVE-BEACON] SIMNOW:24.778 CID:12 ZONE:1 RXUAV:1 EDGEPORT:9998 TS:24.764 SPD:24.500 HDG:-1.600 PX:580.200 PY:-30.000 LAN:3 BRK:1 RX_X:0.000 RX_Y:0.000 RX_Z:0.000
[ZONE-ROUTE] CID:12 zone=1 edge_port=9998
[EDGE-RTT] CID:12 wall=1.2 ms  sim_delay=5.0 ms
>>> [UAV->CLOUD] BLK:3afe|TX:7.0.0.16|CID:12|TS:24.764|SPD:24.5|HDG:-1.6|PX:580.2|PY:-30....
[ECON-CLAWBACK] CID:11 ACT=WARN prior_payoff=-66.3 extra_penalty=6.0 new_payoff=-72.4
[FORGIVENESS] CID:11 WARN #21 — streak reset, benefits revoked
⚠ [CAR 11] ACT=WARN REP=0.361 RWD=0.000 PNL=6.101 CREDIT=-2
[ECON-CLAWBACK] CID:12 ACT=WARN prior_payoff=-49.264 extra_penalty=5.250 new_payoff=-54.613
[FORGIVENESS] CID:12 WARN #18 — streak reset, benefits revoked
⚠ [CAR 12] ACT=WARN REP=0.431 RWD=0.000 PNL=5.349 CREDIT=-2
[PASSIVE-BEACON] SIMNOW:24.864 CID:3 ZONE:1 RXUAV:1 EDGEPORT:9998 TS:24.850 SPD:24.500 HDG:-1.100 PX:531.600 PY:-40.000 LAN:4 BRK:1 RX_X:0.000 RX_Y:0.000 RX_Z:0.000
[ZONE-ROUTE] CID:3 zone=1 edge_port=9998
[EDGE-RTT] CID:3 wall=1.1 ms  sim_delay=5.0 ms
>>> [UAV->CLOUD] BLK:315e|TX:7.0.0.7|CID:3|TS:24.850|SPD:24.5|HDG:-1.1|PX:531.6|PY:-40.0|...
[PASSIVE-BEACON] SIMNOW:24.867 CID:4 ZONE:1 RXUAV:1 EDGEPORT:9998 TS:24.850 SPD:24.500 HDG:0.500 PX:522.300 PY:-50.000 LAN:5 BRK:0 RX_X:0.000 RX_Y:0.000 RX_Z:0.000
[ZONE-ROUTE] CID:4 zone=1 edge_port=9998
[EDGE-RTT] CID:4 wall=0.7 ms  sim_delay=5.0 ms
>>> [UAV->CLOUD] BLK:c79f|TX:7.0.0.8|CID:4|TS:24.850|SPD:24.5|HDG:0.5|PX:522.3|PY:-50.0|L...
[ECON-CLAWBACK] CID:3 ACT=WARN prior_payoff=-30.2 extra_penalty=4.2 new_payoff=-34.5
[FORGIVENESS] CID:3 WARN #14 — streak reset, benefits revoked
⚠ [CAR 3] ACT=WARN REP=0.924 RWD=0.000 PNL=4.349 CREDIT=-2
[ECON-CLAWBACK] CID:4 ACT=WARN prior_payoff=-11.809 extra_penalty=3.000 new_payoff=-14.908
[FORGIVENESS] CID:4 WARN #9 — streak reset, benefits revoked
⚠ [CAR 4] ACT=WARN REP=1.000 RWD=0.000 PNL=3.099 CREDIT=-2
[PASSIVE-BEACON] SIMNOW:24.915 CID:8 ZONE:1 RXUAV:1 EDGEPORT:9998 TS:24.902 SPD:24.800 HDG:-1.600 PX:552.900 PY:-40.000 LAN:4 BRK:0 RX_X:0.000 RX_Y:0.000 RX_Z:0.000
[ZONE-ROUTE] CID:8 zone=1 edge_port=9998
[EDGE-RTT] CID:8 wall=1.1 ms  sim_delay=5.0 ms
>>> [UAV->CLOUD] BLK:a9b5|TX:7.0.0.12|CID:8|TS:24.902|SPD:24.8|HDG:-1.6|PX:552.9|PY:-40.0...
[ECON-CLAWBACK] CID:8 ACT=WARN prior_payoff=-34.6 extra_penalty=4.5 new_payoff=-39.2
[FORGIVENESS] CID:8 WARN #15 — streak reset, benefits revoked
⚠ [CAR 8] ACT=WARN REP=0.858 RWD=0.000 PNL=4.601 CREDIT=-2
[PASSIVE-BEACON] SIMNOW:24.954 CID:0 ZONE:1 RXUAV:1 EDGEPORT:9998 TS:24.940 SPD:15.500 HDG:1.200 PX:551.700 PY:-10.000 LAN:1 BRK:0 RX_X:0.000 RX_Y:0.000 RX_Z:0.000
[ZONE-ROUTE] CID:0 zone=1 edge_port=9998
[EDGE-RTT] CID:0 wall=1.1 ms  sim_delay=10.0 ms
>>> [UAV->CLOUD] BLK:6c1b|TX:7.0.0.4|CID:0|TS:24.940|SPD:15.5|HDG:1.2|PX:551.7|PY:-10.0|L...
[ECON-GATE] CID:0 probation active - suppressing OK reward 1.0
✓ [CAR 0] ACT=OK REP=0.588 RWD=0.000 PNL=0.000 CREDIT=2
[ATTACK-EMIT] CID:5 activeWindow=YES falsified=YES simT=24.982 realPX=572.930 fakePX=572.930 realSPD=15.000 fakeSPD=20.000 realTS=24.982 fakeTS=24.982 lane=1
[ATTACK-EMIT] CID:17 activeWindow=YES falsified=YES simT=24.986 realPX=605.250 fakePX=605.250 realSPD=25.000 fakeSPD=20.000 realTS=24.986 fakeTS=24.986 lane=3
[PASSIVE-BEACON] SIMNOW:24.996 CID:5 ZONE:1 RXUAV:1 EDGEPORT:9998 TS:24.982 SPD:20.000 HDG:0.000 PX:572.900 PY:-10.000 LAN:1 BRK:0 RX_X:0.000 RX_Y:0.000 RX_Z:0.000
[ZONE-ROUTE] CID:5 zone=1 edge_port=9998
[EDGE-RTT] CID:5 wall=1.0 ms  sim_delay=10.0 ms
>>> [UAV->CLOUD] BLK:bd1c|TX:7.0.0.9|CID:5|TS:24.982|SPD:20.0|HDG:0.0|PX:572.9|PY:-10.0|L...
[LATE-ATTACK] CID:2 POSITION-FLIP at t=25.0s posX=545.6m distToExit=354.4m (threshold=360.0m)
[PASSIVE-BEACON] SIMNOW:25.000 CID:17 ZONE:2 RXUAV:2 EDGEPORT:9996 TS:24.986 SPD:20.000 HDG:0.000 PX:605.300 PY:-30.000 LAN:3 BRK:0 RX_X:0.000 RX_Y:0.000 RX_Z:0.000
[ZONE-ROUTE] CID:17 zone=1 edge_port=9998
[EDGE-RTT] CID:17 wall=0.8 ms  sim_delay=5.0 ms
>>> [UAV->CLOUD] BLK:430e|TX:7.0.0.21|CID:17|TS:24.986|SPD:20.0|HDG:0.0|PX:605.3|PY:-30.0...
[ECON-GATE] CID:5 probation active - suppressing OK reward 1.0
✓ [CAR 5] ACT=OK REP=0.406 RWD=0.000 PNL=0.000 CREDIT=2
[ECON-GATE] CID:17 probation active - suppressing OK reward 1.000
✓ [CAR 17] ACT=OK REP=0.762 RWD=0.000 PNL=0.000 CREDIT=3
[ATTACK-EMIT] CID:16 activeWindow=YES falsified=YES simT=25.026 realPX=616.250 fakePX=616.250 realSPD=25.000 fakeSPD=20.000 realTS=25.026 fakeTS=25.026 lane=2
[PASSIVE-BEACON] SIMNOW:25.030 CID:18 ZONE:1 RXUAV:1 EDGEPORT:9998 TS:25.016 SPD:24.900 HDG:-0.500 PX:596.700 PY:-40.000 LAN:4 BRK:0 RX_X:0.000 RX_Y:0.000 RX_Z:0.000
[ZONE-ROUTE] CID:18 zone=1 edge_port=9998
[EDGE-RTT] CID:18 wall=1.0 ms  sim_delay=5.0 ms
>>> [UAV->CLOUD] BLK:38fc|TX:7.0.0.22|CID:18|TS:25.016|SPD:24.9|HDG:-0.5|PX:596.7|PY:-40....
[PASSIVE-BEACON] SIMNOW:25.040 CID:15 ZONE:2 RXUAV:2 EDGEPORT:9996 TS:25.026 SPD:15.500 HDG:-0.600 PX:613.200 PY:-10.000 LAN:1 BRK:1 RX_X:0.000 RX_Y:0.000 RX_Z:0.000
[ZONE-ROUTE] CID:15 zone=1 edge_port=9998
[EDGE-RTT] CID:15 wall=0.9 ms  sim_delay=5.0 ms
>>> [UAV->CLOUD] BLK:3a6a|TX:7.0.0.19|CID:15|TS:25.026|SPD:15.5|HDG:-0.6|PX:613.2|PY:-10....
[PASSIVE-BEACON] SIMNOW:25.040 CID:16 ZONE:2 RXUAV:2 EDGEPORT:9996 TS:25.026 SPD:20.000 HDG:0.000 PX:616.300 PY:-20.000 LAN:2 BRK:0 RX_X:0.000 RX_Y:0.000 RX_Z:0.000
[ZONE-ROUTE] CID:16 zone=1 edge_port=9998
[EDGE-RTT] CID:16 wall=3.6 ms  sim_delay=5.0 ms
>>> [UAV->CLOUD] BLK:9186|TX:7.0.0.20|CID:16|TS:25.026|SPD:20.0|HDG:0.0|PX:616.3|PY:-20.0...
[ECON-CLAWBACK] CID:18 ACT=WARN prior_payoff=-34.5 extra_penalty=4.5 new_payoff=-39.1
[FORGIVENESS] CID:18 WARN #15 — streak reset, benefits revoked
⚠ [CAR 18] ACT=WARN REP=0.840 RWD=0.000 PNL=4.601 CREDIT=-2
[ECON-GATE] CID:15 probation active - suppressing OK reward 1.000
✓ [CAR 15] ACT=OK REP=0.448 RWD=0.000 PNL=0.000 CREDIT=2
[ECON-GATE] CID:16 probation active - suppressing OK reward 1.000
✓ [CAR 16] ACT=OK REP=0.537 RWD=0.000 PNL=0.000 CREDIT=4
[ATTACK-EMIT] CID:7 activeWindow=YES falsified=YES simT=25.122 realPX=568.650 fakePX=568.650 realSPD=25.000 fakeSPD=20.000 realTS=25.122 fakeTS=25.122 lane=3
[PASSIVE-BEACON] SIMNOW:25.136 CID:7 ZONE:1 RXUAV:1 EDGEPORT:9998 TS:25.122 SPD:20.000 HDG:0.000 PX:568.700 PY:-30.000 LAN:3 BRK:0 RX_X:0.000 RX_Y:0.000 RX_Z:0.000
[ZONE-ROUTE] CID:7 zone=1 edge_port=9998
[EDGE-RTT] CID:7 wall=1.2 ms  sim_delay=5.0 ms
>>> [UAV->CLOUD] BLK:653d|TX:7.0.0.11|CID:7|TS:25.122|SPD:20.0|HDG:0.0|PX:568.7|PY:-30.0|...
[ECON-GATE] CID:7 probation active - suppressing OK reward 1.0
✓ [CAR 7] ACT=OK REP=0.810 RWD=0.000 PNL=0.000 CREDIT=0
[PASSIVE-BEACON] SIMNOW:25.181 CID:14 ZONE:1 RXUAV:1 EDGEPORT:9998 TS:25.164 SPD:25.400 HDG:1.900 PX:570.000 PY:-50.000 LAN:5 BRK:1 RX_X:0.000 RX_Y:0.000 RX_Z:0.000
[ZONE-ROUTE] CID:14 zone=1 edge_port=9998
[EDGE-RTT] CID:14 wall=1.1 ms  sim_delay=5.0 ms
>>> [UAV->CLOUD] BLK:d3b8|TX:7.0.0.18|CID:14|TS:25.164|SPD:25.4|HDG:1.9|PX:570.0|PY:-50.0...
[PASSIVE-BEACON] SIMNOW:25.184 CID:6 ZONE:1 RXUAV:1 EDGEPORT:9998 TS:25.172 SPD:24.500 HDG:0.800 PX:580.100 PY:-20.000 LAN:2 BRK:0 RX_X:0.000 RX_Y:0.000 RX_Z:0.000
[ZONE-ROUTE] CID:6 zone=1 edge_port=9998
[EDGE-RTT] CID:6 wall=0.9 ms  sim_delay=5.0 ms
>>> [UAV->CLOUD] BLK:8c67|TX:7.0.0.10|CID:6|TS:25.172|SPD:24.5|HDG:0.8|PX:580.1|PY:-20.0|...
[ECON-CLAWBACK] CID:14 ACT=WARN prior_payoff=-14.9 extra_penalty=3.2 new_payoff=-18.3
[FORGIVENESS] CID:14 WARN #10 — streak reset, benefits revoked
⚠ [CAR 14] ACT=WARN REP=0.517 RWD=0.000 PNL=3.352 CREDIT=-2
[ECON-CLAWBACK] CID:6 ACT=WARN prior_payoff=-72.364 extra_penalty=6.250 new_payoff=-78.713
[FORGIVENESS] CID:6 WARN #22 — streak reset, benefits revoked
⚠ [CAR 6] ACT=WARN REP=0.577 RWD=0.000 PNL=6.349 CREDIT=-2
[PASSIVE-BEACON] SIMNOW:25.210 CID:19 ZONE:1 RXUAV:1 EDGEPORT:9998 TS:25.196 SPD:25.200 HDG:-0.600 PX:590.500 PY:-50.000 LAN:5 BRK:0 RX_X:0.000 RX_Y:0.000 RX_Z:0.000
[ZONE-ROUTE] CID:19 zone=1 edge_port=9998
[EDGE-RTT] CID:19 wall=1.0 ms  sim_delay=5.0 ms
>>> [UAV->CLOUD] BLK:64fb|TX:7.0.0.23|CID:19|TS:25.196|SPD:25.2|HDG:-0.6|PX:590.5|PY:-50....
[ECON-CLAWBACK] CID:19 ACT=WARN prior_payoff=-18.3 extra_penalty=3.5 new_payoff=-21.9
[FORGIVENESS] CID:19 WARN #11 — streak reset, benefits revoked
⚠ [CAR 19] ACT=WARN REP=0.836 RWD=0.000 PNL=3.602 CREDIT=-2
[ATTACK-EMIT] CID:10 activeWindow=YES falsified=YES simT=25.244 realPX=596.860 fakePX=596.860 realSPD=15.000 fakeSPD=20.000 realTS=25.244 fakeTS=25.244 lane=1
[ATTACK-EMIT] CID:13 activeWindow=YES falsified=YES simT=25.244 realPX=581.700 fakePX=581.700 realSPD=25.000 fakeSPD=20.000 realTS=25.244 fakeTS=25.244 lane=4
[PASSIVE-BEACON] SIMNOW:25.246 CID:9 ZONE:1 RXUAV:1 EDGEPORT:9998 TS:25.232 SPD:25.200 HDG:-1.400 PX:551.500 PY:-50.000 LAN:5 BRK:0 RX_X:0.000 RX_Y:0.000 RX_Z:0.000
[ZONE-ROUTE] CID:9 zone=1 edge_port=9998
[EDGE-RTT] CID:9 wall=1.0 ms  sim_delay=5.0 ms
>>> [UAV->CLOUD] BLK:d923|TX:7.0.0.13|CID:9|TS:25.232|SPD:25.2|HDG:-1.4|PX:551.5|PY:-50.0...
[PASSIVE-BEACON] SIMNOW:25.258 CID:13 ZONE:1 RXUAV:1 EDGEPORT:9998 TS:25.244 SPD:20.000 HDG:0.000 PX:581.700 PY:-40.000 LAN:4 BRK:1 RX_X:0.000 RX_Y:0.000 RX_Z:0.000
[ZONE-ROUTE] CID:13 zone=1 edge_port=9998
[EDGE-RTT] CID:13 wall=0.8 ms  sim_delay=5.0 ms
>>> [UAV->CLOUD] BLK:1336|TX:7.0.0.17|CID:13|TS:25.244|SPD:20.0|HDG:0.0|PX:581.7|PY:-40.0...
[PASSIVE-BEACON] SIMNOW:25.258 CID:10 ZONE:1 RXUAV:1 EDGEPORT:9998 TS:25.244 SPD:20.000 HDG:0.000 PX:596.900 PY:-10.000 LAN:1 BRK:0 RX_X:0.000 RX_Y:0.000 RX_Z:0.000
[ZONE-ROUTE] CID:10 zone=1 edge_port=9998
[EDGE-RTT] CID:10 wall=2.5 ms  sim_delay=10.0 ms
>>> [UAV->CLOUD] BLK:5b39|TX:7.0.0.14|CID:10|TS:25.244|SPD:20.0|HDG:0.0|PX:596.9|PY:-10.0...
[ECON-CLAWBACK] CID:9 ACT=WARN prior_payoff=-18.4 extra_penalty=3.5 new_payoff=-22.0
[FORGIVENESS] CID:9 WARN #11 — streak reset, benefits revoked
⚠ [CAR 9] ACT=WARN REP=0.910 RWD=0.000 PNL=3.602 CREDIT=-2
[PASSIVE-BEACON] SIMNOW:25.268 CID:11 ZONE:2 RXUAV:2 EDGEPORT:9996 TS:25.254 SPD:24.500 HDG:0.500 PX:602.700 PY:-20.000 LAN:2 BRK:0 RX_X:0.000 RX_Y:0.000 RX_Z:0.000
[ZONE-ROUTE] CID:11 zone=1 edge_port=9998
[EDGE-RTT] CID:11 wall=0.9 ms  sim_delay=5.0 ms
>>> [UAV->CLOUD] BLK:804c|TX:7.0.0.15|CID:11|TS:25.254|SPD:24.5|HDG:0.5|PX:602.7|PY:-20.0...
[ECON-GATE] CID:13 probation active - suppressing OK reward 1.0
✓ [CAR 13] ACT=OK REP=0.517 RWD=0.000 PNL=0.000 CREDIT=1
[ECON-GATE] CID:10 probation active - suppressing OK reward 1.000
✓ [CAR 10] ACT=OK REP=0.420 RWD=0.000 PNL=0.000 CREDIT=4
[PASSIVE-BEACON] SIMNOW:25.278 CID:12 ZONE:1 RXUAV:1 EDGEPORT:9998 TS:25.264 SPD:25.000 HDG:1.600 PX:592.000 PY:-30.000 LAN:3 BRK:1 RX_X:0.000 RX_Y:0.000 RX_Z:0.000
[ZONE-ROUTE] CID:12 zone=1 edge_port=9998
[EDGE-RTT] CID:12 wall=1.1 ms  sim_delay=5.0 ms
>>> [UAV->CLOUD] BLK:d58c|TX:7.0.0.16|CID:12|TS:25.264|SPD:25.0|HDG:1.6|PX:592.0|PY:-30.0...
[ECON-CLAWBACK] CID:11 ACT=WARN prior_payoff=-72.4 extra_penalty=6.2 new_payoff=-78.8
[FORGIVENESS] CID:11 WARN #22 — streak reset, benefits revoked
⚠ [CAR 11] ACT=WARN REP=0.651 RWD=0.000 PNL=6.349 CREDIT=-2
[ECON-CLAWBACK] CID:12 ACT=WARN prior_payoff=-54.613 extra_penalty=5.500 new_payoff=-60.214
[FORGIVENESS] CID:12 WARN #19 — streak reset, benefits revoked
⚠ [CAR 12] ACT=WARN REP=0.478 RWD=0.000 PNL=5.601 CREDIT=-2
[ATTACK-EMIT] CID:1 activeWindow=YES falsified=YES simT=25.340 realPX=564.100 fakePX=564.100 realSPD=25.000 fakeSPD=20.000 realTS=25.340 fakeTS=25.340 lane=2
[PASSIVE-BEACON] SIMNOW:25.363 CID:3 ZONE:1 RXUAV:1 EDGEPORT:9998 TS:25.350 SPD:24.800 HDG:0.700 PX:544.700 PY:-40.000 LAN:4 BRK:0 RX_X:0.000 RX_Y:0.000 RX_Z:0.000
[ZONE-ROUTE] CID:3 zone=1 edge_port=9998
[EDGE-RTT] CID:3 wall=1.1 ms  sim_delay=5.0 ms
>>> [UAV->CLOUD] BLK:0403|TX:7.0.0.7|CID:3|TS:25.350|SPD:24.8|HDG:0.7|PX:544.7|PY:-40.0|L...
[PASSIVE-BEACON] SIMNOW:25.366 CID:4 ZONE:1 RXUAV:1 EDGEPORT:9998 TS:25.350 SPD:25.400 HDG:0.500 PX:534.200 PY:-50.000 LAN:5 BRK:0 RX_X:0.000 RX_Y:0.000 RX_Z:0.000
[ZONE-ROUTE] CID:4 zone=1 edge_port=9998
[EDGE-RTT] CID:4 wall=1.0 ms  sim_delay=5.0 ms
>>> [UAV->CLOUD] BLK:2a61|TX:7.0.0.8|CID:4|TS:25.350|SPD:25.4|HDG:0.5|PX:534.2|PY:-50.0|L...
[ECON-CLAWBACK] CID:3 ACT=WARN prior_payoff=-34.5 extra_penalty=4.5 new_payoff=-39.1
[FORGIVENESS] CID:3 WARN #15 — streak reset, benefits revoked
⚠ [CAR 3] ACT=WARN REP=0.580 RWD=0.000 PNL=4.600 CREDIT=-2
[ECON-CLAWBACK] CID:4 ACT=WARN prior_payoff=-14.908 extra_penalty=3.250 new_payoff=-18.260
[FORGIVENESS] CID:4 WARN #10 — streak reset, benefits revoked
⚠ [CAR 4] ACT=WARN REP=0.648 RWD=0.000 PNL=3.352 CREDIT=-2
[ATTACK-EMIT] CID:8 activeWindow=YES falsified=YES simT=25.402 realPX=565.650 fakePX=565.650 realSPD=25.000 fakeSPD=20.000 realTS=25.402 fakeTS=25.402 lane=4
[PASSIVE-BEACON] SIMNOW:25.416 CID:8 ZONE:1 RXUAV:1 EDGEPORT:9998 TS:25.402 SPD:20.000 HDG:0.000 PX:565.700 PY:-40.000 LAN:4 BRK:0 RX_X:0.000 RX_Y:0.000 RX_Z:0.000
[ZONE-ROUTE] CID:8 zone=1 edge_port=9998
[EDGE-RTT] CID:8 wall=0.9 ms  sim_delay=5.0 ms
>>> [UAV->CLOUD] BLK:7f07|TX:7.0.0.12|CID:8|TS:25.402|SPD:20.0|HDG:0.0|PX:565.7|PY:-40.0|...
[ECON-GATE] CID:8 probation active - suppressing OK reward 1.0
✓ [CAR 8] ACT=OK REP=0.623 RWD=0.000 PNL=0.000 CREDIT=0
[PASSIVE-BEACON] SIMNOW:25.453 CID:0 ZONE:1 RXUAV:1 EDGEPORT:9998 TS:25.440 SPD:15.200 HDG:-1.900 PX:559.600 PY:-10.000 LAN:1 BRK:0 RX_X:0.000 RX_Y:0.000 RX_Z:0.000
[ZONE-ROUTE] CID:0 zone=1 edge_port=9998
[EDGE-RTT] CID:0 wall=1.0 ms  sim_delay=10.0 ms
>>> [UAV->CLOUD] BLK:c0f5|TX:7.0.0.4|CID:0|TS:25.440|SPD:15.2|HDG:-1.9|PX:559.6|PY:-10.0|...
[ECON-GATE] CID:0 probation active - suppressing OK reward 1.0
✓ [CAR 0] ACT=OK REP=0.295 RWD=0.000 PNL=0.000 CREDIT=3
[ATTACK-EMIT] CID:5 activeWindow=YES falsified=YES simT=25.482 realPX=580.430 fakePX=565.598 realSPD=15.000 fakeSPD=20.000 realTS=25.482 fakeTS=24.982 lane=1
[ATTACK-EMIT] CID:17 activeWindow=YES falsified=YES simT=25.486 realPX=617.750 fakePX=617.750 realSPD=25.000 fakeSPD=20.000 realTS=25.486 fakeTS=25.486 lane=3
[PASSIVE-BEACON] SIMNOW:25.496 CID:5 ZONE:1 RXUAV:1 EDGEPORT:9998 TS:24.982 SPD:20.000 HDG:0.000 PX:565.600 PY:-10.000 LAN:1 BRK:0 RX_X:0.000 RX_Y:0.000 RX_Z:0.000
[ZONE-ROUTE] CID:5 zone=1 edge_port=9998
[EDGE-RTT] CID:5 wall=1.0 ms  sim_delay=10.0 ms
>>> [UAV->CLOUD] BLK:f60f|TX:7.0.0.9|CID:5|TS:24.982|SPD:20.0|HDG:0.0|PX:565.6|PY:-10.0|L...
[PASSIVE-BEACON] SIMNOW:25.498 CID:17 ZONE:2 RXUAV:2 EDGEPORT:9996 TS:25.486 SPD:20.000 HDG:0.000 PX:617.800 PY:-30.000 LAN:3 BRK:0 RX_X:0.000 RX_Y:0.000 RX_Z:0.000
[ZONE-ROUTE] CID:17 zone=1 edge_port=9998
[EDGE-RTT] CID:17 wall=0.7 ms  sim_delay=5.0 ms
>>> [UAV->CLOUD] BLK:1b01|TX:7.0.0.21|CID:17|TS:25.486|SPD:20.0|HDG:0.0|PX:617.8|PY:-30.0...
[ECON-GATE] CID:5 probation active - suppressing OK reward 0.9
✓ [CAR 5] ACT=OK REP=0.750 RWD=0.000 PNL=0.000 CREDIT=3
[ECON-GATE] CID:17 probation active - suppressing OK reward 1.000
✓ [CAR 17] ACT=OK REP=0.645 RWD=0.000 PNL=0.000 CREDIT=4
[ATTACK-EMIT] CID:16 activeWindow=YES falsified=YES simT=25.526 realPX=628.750 fakePX=566.424 realSPD=25.000 fakeSPD=20.000 realTS=25.526 fakeTS=25.026 lane=2
[PASSIVE-BEACON] SIMNOW:25.530 CID:18 ZONE:2 RXUAV:2 EDGEPORT:9996 TS:25.516 SPD:24.600 HDG:-1.600 PX:608.600 PY:-40.000 LAN:4 BRK:1 RX_X:0.000 RX_Y:0.000 RX_Z:0.000
[ZONE-ROUTE] CID:18 zone=1 edge_port=9998
[EDGE-RTT] CID:18 wall=1.0 ms  sim_delay=5.0 ms
>>> [UAV->CLOUD] BLK:6e43|TX:7.0.0.22|CID:18|TS:25.516|SPD:24.6|HDG:-1.6|PX:608.6|PY:-40....
[PASSIVE-BEACON] SIMNOW:25.540 CID:15 ZONE:2 RXUAV:2 EDGEPORT:9996 TS:25.526 SPD:15.400 HDG:-0.700 PX:621.100 PY:-10.000 LAN:1 BRK:0 RX_X:0.000 RX_Y:0.000 RX_Z:0.000
[ZONE-ROUTE] CID:15 zone=1 edge_port=9998
[EDGE-RTT] CID:15 wall=0.9 ms  sim_delay=5.0 ms
>>> [UAV->CLOUD] BLK:2cc5|TX:7.0.0.19|CID:15|TS:25.526|SPD:15.4|HDG:-0.7|PX:621.1|PY:-10....
[PASSIVE-BEACON] SIMNOW:25.540 CID:16 ZONE:1 RXUAV:1 EDGEPORT:9998 TS:25.026 SPD:20.000 HDG:0.000 PX:566.400 PY:-20.000 LAN:2 BRK:0 RX_X:0.000 RX_Y:0.000 RX_Z:0.000
[ZONE-ROUTE] CID:16 zone=1 edge_port=9998
[EDGE-RTT] CID:16 wall=3.3 ms  sim_delay=5.0 ms
>>> [UAV->CLOUD] BLK:5801|TX:7.0.0.20|CID:16|TS:25.026|SPD:20.0|HDG:0.0|PX:566.4|PY:-20.0...
[ECON-CLAWBACK] CID:18 ACT=WARN prior_payoff=-39.1 extra_penalty=4.8 new_payoff=-44.0
[FORGIVENESS] CID:18 WARN #16 — streak reset, benefits revoked
⚠ [CAR 18] ACT=WARN REP=0.685 RWD=0.000 PNL=4.849 CREDIT=-2
[ECON-GATE] CID:15 probation active - suppressing OK reward 1.000
✓ [CAR 15] ACT=OK REP=0.611 RWD=0.000 PNL=0.000 CREDIT=3
[ECON-CLAWBACK] CID:16 ACT=WARN prior_payoff=-49.472 extra_penalty=5.250 new_payoff=-54.803
[FORGIVENESS] CID:16 WARN #18 — streak reset, benefits revoked
⚠ [CAR 16] ACT=WARN REP=0.544 RWD=0.000 PNL=5.331 CREDIT=3
[ATTACK-EMIT] CID:7 activeWindow=YES falsified=YES simT=25.622 realPX=581.150 fakePX=581.150 realSPD=25.000 fakeSPD=20.000 realTS=25.622 fakeTS=25.622 lane=3
[PASSIVE-BEACON] SIMNOW:25.636 CID:7 ZONE:1 RXUAV:1 EDGEPORT:9998 TS:25.622 SPD:20.000 HDG:0.000 PX:581.200 PY:-30.000 LAN:3 BRK:0 RX_X:0.000 RX_Y:0.000 RX_Z:0.000
[ZONE-ROUTE] CID:7 zone=1 edge_port=9998
[EDGE-RTT] CID:7 wall=1.0 ms  sim_delay=5.0 ms
>>> [UAV->CLOUD] BLK:f54d|TX:7.0.0.11|CID:7|TS:25.622|SPD:20.0|HDG:0.0|PX:581.2|PY:-30.0|...
[ECON-GATE] CID:7 probation active - suppressing OK reward 1.0
✓ [CAR 7] ACT=OK REP=0.872 RWD=0.000 PNL=0.000 CREDIT=1
[PASSIVE-BEACON] SIMNOW:25.677 CID:14 ZONE:1 RXUAV:1 EDGEPORT:9998 TS:25.664 SPD:24.600 HDG:0.400 PX:581.500 PY:-50.000 LAN:5 BRK:0 RX_X:0.000 RX_Y:0.000 RX_Z:0.000
[ZONE-ROUTE] CID:14 zone=1 edge_port=9998
[EDGE-RTT] CID:14 wall=0.9 ms  sim_delay=5.0 ms
>>> [UAV->CLOUD] BLK:9325|TX:7.0.0.18|CID:14|TS:25.664|SPD:24.6|HDG:0.4|PX:581.5|PY:-50.0...
[PASSIVE-BEACON] SIMNOW:25.686 CID:6 ZONE:1 RXUAV:1 EDGEPORT:9998 TS:25.672 SPD:25.100 HDG:0.300 PX:592.900 PY:-20.000 LAN:2 BRK:0 RX_X:0.000 RX_Y:0.000 RX_Z:0.000
[ZONE-ROUTE] CID:6 zone=1 edge_port=9998
[EDGE-RTT] CID:6 wall=0.7 ms  sim_delay=5.0 ms
>>> [UAV->CLOUD] BLK:4be7|TX:7.0.0.10|CID:6|TS:25.672|SPD:25.1|HDG:0.3|PX:592.9|PY:-20.0|...
[ECON-CLAWBACK] CID:14 ACT=WARN prior_payoff=-18.3 extra_penalty=3.5 new_payoff=-21.9
[FORGIVENESS] CID:14 WARN #11 — streak reset, benefits revoked
⚠ [CAR 14] ACT=WARN REP=0.740 RWD=0.000 PNL=3.599 CREDIT=-2
[ECON-CLAWBACK] CID:6 ACT=WARN prior_payoff=-78.713 extra_penalty=6.500 new_payoff=-85.314
[FORGIVENESS] CID:6 WARN #23 — streak reset, benefits revoked
⚠ [CAR 6] ACT=WARN REP=0.209 RWD=0.000 PNL=6.601 CREDIT=-2
[PASSIVE-BEACON] SIMNOW:25.710 CID:19 ZONE:2 RXUAV:2 EDGEPORT:9996 TS:25.696 SPD:24.500 HDG:1.400 PX:602.600 PY:-50.000 LAN:5 BRK:1 RX_X:0.000 RX_Y:0.000 RX_Z:0.000
[ZONE-ROUTE] CID:19 zone=1 edge_port=9998
[EDGE-RTT] CID:19 wall=1.0 ms  sim_delay=5.0 ms
>>> [UAV->CLOUD] BLK:198b|TX:7.0.0.23|CID:19|TS:25.696|SPD:24.5|HDG:1.4|PX:602.6|PY:-50.0...
[ECON-CLAWBACK] CID:19 ACT=WARN prior_payoff=-21.9 extra_penalty=3.8 new_payoff=-25.8
[FORGIVENESS] CID:19 WARN #12 — streak reset, benefits revoked
⚠ [CAR 19] ACT=WARN REP=0.560 RWD=0.000 PNL=3.849 CREDIT=-2
[ATTACK-EMIT] CID:9 activeWindow=YES falsified=YES simT=25.732 realPX=563.900 fakePX=563.900 realSPD=25.000 fakeSPD=20.000 realTS=25.732 fakeTS=25.732 lane=5
[ATTACK-EMIT] CID:10 activeWindow=YES falsified=YES simT=25.744 realPX=604.360 fakePX=561.574 realSPD=15.000 fakeSPD=20.000 realTS=25.744 fakeTS=25.244 lane=1
[ATTACK-EMIT] CID:13 activeWindow=YES falsified=YES simT=25.744 realPX=594.200 fakePX=569.290 realSPD=25.000 fakeSPD=20.000 realTS=25.744 fakeTS=25.244 lane=4
[PASSIVE-BEACON] SIMNOW:25.744 CID:9 ZONE:1 RXUAV:1 EDGEPORT:9998 TS:25.732 SPD:20.000 HDG:0.000 PX:563.900 PY:-50.000 LAN:5 BRK:0 RX_X:0.000 RX_Y:0.000 RX_Z:0.000
[ZONE-ROUTE] CID:9 zone=1 edge_port=9998
[EDGE-RTT] CID:9 wall=1.0 ms  sim_delay=5.0 ms
>>> [UAV->CLOUD] BLK:62a2|TX:7.0.0.13|CID:9|TS:25.732|SPD:20.0|HDG:0.0|PX:563.9|PY:-50.0|...
[ECON-GATE] CID:9 probation active - suppressing OK reward 1.0
✓ [CAR 9] ACT=OK REP=0.557 RWD=0.000 PNL=0.000 CREDIT=0
[PASSIVE-BEACON] SIMNOW:25.758 CID:13 ZONE:1 RXUAV:1 EDGEPORT:9998 TS:25.244 SPD:20.000 HDG:0.000 PX:569.300 PY:-40.000 LAN:4 BRK:0 RX_X:0.000 RX_Y:0.000 RX_Z:0.000
[ZONE-ROUTE] CID:13 zone=1 edge_port=9998
[EDGE-RTT] CID:13 wall=1.0 ms  sim_delay=5.0 ms
>>> [UAV->CLOUD] BLK:9756|TX:7.0.0.17|CID:13|TS:25.244|SPD:20.0|HDG:0.0|PX:569.3|PY:-40.0...
[PASSIVE-BEACON] SIMNOW:25.758 CID:10 ZONE:1 RXUAV:1 EDGEPORT:9998 TS:25.244 SPD:20.000 HDG:0.000 PX:561.600 PY:-10.000 LAN:1 BRK:0 RX_X:0.000 RX_Y:0.000 RX_Z:0.000
[ZONE-ROUTE] CID:10 zone=1 edge_port=9998
[EDGE-RTT] CID:10 wall=4.5 ms  sim_delay=10.0 ms
>>> [UAV->CLOUD] BLK:e5d0|TX:7.0.0.14|CID:10|TS:25.244|SPD:20.0|HDG:0.0|PX:561.6|PY:-10.0...
[PASSIVE-BEACON] SIMNOW:25.767 CID:11 ZONE:2 RXUAV:2 EDGEPORT:9996 TS:25.754 SPD:24.900 HDG:-0.500 PX:614.500 PY:-20.000 LAN:2 BRK:0 RX_X:0.000 RX_Y:0.000 RX_Z:0.000
[ZONE-ROUTE] CID:11 zone=1 edge_port=9998
[EDGE-RTT] CID:11 wall=0.9 ms  sim_delay=5.0 ms
>>> [UAV->CLOUD] BLK:9ee8|TX:7.0.0.15|CID:11|TS:25.754|SPD:24.9|HDG:-0.5|PX:614.5|PY:-20....
[ECON-GATE] CID:13 probation active - suppressing OK reward 0.9
✓ [CAR 13] ACT=OK REP=0.858 RWD=0.000 PNL=0.000 CREDIT=2
[ECON-CLAWBACK] CID:10 ACT=WARN prior_payoff=-79.176 extra_penalty=6.500 new_payoff=-85.762
[FORGIVENESS] CID:10 WARN #23 — streak reset, benefits revoked
⚠ [CAR 10] ACT=WARN REP=0.787 RWD=0.000 PNL=6.586 CREDIT=3
[PASSIVE-BEACON] SIMNOW:25.778 CID:12 ZONE:2 RXUAV:2 EDGEPORT:9996 TS:25.764 SPD:24.900 HDG:-0.600 PX:605.300 PY:-30.000 LAN:3 BRK:0 RX_X:0.000 RX_Y:0.000 RX_Z:0.000
[ZONE-ROUTE] CID:12 zone=1 edge_port=9998
[EDGE-RTT] CID:12 wall=1.1 ms  sim_delay=5.0 ms
>>> [UAV->CLOUD] BLK:7f45|TX:7.0.0.16|CID:12|TS:25.764|SPD:24.9|HDG:-0.6|PX:605.3|PY:-30....
[ECON-CLAWBACK] CID:11 ACT=WARN prior_payoff=-78.8 extra_penalty=6.5 new_payoff=-85.4
[FORGIVENESS] CID:11 WARN #23 — streak reset, benefits revoked
⚠ [CAR 11] ACT=WARN REP=0.580 RWD=0.000 PNL=6.601 CREDIT=-2
[ECON-CLAWBACK] CID:12 ACT=WARN prior_payoff=-60.214 extra_penalty=5.750 new_payoff=-66.065
[FORGIVENESS] CID:12 WARN #20 — streak reset, benefits revoked
⚠ [CAR 12] ACT=WARN REP=0.490 RWD=0.000 PNL=5.851 CREDIT=-2
[ATTACK-EMIT] CID:2 activeWindow=YES falsified=YES simT=25.800 realPX=565.600 fakePX=565.600 realSPD=25.000 fakeSPD=20.000 realTS=25.800 fakeTS=25.800 lane=3
[ATTACK-EMIT] CID:1 activeWindow=YES falsified=YES simT=25.840 realPX=575.800 fakePX=575.800 realSPD=15.000 fakeSPD=20.000 realTS=25.840 fakeTS=25.840 lane=2
[PASSIVE-BEACON] SIMNOW:25.864 CID:4 ZONE:1 RXUAV:1 EDGEPORT:9998 TS:25.850 SPD:24.600 HDG:-0.600 PX:547.300 PY:-50.000 LAN:5 BRK:0 RX_X:0.000 RX_Y:0.000 RX_Z:0.000
[ZONE-ROUTE] CID:4 zone=1 edge_port=9998
[EDGE-RTT] CID:4 wall=1.1 ms  sim_delay=5.0 ms
>>> [UAV->CLOUD] BLK:3ae4|TX:7.0.0.8|CID:4|TS:25.850|SPD:24.6|HDG:-0.6|PX:547.3|PY:-50.0|...
[PASSIVE-BEACON] SIMNOW:25.864 CID:3 ZONE:1 RXUAV:1 EDGEPORT:9998 TS:25.850 SPD:25.000 HDG:0.900 PX:556.800 PY:-40.000 LAN:4 BRK:0 RX_X:0.000 RX_Y:0.000 RX_Z:0.000
[ZONE-ROUTE] CID:3 zone=1 edge_port=9998
[EDGE-RTT] CID:3 wall=3.1 ms  sim_delay=5.0 ms
>>> [UAV->CLOUD] BLK:ad88|TX:7.0.0.7|CID:3|TS:25.850|SPD:25.0|HDG:0.9|PX:556.8|PY:-40.0|L...
[ECON-CLAWBACK] CID:4 ACT=WARN prior_payoff=-18.3 extra_penalty=3.5 new_payoff=-21.9
[FORGIVENESS] CID:4 WARN #11 — streak reset, benefits revoked
⚠ [CAR 4] ACT=WARN REP=0.825 RWD=0.000 PNL=3.599 CREDIT=-2
[ECON-CLAWBACK] CID:3 ACT=WARN prior_payoff=-39.124 extra_penalty=4.750 new_payoff=-43.975
[FORGIVENESS] CID:3 WARN #16 — streak reset, benefits revoked
⚠ [CAR 3] ACT=WARN REP=0.475 RWD=0.000 PNL=4.851 CREDIT=-2
[ATTACK-EMIT] CID:8 activeWindow=YES falsified=YES simT=25.902 realPX=578.150 fakePX=578.150 realSPD=25.000 fakeSPD=20.000 realTS=25.902 fakeTS=25.902 lane=4
[PASSIVE-BEACON] SIMNOW:25.916 CID:8 ZONE:1 RXUAV:1 EDGEPORT:9998 TS:25.902 SPD:20.000 HDG:0.000 PX:578.200 PY:-40.000 LAN:4 BRK:0 RX_X:0.000 RX_Y:0.000 RX_Z:0.000
[ZONE-ROUTE] CID:8 zone=1 edge_port=9998
[EDGE-RTT] CID:8 wall=1.1 ms  sim_delay=5.0 ms
>>> [UAV->CLOUD] BLK:f050|TX:7.0.0.12|CID:8|TS:25.902|SPD:20.0|HDG:0.0|PX:578.2|PY:-40.0|...
[ECON-GATE] CID:8 probation active - suppressing OK reward 1.0
✓ [CAR 8] ACT=OK REP=0.912 RWD=0.000 PNL=0.000 CREDIT=1
[ATTACK-EMIT] CID:0 activeWindow=YES falsified=YES simT=25.940 realPX=567.300 fakePX=567.300 realSPD=15.000 fakeSPD=20.000 realTS=25.940 fakeTS=25.940 lane=1
[PASSIVE-BEACON] SIMNOW:25.954 CID:0 ZONE:1 RXUAV:1 EDGEPORT:9998 TS:25.940 SPD:20.000 HDG:0.000 PX:567.300 PY:-10.000 LAN:1 BRK:0 RX_X:0.000 RX_Y:0.000 RX_Z:0.000
[ZONE-ROUTE] CID:0 zone=1 edge_port=9998
[EDGE-RTT] CID:0 wall=1.0 ms  sim_delay=10.0 ms
>>> [UAV->CLOUD] BLK:6707|TX:7.0.0.4|CID:0|TS:25.940|SPD:20.0|HDG:0.0|PX:567.3|PY:-10.0|L...
[ECON-GATE] CID:0 probation active - suppressing OK reward 1.0
✓ [CAR 0] ACT=OK REP=0.206 RWD=0.000 PNL=0.000 CREDIT=4
[ATTACK-EMIT] CID:5 activeWindow=YES falsified=YES simT=25.982 realPX=587.930 fakePX=587.930 realSPD=15.000 fakeSPD=20.000 realTS=25.982 fakeTS=25.982 lane=1
[ATTACK-EMIT] CID:17 activeWindow=YES falsified=YES simT=25.986 realPX=630.250 fakePX=567.558 realSPD=25.000 fakeSPD=20.000 realTS=25.986 fakeTS=25.486 lane=3
[PASSIVE-BEACON] SIMNOW:25.996 CID:5 ZONE:1 RXUAV:1 EDGEPORT:9998 TS:25.982 SPD:20.000 HDG:0.000 PX:587.900 PY:-10.000 LAN:1 BRK:1 RX_X:0.000 RX_Y:0.000 RX_Z:0.000
[ZONE-ROUTE] CID:5 zone=1 edge_port=9998
[EDGE-RTT] CID:5 wall=0.9 ms  sim_delay=10.0 ms
>>> [UAV->CLOUD] BLK:78b9|TX:7.0.0.9|CID:5|TS:25.982|SPD:20.0|HDG:0.0|PX:587.9|PY:-10.0|L...
[LATE-ATTACK] CID:4 POSITION-FLIP at t=26.0s posX=550.6m distToExit=349.4m (threshold=360.0m)
[PASSIVE-BEACON] SIMNOW:26.000 CID:17 ZONE:1 RXUAV:1 EDGEPORT:9998 TS:25.486 SPD:20.000 HDG:0.000 PX:567.600 PY:-30.000 LAN:3 BRK:1 RX_X:0.000 RX_Y:0.000 RX_Z:0.000
[ZONE-ROUTE] CID:17 zone=1 edge_port=9998
[EDGE-RTT] CID:17 wall=0.8 ms  sim_delay=5.0 ms
>>> [UAV->CLOUD] BLK:3e2a|TX:7.0.0.21|CID:17|TS:25.486|SPD:20.0|HDG:0.0|PX:567.6|PY:-30.0...
[ECON-GATE] CID:5 probation active - suppressing OK reward 1.0
✓ [CAR 5] ACT=OK REP=0.452 RWD=0.000 PNL=0.000 CREDIT=4
[ECON-CLAWBACK] CID:17 ACT=WARN prior_payoff=-39.438 extra_penalty=4.750 new_payoff=-44.269
[FORGIVENESS] CID:17 WARN #16 — streak reset, benefits revoked
⚠ [CAR 17] ACT=WARN REP=0.827 RWD=0.000 PNL=4.831 CREDIT=3
[ATTACK-EMIT] CID:16 activeWindow=YES falsified=YES simT=26.026 realPX=638.590 fakePX=638.590 realSPD=15.000 fakeSPD=20.000 realTS=26.026 fakeTS=26.026 lane=2
[PASSIVE-BEACON] SIMNOW:26.033 CID:18 ZONE:2 RXUAV:2 EDGEPORT:9996 TS:26.016 SPD:24.800 HDG:-0.900 PX:621.000 PY:-40.000 LAN:4 BRK:1 RX_X:0.000 RX_Y:0.000 RX_Z:0.000
[ZONE-ROUTE] CID:18 zone=1 edge_port=9998
[EDGE-RTT] CID:18 wall=1.2 ms  sim_delay=5.0 ms
>>> [UAV->CLOUD] BLK:0802|TX:7.0.0.22|CID:18|TS:26.016|SPD:24.8|HDG:-0.9|PX:621.0|PY:-40....
[PASSIVE-BEACON] SIMNOW:26.040 CID:15 ZONE:2 RXUAV:2 EDGEPORT:9996 TS:26.026 SPD:15.400 HDG:1.400 PX:627.800 PY:-10.000 LAN:1 BRK:0 RX_X:0.000 RX_Y:0.000 RX_Z:0.000
[ZONE-ROUTE] CID:15 zone=1 edge_port=9998
[EDGE-RTT] CID:15 wall=0.8 ms  sim_delay=5.0 ms
>>> [UAV->CLOUD] BLK:dd1a|TX:7.0.0.19|CID:15|TS:26.026|SPD:15.4|HDG:1.4|PX:627.8|PY:-10.0...
[PASSIVE-BEACON] SIMNOW:26.040 CID:16 ZONE:2 RXUAV:2 EDGEPORT:9996 TS:26.026 SPD:20.000 HDG:0.000 PX:638.600 PY:-20.000 LAN:2 BRK:0 RX_X:0.000 RX_Y:0.000 RX_Z:0.000
[ZONE-ROUTE] CID:16 zone=1 edge_port=9998
[EDGE-RTT] CID:16 wall=3.4 ms  sim_delay=5.0 ms
>>> [UAV->CLOUD] BLK:6e2c|TX:7.0.0.20|CID:16|TS:26.026|SPD:20.0|HDG:0.0|PX:638.6|PY:-20.0...
[ECON-CLAWBACK] CID:18 ACT=WARN prior_payoff=-44.0 extra_penalty=5.0 new_payoff=-49.1
[FORGIVENESS] CID:18 WARN #17 — streak reset, benefits revoked
⚠ [CAR 18] ACT=WARN REP=0.540 RWD=0.000 PNL=5.100 CREDIT=-2
[ECON-GATE] CID:15 probation active - suppressing OK reward 1.000
✓ [CAR 15] ACT=OK REP=0.404 RWD=0.000 PNL=0.000 CREDIT=4
[ECON-GATE] CID:16 probation active - suppressing OK reward 0.960
✓ [CAR 16] ACT=OK REP=0.601 RWD=0.000 PNL=0.000 CREDIT=0
[ATTACK-EMIT] CID:7 activeWindow=YES falsified=YES simT=26.122 realPX=593.650 fakePX=568.752 realSPD=25.000 fakeSPD=20.000 realTS=26.122 fakeTS=25.622 lane=3
[PASSIVE-BEACON] SIMNOW:26.136 CID:7 ZONE:1 RXUAV:1 EDGEPORT:9998 TS:25.622 SPD:20.000 HDG:0.000 PX:568.800 PY:-30.000 LAN:3 BRK:1 RX_X:0.000 RX_Y:0.000 RX_Z:0.000
[ZONE-ROUTE] CID:7 zone=1 edge_port=9998
[EDGE-RTT] CID:7 wall=1.4 ms  sim_delay=5.0 ms
>>> [UAV->CLOUD] BLK:5334|TX:7.0.0.11|CID:7|TS:25.622|SPD:20.0|HDG:0.0|PX:568.8|PY:-30.0|...
[ECON-GATE] CID:7 probation active - suppressing OK reward 0.9
✓ [CAR 7] ACT=OK REP=0.757 RWD=0.000 PNL=0.000 CREDIT=2
[PASSIVE-BEACON] SIMNOW:26.181 CID:14 ZONE:1 RXUAV:1 EDGEPORT:9998 TS:26.164 SPD:24.500 HDG:1.500 PX:595.000 PY:-50.000 LAN:5 BRK:0 RX_X:0.000 RX_Y:0.000 RX_Z:0.000
[ZONE-ROUTE] CID:14 zone=1 edge_port=9998
[EDGE-RTT] CID:14 wall=0.9 ms  sim_delay=5.0 ms
>>> [UAV->CLOUD] BLK:ef0f|TX:7.0.0.18|CID:14|TS:26.164|SPD:24.5|HDG:1.5|PX:595.0|PY:-50.0...
[PASSIVE-BEACON] SIMNOW:26.186 CID:6 ZONE:2 RXUAV:2 EDGEPORT:9996 TS:26.172 SPD:14.500 HDG:-0.100 PX:600.700 PY:-20.000 LAN:2 BRK:0 RX_X:0.000 RX_Y:0.000 RX_Z:0.000
[ZONE-ROUTE] CID:6 zone=1 edge_port=9998
[EDGE-RTT] CID:6 wall=0.9 ms  sim_delay=5.0 ms
>>> [UAV->CLOUD] BLK:807a|TX:7.0.0.10|CID:6|TS:26.172|SPD:14.5|HDG:-0.1|PX:600.7|PY:-20.0...
[ECON-CLAWBACK] CID:14 ACT=WARN prior_payoff=-21.9 extra_penalty=3.8 new_payoff=-25.7
[FORGIVENESS] CID:14 WARN #12 — streak reset, benefits revoked
⚠ [CAR 14] ACT=WARN REP=0.796 RWD=0.000 PNL=3.849 CREDIT=-2
[ECON-GATE] CID:6 probation active - suppressing OK reward 0.990
✓ [CAR 6] ACT=OK REP=0.555 RWD=0.000 PNL=0.000 CREDIT=0
[PASSIVE-BEACON] SIMNOW:26.210 CID:19 ZONE:2 RXUAV:2 EDGEPORT:9996 TS:26.196 SPD:24.700 HDG:-2.000 PX:615.300 PY:-50.000 LAN:5 BRK:0 RX_X:0.000 RX_Y:0.000 RX_Z:0.000
[ZONE-ROUTE] CID:19 zone=1 edge_port=9998
[EDGE-RTT] CID:19 wall=1.1 ms  sim_delay=5.0 ms
>>> [UAV->CLOUD] BLK:0598|TX:7.0.0.23|CID:19|TS:26.196|SPD:24.7|HDG:-2.0|PX:615.3|PY:-50....
[ECON-CLAWBACK] CID:19 ACT=WARN prior_payoff=-25.8 extra_penalty=4.0 new_payoff=-29.9
[FORGIVENESS] CID:19 WARN #13 — streak reset, benefits revoked
⚠ [CAR 19] ACT=WARN REP=0.957 RWD=0.000 PNL=4.100 CREDIT=-2
[ATTACK-EMIT] CID:9 activeWindow=YES falsified=YES simT=26.232 realPX=576.400 fakePX=576.400 realSPD=25.000 fakeSPD=20.000 realTS=26.232 fakeTS=26.232 lane=5
[ATTACK-EMIT] CID:10 activeWindow=YES falsified=YES simT=26.244 realPX=611.860 fakePX=611.860 realSPD=15.000 fakeSPD=20.000 realTS=26.244 fakeTS=26.244 lane=1
[ATTACK-EMIT] CID:13 activeWindow=YES falsified=YES simT=26.244 realPX=606.700 fakePX=606.700 realSPD=25.000 fakeSPD=20.000 realTS=26.244 fakeTS=26.244 lane=4
[PASSIVE-BEACON] SIMNOW:26.246 CID:9 ZONE:1 RXUAV:1 EDGEPORT:9998 TS:26.232 SPD:20.000 HDG:0.000 PX:576.400 PY:-50.000 LAN:5 BRK:0 RX_X:0.000 RX_Y:0.000 RX_Z:0.000
[ZONE-ROUTE] CID:9 zone=1 edge_port=9998
[EDGE-RTT] CID:9 wall=1.3 ms  sim_delay=5.0 ms
>>> [UAV->CLOUD] BLK:89f1|TX:7.0.0.13|CID:9|TS:26.232|SPD:20.0|HDG:0.0|PX:576.4|PY:-50.0|...
[PASSIVE-BEACON] SIMNOW:26.258 CID:13 ZONE:2 RXUAV:2 EDGEPORT:9996 TS:26.244 SPD:20.000 HDG:0.000 PX:606.700 PY:-40.000 LAN:4 BRK:0 RX_X:0.000 RX_Y:0.000 RX_Z:0.000
[ZONE-ROUTE] CID:13 zone=1 edge_port=9998
[EDGE-RTT] CID:13 wall=1.1 ms  sim_delay=5.0 ms
>>> [UAV->CLOUD] BLK:c699|TX:7.0.0.17|CID:13|TS:26.244|SPD:20.0|HDG:0.0|PX:606.7|PY:-40.0...
[PASSIVE-BEACON] SIMNOW:26.258 CID:10 ZONE:2 RXUAV:2 EDGEPORT:9996 TS:26.244 SPD:20.000 HDG:0.000 PX:611.900 PY:-10.000 LAN:1 BRK:0 RX_X:0.000 RX_Y:0.000 RX_Z:0.000
[ZONE-ROUTE] CID:10 zone=1 edge_port=9998
[EDGE-RTT] CID:10 wall=2.1 ms  sim_delay=10.0 ms
>>> [UAV->CLOUD] BLK:f3e9|TX:7.0.0.14|CID:10|TS:26.244|SPD:20.0|HDG:0.0|PX:611.9|PY:-10.0...
[ECON-GATE] CID:9 probation active - suppressing OK reward 1.0
✓ [CAR 9] ACT=OK REP=0.794 RWD=0.000 PNL=0.000 CREDIT=1
[PASSIVE-BEACON] SIMNOW:26.268 CID:11 ZONE:2 RXUAV:2 EDGEPORT:9996 TS:26.254 SPD:14.900 HDG:0.600 PX:621.800 PY:-20.000 LAN:2 BRK:0 RX_X:0.000 RX_Y:0.000 RX_Z:0.000
[ZONE-ROUTE] CID:11 zone=1 edge_port=9998
[EDGE-RTT] CID:11 wall=1.0 ms  sim_delay=5.0 ms
>>> [UAV->CLOUD] BLK:e6f6|TX:7.0.0.15|CID:11|TS:26.254|SPD:14.9|HDG:0.6|PX:621.8|PY:-20.0...
[ECON-GATE] CID:13 probation active - suppressing OK reward 1.0
✓ [CAR 13] ACT=OK REP=0.524 RWD=0.000 PNL=0.000 CREDIT=3
[ECON-GATE] CID:10 probation active - suppressing OK reward 0.960
✓ [CAR 10] ACT=OK REP=0.434 RWD=0.000 PNL=0.000 CREDIT=0
[PASSIVE-BEACON] SIMNOW:26.278 CID:12 ZONE:2 RXUAV:2 EDGEPORT:9996 TS:26.264 SPD:25.300 HDG:-0.400 PX:617.700 PY:-30.000 LAN:3 BRK:0 RX_X:0.000 RX_Y:0.000 RX_Z:0.000
[ZONE-ROUTE] CID:12 zone=1 edge_port=9998
[EDGE-RTT] CID:12 wall=1.1 ms  sim_delay=5.0 ms
>>> [UAV->CLOUD] BLK:ef52|TX:7.0.0.16|CID:12|TS:26.264|SPD:25.3|HDG:-0.4|PX:617.7|PY:-30....
[ECON-GATE] CID:11 probation active - suppressing OK reward 1.0
✓ [CAR 11] ACT=OK REP=0.268 RWD=0.000 PNL=0.000 CREDIT=0
[ECON-CLAWBACK] CID:12 ACT=WARN prior_payoff=-66.065 extra_penalty=6.000 new_payoff=-72.167
[FORGIVENESS] CID:12 WARN #21 — streak reset, benefits revoked
⚠ [CAR 12] ACT=WARN REP=0.665 RWD=0.000 PNL=6.102 CREDIT=-2
[ATTACK-EMIT] CID:2 activeWindow=YES falsified=YES simT=26.300 realPX=578.100 fakePX=578.100 realSPD=25.000 fakeSPD=20.000 realTS=26.300 fakeTS=26.300 lane=3
[ATTACK-EMIT] CID:1 activeWindow=YES falsified=YES simT=26.340 realPX=583.300 fakePX=564.322 realSPD=15.000 fakeSPD=22.000 realTS=26.340 fakeTS=25.840 lane=2
[ATTACK-EMIT] CID:3 activeWindow=YES falsified=YES simT=26.350 realPX=569.350 fakePX=569.350 realSPD=25.000 fakeSPD=20.000 realTS=26.350 fakeTS=26.350 lane=4
[PASSIVE-BEACON] SIMNOW:26.364 CID:4 ZONE:1 RXUAV:1 EDGEPORT:9998 TS:26.350 SPD:24.800 HDG:1.700 PX:559.100 PY:-50.000 LAN:5 BRK:0 RX_X:0.000 RX_Y:0.000 RX_Z:0.000
[ZONE-ROUTE] CID:4 zone=1 edge_port=9998
[EDGE-RTT] CID:4 wall=1.1 ms  sim_delay=5.0 ms
>>> [UAV->CLOUD] BLK:3157|TX:7.0.0.8|CID:4|TS:26.350|SPD:24.8|HDG:1.7|PX:559.1|PY:-50.0|L...
[PASSIVE-BEACON] SIMNOW:26.364 CID:3 ZONE:1 RXUAV:1 EDGEPORT:9998 TS:26.350 SPD:20.000 HDG:0.000 PX:569.400 PY:-40.000 LAN:4 BRK:0 RX_X:0.000 RX_Y:0.000 RX_Z:0.000
[ZONE-ROUTE] CID:3 zone=1 edge_port=9998
[EDGE-RTT] CID:3 wall=3.3 ms  sim_delay=5.0 ms
>>> [UAV->CLOUD] BLK:b1fc|TX:7.0.0.7|CID:3|TS:26.350|SPD:20.0|HDG:0.0|PX:569.4|PY:-40.0|L...
[ECON-CLAWBACK] CID:4 ACT=WARN prior_payoff=-21.9 extra_penalty=3.8 new_payoff=-25.7
[FORGIVENESS] CID:4 WARN #12 — streak reset, benefits revoked
⚠ [CAR 4] ACT=WARN REP=0.511 RWD=0.000 PNL=3.850 CREDIT=-2
[ECON-GATE] CID:3 probation active - suppressing OK reward 0.985
✓ [CAR 3] ACT=OK REP=0.367 RWD=0.000 PNL=0.000 CREDIT=0
[ATTACK-EMIT] CID:8 activeWindow=YES falsified=YES simT=26.402 realPX=590.650 fakePX=565.560 realSPD=25.000 fakeSPD=20.000 realTS=26.402 fakeTS=25.902 lane=4
[PASSIVE-BEACON] SIMNOW:26.416 CID:8 ZONE:1 RXUAV:1 EDGEPORT:9998 TS:25.902 SPD:20.000 HDG:0.000 PX:565.600 PY:-40.000 LAN:4 BRK:1 RX_X:0.000 RX_Y:0.000 RX_Z:0.000
[ZONE-ROUTE] CID:8 zone=1 edge_port=9998
[EDGE-RTT] CID:8 wall=1.1 ms  sim_delay=5.0 ms
>>> [UAV->CLOUD] BLK:e9ce|TX:7.0.0.12|CID:8|TS:25.902|SPD:20.0|HDG:0.0|PX:565.6|PY:-40.0|...
[ECON-GATE] CID:8 probation active - suppressing OK reward 0.9
✓ [CAR 8] ACT=OK REP=0.895 RWD=0.000 PNL=0.000 CREDIT=2
[ATTACK-EMIT] CID:0 activeWindow=YES falsified=YES simT=26.440 realPX=574.800 fakePX=574.800 realSPD=15.000 fakeSPD=20.000 realTS=26.440 fakeTS=26.440 lane=1
[PASSIVE-BEACON] SIMNOW:26.454 CID:0 ZONE:1 RXUAV:1 EDGEPORT:9998 TS:26.440 SPD:20.000 HDG:0.000 PX:574.800 PY:-10.000 LAN:1 BRK:0 RX_X:0.000 RX_Y:0.000 RX_Z:0.000
[ZONE-ROUTE] CID:0 zone=1 edge_port=9998
[EDGE-RTT] CID:0 wall=1.1 ms  sim_delay=10.0 ms
>>> [UAV->CLOUD] BLK:624b|TX:7.0.0.4|CID:0|TS:26.440|SPD:20.0|HDG:0.0|PX:574.8|PY:-10.0|L...
[ECON-GATE] CID:0 probation active - suppressing OK reward 1.0
✓ [CAR 0] ACT=OK REP=0.445 RWD=0.000 PNL=0.000 CREDIT=5
[ATTACK-EMIT] CID:5 activeWindow=YES falsified=YES simT=26.482 realPX=595.430 fakePX=595.430 realSPD=15.000 fakeSPD=20.000 realTS=26.482 fakeTS=26.482 lane=1
[ATTACK-EMIT] CID:17 activeWindow=YES falsified=YES simT=26.486 realPX=642.750 fakePX=642.750 realSPD=25.000 fakeSPD=20.000 realTS=26.486 fakeTS=26.486 lane=3
[PASSIVE-BEACON] SIMNOW:26.496 CID:5 ZONE:1 RXUAV:1 EDGEPORT:9998 TS:26.482 SPD:20.000 HDG:0.000 PX:595.400 PY:-10.000 LAN:1 BRK:0 RX_X:0.000 RX_Y:0.000 RX_Z:0.000
[ZONE-ROUTE] CID:5 zone=1 edge_port=9998
[EDGE-RTT] CID:5 wall=1.2 ms  sim_delay=10.0 ms
>>> [UAV->CLOUD] BLK:66b5|TX:7.0.0.9|CID:5|TS:26.482|SPD:20.0|HDG:0.0|PX:595.4|PY:-10.0|L...
[PASSIVE-BEACON] SIMNOW:26.500 CID:17 ZONE:2 RXUAV:2 EDGEPORT:9996 TS:26.486 SPD:20.000 HDG:0.000 PX:642.800 PY:-30.000 LAN:3 BRK:0 RX_X:0.000 RX_Y:0.000 RX_Z:0.000
[ZONE-ROUTE] CID:17 zone=1 edge_port=9998
[EDGE-RTT] CID:17 wall=1.0 ms  sim_delay=5.0 ms
>>> [UAV->CLOUD] BLK:942f|TX:7.0.0.21|CID:17|TS:26.486|SPD:20.0|HDG:0.0|PX:642.8|PY:-30.0...
[ECON-GATE] CID:5 probation active - suppressing OK reward 1.0
✓ [CAR 5] ACT=OK REP=0.569 RWD=0.000 PNL=0.000 CREDIT=5
[ECON-GATE] CID:17 probation active - suppressing OK reward 0.960
✓ [CAR 17] ACT=OK REP=0.620 RWD=0.000 PNL=0.000 CREDIT=0
[ATTACK-EMIT] CID:16 activeWindow=YES falsified=YES simT=26.526 realPX=646.090 fakePX=646.090 realSPD=15.000 fakeSPD=20.000 realTS=26.526 fakeTS=26.526 lane=2
[PASSIVE-BEACON] SIMNOW:26.529 CID:18 ZONE:2 RXUAV:2 EDGEPORT:9996 TS:26.516 SPD:25.300 HDG:1.400 PX:632.800 PY:-40.000 LAN:4 BRK:0 RX_X:0.000 RX_Y:0.000 RX_Z:0.000
[ZONE-ROUTE] CID:18 zone=1 edge_port=9998
[EDGE-RTT] CID:18 wall=1.0 ms  sim_delay=5.0 ms
>>> [UAV->CLOUD] BLK:ae52|TX:7.0.0.22|CID:18|TS:26.516|SPD:25.3|HDG:1.4|PX:632.8|PY:-40.0...
[PASSIVE-BEACON] SIMNOW:26.540 CID:15 ZONE:2 RXUAV:2 EDGEPORT:9996 TS:26.526 SPD:15.500 HDG:1.600 PX:635.700 PY:-10.000 LAN:1 BRK:0 RX_X:0.000 RX_Y:0.000 RX_Z:0.000
[ZONE-ROUTE] CID:15 zone=1 edge_port=9998
[EDGE-RTT] CID:15 wall=1.1 ms  sim_delay=5.0 ms
>>> [UAV->CLOUD] BLK:8163|TX:7.0.0.19|CID:15|TS:26.526|SPD:15.5|HDG:1.6|PX:635.7|PY:-10.0...
[PASSIVE-BEACON] SIMNOW:26.540 CID:16 ZONE:2 RXUAV:2 EDGEPORT:9996 TS:26.526 SPD:20.000 HDG:0.000 PX:646.100 PY:-20.000 LAN:2 BRK:0 RX_X:0.000 RX_Y:0.000 RX_Z:0.000
[ZONE-ROUTE] CID:16 zone=1 edge_port=9998
[EDGE-RTT] CID:16 wall=2.7 ms  sim_delay=5.0 ms
>>> [UAV->CLOUD] BLK:1632|TX:7.0.0.20|CID:16|TS:26.526|SPD:20.0|HDG:0.0|PX:646.1|PY:-20.0...
[ECON-CLAWBACK] CID:18 ACT=WARN prior_payoff=-49.1 extra_penalty=5.2 new_payoff=-54.4
[FORGIVENESS] CID:18 WARN #18 — streak reset, benefits revoked
⚠ [CAR 18] ACT=WARN REP=0.710 RWD=0.000 PNL=5.352 CREDIT=-2
[ECON-GATE] CID:15 probation active - suppressing OK reward 1.000
✓ [CAR 15] ACT=OK REP=0.509 RWD=0.000 PNL=0.000 CREDIT=5
[ECON-GATE] CID:16 probation active - suppressing OK reward 0.876
✓ [CAR 16] ACT=OK REP=0.822 RWD=0.000 PNL=0.000 CREDIT=1
[ATTACK-EMIT] CID:7 activeWindow=YES falsified=YES simT=26.622 realPX=606.150 fakePX=606.150 realSPD=25.000 fakeSPD=20.000 realTS=26.622 fakeTS=26.622 lane=3
[PASSIVE-BEACON] SIMNOW:26.636 CID:7 ZONE:2 RXUAV:2 EDGEPORT:9996 TS:26.622 SPD:20.000 HDG:0.000 PX:606.200 PY:-30.000 LAN:3 BRK:0 RX_X:0.000 RX_Y:0.000 RX_Z:0.000
[ZONE-ROUTE] CID:7 zone=1 edge_port=9998
[EDGE-RTT] CID:7 wall=1.1 ms  sim_delay=5.0 ms
>>> [UAV->CLOUD] BLK:599d|TX:7.0.0.11|CID:7|TS:26.622|SPD:20.0|HDG:0.0|PX:606.2|PY:-30.0|...
[ECON-GATE] CID:7 probation active - suppressing OK reward 1.0
✓ [CAR 7] ACT=OK REP=0.466 RWD=0.000 PNL=0.000 CREDIT=3
[PASSIVE-BEACON] SIMNOW:26.678 CID:14 ZONE:2 RXUAV:2 EDGEPORT:9996 TS:26.664 SPD:24.800 HDG:0.700 PX:606.800 PY:-50.000 LAN:5 BRK:0 RX_X:0.000 RX_Y:0.000 RX_Z:0.000
[ZONE-ROUTE] CID:14 zone=1 edge_port=9998
[EDGE-RTT] CID:14 wall=0.9 ms  sim_delay=5.0 ms
>>> [UAV->CLOUD] BLK:3ddd|TX:7.0.0.18|CID:14|TS:26.664|SPD:24.8|HDG:0.7|PX:606.8|PY:-50.0...
[PASSIVE-BEACON] SIMNOW:26.685 CID:6 ZONE:2 RXUAV:2 EDGEPORT:9996 TS:26.672 SPD:15.000 HDG:0.400 PX:607.900 PY:-20.000 LAN:2 BRK:0 RX_X:0.000 RX_Y:0.000 RX_Z:0.000
[ZONE-ROUTE] CID:6 zone=1 edge_port=9998
[EDGE-RTT] CID:6 wall=0.9 ms  sim_delay=5.0 ms
>>> [UAV->CLOUD] BLK:ab9e|TX:7.0.0.10|CID:6|TS:26.672|SPD:15.0|HDG:0.4|PX:607.9|PY:-20.0|...
[ECON-CLAWBACK] CID:14 ACT=WARN prior_payoff=-25.7 extra_penalty=4.0 new_payoff=-29.8
[FORGIVENESS] CID:14 WARN #13 — streak reset, benefits revoked
⚠ [CAR 14] ACT=WARN REP=0.669 RWD=0.000 PNL=4.100 CREDIT=-2
[ECON-GATE] CID:6 probation active - suppressing OK reward 1.000
✓ [CAR 6] ACT=OK REP=0.673 RWD=0.000 PNL=0.000 CREDIT=1
[PASSIVE-BEACON] SIMNOW:26.710 CID:19 ZONE:2 RXUAV:2 EDGEPORT:9996 TS:26.696 SPD:25.200 HDG:0.700 PX:627.300 PY:-50.000 LAN:5 BRK:1 RX_X:0.000 RX_Y:0.000 RX_Z:0.000
[ZONE-ROUTE] CID:19 zone=1 edge_port=9998
[EDGE-RTT] CID:19 wall=1.1 ms  sim_delay=5.0 ms
>>> [UAV->CLOUD] BLK:36f4|TX:7.0.0.23|CID:19|TS:26.696|SPD:25.2|HDG:0.7|PX:627.3|PY:-50.0...
[ECON-CLAWBACK] CID:19 ACT=WARN prior_payoff=-29.9 extra_penalty=4.2 new_payoff=-34.2
[FORGIVENESS] CID:19 WARN #14 — streak reset, benefits revoked
⚠ [CAR 19] ACT=WARN REP=0.965 RWD=0.000 PNL=4.352 CREDIT=-2
[ATTACK-EMIT] CID:9 activeWindow=YES falsified=YES simT=26.732 realPX=588.900 fakePX=563.738 realSPD=25.000 fakeSPD=20.000 realTS=26.732 fakeTS=26.232 lane=5
[ATTACK-EMIT] CID:10 activeWindow=YES falsified=YES simT=26.744 realPX=619.360 fakePX=619.360 realSPD=15.000 fakeSPD=20.000 realTS=26.744 fakeTS=26.744 lane=1
[ATTACK-EMIT] CID:13 activeWindow=YES falsified=YES simT=26.744 realPX=619.200 fakePX=619.200 realSPD=25.000 fakeSPD=20.000 realTS=26.744 fakeTS=26.744 lane=4
[PASSIVE-BEACON] SIMNOW:26.749 CID:9 ZONE:1 RXUAV:1 EDGEPORT:9998 TS:26.232 SPD:20.000 HDG:0.000 PX:563.700 PY:-50.000 LAN:5 BRK:0 RX_X:0.000 RX_Y:0.000 RX_Z:0.000
[ZONE-ROUTE] CID:9 zone=1 edge_port=9998
[EDGE-RTT] CID:9 wall=1.1 ms  sim_delay=5.0 ms
>>> [UAV->CLOUD] BLK:4906|TX:7.0.0.13|CID:9|TS:26.232|SPD:20.0|HDG:0.0|PX:563.7|PY:-50.0|...
[PASSIVE-BEACON] SIMNOW:26.758 CID:13 ZONE:2 RXUAV:2 EDGEPORT:9996 TS:26.744 SPD:20.000 HDG:0.000 PX:619.200 PY:-40.000 LAN:4 BRK:1 RX_X:0.000 RX_Y:0.000 RX_Z:0.000
[ZONE-ROUTE] CID:13 zone=1 edge_port=9998
[EDGE-RTT] CID:13 wall=1.0 ms  sim_delay=5.0 ms
>>> [UAV->CLOUD] BLK:6566|TX:7.0.0.17|CID:13|TS:26.744|SPD:20.0|HDG:0.0|PX:619.2|PY:-40.0...
[PASSIVE-BEACON] SIMNOW:26.758 CID:10 ZONE:2 RXUAV:2 EDGEPORT:9996 TS:26.744 SPD:20.000 HDG:0.000 PX:619.400 PY:-10.000 LAN:1 BRK:0 RX_X:0.000 RX_Y:0.000 RX_Z:0.000
[ZONE-ROUTE] CID:10 zone=1 edge_port=9998
[EDGE-RTT] CID:10 wall=4.0 ms  sim_delay=10.0 ms
>>> [UAV->CLOUD] BLK:9f75|TX:7.0.0.14|CID:10|TS:26.744|SPD:20.0|HDG:0.0|PX:619.4|PY:-10.0...
[ECON-GATE] CID:9 probation active - suppressing OK reward 0.9
✓ [CAR 9] ACT=OK REP=0.834 RWD=0.000 PNL=0.000 CREDIT=2
[PASSIVE-BEACON] SIMNOW:26.768 CID:11 ZONE:2 RXUAV:2 EDGEPORT:9996 TS:26.754 SPD:15.100 HDG:-1.500 PX:630.200 PY:-20.000 LAN:2 BRK:0 RX_X:0.000 RX_Y:0.000 RX_Z:0.000
[ZONE-ROUTE] CID:11 zone=1 edge_port=9998
[EDGE-RTT] CID:11 wall=1.1 ms  sim_delay=5.0 ms
>>> [UAV->CLOUD] BLK:eae8|TX:7.0.0.15|CID:11|TS:26.754|SPD:15.1|HDG:-1.5|PX:630.2|PY:-20....
[ECON-GATE] CID:13 probation active - suppressing OK reward 1.0
✓ [CAR 13] ACT=OK REP=0.835 RWD=0.000 PNL=0.000 CREDIT=4
[ECON-GATE] CID:10 probation active - suppressing OK reward 0.876
✓ [CAR 10] ACT=OK REP=0.547 RWD=0.000 PNL=0.000 CREDIT=1
[PASSIVE-BEACON] SIMNOW:26.778 CID:12 ZONE:2 RXUAV:2 EDGEPORT:9996 TS:26.764 SPD:25.200 HDG:0.600 PX:629.500 PY:-30.000 LAN:3 BRK:1 RX_X:0.000 RX_Y:0.000 RX_Z:0.000
[ZONE-ROUTE] CID:12 zone=1 edge_port=9998
[EDGE-RTT] CID:12 wall=1.2 ms  sim_delay=5.0 ms
>>> [UAV->CLOUD] BLK:7a7d|TX:7.0.0.16|CID:12|TS:26.764|SPD:25.2|HDG:0.6|PX:629.5|PY:-30.0...
[ECON-GATE] CID:11 probation active - suppressing OK reward 1.0
✓ [CAR 11] ACT=OK REP=0.306 RWD=0.000 PNL=0.000 CREDIT=1
[ECON-CLAWBACK] CID:12 ACT=WARN prior_payoff=-72.167 extra_penalty=6.250 new_payoff=-78.519
[FORGIVENESS] CID:12 WARN #22 — streak reset, benefits revoked
⚠ [CAR 12] ACT=WARN REP=0.596 RWD=0.000 PNL=6.352 CREDIT=-2
[ATTACK-EMIT] CID:2 activeWindow=YES falsified=YES simT=26.800 realPX=590.600 fakePX=565.510 realSPD=25.000 fakeSPD=22.000 realTS=26.800 fakeTS=26.300 lane=3
[ATTACK-EMIT] CID:1 activeWindow=YES falsified=YES simT=26.840 realPX=590.800 fakePX=590.800 realSPD=15.000 fakeSPD=20.000 realTS=26.840 fakeTS=26.840 lane=2
[ATTACK-EMIT] CID:3 activeWindow=YES falsified=YES simT=26.850 realPX=581.850 fakePX=581.850 realSPD=25.000 fakeSPD=20.000 realTS=26.850 fakeTS=26.850 lane=4
[ATTACK-EMIT] CID:4 activeWindow=YES falsified=YES simT=26.850 realPX=571.850 fakePX=571.850 realSPD=25.000 fakeSPD=20.000 realTS=26.850 fakeTS=26.850 lane=5
[PASSIVE-BEACON] SIMNOW:26.864 CID:4 ZONE:1 RXUAV:1 EDGEPORT:9998 TS:26.850 SPD:20.000 HDG:0.000 PX:571.900 PY:-50.000 LAN:5 BRK:0 RX_X:0.000 RX_Y:0.000 RX_Z:0.000
[ZONE-ROUTE] CID:4 zone=1 edge_port=9998
[EDGE-RTT] CID:4 wall=1.3 ms  sim_delay=5.0 ms
>>> [UAV->CLOUD] BLK:94c4|TX:7.0.0.8|CID:4|TS:26.850|SPD:20.0|HDG:0.0|PX:571.9|PY:-50.0|L...
[PASSIVE-BEACON] SIMNOW:26.864 CID:3 ZONE:1 RXUAV:1 EDGEPORT:9998 TS:26.850 SPD:20.000 HDG:0.000 PX:581.900 PY:-40.000 LAN:4 BRK:1 RX_X:0.000 RX_Y:0.000 RX_Z:0.000
[ZONE-ROUTE] CID:3 zone=1 edge_port=9998
[EDGE-RTT] CID:3 wall=3.4 ms  sim_delay=5.0 ms
>>> [UAV->CLOUD] BLK:5ac1|TX:7.0.0.7|CID:3|TS:26.850|SPD:20.0|HDG:0.0|PX:581.9|PY:-40.0|L...
[ECON-GATE] CID:4 probation active - suppressing OK reward 1.0
✓ [CAR 4] ACT=OK REP=0.746 RWD=0.000 PNL=0.000 CREDIT=0
[ECON-GATE] CID:3 probation active - suppressing OK reward 0.994
✓ [CAR 3] ACT=OK REP=0.801 RWD=0.000 PNL=0.000 CREDIT=1
[ATTACK-EMIT] CID:8 activeWindow=YES falsified=YES simT=26.902 realPX=603.150 fakePX=603.150 realSPD=25.000 fakeSPD=20.000 realTS=26.902 fakeTS=26.902 lane=4
[PASSIVE-BEACON] SIMNOW:26.916 CID:8 ZONE:2 RXUAV:2 EDGEPORT:9996 TS:26.902 SPD:20.000 HDG:0.000 PX:603.200 PY:-40.000 LAN:4 BRK:1 RX_X:0.000 RX_Y:0.000 RX_Z:0.000
[ZONE-ROUTE] CID:8 zone=1 edge_port=9998
[EDGE-RTT] CID:8 wall=1.1 ms  sim_delay=5.0 ms
>>> [UAV->CLOUD] BLK:9b66|TX:7.0.0.12|CID:8|TS:26.902|SPD:20.0|HDG:0.0|PX:603.2|PY:-40.0|...
[ECON-GATE] CID:8 probation active - suppressing OK reward 1.0
✓ [CAR 8] ACT=OK REP=0.751 RWD=0.000 PNL=0.000 CREDIT=3
[ATTACK-EMIT] CID:0 activeWindow=YES falsified=YES simT=26.940 realPX=582.300 fakePX=567.186 realSPD=15.000 fakeSPD=20.000 realTS=26.940 fakeTS=26.440 lane=1
[PASSIVE-BEACON] SIMNOW:26.954 CID:0 ZONE:1 RXUAV:1 EDGEPORT:9998 TS:26.440 SPD:20.000 HDG:0.000 PX:567.200 PY:-10.000 LAN:1 BRK:0 RX_X:0.000 RX_Y:0.000 RX_Z:0.000
[ZONE-ROUTE] CID:0 zone=1 edge_port=9998
[EDGE-RTT] CID:0 wall=0.9 ms  sim_delay=10.0 ms
>>> [UAV->CLOUD] BLK:e31d|TX:7.0.0.4|CID:0|TS:26.440|SPD:20.0|HDG:0.0|PX:567.2|PY:-10.0|L...
[ECON-GATE] CID:0 probation active - suppressing OK reward 0.9
✓ [CAR 0] ACT=OK REP=0.523 RWD=0.000 PNL=0.000 CREDIT=6
[ATTACK-EMIT] CID:5 activeWindow=YES falsified=YES simT=26.982 realPX=602.930 fakePX=565.190 realSPD=15.000 fakeSPD=20.000 realTS=26.982 fakeTS=26.482 lane=1
[ATTACK-EMIT] CID:17 activeWindow=YES falsified=YES simT=26.986 realPX=655.250 fakePX=655.250 realSPD=25.000 fakeSPD=20.000 realTS=26.986 fakeTS=26.986 lane=3
[PASSIVE-BEACON] SIMNOW:26.996 CID:5 ZONE:1 RXUAV:1 EDGEPORT:9998 TS:26.482 SPD:20.000 HDG:0.000 PX:565.200 PY:-10.000 LAN:1 BRK:0 RX_X:0.000 RX_Y:0.000 RX_Z:0.000
[ZONE-ROUTE] CID:5 zone=1 edge_port=9998
[EDGE-RTT] CID:5 wall=1.2 ms  sim_delay=10.0 ms
>>> [UAV->CLOUD] BLK:e4dd|TX:7.0.0.9|CID:5|TS:26.482|SPD:20.0|HDG:0.0|PX:565.2|PY:-10.0|L...
[PASSIVE-BEACON] SIMNOW:26.999 CID:17 ZONE:2 RXUAV:2 EDGEPORT:9996 TS:26.986 SPD:20.000 HDG:0.000 PX:655.300 PY:-30.000 LAN:3 BRK:0 RX_X:0.000 RX_Y:0.000 RX_Z:0.000
[ZONE-ROUTE] CID:17 zone=1 edge_port=9998
[EDGE-RTT] CID:17 wall=1.2 ms  sim_delay=5.0 ms
>>> [UAV->CLOUD] BLK:0924|TX:7.0.0.21|CID:17|TS:26.986|SPD:20.0|HDG:0.0|PX:655.3|PY:-30.0...
[ECON-CLAWBACK] CID:5 ACT=WARN prior_payoff=-92.6 extra_penalty=7.0 new_payoff=-99.7
[FORGIVENESS] CID:5 WARN #25 — streak reset, benefits revoked
⚠ [CAR 5] ACT=WARN REP=0.116 RWD=0.000 PNL=7.083 CREDIT=4
[ECON-GATE] CID:17 probation active - suppressing OK reward 0.876
✓ [CAR 17] ACT=OK REP=0.819 RWD=0.000 PNL=0.000 CREDIT=1
[ATTACK-EMIT] CID:16 activeWindow=YES falsified=YES simT=27.026 realPX=653.590 fakePX=566.268 realSPD=15.000 fakeSPD=20.000 realTS=27.026 fakeTS=26.526 lane=2
[PASSIVE-BEACON] SIMNOW:27.030 CID:18 ZONE:2 RXUAV:2 EDGEPORT:9996 TS:27.016 SPD:25.100 HDG:-1.100 PX:646.300 PY:-40.000 LAN:4 BRK:0 RX_X:0.000 RX_Y:0.000 RX_Z:0.000
[ZONE-ROUTE] CID:18 zone=1 edge_port=9998
[EDGE-RTT] CID:18 wall=1.2 ms  sim_delay=5.0 ms
>>> [UAV->CLOUD] BLK:afba|TX:7.0.0.22|CID:18|TS:27.016|SPD:25.1|HDG:-1.1|PX:646.3|PY:-40....
[PASSIVE-BEACON] SIMNOW:27.040 CID:15 ZONE:2 RXUAV:2 EDGEPORT:9996 TS:27.026 SPD:14.500 HDG:-0.300 PX:643.600 PY:-10.000 LAN:1 BRK:0 RX_X:0.000 RX_Y:0.000 RX_Z:0.000
[ZONE-ROUTE] CID:15 zone=1 edge_port=9998
[EDGE-RTT] CID:15 wall=1.3 ms  sim_delay=5.0 ms
>>> [UAV->CLOUD] BLK:8d86|TX:7.0.0.19|CID:15|TS:27.026|SPD:14.5|HDG:-0.3|PX:643.6|PY:-10....
[PASSIVE-BEACON] SIMNOW:27.040 CID:16 ZONE:1 RXUAV:1 EDGEPORT:9998 TS:26.526 SPD:20.000 HDG:0.000 PX:566.300 PY:-20.000 LAN:2 BRK:0 RX_X:0.000 RX_Y:0.000 RX_Z:0.000
[ZONE-ROUTE] CID:16 zone=1 edge_port=9998
[EDGE-RTT] CID:16 wall=2.6 ms  sim_delay=5.0 ms
[NASH-GATE] CID:16 p=0.4 p*=0.3 rho_hat=0.4 Nash=BAN windowHits=1/4 -> WARN (pending confirmation)
[ECON-CLAWBACK] CID:18 ACT=WARN prior_payoff=-54.4 extra_penalty=5.5 new_payoff=-60.0
[FORGIVENESS] CID:18 WARN #19 — streak reset, benefits revoked
⚠ [CAR 18] ACT=WARN REP=0.631 RWD=0.000 PNL=5.602 CREDIT=-2
[ECON-GATE] CID:15 probation active - suppressing OK reward 1.000
✓ [CAR 15] ACT=OK REP=0.188 RWD=0.000 PNL=0.000 CREDIT=6
[ECON-CLAWBACK] CID:16 ACT=WARN prior_payoff=-54.803 extra_penalty=5.500 new_payoff=-60.494
[FORGIVENESS] CID:16 WARN #19 — streak reset, benefits revoked
⚠ [CAR 16] ACT=WARN REP=0.603 RWD=0.000 PNL=5.691 CREDIT=0
[ATTACK-EMIT] CID:7 activeWindow=YES falsified=YES simT=27.122 realPX=618.650 fakePX=618.650 realSPD=25.000 fakeSPD=20.000 realTS=27.122 fakeTS=27.122 lane=3
[PASSIVE-BEACON] SIMNOW:27.136 CID:7 ZONE:2 RXUAV:2 EDGEPORT:9996 TS:27.122 SPD:20.000 HDG:0.000 PX:618.700 PY:-30.000 LAN:3 BRK:0 RX_X:0.000 RX_Y:0.000 RX_Z:0.000
[ZONE-ROUTE] CID:7 zone=1 edge_port=9998
[EDGE-RTT] CID:7 wall=1.2 ms  sim_delay=5.0 ms
>>> [UAV->CLOUD] BLK:8101|TX:7.0.0.11|CID:7|TS:27.122|SPD:20.0|HDG:0.0|PX:618.7|PY:-30.0|...
[ECON-GATE] CID:7 probation active - suppressing OK reward 1.0
✓ [CAR 7] ACT=OK REP=0.611 RWD=0.000 PNL=0.000 CREDIT=4
[PASSIVE-BEACON] SIMNOW:27.178 CID:14 ZONE:2 RXUAV:2 EDGEPORT:9996 TS:27.164 SPD:24.600 HDG:0.500 PX:620.200 PY:-50.000 LAN:5 BRK:0 RX_X:0.000 RX_Y:0.000 RX_Z:0.000
[ZONE-ROUTE] CID:14 zone=1 edge_port=9998
[EDGE-RTT] CID:14 wall=1.3 ms  sim_delay=5.0 ms
>>> [UAV->CLOUD] BLK:3990|TX:7.0.0.18|CID:14|TS:27.164|SPD:24.6|HDG:0.5|PX:620.2|PY:-50.0...
[PASSIVE-BEACON] SIMNOW:27.186 CID:6 ZONE:2 RXUAV:2 EDGEPORT:9996 TS:27.172 SPD:15.100 HDG:-0.200 PX:616.500 PY:-20.000 LAN:2 BRK:0 RX_X:0.000 RX_Y:0.000 RX_Z:0.000
[ZONE-ROUTE] CID:6 zone=1 edge_port=9998
[EDGE-RTT] CID:6 wall=1.1 ms  sim_delay=5.0 ms
>>> [UAV->CLOUD] BLK:bd45|TX:7.0.0.10|CID:6|TS:27.172|SPD:15.1|HDG:-0.2|PX:616.5|PY:-20.0...
[ECON-CLAWBACK] CID:14 ACT=WARN prior_payoff=-29.8 extra_penalty=4.2 new_payoff=-34.2
[FORGIVENESS] CID:14 WARN #14 — streak reset, benefits revoked
⚠ [CAR 14] ACT=WARN REP=0.592 RWD=0.000 PNL=4.349 CREDIT=-2
[ECON-GATE] CID:6 probation active - suppressing OK reward 1.000
✓ [CAR 6] ACT=OK REP=0.381 RWD=0.000 PNL=0.000 CREDIT=2
[PASSIVE-BEACON] SIMNOW:27.210 CID:19 ZONE:2 RXUAV:2 EDGEPORT:9996 TS:27.196 SPD:25.400 HDG:2.000 PX:640.200 PY:-50.000 LAN:5 BRK:0 RX_X:0.000 RX_Y:0.000 RX_Z:0.000
[ZONE-ROUTE] CID:19 zone=1 edge_port=9998
[EDGE-RTT] CID:19 wall=0.9 ms  sim_delay=5.0 ms
>>> [UAV->CLOUD] BLK:363c|TX:7.0.0.23|CID:19|TS:27.196|SPD:25.4|HDG:2.0|PX:640.2|PY:-50.0...
[ECON-CLAWBACK] CID:19 ACT=WARN prior_payoff=-34.2 extra_penalty=4.5 new_payoff=-38.8
[FORGIVENESS] CID:19 WARN #15 — streak reset, benefits revoked
⚠ [CAR 19] ACT=WARN REP=0.813 RWD=0.000 PNL=4.602 CREDIT=-2
[ATTACK-EMIT] CID:9 activeWindow=YES falsified=YES simT=27.232 realPX=601.400 fakePX=601.400 realSPD=25.000 fakeSPD=20.000 realTS=27.232 fakeTS=27.232 lane=5
[ATTACK-EMIT] CID:10 activeWindow=YES falsified=YES simT=27.244 realPX=626.860 fakePX=561.418 realSPD=15.000 fakeSPD=20.000 realTS=27.244 fakeTS=26.744 lane=1
[ATTACK-EMIT] CID:13 activeWindow=YES falsified=YES simT=27.244 realPX=631.700 fakePX=569.086 realSPD=25.000 fakeSPD=20.000 realTS=27.244 fakeTS=26.744 lane=4
[PASSIVE-BEACON] SIMNOW:27.245 CID:9 ZONE:2 RXUAV:2 EDGEPORT:9996 TS:27.232 SPD:20.000 HDG:0.000 PX:601.400 PY:-50.000 LAN:5 BRK:0 RX_X:0.000 RX_Y:0.000 RX_Z:0.000
[ZONE-ROUTE] CID:9 zone=1 edge_port=9998
[EDGE-RTT] CID:9 wall=1.3 ms  sim_delay=5.0 ms
>>> [UAV->CLOUD] BLK:a9ad|TX:7.0.0.13|CID:9|TS:27.232|SPD:20.0|HDG:0.0|PX:601.4|PY:-50.0|...
[ECON-GATE] CID:9 probation active - suppressing OK reward 1.0
✓ [CAR 9] ACT=OK REP=0.798 RWD=0.000 PNL=0.000 CREDIT=3
[PASSIVE-BEACON] SIMNOW:27.258 CID:13 ZONE:1 RXUAV:1 EDGEPORT:9998 TS:26.744 SPD:20.000 HDG:0.000 PX:569.100 PY:-40.000 LAN:4 BRK:0 RX_X:0.000 RX_Y:0.000 RX_Z:0.000
[ZONE-ROUTE] CID:13 zone=1 edge_port=9998
[EDGE-RTT] CID:13 wall=1.1 ms  sim_delay=5.0 ms
>>> [UAV->CLOUD] BLK:0fd5|TX:7.0.0.17|CID:13|TS:26.744|SPD:20.0|HDG:0.0|PX:569.1|PY:-40.0...
[PASSIVE-BEACON] SIMNOW:27.258 CID:10 ZONE:1 RXUAV:1 EDGEPORT:9998 TS:26.744 SPD:20.000 HDG:0.000 PX:561.400 PY:-10.000 LAN:1 BRK:0 RX_X:0.000 RX_Y:0.000 RX_Z:0.000
[ZONE-ROUTE] CID:10 zone=1 edge_port=9998
[EDGE-RTT] CID:10 wall=3.5 ms  sim_delay=10.0 ms
[NASH-GATE] CID:10 p=0.4 p*=0.3 rho_hat=0.4 Nash=BAN windowHits=1/4 -> WARN (pending confirmation)
[PASSIVE-BEACON] SIMNOW:27.267 CID:11 ZONE:2 RXUAV:2 EDGEPORT:9996 TS:27.254 SPD:14.800 HDG:1.400 PX:637.200 PY:-20.000 LAN:2 BRK:0 RX_X:0.000 RX_Y:0.000 RX_Z:0.000
[ZONE-ROUTE] CID:11 zone=1 edge_port=9998
[EDGE-RTT] CID:11 wall=1.0 ms  sim_delay=5.0 ms
>>> [UAV->CLOUD] BLK:0ebc|TX:7.0.0.15|CID:11|TS:27.254|SPD:14.8|HDG:1.4|PX:637.2|PY:-20.0...
[ECON-CLAWBACK] CID:13 ACT=WARN prior_payoff=-30.1 extra_penalty=4.2 new_payoff=-34.4
[FORGIVENESS] CID:13 WARN #14 — streak reset, benefits revoked
⚠ [CAR 13] ACT=WARN REP=0.604 RWD=0.000 PNL=4.331 CREDIT=3
[ECON-CLAWBACK] CID:10 ACT=WARN prior_payoff=-85.762 extra_penalty=6.750 new_payoff=-92.705
[FORGIVENESS] CID:10 WARN #24 — streak reset, benefits revoked
⚠ [CAR 10] ACT=WARN REP=0.295 RWD=0.000 PNL=6.943 CREDIT=0
[PASSIVE-BEACON] SIMNOW:27.278 CID:12 ZONE:2 RXUAV:2 EDGEPORT:9996 TS:27.264 SPD:24.800 HDG:-1.200 PX:641.900 PY:-30.000 LAN:3 BRK:0 RX_X:0.000 RX_Y:0.000 RX_Z:0.000
[ZONE-ROUTE] CID:12 zone=1 edge_port=9998
[EDGE-RTT] CID:12 wall=1.2 ms  sim_delay=5.0 ms
>>> [UAV->CLOUD] BLK:6154|TX:7.0.0.16|CID:12|TS:27.264|SPD:24.8|HDG:-1.2|PX:641.9|PY:-30....
[ECON-GATE] CID:11 probation active - suppressing OK reward 1.0
✓ [CAR 11] ACT=OK REP=0.486 RWD=0.000 PNL=0.000 CREDIT=2
[ECON-CLAWBACK] CID:12 ACT=WARN prior_payoff=-78.519 extra_penalty=6.500 new_payoff=-85.120
[FORGIVENESS] CID:12 WARN #23 — streak reset, benefits revoked
⚠ [CAR 12] ACT=WARN REP=0.389 RWD=0.000 PNL=6.601 CREDIT=-2
[ATTACK-EMIT] CID:2 activeWindow=YES falsified=YES simT=27.300 realPX=603.100 fakePX=603.100 realSPD=25.000 fakeSPD=20.000 realTS=27.300 fakeTS=27.300 lane=3
[ATTACK-EMIT] CID:1 activeWindow=YES falsified=YES simT=27.340 realPX=598.300 fakePX=598.300 realSPD=15.000 fakeSPD=20.000 realTS=27.340 fakeTS=27.340 lane=2
[ATTACK-EMIT] CID:3 activeWindow=YES falsified=YES simT=27.350 realPX=594.350 fakePX=569.380 realSPD=25.000 fakeSPD=20.000 realTS=27.350 fakeTS=26.850 lane=4
[ATTACK-EMIT] CID:4 activeWindow=YES falsified=YES simT=27.350 realPX=584.350 fakePX=584.350 realSPD=25.000 fakeSPD=20.000 realTS=27.350 fakeTS=27.350 lane=5
[PASSIVE-BEACON] SIMNOW:27.364 CID:3 ZONE:1 RXUAV:1 EDGEPORT:9998 TS:26.850 SPD:20.000 HDG:0.000 PX:569.400 PY:-40.000 LAN:4 BRK:0 RX_X:0.000 RX_Y:0.000 RX_Z:0.000
[ZONE-ROUTE] CID:3 zone=1 edge_port=9998
[EDGE-RTT] CID:3 wall=1.0 ms  sim_delay=5.0 ms
>>> [UAV->CLOUD] BLK:530c|TX:7.0.0.7|CID:3|TS:26.850|SPD:20.0|HDG:0.0|PX:569.4|PY:-40.0|L...
[PASSIVE-BEACON] SIMNOW:27.367 CID:4 ZONE:1 RXUAV:1 EDGEPORT:9998 TS:27.350 SPD:20.000 HDG:0.000 PX:584.400 PY:-50.000 LAN:5 BRK:0 RX_X:0.000 RX_Y:0.000 RX_Z:0.000
[ZONE-ROUTE] CID:4 zone=1 edge_port=9998
[EDGE-RTT] CID:4 wall=1.1 ms  sim_delay=5.0 ms
>>> [UAV->CLOUD] BLK:149b|TX:7.0.0.8|CID:4|TS:27.350|SPD:20.0|HDG:0.0|PX:584.4|PY:-50.0|L...
[ECON-GATE] CID:3 probation active - suppressing OK reward 0.9
✓ [CAR 3] ACT=OK REP=0.684 RWD=0.000 PNL=0.000 CREDIT=2
[ECON-GATE] CID:4 probation active - suppressing OK reward 0.994
✓ [CAR 4] ACT=OK REP=0.587 RWD=0.000 PNL=0.000 CREDIT=1
[ATTACK-EMIT] CID:8 activeWindow=YES falsified=YES simT=27.402 realPX=615.650 fakePX=615.650 realSPD=25.000 fakeSPD=20.000 realTS=27.402 fakeTS=27.402 lane=4
[PASSIVE-BEACON] SIMNOW:27.416 CID:8 ZONE:2 RXUAV:2 EDGEPORT:9996 TS:27.402 SPD:20.000 HDG:0.000 PX:615.700 PY:-40.000 LAN:4 BRK:0 RX_X:0.000 RX_Y:0.000 RX_Z:0.000
[ZONE-ROUTE] CID:8 zone=1 edge_port=9998
[EDGE-RTT] CID:8 wall=1.2 ms  sim_delay=5.0 ms
>>> [UAV->CLOUD] BLK:d35b|TX:7.0.0.12|CID:8|TS:27.402|SPD:20.0|HDG:0.0|PX:615.7|PY:-40.0|...
[ECON-GATE] CID:8 probation active - suppressing OK reward 1.0
✓ [CAR 8] ACT=OK REP=0.699 RWD=0.000 PNL=0.000 CREDIT=4
[ATTACK-EMIT] CID:0 activeWindow=YES falsified=YES simT=27.440 realPX=589.800 fakePX=589.800 realSPD=15.000 fakeSPD=20.000 realTS=27.440 fakeTS=27.440 lane=1
[PASSIVE-BEACON] SIMNOW:27.454 CID:0 ZONE:1 RXUAV:1 EDGEPORT:9998 TS:27.440 SPD:20.000 HDG:0.000 PX:589.800 PY:-10.000 LAN:1 BRK:0 RX_X:0.000 RX_Y:0.000 RX_Z:0.000
[ZONE-ROUTE] CID:0 zone=1 edge_port=9998
[EDGE-RTT] CID:0 wall=1.2 ms  sim_delay=10.0 ms
>>> [UAV->CLOUD] BLK:72ed|TX:7.0.0.4|CID:0|TS:27.440|SPD:20.0|HDG:0.0|PX:589.8|PY:-10.0|L...
[ECON-GATE] CID:0 probation active - suppressing OK reward 1.0
✓ [CAR 0] ACT=OK REP=0.485 RWD=0.000 PNL=0.000 CREDIT=7
[ATTACK-EMIT] CID:5 activeWindow=YES falsified=YES simT=27.482 realPX=610.430 fakePX=610.430 realSPD=15.000 fakeSPD=20.000 realTS=27.482 fakeTS=27.482 lane=1
[ATTACK-EMIT] CID:17 activeWindow=YES falsified=YES simT=27.486 realPX=667.750 fakePX=567.744 realSPD=25.000 fakeSPD=20.000 realTS=27.486 fakeTS=26.986 lane=3
[PASSIVE-BEACON] SIMNOW:27.496 CID:5 ZONE:2 RXUAV:2 EDGEPORT:9996 TS:27.482 SPD:20.000 HDG:0.000 PX:610.400 PY:-10.000 LAN:1 BRK:0 RX_X:0.000 RX_Y:0.000 RX_Z:0.000
[ZONE-ROUTE] CID:5 zone=1 edge_port=9998
[EDGE-RTT] CID:5 wall=1.3 ms  sim_delay=10.0 ms
>>> [UAV->CLOUD] BLK:fba3|TX:7.0.0.9|CID:5|TS:27.482|SPD:20.0|HDG:0.0|PX:610.4|PY:-10.0|L...
[PASSIVE-BEACON] SIMNOW:27.500 CID:17 ZONE:1 RXUAV:1 EDGEPORT:9998 TS:26.986 SPD:20.000 HDG:0.000 PX:567.700 PY:-30.000 LAN:3 BRK:1 RX_X:0.000 RX_Y:0.000 RX_Z:0.000
[ZONE-ROUTE] CID:17 zone=1 edge_port=9998
[EDGE-RTT] CID:17 wall=1.0 ms  sim_delay=5.0 ms
[NASH-GATE] CID:17 p=0.4 p*=0.3 rho_hat=0.4 Nash=BAN windowHits=1/4 -> WARN (pending confirmation)
[ECON-GATE] CID:5 probation active - suppressing OK reward 1.0
✓ [CAR 5] ACT=OK REP=0.727 RWD=0.000 PNL=0.000 CREDIT=0
[ECON-CLAWBACK] CID:17 ACT=WARN prior_payoff=-44.269 extra_penalty=5.000 new_payoff=-49.462
[FORGIVENESS] CID:17 WARN #17 — streak reset, benefits revoked
⚠ [CAR 17] ACT=WARN REP=0.608 RWD=0.000 PNL=5.193 CREDIT=0
[ATTACK-EMIT] CID:16 activeWindow=YES falsified=YES simT=27.526 realPX=661.090 fakePX=661.090 realSPD=15.000 fakeSPD=20.000 realTS=27.526 fakeTS=27.526 lane=2
[PASSIVE-BEACON] SIMNOW:27.530 CID:18 ZONE:2 RXUAV:2 EDGEPORT:9996 TS:27.516 SPD:24.800 HDG:-1.400 PX:658.400 PY:-40.000 LAN:4 BRK:1 RX_X:0.000 RX_Y:0.000 RX_Z:0.000
[ZONE-ROUTE] CID:18 zone=1 edge_port=9998
[EDGE-RTT] CID:18 wall=1.3 ms  sim_delay=5.0 ms
>>> [UAV->CLOUD] BLK:b522|TX:7.0.0.22|CID:18|TS:27.516|SPD:24.8|HDG:-1.4|PX:658.4|PY:-40....
[PASSIVE-BEACON] SIMNOW:27.540 CID:15 ZONE:2 RXUAV:2 EDGEPORT:9996 TS:27.526 SPD:15.000 HDG:-1.400 PX:651.100 PY:-10.000 LAN:1 BRK:0 RX_X:0.000 RX_Y:0.000 RX_Z:0.000
[ZONE-ROUTE] CID:15 zone=1 edge_port=9998
[EDGE-RTT] CID:15 wall=0.9 ms  sim_delay=5.0 ms
>>> [UAV->CLOUD] BLK:807e|TX:7.0.0.19|CID:15|TS:27.526|SPD:15.0|HDG:-1.4|PX:651.1|PY:-10....
[PASSIVE-BEACON] SIMNOW:27.540 CID:16 ZONE:2 RXUAV:2 EDGEPORT:9996 TS:27.526 SPD:20.000 HDG:0.000 PX:661.100 PY:-20.000 LAN:2 BRK:0 RX_X:0.000 RX_Y:0.000 RX_Z:0.000
[ZONE-ROUTE] CID:16 zone=1 edge_port=9998
[EDGE-RTT] CID:16 wall=2.7 ms  sim_delay=5.0 ms
[NASH-GATE] CID:16 p=1.000 p*=0.326 rho_hat=0.376 streak=2 windowHits=2/4 EU_ban=1.500 -> CONFIRMED BAN (SLOW_LANE punishment sent)
[ECON-CLAWBACK] CID:18 ACT=WARN prior_payoff=-60.029 extra_penalty=5.750 new_payoff=-65.879
[FORGIVENESS] CID:18 WARN #20 — streak reset, benefits revoked
⚠ [CAR 18] ACT=WARN REP=0.547 RWD=0.000 PNL=5.850 CREDIT=-2
[ECON-GATE] CID:15 probation active - suppressing OK reward 1.000
✓ [CAR 15] ACT=OK REP=0.510 RWD=0.000 PNL=0.000 CREDIT=7
[ECON-CLAWBACK] CID:16 ACT=BAN prior_payoff=-60.494 extra_penalty=5.000 new_payoff=-65.994
[FORGIVENESS] CID:16 BAN#1 excused (first confirmed offence) honest_wins=0 (preserved)
[BAN-PUNISH] CID:16 SLOW_LANE EXILE → LAN=99 speed=20.000 m/s  return_threshold=60
✗ [CAR 16] ACT=BAN REP=0.502 RWD=0.000 PNL=5.500 CREDIT=-8
[ATTACK-EMIT] CID:7 activeWindow=YES falsified=YES simT=27.622 realPX=631.150 fakePX=568.374 realSPD=25.000 fakeSPD=20.000 realTS=27.622 fakeTS=27.122 lane=3
[PASSIVE-BEACON] SIMNOW:27.636 CID:7 ZONE:1 RXUAV:1 EDGEPORT:9998 TS:27.122 SPD:20.000 HDG:0.000 PX:568.400 PY:-30.000 LAN:3 BRK:1 RX_X:0.000 RX_Y:0.000 RX_Z:0.000
[ZONE-ROUTE] CID:7 zone=1 edge_port=9998
[EDGE-RTT] CID:7 wall=0.9 ms  sim_delay=5.0 ms
>>> [UAV->CLOUD] BLK:7533|TX:7.0.0.11|CID:7|TS:27.122|SPD:20.0|HDG:0.0|PX:568.4|PY:-30.0|...
[ECON-CLAWBACK] CID:7 ACT=WARN prior_payoff=-54.6 extra_penalty=5.5 new_payoff=-60.2
[FORGIVENESS] CID:7 WARN #19 — streak reset, benefits revoked
⚠ [CAR 7] ACT=WARN REP=0.656 RWD=0.000 PNL=5.586 CREDIT=3
[PASSIVE-BEACON] SIMNOW:27.681 CID:14 ZONE:2 RXUAV:2 EDGEPORT:9996 TS:27.664 SPD:24.600 HDG:1.000 PX:632.300 PY:-50.000 LAN:5 BRK:0 RX_X:0.000 RX_Y:0.000 RX_Z:0.000
[ZONE-ROUTE] CID:14 zone=1 edge_port=9998
[EDGE-RTT] CID:14 wall=1.2 ms  sim_delay=5.0 ms
>>> [UAV->CLOUD] BLK:7853|TX:7.0.0.18|CID:14|TS:27.664|SPD:24.6|HDG:1.0|PX:632.3|PY:-50.0...
[PASSIVE-BEACON] SIMNOW:27.686 CID:6 ZONE:2 RXUAV:2 EDGEPORT:9996 TS:27.672 SPD:15.000 HDG:1.500 PX:623.400 PY:-20.000 LAN:2 BRK:0 RX_X:0.000 RX_Y:0.000 RX_Z:0.000
[ZONE-ROUTE] CID:6 zone=1 edge_port=9998
[EDGE-RTT] CID:6 wall=1.1 ms  sim_delay=5.0 ms
>>> [UAV->CLOUD] BLK:7315|TX:7.0.0.10|CID:6|TS:27.672|SPD:15.0|HDG:1.5|PX:623.4|PY:-20.0|...
[ECON-CLAWBACK] CID:14 ACT=WARN prior_payoff=-34.2 extra_penalty=4.5 new_payoff=-38.8
[FORGIVENESS] CID:14 WARN #15 — streak reset, benefits revoked
⚠ [CAR 14] ACT=WARN REP=0.762 RWD=0.000 PNL=4.599 CREDIT=-2
[ECON-GATE] CID:6 probation active - suppressing OK reward 1.000
✓ [CAR 6] ACT=OK REP=0.528 RWD=0.000 PNL=0.000 CREDIT=3
[PASSIVE-BEACON] SIMNOW:27.710 CID:19 ZONE:2 RXUAV:2 EDGEPORT:9996 TS:27.696 SPD:24.700 HDG:0.800 PX:653.700 PY:-50.000 LAN:5 BRK:0 RX_X:0.000 RX_Y:0.000 RX_Z:0.000
[ZONE-ROUTE] CID:19 zone=1 edge_port=9998
[EDGE-RTT] CID:19 wall=1.2 ms  sim_delay=5.0 ms
>>> [UAV->CLOUD] BLK:7de1|TX:7.0.0.23|CID:19|TS:27.696|SPD:24.7|HDG:0.8|PX:653.7|PY:-50.0...
[ECON-CLAWBACK] CID:19 ACT=WARN prior_payoff=-38.8 extra_penalty=4.8 new_payoff=-43.7
[FORGIVENESS] CID:19 WARN #16 — streak reset, benefits revoked
⚠ [CAR 19] ACT=WARN REP=0.726 RWD=0.000 PNL=4.850 CREDIT=-2
[ATTACK-EMIT] CID:9 activeWindow=YES falsified=YES simT=27.732 realPX=613.900 fakePX=613.900 realSPD=25.000 fakeSPD=20.000 realTS=27.732 fakeTS=27.732 lane=5
[ATTACK-EMIT] CID:10 activeWindow=YES falsified=YES simT=27.744 realPX=634.360 fakePX=634.360 realSPD=15.000 fakeSPD=20.000 realTS=27.744 fakeTS=27.744 lane=1
[ATTACK-EMIT] CID:13 activeWindow=YES falsified=YES simT=27.744 realPX=644.200 fakePX=644.200 realSPD=25.000 fakeSPD=20.000 realTS=27.744 fakeTS=27.744 lane=4
[PASSIVE-BEACON] SIMNOW:27.746 CID:9 ZONE:2 RXUAV:2 EDGEPORT:9996 TS:27.732 SPD:20.000 HDG:0.000 PX:613.900 PY:-50.000 LAN:5 BRK:0 RX_X:0.000 RX_Y:0.000 RX_Z:0.000
[ZONE-ROUTE] CID:9 zone=1 edge_port=9998
[EDGE-RTT] CID:9 wall=1.2 ms  sim_delay=5.0 ms
>>> [UAV->CLOUD] BLK:f81b|TX:7.0.0.13|CID:9|TS:27.732|SPD:20.0|HDG:0.0|PX:613.9|PY:-50.0|...
[PASSIVE-BEACON] SIMNOW:27.758 CID:13 ZONE:2 RXUAV:2 EDGEPORT:9996 TS:27.744 SPD:20.000 HDG:0.000 PX:644.200 PY:-40.000 LAN:4 BRK:1 RX_X:0.000 RX_Y:0.000 RX_Z:0.000
[ZONE-ROUTE] CID:13 zone=1 edge_port=9998
[EDGE-RTT] CID:13 wall=1.0 ms  sim_delay=5.0 ms
>>> [UAV->CLOUD] BLK:f139|TX:7.0.0.17|CID:13|TS:27.744|SPD:20.0|HDG:0.0|PX:644.2|PY:-40.0...
[PASSIVE-BEACON] SIMNOW:27.758 CID:10 ZONE:2 RXUAV:2 EDGEPORT:9996 TS:27.744 SPD:20.000 HDG:0.000 PX:634.400 PY:-10.000 LAN:1 BRK:0 RX_X:0.000 RX_Y:0.000 RX_Z:0.000
[ZONE-ROUTE] CID:10 zone=1 edge_port=9998
[EDGE-RTT] CID:10 wall=2.6 ms  sim_delay=10.0 ms
[NASH-GATE] CID:10 p=1.000 p*=0.326 rho_hat=0.379 streak=2 windowHits=2/4 EU_ban=1.500 -> CONFIRMED BAN (SLOW_LANE punishment sent)
[ECON-GATE] CID:9 probation active - suppressing OK reward 1.000
✓ [CAR 9] ACT=OK REP=0.662 RWD=0.000 PNL=0.000 CREDIT=4
[PASSIVE-BEACON] SIMNOW:27.768 CID:11 ZONE:2 RXUAV:2 EDGEPORT:9996 TS:27.754 SPD:15.500 HDG:1.000 PX:643.900 PY:-20.000 LAN:2 BRK:0 RX_X:0.000 RX_Y:0.000 RX_Z:0.000
[ZONE-ROUTE] CID:11 zone=1 edge_port=9998
[EDGE-RTT] CID:11 wall=0.7 ms  sim_delay=5.0 ms
>>> [UAV->CLOUD] BLK:7c5e|TX:7.0.0.15|CID:11|TS:27.754|SPD:15.5|HDG:1.0|PX:643.9|PY:-20.0...
[ECON-GATE] CID:13 probation active - suppressing OK reward 1.0
✓ [CAR 13] ACT=OK REP=0.746 RWD=0.000 PNL=0.000 CREDIT=0
[ECON-CLAWBACK] CID:10 ACT=BAN prior_payoff=-92.705 extra_penalty=5.000 new_payoff=-98.205
[FORGIVENESS] CID:10 BAN#1 excused (first confirmed offence) honest_wins=0 (preserved)
[BAN-PUNISH] CID:10 SLOW_LANE EXILE → LAN=99 speed=20.000 m/s  return_threshold=60
✗ [CAR 10] ACT=BAN REP=0.419 RWD=0.000 PNL=5.500 CREDIT=-8
[PASSIVE-BEACON] SIMNOW:27.778 CID:12 ZONE:2 RXUAV:2 EDGEPORT:9996 TS:27.764 SPD:15.500 HDG:1.300 PX:654.000 PY:-30.000 LAN:3 BRK:0 RX_X:0.000 RX_Y:0.000 RX_Z:0.000
[ZONE-ROUTE] CID:12 zone=1 edge_port=9998
[EDGE-RTT] CID:12 wall=1.1 ms  sim_delay=5.0 ms
>>> [UAV->CLOUD] BLK:eb0b|TX:7.0.0.16|CID:12|TS:27.764|SPD:15.5|HDG:1.3|PX:654.0|PY:-30.0...
[ECON-GATE] CID:11 probation active - suppressing OK reward 1.0
✓ [CAR 11] ACT=OK REP=0.574 RWD=0.000 PNL=0.000 CREDIT=3
[ECON-GATE] CID:12 probation active - suppressing OK reward 0.988
✓ [CAR 12] ACT=OK REP=0.625 RWD=0.000 PNL=0.000 CREDIT=0
[ATTACK-EMIT] CID:2 activeWindow=YES falsified=YES simT=27.800 realPX=615.200 fakePX=615.200 realSPD=15.000 fakeSPD=20.000 realTS=27.800 fakeTS=27.800 lane=3
[ATTACK-EMIT] CID:1 activeWindow=YES falsified=YES simT=27.840 realPX=605.800 fakePX=564.352 realSPD=15.000 fakeSPD=22.000 realTS=27.840 fakeTS=27.340 lane=2
[ATTACK-EMIT] CID:3 activeWindow=YES falsified=YES simT=27.850 realPX=606.850 fakePX=606.850 realSPD=25.000 fakeSPD=20.000 realTS=27.850 fakeTS=27.850 lane=4
[ATTACK-EMIT] CID:4 activeWindow=YES falsified=YES simT=27.850 realPX=596.850 fakePX=572.024 realSPD=25.000 fakeSPD=20.000 realTS=27.850 fakeTS=27.350 lane=5
[PASSIVE-BEACON] SIMNOW:27.864 CID:4 ZONE:1 RXUAV:1 EDGEPORT:9998 TS:27.350 SPD:20.000 HDG:0.000 PX:572.000 PY:-50.000 LAN:5 BRK:0 RX_X:0.000 RX_Y:0.000 RX_Z:0.000
[ZONE-ROUTE] CID:4 zone=1 edge_port=9998
[EDGE-RTT] CID:4 wall=1.1 ms  sim_delay=5.0 ms
>>> [UAV->CLOUD] BLK:3ce1|TX:7.0.0.8|CID:4|TS:27.350|SPD:20.0|HDG:0.0|PX:572.0|PY:-50.0|L...
[PASSIVE-BEACON] SIMNOW:27.864 CID:3 ZONE:2 RXUAV:2 EDGEPORT:9996 TS:27.850 SPD:20.000 HDG:0.000 PX:606.900 PY:-40.000 LAN:4 BRK:0 RX_X:0.000 RX_Y:0.000 RX_Z:0.000
[ZONE-ROUTE] CID:3 zone=1 edge_port=9998
[EDGE-RTT] CID:3 wall=3.0 ms  sim_delay=5.0 ms
>>> [UAV->CLOUD] BLK:2bf3|TX:7.0.0.7|CID:3|TS:27.850|SPD:20.0|HDG:0.0|PX:606.9|PY:-40.0|L...
[ECON-GATE] CID:4 probation active - suppressing OK reward 0.9
✓ [CAR 4] ACT=OK REP=0.821 RWD=0.000 PNL=0.000 CREDIT=2
[ECON-GATE] CID:3 probation active - suppressing OK reward 1.000
✓ [CAR 3] ACT=OK REP=0.963 RWD=0.000 PNL=0.000 CREDIT=3
[ATTACK-EMIT] CID:8 activeWindow=YES falsified=YES simT=27.902 realPX=628.150 fakePX=565.452 realSPD=25.000 fakeSPD=20.000 realTS=27.902 fakeTS=27.402 lane=4
[PASSIVE-BEACON] SIMNOW:27.916 CID:8 ZONE:1 RXUAV:1 EDGEPORT:9998 TS:27.402 SPD:20.000 HDG:0.000 PX:565.500 PY:-40.000 LAN:4 BRK:1 RX_X:0.000 RX_Y:0.000 RX_Z:0.000
[ZONE-ROUTE] CID:8 zone=1 edge_port=9998
[EDGE-RTT] CID:8 wall=1.3 ms  sim_delay=5.0 ms
>>> [UAV->CLOUD] BLK:f13e|TX:7.0.0.12|CID:8|TS:27.402|SPD:20.0|HDG:0.0|PX:565.5|PY:-40.0|...
[ECON-CLAWBACK] CID:8 ACT=WARN prior_payoff=-39.2 extra_penalty=4.8 new_payoff=-44.0
[FORGIVENESS] CID:8 WARN #16 — streak reset, benefits revoked
⚠ [CAR 8] ACT=WARN REP=0.875 RWD=0.000 PNL=4.831 CREDIT=3
[ATTACK-EMIT] CID:0 activeWindow=YES falsified=YES simT=27.940 realPX=597.300 fakePX=597.300 realSPD=15.000 fakeSPD=20.000 realTS=27.940 fakeTS=27.940 lane=1
[PASSIVE-BEACON] SIMNOW:27.954 CID:0 ZONE:1 RXUAV:1 EDGEPORT:9998 TS:27.940 SPD:20.000 HDG:0.000 PX:597.300 PY:-10.000 LAN:1 BRK:0 RX_X:0.000 RX_Y:0.000 RX_Z:0.000
[ZONE-ROUTE] CID:0 zone=1 edge_port=9998
[EDGE-RTT] CID:0 wall=1.0 ms  sim_delay=10.0 ms
>>> [UAV->CLOUD] BLK:6fef|TX:7.0.0.4|CID:0|TS:27.940|SPD:20.0|HDG:0.0|PX:597.3|PY:-10.0|L...
[ECON-GATE] CID:0 probation active - suppressing OK reward 1.0
✓ [CAR 0] ACT=OK REP=0.566 RWD=0.000 PNL=0.000 CREDIT=8
[ATTACK-EMIT] CID:5 activeWindow=YES falsified=YES simT=27.982 realPX=617.930 fakePX=617.930 realSPD=15.000 fakeSPD=20.000 realTS=27.982 fakeTS=27.982 lane=1
[ATTACK-EMIT] CID:17 activeWindow=YES falsified=YES simT=27.986 realPX=677.990 fakePX=677.990 realSPD=15.000 fakeSPD=20.000 realTS=27.986 fakeTS=27.986 lane=3
[PASSIVE-BEACON] SIMNOW:27.996 CID:5 ZONE:2 RXUAV:2 EDGEPORT:9996 TS:27.982 SPD:20.000 HDG:0.000 PX:617.900 PY:-10.000 LAN:1 BRK:0 RX_X:0.000 RX_Y:0.000 RX_Z:0.000
[ZONE-ROUTE] CID:5 zone=1 edge_port=9998
[EDGE-RTT] CID:5 wall=0.9 ms  sim_delay=10.0 ms
>>> [UAV->CLOUD] BLK:f268|TX:7.0.0.9|CID:5|TS:27.982|SPD:20.0|HDG:0.0|PX:617.9|PY:-10.0|L...
[PASSIVE-BEACON] SIMNOW:28.000 CID:17 ZONE:2 RXUAV:2 EDGEPORT:9996 TS:27.986 SPD:20.000 HDG:0.000 PX:678.000 PY:-30.000 LAN:3 BRK:1 RX_X:0.000 RX_Y:0.000 RX_Z:0.000
[ZONE-ROUTE] CID:17 zone=1 edge_port=9998
[EDGE-RTT] CID:17 wall=0.8 ms  sim_delay=5.0 ms
[NASH-GATE] CID:17 p=1.000 p*=0.326 rho_hat=0.379 streak=2 windowHits=2/4 EU_ban=1.500 -> CONFIRMED BAN (SLOW_LANE punishment sent)
[ECON-GATE] CID:5 probation active - suppressing OK reward 0.876
✓ [CAR 5] ACT=OK REP=0.339 RWD=0.000 PNL=0.000 CREDIT=1
[ECON-CLAWBACK] CID:17 ACT=BAN prior_payoff=-49.462 extra_penalty=5.000 new_payoff=-54.962
[FORGIVENESS] CID:17 BAN#1 excused (first confirmed offence) honest_wins=0 (preserved)
[BAN-PUNISH] CID:17 SLOW_LANE EXILE → LAN=99 speed=20.000 m/s  return_threshold=60
✗ [CAR 17] ACT=BAN REP=0.529 RWD=0.000 PNL=5.500 CREDIT=-8
[ATTACK-EMIT] CID:16 activeWindow=YES falsified=YES simT=28.026 realPX=668.590 fakePX=668.590 realSPD=15.000 fakeSPD=20.000 realTS=28.026 fakeTS=28.026 lane=99
[PASSIVE-BEACON] SIMNOW:28.029 CID:18 ZONE:2 RXUAV:2 EDGEPORT:9996 TS:28.016 SPD:25.400 HDG:-1.900 PX:671.500 PY:-40.000 LAN:4 BRK:0 RX_X:0.000 RX_Y:0.000 RX_Z:0.000
[ZONE-ROUTE] CID:18 zone=1 edge_port=9998
[EDGE-RTT] CID:18 wall=0.9 ms  sim_delay=5.0 ms
>>> [UAV->CLOUD] BLK:dfdc|TX:7.0.0.22|CID:18|TS:28.016|SPD:25.4|HDG:-1.9|PX:671.5|PY:-40....
[PASSIVE-BEACON] SIMNOW:28.040 CID:15 ZONE:2 RXUAV:2 EDGEPORT:9996 TS:28.026 SPD:14.600 HDG:0.900 PX:658.400 PY:-10.000 LAN:1 BRK:0 RX_X:0.000 RX_Y:0.000 RX_Z:0.000
[ZONE-ROUTE] CID:15 zone=1 edge_port=9998
[EDGE-RTT] CID:15 wall=1.2 ms  sim_delay=5.0 ms
>>> [UAV->CLOUD] BLK:2d66|TX:7.0.0.19|CID:15|TS:28.026|SPD:14.6|HDG:0.9|PX:658.4|PY:-10.0...
[PASSIVE-BEACON] SIMNOW:28.040 CID:16 ZONE:2 RXUAV:2 EDGEPORT:9996 TS:28.026 SPD:20.000 HDG:0.000 PX:668.600 PY:-20.000 LAN:99 BRK:0 RX_X:0.000 RX_Y:0.000 RX_Z:0.000
[ECON-CLAWBACK] CID:18 ACT=WARN prior_payoff=-65.9 extra_penalty=6.0 new_payoff=-72.0
[FORGIVENESS] CID:18 WARN #21 — streak reset, benefits revoked
⚠ [CAR 18] ACT=WARN REP=0.793 RWD=0.000 PNL=6.102 CREDIT=-2
[ECON-GATE] CID:15 probation active - suppressing OK reward 1.000
✓ [CAR 15] ACT=OK REP=0.560 RWD=0.000 PNL=0.000 CREDIT=8
[ATTACK-EMIT] CID:7 activeWindow=YES falsified=YES simT=28.122 realPX=640.030 fakePX=640.030 realSPD=15.000 fakeSPD=20.000 realTS=28.122 fakeTS=28.122 lane=3
[PASSIVE-BEACON] SIMNOW:28.136 CID:7 ZONE:2 RXUAV:2 EDGEPORT:9996 TS:28.122 SPD:20.000 HDG:0.000 PX:640.000 PY:-30.000 LAN:3 BRK:0 RX_X:0.000 RX_Y:0.000 RX_Z:0.000
[ZONE-ROUTE] CID:7 zone=1 edge_port=9998
[EDGE-RTT] CID:7 wall=1.2 ms  sim_delay=5.0 ms
>>> [UAV->CLOUD] BLK:a4b3|TX:7.0.0.11|CID:7|TS:28.122|SPD:20.0|HDG:0.0|PX:640.0|PY:-30.0|...
[ECON-CLAWBACK] CID:7 ACT=WARN prior_payoff=-60.2 extra_penalty=5.8 new_payoff=-66.0
[FORGIVENESS] CID:7 WARN #20 — streak reset, benefits revoked
⚠ [CAR 7] ACT=WARN REP=0.805 RWD=0.000 PNL=5.828 CREDIT=-2
[PASSIVE-BEACON] SIMNOW:28.179 CID:14 ZONE:2 RXUAV:2 EDGEPORT:9996 TS:28.164 SPD:24.800 HDG:-0.200 PX:644.700 PY:-50.000 LAN:5 BRK:0 RX_X:0.000 RX_Y:0.000 RX_Z:0.000
[ZONE-ROUTE] CID:14 zone=1 edge_port=9998
[EDGE-RTT] CID:14 wall=0.9 ms  sim_delay=5.0 ms
>>> [UAV->CLOUD] BLK:8d60|TX:7.0.0.18|CID:14|TS:28.164|SPD:24.8|HDG:-0.2|PX:644.7|PY:-50....
[PASSIVE-BEACON] SIMNOW:28.186 CID:6 ZONE:2 RXUAV:2 EDGEPORT:9996 TS:28.172 SPD:15.400 HDG:-1.900 PX:631.500 PY:-20.000 LAN:2 BRK:0 RX_X:0.000 RX_Y:0.000 RX_Z:0.000
[ZONE-ROUTE] CID:6 zone=1 edge_port=9998
[EDGE-RTT] CID:6 wall=0.8 ms  sim_delay=5.0 ms
>>> [UAV->CLOUD] BLK:6cad|TX:7.0.0.10|CID:6|TS:28.172|SPD:15.4|HDG:-1.9|PX:631.5|PY:-20.0...
[ECON-CLAWBACK] CID:14 ACT=WARN prior_payoff=-38.8 extra_penalty=4.8 new_payoff=-43.6
[FORGIVENESS] CID:14 WARN #16 — streak reset, benefits revoked
⚠ [CAR 14] ACT=WARN REP=0.675 RWD=0.000 PNL=4.850 CREDIT=-2
[ECON-GATE] CID:6 probation active - suppressing OK reward 1.000
✓ [CAR 6] ACT=OK REP=0.455 RWD=0.000 PNL=0.000 CREDIT=4
[PASSIVE-BEACON] SIMNOW:28.209 CID:19 ZONE:2 RXUAV:2 EDGEPORT:9996 TS:28.196 SPD:25.300 HDG:-1.900 PX:665.400 PY:-50.000 LAN:5 BRK:0 RX_X:0.000 RX_Y:0.000 RX_Z:0.000
[ZONE-ROUTE] CID:19 zone=1 edge_port=9998
[EDGE-RTT] CID:19 wall=1.0 ms  sim_delay=5.0 ms
>>> [UAV->CLOUD] BLK:6f35|TX:7.0.0.23|CID:19|TS:28.196|SPD:25.3|HDG:-1.9|PX:665.4|PY:-50....
[ECON-CLAWBACK] CID:19 ACT=WARN prior_payoff=-43.7 extra_penalty=5.0 new_payoff=-48.8
[FORGIVENESS] CID:19 WARN #17 — streak reset, benefits revoked
⚠ [CAR 19] ACT=WARN REP=0.707 RWD=0.000 PNL=5.102 CREDIT=-2
[ATTACK-EMIT] CID:9 activeWindow=YES falsified=YES simT=28.232 realPX=626.400 fakePX=564.056 realSPD=25.000 fakeSPD=20.000 realTS=28.232 fakeTS=27.732 lane=5
[ATTACK-EMIT] CID:10 activeWindow=YES falsified=YES simT=28.244 realPX=641.860 fakePX=641.860 realSPD=15.000 fakeSPD=20.000 realTS=28.244 fakeTS=28.244 lane=99
[ATTACK-EMIT] CID:13 activeWindow=YES falsified=YES simT=28.244 realPX=656.700 fakePX=656.700 realSPD=25.000 fakeSPD=20.000 realTS=28.244 fakeTS=28.244 lane=4
[PASSIVE-BEACON] SIMNOW:28.246 CID:9 ZONE:1 RXUAV:1 EDGEPORT:9998 TS:27.732 SPD:20.000 HDG:0.000 PX:564.100 PY:-50.000 LAN:5 BRK:0 RX_X:0.000 RX_Y:0.000 RX_Z:0.000
[ZONE-ROUTE] CID:9 zone=1 edge_port=9998
[EDGE-RTT] CID:9 wall=1.1 ms  sim_delay=5.0 ms
>>> [UAV->CLOUD] BLK:7c5e|TX:7.0.0.13|CID:9|TS:27.732|SPD:20.0|HDG:0.0|PX:564.1|PY:-50.0|...
[PASSIVE-BEACON] SIMNOW:28.258 CID:13 ZONE:2 RXUAV:2 EDGEPORT:9996 TS:28.244 SPD:20.000 HDG:0.000 PX:656.700 PY:-40.000 LAN:4 BRK:0 RX_X:0.000 RX_Y:0.000 RX_Z:0.000
[ZONE-ROUTE] CID:13 zone=1 edge_port=9998
[EDGE-RTT] CID:13 wall=1.0 ms  sim_delay=5.0 ms
>>> [UAV->CLOUD] BLK:337a|TX:7.0.0.17|CID:13|TS:28.244|SPD:20.0|HDG:0.0|PX:656.7|PY:-40.0...
[ECON-CLAWBACK] CID:9 ACT=WARN prior_payoff=-22.0 extra_penalty=3.8 new_payoff=-25.8
[FORGIVENESS] CID:9 WARN #12 — streak reset, benefits revoked
⚠ [CAR 9] ACT=WARN REP=0.590 RWD=0.000 PNL=3.831 CREDIT=3
[PASSIVE-BEACON] SIMNOW:28.261 CID:10 ZONE:2 RXUAV:2 EDGEPORT:9996 TS:28.244 SPD:20.000 HDG:0.000 PX:641.900 PY:-10.000 LAN:99 BRK:0 RX_X:0.000 RX_Y:0.000 RX_Z:0.000
[PASSIVE-BEACON] SIMNOW:28.268 CID:11 ZONE:2 RXUAV:2 EDGEPORT:9996 TS:28.254 SPD:15.100 HDG:1.700 PX:651.800 PY:-20.000 LAN:2 BRK:0 RX_X:0.000 RX_Y:0.000 RX_Z:0.000
[ZONE-ROUTE] CID:11 zone=1 edge_port=9998
[EDGE-RTT] CID:11 wall=0.8 ms  sim_delay=5.0 ms
>>> [UAV->CLOUD] BLK:b3f1|TX:7.0.0.15|CID:11|TS:28.254|SPD:15.1|HDG:1.7|PX:651.8|PY:-20.0...
[ECON-GATE] CID:13 probation active - suppressing OK reward 0.9
✓ [CAR 13] ACT=OK REP=0.606 RWD=0.000 PNL=0.000 CREDIT=1
[PASSIVE-BEACON] SIMNOW:28.278 CID:12 ZONE:2 RXUAV:2 EDGEPORT:9996 TS:28.264 SPD:14.800 HDG:1.700 PX:662.700 PY:-30.000 LAN:3 BRK:0 RX_X:0.000 RX_Y:0.000 RX_Z:0.000
[ZONE-ROUTE] CID:12 zone=1 edge_port=9998
[EDGE-RTT] CID:12 wall=0.9 ms  sim_delay=5.0 ms
>>> [UAV->CLOUD] BLK:60c3|TX:7.0.0.16|CID:12|TS:28.264|SPD:14.8|HDG:1.7|PX:662.7|PY:-30.0...
[ECON-GATE] CID:11 probation active - suppressing OK reward 1.0
✓ [CAR 11] ACT=OK REP=0.516 RWD=0.000 PNL=0.000 CREDIT=4
[ECON-GATE] CID:12 probation active - suppressing OK reward 1.000
✓ [CAR 12] ACT=OK REP=0.441 RWD=0.000 PNL=0.000 CREDIT=1
[ATTACK-EMIT] CID:2 activeWindow=YES falsified=YES simT=28.300 realPX=622.700 fakePX=565.714 realSPD=15.000 fakeSPD=22.000 realTS=28.300 fakeTS=27.800 lane=3
[ATTACK-EMIT] CID:1 activeWindow=YES falsified=YES simT=28.340 realPX=613.300 fakePX=613.300 realSPD=15.000 fakeSPD=20.000 realTS=28.340 fakeTS=28.340 lane=2
[ATTACK-EMIT] CID:3 activeWindow=YES falsified=YES simT=28.350 realPX=619.350 fakePX=619.350 realSPD=25.000 fakeSPD=20.000 realTS=28.350 fakeTS=28.350 lane=4
[ATTACK-EMIT] CID:4 activeWindow=YES falsified=YES simT=28.350 realPX=609.350 fakePX=609.350 realSPD=25.000 fakeSPD=20.000 realTS=28.350 fakeTS=28.350 lane=5
[PASSIVE-BEACON] SIMNOW:28.364 CID:4 ZONE:2 RXUAV:2 EDGEPORT:9996 TS:28.350 SPD:20.000 HDG:0.000 PX:609.400 PY:-50.000 LAN:5 BRK:0 RX_X:0.000 RX_Y:0.000 RX_Z:0.000
[ZONE-ROUTE] CID:4 zone=1 edge_port=9998
[EDGE-RTT] CID:4 wall=0.9 ms  sim_delay=5.0 ms
>>> [UAV->CLOUD] BLK:2eea|TX:7.0.0.8|CID:4|TS:28.350|SPD:20.0|HDG:0.0|PX:609.4|PY:-50.0|L...
[PASSIVE-BEACON] SIMNOW:28.364 CID:3 ZONE:2 RXUAV:2 EDGEPORT:9996 TS:28.350 SPD:20.000 HDG:0.000 PX:619.400 PY:-40.000 LAN:4 BRK:0 RX_X:0.000 RX_Y:0.000 RX_Z:0.000
[ZONE-ROUTE] CID:3 zone=1 edge_port=9998
[EDGE-RTT] CID:3 wall=3.0 ms  sim_delay=5.0 ms
>>> [UAV->CLOUD] BLK:8220|TX:7.0.0.7|CID:3|TS:28.350|SPD:20.0|HDG:0.0|PX:619.4|PY:-40.0|L...
[ECON-GATE] CID:4 probation active - suppressing OK reward 1.0
✓ [CAR 4] ACT=OK REP=0.778 RWD=0.000 PNL=0.000 CREDIT=3
[ECON-GATE] CID:3 probation active - suppressing OK reward 1.000
✓ [CAR 3] ACT=OK REP=0.652 RWD=0.000 PNL=0.000 CREDIT=4
[ATTACK-EMIT] CID:8 activeWindow=YES falsified=YES simT=28.402 realPX=640.650 fakePX=640.650 realSPD=25.000 fakeSPD=20.000 realTS=28.402 fakeTS=28.402 lane=4
[PASSIVE-BEACON] SIMNOW:28.416 CID:8 ZONE:2 RXUAV:2 EDGEPORT:9996 TS:28.402 SPD:20.000 HDG:0.000 PX:640.700 PY:-40.000 LAN:4 BRK:0 RX_X:0.000 RX_Y:0.000 RX_Z:0.000
[ZONE-ROUTE] CID:8 zone=1 edge_port=9998
[EDGE-RTT] CID:8 wall=1.1 ms  sim_delay=5.0 ms
>>> [UAV->CLOUD] BLK:5606|TX:7.0.0.12|CID:8|TS:28.402|SPD:20.0|HDG:0.0|PX:640.7|PY:-40.0|...
[ECON-GATE] CID:8 probation active - suppressing OK reward 1.0
✓ [CAR 8] ACT=OK REP=0.696 RWD=0.000 PNL=0.000 CREDIT=0
[ATTACK-EMIT] CID:0 activeWindow=YES falsified=YES simT=28.440 realPX=604.800 fakePX=567.366 realSPD=15.000 fakeSPD=20.000 realTS=28.440 fakeTS=27.940 lane=1
[PASSIVE-BEACON] SIMNOW:28.454 CID:0 ZONE:1 RXUAV:1 EDGEPORT:9998 TS:27.940 SPD:20.000 HDG:0.000 PX:567.400 PY:-10.000 LAN:1 BRK:0 RX_X:0.000 RX_Y:0.000 RX_Z:0.000
[ZONE-ROUTE] CID:0 zone=1 edge_port=9998
[EDGE-RTT] CID:0 wall=1.2 ms  sim_delay=10.0 ms
>>> [UAV->CLOUD] BLK:b8c5|TX:7.0.0.4|CID:0|TS:27.940|SPD:20.0|HDG:0.0|PX:567.4|PY:-10.0|L...
[ECON-CLAWBACK] CID:0 ACT=WARN prior_payoff=-92.7 extra_penalty=7.0 new_payoff=-99.8
[FORGIVENESS] CID:0 WARN #25 — streak reset, benefits revoked
⚠ [CAR 0] ACT=WARN REP=0.713 RWD=0.000 PNL=7.086 CREDIT=7
[ATTACK-EMIT] CID:5 activeWindow=YES falsified=YES simT=28.482 realPX=625.430 fakePX=565.412 realSPD=15.000 fakeSPD=20.000 realTS=28.482 fakeTS=27.982 lane=1
[ATTACK-EMIT] CID:17 activeWindow=YES falsified=YES simT=28.486 realPX=685.490 fakePX=685.490 realSPD=15.000 fakeSPD=20.000 realTS=28.486 fakeTS=28.486 lane=99
[PASSIVE-BEACON] SIMNOW:28.496 CID:5 ZONE:1 RXUAV:1 EDGEPORT:9998 TS:27.982 SPD:20.000 HDG:0.000 PX:565.400 PY:-10.000 LAN:1 BRK:0 RX_X:0.000 RX_Y:0.000 RX_Z:0.000
[ZONE-ROUTE] CID:5 zone=1 edge_port=9998
[EDGE-RTT] CID:5 wall=1.2 ms  sim_delay=10.0 ms
[NASH-GATE] CID:5 p=0.4 p*=0.3 rho_hat=0.4 Nash=BAN windowHits=1/4 -> WARN (pending confirmation)
[PASSIVE-BEACON] SIMNOW:28.499 CID:17 ZONE:2 RXUAV:2 EDGEPORT:9996 TS:28.486 SPD:20.000 HDG:0.000 PX:685.500 PY:-30.000 LAN:99 BRK:0 RX_X:0.000 RX_Y:0.000 RX_Z:0.000
[ECON-CLAWBACK] CID:5 ACT=WARN prior_payoff=-99.7 extra_penalty=7.2 new_payoff=-107.2
[FORGIVENESS] CID:5 WARN #26 — streak reset, benefits revoked
⚠ [CAR 5] ACT=WARN REP=0.469 RWD=0.000 PNL=7.466 CREDIT=0
[ATTACK-EMIT] CID:16 activeWindow=YES falsified=YES simT=28.526 realPX=676.090 fakePX=566.412 realSPD=15.000 fakeSPD=20.000 realTS=28.526 fakeTS=28.026 lane=99
[PASSIVE-BEACON] SIMNOW:28.530 CID:18 ZONE:2 RXUAV:2 EDGEPORT:9996 TS:28.516 SPD:25.400 HDG:1.200 PX:682.900 PY:-40.000 LAN:4 BRK:0 RX_X:0.000 RX_Y:0.000 RX_Z:0.000
[ZONE-ROUTE] CID:18 zone=1 edge_port=9998
[EDGE-RTT] CID:18 wall=0.9 ms  sim_delay=5.0 ms
>>> [UAV->CLOUD] BLK:33ab|TX:7.0.0.22|CID:18|TS:28.516|SPD:25.4|HDG:1.2|PX:682.9|PY:-40.0...
[PASSIVE-BEACON] SIMNOW:28.540 CID:15 ZONE:2 RXUAV:2 EDGEPORT:9996 TS:28.526 SPD:15.000 HDG:1.500 PX:666.500 PY:-10.000 LAN:1 BRK:1 RX_X:0.000 RX_Y:0.000 RX_Z:0.000
[ZONE-ROUTE] CID:15 zone=1 edge_port=9998
[EDGE-RTT] CID:15 wall=1.1 ms  sim_delay=5.0 ms
>>> [UAV->CLOUD] BLK:3df0|TX:7.0.0.19|CID:15|TS:28.526|SPD:15.0|HDG:1.5|PX:666.5|PY:-10.0...
[PASSIVE-BEACON] SIMNOW:28.540 CID:16 ZONE:1 RXUAV:1 EDGEPORT:9998 TS:28.026 SPD:20.000 HDG:0.000 PX:566.400 PY:-20.000 LAN:99 BRK:0 RX_X:0.000 RX_Y:0.000 RX_Z:0.000
[ECON-CLAWBACK] CID:18 ACT=WARN prior_payoff=-72.0 extra_penalty=6.2 new_payoff=-78.3
[FORGIVENESS] CID:18 WARN #22 — streak reset, benefits revoked
⚠ [CAR 18] ACT=WARN REP=0.601 RWD=0.000 PNL=6.352 CREDIT=-2
[ECON-GATE] CID:15 probation active - suppressing OK reward 1.000
✓ [CAR 15] ACT=OK REP=0.561 RWD=0.000 PNL=0.000 CREDIT=9
[ATTACK-EMIT] CID:7 activeWindow=YES falsified=YES simT=28.622 realPX=647.530 fakePX=647.530 realSPD=15.000 fakeSPD=20.000 realTS=28.622 fakeTS=28.622 lane=3
[PASSIVE-BEACON] SIMNOW:28.634 CID:7 ZONE:2 RXUAV:2 EDGEPORT:9996 TS:28.622 SPD:20.000 HDG:0.000 PX:647.500 PY:-30.000 LAN:3 BRK:1 RX_X:0.000 RX_Y:0.000 RX_Z:0.000
[ZONE-ROUTE] CID:7 zone=1 edge_port=9998
[EDGE-RTT] CID:7 wall=1.2 ms  sim_delay=5.0 ms
>>> [UAV->CLOUD] BLK:3d47|TX:7.0.0.11|CID:7|TS:28.622|SPD:20.0|HDG:0.0|PX:647.5|PY:-30.0|...
[ECON-GATE] CID:7 probation active - suppressing OK reward 0.9
✓ [CAR 7] ACT=OK REP=0.859 RWD=0.000 PNL=0.000 CREDIT=0
[PASSIVE-BEACON] SIMNOW:28.678 CID:14 ZONE:2 RXUAV:2 EDGEPORT:9996 TS:28.664 SPD:24.800 HDG:-1.000 PX:657.500 PY:-50.000 LAN:5 BRK:0 RX_X:0.000 RX_Y:0.000 RX_Z:0.000
[ZONE-ROUTE] CID:14 zone=1 edge_port=9998
[EDGE-RTT] CID:14 wall=1.2 ms  sim_delay=5.0 ms
>>> [UAV->CLOUD] BLK:d75a|TX:7.0.0.18|CID:14|TS:28.664|SPD:24.8|HDG:-1.0|PX:657.5|PY:-50....
[PASSIVE-BEACON] SIMNOW:28.686 CID:6 ZONE:2 RXUAV:2 EDGEPORT:9996 TS:28.672 SPD:15.100 HDG:1.000 PX:638.700 PY:-20.000 LAN:2 BRK:0 RX_X:0.000 RX_Y:0.000 RX_Z:0.000
[ZONE-ROUTE] CID:6 zone=1 edge_port=9998
[EDGE-RTT] CID:6 wall=0.7 ms  sim_delay=5.0 ms
>>> [UAV->CLOUD] BLK:aae2|TX:7.0.0.10|CID:6|TS:28.672|SPD:15.1|HDG:1.0|PX:638.7|PY:-20.0|...
[ECON-CLAWBACK] CID:14 ACT=WARN prior_payoff=-43.6 extra_penalty=5.0 new_payoff=-48.7
[FORGIVENESS] CID:14 WARN #17 — streak reset, benefits revoked
⚠ [CAR 14] ACT=WARN REP=0.831 RWD=0.000 PNL=5.100 CREDIT=-2
[ECON-GATE] CID:6 probation active - suppressing OK reward 1.000
✓ [CAR 6] ACT=OK REP=0.485 RWD=0.000 PNL=0.000 CREDIT=5
[PASSIVE-BEACON] SIMNOW:28.710 CID:19 ZONE:2 RXUAV:2 EDGEPORT:9996 TS:28.696 SPD:25.200 HDG:-0.900 PX:677.400 PY:-50.000 LAN:5 BRK:0 RX_X:0.000 RX_Y:0.000 RX_Z:0.000
[ZONE-ROUTE] CID:19 zone=1 edge_port=9998
[EDGE-RTT] CID:19 wall=1.2 ms  sim_delay=5.0 ms
>>> [UAV->CLOUD] BLK:3b71|TX:7.0.0.23|CID:19|TS:28.696|SPD:25.2|HDG:-0.9|PX:677.4|PY:-50....
[ECON-CLAWBACK] CID:19 ACT=WARN prior_payoff=-48.8 extra_penalty=5.2 new_payoff=-54.1
[FORGIVENESS] CID:19 WARN #18 — streak reset, benefits revoked
⚠ [CAR 19] ACT=WARN REP=0.465 RWD=0.000 PNL=5.352 CREDIT=-2
[ATTACK-EMIT] CID:9 activeWindow=YES falsified=YES simT=28.732 realPX=638.900 fakePX=638.900 realSPD=25.000 fakeSPD=20.000 realTS=28.732 fakeTS=28.732 lane=5
[ATTACK-EMIT] CID:10 activeWindow=YES falsified=YES simT=28.744 realPX=649.360 fakePX=561.892 realSPD=15.000 fakeSPD=20.000 realTS=28.744 fakeTS=28.244 lane=99
[ATTACK-EMIT] CID:13 activeWindow=YES falsified=YES simT=28.744 realPX=669.200 fakePX=569.374 realSPD=25.000 fakeSPD=20.000 realTS=28.744 fakeTS=28.244 lane=4
[PASSIVE-BEACON] SIMNOW:28.746 CID:9 ZONE:2 RXUAV:2 EDGEPORT:9996 TS:28.732 SPD:20.000 HDG:0.000 PX:638.900 PY:-50.000 LAN:5 BRK:0 RX_X:0.000 RX_Y:0.000 RX_Z:0.000
[ZONE-ROUTE] CID:9 zone=1 edge_port=9998
[EDGE-RTT] CID:9 wall=1.0 ms  sim_delay=5.0 ms
>>> [UAV->CLOUD] BLK:34d3|TX:7.0.0.13|CID:9|TS:28.732|SPD:20.0|HDG:0.0|PX:638.9|PY:-50.0|...
[PASSIVE-BEACON] SIMNOW:28.758 CID:13 ZONE:1 RXUAV:1 EDGEPORT:9998 TS:28.244 SPD:20.000 HDG:0.000 PX:569.400 PY:-40.000 LAN:4 BRK:0 RX_X:0.000 RX_Y:0.000 RX_Z:0.000
[ZONE-ROUTE] CID:13 zone=1 edge_port=9998
[EDGE-RTT] CID:13 wall=1.1 ms  sim_delay=5.0 ms
[NASH-GATE] CID:13 p=0.4 p*=0.3 rho_hat=0.4 Nash=BAN windowHits=1/4 -> WARN (pending confirmation)
[PASSIVE-BEACON] SIMNOW:28.758 CID:10 ZONE:1 RXUAV:1 EDGEPORT:9998 TS:28.244 SPD:20.000 HDG:0.000 PX:561.900 PY:-10.000 LAN:99 BRK:1 RX_X:0.000 RX_Y:0.000 RX_Z:0.000
[ECON-GATE] CID:9 probation active - suppressing OK reward 1.0
✓ [CAR 9] ACT=OK REP=0.631 RWD=0.000 PNL=0.000 CREDIT=0
[PASSIVE-BEACON] SIMNOW:28.768 CID:11 ZONE:2 RXUAV:2 EDGEPORT:9996 TS:28.754 SPD:14.900 HDG:1.400 PX:658.900 PY:-20.000 LAN:2 BRK:0 RX_X:0.000 RX_Y:0.000 RX_Z:0.000
[ZONE-ROUTE] CID:11 zone=1 edge_port=9998
[EDGE-RTT] CID:11 wall=0.9 ms  sim_delay=5.0 ms
>>> [UAV->CLOUD] BLK:9379|TX:7.0.0.15|CID:11|TS:28.754|SPD:14.9|HDG:1.4|PX:658.9|PY:-20.0...
[ECON-CLAWBACK] CID:13 ACT=WARN prior_payoff=-34.4 extra_penalty=4.5 new_payoff=-39.1
[FORGIVENESS] CID:13 WARN #15 — streak reset, benefits revoked
⚠ [CAR 13] ACT=WARN REP=0.671 RWD=0.000 PNL=4.692 CREDIT=0
[PASSIVE-BEACON] SIMNOW:28.778 CID:12 ZONE:2 RXUAV:2 EDGEPORT:9996 TS:28.764 SPD:14.700 HDG:-0.300 PX:669.700 PY:-30.000 LAN:3 BRK:0 RX_X:0.000 RX_Y:0.000 RX_Z:0.000
[ZONE-ROUTE] CID:12 zone=1 edge_port=9998
[EDGE-RTT] CID:12 wall=1.1 ms  sim_delay=5.0 ms
>>> [UAV->CLOUD] BLK:a4c2|TX:7.0.0.16|CID:12|TS:28.764|SPD:14.7|HDG:-0.3|PX:669.7|PY:-30....
[ECON-GATE] CID:11 probation active - suppressing OK reward 1.0
✓ [CAR 11] ACT=OK REP=0.565 RWD=0.000 PNL=0.000 CREDIT=5
[ECON-GATE] CID:12 probation active - suppressing OK reward 1.000
✓ [CAR 12] ACT=OK REP=0.447 RWD=0.000 PNL=0.000 CREDIT=2
[ATTACK-EMIT] CID:2 activeWindow=YES falsified=YES simT=28.800 realPX=630.200 fakePX=630.200 realSPD=15.000 fakeSPD=20.000 realTS=28.800 fakeTS=28.800 lane=3
[ATTACK-EMIT] CID:1 activeWindow=YES falsified=YES simT=28.840 realPX=620.800 fakePX=620.800 realSPD=15.000 fakeSPD=20.000 realTS=28.840 fakeTS=28.840 lane=2
[ATTACK-EMIT] CID:3 activeWindow=YES falsified=YES simT=28.850 realPX=631.850 fakePX=569.134 realSPD=25.000 fakeSPD=20.000 realTS=28.850 fakeTS=28.350 lane=4
[ATTACK-EMIT] CID:4 activeWindow=YES falsified=YES simT=28.850 realPX=621.850 fakePX=621.850 realSPD=25.000 fakeSPD=20.000 realTS=28.850 fakeTS=28.850 lane=5
[PASSIVE-BEACON] SIMNOW:28.864 CID:4 ZONE:2 RXUAV:2 EDGEPORT:9996 TS:28.850 SPD:20.000 HDG:0.000 PX:621.900 PY:-50.000 LAN:5 BRK:0 RX_X:0.000 RX_Y:0.000 RX_Z:0.000
[ZONE-ROUTE] CID:4 zone=1 edge_port=9998
[EDGE-RTT] CID:4 wall=1.1 ms  sim_delay=5.0 ms
>>> [UAV->CLOUD] BLK:9d47|TX:7.0.0.8|CID:4|TS:28.850|SPD:20.0|HDG:0.0|PX:621.9|PY:-50.0|L...
[PASSIVE-BEACON] SIMNOW:28.864 CID:3 ZONE:1 RXUAV:1 EDGEPORT:9998 TS:28.350 SPD:20.000 HDG:0.000 PX:569.100 PY:-40.000 LAN:4 BRK:0 RX_X:0.000 RX_Y:0.000 RX_Z:0.000
[ZONE-ROUTE] CID:3 zone=1 edge_port=9998
[EDGE-RTT] CID:3 wall=3.9 ms  sim_delay=5.0 ms
>>> [UAV->CLOUD] BLK:2cc3|TX:7.0.0.7|CID:3|TS:28.350|SPD:20.0|HDG:0.0|PX:569.1|PY:-40.0|L...
[ECON-GATE] CID:4 probation active - suppressing OK reward 1.0
✓ [CAR 4] ACT=OK REP=0.874 RWD=0.000 PNL=0.000 CREDIT=4
[ECON-CLAWBACK] CID:3 ACT=WARN prior_payoff=-43.975 extra_penalty=5.000 new_payoff=-49.060
[FORGIVENESS] CID:3 WARN #17 — streak reset, benefits revoked
⚠ [CAR 3] ACT=WARN REP=0.988 RWD=0.000 PNL=5.085 CREDIT=3
[ATTACK-EMIT] CID:8 activeWindow=YES falsified=YES simT=28.902 realPX=653.150 fakePX=653.150 realSPD=25.000 fakeSPD=20.000 realTS=28.902 fakeTS=28.902 lane=4
[PASSIVE-BEACON] SIMNOW:28.916 CID:8 ZONE:2 RXUAV:2 EDGEPORT:9996 TS:28.902 SPD:20.000 HDG:0.000 PX:653.200 PY:-40.000 LAN:4 BRK:0 RX_X:0.000 RX_Y:0.000 RX_Z:0.000
[ZONE-ROUTE] CID:8 zone=1 edge_port=9998
[EDGE-RTT] CID:8 wall=1.1 ms  sim_delay=5.0 ms
>>> [UAV->CLOUD] BLK:30e0|TX:7.0.0.12|CID:8|TS:28.902|SPD:20.0|HDG:0.0|PX:653.2|PY:-40.0|...
[ECON-GATE] CID:8 probation active - suppressing OK reward 0.9
✓ [CAR 8] ACT=OK REP=0.967 RWD=0.000 PNL=0.000 CREDIT=1
[ATTACK-EMIT] CID:0 activeWindow=YES falsified=YES simT=28.940 realPX=612.300 fakePX=612.300 realSPD=15.000 fakeSPD=20.000 realTS=28.940 fakeTS=28.940 lane=1
[PASSIVE-BEACON] SIMNOW:28.954 CID:0 ZONE:2 RXUAV:2 EDGEPORT:9996 TS:28.940 SPD:20.000 HDG:0.000 PX:612.300 PY:-10.000 LAN:1 BRK:0 RX_X:0.000 RX_Y:0.000 RX_Z:0.000
[ZONE-ROUTE] CID:0 zone=1 edge_port=9998
[EDGE-RTT] CID:0 wall=1.0 ms  sim_delay=10.0 ms
>>> [UAV->CLOUD] BLK:3c53|TX:7.0.0.4|CID:0|TS:28.940|SPD:20.0|HDG:0.0|PX:612.3|PY:-10.0|L...
[ECON-GATE] CID:0 probation active - suppressing OK reward 1.0
✓ [CAR 0] ACT=OK REP=0.684 RWD=0.000 PNL=0.000 CREDIT=0
[ATTACK-EMIT] CID:5 activeWindow=YES falsified=YES simT=28.982 realPX=632.930 fakePX=632.930 realSPD=15.000 fakeSPD=20.000 realTS=28.982 fakeTS=28.982 lane=1
[ATTACK-EMIT] CID:17 activeWindow=YES falsified=YES simT=28.986 realPX=692.990 fakePX=567.774 realSPD=15.000 fakeSPD=20.000 realTS=28.986 fakeTS=28.486 lane=99
[PASSIVE-BEACON] SIMNOW:28.996 CID:5 ZONE:2 RXUAV:2 EDGEPORT:9996 TS:28.982 SPD:20.000 HDG:0.000 PX:632.900 PY:-10.000 LAN:1 BRK:0 RX_X:0.000 RX_Y:0.000 RX_Z:0.000
[ZONE-ROUTE] CID:5 zone=1 edge_port=9998
[EDGE-RTT] CID:5 wall=0.9 ms  sim_delay=10.0 ms
[NASH-GATE] CID:5 p=1.000 p*=0.325 rho_hat=0.387 streak=2 windowHits=2/4 EU_ban=1.500 -> CONFIRMED BAN (SLOW_LANE punishment sent)
[PASSIVE-BEACON] SIMNOW:29.000 CID:17 ZONE:1 RXUAV:1 EDGEPORT:9998 TS:28.486 SPD:20.000 HDG:0.000 PX:567.800 PY:-30.000 LAN:99 BRK:0 RX_X:0.000 RX_Y:0.000 RX_Z:0.000
[ECON-CLAWBACK] CID:5 ACT=BAN prior_payoff=-107.164 extra_penalty=5.000 new_payoff=-112.664
[FORGIVENESS] CID:5 BAN#1 excused (first confirmed offence) honest_wins=0 (preserved)
[BAN-PUNISH] CID:5 SLOW_LANE EXILE → LAN=99 speed=20.000 m/s  return_threshold=60
✗ [CAR 5] ACT=BAN REP=0.414 RWD=0.000 PNL=5.500 CREDIT=-8
[ATTACK-EMIT] CID:16 activeWindow=YES falsified=YES simT=29.026 realPX=683.590 fakePX=683.590 realSPD=15.000 fakeSPD=20.000 realTS=29.026 fakeTS=29.026 lane=99
[PASSIVE-BEACON] SIMNOW:29.033 CID:18 ZONE:2 RXUAV:2 EDGEPORT:9996 TS:29.016 SPD:25.300 HDG:0.900 PX:696.000 PY:-40.000 LAN:4 BRK:0 RX_X:0.000 RX_Y:0.000 RX_Z:0.000
[ZONE-ROUTE] CID:18 zone=1 edge_port=9998
[EDGE-RTT] CID:18 wall=0.9 ms  sim_delay=5.0 ms
>>> [UAV->CLOUD] BLK:9239|TX:7.0.0.22|CID:18|TS:29.016|SPD:25.3|HDG:0.9|PX:696.0|PY:-40.0...
[PASSIVE-BEACON] SIMNOW:29.040 CID:15 ZONE:2 RXUAV:2 EDGEPORT:9996 TS:29.026 SPD:15.400 HDG:-0.400 PX:673.700 PY:-10.000 LAN:1 BRK:0 RX_X:0.000 RX_Y:0.000 RX_Z:0.000
[ZONE-ROUTE] CID:15 zone=1 edge_port=9998
[EDGE-RTT] CID:15 wall=0.8 ms  sim_delay=5.0 ms
>>> [UAV->CLOUD] BLK:32d0|TX:7.0.0.19|CID:15|TS:29.026|SPD:15.4|HDG:-0.4|PX:673.7|PY:-10....
[PASSIVE-BEACON] SIMNOW:29.040 CID:16 ZONE:2 RXUAV:2 EDGEPORT:9996 TS:29.026 SPD:20.000 HDG:0.000 PX:683.600 PY:-20.000 LAN:99 BRK:1 RX_X:0.000 RX_Y:0.000 RX_Z:0.000
[ECON-CLAWBACK] CID:18 ACT=WARN prior_payoff=-78.3 extra_penalty=6.5 new_payoff=-84.9
[FORGIVENESS] CID:18 WARN #23 — streak reset, benefits revoked
⚠ [CAR 18] ACT=WARN REP=0.414 RWD=0.000 PNL=6.602 CREDIT=-2
[ECON-GATE] CID:15 probation active - suppressing OK reward 1.000
✓ [CAR 15] ACT=OK REP=0.449 RWD=0.000 PNL=0.000 CREDIT=10
[ATTACK-EMIT] CID:7 activeWindow=YES falsified=YES simT=29.122 realPX=655.030 fakePX=568.602 realSPD=15.000 fakeSPD=20.000 realTS=29.122 fakeTS=28.622 lane=3
[PASSIVE-BEACON] SIMNOW:29.136 CID:7 ZONE:1 RXUAV:1 EDGEPORT:9998 TS:28.622 SPD:20.000 HDG:0.000 PX:568.600 PY:-30.000 LAN:3 BRK:0 RX_X:0.000 RX_Y:0.000 RX_Z:0.000
[ZONE-ROUTE] CID:7 zone=1 edge_port=9998
[EDGE-RTT] CID:7 wall=1.0 ms  sim_delay=5.0 ms
[NASH-GATE] CID:7 p=0.4 p*=0.3 rho_hat=0.4 Nash=BAN windowHits=1/4 -> WARN (pending confirmation)
[ECON-CLAWBACK] CID:7 ACT=WARN prior_payoff=-66.0 extra_penalty=6.0 new_payoff=-72.2
[FORGIVENESS] CID:7 WARN #21 — streak reset, benefits revoked
⚠ [CAR 7] ACT=WARN REP=0.468 RWD=0.000 PNL=6.193 CREDIT=-1
[PASSIVE-BEACON] SIMNOW:29.179 CID:14 ZONE:2 RXUAV:2 EDGEPORT:9996 TS:29.164 SPD:24.700 HDG:-1.400 PX:669.400 PY:-50.000 LAN:5 BRK:0 RX_X:0.000 RX_Y:0.000 RX_Z:0.000
[ZONE-ROUTE] CID:14 zone=1 edge_port=9998
[EDGE-RTT] CID:14 wall=0.8 ms  sim_delay=5.0 ms
>>> [UAV->CLOUD] BLK:c8f2|TX:7.0.0.18|CID:14|TS:29.164|SPD:24.7|HDG:-1.4|PX:669.4|PY:-50....
[PASSIVE-BEACON] SIMNOW:29.186 CID:6 ZONE:2 RXUAV:2 EDGEPORT:9996 TS:29.172 SPD:14.700 HDG:-1.600 PX:645.500 PY:-20.000 LAN:2 BRK:0 RX_X:0.000 RX_Y:0.000 RX_Z:0.000
[ZONE-ROUTE] CID:6 zone=1 edge_port=9998
[EDGE-RTT] CID:6 wall=1.0 ms  sim_delay=5.0 ms
>>> [UAV->CLOUD] BLK:ee86|TX:7.0.0.10|CID:6|TS:29.172|SPD:14.7|HDG:-1.6|PX:645.5|PY:-20.0...
[ECON-CLAWBACK] CID:14 ACT=WARN prior_payoff=-48.7 extra_penalty=5.2 new_payoff=-54.1
[FORGIVENESS] CID:14 WARN #18 — streak reset, benefits revoked
⚠ [CAR 14] ACT=WARN REP=0.311 RWD=0.000 PNL=5.350 CREDIT=-2
[ECON-GATE] CID:6 probation active - suppressing OK reward 1.000
✓ [CAR 6] ACT=OK REP=0.245 RWD=0.000 PNL=0.000 CREDIT=6
[PASSIVE-BEACON] SIMNOW:29.210 CID:19 ZONE:2 RXUAV:2 EDGEPORT:9996 TS:29.196 SPD:25.100 HDG:-1.600 PX:690.500 PY:-50.000 LAN:5 BRK:0 RX_X:0.000 RX_Y:0.000 RX_Z:0.000
[ZONE-ROUTE] CID:19 zone=1 edge_port=9998
[EDGE-RTT] CID:19 wall=0.8 ms  sim_delay=5.0 ms
>>> [UAV->CLOUD] BLK:75ae|TX:7.0.0.23|CID:19|TS:29.196|SPD:25.1|HDG:-1.6|PX:690.5|PY:-50....
[ECON-CLAWBACK] CID:19 ACT=WARN prior_payoff=-54.1 extra_penalty=5.5 new_payoff=-59.7
[FORGIVENESS] CID:19 WARN #19 — streak reset, benefits revoked
⚠ [CAR 19] ACT=WARN REP=0.578 RWD=0.000 PNL=5.602 CREDIT=-2
[ATTACK-EMIT] CID:9 activeWindow=YES falsified=YES simT=29.232 realPX=651.400 fakePX=651.400 realSPD=25.000 fakeSPD=20.000 realTS=29.232 fakeTS=29.232 lane=5
[ATTACK-EMIT] CID:10 activeWindow=YES falsified=YES simT=29.244 realPX=656.860 fakePX=656.860 realSPD=15.000 fakeSPD=20.000 realTS=29.244 fakeTS=29.244 lane=99
[ATTACK-EMIT] CID:13 activeWindow=YES falsified=YES simT=29.244 realPX=681.700 fakePX=681.700 realSPD=25.000 fakeSPD=20.000 realTS=29.244 fakeTS=29.244 lane=4
[PASSIVE-BEACON] SIMNOW:29.246 CID:9 ZONE:2 RXUAV:2 EDGEPORT:9996 TS:29.232 SPD:20.000 HDG:0.000 PX:651.400 PY:-50.000 LAN:5 BRK:1 RX_X:0.000 RX_Y:0.000 RX_Z:0.000
[ZONE-ROUTE] CID:9 zone=1 edge_port=9998
[EDGE-RTT] CID:9 wall=1.0 ms  sim_delay=5.0 ms
>>> [UAV->CLOUD] BLK:3fb3|TX:7.0.0.13|CID:9|TS:29.232|SPD:20.0|HDG:0.0|PX:651.4|PY:-50.0|...
[PASSIVE-BEACON] SIMNOW:29.258 CID:13 ZONE:2 RXUAV:2 EDGEPORT:9996 TS:29.244 SPD:20.000 HDG:0.000 PX:681.700 PY:-40.000 LAN:4 BRK:0 RX_X:0.000 RX_Y:0.000 RX_Z:0.000
[ZONE-ROUTE] CID:13 zone=1 edge_port=9998
[EDGE-RTT] CID:13 wall=1.0 ms  sim_delay=5.0 ms
[NASH-GATE] CID:13 p=1.000 p*=0.324 rho_hat=0.393 streak=2 windowHits=2/4 EU_ban=1.500 -> CONFIRMED BAN (SLOW_LANE punishment sent)
[PASSIVE-BEACON] SIMNOW:29.258 CID:10 ZONE:2 RXUAV:2 EDGEPORT:9996 TS:29.244 SPD:20.000 HDG:0.000 PX:656.900 PY:-10.000 LAN:99 BRK:0 RX_X:0.000 RX_Y:0.000 RX_Z:0.000
[ECON-GATE] CID:9 probation active - suppressing OK reward 0.876
✓ [CAR 9] ACT=OK REP=1.000 RWD=0.000 PNL=0.000 CREDIT=1
[PASSIVE-BEACON] SIMNOW:29.268 CID:11 ZONE:2 RXUAV:2 EDGEPORT:9996 TS:29.254 SPD:15.300 HDG:0.500 PX:666.700 PY:-20.000 LAN:2 BRK:0 RX_X:0.000 RX_Y:0.000 RX_Z:0.000
[ZONE-ROUTE] CID:11 zone=1 edge_port=9998
[EDGE-RTT] CID:11 wall=0.8 ms  sim_delay=5.0 ms
>>> [UAV->CLOUD] BLK:f942|TX:7.0.0.15|CID:11|TS:29.254|SPD:15.3|HDG:0.5|PX:666.7|PY:-20.0...
[ECON-CLAWBACK] CID:13 ACT=BAN prior_payoff=-39.1 extra_penalty=5.0 new_payoff=-44.6
[FORGIVENESS] CID:13 BAN#1 excused (first confirmed offence) honest_wins=0 (preserved)
[BAN-PUNISH] CID:13 SLOW_LANE EXILE → LAN=99 speed=20.0 m/s  return_threshold=60
✗ [CAR 13] ACT=BAN REP=0.585 RWD=0.000 PNL=5.500 CREDIT=-8
[PASSIVE-BEACON] SIMNOW:29.278 CID:12 ZONE:2 RXUAV:2 EDGEPORT:9996 TS:29.264 SPD:15.400 HDG:1.300 PX:676.800 PY:-30.000 LAN:3 BRK:0 RX_X:0.000 RX_Y:0.000 RX_Z:0.000
[ZONE-ROUTE] CID:12 zone=1 edge_port=9998
[EDGE-RTT] CID:12 wall=1.2 ms  sim_delay=5.0 ms
>>> [UAV->CLOUD] BLK:7770|TX:7.0.0.16|CID:12|TS:29.264|SPD:15.4|HDG:1.3|PX:676.8|PY:-30.0...
[ECON-GATE] CID:11 probation active - suppressing OK reward 1.0
✓ [CAR 11] ACT=OK REP=0.574 RWD=0.000 PNL=0.000 CREDIT=6
[ECON-GATE] CID:12 probation active - suppressing OK reward 1.000
✓ [CAR 12] ACT=OK REP=0.487 RWD=0.000 PNL=0.000 CREDIT=3
[ATTACK-EMIT] CID:2 activeWindow=YES falsified=YES simT=29.300 realPX=637.700 fakePX=637.700 realSPD=15.000 fakeSPD=20.000 realTS=29.300 fakeTS=29.300 lane=3
[ATTACK-EMIT] CID:1 activeWindow=YES falsified=YES simT=29.340 realPX=628.300 fakePX=563.878 realSPD=15.000 fakeSPD=22.000 realTS=29.340 fakeTS=28.840 lane=2
[ATTACK-EMIT] CID:3 activeWindow=YES falsified=YES simT=29.350 realPX=644.350 fakePX=644.350 realSPD=25.000 fakeSPD=20.000 realTS=29.350 fakeTS=29.350 lane=4
[ATTACK-EMIT] CID:4 activeWindow=YES falsified=YES simT=29.350 realPX=634.350 fakePX=571.988 realSPD=25.000 fakeSPD=20.000 realTS=29.350 fakeTS=28.850 lane=5
[PASSIVE-BEACON] SIMNOW:29.364 CID:4 ZONE:1 RXUAV:1 EDGEPORT:9998 TS:28.850 SPD:20.000 HDG:0.000 PX:572.000 PY:-50.000 LAN:5 BRK:0 RX_X:0.000 RX_Y:0.000 RX_Z:0.000
[ZONE-ROUTE] CID:4 zone=1 edge_port=9998
[EDGE-RTT] CID:4 wall=1.1 ms  sim_delay=5.0 ms
>>> [UAV->CLOUD] BLK:e3ce|TX:7.0.0.8|CID:4|TS:28.850|SPD:20.0|HDG:0.0|PX:572.0|PY:-50.0|L...
[PASSIVE-BEACON] SIMNOW:29.364 CID:3 ZONE:2 RXUAV:2 EDGEPORT:9996 TS:29.350 SPD:20.000 HDG:0.000 PX:644.400 PY:-40.000 LAN:4 BRK:1 RX_X:0.000 RX_Y:0.000 RX_Z:0.000
[ZONE-ROUTE] CID:3 zone=1 edge_port=9998
[EDGE-RTT] CID:3 wall=2.8 ms  sim_delay=5.0 ms
>>> [UAV->CLOUD] BLK:9c22|TX:7.0.0.7|CID:3|TS:29.350|SPD:20.0|HDG:0.0|PX:644.4|PY:-40.0|L...
[ECON-CLAWBACK] CID:4 ACT=WARN prior_payoff=-25.7 extra_penalty=4.0 new_payoff=-29.8
[FORGIVENESS] CID:4 WARN #13 — streak reset, benefits revoked
⚠ [CAR 4] ACT=WARN REP=0.632 RWD=0.000 PNL=4.081 CREDIT=3
[ECON-GATE] CID:3 probation active - suppressing OK reward 0.960
✓ [CAR 3] ACT=OK REP=0.615 RWD=0.000 PNL=0.000 CREDIT=0
[ATTACK-EMIT] CID:8 activeWindow=YES falsified=YES simT=29.402 realPX=665.650 fakePX=565.710 realSPD=25.000 fakeSPD=20.000 realTS=29.402 fakeTS=28.902 lane=4
[PASSIVE-BEACON] SIMNOW:29.416 CID:8 ZONE:1 RXUAV:1 EDGEPORT:9998 TS:28.902 SPD:20.000 HDG:0.000 PX:565.700 PY:-40.000 LAN:4 BRK:1 RX_X:0.000 RX_Y:0.000 RX_Z:0.000
[ZONE-ROUTE] CID:8 zone=1 edge_port=9998
[EDGE-RTT] CID:8 wall=0.8 ms  sim_delay=5.0 ms
[NASH-GATE] CID:8 p=0.4 p*=0.3 rho_hat=0.4 Nash=BAN windowHits=1/4 -> WARN (pending confirmation)
[ECON-CLAWBACK] CID:8 ACT=WARN prior_payoff=-44.0 extra_penalty=5.0 new_payoff=-49.2
[FORGIVENESS] CID:8 WARN #17 — streak reset, benefits revoked
⚠ [CAR 8] ACT=WARN REP=0.661 RWD=0.000 PNL=5.192 CREDIT=0
[ATTACK-EMIT] CID:0 activeWindow=YES falsified=YES simT=29.440 realPX=619.800 fakePX=619.800 realSPD=15.000 fakeSPD=20.000 realTS=29.440 fakeTS=29.440 lane=1
[PASSIVE-BEACON] SIMNOW:29.454 CID:0 ZONE:2 RXUAV:2 EDGEPORT:9996 TS:29.440 SPD:20.000 HDG:0.000 PX:619.800 PY:-10.000 LAN:1 BRK:0 RX_X:0.000 RX_Y:0.000 RX_Z:0.000
[ZONE-ROUTE] CID:0 zone=1 edge_port=9998
[EDGE-RTT] CID:0 wall=1.3 ms  sim_delay=10.0 ms
>>> [UAV->CLOUD] BLK:3a58|TX:7.0.0.4|CID:0|TS:29.440|SPD:20.0|HDG:0.0|PX:619.8|PY:-10.0|L...
[ECON-GATE] CID:0 probation active - suppressing OK reward 0.9
✓ [CAR 0] ACT=OK REP=0.503 RWD=0.000 PNL=0.000 CREDIT=1
[ATTACK-EMIT] CID:5 activeWindow=YES falsified=YES simT=29.482 realPX=640.430 fakePX=640.430 realSPD=15.000 fakeSPD=20.000 realTS=29.482 fakeTS=29.482 lane=99
[ATTACK-EMIT] CID:17 activeWindow=YES falsified=YES simT=29.486 realPX=700.490 fakePX=700.490 realSPD=15.000 fakeSPD=20.000 realTS=29.486 fakeTS=29.486 lane=99
[PASSIVE-BEACON] SIMNOW:29.496 CID:5 ZONE:2 RXUAV:2 EDGEPORT:9996 TS:29.482 SPD:20.000 HDG:0.000 PX:640.400 PY:-10.000 LAN:99 BRK:0 RX_X:0.000 RX_Y:0.000 RX_Z:0.000
[PASSIVE-BEACON] SIMNOW:29.500 CID:17 ZONE:2 RXUAV:2 EDGEPORT:9996 TS:29.486 SPD:20.000 HDG:0.000 PX:700.500 PY:-30.000 LAN:99 BRK:0 RX_X:0.000 RX_Y:0.000 RX_Z:0.000
[ATTACK-EMIT] CID:16 activeWindow=YES falsified=YES simT=29.526 realPX=691.090 fakePX=691.090 realSPD=15.000 fakeSPD=20.000 realTS=29.526 fakeTS=29.526 lane=99
[PASSIVE-BEACON] SIMNOW:29.530 CID:18 ZONE:2 RXUAV:2 EDGEPORT:9996 TS:29.516 SPD:25.300 HDG:-0.200 PX:709.100 PY:-40.000 LAN:4 BRK:0 RX_X:0.000 RX_Y:0.000 RX_Z:0.000
[ZONE-ROUTE] CID:18 zone=1 edge_port=9998
[EDGE-RTT] CID:18 wall=1.2 ms  sim_delay=5.0 ms
>>> [UAV->CLOUD] BLK:3694|TX:7.0.0.22|CID:18|TS:29.516|SPD:25.3|HDG:-0.2|PX:709.1|PY:-40....
[PASSIVE-BEACON] SIMNOW:29.540 CID:15 ZONE:2 RXUAV:2 EDGEPORT:9996 TS:29.526 SPD:14.700 HDG:1.500 PX:681.400 PY:-10.000 LAN:1 BRK:0 RX_X:0.000 RX_Y:0.000 RX_Z:0.000
[ZONE-ROUTE] CID:15 zone=1 edge_port=9998
[EDGE-RTT] CID:15 wall=0.7 ms  sim_delay=5.0 ms
>>> [UAV->CLOUD] BLK:91a2|TX:7.0.0.19|CID:15|TS:29.526|SPD:14.7|HDG:1.5|PX:681.4|PY:-10.0...
[PASSIVE-BEACON] SIMNOW:29.540 CID:16 ZONE:2 RXUAV:2 EDGEPORT:9996 TS:29.526 SPD:20.000 HDG:0.000 PX:691.100 PY:-20.000 LAN:99 BRK:0 RX_X:0.000 RX_Y:0.000 RX_Z:0.000
[ECON-CLAWBACK] CID:18 ACT=WARN prior_payoff=-84.9 extra_penalty=6.8 new_payoff=-91.8
[FORGIVENESS] CID:18 WARN #24 — streak reset, benefits revoked
⚠ [CAR 18] ACT=WARN REP=0.405 RWD=0.000 PNL=6.852 CREDIT=-2
[ECON-GATE] CID:15 probation active - suppressing OK reward 1.000
✓ [CAR 15] ACT=OK REP=0.635 RWD=0.000 PNL=0.000 CREDIT=11
[ATTACK-EMIT] CID:7 activeWindow=YES falsified=YES simT=29.622 realPX=662.530 fakePX=662.530 realSPD=15.000 fakeSPD=20.000 realTS=29.622 fakeTS=29.622 lane=3
[PASSIVE-BEACON] SIMNOW:29.636 CID:7 ZONE:2 RXUAV:2 EDGEPORT:9996 TS:29.622 SPD:20.000 HDG:0.000 PX:662.500 PY:-30.000 LAN:3 BRK:1 RX_X:0.000 RX_Y:0.000 RX_Z:0.000
[ZONE-ROUTE] CID:7 zone=1 edge_port=9998
[EDGE-RTT] CID:7 wall=0.9 ms  sim_delay=5.0 ms
[NASH-GATE] CID:7 p=1.000 p*=0.323 rho_hat=0.398 streak=2 windowHits=2/4 EU_ban=1.500 -> CONFIRMED BAN (SLOW_LANE punishment sent)
[ECON-CLAWBACK] CID:7 ACT=BAN prior_payoff=-72.218 extra_penalty=5.000 new_payoff=-77.718
[FORGIVENESS] CID:7 BAN#1 excused (first confirmed offence) honest_wins=0 (preserved)
[BAN-PUNISH] CID:7 SLOW_LANE EXILE → LAN=99 speed=20.000 m/s  return_threshold=60
✗ [CAR 7] ACT=BAN REP=0.503 RWD=0.000 PNL=5.500 CREDIT=-9
[PASSIVE-BEACON] SIMNOW:29.678 CID:14 ZONE:2 RXUAV:2 EDGEPORT:9996 TS:29.664 SPD:24.600 HDG:-0.500 PX:681.600 PY:-50.000 LAN:5 BRK:0 RX_X:0.000 RX_Y:0.000 RX_Z:0.000
[ZONE-ROUTE] CID:14 zone=1 edge_port=9998
[EDGE-RTT] CID:14 wall=1.1 ms  sim_delay=5.0 ms
>>> [UAV->CLOUD] BLK:e27f|TX:7.0.0.18|CID:14|TS:29.664|SPD:24.6|HDG:-0.5|PX:681.6|PY:-50....
[PASSIVE-BEACON] SIMNOW:29.686 CID:6 ZONE:2 RXUAV:2 EDGEPORT:9996 TS:29.672 SPD:15.400 HDG:-0.600 PX:652.800 PY:-20.000 LAN:2 BRK:0 RX_X:0.000 RX_Y:0.000 RX_Z:0.000
[ZONE-ROUTE] CID:6 zone=1 edge_port=9998
[EDGE-RTT] CID:6 wall=0.9 ms  sim_delay=5.0 ms
>>> [UAV->CLOUD] BLK:7ffa|TX:7.0.0.10|CID:6|TS:29.672|SPD:15.4|HDG:-0.6|PX:652.8|PY:-20.0...
[ECON-CLAWBACK] CID:14 ACT=WARN prior_payoff=-54.1 extra_penalty=5.5 new_payoff=-59.7
[FORGIVENESS] CID:14 WARN #19 — streak reset, benefits revoked
⚠ [CAR 14] ACT=WARN REP=0.673 RWD=0.000 PNL=5.599 CREDIT=-2
[ECON-GATE] CID:6 probation active - suppressing OK reward 1.000
✓ [CAR 6] ACT=OK REP=0.662 RWD=0.000 PNL=0.000 CREDIT=7
[PASSIVE-BEACON] SIMNOW:29.709 CID:19 ZONE:2 RXUAV:2 EDGEPORT:9996 TS:29.696 SPD:24.600 HDG:-0.100 PX:703.200 PY:-50.000 LAN:5 BRK:1 RX_X:0.000 RX_Y:0.000 RX_Z:0.000
[ZONE-ROUTE] CID:19 zone=1 edge_port=9998
[EDGE-RTT] CID:19 wall=1.0 ms  sim_delay=5.0 ms
>>> [UAV->CLOUD] BLK:faba|TX:7.0.0.23|CID:19|TS:29.696|SPD:24.6|HDG:-0.1|PX:703.2|PY:-50....
[ECON-CLAWBACK] CID:19 ACT=WARN prior_payoff=-59.7 extra_penalty=5.8 new_payoff=-65.6
[FORGIVENESS] CID:19 WARN #20 — streak reset, benefits revoked
⚠ [CAR 19] ACT=WARN REP=0.643 RWD=0.000 PNL=5.850 CREDIT=-2
[ATTACK-EMIT] CID:9 activeWindow=YES falsified=YES simT=29.732 realPX=663.900 fakePX=563.822 realSPD=25.000 fakeSPD=20.000 realTS=29.732 fakeTS=29.232 lane=5
[ATTACK-EMIT] CID:10 activeWindow=YES falsified=YES simT=29.744 realPX=664.360 fakePX=664.360 realSPD=15.000 fakeSPD=20.000 realTS=29.744 fakeTS=29.744 lane=99
[ATTACK-EMIT] CID:13 activeWindow=YES falsified=YES simT=29.744 realPX=694.200 fakePX=694.200 realSPD=25.000 fakeSPD=20.000 realTS=29.744 fakeTS=29.744 lane=99
[PASSIVE-BEACON] SIMNOW:29.746 CID:9 ZONE:1 RXUAV:1 EDGEPORT:9998 TS:29.232 SPD:20.000 HDG:0.000 PX:563.800 PY:-50.000 LAN:5 BRK:0 RX_X:0.000 RX_Y:0.000 RX_Z:0.000
[ZONE-ROUTE] CID:9 zone=1 edge_port=9998
[EDGE-RTT] CID:9 wall=1.0 ms  sim_delay=5.0 ms
[NASH-GATE] CID:9 p=0.4 p*=0.3 rho_hat=0.4 Nash=BAN windowHits=1/4 -> WARN (pending confirmation)
[PASSIVE-BEACON] SIMNOW:29.758 CID:13 ZONE:2 RXUAV:2 EDGEPORT:9996 TS:29.744 SPD:20.000 HDG:0.000 PX:694.200 PY:-40.000 LAN:99 BRK:1 RX_X:0.000 RX_Y:0.000 RX_Z:0.000
[PASSIVE-BEACON] SIMNOW:29.758 CID:10 ZONE:2 RXUAV:2 EDGEPORT:9996 TS:29.744 SPD:20.000 HDG:0.000 PX:664.400 PY:-10.000 LAN:99 BRK:1 RX_X:0.000 RX_Y:0.000 RX_Z:0.000
[ECON-CLAWBACK] CID:9 ACT=WARN prior_payoff=-25.8 extra_penalty=4.0 new_payoff=-30.0
[FORGIVENESS] CID:9 WARN #13 — streak reset, benefits revoked
⚠ [CAR 9] ACT=WARN REP=0.879 RWD=0.000 PNL=4.193 CREDIT=0
[PASSIVE-BEACON] SIMNOW:29.768 CID:11 ZONE:2 RXUAV:2 EDGEPORT:9996 TS:29.754 SPD:15.200 HDG:0.300 PX:673.900 PY:-20.000 LAN:2 BRK:0 RX_X:0.000 RX_Y:0.000 RX_Z:0.000
[ZONE-ROUTE] CID:11 zone=1 edge_port=9998
[EDGE-RTT] CID:11 wall=1.1 ms  sim_delay=5.0 ms
>>> [UAV->CLOUD] BLK:fc1e|TX:7.0.0.15|CID:11|TS:29.754|SPD:15.2|HDG:0.3|PX:673.9|PY:-20.0...
[PASSIVE-BEACON] SIMNOW:29.776 CID:12 ZONE:2 RXUAV:2 EDGEPORT:9996 TS:29.764 SPD:14.500 HDG:-2.000 PX:685.300 PY:-30.000 LAN:3 BRK:0 RX_X:0.000 RX_Y:0.000 RX_Z:0.000
[ZONE-ROUTE] CID:12 zone=1 edge_port=9998
[EDGE-RTT] CID:12 wall=0.8 ms  sim_delay=5.0 ms
>>> [UAV->CLOUD] BLK:ba2d|TX:7.0.0.16|CID:12|TS:29.764|SPD:14.5|HDG:-2.0|PX:685.3|PY:-30....
[ECON-GATE] CID:11 probation active - suppressing OK reward 1.0
✓ [CAR 11] ACT=OK REP=0.695 RWD=0.000 PNL=0.000 CREDIT=7
[ECON-GATE] CID:12 probation active - suppressing OK reward 1.000
✓ [CAR 12] ACT=OK REP=0.566 RWD=0.000 PNL=0.000 CREDIT=4
[ATTACK-EMIT] CID:2 activeWindow=YES falsified=YES simT=29.800 realPX=645.200 fakePX=565.336 realSPD=15.000 fakeSPD=22.000 realTS=29.800 fakeTS=29.300 lane=3
[ATTACK-EMIT] CID:1 activeWindow=YES falsified=YES simT=29.840 realPX=635.800 fakePX=635.800 realSPD=15.000 fakeSPD=20.000 realTS=29.840 fakeTS=29.840 lane=2
[ATTACK-EMIT] CID:3 activeWindow=YES falsified=YES simT=29.850 realPX=655.950 fakePX=655.950 realSPD=15.000 fakeSPD=20.000 realTS=29.850 fakeTS=29.850 lane=4
[ATTACK-EMIT] CID:4 activeWindow=YES falsified=YES simT=29.850 realPX=646.850 fakePX=646.850 realSPD=25.000 fakeSPD=20.000 realTS=29.850 fakeTS=29.850 lane=5
[PASSIVE-BEACON] SIMNOW:29.864 CID:4 ZONE:2 RXUAV:2 EDGEPORT:9996 TS:29.850 SPD:20.000 HDG:0.000 PX:646.900 PY:-50.000 LAN:5 BRK:0 RX_X:0.000 RX_Y:0.000 RX_Z:0.000
[ZONE-ROUTE] CID:4 zone=1 edge_port=9998
[EDGE-RTT] CID:4 wall=1.2 ms  sim_delay=5.0 ms
>>> [UAV->CLOUD] BLK:ff8a|TX:7.0.0.8|CID:4|TS:29.850|SPD:20.0|HDG:0.0|PX:646.9|PY:-50.0|L...
[PASSIVE-BEACON] SIMNOW:29.864 CID:3 ZONE:2 RXUAV:2 EDGEPORT:9996 TS:29.850 SPD:20.000 HDG:0.000 PX:656.000 PY:-40.000 LAN:4 BRK:0 RX_X:0.000 RX_Y:0.000 RX_Z:0.000
[ZONE-ROUTE] CID:3 zone=1 edge_port=9998
[EDGE-RTT] CID:3 wall=3.9 ms  sim_delay=5.0 ms
>>> [UAV->CLOUD] BLK:50d1|TX:7.0.0.7|CID:3|TS:29.850|SPD:20.0|HDG:0.0|PX:656.0|PY:-40.0|L...
[ECON-GATE] CID:4 probation active - suppressing OK reward 1.0
✓ [CAR 4] ACT=OK REP=0.764 RWD=0.000 PNL=0.000 CREDIT=0
[ECON-GATE] CID:3 probation active - suppressing OK reward 0.876
✓ [CAR 3] ACT=OK REP=0.694 RWD=0.000 PNL=0.000 CREDIT=1
[ATTACK-EMIT] CID:8 activeWindow=YES falsified=YES simT=29.902 realPX=676.730 fakePX=676.730 realSPD=15.000 fakeSPD=20.000 realTS=29.902 fakeTS=29.902 lane=4
[PASSIVE-BEACON] SIMNOW:29.916 CID:8 ZONE:2 RXUAV:2 EDGEPORT:9996 TS:29.902 SPD:20.000 HDG:0.000 PX:676.700 PY:-40.000 LAN:4 BRK:0 RX_X:0.000 RX_Y:0.000 RX_Z:0.000
[ZONE-ROUTE] CID:8 zone=1 edge_port=9998
[EDGE-RTT] CID:8 wall=0.9 ms  sim_delay=5.0 ms
[NASH-GATE] CID:8 p=1.000 p*=0.322 rho_hat=0.403 streak=2 windowHits=2/4 EU_ban=1.500 -> CONFIRMED BAN (SLOW_LANE punishment sent)
[ECON-CLAWBACK] CID:8 ACT=BAN prior_payoff=-49.216 extra_penalty=5.000 new_payoff=-54.716
[FORGIVENESS] CID:8 BAN#1 excused (first confirmed offence) honest_wins=0 (preserved)
[BAN-PUNISH] CID:8 SLOW_LANE EXILE → LAN=99 speed=20.000 m/s  return_threshold=60
✗ [CAR 8] ACT=BAN REP=0.554 RWD=0.000 PNL=5.500 CREDIT=-8
[ATTACK-EMIT] CID:0 activeWindow=YES falsified=YES simT=29.940 realPX=627.300 fakePX=567.060 realSPD=15.000 fakeSPD=20.000 realTS=29.940 fakeTS=29.440 lane=1
[PASSIVE-BEACON] SIMNOW:29.954 CID:0 ZONE:1 RXUAV:1 EDGEPORT:9998 TS:29.440 SPD:20.000 HDG:0.000 PX:567.100 PY:-10.000 LAN:1 BRK:0 RX_X:0.000 RX_Y:0.000 RX_Z:0.000
[ZONE-ROUTE] CID:0 zone=1 edge_port=9998
[EDGE-RTT] CID:0 wall=1.0 ms  sim_delay=10.0 ms
[NASH-GATE] CID:0 p=0.4 p*=0.3 rho_hat=0.4 Nash=BAN windowHits=1/4 -> WARN (pending confirmation)
[ECON-CLAWBACK] CID:0 ACT=WARN prior_payoff=-99.8 extra_penalty=7.2 new_payoff=-107.2
[FORGIVENESS] CID:0 WARN #26 — streak reset, benefits revoked
⚠ [CAR 0] ACT=WARN REP=0.493 RWD=0.000 PNL=7.466 CREDIT=0
[ATTACK-EMIT] CID:5 activeWindow=YES falsified=YES simT=29.982 realPX=647.930 fakePX=565.244 realSPD=15.000 fakeSPD=20.000 realTS=29.982 fakeTS=29.482 lane=99
[ATTACK-EMIT] CID:17 activeWindow=YES falsified=YES simT=29.986 realPX=707.990 fakePX=707.990 realSPD=15.000 fakeSPD=20.000 realTS=29.986 fakeTS=29.986 lane=99
[PASSIVE-BEACON] SIMNOW:29.999 CID:5 ZONE:1 RXUAV:1 EDGEPORT:9998 TS:29.482 SPD:20.000 HDG:0.000 PX:565.200 PY:-10.000 LAN:99 BRK:1 RX_X:0.000 RX_Y:0.000 RX_Z:0.000
[HANDOVER] CID:0 trigger from_Z1 to_Z2 at posX=628.200 distLeft=271.800m loaded=NO RAWRESP=[HANDOVER_TRIGGER_ACK CID:0 TO_ZONE:2]
[HANDOVER] CID:1 trigger from_Z1 to_Z2 at posX=638.200 distLeft=261.800m loaded=NO RAWRESP=[HANDOVER_TRIGGER_ACK CID:1 TO_ZONE:2]
[HANDOVER] CID:2 trigger from_Z1 to_Z2 at posX=648.200 distLeft=251.800m loaded=NO RAWRESP=[HANDOVER_TRIGGER_ACK CID:2 TO_ZONE:2]
[HANDOVER] CID:3 trigger from_Z1 to_Z2 at posX=658.200 distLeft=241.800m loaded=NO RAWRESP=[HANDOVER_TRIGGER_ACK CID:3 TO_ZONE:2]
[HANDOVER] CID:4 trigger from_Z1 to_Z2 at posX=650.600 distLeft=249.400m loaded=NO RAWRESP=[HANDOVER_TRIGGER_ACK CID:4 TO_ZONE:2]
[HANDOVER] CID:5 trigger from_Z1 to_Z2 at posX=648.200 distLeft=251.800m loaded=NO RAWRESP=[HANDOVER_TRIGGER_ACK CID:5 TO_ZONE:2]
[HANDOVER] CID:6 trigger from_Z1 to_Z2 at posX=658.200 distLeft=241.800m loaded=NO RAWRESP=[HANDOVER_TRIGGER_ACK CID:6 TO_ZONE:2]
[HANDOVER] CID:7 trigger from_Z1 to_Z2 at posX=668.200 distLeft=231.800m loaded=NO RAWRESP=[HANDOVER_TRIGGER_ACK CID:7 TO_ZONE:2]
[HANDOVER] CID:8 trigger from_Z1 to_Z2 at posX=678.200 distLeft=221.800m loaded=NO RAWRESP=[HANDOVER_TRIGGER_ACK CID:8 TO_ZONE:2]
[HANDOVER] CID:9 trigger from_Z1 to_Z2 at posX=670.600 distLeft=229.400m loaded=NO RAWRESP=[HANDOVER_TRIGGER_ACK CID:9 TO_ZONE:2]
[HANDOVER] CID:10 trigger from_Z1 to_Z2 at posX=668.200 distLeft=231.800m loaded=NO RAWRESP=[HANDOVER_TRIGGER_ACK CID:10 TO_ZONE:2]
[HANDOVER] CID:11 trigger from_Z1 to_Z2 at posX=678.200 distLeft=221.800m loaded=NO RAWRESP=[HANDOVER_TRIGGER_ACK CID:11 TO_ZONE:2]
[HANDOVER] CID:12 trigger from_Z1 to_Z2 at posX=688.200 distLeft=211.800m loaded=NO RAWRESP=[HANDOVER_TRIGGER_ACK CID:12 TO_ZONE:2]
[HANDOVER] CID:13 trigger from_Z1 to_Z2 at posX=698.200 distLeft=201.800m loaded=NO RAWRESP=[HANDOVER_TRIGGER_ACK CID:13 TO_ZONE:2]
[HANDOVER] CID:14 trigger from_Z1 to_Z2 at posX=690.600 distLeft=209.400m loaded=NO RAWRESP=[HANDOVER_TRIGGER_ACK CID:14 TO_ZONE:2]
[HANDOVER] CID:15 trigger from_Z1 to_Z2 at posX=688.200 distLeft=211.800m loaded=NO RAWRESP=[HANDOVER_TRIGGER_ACK CID:15 TO_ZONE:2]
[HANDOVER] CID:16 trigger from_Z1 to_Z2 at posX=698.200 distLeft=201.800m loaded=NO RAWRESP=[HANDOVER_TRIGGER_ACK CID:16 TO_ZONE:2]
[HANDOVER] CID:17 trigger from_Z1 to_Z2 at posX=708.200 distLeft=191.800m loaded=NO RAWRESP=[HANDOVER_TRIGGER_ACK CID:17 TO_ZONE:2]
[HANDOVER] CID:18 trigger from_Z1 to_Z2 at posX=718.200 distLeft=181.800m loaded=NO RAWRESP=[HANDOVER_TRIGGER_ACK CID:18 TO_ZONE:2]
[HANDOVER] CID:19 trigger from_Z1 to_Z2 at posX=710.600 distLeft=189.400m loaded=NO RAWRESP=[HANDOVER_TRIGGER_ACK CID:19 TO_ZONE:2]
[PASSIVE-BEACON] SIMNOW:30.000 CID:17 ZONE:2 RXUAV:2 EDGEPORT:9996 TS:29.986 SPD:20.000 HDG:0.000 PX:708.000 PY:-30.000 LAN:99 BRK:0 RX_X:0.000 RX_Y:0.000 RX_Z:0.000
[ATTACK-EMIT] CID:16 activeWindow=YES falsified=YES simT=30.026 realPX=698.590 fakePX=566.454 realSPD=15.000 fakeSPD=20.000 realTS=30.026 fakeTS=29.526 lane=99
[PASSIVE-BEACON] SIMNOW:30.030 CID:18 ZONE:2 RXUAV:2 EDGEPORT:9996 TS:30.016 SPD:15.300 HDG:0.600 PX:718.100 PY:-40.000 LAN:4 BRK:1 RX_X:0.000 RX_Y:0.000 RX_Z:0.000
[ZONE-ROUTE] CID:18 zone=1 edge_port=9998
[EDGE-RTT] CID:18 wall=0.8 ms  sim_delay=5.0 ms
>>> [UAV->CLOUD] BLK:6fd2|TX:7.0.0.22|CID:18|TS:30.016|SPD:15.3|HDG:0.6|PX:718.1|PY:-40.0...
[PASSIVE-BEACON] SIMNOW:30.040 CID:15 ZONE:2 RXUAV:2 EDGEPORT:9996 TS:30.026 SPD:14.700 HDG:0.000 PX:689.200 PY:-10.000 LAN:1 BRK:1 RX_X:0.000 RX_Y:0.000 RX_Z:0.000
[ZONE-ROUTE] CID:15 zone=1 edge_port=9998
[EDGE-RTT] CID:15 wall=1.1 ms  sim_delay=5.0 ms
>>> [UAV->CLOUD] BLK:2da2|TX:7.0.0.19|CID:15|TS:30.026|SPD:14.7|HDG:0.0|PX:689.2|PY:-10.0...
[PASSIVE-BEACON] SIMNOW:30.040 CID:16 ZONE:1 RXUAV:1 EDGEPORT:9998 TS:29.526 SPD:20.000 HDG:0.000 PX:566.500 PY:-20.000 LAN:99 BRK:0 RX_X:0.000 RX_Y:0.000 RX_Z:0.000
[ECON-GATE] CID:18 probation active - suppressing OK reward 1.0
✓ [CAR 18] ACT=OK REP=0.774 RWD=0.000 PNL=0.000 CREDIT=0
[ECON-GATE] CID:15 probation active - suppressing OK reward 1.000
✓ [CAR 15] ACT=OK REP=0.428 RWD=0.000 PNL=0.000 CREDIT=12
[ATTACK-EMIT] CID:7 activeWindow=YES falsified=YES simT=30.122 realPX=670.030 fakePX=670.030 realSPD=15.000 fakeSPD=20.000 realTS=30.122 fakeTS=30.122 lane=99
[PASSIVE-BEACON] SIMNOW:30.135 CID:7 ZONE:2 RXUAV:2 EDGEPORT:9996 TS:30.122 SPD:20.000 HDG:0.000 PX:670.000 PY:-30.000 LAN:99 BRK:1 RX_X:0.000 RX_Y:0.000 RX_Z:0.000
[PASSIVE-BEACON] SIMNOW:30.179 CID:14 ZONE:2 RXUAV:2 EDGEPORT:9996 TS:30.164 SPD:25.400 HDG:-0.300 PX:694.900 PY:-50.000 LAN:5 BRK:0 RX_X:0.000 RX_Y:0.000 RX_Z:0.000
[ZONE-ROUTE] CID:14 zone=1 edge_port=9998
[EDGE-RTT] CID:14 wall=1.1 ms  sim_delay=5.0 ms
>>> [UAV->CLOUD] BLK:5dd0|TX:7.0.0.18|CID:14|TS:30.164|SPD:25.4|HDG:-0.3|PX:694.9|PY:-50....
[PASSIVE-BEACON] SIMNOW:30.186 CID:6 ZONE:2 RXUAV:2 EDGEPORT:9996 TS:30.172 SPD:15.300 HDG:0.200 PX:660.700 PY:-20.000 LAN:2 BRK:0 RX_X:0.000 RX_Y:0.000 RX_Z:0.000
[ZONE-ROUTE] CID:6 zone=1 edge_port=9998
[EDGE-RTT] CID:6 wall=0.8 ms  sim_delay=5.0 ms
>>> [UAV->CLOUD] BLK:4f4b|TX:7.0.0.10|CID:6|TS:30.172|SPD:15.3|HDG:0.2|PX:660.7|PY:-20.0|...
[ECON-CLAWBACK] CID:14 ACT=WARN prior_payoff=-59.7 extra_penalty=5.8 new_payoff=-65.5
[FORGIVENESS] CID:14 WARN #20 — streak reset, benefits revoked
⚠ [CAR 14] ACT=WARN REP=0.607 RWD=0.000 PNL=5.852 CREDIT=-2
[ECON-GATE] CID:6 probation active - suppressing OK reward 1.000
✓ [CAR 6] ACT=OK REP=0.707 RWD=0.000 PNL=0.000 CREDIT=8
[PASSIVE-BEACON] SIMNOW:30.213 CID:19 ZONE:2 RXUAV:2 EDGEPORT:9996 TS:30.196 SPD:24.900 HDG:1.600 PX:716.200 PY:-50.000 LAN:5 BRK:0 RX_X:0.000 RX_Y:0.000 RX_Z:0.000
[ZONE-ROUTE] CID:19 zone=1 edge_port=9998
[EDGE-RTT] CID:19 wall=0.9 ms  sim_delay=5.0 ms
>>> [UAV->CLOUD] BLK:d508|TX:7.0.0.23|CID:19|TS:30.196|SPD:24.9|HDG:1.6|PX:716.2|PY:-50.0...
[ECON-CLAWBACK] CID:19 ACT=WARN prior_payoff=-65.6 extra_penalty=6.0 new_payoff=-71.7
[FORGIVENESS] CID:19 WARN #21 — streak reset, benefits revoked
⚠ [CAR 19] ACT=WARN REP=0.620 RWD=0.000 PNL=6.101 CREDIT=-2
[ATTACK-EMIT] CID:9 activeWindow=YES falsified=YES simT=30.232 realPX=676.400 fakePX=676.400 realSPD=25.000 fakeSPD=20.000 realTS=30.232 fakeTS=30.232 lane=5
[ATTACK-EMIT] CID:10 activeWindow=YES falsified=YES simT=30.244 realPX=671.860 fakePX=561.802 realSPD=15.000 fakeSPD=20.000 realTS=30.244 fakeTS=29.744 lane=99
[ATTACK-EMIT] CID:13 activeWindow=YES falsified=YES simT=30.244 realPX=701.860 fakePX=569.392 realSPD=15.000 fakeSPD=20.000 realTS=30.244 fakeTS=29.744 lane=99
[PASSIVE-BEACON] SIMNOW:30.249 CID:9 ZONE:2 RXUAV:2 EDGEPORT:9996 TS:30.232 SPD:20.000 HDG:0.000 PX:676.400 PY:-50.000 LAN:5 BRK:1 RX_X:0.000 RX_Y:0.000 RX_Z:0.000
[ZONE-ROUTE] CID:9 zone=1 edge_port=9998
[EDGE-RTT] CID:9 wall=1.1 ms  sim_delay=5.0 ms
[NASH-GATE] CID:9 p=1.000 p*=0.321 rho_hat=0.408 streak=2 windowHits=2/4 EU_ban=1.500 -> CONFIRMED BAN (SLOW_LANE punishment sent)
[PASSIVE-BEACON] SIMNOW:30.258 CID:13 ZONE:1 RXUAV:1 EDGEPORT:9998 TS:29.744 SPD:20.000 HDG:0.000 PX:569.400 PY:-40.000 LAN:99 BRK:1 RX_X:0.000 RX_Y:0.000 RX_Z:0.000
[PASSIVE-BEACON] SIMNOW:30.261 CID:10 ZONE:1 RXUAV:1 EDGEPORT:9998 TS:29.744 SPD:20.000 HDG:0.000 PX:561.800 PY:-10.000 LAN:99 BRK:0 RX_X:0.000 RX_Y:0.000 RX_Z:0.000
[ECON-CLAWBACK] CID:9 ACT=BAN prior_payoff=-29.989 extra_penalty=5.000 new_payoff=-35.489
[FORGIVENESS] CID:9 BAN#1 excused (first confirmed offence) honest_wins=0 (preserved)
[BAN-PUNISH] CID:9 SLOW_LANE EXILE → LAN=99 speed=20.000 m/s  return_threshold=60
✗ [CAR 9] ACT=BAN REP=0.622 RWD=0.000 PNL=5.500 CREDIT=-8
[PASSIVE-BEACON] SIMNOW:30.268 CID:11 ZONE:2 RXUAV:2 EDGEPORT:9996 TS:30.254 SPD:14.600 HDG:0.100 PX:682.700 PY:-20.000 LAN:2 BRK:1 RX_X:0.000 RX_Y:0.000 RX_Z:0.000
[ZONE-ROUTE] CID:11 zone=1 edge_port=9998
[EDGE-RTT] CID:11 wall=1.0 ms  sim_delay=5.0 ms
>>> [UAV->CLOUD] BLK:db22|TX:7.0.0.15|CID:11|TS:30.254|SPD:14.6|HDG:0.1|PX:682.7|PY:-20.0...
[PASSIVE-BEACON] SIMNOW:30.278 CID:12 ZONE:2 RXUAV:2 EDGEPORT:9996 TS:30.264 SPD:15.300 HDG:-0.600 PX:691.600 PY:-30.000 LAN:3 BRK:0 RX_X:0.000 RX_Y:0.000 RX_Z:0.000
[ZONE-ROUTE] CID:12 zone=1 edge_port=9998
[EDGE-RTT] CID:12 wall=0.8 ms  sim_delay=5.0 ms
>>> [UAV->CLOUD] BLK:ab04|TX:7.0.0.16|CID:12|TS:30.264|SPD:15.3|HDG:-0.6|PX:691.6|PY:-30....
[ECON-GATE] CID:11 probation active - suppressing OK reward 1.0
✓ [CAR 11] ACT=OK REP=0.514 RWD=0.000 PNL=0.000 CREDIT=8
[ECON-GATE] CID:12 probation active - suppressing OK reward 1.000
✓ [CAR 12] ACT=OK REP=0.601 RWD=0.000 PNL=0.000 CREDIT=5
[ATTACK-EMIT] CID:2 activeWindow=YES falsified=YES simT=30.300 realPX=652.700 fakePX=652.700 realSPD=15.000 fakeSPD=20.000 realTS=30.300 fakeTS=30.300 lane=3
[ATTACK-EMIT] CID:1 activeWindow=YES falsified=YES simT=30.340 realPX=643.300 fakePX=643.300 realSPD=15.000 fakeSPD=20.000 realTS=30.340 fakeTS=30.340 lane=2
[ATTACK-EMIT] CID:3 activeWindow=YES falsified=YES simT=30.350 realPX=663.450 fakePX=569.440 realSPD=15.000 fakeSPD=20.000 realTS=30.350 fakeTS=29.850 lane=4
[ATTACK-EMIT] CID:4 activeWindow=YES falsified=YES simT=30.350 realPX=659.350 fakePX=659.350 realSPD=25.000 fakeSPD=20.000 realTS=30.350 fakeTS=30.350 lane=5
[PASSIVE-BEACON] SIMNOW:30.364 CID:4 ZONE:2 RXUAV:2 EDGEPORT:9996 TS:30.350 SPD:20.000 HDG:0.000 PX:659.400 PY:-50.000 LAN:5 BRK:0 RX_X:0.000 RX_Y:0.000 RX_Z:0.000
[ZONE-ROUTE] CID:4 zone=1 edge_port=9998
[EDGE-RTT] CID:4 wall=1.2 ms  sim_delay=5.0 ms
>>> [UAV->CLOUD] BLK:392f|TX:7.0.0.8|CID:4|TS:30.350|SPD:20.0|HDG:0.0|PX:659.4|PY:-50.0|L...
[PASSIVE-BEACON] SIMNOW:30.364 CID:3 ZONE:1 RXUAV:1 EDGEPORT:9998 TS:29.850 SPD:20.000 HDG:0.000 PX:569.400 PY:-40.000 LAN:4 BRK:0 RX_X:0.000 RX_Y:0.000 RX_Z:0.000
[ZONE-ROUTE] CID:3 zone=1 edge_port=9998
[EDGE-RTT] CID:3 wall=3.8 ms  sim_delay=5.0 ms
[NASH-GATE] CID:3 p=0.4 p*=0.3 rho_hat=0.4 Nash=BAN windowHits=1/4 -> WARN (pending confirmation)
[ECON-GATE] CID:4 probation active - suppressing OK reward 0.9
✓ [CAR 4] ACT=OK REP=0.896 RWD=0.000 PNL=0.000 CREDIT=1
[ECON-CLAWBACK] CID:3 ACT=WARN prior_payoff=-49.060 extra_penalty=5.250 new_payoff=-54.502
[FORGIVENESS] CID:3 WARN #18 — streak reset, benefits revoked
⚠ [CAR 3] ACT=WARN REP=0.624 RWD=0.000 PNL=5.442 CREDIT=0
[ATTACK-EMIT] CID:8 activeWindow=YES falsified=YES simT=30.402 realPX=684.230 fakePX=684.230 realSPD=15.000 fakeSPD=20.000 realTS=30.402 fakeTS=30.402 lane=99
[PASSIVE-BEACON] SIMNOW:30.416 CID:8 ZONE:2 RXUAV:2 EDGEPORT:9996 TS:30.402 SPD:20.000 HDG:0.000 PX:684.200 PY:-40.000 LAN:99 BRK:0 RX_X:0.000 RX_Y:0.000 RX_Z:0.000
[ATTACK-EMIT] CID:0 activeWindow=YES falsified=YES simT=30.440 realPX=634.800 fakePX=634.800 realSPD=15.000 fakeSPD=20.000 realTS=30.440 fakeTS=30.440 lane=1
[PASSIVE-BEACON] SIMNOW:30.454 CID:0 ZONE:2 RXUAV:2 EDGEPORT:9996 TS:30.440 SPD:20.000 HDG:0.000 PX:634.800 PY:-10.000 LAN:1 BRK:0 RX_X:0.000 RX_Y:0.000 RX_Z:0.000
[ZONE-ROUTE] CID:0 zone=1 edge_port=9998
[EDGE-RTT] CID:0 wall=1.1 ms  sim_delay=10.0 ms
[NASH-GATE] CID:0 p=1.000 p*=0.321 rho_hat=0.412 streak=2 windowHits=2/4 EU_ban=1.500 -> CONFIRMED BAN (SLOW_LANE punishment sent)
[ECON-CLAWBACK] CID:0 ACT=BAN prior_payoff=-107.246 extra_penalty=5.000 new_payoff=-112.746
[FORGIVENESS] CID:0 BAN#1 excused (first confirmed offence) honest_wins=0 (preserved)
[BAN-PUNISH] CID:0 SLOW_LANE EXILE → LAN=99 speed=20.000 m/s  return_threshold=60
✗ [CAR 0] ACT=BAN REP=0.428 RWD=0.000 PNL=5.500 CREDIT=-8
[ATTACK-EMIT] CID:5 activeWindow=YES falsified=YES simT=30.482 realPX=655.430 fakePX=655.430 realSPD=15.000 fakeSPD=20.000 realTS=30.482 fakeTS=30.482 lane=99
[ATTACK-EMIT] CID:17 activeWindow=YES falsified=YES simT=30.486 realPX=715.490 fakePX=567.564 realSPD=15.000 fakeSPD=20.000 realTS=30.486 fakeTS=29.986 lane=99
[PASSIVE-BEACON] SIMNOW:30.496 CID:5 ZONE:2 RXUAV:2 EDGEPORT:9996 TS:30.482 SPD:20.000 HDG:0.000 PX:655.400 PY:-10.000 LAN:99 BRK:1 RX_X:0.000 RX_Y:0.000 RX_Z:0.000
[PASSIVE-BEACON] SIMNOW:30.500 CID:17 ZONE:1 RXUAV:1 EDGEPORT:9998 TS:29.986 SPD:20.000 HDG:0.000 PX:567.600 PY:-30.000 LAN:99 BRK:0 RX_X:0.000 RX_Y:0.000 RX_Z:0.000
[ATTACK-EMIT] CID:16 activeWindow=YES falsified=YES simT=30.526 realPX=706.090 fakePX=706.090 realSPD=15.000 fakeSPD=20.000 realTS=30.526 fakeTS=30.526 lane=99
[PASSIVE-BEACON] SIMNOW:30.530 CID:18 ZONE:2 RXUAV:2 EDGEPORT:9996 TS:30.516 SPD:15.400 HDG:1.400 PX:726.300 PY:-40.000 LAN:4 BRK:0 RX_X:0.000 RX_Y:0.000 RX_Z:0.000
[HTD] CID:18 handover Z1->Z2 trust discounted at PX=726.3 delta=0.3 alpha:18.0->6.8 beta:15.3->5.3 obs/window reset probationK=10
[CUSUM] CID:18 activated at HANDOVER Z1->Z2 PX=726.3 warmupK=0 mu0=0.2 h=0.8 minObs=3 edgeMax=0.5
[ZONE-ROUTE] CID:18 zone=2 edge_port=9996
[EDGE-RTT] CID:18 wall=1.7 ms  sim_delay=5.0 ms
[CUSUM] CID:18 S=0.000/0.800 pEdge=0.011 pCusum=0.020
[POST-HANDOVER] CID:18 zone=2 pkt=1/10 credit_factor=0.150
>>> [UAV->CLOUD] BLK:f50a|TX:7.0.0.22|CID:18|TS:30.516|SPD:15.4|HDG:1.4|PX:726.3|PY:-40.0...
[PASSIVE-BEACON] SIMNOW:30.538 CID:16 ZONE:2 RXUAV:2 EDGEPORT:9996 TS:30.526 SPD:20.000 HDG:0.000 PX:706.100 PY:-20.000 LAN:99 BRK:0 RX_X:0.000 RX_Y:0.000 RX_Z:0.000
[PASSIVE-BEACON] SIMNOW:30.541 CID:15 ZONE:2 RXUAV:2 EDGEPORT:9996 TS:30.526 SPD:15.000 HDG:-1.000 PX:695.600 PY:-10.000 LAN:1 BRK:0 RX_X:0.000 RX_Y:0.000 RX_Z:0.000
[HTD] CID:15 handover Z1->Z2 trust discounted at PX=695.6 delta=0.3 alpha:18.5->6.9 beta:15.4->5.3 obs/window reset probationK=10
[CUSUM] CID:15 activated at HANDOVER Z1->Z2 PX=695.6 warmupK=0 mu0=0.2 h=0.8 minObs=3 edgeMax=0.5
[ZONE-ROUTE] CID:15 zone=2 edge_port=9996
[EDGE-RTT] CID:15 wall=1.1 ms  sim_delay=5.0 ms
[CUSUM] CID:15 S=0.000/0.800 pEdge=0.000 pCusum=0.020
[POST-HANDOVER] CID:15 zone=2 pkt=1/10 credit_factor=0.150
>>> [UAV->CLOUD] BLK:d6e1|TX:7.0.0.19|CID:15|TS:30.526|SPD:15.0|HDG:-1.0|PX:695.6|PY:-10....
[ECON-GATE] CID:18 probation active - suppressing OK reward 0.989
✓ [CAR 18] ACT=OK REP=0.648 RWD=0.000 PNL=0.000 CREDIT=1
[ECON-GATE] CID:15 probation active - suppressing OK reward 1.000
✓ [CAR 15] ACT=OK REP=0.634 RWD=0.000 PNL=0.000 CREDIT=13
[ATTACK-EMIT] CID:7 activeWindow=YES falsified=YES simT=30.622 realPX=677.530 fakePX=568.716 realSPD=15.000 fakeSPD=20.000 realTS=30.622 fakeTS=30.122 lane=99
[PASSIVE-BEACON] SIMNOW:30.639 CID:7 ZONE:1 RXUAV:1 EDGEPORT:9998 TS:30.122 SPD:20.000 HDG:0.000 PX:568.700 PY:-30.000 LAN:99 BRK:0 RX_X:0.000 RX_Y:0.000 RX_Z:0.000
[PASSIVE-BEACON] SIMNOW:30.678 CID:14 ZONE:2 RXUAV:2 EDGEPORT:9996 TS:30.664 SPD:25.300 HDG:-1.600 PX:706.500 PY:-50.000 LAN:5 BRK:1 RX_X:0.000 RX_Y:0.000 RX_Z:0.000
[HTD] CID:14 handover Z1->Z2 trust discounted at PX=706.5 delta=0.3 alpha:20.4->7.5 beta:12.8->4.6 obs/window reset probationK=10
[CUSUM] CID:14 activated at HANDOVER Z1->Z2 PX=706.5 warmupK=0 mu0=0.2 h=0.8 minObs=3 edgeMax=0.5
[ZONE-ROUTE] CID:14 zone=2 edge_port=9996
[EDGE-RTT] CID:14 wall=1.7 ms  sim_delay=5.0 ms
[CUSUM] CID:14 S=0.000/0.800 pEdge=0.205 pCusum=0.020
[POST-HANDOVER] CID:14 zone=2 pkt=1/10 credit_factor=0.150
>>> [UAV->CLOUD] BLK:b08e|TX:7.0.0.18|CID:14|TS:30.664|SPD:25.3|HDG:-1.6|PX:706.5|PY:-50....
[PASSIVE-BEACON] SIMNOW:30.686 CID:6 ZONE:2 RXUAV:2 EDGEPORT:9996 TS:30.672 SPD:14.800 HDG:-0.400 PX:668.000 PY:-20.000 LAN:2 BRK:0 RX_X:0.000 RX_Y:0.000 RX_Z:0.000
[HTD] CID:6 handover Z1->Z2 trust discounted at PX=668.0 delta=0.3 alpha:18.9->7.1 beta:14.7->5.1 obs/window reset probationK=10
[CUSUM] CID:6 activated at HANDOVER Z1->Z2 PX=668.0 warmupK=0 mu0=0.2 h=0.8 minObs=3 edgeMax=0.5
[ZONE-ROUTE] CID:6 zone=2 edge_port=9996
[EDGE-RTT] CID:6 wall=1.6 ms  sim_delay=5.0 ms
[CUSUM] CID:6 S=0.000/0.800 pEdge=0.000 pCusum=0.020
[POST-HANDOVER] CID:6 zone=2 pkt=1/10 credit_factor=0.150
>>> [UAV->CLOUD] BLK:1c2e|TX:7.0.0.10|CID:6|TS:30.672|SPD:14.8|HDG:-0.4|PX:668.0|PY:-20.0...
[ECON-CLAWBACK] CID:14 ACT=WARN prior_payoff=-65.506 extra_penalty=6.000 new_payoff=-71.608
[FORGIVENESS] CID:14 WARN #21 — streak reset, benefits revoked
⚠ [CAR 14] ACT=WARN REP=0.485 RWD=0.000 PNL=6.102 CREDIT=-2
[ECON-GATE] CID:6 probation active - suppressing OK reward 1.000
✓ [CAR 6] ACT=OK REP=0.701 RWD=0.000 PNL=0.000 CREDIT=9
[PASSIVE-BEACON] SIMNOW:30.710 CID:19 ZONE:2 RXUAV:2 EDGEPORT:9996 TS:30.696 SPD:25.400 HDG:-1.100 PX:727.700 PY:-50.000 LAN:5 BRK:0 RX_X:0.000 RX_Y:0.000 RX_Z:0.000
[HTD] CID:19 handover Z1->Z2 trust discounted at PX=727.7 delta=0.3 alpha:20.0->7.4 beta:13.5->4.7 obs/window reset probationK=10
[CUSUM] CID:19 activated at HANDOVER Z1->Z2 PX=727.7 warmupK=0 mu0=0.2 h=0.8 minObs=3 edgeMax=0.5
[ZONE-ROUTE] CID:19 zone=2 edge_port=9996
[EDGE-RTT] CID:19 wall=1.8 ms  sim_delay=5.0 ms
[CUSUM] CID:19 S=0.000/0.800 pEdge=0.206 pCusum=0.020
[POST-HANDOVER] CID:19 zone=2 pkt=1/10 credit_factor=0.150
>>> [UAV->CLOUD] BLK:03b2|TX:7.0.0.23|CID:19|TS:30.696|SPD:25.4|HDG:-1.1|PX:727.7|PY:-50....
[ECON-CLAWBACK] CID:19 ACT=WARN prior_payoff=-71.667 extra_penalty=6.250 new_payoff=-78.020
[FORGIVENESS] CID:19 WARN #22 — streak reset, benefits revoked
⚠ [CAR 19] ACT=WARN REP=0.538 RWD=0.000 PNL=6.353 CREDIT=-2
[ATTACK-EMIT] CID:9 activeWindow=YES falsified=YES simT=30.732 realPX=688.900 fakePX=688.900 realSPD=25.000 fakeSPD=20.000 realTS=30.732 fakeTS=30.732 lane=99
[ATTACK-EMIT] CID:10 activeWindow=YES falsified=YES simT=30.744 realPX=679.360 fakePX=679.360 realSPD=15.000 fakeSPD=20.000 realTS=30.744 fakeTS=30.744 lane=99
[ATTACK-EMIT] CID:13 activeWindow=YES falsified=YES simT=30.744 realPX=709.360 fakePX=709.360 realSPD=15.000 fakeSPD=20.000 realTS=30.744 fakeTS=30.744 lane=99
[PASSIVE-BEACON] SIMNOW:30.746 CID:9 ZONE:2 RXUAV:2 EDGEPORT:9996 TS:30.732 SPD:20.000 HDG:0.000 PX:688.900 PY:-50.000 LAN:99 BRK:0 RX_X:0.000 RX_Y:0.000 RX_Z:0.000
[PASSIVE-BEACON] SIMNOW:30.758 CID:13 ZONE:2 RXUAV:2 EDGEPORT:9996 TS:30.744 SPD:20.000 HDG:0.000 PX:709.400 PY:-40.000 LAN:99 BRK:1 RX_X:0.000 RX_Y:0.000 RX_Z:0.000
[PASSIVE-BEACON] SIMNOW:30.761 CID:10 ZONE:2 RXUAV:2 EDGEPORT:9996 TS:30.744 SPD:20.000 HDG:0.000 PX:679.400 PY:-10.000 LAN:99 BRK:1 RX_X:0.000 RX_Y:0.000 RX_Z:0.000
[PASSIVE-BEACON] SIMNOW:30.768 CID:11 ZONE:2 RXUAV:2 EDGEPORT:9996 TS:30.754 SPD:14.600 HDG:0.200 PX:689.000 PY:-20.000 LAN:2 BRK:1 RX_X:0.000 RX_Y:0.000 RX_Z:0.000
[HTD] CID:11 handover Z1->Z2 trust discounted at PX=689.0 delta=0.3 alpha:18.4->6.9 beta:14.8->5.1 obs/window reset probationK=10
[CUSUM] CID:11 activated at HANDOVER Z1->Z2 PX=689.0 warmupK=0 mu0=0.2 h=0.8 minObs=3 edgeMax=0.5
[ZONE-ROUTE] CID:11 zone=2 edge_port=9996
[EDGE-RTT] CID:11 wall=1.5 ms  sim_delay=5.0 ms
[CUSUM] CID:11 S=0.000/0.800 pEdge=0.000 pCusum=0.020
[POST-HANDOVER] CID:11 zone=2 pkt=1/10 credit_factor=0.150
>>> [UAV->CLOUD] BLK:d9fb|TX:7.0.0.15|CID:11|TS:30.754|SPD:14.6|HDG:0.2|PX:689.0|PY:-20.0...
[PASSIVE-BEACON] SIMNOW:30.778 CID:12 ZONE:2 RXUAV:2 EDGEPORT:9996 TS:30.764 SPD:14.700 HDG:1.700 PX:699.700 PY:-30.000 LAN:3 BRK:0 RX_X:0.000 RX_Y:0.000 RX_Z:0.000
[HTD] CID:12 handover Z1->Z2 trust discounted at PX=699.7 delta=0.3 alpha:19.0->7.1 beta:14.7->5.1 obs/window reset probationK=10
[CUSUM] CID:12 activated at HANDOVER Z1->Z2 PX=699.7 warmupK=0 mu0=0.2 h=0.8 minObs=3 edgeMax=0.5
[ZONE-ROUTE] CID:12 zone=2 edge_port=9996
[EDGE-RTT] CID:12 wall=1.0 ms  sim_delay=5.0 ms
[CUSUM] CID:12 S=0.000/0.800 pEdge=0.000 pCusum=0.020
[POST-HANDOVER] CID:12 zone=2 pkt=1/10 credit_factor=0.150
>>> [UAV->CLOUD] BLK:702b|TX:7.0.0.16|CID:12|TS:30.764|SPD:14.7|HDG:1.7|PX:699.7|PY:-30.0...
[ECON-GATE] CID:11 probation active - suppressing OK reward 1.000
✓ [CAR 11] ACT=OK REP=0.793 RWD=0.000 PNL=0.000 CREDIT=9
[ECON-GATE] CID:12 probation active - suppressing OK reward 1.000
✓ [CAR 12] ACT=OK REP=0.428 RWD=0.000 PNL=0.000 CREDIT=6
[ATTACK-EMIT] CID:2 activeWindow=YES falsified=YES simT=30.800 realPX=660.200 fakePX=660.200 realSPD=15.000 fakeSPD=20.000 realTS=30.800 fakeTS=30.800 lane=3
[ATTACK-EMIT] CID:1 activeWindow=YES falsified=YES simT=30.840 realPX=650.800 fakePX=563.938 realSPD=15.000 fakeSPD=22.000 realTS=30.840 fakeTS=30.340 lane=2
[ATTACK-EMIT] CID:3 activeWindow=YES falsified=YES simT=30.850 realPX=670.950 fakePX=670.950 realSPD=15.000 fakeSPD=20.000 realTS=30.850 fakeTS=30.850 lane=4
[ATTACK-EMIT] CID:4 activeWindow=YES falsified=YES simT=30.850 realPX=671.850 fakePX=572.048 realSPD=25.000 fakeSPD=20.000 realTS=30.850 fakeTS=30.350 lane=5
[PASSIVE-BEACON] SIMNOW:30.864 CID:3 ZONE:2 RXUAV:2 EDGEPORT:9996 TS:30.850 SPD:20.000 HDG:0.000 PX:671.000 PY:-40.000 LAN:4 BRK:0 RX_X:0.000 RX_Y:0.000 RX_Z:0.000
[HTD] CID:3 handover Z1->Z2 trust discounted at PX=671.0 delta=0.3 alpha:20.8->7.7 beta:14.0->4.9 obs/window reset probationK=10
[CUSUM] CID:3 activated at HANDOVER Z1->Z2 PX=671.0 warmupK=0 mu0=0.2 h=0.8 minObs=3 edgeMax=0.5
[ZONE-ROUTE] CID:3 zone=2 edge_port=9996
[EDGE-RTT] CID:3 wall=1.9 ms  sim_delay=5.0 ms
[CUSUM] CID:3 S=0.000/0.800 pEdge=0.001 pCusum=0.020
[POST-HANDOVER] CID:3 zone=2 pkt=1/10 credit_factor=0.150
>>> [UAV->CLOUD] BLK:6b81|TX:7.0.0.7|CID:3|TS:30.850|SPD:20.0|HDG:0.0|PX:671.0|PY:-40.0|L...
[PASSIVE-BEACON] SIMNOW:30.867 CID:4 ZONE:1 RXUAV:1 EDGEPORT:9998 TS:30.350 SPD:20.000 HDG:0.000 PX:572.000 PY:-50.000 LAN:5 BRK:0 RX_X:0.000 RX_Y:0.000 RX_Z:0.000
[ZONE-ROUTE] CID:4 zone=1 edge_port=9998
[EDGE-RTT] CID:4 wall=1.1 ms  sim_delay=5.0 ms
[NASH-GATE] CID:4 p=0.4 p*=0.3 rho_hat=0.4 Nash=BAN windowHits=1/4 -> WARN (pending confirmation)
[ECON-GATE] CID:3 probation active - suppressing OK reward 1.0
✓ [CAR 3] ACT=OK REP=0.299 RWD=0.000 PNL=0.000 CREDIT=2
[ECON-CLAWBACK] CID:4 ACT=WARN prior_payoff=-29.790 extra_penalty=4.250 new_payoff=-34.232
[FORGIVENESS] CID:4 WARN #14 — streak reset, benefits revoked
⚠ [CAR 4] ACT=WARN REP=0.591 RWD=0.000 PNL=4.442 CREDIT=0
[ATTACK-EMIT] CID:8 activeWindow=YES falsified=YES simT=30.902 realPX=691.730 fakePX=565.908 realSPD=15.000 fakeSPD=20.000 realTS=30.902 fakeTS=30.402 lane=99
[PASSIVE-BEACON] SIMNOW:30.916 CID:8 ZONE:1 RXUAV:1 EDGEPORT:9998 TS:30.402 SPD:20.000 HDG:0.000 PX:565.900 PY:-40.000 LAN:99 BRK:0 RX_X:0.000 RX_Y:0.000 RX_Z:0.000
[ATTACK-EMIT] CID:0 activeWindow=YES falsified=YES simT=30.940 realPX=642.300 fakePX=642.300 realSPD=15.000 fakeSPD=20.000 realTS=30.940 fakeTS=30.940 lane=99
[PASSIVE-BEACON] SIMNOW:30.954 CID:0 ZONE:2 RXUAV:2 EDGEPORT:9996 TS:30.940 SPD:20.000 HDG:0.000 PX:642.300 PY:-10.000 LAN:99 BRK:0 RX_X:0.000 RX_Y:0.000 RX_Z:0.000
[ATTACK-EMIT] CID:5 activeWindow=YES falsified=YES simT=30.982 realPX=662.930 fakePX=662.930 realSPD=15.000 fakeSPD=20.000 realTS=30.982 fakeTS=30.982 lane=99
[PASSIVE-BEACON] SIMNOW:30.999 CID:5 ZONE:2 RXUAV:2 EDGEPORT:9996 TS:30.982 SPD:20.000 HDG:0.000 PX:662.900 PY:-10.000 LAN:99 BRK:1 RX_X:0.000 RX_Y:0.000 RX_Z:0.000
[PASSIVE-BEACON] SIMNOW:31.000 CID:17 ZONE:2 RXUAV:2 EDGEPORT:9996 TS:30.986 SPD:15.100 HDG:-1.200 PX:722.300 PY:-30.000 LAN:99 BRK:0 RX_X:0.000 RX_Y:0.000 RX_Z:0.000
[ATTACK-EMIT] CID:16 activeWindow=YES falsified=YES simT=31.026 realPX=713.590 fakePX=713.590 realSPD=15.000 fakeSPD=20.000 realTS=31.026 fakeTS=31.026 lane=99
[PASSIVE-BEACON] SIMNOW:31.030 CID:18 ZONE:2 RXUAV:2 EDGEPORT:9996 TS:31.016 SPD:14.900 HDG:-0.300 PX:733.100 PY:-40.000 LAN:4 BRK:0 RX_X:0.000 RX_Y:0.000 RX_Z:0.000
[ZONE-ROUTE] CID:18 zone=2 edge_port=9996
[EDGE-RTT] CID:18 wall=1.7 ms  sim_delay=5.0 ms
[CUSUM] CID:18 S=0.000/0.800 pEdge=0.002 pCusum=0.020
[POST-HANDOVER] CID:18 zone=2 pkt=2/10 credit_factor=0.150
>>> [UAV->CLOUD] BLK:cb67|TX:7.0.0.22|CID:18|TS:31.016|SPD:14.9|HDG:-0.3|PX:733.1|PY:-40....
[PASSIVE-BEACON] SIMNOW:31.040 CID:15 ZONE:2 RXUAV:2 EDGEPORT:9996 TS:31.026 SPD:14.500 HDG:-2.000 PX:704.100 PY:-10.000 LAN:1 BRK:1 RX_X:0.000 RX_Y:0.000 RX_Z:0.000
[ZONE-ROUTE] CID:15 zone=2 edge_port=9996
[EDGE-RTT] CID:15 wall=1.5 ms  sim_delay=5.0 ms
[CUSUM] CID:15 S=0.000/0.800 pEdge=0.000 pCusum=0.020
[POST-HANDOVER] CID:15 zone=2 pkt=2/10 credit_factor=0.150
>>> [UAV->CLOUD] BLK:f8c8|TX:7.0.0.19|CID:15|TS:31.026|SPD:14.5|HDG:-2.0|PX:704.1|PY:-10....
[PASSIVE-BEACON] SIMNOW:31.040 CID:16 ZONE:2 RXUAV:2 EDGEPORT:9996 TS:31.026 SPD:20.000 HDG:0.000 PX:713.600 PY:-20.000 LAN:99 BRK:0 RX_X:0.000 RX_Y:0.000 RX_Z:0.000
[ECON-GATE] CID:18 probation active - suppressing OK reward 0.998
✓ [CAR 18] ACT=OK REP=0.971 RWD=0.000 PNL=0.000 CREDIT=2
[ECON-GATE] CID:15 probation active - suppressing OK reward 1.000
[ECON-RESTORE] CID:15 probation cleared after 15 clean packets
✓ [CAR 15] ACT=OK REP=0.943 RWD=0.000 PNL=0.000 CREDIT=14
[ATTACK-EMIT] CID:7 activeWindow=YES falsified=YES simT=31.122 realPX=685.030 fakePX=685.030 realSPD=15.000 fakeSPD=20.000 realTS=31.122 fakeTS=31.122 lane=99
[PASSIVE-BEACON] SIMNOW:31.136 CID:7 ZONE:2 RXUAV:2 EDGEPORT:9996 TS:31.122 SPD:20.000 HDG:0.000 PX:685.000 PY:-30.000 LAN:99 BRK:0 RX_X:0.000 RX_Y:0.000 RX_Z:0.000
[PASSIVE-BEACON] SIMNOW:31.179 CID:14 ZONE:2 RXUAV:2 EDGEPORT:9996 TS:31.164 SPD:24.700 HDG:-0.100 PX:720.400 PY:-50.000 LAN:5 BRK:0 RX_X:0.000 RX_Y:0.000 RX_Z:0.000
[ZONE-ROUTE] CID:14 zone=2 edge_port=9996
[EDGE-RTT] CID:14 wall=1.6 ms  sim_delay=5.0 ms
[CUSUM] CID:14 S=0.000/0.800 pEdge=0.201 pCusum=0.020
[POST-HANDOVER] CID:14 zone=2 pkt=2/10 credit_factor=0.150
>>> [UAV->CLOUD] BLK:3252|TX:7.0.0.18|CID:14|TS:31.164|SPD:24.7|HDG:-0.1|PX:720.4|PY:-50....
[PASSIVE-BEACON] SIMNOW:31.186 CID:6 ZONE:2 RXUAV:2 EDGEPORT:9996 TS:31.172 SPD:14.700 HDG:1.000 PX:675.300 PY:-20.000 LAN:2 BRK:1 RX_X:0.000 RX_Y:0.000 RX_Z:0.000
[ZONE-ROUTE] CID:6 zone=2 edge_port=9996
[EDGE-RTT] CID:6 wall=1.7 ms  sim_delay=5.0 ms
[CUSUM] CID:6 S=0.000/0.800 pEdge=0.000 pCusum=0.020
[POST-HANDOVER] CID:6 zone=2 pkt=2/10 credit_factor=0.150
>>> [UAV->CLOUD] BLK:1565|TX:7.0.0.10|CID:6|TS:31.172|SPD:14.7|HDG:1.0|PX:675.3|PY:-20.0|...
[ECON-CLAWBACK] CID:14 ACT=WARN prior_payoff=-71.608 extra_penalty=6.250 new_payoff=-77.959
[FORGIVENESS] CID:14 WARN #22 — streak reset, benefits revoked
⚠ [CAR 14] ACT=WARN REP=0.743 RWD=0.000 PNL=6.351 CREDIT=-2
[ECON-GATE] CID:6 probation active - suppressing OK reward 1.000
✓ [CAR 6] ACT=OK REP=0.543 RWD=0.000 PNL=0.000 CREDIT=10
[PASSIVE-BEACON] SIMNOW:31.216 CID:19 ZONE:2 RXUAV:2 EDGEPORT:9996 TS:31.196 SPD:24.800 HDG:1.200 PX:741.200 PY:-50.000 LAN:5 BRK:0 RX_X:0.000 RX_Y:0.000 RX_Z:0.000
[ZONE-ROUTE] CID:19 zone=2 edge_port=9996
[EDGE-RTT] CID:19 wall=1.7 ms  sim_delay=5.0 ms
[CUSUM] CID:19 S=0.000/0.800 pEdge=0.203 pCusum=0.020
[POST-HANDOVER] CID:19 zone=2 pkt=2/10 credit_factor=0.150
>>> [UAV->CLOUD] BLK:a59a|TX:7.0.0.23|CID:19|TS:31.196|SPD:24.8|HDG:1.2|PX:741.2|PY:-50.0...
[ECON-CLAWBACK] CID:19 ACT=WARN prior_payoff=-78.020 extra_penalty=6.500 new_payoff=-84.622
[FORGIVENESS] CID:19 WARN #23 — streak reset, benefits revoked
⚠ [CAR 19] ACT=WARN REP=0.259 RWD=0.000 PNL=6.602 CREDIT=-2
[ATTACK-EMIT] CID:9 activeWindow=YES falsified=YES simT=31.232 realPX=701.400 fakePX=563.762 realSPD=25.000 fakeSPD=20.000 realTS=31.232 fakeTS=30.732 lane=99
[ATTACK-EMIT] CID:10 activeWindow=YES falsified=YES simT=31.244 realPX=686.860 fakePX=686.860 realSPD=15.000 fakeSPD=20.000 realTS=31.244 fakeTS=31.244 lane=99
[ATTACK-EMIT] CID:13 activeWindow=YES falsified=YES simT=31.244 realPX=716.860 fakePX=716.860 realSPD=15.000 fakeSPD=20.000 realTS=31.244 fakeTS=31.244 lane=99
[PASSIVE-BEACON] SIMNOW:31.249 CID:9 ZONE:1 RXUAV:1 EDGEPORT:9998 TS:30.732 SPD:20.000 HDG:0.000 PX:563.800 PY:-50.000 LAN:99 BRK:0 RX_X:0.000 RX_Y:0.000 RX_Z:0.000
[PASSIVE-BEACON] SIMNOW:31.257 CID:10 ZONE:2 RXUAV:2 EDGEPORT:9996 TS:31.244 SPD:20.000 HDG:0.000 PX:686.900 PY:-10.000 LAN:99 BRK:0 RX_X:0.000 RX_Y:0.000 RX_Z:0.000
[PASSIVE-BEACON] SIMNOW:31.258 CID:13 ZONE:2 RXUAV:2 EDGEPORT:9996 TS:31.244 SPD:20.000 HDG:0.000 PX:716.900 PY:-40.000 LAN:99 BRK:0 RX_X:0.000 RX_Y:0.000 RX_Z:0.000
[PASSIVE-BEACON] SIMNOW:31.268 CID:11 ZONE:2 RXUAV:2 EDGEPORT:9996 TS:31.254 SPD:15.100 HDG:1.100 PX:697.600 PY:-20.000 LAN:2 BRK:1 RX_X:0.000 RX_Y:0.000 RX_Z:0.000
[ZONE-ROUTE] CID:11 zone=2 edge_port=9996
[EDGE-RTT] CID:11 wall=1.8 ms  sim_delay=5.0 ms
[CUSUM] CID:11 S=0.000/0.800 pEdge=0.000 pCusum=0.020
[POST-HANDOVER] CID:11 zone=2 pkt=2/10 credit_factor=0.150
>>> [UAV->CLOUD] BLK:debd|TX:7.0.0.15|CID:11|TS:31.254|SPD:15.1|HDG:1.1|PX:697.6|PY:-20.0...
[PASSIVE-BEACON] SIMNOW:31.277 CID:12 ZONE:2 RXUAV:2 EDGEPORT:9996 TS:31.264 SPD:14.800 HDG:-1.600 PX:707.200 PY:-30.000 LAN:3 BRK:0 RX_X:0.000 RX_Y:0.000 RX_Z:0.000
[ZONE-ROUTE] CID:12 zone=2 edge_port=9996
[EDGE-RTT] CID:12 wall=1.4 ms  sim_delay=5.0 ms
[CUSUM] CID:12 S=0.000/0.800 pEdge=0.000 pCusum=0.020
[POST-HANDOVER] CID:12 zone=2 pkt=2/10 credit_factor=0.150
>>> [UAV->CLOUD] BLK:ebf6|TX:7.0.0.16|CID:12|TS:31.264|SPD:14.8|HDG:-1.6|PX:707.2|PY:-30....
[ECON-GATE] CID:11 probation active - suppressing OK reward 1.000
✓ [CAR 11] ACT=OK REP=0.546 RWD=0.000 PNL=0.000 CREDIT=10
[ECON-GATE] CID:12 probation active - suppressing OK reward 1.000
✓ [CAR 12] ACT=OK REP=0.562 RWD=0.000 PNL=0.000 CREDIT=7
[ATTACK-EMIT] CID:2 activeWindow=YES falsified=YES simT=31.300 realPX=667.700 fakePX=565.612 realSPD=15.000 fakeSPD=22.000 realTS=31.300 fakeTS=30.800 lane=3
[ATTACK-EMIT] CID:1 activeWindow=YES falsified=YES simT=31.340 realPX=658.300 fakePX=658.300 realSPD=15.000 fakeSPD=20.000 realTS=31.340 fakeTS=31.340 lane=2
[ATTACK-EMIT] CID:3 activeWindow=YES falsified=YES simT=31.350 realPX=678.450 fakePX=678.450 realSPD=15.000 fakeSPD=20.000 realTS=31.350 fakeTS=31.350 lane=4
[ATTACK-EMIT] CID:4 activeWindow=YES falsified=YES simT=31.350 realPX=684.350 fakePX=684.350 realSPD=25.000 fakeSPD=20.000 realTS=31.350 fakeTS=31.350 lane=5
[PASSIVE-BEACON] SIMNOW:31.364 CID:4 ZONE:2 RXUAV:2 EDGEPORT:9996 TS:31.350 SPD:20.000 HDG:0.000 PX:684.400 PY:-50.000 LAN:5 BRK:1 RX_X:0.000 RX_Y:0.000 RX_Z:0.000
[HTD] CID:4 handover Z1->Z2 trust discounted at PX=684.4 delta=0.3 alpha:23.8->8.5 beta:11.6->4.2 obs/window reset probationK=10
[CUSUM] CID:4 activated at HANDOVER Z1->Z2 PX=684.4 warmupK=0 mu0=0.2 h=0.8 minObs=3 edgeMax=0.5
[ZONE-ROUTE] CID:4 zone=2 edge_port=9996
[EDGE-RTT] CID:4 wall=1.6 ms  sim_delay=5.0 ms
[CUSUM] CID:4 S=0.000/0.800 pEdge=0.001 pCusum=0.020
[POST-HANDOVER] CID:4 zone=2 pkt=1/10 credit_factor=0.150
>>> [UAV->CLOUD] BLK:6efd|TX:7.0.0.8|CID:4|TS:31.350|SPD:20.0|HDG:0.0|PX:684.4|PY:-50.0|L...
[PASSIVE-BEACON] SIMNOW:31.364 CID:3 ZONE:2 RXUAV:2 EDGEPORT:9996 TS:31.350 SPD:20.000 HDG:0.000 PX:678.500 PY:-40.000 LAN:4 BRK:0 RX_X:0.000 RX_Y:0.000 RX_Z:0.000
[ZONE-ROUTE] CID:3 zone=2 edge_port=9996
[EDGE-RTT] CID:3 wall=1.0 ms  sim_delay=5.0 ms
[CUSUM] CID:3 S=0.000/0.800 pEdge=0.000 pCusum=0.020
[POST-HANDOVER] CID:3 zone=2 pkt=2/10 credit_factor=0.150
>>> [UAV->CLOUD] BLK:ae67|TX:7.0.0.7|CID:3|TS:31.350|SPD:20.0|HDG:0.0|PX:678.5|PY:-40.0|L...
[ECON-GATE] CID:3 probation active - suppressing OK reward 1.000
✓ [CAR 3] ACT=OK REP=0.535 RWD=0.000 PNL=0.000 CREDIT=3
[ECON-GATE] CID:4 probation active - suppressing OK reward 0.999
✓ [CAR 4] ACT=OK REP=0.681 RWD=0.000 PNL=0.000 CREDIT=2
[ATTACK-EMIT] CID:8 activeWindow=YES falsified=YES simT=31.402 realPX=699.230 fakePX=699.230 realSPD=15.000 fakeSPD=20.000 realTS=31.402 fakeTS=31.402 lane=99
[PASSIVE-BEACON] SIMNOW:31.416 CID:8 ZONE:2 RXUAV:2 EDGEPORT:9996 TS:31.402 SPD:20.000 HDG:0.000 PX:699.200 PY:-40.000 LAN:99 BRK:1 RX_X:0.000 RX_Y:0.000 RX_Z:0.000
[ATTACK-EMIT] CID:0 activeWindow=YES falsified=YES simT=31.440 realPX=649.800 fakePX=567.432 realSPD=15.000 fakeSPD=20.000 realTS=31.440 fakeTS=30.940 lane=99
[PASSIVE-BEACON] SIMNOW:31.454 CID:0 ZONE:1 RXUAV:1 EDGEPORT:9998 TS:30.940 SPD:20.000 HDG:0.000 PX:567.400 PY:-10.000 LAN:99 BRK:0 RX_X:0.000 RX_Y:0.000 RX_Z:0.000
[ATTACK-EMIT] CID:5 activeWindow=YES falsified=YES simT=31.482 realPX=670.430 fakePX=565.208 realSPD=15.000 fakeSPD=20.000 realTS=31.482 fakeTS=30.982 lane=99
[PASSIVE-BEACON] SIMNOW:31.496 CID:5 ZONE:1 RXUAV:1 EDGEPORT:9998 TS:30.982 SPD:20.000 HDG:0.000 PX:565.200 PY:-10.000 LAN:99 BRK:0 RX_X:0.000 RX_Y:0.000 RX_Z:0.000
[PASSIVE-BEACON] SIMNOW:31.500 CID:17 ZONE:2 RXUAV:2 EDGEPORT:9996 TS:31.486 SPD:14.700 HDG:-1.700 PX:729.800 PY:-30.000 LAN:99 BRK:1 RX_X:0.000 RX_Y:0.000 RX_Z:0.000
[PASSIVE-BEACON] SIMNOW:31.530 CID:18 ZONE:2 RXUAV:2 EDGEPORT:9996 TS:31.516 SPD:14.600 HDG:-0.100 PX:741.500 PY:-40.000 LAN:4 BRK:0 RX_X:0.000 RX_Y:0.000 RX_Z:0.000
[ZONE-ROUTE] CID:18 zone=2 edge_port=9996
[EDGE-RTT] CID:18 wall=1.6 ms  sim_delay=5.0 ms
[CUSUM] CID:18 S=0.000/0.800 pEdge=0.000 pCusum=0.020
[POST-HANDOVER] CID:18 zone=2 pkt=3/10 credit_factor=0.150
>>> [UAV->CLOUD] BLK:dbad|TX:7.0.0.22|CID:18|TS:31.516|SPD:14.6|HDG:-0.1|PX:741.5|PY:-40....
[PASSIVE-BEACON] SIMNOW:31.540 CID:16 ZONE:2 RXUAV:2 EDGEPORT:9996 TS:31.526 SPD:15.400 HDG:0.300 PX:720.400 PY:-20.000 LAN:99 BRK:0 RX_X:0.000 RX_Y:0.000 RX_Z:0.000
[PASSIVE-BEACON] SIMNOW:31.543 CID:15 ZONE:2 RXUAV:2 EDGEPORT:9996 TS:31.526 SPD:15.400 HDG:-0.600 PX:710.900 PY:-10.000 LAN:1 BRK:0 RX_X:0.000 RX_Y:0.000 RX_Z:0.000
[ZONE-ROUTE] CID:15 zone=2 edge_port=9996
[EDGE-RTT] CID:15 wall=1.6 ms  sim_delay=5.0 ms
[CUSUM] CID:15 S=0.000/0.800 pEdge=0.000 pCusum=0.020
[POST-HANDOVER] CID:15 zone=2 pkt=3/10 credit_factor=0.150
>>> [UAV->CLOUD] BLK:fbd7|TX:7.0.0.19|CID:15|TS:31.526|SPD:15.4|HDG:-0.6|PX:710.9|PY:-10....
[ECON-GATE] CID:18 probation active - suppressing OK reward 1.000
✓ [CAR 18] ACT=OK REP=0.449 RWD=0.000 PNL=0.000 CREDIT=3
✓ [CAR 15] ACT=OK REP=0.567 RWD=1.000 PNL=0.000 CREDIT=15
[ATTACK-EMIT] CID:7 activeWindow=YES falsified=YES simT=31.622 realPX=692.530 fakePX=692.530 realSPD=15.000 fakeSPD=20.000 realTS=31.622 fakeTS=31.622 lane=99
[PASSIVE-BEACON] SIMNOW:31.635 CID:7 ZONE:2 RXUAV:2 EDGEPORT:9996 TS:31.622 SPD:20.000 HDG:0.000 PX:692.500 PY:-30.000 LAN:99 BRK:0 RX_X:0.000 RX_Y:0.000 RX_Z:0.000
[PASSIVE-BEACON] SIMNOW:31.678 CID:14 ZONE:2 RXUAV:2 EDGEPORT:9996 TS:31.664 SPD:24.600 HDG:0.900 PX:732.300 PY:-50.000 LAN:5 BRK:0 RX_X:0.000 RX_Y:0.000 RX_Z:0.000
[ZONE-ROUTE] CID:14 zone=2 edge_port=9996
[EDGE-RTT] CID:14 wall=1.6 ms  sim_delay=5.0 ms
[CUSUM] CID:14 S=0.000/0.800 pEdge=0.200 pCusum=0.020
[POST-HANDOVER] CID:14 zone=2 pkt=3/10 credit_factor=0.150
>>> [UAV->CLOUD] BLK:d418|TX:7.0.0.18|CID:14|TS:31.664|SPD:24.6|HDG:0.9|PX:732.3|PY:-50.0...
[PASSIVE-BEACON] SIMNOW:31.686 CID:6 ZONE:2 RXUAV:2 EDGEPORT:9996 TS:31.672 SPD:15.300 HDG:-0.700 PX:683.400 PY:-20.000 LAN:2 BRK:0 RX_X:0.000 RX_Y:0.000 RX_Z:0.000
[ZONE-ROUTE] CID:6 zone=2 edge_port=9996
[EDGE-RTT] CID:6 wall=1.3 ms  sim_delay=5.0 ms
[CUSUM] CID:6 S=0.000/0.800 pEdge=0.000 pCusum=0.020
[POST-HANDOVER] CID:6 zone=2 pkt=3/10 credit_factor=0.150
>>> [UAV->CLOUD] BLK:8410|TX:7.0.0.10|CID:6|TS:31.672|SPD:15.3|HDG:-0.7|PX:683.4|PY:-20.0...
[ECON-CLAWBACK] CID:14 ACT=WARN prior_payoff=-77.959 extra_penalty=6.500 new_payoff=-84.559
[FORGIVENESS] CID:14 WARN #23 — streak reset, benefits revoked
⚠ [CAR 14] ACT=WARN REP=0.733 RWD=0.000 PNL=6.600 CREDIT=-2
[ECON-GATE] CID:6 probation active - suppressing OK reward 1.000
✓ [CAR 6] ACT=OK REP=0.744 RWD=0.000 PNL=0.000 CREDIT=11
[PASSIVE-BEACON] SIMNOW:31.710 CID:19 ZONE:2 RXUAV:2 EDGEPORT:9996 TS:31.696 SPD:24.900 HDG:1.700 PX:753.300 PY:-50.000 LAN:5 BRK:1 RX_X:0.000 RX_Y:0.000 RX_Z:0.000
[ZONE-ROUTE] CID:19 zone=2 edge_port=9996
[EDGE-RTT] CID:19 wall=1.4 ms  sim_delay=5.0 ms
[CUSUM] CID:19 S=0.000/0.800 pEdge=0.203 pCusum=0.020
[POST-HANDOVER] CID:19 zone=2 pkt=3/10 credit_factor=0.150
>>> [UAV->CLOUD] BLK:8f5f|TX:7.0.0.23|CID:19|TS:31.696|SPD:24.9|HDG:1.7|PX:753.3|PY:-50.0...
[ECON-CLAWBACK] CID:19 ACT=WARN prior_payoff=-84.622 extra_penalty=6.750 new_payoff=-91.474
[FORGIVENESS] CID:19 WARN #24 — streak reset, benefits revoked
⚠ [CAR 19] ACT=WARN REP=0.741 RWD=0.000 PNL=6.852 CREDIT=-2
[ATTACK-EMIT] CID:9 activeWindow=YES falsified=YES simT=31.732 realPX=713.900 fakePX=713.900 realSPD=25.000 fakeSPD=20.000 realTS=31.732 fakeTS=31.732 lane=99
[ATTACK-EMIT] CID:10 activeWindow=YES falsified=YES simT=31.744 realPX=694.360 fakePX=561.610 realSPD=15.000 fakeSPD=20.000 realTS=31.744 fakeTS=31.244 lane=99
[PASSIVE-BEACON] SIMNOW:31.746 CID:9 ZONE:2 RXUAV:2 EDGEPORT:9996 TS:31.732 SPD:20.000 HDG:0.000 PX:713.900 PY:-50.000 LAN:99 BRK:0 RX_X:0.000 RX_Y:0.000 RX_Z:0.000
[PASSIVE-BEACON] SIMNOW:31.758 CID:13 ZONE:2 RXUAV:2 EDGEPORT:9996 TS:31.744 SPD:14.800 HDG:1.800 PX:723.700 PY:-40.000 LAN:99 BRK:1 RX_X:0.000 RX_Y:0.000 RX_Z:0.000
[PASSIVE-BEACON] SIMNOW:31.758 CID:10 ZONE:1 RXUAV:1 EDGEPORT:9998 TS:31.244 SPD:20.000 HDG:0.000 PX:561.600 PY:-10.000 LAN:99 BRK:0 RX_X:0.000 RX_Y:0.000 RX_Z:0.000
[PASSIVE-BEACON] SIMNOW:31.768 CID:11 ZONE:2 RXUAV:2 EDGEPORT:9996 TS:31.754 SPD:14.600 HDG:0.500 PX:704.200 PY:-20.000 LAN:2 BRK:0 RX_X:0.000 RX_Y:0.000 RX_Z:0.000
[ZONE-ROUTE] CID:11 zone=2 edge_port=9996
[EDGE-RTT] CID:11 wall=1.7 ms  sim_delay=5.0 ms
[CUSUM] CID:11 S=0.000/0.800 pEdge=0.000 pCusum=0.020
[POST-HANDOVER] CID:11 zone=2 pkt=3/10 credit_factor=0.150
>>> [UAV->CLOUD] BLK:be6d|TX:7.0.0.15|CID:11|TS:31.754|SPD:14.6|HDG:0.5|PX:704.2|PY:-20.0...
[PASSIVE-BEACON] SIMNOW:31.778 CID:12 ZONE:2 RXUAV:2 EDGEPORT:9996 TS:31.764 SPD:14.600 HDG:1.900 PX:714.000 PY:-30.000 LAN:3 BRK:0 RX_X:0.000 RX_Y:0.000 RX_Z:0.000
[ZONE-ROUTE] CID:12 zone=2 edge_port=9996
[EDGE-RTT] CID:12 wall=1.2 ms  sim_delay=5.0 ms
[CUSUM] CID:12 S=0.000/0.800 pEdge=0.000 pCusum=0.020
[POST-HANDOVER] CID:12 zone=2 pkt=3/10 credit_factor=0.150
>>> [UAV->CLOUD] BLK:4733|TX:7.0.0.16|CID:12|TS:31.764|SPD:14.6|HDG:1.9|PX:714.0|PY:-30.0...
[ECON-GATE] CID:11 probation active - suppressing OK reward 1.000
✓ [CAR 11] ACT=OK REP=0.614 RWD=0.000 PNL=0.000 CREDIT=11
[ECON-GATE] CID:12 probation active - suppressing OK reward 1.000
✓ [CAR 12] ACT=OK REP=0.658 RWD=0.000 PNL=0.000 CREDIT=8
[ATTACK-EMIT] CID:2 activeWindow=YES falsified=YES simT=31.800 realPX=675.200 fakePX=675.200 realSPD=15.000 fakeSPD=20.000 realTS=31.800 fakeTS=31.800 lane=3
[ATTACK-EMIT] CID:1 activeWindow=YES falsified=YES simT=31.840 realPX=665.800 fakePX=665.800 realSPD=15.000 fakeSPD=20.000 realTS=31.840 fakeTS=31.840 lane=2
[ATTACK-EMIT] CID:3 activeWindow=YES falsified=YES simT=31.850 realPX=685.950 fakePX=569.392 realSPD=15.000 fakeSPD=20.000 realTS=31.850 fakeTS=31.350 lane=4
[ATTACK-EMIT] CID:4 activeWindow=YES falsified=YES simT=31.850 realPX=695.950 fakePX=695.950 realSPD=15.000 fakeSPD=20.000 realTS=31.850 fakeTS=31.850 lane=5
[PASSIVE-BEACON] SIMNOW:31.864 CID:4 ZONE:2 RXUAV:2 EDGEPORT:9996 TS:31.850 SPD:20.000 HDG:0.000 PX:696.000 PY:-50.000 LAN:5 BRK:1 RX_X:0.000 RX_Y:0.000 RX_Z:0.000
[ZONE-ROUTE] CID:4 zone=2 edge_port=9996
[EDGE-RTT] CID:4 wall=1.6 ms  sim_delay=5.0 ms
[CUSUM] CID:4 S=0.000/0.800 pEdge=0.000 pCusum=0.020
[POST-HANDOVER] CID:4 zone=2 pkt=2/10 credit_factor=0.150
>>> [UAV->CLOUD] BLK:4bfc|TX:7.0.0.8|CID:4|TS:31.850|SPD:20.0|HDG:0.0|PX:696.0|PY:-50.0|L...
[PASSIVE-BEACON] SIMNOW:31.864 CID:3 ZONE:1 RXUAV:1 EDGEPORT:9998 TS:31.350 SPD:20.000 HDG:0.000 PX:569.400 PY:-40.000 LAN:4 BRK:0 RX_X:0.000 RX_Y:0.000 RX_Z:0.000
[ZONE-ROUTE] CID:3 zone=2 edge_port=9996
[EDGE-RTT] CID:3 wall=1.1 ms  sim_delay=5.0 ms
[CUSUM] CID:3 S=0.150/0.800 pEdge=0.263 pCusum=0.350
[POST-HANDOVER] CID:3 zone=2 pkt=3/10 credit_factor=0.150
>>> [UAV->CLOUD] BLK:c397|TX:7.0.0.7|CID:3|TS:31.350|SPD:20.0|HDG:0.0|PX:569.4|PY:-40.0|L...
[ECON-CLAWBACK] CID:3 ACT=WARN prior_payoff=-54.502 extra_penalty=5.500 new_payoff=-60.134
[FORGIVENESS] CID:3 WARN #19 — streak reset, benefits revoked
⚠ [CAR 3] ACT=WARN REP=0.389 RWD=0.000 PNL=5.632 CREDIT=2
[ECON-GATE] CID:4 probation active - suppressing OK reward 1.000
✓ [CAR 4] ACT=OK REP=0.697 RWD=0.000 PNL=0.000 CREDIT=3
[ATTACK-EMIT] CID:8 activeWindow=YES falsified=YES simT=31.902 realPX=706.730 fakePX=706.730 realSPD=15.000 fakeSPD=20.000 realTS=31.902 fakeTS=31.902 lane=99
[PASSIVE-BEACON] SIMNOW:31.919 CID:8 ZONE:2 RXUAV:2 EDGEPORT:9996 TS:31.902 SPD:20.000 HDG:0.000 PX:706.700 PY:-40.000 LAN:99 BRK:0 RX_X:0.000 RX_Y:0.000 RX_Z:0.000
[ATTACK-EMIT] CID:0 activeWindow=YES falsified=YES simT=31.940 realPX=657.300 fakePX=657.300 realSPD=15.000 fakeSPD=20.000 realTS=31.940 fakeTS=31.940 lane=99
[PASSIVE-BEACON] SIMNOW:31.954 CID:0 ZONE:2 RXUAV:2 EDGEPORT:9996 TS:31.940 SPD:20.000 HDG:0.000 PX:657.300 PY:-10.000 LAN:99 BRK:0 RX_X:0.000 RX_Y:0.000 RX_Z:0.000
[ATTACK-EMIT] CID:5 activeWindow=YES falsified=YES simT=31.982 realPX=677.930 fakePX=677.930 realSPD=15.000 fakeSPD=20.000 realTS=31.982 fakeTS=31.982 lane=99
[PASSIVE-BEACON] SIMNOW:31.996 CID:5 ZONE:2 RXUAV:2 EDGEPORT:9996 TS:31.982 SPD:20.000 HDG:0.000 PX:677.900 PY:-10.000 LAN:99 BRK:1 RX_X:0.000 RX_Y:0.000 RX_Z:0.000
[PASSIVE-BEACON] SIMNOW:32.000 CID:17 ZONE:2 RXUAV:2 EDGEPORT:9996 TS:31.986 SPD:14.800 HDG:0.900 PX:738.700 PY:-30.000 LAN:99 BRK:0 RX_X:0.000 RX_Y:0.000 RX_Z:0.000
[PASSIVE-BEACON] SIMNOW:32.030 CID:18 ZONE:2 RXUAV:2 EDGEPORT:9996 TS:32.016 SPD:15.000 HDG:-0.800 PX:748.300 PY:-40.000 LAN:4 BRK:0 RX_X:0.000 RX_Y:0.000 RX_Z:0.000
[ZONE-ROUTE] CID:18 zone=2 edge_port=9996
[EDGE-RTT] CID:18 wall=1.6 ms  sim_delay=5.0 ms
[CUSUM] CID:18 S=0.000/0.800 pEdge=0.000 pCusum=0.020
[POST-HANDOVER] CID:18 zone=2 pkt=4/10 credit_factor=0.150
>>> [UAV->CLOUD] BLK:7229|TX:7.0.0.22|CID:18|TS:32.016|SPD:15.0|HDG:-0.8|PX:748.3|PY:-40....
[PASSIVE-BEACON] SIMNOW:32.039 CID:16 ZONE:2 RXUAV:2 EDGEPORT:9996 TS:32.026 SPD:15.200 HDG:0.100 PX:729.100 PY:-20.000 LAN:99 BRK:0 RX_X:0.000 RX_Y:0.000 RX_Z:0.000
[PASSIVE-BEACON] SIMNOW:32.042 CID:15 ZONE:2 RXUAV:2 EDGEPORT:9996 TS:32.026 SPD:15.100 HDG:-0.200 PX:718.800 PY:-10.000 LAN:1 BRK:0 RX_X:0.000 RX_Y:0.000 RX_Z:0.000
[ZONE-ROUTE] CID:15 zone=2 edge_port=9996
[EDGE-RTT] CID:15 wall=1.2 ms  sim_delay=5.0 ms
[CUSUM] CID:15 S=0.000/0.800 pEdge=0.000 pCusum=0.020
[POST-HANDOVER] CID:15 zone=2 pkt=4/10 credit_factor=0.150
>>> [UAV->CLOUD] BLK:5b9d|TX:7.0.0.19|CID:15|TS:32.026|SPD:15.1|HDG:-0.2|PX:718.8|PY:-10....
[ECON-GATE] CID:18 probation active - suppressing OK reward 1.000
✓ [CAR 18] ACT=OK REP=0.350 RWD=0.000 PNL=0.000 CREDIT=4
✓ [CAR 15] ACT=OK REP=0.827 RWD=1.000 PNL=0.000 CREDIT=16
[ATTACK-EMIT] CID:7 activeWindow=YES falsified=YES simT=32.122 realPX=700.030 fakePX=568.872 realSPD=15.000 fakeSPD=20.000 realTS=32.122 fakeTS=31.622 lane=99
[PASSIVE-BEACON] SIMNOW:32.136 CID:7 ZONE:1 RXUAV:1 EDGEPORT:9998 TS:31.622 SPD:20.000 HDG:0.000 PX:568.900 PY:-30.000 LAN:99 BRK:0 RX_X:0.000 RX_Y:0.000 RX_Z:0.000
[PASSIVE-BEACON] SIMNOW:32.176 CID:14 ZONE:2 RXUAV:2 EDGEPORT:9996 TS:32.164 SPD:15.100 HDG:-0.900 PX:740.600 PY:-50.000 LAN:5 BRK:0 RX_X:0.000 RX_Y:0.000 RX_Z:0.000
[ZONE-ROUTE] CID:14 zone=2 edge_port=9996
[EDGE-RTT] CID:14 wall=1.5 ms  sim_delay=5.0 ms
[CUSUM] CID:14 S=0.000/0.800 pEdge=0.011 pCusum=0.020
[POST-HANDOVER] CID:14 zone=2 pkt=4/10 credit_factor=0.150
>>> [UAV->CLOUD] BLK:b818|TX:7.0.0.18|CID:14|TS:32.164|SPD:15.1|HDG:-0.9|PX:740.6|PY:-50....
[PASSIVE-BEACON] SIMNOW:32.186 CID:6 ZONE:2 RXUAV:2 EDGEPORT:9996 TS:32.172 SPD:15.400 HDG:-0.300 PX:691.300 PY:-20.000 LAN:2 BRK:0 RX_X:0.000 RX_Y:0.000 RX_Z:0.000
[ZONE-ROUTE] CID:6 zone=2 edge_port=9996
[EDGE-RTT] CID:6 wall=1.2 ms  sim_delay=5.0 ms
[CUSUM] CID:6 S=0.000/0.800 pEdge=0.000 pCusum=0.020
[POST-HANDOVER] CID:6 zone=2 pkt=4/10 credit_factor=0.150
>>> [UAV->CLOUD] BLK:2fd5|TX:7.0.0.10|CID:6|TS:32.172|SPD:15.4|HDG:-0.3|PX:691.3|PY:-20.0...
[ECON-GATE] CID:14 probation active - suppressing OK reward 0.989
✓ [CAR 14] ACT=OK REP=0.615 RWD=0.000 PNL=0.000 CREDIT=0
[ECON-GATE] CID:6 probation active - suppressing OK reward 1.000
✓ [CAR 6] ACT=OK REP=0.542 RWD=0.000 PNL=0.000 CREDIT=12
[PASSIVE-BEACON] SIMNOW:32.210 CID:19 ZONE:2 RXUAV:2 EDGEPORT:9996 TS:32.196 SPD:15.300 HDG:0.500 PX:761.500 PY:-50.000 LAN:5 BRK:0 RX_X:0.000 RX_Y:0.000 RX_Z:0.000
[ZONE-ROUTE] CID:19 zone=2 edge_port=9996
[EDGE-RTT] CID:19 wall=1.5 ms  sim_delay=5.0 ms
[CUSUM] CID:19 S=0.000/0.800 pEdge=0.011 pCusum=0.020
[POST-HANDOVER] CID:19 zone=2 pkt=4/10 credit_factor=0.150
>>> [UAV->CLOUD] BLK:c969|TX:7.0.0.23|CID:19|TS:32.196|SPD:15.3|HDG:0.5|PX:761.5|PY:-50.0...
[ECON-GATE] CID:19 probation active - suppressing OK reward 0.989
✓ [CAR 19] ACT=OK REP=0.545 RWD=0.000 PNL=0.000 CREDIT=0
[ATTACK-EMIT] CID:10 activeWindow=YES falsified=YES simT=32.244 realPX=701.860 fakePX=701.860 realSPD=15.000 fakeSPD=20.000 realTS=32.244 fakeTS=32.244 lane=99
[PASSIVE-BEACON] SIMNOW:32.246 CID:9 ZONE:2 RXUAV:2 EDGEPORT:9996 TS:32.232 SPD:15.100 HDG:-2.000 PX:722.100 PY:-50.000 LAN:99 BRK:1 RX_X:0.000 RX_Y:0.000 RX_Z:0.000
[PASSIVE-BEACON] SIMNOW:32.258 CID:13 ZONE:2 RXUAV:2 EDGEPORT:9996 TS:32.244 SPD:15.500 HDG:-1.500 PX:732.200 PY:-40.000 LAN:99 BRK:0 RX_X:0.000 RX_Y:0.000 RX_Z:0.000
[PASSIVE-BEACON] SIMNOW:32.258 CID:10 ZONE:2 RXUAV:2 EDGEPORT:9996 TS:32.244 SPD:20.000 HDG:0.000 PX:701.900 PY:-10.000 LAN:99 BRK:0 RX_X:0.000 RX_Y:0.000 RX_Z:0.000
[PASSIVE-BEACON] SIMNOW:32.268 CID:11 ZONE:2 RXUAV:2 EDGEPORT:9996 TS:32.254 SPD:14.800 HDG:-1.100 PX:712.600 PY:-20.000 LAN:2 BRK:0 RX_X:0.000 RX_Y:0.000 RX_Z:0.000
[ZONE-ROUTE] CID:11 zone=2 edge_port=9996
[EDGE-RTT] CID:11 wall=1.5 ms  sim_delay=5.0 ms
[CUSUM] CID:11 S=0.000/0.800 pEdge=0.000 pCusum=0.020
[POST-HANDOVER] CID:11 zone=2 pkt=4/10 credit_factor=0.150
>>> [UAV->CLOUD] BLK:40c6|TX:7.0.0.15|CID:11|TS:32.254|SPD:14.8|HDG:-1.1|PX:712.6|PY:-20....
[PASSIVE-BEACON] SIMNOW:32.278 CID:12 ZONE:2 RXUAV:2 EDGEPORT:9996 TS:32.264 SPD:15.100 HDG:1.800 PX:721.600 PY:-30.000 LAN:3 BRK:1 RX_X:0.000 RX_Y:0.000 RX_Z:0.000
[ZONE-ROUTE] CID:12 zone=2 edge_port=9996
[EDGE-RTT] CID:12 wall=1.5 ms  sim_delay=5.0 ms
[CUSUM] CID:12 S=0.000/0.800 pEdge=0.000 pCusum=0.020
[POST-HANDOVER] CID:12 zone=2 pkt=4/10 credit_factor=0.150
>>> [UAV->CLOUD] BLK:6b25|TX:7.0.0.16|CID:12|TS:32.264|SPD:15.1|HDG:1.8|PX:721.6|PY:-30.0...
[ECON-GATE] CID:11 probation active - suppressing OK reward 1.000
✓ [CAR 11] ACT=OK REP=0.502 RWD=0.000 PNL=0.000 CREDIT=12
[ECON-GATE] CID:12 probation active - suppressing OK reward 1.000
✓ [CAR 12] ACT=OK REP=0.569 RWD=0.000 PNL=0.000 CREDIT=9
[ATTACK-EMIT] CID:2 activeWindow=YES falsified=YES simT=32.300 realPX=682.700 fakePX=682.700 realSPD=15.000 fakeSPD=20.000 realTS=32.300 fakeTS=32.300 lane=3
[ATTACK-EMIT] CID:1 activeWindow=YES falsified=YES simT=32.340 realPX=673.300 fakePX=564.118 realSPD=15.000 fakeSPD=22.000 realTS=32.340 fakeTS=31.840 lane=2
[ATTACK-EMIT] CID:3 activeWindow=YES falsified=YES simT=32.350 realPX=693.450 fakePX=693.450 realSPD=15.000 fakeSPD=20.000 realTS=32.350 fakeTS=32.350 lane=4
[ATTACK-EMIT] CID:4 activeWindow=YES falsified=YES simT=32.350 realPX=703.450 fakePX=571.640 realSPD=15.000 fakeSPD=20.000 realTS=32.350 fakeTS=31.850 lane=5
[PASSIVE-BEACON] SIMNOW:32.364 CID:4 ZONE:1 RXUAV:1 EDGEPORT:9998 TS:31.850 SPD:20.000 HDG:0.000 PX:571.600 PY:-50.000 LAN:5 BRK:0 RX_X:0.000 RX_Y:0.000 RX_Z:0.000
[ZONE-ROUTE] CID:4 zone=2 edge_port=9996
[EDGE-RTT] CID:4 wall=1.6 ms  sim_delay=5.0 ms
[CUSUM] CID:4 S=0.150/0.800 pEdge=0.290 pCusum=0.350
[POST-HANDOVER] CID:4 zone=2 pkt=3/10 credit_factor=0.150
>>> [UAV->CLOUD] BLK:1101|TX:7.0.0.8|CID:4|TS:31.850|SPD:20.0|HDG:0.0|PX:571.6|PY:-50.0|L...
[PASSIVE-BEACON] SIMNOW:32.364 CID:3 ZONE:2 RXUAV:2 EDGEPORT:9996 TS:32.350 SPD:20.000 HDG:0.000 PX:693.500 PY:-40.000 LAN:4 BRK:0 RX_X:0.000 RX_Y:0.000 RX_Z:0.000
[ZONE-ROUTE] CID:3 zone=2 edge_port=9996
[EDGE-RTT] CID:3 wall=1.2 ms  sim_delay=5.0 ms
[CUSUM-BAN] CID:3 change-point detected S=0.900 > h=0.800 pEdge=0.129 (post-handover behavioral change)
[ECON-CLAWBACK] CID:4 ACT=WARN prior_payoff=-34.232 extra_penalty=4.500 new_payoff=-38.877
[FORGIVENESS] CID:4 WARN #15 — streak reset, benefits revoked
⚠ [CAR 4] ACT=WARN REP=0.665 RWD=0.000 PNL=4.645 CREDIT=2
[ECON-CLAWBACK] CID:3 ACT=BAN prior_payoff=-60.134 extra_penalty=5.000 new_payoff=-65.634
[FORGIVENESS] CID:3 BAN#1 excused (first confirmed offence) honest_wins=0 (preserved)
[BAN-PUNISH] CID:3 SLOW_LANE EXILE → LAN=99 speed=20.000 m/s  return_threshold=60
✗ [CAR 3] ACT=BAN REP=0.615 RWD=0.000 PNL=5.500 CREDIT=-10
[ATTACK-EMIT] CID:8 activeWindow=YES falsified=YES simT=32.402 realPX=714.230 fakePX=565.734 realSPD=15.000 fakeSPD=20.000 realTS=32.402 fakeTS=31.902 lane=99
[PASSIVE-BEACON] SIMNOW:32.419 CID:8 ZONE:1 RXUAV:1 EDGEPORT:9998 TS:31.902 SPD:20.000 HDG:0.000 PX:565.700 PY:-40.000 LAN:99 BRK:1 RX_X:0.000 RX_Y:0.000 RX_Z:0.000
[ATTACK-EMIT] CID:0 activeWindow=YES falsified=YES simT=32.440 realPX=664.800 fakePX=664.800 realSPD=15.000 fakeSPD=20.000 realTS=32.440 fakeTS=32.440 lane=99
[PASSIVE-BEACON] SIMNOW:32.454 CID:0 ZONE:2 RXUAV:2 EDGEPORT:9996 TS:32.440 SPD:20.000 HDG:0.000 PX:664.800 PY:-10.000 LAN:99 BRK:0 RX_X:0.000 RX_Y:0.000 RX_Z:0.000
[ATTACK-EMIT] CID:5 activeWindow=YES falsified=YES simT=32.482 realPX=685.430 fakePX=685.430 realSPD=15.000 fakeSPD=20.000 realTS=32.482 fakeTS=32.482 lane=99
[PASSIVE-BEACON] SIMNOW:32.496 CID:5 ZONE:2 RXUAV:2 EDGEPORT:9996 TS:32.482 SPD:20.000 HDG:0.000 PX:685.400 PY:-10.000 LAN:99 BRK:0 RX_X:0.000 RX_Y:0.000 RX_Z:0.000
[PASSIVE-BEACON] SIMNOW:32.500 CID:17 ZONE:2 RXUAV:2 EDGEPORT:9996 TS:32.486 SPD:14.800 HDG:0.200 PX:746.000 PY:-30.000 LAN:99 BRK:1 RX_X:0.000 RX_Y:0.000 RX_Z:0.000
[PASSIVE-BEACON] SIMNOW:32.533 CID:18 ZONE:2 RXUAV:2 EDGEPORT:9996 TS:32.516 SPD:14.500 HDG:-0.200 PX:755.700 PY:-40.000 LAN:4 BRK:0 RX_X:0.000 RX_Y:0.000 RX_Z:0.000
[ZONE-ROUTE] CID:18 zone=2 edge_port=9996
[EDGE-RTT] CID:18 wall=1.7 ms  sim_delay=5.0 ms
[CUSUM] CID:18 S=0.000/0.800 pEdge=0.000 pCusum=0.020
[POST-HANDOVER] CID:18 zone=2 pkt=5/10 credit_factor=0.150
>>> [UAV->CLOUD] BLK:401e|TX:7.0.0.22|CID:18|TS:32.516|SPD:14.5|HDG:-0.2|PX:755.7|PY:-40....
[PASSIVE-BEACON] SIMNOW:32.540 CID:15 ZONE:2 RXUAV:2 EDGEPORT:9996 TS:32.526 SPD:15.100 HDG:0.800 PX:726.300 PY:-10.000 LAN:1 BRK:1 RX_X:0.000 RX_Y:0.000 RX_Z:0.000
[ZONE-ROUTE] CID:15 zone=2 edge_port=9996
[EDGE-RTT] CID:15 wall=1.2 ms  sim_delay=5.0 ms
[CUSUM] CID:15 S=0.000/0.800 pEdge=0.000 pCusum=0.020
[POST-HANDOVER] CID:15 zone=2 pkt=5/10 credit_factor=0.150
>>> [UAV->CLOUD] BLK:be32|TX:7.0.0.19|CID:15|TS:32.526|SPD:15.1|HDG:0.8|PX:726.3|PY:-10.0...
[PASSIVE-BEACON] SIMNOW:32.540 CID:16 ZONE:2 RXUAV:2 EDGEPORT:9996 TS:32.526 SPD:15.200 HDG:-1.500 PX:736.400 PY:-20.000 LAN:99 BRK:0 RX_X:0.000 RX_Y:0.000 RX_Z:0.000
[ECON-GATE] CID:18 probation active - suppressing OK reward 1.000
✓ [CAR 18] ACT=OK REP=0.606 RWD=0.000 PNL=0.000 CREDIT=5
✓ [CAR 15] ACT=OK REP=0.550 RWD=1.000 PNL=0.000 CREDIT=17
[ATTACK-EMIT] CID:7 activeWindow=YES falsified=YES simT=32.622 realPX=707.530 fakePX=707.530 realSPD=15.000 fakeSPD=20.000 realTS=32.622 fakeTS=32.622 lane=99
[PASSIVE-BEACON] SIMNOW:32.636 CID:7 ZONE:2 RXUAV:2 EDGEPORT:9996 TS:32.622 SPD:20.000 HDG:0.000 PX:707.500 PY:-30.000 LAN:99 BRK:1 RX_X:0.000 RX_Y:0.000 RX_Z:0.000
[PASSIVE-BEACON] SIMNOW:32.678 CID:14 ZONE:2 RXUAV:2 EDGEPORT:9996 TS:32.664 SPD:15.500 HDG:0.500 PX:748.400 PY:-50.000 LAN:5 BRK:0 RX_X:0.000 RX_Y:0.000 RX_Z:0.000
[ZONE-ROUTE] CID:14 zone=2 edge_port=9996
[EDGE-RTT] CID:14 wall=1.6 ms  sim_delay=5.0 ms
[CUSUM] CID:14 S=0.000/0.800 pEdge=0.003 pCusum=0.020
[POST-HANDOVER] CID:14 zone=2 pkt=5/10 credit_factor=0.150
>>> [UAV->CLOUD] BLK:326e|TX:7.0.0.18|CID:14|TS:32.664|SPD:15.5|HDG:0.5|PX:748.4|PY:-50.0...
[PASSIVE-BEACON] SIMNOW:32.686 CID:6 ZONE:2 RXUAV:2 EDGEPORT:9996 TS:32.672 SPD:14.600 HDG:1.900 PX:698.700 PY:-20.000 LAN:2 BRK:1 RX_X:0.000 RX_Y:0.000 RX_Z:0.000
[ZONE-ROUTE] CID:6 zone=2 edge_port=9996
[EDGE-RTT] CID:6 wall=1.5 ms  sim_delay=5.0 ms
[CUSUM] CID:6 S=0.000/0.800 pEdge=0.000 pCusum=0.020
[POST-HANDOVER] CID:6 zone=2 pkt=5/10 credit_factor=0.150
>>> [UAV->CLOUD] BLK:2b8c|TX:7.0.0.10|CID:6|TS:32.672|SPD:14.6|HDG:1.9|PX:698.7|PY:-20.0|...
[ECON-GATE] CID:14 probation active - suppressing OK reward 0.997
✓ [CAR 14] ACT=OK REP=0.535 RWD=0.000 PNL=0.000 CREDIT=1
[ECON-GATE] CID:6 probation active - suppressing OK reward 1.000
✓ [CAR 6] ACT=OK REP=0.777 RWD=0.000 PNL=0.000 CREDIT=13
[PASSIVE-BEACON] SIMNOW:32.710 CID:19 ZONE:2 RXUAV:2 EDGEPORT:9996 TS:32.696 SPD:15.100 HDG:-1.200 PX:769.300 PY:-50.000 LAN:5 BRK:0 RX_X:0.000 RX_Y:0.000 RX_Z:0.000
[ZONE-ROUTE] CID:19 zone=2 edge_port=9996
[EDGE-RTT] CID:19 wall=1.7 ms  sim_delay=5.0 ms
[CUSUM] CID:19 S=0.000/0.800 pEdge=0.003 pCusum=0.020
[POST-HANDOVER] CID:19 zone=2 pkt=5/10 credit_factor=0.150
>>> [UAV->CLOUD] BLK:b789|TX:7.0.0.23|CID:19|TS:32.696|SPD:15.1|HDG:-1.2|PX:769.3|PY:-50....
[ECON-GATE] CID:19 probation active - suppressing OK reward 0.997
✓ [CAR 19] ACT=OK REP=0.595 RWD=0.000 PNL=0.000 CREDIT=1
[ATTACK-EMIT] CID:10 activeWindow=YES falsified=YES simT=32.744 realPX=709.360 fakePX=709.360 realSPD=15.000 fakeSPD=20.000 realTS=32.744 fakeTS=32.744 lane=99
[PASSIVE-BEACON] SIMNOW:32.746 CID:9 ZONE:2 RXUAV:2 EDGEPORT:9996 TS:32.732 SPD:15.500 HDG:0.400 PX:728.900 PY:-50.000 LAN:99 BRK:1 RX_X:0.000 RX_Y:0.000 RX_Z:0.000
[PASSIVE-BEACON] SIMNOW:32.756 CID:13 ZONE:2 RXUAV:2 EDGEPORT:9996 TS:32.744 SPD:14.500 HDG:0.600 PX:738.900 PY:-40.000 LAN:99 BRK:0 RX_X:0.000 RX_Y:0.000 RX_Z:0.000
[PASSIVE-BEACON] SIMNOW:32.758 CID:10 ZONE:2 RXUAV:2 EDGEPORT:9996 TS:32.744 SPD:20.000 HDG:0.000 PX:709.400 PY:-10.000 LAN:99 BRK:0 RX_X:0.000 RX_Y:0.000 RX_Z:0.000
[PASSIVE-BEACON] SIMNOW:32.768 CID:11 ZONE:2 RXUAV:2 EDGEPORT:9996 TS:32.754 SPD:15.000 HDG:-1.300 PX:719.200 PY:-20.000 LAN:2 BRK:0 RX_X:0.000 RX_Y:0.000 RX_Z:0.000
[ZONE-ROUTE] CID:11 zone=2 edge_port=9996
[EDGE-RTT] CID:11 wall=1.1 ms  sim_delay=5.0 ms
[CUSUM] CID:11 S=0.000/0.800 pEdge=0.000 pCusum=0.020
[POST-HANDOVER] CID:11 zone=2 pkt=5/10 credit_factor=0.150
>>> [UAV->CLOUD] BLK:e548|TX:7.0.0.15|CID:11|TS:32.754|SPD:15.0|HDG:-1.3|PX:719.2|PY:-20....
[PASSIVE-BEACON] SIMNOW:32.778 CID:12 ZONE:2 RXUAV:2 EDGEPORT:9996 TS:32.764 SPD:15.200 HDG:0.800 PX:729.100 PY:-30.000 LAN:3 BRK:0 RX_X:0.000 RX_Y:0.000 RX_Z:0.000
[ZONE-ROUTE] CID:12 zone=2 edge_port=9996
[EDGE-RTT] CID:12 wall=1.4 ms  sim_delay=5.0 ms
[CUSUM] CID:12 S=0.000/0.800 pEdge=0.000 pCusum=0.020
[POST-HANDOVER] CID:12 zone=2 pkt=5/10 credit_factor=0.150
>>> [UAV->CLOUD] BLK:d28a|TX:7.0.0.16|CID:12|TS:32.764|SPD:15.2|HDG:0.8|PX:729.1|PY:-30.0...
[ECON-GATE] CID:11 probation active - suppressing OK reward 1.000
✓ [CAR 11] ACT=OK REP=0.684 RWD=0.000 PNL=0.000 CREDIT=13
[ECON-GATE] CID:12 probation active - suppressing OK reward 1.000
✓ [CAR 12] ACT=OK REP=0.506 RWD=0.000 PNL=0.000 CREDIT=10
[ATTACK-EMIT] CID:2 activeWindow=YES falsified=YES simT=32.800 realPX=690.200 fakePX=565.462 realSPD=15.000 fakeSPD=22.000 realTS=32.800 fakeTS=32.300 lane=3
[ATTACK-EMIT] CID:1 activeWindow=YES falsified=YES simT=32.840 realPX=680.800 fakePX=680.800 realSPD=15.000 fakeSPD=20.000 realTS=32.840 fakeTS=32.840 lane=2
[ATTACK-EMIT] CID:3 activeWindow=YES falsified=YES simT=32.850 realPX=700.950 fakePX=700.950 realSPD=15.000 fakeSPD=20.000 realTS=32.850 fakeTS=32.850 lane=99
[ATTACK-EMIT] CID:4 activeWindow=YES falsified=YES simT=32.850 realPX=710.950 fakePX=710.950 realSPD=15.000 fakeSPD=20.000 realTS=32.850 fakeTS=32.850 lane=5
[PASSIVE-BEACON] SIMNOW:32.864 CID:4 ZONE:2 RXUAV:2 EDGEPORT:9996 TS:32.850 SPD:20.000 HDG:0.000 PX:711.000 PY:-50.000 LAN:5 BRK:0 RX_X:0.000 RX_Y:0.000 RX_Z:0.000
[ZONE-ROUTE] CID:4 zone=2 edge_port=9996
[EDGE-RTT] CID:4 wall=1.8 ms  sim_delay=5.0 ms
[CUSUM-BAN] CID:4 change-point detected S=0.900 > h=0.800 pEdge=0.129 (post-handover behavioral change)
[PASSIVE-BEACON] SIMNOW:32.864 CID:3 ZONE:2 RXUAV:2 EDGEPORT:9996 TS:32.850 SPD:20.000 HDG:0.000 PX:701.000 PY:-40.000 LAN:99 BRK:1 RX_X:0.000 RX_Y:0.000 RX_Z:0.000
[ECON-CLAWBACK] CID:4 ACT=BAN prior_payoff=-38.877 extra_penalty=5.000 new_payoff=-44.377
[FORGIVENESS] CID:4 BAN#1 excused (first confirmed offence) honest_wins=0 (preserved)
[BAN-PUNISH] CID:4 SLOW_LANE EXILE → LAN=99 speed=20.000 m/s  return_threshold=60
✗ [CAR 4] ACT=BAN REP=0.664 RWD=0.000 PNL=5.500 CREDIT=-10
[PASSIVE-BEACON] SIMNOW:32.916 CID:8 ZONE:2 RXUAV:2 EDGEPORT:9996 TS:32.902 SPD:15.000 HDG:1.900 PX:722.300 PY:-40.000 LAN:99 BRK:0 RX_X:0.000 RX_Y:0.000 RX_Z:0.000
[ATTACK-EMIT] CID:0 activeWindow=YES falsified=YES simT=32.940 realPX=672.300 fakePX=567.078 realSPD=15.000 fakeSPD=20.000 realTS=32.940 fakeTS=32.440 lane=99
[PASSIVE-BEACON] SIMNOW:32.954 CID:0 ZONE:1 RXUAV:1 EDGEPORT:9998 TS:32.440 SPD:20.000 HDG:0.000 PX:567.100 PY:-10.000 LAN:99 BRK:0 RX_X:0.000 RX_Y:0.000 RX_Z:0.000
[ATTACK-EMIT] CID:5 activeWindow=YES falsified=YES simT=32.982 realPX=692.930 fakePX=565.388 realSPD=15.000 fakeSPD=20.000 realTS=32.982 fakeTS=32.482 lane=99
[PASSIVE-BEACON] SIMNOW:32.999 CID:5 ZONE:1 RXUAV:1 EDGEPORT:9998 TS:32.482 SPD:20.000 HDG:0.000 PX:565.400 PY:-10.000 LAN:99 BRK:1 RX_X:0.000 RX_Y:0.000 RX_Z:0.000
[PASSIVE-BEACON] SIMNOW:33.000 CID:17 ZONE:2 RXUAV:2 EDGEPORT:9996 TS:32.986 SPD:15.300 HDG:-0.400 PX:753.400 PY:-30.000 LAN:99 BRK:0 RX_X:0.000 RX_Y:0.000 RX_Z:0.000
[PASSIVE-BEACON] SIMNOW:33.030 CID:18 ZONE:2 RXUAV:2 EDGEPORT:9996 TS:33.016 SPD:15.000 HDG:-0.300 PX:763.200 PY:-40.000 LAN:4 BRK:0 RX_X:0.000 RX_Y:0.000 RX_Z:0.000
[ZONE-ROUTE] CID:18 zone=2 edge_port=9996
[EDGE-RTT] CID:18 wall=1.8 ms  sim_delay=5.0 ms
[CUSUM] CID:18 S=0.000/0.800 pEdge=0.000 pCusum=0.020
[POST-HANDOVER] CID:18 zone=2 pkt=6/10 credit_factor=0.150
>>> [UAV->CLOUD] BLK:2c6a|TX:7.0.0.22|CID:18|TS:33.016|SPD:15.0|HDG:-0.3|PX:763.2|PY:-40....
[PASSIVE-BEACON] SIMNOW:33.040 CID:15 ZONE:2 RXUAV:2 EDGEPORT:9996 TS:33.026 SPD:15.000 HDG:-1.100 PX:734.000 PY:-10.000 LAN:1 BRK:0 RX_X:0.000 RX_Y:0.000 RX_Z:0.000
[ZONE-ROUTE] CID:15 zone=2 edge_port=9996
[EDGE-RTT] CID:15 wall=1.0 ms  sim_delay=5.0 ms
[CUSUM] CID:15 S=0.000/0.800 pEdge=0.000 pCusum=0.020
[POST-HANDOVER] CID:15 zone=2 pkt=6/10 credit_factor=0.150
>>> [UAV->CLOUD] BLK:ddf2|TX:7.0.0.19|CID:15|TS:33.026|SPD:15.0|HDG:-1.1|PX:734.0|PY:-10....
[PASSIVE-BEACON] SIMNOW:33.040 CID:16 ZONE:2 RXUAV:2 EDGEPORT:9996 TS:33.026 SPD:15.200 HDG:1.200 PX:743.200 PY:-20.000 LAN:99 BRK:0 RX_X:0.000 RX_Y:0.000 RX_Z:0.000
[ECON-GATE] CID:18 probation active - suppressing OK reward 1.000
✓ [CAR 18] ACT=OK REP=0.658 RWD=0.000 PNL=0.000 CREDIT=6
✓ [CAR 15] ACT=OK REP=0.685 RWD=1.000 PNL=0.000 CREDIT=18
[ATTACK-EMIT] CID:7 activeWindow=YES falsified=YES simT=33.122 realPX=715.030 fakePX=715.030 realSPD=15.000 fakeSPD=20.000 realTS=33.122 fakeTS=33.122 lane=99
[PASSIVE-BEACON] SIMNOW:33.136 CID:7 ZONE:2 RXUAV:2 EDGEPORT:9996 TS:33.122 SPD:20.000 HDG:0.000 PX:715.000 PY:-30.000 LAN:99 BRK:0 RX_X:0.000 RX_Y:0.000 RX_Z:0.000
[PASSIVE-BEACON] SIMNOW:33.179 CID:14 ZONE:2 RXUAV:2 EDGEPORT:9996 TS:33.164 SPD:15.200 HDG:1.400 PX:755.800 PY:-50.000 LAN:5 BRK:1 RX_X:0.000 RX_Y:0.000 RX_Z:0.000
[ZONE-ROUTE] CID:14 zone=2 edge_port=9996
[EDGE-RTT] CID:14 wall=1.3 ms  sim_delay=5.0 ms
[CUSUM] CID:14 S=0.000/0.800 pEdge=0.001 pCusum=0.020
[POST-HANDOVER] CID:14 zone=2 pkt=6/10 credit_factor=0.150
>>> [UAV->CLOUD] BLK:503e|TX:7.0.0.18|CID:14|TS:33.164|SPD:15.2|HDG:1.4|PX:755.8|PY:-50.0...
[PASSIVE-BEACON] SIMNOW:33.186 CID:6 ZONE:2 RXUAV:2 EDGEPORT:9996 TS:33.172 SPD:14.500 HDG:1.700 PX:705.900 PY:-20.000 LAN:2 BRK:0 RX_X:0.000 RX_Y:0.000 RX_Z:0.000
[ZONE-ROUTE] CID:6 zone=2 edge_port=9996
[EDGE-RTT] CID:6 wall=1.2 ms  sim_delay=5.0 ms
[CUSUM] CID:6 S=0.000/0.800 pEdge=0.000 pCusum=0.020
[POST-HANDOVER] CID:6 zone=2 pkt=6/10 credit_factor=0.150
>>> [UAV->CLOUD] BLK:4e57|TX:7.0.0.10|CID:6|TS:33.172|SPD:14.5|HDG:1.7|PX:705.9|PY:-20.0|...
[ECON-GATE] CID:14 probation active - suppressing OK reward 0.999
✓ [CAR 14] ACT=OK REP=0.678 RWD=0.000 PNL=0.000 CREDIT=2
[ECON-GATE] CID:6 probation active - suppressing OK reward 1.000
[ECON-RESTORE] CID:6 probation cleared after 15 clean packets
✓ [CAR 6] ACT=OK REP=0.713 RWD=0.000 PNL=0.000 CREDIT=14
[PASSIVE-BEACON] SIMNOW:33.210 CID:19 ZONE:2 RXUAV:2 EDGEPORT:9996 TS:33.196 SPD:14.700 HDG:-1.600 PX:776.400 PY:-50.000 LAN:5 BRK:0 RX_X:0.000 RX_Y:0.000 RX_Z:0.000
[ZONE-ROUTE] CID:19 zone=2 edge_port=9996
[EDGE-RTT] CID:19 wall=1.4 ms  sim_delay=5.0 ms
[CUSUM] CID:19 S=0.000/0.800 pEdge=0.001 pCusum=0.020
[POST-HANDOVER] CID:19 zone=2 pkt=6/10 credit_factor=0.150
>>> [UAV->CLOUD] BLK:818c|TX:7.0.0.23|CID:19|TS:33.196|SPD:14.7|HDG:-1.6|PX:776.4|PY:-50....
[ECON-GATE] CID:19 probation active - suppressing OK reward 0.999
✓ [CAR 19] ACT=OK REP=0.533 RWD=0.000 PNL=0.000 CREDIT=2
[ATTACK-EMIT] CID:10 activeWindow=YES falsified=YES simT=33.244 realPX=716.860 fakePX=561.694 realSPD=15.000 fakeSPD=20.000 realTS=33.244 fakeTS=32.744 lane=99
[PASSIVE-BEACON] SIMNOW:33.246 CID:9 ZONE:2 RXUAV:2 EDGEPORT:9996 TS:33.232 SPD:15.000 HDG:-0.100 PX:736.900 PY:-50.000 LAN:99 BRK:0 RX_X:0.000 RX_Y:0.000 RX_Z:0.000
[PASSIVE-BEACON] SIMNOW:33.258 CID:13 ZONE:2 RXUAV:2 EDGEPORT:9996 TS:33.244 SPD:14.900 HDG:-0.300 PX:746.700 PY:-40.000 LAN:99 BRK:0 RX_X:0.000 RX_Y:0.000 RX_Z:0.000
[PASSIVE-BEACON] SIMNOW:33.258 CID:10 ZONE:1 RXUAV:1 EDGEPORT:9998 TS:32.744 SPD:20.000 HDG:0.000 PX:561.700 PY:-10.000 LAN:99 BRK:0 RX_X:0.000 RX_Y:0.000 RX_Z:0.000
[PASSIVE-BEACON] SIMNOW:33.271 CID:11 ZONE:2 RXUAV:2 EDGEPORT:9996 TS:33.254 SPD:15.100 HDG:1.100 PX:726.500 PY:-20.000 LAN:2 BRK:0 RX_X:0.000 RX_Y:0.000 RX_Z:0.000
[ZONE-ROUTE] CID:11 zone=2 edge_port=9996
[EDGE-RTT] CID:11 wall=1.4 ms  sim_delay=5.0 ms
[CUSUM] CID:11 S=0.000/0.800 pEdge=0.000 pCusum=0.020
[POST-HANDOVER] CID:11 zone=2 pkt=6/10 credit_factor=0.150
>>> [UAV->CLOUD] BLK:a63b|TX:7.0.0.15|CID:11|TS:33.254|SPD:15.1|HDG:1.1|PX:726.5|PY:-20.0...
[PASSIVE-BEACON] SIMNOW:33.278 CID:12 ZONE:2 RXUAV:2 EDGEPORT:9996 TS:33.264 SPD:14.500 HDG:0.800 PX:737.100 PY:-30.000 LAN:3 BRK:0 RX_X:0.000 RX_Y:0.000 RX_Z:0.000
[ZONE-ROUTE] CID:12 zone=2 edge_port=9996
[EDGE-RTT] CID:12 wall=1.2 ms  sim_delay=5.0 ms
[CUSUM] CID:12 S=0.000/0.800 pEdge=0.000 pCusum=0.020
[POST-HANDOVER] CID:12 zone=2 pkt=6/10 credit_factor=0.150
>>> [UAV->CLOUD] BLK:de6f|TX:7.0.0.16|CID:12|TS:33.264|SPD:14.5|HDG:0.8|PX:737.1|PY:-30.0...
[ECON-GATE] CID:11 probation active - suppressing OK reward 1.000
[ECON-RESTORE] CID:11 probation cleared after 15 clean packets
✓ [CAR 11] ACT=OK REP=0.798 RWD=0.000 PNL=0.000 CREDIT=14
[ECON-GATE] CID:12 probation active - suppressing OK reward 1.000
✓ [CAR 12] ACT=OK REP=0.503 RWD=0.000 PNL=0.000 CREDIT=11
[ATTACK-EMIT] CID:2 activeWindow=YES falsified=YES simT=33.300 realPX=697.700 fakePX=697.700 realSPD=15.000 fakeSPD=20.000 realTS=33.300 fakeTS=33.300 lane=3
[ATTACK-EMIT] CID:1 activeWindow=YES falsified=YES simT=33.340 realPX=688.300 fakePX=688.300 realSPD=15.000 fakeSPD=20.000 realTS=33.340 fakeTS=33.340 lane=2
[ATTACK-EMIT] CID:3 activeWindow=YES falsified=YES simT=33.350 realPX=708.450 fakePX=569.134 realSPD=15.000 fakeSPD=20.000 realTS=33.350 fakeTS=32.850 lane=99
[ATTACK-EMIT] CID:4 activeWindow=YES falsified=YES simT=33.350 realPX=718.450 fakePX=718.450 realSPD=15.000 fakeSPD=20.000 realTS=33.350 fakeTS=33.350 lane=99
[PASSIVE-BEACON] SIMNOW:33.364 CID:4 ZONE:2 RXUAV:2 EDGEPORT:9996 TS:33.350 SPD:20.000 HDG:0.000 PX:718.500 PY:-50.000 LAN:99 BRK:0 RX_X:0.000 RX_Y:0.000 RX_Z:0.000
[PASSIVE-BEACON] SIMNOW:33.364 CID:3 ZONE:1 RXUAV:1 EDGEPORT:9998 TS:32.850 SPD:20.000 HDG:0.000 PX:569.100 PY:-40.000 LAN:99 BRK:0 RX_X:0.000 RX_Y:0.000 RX_Z:0.000
[PASSIVE-BEACON] SIMNOW:33.416 CID:8 ZONE:2 RXUAV:2 EDGEPORT:9996 TS:33.402 SPD:15.200 HDG:-1.800 PX:729.500 PY:-40.000 LAN:99 BRK:0 RX_X:0.000 RX_Y:0.000 RX_Z:0.000
[ATTACK-EMIT] CID:0 activeWindow=YES falsified=YES simT=33.440 realPX=679.800 fakePX=679.800 realSPD=15.000 fakeSPD=20.000 realTS=33.440 fakeTS=33.440 lane=99
[PASSIVE-BEACON] SIMNOW:33.454 CID:0 ZONE:2 RXUAV:2 EDGEPORT:9996 TS:33.440 SPD:20.000 HDG:0.000 PX:679.800 PY:-10.000 LAN:99 BRK:0 RX_X:0.000 RX_Y:0.000 RX_Z:0.000
[ATTACK-EMIT] CID:5 activeWindow=YES falsified=YES simT=33.482 realPX=700.430 fakePX=700.430 realSPD=15.000 fakeSPD=20.000 realTS=33.482 fakeTS=33.482 lane=99
[PASSIVE-BEACON] SIMNOW:33.497 CID:5 ZONE:2 RXUAV:2 EDGEPORT:9996 TS:33.482 SPD:20.000 HDG:0.000 PX:700.400 PY:-10.000 LAN:99 BRK:1 RX_X:0.000 RX_Y:0.000 RX_Z:0.000
[PASSIVE-BEACON] SIMNOW:33.500 CID:17 ZONE:2 RXUAV:2 EDGEPORT:9996 TS:33.486 SPD:15.000 HDG:-0.600 PX:760.200 PY:-30.000 LAN:99 BRK:0 RX_X:0.000 RX_Y:0.000 RX_Z:0.000
[PASSIVE-BEACON] SIMNOW:33.530 CID:18 ZONE:2 RXUAV:2 EDGEPORT:9996 TS:33.516 SPD:15.100 HDG:0.300 PX:770.600 PY:-40.000 LAN:4 BRK:0 RX_X:0.000 RX_Y:0.000 RX_Z:0.000
[ZONE-ROUTE] CID:18 zone=2 edge_port=9996
[EDGE-RTT] CID:18 wall=1.8 ms  sim_delay=5.0 ms
[CUSUM] CID:18 S=0.000/0.800 pEdge=0.000 pCusum=0.020
[POST-HANDOVER] CID:18 zone=2 pkt=7/10 credit_factor=0.150
>>> [UAV->CLOUD] BLK:b95c|TX:7.0.0.22|CID:18|TS:33.516|SPD:15.1|HDG:0.3|PX:770.6|PY:-40.0...
[PASSIVE-BEACON] SIMNOW:33.539 CID:16 ZONE:2 RXUAV:2 EDGEPORT:9996 TS:33.526 SPD:14.900 HDG:1.300 PX:750.400 PY:-20.000 LAN:99 BRK:1 RX_X:0.000 RX_Y:0.000 RX_Z:0.000
[PASSIVE-BEACON] SIMNOW:33.542 CID:15 ZONE:2 RXUAV:2 EDGEPORT:9996 TS:33.526 SPD:15.400 HDG:0.600 PX:741.200 PY:-10.000 LAN:1 BRK:0 RX_X:0.000 RX_Y:0.000 RX_Z:0.000
[ZONE-ROUTE] CID:15 zone=2 edge_port=9996
[EDGE-RTT] CID:15 wall=1.1 ms  sim_delay=5.0 ms
[CUSUM] CID:15 S=0.000/0.800 pEdge=0.000 pCusum=0.020
[POST-HANDOVER] CID:15 zone=2 pkt=7/10 credit_factor=0.150
>>> [UAV->CLOUD] BLK:fc54|TX:7.0.0.19|CID:15|TS:33.526|SPD:15.4|HDG:0.6|PX:741.2|PY:-10.0...
[ECON-GATE] CID:18 probation active - suppressing OK reward 1.000
✓ [CAR 18] ACT=OK REP=0.492 RWD=0.000 PNL=0.000 CREDIT=7
✓ [CAR 15] ACT=OK REP=0.765 RWD=1.000 PNL=0.000 CREDIT=19
[PASSIVE-BEACON] SIMNOW:33.636 CID:7 ZONE:2 RXUAV:2 EDGEPORT:9996 TS:33.622 SPD:14.900 HDG:0.300 PX:723.000 PY:-30.000 LAN:99 BRK:0 RX_X:0.000 RX_Y:0.000 RX_Z:0.000
[PASSIVE-BEACON] SIMNOW:33.677 CID:14 ZONE:2 RXUAV:2 EDGEPORT:9996 TS:33.664 SPD:14.600 HDG:1.900 PX:762.600 PY:-50.000 LAN:5 BRK:0 RX_X:0.000 RX_Y:0.000 RX_Z:0.000
[ZONE-ROUTE] CID:14 zone=2 edge_port=9996
[EDGE-RTT] CID:14 wall=1.5 ms  sim_delay=5.0 ms
[CUSUM] CID:14 S=0.000/0.800 pEdge=0.000 pCusum=0.020
[POST-HANDOVER] CID:14 zone=2 pkt=7/10 credit_factor=0.150
>>> [UAV->CLOUD] BLK:9721|TX:7.0.0.18|CID:14|TS:33.664|SPD:14.6|HDG:1.9|PX:762.6|PY:-50.0...
[PASSIVE-BEACON] SIMNOW:33.686 CID:6 ZONE:2 RXUAV:2 EDGEPORT:9996 TS:33.672 SPD:14.800 HDG:0.900 PX:712.600 PY:-20.000 LAN:2 BRK:0 RX_X:0.000 RX_Y:0.000 RX_Z:0.000
[ZONE-ROUTE] CID:6 zone=2 edge_port=9996
[EDGE-RTT] CID:6 wall=1.4 ms  sim_delay=5.0 ms
[CUSUM] CID:6 S=0.000/0.800 pEdge=0.000 pCusum=0.020
[POST-HANDOVER] CID:6 zone=2 pkt=7/10 credit_factor=0.150
>>> [UAV->CLOUD] BLK:a764|TX:7.0.0.10|CID:6|TS:33.672|SPD:14.8|HDG:0.9|PX:712.6|PY:-20.0|...
[ECON-GATE] CID:14 probation active - suppressing OK reward 1.000
✓ [CAR 14] ACT=OK REP=0.745 RWD=0.000 PNL=0.000 CREDIT=3
✓ [CAR 6] ACT=OK REP=0.720 RWD=1.000 PNL=0.000 CREDIT=15
[PASSIVE-BEACON] SIMNOW:33.710 CID:19 ZONE:2 RXUAV:2 EDGEPORT:9996 TS:33.696 SPD:15.500 HDG:-1.800 PX:784.300 PY:-50.000 LAN:5 BRK:1 RX_X:0.000 RX_Y:0.000 RX_Z:0.000
[ZONE-ROUTE] CID:19 zone=2 edge_port=9996
[EDGE-RTT] CID:19 wall=1.2 ms  sim_delay=5.0 ms
[CUSUM] CID:19 S=0.000/0.800 pEdge=0.000 pCusum=0.020
[POST-HANDOVER] CID:19 zone=2 pkt=7/10 credit_factor=0.150
>>> [UAV->CLOUD] BLK:9c2a|TX:7.0.0.23|CID:19|TS:33.696|SPD:15.5|HDG:-1.8|PX:784.3|PY:-50....
[ECON-GATE] CID:19 probation active - suppressing OK reward 1.000
✓ [CAR 19] ACT=OK REP=0.498 RWD=0.000 PNL=0.000 CREDIT=3
[PASSIVE-BEACON] SIMNOW:33.746 CID:9 ZONE:2 RXUAV:2 EDGEPORT:9996 TS:33.732 SPD:15.100 HDG:0.400 PX:743.900 PY:-50.000 LAN:99 BRK:1 RX_X:0.000 RX_Y:0.000 RX_Z:0.000
[PASSIVE-BEACON] SIMNOW:33.758 CID:13 ZONE:2 RXUAV:2 EDGEPORT:9996 TS:33.744 SPD:14.600 HDG:-1.700 PX:754.800 PY:-40.000 LAN:99 BRK:0 RX_X:0.000 RX_Y:0.000 RX_Z:0.000
[PASSIVE-BEACON] SIMNOW:33.758 CID:10 ZONE:2 RXUAV:2 EDGEPORT:9996 TS:33.744 SPD:14.600 HDG:1.600 PX:725.100 PY:-10.000 LAN:99 BRK:0 RX_X:0.000 RX_Y:0.000 RX_Z:0.000
[PASSIVE-BEACON] SIMNOW:33.768 CID:11 ZONE:2 RXUAV:2 EDGEPORT:9996 TS:33.754 SPD:15.100 HDG:-1.100 PX:734.300 PY:-20.000 LAN:2 BRK:0 RX_X:0.000 RX_Y:0.000 RX_Z:0.000
[ZONE-ROUTE] CID:11 zone=2 edge_port=9996
[EDGE-RTT] CID:11 wall=1.6 ms  sim_delay=5.0 ms
[CUSUM] CID:11 S=0.000/0.800 pEdge=0.000 pCusum=0.020
[POST-HANDOVER] CID:11 zone=2 pkt=7/10 credit_factor=0.150
>>> [UAV->CLOUD] BLK:a576|TX:7.0.0.15|CID:11|TS:33.754|SPD:15.1|HDG:-1.1|PX:734.3|PY:-20....
[PASSIVE-BEACON] SIMNOW:33.778 CID:12 ZONE:2 RXUAV:2 EDGEPORT:9996 TS:33.764 SPD:15.300 HDG:-0.600 PX:744.300 PY:-30.000 LAN:3 BRK:0 RX_X:0.000 RX_Y:0.000 RX_Z:0.000
[ZONE-ROUTE] CID:12 zone=2 edge_port=9996
[EDGE-RTT] CID:12 wall=1.3 ms  sim_delay=5.0 ms
[CUSUM] CID:12 S=0.000/0.800 pEdge=0.000 pCusum=0.020
[POST-HANDOVER] CID:12 zone=2 pkt=7/10 credit_factor=0.150
>>> [UAV->CLOUD] BLK:abcc|TX:7.0.0.16|CID:12|TS:33.764|SPD:15.3|HDG:-0.6|PX:744.3|PY:-30....
✓ [CAR 11] ACT=OK REP=0.678 RWD=1.000 PNL=0.000 CREDIT=15
[ECON-GATE] CID:12 probation active - suppressing OK reward 1.000
✓ [CAR 12] ACT=OK REP=0.389 RWD=0.000 PNL=0.000 CREDIT=12
[ATTACK-EMIT] CID:2 activeWindow=YES falsified=YES simT=33.800 realPX=705.200 fakePX=705.200 realSPD=15.000 fakeSPD=20.000 realTS=33.800 fakeTS=33.800 lane=3
[ATTACK-EMIT] CID:1 activeWindow=YES falsified=YES simT=33.840 realPX=695.800 fakePX=564.124 realSPD=15.000 fakeSPD=22.000 realTS=33.840 fakeTS=33.340 lane=2
[ATTACK-EMIT] CID:3 activeWindow=YES falsified=YES simT=33.850 realPX=715.950 fakePX=715.950 realSPD=15.000 fakeSPD=20.000 realTS=33.850 fakeTS=33.850 lane=99
[PASSIVE-BEACON] SIMNOW:33.864 CID:4 ZONE:2 RXUAV:2 EDGEPORT:9996 TS:33.850 SPD:14.900 HDG:-1.400 PX:726.200 PY:-50.000 LAN:99 BRK:1 RX_X:0.000 RX_Y:0.000 RX_Z:0.000
[PASSIVE-BEACON] SIMNOW:33.864 CID:3 ZONE:2 RXUAV:2 EDGEPORT:9996 TS:33.850 SPD:20.000 HDG:0.000 PX:716.000 PY:-40.000 LAN:99 BRK:1 RX_X:0.000 RX_Y:0.000 RX_Z:0.000
[PASSIVE-BEACON] SIMNOW:33.916 CID:8 ZONE:2 RXUAV:2 EDGEPORT:9996 TS:33.902 SPD:14.600 HDG:-1.200 PX:736.300 PY:-40.000 LAN:99 BRK:0 RX_X:0.000 RX_Y:0.000 RX_Z:0.000
[ATTACK-EMIT] CID:0 activeWindow=YES falsified=YES simT=33.940 realPX=687.300 fakePX=687.300 realSPD=15.000 fakeSPD=20.000 realTS=33.940 fakeTS=33.940 lane=99
[PASSIVE-BEACON] SIMNOW:33.954 CID:0 ZONE:2 RXUAV:2 EDGEPORT:9996 TS:33.940 SPD:20.000 HDG:0.000 PX:687.300 PY:-10.000 LAN:99 BRK:0 RX_X:0.000 RX_Y:0.000 RX_Z:0.000
[ATTACK-EMIT] CID:5 activeWindow=YES falsified=YES simT=33.982 realPX=707.930 fakePX=707.930 realSPD=15.000 fakeSPD=20.000 realTS=33.982 fakeTS=33.982 lane=99
[PASSIVE-BEACON] SIMNOW:33.996 CID:5 ZONE:2 RXUAV:2 EDGEPORT:9996 TS:33.982 SPD:20.000 HDG:0.000 PX:707.900 PY:-10.000 LAN:99 BRK:0 RX_X:0.000 RX_Y:0.000 RX_Z:0.000
[PASSIVE-BEACON] SIMNOW:34.000 CID:17 ZONE:2 RXUAV:2 EDGEPORT:9996 TS:33.986 SPD:14.500 HDG:1.900 PX:768.200 PY:-30.000 LAN:99 BRK:0 RX_X:0.000 RX_Y:0.000 RX_Z:0.000
[PASSIVE-BEACON] SIMNOW:34.033 CID:18 ZONE:2 RXUAV:2 EDGEPORT:9996 TS:34.016 SPD:15.100 HDG:-1.900 PX:778.700 PY:-40.000 LAN:4 BRK:0 RX_X:0.000 RX_Y:0.000 RX_Z:0.000
[ZONE-ROUTE] CID:18 zone=2 edge_port=9996
[EDGE-RTT] CID:18 wall=1.3 ms  sim_delay=5.0 ms
[CUSUM] CID:18 S=0.000/0.800 pEdge=0.000 pCusum=0.020
[POST-HANDOVER] CID:18 zone=2 pkt=8/10 credit_factor=0.150
>>> [UAV->CLOUD] BLK:0900|TX:7.0.0.22|CID:18|TS:34.016|SPD:15.1|HDG:-1.9|PX:778.7|PY:-40....
[PASSIVE-BEACON] SIMNOW:34.040 CID:15 ZONE:2 RXUAV:2 EDGEPORT:9996 TS:34.026 SPD:15.100 HDG:-1.800 PX:748.900 PY:-10.000 LAN:1 BRK:1 RX_X:0.000 RX_Y:0.000 RX_Z:0.000
[ZONE-ROUTE] CID:15 zone=2 edge_port=9996
[EDGE-RTT] CID:15 wall=1.3 ms  sim_delay=5.0 ms
[CUSUM] CID:15 S=0.000/0.800 pEdge=0.000 pCusum=0.020
[POST-HANDOVER] CID:15 zone=2 pkt=8/10 credit_factor=0.150
>>> [UAV->CLOUD] BLK:af64|TX:7.0.0.19|CID:15|TS:34.026|SPD:15.1|HDG:-1.8|PX:748.9|PY:-10....
[PASSIVE-BEACON] SIMNOW:34.040 CID:16 ZONE:2 RXUAV:2 EDGEPORT:9996 TS:34.026 SPD:14.500 HDG:-0.900 PX:759.000 PY:-20.000 LAN:99 BRK:0 RX_X:0.000 RX_Y:0.000 RX_Z:0.000
[ECON-GATE] CID:18 probation active - suppressing OK reward 1.000
✓ [CAR 18] ACT=OK REP=0.745 RWD=0.000 PNL=0.000 CREDIT=8
✓ [CAR 15] ACT=OK REP=0.757 RWD=1.000 PNL=0.000 CREDIT=20
[PASSIVE-BEACON] SIMNOW:34.136 CID:7 ZONE:2 RXUAV:2 EDGEPORT:9996 TS:34.122 SPD:14.500 HDG:-1.300 PX:730.600 PY:-30.000 LAN:99 BRK:0 RX_X:0.000 RX_Y:0.000 RX_Z:0.000
[PASSIVE-BEACON] SIMNOW:34.179 CID:14 ZONE:2 RXUAV:2 EDGEPORT:9996 TS:34.164 SPD:15.100 HDG:-1.500 PX:771.000 PY:-50.000 LAN:5 BRK:1 RX_X:0.000 RX_Y:0.000 RX_Z:0.000
[ZONE-ROUTE] CID:14 zone=2 edge_port=9996
[EDGE-RTT] CID:14 wall=1.5 ms  sim_delay=5.0 ms
[CUSUM] CID:14 S=0.000/0.800 pEdge=0.000 pCusum=0.020
[POST-HANDOVER] CID:14 zone=2 pkt=8/10 credit_factor=0.150
>>> [UAV->CLOUD] BLK:bbff|TX:7.0.0.18|CID:14|TS:34.164|SPD:15.1|HDG:-1.5|PX:771.0|PY:-50....
[PASSIVE-BEACON] SIMNOW:34.189 CID:6 ZONE:2 RXUAV:2 EDGEPORT:9996 TS:34.172 SPD:15.300 HDG:-2.000 PX:720.900 PY:-20.000 LAN:2 BRK:0 RX_X:0.000 RX_Y:0.000 RX_Z:0.000
[ZONE-ROUTE] CID:6 zone=2 edge_port=9996
[EDGE-RTT] CID:6 wall=4.3 ms  sim_delay=5.0 ms
[CUSUM] CID:6 S=0.000/0.800 pEdge=0.000 pCusum=0.020
[POST-HANDOVER] CID:6 zone=2 pkt=8/10 credit_factor=0.150
>>> [UAV->CLOUD] BLK:5133|TX:7.0.0.10|CID:6|TS:34.172|SPD:15.3|HDG:-2.0|PX:720.9|PY:-20.0...
[ECON-GATE] CID:14 probation active - suppressing OK reward 1.000
✓ [CAR 14] ACT=OK REP=0.759 RWD=0.000 PNL=0.000 CREDIT=4
✓ [CAR 6] ACT=OK REP=0.765 RWD=1.000 PNL=0.000 CREDIT=16
[PASSIVE-BEACON] SIMNOW:34.210 CID:19 ZONE:2 RXUAV:2 EDGEPORT:9996 TS:34.196 SPD:14.800 HDG:1.500 PX:790.900 PY:-50.000 LAN:5 BRK:1 RX_X:0.000 RX_Y:0.000 RX_Z:0.000
[ZONE-ROUTE] CID:19 zone=2 edge_port=9996
[EDGE-RTT] CID:19 wall=1.4 ms  sim_delay=5.0 ms
[CUSUM] CID:19 S=0.000/0.800 pEdge=0.000 pCusum=0.020
[POST-HANDOVER] CID:19 zone=2 pkt=8/10 credit_factor=0.150
>>> [UAV->CLOUD] BLK:ad46|TX:7.0.0.23|CID:19|TS:34.196|SPD:14.8|HDG:1.5|PX:790.9|PY:-50.0...
[ECON-GATE] CID:19 probation active - suppressing OK reward 1.000
✓ [CAR 19] ACT=OK REP=0.670 RWD=0.000 PNL=0.000 CREDIT=4
[PASSIVE-BEACON] SIMNOW:34.246 CID:9 ZONE:2 RXUAV:2 EDGEPORT:9996 TS:34.232 SPD:14.900 HDG:-1.500 PX:751.600 PY:-50.000 LAN:99 BRK:0 RX_X:0.000 RX_Y:0.000 RX_Z:0.000
[PASSIVE-BEACON] SIMNOW:34.256 CID:10 ZONE:2 RXUAV:2 EDGEPORT:9996 TS:34.244 SPD:15.400 HDG:0.500 PX:732.600 PY:-10.000 LAN:99 BRK:0 RX_X:0.000 RX_Y:0.000 RX_Z:0.000
[PASSIVE-BEACON] SIMNOW:34.257 CID:13 ZONE:2 RXUAV:2 EDGEPORT:9996 TS:34.244 SPD:14.700 HDG:-1.800 PX:761.500 PY:-40.000 LAN:99 BRK:1 RX_X:0.000 RX_Y:0.000 RX_Z:0.000
[PASSIVE-BEACON] SIMNOW:34.268 CID:11 ZONE:2 RXUAV:2 EDGEPORT:9996 TS:34.254 SPD:15.400 HDG:1.500 PX:741.400 PY:-20.000 LAN:2 BRK:1 RX_X:0.000 RX_Y:0.000 RX_Z:0.000
[ZONE-ROUTE] CID:11 zone=2 edge_port=9996
[EDGE-RTT] CID:11 wall=1.5 ms  sim_delay=5.0 ms
[CUSUM] CID:11 S=0.000/0.800 pEdge=0.000 pCusum=0.020
[POST-HANDOVER] CID:11 zone=2 pkt=8/10 credit_factor=0.150
>>> [UAV->CLOUD] BLK:615b|TX:7.0.0.15|CID:11|TS:34.254|SPD:15.4|HDG:1.5|PX:741.4|PY:-20.0...
[PASSIVE-BEACON] SIMNOW:34.278 CID:12 ZONE:2 RXUAV:2 EDGEPORT:9996 TS:34.264 SPD:14.800 HDG:0.800 PX:751.500 PY:-30.000 LAN:3 BRK:0 RX_X:0.000 RX_Y:0.000 RX_Z:0.000
[ZONE-ROUTE] CID:12 zone=2 edge_port=9996
[EDGE-RTT] CID:12 wall=1.4 ms  sim_delay=5.0 ms
[CUSUM] CID:12 S=0.000/0.800 pEdge=0.000 pCusum=0.020
[POST-HANDOVER] CID:12 zone=2 pkt=8/10 credit_factor=0.150
>>> [UAV->CLOUD] BLK:3808|TX:7.0.0.16|CID:12|TS:34.264|SPD:14.8|HDG:0.8|PX:751.5|PY:-30.0...
✓ [CAR 11] ACT=OK REP=0.738 RWD=1.000 PNL=0.000 CREDIT=16
[ECON-GATE] CID:12 probation active - suppressing OK reward 1.000
✓ [CAR 12] ACT=OK REP=0.910 RWD=0.000 PNL=0.000 CREDIT=13
[ATTACK-EMIT] CID:2 activeWindow=YES falsified=YES simT=34.300 realPX=712.700 fakePX=565.324 realSPD=15.000 fakeSPD=22.000 realTS=34.300 fakeTS=33.800 lane=3
[ATTACK-EMIT] CID:1 activeWindow=YES falsified=YES simT=34.340 realPX=703.300 fakePX=703.300 realSPD=15.000 fakeSPD=20.000 realTS=34.340 fakeTS=34.340 lane=2
[PASSIVE-BEACON] SIMNOW:34.364 CID:4 ZONE:2 RXUAV:2 EDGEPORT:9996 TS:34.350 SPD:14.800 HDG:0.000 PX:733.100 PY:-50.000 LAN:99 BRK:0 RX_X:0.000 RX_Y:0.000 RX_Z:0.000
[PASSIVE-BEACON] SIMNOW:34.364 CID:3 ZONE:2 RXUAV:2 EDGEPORT:9996 TS:34.350 SPD:14.600 HDG:1.500 PX:723.300 PY:-40.000 LAN:99 BRK:0 RX_X:0.000 RX_Y:0.000 RX_Z:0.000
[PASSIVE-BEACON] SIMNOW:34.416 CID:8 ZONE:2 RXUAV:2 EDGEPORT:9996 TS:34.402 SPD:15.300 HDG:-0.200 PX:744.100 PY:-40.000 LAN:99 BRK:0 RX_X:0.000 RX_Y:0.000 RX_Z:0.000
[ATTACK-EMIT] CID:0 activeWindow=YES falsified=YES simT=34.440 realPX=694.800 fakePX=567.438 realSPD=15.000 fakeSPD=20.000 realTS=34.440 fakeTS=33.940 lane=99
[PASSIVE-BEACON] SIMNOW:34.454 CID:0 ZONE:1 RXUAV:1 EDGEPORT:9998 TS:33.940 SPD:20.000 HDG:0.000 PX:567.400 PY:-10.000 LAN:99 BRK:0 RX_X:0.000 RX_Y:0.000 RX_Z:0.000
[ATTACK-EMIT] CID:5 activeWindow=YES falsified=YES simT=34.482 realPX=715.430 fakePX=565.622 realSPD=15.000 fakeSPD=20.000 realTS=34.482 fakeTS=33.982 lane=99
[PASSIVE-BEACON] SIMNOW:34.496 CID:5 ZONE:1 RXUAV:1 EDGEPORT:9998 TS:33.982 SPD:20.000 HDG:0.000 PX:565.600 PY:-10.000 LAN:99 BRK:1 RX_X:0.000 RX_Y:0.000 RX_Z:0.000
[PASSIVE-BEACON] SIMNOW:34.503 CID:17 ZONE:2 RXUAV:2 EDGEPORT:9996 TS:34.486 SPD:14.800 HDG:1.100 PX:775.600 PY:-30.000 LAN:99 BRK:1 RX_X:0.000 RX_Y:0.000 RX_Z:0.000
[PASSIVE-BEACON] SIMNOW:34.528 CID:18 ZONE:2 RXUAV:2 EDGEPORT:9996 TS:34.516 SPD:14.900 HDG:1.600 PX:786.200 PY:-40.000 LAN:4 BRK:0 RX_X:0.000 RX_Y:0.000 RX_Z:0.000
[ZONE-ROUTE] CID:18 zone=2 edge_port=9996
[EDGE-RTT] CID:18 wall=1.7 ms  sim_delay=5.0 ms
[CUSUM] CID:18 S=0.000/0.800 pEdge=0.000 pCusum=0.020
[POST-HANDOVER] CID:18 zone=2 pkt=9/10 credit_factor=0.150
>>> [UAV->CLOUD] BLK:42da|TX:7.0.0.22|CID:18|TS:34.516|SPD:14.9|HDG:1.6|PX:786.2|PY:-40.0...
[PASSIVE-BEACON] SIMNOW:34.540 CID:15 ZONE:2 RXUAV:2 EDGEPORT:9996 TS:34.526 SPD:14.700 HDG:-1.100 PX:756.100 PY:-10.000 LAN:1 BRK:0 RX_X:0.000 RX_Y:0.000 RX_Z:0.000
[ZONE-ROUTE] CID:15 zone=2 edge_port=9996
[EDGE-RTT] CID:15 wall=1.3 ms  sim_delay=5.0 ms
[CUSUM] CID:15 S=0.000/0.800 pEdge=0.000 pCusum=0.020
[POST-HANDOVER] CID:15 zone=2 pkt=9/10 credit_factor=0.150
>>> [UAV->CLOUD] BLK:0ccb|TX:7.0.0.19|CID:15|TS:34.526|SPD:14.7|HDG:-1.1|PX:756.1|PY:-10....
[PASSIVE-BEACON] SIMNOW:34.540 CID:16 ZONE:2 RXUAV:2 EDGEPORT:9996 TS:34.526 SPD:14.800 HDG:0.800 PX:766.300 PY:-20.000 LAN:99 BRK:0 RX_X:0.000 RX_Y:0.000 RX_Z:0.000
[ECON-GATE] CID:18 probation active - suppressing OK reward 1.000
✓ [CAR 18] ACT=OK REP=1.000 RWD=0.000 PNL=0.000 CREDIT=9
✓ [CAR 15] ACT=OK REP=0.844 RWD=1.000 PNL=0.000 CREDIT=21
[PASSIVE-BEACON] SIMNOW:34.636 CID:7 ZONE:2 RXUAV:2 EDGEPORT:9996 TS:34.622 SPD:15.500 HDG:-1.400 PX:738.200 PY:-30.000 LAN:99 BRK:0 RX_X:0.000 RX_Y:0.000 RX_Z:0.000
[PASSIVE-BEACON] SIMNOW:34.678 CID:14 ZONE:2 RXUAV:2 EDGEPORT:9996 TS:34.664 SPD:14.800 HDG:-1.200 PX:777.600 PY:-50.000 LAN:5 BRK:0 RX_X:0.000 RX_Y:0.000 RX_Z:0.000
[ZONE-ROUTE] CID:14 zone=2 edge_port=9996
[EDGE-RTT] CID:14 wall=1.4 ms  sim_delay=5.0 ms
[CUSUM] CID:14 S=0.000/0.800 pEdge=0.000 pCusum=0.020
[POST-HANDOVER] CID:14 zone=2 pkt=9/10 credit_factor=0.150
>>> [UAV->CLOUD] BLK:43b5|TX:7.0.0.18|CID:14|TS:34.664|SPD:14.8|HDG:-1.2|PX:777.6|PY:-50....
[PASSIVE-BEACON] SIMNOW:34.686 CID:6 ZONE:2 RXUAV:2 EDGEPORT:9996 TS:34.672 SPD:15.300 HDG:-1.500 PX:728.800 PY:-20.000 LAN:2 BRK:0 RX_X:0.000 RX_Y:0.000 RX_Z:0.000
[ZONE-ROUTE] CID:6 zone=2 edge_port=9996
[EDGE-RTT] CID:6 wall=1.4 ms  sim_delay=5.0 ms
[CUSUM] CID:6 S=0.000/0.800 pEdge=0.000 pCusum=0.020
[POST-HANDOVER] CID:6 zone=2 pkt=9/10 credit_factor=0.150
>>> [UAV->CLOUD] BLK:5a07|TX:7.0.0.10|CID:6|TS:34.672|SPD:15.3|HDG:-1.5|PX:728.8|PY:-20.0...
[ECON-GATE] CID:14 probation active - suppressing OK reward 1.000
✓ [CAR 14] ACT=OK REP=0.695 RWD=0.000 PNL=0.000 CREDIT=5
✓ [CAR 6] ACT=OK REP=0.676 RWD=1.000 PNL=0.000 CREDIT=17
[PASSIVE-BEACON] SIMNOW:34.710 CID:19 ZONE:2 RXUAV:2 EDGEPORT:9996 TS:34.696 SPD:14.900 HDG:-1.800 PX:799.000 PY:-50.000 LAN:5 BRK:1 RX_X:0.000 RX_Y:0.000 RX_Z:0.000
[ZONE-ROUTE] CID:19 zone=2 edge_port=9996
[EDGE-RTT] CID:19 wall=1.3 ms  sim_delay=5.0 ms
[CUSUM] CID:19 S=0.000/0.800 pEdge=0.000 pCusum=0.020
[POST-HANDOVER] CID:19 zone=2 pkt=9/10 credit_factor=0.150
>>> [UAV->CLOUD] BLK:2e9b|TX:7.0.0.23|CID:19|TS:34.696|SPD:14.9|HDG:-1.8|PX:799.0|PY:-50....
[ECON-GATE] CID:19 probation active - suppressing OK reward 1.000
✓ [CAR 19] ACT=OK REP=0.442 RWD=0.000 PNL=0.000 CREDIT=5
[PASSIVE-BEACON] SIMNOW:34.749 CID:9 ZONE:2 RXUAV:2 EDGEPORT:9996 TS:34.732 SPD:14.700 HDG:1.800 PX:759.700 PY:-50.000 LAN:99 BRK:1 RX_X:0.000 RX_Y:0.000 RX_Z:0.000
[PASSIVE-BEACON] SIMNOW:34.758 CID:13 ZONE:2 RXUAV:2 EDGEPORT:9996 TS:34.744 SPD:15.100 HDG:0.900 PX:769.200 PY:-40.000 LAN:99 BRK:0 RX_X:0.000 RX_Y:0.000 RX_Z:0.000
[PASSIVE-BEACON] SIMNOW:34.758 CID:10 ZONE:2 RXUAV:2 EDGEPORT:9996 TS:34.744 SPD:15.100 HDG:-1.800 PX:739.300 PY:-10.000 LAN:99 BRK:0 RX_X:0.000 RX_Y:0.000 RX_Z:0.000
[PASSIVE-BEACON] SIMNOW:34.768 CID:11 ZONE:2 RXUAV:2 EDGEPORT:9996 TS:34.754 SPD:15.400 HDG:-0.600 PX:748.900 PY:-20.000 LAN:2 BRK:0 RX_X:0.000 RX_Y:0.000 RX_Z:0.000
[ZONE-ROUTE] CID:11 zone=2 edge_port=9996
[EDGE-RTT] CID:11 wall=1.7 ms  sim_delay=5.0 ms
[CUSUM] CID:11 S=0.000/0.800 pEdge=0.000 pCusum=0.020
[POST-HANDOVER] CID:11 zone=2 pkt=9/10 credit_factor=0.150
>>> [UAV->CLOUD] BLK:3a79|TX:7.0.0.15|CID:11|TS:34.754|SPD:15.4|HDG:-0.6|PX:748.9|PY:-20....
[PASSIVE-BEACON] SIMNOW:34.778 CID:12 ZONE:2 RXUAV:2 EDGEPORT:9996 TS:34.764 SPD:15.000 HDG:-1.200 PX:759.300 PY:-30.000 LAN:3 BRK:0 RX_X:0.000 RX_Y:0.000 RX_Z:0.000
[ZONE-ROUTE] CID:12 zone=2 edge_port=9996
[EDGE-RTT] CID:12 wall=1.3 ms  sim_delay=5.0 ms
[CUSUM] CID:12 S=0.000/0.800 pEdge=0.000 pCusum=0.020
[POST-HANDOVER] CID:12 zone=2 pkt=9/10 credit_factor=0.150
>>> [UAV->CLOUD] BLK:a8a5|TX:7.0.0.16|CID:12|TS:34.764|SPD:15.0|HDG:-1.2|PX:759.3|PY:-30....
✓ [CAR 11] ACT=OK REP=0.653 RWD=1.000 PNL=0.000 CREDIT=17
[ECON-GATE] CID:12 probation active - suppressing OK reward 1.000
[ECON-RESTORE] CID:12 probation cleared after 15 clean packets
✓ [CAR 12] ACT=OK REP=0.944 RWD=0.000 PNL=0.000 CREDIT=14
[ATTACK-EMIT] CID:1 activeWindow=YES falsified=YES simT=34.840 realPX=710.800 fakePX=710.800 realSPD=15.000 fakeSPD=20.000 realTS=34.840 fakeTS=34.840 lane=2
[PASSIVE-BEACON] SIMNOW:34.864 CID:4 ZONE:2 RXUAV:2 EDGEPORT:9996 TS:34.850 SPD:14.900 HDG:1.000 PX:740.600 PY:-50.000 LAN:99 BRK:0 RX_X:0.000 RX_Y:0.000 RX_Z:0.000
[PASSIVE-BEACON] SIMNOW:34.864 CID:3 ZONE:2 RXUAV:2 EDGEPORT:9996 TS:34.850 SPD:15.100 HDG:-0.400 PX:730.900 PY:-40.000 LAN:99 BRK:0 RX_X:0.000 RX_Y:0.000 RX_Z:0.000
[PASSIVE-BEACON] SIMNOW:34.916 CID:8 ZONE:2 RXUAV:2 EDGEPORT:9996 TS:34.902 SPD:14.600 HDG:-1.800 PX:751.800 PY:-40.000 LAN:99 BRK:0 RX_X:0.000 RX_Y:0.000 RX_Z:0.000
[ATTACK-EMIT] CID:0 activeWindow=YES falsified=YES simT=34.940 realPX=702.300 fakePX=702.300 realSPD=15.000 fakeSPD=20.000 realTS=34.940 fakeTS=34.940 lane=99
[PASSIVE-BEACON] SIMNOW:34.954 CID:0 ZONE:2 RXUAV:2 EDGEPORT:9996 TS:34.940 SPD:20.000 HDG:0.000 PX:702.300 PY:-10.000 LAN:99 BRK:0 RX_X:0.000 RX_Y:0.000 RX_Z:0.000
[PASSIVE-BEACON] SIMNOW:34.998 CID:5 ZONE:2 RXUAV:2 EDGEPORT:9996 TS:34.982 SPD:14.900 HDG:-1.800 PX:723.600 PY:-10.000 LAN:99 BRK:0 RX_X:0.000 RX_Y:0.000 RX_Z:0.000
[PASSIVE-BEACON] SIMNOW:35.000 CID:17 ZONE:2 RXUAV:2 EDGEPORT:9996 TS:34.986 SPD:15.400 HDG:1.600 PX:783.500 PY:-30.000 LAN:99 BRK:0 RX_X:0.000 RX_Y:0.000 RX_Z:0.000
[PASSIVE-BEACON] SIMNOW:35.030 CID:18 ZONE:2 RXUAV:2 EDGEPORT:9996 TS:35.016 SPD:15.200 HDG:-0.200 PX:794.000 PY:-40.000 LAN:4 BRK:0 RX_X:0.000 RX_Y:0.000 RX_Z:0.000
[ZONE-ROUTE] CID:18 zone=2 edge_port=9996
[EDGE-RTT] CID:18 wall=1.6 ms  sim_delay=5.0 ms
[CUSUM] CID:18 S=0.000/0.800 pEdge=0.000 pCusum=0.020
[POST-HANDOVER] CID:18 zone=2 pkt=10/10 credit_factor=0.150
[POST-HANDOVER-END] CID:18 zone=2 probation complete
>>> [UAV->CLOUD] BLK:9c6d|TX:7.0.0.22|CID:18|TS:35.016|SPD:15.2|HDG:-0.2|PX:794.0|PY:-40....
[PASSIVE-BEACON] SIMNOW:35.041 CID:15 ZONE:2 RXUAV:2 EDGEPORT:9996 TS:35.026 SPD:15.500 HDG:-1.700 PX:764.000 PY:-10.000 LAN:1 BRK:0 RX_X:0.000 RX_Y:0.000 RX_Z:0.000
[ZONE-ROUTE] CID:15 zone=2 edge_port=9996
[EDGE-RTT] CID:15 wall=1.6 ms  sim_delay=5.0 ms
[CUSUM] CID:15 S=0.000/0.800 pEdge=0.000 pCusum=0.020
[POST-HANDOVER] CID:15 zone=2 pkt=10/10 credit_factor=0.150
[POST-HANDOVER-END] CID:15 zone=2 probation complete
>>> [UAV->CLOUD] BLK:b58c|TX:7.0.0.19|CID:15|TS:35.026|SPD:15.5|HDG:-1.7|PX:764.0|PY:-10....
[PASSIVE-BEACON] SIMNOW:35.041 CID:16 ZONE:2 RXUAV:2 EDGEPORT:9996 TS:35.026 SPD:15.200 HDG:-0.600 PX:773.800 PY:-20.000 LAN:99 BRK:0 RX_X:0.000 RX_Y:0.000 RX_Z:0.000
[ECON-GATE] CID:18 probation active - suppressing OK reward 1.000
✓ [CAR 18] ACT=OK REP=0.907 RWD=0.000 PNL=0.000 CREDIT=10
✓ [CAR 15] ACT=OK REP=0.794 RWD=1.000 PNL=0.000 CREDIT=22
[PASSIVE-BEACON] SIMNOW:35.136 CID:7 ZONE:2 RXUAV:2 EDGEPORT:9996 TS:35.122 SPD:15.300 HDG:-1.000 PX:744.300 PY:-30.000 LAN:99 BRK:1 RX_X:0.000 RX_Y:0.000 RX_Z:0.000
[PASSIVE-BEACON] SIMNOW:35.180 CID:14 ZONE:2 RXUAV:2 EDGEPORT:9996 TS:35.164 SPD:15.200 HDG:-1.200 PX:785.800 PY:-50.000 LAN:5 BRK:0 RX_X:0.000 RX_Y:0.000 RX_Z:0.000
[ZONE-ROUTE] CID:14 zone=2 edge_port=9996
[EDGE-RTT] CID:14 wall=1.8 ms  sim_delay=5.0 ms
[CUSUM] CID:14 S=0.000/0.800 pEdge=0.000 pCusum=0.020
[POST-HANDOVER] CID:14 zone=2 pkt=10/10 credit_factor=0.150
[POST-HANDOVER-END] CID:14 zone=2 probation complete
>>> [UAV->CLOUD] BLK:7e8a|TX:7.0.0.18|CID:14|TS:35.164|SPD:15.2|HDG:-1.2|PX:785.8|PY:-50....
[PASSIVE-BEACON] SIMNOW:35.186 CID:6 ZONE:2 RXUAV:2 EDGEPORT:9996 TS:35.172 SPD:14.800 HDG:1.500 PX:736.000 PY:-20.000 LAN:2 BRK:0 RX_X:0.000 RX_Y:0.000 RX_Z:0.000
[ZONE-ROUTE] CID:6 zone=2 edge_port=9996
[EDGE-RTT] CID:6 wall=1.5 ms  sim_delay=5.0 ms
[CUSUM] CID:6 S=0.000/0.800 pEdge=0.000 pCusum=0.020
[POST-HANDOVER] CID:6 zone=2 pkt=10/10 credit_factor=0.150
[POST-HANDOVER-END] CID:6 zone=2 probation complete
>>> [UAV->CLOUD] BLK:62c3|TX:7.0.0.10|CID:6|TS:35.172|SPD:14.8|HDG:1.5|PX:736.0|PY:-20.0|...
[ECON-GATE] CID:14 probation active - suppressing OK reward 1.000
✓ [CAR 14] ACT=OK REP=0.238 RWD=0.000 PNL=0.000 CREDIT=6
✓ [CAR 6] ACT=OK REP=0.796 RWD=1.000 PNL=0.000 CREDIT=18
[PASSIVE-BEACON] SIMNOW:35.210 CID:19 ZONE:2 RXUAV:2 EDGEPORT:9996 TS:35.196 SPD:14.800 HDG:-2.000 PX:806.000 PY:-50.000 LAN:5 BRK:0 RX_X:0.000 RX_Y:0.000 RX_Z:0.000
[ZONE-ROUTE] CID:19 zone=2 edge_port=9996
[EDGE-RTT] CID:19 wall=1.4 ms  sim_delay=5.0 ms
[CUSUM] CID:19 S=0.000/0.800 pEdge=0.000 pCusum=0.020
[POST-HANDOVER] CID:19 zone=2 pkt=10/10 credit_factor=0.150
[POST-HANDOVER-END] CID:19 zone=2 probation complete
>>> [UAV->CLOUD] BLK:8d65|TX:7.0.0.23|CID:19|TS:35.196|SPD:14.8|HDG:-2.0|PX:806.0|PY:-50....
[ECON-GATE] CID:19 probation active - suppressing OK reward 1.000
✓ [CAR 19] ACT=OK REP=0.626 RWD=0.000 PNL=0.000 CREDIT=6
[PASSIVE-BEACON] SIMNOW:35.247 CID:9 ZONE:2 RXUAV:2 EDGEPORT:9996 TS:35.232 SPD:15.300 HDG:1.400 PX:766.100 PY:-50.000 LAN:99 BRK:0 RX_X:0.000 RX_Y:0.000 RX_Z:0.000
[PASSIVE-BEACON] SIMNOW:35.258 CID:13 ZONE:2 RXUAV:2 EDGEPORT:9996 TS:35.244 SPD:15.100 HDG:0.200 PX:776.400 PY:-40.000 LAN:99 BRK:0 RX_X:0.000 RX_Y:0.000 RX_Z:0.000
[PASSIVE-BEACON] SIMNOW:35.258 CID:10 ZONE:2 RXUAV:2 EDGEPORT:9996 TS:35.244 SPD:15.400 HDG:1.600 PX:747.600 PY:-10.000 LAN:99 BRK:0 RX_X:0.000 RX_Y:0.000 RX_Z:0.000
[PASSIVE-BEACON] SIMNOW:35.267 CID:11 ZONE:2 RXUAV:2 EDGEPORT:9996 TS:35.254 SPD:15.400 HDG:1.300 PX:756.900 PY:-20.000 LAN:2 BRK:0 RX_X:0.000 RX_Y:0.000 RX_Z:0.000
[ZONE-ROUTE] CID:11 zone=2 edge_port=9996
[EDGE-RTT] CID:11 wall=1.6 ms  sim_delay=5.0 ms
[CUSUM] CID:11 S=0.000/0.800 pEdge=0.000 pCusum=0.020
[POST-HANDOVER] CID:11 zone=2 pkt=10/10 credit_factor=0.150
[POST-HANDOVER-END] CID:11 zone=2 probation complete
>>> [UAV->CLOUD] BLK:0de5|TX:7.0.0.15|CID:11|TS:35.254|SPD:15.4|HDG:1.3|PX:756.9|PY:-20.0...
[PASSIVE-BEACON] SIMNOW:35.278 CID:12 ZONE:2 RXUAV:2 EDGEPORT:9996 TS:35.264 SPD:15.100 HDG:-0.200 PX:766.900 PY:-30.000 LAN:3 BRK:0 RX_X:0.000 RX_Y:0.000 RX_Z:0.000
[ZONE-ROUTE] CID:12 zone=2 edge_port=9996
[EDGE-RTT] CID:12 wall=1.5 ms  sim_delay=5.0 ms
[CUSUM] CID:12 S=0.000/0.800 pEdge=0.000 pCusum=0.020
[POST-HANDOVER] CID:12 zone=2 pkt=10/10 credit_factor=0.150
[POST-HANDOVER-END] CID:12 zone=2 probation complete
>>> [UAV->CLOUD] BLK:40af|TX:7.0.0.16|CID:12|TS:35.264|SPD:15.1|HDG:-0.2|PX:766.9|PY:-30....
✓ [CAR 11] ACT=OK REP=0.940 RWD=1.000 PNL=0.000 CREDIT=18
✓ [CAR 12] ACT=OK REP=0.722 RWD=1.000 PNL=0.000 CREDIT=15
[ATTACK-EMIT] CID:1 activeWindow=YES falsified=YES simT=35.340 realPX=718.300 fakePX=563.920 realSPD=15.000 fakeSPD=22.000 realTS=35.340 fakeTS=34.840 lane=2
[PASSIVE-BEACON] SIMNOW:35.364 CID:4 ZONE:2 RXUAV:2 EDGEPORT:9996 TS:35.350 SPD:14.700 HDG:-1.400 PX:749.100 PY:-50.000 LAN:99 BRK:0 RX_X:0.000 RX_Y:0.000 RX_Z:0.000
[PASSIVE-BEACON] SIMNOW:35.364 CID:3 ZONE:2 RXUAV:2 EDGEPORT:9996 TS:35.350 SPD:15.400 HDG:-1.600 PX:737.900 PY:-40.000 LAN:99 BRK:0 RX_X:0.000 RX_Y:0.000 RX_Z:0.000
[PASSIVE-BEACON] SIMNOW:35.416 CID:8 ZONE:2 RXUAV:2 EDGEPORT:9996 TS:35.402 SPD:14.800 HDG:1.900 PX:758.700 PY:-40.000 LAN:99 BRK:1 RX_X:0.000 RX_Y:0.000 RX_Z:0.000
[ATTACK-EMIT] CID:0 activeWindow=YES falsified=YES simT=35.440 realPX=709.800 fakePX=709.800 realSPD=15.000 fakeSPD=20.000 realTS=35.440 fakeTS=35.440 lane=99
[PASSIVE-BEACON] SIMNOW:35.454 CID:0 ZONE:2 RXUAV:2 EDGEPORT:9996 TS:35.440 SPD:20.000 HDG:0.000 PX:709.800 PY:-10.000 LAN:99 BRK:0 RX_X:0.000 RX_Y:0.000 RX_Z:0.000
[PASSIVE-BEACON] SIMNOW:35.496 CID:5 ZONE:2 RXUAV:2 EDGEPORT:9996 TS:35.482 SPD:15.200 HDG:0.100 PX:730.200 PY:-10.000 LAN:99 BRK:1 RX_X:0.000 RX_Y:0.000 RX_Z:0.000
[PASSIVE-BEACON] SIMNOW:35.500 CID:17 ZONE:2 RXUAV:2 EDGEPORT:9996 TS:35.486 SPD:15.000 HDG:-1.000 PX:789.800 PY:-30.000 LAN:99 BRK:1 RX_X:0.000 RX_Y:0.000 RX_Z:0.000
[PASSIVE-BEACON] SIMNOW:35.530 CID:18 ZONE:2 RXUAV:2 EDGEPORT:9996 TS:35.516 SPD:14.900 HDG:1.900 PX:801.200 PY:-40.000 LAN:4 BRK:0 RX_X:0.000 RX_Y:0.000 RX_Z:0.000
[ZONE-ROUTE] CID:18 zone=2 edge_port=9996
[EDGE-RTT] CID:18 wall=1.9 ms  sim_delay=5.0 ms
[CUSUM] CID:18 S=0.000/0.800 pEdge=0.000 pCusum=0.020
>>> [UAV->CLOUD] BLK:3949|TX:7.0.0.22|CID:18|TS:35.516|SPD:14.9|HDG:1.9|PX:801.2|PY:-40.0...
[PASSIVE-BEACON] SIMNOW:35.540 CID:15 ZONE:2 RXUAV:2 EDGEPORT:9996 TS:35.526 SPD:14.600 HDG:-0.100 PX:771.800 PY:-10.000 LAN:1 BRK:0 RX_X:0.000 RX_Y:0.000 RX_Z:0.000
[ZONE-ROUTE] CID:15 zone=2 edge_port=9996
[EDGE-RTT] CID:15 wall=1.4 ms  sim_delay=5.0 ms
[CUSUM] CID:15 S=0.000/0.800 pEdge=0.000 pCusum=0.020
>>> [UAV->CLOUD] BLK:18c5|TX:7.0.0.19|CID:15|TS:35.526|SPD:14.6|HDG:-0.1|PX:771.8|PY:-10....
[PASSIVE-BEACON] SIMNOW:35.543 CID:16 ZONE:2 RXUAV:2 EDGEPORT:9996 TS:35.526 SPD:15.200 HDG:-1.400 PX:781.800 PY:-20.000 LAN:99 BRK:0 RX_X:0.000 RX_Y:0.000 RX_Z:0.000
[ECON-GATE] CID:18 probation active - suppressing OK reward 1.000
✓ [CAR 18] ACT=OK REP=0.768 RWD=0.000 PNL=0.000 CREDIT=11
✓ [CAR 15] ACT=OK REP=0.797 RWD=1.000 PNL=0.000 CREDIT=23
[PASSIVE-BEACON] SIMNOW:35.636 CID:7 ZONE:2 RXUAV:2 EDGEPORT:9996 TS:35.622 SPD:15.200 HDG:1.500 PX:753.000 PY:-30.000 LAN:99 BRK:0 RX_X:0.000 RX_Y:0.000 RX_Z:0.000
[PASSIVE-BEACON] SIMNOW:35.678 CID:14 ZONE:2 RXUAV:2 EDGEPORT:9996 TS:35.664 SPD:15.300 HDG:1.800 PX:793.500 PY:-50.000 LAN:5 BRK:0 RX_X:0.000 RX_Y:0.000 RX_Z:0.000
[ZONE-ROUTE] CID:14 zone=2 edge_port=9996
[EDGE-RTT] CID:14 wall=1.5 ms  sim_delay=5.0 ms
[CUSUM] CID:14 S=0.000/0.800 pEdge=0.000 pCusum=0.020
>>> [UAV->CLOUD] BLK:b893|TX:7.0.0.18|CID:14|TS:35.664|SPD:15.3|HDG:1.8|PX:793.5|PY:-50.0...
[PASSIVE-BEACON] SIMNOW:35.686 CID:6 ZONE:2 RXUAV:2 EDGEPORT:9996 TS:35.672 SPD:14.700 HDG:-1.300 PX:743.400 PY:-20.000 LAN:2 BRK:1 RX_X:0.000 RX_Y:0.000 RX_Z:0.000
[ZONE-ROUTE] CID:6 zone=2 edge_port=9996
[EDGE-RTT] CID:6 wall=1.4 ms  sim_delay=5.0 ms
[CUSUM] CID:6 S=0.000/0.800 pEdge=0.000 pCusum=0.020
[TRUST-UPGRADE] CID:6 earned REDUCE_SCRUTINY after 20 clean packets → latency × 0.500
>>> [UAV->CLOUD] BLK:72b4|TX:7.0.0.10|CID:6|TS:35.672|SPD:14.7|HDG:-1.3|PX:743.4|PY:-20.0...
[ECON-GATE] CID:14 probation active - suppressing OK reward 1.000
✓ [CAR 14] ACT=OK REP=0.683 RWD=0.000 PNL=0.000 CREDIT=7
[TRUST-BLOCKED] CID:6 ignored REDUCE_SCRUTINY due to prior WARN/BAN/demotion
✓ [CAR 6] ACT=OK REP=0.500 RWD=1.500 PNL=0.000 CREDIT=20
✓ [CAR 6] ACT=OK REP=0.439 RWD=1.000 PNL=0.000 CREDIT=19
[PASSIVE-BEACON] SIMNOW:35.710 CID:19 ZONE:2 RXUAV:2 EDGEPORT:9996 TS:35.696 SPD:14.600 HDG:1.100 PX:813.600 PY:-50.000 LAN:5 BRK:0 RX_X:0.000 RX_Y:0.000 RX_Z:0.000
[ZONE-ROUTE] CID:19 zone=2 edge_port=9996
[EDGE-RTT] CID:19 wall=1.3 ms  sim_delay=5.0 ms
[CUSUM] CID:19 S=0.000/0.800 pEdge=0.000 pCusum=0.020
>>> [UAV->CLOUD] BLK:25fc|TX:7.0.0.23|CID:19|TS:35.696|SPD:14.6|HDG:1.1|PX:813.6|PY:-50.0...
[ECON-GATE] CID:19 probation active - suppressing OK reward 1.000
✓ [CAR 19] ACT=OK REP=0.583 RWD=0.000 PNL=0.000 CREDIT=7
[PASSIVE-BEACON] SIMNOW:35.746 CID:9 ZONE:2 RXUAV:2 EDGEPORT:9996 TS:35.732 SPD:15.400 HDG:1.700 PX:774.900 PY:-50.000 LAN:99 BRK:0 RX_X:0.000 RX_Y:0.000 RX_Z:0.000
[PASSIVE-BEACON] SIMNOW:35.760 CID:13 ZONE:2 RXUAV:2 EDGEPORT:9996 TS:35.744 SPD:14.700 HDG:-1.400 PX:784.700 PY:-40.000 LAN:99 BRK:0 RX_X:0.000 RX_Y:0.000 RX_Z:0.000
[PASSIVE-BEACON] SIMNOW:35.762 CID:10 ZONE:2 RXUAV:2 EDGEPORT:9996 TS:35.744 SPD:15.200 HDG:-0.300 PX:755.100 PY:-10.000 LAN:99 BRK:0 RX_X:0.000 RX_Y:0.000 RX_Z:0.000
[PASSIVE-BEACON] SIMNOW:35.768 CID:11 ZONE:2 RXUAV:2 EDGEPORT:9996 TS:35.754 SPD:14.600 HDG:0.900 PX:764.500 PY:-20.000 LAN:2 BRK:0 RX_X:0.000 RX_Y:0.000 RX_Z:0.000
[ZONE-ROUTE] CID:11 zone=2 edge_port=9996
[EDGE-RTT] CID:11 wall=1.5 ms  sim_delay=5.0 ms
[CUSUM] CID:11 S=0.000/0.800 pEdge=0.000 pCusum=0.020
[TRUST-UPGRADE] CID:11 earned REDUCE_SCRUTINY after 20 clean packets → latency × 0.500
>>> [UAV->CLOUD] BLK:d1b0|TX:7.0.0.15|CID:11|TS:35.754|SPD:14.6|HDG:0.9|PX:764.5|PY:-20.0...
[PASSIVE-BEACON] SIMNOW:35.778 CID:12 ZONE:2 RXUAV:2 EDGEPORT:9996 TS:35.764 SPD:14.800 HDG:-0.400 PX:775.300 PY:-30.000 LAN:3 BRK:0 RX_X:0.000 RX_Y:0.000 RX_Z:0.000
[ZONE-ROUTE] CID:12 zone=2 edge_port=9996
[EDGE-RTT] CID:12 wall=1.5 ms  sim_delay=5.0 ms
[CUSUM] CID:12 S=0.000/0.800 pEdge=0.000 pCusum=0.020
>>> [UAV->CLOUD] BLK:f4bb|TX:7.0.0.16|CID:12|TS:35.764|SPD:14.8|HDG:-0.4|PX:775.3|PY:-30....
[TRUST-BLOCKED] CID:11 ignored REDUCE_SCRUTINY due to prior WARN/BAN/demotion
✓ [CAR 11] ACT=OK REP=0.500 RWD=1.500 PNL=0.000 CREDIT=20
✓ [CAR 11] ACT=OK REP=0.894 RWD=1.000 PNL=0.000 CREDIT=19
✓ [CAR 12] ACT=OK REP=0.571 RWD=1.000 PNL=0.000 CREDIT=16
[PASSIVE-BEACON] SIMNOW:35.864 CID:4 ZONE:2 RXUAV:2 EDGEPORT:9996 TS:35.850 SPD:14.700 HDG:-1.700 PX:756.600 PY:-50.000 LAN:99 BRK:0 RX_X:0.000 RX_Y:0.000 RX_Z:0.000
[PASSIVE-BEACON] SIMNOW:35.864 CID:3 ZONE:2 RXUAV:2 EDGEPORT:9996 TS:35.850 SPD:14.600 HDG:1.600 PX:745.700 PY:-40.000 LAN:99 BRK:0 RX_X:0.000 RX_Y:0.000 RX_Z:0.000
[PASSIVE-BEACON] SIMNOW:35.914 CID:8 ZONE:2 RXUAV:2 EDGEPORT:9996 TS:35.902 SPD:15.200 HDG:2.000 PX:766.300 PY:-40.000 LAN:99 BRK:0 RX_X:0.000 RX_Y:0.000 RX_Z:0.000
[ATTACK-EMIT] CID:0 activeWindow=YES falsified=YES simT=35.940 realPX=717.300 fakePX=567.276 realSPD=15.000 fakeSPD=20.000 realTS=35.940 fakeTS=35.440 lane=99
[PASSIVE-BEACON] SIMNOW:35.954 CID:0 ZONE:1 RXUAV:1 EDGEPORT:9998 TS:35.440 SPD:20.000 HDG:0.000 PX:567.300 PY:-10.000 LAN:99 BRK:0 RX_X:0.000 RX_Y:0.000 RX_Z:0.000
[PASSIVE-BEACON] SIMNOW:35.996 CID:5 ZONE:2 RXUAV:2 EDGEPORT:9996 TS:35.982 SPD:15.300 HDG:-1.000 PX:737.400 PY:-10.000 LAN:99 BRK:0 RX_X:0.000 RX_Y:0.000 RX_Z:0.000

── PAYOFF SUMMARY ─────────────────────────────────
[PAYOFF] CID:0 cumulative_payoff=-112.746 honest_wins=0 warn_count=26 adverse_count=1 demoted=YES return_threshold=60 lane_upgraded=NO scrutiny_reduced=NO malicious=YES
[PAYOFF] CID:1 cumulative_payoff=23.996 honest_wins=23 warn_count=0 adverse_count=0 demoted=NO return_threshold=0 lane_upgraded=YES scrutiny_reduced=YES malicious=YES
[PAYOFF] CID:2 cumulative_payoff=22.993 honest_wins=22 warn_count=0 adverse_count=0 demoted=NO return_threshold=0 lane_upgraded=YES scrutiny_reduced=YES malicious=YES
[PAYOFF] CID:3 cumulative_payoff=-65.634 honest_wins=0 warn_count=19 adverse_count=1 demoted=YES return_threshold=60 lane_upgraded=NO scrutiny_reduced=NO malicious=YES
[PAYOFF] CID:4 cumulative_payoff=-44.377 honest_wins=0 warn_count=15 adverse_count=1 demoted=YES return_threshold=60 lane_upgraded=NO scrutiny_reduced=NO malicious=YES
[PAYOFF] CID:5 cumulative_payoff=-112.664 honest_wins=0 warn_count=26 adverse_count=1 demoted=YES return_threshold=60 lane_upgraded=NO scrutiny_reduced=NO malicious=YES
[PAYOFF] CID:6 cumulative_payoff=-78.814 honest_wins=21 warn_count=23 adverse_count=0 demoted=NO return_threshold=0 lane_upgraded=NO scrutiny_reduced=NO malicious=NO
[PAYOFF] CID:7 cumulative_payoff=-77.718 honest_wins=0 warn_count=21 adverse_count=1 demoted=YES return_threshold=60 lane_upgraded=NO scrutiny_reduced=NO malicious=YES
[PAYOFF] CID:8 cumulative_payoff=-54.716 honest_wins=0 warn_count=17 adverse_count=1 demoted=YES return_threshold=60 lane_upgraded=NO scrutiny_reduced=NO malicious=YES
[PAYOFF] CID:9 cumulative_payoff=-35.489 honest_wins=0 warn_count=13 adverse_count=1 demoted=YES return_threshold=60 lane_upgraded=NO scrutiny_reduced=NO malicious=YES
[PAYOFF] CID:10 cumulative_payoff=-98.205 honest_wins=0 warn_count=24 adverse_count=1 demoted=YES return_threshold=60 lane_upgraded=NO scrutiny_reduced=NO malicious=YES
[PAYOFF] CID:11 cumulative_payoff=-78.890 honest_wins=21 warn_count=23 adverse_count=0 demoted=NO return_threshold=0 lane_upgraded=NO scrutiny_reduced=NO malicious=NO
[PAYOFF] CID:12 cumulative_payoff=-83.120 honest_wins=17 warn_count=23 adverse_count=0 demoted=NO return_threshold=0 lane_upgraded=NO scrutiny_reduced=NO malicious=NO
[PAYOFF] CID:13 cumulative_payoff=-44.629 honest_wins=0 warn_count=15 adverse_count=1 demoted=YES return_threshold=60 lane_upgraded=NO scrutiny_reduced=NO malicious=YES
[PAYOFF] CID:14 cumulative_payoff=-84.559 honest_wins=8 warn_count=23 adverse_count=0 demoted=NO return_threshold=0 lane_upgraded=NO scrutiny_reduced=NO malicious=NO
[PAYOFF] CID:15 cumulative_payoff=-83.479 honest_wins=24 warn_count=24 adverse_count=0 demoted=NO return_threshold=0 lane_upgraded=NO scrutiny_reduced=NO malicious=NO
[PAYOFF] CID:16 cumulative_payoff=-65.994 honest_wins=0 warn_count=19 adverse_count=1 demoted=YES return_threshold=60 lane_upgraded=NO scrutiny_reduced=NO malicious=YES
[PAYOFF] CID:17 cumulative_payoff=-54.962 honest_wins=0 warn_count=17 adverse_count=1 demoted=YES return_threshold=60 lane_upgraded=NO scrutiny_reduced=NO malicious=YES
[PAYOFF] CID:18 cumulative_payoff=-91.787 honest_wins=12 warn_count=24 adverse_count=0 demoted=NO return_threshold=0 lane_upgraded=NO scrutiny_reduced=NO malicious=NO
[PAYOFF] CID:19 cumulative_payoff=-91.474 honest_wins=8 warn_count=24 adverse_count=0 demoted=NO return_threshold=0 lane_upgraded=NO scrutiny_reduced=NO malicious=NO

--------------------------------------------------
 SIMULATION COMPLETE v90-multiuav (adaptive edge-cloud, bridge mode only)  nCars=20  attackRate=50%  attackType=5  RngRun=5
--------------------------------------------------
