[0/2] Re-checking globbed directories...
ninja: no work to do.
[TEMPTATION-T] CID:0 T_i=0.833 break-even_p*=0.375
[TEMPTATION-T] CID:2 T_i=0.823 break-even_p*=0.378
[TEMPTATION-T] CID:5 T_i=2.192 break-even_p*=0.186
[TEMPTATION-T] CID:8 T_i=2.381 break-even_p*=0.174
[TEMPTATION-T] CID:9 T_i=0.783 break-even_p*=0.390
[LATE-ATTACK] CID:1 position-aware flip armed ZoneLen=900.000m threshold=360.000m
[LATE-ATTACK] CID:3 position-aware flip armed ZoneLen=900.000m threshold=360.000m
[LATE-ATTACK] Scheduled 2 position-aware late-entry attackers ZoneLen=900.000m ThreshM=360.000m
[HANDOVER] Armed 10 triggers for Z1->Z2 at t=30.000 s (zoneEndX=900.000, leadM=300.000)

--------------------------------------------------
 UNIFIED SIMULATION v90-multiUAV (adaptive edge-cloud, bridge mode only)
--------------------------------------------------
 Cars      : 10 (5 lanes x 2)
 RngRun    : 4
 Attack    : 50%  (5 malicious) [0,2,5,8,9]
 AttackType: 5 (0=composite,1=TS-only,2=GPS-only,3=speed-only,4=stealthy,5=adaptive)
 TsOffset  : -0.500s
 SpdFactor : 1.100x
 Nash p*   : 0.400 (BAN_REWARD=1.500)
 ZONE_SAFE : 0.150
 ZONE_MALICIOUS : 0.300
 LEGACY_WIRE_ALIASES : 0
 SCR_ALERT : 0.620
 GAME_Cf   : 3.000
 CloudTrig : [unused in bridge mode] SCR<0.620 && >=4 | TIME>=3.000s | COUNT>=10
 EdgePortZ1: 127.0.0.1:9998
 EdgePortZ2: 127.0.0.1:9996
 Cloud     : 127.0.0.1:6666
 CloudMode : BRIDGE (adaptive batch calibration — cloud tunes edge params only)
 LedgerFile: blockchain_ledger.jsonl
 EdgeLatencyMs : 10.000 ms
 CloudLatencyMs: 150.000 ms
 NashP* mode   : adaptive (warmup=5 pkts, rho_hat-driven)
 S1uDelay      : 5 ms  |  PGW-rHost delay: 5 ms
 PktDropRate   : 1%  |  EdgeJitter: 30%  |  LateAttackers: 25% of mal
 BgTraffic     : 10 cars x 500 kbps UDP
 Mobility      : WaypointMobility (3-phase speed profile per lane)
 Duration  : 32.000s
--------------------------------------------------

[BG-TRAFFIC] 10 cars x 500 kbps UDP background flow to rHost installed
[PASSIVE-BEACON] SIMNOW:2.037 CID:6 ZONE:1 RXUAV:1 EDGEPORT:9998 TS:2.022 SPD:20.200 HDG:-0.200 PX:60.900 PY:-20.000 LAN:2 BRK:0 RX_X:0.000 RX_Y:0.000 RX_Z:0.000
[ZONE-ROUTE] CID:6 zone=1 edge_port=9998
[EDGE-RTT] CID:6 wall=2.0 ms  sim_delay=10.0 ms
>>> [UAV->CLOUD] BLK:fa72|TX:7.0.0.10|CID:6|TS:2.022|SPD:20.2|HDG:-0.2|PX:60.9|PY:-20.0|L...
✓ [CAR 6] ACT=OK REP=0.690 RWD=0.996 PNL=0.000 CREDIT=0
[PASSIVE-BEACON] SIMNOW:2.146 CID:7 ZONE:1 RXUAV:1 EDGEPORT:9998 TS:2.132 SPD:20.000 HDG:-1.200 PX:63.000 PY:-30.000 LAN:3 BRK:0 RX_X:0.000 RX_Y:0.000 RX_Z:0.000
[ZONE-ROUTE] CID:7 zone=1 edge_port=9998
[EDGE-RTT] CID:7 wall=1.2 ms  sim_delay=10.0 ms
>>> [UAV->CLOUD] BLK:2722|TX:7.0.0.11|CID:7|TS:2.132|SPD:20.0|HDG:-1.2|PX:63.0|PY:-30.0|L...
✓ [CAR 7] ACT=OK REP=0.893 RWD=0.996 PNL=0.000 CREDIT=0
[PASSIVE-BEACON] SIMNOW:2.234 CID:1 ZONE:1 RXUAV:1 EDGEPORT:9998 TS:2.220 SPD:20.300 HDG:0.100 PX:44.100 PY:-20.000 LAN:2 BRK:0 RX_X:0.000 RX_Y:0.000 RX_Z:0.000
[ZONE-ROUTE] CID:1 zone=1 edge_port=9998
[EDGE-RTT] CID:1 wall=1.2 ms  sim_delay=10.0 ms
>>> [UAV->CLOUD] BLK:5abe|TX:7.0.0.5|CID:1|TS:2.220|SPD:20.3|HDG:0.1|PX:44.1|PY:-20.0|LAN...
[PASSIVE-BEACON] SIMNOW:2.234 CID:0 ZONE:1 RXUAV:1 EDGEPORT:9998 TS:2.220 SPD:19.600 HDG:-0.300 PX:43.700 PY:-10.000 LAN:1 BRK:0 RX_X:0.000 RX_Y:0.000 RX_Z:0.000
[ZONE-ROUTE] CID:0 zone=1 edge_port=9998
[EDGE-RTT] CID:0 wall=1.1 ms  sim_delay=10.0 ms
>>> [UAV->CLOUD] BLK:b25c|TX:7.0.0.4|CID:0|TS:2.220|SPD:19.6|HDG:-0.3|PX:43.7|PY:-10.0|LA...
✓ [CAR 0] ACT=OK REP=0.511 RWD=0.996 PNL=0.000 CREDIT=0
✓ [CAR 1] ACT=OK REP=0.541 RWD=0.996 PNL=0.000 CREDIT=0
[PASSIVE-BEACON] SIMNOW:2.304 CID:4 ZONE:1 RXUAV:1 EDGEPORT:9998 TS:2.290 SPD:20.300 HDG:0.200 PX:45.100 PY:-50.000 LAN:5 BRK:0 RX_X:0.000 RX_Y:0.000 RX_Z:0.000
[ZONE-ROUTE] CID:4 zone=1 edge_port=9998
[EDGE-RTT] CID:4 wall=1.2 ms  sim_delay=10.0 ms
>>> [UAV->CLOUD] BLK:7cb8|TX:7.0.0.8|CID:4|TS:2.290|SPD:20.3|HDG:0.2|PX:45.1|PY:-50.0|LAN...
✓ [CAR 4] ACT=OK REP=0.531 RWD=0.996 PNL=0.000 CREDIT=0
[PASSIVE-BEACON] SIMNOW:2.536 CID:6 ZONE:1 RXUAV:1 EDGEPORT:9998 TS:2.522 SPD:20.400 HDG:0.700 PX:70.300 PY:-20.000 LAN:2 BRK:0 RX_X:0.000 RX_Y:0.000 RX_Z:0.000
[ZONE-ROUTE] CID:6 zone=1 edge_port=9998
[EDGE-RTT] CID:6 wall=1.2 ms  sim_delay=10.0 ms
>>> [UAV->CLOUD] BLK:b66e|TX:7.0.0.10|CID:6|TS:2.522|SPD:20.4|HDG:0.7|PX:70.3|PY:-20.0|LA...
✓ [CAR 6] ACT=OK REP=1.000 RWD=1.000 PNL=0.000 CREDIT=1
[PASSIVE-BEACON] SIMNOW:2.646 CID:7 ZONE:1 RXUAV:1 EDGEPORT:9998 TS:2.632 SPD:19.500 HDG:0.000 PX:72.100 PY:-30.000 LAN:3 BRK:0 RX_X:0.000 RX_Y:0.000 RX_Z:0.000
[ZONE-ROUTE] CID:7 zone=1 edge_port=9998
[EDGE-RTT] CID:7 wall=1.3 ms  sim_delay=10.0 ms
>>> [UAV->CLOUD] BLK:bde8|TX:7.0.0.11|CID:7|TS:2.632|SPD:19.5|HDG:0.0|PX:72.1|PY:-30.0|LA...
✓ [CAR 7] ACT=OK REP=0.928 RWD=1.000 PNL=0.000 CREDIT=1
[PASSIVE-BEACON] SIMNOW:2.734 CID:1 ZONE:1 RXUAV:1 EDGEPORT:9998 TS:2.720 SPD:20.000 HDG:1.700 PX:54.200 PY:-20.000 LAN:2 BRK:1 RX_X:0.000 RX_Y:0.000 RX_Z:0.000
[ZONE-ROUTE] CID:1 zone=1 edge_port=9998
[EDGE-RTT] CID:1 wall=1.3 ms  sim_delay=10.0 ms
>>> [UAV->CLOUD] BLK:e139|TX:7.0.0.5|CID:1|TS:2.720|SPD:20.0|HDG:1.7|PX:54.2|PY:-20.0|LAN...
[PASSIVE-BEACON] SIMNOW:2.734 CID:0 ZONE:1 RXUAV:1 EDGEPORT:9998 TS:2.720 SPD:20.300 HDG:-0.000 PX:54.500 PY:-10.000 LAN:1 BRK:0 RX_X:0.000 RX_Y:0.000 RX_Z:0.000
[ZONE-ROUTE] CID:0 zone=1 edge_port=9998
[EDGE-RTT] CID:0 wall=1.2 ms  sim_delay=10.0 ms
>>> [UAV->CLOUD] BLK:d286|TX:7.0.0.4|CID:0|TS:2.720|SPD:20.3|HDG:-0.0|PX:54.5|PY:-10.0|LA...
✓ [CAR 0] ACT=OK REP=0.489 RWD=1.000 PNL=0.000 CREDIT=1
✓ [CAR 1] ACT=OK REP=0.757 RWD=1.000 PNL=0.000 CREDIT=1
[PASSIVE-BEACON] SIMNOW:2.749 CID:5 ZONE:1 RXUAV:1 EDGEPORT:9998 TS:2.732 SPD:20.400 HDG:-1.300 PX:73.900 PY:-10.000 LAN:1 BRK:1 RX_X:0.000 RX_Y:0.000 RX_Z:0.000
[ZONE-ROUTE] CID:5 zone=1 edge_port=9998
[EDGE-RTT] CID:5 wall=1.4 ms  sim_delay=10.0 ms
>>> [UAV->CLOUD] BLK:ccd4|TX:7.0.0.9|CID:5|TS:2.732|SPD:20.4|HDG:-1.3|PX:73.9|PY:-10.0|LA...
✓ [CAR 5] ACT=OK REP=0.686 RWD=0.996 PNL=0.000 CREDIT=0
[PASSIVE-BEACON] SIMNOW:2.804 CID:4 ZONE:1 RXUAV:1 EDGEPORT:9998 TS:2.790 SPD:20.200 HDG:0.600 PX:56.000 PY:-50.000 LAN:5 BRK:0 RX_X:0.000 RX_Y:0.000 RX_Z:0.000
[ZONE-ROUTE] CID:4 zone=1 edge_port=9998
[EDGE-RTT] CID:4 wall=1.1 ms  sim_delay=10.0 ms
>>> [UAV->CLOUD] BLK:f4bf|TX:7.0.0.8|CID:4|TS:2.790|SPD:20.2|HDG:0.6|PX:56.0|PY:-50.0|LAN...
✓ [CAR 4] ACT=OK REP=0.903 RWD=1.000 PNL=0.000 CREDIT=1
[PASSIVE-BEACON] SIMNOW:2.884 CID:2 ZONE:1 RXUAV:1 EDGEPORT:9998 TS:2.870 SPD:20.300 HDG:1.700 PX:57.900 PY:-30.000 LAN:3 BRK:0 RX_X:0.000 RX_Y:0.000 RX_Z:0.000
[ZONE-ROUTE] CID:2 zone=1 edge_port=9998
[EDGE-RTT] CID:2 wall=0.9 ms  sim_delay=10.0 ms
>>> [UAV->CLOUD] BLK:d442|TX:7.0.0.6|CID:2|TS:2.870|SPD:20.3|HDG:1.7|PX:57.9|PY:-30.0|LAN...
✓ [CAR 2] ACT=OK REP=0.761 RWD=0.996 PNL=0.000 CREDIT=0
[PASSIVE-BEACON] SIMNOW:2.996 CID:9 ZONE:1 RXUAV:1 EDGEPORT:9998 TS:2.982 SPD:19.700 HDG:-0.400 PX:79.400 PY:-50.000 LAN:5 BRK:0 RX_X:0.000 RX_Y:0.000 RX_Z:0.000
[ZONE-ROUTE] CID:9 zone=1 edge_port=9998
[EDGE-RTT] CID:9 wall=1.1 ms  sim_delay=10.0 ms
>>> [UAV->CLOUD] BLK:4486|TX:7.0.0.13|CID:9|TS:2.982|SPD:19.7|HDG:-0.4|PX:79.4|PY:-50.0|L...
[PASSIVE-BEACON] SIMNOW:3.006 CID:8 ZONE:1 RXUAV:1 EDGEPORT:9998 TS:2.992 SPD:20.200 HDG:0.400 PX:79.100 PY:-40.000 LAN:4 BRK:1 RX_X:0.000 RX_Y:0.000 RX_Z:0.000
[ZONE-ROUTE] CID:8 zone=1 edge_port=9998
[EDGE-RTT] CID:8 wall=0.9 ms  sim_delay=10.0 ms
>>> [UAV->CLOUD] BLK:f60d|TX:7.0.0.12|CID:8|TS:2.992|SPD:20.2|HDG:0.4|PX:79.1|PY:-40.0|LA...
✓ [CAR 9] ACT=OK REP=0.785 RWD=0.996 PNL=0.000 CREDIT=0
✓ [CAR 8] ACT=OK REP=0.801 RWD=0.996 PNL=0.000 CREDIT=0
[PASSIVE-BEACON] SIMNOW:3.034 CID:3 ZONE:1 RXUAV:1 EDGEPORT:9998 TS:3.020 SPD:20.300 HDG:0.300 PX:59.700 PY:-40.000 LAN:4 BRK:0 RX_X:0.000 RX_Y:0.000 RX_Z:0.000
[ZONE-ROUTE] CID:3 zone=1 edge_port=9998
[EDGE-RTT] CID:3 wall=1.1 ms  sim_delay=10.0 ms
>>> [UAV->CLOUD] BLK:d096|TX:7.0.0.7|CID:3|TS:3.020|SPD:20.3|HDG:0.3|PX:59.7|PY:-40.0|LAN...
[PASSIVE-BEACON] SIMNOW:3.036 CID:6 ZONE:1 RXUAV:1 EDGEPORT:9998 TS:3.022 SPD:20.200 HDG:1.000 PX:80.600 PY:-20.000 LAN:2 BRK:0 RX_X:0.000 RX_Y:0.000 RX_Z:0.000
[ZONE-ROUTE] CID:6 zone=1 edge_port=9998
[EDGE-RTT] CID:6 wall=0.9 ms  sim_delay=10.0 ms
>>> [UAV->CLOUD] BLK:1289|TX:7.0.0.10|CID:6|TS:3.022|SPD:20.2|HDG:1.0|PX:80.6|PY:-20.0|LA...
✓ [CAR 3] ACT=OK REP=1.000 RWD=0.996 PNL=0.000 CREDIT=0
✓ [CAR 6] ACT=OK REP=1.000 RWD=1.000 PNL=0.000 CREDIT=2
[PASSIVE-BEACON] SIMNOW:3.146 CID:7 ZONE:1 RXUAV:1 EDGEPORT:9998 TS:3.132 SPD:20.300 HDG:-0.100 PX:83.000 PY:-30.000 LAN:3 BRK:0 RX_X:0.000 RX_Y:0.000 RX_Z:0.000
[ZONE-ROUTE] CID:7 zone=1 edge_port=9998
[EDGE-RTT] CID:7 wall=1.1 ms  sim_delay=10.0 ms
>>> [UAV->CLOUD] BLK:9356|TX:7.0.0.11|CID:7|TS:3.132|SPD:20.3|HDG:-0.1|PX:83.0|PY:-30.0|L...
✓ [CAR 7] ACT=OK REP=0.858 RWD=1.000 PNL=0.000 CREDIT=2
[PASSIVE-BEACON] SIMNOW:3.232 CID:1 ZONE:1 RXUAV:1 EDGEPORT:9998 TS:3.220 SPD:20.200 HDG:-0.900 PX:64.900 PY:-20.000 LAN:2 BRK:0 RX_X:0.000 RX_Y:0.000 RX_Z:0.000
[ZONE-ROUTE] CID:1 zone=1 edge_port=9998
[EDGE-RTT] CID:1 wall=1.0 ms  sim_delay=10.0 ms
>>> [UAV->CLOUD] BLK:7e26|TX:7.0.0.5|CID:1|TS:3.220|SPD:20.2|HDG:-0.9|PX:64.9|PY:-20.0|LA...
[PASSIVE-BEACON] SIMNOW:3.232 CID:0 ZONE:1 RXUAV:1 EDGEPORT:9998 TS:3.220 SPD:20.200 HDG:1.600 PX:64.600 PY:-10.000 LAN:1 BRK:0 RX_X:0.000 RX_Y:0.000 RX_Z:0.000
[ZONE-ROUTE] CID:0 zone=1 edge_port=9998
[EDGE-RTT] CID:0 wall=1.2 ms  sim_delay=10.0 ms
>>> [UAV->CLOUD] BLK:5a34|TX:7.0.0.4|CID:0|TS:3.220|SPD:20.2|HDG:1.6|PX:64.6|PY:-10.0|LAN...
✓ [CAR 0] ACT=OK REP=0.872 RWD=1.000 PNL=0.000 CREDIT=2
✓ [CAR 1] ACT=OK REP=0.839 RWD=1.000 PNL=0.000 CREDIT=2
[PASSIVE-BEACON] SIMNOW:3.246 CID:5 ZONE:1 RXUAV:1 EDGEPORT:9998 TS:3.232 SPD:20.400 HDG:-2.000 PX:84.600 PY:-10.000 LAN:1 BRK:1 RX_X:0.000 RX_Y:0.000 RX_Z:0.000
[ZONE-ROUTE] CID:5 zone=1 edge_port=9998
[EDGE-RTT] CID:5 wall=0.9 ms  sim_delay=10.0 ms
>>> [UAV->CLOUD] BLK:31da|TX:7.0.0.9|CID:5|TS:3.232|SPD:20.4|HDG:-2.0|PX:84.6|PY:-10.0|LA...
✓ [CAR 5] ACT=OK REP=0.731 RWD=1.000 PNL=0.000 CREDIT=1
[PASSIVE-BEACON] SIMNOW:3.304 CID:4 ZONE:1 RXUAV:1 EDGEPORT:9998 TS:3.290 SPD:19.500 HDG:-1.400 PX:65.400 PY:-50.000 LAN:5 BRK:0 RX_X:0.000 RX_Y:0.000 RX_Z:0.000
[ZONE-ROUTE] CID:4 zone=1 edge_port=9998
[EDGE-RTT] CID:4 wall=1.0 ms  sim_delay=10.0 ms
>>> [UAV->CLOUD] BLK:91d4|TX:7.0.0.8|CID:4|TS:3.290|SPD:19.5|HDG:-1.4|PX:65.4|PY:-50.0|LA...
✓ [CAR 4] ACT=OK REP=0.892 RWD=1.000 PNL=0.000 CREDIT=2
[PASSIVE-BEACON] SIMNOW:3.384 CID:2 ZONE:1 RXUAV:1 EDGEPORT:9998 TS:3.370 SPD:20.200 HDG:0.100 PX:66.900 PY:-30.000 LAN:3 BRK:0 RX_X:0.000 RX_Y:0.000 RX_Z:0.000
[ZONE-ROUTE] CID:2 zone=1 edge_port=9998
[EDGE-RTT] CID:2 wall=1.0 ms  sim_delay=10.0 ms
>>> [UAV->CLOUD] BLK:4342|TX:7.0.0.6|CID:2|TS:3.370|SPD:20.2|HDG:0.1|PX:66.9|PY:-30.0|LAN...
✓ [CAR 2] ACT=OK REP=0.916 RWD=1.000 PNL=0.000 CREDIT=1
[PASSIVE-BEACON] SIMNOW:3.496 CID:9 ZONE:1 RXUAV:1 EDGEPORT:9998 TS:3.482 SPD:20.000 HDG:-0.500 PX:89.500 PY:-50.000 LAN:5 BRK:0 RX_X:0.000 RX_Y:0.000 RX_Z:0.000
[ZONE-ROUTE] CID:9 zone=1 edge_port=9998
[EDGE-RTT] CID:9 wall=0.7 ms  sim_delay=10.0 ms
>>> [UAV->CLOUD] BLK:289f|TX:7.0.0.13|CID:9|TS:3.482|SPD:20.0|HDG:-0.5|PX:89.5|PY:-50.0|L...
[PASSIVE-BEACON] SIMNOW:3.506 CID:8 ZONE:1 RXUAV:1 EDGEPORT:9998 TS:3.492 SPD:19.600 HDG:0.600 PX:90.300 PY:-40.000 LAN:4 BRK:0 RX_X:0.000 RX_Y:0.000 RX_Z:0.000
[ZONE-ROUTE] CID:8 zone=1 edge_port=9998
[EDGE-RTT] CID:8 wall=0.9 ms  sim_delay=10.0 ms
>>> [UAV->CLOUD] BLK:1a12|TX:7.0.0.12|CID:8|TS:3.492|SPD:19.6|HDG:0.6|PX:90.3|PY:-40.0|LA...
✓ [CAR 9] ACT=OK REP=1.000 RWD=1.000 PNL=0.000 CREDIT=1
✓ [CAR 8] ACT=OK REP=0.571 RWD=1.000 PNL=0.000 CREDIT=1
[PASSIVE-BEACON] SIMNOW:3.534 CID:3 ZONE:1 RXUAV:1 EDGEPORT:9998 TS:3.520 SPD:19.800 HDG:1.300 PX:70.700 PY:-40.000 LAN:4 BRK:1 RX_X:0.000 RX_Y:0.000 RX_Z:0.000
[ZONE-ROUTE] CID:3 zone=1 edge_port=9998
[EDGE-RTT] CID:3 wall=0.9 ms  sim_delay=10.0 ms
>>> [UAV->CLOUD] BLK:1801|TX:7.0.0.7|CID:3|TS:3.520|SPD:19.8|HDG:1.3|PX:70.7|PY:-40.0|LAN...
[PASSIVE-BEACON] SIMNOW:3.536 CID:6 ZONE:1 RXUAV:1 EDGEPORT:9998 TS:3.522 SPD:20.400 HDG:-1.600 PX:90.400 PY:-20.000 LAN:2 BRK:0 RX_X:0.000 RX_Y:0.000 RX_Z:0.000
[ZONE-ROUTE] CID:6 zone=1 edge_port=9998
[EDGE-RTT] CID:6 wall=0.9 ms  sim_delay=10.0 ms
>>> [UAV->CLOUD] BLK:f5d3|TX:7.0.0.10|CID:6|TS:3.522|SPD:20.4|HDG:-1.6|PX:90.4|PY:-20.0|L...
✓ [CAR 3] ACT=OK REP=0.987 RWD=1.000 PNL=0.000 CREDIT=1
✓ [CAR 6] ACT=OK REP=0.730 RWD=1.000 PNL=0.000 CREDIT=3
[PASSIVE-BEACON] SIMNOW:3.646 CID:7 ZONE:1 RXUAV:1 EDGEPORT:9998 TS:3.632 SPD:19.500 HDG:1.200 PX:92.400 PY:-30.000 LAN:3 BRK:0 RX_X:0.000 RX_Y:0.000 RX_Z:0.000
[ZONE-ROUTE] CID:7 zone=1 edge_port=9998
[EDGE-RTT] CID:7 wall=1.0 ms  sim_delay=10.0 ms
>>> [UAV->CLOUD] BLK:66a6|TX:7.0.0.11|CID:7|TS:3.632|SPD:19.5|HDG:1.2|PX:92.4|PY:-30.0|LA...
✓ [CAR 7] ACT=OK REP=0.852 RWD=1.000 PNL=0.000 CREDIT=3
[PASSIVE-BEACON] SIMNOW:3.734 CID:1 ZONE:1 RXUAV:1 EDGEPORT:9998 TS:3.720 SPD:19.600 HDG:0.300 PX:73.800 PY:-20.000 LAN:2 BRK:0 RX_X:0.000 RX_Y:0.000 RX_Z:0.000
[ZONE-ROUTE] CID:1 zone=1 edge_port=9998
[EDGE-RTT] CID:1 wall=0.7 ms  sim_delay=10.0 ms
>>> [UAV->CLOUD] BLK:9b99|TX:7.0.0.5|CID:1|TS:3.720|SPD:19.6|HDG:0.3|PX:73.8|PY:-20.0|LAN...
[PASSIVE-BEACON] SIMNOW:3.734 CID:0 ZONE:1 RXUAV:1 EDGEPORT:9998 TS:3.720 SPD:20.000 HDG:-1.400 PX:73.700 PY:-10.000 LAN:1 BRK:0 RX_X:0.000 RX_Y:0.000 RX_Z:0.000
[ZONE-ROUTE] CID:0 zone=1 edge_port=9998
[EDGE-RTT] CID:0 wall=1.8 ms  sim_delay=10.0 ms
>>> [UAV->CLOUD] BLK:da4a|TX:7.0.0.4|CID:0|TS:3.720|SPD:20.0|HDG:-1.4|PX:73.7|PY:-10.0|LA...
✓ [CAR 0] ACT=OK REP=0.834 RWD=1.000 PNL=0.000 CREDIT=3
✓ [CAR 1] ACT=OK REP=0.790 RWD=1.000 PNL=0.000 CREDIT=3
[PASSIVE-BEACON] SIMNOW:3.749 CID:5 ZONE:1 RXUAV:1 EDGEPORT:9998 TS:3.732 SPD:20.300 HDG:2.000 PX:94.400 PY:-10.000 LAN:1 BRK:0 RX_X:0.000 RX_Y:0.000 RX_Z:0.000
[ZONE-ROUTE] CID:5 zone=1 edge_port=9998
[EDGE-RTT] CID:5 wall=1.2 ms  sim_delay=10.0 ms
>>> [UAV->CLOUD] BLK:0c39|TX:7.0.0.9|CID:5|TS:3.732|SPD:20.3|HDG:2.0|PX:94.4|PY:-10.0|LAN...
✓ [CAR 5] ACT=OK REP=0.472 RWD=1.000 PNL=0.000 CREDIT=2
[PASSIVE-BEACON] SIMNOW:3.804 CID:4 ZONE:1 RXUAV:1 EDGEPORT:9998 TS:3.790 SPD:19.700 HDG:-0.800 PX:75.400 PY:-50.000 LAN:5 BRK:0 RX_X:0.000 RX_Y:0.000 RX_Z:0.000
[ZONE-ROUTE] CID:4 zone=1 edge_port=9998
[EDGE-RTT] CID:4 wall=0.9 ms  sim_delay=10.0 ms
>>> [UAV->CLOUD] BLK:4a44|TX:7.0.0.8|CID:4|TS:3.790|SPD:19.7|HDG:-0.8|PX:75.4|PY:-50.0|LA...
✓ [CAR 4] ACT=OK REP=0.605 RWD=1.000 PNL=0.000 CREDIT=3
[PASSIVE-BEACON] SIMNOW:3.882 CID:2 ZONE:1 RXUAV:1 EDGEPORT:9998 TS:3.870 SPD:20.300 HDG:-1.200 PX:76.800 PY:-30.000 LAN:3 BRK:1 RX_X:0.000 RX_Y:0.000 RX_Z:0.000
[ZONE-ROUTE] CID:2 zone=1 edge_port=9998
[EDGE-RTT] CID:2 wall=1.2 ms  sim_delay=10.0 ms
>>> [UAV->CLOUD] BLK:2d31|TX:7.0.0.6|CID:2|TS:3.870|SPD:20.3|HDG:-1.2|PX:76.8|PY:-30.0|LA...
✓ [CAR 2] ACT=OK REP=0.824 RWD=1.000 PNL=0.000 CREDIT=2
[PASSIVE-BEACON] SIMNOW:3.994 CID:9 ZONE:1 RXUAV:1 EDGEPORT:9998 TS:3.982 SPD:19.800 HDG:0.500 PX:100.000 PY:-50.000 LAN:5 BRK:0 RX_X:0.000 RX_Y:0.000 RX_Z:0.000
[ZONE-ROUTE] CID:9 zone=1 edge_port=9998
[EDGE-RTT] CID:9 wall=1.0 ms  sim_delay=10.0 ms
>>> [UAV->CLOUD] BLK:ac05|TX:7.0.0.13|CID:9|TS:3.982|SPD:19.8|HDG:0.5|PX:100.0|PY:-50.0|L...
[PASSIVE-BEACON] SIMNOW:4.006 CID:8 ZONE:1 RXUAV:1 EDGEPORT:9998 TS:3.992 SPD:20.400 HDG:-1.300 PX:99.900 PY:-40.000 LAN:4 BRK:0 RX_X:0.000 RX_Y:0.000 RX_Z:0.000
[ZONE-ROUTE] CID:8 zone=1 edge_port=9998
[EDGE-RTT] CID:8 wall=0.6 ms  sim_delay=10.0 ms
>>> [UAV->CLOUD] BLK:bac7|TX:7.0.0.12|CID:8|TS:3.992|SPD:20.4|HDG:-1.3|PX:99.9|PY:-40.0|L...
✓ [CAR 9] ACT=OK REP=0.505 RWD=0.997 PNL=0.000 CREDIT=2
✓ [CAR 8] ACT=OK REP=0.669 RWD=1.000 PNL=0.000 CREDIT=2
[PASSIVE-BEACON] SIMNOW:4.034 CID:3 ZONE:1 RXUAV:1 EDGEPORT:9998 TS:4.020 SPD:20.400 HDG:1.700 PX:80.200 PY:-40.000 LAN:4 BRK:0 RX_X:0.000 RX_Y:0.000 RX_Z:0.000
[ZONE-ROUTE] CID:3 zone=1 edge_port=9998
[EDGE-RTT] CID:3 wall=1.0 ms  sim_delay=10.0 ms
>>> [UAV->CLOUD] BLK:a5ac|TX:7.0.0.7|CID:3|TS:4.020|SPD:20.4|HDG:1.7|PX:80.2|PY:-40.0|LAN...
[PASSIVE-BEACON] SIMNOW:4.036 CID:6 ZONE:1 RXUAV:1 EDGEPORT:9998 TS:4.022 SPD:20.100 HDG:-0.300 PX:100.400 PY:-20.000 LAN:2 BRK:0 RX_X:0.000 RX_Y:0.000 RX_Z:0.000
[ZONE-ROUTE] CID:6 zone=1 edge_port=9998
[EDGE-RTT] CID:6 wall=0.8 ms  sim_delay=10.0 ms
>>> [UAV->CLOUD] BLK:8a36|TX:7.0.0.10|CID:6|TS:4.022|SPD:20.1|HDG:-0.3|PX:100.4|PY:-20.0|...
✓ [CAR 3] ACT=OK REP=0.909 RWD=1.000 PNL=0.000 CREDIT=2
✓ [CAR 6] ACT=OK REP=0.721 RWD=1.000 PNL=0.000 CREDIT=4
[PASSIVE-BEACON] SIMNOW:4.146 CID:7 ZONE:1 RXUAV:1 EDGEPORT:9998 TS:4.132 SPD:20.200 HDG:1.300 PX:102.700 PY:-30.000 LAN:3 BRK:0 RX_X:0.000 RX_Y:0.000 RX_Z:0.000
[ZONE-ROUTE] CID:7 zone=1 edge_port=9998
[EDGE-RTT] CID:7 wall=1.0 ms  sim_delay=10.0 ms
>>> [UAV->CLOUD] BLK:7430|TX:7.0.0.11|CID:7|TS:4.132|SPD:20.2|HDG:1.3|PX:102.7|PY:-30.0|L...
✓ [CAR 7] ACT=OK REP=0.856 RWD=1.000 PNL=0.000 CREDIT=4
[PASSIVE-BEACON] SIMNOW:4.234 CID:1 ZONE:1 RXUAV:1 EDGEPORT:9998 TS:4.220 SPD:20.200 HDG:0.200 PX:84.300 PY:-20.000 LAN:2 BRK:0 RX_X:0.000 RX_Y:0.000 RX_Z:0.000
[ZONE-ROUTE] CID:1 zone=1 edge_port=9998
[EDGE-RTT] CID:1 wall=0.7 ms  sim_delay=10.0 ms
>>> [UAV->CLOUD] BLK:6b39|TX:7.0.0.5|CID:1|TS:4.220|SPD:20.2|HDG:0.2|PX:84.3|PY:-20.0|LAN...
[PASSIVE-BEACON] SIMNOW:4.234 CID:0 ZONE:1 RXUAV:1 EDGEPORT:9998 TS:4.220 SPD:20.000 HDG:0.700 PX:83.800 PY:-10.000 LAN:1 BRK:0 RX_X:0.000 RX_Y:0.000 RX_Z:0.000
[ZONE-ROUTE] CID:0 zone=1 edge_port=9998
[EDGE-RTT] CID:0 wall=1.6 ms  sim_delay=10.0 ms
>>> [UAV->CLOUD] BLK:f242|TX:7.0.0.4|CID:0|TS:4.220|SPD:20.0|HDG:0.7|PX:83.8|PY:-10.0|LAN...
✓ [CAR 0] ACT=OK REP=0.672 RWD=1.000 PNL=0.000 CREDIT=4
✓ [CAR 1] ACT=OK REP=0.605 RWD=1.000 PNL=0.000 CREDIT=4
[PASSIVE-BEACON] SIMNOW:4.249 CID:5 ZONE:1 RXUAV:1 EDGEPORT:9998 TS:4.232 SPD:20.300 HDG:0.500 PX:104.200 PY:-10.000 LAN:1 BRK:0 RX_X:0.000 RX_Y:0.000 RX_Z:0.000
[ZONE-ROUTE] CID:5 zone=1 edge_port=9998
[EDGE-RTT] CID:5 wall=0.8 ms  sim_delay=10.0 ms
>>> [UAV->CLOUD] BLK:c653|TX:7.0.0.9|CID:5|TS:4.232|SPD:20.3|HDG:0.5|PX:104.2|PY:-10.0|LA...
✓ [CAR 5] ACT=OK REP=0.881 RWD=1.000 PNL=0.000 CREDIT=3
[PASSIVE-BEACON] SIMNOW:4.304 CID:4 ZONE:1 RXUAV:1 EDGEPORT:9998 TS:4.290 SPD:20.000 HDG:-1.000 PX:86.100 PY:-50.000 LAN:5 BRK:1 RX_X:0.000 RX_Y:0.000 RX_Z:0.000
[ZONE-ROUTE] CID:4 zone=1 edge_port=9998
[EDGE-RTT] CID:4 wall=1.0 ms  sim_delay=10.0 ms
>>> [UAV->CLOUD] BLK:9739|TX:7.0.0.8|CID:4|TS:4.290|SPD:20.0|HDG:-1.0|PX:86.1|PY:-50.0|LA...
✓ [CAR 4] ACT=OK REP=0.954 RWD=1.000 PNL=0.000 CREDIT=4
[PASSIVE-BEACON] SIMNOW:4.384 CID:2 ZONE:1 RXUAV:1 EDGEPORT:9998 TS:4.370 SPD:20.000 HDG:0.300 PX:86.700 PY:-30.000 LAN:3 BRK:0 RX_X:0.000 RX_Y:0.000 RX_Z:0.000
[ZONE-ROUTE] CID:2 zone=1 edge_port=9998
[EDGE-RTT] CID:2 wall=1.1 ms  sim_delay=10.0 ms
>>> [UAV->CLOUD] BLK:b2bb|TX:7.0.0.6|CID:2|TS:4.370|SPD:20.0|HDG:0.3|PX:86.7|PY:-30.0|LAN...
✓ [CAR 2] ACT=OK REP=0.617 RWD=1.000 PNL=0.000 CREDIT=3
[PASSIVE-BEACON] SIMNOW:4.496 CID:9 ZONE:1 RXUAV:1 EDGEPORT:9998 TS:4.482 SPD:20.000 HDG:-1.100 PX:109.500 PY:-50.000 LAN:5 BRK:0 RX_X:0.000 RX_Y:0.000 RX_Z:0.000
[ZONE-ROUTE] CID:9 zone=1 edge_port=9998
[EDGE-RTT] CID:9 wall=1.2 ms  sim_delay=10.0 ms
>>> [UAV->CLOUD] BLK:b861|TX:7.0.0.13|CID:9|TS:4.482|SPD:20.0|HDG:-1.1|PX:109.5|PY:-50.0|...
[PASSIVE-BEACON] SIMNOW:4.506 CID:8 ZONE:1 RXUAV:1 EDGEPORT:9998 TS:4.492 SPD:20.400 HDG:0.200 PX:109.200 PY:-40.000 LAN:4 BRK:0 RX_X:0.000 RX_Y:0.000 RX_Z:0.000
[ZONE-ROUTE] CID:8 zone=1 edge_port=9998
[EDGE-RTT] CID:8 wall=0.8 ms  sim_delay=10.0 ms
>>> [UAV->CLOUD] BLK:0471|TX:7.0.0.12|CID:8|TS:4.492|SPD:20.4|HDG:0.2|PX:109.2|PY:-40.0|L...
✓ [CAR 9] ACT=OK REP=0.978 RWD=1.000 PNL=0.000 CREDIT=3
✓ [CAR 8] ACT=OK REP=0.898 RWD=1.000 PNL=0.000 CREDIT=3
[PASSIVE-BEACON] SIMNOW:4.534 CID:3 ZONE:1 RXUAV:1 EDGEPORT:9998 TS:4.520 SPD:19.900 HDG:0.900 PX:90.700 PY:-40.000 LAN:4 BRK:0 RX_X:0.000 RX_Y:0.000 RX_Z:0.000
[ZONE-ROUTE] CID:3 zone=1 edge_port=9998
[EDGE-RTT] CID:3 wall=0.6 ms  sim_delay=10.0 ms
>>> [UAV->CLOUD] BLK:aa67|TX:7.0.0.7|CID:3|TS:4.520|SPD:19.9|HDG:0.9|PX:90.7|PY:-40.0|LAN...
[PASSIVE-BEACON] SIMNOW:4.536 CID:6 ZONE:1 RXUAV:1 EDGEPORT:9998 TS:4.522 SPD:20.100 HDG:1.100 PX:111.100 PY:-20.000 LAN:2 BRK:1 RX_X:0.000 RX_Y:0.000 RX_Z:0.000
[ZONE-ROUTE] CID:6 zone=1 edge_port=9998
[EDGE-RTT] CID:6 wall=0.8 ms  sim_delay=10.0 ms
>>> [UAV->CLOUD] BLK:1038|TX:7.0.0.10|CID:6|TS:4.522|SPD:20.1|HDG:1.1|PX:111.1|PY:-20.0|L...
✓ [CAR 3] ACT=OK REP=0.952 RWD=1.000 PNL=0.000 CREDIT=3
✓ [CAR 6] ACT=OK REP=0.994 RWD=1.000 PNL=0.000 CREDIT=5
[PASSIVE-BEACON] SIMNOW:4.646 CID:7 ZONE:1 RXUAV:1 EDGEPORT:9998 TS:4.632 SPD:20.300 HDG:-0.300 PX:113.300 PY:-30.000 LAN:3 BRK:1 RX_X:0.000 RX_Y:0.000 RX_Z:0.000
[ZONE-ROUTE] CID:7 zone=1 edge_port=9998
[EDGE-RTT] CID:7 wall=1.1 ms  sim_delay=10.0 ms
>>> [UAV->CLOUD] BLK:2c4f|TX:7.0.0.11|CID:7|TS:4.632|SPD:20.3|HDG:-0.3|PX:113.3|PY:-30.0|...
✓ [CAR 7] ACT=OK REP=1.000 RWD=1.000 PNL=0.000 CREDIT=5
[PASSIVE-BEACON] SIMNOW:4.733 CID:1 ZONE:1 RXUAV:1 EDGEPORT:9998 TS:4.720 SPD:20.500 HDG:0.300 PX:94.000 PY:-20.000 LAN:2 BRK:0 RX_X:0.000 RX_Y:0.000 RX_Z:0.000
[ZONE-ROUTE] CID:1 zone=1 edge_port=9998
[EDGE-RTT] CID:1 wall=1.0 ms  sim_delay=10.0 ms
>>> [UAV->CLOUD] BLK:d202|TX:7.0.0.5|CID:1|TS:4.720|SPD:20.5|HDG:0.3|PX:94.0|PY:-20.0|LAN...
[PASSIVE-BEACON] SIMNOW:4.733 CID:0 ZONE:1 RXUAV:1 EDGEPORT:9998 TS:4.720 SPD:19.700 HDG:1.600 PX:94.800 PY:-10.000 LAN:1 BRK:0 RX_X:0.000 RX_Y:0.000 RX_Z:0.000
[ZONE-ROUTE] CID:0 zone=1 edge_port=9998
[EDGE-RTT] CID:0 wall=2.1 ms  sim_delay=10.0 ms
>>> [UAV->CLOUD] BLK:c140|TX:7.0.0.4|CID:0|TS:4.720|SPD:19.7|HDG:1.6|PX:94.8|PY:-10.0|LAN...
[PASSIVE-BEACON] SIMNOW:4.746 CID:5 ZONE:1 RXUAV:1 EDGEPORT:9998 TS:4.732 SPD:20.000 HDG:1.100 PX:114.300 PY:-10.000 LAN:1 BRK:0 RX_X:0.000 RX_Y:0.000 RX_Z:0.000
[ZONE-ROUTE] CID:5 zone=1 edge_port=9998
[EDGE-RTT] CID:5 wall=0.9 ms  sim_delay=10.0 ms
>>> [UAV->CLOUD] BLK:44d7|TX:7.0.0.9|CID:5|TS:4.732|SPD:20.0|HDG:1.1|PX:114.3|PY:-10.0|LA...
✓ [CAR 1] ACT=OK REP=0.656 RWD=1.000 PNL=0.000 CREDIT=5
✓ [CAR 0] ACT=OK REP=0.915 RWD=1.000 PNL=0.000 CREDIT=5
✓ [CAR 5] ACT=OK REP=0.960 RWD=1.000 PNL=0.000 CREDIT=4
[PASSIVE-BEACON] SIMNOW:4.804 CID:4 ZONE:1 RXUAV:1 EDGEPORT:9998 TS:4.790 SPD:20.400 HDG:-0.200 PX:96.400 PY:-50.000 LAN:5 BRK:0 RX_X:0.000 RX_Y:0.000 RX_Z:0.000
[ZONE-ROUTE] CID:4 zone=1 edge_port=9998
[EDGE-RTT] CID:4 wall=0.9 ms  sim_delay=10.0 ms
>>> [UAV->CLOUD] BLK:498a|TX:7.0.0.8|CID:4|TS:4.790|SPD:20.4|HDG:-0.2|PX:96.4|PY:-50.0|LA...
✓ [CAR 4] ACT=OK REP=0.938 RWD=1.000 PNL=0.000 CREDIT=5
[PASSIVE-BEACON] SIMNOW:4.884 CID:2 ZONE:1 RXUAV:1 EDGEPORT:9998 TS:4.870 SPD:19.500 HDG:-0.100 PX:97.000 PY:-30.000 LAN:3 BRK:0 RX_X:0.000 RX_Y:0.000 RX_Z:0.000
[ZONE-ROUTE] CID:2 zone=1 edge_port=9998
[EDGE-RTT] CID:2 wall=0.9 ms  sim_delay=10.0 ms
>>> [UAV->CLOUD] BLK:a6f4|TX:7.0.0.6|CID:2|TS:4.870|SPD:19.5|HDG:-0.1|PX:97.0|PY:-30.0|LA...
✓ [CAR 2] ACT=OK REP=0.575 RWD=1.000 PNL=0.000 CREDIT=4
[PASSIVE-BEACON] SIMNOW:4.996 CID:9 ZONE:1 RXUAV:1 EDGEPORT:9998 TS:4.982 SPD:19.800 HDG:-0.100 PX:120.000 PY:-50.000 LAN:5 BRK:0 RX_X:0.000 RX_Y:0.000 RX_Z:0.000
[ZONE-ROUTE] CID:9 zone=1 edge_port=9998
[EDGE-RTT] CID:9 wall=1.0 ms  sim_delay=10.0 ms
>>> [UAV->CLOUD] BLK:6bf0|TX:7.0.0.13|CID:9|TS:4.982|SPD:19.8|HDG:-0.1|PX:120.0|PY:-50.0|...
[PASSIVE-BEACON] SIMNOW:5.006 CID:8 ZONE:1 RXUAV:1 EDGEPORT:9998 TS:4.992 SPD:20.000 HDG:1.200 PX:119.100 PY:-40.000 LAN:4 BRK:0 RX_X:0.000 RX_Y:0.000 RX_Z:0.000
[ZONE-ROUTE] CID:8 zone=1 edge_port=9998
[EDGE-RTT] CID:8 wall=0.9 ms  sim_delay=10.0 ms
>>> [UAV->CLOUD] BLK:12c7|TX:7.0.0.12|CID:8|TS:4.992|SPD:20.0|HDG:1.2|PX:119.1|PY:-40.0|L...
✓ [CAR 9] ACT=OK REP=0.778 RWD=1.000 PNL=0.000 CREDIT=4
✓ [CAR 8] ACT=OK REP=0.803 RWD=1.000 PNL=0.000 CREDIT=4
[PASSIVE-BEACON] SIMNOW:5.034 CID:3 ZONE:1 RXUAV:1 EDGEPORT:9998 TS:5.020 SPD:19.600 HDG:-0.700 PX:101.000 PY:-40.000 LAN:4 BRK:0 RX_X:0.000 RX_Y:0.000 RX_Z:0.000
[ZONE-ROUTE] CID:3 zone=1 edge_port=9998
[EDGE-RTT] CID:3 wall=1.1 ms  sim_delay=10.0 ms
>>> [UAV->CLOUD] BLK:2d1c|TX:7.0.0.7|CID:3|TS:5.020|SPD:19.6|HDG:-0.7|PX:101.0|PY:-40.0|L...
[PASSIVE-BEACON] SIMNOW:5.036 CID:6 ZONE:1 RXUAV:1 EDGEPORT:9998 TS:5.022 SPD:20.100 HDG:0.900 PX:121.000 PY:-20.000 LAN:2 BRK:0 RX_X:0.000 RX_Y:0.000 RX_Z:0.000
[ZONE-ROUTE] CID:6 zone=1 edge_port=9998
[EDGE-RTT] CID:6 wall=0.7 ms  sim_delay=10.0 ms
>>> [UAV->CLOUD] BLK:cb71|TX:7.0.0.10|CID:6|TS:5.022|SPD:20.1|HDG:0.9|PX:121.0|PY:-20.0|L...
✓ [CAR 3] ACT=OK REP=0.862 RWD=1.000 PNL=0.000 CREDIT=4
✓ [CAR 6] ACT=OK REP=0.699 RWD=1.000 PNL=0.000 CREDIT=6
[PASSIVE-BEACON] SIMNOW:5.146 CID:7 ZONE:1 RXUAV:1 EDGEPORT:9998 TS:5.132 SPD:20.300 HDG:1.100 PX:122.300 PY:-30.000 LAN:3 BRK:1 RX_X:0.000 RX_Y:0.000 RX_Z:0.000
[ZONE-ROUTE] CID:7 zone=1 edge_port=9998
[EDGE-RTT] CID:7 wall=1.1 ms  sim_delay=10.0 ms
>>> [UAV->CLOUD] BLK:6250|TX:7.0.0.11|CID:7|TS:5.132|SPD:20.3|HDG:1.1|PX:122.3|PY:-30.0|L...
✓ [CAR 7] ACT=OK REP=0.868 RWD=1.000 PNL=0.000 CREDIT=6
[PASSIVE-BEACON] SIMNOW:5.234 CID:1 ZONE:1 RXUAV:1 EDGEPORT:9998 TS:5.220 SPD:20.300 HDG:2.000 PX:104.800 PY:-20.000 LAN:2 BRK:0 RX_X:0.000 RX_Y:0.000 RX_Z:0.000
[ZONE-ROUTE] CID:1 zone=1 edge_port=9998
[EDGE-RTT] CID:1 wall=1.0 ms  sim_delay=10.0 ms
>>> [UAV->CLOUD] BLK:741a|TX:7.0.0.5|CID:1|TS:5.220|SPD:20.3|HDG:2.0|PX:104.8|PY:-20.0|LA...
[PASSIVE-BEACON] SIMNOW:5.234 CID:0 ZONE:1 RXUAV:1 EDGEPORT:9998 TS:5.220 SPD:20.000 HDG:0.800 PX:103.900 PY:-10.000 LAN:1 BRK:0 RX_X:0.000 RX_Y:0.000 RX_Z:0.000
[ZONE-ROUTE] CID:0 zone=1 edge_port=9998
[EDGE-RTT] CID:0 wall=1.7 ms  sim_delay=10.0 ms
>>> [UAV->CLOUD] BLK:f0ee|TX:7.0.0.4|CID:0|TS:5.220|SPD:20.0|HDG:0.8|PX:103.9|PY:-10.0|LA...
[PASSIVE-BEACON] SIMNOW:5.246 CID:5 ZONE:1 RXUAV:1 EDGEPORT:9998 TS:5.232 SPD:20.200 HDG:-0.900 PX:125.400 PY:-10.000 LAN:1 BRK:0 RX_X:0.000 RX_Y:0.000 RX_Z:0.000
[ZONE-ROUTE] CID:5 zone=1 edge_port=9998
[EDGE-RTT] CID:5 wall=1.1 ms  sim_delay=10.0 ms
>>> [UAV->CLOUD] BLK:bcf9|TX:7.0.0.9|CID:5|TS:5.232|SPD:20.2|HDG:-0.9|PX:125.4|PY:-10.0|L...
✓ [CAR 0] ACT=OK REP=0.740 RWD=1.000 PNL=0.000 CREDIT=6
✓ [CAR 1] ACT=OK REP=1.000 RWD=1.000 PNL=0.000 CREDIT=6
✓ [CAR 5] ACT=OK REP=0.963 RWD=1.000 PNL=0.000 CREDIT=5
[PASSIVE-BEACON] SIMNOW:5.304 CID:4 ZONE:1 RXUAV:1 EDGEPORT:9998 TS:5.290 SPD:19.500 HDG:-0.200 PX:106.400 PY:-50.000 LAN:5 BRK:1 RX_X:0.000 RX_Y:0.000 RX_Z:0.000
[ZONE-ROUTE] CID:4 zone=1 edge_port=9998
[EDGE-RTT] CID:4 wall=0.9 ms  sim_delay=10.0 ms
>>> [UAV->CLOUD] BLK:46ff|TX:7.0.0.8|CID:4|TS:5.290|SPD:19.5|HDG:-0.2|PX:106.4|PY:-50.0|L...
✓ [CAR 4] ACT=OK REP=0.847 RWD=1.000 PNL=0.000 CREDIT=6
[PASSIVE-BEACON] SIMNOW:5.383 CID:2 ZONE:1 RXUAV:1 EDGEPORT:9998 TS:5.370 SPD:19.600 HDG:1.400 PX:108.000 PY:-30.000 LAN:3 BRK:0 RX_X:0.000 RX_Y:0.000 RX_Z:0.000
[ZONE-ROUTE] CID:2 zone=1 edge_port=9998
[EDGE-RTT] CID:2 wall=0.8 ms  sim_delay=10.0 ms
>>> [UAV->CLOUD] BLK:a0e1|TX:7.0.0.6|CID:2|TS:5.370|SPD:19.6|HDG:1.4|PX:108.0|PY:-30.0|LA...
✓ [CAR 2] ACT=OK REP=0.697 RWD=1.000 PNL=0.000 CREDIT=5
[PASSIVE-BEACON] SIMNOW:5.495 CID:9 ZONE:1 RXUAV:1 EDGEPORT:9998 TS:5.482 SPD:19.900 HDG:1.400 PX:130.300 PY:-50.000 LAN:5 BRK:0 RX_X:0.000 RX_Y:0.000 RX_Z:0.000
[ZONE-ROUTE] CID:9 zone=1 edge_port=9998
[EDGE-RTT] CID:9 wall=1.0 ms  sim_delay=10.0 ms
>>> [UAV->CLOUD] BLK:6279|TX:7.0.0.13|CID:9|TS:5.482|SPD:19.9|HDG:1.4|PX:130.3|PY:-50.0|L...
[PASSIVE-BEACON] SIMNOW:5.506 CID:8 ZONE:1 RXUAV:1 EDGEPORT:9998 TS:5.492 SPD:20.400 HDG:0.300 PX:130.400 PY:-40.000 LAN:4 BRK:1 RX_X:0.000 RX_Y:0.000 RX_Z:0.000
[ZONE-ROUTE] CID:8 zone=1 edge_port=9998
[EDGE-RTT] CID:8 wall=0.9 ms  sim_delay=10.0 ms
>>> [UAV->CLOUD] BLK:e31f|TX:7.0.0.12|CID:8|TS:5.492|SPD:20.4|HDG:0.3|PX:130.4|PY:-40.0|L...
✓ [CAR 9] ACT=OK REP=0.860 RWD=1.000 PNL=0.000 CREDIT=5
✓ [CAR 8] ACT=OK REP=0.868 RWD=1.000 PNL=0.000 CREDIT=5
[PASSIVE-BEACON] SIMNOW:5.534 CID:3 ZONE:1 RXUAV:1 EDGEPORT:9998 TS:5.520 SPD:20.100 HDG:-0.800 PX:110.100 PY:-40.000 LAN:4 BRK:0 RX_X:0.000 RX_Y:0.000 RX_Z:0.000
[ZONE-ROUTE] CID:3 zone=1 edge_port=9998
[EDGE-RTT] CID:3 wall=1.1 ms  sim_delay=10.0 ms
>>> [UAV->CLOUD] BLK:20b3|TX:7.0.0.7|CID:3|TS:5.520|SPD:20.1|HDG:-0.8|PX:110.1|PY:-40.0|L...
[PASSIVE-BEACON] SIMNOW:5.536 CID:6 ZONE:1 RXUAV:1 EDGEPORT:9998 TS:5.522 SPD:20.200 HDG:-1.500 PX:130.300 PY:-20.000 LAN:2 BRK:0 RX_X:0.000 RX_Y:0.000 RX_Z:0.000
[ZONE-ROUTE] CID:6 zone=1 edge_port=9998
[EDGE-RTT] CID:6 wall=0.8 ms  sim_delay=10.0 ms
>>> [UAV->CLOUD] BLK:54b4|TX:7.0.0.10|CID:6|TS:5.522|SPD:20.2|HDG:-1.5|PX:130.3|PY:-20.0|...
✓ [CAR 3] ACT=OK REP=1.000 RWD=1.000 PNL=0.000 CREDIT=5
✓ [CAR 6] ACT=OK REP=0.693 RWD=1.000 PNL=0.000 CREDIT=7
[PASSIVE-BEACON] SIMNOW:5.646 CID:7 ZONE:1 RXUAV:1 EDGEPORT:9998 TS:5.632 SPD:20.000 HDG:-1.400 PX:133.300 PY:-30.000 LAN:3 BRK:0 RX_X:0.000 RX_Y:0.000 RX_Z:0.000
[ZONE-ROUTE] CID:7 zone=1 edge_port=9998
[EDGE-RTT] CID:7 wall=1.0 ms  sim_delay=10.0 ms
>>> [UAV->CLOUD] BLK:25c2|TX:7.0.0.11|CID:7|TS:5.632|SPD:20.0|HDG:-1.4|PX:133.3|PY:-30.0|...
✓ [CAR 7] ACT=OK REP=0.937 RWD=1.000 PNL=0.000 CREDIT=7
[PASSIVE-BEACON] SIMNOW:5.734 CID:1 ZONE:1 RXUAV:1 EDGEPORT:9998 TS:5.720 SPD:19.500 HDG:-1.600 PX:114.500 PY:-20.000 LAN:2 BRK:1 RX_X:0.000 RX_Y:0.000 RX_Z:0.000
[ZONE-ROUTE] CID:1 zone=1 edge_port=9998
[EDGE-RTT] CID:1 wall=0.8 ms  sim_delay=10.0 ms
>>> [UAV->CLOUD] BLK:fc4a|TX:7.0.0.5|CID:1|TS:5.720|SPD:19.5|HDG:-1.6|PX:114.5|PY:-20.0|L...
[PASSIVE-BEACON] SIMNOW:5.734 CID:0 ZONE:1 RXUAV:1 EDGEPORT:9998 TS:5.720 SPD:20.400 HDG:1.500 PX:114.100 PY:-10.000 LAN:1 BRK:0 RX_X:0.000 RX_Y:0.000 RX_Z:0.000
[ZONE-ROUTE] CID:0 zone=1 edge_port=9998
[EDGE-RTT] CID:0 wall=2.3 ms  sim_delay=10.0 ms
>>> [UAV->CLOUD] BLK:8585|TX:7.0.0.4|CID:0|TS:5.720|SPD:20.4|HDG:1.5|PX:114.1|PY:-10.0|LA...
[PASSIVE-BEACON] SIMNOW:5.746 CID:5 ZONE:1 RXUAV:1 EDGEPORT:9998 TS:5.732 SPD:19.800 HDG:1.200 PX:135.000 PY:-10.000 LAN:1 BRK:0 RX_X:0.000 RX_Y:0.000 RX_Z:0.000
[ZONE-ROUTE] CID:5 zone=1 edge_port=9998
[EDGE-RTT] CID:5 wall=0.7 ms  sim_delay=10.0 ms
>>> [UAV->CLOUD] BLK:fa9b|TX:7.0.0.9|CID:5|TS:5.732|SPD:19.8|HDG:1.2|PX:135.0|PY:-10.0|LA...
✓ [CAR 1] ACT=OK REP=1.000 RWD=1.000 PNL=0.000 CREDIT=7
✓ [CAR 0] ACT=OK REP=0.853 RWD=1.000 PNL=0.000 CREDIT=7
✓ [CAR 5] ACT=OK REP=0.621 RWD=1.000 PNL=0.000 CREDIT=6
[PASSIVE-BEACON] SIMNOW:5.804 CID:4 ZONE:1 RXUAV:1 EDGEPORT:9998 TS:5.790 SPD:20.200 HDG:-1.000 PX:116.000 PY:-50.000 LAN:5 BRK:0 RX_X:0.000 RX_Y:0.000 RX_Z:0.000
[ZONE-ROUTE] CID:4 zone=1 edge_port=9998
[EDGE-RTT] CID:4 wall=1.1 ms  sim_delay=10.0 ms
>>> [UAV->CLOUD] BLK:5bba|TX:7.0.0.8|CID:4|TS:5.790|SPD:20.2|HDG:-1.0|PX:116.0|PY:-50.0|L...
✓ [CAR 4] ACT=OK REP=0.903 RWD=1.000 PNL=0.000 CREDIT=7
[PASSIVE-BEACON] SIMNOW:5.884 CID:2 ZONE:1 RXUAV:1 EDGEPORT:9998 TS:5.870 SPD:19.700 HDG:0.900 PX:117.100 PY:-30.000 LAN:3 BRK:0 RX_X:0.000 RX_Y:0.000 RX_Z:0.000
[ZONE-ROUTE] CID:2 zone=1 edge_port=9998
[EDGE-RTT] CID:2 wall=1.2 ms  sim_delay=10.0 ms
>>> [UAV->CLOUD] BLK:f899|TX:7.0.0.6|CID:2|TS:5.870|SPD:19.7|HDG:0.9|PX:117.1|PY:-30.0|LA...
✓ [CAR 2] ACT=OK REP=0.703 RWD=1.000 PNL=0.000 CREDIT=6
[PASSIVE-BEACON] SIMNOW:5.996 CID:9 ZONE:1 RXUAV:1 EDGEPORT:9998 TS:5.982 SPD:19.900 HDG:0.400 PX:140.200 PY:-50.000 LAN:5 BRK:0 RX_X:0.000 RX_Y:0.000 RX_Z:0.000
[ZONE-ROUTE] CID:9 zone=1 edge_port=9998
[EDGE-RTT] CID:9 wall=1.1 ms  sim_delay=10.0 ms
>>> [UAV->CLOUD] BLK:fd08|TX:7.0.0.13|CID:9|TS:5.982|SPD:19.9|HDG:0.4|PX:140.2|PY:-50.0|L...
[PASSIVE-BEACON] SIMNOW:6.006 CID:8 ZONE:1 RXUAV:1 EDGEPORT:9998 TS:5.992 SPD:19.500 HDG:-1.800 PX:139.100 PY:-40.000 LAN:4 BRK:0 RX_X:0.000 RX_Y:0.000 RX_Z:0.000
[ZONE-ROUTE] CID:8 zone=1 edge_port=9998
[EDGE-RTT] CID:8 wall=0.8 ms  sim_delay=10.0 ms
>>> [UAV->CLOUD] BLK:6092|TX:7.0.0.12|CID:8|TS:5.992|SPD:19.5|HDG:-1.8|PX:139.1|PY:-40.0|...
✓ [CAR 9] ACT=OK REP=0.839 RWD=1.000 PNL=0.000 CREDIT=6
✓ [CAR 8] ACT=OK REP=0.931 RWD=1.000 PNL=0.000 CREDIT=6
[PASSIVE-BEACON] SIMNOW:6.032 CID:3 ZONE:1 RXUAV:1 EDGEPORT:9998 TS:6.020 SPD:19.500 HDG:0.500 PX:119.700 PY:-40.000 LAN:4 BRK:0 RX_X:0.000 RX_Y:0.000 RX_Z:0.000
[ZONE-ROUTE] CID:3 zone=1 edge_port=9998
[EDGE-RTT] CID:3 wall=1.2 ms  sim_delay=10.0 ms
>>> [UAV->CLOUD] BLK:44ab|TX:7.0.0.7|CID:3|TS:6.020|SPD:19.5|HDG:0.5|PX:119.7|PY:-40.0|LA...
[PASSIVE-BEACON] SIMNOW:6.036 CID:6 ZONE:1 RXUAV:1 EDGEPORT:9998 TS:6.022 SPD:19.900 HDG:-0.500 PX:140.300 PY:-20.000 LAN:2 BRK:0 RX_X:0.000 RX_Y:0.000 RX_Z:0.000
[ZONE-ROUTE] CID:6 zone=1 edge_port=9998
[EDGE-RTT] CID:6 wall=0.5 ms  sim_delay=10.0 ms
>>> [UAV->CLOUD] BLK:13ff|TX:7.0.0.10|CID:6|TS:6.022|SPD:19.9|HDG:-0.5|PX:140.3|PY:-20.0|...
✓ [CAR 3] ACT=OK REP=0.848 RWD=1.000 PNL=0.000 CREDIT=6
✓ [CAR 6] ACT=OK REP=1.000 RWD=1.000 PNL=0.000 CREDIT=8
[PASSIVE-BEACON] SIMNOW:6.144 CID:7 ZONE:1 RXUAV:1 EDGEPORT:9998 TS:6.132 SPD:20.200 HDG:-1.300 PX:143.300 PY:-30.000 LAN:3 BRK:0 RX_X:0.000 RX_Y:0.000 RX_Z:0.000
[ZONE-ROUTE] CID:7 zone=1 edge_port=9998
[EDGE-RTT] CID:7 wall=0.8 ms  sim_delay=10.0 ms
>>> [UAV->CLOUD] BLK:d6c0|TX:7.0.0.11|CID:7|TS:6.132|SPD:20.2|HDG:-1.3|PX:143.3|PY:-30.0|...
✓ [CAR 7] ACT=OK REP=1.000 RWD=1.000 PNL=0.000 CREDIT=8
[PASSIVE-BEACON] SIMNOW:6.234 CID:1 ZONE:1 RXUAV:1 EDGEPORT:9998 TS:6.220 SPD:20.300 HDG:-1.500 PX:123.800 PY:-20.000 LAN:2 BRK:0 RX_X:0.000 RX_Y:0.000 RX_Z:0.000
[ZONE-ROUTE] CID:1 zone=1 edge_port=9998
[EDGE-RTT] CID:1 wall=0.8 ms  sim_delay=10.0 ms
>>> [UAV->CLOUD] BLK:840a|TX:7.0.0.5|CID:1|TS:6.220|SPD:20.3|HDG:-1.5|PX:123.8|PY:-20.0|L...
[PASSIVE-BEACON] SIMNOW:6.234 CID:0 ZONE:1 RXUAV:1 EDGEPORT:9998 TS:6.220 SPD:19.700 HDG:-0.900 PX:124.300 PY:-10.000 LAN:1 BRK:1 RX_X:0.000 RX_Y:0.000 RX_Z:0.000
[ZONE-ROUTE] CID:0 zone=1 edge_port=9998
[EDGE-RTT] CID:0 wall=1.7 ms  sim_delay=10.0 ms
>>> [UAV->CLOUD] BLK:c500|TX:7.0.0.4|CID:0|TS:6.220|SPD:19.7|HDG:-0.9|PX:124.3|PY:-10.0|L...
✓ [CAR 0] ACT=OK REP=0.914 RWD=1.000 PNL=0.000 CREDIT=8
✓ [CAR 1] ACT=OK REP=1.000 RWD=1.000 PNL=0.000 CREDIT=8
[PASSIVE-BEACON] SIMNOW:6.249 CID:5 ZONE:1 RXUAV:1 EDGEPORT:9998 TS:6.232 SPD:20.100 HDG:-0.600 PX:145.300 PY:-10.000 LAN:1 BRK:0 RX_X:0.000 RX_Y:0.000 RX_Z:0.000
[ZONE-ROUTE] CID:5 zone=1 edge_port=9998
[EDGE-RTT] CID:5 wall=1.0 ms  sim_delay=10.0 ms
>>> [UAV->CLOUD] BLK:fd4f|TX:7.0.0.9|CID:5|TS:6.232|SPD:20.1|HDG:-0.6|PX:145.3|PY:-10.0|L...
✓ [CAR 5] ACT=OK REP=0.804 RWD=1.000 PNL=0.000 CREDIT=7
[PASSIVE-BEACON] SIMNOW:6.304 CID:4 ZONE:1 RXUAV:1 EDGEPORT:9998 TS:6.290 SPD:20.300 HDG:-0.200 PX:126.200 PY:-50.000 LAN:5 BRK:0 RX_X:0.000 RX_Y:0.000 RX_Z:0.000
[ZONE-ROUTE] CID:4 zone=1 edge_port=9998
[EDGE-RTT] CID:4 wall=0.9 ms  sim_delay=10.0 ms
>>> [UAV->CLOUD] BLK:9d10|TX:7.0.0.8|CID:4|TS:6.290|SPD:20.3|HDG:-0.2|PX:126.2|PY:-50.0|L...
✓ [CAR 4] ACT=OK REP=0.968 RWD=1.000 PNL=0.000 CREDIT=8
[PASSIVE-BEACON] SIMNOW:6.384 CID:2 ZONE:1 RXUAV:1 EDGEPORT:9998 TS:6.370 SPD:19.700 HDG:0.300 PX:127.200 PY:-30.000 LAN:3 BRK:0 RX_X:0.000 RX_Y:0.000 RX_Z:0.000
[ZONE-ROUTE] CID:2 zone=1 edge_port=9998
[EDGE-RTT] CID:2 wall=1.0 ms  sim_delay=10.0 ms
>>> [UAV->CLOUD] BLK:57d8|TX:7.0.0.6|CID:2|TS:6.370|SPD:19.7|HDG:0.3|PX:127.2|PY:-30.0|LA...
✓ [CAR 2] ACT=OK REP=0.996 RWD=1.000 PNL=0.000 CREDIT=7
[PASSIVE-BEACON] SIMNOW:6.496 CID:9 ZONE:1 RXUAV:1 EDGEPORT:9998 TS:6.482 SPD:20.000 HDG:-1.100 PX:150.300 PY:-50.000 LAN:5 BRK:0 RX_X:0.000 RX_Y:0.000 RX_Z:0.000
[ZONE-ROUTE] CID:9 zone=1 edge_port=9998
[EDGE-RTT] CID:9 wall=1.0 ms  sim_delay=10.0 ms
>>> [UAV->CLOUD] BLK:1c57|TX:7.0.0.13|CID:9|TS:6.482|SPD:20.0|HDG:-1.1|PX:150.3|PY:-50.0|...
[PASSIVE-BEACON] SIMNOW:6.506 CID:8 ZONE:1 RXUAV:1 EDGEPORT:9998 TS:6.492 SPD:19.700 HDG:0.700 PX:149.800 PY:-40.000 LAN:4 BRK:0 RX_X:0.000 RX_Y:0.000 RX_Z:0.000
[ZONE-ROUTE] CID:8 zone=1 edge_port=9998
[EDGE-RTT] CID:8 wall=0.6 ms  sim_delay=10.0 ms
>>> [UAV->CLOUD] BLK:6115|TX:7.0.0.12|CID:8|TS:6.492|SPD:19.7|HDG:0.7|PX:149.8|PY:-40.0|L...
✓ [CAR 9] ACT=OK REP=1.000 RWD=1.000 PNL=0.000 CREDIT=7
✓ [CAR 8] ACT=OK REP=0.975 RWD=1.000 PNL=0.000 CREDIT=7
[PASSIVE-BEACON] SIMNOW:6.534 CID:3 ZONE:1 RXUAV:1 EDGEPORT:9998 TS:6.520 SPD:20.100 HDG:0.800 PX:131.100 PY:-40.000 LAN:4 BRK:0 RX_X:0.000 RX_Y:0.000 RX_Z:0.000
[ZONE-ROUTE] CID:3 zone=1 edge_port=9998
[EDGE-RTT] CID:3 wall=0.8 ms  sim_delay=10.0 ms
>>> [UAV->CLOUD] BLK:15a6|TX:7.0.0.7|CID:3|TS:6.520|SPD:20.1|HDG:0.8|PX:131.1|PY:-40.0|LA...
[PASSIVE-BEACON] SIMNOW:6.536 CID:6 ZONE:1 RXUAV:1 EDGEPORT:9998 TS:6.522 SPD:20.200 HDG:-2.000 PX:151.000 PY:-20.000 LAN:2 BRK:0 RX_X:0.000 RX_Y:0.000 RX_Z:0.000
[ZONE-ROUTE] CID:6 zone=1 edge_port=9998
[EDGE-RTT] CID:6 wall=0.7 ms  sim_delay=10.0 ms
>>> [UAV->CLOUD] BLK:acac|TX:7.0.0.10|CID:6|TS:6.522|SPD:20.2|HDG:-2.0|PX:151.0|PY:-20.0|...
✓ [CAR 3] ACT=OK REP=0.936 RWD=1.000 PNL=0.000 CREDIT=7
✓ [CAR 6] ACT=OK REP=0.781 RWD=1.000 PNL=0.000 CREDIT=9
[PASSIVE-BEACON] SIMNOW:6.646 CID:7 ZONE:1 RXUAV:1 EDGEPORT:9998 TS:6.632 SPD:19.900 HDG:0.900 PX:152.100 PY:-30.000 LAN:3 BRK:0 RX_X:0.000 RX_Y:0.000 RX_Z:0.000
[ZONE-ROUTE] CID:7 zone=1 edge_port=9998
[EDGE-RTT] CID:7 wall=0.8 ms  sim_delay=10.0 ms
>>> [UAV->CLOUD] BLK:a980|TX:7.0.0.11|CID:7|TS:6.632|SPD:19.9|HDG:0.9|PX:152.1|PY:-30.0|L...
✓ [CAR 7] ACT=OK REP=0.849 RWD=1.000 PNL=0.000 CREDIT=9
[PASSIVE-BEACON] SIMNOW:6.734 CID:1 ZONE:1 RXUAV:1 EDGEPORT:9998 TS:6.720 SPD:20.000 HDG:-0.600 PX:133.900 PY:-20.000 LAN:2 BRK:0 RX_X:0.000 RX_Y:0.000 RX_Z:0.000
[ZONE-ROUTE] CID:1 zone=1 edge_port=9998
[EDGE-RTT] CID:1 wall=1.1 ms  sim_delay=10.0 ms
>>> [UAV->CLOUD] BLK:5006|TX:7.0.0.5|CID:1|TS:6.720|SPD:20.0|HDG:-0.6|PX:133.9|PY:-20.0|L...
[PASSIVE-BEACON] SIMNOW:6.734 CID:0 ZONE:1 RXUAV:1 EDGEPORT:9998 TS:6.720 SPD:19.700 HDG:1.700 PX:134.800 PY:-10.000 LAN:1 BRK:0 RX_X:0.000 RX_Y:0.000 RX_Z:0.000
[ZONE-ROUTE] CID:0 zone=1 edge_port=9998
[EDGE-RTT] CID:0 wall=2.2 ms  sim_delay=10.0 ms
>>> [UAV->CLOUD] BLK:2b7e|TX:7.0.0.4|CID:0|TS:6.720|SPD:19.7|HDG:1.7|PX:134.8|PY:-10.0|LA...
✓ [CAR 1] ACT=OK REP=0.947 RWD=1.000 PNL=0.000 CREDIT=9
✓ [CAR 0] ACT=OK REP=0.902 RWD=1.000 PNL=0.000 CREDIT=9
[PASSIVE-BEACON] SIMNOW:6.754 CID:5 ZONE:1 RXUAV:1 EDGEPORT:9998 TS:6.732 SPD:19.600 HDG:0.300 PX:155.100 PY:-10.000 LAN:1 BRK:0 RX_X:0.000 RX_Y:0.000 RX_Z:0.000
[ZONE-ROUTE] CID:5 zone=1 edge_port=9998
[EDGE-RTT] CID:5 wall=1.1 ms  sim_delay=10.0 ms
>>> [UAV->CLOUD] BLK:ef81|TX:7.0.0.9|CID:5|TS:6.732|SPD:19.6|HDG:0.3|PX:155.1|PY:-10.0|LA...
[PASSIVE-BEACON] SIMNOW:6.804 CID:4 ZONE:1 RXUAV:1 EDGEPORT:9998 TS:6.790 SPD:20.300 HDG:1.700 PX:135.800 PY:-50.000 LAN:5 BRK:0 RX_X:0.000 RX_Y:0.000 RX_Z:0.000
[ZONE-ROUTE] CID:4 zone=1 edge_port=9998
[EDGE-RTT] CID:4 wall=1.0 ms  sim_delay=10.0 ms
>>> [UAV->CLOUD] BLK:3e47|TX:7.0.0.8|CID:4|TS:6.790|SPD:20.3|HDG:1.7|PX:135.8|PY:-50.0|LA...
✓ [CAR 4] ACT=OK REP=0.745 RWD=1.000 PNL=0.000 CREDIT=9
[PASSIVE-BEACON] SIMNOW:6.884 CID:2 ZONE:1 RXUAV:1 EDGEPORT:9998 TS:6.870 SPD:20.200 HDG:-0.600 PX:137.800 PY:-30.000 LAN:3 BRK:0 RX_X:0.000 RX_Y:0.000 RX_Z:0.000
[ZONE-ROUTE] CID:2 zone=1 edge_port=9998
[EDGE-RTT] CID:2 wall=1.2 ms  sim_delay=10.0 ms
>>> [UAV->CLOUD] BLK:df04|TX:7.0.0.6|CID:2|TS:6.870|SPD:20.2|HDG:-0.6|PX:137.8|PY:-30.0|L...
✓ [CAR 2] ACT=OK REP=0.726 RWD=1.000 PNL=0.000 CREDIT=8
[PASSIVE-BEACON] SIMNOW:6.995 CID:9 ZONE:1 RXUAV:1 EDGEPORT:9998 TS:6.982 SPD:19.600 HDG:1.900 PX:159.900 PY:-50.000 LAN:5 BRK:0 RX_X:0.000 RX_Y:0.000 RX_Z:0.000
[ZONE-ROUTE] CID:9 zone=1 edge_port=9998
[EDGE-RTT] CID:9 wall=1.0 ms  sim_delay=10.0 ms
>>> [UAV->CLOUD] BLK:d437|TX:7.0.0.13|CID:9|TS:6.982|SPD:19.6|HDG:1.9|PX:159.9|PY:-50.0|L...
[PASSIVE-BEACON] SIMNOW:7.006 CID:8 ZONE:1 RXUAV:1 EDGEPORT:9998 TS:6.992 SPD:20.000 HDG:1.500 PX:159.600 PY:-40.000 LAN:4 BRK:1 RX_X:0.000 RX_Y:0.000 RX_Z:0.000
[ZONE-ROUTE] CID:8 zone=1 edge_port=9998
[EDGE-RTT] CID:8 wall=0.5 ms  sim_delay=10.0 ms
>>> [UAV->CLOUD] BLK:12e9|TX:7.0.0.12|CID:8|TS:6.992|SPD:20.0|HDG:1.5|PX:159.6|PY:-40.0|L...
✓ [CAR 9] ACT=OK REP=0.820 RWD=1.000 PNL=0.000 CREDIT=8
✓ [CAR 8] ACT=OK REP=1.000 RWD=1.000 PNL=0.000 CREDIT=8
[PASSIVE-BEACON] SIMNOW:7.034 CID:3 ZONE:1 RXUAV:1 EDGEPORT:9998 TS:7.020 SPD:20.000 HDG:1.900 PX:140.600 PY:-40.000 LAN:4 BRK:0 RX_X:0.000 RX_Y:0.000 RX_Z:0.000
[ZONE-ROUTE] CID:3 zone=1 edge_port=9998
[EDGE-RTT] CID:3 wall=0.8 ms  sim_delay=10.0 ms
>>> [UAV->CLOUD] BLK:03ed|TX:7.0.0.7|CID:3|TS:7.020|SPD:20.0|HDG:1.9|PX:140.6|PY:-40.0|LA...
[PKT-DROP] UAV dropped telemetry from 7.0.0.10 (drop_rate=1%)
✓ [CAR 3] ACT=OK REP=1.000 RWD=1.000 PNL=0.000 CREDIT=8
[PASSIVE-BEACON] SIMNOW:7.146 CID:7 ZONE:1 RXUAV:1 EDGEPORT:9998 TS:7.132 SPD:20.400 HDG:-0.200 PX:163.300 PY:-30.000 LAN:3 BRK:1 RX_X:0.000 RX_Y:0.000 RX_Z:0.000
[ZONE-ROUTE] CID:7 zone=1 edge_port=9998
[EDGE-RTT] CID:7 wall=0.9 ms  sim_delay=10.0 ms
>>> [UAV->CLOUD] BLK:6214|TX:7.0.0.11|CID:7|TS:7.132|SPD:20.4|HDG:-0.2|PX:163.3|PY:-30.0|...
✓ [CAR 7] ACT=OK REP=0.846 RWD=1.000 PNL=0.000 CREDIT=10
[PASSIVE-BEACON] SIMNOW:7.234 CID:1 ZONE:1 RXUAV:1 EDGEPORT:9998 TS:7.220 SPD:20.200 HDG:-0.100 PX:144.000 PY:-20.000 LAN:2 BRK:0 RX_X:0.000 RX_Y:0.000 RX_Z:0.000
[ZONE-ROUTE] CID:1 zone=1 edge_port=9998
[EDGE-RTT] CID:1 wall=0.8 ms  sim_delay=10.0 ms
>>> [UAV->CLOUD] BLK:166f|TX:7.0.0.5|CID:1|TS:7.220|SPD:20.2|HDG:-0.1|PX:144.0|PY:-20.0|L...
[PASSIVE-BEACON] SIMNOW:7.234 CID:0 ZONE:1 RXUAV:1 EDGEPORT:9998 TS:7.220 SPD:19.800 HDG:0.500 PX:144.400 PY:-10.000 LAN:1 BRK:0 RX_X:0.000 RX_Y:0.000 RX_Z:0.000
[ZONE-ROUTE] CID:0 zone=1 edge_port=9998
[EDGE-RTT] CID:0 wall=2.0 ms  sim_delay=10.0 ms
>>> [UAV->CLOUD] BLK:dcb6|TX:7.0.0.4|CID:0|TS:7.220|SPD:19.8|HDG:0.5|PX:144.4|PY:-10.0|LA...
✓ [CAR 1] ACT=OK REP=0.744 RWD=1.000 PNL=0.000 CREDIT=10
✓ [CAR 0] ACT=OK REP=0.652 RWD=1.000 PNL=0.000 CREDIT=10
[PASSIVE-BEACON] SIMNOW:7.304 CID:4 ZONE:1 RXUAV:1 EDGEPORT:9998 TS:7.290 SPD:19.600 HDG:-1.900 PX:145.800 PY:-50.000 LAN:5 BRK:0 RX_X:0.000 RX_Y:0.000 RX_Z:0.000
[ZONE-ROUTE] CID:4 zone=1 edge_port=9998
[EDGE-RTT] CID:4 wall=1.1 ms  sim_delay=10.0 ms
>>> [UAV->CLOUD] BLK:88b1|TX:7.0.0.8|CID:4|TS:7.290|SPD:19.6|HDG:-1.9|PX:145.8|PY:-50.0|L...
✓ [CAR 4] ACT=OK REP=0.779 RWD=1.000 PNL=0.000 CREDIT=10
[PASSIVE-BEACON] SIMNOW:7.384 CID:2 ZONE:1 RXUAV:1 EDGEPORT:9998 TS:7.370 SPD:20.300 HDG:1.600 PX:147.600 PY:-30.000 LAN:3 BRK:0 RX_X:0.000 RX_Y:0.000 RX_Z:0.000
[ZONE-ROUTE] CID:2 zone=1 edge_port=9998
[EDGE-RTT] CID:2 wall=0.9 ms  sim_delay=10.0 ms
>>> [UAV->CLOUD] BLK:a790|TX:7.0.0.6|CID:2|TS:7.370|SPD:20.3|HDG:1.6|PX:147.6|PY:-30.0|LA...
[PASSIVE-BEACON] SIMNOW:7.389 CID:5 ZONE:1 RXUAV:1 EDGEPORT:9998 TS:7.232 SPD:20.200 HDG:0.600 PX:164.100 PY:-10.000 LAN:1 BRK:0 RX_X:0.000 RX_Y:0.000 RX_Z:0.000
[ZONE-ROUTE] CID:5 zone=1 edge_port=9998
[EDGE-RTT] CID:5 wall=0.8 ms  sim_delay=10.0 ms
>>> [UAV->CLOUD] BLK:607f|TX:7.0.0.9|CID:5|TS:7.232|SPD:20.2|HDG:0.6|PX:164.1|PY:-10.0|LA...
✓ [CAR 2] ACT=OK REP=0.733 RWD=1.000 PNL=0.000 CREDIT=9
[PASSIVE-BEACON] SIMNOW:7.496 CID:9 ZONE:1 RXUAV:1 EDGEPORT:9998 TS:7.482 SPD:19.700 HDG:-1.400 PX:169.500 PY:-50.000 LAN:5 BRK:0 RX_X:0.000 RX_Y:0.000 RX_Z:0.000
[ZONE-ROUTE] CID:9 zone=1 edge_port=9998
[EDGE-RTT] CID:9 wall=0.9 ms  sim_delay=10.0 ms
>>> [UAV->CLOUD] BLK:3e76|TX:7.0.0.13|CID:9|TS:7.482|SPD:19.7|HDG:-1.4|PX:169.5|PY:-50.0|...
✓ [CAR 5] ACT=OK REP=0.807 RWD=1.000 PNL=0.000 CREDIT=9
[PASSIVE-BEACON] SIMNOW:7.506 CID:8 ZONE:1 RXUAV:1 EDGEPORT:9998 TS:7.492 SPD:19.800 HDG:-0.800 PX:169.300 PY:-40.000 LAN:4 BRK:0 RX_X:0.000 RX_Y:0.000 RX_Z:0.000
[ZONE-ROUTE] CID:8 zone=1 edge_port=9998
[EDGE-RTT] CID:8 wall=1.1 ms  sim_delay=10.0 ms
>>> [UAV->CLOUD] BLK:87dd|TX:7.0.0.12|CID:8|TS:7.492|SPD:19.8|HDG:-0.8|PX:169.3|PY:-40.0|...
✓ [CAR 9] ACT=OK REP=0.899 RWD=1.000 PNL=0.000 CREDIT=9
✓ [CAR 8] ACT=OK REP=1.000 RWD=1.000 PNL=0.000 CREDIT=9
[PASSIVE-BEACON] SIMNOW:7.533 CID:3 ZONE:1 RXUAV:1 EDGEPORT:9998 TS:7.520 SPD:19.600 HDG:0.900 PX:149.700 PY:-40.000 LAN:4 BRK:0 RX_X:0.000 RX_Y:0.000 RX_Z:0.000
[ZONE-ROUTE] CID:3 zone=1 edge_port=9998
[EDGE-RTT] CID:3 wall=1.2 ms  sim_delay=10.0 ms
>>> [UAV->CLOUD] BLK:aea8|TX:7.0.0.7|CID:3|TS:7.520|SPD:19.6|HDG:0.9|PX:149.7|PY:-40.0|LA...
[PASSIVE-BEACON] SIMNOW:7.536 CID:6 ZONE:1 RXUAV:1 EDGEPORT:9998 TS:7.522 SPD:20.200 HDG:-0.400 PX:170.800 PY:-20.000 LAN:2 BRK:0 RX_X:0.000 RX_Y:0.000 RX_Z:0.000
[ZONE-ROUTE] CID:6 zone=1 edge_port=9998
[EDGE-RTT] CID:6 wall=0.8 ms  sim_delay=10.0 ms
>>> [UAV->CLOUD] BLK:8a08|TX:7.0.0.10|CID:6|TS:7.522|SPD:20.2|HDG:-0.4|PX:170.8|PY:-20.0|...
✓ [CAR 3] ACT=OK REP=0.939 RWD=1.000 PNL=0.000 CREDIT=9
✓ [CAR 6] ACT=OK REP=0.736 RWD=1.000 PNL=0.000 CREDIT=10
[PASSIVE-BEACON] SIMNOW:7.645 CID:7 ZONE:1 RXUAV:1 EDGEPORT:9998 TS:7.632 SPD:19.800 HDG:-0.500 PX:172.200 PY:-30.000 LAN:3 BRK:1 RX_X:0.000 RX_Y:0.000 RX_Z:0.000
[ZONE-ROUTE] CID:7 zone=1 edge_port=9998
[EDGE-RTT] CID:7 wall=1.1 ms  sim_delay=10.0 ms
>>> [UAV->CLOUD] BLK:6ba2|TX:7.0.0.11|CID:7|TS:7.632|SPD:19.8|HDG:-0.5|PX:172.2|PY:-30.0|...
✓ [CAR 7] ACT=OK REP=0.940 RWD=1.000 PNL=0.000 CREDIT=11
[PASSIVE-BEACON] SIMNOW:7.734 CID:1 ZONE:1 RXUAV:1 EDGEPORT:9998 TS:7.720 SPD:20.400 HDG:-0.900 PX:154.400 PY:-20.000 LAN:2 BRK:0 RX_X:0.000 RX_Y:0.000 RX_Z:0.000
[ZONE-ROUTE] CID:1 zone=1 edge_port=9998
[EDGE-RTT] CID:1 wall=1.1 ms  sim_delay=10.0 ms
>>> [UAV->CLOUD] BLK:4b86|TX:7.0.0.5|CID:1|TS:7.720|SPD:20.4|HDG:-0.9|PX:154.4|PY:-20.0|L...
[PASSIVE-BEACON] SIMNOW:7.734 CID:0 ZONE:1 RXUAV:1 EDGEPORT:9998 TS:7.720 SPD:20.200 HDG:1.100 PX:154.400 PY:-10.000 LAN:1 BRK:0 RX_X:0.000 RX_Y:0.000 RX_Z:0.000
[ZONE-ROUTE] CID:0 zone=1 edge_port=9998
[EDGE-RTT] CID:0 wall=2.0 ms  sim_delay=10.0 ms
>>> [UAV->CLOUD] BLK:8085|TX:7.0.0.4|CID:0|TS:7.720|SPD:20.2|HDG:1.1|PX:154.4|PY:-10.0|LA...
✓ [CAR 0] ACT=OK REP=1.000 RWD=1.000 PNL=0.000 CREDIT=11
✓ [CAR 1] ACT=OK REP=0.890 RWD=1.000 PNL=0.000 CREDIT=11
[PASSIVE-BEACON] SIMNOW:7.802 CID:4 ZONE:1 RXUAV:1 EDGEPORT:9998 TS:7.790 SPD:19.700 HDG:1.900 PX:156.400 PY:-50.000 LAN:5 BRK:0 RX_X:0.000 RX_Y:0.000 RX_Z:0.000
[ZONE-ROUTE] CID:4 zone=1 edge_port=9998
[EDGE-RTT] CID:4 wall=0.9 ms  sim_delay=10.0 ms
>>> [UAV->CLOUD] BLK:f333|TX:7.0.0.8|CID:4|TS:7.790|SPD:19.7|HDG:1.9|PX:156.4|PY:-50.0|LA...
✓ [CAR 4] ACT=OK REP=1.000 RWD=1.000 PNL=0.000 CREDIT=11
[PASSIVE-BEACON] SIMNOW:7.831 CID:5 ZONE:1 RXUAV:1 EDGEPORT:9998 TS:7.732 SPD:20.000 HDG:-0.200 PX:174.400 PY:-10.000 LAN:1 BRK:0 RX_X:0.000 RX_Y:0.000 RX_Z:0.000
[ZONE-ROUTE] CID:5 zone=1 edge_port=9998
[EDGE-RTT] CID:5 wall=1.0 ms  sim_delay=10.0 ms
>>> [UAV->CLOUD] BLK:579f|TX:7.0.0.9|CID:5|TS:7.732|SPD:20.0|HDG:-0.2|PX:174.4|PY:-10.0|L...
✓ [CAR 5] ACT=OK REP=0.875 RWD=1.000 PNL=0.000 CREDIT=10
[PASSIVE-BEACON] SIMNOW:7.884 CID:2 ZONE:1 RXUAV:1 EDGEPORT:9998 TS:7.870 SPD:20.400 HDG:-0.400 PX:157.000 PY:-30.000 LAN:3 BRK:1 RX_X:0.000 RX_Y:0.000 RX_Z:0.000
[ZONE-ROUTE] CID:2 zone=1 edge_port=9998
[EDGE-RTT] CID:2 wall=0.9 ms  sim_delay=10.0 ms
>>> [UAV->CLOUD] BLK:17d2|TX:7.0.0.6|CID:2|TS:7.870|SPD:20.4|HDG:-0.4|PX:157.0|PY:-30.0|L...
✓ [CAR 2] ACT=OK REP=0.836 RWD=1.000 PNL=0.000 CREDIT=10
[PASSIVE-BEACON] SIMNOW:7.996 CID:9 ZONE:1 RXUAV:1 EDGEPORT:9998 TS:7.982 SPD:19.500 HDG:-0.200 PX:179.900 PY:-50.000 LAN:5 BRK:0 RX_X:0.000 RX_Y:0.000 RX_Z:0.000
[ZONE-ROUTE] CID:9 zone=1 edge_port=9998
[EDGE-RTT] CID:9 wall=1.0 ms  sim_delay=10.0 ms
>>> [UAV->CLOUD] BLK:265a|TX:7.0.0.13|CID:9|TS:7.982|SPD:19.5|HDG:-0.2|PX:179.9|PY:-50.0|...
[PASSIVE-BEACON] SIMNOW:8.006 CID:8 ZONE:1 RXUAV:1 EDGEPORT:9998 TS:7.992 SPD:19.500 HDG:1.500 PX:179.200 PY:-40.000 LAN:4 BRK:0 RX_X:0.000 RX_Y:0.000 RX_Z:0.000
[ZONE-ROUTE] CID:8 zone=1 edge_port=9998
[EDGE-RTT] CID:8 wall=0.9 ms  sim_delay=10.0 ms
>>> [UAV->CLOUD] BLK:61e9|TX:7.0.0.12|CID:8|TS:7.992|SPD:19.5|HDG:1.5|PX:179.2|PY:-40.0|L...
✓ [CAR 9] ACT=OK REP=0.861 RWD=1.000 PNL=0.000 CREDIT=10
✓ [CAR 8] ACT=OK REP=0.989 RWD=1.000 PNL=0.000 CREDIT=10
[PASSIVE-BEACON] SIMNOW:8.034 CID:3 ZONE:1 RXUAV:1 EDGEPORT:9998 TS:8.020 SPD:20.200 HDG:-0.900 PX:161.000 PY:-40.000 LAN:4 BRK:0 RX_X:0.000 RX_Y:0.000 RX_Z:0.000
[ZONE-ROUTE] CID:3 zone=1 edge_port=9998
[EDGE-RTT] CID:3 wall=1.0 ms  sim_delay=10.0 ms
>>> [UAV->CLOUD] BLK:ddc1|TX:7.0.0.7|CID:3|TS:8.020|SPD:20.2|HDG:-0.9|PX:161.0|PY:-40.0|L...
[PASSIVE-BEACON] SIMNOW:8.036 CID:6 ZONE:1 RXUAV:1 EDGEPORT:9998 TS:8.022 SPD:19.700 HDG:-1.400 PX:180.800 PY:-20.000 LAN:2 BRK:1 RX_X:0.000 RX_Y:0.000 RX_Z:0.000
[ZONE-ROUTE] CID:6 zone=1 edge_port=9998
[EDGE-RTT] CID:6 wall=0.9 ms  sim_delay=10.0 ms
>>> [UAV->CLOUD] BLK:53f5|TX:7.0.0.10|CID:6|TS:8.022|SPD:19.7|HDG:-1.4|PX:180.8|PY:-20.0|...
✓ [CAR 3] ACT=OK REP=1.000 RWD=1.000 PNL=0.000 CREDIT=10
✓ [CAR 6] ACT=OK REP=1.000 RWD=1.000 PNL=0.000 CREDIT=11
[PASSIVE-BEACON] SIMNOW:8.146 CID:7 ZONE:1 RXUAV:1 EDGEPORT:9998 TS:8.132 SPD:19.800 HDG:1.500 PX:182.600 PY:-30.000 LAN:3 BRK:0 RX_X:0.000 RX_Y:0.000 RX_Z:0.000
[ZONE-ROUTE] CID:7 zone=1 edge_port=9998
[EDGE-RTT] CID:7 wall=1.0 ms  sim_delay=10.0 ms
>>> [UAV->CLOUD] BLK:1f21|TX:7.0.0.11|CID:7|TS:8.132|SPD:19.8|HDG:1.5|PX:182.6|PY:-30.0|L...
✓ [CAR 7] ACT=OK REP=1.000 RWD=1.000 PNL=0.000 CREDIT=12
[PASSIVE-BEACON] SIMNOW:8.234 CID:1 ZONE:1 RXUAV:1 EDGEPORT:9998 TS:8.220 SPD:20.100 HDG:1.000 PX:163.800 PY:-20.000 LAN:2 BRK:0 RX_X:0.000 RX_Y:0.000 RX_Z:0.000
[ZONE-ROUTE] CID:1 zone=1 edge_port=9998
[EDGE-RTT] CID:1 wall=1.2 ms  sim_delay=10.0 ms
>>> [UAV->CLOUD] BLK:1d05|TX:7.0.0.5|CID:1|TS:8.220|SPD:20.1|HDG:1.0|PX:163.8|PY:-20.0|LA...
[PASSIVE-BEACON] SIMNOW:8.234 CID:0 ZONE:1 RXUAV:1 EDGEPORT:9998 TS:8.220 SPD:20.400 HDG:-0.200 PX:163.800 PY:-10.000 LAN:1 BRK:0 RX_X:0.000 RX_Y:0.000 RX_Z:0.000
[ZONE-ROUTE] CID:0 zone=1 edge_port=9998
[EDGE-RTT] CID:0 wall=2.0 ms  sim_delay=10.0 ms
>>> [UAV->CLOUD] BLK:7d4c|TX:7.0.0.4|CID:0|TS:8.220|SPD:20.4|HDG:-0.2|PX:163.8|PY:-10.0|L...
✓ [CAR 1] ACT=OK REP=0.909 RWD=1.000 PNL=0.000 CREDIT=12
✓ [CAR 0] ACT=OK REP=0.743 RWD=1.000 PNL=0.000 CREDIT=12
[PASSIVE-BEACON] SIMNOW:8.304 CID:4 ZONE:1 RXUAV:1 EDGEPORT:9998 TS:8.290 SPD:20.400 HDG:0.800 PX:166.300 PY:-50.000 LAN:5 BRK:0 RX_X:0.000 RX_Y:0.000 RX_Z:0.000
[ZONE-ROUTE] CID:4 zone=1 edge_port=9998
[EDGE-RTT] CID:4 wall=1.0 ms  sim_delay=10.0 ms
>>> [UAV->CLOUD] BLK:5e23|TX:7.0.0.8|CID:4|TS:8.290|SPD:20.4|HDG:0.8|PX:166.3|PY:-50.0|LA...
✓ [CAR 4] ACT=OK REP=0.676 RWD=1.000 PNL=0.000 CREDIT=12
[PASSIVE-BEACON] SIMNOW:8.384 CID:2 ZONE:1 RXUAV:1 EDGEPORT:9998 TS:8.370 SPD:19.800 HDG:-1.400 PX:167.200 PY:-30.000 LAN:3 BRK:0 RX_X:0.000 RX_Y:0.000 RX_Z:0.000
[ZONE-ROUTE] CID:2 zone=1 edge_port=9998
[EDGE-RTT] CID:2 wall=0.9 ms  sim_delay=10.0 ms
>>> [UAV->CLOUD] BLK:72bb|TX:7.0.0.6|CID:2|TS:8.370|SPD:19.8|HDG:-1.4|PX:167.2|PY:-30.0|L...
✓ [CAR 2] ACT=OK REP=0.936 RWD=1.000 PNL=0.000 CREDIT=11
[PASSIVE-BEACON] SIMNOW:8.496 CID:9 ZONE:1 RXUAV:1 EDGEPORT:9998 TS:8.482 SPD:20.400 HDG:1.400 PX:190.100 PY:-50.000 LAN:5 BRK:0 RX_X:0.000 RX_Y:0.000 RX_Z:0.000
[ZONE-ROUTE] CID:9 zone=1 edge_port=9998
[EDGE-RTT] CID:9 wall=1.0 ms  sim_delay=10.0 ms
>>> [UAV->CLOUD] BLK:b617|TX:7.0.0.13|CID:9|TS:8.482|SPD:20.4|HDG:1.4|PX:190.1|PY:-50.0|L...
[PASSIVE-BEACON] SIMNOW:8.506 CID:8 ZONE:1 RXUAV:1 EDGEPORT:9998 TS:8.492 SPD:19.700 HDG:-1.700 PX:189.700 PY:-40.000 LAN:4 BRK:0 RX_X:0.000 RX_Y:0.000 RX_Z:0.000
[ZONE-ROUTE] CID:8 zone=1 edge_port=9998
[EDGE-RTT] CID:8 wall=0.9 ms  sim_delay=10.0 ms
>>> [UAV->CLOUD] BLK:3004|TX:7.0.0.12|CID:8|TS:8.492|SPD:19.7|HDG:-1.7|PX:189.7|PY:-40.0|...
✓ [CAR 9] ACT=OK REP=1.000 RWD=1.000 PNL=0.000 CREDIT=11
✓ [CAR 8] ACT=OK REP=1.000 RWD=1.000 PNL=0.000 CREDIT=11
[PASSIVE-BEACON] SIMNOW:8.534 CID:3 ZONE:1 RXUAV:1 EDGEPORT:9998 TS:8.520 SPD:20.100 HDG:-0.200 PX:171.000 PY:-40.000 LAN:4 BRK:0 RX_X:0.000 RX_Y:0.000 RX_Z:0.000
[ZONE-ROUTE] CID:3 zone=1 edge_port=9998
[EDGE-RTT] CID:3 wall=0.8 ms  sim_delay=10.0 ms
>>> [UAV->CLOUD] BLK:fb37|TX:7.0.0.7|CID:3|TS:8.520|SPD:20.1|HDG:-0.2|PX:171.0|PY:-40.0|L...
[PASSIVE-BEACON] SIMNOW:8.536 CID:6 ZONE:1 RXUAV:1 EDGEPORT:9998 TS:8.522 SPD:20.300 HDG:0.700 PX:190.100 PY:-20.000 LAN:2 BRK:0 RX_X:0.000 RX_Y:0.000 RX_Z:0.000
[ZONE-ROUTE] CID:6 zone=1 edge_port=9998
[EDGE-RTT] CID:6 wall=0.8 ms  sim_delay=10.0 ms
>>> [UAV->CLOUD] BLK:a0a1|TX:7.0.0.10|CID:6|TS:8.522|SPD:20.3|HDG:0.7|PX:190.1|PY:-20.0|L...
✓ [CAR 3] ACT=OK REP=1.000 RWD=1.000 PNL=0.000 CREDIT=11
✓ [CAR 6] ACT=OK REP=0.881 RWD=1.000 PNL=0.000 CREDIT=12
[PASSIVE-BEACON] SIMNOW:8.646 CID:7 ZONE:1 RXUAV:1 EDGEPORT:9998 TS:8.632 SPD:20.000 HDG:1.700 PX:191.900 PY:-30.000 LAN:3 BRK:1 RX_X:0.000 RX_Y:0.000 RX_Z:0.000
[ZONE-ROUTE] CID:7 zone=1 edge_port=9998
[EDGE-RTT] CID:7 wall=1.0 ms  sim_delay=10.0 ms
>>> [UAV->CLOUD] BLK:6ef0|TX:7.0.0.11|CID:7|TS:8.632|SPD:20.0|HDG:1.7|PX:191.9|PY:-30.0|L...
✓ [CAR 7] ACT=OK REP=1.000 RWD=1.000 PNL=0.000 CREDIT=13
[PASSIVE-BEACON] SIMNOW:8.734 CID:1 ZONE:1 RXUAV:1 EDGEPORT:9998 TS:8.720 SPD:20.200 HDG:-1.500 PX:174.100 PY:-20.000 LAN:2 BRK:0 RX_X:0.000 RX_Y:0.000 RX_Z:0.000
[ZONE-ROUTE] CID:1 zone=1 edge_port=9998
[EDGE-RTT] CID:1 wall=0.9 ms  sim_delay=10.0 ms
>>> [UAV->CLOUD] BLK:40c7|TX:7.0.0.5|CID:1|TS:8.720|SPD:20.2|HDG:-1.5|PX:174.1|PY:-20.0|L...
[PASSIVE-BEACON] SIMNOW:8.734 CID:0 ZONE:1 RXUAV:1 EDGEPORT:9998 TS:8.720 SPD:20.200 HDG:-1.000 PX:175.100 PY:-10.000 LAN:1 BRK:0 RX_X:0.000 RX_Y:0.000 RX_Z:0.000
[ZONE-ROUTE] CID:0 zone=1 edge_port=9998
[EDGE-RTT] CID:0 wall=2.5 ms  sim_delay=10.0 ms
>>> [UAV->CLOUD] BLK:8e45|TX:7.0.0.4|CID:0|TS:8.720|SPD:20.2|HDG:-1.0|PX:175.1|PY:-10.0|L...
✓ [CAR 1] ACT=OK REP=0.663 RWD=1.000 PNL=0.000 CREDIT=13
✓ [CAR 0] ACT=OK REP=0.814 RWD=1.000 PNL=0.000 CREDIT=13
[PASSIVE-BEACON] SIMNOW:8.804 CID:4 ZONE:1 RXUAV:1 EDGEPORT:9998 TS:8.790 SPD:19.500 HDG:1.900 PX:175.200 PY:-50.000 LAN:5 BRK:1 RX_X:0.000 RX_Y:0.000 RX_Z:0.000
[ZONE-ROUTE] CID:4 zone=1 edge_port=9998
[EDGE-RTT] CID:4 wall=1.0 ms  sim_delay=10.0 ms
>>> [UAV->CLOUD] BLK:7959|TX:7.0.0.8|CID:4|TS:8.790|SPD:19.5|HDG:1.9|PX:175.2|PY:-50.0|LA...
✓ [CAR 4] ACT=OK REP=0.893 RWD=1.000 PNL=0.000 CREDIT=13
[PASSIVE-BEACON] SIMNOW:8.884 CID:2 ZONE:1 RXUAV:1 EDGEPORT:9998 TS:8.870 SPD:19.800 HDG:-1.800 PX:177.800 PY:-30.000 LAN:3 BRK:0 RX_X:0.000 RX_Y:0.000 RX_Z:0.000
[ZONE-ROUTE] CID:2 zone=1 edge_port=9998
[EDGE-RTT] CID:2 wall=0.9 ms  sim_delay=10.0 ms
>>> [UAV->CLOUD] BLK:b066|TX:7.0.0.6|CID:2|TS:8.870|SPD:19.8|HDG:-1.8|PX:177.8|PY:-30.0|L...
✓ [CAR 2] ACT=OK REP=1.000 RWD=1.000 PNL=0.000 CREDIT=12
[PASSIVE-BEACON] SIMNOW:8.996 CID:9 ZONE:1 RXUAV:1 EDGEPORT:9998 TS:8.982 SPD:20.000 HDG:-1.800 PX:200.100 PY:-50.000 LAN:5 BRK:1 RX_X:0.000 RX_Y:0.000 RX_Z:0.000
[ZONE-ROUTE] CID:9 zone=1 edge_port=9998
[EDGE-RTT] CID:9 wall=1.2 ms  sim_delay=10.0 ms
>>> [UAV->CLOUD] BLK:cf99|TX:7.0.0.13|CID:9|TS:8.982|SPD:20.0|HDG:-1.8|PX:200.1|PY:-50.0|...
[PASSIVE-BEACON] SIMNOW:9.006 CID:8 ZONE:1 RXUAV:1 EDGEPORT:9998 TS:8.992 SPD:19.600 HDG:1.800 PX:200.000 PY:-40.000 LAN:4 BRK:1 RX_X:0.000 RX_Y:0.000 RX_Z:0.000
[ZONE-ROUTE] CID:8 zone=1 edge_port=9998
[EDGE-RTT] CID:8 wall=0.9 ms  sim_delay=10.0 ms
>>> [UAV->CLOUD] BLK:5e69|TX:7.0.0.12|CID:8|TS:8.992|SPD:19.6|HDG:1.8|PX:200.0|PY:-40.0|L...
✓ [CAR 9] ACT=OK REP=0.941 RWD=1.000 PNL=0.000 CREDIT=12
✓ [CAR 8] ACT=OK REP=0.855 RWD=1.000 PNL=0.000 CREDIT=12
[PASSIVE-BEACON] SIMNOW:9.034 CID:6 ZONE:1 RXUAV:1 EDGEPORT:9998 TS:9.022 SPD:20.200 HDG:0.700 PX:201.000 PY:-20.000 LAN:2 BRK:0 RX_X:0.000 RX_Y:0.000 RX_Z:0.000
[ZONE-ROUTE] CID:6 zone=1 edge_port=9998
[EDGE-RTT] CID:6 wall=0.7 ms  sim_delay=10.0 ms
>>> [UAV->CLOUD] BLK:4c19|TX:7.0.0.10|CID:6|TS:9.022|SPD:20.2|HDG:0.7|PX:201.0|PY:-20.0|L...
[PASSIVE-BEACON] SIMNOW:9.034 CID:3 ZONE:1 RXUAV:1 EDGEPORT:9998 TS:9.020 SPD:20.500 HDG:1.800 PX:181.000 PY:-40.000 LAN:4 BRK:0 RX_X:0.000 RX_Y:0.000 RX_Z:0.000
[ZONE-ROUTE] CID:3 zone=1 edge_port=9998
[EDGE-RTT] CID:3 wall=1.8 ms  sim_delay=10.0 ms
>>> [UAV->CLOUD] BLK:f4ce|TX:7.0.0.7|CID:3|TS:9.020|SPD:20.5|HDG:1.8|PX:181.0|PY:-40.0|LA...
✓ [CAR 3] ACT=OK REP=0.924 RWD=1.000 PNL=0.000 CREDIT=12
✓ [CAR 6] ACT=OK REP=0.904 RWD=1.000 PNL=0.000 CREDIT=13
[PASSIVE-BEACON] SIMNOW:9.146 CID:7 ZONE:1 RXUAV:1 EDGEPORT:9998 TS:9.132 SPD:19.500 HDG:0.200 PX:201.900 PY:-30.000 LAN:3 BRK:1 RX_X:0.000 RX_Y:0.000 RX_Z:0.000
[ZONE-ROUTE] CID:7 zone=1 edge_port=9998
[EDGE-RTT] CID:7 wall=0.8 ms  sim_delay=10.0 ms
[TRUST-UPGRADE] CID:7 earned LANE_UPGRADE after 15 clean packets → lane 0 + 2.0 m/s
>>> [UAV->CLOUD] BLK:0db7|TX:7.0.0.11|CID:7|TS:9.132|SPD:19.5|HDG:0.2|PX:201.9|PY:-30.0|L...
[TRUST-APPLIED] CID:7 LANE_UPGRADE → logical reward only; telemetry lane unchanged lane=3 speed unchanged=20.0 m/s [reward-speed disabled to avoid M1 false positive]
✓ [CAR 7] ACT=OK REP=0.500 RWD=1.500 PNL=0.000 CREDIT=15
✓ [CAR 7] ACT=OK REP=0.715 RWD=1.000 PNL=0.000 CREDIT=14
[PASSIVE-BEACON] SIMNOW:9.234 CID:1 ZONE:1 RXUAV:1 EDGEPORT:9998 TS:9.220 SPD:20.200 HDG:-1.400 PX:184.300 PY:-20.000 LAN:2 BRK:0 RX_X:0.000 RX_Y:0.000 RX_Z:0.000
[ZONE-ROUTE] CID:1 zone=1 edge_port=9998
[EDGE-RTT] CID:1 wall=0.9 ms  sim_delay=10.0 ms
[TRUST-UPGRADE] CID:1 earned LANE_UPGRADE after 15 clean packets → lane 0 + 2.0 m/s
>>> [UAV->CLOUD] BLK:64c8|TX:7.0.0.5|CID:1|TS:9.220|SPD:20.2|HDG:-1.4|PX:184.3|PY:-20.0|L...
[PASSIVE-BEACON] SIMNOW:9.234 CID:0 ZONE:1 RXUAV:1 EDGEPORT:9998 TS:9.220 SPD:19.700 HDG:0.400 PX:184.200 PY:-10.000 LAN:1 BRK:0 RX_X:0.000 RX_Y:0.000 RX_Z:0.000
[ZONE-ROUTE] CID:0 zone=1 edge_port=9998
[EDGE-RTT] CID:0 wall=1.7 ms  sim_delay=10.0 ms
[TRUST-UPGRADE] CID:0 earned LANE_UPGRADE after 15 clean packets → lane 0 + 2.0 m/s
>>> [UAV->CLOUD] BLK:79cc|TX:7.0.0.4|CID:0|TS:9.220|SPD:19.7|HDG:0.4|PX:184.2|PY:-10.0|LA...
[TRUST-APPLIED] CID:1 LANE_UPGRADE → logical reward only; telemetry lane unchanged lane=2 speed unchanged=20.0 m/s [reward-speed disabled to avoid M1 false positive]
✓ [CAR 1] ACT=OK REP=0.500 RWD=1.500 PNL=0.000 CREDIT=15
[TRUST-APPLIED] CID:0 LANE_UPGRADE → logical reward only; telemetry lane unchanged lane=1 speed unchanged=20.000 m/s [reward-speed disabled to avoid M1 false positive]
✓ [CAR 0] ACT=OK REP=0.500 RWD=1.500 PNL=0.000 CREDIT=15
✓ [CAR 1] ACT=OK REP=0.684 RWD=1.000 PNL=0.000 CREDIT=14
✓ [CAR 0] ACT=OK REP=0.713 RWD=1.000 PNL=0.000 CREDIT=14
[PASSIVE-BEACON] SIMNOW:9.303 CID:4 ZONE:1 RXUAV:1 EDGEPORT:9998 TS:9.290 SPD:20.300 HDG:-1.600 PX:186.000 PY:-50.000 LAN:5 BRK:0 RX_X:0.000 RX_Y:0.000 RX_Z:0.000
[ZONE-ROUTE] CID:4 zone=1 edge_port=9998
[EDGE-RTT] CID:4 wall=1.0 ms  sim_delay=10.0 ms
[TRUST-UPGRADE] CID:4 earned LANE_UPGRADE after 15 clean packets → lane 0 + 2.0 m/s
>>> [UAV->CLOUD] BLK:55b1|TX:7.0.0.8|CID:4|TS:9.290|SPD:20.3|HDG:-1.6|PX:186.0|PY:-50.0|L...
[TRUST-APPLIED] CID:4 LANE_UPGRADE → logical reward only; telemetry lane unchanged lane=5 speed unchanged=20.0 m/s [reward-speed disabled to avoid M1 false positive]
✓ [CAR 4] ACT=OK REP=0.500 RWD=1.500 PNL=0.000 CREDIT=15
✓ [CAR 4] ACT=OK REP=0.921 RWD=1.000 PNL=0.000 CREDIT=14
[PASSIVE-BEACON] SIMNOW:9.384 CID:2 ZONE:1 RXUAV:1 EDGEPORT:9998 TS:9.370 SPD:20.500 HDG:1.900 PX:187.100 PY:-30.000 LAN:3 BRK:0 RX_X:0.000 RX_Y:0.000 RX_Z:0.000
[ZONE-ROUTE] CID:2 zone=1 edge_port=9998
[EDGE-RTT] CID:2 wall=1.1 ms  sim_delay=10.0 ms
>>> [UAV->CLOUD] BLK:4016|TX:7.0.0.6|CID:2|TS:9.370|SPD:20.5|HDG:1.9|PX:187.1|PY:-30.0|LA...
✓ [CAR 2] ACT=OK REP=0.887 RWD=1.000 PNL=0.000 CREDIT=13
[PASSIVE-BEACON] SIMNOW:9.496 CID:9 ZONE:1 RXUAV:1 EDGEPORT:9998 TS:9.482 SPD:19.900 HDG:1.400 PX:210.000 PY:-50.000 LAN:5 BRK:1 RX_X:0.000 RX_Y:0.000 RX_Z:0.000
[ZONE-ROUTE] CID:9 zone=1 edge_port=9998
[EDGE-RTT] CID:9 wall=1.1 ms  sim_delay=10.0 ms
>>> [UAV->CLOUD] BLK:12c8|TX:7.0.0.13|CID:9|TS:9.482|SPD:19.9|HDG:1.4|PX:210.0|PY:-50.0|L...
[PASSIVE-BEACON] SIMNOW:9.504 CID:8 ZONE:1 RXUAV:1 EDGEPORT:9998 TS:9.492 SPD:20.300 HDG:1.100 PX:209.900 PY:-40.000 LAN:4 BRK:0 RX_X:0.000 RX_Y:0.000 RX_Z:0.000
[ZONE-ROUTE] CID:8 zone=1 edge_port=9998
[EDGE-RTT] CID:8 wall=0.8 ms  sim_delay=10.0 ms
>>> [UAV->CLOUD] BLK:488d|TX:7.0.0.12|CID:8|TS:9.492|SPD:20.3|HDG:1.1|PX:209.9|PY:-40.0|L...
✓ [CAR 9] ACT=OK REP=0.903 RWD=1.000 PNL=0.000 CREDIT=13
✓ [CAR 8] ACT=OK REP=1.000 RWD=1.000 PNL=0.000 CREDIT=13
[PASSIVE-BEACON] SIMNOW:9.536 CID:6 ZONE:1 RXUAV:1 EDGEPORT:9998 TS:9.522 SPD:19.600 HDG:0.900 PX:210.200 PY:-20.000 LAN:2 BRK:1 RX_X:0.000 RX_Y:0.000 RX_Z:0.000
[ZONE-ROUTE] CID:6 zone=1 edge_port=9998
[EDGE-RTT] CID:6 wall=1.0 ms  sim_delay=10.0 ms
[TRUST-UPGRADE] CID:6 earned LANE_UPGRADE after 15 clean packets → lane 0 + 2.0 m/s
>>> [UAV->CLOUD] BLK:8fa1|TX:7.0.0.10|CID:6|TS:9.522|SPD:19.6|HDG:0.9|PX:210.2|PY:-20.0|L...
[PASSIVE-BEACON] SIMNOW:9.537 CID:3 ZONE:1 RXUAV:1 EDGEPORT:9998 TS:9.520 SPD:19.900 HDG:0.200 PX:190.500 PY:-40.000 LAN:4 BRK:0 RX_X:0.000 RX_Y:0.000 RX_Z:0.000
[ZONE-ROUTE] CID:3 zone=1 edge_port=9998
[EDGE-RTT] CID:3 wall=1.4 ms  sim_delay=10.0 ms
>>> [UAV->CLOUD] BLK:38a1|TX:7.0.0.7|CID:3|TS:9.520|SPD:19.9|HDG:0.2|PX:190.5|PY:-40.0|LA...
[TRUST-APPLIED] CID:6 LANE_UPGRADE → logical reward only; telemetry lane unchanged lane=2 speed unchanged=20.0 m/s [reward-speed disabled to avoid M1 false positive]
✓ [CAR 6] ACT=OK REP=0.500 RWD=1.500 PNL=0.000 CREDIT=15
✓ [CAR 3] ACT=OK REP=0.858 RWD=1.000 PNL=0.000 CREDIT=13
✓ [CAR 6] ACT=OK REP=0.893 RWD=1.000 PNL=0.000 CREDIT=14
[PASSIVE-BEACON] SIMNOW:9.646 CID:7 ZONE:1 RXUAV:1 EDGEPORT:9998 TS:9.632 SPD:20.500 HDG:0.200 PX:212.500 PY:-30.000 LAN:3 BRK:0 RX_X:0.000 RX_Y:0.000 RX_Z:0.000
[ZONE-ROUTE] CID:7 zone=1 edge_port=9998
[EDGE-RTT] CID:7 wall=0.8 ms  sim_delay=10.0 ms
>>> [UAV->CLOUD] BLK:a658|TX:7.0.0.11|CID:7|TS:9.632|SPD:20.5|HDG:0.2|PX:212.5|PY:-30.0|L...
✓ [CAR 7] ACT=OK REP=0.850 RWD=1.000 PNL=0.000 CREDIT=15
[PASSIVE-BEACON] SIMNOW:9.734 CID:1 ZONE:1 RXUAV:1 EDGEPORT:9998 TS:9.720 SPD:20.100 HDG:0.300 PX:194.400 PY:-20.000 LAN:2 BRK:0 RX_X:0.000 RX_Y:0.000 RX_Z:0.000
[ZONE-ROUTE] CID:1 zone=1 edge_port=9998
[EDGE-RTT] CID:1 wall=1.0 ms  sim_delay=10.0 ms
>>> [UAV->CLOUD] BLK:6e27|TX:7.0.0.5|CID:1|TS:9.720|SPD:20.1|HDG:0.3|PX:194.4|PY:-20.0|LA...
[PASSIVE-BEACON] SIMNOW:9.734 CID:0 ZONE:1 RXUAV:1 EDGEPORT:9998 TS:9.720 SPD:20.400 HDG:-0.500 PX:194.900 PY:-10.000 LAN:1 BRK:0 RX_X:0.000 RX_Y:0.000 RX_Z:0.000
[ZONE-ROUTE] CID:0 zone=1 edge_port=9998
[EDGE-RTT] CID:0 wall=2.2 ms  sim_delay=10.0 ms
>>> [UAV->CLOUD] BLK:614e|TX:7.0.0.4|CID:0|TS:9.720|SPD:20.4|HDG:-0.5|PX:194.9|PY:-10.0|L...
✓ [CAR 1] ACT=OK REP=1.000 RWD=1.000 PNL=0.000 CREDIT=15
✓ [CAR 0] ACT=OK REP=1.000 RWD=1.000 PNL=0.000 CREDIT=15
[PASSIVE-BEACON] SIMNOW:9.804 CID:4 ZONE:1 RXUAV:1 EDGEPORT:9998 TS:9.790 SPD:20.300 HDG:-0.300 PX:195.800 PY:-50.000 LAN:5 BRK:0 RX_X:0.000 RX_Y:0.000 RX_Z:0.000
[ZONE-ROUTE] CID:4 zone=1 edge_port=9998
[EDGE-RTT] CID:4 wall=0.9 ms  sim_delay=10.0 ms
>>> [UAV->CLOUD] BLK:0b0b|TX:7.0.0.8|CID:4|TS:9.790|SPD:20.3|HDG:-0.3|PX:195.8|PY:-50.0|L...
✓ [CAR 4] ACT=OK REP=0.828 RWD=1.000 PNL=0.000 CREDIT=15
[PASSIVE-BEACON] SIMNOW:9.884 CID:2 ZONE:1 RXUAV:1 EDGEPORT:9998 TS:9.870 SPD:19.700 HDG:0.100 PX:196.900 PY:-30.000 LAN:3 BRK:0 RX_X:0.000 RX_Y:0.000 RX_Z:0.000
[ZONE-ROUTE] CID:2 zone=1 edge_port=9998
[EDGE-RTT] CID:2 wall=1.1 ms  sim_delay=10.0 ms
[TRUST-UPGRADE] CID:2 earned LANE_UPGRADE after 15 clean packets → lane 0 + 2.0 m/s
>>> [UAV->CLOUD] BLK:6e52|TX:7.0.0.6|CID:2|TS:9.870|SPD:19.7|HDG:0.1|PX:196.9|PY:-30.0|LA...
[TRUST-APPLIED] CID:2 LANE_UPGRADE → logical reward only; telemetry lane unchanged lane=3 speed unchanged=20.0 m/s [reward-speed disabled to avoid M1 false positive]
✓ [CAR 2] ACT=OK REP=0.500 RWD=1.500 PNL=0.000 CREDIT=15
✓ [CAR 2] ACT=OK REP=1.000 RWD=1.000 PNL=0.000 CREDIT=14
[PASSIVE-BEACON] SIMNOW:9.996 CID:9 ZONE:1 RXUAV:1 EDGEPORT:9998 TS:9.982 SPD:19.500 HDG:0.900 PX:219.300 PY:-50.000 LAN:5 BRK:0 RX_X:0.000 RX_Y:0.000 RX_Z:0.000
[ZONE-ROUTE] CID:9 zone=1 edge_port=9998
[EDGE-RTT] CID:9 wall=1.0 ms  sim_delay=10.0 ms
[TRUST-UPGRADE] CID:9 earned LANE_UPGRADE after 15 clean packets → lane 0 + 2.0 m/s
>>> [UAV->CLOUD] BLK:989d|TX:7.0.0.13|CID:9|TS:9.982|SPD:19.5|HDG:0.9|PX:219.3|PY:-50.0|L...
[PASSIVE-BEACON] SIMNOW:10.006 CID:8 ZONE:1 RXUAV:1 EDGEPORT:9998 TS:9.992 SPD:20.100 HDG:1.000 PX:219.200 PY:-40.000 LAN:4 BRK:0 RX_X:0.000 RX_Y:0.000 RX_Z:0.000
[ZONE-ROUTE] CID:8 zone=1 edge_port=9998
[EDGE-RTT] CID:8 wall=0.9 ms  sim_delay=10.0 ms
[TRUST-UPGRADE] CID:8 earned LANE_UPGRADE after 15 clean packets → lane 0 + 2.0 m/s
>>> [UAV->CLOUD] BLK:cd7c|TX:7.0.0.12|CID:8|TS:9.992|SPD:20.1|HDG:1.0|PX:219.2|PY:-40.0|L...
[TRUST-APPLIED] CID:9 LANE_UPGRADE → logical reward only; telemetry lane unchanged lane=5 speed unchanged=20.0 m/s [reward-speed disabled to avoid M1 false positive]
✓ [CAR 9] ACT=OK REP=0.500 RWD=1.500 PNL=0.000 CREDIT=15
✓ [CAR 9] ACT=OK REP=1.000 RWD=1.000 PNL=0.000 CREDIT=14
[TRUST-APPLIED] CID:8 LANE_UPGRADE → logical reward only; telemetry lane unchanged lane=4 speed unchanged=20.000 m/s [reward-speed disabled to avoid M1 false positive]
✓ [CAR 8] ACT=OK REP=0.500 RWD=1.500 PNL=0.000 CREDIT=15
✓ [CAR 8] ACT=OK REP=0.500 RWD=1.000 PNL=0.000 CREDIT=14
[PASSIVE-BEACON] SIMNOW:10.034 CID:3 ZONE:1 RXUAV:1 EDGEPORT:9998 TS:10.020 SPD:19.900 HDG:1.100 PX:200.200 PY:-40.000 LAN:4 BRK:1 RX_X:0.000 RX_Y:0.000 RX_Z:0.000
[ZONE-ROUTE] CID:3 zone=1 edge_port=9998
[EDGE-RTT] CID:3 wall=0.8 ms  sim_delay=10.0 ms
[TRUST-UPGRADE] CID:3 earned LANE_UPGRADE after 15 clean packets → lane 0 + 2.0 m/s
>>> [UAV->CLOUD] BLK:14a8|TX:7.0.0.7|CID:3|TS:10.020|SPD:19.9|HDG:1.1|PX:200.2|PY:-40.0|L...
[PASSIVE-BEACON] SIMNOW:10.036 CID:6 ZONE:1 RXUAV:1 EDGEPORT:9998 TS:10.022 SPD:20.000 HDG:-1.100 PX:221.200 PY:-20.000 LAN:2 BRK:1 RX_X:0.000 RX_Y:0.000 RX_Z:0.000
[ZONE-ROUTE] CID:6 zone=1 edge_port=9998
[EDGE-RTT] CID:6 wall=0.5 ms  sim_delay=10.0 ms
>>> [UAV->CLOUD] BLK:8f58|TX:7.0.0.10|CID:6|TS:10.022|SPD:20.0|HDG:-1.1|PX:221.2|PY:-20.0...
[TRUST-APPLIED] CID:3 LANE_UPGRADE → logical reward only; telemetry lane unchanged lane=4 speed unchanged=20.0 m/s [reward-speed disabled to avoid M1 false positive]
✓ [CAR 3] ACT=OK REP=0.500 RWD=1.500 PNL=0.000 CREDIT=15
✓ [CAR 3] ACT=OK REP=1.000 RWD=1.000 PNL=0.000 CREDIT=14
✓ [CAR 6] ACT=OK REP=0.900 RWD=1.000 PNL=0.000 CREDIT=15
[PASSIVE-BEACON] SIMNOW:10.146 CID:7 ZONE:1 RXUAV:1 EDGEPORT:9998 TS:10.132 SPD:19.900 HDG:0.200 PX:223.000 PY:-30.000 LAN:3 BRK:0 RX_X:0.000 RX_Y:0.000 RX_Z:0.000
[ZONE-ROUTE] CID:7 zone=1 edge_port=9998
[EDGE-RTT] CID:7 wall=1.0 ms  sim_delay=10.0 ms
>>> [UAV->CLOUD] BLK:7ddf|TX:7.0.0.11|CID:7|TS:10.132|SPD:19.9|HDG:0.2|PX:223.0|PY:-30.0|...
✓ [CAR 7] ACT=OK REP=0.852 RWD=1.000 PNL=0.000 CREDIT=16
[PASSIVE-BEACON] SIMNOW:10.234 CID:1 ZONE:1 RXUAV:1 EDGEPORT:9998 TS:10.220 SPD:19.600 HDG:-1.900 PX:204.700 PY:-20.000 LAN:2 BRK:1 RX_X:0.000 RX_Y:0.000 RX_Z:0.000
[ZONE-ROUTE] CID:1 zone=1 edge_port=9998
[EDGE-RTT] CID:1 wall=1.0 ms  sim_delay=10.0 ms
>>> [UAV->CLOUD] BLK:9d6f|TX:7.0.0.5|CID:1|TS:10.220|SPD:19.6|HDG:-1.9|PX:204.7|PY:-20.0|...
[PASSIVE-BEACON] SIMNOW:10.234 CID:0 ZONE:1 RXUAV:1 EDGEPORT:9998 TS:10.220 SPD:20.200 HDG:-0.600 PX:203.900 PY:-10.000 LAN:1 BRK:0 RX_X:0.000 RX_Y:0.000 RX_Z:0.000
[ZONE-ROUTE] CID:0 zone=1 edge_port=9998
[EDGE-RTT] CID:0 wall=1.9 ms  sim_delay=10.0 ms
>>> [UAV->CLOUD] BLK:08cc|TX:7.0.0.4|CID:0|TS:10.220|SPD:20.2|HDG:-0.6|PX:203.9|PY:-10.0|...
✓ [CAR 0] ACT=OK REP=1.000 RWD=1.000 PNL=0.000 CREDIT=16
✓ [CAR 1] ACT=OK REP=0.702 RWD=1.000 PNL=0.000 CREDIT=16
[PASSIVE-BEACON] SIMNOW:10.304 CID:4 ZONE:1 RXUAV:1 EDGEPORT:9998 TS:10.290 SPD:20.200 HDG:0.100 PX:206.200 PY:-50.000 LAN:5 BRK:1 RX_X:0.000 RX_Y:0.000 RX_Z:0.000
[ZONE-ROUTE] CID:4 zone=1 edge_port=9998
[EDGE-RTT] CID:4 wall=1.0 ms  sim_delay=10.0 ms
>>> [UAV->CLOUD] BLK:7d51|TX:7.0.0.8|CID:4|TS:10.290|SPD:20.2|HDG:0.1|PX:206.2|PY:-50.0|L...
✓ [CAR 4] ACT=OK REP=1.000 RWD=1.000 PNL=0.000 CREDIT=16
[PASSIVE-BEACON] SIMNOW:10.384 CID:2 ZONE:1 RXUAV:1 EDGEPORT:9998 TS:10.370 SPD:19.800 HDG:-1.700 PX:207.700 PY:-30.000 LAN:3 BRK:0 RX_X:0.000 RX_Y:0.000 RX_Z:0.000
[ZONE-ROUTE] CID:2 zone=1 edge_port=9998
[EDGE-RTT] CID:2 wall=0.8 ms  sim_delay=10.0 ms
>>> [UAV->CLOUD] BLK:6529|TX:7.0.0.6|CID:2|TS:10.370|SPD:19.8|HDG:-1.7|PX:207.7|PY:-30.0|...
✓ [CAR 2] ACT=OK REP=1.000 RWD=1.000 PNL=0.000 CREDIT=15
[PASSIVE-BEACON] SIMNOW:10.496 CID:9 ZONE:1 RXUAV:1 EDGEPORT:9998 TS:10.482 SPD:20.200 HDG:-0.100 PX:229.400 PY:-50.000 LAN:5 BRK:0 RX_X:0.000 RX_Y:0.000 RX_Z:0.000
[ZONE-ROUTE] CID:9 zone=1 edge_port=9998
[EDGE-RTT] CID:9 wall=0.9 ms  sim_delay=10.0 ms
>>> [UAV->CLOUD] BLK:6f57|TX:7.0.0.13|CID:9|TS:10.482|SPD:20.2|HDG:-0.1|PX:229.4|PY:-50.0...
[PASSIVE-BEACON] SIMNOW:10.506 CID:8 ZONE:1 RXUAV:1 EDGEPORT:9998 TS:10.492 SPD:19.700 HDG:1.000 PX:229.700 PY:-40.000 LAN:4 BRK:0 RX_X:0.000 RX_Y:0.000 RX_Z:0.000
[ZONE-ROUTE] CID:8 zone=1 edge_port=9998
[EDGE-RTT] CID:8 wall=1.1 ms  sim_delay=10.0 ms
>>> [UAV->CLOUD] BLK:6846|TX:7.0.0.12|CID:8|TS:10.492|SPD:19.7|HDG:1.0|PX:229.7|PY:-40.0|...
✓ [CAR 9] ACT=OK REP=0.956 RWD=1.000 PNL=0.000 CREDIT=15
✓ [CAR 8] ACT=OK REP=1.000 RWD=1.000 PNL=0.000 CREDIT=15
[PASSIVE-BEACON] SIMNOW:10.534 CID:3 ZONE:1 RXUAV:1 EDGEPORT:9998 TS:10.520 SPD:19.700 HDG:-1.100 PX:210.400 PY:-40.000 LAN:4 BRK:0 RX_X:0.000 RX_Y:0.000 RX_Z:0.000
[ZONE-ROUTE] CID:3 zone=1 edge_port=9998
[EDGE-RTT] CID:3 wall=1.0 ms  sim_delay=10.0 ms
>>> [UAV->CLOUD] BLK:b502|TX:7.0.0.7|CID:3|TS:10.520|SPD:19.7|HDG:-1.1|PX:210.4|PY:-40.0|...
[PASSIVE-BEACON] SIMNOW:10.535 CID:6 ZONE:1 RXUAV:1 EDGEPORT:9998 TS:10.522 SPD:19.600 HDG:-1.200 PX:229.900 PY:-20.000 LAN:2 BRK:0 RX_X:0.000 RX_Y:0.000 RX_Z:0.000
[ZONE-ROUTE] CID:6 zone=1 edge_port=9998
[EDGE-RTT] CID:6 wall=2.1 ms  sim_delay=10.0 ms
>>> [UAV->CLOUD] BLK:af1f|TX:7.0.0.10|CID:6|TS:10.522|SPD:19.6|HDG:-1.2|PX:229.9|PY:-20.0...
✓ [CAR 3] ACT=OK REP=0.938 RWD=1.000 PNL=0.000 CREDIT=15
✓ [CAR 6] ACT=OK REP=0.785 RWD=1.000 PNL=0.000 CREDIT=16
[PASSIVE-BEACON] SIMNOW:10.646 CID:7 ZONE:1 RXUAV:1 EDGEPORT:9998 TS:10.632 SPD:19.800 HDG:-0.800 PX:232.200 PY:-30.000 LAN:3 BRK:1 RX_X:0.000 RX_Y:0.000 RX_Z:0.000
[ZONE-ROUTE] CID:7 zone=1 edge_port=9998
[EDGE-RTT] CID:7 wall=1.0 ms  sim_delay=10.0 ms
>>> [UAV->CLOUD] BLK:0f43|TX:7.0.0.11|CID:7|TS:10.632|SPD:19.8|HDG:-0.8|PX:232.2|PY:-30.0...
✓ [CAR 7] ACT=OK REP=1.000 RWD=1.000 PNL=0.000 CREDIT=17
[PASSIVE-BEACON] SIMNOW:10.734 CID:1 ZONE:1 RXUAV:1 EDGEPORT:9998 TS:10.720 SPD:20.200 HDG:1.200 PX:213.800 PY:-20.000 LAN:2 BRK:0 RX_X:0.000 RX_Y:0.000 RX_Z:0.000
[ZONE-ROUTE] CID:1 zone=1 edge_port=9998
[EDGE-RTT] CID:1 wall=1.1 ms  sim_delay=10.0 ms
>>> [UAV->CLOUD] BLK:1c6b|TX:7.0.0.5|CID:1|TS:10.720|SPD:20.2|HDG:1.2|PX:213.8|PY:-20.0|L...
[PASSIVE-BEACON] SIMNOW:10.734 CID:0 ZONE:1 RXUAV:1 EDGEPORT:9998 TS:10.720 SPD:24.600 HDG:1.900 PX:215.500 PY:-10.000 LAN:1 BRK:1 RX_X:0.000 RX_Y:0.000 RX_Z:0.000
[ZONE-ROUTE] CID:0 zone=1 edge_port=9998
[EDGE-RTT] CID:0 wall=2.4 ms  sim_delay=10.0 ms
>>> [UAV->CLOUD] BLK:43ff|TX:7.0.0.4|CID:0|TS:10.720|SPD:24.6|HDG:1.9|PX:215.5|PY:-10.0|L...
✓ [CAR 1] ACT=OK REP=0.709 RWD=1.000 PNL=0.000 CREDIT=17
[ECON-CLAWBACK] CID:0 ACT=WARN prior_payoff=18.496 extra_penalty=14.872 new_payoff=3.547
[TRUST-REVOKED] CID:0 benefits revoked logically; lane=1 speed=20.000 latency=10.000ms
[FORGIVENESS] CID:0 WARN #1 — streak reset, benefits revoked
⚠ [CAR 0] ACT=WARN REP=0.877 RWD=0.000 PNL=14.949 CREDIT=15
[PASSIVE-BEACON] SIMNOW:10.803 CID:4 ZONE:1 RXUAV:1 EDGEPORT:9998 TS:10.790 SPD:19.500 HDG:1.100 PX:215.500 PY:-50.000 LAN:5 BRK:1 RX_X:0.000 RX_Y:0.000 RX_Z:0.000
[ZONE-ROUTE] CID:4 zone=1 edge_port=9998
[EDGE-RTT] CID:4 wall=0.8 ms  sim_delay=10.0 ms
>>> [UAV->CLOUD] BLK:6e29|TX:7.0.0.8|CID:4|TS:10.790|SPD:19.5|HDG:1.1|PX:215.5|PY:-50.0|L...
✓ [CAR 4] ACT=OK REP=1.000 RWD=1.000 PNL=0.000 CREDIT=17
[PASSIVE-BEACON] SIMNOW:10.884 CID:2 ZONE:1 RXUAV:1 EDGEPORT:9998 TS:10.870 SPD:20.200 HDG:-1.800 PX:217.500 PY:-30.000 LAN:3 BRK:0 RX_X:0.000 RX_Y:0.000 RX_Z:0.000
[ZONE-ROUTE] CID:2 zone=1 edge_port=9998
[EDGE-RTT] CID:2 wall=0.8 ms  sim_delay=10.0 ms
>>> [UAV->CLOUD] BLK:ea1c|TX:7.0.0.6|CID:2|TS:10.870|SPD:20.2|HDG:-1.8|PX:217.5|PY:-30.0|...
✓ [CAR 2] ACT=OK REP=1.000 RWD=1.000 PNL=0.000 CREDIT=16
[PASSIVE-BEACON] SIMNOW:10.996 CID:9 ZONE:1 RXUAV:1 EDGEPORT:9998 TS:10.982 SPD:20.000 HDG:-0.200 PX:239.400 PY:-50.000 LAN:5 BRK:1 RX_X:0.000 RX_Y:0.000 RX_Z:0.000
[ZONE-ROUTE] CID:9 zone=1 edge_port=9998
[EDGE-RTT] CID:9 wall=1.0 ms  sim_delay=10.0 ms
>>> [UAV->CLOUD] BLK:d0b5|TX:7.0.0.13|CID:9|TS:10.982|SPD:20.0|HDG:-0.2|PX:239.4|PY:-50.0...
[PASSIVE-BEACON] SIMNOW:11.005 CID:8 ZONE:1 RXUAV:1 EDGEPORT:9998 TS:10.992 SPD:20.300 HDG:1.500 PX:240.100 PY:-40.000 LAN:4 BRK:1 RX_X:0.000 RX_Y:0.000 RX_Z:0.000
[ZONE-ROUTE] CID:8 zone=1 edge_port=9998
[EDGE-RTT] CID:8 wall=0.7 ms  sim_delay=10.0 ms
>>> [UAV->CLOUD] BLK:e686|TX:7.0.0.12|CID:8|TS:10.992|SPD:20.3|HDG:1.5|PX:240.1|PY:-40.0|...
✓ [CAR 9] ACT=OK REP=0.929 RWD=1.000 PNL=0.000 CREDIT=16
✓ [CAR 8] ACT=OK REP=0.666 RWD=1.000 PNL=0.000 CREDIT=16
[PASSIVE-BEACON] SIMNOW:11.034 CID:3 ZONE:1 RXUAV:1 EDGEPORT:9998 TS:11.020 SPD:19.800 HDG:0.400 PX:220.400 PY:-40.000 LAN:4 BRK:0 RX_X:0.000 RX_Y:0.000 RX_Z:0.000
[ZONE-ROUTE] CID:3 zone=1 edge_port=9998
[EDGE-RTT] CID:3 wall=1.1 ms  sim_delay=10.0 ms
>>> [UAV->CLOUD] BLK:1404|TX:7.0.0.7|CID:3|TS:11.020|SPD:19.8|HDG:0.4|PX:220.4|PY:-40.0|L...
[PASSIVE-BEACON] SIMNOW:11.036 CID:6 ZONE:1 RXUAV:1 EDGEPORT:9998 TS:11.022 SPD:19.900 HDG:-1.900 PX:240.100 PY:-20.000 LAN:2 BRK:1 RX_X:0.000 RX_Y:0.000 RX_Z:0.000
[ZONE-ROUTE] CID:6 zone=1 edge_port=9998
[EDGE-RTT] CID:6 wall=0.8 ms  sim_delay=10.0 ms
>>> [UAV->CLOUD] BLK:fbaf|TX:7.0.0.10|CID:6|TS:11.022|SPD:19.9|HDG:-1.9|PX:240.1|PY:-20.0...
✓ [CAR 3] ACT=OK REP=0.974 RWD=1.000 PNL=0.000 CREDIT=16
✓ [CAR 6] ACT=OK REP=1.000 RWD=1.000 PNL=0.000 CREDIT=17
[PASSIVE-BEACON] SIMNOW:11.146 CID:7 ZONE:1 RXUAV:1 EDGEPORT:9998 TS:11.132 SPD:20.100 HDG:0.200 PX:242.200 PY:-30.000 LAN:3 BRK:0 RX_X:0.000 RX_Y:0.000 RX_Z:0.000
[ZONE-ROUTE] CID:7 zone=1 edge_port=9998
[EDGE-RTT] CID:7 wall=1.0 ms  sim_delay=10.0 ms
>>> [UAV->CLOUD] BLK:98ba|TX:7.0.0.11|CID:7|TS:11.132|SPD:20.1|HDG:0.2|PX:242.2|PY:-30.0|...
✓ [CAR 7] ACT=OK REP=0.584 RWD=1.000 PNL=0.000 CREDIT=18
[PASSIVE-BEACON] SIMNOW:11.234 CID:1 ZONE:1 RXUAV:1 EDGEPORT:9998 TS:11.220 SPD:20.500 HDG:0.700 PX:224.600 PY:-20.000 LAN:2 BRK:0 RX_X:0.000 RX_Y:0.000 RX_Z:0.000
[ZONE-ROUTE] CID:1 zone=1 edge_port=9998
[EDGE-RTT] CID:1 wall=0.9 ms  sim_delay=10.0 ms
>>> [UAV->CLOUD] BLK:3769|TX:7.0.0.5|CID:1|TS:11.220|SPD:20.5|HDG:0.7|PX:224.6|PY:-20.0|L...
[PASSIVE-BEACON] SIMNOW:11.234 CID:0 ZONE:1 RXUAV:1 EDGEPORT:9998 TS:11.220 SPD:25.000 HDG:0.200 PX:227.000 PY:-10.000 LAN:1 BRK:0 RX_X:0.000 RX_Y:0.000 RX_Z:0.000
[ZONE-ROUTE] CID:0 zone=1 edge_port=9998
[EDGE-RTT] CID:0 wall=2.3 ms  sim_delay=10.0 ms
>>> [UAV->CLOUD] BLK:0ee8|TX:7.0.0.4|CID:0|TS:11.220|SPD:25.0|HDG:0.2|PX:227.0|PY:-10.0|L...
✓ [CAR 1] ACT=OK REP=1.000 RWD=1.000 PNL=0.000 CREDIT=18
[ECON-CLAWBACK] CID:0 ACT=WARN prior_payoff=3.547 extra_penalty=3.024 new_payoff=0.428
[FORGIVENESS] CID:0 WARN #2 — streak reset, benefits revoked
⚠ [CAR 0] ACT=WARN REP=0.507 RWD=0.000 PNL=3.120 CREDIT=-2
[PASSIVE-BEACON] SIMNOW:11.304 CID:4 ZONE:1 RXUAV:1 EDGEPORT:9998 TS:11.290 SPD:20.500 HDG:1.700 PX:225.700 PY:-50.000 LAN:5 BRK:0 RX_X:0.000 RX_Y:0.000 RX_Z:0.000
[ZONE-ROUTE] CID:4 zone=1 edge_port=9998
[EDGE-RTT] CID:4 wall=1.0 ms  sim_delay=10.0 ms
>>> [UAV->CLOUD] BLK:695f|TX:7.0.0.8|CID:4|TS:11.290|SPD:20.5|HDG:1.7|PX:225.7|PY:-50.0|L...
✓ [CAR 4] ACT=OK REP=0.853 RWD=1.000 PNL=0.000 CREDIT=18
[PASSIVE-BEACON] SIMNOW:11.384 CID:2 ZONE:1 RXUAV:1 EDGEPORT:9998 TS:11.370 SPD:20.400 HDG:0.400 PX:226.900 PY:-30.000 LAN:3 BRK:0 RX_X:0.000 RX_Y:0.000 RX_Z:0.000
[ZONE-ROUTE] CID:2 zone=1 edge_port=9998
[EDGE-RTT] CID:2 wall=1.1 ms  sim_delay=10.0 ms
>>> [UAV->CLOUD] BLK:15ea|TX:7.0.0.6|CID:2|TS:11.370|SPD:20.4|HDG:0.4|PX:226.9|PY:-30.0|L...
✓ [CAR 2] ACT=OK REP=0.883 RWD=1.000 PNL=0.000 CREDIT=17
[PASSIVE-BEACON] SIMNOW:11.496 CID:9 ZONE:1 RXUAV:1 EDGEPORT:9998 TS:11.482 SPD:19.500 HDG:1.200 PX:250.200 PY:-50.000 LAN:5 BRK:0 RX_X:0.000 RX_Y:0.000 RX_Z:0.000
[ZONE-ROUTE] CID:9 zone=1 edge_port=9998
[EDGE-RTT] CID:9 wall=0.9 ms  sim_delay=10.0 ms
>>> [UAV->CLOUD] BLK:46e8|TX:7.0.0.13|CID:9|TS:11.482|SPD:19.5|HDG:1.2|PX:250.2|PY:-50.0|...
[PASSIVE-BEACON] SIMNOW:11.506 CID:8 ZONE:1 RXUAV:1 EDGEPORT:9998 TS:11.492 SPD:19.600 HDG:0.500 PX:249.200 PY:-40.000 LAN:4 BRK:1 RX_X:0.000 RX_Y:0.000 RX_Z:0.000
[ZONE-ROUTE] CID:8 zone=1 edge_port=9998
[EDGE-RTT] CID:8 wall=0.8 ms  sim_delay=10.0 ms
>>> [UAV->CLOUD] BLK:41ec|TX:7.0.0.12|CID:8|TS:11.492|SPD:19.6|HDG:0.5|PX:249.2|PY:-40.0|...
✓ [CAR 9] ACT=OK REP=0.987 RWD=1.000 PNL=0.000 CREDIT=17
✓ [CAR 8] ACT=OK REP=0.981 RWD=1.000 PNL=0.000 CREDIT=17
[PASSIVE-BEACON] SIMNOW:11.534 CID:3 ZONE:1 RXUAV:1 EDGEPORT:9998 TS:11.520 SPD:20.400 HDG:-0.400 PX:230.300 PY:-40.000 LAN:4 BRK:0 RX_X:0.000 RX_Y:0.000 RX_Z:0.000
[ZONE-ROUTE] CID:3 zone=1 edge_port=9998
[EDGE-RTT] CID:3 wall=1.1 ms  sim_delay=10.0 ms
>>> [UAV->CLOUD] BLK:ef4b|TX:7.0.0.7|CID:3|TS:11.520|SPD:20.4|HDG:-0.4|PX:230.3|PY:-40.0|...
[PASSIVE-BEACON] SIMNOW:11.536 CID:6 ZONE:1 RXUAV:1 EDGEPORT:9998 TS:11.522 SPD:20.100 HDG:-0.600 PX:250.300 PY:-20.000 LAN:2 BRK:0 RX_X:0.000 RX_Y:0.000 RX_Z:0.000
[ZONE-ROUTE] CID:6 zone=1 edge_port=9998
[EDGE-RTT] CID:6 wall=0.8 ms  sim_delay=10.0 ms
>>> [UAV->CLOUD] BLK:0038|TX:7.0.0.10|CID:6|TS:11.522|SPD:20.1|HDG:-0.6|PX:250.3|PY:-20.0...
✓ [CAR 3] ACT=OK REP=0.609 RWD=1.000 PNL=0.000 CREDIT=17
✓ [CAR 6] ACT=OK REP=0.986 RWD=1.000 PNL=0.000 CREDIT=18
[PASSIVE-BEACON] SIMNOW:11.646 CID:7 ZONE:1 RXUAV:1 EDGEPORT:9998 TS:11.632 SPD:20.000 HDG:-1.500 PX:252.700 PY:-30.000 LAN:3 BRK:0 RX_X:0.000 RX_Y:0.000 RX_Z:0.000
[ZONE-ROUTE] CID:7 zone=1 edge_port=9998
[EDGE-RTT] CID:7 wall=1.0 ms  sim_delay=10.0 ms
[TRUST-UPGRADE] CID:7 earned REDUCE_SCRUTINY after 20 clean packets → latency × 0.5
>>> [UAV->CLOUD] BLK:6c2f|TX:7.0.0.11|CID:7|TS:11.632|SPD:20.0|HDG:-1.5|PX:252.7|PY:-30.0...
[TRUST-APPLIED] CID:7 REDUCE_SCRUTINY → latency=5.0ms (was 10.0ms)
✓ [CAR 7] ACT=OK REP=0.500 RWD=1.500 PNL=0.000 CREDIT=20
✓ [CAR 7] ACT=OK REP=1.000 RWD=1.000 PNL=0.000 CREDIT=19
[PASSIVE-BEACON] SIMNOW:11.734 CID:1 ZONE:1 RXUAV:1 EDGEPORT:9998 TS:11.720 SPD:19.600 HDG:0.200 PX:234.200 PY:-20.000 LAN:2 BRK:0 RX_X:0.000 RX_Y:0.000 RX_Z:0.000
[ZONE-ROUTE] CID:1 zone=1 edge_port=9998
[EDGE-RTT] CID:1 wall=0.9 ms  sim_delay=10.0 ms
[TRUST-UPGRADE] CID:1 earned REDUCE_SCRUTINY after 20 clean packets → latency × 0.5
>>> [UAV->CLOUD] BLK:07eb|TX:7.0.0.5|CID:1|TS:11.720|SPD:19.6|HDG:0.2|PX:234.2|PY:-20.0|L...
[PASSIVE-BEACON] SIMNOW:11.734 CID:0 ZONE:1 RXUAV:1 EDGEPORT:9998 TS:11.720 SPD:25.400 HDG:-1.600 PX:239.600 PY:-10.000 LAN:1 BRK:0 RX_X:0.000 RX_Y:0.000 RX_Z:0.000
[ZONE-ROUTE] CID:0 zone=1 edge_port=9998
[EDGE-RTT] CID:0 wall=3.0 ms  sim_delay=10.0 ms
>>> [UAV->CLOUD] BLK:7a55|TX:7.0.0.4|CID:0|TS:11.720|SPD:25.4|HDG:-1.6|PX:239.6|PY:-10.0|...
[TRUST-APPLIED] CID:1 REDUCE_SCRUTINY → latency=5.0ms (was 10.0ms)
✓ [CAR 1] ACT=OK REP=0.500 RWD=1.500 PNL=0.000 CREDIT=20
✓ [CAR 1] ACT=OK REP=1.000 RWD=1.000 PNL=0.000 CREDIT=19
[ECON-CLAWBACK] CID:0 ACT=WARN prior_payoff=0.428 extra_penalty=1.714 new_payoff=-1.385
[FORGIVENESS] CID:0 WARN #3 — streak reset, benefits revoked
⚠ [CAR 0] ACT=WARN REP=0.849 RWD=0.000 PNL=1.813 CREDIT=-2
[PASSIVE-BEACON] SIMNOW:11.804 CID:4 ZONE:1 RXUAV:1 EDGEPORT:9998 TS:11.790 SPD:20.400 HDG:1.500 PX:235.800 PY:-50.000 LAN:5 BRK:0 RX_X:0.000 RX_Y:0.000 RX_Z:0.000
[ZONE-ROUTE] CID:4 zone=1 edge_port=9998
[EDGE-RTT] CID:4 wall=0.7 ms  sim_delay=10.0 ms
[TRUST-UPGRADE] CID:4 earned REDUCE_SCRUTINY after 20 clean packets → latency × 0.5
>>> [UAV->CLOUD] BLK:0b20|TX:7.0.0.8|CID:4|TS:11.790|SPD:20.4|HDG:1.5|PX:235.8|PY:-50.0|L...
[TRUST-APPLIED] CID:4 REDUCE_SCRUTINY → latency=5.0ms (was 10.0ms)
✓ [CAR 4] ACT=OK REP=0.500 RWD=1.500 PNL=0.000 CREDIT=20
✓ [CAR 4] ACT=OK REP=0.679 RWD=1.000 PNL=0.000 CREDIT=19
[PASSIVE-BEACON] SIMNOW:11.884 CID:2 ZONE:1 RXUAV:1 EDGEPORT:9998 TS:11.870 SPD:19.700 HDG:-1.900 PX:237.400 PY:-30.000 LAN:3 BRK:0 RX_X:0.000 RX_Y:0.000 RX_Z:0.000
[ZONE-ROUTE] CID:2 zone=1 edge_port=9998
[EDGE-RTT] CID:2 wall=0.9 ms  sim_delay=10.0 ms
>>> [UAV->CLOUD] BLK:9b47|TX:7.0.0.6|CID:2|TS:11.870|SPD:19.7|HDG:-1.9|PX:237.4|PY:-30.0|...
✓ [CAR 2] ACT=OK REP=0.743 RWD=1.000 PNL=0.000 CREDIT=18
[PASSIVE-BEACON] SIMNOW:11.996 CID:9 ZONE:1 RXUAV:1 EDGEPORT:9998 TS:11.982 SPD:20.200 HDG:2.000 PX:259.200 PY:-50.000 LAN:5 BRK:0 RX_X:0.000 RX_Y:0.000 RX_Z:0.000
[ZONE-ROUTE] CID:9 zone=1 edge_port=9998
[EDGE-RTT] CID:9 wall=1.3 ms  sim_delay=10.0 ms
>>> [UAV->CLOUD] BLK:9834|TX:7.0.0.13|CID:9|TS:11.982|SPD:20.2|HDG:2.0|PX:259.2|PY:-50.0|...
[PASSIVE-BEACON] SIMNOW:12.006 CID:8 ZONE:1 RXUAV:1 EDGEPORT:9998 TS:11.992 SPD:20.400 HDG:-1.400 PX:259.300 PY:-40.000 LAN:4 BRK:0 RX_X:0.000 RX_Y:0.000 RX_Z:0.000
[ZONE-ROUTE] CID:8 zone=1 edge_port=9998
[EDGE-RTT] CID:8 wall=0.8 ms  sim_delay=10.0 ms
>>> [UAV->CLOUD] BLK:fe00|TX:7.0.0.12|CID:8|TS:11.992|SPD:20.4|HDG:-1.4|PX:259.3|PY:-40.0...
✓ [CAR 9] ACT=OK REP=0.964 RWD=1.000 PNL=0.000 CREDIT=18
✓ [CAR 8] ACT=OK REP=0.964 RWD=1.000 PNL=0.000 CREDIT=18
[PASSIVE-BEACON] SIMNOW:12.034 CID:3 ZONE:1 RXUAV:1 EDGEPORT:9998 TS:12.020 SPD:20.200 HDG:-0.600 PX:240.800 PY:-40.000 LAN:4 BRK:1 RX_X:0.000 RX_Y:0.000 RX_Z:0.000
[ZONE-ROUTE] CID:3 zone=1 edge_port=9998
[EDGE-RTT] CID:3 wall=1.0 ms  sim_delay=10.0 ms
>>> [UAV->CLOUD] BLK:290a|TX:7.0.0.7|CID:3|TS:12.020|SPD:20.2|HDG:-0.6|PX:240.8|PY:-40.0|...
[PASSIVE-BEACON] SIMNOW:12.035 CID:6 ZONE:1 RXUAV:1 EDGEPORT:9998 TS:12.022 SPD:20.200 HDG:-1.300 PX:260.900 PY:-20.000 LAN:2 BRK:0 RX_X:0.000 RX_Y:0.000 RX_Z:0.000
[ZONE-ROUTE] CID:6 zone=1 edge_port=9998
[EDGE-RTT] CID:6 wall=1.0 ms  sim_delay=10.0 ms
[TRUST-UPGRADE] CID:6 earned REDUCE_SCRUTINY after 20 clean packets → latency × 0.5
>>> [UAV->CLOUD] BLK:1d1f|TX:7.0.0.10|CID:6|TS:12.022|SPD:20.2|HDG:-1.3|PX:260.9|PY:-20.0...
[TRUST-APPLIED] CID:6 REDUCE_SCRUTINY → latency=5.0ms (was 10.0ms)
✓ [CAR 6] ACT=OK REP=0.500 RWD=1.500 PNL=0.000 CREDIT=20
✓ [CAR 3] ACT=OK REP=0.967 RWD=1.000 PNL=0.000 CREDIT=18
✓ [CAR 6] ACT=OK REP=0.918 RWD=1.000 PNL=0.000 CREDIT=19
[PASSIVE-BEACON] SIMNOW:12.146 CID:7 ZONE:1 RXUAV:1 EDGEPORT:9998 TS:12.132 SPD:20.300 HDG:-1.300 PX:263.200 PY:-30.000 LAN:3 BRK:0 RX_X:0.000 RX_Y:0.000 RX_Z:0.000
[ZONE-ROUTE] CID:7 zone=1 edge_port=9998
[EDGE-RTT] CID:7 wall=0.9 ms  sim_delay=5.0 ms
>>> [UAV->CLOUD] BLK:6001|TX:7.0.0.11|CID:7|TS:12.132|SPD:20.3|HDG:-1.3|PX:263.2|PY:-30.0...
✓ [CAR 7] ACT=OK REP=0.790 RWD=1.000 PNL=0.000 CREDIT=20
[PASSIVE-BEACON] SIMNOW:12.234 CID:1 ZONE:1 RXUAV:1 EDGEPORT:9998 TS:12.220 SPD:20.100 HDG:-2.000 PX:245.000 PY:-20.000 LAN:2 BRK:0 RX_X:0.000 RX_Y:0.000 RX_Z:0.000
[ZONE-ROUTE] CID:1 zone=1 edge_port=9998
[EDGE-RTT] CID:1 wall=1.1 ms  sim_delay=5.0 ms
>>> [UAV->CLOUD] BLK:ae2c|TX:7.0.0.5|CID:1|TS:12.220|SPD:20.1|HDG:-2.0|PX:245.0|PY:-20.0|...
[PASSIVE-BEACON] SIMNOW:12.234 CID:0 ZONE:1 RXUAV:1 EDGEPORT:9998 TS:12.220 SPD:25.100 HDG:-0.200 PX:253.400 PY:-10.000 LAN:1 BRK:1 RX_X:0.000 RX_Y:0.000 RX_Z:0.000
[ZONE-ROUTE] CID:0 zone=1 edge_port=9998
[EDGE-RTT] CID:0 wall=2.8 ms  sim_delay=10.0 ms
>>> [UAV->CLOUD] BLK:d6ab|TX:7.0.0.4|CID:0|TS:12.220|SPD:25.1|HDG:-0.2|PX:253.4|PY:-10.0|...
✓ [CAR 1] ACT=OK REP=0.941 RWD=1.000 PNL=0.000 CREDIT=20
[ECON-CLAWBACK] CID:0 ACT=WARN prior_payoff=-1.385 extra_penalty=1.750 new_payoff=-3.235
[FORGIVENESS] CID:0 WARN #4 — streak reset, benefits revoked
⚠ [CAR 0] ACT=WARN REP=0.852 RWD=0.000 PNL=1.850 CREDIT=-2
[PASSIVE-BEACON] SIMNOW:12.304 CID:4 ZONE:1 RXUAV:1 EDGEPORT:9998 TS:12.290 SPD:20.400 HDG:-1.100 PX:246.000 PY:-50.000 LAN:5 BRK:0 RX_X:0.000 RX_Y:0.000 RX_Z:0.000
[ZONE-ROUTE] CID:4 zone=1 edge_port=9998
[EDGE-RTT] CID:4 wall=0.9 ms  sim_delay=5.0 ms
>>> [UAV->CLOUD] BLK:7721|TX:7.0.0.8|CID:4|TS:12.290|SPD:20.4|HDG:-1.1|PX:246.0|PY:-50.0|...
✓ [CAR 4] ACT=OK REP=0.984 RWD=1.000 PNL=0.000 CREDIT=20
[PASSIVE-BEACON] SIMNOW:12.384 CID:2 ZONE:1 RXUAV:1 EDGEPORT:9998 TS:12.370 SPD:19.700 HDG:-1.500 PX:247.800 PY:-30.000 LAN:3 BRK:0 RX_X:0.000 RX_Y:0.000 RX_Z:0.000
[ZONE-ROUTE] CID:2 zone=1 edge_port=9998
[EDGE-RTT] CID:2 wall=1.0 ms  sim_delay=10.0 ms
[TRUST-UPGRADE] CID:2 earned REDUCE_SCRUTINY after 20 clean packets → latency × 0.5
>>> [UAV->CLOUD] BLK:3cb1|TX:7.0.0.6|CID:2|TS:12.370|SPD:19.7|HDG:-1.5|PX:247.8|PY:-30.0|...
[TRUST-APPLIED] CID:2 REDUCE_SCRUTINY → latency=5.0ms (was 10.0ms)
✓ [CAR 2] ACT=OK REP=0.500 RWD=1.500 PNL=0.000 CREDIT=20
✓ [CAR 2] ACT=OK REP=0.848 RWD=1.000 PNL=0.000 CREDIT=19
[PKT-DROP] UAV dropped telemetry from 7.0.0.13 (drop_rate=1%)
[PASSIVE-BEACON] SIMNOW:12.506 CID:8 ZONE:1 RXUAV:1 EDGEPORT:9998 TS:12.492 SPD:19.600 HDG:0.700 PX:269.500 PY:-40.000 LAN:4 BRK:0 RX_X:0.000 RX_Y:0.000 RX_Z:0.000
[ZONE-ROUTE] CID:8 zone=1 edge_port=9998
[EDGE-RTT] CID:8 wall=1.3 ms  sim_delay=10.0 ms
[TRUST-UPGRADE] CID:8 earned REDUCE_SCRUTINY after 20 clean packets → latency × 0.5
>>> [UAV->CLOUD] BLK:9d9d|TX:7.0.0.12|CID:8|TS:12.492|SPD:19.6|HDG:0.7|PX:269.5|PY:-40.0|...
[TRUST-APPLIED] CID:8 REDUCE_SCRUTINY → latency=5.0ms (was 10.0ms)
✓ [CAR 8] ACT=OK REP=0.500 RWD=1.500 PNL=0.000 CREDIT=20
✓ [CAR 8] ACT=OK REP=1.000 RWD=1.000 PNL=0.000 CREDIT=19
[PASSIVE-BEACON] SIMNOW:12.534 CID:3 ZONE:1 RXUAV:1 EDGEPORT:9998 TS:12.520 SPD:19.600 HDG:1.600 PX:250.700 PY:-40.000 LAN:4 BRK:0 RX_X:0.000 RX_Y:0.000 RX_Z:0.000
[ZONE-ROUTE] CID:3 zone=1 edge_port=9998
[EDGE-RTT] CID:3 wall=1.2 ms  sim_delay=10.0 ms
[TRUST-UPGRADE] CID:3 earned REDUCE_SCRUTINY after 20 clean packets → latency × 0.5
>>> [UAV->CLOUD] BLK:d632|TX:7.0.0.7|CID:3|TS:12.520|SPD:19.6|HDG:1.6|PX:250.7|PY:-40.0|L...
[PASSIVE-BEACON] SIMNOW:12.536 CID:6 ZONE:1 RXUAV:1 EDGEPORT:9998 TS:12.522 SPD:20.000 HDG:0.100 PX:270.200 PY:-20.000 LAN:2 BRK:0 RX_X:0.000 RX_Y:0.000 RX_Z:0.000
[ZONE-ROUTE] CID:6 zone=1 edge_port=9998
[EDGE-RTT] CID:6 wall=0.9 ms  sim_delay=5.0 ms
>>> [UAV->CLOUD] BLK:8453|TX:7.0.0.10|CID:6|TS:12.522|SPD:20.0|HDG:0.1|PX:270.2|PY:-20.0|...
[TRUST-APPLIED] CID:3 REDUCE_SCRUTINY → latency=5.0ms (was 10.0ms)
✓ [CAR 3] ACT=OK REP=0.500 RWD=1.500 PNL=0.000 CREDIT=20
✓ [CAR 3] ACT=OK REP=0.795 RWD=1.000 PNL=0.000 CREDIT=19
✓ [CAR 6] ACT=OK REP=0.911 RWD=1.000 PNL=0.000 CREDIT=20
[PASSIVE-BEACON] SIMNOW:12.646 CID:7 ZONE:1 RXUAV:1 EDGEPORT:9998 TS:12.632 SPD:19.600 HDG:0.400 PX:272.200 PY:-30.000 LAN:3 BRK:0 RX_X:0.000 RX_Y:0.000 RX_Z:0.000
[ZONE-ROUTE] CID:7 zone=1 edge_port=9998
[EDGE-RTT] CID:7 wall=1.3 ms  sim_delay=5.0 ms
>>> [UAV->CLOUD] BLK:b3c5|TX:7.0.0.11|CID:7|TS:12.632|SPD:19.6|HDG:0.4|PX:272.2|PY:-30.0|...
✓ [CAR 7] ACT=OK REP=0.906 RWD=1.000 PNL=0.000 CREDIT=21
[PASSIVE-BEACON] SIMNOW:12.734 CID:1 ZONE:1 RXUAV:1 EDGEPORT:9998 TS:12.720 SPD:25.100 HDG:0.000 PX:254.600 PY:-20.000 LAN:2 BRK:0 RX_X:0.000 RX_Y:0.000 RX_Z:0.000
[ZONE-ROUTE] CID:1 zone=1 edge_port=9998
[EDGE-RTT] CID:1 wall=1.0 ms  sim_delay=5.0 ms
>>> [UAV->CLOUD] BLK:b37a|TX:7.0.0.5|CID:1|TS:12.720|SPD:25.1|HDG:0.0|PX:254.6|PY:-20.0|L...
[PASSIVE-BEACON] SIMNOW:12.734 CID:0 ZONE:1 RXUAV:1 EDGEPORT:9998 TS:12.720 SPD:25.000 HDG:0.600 PX:265.800 PY:-10.000 LAN:1 BRK:0 RX_X:0.000 RX_Y:0.000 RX_Z:0.000
[ZONE-ROUTE] CID:0 zone=1 edge_port=9998
[EDGE-RTT] CID:0 wall=2.7 ms  sim_delay=10.0 ms
>>> [UAV->CLOUD] BLK:7116|TX:7.0.0.4|CID:0|TS:12.720|SPD:25.0|HDG:0.6|PX:265.8|PY:-10.0|L...
[ECON-CLAWBACK] CID:1 ACT=WARN prior_payoff=24.0 extra_penalty=19.0 new_payoff=4.9
[TRUST-REVOKED] CID:1 benefits revoked logically; lane=2 speed=20.0 latency=10.0ms
[FORGIVENESS] CID:1 WARN #1 — streak reset, benefits revoked
⚠ [CAR 1] ACT=WARN REP=1.000 RWD=0.000 PNL=19.073 CREDIT=19
[ECON-CLAWBACK] CID:0 ACT=WARN prior_payoff=-3.235 extra_penalty=2.000 new_payoff=-5.336
[FORGIVENESS] CID:0 WARN #5 — streak reset, benefits revoked
⚠ [CAR 0] ACT=WARN REP=0.527 RWD=0.000 PNL=2.101 CREDIT=-2
[PASSIVE-BEACON] SIMNOW:12.804 CID:4 ZONE:1 RXUAV:1 EDGEPORT:9998 TS:12.790 SPD:19.500 HDG:0.500 PX:256.400 PY:-50.000 LAN:5 BRK:0 RX_X:0.000 RX_Y:0.000 RX_Z:0.000
[ZONE-ROUTE] CID:4 zone=1 edge_port=9998
[EDGE-RTT] CID:4 wall=1.1 ms  sim_delay=5.0 ms
>>> [UAV->CLOUD] BLK:bf14|TX:7.0.0.8|CID:4|TS:12.790|SPD:19.5|HDG:0.5|PX:256.4|PY:-50.0|L...
✓ [CAR 4] ACT=OK REP=0.866 RWD=1.000 PNL=0.000 CREDIT=21
[PASSIVE-BEACON] SIMNOW:12.884 CID:2 ZONE:1 RXUAV:1 EDGEPORT:9998 TS:12.870 SPD:20.400 HDG:1.200 PX:257.200 PY:-30.000 LAN:3 BRK:0 RX_X:0.000 RX_Y:0.000 RX_Z:0.000
[ZONE-ROUTE] CID:2 zone=1 edge_port=9998
[EDGE-RTT] CID:2 wall=1.0 ms  sim_delay=5.0 ms
>>> [UAV->CLOUD] BLK:5616|TX:7.0.0.6|CID:2|TS:12.870|SPD:20.4|HDG:1.2|PX:257.2|PY:-30.0|L...
✓ [CAR 2] ACT=OK REP=0.832 RWD=1.000 PNL=0.000 CREDIT=20
[PASSIVE-BEACON] SIMNOW:12.996 CID:9 ZONE:1 RXUAV:1 EDGEPORT:9998 TS:12.982 SPD:19.900 HDG:1.800 PX:280.100 PY:-50.000 LAN:5 BRK:0 RX_X:0.000 RX_Y:0.000 RX_Z:0.000
[ZONE-ROUTE] CID:9 zone=1 edge_port=9998
[EDGE-RTT] CID:9 wall=1.3 ms  sim_delay=10.0 ms
[TRUST-UPGRADE] CID:9 earned REDUCE_SCRUTINY after 20 clean packets → latency × 0.5
>>> [UAV->CLOUD] BLK:c462|TX:7.0.0.13|CID:9|TS:12.982|SPD:19.9|HDG:1.8|PX:280.1|PY:-50.0|...
[PASSIVE-BEACON] SIMNOW:13.006 CID:8 ZONE:1 RXUAV:1 EDGEPORT:9998 TS:12.992 SPD:20.000 HDG:-1.100 PX:279.400 PY:-40.000 LAN:4 BRK:0 RX_X:0.000 RX_Y:0.000 RX_Z:0.000
[ZONE-ROUTE] CID:8 zone=1 edge_port=9998
[EDGE-RTT] CID:8 wall=0.9 ms  sim_delay=5.0 ms
>>> [UAV->CLOUD] BLK:17fc|TX:7.0.0.12|CID:8|TS:12.992|SPD:20.0|HDG:-1.1|PX:279.4|PY:-40.0...
[TRUST-APPLIED] CID:9 REDUCE_SCRUTINY → latency=5.0ms (was 10.0ms)
✓ [CAR 9] ACT=OK REP=0.500 RWD=1.500 PNL=0.000 CREDIT=20
✓ [CAR 9] ACT=OK REP=0.700 RWD=1.000 PNL=0.000 CREDIT=19
✓ [CAR 8] ACT=OK REP=0.859 RWD=1.000 PNL=0.000 CREDIT=20
[PASSIVE-BEACON] SIMNOW:13.034 CID:3 ZONE:1 RXUAV:1 EDGEPORT:9998 TS:13.020 SPD:20.300 HDG:-1.600 PX:260.900 PY:-40.000 LAN:4 BRK:0 RX_X:0.000 RX_Y:0.000 RX_Z:0.000
[ZONE-ROUTE] CID:3 zone=1 edge_port=9998
[EDGE-RTT] CID:3 wall=1.0 ms  sim_delay=5.0 ms
>>> [UAV->CLOUD] BLK:8775|TX:7.0.0.7|CID:3|TS:13.020|SPD:20.3|HDG:-1.6|PX:260.9|PY:-40.0|...
[PASSIVE-BEACON] SIMNOW:13.036 CID:6 ZONE:1 RXUAV:1 EDGEPORT:9998 TS:13.022 SPD:24.700 HDG:-1.200 PX:282.700 PY:-20.000 LAN:2 BRK:1 RX_X:0.000 RX_Y:0.000 RX_Z:0.000
[ZONE-ROUTE] CID:6 zone=1 edge_port=9998
[EDGE-RTT] CID:6 wall=0.9 ms  sim_delay=5.0 ms
>>> [UAV->CLOUD] BLK:a9d9|TX:7.0.0.10|CID:6|TS:13.022|SPD:24.7|HDG:-1.2|PX:282.7|PY:-20.0...
✓ [CAR 3] ACT=OK REP=0.859 RWD=1.000 PNL=0.000 CREDIT=20
✓ [CAR 6] ACT=OK REP=0.638 RWD=0.851 PNL=0.000 CREDIT=21
[PASSIVE-BEACON] SIMNOW:13.146 CID:7 ZONE:1 RXUAV:1 EDGEPORT:9998 TS:13.132 SPD:19.600 HDG:-1.600 PX:282.300 PY:-30.000 LAN:3 BRK:0 RX_X:0.000 RX_Y:0.000 RX_Z:0.000
[ZONE-ROUTE] CID:7 zone=1 edge_port=9998
[EDGE-RTT] CID:7 wall=1.3 ms  sim_delay=5.0 ms
>>> [UAV->CLOUD] BLK:424d|TX:7.0.0.11|CID:7|TS:13.132|SPD:19.6|HDG:-1.6|PX:282.3|PY:-30.0...
✓ [CAR 7] ACT=OK REP=0.925 RWD=1.000 PNL=0.000 CREDIT=22
[PASSIVE-BEACON] SIMNOW:13.234 CID:1 ZONE:1 RXUAV:1 EDGEPORT:9998 TS:13.220 SPD:25.500 HDG:1.300 PX:267.200 PY:-20.000 LAN:2 BRK:1 RX_X:0.000 RX_Y:0.000 RX_Z:0.000
[ZONE-ROUTE] CID:1 zone=1 edge_port=9998
[EDGE-RTT] CID:1 wall=0.9 ms  sim_delay=5.0 ms
>>> [UAV->CLOUD] BLK:6104|TX:7.0.0.5|CID:1|TS:13.220|SPD:25.5|HDG:1.3|PX:267.2|PY:-20.0|L...
[PASSIVE-BEACON] SIMNOW:13.234 CID:0 ZONE:1 RXUAV:1 EDGEPORT:9998 TS:13.220 SPD:25.100 HDG:-1.800 PX:277.000 PY:-10.000 LAN:1 BRK:0 RX_X:0.000 RX_Y:0.000 RX_Z:0.000
[ZONE-ROUTE] CID:0 zone=1 edge_port=9998
[EDGE-RTT] CID:0 wall=2.5 ms  sim_delay=10.0 ms
>>> [UAV->CLOUD] BLK:585f|TX:7.0.0.4|CID:0|TS:13.220|SPD:25.1|HDG:-1.8|PX:277.0|PY:-10.0|...
[ECON-CLAWBACK] CID:1 ACT=WARN prior_payoff=4.9 extra_penalty=3.7 new_payoff=1.1
[FORGIVENESS] CID:1 WARN #2 — streak reset, benefits revoked
⚠ [CAR 1] ACT=WARN REP=1.000 RWD=0.000 PNL=3.809 CREDIT=-2
[ECON-CLAWBACK] CID:0 ACT=WARN prior_payoff=-5.336 extra_penalty=2.250 new_payoff=-7.688
[FORGIVENESS] CID:0 WARN #6 — streak reset, benefits revoked
⚠ [CAR 0] ACT=WARN REP=0.643 RWD=0.000 PNL=2.352 CREDIT=-2
[PASSIVE-BEACON] SIMNOW:13.304 CID:4 ZONE:1 RXUAV:1 EDGEPORT:9998 TS:13.290 SPD:20.200 HDG:-1.900 PX:265.700 PY:-50.000 LAN:5 BRK:0 RX_X:0.000 RX_Y:0.000 RX_Z:0.000
[ZONE-ROUTE] CID:4 zone=1 edge_port=9998
[EDGE-RTT] CID:4 wall=0.9 ms  sim_delay=5.0 ms
>>> [UAV->CLOUD] BLK:900d|TX:7.0.0.8|CID:4|TS:13.290|SPD:20.2|HDG:-1.9|PX:265.7|PY:-50.0|...
✓ [CAR 4] ACT=OK REP=0.713 RWD=1.000 PNL=0.000 CREDIT=22
[PASSIVE-BEACON] SIMNOW:13.384 CID:2 ZONE:1 RXUAV:1 EDGEPORT:9998 TS:13.370 SPD:19.700 HDG:-1.000 PX:266.800 PY:-30.000 LAN:3 BRK:0 RX_X:0.000 RX_Y:0.000 RX_Z:0.000
[ZONE-ROUTE] CID:2 zone=1 edge_port=9998
[EDGE-RTT] CID:2 wall=0.9 ms  sim_delay=5.0 ms
>>> [UAV->CLOUD] BLK:4fa0|TX:7.0.0.6|CID:2|TS:13.370|SPD:19.7|HDG:-1.0|PX:266.8|PY:-30.0|...
✓ [CAR 2] ACT=OK REP=1.000 RWD=1.000 PNL=0.000 CREDIT=21
[PASSIVE-BEACON] SIMNOW:13.496 CID:9 ZONE:1 RXUAV:1 EDGEPORT:9998 TS:13.482 SPD:20.000 HDG:-1.900 PX:290.200 PY:-50.000 LAN:5 BRK:1 RX_X:0.000 RX_Y:0.000 RX_Z:0.000
[ZONE-ROUTE] CID:9 zone=1 edge_port=9998
[EDGE-RTT] CID:9 wall=1.1 ms  sim_delay=5.0 ms
>>> [UAV->CLOUD] BLK:b00b|TX:7.0.0.13|CID:9|TS:13.482|SPD:20.0|HDG:-1.9|PX:290.2|PY:-50.0...
[PASSIVE-BEACON] SIMNOW:13.506 CID:8 ZONE:1 RXUAV:1 EDGEPORT:9998 TS:13.492 SPD:20.000 HDG:-1.000 PX:289.400 PY:-40.000 LAN:4 BRK:0 RX_X:0.000 RX_Y:0.000 RX_Z:0.000
[ZONE-ROUTE] CID:8 zone=1 edge_port=9998
[EDGE-RTT] CID:8 wall=0.9 ms  sim_delay=5.0 ms
>>> [UAV->CLOUD] BLK:d5bc|TX:7.0.0.12|CID:8|TS:13.492|SPD:20.0|HDG:-1.0|PX:289.4|PY:-40.0...
✓ [CAR 9] ACT=OK REP=1.000 RWD=1.000 PNL=0.000 CREDIT=20
✓ [CAR 8] ACT=OK REP=0.848 RWD=1.000 PNL=0.000 CREDIT=21
[PASSIVE-BEACON] SIMNOW:13.534 CID:3 ZONE:1 RXUAV:1 EDGEPORT:9998 TS:13.520 SPD:19.600 HDG:2.000 PX:269.700 PY:-40.000 LAN:4 BRK:0 RX_X:0.000 RX_Y:0.000 RX_Z:0.000
[ZONE-ROUTE] CID:3 zone=1 edge_port=9998
[EDGE-RTT] CID:3 wall=0.9 ms  sim_delay=5.0 ms
>>> [UAV->CLOUD] BLK:fa97|TX:7.0.0.7|CID:3|TS:13.520|SPD:19.6|HDG:2.0|PX:269.7|PY:-40.0|L...
[PASSIVE-BEACON] SIMNOW:13.536 CID:6 ZONE:1 RXUAV:1 EDGEPORT:9998 TS:13.522 SPD:25.100 HDG:-1.600 PX:295.700 PY:-20.000 LAN:2 BRK:1 RX_X:0.000 RX_Y:0.000 RX_Z:0.000
[ZONE-ROUTE] CID:6 zone=1 edge_port=9998
[EDGE-RTT] CID:6 wall=0.9 ms  sim_delay=5.0 ms
>>> [UAV->CLOUD] BLK:b7d6|TX:7.0.0.10|CID:6|TS:13.522|SPD:25.1|HDG:-1.6|PX:295.7|PY:-20.0...
✓ [CAR 3] ACT=OK REP=0.777 RWD=1.000 PNL=0.000 CREDIT=21
[ECON-CLAWBACK] CID:6 ACT=WARN prior_payoff=24.847 extra_penalty=19.635 new_payoff=5.133
[TRUST-REVOKED] CID:6 benefits revoked logically; lane=2 speed=20.000 latency=10.000ms
[FORGIVENESS] CID:6 WARN #1 — streak reset, benefits revoked
⚠ [CAR 6] ACT=WARN REP=0.765 RWD=0.000 PNL=19.714 CREDIT=20
[PASSIVE-BEACON] SIMNOW:13.646 CID:7 ZONE:1 RXUAV:1 EDGEPORT:9998 TS:13.632 SPD:19.800 HDG:-1.100 PX:292.500 PY:-30.000 LAN:3 BRK:0 RX_X:0.000 RX_Y:0.000 RX_Z:0.000
[ZONE-ROUTE] CID:7 zone=1 edge_port=9998
[EDGE-RTT] CID:7 wall=6.1 ms  sim_delay=5.0 ms
>>> [UAV->CLOUD] BLK:aae0|TX:7.0.0.11|CID:7|TS:13.632|SPD:19.8|HDG:-1.1|PX:292.5|PY:-30.0...
✓ [CAR 7] ACT=OK REP=0.726 RWD=1.000 PNL=0.000 CREDIT=23
[PASSIVE-BEACON] SIMNOW:13.734 CID:1 ZONE:1 RXUAV:1 EDGEPORT:9998 TS:13.720 SPD:24.600 HDG:1.200 PX:279.800 PY:-20.000 LAN:2 BRK:0 RX_X:0.000 RX_Y:0.000 RX_Z:0.000
[ZONE-ROUTE] CID:1 zone=1 edge_port=9998
[EDGE-RTT] CID:1 wall=1.1 ms  sim_delay=5.0 ms
>>> [UAV->CLOUD] BLK:5018|TX:7.0.0.5|CID:1|TS:13.720|SPD:24.6|HDG:1.2|PX:279.8|PY:-20.0|L...
[PASSIVE-BEACON] SIMNOW:13.734 CID:0 ZONE:1 RXUAV:1 EDGEPORT:9998 TS:13.720 SPD:25.300 HDG:-1.100 PX:290.100 PY:-10.000 LAN:1 BRK:1 RX_X:0.000 RX_Y:0.000 RX_Z:0.000
[ZONE-ROUTE] CID:0 zone=1 edge_port=9998
[EDGE-RTT] CID:0 wall=2.3 ms  sim_delay=10.0 ms
>>> [UAV->CLOUD] BLK:cde9|TX:7.0.0.4|CID:0|TS:13.720|SPD:25.3|HDG:-1.1|PX:290.1|PY:-10.0|...
[ECON-CLAWBACK] CID:1 ACT=WARN prior_payoff=1.1 extra_penalty=2.1 new_payoff=-1.0
[FORGIVENESS] CID:1 WARN #3 — streak reset, benefits revoked
⚠ [CAR 1] ACT=WARN REP=0.916 RWD=0.000 PNL=2.153 CREDIT=-2
[ECON-CLAWBACK] CID:0 ACT=WARN prior_payoff=-7.688 extra_penalty=2.500 new_payoff=-10.290
[FORGIVENESS] CID:0 WARN #7 — streak reset, benefits revoked
⚠ [CAR 0] ACT=WARN REP=0.888 RWD=0.000 PNL=2.602 CREDIT=-2
[PASSIVE-BEACON] SIMNOW:13.804 CID:4 ZONE:1 RXUAV:1 EDGEPORT:9998 TS:13.790 SPD:20.500 HDG:-0.400 PX:275.800 PY:-50.000 LAN:5 BRK:0 RX_X:0.000 RX_Y:0.000 RX_Z:0.000
[ZONE-ROUTE] CID:4 zone=1 edge_port=9998
[EDGE-RTT] CID:4 wall=1.1 ms  sim_delay=5.0 ms
>>> [UAV->CLOUD] BLK:72c5|TX:7.0.0.8|CID:4|TS:13.790|SPD:20.5|HDG:-0.4|PX:275.8|PY:-50.0|...
✓ [CAR 4] ACT=OK REP=0.865 RWD=1.000 PNL=0.000 CREDIT=23
[PASSIVE-BEACON] SIMNOW:13.884 CID:2 ZONE:1 RXUAV:1 EDGEPORT:9998 TS:13.870 SPD:20.300 HDG:1.500 PX:277.300 PY:-30.000 LAN:3 BRK:0 RX_X:0.000 RX_Y:0.000 RX_Z:0.000
[ZONE-ROUTE] CID:2 zone=1 edge_port=9998
[EDGE-RTT] CID:2 wall=0.9 ms  sim_delay=5.0 ms
>>> [UAV->CLOUD] BLK:c7d9|TX:7.0.0.6|CID:2|TS:13.870|SPD:20.3|HDG:1.5|PX:277.3|PY:-30.0|L...
✓ [CAR 2] ACT=OK REP=0.846 RWD=1.000 PNL=0.000 CREDIT=22
[PASSIVE-BEACON] SIMNOW:13.996 CID:9 ZONE:1 RXUAV:1 EDGEPORT:9998 TS:13.982 SPD:19.600 HDG:1.900 PX:299.100 PY:-50.000 LAN:5 BRK:0 RX_X:0.000 RX_Y:0.000 RX_Z:0.000
[ZONE-ROUTE] CID:9 zone=1 edge_port=9998
[EDGE-RTT] CID:9 wall=1.1 ms  sim_delay=5.0 ms
>>> [UAV->CLOUD] BLK:c262|TX:7.0.0.13|CID:9|TS:13.982|SPD:19.6|HDG:1.9|PX:299.1|PY:-50.0|...
[PASSIVE-BEACON] SIMNOW:14.006 CID:8 ZONE:1 RXUAV:1 EDGEPORT:9998 TS:13.992 SPD:20.200 HDG:-0.400 PX:299.900 PY:-40.000 LAN:4 BRK:0 RX_X:0.000 RX_Y:0.000 RX_Z:0.000
[ZONE-ROUTE] CID:8 zone=1 edge_port=9998
[EDGE-RTT] CID:8 wall=0.7 ms  sim_delay=5.0 ms
>>> [UAV->CLOUD] BLK:b25d|TX:7.0.0.12|CID:8|TS:13.992|SPD:20.2|HDG:-0.4|PX:299.9|PY:-40.0...
✓ [CAR 9] ACT=OK REP=0.879 RWD=1.000 PNL=0.000 CREDIT=21
✓ [CAR 8] ACT=OK REP=0.984 RWD=1.000 PNL=0.000 CREDIT=22
[PASSIVE-BEACON] SIMNOW:14.034 CID:3 ZONE:1 RXUAV:1 EDGEPORT:9998 TS:14.020 SPD:19.700 HDG:-0.200 PX:280.000 PY:-40.000 LAN:4 BRK:0 RX_X:0.000 RX_Y:0.000 RX_Z:0.000
[ZONE-ROUTE] CID:3 zone=1 edge_port=9998
[EDGE-RTT] CID:3 wall=1.0 ms  sim_delay=5.0 ms
>>> [UAV->CLOUD] BLK:ca0a|TX:7.0.0.7|CID:3|TS:14.020|SPD:19.7|HDG:-0.2|PX:280.0|PY:-40.0|...
[PASSIVE-BEACON] SIMNOW:14.036 CID:6 ZONE:1 RXUAV:1 EDGEPORT:9998 TS:14.022 SPD:24.800 HDG:-0.100 PX:307.600 PY:-20.000 LAN:2 BRK:0 RX_X:0.000 RX_Y:0.000 RX_Z:0.000
[ZONE-ROUTE] CID:6 zone=1 edge_port=9998
[EDGE-RTT] CID:6 wall=0.9 ms  sim_delay=5.0 ms
>>> [UAV->CLOUD] BLK:eef7|TX:7.0.0.10|CID:6|TS:14.022|SPD:24.8|HDG:-0.1|PX:307.6|PY:-20.0...
✓ [CAR 3] ACT=OK REP=0.796 RWD=1.000 PNL=0.000 CREDIT=22
[ECON-CLAWBACK] CID:6 ACT=WARN prior_payoff=5.133 extra_penalty=3.816 new_payoff=1.219
[FORGIVENESS] CID:6 WARN #2 — streak reset, benefits revoked
⚠ [CAR 6] ACT=WARN REP=0.602 RWD=0.000 PNL=3.913 CREDIT=-2
[PASSIVE-BEACON] SIMNOW:14.146 CID:7 ZONE:1 RXUAV:1 EDGEPORT:9998 TS:14.132 SPD:20.300 HDG:-0.300 PX:302.300 PY:-30.000 LAN:3 BRK:0 RX_X:0.000 RX_Y:0.000 RX_Z:0.000
[ZONE-ROUTE] CID:7 zone=1 edge_port=9998
[EDGE-RTT] CID:7 wall=1.0 ms  sim_delay=5.0 ms
>>> [UAV->CLOUD] BLK:a983|TX:7.0.0.11|CID:7|TS:14.132|SPD:20.3|HDG:-0.3|PX:302.3|PY:-30.0...
✓ [CAR 7] ACT=OK REP=0.837 RWD=1.000 PNL=0.000 CREDIT=24
[PASSIVE-BEACON] SIMNOW:14.234 CID:1 ZONE:1 RXUAV:1 EDGEPORT:9998 TS:14.220 SPD:25.100 HDG:-1.600 PX:293.100 PY:-20.000 LAN:2 BRK:1 RX_X:0.000 RX_Y:0.000 RX_Z:0.000
[ZONE-ROUTE] CID:1 zone=1 edge_port=9998
[EDGE-RTT] CID:1 wall=1.0 ms  sim_delay=5.0 ms
>>> [UAV->CLOUD] BLK:7eaf|TX:7.0.0.5|CID:1|TS:14.220|SPD:25.1|HDG:-1.6|PX:293.1|PY:-20.0|...
[PASSIVE-BEACON] SIMNOW:14.234 CID:0 ZONE:1 RXUAV:1 EDGEPORT:9998 TS:14.220 SPD:25.300 HDG:-0.800 PX:303.200 PY:-10.000 LAN:1 BRK:0 RX_X:0.000 RX_Y:0.000 RX_Z:0.000
[ZONE-ROUTE] CID:0 zone=1 edge_port=9998
[EDGE-RTT] CID:0 wall=2.2 ms  sim_delay=10.0 ms
>>> [UAV->CLOUD] BLK:8bc9|TX:7.0.0.4|CID:0|TS:14.220|SPD:25.3|HDG:-0.8|PX:303.2|PY:-10.0|...
[ECON-CLAWBACK] CID:1 ACT=WARN prior_payoff=-1.0 extra_penalty=1.8 new_payoff=-2.9
[FORGIVENESS] CID:1 WARN #4 — streak reset, benefits revoked
⚠ [CAR 1] ACT=WARN REP=0.994 RWD=0.000 PNL=1.850 CREDIT=-2
[ECON-CLAWBACK] CID:0 ACT=WARN prior_payoff=-10.290 extra_penalty=2.750 new_payoff=-13.142
[FORGIVENESS] CID:0 WARN #8 — streak reset, benefits revoked
⚠ [CAR 0] ACT=WARN REP=0.467 RWD=0.000 PNL=2.852 CREDIT=-2
[PASSIVE-BEACON] SIMNOW:14.304 CID:4 ZONE:1 RXUAV:1 EDGEPORT:9998 TS:14.290 SPD:19.900 HDG:-1.400 PX:285.500 PY:-50.000 LAN:5 BRK:0 RX_X:0.000 RX_Y:0.000 RX_Z:0.000
[ZONE-ROUTE] CID:4 zone=1 edge_port=9998
[EDGE-RTT] CID:4 wall=0.9 ms  sim_delay=5.0 ms
>>> [UAV->CLOUD] BLK:c9f6|TX:7.0.0.8|CID:4|TS:14.290|SPD:19.9|HDG:-1.4|PX:285.5|PY:-50.0|...
✓ [CAR 4] ACT=OK REP=1.000 RWD=1.000 PNL=0.000 CREDIT=24
[PASSIVE-BEACON] SIMNOW:14.384 CID:2 ZONE:1 RXUAV:1 EDGEPORT:9998 TS:14.370 SPD:19.900 HDG:-1.200 PX:286.700 PY:-30.000 LAN:3 BRK:0 RX_X:0.000 RX_Y:0.000 RX_Z:0.000
[ZONE-ROUTE] CID:2 zone=1 edge_port=9998
[EDGE-RTT] CID:2 wall=0.9 ms  sim_delay=5.0 ms
>>> [UAV->CLOUD] BLK:fdf3|TX:7.0.0.6|CID:2|TS:14.370|SPD:19.9|HDG:-1.2|PX:286.7|PY:-30.0|...
✓ [CAR 2] ACT=OK REP=0.939 RWD=1.000 PNL=0.000 CREDIT=23
[PASSIVE-BEACON] SIMNOW:14.496 CID:9 ZONE:1 RXUAV:1 EDGEPORT:9998 TS:14.482 SPD:20.100 HDG:-0.200 PX:309.600 PY:-50.000 LAN:5 BRK:0 RX_X:0.000 RX_Y:0.000 RX_Z:0.000
[ZONE-ROUTE] CID:9 zone=1 edge_port=9998
[EDGE-RTT] CID:9 wall=1.3 ms  sim_delay=5.0 ms
>>> [UAV->CLOUD] BLK:8dba|TX:7.0.0.13|CID:9|TS:14.482|SPD:20.1|HDG:-0.2|PX:309.6|PY:-50.0...
[PASSIVE-BEACON] SIMNOW:14.506 CID:8 ZONE:1 RXUAV:1 EDGEPORT:9998 TS:14.492 SPD:20.000 HDG:-1.700 PX:310.200 PY:-40.000 LAN:4 BRK:0 RX_X:0.000 RX_Y:0.000 RX_Z:0.000
[ZONE-ROUTE] CID:8 zone=1 edge_port=9998
[EDGE-RTT] CID:8 wall=0.8 ms  sim_delay=5.0 ms
>>> [UAV->CLOUD] BLK:03a8|TX:7.0.0.12|CID:8|TS:14.492|SPD:20.0|HDG:-1.7|PX:310.2|PY:-40.0...
✓ [CAR 9] ACT=OK REP=1.000 RWD=1.000 PNL=0.000 CREDIT=22
✓ [CAR 8] ACT=OK REP=0.995 RWD=1.000 PNL=0.000 CREDIT=23
[PASSIVE-BEACON] SIMNOW:14.534 CID:3 ZONE:1 RXUAV:1 EDGEPORT:9998 TS:14.520 SPD:19.700 HDG:-0.100 PX:289.800 PY:-40.000 LAN:4 BRK:0 RX_X:0.000 RX_Y:0.000 RX_Z:0.000
[ZONE-ROUTE] CID:3 zone=1 edge_port=9998
[EDGE-RTT] CID:3 wall=1.0 ms  sim_delay=5.0 ms
>>> [UAV->CLOUD] BLK:f8d9|TX:7.0.0.7|CID:3|TS:14.520|SPD:19.7|HDG:-0.1|PX:289.8|PY:-40.0|...
[PASSIVE-BEACON] SIMNOW:14.536 CID:6 ZONE:1 RXUAV:1 EDGEPORT:9998 TS:14.522 SPD:25.200 HDG:1.900 PX:320.500 PY:-20.000 LAN:2 BRK:0 RX_X:0.000 RX_Y:0.000 RX_Z:0.000
[ZONE-ROUTE] CID:6 zone=1 edge_port=9998
[EDGE-RTT] CID:6 wall=0.5 ms  sim_delay=5.0 ms
>>> [UAV->CLOUD] BLK:b437|TX:7.0.0.10|CID:6|TS:14.522|SPD:25.2|HDG:1.9|PX:320.5|PY:-20.0|...
✓ [CAR 3] ACT=OK REP=0.827 RWD=1.000 PNL=0.000 CREDIT=23
[ECON-CLAWBACK] CID:6 ACT=WARN prior_payoff=1.219 extra_penalty=2.110 new_payoff=-0.990
[FORGIVENESS] CID:6 WARN #3 — streak reset, benefits revoked
⚠ [CAR 6] ACT=WARN REP=1.000 RWD=0.000 PNL=2.210 CREDIT=-2
[PASSIVE-BEACON] SIMNOW:14.646 CID:7 ZONE:1 RXUAV:1 EDGEPORT:9998 TS:14.632 SPD:24.800 HDG:-1.500 PX:313.500 PY:-30.000 LAN:3 BRK:0 RX_X:0.000 RX_Y:0.000 RX_Z:0.000
[ZONE-ROUTE] CID:7 zone=1 edge_port=9998
[EDGE-RTT] CID:7 wall=1.2 ms  sim_delay=5.0 ms
>>> [UAV->CLOUD] BLK:97dc|TX:7.0.0.11|CID:7|TS:14.632|SPD:24.8|HDG:-1.5|PX:313.5|PY:-30.0...
[ECON-CLAWBACK] CID:7 ACT=WARN prior_payoff=28.0 extra_penalty=22.0 new_payoff=5.9
[TRUST-REVOKED] CID:7 benefits revoked logically; lane=3 speed=20.0 latency=10.0ms
[FORGIVENESS] CID:7 WARN #1 — streak reset, benefits revoked
⚠ [CAR 7] ACT=WARN REP=0.691 RWD=0.000 PNL=22.072 CREDIT=23
[PASSIVE-BEACON] SIMNOW:14.734 CID:1 ZONE:1 RXUAV:1 EDGEPORT:9998 TS:14.720 SPD:25.000 HDG:0.300 PX:304.800 PY:-20.000 LAN:2 BRK:0 RX_X:0.000 RX_Y:0.000 RX_Z:0.000
[ZONE-ROUTE] CID:1 zone=1 edge_port=9998
[EDGE-RTT] CID:1 wall=0.9 ms  sim_delay=5.0 ms
>>> [UAV->CLOUD] BLK:1918|TX:7.0.0.5|CID:1|TS:14.720|SPD:25.0|HDG:0.3|PX:304.8|PY:-20.0|L...
[PASSIVE-BEACON] SIMNOW:14.734 CID:0 ZONE:1 RXUAV:1 EDGEPORT:9998 TS:14.720 SPD:24.900 HDG:-1.200 PX:315.400 PY:-10.000 LAN:1 BRK:0 RX_X:0.000 RX_Y:0.000 RX_Z:0.000
[ZONE-ROUTE] CID:0 zone=1 edge_port=9998
[EDGE-RTT] CID:0 wall=2.2 ms  sim_delay=10.0 ms
>>> [UAV->CLOUD] BLK:23be|TX:7.0.0.4|CID:0|TS:14.720|SPD:24.9|HDG:-1.2|PX:315.4|PY:-10.0|...
[ECON-CLAWBACK] CID:1 ACT=WARN prior_payoff=-2.9 extra_penalty=2.0 new_payoff=-5.0
[FORGIVENESS] CID:1 WARN #5 — streak reset, benefits revoked
⚠ [CAR 1] ACT=WARN REP=0.964 RWD=0.000 PNL=2.101 CREDIT=-2
[ECON-CLAWBACK] CID:0 ACT=WARN prior_payoff=-13.142 extra_penalty=3.000 new_payoff=-16.243
[FORGIVENESS] CID:0 WARN #9 — streak reset, benefits revoked
⚠ [CAR 0] ACT=WARN REP=0.355 RWD=0.000 PNL=3.101 CREDIT=-2
[PASSIVE-BEACON] SIMNOW:14.804 CID:4 ZONE:1 RXUAV:1 EDGEPORT:9998 TS:14.790 SPD:20.100 HDG:-1.200 PX:296.300 PY:-50.000 LAN:5 BRK:0 RX_X:0.000 RX_Y:0.000 RX_Z:0.000
[ZONE-ROUTE] CID:4 zone=1 edge_port=9998
[EDGE-RTT] CID:4 wall=1.1 ms  sim_delay=5.0 ms
>>> [UAV->CLOUD] BLK:57bc|TX:7.0.0.8|CID:4|TS:14.790|SPD:20.1|HDG:-1.2|PX:296.3|PY:-50.0|...
✓ [CAR 4] ACT=OK REP=1.000 RWD=1.000 PNL=0.000 CREDIT=25
[PASSIVE-BEACON] SIMNOW:14.884 CID:2 ZONE:1 RXUAV:1 EDGEPORT:9998 TS:14.870 SPD:25.200 HDG:-1.300 PX:298.900 PY:-30.000 LAN:3 BRK:0 RX_X:0.000 RX_Y:0.000 RX_Z:0.000
[ZONE-ROUTE] CID:2 zone=1 edge_port=9998
[EDGE-RTT] CID:2 wall=1.1 ms  sim_delay=5.0 ms
>>> [UAV->CLOUD] BLK:d0e1|TX:7.0.0.6|CID:2|TS:14.870|SPD:25.2|HDG:-1.3|PX:298.9|PY:-30.0|...
[ECON-CLAWBACK] CID:2 ACT=WARN prior_payoff=27.0 extra_penalty=21.2 new_payoff=5.7
[TRUST-REVOKED] CID:2 benefits revoked logically; lane=3 speed=20.0 latency=10.0ms
[FORGIVENESS] CID:2 WARN #1 — streak reset, benefits revoked
⚠ [CAR 2] ACT=WARN REP=0.557 RWD=0.000 PNL=21.324 CREDIT=22
[PASSIVE-BEACON] SIMNOW:14.996 CID:9 ZONE:1 RXUAV:1 EDGEPORT:9998 TS:14.982 SPD:19.800 HDG:-0.700 PX:319.900 PY:-50.000 LAN:5 BRK:0 RX_X:0.000 RX_Y:0.000 RX_Z:0.000
[ZONE-ROUTE] CID:9 zone=1 edge_port=9998
[EDGE-RTT] CID:9 wall=1.1 ms  sim_delay=5.0 ms
>>> [UAV->CLOUD] BLK:ca22|TX:7.0.0.13|CID:9|TS:14.982|SPD:19.8|HDG:-0.7|PX:319.9|PY:-50.0...
[PASSIVE-BEACON] SIMNOW:15.006 CID:8 ZONE:1 RXUAV:1 EDGEPORT:9998 TS:14.992 SPD:20.000 HDG:1.900 PX:319.200 PY:-40.000 LAN:4 BRK:0 RX_X:0.000 RX_Y:0.000 RX_Z:0.000
[ZONE-ROUTE] CID:8 zone=1 edge_port=9998
[EDGE-RTT] CID:8 wall=0.7 ms  sim_delay=5.0 ms
>>> [UAV->CLOUD] BLK:bb64|TX:7.0.0.12|CID:8|TS:14.992|SPD:20.0|HDG:1.9|PX:319.2|PY:-40.0|...
✓ [CAR 9] ACT=OK REP=0.842 RWD=1.000 PNL=0.000 CREDIT=23
✓ [CAR 8] ACT=OK REP=0.840 RWD=1.000 PNL=0.000 CREDIT=24
[PASSIVE-BEACON] SIMNOW:15.034 CID:3 ZONE:1 RXUAV:1 EDGEPORT:9998 TS:15.020 SPD:20.300 HDG:0.200 PX:299.900 PY:-40.000 LAN:4 BRK:1 RX_X:0.000 RX_Y:0.000 RX_Z:0.000
[ZONE-ROUTE] CID:3 zone=1 edge_port=9998
[EDGE-RTT] CID:3 wall=0.9 ms  sim_delay=5.0 ms
>>> [UAV->CLOUD] BLK:85cb|TX:7.0.0.7|CID:3|TS:15.020|SPD:20.3|HDG:0.2|PX:299.9|PY:-40.0|L...
[PASSIVE-BEACON] SIMNOW:15.036 CID:6 ZONE:1 RXUAV:1 EDGEPORT:9998 TS:15.022 SPD:25.000 HDG:1.900 PX:332.200 PY:-20.000 LAN:2 BRK:0 RX_X:0.000 RX_Y:0.000 RX_Z:0.000
[ZONE-ROUTE] CID:6 zone=1 edge_port=9998
[EDGE-RTT] CID:6 wall=0.6 ms  sim_delay=5.0 ms
>>> [UAV->CLOUD] BLK:0ec2|TX:7.0.0.10|CID:6|TS:15.022|SPD:25.0|HDG:1.9|PX:332.2|PY:-20.0|...
✓ [CAR 3] ACT=OK REP=0.685 RWD=1.000 PNL=0.000 CREDIT=24
[ECON-CLAWBACK] CID:6 ACT=WARN prior_payoff=-0.990 extra_penalty=1.750 new_payoff=-2.841
[FORGIVENESS] CID:6 WARN #4 — streak reset, benefits revoked
⚠ [CAR 6] ACT=WARN REP=0.686 RWD=0.000 PNL=1.851 CREDIT=-2
[PASSIVE-BEACON] SIMNOW:15.146 CID:7 ZONE:1 RXUAV:1 EDGEPORT:9998 TS:15.132 SPD:24.900 HDG:1.900 PX:326.000 PY:-30.000 LAN:3 BRK:0 RX_X:0.000 RX_Y:0.000 RX_Z:0.000
[ZONE-ROUTE] CID:7 zone=1 edge_port=9998
[EDGE-RTT] CID:7 wall=0.9 ms  sim_delay=5.0 ms
>>> [UAV->CLOUD] BLK:e404|TX:7.0.0.11|CID:7|TS:15.132|SPD:24.9|HDG:1.9|PX:326.0|PY:-30.0|...
[ECON-CLAWBACK] CID:7 ACT=WARN prior_payoff=5.9 extra_penalty=4.2 new_payoff=1.6
[FORGIVENESS] CID:7 WARN #2 — streak reset, benefits revoked
⚠ [CAR 7] ACT=WARN REP=0.864 RWD=0.000 PNL=4.307 CREDIT=-2
[PASSIVE-BEACON] SIMNOW:15.234 CID:1 ZONE:1 RXUAV:1 EDGEPORT:9998 TS:15.220 SPD:24.900 HDG:-0.000 PX:318.100 PY:-20.000 LAN:2 BRK:0 RX_X:0.000 RX_Y:0.000 RX_Z:0.000
[ZONE-ROUTE] CID:1 zone=1 edge_port=9998
[EDGE-RTT] CID:1 wall=1.0 ms  sim_delay=5.0 ms
>>> [UAV->CLOUD] BLK:0dc7|TX:7.0.0.5|CID:1|TS:15.220|SPD:24.9|HDG:-0.0|PX:318.1|PY:-20.0|...
[PASSIVE-BEACON] SIMNOW:15.234 CID:0 ZONE:1 RXUAV:1 EDGEPORT:9998 TS:15.220 SPD:24.900 HDG:-1.200 PX:327.600 PY:-10.000 LAN:1 BRK:1 RX_X:0.000 RX_Y:0.000 RX_Z:0.000
[ZONE-ROUTE] CID:0 zone=1 edge_port=9998
[EDGE-RTT] CID:0 wall=1.9 ms  sim_delay=10.0 ms
>>> [UAV->CLOUD] BLK:3687|TX:7.0.0.4|CID:0|TS:15.220|SPD:24.9|HDG:-1.2|PX:327.6|PY:-10.0|...
[ECON-CLAWBACK] CID:0 ACT=WARN prior_payoff=-16.2 extra_penalty=3.2 new_payoff=-19.6
[FORGIVENESS] CID:0 WARN #10 — streak reset, benefits revoked
⚠ [CAR 0] ACT=WARN REP=0.549 RWD=0.000 PNL=3.351 CREDIT=-2
[ECON-CLAWBACK] CID:1 ACT=WARN prior_payoff=-4.990 extra_penalty=2.250 new_payoff=-7.341
[FORGIVENESS] CID:1 WARN #6 — streak reset, benefits revoked
⚠ [CAR 1] ACT=WARN REP=0.725 RWD=0.000 PNL=2.351 CREDIT=-2
[PASSIVE-BEACON] SIMNOW:15.304 CID:4 ZONE:1 RXUAV:1 EDGEPORT:9998 TS:15.290 SPD:19.700 HDG:-0.200 PX:306.100 PY:-50.000 LAN:5 BRK:1 RX_X:0.000 RX_Y:0.000 RX_Z:0.000
[ZONE-ROUTE] CID:4 zone=1 edge_port=9998
[EDGE-RTT] CID:4 wall=1.2 ms  sim_delay=5.0 ms
>>> [UAV->CLOUD] BLK:8708|TX:7.0.0.8|CID:4|TS:15.290|SPD:19.7|HDG:-0.2|PX:306.1|PY:-50.0|...
✓ [CAR 4] ACT=OK REP=0.755 RWD=1.000 PNL=0.000 CREDIT=26
[PASSIVE-BEACON] SIMNOW:15.384 CID:2 ZONE:1 RXUAV:1 EDGEPORT:9998 TS:15.370 SPD:25.200 HDG:-0.100 PX:311.100 PY:-30.000 LAN:3 BRK:0 RX_X:0.000 RX_Y:0.000 RX_Z:0.000
[ZONE-ROUTE] CID:2 zone=1 edge_port=9998
[EDGE-RTT] CID:2 wall=1.0 ms  sim_delay=5.0 ms
>>> [UAV->CLOUD] BLK:c9b4|TX:7.0.0.6|CID:2|TS:15.370|SPD:25.2|HDG:-0.1|PX:311.1|PY:-30.0|...
[ECON-CLAWBACK] CID:2 ACT=WARN prior_payoff=5.7 extra_penalty=4.1 new_payoff=1.5
[FORGIVENESS] CID:2 WARN #2 — streak reset, benefits revoked
⚠ [CAR 2] ACT=WARN REP=0.734 RWD=0.000 PNL=4.182 CREDIT=-2
[PASSIVE-BEACON] SIMNOW:15.496 CID:9 ZONE:1 RXUAV:1 EDGEPORT:9998 TS:15.482 SPD:19.600 HDG:0.400 PX:329.300 PY:-50.000 LAN:5 BRK:0 RX_X:0.000 RX_Y:0.000 RX_Z:0.000
[ZONE-ROUTE] CID:9 zone=1 edge_port=9998
[EDGE-RTT] CID:9 wall=1.0 ms  sim_delay=5.0 ms
>>> [UAV->CLOUD] BLK:00e4|TX:7.0.0.13|CID:9|TS:15.482|SPD:19.6|HDG:0.4|PX:329.3|PY:-50.0|...
[PASSIVE-BEACON] SIMNOW:15.506 CID:8 ZONE:1 RXUAV:1 EDGEPORT:9998 TS:15.492 SPD:19.500 HDG:-1.600 PX:329.900 PY:-40.000 LAN:4 BRK:0 RX_X:0.000 RX_Y:0.000 RX_Z:0.000
[ZONE-ROUTE] CID:8 zone=1 edge_port=9998
[EDGE-RTT] CID:8 wall=0.8 ms  sim_delay=5.0 ms
>>> [UAV->CLOUD] BLK:6cce|TX:7.0.0.12|CID:8|TS:15.492|SPD:19.5|HDG:-1.6|PX:329.9|PY:-40.0...
✓ [CAR 9] ACT=OK REP=0.605 RWD=1.000 PNL=0.000 CREDIT=24
✓ [CAR 8] ACT=OK REP=0.967 RWD=1.000 PNL=0.000 CREDIT=25
[PASSIVE-BEACON] SIMNOW:15.534 CID:3 ZONE:1 RXUAV:1 EDGEPORT:9998 TS:15.520 SPD:19.900 HDG:-1.300 PX:309.700 PY:-40.000 LAN:4 BRK:1 RX_X:0.000 RX_Y:0.000 RX_Z:0.000
[ZONE-ROUTE] CID:3 zone=1 edge_port=9998
[EDGE-RTT] CID:3 wall=0.8 ms  sim_delay=5.0 ms
>>> [UAV->CLOUD] BLK:7086|TX:7.0.0.7|CID:3|TS:15.520|SPD:19.9|HDG:-1.3|PX:309.7|PY:-40.0|...
[PASSIVE-BEACON] SIMNOW:15.536 CID:6 ZONE:1 RXUAV:1 EDGEPORT:9998 TS:15.522 SPD:25.400 HDG:-0.100 PX:345.000 PY:-20.000 LAN:2 BRK:0 RX_X:0.000 RX_Y:0.000 RX_Z:0.000
[ZONE-ROUTE] CID:6 zone=1 edge_port=9998
[EDGE-RTT] CID:6 wall=0.7 ms  sim_delay=5.0 ms
>>> [UAV->CLOUD] BLK:baa1|TX:7.0.0.10|CID:6|TS:15.522|SPD:25.4|HDG:-0.1|PX:345.0|PY:-20.0...
✓ [CAR 3] ACT=OK REP=0.636 RWD=1.000 PNL=0.000 CREDIT=25
[ECON-CLAWBACK] CID:6 ACT=WARN prior_payoff=-2.841 extra_penalty=2.000 new_payoff=-4.943
[FORGIVENESS] CID:6 WARN #5 — streak reset, benefits revoked
⚠ [CAR 6] ACT=WARN REP=0.807 RWD=0.000 PNL=2.102 CREDIT=-2
[PASSIVE-BEACON] SIMNOW:15.646 CID:7 ZONE:1 RXUAV:1 EDGEPORT:9998 TS:15.632 SPD:25.000 HDG:-1.400 PX:338.600 PY:-30.000 LAN:3 BRK:0 RX_X:0.000 RX_Y:0.000 RX_Z:0.000
[ZONE-ROUTE] CID:7 zone=1 edge_port=9998
[EDGE-RTT] CID:7 wall=1.0 ms  sim_delay=5.0 ms
>>> [UAV->CLOUD] BLK:f9fb|TX:7.0.0.11|CID:7|TS:15.632|SPD:25.0|HDG:-1.4|PX:338.6|PY:-30.0...
[ECON-CLAWBACK] CID:7 ACT=WARN prior_payoff=1.6 extra_penalty=2.3 new_payoff=-0.8
[FORGIVENESS] CID:7 WARN #3 — streak reset, benefits revoked
⚠ [CAR 7] ACT=WARN REP=0.708 RWD=0.000 PNL=2.406 CREDIT=-2
[PASSIVE-BEACON] SIMNOW:15.734 CID:1 ZONE:1 RXUAV:1 EDGEPORT:9998 TS:15.720 SPD:24.700 HDG:1.200 PX:330.800 PY:-20.000 LAN:2 BRK:0 RX_X:0.000 RX_Y:0.000 RX_Z:0.000
[ZONE-ROUTE] CID:1 zone=1 edge_port=9998
[EDGE-RTT] CID:1 wall=1.0 ms  sim_delay=5.0 ms
>>> [UAV->CLOUD] BLK:1aaf|TX:7.0.0.5|CID:1|TS:15.720|SPD:24.7|HDG:1.2|PX:330.8|PY:-20.0|L...
[PASSIVE-BEACON] SIMNOW:15.734 CID:0 ZONE:1 RXUAV:1 EDGEPORT:9998 TS:15.720 SPD:24.900 HDG:0.400 PX:340.100 PY:-10.000 LAN:1 BRK:0 RX_X:0.000 RX_Y:0.000 RX_Z:0.000
[ZONE-ROUTE] CID:0 zone=1 edge_port=9998
[EDGE-RTT] CID:0 wall=2.6 ms  sim_delay=10.0 ms
>>> [UAV->CLOUD] BLK:6154|TX:7.0.0.4|CID:0|TS:15.720|SPD:24.9|HDG:0.4|PX:340.1|PY:-10.0|L...
[ECON-CLAWBACK] CID:1 ACT=WARN prior_payoff=-7.3 extra_penalty=2.5 new_payoff=-9.9
[FORGIVENESS] CID:1 WARN #7 — streak reset, benefits revoked
⚠ [CAR 1] ACT=WARN REP=0.692 RWD=0.000 PNL=2.600 CREDIT=-2
[ECON-CLAWBACK] CID:0 ACT=WARN prior_payoff=-19.594 extra_penalty=3.500 new_payoff=-23.195
[FORGIVENESS] CID:0 WARN #11 — streak reset, benefits revoked
⚠ [CAR 0] ACT=WARN REP=0.802 RWD=0.000 PNL=3.601 CREDIT=-2
[PASSIVE-BEACON] SIMNOW:15.804 CID:4 ZONE:1 RXUAV:1 EDGEPORT:9998 TS:15.790 SPD:19.600 HDG:0.600 PX:315.300 PY:-50.000 LAN:5 BRK:0 RX_X:0.000 RX_Y:0.000 RX_Z:0.000
[ZONE-ROUTE] CID:4 zone=1 edge_port=9998
[EDGE-RTT] CID:4 wall=0.7 ms  sim_delay=5.0 ms
>>> [UAV->CLOUD] BLK:81ba|TX:7.0.0.8|CID:4|TS:15.790|SPD:19.6|HDG:0.6|PX:315.3|PY:-50.0|L...
✓ [CAR 4] ACT=OK REP=1.000 RWD=1.000 PNL=0.000 CREDIT=27
[PASSIVE-BEACON] SIMNOW:15.884 CID:2 ZONE:1 RXUAV:1 EDGEPORT:9998 TS:15.870 SPD:24.600 HDG:-1.900 PX:323.300 PY:-30.000 LAN:3 BRK:0 RX_X:0.000 RX_Y:0.000 RX_Z:0.000
[ZONE-ROUTE] CID:2 zone=1 edge_port=9998
[EDGE-RTT] CID:2 wall=1.1 ms  sim_delay=5.0 ms
>>> [UAV->CLOUD] BLK:9383|TX:7.0.0.6|CID:2|TS:15.870|SPD:24.6|HDG:-1.9|PX:323.3|PY:-30.0|...
[ECON-CLAWBACK] CID:2 ACT=WARN prior_payoff=1.5 extra_penalty=2.2 new_payoff=-0.9
[FORGIVENESS] CID:2 WARN #3 — streak reset, benefits revoked
⚠ [CAR 2] ACT=WARN REP=0.546 RWD=0.000 PNL=2.341 CREDIT=-2
[PASSIVE-BEACON] SIMNOW:15.996 CID:9 ZONE:1 RXUAV:1 EDGEPORT:9998 TS:15.982 SPD:20.000 HDG:0.000 PX:340.200 PY:-50.000 LAN:5 BRK:1 RX_X:0.000 RX_Y:0.000 RX_Z:0.000
[ZONE-ROUTE] CID:9 zone=1 edge_port=9998
[EDGE-RTT] CID:9 wall=1.1 ms  sim_delay=5.0 ms
>>> [UAV->CLOUD] BLK:4258|TX:7.0.0.13|CID:9|TS:15.982|SPD:20.0|HDG:0.0|PX:340.2|PY:-50.0|...
[PASSIVE-BEACON] SIMNOW:16.006 CID:8 ZONE:1 RXUAV:1 EDGEPORT:9998 TS:15.992 SPD:19.600 HDG:-0.300 PX:339.600 PY:-40.000 LAN:4 BRK:1 RX_X:0.000 RX_Y:0.000 RX_Z:0.000
[ZONE-ROUTE] CID:8 zone=1 edge_port=9998
[EDGE-RTT] CID:8 wall=0.7 ms  sim_delay=5.0 ms
>>> [UAV->CLOUD] BLK:6453|TX:7.0.0.12|CID:8|TS:15.992|SPD:19.6|HDG:-0.3|PX:339.6|PY:-40.0...
✓ [CAR 9] ACT=OK REP=0.992 RWD=1.000 PNL=0.000 CREDIT=25
✓ [CAR 8] ACT=OK REP=0.871 RWD=1.000 PNL=0.000 CREDIT=26
[PASSIVE-BEACON] SIMNOW:16.034 CID:3 ZONE:1 RXUAV:1 EDGEPORT:9998 TS:16.020 SPD:20.300 HDG:1.400 PX:320.100 PY:-40.000 LAN:4 BRK:1 RX_X:0.000 RX_Y:0.000 RX_Z:0.000
[ZONE-ROUTE] CID:3 zone=1 edge_port=9998
[EDGE-RTT] CID:3 wall=1.1 ms  sim_delay=5.0 ms
>>> [UAV->CLOUD] BLK:03d7|TX:7.0.0.7|CID:3|TS:16.020|SPD:20.3|HDG:1.4|PX:320.1|PY:-40.0|L...
[PASSIVE-BEACON] SIMNOW:16.036 CID:6 ZONE:1 RXUAV:1 EDGEPORT:9998 TS:16.022 SPD:25.100 HDG:-0.800 PX:357.500 PY:-20.000 LAN:2 BRK:0 RX_X:0.000 RX_Y:0.000 RX_Z:0.000
[ZONE-ROUTE] CID:6 zone=1 edge_port=9998
[EDGE-RTT] CID:6 wall=0.8 ms  sim_delay=5.0 ms
>>> [UAV->CLOUD] BLK:74d0|TX:7.0.0.10|CID:6|TS:16.022|SPD:25.1|HDG:-0.8|PX:357.5|PY:-20.0...
✓ [CAR 3] ACT=OK REP=1.000 RWD=1.000 PNL=0.000 CREDIT=26
[ECON-CLAWBACK] CID:6 ACT=WARN prior_payoff=-4.943 extra_penalty=2.250 new_payoff=-7.295
[FORGIVENESS] CID:6 WARN #6 — streak reset, benefits revoked
⚠ [CAR 6] ACT=WARN REP=0.751 RWD=0.000 PNL=2.352 CREDIT=-2
[PASSIVE-BEACON] SIMNOW:16.146 CID:7 ZONE:1 RXUAV:1 EDGEPORT:9998 TS:16.132 SPD:25.100 HDG:1.500 PX:350.800 PY:-30.000 LAN:3 BRK:0 RX_X:0.000 RX_Y:0.000 RX_Z:0.000
[ZONE-ROUTE] CID:7 zone=1 edge_port=9998
[EDGE-RTT] CID:7 wall=1.2 ms  sim_delay=5.0 ms
>>> [UAV->CLOUD] BLK:7c6f|TX:7.0.0.11|CID:7|TS:16.132|SPD:25.1|HDG:1.5|PX:350.8|PY:-30.0|...
[ECON-CLAWBACK] CID:7 ACT=WARN prior_payoff=-0.8 extra_penalty=1.8 new_payoff=-2.6
[FORGIVENESS] CID:7 WARN #4 — streak reset, benefits revoked
⚠ [CAR 7] ACT=WARN REP=0.486 RWD=0.000 PNL=1.850 CREDIT=-2
[PASSIVE-BEACON] SIMNOW:16.234 CID:1 ZONE:1 RXUAV:1 EDGEPORT:9998 TS:16.220 SPD:24.600 HDG:0.800 PX:343.100 PY:-20.000 LAN:2 BRK:1 RX_X:0.000 RX_Y:0.000 RX_Z:0.000
[ZONE-ROUTE] CID:1 zone=1 edge_port=9998
[EDGE-RTT] CID:1 wall=1.0 ms  sim_delay=5.0 ms
>>> [UAV->CLOUD] BLK:e6b5|TX:7.0.0.5|CID:1|TS:16.220|SPD:24.6|HDG:0.8|PX:343.1|PY:-20.0|L...
[PASSIVE-BEACON] SIMNOW:16.234 CID:0 ZONE:1 RXUAV:1 EDGEPORT:9998 TS:16.220 SPD:24.600 HDG:1.500 PX:353.400 PY:-10.000 LAN:1 BRK:1 RX_X:0.000 RX_Y:0.000 RX_Z:0.000
[ZONE-ROUTE] CID:0 zone=1 edge_port=9998
[EDGE-RTT] CID:0 wall=2.4 ms  sim_delay=10.0 ms
>>> [UAV->CLOUD] BLK:15d5|TX:7.0.0.4|CID:0|TS:16.220|SPD:24.6|HDG:1.5|PX:353.4|PY:-10.0|L...
[ECON-CLAWBACK] CID:1 ACT=WARN prior_payoff=-9.9 extra_penalty=2.8 new_payoff=-12.8
[FORGIVENESS] CID:1 WARN #8 — streak reset, benefits revoked
⚠ [CAR 1] ACT=WARN REP=0.569 RWD=0.000 PNL=2.849 CREDIT=-2
[ECON-CLAWBACK] CID:0 ACT=WARN prior_payoff=-23.195 extra_penalty=3.750 new_payoff=-27.044
[FORGIVENESS] CID:0 WARN #12 — streak reset, benefits revoked
⚠ [CAR 0] ACT=WARN REP=0.703 RWD=0.000 PNL=3.849 CREDIT=-2
[PASSIVE-BEACON] SIMNOW:16.304 CID:4 ZONE:1 RXUAV:1 EDGEPORT:9998 TS:16.290 SPD:20.100 HDG:1.000 PX:325.100 PY:-50.000 LAN:5 BRK:1 RX_X:0.000 RX_Y:0.000 RX_Z:0.000
[ZONE-ROUTE] CID:4 zone=1 edge_port=9998
[EDGE-RTT] CID:4 wall=1.2 ms  sim_delay=5.0 ms
>>> [UAV->CLOUD] BLK:b751|TX:7.0.0.8|CID:4|TS:16.290|SPD:20.1|HDG:1.0|PX:325.1|PY:-50.0|L...
✓ [CAR 4] ACT=OK REP=0.671 RWD=1.000 PNL=0.000 CREDIT=28
[PASSIVE-BEACON] SIMNOW:16.384 CID:2 ZONE:1 RXUAV:1 EDGEPORT:9998 TS:16.370 SPD:25.300 HDG:-0.600 PX:336.400 PY:-30.000 LAN:3 BRK:0 RX_X:0.000 RX_Y:0.000 RX_Z:0.000
[ZONE-ROUTE] CID:2 zone=1 edge_port=9998
[EDGE-RTT] CID:2 wall=1.3 ms  sim_delay=5.0 ms
>>> [UAV->CLOUD] BLK:8567|TX:7.0.0.6|CID:2|TS:16.370|SPD:25.3|HDG:-0.6|PX:336.4|PY:-30.0|...
[ECON-CLAWBACK] CID:2 ACT=WARN prior_payoff=-0.9 extra_penalty=1.8 new_payoff=-2.7
[FORGIVENESS] CID:2 WARN #4 — streak reset, benefits revoked
⚠ [CAR 2] ACT=WARN REP=0.817 RWD=0.000 PNL=1.850 CREDIT=-2
[PASSIVE-BEACON] SIMNOW:16.496 CID:9 ZONE:1 RXUAV:1 EDGEPORT:9998 TS:16.482 SPD:19.500 HDG:1.600 PX:349.400 PY:-50.000 LAN:5 BRK:0 RX_X:0.000 RX_Y:0.000 RX_Z:0.000
[ZONE-ROUTE] CID:9 zone=1 edge_port=9998
[EDGE-RTT] CID:9 wall=1.3 ms  sim_delay=5.0 ms
>>> [UAV->CLOUD] BLK:a1c3|TX:7.0.0.13|CID:9|TS:16.482|SPD:19.5|HDG:1.6|PX:349.4|PY:-50.0|...
[PASSIVE-BEACON] SIMNOW:16.506 CID:8 ZONE:1 RXUAV:1 EDGEPORT:9998 TS:16.492 SPD:19.800 HDG:2.000 PX:350.400 PY:-40.000 LAN:4 BRK:0 RX_X:0.000 RX_Y:0.000 RX_Z:0.000
[ZONE-ROUTE] CID:8 zone=1 edge_port=9998
[EDGE-RTT] CID:8 wall=1.0 ms  sim_delay=5.0 ms
>>> [UAV->CLOUD] BLK:fc97|TX:7.0.0.12|CID:8|TS:16.492|SPD:19.8|HDG:2.0|PX:350.4|PY:-40.0|...
✓ [CAR 9] ACT=OK REP=1.000 RWD=1.000 PNL=0.000 CREDIT=26
✓ [CAR 8] ACT=OK REP=1.000 RWD=1.000 PNL=0.000 CREDIT=27
[PASSIVE-BEACON] SIMNOW:16.534 CID:3 ZONE:1 RXUAV:1 EDGEPORT:9998 TS:16.520 SPD:20.400 HDG:-0.000 PX:330.400 PY:-40.000 LAN:4 BRK:0 RX_X:0.000 RX_Y:0.000 RX_Z:0.000
[ZONE-ROUTE] CID:3 zone=1 edge_port=9998
[EDGE-RTT] CID:3 wall=1.1 ms  sim_delay=5.0 ms
>>> [UAV->CLOUD] BLK:590b|TX:7.0.0.7|CID:3|TS:16.520|SPD:20.4|HDG:-0.0|PX:330.4|PY:-40.0|...
[PASSIVE-BEACON] SIMNOW:16.536 CID:6 ZONE:1 RXUAV:1 EDGEPORT:9998 TS:16.522 SPD:25.200 HDG:-0.100 PX:370.800 PY:-20.000 LAN:2 BRK:0 RX_X:0.000 RX_Y:0.000 RX_Z:0.000
[ZONE-ROUTE] CID:6 zone=1 edge_port=9998
[EDGE-RTT] CID:6 wall=1.0 ms  sim_delay=5.0 ms
>>> [UAV->CLOUD] BLK:400d|TX:7.0.0.10|CID:6|TS:16.522|SPD:25.2|HDG:-0.1|PX:370.8|PY:-20.0...
✓ [CAR 3] ACT=OK REP=0.931 RWD=1.000 PNL=0.000 CREDIT=27
[ECON-CLAWBACK] CID:6 ACT=WARN prior_payoff=-7.295 extra_penalty=2.500 new_payoff=-9.897
[FORGIVENESS] CID:6 WARN #7 — streak reset, benefits revoked
⚠ [CAR 6] ACT=WARN REP=0.785 RWD=0.000 PNL=2.602 CREDIT=-2
[PASSIVE-BEACON] SIMNOW:16.646 CID:7 ZONE:1 RXUAV:1 EDGEPORT:9998 TS:16.632 SPD:24.500 HDG:0.800 PX:363.400 PY:-30.000 LAN:3 BRK:1 RX_X:0.000 RX_Y:0.000 RX_Z:0.000
[ZONE-ROUTE] CID:7 zone=1 edge_port=9998
[EDGE-RTT] CID:7 wall=1.1 ms  sim_delay=5.0 ms
>>> [UAV->CLOUD] BLK:e20a|TX:7.0.0.11|CID:7|TS:16.632|SPD:24.5|HDG:0.8|PX:363.4|PY:-30.0|...
[ECON-CLAWBACK] CID:7 ACT=WARN prior_payoff=-2.6 extra_penalty=2.0 new_payoff=-4.7
[FORGIVENESS] CID:7 WARN #5 — streak reset, benefits revoked
⚠ [CAR 7] ACT=WARN REP=1.000 RWD=0.000 PNL=2.099 CREDIT=-2
[PASSIVE-BEACON] SIMNOW:16.734 CID:1 ZONE:1 RXUAV:1 EDGEPORT:9998 TS:16.720 SPD:25.200 HDG:1.500 PX:355.100 PY:-20.000 LAN:2 BRK:0 RX_X:0.000 RX_Y:0.000 RX_Z:0.000
[ZONE-ROUTE] CID:1 zone=1 edge_port=9998
[EDGE-RTT] CID:1 wall=1.0 ms  sim_delay=5.0 ms
>>> [UAV->CLOUD] BLK:9a67|TX:7.0.0.5|CID:1|TS:16.720|SPD:25.2|HDG:1.5|PX:355.1|PY:-20.0|L...
[PASSIVE-BEACON] SIMNOW:16.734 CID:0 ZONE:1 RXUAV:1 EDGEPORT:9998 TS:16.720 SPD:25.300 HDG:-0.500 PX:365.600 PY:-10.000 LAN:1 BRK:0 RX_X:0.000 RX_Y:0.000 RX_Z:0.000
[ZONE-ROUTE] CID:0 zone=1 edge_port=9998
[EDGE-RTT] CID:0 wall=2.6 ms  sim_delay=10.0 ms
>>> [UAV->CLOUD] BLK:b260|TX:7.0.0.4|CID:0|TS:16.720|SPD:25.3|HDG:-0.5|PX:365.6|PY:-10.0|...
[ECON-CLAWBACK] CID:1 ACT=WARN prior_payoff=-12.8 extra_penalty=3.0 new_payoff=-15.9
[FORGIVENESS] CID:1 WARN #9 — streak reset, benefits revoked
⚠ [CAR 1] ACT=WARN REP=0.612 RWD=0.000 PNL=3.102 CREDIT=-2
[ECON-CLAWBACK] CID:0 ACT=WARN prior_payoff=-27.044 extra_penalty=4.000 new_payoff=-31.146
[FORGIVENESS] CID:0 WARN #13 — streak reset, benefits revoked
⚠ [CAR 0] ACT=WARN REP=0.577 RWD=0.000 PNL=4.102 CREDIT=-2
[PASSIVE-BEACON] SIMNOW:16.804 CID:4 ZONE:1 RXUAV:1 EDGEPORT:9998 TS:16.790 SPD:19.600 HDG:-1.300 PX:335.700 PY:-50.000 LAN:5 BRK:0 RX_X:0.000 RX_Y:0.000 RX_Z:0.000
[ZONE-ROUTE] CID:4 zone=1 edge_port=9998
[EDGE-RTT] CID:4 wall=0.9 ms  sim_delay=5.0 ms
>>> [UAV->CLOUD] BLK:82ea|TX:7.0.0.8|CID:4|TS:16.790|SPD:19.6|HDG:-1.3|PX:335.7|PY:-50.0|...
✓ [CAR 4] ACT=OK REP=1.000 RWD=1.000 PNL=0.000 CREDIT=29
[PASSIVE-BEACON] SIMNOW:16.884 CID:2 ZONE:1 RXUAV:1 EDGEPORT:9998 TS:16.870 SPD:25.400 HDG:0.500 PX:349.600 PY:-30.000 LAN:3 BRK:0 RX_X:0.000 RX_Y:0.000 RX_Z:0.000
[ZONE-ROUTE] CID:2 zone=1 edge_port=9998
[EDGE-RTT] CID:2 wall=0.9 ms  sim_delay=5.0 ms
>>> [UAV->CLOUD] BLK:721f|TX:7.0.0.6|CID:2|TS:16.870|SPD:25.4|HDG:0.5|PX:349.6|PY:-30.0|L...
[ECON-CLAWBACK] CID:2 ACT=WARN prior_payoff=-2.7 extra_penalty=2.0 new_payoff=-4.8
[FORGIVENESS] CID:2 WARN #5 — streak reset, benefits revoked
⚠ [CAR 2] ACT=WARN REP=0.700 RWD=0.000 PNL=2.102 CREDIT=-2
[PASSIVE-BEACON] SIMNOW:16.996 CID:9 ZONE:1 RXUAV:1 EDGEPORT:9998 TS:16.982 SPD:20.200 HDG:-0.600 PX:359.400 PY:-50.000 LAN:5 BRK:0 RX_X:0.000 RX_Y:0.000 RX_Z:0.000
[ZONE-ROUTE] CID:9 zone=1 edge_port=9998
[EDGE-RTT] CID:9 wall=1.0 ms  sim_delay=5.0 ms
>>> [UAV->CLOUD] BLK:0ece|TX:7.0.0.13|CID:9|TS:16.982|SPD:20.2|HDG:-0.6|PX:359.4|PY:-50.0...
[PASSIVE-BEACON] SIMNOW:17.006 CID:8 ZONE:1 RXUAV:1 EDGEPORT:9998 TS:16.992 SPD:24.600 HDG:1.600 PX:362.000 PY:-40.000 LAN:4 BRK:0 RX_X:0.000 RX_Y:0.000 RX_Z:0.000
[ZONE-ROUTE] CID:8 zone=1 edge_port=9998
[EDGE-RTT] CID:8 wall=0.8 ms  sim_delay=5.0 ms
>>> [UAV->CLOUD] BLK:db1c|TX:7.0.0.12|CID:8|TS:16.992|SPD:24.6|HDG:1.6|PX:362.0|PY:-40.0|...
✓ [CAR 9] ACT=OK REP=1.000 RWD=1.000 PNL=0.000 CREDIT=27
✓ [CAR 8] ACT=OK REP=0.631 RWD=0.852 PNL=0.000 CREDIT=28
[PASSIVE-BEACON] SIMNOW:17.034 CID:3 ZONE:1 RXUAV:1 EDGEPORT:9998 TS:17.020 SPD:24.900 HDG:1.000 PX:342.900 PY:-40.000 LAN:4 BRK:0 RX_X:0.000 RX_Y:0.000 RX_Z:0.000
[ZONE-ROUTE] CID:3 zone=1 edge_port=9998
[EDGE-RTT] CID:3 wall=1.1 ms  sim_delay=5.0 ms
>>> [UAV->CLOUD] BLK:1548|TX:7.0.0.7|CID:3|TS:17.020|SPD:24.9|HDG:1.0|PX:342.9|PY:-40.0|L...
[PASSIVE-BEACON] SIMNOW:17.036 CID:6 ZONE:1 RXUAV:1 EDGEPORT:9998 TS:17.022 SPD:25.200 HDG:-1.600 PX:383.300 PY:-20.000 LAN:2 BRK:0 RX_X:0.000 RX_Y:0.000 RX_Z:0.000
[ZONE-ROUTE] CID:6 zone=1 edge_port=9998
[EDGE-RTT] CID:6 wall=0.6 ms  sim_delay=5.0 ms
>>> [UAV->CLOUD] BLK:4a9e|TX:7.0.0.10|CID:6|TS:17.022|SPD:25.2|HDG:-1.6|PX:383.3|PY:-20.0...
[ECON-CLAWBACK] CID:3 ACT=WARN prior_payoff=31.0 extra_penalty=24.2 new_payoff=6.7
[TRUST-REVOKED] CID:3 benefits revoked logically; lane=4 speed=20.0 latency=10.0ms
[FORGIVENESS] CID:3 WARN #1 — streak reset, benefits revoked
⚠ [CAR 3] ACT=WARN REP=0.956 RWD=0.000 PNL=24.323 CREDIT=26
[ECON-CLAWBACK] CID:6 ACT=WARN prior_payoff=-9.897 extra_penalty=2.750 new_payoff=-12.749
[FORGIVENESS] CID:6 WARN #8 — streak reset, benefits revoked
⚠ [CAR 6] ACT=WARN REP=0.804 RWD=0.000 PNL=2.852 CREDIT=-2
[PASSIVE-BEACON] SIMNOW:17.146 CID:7 ZONE:1 RXUAV:1 EDGEPORT:9998 TS:17.132 SPD:25.100 HDG:0.400 PX:374.800 PY:-30.000 LAN:3 BRK:0 RX_X:0.000 RX_Y:0.000 RX_Z:0.000
[ZONE-ROUTE] CID:7 zone=1 edge_port=9998
[EDGE-RTT] CID:7 wall=0.8 ms  sim_delay=5.0 ms
>>> [UAV->CLOUD] BLK:b649|TX:7.0.0.11|CID:7|TS:17.132|SPD:25.1|HDG:0.4|PX:374.8|PY:-30.0|...
[ECON-CLAWBACK] CID:7 ACT=WARN prior_payoff=-4.7 extra_penalty=2.2 new_payoff=-7.1
[FORGIVENESS] CID:7 WARN #6 — streak reset, benefits revoked
⚠ [CAR 7] ACT=WARN REP=0.692 RWD=0.000 PNL=2.352 CREDIT=-2
[PASSIVE-BEACON] SIMNOW:17.232 CID:1 ZONE:1 RXUAV:1 EDGEPORT:9998 TS:17.220 SPD:25.200 HDG:1.600 PX:367.200 PY:-20.000 LAN:2 BRK:0 RX_X:0.000 RX_Y:0.000 RX_Z:0.000
[ZONE-ROUTE] CID:1 zone=1 edge_port=9998
[EDGE-RTT] CID:1 wall=1.2 ms  sim_delay=5.0 ms
>>> [UAV->CLOUD] BLK:bdde|TX:7.0.0.5|CID:1|TS:17.220|SPD:25.2|HDG:1.6|PX:367.2|PY:-20.0|L...
[PASSIVE-BEACON] SIMNOW:17.232 CID:0 ZONE:1 RXUAV:1 EDGEPORT:9998 TS:17.220 SPD:24.900 HDG:-1.500 PX:377.400 PY:-10.000 LAN:1 BRK:0 RX_X:0.000 RX_Y:0.000 RX_Z:0.000
[ZONE-ROUTE] CID:0 zone=1 edge_port=9998
[EDGE-RTT] CID:0 wall=1.9 ms  sim_delay=10.0 ms
>>> [UAV->CLOUD] BLK:aa88|TX:7.0.0.4|CID:0|TS:17.220|SPD:24.9|HDG:-1.5|PX:377.4|PY:-10.0|...
[ECON-CLAWBACK] CID:0 ACT=WARN prior_payoff=-31.1 extra_penalty=4.2 new_payoff=-35.5
[FORGIVENESS] CID:0 WARN #14 — streak reset, benefits revoked
⚠ [CAR 0] ACT=WARN REP=0.455 RWD=0.000 PNL=4.351 CREDIT=-2
[ECON-CLAWBACK] CID:1 ACT=WARN prior_payoff=-15.892 extra_penalty=3.250 new_payoff=-19.244
[FORGIVENESS] CID:1 WARN #10 — streak reset, benefits revoked
⚠ [CAR 1] ACT=WARN REP=0.606 RWD=0.000 PNL=3.352 CREDIT=-2
[PASSIVE-BEACON] SIMNOW:17.304 CID:4 ZONE:1 RXUAV:1 EDGEPORT:9998 TS:17.290 SPD:20.100 HDG:1.900 PX:345.600 PY:-50.000 LAN:5 BRK:0 RX_X:0.000 RX_Y:0.000 RX_Z:0.000
[ZONE-ROUTE] CID:4 zone=1 edge_port=9998
[EDGE-RTT] CID:4 wall=1.0 ms  sim_delay=5.0 ms
>>> [UAV->CLOUD] BLK:3f70|TX:7.0.0.8|CID:4|TS:17.290|SPD:20.1|HDG:1.9|PX:345.6|PY:-50.0|L...
✓ [CAR 4] ACT=OK REP=1.000 RWD=1.000 PNL=0.000 CREDIT=30
[PASSIVE-BEACON] SIMNOW:17.384 CID:2 ZONE:1 RXUAV:1 EDGEPORT:9998 TS:17.370 SPD:24.700 HDG:-0.000 PX:361.500 PY:-30.000 LAN:3 BRK:0 RX_X:0.000 RX_Y:0.000 RX_Z:0.000
[ZONE-ROUTE] CID:2 zone=1 edge_port=9998
[EDGE-RTT] CID:2 wall=0.9 ms  sim_delay=5.0 ms
>>> [UAV->CLOUD] BLK:e72d|TX:7.0.0.6|CID:2|TS:17.370|SPD:24.7|HDG:-0.0|PX:361.5|PY:-30.0|...
[ECON-CLAWBACK] CID:2 ACT=WARN prior_payoff=-4.8 extra_penalty=2.2 new_payoff=-7.2
[FORGIVENESS] CID:2 WARN #6 — streak reset, benefits revoked
⚠ [CAR 2] ACT=WARN REP=0.935 RWD=0.000 PNL=2.350 CREDIT=-2
[PASSIVE-BEACON] SIMNOW:17.496 CID:9 ZONE:1 RXUAV:1 EDGEPORT:9998 TS:17.482 SPD:19.600 HDG:-1.300 PX:368.900 PY:-50.000 LAN:5 BRK:0 RX_X:0.000 RX_Y:0.000 RX_Z:0.000
[ZONE-ROUTE] CID:9 zone=1 edge_port=9998
[EDGE-RTT] CID:9 wall=1.2 ms  sim_delay=5.0 ms
>>> [UAV->CLOUD] BLK:b72c|TX:7.0.0.13|CID:9|TS:17.482|SPD:19.6|HDG:-1.3|PX:368.9|PY:-50.0...
[PASSIVE-BEACON] SIMNOW:17.506 CID:8 ZONE:1 RXUAV:1 EDGEPORT:9998 TS:17.492 SPD:24.700 HDG:0.700 PX:375.000 PY:-40.000 LAN:4 BRK:0 RX_X:0.000 RX_Y:0.000 RX_Z:0.000
[ZONE-ROUTE] CID:8 zone=1 edge_port=9998
[EDGE-RTT] CID:8 wall=0.8 ms  sim_delay=5.0 ms
>>> [UAV->CLOUD] BLK:0ba9|TX:7.0.0.12|CID:8|TS:17.492|SPD:24.7|HDG:0.7|PX:375.0|PY:-40.0|...
✓ [CAR 9] ACT=OK REP=0.978 RWD=1.000 PNL=0.000 CREDIT=28
[ECON-CLAWBACK] CID:8 ACT=WARN prior_payoff=31.848 extra_penalty=24.886 new_payoff=6.886
[TRUST-REVOKED] CID:8 benefits revoked logically; lane=4 speed=20.000 latency=10.000ms
[FORGIVENESS] CID:8 WARN #1 — streak reset, benefits revoked
⚠ [CAR 8] ACT=WARN REP=0.693 RWD=0.000 PNL=24.962 CREDIT=27
[PASSIVE-BEACON] SIMNOW:17.534 CID:3 ZONE:1 RXUAV:1 EDGEPORT:9998 TS:17.520 SPD:25.500 HDG:-0.600 PX:354.800 PY:-40.000 LAN:4 BRK:0 RX_X:0.000 RX_Y:0.000 RX_Z:0.000
[ZONE-ROUTE] CID:3 zone=1 edge_port=9998
[EDGE-RTT] CID:3 wall=0.8 ms  sim_delay=5.0 ms
>>> [UAV->CLOUD] BLK:e419|TX:7.0.0.7|CID:3|TS:17.520|SPD:25.5|HDG:-0.6|PX:354.8|PY:-40.0|...
[PASSIVE-BEACON] SIMNOW:17.536 CID:6 ZONE:1 RXUAV:1 EDGEPORT:9998 TS:17.522 SPD:24.700 HDG:0.900 PX:395.900 PY:-20.000 LAN:2 BRK:0 RX_X:0.000 RX_Y:0.000 RX_Z:0.000
[ZONE-ROUTE] CID:6 zone=1 edge_port=9998
[EDGE-RTT] CID:6 wall=0.7 ms  sim_delay=5.0 ms
>>> [UAV->CLOUD] BLK:4781|TX:7.0.0.10|CID:6|TS:17.522|SPD:24.7|HDG:0.9|PX:395.9|PY:-20.0|...
[ECON-CLAWBACK] CID:3 ACT=WARN prior_payoff=6.7 extra_penalty=4.6 new_payoff=2.0
[FORGIVENESS] CID:3 WARN #2 — streak reset, benefits revoked
⚠ [CAR 3] ACT=WARN REP=1.000 RWD=0.000 PNL=4.684 CREDIT=-2
[ECON-CLAWBACK] CID:6 ACT=WARN prior_payoff=-12.749 extra_penalty=3.000 new_payoff=-15.849
[FORGIVENESS] CID:6 WARN #9 — streak reset, benefits revoked
⚠ [CAR 6] ACT=WARN REP=0.689 RWD=0.000 PNL=3.100 CREDIT=-2
[PASSIVE-BEACON] SIMNOW:17.646 CID:7 ZONE:1 RXUAV:1 EDGEPORT:9998 TS:17.632 SPD:25.200 HDG:1.900 PX:388.100 PY:-30.000 LAN:3 BRK:1 RX_X:0.000 RX_Y:0.000 RX_Z:0.000
[ZONE-ROUTE] CID:7 zone=1 edge_port=9998
[EDGE-RTT] CID:7 wall=1.0 ms  sim_delay=5.0 ms
>>> [UAV->CLOUD] BLK:ea1b|TX:7.0.0.11|CID:7|TS:17.632|SPD:25.2|HDG:1.9|PX:388.1|PY:-30.0|...
[ECON-CLAWBACK] CID:7 ACT=WARN prior_payoff=-7.1 extra_penalty=2.5 new_payoff=-9.7
[FORGIVENESS] CID:7 WARN #7 — streak reset, benefits revoked
⚠ [CAR 7] ACT=WARN REP=0.734 RWD=0.000 PNL=2.602 CREDIT=-2
[PASSIVE-BEACON] SIMNOW:17.734 CID:1 ZONE:1 RXUAV:1 EDGEPORT:9998 TS:17.720 SPD:25.100 HDG:0.700 PX:380.500 PY:-20.000 LAN:2 BRK:1 RX_X:0.000 RX_Y:0.000 RX_Z:0.000
[ZONE-ROUTE] CID:1 zone=1 edge_port=9998
[EDGE-RTT] CID:1 wall=1.1 ms  sim_delay=5.0 ms
>>> [UAV->CLOUD] BLK:83f4|TX:7.0.0.5|CID:1|TS:17.720|SPD:25.1|HDG:0.7|PX:380.5|PY:-20.0|L...
[PASSIVE-BEACON] SIMNOW:17.734 CID:0 ZONE:1 RXUAV:1 EDGEPORT:9998 TS:17.720 SPD:24.900 HDG:-1.200 PX:390.200 PY:-10.000 LAN:1 BRK:0 RX_X:0.000 RX_Y:0.000 RX_Z:0.000
[ZONE-ROUTE] CID:0 zone=1 edge_port=9998
[EDGE-RTT] CID:0 wall=2.0 ms  sim_delay=10.0 ms
>>> [UAV->CLOUD] BLK:f635|TX:7.0.0.4|CID:0|TS:17.720|SPD:24.9|HDG:-1.2|PX:390.2|PY:-10.0|...
[ECON-CLAWBACK] CID:1 ACT=WARN prior_payoff=-19.2 extra_penalty=3.5 new_payoff=-22.8
[FORGIVENESS] CID:1 WARN #11 — streak reset, benefits revoked
⚠ [CAR 1] ACT=WARN REP=0.893 RWD=0.000 PNL=3.602 CREDIT=-2
[ECON-CLAWBACK] CID:0 ACT=WARN prior_payoff=-35.497 extra_penalty=4.500 new_payoff=-40.098
[FORGIVENESS] CID:0 WARN #15 — streak reset, benefits revoked
⚠ [CAR 0] ACT=WARN REP=0.483 RWD=0.000 PNL=4.601 CREDIT=-2
[PASSIVE-BEACON] SIMNOW:17.804 CID:4 ZONE:1 RXUAV:1 EDGEPORT:9998 TS:17.790 SPD:20.300 HDG:-1.800 PX:355.200 PY:-50.000 LAN:5 BRK:0 RX_X:0.000 RX_Y:0.000 RX_Z:0.000
[ZONE-ROUTE] CID:4 zone=1 edge_port=9998
[EDGE-RTT] CID:4 wall=1.1 ms  sim_delay=5.0 ms
>>> [UAV->CLOUD] BLK:b4aa|TX:7.0.0.8|CID:4|TS:17.790|SPD:20.3|HDG:-1.8|PX:355.2|PY:-50.0|...
✓ [CAR 4] ACT=OK REP=0.692 RWD=1.000 PNL=0.000 CREDIT=31
[PASSIVE-BEACON] SIMNOW:17.882 CID:2 ZONE:1 RXUAV:1 EDGEPORT:9998 TS:17.870 SPD:25.100 HDG:-1.400 PX:374.500 PY:-30.000 LAN:3 BRK:1 RX_X:0.000 RX_Y:0.000 RX_Z:0.000
[ZONE-ROUTE] CID:2 zone=1 edge_port=9998
[EDGE-RTT] CID:2 wall=1.1 ms  sim_delay=5.0 ms
>>> [UAV->CLOUD] BLK:13fe|TX:7.0.0.6|CID:2|TS:17.870|SPD:25.1|HDG:-1.4|PX:374.5|PY:-30.0|...
[ECON-CLAWBACK] CID:2 ACT=WARN prior_payoff=-7.2 extra_penalty=2.5 new_payoff=-9.8
[FORGIVENESS] CID:2 WARN #7 — streak reset, benefits revoked
⚠ [CAR 2] ACT=WARN REP=0.790 RWD=0.000 PNL=2.602 CREDIT=-2
[PASSIVE-BEACON] SIMNOW:17.994 CID:9 ZONE:1 RXUAV:1 EDGEPORT:9998 TS:17.982 SPD:19.600 HDG:1.400 PX:379.600 PY:-50.000 LAN:5 BRK:0 RX_X:0.000 RX_Y:0.000 RX_Z:0.000
[ZONE-ROUTE] CID:9 zone=1 edge_port=9998
[EDGE-RTT] CID:9 wall=0.9 ms  sim_delay=5.0 ms
>>> [UAV->CLOUD] BLK:2e5e|TX:7.0.0.13|CID:9|TS:17.982|SPD:19.6|HDG:1.4|PX:379.6|PY:-50.0|...
[PASSIVE-BEACON] SIMNOW:18.006 CID:8 ZONE:1 RXUAV:1 EDGEPORT:9998 TS:17.992 SPD:25.000 HDG:-0.400 PX:386.300 PY:-40.000 LAN:4 BRK:0 RX_X:0.000 RX_Y:0.000 RX_Z:0.000
[ZONE-ROUTE] CID:8 zone=1 edge_port=9998
[EDGE-RTT] CID:8 wall=0.8 ms  sim_delay=5.0 ms
>>> [UAV->CLOUD] BLK:9e67|TX:7.0.0.12|CID:8|TS:17.992|SPD:25.0|HDG:-0.4|PX:386.3|PY:-40.0...
✓ [CAR 9] ACT=OK REP=0.867 RWD=1.000 PNL=0.000 CREDIT=29
[ECON-CLAWBACK] CID:8 ACT=WARN prior_payoff=6.886 extra_penalty=4.693 new_payoff=2.096
[FORGIVENESS] CID:8 WARN #2 — streak reset, benefits revoked
⚠ [CAR 8] ACT=WARN REP=0.954 RWD=0.000 PNL=4.790 CREDIT=-2
[PASSIVE-BEACON] SIMNOW:18.034 CID:3 ZONE:1 RXUAV:1 EDGEPORT:9998 TS:18.020 SPD:25.100 HDG:-1.400 PX:367.600 PY:-40.000 LAN:4 BRK:0 RX_X:0.000 RX_Y:0.000 RX_Z:0.000
[ZONE-ROUTE] CID:3 zone=1 edge_port=9998
[EDGE-RTT] CID:3 wall=1.0 ms  sim_delay=5.0 ms
>>> [UAV->CLOUD] BLK:9e0e|TX:7.0.0.7|CID:3|TS:18.020|SPD:25.1|HDG:-1.4|PX:367.6|PY:-40.0|...
[PASSIVE-BEACON] SIMNOW:18.036 CID:6 ZONE:1 RXUAV:1 EDGEPORT:9998 TS:18.022 SPD:24.700 HDG:1.500 PX:407.800 PY:-20.000 LAN:2 BRK:0 RX_X:0.000 RX_Y:0.000 RX_Z:0.000
[ZONE-ROUTE] CID:6 zone=1 edge_port=9998
[EDGE-RTT] CID:6 wall=0.8 ms  sim_delay=5.0 ms
>>> [UAV->CLOUD] BLK:12e8|TX:7.0.0.10|CID:6|TS:18.022|SPD:24.7|HDG:1.5|PX:407.8|PY:-20.0|...
[ECON-CLAWBACK] CID:3 ACT=WARN prior_payoff=2.0 extra_penalty=2.5 new_payoff=-0.6
[FORGIVENESS] CID:3 WARN #3 — streak reset, benefits revoked
⚠ [CAR 3] ACT=WARN REP=0.910 RWD=0.000 PNL=2.593 CREDIT=-2
[ECON-CLAWBACK] CID:6 ACT=WARN prior_payoff=-15.849 extra_penalty=3.250 new_payoff=-19.199
[FORGIVENESS] CID:6 WARN #10 — streak reset, benefits revoked
⚠ [CAR 6] ACT=WARN REP=0.532 RWD=0.000 PNL=3.350 CREDIT=-2
[PASSIVE-BEACON] SIMNOW:18.146 CID:7 ZONE:1 RXUAV:1 EDGEPORT:9998 TS:18.132 SPD:24.700 HDG:0.300 PX:401.000 PY:-30.000 LAN:3 BRK:0 RX_X:0.000 RX_Y:0.000 RX_Z:0.000
[ZONE-ROUTE] CID:7 zone=1 edge_port=9998
[EDGE-RTT] CID:7 wall=0.9 ms  sim_delay=5.0 ms
>>> [UAV->CLOUD] BLK:d6e5|TX:7.0.0.11|CID:7|TS:18.132|SPD:24.7|HDG:0.3|PX:401.0|PY:-30.0|...
[ECON-CLAWBACK] CID:7 ACT=WARN prior_payoff=-9.7 extra_penalty=2.8 new_payoff=-12.5
[FORGIVENESS] CID:7 WARN #8 — streak reset, benefits revoked
⚠ [CAR 7] ACT=WARN REP=0.863 RWD=0.000 PNL=2.850 CREDIT=-2
[PASSIVE-BEACON] SIMNOW:18.234 CID:1 ZONE:1 RXUAV:1 EDGEPORT:9998 TS:18.220 SPD:24.900 HDG:1.000 PX:392.000 PY:-20.000 LAN:2 BRK:0 RX_X:0.000 RX_Y:0.000 RX_Z:0.000
[ZONE-ROUTE] CID:1 zone=1 edge_port=9998
[EDGE-RTT] CID:1 wall=1.3 ms  sim_delay=5.0 ms
>>> [UAV->CLOUD] BLK:dde3|TX:7.0.0.5|CID:1|TS:18.220|SPD:24.9|HDG:1.0|PX:392.0|PY:-20.0|L...
[PASSIVE-BEACON] SIMNOW:18.234 CID:0 ZONE:1 RXUAV:1 EDGEPORT:9998 TS:18.220 SPD:25.400 HDG:0.600 PX:402.600 PY:-10.000 LAN:1 BRK:1 RX_X:0.000 RX_Y:0.000 RX_Z:0.000
[ZONE-ROUTE] CID:0 zone=1 edge_port=9998
[EDGE-RTT] CID:0 wall=2.1 ms  sim_delay=10.0 ms
>>> [UAV->CLOUD] BLK:c301|TX:7.0.0.4|CID:0|TS:18.220|SPD:25.4|HDG:0.6|PX:402.6|PY:-10.0|L...
[ECON-CLAWBACK] CID:1 ACT=WARN prior_payoff=-22.8 extra_penalty=3.8 new_payoff=-26.7
[FORGIVENESS] CID:1 WARN #12 — streak reset, benefits revoked
⚠ [CAR 1] ACT=WARN REP=0.870 RWD=0.000 PNL=3.851 CREDIT=-2
[ECON-CLAWBACK] CID:0 ACT=WARN prior_payoff=-40.098 extra_penalty=4.750 new_payoff=-44.950
[FORGIVENESS] CID:0 WARN #16 — streak reset, benefits revoked
⚠ [CAR 0] ACT=WARN REP=0.593 RWD=0.000 PNL=4.852 CREDIT=-2
[PASSIVE-BEACON] SIMNOW:18.304 CID:4 ZONE:1 RXUAV:1 EDGEPORT:9998 TS:18.290 SPD:19.600 HDG:1.500 PX:365.500 PY:-50.000 LAN:5 BRK:0 RX_X:0.000 RX_Y:0.000 RX_Z:0.000
[ZONE-ROUTE] CID:4 zone=1 edge_port=9998
[EDGE-RTT] CID:4 wall=1.2 ms  sim_delay=5.0 ms
>>> [UAV->CLOUD] BLK:c457|TX:7.0.0.8|CID:4|TS:18.290|SPD:19.6|HDG:1.5|PX:365.5|PY:-50.0|L...
✓ [CAR 4] ACT=OK REP=0.926 RWD=1.000 PNL=0.000 CREDIT=32
[PASSIVE-BEACON] SIMNOW:18.384 CID:2 ZONE:1 RXUAV:1 EDGEPORT:9998 TS:18.370 SPD:24.800 HDG:-1.000 PX:386.600 PY:-30.000 LAN:3 BRK:0 RX_X:0.000 RX_Y:0.000 RX_Z:0.000
[ZONE-ROUTE] CID:2 zone=1 edge_port=9998
[EDGE-RTT] CID:2 wall=1.2 ms  sim_delay=5.0 ms
>>> [UAV->CLOUD] BLK:f436|TX:7.0.0.6|CID:2|TS:18.370|SPD:24.8|HDG:-1.0|PX:386.6|PY:-30.0|...
[ECON-CLAWBACK] CID:2 ACT=WARN prior_payoff=-9.8 extra_penalty=2.8 new_payoff=-12.6
[FORGIVENESS] CID:2 WARN #8 — streak reset, benefits revoked
⚠ [CAR 2] ACT=WARN REP=0.684 RWD=0.000 PNL=2.851 CREDIT=-2
[PASSIVE-BEACON] SIMNOW:18.496 CID:9 ZONE:1 RXUAV:1 EDGEPORT:9998 TS:18.482 SPD:20.300 HDG:-1.800 PX:388.900 PY:-50.000 LAN:5 BRK:1 RX_X:0.000 RX_Y:0.000 RX_Z:0.000
[ZONE-ROUTE] CID:9 zone=1 edge_port=9998
[EDGE-RTT] CID:9 wall=1.0 ms  sim_delay=5.0 ms
>>> [UAV->CLOUD] BLK:732b|TX:7.0.0.13|CID:9|TS:18.482|SPD:20.3|HDG:-1.8|PX:388.9|PY:-50.0...
[PASSIVE-BEACON] SIMNOW:18.506 CID:8 ZONE:1 RXUAV:1 EDGEPORT:9998 TS:18.492 SPD:25.300 HDG:1.600 PX:398.900 PY:-40.000 LAN:4 BRK:1 RX_X:0.000 RX_Y:0.000 RX_Z:0.000
[ZONE-ROUTE] CID:8 zone=1 edge_port=9998
[EDGE-RTT] CID:8 wall=1.1 ms  sim_delay=5.0 ms
>>> [UAV->CLOUD] BLK:e786|TX:7.0.0.12|CID:8|TS:18.492|SPD:25.3|HDG:1.6|PX:398.9|PY:-40.0|...
✓ [CAR 9] ACT=OK REP=0.907 RWD=1.000 PNL=0.000 CREDIT=30
[ECON-CLAWBACK] CID:8 ACT=WARN prior_payoff=2.096 extra_penalty=2.548 new_payoff=-0.552
[FORGIVENESS] CID:8 WARN #3 — streak reset, benefits revoked
⚠ [CAR 8] ACT=WARN REP=0.962 RWD=0.000 PNL=2.648 CREDIT=-2
[PASSIVE-BEACON] SIMNOW:18.534 CID:3 ZONE:1 RXUAV:1 EDGEPORT:9998 TS:18.520 SPD:24.800 HDG:-1.400 PX:380.900 PY:-40.000 LAN:4 BRK:0 RX_X:0.000 RX_Y:0.000 RX_Z:0.000
[ZONE-ROUTE] CID:3 zone=1 edge_port=9998
[EDGE-RTT] CID:3 wall=1.0 ms  sim_delay=5.0 ms
>>> [UAV->CLOUD] BLK:5c2c|TX:7.0.0.7|CID:3|TS:18.520|SPD:24.8|HDG:-1.4|PX:380.9|PY:-40.0|...
[PASSIVE-BEACON] SIMNOW:18.536 CID:6 ZONE:1 RXUAV:1 EDGEPORT:9998 TS:18.522 SPD:25.100 HDG:0.900 PX:420.800 PY:-20.000 LAN:2 BRK:0 RX_X:0.000 RX_Y:0.000 RX_Z:0.000
[ZONE-ROUTE] CID:6 zone=1 edge_port=9998
[EDGE-RTT] CID:6 wall=1.0 ms  sim_delay=5.0 ms
>>> [UAV->CLOUD] BLK:9bd7|TX:7.0.0.10|CID:6|TS:18.522|SPD:25.1|HDG:0.9|PX:420.8|PY:-20.0|...
[ECON-CLAWBACK] CID:3 ACT=WARN prior_payoff=-0.6 extra_penalty=1.8 new_payoff=-2.5
[FORGIVENESS] CID:3 WARN #4 — streak reset, benefits revoked
⚠ [CAR 3] ACT=WARN REP=1.000 RWD=0.000 PNL=1.849 CREDIT=-2
[ECON-CLAWBACK] CID:6 ACT=WARN prior_payoff=-19.199 extra_penalty=3.500 new_payoff=-22.801
[FORGIVENESS] CID:6 WARN #11 — streak reset, benefits revoked
⚠ [CAR 6] ACT=WARN REP=0.777 RWD=0.000 PNL=3.602 CREDIT=-2
[PASSIVE-BEACON] SIMNOW:18.646 CID:7 ZONE:1 RXUAV:1 EDGEPORT:9998 TS:18.632 SPD:24.900 HDG:-1.900 PX:413.300 PY:-30.000 LAN:3 BRK:0 RX_X:0.000 RX_Y:0.000 RX_Z:0.000
[ZONE-ROUTE] CID:7 zone=1 edge_port=9998
[EDGE-RTT] CID:7 wall=0.8 ms  sim_delay=5.0 ms
>>> [UAV->CLOUD] BLK:1747|TX:7.0.0.11|CID:7|TS:18.632|SPD:24.9|HDG:-1.9|PX:413.3|PY:-30.0...
[ECON-CLAWBACK] CID:7 ACT=WARN prior_payoff=-12.5 extra_penalty=3.0 new_payoff=-15.6
[FORGIVENESS] CID:7 WARN #9 — streak reset, benefits revoked
⚠ [CAR 7] ACT=WARN REP=0.747 RWD=0.000 PNL=3.101 CREDIT=-2
[PASSIVE-BEACON] SIMNOW:18.733 CID:1 ZONE:1 RXUAV:1 EDGEPORT:9998 TS:18.720 SPD:25.400 HDG:0.600 PX:404.800 PY:-20.000 LAN:2 BRK:0 RX_X:0.000 RX_Y:0.000 RX_Z:0.000
[ZONE-ROUTE] CID:1 zone=1 edge_port=9998
[EDGE-RTT] CID:1 wall=1.5 ms  sim_delay=5.0 ms
>>> [UAV->CLOUD] BLK:dd20|TX:7.0.0.5|CID:1|TS:18.720|SPD:25.4|HDG:0.6|PX:404.8|PY:-20.0|L...
[PASSIVE-BEACON] SIMNOW:18.733 CID:0 ZONE:1 RXUAV:1 EDGEPORT:9998 TS:18.720 SPD:24.900 HDG:-1.100 PX:415.800 PY:-10.000 LAN:1 BRK:0 RX_X:0.000 RX_Y:0.000 RX_Z:0.000
[ZONE-ROUTE] CID:0 zone=1 edge_port=9998
[EDGE-RTT] CID:0 wall=2.8 ms  sim_delay=10.0 ms
>>> [UAV->CLOUD] BLK:43dd|TX:7.0.0.4|CID:0|TS:18.720|SPD:24.9|HDG:-1.1|PX:415.8|PY:-10.0|...
[ECON-CLAWBACK] CID:1 ACT=WARN prior_payoff=-26.7 extra_penalty=4.0 new_payoff=-30.8
[FORGIVENESS] CID:1 WARN #13 — streak reset, benefits revoked
⚠ [CAR 1] ACT=WARN REP=0.763 RWD=0.000 PNL=4.107 CREDIT=-2
[ECON-CLAWBACK] CID:0 ACT=WARN prior_payoff=-44.950 extra_penalty=5.000 new_payoff=-50.051
[FORGIVENESS] CID:0 WARN #17 — streak reset, benefits revoked
⚠ [CAR 0] ACT=WARN REP=0.760 RWD=0.000 PNL=5.101 CREDIT=-2
[PASSIVE-BEACON] SIMNOW:18.804 CID:4 ZONE:1 RXUAV:1 EDGEPORT:9998 TS:18.790 SPD:25.300 HDG:-0.000 PX:376.300 PY:-50.000 LAN:5 BRK:0 RX_X:0.000 RX_Y:0.000 RX_Z:0.000
[ZONE-ROUTE] CID:4 zone=1 edge_port=9998
[EDGE-RTT] CID:4 wall=1.1 ms  sim_delay=5.0 ms
>>> [UAV->CLOUD] BLK:9b9a|TX:7.0.0.8|CID:4|TS:18.790|SPD:25.3|HDG:-0.0|PX:376.3|PY:-50.0|...
[ECON-CLAWBACK] CID:4 ACT=WARN prior_payoff=36.0 extra_penalty=28.0 new_payoff=7.9
[TRUST-REVOKED] CID:4 benefits revoked logically; lane=5 speed=20.0 latency=10.0ms
[FORGIVENESS] CID:4 WARN #1 — streak reset, benefits revoked
⚠ [CAR 4] ACT=WARN REP=0.855 RWD=0.000 PNL=28.074 CREDIT=31
[PASSIVE-BEACON] SIMNOW:18.884 CID:2 ZONE:1 RXUAV:1 EDGEPORT:9998 TS:18.870 SPD:24.600 HDG:1.500 PX:399.700 PY:-30.000 LAN:3 BRK:0 RX_X:0.000 RX_Y:0.000 RX_Z:0.000
[ZONE-ROUTE] CID:2 zone=1 edge_port=9998
[EDGE-RTT] CID:2 wall=1.3 ms  sim_delay=5.0 ms
>>> [UAV->CLOUD] BLK:7ea4|TX:7.0.0.6|CID:2|TS:18.870|SPD:24.6|HDG:1.5|PX:399.7|PY:-30.0|L...
[ECON-CLAWBACK] CID:2 ACT=WARN prior_payoff=-12.6 extra_penalty=3.0 new_payoff=-15.7
[FORGIVENESS] CID:2 WARN #9 — streak reset, benefits revoked
⚠ [CAR 2] ACT=WARN REP=0.750 RWD=0.000 PNL=3.099 CREDIT=-2
[PASSIVE-BEACON] SIMNOW:18.996 CID:9 ZONE:1 RXUAV:1 EDGEPORT:9998 TS:18.982 SPD:25.100 HDG:-0.500 PX:401.800 PY:-50.000 LAN:5 BRK:0 RX_X:0.000 RX_Y:0.000 RX_Z:0.000
[ZONE-ROUTE] CID:9 zone=1 edge_port=9998
[EDGE-RTT] CID:9 wall=1.0 ms  sim_delay=5.0 ms
>>> [UAV->CLOUD] BLK:b846|TX:7.0.0.13|CID:9|TS:18.982|SPD:25.1|HDG:-0.5|PX:401.8|PY:-50.0...
[PASSIVE-BEACON] SIMNOW:19.006 CID:8 ZONE:1 RXUAV:1 EDGEPORT:9998 TS:18.992 SPD:25.500 HDG:-0.400 PX:411.700 PY:-40.000 LAN:4 BRK:0 RX_X:0.000 RX_Y:0.000 RX_Z:0.000
[ZONE-ROUTE] CID:8 zone=1 edge_port=9998
[EDGE-RTT] CID:8 wall=0.8 ms  sim_delay=5.0 ms
>>> [UAV->CLOUD] BLK:ccb1|TX:7.0.0.12|CID:8|TS:18.992|SPD:25.5|HDG:-0.4|PX:411.7|PY:-40.0...
[ECON-CLAWBACK] CID:9 ACT=WARN prior_payoff=34.0 extra_penalty=26.5 new_payoff=7.4
[TRUST-REVOKED] CID:9 benefits revoked logically; lane=5 speed=20.0 latency=10.0ms
[FORGIVENESS] CID:9 WARN #1 — streak reset, benefits revoked
⚠ [CAR 9] ACT=WARN REP=1.000 RWD=0.000 PNL=26.571 CREDIT=29
[ECON-CLAWBACK] CID:8 ACT=WARN prior_payoff=-0.552 extra_penalty=1.750 new_payoff=-2.404
[FORGIVENESS] CID:8 WARN #4 — streak reset, benefits revoked
⚠ [CAR 8] ACT=WARN REP=0.865 RWD=0.000 PNL=1.852 CREDIT=-2
[PASSIVE-BEACON] SIMNOW:19.034 CID:3 ZONE:1 RXUAV:1 EDGEPORT:9998 TS:19.020 SPD:24.700 HDG:0.500 PX:392.000 PY:-40.000 LAN:4 BRK:0 RX_X:0.000 RX_Y:0.000 RX_Z:0.000
[ZONE-ROUTE] CID:3 zone=1 edge_port=9998
[EDGE-RTT] CID:3 wall=1.1 ms  sim_delay=5.0 ms
>>> [UAV->CLOUD] BLK:933b|TX:7.0.0.7|CID:3|TS:19.020|SPD:24.7|HDG:0.5|PX:392.0|PY:-40.0|L...
[PASSIVE-BEACON] SIMNOW:19.036 CID:6 ZONE:1 RXUAV:1 EDGEPORT:9998 TS:19.022 SPD:25.400 HDG:0.100 PX:432.900 PY:-20.000 LAN:2 BRK:0 RX_X:0.000 RX_Y:0.000 RX_Z:0.000
[ZONE-ROUTE] CID:6 zone=1 edge_port=9998
[EDGE-RTT] CID:6 wall=0.9 ms  sim_delay=5.0 ms
>>> [UAV->CLOUD] BLK:71f8|TX:7.0.0.10|CID:6|TS:19.022|SPD:25.4|HDG:0.1|PX:432.9|PY:-20.0|...
[ECON-CLAWBACK] CID:3 ACT=WARN prior_payoff=-2.5 extra_penalty=2.0 new_payoff=-4.6
[FORGIVENESS] CID:3 WARN #5 — streak reset, benefits revoked
⚠ [CAR 3] ACT=WARN REP=0.885 RWD=0.000 PNL=2.100 CREDIT=-2
[ECON-CLAWBACK] CID:6 ACT=WARN prior_payoff=-22.801 extra_penalty=3.750 new_payoff=-26.653
[FORGIVENESS] CID:6 WARN #12 — streak reset, benefits revoked
⚠ [CAR 6] ACT=WARN REP=0.577 RWD=0.000 PNL=3.852 CREDIT=-2
[PASSIVE-BEACON] SIMNOW:19.146 CID:7 ZONE:1 RXUAV:1 EDGEPORT:9998 TS:19.132 SPD:24.600 HDG:-0.100 PX:425.400 PY:-30.000 LAN:3 BRK:0 RX_X:0.000 RX_Y:0.000 RX_Z:0.000
[ZONE-ROUTE] CID:7 zone=1 edge_port=9998
[EDGE-RTT] CID:7 wall=1.2 ms  sim_delay=5.0 ms
>>> [UAV->CLOUD] BLK:352e|TX:7.0.0.11|CID:7|TS:19.132|SPD:24.6|HDG:-0.1|PX:425.4|PY:-30.0...
[ECON-CLAWBACK] CID:7 ACT=WARN prior_payoff=-15.6 extra_penalty=3.2 new_payoff=-19.0
[FORGIVENESS] CID:7 WARN #10 — streak reset, benefits revoked
⚠ [CAR 7] ACT=WARN REP=0.453 RWD=0.000 PNL=3.349 CREDIT=-2
[PASSIVE-BEACON] SIMNOW:19.234 CID:1 ZONE:1 RXUAV:1 EDGEPORT:9998 TS:19.220 SPD:24.800 HDG:-1.800 PX:418.000 PY:-20.000 LAN:2 BRK:0 RX_X:0.000 RX_Y:0.000 RX_Z:0.000
[ZONE-ROUTE] CID:1 zone=1 edge_port=9998
[EDGE-RTT] CID:1 wall=1.3 ms  sim_delay=5.0 ms
>>> [UAV->CLOUD] BLK:b951|TX:7.0.0.5|CID:1|TS:19.220|SPD:24.8|HDG:-1.8|PX:418.0|PY:-20.0|...
[PASSIVE-BEACON] SIMNOW:19.234 CID:0 ZONE:1 RXUAV:1 EDGEPORT:9998 TS:19.220 SPD:24.700 HDG:-1.500 PX:427.900 PY:-10.000 LAN:1 BRK:0 RX_X:0.000 RX_Y:0.000 RX_Z:0.000
[ZONE-ROUTE] CID:0 zone=1 edge_port=9998
[EDGE-RTT] CID:0 wall=2.7 ms  sim_delay=10.0 ms
>>> [UAV->CLOUD] BLK:66dd|TX:7.0.0.4|CID:0|TS:19.220|SPD:24.7|HDG:-1.5|PX:427.9|PY:-10.0|...
[ECON-CLAWBACK] CID:1 ACT=WARN prior_payoff=-30.8 extra_penalty=4.2 new_payoff=-35.2
[FORGIVENESS] CID:1 WARN #14 — streak reset, benefits revoked
⚠ [CAR 1] ACT=WARN REP=0.377 RWD=0.000 PNL=4.351 CREDIT=-2
[ECON-CLAWBACK] CID:0 ACT=WARN prior_payoff=-50.051 extra_penalty=5.250 new_payoff=-55.401
[FORGIVENESS] CID:0 WARN #18 — streak reset, benefits revoked
⚠ [CAR 0] ACT=WARN REP=0.171 RWD=0.000 PNL=5.350 CREDIT=-2
[PASSIVE-BEACON] SIMNOW:19.304 CID:4 ZONE:1 RXUAV:1 EDGEPORT:9998 TS:19.290 SPD:24.700 HDG:0.900 PX:389.200 PY:-50.000 LAN:5 BRK:0 RX_X:0.000 RX_Y:0.000 RX_Z:0.000
[ZONE-ROUTE] CID:4 zone=1 edge_port=9998
[EDGE-RTT] CID:4 wall=1.2 ms  sim_delay=5.0 ms
>>> [UAV->CLOUD] BLK:b874|TX:7.0.0.8|CID:4|TS:19.290|SPD:24.7|HDG:0.9|PX:389.2|PY:-50.0|L...
[ECON-CLAWBACK] CID:4 ACT=WARN prior_payoff=7.9 extra_penalty=5.2 new_payoff=2.6
[FORGIVENESS] CID:4 WARN #2 — streak reset, benefits revoked
⚠ [CAR 4] ACT=WARN REP=1.000 RWD=0.000 PNL=5.305 CREDIT=-2
[PASSIVE-BEACON] SIMNOW:19.383 CID:2 ZONE:1 RXUAV:1 EDGEPORT:9998 TS:19.370 SPD:25.400 HDG:-1.500 PX:412.100 PY:-30.000 LAN:3 BRK:0 RX_X:0.000 RX_Y:0.000 RX_Z:0.000
[ZONE-ROUTE] CID:2 zone=1 edge_port=9998
[EDGE-RTT] CID:2 wall=1.2 ms  sim_delay=5.0 ms
>>> [UAV->CLOUD] BLK:e33f|TX:7.0.0.6|CID:2|TS:19.370|SPD:25.4|HDG:-1.5|PX:412.1|PY:-30.0|...
[ECON-CLAWBACK] CID:2 ACT=WARN prior_payoff=-15.7 extra_penalty=3.2 new_payoff=-19.1
[FORGIVENESS] CID:2 WARN #10 — streak reset, benefits revoked
⚠ [CAR 2] ACT=WARN REP=0.667 RWD=0.000 PNL=3.352 CREDIT=-2
[PASSIVE-BEACON] SIMNOW:19.495 CID:9 ZONE:1 RXUAV:1 EDGEPORT:9998 TS:19.482 SPD:25.400 HDG:0.200 PX:414.700 PY:-50.000 LAN:5 BRK:0 RX_X:0.000 RX_Y:0.000 RX_Z:0.000
[ZONE-ROUTE] CID:9 zone=1 edge_port=9998
[EDGE-RTT] CID:9 wall=0.9 ms  sim_delay=5.0 ms
>>> [UAV->CLOUD] BLK:9aa7|TX:7.0.0.13|CID:9|TS:19.482|SPD:25.4|HDG:0.2|PX:414.7|PY:-50.0|...
[PASSIVE-BEACON] SIMNOW:19.506 CID:8 ZONE:1 RXUAV:1 EDGEPORT:9998 TS:19.492 SPD:24.900 HDG:1.500 PX:424.000 PY:-40.000 LAN:4 BRK:0 RX_X:0.000 RX_Y:0.000 RX_Z:0.000
[ZONE-ROUTE] CID:8 zone=1 edge_port=9998
[EDGE-RTT] CID:8 wall=1.0 ms  sim_delay=5.0 ms
>>> [UAV->CLOUD] BLK:1548|TX:7.0.0.12|CID:8|TS:19.492|SPD:24.9|HDG:1.5|PX:424.0|PY:-40.0|...
[ECON-CLAWBACK] CID:9 ACT=WARN prior_payoff=7.4 extra_penalty=5.0 new_payoff=2.4
[FORGIVENESS] CID:9 WARN #2 — streak reset, benefits revoked
⚠ [CAR 9] ACT=WARN REP=0.589 RWD=0.000 PNL=5.058 CREDIT=-2
[ECON-CLAWBACK] CID:8 ACT=WARN prior_payoff=-2.404 extra_penalty=2.000 new_payoff=-4.505
[FORGIVENESS] CID:8 WARN #5 — streak reset, benefits revoked
⚠ [CAR 8] ACT=WARN REP=0.774 RWD=0.000 PNL=2.101 CREDIT=-2
[PASSIVE-BEACON] SIMNOW:19.534 CID:3 ZONE:1 RXUAV:1 EDGEPORT:9998 TS:19.520 SPD:25.400 HDG:-0.900 PX:404.800 PY:-40.000 LAN:4 BRK:0 RX_X:0.000 RX_Y:0.000 RX_Z:0.000
[ZONE-ROUTE] CID:3 zone=1 edge_port=9998
[EDGE-RTT] CID:3 wall=1.2 ms  sim_delay=5.0 ms
>>> [UAV->CLOUD] BLK:ab8c|TX:7.0.0.7|CID:3|TS:19.520|SPD:25.4|HDG:-0.9|PX:404.8|PY:-40.0|...
[PASSIVE-BEACON] SIMNOW:19.536 CID:6 ZONE:1 RXUAV:1 EDGEPORT:9998 TS:19.522 SPD:25.400 HDG:-1.000 PX:445.200 PY:-20.000 LAN:2 BRK:0 RX_X:0.000 RX_Y:0.000 RX_Z:0.000
[ZONE-ROUTE] CID:6 zone=1 edge_port=9998
[EDGE-RTT] CID:6 wall=1.0 ms  sim_delay=5.0 ms
>>> [UAV->CLOUD] BLK:294c|TX:7.0.0.10|CID:6|TS:19.522|SPD:25.4|HDG:-1.0|PX:445.2|PY:-20.0...
[ECON-CLAWBACK] CID:3 ACT=WARN prior_payoff=-4.6 extra_penalty=2.2 new_payoff=-6.9
[FORGIVENESS] CID:3 WARN #6 — streak reset, benefits revoked
⚠ [CAR 3] ACT=WARN REP=0.812 RWD=0.000 PNL=2.352 CREDIT=-2
[ECON-CLAWBACK] CID:6 ACT=WARN prior_payoff=-26.653 extra_penalty=4.000 new_payoff=-30.755
[FORGIVENESS] CID:6 WARN #13 — streak reset, benefits revoked
⚠ [CAR 6] ACT=WARN REP=0.691 RWD=0.000 PNL=4.102 CREDIT=-2
[PASSIVE-BEACON] SIMNOW:19.646 CID:7 ZONE:1 RXUAV:1 EDGEPORT:9998 TS:19.632 SPD:25.400 HDG:0.000 PX:438.100 PY:-30.000 LAN:3 BRK:0 RX_X:0.000 RX_Y:0.000 RX_Z:0.000
[ZONE-ROUTE] CID:7 zone=1 edge_port=9998
[EDGE-RTT] CID:7 wall=1.2 ms  sim_delay=5.0 ms
>>> [UAV->CLOUD] BLK:d5a3|TX:7.0.0.11|CID:7|TS:19.632|SPD:25.4|HDG:0.0|PX:438.1|PY:-30.0|...
[ECON-CLAWBACK] CID:7 ACT=WARN prior_payoff=-19.0 extra_penalty=3.5 new_payoff=-22.6
[FORGIVENESS] CID:7 WARN #11 — streak reset, benefits revoked
⚠ [CAR 7] ACT=WARN REP=0.611 RWD=0.000 PNL=3.602 CREDIT=-2
[PASSIVE-BEACON] SIMNOW:19.734 CID:1 ZONE:1 RXUAV:1 EDGEPORT:9998 TS:19.720 SPD:25.300 HDG:0.400 PX:429.500 PY:-20.000 LAN:2 BRK:0 RX_X:0.000 RX_Y:0.000 RX_Z:0.000
[ZONE-ROUTE] CID:1 zone=1 edge_port=9998
[EDGE-RTT] CID:1 wall=1.1 ms  sim_delay=5.0 ms
>>> [UAV->CLOUD] BLK:048d|TX:7.0.0.5|CID:1|TS:19.720|SPD:25.3|HDG:0.4|PX:429.5|PY:-20.0|L...
[PASSIVE-BEACON] SIMNOW:19.734 CID:0 ZONE:1 RXUAV:1 EDGEPORT:9998 TS:19.720 SPD:25.000 HDG:-1.900 PX:440.600 PY:-10.000 LAN:1 BRK:0 RX_X:0.000 RX_Y:0.000 RX_Z:0.000
[ZONE-ROUTE] CID:0 zone=1 edge_port=9998
[EDGE-RTT] CID:0 wall=1.8 ms  sim_delay=10.0 ms
>>> [UAV->CLOUD] BLK:5f97|TX:7.0.0.4|CID:0|TS:19.720|SPD:25.0|HDG:-1.9|PX:440.6|PY:-10.0|...
[ECON-CLAWBACK] CID:0 ACT=WARN prior_payoff=-55.4 extra_penalty=5.5 new_payoff=-61.0
[FORGIVENESS] CID:0 WARN #19 — streak reset, benefits revoked
⚠ [CAR 0] ACT=WARN REP=0.485 RWD=0.000 PNL=5.601 CREDIT=-2
[ECON-CLAWBACK] CID:1 ACT=WARN prior_payoff=-35.155 extra_penalty=4.500 new_payoff=-39.757
[FORGIVENESS] CID:1 WARN #15 — streak reset, benefits revoked
⚠ [CAR 1] ACT=WARN REP=0.618 RWD=0.000 PNL=4.602 CREDIT=-2
[PASSIVE-BEACON] SIMNOW:19.804 CID:4 ZONE:1 RXUAV:1 EDGEPORT:9998 TS:19.790 SPD:24.700 HDG:0.100 PX:402.200 PY:-50.000 LAN:5 BRK:0 RX_X:0.000 RX_Y:0.000 RX_Z:0.000
[ZONE-ROUTE] CID:4 zone=1 edge_port=9998
[EDGE-RTT] CID:4 wall=1.2 ms  sim_delay=5.0 ms
>>> [UAV->CLOUD] BLK:aedf|TX:7.0.0.8|CID:4|TS:19.790|SPD:24.7|HDG:0.1|PX:402.2|PY:-50.0|L...
[ECON-CLAWBACK] CID:4 ACT=WARN prior_payoff=2.6 extra_penalty=2.8 new_payoff=-0.3
[FORGIVENESS] CID:4 WARN #3 — streak reset, benefits revoked
⚠ [CAR 4] ACT=WARN REP=1.000 RWD=0.000 PNL=2.905 CREDIT=-2
[PASSIVE-BEACON] SIMNOW:19.884 CID:2 ZONE:1 RXUAV:1 EDGEPORT:9998 TS:19.870 SPD:25.100 HDG:-2.000 PX:424.100 PY:-30.000 LAN:3 BRK:0 RX_X:0.000 RX_Y:0.000 RX_Z:0.000
[ZONE-ROUTE] CID:2 zone=1 edge_port=9998
[EDGE-RTT] CID:2 wall=1.2 ms  sim_delay=5.0 ms
>>> [UAV->CLOUD] BLK:d8e0|TX:7.0.0.6|CID:2|TS:19.870|SPD:25.1|HDG:-2.0|PX:424.1|PY:-30.0|...
[ECON-CLAWBACK] CID:2 ACT=WARN prior_payoff=-19.1 extra_penalty=3.5 new_payoff=-22.7
[FORGIVENESS] CID:2 WARN #11 — streak reset, benefits revoked
⚠ [CAR 2] ACT=WARN REP=0.716 RWD=0.000 PNL=3.602 CREDIT=-2
[PASSIVE-BEACON] SIMNOW:19.996 CID:9 ZONE:1 RXUAV:1 EDGEPORT:9998 TS:19.982 SPD:25.200 HDG:0.100 PX:426.400 PY:-50.000 LAN:5 BRK:1 RX_X:0.000 RX_Y:0.000 RX_Z:0.000
[ZONE-ROUTE] CID:9 zone=1 edge_port=9998
[EDGE-RTT] CID:9 wall=0.7 ms  sim_delay=5.0 ms
>>> [UAV->CLOUD] BLK:0d39|TX:7.0.0.13|CID:9|TS:19.982|SPD:25.2|HDG:0.1|PX:426.4|PY:-50.0|...
[PASSIVE-BEACON] SIMNOW:20.006 CID:8 ZONE:1 RXUAV:1 EDGEPORT:9998 TS:19.992 SPD:24.900 HDG:1.500 PX:436.900 PY:-40.000 LAN:4 BRK:0 RX_X:0.000 RX_Y:0.000 RX_Z:0.000
[ZONE-ROUTE] CID:8 zone=1 edge_port=9998
[EDGE-RTT] CID:8 wall=0.9 ms  sim_delay=5.0 ms
>>> [UAV->CLOUD] BLK:9776|TX:7.0.0.12|CID:8|TS:19.992|SPD:24.9|HDG:1.5|PX:436.9|PY:-40.0|...
[ECON-CLAWBACK] CID:9 ACT=WARN prior_payoff=2.4 extra_penalty=2.7 new_payoff=-0.4
[FORGIVENESS] CID:9 WARN #3 — streak reset, benefits revoked
⚠ [CAR 9] ACT=WARN REP=0.815 RWD=0.000 PNL=2.780 CREDIT=-2
[ECON-CLAWBACK] CID:8 ACT=WARN prior_payoff=-4.505 extra_penalty=2.250 new_payoff=-6.856
[FORGIVENESS] CID:8 WARN #6 — streak reset, benefits revoked
⚠ [CAR 8] ACT=WARN REP=0.644 RWD=0.000 PNL=2.351 CREDIT=-2
[PASSIVE-BEACON] SIMNOW:20.032 CID:3 ZONE:1 RXUAV:1 EDGEPORT:9998 TS:20.020 SPD:25.400 HDG:-1.400 PX:418.300 PY:-40.000 LAN:4 BRK:0 RX_X:0.000 RX_Y:0.000 RX_Z:0.000
[ZONE-ROUTE] CID:3 zone=1 edge_port=9998
[EDGE-RTT] CID:3 wall=1.2 ms  sim_delay=5.0 ms
>>> [UAV->CLOUD] BLK:f55f|TX:7.0.0.7|CID:3|TS:20.020|SPD:25.4|HDG:-1.4|PX:418.3|PY:-40.0|...
[PASSIVE-BEACON] SIMNOW:20.036 CID:6 ZONE:1 RXUAV:1 EDGEPORT:9998 TS:20.022 SPD:25.300 HDG:1.000 PX:457.000 PY:-20.000 LAN:2 BRK:1 RX_X:0.000 RX_Y:0.000 RX_Z:0.000
[ZONE-ROUTE] CID:6 zone=1 edge_port=9998
[EDGE-RTT] CID:6 wall=1.0 ms  sim_delay=5.0 ms
>>> [UAV->CLOUD] BLK:4ea0|TX:7.0.0.10|CID:6|TS:20.022|SPD:25.3|HDG:1.0|PX:457.0|PY:-20.0|...
[ECON-CLAWBACK] CID:3 ACT=WARN prior_payoff=-6.9 extra_penalty=2.5 new_payoff=-9.5
[FORGIVENESS] CID:3 WARN #7 — streak reset, benefits revoked
⚠ [CAR 3] ACT=WARN REP=0.799 RWD=0.000 PNL=2.602 CREDIT=-2
[ECON-CLAWBACK] CID:6 ACT=WARN prior_payoff=-30.755 extra_penalty=4.250 new_payoff=-35.107
[FORGIVENESS] CID:6 WARN #14 — streak reset, benefits revoked
⚠ [CAR 6] ACT=WARN REP=0.692 RWD=0.000 PNL=4.352 CREDIT=-2
[PASSIVE-BEACON] SIMNOW:20.144 CID:7 ZONE:1 RXUAV:1 EDGEPORT:9998 TS:20.132 SPD:24.800 HDG:1.700 PX:450.900 PY:-30.000 LAN:3 BRK:0 RX_X:0.000 RX_Y:0.000 RX_Z:0.000
[ZONE-ROUTE] CID:7 zone=1 edge_port=9998
[EDGE-RTT] CID:7 wall=0.9 ms  sim_delay=5.0 ms
>>> [UAV->CLOUD] BLK:cc53|TX:7.0.0.11|CID:7|TS:20.132|SPD:24.8|HDG:1.7|PX:450.9|PY:-30.0|...
[ECON-CLAWBACK] CID:7 ACT=WARN prior_payoff=-22.6 extra_penalty=3.8 new_payoff=-26.4
[FORGIVENESS] CID:7 WARN #12 — streak reset, benefits revoked
⚠ [CAR 7] ACT=WARN REP=0.640 RWD=0.000 PNL=3.850 CREDIT=-2
[PASSIVE-BEACON] SIMNOW:20.234 CID:1 ZONE:1 RXUAV:1 EDGEPORT:9998 TS:20.220 SPD:24.600 HDG:1.500 PX:442.100 PY:-20.000 LAN:2 BRK:0 RX_X:0.000 RX_Y:0.000 RX_Z:0.000
[ZONE-ROUTE] CID:1 zone=1 edge_port=9998
[EDGE-RTT] CID:1 wall=1.3 ms  sim_delay=5.0 ms
>>> [UAV->CLOUD] BLK:81d8|TX:7.0.0.5|CID:1|TS:20.220|SPD:24.6|HDG:1.5|PX:442.1|PY:-20.0|L...
[PASSIVE-BEACON] SIMNOW:20.234 CID:0 ZONE:1 RXUAV:1 EDGEPORT:9998 TS:20.220 SPD:25.300 HDG:-1.200 PX:453.300 PY:-10.000 LAN:1 BRK:0 RX_X:0.000 RX_Y:0.000 RX_Z:0.000
[ZONE-ROUTE] CID:0 zone=1 edge_port=9998
[EDGE-RTT] CID:0 wall=1.7 ms  sim_delay=10.0 ms
>>> [UAV->CLOUD] BLK:9501|TX:7.0.0.4|CID:0|TS:20.220|SPD:25.3|HDG:-1.2|PX:453.3|PY:-10.0|...
[ECON-CLAWBACK] CID:0 ACT=WARN prior_payoff=-61.0 extra_penalty=5.8 new_payoff=-66.9
[FORGIVENESS] CID:0 WARN #20 — streak reset, benefits revoked
⚠ [CAR 0] ACT=WARN REP=0.416 RWD=0.000 PNL=5.852 CREDIT=-2
[ECON-CLAWBACK] CID:1 ACT=WARN prior_payoff=-39.757 extra_penalty=4.750 new_payoff=-44.607
[FORGIVENESS] CID:1 WARN #16 — streak reset, benefits revoked
⚠ [CAR 1] ACT=WARN REP=0.638 RWD=0.000 PNL=4.850 CREDIT=-2
[PASSIVE-BEACON] SIMNOW:20.304 CID:4 ZONE:1 RXUAV:1 EDGEPORT:9998 TS:20.290 SPD:25.200 HDG:1.100 PX:414.200 PY:-50.000 LAN:5 BRK:0 RX_X:0.000 RX_Y:0.000 RX_Z:0.000
[ZONE-ROUTE] CID:4 zone=1 edge_port=9998
[EDGE-RTT] CID:4 wall=0.8 ms  sim_delay=5.0 ms
>>> [UAV->CLOUD] BLK:18ee|TX:7.0.0.8|CID:4|TS:20.290|SPD:25.2|HDG:1.1|PX:414.2|PY:-50.0|L...
[ECON-CLAWBACK] CID:4 ACT=WARN prior_payoff=-0.3 extra_penalty=1.8 new_payoff=-2.1
[FORGIVENESS] CID:4 WARN #4 — streak reset, benefits revoked
⚠ [CAR 4] ACT=WARN REP=0.819 RWD=0.000 PNL=1.850 CREDIT=-2
[PASSIVE-BEACON] SIMNOW:20.384 CID:2 ZONE:1 RXUAV:1 EDGEPORT:9998 TS:20.370 SPD:24.700 HDG:-0.300 PX:437.200 PY:-30.000 LAN:3 BRK:1 RX_X:0.000 RX_Y:0.000 RX_Z:0.000
[ZONE-ROUTE] CID:2 zone=1 edge_port=9998
[EDGE-RTT] CID:2 wall=1.1 ms  sim_delay=5.0 ms
>>> [UAV->CLOUD] BLK:2d6a|TX:7.0.0.6|CID:2|TS:20.370|SPD:24.7|HDG:-0.3|PX:437.2|PY:-30.0|...
[ECON-CLAWBACK] CID:2 ACT=WARN prior_payoff=-22.7 extra_penalty=3.8 new_payoff=-26.5
[FORGIVENESS] CID:2 WARN #12 — streak reset, benefits revoked
⚠ [CAR 2] ACT=WARN REP=0.921 RWD=0.000 PNL=3.850 CREDIT=-2
[PASSIVE-BEACON] SIMNOW:20.496 CID:9 ZONE:1 RXUAV:1 EDGEPORT:9998 TS:20.482 SPD:24.900 HDG:-0.500 PX:439.100 PY:-50.000 LAN:5 BRK:0 RX_X:0.000 RX_Y:0.000 RX_Z:0.000
[ZONE-ROUTE] CID:9 zone=1 edge_port=9998
[EDGE-RTT] CID:9 wall=1.3 ms  sim_delay=5.0 ms
>>> [UAV->CLOUD] BLK:eaaa|TX:7.0.0.13|CID:9|TS:20.482|SPD:24.9|HDG:-0.5|PX:439.1|PY:-50.0...
[PASSIVE-BEACON] SIMNOW:20.506 CID:8 ZONE:1 RXUAV:1 EDGEPORT:9998 TS:20.492 SPD:24.800 HDG:1.600 PX:449.200 PY:-40.000 LAN:4 BRK:0 RX_X:0.000 RX_Y:0.000 RX_Z:0.000
[ZONE-ROUTE] CID:8 zone=1 edge_port=9998
[EDGE-RTT] CID:8 wall=0.9 ms  sim_delay=5.0 ms
>>> [UAV->CLOUD] BLK:df3b|TX:7.0.0.12|CID:8|TS:20.492|SPD:24.8|HDG:1.6|PX:449.2|PY:-40.0|...
[ECON-CLAWBACK] CID:9 ACT=WARN prior_payoff=-0.4 extra_penalty=1.8 new_payoff=-2.3
[FORGIVENESS] CID:9 WARN #4 — streak reset, benefits revoked
⚠ [CAR 9] ACT=WARN REP=1.000 RWD=0.000 PNL=1.849 CREDIT=-2
[ECON-CLAWBACK] CID:8 ACT=WARN prior_payoff=-6.856 extra_penalty=2.500 new_payoff=-9.457
[FORGIVENESS] CID:8 WARN #7 — streak reset, benefits revoked
⚠ [CAR 8] ACT=WARN REP=0.630 RWD=0.000 PNL=2.601 CREDIT=-2
[PASSIVE-BEACON] SIMNOW:20.534 CID:3 ZONE:1 RXUAV:1 EDGEPORT:9998 TS:20.520 SPD:25.300 HDG:1.000 PX:429.500 PY:-40.000 LAN:4 BRK:0 RX_X:0.000 RX_Y:0.000 RX_Z:0.000
[ZONE-ROUTE] CID:3 zone=1 edge_port=9998
[EDGE-RTT] CID:3 wall=1.1 ms  sim_delay=5.0 ms
>>> [UAV->CLOUD] BLK:511f|TX:7.0.0.7|CID:3|TS:20.520|SPD:25.3|HDG:1.0|PX:429.5|PY:-40.0|L...
[PASSIVE-BEACON] SIMNOW:20.536 CID:6 ZONE:1 RXUAV:1 EDGEPORT:9998 TS:20.522 SPD:24.900 HDG:-0.700 PX:469.600 PY:-20.000 LAN:2 BRK:0 RX_X:0.000 RX_Y:0.000 RX_Z:0.000
[ZONE-ROUTE] CID:6 zone=1 edge_port=9998
[EDGE-RTT] CID:6 wall=0.9 ms  sim_delay=5.0 ms
>>> [UAV->CLOUD] BLK:7907|TX:7.0.0.10|CID:6|TS:20.522|SPD:24.9|HDG:-0.7|PX:469.6|PY:-20.0...
[ECON-CLAWBACK] CID:3 ACT=WARN prior_payoff=-9.5 extra_penalty=2.8 new_payoff=-12.4
[FORGIVENESS] CID:3 WARN #8 — streak reset, benefits revoked
⚠ [CAR 3] ACT=WARN REP=1.000 RWD=0.000 PNL=2.852 CREDIT=-2
[ECON-CLAWBACK] CID:6 ACT=WARN prior_payoff=-35.107 extra_penalty=4.500 new_payoff=-39.708
[FORGIVENESS] CID:6 WARN #15 — streak reset, benefits revoked
⚠ [CAR 6] ACT=WARN REP=0.657 RWD=0.000 PNL=4.601 CREDIT=-2
[PASSIVE-BEACON] SIMNOW:20.646 CID:7 ZONE:1 RXUAV:1 EDGEPORT:9998 TS:20.632 SPD:24.600 HDG:-1.500 PX:463.200 PY:-30.000 LAN:3 BRK:0 RX_X:0.000 RX_Y:0.000 RX_Z:0.000
[ZONE-ROUTE] CID:7 zone=1 edge_port=9998
[EDGE-RTT] CID:7 wall=1.1 ms  sim_delay=5.0 ms
>>> [UAV->CLOUD] BLK:78c9|TX:7.0.0.11|CID:7|TS:20.632|SPD:24.6|HDG:-1.5|PX:463.2|PY:-30.0...
[ECON-CLAWBACK] CID:7 ACT=WARN prior_payoff=-26.4 extra_penalty=4.0 new_payoff=-30.5
[FORGIVENESS] CID:7 WARN #13 — streak reset, benefits revoked
⚠ [CAR 7] ACT=WARN REP=0.882 RWD=0.000 PNL=4.099 CREDIT=-2
[PASSIVE-BEACON] SIMNOW:20.734 CID:1 ZONE:1 RXUAV:1 EDGEPORT:9998 TS:20.720 SPD:25.100 HDG:1.800 PX:455.000 PY:-20.000 LAN:2 BRK:0 RX_X:0.000 RX_Y:0.000 RX_Z:0.000
[ZONE-ROUTE] CID:1 zone=1 edge_port=9998
[EDGE-RTT] CID:1 wall=1.0 ms  sim_delay=5.0 ms
>>> [UAV->CLOUD] BLK:c70b|TX:7.0.0.5|CID:1|TS:20.720|SPD:25.1|HDG:1.8|PX:455.0|PY:-20.0|L...
[PASSIVE-BEACON] SIMNOW:20.734 CID:0 ZONE:1 RXUAV:1 EDGEPORT:9998 TS:20.720 SPD:25.300 HDG:-0.300 PX:464.600 PY:-10.000 LAN:1 BRK:0 RX_X:0.000 RX_Y:0.000 RX_Z:0.000
[ZONE-ROUTE] CID:0 zone=1 edge_port=9998
[EDGE-RTT] CID:0 wall=2.4 ms  sim_delay=10.0 ms
>>> [UAV->CLOUD] BLK:4c09|TX:7.0.0.4|CID:0|TS:20.720|SPD:25.3|HDG:-0.3|PX:464.6|PY:-10.0|...
[ECON-CLAWBACK] CID:1 ACT=WARN prior_payoff=-44.6 extra_penalty=5.0 new_payoff=-49.7
[FORGIVENESS] CID:1 WARN #17 — streak reset, benefits revoked
⚠ [CAR 1] ACT=WARN REP=0.630 RWD=0.000 PNL=5.102 CREDIT=-2
[ECON-CLAWBACK] CID:0 ACT=WARN prior_payoff=-66.854 extra_penalty=6.000 new_payoff=-72.956
[FORGIVENESS] CID:0 WARN #21 — streak reset, benefits revoked
⚠ [CAR 0] ACT=WARN REP=0.381 RWD=0.000 PNL=6.102 CREDIT=-2
[PASSIVE-BEACON] SIMNOW:20.804 CID:4 ZONE:1 RXUAV:1 EDGEPORT:9998 TS:20.790 SPD:24.900 HDG:-0.300 PX:427.300 PY:-50.000 LAN:5 BRK:0 RX_X:0.000 RX_Y:0.000 RX_Z:0.000
[ZONE-ROUTE] CID:4 zone=1 edge_port=9998
[EDGE-RTT] CID:4 wall=1.2 ms  sim_delay=5.0 ms
>>> [UAV->CLOUD] BLK:091a|TX:7.0.0.8|CID:4|TS:20.790|SPD:24.9|HDG:-0.3|PX:427.3|PY:-50.0|...
[ECON-CLAWBACK] CID:4 ACT=WARN prior_payoff=-2.1 extra_penalty=2.0 new_payoff=-4.2
[FORGIVENESS] CID:4 WARN #5 — streak reset, benefits revoked
⚠ [CAR 4] ACT=WARN REP=0.788 RWD=0.000 PNL=2.101 CREDIT=-2
[PASSIVE-BEACON] SIMNOW:20.884 CID:2 ZONE:1 RXUAV:1 EDGEPORT:9998 TS:20.870 SPD:24.800 HDG:-1.000 PX:449.300 PY:-30.000 LAN:3 BRK:0 RX_X:0.000 RX_Y:0.000 RX_Z:0.000
[ZONE-ROUTE] CID:2 zone=1 edge_port=9998
[EDGE-RTT] CID:2 wall=1.3 ms  sim_delay=5.0 ms
>>> [UAV->CLOUD] BLK:0224|TX:7.0.0.6|CID:2|TS:20.870|SPD:24.8|HDG:-1.0|PX:449.3|PY:-30.0|...
[ECON-CLAWBACK] CID:2 ACT=WARN prior_payoff=-26.5 extra_penalty=4.0 new_payoff=-30.6
[FORGIVENESS] CID:2 WARN #13 — streak reset, benefits revoked
⚠ [CAR 2] ACT=WARN REP=0.866 RWD=0.000 PNL=4.100 CREDIT=-2
[PASSIVE-BEACON] SIMNOW:20.995 CID:9 ZONE:1 RXUAV:1 EDGEPORT:9998 TS:20.982 SPD:24.600 HDG:-0.400 PX:451.500 PY:-50.000 LAN:5 BRK:0 RX_X:0.000 RX_Y:0.000 RX_Z:0.000
[ZONE-ROUTE] CID:9 zone=1 edge_port=9998
[EDGE-RTT] CID:9 wall=1.0 ms  sim_delay=5.0 ms
>>> [UAV->CLOUD] BLK:6d37|TX:7.0.0.13|CID:9|TS:20.982|SPD:24.6|HDG:-0.4|PX:451.5|PY:-50.0...
[PASSIVE-BEACON] SIMNOW:21.006 CID:8 ZONE:1 RXUAV:1 EDGEPORT:9998 TS:20.992 SPD:24.500 HDG:0.400 PX:462.400 PY:-40.000 LAN:4 BRK:0 RX_X:0.000 RX_Y:0.000 RX_Z:0.000
[ZONE-ROUTE] CID:8 zone=1 edge_port=9998
[EDGE-RTT] CID:8 wall=0.9 ms  sim_delay=5.0 ms
>>> [UAV->CLOUD] BLK:f6de|TX:7.0.0.12|CID:8|TS:20.992|SPD:24.5|HDG:0.4|PX:462.4|PY:-40.0|...
[ECON-CLAWBACK] CID:9 ACT=WARN prior_payoff=-2.3 extra_penalty=2.0 new_payoff=-4.4
[FORGIVENESS] CID:9 WARN #5 — streak reset, benefits revoked
⚠ [CAR 9] ACT=WARN REP=0.790 RWD=0.000 PNL=2.100 CREDIT=-2
[ECON-CLAWBACK] CID:8 ACT=WARN prior_payoff=-9.457 extra_penalty=2.750 new_payoff=-12.306
[FORGIVENESS] CID:8 WARN #8 — streak reset, benefits revoked
⚠ [CAR 8] ACT=WARN REP=0.636 RWD=0.000 PNL=2.849 CREDIT=-2
[PASSIVE-BEACON] SIMNOW:21.034 CID:3 ZONE:1 RXUAV:1 EDGEPORT:9998 TS:21.020 SPD:24.600 HDG:0.500 PX:442.600 PY:-40.000 LAN:4 BRK:0 RX_X:0.000 RX_Y:0.000 RX_Z:0.000
[ZONE-ROUTE] CID:3 zone=1 edge_port=9998
[EDGE-RTT] CID:3 wall=1.1 ms  sim_delay=5.0 ms
>>> [UAV->CLOUD] BLK:ae39|TX:7.0.0.7|CID:3|TS:21.020|SPD:24.6|HDG:0.5|PX:442.6|PY:-40.0|L...
[PASSIVE-BEACON] SIMNOW:21.036 CID:6 ZONE:1 RXUAV:1 EDGEPORT:9998 TS:21.022 SPD:25.400 HDG:0.500 PX:482.100 PY:-20.000 LAN:2 BRK:0 RX_X:0.000 RX_Y:0.000 RX_Z:0.000
[ZONE-ROUTE] CID:6 zone=1 edge_port=9998
[EDGE-RTT] CID:6 wall=0.9 ms  sim_delay=5.0 ms
>>> [UAV->CLOUD] BLK:ea40|TX:7.0.0.10|CID:6|TS:21.022|SPD:25.4|HDG:0.5|PX:482.1|PY:-20.0|...
[ECON-CLAWBACK] CID:3 ACT=WARN prior_payoff=-12.4 extra_penalty=3.0 new_payoff=-15.5
[FORGIVENESS] CID:3 WARN #9 — streak reset, benefits revoked
⚠ [CAR 3] ACT=WARN REP=0.606 RWD=0.000 PNL=3.100 CREDIT=-2
[ECON-CLAWBACK] CID:6 ACT=WARN prior_payoff=-39.708 extra_penalty=4.750 new_payoff=-44.561
[FORGIVENESS] CID:6 WARN #16 — streak reset, benefits revoked
⚠ [CAR 6] ACT=WARN REP=0.484 RWD=0.000 PNL=4.853 CREDIT=-2
[PASSIVE-BEACON] SIMNOW:21.146 CID:7 ZONE:1 RXUAV:1 EDGEPORT:9998 TS:21.132 SPD:24.700 HDG:1.700 PX:474.900 PY:-30.000 LAN:3 BRK:1 RX_X:0.000 RX_Y:0.000 RX_Z:0.000
[ZONE-ROUTE] CID:7 zone=1 edge_port=9998
[EDGE-RTT] CID:7 wall=1.1 ms  sim_delay=5.0 ms
>>> [UAV->CLOUD] BLK:55e8|TX:7.0.0.11|CID:7|TS:21.132|SPD:24.7|HDG:1.7|PX:474.9|PY:-30.0|...
[ECON-CLAWBACK] CID:7 ACT=WARN prior_payoff=-30.5 extra_penalty=4.2 new_payoff=-34.9
[FORGIVENESS] CID:7 WARN #14 — streak reset, benefits revoked
⚠ [CAR 7] ACT=WARN REP=0.379 RWD=0.000 PNL=4.350 CREDIT=-2
[PASSIVE-BEACON] SIMNOW:21.234 CID:1 ZONE:1 RXUAV:1 EDGEPORT:9998 TS:21.220 SPD:24.800 HDG:0.500 PX:468.400 PY:-20.000 LAN:2 BRK:1 RX_X:0.000 RX_Y:0.000 RX_Z:0.000
[ZONE-ROUTE] CID:1 zone=1 edge_port=9998
[EDGE-RTT] CID:1 wall=1.0 ms  sim_delay=5.0 ms
>>> [UAV->CLOUD] BLK:8b7a|TX:7.0.0.5|CID:1|TS:21.220|SPD:24.8|HDG:0.5|PX:468.4|PY:-20.0|L...
[PASSIVE-BEACON] SIMNOW:21.234 CID:0 ZONE:1 RXUAV:1 EDGEPORT:9998 TS:21.220 SPD:15.100 HDG:1.500 PX:476.000 PY:-10.000 LAN:1 BRK:0 RX_X:0.000 RX_Y:0.000 RX_Z:0.000
[ZONE-ROUTE] CID:0 zone=1 edge_port=9998
[EDGE-RTT] CID:0 wall=2.7 ms  sim_delay=10.0 ms
>>> [UAV->CLOUD] BLK:2bb5|TX:7.0.0.4|CID:0|TS:21.220|SPD:15.1|HDG:1.5|PX:476.0|PY:-10.0|L...
[ECON-CLAWBACK] CID:1 ACT=WARN prior_payoff=-49.7 extra_penalty=5.2 new_payoff=-55.1
[FORGIVENESS] CID:1 WARN #18 — streak reset, benefits revoked
⚠ [CAR 1] ACT=WARN REP=0.465 RWD=0.000 PNL=5.350 CREDIT=-2
[ECON-GATE] CID:0 probation active - suppressing OK reward 0.988
✓ [CAR 0] ACT=OK REP=0.438 RWD=0.000 PNL=0.000 CREDIT=0
[PASSIVE-BEACON] SIMNOW:21.304 CID:4 ZONE:1 RXUAV:1 EDGEPORT:9998 TS:21.290 SPD:25.400 HDG:-2.000 PX:439.000 PY:-50.000 LAN:5 BRK:1 RX_X:0.000 RX_Y:0.000 RX_Z:0.000
[ZONE-ROUTE] CID:4 zone=1 edge_port=9998
[EDGE-RTT] CID:4 wall=1.1 ms  sim_delay=5.0 ms
>>> [UAV->CLOUD] BLK:79e5|TX:7.0.0.8|CID:4|TS:21.290|SPD:25.4|HDG:-2.0|PX:439.0|PY:-50.0|...
[ECON-CLAWBACK] CID:4 ACT=WARN prior_payoff=-4.2 extra_penalty=2.2 new_payoff=-6.6
[FORGIVENESS] CID:4 WARN #6 — streak reset, benefits revoked
⚠ [CAR 4] ACT=WARN REP=0.737 RWD=0.000 PNL=2.352 CREDIT=-2
[PASSIVE-BEACON] SIMNOW:21.384 CID:2 ZONE:1 RXUAV:1 EDGEPORT:9998 TS:21.370 SPD:24.800 HDG:-0.200 PX:461.100 PY:-30.000 LAN:3 BRK:0 RX_X:0.000 RX_Y:0.000 RX_Z:0.000
[ZONE-ROUTE] CID:2 zone=1 edge_port=9998
[EDGE-RTT] CID:2 wall=1.1 ms  sim_delay=5.0 ms
>>> [UAV->CLOUD] BLK:6506|TX:7.0.0.6|CID:2|TS:21.370|SPD:24.8|HDG:-0.2|PX:461.1|PY:-30.0|...
[ECON-CLAWBACK] CID:2 ACT=WARN prior_payoff=-30.6 extra_penalty=4.2 new_payoff=-35.0
[FORGIVENESS] CID:2 WARN #14 — streak reset, benefits revoked
⚠ [CAR 2] ACT=WARN REP=0.673 RWD=0.000 PNL=4.350 CREDIT=-2
[PASSIVE-BEACON] SIMNOW:21.496 CID:9 ZONE:1 RXUAV:1 EDGEPORT:9998 TS:21.482 SPD:25.100 HDG:0.100 PX:464.700 PY:-50.000 LAN:5 BRK:1 RX_X:0.000 RX_Y:0.000 RX_Z:0.000
[ZONE-ROUTE] CID:9 zone=1 edge_port=9998
[EDGE-RTT] CID:9 wall=1.1 ms  sim_delay=5.0 ms
>>> [UAV->CLOUD] BLK:30e9|TX:7.0.0.13|CID:9|TS:21.482|SPD:25.1|HDG:0.1|PX:464.7|PY:-50.0|...
[PASSIVE-BEACON] SIMNOW:21.506 CID:8 ZONE:1 RXUAV:1 EDGEPORT:9998 TS:21.492 SPD:25.100 HDG:-1.000 PX:474.200 PY:-40.000 LAN:4 BRK:1 RX_X:0.000 RX_Y:0.000 RX_Z:0.000
[ZONE-ROUTE] CID:8 zone=1 edge_port=9998
[EDGE-RTT] CID:8 wall=0.8 ms  sim_delay=5.0 ms
>>> [UAV->CLOUD] BLK:e808|TX:7.0.0.12|CID:8|TS:21.492|SPD:25.1|HDG:-1.0|PX:474.2|PY:-40.0...
[ECON-CLAWBACK] CID:9 ACT=WARN prior_payoff=-4.4 extra_penalty=2.2 new_payoff=-6.7
[FORGIVENESS] CID:9 WARN #6 — streak reset, benefits revoked
⚠ [CAR 9] ACT=WARN REP=0.744 RWD=0.000 PNL=2.352 CREDIT=-2
[ECON-CLAWBACK] CID:8 ACT=WARN prior_payoff=-12.306 extra_penalty=3.000 new_payoff=-15.407
[FORGIVENESS] CID:8 WARN #9 — streak reset, benefits revoked
⚠ [CAR 8] ACT=WARN REP=0.721 RWD=0.000 PNL=3.101 CREDIT=-2
[PASSIVE-BEACON] SIMNOW:21.533 CID:3 ZONE:1 RXUAV:1 EDGEPORT:9998 TS:21.520 SPD:25.500 HDG:1.500 PX:454.800 PY:-40.000 LAN:4 BRK:0 RX_X:0.000 RX_Y:0.000 RX_Z:0.000
[ZONE-ROUTE] CID:3 zone=1 edge_port=9998
[EDGE-RTT] CID:3 wall=1.0 ms  sim_delay=5.0 ms
>>> [UAV->CLOUD] BLK:e797|TX:7.0.0.7|CID:3|TS:21.520|SPD:25.5|HDG:1.5|PX:454.8|PY:-40.0|L...
[PASSIVE-BEACON] SIMNOW:21.536 CID:6 ZONE:1 RXUAV:1 EDGEPORT:9998 TS:21.522 SPD:25.200 HDG:0.400 PX:494.800 PY:-20.000 LAN:2 BRK:0 RX_X:0.000 RX_Y:0.000 RX_Z:0.000
[ZONE-ROUTE] CID:6 zone=1 edge_port=9998
[EDGE-RTT] CID:6 wall=0.9 ms  sim_delay=5.0 ms
>>> [UAV->CLOUD] BLK:43c4|TX:7.0.0.10|CID:6|TS:21.522|SPD:25.2|HDG:0.4|PX:494.8|PY:-20.0|...
[ECON-CLAWBACK] CID:3 ACT=WARN prior_payoff=-15.5 extra_penalty=3.2 new_payoff=-18.8
[FORGIVENESS] CID:3 WARN #10 — streak reset, benefits revoked
⚠ [CAR 3] ACT=WARN REP=0.687 RWD=0.000 PNL=3.353 CREDIT=-2
[ECON-CLAWBACK] CID:6 ACT=WARN prior_payoff=-44.561 extra_penalty=5.000 new_payoff=-49.663
[FORGIVENESS] CID:6 WARN #17 — streak reset, benefits revoked
⚠ [CAR 6] ACT=WARN REP=0.765 RWD=0.000 PNL=5.102 CREDIT=-2
[PASSIVE-BEACON] SIMNOW:21.645 CID:7 ZONE:1 RXUAV:1 EDGEPORT:9998 TS:21.632 SPD:25.500 HDG:-1.100 PX:488.600 PY:-30.000 LAN:3 BRK:0 RX_X:0.000 RX_Y:0.000 RX_Z:0.000
[ZONE-ROUTE] CID:7 zone=1 edge_port=9998
[EDGE-RTT] CID:7 wall=1.2 ms  sim_delay=5.0 ms
>>> [UAV->CLOUD] BLK:139f|TX:7.0.0.11|CID:7|TS:21.632|SPD:25.5|HDG:-1.1|PX:488.6|PY:-30.0...
[ECON-CLAWBACK] CID:7 ACT=WARN prior_payoff=-34.9 extra_penalty=4.5 new_payoff=-39.5
[FORGIVENESS] CID:7 WARN #15 — streak reset, benefits revoked
⚠ [CAR 7] ACT=WARN REP=0.521 RWD=0.000 PNL=4.602 CREDIT=-2
[PASSIVE-BEACON] SIMNOW:21.734 CID:1 ZONE:1 RXUAV:1 EDGEPORT:9998 TS:21.720 SPD:24.900 HDG:0.200 PX:480.400 PY:-20.000 LAN:2 BRK:0 RX_X:0.000 RX_Y:0.000 RX_Z:0.000
[ZONE-ROUTE] CID:1 zone=1 edge_port=9998
[EDGE-RTT] CID:1 wall=1.0 ms  sim_delay=5.0 ms
>>> [UAV->CLOUD] BLK:ad80|TX:7.0.0.5|CID:1|TS:21.720|SPD:24.9|HDG:0.2|PX:480.4|PY:-20.0|L...
[PASSIVE-BEACON] SIMNOW:21.734 CID:0 ZONE:1 RXUAV:1 EDGEPORT:9998 TS:21.720 SPD:14.600 HDG:1.500 PX:484.500 PY:-10.000 LAN:1 BRK:1 RX_X:0.000 RX_Y:0.000 RX_Z:0.000
[ZONE-ROUTE] CID:0 zone=1 edge_port=9998
[EDGE-RTT] CID:0 wall=2.7 ms  sim_delay=10.0 ms
>>> [UAV->CLOUD] BLK:361b|TX:7.0.0.4|CID:0|TS:21.720|SPD:14.6|HDG:1.5|PX:484.5|PY:-10.0|L...
[ECON-CLAWBACK] CID:1 ACT=WARN prior_payoff=-55.1 extra_penalty=5.5 new_payoff=-60.7
[FORGIVENESS] CID:1 WARN #19 — streak reset, benefits revoked
⚠ [CAR 1] ACT=WARN REP=0.618 RWD=0.000 PNL=5.601 CREDIT=-2
[ECON-GATE] CID:0 probation active - suppressing OK reward 1.000
✓ [CAR 0] ACT=OK REP=0.622 RWD=0.000 PNL=0.000 CREDIT=1
[PASSIVE-BEACON] SIMNOW:21.802 CID:4 ZONE:1 RXUAV:1 EDGEPORT:9998 TS:21.790 SPD:25.300 HDG:1.600 PX:451.200 PY:-50.000 LAN:5 BRK:0 RX_X:0.000 RX_Y:0.000 RX_Z:0.000
[ZONE-ROUTE] CID:4 zone=1 edge_port=9998
[EDGE-RTT] CID:4 wall=1.0 ms  sim_delay=5.0 ms
>>> [UAV->CLOUD] BLK:6182|TX:7.0.0.8|CID:4|TS:21.790|SPD:25.3|HDG:1.6|PX:451.2|PY:-50.0|L...
[ECON-CLAWBACK] CID:4 ACT=WARN prior_payoff=-6.6 extra_penalty=2.5 new_payoff=-9.2
[FORGIVENESS] CID:4 WARN #7 — streak reset, benefits revoked
⚠ [CAR 4] ACT=WARN REP=0.474 RWD=0.000 PNL=2.602 CREDIT=-2
[PASSIVE-BEACON] SIMNOW:21.884 CID:2 ZONE:1 RXUAV:1 EDGEPORT:9998 TS:21.870 SPD:25.000 HDG:1.800 PX:474.500 PY:-30.000 LAN:3 BRK:0 RX_X:0.000 RX_Y:0.000 RX_Z:0.000
[ZONE-ROUTE] CID:2 zone=1 edge_port=9998
[EDGE-RTT] CID:2 wall=1.2 ms  sim_delay=5.0 ms
>>> [UAV->CLOUD] BLK:7011|TX:7.0.0.6|CID:2|TS:21.870|SPD:25.0|HDG:1.8|PX:474.5|PY:-30.0|L...
[ECON-CLAWBACK] CID:2 ACT=WARN prior_payoff=-35.0 extra_penalty=4.5 new_payoff=-39.6
[FORGIVENESS] CID:2 WARN #15 — streak reset, benefits revoked
⚠ [CAR 2] ACT=WARN REP=0.710 RWD=0.000 PNL=4.601 CREDIT=-2
[PASSIVE-BEACON] SIMNOW:21.996 CID:9 ZONE:1 RXUAV:1 EDGEPORT:9998 TS:21.982 SPD:24.700 HDG:0.600 PX:477.200 PY:-50.000 LAN:5 BRK:0 RX_X:0.000 RX_Y:0.000 RX_Z:0.000
[ZONE-ROUTE] CID:9 zone=1 edge_port=9998
[EDGE-RTT] CID:9 wall=1.1 ms  sim_delay=5.0 ms
>>> [UAV->CLOUD] BLK:96bd|TX:7.0.0.13|CID:9|TS:21.982|SPD:24.7|HDG:0.6|PX:477.2|PY:-50.0|...
[PASSIVE-BEACON] SIMNOW:22.006 CID:8 ZONE:1 RXUAV:1 EDGEPORT:9998 TS:21.992 SPD:25.400 HDG:1.500 PX:486.700 PY:-40.000 LAN:4 BRK:0 RX_X:0.000 RX_Y:0.000 RX_Z:0.000
[ZONE-ROUTE] CID:8 zone=1 edge_port=9998
[EDGE-RTT] CID:8 wall=0.8 ms  sim_delay=5.0 ms
>>> [UAV->CLOUD] BLK:9dcb|TX:7.0.0.12|CID:8|TS:21.992|SPD:25.4|HDG:1.5|PX:486.7|PY:-40.0|...
[ECON-CLAWBACK] CID:9 ACT=WARN prior_payoff=-6.7 extra_penalty=2.5 new_payoff=-9.3
[FORGIVENESS] CID:9 WARN #7 — streak reset, benefits revoked
⚠ [CAR 9] ACT=WARN REP=0.797 RWD=0.000 PNL=2.600 CREDIT=-2
[ECON-CLAWBACK] CID:8 ACT=WARN prior_payoff=-15.407 extra_penalty=3.250 new_payoff=-18.759
[FORGIVENESS] CID:8 WARN #10 — streak reset, benefits revoked
⚠ [CAR 8] ACT=WARN REP=0.634 RWD=0.000 PNL=3.352 CREDIT=-2
[PASSIVE-BEACON] SIMNOW:22.034 CID:3 ZONE:1 RXUAV:1 EDGEPORT:9998 TS:22.020 SPD:25.100 HDG:-0.300 PX:467.100 PY:-40.000 LAN:4 BRK:1 RX_X:0.000 RX_Y:0.000 RX_Z:0.000
[ZONE-ROUTE] CID:3 zone=1 edge_port=9998
[EDGE-RTT] CID:3 wall=1.1 ms  sim_delay=5.0 ms
>>> [UAV->CLOUD] BLK:8dd8|TX:7.0.0.7|CID:3|TS:22.020|SPD:25.1|HDG:-0.3|PX:467.1|PY:-40.0|...
[PASSIVE-BEACON] SIMNOW:22.036 CID:6 ZONE:1 RXUAV:1 EDGEPORT:9998 TS:22.022 SPD:24.700 HDG:-0.900 PX:507.700 PY:-20.000 LAN:2 BRK:0 RX_X:0.000 RX_Y:0.000 RX_Z:0.000
[ZONE-ROUTE] CID:6 zone=1 edge_port=9998
[EDGE-RTT] CID:6 wall=0.8 ms  sim_delay=5.0 ms
>>> [UAV->CLOUD] BLK:1486|TX:7.0.0.10|CID:6|TS:22.022|SPD:24.7|HDG:-0.9|PX:507.7|PY:-20.0...
[ECON-CLAWBACK] CID:3 ACT=WARN prior_payoff=-18.8 extra_penalty=3.5 new_payoff=-22.4
[FORGIVENESS] CID:3 WARN #11 — streak reset, benefits revoked
⚠ [CAR 3] ACT=WARN REP=0.876 RWD=0.000 PNL=3.602 CREDIT=-2
[ECON-CLAWBACK] CID:6 ACT=WARN prior_payoff=-49.663 extra_penalty=5.250 new_payoff=-55.013
[FORGIVENESS] CID:6 WARN #18 — streak reset, benefits revoked
⚠ [CAR 6] ACT=WARN REP=0.652 RWD=0.000 PNL=5.350 CREDIT=-2
[PASSIVE-BEACON] SIMNOW:22.146 CID:7 ZONE:1 RXUAV:1 EDGEPORT:9998 TS:22.132 SPD:24.800 HDG:-0.400 PX:500.000 PY:-30.000 LAN:3 BRK:0 RX_X:0.000 RX_Y:0.000 RX_Z:0.000
[ZONE-ROUTE] CID:7 zone=1 edge_port=9998
[EDGE-RTT] CID:7 wall=1.1 ms  sim_delay=5.0 ms
>>> [UAV->CLOUD] BLK:ee9d|TX:7.0.0.11|CID:7|TS:22.132|SPD:24.8|HDG:-0.4|PX:500.0|PY:-30.0...
[ECON-CLAWBACK] CID:7 ACT=WARN prior_payoff=-39.5 extra_penalty=4.8 new_payoff=-44.3
[FORGIVENESS] CID:7 WARN #16 — streak reset, benefits revoked
⚠ [CAR 7] ACT=WARN REP=0.666 RWD=0.000 PNL=4.850 CREDIT=-2
[PASSIVE-BEACON] SIMNOW:22.234 CID:1 ZONE:1 RXUAV:1 EDGEPORT:9998 TS:22.220 SPD:25.500 HDG:-0.800 PX:492.500 PY:-20.000 LAN:2 BRK:1 RX_X:0.000 RX_Y:0.000 RX_Z:0.000
[ZONE-ROUTE] CID:1 zone=1 edge_port=9998
[EDGE-RTT] CID:1 wall=1.2 ms  sim_delay=5.0 ms
>>> [UAV->CLOUD] BLK:3af7|TX:7.0.0.5|CID:1|TS:22.220|SPD:25.5|HDG:-0.8|PX:492.5|PY:-20.0|...
[PASSIVE-BEACON] SIMNOW:22.234 CID:0 ZONE:1 RXUAV:1 EDGEPORT:9998 TS:22.220 SPD:14.900 HDG:0.900 PX:491.500 PY:-10.000 LAN:1 BRK:1 RX_X:0.000 RX_Y:0.000 RX_Z:0.000
[ZONE-ROUTE] CID:0 zone=1 edge_port=9998
[EDGE-RTT] CID:0 wall=2.4 ms  sim_delay=10.0 ms
>>> [UAV->CLOUD] BLK:c8ab|TX:7.0.0.4|CID:0|TS:22.220|SPD:14.9|HDG:0.9|PX:491.5|PY:-10.0|L...
[ECON-CLAWBACK] CID:1 ACT=WARN prior_payoff=-60.7 extra_penalty=5.8 new_payoff=-66.5
[FORGIVENESS] CID:1 WARN #20 — streak reset, benefits revoked
⚠ [CAR 1] ACT=WARN REP=0.365 RWD=0.000 PNL=5.852 CREDIT=-2
[ECON-GATE] CID:0 probation active - suppressing OK reward 1.000
✓ [CAR 0] ACT=OK REP=0.669 RWD=0.000 PNL=0.000 CREDIT=2
[PASSIVE-BEACON] SIMNOW:22.304 CID:4 ZONE:1 RXUAV:1 EDGEPORT:9998 TS:22.290 SPD:25.300 HDG:1.700 PX:464.300 PY:-50.000 LAN:5 BRK:0 RX_X:0.000 RX_Y:0.000 RX_Z:0.000
[ZONE-ROUTE] CID:4 zone=1 edge_port=9998
[EDGE-RTT] CID:4 wall=1.1 ms  sim_delay=5.0 ms
>>> [UAV->CLOUD] BLK:44c6|TX:7.0.0.8|CID:4|TS:22.290|SPD:25.3|HDG:1.7|PX:464.3|PY:-50.0|L...
[ECON-CLAWBACK] CID:4 ACT=WARN prior_payoff=-9.2 extra_penalty=2.8 new_payoff=-12.0
[FORGIVENESS] CID:4 WARN #8 — streak reset, benefits revoked
⚠ [CAR 4] ACT=WARN REP=0.708 RWD=0.000 PNL=2.852 CREDIT=-2
[PASSIVE-BEACON] SIMNOW:22.384 CID:2 ZONE:1 RXUAV:1 EDGEPORT:9998 TS:22.370 SPD:24.600 HDG:0.200 PX:485.900 PY:-30.000 LAN:3 BRK:0 RX_X:0.000 RX_Y:0.000 RX_Z:0.000
[ZONE-ROUTE] CID:2 zone=1 edge_port=9998
[EDGE-RTT] CID:2 wall=1.0 ms  sim_delay=5.0 ms
>>> [UAV->CLOUD] BLK:138f|TX:7.0.0.6|CID:2|TS:22.370|SPD:24.6|HDG:0.2|PX:485.9|PY:-30.0|L...
[ECON-CLAWBACK] CID:2 ACT=WARN prior_payoff=-39.6 extra_penalty=4.8 new_payoff=-44.4
[FORGIVENESS] CID:2 WARN #16 — streak reset, benefits revoked
⚠ [CAR 2] ACT=WARN REP=0.556 RWD=0.000 PNL=4.849 CREDIT=-2
[PASSIVE-BEACON] SIMNOW:22.496 CID:9 ZONE:1 RXUAV:1 EDGEPORT:9998 TS:22.482 SPD:24.900 HDG:0.400 PX:488.700 PY:-50.000 LAN:5 BRK:0 RX_X:0.000 RX_Y:0.000 RX_Z:0.000
[ZONE-ROUTE] CID:9 zone=1 edge_port=9998
[EDGE-RTT] CID:9 wall=1.4 ms  sim_delay=5.0 ms
>>> [UAV->CLOUD] BLK:100f|TX:7.0.0.13|CID:9|TS:22.482|SPD:24.9|HDG:0.4|PX:488.7|PY:-50.0|...
[PASSIVE-BEACON] SIMNOW:22.506 CID:8 ZONE:1 RXUAV:1 EDGEPORT:9998 TS:22.492 SPD:25.000 HDG:0.700 PX:499.300 PY:-40.000 LAN:4 BRK:0 RX_X:0.000 RX_Y:0.000 RX_Z:0.000
[ZONE-ROUTE] CID:8 zone=1 edge_port=9998
[EDGE-RTT] CID:8 wall=0.9 ms  sim_delay=5.0 ms
>>> [UAV->CLOUD] BLK:b29f|TX:7.0.0.12|CID:8|TS:22.492|SPD:25.0|HDG:0.7|PX:499.3|PY:-40.0|...
[ECON-CLAWBACK] CID:9 ACT=WARN prior_payoff=-9.3 extra_penalty=2.8 new_payoff=-12.2
[FORGIVENESS] CID:9 WARN #8 — streak reset, benefits revoked
⚠ [CAR 9] ACT=WARN REP=0.679 RWD=0.000 PNL=2.855 CREDIT=-2
[ECON-CLAWBACK] CID:8 ACT=WARN prior_payoff=-18.759 extra_penalty=3.500 new_payoff=-22.360
[FORGIVENESS] CID:8 WARN #11 — streak reset, benefits revoked
⚠ [CAR 8] ACT=WARN REP=0.815 RWD=0.000 PNL=3.601 CREDIT=-2
[PASSIVE-BEACON] SIMNOW:22.534 CID:3 ZONE:1 RXUAV:1 EDGEPORT:9998 TS:22.520 SPD:24.700 HDG:-0.800 PX:479.900 PY:-40.000 LAN:4 BRK:0 RX_X:0.000 RX_Y:0.000 RX_Z:0.000
[ZONE-ROUTE] CID:3 zone=1 edge_port=9998
[EDGE-RTT] CID:3 wall=1.1 ms  sim_delay=5.0 ms
>>> [UAV->CLOUD] BLK:3e63|TX:7.0.0.7|CID:3|TS:22.520|SPD:24.7|HDG:-0.8|PX:479.9|PY:-40.0|...
[PASSIVE-BEACON] SIMNOW:22.536 CID:6 ZONE:1 RXUAV:1 EDGEPORT:9998 TS:22.522 SPD:25.300 HDG:1.800 PX:520.400 PY:-20.000 LAN:2 BRK:0 RX_X:0.000 RX_Y:0.000 RX_Z:0.000
[ZONE-ROUTE] CID:6 zone=1 edge_port=9998
[EDGE-RTT] CID:6 wall=0.9 ms  sim_delay=5.0 ms
>>> [UAV->CLOUD] BLK:f2fa|TX:7.0.0.10|CID:6|TS:22.522|SPD:25.3|HDG:1.8|PX:520.4|PY:-20.0|...
[ECON-CLAWBACK] CID:3 ACT=WARN prior_payoff=-22.4 extra_penalty=3.8 new_payoff=-26.3
[FORGIVENESS] CID:3 WARN #12 — streak reset, benefits revoked
⚠ [CAR 3] ACT=WARN REP=0.470 RWD=0.000 PNL=3.850 CREDIT=-2
[ECON-CLAWBACK] CID:6 ACT=WARN prior_payoff=-55.013 extra_penalty=5.500 new_payoff=-60.615
[FORGIVENESS] CID:6 WARN #19 — streak reset, benefits revoked
⚠ [CAR 6] ACT=WARN REP=0.464 RWD=0.000 PNL=5.602 CREDIT=-2
[PASSIVE-BEACON] SIMNOW:22.646 CID:7 ZONE:1 RXUAV:1 EDGEPORT:9998 TS:22.632 SPD:24.900 HDG:-1.700 PX:513.000 PY:-30.000 LAN:3 BRK:0 RX_X:0.000 RX_Y:0.000 RX_Z:0.000
[ZONE-ROUTE] CID:7 zone=1 edge_port=9998
[EDGE-RTT] CID:7 wall=1.1 ms  sim_delay=5.0 ms
>>> [UAV->CLOUD] BLK:3362|TX:7.0.0.11|CID:7|TS:22.632|SPD:24.9|HDG:-1.7|PX:513.0|PY:-30.0...
[ECON-CLAWBACK] CID:7 ACT=WARN prior_payoff=-44.3 extra_penalty=5.0 new_payoff=-49.4
[FORGIVENESS] CID:7 WARN #17 — streak reset, benefits revoked
⚠ [CAR 7] ACT=WARN REP=0.593 RWD=0.000 PNL=5.101 CREDIT=-2
[PASSIVE-BEACON] SIMNOW:22.734 CID:1 ZONE:1 RXUAV:1 EDGEPORT:9998 TS:22.720 SPD:25.000 HDG:1.700 PX:505.000 PY:-20.000 LAN:2 BRK:0 RX_X:0.000 RX_Y:0.000 RX_Z:0.000
[ZONE-ROUTE] CID:1 zone=1 edge_port=9998
[EDGE-RTT] CID:1 wall=1.0 ms  sim_delay=5.0 ms
>>> [UAV->CLOUD] BLK:3bf0|TX:7.0.0.5|CID:1|TS:22.720|SPD:25.0|HDG:1.7|PX:505.0|PY:-20.0|L...
[PASSIVE-BEACON] SIMNOW:22.734 CID:0 ZONE:1 RXUAV:1 EDGEPORT:9998 TS:22.720 SPD:14.900 HDG:-0.300 PX:498.800 PY:-10.000 LAN:1 BRK:0 RX_X:0.000 RX_Y:0.000 RX_Z:0.000
[ZONE-ROUTE] CID:0 zone=1 edge_port=9998
[EDGE-RTT] CID:0 wall=2.9 ms  sim_delay=10.0 ms
>>> [UAV->CLOUD] BLK:dc8d|TX:7.0.0.4|CID:0|TS:22.720|SPD:14.9|HDG:-0.3|PX:498.8|PY:-10.0|...
[ECON-CLAWBACK] CID:1 ACT=WARN prior_payoff=-66.5 extra_penalty=6.0 new_payoff=-72.6
[FORGIVENESS] CID:1 WARN #21 — streak reset, benefits revoked
⚠ [CAR 1] ACT=WARN REP=0.356 RWD=0.000 PNL=6.101 CREDIT=-2
[ECON-GATE] CID:0 probation active - suppressing OK reward 1.000
✓ [CAR 0] ACT=OK REP=0.352 RWD=0.000 PNL=0.000 CREDIT=3
[PASSIVE-BEACON] SIMNOW:22.804 CID:4 ZONE:1 RXUAV:1 EDGEPORT:9998 TS:22.790 SPD:25.100 HDG:0.100 PX:477.700 PY:-50.000 LAN:5 BRK:0 RX_X:0.000 RX_Y:0.000 RX_Z:0.000
[ZONE-ROUTE] CID:4 zone=1 edge_port=9998
[EDGE-RTT] CID:4 wall=1.1 ms  sim_delay=5.0 ms
>>> [UAV->CLOUD] BLK:3eaa|TX:7.0.0.8|CID:4|TS:22.790|SPD:25.1|HDG:0.1|PX:477.7|PY:-50.0|L...
[ECON-CLAWBACK] CID:4 ACT=WARN prior_payoff=-12.0 extra_penalty=3.0 new_payoff=-15.1
[FORGIVENESS] CID:4 WARN #9 — streak reset, benefits revoked
⚠ [CAR 4] ACT=WARN REP=0.455 RWD=0.000 PNL=3.102 CREDIT=-2
[PASSIVE-BEACON] SIMNOW:22.884 CID:2 ZONE:1 RXUAV:1 EDGEPORT:9998 TS:22.870 SPD:25.300 HDG:0.400 PX:498.400 PY:-30.000 LAN:3 BRK:1 RX_X:0.000 RX_Y:0.000 RX_Z:0.000
[ZONE-ROUTE] CID:2 zone=1 edge_port=9998
[EDGE-RTT] CID:2 wall=1.1 ms  sim_delay=5.0 ms
>>> [UAV->CLOUD] BLK:fb2e|TX:7.0.0.6|CID:2|TS:22.870|SPD:25.3|HDG:0.4|PX:498.4|PY:-30.0|L...
[ECON-CLAWBACK] CID:2 ACT=WARN prior_payoff=-44.4 extra_penalty=5.0 new_payoff=-49.5
[FORGIVENESS] CID:2 WARN #17 — streak reset, benefits revoked
⚠ [CAR 2] ACT=WARN REP=0.852 RWD=0.000 PNL=5.102 CREDIT=-2
[PASSIVE-BEACON] SIMNOW:22.996 CID:9 ZONE:1 RXUAV:1 EDGEPORT:9998 TS:22.982 SPD:24.800 HDG:0.500 PX:501.300 PY:-50.000 LAN:5 BRK:0 RX_X:0.000 RX_Y:0.000 RX_Z:0.000
[ZONE-ROUTE] CID:9 zone=1 edge_port=9998
[EDGE-RTT] CID:9 wall=1.2 ms  sim_delay=5.0 ms
>>> [UAV->CLOUD] BLK:107a|TX:7.0.0.13|CID:9|TS:22.982|SPD:24.8|HDG:0.5|PX:501.3|PY:-50.0|...
[PASSIVE-BEACON] SIMNOW:23.006 CID:8 ZONE:1 RXUAV:1 EDGEPORT:9998 TS:22.992 SPD:24.700 HDG:-0.400 PX:512.200 PY:-40.000 LAN:4 BRK:0 RX_X:0.000 RX_Y:0.000 RX_Z:0.000
[ZONE-ROUTE] CID:8 zone=1 edge_port=9998
[EDGE-RTT] CID:8 wall=1.0 ms  sim_delay=5.0 ms
>>> [UAV->CLOUD] BLK:e817|TX:7.0.0.12|CID:8|TS:22.992|SPD:24.7|HDG:-0.4|PX:512.2|PY:-40.0...
[ECON-CLAWBACK] CID:9 ACT=WARN prior_payoff=-12.2 extra_penalty=3.0 new_payoff=-15.3
[FORGIVENESS] CID:9 WARN #9 — streak reset, benefits revoked
⚠ [CAR 9] ACT=WARN REP=0.729 RWD=0.000 PNL=3.104 CREDIT=-2
[ECON-CLAWBACK] CID:8 ACT=WARN prior_payoff=-22.360 extra_penalty=3.750 new_payoff=-26.210
[FORGIVENESS] CID:8 WARN #12 — streak reset, benefits revoked
⚠ [CAR 8] ACT=WARN REP=0.880 RWD=0.000 PNL=3.850 CREDIT=-2
[PASSIVE-BEACON] SIMNOW:23.034 CID:6 ZONE:1 RXUAV:1 EDGEPORT:9998 TS:23.022 SPD:24.600 HDG:1.900 PX:532.400 PY:-20.000 LAN:2 BRK:0 RX_X:0.000 RX_Y:0.000 RX_Z:0.000
[ZONE-ROUTE] CID:6 zone=1 edge_port=9998
[EDGE-RTT] CID:6 wall=1.1 ms  sim_delay=5.0 ms
>>> [UAV->CLOUD] BLK:ea99|TX:7.0.0.10|CID:6|TS:23.022|SPD:24.6|HDG:1.9|PX:532.4|PY:-20.0|...
[PASSIVE-BEACON] SIMNOW:23.034 CID:3 ZONE:1 RXUAV:1 EDGEPORT:9998 TS:23.020 SPD:24.700 HDG:0.900 PX:492.700 PY:-40.000 LAN:4 BRK:0 RX_X:0.000 RX_Y:0.000 RX_Z:0.000
[ZONE-ROUTE] CID:3 zone=1 edge_port=9998
[EDGE-RTT] CID:3 wall=1.6 ms  sim_delay=5.0 ms
>>> [UAV->CLOUD] BLK:7b24|TX:7.0.0.7|CID:3|TS:23.020|SPD:24.7|HDG:0.9|PX:492.7|PY:-40.0|L...
[ECON-CLAWBACK] CID:3 ACT=WARN prior_payoff=-26.3 extra_penalty=4.0 new_payoff=-30.4
[FORGIVENESS] CID:3 WARN #13 — streak reset, benefits revoked
⚠ [CAR 3] ACT=WARN REP=0.550 RWD=0.000 PNL=4.100 CREDIT=-2
[ECON-CLAWBACK] CID:6 ACT=WARN prior_payoff=-60.615 extra_penalty=5.750 new_payoff=-66.465
[FORGIVENESS] CID:6 WARN #20 — streak reset, benefits revoked
⚠ [CAR 6] ACT=WARN REP=0.611 RWD=0.000 PNL=5.850 CREDIT=-2
[PASSIVE-BEACON] SIMNOW:23.146 CID:7 ZONE:1 RXUAV:1 EDGEPORT:9998 TS:23.132 SPD:24.800 HDG:-1.700 PX:525.400 PY:-30.000 LAN:3 BRK:0 RX_X:0.000 RX_Y:0.000 RX_Z:0.000
[ZONE-ROUTE] CID:7 zone=1 edge_port=9998
[EDGE-RTT] CID:7 wall=1.2 ms  sim_delay=5.0 ms
>>> [UAV->CLOUD] BLK:e5db|TX:7.0.0.11|CID:7|TS:23.132|SPD:24.8|HDG:-1.7|PX:525.4|PY:-30.0...
[ECON-CLAWBACK] CID:7 ACT=WARN prior_payoff=-49.4 extra_penalty=5.2 new_payoff=-54.8
[FORGIVENESS] CID:7 WARN #18 — streak reset, benefits revoked
⚠ [CAR 7] ACT=WARN REP=0.488 RWD=0.000 PNL=5.350 CREDIT=-2
[PASSIVE-BEACON] SIMNOW:23.234 CID:1 ZONE:1 RXUAV:1 EDGEPORT:9998 TS:23.220 SPD:15.100 HDG:-1.600 PX:517.200 PY:-20.000 LAN:2 BRK:0 RX_X:0.000 RX_Y:0.000 RX_Z:0.000
[ZONE-ROUTE] CID:1 zone=1 edge_port=9998
[EDGE-RTT] CID:1 wall=5.8 ms  sim_delay=5.0 ms
>>> [UAV->CLOUD] BLK:5475|TX:7.0.0.5|CID:1|TS:23.220|SPD:15.1|HDG:-1.6|PX:517.2|PY:-20.0|...
[PASSIVE-BEACON] SIMNOW:23.234 CID:0 ZONE:1 RXUAV:1 EDGEPORT:9998 TS:23.220 SPD:14.900 HDG:-0.700 PX:506.500 PY:-10.000 LAN:1 BRK:1 RX_X:0.000 RX_Y:0.000 RX_Z:0.000
[ZONE-ROUTE] CID:0 zone=1 edge_port=9998
[EDGE-RTT] CID:0 wall=2.7 ms  sim_delay=10.0 ms
>>> [UAV->CLOUD] BLK:c81d|TX:7.0.0.4|CID:0|TS:23.220|SPD:14.9|HDG:-0.7|PX:506.5|PY:-10.0|...
[ECON-GATE] CID:0 probation active - suppressing OK reward 1.0
✓ [CAR 0] ACT=OK REP=0.430 RWD=0.000 PNL=0.000 CREDIT=4
[ECON-GATE] CID:1 probation active - suppressing OK reward 0.989
✓ [CAR 1] ACT=OK REP=0.540 RWD=0.000 PNL=0.000 CREDIT=0
[PASSIVE-BEACON] SIMNOW:23.303 CID:4 ZONE:1 RXUAV:1 EDGEPORT:9998 TS:23.290 SPD:24.600 HDG:1.500 PX:489.000 PY:-50.000 LAN:5 BRK:1 RX_X:0.000 RX_Y:0.000 RX_Z:0.000
[ZONE-ROUTE] CID:4 zone=1 edge_port=9998
[EDGE-RTT] CID:4 wall=1.1 ms  sim_delay=5.0 ms
>>> [UAV->CLOUD] BLK:61ec|TX:7.0.0.8|CID:4|TS:23.290|SPD:24.6|HDG:1.5|PX:489.0|PY:-50.0|L...
[ECON-CLAWBACK] CID:4 ACT=WARN prior_payoff=-15.1 extra_penalty=3.2 new_payoff=-18.5
[FORGIVENESS] CID:4 WARN #10 — streak reset, benefits revoked
⚠ [CAR 4] ACT=WARN REP=0.511 RWD=0.000 PNL=3.350 CREDIT=-2
[PASSIVE-BEACON] SIMNOW:23.384 CID:2 ZONE:1 RXUAV:1 EDGEPORT:9998 TS:23.370 SPD:24.500 HDG:1.000 PX:511.900 PY:-30.000 LAN:3 BRK:0 RX_X:0.000 RX_Y:0.000 RX_Z:0.000
[ZONE-ROUTE] CID:2 zone=1 edge_port=9998
[EDGE-RTT] CID:2 wall=1.3 ms  sim_delay=5.0 ms
>>> [UAV->CLOUD] BLK:d7e8|TX:7.0.0.6|CID:2|TS:23.370|SPD:24.5|HDG:1.0|PX:511.9|PY:-30.0|L...
[ECON-CLAWBACK] CID:2 ACT=WARN prior_payoff=-49.5 extra_penalty=5.2 new_payoff=-54.9
[FORGIVENESS] CID:2 WARN #18 — streak reset, benefits revoked
⚠ [CAR 2] ACT=WARN REP=0.530 RWD=0.000 PNL=5.349 CREDIT=-2
[PASSIVE-BEACON] SIMNOW:23.496 CID:9 ZONE:1 RXUAV:1 EDGEPORT:9998 TS:23.482 SPD:25.500 HDG:1.600 PX:514.500 PY:-50.000 LAN:5 BRK:0 RX_X:0.000 RX_Y:0.000 RX_Z:0.000
[ZONE-ROUTE] CID:9 zone=1 edge_port=9998
[EDGE-RTT] CID:9 wall=1.2 ms  sim_delay=5.0 ms
>>> [UAV->CLOUD] BLK:af38|TX:7.0.0.13|CID:9|TS:23.482|SPD:25.5|HDG:1.6|PX:514.5|PY:-50.0|...
[PASSIVE-BEACON] SIMNOW:23.504 CID:8 ZONE:1 RXUAV:1 EDGEPORT:9998 TS:23.492 SPD:24.600 HDG:-0.200 PX:524.400 PY:-40.000 LAN:4 BRK:0 RX_X:0.000 RX_Y:0.000 RX_Z:0.000
[ZONE-ROUTE] CID:8 zone=1 edge_port=9998
[EDGE-RTT] CID:8 wall=1.1 ms  sim_delay=5.0 ms
>>> [UAV->CLOUD] BLK:2c07|TX:7.0.0.12|CID:8|TS:23.492|SPD:24.6|HDG:-0.2|PX:524.4|PY:-40.0...
[ECON-CLAWBACK] CID:9 ACT=WARN prior_payoff=-15.3 extra_penalty=3.2 new_payoff=-18.6
[FORGIVENESS] CID:9 WARN #10 — streak reset, benefits revoked
⚠ [CAR 9] ACT=WARN REP=0.833 RWD=0.000 PNL=3.352 CREDIT=-2
[ECON-CLAWBACK] CID:8 ACT=WARN prior_payoff=-26.210 extra_penalty=4.000 new_payoff=-30.310
[FORGIVENESS] CID:8 WARN #13 — streak reset, benefits revoked
⚠ [CAR 8] ACT=WARN REP=0.911 RWD=0.000 PNL=4.100 CREDIT=-2
[PASSIVE-BEACON] SIMNOW:23.534 CID:3 ZONE:1 RXUAV:1 EDGEPORT:9998 TS:23.520 SPD:24.700 HDG:-0.400 PX:504.600 PY:-40.000 LAN:4 BRK:0 RX_X:0.000 RX_Y:0.000 RX_Z:0.000
[ZONE-ROUTE] CID:3 zone=1 edge_port=9998
[EDGE-RTT] CID:3 wall=1.2 ms  sim_delay=5.0 ms
>>> [UAV->CLOUD] BLK:401c|TX:7.0.0.7|CID:3|TS:23.520|SPD:24.7|HDG:-0.4|PX:504.6|PY:-40.0|...
[PASSIVE-BEACON] SIMNOW:23.536 CID:6 ZONE:1 RXUAV:1 EDGEPORT:9998 TS:23.522 SPD:15.200 HDG:-1.100 PX:541.100 PY:-20.000 LAN:2 BRK:0 RX_X:0.000 RX_Y:0.000 RX_Z:0.000
[ZONE-ROUTE] CID:6 zone=1 edge_port=9998
[EDGE-RTT] CID:6 wall=0.9 ms  sim_delay=5.0 ms
>>> [UAV->CLOUD] BLK:a910|TX:7.0.0.10|CID:6|TS:23.522|SPD:15.2|HDG:-1.1|PX:541.1|PY:-20.0...
[ECON-CLAWBACK] CID:3 ACT=WARN prior_payoff=-30.4 extra_penalty=4.2 new_payoff=-34.7
[FORGIVENESS] CID:3 WARN #14 — streak reset, benefits revoked
⚠ [CAR 3] ACT=WARN REP=0.666 RWD=0.000 PNL=4.350 CREDIT=-2
[ECON-GATE] CID:6 probation active - suppressing OK reward 0.989
✓ [CAR 6] ACT=OK REP=0.608 RWD=0.000 PNL=0.000 CREDIT=0
[PASSIVE-BEACON] SIMNOW:23.646 CID:7 ZONE:1 RXUAV:1 EDGEPORT:9998 TS:23.632 SPD:24.600 HDG:-1.200 PX:537.300 PY:-30.000 LAN:3 BRK:0 RX_X:0.000 RX_Y:0.000 RX_Z:0.000
[ZONE-ROUTE] CID:7 zone=1 edge_port=9998
[EDGE-RTT] CID:7 wall=1.3 ms  sim_delay=5.0 ms
>>> [UAV->CLOUD] BLK:4be2|TX:7.0.0.11|CID:7|TS:23.632|SPD:24.6|HDG:-1.2|PX:537.3|PY:-30.0...
[ECON-CLAWBACK] CID:7 ACT=WARN prior_payoff=-54.8 extra_penalty=5.5 new_payoff=-60.4
[FORGIVENESS] CID:7 WARN #19 — streak reset, benefits revoked
⚠ [CAR 7] ACT=WARN REP=0.794 RWD=0.000 PNL=5.600 CREDIT=-2
[PASSIVE-BEACON] SIMNOW:23.734 CID:1 ZONE:1 RXUAV:1 EDGEPORT:9998 TS:23.720 SPD:15.400 HDG:-1.600 PX:524.100 PY:-20.000 LAN:2 BRK:0 RX_X:0.000 RX_Y:0.000 RX_Z:0.000
[ZONE-ROUTE] CID:1 zone=1 edge_port=9998
[EDGE-RTT] CID:1 wall=0.9 ms  sim_delay=5.0 ms
>>> [UAV->CLOUD] BLK:c2df|TX:7.0.0.5|CID:1|TS:23.720|SPD:15.4|HDG:-1.6|PX:524.1|PY:-20.0|...
[PASSIVE-BEACON] SIMNOW:23.734 CID:0 ZONE:1 RXUAV:1 EDGEPORT:9998 TS:23.720 SPD:14.600 HDG:-1.000 PX:514.900 PY:-10.000 LAN:1 BRK:0 RX_X:0.000 RX_Y:0.000 RX_Z:0.000
[ZONE-ROUTE] CID:0 zone=1 edge_port=9998
[EDGE-RTT] CID:0 wall=2.9 ms  sim_delay=10.0 ms
>>> [UAV->CLOUD] BLK:736b|TX:7.0.0.4|CID:0|TS:23.720|SPD:14.6|HDG:-1.0|PX:514.9|PY:-10.0|...
[ECON-GATE] CID:1 probation active - suppressing OK reward 1.0
✓ [CAR 1] ACT=OK REP=0.318 RWD=0.000 PNL=0.000 CREDIT=1
[ECON-GATE] CID:0 probation active - suppressing OK reward 1.000
✓ [CAR 0] ACT=OK REP=0.355 RWD=0.000 PNL=0.000 CREDIT=5
[PASSIVE-BEACON] SIMNOW:23.804 CID:4 ZONE:1 RXUAV:1 EDGEPORT:9998 TS:23.790 SPD:25.000 HDG:-0.200 PX:501.400 PY:-50.000 LAN:5 BRK:0 RX_X:0.000 RX_Y:0.000 RX_Z:0.000
[ZONE-ROUTE] CID:4 zone=1 edge_port=9998
[EDGE-RTT] CID:4 wall=1.2 ms  sim_delay=5.0 ms
>>> [UAV->CLOUD] BLK:ab9d|TX:7.0.0.8|CID:4|TS:23.790|SPD:25.0|HDG:-0.2|PX:501.4|PY:-50.0|...
[ECON-CLAWBACK] CID:4 ACT=WARN prior_payoff=-18.5 extra_penalty=3.5 new_payoff=-22.1
[FORGIVENESS] CID:4 WARN #11 — streak reset, benefits revoked
⚠ [CAR 4] ACT=WARN REP=0.538 RWD=0.000 PNL=3.602 CREDIT=-2
[PASSIVE-BEACON] SIMNOW:23.884 CID:2 ZONE:1 RXUAV:1 EDGEPORT:9998 TS:23.870 SPD:25.300 HDG:1.800 PX:523.600 PY:-30.000 LAN:3 BRK:0 RX_X:0.000 RX_Y:0.000 RX_Z:0.000
[ZONE-ROUTE] CID:2 zone=1 edge_port=9998
[EDGE-RTT] CID:2 wall=1.4 ms  sim_delay=5.0 ms
>>> [UAV->CLOUD] BLK:fd31|TX:7.0.0.6|CID:2|TS:23.870|SPD:25.3|HDG:1.8|PX:523.6|PY:-30.0|L...
[ECON-CLAWBACK] CID:2 ACT=WARN prior_payoff=-54.9 extra_penalty=5.5 new_payoff=-60.5
[FORGIVENESS] CID:2 WARN #19 — streak reset, benefits revoked
⚠ [CAR 2] ACT=WARN REP=0.625 RWD=0.000 PNL=5.602 CREDIT=-2
[PASSIVE-BEACON] SIMNOW:23.996 CID:9 ZONE:1 RXUAV:1 EDGEPORT:9998 TS:23.982 SPD:25.300 HDG:-0.800 PX:526.100 PY:-50.000 LAN:5 BRK:0 RX_X:0.000 RX_Y:0.000 RX_Z:0.000
[ZONE-ROUTE] CID:9 zone=1 edge_port=9998
[EDGE-RTT] CID:9 wall=1.1 ms  sim_delay=5.0 ms
>>> [UAV->CLOUD] BLK:2d18|TX:7.0.0.13|CID:9|TS:23.982|SPD:25.3|HDG:-0.8|PX:526.1|PY:-50.0...
[PASSIVE-BEACON] SIMNOW:24.006 CID:8 ZONE:1 RXUAV:1 EDGEPORT:9998 TS:23.992 SPD:25.300 HDG:0.200 PX:536.500 PY:-40.000 LAN:4 BRK:0 RX_X:0.000 RX_Y:0.000 RX_Z:0.000
[ZONE-ROUTE] CID:8 zone=1 edge_port=9998
[EDGE-RTT] CID:8 wall=0.9 ms  sim_delay=5.0 ms
>>> [UAV->CLOUD] BLK:fbf2|TX:7.0.0.12|CID:8|TS:23.992|SPD:25.3|HDG:0.2|PX:536.5|PY:-40.0|...
[ECON-CLAWBACK] CID:9 ACT=WARN prior_payoff=-18.6 extra_penalty=3.5 new_payoff=-22.2
[FORGIVENESS] CID:9 WARN #11 — streak reset, benefits revoked
⚠ [CAR 9] ACT=WARN REP=0.503 RWD=0.000 PNL=3.602 CREDIT=-2
[ECON-CLAWBACK] CID:8 ACT=WARN prior_payoff=-30.310 extra_penalty=4.250 new_payoff=-34.662
[FORGIVENESS] CID:8 WARN #14 — streak reset, benefits revoked
⚠ [CAR 8] ACT=WARN REP=0.512 RWD=0.000 PNL=4.352 CREDIT=-2
[PASSIVE-BEACON] SIMNOW:24.034 CID:3 ZONE:1 RXUAV:1 EDGEPORT:9998 TS:24.020 SPD:25.300 HDG:-1.400 PX:517.100 PY:-40.000 LAN:4 BRK:0 RX_X:0.000 RX_Y:0.000 RX_Z:0.000
[ZONE-ROUTE] CID:3 zone=1 edge_port=9998
[EDGE-RTT] CID:3 wall=1.0 ms  sim_delay=5.0 ms
>>> [UAV->CLOUD] BLK:c092|TX:7.0.0.7|CID:3|TS:24.020|SPD:25.3|HDG:-1.4|PX:517.1|PY:-40.0|...
[PASSIVE-BEACON] SIMNOW:24.036 CID:6 ZONE:1 RXUAV:1 EDGEPORT:9998 TS:24.022 SPD:14.600 HDG:1.900 PX:548.300 PY:-20.000 LAN:2 BRK:0 RX_X:0.000 RX_Y:0.000 RX_Z:0.000
[ZONE-ROUTE] CID:6 zone=1 edge_port=9998
[EDGE-RTT] CID:6 wall=0.9 ms  sim_delay=5.0 ms
>>> [UAV->CLOUD] BLK:968d|TX:7.0.0.10|CID:6|TS:24.022|SPD:14.6|HDG:1.9|PX:548.3|PY:-20.0|...
[ECON-CLAWBACK] CID:3 ACT=WARN prior_payoff=-34.7 extra_penalty=4.5 new_payoff=-39.3
[FORGIVENESS] CID:3 WARN #15 — streak reset, benefits revoked
⚠ [CAR 3] ACT=WARN REP=0.665 RWD=0.000 PNL=4.602 CREDIT=-2
[ECON-GATE] CID:6 probation active - suppressing OK reward 1.000
✓ [CAR 6] ACT=OK REP=0.698 RWD=0.000 PNL=0.000 CREDIT=1
[PASSIVE-BEACON] SIMNOW:24.146 CID:7 ZONE:1 RXUAV:1 EDGEPORT:9998 TS:24.132 SPD:25.100 HDG:2.000 PX:550.800 PY:-30.000 LAN:3 BRK:0 RX_X:0.000 RX_Y:0.000 RX_Z:0.000
[ZONE-ROUTE] CID:7 zone=1 edge_port=9998
[EDGE-RTT] CID:7 wall=1.1 ms  sim_delay=5.0 ms
>>> [UAV->CLOUD] BLK:1c0b|TX:7.0.0.11|CID:7|TS:24.132|SPD:25.1|HDG:2.0|PX:550.8|PY:-30.0|...
[ECON-CLAWBACK] CID:7 ACT=WARN prior_payoff=-60.4 extra_penalty=5.8 new_payoff=-66.2
[FORGIVENESS] CID:7 WARN #20 — streak reset, benefits revoked
⚠ [CAR 7] ACT=WARN REP=0.616 RWD=0.000 PNL=5.852 CREDIT=-2
[PASSIVE-BEACON] SIMNOW:24.234 CID:1 ZONE:1 RXUAV:1 EDGEPORT:9998 TS:24.220 SPD:14.900 HDG:-0.900 PX:532.000 PY:-20.000 LAN:2 BRK:0 RX_X:0.000 RX_Y:0.000 RX_Z:0.000
[ZONE-ROUTE] CID:1 zone=1 edge_port=9998
[EDGE-RTT] CID:1 wall=1.1 ms  sim_delay=5.0 ms
>>> [UAV->CLOUD] BLK:c5d7|TX:7.0.0.5|CID:1|TS:24.220|SPD:14.9|HDG:-0.9|PX:532.0|PY:-20.0|...
[PASSIVE-BEACON] SIMNOW:24.234 CID:0 ZONE:1 RXUAV:1 EDGEPORT:9998 TS:24.220 SPD:14.800 HDG:1.900 PX:522.100 PY:-10.000 LAN:1 BRK:0 RX_X:0.000 RX_Y:0.000 RX_Z:0.000
[ZONE-ROUTE] CID:0 zone=1 edge_port=9998
[EDGE-RTT] CID:0 wall=2.4 ms  sim_delay=10.0 ms
>>> [UAV->CLOUD] BLK:c0ee|TX:7.0.0.4|CID:0|TS:24.220|SPD:14.8|HDG:1.9|PX:522.1|PY:-10.0|L...
[ECON-GATE] CID:1 probation active - suppressing OK reward 1.0
✓ [CAR 1] ACT=OK REP=0.498 RWD=0.000 PNL=0.000 CREDIT=2
[ECON-GATE] CID:0 probation active - suppressing OK reward 1.000
✓ [CAR 0] ACT=OK REP=0.589 RWD=0.000 PNL=0.000 CREDIT=6
[PASSIVE-BEACON] SIMNOW:24.304 CID:4 ZONE:1 RXUAV:1 EDGEPORT:9998 TS:24.290 SPD:24.700 HDG:0.500 PX:515.100 PY:-50.000 LAN:5 BRK:0 RX_X:0.000 RX_Y:0.000 RX_Z:0.000
[ZONE-ROUTE] CID:4 zone=1 edge_port=9998
[EDGE-RTT] CID:4 wall=1.0 ms  sim_delay=5.0 ms
>>> [UAV->CLOUD] BLK:dae6|TX:7.0.0.8|CID:4|TS:24.290|SPD:24.7|HDG:0.5|PX:515.1|PY:-50.0|L...
[ECON-CLAWBACK] CID:4 ACT=WARN prior_payoff=-22.1 extra_penalty=3.8 new_payoff=-25.9
[FORGIVENESS] CID:4 WARN #12 — streak reset, benefits revoked
⚠ [CAR 4] ACT=WARN REP=0.425 RWD=0.000 PNL=3.850 CREDIT=-2
[PASSIVE-BEACON] SIMNOW:24.384 CID:2 ZONE:1 RXUAV:1 EDGEPORT:9998 TS:24.370 SPD:24.500 HDG:-1.700 PX:535.900 PY:-30.000 LAN:3 BRK:0 RX_X:0.000 RX_Y:0.000 RX_Z:0.000
[ZONE-ROUTE] CID:2 zone=1 edge_port=9998
[EDGE-RTT] CID:2 wall=1.1 ms  sim_delay=5.0 ms
>>> [UAV->CLOUD] BLK:38a6|TX:7.0.0.6|CID:2|TS:24.370|SPD:24.5|HDG:-1.7|PX:535.9|PY:-30.0|...
[ECON-CLAWBACK] CID:2 ACT=WARN prior_payoff=-60.5 extra_penalty=5.8 new_payoff=-66.3
[FORGIVENESS] CID:2 WARN #20 — streak reset, benefits revoked
⚠ [CAR 2] ACT=WARN REP=0.448 RWD=0.000 PNL=5.849 CREDIT=-2
[PASSIVE-BEACON] SIMNOW:24.496 CID:9 ZONE:1 RXUAV:1 EDGEPORT:9998 TS:24.482 SPD:24.500 HDG:0.900 PX:539.700 PY:-50.000 LAN:5 BRK:0 RX_X:0.000 RX_Y:0.000 RX_Z:0.000
[ZONE-ROUTE] CID:9 zone=1 edge_port=9998
[EDGE-RTT] CID:9 wall=0.9 ms  sim_delay=5.0 ms
>>> [UAV->CLOUD] BLK:0f17|TX:7.0.0.13|CID:9|TS:24.482|SPD:24.5|HDG:0.9|PX:539.7|PY:-50.0|...
[PASSIVE-BEACON] SIMNOW:24.506 CID:8 ZONE:1 RXUAV:1 EDGEPORT:9998 TS:24.492 SPD:25.200 HDG:1.600 PX:550.000 PY:-40.000 LAN:4 BRK:0 RX_X:0.000 RX_Y:0.000 RX_Z:0.000
[ZONE-ROUTE] CID:8 zone=1 edge_port=9998
[EDGE-RTT] CID:8 wall=1.2 ms  sim_delay=5.0 ms
>>> [UAV->CLOUD] BLK:6120|TX:7.0.0.12|CID:8|TS:24.492|SPD:25.2|HDG:1.6|PX:550.0|PY:-40.0|...
[ECON-CLAWBACK] CID:9 ACT=WARN prior_payoff=-22.2 extra_penalty=3.8 new_payoff=-26.1
[FORGIVENESS] CID:9 WARN #12 — streak reset, benefits revoked
⚠ [CAR 9] ACT=WARN REP=0.882 RWD=0.000 PNL=3.850 CREDIT=-2
[ECON-CLAWBACK] CID:8 ACT=WARN prior_payoff=-34.662 extra_penalty=4.500 new_payoff=-39.264
[FORGIVENESS] CID:8 WARN #15 — streak reset, benefits revoked
⚠ [CAR 8] ACT=WARN REP=0.700 RWD=0.000 PNL=4.602 CREDIT=-2
[PASSIVE-BEACON] SIMNOW:24.534 CID:3 ZONE:1 RXUAV:1 EDGEPORT:9998 TS:24.520 SPD:25.400 HDG:0.700 PX:530.100 PY:-40.000 LAN:4 BRK:0 RX_X:0.000 RX_Y:0.000 RX_Z:0.000
[ZONE-ROUTE] CID:3 zone=1 edge_port=9998
[EDGE-RTT] CID:3 wall=1.1 ms  sim_delay=5.0 ms
>>> [UAV->CLOUD] BLK:064d|TX:7.0.0.7|CID:3|TS:24.520|SPD:25.4|HDG:0.7|PX:530.1|PY:-40.0|L...
[PASSIVE-BEACON] SIMNOW:24.535 CID:6 ZONE:1 RXUAV:1 EDGEPORT:9998 TS:24.522 SPD:14.800 HDG:0.400 PX:556.500 PY:-20.000 LAN:2 BRK:0 RX_X:0.000 RX_Y:0.000 RX_Z:0.000
[ZONE-ROUTE] CID:6 zone=1 edge_port=9998
[EDGE-RTT] CID:6 wall=1.9 ms  sim_delay=5.0 ms
>>> [UAV->CLOUD] BLK:b8ff|TX:7.0.0.10|CID:6|TS:24.522|SPD:14.8|HDG:0.4|PX:556.5|PY:-20.0|...
[ECON-CLAWBACK] CID:3 ACT=WARN prior_payoff=-39.3 extra_penalty=4.8 new_payoff=-44.2
[FORGIVENESS] CID:3 WARN #16 — streak reset, benefits revoked
⚠ [CAR 3] ACT=WARN REP=0.395 RWD=0.000 PNL=4.852 CREDIT=-2
[ECON-GATE] CID:6 probation active - suppressing OK reward 1.000
✓ [CAR 6] ACT=OK REP=0.306 RWD=0.000 PNL=0.000 CREDIT=2
[PASSIVE-BEACON] SIMNOW:24.646 CID:7 ZONE:1 RXUAV:1 EDGEPORT:9998 TS:24.632 SPD:24.900 HDG:0.600 PX:563.300 PY:-30.000 LAN:3 BRK:0 RX_X:0.000 RX_Y:0.000 RX_Z:0.000
[ZONE-ROUTE] CID:7 zone=1 edge_port=9998
[EDGE-RTT] CID:7 wall=1.3 ms  sim_delay=5.0 ms
>>> [UAV->CLOUD] BLK:93c0|TX:7.0.0.11|CID:7|TS:24.632|SPD:24.9|HDG:0.6|PX:563.3|PY:-30.0|...
[ECON-CLAWBACK] CID:7 ACT=WARN prior_payoff=-66.2 extra_penalty=6.0 new_payoff=-72.3
[FORGIVENESS] CID:7 WARN #21 — streak reset, benefits revoked
⚠ [CAR 7] ACT=WARN REP=0.677 RWD=0.000 PNL=6.101 CREDIT=-2
[PASSIVE-BEACON] SIMNOW:24.734 CID:1 ZONE:1 RXUAV:1 EDGEPORT:9998 TS:24.720 SPD:14.800 HDG:1.400 PX:539.300 PY:-20.000 LAN:2 BRK:1 RX_X:0.000 RX_Y:0.000 RX_Z:0.000
[ZONE-ROUTE] CID:1 zone=1 edge_port=9998
[EDGE-RTT] CID:1 wall=1.1 ms  sim_delay=5.0 ms
>>> [UAV->CLOUD] BLK:dbf2|TX:7.0.0.5|CID:1|TS:24.720|SPD:14.8|HDG:1.4|PX:539.3|PY:-20.0|L...
[PASSIVE-BEACON] SIMNOW:24.734 CID:0 ZONE:1 RXUAV:1 EDGEPORT:9998 TS:24.720 SPD:14.900 HDG:1.400 PX:529.700 PY:-10.000 LAN:1 BRK:0 RX_X:0.000 RX_Y:0.000 RX_Z:0.000
[ZONE-ROUTE] CID:0 zone=1 edge_port=9998
[EDGE-RTT] CID:0 wall=2.6 ms  sim_delay=10.0 ms
>>> [UAV->CLOUD] BLK:de43|TX:7.0.0.4|CID:0|TS:24.720|SPD:14.9|HDG:1.4|PX:529.7|PY:-10.0|L...
[ECON-GATE] CID:1 probation active - suppressing OK reward 1.0
✓ [CAR 1] ACT=OK REP=0.454 RWD=0.000 PNL=0.000 CREDIT=3
[ECON-GATE] CID:0 probation active - suppressing OK reward 1.000
✓ [CAR 0] ACT=OK REP=0.774 RWD=0.000 PNL=0.000 CREDIT=7
[PASSIVE-BEACON] SIMNOW:24.803 CID:4 ZONE:1 RXUAV:1 EDGEPORT:9998 TS:24.790 SPD:24.800 HDG:1.900 PX:527.000 PY:-50.000 LAN:5 BRK:0 RX_X:0.000 RX_Y:0.000 RX_Z:0.000
[ZONE-ROUTE] CID:4 zone=1 edge_port=9998
[EDGE-RTT] CID:4 wall=1.2 ms  sim_delay=5.0 ms
>>> [UAV->CLOUD] BLK:9a3e|TX:7.0.0.8|CID:4|TS:24.790|SPD:24.8|HDG:1.9|PX:527.0|PY:-50.0|L...
[ECON-CLAWBACK] CID:4 ACT=WARN prior_payoff=-25.9 extra_penalty=4.0 new_payoff=-30.0
[FORGIVENESS] CID:4 WARN #13 — streak reset, benefits revoked
⚠ [CAR 4] ACT=WARN REP=0.593 RWD=0.000 PNL=4.101 CREDIT=-2
[PASSIVE-BEACON] SIMNOW:24.884 CID:2 ZONE:1 RXUAV:1 EDGEPORT:9998 TS:24.870 SPD:25.100 HDG:-1.800 PX:549.000 PY:-30.000 LAN:3 BRK:0 RX_X:0.000 RX_Y:0.000 RX_Z:0.000
[ZONE-ROUTE] CID:2 zone=1 edge_port=9998
[EDGE-RTT] CID:2 wall=0.9 ms  sim_delay=5.0 ms
>>> [UAV->CLOUD] BLK:e2ff|TX:7.0.0.6|CID:2|TS:24.870|SPD:25.1|HDG:-1.8|PX:549.0|PY:-30.0|...
[ECON-CLAWBACK] CID:2 ACT=WARN prior_payoff=-66.3 extra_penalty=6.0 new_payoff=-72.4
[FORGIVENESS] CID:2 WARN #21 — streak reset, benefits revoked
⚠ [CAR 2] ACT=WARN REP=0.473 RWD=0.000 PNL=6.102 CREDIT=-2
[ATTACK-EMIT] CID:8 activeWindow=YES falsified=YES simT=24.992 realPX=562.000 fakePX=562.000 realSPD=25.000 fakeSPD=20.000 realTS=24.992 fakeTS=24.992 lane=4
[PASSIVE-BEACON] SIMNOW:24.996 CID:9 ZONE:1 RXUAV:1 EDGEPORT:9998 TS:24.982 SPD:24.900 HDG:-0.300 PX:552.500 PY:-50.000 LAN:5 BRK:0 RX_X:0.000 RX_Y:0.000 RX_Z:0.000
[ZONE-ROUTE] CID:9 zone=1 edge_port=9998
[EDGE-RTT] CID:9 wall=0.9 ms  sim_delay=5.0 ms
>>> [UAV->CLOUD] BLK:b4b2|TX:7.0.0.13|CID:9|TS:24.982|SPD:24.9|HDG:-0.3|PX:552.5|PY:-50.0...
[LATE-ATTACK] CID:1 POSITION-FLIP at t=25.0s posX=543.4m distToExit=356.6m (threshold=360.0m)
[LATE-ATTACK] CID:3 POSITION-FLIP at t=25.0s posX=542.2m distToExit=357.8m (threshold=360.0m)
[PASSIVE-BEACON] SIMNOW:25.005 CID:8 ZONE:1 RXUAV:1 EDGEPORT:9998 TS:24.992 SPD:20.000 HDG:0.000 PX:562.000 PY:-40.000 LAN:4 BRK:0 RX_X:0.000 RX_Y:0.000 RX_Z:0.000
[ZONE-ROUTE] CID:8 zone=1 edge_port=9998
[EDGE-RTT] CID:8 wall=0.8 ms  sim_delay=5.0 ms
>>> [UAV->CLOUD] BLK:8174|TX:7.0.0.12|CID:8|TS:24.992|SPD:20.0|HDG:0.0|PX:562.0|PY:-40.0|...
[ECON-CLAWBACK] CID:9 ACT=WARN prior_payoff=-26.1 extra_penalty=4.0 new_payoff=-30.2
[FORGIVENESS] CID:9 WARN #13 — streak reset, benefits revoked
⚠ [CAR 9] ACT=WARN REP=0.482 RWD=0.000 PNL=4.101 CREDIT=-2
[ECON-GATE] CID:8 probation active - suppressing OK reward 0.985
✓ [CAR 8] ACT=OK REP=0.589 RWD=0.000 PNL=0.000 CREDIT=0
[PASSIVE-BEACON] SIMNOW:25.034 CID:3 ZONE:1 RXUAV:1 EDGEPORT:9998 TS:25.020 SPD:25.100 HDG:0.900 PX:543.100 PY:-40.000 LAN:4 BRK:0 RX_X:0.000 RX_Y:0.000 RX_Z:0.000
[ZONE-ROUTE] CID:3 zone=1 edge_port=9998
[EDGE-RTT] CID:3 wall=1.0 ms  sim_delay=5.0 ms
>>> [UAV->CLOUD] BLK:2ab3|TX:7.0.0.7|CID:3|TS:25.020|SPD:25.1|HDG:0.9|PX:543.1|PY:-40.0|L...
[PASSIVE-BEACON] SIMNOW:25.036 CID:6 ZONE:1 RXUAV:1 EDGEPORT:9998 TS:25.022 SPD:15.200 HDG:-0.600 PX:563.900 PY:-20.000 LAN:2 BRK:0 RX_X:0.000 RX_Y:0.000 RX_Z:0.000
[ZONE-ROUTE] CID:6 zone=1 edge_port=9998
[EDGE-RTT] CID:6 wall=0.4 ms  sim_delay=5.0 ms
>>> [UAV->CLOUD] BLK:a719|TX:7.0.0.10|CID:6|TS:25.022|SPD:15.2|HDG:-0.6|PX:563.9|PY:-20.0...
[ECON-CLAWBACK] CID:3 ACT=WARN prior_payoff=-44.2 extra_penalty=5.0 new_payoff=-49.3
[FORGIVENESS] CID:3 WARN #17 — streak reset, benefits revoked
⚠ [CAR 3] ACT=WARN REP=0.406 RWD=0.000 PNL=5.102 CREDIT=-2
[ECON-GATE] CID:6 probation active - suppressing OK reward 1.000
✓ [CAR 6] ACT=OK REP=0.433 RWD=0.000 PNL=0.000 CREDIT=3
[PASSIVE-BEACON] SIMNOW:25.146 CID:7 ZONE:1 RXUAV:1 EDGEPORT:9998 TS:25.132 SPD:15.100 HDG:-0.700 PX:576.000 PY:-30.000 LAN:3 BRK:0 RX_X:0.000 RX_Y:0.000 RX_Z:0.000
[ZONE-ROUTE] CID:7 zone=1 edge_port=9998
[EDGE-RTT] CID:7 wall=0.9 ms  sim_delay=5.0 ms
>>> [UAV->CLOUD] BLK:05ca|TX:7.0.0.11|CID:7|TS:25.132|SPD:15.1|HDG:-0.7|PX:576.0|PY:-30.0...
[ECON-GATE] CID:7 probation active - suppressing OK reward 1.0
✓ [CAR 7] ACT=OK REP=0.317 RWD=0.000 PNL=0.000 CREDIT=0
[PASSIVE-BEACON] SIMNOW:25.234 CID:1 ZONE:1 RXUAV:1 EDGEPORT:9998 TS:25.220 SPD:15.400 HDG:1.100 PX:545.900 PY:-20.000 LAN:2 BRK:1 RX_X:0.000 RX_Y:0.000 RX_Z:0.000
[ZONE-ROUTE] CID:1 zone=1 edge_port=9998
[EDGE-RTT] CID:1 wall=0.9 ms  sim_delay=5.0 ms
>>> [UAV->CLOUD] BLK:0618|TX:7.0.0.5|CID:1|TS:25.220|SPD:15.4|HDG:1.1|PX:545.9|PY:-20.0|L...
[PASSIVE-BEACON] SIMNOW:25.234 CID:0 ZONE:1 RXUAV:1 EDGEPORT:9998 TS:25.220 SPD:14.600 HDG:0.300 PX:536.300 PY:-10.000 LAN:1 BRK:0 RX_X:0.000 RX_Y:0.000 RX_Z:0.000
[ZONE-ROUTE] CID:0 zone=1 edge_port=9998
[EDGE-RTT] CID:0 wall=2.7 ms  sim_delay=10.0 ms
>>> [UAV->CLOUD] BLK:e66d|TX:7.0.0.4|CID:0|TS:25.220|SPD:14.6|HDG:0.3|PX:536.3|PY:-10.0|L...
[ECON-GATE] CID:1 probation active - suppressing OK reward 1.0
✓ [CAR 1] ACT=OK REP=0.518 RWD=0.000 PNL=0.000 CREDIT=4
[ECON-GATE] CID:0 probation active - suppressing OK reward 1.000
✓ [CAR 0] ACT=OK REP=0.594 RWD=0.000 PNL=0.000 CREDIT=8
[PASSIVE-BEACON] SIMNOW:25.304 CID:4 ZONE:1 RXUAV:1 EDGEPORT:9998 TS:25.290 SPD:25.400 HDG:0.300 PX:539.600 PY:-50.000 LAN:5 BRK:0 RX_X:0.000 RX_Y:0.000 RX_Z:0.000
[ZONE-ROUTE] CID:4 zone=1 edge_port=9998
[EDGE-RTT] CID:4 wall=1.0 ms  sim_delay=5.0 ms
>>> [UAV->CLOUD] BLK:a602|TX:7.0.0.8|CID:4|TS:25.290|SPD:25.4|HDG:0.3|PX:539.6|PY:-50.0|L...
[ECON-CLAWBACK] CID:4 ACT=WARN prior_payoff=-30.0 extra_penalty=4.2 new_payoff=-34.4
[FORGIVENESS] CID:4 WARN #14 — streak reset, benefits revoked
⚠ [CAR 4] ACT=WARN REP=0.545 RWD=0.000 PNL=4.352 CREDIT=-2
[PASSIVE-BEACON] SIMNOW:25.384 CID:2 ZONE:1 RXUAV:1 EDGEPORT:9998 TS:25.370 SPD:14.600 HDG:-0.400 PX:558.900 PY:-30.000 LAN:3 BRK:0 RX_X:0.000 RX_Y:0.000 RX_Z:0.000
[ZONE-ROUTE] CID:2 zone=1 edge_port=9998
[EDGE-RTT] CID:2 wall=0.6 ms  sim_delay=5.0 ms
>>> [UAV->CLOUD] BLK:3568|TX:7.0.0.6|CID:2|TS:25.370|SPD:14.6|HDG:-0.4|PX:558.9|PY:-30.0|...
[ECON-GATE] CID:2 probation active - suppressing OK reward 1.0
✓ [CAR 2] ACT=OK REP=0.292 RWD=0.000 PNL=0.000 CREDIT=0
[ATTACK-EMIT] CID:9 activeWindow=YES falsified=YES simT=25.482 realPX=564.250 fakePX=564.250 realSPD=25.000 fakeSPD=20.000 realTS=25.482 fakeTS=25.482 lane=5
[ATTACK-EMIT] CID:8 activeWindow=YES falsified=YES simT=25.492 realPX=574.500 fakePX=574.500 realSPD=25.000 fakeSPD=20.000 realTS=25.492 fakeTS=25.492 lane=4
[PASSIVE-BEACON] SIMNOW:25.496 CID:9 ZONE:1 RXUAV:1 EDGEPORT:9998 TS:25.482 SPD:20.000 HDG:0.000 PX:564.300 PY:-50.000 LAN:5 BRK:1 RX_X:0.000 RX_Y:0.000 RX_Z:0.000
[ZONE-ROUTE] CID:9 zone=1 edge_port=9998
[EDGE-RTT] CID:9 wall=0.8 ms  sim_delay=5.0 ms
>>> [UAV->CLOUD] BLK:6147|TX:7.0.0.13|CID:9|TS:25.482|SPD:20.0|HDG:0.0|PX:564.3|PY:-50.0|...
[PASSIVE-BEACON] SIMNOW:25.506 CID:8 ZONE:1 RXUAV:1 EDGEPORT:9998 TS:25.492 SPD:20.000 HDG:0.000 PX:574.500 PY:-40.000 LAN:4 BRK:0 RX_X:0.000 RX_Y:0.000 RX_Z:0.000
[ZONE-ROUTE] CID:8 zone=1 edge_port=9998
[EDGE-RTT] CID:8 wall=0.7 ms  sim_delay=5.0 ms
>>> [UAV->CLOUD] BLK:9147|TX:7.0.0.12|CID:8|TS:25.492|SPD:20.0|HDG:0.0|PX:574.5|PY:-40.0|...
[ECON-GATE] CID:9 probation active - suppressing OK reward 1.0
✓ [CAR 9] ACT=OK REP=1.000 RWD=0.000 PNL=0.000 CREDIT=0
[ECON-GATE] CID:8 probation active - suppressing OK reward 0.994
✓ [CAR 8] ACT=OK REP=0.615 RWD=0.000 PNL=0.000 CREDIT=1
[PASSIVE-BEACON] SIMNOW:25.534 CID:3 ZONE:1 RXUAV:1 EDGEPORT:9998 TS:25.520 SPD:24.600 HDG:0.600 PX:555.100 PY:-40.000 LAN:4 BRK:0 RX_X:0.000 RX_Y:0.000 RX_Z:0.000
[ZONE-ROUTE] CID:3 zone=1 edge_port=9998
[EDGE-RTT] CID:3 wall=1.0 ms  sim_delay=5.0 ms
>>> [UAV->CLOUD] BLK:e459|TX:7.0.0.7|CID:3|TS:25.520|SPD:24.6|HDG:0.6|PX:555.1|PY:-40.0|L...
[PASSIVE-BEACON] SIMNOW:25.536 CID:6 ZONE:1 RXUAV:1 EDGEPORT:9998 TS:25.522 SPD:15.400 HDG:-1.000 PX:571.000 PY:-20.000 LAN:2 BRK:0 RX_X:0.000 RX_Y:0.000 RX_Z:0.000
[ZONE-ROUTE] CID:6 zone=1 edge_port=9998
[EDGE-RTT] CID:6 wall=0.9 ms  sim_delay=5.0 ms
>>> [UAV->CLOUD] BLK:dbf0|TX:7.0.0.10|CID:6|TS:25.522|SPD:15.4|HDG:-1.0|PX:571.0|PY:-20.0...
[ECON-CLAWBACK] CID:3 ACT=WARN prior_payoff=-49.3 extra_penalty=5.2 new_payoff=-54.6
[FORGIVENESS] CID:3 WARN #18 — streak reset, benefits revoked
⚠ [CAR 3] ACT=WARN REP=0.732 RWD=0.000 PNL=5.350 CREDIT=-2
[ECON-GATE] CID:6 probation active - suppressing OK reward 1.000
✓ [CAR 6] ACT=OK REP=0.246 RWD=0.000 PNL=0.000 CREDIT=4
[PASSIVE-BEACON] SIMNOW:25.646 CID:7 ZONE:1 RXUAV:1 EDGEPORT:9998 TS:25.632 SPD:14.800 HDG:-0.500 PX:583.200 PY:-30.000 LAN:3 BRK:0 RX_X:0.000 RX_Y:0.000 RX_Z:0.000
[ZONE-ROUTE] CID:7 zone=1 edge_port=9998
[EDGE-RTT] CID:7 wall=0.8 ms  sim_delay=5.0 ms
>>> [UAV->CLOUD] BLK:4e63|TX:7.0.0.11|CID:7|TS:25.632|SPD:14.8|HDG:-0.5|PX:583.2|PY:-30.0...
[ECON-GATE] CID:7 probation active - suppressing OK reward 1.0
✓ [CAR 7] ACT=OK REP=0.579 RWD=0.000 PNL=0.000 CREDIT=1
[ATTACK-EMIT] CID:5 activeWindow=YES falsified=YES simT=25.732 realPX=564.380 fakePX=564.380 realSPD=15.000 fakeSPD=20.000 realTS=25.732 fakeTS=25.732 lane=1
[PASSIVE-BEACON] SIMNOW:25.734 CID:1 ZONE:1 RXUAV:1 EDGEPORT:9998 TS:25.720 SPD:14.500 HDG:0.100 PX:553.700 PY:-20.000 LAN:2 BRK:0 RX_X:0.000 RX_Y:0.000 RX_Z:0.000
[ZONE-ROUTE] CID:1 zone=1 edge_port=9998
[EDGE-RTT] CID:1 wall=0.9 ms  sim_delay=5.0 ms
>>> [UAV->CLOUD] BLK:5b71|TX:7.0.0.5|CID:1|TS:25.720|SPD:14.5|HDG:0.1|PX:553.7|PY:-20.0|L...
[PASSIVE-BEACON] SIMNOW:25.734 CID:0 ZONE:1 RXUAV:1 EDGEPORT:9998 TS:25.720 SPD:15.200 HDG:-1.600 PX:544.800 PY:-10.000 LAN:1 BRK:0 RX_X:0.000 RX_Y:0.000 RX_Z:0.000
[ZONE-ROUTE] CID:0 zone=1 edge_port=9998
[EDGE-RTT] CID:0 wall=1.9 ms  sim_delay=10.0 ms
>>> [UAV->CLOUD] BLK:7e75|TX:7.0.0.4|CID:0|TS:25.720|SPD:15.2|HDG:-1.6|PX:544.8|PY:-10.0|...
[ECON-GATE] CID:0 probation active - suppressing OK reward 1.0
✓ [CAR 0] ACT=OK REP=0.169 RWD=0.000 PNL=0.000 CREDIT=9
[ECON-GATE] CID:1 probation active - suppressing OK reward 1.000
✓ [CAR 1] ACT=OK REP=0.425 RWD=0.000 PNL=0.000 CREDIT=5
[PASSIVE-BEACON] SIMNOW:25.804 CID:4 ZONE:1 RXUAV:1 EDGEPORT:9998 TS:25.790 SPD:25.300 HDG:-0.800 PX:552.300 PY:-50.000 LAN:5 BRK:0 RX_X:0.000 RX_Y:0.000 RX_Z:0.000
[ZONE-ROUTE] CID:4 zone=1 edge_port=9998
[EDGE-RTT] CID:4 wall=1.1 ms  sim_delay=5.0 ms
>>> [UAV->CLOUD] BLK:d885|TX:7.0.0.8|CID:4|TS:25.790|SPD:25.3|HDG:-0.8|PX:552.3|PY:-50.0|...
[ECON-CLAWBACK] CID:4 ACT=WARN prior_payoff=-34.4 extra_penalty=4.5 new_payoff=-39.0
[FORGIVENESS] CID:4 WARN #15 — streak reset, benefits revoked
⚠ [CAR 4] ACT=WARN REP=0.622 RWD=0.000 PNL=4.602 CREDIT=-2
[ATTACK-EMIT] CID:2 activeWindow=YES falsified=YES simT=25.870 realPX=566.450 fakePX=566.450 realSPD=15.000 fakeSPD=20.000 realTS=25.870 fakeTS=25.870 lane=3
[PASSIVE-BEACON] SIMNOW:25.884 CID:2 ZONE:1 RXUAV:1 EDGEPORT:9998 TS:25.870 SPD:20.000 HDG:0.000 PX:566.500 PY:-30.000 LAN:3 BRK:1 RX_X:0.000 RX_Y:0.000 RX_Z:0.000
[ZONE-ROUTE] CID:2 zone=1 edge_port=9998
[EDGE-RTT] CID:2 wall=1.1 ms  sim_delay=5.0 ms
>>> [UAV->CLOUD] BLK:9c1c|TX:7.0.0.6|CID:2|TS:25.870|SPD:20.0|HDG:0.0|PX:566.5|PY:-30.0|L...
[ECON-GATE] CID:2 probation active - suppressing OK reward 1.0
✓ [CAR 2] ACT=OK REP=0.473 RWD=0.000 PNL=0.000 CREDIT=1
[ATTACK-EMIT] CID:9 activeWindow=YES falsified=YES simT=25.982 realPX=576.750 fakePX=576.750 realSPD=25.000 fakeSPD=20.000 realTS=25.982 fakeTS=25.982 lane=5
[ATTACK-EMIT] CID:8 activeWindow=YES falsified=YES simT=25.992 realPX=587.000 fakePX=561.976 realSPD=25.000 fakeSPD=20.000 realTS=25.992 fakeTS=25.492 lane=4
[PASSIVE-BEACON] SIMNOW:25.996 CID:9 ZONE:1 RXUAV:1 EDGEPORT:9998 TS:25.982 SPD:20.000 HDG:0.000 PX:576.800 PY:-50.000 LAN:5 BRK:0 RX_X:0.000 RX_Y:0.000 RX_Z:0.000
[ZONE-ROUTE] CID:9 zone=1 edge_port=9998
[EDGE-RTT] CID:9 wall=0.9 ms  sim_delay=5.0 ms
>>> [UAV->CLOUD] BLK:9666|TX:7.0.0.13|CID:9|TS:25.982|SPD:20.0|HDG:0.0|PX:576.8|PY:-50.0|...
[PASSIVE-BEACON] SIMNOW:26.006 CID:8 ZONE:1 RXUAV:1 EDGEPORT:9998 TS:25.492 SPD:20.000 HDG:0.000 PX:562.000 PY:-40.000 LAN:4 BRK:0 RX_X:0.000 RX_Y:0.000 RX_Z:0.000
[ZONE-ROUTE] CID:8 zone=1 edge_port=9998
[EDGE-RTT] CID:8 wall=0.9 ms  sim_delay=5.0 ms
[NASH-GATE] CID:8 p=0.3 p*=0.3 EDGE=BAN nashConfirms=N windowConfirms=N obs=47/15 p_car=0.426 -> WARN (insufficient evidence)
[ECON-GATE] CID:9 probation active - suppressing OK reward 0.994
✓ [CAR 9] ACT=OK REP=0.728 RWD=0.000 PNL=0.000 CREDIT=1
[ATTACK-EMIT] CID:3 activeWindow=YES falsified=YES simT=26.020 realPX=567.700 fakePX=567.700 realSPD=25.000 fakeSPD=20.000 realTS=26.020 fakeTS=26.020 lane=4
[ECON-CLAWBACK] CID:8 ACT=WARN prior_payoff=-39.264 extra_penalty=4.750 new_payoff=-44.189
[FORGIVENESS] CID:8 WARN #16 — streak reset, benefits revoked
⚠ [CAR 8] ACT=WARN REP=0.649 RWD=0.000 PNL=4.925 CREDIT=0
[PASSIVE-BEACON] SIMNOW:26.034 CID:3 ZONE:1 RXUAV:1 EDGEPORT:9998 TS:26.020 SPD:20.000 HDG:0.000 PX:567.700 PY:-40.000 LAN:4 BRK:0 RX_X:0.000 RX_Y:0.000 RX_Z:0.000
[ZONE-ROUTE] CID:3 zone=1 edge_port=9998
[EDGE-RTT] CID:3 wall=1.1 ms  sim_delay=5.0 ms
>>> [UAV->CLOUD] BLK:fd9e|TX:7.0.0.7|CID:3|TS:26.020|SPD:20.0|HDG:0.0|PX:567.7|PY:-40.0|L...
[PASSIVE-BEACON] SIMNOW:26.035 CID:6 ZONE:1 RXUAV:1 EDGEPORT:9998 TS:26.022 SPD:15.400 HDG:-0.800 PX:578.700 PY:-20.000 LAN:2 BRK:0 RX_X:0.000 RX_Y:0.000 RX_Z:0.000
[ZONE-ROUTE] CID:6 zone=1 edge_port=9998
[EDGE-RTT] CID:6 wall=0.7 ms  sim_delay=5.0 ms
>>> [UAV->CLOUD] BLK:0722|TX:7.0.0.10|CID:6|TS:26.022|SPD:15.4|HDG:-0.8|PX:578.7|PY:-20.0...
[ECON-GATE] CID:3 probation active - suppressing OK reward 1.0
✓ [CAR 3] ACT=OK REP=0.632 RWD=0.000 PNL=0.000 CREDIT=0
[ECON-GATE] CID:6 probation active - suppressing OK reward 1.000
✓ [CAR 6] ACT=OK REP=0.496 RWD=0.000 PNL=0.000 CREDIT=5
[PASSIVE-BEACON] SIMNOW:26.146 CID:7 ZONE:1 RXUAV:1 EDGEPORT:9998 TS:26.132 SPD:15.500 HDG:0.600 PX:590.700 PY:-30.000 LAN:3 BRK:0 RX_X:0.000 RX_Y:0.000 RX_Z:0.000
[ZONE-ROUTE] CID:7 zone=1 edge_port=9998
[EDGE-RTT] CID:7 wall=1.2 ms  sim_delay=5.0 ms
>>> [UAV->CLOUD] BLK:e739|TX:7.0.0.11|CID:7|TS:26.132|SPD:15.5|HDG:0.6|PX:590.7|PY:-30.0|...
[ECON-GATE] CID:7 probation active - suppressing OK reward 1.0
✓ [CAR 7] ACT=OK REP=0.750 RWD=0.000 PNL=0.000 CREDIT=2
[ATTACK-EMIT] CID:1 activeWindow=YES falsified=YES simT=26.220 realPX=561.700 fakePX=561.700 realSPD=15.000 fakeSPD=20.000 realTS=26.220 fakeTS=26.220 lane=2
[ATTACK-EMIT] CID:5 activeWindow=YES falsified=YES simT=26.232 realPX=571.880 fakePX=571.880 realSPD=15.000 fakeSPD=20.000 realTS=26.232 fakeTS=26.232 lane=1
[PASSIVE-BEACON] SIMNOW:26.234 CID:1 ZONE:1 RXUAV:1 EDGEPORT:9998 TS:26.220 SPD:20.000 HDG:0.000 PX:561.700 PY:-20.000 LAN:2 BRK:1 RX_X:0.000 RX_Y:0.000 RX_Z:0.000
[ZONE-ROUTE] CID:1 zone=1 edge_port=9998
[EDGE-RTT] CID:1 wall=1.2 ms  sim_delay=5.0 ms
>>> [UAV->CLOUD] BLK:a53b|TX:7.0.0.5|CID:1|TS:26.220|SPD:20.0|HDG:0.0|PX:561.7|PY:-20.0|L...
[PASSIVE-BEACON] SIMNOW:26.234 CID:0 ZONE:1 RXUAV:1 EDGEPORT:9998 TS:26.220 SPD:14.500 HDG:-0.700 PX:552.300 PY:-10.000 LAN:1 BRK:0 RX_X:0.000 RX_Y:0.000 RX_Z:0.000
[ZONE-ROUTE] CID:0 zone=1 edge_port=9998
[EDGE-RTT] CID:0 wall=2.8 ms  sim_delay=10.0 ms
>>> [UAV->CLOUD] BLK:f49d|TX:7.0.0.4|CID:0|TS:26.220|SPD:14.5|HDG:-0.7|PX:552.3|PY:-10.0|...
[ECON-GATE] CID:1 probation active - suppressing OK reward 1.0
✓ [CAR 1] ACT=OK REP=0.673 RWD=0.000 PNL=0.000 CREDIT=6
[ECON-GATE] CID:0 probation active - suppressing OK reward 1.000
✓ [CAR 0] ACT=OK REP=0.478 RWD=0.000 PNL=0.000 CREDIT=10
[PASSIVE-BEACON] SIMNOW:26.304 CID:4 ZONE:1 RXUAV:1 EDGEPORT:9998 TS:26.290 SPD:25.100 HDG:-0.300 PX:563.800 PY:-50.000 LAN:5 BRK:1 RX_X:0.000 RX_Y:0.000 RX_Z:0.000
[ZONE-ROUTE] CID:4 zone=1 edge_port=9998
[EDGE-RTT] CID:4 wall=0.9 ms  sim_delay=5.0 ms
>>> [UAV->CLOUD] BLK:ca99|TX:7.0.0.8|CID:4|TS:26.290|SPD:25.1|HDG:-0.3|PX:563.8|PY:-50.0|...
[ECON-CLAWBACK] CID:4 ACT=WARN prior_payoff=-39.0 extra_penalty=4.8 new_payoff=-43.9
[FORGIVENESS] CID:4 WARN #16 — streak reset, benefits revoked
⚠ [CAR 4] ACT=WARN REP=1.000 RWD=0.000 PNL=4.852 CREDIT=-2
[ATTACK-EMIT] CID:2 activeWindow=YES falsified=YES simT=26.370 realPX=573.950 fakePX=573.950 realSPD=15.000 fakeSPD=20.000 realTS=26.370 fakeTS=26.370 lane=3
[PASSIVE-BEACON] SIMNOW:26.384 CID:2 ZONE:1 RXUAV:1 EDGEPORT:9998 TS:26.370 SPD:20.000 HDG:0.000 PX:574.000 PY:-30.000 LAN:3 BRK:0 RX_X:0.000 RX_Y:0.000 RX_Z:0.000
[ZONE-ROUTE] CID:2 zone=1 edge_port=9998
[EDGE-RTT] CID:2 wall=1.0 ms  sim_delay=5.0 ms
>>> [UAV->CLOUD] BLK:47e6|TX:7.0.0.6|CID:2|TS:26.370|SPD:20.0|HDG:0.0|PX:574.0|PY:-30.0|L...
[ECON-GATE] CID:2 probation active - suppressing OK reward 1.0
✓ [CAR 2] ACT=OK REP=0.579 RWD=0.000 PNL=0.000 CREDIT=2
[ATTACK-EMIT] CID:9 activeWindow=YES falsified=YES simT=26.482 realPX=589.250 fakePX=564.412 realSPD=25.000 fakeSPD=20.000 realTS=26.482 fakeTS=25.982 lane=5
[ATTACK-EMIT] CID:8 activeWindow=YES falsified=YES simT=26.492 realPX=599.500 fakePX=599.500 realSPD=25.000 fakeSPD=20.000 realTS=26.492 fakeTS=26.492 lane=4
[PASSIVE-BEACON] SIMNOW:26.496 CID:9 ZONE:1 RXUAV:1 EDGEPORT:9998 TS:25.982 SPD:20.000 HDG:0.000 PX:564.400 PY:-50.000 LAN:5 BRK:0 RX_X:0.000 RX_Y:0.000 RX_Z:0.000
[ZONE-ROUTE] CID:9 zone=1 edge_port=9998
[EDGE-RTT] CID:9 wall=1.2 ms  sim_delay=5.0 ms
[NASH-GATE] CID:9 p=0.3 p*=0.3 EDGE=BAN nashConfirms=N windowConfirms=N obs=47/15 p_car=0.388 -> WARN (insufficient evidence)
[PASSIVE-BEACON] SIMNOW:26.506 CID:8 ZONE:1 RXUAV:1 EDGEPORT:9998 TS:26.492 SPD:20.000 HDG:0.000 PX:599.500 PY:-40.000 LAN:4 BRK:0 RX_X:0.000 RX_Y:0.000 RX_Z:0.000
[ZONE-ROUTE] CID:8 zone=1 edge_port=9998
[EDGE-RTT] CID:8 wall=0.8 ms  sim_delay=5.0 ms
[NASH-GATE] CID:8 p=1.000 p*=0.323 rho_hat=0.400 streak=2 windowHits=2/4 EU_ban=1.500 -> CONFIRMED BAN (SLOW_LANE punishment sent)
[ECON-CLAWBACK] CID:9 ACT=WARN prior_payoff=-30.181 extra_penalty=4.250 new_payoff=-34.606
[FORGIVENESS] CID:9 WARN #14 — streak reset, benefits revoked
⚠ [CAR 9] ACT=WARN REP=0.375 RWD=0.000 PNL=4.425 CREDIT=0
[ECON-CLAWBACK] CID:8 ACT=BAN prior_payoff=-44.189 extra_penalty=5.000 new_payoff=-49.689
[FORGIVENESS] CID:8 BAN#1 excused (first confirmed offence) honest_wins=0 (preserved)
[BAN-PUNISH] CID:8 SLOW_LANE EXILE → LAN=99 speed=20.000 m/s  return_threshold=60
✗ [CAR 8] ACT=BAN REP=0.523 RWD=0.000 PNL=5.500 CREDIT=-8
[ATTACK-EMIT] CID:3 activeWindow=YES falsified=YES simT=26.520 realPX=580.200 fakePX=580.200 realSPD=25.000 fakeSPD=20.000 realTS=26.520 fakeTS=26.520 lane=4
[PASSIVE-BEACON] SIMNOW:26.534 CID:3 ZONE:1 RXUAV:1 EDGEPORT:9998 TS:26.520 SPD:20.000 HDG:0.000 PX:580.200 PY:-40.000 LAN:4 BRK:0 RX_X:0.000 RX_Y:0.000 RX_Z:0.000
[ZONE-ROUTE] CID:3 zone=1 edge_port=9998
[EDGE-RTT] CID:3 wall=1.0 ms  sim_delay=5.0 ms
>>> [UAV->CLOUD] BLK:b821|TX:7.0.0.7|CID:3|TS:26.520|SPD:20.0|HDG:0.0|PX:580.2|PY:-40.0|L...
[PASSIVE-BEACON] SIMNOW:26.536 CID:6 ZONE:1 RXUAV:1 EDGEPORT:9998 TS:26.522 SPD:15.300 HDG:0.500 PX:586.400 PY:-20.000 LAN:2 BRK:1 RX_X:0.000 RX_Y:0.000 RX_Z:0.000
[ZONE-ROUTE] CID:6 zone=1 edge_port=9998
[EDGE-RTT] CID:6 wall=0.8 ms  sim_delay=5.0 ms
>>> [UAV->CLOUD] BLK:ba88|TX:7.0.0.10|CID:6|TS:26.522|SPD:15.3|HDG:0.5|PX:586.4|PY:-20.0|...
[ECON-GATE] CID:3 probation active - suppressing OK reward 1.0
✓ [CAR 3] ACT=OK REP=0.563 RWD=0.000 PNL=0.000 CREDIT=1
[ECON-GATE] CID:6 probation active - suppressing OK reward 1.000
✓ [CAR 6] ACT=OK REP=0.360 RWD=0.000 PNL=0.000 CREDIT=6
[PASSIVE-BEACON] SIMNOW:26.646 CID:7 ZONE:1 RXUAV:1 EDGEPORT:9998 TS:26.632 SPD:15.100 HDG:1.800 PX:598.200 PY:-30.000 LAN:3 BRK:0 RX_X:0.000 RX_Y:0.000 RX_Z:0.000
[ZONE-ROUTE] CID:7 zone=1 edge_port=9998
[EDGE-RTT] CID:7 wall=1.0 ms  sim_delay=5.0 ms
>>> [UAV->CLOUD] BLK:b962|TX:7.0.0.11|CID:7|TS:26.632|SPD:15.1|HDG:1.8|PX:598.2|PY:-30.0|...
[ECON-GATE] CID:7 probation active - suppressing OK reward 1.0
✓ [CAR 7] ACT=OK REP=0.680 RWD=0.000 PNL=0.000 CREDIT=3
[ATTACK-EMIT] CID:1 activeWindow=YES falsified=YES simT=26.720 realPX=569.200 fakePX=569.200 realSPD=15.000 fakeSPD=20.000 realTS=26.720 fakeTS=26.720 lane=2
[ATTACK-EMIT] CID:5 activeWindow=YES falsified=YES simT=26.732 realPX=579.380 fakePX=564.596 realSPD=15.000 fakeSPD=22.000 realTS=26.732 fakeTS=26.232 lane=1
[PASSIVE-BEACON] SIMNOW:26.734 CID:1 ZONE:1 RXUAV:1 EDGEPORT:9998 TS:26.720 SPD:20.000 HDG:0.000 PX:569.200 PY:-20.000 LAN:2 BRK:1 RX_X:0.000 RX_Y:0.000 RX_Z:0.000
[ZONE-ROUTE] CID:1 zone=1 edge_port=9998
[EDGE-RTT] CID:1 wall=0.8 ms  sim_delay=5.0 ms
>>> [UAV->CLOUD] BLK:30de|TX:7.0.0.5|CID:1|TS:26.720|SPD:20.0|HDG:0.0|PX:569.2|PY:-20.0|L...
[PASSIVE-BEACON] SIMNOW:26.734 CID:0 ZONE:1 RXUAV:1 EDGEPORT:9998 TS:26.720 SPD:15.200 HDG:-1.600 PX:559.500 PY:-10.000 LAN:1 BRK:0 RX_X:0.000 RX_Y:0.000 RX_Z:0.000
[ZONE-ROUTE] CID:0 zone=1 edge_port=9998
[EDGE-RTT] CID:0 wall=2.2 ms  sim_delay=10.0 ms
>>> [UAV->CLOUD] BLK:c473|TX:7.0.0.4|CID:0|TS:26.720|SPD:15.2|HDG:-1.6|PX:559.5|PY:-10.0|...
[ECON-GATE] CID:1 probation active - suppressing OK reward 1.0
✓ [CAR 1] ACT=OK REP=0.445 RWD=0.000 PNL=0.000 CREDIT=7
[ECON-GATE] CID:0 probation active - suppressing OK reward 1.000
✓ [CAR 0] ACT=OK REP=0.730 RWD=0.000 PNL=0.000 CREDIT=11
[PASSIVE-BEACON] SIMNOW:26.804 CID:4 ZONE:1 RXUAV:1 EDGEPORT:9998 TS:26.790 SPD:25.000 HDG:0.600 PX:577.400 PY:-50.000 LAN:5 BRK:0 RX_X:0.000 RX_Y:0.000 RX_Z:0.000
[ZONE-ROUTE] CID:4 zone=1 edge_port=9998
[EDGE-RTT] CID:4 wall=1.0 ms  sim_delay=5.0 ms
>>> [UAV->CLOUD] BLK:f182|TX:7.0.0.8|CID:4|TS:26.790|SPD:25.0|HDG:0.6|PX:577.4|PY:-50.0|L...
[ECON-CLAWBACK] CID:4 ACT=WARN prior_payoff=-43.9 extra_penalty=5.0 new_payoff=-49.0
[FORGIVENESS] CID:4 WARN #17 — streak reset, benefits revoked
⚠ [CAR 4] ACT=WARN REP=0.891 RWD=0.000 PNL=5.102 CREDIT=-2
[ATTACK-EMIT] CID:2 activeWindow=YES falsified=YES simT=26.870 realPX=581.450 fakePX=566.378 realSPD=15.000 fakeSPD=20.000 realTS=26.870 fakeTS=26.370 lane=3
[PASSIVE-BEACON] SIMNOW:26.884 CID:2 ZONE:1 RXUAV:1 EDGEPORT:9998 TS:26.370 SPD:20.000 HDG:0.000 PX:566.400 PY:-30.000 LAN:3 BRK:0 RX_X:0.000 RX_Y:0.000 RX_Z:0.000
[ZONE-ROUTE] CID:2 zone=1 edge_port=9998
[EDGE-RTT] CID:2 wall=1.1 ms  sim_delay=5.0 ms
[NASH-GATE] CID:2 p=0.3 p*=0.3 EDGE=BAN nashConfirms=N windowConfirms=N obs=49/15 p_car=0.515 -> WARN (insufficient evidence)
[ECON-CLAWBACK] CID:2 ACT=WARN prior_payoff=-72.413 extra_penalty=6.250 new_payoff=-78.838
[FORGIVENESS] CID:2 WARN #22 — streak reset, benefits revoked
⚠ [CAR 2] ACT=WARN REP=0.747 RWD=0.000 PNL=6.425 CREDIT=1
[ATTACK-EMIT] CID:9 activeWindow=YES falsified=YES simT=26.982 realPX=601.750 fakePX=601.750 realSPD=25.000 fakeSPD=20.000 realTS=26.982 fakeTS=26.982 lane=5
[ATTACK-EMIT] CID:8 activeWindow=YES falsified=YES simT=26.992 realPX=612.000 fakePX=612.000 realSPD=25.000 fakeSPD=20.000 realTS=26.992 fakeTS=26.992 lane=99
[PASSIVE-BEACON] SIMNOW:26.996 CID:9 ZONE:2 RXUAV:2 EDGEPORT:9996 TS:26.982 SPD:20.000 HDG:0.000 PX:601.800 PY:-50.000 LAN:5 BRK:0 RX_X:0.000 RX_Y:0.000 RX_Z:0.000
[NO-HANDOVER-COLDSTART] CID:9 Z1->Z2 PX=601.8 alpha:18.5->2.0 beta:11.7->1.0 safeWins:2->0 old_banned=NO target_state=COLD
[ZONE-ROUTE] CID:9 zone=2 edge_port=9996
[EDGE-RTT] CID:9 wall=1.6 ms  sim_delay=5.0 ms
>>> [UAV->CLOUD] BLK:5053|TX:7.0.0.13|CID:9|TS:26.982|SPD:20.0|HDG:0.0|PX:601.8|PY:-50.0|...
[PASSIVE-BEACON] SIMNOW:27.006 CID:8 ZONE:2 RXUAV:2 EDGEPORT:9996 TS:26.992 SPD:20.000 HDG:0.000 PX:612.000 PY:-40.000 LAN:99 BRK:0 RX_X:0.000 RX_Y:0.000 RX_Z:0.000
[NO-HANDOVER-COLDSTART] CID:8 Z1->Z2 PX=612.0 alpha:17.4->2.0 beta:15.9->1.0 safeWins:2->0 old_banned=YES target_state=COLD
[ZONE-ROUTE] CID:8 zone=2 edge_port=9996
[EDGE-RTT] CID:8 wall=1.1 ms  sim_delay=5.0 ms
>>> [UAV->CLOUD] BLK:ec88|TX:7.0.0.12|CID:8|TS:26.992|SPD:20.0|HDG:0.0|PX:612.0|PY:-40.0|...
[ECON-GATE] CID:9 probation active - suppressing OK reward 1.0
✓ [CAR 9] ACT=OK REP=0.621 RWD=0.000 PNL=0.000 CREDIT=0
[ATTACK-EMIT] CID:3 activeWindow=YES falsified=YES simT=27.020 realPX=592.700 fakePX=567.904 realSPD=25.000 fakeSPD=20.000 realTS=27.020 fakeTS=26.520 lane=4
[ECON-GATE] CID:8 probation active - suppressing OK reward 0.996
✓ [CAR 8] ACT=OK REP=0.634 RWD=0.000 PNL=0.000 CREDIT=0
[PASSIVE-BEACON] SIMNOW:27.034 CID:3 ZONE:1 RXUAV:1 EDGEPORT:9998 TS:26.520 SPD:20.000 HDG:0.000 PX:567.900 PY:-40.000 LAN:4 BRK:0 RX_X:0.000 RX_Y:0.000 RX_Z:0.000
[ZONE-ROUTE] CID:3 zone=1 edge_port=9998
[EDGE-RTT] CID:3 wall=1.0 ms  sim_delay=5.0 ms
[NASH-GATE] CID:3 p=0.3 p*=0.3 EDGE=BAN nashConfirms=N windowConfirms=N obs=49/15 p_car=0.464 -> WARN (insufficient evidence)
[PASSIVE-BEACON] SIMNOW:27.036 CID:6 ZONE:1 RXUAV:1 EDGEPORT:9998 TS:27.022 SPD:15.100 HDG:-0.400 PX:593.500 PY:-20.000 LAN:2 BRK:0 RX_X:0.000 RX_Y:0.000 RX_Z:0.000
[ZONE-ROUTE] CID:6 zone=1 edge_port=9998
[EDGE-RTT] CID:6 wall=0.7 ms  sim_delay=5.0 ms
>>> [UAV->CLOUD] BLK:1a8f|TX:7.0.0.10|CID:6|TS:27.022|SPD:15.1|HDG:-0.4|PX:593.5|PY:-20.0...
[ECON-CLAWBACK] CID:3 ACT=WARN prior_payoff=-54.6 extra_penalty=5.5 new_payoff=-60.3
[FORGIVENESS] CID:3 WARN #19 — streak reset, benefits revoked
⚠ [CAR 3] ACT=WARN REP=0.438 RWD=0.000 PNL=5.675 CREDIT=0
[ECON-GATE] CID:6 probation active - suppressing OK reward 1.000
✓ [CAR 6] ACT=OK REP=0.505 RWD=0.000 PNL=0.000 CREDIT=7
[PASSIVE-BEACON] SIMNOW:27.146 CID:7 ZONE:2 RXUAV:2 EDGEPORT:9996 TS:27.132 SPD:15.400 HDG:-1.900 PX:604.800 PY:-30.000 LAN:3 BRK:0 RX_X:0.000 RX_Y:0.000 RX_Z:0.000
[NO-HANDOVER-COLDSTART] CID:7 Z1->Z2 PX=604.8 alpha:16.5->2.0 beta:13.4->1.0 safeWins:4->0 old_banned=NO target_state=COLD
[ZONE-ROUTE] CID:7 zone=2 edge_port=9996
[EDGE-RTT] CID:7 wall=1.2 ms  sim_delay=5.0 ms
>>> [UAV->CLOUD] BLK:c030|TX:7.0.0.11|CID:7|TS:27.132|SPD:15.4|HDG:-1.9|PX:604.8|PY:-30.0...
[ECON-GATE] CID:7 probation active - suppressing OK reward 1.0
✓ [CAR 7] ACT=OK REP=0.645 RWD=0.000 PNL=0.000 CREDIT=0
[ATTACK-EMIT] CID:0 activeWindow=YES falsified=YES simT=27.220 realPX=566.700 fakePX=566.700 realSPD=15.000 fakeSPD=20.000 realTS=27.220 fakeTS=27.220 lane=1
[ATTACK-EMIT] CID:1 activeWindow=YES falsified=YES simT=27.220 realPX=576.700 fakePX=561.868 realSPD=15.000 fakeSPD=20.000 realTS=27.220 fakeTS=26.720 lane=2
[ATTACK-EMIT] CID:5 activeWindow=YES falsified=YES simT=27.232 realPX=586.880 fakePX=586.880 realSPD=15.000 fakeSPD=20.000 realTS=27.232 fakeTS=27.232 lane=1
[PASSIVE-BEACON] SIMNOW:27.234 CID:1 ZONE:1 RXUAV:1 EDGEPORT:9998 TS:26.720 SPD:20.000 HDG:0.000 PX:561.900 PY:-20.000 LAN:2 BRK:0 RX_X:0.000 RX_Y:0.000 RX_Z:0.000
[ZONE-ROUTE] CID:1 zone=1 edge_port=9998
[EDGE-RTT] CID:1 wall=1.0 ms  sim_delay=5.0 ms
>>> [UAV->CLOUD] BLK:c035|TX:7.0.0.5|CID:1|TS:26.720|SPD:20.0|HDG:0.0|PX:561.9|PY:-20.0|L...
[PASSIVE-BEACON] SIMNOW:27.234 CID:0 ZONE:1 RXUAV:1 EDGEPORT:9998 TS:27.220 SPD:20.000 HDG:0.000 PX:566.700 PY:-10.000 LAN:1 BRK:0 RX_X:0.000 RX_Y:0.000 RX_Z:0.000
[ZONE-ROUTE] CID:0 zone=1 edge_port=9998
[EDGE-RTT] CID:0 wall=2.3 ms  sim_delay=10.0 ms
>>> [UAV->CLOUD] BLK:3c63|TX:7.0.0.4|CID:0|TS:27.220|SPD:20.0|HDG:0.0|PX:566.7|PY:-10.0|L...
[ECON-GATE] CID:1 probation active - suppressing OK reward 0.9
✓ [CAR 1] ACT=OK REP=0.502 RWD=0.000 PNL=0.000 CREDIT=8
[ECON-GATE] CID:0 probation active - suppressing OK reward 1.000
✓ [CAR 0] ACT=OK REP=0.414 RWD=0.000 PNL=0.000 CREDIT=12
[PASSIVE-BEACON] SIMNOW:27.304 CID:4 ZONE:1 RXUAV:1 EDGEPORT:9998 TS:27.290 SPD:24.900 HDG:-1.800 PX:589.100 PY:-50.000 LAN:5 BRK:1 RX_X:0.000 RX_Y:0.000 RX_Z:0.000
[ZONE-ROUTE] CID:4 zone=1 edge_port=9998
[EDGE-RTT] CID:4 wall=1.0 ms  sim_delay=5.0 ms
>>> [UAV->CLOUD] BLK:099c|TX:7.0.0.8|CID:4|TS:27.290|SPD:24.9|HDG:-1.8|PX:589.1|PY:-50.0|...
[ECON-CLAWBACK] CID:4 ACT=WARN prior_payoff=-49.0 extra_penalty=5.2 new_payoff=-54.3
[FORGIVENESS] CID:4 WARN #18 — streak reset, benefits revoked
⚠ [CAR 4] ACT=WARN REP=0.631 RWD=0.000 PNL=5.352 CREDIT=-2
[ATTACK-EMIT] CID:2 activeWindow=YES falsified=YES simT=27.370 realPX=588.950 fakePX=588.950 realSPD=15.000 fakeSPD=20.000 realTS=27.370 fakeTS=27.370 lane=3
[PASSIVE-BEACON] SIMNOW:27.384 CID:2 ZONE:1 RXUAV:1 EDGEPORT:9998 TS:27.370 SPD:20.000 HDG:0.000 PX:589.000 PY:-30.000 LAN:3 BRK:0 RX_X:0.000 RX_Y:0.000 RX_Z:0.000
[ZONE-ROUTE] CID:2 zone=1 edge_port=9998
[EDGE-RTT] CID:2 wall=1.0 ms  sim_delay=5.0 ms
[NASH-GATE] CID:2 p=1.000 p*=0.328 rho_hat=0.367 streak=2 windowHits=2/4 EU_ban=1.500 -> CONFIRMED BAN (SLOW_LANE punishment sent)
[ECON-CLAWBACK] CID:2 ACT=BAN prior_payoff=-78.838 extra_penalty=5.000 new_payoff=-84.338
[FORGIVENESS] CID:2 BAN#1 excused (first confirmed offence) honest_wins=0 (preserved)
[BAN-PUNISH] CID:2 SLOW_LANE EXILE → LAN=99 speed=20.000 m/s  return_threshold=60
✗ [CAR 2] ACT=BAN REP=0.443 RWD=0.000 PNL=5.500 CREDIT=-7
[ATTACK-EMIT] CID:9 activeWindow=YES falsified=YES simT=27.482 realPX=614.250 fakePX=614.250 realSPD=25.000 fakeSPD=20.000 realTS=27.482 fakeTS=27.482 lane=5
[ATTACK-EMIT] CID:8 activeWindow=YES falsified=YES simT=27.492 realPX=620.780 fakePX=562.054 realSPD=15.000 fakeSPD=20.000 realTS=27.492 fakeTS=26.992 lane=99
[PASSIVE-BEACON] SIMNOW:27.494 CID:9 ZONE:2 RXUAV:2 EDGEPORT:9996 TS:27.482 SPD:20.000 HDG:0.000 PX:614.300 PY:-50.000 LAN:5 BRK:0 RX_X:0.000 RX_Y:0.000 RX_Z:0.000
[ZONE-ROUTE] CID:9 zone=2 edge_port=9996
[EDGE-RTT] CID:9 wall=1.0 ms  sim_delay=5.0 ms
>>> [UAV->CLOUD] BLK:885b|TX:7.0.0.13|CID:9|TS:27.482|SPD:20.0|HDG:0.0|PX:614.3|PY:-50.0|...
[PASSIVE-BEACON] SIMNOW:27.506 CID:8 ZONE:1 RXUAV:1 EDGEPORT:9998 TS:26.992 SPD:20.000 HDG:0.000 PX:562.100 PY:-40.000 LAN:99 BRK:0 RX_X:0.000 RX_Y:0.000 RX_Z:0.000
[ZONE-ROUTE] CID:8 zone=2 edge_port=9996
[EDGE-RTT] CID:8 wall=1.3 ms  sim_delay=5.0 ms
[NASH-GATE] CID:8 p=0.3 p*=0.3 EDGE=BAN nashConfirms=N windowConfirms=N obs=2/15 p_car=0.616 -> WARN (insufficient evidence)
[ECON-GATE] CID:9 probation active - suppressing OK reward 1.000
✓ [CAR 9] ACT=OK REP=0.781 RWD=0.000 PNL=0.000 CREDIT=1
[ATTACK-EMIT] CID:3 activeWindow=YES falsified=YES simT=27.520 realPX=601.200 fakePX=601.200 realSPD=15.000 fakeSPD=20.000 realTS=27.520 fakeTS=27.520 lane=4
[ECON-CLAWBACK] CID:8 ACT=WARN prior_payoff=-49.689 extra_penalty=5.000 new_payoff=-54.864
[FORGIVENESS] CID:8 WARN #17 — streak reset, benefits revoked
⚠ [CAR 8] ACT=WARN REP=0.489 RWD=0.000 PNL=5.175 CREDIT=-1
[PASSIVE-BEACON] SIMNOW:27.534 CID:3 ZONE:2 RXUAV:2 EDGEPORT:9996 TS:27.520 SPD:20.000 HDG:0.000 PX:601.200 PY:-40.000 LAN:4 BRK:1 RX_X:0.000 RX_Y:0.000 RX_Z:0.000
[NO-HANDOVER-COLDSTART] CID:3 Z1->Z2 PX=601.2 alpha:17.0->2.0 beta:14.7->1.0 safeWins:2->0 old_banned=NO target_state=COLD
[ZONE-ROUTE] CID:3 zone=2 edge_port=9996
[EDGE-RTT] CID:3 wall=1.2 ms  sim_delay=5.0 ms
>>> [UAV->CLOUD] BLK:49a5|TX:7.0.0.7|CID:3|TS:27.520|SPD:20.0|HDG:0.0|PX:601.2|PY:-40.0|L...
[PASSIVE-BEACON] SIMNOW:27.536 CID:6 ZONE:2 RXUAV:2 EDGEPORT:9996 TS:27.522 SPD:14.800 HDG:-1.100 PX:600.800 PY:-20.000 LAN:2 BRK:0 RX_X:0.000 RX_Y:0.000 RX_Z:0.000
[NO-HANDOVER-COLDSTART] CID:6 Z1->Z2 PX=600.8 alpha:16.9->2.0 beta:13.0->1.0 safeWins:8->0 old_banned=NO target_state=COLD
[ZONE-ROUTE] CID:6 zone=2 edge_port=9996
[EDGE-RTT] CID:6 wall=1.0 ms  sim_delay=5.0 ms
>>> [UAV->CLOUD] BLK:6b19|TX:7.0.0.10|CID:6|TS:27.522|SPD:14.8|HDG:-1.1|PX:600.8|PY:-20.0...
[ECON-GATE] CID:3 probation active - suppressing OK reward 1.0
✓ [CAR 3] ACT=OK REP=0.556 RWD=0.000 PNL=0.000 CREDIT=0
[ECON-GATE] CID:6 probation active - suppressing OK reward 0.996
✓ [CAR 6] ACT=OK REP=0.207 RWD=0.000 PNL=0.000 CREDIT=0
[PASSIVE-BEACON] SIMNOW:27.646 CID:7 ZONE:2 RXUAV:2 EDGEPORT:9996 TS:27.632 SPD:14.800 HDG:0.100 PX:613.000 PY:-30.000 LAN:3 BRK:1 RX_X:0.000 RX_Y:0.000 RX_Z:0.000
[ZONE-ROUTE] CID:7 zone=2 edge_port=9996
[EDGE-RTT] CID:7 wall=1.3 ms  sim_delay=5.0 ms
>>> [UAV->CLOUD] BLK:1fbe|TX:7.0.0.11|CID:7|TS:27.632|SPD:14.8|HDG:0.1|PX:613.0|PY:-30.0|...
[ECON-GATE] CID:7 probation active - suppressing OK reward 1.0
✓ [CAR 7] ACT=OK REP=0.686 RWD=0.000 PNL=0.000 CREDIT=1
[ATTACK-EMIT] CID:0 activeWindow=YES falsified=YES simT=27.720 realPX=574.200 fakePX=574.200 realSPD=15.000 fakeSPD=20.000 realTS=27.720 fakeTS=27.720 lane=1
[ATTACK-EMIT] CID:1 activeWindow=YES falsified=YES simT=27.720 realPX=584.200 fakePX=584.200 realSPD=15.000 fakeSPD=20.000 realTS=27.720 fakeTS=27.720 lane=2
[ATTACK-EMIT] CID:5 activeWindow=YES falsified=YES simT=27.732 realPX=594.380 fakePX=594.380 realSPD=15.000 fakeSPD=20.000 realTS=27.732 fakeTS=27.732 lane=1
[PASSIVE-BEACON] SIMNOW:27.734 CID:1 ZONE:1 RXUAV:1 EDGEPORT:9998 TS:27.720 SPD:20.000 HDG:0.000 PX:584.200 PY:-20.000 LAN:2 BRK:0 RX_X:0.000 RX_Y:0.000 RX_Z:0.000
[ZONE-ROUTE] CID:1 zone=1 edge_port=9998
[EDGE-RTT] CID:1 wall=0.9 ms  sim_delay=5.0 ms
>>> [UAV->CLOUD] BLK:1f57|TX:7.0.0.5|CID:1|TS:27.720|SPD:20.0|HDG:0.0|PX:584.2|PY:-20.0|L...
[PASSIVE-BEACON] SIMNOW:27.734 CID:0 ZONE:1 RXUAV:1 EDGEPORT:9998 TS:27.720 SPD:20.000 HDG:0.000 PX:574.200 PY:-10.000 LAN:1 BRK:1 RX_X:0.000 RX_Y:0.000 RX_Z:0.000
[ZONE-ROUTE] CID:0 zone=1 edge_port=9998
[EDGE-RTT] CID:0 wall=3.0 ms  sim_delay=10.0 ms
>>> [UAV->CLOUD] BLK:239c|TX:7.0.0.4|CID:0|TS:27.720|SPD:20.0|HDG:0.0|PX:574.2|PY:-10.0|L...
[ECON-GATE] CID:1 probation active - suppressing OK reward 1.0
✓ [CAR 1] ACT=OK REP=0.470 RWD=0.000 PNL=0.000 CREDIT=9
[ECON-GATE] CID:0 probation active - suppressing OK reward 1.000
✓ [CAR 0] ACT=OK REP=0.715 RWD=0.000 PNL=0.000 CREDIT=13
[PASSIVE-BEACON] SIMNOW:27.804 CID:4 ZONE:2 RXUAV:2 EDGEPORT:9996 TS:27.790 SPD:24.900 HDG:1.700 PX:602.600 PY:-50.000 LAN:5 BRK:0 RX_X:0.000 RX_Y:0.000 RX_Z:0.000
[NO-HANDOVER-COLDSTART] CID:4 Z1->Z2 PX=602.6 alpha:18.5->2.0 beta:11.7->1.0 safeWins:0->0 old_banned=NO target_state=COLD
[ZONE-ROUTE] CID:4 zone=2 edge_port=9996
[EDGE-RTT] CID:4 wall=1.3 ms  sim_delay=5.0 ms
>>> [UAV->CLOUD] BLK:9803|TX:7.0.0.8|CID:4|TS:27.790|SPD:24.9|HDG:1.7|PX:602.6|PY:-50.0|L...
[ECON-CLAWBACK] CID:4 ACT=WARN prior_payoff=-54.3 extra_penalty=5.5 new_payoff=-59.9
[FORGIVENESS] CID:4 WARN #19 — streak reset, benefits revoked
⚠ [CAR 4] ACT=WARN REP=0.479 RWD=0.000 PNL=5.594 CREDIT=-2
[ATTACK-EMIT] CID:2 activeWindow=YES falsified=YES simT=27.870 realPX=596.450 fakePX=596.450 realSPD=15.000 fakeSPD=20.000 realTS=27.870 fakeTS=27.870 lane=99
[PASSIVE-BEACON] SIMNOW:27.884 CID:2 ZONE:1 RXUAV:1 EDGEPORT:9998 TS:27.870 SPD:20.000 HDG:0.000 PX:596.500 PY:-30.000 LAN:99 BRK:0 RX_X:0.000 RX_Y:0.000 RX_Z:0.000
[ATTACK-EMIT] CID:9 activeWindow=YES falsified=YES simT=27.982 realPX=626.750 fakePX=564.412 realSPD=25.000 fakeSPD=20.000 realTS=27.982 fakeTS=27.482 lane=5
[ATTACK-EMIT] CID:8 activeWindow=YES falsified=YES simT=27.992 realPX=628.280 fakePX=628.280 realSPD=15.000 fakeSPD=20.000 realTS=27.992 fakeTS=27.992 lane=4
[PASSIVE-BEACON] SIMNOW:27.996 CID:9 ZONE:1 RXUAV:1 EDGEPORT:9998 TS:27.482 SPD:20.000 HDG:0.000 PX:564.400 PY:-50.000 LAN:5 BRK:0 RX_X:0.000 RX_Y:0.000 RX_Z:0.000
[ZONE-ROUTE] CID:9 zone=2 edge_port=9996
[EDGE-RTT] CID:9 wall=1.2 ms  sim_delay=5.0 ms
[NASH-GATE] CID:9 p=0.3 p*=0.3 EDGE=BAN nashConfirms=N windowConfirms=N obs=3/15 p_car=0.572 -> WARN (insufficient evidence)
[PASSIVE-BEACON] SIMNOW:28.006 CID:8 ZONE:2 RXUAV:2 EDGEPORT:9996 TS:27.992 SPD:20.000 HDG:0.000 PX:628.300 PY:-40.000 LAN:4 BRK:0 RX_X:0.000 RX_Y:0.000 RX_Z:0.000
[ZONE-ROUTE] CID:8 zone=2 edge_port=9996
[EDGE-RTT] CID:8 wall=1.0 ms  sim_delay=5.0 ms
[NASH-GATE] CID:8 p=1.0 p*=0.3 EDGE=BAN nashConfirms=Y windowConfirms=Y obs=3/15 p_car=0.737 -> WARN (insufficient evidence)
[ECON-CLAWBACK] CID:9 ACT=WARN prior_payoff=-34.606 extra_penalty=4.500 new_payoff=-39.281
[FORGIVENESS] CID:9 WARN #15 — streak reset, benefits revoked
⚠ [CAR 9] ACT=WARN REP=0.407 RWD=0.000 PNL=4.675 CREDIT=0
[ATTACK-EMIT] CID:3 activeWindow=YES falsified=YES simT=28.020 realPX=608.700 fakePX=608.700 realSPD=15.000 fakeSPD=20.000 realTS=28.020 fakeTS=28.020 lane=4
[ECON-CLAWBACK] CID:8 ACT=WARN prior_payoff=-54.864 extra_penalty=5.250 new_payoff=-60.614
[FORGIVENESS] CID:8 WARN #18 — streak reset, benefits revoked
⚠ [CAR 8] ACT=WARN REP=0.146 RWD=0.000 PNL=5.750 CREDIT=-1
[PASSIVE-BEACON] SIMNOW:28.034 CID:3 ZONE:2 RXUAV:2 EDGEPORT:9996 TS:28.020 SPD:20.000 HDG:0.000 PX:608.700 PY:-40.000 LAN:4 BRK:1 RX_X:0.000 RX_Y:0.000 RX_Z:0.000
[ZONE-ROUTE] CID:3 zone=2 edge_port=9996
[EDGE-RTT] CID:3 wall=1.2 ms  sim_delay=5.0 ms
>>> [UAV->CLOUD] BLK:fcbf|TX:7.0.0.7|CID:3|TS:28.020|SPD:20.0|HDG:0.0|PX:608.7|PY:-40.0|L...
[PASSIVE-BEACON] SIMNOW:28.036 CID:6 ZONE:2 RXUAV:2 EDGEPORT:9996 TS:28.022 SPD:14.900 HDG:-1.000 PX:609.100 PY:-20.000 LAN:2 BRK:0 RX_X:0.000 RX_Y:0.000 RX_Z:0.000
[ZONE-ROUTE] CID:6 zone=2 edge_port=9996
[EDGE-RTT] CID:6 wall=0.9 ms  sim_delay=5.0 ms
>>> [UAV->CLOUD] BLK:6371|TX:7.0.0.10|CID:6|TS:28.022|SPD:14.9|HDG:-1.0|PX:609.1|PY:-20.0...
[ECON-GATE] CID:3 probation active - suppressing OK reward 1.0
✓ [CAR 3] ACT=OK REP=1.000 RWD=0.000 PNL=0.000 CREDIT=1
[ECON-GATE] CID:6 probation active - suppressing OK reward 1.000
✓ [CAR 6] ACT=OK REP=0.689 RWD=0.000 PNL=0.000 CREDIT=1
[PASSIVE-BEACON] SIMNOW:28.146 CID:7 ZONE:2 RXUAV:2 EDGEPORT:9996 TS:28.132 SPD:15.500 HDG:0.100 PX:619.700 PY:-30.000 LAN:3 BRK:0 RX_X:0.000 RX_Y:0.000 RX_Z:0.000
[ZONE-ROUTE] CID:7 zone=2 edge_port=9996
[EDGE-RTT] CID:7 wall=1.3 ms  sim_delay=5.0 ms
>>> [UAV->CLOUD] BLK:7ed6|TX:7.0.0.11|CID:7|TS:28.132|SPD:15.5|HDG:0.1|PX:619.7|PY:-30.0|...
[ECON-GATE] CID:7 probation active - suppressing OK reward 1.0
✓ [CAR 7] ACT=OK REP=0.809 RWD=0.000 PNL=0.000 CREDIT=2
[ATTACK-EMIT] CID:0 activeWindow=YES falsified=YES simT=28.220 realPX=581.700 fakePX=566.646 realSPD=15.000 fakeSPD=20.000 realTS=28.220 fakeTS=27.720 lane=1
[ATTACK-EMIT] CID:1 activeWindow=YES falsified=YES simT=28.220 realPX=591.700 fakePX=591.700 realSPD=15.000 fakeSPD=20.000 realTS=28.220 fakeTS=28.220 lane=2
[ATTACK-EMIT] CID:5 activeWindow=YES falsified=YES simT=28.232 realPX=601.880 fakePX=564.188 realSPD=15.000 fakeSPD=22.000 realTS=28.232 fakeTS=27.732 lane=1
[PASSIVE-BEACON] SIMNOW:28.234 CID:1 ZONE:1 RXUAV:1 EDGEPORT:9998 TS:28.220 SPD:20.000 HDG:0.000 PX:591.700 PY:-20.000 LAN:2 BRK:0 RX_X:0.000 RX_Y:0.000 RX_Z:0.000
[ZONE-ROUTE] CID:1 zone=1 edge_port=9998
[EDGE-RTT] CID:1 wall=1.2 ms  sim_delay=5.0 ms
>>> [UAV->CLOUD] BLK:a01c|TX:7.0.0.5|CID:1|TS:28.220|SPD:20.0|HDG:0.0|PX:591.7|PY:-20.0|L...
[PASSIVE-BEACON] SIMNOW:28.234 CID:0 ZONE:1 RXUAV:1 EDGEPORT:9998 TS:27.720 SPD:20.000 HDG:0.000 PX:566.600 PY:-10.000 LAN:1 BRK:0 RX_X:0.000 RX_Y:0.000 RX_Z:0.000
[ZONE-ROUTE] CID:0 zone=1 edge_port=9998
[EDGE-RTT] CID:0 wall=2.4 ms  sim_delay=10.0 ms
[TRUST-UPGRADE] CID:0 earned LANE_UPGRADE after 15 clean packets → lane 0 + 2.0 m/s
>>> [UAV->CLOUD] BLK:3ccd|TX:7.0.0.4|CID:0|TS:27.720|SPD:20.0|HDG:0.0|PX:566.6|PY:-10.0|L...
[ECON-GATE] CID:0 probation active - suppressing OK reward 1.5
[ECON-RESTORE] CID:0 probation cleared after 15 clean packets
[TRUST-BLOCKED] CID:0 ignored LANE_UPGRADE due to prior WARN/BAN/demotion
✓ [CAR 0] ACT=OK REP=0.500 RWD=0.000 PNL=0.000 CREDIT=15
[ECON-GATE] CID:1 probation active - suppressing OK reward 1.000
✓ [CAR 1] ACT=OK REP=0.847 RWD=0.000 PNL=0.000 CREDIT=10
✓ [CAR 0] ACT=OK REP=0.454 RWD=0.930 PNL=0.000 CREDIT=14
[PASSIVE-BEACON] SIMNOW:28.304 CID:4 ZONE:2 RXUAV:2 EDGEPORT:9996 TS:28.290 SPD:24.700 HDG:-0.300 PX:614.900 PY:-50.000 LAN:5 BRK:0 RX_X:0.000 RX_Y:0.000 RX_Z:0.000
[ZONE-ROUTE] CID:4 zone=2 edge_port=9996
[EDGE-RTT] CID:4 wall=1.3 ms  sim_delay=5.0 ms
>>> [UAV->CLOUD] BLK:a8bb|TX:7.0.0.8|CID:4|TS:28.290|SPD:24.7|HDG:-0.3|PX:614.9|PY:-50.0|...
[ECON-GATE] CID:4 probation active - suppressing OK reward 1.0
✓ [CAR 4] ACT=OK REP=0.840 RWD=0.000 PNL=0.000 CREDIT=0
[ATTACK-EMIT] CID:2 activeWindow=YES falsified=YES simT=28.370 realPX=603.950 fakePX=566.264 realSPD=15.000 fakeSPD=20.000 realTS=28.370 fakeTS=27.870 lane=99
[PASSIVE-BEACON] SIMNOW:28.384 CID:2 ZONE:1 RXUAV:1 EDGEPORT:9998 TS:27.870 SPD:20.000 HDG:0.000 PX:566.300 PY:-30.000 LAN:99 BRK:0 RX_X:0.000 RX_Y:0.000 RX_Z:0.000
[ATTACK-EMIT] CID:9 activeWindow=YES falsified=YES simT=28.482 realPX=639.250 fakePX=639.250 realSPD=25.000 fakeSPD=20.000 realTS=28.482 fakeTS=28.482 lane=5
[ATTACK-EMIT] CID:8 activeWindow=YES falsified=YES simT=28.492 realPX=635.780 fakePX=635.780 realSPD=15.000 fakeSPD=20.000 realTS=28.492 fakeTS=28.492 lane=4
[PASSIVE-BEACON] SIMNOW:28.496 CID:9 ZONE:2 RXUAV:2 EDGEPORT:9996 TS:28.482 SPD:20.000 HDG:0.000 PX:639.300 PY:-50.000 LAN:5 BRK:0 RX_X:0.000 RX_Y:0.000 RX_Z:0.000
[ZONE-ROUTE] CID:9 zone=2 edge_port=9996
[EDGE-RTT] CID:9 wall=1.2 ms  sim_delay=5.0 ms
[NASH-GATE] CID:9 p=1.0 p*=0.3 EDGE=BAN nashConfirms=Y windowConfirms=Y obs=4/15 p_car=0.700 -> WARN (insufficient evidence)
[PASSIVE-BEACON] SIMNOW:28.506 CID:8 ZONE:2 RXUAV:2 EDGEPORT:9996 TS:28.492 SPD:20.000 HDG:0.000 PX:635.800 PY:-40.000 LAN:4 BRK:0 RX_X:0.000 RX_Y:0.000 RX_Z:0.000
[ZONE-ROUTE] CID:8 zone=2 edge_port=9996
[EDGE-RTT] CID:8 wall=1.0 ms  sim_delay=5.0 ms
[NASH-GATE] CID:8 p=1.0 p*=0.3 EDGE=BAN nashConfirms=Y windowConfirms=Y obs=4/15 p_car=0.800 -> WARN (insufficient evidence)
[ECON-CLAWBACK] CID:9 ACT=WARN prior_payoff=-39.281 extra_penalty=4.750 new_payoff=-44.531
[FORGIVENESS] CID:9 WARN #16 — streak reset, benefits revoked
⚠ [CAR 9] ACT=WARN REP=0.286 RWD=0.000 PNL=5.250 CREDIT=0
[ATTACK-EMIT] CID:3 activeWindow=YES falsified=YES simT=28.520 realPX=616.200 fakePX=567.982 realSPD=15.000 fakeSPD=20.000 realTS=28.520 fakeTS=28.020 lane=4
[ECON-CLAWBACK] CID:8 ACT=WARN prior_payoff=-60.614 extra_penalty=5.500 new_payoff=-66.614
[FORGIVENESS] CID:8 WARN #19 — streak reset, benefits revoked
⚠ [CAR 8] ACT=WARN REP=0.226 RWD=0.000 PNL=6.000 CREDIT=-1
[PASSIVE-BEACON] SIMNOW:28.534 CID:3 ZONE:1 RXUAV:1 EDGEPORT:9998 TS:28.020 SPD:20.000 HDG:0.000 PX:568.000 PY:-40.000 LAN:4 BRK:0 RX_X:0.000 RX_Y:0.000 RX_Z:0.000
[ZONE-ROUTE] CID:3 zone=2 edge_port=9996
[EDGE-RTT] CID:3 wall=1.1 ms  sim_delay=5.0 ms
[NASH-GATE] CID:3 p=0.3 p*=0.3 EDGE=BAN nashConfirms=N windowConfirms=N obs=3/15 p_car=0.572 -> WARN (insufficient evidence)
[PASSIVE-BEACON] SIMNOW:28.536 CID:6 ZONE:2 RXUAV:2 EDGEPORT:9996 TS:28.522 SPD:14.700 HDG:0.900 PX:615.800 PY:-20.000 LAN:2 BRK:0 RX_X:0.000 RX_Y:0.000 RX_Z:0.000
[ZONE-ROUTE] CID:6 zone=2 edge_port=9996
[EDGE-RTT] CID:6 wall=0.8 ms  sim_delay=5.0 ms
>>> [UAV->CLOUD] BLK:5243|TX:7.0.0.10|CID:6|TS:28.522|SPD:14.7|HDG:0.9|PX:615.8|PY:-20.0|...
[ECON-CLAWBACK] CID:3 ACT=WARN prior_payoff=-60.3 extra_penalty=5.8 new_payoff=-66.2
[FORGIVENESS] CID:3 WARN #20 — streak reset, benefits revoked
⚠ [CAR 3] ACT=WARN REP=0.560 RWD=0.000 PNL=5.925 CREDIT=0
[ECON-GATE] CID:6 probation active - suppressing OK reward 1.000
✓ [CAR 6] ACT=OK REP=0.781 RWD=0.000 PNL=0.000 CREDIT=2
[PASSIVE-BEACON] SIMNOW:28.646 CID:7 ZONE:2 RXUAV:2 EDGEPORT:9996 TS:28.632 SPD:15.100 HDG:0.600 PX:628.300 PY:-30.000 LAN:3 BRK:0 RX_X:0.000 RX_Y:0.000 RX_Z:0.000
[ZONE-ROUTE] CID:7 zone=2 edge_port=9996
[EDGE-RTT] CID:7 wall=1.0 ms  sim_delay=5.0 ms
>>> [UAV->CLOUD] BLK:b164|TX:7.0.0.11|CID:7|TS:28.632|SPD:15.1|HDG:0.6|PX:628.3|PY:-30.0|...
[ECON-GATE] CID:7 probation active - suppressing OK reward 1.0
✓ [CAR 7] ACT=OK REP=0.928 RWD=0.000 PNL=0.000 CREDIT=3
[ATTACK-EMIT] CID:0 activeWindow=YES falsified=YES simT=28.720 realPX=589.200 fakePX=589.200 realSPD=15.000 fakeSPD=20.000 realTS=28.720 fakeTS=28.720 lane=1
[ATTACK-EMIT] CID:1 activeWindow=YES falsified=YES simT=28.720 realPX=599.200 fakePX=561.748 realSPD=15.000 fakeSPD=20.000 realTS=28.720 fakeTS=28.220 lane=2
[ATTACK-EMIT] CID:5 activeWindow=YES falsified=YES simT=28.732 realPX=609.380 fakePX=609.380 realSPD=15.000 fakeSPD=20.000 realTS=28.732 fakeTS=28.732 lane=1
[PASSIVE-BEACON] SIMNOW:28.734 CID:1 ZONE:1 RXUAV:1 EDGEPORT:9998 TS:28.220 SPD:20.000 HDG:0.000 PX:561.700 PY:-20.000 LAN:2 BRK:0 RX_X:0.000 RX_Y:0.000 RX_Z:0.000
[ZONE-ROUTE] CID:1 zone=1 edge_port=9998
[EDGE-RTT] CID:1 wall=1.0 ms  sim_delay=5.0 ms
[NASH-GATE] CID:1 p=0.3 p*=0.3 EDGE=BAN nashConfirms=N windowConfirms=N obs=54/15 p_car=0.480 -> WARN (insufficient evidence)
[PASSIVE-BEACON] SIMNOW:28.734 CID:0 ZONE:1 RXUAV:1 EDGEPORT:9998 TS:28.720 SPD:20.000 HDG:0.000 PX:589.200 PY:-10.000 LAN:1 BRK:1 RX_X:0.000 RX_Y:0.000 RX_Z:0.000
[ZONE-ROUTE] CID:0 zone=1 edge_port=9998
[EDGE-RTT] CID:0 wall=2.4 ms  sim_delay=10.0 ms
>>> [UAV->CLOUD] BLK:3ec2|TX:7.0.0.4|CID:0|TS:28.720|SPD:20.0|HDG:0.0|PX:589.2|PY:-10.0|L...
[ECON-CLAWBACK] CID:1 ACT=WARN prior_payoff=-72.6 extra_penalty=6.2 new_payoff=-79.0
[FORGIVENESS] CID:1 WARN #22 — streak reset, benefits revoked
⚠ [CAR 1] ACT=WARN REP=0.533 RWD=0.000 PNL=6.425 CREDIT=9
✓ [CAR 0] ACT=OK REP=0.780 RWD=1.000 PNL=0.000 CREDIT=15
[PASSIVE-BEACON] SIMNOW:28.804 CID:4 ZONE:2 RXUAV:2 EDGEPORT:9996 TS:28.790 SPD:25.300 HDG:-0.600 PX:627.500 PY:-50.000 LAN:5 BRK:1 RX_X:0.000 RX_Y:0.000 RX_Z:0.000
[ZONE-ROUTE] CID:4 zone=2 edge_port=9996
[EDGE-RTT] CID:4 wall=1.0 ms  sim_delay=5.0 ms
>>> [UAV->CLOUD] BLK:6b4e|TX:7.0.0.8|CID:4|TS:28.790|SPD:25.3|HDG:-0.6|PX:627.5|PY:-50.0|...
[ECON-CLAWBACK] CID:4 ACT=WARN prior_payoff=-59.9 extra_penalty=5.8 new_payoff=-65.8
[FORGIVENESS] CID:4 WARN #20 — streak reset, benefits revoked
⚠ [CAR 4] ACT=WARN REP=0.736 RWD=0.000 PNL=5.852 CREDIT=-1
[ATTACK-EMIT] CID:2 activeWindow=YES falsified=YES simT=28.870 realPX=611.450 fakePX=611.450 realSPD=15.000 fakeSPD=20.000 realTS=28.870 fakeTS=28.870 lane=99
[PASSIVE-BEACON] SIMNOW:28.884 CID:2 ZONE:2 RXUAV:2 EDGEPORT:9996 TS:28.870 SPD:20.000 HDG:0.000 PX:611.500 PY:-30.000 LAN:99 BRK:0 RX_X:0.000 RX_Y:0.000 RX_Z:0.000
[NO-HANDOVER-COLDSTART] CID:2 Z1->Z2 PX=611.5 alpha:15.5->2.0 beta:19.5->1.0 safeWins:3->0 old_banned=YES target_state=COLD
[ZONE-ROUTE] CID:2 zone=2 edge_port=9996
[EDGE-RTT] CID:2 wall=1.2 ms  sim_delay=5.0 ms
>>> [UAV->CLOUD] BLK:b21f|TX:7.0.0.6|CID:2|TS:28.870|SPD:20.0|HDG:0.0|PX:611.5|PY:-30.0|L...
[ECON-GATE] CID:2 probation active - suppressing OK reward 1.0
✓ [CAR 2] ACT=OK REP=0.692 RWD=0.000 PNL=0.000 CREDIT=0
[PKT-DROP] UAV dropped telemetry from 7.0.0.13 (drop_rate=1%)
[PASSIVE-BEACON] SIMNOW:29.006 CID:8 ZONE:2 RXUAV:2 EDGEPORT:9996 TS:28.992 SPD:15.400 HDG:1.200 PX:643.700 PY:-40.000 LAN:4 BRK:0 RX_X:0.000 RX_Y:0.000 RX_Z:0.000
[ZONE-ROUTE] CID:8 zone=2 edge_port=9996
[EDGE-RTT] CID:8 wall=1.1 ms  sim_delay=5.0 ms
[NASH-GATE] CID:8 p=1.0 p*=0.3 EDGE=BAN nashConfirms=Y windowConfirms=Y obs=5/15 p_car=0.839 -> WARN (insufficient evidence)
[ATTACK-EMIT] CID:3 activeWindow=YES falsified=YES simT=29.020 realPX=623.700 fakePX=623.700 realSPD=15.000 fakeSPD=20.000 realTS=29.020 fakeTS=29.020 lane=4
[ECON-CLAWBACK] CID:8 ACT=WARN prior_payoff=-66.614 extra_penalty=5.750 new_payoff=-72.864
[FORGIVENESS] CID:8 WARN #20 — streak reset, benefits revoked
⚠ [CAR 8] ACT=WARN REP=0.264 RWD=0.000 PNL=6.250 CREDIT=-1
[PASSIVE-BEACON] SIMNOW:29.034 CID:3 ZONE:2 RXUAV:2 EDGEPORT:9996 TS:29.020 SPD:20.000 HDG:0.000 PX:623.700 PY:-40.000 LAN:4 BRK:0 RX_X:0.000 RX_Y:0.000 RX_Z:0.000
[ZONE-ROUTE] CID:3 zone=2 edge_port=9996
[EDGE-RTT] CID:3 wall=1.0 ms  sim_delay=5.0 ms
[NASH-GATE] CID:3 p=1.0 p*=0.3 EDGE=BAN nashConfirms=Y windowConfirms=Y obs=4/15 p_car=0.700 -> WARN (insufficient evidence)
[PASSIVE-BEACON] SIMNOW:29.036 CID:6 ZONE:2 RXUAV:2 EDGEPORT:9996 TS:29.022 SPD:15.200 HDG:-0.000 PX:624.400 PY:-20.000 LAN:2 BRK:0 RX_X:0.000 RX_Y:0.000 RX_Z:0.000
[ZONE-ROUTE] CID:6 zone=2 edge_port=9996
[EDGE-RTT] CID:6 wall=0.8 ms  sim_delay=5.0 ms
>>> [UAV->CLOUD] BLK:bda7|TX:7.0.0.10|CID:6|TS:29.022|SPD:15.2|HDG:-0.0|PX:624.4|PY:-20.0...
[ECON-CLAWBACK] CID:3 ACT=WARN prior_payoff=-66.2 extra_penalty=6.0 new_payoff=-72.7
[FORGIVENESS] CID:3 WARN #21 — streak reset, benefits revoked
⚠ [CAR 3] ACT=WARN REP=0.107 RWD=0.000 PNL=6.500 CREDIT=0
[ECON-GATE] CID:6 probation active - suppressing OK reward 1.000
✓ [CAR 6] ACT=OK REP=0.724 RWD=0.000 PNL=0.000 CREDIT=3
[PASSIVE-BEACON] SIMNOW:29.146 CID:7 ZONE:2 RXUAV:2 EDGEPORT:9996 TS:29.132 SPD:15.200 HDG:1.300 PX:634.800 PY:-30.000 LAN:3 BRK:0 RX_X:0.000 RX_Y:0.000 RX_Z:0.000
[ZONE-ROUTE] CID:7 zone=2 edge_port=9996
[EDGE-RTT] CID:7 wall=1.1 ms  sim_delay=5.0 ms
>>> [UAV->CLOUD] BLK:4958|TX:7.0.0.11|CID:7|TS:29.132|SPD:15.2|HDG:1.3|PX:634.8|PY:-30.0|...
[ECON-GATE] CID:7 probation active - suppressing OK reward 1.0
✓ [CAR 7] ACT=OK REP=0.634 RWD=0.000 PNL=0.000 CREDIT=4
[ATTACK-EMIT] CID:0 activeWindow=YES falsified=YES simT=29.220 realPX=596.700 fakePX=596.700 realSPD=15.000 fakeSPD=20.000 realTS=29.220 fakeTS=29.220 lane=1
[ATTACK-EMIT] CID:1 activeWindow=YES falsified=YES simT=29.220 realPX=606.700 fakePX=606.700 realSPD=15.000 fakeSPD=20.000 realTS=29.220 fakeTS=29.220 lane=2
[ATTACK-EMIT] CID:5 activeWindow=YES falsified=YES simT=29.232 realPX=616.880 fakePX=616.880 realSPD=15.000 fakeSPD=20.000 realTS=29.232 fakeTS=29.232 lane=1
[PASSIVE-BEACON] SIMNOW:29.234 CID:1 ZONE:2 RXUAV:2 EDGEPORT:9996 TS:29.220 SPD:20.000 HDG:0.000 PX:606.700 PY:-20.000 LAN:2 BRK:0 RX_X:0.000 RX_Y:0.000 RX_Z:0.000
[NO-HANDOVER-COLDSTART] CID:1 Z1->Z2 PX=606.7 alpha:17.9->2.0 beta:16.5->1.0 safeWins:11->0 old_banned=NO target_state=COLD
[ZONE-ROUTE] CID:1 zone=2 edge_port=9996
[EDGE-RTT] CID:1 wall=1.1 ms  sim_delay=5.0 ms
>>> [UAV->CLOUD] BLK:fe82|TX:7.0.0.5|CID:1|TS:29.220|SPD:20.0|HDG:0.0|PX:606.7|PY:-20.0|L...
[PASSIVE-BEACON] SIMNOW:29.234 CID:0 ZONE:1 RXUAV:1 EDGEPORT:9998 TS:29.220 SPD:20.000 HDG:0.000 PX:596.700 PY:-10.000 LAN:1 BRK:1 RX_X:0.000 RX_Y:0.000 RX_Z:0.000
[ZONE-ROUTE] CID:0 zone=1 edge_port=9998
[EDGE-RTT] CID:0 wall=1.0 ms  sim_delay=10.0 ms
>>> [UAV->CLOUD] BLK:0394|TX:7.0.0.4|CID:0|TS:29.220|SPD:20.0|HDG:0.0|PX:596.7|PY:-10.0|L...
✓ [CAR 0] ACT=OK REP=0.326 RWD=1.000 PNL=0.000 CREDIT=16
[ECON-GATE] CID:1 probation active - suppressing OK reward 0.996
✓ [CAR 1] ACT=OK REP=0.668 RWD=0.000 PNL=0.000 CREDIT=0
[PASSIVE-BEACON] SIMNOW:29.304 CID:4 ZONE:2 RXUAV:2 EDGEPORT:9996 TS:29.290 SPD:15.100 HDG:0.600 PX:637.100 PY:-50.000 LAN:5 BRK:0 RX_X:0.000 RX_Y:0.000 RX_Z:0.000
[ZONE-ROUTE] CID:4 zone=2 edge_port=9996
[EDGE-RTT] CID:4 wall=0.8 ms  sim_delay=5.0 ms
>>> [UAV->CLOUD] BLK:8bd7|TX:7.0.0.8|CID:4|TS:29.290|SPD:15.1|HDG:0.6|PX:637.1|PY:-50.0|L...
[ECON-GATE] CID:4 probation active - suppressing OK reward 1.0
✓ [CAR 4] ACT=OK REP=0.421 RWD=0.000 PNL=0.000 CREDIT=0
[ATTACK-EMIT] CID:2 activeWindow=YES falsified=YES simT=29.370 realPX=618.950 fakePX=618.950 realSPD=15.000 fakeSPD=20.000 realTS=29.370 fakeTS=29.370 lane=99
[PASSIVE-BEACON] SIMNOW:29.384 CID:2 ZONE:2 RXUAV:2 EDGEPORT:9996 TS:29.370 SPD:20.000 HDG:0.000 PX:619.000 PY:-30.000 LAN:99 BRK:0 RX_X:0.000 RX_Y:0.000 RX_Z:0.000
[ZONE-ROUTE] CID:2 zone=2 edge_port=9996
[EDGE-RTT] CID:2 wall=1.2 ms  sim_delay=5.0 ms
>>> [UAV->CLOUD] BLK:3130|TX:7.0.0.6|CID:2|TS:29.370|SPD:20.0|HDG:0.0|PX:619.0|PY:-30.0|L...
[ECON-GATE] CID:2 probation active - suppressing OK reward 1.0
✓ [CAR 2] ACT=OK REP=1.000 RWD=0.000 PNL=0.000 CREDIT=1
[PASSIVE-BEACON] SIMNOW:29.496 CID:9 ZONE:2 RXUAV:2 EDGEPORT:9996 TS:29.482 SPD:15.000 HDG:-0.200 PX:660.800 PY:-50.000 LAN:5 BRK:0 RX_X:0.000 RX_Y:0.000 RX_Z:0.000
[ZONE-ROUTE] CID:9 zone=2 edge_port=9996
[EDGE-RTT] CID:9 wall=1.0 ms  sim_delay=5.0 ms
[NASH-GATE] CID:9 p=1.0 p*=0.3 EDGE=BAN nashConfirms=Y windowConfirms=Y obs=5/15 p_car=0.769 -> WARN (insufficient evidence)
[PASSIVE-BEACON] SIMNOW:29.509 CID:8 ZONE:2 RXUAV:2 EDGEPORT:9996 TS:29.492 SPD:15.100 HDG:-1.200 PX:650.200 PY:-40.000 LAN:4 BRK:0 RX_X:0.000 RX_Y:0.000 RX_Z:0.000
[ZONE-ROUTE] CID:8 zone=2 edge_port=9996
[EDGE-RTT] CID:8 wall=0.9 ms  sim_delay=5.0 ms
[NASH-GATE] CID:8 p=1.0 p*=0.3 EDGE=BAN nashConfirms=Y windowConfirms=Y obs=6/15 p_car=0.865 -> WARN (insufficient evidence)
[ECON-CLAWBACK] CID:9 ACT=WARN prior_payoff=-44.531 extra_penalty=5.000 new_payoff=-50.031
[FORGIVENESS] CID:9 WARN #17 — streak reset, benefits revoked
⚠ [CAR 9] ACT=WARN REP=0.320 RWD=0.000 PNL=5.500 CREDIT=0
[ATTACK-EMIT] CID:3 activeWindow=YES falsified=YES simT=29.520 realPX=631.200 fakePX=631.200 realSPD=15.000 fakeSPD=20.000 realTS=29.520 fakeTS=29.520 lane=4
[ECON-CLAWBACK] CID:8 ACT=WARN prior_payoff=-72.864 extra_penalty=6.000 new_payoff=-79.364
[FORGIVENESS] CID:8 WARN #21 — streak reset, benefits revoked
⚠ [CAR 8] ACT=WARN REP=0.110 RWD=0.000 PNL=6.500 CREDIT=-1
[PASSIVE-BEACON] SIMNOW:29.534 CID:3 ZONE:2 RXUAV:2 EDGEPORT:9996 TS:29.520 SPD:20.000 HDG:0.000 PX:631.200 PY:-40.000 LAN:4 BRK:0 RX_X:0.000 RX_Y:0.000 RX_Z:0.000
[ZONE-ROUTE] CID:3 zone=2 edge_port=9996
[EDGE-RTT] CID:3 wall=0.9 ms  sim_delay=5.0 ms
[NASH-GATE] CID:3 p=1.0 p*=0.3 EDGE=BAN nashConfirms=Y windowConfirms=Y obs=5/15 p_car=0.769 -> WARN (insufficient evidence)
[PASSIVE-BEACON] SIMNOW:29.536 CID:6 ZONE:2 RXUAV:2 EDGEPORT:9996 TS:29.522 SPD:15.300 HDG:1.600 PX:631.600 PY:-20.000 LAN:2 BRK:0 RX_X:0.000 RX_Y:0.000 RX_Z:0.000
[ZONE-ROUTE] CID:6 zone=2 edge_port=9996
[EDGE-RTT] CID:6 wall=0.7 ms  sim_delay=5.0 ms
>>> [UAV->CLOUD] BLK:cbab|TX:7.0.0.10|CID:6|TS:29.522|SPD:15.3|HDG:1.6|PX:631.6|PY:-20.0|...
[ECON-CLAWBACK] CID:3 ACT=WARN prior_payoff=-72.7 extra_penalty=6.2 new_payoff=-79.5
[FORGIVENESS] CID:3 WARN #22 — streak reset, benefits revoked
⚠ [CAR 3] ACT=WARN REP=0.009 RWD=0.000 PNL=6.750 CREDIT=0
[ECON-GATE] CID:6 probation active - suppressing OK reward 1.000
✓ [CAR 6] ACT=OK REP=0.757 RWD=0.000 PNL=0.000 CREDIT=4
[PASSIVE-BEACON] SIMNOW:29.646 CID:7 ZONE:2 RXUAV:2 EDGEPORT:9996 TS:29.632 SPD:14.500 HDG:-1.700 PX:643.000 PY:-30.000 LAN:3 BRK:0 RX_X:0.000 RX_Y:0.000 RX_Z:0.000
[ZONE-ROUTE] CID:7 zone=2 edge_port=9996
[EDGE-RTT] CID:7 wall=1.2 ms  sim_delay=5.0 ms
>>> [UAV->CLOUD] BLK:c130|TX:7.0.0.11|CID:7|TS:29.632|SPD:14.5|HDG:-1.7|PX:643.0|PY:-30.0...
[ECON-GATE] CID:7 probation active - suppressing OK reward 1.0
✓ [CAR 7] ACT=OK REP=0.773 RWD=0.000 PNL=0.000 CREDIT=5
[ATTACK-EMIT] CID:0 activeWindow=YES falsified=YES simT=29.720 realPX=604.200 fakePX=566.802 realSPD=15.000 fakeSPD=20.000 realTS=29.720 fakeTS=29.220 lane=1
[ATTACK-EMIT] CID:1 activeWindow=YES falsified=YES simT=29.720 realPX=614.200 fakePX=614.200 realSPD=15.000 fakeSPD=20.000 realTS=29.720 fakeTS=29.720 lane=2
[ATTACK-EMIT] CID:5 activeWindow=YES falsified=YES simT=29.732 realPX=624.380 fakePX=564.272 realSPD=15.000 fakeSPD=22.000 realTS=29.732 fakeTS=29.232 lane=1
[PASSIVE-BEACON] SIMNOW:29.734 CID:1 ZONE:2 RXUAV:2 EDGEPORT:9996 TS:29.720 SPD:20.000 HDG:0.000 PX:614.200 PY:-20.000 LAN:2 BRK:0 RX_X:0.000 RX_Y:0.000 RX_Z:0.000
[ZONE-ROUTE] CID:1 zone=2 edge_port=9996
[EDGE-RTT] CID:1 wall=0.8 ms  sim_delay=5.0 ms
>>> [UAV->CLOUD] BLK:1865|TX:7.0.0.5|CID:1|TS:29.720|SPD:20.0|HDG:0.0|PX:614.2|PY:-20.0|L...
[PASSIVE-BEACON] SIMNOW:29.734 CID:0 ZONE:1 RXUAV:1 EDGEPORT:9998 TS:29.220 SPD:20.000 HDG:0.000 PX:566.800 PY:-10.000 LAN:1 BRK:0 RX_X:0.000 RX_Y:0.000 RX_Z:0.000
[ZONE-ROUTE] CID:0 zone=1 edge_port=9998
[EDGE-RTT] CID:0 wall=0.9 ms  sim_delay=10.0 ms
[NASH-GATE] CID:0 p=0.3 p*=0.3 EDGE=BAN nashConfirms=N windowConfirms=N obs=56/15 p_car=0.466 -> WARN (insufficient evidence)
[ECON-CLAWBACK] CID:0 ACT=WARN prior_payoff=-70.026 extra_penalty=6.250 new_payoff=-76.451
[FORGIVENESS] CID:0 WARN #22 — streak reset, benefits revoked
⚠ [CAR 0] ACT=WARN REP=0.671 RWD=0.000 PNL=6.425 CREDIT=15
[ECON-GATE] CID:1 probation active - suppressing OK reward 1.000
✓ [CAR 1] ACT=OK REP=1.000 RWD=0.000 PNL=0.000 CREDIT=1
[PASSIVE-BEACON] SIMNOW:29.804 CID:4 ZONE:2 RXUAV:2 EDGEPORT:9996 TS:29.790 SPD:15.400 HDG:-0.200 PX:644.900 PY:-50.000 LAN:5 BRK:0 RX_X:0.000 RX_Y:0.000 RX_Z:0.000
[ZONE-ROUTE] CID:4 zone=2 edge_port=9996
[EDGE-RTT] CID:4 wall=1.0 ms  sim_delay=5.0 ms
>>> [UAV->CLOUD] BLK:7aef|TX:7.0.0.8|CID:4|TS:29.790|SPD:15.4|HDG:-0.2|PX:644.9|PY:-50.0|...
[ECON-GATE] CID:4 probation active - suppressing OK reward 1.0
✓ [CAR 4] ACT=OK REP=0.861 RWD=0.000 PNL=0.000 CREDIT=1
[ATTACK-EMIT] CID:2 activeWindow=YES falsified=YES simT=29.870 realPX=626.450 fakePX=566.222 realSPD=15.000 fakeSPD=20.000 realTS=29.870 fakeTS=29.370 lane=99
[PASSIVE-BEACON] SIMNOW:29.884 CID:2 ZONE:1 RXUAV:1 EDGEPORT:9998 TS:29.370 SPD:20.000 HDG:0.000 PX:566.200 PY:-30.000 LAN:99 BRK:0 RX_X:0.000 RX_Y:0.000 RX_Z:0.000
[ZONE-ROUTE] CID:2 zone=2 edge_port=9996
[EDGE-RTT] CID:2 wall=1.3 ms  sim_delay=5.0 ms
[NASH-GATE] CID:2 p=0.3 p*=0.3 EDGE=BAN nashConfirms=N windowConfirms=N obs=3/15 p_car=0.572 -> WARN (insufficient evidence)
[ECON-CLAWBACK] CID:2 ACT=WARN prior_payoff=-84.338 extra_penalty=6.500 new_payoff=-91.013
[FORGIVENESS] CID:2 WARN #23 — streak reset, benefits revoked
⚠ [CAR 2] ACT=WARN REP=0.562 RWD=0.000 PNL=6.675 CREDIT=0
[PASSIVE-BEACON] SIMNOW:29.996 CID:9 ZONE:2 RXUAV:2 EDGEPORT:9996 TS:29.982 SPD:15.400 HDG:0.400 PX:667.500 PY:-50.000 LAN:5 BRK:0 RX_X:0.000 RX_Y:0.000 RX_Z:0.000
[ZONE-ROUTE] CID:9 zone=2 edge_port=9996
[EDGE-RTT] CID:9 wall=1.0 ms  sim_delay=5.0 ms
[NASH-GATE] CID:9 p=1.0 p*=0.3 EDGE=BAN nashConfirms=Y windowConfirms=Y obs=6/15 p_car=0.813 -> WARN (insufficient evidence)
[HANDOVER-DISABLED] CID:0 trigger SUPPRESSED from_Z1 to_Z2 at posX=608.400 distLeft=291.600m
[HANDOVER-DISABLED] CID:1 trigger SUPPRESSED from_Z1 to_Z2 at posX=618.400 distLeft=281.600m
[HANDOVER-DISABLED] CID:2 trigger SUPPRESSED from_Z1 to_Z2 at posX=628.400 distLeft=271.600m
[HANDOVER-DISABLED] CID:3 trigger SUPPRESSED from_Z1 to_Z2 at posX=638.400 distLeft=261.600m
[HANDOVER-DISABLED] CID:4 trigger SUPPRESSED from_Z1 to_Z2 at posX=648.400 distLeft=251.600m
[HANDOVER-DISABLED] CID:5 trigger SUPPRESSED from_Z1 to_Z2 at posX=628.400 distLeft=271.600m
[HANDOVER-DISABLED] CID:6 trigger SUPPRESSED from_Z1 to_Z2 at posX=638.400 distLeft=261.600m
[HANDOVER-DISABLED] CID:7 trigger SUPPRESSED from_Z1 to_Z2 at posX=648.400 distLeft=251.600m
[HANDOVER-DISABLED] CID:8 trigger SUPPRESSED from_Z1 to_Z2 at posX=658.400 distLeft=241.600m
[HANDOVER-DISABLED] CID:9 trigger SUPPRESSED from_Z1 to_Z2 at posX=668.400 distLeft=231.600m
[PASSIVE-BEACON] SIMNOW:30.006 CID:8 ZONE:2 RXUAV:2 EDGEPORT:9996 TS:29.992 SPD:15.400 HDG:1.100 PX:657.800 PY:-40.000 LAN:4 BRK:1 RX_X:0.000 RX_Y:0.000 RX_Z:0.000
[ZONE-ROUTE] CID:8 zone=2 edge_port=9996
[EDGE-RTT] CID:8 wall=0.9 ms  sim_delay=5.0 ms
[NASH-GATE] CID:8 p=1.0 p*=0.3 EDGE=BAN nashConfirms=Y windowConfirms=Y obs=7/15 p_car=0.884 -> WARN (insufficient evidence)
[ECON-CLAWBACK] CID:9 ACT=WARN prior_payoff=-50.031 extra_penalty=5.250 new_payoff=-55.781
[FORGIVENESS] CID:9 WARN #18 — streak reset, benefits revoked
⚠ [CAR 9] ACT=WARN REP=0.000 RWD=0.000 PNL=5.750 CREDIT=0
[ATTACK-EMIT] CID:3 activeWindow=YES falsified=YES simT=30.020 realPX=638.700 fakePX=567.772 realSPD=15.000 fakeSPD=20.000 realTS=30.020 fakeTS=29.520 lane=4
[ECON-CLAWBACK] CID:8 ACT=WARN prior_payoff=-79.364 extra_penalty=6.250 new_payoff=-86.114
[FORGIVENESS] CID:8 WARN #22 — streak reset, benefits revoked
⚠ [CAR 8] ACT=WARN REP=0.000 RWD=0.000 PNL=6.750 CREDIT=-1
[PKT-DROP] UAV dropped telemetry from 7.0.0.7 (drop_rate=1%)
[PASSIVE-BEACON] SIMNOW:30.036 CID:6 ZONE:2 RXUAV:2 EDGEPORT:9996 TS:30.022 SPD:15.000 HDG:1.900 PX:638.100 PY:-20.000 LAN:2 BRK:0 RX_X:0.000 RX_Y:0.000 RX_Z:0.000
[ZONE-ROUTE] CID:6 zone=2 edge_port=9996
[EDGE-RTT] CID:6 wall=1.1 ms  sim_delay=5.0 ms
>>> [UAV->CLOUD] BLK:c363|TX:7.0.0.10|CID:6|TS:30.022|SPD:15.0|HDG:1.9|PX:638.1|PY:-20.0|...
[ECON-GATE] CID:6 probation active - suppressing OK reward 1.0
✓ [CAR 6] ACT=OK REP=0.931 RWD=0.000 PNL=0.000 CREDIT=5
[PASSIVE-BEACON] SIMNOW:30.146 CID:7 ZONE:2 RXUAV:2 EDGEPORT:9996 TS:30.132 SPD:15.300 HDG:-0.900 PX:650.000 PY:-30.000 LAN:3 BRK:1 RX_X:0.000 RX_Y:0.000 RX_Z:0.000
[ZONE-ROUTE] CID:7 zone=2 edge_port=9996
[EDGE-RTT] CID:7 wall=1.2 ms  sim_delay=5.0 ms
>>> [UAV->CLOUD] BLK:fb66|TX:7.0.0.11|CID:7|TS:30.132|SPD:15.3|HDG:-0.9|PX:650.0|PY:-30.0...
[ECON-GATE] CID:7 probation active - suppressing OK reward 1.0
✓ [CAR 7] ACT=OK REP=0.779 RWD=0.000 PNL=0.000 CREDIT=6
[ATTACK-EMIT] CID:0 activeWindow=YES falsified=YES simT=30.220 realPX=611.700 fakePX=611.700 realSPD=15.000 fakeSPD=20.000 realTS=30.220 fakeTS=30.220 lane=1
[ATTACK-EMIT] CID:1 activeWindow=YES falsified=YES simT=30.220 realPX=621.700 fakePX=561.982 realSPD=15.000 fakeSPD=20.000 realTS=30.220 fakeTS=29.720 lane=2
[ATTACK-EMIT] CID:5 activeWindow=YES falsified=YES simT=30.232 realPX=631.880 fakePX=631.880 realSPD=15.000 fakeSPD=20.000 realTS=30.232 fakeTS=30.232 lane=1
[PASSIVE-BEACON] SIMNOW:30.234 CID:1 ZONE:1 RXUAV:1 EDGEPORT:9998 TS:29.720 SPD:20.000 HDG:0.000 PX:562.000 PY:-20.000 LAN:2 BRK:0 RX_X:0.000 RX_Y:0.000 RX_Z:0.000
[ZONE-ROUTE] CID:1 zone=2 edge_port=9996
[EDGE-RTT] CID:1 wall=1.1 ms  sim_delay=5.0 ms
[NASH-GATE] CID:1 p=0.3 p*=0.3 EDGE=BAN nashConfirms=N windowConfirms=N obs=3/15 p_car=0.572 -> WARN (insufficient evidence)
[PASSIVE-BEACON] SIMNOW:30.234 CID:0 ZONE:2 RXUAV:2 EDGEPORT:9996 TS:30.220 SPD:20.000 HDG:0.000 PX:611.700 PY:-10.000 LAN:1 BRK:0 RX_X:0.000 RX_Y:0.000 RX_Z:0.000
[NO-HANDOVER-COLDSTART] CID:0 Z1->Z2 PX=611.7 alpha:19.0->2.0 beta:16.5->1.0 safeWins:17->0 old_banned=NO target_state=COLD
[ZONE-ROUTE] CID:0 zone=2 edge_port=9996
[EDGE-RTT] CID:0 wall=1.6 ms  sim_delay=10.0 ms
>>> [UAV->CLOUD] BLK:46e3|TX:7.0.0.4|CID:0|TS:30.220|SPD:20.0|HDG:0.0|PX:611.7|PY:-10.0|L...
[ECON-GATE] CID:0 probation active - suppressing OK reward 1.0
✓ [CAR 0] ACT=OK REP=0.600 RWD=0.000 PNL=0.000 CREDIT=0
[ECON-CLAWBACK] CID:1 ACT=WARN prior_payoff=-79.038 extra_penalty=6.500 new_payoff=-85.713
[FORGIVENESS] CID:1 WARN #23 — streak reset, benefits revoked
⚠ [CAR 1] ACT=WARN REP=0.493 RWD=0.000 PNL=6.675 CREDIT=0
[PASSIVE-BEACON] SIMNOW:30.304 CID:4 ZONE:2 RXUAV:2 EDGEPORT:9996 TS:30.290 SPD:14.700 HDG:1.100 PX:652.200 PY:-50.000 LAN:5 BRK:0 RX_X:0.000 RX_Y:0.000 RX_Z:0.000
[ZONE-ROUTE] CID:4 zone=2 edge_port=9996
[EDGE-RTT] CID:4 wall=1.1 ms  sim_delay=5.0 ms
>>> [UAV->CLOUD] BLK:479f|TX:7.0.0.8|CID:4|TS:30.290|SPD:14.7|HDG:1.1|PX:652.2|PY:-50.0|L...
[ECON-GATE] CID:4 probation active - suppressing OK reward 1.0
✓ [CAR 4] ACT=OK REP=0.526 RWD=0.000 PNL=0.000 CREDIT=2
[ATTACK-EMIT] CID:2 activeWindow=YES falsified=YES simT=30.370 realPX=633.950 fakePX=633.950 realSPD=15.000 fakeSPD=20.000 realTS=30.370 fakeTS=30.370 lane=3
[PASSIVE-BEACON] SIMNOW:30.384 CID:2 ZONE:2 RXUAV:2 EDGEPORT:9996 TS:30.370 SPD:20.000 HDG:0.000 PX:634.000 PY:-30.000 LAN:3 BRK:0 RX_X:0.000 RX_Y:0.000 RX_Z:0.000
[ZONE-ROUTE] CID:2 zone=2 edge_port=9996
[EDGE-RTT] CID:2 wall=1.0 ms  sim_delay=5.0 ms
[NASH-GATE] CID:2 p=1.0 p*=0.3 EDGE=BAN nashConfirms=Y windowConfirms=Y obs=4/15 p_car=0.700 -> WARN (insufficient evidence)
[ECON-CLAWBACK] CID:2 ACT=WARN prior_payoff=-91.013 extra_penalty=6.750 new_payoff=-98.263
[FORGIVENESS] CID:2 WARN #24 — streak reset, benefits revoked
⚠ [CAR 2] ACT=WARN REP=0.216 RWD=0.000 PNL=7.250 CREDIT=0
[PASSIVE-BEACON] SIMNOW:30.496 CID:9 ZONE:2 RXUAV:2 EDGEPORT:9996 TS:30.482 SPD:15.400 HDG:-0.600 PX:675.500 PY:-50.000 LAN:5 BRK:0 RX_X:0.000 RX_Y:0.000 RX_Z:0.000
[ZONE-ROUTE] CID:9 zone=2 edge_port=9996
[EDGE-RTT] CID:9 wall=0.9 ms  sim_delay=5.0 ms
[NASH-GATE] CID:9 p=1.0 p*=0.3 EDGE=BAN nashConfirms=Y windowConfirms=Y obs=7/15 p_car=0.842 -> WARN (insufficient evidence)
[PASSIVE-BEACON] SIMNOW:30.506 CID:8 ZONE:2 RXUAV:2 EDGEPORT:9996 TS:30.492 SPD:14.900 HDG:-1.800 PX:666.400 PY:-40.000 LAN:4 BRK:0 RX_X:0.000 RX_Y:0.000 RX_Z:0.000
[ZONE-ROUTE] CID:8 zone=2 edge_port=9996
[EDGE-RTT] CID:8 wall=0.9 ms  sim_delay=5.0 ms
[NASH-GATE] CID:8 p=1.0 p*=0.3 EDGE=BAN nashConfirms=Y windowConfirms=Y obs=8/15 p_car=0.898 -> WARN (insufficient evidence)
[ECON-CLAWBACK] CID:9 ACT=WARN prior_payoff=-55.781 extra_penalty=5.500 new_payoff=-61.781
[FORGIVENESS] CID:9 WARN #19 — streak reset, benefits revoked
⚠ [CAR 9] ACT=WARN REP=0.267 RWD=0.000 PNL=6.000 CREDIT=0
[ECON-CLAWBACK] CID:8 ACT=WARN prior_payoff=-86.114 extra_penalty=6.500 new_payoff=-93.114
[FORGIVENESS] CID:8 WARN #23 — streak reset, benefits revoked
⚠ [CAR 8] ACT=WARN REP=0.190 RWD=0.000 PNL=7.000 CREDIT=-1
[PASSIVE-BEACON] SIMNOW:30.536 CID:6 ZONE:2 RXUAV:2 EDGEPORT:9996 TS:30.522 SPD:15.000 HDG:-0.900 PX:646.500 PY:-20.000 LAN:2 BRK:0 RX_X:0.000 RX_Y:0.000 RX_Z:0.000
[ZONE-ROUTE] CID:6 zone=2 edge_port=9996
[EDGE-RTT] CID:6 wall=0.9 ms  sim_delay=5.0 ms
>>> [UAV->CLOUD] BLK:c208|TX:7.0.0.10|CID:6|TS:30.522|SPD:15.0|HDG:-0.9|PX:646.5|PY:-20.0...
[PASSIVE-BEACON] SIMNOW:30.537 CID:3 ZONE:2 RXUAV:2 EDGEPORT:9996 TS:30.520 SPD:15.100 HDG:1.800 PX:646.000 PY:-40.000 LAN:4 BRK:0 RX_X:0.000 RX_Y:0.000 RX_Z:0.000
[ZONE-ROUTE] CID:3 zone=2 edge_port=9996
[EDGE-RTT] CID:3 wall=0.9 ms  sim_delay=5.0 ms
[NASH-GATE] CID:3 p=1.0 p*=0.3 EDGE=BAN nashConfirms=Y windowConfirms=Y obs=6/15 p_car=0.813 -> WARN (insufficient evidence)
[ECON-CLAWBACK] CID:3 ACT=WARN prior_payoff=-79.469 extra_penalty=6.500 new_payoff=-86.469
[FORGIVENESS] CID:3 WARN #23 — streak reset, benefits revoked
⚠ [CAR 3] ACT=WARN REP=0.072 RWD=0.000 PNL=7.000 CREDIT=0
[ECON-GATE] CID:6 probation active - suppressing OK reward 1.000
[ECON-RESTORE] CID:6 probation cleared after 15 clean packets
✓ [CAR 6] ACT=OK REP=0.928 RWD=0.000 PNL=0.000 CREDIT=6
[PASSIVE-BEACON] SIMNOW:30.646 CID:7 ZONE:2 RXUAV:2 EDGEPORT:9996 TS:30.632 SPD:14.600 HDG:-1.100 PX:657.700 PY:-30.000 LAN:3 BRK:0 RX_X:0.000 RX_Y:0.000 RX_Z:0.000
[ZONE-ROUTE] CID:7 zone=2 edge_port=9996
[EDGE-RTT] CID:7 wall=0.7 ms  sim_delay=5.0 ms
>>> [UAV->CLOUD] BLK:6a20|TX:7.0.0.11|CID:7|TS:30.632|SPD:14.6|HDG:-1.1|PX:657.7|PY:-30.0...
[ECON-GATE] CID:7 probation active - suppressing OK reward 1.0
✓ [CAR 7] ACT=OK REP=0.825 RWD=0.000 PNL=0.000 CREDIT=7
[ATTACK-EMIT] CID:0 activeWindow=YES falsified=YES simT=30.720 realPX=619.200 fakePX=619.200 realSPD=15.000 fakeSPD=20.000 realTS=30.720 fakeTS=30.720 lane=1
[ATTACK-EMIT] CID:1 activeWindow=YES falsified=YES simT=30.720 realPX=629.200 fakePX=629.200 realSPD=15.000 fakeSPD=20.000 realTS=30.720 fakeTS=30.720 lane=2
[ATTACK-EMIT] CID:5 activeWindow=YES falsified=YES simT=30.732 realPX=639.380 fakePX=639.380 realSPD=15.000 fakeSPD=20.000 realTS=30.732 fakeTS=30.732 lane=1
[PASSIVE-BEACON] SIMNOW:30.734 CID:1 ZONE:2 RXUAV:2 EDGEPORT:9996 TS:30.720 SPD:20.000 HDG:0.000 PX:629.200 PY:-20.000 LAN:2 BRK:0 RX_X:0.000 RX_Y:0.000 RX_Z:0.000
[ZONE-ROUTE] CID:1 zone=2 edge_port=9996
[EDGE-RTT] CID:1 wall=1.0 ms  sim_delay=5.0 ms
[NASH-GATE] CID:1 p=1.0 p*=0.3 EDGE=BAN nashConfirms=Y windowConfirms=Y obs=4/15 p_car=0.700 -> WARN (insufficient evidence)
[PASSIVE-BEACON] SIMNOW:30.734 CID:0 ZONE:2 RXUAV:2 EDGEPORT:9996 TS:30.720 SPD:20.000 HDG:0.000 PX:619.200 PY:-10.000 LAN:1 BRK:0 RX_X:0.000 RX_Y:0.000 RX_Z:0.000
[ZONE-ROUTE] CID:0 zone=2 edge_port=9996
[EDGE-RTT] CID:0 wall=1.6 ms  sim_delay=10.0 ms
>>> [UAV->CLOUD] BLK:495f|TX:7.0.0.4|CID:0|TS:30.720|SPD:20.0|HDG:0.0|PX:619.2|PY:-10.0|L...
[ECON-GATE] CID:0 probation active - suppressing OK reward 1.0
✓ [CAR 0] ACT=OK REP=0.806 RWD=0.000 PNL=0.000 CREDIT=1
[ECON-CLAWBACK] CID:1 ACT=WARN prior_payoff=-85.713 extra_penalty=6.750 new_payoff=-92.963
[FORGIVENESS] CID:1 WARN #24 — streak reset, benefits revoked
⚠ [CAR 1] ACT=WARN REP=0.418 RWD=0.000 PNL=7.250 CREDIT=0
[PASSIVE-BEACON] SIMNOW:30.804 CID:4 ZONE:2 RXUAV:2 EDGEPORT:9996 TS:30.790 SPD:15.200 HDG:-1.100 PX:660.400 PY:-50.000 LAN:5 BRK:0 RX_X:0.000 RX_Y:0.000 RX_Z:0.000
[ZONE-ROUTE] CID:4 zone=2 edge_port=9996
[EDGE-RTT] CID:4 wall=1.2 ms  sim_delay=5.0 ms
>>> [UAV->CLOUD] BLK:d283|TX:7.0.0.8|CID:4|TS:30.790|SPD:15.2|HDG:-1.1|PX:660.4|PY:-50.0|...
[ECON-GATE] CID:4 probation active - suppressing OK reward 1.0
✓ [CAR 4] ACT=OK REP=0.561 RWD=0.000 PNL=0.000 CREDIT=3
[PASSIVE-BEACON] SIMNOW:30.884 CID:2 ZONE:2 RXUAV:2 EDGEPORT:9996 TS:30.870 SPD:15.400 HDG:1.900 PX:641.900 PY:-30.000 LAN:3 BRK:0 RX_X:0.000 RX_Y:0.000 RX_Z:0.000
[ZONE-ROUTE] CID:2 zone=2 edge_port=9996
[EDGE-RTT] CID:2 wall=1.0 ms  sim_delay=5.0 ms
[NASH-GATE] CID:2 p=1.0 p*=0.3 EDGE=BAN nashConfirms=Y windowConfirms=Y obs=5/15 p_car=0.769 -> WARN (insufficient evidence)
[ECON-CLAWBACK] CID:2 ACT=WARN prior_payoff=-98.263 extra_penalty=7.000 new_payoff=-105.763
[FORGIVENESS] CID:2 WARN #25 — streak reset, benefits revoked
⚠ [CAR 2] ACT=WARN REP=0.247 RWD=0.000 PNL=7.500 CREDIT=0
[PASSIVE-BEACON] SIMNOW:30.996 CID:9 ZONE:2 RXUAV:2 EDGEPORT:9996 TS:30.982 SPD:14.900 HDG:1.100 PX:683.400 PY:-50.000 LAN:5 BRK:0 RX_X:0.000 RX_Y:0.000 RX_Z:0.000
[ZONE-ROUTE] CID:9 zone=2 edge_port=9996
[EDGE-RTT] CID:9 wall=1.0 ms  sim_delay=5.0 ms
[NASH-GATE] CID:9 p=1.0 p*=0.3 EDGE=BAN nashConfirms=Y windowConfirms=Y obs=8/15 p_car=0.864 -> WARN (insufficient evidence)
[PASSIVE-BEACON] SIMNOW:31.006 CID:8 ZONE:2 RXUAV:2 EDGEPORT:9996 TS:30.992 SPD:14.800 HDG:1.000 PX:673.400 PY:-40.000 LAN:4 BRK:0 RX_X:0.000 RX_Y:0.000 RX_Z:0.000
[ZONE-ROUTE] CID:8 zone=2 edge_port=9996
[EDGE-RTT] CID:8 wall=0.8 ms  sim_delay=5.0 ms
[NASH-GATE] CID:8 p=1.0 p*=0.3 EDGE=BAN nashConfirms=Y windowConfirms=Y obs=9/15 p_car=0.909 -> WARN (insufficient evidence)
[ECON-CLAWBACK] CID:9 ACT=WARN prior_payoff=-61.781 extra_penalty=5.750 new_payoff=-68.031
[FORGIVENESS] CID:9 WARN #20 — streak reset, benefits revoked
⚠ [CAR 9] ACT=WARN REP=0.121 RWD=0.000 PNL=6.250 CREDIT=0
[ECON-CLAWBACK] CID:8 ACT=WARN prior_payoff=-93.114 extra_penalty=6.750 new_payoff=-100.364
[FORGIVENESS] CID:8 WARN #24 — streak reset, benefits revoked
⚠ [CAR 8] ACT=WARN REP=0.000 RWD=0.000 PNL=7.250 CREDIT=-1
[PKT-DROP] UAV dropped telemetry from 7.0.0.7 (drop_rate=1%)
[PASSIVE-BEACON] SIMNOW:31.036 CID:6 ZONE:2 RXUAV:2 EDGEPORT:9996 TS:31.022 SPD:14.800 HDG:-0.400 PX:654.300 PY:-20.000 LAN:2 BRK:1 RX_X:0.000 RX_Y:0.000 RX_Z:0.000
[ZONE-ROUTE] CID:6 zone=2 edge_port=9996
[EDGE-RTT] CID:6 wall=0.9 ms  sim_delay=5.0 ms
>>> [UAV->CLOUD] BLK:3a05|TX:7.0.0.10|CID:6|TS:31.022|SPD:14.8|HDG:-0.4|PX:654.3|PY:-20.0...
✓ [CAR 6] ACT=OK REP=0.889 RWD=1.000 PNL=0.000 CREDIT=7
[PASSIVE-BEACON] SIMNOW:31.146 CID:7 ZONE:2 RXUAV:2 EDGEPORT:9996 TS:31.132 SPD:14.800 HDG:-1.300 PX:665.200 PY:-30.000 LAN:3 BRK:0 RX_X:0.000 RX_Y:0.000 RX_Z:0.000
[ZONE-ROUTE] CID:7 zone=2 edge_port=9996
[EDGE-RTT] CID:7 wall=1.2 ms  sim_delay=5.0 ms
>>> [UAV->CLOUD] BLK:7036|TX:7.0.0.11|CID:7|TS:31.132|SPD:14.8|HDG:-1.3|PX:665.2|PY:-30.0...
[ECON-GATE] CID:7 probation active - suppressing OK reward 1.0
✓ [CAR 7] ACT=OK REP=0.969 RWD=0.000 PNL=0.000 CREDIT=8
[ATTACK-EMIT] CID:0 activeWindow=YES falsified=YES simT=31.220 realPX=626.700 fakePX=566.964 realSPD=15.000 fakeSPD=20.000 realTS=31.220 fakeTS=30.720 lane=1
[ATTACK-EMIT] CID:1 activeWindow=YES falsified=YES simT=31.220 realPX=636.700 fakePX=636.700 realSPD=15.000 fakeSPD=20.000 realTS=31.220 fakeTS=31.220 lane=2
[PASSIVE-BEACON] SIMNOW:31.232 CID:1 ZONE:2 RXUAV:2 EDGEPORT:9996 TS:31.220 SPD:20.000 HDG:0.000 PX:636.700 PY:-20.000 LAN:2 BRK:0 RX_X:0.000 RX_Y:0.000 RX_Z:0.000
[ZONE-ROUTE] CID:1 zone=2 edge_port=9996
[EDGE-RTT] CID:1 wall=1.3 ms  sim_delay=5.0 ms
[NASH-GATE] CID:1 p=1.0 p*=0.3 EDGE=BAN nashConfirms=Y windowConfirms=Y obs=5/15 p_car=0.769 -> WARN (insufficient evidence)
[PASSIVE-BEACON] SIMNOW:31.232 CID:0 ZONE:1 RXUAV:1 EDGEPORT:9998 TS:30.720 SPD:20.000 HDG:0.000 PX:567.000 PY:-10.000 LAN:1 BRK:0 RX_X:0.000 RX_Y:0.000 RX_Z:0.000
[ZONE-ROUTE] CID:0 zone=2 edge_port=9996
[EDGE-RTT] CID:0 wall=1.3 ms  sim_delay=10.0 ms
[NASH-GATE] CID:0 p=0.3 p*=0.3 EDGE=BAN nashConfirms=N windowConfirms=N obs=3/15 p_car=0.572 -> WARN (insufficient evidence)
[ECON-CLAWBACK] CID:0 ACT=WARN prior_payoff=-76.451 extra_penalty=6.500 new_payoff=-83.126
[FORGIVENESS] CID:0 WARN #23 — streak reset, benefits revoked
⚠ [CAR 0] ACT=WARN REP=0.309 RWD=0.000 PNL=6.675 CREDIT=0
[ECON-CLAWBACK] CID:1 ACT=WARN prior_payoff=-92.963 extra_penalty=7.000 new_payoff=-100.463
[FORGIVENESS] CID:1 WARN #25 — streak reset, benefits revoked
⚠ [CAR 1] ACT=WARN REP=0.140 RWD=0.000 PNL=7.500 CREDIT=0
[PKT-DROP] UAV dropped telemetry from 7.0.0.8 (drop_rate=1%)
[PASSIVE-BEACON] SIMNOW:31.384 CID:2 ZONE:2 RXUAV:2 EDGEPORT:9996 TS:31.370 SPD:15.400 HDG:-0.300 PX:649.000 PY:-30.000 LAN:3 BRK:0 RX_X:0.000 RX_Y:0.000 RX_Z:0.000
[ZONE-ROUTE] CID:2 zone=2 edge_port=9996
[EDGE-RTT] CID:2 wall=1.1 ms  sim_delay=5.0 ms
[NASH-GATE] CID:2 p=1.0 p*=0.3 EDGE=BAN nashConfirms=Y windowConfirms=Y obs=6/15 p_car=0.813 -> WARN (insufficient evidence)
[ECON-CLAWBACK] CID:2 ACT=WARN prior_payoff=-105.763 extra_penalty=7.250 new_payoff=-113.513
[FORGIVENESS] CID:2 WARN #26 — streak reset, benefits revoked
⚠ [CAR 2] ACT=WARN REP=0.107 RWD=0.000 PNL=7.750 CREDIT=0
[PASSIVE-BEACON] SIMNOW:31.499 CID:9 ZONE:2 RXUAV:2 EDGEPORT:9996 TS:31.482 SPD:14.500 HDG:0.200 PX:691.300 PY:-50.000 LAN:5 BRK:0 RX_X:0.000 RX_Y:0.000 RX_Z:0.000
[ZONE-ROUTE] CID:9 zone=2 edge_port=9996
[EDGE-RTT] CID:9 wall=1.0 ms  sim_delay=5.0 ms
[NASH-GATE] CID:9 p=1.0 p*=0.3 EDGE=BAN nashConfirms=Y windowConfirms=Y obs=9/15 p_car=0.880 -> WARN (insufficient evidence)
[PASSIVE-BEACON] SIMNOW:31.506 CID:8 ZONE:2 RXUAV:2 EDGEPORT:9996 TS:31.492 SPD:14.600 HDG:-1.400 PX:681.300 PY:-40.000 LAN:4 BRK:1 RX_X:0.000 RX_Y:0.000 RX_Z:0.000
[ZONE-ROUTE] CID:8 zone=2 edge_port=9996
[EDGE-RTT] CID:8 wall=0.8 ms  sim_delay=5.0 ms
[NASH-GATE] CID:8 p=1.0 p*=0.3 EDGE=BAN nashConfirms=Y windowConfirms=Y obs=10/15 p_car=0.918 -> WARN (insufficient evidence)
[ECON-CLAWBACK] CID:9 ACT=WARN prior_payoff=-68.031 extra_penalty=6.000 new_payoff=-74.531
[FORGIVENESS] CID:9 WARN #21 — streak reset, benefits revoked
⚠ [CAR 9] ACT=WARN REP=0.164 RWD=0.000 PNL=6.500 CREDIT=0
[ECON-CLAWBACK] CID:8 ACT=WARN prior_payoff=-100.364 extra_penalty=7.000 new_payoff=-107.864
[FORGIVENESS] CID:8 WARN #25 — streak reset, benefits revoked
⚠ [CAR 8] ACT=WARN REP=0.123 RWD=0.000 PNL=7.500 CREDIT=-1
[PKT-DROP] UAV dropped telemetry from 7.0.0.7 (drop_rate=1%)
[PASSIVE-BEACON] SIMNOW:31.536 CID:6 ZONE:2 RXUAV:2 EDGEPORT:9996 TS:31.522 SPD:14.700 HDG:-1.100 PX:661.200 PY:-20.000 LAN:2 BRK:0 RX_X:0.000 RX_Y:0.000 RX_Z:0.000
[ZONE-ROUTE] CID:6 zone=2 edge_port=9996
[EDGE-RTT] CID:6 wall=1.3 ms  sim_delay=5.0 ms
>>> [UAV->CLOUD] BLK:a3f5|TX:7.0.0.10|CID:6|TS:31.522|SPD:14.7|HDG:-1.1|PX:661.2|PY:-20.0...
✓ [CAR 6] ACT=OK REP=0.842 RWD=1.000 PNL=0.000 CREDIT=8
[PASSIVE-BEACON] SIMNOW:31.646 CID:7 ZONE:2 RXUAV:2 EDGEPORT:9996 TS:31.632 SPD:14.800 HDG:-1.800 PX:672.400 PY:-30.000 LAN:3 BRK:0 RX_X:0.000 RX_Y:0.000 RX_Z:0.000
[ZONE-ROUTE] CID:7 zone=2 edge_port=9996
[EDGE-RTT] CID:7 wall=1.2 ms  sim_delay=5.0 ms
>>> [UAV->CLOUD] BLK:7f3c|TX:7.0.0.11|CID:7|TS:31.632|SPD:14.8|HDG:-1.8|PX:672.4|PY:-30.0...
[ECON-GATE] CID:7 probation active - suppressing OK reward 1.0
✓ [CAR 7] ACT=OK REP=1.000 RWD=0.000 PNL=0.000 CREDIT=9
[ATTACK-EMIT] CID:0 activeWindow=YES falsified=YES simT=31.720 realPX=634.200 fakePX=634.200 realSPD=15.000 fakeSPD=20.000 realTS=31.720 fakeTS=31.720 lane=1
[PASSIVE-BEACON] SIMNOW:31.734 CID:1 ZONE:2 RXUAV:2 EDGEPORT:9996 TS:31.720 SPD:15.100 HDG:-1.900 PX:644.500 PY:-20.000 LAN:2 BRK:0 RX_X:0.000 RX_Y:0.000 RX_Z:0.000
[ZONE-ROUTE] CID:1 zone=2 edge_port=9996
[EDGE-RTT] CID:1 wall=1.1 ms  sim_delay=5.0 ms
[NASH-GATE] CID:1 p=1.0 p*=0.3 EDGE=BAN nashConfirms=Y windowConfirms=Y obs=6/15 p_car=0.813 -> WARN (insufficient evidence)
[PASSIVE-BEACON] SIMNOW:31.734 CID:0 ZONE:2 RXUAV:2 EDGEPORT:9996 TS:31.720 SPD:20.000 HDG:0.000 PX:634.200 PY:-10.000 LAN:1 BRK:0 RX_X:0.000 RX_Y:0.000 RX_Z:0.000
[ZONE-ROUTE] CID:0 zone=2 edge_port=9996
[EDGE-RTT] CID:0 wall=2.4 ms  sim_delay=10.0 ms
[NASH-GATE] CID:0 p=1.0 p*=0.3 EDGE=BAN nashConfirms=Y windowConfirms=Y obs=4/15 p_car=0.700 -> WARN (insufficient evidence)
[ECON-CLAWBACK] CID:1 ACT=WARN prior_payoff=-100.463 extra_penalty=7.250 new_payoff=-108.213
[FORGIVENESS] CID:1 WARN #26 — streak reset, benefits revoked
⚠ [CAR 1] ACT=WARN REP=0.423 RWD=0.000 PNL=7.750 CREDIT=0
[ECON-CLAWBACK] CID:0 ACT=WARN prior_payoff=-83.126 extra_penalty=6.750 new_payoff=-90.376
[FORGIVENESS] CID:0 WARN #24 — streak reset, benefits revoked
⚠ [CAR 0] ACT=WARN REP=0.459 RWD=0.000 PNL=7.250 CREDIT=0
[PASSIVE-BEACON] SIMNOW:31.804 CID:4 ZONE:2 RXUAV:2 EDGEPORT:9996 TS:31.790 SPD:14.700 HDG:1.900 PX:675.600 PY:-50.000 LAN:5 BRK:0 RX_X:0.000 RX_Y:0.000 RX_Z:0.000
[ZONE-ROUTE] CID:4 zone=2 edge_port=9996
[EDGE-RTT] CID:4 wall=1.3 ms  sim_delay=5.0 ms
>>> [UAV->CLOUD] BLK:d8fc|TX:7.0.0.8|CID:4|TS:31.790|SPD:14.7|HDG:1.9|PX:675.6|PY:-50.0|L...
[ECON-GATE] CID:4 probation active - suppressing OK reward 1.0
✓ [CAR 4] ACT=OK REP=0.827 RWD=0.000 PNL=0.000 CREDIT=4
[PASSIVE-BEACON] SIMNOW:31.882 CID:2 ZONE:2 RXUAV:2 EDGEPORT:9996 TS:31.870 SPD:14.800 HDG:-1.500 PX:656.600 PY:-30.000 LAN:3 BRK:0 RX_X:0.000 RX_Y:0.000 RX_Z:0.000
[ZONE-ROUTE] CID:2 zone=2 edge_port=9996
[EDGE-RTT] CID:2 wall=1.0 ms  sim_delay=5.0 ms
[NASH-GATE] CID:2 p=1.0 p*=0.3 EDGE=BAN nashConfirms=Y windowConfirms=Y obs=7/15 p_car=0.842 -> WARN (insufficient evidence)
[ECON-CLAWBACK] CID:2 ACT=WARN prior_payoff=-113.513 extra_penalty=7.500 new_payoff=-121.513
[FORGIVENESS] CID:2 WARN #27 — streak reset, benefits revoked
⚠ [CAR 2] ACT=WARN REP=0.233 RWD=0.000 PNL=8.000 CREDIT=0
[PASSIVE-BEACON] SIMNOW:31.994 CID:9 ZONE:2 RXUAV:2 EDGEPORT:9996 TS:31.982 SPD:14.600 HDG:1.800 PX:698.400 PY:-50.000 LAN:5 BRK:0 RX_X:0.000 RX_Y:0.000 RX_Z:0.000
[ZONE-ROUTE] CID:9 zone=2 edge_port=9996
[EDGE-RTT] CID:9 wall=1.0 ms  sim_delay=5.0 ms
[NASH-GATE] CID:9 p=1.0 p*=0.3 EDGE=BAN nashConfirms=Y windowConfirms=Y obs=10/15 p_car=0.893 -> WARN (insufficient evidence)

── PAYOFF SUMMARY ─────────────────────────────────
[PAYOFF] CID:0 cumulative_payoff=-90.376 honest_wins=0 warn_count=24 adverse_count=0 demoted=NO return_threshold=0 lane_upgraded=NO scrutiny_reduced=NO malicious=YES
[PAYOFF] CID:1 cumulative_payoff=-108.213 honest_wins=0 warn_count=26 adverse_count=0 demoted=NO return_threshold=0 lane_upgraded=NO scrutiny_reduced=NO malicious=YES
[PAYOFF] CID:2 cumulative_payoff=-121.513 honest_wins=0 warn_count=27 adverse_count=1 demoted=YES return_threshold=60 lane_upgraded=NO scrutiny_reduced=NO malicious=YES
[PAYOFF] CID:3 cumulative_payoff=-86.469 honest_wins=0 warn_count=23 adverse_count=0 demoted=NO return_threshold=0 lane_upgraded=NO scrutiny_reduced=NO malicious=YES
[PAYOFF] CID:4 cumulative_payoff=-65.756 honest_wins=5 warn_count=20 adverse_count=0 demoted=NO return_threshold=0 lane_upgraded=NO scrutiny_reduced=NO malicious=NO
[PAYOFF] CID:5 cumulative_payoff=9.996 honest_wins=10 warn_count=0 adverse_count=0 demoted=NO return_threshold=0 lane_upgraded=NO scrutiny_reduced=NO malicious=YES
[PAYOFF] CID:6 cumulative_payoff=-64.465 honest_wins=17 warn_count=20 adverse_count=0 demoted=NO return_threshold=0 lane_upgraded=NO scrutiny_reduced=NO malicious=NO
[PAYOFF] CID:7 cumulative_payoff=-72.349 honest_wins=14 warn_count=21 adverse_count=0 demoted=NO return_threshold=0 lane_upgraded=NO scrutiny_reduced=NO malicious=NO
[PAYOFF] CID:8 cumulative_payoff=-107.864 honest_wins=0 warn_count=25 adverse_count=1 demoted=YES return_threshold=60 lane_upgraded=NO scrutiny_reduced=NO malicious=YES
[PAYOFF] CID:9 cumulative_payoff=-74.531 honest_wins=0 warn_count=21 adverse_count=0 demoted=NO return_threshold=0 lane_upgraded=NO scrutiny_reduced=NO malicious=YES

--------------------------------------------------
 SIMULATION COMPLETE v90-multiuav (adaptive edge-cloud, bridge mode only)  nCars=10  attackRate=50%  attackType=5  RngRun=4
--------------------------------------------------
