baseline_variant,scope,K,W,seed,cid,malicious,proposed_detected,veremi_detected,category,veremi_detection_time,veremi_detection_state,source_log_path
Centralized_CID_K1_W5,Centralized_CID,1,5,1,0,YES,YES,YES,caught_by_both,12.025,0,/home/srmap/research/projects/v2x-multiuav-trust/results/scalability_N10_AR50_guarded_cusum_15seed/ON_seed1_x560_720_t36.log
Centralized_CID_K1_W5,Centralized_CID,1,5,1,1,YES,YES,YES,caught_by_both,14.384,1,/home/srmap/research/projects/v2x-multiuav-trust/results/scalability_N10_AR50_guarded_cusum_15seed/ON_seed1_x560_720_t36.log
Centralized_CID_K1_W5,Centralized_CID,1,5,1,2,YES,YES,YES,caught_by_both,15.924,2,/home/srmap/research/projects/v2x-multiuav-trust/results/scalability_N10_AR50_guarded_cusum_15seed/ON_seed1_x560_720_t36.log
Centralized_CID_K1_W5,Centralized_CID,1,5,1,3,NO,NO,YES,veremi_fp_only,18.344,3,/home/srmap/research/projects/v2x-multiuav-trust/results/scalability_N10_AR50_guarded_cusum_15seed/ON_seed1_x560_720_t36.log
Centralized_CID_K1_W5,Centralized_CID,1,5,1,4,YES,YES,YES,caught_by_both,20.004,4,/home/srmap/research/projects/v2x-multiuav-trust/results/scalability_N10_AR50_guarded_cusum_15seed/ON_seed1_x560_720_t36.log
Centralized_CID_K1_W5,Centralized_CID,1,5,1,5,YES,YES,YES,caught_by_both,12.096,5,/home/srmap/research/projects/v2x-multiuav-trust/results/scalability_N10_AR50_guarded_cusum_15seed/ON_seed1_x560_720_t36.log
Centralized_CID_K1_W5,Centralized_CID,1,5,1,6,YES,YES,YES,caught_by_both,14.086,6,/home/srmap/research/projects/v2x-multiuav-trust/results/scalability_N10_AR50_guarded_cusum_15seed/ON_seed1_x560_720_t36.log
Centralized_CID_K1_W5,Centralized_CID,1,5,1,7,YES,YES,YES,caught_by_both,16.346,7,/home/srmap/research/projects/v2x-multiuav-trust/results/scalability_N10_AR50_guarded_cusum_15seed/ON_seed1_x560_720_t36.log
Centralized_CID_K1_W5,Centralized_CID,1,5,1,8,NO,NO,YES,veremi_fp_only,17.936,8,/home/srmap/research/projects/v2x-multiuav-trust/results/scalability_N10_AR50_guarded_cusum_15seed/ON_seed1_x560_720_t36.log
Centralized_CID_K1_W5,Centralized_CID,1,5,1,9,NO,NO,NO,honest_clean,,,/home/srmap/research/projects/v2x-multiuav-trust/results/scalability_N10_AR50_guarded_cusum_15seed/ON_seed1_x560_720_t36.log
Centralized_CID_K2_W5,Centralized_CID,2,5,1,0,YES,YES,YES,caught_by_both,24.025,0,/home/srmap/research/projects/v2x-multiuav-trust/results/scalability_N10_AR50_guarded_cusum_15seed/ON_seed1_x560_720_t36.log
Centralized_CID_K2_W5,Centralized_CID,2,5,1,1,YES,YES,YES,caught_by_both,25.384,1,/home/srmap/research/projects/v2x-multiuav-trust/results/scalability_N10_AR50_guarded_cusum_15seed/ON_seed1_x560_720_t36.log
Centralized_CID_K2_W5,Centralized_CID,2,5,1,2,YES,YES,YES,caught_by_both,25.924,2,/home/srmap/research/projects/v2x-multiuav-trust/results/scalability_N10_AR50_guarded_cusum_15seed/ON_seed1_x560_720_t36.log
Centralized_CID_K2_W5,Centralized_CID,2,5,1,3,NO,NO,YES,veremi_fp_only,29.843,3,/home/srmap/research/projects/v2x-multiuav-trust/results/scalability_N10_AR50_guarded_cusum_15seed/ON_seed1_x560_720_t36.log
Centralized_CID_K2_W5,Centralized_CID,2,5,1,4,YES,YES,YES,caught_by_both,26.504,4,/home/srmap/research/projects/v2x-multiuav-trust/results/scalability_N10_AR50_guarded_cusum_15seed/ON_seed1_x560_720_t36.log
Centralized_CID_K2_W5,Centralized_CID,2,5,1,5,YES,YES,YES,caught_by_both,24.096,5,/home/srmap/research/projects/v2x-multiuav-trust/results/scalability_N10_AR50_guarded_cusum_15seed/ON_seed1_x560_720_t36.log
Centralized_CID_K2_W5,Centralized_CID,2,5,1,6,YES,YES,YES,caught_by_both,24.586,6,/home/srmap/research/projects/v2x-multiuav-trust/results/scalability_N10_AR50_guarded_cusum_15seed/ON_seed1_x560_720_t36.log
Centralized_CID_K2_W5,Centralized_CID,2,5,1,7,YES,YES,YES,caught_by_both,24.846,7,/home/srmap/research/projects/v2x-multiuav-trust/results/scalability_N10_AR50_guarded_cusum_15seed/ON_seed1_x560_720_t36.log
Centralized_CID_K2_W5,Centralized_CID,2,5,1,8,NO,NO,YES,veremi_fp_only,29.936,8,/home/srmap/research/projects/v2x-multiuav-trust/results/scalability_N10_AR50_guarded_cusum_15seed/ON_seed1_x560_720_t36.log
Centralized_CID_K2_W5,Centralized_CID,2,5,1,9,NO,NO,NO,honest_clean,,,/home/srmap/research/projects/v2x-multiuav-trust/results/scalability_N10_AR50_guarded_cusum_15seed/ON_seed1_x560_720_t36.log
Centralized_CID_K3_W5,Centralized_CID,3,5,1,0,YES,YES,YES,caught_by_both,25.524,0,/home/srmap/research/projects/v2x-multiuav-trust/results/scalability_N10_AR50_guarded_cusum_15seed/ON_seed1_x560_720_t36.log
Centralized_CID_K3_W5,Centralized_CID,3,5,1,1,YES,YES,YES,caught_by_both,26.384,1,/home/srmap/research/projects/v2x-multiuav-trust/results/scalability_N10_AR50_guarded_cusum_15seed/ON_seed1_x560_720_t36.log
Centralized_CID_K3_W5,Centralized_CID,3,5,1,2,YES,YES,YES,caught_by_both,26.924,2,/home/srmap/research/projects/v2x-multiuav-trust/results/scalability_N10_AR50_guarded_cusum_15seed/ON_seed1_x560_720_t36.log
Centralized_CID_K3_W5,Centralized_CID,3,5,1,3,NO,NO,NO,honest_clean,,,/home/srmap/research/projects/v2x-multiuav-trust/results/scalability_N10_AR50_guarded_cusum_15seed/ON_seed1_x560_720_t36.log
Centralized_CID_K3_W5,Centralized_CID,3,5,1,4,YES,YES,YES,caught_by_both,27.504,4,/home/srmap/research/projects/v2x-multiuav-trust/results/scalability_N10_AR50_guarded_cusum_15seed/ON_seed1_x560_720_t36.log
Centralized_CID_K3_W5,Centralized_CID,3,5,1,5,YES,YES,YES,caught_by_both,24.596,5,/home/srmap/research/projects/v2x-multiuav-trust/results/scalability_N10_AR50_guarded_cusum_15seed/ON_seed1_x560_720_t36.log
Centralized_CID_K3_W5,Centralized_CID,3,5,1,6,YES,YES,YES,caught_by_both,25.586,6,/home/srmap/research/projects/v2x-multiuav-trust/results/scalability_N10_AR50_guarded_cusum_15seed/ON_seed1_x560_720_t36.log
Centralized_CID_K3_W5,Centralized_CID,3,5,1,7,YES,YES,YES,caught_by_both,25.846,7,/home/srmap/research/projects/v2x-multiuav-trust/results/scalability_N10_AR50_guarded_cusum_15seed/ON_seed1_x560_720_t36.log
Centralized_CID_K3_W5,Centralized_CID,3,5,1,8,NO,NO,NO,honest_clean,,,/home/srmap/research/projects/v2x-multiuav-trust/results/scalability_N10_AR50_guarded_cusum_15seed/ON_seed1_x560_720_t36.log
Centralized_CID_K3_W5,Centralized_CID,3,5,1,9,NO,NO,NO,honest_clean,,,/home/srmap/research/projects/v2x-multiuav-trust/results/scalability_N10_AR50_guarded_cusum_15seed/ON_seed1_x560_720_t36.log
Local_CID_RXUAV_K1_W5,Local_CID_RXUAV,1,5,1,0,YES,YES,YES,caught_by_both,12.025,0|1,/home/srmap/research/projects/v2x-multiuav-trust/results/scalability_N10_AR50_guarded_cusum_15seed/ON_seed1_x560_720_t36.log
Local_CID_RXUAV_K1_W5,Local_CID_RXUAV,1,5,1,1,YES,YES,YES,caught_by_both,14.384,1|1,/home/srmap/research/projects/v2x-multiuav-trust/results/scalability_N10_AR50_guarded_cusum_15seed/ON_seed1_x560_720_t36.log
Local_CID_RXUAV_K1_W5,Local_CID_RXUAV,1,5,1,2,YES,YES,YES,caught_by_both,15.924,2|1,/home/srmap/research/projects/v2x-multiuav-trust/results/scalability_N10_AR50_guarded_cusum_15seed/ON_seed1_x560_720_t36.log
Local_CID_RXUAV_K1_W5,Local_CID_RXUAV,1,5,1,3,NO,NO,YES,veremi_fp_only,18.344,3|1,/home/srmap/research/projects/v2x-multiuav-trust/results/scalability_N10_AR50_guarded_cusum_15seed/ON_seed1_x560_720_t36.log
Local_CID_RXUAV_K1_W5,Local_CID_RXUAV,1,5,1,4,YES,YES,YES,caught_by_both,20.004,4|1,/home/srmap/research/projects/v2x-multiuav-trust/results/scalability_N10_AR50_guarded_cusum_15seed/ON_seed1_x560_720_t36.log
Local_CID_RXUAV_K1_W5,Local_CID_RXUAV,1,5,1,5,YES,YES,YES,caught_by_both,12.096,5|1,/home/srmap/research/projects/v2x-multiuav-trust/results/scalability_N10_AR50_guarded_cusum_15seed/ON_seed1_x560_720_t36.log
Local_CID_RXUAV_K1_W5,Local_CID_RXUAV,1,5,1,6,YES,YES,YES,caught_by_both,14.086,6|1,/home/srmap/research/projects/v2x-multiuav-trust/results/scalability_N10_AR50_guarded_cusum_15seed/ON_seed1_x560_720_t36.log
Local_CID_RXUAV_K1_W5,Local_CID_RXUAV,1,5,1,7,YES,YES,YES,caught_by_both,16.346,7|1,/home/srmap/research/projects/v2x-multiuav-trust/results/scalability_N10_AR50_guarded_cusum_15seed/ON_seed1_x560_720_t36.log
Local_CID_RXUAV_K1_W5,Local_CID_RXUAV,1,5,1,8,NO,NO,YES,veremi_fp_only,17.936,8|1,/home/srmap/research/projects/v2x-multiuav-trust/results/scalability_N10_AR50_guarded_cusum_15seed/ON_seed1_x560_720_t36.log
Local_CID_RXUAV_K1_W5,Local_CID_RXUAV,1,5,1,9,NO,NO,NO,honest_clean,,,/home/srmap/research/projects/v2x-multiuav-trust/results/scalability_N10_AR50_guarded_cusum_15seed/ON_seed1_x560_720_t36.log
Local_CID_RXUAV_K2_W5,Local_CID_RXUAV,2,5,1,0,YES,YES,YES,caught_by_both,24.025,0|1,/home/srmap/research/projects/v2x-multiuav-trust/results/scalability_N10_AR50_guarded_cusum_15seed/ON_seed1_x560_720_t36.log
Local_CID_RXUAV_K2_W5,Local_CID_RXUAV,2,5,1,1,YES,YES,YES,caught_by_both,25.384,1|1,/home/srmap/research/projects/v2x-multiuav-trust/results/scalability_N10_AR50_guarded_cusum_15seed/ON_seed1_x560_720_t36.log
Local_CID_RXUAV_K2_W5,Local_CID_RXUAV,2,5,1,2,YES,YES,YES,caught_by_both,25.924,2|1,/home/srmap/research/projects/v2x-multiuav-trust/results/scalability_N10_AR50_guarded_cusum_15seed/ON_seed1_x560_720_t36.log
Local_CID_RXUAV_K2_W5,Local_CID_RXUAV,2,5,1,3,NO,NO,NO,honest_clean,,,/home/srmap/research/projects/v2x-multiuav-trust/results/scalability_N10_AR50_guarded_cusum_15seed/ON_seed1_x560_720_t36.log
Local_CID_RXUAV_K2_W5,Local_CID_RXUAV,2,5,1,4,YES,YES,YES,caught_by_both,26.504,4|1,/home/srmap/research/projects/v2x-multiuav-trust/results/scalability_N10_AR50_guarded_cusum_15seed/ON_seed1_x560_720_t36.log
Local_CID_RXUAV_K2_W5,Local_CID_RXUAV,2,5,1,5,YES,YES,YES,caught_by_both,24.096,5|1,/home/srmap/research/projects/v2x-multiuav-trust/results/scalability_N10_AR50_guarded_cusum_15seed/ON_seed1_x560_720_t36.log
Local_CID_RXUAV_K2_W5,Local_CID_RXUAV,2,5,1,6,YES,YES,YES,caught_by_both,24.586,6|1,/home/srmap/research/projects/v2x-multiuav-trust/results/scalability_N10_AR50_guarded_cusum_15seed/ON_seed1_x560_720_t36.log
Local_CID_RXUAV_K2_W5,Local_CID_RXUAV,2,5,1,7,YES,YES,YES,caught_by_both,24.846,7|1,/home/srmap/research/projects/v2x-multiuav-trust/results/scalability_N10_AR50_guarded_cusum_15seed/ON_seed1_x560_720_t36.log
Local_CID_RXUAV_K2_W5,Local_CID_RXUAV,2,5,1,8,NO,NO,NO,honest_clean,,,/home/srmap/research/projects/v2x-multiuav-trust/results/scalability_N10_AR50_guarded_cusum_15seed/ON_seed1_x560_720_t36.log
Local_CID_RXUAV_K2_W5,Local_CID_RXUAV,2,5,1,9,NO,NO,NO,honest_clean,,,/home/srmap/research/projects/v2x-multiuav-trust/results/scalability_N10_AR50_guarded_cusum_15seed/ON_seed1_x560_720_t36.log
Local_CID_RXUAV_K3_W5,Local_CID_RXUAV,3,5,1,0,YES,YES,YES,caught_by_both,25.524,0|1,/home/srmap/research/projects/v2x-multiuav-trust/results/scalability_N10_AR50_guarded_cusum_15seed/ON_seed1_x560_720_t36.log
Local_CID_RXUAV_K3_W5,Local_CID_RXUAV,3,5,1,1,YES,YES,YES,caught_by_both,26.384,1|1,/home/srmap/research/projects/v2x-multiuav-trust/results/scalability_N10_AR50_guarded_cusum_15seed/ON_seed1_x560_720_t36.log
Local_CID_RXUAV_K3_W5,Local_CID_RXUAV,3,5,1,2,YES,YES,YES,caught_by_both,26.924,2|1,/home/srmap/research/projects/v2x-multiuav-trust/results/scalability_N10_AR50_guarded_cusum_15seed/ON_seed1_x560_720_t36.log
Local_CID_RXUAV_K3_W5,Local_CID_RXUAV,3,5,1,3,NO,NO,NO,honest_clean,,,/home/srmap/research/projects/v2x-multiuav-trust/results/scalability_N10_AR50_guarded_cusum_15seed/ON_seed1_x560_720_t36.log
Local_CID_RXUAV_K3_W5,Local_CID_RXUAV,3,5,1,4,YES,YES,YES,caught_by_both,27.504,4|1,/home/srmap/research/projects/v2x-multiuav-trust/results/scalability_N10_AR50_guarded_cusum_15seed/ON_seed1_x560_720_t36.log
Local_CID_RXUAV_K3_W5,Local_CID_RXUAV,3,5,1,5,YES,YES,YES,caught_by_both,24.596,5|1,/home/srmap/research/projects/v2x-multiuav-trust/results/scalability_N10_AR50_guarded_cusum_15seed/ON_seed1_x560_720_t36.log
Local_CID_RXUAV_K3_W5,Local_CID_RXUAV,3,5,1,6,YES,YES,YES,caught_by_both,25.586,6|1,/home/srmap/research/projects/v2x-multiuav-trust/results/scalability_N10_AR50_guarded_cusum_15seed/ON_seed1_x560_720_t36.log
Local_CID_RXUAV_K3_W5,Local_CID_RXUAV,3,5,1,7,YES,YES,YES,caught_by_both,25.846,7|1,/home/srmap/research/projects/v2x-multiuav-trust/results/scalability_N10_AR50_guarded_cusum_15seed/ON_seed1_x560_720_t36.log
Local_CID_RXUAV_K3_W5,Local_CID_RXUAV,3,5,1,8,NO,NO,NO,honest_clean,,,/home/srmap/research/projects/v2x-multiuav-trust/results/scalability_N10_AR50_guarded_cusum_15seed/ON_seed1_x560_720_t36.log
Local_CID_RXUAV_K3_W5,Local_CID_RXUAV,3,5,1,9,NO,NO,NO,honest_clean,,,/home/srmap/research/projects/v2x-multiuav-trust/results/scalability_N10_AR50_guarded_cusum_15seed/ON_seed1_x560_720_t36.log
Local_CID_ZONE_K1_W5,Local_CID_ZONE,1,5,1,0,YES,YES,YES,caught_by_both,12.025,0|1,/home/srmap/research/projects/v2x-multiuav-trust/results/scalability_N10_AR50_guarded_cusum_15seed/ON_seed1_x560_720_t36.log
Local_CID_ZONE_K1_W5,Local_CID_ZONE,1,5,1,1,YES,YES,YES,caught_by_both,14.384,1|1,/home/srmap/research/projects/v2x-multiuav-trust/results/scalability_N10_AR50_guarded_cusum_15seed/ON_seed1_x560_720_t36.log
Local_CID_ZONE_K1_W5,Local_CID_ZONE,1,5,1,2,YES,YES,YES,caught_by_both,15.924,2|1,/home/srmap/research/projects/v2x-multiuav-trust/results/scalability_N10_AR50_guarded_cusum_15seed/ON_seed1_x560_720_t36.log
Local_CID_ZONE_K1_W5,Local_CID_ZONE,1,5,1,3,NO,NO,YES,veremi_fp_only,18.344,3|1,/home/srmap/research/projects/v2x-multiuav-trust/results/scalability_N10_AR50_guarded_cusum_15seed/ON_seed1_x560_720_t36.log
Local_CID_ZONE_K1_W5,Local_CID_ZONE,1,5,1,4,YES,YES,YES,caught_by_both,20.004,4|1,/home/srmap/research/projects/v2x-multiuav-trust/results/scalability_N10_AR50_guarded_cusum_15seed/ON_seed1_x560_720_t36.log
Local_CID_ZONE_K1_W5,Local_CID_ZONE,1,5,1,5,YES,YES,YES,caught_by_both,12.096,5|1,/home/srmap/research/projects/v2x-multiuav-trust/results/scalability_N10_AR50_guarded_cusum_15seed/ON_seed1_x560_720_t36.log
Local_CID_ZONE_K1_W5,Local_CID_ZONE,1,5,1,6,YES,YES,YES,caught_by_both,14.086,6|1,/home/srmap/research/projects/v2x-multiuav-trust/results/scalability_N10_AR50_guarded_cusum_15seed/ON_seed1_x560_720_t36.log
Local_CID_ZONE_K1_W5,Local_CID_ZONE,1,5,1,7,YES,YES,YES,caught_by_both,16.346,7|1,/home/srmap/research/projects/v2x-multiuav-trust/results/scalability_N10_AR50_guarded_cusum_15seed/ON_seed1_x560_720_t36.log
Local_CID_ZONE_K1_W5,Local_CID_ZONE,1,5,1,8,NO,NO,YES,veremi_fp_only,17.936,8|1,/home/srmap/research/projects/v2x-multiuav-trust/results/scalability_N10_AR50_guarded_cusum_15seed/ON_seed1_x560_720_t36.log
Local_CID_ZONE_K1_W5,Local_CID_ZONE,1,5,1,9,NO,NO,NO,honest_clean,,,/home/srmap/research/projects/v2x-multiuav-trust/results/scalability_N10_AR50_guarded_cusum_15seed/ON_seed1_x560_720_t36.log
Local_CID_ZONE_K2_W5,Local_CID_ZONE,2,5,1,0,YES,YES,YES,caught_by_both,24.025,0|1,/home/srmap/research/projects/v2x-multiuav-trust/results/scalability_N10_AR50_guarded_cusum_15seed/ON_seed1_x560_720_t36.log
Local_CID_ZONE_K2_W5,Local_CID_ZONE,2,5,1,1,YES,YES,YES,caught_by_both,25.384,1|1,/home/srmap/research/projects/v2x-multiuav-trust/results/scalability_N10_AR50_guarded_cusum_15seed/ON_seed1_x560_720_t36.log
Local_CID_ZONE_K2_W5,Local_CID_ZONE,2,5,1,2,YES,YES,YES,caught_by_both,25.924,2|1,/home/srmap/research/projects/v2x-multiuav-trust/results/scalability_N10_AR50_guarded_cusum_15seed/ON_seed1_x560_720_t36.log
Local_CID_ZONE_K2_W5,Local_CID_ZONE,2,5,1,3,NO,NO,NO,honest_clean,,,/home/srmap/research/projects/v2x-multiuav-trust/results/scalability_N10_AR50_guarded_cusum_15seed/ON_seed1_x560_720_t36.log
Local_CID_ZONE_K2_W5,Local_CID_ZONE,2,5,1,4,YES,YES,YES,caught_by_both,26.504,4|1,/home/srmap/research/projects/v2x-multiuav-trust/results/scalability_N10_AR50_guarded_cusum_15seed/ON_seed1_x560_720_t36.log
Local_CID_ZONE_K2_W5,Local_CID_ZONE,2,5,1,5,YES,YES,YES,caught_by_both,24.096,5|1,/home/srmap/research/projects/v2x-multiuav-trust/results/scalability_N10_AR50_guarded_cusum_15seed/ON_seed1_x560_720_t36.log
Local_CID_ZONE_K2_W5,Local_CID_ZONE,2,5,1,6,YES,YES,YES,caught_by_both,24.586,6|1,/home/srmap/research/projects/v2x-multiuav-trust/results/scalability_N10_AR50_guarded_cusum_15seed/ON_seed1_x560_720_t36.log
Local_CID_ZONE_K2_W5,Local_CID_ZONE,2,5,1,7,YES,YES,YES,caught_by_both,24.846,7|1,/home/srmap/research/projects/v2x-multiuav-trust/results/scalability_N10_AR50_guarded_cusum_15seed/ON_seed1_x560_720_t36.log
Local_CID_ZONE_K2_W5,Local_CID_ZONE,2,5,1,8,NO,NO,NO,honest_clean,,,/home/srmap/research/projects/v2x-multiuav-trust/results/scalability_N10_AR50_guarded_cusum_15seed/ON_seed1_x560_720_t36.log
Local_CID_ZONE_K2_W5,Local_CID_ZONE,2,5,1,9,NO,NO,NO,honest_clean,,,/home/srmap/research/projects/v2x-multiuav-trust/results/scalability_N10_AR50_guarded_cusum_15seed/ON_seed1_x560_720_t36.log
Local_CID_ZONE_K3_W5,Local_CID_ZONE,3,5,1,0,YES,YES,YES,caught_by_both,25.524,0|1,/home/srmap/research/projects/v2x-multiuav-trust/results/scalability_N10_AR50_guarded_cusum_15seed/ON_seed1_x560_720_t36.log
Local_CID_ZONE_K3_W5,Local_CID_ZONE,3,5,1,1,YES,YES,YES,caught_by_both,26.384,1|1,/home/srmap/research/projects/v2x-multiuav-trust/results/scalability_N10_AR50_guarded_cusum_15seed/ON_seed1_x560_720_t36.log
Local_CID_ZONE_K3_W5,Local_CID_ZONE,3,5,1,2,YES,YES,YES,caught_by_both,26.924,2|1,/home/srmap/research/projects/v2x-multiuav-trust/results/scalability_N10_AR50_guarded_cusum_15seed/ON_seed1_x560_720_t36.log
Local_CID_ZONE_K3_W5,Local_CID_ZONE,3,5,1,3,NO,NO,NO,honest_clean,,,/home/srmap/research/projects/v2x-multiuav-trust/results/scalability_N10_AR50_guarded_cusum_15seed/ON_seed1_x560_720_t36.log
Local_CID_ZONE_K3_W5,Local_CID_ZONE,3,5,1,4,YES,YES,YES,caught_by_both,27.504,4|1,/home/srmap/research/projects/v2x-multiuav-trust/results/scalability_N10_AR50_guarded_cusum_15seed/ON_seed1_x560_720_t36.log
Local_CID_ZONE_K3_W5,Local_CID_ZONE,3,5,1,5,YES,YES,YES,caught_by_both,24.596,5|1,/home/srmap/research/projects/v2x-multiuav-trust/results/scalability_N10_AR50_guarded_cusum_15seed/ON_seed1_x560_720_t36.log
Local_CID_ZONE_K3_W5,Local_CID_ZONE,3,5,1,6,YES,YES,YES,caught_by_both,25.586,6|1,/home/srmap/research/projects/v2x-multiuav-trust/results/scalability_N10_AR50_guarded_cusum_15seed/ON_seed1_x560_720_t36.log
Local_CID_ZONE_K3_W5,Local_CID_ZONE,3,5,1,7,YES,YES,YES,caught_by_both,25.846,7|1,/home/srmap/research/projects/v2x-multiuav-trust/results/scalability_N10_AR50_guarded_cusum_15seed/ON_seed1_x560_720_t36.log
Local_CID_ZONE_K3_W5,Local_CID_ZONE,3,5,1,8,NO,NO,NO,honest_clean,,,/home/srmap/research/projects/v2x-multiuav-trust/results/scalability_N10_AR50_guarded_cusum_15seed/ON_seed1_x560_720_t36.log
Local_CID_ZONE_K3_W5,Local_CID_ZONE,3,5,1,9,NO,NO,NO,honest_clean,,,/home/srmap/research/projects/v2x-multiuav-trust/results/scalability_N10_AR50_guarded_cusum_15seed/ON_seed1_x560_720_t36.log
Centralized_CID_K1_W5,Centralized_CID,1,5,2,0,YES,YES,YES,caught_by_both,12.024,0,/home/srmap/research/projects/v2x-multiuav-trust/results/scalability_N10_AR50_guarded_cusum_15seed/ON_seed2_x560_720_t36.log
Centralized_CID_K1_W5,Centralized_CID,1,5,2,1,YES,YES,YES,caught_by_both,13.975,1,/home/srmap/research/projects/v2x-multiuav-trust/results/scalability_N10_AR50_guarded_cusum_15seed/ON_seed2_x560_720_t36.log
Centralized_CID_K1_W5,Centralized_CID,1,5,2,2,YES,YES,YES,caught_by_both,16.304,2,/home/srmap/research/projects/v2x-multiuav-trust/results/scalability_N10_AR50_guarded_cusum_15seed/ON_seed2_x560_720_t36.log
Centralized_CID_K1_W5,Centralized_CID,1,5,2,3,YES,YES,YES,caught_by_both,18.334,3,/home/srmap/research/projects/v2x-multiuav-trust/results/scalability_N10_AR50_guarded_cusum_15seed/ON_seed2_x560_720_t36.log
Centralized_CID_K1_W5,Centralized_CID,1,5,2,4,YES,YES,YES,caught_by_both,20.284,4,/home/srmap/research/projects/v2x-multiuav-trust/results/scalability_N10_AR50_guarded_cusum_15seed/ON_seed2_x560_720_t36.log
Centralized_CID_K1_W5,Centralized_CID,1,5,2,5,YES,YES,YES,caught_by_both,11.916,5,/home/srmap/research/projects/v2x-multiuav-trust/results/scalability_N10_AR50_guarded_cusum_15seed/ON_seed2_x560_720_t36.log
Centralized_CID_K1_W5,Centralized_CID,1,5,2,6,NO,NO,YES,veremi_fp_only,14.046,6,/home/srmap/research/projects/v2x-multiuav-trust/results/scalability_N10_AR50_guarded_cusum_15seed/ON_seed2_x560_720_t36.log
Centralized_CID_K1_W5,Centralized_CID,1,5,2,7,YES,YES,YES,caught_by_both,16.276,7,/home/srmap/research/projects/v2x-multiuav-trust/results/scalability_N10_AR50_guarded_cusum_15seed/ON_seed2_x560_720_t36.log
Centralized_CID_K1_W5,Centralized_CID,1,5,2,8,NO,NO,YES,veremi_fp_only,18.176,8,/home/srmap/research/projects/v2x-multiuav-trust/results/scalability_N10_AR50_guarded_cusum_15seed/ON_seed2_x560_720_t36.log
Centralized_CID_K1_W5,Centralized_CID,1,5,2,9,NO,NO,YES,veremi_fp_only,19.916,9,/home/srmap/research/projects/v2x-multiuav-trust/results/scalability_N10_AR50_guarded_cusum_15seed/ON_seed2_x560_720_t36.log
Centralized_CID_K2_W5,Centralized_CID,2,5,2,0,YES,YES,YES,caught_by_both,24.024,0,/home/srmap/research/projects/v2x-multiuav-trust/results/scalability_N10_AR50_guarded_cusum_15seed/ON_seed2_x560_720_t36.log
Centralized_CID_K2_W5,Centralized_CID,2,5,2,1,YES,YES,YES,caught_by_both,25.474,1,/home/srmap/research/projects/v2x-multiuav-trust/results/scalability_N10_AR50_guarded_cusum_15seed/ON_seed2_x560_720_t36.log
Centralized_CID_K2_W5,Centralized_CID,2,5,2,2,YES,YES,YES,caught_by_both,25.804,2,/home/srmap/research/projects/v2x-multiuav-trust/results/scalability_N10_AR50_guarded_cusum_15seed/ON_seed2_x560_720_t36.log
Centralized_CID_K2_W5,Centralized_CID,2,5,2,3,YES,YES,YES,caught_by_both,26.334,3,/home/srmap/research/projects/v2x-multiuav-trust/results/scalability_N10_AR50_guarded_cusum_15seed/ON_seed2_x560_720_t36.log
Centralized_CID_K2_W5,Centralized_CID,2,5,2,4,YES,YES,YES,caught_by_both,26.784,4,/home/srmap/research/projects/v2x-multiuav-trust/results/scalability_N10_AR50_guarded_cusum_15seed/ON_seed2_x560_720_t36.log
Centralized_CID_K2_W5,Centralized_CID,2,5,2,5,YES,YES,YES,caught_by_both,23.916,5,/home/srmap/research/projects/v2x-multiuav-trust/results/scalability_N10_AR50_guarded_cusum_15seed/ON_seed2_x560_720_t36.log
Centralized_CID_K2_W5,Centralized_CID,2,5,2,6,NO,NO,YES,veremi_fp_only,26.046,6,/home/srmap/research/projects/v2x-multiuav-trust/results/scalability_N10_AR50_guarded_cusum_15seed/ON_seed2_x560_720_t36.log
Centralized_CID_K2_W5,Centralized_CID,2,5,2,7,YES,YES,YES,caught_by_both,25.274,7,/home/srmap/research/projects/v2x-multiuav-trust/results/scalability_N10_AR50_guarded_cusum_15seed/ON_seed2_x560_720_t36.log
Centralized_CID_K2_W5,Centralized_CID,2,5,2,8,NO,NO,YES,veremi_fp_only,30.176,8,/home/srmap/research/projects/v2x-multiuav-trust/results/scalability_N10_AR50_guarded_cusum_15seed/ON_seed2_x560_720_t36.log
Centralized_CID_K2_W5,Centralized_CID,2,5,2,9,NO,NO,YES,veremi_fp_only,31.916,9,/home/srmap/research/projects/v2x-multiuav-trust/results/scalability_N10_AR50_guarded_cusum_15seed/ON_seed2_x560_720_t36.log
Centralized_CID_K3_W5,Centralized_CID,3,5,2,0,YES,YES,YES,caught_by_both,25.524,0,/home/srmap/research/projects/v2x-multiuav-trust/results/scalability_N10_AR50_guarded_cusum_15seed/ON_seed2_x560_720_t36.log
Centralized_CID_K3_W5,Centralized_CID,3,5,2,1,YES,YES,YES,caught_by_both,26.474,1,/home/srmap/research/projects/v2x-multiuav-trust/results/scalability_N10_AR50_guarded_cusum_15seed/ON_seed2_x560_720_t36.log
Centralized_CID_K3_W5,Centralized_CID,3,5,2,2,YES,YES,YES,caught_by_both,26.804,2,/home/srmap/research/projects/v2x-multiuav-trust/results/scalability_N10_AR50_guarded_cusum_15seed/ON_seed2_x560_720_t36.log
Centralized_CID_K3_W5,Centralized_CID,3,5,2,3,YES,YES,YES,caught_by_both,27.334,3,/home/srmap/research/projects/v2x-multiuav-trust/results/scalability_N10_AR50_guarded_cusum_15seed/ON_seed2_x560_720_t36.log
Centralized_CID_K3_W5,Centralized_CID,3,5,2,4,YES,YES,YES,caught_by_both,27.785,4,/home/srmap/research/projects/v2x-multiuav-trust/results/scalability_N10_AR50_guarded_cusum_15seed/ON_seed2_x560_720_t36.log
Centralized_CID_K3_W5,Centralized_CID,3,5,2,5,YES,YES,YES,caught_by_both,24.416,5,/home/srmap/research/projects/v2x-multiuav-trust/results/scalability_N10_AR50_guarded_cusum_15seed/ON_seed2_x560_720_t36.log
Centralized_CID_K3_W5,Centralized_CID,3,5,2,6,NO,NO,NO,honest_clean,,,/home/srmap/research/projects/v2x-multiuav-trust/results/scalability_N10_AR50_guarded_cusum_15seed/ON_seed2_x560_720_t36.log
Centralized_CID_K3_W5,Centralized_CID,3,5,2,7,YES,YES,YES,caught_by_both,26.276,7,/home/srmap/research/projects/v2x-multiuav-trust/results/scalability_N10_AR50_guarded_cusum_15seed/ON_seed2_x560_720_t36.log
Centralized_CID_K3_W5,Centralized_CID,3,5,2,8,NO,NO,NO,honest_clean,,,/home/srmap/research/projects/v2x-multiuav-trust/results/scalability_N10_AR50_guarded_cusum_15seed/ON_seed2_x560_720_t36.log
Centralized_CID_K3_W5,Centralized_CID,3,5,2,9,NO,NO,NO,honest_clean,,,/home/srmap/research/projects/v2x-multiuav-trust/results/scalability_N10_AR50_guarded_cusum_15seed/ON_seed2_x560_720_t36.log
Local_CID_RXUAV_K1_W5,Local_CID_RXUAV,1,5,2,0,YES,YES,YES,caught_by_both,12.024,0|1,/home/srmap/research/projects/v2x-multiuav-trust/results/scalability_N10_AR50_guarded_cusum_15seed/ON_seed2_x560_720_t36.log
Local_CID_RXUAV_K1_W5,Local_CID_RXUAV,1,5,2,1,YES,YES,YES,caught_by_both,13.975,1|1,/home/srmap/research/projects/v2x-multiuav-trust/results/scalability_N10_AR50_guarded_cusum_15seed/ON_seed2_x560_720_t36.log
Local_CID_RXUAV_K1_W5,Local_CID_RXUAV,1,5,2,2,YES,YES,YES,caught_by_both,16.304,2|1,/home/srmap/research/projects/v2x-multiuav-trust/results/scalability_N10_AR50_guarded_cusum_15seed/ON_seed2_x560_720_t36.log
Local_CID_RXUAV_K1_W5,Local_CID_RXUAV,1,5,2,3,YES,YES,YES,caught_by_both,18.334,3|1,/home/srmap/research/projects/v2x-multiuav-trust/results/scalability_N10_AR50_guarded_cusum_15seed/ON_seed2_x560_720_t36.log
Local_CID_RXUAV_K1_W5,Local_CID_RXUAV,1,5,2,4,YES,YES,YES,caught_by_both,20.284,4|1,/home/srmap/research/projects/v2x-multiuav-trust/results/scalability_N10_AR50_guarded_cusum_15seed/ON_seed2_x560_720_t36.log
Local_CID_RXUAV_K1_W5,Local_CID_RXUAV,1,5,2,5,YES,YES,YES,caught_by_both,11.916,5|1,/home/srmap/research/projects/v2x-multiuav-trust/results/scalability_N10_AR50_guarded_cusum_15seed/ON_seed2_x560_720_t36.log
Local_CID_RXUAV_K1_W5,Local_CID_RXUAV,1,5,2,6,NO,NO,YES,veremi_fp_only,14.046,6|1,/home/srmap/research/projects/v2x-multiuav-trust/results/scalability_N10_AR50_guarded_cusum_15seed/ON_seed2_x560_720_t36.log
Local_CID_RXUAV_K1_W5,Local_CID_RXUAV,1,5,2,7,YES,YES,YES,caught_by_both,16.276,7|1,/home/srmap/research/projects/v2x-multiuav-trust/results/scalability_N10_AR50_guarded_cusum_15seed/ON_seed2_x560_720_t36.log
Local_CID_RXUAV_K1_W5,Local_CID_RXUAV,1,5,2,8,NO,NO,YES,veremi_fp_only,18.176,8|1,/home/srmap/research/projects/v2x-multiuav-trust/results/scalability_N10_AR50_guarded_cusum_15seed/ON_seed2_x560_720_t36.log
Local_CID_RXUAV_K1_W5,Local_CID_RXUAV,1,5,2,9,NO,NO,YES,veremi_fp_only,19.916,9|1,/home/srmap/research/projects/v2x-multiuav-trust/results/scalability_N10_AR50_guarded_cusum_15seed/ON_seed2_x560_720_t36.log
Local_CID_RXUAV_K2_W5,Local_CID_RXUAV,2,5,2,0,YES,YES,YES,caught_by_both,24.024,0|1,/home/srmap/research/projects/v2x-multiuav-trust/results/scalability_N10_AR50_guarded_cusum_15seed/ON_seed2_x560_720_t36.log
Local_CID_RXUAV_K2_W5,Local_CID_RXUAV,2,5,2,1,YES,YES,YES,caught_by_both,25.474,1|1,/home/srmap/research/projects/v2x-multiuav-trust/results/scalability_N10_AR50_guarded_cusum_15seed/ON_seed2_x560_720_t36.log
Local_CID_RXUAV_K2_W5,Local_CID_RXUAV,2,5,2,2,YES,YES,YES,caught_by_both,25.804,2|1,/home/srmap/research/projects/v2x-multiuav-trust/results/scalability_N10_AR50_guarded_cusum_15seed/ON_seed2_x560_720_t36.log
Local_CID_RXUAV_K2_W5,Local_CID_RXUAV,2,5,2,3,YES,YES,YES,caught_by_both,26.334,3|1,/home/srmap/research/projects/v2x-multiuav-trust/results/scalability_N10_AR50_guarded_cusum_15seed/ON_seed2_x560_720_t36.log
Local_CID_RXUAV_K2_W5,Local_CID_RXUAV,2,5,2,4,YES,YES,YES,caught_by_both,26.784,4|1,/home/srmap/research/projects/v2x-multiuav-trust/results/scalability_N10_AR50_guarded_cusum_15seed/ON_seed2_x560_720_t36.log
Local_CID_RXUAV_K2_W5,Local_CID_RXUAV,2,5,2,5,YES,YES,YES,caught_by_both,23.916,5|1,/home/srmap/research/projects/v2x-multiuav-trust/results/scalability_N10_AR50_guarded_cusum_15seed/ON_seed2_x560_720_t36.log
Local_CID_RXUAV_K2_W5,Local_CID_RXUAV,2,5,2,6,NO,NO,YES,veremi_fp_only,26.046,6|1,/home/srmap/research/projects/v2x-multiuav-trust/results/scalability_N10_AR50_guarded_cusum_15seed/ON_seed2_x560_720_t36.log
Local_CID_RXUAV_K2_W5,Local_CID_RXUAV,2,5,2,7,YES,YES,YES,caught_by_both,25.274,7|1,/home/srmap/research/projects/v2x-multiuav-trust/results/scalability_N10_AR50_guarded_cusum_15seed/ON_seed2_x560_720_t36.log
Local_CID_RXUAV_K2_W5,Local_CID_RXUAV,2,5,2,8,NO,NO,NO,honest_clean,,,/home/srmap/research/projects/v2x-multiuav-trust/results/scalability_N10_AR50_guarded_cusum_15seed/ON_seed2_x560_720_t36.log
Local_CID_RXUAV_K2_W5,Local_CID_RXUAV,2,5,2,9,NO,NO,NO,honest_clean,,,/home/srmap/research/projects/v2x-multiuav-trust/results/scalability_N10_AR50_guarded_cusum_15seed/ON_seed2_x560_720_t36.log
Local_CID_RXUAV_K3_W5,Local_CID_RXUAV,3,5,2,0,YES,YES,YES,caught_by_both,25.524,0|1,/home/srmap/research/projects/v2x-multiuav-trust/results/scalability_N10_AR50_guarded_cusum_15seed/ON_seed2_x560_720_t36.log
Local_CID_RXUAV_K3_W5,Local_CID_RXUAV,3,5,2,1,YES,YES,YES,caught_by_both,26.474,1|1,/home/srmap/research/projects/v2x-multiuav-trust/results/scalability_N10_AR50_guarded_cusum_15seed/ON_seed2_x560_720_t36.log
Local_CID_RXUAV_K3_W5,Local_CID_RXUAV,3,5,2,2,YES,YES,YES,caught_by_both,26.804,2|1,/home/srmap/research/projects/v2x-multiuav-trust/results/scalability_N10_AR50_guarded_cusum_15seed/ON_seed2_x560_720_t36.log
Local_CID_RXUAV_K3_W5,Local_CID_RXUAV,3,5,2,3,YES,YES,YES,caught_by_both,27.334,3|1,/home/srmap/research/projects/v2x-multiuav-trust/results/scalability_N10_AR50_guarded_cusum_15seed/ON_seed2_x560_720_t36.log
Local_CID_RXUAV_K3_W5,Local_CID_RXUAV,3,5,2,4,YES,YES,YES,caught_by_both,27.785,4|1,/home/srmap/research/projects/v2x-multiuav-trust/results/scalability_N10_AR50_guarded_cusum_15seed/ON_seed2_x560_720_t36.log
Local_CID_RXUAV_K3_W5,Local_CID_RXUAV,3,5,2,5,YES,YES,YES,caught_by_both,24.416,5|1,/home/srmap/research/projects/v2x-multiuav-trust/results/scalability_N10_AR50_guarded_cusum_15seed/ON_seed2_x560_720_t36.log
Local_CID_RXUAV_K3_W5,Local_CID_RXUAV,3,5,2,6,NO,NO,NO,honest_clean,,,/home/srmap/research/projects/v2x-multiuav-trust/results/scalability_N10_AR50_guarded_cusum_15seed/ON_seed2_x560_720_t36.log
Local_CID_RXUAV_K3_W5,Local_CID_RXUAV,3,5,2,7,YES,YES,YES,caught_by_both,26.276,7|1,/home/srmap/research/projects/v2x-multiuav-trust/results/scalability_N10_AR50_guarded_cusum_15seed/ON_seed2_x560_720_t36.log
Local_CID_RXUAV_K3_W5,Local_CID_RXUAV,3,5,2,8,NO,NO,NO,honest_clean,,,/home/srmap/research/projects/v2x-multiuav-trust/results/scalability_N10_AR50_guarded_cusum_15seed/ON_seed2_x560_720_t36.log
Local_CID_RXUAV_K3_W5,Local_CID_RXUAV,3,5,2,9,NO,NO,NO,honest_clean,,,/home/srmap/research/projects/v2x-multiuav-trust/results/scalability_N10_AR50_guarded_cusum_15seed/ON_seed2_x560_720_t36.log
Local_CID_ZONE_K1_W5,Local_CID_ZONE,1,5,2,0,YES,YES,YES,caught_by_both,12.024,0|1,/home/srmap/research/projects/v2x-multiuav-trust/results/scalability_N10_AR50_guarded_cusum_15seed/ON_seed2_x560_720_t36.log
Local_CID_ZONE_K1_W5,Local_CID_ZONE,1,5,2,1,YES,YES,YES,caught_by_both,13.975,1|1,/home/srmap/research/projects/v2x-multiuav-trust/results/scalability_N10_AR50_guarded_cusum_15seed/ON_seed2_x560_720_t36.log
Local_CID_ZONE_K1_W5,Local_CID_ZONE,1,5,2,2,YES,YES,YES,caught_by_both,16.304,2|1,/home/srmap/research/projects/v2x-multiuav-trust/results/scalability_N10_AR50_guarded_cusum_15seed/ON_seed2_x560_720_t36.log
Local_CID_ZONE_K1_W5,Local_CID_ZONE,1,5,2,3,YES,YES,YES,caught_by_both,18.334,3|1,/home/srmap/research/projects/v2x-multiuav-trust/results/scalability_N10_AR50_guarded_cusum_15seed/ON_seed2_x560_720_t36.log
Local_CID_ZONE_K1_W5,Local_CID_ZONE,1,5,2,4,YES,YES,YES,caught_by_both,20.284,4|1,/home/srmap/research/projects/v2x-multiuav-trust/results/scalability_N10_AR50_guarded_cusum_15seed/ON_seed2_x560_720_t36.log
Local_CID_ZONE_K1_W5,Local_CID_ZONE,1,5,2,5,YES,YES,YES,caught_by_both,11.916,5|1,/home/srmap/research/projects/v2x-multiuav-trust/results/scalability_N10_AR50_guarded_cusum_15seed/ON_seed2_x560_720_t36.log
Local_CID_ZONE_K1_W5,Local_CID_ZONE,1,5,2,6,NO,NO,YES,veremi_fp_only,14.046,6|1,/home/srmap/research/projects/v2x-multiuav-trust/results/scalability_N10_AR50_guarded_cusum_15seed/ON_seed2_x560_720_t36.log
Local_CID_ZONE_K1_W5,Local_CID_ZONE,1,5,2,7,YES,YES,YES,caught_by_both,16.276,7|1,/home/srmap/research/projects/v2x-multiuav-trust/results/scalability_N10_AR50_guarded_cusum_15seed/ON_seed2_x560_720_t36.log
Local_CID_ZONE_K1_W5,Local_CID_ZONE,1,5,2,8,NO,NO,YES,veremi_fp_only,18.176,8|1,/home/srmap/research/projects/v2x-multiuav-trust/results/scalability_N10_AR50_guarded_cusum_15seed/ON_seed2_x560_720_t36.log
Local_CID_ZONE_K1_W5,Local_CID_ZONE,1,5,2,9,NO,NO,YES,veremi_fp_only,19.916,9|1,/home/srmap/research/projects/v2x-multiuav-trust/results/scalability_N10_AR50_guarded_cusum_15seed/ON_seed2_x560_720_t36.log
Local_CID_ZONE_K2_W5,Local_CID_ZONE,2,5,2,0,YES,YES,YES,caught_by_both,24.024,0|1,/home/srmap/research/projects/v2x-multiuav-trust/results/scalability_N10_AR50_guarded_cusum_15seed/ON_seed2_x560_720_t36.log
Local_CID_ZONE_K2_W5,Local_CID_ZONE,2,5,2,1,YES,YES,YES,caught_by_both,25.474,1|1,/home/srmap/research/projects/v2x-multiuav-trust/results/scalability_N10_AR50_guarded_cusum_15seed/ON_seed2_x560_720_t36.log
Local_CID_ZONE_K2_W5,Local_CID_ZONE,2,5,2,2,YES,YES,YES,caught_by_both,25.804,2|1,/home/srmap/research/projects/v2x-multiuav-trust/results/scalability_N10_AR50_guarded_cusum_15seed/ON_seed2_x560_720_t36.log
Local_CID_ZONE_K2_W5,Local_CID_ZONE,2,5,2,3,YES,YES,YES,caught_by_both,26.334,3|1,/home/srmap/research/projects/v2x-multiuav-trust/results/scalability_N10_AR50_guarded_cusum_15seed/ON_seed2_x560_720_t36.log
Local_CID_ZONE_K2_W5,Local_CID_ZONE,2,5,2,4,YES,YES,YES,caught_by_both,26.784,4|1,/home/srmap/research/projects/v2x-multiuav-trust/results/scalability_N10_AR50_guarded_cusum_15seed/ON_seed2_x560_720_t36.log
Local_CID_ZONE_K2_W5,Local_CID_ZONE,2,5,2,5,YES,YES,YES,caught_by_both,23.916,5|1,/home/srmap/research/projects/v2x-multiuav-trust/results/scalability_N10_AR50_guarded_cusum_15seed/ON_seed2_x560_720_t36.log
Local_CID_ZONE_K2_W5,Local_CID_ZONE,2,5,2,6,NO,NO,YES,veremi_fp_only,26.046,6|1,/home/srmap/research/projects/v2x-multiuav-trust/results/scalability_N10_AR50_guarded_cusum_15seed/ON_seed2_x560_720_t36.log
Local_CID_ZONE_K2_W5,Local_CID_ZONE,2,5,2,7,YES,YES,YES,caught_by_both,25.274,7|1,/home/srmap/research/projects/v2x-multiuav-trust/results/scalability_N10_AR50_guarded_cusum_15seed/ON_seed2_x560_720_t36.log
Local_CID_ZONE_K2_W5,Local_CID_ZONE,2,5,2,8,NO,NO,NO,honest_clean,,,/home/srmap/research/projects/v2x-multiuav-trust/results/scalability_N10_AR50_guarded_cusum_15seed/ON_seed2_x560_720_t36.log
Local_CID_ZONE_K2_W5,Local_CID_ZONE,2,5,2,9,NO,NO,NO,honest_clean,,,/home/srmap/research/projects/v2x-multiuav-trust/results/scalability_N10_AR50_guarded_cusum_15seed/ON_seed2_x560_720_t36.log
Local_CID_ZONE_K3_W5,Local_CID_ZONE,3,5,2,0,YES,YES,YES,caught_by_both,25.524,0|1,/home/srmap/research/projects/v2x-multiuav-trust/results/scalability_N10_AR50_guarded_cusum_15seed/ON_seed2_x560_720_t36.log
Local_CID_ZONE_K3_W5,Local_CID_ZONE,3,5,2,1,YES,YES,YES,caught_by_both,26.474,1|1,/home/srmap/research/projects/v2x-multiuav-trust/results/scalability_N10_AR50_guarded_cusum_15seed/ON_seed2_x560_720_t36.log
Local_CID_ZONE_K3_W5,Local_CID_ZONE,3,5,2,2,YES,YES,YES,caught_by_both,26.804,2|1,/home/srmap/research/projects/v2x-multiuav-trust/results/scalability_N10_AR50_guarded_cusum_15seed/ON_seed2_x560_720_t36.log
Local_CID_ZONE_K3_W5,Local_CID_ZONE,3,5,2,3,YES,YES,YES,caught_by_both,27.334,3|1,/home/srmap/research/projects/v2x-multiuav-trust/results/scalability_N10_AR50_guarded_cusum_15seed/ON_seed2_x560_720_t36.log
Local_CID_ZONE_K3_W5,Local_CID_ZONE,3,5,2,4,YES,YES,YES,caught_by_both,27.785,4|1,/home/srmap/research/projects/v2x-multiuav-trust/results/scalability_N10_AR50_guarded_cusum_15seed/ON_seed2_x560_720_t36.log
Local_CID_ZONE_K3_W5,Local_CID_ZONE,3,5,2,5,YES,YES,YES,caught_by_both,24.416,5|1,/home/srmap/research/projects/v2x-multiuav-trust/results/scalability_N10_AR50_guarded_cusum_15seed/ON_seed2_x560_720_t36.log
Local_CID_ZONE_K3_W5,Local_CID_ZONE,3,5,2,6,NO,NO,NO,honest_clean,,,/home/srmap/research/projects/v2x-multiuav-trust/results/scalability_N10_AR50_guarded_cusum_15seed/ON_seed2_x560_720_t36.log
Local_CID_ZONE_K3_W5,Local_CID_ZONE,3,5,2,7,YES,YES,YES,caught_by_both,26.276,7|1,/home/srmap/research/projects/v2x-multiuav-trust/results/scalability_N10_AR50_guarded_cusum_15seed/ON_seed2_x560_720_t36.log
Local_CID_ZONE_K3_W5,Local_CID_ZONE,3,5,2,8,NO,NO,NO,honest_clean,,,/home/srmap/research/projects/v2x-multiuav-trust/results/scalability_N10_AR50_guarded_cusum_15seed/ON_seed2_x560_720_t36.log
Local_CID_ZONE_K3_W5,Local_CID_ZONE,3,5,2,9,NO,NO,NO,honest_clean,,,/home/srmap/research/projects/v2x-multiuav-trust/results/scalability_N10_AR50_guarded_cusum_15seed/ON_seed2_x560_720_t36.log
Centralized_CID_K1_W5,Centralized_CID,1,5,3,0,YES,YES,YES,caught_by_both,12.204,0,/home/srmap/research/projects/v2x-multiuav-trust/results/scalability_N10_AR50_guarded_cusum_15seed/ON_seed3_x560_720_t36.log
Centralized_CID_K1_W5,Centralized_CID,1,5,3,1,YES,YES,YES,caught_by_both,14.074,1,/home/srmap/research/projects/v2x-multiuav-trust/results/scalability_N10_AR50_guarded_cusum_15seed/ON_seed3_x560_720_t36.log
Centralized_CID_K1_W5,Centralized_CID,1,5,3,2,YES,YES,YES,caught_by_both,16.304,2,/home/srmap/research/projects/v2x-multiuav-trust/results/scalability_N10_AR50_guarded_cusum_15seed/ON_seed3_x560_720_t36.log
Centralized_CID_K1_W5,Centralized_CID,1,5,3,3,YES,YES,YES,caught_by_both,18.184,3,/home/srmap/research/projects/v2x-multiuav-trust/results/scalability_N10_AR50_guarded_cusum_15seed/ON_seed3_x560_720_t36.log
Centralized_CID_K1_W5,Centralized_CID,1,5,3,4,YES,YES,YES,caught_by_both,20.344,4,/home/srmap/research/projects/v2x-multiuav-trust/results/scalability_N10_AR50_guarded_cusum_15seed/ON_seed3_x560_720_t36.log
Centralized_CID_K1_W5,Centralized_CID,1,5,3,5,NO,NO,YES,veremi_fp_only,12.266,5,/home/srmap/research/projects/v2x-multiuav-trust/results/scalability_N10_AR50_guarded_cusum_15seed/ON_seed3_x560_720_t36.log
Centralized_CID_K1_W5,Centralized_CID,1,5,3,6,NO,NO,YES,veremi_fp_only,13.895,6,/home/srmap/research/projects/v2x-multiuav-trust/results/scalability_N10_AR50_guarded_cusum_15seed/ON_seed3_x560_720_t36.log
Centralized_CID_K1_W5,Centralized_CID,1,5,3,7,NO,NO,YES,veremi_fp_only,16.026,7,/home/srmap/research/projects/v2x-multiuav-trust/results/scalability_N10_AR50_guarded_cusum_15seed/ON_seed3_x560_720_t36.log
Centralized_CID_K1_W5,Centralized_CID,1,5,3,8,YES,YES,YES,caught_by_both,18.176,8,/home/srmap/research/projects/v2x-multiuav-trust/results/scalability_N10_AR50_guarded_cusum_15seed/ON_seed3_x560_720_t36.log
Centralized_CID_K1_W5,Centralized_CID,1,5,3,9,YES,YES,YES,caught_by_both,20.346,9,/home/srmap/research/projects/v2x-multiuav-trust/results/scalability_N10_AR50_guarded_cusum_15seed/ON_seed3_x560_720_t36.log
Centralized_CID_K2_W5,Centralized_CID,2,5,3,0,YES,YES,YES,caught_by_both,24.204,0,/home/srmap/research/projects/v2x-multiuav-trust/results/scalability_N10_AR50_guarded_cusum_15seed/ON_seed3_x560_720_t36.log
Centralized_CID_K2_W5,Centralized_CID,2,5,3,1,YES,YES,YES,caught_by_both,25.574,1,/home/srmap/research/projects/v2x-multiuav-trust/results/scalability_N10_AR50_guarded_cusum_15seed/ON_seed3_x560_720_t36.log
Centralized_CID_K2_W5,Centralized_CID,2,5,3,2,YES,YES,YES,caught_by_both,25.804,2,/home/srmap/research/projects/v2x-multiuav-trust/results/scalability_N10_AR50_guarded_cusum_15seed/ON_seed3_x560_720_t36.log
Centralized_CID_K2_W5,Centralized_CID,2,5,3,3,YES,YES,YES,caught_by_both,26.184,3,/home/srmap/research/projects/v2x-multiuav-trust/results/scalability_N10_AR50_guarded_cusum_15seed/ON_seed3_x560_720_t36.log
Centralized_CID_K2_W5,Centralized_CID,2,5,3,4,YES,YES,YES,caught_by_both,26.842,4,/home/srmap/research/projects/v2x-multiuav-trust/results/scalability_N10_AR50_guarded_cusum_15seed/ON_seed3_x560_720_t36.log
Centralized_CID_K2_W5,Centralized_CID,2,5,3,5,NO,NO,YES,veremi_fp_only,24.266,5,/home/srmap/research/projects/v2x-multiuav-trust/results/scalability_N10_AR50_guarded_cusum_15seed/ON_seed3_x560_720_t36.log
Centralized_CID_K2_W5,Centralized_CID,2,5,3,6,NO,NO,YES,veremi_fp_only,25.896,6,/home/srmap/research/projects/v2x-multiuav-trust/results/scalability_N10_AR50_guarded_cusum_15seed/ON_seed3_x560_720_t36.log
Centralized_CID_K2_W5,Centralized_CID,2,5,3,7,NO,NO,YES,veremi_fp_only,28.026,7,/home/srmap/research/projects/v2x-multiuav-trust/results/scalability_N10_AR50_guarded_cusum_15seed/ON_seed3_x560_720_t36.log
Centralized_CID_K2_W5,Centralized_CID,2,5,3,8,YES,YES,YES,caught_by_both,25.676,8,/home/srmap/research/projects/v2x-multiuav-trust/results/scalability_N10_AR50_guarded_cusum_15seed/ON_seed3_x560_720_t36.log
Centralized_CID_K2_W5,Centralized_CID,2,5,3,9,YES,YES,YES,caught_by_both,25.846,9,/home/srmap/research/projects/v2x-multiuav-trust/results/scalability_N10_AR50_guarded_cusum_15seed/ON_seed3_x560_720_t36.log
Centralized_CID_K3_W5,Centralized_CID,3,5,3,0,YES,YES,YES,caught_by_both,25.704,0,/home/srmap/research/projects/v2x-multiuav-trust/results/scalability_N10_AR50_guarded_cusum_15seed/ON_seed3_x560_720_t36.log
Centralized_CID_K3_W5,Centralized_CID,3,5,3,1,YES,YES,YES,caught_by_both,26.573,1,/home/srmap/research/projects/v2x-multiuav-trust/results/scalability_N10_AR50_guarded_cusum_15seed/ON_seed3_x560_720_t36.log
Centralized_CID_K3_W5,Centralized_CID,3,5,3,2,YES,YES,YES,caught_by_both,26.804,2,/home/srmap/research/projects/v2x-multiuav-trust/results/scalability_N10_AR50_guarded_cusum_15seed/ON_seed3_x560_720_t36.log
Centralized_CID_K3_W5,Centralized_CID,3,5,3,3,YES,YES,YES,caught_by_both,27.184,3,/home/srmap/research/projects/v2x-multiuav-trust/results/scalability_N10_AR50_guarded_cusum_15seed/ON_seed3_x560_720_t36.log
Centralized_CID_K3_W5,Centralized_CID,3,5,3,4,YES,YES,YES,caught_by_both,27.844,4,/home/srmap/research/projects/v2x-multiuav-trust/results/scalability_N10_AR50_guarded_cusum_15seed/ON_seed3_x560_720_t36.log
Centralized_CID_K3_W5,Centralized_CID,3,5,3,5,NO,NO,NO,honest_clean,,,/home/srmap/research/projects/v2x-multiuav-trust/results/scalability_N10_AR50_guarded_cusum_15seed/ON_seed3_x560_720_t36.log
Centralized_CID_K3_W5,Centralized_CID,3,5,3,6,NO,NO,NO,honest_clean,,,/home/srmap/research/projects/v2x-multiuav-trust/results/scalability_N10_AR50_guarded_cusum_15seed/ON_seed3_x560_720_t36.log
Centralized_CID_K3_W5,Centralized_CID,3,5,3,7,NO,NO,NO,honest_clean,,,/home/srmap/research/projects/v2x-multiuav-trust/results/scalability_N10_AR50_guarded_cusum_15seed/ON_seed3_x560_720_t36.log
Centralized_CID_K3_W5,Centralized_CID,3,5,3,8,YES,YES,YES,caught_by_both,26.676,8,/home/srmap/research/projects/v2x-multiuav-trust/results/scalability_N10_AR50_guarded_cusum_15seed/ON_seed3_x560_720_t36.log
Centralized_CID_K3_W5,Centralized_CID,3,5,3,9,YES,YES,YES,caught_by_both,26.846,9,/home/srmap/research/projects/v2x-multiuav-trust/results/scalability_N10_AR50_guarded_cusum_15seed/ON_seed3_x560_720_t36.log
Local_CID_RXUAV_K1_W5,Local_CID_RXUAV,1,5,3,0,YES,YES,YES,caught_by_both,12.204,0|1,/home/srmap/research/projects/v2x-multiuav-trust/results/scalability_N10_AR50_guarded_cusum_15seed/ON_seed3_x560_720_t36.log
Local_CID_RXUAV_K1_W5,Local_CID_RXUAV,1,5,3,1,YES,YES,YES,caught_by_both,14.074,1|1,/home/srmap/research/projects/v2x-multiuav-trust/results/scalability_N10_AR50_guarded_cusum_15seed/ON_seed3_x560_720_t36.log
Local_CID_RXUAV_K1_W5,Local_CID_RXUAV,1,5,3,2,YES,YES,YES,caught_by_both,16.304,2|1,/home/srmap/research/projects/v2x-multiuav-trust/results/scalability_N10_AR50_guarded_cusum_15seed/ON_seed3_x560_720_t36.log
Local_CID_RXUAV_K1_W5,Local_CID_RXUAV,1,5,3,3,YES,YES,YES,caught_by_both,18.184,3|1,/home/srmap/research/projects/v2x-multiuav-trust/results/scalability_N10_AR50_guarded_cusum_15seed/ON_seed3_x560_720_t36.log
Local_CID_RXUAV_K1_W5,Local_CID_RXUAV,1,5,3,4,YES,YES,YES,caught_by_both,20.344,4|1,/home/srmap/research/projects/v2x-multiuav-trust/results/scalability_N10_AR50_guarded_cusum_15seed/ON_seed3_x560_720_t36.log
Local_CID_RXUAV_K1_W5,Local_CID_RXUAV,1,5,3,5,NO,NO,YES,veremi_fp_only,12.266,5|1,/home/srmap/research/projects/v2x-multiuav-trust/results/scalability_N10_AR50_guarded_cusum_15seed/ON_seed3_x560_720_t36.log
Local_CID_RXUAV_K1_W5,Local_CID_RXUAV,1,5,3,6,NO,NO,YES,veremi_fp_only,13.895,6|1,/home/srmap/research/projects/v2x-multiuav-trust/results/scalability_N10_AR50_guarded_cusum_15seed/ON_seed3_x560_720_t36.log
Local_CID_RXUAV_K1_W5,Local_CID_RXUAV,1,5,3,7,NO,NO,YES,veremi_fp_only,16.026,7|1,/home/srmap/research/projects/v2x-multiuav-trust/results/scalability_N10_AR50_guarded_cusum_15seed/ON_seed3_x560_720_t36.log
Local_CID_RXUAV_K1_W5,Local_CID_RXUAV,1,5,3,8,YES,YES,YES,caught_by_both,18.176,8|1,/home/srmap/research/projects/v2x-multiuav-trust/results/scalability_N10_AR50_guarded_cusum_15seed/ON_seed3_x560_720_t36.log
Local_CID_RXUAV_K1_W5,Local_CID_RXUAV,1,5,3,9,YES,YES,YES,caught_by_both,20.346,9|1,/home/srmap/research/projects/v2x-multiuav-trust/results/scalability_N10_AR50_guarded_cusum_15seed/ON_seed3_x560_720_t36.log
Local_CID_RXUAV_K2_W5,Local_CID_RXUAV,2,5,3,0,YES,YES,YES,caught_by_both,24.204,0|1,/home/srmap/research/projects/v2x-multiuav-trust/results/scalability_N10_AR50_guarded_cusum_15seed/ON_seed3_x560_720_t36.log
Local_CID_RXUAV_K2_W5,Local_CID_RXUAV,2,5,3,1,YES,YES,YES,caught_by_both,25.574,1|1,/home/srmap/research/projects/v2x-multiuav-trust/results/scalability_N10_AR50_guarded_cusum_15seed/ON_seed3_x560_720_t36.log
Local_CID_RXUAV_K2_W5,Local_CID_RXUAV,2,5,3,2,YES,YES,YES,caught_by_both,25.804,2|1,/home/srmap/research/projects/v2x-multiuav-trust/results/scalability_N10_AR50_guarded_cusum_15seed/ON_seed3_x560_720_t36.log
Local_CID_RXUAV_K2_W5,Local_CID_RXUAV,2,5,3,3,YES,YES,YES,caught_by_both,26.184,3|1,/home/srmap/research/projects/v2x-multiuav-trust/results/scalability_N10_AR50_guarded_cusum_15seed/ON_seed3_x560_720_t36.log
Local_CID_RXUAV_K2_W5,Local_CID_RXUAV,2,5,3,4,YES,YES,YES,caught_by_both,26.842,4|1,/home/srmap/research/projects/v2x-multiuav-trust/results/scalability_N10_AR50_guarded_cusum_15seed/ON_seed3_x560_720_t36.log
Local_CID_RXUAV_K2_W5,Local_CID_RXUAV,2,5,3,5,NO,NO,YES,veremi_fp_only,24.266,5|1,/home/srmap/research/projects/v2x-multiuav-trust/results/scalability_N10_AR50_guarded_cusum_15seed/ON_seed3_x560_720_t36.log
Local_CID_RXUAV_K2_W5,Local_CID_RXUAV,2,5,3,6,NO,NO,YES,veremi_fp_only,25.896,6|1,/home/srmap/research/projects/v2x-multiuav-trust/results/scalability_N10_AR50_guarded_cusum_15seed/ON_seed3_x560_720_t36.log
Local_CID_RXUAV_K2_W5,Local_CID_RXUAV,2,5,3,7,NO,NO,NO,honest_clean,,,/home/srmap/research/projects/v2x-multiuav-trust/results/scalability_N10_AR50_guarded_cusum_15seed/ON_seed3_x560_720_t36.log
Local_CID_RXUAV_K2_W5,Local_CID_RXUAV,2,5,3,8,YES,YES,YES,caught_by_both,25.676,8|1,/home/srmap/research/projects/v2x-multiuav-trust/results/scalability_N10_AR50_guarded_cusum_15seed/ON_seed3_x560_720_t36.log
Local_CID_RXUAV_K2_W5,Local_CID_RXUAV,2,5,3,9,YES,YES,YES,caught_by_both,25.846,9|1,/home/srmap/research/projects/v2x-multiuav-trust/results/scalability_N10_AR50_guarded_cusum_15seed/ON_seed3_x560_720_t36.log
Local_CID_RXUAV_K3_W5,Local_CID_RXUAV,3,5,3,0,YES,YES,YES,caught_by_both,25.704,0|1,/home/srmap/research/projects/v2x-multiuav-trust/results/scalability_N10_AR50_guarded_cusum_15seed/ON_seed3_x560_720_t36.log
Local_CID_RXUAV_K3_W5,Local_CID_RXUAV,3,5,3,1,YES,YES,YES,caught_by_both,26.573,1|1,/home/srmap/research/projects/v2x-multiuav-trust/results/scalability_N10_AR50_guarded_cusum_15seed/ON_seed3_x560_720_t36.log
Local_CID_RXUAV_K3_W5,Local_CID_RXUAV,3,5,3,2,YES,YES,YES,caught_by_both,26.804,2|1,/home/srmap/research/projects/v2x-multiuav-trust/results/scalability_N10_AR50_guarded_cusum_15seed/ON_seed3_x560_720_t36.log
Local_CID_RXUAV_K3_W5,Local_CID_RXUAV,3,5,3,3,YES,YES,YES,caught_by_both,27.184,3|1,/home/srmap/research/projects/v2x-multiuav-trust/results/scalability_N10_AR50_guarded_cusum_15seed/ON_seed3_x560_720_t36.log
Local_CID_RXUAV_K3_W5,Local_CID_RXUAV,3,5,3,4,YES,YES,YES,caught_by_both,27.844,4|1,/home/srmap/research/projects/v2x-multiuav-trust/results/scalability_N10_AR50_guarded_cusum_15seed/ON_seed3_x560_720_t36.log
Local_CID_RXUAV_K3_W5,Local_CID_RXUAV,3,5,3,5,NO,NO,NO,honest_clean,,,/home/srmap/research/projects/v2x-multiuav-trust/results/scalability_N10_AR50_guarded_cusum_15seed/ON_seed3_x560_720_t36.log
Local_CID_RXUAV_K3_W5,Local_CID_RXUAV,3,5,3,6,NO,NO,NO,honest_clean,,,/home/srmap/research/projects/v2x-multiuav-trust/results/scalability_N10_AR50_guarded_cusum_15seed/ON_seed3_x560_720_t36.log
Local_CID_RXUAV_K3_W5,Local_CID_RXUAV,3,5,3,7,NO,NO,NO,honest_clean,,,/home/srmap/research/projects/v2x-multiuav-trust/results/scalability_N10_AR50_guarded_cusum_15seed/ON_seed3_x560_720_t36.log
Local_CID_RXUAV_K3_W5,Local_CID_RXUAV,3,5,3,8,YES,YES,YES,caught_by_both,26.676,8|1,/home/srmap/research/projects/v2x-multiuav-trust/results/scalability_N10_AR50_guarded_cusum_15seed/ON_seed3_x560_720_t36.log
Local_CID_RXUAV_K3_W5,Local_CID_RXUAV,3,5,3,9,YES,YES,YES,caught_by_both,26.846,9|1,/home/srmap/research/projects/v2x-multiuav-trust/results/scalability_N10_AR50_guarded_cusum_15seed/ON_seed3_x560_720_t36.log
Local_CID_ZONE_K1_W5,Local_CID_ZONE,1,5,3,0,YES,YES,YES,caught_by_both,12.204,0|1,/home/srmap/research/projects/v2x-multiuav-trust/results/scalability_N10_AR50_guarded_cusum_15seed/ON_seed3_x560_720_t36.log
Local_CID_ZONE_K1_W5,Local_CID_ZONE,1,5,3,1,YES,YES,YES,caught_by_both,14.074,1|1,/home/srmap/research/projects/v2x-multiuav-trust/results/scalability_N10_AR50_guarded_cusum_15seed/ON_seed3_x560_720_t36.log
Local_CID_ZONE_K1_W5,Local_CID_ZONE,1,5,3,2,YES,YES,YES,caught_by_both,16.304,2|1,/home/srmap/research/projects/v2x-multiuav-trust/results/scalability_N10_AR50_guarded_cusum_15seed/ON_seed3_x560_720_t36.log
Local_CID_ZONE_K1_W5,Local_CID_ZONE,1,5,3,3,YES,YES,YES,caught_by_both,18.184,3|1,/home/srmap/research/projects/v2x-multiuav-trust/results/scalability_N10_AR50_guarded_cusum_15seed/ON_seed3_x560_720_t36.log
Local_CID_ZONE_K1_W5,Local_CID_ZONE,1,5,3,4,YES,YES,YES,caught_by_both,20.344,4|1,/home/srmap/research/projects/v2x-multiuav-trust/results/scalability_N10_AR50_guarded_cusum_15seed/ON_seed3_x560_720_t36.log
Local_CID_ZONE_K1_W5,Local_CID_ZONE,1,5,3,5,NO,NO,YES,veremi_fp_only,12.266,5|1,/home/srmap/research/projects/v2x-multiuav-trust/results/scalability_N10_AR50_guarded_cusum_15seed/ON_seed3_x560_720_t36.log
Local_CID_ZONE_K1_W5,Local_CID_ZONE,1,5,3,6,NO,NO,YES,veremi_fp_only,13.895,6|1,/home/srmap/research/projects/v2x-multiuav-trust/results/scalability_N10_AR50_guarded_cusum_15seed/ON_seed3_x560_720_t36.log
Local_CID_ZONE_K1_W5,Local_CID_ZONE,1,5,3,7,NO,NO,YES,veremi_fp_only,16.026,7|1,/home/srmap/research/projects/v2x-multiuav-trust/results/scalability_N10_AR50_guarded_cusum_15seed/ON_seed3_x560_720_t36.log
Local_CID_ZONE_K1_W5,Local_CID_ZONE,1,5,3,8,YES,YES,YES,caught_by_both,18.176,8|1,/home/srmap/research/projects/v2x-multiuav-trust/results/scalability_N10_AR50_guarded_cusum_15seed/ON_seed3_x560_720_t36.log
Local_CID_ZONE_K1_W5,Local_CID_ZONE,1,5,3,9,YES,YES,YES,caught_by_both,20.346,9|1,/home/srmap/research/projects/v2x-multiuav-trust/results/scalability_N10_AR50_guarded_cusum_15seed/ON_seed3_x560_720_t36.log
Local_CID_ZONE_K2_W5,Local_CID_ZONE,2,5,3,0,YES,YES,YES,caught_by_both,24.204,0|1,/home/srmap/research/projects/v2x-multiuav-trust/results/scalability_N10_AR50_guarded_cusum_15seed/ON_seed3_x560_720_t36.log
Local_CID_ZONE_K2_W5,Local_CID_ZONE,2,5,3,1,YES,YES,YES,caught_by_both,25.574,1|1,/home/srmap/research/projects/v2x-multiuav-trust/results/scalability_N10_AR50_guarded_cusum_15seed/ON_seed3_x560_720_t36.log
Local_CID_ZONE_K2_W5,Local_CID_ZONE,2,5,3,2,YES,YES,YES,caught_by_both,25.804,2|1,/home/srmap/research/projects/v2x-multiuav-trust/results/scalability_N10_AR50_guarded_cusum_15seed/ON_seed3_x560_720_t36.log
Local_CID_ZONE_K2_W5,Local_CID_ZONE,2,5,3,3,YES,YES,YES,caught_by_both,26.184,3|1,/home/srmap/research/projects/v2x-multiuav-trust/results/scalability_N10_AR50_guarded_cusum_15seed/ON_seed3_x560_720_t36.log
Local_CID_ZONE_K2_W5,Local_CID_ZONE,2,5,3,4,YES,YES,YES,caught_by_both,26.842,4|1,/home/srmap/research/projects/v2x-multiuav-trust/results/scalability_N10_AR50_guarded_cusum_15seed/ON_seed3_x560_720_t36.log
Local_CID_ZONE_K2_W5,Local_CID_ZONE,2,5,3,5,NO,NO,YES,veremi_fp_only,24.266,5|1,/home/srmap/research/projects/v2x-multiuav-trust/results/scalability_N10_AR50_guarded_cusum_15seed/ON_seed3_x560_720_t36.log
Local_CID_ZONE_K2_W5,Local_CID_ZONE,2,5,3,6,NO,NO,YES,veremi_fp_only,25.896,6|1,/home/srmap/research/projects/v2x-multiuav-trust/results/scalability_N10_AR50_guarded_cusum_15seed/ON_seed3_x560_720_t36.log
Local_CID_ZONE_K2_W5,Local_CID_ZONE,2,5,3,7,NO,NO,NO,honest_clean,,,/home/srmap/research/projects/v2x-multiuav-trust/results/scalability_N10_AR50_guarded_cusum_15seed/ON_seed3_x560_720_t36.log
Local_CID_ZONE_K2_W5,Local_CID_ZONE,2,5,3,8,YES,YES,YES,caught_by_both,25.676,8|1,/home/srmap/research/projects/v2x-multiuav-trust/results/scalability_N10_AR50_guarded_cusum_15seed/ON_seed3_x560_720_t36.log
Local_CID_ZONE_K2_W5,Local_CID_ZONE,2,5,3,9,YES,YES,YES,caught_by_both,25.846,9|1,/home/srmap/research/projects/v2x-multiuav-trust/results/scalability_N10_AR50_guarded_cusum_15seed/ON_seed3_x560_720_t36.log
Local_CID_ZONE_K3_W5,Local_CID_ZONE,3,5,3,0,YES,YES,YES,caught_by_both,25.704,0|1,/home/srmap/research/projects/v2x-multiuav-trust/results/scalability_N10_AR50_guarded_cusum_15seed/ON_seed3_x560_720_t36.log
Local_CID_ZONE_K3_W5,Local_CID_ZONE,3,5,3,1,YES,YES,YES,caught_by_both,26.573,1|1,/home/srmap/research/projects/v2x-multiuav-trust/results/scalability_N10_AR50_guarded_cusum_15seed/ON_seed3_x560_720_t36.log
Local_CID_ZONE_K3_W5,Local_CID_ZONE,3,5,3,2,YES,YES,YES,caught_by_both,26.804,2|1,/home/srmap/research/projects/v2x-multiuav-trust/results/scalability_N10_AR50_guarded_cusum_15seed/ON_seed3_x560_720_t36.log
Local_CID_ZONE_K3_W5,Local_CID_ZONE,3,5,3,3,YES,YES,YES,caught_by_both,27.184,3|1,/home/srmap/research/projects/v2x-multiuav-trust/results/scalability_N10_AR50_guarded_cusum_15seed/ON_seed3_x560_720_t36.log
Local_CID_ZONE_K3_W5,Local_CID_ZONE,3,5,3,4,YES,YES,YES,caught_by_both,27.844,4|1,/home/srmap/research/projects/v2x-multiuav-trust/results/scalability_N10_AR50_guarded_cusum_15seed/ON_seed3_x560_720_t36.log
Local_CID_ZONE_K3_W5,Local_CID_ZONE,3,5,3,5,NO,NO,NO,honest_clean,,,/home/srmap/research/projects/v2x-multiuav-trust/results/scalability_N10_AR50_guarded_cusum_15seed/ON_seed3_x560_720_t36.log
Local_CID_ZONE_K3_W5,Local_CID_ZONE,3,5,3,6,NO,NO,NO,honest_clean,,,/home/srmap/research/projects/v2x-multiuav-trust/results/scalability_N10_AR50_guarded_cusum_15seed/ON_seed3_x560_720_t36.log
Local_CID_ZONE_K3_W5,Local_CID_ZONE,3,5,3,7,NO,NO,NO,honest_clean,,,/home/srmap/research/projects/v2x-multiuav-trust/results/scalability_N10_AR50_guarded_cusum_15seed/ON_seed3_x560_720_t36.log
Local_CID_ZONE_K3_W5,Local_CID_ZONE,3,5,3,8,YES,YES,YES,caught_by_both,26.676,8|1,/home/srmap/research/projects/v2x-multiuav-trust/results/scalability_N10_AR50_guarded_cusum_15seed/ON_seed3_x560_720_t36.log
Local_CID_ZONE_K3_W5,Local_CID_ZONE,3,5,3,9,YES,YES,YES,caught_by_both,26.846,9|1,/home/srmap/research/projects/v2x-multiuav-trust/results/scalability_N10_AR50_guarded_cusum_15seed/ON_seed3_x560_720_t36.log
Centralized_CID_K1_W5,Centralized_CID,1,5,4,0,YES,YES,YES,caught_by_both,12.234,0,/home/srmap/research/projects/v2x-multiuav-trust/results/scalability_N10_AR50_guarded_cusum_15seed/ON_seed4_x560_720_t36.log
Centralized_CID_K1_W5,Centralized_CID,1,5,4,1,YES,YES,YES,caught_by_both,14.234,1,/home/srmap/research/projects/v2x-multiuav-trust/results/scalability_N10_AR50_guarded_cusum_15seed/ON_seed4_x560_720_t36.log
Centralized_CID_K1_W5,Centralized_CID,1,5,4,2,YES,YES,YES,caught_by_both,16.384,2,/home/srmap/research/projects/v2x-multiuav-trust/results/scalability_N10_AR50_guarded_cusum_15seed/ON_seed4_x560_720_t36.log
Centralized_CID_K1_W5,Centralized_CID,1,5,4,3,YES,YES,YES,caught_by_both,18.034,3,/home/srmap/research/projects/v2x-multiuav-trust/results/scalability_N10_AR50_guarded_cusum_15seed/ON_seed4_x560_720_t36.log
Centralized_CID_K1_W5,Centralized_CID,1,5,4,4,NO,NO,YES,veremi_fp_only,20.304,4,/home/srmap/research/projects/v2x-multiuav-trust/results/scalability_N10_AR50_guarded_cusum_15seed/ON_seed4_x560_720_t36.log
Centralized_CID_K1_W5,Centralized_CID,1,5,4,5,YES,NO,NO,missed_by_both,,,/home/srmap/research/projects/v2x-multiuav-trust/results/scalability_N10_AR50_guarded_cusum_15seed/ON_seed4_x560_720_t36.log
Centralized_CID_K1_W5,Centralized_CID,1,5,4,6,NO,NO,YES,veremi_fp_only,14.036,6,/home/srmap/research/projects/v2x-multiuav-trust/results/scalability_N10_AR50_guarded_cusum_15seed/ON_seed4_x560_720_t36.log
Centralized_CID_K1_W5,Centralized_CID,1,5,4,7,NO,NO,YES,veremi_fp_only,16.146,7,/home/srmap/research/projects/v2x-multiuav-trust/results/scalability_N10_AR50_guarded_cusum_15seed/ON_seed4_x560_720_t36.log
Centralized_CID_K1_W5,Centralized_CID,1,5,4,8,YES,YES,YES,caught_by_both,18.006,8,/home/srmap/research/projects/v2x-multiuav-trust/results/scalability_N10_AR50_guarded_cusum_15seed/ON_seed4_x560_720_t36.log
Centralized_CID_K1_W5,Centralized_CID,1,5,4,9,YES,YES,YES,caught_by_both,19.996,9,/home/srmap/research/projects/v2x-multiuav-trust/results/scalability_N10_AR50_guarded_cusum_15seed/ON_seed4_x560_720_t36.log
Centralized_CID_K2_W5,Centralized_CID,2,5,4,0,YES,YES,YES,caught_by_both,24.234,0,/home/srmap/research/projects/v2x-multiuav-trust/results/scalability_N10_AR50_guarded_cusum_15seed/ON_seed4_x560_720_t36.log
Centralized_CID_K2_W5,Centralized_CID,2,5,4,1,YES,YES,YES,caught_by_both,25.234,1,/home/srmap/research/projects/v2x-multiuav-trust/results/scalability_N10_AR50_guarded_cusum_15seed/ON_seed4_x560_720_t36.log
Centralized_CID_K2_W5,Centralized_CID,2,5,4,2,YES,YES,YES,caught_by_both,25.884,2,/home/srmap/research/projects/v2x-multiuav-trust/results/scalability_N10_AR50_guarded_cusum_15seed/ON_seed4_x560_720_t36.log
Centralized_CID_K2_W5,Centralized_CID,2,5,4,3,YES,YES,YES,caught_by_both,26.034,3,/home/srmap/research/projects/v2x-multiuav-trust/results/scalability_N10_AR50_guarded_cusum_15seed/ON_seed4_x560_720_t36.log
Centralized_CID_K2_W5,Centralized_CID,2,5,4,4,NO,NO,YES,veremi_fp_only,31.804,4,/home/srmap/research/projects/v2x-multiuav-trust/results/scalability_N10_AR50_guarded_cusum_15seed/ON_seed4_x560_720_t36.log
Centralized_CID_K2_W5,Centralized_CID,2,5,4,5,YES,NO,NO,missed_by_both,,,/home/srmap/research/projects/v2x-multiuav-trust/results/scalability_N10_AR50_guarded_cusum_15seed/ON_seed4_x560_720_t36.log
Centralized_CID_K2_W5,Centralized_CID,2,5,4,6,NO,NO,YES,veremi_fp_only,26.035,6,/home/srmap/research/projects/v2x-multiuav-trust/results/scalability_N10_AR50_guarded_cusum_15seed/ON_seed4_x560_720_t36.log
Centralized_CID_K2_W5,Centralized_CID,2,5,4,7,NO,NO,YES,veremi_fp_only,28.146,7,/home/srmap/research/projects/v2x-multiuav-trust/results/scalability_N10_AR50_guarded_cusum_15seed/ON_seed4_x560_720_t36.log
Centralized_CID_K2_W5,Centralized_CID,2,5,4,8,YES,YES,YES,caught_by_both,25.506,8,/home/srmap/research/projects/v2x-multiuav-trust/results/scalability_N10_AR50_guarded_cusum_15seed/ON_seed4_x560_720_t36.log
Centralized_CID_K2_W5,Centralized_CID,2,5,4,9,YES,YES,YES,caught_by_both,25.996,9,/home/srmap/research/projects/v2x-multiuav-trust/results/scalability_N10_AR50_guarded_cusum_15seed/ON_seed4_x560_720_t36.log
Centralized_CID_K3_W5,Centralized_CID,3,5,4,0,YES,YES,YES,caught_by_both,25.734,0,/home/srmap/research/projects/v2x-multiuav-trust/results/scalability_N10_AR50_guarded_cusum_15seed/ON_seed4_x560_720_t36.log
Centralized_CID_K3_W5,Centralized_CID,3,5,4,1,YES,YES,YES,caught_by_both,26.234,1,/home/srmap/research/projects/v2x-multiuav-trust/results/scalability_N10_AR50_guarded_cusum_15seed/ON_seed4_x560_720_t36.log
Centralized_CID_K3_W5,Centralized_CID,3,5,4,2,YES,YES,YES,caught_by_both,26.884,2,/home/srmap/research/projects/v2x-multiuav-trust/results/scalability_N10_AR50_guarded_cusum_15seed/ON_seed4_x560_720_t36.log
Centralized_CID_K3_W5,Centralized_CID,3,5,4,3,YES,YES,YES,caught_by_both,27.034,3,/home/srmap/research/projects/v2x-multiuav-trust/results/scalability_N10_AR50_guarded_cusum_15seed/ON_seed4_x560_720_t36.log
Centralized_CID_K3_W5,Centralized_CID,3,5,4,4,NO,NO,NO,honest_clean,,,/home/srmap/research/projects/v2x-multiuav-trust/results/scalability_N10_AR50_guarded_cusum_15seed/ON_seed4_x560_720_t36.log
Centralized_CID_K3_W5,Centralized_CID,3,5,4,5,YES,NO,NO,missed_by_both,,,/home/srmap/research/projects/v2x-multiuav-trust/results/scalability_N10_AR50_guarded_cusum_15seed/ON_seed4_x560_720_t36.log
Centralized_CID_K3_W5,Centralized_CID,3,5,4,6,NO,NO,NO,honest_clean,,,/home/srmap/research/projects/v2x-multiuav-trust/results/scalability_N10_AR50_guarded_cusum_15seed/ON_seed4_x560_720_t36.log
Centralized_CID_K3_W5,Centralized_CID,3,5,4,7,NO,NO,NO,honest_clean,,,/home/srmap/research/projects/v2x-multiuav-trust/results/scalability_N10_AR50_guarded_cusum_15seed/ON_seed4_x560_720_t36.log
Centralized_CID_K3_W5,Centralized_CID,3,5,4,8,YES,YES,YES,caught_by_both,26.506,8,/home/srmap/research/projects/v2x-multiuav-trust/results/scalability_N10_AR50_guarded_cusum_15seed/ON_seed4_x560_720_t36.log
Centralized_CID_K3_W5,Centralized_CID,3,5,4,9,YES,YES,YES,caught_by_both,26.996,9,/home/srmap/research/projects/v2x-multiuav-trust/results/scalability_N10_AR50_guarded_cusum_15seed/ON_seed4_x560_720_t36.log
Local_CID_RXUAV_K1_W5,Local_CID_RXUAV,1,5,4,0,YES,YES,YES,caught_by_both,12.234,0|1,/home/srmap/research/projects/v2x-multiuav-trust/results/scalability_N10_AR50_guarded_cusum_15seed/ON_seed4_x560_720_t36.log
Local_CID_RXUAV_K1_W5,Local_CID_RXUAV,1,5,4,1,YES,YES,YES,caught_by_both,14.234,1|1,/home/srmap/research/projects/v2x-multiuav-trust/results/scalability_N10_AR50_guarded_cusum_15seed/ON_seed4_x560_720_t36.log
Local_CID_RXUAV_K1_W5,Local_CID_RXUAV,1,5,4,2,YES,YES,YES,caught_by_both,16.384,2|1,/home/srmap/research/projects/v2x-multiuav-trust/results/scalability_N10_AR50_guarded_cusum_15seed/ON_seed4_x560_720_t36.log
Local_CID_RXUAV_K1_W5,Local_CID_RXUAV,1,5,4,3,YES,YES,YES,caught_by_both,18.034,3|1,/home/srmap/research/projects/v2x-multiuav-trust/results/scalability_N10_AR50_guarded_cusum_15seed/ON_seed4_x560_720_t36.log
Local_CID_RXUAV_K1_W5,Local_CID_RXUAV,1,5,4,4,NO,NO,YES,veremi_fp_only,20.304,4|1,/home/srmap/research/projects/v2x-multiuav-trust/results/scalability_N10_AR50_guarded_cusum_15seed/ON_seed4_x560_720_t36.log
Local_CID_RXUAV_K1_W5,Local_CID_RXUAV,1,5,4,5,YES,NO,NO,missed_by_both,,,/home/srmap/research/projects/v2x-multiuav-trust/results/scalability_N10_AR50_guarded_cusum_15seed/ON_seed4_x560_720_t36.log
Local_CID_RXUAV_K1_W5,Local_CID_RXUAV,1,5,4,6,NO,NO,YES,veremi_fp_only,14.036,6|1,/home/srmap/research/projects/v2x-multiuav-trust/results/scalability_N10_AR50_guarded_cusum_15seed/ON_seed4_x560_720_t36.log
Local_CID_RXUAV_K1_W5,Local_CID_RXUAV,1,5,4,7,NO,NO,YES,veremi_fp_only,16.146,7|1,/home/srmap/research/projects/v2x-multiuav-trust/results/scalability_N10_AR50_guarded_cusum_15seed/ON_seed4_x560_720_t36.log
Local_CID_RXUAV_K1_W5,Local_CID_RXUAV,1,5,4,8,YES,YES,YES,caught_by_both,18.006,8|1,/home/srmap/research/projects/v2x-multiuav-trust/results/scalability_N10_AR50_guarded_cusum_15seed/ON_seed4_x560_720_t36.log
Local_CID_RXUAV_K1_W5,Local_CID_RXUAV,1,5,4,9,YES,YES,YES,caught_by_both,19.996,9|1,/home/srmap/research/projects/v2x-multiuav-trust/results/scalability_N10_AR50_guarded_cusum_15seed/ON_seed4_x560_720_t36.log
Local_CID_RXUAV_K2_W5,Local_CID_RXUAV,2,5,4,0,YES,YES,YES,caught_by_both,24.234,0|1,/home/srmap/research/projects/v2x-multiuav-trust/results/scalability_N10_AR50_guarded_cusum_15seed/ON_seed4_x560_720_t36.log
Local_CID_RXUAV_K2_W5,Local_CID_RXUAV,2,5,4,1,YES,YES,YES,caught_by_both,25.234,1|1,/home/srmap/research/projects/v2x-multiuav-trust/results/scalability_N10_AR50_guarded_cusum_15seed/ON_seed4_x560_720_t36.log
Local_CID_RXUAV_K2_W5,Local_CID_RXUAV,2,5,4,2,YES,YES,YES,caught_by_both,25.884,2|1,/home/srmap/research/projects/v2x-multiuav-trust/results/scalability_N10_AR50_guarded_cusum_15seed/ON_seed4_x560_720_t36.log
Local_CID_RXUAV_K2_W5,Local_CID_RXUAV,2,5,4,3,YES,YES,YES,caught_by_both,26.034,3|1,/home/srmap/research/projects/v2x-multiuav-trust/results/scalability_N10_AR50_guarded_cusum_15seed/ON_seed4_x560_720_t36.log
Local_CID_RXUAV_K2_W5,Local_CID_RXUAV,2,5,4,4,NO,NO,NO,honest_clean,,,/home/srmap/research/projects/v2x-multiuav-trust/results/scalability_N10_AR50_guarded_cusum_15seed/ON_seed4_x560_720_t36.log
Local_CID_RXUAV_K2_W5,Local_CID_RXUAV,2,5,4,5,YES,NO,NO,missed_by_both,,,/home/srmap/research/projects/v2x-multiuav-trust/results/scalability_N10_AR50_guarded_cusum_15seed/ON_seed4_x560_720_t36.log
Local_CID_RXUAV_K2_W5,Local_CID_RXUAV,2,5,4,6,NO,NO,YES,veremi_fp_only,26.035,6|1,/home/srmap/research/projects/v2x-multiuav-trust/results/scalability_N10_AR50_guarded_cusum_15seed/ON_seed4_x560_720_t36.log
Local_CID_RXUAV_K2_W5,Local_CID_RXUAV,2,5,4,7,NO,NO,NO,honest_clean,,,/home/srmap/research/projects/v2x-multiuav-trust/results/scalability_N10_AR50_guarded_cusum_15seed/ON_seed4_x560_720_t36.log
Local_CID_RXUAV_K2_W5,Local_CID_RXUAV,2,5,4,8,YES,YES,YES,caught_by_both,25.506,8|1,/home/srmap/research/projects/v2x-multiuav-trust/results/scalability_N10_AR50_guarded_cusum_15seed/ON_seed4_x560_720_t36.log
Local_CID_RXUAV_K2_W5,Local_CID_RXUAV,2,5,4,9,YES,YES,YES,caught_by_both,25.996,9|1,/home/srmap/research/projects/v2x-multiuav-trust/results/scalability_N10_AR50_guarded_cusum_15seed/ON_seed4_x560_720_t36.log
Local_CID_RXUAV_K3_W5,Local_CID_RXUAV,3,5,4,0,YES,YES,YES,caught_by_both,25.734,0|1,/home/srmap/research/projects/v2x-multiuav-trust/results/scalability_N10_AR50_guarded_cusum_15seed/ON_seed4_x560_720_t36.log
Local_CID_RXUAV_K3_W5,Local_CID_RXUAV,3,5,4,1,YES,YES,YES,caught_by_both,26.234,1|1,/home/srmap/research/projects/v2x-multiuav-trust/results/scalability_N10_AR50_guarded_cusum_15seed/ON_seed4_x560_720_t36.log
Local_CID_RXUAV_K3_W5,Local_CID_RXUAV,3,5,4,2,YES,YES,YES,caught_by_both,26.884,2|1,/home/srmap/research/projects/v2x-multiuav-trust/results/scalability_N10_AR50_guarded_cusum_15seed/ON_seed4_x560_720_t36.log
Local_CID_RXUAV_K3_W5,Local_CID_RXUAV,3,5,4,3,YES,YES,YES,caught_by_both,27.034,3|1,/home/srmap/research/projects/v2x-multiuav-trust/results/scalability_N10_AR50_guarded_cusum_15seed/ON_seed4_x560_720_t36.log
Local_CID_RXUAV_K3_W5,Local_CID_RXUAV,3,5,4,4,NO,NO,NO,honest_clean,,,/home/srmap/research/projects/v2x-multiuav-trust/results/scalability_N10_AR50_guarded_cusum_15seed/ON_seed4_x560_720_t36.log
Local_CID_RXUAV_K3_W5,Local_CID_RXUAV,3,5,4,5,YES,NO,NO,missed_by_both,,,/home/srmap/research/projects/v2x-multiuav-trust/results/scalability_N10_AR50_guarded_cusum_15seed/ON_seed4_x560_720_t36.log
Local_CID_RXUAV_K3_W5,Local_CID_RXUAV,3,5,4,6,NO,NO,NO,honest_clean,,,/home/srmap/research/projects/v2x-multiuav-trust/results/scalability_N10_AR50_guarded_cusum_15seed/ON_seed4_x560_720_t36.log
Local_CID_RXUAV_K3_W5,Local_CID_RXUAV,3,5,4,7,NO,NO,NO,honest_clean,,,/home/srmap/research/projects/v2x-multiuav-trust/results/scalability_N10_AR50_guarded_cusum_15seed/ON_seed4_x560_720_t36.log
Local_CID_RXUAV_K3_W5,Local_CID_RXUAV,3,5,4,8,YES,YES,YES,caught_by_both,26.506,8|1,/home/srmap/research/projects/v2x-multiuav-trust/results/scalability_N10_AR50_guarded_cusum_15seed/ON_seed4_x560_720_t36.log
Local_CID_RXUAV_K3_W5,Local_CID_RXUAV,3,5,4,9,YES,YES,YES,caught_by_both,26.996,9|1,/home/srmap/research/projects/v2x-multiuav-trust/results/scalability_N10_AR50_guarded_cusum_15seed/ON_seed4_x560_720_t36.log
Local_CID_ZONE_K1_W5,Local_CID_ZONE,1,5,4,0,YES,YES,YES,caught_by_both,12.234,0|1,/home/srmap/research/projects/v2x-multiuav-trust/results/scalability_N10_AR50_guarded_cusum_15seed/ON_seed4_x560_720_t36.log
Local_CID_ZONE_K1_W5,Local_CID_ZONE,1,5,4,1,YES,YES,YES,caught_by_both,14.234,1|1,/home/srmap/research/projects/v2x-multiuav-trust/results/scalability_N10_AR50_guarded_cusum_15seed/ON_seed4_x560_720_t36.log
Local_CID_ZONE_K1_W5,Local_CID_ZONE,1,5,4,2,YES,YES,YES,caught_by_both,16.384,2|1,/home/srmap/research/projects/v2x-multiuav-trust/results/scalability_N10_AR50_guarded_cusum_15seed/ON_seed4_x560_720_t36.log
Local_CID_ZONE_K1_W5,Local_CID_ZONE,1,5,4,3,YES,YES,YES,caught_by_both,18.034,3|1,/home/srmap/research/projects/v2x-multiuav-trust/results/scalability_N10_AR50_guarded_cusum_15seed/ON_seed4_x560_720_t36.log
Local_CID_ZONE_K1_W5,Local_CID_ZONE,1,5,4,4,NO,NO,YES,veremi_fp_only,20.304,4|1,/home/srmap/research/projects/v2x-multiuav-trust/results/scalability_N10_AR50_guarded_cusum_15seed/ON_seed4_x560_720_t36.log
Local_CID_ZONE_K1_W5,Local_CID_ZONE,1,5,4,5,YES,NO,NO,missed_by_both,,,/home/srmap/research/projects/v2x-multiuav-trust/results/scalability_N10_AR50_guarded_cusum_15seed/ON_seed4_x560_720_t36.log
Local_CID_ZONE_K1_W5,Local_CID_ZONE,1,5,4,6,NO,NO,YES,veremi_fp_only,14.036,6|1,/home/srmap/research/projects/v2x-multiuav-trust/results/scalability_N10_AR50_guarded_cusum_15seed/ON_seed4_x560_720_t36.log
Local_CID_ZONE_K1_W5,Local_CID_ZONE,1,5,4,7,NO,NO,YES,veremi_fp_only,16.146,7|1,/home/srmap/research/projects/v2x-multiuav-trust/results/scalability_N10_AR50_guarded_cusum_15seed/ON_seed4_x560_720_t36.log
Local_CID_ZONE_K1_W5,Local_CID_ZONE,1,5,4,8,YES,YES,YES,caught_by_both,18.006,8|1,/home/srmap/research/projects/v2x-multiuav-trust/results/scalability_N10_AR50_guarded_cusum_15seed/ON_seed4_x560_720_t36.log
Local_CID_ZONE_K1_W5,Local_CID_ZONE,1,5,4,9,YES,YES,YES,caught_by_both,19.996,9|1,/home/srmap/research/projects/v2x-multiuav-trust/results/scalability_N10_AR50_guarded_cusum_15seed/ON_seed4_x560_720_t36.log
Local_CID_ZONE_K2_W5,Local_CID_ZONE,2,5,4,0,YES,YES,YES,caught_by_both,24.234,0|1,/home/srmap/research/projects/v2x-multiuav-trust/results/scalability_N10_AR50_guarded_cusum_15seed/ON_seed4_x560_720_t36.log
Local_CID_ZONE_K2_W5,Local_CID_ZONE,2,5,4,1,YES,YES,YES,caught_by_both,25.234,1|1,/home/srmap/research/projects/v2x-multiuav-trust/results/scalability_N10_AR50_guarded_cusum_15seed/ON_seed4_x560_720_t36.log
Local_CID_ZONE_K2_W5,Local_CID_ZONE,2,5,4,2,YES,YES,YES,caught_by_both,25.884,2|1,/home/srmap/research/projects/v2x-multiuav-trust/results/scalability_N10_AR50_guarded_cusum_15seed/ON_seed4_x560_720_t36.log
Local_CID_ZONE_K2_W5,Local_CID_ZONE,2,5,4,3,YES,YES,YES,caught_by_both,26.034,3|1,/home/srmap/research/projects/v2x-multiuav-trust/results/scalability_N10_AR50_guarded_cusum_15seed/ON_seed4_x560_720_t36.log
Local_CID_ZONE_K2_W5,Local_CID_ZONE,2,5,4,4,NO,NO,NO,honest_clean,,,/home/srmap/research/projects/v2x-multiuav-trust/results/scalability_N10_AR50_guarded_cusum_15seed/ON_seed4_x560_720_t36.log
Local_CID_ZONE_K2_W5,Local_CID_ZONE,2,5,4,5,YES,NO,NO,missed_by_both,,,/home/srmap/research/projects/v2x-multiuav-trust/results/scalability_N10_AR50_guarded_cusum_15seed/ON_seed4_x560_720_t36.log
Local_CID_ZONE_K2_W5,Local_CID_ZONE,2,5,4,6,NO,NO,YES,veremi_fp_only,26.035,6|1,/home/srmap/research/projects/v2x-multiuav-trust/results/scalability_N10_AR50_guarded_cusum_15seed/ON_seed4_x560_720_t36.log
Local_CID_ZONE_K2_W5,Local_CID_ZONE,2,5,4,7,NO,NO,NO,honest_clean,,,/home/srmap/research/projects/v2x-multiuav-trust/results/scalability_N10_AR50_guarded_cusum_15seed/ON_seed4_x560_720_t36.log
Local_CID_ZONE_K2_W5,Local_CID_ZONE,2,5,4,8,YES,YES,YES,caught_by_both,25.506,8|1,/home/srmap/research/projects/v2x-multiuav-trust/results/scalability_N10_AR50_guarded_cusum_15seed/ON_seed4_x560_720_t36.log
Local_CID_ZONE_K2_W5,Local_CID_ZONE,2,5,4,9,YES,YES,YES,caught_by_both,25.996,9|1,/home/srmap/research/projects/v2x-multiuav-trust/results/scalability_N10_AR50_guarded_cusum_15seed/ON_seed4_x560_720_t36.log
Local_CID_ZONE_K3_W5,Local_CID_ZONE,3,5,4,0,YES,YES,YES,caught_by_both,25.734,0|1,/home/srmap/research/projects/v2x-multiuav-trust/results/scalability_N10_AR50_guarded_cusum_15seed/ON_seed4_x560_720_t36.log
Local_CID_ZONE_K3_W5,Local_CID_ZONE,3,5,4,1,YES,YES,YES,caught_by_both,26.234,1|1,/home/srmap/research/projects/v2x-multiuav-trust/results/scalability_N10_AR50_guarded_cusum_15seed/ON_seed4_x560_720_t36.log
Local_CID_ZONE_K3_W5,Local_CID_ZONE,3,5,4,2,YES,YES,YES,caught_by_both,26.884,2|1,/home/srmap/research/projects/v2x-multiuav-trust/results/scalability_N10_AR50_guarded_cusum_15seed/ON_seed4_x560_720_t36.log
Local_CID_ZONE_K3_W5,Local_CID_ZONE,3,5,4,3,YES,YES,YES,caught_by_both,27.034,3|1,/home/srmap/research/projects/v2x-multiuav-trust/results/scalability_N10_AR50_guarded_cusum_15seed/ON_seed4_x560_720_t36.log
Local_CID_ZONE_K3_W5,Local_CID_ZONE,3,5,4,4,NO,NO,NO,honest_clean,,,/home/srmap/research/projects/v2x-multiuav-trust/results/scalability_N10_AR50_guarded_cusum_15seed/ON_seed4_x560_720_t36.log
Local_CID_ZONE_K3_W5,Local_CID_ZONE,3,5,4,5,YES,NO,NO,missed_by_both,,,/home/srmap/research/projects/v2x-multiuav-trust/results/scalability_N10_AR50_guarded_cusum_15seed/ON_seed4_x560_720_t36.log
Local_CID_ZONE_K3_W5,Local_CID_ZONE,3,5,4,6,NO,NO,NO,honest_clean,,,/home/srmap/research/projects/v2x-multiuav-trust/results/scalability_N10_AR50_guarded_cusum_15seed/ON_seed4_x560_720_t36.log
Local_CID_ZONE_K3_W5,Local_CID_ZONE,3,5,4,7,NO,NO,NO,honest_clean,,,/home/srmap/research/projects/v2x-multiuav-trust/results/scalability_N10_AR50_guarded_cusum_15seed/ON_seed4_x560_720_t36.log
Local_CID_ZONE_K3_W5,Local_CID_ZONE,3,5,4,8,YES,YES,YES,caught_by_both,26.506,8|1,/home/srmap/research/projects/v2x-multiuav-trust/results/scalability_N10_AR50_guarded_cusum_15seed/ON_seed4_x560_720_t36.log
Local_CID_ZONE_K3_W5,Local_CID_ZONE,3,5,4,9,YES,YES,YES,caught_by_both,26.996,9|1,/home/srmap/research/projects/v2x-multiuav-trust/results/scalability_N10_AR50_guarded_cusum_15seed/ON_seed4_x560_720_t36.log
Centralized_CID_K1_W5,Centralized_CID,1,5,5,0,YES,YES,YES,caught_by_both,11.954,0,/home/srmap/research/projects/v2x-multiuav-trust/results/scalability_N10_AR50_guarded_cusum_15seed/ON_seed5_x560_720_t36.log
Centralized_CID_K1_W5,Centralized_CID,1,5,5,1,YES,YES,YES,caught_by_both,14.264,1,/home/srmap/research/projects/v2x-multiuav-trust/results/scalability_N10_AR50_guarded_cusum_15seed/ON_seed5_x560_720_t36.log
Centralized_CID_K1_W5,Centralized_CID,1,5,5,2,YES,YES,YES,caught_by_both,16.364,2,/home/srmap/research/projects/v2x-multiuav-trust/results/scalability_N10_AR50_guarded_cusum_15seed/ON_seed5_x560_720_t36.log
Centralized_CID_K1_W5,Centralized_CID,1,5,5,3,YES,YES,YES,caught_by_both,18.284,3,/home/srmap/research/projects/v2x-multiuav-trust/results/scalability_N10_AR50_guarded_cusum_15seed/ON_seed5_x560_720_t36.log
Centralized_CID_K1_W5,Centralized_CID,1,5,5,4,YES,YES,YES,caught_by_both,20.334,4,/home/srmap/research/projects/v2x-multiuav-trust/results/scalability_N10_AR50_guarded_cusum_15seed/ON_seed5_x560_720_t36.log
Centralized_CID_K1_W5,Centralized_CID,1,5,5,5,YES,YES,YES,caught_by_both,11.996,5,/home/srmap/research/projects/v2x-multiuav-trust/results/scalability_N10_AR50_guarded_cusum_15seed/ON_seed5_x560_720_t36.log
Centralized_CID_K1_W5,Centralized_CID,1,5,5,6,NO,NO,YES,veremi_fp_only,14.046,6,/home/srmap/research/projects/v2x-multiuav-trust/results/scalability_N10_AR50_guarded_cusum_15seed/ON_seed5_x560_720_t36.log
Centralized_CID_K1_W5,Centralized_CID,1,5,5,7,NO,NO,YES,veremi_fp_only,16.196,7,/home/srmap/research/projects/v2x-multiuav-trust/results/scalability_N10_AR50_guarded_cusum_15seed/ON_seed5_x560_720_t36.log
Centralized_CID_K1_W5,Centralized_CID,1,5,5,8,YES,YES,YES,caught_by_both,18.056,8,/home/srmap/research/projects/v2x-multiuav-trust/results/scalability_N10_AR50_guarded_cusum_15seed/ON_seed5_x560_720_t36.log
Centralized_CID_K1_W5,Centralized_CID,1,5,5,9,NO,NO,YES,veremi_fp_only,20.156,9,/home/srmap/research/projects/v2x-multiuav-trust/results/scalability_N10_AR50_guarded_cusum_15seed/ON_seed5_x560_720_t36.log
Centralized_CID_K2_W5,Centralized_CID,2,5,5,0,YES,YES,YES,caught_by_both,23.952,0,/home/srmap/research/projects/v2x-multiuav-trust/results/scalability_N10_AR50_guarded_cusum_15seed/ON_seed5_x560_720_t36.log
Centralized_CID_K2_W5,Centralized_CID,2,5,5,1,YES,YES,YES,caught_by_both,25.264,1,/home/srmap/research/projects/v2x-multiuav-trust/results/scalability_N10_AR50_guarded_cusum_15seed/ON_seed5_x560_720_t36.log
Centralized_CID_K2_W5,Centralized_CID,2,5,5,2,YES,YES,YES,caught_by_both,25.864,2,/home/srmap/research/projects/v2x-multiuav-trust/results/scalability_N10_AR50_guarded_cusum_15seed/ON_seed5_x560_720_t36.log
Centralized_CID_K2_W5,Centralized_CID,2,5,5,3,YES,YES,YES,caught_by_both,26.282,3,/home/srmap/research/projects/v2x-multiuav-trust/results/scalability_N10_AR50_guarded_cusum_15seed/ON_seed5_x560_720_t36.log
Centralized_CID_K2_W5,Centralized_CID,2,5,5,4,YES,YES,YES,caught_by_both,26.837,4,/home/srmap/research/projects/v2x-multiuav-trust/results/scalability_N10_AR50_guarded_cusum_15seed/ON_seed5_x560_720_t36.log
Centralized_CID_K2_W5,Centralized_CID,2,5,5,5,YES,YES,YES,caught_by_both,23.996,5,/home/srmap/research/projects/v2x-multiuav-trust/results/scalability_N10_AR50_guarded_cusum_15seed/ON_seed5_x560_720_t36.log
Centralized_CID_K2_W5,Centralized_CID,2,5,5,6,NO,NO,YES,veremi_fp_only,26.046,6,/home/srmap/research/projects/v2x-multiuav-trust/results/scalability_N10_AR50_guarded_cusum_15seed/ON_seed5_x560_720_t36.log
Centralized_CID_K2_W5,Centralized_CID,2,5,5,7,NO,NO,YES,veremi_fp_only,28.196,7,/home/srmap/research/projects/v2x-multiuav-trust/results/scalability_N10_AR50_guarded_cusum_15seed/ON_seed5_x560_720_t36.log
Centralized_CID_K2_W5,Centralized_CID,2,5,5,8,YES,YES,YES,caught_by_both,25.556,8,/home/srmap/research/projects/v2x-multiuav-trust/results/scalability_N10_AR50_guarded_cusum_15seed/ON_seed5_x560_720_t36.log
Centralized_CID_K2_W5,Centralized_CID,2,5,5,9,NO,NO,YES,veremi_fp_only,32.159,9,/home/srmap/research/projects/v2x-multiuav-trust/results/scalability_N10_AR50_guarded_cusum_15seed/ON_seed5_x560_720_t36.log
Centralized_CID_K3_W5,Centralized_CID,3,5,5,0,YES,YES,YES,caught_by_both,25.954,0,/home/srmap/research/projects/v2x-multiuav-trust/results/scalability_N10_AR50_guarded_cusum_15seed/ON_seed5_x560_720_t36.log
Centralized_CID_K3_W5,Centralized_CID,3,5,5,1,YES,YES,YES,caught_by_both,26.264,1,/home/srmap/research/projects/v2x-multiuav-trust/results/scalability_N10_AR50_guarded_cusum_15seed/ON_seed5_x560_720_t36.log
Centralized_CID_K3_W5,Centralized_CID,3,5,5,2,YES,YES,YES,caught_by_both,26.864,2,/home/srmap/research/projects/v2x-multiuav-trust/results/scalability_N10_AR50_guarded_cusum_15seed/ON_seed5_x560_720_t36.log
Centralized_CID_K3_W5,Centralized_CID,3,5,5,3,YES,YES,YES,caught_by_both,27.284,3,/home/srmap/research/projects/v2x-multiuav-trust/results/scalability_N10_AR50_guarded_cusum_15seed/ON_seed5_x560_720_t36.log
Centralized_CID_K3_W5,Centralized_CID,3,5,5,4,YES,YES,YES,caught_by_both,27.834,4,/home/srmap/research/projects/v2x-multiuav-trust/results/scalability_N10_AR50_guarded_cusum_15seed/ON_seed5_x560_720_t36.log
Centralized_CID_K3_W5,Centralized_CID,3,5,5,5,YES,YES,YES,caught_by_both,24.496,5,/home/srmap/research/projects/v2x-multiuav-trust/results/scalability_N10_AR50_guarded_cusum_15seed/ON_seed5_x560_720_t36.log
Centralized_CID_K3_W5,Centralized_CID,3,5,5,6,NO,NO,NO,honest_clean,,,/home/srmap/research/projects/v2x-multiuav-trust/results/scalability_N10_AR50_guarded_cusum_15seed/ON_seed5_x560_720_t36.log
Centralized_CID_K3_W5,Centralized_CID,3,5,5,7,NO,NO,NO,honest_clean,,,/home/srmap/research/projects/v2x-multiuav-trust/results/scalability_N10_AR50_guarded_cusum_15seed/ON_seed5_x560_720_t36.log
Centralized_CID_K3_W5,Centralized_CID,3,5,5,8,YES,YES,YES,caught_by_both,26.556,8,/home/srmap/research/projects/v2x-multiuav-trust/results/scalability_N10_AR50_guarded_cusum_15seed/ON_seed5_x560_720_t36.log
Centralized_CID_K3_W5,Centralized_CID,3,5,5,9,NO,NO,NO,honest_clean,,,/home/srmap/research/projects/v2x-multiuav-trust/results/scalability_N10_AR50_guarded_cusum_15seed/ON_seed5_x560_720_t36.log
Local_CID_RXUAV_K1_W5,Local_CID_RXUAV,1,5,5,0,YES,YES,YES,caught_by_both,11.954,0|1,/home/srmap/research/projects/v2x-multiuav-trust/results/scalability_N10_AR50_guarded_cusum_15seed/ON_seed5_x560_720_t36.log
Local_CID_RXUAV_K1_W5,Local_CID_RXUAV,1,5,5,1,YES,YES,YES,caught_by_both,14.264,1|1,/home/srmap/research/projects/v2x-multiuav-trust/results/scalability_N10_AR50_guarded_cusum_15seed/ON_seed5_x560_720_t36.log
Local_CID_RXUAV_K1_W5,Local_CID_RXUAV,1,5,5,2,YES,YES,YES,caught_by_both,16.364,2|1,/home/srmap/research/projects/v2x-multiuav-trust/results/scalability_N10_AR50_guarded_cusum_15seed/ON_seed5_x560_720_t36.log
Local_CID_RXUAV_K1_W5,Local_CID_RXUAV,1,5,5,3,YES,YES,YES,caught_by_both,18.284,3|1,/home/srmap/research/projects/v2x-multiuav-trust/results/scalability_N10_AR50_guarded_cusum_15seed/ON_seed5_x560_720_t36.log
Local_CID_RXUAV_K1_W5,Local_CID_RXUAV,1,5,5,4,YES,YES,YES,caught_by_both,20.334,4|1,/home/srmap/research/projects/v2x-multiuav-trust/results/scalability_N10_AR50_guarded_cusum_15seed/ON_seed5_x560_720_t36.log
Local_CID_RXUAV_K1_W5,Local_CID_RXUAV,1,5,5,5,YES,YES,YES,caught_by_both,11.996,5|1,/home/srmap/research/projects/v2x-multiuav-trust/results/scalability_N10_AR50_guarded_cusum_15seed/ON_seed5_x560_720_t36.log
Local_CID_RXUAV_K1_W5,Local_CID_RXUAV,1,5,5,6,NO,NO,YES,veremi_fp_only,14.046,6|1,/home/srmap/research/projects/v2x-multiuav-trust/results/scalability_N10_AR50_guarded_cusum_15seed/ON_seed5_x560_720_t36.log
Local_CID_RXUAV_K1_W5,Local_CID_RXUAV,1,5,5,7,NO,NO,YES,veremi_fp_only,16.196,7|1,/home/srmap/research/projects/v2x-multiuav-trust/results/scalability_N10_AR50_guarded_cusum_15seed/ON_seed5_x560_720_t36.log
Local_CID_RXUAV_K1_W5,Local_CID_RXUAV,1,5,5,8,YES,YES,YES,caught_by_both,18.056,8|1,/home/srmap/research/projects/v2x-multiuav-trust/results/scalability_N10_AR50_guarded_cusum_15seed/ON_seed5_x560_720_t36.log
Local_CID_RXUAV_K1_W5,Local_CID_RXUAV,1,5,5,9,NO,NO,YES,veremi_fp_only,20.156,9|1,/home/srmap/research/projects/v2x-multiuav-trust/results/scalability_N10_AR50_guarded_cusum_15seed/ON_seed5_x560_720_t36.log
Local_CID_RXUAV_K2_W5,Local_CID_RXUAV,2,5,5,0,YES,YES,YES,caught_by_both,23.952,0|1,/home/srmap/research/projects/v2x-multiuav-trust/results/scalability_N10_AR50_guarded_cusum_15seed/ON_seed5_x560_720_t36.log
Local_CID_RXUAV_K2_W5,Local_CID_RXUAV,2,5,5,1,YES,YES,YES,caught_by_both,25.264,1|1,/home/srmap/research/projects/v2x-multiuav-trust/results/scalability_N10_AR50_guarded_cusum_15seed/ON_seed5_x560_720_t36.log
Local_CID_RXUAV_K2_W5,Local_CID_RXUAV,2,5,5,2,YES,YES,YES,caught_by_both,25.864,2|1,/home/srmap/research/projects/v2x-multiuav-trust/results/scalability_N10_AR50_guarded_cusum_15seed/ON_seed5_x560_720_t36.log
Local_CID_RXUAV_K2_W5,Local_CID_RXUAV,2,5,5,3,YES,YES,YES,caught_by_both,26.282,3|1,/home/srmap/research/projects/v2x-multiuav-trust/results/scalability_N10_AR50_guarded_cusum_15seed/ON_seed5_x560_720_t36.log
Local_CID_RXUAV_K2_W5,Local_CID_RXUAV,2,5,5,4,YES,YES,YES,caught_by_both,26.837,4|1,/home/srmap/research/projects/v2x-multiuav-trust/results/scalability_N10_AR50_guarded_cusum_15seed/ON_seed5_x560_720_t36.log
Local_CID_RXUAV_K2_W5,Local_CID_RXUAV,2,5,5,5,YES,YES,YES,caught_by_both,23.996,5|1,/home/srmap/research/projects/v2x-multiuav-trust/results/scalability_N10_AR50_guarded_cusum_15seed/ON_seed5_x560_720_t36.log
Local_CID_RXUAV_K2_W5,Local_CID_RXUAV,2,5,5,6,NO,NO,YES,veremi_fp_only,26.046,6|1,/home/srmap/research/projects/v2x-multiuav-trust/results/scalability_N10_AR50_guarded_cusum_15seed/ON_seed5_x560_720_t36.log
Local_CID_RXUAV_K2_W5,Local_CID_RXUAV,2,5,5,7,NO,NO,NO,honest_clean,,,/home/srmap/research/projects/v2x-multiuav-trust/results/scalability_N10_AR50_guarded_cusum_15seed/ON_seed5_x560_720_t36.log
Local_CID_RXUAV_K2_W5,Local_CID_RXUAV,2,5,5,8,YES,YES,YES,caught_by_both,25.556,8|1,/home/srmap/research/projects/v2x-multiuav-trust/results/scalability_N10_AR50_guarded_cusum_15seed/ON_seed5_x560_720_t36.log
Local_CID_RXUAV_K2_W5,Local_CID_RXUAV,2,5,5,9,NO,NO,NO,honest_clean,,,/home/srmap/research/projects/v2x-multiuav-trust/results/scalability_N10_AR50_guarded_cusum_15seed/ON_seed5_x560_720_t36.log
Local_CID_RXUAV_K3_W5,Local_CID_RXUAV,3,5,5,0,YES,YES,YES,caught_by_both,25.954,0|1,/home/srmap/research/projects/v2x-multiuav-trust/results/scalability_N10_AR50_guarded_cusum_15seed/ON_seed5_x560_720_t36.log
Local_CID_RXUAV_K3_W5,Local_CID_RXUAV,3,5,5,1,YES,YES,YES,caught_by_both,26.264,1|1,/home/srmap/research/projects/v2x-multiuav-trust/results/scalability_N10_AR50_guarded_cusum_15seed/ON_seed5_x560_720_t36.log
Local_CID_RXUAV_K3_W5,Local_CID_RXUAV,3,5,5,2,YES,YES,YES,caught_by_both,26.864,2|1,/home/srmap/research/projects/v2x-multiuav-trust/results/scalability_N10_AR50_guarded_cusum_15seed/ON_seed5_x560_720_t36.log
Local_CID_RXUAV_K3_W5,Local_CID_RXUAV,3,5,5,3,YES,YES,YES,caught_by_both,27.284,3|1,/home/srmap/research/projects/v2x-multiuav-trust/results/scalability_N10_AR50_guarded_cusum_15seed/ON_seed5_x560_720_t36.log
Local_CID_RXUAV_K3_W5,Local_CID_RXUAV,3,5,5,4,YES,YES,YES,caught_by_both,27.834,4|1,/home/srmap/research/projects/v2x-multiuav-trust/results/scalability_N10_AR50_guarded_cusum_15seed/ON_seed5_x560_720_t36.log
Local_CID_RXUAV_K3_W5,Local_CID_RXUAV,3,5,5,5,YES,YES,YES,caught_by_both,24.496,5|1,/home/srmap/research/projects/v2x-multiuav-trust/results/scalability_N10_AR50_guarded_cusum_15seed/ON_seed5_x560_720_t36.log
Local_CID_RXUAV_K3_W5,Local_CID_RXUAV,3,5,5,6,NO,NO,NO,honest_clean,,,/home/srmap/research/projects/v2x-multiuav-trust/results/scalability_N10_AR50_guarded_cusum_15seed/ON_seed5_x560_720_t36.log
Local_CID_RXUAV_K3_W5,Local_CID_RXUAV,3,5,5,7,NO,NO,NO,honest_clean,,,/home/srmap/research/projects/v2x-multiuav-trust/results/scalability_N10_AR50_guarded_cusum_15seed/ON_seed5_x560_720_t36.log
Local_CID_RXUAV_K3_W5,Local_CID_RXUAV,3,5,5,8,YES,YES,YES,caught_by_both,26.556,8|1,/home/srmap/research/projects/v2x-multiuav-trust/results/scalability_N10_AR50_guarded_cusum_15seed/ON_seed5_x560_720_t36.log
Local_CID_RXUAV_K3_W5,Local_CID_RXUAV,3,5,5,9,NO,NO,NO,honest_clean,,,/home/srmap/research/projects/v2x-multiuav-trust/results/scalability_N10_AR50_guarded_cusum_15seed/ON_seed5_x560_720_t36.log
Local_CID_ZONE_K1_W5,Local_CID_ZONE,1,5,5,0,YES,YES,YES,caught_by_both,11.954,0|1,/home/srmap/research/projects/v2x-multiuav-trust/results/scalability_N10_AR50_guarded_cusum_15seed/ON_seed5_x560_720_t36.log
Local_CID_ZONE_K1_W5,Local_CID_ZONE,1,5,5,1,YES,YES,YES,caught_by_both,14.264,1|1,/home/srmap/research/projects/v2x-multiuav-trust/results/scalability_N10_AR50_guarded_cusum_15seed/ON_seed5_x560_720_t36.log
Local_CID_ZONE_K1_W5,Local_CID_ZONE,1,5,5,2,YES,YES,YES,caught_by_both,16.364,2|1,/home/srmap/research/projects/v2x-multiuav-trust/results/scalability_N10_AR50_guarded_cusum_15seed/ON_seed5_x560_720_t36.log
Local_CID_ZONE_K1_W5,Local_CID_ZONE,1,5,5,3,YES,YES,YES,caught_by_both,18.284,3|1,/home/srmap/research/projects/v2x-multiuav-trust/results/scalability_N10_AR50_guarded_cusum_15seed/ON_seed5_x560_720_t36.log
Local_CID_ZONE_K1_W5,Local_CID_ZONE,1,5,5,4,YES,YES,YES,caught_by_both,20.334,4|1,/home/srmap/research/projects/v2x-multiuav-trust/results/scalability_N10_AR50_guarded_cusum_15seed/ON_seed5_x560_720_t36.log
Local_CID_ZONE_K1_W5,Local_CID_ZONE,1,5,5,5,YES,YES,YES,caught_by_both,11.996,5|1,/home/srmap/research/projects/v2x-multiuav-trust/results/scalability_N10_AR50_guarded_cusum_15seed/ON_seed5_x560_720_t36.log
Local_CID_ZONE_K1_W5,Local_CID_ZONE,1,5,5,6,NO,NO,YES,veremi_fp_only,14.046,6|1,/home/srmap/research/projects/v2x-multiuav-trust/results/scalability_N10_AR50_guarded_cusum_15seed/ON_seed5_x560_720_t36.log
Local_CID_ZONE_K1_W5,Local_CID_ZONE,1,5,5,7,NO,NO,YES,veremi_fp_only,16.196,7|1,/home/srmap/research/projects/v2x-multiuav-trust/results/scalability_N10_AR50_guarded_cusum_15seed/ON_seed5_x560_720_t36.log
Local_CID_ZONE_K1_W5,Local_CID_ZONE,1,5,5,8,YES,YES,YES,caught_by_both,18.056,8|1,/home/srmap/research/projects/v2x-multiuav-trust/results/scalability_N10_AR50_guarded_cusum_15seed/ON_seed5_x560_720_t36.log
Local_CID_ZONE_K1_W5,Local_CID_ZONE,1,5,5,9,NO,NO,YES,veremi_fp_only,20.156,9|1,/home/srmap/research/projects/v2x-multiuav-trust/results/scalability_N10_AR50_guarded_cusum_15seed/ON_seed5_x560_720_t36.log
Local_CID_ZONE_K2_W5,Local_CID_ZONE,2,5,5,0,YES,YES,YES,caught_by_both,23.952,0|1,/home/srmap/research/projects/v2x-multiuav-trust/results/scalability_N10_AR50_guarded_cusum_15seed/ON_seed5_x560_720_t36.log
Local_CID_ZONE_K2_W5,Local_CID_ZONE,2,5,5,1,YES,YES,YES,caught_by_both,25.264,1|1,/home/srmap/research/projects/v2x-multiuav-trust/results/scalability_N10_AR50_guarded_cusum_15seed/ON_seed5_x560_720_t36.log
Local_CID_ZONE_K2_W5,Local_CID_ZONE,2,5,5,2,YES,YES,YES,caught_by_both,25.864,2|1,/home/srmap/research/projects/v2x-multiuav-trust/results/scalability_N10_AR50_guarded_cusum_15seed/ON_seed5_x560_720_t36.log
Local_CID_ZONE_K2_W5,Local_CID_ZONE,2,5,5,3,YES,YES,YES,caught_by_both,26.282,3|1,/home/srmap/research/projects/v2x-multiuav-trust/results/scalability_N10_AR50_guarded_cusum_15seed/ON_seed5_x560_720_t36.log
Local_CID_ZONE_K2_W5,Local_CID_ZONE,2,5,5,4,YES,YES,YES,caught_by_both,26.837,4|1,/home/srmap/research/projects/v2x-multiuav-trust/results/scalability_N10_AR50_guarded_cusum_15seed/ON_seed5_x560_720_t36.log
Local_CID_ZONE_K2_W5,Local_CID_ZONE,2,5,5,5,YES,YES,YES,caught_by_both,23.996,5|1,/home/srmap/research/projects/v2x-multiuav-trust/results/scalability_N10_AR50_guarded_cusum_15seed/ON_seed5_x560_720_t36.log
Local_CID_ZONE_K2_W5,Local_CID_ZONE,2,5,5,6,NO,NO,YES,veremi_fp_only,26.046,6|1,/home/srmap/research/projects/v2x-multiuav-trust/results/scalability_N10_AR50_guarded_cusum_15seed/ON_seed5_x560_720_t36.log
Local_CID_ZONE_K2_W5,Local_CID_ZONE,2,5,5,7,NO,NO,NO,honest_clean,,,/home/srmap/research/projects/v2x-multiuav-trust/results/scalability_N10_AR50_guarded_cusum_15seed/ON_seed5_x560_720_t36.log
Local_CID_ZONE_K2_W5,Local_CID_ZONE,2,5,5,8,YES,YES,YES,caught_by_both,25.556,8|1,/home/srmap/research/projects/v2x-multiuav-trust/results/scalability_N10_AR50_guarded_cusum_15seed/ON_seed5_x560_720_t36.log
Local_CID_ZONE_K2_W5,Local_CID_ZONE,2,5,5,9,NO,NO,NO,honest_clean,,,/home/srmap/research/projects/v2x-multiuav-trust/results/scalability_N10_AR50_guarded_cusum_15seed/ON_seed5_x560_720_t36.log
Local_CID_ZONE_K3_W5,Local_CID_ZONE,3,5,5,0,YES,YES,YES,caught_by_both,25.954,0|1,/home/srmap/research/projects/v2x-multiuav-trust/results/scalability_N10_AR50_guarded_cusum_15seed/ON_seed5_x560_720_t36.log
Local_CID_ZONE_K3_W5,Local_CID_ZONE,3,5,5,1,YES,YES,YES,caught_by_both,26.264,1|1,/home/srmap/research/projects/v2x-multiuav-trust/results/scalability_N10_AR50_guarded_cusum_15seed/ON_seed5_x560_720_t36.log
Local_CID_ZONE_K3_W5,Local_CID_ZONE,3,5,5,2,YES,YES,YES,caught_by_both,26.864,2|1,/home/srmap/research/projects/v2x-multiuav-trust/results/scalability_N10_AR50_guarded_cusum_15seed/ON_seed5_x560_720_t36.log
Local_CID_ZONE_K3_W5,Local_CID_ZONE,3,5,5,3,YES,YES,YES,caught_by_both,27.284,3|1,/home/srmap/research/projects/v2x-multiuav-trust/results/scalability_N10_AR50_guarded_cusum_15seed/ON_seed5_x560_720_t36.log
Local_CID_ZONE_K3_W5,Local_CID_ZONE,3,5,5,4,YES,YES,YES,caught_by_both,27.834,4|1,/home/srmap/research/projects/v2x-multiuav-trust/results/scalability_N10_AR50_guarded_cusum_15seed/ON_seed5_x560_720_t36.log
Local_CID_ZONE_K3_W5,Local_CID_ZONE,3,5,5,5,YES,YES,YES,caught_by_both,24.496,5|1,/home/srmap/research/projects/v2x-multiuav-trust/results/scalability_N10_AR50_guarded_cusum_15seed/ON_seed5_x560_720_t36.log
Local_CID_ZONE_K3_W5,Local_CID_ZONE,3,5,5,6,NO,NO,NO,honest_clean,,,/home/srmap/research/projects/v2x-multiuav-trust/results/scalability_N10_AR50_guarded_cusum_15seed/ON_seed5_x560_720_t36.log
Local_CID_ZONE_K3_W5,Local_CID_ZONE,3,5,5,7,NO,NO,NO,honest_clean,,,/home/srmap/research/projects/v2x-multiuav-trust/results/scalability_N10_AR50_guarded_cusum_15seed/ON_seed5_x560_720_t36.log
Local_CID_ZONE_K3_W5,Local_CID_ZONE,3,5,5,8,YES,YES,YES,caught_by_both,26.556,8|1,/home/srmap/research/projects/v2x-multiuav-trust/results/scalability_N10_AR50_guarded_cusum_15seed/ON_seed5_x560_720_t36.log
Local_CID_ZONE_K3_W5,Local_CID_ZONE,3,5,5,9,NO,NO,NO,honest_clean,,,/home/srmap/research/projects/v2x-multiuav-trust/results/scalability_N10_AR50_guarded_cusum_15seed/ON_seed5_x560_720_t36.log
Centralized_CID_K1_W5,Centralized_CID,1,5,6,0,YES,YES,YES,caught_by_both,12.064,0,/home/srmap/research/projects/v2x-multiuav-trust/results/scalability_N10_AR50_guarded_cusum_15seed/ON_seed6_x560_720_t36.log
Centralized_CID_K1_W5,Centralized_CID,1,5,6,1,YES,YES,YES,caught_by_both,14.244,1,/home/srmap/research/projects/v2x-multiuav-trust/results/scalability_N10_AR50_guarded_cusum_15seed/ON_seed6_x560_720_t36.log
Centralized_CID_K1_W5,Centralized_CID,1,5,6,2,YES,YES,YES,caught_by_both,16.354,2,/home/srmap/research/projects/v2x-multiuav-trust/results/scalability_N10_AR50_guarded_cusum_15seed/ON_seed6_x560_720_t36.log
Centralized_CID_K1_W5,Centralized_CID,1,5,6,3,YES,YES,YES,caught_by_both,18.034,3,/home/srmap/research/projects/v2x-multiuav-trust/results/scalability_N10_AR50_guarded_cusum_15seed/ON_seed6_x560_720_t36.log
Centralized_CID_K1_W5,Centralized_CID,1,5,6,4,YES,YES,YES,caught_by_both,20.165,4,/home/srmap/research/projects/v2x-multiuav-trust/results/scalability_N10_AR50_guarded_cusum_15seed/ON_seed6_x560_720_t36.log
Centralized_CID_K1_W5,Centralized_CID,1,5,6,5,NO,NO,YES,veremi_fp_only,12.035,5,/home/srmap/research/projects/v2x-multiuav-trust/results/scalability_N10_AR50_guarded_cusum_15seed/ON_seed6_x560_720_t36.log
Centralized_CID_K1_W5,Centralized_CID,1,5,6,6,NO,NO,YES,veremi_fp_only,13.895,6,/home/srmap/research/projects/v2x-multiuav-trust/results/scalability_N10_AR50_guarded_cusum_15seed/ON_seed6_x560_720_t36.log
Centralized_CID_K1_W5,Centralized_CID,1,5,6,7,YES,YES,YES,caught_by_both,16.056,7,/home/srmap/research/projects/v2x-multiuav-trust/results/scalability_N10_AR50_guarded_cusum_15seed/ON_seed6_x560_720_t36.log
Centralized_CID_K1_W5,Centralized_CID,1,5,6,8,NO,NO,YES,veremi_fp_only,17.904,8,/home/srmap/research/projects/v2x-multiuav-trust/results/scalability_N10_AR50_guarded_cusum_15seed/ON_seed6_x560_720_t36.log
Centralized_CID_K1_W5,Centralized_CID,1,5,6,9,YES,YES,YES,caught_by_both,20.326,9,/home/srmap/research/projects/v2x-multiuav-trust/results/scalability_N10_AR50_guarded_cusum_15seed/ON_seed6_x560_720_t36.log
Centralized_CID_K2_W5,Centralized_CID,2,5,6,0,YES,YES,YES,caught_by_both,24.064,0,/home/srmap/research/projects/v2x-multiuav-trust/results/scalability_N10_AR50_guarded_cusum_15seed/ON_seed6_x560_720_t36.log
Centralized_CID_K2_W5,Centralized_CID,2,5,6,1,YES,YES,YES,caught_by_both,25.244,1,/home/srmap/research/projects/v2x-multiuav-trust/results/scalability_N10_AR50_guarded_cusum_15seed/ON_seed6_x560_720_t36.log
Centralized_CID_K2_W5,Centralized_CID,2,5,6,2,YES,YES,YES,caught_by_both,25.854,2,/home/srmap/research/projects/v2x-multiuav-trust/results/scalability_N10_AR50_guarded_cusum_15seed/ON_seed6_x560_720_t36.log
Centralized_CID_K2_W5,Centralized_CID,2,5,6,3,YES,YES,YES,caught_by_both,26.034,3,/home/srmap/research/projects/v2x-multiuav-trust/results/scalability_N10_AR50_guarded_cusum_15seed/ON_seed6_x560_720_t36.log
Centralized_CID_K2_W5,Centralized_CID,2,5,6,4,YES,YES,YES,caught_by_both,26.665,4,/home/srmap/research/projects/v2x-multiuav-trust/results/scalability_N10_AR50_guarded_cusum_15seed/ON_seed6_x560_720_t36.log
Centralized_CID_K2_W5,Centralized_CID,2,5,6,5,NO,NO,YES,veremi_fp_only,24.036,5,/home/srmap/research/projects/v2x-multiuav-trust/results/scalability_N10_AR50_guarded_cusum_15seed/ON_seed6_x560_720_t36.log
Centralized_CID_K2_W5,Centralized_CID,2,5,6,6,NO,NO,YES,veremi_fp_only,25.896,6,/home/srmap/research/projects/v2x-multiuav-trust/results/scalability_N10_AR50_guarded_cusum_15seed/ON_seed6_x560_720_t36.log
Centralized_CID_K2_W5,Centralized_CID,2,5,6,7,YES,YES,YES,caught_by_both,25.056,7,/home/srmap/research/projects/v2x-multiuav-trust/results/scalability_N10_AR50_guarded_cusum_15seed/ON_seed6_x560_720_t36.log
Centralized_CID_K2_W5,Centralized_CID,2,5,6,8,NO,NO,YES,veremi_fp_only,29.906,8,/home/srmap/research/projects/v2x-multiuav-trust/results/scalability_N10_AR50_guarded_cusum_15seed/ON_seed6_x560_720_t36.log
Centralized_CID_K2_W5,Centralized_CID,2,5,6,9,YES,YES,YES,caught_by_both,25.826,9,/home/srmap/research/projects/v2x-multiuav-trust/results/scalability_N10_AR50_guarded_cusum_15seed/ON_seed6_x560_720_t36.log
Centralized_CID_K3_W5,Centralized_CID,3,5,6,0,YES,YES,YES,caught_by_both,25.564,0,/home/srmap/research/projects/v2x-multiuav-trust/results/scalability_N10_AR50_guarded_cusum_15seed/ON_seed6_x560_720_t36.log
Centralized_CID_K3_W5,Centralized_CID,3,5,6,1,YES,YES,YES,caught_by_both,26.244,1,/home/srmap/research/projects/v2x-multiuav-trust/results/scalability_N10_AR50_guarded_cusum_15seed/ON_seed6_x560_720_t36.log
Centralized_CID_K3_W5,Centralized_CID,3,5,6,2,YES,YES,YES,caught_by_both,26.854,2,/home/srmap/research/projects/v2x-multiuav-trust/results/scalability_N10_AR50_guarded_cusum_15seed/ON_seed6_x560_720_t36.log
Centralized_CID_K3_W5,Centralized_CID,3,5,6,3,YES,YES,YES,caught_by_both,27.034,3,/home/srmap/research/projects/v2x-multiuav-trust/results/scalability_N10_AR50_guarded_cusum_15seed/ON_seed6_x560_720_t36.log
Centralized_CID_K3_W5,Centralized_CID,3,5,6,4,YES,YES,YES,caught_by_both,27.667,4,/home/srmap/research/projects/v2x-multiuav-trust/results/scalability_N10_AR50_guarded_cusum_15seed/ON_seed6_x560_720_t36.log
Centralized_CID_K3_W5,Centralized_CID,3,5,6,5,NO,NO,NO,honest_clean,,,/home/srmap/research/projects/v2x-multiuav-trust/results/scalability_N10_AR50_guarded_cusum_15seed/ON_seed6_x560_720_t36.log
Centralized_CID_K3_W5,Centralized_CID,3,5,6,6,NO,NO,NO,honest_clean,,,/home/srmap/research/projects/v2x-multiuav-trust/results/scalability_N10_AR50_guarded_cusum_15seed/ON_seed6_x560_720_t36.log
Centralized_CID_K3_W5,Centralized_CID,3,5,6,7,YES,YES,YES,caught_by_both,26.056,7,/home/srmap/research/projects/v2x-multiuav-trust/results/scalability_N10_AR50_guarded_cusum_15seed/ON_seed6_x560_720_t36.log
Centralized_CID_K3_W5,Centralized_CID,3,5,6,8,NO,NO,NO,honest_clean,,,/home/srmap/research/projects/v2x-multiuav-trust/results/scalability_N10_AR50_guarded_cusum_15seed/ON_seed6_x560_720_t36.log
Centralized_CID_K3_W5,Centralized_CID,3,5,6,9,YES,YES,YES,caught_by_both,26.826,9,/home/srmap/research/projects/v2x-multiuav-trust/results/scalability_N10_AR50_guarded_cusum_15seed/ON_seed6_x560_720_t36.log
Local_CID_RXUAV_K1_W5,Local_CID_RXUAV,1,5,6,0,YES,YES,YES,caught_by_both,12.064,0|1,/home/srmap/research/projects/v2x-multiuav-trust/results/scalability_N10_AR50_guarded_cusum_15seed/ON_seed6_x560_720_t36.log
Local_CID_RXUAV_K1_W5,Local_CID_RXUAV,1,5,6,1,YES,YES,YES,caught_by_both,14.244,1|1,/home/srmap/research/projects/v2x-multiuav-trust/results/scalability_N10_AR50_guarded_cusum_15seed/ON_seed6_x560_720_t36.log
Local_CID_RXUAV_K1_W5,Local_CID_RXUAV,1,5,6,2,YES,YES,YES,caught_by_both,16.354,2|1,/home/srmap/research/projects/v2x-multiuav-trust/results/scalability_N10_AR50_guarded_cusum_15seed/ON_seed6_x560_720_t36.log
Local_CID_RXUAV_K1_W5,Local_CID_RXUAV,1,5,6,3,YES,YES,YES,caught_by_both,18.034,3|1,/home/srmap/research/projects/v2x-multiuav-trust/results/scalability_N10_AR50_guarded_cusum_15seed/ON_seed6_x560_720_t36.log
Local_CID_RXUAV_K1_W5,Local_CID_RXUAV,1,5,6,4,YES,YES,YES,caught_by_both,20.165,4|1,/home/srmap/research/projects/v2x-multiuav-trust/results/scalability_N10_AR50_guarded_cusum_15seed/ON_seed6_x560_720_t36.log
Local_CID_RXUAV_K1_W5,Local_CID_RXUAV,1,5,6,5,NO,NO,YES,veremi_fp_only,12.035,5|1,/home/srmap/research/projects/v2x-multiuav-trust/results/scalability_N10_AR50_guarded_cusum_15seed/ON_seed6_x560_720_t36.log
Local_CID_RXUAV_K1_W5,Local_CID_RXUAV,1,5,6,6,NO,NO,YES,veremi_fp_only,13.895,6|1,/home/srmap/research/projects/v2x-multiuav-trust/results/scalability_N10_AR50_guarded_cusum_15seed/ON_seed6_x560_720_t36.log
Local_CID_RXUAV_K1_W5,Local_CID_RXUAV,1,5,6,7,YES,YES,YES,caught_by_both,16.056,7|1,/home/srmap/research/projects/v2x-multiuav-trust/results/scalability_N10_AR50_guarded_cusum_15seed/ON_seed6_x560_720_t36.log
Local_CID_RXUAV_K1_W5,Local_CID_RXUAV,1,5,6,8,NO,NO,YES,veremi_fp_only,17.904,8|1,/home/srmap/research/projects/v2x-multiuav-trust/results/scalability_N10_AR50_guarded_cusum_15seed/ON_seed6_x560_720_t36.log
Local_CID_RXUAV_K1_W5,Local_CID_RXUAV,1,5,6,9,YES,YES,YES,caught_by_both,20.326,9|1,/home/srmap/research/projects/v2x-multiuav-trust/results/scalability_N10_AR50_guarded_cusum_15seed/ON_seed6_x560_720_t36.log
Local_CID_RXUAV_K2_W5,Local_CID_RXUAV,2,5,6,0,YES,YES,YES,caught_by_both,24.064,0|1,/home/srmap/research/projects/v2x-multiuav-trust/results/scalability_N10_AR50_guarded_cusum_15seed/ON_seed6_x560_720_t36.log
Local_CID_RXUAV_K2_W5,Local_CID_RXUAV,2,5,6,1,YES,YES,YES,caught_by_both,25.244,1|1,/home/srmap/research/projects/v2x-multiuav-trust/results/scalability_N10_AR50_guarded_cusum_15seed/ON_seed6_x560_720_t36.log
Local_CID_RXUAV_K2_W5,Local_CID_RXUAV,2,5,6,2,YES,YES,YES,caught_by_both,25.854,2|1,/home/srmap/research/projects/v2x-multiuav-trust/results/scalability_N10_AR50_guarded_cusum_15seed/ON_seed6_x560_720_t36.log
Local_CID_RXUAV_K2_W5,Local_CID_RXUAV,2,5,6,3,YES,YES,YES,caught_by_both,26.034,3|1,/home/srmap/research/projects/v2x-multiuav-trust/results/scalability_N10_AR50_guarded_cusum_15seed/ON_seed6_x560_720_t36.log
Local_CID_RXUAV_K2_W5,Local_CID_RXUAV,2,5,6,4,YES,YES,YES,caught_by_both,26.665,4|1,/home/srmap/research/projects/v2x-multiuav-trust/results/scalability_N10_AR50_guarded_cusum_15seed/ON_seed6_x560_720_t36.log
Local_CID_RXUAV_K2_W5,Local_CID_RXUAV,2,5,6,5,NO,NO,YES,veremi_fp_only,24.036,5|1,/home/srmap/research/projects/v2x-multiuav-trust/results/scalability_N10_AR50_guarded_cusum_15seed/ON_seed6_x560_720_t36.log
Local_CID_RXUAV_K2_W5,Local_CID_RXUAV,2,5,6,6,NO,NO,YES,veremi_fp_only,25.896,6|1,/home/srmap/research/projects/v2x-multiuav-trust/results/scalability_N10_AR50_guarded_cusum_15seed/ON_seed6_x560_720_t36.log
Local_CID_RXUAV_K2_W5,Local_CID_RXUAV,2,5,6,7,YES,YES,YES,caught_by_both,25.056,7|1,/home/srmap/research/projects/v2x-multiuav-trust/results/scalability_N10_AR50_guarded_cusum_15seed/ON_seed6_x560_720_t36.log
Local_CID_RXUAV_K2_W5,Local_CID_RXUAV,2,5,6,8,NO,NO,NO,honest_clean,,,/home/srmap/research/projects/v2x-multiuav-trust/results/scalability_N10_AR50_guarded_cusum_15seed/ON_seed6_x560_720_t36.log
Local_CID_RXUAV_K2_W5,Local_CID_RXUAV,2,5,6,9,YES,YES,YES,caught_by_both,25.826,9|1,/home/srmap/research/projects/v2x-multiuav-trust/results/scalability_N10_AR50_guarded_cusum_15seed/ON_seed6_x560_720_t36.log
Local_CID_RXUAV_K3_W5,Local_CID_RXUAV,3,5,6,0,YES,YES,YES,caught_by_both,25.564,0|1,/home/srmap/research/projects/v2x-multiuav-trust/results/scalability_N10_AR50_guarded_cusum_15seed/ON_seed6_x560_720_t36.log
Local_CID_RXUAV_K3_W5,Local_CID_RXUAV,3,5,6,1,YES,YES,YES,caught_by_both,26.244,1|1,/home/srmap/research/projects/v2x-multiuav-trust/results/scalability_N10_AR50_guarded_cusum_15seed/ON_seed6_x560_720_t36.log
Local_CID_RXUAV_K3_W5,Local_CID_RXUAV,3,5,6,2,YES,YES,YES,caught_by_both,26.854,2|1,/home/srmap/research/projects/v2x-multiuav-trust/results/scalability_N10_AR50_guarded_cusum_15seed/ON_seed6_x560_720_t36.log
Local_CID_RXUAV_K3_W5,Local_CID_RXUAV,3,5,6,3,YES,YES,YES,caught_by_both,27.034,3|1,/home/srmap/research/projects/v2x-multiuav-trust/results/scalability_N10_AR50_guarded_cusum_15seed/ON_seed6_x560_720_t36.log
Local_CID_RXUAV_K3_W5,Local_CID_RXUAV,3,5,6,4,YES,YES,YES,caught_by_both,27.667,4|1,/home/srmap/research/projects/v2x-multiuav-trust/results/scalability_N10_AR50_guarded_cusum_15seed/ON_seed6_x560_720_t36.log
Local_CID_RXUAV_K3_W5,Local_CID_RXUAV,3,5,6,5,NO,NO,NO,honest_clean,,,/home/srmap/research/projects/v2x-multiuav-trust/results/scalability_N10_AR50_guarded_cusum_15seed/ON_seed6_x560_720_t36.log
Local_CID_RXUAV_K3_W5,Local_CID_RXUAV,3,5,6,6,NO,NO,NO,honest_clean,,,/home/srmap/research/projects/v2x-multiuav-trust/results/scalability_N10_AR50_guarded_cusum_15seed/ON_seed6_x560_720_t36.log
Local_CID_RXUAV_K3_W5,Local_CID_RXUAV,3,5,6,7,YES,YES,YES,caught_by_both,26.056,7|1,/home/srmap/research/projects/v2x-multiuav-trust/results/scalability_N10_AR50_guarded_cusum_15seed/ON_seed6_x560_720_t36.log
Local_CID_RXUAV_K3_W5,Local_CID_RXUAV,3,5,6,8,NO,NO,NO,honest_clean,,,/home/srmap/research/projects/v2x-multiuav-trust/results/scalability_N10_AR50_guarded_cusum_15seed/ON_seed6_x560_720_t36.log
Local_CID_RXUAV_K3_W5,Local_CID_RXUAV,3,5,6,9,YES,YES,YES,caught_by_both,26.826,9|1,/home/srmap/research/projects/v2x-multiuav-trust/results/scalability_N10_AR50_guarded_cusum_15seed/ON_seed6_x560_720_t36.log
Local_CID_ZONE_K1_W5,Local_CID_ZONE,1,5,6,0,YES,YES,YES,caught_by_both,12.064,0|1,/home/srmap/research/projects/v2x-multiuav-trust/results/scalability_N10_AR50_guarded_cusum_15seed/ON_seed6_x560_720_t36.log
Local_CID_ZONE_K1_W5,Local_CID_ZONE,1,5,6,1,YES,YES,YES,caught_by_both,14.244,1|1,/home/srmap/research/projects/v2x-multiuav-trust/results/scalability_N10_AR50_guarded_cusum_15seed/ON_seed6_x560_720_t36.log
Local_CID_ZONE_K1_W5,Local_CID_ZONE,1,5,6,2,YES,YES,YES,caught_by_both,16.354,2|1,/home/srmap/research/projects/v2x-multiuav-trust/results/scalability_N10_AR50_guarded_cusum_15seed/ON_seed6_x560_720_t36.log
Local_CID_ZONE_K1_W5,Local_CID_ZONE,1,5,6,3,YES,YES,YES,caught_by_both,18.034,3|1,/home/srmap/research/projects/v2x-multiuav-trust/results/scalability_N10_AR50_guarded_cusum_15seed/ON_seed6_x560_720_t36.log
Local_CID_ZONE_K1_W5,Local_CID_ZONE,1,5,6,4,YES,YES,YES,caught_by_both,20.165,4|1,/home/srmap/research/projects/v2x-multiuav-trust/results/scalability_N10_AR50_guarded_cusum_15seed/ON_seed6_x560_720_t36.log
Local_CID_ZONE_K1_W5,Local_CID_ZONE,1,5,6,5,NO,NO,YES,veremi_fp_only,12.035,5|1,/home/srmap/research/projects/v2x-multiuav-trust/results/scalability_N10_AR50_guarded_cusum_15seed/ON_seed6_x560_720_t36.log
Local_CID_ZONE_K1_W5,Local_CID_ZONE,1,5,6,6,NO,NO,YES,veremi_fp_only,13.895,6|1,/home/srmap/research/projects/v2x-multiuav-trust/results/scalability_N10_AR50_guarded_cusum_15seed/ON_seed6_x560_720_t36.log
Local_CID_ZONE_K1_W5,Local_CID_ZONE,1,5,6,7,YES,YES,YES,caught_by_both,16.056,7|1,/home/srmap/research/projects/v2x-multiuav-trust/results/scalability_N10_AR50_guarded_cusum_15seed/ON_seed6_x560_720_t36.log
Local_CID_ZONE_K1_W5,Local_CID_ZONE,1,5,6,8,NO,NO,YES,veremi_fp_only,17.904,8|1,/home/srmap/research/projects/v2x-multiuav-trust/results/scalability_N10_AR50_guarded_cusum_15seed/ON_seed6_x560_720_t36.log
Local_CID_ZONE_K1_W5,Local_CID_ZONE,1,5,6,9,YES,YES,YES,caught_by_both,20.326,9|1,/home/srmap/research/projects/v2x-multiuav-trust/results/scalability_N10_AR50_guarded_cusum_15seed/ON_seed6_x560_720_t36.log
Local_CID_ZONE_K2_W5,Local_CID_ZONE,2,5,6,0,YES,YES,YES,caught_by_both,24.064,0|1,/home/srmap/research/projects/v2x-multiuav-trust/results/scalability_N10_AR50_guarded_cusum_15seed/ON_seed6_x560_720_t36.log
Local_CID_ZONE_K2_W5,Local_CID_ZONE,2,5,6,1,YES,YES,YES,caught_by_both,25.244,1|1,/home/srmap/research/projects/v2x-multiuav-trust/results/scalability_N10_AR50_guarded_cusum_15seed/ON_seed6_x560_720_t36.log
Local_CID_ZONE_K2_W5,Local_CID_ZONE,2,5,6,2,YES,YES,YES,caught_by_both,25.854,2|1,/home/srmap/research/projects/v2x-multiuav-trust/results/scalability_N10_AR50_guarded_cusum_15seed/ON_seed6_x560_720_t36.log
Local_CID_ZONE_K2_W5,Local_CID_ZONE,2,5,6,3,YES,YES,YES,caught_by_both,26.034,3|1,/home/srmap/research/projects/v2x-multiuav-trust/results/scalability_N10_AR50_guarded_cusum_15seed/ON_seed6_x560_720_t36.log
Local_CID_ZONE_K2_W5,Local_CID_ZONE,2,5,6,4,YES,YES,YES,caught_by_both,26.665,4|1,/home/srmap/research/projects/v2x-multiuav-trust/results/scalability_N10_AR50_guarded_cusum_15seed/ON_seed6_x560_720_t36.log
Local_CID_ZONE_K2_W5,Local_CID_ZONE,2,5,6,5,NO,NO,YES,veremi_fp_only,24.036,5|1,/home/srmap/research/projects/v2x-multiuav-trust/results/scalability_N10_AR50_guarded_cusum_15seed/ON_seed6_x560_720_t36.log
Local_CID_ZONE_K2_W5,Local_CID_ZONE,2,5,6,6,NO,NO,YES,veremi_fp_only,25.896,6|1,/home/srmap/research/projects/v2x-multiuav-trust/results/scalability_N10_AR50_guarded_cusum_15seed/ON_seed6_x560_720_t36.log
Local_CID_ZONE_K2_W5,Local_CID_ZONE,2,5,6,7,YES,YES,YES,caught_by_both,25.056,7|1,/home/srmap/research/projects/v2x-multiuav-trust/results/scalability_N10_AR50_guarded_cusum_15seed/ON_seed6_x560_720_t36.log
Local_CID_ZONE_K2_W5,Local_CID_ZONE,2,5,6,8,NO,NO,NO,honest_clean,,,/home/srmap/research/projects/v2x-multiuav-trust/results/scalability_N10_AR50_guarded_cusum_15seed/ON_seed6_x560_720_t36.log
Local_CID_ZONE_K2_W5,Local_CID_ZONE,2,5,6,9,YES,YES,YES,caught_by_both,25.826,9|1,/home/srmap/research/projects/v2x-multiuav-trust/results/scalability_N10_AR50_guarded_cusum_15seed/ON_seed6_x560_720_t36.log
Local_CID_ZONE_K3_W5,Local_CID_ZONE,3,5,6,0,YES,YES,YES,caught_by_both,25.564,0|1,/home/srmap/research/projects/v2x-multiuav-trust/results/scalability_N10_AR50_guarded_cusum_15seed/ON_seed6_x560_720_t36.log
Local_CID_ZONE_K3_W5,Local_CID_ZONE,3,5,6,1,YES,YES,YES,caught_by_both,26.244,1|1,/home/srmap/research/projects/v2x-multiuav-trust/results/scalability_N10_AR50_guarded_cusum_15seed/ON_seed6_x560_720_t36.log
Local_CID_ZONE_K3_W5,Local_CID_ZONE,3,5,6,2,YES,YES,YES,caught_by_both,26.854,2|1,/home/srmap/research/projects/v2x-multiuav-trust/results/scalability_N10_AR50_guarded_cusum_15seed/ON_seed6_x560_720_t36.log
Local_CID_ZONE_K3_W5,Local_CID_ZONE,3,5,6,3,YES,YES,YES,caught_by_both,27.034,3|1,/home/srmap/research/projects/v2x-multiuav-trust/results/scalability_N10_AR50_guarded_cusum_15seed/ON_seed6_x560_720_t36.log
Local_CID_ZONE_K3_W5,Local_CID_ZONE,3,5,6,4,YES,YES,YES,caught_by_both,27.667,4|1,/home/srmap/research/projects/v2x-multiuav-trust/results/scalability_N10_AR50_guarded_cusum_15seed/ON_seed6_x560_720_t36.log
Local_CID_ZONE_K3_W5,Local_CID_ZONE,3,5,6,5,NO,NO,NO,honest_clean,,,/home/srmap/research/projects/v2x-multiuav-trust/results/scalability_N10_AR50_guarded_cusum_15seed/ON_seed6_x560_720_t36.log
Local_CID_ZONE_K3_W5,Local_CID_ZONE,3,5,6,6,NO,NO,NO,honest_clean,,,/home/srmap/research/projects/v2x-multiuav-trust/results/scalability_N10_AR50_guarded_cusum_15seed/ON_seed6_x560_720_t36.log
Local_CID_ZONE_K3_W5,Local_CID_ZONE,3,5,6,7,YES,YES,YES,caught_by_both,26.056,7|1,/home/srmap/research/projects/v2x-multiuav-trust/results/scalability_N10_AR50_guarded_cusum_15seed/ON_seed6_x560_720_t36.log
Local_CID_ZONE_K3_W5,Local_CID_ZONE,3,5,6,8,NO,NO,NO,honest_clean,,,/home/srmap/research/projects/v2x-multiuav-trust/results/scalability_N10_AR50_guarded_cusum_15seed/ON_seed6_x560_720_t36.log
Local_CID_ZONE_K3_W5,Local_CID_ZONE,3,5,6,9,YES,YES,YES,caught_by_both,26.826,9|1,/home/srmap/research/projects/v2x-multiuav-trust/results/scalability_N10_AR50_guarded_cusum_15seed/ON_seed6_x560_720_t36.log
Centralized_CID_K1_W5,Centralized_CID,1,5,7,0,YES,YES,YES,caught_by_both,11.904,0,/home/srmap/research/projects/v2x-multiuav-trust/results/scalability_N10_AR50_guarded_cusum_15seed/ON_seed7_x560_720_t36.log
Centralized_CID_K1_W5,Centralized_CID,1,5,7,1,YES,YES,YES,caught_by_both,14.194,1,/home/srmap/research/projects/v2x-multiuav-trust/results/scalability_N10_AR50_guarded_cusum_15seed/ON_seed7_x560_720_t36.log
Centralized_CID_K1_W5,Centralized_CID,1,5,7,2,YES,YES,YES,caught_by_both,16.104,2,/home/srmap/research/projects/v2x-multiuav-trust/results/scalability_N10_AR50_guarded_cusum_15seed/ON_seed7_x560_720_t36.log
Centralized_CID_K1_W5,Centralized_CID,1,5,7,3,YES,YES,YES,caught_by_both,18.344,3,/home/srmap/research/projects/v2x-multiuav-trust/results/scalability_N10_AR50_guarded_cusum_15seed/ON_seed7_x560_720_t36.log
Centralized_CID_K1_W5,Centralized_CID,1,5,7,4,NO,NO,YES,veremi_fp_only,19.943,4,/home/srmap/research/projects/v2x-multiuav-trust/results/scalability_N10_AR50_guarded_cusum_15seed/ON_seed7_x560_720_t36.log
Centralized_CID_K1_W5,Centralized_CID,1,5,7,5,NO,NO,YES,veremi_fp_only,12.166,5,/home/srmap/research/projects/v2x-multiuav-trust/results/scalability_N10_AR50_guarded_cusum_15seed/ON_seed7_x560_720_t36.log
Centralized_CID_K1_W5,Centralized_CID,1,5,7,6,YES,YES,YES,caught_by_both,14.166,6,/home/srmap/research/projects/v2x-multiuav-trust/results/scalability_N10_AR50_guarded_cusum_15seed/ON_seed7_x560_720_t36.log
Centralized_CID_K1_W5,Centralized_CID,1,5,7,7,YES,YES,YES,caught_by_both,15.936,7,/home/srmap/research/projects/v2x-multiuav-trust/results/scalability_N10_AR50_guarded_cusum_15seed/ON_seed7_x560_720_t36.log
Centralized_CID_K1_W5,Centralized_CID,1,5,7,8,NO,NO,YES,veremi_fp_only,18.096,8,/home/srmap/research/projects/v2x-multiuav-trust/results/scalability_N10_AR50_guarded_cusum_15seed/ON_seed7_x560_720_t36.log
Centralized_CID_K1_W5,Centralized_CID,1,5,7,9,YES,YES,YES,caught_by_both,20.046,9,/home/srmap/research/projects/v2x-multiuav-trust/results/scalability_N10_AR50_guarded_cusum_15seed/ON_seed7_x560_720_t36.log
Centralized_CID_K2_W5,Centralized_CID,2,5,7,0,YES,YES,YES,caught_by_both,23.904,0,/home/srmap/research/projects/v2x-multiuav-trust/results/scalability_N10_AR50_guarded_cusum_15seed/ON_seed7_x560_720_t36.log
Centralized_CID_K2_W5,Centralized_CID,2,5,7,1,YES,YES,YES,caught_by_both,25.194,1,/home/srmap/research/projects/v2x-multiuav-trust/results/scalability_N10_AR50_guarded_cusum_15seed/ON_seed7_x560_720_t36.log
Centralized_CID_K2_W5,Centralized_CID,2,5,7,2,YES,YES,YES,caught_by_both,25.604,2,/home/srmap/research/projects/v2x-multiuav-trust/results/scalability_N10_AR50_guarded_cusum_15seed/ON_seed7_x560_720_t36.log
Centralized_CID_K2_W5,Centralized_CID,2,5,7,3,YES,YES,YES,caught_by_both,26.344,3,/home/srmap/research/projects/v2x-multiuav-trust/results/scalability_N10_AR50_guarded_cusum_15seed/ON_seed7_x560_720_t36.log
Centralized_CID_K2_W5,Centralized_CID,2,5,7,4,NO,NO,YES,veremi_fp_only,31.944,4,/home/srmap/research/projects/v2x-multiuav-trust/results/scalability_N10_AR50_guarded_cusum_15seed/ON_seed7_x560_720_t36.log
Centralized_CID_K2_W5,Centralized_CID,2,5,7,5,NO,NO,YES,veremi_fp_only,24.166,5,/home/srmap/research/projects/v2x-multiuav-trust/results/scalability_N10_AR50_guarded_cusum_15seed/ON_seed7_x560_720_t36.log
Centralized_CID_K2_W5,Centralized_CID,2,5,7,6,YES,YES,YES,caught_by_both,24.667,6,/home/srmap/research/projects/v2x-multiuav-trust/results/scalability_N10_AR50_guarded_cusum_15seed/ON_seed7_x560_720_t36.log
Centralized_CID_K2_W5,Centralized_CID,2,5,7,7,YES,YES,YES,caught_by_both,24.936,7,/home/srmap/research/projects/v2x-multiuav-trust/results/scalability_N10_AR50_guarded_cusum_15seed/ON_seed7_x560_720_t36.log
Centralized_CID_K2_W5,Centralized_CID,2,5,7,8,NO,NO,YES,veremi_fp_only,30.096,8,/home/srmap/research/projects/v2x-multiuav-trust/results/scalability_N10_AR50_guarded_cusum_15seed/ON_seed7_x560_720_t36.log
Centralized_CID_K2_W5,Centralized_CID,2,5,7,9,YES,YES,YES,caught_by_both,26.046,9,/home/srmap/research/projects/v2x-multiuav-trust/results/scalability_N10_AR50_guarded_cusum_15seed/ON_seed7_x560_720_t36.log
Centralized_CID_K3_W5,Centralized_CID,3,5,7,0,YES,YES,YES,caught_by_both,25.904,0,/home/srmap/research/projects/v2x-multiuav-trust/results/scalability_N10_AR50_guarded_cusum_15seed/ON_seed7_x560_720_t36.log
Centralized_CID_K3_W5,Centralized_CID,3,5,7,1,YES,YES,YES,caught_by_both,26.192,1,/home/srmap/research/projects/v2x-multiuav-trust/results/scalability_N10_AR50_guarded_cusum_15seed/ON_seed7_x560_720_t36.log
Centralized_CID_K3_W5,Centralized_CID,3,5,7,2,YES,YES,YES,caught_by_both,26.604,2,/home/srmap/research/projects/v2x-multiuav-trust/results/scalability_N10_AR50_guarded_cusum_15seed/ON_seed7_x560_720_t36.log
Centralized_CID_K3_W5,Centralized_CID,3,5,7,3,YES,YES,YES,caught_by_both,27.344,3,/home/srmap/research/projects/v2x-multiuav-trust/results/scalability_N10_AR50_guarded_cusum_15seed/ON_seed7_x560_720_t36.log
Centralized_CID_K3_W5,Centralized_CID,3,5,7,4,NO,NO,NO,honest_clean,,,/home/srmap/research/projects/v2x-multiuav-trust/results/scalability_N10_AR50_guarded_cusum_15seed/ON_seed7_x560_720_t36.log
Centralized_CID_K3_W5,Centralized_CID,3,5,7,5,NO,NO,NO,honest_clean,,,/home/srmap/research/projects/v2x-multiuav-trust/results/scalability_N10_AR50_guarded_cusum_15seed/ON_seed7_x560_720_t36.log
Centralized_CID_K3_W5,Centralized_CID,3,5,7,6,YES,YES,YES,caught_by_both,25.667,6,/home/srmap/research/projects/v2x-multiuav-trust/results/scalability_N10_AR50_guarded_cusum_15seed/ON_seed7_x560_720_t36.log
Centralized_CID_K3_W5,Centralized_CID,3,5,7,7,YES,YES,YES,caught_by_both,25.936,7,/home/srmap/research/projects/v2x-multiuav-trust/results/scalability_N10_AR50_guarded_cusum_15seed/ON_seed7_x560_720_t36.log
Centralized_CID_K3_W5,Centralized_CID,3,5,7,8,NO,NO,NO,honest_clean,,,/home/srmap/research/projects/v2x-multiuav-trust/results/scalability_N10_AR50_guarded_cusum_15seed/ON_seed7_x560_720_t36.log
Centralized_CID_K3_W5,Centralized_CID,3,5,7,9,YES,YES,YES,caught_by_both,27.046,9,/home/srmap/research/projects/v2x-multiuav-trust/results/scalability_N10_AR50_guarded_cusum_15seed/ON_seed7_x560_720_t36.log
Local_CID_RXUAV_K1_W5,Local_CID_RXUAV,1,5,7,0,YES,YES,YES,caught_by_both,11.904,0|1,/home/srmap/research/projects/v2x-multiuav-trust/results/scalability_N10_AR50_guarded_cusum_15seed/ON_seed7_x560_720_t36.log
Local_CID_RXUAV_K1_W5,Local_CID_RXUAV,1,5,7,1,YES,YES,YES,caught_by_both,14.194,1|1,/home/srmap/research/projects/v2x-multiuav-trust/results/scalability_N10_AR50_guarded_cusum_15seed/ON_seed7_x560_720_t36.log
Local_CID_RXUAV_K1_W5,Local_CID_RXUAV,1,5,7,2,YES,YES,YES,caught_by_both,16.104,2|1,/home/srmap/research/projects/v2x-multiuav-trust/results/scalability_N10_AR50_guarded_cusum_15seed/ON_seed7_x560_720_t36.log
Local_CID_RXUAV_K1_W5,Local_CID_RXUAV,1,5,7,3,YES,YES,YES,caught_by_both,18.344,3|1,/home/srmap/research/projects/v2x-multiuav-trust/results/scalability_N10_AR50_guarded_cusum_15seed/ON_seed7_x560_720_t36.log
Local_CID_RXUAV_K1_W5,Local_CID_RXUAV,1,5,7,4,NO,NO,YES,veremi_fp_only,19.943,4|1,/home/srmap/research/projects/v2x-multiuav-trust/results/scalability_N10_AR50_guarded_cusum_15seed/ON_seed7_x560_720_t36.log
Local_CID_RXUAV_K1_W5,Local_CID_RXUAV,1,5,7,5,NO,NO,YES,veremi_fp_only,12.166,5|1,/home/srmap/research/projects/v2x-multiuav-trust/results/scalability_N10_AR50_guarded_cusum_15seed/ON_seed7_x560_720_t36.log
Local_CID_RXUAV_K1_W5,Local_CID_RXUAV,1,5,7,6,YES,YES,YES,caught_by_both,14.166,6|1,/home/srmap/research/projects/v2x-multiuav-trust/results/scalability_N10_AR50_guarded_cusum_15seed/ON_seed7_x560_720_t36.log
Local_CID_RXUAV_K1_W5,Local_CID_RXUAV,1,5,7,7,YES,YES,YES,caught_by_both,15.936,7|1,/home/srmap/research/projects/v2x-multiuav-trust/results/scalability_N10_AR50_guarded_cusum_15seed/ON_seed7_x560_720_t36.log
Local_CID_RXUAV_K1_W5,Local_CID_RXUAV,1,5,7,8,NO,NO,YES,veremi_fp_only,18.096,8|1,/home/srmap/research/projects/v2x-multiuav-trust/results/scalability_N10_AR50_guarded_cusum_15seed/ON_seed7_x560_720_t36.log
Local_CID_RXUAV_K1_W5,Local_CID_RXUAV,1,5,7,9,YES,YES,YES,caught_by_both,20.046,9|1,/home/srmap/research/projects/v2x-multiuav-trust/results/scalability_N10_AR50_guarded_cusum_15seed/ON_seed7_x560_720_t36.log
Local_CID_RXUAV_K2_W5,Local_CID_RXUAV,2,5,7,0,YES,YES,YES,caught_by_both,23.904,0|1,/home/srmap/research/projects/v2x-multiuav-trust/results/scalability_N10_AR50_guarded_cusum_15seed/ON_seed7_x560_720_t36.log
Local_CID_RXUAV_K2_W5,Local_CID_RXUAV,2,5,7,1,YES,YES,YES,caught_by_both,25.194,1|1,/home/srmap/research/projects/v2x-multiuav-trust/results/scalability_N10_AR50_guarded_cusum_15seed/ON_seed7_x560_720_t36.log
Local_CID_RXUAV_K2_W5,Local_CID_RXUAV,2,5,7,2,YES,YES,YES,caught_by_both,25.604,2|1,/home/srmap/research/projects/v2x-multiuav-trust/results/scalability_N10_AR50_guarded_cusum_15seed/ON_seed7_x560_720_t36.log
Local_CID_RXUAV_K2_W5,Local_CID_RXUAV,2,5,7,3,YES,YES,YES,caught_by_both,26.344,3|1,/home/srmap/research/projects/v2x-multiuav-trust/results/scalability_N10_AR50_guarded_cusum_15seed/ON_seed7_x560_720_t36.log
Local_CID_RXUAV_K2_W5,Local_CID_RXUAV,2,5,7,4,NO,NO,NO,honest_clean,,,/home/srmap/research/projects/v2x-multiuav-trust/results/scalability_N10_AR50_guarded_cusum_15seed/ON_seed7_x560_720_t36.log
Local_CID_RXUAV_K2_W5,Local_CID_RXUAV,2,5,7,5,NO,NO,YES,veremi_fp_only,24.166,5|1,/home/srmap/research/projects/v2x-multiuav-trust/results/scalability_N10_AR50_guarded_cusum_15seed/ON_seed7_x560_720_t36.log
Local_CID_RXUAV_K2_W5,Local_CID_RXUAV,2,5,7,6,YES,YES,YES,caught_by_both,24.667,6|1,/home/srmap/research/projects/v2x-multiuav-trust/results/scalability_N10_AR50_guarded_cusum_15seed/ON_seed7_x560_720_t36.log
Local_CID_RXUAV_K2_W5,Local_CID_RXUAV,2,5,7,7,YES,YES,YES,caught_by_both,24.936,7|1,/home/srmap/research/projects/v2x-multiuav-trust/results/scalability_N10_AR50_guarded_cusum_15seed/ON_seed7_x560_720_t36.log
Local_CID_RXUAV_K2_W5,Local_CID_RXUAV,2,5,7,8,NO,NO,NO,honest_clean,,,/home/srmap/research/projects/v2x-multiuav-trust/results/scalability_N10_AR50_guarded_cusum_15seed/ON_seed7_x560_720_t36.log
Local_CID_RXUAV_K2_W5,Local_CID_RXUAV,2,5,7,9,YES,YES,YES,caught_by_both,26.046,9|1,/home/srmap/research/projects/v2x-multiuav-trust/results/scalability_N10_AR50_guarded_cusum_15seed/ON_seed7_x560_720_t36.log
Local_CID_RXUAV_K3_W5,Local_CID_RXUAV,3,5,7,0,YES,YES,YES,caught_by_both,25.904,0|1,/home/srmap/research/projects/v2x-multiuav-trust/results/scalability_N10_AR50_guarded_cusum_15seed/ON_seed7_x560_720_t36.log
Local_CID_RXUAV_K3_W5,Local_CID_RXUAV,3,5,7,1,YES,YES,YES,caught_by_both,26.192,1|1,/home/srmap/research/projects/v2x-multiuav-trust/results/scalability_N10_AR50_guarded_cusum_15seed/ON_seed7_x560_720_t36.log
Local_CID_RXUAV_K3_W5,Local_CID_RXUAV,3,5,7,2,YES,YES,YES,caught_by_both,26.604,2|1,/home/srmap/research/projects/v2x-multiuav-trust/results/scalability_N10_AR50_guarded_cusum_15seed/ON_seed7_x560_720_t36.log
Local_CID_RXUAV_K3_W5,Local_CID_RXUAV,3,5,7,3,YES,YES,YES,caught_by_both,27.344,3|1,/home/srmap/research/projects/v2x-multiuav-trust/results/scalability_N10_AR50_guarded_cusum_15seed/ON_seed7_x560_720_t36.log
Local_CID_RXUAV_K3_W5,Local_CID_RXUAV,3,5,7,4,NO,NO,NO,honest_clean,,,/home/srmap/research/projects/v2x-multiuav-trust/results/scalability_N10_AR50_guarded_cusum_15seed/ON_seed7_x560_720_t36.log
Local_CID_RXUAV_K3_W5,Local_CID_RXUAV,3,5,7,5,NO,NO,NO,honest_clean,,,/home/srmap/research/projects/v2x-multiuav-trust/results/scalability_N10_AR50_guarded_cusum_15seed/ON_seed7_x560_720_t36.log
Local_CID_RXUAV_K3_W5,Local_CID_RXUAV,3,5,7,6,YES,YES,YES,caught_by_both,25.667,6|1,/home/srmap/research/projects/v2x-multiuav-trust/results/scalability_N10_AR50_guarded_cusum_15seed/ON_seed7_x560_720_t36.log
Local_CID_RXUAV_K3_W5,Local_CID_RXUAV,3,5,7,7,YES,YES,YES,caught_by_both,25.936,7|1,/home/srmap/research/projects/v2x-multiuav-trust/results/scalability_N10_AR50_guarded_cusum_15seed/ON_seed7_x560_720_t36.log
Local_CID_RXUAV_K3_W5,Local_CID_RXUAV,3,5,7,8,NO,NO,NO,honest_clean,,,/home/srmap/research/projects/v2x-multiuav-trust/results/scalability_N10_AR50_guarded_cusum_15seed/ON_seed7_x560_720_t36.log
Local_CID_RXUAV_K3_W5,Local_CID_RXUAV,3,5,7,9,YES,YES,YES,caught_by_both,27.046,9|1,/home/srmap/research/projects/v2x-multiuav-trust/results/scalability_N10_AR50_guarded_cusum_15seed/ON_seed7_x560_720_t36.log
Local_CID_ZONE_K1_W5,Local_CID_ZONE,1,5,7,0,YES,YES,YES,caught_by_both,11.904,0|1,/home/srmap/research/projects/v2x-multiuav-trust/results/scalability_N10_AR50_guarded_cusum_15seed/ON_seed7_x560_720_t36.log
Local_CID_ZONE_K1_W5,Local_CID_ZONE,1,5,7,1,YES,YES,YES,caught_by_both,14.194,1|1,/home/srmap/research/projects/v2x-multiuav-trust/results/scalability_N10_AR50_guarded_cusum_15seed/ON_seed7_x560_720_t36.log
Local_CID_ZONE_K1_W5,Local_CID_ZONE,1,5,7,2,YES,YES,YES,caught_by_both,16.104,2|1,/home/srmap/research/projects/v2x-multiuav-trust/results/scalability_N10_AR50_guarded_cusum_15seed/ON_seed7_x560_720_t36.log
Local_CID_ZONE_K1_W5,Local_CID_ZONE,1,5,7,3,YES,YES,YES,caught_by_both,18.344,3|1,/home/srmap/research/projects/v2x-multiuav-trust/results/scalability_N10_AR50_guarded_cusum_15seed/ON_seed7_x560_720_t36.log
Local_CID_ZONE_K1_W5,Local_CID_ZONE,1,5,7,4,NO,NO,YES,veremi_fp_only,19.943,4|1,/home/srmap/research/projects/v2x-multiuav-trust/results/scalability_N10_AR50_guarded_cusum_15seed/ON_seed7_x560_720_t36.log
Local_CID_ZONE_K1_W5,Local_CID_ZONE,1,5,7,5,NO,NO,YES,veremi_fp_only,12.166,5|1,/home/srmap/research/projects/v2x-multiuav-trust/results/scalability_N10_AR50_guarded_cusum_15seed/ON_seed7_x560_720_t36.log
Local_CID_ZONE_K1_W5,Local_CID_ZONE,1,5,7,6,YES,YES,YES,caught_by_both,14.166,6|1,/home/srmap/research/projects/v2x-multiuav-trust/results/scalability_N10_AR50_guarded_cusum_15seed/ON_seed7_x560_720_t36.log
Local_CID_ZONE_K1_W5,Local_CID_ZONE,1,5,7,7,YES,YES,YES,caught_by_both,15.936,7|1,/home/srmap/research/projects/v2x-multiuav-trust/results/scalability_N10_AR50_guarded_cusum_15seed/ON_seed7_x560_720_t36.log
Local_CID_ZONE_K1_W5,Local_CID_ZONE,1,5,7,8,NO,NO,YES,veremi_fp_only,18.096,8|1,/home/srmap/research/projects/v2x-multiuav-trust/results/scalability_N10_AR50_guarded_cusum_15seed/ON_seed7_x560_720_t36.log
Local_CID_ZONE_K1_W5,Local_CID_ZONE,1,5,7,9,YES,YES,YES,caught_by_both,20.046,9|1,/home/srmap/research/projects/v2x-multiuav-trust/results/scalability_N10_AR50_guarded_cusum_15seed/ON_seed7_x560_720_t36.log
Local_CID_ZONE_K2_W5,Local_CID_ZONE,2,5,7,0,YES,YES,YES,caught_by_both,23.904,0|1,/home/srmap/research/projects/v2x-multiuav-trust/results/scalability_N10_AR50_guarded_cusum_15seed/ON_seed7_x560_720_t36.log
Local_CID_ZONE_K2_W5,Local_CID_ZONE,2,5,7,1,YES,YES,YES,caught_by_both,25.194,1|1,/home/srmap/research/projects/v2x-multiuav-trust/results/scalability_N10_AR50_guarded_cusum_15seed/ON_seed7_x560_720_t36.log
Local_CID_ZONE_K2_W5,Local_CID_ZONE,2,5,7,2,YES,YES,YES,caught_by_both,25.604,2|1,/home/srmap/research/projects/v2x-multiuav-trust/results/scalability_N10_AR50_guarded_cusum_15seed/ON_seed7_x560_720_t36.log
Local_CID_ZONE_K2_W5,Local_CID_ZONE,2,5,7,3,YES,YES,YES,caught_by_both,26.344,3|1,/home/srmap/research/projects/v2x-multiuav-trust/results/scalability_N10_AR50_guarded_cusum_15seed/ON_seed7_x560_720_t36.log
Local_CID_ZONE_K2_W5,Local_CID_ZONE,2,5,7,4,NO,NO,NO,honest_clean,,,/home/srmap/research/projects/v2x-multiuav-trust/results/scalability_N10_AR50_guarded_cusum_15seed/ON_seed7_x560_720_t36.log
Local_CID_ZONE_K2_W5,Local_CID_ZONE,2,5,7,5,NO,NO,YES,veremi_fp_only,24.166,5|1,/home/srmap/research/projects/v2x-multiuav-trust/results/scalability_N10_AR50_guarded_cusum_15seed/ON_seed7_x560_720_t36.log
Local_CID_ZONE_K2_W5,Local_CID_ZONE,2,5,7,6,YES,YES,YES,caught_by_both,24.667,6|1,/home/srmap/research/projects/v2x-multiuav-trust/results/scalability_N10_AR50_guarded_cusum_15seed/ON_seed7_x560_720_t36.log
Local_CID_ZONE_K2_W5,Local_CID_ZONE,2,5,7,7,YES,YES,YES,caught_by_both,24.936,7|1,/home/srmap/research/projects/v2x-multiuav-trust/results/scalability_N10_AR50_guarded_cusum_15seed/ON_seed7_x560_720_t36.log
Local_CID_ZONE_K2_W5,Local_CID_ZONE,2,5,7,8,NO,NO,NO,honest_clean,,,/home/srmap/research/projects/v2x-multiuav-trust/results/scalability_N10_AR50_guarded_cusum_15seed/ON_seed7_x560_720_t36.log
Local_CID_ZONE_K2_W5,Local_CID_ZONE,2,5,7,9,YES,YES,YES,caught_by_both,26.046,9|1,/home/srmap/research/projects/v2x-multiuav-trust/results/scalability_N10_AR50_guarded_cusum_15seed/ON_seed7_x560_720_t36.log
Local_CID_ZONE_K3_W5,Local_CID_ZONE,3,5,7,0,YES,YES,YES,caught_by_both,25.904,0|1,/home/srmap/research/projects/v2x-multiuav-trust/results/scalability_N10_AR50_guarded_cusum_15seed/ON_seed7_x560_720_t36.log
Local_CID_ZONE_K3_W5,Local_CID_ZONE,3,5,7,1,YES,YES,YES,caught_by_both,26.192,1|1,/home/srmap/research/projects/v2x-multiuav-trust/results/scalability_N10_AR50_guarded_cusum_15seed/ON_seed7_x560_720_t36.log
Local_CID_ZONE_K3_W5,Local_CID_ZONE,3,5,7,2,YES,YES,YES,caught_by_both,26.604,2|1,/home/srmap/research/projects/v2x-multiuav-trust/results/scalability_N10_AR50_guarded_cusum_15seed/ON_seed7_x560_720_t36.log
Local_CID_ZONE_K3_W5,Local_CID_ZONE,3,5,7,3,YES,YES,YES,caught_by_both,27.344,3|1,/home/srmap/research/projects/v2x-multiuav-trust/results/scalability_N10_AR50_guarded_cusum_15seed/ON_seed7_x560_720_t36.log
Local_CID_ZONE_K3_W5,Local_CID_ZONE,3,5,7,4,NO,NO,NO,honest_clean,,,/home/srmap/research/projects/v2x-multiuav-trust/results/scalability_N10_AR50_guarded_cusum_15seed/ON_seed7_x560_720_t36.log
Local_CID_ZONE_K3_W5,Local_CID_ZONE,3,5,7,5,NO,NO,NO,honest_clean,,,/home/srmap/research/projects/v2x-multiuav-trust/results/scalability_N10_AR50_guarded_cusum_15seed/ON_seed7_x560_720_t36.log
Local_CID_ZONE_K3_W5,Local_CID_ZONE,3,5,7,6,YES,YES,YES,caught_by_both,25.667,6|1,/home/srmap/research/projects/v2x-multiuav-trust/results/scalability_N10_AR50_guarded_cusum_15seed/ON_seed7_x560_720_t36.log
Local_CID_ZONE_K3_W5,Local_CID_ZONE,3,5,7,7,YES,YES,YES,caught_by_both,25.936,7|1,/home/srmap/research/projects/v2x-multiuav-trust/results/scalability_N10_AR50_guarded_cusum_15seed/ON_seed7_x560_720_t36.log
Local_CID_ZONE_K3_W5,Local_CID_ZONE,3,5,7,8,NO,NO,NO,honest_clean,,,/home/srmap/research/projects/v2x-multiuav-trust/results/scalability_N10_AR50_guarded_cusum_15seed/ON_seed7_x560_720_t36.log
Local_CID_ZONE_K3_W5,Local_CID_ZONE,3,5,7,9,YES,YES,YES,caught_by_both,27.046,9|1,/home/srmap/research/projects/v2x-multiuav-trust/results/scalability_N10_AR50_guarded_cusum_15seed/ON_seed7_x560_720_t36.log
Centralized_CID_K1_W5,Centralized_CID,1,5,8,0,YES,YES,YES,caught_by_both,12.103,0,/home/srmap/research/projects/v2x-multiuav-trust/results/scalability_N10_AR50_guarded_cusum_15seed/ON_seed8_x560_720_t36.log
Centralized_CID_K1_W5,Centralized_CID,1,5,8,1,YES,YES,YES,caught_by_both,14.074,1,/home/srmap/research/projects/v2x-multiuav-trust/results/scalability_N10_AR50_guarded_cusum_15seed/ON_seed8_x560_720_t36.log
Centralized_CID_K1_W5,Centralized_CID,1,5,8,2,YES,YES,YES,caught_by_both,16.004,2,/home/srmap/research/projects/v2x-multiuav-trust/results/scalability_N10_AR50_guarded_cusum_15seed/ON_seed8_x560_720_t36.log
Centralized_CID_K1_W5,Centralized_CID,1,5,8,3,YES,YES,YES,caught_by_both,17.994,3,/home/srmap/research/projects/v2x-multiuav-trust/results/scalability_N10_AR50_guarded_cusum_15seed/ON_seed8_x560_720_t36.log
Centralized_CID_K1_W5,Centralized_CID,1,5,8,4,YES,NO,NO,missed_by_both,,,/home/srmap/research/projects/v2x-multiuav-trust/results/scalability_N10_AR50_guarded_cusum_15seed/ON_seed8_x560_720_t36.log
Centralized_CID_K1_W5,Centralized_CID,1,5,8,5,NO,NO,YES,veremi_fp_only,12.276,5,/home/srmap/research/projects/v2x-multiuav-trust/results/scalability_N10_AR50_guarded_cusum_15seed/ON_seed8_x560_720_t36.log
Centralized_CID_K1_W5,Centralized_CID,1,5,8,6,YES,YES,YES,caught_by_both,14.336,6,/home/srmap/research/projects/v2x-multiuav-trust/results/scalability_N10_AR50_guarded_cusum_15seed/ON_seed8_x560_720_t36.log
Centralized_CID_K1_W5,Centralized_CID,1,5,8,7,NO,NO,YES,veremi_fp_only,15.976,7,/home/srmap/research/projects/v2x-multiuav-trust/results/scalability_N10_AR50_guarded_cusum_15seed/ON_seed8_x560_720_t36.log
Centralized_CID_K1_W5,Centralized_CID,1,5,8,8,NO,NO,YES,veremi_fp_only,17.976,8,/home/srmap/research/projects/v2x-multiuav-trust/results/scalability_N10_AR50_guarded_cusum_15seed/ON_seed8_x560_720_t36.log
Centralized_CID_K1_W5,Centralized_CID,1,5,8,9,YES,YES,YES,caught_by_both,20.026,9,/home/srmap/research/projects/v2x-multiuav-trust/results/scalability_N10_AR50_guarded_cusum_15seed/ON_seed8_x560_720_t36.log
Centralized_CID_K2_W5,Centralized_CID,2,5,8,0,YES,YES,YES,caught_by_both,24.104,0,/home/srmap/research/projects/v2x-multiuav-trust/results/scalability_N10_AR50_guarded_cusum_15seed/ON_seed8_x560_720_t36.log
Centralized_CID_K2_W5,Centralized_CID,2,5,8,1,YES,YES,YES,caught_by_both,25.574,1,/home/srmap/research/projects/v2x-multiuav-trust/results/scalability_N10_AR50_guarded_cusum_15seed/ON_seed8_x560_720_t36.log
Centralized_CID_K2_W5,Centralized_CID,2,5,8,2,YES,YES,YES,caught_by_both,26.004,2,/home/srmap/research/projects/v2x-multiuav-trust/results/scalability_N10_AR50_guarded_cusum_15seed/ON_seed8_x560_720_t36.log
Centralized_CID_K2_W5,Centralized_CID,2,5,8,3,YES,YES,YES,caught_by_both,25.994,3,/home/srmap/research/projects/v2x-multiuav-trust/results/scalability_N10_AR50_guarded_cusum_15seed/ON_seed8_x560_720_t36.log
Centralized_CID_K2_W5,Centralized_CID,2,5,8,4,YES,NO,NO,missed_by_both,,,/home/srmap/research/projects/v2x-multiuav-trust/results/scalability_N10_AR50_guarded_cusum_15seed/ON_seed8_x560_720_t36.log
Centralized_CID_K2_W5,Centralized_CID,2,5,8,5,NO,NO,YES,veremi_fp_only,23.776,5,/home/srmap/research/projects/v2x-multiuav-trust/results/scalability_N10_AR50_guarded_cusum_15seed/ON_seed8_x560_720_t36.log
Centralized_CID_K2_W5,Centralized_CID,2,5,8,6,YES,YES,YES,caught_by_both,24.836,6,/home/srmap/research/projects/v2x-multiuav-trust/results/scalability_N10_AR50_guarded_cusum_15seed/ON_seed8_x560_720_t36.log
Centralized_CID_K2_W5,Centralized_CID,2,5,8,7,NO,NO,YES,veremi_fp_only,27.976,7,/home/srmap/research/projects/v2x-multiuav-trust/results/scalability_N10_AR50_guarded_cusum_15seed/ON_seed8_x560_720_t36.log
Centralized_CID_K2_W5,Centralized_CID,2,5,8,8,NO,NO,YES,veremi_fp_only,29.976,8,/home/srmap/research/projects/v2x-multiuav-trust/results/scalability_N10_AR50_guarded_cusum_15seed/ON_seed8_x560_720_t36.log
Centralized_CID_K2_W5,Centralized_CID,2,5,8,9,YES,YES,YES,caught_by_both,26.026,9,/home/srmap/research/projects/v2x-multiuav-trust/results/scalability_N10_AR50_guarded_cusum_15seed/ON_seed8_x560_720_t36.log
Centralized_CID_K3_W5,Centralized_CID,3,5,8,0,YES,YES,YES,caught_by_both,25.604,0,/home/srmap/research/projects/v2x-multiuav-trust/results/scalability_N10_AR50_guarded_cusum_15seed/ON_seed8_x560_720_t36.log
Centralized_CID_K3_W5,Centralized_CID,3,5,8,1,YES,YES,YES,caught_by_both,26.573,1,/home/srmap/research/projects/v2x-multiuav-trust/results/scalability_N10_AR50_guarded_cusum_15seed/ON_seed8_x560_720_t36.log
Centralized_CID_K3_W5,Centralized_CID,3,5,8,2,YES,YES,YES,caught_by_both,27.004,2,/home/srmap/research/projects/v2x-multiuav-trust/results/scalability_N10_AR50_guarded_cusum_15seed/ON_seed8_x560_720_t36.log
Centralized_CID_K3_W5,Centralized_CID,3,5,8,3,YES,YES,YES,caught_by_both,26.994,3,/home/srmap/research/projects/v2x-multiuav-trust/results/scalability_N10_AR50_guarded_cusum_15seed/ON_seed8_x560_720_t36.log
Centralized_CID_K3_W5,Centralized_CID,3,5,8,4,YES,NO,NO,missed_by_both,,,/home/srmap/research/projects/v2x-multiuav-trust/results/scalability_N10_AR50_guarded_cusum_15seed/ON_seed8_x560_720_t36.log
Centralized_CID_K3_W5,Centralized_CID,3,5,8,5,NO,NO,NO,honest_clean,,,/home/srmap/research/projects/v2x-multiuav-trust/results/scalability_N10_AR50_guarded_cusum_15seed/ON_seed8_x560_720_t36.log
Centralized_CID_K3_W5,Centralized_CID,3,5,8,6,YES,YES,YES,caught_by_both,25.834,6,/home/srmap/research/projects/v2x-multiuav-trust/results/scalability_N10_AR50_guarded_cusum_15seed/ON_seed8_x560_720_t36.log
Centralized_CID_K3_W5,Centralized_CID,3,5,8,7,NO,NO,NO,honest_clean,,,/home/srmap/research/projects/v2x-multiuav-trust/results/scalability_N10_AR50_guarded_cusum_15seed/ON_seed8_x560_720_t36.log
Centralized_CID_K3_W5,Centralized_CID,3,5,8,8,NO,NO,NO,honest_clean,,,/home/srmap/research/projects/v2x-multiuav-trust/results/scalability_N10_AR50_guarded_cusum_15seed/ON_seed8_x560_720_t36.log
Centralized_CID_K3_W5,Centralized_CID,3,5,8,9,YES,YES,YES,caught_by_both,27.026,9,/home/srmap/research/projects/v2x-multiuav-trust/results/scalability_N10_AR50_guarded_cusum_15seed/ON_seed8_x560_720_t36.log
Local_CID_RXUAV_K1_W5,Local_CID_RXUAV,1,5,8,0,YES,YES,YES,caught_by_both,12.103,0|1,/home/srmap/research/projects/v2x-multiuav-trust/results/scalability_N10_AR50_guarded_cusum_15seed/ON_seed8_x560_720_t36.log
Local_CID_RXUAV_K1_W5,Local_CID_RXUAV,1,5,8,1,YES,YES,YES,caught_by_both,14.074,1|1,/home/srmap/research/projects/v2x-multiuav-trust/results/scalability_N10_AR50_guarded_cusum_15seed/ON_seed8_x560_720_t36.log
Local_CID_RXUAV_K1_W5,Local_CID_RXUAV,1,5,8,2,YES,YES,YES,caught_by_both,16.004,2|1,/home/srmap/research/projects/v2x-multiuav-trust/results/scalability_N10_AR50_guarded_cusum_15seed/ON_seed8_x560_720_t36.log
Local_CID_RXUAV_K1_W5,Local_CID_RXUAV,1,5,8,3,YES,YES,YES,caught_by_both,17.994,3|1,/home/srmap/research/projects/v2x-multiuav-trust/results/scalability_N10_AR50_guarded_cusum_15seed/ON_seed8_x560_720_t36.log
Local_CID_RXUAV_K1_W5,Local_CID_RXUAV,1,5,8,4,YES,NO,NO,missed_by_both,,,/home/srmap/research/projects/v2x-multiuav-trust/results/scalability_N10_AR50_guarded_cusum_15seed/ON_seed8_x560_720_t36.log
Local_CID_RXUAV_K1_W5,Local_CID_RXUAV,1,5,8,5,NO,NO,YES,veremi_fp_only,12.276,5|1,/home/srmap/research/projects/v2x-multiuav-trust/results/scalability_N10_AR50_guarded_cusum_15seed/ON_seed8_x560_720_t36.log
Local_CID_RXUAV_K1_W5,Local_CID_RXUAV,1,5,8,6,YES,YES,YES,caught_by_both,14.336,6|1,/home/srmap/research/projects/v2x-multiuav-trust/results/scalability_N10_AR50_guarded_cusum_15seed/ON_seed8_x560_720_t36.log
Local_CID_RXUAV_K1_W5,Local_CID_RXUAV,1,5,8,7,NO,NO,YES,veremi_fp_only,15.976,7|1,/home/srmap/research/projects/v2x-multiuav-trust/results/scalability_N10_AR50_guarded_cusum_15seed/ON_seed8_x560_720_t36.log
Local_CID_RXUAV_K1_W5,Local_CID_RXUAV,1,5,8,8,NO,NO,YES,veremi_fp_only,17.976,8|1,/home/srmap/research/projects/v2x-multiuav-trust/results/scalability_N10_AR50_guarded_cusum_15seed/ON_seed8_x560_720_t36.log
Local_CID_RXUAV_K1_W5,Local_CID_RXUAV,1,5,8,9,YES,YES,YES,caught_by_both,20.026,9|1,/home/srmap/research/projects/v2x-multiuav-trust/results/scalability_N10_AR50_guarded_cusum_15seed/ON_seed8_x560_720_t36.log
Local_CID_RXUAV_K2_W5,Local_CID_RXUAV,2,5,8,0,YES,YES,YES,caught_by_both,24.104,0|1,/home/srmap/research/projects/v2x-multiuav-trust/results/scalability_N10_AR50_guarded_cusum_15seed/ON_seed8_x560_720_t36.log
Local_CID_RXUAV_K2_W5,Local_CID_RXUAV,2,5,8,1,YES,YES,YES,caught_by_both,25.574,1|1,/home/srmap/research/projects/v2x-multiuav-trust/results/scalability_N10_AR50_guarded_cusum_15seed/ON_seed8_x560_720_t36.log
Local_CID_RXUAV_K2_W5,Local_CID_RXUAV,2,5,8,2,YES,YES,YES,caught_by_both,26.004,2|1,/home/srmap/research/projects/v2x-multiuav-trust/results/scalability_N10_AR50_guarded_cusum_15seed/ON_seed8_x560_720_t36.log
Local_CID_RXUAV_K2_W5,Local_CID_RXUAV,2,5,8,3,YES,YES,YES,caught_by_both,25.994,3|1,/home/srmap/research/projects/v2x-multiuav-trust/results/scalability_N10_AR50_guarded_cusum_15seed/ON_seed8_x560_720_t36.log
Local_CID_RXUAV_K2_W5,Local_CID_RXUAV,2,5,8,4,YES,NO,NO,missed_by_both,,,/home/srmap/research/projects/v2x-multiuav-trust/results/scalability_N10_AR50_guarded_cusum_15seed/ON_seed8_x560_720_t36.log
Local_CID_RXUAV_K2_W5,Local_CID_RXUAV,2,5,8,5,NO,NO,YES,veremi_fp_only,23.776,5|1,/home/srmap/research/projects/v2x-multiuav-trust/results/scalability_N10_AR50_guarded_cusum_15seed/ON_seed8_x560_720_t36.log
Local_CID_RXUAV_K2_W5,Local_CID_RXUAV,2,5,8,6,YES,YES,YES,caught_by_both,24.836,6|1,/home/srmap/research/projects/v2x-multiuav-trust/results/scalability_N10_AR50_guarded_cusum_15seed/ON_seed8_x560_720_t36.log
Local_CID_RXUAV_K2_W5,Local_CID_RXUAV,2,5,8,7,NO,NO,NO,honest_clean,,,/home/srmap/research/projects/v2x-multiuav-trust/results/scalability_N10_AR50_guarded_cusum_15seed/ON_seed8_x560_720_t36.log
Local_CID_RXUAV_K2_W5,Local_CID_RXUAV,2,5,8,8,NO,NO,NO,honest_clean,,,/home/srmap/research/projects/v2x-multiuav-trust/results/scalability_N10_AR50_guarded_cusum_15seed/ON_seed8_x560_720_t36.log
Local_CID_RXUAV_K2_W5,Local_CID_RXUAV,2,5,8,9,YES,YES,YES,caught_by_both,26.026,9|1,/home/srmap/research/projects/v2x-multiuav-trust/results/scalability_N10_AR50_guarded_cusum_15seed/ON_seed8_x560_720_t36.log
Local_CID_RXUAV_K3_W5,Local_CID_RXUAV,3,5,8,0,YES,YES,YES,caught_by_both,25.604,0|1,/home/srmap/research/projects/v2x-multiuav-trust/results/scalability_N10_AR50_guarded_cusum_15seed/ON_seed8_x560_720_t36.log
Local_CID_RXUAV_K3_W5,Local_CID_RXUAV,3,5,8,1,YES,YES,YES,caught_by_both,26.573,1|1,/home/srmap/research/projects/v2x-multiuav-trust/results/scalability_N10_AR50_guarded_cusum_15seed/ON_seed8_x560_720_t36.log
Local_CID_RXUAV_K3_W5,Local_CID_RXUAV,3,5,8,2,YES,YES,YES,caught_by_both,27.004,2|1,/home/srmap/research/projects/v2x-multiuav-trust/results/scalability_N10_AR50_guarded_cusum_15seed/ON_seed8_x560_720_t36.log
Local_CID_RXUAV_K3_W5,Local_CID_RXUAV,3,5,8,3,YES,YES,YES,caught_by_both,26.994,3|1,/home/srmap/research/projects/v2x-multiuav-trust/results/scalability_N10_AR50_guarded_cusum_15seed/ON_seed8_x560_720_t36.log
Local_CID_RXUAV_K3_W5,Local_CID_RXUAV,3,5,8,4,YES,NO,NO,missed_by_both,,,/home/srmap/research/projects/v2x-multiuav-trust/results/scalability_N10_AR50_guarded_cusum_15seed/ON_seed8_x560_720_t36.log
Local_CID_RXUAV_K3_W5,Local_CID_RXUAV,3,5,8,5,NO,NO,NO,honest_clean,,,/home/srmap/research/projects/v2x-multiuav-trust/results/scalability_N10_AR50_guarded_cusum_15seed/ON_seed8_x560_720_t36.log
Local_CID_RXUAV_K3_W5,Local_CID_RXUAV,3,5,8,6,YES,YES,YES,caught_by_both,25.834,6|1,/home/srmap/research/projects/v2x-multiuav-trust/results/scalability_N10_AR50_guarded_cusum_15seed/ON_seed8_x560_720_t36.log
Local_CID_RXUAV_K3_W5,Local_CID_RXUAV,3,5,8,7,NO,NO,NO,honest_clean,,,/home/srmap/research/projects/v2x-multiuav-trust/results/scalability_N10_AR50_guarded_cusum_15seed/ON_seed8_x560_720_t36.log
Local_CID_RXUAV_K3_W5,Local_CID_RXUAV,3,5,8,8,NO,NO,NO,honest_clean,,,/home/srmap/research/projects/v2x-multiuav-trust/results/scalability_N10_AR50_guarded_cusum_15seed/ON_seed8_x560_720_t36.log
Local_CID_RXUAV_K3_W5,Local_CID_RXUAV,3,5,8,9,YES,YES,YES,caught_by_both,27.026,9|1,/home/srmap/research/projects/v2x-multiuav-trust/results/scalability_N10_AR50_guarded_cusum_15seed/ON_seed8_x560_720_t36.log
Local_CID_ZONE_K1_W5,Local_CID_ZONE,1,5,8,0,YES,YES,YES,caught_by_both,12.103,0|1,/home/srmap/research/projects/v2x-multiuav-trust/results/scalability_N10_AR50_guarded_cusum_15seed/ON_seed8_x560_720_t36.log
Local_CID_ZONE_K1_W5,Local_CID_ZONE,1,5,8,1,YES,YES,YES,caught_by_both,14.074,1|1,/home/srmap/research/projects/v2x-multiuav-trust/results/scalability_N10_AR50_guarded_cusum_15seed/ON_seed8_x560_720_t36.log
Local_CID_ZONE_K1_W5,Local_CID_ZONE,1,5,8,2,YES,YES,YES,caught_by_both,16.004,2|1,/home/srmap/research/projects/v2x-multiuav-trust/results/scalability_N10_AR50_guarded_cusum_15seed/ON_seed8_x560_720_t36.log
Local_CID_ZONE_K1_W5,Local_CID_ZONE,1,5,8,3,YES,YES,YES,caught_by_both,17.994,3|1,/home/srmap/research/projects/v2x-multiuav-trust/results/scalability_N10_AR50_guarded_cusum_15seed/ON_seed8_x560_720_t36.log
Local_CID_ZONE_K1_W5,Local_CID_ZONE,1,5,8,4,YES,NO,NO,missed_by_both,,,/home/srmap/research/projects/v2x-multiuav-trust/results/scalability_N10_AR50_guarded_cusum_15seed/ON_seed8_x560_720_t36.log
Local_CID_ZONE_K1_W5,Local_CID_ZONE,1,5,8,5,NO,NO,YES,veremi_fp_only,12.276,5|1,/home/srmap/research/projects/v2x-multiuav-trust/results/scalability_N10_AR50_guarded_cusum_15seed/ON_seed8_x560_720_t36.log
Local_CID_ZONE_K1_W5,Local_CID_ZONE,1,5,8,6,YES,YES,YES,caught_by_both,14.336,6|1,/home/srmap/research/projects/v2x-multiuav-trust/results/scalability_N10_AR50_guarded_cusum_15seed/ON_seed8_x560_720_t36.log
Local_CID_ZONE_K1_W5,Local_CID_ZONE,1,5,8,7,NO,NO,YES,veremi_fp_only,15.976,7|1,/home/srmap/research/projects/v2x-multiuav-trust/results/scalability_N10_AR50_guarded_cusum_15seed/ON_seed8_x560_720_t36.log
Local_CID_ZONE_K1_W5,Local_CID_ZONE,1,5,8,8,NO,NO,YES,veremi_fp_only,17.976,8|1,/home/srmap/research/projects/v2x-multiuav-trust/results/scalability_N10_AR50_guarded_cusum_15seed/ON_seed8_x560_720_t36.log
Local_CID_ZONE_K1_W5,Local_CID_ZONE,1,5,8,9,YES,YES,YES,caught_by_both,20.026,9|1,/home/srmap/research/projects/v2x-multiuav-trust/results/scalability_N10_AR50_guarded_cusum_15seed/ON_seed8_x560_720_t36.log
Local_CID_ZONE_K2_W5,Local_CID_ZONE,2,5,8,0,YES,YES,YES,caught_by_both,24.104,0|1,/home/srmap/research/projects/v2x-multiuav-trust/results/scalability_N10_AR50_guarded_cusum_15seed/ON_seed8_x560_720_t36.log
Local_CID_ZONE_K2_W5,Local_CID_ZONE,2,5,8,1,YES,YES,YES,caught_by_both,25.574,1|1,/home/srmap/research/projects/v2x-multiuav-trust/results/scalability_N10_AR50_guarded_cusum_15seed/ON_seed8_x560_720_t36.log
Local_CID_ZONE_K2_W5,Local_CID_ZONE,2,5,8,2,YES,YES,YES,caught_by_both,26.004,2|1,/home/srmap/research/projects/v2x-multiuav-trust/results/scalability_N10_AR50_guarded_cusum_15seed/ON_seed8_x560_720_t36.log
Local_CID_ZONE_K2_W5,Local_CID_ZONE,2,5,8,3,YES,YES,YES,caught_by_both,25.994,3|1,/home/srmap/research/projects/v2x-multiuav-trust/results/scalability_N10_AR50_guarded_cusum_15seed/ON_seed8_x560_720_t36.log
Local_CID_ZONE_K2_W5,Local_CID_ZONE,2,5,8,4,YES,NO,NO,missed_by_both,,,/home/srmap/research/projects/v2x-multiuav-trust/results/scalability_N10_AR50_guarded_cusum_15seed/ON_seed8_x560_720_t36.log
Local_CID_ZONE_K2_W5,Local_CID_ZONE,2,5,8,5,NO,NO,YES,veremi_fp_only,23.776,5|1,/home/srmap/research/projects/v2x-multiuav-trust/results/scalability_N10_AR50_guarded_cusum_15seed/ON_seed8_x560_720_t36.log
Local_CID_ZONE_K2_W5,Local_CID_ZONE,2,5,8,6,YES,YES,YES,caught_by_both,24.836,6|1,/home/srmap/research/projects/v2x-multiuav-trust/results/scalability_N10_AR50_guarded_cusum_15seed/ON_seed8_x560_720_t36.log
Local_CID_ZONE_K2_W5,Local_CID_ZONE,2,5,8,7,NO,NO,NO,honest_clean,,,/home/srmap/research/projects/v2x-multiuav-trust/results/scalability_N10_AR50_guarded_cusum_15seed/ON_seed8_x560_720_t36.log
Local_CID_ZONE_K2_W5,Local_CID_ZONE,2,5,8,8,NO,NO,NO,honest_clean,,,/home/srmap/research/projects/v2x-multiuav-trust/results/scalability_N10_AR50_guarded_cusum_15seed/ON_seed8_x560_720_t36.log
Local_CID_ZONE_K2_W5,Local_CID_ZONE,2,5,8,9,YES,YES,YES,caught_by_both,26.026,9|1,/home/srmap/research/projects/v2x-multiuav-trust/results/scalability_N10_AR50_guarded_cusum_15seed/ON_seed8_x560_720_t36.log
Local_CID_ZONE_K3_W5,Local_CID_ZONE,3,5,8,0,YES,YES,YES,caught_by_both,25.604,0|1,/home/srmap/research/projects/v2x-multiuav-trust/results/scalability_N10_AR50_guarded_cusum_15seed/ON_seed8_x560_720_t36.log
Local_CID_ZONE_K3_W5,Local_CID_ZONE,3,5,8,1,YES,YES,YES,caught_by_both,26.573,1|1,/home/srmap/research/projects/v2x-multiuav-trust/results/scalability_N10_AR50_guarded_cusum_15seed/ON_seed8_x560_720_t36.log
Local_CID_ZONE_K3_W5,Local_CID_ZONE,3,5,8,2,YES,YES,YES,caught_by_both,27.004,2|1,/home/srmap/research/projects/v2x-multiuav-trust/results/scalability_N10_AR50_guarded_cusum_15seed/ON_seed8_x560_720_t36.log
Local_CID_ZONE_K3_W5,Local_CID_ZONE,3,5,8,3,YES,YES,YES,caught_by_both,26.994,3|1,/home/srmap/research/projects/v2x-multiuav-trust/results/scalability_N10_AR50_guarded_cusum_15seed/ON_seed8_x560_720_t36.log
Local_CID_ZONE_K3_W5,Local_CID_ZONE,3,5,8,4,YES,NO,NO,missed_by_both,,,/home/srmap/research/projects/v2x-multiuav-trust/results/scalability_N10_AR50_guarded_cusum_15seed/ON_seed8_x560_720_t36.log
Local_CID_ZONE_K3_W5,Local_CID_ZONE,3,5,8,5,NO,NO,NO,honest_clean,,,/home/srmap/research/projects/v2x-multiuav-trust/results/scalability_N10_AR50_guarded_cusum_15seed/ON_seed8_x560_720_t36.log
Local_CID_ZONE_K3_W5,Local_CID_ZONE,3,5,8,6,YES,YES,YES,caught_by_both,25.834,6|1,/home/srmap/research/projects/v2x-multiuav-trust/results/scalability_N10_AR50_guarded_cusum_15seed/ON_seed8_x560_720_t36.log
Local_CID_ZONE_K3_W5,Local_CID_ZONE,3,5,8,7,NO,NO,NO,honest_clean,,,/home/srmap/research/projects/v2x-multiuav-trust/results/scalability_N10_AR50_guarded_cusum_15seed/ON_seed8_x560_720_t36.log
Local_CID_ZONE_K3_W5,Local_CID_ZONE,3,5,8,8,NO,NO,NO,honest_clean,,,/home/srmap/research/projects/v2x-multiuav-trust/results/scalability_N10_AR50_guarded_cusum_15seed/ON_seed8_x560_720_t36.log
Local_CID_ZONE_K3_W5,Local_CID_ZONE,3,5,8,9,YES,YES,YES,caught_by_both,27.026,9|1,/home/srmap/research/projects/v2x-multiuav-trust/results/scalability_N10_AR50_guarded_cusum_15seed/ON_seed8_x560_720_t36.log
Centralized_CID_K1_W5,Centralized_CID,1,5,9,0,YES,YES,YES,caught_by_both,12.184,0,/home/srmap/research/projects/v2x-multiuav-trust/results/scalability_N10_AR50_guarded_cusum_15seed/ON_seed9_x560_720_t36.log
Centralized_CID_K1_W5,Centralized_CID,1,5,9,1,YES,YES,YES,caught_by_both,14.004,1,/home/srmap/research/projects/v2x-multiuav-trust/results/scalability_N10_AR50_guarded_cusum_15seed/ON_seed9_x560_720_t36.log
Centralized_CID_K1_W5,Centralized_CID,1,5,9,2,YES,YES,YES,caught_by_both,16.324,2,/home/srmap/research/projects/v2x-multiuav-trust/results/scalability_N10_AR50_guarded_cusum_15seed/ON_seed9_x560_720_t36.log
Centralized_CID_K1_W5,Centralized_CID,1,5,9,3,YES,YES,YES,caught_by_both,18.014,3,/home/srmap/research/projects/v2x-multiuav-trust/results/scalability_N10_AR50_guarded_cusum_15seed/ON_seed9_x560_720_t36.log
Centralized_CID_K1_W5,Centralized_CID,1,5,9,4,NO,NO,YES,veremi_fp_only,19.964,4,/home/srmap/research/projects/v2x-multiuav-trust/results/scalability_N10_AR50_guarded_cusum_15seed/ON_seed9_x560_720_t36.log
Centralized_CID_K1_W5,Centralized_CID,1,5,9,5,NO,NO,YES,veremi_fp_only,12.304,5,/home/srmap/research/projects/v2x-multiuav-trust/results/scalability_N10_AR50_guarded_cusum_15seed/ON_seed9_x560_720_t36.log
Centralized_CID_K1_W5,Centralized_CID,1,5,9,6,YES,YES,YES,caught_by_both,14.275,6,/home/srmap/research/projects/v2x-multiuav-trust/results/scalability_N10_AR50_guarded_cusum_15seed/ON_seed9_x560_720_t36.log
Centralized_CID_K1_W5,Centralized_CID,1,5,9,7,YES,YES,YES,caught_by_both,16.224,7,/home/srmap/research/projects/v2x-multiuav-trust/results/scalability_N10_AR50_guarded_cusum_15seed/ON_seed9_x560_720_t36.log
Centralized_CID_K1_W5,Centralized_CID,1,5,9,8,NO,NO,YES,veremi_fp_only,18.136,8,/home/srmap/research/projects/v2x-multiuav-trust/results/scalability_N10_AR50_guarded_cusum_15seed/ON_seed9_x560_720_t36.log
Centralized_CID_K1_W5,Centralized_CID,1,5,9,9,YES,YES,YES,caught_by_both,20.226,9,/home/srmap/research/projects/v2x-multiuav-trust/results/scalability_N10_AR50_guarded_cusum_15seed/ON_seed9_x560_720_t36.log
Centralized_CID_K2_W5,Centralized_CID,2,5,9,0,YES,YES,YES,caught_by_both,24.184,0,/home/srmap/research/projects/v2x-multiuav-trust/results/scalability_N10_AR50_guarded_cusum_15seed/ON_seed9_x560_720_t36.log
Centralized_CID_K2_W5,Centralized_CID,2,5,9,1,YES,YES,YES,caught_by_both,25.504,1,/home/srmap/research/projects/v2x-multiuav-trust/results/scalability_N10_AR50_guarded_cusum_15seed/ON_seed9_x560_720_t36.log
Centralized_CID_K2_W5,Centralized_CID,2,5,9,2,YES,YES,YES,caught_by_both,25.824,2,/home/srmap/research/projects/v2x-multiuav-trust/results/scalability_N10_AR50_guarded_cusum_15seed/ON_seed9_x560_720_t36.log
Centralized_CID_K2_W5,Centralized_CID,2,5,9,3,YES,YES,YES,caught_by_both,26.013,3,/home/srmap/research/projects/v2x-multiuav-trust/results/scalability_N10_AR50_guarded_cusum_15seed/ON_seed9_x560_720_t36.log
Centralized_CID_K2_W5,Centralized_CID,2,5,9,4,NO,NO,YES,veremi_fp_only,31.964,4,/home/srmap/research/projects/v2x-multiuav-trust/results/scalability_N10_AR50_guarded_cusum_15seed/ON_seed9_x560_720_t36.log
Centralized_CID_K2_W5,Centralized_CID,2,5,9,5,NO,NO,YES,veremi_fp_only,23.806,5,/home/srmap/research/projects/v2x-multiuav-trust/results/scalability_N10_AR50_guarded_cusum_15seed/ON_seed9_x560_720_t36.log
Centralized_CID_K2_W5,Centralized_CID,2,5,9,6,YES,YES,YES,caught_by_both,24.776,6,/home/srmap/research/projects/v2x-multiuav-trust/results/scalability_N10_AR50_guarded_cusum_15seed/ON_seed9_x560_720_t36.log
Centralized_CID_K2_W5,Centralized_CID,2,5,9,7,YES,YES,YES,caught_by_both,25.226,7,/home/srmap/research/projects/v2x-multiuav-trust/results/scalability_N10_AR50_guarded_cusum_15seed/ON_seed9_x560_720_t36.log
Centralized_CID_K2_W5,Centralized_CID,2,5,9,8,NO,NO,YES,veremi_fp_only,30.137,8,/home/srmap/research/projects/v2x-multiuav-trust/results/scalability_N10_AR50_guarded_cusum_15seed/ON_seed9_x560_720_t36.log
Centralized_CID_K2_W5,Centralized_CID,2,5,9,9,YES,YES,YES,caught_by_both,25.727,9,/home/srmap/research/projects/v2x-multiuav-trust/results/scalability_N10_AR50_guarded_cusum_15seed/ON_seed9_x560_720_t36.log
Centralized_CID_K3_W5,Centralized_CID,3,5,9,0,YES,YES,YES,caught_by_both,25.684,0,/home/srmap/research/projects/v2x-multiuav-trust/results/scalability_N10_AR50_guarded_cusum_15seed/ON_seed9_x560_720_t36.log
Centralized_CID_K3_W5,Centralized_CID,3,5,9,1,YES,YES,YES,caught_by_both,26.504,1,/home/srmap/research/projects/v2x-multiuav-trust/results/scalability_N10_AR50_guarded_cusum_15seed/ON_seed9_x560_720_t36.log
Centralized_CID_K3_W5,Centralized_CID,3,5,9,2,YES,YES,YES,caught_by_both,26.824,2,/home/srmap/research/projects/v2x-multiuav-trust/results/scalability_N10_AR50_guarded_cusum_15seed/ON_seed9_x560_720_t36.log
Centralized_CID_K3_W5,Centralized_CID,3,5,9,3,YES,YES,YES,caught_by_both,27.014,3,/home/srmap/research/projects/v2x-multiuav-trust/results/scalability_N10_AR50_guarded_cusum_15seed/ON_seed9_x560_720_t36.log
Centralized_CID_K3_W5,Centralized_CID,3,5,9,4,NO,NO,NO,honest_clean,,,/home/srmap/research/projects/v2x-multiuav-trust/results/scalability_N10_AR50_guarded_cusum_15seed/ON_seed9_x560_720_t36.log
Centralized_CID_K3_W5,Centralized_CID,3,5,9,5,NO,NO,NO,honest_clean,,,/home/srmap/research/projects/v2x-multiuav-trust/results/scalability_N10_AR50_guarded_cusum_15seed/ON_seed9_x560_720_t36.log
Centralized_CID_K3_W5,Centralized_CID,3,5,9,6,YES,YES,YES,caught_by_both,25.776,6,/home/srmap/research/projects/v2x-multiuav-trust/results/scalability_N10_AR50_guarded_cusum_15seed/ON_seed9_x560_720_t36.log
Centralized_CID_K3_W5,Centralized_CID,3,5,9,7,YES,YES,YES,caught_by_both,26.226,7,/home/srmap/research/projects/v2x-multiuav-trust/results/scalability_N10_AR50_guarded_cusum_15seed/ON_seed9_x560_720_t36.log
Centralized_CID_K3_W5,Centralized_CID,3,5,9,8,NO,NO,NO,honest_clean,,,/home/srmap/research/projects/v2x-multiuav-trust/results/scalability_N10_AR50_guarded_cusum_15seed/ON_seed9_x560_720_t36.log
Centralized_CID_K3_W5,Centralized_CID,3,5,9,9,YES,YES,YES,caught_by_both,26.727,9,/home/srmap/research/projects/v2x-multiuav-trust/results/scalability_N10_AR50_guarded_cusum_15seed/ON_seed9_x560_720_t36.log
Local_CID_RXUAV_K1_W5,Local_CID_RXUAV,1,5,9,0,YES,YES,YES,caught_by_both,12.184,0|1,/home/srmap/research/projects/v2x-multiuav-trust/results/scalability_N10_AR50_guarded_cusum_15seed/ON_seed9_x560_720_t36.log
Local_CID_RXUAV_K1_W5,Local_CID_RXUAV,1,5,9,1,YES,YES,YES,caught_by_both,14.004,1|1,/home/srmap/research/projects/v2x-multiuav-trust/results/scalability_N10_AR50_guarded_cusum_15seed/ON_seed9_x560_720_t36.log
Local_CID_RXUAV_K1_W5,Local_CID_RXUAV,1,5,9,2,YES,YES,YES,caught_by_both,16.324,2|1,/home/srmap/research/projects/v2x-multiuav-trust/results/scalability_N10_AR50_guarded_cusum_15seed/ON_seed9_x560_720_t36.log
Local_CID_RXUAV_K1_W5,Local_CID_RXUAV,1,5,9,3,YES,YES,YES,caught_by_both,18.014,3|1,/home/srmap/research/projects/v2x-multiuav-trust/results/scalability_N10_AR50_guarded_cusum_15seed/ON_seed9_x560_720_t36.log
Local_CID_RXUAV_K1_W5,Local_CID_RXUAV,1,5,9,4,NO,NO,YES,veremi_fp_only,19.964,4|1,/home/srmap/research/projects/v2x-multiuav-trust/results/scalability_N10_AR50_guarded_cusum_15seed/ON_seed9_x560_720_t36.log
Local_CID_RXUAV_K1_W5,Local_CID_RXUAV,1,5,9,5,NO,NO,YES,veremi_fp_only,12.304,5|1,/home/srmap/research/projects/v2x-multiuav-trust/results/scalability_N10_AR50_guarded_cusum_15seed/ON_seed9_x560_720_t36.log
Local_CID_RXUAV_K1_W5,Local_CID_RXUAV,1,5,9,6,YES,YES,YES,caught_by_both,14.275,6|1,/home/srmap/research/projects/v2x-multiuav-trust/results/scalability_N10_AR50_guarded_cusum_15seed/ON_seed9_x560_720_t36.log
Local_CID_RXUAV_K1_W5,Local_CID_RXUAV,1,5,9,7,YES,YES,YES,caught_by_both,16.224,7|1,/home/srmap/research/projects/v2x-multiuav-trust/results/scalability_N10_AR50_guarded_cusum_15seed/ON_seed9_x560_720_t36.log
Local_CID_RXUAV_K1_W5,Local_CID_RXUAV,1,5,9,8,NO,NO,YES,veremi_fp_only,18.136,8|1,/home/srmap/research/projects/v2x-multiuav-trust/results/scalability_N10_AR50_guarded_cusum_15seed/ON_seed9_x560_720_t36.log
Local_CID_RXUAV_K1_W5,Local_CID_RXUAV,1,5,9,9,YES,YES,YES,caught_by_both,20.226,9|1,/home/srmap/research/projects/v2x-multiuav-trust/results/scalability_N10_AR50_guarded_cusum_15seed/ON_seed9_x560_720_t36.log
Local_CID_RXUAV_K2_W5,Local_CID_RXUAV,2,5,9,0,YES,YES,YES,caught_by_both,24.184,0|1,/home/srmap/research/projects/v2x-multiuav-trust/results/scalability_N10_AR50_guarded_cusum_15seed/ON_seed9_x560_720_t36.log
Local_CID_RXUAV_K2_W5,Local_CID_RXUAV,2,5,9,1,YES,YES,YES,caught_by_both,25.504,1|1,/home/srmap/research/projects/v2x-multiuav-trust/results/scalability_N10_AR50_guarded_cusum_15seed/ON_seed9_x560_720_t36.log
Local_CID_RXUAV_K2_W5,Local_CID_RXUAV,2,5,9,2,YES,YES,YES,caught_by_both,25.824,2|1,/home/srmap/research/projects/v2x-multiuav-trust/results/scalability_N10_AR50_guarded_cusum_15seed/ON_seed9_x560_720_t36.log
Local_CID_RXUAV_K2_W5,Local_CID_RXUAV,2,5,9,3,YES,YES,YES,caught_by_both,26.013,3|1,/home/srmap/research/projects/v2x-multiuav-trust/results/scalability_N10_AR50_guarded_cusum_15seed/ON_seed9_x560_720_t36.log
Local_CID_RXUAV_K2_W5,Local_CID_RXUAV,2,5,9,4,NO,NO,NO,honest_clean,,,/home/srmap/research/projects/v2x-multiuav-trust/results/scalability_N10_AR50_guarded_cusum_15seed/ON_seed9_x560_720_t36.log
Local_CID_RXUAV_K2_W5,Local_CID_RXUAV,2,5,9,5,NO,NO,YES,veremi_fp_only,23.806,5|1,/home/srmap/research/projects/v2x-multiuav-trust/results/scalability_N10_AR50_guarded_cusum_15seed/ON_seed9_x560_720_t36.log
Local_CID_RXUAV_K2_W5,Local_CID_RXUAV,2,5,9,6,YES,YES,YES,caught_by_both,24.776,6|1,/home/srmap/research/projects/v2x-multiuav-trust/results/scalability_N10_AR50_guarded_cusum_15seed/ON_seed9_x560_720_t36.log
Local_CID_RXUAV_K2_W5,Local_CID_RXUAV,2,5,9,7,YES,YES,YES,caught_by_both,25.226,7|1,/home/srmap/research/projects/v2x-multiuav-trust/results/scalability_N10_AR50_guarded_cusum_15seed/ON_seed9_x560_720_t36.log
Local_CID_RXUAV_K2_W5,Local_CID_RXUAV,2,5,9,8,NO,NO,NO,honest_clean,,,/home/srmap/research/projects/v2x-multiuav-trust/results/scalability_N10_AR50_guarded_cusum_15seed/ON_seed9_x560_720_t36.log
Local_CID_RXUAV_K2_W5,Local_CID_RXUAV,2,5,9,9,YES,YES,YES,caught_by_both,25.727,9|1,/home/srmap/research/projects/v2x-multiuav-trust/results/scalability_N10_AR50_guarded_cusum_15seed/ON_seed9_x560_720_t36.log
Local_CID_RXUAV_K3_W5,Local_CID_RXUAV,3,5,9,0,YES,YES,YES,caught_by_both,25.684,0|1,/home/srmap/research/projects/v2x-multiuav-trust/results/scalability_N10_AR50_guarded_cusum_15seed/ON_seed9_x560_720_t36.log
Local_CID_RXUAV_K3_W5,Local_CID_RXUAV,3,5,9,1,YES,YES,YES,caught_by_both,26.504,1|1,/home/srmap/research/projects/v2x-multiuav-trust/results/scalability_N10_AR50_guarded_cusum_15seed/ON_seed9_x560_720_t36.log
Local_CID_RXUAV_K3_W5,Local_CID_RXUAV,3,5,9,2,YES,YES,YES,caught_by_both,26.824,2|1,/home/srmap/research/projects/v2x-multiuav-trust/results/scalability_N10_AR50_guarded_cusum_15seed/ON_seed9_x560_720_t36.log
Local_CID_RXUAV_K3_W5,Local_CID_RXUAV,3,5,9,3,YES,YES,YES,caught_by_both,27.014,3|1,/home/srmap/research/projects/v2x-multiuav-trust/results/scalability_N10_AR50_guarded_cusum_15seed/ON_seed9_x560_720_t36.log
Local_CID_RXUAV_K3_W5,Local_CID_RXUAV,3,5,9,4,NO,NO,NO,honest_clean,,,/home/srmap/research/projects/v2x-multiuav-trust/results/scalability_N10_AR50_guarded_cusum_15seed/ON_seed9_x560_720_t36.log
Local_CID_RXUAV_K3_W5,Local_CID_RXUAV,3,5,9,5,NO,NO,NO,honest_clean,,,/home/srmap/research/projects/v2x-multiuav-trust/results/scalability_N10_AR50_guarded_cusum_15seed/ON_seed9_x560_720_t36.log
Local_CID_RXUAV_K3_W5,Local_CID_RXUAV,3,5,9,6,YES,YES,YES,caught_by_both,25.776,6|1,/home/srmap/research/projects/v2x-multiuav-trust/results/scalability_N10_AR50_guarded_cusum_15seed/ON_seed9_x560_720_t36.log
Local_CID_RXUAV_K3_W5,Local_CID_RXUAV,3,5,9,7,YES,YES,YES,caught_by_both,26.226,7|1,/home/srmap/research/projects/v2x-multiuav-trust/results/scalability_N10_AR50_guarded_cusum_15seed/ON_seed9_x560_720_t36.log
Local_CID_RXUAV_K3_W5,Local_CID_RXUAV,3,5,9,8,NO,NO,NO,honest_clean,,,/home/srmap/research/projects/v2x-multiuav-trust/results/scalability_N10_AR50_guarded_cusum_15seed/ON_seed9_x560_720_t36.log
Local_CID_RXUAV_K3_W5,Local_CID_RXUAV,3,5,9,9,YES,YES,YES,caught_by_both,26.727,9|1,/home/srmap/research/projects/v2x-multiuav-trust/results/scalability_N10_AR50_guarded_cusum_15seed/ON_seed9_x560_720_t36.log
Local_CID_ZONE_K1_W5,Local_CID_ZONE,1,5,9,0,YES,YES,YES,caught_by_both,12.184,0|1,/home/srmap/research/projects/v2x-multiuav-trust/results/scalability_N10_AR50_guarded_cusum_15seed/ON_seed9_x560_720_t36.log
Local_CID_ZONE_K1_W5,Local_CID_ZONE,1,5,9,1,YES,YES,YES,caught_by_both,14.004,1|1,/home/srmap/research/projects/v2x-multiuav-trust/results/scalability_N10_AR50_guarded_cusum_15seed/ON_seed9_x560_720_t36.log
Local_CID_ZONE_K1_W5,Local_CID_ZONE,1,5,9,2,YES,YES,YES,caught_by_both,16.324,2|1,/home/srmap/research/projects/v2x-multiuav-trust/results/scalability_N10_AR50_guarded_cusum_15seed/ON_seed9_x560_720_t36.log
Local_CID_ZONE_K1_W5,Local_CID_ZONE,1,5,9,3,YES,YES,YES,caught_by_both,18.014,3|1,/home/srmap/research/projects/v2x-multiuav-trust/results/scalability_N10_AR50_guarded_cusum_15seed/ON_seed9_x560_720_t36.log
Local_CID_ZONE_K1_W5,Local_CID_ZONE,1,5,9,4,NO,NO,YES,veremi_fp_only,19.964,4|1,/home/srmap/research/projects/v2x-multiuav-trust/results/scalability_N10_AR50_guarded_cusum_15seed/ON_seed9_x560_720_t36.log
Local_CID_ZONE_K1_W5,Local_CID_ZONE,1,5,9,5,NO,NO,YES,veremi_fp_only,12.304,5|1,/home/srmap/research/projects/v2x-multiuav-trust/results/scalability_N10_AR50_guarded_cusum_15seed/ON_seed9_x560_720_t36.log
Local_CID_ZONE_K1_W5,Local_CID_ZONE,1,5,9,6,YES,YES,YES,caught_by_both,14.275,6|1,/home/srmap/research/projects/v2x-multiuav-trust/results/scalability_N10_AR50_guarded_cusum_15seed/ON_seed9_x560_720_t36.log
Local_CID_ZONE_K1_W5,Local_CID_ZONE,1,5,9,7,YES,YES,YES,caught_by_both,16.224,7|1,/home/srmap/research/projects/v2x-multiuav-trust/results/scalability_N10_AR50_guarded_cusum_15seed/ON_seed9_x560_720_t36.log
Local_CID_ZONE_K1_W5,Local_CID_ZONE,1,5,9,8,NO,NO,YES,veremi_fp_only,18.136,8|1,/home/srmap/research/projects/v2x-multiuav-trust/results/scalability_N10_AR50_guarded_cusum_15seed/ON_seed9_x560_720_t36.log
Local_CID_ZONE_K1_W5,Local_CID_ZONE,1,5,9,9,YES,YES,YES,caught_by_both,20.226,9|1,/home/srmap/research/projects/v2x-multiuav-trust/results/scalability_N10_AR50_guarded_cusum_15seed/ON_seed9_x560_720_t36.log
Local_CID_ZONE_K2_W5,Local_CID_ZONE,2,5,9,0,YES,YES,YES,caught_by_both,24.184,0|1,/home/srmap/research/projects/v2x-multiuav-trust/results/scalability_N10_AR50_guarded_cusum_15seed/ON_seed9_x560_720_t36.log
Local_CID_ZONE_K2_W5,Local_CID_ZONE,2,5,9,1,YES,YES,YES,caught_by_both,25.504,1|1,/home/srmap/research/projects/v2x-multiuav-trust/results/scalability_N10_AR50_guarded_cusum_15seed/ON_seed9_x560_720_t36.log
Local_CID_ZONE_K2_W5,Local_CID_ZONE,2,5,9,2,YES,YES,YES,caught_by_both,25.824,2|1,/home/srmap/research/projects/v2x-multiuav-trust/results/scalability_N10_AR50_guarded_cusum_15seed/ON_seed9_x560_720_t36.log
Local_CID_ZONE_K2_W5,Local_CID_ZONE,2,5,9,3,YES,YES,YES,caught_by_both,26.013,3|1,/home/srmap/research/projects/v2x-multiuav-trust/results/scalability_N10_AR50_guarded_cusum_15seed/ON_seed9_x560_720_t36.log
Local_CID_ZONE_K2_W5,Local_CID_ZONE,2,5,9,4,NO,NO,NO,honest_clean,,,/home/srmap/research/projects/v2x-multiuav-trust/results/scalability_N10_AR50_guarded_cusum_15seed/ON_seed9_x560_720_t36.log
Local_CID_ZONE_K2_W5,Local_CID_ZONE,2,5,9,5,NO,NO,YES,veremi_fp_only,23.806,5|1,/home/srmap/research/projects/v2x-multiuav-trust/results/scalability_N10_AR50_guarded_cusum_15seed/ON_seed9_x560_720_t36.log
Local_CID_ZONE_K2_W5,Local_CID_ZONE,2,5,9,6,YES,YES,YES,caught_by_both,24.776,6|1,/home/srmap/research/projects/v2x-multiuav-trust/results/scalability_N10_AR50_guarded_cusum_15seed/ON_seed9_x560_720_t36.log
Local_CID_ZONE_K2_W5,Local_CID_ZONE,2,5,9,7,YES,YES,YES,caught_by_both,25.226,7|1,/home/srmap/research/projects/v2x-multiuav-trust/results/scalability_N10_AR50_guarded_cusum_15seed/ON_seed9_x560_720_t36.log
Local_CID_ZONE_K2_W5,Local_CID_ZONE,2,5,9,8,NO,NO,NO,honest_clean,,,/home/srmap/research/projects/v2x-multiuav-trust/results/scalability_N10_AR50_guarded_cusum_15seed/ON_seed9_x560_720_t36.log
Local_CID_ZONE_K2_W5,Local_CID_ZONE,2,5,9,9,YES,YES,YES,caught_by_both,25.727,9|1,/home/srmap/research/projects/v2x-multiuav-trust/results/scalability_N10_AR50_guarded_cusum_15seed/ON_seed9_x560_720_t36.log
Local_CID_ZONE_K3_W5,Local_CID_ZONE,3,5,9,0,YES,YES,YES,caught_by_both,25.684,0|1,/home/srmap/research/projects/v2x-multiuav-trust/results/scalability_N10_AR50_guarded_cusum_15seed/ON_seed9_x560_720_t36.log
Local_CID_ZONE_K3_W5,Local_CID_ZONE,3,5,9,1,YES,YES,YES,caught_by_both,26.504,1|1,/home/srmap/research/projects/v2x-multiuav-trust/results/scalability_N10_AR50_guarded_cusum_15seed/ON_seed9_x560_720_t36.log
Local_CID_ZONE_K3_W5,Local_CID_ZONE,3,5,9,2,YES,YES,YES,caught_by_both,26.824,2|1,/home/srmap/research/projects/v2x-multiuav-trust/results/scalability_N10_AR50_guarded_cusum_15seed/ON_seed9_x560_720_t36.log
Local_CID_ZONE_K3_W5,Local_CID_ZONE,3,5,9,3,YES,YES,YES,caught_by_both,27.014,3|1,/home/srmap/research/projects/v2x-multiuav-trust/results/scalability_N10_AR50_guarded_cusum_15seed/ON_seed9_x560_720_t36.log
Local_CID_ZONE_K3_W5,Local_CID_ZONE,3,5,9,4,NO,NO,NO,honest_clean,,,/home/srmap/research/projects/v2x-multiuav-trust/results/scalability_N10_AR50_guarded_cusum_15seed/ON_seed9_x560_720_t36.log
Local_CID_ZONE_K3_W5,Local_CID_ZONE,3,5,9,5,NO,NO,NO,honest_clean,,,/home/srmap/research/projects/v2x-multiuav-trust/results/scalability_N10_AR50_guarded_cusum_15seed/ON_seed9_x560_720_t36.log
Local_CID_ZONE_K3_W5,Local_CID_ZONE,3,5,9,6,YES,YES,YES,caught_by_both,25.776,6|1,/home/srmap/research/projects/v2x-multiuav-trust/results/scalability_N10_AR50_guarded_cusum_15seed/ON_seed9_x560_720_t36.log
Local_CID_ZONE_K3_W5,Local_CID_ZONE,3,5,9,7,YES,YES,YES,caught_by_both,26.226,7|1,/home/srmap/research/projects/v2x-multiuav-trust/results/scalability_N10_AR50_guarded_cusum_15seed/ON_seed9_x560_720_t36.log
Local_CID_ZONE_K3_W5,Local_CID_ZONE,3,5,9,8,NO,NO,NO,honest_clean,,,/home/srmap/research/projects/v2x-multiuav-trust/results/scalability_N10_AR50_guarded_cusum_15seed/ON_seed9_x560_720_t36.log
Local_CID_ZONE_K3_W5,Local_CID_ZONE,3,5,9,9,YES,YES,YES,caught_by_both,26.727,9|1,/home/srmap/research/projects/v2x-multiuav-trust/results/scalability_N10_AR50_guarded_cusum_15seed/ON_seed9_x560_720_t36.log
Centralized_CID_K1_W5,Centralized_CID,1,5,10,0,YES,YES,YES,caught_by_both,11.923,0,/home/srmap/research/projects/v2x-multiuav-trust/results/scalability_N10_AR50_guarded_cusum_15seed/ON_seed10_x560_720_t36.log
Centralized_CID_K1_W5,Centralized_CID,1,5,10,1,YES,YES,YES,caught_by_both,14.084,1,/home/srmap/research/projects/v2x-multiuav-trust/results/scalability_N10_AR50_guarded_cusum_15seed/ON_seed10_x560_720_t36.log
Centralized_CID_K1_W5,Centralized_CID,1,5,10,2,YES,YES,YES,caught_by_both,16.244,2,/home/srmap/research/projects/v2x-multiuav-trust/results/scalability_N10_AR50_guarded_cusum_15seed/ON_seed10_x560_720_t36.log
Centralized_CID_K1_W5,Centralized_CID,1,5,10,3,YES,YES,YES,caught_by_both,17.944,3,/home/srmap/research/projects/v2x-multiuav-trust/results/scalability_N10_AR50_guarded_cusum_15seed/ON_seed10_x560_720_t36.log
Centralized_CID_K1_W5,Centralized_CID,1,5,10,4,YES,YES,YES,caught_by_both,20.104,4,/home/srmap/research/projects/v2x-multiuav-trust/results/scalability_N10_AR50_guarded_cusum_15seed/ON_seed10_x560_720_t36.log
Centralized_CID_K1_W5,Centralized_CID,1,5,10,5,NO,NO,YES,veremi_fp_only,12.156,5,/home/srmap/research/projects/v2x-multiuav-trust/results/scalability_N10_AR50_guarded_cusum_15seed/ON_seed10_x560_720_t36.log
Centralized_CID_K1_W5,Centralized_CID,1,5,10,6,NO,NO,YES,veremi_fp_only,14.266,6,/home/srmap/research/projects/v2x-multiuav-trust/results/scalability_N10_AR50_guarded_cusum_15seed/ON_seed10_x560_720_t36.log
Centralized_CID_K1_W5,Centralized_CID,1,5,10,7,YES,YES,YES,caught_by_both,16.346,7,/home/srmap/research/projects/v2x-multiuav-trust/results/scalability_N10_AR50_guarded_cusum_15seed/ON_seed10_x560_720_t36.log
Centralized_CID_K1_W5,Centralized_CID,1,5,10,8,YES,YES,YES,caught_by_both,18.316,8,/home/srmap/research/projects/v2x-multiuav-trust/results/scalability_N10_AR50_guarded_cusum_15seed/ON_seed10_x560_720_t36.log
Centralized_CID_K1_W5,Centralized_CID,1,5,10,9,NO,NO,YES,veremi_fp_only,20.226,9,/home/srmap/research/projects/v2x-multiuav-trust/results/scalability_N10_AR50_guarded_cusum_15seed/ON_seed10_x560_720_t36.log
Centralized_CID_K2_W5,Centralized_CID,2,5,10,0,YES,YES,YES,caught_by_both,23.924,0,/home/srmap/research/projects/v2x-multiuav-trust/results/scalability_N10_AR50_guarded_cusum_15seed/ON_seed10_x560_720_t36.log
Centralized_CID_K2_W5,Centralized_CID,2,5,10,1,YES,YES,YES,caught_by_both,25.584,1,/home/srmap/research/projects/v2x-multiuav-trust/results/scalability_N10_AR50_guarded_cusum_15seed/ON_seed10_x560_720_t36.log
Centralized_CID_K2_W5,Centralized_CID,2,5,10,2,YES,YES,YES,caught_by_both,25.744,2,/home/srmap/research/projects/v2x-multiuav-trust/results/scalability_N10_AR50_guarded_cusum_15seed/ON_seed10_x560_720_t36.log
Centralized_CID_K2_W5,Centralized_CID,2,5,10,3,YES,YES,YES,caught_by_both,26.444,3,/home/srmap/research/projects/v2x-multiuav-trust/results/scalability_N10_AR50_guarded_cusum_15seed/ON_seed10_x560_720_t36.log
Centralized_CID_K2_W5,Centralized_CID,2,5,10,4,YES,YES,YES,caught_by_both,26.604,4,/home/srmap/research/projects/v2x-multiuav-trust/results/scalability_N10_AR50_guarded_cusum_15seed/ON_seed10_x560_720_t36.log
Centralized_CID_K2_W5,Centralized_CID,2,5,10,5,NO,NO,YES,veremi_fp_only,24.154,5,/home/srmap/research/projects/v2x-multiuav-trust/results/scalability_N10_AR50_guarded_cusum_15seed/ON_seed10_x560_720_t36.log
Centralized_CID_K2_W5,Centralized_CID,2,5,10,6,NO,NO,YES,veremi_fp_only,26.266,6,/home/srmap/research/projects/v2x-multiuav-trust/results/scalability_N10_AR50_guarded_cusum_15seed/ON_seed10_x560_720_t36.log
Centralized_CID_K2_W5,Centralized_CID,2,5,10,7,YES,YES,YES,caught_by_both,24.846,7,/home/srmap/research/projects/v2x-multiuav-trust/results/scalability_N10_AR50_guarded_cusum_15seed/ON_seed10_x560_720_t36.log
Centralized_CID_K2_W5,Centralized_CID,2,5,10,8,YES,YES,YES,caught_by_both,25.316,8,/home/srmap/research/projects/v2x-multiuav-trust/results/scalability_N10_AR50_guarded_cusum_15seed/ON_seed10_x560_720_t36.log
Centralized_CID_K2_W5,Centralized_CID,2,5,10,9,NO,NO,YES,veremi_fp_only,32.226,9,/home/srmap/research/projects/v2x-multiuav-trust/results/scalability_N10_AR50_guarded_cusum_15seed/ON_seed10_x560_720_t36.log
Centralized_CID_K3_W5,Centralized_CID,3,5,10,0,YES,YES,YES,caught_by_both,25.926,0,/home/srmap/research/projects/v2x-multiuav-trust/results/scalability_N10_AR50_guarded_cusum_15seed/ON_seed10_x560_720_t36.log
Centralized_CID_K3_W5,Centralized_CID,3,5,10,1,YES,YES,YES,caught_by_both,26.584,1,/home/srmap/research/projects/v2x-multiuav-trust/results/scalability_N10_AR50_guarded_cusum_15seed/ON_seed10_x560_720_t36.log
Centralized_CID_K3_W5,Centralized_CID,3,5,10,2,YES,YES,YES,caught_by_both,26.744,2,/home/srmap/research/projects/v2x-multiuav-trust/results/scalability_N10_AR50_guarded_cusum_15seed/ON_seed10_x560_720_t36.log
Centralized_CID_K3_W5,Centralized_CID,3,5,10,3,YES,YES,YES,caught_by_both,27.444,3,/home/srmap/research/projects/v2x-multiuav-trust/results/scalability_N10_AR50_guarded_cusum_15seed/ON_seed10_x560_720_t36.log
Centralized_CID_K3_W5,Centralized_CID,3,5,10,4,YES,YES,YES,caught_by_both,27.606,4,/home/srmap/research/projects/v2x-multiuav-trust/results/scalability_N10_AR50_guarded_cusum_15seed/ON_seed10_x560_720_t36.log
Centralized_CID_K3_W5,Centralized_CID,3,5,10,5,NO,NO,NO,honest_clean,,,/home/srmap/research/projects/v2x-multiuav-trust/results/scalability_N10_AR50_guarded_cusum_15seed/ON_seed10_x560_720_t36.log
Centralized_CID_K3_W5,Centralized_CID,3,5,10,6,NO,NO,NO,honest_clean,,,/home/srmap/research/projects/v2x-multiuav-trust/results/scalability_N10_AR50_guarded_cusum_15seed/ON_seed10_x560_720_t36.log
Centralized_CID_K3_W5,Centralized_CID,3,5,10,7,YES,YES,YES,caught_by_both,25.846,7,/home/srmap/research/projects/v2x-multiuav-trust/results/scalability_N10_AR50_guarded_cusum_15seed/ON_seed10_x560_720_t36.log
Centralized_CID_K3_W5,Centralized_CID,3,5,10,8,YES,YES,YES,caught_by_both,26.316,8,/home/srmap/research/projects/v2x-multiuav-trust/results/scalability_N10_AR50_guarded_cusum_15seed/ON_seed10_x560_720_t36.log
Centralized_CID_K3_W5,Centralized_CID,3,5,10,9,NO,NO,NO,honest_clean,,,/home/srmap/research/projects/v2x-multiuav-trust/results/scalability_N10_AR50_guarded_cusum_15seed/ON_seed10_x560_720_t36.log
Local_CID_RXUAV_K1_W5,Local_CID_RXUAV,1,5,10,0,YES,YES,YES,caught_by_both,11.923,0|1,/home/srmap/research/projects/v2x-multiuav-trust/results/scalability_N10_AR50_guarded_cusum_15seed/ON_seed10_x560_720_t36.log
Local_CID_RXUAV_K1_W5,Local_CID_RXUAV,1,5,10,1,YES,YES,YES,caught_by_both,14.084,1|1,/home/srmap/research/projects/v2x-multiuav-trust/results/scalability_N10_AR50_guarded_cusum_15seed/ON_seed10_x560_720_t36.log
Local_CID_RXUAV_K1_W5,Local_CID_RXUAV,1,5,10,2,YES,YES,YES,caught_by_both,16.244,2|1,/home/srmap/research/projects/v2x-multiuav-trust/results/scalability_N10_AR50_guarded_cusum_15seed/ON_seed10_x560_720_t36.log
Local_CID_RXUAV_K1_W5,Local_CID_RXUAV,1,5,10,3,YES,YES,YES,caught_by_both,17.944,3|1,/home/srmap/research/projects/v2x-multiuav-trust/results/scalability_N10_AR50_guarded_cusum_15seed/ON_seed10_x560_720_t36.log
Local_CID_RXUAV_K1_W5,Local_CID_RXUAV,1,5,10,4,YES,YES,YES,caught_by_both,20.104,4|1,/home/srmap/research/projects/v2x-multiuav-trust/results/scalability_N10_AR50_guarded_cusum_15seed/ON_seed10_x560_720_t36.log
Local_CID_RXUAV_K1_W5,Local_CID_RXUAV,1,5,10,5,NO,NO,YES,veremi_fp_only,12.156,5|1,/home/srmap/research/projects/v2x-multiuav-trust/results/scalability_N10_AR50_guarded_cusum_15seed/ON_seed10_x560_720_t36.log
Local_CID_RXUAV_K1_W5,Local_CID_RXUAV,1,5,10,6,NO,NO,YES,veremi_fp_only,14.266,6|1,/home/srmap/research/projects/v2x-multiuav-trust/results/scalability_N10_AR50_guarded_cusum_15seed/ON_seed10_x560_720_t36.log
Local_CID_RXUAV_K1_W5,Local_CID_RXUAV,1,5,10,7,YES,YES,YES,caught_by_both,16.346,7|1,/home/srmap/research/projects/v2x-multiuav-trust/results/scalability_N10_AR50_guarded_cusum_15seed/ON_seed10_x560_720_t36.log
Local_CID_RXUAV_K1_W5,Local_CID_RXUAV,1,5,10,8,YES,YES,YES,caught_by_both,18.316,8|1,/home/srmap/research/projects/v2x-multiuav-trust/results/scalability_N10_AR50_guarded_cusum_15seed/ON_seed10_x560_720_t36.log
Local_CID_RXUAV_K1_W5,Local_CID_RXUAV,1,5,10,9,NO,NO,YES,veremi_fp_only,20.226,9|1,/home/srmap/research/projects/v2x-multiuav-trust/results/scalability_N10_AR50_guarded_cusum_15seed/ON_seed10_x560_720_t36.log
Local_CID_RXUAV_K2_W5,Local_CID_RXUAV,2,5,10,0,YES,YES,YES,caught_by_both,23.924,0|1,/home/srmap/research/projects/v2x-multiuav-trust/results/scalability_N10_AR50_guarded_cusum_15seed/ON_seed10_x560_720_t36.log
Local_CID_RXUAV_K2_W5,Local_CID_RXUAV,2,5,10,1,YES,YES,YES,caught_by_both,25.584,1|1,/home/srmap/research/projects/v2x-multiuav-trust/results/scalability_N10_AR50_guarded_cusum_15seed/ON_seed10_x560_720_t36.log
Local_CID_RXUAV_K2_W5,Local_CID_RXUAV,2,5,10,2,YES,YES,YES,caught_by_both,25.744,2|1,/home/srmap/research/projects/v2x-multiuav-trust/results/scalability_N10_AR50_guarded_cusum_15seed/ON_seed10_x560_720_t36.log
Local_CID_RXUAV_K2_W5,Local_CID_RXUAV,2,5,10,3,YES,YES,YES,caught_by_both,26.444,3|1,/home/srmap/research/projects/v2x-multiuav-trust/results/scalability_N10_AR50_guarded_cusum_15seed/ON_seed10_x560_720_t36.log
Local_CID_RXUAV_K2_W5,Local_CID_RXUAV,2,5,10,4,YES,YES,YES,caught_by_both,26.604,4|1,/home/srmap/research/projects/v2x-multiuav-trust/results/scalability_N10_AR50_guarded_cusum_15seed/ON_seed10_x560_720_t36.log
Local_CID_RXUAV_K2_W5,Local_CID_RXUAV,2,5,10,5,NO,NO,YES,veremi_fp_only,24.154,5|1,/home/srmap/research/projects/v2x-multiuav-trust/results/scalability_N10_AR50_guarded_cusum_15seed/ON_seed10_x560_720_t36.log
Local_CID_RXUAV_K2_W5,Local_CID_RXUAV,2,5,10,6,NO,NO,NO,honest_clean,,,/home/srmap/research/projects/v2x-multiuav-trust/results/scalability_N10_AR50_guarded_cusum_15seed/ON_seed10_x560_720_t36.log
Local_CID_RXUAV_K2_W5,Local_CID_RXUAV,2,5,10,7,YES,YES,YES,caught_by_both,24.846,7|1,/home/srmap/research/projects/v2x-multiuav-trust/results/scalability_N10_AR50_guarded_cusum_15seed/ON_seed10_x560_720_t36.log
Local_CID_RXUAV_K2_W5,Local_CID_RXUAV,2,5,10,8,YES,YES,YES,caught_by_both,25.316,8|1,/home/srmap/research/projects/v2x-multiuav-trust/results/scalability_N10_AR50_guarded_cusum_15seed/ON_seed10_x560_720_t36.log
Local_CID_RXUAV_K2_W5,Local_CID_RXUAV,2,5,10,9,NO,NO,NO,honest_clean,,,/home/srmap/research/projects/v2x-multiuav-trust/results/scalability_N10_AR50_guarded_cusum_15seed/ON_seed10_x560_720_t36.log
Local_CID_RXUAV_K3_W5,Local_CID_RXUAV,3,5,10,0,YES,YES,YES,caught_by_both,25.926,0|1,/home/srmap/research/projects/v2x-multiuav-trust/results/scalability_N10_AR50_guarded_cusum_15seed/ON_seed10_x560_720_t36.log
Local_CID_RXUAV_K3_W5,Local_CID_RXUAV,3,5,10,1,YES,YES,YES,caught_by_both,26.584,1|1,/home/srmap/research/projects/v2x-multiuav-trust/results/scalability_N10_AR50_guarded_cusum_15seed/ON_seed10_x560_720_t36.log
Local_CID_RXUAV_K3_W5,Local_CID_RXUAV,3,5,10,2,YES,YES,YES,caught_by_both,26.744,2|1,/home/srmap/research/projects/v2x-multiuav-trust/results/scalability_N10_AR50_guarded_cusum_15seed/ON_seed10_x560_720_t36.log
Local_CID_RXUAV_K3_W5,Local_CID_RXUAV,3,5,10,3,YES,YES,YES,caught_by_both,27.444,3|1,/home/srmap/research/projects/v2x-multiuav-trust/results/scalability_N10_AR50_guarded_cusum_15seed/ON_seed10_x560_720_t36.log
Local_CID_RXUAV_K3_W5,Local_CID_RXUAV,3,5,10,4,YES,YES,YES,caught_by_both,27.606,4|1,/home/srmap/research/projects/v2x-multiuav-trust/results/scalability_N10_AR50_guarded_cusum_15seed/ON_seed10_x560_720_t36.log
Local_CID_RXUAV_K3_W5,Local_CID_RXUAV,3,5,10,5,NO,NO,NO,honest_clean,,,/home/srmap/research/projects/v2x-multiuav-trust/results/scalability_N10_AR50_guarded_cusum_15seed/ON_seed10_x560_720_t36.log
Local_CID_RXUAV_K3_W5,Local_CID_RXUAV,3,5,10,6,NO,NO,NO,honest_clean,,,/home/srmap/research/projects/v2x-multiuav-trust/results/scalability_N10_AR50_guarded_cusum_15seed/ON_seed10_x560_720_t36.log
Local_CID_RXUAV_K3_W5,Local_CID_RXUAV,3,5,10,7,YES,YES,YES,caught_by_both,25.846,7|1,/home/srmap/research/projects/v2x-multiuav-trust/results/scalability_N10_AR50_guarded_cusum_15seed/ON_seed10_x560_720_t36.log
Local_CID_RXUAV_K3_W5,Local_CID_RXUAV,3,5,10,8,YES,YES,YES,caught_by_both,26.316,8|1,/home/srmap/research/projects/v2x-multiuav-trust/results/scalability_N10_AR50_guarded_cusum_15seed/ON_seed10_x560_720_t36.log
Local_CID_RXUAV_K3_W5,Local_CID_RXUAV,3,5,10,9,NO,NO,NO,honest_clean,,,/home/srmap/research/projects/v2x-multiuav-trust/results/scalability_N10_AR50_guarded_cusum_15seed/ON_seed10_x560_720_t36.log
Local_CID_ZONE_K1_W5,Local_CID_ZONE,1,5,10,0,YES,YES,YES,caught_by_both,11.923,0|1,/home/srmap/research/projects/v2x-multiuav-trust/results/scalability_N10_AR50_guarded_cusum_15seed/ON_seed10_x560_720_t36.log
Local_CID_ZONE_K1_W5,Local_CID_ZONE,1,5,10,1,YES,YES,YES,caught_by_both,14.084,1|1,/home/srmap/research/projects/v2x-multiuav-trust/results/scalability_N10_AR50_guarded_cusum_15seed/ON_seed10_x560_720_t36.log
Local_CID_ZONE_K1_W5,Local_CID_ZONE,1,5,10,2,YES,YES,YES,caught_by_both,16.244,2|1,/home/srmap/research/projects/v2x-multiuav-trust/results/scalability_N10_AR50_guarded_cusum_15seed/ON_seed10_x560_720_t36.log
Local_CID_ZONE_K1_W5,Local_CID_ZONE,1,5,10,3,YES,YES,YES,caught_by_both,17.944,3|1,/home/srmap/research/projects/v2x-multiuav-trust/results/scalability_N10_AR50_guarded_cusum_15seed/ON_seed10_x560_720_t36.log
Local_CID_ZONE_K1_W5,Local_CID_ZONE,1,5,10,4,YES,YES,YES,caught_by_both,20.104,4|1,/home/srmap/research/projects/v2x-multiuav-trust/results/scalability_N10_AR50_guarded_cusum_15seed/ON_seed10_x560_720_t36.log
Local_CID_ZONE_K1_W5,Local_CID_ZONE,1,5,10,5,NO,NO,YES,veremi_fp_only,12.156,5|1,/home/srmap/research/projects/v2x-multiuav-trust/results/scalability_N10_AR50_guarded_cusum_15seed/ON_seed10_x560_720_t36.log
Local_CID_ZONE_K1_W5,Local_CID_ZONE,1,5,10,6,NO,NO,YES,veremi_fp_only,14.266,6|1,/home/srmap/research/projects/v2x-multiuav-trust/results/scalability_N10_AR50_guarded_cusum_15seed/ON_seed10_x560_720_t36.log
Local_CID_ZONE_K1_W5,Local_CID_ZONE,1,5,10,7,YES,YES,YES,caught_by_both,16.346,7|1,/home/srmap/research/projects/v2x-multiuav-trust/results/scalability_N10_AR50_guarded_cusum_15seed/ON_seed10_x560_720_t36.log
Local_CID_ZONE_K1_W5,Local_CID_ZONE,1,5,10,8,YES,YES,YES,caught_by_both,18.316,8|1,/home/srmap/research/projects/v2x-multiuav-trust/results/scalability_N10_AR50_guarded_cusum_15seed/ON_seed10_x560_720_t36.log
Local_CID_ZONE_K1_W5,Local_CID_ZONE,1,5,10,9,NO,NO,YES,veremi_fp_only,20.226,9|1,/home/srmap/research/projects/v2x-multiuav-trust/results/scalability_N10_AR50_guarded_cusum_15seed/ON_seed10_x560_720_t36.log
Local_CID_ZONE_K2_W5,Local_CID_ZONE,2,5,10,0,YES,YES,YES,caught_by_both,23.924,0|1,/home/srmap/research/projects/v2x-multiuav-trust/results/scalability_N10_AR50_guarded_cusum_15seed/ON_seed10_x560_720_t36.log
Local_CID_ZONE_K2_W5,Local_CID_ZONE,2,5,10,1,YES,YES,YES,caught_by_both,25.584,1|1,/home/srmap/research/projects/v2x-multiuav-trust/results/scalability_N10_AR50_guarded_cusum_15seed/ON_seed10_x560_720_t36.log
Local_CID_ZONE_K2_W5,Local_CID_ZONE,2,5,10,2,YES,YES,YES,caught_by_both,25.744,2|1,/home/srmap/research/projects/v2x-multiuav-trust/results/scalability_N10_AR50_guarded_cusum_15seed/ON_seed10_x560_720_t36.log
Local_CID_ZONE_K2_W5,Local_CID_ZONE,2,5,10,3,YES,YES,YES,caught_by_both,26.444,3|1,/home/srmap/research/projects/v2x-multiuav-trust/results/scalability_N10_AR50_guarded_cusum_15seed/ON_seed10_x560_720_t36.log
Local_CID_ZONE_K2_W5,Local_CID_ZONE,2,5,10,4,YES,YES,YES,caught_by_both,26.604,4|1,/home/srmap/research/projects/v2x-multiuav-trust/results/scalability_N10_AR50_guarded_cusum_15seed/ON_seed10_x560_720_t36.log
Local_CID_ZONE_K2_W5,Local_CID_ZONE,2,5,10,5,NO,NO,YES,veremi_fp_only,24.154,5|1,/home/srmap/research/projects/v2x-multiuav-trust/results/scalability_N10_AR50_guarded_cusum_15seed/ON_seed10_x560_720_t36.log
Local_CID_ZONE_K2_W5,Local_CID_ZONE,2,5,10,6,NO,NO,NO,honest_clean,,,/home/srmap/research/projects/v2x-multiuav-trust/results/scalability_N10_AR50_guarded_cusum_15seed/ON_seed10_x560_720_t36.log
Local_CID_ZONE_K2_W5,Local_CID_ZONE,2,5,10,7,YES,YES,YES,caught_by_both,24.846,7|1,/home/srmap/research/projects/v2x-multiuav-trust/results/scalability_N10_AR50_guarded_cusum_15seed/ON_seed10_x560_720_t36.log
Local_CID_ZONE_K2_W5,Local_CID_ZONE,2,5,10,8,YES,YES,YES,caught_by_both,25.316,8|1,/home/srmap/research/projects/v2x-multiuav-trust/results/scalability_N10_AR50_guarded_cusum_15seed/ON_seed10_x560_720_t36.log
Local_CID_ZONE_K2_W5,Local_CID_ZONE,2,5,10,9,NO,NO,NO,honest_clean,,,/home/srmap/research/projects/v2x-multiuav-trust/results/scalability_N10_AR50_guarded_cusum_15seed/ON_seed10_x560_720_t36.log
Local_CID_ZONE_K3_W5,Local_CID_ZONE,3,5,10,0,YES,YES,YES,caught_by_both,25.926,0|1,/home/srmap/research/projects/v2x-multiuav-trust/results/scalability_N10_AR50_guarded_cusum_15seed/ON_seed10_x560_720_t36.log
Local_CID_ZONE_K3_W5,Local_CID_ZONE,3,5,10,1,YES,YES,YES,caught_by_both,26.584,1|1,/home/srmap/research/projects/v2x-multiuav-trust/results/scalability_N10_AR50_guarded_cusum_15seed/ON_seed10_x560_720_t36.log
Local_CID_ZONE_K3_W5,Local_CID_ZONE,3,5,10,2,YES,YES,YES,caught_by_both,26.744,2|1,/home/srmap/research/projects/v2x-multiuav-trust/results/scalability_N10_AR50_guarded_cusum_15seed/ON_seed10_x560_720_t36.log
Local_CID_ZONE_K3_W5,Local_CID_ZONE,3,5,10,3,YES,YES,YES,caught_by_both,27.444,3|1,/home/srmap/research/projects/v2x-multiuav-trust/results/scalability_N10_AR50_guarded_cusum_15seed/ON_seed10_x560_720_t36.log
Local_CID_ZONE_K3_W5,Local_CID_ZONE,3,5,10,4,YES,YES,YES,caught_by_both,27.606,4|1,/home/srmap/research/projects/v2x-multiuav-trust/results/scalability_N10_AR50_guarded_cusum_15seed/ON_seed10_x560_720_t36.log
Local_CID_ZONE_K3_W5,Local_CID_ZONE,3,5,10,5,NO,NO,NO,honest_clean,,,/home/srmap/research/projects/v2x-multiuav-trust/results/scalability_N10_AR50_guarded_cusum_15seed/ON_seed10_x560_720_t36.log
Local_CID_ZONE_K3_W5,Local_CID_ZONE,3,5,10,6,NO,NO,NO,honest_clean,,,/home/srmap/research/projects/v2x-multiuav-trust/results/scalability_N10_AR50_guarded_cusum_15seed/ON_seed10_x560_720_t36.log
Local_CID_ZONE_K3_W5,Local_CID_ZONE,3,5,10,7,YES,YES,YES,caught_by_both,25.846,7|1,/home/srmap/research/projects/v2x-multiuav-trust/results/scalability_N10_AR50_guarded_cusum_15seed/ON_seed10_x560_720_t36.log
Local_CID_ZONE_K3_W5,Local_CID_ZONE,3,5,10,8,YES,YES,YES,caught_by_both,26.316,8|1,/home/srmap/research/projects/v2x-multiuav-trust/results/scalability_N10_AR50_guarded_cusum_15seed/ON_seed10_x560_720_t36.log
Local_CID_ZONE_K3_W5,Local_CID_ZONE,3,5,10,9,NO,NO,NO,honest_clean,,,/home/srmap/research/projects/v2x-multiuav-trust/results/scalability_N10_AR50_guarded_cusum_15seed/ON_seed10_x560_720_t36.log
Centralized_CID_K1_W5,Centralized_CID,1,5,11,0,YES,NO,NO,missed_by_both,,,/home/srmap/research/projects/v2x-multiuav-trust/results/scalability_N10_AR50_guarded_cusum_15seed/ON_seed11_x560_720_t36.log
Centralized_CID_K1_W5,Centralized_CID,1,5,11,1,YES,YES,YES,caught_by_both,14.124,1,/home/srmap/research/projects/v2x-multiuav-trust/results/scalability_N10_AR50_guarded_cusum_15seed/ON_seed11_x560_720_t36.log
Centralized_CID_K1_W5,Centralized_CID,1,5,11,2,YES,YES,YES,caught_by_both,16.144,2,/home/srmap/research/projects/v2x-multiuav-trust/results/scalability_N10_AR50_guarded_cusum_15seed/ON_seed11_x560_720_t36.log
Centralized_CID_K1_W5,Centralized_CID,1,5,11,3,NO,NO,YES,veremi_fp_only,17.994,3,/home/srmap/research/projects/v2x-multiuav-trust/results/scalability_N10_AR50_guarded_cusum_15seed/ON_seed11_x560_720_t36.log
Centralized_CID_K1_W5,Centralized_CID,1,5,11,4,NO,NO,YES,veremi_fp_only,20.314,4,/home/srmap/research/projects/v2x-multiuav-trust/results/scalability_N10_AR50_guarded_cusum_15seed/ON_seed11_x560_720_t36.log
Centralized_CID_K1_W5,Centralized_CID,1,5,11,5,YES,YES,YES,caught_by_both,11.896,5,/home/srmap/research/projects/v2x-multiuav-trust/results/scalability_N10_AR50_guarded_cusum_15seed/ON_seed11_x560_720_t36.log
Centralized_CID_K1_W5,Centralized_CID,1,5,11,6,YES,YES,YES,caught_by_both,14.246,6,/home/srmap/research/projects/v2x-multiuav-trust/results/scalability_N10_AR50_guarded_cusum_15seed/ON_seed11_x560_720_t36.log
Centralized_CID_K1_W5,Centralized_CID,1,5,11,7,YES,YES,YES,caught_by_both,16.216,7,/home/srmap/research/projects/v2x-multiuav-trust/results/scalability_N10_AR50_guarded_cusum_15seed/ON_seed11_x560_720_t36.log
Centralized_CID_K1_W5,Centralized_CID,1,5,11,8,NO,NO,YES,veremi_fp_only,18.276,8,/home/srmap/research/projects/v2x-multiuav-trust/results/scalability_N10_AR50_guarded_cusum_15seed/ON_seed11_x560_720_t36.log
Centralized_CID_K1_W5,Centralized_CID,1,5,11,9,YES,YES,YES,caught_by_both,20.055,9,/home/srmap/research/projects/v2x-multiuav-trust/results/scalability_N10_AR50_guarded_cusum_15seed/ON_seed11_x560_720_t36.log
Centralized_CID_K2_W5,Centralized_CID,2,5,11,0,YES,NO,NO,missed_by_both,,,/home/srmap/research/projects/v2x-multiuav-trust/results/scalability_N10_AR50_guarded_cusum_15seed/ON_seed11_x560_720_t36.log
Centralized_CID_K2_W5,Centralized_CID,2,5,11,1,YES,YES,YES,caught_by_both,25.624,1,/home/srmap/research/projects/v2x-multiuav-trust/results/scalability_N10_AR50_guarded_cusum_15seed/ON_seed11_x560_720_t36.log
Centralized_CID_K2_W5,Centralized_CID,2,5,11,2,YES,YES,YES,caught_by_both,25.644,2,/home/srmap/research/projects/v2x-multiuav-trust/results/scalability_N10_AR50_guarded_cusum_15seed/ON_seed11_x560_720_t36.log
Centralized_CID_K2_W5,Centralized_CID,2,5,11,3,NO,NO,YES,veremi_fp_only,29.994,3,/home/srmap/research/projects/v2x-multiuav-trust/results/scalability_N10_AR50_guarded_cusum_15seed/ON_seed11_x560_720_t36.log
Centralized_CID_K2_W5,Centralized_CID,2,5,11,4,NO,NO,YES,veremi_fp_only,31.814,4,/home/srmap/research/projects/v2x-multiuav-trust/results/scalability_N10_AR50_guarded_cusum_15seed/ON_seed11_x560_720_t36.log
Centralized_CID_K2_W5,Centralized_CID,2,5,11,5,YES,YES,YES,caught_by_both,23.896,5,/home/srmap/research/projects/v2x-multiuav-trust/results/scalability_N10_AR50_guarded_cusum_15seed/ON_seed11_x560_720_t36.log
Centralized_CID_K2_W5,Centralized_CID,2,5,11,6,YES,YES,YES,caught_by_both,24.746,6,/home/srmap/research/projects/v2x-multiuav-trust/results/scalability_N10_AR50_guarded_cusum_15seed/ON_seed11_x560_720_t36.log
Centralized_CID_K2_W5,Centralized_CID,2,5,11,7,YES,YES,YES,caught_by_both,25.216,7,/home/srmap/research/projects/v2x-multiuav-trust/results/scalability_N10_AR50_guarded_cusum_15seed/ON_seed11_x560_720_t36.log
Centralized_CID_K2_W5,Centralized_CID,2,5,11,8,NO,NO,YES,veremi_fp_only,29.776,8,/home/srmap/research/projects/v2x-multiuav-trust/results/scalability_N10_AR50_guarded_cusum_15seed/ON_seed11_x560_720_t36.log
Centralized_CID_K2_W5,Centralized_CID,2,5,11,9,YES,YES,YES,caught_by_both,26.056,9,/home/srmap/research/projects/v2x-multiuav-trust/results/scalability_N10_AR50_guarded_cusum_15seed/ON_seed11_x560_720_t36.log
Centralized_CID_K3_W5,Centralized_CID,3,5,11,0,YES,NO,NO,missed_by_both,,,/home/srmap/research/projects/v2x-multiuav-trust/results/scalability_N10_AR50_guarded_cusum_15seed/ON_seed11_x560_720_t36.log
Centralized_CID_K3_W5,Centralized_CID,3,5,11,1,YES,YES,YES,caught_by_both,26.624,1,/home/srmap/research/projects/v2x-multiuav-trust/results/scalability_N10_AR50_guarded_cusum_15seed/ON_seed11_x560_720_t36.log
Centralized_CID_K3_W5,Centralized_CID,3,5,11,2,YES,YES,YES,caught_by_both,26.644,2,/home/srmap/research/projects/v2x-multiuav-trust/results/scalability_N10_AR50_guarded_cusum_15seed/ON_seed11_x560_720_t36.log
Centralized_CID_K3_W5,Centralized_CID,3,5,11,3,NO,NO,NO,honest_clean,,,/home/srmap/research/projects/v2x-multiuav-trust/results/scalability_N10_AR50_guarded_cusum_15seed/ON_seed11_x560_720_t36.log
Centralized_CID_K3_W5,Centralized_CID,3,5,11,4,NO,NO,NO,honest_clean,,,/home/srmap/research/projects/v2x-multiuav-trust/results/scalability_N10_AR50_guarded_cusum_15seed/ON_seed11_x560_720_t36.log
Centralized_CID_K3_W5,Centralized_CID,3,5,11,5,YES,YES,YES,caught_by_both,24.396,5,/home/srmap/research/projects/v2x-multiuav-trust/results/scalability_N10_AR50_guarded_cusum_15seed/ON_seed11_x560_720_t36.log
Centralized_CID_K3_W5,Centralized_CID,3,5,11,6,YES,YES,YES,caught_by_both,25.744,6,/home/srmap/research/projects/v2x-multiuav-trust/results/scalability_N10_AR50_guarded_cusum_15seed/ON_seed11_x560_720_t36.log
Centralized_CID_K3_W5,Centralized_CID,3,5,11,7,YES,YES,YES,caught_by_both,26.215,7,/home/srmap/research/projects/v2x-multiuav-trust/results/scalability_N10_AR50_guarded_cusum_15seed/ON_seed11_x560_720_t36.log
Centralized_CID_K3_W5,Centralized_CID,3,5,11,8,NO,NO,NO,honest_clean,,,/home/srmap/research/projects/v2x-multiuav-trust/results/scalability_N10_AR50_guarded_cusum_15seed/ON_seed11_x560_720_t36.log
Centralized_CID_K3_W5,Centralized_CID,3,5,11,9,YES,YES,YES,caught_by_both,27.056,9,/home/srmap/research/projects/v2x-multiuav-trust/results/scalability_N10_AR50_guarded_cusum_15seed/ON_seed11_x560_720_t36.log
Local_CID_RXUAV_K1_W5,Local_CID_RXUAV,1,5,11,0,YES,NO,NO,missed_by_both,,,/home/srmap/research/projects/v2x-multiuav-trust/results/scalability_N10_AR50_guarded_cusum_15seed/ON_seed11_x560_720_t36.log
Local_CID_RXUAV_K1_W5,Local_CID_RXUAV,1,5,11,1,YES,YES,YES,caught_by_both,14.124,1|1,/home/srmap/research/projects/v2x-multiuav-trust/results/scalability_N10_AR50_guarded_cusum_15seed/ON_seed11_x560_720_t36.log
Local_CID_RXUAV_K1_W5,Local_CID_RXUAV,1,5,11,2,YES,YES,YES,caught_by_both,16.144,2|1,/home/srmap/research/projects/v2x-multiuav-trust/results/scalability_N10_AR50_guarded_cusum_15seed/ON_seed11_x560_720_t36.log
Local_CID_RXUAV_K1_W5,Local_CID_RXUAV,1,5,11,3,NO,NO,YES,veremi_fp_only,17.994,3|1,/home/srmap/research/projects/v2x-multiuav-trust/results/scalability_N10_AR50_guarded_cusum_15seed/ON_seed11_x560_720_t36.log
Local_CID_RXUAV_K1_W5,Local_CID_RXUAV,1,5,11,4,NO,NO,YES,veremi_fp_only,20.314,4|1,/home/srmap/research/projects/v2x-multiuav-trust/results/scalability_N10_AR50_guarded_cusum_15seed/ON_seed11_x560_720_t36.log
Local_CID_RXUAV_K1_W5,Local_CID_RXUAV,1,5,11,5,YES,YES,YES,caught_by_both,11.896,5|1,/home/srmap/research/projects/v2x-multiuav-trust/results/scalability_N10_AR50_guarded_cusum_15seed/ON_seed11_x560_720_t36.log
Local_CID_RXUAV_K1_W5,Local_CID_RXUAV,1,5,11,6,YES,YES,YES,caught_by_both,14.246,6|1,/home/srmap/research/projects/v2x-multiuav-trust/results/scalability_N10_AR50_guarded_cusum_15seed/ON_seed11_x560_720_t36.log
Local_CID_RXUAV_K1_W5,Local_CID_RXUAV,1,5,11,7,YES,YES,YES,caught_by_both,16.216,7|1,/home/srmap/research/projects/v2x-multiuav-trust/results/scalability_N10_AR50_guarded_cusum_15seed/ON_seed11_x560_720_t36.log
Local_CID_RXUAV_K1_W5,Local_CID_RXUAV,1,5,11,8,NO,NO,YES,veremi_fp_only,18.276,8|1,/home/srmap/research/projects/v2x-multiuav-trust/results/scalability_N10_AR50_guarded_cusum_15seed/ON_seed11_x560_720_t36.log
Local_CID_RXUAV_K1_W5,Local_CID_RXUAV,1,5,11,9,YES,YES,YES,caught_by_both,20.055,9|1,/home/srmap/research/projects/v2x-multiuav-trust/results/scalability_N10_AR50_guarded_cusum_15seed/ON_seed11_x560_720_t36.log
Local_CID_RXUAV_K2_W5,Local_CID_RXUAV,2,5,11,0,YES,NO,NO,missed_by_both,,,/home/srmap/research/projects/v2x-multiuav-trust/results/scalability_N10_AR50_guarded_cusum_15seed/ON_seed11_x560_720_t36.log
Local_CID_RXUAV_K2_W5,Local_CID_RXUAV,2,5,11,1,YES,YES,YES,caught_by_both,25.624,1|1,/home/srmap/research/projects/v2x-multiuav-trust/results/scalability_N10_AR50_guarded_cusum_15seed/ON_seed11_x560_720_t36.log
Local_CID_RXUAV_K2_W5,Local_CID_RXUAV,2,5,11,2,YES,YES,YES,caught_by_both,25.644,2|1,/home/srmap/research/projects/v2x-multiuav-trust/results/scalability_N10_AR50_guarded_cusum_15seed/ON_seed11_x560_720_t36.log
Local_CID_RXUAV_K2_W5,Local_CID_RXUAV,2,5,11,3,NO,NO,NO,honest_clean,,,/home/srmap/research/projects/v2x-multiuav-trust/results/scalability_N10_AR50_guarded_cusum_15seed/ON_seed11_x560_720_t36.log
Local_CID_RXUAV_K2_W5,Local_CID_RXUAV,2,5,11,4,NO,NO,NO,honest_clean,,,/home/srmap/research/projects/v2x-multiuav-trust/results/scalability_N10_AR50_guarded_cusum_15seed/ON_seed11_x560_720_t36.log
Local_CID_RXUAV_K2_W5,Local_CID_RXUAV,2,5,11,5,YES,YES,YES,caught_by_both,23.896,5|1,/home/srmap/research/projects/v2x-multiuav-trust/results/scalability_N10_AR50_guarded_cusum_15seed/ON_seed11_x560_720_t36.log
Local_CID_RXUAV_K2_W5,Local_CID_RXUAV,2,5,11,6,YES,YES,YES,caught_by_both,24.746,6|1,/home/srmap/research/projects/v2x-multiuav-trust/results/scalability_N10_AR50_guarded_cusum_15seed/ON_seed11_x560_720_t36.log
Local_CID_RXUAV_K2_W5,Local_CID_RXUAV,2,5,11,7,YES,YES,YES,caught_by_both,25.216,7|1,/home/srmap/research/projects/v2x-multiuav-trust/results/scalability_N10_AR50_guarded_cusum_15seed/ON_seed11_x560_720_t36.log
Local_CID_RXUAV_K2_W5,Local_CID_RXUAV,2,5,11,8,NO,NO,NO,honest_clean,,,/home/srmap/research/projects/v2x-multiuav-trust/results/scalability_N10_AR50_guarded_cusum_15seed/ON_seed11_x560_720_t36.log
Local_CID_RXUAV_K2_W5,Local_CID_RXUAV,2,5,11,9,YES,YES,YES,caught_by_both,26.056,9|1,/home/srmap/research/projects/v2x-multiuav-trust/results/scalability_N10_AR50_guarded_cusum_15seed/ON_seed11_x560_720_t36.log
Local_CID_RXUAV_K3_W5,Local_CID_RXUAV,3,5,11,0,YES,NO,NO,missed_by_both,,,/home/srmap/research/projects/v2x-multiuav-trust/results/scalability_N10_AR50_guarded_cusum_15seed/ON_seed11_x560_720_t36.log
Local_CID_RXUAV_K3_W5,Local_CID_RXUAV,3,5,11,1,YES,YES,YES,caught_by_both,26.624,1|1,/home/srmap/research/projects/v2x-multiuav-trust/results/scalability_N10_AR50_guarded_cusum_15seed/ON_seed11_x560_720_t36.log
Local_CID_RXUAV_K3_W5,Local_CID_RXUAV,3,5,11,2,YES,YES,YES,caught_by_both,26.644,2|1,/home/srmap/research/projects/v2x-multiuav-trust/results/scalability_N10_AR50_guarded_cusum_15seed/ON_seed11_x560_720_t36.log
Local_CID_RXUAV_K3_W5,Local_CID_RXUAV,3,5,11,3,NO,NO,NO,honest_clean,,,/home/srmap/research/projects/v2x-multiuav-trust/results/scalability_N10_AR50_guarded_cusum_15seed/ON_seed11_x560_720_t36.log
Local_CID_RXUAV_K3_W5,Local_CID_RXUAV,3,5,11,4,NO,NO,NO,honest_clean,,,/home/srmap/research/projects/v2x-multiuav-trust/results/scalability_N10_AR50_guarded_cusum_15seed/ON_seed11_x560_720_t36.log
Local_CID_RXUAV_K3_W5,Local_CID_RXUAV,3,5,11,5,YES,YES,YES,caught_by_both,24.396,5|1,/home/srmap/research/projects/v2x-multiuav-trust/results/scalability_N10_AR50_guarded_cusum_15seed/ON_seed11_x560_720_t36.log
Local_CID_RXUAV_K3_W5,Local_CID_RXUAV,3,5,11,6,YES,YES,YES,caught_by_both,25.744,6|1,/home/srmap/research/projects/v2x-multiuav-trust/results/scalability_N10_AR50_guarded_cusum_15seed/ON_seed11_x560_720_t36.log
Local_CID_RXUAV_K3_W5,Local_CID_RXUAV,3,5,11,7,YES,YES,YES,caught_by_both,26.215,7|1,/home/srmap/research/projects/v2x-multiuav-trust/results/scalability_N10_AR50_guarded_cusum_15seed/ON_seed11_x560_720_t36.log
Local_CID_RXUAV_K3_W5,Local_CID_RXUAV,3,5,11,8,NO,NO,NO,honest_clean,,,/home/srmap/research/projects/v2x-multiuav-trust/results/scalability_N10_AR50_guarded_cusum_15seed/ON_seed11_x560_720_t36.log
Local_CID_RXUAV_K3_W5,Local_CID_RXUAV,3,5,11,9,YES,YES,YES,caught_by_both,27.056,9|1,/home/srmap/research/projects/v2x-multiuav-trust/results/scalability_N10_AR50_guarded_cusum_15seed/ON_seed11_x560_720_t36.log
Local_CID_ZONE_K1_W5,Local_CID_ZONE,1,5,11,0,YES,NO,NO,missed_by_both,,,/home/srmap/research/projects/v2x-multiuav-trust/results/scalability_N10_AR50_guarded_cusum_15seed/ON_seed11_x560_720_t36.log
Local_CID_ZONE_K1_W5,Local_CID_ZONE,1,5,11,1,YES,YES,YES,caught_by_both,14.124,1|1,/home/srmap/research/projects/v2x-multiuav-trust/results/scalability_N10_AR50_guarded_cusum_15seed/ON_seed11_x560_720_t36.log
Local_CID_ZONE_K1_W5,Local_CID_ZONE,1,5,11,2,YES,YES,YES,caught_by_both,16.144,2|1,/home/srmap/research/projects/v2x-multiuav-trust/results/scalability_N10_AR50_guarded_cusum_15seed/ON_seed11_x560_720_t36.log
Local_CID_ZONE_K1_W5,Local_CID_ZONE,1,5,11,3,NO,NO,YES,veremi_fp_only,17.994,3|1,/home/srmap/research/projects/v2x-multiuav-trust/results/scalability_N10_AR50_guarded_cusum_15seed/ON_seed11_x560_720_t36.log
Local_CID_ZONE_K1_W5,Local_CID_ZONE,1,5,11,4,NO,NO,YES,veremi_fp_only,20.314,4|1,/home/srmap/research/projects/v2x-multiuav-trust/results/scalability_N10_AR50_guarded_cusum_15seed/ON_seed11_x560_720_t36.log
Local_CID_ZONE_K1_W5,Local_CID_ZONE,1,5,11,5,YES,YES,YES,caught_by_both,11.896,5|1,/home/srmap/research/projects/v2x-multiuav-trust/results/scalability_N10_AR50_guarded_cusum_15seed/ON_seed11_x560_720_t36.log
Local_CID_ZONE_K1_W5,Local_CID_ZONE,1,5,11,6,YES,YES,YES,caught_by_both,14.246,6|1,/home/srmap/research/projects/v2x-multiuav-trust/results/scalability_N10_AR50_guarded_cusum_15seed/ON_seed11_x560_720_t36.log
Local_CID_ZONE_K1_W5,Local_CID_ZONE,1,5,11,7,YES,YES,YES,caught_by_both,16.216,7|1,/home/srmap/research/projects/v2x-multiuav-trust/results/scalability_N10_AR50_guarded_cusum_15seed/ON_seed11_x560_720_t36.log
Local_CID_ZONE_K1_W5,Local_CID_ZONE,1,5,11,8,NO,NO,YES,veremi_fp_only,18.276,8|1,/home/srmap/research/projects/v2x-multiuav-trust/results/scalability_N10_AR50_guarded_cusum_15seed/ON_seed11_x560_720_t36.log
Local_CID_ZONE_K1_W5,Local_CID_ZONE,1,5,11,9,YES,YES,YES,caught_by_both,20.055,9|1,/home/srmap/research/projects/v2x-multiuav-trust/results/scalability_N10_AR50_guarded_cusum_15seed/ON_seed11_x560_720_t36.log
Local_CID_ZONE_K2_W5,Local_CID_ZONE,2,5,11,0,YES,NO,NO,missed_by_both,,,/home/srmap/research/projects/v2x-multiuav-trust/results/scalability_N10_AR50_guarded_cusum_15seed/ON_seed11_x560_720_t36.log
Local_CID_ZONE_K2_W5,Local_CID_ZONE,2,5,11,1,YES,YES,YES,caught_by_both,25.624,1|1,/home/srmap/research/projects/v2x-multiuav-trust/results/scalability_N10_AR50_guarded_cusum_15seed/ON_seed11_x560_720_t36.log
Local_CID_ZONE_K2_W5,Local_CID_ZONE,2,5,11,2,YES,YES,YES,caught_by_both,25.644,2|1,/home/srmap/research/projects/v2x-multiuav-trust/results/scalability_N10_AR50_guarded_cusum_15seed/ON_seed11_x560_720_t36.log
Local_CID_ZONE_K2_W5,Local_CID_ZONE,2,5,11,3,NO,NO,NO,honest_clean,,,/home/srmap/research/projects/v2x-multiuav-trust/results/scalability_N10_AR50_guarded_cusum_15seed/ON_seed11_x560_720_t36.log
Local_CID_ZONE_K2_W5,Local_CID_ZONE,2,5,11,4,NO,NO,NO,honest_clean,,,/home/srmap/research/projects/v2x-multiuav-trust/results/scalability_N10_AR50_guarded_cusum_15seed/ON_seed11_x560_720_t36.log
Local_CID_ZONE_K2_W5,Local_CID_ZONE,2,5,11,5,YES,YES,YES,caught_by_both,23.896,5|1,/home/srmap/research/projects/v2x-multiuav-trust/results/scalability_N10_AR50_guarded_cusum_15seed/ON_seed11_x560_720_t36.log
Local_CID_ZONE_K2_W5,Local_CID_ZONE,2,5,11,6,YES,YES,YES,caught_by_both,24.746,6|1,/home/srmap/research/projects/v2x-multiuav-trust/results/scalability_N10_AR50_guarded_cusum_15seed/ON_seed11_x560_720_t36.log
Local_CID_ZONE_K2_W5,Local_CID_ZONE,2,5,11,7,YES,YES,YES,caught_by_both,25.216,7|1,/home/srmap/research/projects/v2x-multiuav-trust/results/scalability_N10_AR50_guarded_cusum_15seed/ON_seed11_x560_720_t36.log
Local_CID_ZONE_K2_W5,Local_CID_ZONE,2,5,11,8,NO,NO,NO,honest_clean,,,/home/srmap/research/projects/v2x-multiuav-trust/results/scalability_N10_AR50_guarded_cusum_15seed/ON_seed11_x560_720_t36.log
Local_CID_ZONE_K2_W5,Local_CID_ZONE,2,5,11,9,YES,YES,YES,caught_by_both,26.056,9|1,/home/srmap/research/projects/v2x-multiuav-trust/results/scalability_N10_AR50_guarded_cusum_15seed/ON_seed11_x560_720_t36.log
Local_CID_ZONE_K3_W5,Local_CID_ZONE,3,5,11,0,YES,NO,NO,missed_by_both,,,/home/srmap/research/projects/v2x-multiuav-trust/results/scalability_N10_AR50_guarded_cusum_15seed/ON_seed11_x560_720_t36.log
Local_CID_ZONE_K3_W5,Local_CID_ZONE,3,5,11,1,YES,YES,YES,caught_by_both,26.624,1|1,/home/srmap/research/projects/v2x-multiuav-trust/results/scalability_N10_AR50_guarded_cusum_15seed/ON_seed11_x560_720_t36.log
Local_CID_ZONE_K3_W5,Local_CID_ZONE,3,5,11,2,YES,YES,YES,caught_by_both,26.644,2|1,/home/srmap/research/projects/v2x-multiuav-trust/results/scalability_N10_AR50_guarded_cusum_15seed/ON_seed11_x560_720_t36.log
Local_CID_ZONE_K3_W5,Local_CID_ZONE,3,5,11,3,NO,NO,NO,honest_clean,,,/home/srmap/research/projects/v2x-multiuav-trust/results/scalability_N10_AR50_guarded_cusum_15seed/ON_seed11_x560_720_t36.log
Local_CID_ZONE_K3_W5,Local_CID_ZONE,3,5,11,4,NO,NO,NO,honest_clean,,,/home/srmap/research/projects/v2x-multiuav-trust/results/scalability_N10_AR50_guarded_cusum_15seed/ON_seed11_x560_720_t36.log
Local_CID_ZONE_K3_W5,Local_CID_ZONE,3,5,11,5,YES,YES,YES,caught_by_both,24.396,5|1,/home/srmap/research/projects/v2x-multiuav-trust/results/scalability_N10_AR50_guarded_cusum_15seed/ON_seed11_x560_720_t36.log
Local_CID_ZONE_K3_W5,Local_CID_ZONE,3,5,11,6,YES,YES,YES,caught_by_both,25.744,6|1,/home/srmap/research/projects/v2x-multiuav-trust/results/scalability_N10_AR50_guarded_cusum_15seed/ON_seed11_x560_720_t36.log
Local_CID_ZONE_K3_W5,Local_CID_ZONE,3,5,11,7,YES,YES,YES,caught_by_both,26.215,7|1,/home/srmap/research/projects/v2x-multiuav-trust/results/scalability_N10_AR50_guarded_cusum_15seed/ON_seed11_x560_720_t36.log
Local_CID_ZONE_K3_W5,Local_CID_ZONE,3,5,11,8,NO,NO,NO,honest_clean,,,/home/srmap/research/projects/v2x-multiuav-trust/results/scalability_N10_AR50_guarded_cusum_15seed/ON_seed11_x560_720_t36.log
Local_CID_ZONE_K3_W5,Local_CID_ZONE,3,5,11,9,YES,YES,YES,caught_by_both,27.056,9|1,/home/srmap/research/projects/v2x-multiuav-trust/results/scalability_N10_AR50_guarded_cusum_15seed/ON_seed11_x560_720_t36.log
Centralized_CID_K1_W5,Centralized_CID,1,5,12,0,YES,YES,YES,caught_by_both,12.244,0,/home/srmap/research/projects/v2x-multiuav-trust/results/scalability_N10_AR50_guarded_cusum_15seed/ON_seed12_x560_720_t36.log
Centralized_CID_K1_W5,Centralized_CID,1,5,12,1,YES,YES,YES,caught_by_both,13.944,1,/home/srmap/research/projects/v2x-multiuav-trust/results/scalability_N10_AR50_guarded_cusum_15seed/ON_seed12_x560_720_t36.log
Centralized_CID_K1_W5,Centralized_CID,1,5,12,2,YES,YES,YES,caught_by_both,16.023,2,/home/srmap/research/projects/v2x-multiuav-trust/results/scalability_N10_AR50_guarded_cusum_15seed/ON_seed12_x560_720_t36.log
Centralized_CID_K1_W5,Centralized_CID,1,5,12,3,YES,YES,YES,caught_by_both,17.944,3,/home/srmap/research/projects/v2x-multiuav-trust/results/scalability_N10_AR50_guarded_cusum_15seed/ON_seed12_x560_720_t36.log
Centralized_CID_K1_W5,Centralized_CID,1,5,12,4,NO,NO,YES,veremi_fp_only,20.134,4,/home/srmap/research/projects/v2x-multiuav-trust/results/scalability_N10_AR50_guarded_cusum_15seed/ON_seed12_x560_720_t36.log
Centralized_CID_K1_W5,Centralized_CID,1,5,12,5,YES,YES,YES,caught_by_both,12.035,5,/home/srmap/research/projects/v2x-multiuav-trust/results/scalability_N10_AR50_guarded_cusum_15seed/ON_seed12_x560_720_t36.log
Centralized_CID_K1_W5,Centralized_CID,1,5,12,6,NO,NO,YES,veremi_fp_only,14.236,6,/home/srmap/research/projects/v2x-multiuav-trust/results/scalability_N10_AR50_guarded_cusum_15seed/ON_seed12_x560_720_t36.log
Centralized_CID_K1_W5,Centralized_CID,1,5,12,7,YES,YES,YES,caught_by_both,16.286,7,/home/srmap/research/projects/v2x-multiuav-trust/results/scalability_N10_AR50_guarded_cusum_15seed/ON_seed12_x560_720_t36.log
Centralized_CID_K1_W5,Centralized_CID,1,5,12,8,NO,NO,YES,veremi_fp_only,17.916,8,/home/srmap/research/projects/v2x-multiuav-trust/results/scalability_N10_AR50_guarded_cusum_15seed/ON_seed12_x560_720_t36.log
Centralized_CID_K1_W5,Centralized_CID,1,5,12,9,YES,YES,YES,caught_by_both,20.346,9,/home/srmap/research/projects/v2x-multiuav-trust/results/scalability_N10_AR50_guarded_cusum_15seed/ON_seed12_x560_720_t36.log
Centralized_CID_K2_W5,Centralized_CID,2,5,12,0,YES,YES,YES,caught_by_both,24.243,0,/home/srmap/research/projects/v2x-multiuav-trust/results/scalability_N10_AR50_guarded_cusum_15seed/ON_seed12_x560_720_t36.log
Centralized_CID_K2_W5,Centralized_CID,2,5,12,1,YES,YES,YES,caught_by_both,25.445,1,/home/srmap/research/projects/v2x-multiuav-trust/results/scalability_N10_AR50_guarded_cusum_15seed/ON_seed12_x560_720_t36.log
Centralized_CID_K2_W5,Centralized_CID,2,5,12,2,YES,YES,YES,caught_by_both,26.024,2,/home/srmap/research/projects/v2x-multiuav-trust/results/scalability_N10_AR50_guarded_cusum_15seed/ON_seed12_x560_720_t36.log
Centralized_CID_K2_W5,Centralized_CID,2,5,12,3,YES,YES,YES,caught_by_both,26.444,3,/home/srmap/research/projects/v2x-multiuav-trust/results/scalability_N10_AR50_guarded_cusum_15seed/ON_seed12_x560_720_t36.log
Centralized_CID_K2_W5,Centralized_CID,2,5,12,4,NO,NO,YES,veremi_fp_only,32.134,4,/home/srmap/research/projects/v2x-multiuav-trust/results/scalability_N10_AR50_guarded_cusum_15seed/ON_seed12_x560_720_t36.log
Centralized_CID_K2_W5,Centralized_CID,2,5,12,5,YES,YES,YES,caught_by_both,24.039,5,/home/srmap/research/projects/v2x-multiuav-trust/results/scalability_N10_AR50_guarded_cusum_15seed/ON_seed12_x560_720_t36.log
Centralized_CID_K2_W5,Centralized_CID,2,5,12,6,NO,NO,YES,veremi_fp_only,26.236,6,/home/srmap/research/projects/v2x-multiuav-trust/results/scalability_N10_AR50_guarded_cusum_15seed/ON_seed12_x560_720_t36.log
Centralized_CID_K2_W5,Centralized_CID,2,5,12,7,YES,YES,YES,caught_by_both,25.286,7,/home/srmap/research/projects/v2x-multiuav-trust/results/scalability_N10_AR50_guarded_cusum_15seed/ON_seed12_x560_720_t36.log
Centralized_CID_K2_W5,Centralized_CID,2,5,12,8,NO,NO,YES,veremi_fp_only,29.916,8,/home/srmap/research/projects/v2x-multiuav-trust/results/scalability_N10_AR50_guarded_cusum_15seed/ON_seed12_x560_720_t36.log
Centralized_CID_K2_W5,Centralized_CID,2,5,12,9,YES,YES,YES,caught_by_both,25.846,9,/home/srmap/research/projects/v2x-multiuav-trust/results/scalability_N10_AR50_guarded_cusum_15seed/ON_seed12_x560_720_t36.log
Centralized_CID_K3_W5,Centralized_CID,3,5,12,0,YES,YES,YES,caught_by_both,25.744,0,/home/srmap/research/projects/v2x-multiuav-trust/results/scalability_N10_AR50_guarded_cusum_15seed/ON_seed12_x560_720_t36.log
Centralized_CID_K3_W5,Centralized_CID,3,5,12,1,YES,YES,YES,caught_by_both,26.445,1,/home/srmap/research/projects/v2x-multiuav-trust/results/scalability_N10_AR50_guarded_cusum_15seed/ON_seed12_x560_720_t36.log
Centralized_CID_K3_W5,Centralized_CID,3,5,12,2,YES,YES,YES,caught_by_both,27.024,2,/home/srmap/research/projects/v2x-multiuav-trust/results/scalability_N10_AR50_guarded_cusum_15seed/ON_seed12_x560_720_t36.log
Centralized_CID_K3_W5,Centralized_CID,3,5,12,3,YES,YES,YES,caught_by_both,27.444,3,/home/srmap/research/projects/v2x-multiuav-trust/results/scalability_N10_AR50_guarded_cusum_15seed/ON_seed12_x560_720_t36.log
Centralized_CID_K3_W5,Centralized_CID,3,5,12,4,NO,NO,NO,honest_clean,,,/home/srmap/research/projects/v2x-multiuav-trust/results/scalability_N10_AR50_guarded_cusum_15seed/ON_seed12_x560_720_t36.log
Centralized_CID_K3_W5,Centralized_CID,3,5,12,5,YES,YES,YES,caught_by_both,24.537,5,/home/srmap/research/projects/v2x-multiuav-trust/results/scalability_N10_AR50_guarded_cusum_15seed/ON_seed12_x560_720_t36.log
Centralized_CID_K3_W5,Centralized_CID,3,5,12,6,NO,NO,NO,honest_clean,,,/home/srmap/research/projects/v2x-multiuav-trust/results/scalability_N10_AR50_guarded_cusum_15seed/ON_seed12_x560_720_t36.log
Centralized_CID_K3_W5,Centralized_CID,3,5,12,7,YES,YES,YES,caught_by_both,26.286,7,/home/srmap/research/projects/v2x-multiuav-trust/results/scalability_N10_AR50_guarded_cusum_15seed/ON_seed12_x560_720_t36.log
Centralized_CID_K3_W5,Centralized_CID,3,5,12,8,NO,NO,NO,honest_clean,,,/home/srmap/research/projects/v2x-multiuav-trust/results/scalability_N10_AR50_guarded_cusum_15seed/ON_seed12_x560_720_t36.log
Centralized_CID_K3_W5,Centralized_CID,3,5,12,9,YES,YES,YES,caught_by_both,26.849,9,/home/srmap/research/projects/v2x-multiuav-trust/results/scalability_N10_AR50_guarded_cusum_15seed/ON_seed12_x560_720_t36.log
Local_CID_RXUAV_K1_W5,Local_CID_RXUAV,1,5,12,0,YES,YES,YES,caught_by_both,12.244,0|1,/home/srmap/research/projects/v2x-multiuav-trust/results/scalability_N10_AR50_guarded_cusum_15seed/ON_seed12_x560_720_t36.log
Local_CID_RXUAV_K1_W5,Local_CID_RXUAV,1,5,12,1,YES,YES,YES,caught_by_both,13.944,1|1,/home/srmap/research/projects/v2x-multiuav-trust/results/scalability_N10_AR50_guarded_cusum_15seed/ON_seed12_x560_720_t36.log
Local_CID_RXUAV_K1_W5,Local_CID_RXUAV,1,5,12,2,YES,YES,YES,caught_by_both,16.023,2|1,/home/srmap/research/projects/v2x-multiuav-trust/results/scalability_N10_AR50_guarded_cusum_15seed/ON_seed12_x560_720_t36.log
Local_CID_RXUAV_K1_W5,Local_CID_RXUAV,1,5,12,3,YES,YES,YES,caught_by_both,17.944,3|1,/home/srmap/research/projects/v2x-multiuav-trust/results/scalability_N10_AR50_guarded_cusum_15seed/ON_seed12_x560_720_t36.log
Local_CID_RXUAV_K1_W5,Local_CID_RXUAV,1,5,12,4,NO,NO,YES,veremi_fp_only,20.134,4|1,/home/srmap/research/projects/v2x-multiuav-trust/results/scalability_N10_AR50_guarded_cusum_15seed/ON_seed12_x560_720_t36.log
Local_CID_RXUAV_K1_W5,Local_CID_RXUAV,1,5,12,5,YES,YES,YES,caught_by_both,12.035,5|1,/home/srmap/research/projects/v2x-multiuav-trust/results/scalability_N10_AR50_guarded_cusum_15seed/ON_seed12_x560_720_t36.log
Local_CID_RXUAV_K1_W5,Local_CID_RXUAV,1,5,12,6,NO,NO,YES,veremi_fp_only,14.236,6|1,/home/srmap/research/projects/v2x-multiuav-trust/results/scalability_N10_AR50_guarded_cusum_15seed/ON_seed12_x560_720_t36.log
Local_CID_RXUAV_K1_W5,Local_CID_RXUAV,1,5,12,7,YES,YES,YES,caught_by_both,16.286,7|1,/home/srmap/research/projects/v2x-multiuav-trust/results/scalability_N10_AR50_guarded_cusum_15seed/ON_seed12_x560_720_t36.log
Local_CID_RXUAV_K1_W5,Local_CID_RXUAV,1,5,12,8,NO,NO,YES,veremi_fp_only,17.916,8|1,/home/srmap/research/projects/v2x-multiuav-trust/results/scalability_N10_AR50_guarded_cusum_15seed/ON_seed12_x560_720_t36.log
Local_CID_RXUAV_K1_W5,Local_CID_RXUAV,1,5,12,9,YES,YES,YES,caught_by_both,20.346,9|1,/home/srmap/research/projects/v2x-multiuav-trust/results/scalability_N10_AR50_guarded_cusum_15seed/ON_seed12_x560_720_t36.log
Local_CID_RXUAV_K2_W5,Local_CID_RXUAV,2,5,12,0,YES,YES,YES,caught_by_both,24.243,0|1,/home/srmap/research/projects/v2x-multiuav-trust/results/scalability_N10_AR50_guarded_cusum_15seed/ON_seed12_x560_720_t36.log
Local_CID_RXUAV_K2_W5,Local_CID_RXUAV,2,5,12,1,YES,YES,YES,caught_by_both,25.445,1|1,/home/srmap/research/projects/v2x-multiuav-trust/results/scalability_N10_AR50_guarded_cusum_15seed/ON_seed12_x560_720_t36.log
Local_CID_RXUAV_K2_W5,Local_CID_RXUAV,2,5,12,2,YES,YES,YES,caught_by_both,26.024,2|1,/home/srmap/research/projects/v2x-multiuav-trust/results/scalability_N10_AR50_guarded_cusum_15seed/ON_seed12_x560_720_t36.log
Local_CID_RXUAV_K2_W5,Local_CID_RXUAV,2,5,12,3,YES,YES,YES,caught_by_both,26.444,3|1,/home/srmap/research/projects/v2x-multiuav-trust/results/scalability_N10_AR50_guarded_cusum_15seed/ON_seed12_x560_720_t36.log
Local_CID_RXUAV_K2_W5,Local_CID_RXUAV,2,5,12,4,NO,NO,NO,honest_clean,,,/home/srmap/research/projects/v2x-multiuav-trust/results/scalability_N10_AR50_guarded_cusum_15seed/ON_seed12_x560_720_t36.log
Local_CID_RXUAV_K2_W5,Local_CID_RXUAV,2,5,12,5,YES,YES,YES,caught_by_both,24.039,5|1,/home/srmap/research/projects/v2x-multiuav-trust/results/scalability_N10_AR50_guarded_cusum_15seed/ON_seed12_x560_720_t36.log
Local_CID_RXUAV_K2_W5,Local_CID_RXUAV,2,5,12,6,NO,NO,NO,honest_clean,,,/home/srmap/research/projects/v2x-multiuav-trust/results/scalability_N10_AR50_guarded_cusum_15seed/ON_seed12_x560_720_t36.log
Local_CID_RXUAV_K2_W5,Local_CID_RXUAV,2,5,12,7,YES,YES,YES,caught_by_both,25.286,7|1,/home/srmap/research/projects/v2x-multiuav-trust/results/scalability_N10_AR50_guarded_cusum_15seed/ON_seed12_x560_720_t36.log
Local_CID_RXUAV_K2_W5,Local_CID_RXUAV,2,5,12,8,NO,NO,NO,honest_clean,,,/home/srmap/research/projects/v2x-multiuav-trust/results/scalability_N10_AR50_guarded_cusum_15seed/ON_seed12_x560_720_t36.log
Local_CID_RXUAV_K2_W5,Local_CID_RXUAV,2,5,12,9,YES,YES,YES,caught_by_both,25.846,9|1,/home/srmap/research/projects/v2x-multiuav-trust/results/scalability_N10_AR50_guarded_cusum_15seed/ON_seed12_x560_720_t36.log
Local_CID_RXUAV_K3_W5,Local_CID_RXUAV,3,5,12,0,YES,YES,YES,caught_by_both,25.744,0|1,/home/srmap/research/projects/v2x-multiuav-trust/results/scalability_N10_AR50_guarded_cusum_15seed/ON_seed12_x560_720_t36.log
Local_CID_RXUAV_K3_W5,Local_CID_RXUAV,3,5,12,1,YES,YES,YES,caught_by_both,26.445,1|1,/home/srmap/research/projects/v2x-multiuav-trust/results/scalability_N10_AR50_guarded_cusum_15seed/ON_seed12_x560_720_t36.log
Local_CID_RXUAV_K3_W5,Local_CID_RXUAV,3,5,12,2,YES,YES,YES,caught_by_both,27.024,2|1,/home/srmap/research/projects/v2x-multiuav-trust/results/scalability_N10_AR50_guarded_cusum_15seed/ON_seed12_x560_720_t36.log
Local_CID_RXUAV_K3_W5,Local_CID_RXUAV,3,5,12,3,YES,YES,YES,caught_by_both,27.444,3|1,/home/srmap/research/projects/v2x-multiuav-trust/results/scalability_N10_AR50_guarded_cusum_15seed/ON_seed12_x560_720_t36.log
Local_CID_RXUAV_K3_W5,Local_CID_RXUAV,3,5,12,4,NO,NO,NO,honest_clean,,,/home/srmap/research/projects/v2x-multiuav-trust/results/scalability_N10_AR50_guarded_cusum_15seed/ON_seed12_x560_720_t36.log
Local_CID_RXUAV_K3_W5,Local_CID_RXUAV,3,5,12,5,YES,YES,YES,caught_by_both,24.537,5|1,/home/srmap/research/projects/v2x-multiuav-trust/results/scalability_N10_AR50_guarded_cusum_15seed/ON_seed12_x560_720_t36.log
Local_CID_RXUAV_K3_W5,Local_CID_RXUAV,3,5,12,6,NO,NO,NO,honest_clean,,,/home/srmap/research/projects/v2x-multiuav-trust/results/scalability_N10_AR50_guarded_cusum_15seed/ON_seed12_x560_720_t36.log
Local_CID_RXUAV_K3_W5,Local_CID_RXUAV,3,5,12,7,YES,YES,YES,caught_by_both,26.286,7|1,/home/srmap/research/projects/v2x-multiuav-trust/results/scalability_N10_AR50_guarded_cusum_15seed/ON_seed12_x560_720_t36.log
Local_CID_RXUAV_K3_W5,Local_CID_RXUAV,3,5,12,8,NO,NO,NO,honest_clean,,,/home/srmap/research/projects/v2x-multiuav-trust/results/scalability_N10_AR50_guarded_cusum_15seed/ON_seed12_x560_720_t36.log
Local_CID_RXUAV_K3_W5,Local_CID_RXUAV,3,5,12,9,YES,YES,YES,caught_by_both,26.849,9|1,/home/srmap/research/projects/v2x-multiuav-trust/results/scalability_N10_AR50_guarded_cusum_15seed/ON_seed12_x560_720_t36.log
Local_CID_ZONE_K1_W5,Local_CID_ZONE,1,5,12,0,YES,YES,YES,caught_by_both,12.244,0|1,/home/srmap/research/projects/v2x-multiuav-trust/results/scalability_N10_AR50_guarded_cusum_15seed/ON_seed12_x560_720_t36.log
Local_CID_ZONE_K1_W5,Local_CID_ZONE,1,5,12,1,YES,YES,YES,caught_by_both,13.944,1|1,/home/srmap/research/projects/v2x-multiuav-trust/results/scalability_N10_AR50_guarded_cusum_15seed/ON_seed12_x560_720_t36.log
Local_CID_ZONE_K1_W5,Local_CID_ZONE,1,5,12,2,YES,YES,YES,caught_by_both,16.023,2|1,/home/srmap/research/projects/v2x-multiuav-trust/results/scalability_N10_AR50_guarded_cusum_15seed/ON_seed12_x560_720_t36.log
Local_CID_ZONE_K1_W5,Local_CID_ZONE,1,5,12,3,YES,YES,YES,caught_by_both,17.944,3|1,/home/srmap/research/projects/v2x-multiuav-trust/results/scalability_N10_AR50_guarded_cusum_15seed/ON_seed12_x560_720_t36.log
Local_CID_ZONE_K1_W5,Local_CID_ZONE,1,5,12,4,NO,NO,YES,veremi_fp_only,20.134,4|1,/home/srmap/research/projects/v2x-multiuav-trust/results/scalability_N10_AR50_guarded_cusum_15seed/ON_seed12_x560_720_t36.log
Local_CID_ZONE_K1_W5,Local_CID_ZONE,1,5,12,5,YES,YES,YES,caught_by_both,12.035,5|1,/home/srmap/research/projects/v2x-multiuav-trust/results/scalability_N10_AR50_guarded_cusum_15seed/ON_seed12_x560_720_t36.log
Local_CID_ZONE_K1_W5,Local_CID_ZONE,1,5,12,6,NO,NO,YES,veremi_fp_only,14.236,6|1,/home/srmap/research/projects/v2x-multiuav-trust/results/scalability_N10_AR50_guarded_cusum_15seed/ON_seed12_x560_720_t36.log
Local_CID_ZONE_K1_W5,Local_CID_ZONE,1,5,12,7,YES,YES,YES,caught_by_both,16.286,7|1,/home/srmap/research/projects/v2x-multiuav-trust/results/scalability_N10_AR50_guarded_cusum_15seed/ON_seed12_x560_720_t36.log
Local_CID_ZONE_K1_W5,Local_CID_ZONE,1,5,12,8,NO,NO,YES,veremi_fp_only,17.916,8|1,/home/srmap/research/projects/v2x-multiuav-trust/results/scalability_N10_AR50_guarded_cusum_15seed/ON_seed12_x560_720_t36.log
Local_CID_ZONE_K1_W5,Local_CID_ZONE,1,5,12,9,YES,YES,YES,caught_by_both,20.346,9|1,/home/srmap/research/projects/v2x-multiuav-trust/results/scalability_N10_AR50_guarded_cusum_15seed/ON_seed12_x560_720_t36.log
Local_CID_ZONE_K2_W5,Local_CID_ZONE,2,5,12,0,YES,YES,YES,caught_by_both,24.243,0|1,/home/srmap/research/projects/v2x-multiuav-trust/results/scalability_N10_AR50_guarded_cusum_15seed/ON_seed12_x560_720_t36.log
Local_CID_ZONE_K2_W5,Local_CID_ZONE,2,5,12,1,YES,YES,YES,caught_by_both,25.445,1|1,/home/srmap/research/projects/v2x-multiuav-trust/results/scalability_N10_AR50_guarded_cusum_15seed/ON_seed12_x560_720_t36.log
Local_CID_ZONE_K2_W5,Local_CID_ZONE,2,5,12,2,YES,YES,YES,caught_by_both,26.024,2|1,/home/srmap/research/projects/v2x-multiuav-trust/results/scalability_N10_AR50_guarded_cusum_15seed/ON_seed12_x560_720_t36.log
Local_CID_ZONE_K2_W5,Local_CID_ZONE,2,5,12,3,YES,YES,YES,caught_by_both,26.444,3|1,/home/srmap/research/projects/v2x-multiuav-trust/results/scalability_N10_AR50_guarded_cusum_15seed/ON_seed12_x560_720_t36.log
Local_CID_ZONE_K2_W5,Local_CID_ZONE,2,5,12,4,NO,NO,NO,honest_clean,,,/home/srmap/research/projects/v2x-multiuav-trust/results/scalability_N10_AR50_guarded_cusum_15seed/ON_seed12_x560_720_t36.log
Local_CID_ZONE_K2_W5,Local_CID_ZONE,2,5,12,5,YES,YES,YES,caught_by_both,24.039,5|1,/home/srmap/research/projects/v2x-multiuav-trust/results/scalability_N10_AR50_guarded_cusum_15seed/ON_seed12_x560_720_t36.log
Local_CID_ZONE_K2_W5,Local_CID_ZONE,2,5,12,6,NO,NO,NO,honest_clean,,,/home/srmap/research/projects/v2x-multiuav-trust/results/scalability_N10_AR50_guarded_cusum_15seed/ON_seed12_x560_720_t36.log
Local_CID_ZONE_K2_W5,Local_CID_ZONE,2,5,12,7,YES,YES,YES,caught_by_both,25.286,7|1,/home/srmap/research/projects/v2x-multiuav-trust/results/scalability_N10_AR50_guarded_cusum_15seed/ON_seed12_x560_720_t36.log
Local_CID_ZONE_K2_W5,Local_CID_ZONE,2,5,12,8,NO,NO,NO,honest_clean,,,/home/srmap/research/projects/v2x-multiuav-trust/results/scalability_N10_AR50_guarded_cusum_15seed/ON_seed12_x560_720_t36.log
Local_CID_ZONE_K2_W5,Local_CID_ZONE,2,5,12,9,YES,YES,YES,caught_by_both,25.846,9|1,/home/srmap/research/projects/v2x-multiuav-trust/results/scalability_N10_AR50_guarded_cusum_15seed/ON_seed12_x560_720_t36.log
Local_CID_ZONE_K3_W5,Local_CID_ZONE,3,5,12,0,YES,YES,YES,caught_by_both,25.744,0|1,/home/srmap/research/projects/v2x-multiuav-trust/results/scalability_N10_AR50_guarded_cusum_15seed/ON_seed12_x560_720_t36.log
Local_CID_ZONE_K3_W5,Local_CID_ZONE,3,5,12,1,YES,YES,YES,caught_by_both,26.445,1|1,/home/srmap/research/projects/v2x-multiuav-trust/results/scalability_N10_AR50_guarded_cusum_15seed/ON_seed12_x560_720_t36.log
Local_CID_ZONE_K3_W5,Local_CID_ZONE,3,5,12,2,YES,YES,YES,caught_by_both,27.024,2|1,/home/srmap/research/projects/v2x-multiuav-trust/results/scalability_N10_AR50_guarded_cusum_15seed/ON_seed12_x560_720_t36.log
Local_CID_ZONE_K3_W5,Local_CID_ZONE,3,5,12,3,YES,YES,YES,caught_by_both,27.444,3|1,/home/srmap/research/projects/v2x-multiuav-trust/results/scalability_N10_AR50_guarded_cusum_15seed/ON_seed12_x560_720_t36.log
Local_CID_ZONE_K3_W5,Local_CID_ZONE,3,5,12,4,NO,NO,NO,honest_clean,,,/home/srmap/research/projects/v2x-multiuav-trust/results/scalability_N10_AR50_guarded_cusum_15seed/ON_seed12_x560_720_t36.log
Local_CID_ZONE_K3_W5,Local_CID_ZONE,3,5,12,5,YES,YES,YES,caught_by_both,24.537,5|1,/home/srmap/research/projects/v2x-multiuav-trust/results/scalability_N10_AR50_guarded_cusum_15seed/ON_seed12_x560_720_t36.log
Local_CID_ZONE_K3_W5,Local_CID_ZONE,3,5,12,6,NO,NO,NO,honest_clean,,,/home/srmap/research/projects/v2x-multiuav-trust/results/scalability_N10_AR50_guarded_cusum_15seed/ON_seed12_x560_720_t36.log
Local_CID_ZONE_K3_W5,Local_CID_ZONE,3,5,12,7,YES,YES,YES,caught_by_both,26.286,7|1,/home/srmap/research/projects/v2x-multiuav-trust/results/scalability_N10_AR50_guarded_cusum_15seed/ON_seed12_x560_720_t36.log
Local_CID_ZONE_K3_W5,Local_CID_ZONE,3,5,12,8,NO,NO,NO,honest_clean,,,/home/srmap/research/projects/v2x-multiuav-trust/results/scalability_N10_AR50_guarded_cusum_15seed/ON_seed12_x560_720_t36.log
Local_CID_ZONE_K3_W5,Local_CID_ZONE,3,5,12,9,YES,YES,YES,caught_by_both,26.849,9|1,/home/srmap/research/projects/v2x-multiuav-trust/results/scalability_N10_AR50_guarded_cusum_15seed/ON_seed12_x560_720_t36.log
Centralized_CID_K1_W5,Centralized_CID,1,5,13,0,YES,YES,YES,caught_by_both,12.344,0,/home/srmap/research/projects/v2x-multiuav-trust/results/scalability_N10_AR50_guarded_cusum_15seed/ON_seed13_x560_720_t36.log
Centralized_CID_K1_W5,Centralized_CID,1,5,13,1,YES,YES,YES,caught_by_both,13.944,1,/home/srmap/research/projects/v2x-multiuav-trust/results/scalability_N10_AR50_guarded_cusum_15seed/ON_seed13_x560_720_t36.log
Centralized_CID_K1_W5,Centralized_CID,1,5,13,2,YES,YES,YES,caught_by_both,15.944,2,/home/srmap/research/projects/v2x-multiuav-trust/results/scalability_N10_AR50_guarded_cusum_15seed/ON_seed13_x560_720_t36.log
Centralized_CID_K1_W5,Centralized_CID,1,5,13,3,YES,YES,YES,caught_by_both,18.034,3,/home/srmap/research/projects/v2x-multiuav-trust/results/scalability_N10_AR50_guarded_cusum_15seed/ON_seed13_x560_720_t36.log
Centralized_CID_K1_W5,Centralized_CID,1,5,13,4,YES,YES,YES,caught_by_both,19.964,4,/home/srmap/research/projects/v2x-multiuav-trust/results/scalability_N10_AR50_guarded_cusum_15seed/ON_seed13_x560_720_t36.log
Centralized_CID_K1_W5,Centralized_CID,1,5,13,5,YES,YES,YES,caught_by_both,12.266,5,/home/srmap/research/projects/v2x-multiuav-trust/results/scalability_N10_AR50_guarded_cusum_15seed/ON_seed13_x560_720_t36.log
Centralized_CID_K1_W5,Centralized_CID,1,5,13,6,YES,YES,YES,caught_by_both,14.116,6,/home/srmap/research/projects/v2x-multiuav-trust/results/scalability_N10_AR50_guarded_cusum_15seed/ON_seed13_x560_720_t36.log
Centralized_CID_K1_W5,Centralized_CID,1,5,13,7,NO,NO,YES,veremi_fp_only,16.135,7,/home/srmap/research/projects/v2x-multiuav-trust/results/scalability_N10_AR50_guarded_cusum_15seed/ON_seed13_x560_720_t36.log
Centralized_CID_K1_W5,Centralized_CID,1,5,13,8,NO,NO,YES,veremi_fp_only,18.326,8,/home/srmap/research/projects/v2x-multiuav-trust/results/scalability_N10_AR50_guarded_cusum_15seed/ON_seed13_x560_720_t36.log
Centralized_CID_K1_W5,Centralized_CID,1,5,13,9,NO,NO,YES,veremi_fp_only,20.156,9,/home/srmap/research/projects/v2x-multiuav-trust/results/scalability_N10_AR50_guarded_cusum_15seed/ON_seed13_x560_720_t36.log
Centralized_CID_K2_W5,Centralized_CID,2,5,13,0,YES,YES,YES,caught_by_both,23.844,0,/home/srmap/research/projects/v2x-multiuav-trust/results/scalability_N10_AR50_guarded_cusum_15seed/ON_seed13_x560_720_t36.log
Centralized_CID_K2_W5,Centralized_CID,2,5,13,1,YES,YES,YES,caught_by_both,25.444,1,/home/srmap/research/projects/v2x-multiuav-trust/results/scalability_N10_AR50_guarded_cusum_15seed/ON_seed13_x560_720_t36.log
Centralized_CID_K2_W5,Centralized_CID,2,5,13,2,YES,YES,YES,caught_by_both,25.944,2,/home/srmap/research/projects/v2x-multiuav-trust/results/scalability_N10_AR50_guarded_cusum_15seed/ON_seed13_x560_720_t36.log
Centralized_CID_K2_W5,Centralized_CID,2,5,13,3,YES,YES,YES,caught_by_both,26.034,3,/home/srmap/research/projects/v2x-multiuav-trust/results/scalability_N10_AR50_guarded_cusum_15seed/ON_seed13_x560_720_t36.log
Centralized_CID_K2_W5,Centralized_CID,2,5,13,4,YES,YES,YES,caught_by_both,26.466,4,/home/srmap/research/projects/v2x-multiuav-trust/results/scalability_N10_AR50_guarded_cusum_15seed/ON_seed13_x560_720_t36.log
Centralized_CID_K2_W5,Centralized_CID,2,5,13,5,YES,YES,YES,caught_by_both,24.266,5,/home/srmap/research/projects/v2x-multiuav-trust/results/scalability_N10_AR50_guarded_cusum_15seed/ON_seed13_x560_720_t36.log
Centralized_CID_K2_W5,Centralized_CID,2,5,13,6,YES,YES,YES,caught_by_both,24.616,6,/home/srmap/research/projects/v2x-multiuav-trust/results/scalability_N10_AR50_guarded_cusum_15seed/ON_seed13_x560_720_t36.log
Centralized_CID_K2_W5,Centralized_CID,2,5,13,7,NO,NO,YES,veremi_fp_only,28.136,7,/home/srmap/research/projects/v2x-multiuav-trust/results/scalability_N10_AR50_guarded_cusum_15seed/ON_seed13_x560_720_t36.log
Centralized_CID_K2_W5,Centralized_CID,2,5,13,8,NO,NO,YES,veremi_fp_only,29.826,8,/home/srmap/research/projects/v2x-multiuav-trust/results/scalability_N10_AR50_guarded_cusum_15seed/ON_seed13_x560_720_t36.log
Centralized_CID_K2_W5,Centralized_CID,2,5,13,9,NO,NO,YES,veremi_fp_only,32.156,9,/home/srmap/research/projects/v2x-multiuav-trust/results/scalability_N10_AR50_guarded_cusum_15seed/ON_seed13_x560_720_t36.log
Centralized_CID_K3_W5,Centralized_CID,3,5,13,0,YES,YES,YES,caught_by_both,25.844,0,/home/srmap/research/projects/v2x-multiuav-trust/results/scalability_N10_AR50_guarded_cusum_15seed/ON_seed13_x560_720_t36.log
Centralized_CID_K3_W5,Centralized_CID,3,5,13,1,YES,YES,YES,caught_by_both,26.444,1,/home/srmap/research/projects/v2x-multiuav-trust/results/scalability_N10_AR50_guarded_cusum_15seed/ON_seed13_x560_720_t36.log
Centralized_CID_K3_W5,Centralized_CID,3,5,13,2,YES,YES,YES,caught_by_both,26.944,2,/home/srmap/research/projects/v2x-multiuav-trust/results/scalability_N10_AR50_guarded_cusum_15seed/ON_seed13_x560_720_t36.log
Centralized_CID_K3_W5,Centralized_CID,3,5,13,3,YES,YES,YES,caught_by_both,27.034,3,/home/srmap/research/projects/v2x-multiuav-trust/results/scalability_N10_AR50_guarded_cusum_15seed/ON_seed13_x560_720_t36.log
Centralized_CID_K3_W5,Centralized_CID,3,5,13,4,YES,YES,YES,caught_by_both,27.464,4,/home/srmap/research/projects/v2x-multiuav-trust/results/scalability_N10_AR50_guarded_cusum_15seed/ON_seed13_x560_720_t36.log
Centralized_CID_K3_W5,Centralized_CID,3,5,13,5,YES,YES,YES,caught_by_both,25.266,5,/home/srmap/research/projects/v2x-multiuav-trust/results/scalability_N10_AR50_guarded_cusum_15seed/ON_seed13_x560_720_t36.log
Centralized_CID_K3_W5,Centralized_CID,3,5,13,6,YES,YES,YES,caught_by_both,25.616,6,/home/srmap/research/projects/v2x-multiuav-trust/results/scalability_N10_AR50_guarded_cusum_15seed/ON_seed13_x560_720_t36.log
Centralized_CID_K3_W5,Centralized_CID,3,5,13,7,NO,NO,NO,honest_clean,,,/home/srmap/research/projects/v2x-multiuav-trust/results/scalability_N10_AR50_guarded_cusum_15seed/ON_seed13_x560_720_t36.log
Centralized_CID_K3_W5,Centralized_CID,3,5,13,8,NO,NO,NO,honest_clean,,,/home/srmap/research/projects/v2x-multiuav-trust/results/scalability_N10_AR50_guarded_cusum_15seed/ON_seed13_x560_720_t36.log
Centralized_CID_K3_W5,Centralized_CID,3,5,13,9,NO,NO,NO,honest_clean,,,/home/srmap/research/projects/v2x-multiuav-trust/results/scalability_N10_AR50_guarded_cusum_15seed/ON_seed13_x560_720_t36.log
Local_CID_RXUAV_K1_W5,Local_CID_RXUAV,1,5,13,0,YES,YES,YES,caught_by_both,12.344,0|1,/home/srmap/research/projects/v2x-multiuav-trust/results/scalability_N10_AR50_guarded_cusum_15seed/ON_seed13_x560_720_t36.log
Local_CID_RXUAV_K1_W5,Local_CID_RXUAV,1,5,13,1,YES,YES,YES,caught_by_both,13.944,1|1,/home/srmap/research/projects/v2x-multiuav-trust/results/scalability_N10_AR50_guarded_cusum_15seed/ON_seed13_x560_720_t36.log
Local_CID_RXUAV_K1_W5,Local_CID_RXUAV,1,5,13,2,YES,YES,YES,caught_by_both,15.944,2|1,/home/srmap/research/projects/v2x-multiuav-trust/results/scalability_N10_AR50_guarded_cusum_15seed/ON_seed13_x560_720_t36.log
Local_CID_RXUAV_K1_W5,Local_CID_RXUAV,1,5,13,3,YES,YES,YES,caught_by_both,18.034,3|1,/home/srmap/research/projects/v2x-multiuav-trust/results/scalability_N10_AR50_guarded_cusum_15seed/ON_seed13_x560_720_t36.log
Local_CID_RXUAV_K1_W5,Local_CID_RXUAV,1,5,13,4,YES,YES,YES,caught_by_both,19.964,4|1,/home/srmap/research/projects/v2x-multiuav-trust/results/scalability_N10_AR50_guarded_cusum_15seed/ON_seed13_x560_720_t36.log
Local_CID_RXUAV_K1_W5,Local_CID_RXUAV,1,5,13,5,YES,YES,YES,caught_by_both,12.266,5|1,/home/srmap/research/projects/v2x-multiuav-trust/results/scalability_N10_AR50_guarded_cusum_15seed/ON_seed13_x560_720_t36.log
Local_CID_RXUAV_K1_W5,Local_CID_RXUAV,1,5,13,6,YES,YES,YES,caught_by_both,14.116,6|1,/home/srmap/research/projects/v2x-multiuav-trust/results/scalability_N10_AR50_guarded_cusum_15seed/ON_seed13_x560_720_t36.log
Local_CID_RXUAV_K1_W5,Local_CID_RXUAV,1,5,13,7,NO,NO,YES,veremi_fp_only,16.135,7|1,/home/srmap/research/projects/v2x-multiuav-trust/results/scalability_N10_AR50_guarded_cusum_15seed/ON_seed13_x560_720_t36.log
Local_CID_RXUAV_K1_W5,Local_CID_RXUAV,1,5,13,8,NO,NO,YES,veremi_fp_only,18.326,8|1,/home/srmap/research/projects/v2x-multiuav-trust/results/scalability_N10_AR50_guarded_cusum_15seed/ON_seed13_x560_720_t36.log
Local_CID_RXUAV_K1_W5,Local_CID_RXUAV,1,5,13,9,NO,NO,YES,veremi_fp_only,20.156,9|1,/home/srmap/research/projects/v2x-multiuav-trust/results/scalability_N10_AR50_guarded_cusum_15seed/ON_seed13_x560_720_t36.log
Local_CID_RXUAV_K2_W5,Local_CID_RXUAV,2,5,13,0,YES,YES,YES,caught_by_both,23.844,0|1,/home/srmap/research/projects/v2x-multiuav-trust/results/scalability_N10_AR50_guarded_cusum_15seed/ON_seed13_x560_720_t36.log
Local_CID_RXUAV_K2_W5,Local_CID_RXUAV,2,5,13,1,YES,YES,YES,caught_by_both,25.444,1|1,/home/srmap/research/projects/v2x-multiuav-trust/results/scalability_N10_AR50_guarded_cusum_15seed/ON_seed13_x560_720_t36.log
Local_CID_RXUAV_K2_W5,Local_CID_RXUAV,2,5,13,2,YES,YES,YES,caught_by_both,25.944,2|1,/home/srmap/research/projects/v2x-multiuav-trust/results/scalability_N10_AR50_guarded_cusum_15seed/ON_seed13_x560_720_t36.log
Local_CID_RXUAV_K2_W5,Local_CID_RXUAV,2,5,13,3,YES,YES,YES,caught_by_both,26.034,3|1,/home/srmap/research/projects/v2x-multiuav-trust/results/scalability_N10_AR50_guarded_cusum_15seed/ON_seed13_x560_720_t36.log
Local_CID_RXUAV_K2_W5,Local_CID_RXUAV,2,5,13,4,YES,YES,YES,caught_by_both,26.466,4|1,/home/srmap/research/projects/v2x-multiuav-trust/results/scalability_N10_AR50_guarded_cusum_15seed/ON_seed13_x560_720_t36.log
Local_CID_RXUAV_K2_W5,Local_CID_RXUAV,2,5,13,5,YES,YES,YES,caught_by_both,24.266,5|1,/home/srmap/research/projects/v2x-multiuav-trust/results/scalability_N10_AR50_guarded_cusum_15seed/ON_seed13_x560_720_t36.log
Local_CID_RXUAV_K2_W5,Local_CID_RXUAV,2,5,13,6,YES,YES,YES,caught_by_both,24.616,6|1,/home/srmap/research/projects/v2x-multiuav-trust/results/scalability_N10_AR50_guarded_cusum_15seed/ON_seed13_x560_720_t36.log
Local_CID_RXUAV_K2_W5,Local_CID_RXUAV,2,5,13,7,NO,NO,NO,honest_clean,,,/home/srmap/research/projects/v2x-multiuav-trust/results/scalability_N10_AR50_guarded_cusum_15seed/ON_seed13_x560_720_t36.log
Local_CID_RXUAV_K2_W5,Local_CID_RXUAV,2,5,13,8,NO,NO,NO,honest_clean,,,/home/srmap/research/projects/v2x-multiuav-trust/results/scalability_N10_AR50_guarded_cusum_15seed/ON_seed13_x560_720_t36.log
Local_CID_RXUAV_K2_W5,Local_CID_RXUAV,2,5,13,9,NO,NO,NO,honest_clean,,,/home/srmap/research/projects/v2x-multiuav-trust/results/scalability_N10_AR50_guarded_cusum_15seed/ON_seed13_x560_720_t36.log
Local_CID_RXUAV_K3_W5,Local_CID_RXUAV,3,5,13,0,YES,YES,YES,caught_by_both,25.844,0|1,/home/srmap/research/projects/v2x-multiuav-trust/results/scalability_N10_AR50_guarded_cusum_15seed/ON_seed13_x560_720_t36.log
Local_CID_RXUAV_K3_W5,Local_CID_RXUAV,3,5,13,1,YES,YES,YES,caught_by_both,26.444,1|1,/home/srmap/research/projects/v2x-multiuav-trust/results/scalability_N10_AR50_guarded_cusum_15seed/ON_seed13_x560_720_t36.log
Local_CID_RXUAV_K3_W5,Local_CID_RXUAV,3,5,13,2,YES,YES,YES,caught_by_both,26.944,2|1,/home/srmap/research/projects/v2x-multiuav-trust/results/scalability_N10_AR50_guarded_cusum_15seed/ON_seed13_x560_720_t36.log
Local_CID_RXUAV_K3_W5,Local_CID_RXUAV,3,5,13,3,YES,YES,YES,caught_by_both,27.034,3|1,/home/srmap/research/projects/v2x-multiuav-trust/results/scalability_N10_AR50_guarded_cusum_15seed/ON_seed13_x560_720_t36.log
Local_CID_RXUAV_K3_W5,Local_CID_RXUAV,3,5,13,4,YES,YES,YES,caught_by_both,27.464,4|1,/home/srmap/research/projects/v2x-multiuav-trust/results/scalability_N10_AR50_guarded_cusum_15seed/ON_seed13_x560_720_t36.log
Local_CID_RXUAV_K3_W5,Local_CID_RXUAV,3,5,13,5,YES,YES,YES,caught_by_both,25.266,5|1,/home/srmap/research/projects/v2x-multiuav-trust/results/scalability_N10_AR50_guarded_cusum_15seed/ON_seed13_x560_720_t36.log
Local_CID_RXUAV_K3_W5,Local_CID_RXUAV,3,5,13,6,YES,YES,YES,caught_by_both,25.616,6|1,/home/srmap/research/projects/v2x-multiuav-trust/results/scalability_N10_AR50_guarded_cusum_15seed/ON_seed13_x560_720_t36.log
Local_CID_RXUAV_K3_W5,Local_CID_RXUAV,3,5,13,7,NO,NO,NO,honest_clean,,,/home/srmap/research/projects/v2x-multiuav-trust/results/scalability_N10_AR50_guarded_cusum_15seed/ON_seed13_x560_720_t36.log
Local_CID_RXUAV_K3_W5,Local_CID_RXUAV,3,5,13,8,NO,NO,NO,honest_clean,,,/home/srmap/research/projects/v2x-multiuav-trust/results/scalability_N10_AR50_guarded_cusum_15seed/ON_seed13_x560_720_t36.log
Local_CID_RXUAV_K3_W5,Local_CID_RXUAV,3,5,13,9,NO,NO,NO,honest_clean,,,/home/srmap/research/projects/v2x-multiuav-trust/results/scalability_N10_AR50_guarded_cusum_15seed/ON_seed13_x560_720_t36.log
Local_CID_ZONE_K1_W5,Local_CID_ZONE,1,5,13,0,YES,YES,YES,caught_by_both,12.344,0|1,/home/srmap/research/projects/v2x-multiuav-trust/results/scalability_N10_AR50_guarded_cusum_15seed/ON_seed13_x560_720_t36.log
Local_CID_ZONE_K1_W5,Local_CID_ZONE,1,5,13,1,YES,YES,YES,caught_by_both,13.944,1|1,/home/srmap/research/projects/v2x-multiuav-trust/results/scalability_N10_AR50_guarded_cusum_15seed/ON_seed13_x560_720_t36.log
Local_CID_ZONE_K1_W5,Local_CID_ZONE,1,5,13,2,YES,YES,YES,caught_by_both,15.944,2|1,/home/srmap/research/projects/v2x-multiuav-trust/results/scalability_N10_AR50_guarded_cusum_15seed/ON_seed13_x560_720_t36.log
Local_CID_ZONE_K1_W5,Local_CID_ZONE,1,5,13,3,YES,YES,YES,caught_by_both,18.034,3|1,/home/srmap/research/projects/v2x-multiuav-trust/results/scalability_N10_AR50_guarded_cusum_15seed/ON_seed13_x560_720_t36.log
Local_CID_ZONE_K1_W5,Local_CID_ZONE,1,5,13,4,YES,YES,YES,caught_by_both,19.964,4|1,/home/srmap/research/projects/v2x-multiuav-trust/results/scalability_N10_AR50_guarded_cusum_15seed/ON_seed13_x560_720_t36.log
Local_CID_ZONE_K1_W5,Local_CID_ZONE,1,5,13,5,YES,YES,YES,caught_by_both,12.266,5|1,/home/srmap/research/projects/v2x-multiuav-trust/results/scalability_N10_AR50_guarded_cusum_15seed/ON_seed13_x560_720_t36.log
Local_CID_ZONE_K1_W5,Local_CID_ZONE,1,5,13,6,YES,YES,YES,caught_by_both,14.116,6|1,/home/srmap/research/projects/v2x-multiuav-trust/results/scalability_N10_AR50_guarded_cusum_15seed/ON_seed13_x560_720_t36.log
Local_CID_ZONE_K1_W5,Local_CID_ZONE,1,5,13,7,NO,NO,YES,veremi_fp_only,16.135,7|1,/home/srmap/research/projects/v2x-multiuav-trust/results/scalability_N10_AR50_guarded_cusum_15seed/ON_seed13_x560_720_t36.log
Local_CID_ZONE_K1_W5,Local_CID_ZONE,1,5,13,8,NO,NO,YES,veremi_fp_only,18.326,8|1,/home/srmap/research/projects/v2x-multiuav-trust/results/scalability_N10_AR50_guarded_cusum_15seed/ON_seed13_x560_720_t36.log
Local_CID_ZONE_K1_W5,Local_CID_ZONE,1,5,13,9,NO,NO,YES,veremi_fp_only,20.156,9|1,/home/srmap/research/projects/v2x-multiuav-trust/results/scalability_N10_AR50_guarded_cusum_15seed/ON_seed13_x560_720_t36.log
Local_CID_ZONE_K2_W5,Local_CID_ZONE,2,5,13,0,YES,YES,YES,caught_by_both,23.844,0|1,/home/srmap/research/projects/v2x-multiuav-trust/results/scalability_N10_AR50_guarded_cusum_15seed/ON_seed13_x560_720_t36.log
Local_CID_ZONE_K2_W5,Local_CID_ZONE,2,5,13,1,YES,YES,YES,caught_by_both,25.444,1|1,/home/srmap/research/projects/v2x-multiuav-trust/results/scalability_N10_AR50_guarded_cusum_15seed/ON_seed13_x560_720_t36.log
Local_CID_ZONE_K2_W5,Local_CID_ZONE,2,5,13,2,YES,YES,YES,caught_by_both,25.944,2|1,/home/srmap/research/projects/v2x-multiuav-trust/results/scalability_N10_AR50_guarded_cusum_15seed/ON_seed13_x560_720_t36.log
Local_CID_ZONE_K2_W5,Local_CID_ZONE,2,5,13,3,YES,YES,YES,caught_by_both,26.034,3|1,/home/srmap/research/projects/v2x-multiuav-trust/results/scalability_N10_AR50_guarded_cusum_15seed/ON_seed13_x560_720_t36.log
Local_CID_ZONE_K2_W5,Local_CID_ZONE,2,5,13,4,YES,YES,YES,caught_by_both,26.466,4|1,/home/srmap/research/projects/v2x-multiuav-trust/results/scalability_N10_AR50_guarded_cusum_15seed/ON_seed13_x560_720_t36.log
Local_CID_ZONE_K2_W5,Local_CID_ZONE,2,5,13,5,YES,YES,YES,caught_by_both,24.266,5|1,/home/srmap/research/projects/v2x-multiuav-trust/results/scalability_N10_AR50_guarded_cusum_15seed/ON_seed13_x560_720_t36.log
Local_CID_ZONE_K2_W5,Local_CID_ZONE,2,5,13,6,YES,YES,YES,caught_by_both,24.616,6|1,/home/srmap/research/projects/v2x-multiuav-trust/results/scalability_N10_AR50_guarded_cusum_15seed/ON_seed13_x560_720_t36.log
Local_CID_ZONE_K2_W5,Local_CID_ZONE,2,5,13,7,NO,NO,NO,honest_clean,,,/home/srmap/research/projects/v2x-multiuav-trust/results/scalability_N10_AR50_guarded_cusum_15seed/ON_seed13_x560_720_t36.log
Local_CID_ZONE_K2_W5,Local_CID_ZONE,2,5,13,8,NO,NO,NO,honest_clean,,,/home/srmap/research/projects/v2x-multiuav-trust/results/scalability_N10_AR50_guarded_cusum_15seed/ON_seed13_x560_720_t36.log
Local_CID_ZONE_K2_W5,Local_CID_ZONE,2,5,13,9,NO,NO,NO,honest_clean,,,/home/srmap/research/projects/v2x-multiuav-trust/results/scalability_N10_AR50_guarded_cusum_15seed/ON_seed13_x560_720_t36.log
Local_CID_ZONE_K3_W5,Local_CID_ZONE,3,5,13,0,YES,YES,YES,caught_by_both,25.844,0|1,/home/srmap/research/projects/v2x-multiuav-trust/results/scalability_N10_AR50_guarded_cusum_15seed/ON_seed13_x560_720_t36.log
Local_CID_ZONE_K3_W5,Local_CID_ZONE,3,5,13,1,YES,YES,YES,caught_by_both,26.444,1|1,/home/srmap/research/projects/v2x-multiuav-trust/results/scalability_N10_AR50_guarded_cusum_15seed/ON_seed13_x560_720_t36.log
Local_CID_ZONE_K3_W5,Local_CID_ZONE,3,5,13,2,YES,YES,YES,caught_by_both,26.944,2|1,/home/srmap/research/projects/v2x-multiuav-trust/results/scalability_N10_AR50_guarded_cusum_15seed/ON_seed13_x560_720_t36.log
Local_CID_ZONE_K3_W5,Local_CID_ZONE,3,5,13,3,YES,YES,YES,caught_by_both,27.034,3|1,/home/srmap/research/projects/v2x-multiuav-trust/results/scalability_N10_AR50_guarded_cusum_15seed/ON_seed13_x560_720_t36.log
Local_CID_ZONE_K3_W5,Local_CID_ZONE,3,5,13,4,YES,YES,YES,caught_by_both,27.464,4|1,/home/srmap/research/projects/v2x-multiuav-trust/results/scalability_N10_AR50_guarded_cusum_15seed/ON_seed13_x560_720_t36.log
Local_CID_ZONE_K3_W5,Local_CID_ZONE,3,5,13,5,YES,YES,YES,caught_by_both,25.266,5|1,/home/srmap/research/projects/v2x-multiuav-trust/results/scalability_N10_AR50_guarded_cusum_15seed/ON_seed13_x560_720_t36.log
Local_CID_ZONE_K3_W5,Local_CID_ZONE,3,5,13,6,YES,YES,YES,caught_by_both,25.616,6|1,/home/srmap/research/projects/v2x-multiuav-trust/results/scalability_N10_AR50_guarded_cusum_15seed/ON_seed13_x560_720_t36.log
Local_CID_ZONE_K3_W5,Local_CID_ZONE,3,5,13,7,NO,NO,NO,honest_clean,,,/home/srmap/research/projects/v2x-multiuav-trust/results/scalability_N10_AR50_guarded_cusum_15seed/ON_seed13_x560_720_t36.log
Local_CID_ZONE_K3_W5,Local_CID_ZONE,3,5,13,8,NO,NO,NO,honest_clean,,,/home/srmap/research/projects/v2x-multiuav-trust/results/scalability_N10_AR50_guarded_cusum_15seed/ON_seed13_x560_720_t36.log
Local_CID_ZONE_K3_W5,Local_CID_ZONE,3,5,13,9,NO,NO,NO,honest_clean,,,/home/srmap/research/projects/v2x-multiuav-trust/results/scalability_N10_AR50_guarded_cusum_15seed/ON_seed13_x560_720_t36.log
Centralized_CID_K1_W5,Centralized_CID,1,5,14,0,YES,YES,YES,caught_by_both,12.184,0,/home/srmap/research/projects/v2x-multiuav-trust/results/scalability_N10_AR50_guarded_cusum_15seed/ON_seed14_x560_720_t36.log
Centralized_CID_K1_W5,Centralized_CID,1,5,14,1,YES,YES,YES,caught_by_both,14.044,1,/home/srmap/research/projects/v2x-multiuav-trust/results/scalability_N10_AR50_guarded_cusum_15seed/ON_seed14_x560_720_t36.log
Centralized_CID_K1_W5,Centralized_CID,1,5,14,2,YES,YES,YES,caught_by_both,16.354,2,/home/srmap/research/projects/v2x-multiuav-trust/results/scalability_N10_AR50_guarded_cusum_15seed/ON_seed14_x560_720_t36.log
Centralized_CID_K1_W5,Centralized_CID,1,5,14,3,YES,YES,YES,caught_by_both,18.104,3,/home/srmap/research/projects/v2x-multiuav-trust/results/scalability_N10_AR50_guarded_cusum_15seed/ON_seed14_x560_720_t36.log
Centralized_CID_K1_W5,Centralized_CID,1,5,14,4,YES,YES,YES,caught_by_both,19.974,4,/home/srmap/research/projects/v2x-multiuav-trust/results/scalability_N10_AR50_guarded_cusum_15seed/ON_seed14_x560_720_t36.log
Centralized_CID_K1_W5,Centralized_CID,1,5,14,5,YES,YES,YES,caught_by_both,12.346,5,/home/srmap/research/projects/v2x-multiuav-trust/results/scalability_N10_AR50_guarded_cusum_15seed/ON_seed14_x560_720_t36.log
Centralized_CID_K1_W5,Centralized_CID,1,5,14,6,NO,NO,YES,veremi_fp_only,14.356,6,/home/srmap/research/projects/v2x-multiuav-trust/results/scalability_N10_AR50_guarded_cusum_15seed/ON_seed14_x560_720_t36.log
Centralized_CID_K1_W5,Centralized_CID,1,5,14,7,NO,NO,YES,veremi_fp_only,16.106,7,/home/srmap/research/projects/v2x-multiuav-trust/results/scalability_N10_AR50_guarded_cusum_15seed/ON_seed14_x560_720_t36.log
Centralized_CID_K1_W5,Centralized_CID,1,5,14,8,YES,YES,YES,caught_by_both,17.987,8,/home/srmap/research/projects/v2x-multiuav-trust/results/scalability_N10_AR50_guarded_cusum_15seed/ON_seed14_x560_720_t36.log
Centralized_CID_K1_W5,Centralized_CID,1,5,14,9,NO,NO,YES,veremi_fp_only,20.316,9,/home/srmap/research/projects/v2x-multiuav-trust/results/scalability_N10_AR50_guarded_cusum_15seed/ON_seed14_x560_720_t36.log
Centralized_CID_K2_W5,Centralized_CID,2,5,14,0,YES,YES,YES,caught_by_both,24.184,0,/home/srmap/research/projects/v2x-multiuav-trust/results/scalability_N10_AR50_guarded_cusum_15seed/ON_seed14_x560_720_t36.log
Centralized_CID_K2_W5,Centralized_CID,2,5,14,1,YES,YES,YES,caught_by_both,25.543,1,/home/srmap/research/projects/v2x-multiuav-trust/results/scalability_N10_AR50_guarded_cusum_15seed/ON_seed14_x560_720_t36.log
Centralized_CID_K2_W5,Centralized_CID,2,5,14,2,YES,YES,YES,caught_by_both,25.854,2,/home/srmap/research/projects/v2x-multiuav-trust/results/scalability_N10_AR50_guarded_cusum_15seed/ON_seed14_x560_720_t36.log
Centralized_CID_K2_W5,Centralized_CID,2,5,14,3,YES,YES,YES,caught_by_both,26.103,3,/home/srmap/research/projects/v2x-multiuav-trust/results/scalability_N10_AR50_guarded_cusum_15seed/ON_seed14_x560_720_t36.log
Centralized_CID_K2_W5,Centralized_CID,2,5,14,4,YES,YES,YES,caught_by_both,26.477,4,/home/srmap/research/projects/v2x-multiuav-trust/results/scalability_N10_AR50_guarded_cusum_15seed/ON_seed14_x560_720_t36.log
Centralized_CID_K2_W5,Centralized_CID,2,5,14,5,YES,YES,YES,caught_by_both,23.846,5,/home/srmap/research/projects/v2x-multiuav-trust/results/scalability_N10_AR50_guarded_cusum_15seed/ON_seed14_x560_720_t36.log
Centralized_CID_K2_W5,Centralized_CID,2,5,14,6,NO,NO,YES,veremi_fp_only,25.856,6,/home/srmap/research/projects/v2x-multiuav-trust/results/scalability_N10_AR50_guarded_cusum_15seed/ON_seed14_x560_720_t36.log
Centralized_CID_K2_W5,Centralized_CID,2,5,14,7,NO,NO,YES,veremi_fp_only,28.106,7,/home/srmap/research/projects/v2x-multiuav-trust/results/scalability_N10_AR50_guarded_cusum_15seed/ON_seed14_x560_720_t36.log
Centralized_CID_K2_W5,Centralized_CID,2,5,14,8,YES,YES,YES,caught_by_both,25.486,8,/home/srmap/research/projects/v2x-multiuav-trust/results/scalability_N10_AR50_guarded_cusum_15seed/ON_seed14_x560_720_t36.log
Centralized_CID_K2_W5,Centralized_CID,2,5,14,9,NO,NO,YES,veremi_fp_only,31.82,9,/home/srmap/research/projects/v2x-multiuav-trust/results/scalability_N10_AR50_guarded_cusum_15seed/ON_seed14_x560_720_t36.log
Centralized_CID_K3_W5,Centralized_CID,3,5,14,0,YES,YES,YES,caught_by_both,25.684,0,/home/srmap/research/projects/v2x-multiuav-trust/results/scalability_N10_AR50_guarded_cusum_15seed/ON_seed14_x560_720_t36.log
Centralized_CID_K3_W5,Centralized_CID,3,5,14,1,YES,YES,YES,caught_by_both,26.544,1,/home/srmap/research/projects/v2x-multiuav-trust/results/scalability_N10_AR50_guarded_cusum_15seed/ON_seed14_x560_720_t36.log
Centralized_CID_K3_W5,Centralized_CID,3,5,14,2,YES,YES,YES,caught_by_both,26.854,2,/home/srmap/research/projects/v2x-multiuav-trust/results/scalability_N10_AR50_guarded_cusum_15seed/ON_seed14_x560_720_t36.log
Centralized_CID_K3_W5,Centralized_CID,3,5,14,3,YES,YES,YES,caught_by_both,27.104,3,/home/srmap/research/projects/v2x-multiuav-trust/results/scalability_N10_AR50_guarded_cusum_15seed/ON_seed14_x560_720_t36.log
Centralized_CID_K3_W5,Centralized_CID,3,5,14,4,YES,YES,YES,caught_by_both,27.474,4,/home/srmap/research/projects/v2x-multiuav-trust/results/scalability_N10_AR50_guarded_cusum_15seed/ON_seed14_x560_720_t36.log
Centralized_CID_K3_W5,Centralized_CID,3,5,14,5,YES,YES,YES,caught_by_both,24.346,5,/home/srmap/research/projects/v2x-multiuav-trust/results/scalability_N10_AR50_guarded_cusum_15seed/ON_seed14_x560_720_t36.log
Centralized_CID_K3_W5,Centralized_CID,3,5,14,6,NO,NO,NO,honest_clean,,,/home/srmap/research/projects/v2x-multiuav-trust/results/scalability_N10_AR50_guarded_cusum_15seed/ON_seed14_x560_720_t36.log
Centralized_CID_K3_W5,Centralized_CID,3,5,14,7,NO,NO,NO,honest_clean,,,/home/srmap/research/projects/v2x-multiuav-trust/results/scalability_N10_AR50_guarded_cusum_15seed/ON_seed14_x560_720_t36.log
Centralized_CID_K3_W5,Centralized_CID,3,5,14,8,YES,YES,YES,caught_by_both,26.486,8,/home/srmap/research/projects/v2x-multiuav-trust/results/scalability_N10_AR50_guarded_cusum_15seed/ON_seed14_x560_720_t36.log
Centralized_CID_K3_W5,Centralized_CID,3,5,14,9,NO,NO,NO,honest_clean,,,/home/srmap/research/projects/v2x-multiuav-trust/results/scalability_N10_AR50_guarded_cusum_15seed/ON_seed14_x560_720_t36.log
Local_CID_RXUAV_K1_W5,Local_CID_RXUAV,1,5,14,0,YES,YES,YES,caught_by_both,12.184,0|1,/home/srmap/research/projects/v2x-multiuav-trust/results/scalability_N10_AR50_guarded_cusum_15seed/ON_seed14_x560_720_t36.log
Local_CID_RXUAV_K1_W5,Local_CID_RXUAV,1,5,14,1,YES,YES,YES,caught_by_both,14.044,1|1,/home/srmap/research/projects/v2x-multiuav-trust/results/scalability_N10_AR50_guarded_cusum_15seed/ON_seed14_x560_720_t36.log
Local_CID_RXUAV_K1_W5,Local_CID_RXUAV,1,5,14,2,YES,YES,YES,caught_by_both,16.354,2|1,/home/srmap/research/projects/v2x-multiuav-trust/results/scalability_N10_AR50_guarded_cusum_15seed/ON_seed14_x560_720_t36.log
Local_CID_RXUAV_K1_W5,Local_CID_RXUAV,1,5,14,3,YES,YES,YES,caught_by_both,18.104,3|1,/home/srmap/research/projects/v2x-multiuav-trust/results/scalability_N10_AR50_guarded_cusum_15seed/ON_seed14_x560_720_t36.log
Local_CID_RXUAV_K1_W5,Local_CID_RXUAV,1,5,14,4,YES,YES,YES,caught_by_both,19.974,4|1,/home/srmap/research/projects/v2x-multiuav-trust/results/scalability_N10_AR50_guarded_cusum_15seed/ON_seed14_x560_720_t36.log
Local_CID_RXUAV_K1_W5,Local_CID_RXUAV,1,5,14,5,YES,YES,YES,caught_by_both,12.346,5|1,/home/srmap/research/projects/v2x-multiuav-trust/results/scalability_N10_AR50_guarded_cusum_15seed/ON_seed14_x560_720_t36.log
Local_CID_RXUAV_K1_W5,Local_CID_RXUAV,1,5,14,6,NO,NO,YES,veremi_fp_only,14.356,6|1,/home/srmap/research/projects/v2x-multiuav-trust/results/scalability_N10_AR50_guarded_cusum_15seed/ON_seed14_x560_720_t36.log
Local_CID_RXUAV_K1_W5,Local_CID_RXUAV,1,5,14,7,NO,NO,YES,veremi_fp_only,16.106,7|1,/home/srmap/research/projects/v2x-multiuav-trust/results/scalability_N10_AR50_guarded_cusum_15seed/ON_seed14_x560_720_t36.log
Local_CID_RXUAV_K1_W5,Local_CID_RXUAV,1,5,14,8,YES,YES,YES,caught_by_both,17.987,8|1,/home/srmap/research/projects/v2x-multiuav-trust/results/scalability_N10_AR50_guarded_cusum_15seed/ON_seed14_x560_720_t36.log
Local_CID_RXUAV_K1_W5,Local_CID_RXUAV,1,5,14,9,NO,NO,YES,veremi_fp_only,20.316,9|1,/home/srmap/research/projects/v2x-multiuav-trust/results/scalability_N10_AR50_guarded_cusum_15seed/ON_seed14_x560_720_t36.log
Local_CID_RXUAV_K2_W5,Local_CID_RXUAV,2,5,14,0,YES,YES,YES,caught_by_both,24.184,0|1,/home/srmap/research/projects/v2x-multiuav-trust/results/scalability_N10_AR50_guarded_cusum_15seed/ON_seed14_x560_720_t36.log
Local_CID_RXUAV_K2_W5,Local_CID_RXUAV,2,5,14,1,YES,YES,YES,caught_by_both,25.543,1|1,/home/srmap/research/projects/v2x-multiuav-trust/results/scalability_N10_AR50_guarded_cusum_15seed/ON_seed14_x560_720_t36.log
Local_CID_RXUAV_K2_W5,Local_CID_RXUAV,2,5,14,2,YES,YES,YES,caught_by_both,25.854,2|1,/home/srmap/research/projects/v2x-multiuav-trust/results/scalability_N10_AR50_guarded_cusum_15seed/ON_seed14_x560_720_t36.log
Local_CID_RXUAV_K2_W5,Local_CID_RXUAV,2,5,14,3,YES,YES,YES,caught_by_both,26.103,3|1,/home/srmap/research/projects/v2x-multiuav-trust/results/scalability_N10_AR50_guarded_cusum_15seed/ON_seed14_x560_720_t36.log
Local_CID_RXUAV_K2_W5,Local_CID_RXUAV,2,5,14,4,YES,YES,YES,caught_by_both,26.477,4|1,/home/srmap/research/projects/v2x-multiuav-trust/results/scalability_N10_AR50_guarded_cusum_15seed/ON_seed14_x560_720_t36.log
Local_CID_RXUAV_K2_W5,Local_CID_RXUAV,2,5,14,5,YES,YES,YES,caught_by_both,23.846,5|1,/home/srmap/research/projects/v2x-multiuav-trust/results/scalability_N10_AR50_guarded_cusum_15seed/ON_seed14_x560_720_t36.log
Local_CID_RXUAV_K2_W5,Local_CID_RXUAV,2,5,14,6,NO,NO,YES,veremi_fp_only,25.856,6|1,/home/srmap/research/projects/v2x-multiuav-trust/results/scalability_N10_AR50_guarded_cusum_15seed/ON_seed14_x560_720_t36.log
Local_CID_RXUAV_K2_W5,Local_CID_RXUAV,2,5,14,7,NO,NO,NO,honest_clean,,,/home/srmap/research/projects/v2x-multiuav-trust/results/scalability_N10_AR50_guarded_cusum_15seed/ON_seed14_x560_720_t36.log
Local_CID_RXUAV_K2_W5,Local_CID_RXUAV,2,5,14,8,YES,YES,YES,caught_by_both,25.486,8|1,/home/srmap/research/projects/v2x-multiuav-trust/results/scalability_N10_AR50_guarded_cusum_15seed/ON_seed14_x560_720_t36.log
Local_CID_RXUAV_K2_W5,Local_CID_RXUAV,2,5,14,9,NO,NO,NO,honest_clean,,,/home/srmap/research/projects/v2x-multiuav-trust/results/scalability_N10_AR50_guarded_cusum_15seed/ON_seed14_x560_720_t36.log
Local_CID_RXUAV_K3_W5,Local_CID_RXUAV,3,5,14,0,YES,YES,YES,caught_by_both,25.684,0|1,/home/srmap/research/projects/v2x-multiuav-trust/results/scalability_N10_AR50_guarded_cusum_15seed/ON_seed14_x560_720_t36.log
Local_CID_RXUAV_K3_W5,Local_CID_RXUAV,3,5,14,1,YES,YES,YES,caught_by_both,26.544,1|1,/home/srmap/research/projects/v2x-multiuav-trust/results/scalability_N10_AR50_guarded_cusum_15seed/ON_seed14_x560_720_t36.log
Local_CID_RXUAV_K3_W5,Local_CID_RXUAV,3,5,14,2,YES,YES,YES,caught_by_both,26.854,2|1,/home/srmap/research/projects/v2x-multiuav-trust/results/scalability_N10_AR50_guarded_cusum_15seed/ON_seed14_x560_720_t36.log
Local_CID_RXUAV_K3_W5,Local_CID_RXUAV,3,5,14,3,YES,YES,YES,caught_by_both,27.104,3|1,/home/srmap/research/projects/v2x-multiuav-trust/results/scalability_N10_AR50_guarded_cusum_15seed/ON_seed14_x560_720_t36.log
Local_CID_RXUAV_K3_W5,Local_CID_RXUAV,3,5,14,4,YES,YES,YES,caught_by_both,27.474,4|1,/home/srmap/research/projects/v2x-multiuav-trust/results/scalability_N10_AR50_guarded_cusum_15seed/ON_seed14_x560_720_t36.log
Local_CID_RXUAV_K3_W5,Local_CID_RXUAV,3,5,14,5,YES,YES,YES,caught_by_both,24.346,5|1,/home/srmap/research/projects/v2x-multiuav-trust/results/scalability_N10_AR50_guarded_cusum_15seed/ON_seed14_x560_720_t36.log
Local_CID_RXUAV_K3_W5,Local_CID_RXUAV,3,5,14,6,NO,NO,NO,honest_clean,,,/home/srmap/research/projects/v2x-multiuav-trust/results/scalability_N10_AR50_guarded_cusum_15seed/ON_seed14_x560_720_t36.log
Local_CID_RXUAV_K3_W5,Local_CID_RXUAV,3,5,14,7,NO,NO,NO,honest_clean,,,/home/srmap/research/projects/v2x-multiuav-trust/results/scalability_N10_AR50_guarded_cusum_15seed/ON_seed14_x560_720_t36.log
Local_CID_RXUAV_K3_W5,Local_CID_RXUAV,3,5,14,8,YES,YES,YES,caught_by_both,26.486,8|1,/home/srmap/research/projects/v2x-multiuav-trust/results/scalability_N10_AR50_guarded_cusum_15seed/ON_seed14_x560_720_t36.log
Local_CID_RXUAV_K3_W5,Local_CID_RXUAV,3,5,14,9,NO,NO,NO,honest_clean,,,/home/srmap/research/projects/v2x-multiuav-trust/results/scalability_N10_AR50_guarded_cusum_15seed/ON_seed14_x560_720_t36.log
Local_CID_ZONE_K1_W5,Local_CID_ZONE,1,5,14,0,YES,YES,YES,caught_by_both,12.184,0|1,/home/srmap/research/projects/v2x-multiuav-trust/results/scalability_N10_AR50_guarded_cusum_15seed/ON_seed14_x560_720_t36.log
Local_CID_ZONE_K1_W5,Local_CID_ZONE,1,5,14,1,YES,YES,YES,caught_by_both,14.044,1|1,/home/srmap/research/projects/v2x-multiuav-trust/results/scalability_N10_AR50_guarded_cusum_15seed/ON_seed14_x560_720_t36.log
Local_CID_ZONE_K1_W5,Local_CID_ZONE,1,5,14,2,YES,YES,YES,caught_by_both,16.354,2|1,/home/srmap/research/projects/v2x-multiuav-trust/results/scalability_N10_AR50_guarded_cusum_15seed/ON_seed14_x560_720_t36.log
Local_CID_ZONE_K1_W5,Local_CID_ZONE,1,5,14,3,YES,YES,YES,caught_by_both,18.104,3|1,/home/srmap/research/projects/v2x-multiuav-trust/results/scalability_N10_AR50_guarded_cusum_15seed/ON_seed14_x560_720_t36.log
Local_CID_ZONE_K1_W5,Local_CID_ZONE,1,5,14,4,YES,YES,YES,caught_by_both,19.974,4|1,/home/srmap/research/projects/v2x-multiuav-trust/results/scalability_N10_AR50_guarded_cusum_15seed/ON_seed14_x560_720_t36.log
Local_CID_ZONE_K1_W5,Local_CID_ZONE,1,5,14,5,YES,YES,YES,caught_by_both,12.346,5|1,/home/srmap/research/projects/v2x-multiuav-trust/results/scalability_N10_AR50_guarded_cusum_15seed/ON_seed14_x560_720_t36.log
Local_CID_ZONE_K1_W5,Local_CID_ZONE,1,5,14,6,NO,NO,YES,veremi_fp_only,14.356,6|1,/home/srmap/research/projects/v2x-multiuav-trust/results/scalability_N10_AR50_guarded_cusum_15seed/ON_seed14_x560_720_t36.log
Local_CID_ZONE_K1_W5,Local_CID_ZONE,1,5,14,7,NO,NO,YES,veremi_fp_only,16.106,7|1,/home/srmap/research/projects/v2x-multiuav-trust/results/scalability_N10_AR50_guarded_cusum_15seed/ON_seed14_x560_720_t36.log
Local_CID_ZONE_K1_W5,Local_CID_ZONE,1,5,14,8,YES,YES,YES,caught_by_both,17.987,8|1,/home/srmap/research/projects/v2x-multiuav-trust/results/scalability_N10_AR50_guarded_cusum_15seed/ON_seed14_x560_720_t36.log
Local_CID_ZONE_K1_W5,Local_CID_ZONE,1,5,14,9,NO,NO,YES,veremi_fp_only,20.316,9|1,/home/srmap/research/projects/v2x-multiuav-trust/results/scalability_N10_AR50_guarded_cusum_15seed/ON_seed14_x560_720_t36.log
Local_CID_ZONE_K2_W5,Local_CID_ZONE,2,5,14,0,YES,YES,YES,caught_by_both,24.184,0|1,/home/srmap/research/projects/v2x-multiuav-trust/results/scalability_N10_AR50_guarded_cusum_15seed/ON_seed14_x560_720_t36.log
Local_CID_ZONE_K2_W5,Local_CID_ZONE,2,5,14,1,YES,YES,YES,caught_by_both,25.543,1|1,/home/srmap/research/projects/v2x-multiuav-trust/results/scalability_N10_AR50_guarded_cusum_15seed/ON_seed14_x560_720_t36.log
Local_CID_ZONE_K2_W5,Local_CID_ZONE,2,5,14,2,YES,YES,YES,caught_by_both,25.854,2|1,/home/srmap/research/projects/v2x-multiuav-trust/results/scalability_N10_AR50_guarded_cusum_15seed/ON_seed14_x560_720_t36.log
Local_CID_ZONE_K2_W5,Local_CID_ZONE,2,5,14,3,YES,YES,YES,caught_by_both,26.103,3|1,/home/srmap/research/projects/v2x-multiuav-trust/results/scalability_N10_AR50_guarded_cusum_15seed/ON_seed14_x560_720_t36.log
Local_CID_ZONE_K2_W5,Local_CID_ZONE,2,5,14,4,YES,YES,YES,caught_by_both,26.477,4|1,/home/srmap/research/projects/v2x-multiuav-trust/results/scalability_N10_AR50_guarded_cusum_15seed/ON_seed14_x560_720_t36.log
Local_CID_ZONE_K2_W5,Local_CID_ZONE,2,5,14,5,YES,YES,YES,caught_by_both,23.846,5|1,/home/srmap/research/projects/v2x-multiuav-trust/results/scalability_N10_AR50_guarded_cusum_15seed/ON_seed14_x560_720_t36.log
Local_CID_ZONE_K2_W5,Local_CID_ZONE,2,5,14,6,NO,NO,YES,veremi_fp_only,25.856,6|1,/home/srmap/research/projects/v2x-multiuav-trust/results/scalability_N10_AR50_guarded_cusum_15seed/ON_seed14_x560_720_t36.log
Local_CID_ZONE_K2_W5,Local_CID_ZONE,2,5,14,7,NO,NO,NO,honest_clean,,,/home/srmap/research/projects/v2x-multiuav-trust/results/scalability_N10_AR50_guarded_cusum_15seed/ON_seed14_x560_720_t36.log
Local_CID_ZONE_K2_W5,Local_CID_ZONE,2,5,14,8,YES,YES,YES,caught_by_both,25.486,8|1,/home/srmap/research/projects/v2x-multiuav-trust/results/scalability_N10_AR50_guarded_cusum_15seed/ON_seed14_x560_720_t36.log
Local_CID_ZONE_K2_W5,Local_CID_ZONE,2,5,14,9,NO,NO,NO,honest_clean,,,/home/srmap/research/projects/v2x-multiuav-trust/results/scalability_N10_AR50_guarded_cusum_15seed/ON_seed14_x560_720_t36.log
Local_CID_ZONE_K3_W5,Local_CID_ZONE,3,5,14,0,YES,YES,YES,caught_by_both,25.684,0|1,/home/srmap/research/projects/v2x-multiuav-trust/results/scalability_N10_AR50_guarded_cusum_15seed/ON_seed14_x560_720_t36.log
Local_CID_ZONE_K3_W5,Local_CID_ZONE,3,5,14,1,YES,YES,YES,caught_by_both,26.544,1|1,/home/srmap/research/projects/v2x-multiuav-trust/results/scalability_N10_AR50_guarded_cusum_15seed/ON_seed14_x560_720_t36.log
Local_CID_ZONE_K3_W5,Local_CID_ZONE,3,5,14,2,YES,YES,YES,caught_by_both,26.854,2|1,/home/srmap/research/projects/v2x-multiuav-trust/results/scalability_N10_AR50_guarded_cusum_15seed/ON_seed14_x560_720_t36.log
Local_CID_ZONE_K3_W5,Local_CID_ZONE,3,5,14,3,YES,YES,YES,caught_by_both,27.104,3|1,/home/srmap/research/projects/v2x-multiuav-trust/results/scalability_N10_AR50_guarded_cusum_15seed/ON_seed14_x560_720_t36.log
Local_CID_ZONE_K3_W5,Local_CID_ZONE,3,5,14,4,YES,YES,YES,caught_by_both,27.474,4|1,/home/srmap/research/projects/v2x-multiuav-trust/results/scalability_N10_AR50_guarded_cusum_15seed/ON_seed14_x560_720_t36.log
Local_CID_ZONE_K3_W5,Local_CID_ZONE,3,5,14,5,YES,YES,YES,caught_by_both,24.346,5|1,/home/srmap/research/projects/v2x-multiuav-trust/results/scalability_N10_AR50_guarded_cusum_15seed/ON_seed14_x560_720_t36.log
Local_CID_ZONE_K3_W5,Local_CID_ZONE,3,5,14,6,NO,NO,NO,honest_clean,,,/home/srmap/research/projects/v2x-multiuav-trust/results/scalability_N10_AR50_guarded_cusum_15seed/ON_seed14_x560_720_t36.log
Local_CID_ZONE_K3_W5,Local_CID_ZONE,3,5,14,7,NO,NO,NO,honest_clean,,,/home/srmap/research/projects/v2x-multiuav-trust/results/scalability_N10_AR50_guarded_cusum_15seed/ON_seed14_x560_720_t36.log
Local_CID_ZONE_K3_W5,Local_CID_ZONE,3,5,14,8,YES,YES,YES,caught_by_both,26.486,8|1,/home/srmap/research/projects/v2x-multiuav-trust/results/scalability_N10_AR50_guarded_cusum_15seed/ON_seed14_x560_720_t36.log
Local_CID_ZONE_K3_W5,Local_CID_ZONE,3,5,14,9,NO,NO,NO,honest_clean,,,/home/srmap/research/projects/v2x-multiuav-trust/results/scalability_N10_AR50_guarded_cusum_15seed/ON_seed14_x560_720_t36.log
Centralized_CID_K1_W5,Centralized_CID,1,5,15,0,YES,YES,YES,caught_by_both,12.124,0,/home/srmap/research/projects/v2x-multiuav-trust/results/scalability_N10_AR50_guarded_cusum_15seed/ON_seed15_x560_720_t36.log
Centralized_CID_K1_W5,Centralized_CID,1,5,15,1,YES,YES,YES,caught_by_both,14.384,1,/home/srmap/research/projects/v2x-multiuav-trust/results/scalability_N10_AR50_guarded_cusum_15seed/ON_seed15_x560_720_t36.log
Centralized_CID_K1_W5,Centralized_CID,1,5,15,2,YES,YES,YES,caught_by_both,16.104,2,/home/srmap/research/projects/v2x-multiuav-trust/results/scalability_N10_AR50_guarded_cusum_15seed/ON_seed15_x560_720_t36.log
Centralized_CID_K1_W5,Centralized_CID,1,5,15,3,NO,NO,YES,veremi_fp_only,17.914,3,/home/srmap/research/projects/v2x-multiuav-trust/results/scalability_N10_AR50_guarded_cusum_15seed/ON_seed15_x560_720_t36.log
Centralized_CID_K1_W5,Centralized_CID,1,5,15,4,NO,NO,YES,veremi_fp_only,20.144,4,/home/srmap/research/projects/v2x-multiuav-trust/results/scalability_N10_AR50_guarded_cusum_15seed/ON_seed15_x560_720_t36.log
Centralized_CID_K1_W5,Centralized_CID,1,5,15,5,YES,NO,NO,missed_by_both,,,/home/srmap/research/projects/v2x-multiuav-trust/results/scalability_N10_AR50_guarded_cusum_15seed/ON_seed15_x560_720_t36.log
Centralized_CID_K1_W5,Centralized_CID,1,5,15,6,NO,NO,YES,veremi_fp_only,14.306,6,/home/srmap/research/projects/v2x-multiuav-trust/results/scalability_N10_AR50_guarded_cusum_15seed/ON_seed15_x560_720_t36.log
Centralized_CID_K1_W5,Centralized_CID,1,5,15,7,YES,YES,YES,caught_by_both,15.986,7,/home/srmap/research/projects/v2x-multiuav-trust/results/scalability_N10_AR50_guarded_cusum_15seed/ON_seed15_x560_720_t36.log
Centralized_CID_K1_W5,Centralized_CID,1,5,15,8,YES,YES,YES,caught_by_both,17.966,8,/home/srmap/research/projects/v2x-multiuav-trust/results/scalability_N10_AR50_guarded_cusum_15seed/ON_seed15_x560_720_t36.log
Centralized_CID_K1_W5,Centralized_CID,1,5,15,9,YES,YES,YES,caught_by_both,20.316,9,/home/srmap/research/projects/v2x-multiuav-trust/results/scalability_N10_AR50_guarded_cusum_15seed/ON_seed15_x560_720_t36.log
Centralized_CID_K2_W5,Centralized_CID,2,5,15,0,YES,YES,YES,caught_by_both,24.124,0,/home/srmap/research/projects/v2x-multiuav-trust/results/scalability_N10_AR50_guarded_cusum_15seed/ON_seed15_x560_720_t36.log
Centralized_CID_K2_W5,Centralized_CID,2,5,15,1,YES,YES,YES,caught_by_both,25.384,1,/home/srmap/research/projects/v2x-multiuav-trust/results/scalability_N10_AR50_guarded_cusum_15seed/ON_seed15_x560_720_t36.log
Centralized_CID_K2_W5,Centralized_CID,2,5,15,2,YES,YES,YES,caught_by_both,25.604,2,/home/srmap/research/projects/v2x-multiuav-trust/results/scalability_N10_AR50_guarded_cusum_15seed/ON_seed15_x560_720_t36.log
Centralized_CID_K2_W5,Centralized_CID,2,5,15,3,NO,NO,YES,veremi_fp_only,29.914,3,/home/srmap/research/projects/v2x-multiuav-trust/results/scalability_N10_AR50_guarded_cusum_15seed/ON_seed15_x560_720_t36.log
Centralized_CID_K2_W5,Centralized_CID,2,5,15,4,NO,NO,YES,veremi_fp_only,32.144,4,/home/srmap/research/projects/v2x-multiuav-trust/results/scalability_N10_AR50_guarded_cusum_15seed/ON_seed15_x560_720_t36.log
Centralized_CID_K2_W5,Centralized_CID,2,5,15,5,YES,NO,NO,missed_by_both,,,/home/srmap/research/projects/v2x-multiuav-trust/results/scalability_N10_AR50_guarded_cusum_15seed/ON_seed15_x560_720_t36.log
Centralized_CID_K2_W5,Centralized_CID,2,5,15,6,NO,NO,YES,veremi_fp_only,25.806,6,/home/srmap/research/projects/v2x-multiuav-trust/results/scalability_N10_AR50_guarded_cusum_15seed/ON_seed15_x560_720_t36.log
Centralized_CID_K2_W5,Centralized_CID,2,5,15,7,YES,YES,YES,caught_by_both,24.986,7,/home/srmap/research/projects/v2x-multiuav-trust/results/scalability_N10_AR50_guarded_cusum_15seed/ON_seed15_x560_720_t36.log
Centralized_CID_K2_W5,Centralized_CID,2,5,15,8,YES,YES,YES,caught_by_both,25.466,8,/home/srmap/research/projects/v2x-multiuav-trust/results/scalability_N10_AR50_guarded_cusum_15seed/ON_seed15_x560_720_t36.log
Centralized_CID_K2_W5,Centralized_CID,2,5,15,9,YES,YES,YES,caught_by_both,25.816,9,/home/srmap/research/projects/v2x-multiuav-trust/results/scalability_N10_AR50_guarded_cusum_15seed/ON_seed15_x560_720_t36.log
Centralized_CID_K3_W5,Centralized_CID,3,5,15,0,YES,YES,YES,caught_by_both,25.624,0,/home/srmap/research/projects/v2x-multiuav-trust/results/scalability_N10_AR50_guarded_cusum_15seed/ON_seed15_x560_720_t36.log
Centralized_CID_K3_W5,Centralized_CID,3,5,15,1,YES,YES,YES,caught_by_both,26.384,1,/home/srmap/research/projects/v2x-multiuav-trust/results/scalability_N10_AR50_guarded_cusum_15seed/ON_seed15_x560_720_t36.log
Centralized_CID_K3_W5,Centralized_CID,3,5,15,2,YES,YES,YES,caught_by_both,26.604,2,/home/srmap/research/projects/v2x-multiuav-trust/results/scalability_N10_AR50_guarded_cusum_15seed/ON_seed15_x560_720_t36.log
Centralized_CID_K3_W5,Centralized_CID,3,5,15,3,NO,NO,NO,honest_clean,,,/home/srmap/research/projects/v2x-multiuav-trust/results/scalability_N10_AR50_guarded_cusum_15seed/ON_seed15_x560_720_t36.log
Centralized_CID_K3_W5,Centralized_CID,3,5,15,4,NO,NO,NO,honest_clean,,,/home/srmap/research/projects/v2x-multiuav-trust/results/scalability_N10_AR50_guarded_cusum_15seed/ON_seed15_x560_720_t36.log
Centralized_CID_K3_W5,Centralized_CID,3,5,15,5,YES,NO,NO,missed_by_both,,,/home/srmap/research/projects/v2x-multiuav-trust/results/scalability_N10_AR50_guarded_cusum_15seed/ON_seed15_x560_720_t36.log
Centralized_CID_K3_W5,Centralized_CID,3,5,15,6,NO,NO,NO,honest_clean,,,/home/srmap/research/projects/v2x-multiuav-trust/results/scalability_N10_AR50_guarded_cusum_15seed/ON_seed15_x560_720_t36.log
Centralized_CID_K3_W5,Centralized_CID,3,5,15,7,YES,YES,YES,caught_by_both,25.986,7,/home/srmap/research/projects/v2x-multiuav-trust/results/scalability_N10_AR50_guarded_cusum_15seed/ON_seed15_x560_720_t36.log
Centralized_CID_K3_W5,Centralized_CID,3,5,15,8,YES,YES,YES,caught_by_both,26.466,8,/home/srmap/research/projects/v2x-multiuav-trust/results/scalability_N10_AR50_guarded_cusum_15seed/ON_seed15_x560_720_t36.log
Centralized_CID_K3_W5,Centralized_CID,3,5,15,9,YES,YES,YES,caught_by_both,26.816,9,/home/srmap/research/projects/v2x-multiuav-trust/results/scalability_N10_AR50_guarded_cusum_15seed/ON_seed15_x560_720_t36.log
Local_CID_RXUAV_K1_W5,Local_CID_RXUAV,1,5,15,0,YES,YES,YES,caught_by_both,12.124,0|1,/home/srmap/research/projects/v2x-multiuav-trust/results/scalability_N10_AR50_guarded_cusum_15seed/ON_seed15_x560_720_t36.log
Local_CID_RXUAV_K1_W5,Local_CID_RXUAV,1,5,15,1,YES,YES,YES,caught_by_both,14.384,1|1,/home/srmap/research/projects/v2x-multiuav-trust/results/scalability_N10_AR50_guarded_cusum_15seed/ON_seed15_x560_720_t36.log
Local_CID_RXUAV_K1_W5,Local_CID_RXUAV,1,5,15,2,YES,YES,YES,caught_by_both,16.104,2|1,/home/srmap/research/projects/v2x-multiuav-trust/results/scalability_N10_AR50_guarded_cusum_15seed/ON_seed15_x560_720_t36.log
Local_CID_RXUAV_K1_W5,Local_CID_RXUAV,1,5,15,3,NO,NO,YES,veremi_fp_only,17.914,3|1,/home/srmap/research/projects/v2x-multiuav-trust/results/scalability_N10_AR50_guarded_cusum_15seed/ON_seed15_x560_720_t36.log
Local_CID_RXUAV_K1_W5,Local_CID_RXUAV,1,5,15,4,NO,NO,YES,veremi_fp_only,20.144,4|1,/home/srmap/research/projects/v2x-multiuav-trust/results/scalability_N10_AR50_guarded_cusum_15seed/ON_seed15_x560_720_t36.log
Local_CID_RXUAV_K1_W5,Local_CID_RXUAV,1,5,15,5,YES,NO,NO,missed_by_both,,,/home/srmap/research/projects/v2x-multiuav-trust/results/scalability_N10_AR50_guarded_cusum_15seed/ON_seed15_x560_720_t36.log
Local_CID_RXUAV_K1_W5,Local_CID_RXUAV,1,5,15,6,NO,NO,YES,veremi_fp_only,14.306,6|1,/home/srmap/research/projects/v2x-multiuav-trust/results/scalability_N10_AR50_guarded_cusum_15seed/ON_seed15_x560_720_t36.log
Local_CID_RXUAV_K1_W5,Local_CID_RXUAV,1,5,15,7,YES,YES,YES,caught_by_both,15.986,7|1,/home/srmap/research/projects/v2x-multiuav-trust/results/scalability_N10_AR50_guarded_cusum_15seed/ON_seed15_x560_720_t36.log
Local_CID_RXUAV_K1_W5,Local_CID_RXUAV,1,5,15,8,YES,YES,YES,caught_by_both,17.966,8|1,/home/srmap/research/projects/v2x-multiuav-trust/results/scalability_N10_AR50_guarded_cusum_15seed/ON_seed15_x560_720_t36.log
Local_CID_RXUAV_K1_W5,Local_CID_RXUAV,1,5,15,9,YES,YES,YES,caught_by_both,20.316,9|1,/home/srmap/research/projects/v2x-multiuav-trust/results/scalability_N10_AR50_guarded_cusum_15seed/ON_seed15_x560_720_t36.log
Local_CID_RXUAV_K2_W5,Local_CID_RXUAV,2,5,15,0,YES,YES,YES,caught_by_both,24.124,0|1,/home/srmap/research/projects/v2x-multiuav-trust/results/scalability_N10_AR50_guarded_cusum_15seed/ON_seed15_x560_720_t36.log
Local_CID_RXUAV_K2_W5,Local_CID_RXUAV,2,5,15,1,YES,YES,YES,caught_by_both,25.384,1|1,/home/srmap/research/projects/v2x-multiuav-trust/results/scalability_N10_AR50_guarded_cusum_15seed/ON_seed15_x560_720_t36.log
Local_CID_RXUAV_K2_W5,Local_CID_RXUAV,2,5,15,2,YES,YES,YES,caught_by_both,25.604,2|1,/home/srmap/research/projects/v2x-multiuav-trust/results/scalability_N10_AR50_guarded_cusum_15seed/ON_seed15_x560_720_t36.log
Local_CID_RXUAV_K2_W5,Local_CID_RXUAV,2,5,15,3,NO,NO,NO,honest_clean,,,/home/srmap/research/projects/v2x-multiuav-trust/results/scalability_N10_AR50_guarded_cusum_15seed/ON_seed15_x560_720_t36.log
Local_CID_RXUAV_K2_W5,Local_CID_RXUAV,2,5,15,4,NO,NO,NO,honest_clean,,,/home/srmap/research/projects/v2x-multiuav-trust/results/scalability_N10_AR50_guarded_cusum_15seed/ON_seed15_x560_720_t36.log
Local_CID_RXUAV_K2_W5,Local_CID_RXUAV,2,5,15,5,YES,NO,NO,missed_by_both,,,/home/srmap/research/projects/v2x-multiuav-trust/results/scalability_N10_AR50_guarded_cusum_15seed/ON_seed15_x560_720_t36.log
Local_CID_RXUAV_K2_W5,Local_CID_RXUAV,2,5,15,6,NO,NO,YES,veremi_fp_only,25.806,6|1,/home/srmap/research/projects/v2x-multiuav-trust/results/scalability_N10_AR50_guarded_cusum_15seed/ON_seed15_x560_720_t36.log
Local_CID_RXUAV_K2_W5,Local_CID_RXUAV,2,5,15,7,YES,YES,YES,caught_by_both,24.986,7|1,/home/srmap/research/projects/v2x-multiuav-trust/results/scalability_N10_AR50_guarded_cusum_15seed/ON_seed15_x560_720_t36.log
Local_CID_RXUAV_K2_W5,Local_CID_RXUAV,2,5,15,8,YES,YES,YES,caught_by_both,25.466,8|1,/home/srmap/research/projects/v2x-multiuav-trust/results/scalability_N10_AR50_guarded_cusum_15seed/ON_seed15_x560_720_t36.log
Local_CID_RXUAV_K2_W5,Local_CID_RXUAV,2,5,15,9,YES,YES,YES,caught_by_both,25.816,9|1,/home/srmap/research/projects/v2x-multiuav-trust/results/scalability_N10_AR50_guarded_cusum_15seed/ON_seed15_x560_720_t36.log
Local_CID_RXUAV_K3_W5,Local_CID_RXUAV,3,5,15,0,YES,YES,YES,caught_by_both,25.624,0|1,/home/srmap/research/projects/v2x-multiuav-trust/results/scalability_N10_AR50_guarded_cusum_15seed/ON_seed15_x560_720_t36.log
Local_CID_RXUAV_K3_W5,Local_CID_RXUAV,3,5,15,1,YES,YES,YES,caught_by_both,26.384,1|1,/home/srmap/research/projects/v2x-multiuav-trust/results/scalability_N10_AR50_guarded_cusum_15seed/ON_seed15_x560_720_t36.log
Local_CID_RXUAV_K3_W5,Local_CID_RXUAV,3,5,15,2,YES,YES,YES,caught_by_both,26.604,2|1,/home/srmap/research/projects/v2x-multiuav-trust/results/scalability_N10_AR50_guarded_cusum_15seed/ON_seed15_x560_720_t36.log
Local_CID_RXUAV_K3_W5,Local_CID_RXUAV,3,5,15,3,NO,NO,NO,honest_clean,,,/home/srmap/research/projects/v2x-multiuav-trust/results/scalability_N10_AR50_guarded_cusum_15seed/ON_seed15_x560_720_t36.log
Local_CID_RXUAV_K3_W5,Local_CID_RXUAV,3,5,15,4,NO,NO,NO,honest_clean,,,/home/srmap/research/projects/v2x-multiuav-trust/results/scalability_N10_AR50_guarded_cusum_15seed/ON_seed15_x560_720_t36.log
Local_CID_RXUAV_K3_W5,Local_CID_RXUAV,3,5,15,5,YES,NO,NO,missed_by_both,,,/home/srmap/research/projects/v2x-multiuav-trust/results/scalability_N10_AR50_guarded_cusum_15seed/ON_seed15_x560_720_t36.log
Local_CID_RXUAV_K3_W5,Local_CID_RXUAV,3,5,15,6,NO,NO,NO,honest_clean,,,/home/srmap/research/projects/v2x-multiuav-trust/results/scalability_N10_AR50_guarded_cusum_15seed/ON_seed15_x560_720_t36.log
Local_CID_RXUAV_K3_W5,Local_CID_RXUAV,3,5,15,7,YES,YES,YES,caught_by_both,25.986,7|1,/home/srmap/research/projects/v2x-multiuav-trust/results/scalability_N10_AR50_guarded_cusum_15seed/ON_seed15_x560_720_t36.log
Local_CID_RXUAV_K3_W5,Local_CID_RXUAV,3,5,15,8,YES,YES,YES,caught_by_both,26.466,8|1,/home/srmap/research/projects/v2x-multiuav-trust/results/scalability_N10_AR50_guarded_cusum_15seed/ON_seed15_x560_720_t36.log
Local_CID_RXUAV_K3_W5,Local_CID_RXUAV,3,5,15,9,YES,YES,YES,caught_by_both,26.816,9|1,/home/srmap/research/projects/v2x-multiuav-trust/results/scalability_N10_AR50_guarded_cusum_15seed/ON_seed15_x560_720_t36.log
Local_CID_ZONE_K1_W5,Local_CID_ZONE,1,5,15,0,YES,YES,YES,caught_by_both,12.124,0|1,/home/srmap/research/projects/v2x-multiuav-trust/results/scalability_N10_AR50_guarded_cusum_15seed/ON_seed15_x560_720_t36.log
Local_CID_ZONE_K1_W5,Local_CID_ZONE,1,5,15,1,YES,YES,YES,caught_by_both,14.384,1|1,/home/srmap/research/projects/v2x-multiuav-trust/results/scalability_N10_AR50_guarded_cusum_15seed/ON_seed15_x560_720_t36.log
Local_CID_ZONE_K1_W5,Local_CID_ZONE,1,5,15,2,YES,YES,YES,caught_by_both,16.104,2|1,/home/srmap/research/projects/v2x-multiuav-trust/results/scalability_N10_AR50_guarded_cusum_15seed/ON_seed15_x560_720_t36.log
Local_CID_ZONE_K1_W5,Local_CID_ZONE,1,5,15,3,NO,NO,YES,veremi_fp_only,17.914,3|1,/home/srmap/research/projects/v2x-multiuav-trust/results/scalability_N10_AR50_guarded_cusum_15seed/ON_seed15_x560_720_t36.log
Local_CID_ZONE_K1_W5,Local_CID_ZONE,1,5,15,4,NO,NO,YES,veremi_fp_only,20.144,4|1,/home/srmap/research/projects/v2x-multiuav-trust/results/scalability_N10_AR50_guarded_cusum_15seed/ON_seed15_x560_720_t36.log
Local_CID_ZONE_K1_W5,Local_CID_ZONE,1,5,15,5,YES,NO,NO,missed_by_both,,,/home/srmap/research/projects/v2x-multiuav-trust/results/scalability_N10_AR50_guarded_cusum_15seed/ON_seed15_x560_720_t36.log
Local_CID_ZONE_K1_W5,Local_CID_ZONE,1,5,15,6,NO,NO,YES,veremi_fp_only,14.306,6|1,/home/srmap/research/projects/v2x-multiuav-trust/results/scalability_N10_AR50_guarded_cusum_15seed/ON_seed15_x560_720_t36.log
Local_CID_ZONE_K1_W5,Local_CID_ZONE,1,5,15,7,YES,YES,YES,caught_by_both,15.986,7|1,/home/srmap/research/projects/v2x-multiuav-trust/results/scalability_N10_AR50_guarded_cusum_15seed/ON_seed15_x560_720_t36.log
Local_CID_ZONE_K1_W5,Local_CID_ZONE,1,5,15,8,YES,YES,YES,caught_by_both,17.966,8|1,/home/srmap/research/projects/v2x-multiuav-trust/results/scalability_N10_AR50_guarded_cusum_15seed/ON_seed15_x560_720_t36.log
Local_CID_ZONE_K1_W5,Local_CID_ZONE,1,5,15,9,YES,YES,YES,caught_by_both,20.316,9|1,/home/srmap/research/projects/v2x-multiuav-trust/results/scalability_N10_AR50_guarded_cusum_15seed/ON_seed15_x560_720_t36.log
Local_CID_ZONE_K2_W5,Local_CID_ZONE,2,5,15,0,YES,YES,YES,caught_by_both,24.124,0|1,/home/srmap/research/projects/v2x-multiuav-trust/results/scalability_N10_AR50_guarded_cusum_15seed/ON_seed15_x560_720_t36.log
Local_CID_ZONE_K2_W5,Local_CID_ZONE,2,5,15,1,YES,YES,YES,caught_by_both,25.384,1|1,/home/srmap/research/projects/v2x-multiuav-trust/results/scalability_N10_AR50_guarded_cusum_15seed/ON_seed15_x560_720_t36.log
Local_CID_ZONE_K2_W5,Local_CID_ZONE,2,5,15,2,YES,YES,YES,caught_by_both,25.604,2|1,/home/srmap/research/projects/v2x-multiuav-trust/results/scalability_N10_AR50_guarded_cusum_15seed/ON_seed15_x560_720_t36.log
Local_CID_ZONE_K2_W5,Local_CID_ZONE,2,5,15,3,NO,NO,NO,honest_clean,,,/home/srmap/research/projects/v2x-multiuav-trust/results/scalability_N10_AR50_guarded_cusum_15seed/ON_seed15_x560_720_t36.log
Local_CID_ZONE_K2_W5,Local_CID_ZONE,2,5,15,4,NO,NO,NO,honest_clean,,,/home/srmap/research/projects/v2x-multiuav-trust/results/scalability_N10_AR50_guarded_cusum_15seed/ON_seed15_x560_720_t36.log
Local_CID_ZONE_K2_W5,Local_CID_ZONE,2,5,15,5,YES,NO,NO,missed_by_both,,,/home/srmap/research/projects/v2x-multiuav-trust/results/scalability_N10_AR50_guarded_cusum_15seed/ON_seed15_x560_720_t36.log
Local_CID_ZONE_K2_W5,Local_CID_ZONE,2,5,15,6,NO,NO,YES,veremi_fp_only,25.806,6|1,/home/srmap/research/projects/v2x-multiuav-trust/results/scalability_N10_AR50_guarded_cusum_15seed/ON_seed15_x560_720_t36.log
Local_CID_ZONE_K2_W5,Local_CID_ZONE,2,5,15,7,YES,YES,YES,caught_by_both,24.986,7|1,/home/srmap/research/projects/v2x-multiuav-trust/results/scalability_N10_AR50_guarded_cusum_15seed/ON_seed15_x560_720_t36.log
Local_CID_ZONE_K2_W5,Local_CID_ZONE,2,5,15,8,YES,YES,YES,caught_by_both,25.466,8|1,/home/srmap/research/projects/v2x-multiuav-trust/results/scalability_N10_AR50_guarded_cusum_15seed/ON_seed15_x560_720_t36.log
Local_CID_ZONE_K2_W5,Local_CID_ZONE,2,5,15,9,YES,YES,YES,caught_by_both,25.816,9|1,/home/srmap/research/projects/v2x-multiuav-trust/results/scalability_N10_AR50_guarded_cusum_15seed/ON_seed15_x560_720_t36.log
Local_CID_ZONE_K3_W5,Local_CID_ZONE,3,5,15,0,YES,YES,YES,caught_by_both,25.624,0|1,/home/srmap/research/projects/v2x-multiuav-trust/results/scalability_N10_AR50_guarded_cusum_15seed/ON_seed15_x560_720_t36.log
Local_CID_ZONE_K3_W5,Local_CID_ZONE,3,5,15,1,YES,YES,YES,caught_by_both,26.384,1|1,/home/srmap/research/projects/v2x-multiuav-trust/results/scalability_N10_AR50_guarded_cusum_15seed/ON_seed15_x560_720_t36.log
Local_CID_ZONE_K3_W5,Local_CID_ZONE,3,5,15,2,YES,YES,YES,caught_by_both,26.604,2|1,/home/srmap/research/projects/v2x-multiuav-trust/results/scalability_N10_AR50_guarded_cusum_15seed/ON_seed15_x560_720_t36.log
Local_CID_ZONE_K3_W5,Local_CID_ZONE,3,5,15,3,NO,NO,NO,honest_clean,,,/home/srmap/research/projects/v2x-multiuav-trust/results/scalability_N10_AR50_guarded_cusum_15seed/ON_seed15_x560_720_t36.log
Local_CID_ZONE_K3_W5,Local_CID_ZONE,3,5,15,4,NO,NO,NO,honest_clean,,,/home/srmap/research/projects/v2x-multiuav-trust/results/scalability_N10_AR50_guarded_cusum_15seed/ON_seed15_x560_720_t36.log
Local_CID_ZONE_K3_W5,Local_CID_ZONE,3,5,15,5,YES,NO,NO,missed_by_both,,,/home/srmap/research/projects/v2x-multiuav-trust/results/scalability_N10_AR50_guarded_cusum_15seed/ON_seed15_x560_720_t36.log
Local_CID_ZONE_K3_W5,Local_CID_ZONE,3,5,15,6,NO,NO,NO,honest_clean,,,/home/srmap/research/projects/v2x-multiuav-trust/results/scalability_N10_AR50_guarded_cusum_15seed/ON_seed15_x560_720_t36.log
Local_CID_ZONE_K3_W5,Local_CID_ZONE,3,5,15,7,YES,YES,YES,caught_by_both,25.986,7|1,/home/srmap/research/projects/v2x-multiuav-trust/results/scalability_N10_AR50_guarded_cusum_15seed/ON_seed15_x560_720_t36.log
Local_CID_ZONE_K3_W5,Local_CID_ZONE,3,5,15,8,YES,YES,YES,caught_by_both,26.466,8|1,/home/srmap/research/projects/v2x-multiuav-trust/results/scalability_N10_AR50_guarded_cusum_15seed/ON_seed15_x560_720_t36.log
Local_CID_ZONE_K3_W5,Local_CID_ZONE,3,5,15,9,YES,YES,YES,caught_by_both,26.816,9|1,/home/srmap/research/projects/v2x-multiuav-trust/results/scalability_N10_AR50_guarded_cusum_15seed/ON_seed15_x560_720_t36.log
