[0/2] Re-checking globbed directories...
ninja: no work to do.
[TEMPTATION-T] CID:2 T_i=1.041 break-even_p*=0.324
[TEMPTATION-T] CID:7 T_i=1.368 break-even_p*=0.268
[LATE-ATTACK] CID:0 position-aware flip armed ZoneLen=900.000m threshold=360.000m
[LATE-ATTACK] Scheduled 1 position-aware late-entry attackers ZoneLen=900.000m ThreshM=360.000m
[HANDOVER] Armed 10 triggers for Z1->Z2 at t=30.000 s (zoneEndX=900.000, leadM=300.000)

--------------------------------------------------
 UNIFIED SIMULATION v90-multiUAV (adaptive edge-cloud, bridge mode only)
--------------------------------------------------
 Cars      : 10 (5 lanes x 2)
 RngRun    : 9
 Attack    : 20%  (2 malicious) [2,7]
 AttackType: 5 (0=composite,1=TS-only,2=GPS-only,3=speed-only,4=stealthy,5=adaptive)
 TsOffset  : -0.500s
 SpdFactor : 1.100x
 Nash p*   : 0.400 (BAN_REWARD=1.500)
 ZONE_SAFE : 0.150
 ZONE_MALICIOUS : 0.300
 LEGACY_WIRE_ALIASES : 0
 SCR_ALERT : 0.620
 GAME_Cf   : 3.000
 CloudTrig : [unused in bridge mode] SCR<0.620 && >=4 | TIME>=3.000s | COUNT>=10
 EdgePortZ1: 127.0.0.1:9998
 EdgePortZ2: 127.0.0.1:9996
 Cloud     : 127.0.0.1:6666
 CloudMode : BRIDGE (adaptive batch calibration — cloud tunes edge params only)
 LedgerFile: blockchain_ledger.jsonl
 EdgeLatencyMs : 10.000 ms
 CloudLatencyMs: 150.000 ms
 NashP* mode   : adaptive (warmup=5 pkts, rho_hat-driven)
 S1uDelay      : 5 ms  |  PGW-rHost delay: 5 ms
 PktDropRate   : 1%  |  EdgeJitter: 30%  |  LateAttackers: 25% of mal
 BgTraffic     : 10 cars x 500 kbps UDP
 Mobility      : WaypointMobility (3-phase speed profile per lane)
 Duration  : 36.000s
--------------------------------------------------

[BG-TRAFFIC] 10 cars x 500 kbps UDP background flow to rHost installed
[PASSIVE-BEACON] SIMNOW:2.105 CID:4 ZONE:1 RXUAV:1 EDGEPORT:9998 TS:2.090 SPD:20.100 HDG:1.300 PX:41.300 PY:-50.000 LAN:5 BRK:0 RX_X:0.000 RX_Y:0.000 RX_Z:0.000
[ZONE-ROUTE] CID:4 zone=1 edge_port=9998
[EDGE-RTT] CID:4 wall=1.5 ms  sim_delay=10.0 ms
>>> [UAV->CLOUD] BLK:3f6e|TX:7.0.0.8|CID:4|TS:2.090|SPD:20.1|HDG:1.3|PX:41.3|PY:-50.0|LAN...
[PASSIVE-BEACON] SIMNOW:2.105 CID:2 ZONE:1 RXUAV:1 EDGEPORT:9998 TS:2.090 SPD:19.600 HDG:0.100 PX:41.800 PY:-30.000 LAN:3 BRK:0 RX_X:0.000 RX_Y:0.000 RX_Z:0.000
[ZONE-ROUTE] CID:2 zone=1 edge_port=9998
[EDGE-RTT] CID:2 wall=1.0 ms  sim_delay=10.0 ms
>>> [UAV->CLOUD] BLK:523a|TX:7.0.0.6|CID:2|TS:2.090|SPD:19.6|HDG:0.1|PX:41.8|PY:-30.0|LAN...
✓ [CAR 2] ACT=OK REP=0.850 RWD=0.996 PNL=0.000 CREDIT=0
✓ [CAR 4] ACT=OK REP=0.625 RWD=0.996 PNL=0.000 CREDIT=0
[PASSIVE-BEACON] SIMNOW:2.126 CID:7 ZONE:1 RXUAV:1 EDGEPORT:9998 TS:2.112 SPD:20.400 HDG:-1.600 PX:62.900 PY:-30.000 LAN:3 BRK:0 RX_X:0.000 RX_Y:0.000 RX_Z:0.000
[ZONE-ROUTE] CID:7 zone=1 edge_port=9998
[EDGE-RTT] CID:7 wall=1.1 ms  sim_delay=10.0 ms
>>> [UAV->CLOUD] BLK:c7fc|TX:7.0.0.11|CID:7|TS:2.112|SPD:20.4|HDG:-1.6|PX:62.9|PY:-30.0|L...
✓ [CAR 7] ACT=OK REP=0.817 RWD=0.996 PNL=0.000 CREDIT=0
[PASSIVE-BEACON] SIMNOW:2.294 CID:0 ZONE:1 RXUAV:1 EDGEPORT:9998 TS:2.280 SPD:20.100 HDG:1.100 PX:45.000 PY:-10.000 LAN:1 BRK:0 RX_X:0.000 RX_Y:0.000 RX_Z:0.000
[ZONE-ROUTE] CID:0 zone=1 edge_port=9998
[EDGE-RTT] CID:0 wall=1.0 ms  sim_delay=10.0 ms
>>> [UAV->CLOUD] BLK:fe66|TX:7.0.0.4|CID:0|TS:2.280|SPD:20.1|HDG:1.1|PX:45.0|PY:-10.0|LAN...
✓ [CAR 0] ACT=OK REP=0.604 RWD=0.996 PNL=0.000 CREDIT=0
[PASSIVE-BEACON] SIMNOW:2.314 CID:1 ZONE:1 RXUAV:1 EDGEPORT:9998 TS:2.300 SPD:19.500 HDG:-0.600 PX:45.600 PY:-20.000 LAN:2 BRK:0 RX_X:0.000 RX_Y:0.000 RX_Z:0.000
[ZONE-ROUTE] CID:1 zone=1 edge_port=9998
[EDGE-RTT] CID:1 wall=1.1 ms  sim_delay=10.0 ms
>>> [UAV->CLOUD] BLK:9785|TX:7.0.0.5|CID:1|TS:2.300|SPD:19.5|HDG:-0.6|PX:45.6|PY:-20.0|LA...
✓ [CAR 1] ACT=OK REP=0.643 RWD=0.996 PNL=0.000 CREDIT=0
[PASSIVE-BEACON] SIMNOW:2.376 CID:5 ZONE:1 RXUAV:1 EDGEPORT:9998 TS:2.362 SPD:20.000 HDG:-1.000 PX:67.800 PY:-10.000 LAN:1 BRK:0 RX_X:0.000 RX_Y:0.000 RX_Z:0.000
[ZONE-ROUTE] CID:5 zone=1 edge_port=9998
[EDGE-RTT] CID:5 wall=1.0 ms  sim_delay=10.0 ms
>>> [UAV->CLOUD] BLK:3c0f|TX:7.0.0.9|CID:5|TS:2.362|SPD:20.0|HDG:-1.0|PX:67.8|PY:-10.0|LA...
✓ [CAR 5] ACT=OK REP=0.604 RWD=0.996 PNL=0.000 CREDIT=0
[PASSIVE-BEACON] SIMNOW:2.426 CID:9 ZONE:1 RXUAV:1 EDGEPORT:9998 TS:2.412 SPD:19.900 HDG:0.300 PX:67.500 PY:-50.000 LAN:5 BRK:0 RX_X:0.000 RX_Y:0.000 RX_Z:0.000
[ZONE-ROUTE] CID:9 zone=1 edge_port=9998
[EDGE-RTT] CID:9 wall=1.0 ms  sim_delay=10.0 ms
>>> [UAV->CLOUD] BLK:d2f1|TX:7.0.0.13|CID:9|TS:2.412|SPD:19.9|HDG:0.3|PX:67.5|PY:-50.0|LA...
✓ [CAR 9] ACT=OK REP=0.532 RWD=0.996 PNL=0.000 CREDIT=0
[PASSIVE-BEACON] SIMNOW:2.506 CID:8 ZONE:1 RXUAV:1 EDGEPORT:9998 TS:2.492 SPD:20.000 HDG:-0.900 PX:69.100 PY:-40.000 LAN:4 BRK:0 RX_X:0.000 RX_Y:0.000 RX_Z:0.000
[ZONE-ROUTE] CID:8 zone=1 edge_port=9998
[EDGE-RTT] CID:8 wall=1.1 ms  sim_delay=10.0 ms
>>> [UAV->CLOUD] BLK:9a6b|TX:7.0.0.12|CID:8|TS:2.492|SPD:20.0|HDG:-0.9|PX:69.1|PY:-40.0|L...
✓ [CAR 8] ACT=OK REP=0.600 RWD=0.996 PNL=0.000 CREDIT=0
[PASSIVE-BEACON] SIMNOW:2.565 CID:3 ZONE:1 RXUAV:1 EDGEPORT:9998 TS:2.550 SPD:20.100 HDG:-1.900 PX:50.900 PY:-40.000 LAN:4 BRK:0 RX_X:0.000 RX_Y:0.000 RX_Z:0.000
[ZONE-ROUTE] CID:3 zone=1 edge_port=9998
[EDGE-RTT] CID:3 wall=1.0 ms  sim_delay=10.0 ms
>>> [UAV->CLOUD] BLK:1b55|TX:7.0.0.7|CID:3|TS:2.550|SPD:20.1|HDG:-1.9|PX:50.9|PY:-40.0|LA...
✓ [CAR 3] ACT=OK REP=0.596 RWD=0.996 PNL=0.000 CREDIT=0
[PASSIVE-BEACON] SIMNOW:2.604 CID:4 ZONE:1 RXUAV:1 EDGEPORT:9998 TS:2.590 SPD:20.500 HDG:0.000 PX:51.500 PY:-50.000 LAN:5 BRK:0 RX_X:0.000 RX_Y:0.000 RX_Z:0.000
[ZONE-ROUTE] CID:4 zone=1 edge_port=9998
[EDGE-RTT] CID:4 wall=1.0 ms  sim_delay=10.0 ms
>>> [UAV->CLOUD] BLK:5573|TX:7.0.0.8|CID:4|TS:2.590|SPD:20.5|HDG:0.0|PX:51.5|PY:-50.0|LAN...
[PASSIVE-BEACON] SIMNOW:2.604 CID:2 ZONE:1 RXUAV:1 EDGEPORT:9998 TS:2.590 SPD:20.000 HDG:-0.400 PX:51.900 PY:-30.000 LAN:3 BRK:0 RX_X:0.000 RX_Y:0.000 RX_Z:0.000
[ZONE-ROUTE] CID:2 zone=1 edge_port=9998
[EDGE-RTT] CID:2 wall=0.7 ms  sim_delay=10.0 ms
>>> [UAV->CLOUD] BLK:ca0a|TX:7.0.0.6|CID:2|TS:2.590|SPD:20.0|HDG:-0.4|PX:51.9|PY:-30.0|LA...
✓ [CAR 2] ACT=OK REP=0.796 RWD=1.000 PNL=0.000 CREDIT=1
✓ [CAR 4] ACT=OK REP=0.645 RWD=1.000 PNL=0.000 CREDIT=1
[PASSIVE-BEACON] SIMNOW:2.626 CID:7 ZONE:1 RXUAV:1 EDGEPORT:9998 TS:2.612 SPD:20.200 HDG:0.600 PX:72.900 PY:-30.000 LAN:3 BRK:0 RX_X:0.000 RX_Y:0.000 RX_Z:0.000
[ZONE-ROUTE] CID:7 zone=1 edge_port=9998
[EDGE-RTT] CID:7 wall=0.9 ms  sim_delay=10.0 ms
>>> [UAV->CLOUD] BLK:6108|TX:7.0.0.11|CID:7|TS:2.612|SPD:20.2|HDG:0.6|PX:72.9|PY:-30.0|LA...
✓ [CAR 7] ACT=OK REP=0.637 RWD=1.000 PNL=0.000 CREDIT=1
[PASSIVE-BEACON] SIMNOW:2.794 CID:0 ZONE:1 RXUAV:1 EDGEPORT:9998 TS:2.780 SPD:19.800 HDG:1.800 PX:55.700 PY:-10.000 LAN:1 BRK:0 RX_X:0.000 RX_Y:0.000 RX_Z:0.000
[ZONE-ROUTE] CID:0 zone=1 edge_port=9998
[EDGE-RTT] CID:0 wall=0.8 ms  sim_delay=10.0 ms
>>> [UAV->CLOUD] BLK:a7f4|TX:7.0.0.4|CID:0|TS:2.780|SPD:19.8|HDG:1.8|PX:55.7|PY:-10.0|LAN...
✓ [CAR 0] ACT=OK REP=0.681 RWD=1.000 PNL=0.000 CREDIT=1
[PASSIVE-BEACON] SIMNOW:2.814 CID:1 ZONE:1 RXUAV:1 EDGEPORT:9998 TS:2.800 SPD:19.600 HDG:-1.100 PX:56.500 PY:-20.000 LAN:2 BRK:0 RX_X:0.000 RX_Y:0.000 RX_Z:0.000
[ZONE-ROUTE] CID:1 zone=1 edge_port=9998
[EDGE-RTT] CID:1 wall=0.6 ms  sim_delay=10.0 ms
>>> [UAV->CLOUD] BLK:8dde|TX:7.0.0.5|CID:1|TS:2.800|SPD:19.6|HDG:-1.1|PX:56.5|PY:-20.0|LA...
✓ [CAR 1] ACT=OK REP=0.941 RWD=1.000 PNL=0.000 CREDIT=1
[PASSIVE-BEACON] SIMNOW:2.874 CID:5 ZONE:1 RXUAV:1 EDGEPORT:9998 TS:2.862 SPD:20.100 HDG:1.400 PX:77.200 PY:-10.000 LAN:1 BRK:0 RX_X:0.000 RX_Y:0.000 RX_Z:0.000
[ZONE-ROUTE] CID:5 zone=1 edge_port=9998
[EDGE-RTT] CID:5 wall=1.3 ms  sim_delay=10.0 ms
>>> [UAV->CLOUD] BLK:2c57|TX:7.0.0.9|CID:5|TS:2.862|SPD:20.1|HDG:1.4|PX:77.2|PY:-10.0|LAN...
✓ [CAR 5] ACT=OK REP=0.388 RWD=1.000 PNL=0.000 CREDIT=1
[PASSIVE-BEACON] SIMNOW:2.896 CID:6 ZONE:1 RXUAV:1 EDGEPORT:9998 TS:2.882 SPD:20.000 HDG:0.400 PX:77.800 PY:-20.000 LAN:2 BRK:0 RX_X:0.000 RX_Y:0.000 RX_Z:0.000
[ZONE-ROUTE] CID:6 zone=1 edge_port=9998
[EDGE-RTT] CID:6 wall=1.1 ms  sim_delay=10.0 ms
>>> [UAV->CLOUD] BLK:211b|TX:7.0.0.10|CID:6|TS:2.882|SPD:20.0|HDG:0.4|PX:77.8|PY:-20.0|LA...
✓ [CAR 6] ACT=OK REP=0.545 RWD=0.996 PNL=0.000 CREDIT=0
[PASSIVE-BEACON] SIMNOW:2.927 CID:9 ZONE:1 RXUAV:1 EDGEPORT:9998 TS:2.912 SPD:20.000 HDG:0.200 PX:77.700 PY:-50.000 LAN:5 BRK:0 RX_X:0.000 RX_Y:0.000 RX_Z:0.000
[ZONE-ROUTE] CID:9 zone=1 edge_port=9998
[EDGE-RTT] CID:9 wall=1.2 ms  sim_delay=10.0 ms
>>> [UAV->CLOUD] BLK:18ca|TX:7.0.0.13|CID:9|TS:2.912|SPD:20.0|HDG:0.2|PX:77.7|PY:-50.0|LA...
✓ [CAR 9] ACT=OK REP=0.792 RWD=1.000 PNL=0.000 CREDIT=1
[PASSIVE-BEACON] SIMNOW:3.006 CID:8 ZONE:1 RXUAV:1 EDGEPORT:9998 TS:2.992 SPD:20.300 HDG:0.000 PX:79.100 PY:-40.000 LAN:4 BRK:0 RX_X:0.000 RX_Y:0.000 RX_Z:0.000
[ZONE-ROUTE] CID:8 zone=1 edge_port=9998
[EDGE-RTT] CID:8 wall=1.1 ms  sim_delay=10.0 ms
>>> [UAV->CLOUD] BLK:094e|TX:7.0.0.12|CID:8|TS:2.992|SPD:20.3|HDG:0.0|PX:79.1|PY:-40.0|LA...
✓ [CAR 8] ACT=OK REP=0.766 RWD=1.000 PNL=0.000 CREDIT=1
[PASSIVE-BEACON] SIMNOW:3.064 CID:3 ZONE:1 RXUAV:1 EDGEPORT:9998 TS:3.050 SPD:20.200 HDG:-1.900 PX:60.300 PY:-40.000 LAN:4 BRK:0 RX_X:0.000 RX_Y:0.000 RX_Z:0.000
[ZONE-ROUTE] CID:3 zone=1 edge_port=9998
[EDGE-RTT] CID:3 wall=1.2 ms  sim_delay=10.0 ms
>>> [UAV->CLOUD] BLK:9aa0|TX:7.0.0.7|CID:3|TS:3.050|SPD:20.2|HDG:-1.9|PX:60.3|PY:-40.0|LA...
✓ [CAR 3] ACT=OK REP=0.432 RWD=1.000 PNL=0.000 CREDIT=1
[PASSIVE-BEACON] SIMNOW:3.104 CID:4 ZONE:1 RXUAV:1 EDGEPORT:9998 TS:3.090 SPD:19.900 HDG:-1.000 PX:62.200 PY:-50.000 LAN:5 BRK:0 RX_X:0.000 RX_Y:0.000 RX_Z:0.000
[ZONE-ROUTE] CID:4 zone=1 edge_port=9998
[EDGE-RTT] CID:4 wall=1.1 ms  sim_delay=10.0 ms
>>> [UAV->CLOUD] BLK:e177|TX:7.0.0.8|CID:4|TS:3.090|SPD:19.9|HDG:-1.0|PX:62.2|PY:-50.0|LA...
[PASSIVE-BEACON] SIMNOW:3.104 CID:2 ZONE:1 RXUAV:1 EDGEPORT:9998 TS:3.090 SPD:19.900 HDG:-1.800 PX:61.600 PY:-30.000 LAN:3 BRK:0 RX_X:0.000 RX_Y:0.000 RX_Z:0.000
[ZONE-ROUTE] CID:2 zone=1 edge_port=9998
[EDGE-RTT] CID:2 wall=3.3 ms  sim_delay=10.0 ms
>>> [UAV->CLOUD] BLK:ddae|TX:7.0.0.6|CID:2|TS:3.090|SPD:19.9|HDG:-1.8|PX:61.6|PY:-30.0|LA...
✓ [CAR 4] ACT=OK REP=0.644 RWD=1.000 PNL=0.000 CREDIT=2
✓ [CAR 2] ACT=OK REP=0.771 RWD=1.000 PNL=0.000 CREDIT=2
[PASSIVE-BEACON] SIMNOW:3.126 CID:7 ZONE:1 RXUAV:1 EDGEPORT:9998 TS:3.112 SPD:20.200 HDG:-0.100 PX:81.900 PY:-30.000 LAN:3 BRK:1 RX_X:0.000 RX_Y:0.000 RX_Z:0.000
[ZONE-ROUTE] CID:7 zone=1 edge_port=9998
[EDGE-RTT] CID:7 wall=0.8 ms  sim_delay=10.0 ms
>>> [UAV->CLOUD] BLK:0064|TX:7.0.0.11|CID:7|TS:3.112|SPD:20.2|HDG:-0.1|PX:81.9|PY:-30.0|L...
✓ [CAR 7] ACT=OK REP=0.689 RWD=1.000 PNL=0.000 CREDIT=2
[PASSIVE-BEACON] SIMNOW:3.294 CID:0 ZONE:1 RXUAV:1 EDGEPORT:9998 TS:3.280 SPD:19.700 HDG:-0.300 PX:66.300 PY:-10.000 LAN:1 BRK:1 RX_X:0.000 RX_Y:0.000 RX_Z:0.000
[ZONE-ROUTE] CID:0 zone=1 edge_port=9998
[EDGE-RTT] CID:0 wall=1.1 ms  sim_delay=10.0 ms
>>> [UAV->CLOUD] BLK:0ed7|TX:7.0.0.4|CID:0|TS:3.280|SPD:19.7|HDG:-0.3|PX:66.3|PY:-10.0|LA...
✓ [CAR 0] ACT=OK REP=1.000 RWD=1.000 PNL=0.000 CREDIT=2
[PASSIVE-BEACON] SIMNOW:3.314 CID:1 ZONE:1 RXUAV:1 EDGEPORT:9998 TS:3.300 SPD:19.600 HDG:-2.000 PX:66.100 PY:-20.000 LAN:2 BRK:0 RX_X:0.000 RX_Y:0.000 RX_Z:0.000
[ZONE-ROUTE] CID:1 zone=1 edge_port=9998
[EDGE-RTT] CID:1 wall=1.2 ms  sim_delay=10.0 ms
>>> [UAV->CLOUD] BLK:df5c|TX:7.0.0.5|CID:1|TS:3.300|SPD:19.6|HDG:-2.0|PX:66.1|PY:-20.0|LA...
✓ [CAR 1] ACT=OK REP=0.746 RWD=1.000 PNL=0.000 CREDIT=2
[PASSIVE-BEACON] SIMNOW:3.376 CID:5 ZONE:1 RXUAV:1 EDGEPORT:9998 TS:3.362 SPD:20.200 HDG:-1.600 PX:86.600 PY:-10.000 LAN:1 BRK:0 RX_X:0.000 RX_Y:0.000 RX_Z:0.000
[ZONE-ROUTE] CID:5 zone=1 edge_port=9998
[EDGE-RTT] CID:5 wall=1.0 ms  sim_delay=10.0 ms
>>> [UAV->CLOUD] BLK:d801|TX:7.0.0.9|CID:5|TS:3.362|SPD:20.2|HDG:-1.6|PX:86.6|PY:-10.0|LA...
✓ [CAR 5] ACT=OK REP=0.713 RWD=1.000 PNL=0.000 CREDIT=2
[PASSIVE-BEACON] SIMNOW:3.396 CID:6 ZONE:1 RXUAV:1 EDGEPORT:9998 TS:3.382 SPD:20.200 HDG:1.400 PX:88.300 PY:-20.000 LAN:2 BRK:0 RX_X:0.000 RX_Y:0.000 RX_Z:0.000
[ZONE-ROUTE] CID:6 zone=1 edge_port=9998
[EDGE-RTT] CID:6 wall=0.9 ms  sim_delay=10.0 ms
>>> [UAV->CLOUD] BLK:d04d|TX:7.0.0.10|CID:6|TS:3.382|SPD:20.2|HDG:1.4|PX:88.3|PY:-20.0|LA...
✓ [CAR 6] ACT=OK REP=0.874 RWD=1.000 PNL=0.000 CREDIT=1
[PASSIVE-BEACON] SIMNOW:3.426 CID:9 ZONE:1 RXUAV:1 EDGEPORT:9998 TS:3.412 SPD:20.300 HDG:-1.500 PX:87.500 PY:-50.000 LAN:5 BRK:0 RX_X:0.000 RX_Y:0.000 RX_Z:0.000
[ZONE-ROUTE] CID:9 zone=1 edge_port=9998
[EDGE-RTT] CID:9 wall=1.2 ms  sim_delay=10.0 ms
>>> [UAV->CLOUD] BLK:2f70|TX:7.0.0.13|CID:9|TS:3.412|SPD:20.3|HDG:-1.5|PX:87.5|PY:-50.0|L...
✓ [CAR 9] ACT=OK REP=0.910 RWD=1.000 PNL=0.000 CREDIT=2
[PASSIVE-BEACON] SIMNOW:3.506 CID:8 ZONE:1 RXUAV:1 EDGEPORT:9998 TS:3.492 SPD:20.300 HDG:-1.500 PX:89.600 PY:-40.000 LAN:4 BRK:0 RX_X:0.000 RX_Y:0.000 RX_Z:0.000
[ZONE-ROUTE] CID:8 zone=1 edge_port=9998
[EDGE-RTT] CID:8 wall=1.3 ms  sim_delay=10.0 ms
>>> [UAV->CLOUD] BLK:9b6c|TX:7.0.0.12|CID:8|TS:3.492|SPD:20.3|HDG:-1.5|PX:89.6|PY:-40.0|L...
✓ [CAR 8] ACT=OK REP=0.783 RWD=1.000 PNL=0.000 CREDIT=2
[PASSIVE-BEACON] SIMNOW:3.565 CID:3 ZONE:1 RXUAV:1 EDGEPORT:9998 TS:3.550 SPD:20.200 HDG:-0.400 PX:71.200 PY:-40.000 LAN:4 BRK:0 RX_X:0.000 RX_Y:0.000 RX_Z:0.000
[ZONE-ROUTE] CID:3 zone=1 edge_port=9998
[EDGE-RTT] CID:3 wall=1.1 ms  sim_delay=10.0 ms
>>> [UAV->CLOUD] BLK:95d1|TX:7.0.0.7|CID:3|TS:3.550|SPD:20.2|HDG:-0.4|PX:71.2|PY:-40.0|LA...
✓ [CAR 3] ACT=OK REP=0.669 RWD=1.000 PNL=0.000 CREDIT=2
[PASSIVE-BEACON] SIMNOW:3.604 CID:4 ZONE:1 RXUAV:1 EDGEPORT:9998 TS:3.590 SPD:19.900 HDG:1.100 PX:71.900 PY:-50.000 LAN:5 BRK:1 RX_X:0.000 RX_Y:0.000 RX_Z:0.000
[ZONE-ROUTE] CID:4 zone=1 edge_port=9998
[EDGE-RTT] CID:4 wall=1.0 ms  sim_delay=10.0 ms
>>> [UAV->CLOUD] BLK:a3e5|TX:7.0.0.8|CID:4|TS:3.590|SPD:19.9|HDG:1.1|PX:71.9|PY:-50.0|LAN...
[PASSIVE-BEACON] SIMNOW:3.604 CID:2 ZONE:1 RXUAV:1 EDGEPORT:9998 TS:3.590 SPD:20.400 HDG:0.500 PX:72.000 PY:-30.000 LAN:3 BRK:0 RX_X:0.000 RX_Y:0.000 RX_Z:0.000
[ZONE-ROUTE] CID:2 zone=1 edge_port=9998
[EDGE-RTT] CID:2 wall=1.0 ms  sim_delay=10.0 ms
>>> [UAV->CLOUD] BLK:fe5d|TX:7.0.0.6|CID:2|TS:3.590|SPD:20.4|HDG:0.5|PX:72.0|PY:-30.0|LAN...
✓ [CAR 2] ACT=OK REP=0.780 RWD=1.000 PNL=0.000 CREDIT=3
✓ [CAR 4] ACT=OK REP=0.869 RWD=1.000 PNL=0.000 CREDIT=3
[PASSIVE-BEACON] SIMNOW:3.626 CID:7 ZONE:1 RXUAV:1 EDGEPORT:9998 TS:3.612 SPD:20.500 HDG:0.700 PX:91.500 PY:-30.000 LAN:3 BRK:0 RX_X:0.000 RX_Y:0.000 RX_Z:0.000
[ZONE-ROUTE] CID:7 zone=1 edge_port=9998
[EDGE-RTT] CID:7 wall=0.9 ms  sim_delay=10.0 ms
>>> [UAV->CLOUD] BLK:d033|TX:7.0.0.11|CID:7|TS:3.612|SPD:20.5|HDG:0.7|PX:91.5|PY:-30.0|LA...
✓ [CAR 7] ACT=OK REP=1.000 RWD=1.000 PNL=0.000 CREDIT=3
[PASSIVE-BEACON] SIMNOW:3.792 CID:0 ZONE:1 RXUAV:1 EDGEPORT:9998 TS:3.780 SPD:19.600 HDG:1.400 PX:76.200 PY:-10.000 LAN:1 BRK:1 RX_X:0.000 RX_Y:0.000 RX_Z:0.000
[ZONE-ROUTE] CID:0 zone=1 edge_port=9998
[EDGE-RTT] CID:0 wall=1.0 ms  sim_delay=10.0 ms
>>> [UAV->CLOUD] BLK:54bf|TX:7.0.0.4|CID:0|TS:3.780|SPD:19.6|HDG:1.4|PX:76.2|PY:-10.0|LAN...
✓ [CAR 0] ACT=OK REP=0.982 RWD=1.000 PNL=0.000 CREDIT=3
[PASSIVE-BEACON] SIMNOW:3.814 CID:1 ZONE:1 RXUAV:1 EDGEPORT:9998 TS:3.800 SPD:19.700 HDG:1.100 PX:75.600 PY:-20.000 LAN:2 BRK:0 RX_X:0.000 RX_Y:0.000 RX_Z:0.000
[ZONE-ROUTE] CID:1 zone=1 edge_port=9998
[EDGE-RTT] CID:1 wall=1.1 ms  sim_delay=10.0 ms
>>> [UAV->CLOUD] BLK:5a1f|TX:7.0.0.5|CID:1|TS:3.800|SPD:19.7|HDG:1.1|PX:75.6|PY:-20.0|LAN...
✓ [CAR 1] ACT=OK REP=0.758 RWD=1.000 PNL=0.000 CREDIT=3
[PASSIVE-BEACON] SIMNOW:3.876 CID:5 ZONE:1 RXUAV:1 EDGEPORT:9998 TS:3.862 SPD:19.600 HDG:-0.600 PX:96.600 PY:-10.000 LAN:1 BRK:0 RX_X:0.000 RX_Y:0.000 RX_Z:0.000
[ZONE-ROUTE] CID:5 zone=1 edge_port=9998
[EDGE-RTT] CID:5 wall=1.1 ms  sim_delay=10.0 ms
>>> [UAV->CLOUD] BLK:528e|TX:7.0.0.9|CID:5|TS:3.862|SPD:19.6|HDG:-0.6|PX:96.6|PY:-10.0|LA...
✓ [CAR 5] ACT=OK REP=0.622 RWD=1.000 PNL=0.000 CREDIT=3
[PASSIVE-BEACON] SIMNOW:3.896 CID:6 ZONE:1 RXUAV:1 EDGEPORT:9998 TS:3.882 SPD:20.100 HDG:0.600 PX:96.900 PY:-20.000 LAN:2 BRK:0 RX_X:0.000 RX_Y:0.000 RX_Z:0.000
[ZONE-ROUTE] CID:6 zone=1 edge_port=9998
[EDGE-RTT] CID:6 wall=0.8 ms  sim_delay=10.0 ms
>>> [UAV->CLOUD] BLK:3488|TX:7.0.0.10|CID:6|TS:3.882|SPD:20.1|HDG:0.6|PX:96.9|PY:-20.0|LA...
✓ [CAR 6] ACT=OK REP=0.692 RWD=0.997 PNL=0.000 CREDIT=2
[PASSIVE-BEACON] SIMNOW:3.927 CID:9 ZONE:1 RXUAV:1 EDGEPORT:9998 TS:3.912 SPD:19.900 HDG:1.900 PX:98.900 PY:-50.000 LAN:5 BRK:0 RX_X:0.000 RX_Y:0.000 RX_Z:0.000
[ZONE-ROUTE] CID:9 zone=1 edge_port=9998
[EDGE-RTT] CID:9 wall=1.1 ms  sim_delay=10.0 ms
>>> [UAV->CLOUD] BLK:6b30|TX:7.0.0.13|CID:9|TS:3.912|SPD:19.9|HDG:1.9|PX:98.9|PY:-50.0|LA...
✓ [CAR 9] ACT=OK REP=0.871 RWD=1.000 PNL=0.000 CREDIT=3
[PASSIVE-BEACON] SIMNOW:4.006 CID:8 ZONE:1 RXUAV:1 EDGEPORT:9998 TS:3.992 SPD:19.900 HDG:1.300 PX:99.100 PY:-40.000 LAN:4 BRK:0 RX_X:0.000 RX_Y:0.000 RX_Z:0.000
[ZONE-ROUTE] CID:8 zone=1 edge_port=9998
[EDGE-RTT] CID:8 wall=1.0 ms  sim_delay=10.0 ms
>>> [UAV->CLOUD] BLK:5ad9|TX:7.0.0.12|CID:8|TS:3.992|SPD:19.9|HDG:1.3|PX:99.1|PY:-40.0|LA...
✓ [CAR 8] ACT=OK REP=0.713 RWD=1.000 PNL=0.000 CREDIT=3
[PASSIVE-BEACON] SIMNOW:4.064 CID:3 ZONE:1 RXUAV:1 EDGEPORT:9998 TS:4.050 SPD:20.400 HDG:-1.300 PX:81.200 PY:-40.000 LAN:4 BRK:0 RX_X:0.000 RX_Y:0.000 RX_Z:0.000
[ZONE-ROUTE] CID:3 zone=1 edge_port=9998
[EDGE-RTT] CID:3 wall=1.2 ms  sim_delay=10.0 ms
>>> [UAV->CLOUD] BLK:1525|TX:7.0.0.7|CID:3|TS:4.050|SPD:20.4|HDG:-1.3|PX:81.2|PY:-40.0|LA...
✓ [CAR 3] ACT=OK REP=0.892 RWD=1.000 PNL=0.000 CREDIT=3
[PASSIVE-BEACON] SIMNOW:4.104 CID:4 ZONE:1 RXUAV:1 EDGEPORT:9998 TS:4.090 SPD:19.800 HDG:-1.200 PX:82.200 PY:-50.000 LAN:5 BRK:0 RX_X:0.000 RX_Y:0.000 RX_Z:0.000
[ZONE-ROUTE] CID:4 zone=1 edge_port=9998
[EDGE-RTT] CID:4 wall=1.1 ms  sim_delay=10.0 ms
>>> [UAV->CLOUD] BLK:2df8|TX:7.0.0.8|CID:4|TS:4.090|SPD:19.8|HDG:-1.2|PX:82.2|PY:-50.0|LA...
[PASSIVE-BEACON] SIMNOW:4.104 CID:2 ZONE:1 RXUAV:1 EDGEPORT:9998 TS:4.090 SPD:20.400 HDG:-1.700 PX:82.200 PY:-30.000 LAN:3 BRK:1 RX_X:0.000 RX_Y:0.000 RX_Z:0.000
[ZONE-ROUTE] CID:2 zone=1 edge_port=9998
[EDGE-RTT] CID:2 wall=1.0 ms  sim_delay=10.0 ms
>>> [UAV->CLOUD] BLK:fa83|TX:7.0.0.6|CID:2|TS:4.090|SPD:20.4|HDG:-1.7|PX:82.2|PY:-30.0|LA...
✓ [CAR 2] ACT=OK REP=0.835 RWD=1.000 PNL=0.000 CREDIT=4
✓ [CAR 4] ACT=OK REP=0.761 RWD=1.000 PNL=0.000 CREDIT=4
[PASSIVE-BEACON] SIMNOW:4.126 CID:7 ZONE:1 RXUAV:1 EDGEPORT:9998 TS:4.112 SPD:20.100 HDG:-0.500 PX:102.900 PY:-30.000 LAN:3 BRK:1 RX_X:0.000 RX_Y:0.000 RX_Z:0.000
[ZONE-ROUTE] CID:7 zone=1 edge_port=9998
[EDGE-RTT] CID:7 wall=1.0 ms  sim_delay=10.0 ms
>>> [UAV->CLOUD] BLK:404e|TX:7.0.0.11|CID:7|TS:4.112|SPD:20.1|HDG:-0.5|PX:102.9|PY:-30.0|...
✓ [CAR 7] ACT=OK REP=0.894 RWD=1.000 PNL=0.000 CREDIT=4
[PASSIVE-BEACON] SIMNOW:4.294 CID:0 ZONE:1 RXUAV:1 EDGEPORT:9998 TS:4.280 SPD:19.700 HDG:-1.500 PX:85.900 PY:-10.000 LAN:1 BRK:0 RX_X:0.000 RX_Y:0.000 RX_Z:0.000
[ZONE-ROUTE] CID:0 zone=1 edge_port=9998
[EDGE-RTT] CID:0 wall=1.1 ms  sim_delay=10.0 ms
>>> [UAV->CLOUD] BLK:ab4a|TX:7.0.0.4|CID:0|TS:4.280|SPD:19.7|HDG:-1.5|PX:85.9|PY:-10.0|LA...
✓ [CAR 0] ACT=OK REP=0.974 RWD=1.000 PNL=0.000 CREDIT=4
[PASSIVE-BEACON] SIMNOW:4.314 CID:1 ZONE:1 RXUAV:1 EDGEPORT:9998 TS:4.300 SPD:19.900 HDG:0.800 PX:86.300 PY:-20.000 LAN:2 BRK:0 RX_X:0.000 RX_Y:0.000 RX_Z:0.000
[ZONE-ROUTE] CID:1 zone=1 edge_port=9998
[EDGE-RTT] CID:1 wall=0.9 ms  sim_delay=10.0 ms
>>> [UAV->CLOUD] BLK:b621|TX:7.0.0.5|CID:1|TS:4.300|SPD:19.9|HDG:0.8|PX:86.3|PY:-20.0|LAN...
✓ [CAR 1] ACT=OK REP=0.864 RWD=1.000 PNL=0.000 CREDIT=4
[PASSIVE-BEACON] SIMNOW:4.375 CID:5 ZONE:1 RXUAV:1 EDGEPORT:9998 TS:4.362 SPD:19.900 HDG:0.700 PX:106.500 PY:-10.000 LAN:1 BRK:0 RX_X:0.000 RX_Y:0.000 RX_Z:0.000
[ZONE-ROUTE] CID:5 zone=1 edge_port=9998
[EDGE-RTT] CID:5 wall=1.2 ms  sim_delay=10.0 ms
>>> [UAV->CLOUD] BLK:392e|TX:7.0.0.9|CID:5|TS:4.362|SPD:19.9|HDG:0.7|PX:106.5|PY:-10.0|LA...
✓ [CAR 5] ACT=OK REP=0.921 RWD=1.000 PNL=0.000 CREDIT=4
[PASSIVE-BEACON] SIMNOW:4.396 CID:6 ZONE:1 RXUAV:1 EDGEPORT:9998 TS:4.382 SPD:20.400 HDG:-1.000 PX:108.100 PY:-20.000 LAN:2 BRK:0 RX_X:0.000 RX_Y:0.000 RX_Z:0.000
[ZONE-ROUTE] CID:6 zone=1 edge_port=9998
[EDGE-RTT] CID:6 wall=1.1 ms  sim_delay=10.0 ms
>>> [UAV->CLOUD] BLK:2bfa|TX:7.0.0.10|CID:6|TS:4.382|SPD:20.4|HDG:-1.0|PX:108.1|PY:-20.0|...
✓ [CAR 6] ACT=OK REP=0.871 RWD=1.000 PNL=0.000 CREDIT=3
[PASSIVE-BEACON] SIMNOW:4.426 CID:9 ZONE:1 RXUAV:1 EDGEPORT:9998 TS:4.412 SPD:20.200 HDG:-1.100 PX:107.700 PY:-50.000 LAN:5 BRK:0 RX_X:0.000 RX_Y:0.000 RX_Z:0.000
[ZONE-ROUTE] CID:9 zone=1 edge_port=9998
[EDGE-RTT] CID:9 wall=1.3 ms  sim_delay=10.0 ms
>>> [UAV->CLOUD] BLK:2c3a|TX:7.0.0.13|CID:9|TS:4.412|SPD:20.2|HDG:-1.1|PX:107.7|PY:-50.0|...
✓ [CAR 9] ACT=OK REP=0.698 RWD=1.000 PNL=0.000 CREDIT=4
[PASSIVE-BEACON] SIMNOW:4.506 CID:8 ZONE:1 RXUAV:1 EDGEPORT:9998 TS:4.492 SPD:19.500 HDG:-1.400 PX:110.500 PY:-40.000 LAN:4 BRK:0 RX_X:0.000 RX_Y:0.000 RX_Z:0.000
[ZONE-ROUTE] CID:8 zone=1 edge_port=9998
[EDGE-RTT] CID:8 wall=1.2 ms  sim_delay=10.0 ms
>>> [UAV->CLOUD] BLK:ddec|TX:7.0.0.12|CID:8|TS:4.492|SPD:19.5|HDG:-1.4|PX:110.5|PY:-40.0|...
✓ [CAR 8] ACT=OK REP=0.694 RWD=1.000 PNL=0.000 CREDIT=4
[PASSIVE-BEACON] SIMNOW:4.565 CID:3 ZONE:1 RXUAV:1 EDGEPORT:9998 TS:4.550 SPD:20.000 HDG:-1.300 PX:90.400 PY:-40.000 LAN:4 BRK:1 RX_X:0.000 RX_Y:0.000 RX_Z:0.000
[ZONE-ROUTE] CID:3 zone=1 edge_port=9998
[EDGE-RTT] CID:3 wall=0.9 ms  sim_delay=10.0 ms
>>> [UAV->CLOUD] BLK:ec77|TX:7.0.0.7|CID:3|TS:4.550|SPD:20.0|HDG:-1.3|PX:90.4|PY:-40.0|LA...
✓ [CAR 3] ACT=OK REP=0.646 RWD=1.000 PNL=0.000 CREDIT=4
[PASSIVE-BEACON] SIMNOW:4.604 CID:4 ZONE:1 RXUAV:1 EDGEPORT:9998 TS:4.590 SPD:19.500 HDG:-0.200 PX:91.300 PY:-50.000 LAN:5 BRK:1 RX_X:0.000 RX_Y:0.000 RX_Z:0.000
[ZONE-ROUTE] CID:4 zone=1 edge_port=9998
[EDGE-RTT] CID:4 wall=1.1 ms  sim_delay=10.0 ms
>>> [UAV->CLOUD] BLK:d058|TX:7.0.0.8|CID:4|TS:4.590|SPD:19.5|HDG:-0.2|PX:91.3|PY:-50.0|LA...
[PASSIVE-BEACON] SIMNOW:4.604 CID:2 ZONE:1 RXUAV:1 EDGEPORT:9998 TS:4.590 SPD:20.100 HDG:0.400 PX:91.800 PY:-30.000 LAN:3 BRK:0 RX_X:0.000 RX_Y:0.000 RX_Z:0.000
[ZONE-ROUTE] CID:2 zone=1 edge_port=9998
[EDGE-RTT] CID:2 wall=0.9 ms  sim_delay=10.0 ms
>>> [UAV->CLOUD] BLK:6e9d|TX:7.0.0.6|CID:2|TS:4.590|SPD:20.1|HDG:0.4|PX:91.8|PY:-30.0|LAN...
✓ [CAR 2] ACT=OK REP=1.000 RWD=1.000 PNL=0.000 CREDIT=5
✓ [CAR 4] ACT=OK REP=0.921 RWD=1.000 PNL=0.000 CREDIT=5
[PASSIVE-BEACON] SIMNOW:4.626 CID:7 ZONE:1 RXUAV:1 EDGEPORT:9998 TS:4.612 SPD:20.100 HDG:-0.900 PX:112.000 PY:-30.000 LAN:3 BRK:0 RX_X:0.000 RX_Y:0.000 RX_Z:0.000
[ZONE-ROUTE] CID:7 zone=1 edge_port=9998
[EDGE-RTT] CID:7 wall=0.8 ms  sim_delay=10.0 ms
>>> [UAV->CLOUD] BLK:8dc9|TX:7.0.0.11|CID:7|TS:4.612|SPD:20.1|HDG:-0.9|PX:112.0|PY:-30.0|...
✓ [CAR 7] ACT=OK REP=0.851 RWD=1.000 PNL=0.000 CREDIT=5
[PASSIVE-BEACON] SIMNOW:4.794 CID:0 ZONE:1 RXUAV:1 EDGEPORT:9998 TS:4.780 SPD:19.700 HDG:0.200 PX:96.300 PY:-10.000 LAN:1 BRK:0 RX_X:0.000 RX_Y:0.000 RX_Z:0.000
[ZONE-ROUTE] CID:0 zone=1 edge_port=9998
[EDGE-RTT] CID:0 wall=1.2 ms  sim_delay=10.0 ms
>>> [UAV->CLOUD] BLK:2c52|TX:7.0.0.4|CID:0|TS:4.780|SPD:19.7|HDG:0.2|PX:96.3|PY:-10.0|LAN...
✓ [CAR 0] ACT=OK REP=1.000 RWD=1.000 PNL=0.000 CREDIT=5
[PASSIVE-BEACON] SIMNOW:4.814 CID:1 ZONE:1 RXUAV:1 EDGEPORT:9998 TS:4.800 SPD:19.900 HDG:0.900 PX:95.600 PY:-20.000 LAN:2 BRK:0 RX_X:0.000 RX_Y:0.000 RX_Z:0.000
[ZONE-ROUTE] CID:1 zone=1 edge_port=9998
[EDGE-RTT] CID:1 wall=1.1 ms  sim_delay=10.0 ms
>>> [UAV->CLOUD] BLK:9f77|TX:7.0.0.5|CID:1|TS:4.800|SPD:19.9|HDG:0.9|PX:95.6|PY:-20.0|LAN...
✓ [CAR 1] ACT=OK REP=0.708 RWD=1.000 PNL=0.000 CREDIT=5
[PASSIVE-BEACON] SIMNOW:4.876 CID:5 ZONE:1 RXUAV:1 EDGEPORT:9998 TS:4.862 SPD:20.500 HDG:0.200 PX:117.600 PY:-10.000 LAN:1 BRK:0 RX_X:0.000 RX_Y:0.000 RX_Z:0.000
[ZONE-ROUTE] CID:5 zone=1 edge_port=9998
[EDGE-RTT] CID:5 wall=0.9 ms  sim_delay=10.0 ms
>>> [UAV->CLOUD] BLK:17a5|TX:7.0.0.9|CID:5|TS:4.862|SPD:20.5|HDG:0.2|PX:117.6|PY:-10.0|LA...
✓ [CAR 5] ACT=OK REP=0.885 RWD=1.000 PNL=0.000 CREDIT=5
[PASSIVE-BEACON] SIMNOW:4.896 CID:6 ZONE:1 RXUAV:1 EDGEPORT:9998 TS:4.882 SPD:19.800 HDG:-0.300 PX:117.800 PY:-20.000 LAN:2 BRK:1 RX_X:0.000 RX_Y:0.000 RX_Z:0.000
[ZONE-ROUTE] CID:6 zone=1 edge_port=9998
[EDGE-RTT] CID:6 wall=1.0 ms  sim_delay=10.0 ms
>>> [UAV->CLOUD] BLK:b86f|TX:7.0.0.10|CID:6|TS:4.882|SPD:19.8|HDG:-0.3|PX:117.8|PY:-20.0|...
✓ [CAR 6] ACT=OK REP=0.879 RWD=1.000 PNL=0.000 CREDIT=4
[PASSIVE-BEACON] SIMNOW:4.927 CID:9 ZONE:1 RXUAV:1 EDGEPORT:9998 TS:4.912 SPD:20.200 HDG:-1.900 PX:118.400 PY:-50.000 LAN:5 BRK:1 RX_X:0.000 RX_Y:0.000 RX_Z:0.000
[ZONE-ROUTE] CID:9 zone=1 edge_port=9998
[EDGE-RTT] CID:9 wall=1.2 ms  sim_delay=10.0 ms
>>> [UAV->CLOUD] BLK:ccb1|TX:7.0.0.13|CID:9|TS:4.912|SPD:20.2|HDG:-1.9|PX:118.4|PY:-50.0|...
✓ [CAR 9] ACT=OK REP=0.986 RWD=1.000 PNL=0.000 CREDIT=5
[PASSIVE-BEACON] SIMNOW:5.006 CID:8 ZONE:1 RXUAV:1 EDGEPORT:9998 TS:4.992 SPD:20.400 HDG:-1.100 PX:119.500 PY:-40.000 LAN:4 BRK:1 RX_X:0.000 RX_Y:0.000 RX_Z:0.000
[ZONE-ROUTE] CID:8 zone=1 edge_port=9998
[EDGE-RTT] CID:8 wall=1.1 ms  sim_delay=10.0 ms
>>> [UAV->CLOUD] BLK:0865|TX:7.0.0.12|CID:8|TS:4.992|SPD:20.4|HDG:-1.1|PX:119.5|PY:-40.0|...
✓ [CAR 8] ACT=OK REP=0.567 RWD=1.000 PNL=0.000 CREDIT=5
[PASSIVE-BEACON] SIMNOW:5.064 CID:3 ZONE:1 RXUAV:1 EDGEPORT:9998 TS:5.050 SPD:20.000 HDG:-1.900 PX:100.800 PY:-40.000 LAN:4 BRK:0 RX_X:0.000 RX_Y:0.000 RX_Z:0.000
[ZONE-ROUTE] CID:3 zone=1 edge_port=9998
[EDGE-RTT] CID:3 wall=1.1 ms  sim_delay=10.0 ms
>>> [UAV->CLOUD] BLK:3721|TX:7.0.0.7|CID:3|TS:5.050|SPD:20.0|HDG:-1.9|PX:100.8|PY:-40.0|L...
✓ [CAR 3] ACT=OK REP=0.879 RWD=1.000 PNL=0.000 CREDIT=5
[PASSIVE-BEACON] SIMNOW:5.104 CID:4 ZONE:1 RXUAV:1 EDGEPORT:9998 TS:5.090 SPD:20.400 HDG:-0.200 PX:101.700 PY:-50.000 LAN:5 BRK:0 RX_X:0.000 RX_Y:0.000 RX_Z:0.000
[ZONE-ROUTE] CID:4 zone=1 edge_port=9998
[EDGE-RTT] CID:4 wall=1.2 ms  sim_delay=10.0 ms
>>> [UAV->CLOUD] BLK:dee3|TX:7.0.0.8|CID:4|TS:5.090|SPD:20.4|HDG:-0.2|PX:101.7|PY:-50.0|L...
[PASSIVE-BEACON] SIMNOW:5.104 CID:2 ZONE:1 RXUAV:1 EDGEPORT:9998 TS:5.090 SPD:19.900 HDG:-1.400 PX:101.300 PY:-30.000 LAN:3 BRK:0 RX_X:0.000 RX_Y:0.000 RX_Z:0.000
[ZONE-ROUTE] CID:2 zone=1 edge_port=9998
[EDGE-RTT] CID:2 wall=2.0 ms  sim_delay=10.0 ms
>>> [UAV->CLOUD] BLK:a8f1|TX:7.0.0.6|CID:2|TS:5.090|SPD:19.9|HDG:-1.4|PX:101.3|PY:-30.0|L...
✓ [CAR 2] ACT=OK REP=0.967 RWD=1.000 PNL=0.000 CREDIT=6
✓ [CAR 4] ACT=OK REP=1.000 RWD=1.000 PNL=0.000 CREDIT=6
[PASSIVE-BEACON] SIMNOW:5.126 CID:7 ZONE:1 RXUAV:1 EDGEPORT:9998 TS:5.112 SPD:19.700 HDG:-0.400 PX:122.400 PY:-30.000 LAN:3 BRK:0 RX_X:0.000 RX_Y:0.000 RX_Z:0.000
[ZONE-ROUTE] CID:7 zone=1 edge_port=9998
[EDGE-RTT] CID:7 wall=1.1 ms  sim_delay=10.0 ms
>>> [UAV->CLOUD] BLK:dccf|TX:7.0.0.11|CID:7|TS:5.112|SPD:19.7|HDG:-0.4|PX:122.4|PY:-30.0|...
✓ [CAR 7] ACT=OK REP=0.917 RWD=1.000 PNL=0.000 CREDIT=6
[PASSIVE-BEACON] SIMNOW:5.293 CID:0 ZONE:1 RXUAV:1 EDGEPORT:9998 TS:5.280 SPD:19.800 HDG:0.100 PX:105.700 PY:-10.000 LAN:1 BRK:0 RX_X:0.000 RX_Y:0.000 RX_Z:0.000
[ZONE-ROUTE] CID:0 zone=1 edge_port=9998
[EDGE-RTT] CID:0 wall=1.3 ms  sim_delay=10.0 ms
>>> [UAV->CLOUD] BLK:8454|TX:7.0.0.4|CID:0|TS:5.280|SPD:19.8|HDG:0.1|PX:105.7|PY:-10.0|LA...
✓ [CAR 0] ACT=OK REP=1.000 RWD=1.000 PNL=0.000 CREDIT=6
[PASSIVE-BEACON] SIMNOW:5.314 CID:1 ZONE:1 RXUAV:1 EDGEPORT:9998 TS:5.300 SPD:20.100 HDG:1.200 PX:106.100 PY:-20.000 LAN:2 BRK:1 RX_X:0.000 RX_Y:0.000 RX_Z:0.000
[ZONE-ROUTE] CID:1 zone=1 edge_port=9998
[EDGE-RTT] CID:1 wall=1.0 ms  sim_delay=10.0 ms
>>> [UAV->CLOUD] BLK:3fd1|TX:7.0.0.5|CID:1|TS:5.300|SPD:20.1|HDG:1.2|PX:106.1|PY:-20.0|LA...
✓ [CAR 1] ACT=OK REP=0.814 RWD=1.000 PNL=0.000 CREDIT=6
[PASSIVE-BEACON] SIMNOW:5.376 CID:5 ZONE:1 RXUAV:1 EDGEPORT:9998 TS:5.362 SPD:20.000 HDG:-1.900 PX:127.600 PY:-10.000 LAN:1 BRK:0 RX_X:0.000 RX_Y:0.000 RX_Z:0.000
[ZONE-ROUTE] CID:5 zone=1 edge_port=9998
[EDGE-RTT] CID:5 wall=1.1 ms  sim_delay=10.0 ms
>>> [UAV->CLOUD] BLK:d4ee|TX:7.0.0.9|CID:5|TS:5.362|SPD:20.0|HDG:-1.9|PX:127.6|PY:-10.0|L...
✓ [CAR 5] ACT=OK REP=0.693 RWD=1.000 PNL=0.000 CREDIT=6
[PASSIVE-BEACON] SIMNOW:5.396 CID:6 ZONE:1 RXUAV:1 EDGEPORT:9998 TS:5.382 SPD:19.900 HDG:-0.100 PX:127.900 PY:-20.000 LAN:2 BRK:0 RX_X:0.000 RX_Y:0.000 RX_Z:0.000
[ZONE-ROUTE] CID:6 zone=1 edge_port=9998
[EDGE-RTT] CID:6 wall=1.2 ms  sim_delay=10.0 ms
>>> [UAV->CLOUD] BLK:4203|TX:7.0.0.10|CID:6|TS:5.382|SPD:19.9|HDG:-0.1|PX:127.9|PY:-20.0|...
✓ [CAR 6] ACT=OK REP=0.777 RWD=1.000 PNL=0.000 CREDIT=5
[PASSIVE-BEACON] SIMNOW:5.426 CID:9 ZONE:1 RXUAV:1 EDGEPORT:9998 TS:5.412 SPD:19.600 HDG:-1.800 PX:128.300 PY:-50.000 LAN:5 BRK:0 RX_X:0.000 RX_Y:0.000 RX_Z:0.000
[ZONE-ROUTE] CID:9 zone=1 edge_port=9998
[EDGE-RTT] CID:9 wall=0.9 ms  sim_delay=10.0 ms
>>> [UAV->CLOUD] BLK:61f8|TX:7.0.0.13|CID:9|TS:5.412|SPD:19.6|HDG:-1.8|PX:128.3|PY:-50.0|...
✓ [CAR 9] ACT=OK REP=1.000 RWD=1.000 PNL=0.000 CREDIT=6
[PASSIVE-BEACON] SIMNOW:5.506 CID:8 ZONE:1 RXUAV:1 EDGEPORT:9998 TS:5.492 SPD:19.800 HDG:-0.900 PX:130.500 PY:-40.000 LAN:4 BRK:0 RX_X:0.000 RX_Y:0.000 RX_Z:0.000
[ZONE-ROUTE] CID:8 zone=1 edge_port=9998
[EDGE-RTT] CID:8 wall=0.9 ms  sim_delay=10.0 ms
>>> [UAV->CLOUD] BLK:c3d6|TX:7.0.0.12|CID:8|TS:5.492|SPD:19.8|HDG:-0.9|PX:130.5|PY:-40.0|...
✓ [CAR 8] ACT=OK REP=1.000 RWD=1.000 PNL=0.000 CREDIT=6
[PASSIVE-BEACON] SIMNOW:5.562 CID:3 ZONE:1 RXUAV:1 EDGEPORT:9998 TS:5.550 SPD:19.600 HDG:-0.600 PX:110.300 PY:-40.000 LAN:4 BRK:0 RX_X:0.000 RX_Y:0.000 RX_Z:0.000
[ZONE-ROUTE] CID:3 zone=1 edge_port=9998
[EDGE-RTT] CID:3 wall=0.8 ms  sim_delay=10.0 ms
>>> [UAV->CLOUD] BLK:1275|TX:7.0.0.7|CID:3|TS:5.550|SPD:19.6|HDG:-0.6|PX:110.3|PY:-40.0|L...
✓ [CAR 3] ACT=OK REP=0.829 RWD=1.000 PNL=0.000 CREDIT=6
[PASSIVE-BEACON] SIMNOW:5.604 CID:4 ZONE:1 RXUAV:1 EDGEPORT:9998 TS:5.590 SPD:20.200 HDG:-1.500 PX:111.300 PY:-50.000 LAN:5 BRK:1 RX_X:0.000 RX_Y:0.000 RX_Z:0.000
[ZONE-ROUTE] CID:4 zone=1 edge_port=9998
[EDGE-RTT] CID:4 wall=1.1 ms  sim_delay=10.0 ms
>>> [UAV->CLOUD] BLK:cf11|TX:7.0.0.8|CID:4|TS:5.590|SPD:20.2|HDG:-1.5|PX:111.3|PY:-50.0|L...
[PASSIVE-BEACON] SIMNOW:5.604 CID:2 ZONE:1 RXUAV:1 EDGEPORT:9998 TS:5.590 SPD:20.200 HDG:0.800 PX:111.300 PY:-30.000 LAN:3 BRK:0 RX_X:0.000 RX_Y:0.000 RX_Z:0.000
[ZONE-ROUTE] CID:2 zone=1 edge_port=9998
[EDGE-RTT] CID:2 wall=0.6 ms  sim_delay=10.0 ms
>>> [UAV->CLOUD] BLK:5144|TX:7.0.0.6|CID:2|TS:5.590|SPD:20.2|HDG:0.8|PX:111.3|PY:-30.0|LA...
✓ [CAR 2] ACT=OK REP=0.898 RWD=1.000 PNL=0.000 CREDIT=7
✓ [CAR 4] ACT=OK REP=0.777 RWD=1.000 PNL=0.000 CREDIT=7
[PASSIVE-BEACON] SIMNOW:5.626 CID:7 ZONE:1 RXUAV:1 EDGEPORT:9998 TS:5.612 SPD:20.400 HDG:1.000 PX:132.600 PY:-30.000 LAN:3 BRK:1 RX_X:0.000 RX_Y:0.000 RX_Z:0.000
[ZONE-ROUTE] CID:7 zone=1 edge_port=9998
[EDGE-RTT] CID:7 wall=1.1 ms  sim_delay=10.0 ms
>>> [UAV->CLOUD] BLK:902d|TX:7.0.0.11|CID:7|TS:5.612|SPD:20.4|HDG:1.0|PX:132.6|PY:-30.0|L...
✓ [CAR 7] ACT=OK REP=1.000 RWD=1.000 PNL=0.000 CREDIT=7
[PASSIVE-BEACON] SIMNOW:5.794 CID:0 ZONE:1 RXUAV:1 EDGEPORT:9998 TS:5.780 SPD:20.500 HDG:0.600 PX:116.000 PY:-10.000 LAN:1 BRK:0 RX_X:0.000 RX_Y:0.000 RX_Z:0.000
[ZONE-ROUTE] CID:0 zone=1 edge_port=9998
[EDGE-RTT] CID:0 wall=1.2 ms  sim_delay=10.0 ms
>>> [UAV->CLOUD] BLK:0989|TX:7.0.0.4|CID:0|TS:5.780|SPD:20.5|HDG:0.6|PX:116.0|PY:-10.0|LA...
✓ [CAR 0] ACT=OK REP=0.916 RWD=1.000 PNL=0.000 CREDIT=7
[PASSIVE-BEACON] SIMNOW:5.814 CID:1 ZONE:1 RXUAV:1 EDGEPORT:9998 TS:5.800 SPD:20.100 HDG:-1.600 PX:116.600 PY:-20.000 LAN:2 BRK:0 RX_X:0.000 RX_Y:0.000 RX_Z:0.000
[ZONE-ROUTE] CID:1 zone=1 edge_port=9998
[EDGE-RTT] CID:1 wall=1.1 ms  sim_delay=10.0 ms
>>> [UAV->CLOUD] BLK:7d04|TX:7.0.0.5|CID:1|TS:5.800|SPD:20.1|HDG:-1.6|PX:116.6|PY:-20.0|L...
✓ [CAR 1] ACT=OK REP=0.799 RWD=1.000 PNL=0.000 CREDIT=7
[PASSIVE-BEACON] SIMNOW:5.875 CID:5 ZONE:1 RXUAV:1 EDGEPORT:9998 TS:5.862 SPD:19.600 HDG:-0.800 PX:137.100 PY:-10.000 LAN:1 BRK:0 RX_X:0.000 RX_Y:0.000 RX_Z:0.000
[ZONE-ROUTE] CID:5 zone=1 edge_port=9998
[EDGE-RTT] CID:5 wall=1.3 ms  sim_delay=10.0 ms
>>> [UAV->CLOUD] BLK:a952|TX:7.0.0.9|CID:5|TS:5.862|SPD:19.6|HDG:-0.8|PX:137.1|PY:-10.0|L...
✓ [CAR 5] ACT=OK REP=1.000 RWD=1.000 PNL=0.000 CREDIT=7
[PASSIVE-BEACON] SIMNOW:5.896 CID:6 ZONE:1 RXUAV:1 EDGEPORT:9998 TS:5.882 SPD:19.900 HDG:1.200 PX:138.100 PY:-20.000 LAN:2 BRK:0 RX_X:0.000 RX_Y:0.000 RX_Z:0.000
[ZONE-ROUTE] CID:6 zone=1 edge_port=9998
[EDGE-RTT] CID:6 wall=1.1 ms  sim_delay=10.0 ms
>>> [UAV->CLOUD] BLK:56f8|TX:7.0.0.10|CID:6|TS:5.882|SPD:19.9|HDG:1.2|PX:138.1|PY:-20.0|L...
✓ [CAR 6] ACT=OK REP=0.944 RWD=1.000 PNL=0.000 CREDIT=6
[PASSIVE-BEACON] SIMNOW:5.927 CID:9 ZONE:1 RXUAV:1 EDGEPORT:9998 TS:5.912 SPD:20.200 HDG:-0.200 PX:138.200 PY:-50.000 LAN:5 BRK:0 RX_X:0.000 RX_Y:0.000 RX_Z:0.000
[ZONE-ROUTE] CID:9 zone=1 edge_port=9998
[EDGE-RTT] CID:9 wall=1.1 ms  sim_delay=10.0 ms
>>> [UAV->CLOUD] BLK:f51a|TX:7.0.0.13|CID:9|TS:5.912|SPD:20.2|HDG:-0.2|PX:138.2|PY:-50.0|...
✓ [CAR 9] ACT=OK REP=0.733 RWD=1.000 PNL=0.000 CREDIT=7
[PASSIVE-BEACON] SIMNOW:6.006 CID:8 ZONE:1 RXUAV:1 EDGEPORT:9998 TS:5.992 SPD:19.900 HDG:-0.600 PX:139.400 PY:-40.000 LAN:4 BRK:1 RX_X:0.000 RX_Y:0.000 RX_Z:0.000
[ZONE-ROUTE] CID:8 zone=1 edge_port=9998
[EDGE-RTT] CID:8 wall=1.3 ms  sim_delay=10.0 ms
>>> [UAV->CLOUD] BLK:9a5b|TX:7.0.0.12|CID:8|TS:5.992|SPD:19.9|HDG:-0.6|PX:139.4|PY:-40.0|...
✓ [CAR 8] ACT=OK REP=0.758 RWD=1.000 PNL=0.000 CREDIT=7
[PASSIVE-BEACON] SIMNOW:6.064 CID:3 ZONE:1 RXUAV:1 EDGEPORT:9998 TS:6.050 SPD:20.100 HDG:0.900 PX:121.000 PY:-40.000 LAN:4 BRK:1 RX_X:0.000 RX_Y:0.000 RX_Z:0.000
[ZONE-ROUTE] CID:3 zone=1 edge_port=9998
[EDGE-RTT] CID:3 wall=1.1 ms  sim_delay=10.0 ms
>>> [UAV->CLOUD] BLK:b141|TX:7.0.0.7|CID:3|TS:6.050|SPD:20.1|HDG:0.9|PX:121.0|PY:-40.0|LA...
✓ [CAR 3] ACT=OK REP=1.000 RWD=1.000 PNL=0.000 CREDIT=7
[PASSIVE-BEACON] SIMNOW:6.104 CID:4 ZONE:1 RXUAV:1 EDGEPORT:9998 TS:6.090 SPD:20.000 HDG:-0.900 PX:121.800 PY:-50.000 LAN:5 BRK:0 RX_X:0.000 RX_Y:0.000 RX_Z:0.000
[ZONE-ROUTE] CID:4 zone=1 edge_port=9998
[EDGE-RTT] CID:4 wall=1.0 ms  sim_delay=10.0 ms
>>> [UAV->CLOUD] BLK:f6a2|TX:7.0.0.8|CID:4|TS:6.090|SPD:20.0|HDG:-0.9|PX:121.8|PY:-50.0|L...
[PASSIVE-BEACON] SIMNOW:6.104 CID:2 ZONE:1 RXUAV:1 EDGEPORT:9998 TS:6.090 SPD:20.000 HDG:-0.700 PX:121.100 PY:-30.000 LAN:3 BRK:0 RX_X:0.000 RX_Y:0.000 RX_Z:0.000
[ZONE-ROUTE] CID:2 zone=1 edge_port=9998
[EDGE-RTT] CID:2 wall=2.6 ms  sim_delay=10.0 ms
>>> [UAV->CLOUD] BLK:1e7c|TX:7.0.0.6|CID:2|TS:6.090|SPD:20.0|HDG:-0.7|PX:121.1|PY:-30.0|L...
✓ [CAR 4] ACT=OK REP=1.000 RWD=1.000 PNL=0.000 CREDIT=8
✓ [CAR 2] ACT=OK REP=0.642 RWD=1.000 PNL=0.000 CREDIT=8
[PASSIVE-BEACON] SIMNOW:6.126 CID:7 ZONE:1 RXUAV:1 EDGEPORT:9998 TS:6.112 SPD:20.400 HDG:1.000 PX:142.300 PY:-30.000 LAN:3 BRK:0 RX_X:0.000 RX_Y:0.000 RX_Z:0.000
[ZONE-ROUTE] CID:7 zone=1 edge_port=9998
[EDGE-RTT] CID:7 wall=1.1 ms  sim_delay=10.0 ms
>>> [UAV->CLOUD] BLK:8032|TX:7.0.0.11|CID:7|TS:6.112|SPD:20.4|HDG:1.0|PX:142.3|PY:-30.0|L...
✓ [CAR 7] ACT=OK REP=0.823 RWD=1.000 PNL=0.000 CREDIT=8
[PASSIVE-BEACON] SIMNOW:6.294 CID:0 ZONE:1 RXUAV:1 EDGEPORT:9998 TS:6.280 SPD:19.800 HDG:-1.900 PX:125.700 PY:-10.000 LAN:1 BRK:0 RX_X:0.000 RX_Y:0.000 RX_Z:0.000
[ZONE-ROUTE] CID:0 zone=1 edge_port=9998
[EDGE-RTT] CID:0 wall=1.2 ms  sim_delay=10.0 ms
>>> [UAV->CLOUD] BLK:a943|TX:7.0.0.4|CID:0|TS:6.280|SPD:19.8|HDG:-1.9|PX:125.7|PY:-10.0|L...
✓ [CAR 0] ACT=OK REP=1.000 RWD=1.000 PNL=0.000 CREDIT=8
[PASSIVE-BEACON] SIMNOW:6.314 CID:1 ZONE:1 RXUAV:1 EDGEPORT:9998 TS:6.300 SPD:20.200 HDG:1.600 PX:125.700 PY:-20.000 LAN:2 BRK:1 RX_X:0.000 RX_Y:0.000 RX_Z:0.000
[ZONE-ROUTE] CID:1 zone=1 edge_port=9998
[EDGE-RTT] CID:1 wall=1.0 ms  sim_delay=10.0 ms
>>> [UAV->CLOUD] BLK:45c4|TX:7.0.0.5|CID:1|TS:6.300|SPD:20.2|HDG:1.6|PX:125.7|PY:-20.0|LA...
✓ [CAR 1] ACT=OK REP=0.825 RWD=1.000 PNL=0.000 CREDIT=8
[PASSIVE-BEACON] SIMNOW:6.376 CID:5 ZONE:1 RXUAV:1 EDGEPORT:9998 TS:6.362 SPD:19.700 HDG:0.900 PX:146.700 PY:-10.000 LAN:1 BRK:1 RX_X:0.000 RX_Y:0.000 RX_Z:0.000
[ZONE-ROUTE] CID:5 zone=1 edge_port=9998
[EDGE-RTT] CID:5 wall=1.2 ms  sim_delay=10.0 ms
>>> [UAV->CLOUD] BLK:6234|TX:7.0.0.9|CID:5|TS:6.362|SPD:19.7|HDG:0.9|PX:146.7|PY:-10.0|LA...
✓ [CAR 5] ACT=OK REP=0.803 RWD=1.000 PNL=0.000 CREDIT=8
[PASSIVE-BEACON] SIMNOW:6.396 CID:6 ZONE:1 RXUAV:1 EDGEPORT:9998 TS:6.382 SPD:20.300 HDG:0.700 PX:147.800 PY:-20.000 LAN:2 BRK:0 RX_X:0.000 RX_Y:0.000 RX_Z:0.000
[ZONE-ROUTE] CID:6 zone=1 edge_port=9998
[EDGE-RTT] CID:6 wall=1.3 ms  sim_delay=10.0 ms
>>> [UAV->CLOUD] BLK:3c89|TX:7.0.0.10|CID:6|TS:6.382|SPD:20.3|HDG:0.7|PX:147.8|PY:-20.0|L...
✓ [CAR 6] ACT=OK REP=1.000 RWD=1.000 PNL=0.000 CREDIT=7
[PASSIVE-BEACON] SIMNOW:6.426 CID:9 ZONE:1 RXUAV:1 EDGEPORT:9998 TS:6.412 SPD:19.600 HDG:-1.200 PX:148.400 PY:-50.000 LAN:5 BRK:0 RX_X:0.000 RX_Y:0.000 RX_Z:0.000
[ZONE-ROUTE] CID:9 zone=1 edge_port=9998
[EDGE-RTT] CID:9 wall=1.0 ms  sim_delay=10.0 ms
>>> [UAV->CLOUD] BLK:d9c1|TX:7.0.0.13|CID:9|TS:6.412|SPD:19.6|HDG:-1.2|PX:148.4|PY:-50.0|...
✓ [CAR 9] ACT=OK REP=0.950 RWD=1.000 PNL=0.000 CREDIT=8
[PASSIVE-BEACON] SIMNOW:6.506 CID:8 ZONE:1 RXUAV:1 EDGEPORT:9998 TS:6.492 SPD:19.700 HDG:0.700 PX:149.500 PY:-40.000 LAN:4 BRK:0 RX_X:0.000 RX_Y:0.000 RX_Z:0.000
[ZONE-ROUTE] CID:8 zone=1 edge_port=9998
[EDGE-RTT] CID:8 wall=1.3 ms  sim_delay=10.0 ms
>>> [UAV->CLOUD] BLK:afab|TX:7.0.0.12|CID:8|TS:6.492|SPD:19.7|HDG:0.7|PX:149.5|PY:-40.0|L...
✓ [CAR 8] ACT=OK REP=0.682 RWD=1.000 PNL=0.000 CREDIT=8
[PASSIVE-BEACON] SIMNOW:6.565 CID:3 ZONE:1 RXUAV:1 EDGEPORT:9998 TS:6.550 SPD:20.200 HDG:-1.800 PX:130.800 PY:-40.000 LAN:4 BRK:0 RX_X:0.000 RX_Y:0.000 RX_Z:0.000
[ZONE-ROUTE] CID:3 zone=1 edge_port=9998
[EDGE-RTT] CID:3 wall=1.2 ms  sim_delay=10.0 ms
>>> [UAV->CLOUD] BLK:6433|TX:7.0.0.7|CID:3|TS:6.550|SPD:20.2|HDG:-1.8|PX:130.8|PY:-40.0|L...
✓ [CAR 3] ACT=OK REP=1.000 RWD=1.000 PNL=0.000 CREDIT=8
[PASSIVE-BEACON] SIMNOW:6.604 CID:4 ZONE:1 RXUAV:1 EDGEPORT:9998 TS:6.590 SPD:19.500 HDG:-0.200 PX:132.000 PY:-50.000 LAN:5 BRK:0 RX_X:0.000 RX_Y:0.000 RX_Z:0.000
[ZONE-ROUTE] CID:4 zone=1 edge_port=9998
[EDGE-RTT] CID:4 wall=0.9 ms  sim_delay=10.0 ms
>>> [UAV->CLOUD] BLK:ecac|TX:7.0.0.8|CID:4|TS:6.590|SPD:19.5|HDG:-0.2|PX:132.0|PY:-50.0|L...
[PASSIVE-BEACON] SIMNOW:6.604 CID:2 ZONE:1 RXUAV:1 EDGEPORT:9998 TS:6.590 SPD:20.200 HDG:-1.400 PX:131.800 PY:-30.000 LAN:3 BRK:0 RX_X:0.000 RX_Y:0.000 RX_Z:0.000
[ZONE-ROUTE] CID:2 zone=1 edge_port=9998
[EDGE-RTT] CID:2 wall=0.7 ms  sim_delay=10.0 ms
>>> [UAV->CLOUD] BLK:8459|TX:7.0.0.6|CID:2|TS:6.590|SPD:20.2|HDG:-1.4|PX:131.8|PY:-30.0|L...
✓ [CAR 2] ACT=OK REP=0.805 RWD=1.000 PNL=0.000 CREDIT=9
✓ [CAR 4] ACT=OK REP=0.820 RWD=1.000 PNL=0.000 CREDIT=9
[PASSIVE-BEACON] SIMNOW:6.626 CID:7 ZONE:1 RXUAV:1 EDGEPORT:9998 TS:6.612 SPD:20.400 HDG:-0.000 PX:151.700 PY:-30.000 LAN:3 BRK:0 RX_X:0.000 RX_Y:0.000 RX_Z:0.000
[ZONE-ROUTE] CID:7 zone=1 edge_port=9998
[EDGE-RTT] CID:7 wall=1.3 ms  sim_delay=10.0 ms
>>> [UAV->CLOUD] BLK:6b4c|TX:7.0.0.11|CID:7|TS:6.612|SPD:20.4|HDG:-0.0|PX:151.7|PY:-30.0|...
✓ [CAR 7] ACT=OK REP=0.715 RWD=1.000 PNL=0.000 CREDIT=9
[PASSIVE-BEACON] SIMNOW:6.794 CID:0 ZONE:1 RXUAV:1 EDGEPORT:9998 TS:6.780 SPD:19.800 HDG:0.100 PX:135.600 PY:-10.000 LAN:1 BRK:0 RX_X:0.000 RX_Y:0.000 RX_Z:0.000
[ZONE-ROUTE] CID:0 zone=1 edge_port=9998
[EDGE-RTT] CID:0 wall=1.1 ms  sim_delay=10.0 ms
>>> [UAV->CLOUD] BLK:3b5d|TX:7.0.0.4|CID:0|TS:6.780|SPD:19.8|HDG:0.1|PX:135.6|PY:-10.0|LA...
✓ [CAR 0] ACT=OK REP=0.941 RWD=1.000 PNL=0.000 CREDIT=9
[PASSIVE-BEACON] SIMNOW:6.814 CID:1 ZONE:1 RXUAV:1 EDGEPORT:9998 TS:6.800 SPD:20.100 HDG:-1.800 PX:136.000 PY:-20.000 LAN:2 BRK:0 RX_X:0.000 RX_Y:0.000 RX_Z:0.000
[ZONE-ROUTE] CID:1 zone=1 edge_port=9998
[EDGE-RTT] CID:1 wall=1.2 ms  sim_delay=10.0 ms
>>> [UAV->CLOUD] BLK:8553|TX:7.0.0.5|CID:1|TS:6.800|SPD:20.1|HDG:-1.8|PX:136.0|PY:-20.0|L...
✓ [CAR 1] ACT=OK REP=1.000 RWD=1.000 PNL=0.000 CREDIT=9
[PASSIVE-BEACON] SIMNOW:6.876 CID:5 ZONE:1 RXUAV:1 EDGEPORT:9998 TS:6.862 SPD:20.200 HDG:-1.300 PX:157.400 PY:-10.000 LAN:1 BRK:0 RX_X:0.000 RX_Y:0.000 RX_Z:0.000
[ZONE-ROUTE] CID:5 zone=1 edge_port=9998
[EDGE-RTT] CID:5 wall=1.1 ms  sim_delay=10.0 ms
>>> [UAV->CLOUD] BLK:5893|TX:7.0.0.9|CID:5|TS:6.862|SPD:20.2|HDG:-1.3|PX:157.4|PY:-10.0|L...
✓ [CAR 5] ACT=OK REP=1.000 RWD=1.000 PNL=0.000 CREDIT=9
[PASSIVE-BEACON] SIMNOW:6.896 CID:6 ZONE:1 RXUAV:1 EDGEPORT:9998 TS:6.882 SPD:20.100 HDG:1.500 PX:157.300 PY:-20.000 LAN:2 BRK:0 RX_X:0.000 RX_Y:0.000 RX_Z:0.000
[ZONE-ROUTE] CID:6 zone=1 edge_port=9998
[EDGE-RTT] CID:6 wall=1.1 ms  sim_delay=10.0 ms
>>> [UAV->CLOUD] BLK:55f1|TX:7.0.0.10|CID:6|TS:6.882|SPD:20.1|HDG:1.5|PX:157.3|PY:-20.0|L...
✓ [CAR 6] ACT=OK REP=0.910 RWD=1.000 PNL=0.000 CREDIT=8
[PASSIVE-BEACON] SIMNOW:6.927 CID:9 ZONE:1 RXUAV:1 EDGEPORT:9998 TS:6.912 SPD:20.200 HDG:-0.200 PX:158.400 PY:-50.000 LAN:5 BRK:0 RX_X:0.000 RX_Y:0.000 RX_Z:0.000
[ZONE-ROUTE] CID:9 zone=1 edge_port=9998
[EDGE-RTT] CID:9 wall=1.1 ms  sim_delay=10.0 ms
>>> [UAV->CLOUD] BLK:e466|TX:7.0.0.13|CID:9|TS:6.912|SPD:20.2|HDG:-0.2|PX:158.4|PY:-50.0|...
✓ [CAR 9] ACT=OK REP=0.818 RWD=1.000 PNL=0.000 CREDIT=9
[PASSIVE-BEACON] SIMNOW:7.006 CID:8 ZONE:1 RXUAV:1 EDGEPORT:9998 TS:6.992 SPD:19.600 HDG:-0.700 PX:159.600 PY:-40.000 LAN:4 BRK:0 RX_X:0.000 RX_Y:0.000 RX_Z:0.000
[ZONE-ROUTE] CID:8 zone=1 edge_port=9998
[EDGE-RTT] CID:8 wall=0.9 ms  sim_delay=10.0 ms
>>> [UAV->CLOUD] BLK:7de2|TX:7.0.0.12|CID:8|TS:6.992|SPD:19.6|HDG:-0.7|PX:159.6|PY:-40.0|...
✓ [CAR 8] ACT=OK REP=1.000 RWD=1.000 PNL=0.000 CREDIT=9
[PASSIVE-BEACON] SIMNOW:7.063 CID:3 ZONE:1 RXUAV:1 EDGEPORT:9998 TS:7.050 SPD:19.700 HDG:-0.300 PX:141.400 PY:-40.000 LAN:4 BRK:0 RX_X:0.000 RX_Y:0.000 RX_Z:0.000
[ZONE-ROUTE] CID:3 zone=1 edge_port=9998
[EDGE-RTT] CID:3 wall=1.0 ms  sim_delay=10.0 ms
>>> [UAV->CLOUD] BLK:5d7f|TX:7.0.0.7|CID:3|TS:7.050|SPD:19.7|HDG:-0.3|PX:141.4|PY:-40.0|L...
✓ [CAR 3] ACT=OK REP=0.714 RWD=1.000 PNL=0.000 CREDIT=9
[PASSIVE-BEACON] SIMNOW:7.104 CID:4 ZONE:1 RXUAV:1 EDGEPORT:9998 TS:7.090 SPD:19.900 HDG:0.300 PX:141.100 PY:-50.000 LAN:5 BRK:0 RX_X:0.000 RX_Y:0.000 RX_Z:0.000
[ZONE-ROUTE] CID:4 zone=1 edge_port=9998
[EDGE-RTT] CID:4 wall=1.1 ms  sim_delay=10.0 ms
>>> [UAV->CLOUD] BLK:541e|TX:7.0.0.8|CID:4|TS:7.090|SPD:19.9|HDG:0.3|PX:141.1|PY:-50.0|LA...
[PASSIVE-BEACON] SIMNOW:7.104 CID:2 ZONE:1 RXUAV:1 EDGEPORT:9998 TS:7.090 SPD:19.500 HDG:0.600 PX:142.100 PY:-30.000 LAN:3 BRK:0 RX_X:0.000 RX_Y:0.000 RX_Z:0.000
[ZONE-ROUTE] CID:2 zone=1 edge_port=9998
[EDGE-RTT] CID:2 wall=1.7 ms  sim_delay=10.0 ms
>>> [UAV->CLOUD] BLK:5f57|TX:7.0.0.6|CID:2|TS:7.090|SPD:19.5|HDG:0.6|PX:142.1|PY:-30.0|LA...
✓ [CAR 2] ACT=OK REP=1.000 RWD=1.000 PNL=0.000 CREDIT=10
✓ [CAR 4] ACT=OK REP=0.633 RWD=1.000 PNL=0.000 CREDIT=10
[PASSIVE-BEACON] SIMNOW:7.126 CID:7 ZONE:1 RXUAV:1 EDGEPORT:9998 TS:7.112 SPD:20.000 HDG:-1.300 PX:161.600 PY:-30.000 LAN:3 BRK:0 RX_X:0.000 RX_Y:0.000 RX_Z:0.000
[ZONE-ROUTE] CID:7 zone=1 edge_port=9998
[EDGE-RTT] CID:7 wall=1.1 ms  sim_delay=10.0 ms
>>> [UAV->CLOUD] BLK:9ba8|TX:7.0.0.11|CID:7|TS:7.112|SPD:20.0|HDG:-1.3|PX:161.6|PY:-30.0|...
✓ [CAR 7] ACT=OK REP=1.000 RWD=1.000 PNL=0.000 CREDIT=10
[PASSIVE-BEACON] SIMNOW:7.294 CID:0 ZONE:1 RXUAV:1 EDGEPORT:9998 TS:7.280 SPD:19.700 HDG:0.800 PX:145.600 PY:-10.000 LAN:1 BRK:0 RX_X:0.000 RX_Y:0.000 RX_Z:0.000
[ZONE-ROUTE] CID:0 zone=1 edge_port=9998
[EDGE-RTT] CID:0 wall=0.8 ms  sim_delay=10.0 ms
>>> [UAV->CLOUD] BLK:65ca|TX:7.0.0.4|CID:0|TS:7.280|SPD:19.7|HDG:0.8|PX:145.6|PY:-10.0|LA...
✓ [CAR 0] ACT=OK REP=0.692 RWD=1.000 PNL=0.000 CREDIT=10
[PASSIVE-BEACON] SIMNOW:7.314 CID:1 ZONE:1 RXUAV:1 EDGEPORT:9998 TS:7.300 SPD:20.200 HDG:-0.100 PX:145.600 PY:-20.000 LAN:2 BRK:0 RX_X:0.000 RX_Y:0.000 RX_Z:0.000
[ZONE-ROUTE] CID:1 zone=1 edge_port=9998
[EDGE-RTT] CID:1 wall=0.9 ms  sim_delay=10.0 ms
>>> [UAV->CLOUD] BLK:e056|TX:7.0.0.5|CID:1|TS:7.300|SPD:20.2|HDG:-0.1|PX:145.6|PY:-20.0|L...
✓ [CAR 1] ACT=OK REP=0.713 RWD=1.000 PNL=0.000 CREDIT=10
[PASSIVE-BEACON] SIMNOW:7.376 CID:5 ZONE:1 RXUAV:1 EDGEPORT:9998 TS:7.362 SPD:19.600 HDG:1.700 PX:167.500 PY:-10.000 LAN:1 BRK:0 RX_X:0.000 RX_Y:0.000 RX_Z:0.000
[ZONE-ROUTE] CID:5 zone=1 edge_port=9998
[EDGE-RTT] CID:5 wall=1.1 ms  sim_delay=10.0 ms
>>> [UAV->CLOUD] BLK:8d67|TX:7.0.0.9|CID:5|TS:7.362|SPD:19.6|HDG:1.7|PX:167.5|PY:-10.0|LA...
✓ [CAR 5] ACT=OK REP=0.706 RWD=1.000 PNL=0.000 CREDIT=10
[PASSIVE-BEACON] SIMNOW:7.396 CID:6 ZONE:1 RXUAV:1 EDGEPORT:9998 TS:7.382 SPD:19.700 HDG:-1.100 PX:167.000 PY:-20.000 LAN:2 BRK:0 RX_X:0.000 RX_Y:0.000 RX_Z:0.000
[ZONE-ROUTE] CID:6 zone=1 edge_port=9998
[EDGE-RTT] CID:6 wall=1.0 ms  sim_delay=10.0 ms
>>> [UAV->CLOUD] BLK:351b|TX:7.0.0.10|CID:6|TS:7.382|SPD:19.7|HDG:-1.1|PX:167.0|PY:-20.0|...
✓ [CAR 6] ACT=OK REP=0.641 RWD=1.000 PNL=0.000 CREDIT=9
[PASSIVE-BEACON] SIMNOW:7.426 CID:9 ZONE:1 RXUAV:1 EDGEPORT:9998 TS:7.412 SPD:20.100 HDG:-1.800 PX:168.300 PY:-50.000 LAN:5 BRK:0 RX_X:0.000 RX_Y:0.000 RX_Z:0.000
[ZONE-ROUTE] CID:9 zone=1 edge_port=9998
[EDGE-RTT] CID:9 wall=0.8 ms  sim_delay=10.0 ms
>>> [UAV->CLOUD] BLK:90d1|TX:7.0.0.13|CID:9|TS:7.412|SPD:20.1|HDG:-1.8|PX:168.3|PY:-50.0|...
✓ [CAR 9] ACT=OK REP=1.000 RWD=1.000 PNL=0.000 CREDIT=10
[PASSIVE-BEACON] SIMNOW:7.506 CID:8 ZONE:1 RXUAV:1 EDGEPORT:9998 TS:7.492 SPD:20.000 HDG:1.300 PX:170.400 PY:-40.000 LAN:4 BRK:0 RX_X:0.000 RX_Y:0.000 RX_Z:0.000
[ZONE-ROUTE] CID:8 zone=1 edge_port=9998
[EDGE-RTT] CID:8 wall=1.0 ms  sim_delay=10.0 ms
>>> [UAV->CLOUD] BLK:6be1|TX:7.0.0.12|CID:8|TS:7.492|SPD:20.0|HDG:1.3|PX:170.4|PY:-40.0|L...
✓ [CAR 8] ACT=OK REP=0.833 RWD=1.000 PNL=0.000 CREDIT=10
[PASSIVE-BEACON] SIMNOW:7.565 CID:3 ZONE:1 RXUAV:1 EDGEPORT:9998 TS:7.550 SPD:19.700 HDG:-0.100 PX:151.600 PY:-40.000 LAN:4 BRK:1 RX_X:0.000 RX_Y:0.000 RX_Z:0.000
[ZONE-ROUTE] CID:3 zone=1 edge_port=9998
[EDGE-RTT] CID:3 wall=0.8 ms  sim_delay=10.0 ms
>>> [UAV->CLOUD] BLK:fa58|TX:7.0.0.7|CID:3|TS:7.550|SPD:19.7|HDG:-0.1|PX:151.6|PY:-40.0|L...
✓ [CAR 3] ACT=OK REP=1.000 RWD=1.000 PNL=0.000 CREDIT=10
[PASSIVE-BEACON] SIMNOW:7.604 CID:4 ZONE:1 RXUAV:1 EDGEPORT:9998 TS:7.590 SPD:20.000 HDG:0.100 PX:152.300 PY:-50.000 LAN:5 BRK:0 RX_X:0.000 RX_Y:0.000 RX_Z:0.000
[ZONE-ROUTE] CID:4 zone=1 edge_port=9998
[EDGE-RTT] CID:4 wall=1.0 ms  sim_delay=10.0 ms
>>> [UAV->CLOUD] BLK:abdf|TX:7.0.0.8|CID:4|TS:7.590|SPD:20.0|HDG:0.1|PX:152.3|PY:-50.0|LA...
[PASSIVE-BEACON] SIMNOW:7.604 CID:2 ZONE:1 RXUAV:1 EDGEPORT:9998 TS:7.590 SPD:19.800 HDG:-1.400 PX:152.400 PY:-30.000 LAN:3 BRK:0 RX_X:0.000 RX_Y:0.000 RX_Z:0.000
[ZONE-ROUTE] CID:2 zone=1 edge_port=9998
[EDGE-RTT] CID:2 wall=1.0 ms  sim_delay=10.0 ms
>>> [UAV->CLOUD] BLK:714e|TX:7.0.0.6|CID:2|TS:7.590|SPD:19.8|HDG:-1.4|PX:152.4|PY:-30.0|L...
✓ [CAR 2] ACT=OK REP=1.000 RWD=1.000 PNL=0.000 CREDIT=11
✓ [CAR 4] ACT=OK REP=0.855 RWD=1.000 PNL=0.000 CREDIT=11
[PASSIVE-BEACON] SIMNOW:7.626 CID:7 ZONE:1 RXUAV:1 EDGEPORT:9998 TS:7.612 SPD:19.700 HDG:1.100 PX:173.000 PY:-30.000 LAN:3 BRK:0 RX_X:0.000 RX_Y:0.000 RX_Z:0.000
[ZONE-ROUTE] CID:7 zone=1 edge_port=9998
[EDGE-RTT] CID:7 wall=1.0 ms  sim_delay=10.0 ms
>>> [UAV->CLOUD] BLK:dd80|TX:7.0.0.11|CID:7|TS:7.612|SPD:19.7|HDG:1.1|PX:173.0|PY:-30.0|L...
✓ [CAR 7] ACT=OK REP=0.979 RWD=1.000 PNL=0.000 CREDIT=11
[PASSIVE-BEACON] SIMNOW:7.794 CID:0 ZONE:1 RXUAV:1 EDGEPORT:9998 TS:7.780 SPD:20.100 HDG:-1.500 PX:155.400 PY:-10.000 LAN:1 BRK:0 RX_X:0.000 RX_Y:0.000 RX_Z:0.000
[ZONE-ROUTE] CID:0 zone=1 edge_port=9998
[EDGE-RTT] CID:0 wall=1.1 ms  sim_delay=10.0 ms
>>> [UAV->CLOUD] BLK:1814|TX:7.0.0.4|CID:0|TS:7.780|SPD:20.1|HDG:-1.5|PX:155.4|PY:-10.0|L...
✓ [CAR 0] ACT=OK REP=0.849 RWD=1.000 PNL=0.000 CREDIT=11
[PASSIVE-BEACON] SIMNOW:7.814 CID:1 ZONE:1 RXUAV:1 EDGEPORT:9998 TS:7.800 SPD:19.900 HDG:1.900 PX:156.000 PY:-20.000 LAN:2 BRK:0 RX_X:0.000 RX_Y:0.000 RX_Z:0.000
[ZONE-ROUTE] CID:1 zone=1 edge_port=9998
[EDGE-RTT] CID:1 wall=1.1 ms  sim_delay=10.0 ms
>>> [UAV->CLOUD] BLK:da25|TX:7.0.0.5|CID:1|TS:7.800|SPD:19.9|HDG:1.9|PX:156.0|PY:-20.0|LA...
✓ [CAR 1] ACT=OK REP=1.000 RWD=1.000 PNL=0.000 CREDIT=11
[PASSIVE-BEACON] SIMNOW:7.876 CID:5 ZONE:1 RXUAV:1 EDGEPORT:9998 TS:7.862 SPD:20.200 HDG:-1.500 PX:176.600 PY:-10.000 LAN:1 BRK:0 RX_X:0.000 RX_Y:0.000 RX_Z:0.000
[ZONE-ROUTE] CID:5 zone=1 edge_port=9998
[EDGE-RTT] CID:5 wall=1.1 ms  sim_delay=10.0 ms
>>> [UAV->CLOUD] BLK:115d|TX:7.0.0.9|CID:5|TS:7.862|SPD:20.2|HDG:-1.5|PX:176.6|PY:-10.0|L...
✓ [CAR 5] ACT=OK REP=0.803 RWD=1.000 PNL=0.000 CREDIT=11
[PASSIVE-BEACON] SIMNOW:7.896 CID:6 ZONE:1 RXUAV:1 EDGEPORT:9998 TS:7.882 SPD:19.700 HDG:-1.400 PX:177.400 PY:-20.000 LAN:2 BRK:1 RX_X:0.000 RX_Y:0.000 RX_Z:0.000
[ZONE-ROUTE] CID:6 zone=1 edge_port=9998
[EDGE-RTT] CID:6 wall=0.4 ms  sim_delay=10.0 ms
>>> [UAV->CLOUD] BLK:36d6|TX:7.0.0.10|CID:6|TS:7.882|SPD:19.7|HDG:-1.4|PX:177.4|PY:-20.0|...
✓ [CAR 6] ACT=OK REP=0.898 RWD=1.000 PNL=0.000 CREDIT=10
[PASSIVE-BEACON] SIMNOW:7.927 CID:9 ZONE:1 RXUAV:1 EDGEPORT:9998 TS:7.912 SPD:20.100 HDG:-1.000 PX:178.900 PY:-50.000 LAN:5 BRK:0 RX_X:0.000 RX_Y:0.000 RX_Z:0.000
[ZONE-ROUTE] CID:9 zone=1 edge_port=9998
[EDGE-RTT] CID:9 wall=1.2 ms  sim_delay=10.0 ms
>>> [UAV->CLOUD] BLK:7f35|TX:7.0.0.13|CID:9|TS:7.912|SPD:20.1|HDG:-1.0|PX:178.9|PY:-50.0|...
✓ [CAR 9] ACT=OK REP=1.000 RWD=1.000 PNL=0.000 CREDIT=11
[PASSIVE-BEACON] SIMNOW:8.006 CID:8 ZONE:1 RXUAV:1 EDGEPORT:9998 TS:7.992 SPD:20.300 HDG:-0.300 PX:179.200 PY:-40.000 LAN:4 BRK:0 RX_X:0.000 RX_Y:0.000 RX_Z:0.000
[ZONE-ROUTE] CID:8 zone=1 edge_port=9998
[EDGE-RTT] CID:8 wall=1.3 ms  sim_delay=10.0 ms
>>> [UAV->CLOUD] BLK:4bcc|TX:7.0.0.12|CID:8|TS:7.992|SPD:20.3|HDG:-0.3|PX:179.2|PY:-40.0|...
✓ [CAR 8] ACT=OK REP=1.000 RWD=1.000 PNL=0.000 CREDIT=11
[PASSIVE-BEACON] SIMNOW:8.064 CID:3 ZONE:1 RXUAV:1 EDGEPORT:9998 TS:8.050 SPD:20.300 HDG:-0.700 PX:160.900 PY:-40.000 LAN:4 BRK:1 RX_X:0.000 RX_Y:0.000 RX_Z:0.000
[ZONE-ROUTE] CID:3 zone=1 edge_port=9998
[EDGE-RTT] CID:3 wall=0.8 ms  sim_delay=10.0 ms
>>> [UAV->CLOUD] BLK:9881|TX:7.0.0.7|CID:3|TS:8.050|SPD:20.3|HDG:-0.7|PX:160.9|PY:-40.0|L...
✓ [CAR 3] ACT=OK REP=0.879 RWD=1.000 PNL=0.000 CREDIT=11
[PASSIVE-BEACON] SIMNOW:8.104 CID:4 ZONE:1 RXUAV:1 EDGEPORT:9998 TS:8.090 SPD:19.600 HDG:1.000 PX:161.900 PY:-50.000 LAN:5 BRK:0 RX_X:0.000 RX_Y:0.000 RX_Z:0.000
[ZONE-ROUTE] CID:4 zone=1 edge_port=9998
[EDGE-RTT] CID:4 wall=0.7 ms  sim_delay=10.0 ms
>>> [UAV->CLOUD] BLK:ef4c|TX:7.0.0.8|CID:4|TS:8.090|SPD:19.6|HDG:1.0|PX:161.9|PY:-50.0|LA...
[PASSIVE-BEACON] SIMNOW:8.104 CID:2 ZONE:1 RXUAV:1 EDGEPORT:9998 TS:8.090 SPD:20.100 HDG:1.000 PX:162.300 PY:-30.000 LAN:3 BRK:0 RX_X:0.000 RX_Y:0.000 RX_Z:0.000
[ZONE-ROUTE] CID:2 zone=1 edge_port=9998
[EDGE-RTT] CID:2 wall=1.9 ms  sim_delay=10.0 ms
>>> [UAV->CLOUD] BLK:12db|TX:7.0.0.6|CID:2|TS:8.090|SPD:20.1|HDG:1.0|PX:162.3|PY:-30.0|LA...
✓ [CAR 2] ACT=OK REP=0.962 RWD=1.000 PNL=0.000 CREDIT=12
✓ [CAR 4] ACT=OK REP=0.818 RWD=1.000 PNL=0.000 CREDIT=12
[PASSIVE-BEACON] SIMNOW:8.126 CID:7 ZONE:1 RXUAV:1 EDGEPORT:9998 TS:8.112 SPD:19.800 HDG:1.400 PX:182.500 PY:-30.000 LAN:3 BRK:0 RX_X:0.000 RX_Y:0.000 RX_Z:0.000
[ZONE-ROUTE] CID:7 zone=1 edge_port=9998
[EDGE-RTT] CID:7 wall=0.6 ms  sim_delay=10.0 ms
>>> [UAV->CLOUD] BLK:8cdc|TX:7.0.0.11|CID:7|TS:8.112|SPD:19.8|HDG:1.4|PX:182.5|PY:-30.0|L...
✓ [CAR 7] ACT=OK REP=0.870 RWD=1.000 PNL=0.000 CREDIT=12
[PASSIVE-BEACON] SIMNOW:8.294 CID:0 ZONE:1 RXUAV:1 EDGEPORT:9998 TS:8.280 SPD:19.700 HDG:0.000 PX:165.900 PY:-10.000 LAN:1 BRK:0 RX_X:0.000 RX_Y:0.000 RX_Z:0.000
[ZONE-ROUTE] CID:0 zone=1 edge_port=9998
[EDGE-RTT] CID:0 wall=0.9 ms  sim_delay=10.0 ms
>>> [UAV->CLOUD] BLK:8b15|TX:7.0.0.4|CID:0|TS:8.280|SPD:19.7|HDG:0.0|PX:165.9|PY:-10.0|LA...
✓ [CAR 0] ACT=OK REP=1.000 RWD=1.000 PNL=0.000 CREDIT=12
[PASSIVE-BEACON] SIMNOW:8.314 CID:1 ZONE:1 RXUAV:1 EDGEPORT:9998 TS:8.300 SPD:20.400 HDG:-1.400 PX:165.400 PY:-20.000 LAN:2 BRK:1 RX_X:0.000 RX_Y:0.000 RX_Z:0.000
[ZONE-ROUTE] CID:1 zone=1 edge_port=9998
[EDGE-RTT] CID:1 wall=0.9 ms  sim_delay=10.0 ms
>>> [UAV->CLOUD] BLK:ce9f|TX:7.0.0.5|CID:1|TS:8.300|SPD:20.4|HDG:-1.4|PX:165.4|PY:-20.0|L...
✓ [CAR 1] ACT=OK REP=1.000 RWD=1.000 PNL=0.000 CREDIT=12
[PASSIVE-BEACON] SIMNOW:8.376 CID:5 ZONE:1 RXUAV:1 EDGEPORT:9998 TS:8.362 SPD:20.000 HDG:0.200 PX:186.700 PY:-10.000 LAN:1 BRK:0 RX_X:0.000 RX_Y:0.000 RX_Z:0.000
[ZONE-ROUTE] CID:5 zone=1 edge_port=9998
[EDGE-RTT] CID:5 wall=0.8 ms  sim_delay=10.0 ms
>>> [UAV->CLOUD] BLK:8c31|TX:7.0.0.9|CID:5|TS:8.362|SPD:20.0|HDG:0.2|PX:186.7|PY:-10.0|LA...
✓ [CAR 5] ACT=OK REP=0.867 RWD=1.000 PNL=0.000 CREDIT=12
[PASSIVE-BEACON] SIMNOW:8.396 CID:6 ZONE:1 RXUAV:1 EDGEPORT:9998 TS:8.382 SPD:20.400 HDG:0.900 PX:187.500 PY:-20.000 LAN:2 BRK:1 RX_X:0.000 RX_Y:0.000 RX_Z:0.000
[ZONE-ROUTE] CID:6 zone=1 edge_port=9998
[EDGE-RTT] CID:6 wall=1.1 ms  sim_delay=10.0 ms
>>> [UAV->CLOUD] BLK:5fce|TX:7.0.0.10|CID:6|TS:8.382|SPD:20.4|HDG:0.9|PX:187.5|PY:-20.0|L...
✓ [CAR 6] ACT=OK REP=1.000 RWD=1.000 PNL=0.000 CREDIT=11
[PASSIVE-BEACON] SIMNOW:8.426 CID:9 ZONE:1 RXUAV:1 EDGEPORT:9998 TS:8.412 SPD:19.900 HDG:0.500 PX:188.300 PY:-50.000 LAN:5 BRK:0 RX_X:0.000 RX_Y:0.000 RX_Z:0.000
[ZONE-ROUTE] CID:9 zone=1 edge_port=9998
[EDGE-RTT] CID:9 wall=0.8 ms  sim_delay=10.0 ms
>>> [UAV->CLOUD] BLK:50f4|TX:7.0.0.13|CID:9|TS:8.412|SPD:19.9|HDG:0.5|PX:188.3|PY:-50.0|L...
✓ [CAR 9] ACT=OK REP=0.810 RWD=1.000 PNL=0.000 CREDIT=12
[PASSIVE-BEACON] SIMNOW:8.506 CID:8 ZONE:1 RXUAV:1 EDGEPORT:9998 TS:8.492 SPD:20.400 HDG:-1.100 PX:190.300 PY:-40.000 LAN:4 BRK:0 RX_X:0.000 RX_Y:0.000 RX_Z:0.000
[ZONE-ROUTE] CID:8 zone=1 edge_port=9998
[EDGE-RTT] CID:8 wall=0.8 ms  sim_delay=10.0 ms
>>> [UAV->CLOUD] BLK:f741|TX:7.0.0.12|CID:8|TS:8.492|SPD:20.4|HDG:-1.1|PX:190.3|PY:-40.0|...
✓ [CAR 8] ACT=OK REP=1.000 RWD=1.000 PNL=0.000 CREDIT=12
[PASSIVE-BEACON] SIMNOW:8.563 CID:3 ZONE:1 RXUAV:1 EDGEPORT:9998 TS:8.550 SPD:19.900 HDG:-1.100 PX:171.400 PY:-40.000 LAN:4 BRK:0 RX_X:0.000 RX_Y:0.000 RX_Z:0.000
[ZONE-ROUTE] CID:3 zone=1 edge_port=9998
[EDGE-RTT] CID:3 wall=0.9 ms  sim_delay=10.0 ms
>>> [UAV->CLOUD] BLK:e5be|TX:7.0.0.7|CID:3|TS:8.550|SPD:19.9|HDG:-1.1|PX:171.4|PY:-40.0|L...
✓ [CAR 3] ACT=OK REP=0.883 RWD=1.000 PNL=0.000 CREDIT=12
[PASSIVE-BEACON] SIMNOW:8.604 CID:4 ZONE:1 RXUAV:1 EDGEPORT:9998 TS:8.590 SPD:19.600 HDG:-0.800 PX:171.400 PY:-50.000 LAN:5 BRK:1 RX_X:0.000 RX_Y:0.000 RX_Z:0.000
[ZONE-ROUTE] CID:4 zone=1 edge_port=9998
[EDGE-RTT] CID:4 wall=1.0 ms  sim_delay=10.0 ms
>>> [UAV->CLOUD] BLK:c9d2|TX:7.0.0.8|CID:4|TS:8.590|SPD:19.6|HDG:-0.8|PX:171.4|PY:-50.0|L...
[PASSIVE-BEACON] SIMNOW:8.604 CID:2 ZONE:1 RXUAV:1 EDGEPORT:9998 TS:8.590 SPD:20.500 HDG:-1.200 PX:171.800 PY:-30.000 LAN:3 BRK:0 RX_X:0.000 RX_Y:0.000 RX_Z:0.000
[ZONE-ROUTE] CID:2 zone=1 edge_port=9998
[EDGE-RTT] CID:2 wall=0.9 ms  sim_delay=10.0 ms
>>> [UAV->CLOUD] BLK:52f8|TX:7.0.0.6|CID:2|TS:8.590|SPD:20.5|HDG:-1.2|PX:171.8|PY:-30.0|L...
✓ [CAR 2] ACT=OK REP=0.843 RWD=1.000 PNL=0.000 CREDIT=13
✓ [CAR 4] ACT=OK REP=0.813 RWD=1.000 PNL=0.000 CREDIT=13
[PASSIVE-BEACON] SIMNOW:8.626 CID:7 ZONE:1 RXUAV:1 EDGEPORT:9998 TS:8.612 SPD:20.100 HDG:-0.600 PX:192.900 PY:-30.000 LAN:3 BRK:0 RX_X:0.000 RX_Y:0.000 RX_Z:0.000
[ZONE-ROUTE] CID:7 zone=1 edge_port=9998
[EDGE-RTT] CID:7 wall=1.1 ms  sim_delay=10.0 ms
>>> [UAV->CLOUD] BLK:46dd|TX:7.0.0.11|CID:7|TS:8.612|SPD:20.1|HDG:-0.6|PX:192.9|PY:-30.0|...
✓ [CAR 7] ACT=OK REP=0.782 RWD=1.000 PNL=0.000 CREDIT=13
[PASSIVE-BEACON] SIMNOW:8.794 CID:0 ZONE:1 RXUAV:1 EDGEPORT:9998 TS:8.780 SPD:19.500 HDG:-0.700 PX:176.300 PY:-10.000 LAN:1 BRK:0 RX_X:0.000 RX_Y:0.000 RX_Z:0.000
[ZONE-ROUTE] CID:0 zone=1 edge_port=9998
[EDGE-RTT] CID:0 wall=0.7 ms  sim_delay=10.0 ms
>>> [UAV->CLOUD] BLK:8fcd|TX:7.0.0.4|CID:0|TS:8.780|SPD:19.5|HDG:-0.7|PX:176.3|PY:-10.0|L...
✓ [CAR 0] ACT=OK REP=0.864 RWD=1.000 PNL=0.000 CREDIT=13
[PASSIVE-BEACON] SIMNOW:8.814 CID:1 ZONE:1 RXUAV:1 EDGEPORT:9998 TS:8.800 SPD:19.500 HDG:1.000 PX:176.300 PY:-20.000 LAN:2 BRK:0 RX_X:0.000 RX_Y:0.000 RX_Z:0.000
[ZONE-ROUTE] CID:1 zone=1 edge_port=9998
[EDGE-RTT] CID:1 wall=1.1 ms  sim_delay=10.0 ms
>>> [UAV->CLOUD] BLK:04a6|TX:7.0.0.5|CID:1|TS:8.800|SPD:19.5|HDG:1.0|PX:176.3|PY:-20.0|LA...
✓ [CAR 1] ACT=OK REP=0.938 RWD=1.000 PNL=0.000 CREDIT=13
[PASSIVE-BEACON] SIMNOW:8.876 CID:5 ZONE:1 RXUAV:1 EDGEPORT:9998 TS:8.862 SPD:20.200 HDG:-1.800 PX:196.600 PY:-10.000 LAN:1 BRK:0 RX_X:0.000 RX_Y:0.000 RX_Z:0.000
[ZONE-ROUTE] CID:5 zone=1 edge_port=9998
[EDGE-RTT] CID:5 wall=0.9 ms  sim_delay=10.0 ms
>>> [UAV->CLOUD] BLK:d049|TX:7.0.0.9|CID:5|TS:8.862|SPD:20.2|HDG:-1.8|PX:196.6|PY:-10.0|L...
✓ [CAR 5] ACT=OK REP=0.904 RWD=1.000 PNL=0.000 CREDIT=13
[PASSIVE-BEACON] SIMNOW:8.896 CID:6 ZONE:1 RXUAV:1 EDGEPORT:9998 TS:8.882 SPD:20.000 HDG:2.000 PX:197.200 PY:-20.000 LAN:2 BRK:1 RX_X:0.000 RX_Y:0.000 RX_Z:0.000
[ZONE-ROUTE] CID:6 zone=1 edge_port=9998
[EDGE-RTT] CID:6 wall=0.9 ms  sim_delay=10.0 ms
>>> [UAV->CLOUD] BLK:47c8|TX:7.0.0.10|CID:6|TS:8.882|SPD:20.0|HDG:2.0|PX:197.2|PY:-20.0|L...
✓ [CAR 6] ACT=OK REP=0.732 RWD=1.000 PNL=0.000 CREDIT=12
[PASSIVE-BEACON] SIMNOW:8.927 CID:9 ZONE:1 RXUAV:1 EDGEPORT:9998 TS:8.912 SPD:19.900 HDG:-1.400 PX:197.900 PY:-50.000 LAN:5 BRK:0 RX_X:0.000 RX_Y:0.000 RX_Z:0.000
[ZONE-ROUTE] CID:9 zone=1 edge_port=9998
[EDGE-RTT] CID:9 wall=1.1 ms  sim_delay=10.0 ms
>>> [UAV->CLOUD] BLK:85ca|TX:7.0.0.13|CID:9|TS:8.912|SPD:19.9|HDG:-1.4|PX:197.9|PY:-50.0|...
✓ [CAR 9] ACT=OK REP=0.849 RWD=1.000 PNL=0.000 CREDIT=13
[PASSIVE-BEACON] SIMNOW:9.006 CID:8 ZONE:1 RXUAV:1 EDGEPORT:9998 TS:8.992 SPD:19.700 HDG:0.000 PX:199.600 PY:-40.000 LAN:4 BRK:0 RX_X:0.000 RX_Y:0.000 RX_Z:0.000
[ZONE-ROUTE] CID:8 zone=1 edge_port=9998
[EDGE-RTT] CID:8 wall=1.2 ms  sim_delay=10.0 ms
>>> [UAV->CLOUD] BLK:8979|TX:7.0.0.12|CID:8|TS:8.992|SPD:19.7|HDG:0.0|PX:199.6|PY:-40.0|L...
✓ [CAR 8] ACT=OK REP=0.781 RWD=1.000 PNL=0.000 CREDIT=13
[PASSIVE-BEACON] SIMNOW:9.064 CID:3 ZONE:1 RXUAV:1 EDGEPORT:9998 TS:9.050 SPD:20.300 HDG:1.400 PX:181.100 PY:-40.000 LAN:4 BRK:0 RX_X:0.000 RX_Y:0.000 RX_Z:0.000
[ZONE-ROUTE] CID:3 zone=1 edge_port=9998
[EDGE-RTT] CID:3 wall=0.9 ms  sim_delay=10.0 ms
>>> [UAV->CLOUD] BLK:5137|TX:7.0.0.7|CID:3|TS:9.050|SPD:20.3|HDG:1.4|PX:181.1|PY:-40.0|LA...
✓ [CAR 3] ACT=OK REP=0.887 RWD=1.000 PNL=0.000 CREDIT=13
[PASSIVE-BEACON] SIMNOW:9.104 CID:4 ZONE:1 RXUAV:1 EDGEPORT:9998 TS:9.090 SPD:20.400 HDG:1.400 PX:181.800 PY:-50.000 LAN:5 BRK:0 RX_X:0.000 RX_Y:0.000 RX_Z:0.000
[ZONE-ROUTE] CID:4 zone=1 edge_port=9998
[EDGE-RTT] CID:4 wall=1.1 ms  sim_delay=10.0 ms
[TRUST-UPGRADE] CID:4 earned LANE_UPGRADE after 15 clean packets → lane 0 + 2.0 m/s
>>> [UAV->CLOUD] BLK:d8d3|TX:7.0.0.8|CID:4|TS:9.090|SPD:20.4|HDG:1.4|PX:181.8|PY:-50.0|LA...
[PASSIVE-BEACON] SIMNOW:9.104 CID:2 ZONE:1 RXUAV:1 EDGEPORT:9998 TS:9.090 SPD:20.100 HDG:0.200 PX:182.400 PY:-30.000 LAN:3 BRK:0 RX_X:0.000 RX_Y:0.000 RX_Z:0.000
[ZONE-ROUTE] CID:2 zone=1 edge_port=9998
[EDGE-RTT] CID:2 wall=2.6 ms  sim_delay=10.0 ms
[TRUST-UPGRADE] CID:2 earned LANE_UPGRADE after 15 clean packets → lane 0 + 2.0 m/s
>>> [UAV->CLOUD] BLK:672b|TX:7.0.0.6|CID:2|TS:9.090|SPD:20.1|HDG:0.2|PX:182.4|PY:-30.0|LA...
[TRUST-APPLIED] CID:4 LANE_UPGRADE → logical reward only; telemetry lane unchanged lane=5 speed unchanged=20.0 m/s [reward-speed disabled to avoid M1 false positive]
✓ [CAR 4] ACT=OK REP=0.500 RWD=1.500 PNL=0.000 CREDIT=15
[TRUST-APPLIED] CID:2 LANE_UPGRADE → logical reward only; telemetry lane unchanged lane=3 speed unchanged=20.000 m/s [reward-speed disabled to avoid M1 false positive]
✓ [CAR 2] ACT=OK REP=0.500 RWD=1.500 PNL=0.000 CREDIT=15
✓ [CAR 4] ACT=OK REP=1.000 RWD=1.000 PNL=0.000 CREDIT=14
✓ [CAR 2] ACT=OK REP=1.000 RWD=1.000 PNL=0.000 CREDIT=14
[PASSIVE-BEACON] SIMNOW:9.126 CID:7 ZONE:1 RXUAV:1 EDGEPORT:9998 TS:9.112 SPD:19.700 HDG:-1.500 PX:202.300 PY:-30.000 LAN:3 BRK:0 RX_X:0.000 RX_Y:0.000 RX_Z:0.000
[ZONE-ROUTE] CID:7 zone=1 edge_port=9998
[EDGE-RTT] CID:7 wall=1.1 ms  sim_delay=10.0 ms
[TRUST-UPGRADE] CID:7 earned LANE_UPGRADE after 15 clean packets → lane 0 + 2.0 m/s
>>> [UAV->CLOUD] BLK:eefc|TX:7.0.0.11|CID:7|TS:9.112|SPD:19.7|HDG:-1.5|PX:202.3|PY:-30.0|...
[TRUST-APPLIED] CID:7 LANE_UPGRADE → logical reward only; telemetry lane unchanged lane=3 speed unchanged=20.0 m/s [reward-speed disabled to avoid M1 false positive]
✓ [CAR 7] ACT=OK REP=0.500 RWD=1.500 PNL=0.000 CREDIT=15
✓ [CAR 7] ACT=OK REP=1.000 RWD=1.000 PNL=0.000 CREDIT=14
[PASSIVE-BEACON] SIMNOW:9.294 CID:0 ZONE:1 RXUAV:1 EDGEPORT:9998 TS:9.280 SPD:20.400 HDG:-1.600 PX:185.200 PY:-10.000 LAN:1 BRK:0 RX_X:0.000 RX_Y:0.000 RX_Z:0.000
[ZONE-ROUTE] CID:0 zone=1 edge_port=9998
[EDGE-RTT] CID:0 wall=1.0 ms  sim_delay=10.0 ms
[TRUST-UPGRADE] CID:0 earned LANE_UPGRADE after 15 clean packets → lane 0 + 2.0 m/s
>>> [UAV->CLOUD] BLK:4281|TX:7.0.0.4|CID:0|TS:9.280|SPD:20.4|HDG:-1.6|PX:185.2|PY:-10.0|L...
[TRUST-APPLIED] CID:0 LANE_UPGRADE → logical reward only; telemetry lane unchanged lane=1 speed unchanged=20.0 m/s [reward-speed disabled to avoid M1 false positive]
✓ [CAR 0] ACT=OK REP=0.500 RWD=1.500 PNL=0.000 CREDIT=15
✓ [CAR 0] ACT=OK REP=0.909 RWD=1.000 PNL=0.000 CREDIT=14
[PASSIVE-BEACON] SIMNOW:9.317 CID:1 ZONE:1 RXUAV:1 EDGEPORT:9998 TS:9.300 SPD:19.900 HDG:-1.600 PX:185.800 PY:-20.000 LAN:2 BRK:0 RX_X:0.000 RX_Y:0.000 RX_Z:0.000
[ZONE-ROUTE] CID:1 zone=1 edge_port=9998
[EDGE-RTT] CID:1 wall=0.9 ms  sim_delay=10.0 ms
[TRUST-UPGRADE] CID:1 earned LANE_UPGRADE after 15 clean packets → lane 0 + 2.0 m/s
>>> [UAV->CLOUD] BLK:588e|TX:7.0.0.5|CID:1|TS:9.300|SPD:19.9|HDG:-1.6|PX:185.8|PY:-20.0|L...
[TRUST-APPLIED] CID:1 LANE_UPGRADE → logical reward only; telemetry lane unchanged lane=2 speed unchanged=20.0 m/s [reward-speed disabled to avoid M1 false positive]
✓ [CAR 1] ACT=OK REP=0.500 RWD=1.500 PNL=0.000 CREDIT=15
✓ [CAR 1] ACT=OK REP=0.691 RWD=1.000 PNL=0.000 CREDIT=14
[PASSIVE-BEACON] SIMNOW:9.376 CID:5 ZONE:1 RXUAV:1 EDGEPORT:9998 TS:9.362 SPD:20.200 HDG:-0.500 PX:207.700 PY:-10.000 LAN:1 BRK:0 RX_X:0.000 RX_Y:0.000 RX_Z:0.000
[ZONE-ROUTE] CID:5 zone=1 edge_port=9998
[EDGE-RTT] CID:5 wall=1.0 ms  sim_delay=10.0 ms
[TRUST-UPGRADE] CID:5 earned LANE_UPGRADE after 15 clean packets → lane 0 + 2.0 m/s
>>> [UAV->CLOUD] BLK:a52c|TX:7.0.0.9|CID:5|TS:9.362|SPD:20.2|HDG:-0.5|PX:207.7|PY:-10.0|L...
[TRUST-APPLIED] CID:5 LANE_UPGRADE → logical reward only; telemetry lane unchanged lane=1 speed unchanged=20.0 m/s [reward-speed disabled to avoid M1 false positive]
✓ [CAR 5] ACT=OK REP=0.500 RWD=1.500 PNL=0.000 CREDIT=15
✓ [CAR 5] ACT=OK REP=0.750 RWD=1.000 PNL=0.000 CREDIT=14
[PASSIVE-BEACON] SIMNOW:9.396 CID:6 ZONE:1 RXUAV:1 EDGEPORT:9998 TS:9.382 SPD:20.300 HDG:1.000 PX:207.600 PY:-20.000 LAN:2 BRK:1 RX_X:0.000 RX_Y:0.000 RX_Z:0.000
[ZONE-ROUTE] CID:6 zone=1 edge_port=9998
[EDGE-RTT] CID:6 wall=1.1 ms  sim_delay=10.0 ms
>>> [UAV->CLOUD] BLK:4252|TX:7.0.0.10|CID:6|TS:9.382|SPD:20.3|HDG:1.0|PX:207.6|PY:-20.0|L...
✓ [CAR 6] ACT=OK REP=0.582 RWD=1.000 PNL=0.000 CREDIT=13
[PASSIVE-BEACON] SIMNOW:9.426 CID:9 ZONE:1 RXUAV:1 EDGEPORT:9998 TS:9.412 SPD:19.800 HDG:-0.400 PX:208.800 PY:-50.000 LAN:5 BRK:0 RX_X:0.000 RX_Y:0.000 RX_Z:0.000
[ZONE-ROUTE] CID:9 zone=1 edge_port=9998
[EDGE-RTT] CID:9 wall=0.8 ms  sim_delay=10.0 ms
[TRUST-UPGRADE] CID:9 earned LANE_UPGRADE after 15 clean packets → lane 0 + 2.0 m/s
>>> [UAV->CLOUD] BLK:e5de|TX:7.0.0.13|CID:9|TS:9.412|SPD:19.8|HDG:-0.4|PX:208.8|PY:-50.0|...
[TRUST-APPLIED] CID:9 LANE_UPGRADE → logical reward only; telemetry lane unchanged lane=5 speed unchanged=20.0 m/s [reward-speed disabled to avoid M1 false positive]
✓ [CAR 9] ACT=OK REP=0.500 RWD=1.500 PNL=0.000 CREDIT=15
✓ [CAR 9] ACT=OK REP=0.716 RWD=1.000 PNL=0.000 CREDIT=14
[PASSIVE-BEACON] SIMNOW:9.504 CID:8 ZONE:1 RXUAV:1 EDGEPORT:9998 TS:9.492 SPD:19.800 HDG:1.500 PX:209.300 PY:-40.000 LAN:4 BRK:1 RX_X:0.000 RX_Y:0.000 RX_Z:0.000
[ZONE-ROUTE] CID:8 zone=1 edge_port=9998
[EDGE-RTT] CID:8 wall=0.7 ms  sim_delay=10.0 ms
[TRUST-UPGRADE] CID:8 earned LANE_UPGRADE after 15 clean packets → lane 0 + 2.0 m/s
>>> [UAV->CLOUD] BLK:8813|TX:7.0.0.12|CID:8|TS:9.492|SPD:19.8|HDG:1.5|PX:209.3|PY:-40.0|L...
[TRUST-APPLIED] CID:8 LANE_UPGRADE → logical reward only; telemetry lane unchanged lane=4 speed unchanged=20.0 m/s [reward-speed disabled to avoid M1 false positive]
✓ [CAR 8] ACT=OK REP=0.500 RWD=1.500 PNL=0.000 CREDIT=15
✓ [CAR 8] ACT=OK REP=0.952 RWD=1.000 PNL=0.000 CREDIT=14
[PASSIVE-BEACON] SIMNOW:9.565 CID:3 ZONE:1 RXUAV:1 EDGEPORT:9998 TS:9.550 SPD:19.800 HDG:-0.200 PX:190.400 PY:-40.000 LAN:4 BRK:0 RX_X:0.000 RX_Y:0.000 RX_Z:0.000
[ZONE-ROUTE] CID:3 zone=1 edge_port=9998
[EDGE-RTT] CID:3 wall=0.6 ms  sim_delay=10.0 ms
[TRUST-UPGRADE] CID:3 earned LANE_UPGRADE after 15 clean packets → lane 0 + 2.0 m/s
>>> [UAV->CLOUD] BLK:3474|TX:7.0.0.7|CID:3|TS:9.550|SPD:19.8|HDG:-0.2|PX:190.4|PY:-40.0|L...
[TRUST-APPLIED] CID:3 LANE_UPGRADE → logical reward only; telemetry lane unchanged lane=4 speed unchanged=20.0 m/s [reward-speed disabled to avoid M1 false positive]
✓ [CAR 3] ACT=OK REP=0.500 RWD=1.500 PNL=0.000 CREDIT=15
✓ [CAR 3] ACT=OK REP=0.924 RWD=1.000 PNL=0.000 CREDIT=14
[PASSIVE-BEACON] SIMNOW:9.604 CID:4 ZONE:1 RXUAV:1 EDGEPORT:9998 TS:9.590 SPD:19.500 HDG:0.800 PX:192.500 PY:-50.000 LAN:5 BRK:0 RX_X:0.000 RX_Y:0.000 RX_Z:0.000
[ZONE-ROUTE] CID:4 zone=1 edge_port=9998
[EDGE-RTT] CID:4 wall=1.4 ms  sim_delay=10.0 ms
>>> [UAV->CLOUD] BLK:2f3b|TX:7.0.0.8|CID:4|TS:9.590|SPD:19.5|HDG:0.8|PX:192.5|PY:-50.0|LA...
[PASSIVE-BEACON] SIMNOW:9.604 CID:2 ZONE:1 RXUAV:1 EDGEPORT:9998 TS:9.590 SPD:20.300 HDG:-1.300 PX:191.700 PY:-30.000 LAN:3 BRK:0 RX_X:0.000 RX_Y:0.000 RX_Z:0.000
[ZONE-ROUTE] CID:2 zone=1 edge_port=9998
[EDGE-RTT] CID:2 wall=0.9 ms  sim_delay=10.0 ms
>>> [UAV->CLOUD] BLK:2e5c|TX:7.0.0.6|CID:2|TS:9.590|SPD:20.3|HDG:-1.3|PX:191.7|PY:-30.0|L...
✓ [CAR 2] ACT=OK REP=1.000 RWD=1.000 PNL=0.000 CREDIT=15
✓ [CAR 4] ACT=OK REP=1.000 RWD=1.000 PNL=0.000 CREDIT=15
[PASSIVE-BEACON] SIMNOW:9.626 CID:7 ZONE:1 RXUAV:1 EDGEPORT:9998 TS:9.612 SPD:19.900 HDG:-0.100 PX:212.800 PY:-30.000 LAN:3 BRK:1 RX_X:0.000 RX_Y:0.000 RX_Z:0.000
[ZONE-ROUTE] CID:7 zone=1 edge_port=9998
[EDGE-RTT] CID:7 wall=1.1 ms  sim_delay=10.0 ms
>>> [UAV->CLOUD] BLK:5db0|TX:7.0.0.11|CID:7|TS:9.612|SPD:19.9|HDG:-0.1|PX:212.8|PY:-30.0|...
✓ [CAR 7] ACT=OK REP=0.639 RWD=1.000 PNL=0.000 CREDIT=15
[PASSIVE-BEACON] SIMNOW:9.794 CID:0 ZONE:1 RXUAV:1 EDGEPORT:9998 TS:9.780 SPD:19.700 HDG:-1.200 PX:195.800 PY:-10.000 LAN:1 BRK:0 RX_X:0.000 RX_Y:0.000 RX_Z:0.000
[ZONE-ROUTE] CID:0 zone=1 edge_port=9998
[EDGE-RTT] CID:0 wall=1.1 ms  sim_delay=10.0 ms
>>> [UAV->CLOUD] BLK:585f|TX:7.0.0.4|CID:0|TS:9.780|SPD:19.7|HDG:-1.2|PX:195.8|PY:-10.0|L...
✓ [CAR 0] ACT=OK REP=0.643 RWD=1.000 PNL=0.000 CREDIT=15
[PASSIVE-BEACON] SIMNOW:9.814 CID:1 ZONE:1 RXUAV:1 EDGEPORT:9998 TS:9.800 SPD:20.100 HDG:-1.600 PX:196.300 PY:-20.000 LAN:2 BRK:0 RX_X:0.000 RX_Y:0.000 RX_Z:0.000
[ZONE-ROUTE] CID:1 zone=1 edge_port=9998
[EDGE-RTT] CID:1 wall=0.9 ms  sim_delay=10.0 ms
>>> [UAV->CLOUD] BLK:55aa|TX:7.0.0.5|CID:1|TS:9.800|SPD:20.1|HDG:-1.6|PX:196.3|PY:-20.0|L...
✓ [CAR 1] ACT=OK REP=0.967 RWD=1.000 PNL=0.000 CREDIT=15
[PASSIVE-BEACON] SIMNOW:9.876 CID:5 ZONE:1 RXUAV:1 EDGEPORT:9998 TS:9.862 SPD:19.800 HDG:-1.000 PX:217.600 PY:-10.000 LAN:1 BRK:1 RX_X:0.000 RX_Y:0.000 RX_Z:0.000
[ZONE-ROUTE] CID:5 zone=1 edge_port=9998
[EDGE-RTT] CID:5 wall=1.1 ms  sim_delay=10.0 ms
>>> [UAV->CLOUD] BLK:3768|TX:7.0.0.9|CID:5|TS:9.862|SPD:19.8|HDG:-1.0|PX:217.6|PY:-10.0|L...
✓ [CAR 5] ACT=OK REP=0.989 RWD=1.000 PNL=0.000 CREDIT=15
[PASSIVE-BEACON] SIMNOW:9.896 CID:6 ZONE:1 RXUAV:1 EDGEPORT:9998 TS:9.882 SPD:20.400 HDG:-1.700 PX:217.000 PY:-20.000 LAN:2 BRK:0 RX_X:0.000 RX_Y:0.000 RX_Z:0.000
[ZONE-ROUTE] CID:6 zone=1 edge_port=9998
[EDGE-RTT] CID:6 wall=1.1 ms  sim_delay=10.0 ms
[TRUST-UPGRADE] CID:6 earned LANE_UPGRADE after 15 clean packets → lane 0 + 2.0 m/s
>>> [UAV->CLOUD] BLK:de72|TX:7.0.0.10|CID:6|TS:9.882|SPD:20.4|HDG:-1.7|PX:217.0|PY:-20.0|...
[TRUST-APPLIED] CID:6 LANE_UPGRADE → logical reward only; telemetry lane unchanged lane=2 speed unchanged=20.0 m/s [reward-speed disabled to avoid M1 false positive]
✓ [CAR 6] ACT=OK REP=0.500 RWD=1.500 PNL=0.000 CREDIT=15
✓ [CAR 6] ACT=OK REP=0.766 RWD=1.000 PNL=0.000 CREDIT=14
[PASSIVE-BEACON] SIMNOW:9.927 CID:9 ZONE:1 RXUAV:1 EDGEPORT:9998 TS:9.912 SPD:19.600 HDG:-0.200 PX:218.700 PY:-50.000 LAN:5 BRK:0 RX_X:0.000 RX_Y:0.000 RX_Z:0.000
[ZONE-ROUTE] CID:9 zone=1 edge_port=9998
[EDGE-RTT] CID:9 wall=0.7 ms  sim_delay=10.0 ms
>>> [UAV->CLOUD] BLK:4ca9|TX:7.0.0.13|CID:9|TS:9.912|SPD:19.6|HDG:-0.2|PX:218.7|PY:-50.0|...
✓ [CAR 9] ACT=OK REP=0.919 RWD=1.000 PNL=0.000 CREDIT=15
[PASSIVE-BEACON] SIMNOW:10.006 CID:8 ZONE:1 RXUAV:1 EDGEPORT:9998 TS:9.992 SPD:19.700 HDG:1.300 PX:220.200 PY:-40.000 LAN:4 BRK:1 RX_X:0.000 RX_Y:0.000 RX_Z:0.000
[ZONE-ROUTE] CID:8 zone=1 edge_port=9998
[EDGE-RTT] CID:8 wall=0.9 ms  sim_delay=10.0 ms
>>> [UAV->CLOUD] BLK:9602|TX:7.0.0.12|CID:8|TS:9.992|SPD:19.7|HDG:1.3|PX:220.2|PY:-40.0|L...
✓ [CAR 8] ACT=OK REP=1.000 RWD=1.000 PNL=0.000 CREDIT=15
[PASSIVE-BEACON] SIMNOW:10.064 CID:3 ZONE:1 RXUAV:1 EDGEPORT:9998 TS:10.050 SPD:19.900 HDG:-0.100 PX:201.200 PY:-40.000 LAN:4 BRK:0 RX_X:0.000 RX_Y:0.000 RX_Z:0.000
[ZONE-ROUTE] CID:3 zone=1 edge_port=9998
[EDGE-RTT] CID:3 wall=1.1 ms  sim_delay=10.0 ms
>>> [UAV->CLOUD] BLK:38fe|TX:7.0.0.7|CID:3|TS:10.050|SPD:19.9|HDG:-0.1|PX:201.2|PY:-40.0|...
✓ [CAR 3] ACT=OK REP=1.000 RWD=1.000 PNL=0.000 CREDIT=15
[PASSIVE-BEACON] SIMNOW:10.104 CID:4 ZONE:1 RXUAV:1 EDGEPORT:9998 TS:10.090 SPD:19.900 HDG:1.900 PX:201.500 PY:-50.000 LAN:5 BRK:0 RX_X:0.000 RX_Y:0.000 RX_Z:0.000
[ZONE-ROUTE] CID:4 zone=1 edge_port=9998
[EDGE-RTT] CID:4 wall=1.0 ms  sim_delay=10.0 ms
>>> [UAV->CLOUD] BLK:9da5|TX:7.0.0.8|CID:4|TS:10.090|SPD:19.9|HDG:1.9|PX:201.5|PY:-50.0|L...
[PASSIVE-BEACON] SIMNOW:10.104 CID:2 ZONE:1 RXUAV:1 EDGEPORT:9998 TS:10.090 SPD:19.600 HDG:1.800 PX:201.800 PY:-30.000 LAN:3 BRK:0 RX_X:0.000 RX_Y:0.000 RX_Z:0.000
[ZONE-ROUTE] CID:2 zone=1 edge_port=9998
[EDGE-RTT] CID:2 wall=1.6 ms  sim_delay=10.0 ms
>>> [UAV->CLOUD] BLK:dfe7|TX:7.0.0.6|CID:2|TS:10.090|SPD:19.6|HDG:1.8|PX:201.8|PY:-30.0|L...
✓ [CAR 2] ACT=OK REP=0.857 RWD=1.000 PNL=0.000 CREDIT=16
✓ [CAR 4] ACT=OK REP=0.891 RWD=1.000 PNL=0.000 CREDIT=16
[PASSIVE-BEACON] SIMNOW:10.126 CID:7 ZONE:1 RXUAV:1 EDGEPORT:9998 TS:10.112 SPD:19.700 HDG:1.800 PX:222.300 PY:-30.000 LAN:3 BRK:0 RX_X:0.000 RX_Y:0.000 RX_Z:0.000
[ZONE-ROUTE] CID:7 zone=1 edge_port=9998
[EDGE-RTT] CID:7 wall=1.2 ms  sim_delay=10.0 ms
>>> [UAV->CLOUD] BLK:d26b|TX:7.0.0.11|CID:7|TS:10.112|SPD:19.7|HDG:1.8|PX:222.3|PY:-30.0|...
✓ [CAR 7] ACT=OK REP=0.811 RWD=1.000 PNL=0.000 CREDIT=16
[PASSIVE-BEACON] SIMNOW:10.294 CID:0 ZONE:1 RXUAV:1 EDGEPORT:9998 TS:10.280 SPD:20.200 HDG:1.500 PX:205.900 PY:-10.000 LAN:1 BRK:1 RX_X:0.000 RX_Y:0.000 RX_Z:0.000
[ZONE-ROUTE] CID:0 zone=1 edge_port=9998
[EDGE-RTT] CID:0 wall=1.2 ms  sim_delay=10.0 ms
>>> [UAV->CLOUD] BLK:e02d|TX:7.0.0.4|CID:0|TS:10.280|SPD:20.2|HDG:1.5|PX:205.9|PY:-10.0|L...
✓ [CAR 0] ACT=OK REP=0.853 RWD=1.000 PNL=0.000 CREDIT=16
[PASSIVE-BEACON] SIMNOW:10.314 CID:1 ZONE:1 RXUAV:1 EDGEPORT:9998 TS:10.300 SPD:20.400 HDG:-1.800 PX:206.200 PY:-20.000 LAN:2 BRK:0 RX_X:0.000 RX_Y:0.000 RX_Z:0.000
[ZONE-ROUTE] CID:1 zone=1 edge_port=9998
[EDGE-RTT] CID:1 wall=1.3 ms  sim_delay=10.0 ms
>>> [UAV->CLOUD] BLK:a263|TX:7.0.0.5|CID:1|TS:10.300|SPD:20.4|HDG:-1.8|PX:206.2|PY:-20.0|...
✓ [CAR 1] ACT=OK REP=1.000 RWD=1.000 PNL=0.000 CREDIT=16
[PASSIVE-BEACON] SIMNOW:10.376 CID:5 ZONE:1 RXUAV:1 EDGEPORT:9998 TS:10.362 SPD:20.300 HDG:-0.500 PX:226.600 PY:-10.000 LAN:1 BRK:0 RX_X:0.000 RX_Y:0.000 RX_Z:0.000
[ZONE-ROUTE] CID:5 zone=1 edge_port=9998
[EDGE-RTT] CID:5 wall=0.9 ms  sim_delay=10.0 ms
>>> [UAV->CLOUD] BLK:c682|TX:7.0.0.9|CID:5|TS:10.362|SPD:20.3|HDG:-0.5|PX:226.6|PY:-10.0|...
✓ [CAR 5] ACT=OK REP=0.806 RWD=1.000 PNL=0.000 CREDIT=16
[PASSIVE-BEACON] SIMNOW:10.396 CID:6 ZONE:1 RXUAV:1 EDGEPORT:9998 TS:10.382 SPD:20.100 HDG:-1.200 PX:227.700 PY:-20.000 LAN:2 BRK:0 RX_X:0.000 RX_Y:0.000 RX_Z:0.000
[ZONE-ROUTE] CID:6 zone=1 edge_port=9998
[EDGE-RTT] CID:6 wall=1.1 ms  sim_delay=10.0 ms
>>> [UAV->CLOUD] BLK:e201|TX:7.0.0.10|CID:6|TS:10.382|SPD:20.1|HDG:-1.2|PX:227.7|PY:-20.0...
✓ [CAR 6] ACT=OK REP=0.857 RWD=1.000 PNL=0.000 CREDIT=15
[PASSIVE-BEACON] SIMNOW:10.426 CID:9 ZONE:1 RXUAV:1 EDGEPORT:9998 TS:10.412 SPD:20.400 HDG:-0.900 PX:227.800 PY:-50.000 LAN:5 BRK:1 RX_X:0.000 RX_Y:0.000 RX_Z:0.000
[ZONE-ROUTE] CID:9 zone=1 edge_port=9998
[EDGE-RTT] CID:9 wall=1.3 ms  sim_delay=10.0 ms
>>> [UAV->CLOUD] BLK:933b|TX:7.0.0.13|CID:9|TS:10.412|SPD:20.4|HDG:-0.9|PX:227.8|PY:-50.0...
✓ [CAR 9] ACT=OK REP=1.000 RWD=1.000 PNL=0.000 CREDIT=16
[PASSIVE-BEACON] SIMNOW:10.506 CID:8 ZONE:1 RXUAV:1 EDGEPORT:9998 TS:10.492 SPD:19.700 HDG:1.400 PX:230.500 PY:-40.000 LAN:4 BRK:1 RX_X:0.000 RX_Y:0.000 RX_Z:0.000
[ZONE-ROUTE] CID:8 zone=1 edge_port=9998
[EDGE-RTT] CID:8 wall=0.8 ms  sim_delay=10.0 ms
>>> [UAV->CLOUD] BLK:1d36|TX:7.0.0.12|CID:8|TS:10.492|SPD:19.7|HDG:1.4|PX:230.5|PY:-40.0|...
✓ [CAR 8] ACT=OK REP=0.969 RWD=1.000 PNL=0.000 CREDIT=16
[PASSIVE-BEACON] SIMNOW:10.565 CID:3 ZONE:1 RXUAV:1 EDGEPORT:9998 TS:10.550 SPD:20.100 HDG:-0.800 PX:211.700 PY:-40.000 LAN:4 BRK:0 RX_X:0.000 RX_Y:0.000 RX_Z:0.000
[ZONE-ROUTE] CID:3 zone=1 edge_port=9998
[EDGE-RTT] CID:3 wall=1.1 ms  sim_delay=10.0 ms
>>> [UAV->CLOUD] BLK:9d5c|TX:7.0.0.7|CID:3|TS:10.550|SPD:20.1|HDG:-0.8|PX:211.7|PY:-40.0|...
✓ [CAR 3] ACT=OK REP=0.922 RWD=1.000 PNL=0.000 CREDIT=16
[PASSIVE-BEACON] SIMNOW:10.602 CID:4 ZONE:1 RXUAV:1 EDGEPORT:9998 TS:10.590 SPD:19.900 HDG:2.000 PX:211.800 PY:-50.000 LAN:5 BRK:1 RX_X:0.000 RX_Y:0.000 RX_Z:0.000
[ZONE-ROUTE] CID:4 zone=1 edge_port=9998
[EDGE-RTT] CID:4 wall=1.1 ms  sim_delay=10.0 ms
>>> [UAV->CLOUD] BLK:654c|TX:7.0.0.8|CID:4|TS:10.590|SPD:19.9|HDG:2.0|PX:211.8|PY:-50.0|L...
[PASSIVE-BEACON] SIMNOW:10.602 CID:2 ZONE:1 RXUAV:1 EDGEPORT:9998 TS:10.590 SPD:20.300 HDG:-0.600 PX:211.300 PY:-30.000 LAN:3 BRK:1 RX_X:0.000 RX_Y:0.000 RX_Z:0.000
[ZONE-ROUTE] CID:2 zone=1 edge_port=9998
[EDGE-RTT] CID:2 wall=1.7 ms  sim_delay=10.0 ms
>>> [UAV->CLOUD] BLK:c3ed|TX:7.0.0.6|CID:2|TS:10.590|SPD:20.3|HDG:-0.6|PX:211.3|PY:-30.0|...
✓ [CAR 2] ACT=OK REP=0.792 RWD=1.000 PNL=0.000 CREDIT=17
✓ [CAR 4] ACT=OK REP=0.980 RWD=1.000 PNL=0.000 CREDIT=17
[PASSIVE-BEACON] SIMNOW:10.624 CID:7 ZONE:1 RXUAV:1 EDGEPORT:9998 TS:10.612 SPD:20.300 HDG:1.500 PX:231.600 PY:-30.000 LAN:3 BRK:0 RX_X:0.000 RX_Y:0.000 RX_Z:0.000
[ZONE-ROUTE] CID:7 zone=1 edge_port=9998
[EDGE-RTT] CID:7 wall=0.8 ms  sim_delay=10.0 ms
>>> [UAV->CLOUD] BLK:f724|TX:7.0.0.11|CID:7|TS:10.612|SPD:20.3|HDG:1.5|PX:231.6|PY:-30.0|...
✓ [CAR 7] ACT=OK REP=0.725 RWD=1.000 PNL=0.000 CREDIT=17
[PASSIVE-BEACON] SIMNOW:10.794 CID:0 ZONE:1 RXUAV:1 EDGEPORT:9998 TS:10.780 SPD:20.000 HDG:0.500 PX:216.300 PY:-10.000 LAN:1 BRK:0 RX_X:0.000 RX_Y:0.000 RX_Z:0.000
[ZONE-ROUTE] CID:0 zone=1 edge_port=9998
[EDGE-RTT] CID:0 wall=1.1 ms  sim_delay=10.0 ms
>>> [UAV->CLOUD] BLK:d27b|TX:7.0.0.4|CID:0|TS:10.780|SPD:20.0|HDG:0.5|PX:216.3|PY:-10.0|L...
✓ [CAR 0] ACT=OK REP=1.000 RWD=1.000 PNL=0.000 CREDIT=17
[PASSIVE-BEACON] SIMNOW:10.814 CID:1 ZONE:1 RXUAV:1 EDGEPORT:9998 TS:10.800 SPD:19.800 HDG:1.600 PX:215.400 PY:-20.000 LAN:2 BRK:1 RX_X:0.000 RX_Y:0.000 RX_Z:0.000
[ZONE-ROUTE] CID:1 zone=1 edge_port=9998
[EDGE-RTT] CID:1 wall=0.8 ms  sim_delay=10.0 ms
>>> [UAV->CLOUD] BLK:b7c0|TX:7.0.0.5|CID:1|TS:10.800|SPD:19.8|HDG:1.6|PX:215.4|PY:-20.0|L...
✓ [CAR 1] ACT=OK REP=0.841 RWD=1.000 PNL=0.000 CREDIT=17
[PASSIVE-BEACON] SIMNOW:10.876 CID:5 ZONE:1 RXUAV:1 EDGEPORT:9998 TS:10.862 SPD:20.400 HDG:-1.500 PX:237.900 PY:-10.000 LAN:1 BRK:1 RX_X:0.000 RX_Y:0.000 RX_Z:0.000
[ZONE-ROUTE] CID:5 zone=1 edge_port=9998
[EDGE-RTT] CID:5 wall=0.9 ms  sim_delay=10.0 ms
>>> [UAV->CLOUD] BLK:3502|TX:7.0.0.9|CID:5|TS:10.862|SPD:20.4|HDG:-1.5|PX:237.9|PY:-10.0|...
✓ [CAR 5] ACT=OK REP=0.635 RWD=1.000 PNL=0.000 CREDIT=17
[PASSIVE-BEACON] SIMNOW:10.896 CID:6 ZONE:1 RXUAV:1 EDGEPORT:9998 TS:10.882 SPD:20.400 HDG:0.900 PX:237.800 PY:-20.000 LAN:2 BRK:0 RX_X:0.000 RX_Y:0.000 RX_Z:0.000
[ZONE-ROUTE] CID:6 zone=1 edge_port=9998
[EDGE-RTT] CID:6 wall=0.9 ms  sim_delay=10.0 ms
>>> [UAV->CLOUD] BLK:015b|TX:7.0.0.10|CID:6|TS:10.882|SPD:20.4|HDG:0.9|PX:237.8|PY:-20.0|...
✓ [CAR 6] ACT=OK REP=0.826 RWD=1.000 PNL=0.000 CREDIT=16
[PASSIVE-BEACON] SIMNOW:10.927 CID:9 ZONE:1 RXUAV:1 EDGEPORT:9998 TS:10.912 SPD:19.700 HDG:-0.800 PX:238.100 PY:-50.000 LAN:5 BRK:0 RX_X:0.000 RX_Y:0.000 RX_Z:0.000
[ZONE-ROUTE] CID:9 zone=1 edge_port=9998
[EDGE-RTT] CID:9 wall=0.9 ms  sim_delay=10.0 ms
>>> [UAV->CLOUD] BLK:11a3|TX:7.0.0.13|CID:9|TS:10.912|SPD:19.7|HDG:-0.8|PX:238.1|PY:-50.0...
✓ [CAR 9] ACT=OK REP=0.866 RWD=1.000 PNL=0.000 CREDIT=17
[PASSIVE-BEACON] SIMNOW:11.005 CID:8 ZONE:1 RXUAV:1 EDGEPORT:9998 TS:10.992 SPD:19.900 HDG:-0.500 PX:240.100 PY:-40.000 LAN:4 BRK:0 RX_X:0.000 RX_Y:0.000 RX_Z:0.000
[ZONE-ROUTE] CID:8 zone=1 edge_port=9998
[EDGE-RTT] CID:8 wall=1.0 ms  sim_delay=10.0 ms
>>> [UAV->CLOUD] BLK:b2ba|TX:7.0.0.12|CID:8|TS:10.992|SPD:19.9|HDG:-0.5|PX:240.1|PY:-40.0...
✓ [CAR 8] ACT=OK REP=0.948 RWD=1.000 PNL=0.000 CREDIT=17
[PASSIVE-BEACON] SIMNOW:11.064 CID:3 ZONE:1 RXUAV:1 EDGEPORT:9998 TS:11.050 SPD:19.600 HDG:-0.600 PX:220.600 PY:-40.000 LAN:4 BRK:0 RX_X:0.000 RX_Y:0.000 RX_Z:0.000
[ZONE-ROUTE] CID:3 zone=1 edge_port=9998
[EDGE-RTT] CID:3 wall=1.0 ms  sim_delay=10.0 ms
>>> [UAV->CLOUD] BLK:7cc2|TX:7.0.0.7|CID:3|TS:11.050|SPD:19.6|HDG:-0.6|PX:220.6|PY:-40.0|...
✓ [CAR 3] ACT=OK REP=0.956 RWD=1.000 PNL=0.000 CREDIT=17
[PASSIVE-BEACON] SIMNOW:11.104 CID:4 ZONE:1 RXUAV:1 EDGEPORT:9998 TS:11.090 SPD:20.000 HDG:0.600 PX:222.200 PY:-50.000 LAN:5 BRK:0 RX_X:0.000 RX_Y:0.000 RX_Z:0.000
[ZONE-ROUTE] CID:4 zone=1 edge_port=9998
[EDGE-RTT] CID:4 wall=0.9 ms  sim_delay=10.0 ms
>>> [UAV->CLOUD] BLK:a152|TX:7.0.0.8|CID:4|TS:11.090|SPD:20.0|HDG:0.6|PX:222.2|PY:-50.0|L...
[PASSIVE-BEACON] SIMNOW:11.104 CID:2 ZONE:1 RXUAV:1 EDGEPORT:9998 TS:11.090 SPD:20.400 HDG:1.200 PX:221.600 PY:-30.000 LAN:3 BRK:0 RX_X:0.000 RX_Y:0.000 RX_Z:0.000
[ZONE-ROUTE] CID:2 zone=1 edge_port=9998
[EDGE-RTT] CID:2 wall=2.3 ms  sim_delay=10.0 ms
>>> [UAV->CLOUD] BLK:784c|TX:7.0.0.6|CID:2|TS:11.090|SPD:20.4|HDG:1.2|PX:221.6|PY:-30.0|L...
✓ [CAR 4] ACT=OK REP=1.000 RWD=1.000 PNL=0.000 CREDIT=18
✓ [CAR 2] ACT=OK REP=0.756 RWD=1.000 PNL=0.000 CREDIT=18
[PASSIVE-BEACON] SIMNOW:11.126 CID:7 ZONE:1 RXUAV:1 EDGEPORT:9998 TS:11.112 SPD:20.400 HDG:0.300 PX:242.200 PY:-30.000 LAN:3 BRK:0 RX_X:0.000 RX_Y:0.000 RX_Z:0.000
[ZONE-ROUTE] CID:7 zone=1 edge_port=9998
[EDGE-RTT] CID:7 wall=0.8 ms  sim_delay=10.0 ms
>>> [UAV->CLOUD] BLK:5dfa|TX:7.0.0.11|CID:7|TS:11.112|SPD:20.4|HDG:0.3|PX:242.2|PY:-30.0|...
✓ [CAR 7] ACT=OK REP=1.000 RWD=1.000 PNL=0.000 CREDIT=18
[PASSIVE-BEACON] SIMNOW:11.294 CID:0 ZONE:1 RXUAV:1 EDGEPORT:9998 TS:11.280 SPD:19.500 HDG:0.300 PX:225.100 PY:-10.000 LAN:1 BRK:1 RX_X:0.000 RX_Y:0.000 RX_Z:0.000
[ZONE-ROUTE] CID:0 zone=1 edge_port=9998
[EDGE-RTT] CID:0 wall=0.8 ms  sim_delay=10.0 ms
>>> [UAV->CLOUD] BLK:f691|TX:7.0.0.4|CID:0|TS:11.280|SPD:19.5|HDG:0.3|PX:225.1|PY:-10.0|L...
✓ [CAR 0] ACT=OK REP=1.000 RWD=1.000 PNL=0.000 CREDIT=18
[PASSIVE-BEACON] SIMNOW:11.314 CID:1 ZONE:1 RXUAV:1 EDGEPORT:9998 TS:11.300 SPD:20.300 HDG:0.200 PX:226.500 PY:-20.000 LAN:2 BRK:1 RX_X:0.000 RX_Y:0.000 RX_Z:0.000
[ZONE-ROUTE] CID:1 zone=1 edge_port=9998
[EDGE-RTT] CID:1 wall=1.0 ms  sim_delay=10.0 ms
>>> [UAV->CLOUD] BLK:491d|TX:7.0.0.5|CID:1|TS:11.300|SPD:20.3|HDG:0.2|PX:226.5|PY:-20.0|L...
✓ [CAR 1] ACT=OK REP=0.657 RWD=1.000 PNL=0.000 CREDIT=18
[PASSIVE-BEACON] SIMNOW:11.376 CID:5 ZONE:1 RXUAV:1 EDGEPORT:9998 TS:11.362 SPD:20.300 HDG:0.100 PX:246.900 PY:-10.000 LAN:1 BRK:0 RX_X:0.000 RX_Y:0.000 RX_Z:0.000
[ZONE-ROUTE] CID:5 zone=1 edge_port=9998
[EDGE-RTT] CID:5 wall=0.8 ms  sim_delay=10.0 ms
>>> [UAV->CLOUD] BLK:cf17|TX:7.0.0.9|CID:5|TS:11.362|SPD:20.3|HDG:0.1|PX:246.9|PY:-10.0|L...
✓ [CAR 5] ACT=OK REP=0.817 RWD=1.000 PNL=0.000 CREDIT=18
[PASSIVE-BEACON] SIMNOW:11.396 CID:6 ZONE:1 RXUAV:1 EDGEPORT:9998 TS:11.382 SPD:20.400 HDG:-1.800 PX:247.000 PY:-20.000 LAN:2 BRK:0 RX_X:0.000 RX_Y:0.000 RX_Z:0.000
[ZONE-ROUTE] CID:6 zone=1 edge_port=9998
[EDGE-RTT] CID:6 wall=0.5 ms  sim_delay=10.0 ms
>>> [UAV->CLOUD] BLK:8f70|TX:7.0.0.10|CID:6|TS:11.382|SPD:20.4|HDG:-1.8|PX:247.0|PY:-20.0...
✓ [CAR 6] ACT=OK REP=0.995 RWD=1.000 PNL=0.000 CREDIT=17
[PASSIVE-BEACON] SIMNOW:11.426 CID:9 ZONE:1 RXUAV:1 EDGEPORT:9998 TS:11.412 SPD:20.500 HDG:1.400 PX:248.500 PY:-50.000 LAN:5 BRK:1 RX_X:0.000 RX_Y:0.000 RX_Z:0.000
[ZONE-ROUTE] CID:9 zone=1 edge_port=9998
[EDGE-RTT] CID:9 wall=0.8 ms  sim_delay=10.0 ms
>>> [UAV->CLOUD] BLK:7eac|TX:7.0.0.13|CID:9|TS:11.412|SPD:20.5|HDG:1.4|PX:248.5|PY:-50.0|...
✓ [CAR 9] ACT=OK REP=1.000 RWD=1.000 PNL=0.000 CREDIT=18
[PASSIVE-BEACON] SIMNOW:11.506 CID:8 ZONE:1 RXUAV:1 EDGEPORT:9998 TS:11.492 SPD:19.700 HDG:1.900 PX:250.400 PY:-40.000 LAN:4 BRK:0 RX_X:0.000 RX_Y:0.000 RX_Z:0.000
[ZONE-ROUTE] CID:8 zone=1 edge_port=9998
[EDGE-RTT] CID:8 wall=1.0 ms  sim_delay=10.0 ms
>>> [UAV->CLOUD] BLK:1e41|TX:7.0.0.12|CID:8|TS:11.492|SPD:19.7|HDG:1.9|PX:250.4|PY:-40.0|...
✓ [CAR 8] ACT=OK REP=0.970 RWD=1.000 PNL=0.000 CREDIT=18
[PASSIVE-BEACON] SIMNOW:11.565 CID:3 ZONE:1 RXUAV:1 EDGEPORT:9998 TS:11.550 SPD:20.200 HDG:-1.000 PX:231.200 PY:-40.000 LAN:4 BRK:0 RX_X:0.000 RX_Y:0.000 RX_Z:0.000
[ZONE-ROUTE] CID:3 zone=1 edge_port=9998
[EDGE-RTT] CID:3 wall=0.8 ms  sim_delay=10.0 ms
>>> [UAV->CLOUD] BLK:b93b|TX:7.0.0.7|CID:3|TS:11.550|SPD:20.2|HDG:-1.0|PX:231.2|PY:-40.0|...
✓ [CAR 3] ACT=OK REP=0.736 RWD=1.000 PNL=0.000 CREDIT=18
[PASSIVE-BEACON] SIMNOW:11.604 CID:4 ZONE:1 RXUAV:1 EDGEPORT:9998 TS:11.590 SPD:20.000 HDG:1.500 PX:232.400 PY:-50.000 LAN:5 BRK:0 RX_X:0.000 RX_Y:0.000 RX_Z:0.000
[ZONE-ROUTE] CID:4 zone=1 edge_port=9998
[EDGE-RTT] CID:4 wall=0.9 ms  sim_delay=10.0 ms
[TRUST-UPGRADE] CID:4 earned REDUCE_SCRUTINY after 20 clean packets → latency × 0.5
>>> [UAV->CLOUD] BLK:3be4|TX:7.0.0.8|CID:4|TS:11.590|SPD:20.0|HDG:1.5|PX:232.4|PY:-50.0|L...
[PASSIVE-BEACON] SIMNOW:11.604 CID:2 ZONE:1 RXUAV:1 EDGEPORT:9998 TS:11.590 SPD:20.300 HDG:1.600 PX:232.100 PY:-30.000 LAN:3 BRK:0 RX_X:0.000 RX_Y:0.000 RX_Z:0.000
[ZONE-ROUTE] CID:2 zone=1 edge_port=9998
[EDGE-RTT] CID:2 wall=0.9 ms  sim_delay=10.0 ms
[TRUST-UPGRADE] CID:2 earned REDUCE_SCRUTINY after 20 clean packets → latency × 0.5
>>> [UAV->CLOUD] BLK:af04|TX:7.0.0.6|CID:2|TS:11.590|SPD:20.3|HDG:1.6|PX:232.1|PY:-30.0|L...
[TRUST-APPLIED] CID:4 REDUCE_SCRUTINY → latency=5.0ms (was 10.0ms)
✓ [CAR 4] ACT=OK REP=0.500 RWD=1.500 PNL=0.000 CREDIT=20
[TRUST-APPLIED] CID:2 REDUCE_SCRUTINY → latency=5.000ms (was 10.000ms)
✓ [CAR 2] ACT=OK REP=0.500 RWD=1.500 PNL=0.000 CREDIT=20
✓ [CAR 4] ACT=OK REP=0.871 RWD=1.000 PNL=0.000 CREDIT=19
✓ [CAR 2] ACT=OK REP=0.798 RWD=1.000 PNL=0.000 CREDIT=19
[PASSIVE-BEACON] SIMNOW:11.626 CID:7 ZONE:1 RXUAV:1 EDGEPORT:9998 TS:11.612 SPD:19.800 HDG:-0.900 PX:252.200 PY:-30.000 LAN:3 BRK:0 RX_X:0.000 RX_Y:0.000 RX_Z:0.000
[ZONE-ROUTE] CID:7 zone=1 edge_port=9998
[EDGE-RTT] CID:7 wall=0.9 ms  sim_delay=10.0 ms
[TRUST-UPGRADE] CID:7 earned REDUCE_SCRUTINY after 20 clean packets → latency × 0.5
>>> [UAV->CLOUD] BLK:0bc1|TX:7.0.0.11|CID:7|TS:11.612|SPD:19.8|HDG:-0.9|PX:252.2|PY:-30.0...
[TRUST-APPLIED] CID:7 REDUCE_SCRUTINY → latency=5.0ms (was 10.0ms)
✓ [CAR 7] ACT=OK REP=0.500 RWD=1.500 PNL=0.000 CREDIT=20
✓ [CAR 7] ACT=OK REP=1.000 RWD=1.000 PNL=0.000 CREDIT=19
[PASSIVE-BEACON] SIMNOW:11.794 CID:0 ZONE:1 RXUAV:1 EDGEPORT:9998 TS:11.780 SPD:19.700 HDG:-0.500 PX:235.000 PY:-10.000 LAN:1 BRK:0 RX_X:0.000 RX_Y:0.000 RX_Z:0.000
[ZONE-ROUTE] CID:0 zone=1 edge_port=9998
[EDGE-RTT] CID:0 wall=0.7 ms  sim_delay=10.0 ms
[TRUST-UPGRADE] CID:0 earned REDUCE_SCRUTINY after 20 clean packets → latency × 0.5
>>> [UAV->CLOUD] BLK:d665|TX:7.0.0.4|CID:0|TS:11.780|SPD:19.7|HDG:-0.5|PX:235.0|PY:-10.0|...
[TRUST-APPLIED] CID:0 REDUCE_SCRUTINY → latency=5.0ms (was 10.0ms)
✓ [CAR 0] ACT=OK REP=0.500 RWD=1.500 PNL=0.000 CREDIT=20
✓ [CAR 0] ACT=OK REP=0.786 RWD=1.000 PNL=0.000 CREDIT=19
[PASSIVE-BEACON] SIMNOW:11.814 CID:1 ZONE:1 RXUAV:1 EDGEPORT:9998 TS:11.800 SPD:20.300 HDG:0.700 PX:235.600 PY:-20.000 LAN:2 BRK:0 RX_X:0.000 RX_Y:0.000 RX_Z:0.000
[ZONE-ROUTE] CID:1 zone=1 edge_port=9998
[EDGE-RTT] CID:1 wall=0.9 ms  sim_delay=10.0 ms
[TRUST-UPGRADE] CID:1 earned REDUCE_SCRUTINY after 20 clean packets → latency × 0.5
>>> [UAV->CLOUD] BLK:349c|TX:7.0.0.5|CID:1|TS:11.800|SPD:20.3|HDG:0.7|PX:235.6|PY:-20.0|L...
[TRUST-APPLIED] CID:1 REDUCE_SCRUTINY → latency=5.0ms (was 10.0ms)
✓ [CAR 1] ACT=OK REP=0.500 RWD=1.500 PNL=0.000 CREDIT=20
✓ [CAR 1] ACT=OK REP=0.926 RWD=1.000 PNL=0.000 CREDIT=19
[PASSIVE-BEACON] SIMNOW:11.876 CID:5 ZONE:1 RXUAV:1 EDGEPORT:9998 TS:11.862 SPD:19.600 HDG:1.300 PX:257.800 PY:-10.000 LAN:1 BRK:0 RX_X:0.000 RX_Y:0.000 RX_Z:0.000
[ZONE-ROUTE] CID:5 zone=1 edge_port=9998
[EDGE-RTT] CID:5 wall=0.9 ms  sim_delay=10.0 ms
[TRUST-UPGRADE] CID:5 earned REDUCE_SCRUTINY after 20 clean packets → latency × 0.5
>>> [UAV->CLOUD] BLK:0029|TX:7.0.0.9|CID:5|TS:11.862|SPD:19.6|HDG:1.3|PX:257.8|PY:-10.0|L...
[TRUST-APPLIED] CID:5 REDUCE_SCRUTINY → latency=5.0ms (was 10.0ms)
✓ [CAR 5] ACT=OK REP=0.500 RWD=1.500 PNL=0.000 CREDIT=20
✓ [CAR 5] ACT=OK REP=0.785 RWD=1.000 PNL=0.000 CREDIT=19
[PASSIVE-BEACON] SIMNOW:11.896 CID:6 ZONE:1 RXUAV:1 EDGEPORT:9998 TS:11.882 SPD:20.000 HDG:0.800 PX:258.000 PY:-20.000 LAN:2 BRK:0 RX_X:0.000 RX_Y:0.000 RX_Z:0.000
[ZONE-ROUTE] CID:6 zone=1 edge_port=9998
[EDGE-RTT] CID:6 wall=0.8 ms  sim_delay=10.0 ms
>>> [UAV->CLOUD] BLK:3030|TX:7.0.0.10|CID:6|TS:11.882|SPD:20.0|HDG:0.8|PX:258.0|PY:-20.0|...
✓ [CAR 6] ACT=OK REP=0.838 RWD=1.000 PNL=0.000 CREDIT=18
[PASSIVE-BEACON] SIMNOW:11.927 CID:9 ZONE:1 RXUAV:1 EDGEPORT:9998 TS:11.912 SPD:20.000 HDG:-1.900 PX:257.500 PY:-50.000 LAN:5 BRK:0 RX_X:0.000 RX_Y:0.000 RX_Z:0.000
[ZONE-ROUTE] CID:9 zone=1 edge_port=9998
[EDGE-RTT] CID:9 wall=1.1 ms  sim_delay=10.0 ms
[TRUST-UPGRADE] CID:9 earned REDUCE_SCRUTINY after 20 clean packets → latency × 0.5
>>> [UAV->CLOUD] BLK:49b7|TX:7.0.0.13|CID:9|TS:11.912|SPD:20.0|HDG:-1.9|PX:257.5|PY:-50.0...
[TRUST-APPLIED] CID:9 REDUCE_SCRUTINY → latency=5.0ms (was 10.0ms)
✓ [CAR 9] ACT=OK REP=0.500 RWD=1.500 PNL=0.000 CREDIT=20
✓ [CAR 9] ACT=OK REP=0.837 RWD=1.000 PNL=0.000 CREDIT=19
[PASSIVE-BEACON] SIMNOW:12.006 CID:8 ZONE:1 RXUAV:1 EDGEPORT:9998 TS:11.992 SPD:20.200 HDG:-2.000 PX:259.700 PY:-40.000 LAN:4 BRK:0 RX_X:0.000 RX_Y:0.000 RX_Z:0.000
[ZONE-ROUTE] CID:8 zone=1 edge_port=9998
[EDGE-RTT] CID:8 wall=1.0 ms  sim_delay=10.0 ms
[TRUST-UPGRADE] CID:8 earned REDUCE_SCRUTINY after 20 clean packets → latency × 0.5
>>> [UAV->CLOUD] BLK:bbd9|TX:7.0.0.12|CID:8|TS:11.992|SPD:20.2|HDG:-2.0|PX:259.7|PY:-40.0...
[TRUST-APPLIED] CID:8 REDUCE_SCRUTINY → latency=5.0ms (was 10.0ms)
✓ [CAR 8] ACT=OK REP=0.500 RWD=1.500 PNL=0.000 CREDIT=20
✓ [CAR 8] ACT=OK REP=0.856 RWD=1.000 PNL=0.000 CREDIT=19
[PASSIVE-BEACON] SIMNOW:12.064 CID:3 ZONE:1 RXUAV:1 EDGEPORT:9998 TS:12.050 SPD:20.400 HDG:0.500 PX:240.900 PY:-40.000 LAN:4 BRK:0 RX_X:0.000 RX_Y:0.000 RX_Z:0.000
[ZONE-ROUTE] CID:3 zone=1 edge_port=9998
[EDGE-RTT] CID:3 wall=1.0 ms  sim_delay=10.0 ms
[TRUST-UPGRADE] CID:3 earned REDUCE_SCRUTINY after 20 clean packets → latency × 0.5
>>> [UAV->CLOUD] BLK:e28e|TX:7.0.0.7|CID:3|TS:12.050|SPD:20.4|HDG:0.5|PX:240.9|PY:-40.0|L...
[TRUST-APPLIED] CID:3 REDUCE_SCRUTINY → latency=5.0ms (was 10.0ms)
✓ [CAR 3] ACT=OK REP=0.500 RWD=1.500 PNL=0.000 CREDIT=20
✓ [CAR 3] ACT=OK REP=0.778 RWD=1.000 PNL=0.000 CREDIT=19
[PASSIVE-BEACON] SIMNOW:12.103 CID:4 ZONE:1 RXUAV:1 EDGEPORT:9998 TS:12.090 SPD:20.100 HDG:1.400 PX:241.800 PY:-50.000 LAN:5 BRK:1 RX_X:0.000 RX_Y:0.000 RX_Z:0.000
[ZONE-ROUTE] CID:4 zone=1 edge_port=9998
[EDGE-RTT] CID:4 wall=1.1 ms  sim_delay=5.0 ms
>>> [UAV->CLOUD] BLK:0899|TX:7.0.0.8|CID:4|TS:12.090|SPD:20.1|HDG:1.4|PX:241.8|PY:-50.0|L...
[PASSIVE-BEACON] SIMNOW:12.103 CID:2 ZONE:1 RXUAV:1 EDGEPORT:9998 TS:12.090 SPD:20.100 HDG:0.900 PX:241.400 PY:-30.000 LAN:3 BRK:0 RX_X:0.000 RX_Y:0.000 RX_Z:0.000
[ZONE-ROUTE] CID:2 zone=1 edge_port=9998
[EDGE-RTT] CID:2 wall=3.2 ms  sim_delay=5.0 ms
>>> [UAV->CLOUD] BLK:d1b1|TX:7.0.0.6|CID:2|TS:12.090|SPD:20.1|HDG:0.9|PX:241.4|PY:-30.0|L...
✓ [CAR 4] ACT=OK REP=1.000 RWD=1.000 PNL=0.000 CREDIT=20
✓ [CAR 2] ACT=OK REP=1.000 RWD=1.000 PNL=0.000 CREDIT=20
[PASSIVE-BEACON] SIMNOW:12.125 CID:7 ZONE:1 RXUAV:1 EDGEPORT:9998 TS:12.112 SPD:20.500 HDG:-2.000 PX:261.800 PY:-30.000 LAN:3 BRK:0 RX_X:0.000 RX_Y:0.000 RX_Z:0.000
[ZONE-ROUTE] CID:7 zone=1 edge_port=9998
[EDGE-RTT] CID:7 wall=1.1 ms  sim_delay=5.0 ms
>>> [UAV->CLOUD] BLK:0dfb|TX:7.0.0.11|CID:7|TS:12.112|SPD:20.5|HDG:-2.0|PX:261.8|PY:-30.0...
✓ [CAR 7] ACT=OK REP=1.000 RWD=1.000 PNL=0.000 CREDIT=20
[PASSIVE-BEACON] SIMNOW:12.294 CID:0 ZONE:1 RXUAV:1 EDGEPORT:9998 TS:12.280 SPD:24.900 HDG:1.800 PX:248.100 PY:-10.000 LAN:1 BRK:0 RX_X:0.000 RX_Y:0.000 RX_Z:0.000
[ZONE-ROUTE] CID:0 zone=1 edge_port=9998
[EDGE-RTT] CID:0 wall=1.1 ms  sim_delay=5.0 ms
>>> [UAV->CLOUD] BLK:9df3|TX:7.0.0.4|CID:0|TS:12.280|SPD:24.9|HDG:1.8|PX:248.1|PY:-10.0|L...
[ECON-CLAWBACK] CID:0 ACT=WARN prior_payoff=23.0 extra_penalty=18.2 new_payoff=4.7
[TRUST-REVOKED] CID:0 benefits revoked logically; lane=1 speed=20.0 latency=10.0ms
[FORGIVENESS] CID:0 WARN #1 — streak reset, benefits revoked
⚠ [CAR 0] ACT=WARN REP=0.735 RWD=0.000 PNL=18.322 CREDIT=18
[PASSIVE-BEACON] SIMNOW:12.314 CID:1 ZONE:1 RXUAV:1 EDGEPORT:9998 TS:12.300 SPD:19.900 HDG:1.400 PX:246.400 PY:-20.000 LAN:2 BRK:1 RX_X:0.000 RX_Y:0.000 RX_Z:0.000
[ZONE-ROUTE] CID:1 zone=1 edge_port=9998
[EDGE-RTT] CID:1 wall=1.0 ms  sim_delay=5.0 ms
>>> [UAV->CLOUD] BLK:a654|TX:7.0.0.5|CID:1|TS:12.300|SPD:19.9|HDG:1.4|PX:246.4|PY:-20.0|L...
✓ [CAR 1] ACT=OK REP=0.958 RWD=1.000 PNL=0.000 CREDIT=20
[PASSIVE-BEACON] SIMNOW:12.376 CID:5 ZONE:1 RXUAV:1 EDGEPORT:9998 TS:12.362 SPD:24.700 HDG:1.200 PX:269.300 PY:-10.000 LAN:1 BRK:0 RX_X:0.000 RX_Y:0.000 RX_Z:0.000
[ZONE-ROUTE] CID:5 zone=1 edge_port=9998
[EDGE-RTT] CID:5 wall=1.1 ms  sim_delay=5.0 ms
>>> [UAV->CLOUD] BLK:cb42|TX:7.0.0.9|CID:5|TS:12.362|SPD:24.7|HDG:1.2|PX:269.3|PY:-10.0|L...
✓ [CAR 5] ACT=OK REP=1.000 RWD=0.850 PNL=0.000 CREDIT=20
[PASSIVE-BEACON] SIMNOW:12.394 CID:6 ZONE:1 RXUAV:1 EDGEPORT:9998 TS:12.382 SPD:19.700 HDG:-0.200 PX:267.300 PY:-20.000 LAN:2 BRK:0 RX_X:0.000 RX_Y:0.000 RX_Z:0.000
[ZONE-ROUTE] CID:6 zone=1 edge_port=9998
[EDGE-RTT] CID:6 wall=1.0 ms  sim_delay=10.0 ms
[TRUST-UPGRADE] CID:6 earned REDUCE_SCRUTINY after 20 clean packets → latency × 0.5
>>> [UAV->CLOUD] BLK:2421|TX:7.0.0.10|CID:6|TS:12.382|SPD:19.7|HDG:-0.2|PX:267.3|PY:-20.0...
[TRUST-APPLIED] CID:6 REDUCE_SCRUTINY → latency=5.0ms (was 10.0ms)
✓ [CAR 6] ACT=OK REP=0.500 RWD=1.500 PNL=0.000 CREDIT=20
✓ [CAR 6] ACT=OK REP=0.869 RWD=1.000 PNL=0.000 CREDIT=19
[PASSIVE-BEACON] SIMNOW:12.426 CID:9 ZONE:1 RXUAV:1 EDGEPORT:9998 TS:12.412 SPD:19.800 HDG:-1.500 PX:268.000 PY:-50.000 LAN:5 BRK:1 RX_X:0.000 RX_Y:0.000 RX_Z:0.000
[ZONE-ROUTE] CID:9 zone=1 edge_port=9998
[EDGE-RTT] CID:9 wall=1.3 ms  sim_delay=5.0 ms
>>> [UAV->CLOUD] BLK:228e|TX:7.0.0.13|CID:9|TS:12.412|SPD:19.8|HDG:-1.5|PX:268.0|PY:-50.0...
✓ [CAR 9] ACT=OK REP=0.832 RWD=1.000 PNL=0.000 CREDIT=20
[PASSIVE-BEACON] SIMNOW:12.506 CID:8 ZONE:1 RXUAV:1 EDGEPORT:9998 TS:12.492 SPD:20.200 HDG:0.000 PX:270.300 PY:-40.000 LAN:4 BRK:0 RX_X:0.000 RX_Y:0.000 RX_Z:0.000
[ZONE-ROUTE] CID:8 zone=1 edge_port=9998
[EDGE-RTT] CID:8 wall=1.1 ms  sim_delay=5.0 ms
>>> [UAV->CLOUD] BLK:d447|TX:7.0.0.12|CID:8|TS:12.492|SPD:20.2|HDG:0.0|PX:270.3|PY:-40.0|...
✓ [CAR 8] ACT=OK REP=0.788 RWD=1.000 PNL=0.000 CREDIT=20
[PASSIVE-BEACON] SIMNOW:12.565 CID:3 ZONE:1 RXUAV:1 EDGEPORT:9998 TS:12.550 SPD:20.000 HDG:0.400 PX:250.800 PY:-40.000 LAN:4 BRK:1 RX_X:0.000 RX_Y:0.000 RX_Z:0.000
[ZONE-ROUTE] CID:3 zone=1 edge_port=9998
[EDGE-RTT] CID:3 wall=1.1 ms  sim_delay=5.0 ms
>>> [UAV->CLOUD] BLK:d722|TX:7.0.0.7|CID:3|TS:12.550|SPD:20.0|HDG:0.4|PX:250.8|PY:-40.0|L...
✓ [CAR 3] ACT=OK REP=0.883 RWD=1.000 PNL=0.000 CREDIT=20
[PASSIVE-BEACON] SIMNOW:12.604 CID:4 ZONE:1 RXUAV:1 EDGEPORT:9998 TS:12.590 SPD:19.900 HDG:-0.100 PX:251.700 PY:-50.000 LAN:5 BRK:0 RX_X:0.000 RX_Y:0.000 RX_Z:0.000
[ZONE-ROUTE] CID:4 zone=1 edge_port=9998
[EDGE-RTT] CID:4 wall=1.1 ms  sim_delay=5.0 ms
>>> [UAV->CLOUD] BLK:f732|TX:7.0.0.8|CID:4|TS:12.590|SPD:19.9|HDG:-0.1|PX:251.7|PY:-50.0|...
[PASSIVE-BEACON] SIMNOW:12.604 CID:2 ZONE:1 RXUAV:1 EDGEPORT:9998 TS:12.590 SPD:19.900 HDG:-1.300 PX:252.400 PY:-30.000 LAN:3 BRK:0 RX_X:0.000 RX_Y:0.000 RX_Z:0.000
[ZONE-ROUTE] CID:2 zone=1 edge_port=9998
[EDGE-RTT] CID:2 wall=1.6 ms  sim_delay=5.0 ms
>>> [UAV->CLOUD] BLK:c973|TX:7.0.0.6|CID:2|TS:12.590|SPD:19.9|HDG:-1.3|PX:252.4|PY:-30.0|...
✓ [CAR 2] ACT=OK REP=0.783 RWD=1.000 PNL=0.000 CREDIT=21
✓ [CAR 4] ACT=OK REP=0.824 RWD=1.000 PNL=0.000 CREDIT=21
[PASSIVE-BEACON] SIMNOW:12.626 CID:7 ZONE:1 RXUAV:1 EDGEPORT:9998 TS:12.612 SPD:20.100 HDG:-1.300 PX:272.500 PY:-30.000 LAN:3 BRK:0 RX_X:0.000 RX_Y:0.000 RX_Z:0.000
[ZONE-ROUTE] CID:7 zone=1 edge_port=9998
[EDGE-RTT] CID:7 wall=1.0 ms  sim_delay=5.0 ms
>>> [UAV->CLOUD] BLK:b287|TX:7.0.0.11|CID:7|TS:12.612|SPD:20.1|HDG:-1.3|PX:272.5|PY:-30.0...
✓ [CAR 7] ACT=OK REP=0.968 RWD=1.000 PNL=0.000 CREDIT=21
[PASSIVE-BEACON] SIMNOW:12.794 CID:0 ZONE:1 RXUAV:1 EDGEPORT:9998 TS:12.780 SPD:24.500 HDG:-0.700 PX:260.400 PY:-10.000 LAN:1 BRK:0 RX_X:0.000 RX_Y:0.000 RX_Z:0.000
[ZONE-ROUTE] CID:0 zone=1 edge_port=9998
[EDGE-RTT] CID:0 wall=1.0 ms  sim_delay=5.0 ms
>>> [UAV->CLOUD] BLK:73b5|TX:7.0.0.4|CID:0|TS:12.780|SPD:24.5|HDG:-0.7|PX:260.4|PY:-10.0|...
[ECON-CLAWBACK] CID:0 ACT=WARN prior_payoff=4.7 extra_penalty=3.6 new_payoff=1.0
[FORGIVENESS] CID:0 WARN #2 — streak reset, benefits revoked
⚠ [CAR 0] ACT=WARN REP=0.901 RWD=0.000 PNL=3.679 CREDIT=-2
[PASSIVE-BEACON] SIMNOW:12.814 CID:1 ZONE:1 RXUAV:1 EDGEPORT:9998 TS:12.800 SPD:20.500 HDG:0.400 PX:256.600 PY:-20.000 LAN:2 BRK:0 RX_X:0.000 RX_Y:0.000 RX_Z:0.000
[ZONE-ROUTE] CID:1 zone=1 edge_port=9998
[EDGE-RTT] CID:1 wall=0.9 ms  sim_delay=5.0 ms
>>> [UAV->CLOUD] BLK:2d56|TX:7.0.0.5|CID:1|TS:12.800|SPD:20.5|HDG:0.4|PX:256.6|PY:-20.0|L...
✓ [CAR 1] ACT=OK REP=0.977 RWD=1.000 PNL=0.000 CREDIT=21
[PASSIVE-BEACON] SIMNOW:12.876 CID:5 ZONE:1 RXUAV:1 EDGEPORT:9998 TS:12.862 SPD:24.900 HDG:-0.500 PX:282.600 PY:-10.000 LAN:1 BRK:0 RX_X:0.000 RX_Y:0.000 RX_Z:0.000
[ZONE-ROUTE] CID:5 zone=1 edge_port=9998
[EDGE-RTT] CID:5 wall=1.1 ms  sim_delay=5.0 ms
>>> [UAV->CLOUD] BLK:f572|TX:7.0.0.9|CID:5|TS:12.862|SPD:24.9|HDG:-0.5|PX:282.6|PY:-10.0|...
[ECON-CLAWBACK] CID:5 ACT=WARN prior_payoff=23.8 extra_penalty=18.9 new_payoff=4.9
[TRUST-REVOKED] CID:5 benefits revoked logically; lane=1 speed=20.0 latency=10.0ms
[FORGIVENESS] CID:5 WARN #1 — streak reset, benefits revoked
⚠ [CAR 5] ACT=WARN REP=0.727 RWD=0.000 PNL=18.962 CREDIT=19
[PASSIVE-BEACON] SIMNOW:12.896 CID:6 ZONE:1 RXUAV:1 EDGEPORT:9998 TS:12.882 SPD:19.800 HDG:1.700 PX:276.900 PY:-20.000 LAN:2 BRK:0 RX_X:0.000 RX_Y:0.000 RX_Z:0.000
[ZONE-ROUTE] CID:6 zone=1 edge_port=9998
[EDGE-RTT] CID:6 wall=0.5 ms  sim_delay=5.0 ms
>>> [UAV->CLOUD] BLK:50df|TX:7.0.0.10|CID:6|TS:12.882|SPD:19.8|HDG:1.7|PX:276.9|PY:-20.0|...
✓ [CAR 6] ACT=OK REP=1.000 RWD=1.000 PNL=0.000 CREDIT=20
[PASSIVE-BEACON] SIMNOW:12.927 CID:9 ZONE:1 RXUAV:1 EDGEPORT:9998 TS:12.912 SPD:19.800 HDG:0.100 PX:278.900 PY:-50.000 LAN:5 BRK:0 RX_X:0.000 RX_Y:0.000 RX_Z:0.000
[ZONE-ROUTE] CID:9 zone=1 edge_port=9998
[EDGE-RTT] CID:9 wall=0.8 ms  sim_delay=5.0 ms
>>> [UAV->CLOUD] BLK:c646|TX:7.0.0.13|CID:9|TS:12.912|SPD:19.8|HDG:0.1|PX:278.9|PY:-50.0|...
✓ [CAR 9] ACT=OK REP=0.774 RWD=1.000 PNL=0.000 CREDIT=21
[PASSIVE-BEACON] SIMNOW:13.006 CID:8 ZONE:1 RXUAV:1 EDGEPORT:9998 TS:12.992 SPD:20.000 HDG:1.400 PX:280.400 PY:-40.000 LAN:4 BRK:1 RX_X:0.000 RX_Y:0.000 RX_Z:0.000
[ZONE-ROUTE] CID:8 zone=1 edge_port=9998
[EDGE-RTT] CID:8 wall=1.0 ms  sim_delay=5.0 ms
>>> [UAV->CLOUD] BLK:f96a|TX:7.0.0.12|CID:8|TS:12.992|SPD:20.0|HDG:1.4|PX:280.4|PY:-40.0|...
✓ [CAR 8] ACT=OK REP=0.593 RWD=1.000 PNL=0.000 CREDIT=21
[PASSIVE-BEACON] SIMNOW:13.064 CID:3 ZONE:1 RXUAV:1 EDGEPORT:9998 TS:13.050 SPD:20.200 HDG:0.100 PX:260.300 PY:-40.000 LAN:4 BRK:0 RX_X:0.000 RX_Y:0.000 RX_Z:0.000
[ZONE-ROUTE] CID:3 zone=1 edge_port=9998
[EDGE-RTT] CID:3 wall=0.9 ms  sim_delay=5.0 ms
>>> [UAV->CLOUD] BLK:64f8|TX:7.0.0.7|CID:3|TS:13.050|SPD:20.2|HDG:0.1|PX:260.3|PY:-40.0|L...
✓ [CAR 3] ACT=OK REP=0.799 RWD=1.000 PNL=0.000 CREDIT=21
[PASSIVE-BEACON] SIMNOW:13.104 CID:4 ZONE:1 RXUAV:1 EDGEPORT:9998 TS:13.090 SPD:19.900 HDG:1.700 PX:262.400 PY:-50.000 LAN:5 BRK:0 RX_X:0.000 RX_Y:0.000 RX_Z:0.000
[ZONE-ROUTE] CID:4 zone=1 edge_port=9998
[EDGE-RTT] CID:4 wall=0.8 ms  sim_delay=5.0 ms
>>> [UAV->CLOUD] BLK:cb4a|TX:7.0.0.8|CID:4|TS:13.090|SPD:19.9|HDG:1.7|PX:262.4|PY:-50.0|L...
[PASSIVE-BEACON] SIMNOW:13.104 CID:2 ZONE:1 RXUAV:1 EDGEPORT:9998 TS:13.090 SPD:20.400 HDG:1.000 PX:262.200 PY:-30.000 LAN:3 BRK:1 RX_X:0.000 RX_Y:0.000 RX_Z:0.000
[ZONE-ROUTE] CID:2 zone=1 edge_port=9998
[EDGE-RTT] CID:2 wall=1.6 ms  sim_delay=5.0 ms
>>> [UAV->CLOUD] BLK:e9ea|TX:7.0.0.6|CID:2|TS:13.090|SPD:20.4|HDG:1.0|PX:262.2|PY:-30.0|L...
✓ [CAR 2] ACT=OK REP=0.971 RWD=1.000 PNL=0.000 CREDIT=22
✓ [CAR 4] ACT=OK REP=0.753 RWD=1.000 PNL=0.000 CREDIT=22
[PASSIVE-BEACON] SIMNOW:13.126 CID:7 ZONE:1 RXUAV:1 EDGEPORT:9998 TS:13.112 SPD:20.200 HDG:1.400 PX:282.600 PY:-30.000 LAN:3 BRK:0 RX_X:0.000 RX_Y:0.000 RX_Z:0.000
[ZONE-ROUTE] CID:7 zone=1 edge_port=9998
[EDGE-RTT] CID:7 wall=1.0 ms  sim_delay=5.0 ms
>>> [UAV->CLOUD] BLK:5c73|TX:7.0.0.11|CID:7|TS:13.112|SPD:20.2|HDG:1.4|PX:282.6|PY:-30.0|...
✓ [CAR 7] ACT=OK REP=1.000 RWD=1.000 PNL=0.000 CREDIT=22
[PASSIVE-BEACON] SIMNOW:13.294 CID:0 ZONE:1 RXUAV:1 EDGEPORT:9998 TS:13.280 SPD:25.100 HDG:-1.800 PX:272.300 PY:-10.000 LAN:1 BRK:1 RX_X:0.000 RX_Y:0.000 RX_Z:0.000
[ZONE-ROUTE] CID:0 zone=1 edge_port=9998
[EDGE-RTT] CID:0 wall=0.9 ms  sim_delay=5.0 ms
>>> [UAV->CLOUD] BLK:dca2|TX:7.0.0.4|CID:0|TS:13.280|SPD:25.1|HDG:-1.8|PX:272.3|PY:-10.0|...
[ECON-CLAWBACK] CID:0 ACT=WARN prior_payoff=1.0 extra_penalty=2.0 new_payoff=-1.1
[FORGIVENESS] CID:0 WARN #3 — streak reset, benefits revoked
⚠ [CAR 0] ACT=WARN REP=1.000 RWD=0.000 PNL=2.095 CREDIT=-2
[PASSIVE-BEACON] SIMNOW:13.312 CID:1 ZONE:1 RXUAV:1 EDGEPORT:9998 TS:13.300 SPD:20.400 HDG:-1.700 PX:265.300 PY:-20.000 LAN:2 BRK:0 RX_X:0.000 RX_Y:0.000 RX_Z:0.000
[ZONE-ROUTE] CID:1 zone=1 edge_port=9998
[EDGE-RTT] CID:1 wall=1.0 ms  sim_delay=5.0 ms
>>> [UAV->CLOUD] BLK:16fb|TX:7.0.0.5|CID:1|TS:13.300|SPD:20.4|HDG:-1.7|PX:265.3|PY:-20.0|...
✓ [CAR 1] ACT=OK REP=0.798 RWD=1.000 PNL=0.000 CREDIT=22
[PASSIVE-BEACON] SIMNOW:13.376 CID:5 ZONE:1 RXUAV:1 EDGEPORT:9998 TS:13.362 SPD:25.400 HDG:0.100 PX:294.700 PY:-10.000 LAN:1 BRK:0 RX_X:0.000 RX_Y:0.000 RX_Z:0.000
[ZONE-ROUTE] CID:5 zone=1 edge_port=9998
[EDGE-RTT] CID:5 wall=1.0 ms  sim_delay=5.0 ms
>>> [UAV->CLOUD] BLK:5d8d|TX:7.0.0.9|CID:5|TS:13.362|SPD:25.4|HDG:0.1|PX:294.7|PY:-10.0|L...
[ECON-CLAWBACK] CID:5 ACT=WARN prior_payoff=4.9 extra_penalty=3.7 new_payoff=1.1
[FORGIVENESS] CID:5 WARN #2 — streak reset, benefits revoked
⚠ [CAR 5] ACT=WARN REP=0.628 RWD=0.000 PNL=3.791 CREDIT=-2
[PASSIVE-BEACON] SIMNOW:13.396 CID:6 ZONE:1 RXUAV:1 EDGEPORT:9998 TS:13.382 SPD:19.900 HDG:1.100 PX:287.000 PY:-20.000 LAN:2 BRK:0 RX_X:0.000 RX_Y:0.000 RX_Z:0.000
[ZONE-ROUTE] CID:6 zone=1 edge_port=9998
[EDGE-RTT] CID:6 wall=0.9 ms  sim_delay=5.0 ms
>>> [UAV->CLOUD] BLK:a636|TX:7.0.0.10|CID:6|TS:13.382|SPD:19.9|HDG:1.1|PX:287.0|PY:-20.0|...
✓ [CAR 6] ACT=OK REP=0.909 RWD=1.000 PNL=0.000 CREDIT=21
[PASSIVE-BEACON] SIMNOW:13.424 CID:9 ZONE:1 RXUAV:1 EDGEPORT:9998 TS:13.412 SPD:20.200 HDG:0.500 PX:288.500 PY:-50.000 LAN:5 BRK:1 RX_X:0.000 RX_Y:0.000 RX_Z:0.000
[ZONE-ROUTE] CID:9 zone=1 edge_port=9998
[EDGE-RTT] CID:9 wall=1.2 ms  sim_delay=5.0 ms
>>> [UAV->CLOUD] BLK:8e9b|TX:7.0.0.13|CID:9|TS:13.412|SPD:20.2|HDG:0.5|PX:288.5|PY:-50.0|...
✓ [CAR 9] ACT=OK REP=0.811 RWD=1.000 PNL=0.000 CREDIT=22
[PASSIVE-BEACON] SIMNOW:13.506 CID:8 ZONE:1 RXUAV:1 EDGEPORT:9998 TS:13.492 SPD:20.500 HDG:-0.600 PX:289.200 PY:-40.000 LAN:4 BRK:1 RX_X:0.000 RX_Y:0.000 RX_Z:0.000
[ZONE-ROUTE] CID:8 zone=1 edge_port=9998
[EDGE-RTT] CID:8 wall=1.1 ms  sim_delay=5.0 ms
>>> [UAV->CLOUD] BLK:4d10|TX:7.0.0.12|CID:8|TS:13.492|SPD:20.5|HDG:-0.6|PX:289.2|PY:-40.0...
✓ [CAR 8] ACT=OK REP=1.000 RWD=1.000 PNL=0.000 CREDIT=22
[PASSIVE-BEACON] SIMNOW:13.565 CID:3 ZONE:1 RXUAV:1 EDGEPORT:9998 TS:13.550 SPD:19.900 HDG:-1.800 PX:271.600 PY:-40.000 LAN:4 BRK:0 RX_X:0.000 RX_Y:0.000 RX_Z:0.000
[ZONE-ROUTE] CID:3 zone=1 edge_port=9998
[EDGE-RTT] CID:3 wall=0.9 ms  sim_delay=5.0 ms
>>> [UAV->CLOUD] BLK:3a5f|TX:7.0.0.7|CID:3|TS:13.550|SPD:19.9|HDG:-1.8|PX:271.6|PY:-40.0|...
✓ [CAR 3] ACT=OK REP=0.971 RWD=1.000 PNL=0.000 CREDIT=22
[PASSIVE-BEACON] SIMNOW:13.603 CID:4 ZONE:1 RXUAV:1 EDGEPORT:9998 TS:13.590 SPD:19.700 HDG:1.500 PX:271.800 PY:-50.000 LAN:5 BRK:0 RX_X:0.000 RX_Y:0.000 RX_Z:0.000
[ZONE-ROUTE] CID:4 zone=1 edge_port=9998
[EDGE-RTT] CID:4 wall=0.9 ms  sim_delay=5.0 ms
>>> [UAV->CLOUD] BLK:01bd|TX:7.0.0.8|CID:4|TS:13.590|SPD:19.7|HDG:1.5|PX:271.8|PY:-50.0|L...
[PASSIVE-BEACON] SIMNOW:13.603 CID:2 ZONE:1 RXUAV:1 EDGEPORT:9998 TS:13.590 SPD:20.300 HDG:-1.200 PX:271.700 PY:-30.000 LAN:3 BRK:0 RX_X:0.000 RX_Y:0.000 RX_Z:0.000
[ZONE-ROUTE] CID:2 zone=1 edge_port=9998
[EDGE-RTT] CID:2 wall=1.8 ms  sim_delay=5.0 ms
>>> [UAV->CLOUD] BLK:4482|TX:7.0.0.6|CID:2|TS:13.590|SPD:20.3|HDG:-1.2|PX:271.7|PY:-30.0|...
✓ [CAR 2] ACT=OK REP=0.966 RWD=1.000 PNL=0.000 CREDIT=23
✓ [CAR 4] ACT=OK REP=0.852 RWD=1.000 PNL=0.000 CREDIT=23
[PASSIVE-BEACON] SIMNOW:13.626 CID:7 ZONE:1 RXUAV:1 EDGEPORT:9998 TS:13.612 SPD:20.300 HDG:0.300 PX:292.300 PY:-30.000 LAN:3 BRK:0 RX_X:0.000 RX_Y:0.000 RX_Z:0.000
[ZONE-ROUTE] CID:7 zone=1 edge_port=9998
[EDGE-RTT] CID:7 wall=0.8 ms  sim_delay=5.0 ms
>>> [UAV->CLOUD] BLK:d065|TX:7.0.0.11|CID:7|TS:13.612|SPD:20.3|HDG:0.3|PX:292.3|PY:-30.0|...
✓ [CAR 7] ACT=OK REP=0.753 RWD=1.000 PNL=0.000 CREDIT=23
[PASSIVE-BEACON] SIMNOW:13.794 CID:0 ZONE:1 RXUAV:1 EDGEPORT:9998 TS:13.780 SPD:24.800 HDG:1.400 PX:285.800 PY:-10.000 LAN:1 BRK:0 RX_X:0.000 RX_Y:0.000 RX_Z:0.000
[ZONE-ROUTE] CID:0 zone=1 edge_port=9998
[EDGE-RTT] CID:0 wall=0.8 ms  sim_delay=5.0 ms
>>> [UAV->CLOUD] BLK:41c2|TX:7.0.0.4|CID:0|TS:13.780|SPD:24.8|HDG:1.4|PX:285.8|PY:-10.0|L...
[ECON-CLAWBACK] CID:0 ACT=WARN prior_payoff=-1.1 extra_penalty=1.8 new_payoff=-2.9
[FORGIVENESS] CID:0 WARN #4 — streak reset, benefits revoked
⚠ [CAR 0] ACT=WARN REP=1.000 RWD=0.000 PNL=1.848 CREDIT=-2
[PASSIVE-BEACON] SIMNOW:13.814 CID:1 ZONE:1 RXUAV:1 EDGEPORT:9998 TS:13.800 SPD:19.800 HDG:-1.300 PX:276.300 PY:-20.000 LAN:2 BRK:0 RX_X:0.000 RX_Y:0.000 RX_Z:0.000
[ZONE-ROUTE] CID:1 zone=1 edge_port=9998
[EDGE-RTT] CID:1 wall=0.9 ms  sim_delay=5.0 ms
>>> [UAV->CLOUD] BLK:5ca5|TX:7.0.0.5|CID:1|TS:13.800|SPD:19.8|HDG:-1.3|PX:276.3|PY:-20.0|...
✓ [CAR 1] ACT=OK REP=0.823 RWD=1.000 PNL=0.000 CREDIT=23
[PASSIVE-BEACON] SIMNOW:13.876 CID:5 ZONE:1 RXUAV:1 EDGEPORT:9998 TS:13.862 SPD:24.600 HDG:-0.500 PX:306.700 PY:-10.000 LAN:1 BRK:0 RX_X:0.000 RX_Y:0.000 RX_Z:0.000
[ZONE-ROUTE] CID:5 zone=1 edge_port=9998
[EDGE-RTT] CID:5 wall=0.9 ms  sim_delay=5.0 ms
>>> [UAV->CLOUD] BLK:c6ab|TX:7.0.0.9|CID:5|TS:13.862|SPD:24.6|HDG:-0.5|PX:306.7|PY:-10.0|...
[ECON-CLAWBACK] CID:5 ACT=WARN prior_payoff=1.1 extra_penalty=2.0 new_payoff=-1.1
[FORGIVENESS] CID:5 WARN #3 — streak reset, benefits revoked
⚠ [CAR 5] ACT=WARN REP=0.651 RWD=0.000 PNL=2.144 CREDIT=-2
[PASSIVE-BEACON] SIMNOW:13.895 CID:6 ZONE:1 RXUAV:1 EDGEPORT:9998 TS:13.882 SPD:24.800 HDG:-1.200 PX:297.000 PY:-20.000 LAN:2 BRK:1 RX_X:0.000 RX_Y:0.000 RX_Z:0.000
[ZONE-ROUTE] CID:6 zone=1 edge_port=9998
[EDGE-RTT] CID:6 wall=1.0 ms  sim_delay=5.0 ms
>>> [UAV->CLOUD] BLK:e3cd|TX:7.0.0.10|CID:6|TS:13.882|SPD:24.8|HDG:-1.2|PX:297.0|PY:-20.0...
[ECON-CLAWBACK] CID:6 ACT=WARN prior_payoff=25.0 extra_penalty=19.7 new_payoff=5.2
[TRUST-REVOKED] CID:6 benefits revoked logically; lane=2 speed=20.0 latency=10.0ms
[FORGIVENESS] CID:6 WARN #1 — streak reset, benefits revoked
⚠ [CAR 6] ACT=WARN REP=0.883 RWD=0.000 PNL=19.820 CREDIT=20
[PASSIVE-BEACON] SIMNOW:13.927 CID:9 ZONE:1 RXUAV:1 EDGEPORT:9998 TS:13.912 SPD:20.400 HDG:1.900 PX:298.900 PY:-50.000 LAN:5 BRK:0 RX_X:0.000 RX_Y:0.000 RX_Z:0.000
[ZONE-ROUTE] CID:9 zone=1 edge_port=9998
[EDGE-RTT] CID:9 wall=0.6 ms  sim_delay=5.0 ms
>>> [UAV->CLOUD] BLK:c461|TX:7.0.0.13|CID:9|TS:13.912|SPD:20.4|HDG:1.9|PX:298.9|PY:-50.0|...
✓ [CAR 9] ACT=OK REP=1.000 RWD=1.000 PNL=0.000 CREDIT=23
[PASSIVE-BEACON] SIMNOW:14.006 CID:8 ZONE:1 RXUAV:1 EDGEPORT:9998 TS:13.992 SPD:20.100 HDG:1.000 PX:299.800 PY:-40.000 LAN:4 BRK:0 RX_X:0.000 RX_Y:0.000 RX_Z:0.000
[ZONE-ROUTE] CID:8 zone=1 edge_port=9998
[EDGE-RTT] CID:8 wall=0.8 ms  sim_delay=5.0 ms
>>> [UAV->CLOUD] BLK:3aed|TX:7.0.0.12|CID:8|TS:13.992|SPD:20.1|HDG:1.0|PX:299.8|PY:-40.0|...
✓ [CAR 8] ACT=OK REP=0.959 RWD=1.000 PNL=0.000 CREDIT=23
[PASSIVE-BEACON] SIMNOW:14.064 CID:3 ZONE:1 RXUAV:1 EDGEPORT:9998 TS:14.050 SPD:19.900 HDG:1.100 PX:281.700 PY:-40.000 LAN:4 BRK:0 RX_X:0.000 RX_Y:0.000 RX_Z:0.000
[ZONE-ROUTE] CID:3 zone=1 edge_port=9998
[EDGE-RTT] CID:3 wall=0.8 ms  sim_delay=5.0 ms
>>> [UAV->CLOUD] BLK:fd87|TX:7.0.0.7|CID:3|TS:14.050|SPD:19.9|HDG:1.1|PX:281.7|PY:-40.0|L...
✓ [CAR 3] ACT=OK REP=0.976 RWD=1.000 PNL=0.000 CREDIT=23
[PASSIVE-BEACON] SIMNOW:14.104 CID:4 ZONE:1 RXUAV:1 EDGEPORT:9998 TS:14.090 SPD:20.100 HDG:-0.900 PX:281.800 PY:-50.000 LAN:5 BRK:0 RX_X:0.000 RX_Y:0.000 RX_Z:0.000
[ZONE-ROUTE] CID:4 zone=1 edge_port=9998
[EDGE-RTT] CID:4 wall=0.5 ms  sim_delay=5.0 ms
>>> [UAV->CLOUD] BLK:e97d|TX:7.0.0.8|CID:4|TS:14.090|SPD:20.1|HDG:-0.9|PX:281.8|PY:-50.0|...
[PASSIVE-BEACON] SIMNOW:14.104 CID:2 ZONE:1 RXUAV:1 EDGEPORT:9998 TS:14.090 SPD:20.300 HDG:-1.000 PX:281.900 PY:-30.000 LAN:3 BRK:1 RX_X:0.000 RX_Y:0.000 RX_Z:0.000
[ZONE-ROUTE] CID:2 zone=1 edge_port=9998
[EDGE-RTT] CID:2 wall=2.7 ms  sim_delay=5.0 ms
>>> [UAV->CLOUD] BLK:2c9b|TX:7.0.0.6|CID:2|TS:14.090|SPD:20.3|HDG:-1.0|PX:281.9|PY:-30.0|...
✓ [CAR 4] ACT=OK REP=1.000 RWD=1.000 PNL=0.000 CREDIT=24
✓ [CAR 2] ACT=OK REP=0.881 RWD=1.000 PNL=0.000 CREDIT=24
[PASSIVE-BEACON] SIMNOW:14.126 CID:7 ZONE:1 RXUAV:1 EDGEPORT:9998 TS:14.112 SPD:19.600 HDG:1.400 PX:302.200 PY:-30.000 LAN:3 BRK:0 RX_X:0.000 RX_Y:0.000 RX_Z:0.000
[ZONE-ROUTE] CID:7 zone=1 edge_port=9998
[EDGE-RTT] CID:7 wall=0.9 ms  sim_delay=5.0 ms
>>> [UAV->CLOUD] BLK:a271|TX:7.0.0.11|CID:7|TS:14.112|SPD:19.6|HDG:1.4|PX:302.2|PY:-30.0|...
✓ [CAR 7] ACT=OK REP=1.000 RWD=1.000 PNL=0.000 CREDIT=24
[PASSIVE-BEACON] SIMNOW:14.294 CID:0 ZONE:1 RXUAV:1 EDGEPORT:9998 TS:14.280 SPD:24.900 HDG:-0.300 PX:297.000 PY:-10.000 LAN:1 BRK:0 RX_X:0.000 RX_Y:0.000 RX_Z:0.000
[ZONE-ROUTE] CID:0 zone=1 edge_port=9998
[EDGE-RTT] CID:0 wall=1.1 ms  sim_delay=5.0 ms
>>> [UAV->CLOUD] BLK:82e9|TX:7.0.0.4|CID:0|TS:14.280|SPD:24.9|HDG:-0.3|PX:297.0|PY:-10.0|...
[ECON-CLAWBACK] CID:0 ACT=WARN prior_payoff=-2.9 extra_penalty=2.0 new_payoff=-5.0
[FORGIVENESS] CID:0 WARN #5 — streak reset, benefits revoked
⚠ [CAR 0] ACT=WARN REP=0.437 RWD=0.000 PNL=2.101 CREDIT=-2
[PASSIVE-BEACON] SIMNOW:14.314 CID:1 ZONE:1 RXUAV:1 EDGEPORT:9998 TS:14.300 SPD:24.900 HDG:-1.500 PX:287.500 PY:-20.000 LAN:2 BRK:0 RX_X:0.000 RX_Y:0.000 RX_Z:0.000
[ZONE-ROUTE] CID:1 zone=1 edge_port=9998
[EDGE-RTT] CID:1 wall=1.0 ms  sim_delay=5.0 ms
>>> [UAV->CLOUD] BLK:0bf8|TX:7.0.0.5|CID:1|TS:14.300|SPD:24.9|HDG:-1.5|PX:287.5|PY:-20.0|...
[ECON-CLAWBACK] CID:1 ACT=WARN prior_payoff=27.0 extra_penalty=21.2 new_payoff=5.7
[TRUST-REVOKED] CID:1 benefits revoked logically; lane=2 speed=20.0 latency=10.0ms
[FORGIVENESS] CID:1 WARN #1 — streak reset, benefits revoked
⚠ [CAR 1] ACT=WARN REP=1.000 RWD=0.000 PNL=21.323 CREDIT=22
[PASSIVE-BEACON] SIMNOW:14.376 CID:5 ZONE:1 RXUAV:1 EDGEPORT:9998 TS:14.362 SPD:24.700 HDG:0.500 PX:319.000 PY:-10.000 LAN:1 BRK:0 RX_X:0.000 RX_Y:0.000 RX_Z:0.000
[ZONE-ROUTE] CID:5 zone=1 edge_port=9998
[EDGE-RTT] CID:5 wall=1.0 ms  sim_delay=5.0 ms
>>> [UAV->CLOUD] BLK:be33|TX:7.0.0.9|CID:5|TS:14.362|SPD:24.7|HDG:0.5|PX:319.0|PY:-10.0|L...
[ECON-CLAWBACK] CID:5 ACT=WARN prior_payoff=-1.1 extra_penalty=1.8 new_payoff=-2.9
[FORGIVENESS] CID:5 WARN #4 — streak reset, benefits revoked
⚠ [CAR 5] ACT=WARN REP=0.916 RWD=0.000 PNL=1.850 CREDIT=-2
[PASSIVE-BEACON] SIMNOW:14.396 CID:6 ZONE:1 RXUAV:1 EDGEPORT:9998 TS:14.382 SPD:25.200 HDG:-0.900 PX:310.100 PY:-20.000 LAN:2 BRK:0 RX_X:0.000 RX_Y:0.000 RX_Z:0.000
[ZONE-ROUTE] CID:6 zone=1 edge_port=9998
[EDGE-RTT] CID:6 wall=0.9 ms  sim_delay=5.0 ms
>>> [UAV->CLOUD] BLK:9f95|TX:7.0.0.10|CID:6|TS:14.382|SPD:25.2|HDG:-0.9|PX:310.1|PY:-20.0...
[ECON-CLAWBACK] CID:6 ACT=WARN prior_payoff=5.2 extra_penalty=3.8 new_payoff=1.2
[FORGIVENESS] CID:6 WARN #2 — streak reset, benefits revoked
⚠ [CAR 6] ACT=WARN REP=0.731 RWD=0.000 PNL=3.933 CREDIT=-2
[PASSIVE-BEACON] SIMNOW:14.426 CID:9 ZONE:1 RXUAV:1 EDGEPORT:9998 TS:14.412 SPD:20.100 HDG:0.300 PX:307.700 PY:-50.000 LAN:5 BRK:0 RX_X:0.000 RX_Y:0.000 RX_Z:0.000
[ZONE-ROUTE] CID:9 zone=1 edge_port=9998
[EDGE-RTT] CID:9 wall=1.0 ms  sim_delay=5.0 ms
>>> [UAV->CLOUD] BLK:047a|TX:7.0.0.13|CID:9|TS:14.412|SPD:20.1|HDG:0.3|PX:307.7|PY:-50.0|...
✓ [CAR 9] ACT=OK REP=0.845 RWD=1.000 PNL=0.000 CREDIT=24
[PASSIVE-BEACON] SIMNOW:14.506 CID:8 ZONE:1 RXUAV:1 EDGEPORT:9998 TS:14.492 SPD:20.100 HDG:1.000 PX:309.700 PY:-40.000 LAN:4 BRK:1 RX_X:0.000 RX_Y:0.000 RX_Z:0.000
[ZONE-ROUTE] CID:8 zone=1 edge_port=9998
[EDGE-RTT] CID:8 wall=1.0 ms  sim_delay=5.0 ms
>>> [UAV->CLOUD] BLK:0d9e|TX:7.0.0.12|CID:8|TS:14.492|SPD:20.1|HDG:1.0|PX:309.7|PY:-40.0|...
✓ [CAR 8] ACT=OK REP=0.988 RWD=1.000 PNL=0.000 CREDIT=24
[PASSIVE-BEACON] SIMNOW:14.565 CID:3 ZONE:1 RXUAV:1 EDGEPORT:9998 TS:14.550 SPD:20.300 HDG:1.300 PX:290.400 PY:-40.000 LAN:4 BRK:1 RX_X:0.000 RX_Y:0.000 RX_Z:0.000
[ZONE-ROUTE] CID:3 zone=1 edge_port=9998
[EDGE-RTT] CID:3 wall=1.0 ms  sim_delay=5.0 ms
>>> [UAV->CLOUD] BLK:11de|TX:7.0.0.7|CID:3|TS:14.550|SPD:20.3|HDG:1.3|PX:290.4|PY:-40.0|L...
✓ [CAR 3] ACT=OK REP=0.755 RWD=1.000 PNL=0.000 CREDIT=24
[PASSIVE-BEACON] SIMNOW:14.604 CID:4 ZONE:1 RXUAV:1 EDGEPORT:9998 TS:14.590 SPD:19.700 HDG:-1.500 PX:291.500 PY:-50.000 LAN:5 BRK:0 RX_X:0.000 RX_Y:0.000 RX_Z:0.000
[ZONE-ROUTE] CID:4 zone=1 edge_port=9998
[EDGE-RTT] CID:4 wall=0.8 ms  sim_delay=5.0 ms
>>> [UAV->CLOUD] BLK:4dda|TX:7.0.0.8|CID:4|TS:14.590|SPD:19.7|HDG:-1.5|PX:291.5|PY:-50.0|...
[PASSIVE-BEACON] SIMNOW:14.604 CID:2 ZONE:1 RXUAV:1 EDGEPORT:9998 TS:14.590 SPD:20.100 HDG:0.500 PX:292.100 PY:-30.000 LAN:3 BRK:1 RX_X:0.000 RX_Y:0.000 RX_Z:0.000
[ZONE-ROUTE] CID:2 zone=1 edge_port=9998
[EDGE-RTT] CID:2 wall=1.6 ms  sim_delay=5.0 ms
>>> [UAV->CLOUD] BLK:efc2|TX:7.0.0.6|CID:2|TS:14.590|SPD:20.1|HDG:0.5|PX:292.1|PY:-30.0|L...
✓ [CAR 2] ACT=OK REP=0.990 RWD=1.000 PNL=0.000 CREDIT=25
✓ [CAR 4] ACT=OK REP=0.856 RWD=1.000 PNL=0.000 CREDIT=25
[PASSIVE-BEACON] SIMNOW:14.626 CID:7 ZONE:1 RXUAV:1 EDGEPORT:9998 TS:14.612 SPD:20.100 HDG:-0.800 PX:311.500 PY:-30.000 LAN:3 BRK:0 RX_X:0.000 RX_Y:0.000 RX_Z:0.000
[ZONE-ROUTE] CID:7 zone=1 edge_port=9998
[EDGE-RTT] CID:7 wall=1.1 ms  sim_delay=5.0 ms
>>> [UAV->CLOUD] BLK:ddee|TX:7.0.0.11|CID:7|TS:14.612|SPD:20.1|HDG:-0.8|PX:311.5|PY:-30.0...
✓ [CAR 7] ACT=OK REP=0.988 RWD=1.000 PNL=0.000 CREDIT=25
[PASSIVE-BEACON] SIMNOW:14.794 CID:0 ZONE:1 RXUAV:1 EDGEPORT:9998 TS:14.780 SPD:25.100 HDG:-1.900 PX:310.100 PY:-10.000 LAN:1 BRK:1 RX_X:0.000 RX_Y:0.000 RX_Z:0.000
[ZONE-ROUTE] CID:0 zone=1 edge_port=9998
[EDGE-RTT] CID:0 wall=1.0 ms  sim_delay=5.0 ms
>>> [UAV->CLOUD] BLK:89f9|TX:7.0.0.4|CID:0|TS:14.780|SPD:25.1|HDG:-1.9|PX:310.1|PY:-10.0|...
[ECON-CLAWBACK] CID:0 ACT=WARN prior_payoff=-5.0 extra_penalty=2.2 new_payoff=-7.4
[FORGIVENESS] CID:0 WARN #6 — streak reset, benefits revoked
⚠ [CAR 0] ACT=WARN REP=0.723 RWD=0.000 PNL=2.351 CREDIT=-2
[PASSIVE-BEACON] SIMNOW:14.813 CID:1 ZONE:1 RXUAV:1 EDGEPORT:9998 TS:14.800 SPD:25.400 HDG:-1.000 PX:299.900 PY:-20.000 LAN:2 BRK:1 RX_X:0.000 RX_Y:0.000 RX_Z:0.000
[ZONE-ROUTE] CID:1 zone=1 edge_port=9998
[EDGE-RTT] CID:1 wall=0.9 ms  sim_delay=5.0 ms
>>> [UAV->CLOUD] BLK:c219|TX:7.0.0.5|CID:1|TS:14.800|SPD:25.4|HDG:-1.0|PX:299.9|PY:-20.0|...
[ECON-CLAWBACK] CID:1 ACT=WARN prior_payoff=5.7 extra_penalty=4.1 new_payoff=1.5
[FORGIVENESS] CID:1 WARN #2 — streak reset, benefits revoked
⚠ [CAR 1] ACT=WARN REP=0.847 RWD=0.000 PNL=4.184 CREDIT=-2
[PASSIVE-BEACON] SIMNOW:14.876 CID:5 ZONE:1 RXUAV:1 EDGEPORT:9998 TS:14.862 SPD:25.100 HDG:0.400 PX:331.600 PY:-10.000 LAN:1 BRK:0 RX_X:0.000 RX_Y:0.000 RX_Z:0.000
[ZONE-ROUTE] CID:5 zone=1 edge_port=9998
[EDGE-RTT] CID:5 wall=0.7 ms  sim_delay=5.0 ms
>>> [UAV->CLOUD] BLK:b304|TX:7.0.0.9|CID:5|TS:14.862|SPD:25.1|HDG:0.4|PX:331.6|PY:-10.0|L...
[ECON-CLAWBACK] CID:5 ACT=WARN prior_payoff=-2.9 extra_penalty=2.0 new_payoff=-5.0
[FORGIVENESS] CID:5 WARN #5 — streak reset, benefits revoked
⚠ [CAR 5] ACT=WARN REP=0.657 RWD=0.000 PNL=2.101 CREDIT=-2
[PASSIVE-BEACON] SIMNOW:14.896 CID:6 ZONE:1 RXUAV:1 EDGEPORT:9998 TS:14.882 SPD:25.500 HDG:1.000 PX:322.800 PY:-20.000 LAN:2 BRK:0 RX_X:0.000 RX_Y:0.000 RX_Z:0.000
[ZONE-ROUTE] CID:6 zone=1 edge_port=9998
[EDGE-RTT] CID:6 wall=1.0 ms  sim_delay=5.0 ms
>>> [UAV->CLOUD] BLK:f6a2|TX:7.0.0.10|CID:6|TS:14.882|SPD:25.5|HDG:1.0|PX:322.8|PY:-20.0|...
[ECON-CLAWBACK] CID:6 ACT=WARN prior_payoff=1.2 extra_penalty=2.1 new_payoff=-1.0
[FORGIVENESS] CID:6 WARN #3 — streak reset, benefits revoked
⚠ [CAR 6] ACT=WARN REP=1.000 RWD=0.000 PNL=2.219 CREDIT=-2
[PASSIVE-BEACON] SIMNOW:14.925 CID:9 ZONE:1 RXUAV:1 EDGEPORT:9998 TS:14.912 SPD:20.300 HDG:1.900 PX:317.700 PY:-50.000 LAN:5 BRK:0 RX_X:0.000 RX_Y:0.000 RX_Z:0.000
[ZONE-ROUTE] CID:9 zone=1 edge_port=9998
[EDGE-RTT] CID:9 wall=0.8 ms  sim_delay=5.0 ms
>>> [UAV->CLOUD] BLK:efb1|TX:7.0.0.13|CID:9|TS:14.912|SPD:20.3|HDG:1.9|PX:317.7|PY:-50.0|...
✓ [CAR 9] ACT=OK REP=0.767 RWD=1.000 PNL=0.000 CREDIT=25
[PASSIVE-BEACON] SIMNOW:15.006 CID:8 ZONE:1 RXUAV:1 EDGEPORT:9998 TS:14.992 SPD:19.600 HDG:-1.900 PX:320.400 PY:-40.000 LAN:4 BRK:0 RX_X:0.000 RX_Y:0.000 RX_Z:0.000
[ZONE-ROUTE] CID:8 zone=1 edge_port=9998
[EDGE-RTT] CID:8 wall=0.9 ms  sim_delay=5.0 ms
>>> [UAV->CLOUD] BLK:70aa|TX:7.0.0.12|CID:8|TS:14.992|SPD:19.6|HDG:-1.9|PX:320.4|PY:-40.0...
✓ [CAR 8] ACT=OK REP=0.983 RWD=1.000 PNL=0.000 CREDIT=25
[PASSIVE-BEACON] SIMNOW:15.064 CID:3 ZONE:1 RXUAV:1 EDGEPORT:9998 TS:15.050 SPD:20.400 HDG:-1.100 PX:301.200 PY:-40.000 LAN:4 BRK:0 RX_X:0.000 RX_Y:0.000 RX_Z:0.000
[ZONE-ROUTE] CID:3 zone=1 edge_port=9998
[EDGE-RTT] CID:3 wall=0.5 ms  sim_delay=5.0 ms
>>> [UAV->CLOUD] BLK:64d0|TX:7.0.0.7|CID:3|TS:15.050|SPD:20.4|HDG:-1.1|PX:301.2|PY:-40.0|...
✓ [CAR 3] ACT=OK REP=0.948 RWD=1.000 PNL=0.000 CREDIT=25
[PASSIVE-BEACON] SIMNOW:15.104 CID:4 ZONE:1 RXUAV:1 EDGEPORT:9998 TS:15.090 SPD:19.700 HDG:0.900 PX:301.500 PY:-50.000 LAN:5 BRK:1 RX_X:0.000 RX_Y:0.000 RX_Z:0.000
[ZONE-ROUTE] CID:4 zone=1 edge_port=9998
[EDGE-RTT] CID:4 wall=0.7 ms  sim_delay=5.0 ms
>>> [UAV->CLOUD] BLK:d87c|TX:7.0.0.8|CID:4|TS:15.090|SPD:19.7|HDG:0.9|PX:301.5|PY:-50.0|L...
[PASSIVE-BEACON] SIMNOW:15.104 CID:2 ZONE:1 RXUAV:1 EDGEPORT:9998 TS:15.090 SPD:20.200 HDG:0.200 PX:302.400 PY:-30.000 LAN:3 BRK:0 RX_X:0.000 RX_Y:0.000 RX_Z:0.000
[ZONE-ROUTE] CID:2 zone=1 edge_port=9998
[EDGE-RTT] CID:2 wall=2.6 ms  sim_delay=5.0 ms
>>> [UAV->CLOUD] BLK:91bb|TX:7.0.0.6|CID:2|TS:15.090|SPD:20.2|HDG:0.2|PX:302.4|PY:-30.0|L...
✓ [CAR 4] ACT=OK REP=0.811 RWD=1.000 PNL=0.000 CREDIT=26
✓ [CAR 2] ACT=OK REP=0.870 RWD=1.000 PNL=0.000 CREDIT=26
[PASSIVE-BEACON] SIMNOW:15.126 CID:7 ZONE:1 RXUAV:1 EDGEPORT:9998 TS:15.112 SPD:20.400 HDG:0.500 PX:321.900 PY:-30.000 LAN:3 BRK:0 RX_X:0.000 RX_Y:0.000 RX_Z:0.000
[ZONE-ROUTE] CID:7 zone=1 edge_port=9998
[EDGE-RTT] CID:7 wall=0.7 ms  sim_delay=5.0 ms
>>> [UAV->CLOUD] BLK:08ca|TX:7.0.0.11|CID:7|TS:15.112|SPD:20.4|HDG:0.5|PX:321.9|PY:-30.0|...
✓ [CAR 7] ACT=OK REP=1.000 RWD=1.000 PNL=0.000 CREDIT=26
[PASSIVE-BEACON] SIMNOW:15.294 CID:0 ZONE:1 RXUAV:1 EDGEPORT:9998 TS:15.280 SPD:25.300 HDG:0.600 PX:323.100 PY:-10.000 LAN:1 BRK:0 RX_X:0.000 RX_Y:0.000 RX_Z:0.000
[ZONE-ROUTE] CID:0 zone=1 edge_port=9998
[EDGE-RTT] CID:0 wall=1.0 ms  sim_delay=5.0 ms
>>> [UAV->CLOUD] BLK:bca3|TX:7.0.0.4|CID:0|TS:15.280|SPD:25.3|HDG:0.6|PX:323.1|PY:-10.0|L...
[ECON-CLAWBACK] CID:0 ACT=WARN prior_payoff=-7.4 extra_penalty=2.5 new_payoff=-10.0
[FORGIVENESS] CID:0 WARN #7 — streak reset, benefits revoked
⚠ [CAR 0] ACT=WARN REP=0.664 RWD=0.000 PNL=2.602 CREDIT=-2
[PASSIVE-BEACON] SIMNOW:15.314 CID:1 ZONE:1 RXUAV:1 EDGEPORT:9998 TS:15.300 SPD:24.600 HDG:-0.900 PX:312.400 PY:-20.000 LAN:2 BRK:1 RX_X:0.000 RX_Y:0.000 RX_Z:0.000
[ZONE-ROUTE] CID:1 zone=1 edge_port=9998
[EDGE-RTT] CID:1 wall=1.0 ms  sim_delay=5.0 ms
>>> [UAV->CLOUD] BLK:51c4|TX:7.0.0.5|CID:1|TS:15.300|SPD:24.6|HDG:-0.9|PX:312.4|PY:-20.0|...
[ECON-CLAWBACK] CID:1 ACT=WARN prior_payoff=1.5 extra_penalty=2.2 new_payoff=-0.9
[FORGIVENESS] CID:1 WARN #3 — streak reset, benefits revoked
⚠ [CAR 1] ACT=WARN REP=0.820 RWD=0.000 PNL=2.340 CREDIT=-2
[PASSIVE-BEACON] SIMNOW:15.376 CID:5 ZONE:1 RXUAV:1 EDGEPORT:9998 TS:15.362 SPD:25.500 HDG:-1.700 PX:345.000 PY:-10.000 LAN:1 BRK:0 RX_X:0.000 RX_Y:0.000 RX_Z:0.000
[ZONE-ROUTE] CID:5 zone=1 edge_port=9998
[EDGE-RTT] CID:5 wall=1.3 ms  sim_delay=5.0 ms
>>> [UAV->CLOUD] BLK:d36b|TX:7.0.0.9|CID:5|TS:15.362|SPD:25.5|HDG:-1.7|PX:345.0|PY:-10.0|...
[ECON-CLAWBACK] CID:5 ACT=WARN prior_payoff=-5.0 extra_penalty=2.2 new_payoff=-7.4
[FORGIVENESS] CID:5 WARN #6 — streak reset, benefits revoked
⚠ [CAR 5] ACT=WARN REP=0.876 RWD=0.000 PNL=2.352 CREDIT=-2
[PASSIVE-BEACON] SIMNOW:15.395 CID:6 ZONE:1 RXUAV:1 EDGEPORT:9998 TS:15.382 SPD:24.800 HDG:1.400 PX:335.600 PY:-20.000 LAN:2 BRK:0 RX_X:0.000 RX_Y:0.000 RX_Z:0.000
[ZONE-ROUTE] CID:6 zone=1 edge_port=9998
[EDGE-RTT] CID:6 wall=1.0 ms  sim_delay=5.0 ms
>>> [UAV->CLOUD] BLK:a8da|TX:7.0.0.10|CID:6|TS:15.382|SPD:24.8|HDG:1.4|PX:335.6|PY:-20.0|...
[ECON-CLAWBACK] CID:6 ACT=WARN prior_payoff=-1.0 extra_penalty=1.8 new_payoff=-2.8
[FORGIVENESS] CID:6 WARN #4 — streak reset, benefits revoked
⚠ [CAR 6] ACT=WARN REP=0.758 RWD=0.000 PNL=1.848 CREDIT=-2
[PASSIVE-BEACON] SIMNOW:15.426 CID:9 ZONE:1 RXUAV:1 EDGEPORT:9998 TS:15.412 SPD:19.600 HDG:-1.900 PX:327.800 PY:-50.000 LAN:5 BRK:0 RX_X:0.000 RX_Y:0.000 RX_Z:0.000
[ZONE-ROUTE] CID:9 zone=1 edge_port=9998
[EDGE-RTT] CID:9 wall=1.1 ms  sim_delay=5.0 ms
>>> [UAV->CLOUD] BLK:25b6|TX:7.0.0.13|CID:9|TS:15.412|SPD:19.6|HDG:-1.9|PX:327.8|PY:-50.0...
✓ [CAR 9] ACT=OK REP=1.000 RWD=1.000 PNL=0.000 CREDIT=26
[PASSIVE-BEACON] SIMNOW:15.506 CID:8 ZONE:1 RXUAV:1 EDGEPORT:9998 TS:15.492 SPD:20.500 HDG:1.800 PX:329.600 PY:-40.000 LAN:4 BRK:0 RX_X:0.000 RX_Y:0.000 RX_Z:0.000
[ZONE-ROUTE] CID:8 zone=1 edge_port=9998
[EDGE-RTT] CID:8 wall=1.0 ms  sim_delay=5.0 ms
>>> [UAV->CLOUD] BLK:de04|TX:7.0.0.12|CID:8|TS:15.492|SPD:20.5|HDG:1.8|PX:329.6|PY:-40.0|...
✓ [CAR 8] ACT=OK REP=0.876 RWD=1.000 PNL=0.000 CREDIT=26
[PASSIVE-BEACON] SIMNOW:15.565 CID:3 ZONE:1 RXUAV:1 EDGEPORT:9998 TS:15.550 SPD:19.600 HDG:1.700 PX:310.700 PY:-40.000 LAN:4 BRK:0 RX_X:0.000 RX_Y:0.000 RX_Z:0.000
[ZONE-ROUTE] CID:3 zone=1 edge_port=9998
[EDGE-RTT] CID:3 wall=1.0 ms  sim_delay=5.0 ms
>>> [UAV->CLOUD] BLK:9707|TX:7.0.0.7|CID:3|TS:15.550|SPD:19.6|HDG:1.7|PX:310.7|PY:-40.0|L...
✓ [CAR 3] ACT=OK REP=0.824 RWD=1.000 PNL=0.000 CREDIT=26
[PASSIVE-BEACON] SIMNOW:15.604 CID:4 ZONE:1 RXUAV:1 EDGEPORT:9998 TS:15.590 SPD:19.600 HDG:-1.100 PX:311.900 PY:-50.000 LAN:5 BRK:1 RX_X:0.000 RX_Y:0.000 RX_Z:0.000
[ZONE-ROUTE] CID:4 zone=1 edge_port=9998
[EDGE-RTT] CID:4 wall=1.0 ms  sim_delay=5.0 ms
>>> [UAV->CLOUD] BLK:85c6|TX:7.0.0.8|CID:4|TS:15.590|SPD:19.6|HDG:-1.1|PX:311.9|PY:-50.0|...
[PASSIVE-BEACON] SIMNOW:15.604 CID:2 ZONE:1 RXUAV:1 EDGEPORT:9998 TS:15.590 SPD:20.200 HDG:1.100 PX:312.200 PY:-30.000 LAN:3 BRK:0 RX_X:0.000 RX_Y:0.000 RX_Z:0.000
[ZONE-ROUTE] CID:2 zone=1 edge_port=9998
[EDGE-RTT] CID:2 wall=0.9 ms  sim_delay=5.0 ms
>>> [UAV->CLOUD] BLK:89ab|TX:7.0.0.6|CID:2|TS:15.590|SPD:20.2|HDG:1.1|PX:312.2|PY:-30.0|L...
✓ [CAR 2] ACT=OK REP=1.000 RWD=1.000 PNL=0.000 CREDIT=27
✓ [CAR 4] ACT=OK REP=1.000 RWD=1.000 PNL=0.000 CREDIT=27
[PASSIVE-BEACON] SIMNOW:15.626 CID:7 ZONE:1 RXUAV:1 EDGEPORT:9998 TS:15.612 SPD:20.100 HDG:1.500 PX:331.500 PY:-30.000 LAN:3 BRK:0 RX_X:0.000 RX_Y:0.000 RX_Z:0.000
[ZONE-ROUTE] CID:7 zone=1 edge_port=9998
[EDGE-RTT] CID:7 wall=1.1 ms  sim_delay=5.0 ms
>>> [UAV->CLOUD] BLK:14d1|TX:7.0.0.11|CID:7|TS:15.612|SPD:20.1|HDG:1.5|PX:331.5|PY:-30.0|...
✓ [CAR 7] ACT=OK REP=0.758 RWD=1.000 PNL=0.000 CREDIT=27
[PASSIVE-BEACON] SIMNOW:15.794 CID:0 ZONE:1 RXUAV:1 EDGEPORT:9998 TS:15.780 SPD:24.700 HDG:1.300 PX:335.500 PY:-10.000 LAN:1 BRK:0 RX_X:0.000 RX_Y:0.000 RX_Z:0.000
[ZONE-ROUTE] CID:0 zone=1 edge_port=9998
[EDGE-RTT] CID:0 wall=0.8 ms  sim_delay=5.0 ms
>>> [UAV->CLOUD] BLK:8a31|TX:7.0.0.4|CID:0|TS:15.780|SPD:24.7|HDG:1.3|PX:335.5|PY:-10.0|L...
[ECON-CLAWBACK] CID:0 ACT=WARN prior_payoff=-10.0 extra_penalty=2.8 new_payoff=-12.9
[FORGIVENESS] CID:0 WARN #8 — streak reset, benefits revoked
⚠ [CAR 0] ACT=WARN REP=0.665 RWD=0.000 PNL=2.849 CREDIT=-2
[PASSIVE-BEACON] SIMNOW:15.814 CID:1 ZONE:1 RXUAV:1 EDGEPORT:9998 TS:15.800 SPD:25.400 HDG:-0.800 PX:325.800 PY:-20.000 LAN:2 BRK:0 RX_X:0.000 RX_Y:0.000 RX_Z:0.000
[ZONE-ROUTE] CID:1 zone=1 edge_port=9998
[EDGE-RTT] CID:1 wall=0.9 ms  sim_delay=5.0 ms
>>> [UAV->CLOUD] BLK:7a32|TX:7.0.0.5|CID:1|TS:15.800|SPD:25.4|HDG:-0.8|PX:325.8|PY:-20.0|...
[ECON-CLAWBACK] CID:1 ACT=WARN prior_payoff=-0.9 extra_penalty=1.8 new_payoff=-2.7
[FORGIVENESS] CID:1 WARN #4 — streak reset, benefits revoked
⚠ [CAR 1] ACT=WARN REP=0.849 RWD=0.000 PNL=1.850 CREDIT=-2
[PASSIVE-BEACON] SIMNOW:15.876 CID:5 ZONE:1 RXUAV:1 EDGEPORT:9998 TS:15.862 SPD:25.100 HDG:-0.200 PX:357.500 PY:-10.000 LAN:1 BRK:0 RX_X:0.000 RX_Y:0.000 RX_Z:0.000
[ZONE-ROUTE] CID:5 zone=1 edge_port=9998
[EDGE-RTT] CID:5 wall=0.8 ms  sim_delay=5.0 ms
>>> [UAV->CLOUD] BLK:fcc1|TX:7.0.0.9|CID:5|TS:15.862|SPD:25.1|HDG:-0.2|PX:357.5|PY:-10.0|...
[ECON-CLAWBACK] CID:5 ACT=WARN prior_payoff=-7.4 extra_penalty=2.5 new_payoff=-10.0
[FORGIVENESS] CID:5 WARN #7 — streak reset, benefits revoked
⚠ [CAR 5] ACT=WARN REP=0.528 RWD=0.000 PNL=2.601 CREDIT=-2
[PASSIVE-BEACON] SIMNOW:15.896 CID:6 ZONE:1 RXUAV:1 EDGEPORT:9998 TS:15.882 SPD:25.400 HDG:0.900 PX:347.000 PY:-20.000 LAN:2 BRK:1 RX_X:0.000 RX_Y:0.000 RX_Z:0.000
[ZONE-ROUTE] CID:6 zone=1 edge_port=9998
[EDGE-RTT] CID:6 wall=0.8 ms  sim_delay=5.0 ms
>>> [UAV->CLOUD] BLK:e5a4|TX:7.0.0.10|CID:6|TS:15.882|SPD:25.4|HDG:0.9|PX:347.0|PY:-20.0|...
[ECON-CLAWBACK] CID:6 ACT=WARN prior_payoff=-2.8 extra_penalty=2.0 new_payoff=-4.9
[FORGIVENESS] CID:6 WARN #5 — streak reset, benefits revoked
⚠ [CAR 6] ACT=WARN REP=0.534 RWD=0.000 PNL=2.102 CREDIT=-2
[PASSIVE-BEACON] SIMNOW:15.927 CID:9 ZONE:1 RXUAV:1 EDGEPORT:9998 TS:15.912 SPD:19.600 HDG:-1.100 PX:338.800 PY:-50.000 LAN:5 BRK:0 RX_X:0.000 RX_Y:0.000 RX_Z:0.000
[ZONE-ROUTE] CID:9 zone=1 edge_port=9998
[EDGE-RTT] CID:9 wall=0.8 ms  sim_delay=5.0 ms
>>> [UAV->CLOUD] BLK:552d|TX:7.0.0.13|CID:9|TS:15.912|SPD:19.6|HDG:-1.1|PX:338.8|PY:-50.0...
✓ [CAR 9] ACT=OK REP=1.000 RWD=1.000 PNL=0.000 CREDIT=27
[PASSIVE-BEACON] SIMNOW:16.006 CID:8 ZONE:1 RXUAV:1 EDGEPORT:9998 TS:15.992 SPD:20.500 HDG:0.800 PX:340.500 PY:-40.000 LAN:4 BRK:0 RX_X:0.000 RX_Y:0.000 RX_Z:0.000
[ZONE-ROUTE] CID:8 zone=1 edge_port=9998
[EDGE-RTT] CID:8 wall=1.0 ms  sim_delay=5.0 ms
>>> [UAV->CLOUD] BLK:8388|TX:7.0.0.12|CID:8|TS:15.992|SPD:20.5|HDG:0.8|PX:340.5|PY:-40.0|...
✓ [CAR 8] ACT=OK REP=0.945 RWD=1.000 PNL=0.000 CREDIT=27
[PASSIVE-BEACON] SIMNOW:16.064 CID:3 ZONE:1 RXUAV:1 EDGEPORT:9998 TS:16.050 SPD:19.600 HDG:1.800 PX:320.500 PY:-40.000 LAN:4 BRK:0 RX_X:0.000 RX_Y:0.000 RX_Z:0.000
[ZONE-ROUTE] CID:3 zone=1 edge_port=9998
[EDGE-RTT] CID:3 wall=0.9 ms  sim_delay=5.0 ms
>>> [UAV->CLOUD] BLK:ff14|TX:7.0.0.7|CID:3|TS:16.050|SPD:19.6|HDG:1.8|PX:320.5|PY:-40.0|L...
✓ [CAR 3] ACT=OK REP=1.000 RWD=1.000 PNL=0.000 CREDIT=27
[PASSIVE-BEACON] SIMNOW:16.104 CID:4 ZONE:1 RXUAV:1 EDGEPORT:9998 TS:16.090 SPD:19.600 HDG:-1.100 PX:322.200 PY:-50.000 LAN:5 BRK:0 RX_X:0.000 RX_Y:0.000 RX_Z:0.000
[ZONE-ROUTE] CID:4 zone=1 edge_port=9998
[EDGE-RTT] CID:4 wall=1.1 ms  sim_delay=5.0 ms
>>> [UAV->CLOUD] BLK:d58b|TX:7.0.0.8|CID:4|TS:16.090|SPD:19.6|HDG:-1.1|PX:322.2|PY:-50.0|...
[PASSIVE-BEACON] SIMNOW:16.104 CID:2 ZONE:1 RXUAV:1 EDGEPORT:9998 TS:16.090 SPD:25.300 HDG:-1.300 PX:323.300 PY:-30.000 LAN:3 BRK:0 RX_X:0.000 RX_Y:0.000 RX_Z:0.000
[ZONE-ROUTE] CID:2 zone=1 edge_port=9998
[EDGE-RTT] CID:2 wall=2.4 ms  sim_delay=5.0 ms
>>> [UAV->CLOUD] BLK:e817|TX:7.0.0.6|CID:2|TS:16.090|SPD:25.3|HDG:-1.3|PX:323.3|PY:-30.0|...
✓ [CAR 4] ACT=OK REP=0.692 RWD=1.000 PNL=0.000 CREDIT=28
[ECON-CLAWBACK] CID:2 ACT=WARN prior_payoff=30.996 extra_penalty=24.247 new_payoff=6.672
[TRUST-REVOKED] CID:2 benefits revoked logically; lane=3 speed=20.000 latency=10.000ms
[FORGIVENESS] CID:2 WARN #1 — streak reset, benefits revoked
⚠ [CAR 2] ACT=WARN REP=1.000 RWD=0.000 PNL=24.324 CREDIT=26
[PASSIVE-BEACON] SIMNOW:16.126 CID:7 ZONE:1 RXUAV:1 EDGEPORT:9998 TS:16.112 SPD:24.900 HDG:-1.300 PX:343.800 PY:-30.000 LAN:3 BRK:0 RX_X:0.000 RX_Y:0.000 RX_Z:0.000
[ZONE-ROUTE] CID:7 zone=1 edge_port=9998
[EDGE-RTT] CID:7 wall=0.9 ms  sim_delay=5.0 ms
>>> [UAV->CLOUD] BLK:5678|TX:7.0.0.11|CID:7|TS:16.112|SPD:24.9|HDG:-1.3|PX:343.8|PY:-30.0...
[ECON-CLAWBACK] CID:7 ACT=WARN prior_payoff=31.0 extra_penalty=24.2 new_payoff=6.7
[TRUST-REVOKED] CID:7 benefits revoked logically; lane=3 speed=20.0 latency=10.0ms
[FORGIVENESS] CID:7 WARN #1 — streak reset, benefits revoked
⚠ [CAR 7] ACT=WARN REP=0.854 RWD=0.000 PNL=24.322 CREDIT=26
[PASSIVE-BEACON] SIMNOW:16.294 CID:0 ZONE:1 RXUAV:1 EDGEPORT:9998 TS:16.280 SPD:25.100 HDG:0.500 PX:348.100 PY:-10.000 LAN:1 BRK:0 RX_X:0.000 RX_Y:0.000 RX_Z:0.000
[ZONE-ROUTE] CID:0 zone=1 edge_port=9998
[EDGE-RTT] CID:0 wall=1.0 ms  sim_delay=5.0 ms
>>> [UAV->CLOUD] BLK:5f6f|TX:7.0.0.4|CID:0|TS:16.280|SPD:25.1|HDG:0.5|PX:348.1|PY:-10.0|L...
[ECON-CLAWBACK] CID:0 ACT=WARN prior_payoff=-12.9 extra_penalty=3.0 new_payoff=-16.0
[FORGIVENESS] CID:0 WARN #9 — streak reset, benefits revoked
⚠ [CAR 0] ACT=WARN REP=0.645 RWD=0.000 PNL=3.101 CREDIT=-2
[PASSIVE-BEACON] SIMNOW:16.314 CID:1 ZONE:1 RXUAV:1 EDGEPORT:9998 TS:16.300 SPD:25.400 HDG:1.300 PX:337.600 PY:-20.000 LAN:2 BRK:0 RX_X:0.000 RX_Y:0.000 RX_Z:0.000
[ZONE-ROUTE] CID:1 zone=1 edge_port=9998
[EDGE-RTT] CID:1 wall=1.0 ms  sim_delay=5.0 ms
>>> [UAV->CLOUD] BLK:653e|TX:7.0.0.5|CID:1|TS:16.300|SPD:25.4|HDG:1.3|PX:337.6|PY:-20.0|L...
[ECON-CLAWBACK] CID:1 ACT=WARN prior_payoff=-2.7 extra_penalty=2.0 new_payoff=-4.8
[FORGIVENESS] CID:1 WARN #5 — streak reset, benefits revoked
⚠ [CAR 1] ACT=WARN REP=0.783 RWD=0.000 PNL=2.102 CREDIT=-2
[PASSIVE-BEACON] SIMNOW:16.376 CID:5 ZONE:1 RXUAV:1 EDGEPORT:9998 TS:16.362 SPD:25.300 HDG:-1.100 PX:369.700 PY:-10.000 LAN:1 BRK:1 RX_X:0.000 RX_Y:0.000 RX_Z:0.000
[ZONE-ROUTE] CID:5 zone=1 edge_port=9998
[EDGE-RTT] CID:5 wall=0.8 ms  sim_delay=5.0 ms
>>> [UAV->CLOUD] BLK:5a6a|TX:7.0.0.9|CID:5|TS:16.362|SPD:25.3|HDG:-1.1|PX:369.7|PY:-10.0|...
[ECON-CLAWBACK] CID:5 ACT=WARN prior_payoff=-10.0 extra_penalty=2.8 new_payoff=-12.8
[FORGIVENESS] CID:5 WARN #8 — streak reset, benefits revoked
⚠ [CAR 5] ACT=WARN REP=0.750 RWD=0.000 PNL=2.852 CREDIT=-2
[PASSIVE-BEACON] SIMNOW:16.396 CID:6 ZONE:1 RXUAV:1 EDGEPORT:9998 TS:16.382 SPD:24.900 HDG:0.800 PX:360.900 PY:-20.000 LAN:2 BRK:0 RX_X:0.000 RX_Y:0.000 RX_Z:0.000
[ZONE-ROUTE] CID:6 zone=1 edge_port=9998
[EDGE-RTT] CID:6 wall=0.8 ms  sim_delay=5.0 ms
>>> [UAV->CLOUD] BLK:753b|TX:7.0.0.10|CID:6|TS:16.382|SPD:24.9|HDG:0.8|PX:360.9|PY:-20.0|...
[ECON-CLAWBACK] CID:6 ACT=WARN prior_payoff=-4.9 extra_penalty=2.2 new_payoff=-7.3
[FORGIVENESS] CID:6 WARN #6 — streak reset, benefits revoked
⚠ [CAR 6] ACT=WARN REP=0.559 RWD=0.000 PNL=2.351 CREDIT=-2
[PASSIVE-BEACON] SIMNOW:16.426 CID:9 ZONE:1 RXUAV:1 EDGEPORT:9998 TS:16.412 SPD:19.900 HDG:-1.700 PX:347.700 PY:-50.000 LAN:5 BRK:1 RX_X:0.000 RX_Y:0.000 RX_Z:0.000
[ZONE-ROUTE] CID:9 zone=1 edge_port=9998
[EDGE-RTT] CID:9 wall=1.0 ms  sim_delay=5.0 ms
>>> [UAV->CLOUD] BLK:d61f|TX:7.0.0.13|CID:9|TS:16.412|SPD:19.9|HDG:-1.7|PX:347.7|PY:-50.0...
✓ [CAR 9] ACT=OK REP=0.957 RWD=1.000 PNL=0.000 CREDIT=28
[PASSIVE-BEACON] SIMNOW:16.506 CID:8 ZONE:1 RXUAV:1 EDGEPORT:9998 TS:16.492 SPD:19.900 HDG:1.500 PX:349.400 PY:-40.000 LAN:4 BRK:0 RX_X:0.000 RX_Y:0.000 RX_Z:0.000
[ZONE-ROUTE] CID:8 zone=1 edge_port=9998
[EDGE-RTT] CID:8 wall=1.0 ms  sim_delay=5.0 ms
>>> [UAV->CLOUD] BLK:d792|TX:7.0.0.12|CID:8|TS:16.492|SPD:19.9|HDG:1.5|PX:349.4|PY:-40.0|...
✓ [CAR 8] ACT=OK REP=0.902 RWD=1.000 PNL=0.000 CREDIT=28
[PASSIVE-BEACON] SIMNOW:16.565 CID:3 ZONE:1 RXUAV:1 EDGEPORT:9998 TS:16.550 SPD:20.200 HDG:-0.400 PX:331.200 PY:-40.000 LAN:4 BRK:0 RX_X:0.000 RX_Y:0.000 RX_Z:0.000
[ZONE-ROUTE] CID:3 zone=1 edge_port=9998
[EDGE-RTT] CID:3 wall=0.9 ms  sim_delay=5.0 ms
>>> [UAV->CLOUD] BLK:ec24|TX:7.0.0.7|CID:3|TS:16.550|SPD:20.2|HDG:-0.4|PX:331.2|PY:-40.0|...
✓ [CAR 3] ACT=OK REP=0.867 RWD=1.000 PNL=0.000 CREDIT=28
[PASSIVE-BEACON] SIMNOW:16.604 CID:4 ZONE:1 RXUAV:1 EDGEPORT:9998 TS:16.590 SPD:19.600 HDG:0.700 PX:332.500 PY:-50.000 LAN:5 BRK:0 RX_X:0.000 RX_Y:0.000 RX_Z:0.000
[ZONE-ROUTE] CID:4 zone=1 edge_port=9998
[EDGE-RTT] CID:4 wall=0.5 ms  sim_delay=5.0 ms
>>> [UAV->CLOUD] BLK:801d|TX:7.0.0.8|CID:4|TS:16.590|SPD:19.6|HDG:0.7|PX:332.5|PY:-50.0|L...
[PKT-DROP] UAV dropped telemetry from 7.0.0.6 (drop_rate=1%)
✓ [CAR 4] ACT=OK REP=0.700 RWD=1.000 PNL=0.000 CREDIT=29
[PASSIVE-BEACON] SIMNOW:16.626 CID:7 ZONE:1 RXUAV:1 EDGEPORT:9998 TS:16.612 SPD:25.500 HDG:1.000 PX:355.500 PY:-30.000 LAN:3 BRK:0 RX_X:0.000 RX_Y:0.000 RX_Z:0.000
[ZONE-ROUTE] CID:7 zone=1 edge_port=9998
[EDGE-RTT] CID:7 wall=1.1 ms  sim_delay=5.0 ms
>>> [UAV->CLOUD] BLK:d4a4|TX:7.0.0.11|CID:7|TS:16.612|SPD:25.5|HDG:1.0|PX:355.5|PY:-30.0|...
[ECON-CLAWBACK] CID:7 ACT=WARN prior_payoff=6.7 extra_penalty=4.6 new_payoff=2.0
[FORGIVENESS] CID:7 WARN #2 — streak reset, benefits revoked
⚠ [CAR 7] ACT=WARN REP=1.000 RWD=0.000 PNL=4.684 CREDIT=-2
[PASSIVE-BEACON] SIMNOW:16.794 CID:0 ZONE:1 RXUAV:1 EDGEPORT:9998 TS:16.780 SPD:24.600 HDG:1.100 PX:360.700 PY:-10.000 LAN:1 BRK:1 RX_X:0.000 RX_Y:0.000 RX_Z:0.000
[ZONE-ROUTE] CID:0 zone=1 edge_port=9998
[EDGE-RTT] CID:0 wall=1.0 ms  sim_delay=5.0 ms
>>> [UAV->CLOUD] BLK:76fa|TX:7.0.0.4|CID:0|TS:16.780|SPD:24.6|HDG:1.1|PX:360.7|PY:-10.0|L...
[ECON-CLAWBACK] CID:0 ACT=WARN prior_payoff=-16.0 extra_penalty=3.2 new_payoff=-19.3
[FORGIVENESS] CID:0 WARN #10 — streak reset, benefits revoked
⚠ [CAR 0] ACT=WARN REP=0.652 RWD=0.000 PNL=3.349 CREDIT=-2
[PASSIVE-BEACON] SIMNOW:16.814 CID:1 ZONE:1 RXUAV:1 EDGEPORT:9998 TS:16.800 SPD:25.100 HDG:-0.500 PX:350.100 PY:-20.000 LAN:2 BRK:0 RX_X:0.000 RX_Y:0.000 RX_Z:0.000
[ZONE-ROUTE] CID:1 zone=1 edge_port=9998
[EDGE-RTT] CID:1 wall=0.8 ms  sim_delay=5.0 ms
>>> [UAV->CLOUD] BLK:f5f1|TX:7.0.0.5|CID:1|TS:16.800|SPD:25.1|HDG:-0.5|PX:350.1|PY:-20.0|...
[ECON-CLAWBACK] CID:1 ACT=WARN prior_payoff=-4.8 extra_penalty=2.2 new_payoff=-7.2
[FORGIVENESS] CID:1 WARN #6 — streak reset, benefits revoked
⚠ [CAR 1] ACT=WARN REP=0.936 RWD=0.000 PNL=2.352 CREDIT=-2
[PASSIVE-BEACON] SIMNOW:16.874 CID:5 ZONE:1 RXUAV:1 EDGEPORT:9998 TS:16.862 SPD:24.600 HDG:-0.700 PX:381.900 PY:-10.000 LAN:1 BRK:0 RX_X:0.000 RX_Y:0.000 RX_Z:0.000
[ZONE-ROUTE] CID:5 zone=1 edge_port=9998
[EDGE-RTT] CID:5 wall=1.1 ms  sim_delay=5.0 ms
>>> [UAV->CLOUD] BLK:fc3f|TX:7.0.0.9|CID:5|TS:16.862|SPD:24.6|HDG:-0.7|PX:381.9|PY:-10.0|...
[ECON-CLAWBACK] CID:5 ACT=WARN prior_payoff=-12.8 extra_penalty=3.0 new_payoff=-15.9
[FORGIVENESS] CID:5 WARN #9 — streak reset, benefits revoked
⚠ [CAR 5] ACT=WARN REP=0.501 RWD=0.000 PNL=3.099 CREDIT=-2
[PASSIVE-BEACON] SIMNOW:16.896 CID:6 ZONE:1 RXUAV:1 EDGEPORT:9998 TS:16.882 SPD:24.800 HDG:-1.900 PX:372.100 PY:-20.000 LAN:2 BRK:0 RX_X:0.000 RX_Y:0.000 RX_Z:0.000
[ZONE-ROUTE] CID:6 zone=1 edge_port=9998
[EDGE-RTT] CID:6 wall=1.2 ms  sim_delay=5.0 ms
>>> [UAV->CLOUD] BLK:1b98|TX:7.0.0.10|CID:6|TS:16.882|SPD:24.8|HDG:-1.9|PX:372.1|PY:-20.0...
[ECON-CLAWBACK] CID:6 ACT=WARN prior_payoff=-7.3 extra_penalty=2.5 new_payoff=-9.9
[FORGIVENESS] CID:6 WARN #7 — streak reset, benefits revoked
⚠ [CAR 6] ACT=WARN REP=0.832 RWD=0.000 PNL=2.600 CREDIT=-2
[PASSIVE-BEACON] SIMNOW:16.927 CID:9 ZONE:1 RXUAV:1 EDGEPORT:9998 TS:16.912 SPD:20.200 HDG:-0.400 PX:358.200 PY:-50.000 LAN:5 BRK:1 RX_X:0.000 RX_Y:0.000 RX_Z:0.000
[ZONE-ROUTE] CID:9 zone=1 edge_port=9998
[EDGE-RTT] CID:9 wall=1.1 ms  sim_delay=5.0 ms
>>> [UAV->CLOUD] BLK:4d14|TX:7.0.0.13|CID:9|TS:16.912|SPD:20.2|HDG:-0.4|PX:358.2|PY:-50.0...
✓ [CAR 9] ACT=OK REP=1.000 RWD=1.000 PNL=0.000 CREDIT=29
[PASSIVE-BEACON] SIMNOW:17.006 CID:8 ZONE:1 RXUAV:1 EDGEPORT:9998 TS:16.992 SPD:20.200 HDG:1.100 PX:359.600 PY:-40.000 LAN:4 BRK:0 RX_X:0.000 RX_Y:0.000 RX_Z:0.000
[ZONE-ROUTE] CID:8 zone=1 edge_port=9998
[EDGE-RTT] CID:8 wall=1.2 ms  sim_delay=5.0 ms
>>> [UAV->CLOUD] BLK:1da7|TX:7.0.0.12|CID:8|TS:16.992|SPD:20.2|HDG:1.1|PX:359.6|PY:-40.0|...
✓ [CAR 8] ACT=OK REP=1.000 RWD=1.000 PNL=0.000 CREDIT=29
[PASSIVE-BEACON] SIMNOW:17.064 CID:3 ZONE:1 RXUAV:1 EDGEPORT:9998 TS:17.050 SPD:19.600 HDG:-1.900 PX:341.300 PY:-40.000 LAN:4 BRK:1 RX_X:0.000 RX_Y:0.000 RX_Z:0.000
[ZONE-ROUTE] CID:3 zone=1 edge_port=9998
[EDGE-RTT] CID:3 wall=1.1 ms  sim_delay=5.0 ms
>>> [UAV->CLOUD] BLK:8567|TX:7.0.0.7|CID:3|TS:17.050|SPD:19.6|HDG:-1.9|PX:341.3|PY:-40.0|...
✓ [CAR 3] ACT=OK REP=0.893 RWD=1.000 PNL=0.000 CREDIT=29
[PASSIVE-BEACON] SIMNOW:17.104 CID:4 ZONE:1 RXUAV:1 EDGEPORT:9998 TS:17.090 SPD:19.700 HDG:-1.000 PX:341.200 PY:-50.000 LAN:5 BRK:0 RX_X:0.000 RX_Y:0.000 RX_Z:0.000
[ZONE-ROUTE] CID:4 zone=1 edge_port=9998
[EDGE-RTT] CID:4 wall=1.0 ms  sim_delay=5.0 ms
>>> [UAV->CLOUD] BLK:589a|TX:7.0.0.8|CID:4|TS:17.090|SPD:19.7|HDG:-1.0|PX:341.2|PY:-50.0|...
[PASSIVE-BEACON] SIMNOW:17.104 CID:2 ZONE:1 RXUAV:1 EDGEPORT:9998 TS:17.090 SPD:25.300 HDG:1.800 PX:348.500 PY:-30.000 LAN:3 BRK:0 RX_X:0.000 RX_Y:0.000 RX_Z:0.000
[ZONE-ROUTE] CID:2 zone=1 edge_port=9998
[EDGE-RTT] CID:2 wall=2.1 ms  sim_delay=5.0 ms
>>> [UAV->CLOUD] BLK:a9a3|TX:7.0.0.6|CID:2|TS:17.090|SPD:25.3|HDG:1.8|PX:348.5|PY:-30.0|L...
✓ [CAR 4] ACT=OK REP=0.939 RWD=1.000 PNL=0.000 CREDIT=30
[ECON-CLAWBACK] CID:2 ACT=WARN prior_payoff=6.672 extra_penalty=4.586 new_payoff=1.989
[FORGIVENESS] CID:2 WARN #2 — streak reset, benefits revoked
⚠ [CAR 2] ACT=WARN REP=0.921 RWD=0.000 PNL=4.683 CREDIT=-2
[PASSIVE-BEACON] SIMNOW:17.126 CID:7 ZONE:1 RXUAV:1 EDGEPORT:9998 TS:17.112 SPD:25.500 HDG:-1.600 PX:369.000 PY:-30.000 LAN:3 BRK:0 RX_X:0.000 RX_Y:0.000 RX_Z:0.000
[ZONE-ROUTE] CID:7 zone=1 edge_port=9998
[EDGE-RTT] CID:7 wall=1.0 ms  sim_delay=5.0 ms
>>> [UAV->CLOUD] BLK:88f1|TX:7.0.0.11|CID:7|TS:17.112|SPD:25.5|HDG:-1.6|PX:369.0|PY:-30.0...
[ECON-CLAWBACK] CID:7 ACT=WARN prior_payoff=2.0 extra_penalty=2.5 new_payoff=-0.6
[FORGIVENESS] CID:7 WARN #3 — streak reset, benefits revoked
⚠ [CAR 7] ACT=WARN REP=0.784 RWD=0.000 PNL=2.594 CREDIT=-2
[PASSIVE-BEACON] SIMNOW:17.294 CID:0 ZONE:1 RXUAV:1 EDGEPORT:9998 TS:17.280 SPD:24.600 HDG:-1.400 PX:372.100 PY:-10.000 LAN:1 BRK:0 RX_X:0.000 RX_Y:0.000 RX_Z:0.000
[ZONE-ROUTE] CID:0 zone=1 edge_port=9998
[EDGE-RTT] CID:0 wall=1.0 ms  sim_delay=5.0 ms
>>> [UAV->CLOUD] BLK:7e8d|TX:7.0.0.4|CID:0|TS:17.280|SPD:24.6|HDG:-1.4|PX:372.1|PY:-10.0|...
[ECON-CLAWBACK] CID:0 ACT=WARN prior_payoff=-19.3 extra_penalty=3.5 new_payoff=-22.9
[FORGIVENESS] CID:0 WARN #11 — streak reset, benefits revoked
⚠ [CAR 0] ACT=WARN REP=0.560 RWD=0.000 PNL=3.599 CREDIT=-2
[PASSIVE-BEACON] SIMNOW:17.314 CID:1 ZONE:1 RXUAV:1 EDGEPORT:9998 TS:17.300 SPD:25.100 HDG:-0.900 PX:363.200 PY:-20.000 LAN:2 BRK:0 RX_X:0.000 RX_Y:0.000 RX_Z:0.000
[ZONE-ROUTE] CID:1 zone=1 edge_port=9998
[EDGE-RTT] CID:1 wall=1.1 ms  sim_delay=5.0 ms
>>> [UAV->CLOUD] BLK:1a0a|TX:7.0.0.5|CID:1|TS:17.300|SPD:25.1|HDG:-0.9|PX:363.2|PY:-20.0|...
[ECON-CLAWBACK] CID:1 ACT=WARN prior_payoff=-7.2 extra_penalty=2.5 new_payoff=-9.8
[FORGIVENESS] CID:1 WARN #7 — streak reset, benefits revoked
⚠ [CAR 1] ACT=WARN REP=0.663 RWD=0.000 PNL=2.602 CREDIT=-2
[PASSIVE-BEACON] SIMNOW:17.376 CID:5 ZONE:1 RXUAV:1 EDGEPORT:9998 TS:17.362 SPD:25.200 HDG:0.200 PX:394.300 PY:-10.000 LAN:1 BRK:0 RX_X:0.000 RX_Y:0.000 RX_Z:0.000
[ZONE-ROUTE] CID:5 zone=1 edge_port=9998
[EDGE-RTT] CID:5 wall=1.2 ms  sim_delay=5.0 ms
>>> [UAV->CLOUD] BLK:da1c|TX:7.0.0.9|CID:5|TS:17.362|SPD:25.2|HDG:0.2|PX:394.3|PY:-10.0|L...
[ECON-CLAWBACK] CID:5 ACT=WARN prior_payoff=-15.9 extra_penalty=3.2 new_payoff=-19.3
[FORGIVENESS] CID:5 WARN #10 — streak reset, benefits revoked
⚠ [CAR 5] ACT=WARN REP=0.730 RWD=0.000 PNL=3.352 CREDIT=-2
[PASSIVE-BEACON] SIMNOW:17.396 CID:6 ZONE:1 RXUAV:1 EDGEPORT:9998 TS:17.382 SPD:25.200 HDG:-0.500 PX:385.000 PY:-20.000 LAN:2 BRK:1 RX_X:0.000 RX_Y:0.000 RX_Z:0.000
[ZONE-ROUTE] CID:6 zone=1 edge_port=9998
[EDGE-RTT] CID:6 wall=1.1 ms  sim_delay=5.0 ms
>>> [UAV->CLOUD] BLK:e03d|TX:7.0.0.10|CID:6|TS:17.382|SPD:25.2|HDG:-0.5|PX:385.0|PY:-20.0...
[ECON-CLAWBACK] CID:6 ACT=WARN prior_payoff=-9.9 extra_penalty=2.8 new_payoff=-12.7
[FORGIVENESS] CID:6 WARN #8 — streak reset, benefits revoked
⚠ [CAR 6] ACT=WARN REP=0.635 RWD=0.000 PNL=2.852 CREDIT=-2
[PASSIVE-BEACON] SIMNOW:17.426 CID:9 ZONE:1 RXUAV:1 EDGEPORT:9998 TS:17.412 SPD:20.200 HDG:-0.700 PX:367.800 PY:-50.000 LAN:5 BRK:0 RX_X:0.000 RX_Y:0.000 RX_Z:0.000
[ZONE-ROUTE] CID:9 zone=1 edge_port=9998
[EDGE-RTT] CID:9 wall=1.2 ms  sim_delay=5.0 ms
>>> [UAV->CLOUD] BLK:100a|TX:7.0.0.13|CID:9|TS:17.412|SPD:20.2|HDG:-0.7|PX:367.8|PY:-50.0...
✓ [CAR 9] ACT=OK REP=0.894 RWD=1.000 PNL=0.000 CREDIT=30
[PASSIVE-BEACON] SIMNOW:17.506 CID:8 ZONE:1 RXUAV:1 EDGEPORT:9998 TS:17.492 SPD:19.500 HDG:1.300 PX:370.300 PY:-40.000 LAN:4 BRK:0 RX_X:0.000 RX_Y:0.000 RX_Z:0.000
[ZONE-ROUTE] CID:8 zone=1 edge_port=9998
[EDGE-RTT] CID:8 wall=1.0 ms  sim_delay=5.0 ms
>>> [UAV->CLOUD] BLK:5d2c|TX:7.0.0.12|CID:8|TS:17.492|SPD:19.5|HDG:1.3|PX:370.3|PY:-40.0|...
✓ [CAR 8] ACT=OK REP=0.627 RWD=1.000 PNL=0.000 CREDIT=30
[PASSIVE-BEACON] SIMNOW:17.565 CID:3 ZONE:1 RXUAV:1 EDGEPORT:9998 TS:17.550 SPD:19.900 HDG:0.400 PX:351.500 PY:-40.000 LAN:4 BRK:0 RX_X:0.000 RX_Y:0.000 RX_Z:0.000
[ZONE-ROUTE] CID:3 zone=1 edge_port=9998
[EDGE-RTT] CID:3 wall=1.2 ms  sim_delay=5.0 ms
>>> [UAV->CLOUD] BLK:837c|TX:7.0.0.7|CID:3|TS:17.550|SPD:19.9|HDG:0.4|PX:351.5|PY:-40.0|L...
✓ [CAR 3] ACT=OK REP=0.770 RWD=1.000 PNL=0.000 CREDIT=30
[PASSIVE-BEACON] SIMNOW:17.604 CID:4 ZONE:1 RXUAV:1 EDGEPORT:9998 TS:17.590 SPD:19.600 HDG:-0.700 PX:351.300 PY:-50.000 LAN:5 BRK:1 RX_X:0.000 RX_Y:0.000 RX_Z:0.000
[ZONE-ROUTE] CID:4 zone=1 edge_port=9998
[EDGE-RTT] CID:4 wall=1.2 ms  sim_delay=5.0 ms
>>> [UAV->CLOUD] BLK:4941|TX:7.0.0.8|CID:4|TS:17.590|SPD:19.6|HDG:-0.7|PX:351.3|PY:-50.0|...
[PASSIVE-BEACON] SIMNOW:17.604 CID:2 ZONE:1 RXUAV:1 EDGEPORT:9998 TS:17.590 SPD:24.500 HDG:-1.300 PX:360.500 PY:-30.000 LAN:3 BRK:0 RX_X:0.000 RX_Y:0.000 RX_Z:0.000
[ZONE-ROUTE] CID:2 zone=1 edge_port=9998
[EDGE-RTT] CID:2 wall=1.2 ms  sim_delay=5.0 ms
>>> [UAV->CLOUD] BLK:6007|TX:7.0.0.6|CID:2|TS:17.590|SPD:24.5|HDG:-1.3|PX:360.5|PY:-30.0|...
[ECON-CLAWBACK] CID:2 ACT=WARN prior_payoff=2.0 extra_penalty=2.5 new_payoff=-0.6
[FORGIVENESS] CID:2 WARN #3 — streak reset, benefits revoked
⚠ [CAR 2] ACT=WARN REP=0.831 RWD=0.000 PNL=2.590 CREDIT=-2
✓ [CAR 4] ACT=OK REP=0.855 RWD=1.000 PNL=0.000 CREDIT=31
[PASSIVE-BEACON] SIMNOW:17.626 CID:7 ZONE:1 RXUAV:1 EDGEPORT:9998 TS:17.612 SPD:24.500 HDG:-0.100 PX:381.400 PY:-30.000 LAN:3 BRK:0 RX_X:0.000 RX_Y:0.000 RX_Z:0.000
[ZONE-ROUTE] CID:7 zone=1 edge_port=9998
[EDGE-RTT] CID:7 wall=1.0 ms  sim_delay=5.0 ms
>>> [UAV->CLOUD] BLK:0877|TX:7.0.0.11|CID:7|TS:17.612|SPD:24.5|HDG:-0.1|PX:381.4|PY:-30.0...
[ECON-CLAWBACK] CID:7 ACT=WARN prior_payoff=-0.6 extra_penalty=1.8 new_payoff=-2.5
[FORGIVENESS] CID:7 WARN #4 — streak reset, benefits revoked
⚠ [CAR 7] ACT=WARN REP=0.760 RWD=0.000 PNL=1.847 CREDIT=-2
[PASSIVE-BEACON] SIMNOW:17.792 CID:0 ZONE:1 RXUAV:1 EDGEPORT:9998 TS:17.780 SPD:25.200 HDG:-1.200 PX:384.900 PY:-10.000 LAN:1 BRK:0 RX_X:0.000 RX_Y:0.000 RX_Z:0.000
[ZONE-ROUTE] CID:0 zone=1 edge_port=9998
[EDGE-RTT] CID:0 wall=1.0 ms  sim_delay=5.0 ms
>>> [UAV->CLOUD] BLK:5147|TX:7.0.0.4|CID:0|TS:17.780|SPD:25.2|HDG:-1.2|PX:384.9|PY:-10.0|...
[ECON-CLAWBACK] CID:0 ACT=WARN prior_payoff=-22.9 extra_penalty=3.8 new_payoff=-26.8
[FORGIVENESS] CID:0 WARN #12 — streak reset, benefits revoked
⚠ [CAR 0] ACT=WARN REP=0.578 RWD=0.000 PNL=3.851 CREDIT=-2
[PASSIVE-BEACON] SIMNOW:17.814 CID:1 ZONE:1 RXUAV:1 EDGEPORT:9998 TS:17.800 SPD:24.900 HDG:1.800 PX:375.100 PY:-20.000 LAN:2 BRK:0 RX_X:0.000 RX_Y:0.000 RX_Z:0.000
[ZONE-ROUTE] CID:1 zone=1 edge_port=9998
[EDGE-RTT] CID:1 wall=1.2 ms  sim_delay=5.0 ms
>>> [UAV->CLOUD] BLK:aefb|TX:7.0.0.5|CID:1|TS:17.800|SPD:24.9|HDG:1.8|PX:375.1|PY:-20.0|L...
[ECON-CLAWBACK] CID:1 ACT=WARN prior_payoff=-9.8 extra_penalty=2.8 new_payoff=-12.6
[FORGIVENESS] CID:1 WARN #8 — streak reset, benefits revoked
⚠ [CAR 1] ACT=WARN REP=0.710 RWD=0.000 PNL=2.851 CREDIT=-2
[PASSIVE-BEACON] SIMNOW:17.876 CID:5 ZONE:1 RXUAV:1 EDGEPORT:9998 TS:17.862 SPD:25.200 HDG:1.800 PX:406.700 PY:-10.000 LAN:1 BRK:1 RX_X:0.000 RX_Y:0.000 RX_Z:0.000
[ZONE-ROUTE] CID:5 zone=1 edge_port=9998
[EDGE-RTT] CID:5 wall=1.2 ms  sim_delay=5.0 ms
>>> [UAV->CLOUD] BLK:393a|TX:7.0.0.9|CID:5|TS:17.862|SPD:25.2|HDG:1.8|PX:406.7|PY:-10.0|L...
[ECON-CLAWBACK] CID:5 ACT=WARN prior_payoff=-19.3 extra_penalty=3.5 new_payoff=-22.9
[FORGIVENESS] CID:5 WARN #11 — streak reset, benefits revoked
⚠ [CAR 5] ACT=WARN REP=0.448 RWD=0.000 PNL=3.602 CREDIT=-2
[PKT-DROP] UAV dropped telemetry from 7.0.0.10 (drop_rate=1%)
[PASSIVE-BEACON] SIMNOW:17.927 CID:9 ZONE:1 RXUAV:1 EDGEPORT:9998 TS:17.912 SPD:20.300 HDG:1.300 PX:377.700 PY:-50.000 LAN:5 BRK:0 RX_X:0.000 RX_Y:0.000 RX_Z:0.000
[ZONE-ROUTE] CID:9 zone=1 edge_port=9998
[EDGE-RTT] CID:9 wall=0.9 ms  sim_delay=5.0 ms
>>> [UAV->CLOUD] BLK:3333|TX:7.0.0.13|CID:9|TS:17.912|SPD:20.3|HDG:1.3|PX:377.7|PY:-50.0|...
✓ [CAR 9] ACT=OK REP=0.971 RWD=1.000 PNL=0.000 CREDIT=31
[PASSIVE-BEACON] SIMNOW:18.006 CID:8 ZONE:1 RXUAV:1 EDGEPORT:9998 TS:17.992 SPD:24.600 HDG:1.800 PX:381.000 PY:-40.000 LAN:4 BRK:0 RX_X:0.000 RX_Y:0.000 RX_Z:0.000
[ZONE-ROUTE] CID:8 zone=1 edge_port=9998
[EDGE-RTT] CID:8 wall=1.4 ms  sim_delay=5.0 ms
>>> [UAV->CLOUD] BLK:1521|TX:7.0.0.12|CID:8|TS:17.992|SPD:24.6|HDG:1.8|PX:381.0|PY:-40.0|...
✓ [CAR 8] ACT=OK REP=0.991 RWD=0.853 PNL=0.000 CREDIT=31
[PASSIVE-BEACON] SIMNOW:18.064 CID:3 ZONE:1 RXUAV:1 EDGEPORT:9998 TS:18.050 SPD:25.100 HDG:-0.900 PX:362.400 PY:-40.000 LAN:4 BRK:0 RX_X:0.000 RX_Y:0.000 RX_Z:0.000
[ZONE-ROUTE] CID:3 zone=1 edge_port=9998
[EDGE-RTT] CID:3 wall=1.4 ms  sim_delay=5.0 ms
>>> [UAV->CLOUD] BLK:1c78|TX:7.0.0.7|CID:3|TS:18.050|SPD:25.1|HDG:-0.9|PX:362.4|PY:-40.0|...
[ECON-CLAWBACK] CID:3 ACT=WARN prior_payoff=34.0 extra_penalty=26.5 new_payoff=7.4
[TRUST-REVOKED] CID:3 benefits revoked logically; lane=4 speed=20.0 latency=10.0ms
[FORGIVENESS] CID:3 WARN #1 — streak reset, benefits revoked
⚠ [CAR 3] ACT=WARN REP=0.930 RWD=0.000 PNL=26.573 CREDIT=29
[PASSIVE-BEACON] SIMNOW:18.104 CID:4 ZONE:1 RXUAV:1 EDGEPORT:9998 TS:18.090 SPD:19.600 HDG:1.600 PX:361.700 PY:-50.000 LAN:5 BRK:0 RX_X:0.000 RX_Y:0.000 RX_Z:0.000
[ZONE-ROUTE] CID:4 zone=1 edge_port=9998
[EDGE-RTT] CID:4 wall=1.1 ms  sim_delay=5.0 ms
>>> [UAV->CLOUD] BLK:9bc2|TX:7.0.0.8|CID:4|TS:18.090|SPD:19.6|HDG:1.6|PX:361.7|PY:-50.0|L...
[PASSIVE-BEACON] SIMNOW:18.104 CID:2 ZONE:1 RXUAV:1 EDGEPORT:9998 TS:18.090 SPD:24.600 HDG:-1.800 PX:372.300 PY:-30.000 LAN:3 BRK:0 RX_X:0.000 RX_Y:0.000 RX_Z:0.000
[ZONE-ROUTE] CID:2 zone=1 edge_port=9998
[EDGE-RTT] CID:2 wall=2.7 ms  sim_delay=5.0 ms
>>> [UAV->CLOUD] BLK:72dc|TX:7.0.0.6|CID:2|TS:18.090|SPD:24.6|HDG:-1.8|PX:372.3|PY:-30.0|...
✓ [CAR 4] ACT=OK REP=0.871 RWD=1.000 PNL=0.000 CREDIT=32
[ECON-CLAWBACK] CID:2 ACT=WARN prior_payoff=-0.601 extra_penalty=1.750 new_payoff=-2.448
[FORGIVENESS] CID:2 WARN #4 — streak reset, benefits revoked
⚠ [CAR 2] ACT=WARN REP=0.834 RWD=0.000 PNL=1.847 CREDIT=-2
[PASSIVE-BEACON] SIMNOW:18.126 CID:7 ZONE:1 RXUAV:1 EDGEPORT:9998 TS:18.112 SPD:24.900 HDG:0.800 PX:393.700 PY:-30.000 LAN:3 BRK:0 RX_X:0.000 RX_Y:0.000 RX_Z:0.000
[ZONE-ROUTE] CID:7 zone=1 edge_port=9998
[EDGE-RTT] CID:7 wall=1.2 ms  sim_delay=5.0 ms
>>> [UAV->CLOUD] BLK:71a8|TX:7.0.0.11|CID:7|TS:18.112|SPD:24.9|HDG:0.8|PX:393.7|PY:-30.0|...
[ECON-CLAWBACK] CID:7 ACT=WARN prior_payoff=-2.5 extra_penalty=2.0 new_payoff=-4.6
[FORGIVENESS] CID:7 WARN #5 — streak reset, benefits revoked
⚠ [CAR 7] ACT=WARN REP=0.928 RWD=0.000 PNL=2.101 CREDIT=-2
[PASSIVE-BEACON] SIMNOW:18.294 CID:0 ZONE:1 RXUAV:1 EDGEPORT:9998 TS:18.280 SPD:24.700 HDG:1.500 PX:397.500 PY:-10.000 LAN:1 BRK:1 RX_X:0.000 RX_Y:0.000 RX_Z:0.000
[ZONE-ROUTE] CID:0 zone=1 edge_port=9998
[EDGE-RTT] CID:0 wall=1.1 ms  sim_delay=5.0 ms
>>> [UAV->CLOUD] BLK:5603|TX:7.0.0.4|CID:0|TS:18.280|SPD:24.7|HDG:1.5|PX:397.5|PY:-10.0|L...
[ECON-CLAWBACK] CID:0 ACT=WARN prior_payoff=-26.8 extra_penalty=4.0 new_payoff=-30.8
[FORGIVENESS] CID:0 WARN #13 — streak reset, benefits revoked
⚠ [CAR 0] ACT=WARN REP=0.431 RWD=0.000 PNL=4.099 CREDIT=-2
[PASSIVE-BEACON] SIMNOW:18.314 CID:1 ZONE:1 RXUAV:1 EDGEPORT:9998 TS:18.300 SPD:24.900 HDG:0.900 PX:388.200 PY:-20.000 LAN:2 BRK:0 RX_X:0.000 RX_Y:0.000 RX_Z:0.000
[ZONE-ROUTE] CID:1 zone=1 edge_port=9998
[EDGE-RTT] CID:1 wall=1.2 ms  sim_delay=5.0 ms
>>> [UAV->CLOUD] BLK:d4c4|TX:7.0.0.5|CID:1|TS:18.300|SPD:24.9|HDG:0.9|PX:388.2|PY:-20.0|L...
[ECON-CLAWBACK] CID:1 ACT=WARN prior_payoff=-12.6 extra_penalty=3.0 new_payoff=-15.7
[FORGIVENESS] CID:1 WARN #9 — streak reset, benefits revoked
⚠ [CAR 1] ACT=WARN REP=0.766 RWD=0.000 PNL=3.101 CREDIT=-2
[PASSIVE-BEACON] SIMNOW:18.375 CID:5 ZONE:1 RXUAV:1 EDGEPORT:9998 TS:18.362 SPD:25.000 HDG:1.500 PX:419.400 PY:-10.000 LAN:1 BRK:0 RX_X:0.000 RX_Y:0.000 RX_Z:0.000
[ZONE-ROUTE] CID:5 zone=1 edge_port=9998
[EDGE-RTT] CID:5 wall=1.2 ms  sim_delay=5.0 ms
>>> [UAV->CLOUD] BLK:721b|TX:7.0.0.9|CID:5|TS:18.362|SPD:25.0|HDG:1.5|PX:419.4|PY:-10.0|L...
[ECON-CLAWBACK] CID:5 ACT=WARN prior_payoff=-22.9 extra_penalty=3.8 new_payoff=-26.7
[FORGIVENESS] CID:5 WARN #12 — streak reset, benefits revoked
⚠ [CAR 5] ACT=WARN REP=0.655 RWD=0.000 PNL=3.851 CREDIT=-2
[PASSIVE-BEACON] SIMNOW:18.396 CID:6 ZONE:1 RXUAV:1 EDGEPORT:9998 TS:18.382 SPD:24.900 HDG:1.700 PX:409.900 PY:-20.000 LAN:2 BRK:0 RX_X:0.000 RX_Y:0.000 RX_Z:0.000
[ZONE-ROUTE] CID:6 zone=1 edge_port=9998
[EDGE-RTT] CID:6 wall=1.0 ms  sim_delay=5.0 ms
>>> [UAV->CLOUD] BLK:90a8|TX:7.0.0.10|CID:6|TS:18.382|SPD:24.9|HDG:1.7|PX:409.9|PY:-20.0|...
[ECON-CLAWBACK] CID:6 ACT=WARN prior_payoff=-12.7 extra_penalty=3.0 new_payoff=-15.8
[FORGIVENESS] CID:6 WARN #9 — streak reset, benefits revoked
⚠ [CAR 6] ACT=WARN REP=0.705 RWD=0.000 PNL=3.101 CREDIT=-2
[PASSIVE-BEACON] SIMNOW:18.426 CID:9 ZONE:1 RXUAV:1 EDGEPORT:9998 TS:18.412 SPD:20.000 HDG:-1.800 PX:388.600 PY:-50.000 LAN:5 BRK:0 RX_X:0.000 RX_Y:0.000 RX_Z:0.000
[ZONE-ROUTE] CID:9 zone=1 edge_port=9998
[EDGE-RTT] CID:9 wall=1.1 ms  sim_delay=5.0 ms
>>> [UAV->CLOUD] BLK:c255|TX:7.0.0.13|CID:9|TS:18.412|SPD:20.0|HDG:-1.8|PX:388.6|PY:-50.0...
✓ [CAR 9] ACT=OK REP=0.590 RWD=1.000 PNL=0.000 CREDIT=32
[PASSIVE-BEACON] SIMNOW:18.506 CID:8 ZONE:1 RXUAV:1 EDGEPORT:9998 TS:18.492 SPD:24.900 HDG:-1.400 PX:392.600 PY:-40.000 LAN:4 BRK:0 RX_X:0.000 RX_Y:0.000 RX_Z:0.000
[ZONE-ROUTE] CID:8 zone=1 edge_port=9998
[EDGE-RTT] CID:8 wall=1.0 ms  sim_delay=5.0 ms
>>> [UAV->CLOUD] BLK:91b5|TX:7.0.0.12|CID:8|TS:18.492|SPD:24.9|HDG:-1.4|PX:392.6|PY:-40.0...
[ECON-CLAWBACK] CID:8 ACT=WARN prior_payoff=34.8 extra_penalty=27.1 new_payoff=7.6
[TRUST-REVOKED] CID:8 benefits revoked logically; lane=4 speed=20.0 latency=10.0ms
[FORGIVENESS] CID:8 WARN #1 — streak reset, benefits revoked
⚠ [CAR 8] ACT=WARN REP=0.928 RWD=0.000 PNL=27.214 CREDIT=30
[PASSIVE-BEACON] SIMNOW:18.565 CID:3 ZONE:1 RXUAV:1 EDGEPORT:9998 TS:18.550 SPD:24.900 HDG:-1.000 PX:374.800 PY:-40.000 LAN:4 BRK:0 RX_X:0.000 RX_Y:0.000 RX_Z:0.000
[ZONE-ROUTE] CID:3 zone=1 edge_port=9998
[EDGE-RTT] CID:3 wall=1.2 ms  sim_delay=5.0 ms
>>> [UAV->CLOUD] BLK:9683|TX:7.0.0.7|CID:3|TS:18.550|SPD:24.9|HDG:-1.0|PX:374.8|PY:-40.0|...
[ECON-CLAWBACK] CID:3 ACT=WARN prior_payoff=7.4 extra_penalty=5.0 new_payoff=2.4
[FORGIVENESS] CID:3 WARN #2 — streak reset, benefits revoked
⚠ [CAR 3] ACT=WARN REP=0.961 RWD=0.000 PNL=5.057 CREDIT=-2
[PASSIVE-BEACON] SIMNOW:18.604 CID:4 ZONE:1 RXUAV:1 EDGEPORT:9998 TS:18.590 SPD:19.700 HDG:0.900 PX:371.200 PY:-50.000 LAN:5 BRK:0 RX_X:0.000 RX_Y:0.000 RX_Z:0.000
[ZONE-ROUTE] CID:4 zone=1 edge_port=9998
[EDGE-RTT] CID:4 wall=0.8 ms  sim_delay=5.0 ms
>>> [UAV->CLOUD] BLK:6cbb|TX:7.0.0.8|CID:4|TS:18.590|SPD:19.7|HDG:0.9|PX:371.2|PY:-50.0|L...
[PASSIVE-BEACON] SIMNOW:18.604 CID:2 ZONE:1 RXUAV:1 EDGEPORT:9998 TS:18.590 SPD:24.800 HDG:-1.400 PX:384.800 PY:-30.000 LAN:3 BRK:0 RX_X:0.000 RX_Y:0.000 RX_Z:0.000
[ZONE-ROUTE] CID:2 zone=1 edge_port=9998
[EDGE-RTT] CID:2 wall=2.4 ms  sim_delay=5.0 ms
>>> [UAV->CLOUD] BLK:8f34|TX:7.0.0.6|CID:2|TS:18.590|SPD:24.8|HDG:-1.4|PX:384.8|PY:-30.0|...
✓ [CAR 4] ACT=OK REP=1.000 RWD=1.000 PNL=0.000 CREDIT=33
[ECON-CLAWBACK] CID:2 ACT=WARN prior_payoff=-2.448 extra_penalty=2.000 new_payoff=-4.548
[FORGIVENESS] CID:2 WARN #5 — streak reset, benefits revoked
⚠ [CAR 2] ACT=WARN REP=0.608 RWD=0.000 PNL=2.100 CREDIT=-2
[PASSIVE-BEACON] SIMNOW:18.626 CID:7 ZONE:1 RXUAV:1 EDGEPORT:9998 TS:18.612 SPD:24.900 HDG:0.800 PX:405.600 PY:-30.000 LAN:3 BRK:0 RX_X:0.000 RX_Y:0.000 RX_Z:0.000
[ZONE-ROUTE] CID:7 zone=1 edge_port=9998
[EDGE-RTT] CID:7 wall=1.1 ms  sim_delay=5.0 ms
>>> [UAV->CLOUD] BLK:ae11|TX:7.0.0.11|CID:7|TS:18.612|SPD:24.9|HDG:0.8|PX:405.6|PY:-30.0|...
[ECON-CLAWBACK] CID:7 ACT=WARN prior_payoff=-4.6 extra_penalty=2.2 new_payoff=-6.9
[FORGIVENESS] CID:7 WARN #6 — streak reset, benefits revoked
⚠ [CAR 7] ACT=WARN REP=0.755 RWD=0.000 PNL=2.351 CREDIT=-2
[PASSIVE-BEACON] SIMNOW:18.794 CID:0 ZONE:1 RXUAV:1 EDGEPORT:9998 TS:18.780 SPD:24.800 HDG:0.300 PX:409.400 PY:-10.000 LAN:1 BRK:0 RX_X:0.000 RX_Y:0.000 RX_Z:0.000
[ZONE-ROUTE] CID:0 zone=1 edge_port=9998
[EDGE-RTT] CID:0 wall=1.0 ms  sim_delay=5.0 ms
>>> [UAV->CLOUD] BLK:66a8|TX:7.0.0.4|CID:0|TS:18.780|SPD:24.8|HDG:0.3|PX:409.4|PY:-10.0|L...
[ECON-CLAWBACK] CID:0 ACT=WARN prior_payoff=-30.8 extra_penalty=4.2 new_payoff=-35.2
[FORGIVENESS] CID:0 WARN #14 — streak reset, benefits revoked
⚠ [CAR 0] ACT=WARN REP=0.495 RWD=0.000 PNL=4.350 CREDIT=-2
[PASSIVE-BEACON] SIMNOW:18.814 CID:1 ZONE:1 RXUAV:1 EDGEPORT:9998 TS:18.800 SPD:24.700 HDG:-1.400 PX:399.900 PY:-20.000 LAN:2 BRK:0 RX_X:0.000 RX_Y:0.000 RX_Z:0.000
[ZONE-ROUTE] CID:1 zone=1 edge_port=9998
[EDGE-RTT] CID:1 wall=1.1 ms  sim_delay=5.0 ms
>>> [UAV->CLOUD] BLK:eeab|TX:7.0.0.5|CID:1|TS:18.800|SPD:24.7|HDG:-1.4|PX:399.9|PY:-20.0|...
[ECON-CLAWBACK] CID:1 ACT=WARN prior_payoff=-15.7 extra_penalty=3.2 new_payoff=-19.1
[FORGIVENESS] CID:1 WARN #10 — streak reset, benefits revoked
⚠ [CAR 1] ACT=WARN REP=0.381 RWD=0.000 PNL=3.349 CREDIT=-2
[PASSIVE-BEACON] SIMNOW:18.876 CID:5 ZONE:1 RXUAV:1 EDGEPORT:9998 TS:18.862 SPD:24.900 HDG:0.200 PX:432.400 PY:-10.000 LAN:1 BRK:0 RX_X:0.000 RX_Y:0.000 RX_Z:0.000
[ZONE-ROUTE] CID:5 zone=1 edge_port=9998
[EDGE-RTT] CID:5 wall=1.1 ms  sim_delay=5.0 ms
>>> [UAV->CLOUD] BLK:9150|TX:7.0.0.9|CID:5|TS:18.862|SPD:24.9|HDG:0.2|PX:432.4|PY:-10.0|L...
[ECON-CLAWBACK] CID:5 ACT=WARN prior_payoff=-26.7 extra_penalty=4.0 new_payoff=-30.8
[FORGIVENESS] CID:5 WARN #13 — streak reset, benefits revoked
⚠ [CAR 5] ACT=WARN REP=0.483 RWD=0.000 PNL=4.101 CREDIT=-2
[PASSIVE-BEACON] SIMNOW:18.896 CID:6 ZONE:1 RXUAV:1 EDGEPORT:9998 TS:18.882 SPD:24.500 HDG:-1.900 PX:421.900 PY:-20.000 LAN:2 BRK:0 RX_X:0.000 RX_Y:0.000 RX_Z:0.000
[ZONE-ROUTE] CID:6 zone=1 edge_port=9998
[EDGE-RTT] CID:6 wall=0.6 ms  sim_delay=5.0 ms
>>> [UAV->CLOUD] BLK:cbb1|TX:7.0.0.10|CID:6|TS:18.882|SPD:24.5|HDG:-1.9|PX:421.9|PY:-20.0...
[ECON-CLAWBACK] CID:6 ACT=WARN prior_payoff=-15.8 extra_penalty=3.2 new_payoff=-19.2
[FORGIVENESS] CID:6 WARN #10 — streak reset, benefits revoked
⚠ [CAR 6] ACT=WARN REP=0.713 RWD=0.000 PNL=3.348 CREDIT=-2
[PASSIVE-BEACON] SIMNOW:18.927 CID:9 ZONE:1 RXUAV:1 EDGEPORT:9998 TS:18.912 SPD:20.400 HDG:0.200 PX:398.600 PY:-50.000 LAN:5 BRK:0 RX_X:0.000 RX_Y:0.000 RX_Z:0.000
[ZONE-ROUTE] CID:9 zone=1 edge_port=9998
[EDGE-RTT] CID:9 wall=0.9 ms  sim_delay=5.0 ms
>>> [UAV->CLOUD] BLK:8010|TX:7.0.0.13|CID:9|TS:18.912|SPD:20.4|HDG:0.2|PX:398.6|PY:-50.0|...
✓ [CAR 9] ACT=OK REP=1.000 RWD=1.000 PNL=0.000 CREDIT=33
[PASSIVE-BEACON] SIMNOW:19.006 CID:8 ZONE:1 RXUAV:1 EDGEPORT:9998 TS:18.992 SPD:24.700 HDG:-1.900 PX:405.300 PY:-40.000 LAN:4 BRK:1 RX_X:0.000 RX_Y:0.000 RX_Z:0.000
[ZONE-ROUTE] CID:8 zone=1 edge_port=9998
[EDGE-RTT] CID:8 wall=0.6 ms  sim_delay=5.0 ms
>>> [UAV->CLOUD] BLK:dbc2|TX:7.0.0.12|CID:8|TS:18.992|SPD:24.7|HDG:-1.9|PX:405.3|PY:-40.0...
[ECON-CLAWBACK] CID:8 ACT=WARN prior_payoff=7.6 extra_penalty=5.1 new_payoff=2.5
[FORGIVENESS] CID:8 WARN #2 — streak reset, benefits revoked
⚠ [CAR 8] ACT=WARN REP=0.789 RWD=0.000 PNL=5.163 CREDIT=-2
[PASSIVE-BEACON] SIMNOW:19.064 CID:3 ZONE:1 RXUAV:1 EDGEPORT:9998 TS:19.050 SPD:24.900 HDG:-0.200 PX:386.300 PY:-40.000 LAN:4 BRK:1 RX_X:0.000 RX_Y:0.000 RX_Z:0.000
[ZONE-ROUTE] CID:3 zone=1 edge_port=9998
[EDGE-RTT] CID:3 wall=0.5 ms  sim_delay=5.0 ms
>>> [UAV->CLOUD] BLK:c6b3|TX:7.0.0.7|CID:3|TS:19.050|SPD:24.9|HDG:-0.2|PX:386.3|PY:-40.0|...
[ECON-CLAWBACK] CID:3 ACT=WARN prior_payoff=2.4 extra_penalty=2.7 new_payoff=-0.4
[FORGIVENESS] CID:3 WARN #3 — streak reset, benefits revoked
⚠ [CAR 3] ACT=WARN REP=0.821 RWD=0.000 PNL=2.779 CREDIT=-2
[PASSIVE-BEACON] SIMNOW:19.104 CID:4 ZONE:1 RXUAV:1 EDGEPORT:9998 TS:19.090 SPD:19.700 HDG:1.700 PX:381.700 PY:-50.000 LAN:5 BRK:0 RX_X:0.000 RX_Y:0.000 RX_Z:0.000
[ZONE-ROUTE] CID:4 zone=1 edge_port=9998
[EDGE-RTT] CID:4 wall=0.6 ms  sim_delay=5.0 ms
>>> [UAV->CLOUD] BLK:0d6a|TX:7.0.0.8|CID:4|TS:19.090|SPD:19.7|HDG:1.7|PX:381.7|PY:-50.0|L...
[PASSIVE-BEACON] SIMNOW:19.104 CID:2 ZONE:1 RXUAV:1 EDGEPORT:9998 TS:19.090 SPD:25.000 HDG:-1.100 PX:398.500 PY:-30.000 LAN:3 BRK:0 RX_X:0.000 RX_Y:0.000 RX_Z:0.000
[ZONE-ROUTE] CID:2 zone=1 edge_port=9998
[EDGE-RTT] CID:2 wall=2.0 ms  sim_delay=5.0 ms
>>> [UAV->CLOUD] BLK:e98b|TX:7.0.0.6|CID:2|TS:19.090|SPD:25.0|HDG:-1.1|PX:398.5|PY:-30.0|...
✓ [CAR 4] ACT=OK REP=1.000 RWD=1.000 PNL=0.000 CREDIT=34
[ECON-CLAWBACK] CID:2 ACT=WARN prior_payoff=-4.548 extra_penalty=2.250 new_payoff=-6.899
[FORGIVENESS] CID:2 WARN #6 — streak reset, benefits revoked
⚠ [CAR 2] ACT=WARN REP=0.509 RWD=0.000 PNL=2.351 CREDIT=-2
[PASSIVE-BEACON] SIMNOW:19.126 CID:7 ZONE:1 RXUAV:1 EDGEPORT:9998 TS:19.112 SPD:25.100 HDG:1.600 PX:418.000 PY:-30.000 LAN:3 BRK:0 RX_X:0.000 RX_Y:0.000 RX_Z:0.000
[ZONE-ROUTE] CID:7 zone=1 edge_port=9998
[EDGE-RTT] CID:7 wall=1.1 ms  sim_delay=5.0 ms
>>> [UAV->CLOUD] BLK:5fb8|TX:7.0.0.11|CID:7|TS:19.112|SPD:25.1|HDG:1.6|PX:418.0|PY:-30.0|...
[ECON-CLAWBACK] CID:7 ACT=WARN prior_payoff=-6.9 extra_penalty=2.5 new_payoff=-9.5
[FORGIVENESS] CID:7 WARN #7 — streak reset, benefits revoked
⚠ [CAR 7] ACT=WARN REP=0.675 RWD=0.000 PNL=2.601 CREDIT=-2
[PASSIVE-BEACON] SIMNOW:19.293 CID:0 ZONE:1 RXUAV:1 EDGEPORT:9998 TS:19.280 SPD:25.000 HDG:1.500 PX:423.200 PY:-10.000 LAN:1 BRK:0 RX_X:0.000 RX_Y:0.000 RX_Z:0.000
[ZONE-ROUTE] CID:0 zone=1 edge_port=9998
[EDGE-RTT] CID:0 wall=0.8 ms  sim_delay=5.0 ms
>>> [UAV->CLOUD] BLK:36d1|TX:7.0.0.4|CID:0|TS:19.280|SPD:25.0|HDG:1.5|PX:423.2|PY:-10.0|L...
[ECON-CLAWBACK] CID:0 ACT=WARN prior_payoff=-35.2 extra_penalty=4.5 new_payoff=-39.8
[FORGIVENESS] CID:0 WARN #15 — streak reset, benefits revoked
⚠ [CAR 0] ACT=WARN REP=0.709 RWD=0.000 PNL=4.601 CREDIT=-2
[PKT-DROP] UAV dropped telemetry from 7.0.0.5 (drop_rate=1%)
[PASSIVE-BEACON] SIMNOW:19.376 CID:5 ZONE:1 RXUAV:1 EDGEPORT:9998 TS:19.362 SPD:24.900 HDG:1.200 PX:444.300 PY:-10.000 LAN:1 BRK:0 RX_X:0.000 RX_Y:0.000 RX_Z:0.000
[ZONE-ROUTE] CID:5 zone=1 edge_port=9998
[EDGE-RTT] CID:5 wall=0.9 ms  sim_delay=5.0 ms
>>> [UAV->CLOUD] BLK:2eb5|TX:7.0.0.9|CID:5|TS:19.362|SPD:24.9|HDG:1.2|PX:444.3|PY:-10.0|L...
[ECON-CLAWBACK] CID:5 ACT=WARN prior_payoff=-30.8 extra_penalty=4.2 new_payoff=-35.2
[FORGIVENESS] CID:5 WARN #14 — streak reset, benefits revoked
⚠ [CAR 5] ACT=WARN REP=0.565 RWD=0.000 PNL=4.351 CREDIT=-2
[PASSIVE-BEACON] SIMNOW:19.396 CID:6 ZONE:1 RXUAV:1 EDGEPORT:9998 TS:19.382 SPD:25.100 HDG:-0.700 PX:434.600 PY:-20.000 LAN:2 BRK:0 RX_X:0.000 RX_Y:0.000 RX_Z:0.000
[ZONE-ROUTE] CID:6 zone=1 edge_port=9998
[EDGE-RTT] CID:6 wall=0.9 ms  sim_delay=5.0 ms
>>> [UAV->CLOUD] BLK:1644|TX:7.0.0.10|CID:6|TS:19.382|SPD:25.1|HDG:-0.7|PX:434.6|PY:-20.0...
[ECON-CLAWBACK] CID:6 ACT=WARN prior_payoff=-19.2 extra_penalty=3.5 new_payoff=-22.8
[FORGIVENESS] CID:6 WARN #11 — streak reset, benefits revoked
⚠ [CAR 6] ACT=WARN REP=0.471 RWD=0.000 PNL=3.601 CREDIT=-2
[PASSIVE-BEACON] SIMNOW:19.426 CID:9 ZONE:1 RXUAV:1 EDGEPORT:9998 TS:19.412 SPD:20.000 HDG:-1.300 PX:407.700 PY:-50.000 LAN:5 BRK:0 RX_X:0.000 RX_Y:0.000 RX_Z:0.000
[ZONE-ROUTE] CID:9 zone=1 edge_port=9998
[EDGE-RTT] CID:9 wall=0.8 ms  sim_delay=5.0 ms
>>> [UAV->CLOUD] BLK:59c1|TX:7.0.0.13|CID:9|TS:19.412|SPD:20.0|HDG:-1.3|PX:407.7|PY:-50.0...
✓ [CAR 9] ACT=OK REP=1.000 RWD=1.000 PNL=0.000 CREDIT=34
[PASSIVE-BEACON] SIMNOW:19.506 CID:8 ZONE:1 RXUAV:1 EDGEPORT:9998 TS:19.492 SPD:24.600 HDG:-0.600 PX:417.600 PY:-40.000 LAN:4 BRK:0 RX_X:0.000 RX_Y:0.000 RX_Z:0.000
[ZONE-ROUTE] CID:8 zone=1 edge_port=9998
[EDGE-RTT] CID:8 wall=1.0 ms  sim_delay=5.0 ms
>>> [UAV->CLOUD] BLK:411e|TX:7.0.0.12|CID:8|TS:19.492|SPD:24.6|HDG:-0.6|PX:417.6|PY:-40.0...
[ECON-CLAWBACK] CID:8 ACT=WARN prior_payoff=2.5 extra_penalty=2.7 new_payoff=-0.4
[FORGIVENESS] CID:8 WARN #3 — streak reset, benefits revoked
⚠ [CAR 8] ACT=WARN REP=1.000 RWD=0.000 PNL=2.832 CREDIT=-2
[PASSIVE-BEACON] SIMNOW:19.562 CID:3 ZONE:1 RXUAV:1 EDGEPORT:9998 TS:19.550 SPD:24.700 HDG:1.100 PX:399.400 PY:-40.000 LAN:4 BRK:1 RX_X:0.000 RX_Y:0.000 RX_Z:0.000
[ZONE-ROUTE] CID:3 zone=1 edge_port=9998
[EDGE-RTT] CID:3 wall=1.2 ms  sim_delay=5.0 ms
>>> [UAV->CLOUD] BLK:0dd5|TX:7.0.0.7|CID:3|TS:19.550|SPD:24.7|HDG:1.1|PX:399.4|PY:-40.0|L...
[ECON-CLAWBACK] CID:3 ACT=WARN prior_payoff=-0.4 extra_penalty=1.8 new_payoff=-2.3
[FORGIVENESS] CID:3 WARN #4 — streak reset, benefits revoked
⚠ [CAR 3] ACT=WARN REP=1.000 RWD=0.000 PNL=1.847 CREDIT=-2
[PASSIVE-BEACON] SIMNOW:19.604 CID:4 ZONE:1 RXUAV:1 EDGEPORT:9998 TS:19.590 SPD:20.200 HDG:1.300 PX:391.800 PY:-50.000 LAN:5 BRK:0 RX_X:0.000 RX_Y:0.000 RX_Z:0.000
[ZONE-ROUTE] CID:4 zone=1 edge_port=9998
[EDGE-RTT] CID:4 wall=0.5 ms  sim_delay=5.0 ms
>>> [UAV->CLOUD] BLK:c1f1|TX:7.0.0.8|CID:4|TS:19.590|SPD:20.2|HDG:1.3|PX:391.8|PY:-50.0|L...
[PASSIVE-BEACON] SIMNOW:19.604 CID:2 ZONE:1 RXUAV:1 EDGEPORT:9998 TS:19.590 SPD:25.000 HDG:-1.700 PX:409.900 PY:-30.000 LAN:3 BRK:1 RX_X:0.000 RX_Y:0.000 RX_Z:0.000
[ZONE-ROUTE] CID:2 zone=1 edge_port=9998
[EDGE-RTT] CID:2 wall=0.6 ms  sim_delay=5.0 ms
>>> [UAV->CLOUD] BLK:f73f|TX:7.0.0.6|CID:2|TS:19.590|SPD:25.0|HDG:-1.7|PX:409.9|PY:-30.0|...
[ECON-CLAWBACK] CID:2 ACT=WARN prior_payoff=-6.9 extra_penalty=2.5 new_payoff=-9.5
[FORGIVENESS] CID:2 WARN #7 — streak reset, benefits revoked
⚠ [CAR 2] ACT=WARN REP=0.889 RWD=0.000 PNL=2.601 CREDIT=-2
✓ [CAR 4] ACT=OK REP=0.744 RWD=1.000 PNL=0.000 CREDIT=35
[PASSIVE-BEACON] SIMNOW:19.626 CID:7 ZONE:1 RXUAV:1 EDGEPORT:9998 TS:19.612 SPD:24.900 HDG:1.200 PX:431.500 PY:-30.000 LAN:3 BRK:0 RX_X:0.000 RX_Y:0.000 RX_Z:0.000
[ZONE-ROUTE] CID:7 zone=1 edge_port=9998
[EDGE-RTT] CID:7 wall=0.5 ms  sim_delay=5.0 ms
>>> [UAV->CLOUD] BLK:e26c|TX:7.0.0.11|CID:7|TS:19.612|SPD:24.9|HDG:1.2|PX:431.5|PY:-30.0|...
[ECON-CLAWBACK] CID:7 ACT=WARN prior_payoff=-9.5 extra_penalty=2.8 new_payoff=-12.4
[FORGIVENESS] CID:7 WARN #8 — streak reset, benefits revoked
⚠ [CAR 7] ACT=WARN REP=0.672 RWD=0.000 PNL=2.850 CREDIT=-2
[PASSIVE-BEACON] SIMNOW:19.794 CID:0 ZONE:1 RXUAV:1 EDGEPORT:9998 TS:19.780 SPD:25.200 HDG:-1.600 PX:435.700 PY:-10.000 LAN:1 BRK:1 RX_X:0.000 RX_Y:0.000 RX_Z:0.000
[ZONE-ROUTE] CID:0 zone=1 edge_port=9998
[EDGE-RTT] CID:0 wall=0.9 ms  sim_delay=5.0 ms
>>> [UAV->CLOUD] BLK:c4b0|TX:7.0.0.4|CID:0|TS:19.780|SPD:25.2|HDG:-1.6|PX:435.7|PY:-10.0|...
[ECON-CLAWBACK] CID:0 ACT=WARN prior_payoff=-39.8 extra_penalty=4.8 new_payoff=-44.7
[FORGIVENESS] CID:0 WARN #16 — streak reset, benefits revoked
⚠ [CAR 0] ACT=WARN REP=0.323 RWD=0.000 PNL=4.852 CREDIT=-2
[PASSIVE-BEACON] SIMNOW:19.814 CID:1 ZONE:1 RXUAV:1 EDGEPORT:9998 TS:19.800 SPD:25.400 HDG:-0.300 PX:425.600 PY:-20.000 LAN:2 BRK:1 RX_X:0.000 RX_Y:0.000 RX_Z:0.000
[ZONE-ROUTE] CID:1 zone=1 edge_port=9998
[EDGE-RTT] CID:1 wall=0.5 ms  sim_delay=5.0 ms
>>> [UAV->CLOUD] BLK:3f14|TX:7.0.0.5|CID:1|TS:19.800|SPD:25.4|HDG:-0.3|PX:425.6|PY:-20.0|...
[ECON-CLAWBACK] CID:1 ACT=WARN prior_payoff=-19.1 extra_penalty=3.5 new_payoff=-22.7
[FORGIVENESS] CID:1 WARN #11 — streak reset, benefits revoked
⚠ [CAR 1] ACT=WARN REP=0.852 RWD=0.000 PNL=3.602 CREDIT=-2
[PASSIVE-BEACON] SIMNOW:19.875 CID:5 ZONE:1 RXUAV:1 EDGEPORT:9998 TS:19.862 SPD:25.500 HDG:-0.700 PX:456.400 PY:-10.000 LAN:1 BRK:0 RX_X:0.000 RX_Y:0.000 RX_Z:0.000
[ZONE-ROUTE] CID:5 zone=1 edge_port=9998
[EDGE-RTT] CID:5 wall=0.7 ms  sim_delay=5.0 ms
>>> [UAV->CLOUD] BLK:815e|TX:7.0.0.9|CID:5|TS:19.862|SPD:25.5|HDG:-0.7|PX:456.4|PY:-10.0|...
[ECON-CLAWBACK] CID:5 ACT=WARN prior_payoff=-35.2 extra_penalty=4.5 new_payoff=-39.8
[FORGIVENESS] CID:5 WARN #15 — streak reset, benefits revoked
⚠ [CAR 5] ACT=WARN REP=0.007 RWD=0.000 PNL=4.602 CREDIT=-2
[PASSIVE-BEACON] SIMNOW:19.896 CID:6 ZONE:1 RXUAV:1 EDGEPORT:9998 TS:19.882 SPD:24.700 HDG:-0.300 PX:447.400 PY:-20.000 LAN:2 BRK:0 RX_X:0.000 RX_Y:0.000 RX_Z:0.000
[ZONE-ROUTE] CID:6 zone=1 edge_port=9998
[EDGE-RTT] CID:6 wall=1.1 ms  sim_delay=5.0 ms
>>> [UAV->CLOUD] BLK:f7c0|TX:7.0.0.10|CID:6|TS:19.882|SPD:24.7|HDG:-0.3|PX:447.4|PY:-20.0...
[ECON-CLAWBACK] CID:6 ACT=WARN prior_payoff=-22.8 extra_penalty=3.8 new_payoff=-26.6
[FORGIVENESS] CID:6 WARN #12 — streak reset, benefits revoked
⚠ [CAR 6] ACT=WARN REP=0.493 RWD=0.000 PNL=3.849 CREDIT=-2
[PASSIVE-BEACON] SIMNOW:19.927 CID:9 ZONE:1 RXUAV:1 EDGEPORT:9998 TS:19.912 SPD:25.100 HDG:0.000 PX:419.100 PY:-50.000 LAN:5 BRK:0 RX_X:0.000 RX_Y:0.000 RX_Z:0.000
[ZONE-ROUTE] CID:9 zone=1 edge_port=9998
[EDGE-RTT] CID:9 wall=0.6 ms  sim_delay=5.0 ms
>>> [UAV->CLOUD] BLK:f173|TX:7.0.0.13|CID:9|TS:19.912|SPD:25.1|HDG:0.0|PX:419.1|PY:-50.0|...
[ECON-CLAWBACK] CID:9 ACT=WARN prior_payoff=38.0 extra_penalty=29.5 new_payoff=8.4
[TRUST-REVOKED] CID:9 benefits revoked logically; lane=5 speed=20.0 latency=10.0ms
[FORGIVENESS] CID:9 WARN #1 — streak reset, benefits revoked
⚠ [CAR 9] ACT=WARN REP=1.000 RWD=0.000 PNL=29.573 CREDIT=33
[PASSIVE-BEACON] SIMNOW:20.006 CID:8 ZONE:1 RXUAV:1 EDGEPORT:9998 TS:19.992 SPD:25.100 HDG:-1.400 PX:430.500 PY:-40.000 LAN:4 BRK:0 RX_X:0.000 RX_Y:0.000 RX_Z:0.000
[ZONE-ROUTE] CID:8 zone=1 edge_port=9998
[EDGE-RTT] CID:8 wall=0.5 ms  sim_delay=5.0 ms
>>> [UAV->CLOUD] BLK:3e6d|TX:7.0.0.12|CID:8|TS:19.992|SPD:25.1|HDG:-1.4|PX:430.5|PY:-40.0...
[ECON-CLAWBACK] CID:8 ACT=WARN prior_payoff=-0.4 extra_penalty=1.8 new_payoff=-2.2
[FORGIVENESS] CID:8 WARN #4 — streak reset, benefits revoked
⚠ [CAR 8] ACT=WARN REP=1.000 RWD=0.000 PNL=1.851 CREDIT=-2
[PASSIVE-BEACON] SIMNOW:20.064 CID:3 ZONE:1 RXUAV:1 EDGEPORT:9998 TS:20.050 SPD:25.200 HDG:0.300 PX:412.300 PY:-40.000 LAN:4 BRK:0 RX_X:0.000 RX_Y:0.000 RX_Z:0.000
[ZONE-ROUTE] CID:3 zone=1 edge_port=9998
[EDGE-RTT] CID:3 wall=0.7 ms  sim_delay=5.0 ms
>>> [UAV->CLOUD] BLK:fe00|TX:7.0.0.7|CID:3|TS:20.050|SPD:25.2|HDG:0.3|PX:412.3|PY:-40.0|L...
[ECON-CLAWBACK] CID:3 ACT=WARN prior_payoff=-2.3 extra_penalty=2.0 new_payoff=-4.4
[FORGIVENESS] CID:3 WARN #5 — streak reset, benefits revoked
⚠ [CAR 3] ACT=WARN REP=0.948 RWD=0.000 PNL=2.102 CREDIT=-2
[PASSIVE-BEACON] SIMNOW:20.104 CID:4 ZONE:1 RXUAV:1 EDGEPORT:9998 TS:20.090 SPD:25.200 HDG:1.800 PX:402.600 PY:-50.000 LAN:5 BRK:0 RX_X:0.000 RX_Y:0.000 RX_Z:0.000
[ZONE-ROUTE] CID:4 zone=1 edge_port=9998
[EDGE-RTT] CID:4 wall=1.0 ms  sim_delay=5.0 ms
>>> [UAV->CLOUD] BLK:b075|TX:7.0.0.8|CID:4|TS:20.090|SPD:25.2|HDG:1.8|PX:402.6|PY:-50.0|L...
[PASSIVE-BEACON] SIMNOW:20.104 CID:2 ZONE:1 RXUAV:1 EDGEPORT:9998 TS:20.090 SPD:25.200 HDG:-1.200 PX:422.900 PY:-30.000 LAN:3 BRK:0 RX_X:0.000 RX_Y:0.000 RX_Z:0.000
[ZONE-ROUTE] CID:2 zone=1 edge_port=9998
[EDGE-RTT] CID:2 wall=2.1 ms  sim_delay=5.0 ms
>>> [UAV->CLOUD] BLK:5dcd|TX:7.0.0.6|CID:2|TS:20.090|SPD:25.2|HDG:-1.2|PX:422.9|PY:-30.0|...
[ECON-CLAWBACK] CID:4 ACT=WARN prior_payoff=39.0 extra_penalty=30.2 new_payoff=8.7
[TRUST-REVOKED] CID:4 benefits revoked logically; lane=5 speed=20.0 latency=10.0ms
[FORGIVENESS] CID:4 WARN #1 — streak reset, benefits revoked
⚠ [CAR 4] ACT=WARN REP=0.928 RWD=0.000 PNL=30.323 CREDIT=34
[ECON-CLAWBACK] CID:2 ACT=WARN prior_payoff=-9.500 extra_penalty=2.750 new_payoff=-12.352
[FORGIVENESS] CID:2 WARN #8 — streak reset, benefits revoked
⚠ [CAR 2] ACT=WARN REP=0.777 RWD=0.000 PNL=2.852 CREDIT=-2
[PASSIVE-BEACON] SIMNOW:20.126 CID:7 ZONE:1 RXUAV:1 EDGEPORT:9998 TS:20.112 SPD:25.000 HDG:0.600 PX:443.200 PY:-30.000 LAN:3 BRK:0 RX_X:0.000 RX_Y:0.000 RX_Z:0.000
[ZONE-ROUTE] CID:7 zone=1 edge_port=9998
[EDGE-RTT] CID:7 wall=0.5 ms  sim_delay=5.0 ms
>>> [UAV->CLOUD] BLK:a613|TX:7.0.0.11|CID:7|TS:20.112|SPD:25.0|HDG:0.6|PX:443.2|PY:-30.0|...
[ECON-CLAWBACK] CID:7 ACT=WARN prior_payoff=-12.4 extra_penalty=3.0 new_payoff=-15.5
[FORGIVENESS] CID:7 WARN #9 — streak reset, benefits revoked
⚠ [CAR 7] ACT=WARN REP=0.690 RWD=0.000 PNL=3.101 CREDIT=-2
[PASSIVE-BEACON] SIMNOW:20.294 CID:0 ZONE:1 RXUAV:1 EDGEPORT:9998 TS:20.280 SPD:24.900 HDG:-1.500 PX:447.000 PY:-10.000 LAN:1 BRK:1 RX_X:0.000 RX_Y:0.000 RX_Z:0.000
[ZONE-ROUTE] CID:0 zone=1 edge_port=9998
[EDGE-RTT] CID:0 wall=0.6 ms  sim_delay=5.0 ms
>>> [UAV->CLOUD] BLK:0aee|TX:7.0.0.4|CID:0|TS:20.280|SPD:24.9|HDG:-1.5|PX:447.0|PY:-10.0|...
[ECON-CLAWBACK] CID:0 ACT=WARN prior_payoff=-44.7 extra_penalty=5.0 new_payoff=-49.8
[FORGIVENESS] CID:0 WARN #17 — streak reset, benefits revoked
⚠ [CAR 0] ACT=WARN REP=0.465 RWD=0.000 PNL=5.100 CREDIT=-2
[PASSIVE-BEACON] SIMNOW:20.314 CID:1 ZONE:1 RXUAV:1 EDGEPORT:9998 TS:20.300 SPD:24.700 HDG:-1.200 PX:437.500 PY:-20.000 LAN:2 BRK:0 RX_X:0.000 RX_Y:0.000 RX_Z:0.000
[ZONE-ROUTE] CID:1 zone=1 edge_port=9998
[EDGE-RTT] CID:1 wall=0.7 ms  sim_delay=5.0 ms
>>> [UAV->CLOUD] BLK:4391|TX:7.0.0.5|CID:1|TS:20.300|SPD:24.7|HDG:-1.2|PX:437.5|PY:-20.0|...
[ECON-CLAWBACK] CID:1 ACT=WARN prior_payoff=-22.7 extra_penalty=3.8 new_payoff=-26.5
[FORGIVENESS] CID:1 WARN #12 — streak reset, benefits revoked
⚠ [CAR 1] ACT=WARN REP=0.523 RWD=0.000 PNL=3.849 CREDIT=-2
[PASSIVE-BEACON] SIMNOW:20.376 CID:5 ZONE:1 RXUAV:1 EDGEPORT:9998 TS:20.362 SPD:25.300 HDG:1.400 PX:469.100 PY:-10.000 LAN:1 BRK:0 RX_X:0.000 RX_Y:0.000 RX_Z:0.000
[ZONE-ROUTE] CID:5 zone=1 edge_port=9998
[EDGE-RTT] CID:5 wall=0.6 ms  sim_delay=5.0 ms
>>> [UAV->CLOUD] BLK:92aa|TX:7.0.0.9|CID:5|TS:20.362|SPD:25.3|HDG:1.4|PX:469.1|PY:-10.0|L...
[ECON-CLAWBACK] CID:5 ACT=WARN prior_payoff=-39.8 extra_penalty=4.8 new_payoff=-44.6
[FORGIVENESS] CID:5 WARN #16 — streak reset, benefits revoked
⚠ [CAR 5] ACT=WARN REP=0.554 RWD=0.000 PNL=4.852 CREDIT=-2
[PASSIVE-BEACON] SIMNOW:20.396 CID:6 ZONE:1 RXUAV:1 EDGEPORT:9998 TS:20.382 SPD:25.200 HDG:1.000 PX:460.600 PY:-20.000 LAN:2 BRK:1 RX_X:0.000 RX_Y:0.000 RX_Z:0.000
[ZONE-ROUTE] CID:6 zone=1 edge_port=9998
[EDGE-RTT] CID:6 wall=0.8 ms  sim_delay=5.0 ms
>>> [UAV->CLOUD] BLK:f0fe|TX:7.0.0.10|CID:6|TS:20.382|SPD:25.2|HDG:1.0|PX:460.6|PY:-20.0|...
[ECON-CLAWBACK] CID:6 ACT=WARN prior_payoff=-26.6 extra_penalty=4.0 new_payoff=-30.7
[FORGIVENESS] CID:6 WARN #13 — streak reset, benefits revoked
⚠ [CAR 6] ACT=WARN REP=0.509 RWD=0.000 PNL=4.101 CREDIT=-2
[PASSIVE-BEACON] SIMNOW:20.426 CID:9 ZONE:1 RXUAV:1 EDGEPORT:9998 TS:20.412 SPD:24.700 HDG:1.900 PX:431.500 PY:-50.000 LAN:5 BRK:1 RX_X:0.000 RX_Y:0.000 RX_Z:0.000
[ZONE-ROUTE] CID:9 zone=1 edge_port=9998
[EDGE-RTT] CID:9 wall=0.9 ms  sim_delay=5.0 ms
>>> [UAV->CLOUD] BLK:30aa|TX:7.0.0.13|CID:9|TS:20.412|SPD:24.7|HDG:1.9|PX:431.5|PY:-50.0|...
[ECON-CLAWBACK] CID:9 ACT=WARN prior_payoff=8.4 extra_penalty=5.5 new_payoff=2.9
[FORGIVENESS] CID:9 WARN #2 — streak reset, benefits revoked
⚠ [CAR 9] ACT=WARN REP=1.000 RWD=0.000 PNL=5.555 CREDIT=-2
[PASSIVE-BEACON] SIMNOW:20.506 CID:8 ZONE:1 RXUAV:1 EDGEPORT:9998 TS:20.492 SPD:25.200 HDG:-1.800 PX:443.100 PY:-40.000 LAN:4 BRK:0 RX_X:0.000 RX_Y:0.000 RX_Z:0.000
[ZONE-ROUTE] CID:8 zone=1 edge_port=9998
[EDGE-RTT] CID:8 wall=1.0 ms  sim_delay=5.0 ms
>>> [UAV->CLOUD] BLK:68f6|TX:7.0.0.12|CID:8|TS:20.492|SPD:25.2|HDG:-1.8|PX:443.1|PY:-40.0...
[ECON-CLAWBACK] CID:8 ACT=WARN prior_payoff=-2.2 extra_penalty=2.0 new_payoff=-4.3
[FORGIVENESS] CID:8 WARN #5 — streak reset, benefits revoked
⚠ [CAR 8] ACT=WARN REP=0.882 RWD=0.000 PNL=2.101 CREDIT=-2
[PASSIVE-BEACON] SIMNOW:20.565 CID:3 ZONE:1 RXUAV:1 EDGEPORT:9998 TS:20.550 SPD:25.400 HDG:1.800 PX:423.600 PY:-40.000 LAN:4 BRK:0 RX_X:0.000 RX_Y:0.000 RX_Z:0.000
[ZONE-ROUTE] CID:3 zone=1 edge_port=9998
[EDGE-RTT] CID:3 wall=1.0 ms  sim_delay=5.0 ms
>>> [UAV->CLOUD] BLK:62cf|TX:7.0.0.7|CID:3|TS:20.550|SPD:25.4|HDG:1.8|PX:423.6|PY:-40.0|L...
[ECON-CLAWBACK] CID:3 ACT=WARN prior_payoff=-4.4 extra_penalty=2.2 new_payoff=-6.7
[FORGIVENESS] CID:3 WARN #6 — streak reset, benefits revoked
⚠ [CAR 3] ACT=WARN REP=0.775 RWD=0.000 PNL=2.352 CREDIT=-2
[PASSIVE-BEACON] SIMNOW:20.604 CID:4 ZONE:1 RXUAV:1 EDGEPORT:9998 TS:20.590 SPD:25.000 HDG:0.800 PX:415.000 PY:-50.000 LAN:5 BRK:0 RX_X:0.000 RX_Y:0.000 RX_Z:0.000
[ZONE-ROUTE] CID:4 zone=1 edge_port=9998
[EDGE-RTT] CID:4 wall=0.7 ms  sim_delay=5.0 ms
>>> [UAV->CLOUD] BLK:b23d|TX:7.0.0.8|CID:4|TS:20.590|SPD:25.0|HDG:0.8|PX:415.0|PY:-50.0|L...
[PASSIVE-BEACON] SIMNOW:20.604 CID:2 ZONE:1 RXUAV:1 EDGEPORT:9998 TS:20.590 SPD:24.600 HDG:-0.600 PX:435.300 PY:-30.000 LAN:3 BRK:0 RX_X:0.000 RX_Y:0.000 RX_Z:0.000
[ZONE-ROUTE] CID:2 zone=1 edge_port=9998
[EDGE-RTT] CID:2 wall=0.7 ms  sim_delay=5.0 ms
>>> [UAV->CLOUD] BLK:4f43|TX:7.0.0.6|CID:2|TS:20.590|SPD:24.6|HDG:-0.6|PX:435.3|PY:-30.0|...
[ECON-CLAWBACK] CID:2 ACT=WARN prior_payoff=-12.4 extra_penalty=3.0 new_payoff=-15.5
[FORGIVENESS] CID:2 WARN #9 — streak reset, benefits revoked
⚠ [CAR 2] ACT=WARN REP=0.709 RWD=0.000 PNL=3.099 CREDIT=-2
[ECON-CLAWBACK] CID:4 ACT=WARN prior_payoff=8.673 extra_penalty=5.587 new_payoff=2.992
[FORGIVENESS] CID:4 WARN #2 — streak reset, benefits revoked
⚠ [CAR 4] ACT=WARN REP=0.787 RWD=0.000 PNL=5.682 CREDIT=-2
[PASSIVE-BEACON] SIMNOW:20.626 CID:7 ZONE:1 RXUAV:1 EDGEPORT:9998 TS:20.612 SPD:25.200 HDG:1.800 PX:455.500 PY:-30.000 LAN:3 BRK:0 RX_X:0.000 RX_Y:0.000 RX_Z:0.000
[ZONE-ROUTE] CID:7 zone=1 edge_port=9998
[EDGE-RTT] CID:7 wall=1.0 ms  sim_delay=5.0 ms
>>> [UAV->CLOUD] BLK:bd48|TX:7.0.0.11|CID:7|TS:20.612|SPD:25.2|HDG:1.8|PX:455.5|PY:-30.0|...
[ECON-CLAWBACK] CID:7 ACT=WARN prior_payoff=-15.5 extra_penalty=3.2 new_payoff=-18.8
[FORGIVENESS] CID:7 WARN #10 — streak reset, benefits revoked
⚠ [CAR 7] ACT=WARN REP=0.836 RWD=0.000 PNL=3.352 CREDIT=-2
[PASSIVE-BEACON] SIMNOW:20.794 CID:0 ZONE:1 RXUAV:1 EDGEPORT:9998 TS:20.780 SPD:25.000 HDG:1.600 PX:459.800 PY:-10.000 LAN:1 BRK:0 RX_X:0.000 RX_Y:0.000 RX_Z:0.000
[ZONE-ROUTE] CID:0 zone=1 edge_port=9998
[EDGE-RTT] CID:0 wall=0.9 ms  sim_delay=5.0 ms
>>> [UAV->CLOUD] BLK:9d7f|TX:7.0.0.4|CID:0|TS:20.780|SPD:25.0|HDG:1.6|PX:459.8|PY:-10.0|L...
[ECON-CLAWBACK] CID:0 ACT=WARN prior_payoff=-49.8 extra_penalty=5.2 new_payoff=-55.1
[FORGIVENESS] CID:0 WARN #18 — streak reset, benefits revoked
⚠ [CAR 0] ACT=WARN REP=0.569 RWD=0.000 PNL=5.351 CREDIT=-2
[PASSIVE-BEACON] SIMNOW:20.814 CID:1 ZONE:1 RXUAV:1 EDGEPORT:9998 TS:20.800 SPD:24.700 HDG:-1.600 PX:450.900 PY:-20.000 LAN:2 BRK:0 RX_X:0.000 RX_Y:0.000 RX_Z:0.000
[ZONE-ROUTE] CID:1 zone=1 edge_port=9998
[EDGE-RTT] CID:1 wall=1.0 ms  sim_delay=5.0 ms
>>> [UAV->CLOUD] BLK:7703|TX:7.0.0.5|CID:1|TS:20.800|SPD:24.7|HDG:-1.6|PX:450.9|PY:-20.0|...
[ECON-CLAWBACK] CID:1 ACT=WARN prior_payoff=-26.5 extra_penalty=4.0 new_payoff=-30.6
[FORGIVENESS] CID:1 WARN #13 — streak reset, benefits revoked
⚠ [CAR 1] ACT=WARN REP=0.554 RWD=0.000 PNL=4.099 CREDIT=-2
[PASSIVE-BEACON] SIMNOW:20.876 CID:5 ZONE:1 RXUAV:1 EDGEPORT:9998 TS:20.862 SPD:24.700 HDG:-0.500 PX:482.600 PY:-10.000 LAN:1 BRK:1 RX_X:0.000 RX_Y:0.000 RX_Z:0.000
[ZONE-ROUTE] CID:5 zone=1 edge_port=9998
[EDGE-RTT] CID:5 wall=1.1 ms  sim_delay=5.0 ms
>>> [UAV->CLOUD] BLK:f18c|TX:7.0.0.9|CID:5|TS:20.862|SPD:24.7|HDG:-0.5|PX:482.6|PY:-10.0|...
[ECON-CLAWBACK] CID:5 ACT=WARN prior_payoff=-44.6 extra_penalty=5.0 new_payoff=-49.7
[FORGIVENESS] CID:5 WARN #17 — streak reset, benefits revoked
⚠ [CAR 5] ACT=WARN REP=0.562 RWD=0.000 PNL=5.100 CREDIT=-2
[PASSIVE-BEACON] SIMNOW:20.896 CID:6 ZONE:1 RXUAV:1 EDGEPORT:9998 TS:20.882 SPD:25.100 HDG:0.600 PX:472.400 PY:-20.000 LAN:2 BRK:0 RX_X:0.000 RX_Y:0.000 RX_Z:0.000
[ZONE-ROUTE] CID:6 zone=1 edge_port=9998
[EDGE-RTT] CID:6 wall=0.8 ms  sim_delay=5.0 ms
>>> [UAV->CLOUD] BLK:8934|TX:7.0.0.10|CID:6|TS:20.882|SPD:25.1|HDG:0.6|PX:472.4|PY:-20.0|...
[ECON-CLAWBACK] CID:6 ACT=WARN prior_payoff=-30.7 extra_penalty=4.2 new_payoff=-35.1
[FORGIVENESS] CID:6 WARN #14 — streak reset, benefits revoked
⚠ [CAR 6] ACT=WARN REP=0.750 RWD=0.000 PNL=4.351 CREDIT=-2
[PASSIVE-BEACON] SIMNOW:20.927 CID:9 ZONE:1 RXUAV:1 EDGEPORT:9998 TS:20.912 SPD:24.700 HDG:1.600 PX:443.300 PY:-50.000 LAN:5 BRK:1 RX_X:0.000 RX_Y:0.000 RX_Z:0.000
[ZONE-ROUTE] CID:9 zone=1 edge_port=9998
[EDGE-RTT] CID:9 wall=0.7 ms  sim_delay=5.0 ms
>>> [UAV->CLOUD] BLK:1c1f|TX:7.0.0.13|CID:9|TS:20.912|SPD:24.7|HDG:1.6|PX:443.3|PY:-50.0|...
[ECON-CLAWBACK] CID:9 ACT=WARN prior_payoff=2.9 extra_penalty=2.9 new_payoff=-0.2
[FORGIVENESS] CID:9 WARN #3 — streak reset, benefits revoked
⚠ [CAR 9] ACT=WARN REP=0.905 RWD=0.000 PNL=3.030 CREDIT=-2
[PASSIVE-BEACON] SIMNOW:21.006 CID:8 ZONE:1 RXUAV:1 EDGEPORT:9998 TS:20.992 SPD:25.400 HDG:-1.600 PX:454.900 PY:-40.000 LAN:4 BRK:0 RX_X:0.000 RX_Y:0.000 RX_Z:0.000
[ZONE-ROUTE] CID:8 zone=1 edge_port=9998
[EDGE-RTT] CID:8 wall=0.9 ms  sim_delay=5.0 ms
>>> [UAV->CLOUD] BLK:51dc|TX:7.0.0.12|CID:8|TS:20.992|SPD:25.4|HDG:-1.6|PX:454.9|PY:-40.0...
[ECON-CLAWBACK] CID:8 ACT=WARN prior_payoff=-4.3 extra_penalty=2.2 new_payoff=-6.7
[FORGIVENESS] CID:8 WARN #6 — streak reset, benefits revoked
⚠ [CAR 8] ACT=WARN REP=0.847 RWD=0.000 PNL=2.352 CREDIT=-2
[PASSIVE-BEACON] SIMNOW:21.063 CID:3 ZONE:1 RXUAV:1 EDGEPORT:9998 TS:21.050 SPD:25.400 HDG:0.600 PX:436.400 PY:-40.000 LAN:4 BRK:0 RX_X:0.000 RX_Y:0.000 RX_Z:0.000
[ZONE-ROUTE] CID:3 zone=1 edge_port=9998
[EDGE-RTT] CID:3 wall=1.0 ms  sim_delay=5.0 ms
>>> [UAV->CLOUD] BLK:db7e|TX:7.0.0.7|CID:3|TS:21.050|SPD:25.4|HDG:0.6|PX:436.4|PY:-40.0|L...
[ECON-CLAWBACK] CID:3 ACT=WARN prior_payoff=-6.7 extra_penalty=2.5 new_payoff=-9.3
[FORGIVENESS] CID:3 WARN #7 — streak reset, benefits revoked
⚠ [CAR 3] ACT=WARN REP=0.822 RWD=0.000 PNL=2.602 CREDIT=-2
[PASSIVE-BEACON] SIMNOW:21.104 CID:4 ZONE:1 RXUAV:1 EDGEPORT:9998 TS:21.090 SPD:25.100 HDG:1.500 PX:427.300 PY:-50.000 LAN:5 BRK:0 RX_X:0.000 RX_Y:0.000 RX_Z:0.000
[ZONE-ROUTE] CID:4 zone=1 edge_port=9998
[EDGE-RTT] CID:4 wall=0.9 ms  sim_delay=5.0 ms
>>> [UAV->CLOUD] BLK:a883|TX:7.0.0.8|CID:4|TS:21.090|SPD:25.1|HDG:1.5|PX:427.3|PY:-50.0|L...
[PASSIVE-BEACON] SIMNOW:21.104 CID:2 ZONE:1 RXUAV:1 EDGEPORT:9998 TS:21.090 SPD:25.000 HDG:1.900 PX:447.400 PY:-30.000 LAN:3 BRK:1 RX_X:0.000 RX_Y:0.000 RX_Z:0.000
[ZONE-ROUTE] CID:2 zone=1 edge_port=9998
[EDGE-RTT] CID:2 wall=2.2 ms  sim_delay=5.0 ms
>>> [UAV->CLOUD] BLK:fb1c|TX:7.0.0.6|CID:2|TS:21.090|SPD:25.0|HDG:1.9|PX:447.4|PY:-30.0|L...
[ECON-CLAWBACK] CID:4 ACT=WARN prior_payoff=3.0 extra_penalty=3.0 new_payoff=-0.1
[FORGIVENESS] CID:4 WARN #3 — streak reset, benefits revoked
⚠ [CAR 4] ACT=WARN REP=0.792 RWD=0.000 PNL=3.094 CREDIT=-2
[ECON-CLAWBACK] CID:2 ACT=WARN prior_payoff=-15.451 extra_penalty=3.250 new_payoff=-18.802
[FORGIVENESS] CID:2 WARN #10 — streak reset, benefits revoked
⚠ [CAR 2] ACT=WARN REP=0.920 RWD=0.000 PNL=3.351 CREDIT=-2
[PASSIVE-BEACON] SIMNOW:21.126 CID:7 ZONE:1 RXUAV:1 EDGEPORT:9998 TS:21.112 SPD:25.200 HDG:-0.400 PX:468.100 PY:-30.000 LAN:3 BRK:0 RX_X:0.000 RX_Y:0.000 RX_Z:0.000
[ZONE-ROUTE] CID:7 zone=1 edge_port=9998
[EDGE-RTT] CID:7 wall=0.7 ms  sim_delay=5.0 ms
>>> [UAV->CLOUD] BLK:c2ed|TX:7.0.0.11|CID:7|TS:21.112|SPD:25.2|HDG:-0.4|PX:468.1|PY:-30.0...
[ECON-CLAWBACK] CID:7 ACT=WARN prior_payoff=-18.8 extra_penalty=3.5 new_payoff=-22.4
[FORGIVENESS] CID:7 WARN #11 — streak reset, benefits revoked
⚠ [CAR 7] ACT=WARN REP=0.899 RWD=0.000 PNL=3.602 CREDIT=-2
[PASSIVE-BEACON] SIMNOW:21.294 CID:0 ZONE:1 RXUAV:1 EDGEPORT:9998 TS:21.280 SPD:24.600 HDG:1.800 PX:472.300 PY:-10.000 LAN:1 BRK:0 RX_X:0.000 RX_Y:0.000 RX_Z:0.000
[ZONE-ROUTE] CID:0 zone=1 edge_port=9998
[EDGE-RTT] CID:0 wall=0.9 ms  sim_delay=5.0 ms
>>> [UAV->CLOUD] BLK:7cf1|TX:7.0.0.4|CID:0|TS:21.280|SPD:24.6|HDG:1.8|PX:472.3|PY:-10.0|L...
[ECON-CLAWBACK] CID:0 ACT=WARN prior_payoff=-55.1 extra_penalty=5.5 new_payoff=-60.7
[FORGIVENESS] CID:0 WARN #19 — streak reset, benefits revoked
⚠ [CAR 0] ACT=WARN REP=0.492 RWD=0.000 PNL=5.599 CREDIT=-2
[PASSIVE-BEACON] SIMNOW:21.314 CID:1 ZONE:1 RXUAV:1 EDGEPORT:9998 TS:21.300 SPD:25.400 HDG:-1.000 PX:462.400 PY:-20.000 LAN:2 BRK:0 RX_X:0.000 RX_Y:0.000 RX_Z:0.000
[ZONE-ROUTE] CID:1 zone=1 edge_port=9998
[EDGE-RTT] CID:1 wall=1.0 ms  sim_delay=5.0 ms
>>> [UAV->CLOUD] BLK:e039|TX:7.0.0.5|CID:1|TS:21.300|SPD:25.4|HDG:-1.0|PX:462.4|PY:-20.0|...
[ECON-CLAWBACK] CID:1 ACT=WARN prior_payoff=-30.6 extra_penalty=4.2 new_payoff=-35.0
[FORGIVENESS] CID:1 WARN #14 — streak reset, benefits revoked
⚠ [CAR 1] ACT=WARN REP=0.772 RWD=0.000 PNL=4.352 CREDIT=-2
[PASSIVE-BEACON] SIMNOW:21.376 CID:5 ZONE:1 RXUAV:1 EDGEPORT:9998 TS:21.362 SPD:25.200 HDG:-0.600 PX:494.800 PY:-10.000 LAN:1 BRK:0 RX_X:0.000 RX_Y:0.000 RX_Z:0.000
[ZONE-ROUTE] CID:5 zone=1 edge_port=9998
[EDGE-RTT] CID:5 wall=1.1 ms  sim_delay=5.0 ms
>>> [UAV->CLOUD] BLK:731d|TX:7.0.0.9|CID:5|TS:21.362|SPD:25.2|HDG:-0.6|PX:494.8|PY:-10.0|...
[ECON-CLAWBACK] CID:5 ACT=WARN prior_payoff=-49.7 extra_penalty=5.2 new_payoff=-55.1
[FORGIVENESS] CID:5 WARN #18 — streak reset, benefits revoked
⚠ [CAR 5] ACT=WARN REP=0.452 RWD=0.000 PNL=5.352 CREDIT=-2
[PASSIVE-BEACON] SIMNOW:21.396 CID:6 ZONE:1 RXUAV:1 EDGEPORT:9998 TS:21.382 SPD:24.900 HDG:1.700 PX:485.000 PY:-20.000 LAN:2 BRK:0 RX_X:0.000 RX_Y:0.000 RX_Z:0.000
[ZONE-ROUTE] CID:6 zone=1 edge_port=9998
[EDGE-RTT] CID:6 wall=0.9 ms  sim_delay=5.0 ms
>>> [UAV->CLOUD] BLK:2310|TX:7.0.0.10|CID:6|TS:21.382|SPD:24.9|HDG:1.7|PX:485.0|PY:-20.0|...
[ECON-CLAWBACK] CID:6 ACT=WARN prior_payoff=-35.1 extra_penalty=4.5 new_payoff=-39.7
[FORGIVENESS] CID:6 WARN #15 — streak reset, benefits revoked
⚠ [CAR 6] ACT=WARN REP=0.558 RWD=0.000 PNL=4.601 CREDIT=-2
[PASSIVE-BEACON] SIMNOW:21.426 CID:9 ZONE:1 RXUAV:1 EDGEPORT:9998 TS:21.412 SPD:25.400 HDG:-0.600 PX:456.100 PY:-50.000 LAN:5 BRK:0 RX_X:0.000 RX_Y:0.000 RX_Z:0.000
[ZONE-ROUTE] CID:9 zone=1 edge_port=9998
[EDGE-RTT] CID:9 wall=1.0 ms  sim_delay=5.0 ms
>>> [UAV->CLOUD] BLK:aa24|TX:7.0.0.13|CID:9|TS:21.412|SPD:25.4|HDG:-0.6|PX:456.1|PY:-50.0...
[ECON-CLAWBACK] CID:9 ACT=WARN prior_payoff=-0.2 extra_penalty=1.8 new_payoff=-2.0
[FORGIVENESS] CID:9 WARN #4 — streak reset, benefits revoked
⚠ [CAR 9] ACT=WARN REP=0.821 RWD=0.000 PNL=1.850 CREDIT=-2
[PASSIVE-BEACON] SIMNOW:21.506 CID:8 ZONE:1 RXUAV:1 EDGEPORT:9998 TS:21.492 SPD:24.600 HDG:0.700 PX:468.600 PY:-40.000 LAN:4 BRK:1 RX_X:0.000 RX_Y:0.000 RX_Z:0.000
[ZONE-ROUTE] CID:8 zone=1 edge_port=9998
[EDGE-RTT] CID:8 wall=1.0 ms  sim_delay=5.0 ms
>>> [UAV->CLOUD] BLK:1b9d|TX:7.0.0.12|CID:8|TS:21.492|SPD:24.6|HDG:0.7|PX:468.6|PY:-40.0|...
[ECON-CLAWBACK] CID:8 ACT=WARN prior_payoff=-6.7 extra_penalty=2.5 new_payoff=-9.3
[FORGIVENESS] CID:8 WARN #7 — streak reset, benefits revoked
⚠ [CAR 8] ACT=WARN REP=0.870 RWD=0.000 PNL=2.599 CREDIT=-2
[PASSIVE-BEACON] SIMNOW:21.565 CID:3 ZONE:1 RXUAV:1 EDGEPORT:9998 TS:21.550 SPD:24.900 HDG:1.900 PX:449.800 PY:-40.000 LAN:4 BRK:0 RX_X:0.000 RX_Y:0.000 RX_Z:0.000
[ZONE-ROUTE] CID:3 zone=1 edge_port=9998
[EDGE-RTT] CID:3 wall=0.8 ms  sim_delay=5.0 ms
>>> [UAV->CLOUD] BLK:7b50|TX:7.0.0.7|CID:3|TS:21.550|SPD:24.9|HDG:1.9|PX:449.8|PY:-40.0|L...
[ECON-CLAWBACK] CID:3 ACT=WARN prior_payoff=-9.3 extra_penalty=2.8 new_payoff=-12.2
[FORGIVENESS] CID:3 WARN #8 — streak reset, benefits revoked
⚠ [CAR 3] ACT=WARN REP=0.870 RWD=0.000 PNL=2.851 CREDIT=-2
[PASSIVE-BEACON] SIMNOW:21.604 CID:4 ZONE:1 RXUAV:1 EDGEPORT:9998 TS:21.590 SPD:24.600 HDG:1.700 PX:440.500 PY:-50.000 LAN:5 BRK:0 RX_X:0.000 RX_Y:0.000 RX_Z:0.000
[ZONE-ROUTE] CID:4 zone=1 edge_port=9998
[EDGE-RTT] CID:4 wall=1.0 ms  sim_delay=5.0 ms
>>> [UAV->CLOUD] BLK:d1cf|TX:7.0.0.8|CID:4|TS:21.590|SPD:24.6|HDG:1.7|PX:440.5|PY:-50.0|L...
[PASSIVE-BEACON] SIMNOW:21.604 CID:2 ZONE:1 RXUAV:1 EDGEPORT:9998 TS:21.590 SPD:24.900 HDG:1.600 PX:460.200 PY:-30.000 LAN:3 BRK:0 RX_X:0.000 RX_Y:0.000 RX_Z:0.000
[ZONE-ROUTE] CID:2 zone=1 edge_port=9998
[EDGE-RTT] CID:2 wall=0.8 ms  sim_delay=5.0 ms
>>> [UAV->CLOUD] BLK:267a|TX:7.0.0.6|CID:2|TS:21.590|SPD:24.9|HDG:1.6|PX:460.2|PY:-30.0|L...
[ECON-CLAWBACK] CID:2 ACT=WARN prior_payoff=-18.8 extra_penalty=3.5 new_payoff=-22.4
[FORGIVENESS] CID:2 WARN #11 — streak reset, benefits revoked
⚠ [CAR 2] ACT=WARN REP=0.838 RWD=0.000 PNL=3.600 CREDIT=-2
[ECON-CLAWBACK] CID:4 ACT=WARN prior_payoff=-0.102 extra_penalty=1.750 new_payoff=-1.954
[FORGIVENESS] CID:4 WARN #4 — streak reset, benefits revoked
⚠ [CAR 4] ACT=WARN REP=0.891 RWD=0.000 PNL=1.852 CREDIT=-2
[PASSIVE-BEACON] SIMNOW:21.626 CID:7 ZONE:1 RXUAV:1 EDGEPORT:9998 TS:21.612 SPD:24.600 HDG:1.000 PX:480.700 PY:-30.000 LAN:3 BRK:0 RX_X:0.000 RX_Y:0.000 RX_Z:0.000
[ZONE-ROUTE] CID:7 zone=1 edge_port=9998
[EDGE-RTT] CID:7 wall=1.1 ms  sim_delay=5.0 ms
>>> [UAV->CLOUD] BLK:70c1|TX:7.0.0.11|CID:7|TS:21.612|SPD:24.6|HDG:1.0|PX:480.7|PY:-30.0|...
[ECON-CLAWBACK] CID:7 ACT=WARN prior_payoff=-22.4 extra_penalty=3.8 new_payoff=-26.3
[FORGIVENESS] CID:7 WARN #12 — streak reset, benefits revoked
⚠ [CAR 7] ACT=WARN REP=0.749 RWD=0.000 PNL=3.849 CREDIT=-2
[PASSIVE-BEACON] SIMNOW:21.794 CID:0 ZONE:1 RXUAV:1 EDGEPORT:9998 TS:21.780 SPD:25.100 HDG:-0.600 PX:485.400 PY:-10.000 LAN:1 BRK:0 RX_X:0.000 RX_Y:0.000 RX_Z:0.000
[ZONE-ROUTE] CID:0 zone=1 edge_port=9998
[EDGE-RTT] CID:0 wall=0.9 ms  sim_delay=5.0 ms
>>> [UAV->CLOUD] BLK:6ab0|TX:7.0.0.4|CID:0|TS:21.780|SPD:25.1|HDG:-0.6|PX:485.4|PY:-10.0|...
[ECON-CLAWBACK] CID:0 ACT=WARN prior_payoff=-60.7 extra_penalty=5.8 new_payoff=-66.6
[FORGIVENESS] CID:0 WARN #20 — streak reset, benefits revoked
⚠ [CAR 0] ACT=WARN REP=0.508 RWD=0.000 PNL=5.851 CREDIT=-2
[PASSIVE-BEACON] SIMNOW:21.814 CID:1 ZONE:1 RXUAV:1 EDGEPORT:9998 TS:21.800 SPD:24.800 HDG:0.300 PX:476.300 PY:-20.000 LAN:2 BRK:0 RX_X:0.000 RX_Y:0.000 RX_Z:0.000
[ZONE-ROUTE] CID:1 zone=1 edge_port=9998
[EDGE-RTT] CID:1 wall=0.9 ms  sim_delay=5.0 ms
>>> [UAV->CLOUD] BLK:c424|TX:7.0.0.5|CID:1|TS:21.800|SPD:24.8|HDG:0.3|PX:476.3|PY:-20.0|L...
[ECON-CLAWBACK] CID:1 ACT=WARN prior_payoff=-35.0 extra_penalty=4.5 new_payoff=-39.6
[FORGIVENESS] CID:1 WARN #15 — streak reset, benefits revoked
⚠ [CAR 1] ACT=WARN REP=0.526 RWD=0.000 PNL=4.600 CREDIT=-2
[PASSIVE-BEACON] SIMNOW:21.876 CID:5 ZONE:1 RXUAV:1 EDGEPORT:9998 TS:21.862 SPD:25.000 HDG:0.400 PX:507.600 PY:-10.000 LAN:1 BRK:0 RX_X:0.000 RX_Y:0.000 RX_Z:0.000
[ZONE-ROUTE] CID:5 zone=1 edge_port=9998
[EDGE-RTT] CID:5 wall=0.7 ms  sim_delay=5.0 ms
>>> [UAV->CLOUD] BLK:321d|TX:7.0.0.9|CID:5|TS:21.862|SPD:25.0|HDG:0.4|PX:507.6|PY:-10.0|L...
[ECON-CLAWBACK] CID:5 ACT=WARN prior_payoff=-55.1 extra_penalty=5.5 new_payoff=-60.7
[FORGIVENESS] CID:5 WARN #19 — streak reset, benefits revoked
⚠ [CAR 5] ACT=WARN REP=0.744 RWD=0.000 PNL=5.601 CREDIT=-2
[PASSIVE-BEACON] SIMNOW:21.896 CID:6 ZONE:1 RXUAV:1 EDGEPORT:9998 TS:21.882 SPD:24.800 HDG:-1.000 PX:498.100 PY:-20.000 LAN:2 BRK:0 RX_X:0.000 RX_Y:0.000 RX_Z:0.000
[ZONE-ROUTE] CID:6 zone=1 edge_port=9998
[EDGE-RTT] CID:6 wall=0.9 ms  sim_delay=5.0 ms
>>> [UAV->CLOUD] BLK:5696|TX:7.0.0.10|CID:6|TS:21.882|SPD:24.8|HDG:-1.0|PX:498.1|PY:-20.0...
[ECON-CLAWBACK] CID:6 ACT=WARN prior_payoff=-39.7 extra_penalty=4.8 new_payoff=-44.5
[FORGIVENESS] CID:6 WARN #16 — streak reset, benefits revoked
⚠ [CAR 6] ACT=WARN REP=0.406 RWD=0.000 PNL=4.850 CREDIT=-2
[PASSIVE-BEACON] SIMNOW:21.927 CID:9 ZONE:1 RXUAV:1 EDGEPORT:9998 TS:21.912 SPD:24.800 HDG:-0.900 PX:468.300 PY:-50.000 LAN:5 BRK:0 RX_X:0.000 RX_Y:0.000 RX_Z:0.000
[ZONE-ROUTE] CID:9 zone=1 edge_port=9998
[EDGE-RTT] CID:9 wall=1.2 ms  sim_delay=5.0 ms
>>> [UAV->CLOUD] BLK:4f21|TX:7.0.0.13|CID:9|TS:21.912|SPD:24.8|HDG:-0.9|PX:468.3|PY:-50.0...
[ECON-CLAWBACK] CID:9 ACT=WARN prior_payoff=-2.0 extra_penalty=2.0 new_payoff=-4.1
[FORGIVENESS] CID:9 WARN #5 — streak reset, benefits revoked
⚠ [CAR 9] ACT=WARN REP=1.000 RWD=0.000 PNL=2.100 CREDIT=-2
[PASSIVE-BEACON] SIMNOW:22.006 CID:8 ZONE:1 RXUAV:1 EDGEPORT:9998 TS:21.992 SPD:24.800 HDG:-1.900 PX:480.100 PY:-40.000 LAN:4 BRK:0 RX_X:0.000 RX_Y:0.000 RX_Z:0.000
[ZONE-ROUTE] CID:8 zone=1 edge_port=9998
[EDGE-RTT] CID:8 wall=1.1 ms  sim_delay=5.0 ms
>>> [UAV->CLOUD] BLK:e8f8|TX:7.0.0.12|CID:8|TS:21.992|SPD:24.8|HDG:-1.9|PX:480.1|PY:-40.0...
[ECON-CLAWBACK] CID:8 ACT=WARN prior_payoff=-9.3 extra_penalty=2.8 new_payoff=-12.1
[FORGIVENESS] CID:8 WARN #8 — streak reset, benefits revoked
⚠ [CAR 8] ACT=WARN REP=0.954 RWD=0.000 PNL=2.850 CREDIT=-2
[PASSIVE-BEACON] SIMNOW:22.064 CID:3 ZONE:1 RXUAV:1 EDGEPORT:9998 TS:22.050 SPD:25.100 HDG:-1.800 PX:461.400 PY:-40.000 LAN:4 BRK:0 RX_X:0.000 RX_Y:0.000 RX_Z:0.000
[ZONE-ROUTE] CID:3 zone=1 edge_port=9998
[EDGE-RTT] CID:3 wall=1.1 ms  sim_delay=5.0 ms
>>> [UAV->CLOUD] BLK:8ff0|TX:7.0.0.7|CID:3|TS:22.050|SPD:25.1|HDG:-1.8|PX:461.4|PY:-40.0|...
[ECON-CLAWBACK] CID:3 ACT=WARN prior_payoff=-12.2 extra_penalty=3.0 new_payoff=-15.3
[FORGIVENESS] CID:3 WARN #9 — streak reset, benefits revoked
⚠ [CAR 3] ACT=WARN REP=0.717 RWD=0.000 PNL=3.102 CREDIT=-2
[PASSIVE-BEACON] SIMNOW:22.104 CID:4 ZONE:1 RXUAV:1 EDGEPORT:9998 TS:22.090 SPD:25.300 HDG:2.000 PX:452.300 PY:-50.000 LAN:5 BRK:1 RX_X:0.000 RX_Y:0.000 RX_Z:0.000
[ZONE-ROUTE] CID:4 zone=1 edge_port=9998
[EDGE-RTT] CID:4 wall=0.8 ms  sim_delay=5.0 ms
>>> [UAV->CLOUD] BLK:c007|TX:7.0.0.8|CID:4|TS:22.090|SPD:25.3|HDG:2.0|PX:452.3|PY:-50.0|L...
[PASSIVE-BEACON] SIMNOW:22.104 CID:2 ZONE:1 RXUAV:1 EDGEPORT:9998 TS:22.090 SPD:25.300 HDG:-1.000 PX:472.400 PY:-30.000 LAN:3 BRK:0 RX_X:0.000 RX_Y:0.000 RX_Z:0.000
[ZONE-ROUTE] CID:2 zone=1 edge_port=9998
[EDGE-RTT] CID:2 wall=2.7 ms  sim_delay=5.0 ms
>>> [UAV->CLOUD] BLK:10ea|TX:7.0.0.6|CID:2|TS:22.090|SPD:25.3|HDG:-1.0|PX:472.4|PY:-30.0|...
[ECON-CLAWBACK] CID:4 ACT=WARN prior_payoff=-2.0 extra_penalty=2.0 new_payoff=-4.1
[FORGIVENESS] CID:4 WARN #5 — streak reset, benefits revoked
⚠ [CAR 4] ACT=WARN REP=0.734 RWD=0.000 PNL=2.106 CREDIT=-2
[ECON-CLAWBACK] CID:2 ACT=WARN prior_payoff=-22.402 extra_penalty=3.750 new_payoff=-26.254
[FORGIVENESS] CID:2 WARN #12 — streak reset, benefits revoked
⚠ [CAR 2] ACT=WARN REP=0.575 RWD=0.000 PNL=3.852 CREDIT=-2
[PASSIVE-BEACON] SIMNOW:22.126 CID:7 ZONE:1 RXUAV:1 EDGEPORT:9998 TS:22.112 SPD:24.900 HDG:1.900 PX:493.100 PY:-30.000 LAN:3 BRK:1 RX_X:0.000 RX_Y:0.000 RX_Z:0.000
[ZONE-ROUTE] CID:7 zone=1 edge_port=9998
[EDGE-RTT] CID:7 wall=0.9 ms  sim_delay=5.0 ms
>>> [UAV->CLOUD] BLK:b50e|TX:7.0.0.11|CID:7|TS:22.112|SPD:24.9|HDG:1.9|PX:493.1|PY:-30.0|...
[ECON-CLAWBACK] CID:7 ACT=WARN prior_payoff=-26.3 extra_penalty=4.0 new_payoff=-30.4
[FORGIVENESS] CID:7 WARN #13 — streak reset, benefits revoked
⚠ [CAR 7] ACT=WARN REP=0.669 RWD=0.000 PNL=4.101 CREDIT=-2
[PASSIVE-BEACON] SIMNOW:22.294 CID:0 ZONE:1 RXUAV:1 EDGEPORT:9998 TS:22.280 SPD:25.500 HDG:0.800 PX:497.900 PY:-10.000 LAN:1 BRK:0 RX_X:0.000 RX_Y:0.000 RX_Z:0.000
[ZONE-ROUTE] CID:0 zone=1 edge_port=9998
[EDGE-RTT] CID:0 wall=1.1 ms  sim_delay=5.0 ms
>>> [UAV->CLOUD] BLK:00d2|TX:7.0.0.4|CID:0|TS:22.280|SPD:25.5|HDG:0.8|PX:497.9|PY:-10.0|L...
[ECON-CLAWBACK] CID:0 ACT=WARN prior_payoff=-66.6 extra_penalty=6.0 new_payoff=-72.7
[FORGIVENESS] CID:0 WARN #21 — streak reset, benefits revoked
⚠ [CAR 0] ACT=WARN REP=0.690 RWD=0.000 PNL=6.102 CREDIT=-2
[PASSIVE-BEACON] SIMNOW:22.314 CID:1 ZONE:1 RXUAV:1 EDGEPORT:9998 TS:22.300 SPD:25.400 HDG:0.100 PX:488.300 PY:-20.000 LAN:2 BRK:0 RX_X:0.000 RX_Y:0.000 RX_Z:0.000
[ZONE-ROUTE] CID:1 zone=1 edge_port=9998
[EDGE-RTT] CID:1 wall=1.0 ms  sim_delay=5.0 ms
>>> [UAV->CLOUD] BLK:39e8|TX:7.0.0.5|CID:1|TS:22.300|SPD:25.4|HDG:0.1|PX:488.3|PY:-20.0|L...
[ECON-CLAWBACK] CID:1 ACT=WARN prior_payoff=-39.6 extra_penalty=4.8 new_payoff=-44.4
[FORGIVENESS] CID:1 WARN #16 — streak reset, benefits revoked
⚠ [CAR 1] ACT=WARN REP=0.582 RWD=0.000 PNL=4.852 CREDIT=-2
[PASSIVE-BEACON] SIMNOW:22.376 CID:5 ZONE:1 RXUAV:1 EDGEPORT:9998 TS:22.362 SPD:25.200 HDG:1.900 PX:519.600 PY:-10.000 LAN:1 BRK:0 RX_X:0.000 RX_Y:0.000 RX_Z:0.000
[ZONE-ROUTE] CID:5 zone=1 edge_port=9998
[EDGE-RTT] CID:5 wall=1.1 ms  sim_delay=5.0 ms
>>> [UAV->CLOUD] BLK:64ab|TX:7.0.0.9|CID:5|TS:22.362|SPD:25.2|HDG:1.9|PX:519.6|PY:-10.0|L...
[ECON-CLAWBACK] CID:5 ACT=WARN prior_payoff=-60.7 extra_penalty=5.8 new_payoff=-66.5
[FORGIVENESS] CID:5 WARN #20 — streak reset, benefits revoked
⚠ [CAR 5] ACT=WARN REP=0.550 RWD=0.000 PNL=5.852 CREDIT=-2
[PASSIVE-BEACON] SIMNOW:22.396 CID:6 ZONE:1 RXUAV:1 EDGEPORT:9998 TS:22.382 SPD:24.900 HDG:0.600 PX:509.600 PY:-20.000 LAN:2 BRK:0 RX_X:0.000 RX_Y:0.000 RX_Z:0.000
[ZONE-ROUTE] CID:6 zone=1 edge_port=9998
[EDGE-RTT] CID:6 wall=0.7 ms  sim_delay=5.0 ms
>>> [UAV->CLOUD] BLK:98ab|TX:7.0.0.10|CID:6|TS:22.382|SPD:24.9|HDG:0.6|PX:509.6|PY:-20.0|...
[ECON-CLAWBACK] CID:6 ACT=WARN prior_payoff=-44.5 extra_penalty=5.0 new_payoff=-49.6
[FORGIVENESS] CID:6 WARN #17 — streak reset, benefits revoked
⚠ [CAR 6] ACT=WARN REP=0.441 RWD=0.000 PNL=5.101 CREDIT=-2
[PASSIVE-BEACON] SIMNOW:22.426 CID:9 ZONE:1 RXUAV:1 EDGEPORT:9998 TS:22.412 SPD:25.500 HDG:1.200 PX:480.900 PY:-50.000 LAN:5 BRK:0 RX_X:0.000 RX_Y:0.000 RX_Z:0.000
[ZONE-ROUTE] CID:9 zone=1 edge_port=9998
[EDGE-RTT] CID:9 wall=0.8 ms  sim_delay=5.0 ms
>>> [UAV->CLOUD] BLK:53a7|TX:7.0.0.13|CID:9|TS:22.412|SPD:25.5|HDG:1.2|PX:480.9|PY:-50.0|...
[ECON-CLAWBACK] CID:9 ACT=WARN prior_payoff=-4.1 extra_penalty=2.2 new_payoff=-6.5
[FORGIVENESS] CID:9 WARN #6 — streak reset, benefits revoked
⚠ [CAR 9] ACT=WARN REP=0.721 RWD=0.000 PNL=2.352 CREDIT=-2
[PASSIVE-BEACON] SIMNOW:22.506 CID:8 ZONE:1 RXUAV:1 EDGEPORT:9998 TS:22.492 SPD:25.400 HDG:0.800 PX:493.100 PY:-40.000 LAN:4 BRK:1 RX_X:0.000 RX_Y:0.000 RX_Z:0.000
[ZONE-ROUTE] CID:8 zone=1 edge_port=9998
[EDGE-RTT] CID:8 wall=0.8 ms  sim_delay=5.0 ms
>>> [UAV->CLOUD] BLK:7e1d|TX:7.0.0.12|CID:8|TS:22.492|SPD:25.4|HDG:0.8|PX:493.1|PY:-40.0|...
[ECON-CLAWBACK] CID:8 ACT=WARN prior_payoff=-12.1 extra_penalty=3.0 new_payoff=-15.2
[FORGIVENESS] CID:8 WARN #9 — streak reset, benefits revoked
⚠ [CAR 8] ACT=WARN REP=0.568 RWD=0.000 PNL=3.102 CREDIT=-2
[PASSIVE-BEACON] SIMNOW:22.563 CID:3 ZONE:1 RXUAV:1 EDGEPORT:9998 TS:22.550 SPD:25.300 HDG:-1.500 PX:474.700 PY:-40.000 LAN:4 BRK:0 RX_X:0.000 RX_Y:0.000 RX_Z:0.000
[ZONE-ROUTE] CID:3 zone=1 edge_port=9998
[EDGE-RTT] CID:3 wall=0.9 ms  sim_delay=5.0 ms
>>> [UAV->CLOUD] BLK:cb22|TX:7.0.0.7|CID:3|TS:22.550|SPD:25.3|HDG:-1.5|PX:474.7|PY:-40.0|...
[ECON-CLAWBACK] CID:3 ACT=WARN prior_payoff=-15.3 extra_penalty=3.2 new_payoff=-18.6
[FORGIVENESS] CID:3 WARN #10 — streak reset, benefits revoked
⚠ [CAR 3] ACT=WARN REP=0.423 RWD=0.000 PNL=3.352 CREDIT=-2
[PASSIVE-BEACON] SIMNOW:22.604 CID:4 ZONE:1 RXUAV:1 EDGEPORT:9998 TS:22.590 SPD:25.200 HDG:0.800 PX:465.500 PY:-50.000 LAN:5 BRK:0 RX_X:0.000 RX_Y:0.000 RX_Z:0.000
[ZONE-ROUTE] CID:4 zone=1 edge_port=9998
[EDGE-RTT] CID:4 wall=1.1 ms  sim_delay=5.0 ms
>>> [UAV->CLOUD] BLK:daf2|TX:7.0.0.8|CID:4|TS:22.590|SPD:25.2|HDG:0.8|PX:465.5|PY:-50.0|L...
[PASSIVE-BEACON] SIMNOW:22.604 CID:2 ZONE:1 RXUAV:1 EDGEPORT:9998 TS:22.590 SPD:24.900 HDG:-0.900 PX:485.400 PY:-30.000 LAN:3 BRK:0 RX_X:0.000 RX_Y:0.000 RX_Z:0.000
[ZONE-ROUTE] CID:2 zone=1 edge_port=9998
[EDGE-RTT] CID:2 wall=1.6 ms  sim_delay=5.0 ms
>>> [UAV->CLOUD] BLK:c938|TX:7.0.0.6|CID:2|TS:22.590|SPD:24.9|HDG:-0.9|PX:485.4|PY:-30.0|...
[ECON-CLAWBACK] CID:2 ACT=WARN prior_payoff=-26.3 extra_penalty=4.0 new_payoff=-30.4
[FORGIVENESS] CID:2 WARN #13 — streak reset, benefits revoked
⚠ [CAR 2] ACT=WARN REP=0.806 RWD=0.000 PNL=4.100 CREDIT=-2
[ECON-CLAWBACK] CID:4 ACT=WARN prior_payoff=-4.060 extra_penalty=2.250 new_payoff=-6.416
[FORGIVENESS] CID:4 WARN #6 — streak reset, benefits revoked
⚠ [CAR 4] ACT=WARN REP=0.588 RWD=0.000 PNL=2.356 CREDIT=-2
[PASSIVE-BEACON] SIMNOW:22.626 CID:7 ZONE:1 RXUAV:1 EDGEPORT:9998 TS:22.612 SPD:25.300 HDG:0.100 PX:506.000 PY:-30.000 LAN:3 BRK:0 RX_X:0.000 RX_Y:0.000 RX_Z:0.000
[ZONE-ROUTE] CID:7 zone=1 edge_port=9998
[EDGE-RTT] CID:7 wall=0.9 ms  sim_delay=5.0 ms
>>> [UAV->CLOUD] BLK:bfc6|TX:7.0.0.11|CID:7|TS:22.612|SPD:25.3|HDG:0.1|PX:506.0|PY:-30.0|...
[ECON-CLAWBACK] CID:7 ACT=WARN prior_payoff=-30.4 extra_penalty=4.2 new_payoff=-34.7
[FORGIVENESS] CID:7 WARN #14 — streak reset, benefits revoked
⚠ [CAR 7] ACT=WARN REP=0.805 RWD=0.000 PNL=4.352 CREDIT=-2
[PASSIVE-BEACON] SIMNOW:22.794 CID:0 ZONE:1 RXUAV:1 EDGEPORT:9998 TS:22.780 SPD:25.200 HDG:1.300 PX:510.000 PY:-10.000 LAN:1 BRK:0 RX_X:0.000 RX_Y:0.000 RX_Z:0.000
[ZONE-ROUTE] CID:0 zone=1 edge_port=9998
[EDGE-RTT] CID:0 wall=0.8 ms  sim_delay=5.0 ms
>>> [UAV->CLOUD] BLK:a930|TX:7.0.0.4|CID:0|TS:22.780|SPD:25.2|HDG:1.3|PX:510.0|PY:-10.0|L...
[ECON-CLAWBACK] CID:0 ACT=WARN prior_payoff=-72.7 extra_penalty=6.2 new_payoff=-79.0
[FORGIVENESS] CID:0 WARN #22 — streak reset, benefits revoked
⚠ [CAR 0] ACT=WARN REP=0.399 RWD=0.000 PNL=6.352 CREDIT=-2
[PASSIVE-BEACON] SIMNOW:22.814 CID:1 ZONE:1 RXUAV:1 EDGEPORT:9998 TS:22.800 SPD:25.400 HDG:1.900 PX:501.000 PY:-20.000 LAN:2 BRK:1 RX_X:0.000 RX_Y:0.000 RX_Z:0.000
[ZONE-ROUTE] CID:1 zone=1 edge_port=9998
[EDGE-RTT] CID:1 wall=1.1 ms  sim_delay=5.0 ms
>>> [UAV->CLOUD] BLK:e08e|TX:7.0.0.5|CID:1|TS:22.800|SPD:25.4|HDG:1.9|PX:501.0|PY:-20.0|L...
[ECON-CLAWBACK] CID:1 ACT=WARN prior_payoff=-44.4 extra_penalty=5.0 new_payoff=-49.5
[FORGIVENESS] CID:1 WARN #17 — streak reset, benefits revoked
⚠ [CAR 1] ACT=WARN REP=0.111 RWD=0.000 PNL=5.102 CREDIT=-2
[PASSIVE-BEACON] SIMNOW:22.876 CID:5 ZONE:1 RXUAV:1 EDGEPORT:9998 TS:22.862 SPD:25.200 HDG:-1.700 PX:532.600 PY:-10.000 LAN:1 BRK:0 RX_X:0.000 RX_Y:0.000 RX_Z:0.000
[ZONE-ROUTE] CID:5 zone=1 edge_port=9998
[EDGE-RTT] CID:5 wall=1.0 ms  sim_delay=5.0 ms
>>> [UAV->CLOUD] BLK:280a|TX:7.0.0.9|CID:5|TS:22.862|SPD:25.2|HDG:-1.7|PX:532.6|PY:-10.0|...
[ECON-CLAWBACK] CID:5 ACT=WARN prior_payoff=-66.5 extra_penalty=6.0 new_payoff=-72.6
[FORGIVENESS] CID:5 WARN #21 — streak reset, benefits revoked
⚠ [CAR 5] ACT=WARN REP=0.480 RWD=0.000 PNL=6.102 CREDIT=-2
[PASSIVE-BEACON] SIMNOW:22.896 CID:6 ZONE:1 RXUAV:1 EDGEPORT:9998 TS:22.882 SPD:25.100 HDG:-0.900 PX:522.000 PY:-20.000 LAN:2 BRK:0 RX_X:0.000 RX_Y:0.000 RX_Z:0.000
[ZONE-ROUTE] CID:6 zone=1 edge_port=9998
[EDGE-RTT] CID:6 wall=1.0 ms  sim_delay=5.0 ms
>>> [UAV->CLOUD] BLK:ef4b|TX:7.0.0.10|CID:6|TS:22.882|SPD:25.1|HDG:-0.9|PX:522.0|PY:-20.0...
[ECON-CLAWBACK] CID:6 ACT=WARN prior_payoff=-49.6 extra_penalty=5.2 new_payoff=-55.0
[FORGIVENESS] CID:6 WARN #18 — streak reset, benefits revoked
⚠ [CAR 6] ACT=WARN REP=0.182 RWD=0.000 PNL=5.351 CREDIT=-2
[PASSIVE-BEACON] SIMNOW:22.927 CID:9 ZONE:1 RXUAV:1 EDGEPORT:9998 TS:22.912 SPD:25.400 HDG:0.300 PX:493.400 PY:-50.000 LAN:5 BRK:1 RX_X:0.000 RX_Y:0.000 RX_Z:0.000
[ZONE-ROUTE] CID:9 zone=1 edge_port=9998
[EDGE-RTT] CID:9 wall=1.0 ms  sim_delay=5.0 ms
>>> [UAV->CLOUD] BLK:8392|TX:7.0.0.13|CID:9|TS:22.912|SPD:25.4|HDG:0.3|PX:493.4|PY:-50.0|...
[ECON-CLAWBACK] CID:9 ACT=WARN prior_payoff=-6.5 extra_penalty=2.5 new_payoff=-9.1
[FORGIVENESS] CID:9 WARN #7 — streak reset, benefits revoked
⚠ [CAR 9] ACT=WARN REP=0.739 RWD=0.000 PNL=2.602 CREDIT=-2
[PASSIVE-BEACON] SIMNOW:23.006 CID:8 ZONE:1 RXUAV:1 EDGEPORT:9998 TS:22.992 SPD:25.100 HDG:1.000 PX:505.100 PY:-40.000 LAN:4 BRK:0 RX_X:0.000 RX_Y:0.000 RX_Z:0.000
[ZONE-ROUTE] CID:8 zone=1 edge_port=9998
[EDGE-RTT] CID:8 wall=1.1 ms  sim_delay=5.0 ms
>>> [UAV->CLOUD] BLK:bd82|TX:7.0.0.12|CID:8|TS:22.992|SPD:25.1|HDG:1.0|PX:505.1|PY:-40.0|...
[ECON-CLAWBACK] CID:8 ACT=WARN prior_payoff=-15.2 extra_penalty=3.2 new_payoff=-18.6
[FORGIVENESS] CID:8 WARN #10 — streak reset, benefits revoked
⚠ [CAR 8] ACT=WARN REP=0.613 RWD=0.000 PNL=3.351 CREDIT=-2
[PASSIVE-BEACON] SIMNOW:23.064 CID:3 ZONE:1 RXUAV:1 EDGEPORT:9998 TS:23.050 SPD:24.500 HDG:1.000 PX:486.600 PY:-40.000 LAN:4 BRK:0 RX_X:0.000 RX_Y:0.000 RX_Z:0.000
[ZONE-ROUTE] CID:3 zone=1 edge_port=9998
[EDGE-RTT] CID:3 wall=0.5 ms  sim_delay=5.0 ms
>>> [UAV->CLOUD] BLK:75f1|TX:7.0.0.7|CID:3|TS:23.050|SPD:24.5|HDG:1.0|PX:486.6|PY:-40.0|L...
[ECON-CLAWBACK] CID:3 ACT=WARN prior_payoff=-18.6 extra_penalty=3.5 new_payoff=-22.2
[FORGIVENESS] CID:3 WARN #11 — streak reset, benefits revoked
⚠ [CAR 3] ACT=WARN REP=0.332 RWD=0.000 PNL=3.598 CREDIT=-2
[PASSIVE-BEACON] SIMNOW:23.104 CID:4 ZONE:1 RXUAV:1 EDGEPORT:9998 TS:23.090 SPD:25.100 HDG:-0.600 PX:477.300 PY:-50.000 LAN:5 BRK:0 RX_X:0.000 RX_Y:0.000 RX_Z:0.000
[ZONE-ROUTE] CID:4 zone=1 edge_port=9998
[EDGE-RTT] CID:4 wall=1.1 ms  sim_delay=5.0 ms
>>> [UAV->CLOUD] BLK:baa8|TX:7.0.0.8|CID:4|TS:23.090|SPD:25.1|HDG:-0.6|PX:477.3|PY:-50.0|...
[PASSIVE-BEACON] SIMNOW:23.104 CID:2 ZONE:1 RXUAV:1 EDGEPORT:9998 TS:23.090 SPD:25.400 HDG:-1.500 PX:497.200 PY:-30.000 LAN:3 BRK:0 RX_X:0.000 RX_Y:0.000 RX_Z:0.000
[ZONE-ROUTE] CID:2 zone=1 edge_port=9998
[EDGE-RTT] CID:2 wall=2.3 ms  sim_delay=5.0 ms
>>> [UAV->CLOUD] BLK:e191|TX:7.0.0.6|CID:2|TS:23.090|SPD:25.4|HDG:-1.5|PX:497.2|PY:-30.0|...
[ECON-CLAWBACK] CID:4 ACT=WARN prior_payoff=-6.4 extra_penalty=2.5 new_payoff=-9.0
[FORGIVENESS] CID:4 WARN #7 — streak reset, benefits revoked
⚠ [CAR 4] ACT=WARN REP=0.863 RWD=0.000 PNL=2.601 CREDIT=-2
[ECON-CLAWBACK] CID:2 ACT=WARN prior_payoff=-30.354 extra_penalty=4.250 new_payoff=-34.706
[FORGIVENESS] CID:2 WARN #14 — streak reset, benefits revoked
⚠ [CAR 2] ACT=WARN REP=0.608 RWD=0.000 PNL=4.352 CREDIT=-2
[PASSIVE-BEACON] SIMNOW:23.126 CID:7 ZONE:1 RXUAV:1 EDGEPORT:9998 TS:23.112 SPD:24.800 HDG:-0.700 PX:518.600 PY:-30.000 LAN:3 BRK:0 RX_X:0.000 RX_Y:0.000 RX_Z:0.000
[ZONE-ROUTE] CID:7 zone=1 edge_port=9998
[EDGE-RTT] CID:7 wall=1.3 ms  sim_delay=5.0 ms
>>> [UAV->CLOUD] BLK:aa44|TX:7.0.0.11|CID:7|TS:23.112|SPD:24.8|HDG:-0.7|PX:518.6|PY:-30.0...
[ECON-CLAWBACK] CID:7 ACT=WARN prior_payoff=-34.7 extra_penalty=4.5 new_payoff=-39.3
[FORGIVENESS] CID:7 WARN #15 — streak reset, benefits revoked
⚠ [CAR 7] ACT=WARN REP=0.750 RWD=0.000 PNL=4.600 CREDIT=-2
[PASSIVE-BEACON] SIMNOW:23.294 CID:0 ZONE:1 RXUAV:1 EDGEPORT:9998 TS:23.280 SPD:25.200 HDG:-1.300 PX:522.600 PY:-10.000 LAN:1 BRK:0 RX_X:0.000 RX_Y:0.000 RX_Z:0.000
[ZONE-ROUTE] CID:0 zone=1 edge_port=9998
[EDGE-RTT] CID:0 wall=1.3 ms  sim_delay=5.0 ms
>>> [UAV->CLOUD] BLK:d4b4|TX:7.0.0.4|CID:0|TS:23.280|SPD:25.2|HDG:-1.3|PX:522.6|PY:-10.0|...
[ECON-CLAWBACK] CID:0 ACT=WARN prior_payoff=-79.0 extra_penalty=6.5 new_payoff=-85.6
[FORGIVENESS] CID:0 WARN #23 — streak reset, benefits revoked
⚠ [CAR 0] ACT=WARN REP=0.539 RWD=0.000 PNL=6.602 CREDIT=-2
[PASSIVE-BEACON] SIMNOW:23.314 CID:1 ZONE:1 RXUAV:1 EDGEPORT:9998 TS:23.300 SPD:24.500 HDG:-0.600 PX:512.800 PY:-20.000 LAN:2 BRK:0 RX_X:0.000 RX_Y:0.000 RX_Z:0.000
[ZONE-ROUTE] CID:1 zone=1 edge_port=9998
[EDGE-RTT] CID:1 wall=1.1 ms  sim_delay=5.0 ms
>>> [UAV->CLOUD] BLK:3489|TX:7.0.0.5|CID:1|TS:23.300|SPD:24.5|HDG:-0.6|PX:512.8|PY:-20.0|...
[ECON-CLAWBACK] CID:1 ACT=WARN prior_payoff=-49.5 extra_penalty=5.2 new_payoff=-54.9
[FORGIVENESS] CID:1 WARN #18 — streak reset, benefits revoked
⚠ [CAR 1] ACT=WARN REP=0.589 RWD=0.000 PNL=5.349 CREDIT=-2
[PASSIVE-BEACON] SIMNOW:23.376 CID:5 ZONE:1 RXUAV:1 EDGEPORT:9998 TS:23.362 SPD:25.100 HDG:-1.500 PX:543.900 PY:-10.000 LAN:1 BRK:0 RX_X:0.000 RX_Y:0.000 RX_Z:0.000
[ZONE-ROUTE] CID:5 zone=1 edge_port=9998
[EDGE-RTT] CID:5 wall=1.4 ms  sim_delay=5.0 ms
>>> [UAV->CLOUD] BLK:bd72|TX:7.0.0.9|CID:5|TS:23.362|SPD:25.1|HDG:-1.5|PX:543.9|PY:-10.0|...
[ECON-CLAWBACK] CID:5 ACT=WARN prior_payoff=-72.6 extra_penalty=6.2 new_payoff=-79.0
[FORGIVENESS] CID:5 WARN #22 — streak reset, benefits revoked
⚠ [CAR 5] ACT=WARN REP=0.681 RWD=0.000 PNL=6.352 CREDIT=-2
[PASSIVE-BEACON] SIMNOW:23.396 CID:6 ZONE:1 RXUAV:1 EDGEPORT:9998 TS:23.382 SPD:25.200 HDG:-0.600 PX:534.700 PY:-20.000 LAN:2 BRK:0 RX_X:0.000 RX_Y:0.000 RX_Z:0.000
[ZONE-ROUTE] CID:6 zone=1 edge_port=9998
[EDGE-RTT] CID:6 wall=1.3 ms  sim_delay=5.0 ms
>>> [UAV->CLOUD] BLK:4942|TX:7.0.0.10|CID:6|TS:23.382|SPD:25.2|HDG:-0.6|PX:534.7|PY:-20.0...
[ECON-CLAWBACK] CID:6 ACT=WARN prior_payoff=-55.0 extra_penalty=5.5 new_payoff=-60.6
[FORGIVENESS] CID:6 WARN #19 — streak reset, benefits revoked
⚠ [CAR 6] ACT=WARN REP=0.404 RWD=0.000 PNL=5.602 CREDIT=-2
[PASSIVE-BEACON] SIMNOW:23.426 CID:9 ZONE:1 RXUAV:1 EDGEPORT:9998 TS:23.412 SPD:24.700 HDG:1.900 PX:506.500 PY:-50.000 LAN:5 BRK:1 RX_X:0.000 RX_Y:0.000 RX_Z:0.000
[ZONE-ROUTE] CID:9 zone=1 edge_port=9998
[EDGE-RTT] CID:9 wall=0.7 ms  sim_delay=5.0 ms
>>> [UAV->CLOUD] BLK:9631|TX:7.0.0.13|CID:9|TS:23.412|SPD:24.7|HDG:1.9|PX:506.5|PY:-50.0|...
[ECON-CLAWBACK] CID:9 ACT=WARN prior_payoff=-9.1 extra_penalty=2.8 new_payoff=-11.9
[FORGIVENESS] CID:9 WARN #8 — streak reset, benefits revoked
⚠ [CAR 9] ACT=WARN REP=0.823 RWD=0.000 PNL=2.850 CREDIT=-2
[PASSIVE-BEACON] SIMNOW:23.504 CID:8 ZONE:1 RXUAV:1 EDGEPORT:9998 TS:23.492 SPD:25.400 HDG:-1.700 PX:518.500 PY:-40.000 LAN:4 BRK:0 RX_X:0.000 RX_Y:0.000 RX_Z:0.000
[ZONE-ROUTE] CID:8 zone=1 edge_port=9998
[EDGE-RTT] CID:8 wall=1.3 ms  sim_delay=5.0 ms
>>> [UAV->CLOUD] BLK:0643|TX:7.0.0.12|CID:8|TS:23.492|SPD:25.4|HDG:-1.7|PX:518.5|PY:-40.0...
[ECON-CLAWBACK] CID:8 ACT=WARN prior_payoff=-18.6 extra_penalty=3.5 new_payoff=-22.2
[FORGIVENESS] CID:8 WARN #11 — streak reset, benefits revoked
⚠ [CAR 8] ACT=WARN REP=0.704 RWD=0.000 PNL=3.602 CREDIT=-2
[PASSIVE-BEACON] SIMNOW:23.565 CID:3 ZONE:1 RXUAV:1 EDGEPORT:9998 TS:23.550 SPD:25.500 HDG:1.500 PX:499.700 PY:-40.000 LAN:4 BRK:0 RX_X:0.000 RX_Y:0.000 RX_Z:0.000
[ZONE-ROUTE] CID:3 zone=1 edge_port=9998
[EDGE-RTT] CID:3 wall=1.2 ms  sim_delay=5.0 ms
>>> [UAV->CLOUD] BLK:074e|TX:7.0.0.7|CID:3|TS:23.550|SPD:25.5|HDG:1.5|PX:499.7|PY:-40.0|L...
[ECON-CLAWBACK] CID:3 ACT=WARN prior_payoff=-22.2 extra_penalty=3.8 new_payoff=-26.1
[FORGIVENESS] CID:3 WARN #12 — streak reset, benefits revoked
⚠ [CAR 3] ACT=WARN REP=0.568 RWD=0.000 PNL=3.852 CREDIT=-2
[PASSIVE-BEACON] SIMNOW:23.604 CID:4 ZONE:1 RXUAV:1 EDGEPORT:9998 TS:23.590 SPD:24.700 HDG:0.600 PX:490.400 PY:-50.000 LAN:5 BRK:0 RX_X:0.000 RX_Y:0.000 RX_Z:0.000
[ZONE-ROUTE] CID:4 zone=1 edge_port=9998
[EDGE-RTT] CID:4 wall=1.5 ms  sim_delay=5.0 ms
>>> [UAV->CLOUD] BLK:ee7c|TX:7.0.0.8|CID:4|TS:23.590|SPD:24.7|HDG:0.6|PX:490.4|PY:-50.0|L...
[PASSIVE-BEACON] SIMNOW:23.604 CID:2 ZONE:1 RXUAV:1 EDGEPORT:9998 TS:23.590 SPD:25.400 HDG:1.400 PX:510.200 PY:-30.000 LAN:3 BRK:1 RX_X:0.000 RX_Y:0.000 RX_Z:0.000
[ZONE-ROUTE] CID:2 zone=1 edge_port=9998
[EDGE-RTT] CID:2 wall=1.3 ms  sim_delay=5.0 ms
>>> [UAV->CLOUD] BLK:7ca3|TX:7.0.0.6|CID:2|TS:23.590|SPD:25.4|HDG:1.4|PX:510.2|PY:-30.0|L...
[ECON-CLAWBACK] CID:2 ACT=WARN prior_payoff=-34.7 extra_penalty=4.5 new_payoff=-39.3
[FORGIVENESS] CID:2 WARN #15 — streak reset, benefits revoked
⚠ [CAR 2] ACT=WARN REP=0.556 RWD=0.000 PNL=4.602 CREDIT=-2
[ECON-CLAWBACK] CID:4 ACT=WARN prior_payoff=-9.017 extra_penalty=2.750 new_payoff=-11.867
[FORGIVENESS] CID:4 WARN #8 — streak reset, benefits revoked
⚠ [CAR 4] ACT=WARN REP=0.612 RWD=0.000 PNL=2.850 CREDIT=-2
[PASSIVE-BEACON] SIMNOW:23.626 CID:7 ZONE:1 RXUAV:1 EDGEPORT:9998 TS:23.612 SPD:24.700 HDG:0.600 PX:530.200 PY:-30.000 LAN:3 BRK:0 RX_X:0.000 RX_Y:0.000 RX_Z:0.000
[ZONE-ROUTE] CID:7 zone=1 edge_port=9998
[EDGE-RTT] CID:7 wall=1.3 ms  sim_delay=5.0 ms
>>> [UAV->CLOUD] BLK:8d0d|TX:7.0.0.11|CID:7|TS:23.612|SPD:24.7|HDG:0.6|PX:530.2|PY:-30.0|...
[ECON-CLAWBACK] CID:7 ACT=WARN prior_payoff=-39.3 extra_penalty=4.8 new_payoff=-44.2
[FORGIVENESS] CID:7 WARN #16 — streak reset, benefits revoked
⚠ [CAR 7] ACT=WARN REP=0.552 RWD=0.000 PNL=4.849 CREDIT=-2
[PASSIVE-BEACON] SIMNOW:23.794 CID:0 ZONE:1 RXUAV:1 EDGEPORT:9998 TS:23.780 SPD:14.900 HDG:1.500 PX:535.100 PY:-10.000 LAN:1 BRK:0 RX_X:0.000 RX_Y:0.000 RX_Z:0.000
[ZONE-ROUTE] CID:0 zone=1 edge_port=9998
[EDGE-RTT] CID:0 wall=1.3 ms  sim_delay=5.0 ms
>>> [UAV->CLOUD] BLK:a81a|TX:7.0.0.4|CID:0|TS:23.780|SPD:14.9|HDG:1.5|PX:535.1|PY:-10.0|L...
[ECON-GATE] CID:0 probation active - suppressing OK reward 1.0
✓ [CAR 0] ACT=OK REP=0.583 RWD=0.000 PNL=0.000 CREDIT=0
[PASSIVE-BEACON] SIMNOW:23.814 CID:1 ZONE:1 RXUAV:1 EDGEPORT:9998 TS:23.800 SPD:25.400 HDG:1.800 PX:525.400 PY:-20.000 LAN:2 BRK:1 RX_X:0.000 RX_Y:0.000 RX_Z:0.000
[ZONE-ROUTE] CID:1 zone=1 edge_port=9998
[EDGE-RTT] CID:1 wall=1.3 ms  sim_delay=5.0 ms
>>> [UAV->CLOUD] BLK:7137|TX:7.0.0.5|CID:1|TS:23.800|SPD:25.4|HDG:1.8|PX:525.4|PY:-20.0|L...
[ECON-CLAWBACK] CID:1 ACT=WARN prior_payoff=-54.9 extra_penalty=5.5 new_payoff=-60.5
[FORGIVENESS] CID:1 WARN #19 — streak reset, benefits revoked
⚠ [CAR 1] ACT=WARN REP=0.418 RWD=0.000 PNL=5.602 CREDIT=-2
[PASSIVE-BEACON] SIMNOW:23.876 CID:5 ZONE:1 RXUAV:1 EDGEPORT:9998 TS:23.862 SPD:15.400 HDG:-0.600 PX:556.800 PY:-10.000 LAN:1 BRK:0 RX_X:0.000 RX_Y:0.000 RX_Z:0.000
[ZONE-ROUTE] CID:5 zone=1 edge_port=9998
[EDGE-RTT] CID:5 wall=1.1 ms  sim_delay=5.0 ms
>>> [UAV->CLOUD] BLK:02d2|TX:7.0.0.9|CID:5|TS:23.862|SPD:15.4|HDG:-0.6|PX:556.8|PY:-10.0|...
[ECON-GATE] CID:5 probation active - suppressing OK reward 1.0
✓ [CAR 5] ACT=OK REP=0.421 RWD=0.000 PNL=0.000 CREDIT=0
[PASSIVE-BEACON] SIMNOW:23.896 CID:6 ZONE:1 RXUAV:1 EDGEPORT:9998 TS:23.882 SPD:25.100 HDG:-0.300 PX:548.300 PY:-20.000 LAN:2 BRK:0 RX_X:0.000 RX_Y:0.000 RX_Z:0.000
[ZONE-ROUTE] CID:6 zone=1 edge_port=9998
[EDGE-RTT] CID:6 wall=1.1 ms  sim_delay=5.0 ms
>>> [UAV->CLOUD] BLK:35a8|TX:7.0.0.10|CID:6|TS:23.882|SPD:25.1|HDG:-0.3|PX:548.3|PY:-20.0...
[ECON-CLAWBACK] CID:6 ACT=WARN prior_payoff=-60.6 extra_penalty=5.8 new_payoff=-66.4
[FORGIVENESS] CID:6 WARN #20 — streak reset, benefits revoked
⚠ [CAR 6] ACT=WARN REP=0.206 RWD=0.000 PNL=5.852 CREDIT=-2
[PASSIVE-BEACON] SIMNOW:23.927 CID:9 ZONE:1 RXUAV:1 EDGEPORT:9998 TS:23.912 SPD:25.200 HDG:0.700 PX:518.000 PY:-50.000 LAN:5 BRK:0 RX_X:0.000 RX_Y:0.000 RX_Z:0.000
[ZONE-ROUTE] CID:9 zone=1 edge_port=9998
[EDGE-RTT] CID:9 wall=1.3 ms  sim_delay=5.0 ms
>>> [UAV->CLOUD] BLK:d7d7|TX:7.0.0.13|CID:9|TS:23.912|SPD:25.2|HDG:0.7|PX:518.0|PY:-50.0|...
[ECON-CLAWBACK] CID:9 ACT=WARN prior_payoff=-11.9 extra_penalty=3.0 new_payoff=-15.0
[FORGIVENESS] CID:9 WARN #9 — streak reset, benefits revoked
⚠ [CAR 9] ACT=WARN REP=0.741 RWD=0.000 PNL=3.102 CREDIT=-2
[PASSIVE-BEACON] SIMNOW:24.006 CID:8 ZONE:1 RXUAV:1 EDGEPORT:9998 TS:23.992 SPD:25.000 HDG:1.000 PX:529.700 PY:-40.000 LAN:4 BRK:0 RX_X:0.000 RX_Y:0.000 RX_Z:0.000
[ZONE-ROUTE] CID:8 zone=1 edge_port=9998
[EDGE-RTT] CID:8 wall=1.4 ms  sim_delay=5.0 ms
>>> [UAV->CLOUD] BLK:0f85|TX:7.0.0.12|CID:8|TS:23.992|SPD:25.0|HDG:1.0|PX:529.7|PY:-40.0|...
[ECON-CLAWBACK] CID:8 ACT=WARN prior_payoff=-22.2 extra_penalty=3.8 new_payoff=-26.0
[FORGIVENESS] CID:8 WARN #12 — streak reset, benefits revoked
⚠ [CAR 8] ACT=WARN REP=0.719 RWD=0.000 PNL=3.852 CREDIT=-2
[PASSIVE-BEACON] SIMNOW:24.064 CID:3 ZONE:1 RXUAV:1 EDGEPORT:9998 TS:24.050 SPD:24.500 HDG:-1.400 PX:512.000 PY:-40.000 LAN:4 BRK:0 RX_X:0.000 RX_Y:0.000 RX_Z:0.000
[ZONE-ROUTE] CID:3 zone=1 edge_port=9998
[EDGE-RTT] CID:3 wall=1.2 ms  sim_delay=5.0 ms
>>> [UAV->CLOUD] BLK:af49|TX:7.0.0.7|CID:3|TS:24.050|SPD:24.5|HDG:-1.4|PX:512.0|PY:-40.0|...
[ECON-CLAWBACK] CID:3 ACT=WARN prior_payoff=-26.1 extra_penalty=4.0 new_payoff=-30.2
[FORGIVENESS] CID:3 WARN #13 — streak reset, benefits revoked
⚠ [CAR 3] ACT=WARN REP=0.584 RWD=0.000 PNL=4.099 CREDIT=-2
[PASSIVE-BEACON] SIMNOW:24.104 CID:4 ZONE:1 RXUAV:1 EDGEPORT:9998 TS:24.090 SPD:24.800 HDG:-0.100 PX:502.200 PY:-50.000 LAN:5 BRK:0 RX_X:0.000 RX_Y:0.000 RX_Z:0.000
[ZONE-ROUTE] CID:4 zone=1 edge_port=9998
[EDGE-RTT] CID:4 wall=1.2 ms  sim_delay=5.0 ms
>>> [UAV->CLOUD] BLK:a5fb|TX:7.0.0.8|CID:4|TS:24.090|SPD:24.8|HDG:-0.1|PX:502.2|PY:-50.0|...
[PASSIVE-BEACON] SIMNOW:24.104 CID:2 ZONE:1 RXUAV:1 EDGEPORT:9998 TS:24.090 SPD:24.700 HDG:0.800 PX:523.300 PY:-30.000 LAN:3 BRK:0 RX_X:0.000 RX_Y:0.000 RX_Z:0.000
[ZONE-ROUTE] CID:2 zone=1 edge_port=9998
[EDGE-RTT] CID:2 wall=2.2 ms  sim_delay=5.0 ms
>>> [UAV->CLOUD] BLK:089f|TX:7.0.0.6|CID:2|TS:24.090|SPD:24.7|HDG:0.8|PX:523.3|PY:-30.0|L...
[ECON-CLAWBACK] CID:4 ACT=WARN prior_payoff=-11.9 extra_penalty=3.0 new_payoff=-15.0
[FORGIVENESS] CID:4 WARN #9 — streak reset, benefits revoked
⚠ [CAR 4] ACT=WARN REP=0.852 RWD=0.000 PNL=3.101 CREDIT=-2
[ECON-CLAWBACK] CID:2 ACT=WARN prior_payoff=-39.308 extra_penalty=4.750 new_payoff=-44.158
[FORGIVENESS] CID:2 WARN #16 — streak reset, benefits revoked
⚠ [CAR 2] ACT=WARN REP=0.655 RWD=0.000 PNL=4.850 CREDIT=-2
[PASSIVE-BEACON] SIMNOW:24.126 CID:7 ZONE:1 RXUAV:1 EDGEPORT:9998 TS:24.112 SPD:25.400 HDG:0.100 PX:543.700 PY:-30.000 LAN:3 BRK:0 RX_X:0.000 RX_Y:0.000 RX_Z:0.000
[ZONE-ROUTE] CID:7 zone=1 edge_port=9998
[EDGE-RTT] CID:7 wall=1.3 ms  sim_delay=5.0 ms
>>> [UAV->CLOUD] BLK:bd79|TX:7.0.0.11|CID:7|TS:24.112|SPD:25.4|HDG:0.1|PX:543.7|PY:-30.0|...
[ECON-CLAWBACK] CID:7 ACT=WARN prior_payoff=-44.2 extra_penalty=5.0 new_payoff=-49.3
[FORGIVENESS] CID:7 WARN #17 — streak reset, benefits revoked
⚠ [CAR 7] ACT=WARN REP=0.628 RWD=0.000 PNL=5.102 CREDIT=-2
[PASSIVE-BEACON] SIMNOW:24.294 CID:0 ZONE:1 RXUAV:1 EDGEPORT:9998 TS:24.280 SPD:14.800 HDG:1.700 PX:542.800 PY:-10.000 LAN:1 BRK:0 RX_X:0.000 RX_Y:0.000 RX_Z:0.000
[ZONE-ROUTE] CID:0 zone=1 edge_port=9998
[EDGE-RTT] CID:0 wall=1.4 ms  sim_delay=5.0 ms
>>> [UAV->CLOUD] BLK:ab35|TX:7.0.0.4|CID:0|TS:24.280|SPD:14.8|HDG:1.7|PX:542.8|PY:-10.0|L...
[ECON-GATE] CID:0 probation active - suppressing OK reward 1.0
✓ [CAR 0] ACT=OK REP=0.625 RWD=0.000 PNL=0.000 CREDIT=1
[PASSIVE-BEACON] SIMNOW:24.314 CID:1 ZONE:1 RXUAV:1 EDGEPORT:9998 TS:24.300 SPD:25.200 HDG:-1.700 PX:538.400 PY:-20.000 LAN:2 BRK:0 RX_X:0.000 RX_Y:0.000 RX_Z:0.000
[ZONE-ROUTE] CID:1 zone=1 edge_port=9998
[EDGE-RTT] CID:1 wall=1.2 ms  sim_delay=5.0 ms
>>> [UAV->CLOUD] BLK:da86|TX:7.0.0.5|CID:1|TS:24.300|SPD:25.2|HDG:-1.7|PX:538.4|PY:-20.0|...
[ECON-CLAWBACK] CID:1 ACT=WARN prior_payoff=-60.5 extra_penalty=5.8 new_payoff=-66.3
[FORGIVENESS] CID:1 WARN #20 — streak reset, benefits revoked
⚠ [CAR 1] ACT=WARN REP=0.352 RWD=0.000 PNL=5.852 CREDIT=-2
[PASSIVE-BEACON] SIMNOW:24.376 CID:5 ZONE:1 RXUAV:1 EDGEPORT:9998 TS:24.362 SPD:14.800 HDG:-0.600 PX:564.100 PY:-10.000 LAN:1 BRK:1 RX_X:0.000 RX_Y:0.000 RX_Z:0.000
[ZONE-ROUTE] CID:5 zone=1 edge_port=9998
[EDGE-RTT] CID:5 wall=1.2 ms  sim_delay=5.0 ms
>>> [UAV->CLOUD] BLK:4949|TX:7.0.0.9|CID:5|TS:24.362|SPD:14.8|HDG:-0.6|PX:564.1|PY:-10.0|...
[ECON-GATE] CID:5 probation active - suppressing OK reward 1.0
✓ [CAR 5] ACT=OK REP=0.659 RWD=0.000 PNL=0.000 CREDIT=1
[PASSIVE-BEACON] SIMNOW:24.396 CID:6 ZONE:1 RXUAV:1 EDGEPORT:9998 TS:24.382 SPD:25.400 HDG:-0.500 PX:559.700 PY:-20.000 LAN:2 BRK:0 RX_X:0.000 RX_Y:0.000 RX_Z:0.000
[ZONE-ROUTE] CID:6 zone=1 edge_port=9998
[EDGE-RTT] CID:6 wall=1.3 ms  sim_delay=5.0 ms
>>> [UAV->CLOUD] BLK:ce10|TX:7.0.0.10|CID:6|TS:24.382|SPD:25.4|HDG:-0.5|PX:559.7|PY:-20.0...
[ECON-CLAWBACK] CID:6 ACT=WARN prior_payoff=-66.4 extra_penalty=6.0 new_payoff=-72.5
[FORGIVENESS] CID:6 WARN #21 — streak reset, benefits revoked
⚠ [CAR 6] ACT=WARN REP=0.283 RWD=0.000 PNL=6.102 CREDIT=-2
[PASSIVE-BEACON] SIMNOW:24.426 CID:9 ZONE:1 RXUAV:1 EDGEPORT:9998 TS:24.412 SPD:24.700 HDG:1.600 PX:531.300 PY:-50.000 LAN:5 BRK:1 RX_X:0.000 RX_Y:0.000 RX_Z:0.000
[ZONE-ROUTE] CID:9 zone=1 edge_port=9998
[EDGE-RTT] CID:9 wall=1.2 ms  sim_delay=5.0 ms
>>> [UAV->CLOUD] BLK:a9d9|TX:7.0.0.13|CID:9|TS:24.412|SPD:24.7|HDG:1.6|PX:531.3|PY:-50.0|...
[ECON-CLAWBACK] CID:9 ACT=WARN prior_payoff=-15.0 extra_penalty=3.2 new_payoff=-18.4
[FORGIVENESS] CID:9 WARN #10 — streak reset, benefits revoked
⚠ [CAR 9] ACT=WARN REP=0.922 RWD=0.000 PNL=3.350 CREDIT=-2
[PASSIVE-BEACON] SIMNOW:24.506 CID:8 ZONE:1 RXUAV:1 EDGEPORT:9998 TS:24.492 SPD:24.800 HDG:1.000 PX:543.100 PY:-40.000 LAN:4 BRK:0 RX_X:0.000 RX_Y:0.000 RX_Z:0.000
[ZONE-ROUTE] CID:8 zone=1 edge_port=9998
[EDGE-RTT] CID:8 wall=1.5 ms  sim_delay=5.0 ms
>>> [UAV->CLOUD] BLK:af6b|TX:7.0.0.12|CID:8|TS:24.492|SPD:24.8|HDG:1.0|PX:543.1|PY:-40.0|...
[ECON-CLAWBACK] CID:8 ACT=WARN prior_payoff=-26.0 extra_penalty=4.0 new_payoff=-30.1
[FORGIVENESS] CID:8 WARN #13 — streak reset, benefits revoked
⚠ [CAR 8] ACT=WARN REP=0.682 RWD=0.000 PNL=4.101 CREDIT=-2
[PASSIVE-BEACON] SIMNOW:24.565 CID:3 ZONE:1 RXUAV:1 EDGEPORT:9998 TS:24.550 SPD:24.500 HDG:1.200 PX:524.900 PY:-40.000 LAN:4 BRK:0 RX_X:0.000 RX_Y:0.000 RX_Z:0.000
[ZONE-ROUTE] CID:3 zone=1 edge_port=9998
[EDGE-RTT] CID:3 wall=1.2 ms  sim_delay=5.0 ms
>>> [UAV->CLOUD] BLK:39e7|TX:7.0.0.7|CID:3|TS:24.550|SPD:24.5|HDG:1.2|PX:524.9|PY:-40.0|L...
[ECON-CLAWBACK] CID:3 ACT=WARN prior_payoff=-30.2 extra_penalty=4.2 new_payoff=-34.5
[FORGIVENESS] CID:3 WARN #14 — streak reset, benefits revoked
⚠ [CAR 3] ACT=WARN REP=0.669 RWD=0.000 PNL=4.349 CREDIT=-2
[PASSIVE-BEACON] SIMNOW:24.602 CID:4 ZONE:1 RXUAV:1 EDGEPORT:9998 TS:24.590 SPD:25.400 HDG:0.800 PX:515.200 PY:-50.000 LAN:5 BRK:0 RX_X:0.000 RX_Y:0.000 RX_Z:0.000
[ZONE-ROUTE] CID:4 zone=1 edge_port=9998
[EDGE-RTT] CID:4 wall=1.3 ms  sim_delay=5.0 ms
>>> [UAV->CLOUD] BLK:8075|TX:7.0.0.8|CID:4|TS:24.590|SPD:25.4|HDG:0.8|PX:515.2|PY:-50.0|L...
[PASSIVE-BEACON] SIMNOW:24.602 CID:2 ZONE:1 RXUAV:1 EDGEPORT:9998 TS:24.590 SPD:24.800 HDG:-0.200 PX:535.400 PY:-30.000 LAN:3 BRK:0 RX_X:0.000 RX_Y:0.000 RX_Z:0.000
[ZONE-ROUTE] CID:2 zone=1 edge_port=9998
[EDGE-RTT] CID:2 wall=2.4 ms  sim_delay=5.0 ms
>>> [UAV->CLOUD] BLK:44e1|TX:7.0.0.6|CID:2|TS:24.590|SPD:24.8|HDG:-0.2|PX:535.4|PY:-30.0|...
[ECON-CLAWBACK] CID:4 ACT=WARN prior_payoff=-15.0 extra_penalty=3.2 new_payoff=-18.3
[FORGIVENESS] CID:4 WARN #10 — streak reset, benefits revoked
⚠ [CAR 4] ACT=WARN REP=0.648 RWD=0.000 PNL=3.352 CREDIT=-2
[ECON-CLAWBACK] CID:2 ACT=WARN prior_payoff=-44.158 extra_penalty=5.000 new_payoff=-49.259
[FORGIVENESS] CID:2 WARN #17 — streak reset, benefits revoked
⚠ [CAR 2] ACT=WARN REP=0.648 RWD=0.000 PNL=5.101 CREDIT=-2
[PASSIVE-BEACON] SIMNOW:24.624 CID:7 ZONE:1 RXUAV:1 EDGEPORT:9998 TS:24.612 SPD:25.000 HDG:-0.900 PX:556.500 PY:-30.000 LAN:3 BRK:0 RX_X:0.000 RX_Y:0.000 RX_Z:0.000
[ZONE-ROUTE] CID:7 zone=1 edge_port=9998
[EDGE-RTT] CID:7 wall=1.3 ms  sim_delay=5.0 ms
>>> [UAV->CLOUD] BLK:c2a3|TX:7.0.0.11|CID:7|TS:24.612|SPD:25.0|HDG:-0.9|PX:556.5|PY:-30.0...
[ECON-CLAWBACK] CID:7 ACT=WARN prior_payoff=-49.3 extra_penalty=5.2 new_payoff=-54.6
[FORGIVENESS] CID:7 WARN #18 — streak reset, benefits revoked
⚠ [CAR 7] ACT=WARN REP=0.599 RWD=0.000 PNL=5.351 CREDIT=-2
[PASSIVE-BEACON] SIMNOW:24.794 CID:0 ZONE:1 RXUAV:1 EDGEPORT:9998 TS:24.780 SPD:15.100 HDG:-0.400 PX:549.500 PY:-10.000 LAN:1 BRK:0 RX_X:0.000 RX_Y:0.000 RX_Z:0.000
[ZONE-ROUTE] CID:0 zone=1 edge_port=9998
[EDGE-RTT] CID:0 wall=1.3 ms  sim_delay=5.0 ms
>>> [UAV->CLOUD] BLK:e918|TX:7.0.0.4|CID:0|TS:24.780|SPD:15.1|HDG:-0.4|PX:549.5|PY:-10.0|...
[ECON-GATE] CID:0 probation active - suppressing OK reward 1.0
✓ [CAR 0] ACT=OK REP=0.256 RWD=0.000 PNL=0.000 CREDIT=2
[PASSIVE-BEACON] SIMNOW:24.814 CID:1 ZONE:1 RXUAV:1 EDGEPORT:9998 TS:24.800 SPD:24.700 HDG:-0.200 PX:550.700 PY:-20.000 LAN:2 BRK:0 RX_X:0.000 RX_Y:0.000 RX_Z:0.000
[ZONE-ROUTE] CID:1 zone=1 edge_port=9998
[EDGE-RTT] CID:1 wall=1.2 ms  sim_delay=5.0 ms
>>> [UAV->CLOUD] BLK:19a9|TX:7.0.0.5|CID:1|TS:24.800|SPD:24.7|HDG:-0.2|PX:550.7|PY:-20.0|...
[ECON-CLAWBACK] CID:1 ACT=WARN prior_payoff=-66.3 extra_penalty=6.0 new_payoff=-72.4
[FORGIVENESS] CID:1 WARN #21 — streak reset, benefits revoked
⚠ [CAR 1] ACT=WARN REP=0.292 RWD=0.000 PNL=6.100 CREDIT=-2
[PASSIVE-BEACON] SIMNOW:24.876 CID:5 ZONE:1 RXUAV:1 EDGEPORT:9998 TS:24.862 SPD:15.000 HDG:1.800 PX:571.300 PY:-10.000 LAN:1 BRK:0 RX_X:0.000 RX_Y:0.000 RX_Z:0.000
[ZONE-ROUTE] CID:5 zone=1 edge_port=9998
[EDGE-RTT] CID:5 wall=1.3 ms  sim_delay=5.0 ms
>>> [UAV->CLOUD] BLK:4af4|TX:7.0.0.9|CID:5|TS:24.862|SPD:15.0|HDG:1.8|PX:571.3|PY:-10.0|L...
[ECON-GATE] CID:5 probation active - suppressing OK reward 1.0
✓ [CAR 5] ACT=OK REP=0.729 RWD=0.000 PNL=0.000 CREDIT=2
[PASSIVE-BEACON] SIMNOW:24.896 CID:6 ZONE:1 RXUAV:1 EDGEPORT:9998 TS:24.882 SPD:24.900 HDG:-1.500 PX:572.000 PY:-20.000 LAN:2 BRK:0 RX_X:0.000 RX_Y:0.000 RX_Z:0.000
[ZONE-ROUTE] CID:6 zone=1 edge_port=9998
[EDGE-RTT] CID:6 wall=1.2 ms  sim_delay=5.0 ms
>>> [UAV->CLOUD] BLK:d109|TX:7.0.0.10|CID:6|TS:24.882|SPD:24.9|HDG:-1.5|PX:572.0|PY:-20.0...
[ECON-CLAWBACK] CID:6 ACT=WARN prior_payoff=-72.5 extra_penalty=6.2 new_payoff=-78.9
[FORGIVENESS] CID:6 WARN #22 — streak reset, benefits revoked
⚠ [CAR 6] ACT=WARN REP=0.311 RWD=0.000 PNL=6.351 CREDIT=-2
[PASSIVE-BEACON] SIMNOW:24.927 CID:9 ZONE:1 RXUAV:1 EDGEPORT:9998 TS:24.912 SPD:25.000 HDG:-0.300 PX:543.500 PY:-50.000 LAN:5 BRK:1 RX_X:0.000 RX_Y:0.000 RX_Z:0.000
[ZONE-ROUTE] CID:9 zone=1 edge_port=9998
[EDGE-RTT] CID:9 wall=1.4 ms  sim_delay=5.0 ms
>>> [UAV->CLOUD] BLK:3b55|TX:7.0.0.13|CID:9|TS:24.912|SPD:25.0|HDG:-0.3|PX:543.5|PY:-50.0...
[ECON-CLAWBACK] CID:9 ACT=WARN prior_payoff=-18.4 extra_penalty=3.5 new_payoff=-22.0
[FORGIVENESS] CID:9 WARN #11 — streak reset, benefits revoked
⚠ [CAR 9] ACT=WARN REP=0.966 RWD=0.000 PNL=3.601 CREDIT=-2
[LATE-ATTACK] CID:0 POSITION-FLIP at t=25.0s posX=553.2m distToExit=346.8m (threshold=360.0m)
[PASSIVE-BEACON] SIMNOW:25.005 CID:8 ZONE:1 RXUAV:1 EDGEPORT:9998 TS:24.992 SPD:24.700 HDG:1.000 PX:555.400 PY:-40.000 LAN:4 BRK:0 RX_X:0.000 RX_Y:0.000 RX_Z:0.000
[ZONE-ROUTE] CID:8 zone=1 edge_port=9998
[EDGE-RTT] CID:8 wall=1.5 ms  sim_delay=5.0 ms
>>> [UAV->CLOUD] BLK:cba6|TX:7.0.0.12|CID:8|TS:24.992|SPD:24.7|HDG:1.0|PX:555.4|PY:-40.0|...
[ECON-CLAWBACK] CID:8 ACT=WARN prior_payoff=-30.1 extra_penalty=4.2 new_payoff=-34.5
[FORGIVENESS] CID:8 WARN #14 — streak reset, benefits revoked
⚠ [CAR 8] ACT=WARN REP=0.882 RWD=0.000 PNL=4.350 CREDIT=-2
[PASSIVE-BEACON] SIMNOW:25.064 CID:3 ZONE:1 RXUAV:1 EDGEPORT:9998 TS:25.050 SPD:25.000 HDG:-0.200 PX:537.100 PY:-40.000 LAN:4 BRK:0 RX_X:0.000 RX_Y:0.000 RX_Z:0.000
[ZONE-ROUTE] CID:3 zone=1 edge_port=9998
[EDGE-RTT] CID:3 wall=1.4 ms  sim_delay=5.0 ms
>>> [UAV->CLOUD] BLK:f156|TX:7.0.0.7|CID:3|TS:25.050|SPD:25.0|HDG:-0.2|PX:537.1|PY:-40.0|...
[ECON-CLAWBACK] CID:3 ACT=WARN prior_payoff=-34.5 extra_penalty=4.5 new_payoff=-39.1
[FORGIVENESS] CID:3 WARN #15 — streak reset, benefits revoked
⚠ [CAR 3] ACT=WARN REP=0.349 RWD=0.000 PNL=4.601 CREDIT=-2
[PASSIVE-BEACON] SIMNOW:25.104 CID:4 ZONE:1 RXUAV:1 EDGEPORT:9998 TS:25.090 SPD:25.200 HDG:0.600 PX:528.400 PY:-50.000 LAN:5 BRK:0 RX_X:0.000 RX_Y:0.000 RX_Z:0.000
[ZONE-ROUTE] CID:4 zone=1 edge_port=9998
[EDGE-RTT] CID:4 wall=1.3 ms  sim_delay=5.0 ms
>>> [UAV->CLOUD] BLK:d344|TX:7.0.0.8|CID:4|TS:25.090|SPD:25.2|HDG:0.6|PX:528.4|PY:-50.0|L...
[PASSIVE-BEACON] SIMNOW:25.104 CID:2 ZONE:1 RXUAV:1 EDGEPORT:9998 TS:25.090 SPD:25.400 HDG:1.100 PX:548.400 PY:-30.000 LAN:3 BRK:0 RX_X:0.000 RX_Y:0.000 RX_Z:0.000
[ZONE-ROUTE] CID:2 zone=1 edge_port=9998
[EDGE-RTT] CID:2 wall=2.3 ms  sim_delay=5.0 ms
>>> [UAV->CLOUD] BLK:e76b|TX:7.0.0.6|CID:2|TS:25.090|SPD:25.4|HDG:1.1|PX:548.4|PY:-30.0|L...
[ATTACK-EMIT] CID:7 activeWindow=YES falsified=YES simT=25.112 realPX=568.400 fakePX=568.400 realSPD=25.000 fakeSPD=20.000 realTS=25.112 fakeTS=25.112 lane=3
[ECON-CLAWBACK] CID:4 ACT=WARN prior_payoff=-18.320 extra_penalty=3.500 new_payoff=-21.922
[FORGIVENESS] CID:4 WARN #11 — streak reset, benefits revoked
⚠ [CAR 4] ACT=WARN REP=0.619 RWD=0.000 PNL=3.602 CREDIT=-2
[ECON-CLAWBACK] CID:2 ACT=WARN prior_payoff=-49.259 extra_penalty=5.250 new_payoff=-54.611
[FORGIVENESS] CID:2 WARN #18 — streak reset, benefits revoked
⚠ [CAR 2] ACT=WARN REP=0.764 RWD=0.000 PNL=5.352 CREDIT=-2
[PASSIVE-BEACON] SIMNOW:25.126 CID:7 ZONE:1 RXUAV:1 EDGEPORT:9998 TS:25.112 SPD:20.000 HDG:0.000 PX:568.400 PY:-30.000 LAN:3 BRK:0 RX_X:0.000 RX_Y:0.000 RX_Z:0.000
[ZONE-ROUTE] CID:7 zone=1 edge_port=9998
[EDGE-RTT] CID:7 wall=1.2 ms  sim_delay=5.0 ms
>>> [UAV->CLOUD] BLK:3701|TX:7.0.0.11|CID:7|TS:25.112|SPD:20.0|HDG:0.0|PX:568.4|PY:-30.0|...
[ECON-GATE] CID:7 probation active - suppressing OK reward 1.0
✓ [CAR 7] ACT=OK REP=0.249 RWD=0.000 PNL=0.000 CREDIT=0
[PASSIVE-BEACON] SIMNOW:25.294 CID:0 ZONE:1 RXUAV:1 EDGEPORT:9998 TS:25.280 SPD:14.800 HDG:1.400 PX:557.500 PY:-10.000 LAN:1 BRK:0 RX_X:0.000 RX_Y:0.000 RX_Z:0.000
[ZONE-ROUTE] CID:0 zone=1 edge_port=9998
[EDGE-RTT] CID:0 wall=1.3 ms  sim_delay=5.0 ms
>>> [UAV->CLOUD] BLK:4e3d|TX:7.0.0.4|CID:0|TS:25.280|SPD:14.8|HDG:1.4|PX:557.5|PY:-10.0|L...
[ECON-GATE] CID:0 probation active - suppressing OK reward 1.0
✓ [CAR 0] ACT=OK REP=0.389 RWD=0.000 PNL=0.000 CREDIT=3
[PASSIVE-BEACON] SIMNOW:25.314 CID:1 ZONE:1 RXUAV:1 EDGEPORT:9998 TS:25.300 SPD:25.500 HDG:0.200 PX:563.500 PY:-20.000 LAN:2 BRK:1 RX_X:0.000 RX_Y:0.000 RX_Z:0.000
[ZONE-ROUTE] CID:1 zone=1 edge_port=9998
[EDGE-RTT] CID:1 wall=1.3 ms  sim_delay=5.0 ms
>>> [UAV->CLOUD] BLK:323e|TX:7.0.0.5|CID:1|TS:25.300|SPD:25.5|HDG:0.2|PX:563.5|PY:-20.0|L...
[ECON-CLAWBACK] CID:1 ACT=WARN prior_payoff=-72.4 extra_penalty=6.2 new_payoff=-78.8
[FORGIVENESS] CID:1 WARN #22 — streak reset, benefits revoked
⚠ [CAR 1] ACT=WARN REP=0.388 RWD=0.000 PNL=6.352 CREDIT=-2
[PASSIVE-BEACON] SIMNOW:25.376 CID:5 ZONE:1 RXUAV:1 EDGEPORT:9998 TS:25.362 SPD:14.700 HDG:-1.900 PX:579.300 PY:-10.000 LAN:1 BRK:0 RX_X:0.000 RX_Y:0.000 RX_Z:0.000
[ZONE-ROUTE] CID:5 zone=1 edge_port=9998
[EDGE-RTT] CID:5 wall=0.9 ms  sim_delay=5.0 ms
>>> [UAV->CLOUD] BLK:0d1f|TX:7.0.0.9|CID:5|TS:25.362|SPD:14.7|HDG:-1.9|PX:579.3|PY:-10.0|...
[ECON-GATE] CID:5 probation active - suppressing OK reward 1.0
✓ [CAR 5] ACT=OK REP=0.498 RWD=0.000 PNL=0.000 CREDIT=3
[PASSIVE-BEACON] SIMNOW:25.396 CID:6 ZONE:1 RXUAV:1 EDGEPORT:9998 TS:25.382 SPD:25.300 HDG:-1.200 PX:584.700 PY:-20.000 LAN:2 BRK:0 RX_X:0.000 RX_Y:0.000 RX_Z:0.000
[ZONE-ROUTE] CID:6 zone=1 edge_port=9998
[EDGE-RTT] CID:6 wall=1.2 ms  sim_delay=5.0 ms
>>> [UAV->CLOUD] BLK:ed77|TX:7.0.0.10|CID:6|TS:25.382|SPD:25.3|HDG:-1.2|PX:584.7|PY:-20.0...
[ECON-CLAWBACK] CID:6 ACT=WARN prior_payoff=-78.9 extra_penalty=6.5 new_payoff=-85.5
[FORGIVENESS] CID:6 WARN #23 — streak reset, benefits revoked
⚠ [CAR 6] ACT=WARN REP=0.401 RWD=0.000 PNL=6.602 CREDIT=-2
[PKT-DROP] UAV dropped telemetry from 7.0.0.13 (drop_rate=1%)
[PASSIVE-BEACON] SIMNOW:25.506 CID:8 ZONE:1 RXUAV:1 EDGEPORT:9998 TS:25.492 SPD:24.700 HDG:1.500 PX:567.400 PY:-40.000 LAN:4 BRK:0 RX_X:0.000 RX_Y:0.000 RX_Z:0.000
[ZONE-ROUTE] CID:8 zone=1 edge_port=9998
[EDGE-RTT] CID:8 wall=1.2 ms  sim_delay=5.0 ms
>>> [UAV->CLOUD] BLK:119e|TX:7.0.0.12|CID:8|TS:25.492|SPD:24.7|HDG:1.5|PX:567.4|PY:-40.0|...
[ECON-CLAWBACK] CID:8 ACT=WARN prior_payoff=-34.5 extra_penalty=4.5 new_payoff=-39.1
[FORGIVENESS] CID:8 WARN #15 — streak reset, benefits revoked
⚠ [CAR 8] ACT=WARN REP=0.556 RWD=0.000 PNL=4.600 CREDIT=-2
[PASSIVE-BEACON] SIMNOW:25.565 CID:3 ZONE:1 RXUAV:1 EDGEPORT:9998 TS:25.550 SPD:24.800 HDG:-1.100 PX:549.000 PY:-40.000 LAN:4 BRK:1 RX_X:0.000 RX_Y:0.000 RX_Z:0.000
[ZONE-ROUTE] CID:3 zone=1 edge_port=9998
[EDGE-RTT] CID:3 wall=1.2 ms  sim_delay=5.0 ms
>>> [UAV->CLOUD] BLK:0aca|TX:7.0.0.7|CID:3|TS:25.550|SPD:24.8|HDG:-1.1|PX:549.0|PY:-40.0|...
[ECON-CLAWBACK] CID:3 ACT=WARN prior_payoff=-39.1 extra_penalty=4.8 new_payoff=-44.0
[FORGIVENESS] CID:3 WARN #16 — streak reset, benefits revoked
⚠ [CAR 3] ACT=WARN REP=0.570 RWD=0.000 PNL=4.850 CREDIT=-2
[ATTACK-EMIT] CID:2 activeWindow=YES falsified=YES simT=25.590 realPX=560.350 fakePX=560.350 realSPD=25.000 fakeSPD=20.000 realTS=25.590 fakeTS=25.590 lane=3
[PASSIVE-BEACON] SIMNOW:25.604 CID:4 ZONE:1 RXUAV:1 EDGEPORT:9998 TS:25.590 SPD:25.200 HDG:1.200 PX:540.400 PY:-50.000 LAN:5 BRK:0 RX_X:0.000 RX_Y:0.000 RX_Z:0.000
[ZONE-ROUTE] CID:4 zone=1 edge_port=9998
[EDGE-RTT] CID:4 wall=1.0 ms  sim_delay=5.0 ms
>>> [UAV->CLOUD] BLK:0c97|TX:7.0.0.8|CID:4|TS:25.590|SPD:25.2|HDG:1.2|PX:540.4|PY:-50.0|L...
[PASSIVE-BEACON] SIMNOW:25.604 CID:2 ZONE:1 RXUAV:1 EDGEPORT:9998 TS:25.590 SPD:20.000 HDG:0.000 PX:560.400 PY:-30.000 LAN:3 BRK:0 RX_X:0.000 RX_Y:0.000 RX_Z:0.000
[ZONE-ROUTE] CID:2 zone=1 edge_port=9998
[EDGE-RTT] CID:2 wall=1.8 ms  sim_delay=5.0 ms
>>> [UAV->CLOUD] BLK:12cf|TX:7.0.0.6|CID:2|TS:25.590|SPD:20.0|HDG:0.0|PX:560.4|PY:-30.0|L...
[ATTACK-EMIT] CID:7 activeWindow=YES falsified=YES simT=25.612 realPX=580.900 fakePX=580.900 realSPD=25.000 fakeSPD=20.000 realTS=25.612 fakeTS=25.612 lane=3
[ECON-GATE] CID:2 probation active - suppressing OK reward 0.985
✓ [CAR 2] ACT=OK REP=0.634 RWD=0.000 PNL=0.000 CREDIT=0
[ECON-CLAWBACK] CID:4 ACT=WARN prior_payoff=-21.922 extra_penalty=3.750 new_payoff=-25.774
[FORGIVENESS] CID:4 WARN #12 — streak reset, benefits revoked
⚠ [CAR 4] ACT=WARN REP=0.545 RWD=0.000 PNL=3.852 CREDIT=-2
[PASSIVE-BEACON] SIMNOW:25.626 CID:7 ZONE:1 RXUAV:1 EDGEPORT:9998 TS:25.612 SPD:20.000 HDG:0.000 PX:580.900 PY:-30.000 LAN:3 BRK:0 RX_X:0.000 RX_Y:0.000 RX_Z:0.000
[ZONE-ROUTE] CID:7 zone=1 edge_port=9998
[EDGE-RTT] CID:7 wall=1.3 ms  sim_delay=5.0 ms
>>> [UAV->CLOUD] BLK:258b|TX:7.0.0.11|CID:7|TS:25.612|SPD:20.0|HDG:0.0|PX:580.9|PY:-30.0|...
[ECON-GATE] CID:7 probation active - suppressing OK reward 1.0
✓ [CAR 7] ACT=OK REP=0.568 RWD=0.000 PNL=0.000 CREDIT=1
[ATTACK-EMIT] CID:0 activeWindow=YES falsified=YES simT=25.780 realPX=564.900 fakePX=564.900 realSPD=15.000 fakeSPD=20.000 realTS=25.780 fakeTS=25.780 lane=1
[PASSIVE-BEACON] SIMNOW:25.794 CID:0 ZONE:1 RXUAV:1 EDGEPORT:9998 TS:25.780 SPD:20.000 HDG:0.000 PX:564.900 PY:-10.000 LAN:1 BRK:0 RX_X:0.000 RX_Y:0.000 RX_Z:0.000
[ZONE-ROUTE] CID:0 zone=1 edge_port=9998
[EDGE-RTT] CID:0 wall=1.2 ms  sim_delay=5.0 ms
>>> [UAV->CLOUD] BLK:e0f6|TX:7.0.0.4|CID:0|TS:25.780|SPD:20.0|HDG:0.0|PX:564.9|PY:-10.0|L...
[ECON-GATE] CID:0 probation active - suppressing OK reward 1.0
✓ [CAR 0] ACT=OK REP=0.415 RWD=0.000 PNL=0.000 CREDIT=4
[PASSIVE-BEACON] SIMNOW:25.814 CID:1 ZONE:1 RXUAV:1 EDGEPORT:9998 TS:25.800 SPD:14.800 HDG:0.500 PX:574.800 PY:-20.000 LAN:2 BRK:0 RX_X:0.000 RX_Y:0.000 RX_Z:0.000
[ZONE-ROUTE] CID:1 zone=1 edge_port=9998
[EDGE-RTT] CID:1 wall=1.2 ms  sim_delay=5.0 ms
>>> [UAV->CLOUD] BLK:9ba7|TX:7.0.0.5|CID:1|TS:25.800|SPD:14.8|HDG:0.5|PX:574.8|PY:-20.0|L...
[ECON-GATE] CID:1 probation active - suppressing OK reward 1.0
✓ [CAR 1] ACT=OK REP=0.317 RWD=0.000 PNL=0.000 CREDIT=0
[PASSIVE-BEACON] SIMNOW:25.876 CID:5 ZONE:1 RXUAV:1 EDGEPORT:9998 TS:25.862 SPD:15.100 HDG:-0.500 PX:585.700 PY:-10.000 LAN:1 BRK:0 RX_X:0.000 RX_Y:0.000 RX_Z:0.000
[ZONE-ROUTE] CID:5 zone=1 edge_port=9998
[EDGE-RTT] CID:5 wall=1.3 ms  sim_delay=5.0 ms
>>> [UAV->CLOUD] BLK:08c9|TX:7.0.0.9|CID:5|TS:25.862|SPD:15.1|HDG:-0.5|PX:585.7|PY:-10.0|...
[ECON-GATE] CID:5 probation active - suppressing OK reward 1.0
✓ [CAR 5] ACT=OK REP=0.521 RWD=0.000 PNL=0.000 CREDIT=4
[PASSIVE-BEACON] SIMNOW:25.896 CID:6 ZONE:1 RXUAV:1 EDGEPORT:9998 TS:25.882 SPD:14.700 HDG:-1.500 PX:597.000 PY:-20.000 LAN:2 BRK:0 RX_X:0.000 RX_Y:0.000 RX_Z:0.000
[ZONE-ROUTE] CID:6 zone=1 edge_port=9998
[EDGE-RTT] CID:6 wall=1.2 ms  sim_delay=5.0 ms
>>> [UAV->CLOUD] BLK:fbea|TX:7.0.0.10|CID:6|TS:25.882|SPD:14.7|HDG:-1.5|PX:597.0|PY:-20.0...
[ECON-GATE] CID:6 probation active - suppressing OK reward 1.0
✓ [CAR 6] ACT=OK REP=0.528 RWD=0.000 PNL=0.000 CREDIT=0
[PASSIVE-BEACON] SIMNOW:25.927 CID:9 ZONE:1 RXUAV:1 EDGEPORT:9998 TS:25.912 SPD:25.500 HDG:0.700 PX:569.000 PY:-50.000 LAN:5 BRK:0 RX_X:0.000 RX_Y:0.000 RX_Z:0.000
[ZONE-ROUTE] CID:9 zone=1 edge_port=9998
[EDGE-RTT] CID:9 wall=1.3 ms  sim_delay=5.0 ms
>>> [UAV->CLOUD] BLK:86c2|TX:7.0.0.13|CID:9|TS:25.912|SPD:25.5|HDG:0.7|PX:569.0|PY:-50.0|...
[ECON-CLAWBACK] CID:9 ACT=WARN prior_payoff=-22.0 extra_penalty=3.8 new_payoff=-25.8
[FORGIVENESS] CID:9 WARN #12 — streak reset, benefits revoked
⚠ [CAR 9] ACT=WARN REP=0.812 RWD=0.000 PNL=3.852 CREDIT=-2
[PASSIVE-BEACON] SIMNOW:26.006 CID:8 ZONE:1 RXUAV:1 EDGEPORT:9998 TS:25.992 SPD:24.600 HDG:-1.900 PX:579.900 PY:-40.000 LAN:4 BRK:0 RX_X:0.000 RX_Y:0.000 RX_Z:0.000
[ZONE-ROUTE] CID:8 zone=1 edge_port=9998
[EDGE-RTT] CID:8 wall=1.1 ms  sim_delay=5.0 ms
>>> [UAV->CLOUD] BLK:6b7a|TX:7.0.0.12|CID:8|TS:25.992|SPD:24.6|HDG:-1.9|PX:579.9|PY:-40.0...
[ECON-CLAWBACK] CID:8 ACT=WARN prior_payoff=-39.1 extra_penalty=4.8 new_payoff=-43.9
[FORGIVENESS] CID:8 WARN #16 — streak reset, benefits revoked
⚠ [CAR 8] ACT=WARN REP=0.626 RWD=0.000 PNL=4.849 CREDIT=-2
[PASSIVE-BEACON] SIMNOW:26.064 CID:3 ZONE:1 RXUAV:1 EDGEPORT:9998 TS:26.050 SPD:24.500 HDG:1.500 PX:561.900 PY:-40.000 LAN:4 BRK:1 RX_X:0.000 RX_Y:0.000 RX_Z:0.000
[ZONE-ROUTE] CID:3 zone=1 edge_port=9998
[EDGE-RTT] CID:3 wall=1.0 ms  sim_delay=5.0 ms
>>> [UAV->CLOUD] BLK:e804|TX:7.0.0.7|CID:3|TS:26.050|SPD:24.5|HDG:1.5|PX:561.9|PY:-40.0|L...
[ECON-CLAWBACK] CID:3 ACT=WARN prior_payoff=-44.0 extra_penalty=5.0 new_payoff=-49.1
[FORGIVENESS] CID:3 WARN #17 — streak reset, benefits revoked
⚠ [CAR 3] ACT=WARN REP=0.735 RWD=0.000 PNL=5.098 CREDIT=-2
[ATTACK-EMIT] CID:2 activeWindow=YES falsified=YES simT=26.090 realPX=572.850 fakePX=572.850 realSPD=25.000 fakeSPD=20.000 realTS=26.090 fakeTS=26.090 lane=3
[PASSIVE-BEACON] SIMNOW:26.103 CID:4 ZONE:1 RXUAV:1 EDGEPORT:9998 TS:26.090 SPD:25.000 HDG:0.500 PX:552.500 PY:-50.000 LAN:5 BRK:0 RX_X:0.000 RX_Y:0.000 RX_Z:0.000
[ZONE-ROUTE] CID:4 zone=1 edge_port=9998
[EDGE-RTT] CID:4 wall=1.1 ms  sim_delay=5.0 ms
>>> [UAV->CLOUD] BLK:5a22|TX:7.0.0.8|CID:4|TS:26.090|SPD:25.0|HDG:0.5|PX:552.5|PY:-50.0|L...
[PASSIVE-BEACON] SIMNOW:26.103 CID:2 ZONE:1 RXUAV:1 EDGEPORT:9998 TS:26.090 SPD:20.000 HDG:0.000 PX:572.900 PY:-30.000 LAN:3 BRK:0 RX_X:0.000 RX_Y:0.000 RX_Z:0.000
[ZONE-ROUTE] CID:2 zone=1 edge_port=9998
[EDGE-RTT] CID:2 wall=2.6 ms  sim_delay=5.0 ms
>>> [UAV->CLOUD] BLK:9581|TX:7.0.0.6|CID:2|TS:26.090|SPD:20.0|HDG:0.0|PX:572.9|PY:-30.0|L...
[ATTACK-EMIT] CID:7 activeWindow=YES falsified=YES simT=26.112 realPX=593.400 fakePX=568.328 realSPD=25.000 fakeSPD=20.000 realTS=26.112 fakeTS=25.612 lane=3
[ECON-CLAWBACK] CID:4 ACT=WARN prior_payoff=-25.774 extra_penalty=4.000 new_payoff=-29.876
[FORGIVENESS] CID:4 WARN #13 — streak reset, benefits revoked
⚠ [CAR 4] ACT=WARN REP=0.786 RWD=0.000 PNL=4.102 CREDIT=-2
[ECON-GATE] CID:2 probation active - suppressing OK reward 0.994
✓ [CAR 2] ACT=OK REP=0.415 RWD=0.000 PNL=0.000 CREDIT=1
[PASSIVE-BEACON] SIMNOW:26.125 CID:7 ZONE:1 RXUAV:1 EDGEPORT:9998 TS:25.612 SPD:20.000 HDG:0.000 PX:568.300 PY:-30.000 LAN:3 BRK:0 RX_X:0.000 RX_Y:0.000 RX_Z:0.000
[ZONE-ROUTE] CID:7 zone=1 edge_port=9998
[EDGE-RTT] CID:7 wall=1.1 ms  sim_delay=5.0 ms
>>> [UAV->CLOUD] BLK:08d2|TX:7.0.0.11|CID:7|TS:25.612|SPD:20.0|HDG:0.0|PX:568.3|PY:-30.0|...
[ECON-GATE] CID:7 probation active - suppressing OK reward 0.9
✓ [CAR 7] ACT=OK REP=0.655 RWD=0.000 PNL=0.000 CREDIT=2
[ATTACK-EMIT] CID:0 activeWindow=YES falsified=YES simT=26.280 realPX=572.400 fakePX=572.400 realSPD=15.000 fakeSPD=20.000 realTS=26.280 fakeTS=26.280 lane=1
[PASSIVE-BEACON] SIMNOW:26.294 CID:0 ZONE:1 RXUAV:1 EDGEPORT:9998 TS:26.280 SPD:20.000 HDG:0.000 PX:572.400 PY:-10.000 LAN:1 BRK:0 RX_X:0.000 RX_Y:0.000 RX_Z:0.000
[ZONE-ROUTE] CID:0 zone=1 edge_port=9998
[EDGE-RTT] CID:0 wall=1.2 ms  sim_delay=5.0 ms
>>> [UAV->CLOUD] BLK:6444|TX:7.0.0.4|CID:0|TS:26.280|SPD:20.0|HDG:0.0|PX:572.4|PY:-10.0|L...
[ECON-GATE] CID:0 probation active - suppressing OK reward 1.0
✓ [CAR 0] ACT=OK REP=0.838 RWD=0.000 PNL=0.000 CREDIT=5
[PASSIVE-BEACON] SIMNOW:26.314 CID:1 ZONE:1 RXUAV:1 EDGEPORT:9998 TS:26.300 SPD:15.200 HDG:-0.100 PX:583.400 PY:-20.000 LAN:2 BRK:0 RX_X:0.000 RX_Y:0.000 RX_Z:0.000
[ZONE-ROUTE] CID:1 zone=1 edge_port=9998
[EDGE-RTT] CID:1 wall=1.0 ms  sim_delay=5.0 ms
>>> [UAV->CLOUD] BLK:b4ac|TX:7.0.0.5|CID:1|TS:26.300|SPD:15.2|HDG:-0.1|PX:583.4|PY:-20.0|...
[ECON-GATE] CID:1 probation active - suppressing OK reward 1.0
✓ [CAR 1] ACT=OK REP=0.402 RWD=0.000 PNL=0.000 CREDIT=1
[PASSIVE-BEACON] SIMNOW:26.376 CID:5 ZONE:1 RXUAV:1 EDGEPORT:9998 TS:26.362 SPD:15.200 HDG:1.900 PX:593.900 PY:-10.000 LAN:1 BRK:0 RX_X:0.000 RX_Y:0.000 RX_Z:0.000
[ZONE-ROUTE] CID:5 zone=1 edge_port=9998
[EDGE-RTT] CID:5 wall=1.1 ms  sim_delay=5.0 ms
>>> [UAV->CLOUD] BLK:3771|TX:7.0.0.9|CID:5|TS:26.362|SPD:15.2|HDG:1.9|PX:593.9|PY:-10.0|L...
[ECON-GATE] CID:5 probation active - suppressing OK reward 1.0
✓ [CAR 5] ACT=OK REP=0.582 RWD=0.000 PNL=0.000 CREDIT=5
[PASSIVE-BEACON] SIMNOW:26.394 CID:6 ZONE:2 RXUAV:2 EDGEPORT:9996 TS:26.382 SPD:14.900 HDG:-1.600 PX:603.400 PY:-20.000 LAN:2 BRK:0 RX_X:0.000 RX_Y:0.000 RX_Z:0.000
[ZONE-ROUTE] CID:6 zone=1 edge_port=9998
[EDGE-RTT] CID:6 wall=1.0 ms  sim_delay=5.0 ms
>>> [UAV->CLOUD] BLK:cd8e|TX:7.0.0.10|CID:6|TS:26.382|SPD:14.9|HDG:-1.6|PX:603.4|PY:-20.0...
[ECON-GATE] CID:6 probation active - suppressing OK reward 1.0
✓ [CAR 6] ACT=OK REP=0.544 RWD=0.000 PNL=0.000 CREDIT=1
[PASSIVE-BEACON] SIMNOW:26.426 CID:9 ZONE:1 RXUAV:1 EDGEPORT:9998 TS:26.412 SPD:25.500 HDG:0.900 PX:580.900 PY:-50.000 LAN:5 BRK:0 RX_X:0.000 RX_Y:0.000 RX_Z:0.000
[ZONE-ROUTE] CID:9 zone=1 edge_port=9998
[EDGE-RTT] CID:9 wall=1.0 ms  sim_delay=5.0 ms
>>> [UAV->CLOUD] BLK:053f|TX:7.0.0.13|CID:9|TS:26.412|SPD:25.5|HDG:0.9|PX:580.9|PY:-50.0|...
[ECON-CLAWBACK] CID:9 ACT=WARN prior_payoff=-25.8 extra_penalty=4.0 new_payoff=-29.9
[FORGIVENESS] CID:9 WARN #13 — streak reset, benefits revoked
⚠ [CAR 9] ACT=WARN REP=0.742 RWD=0.000 PNL=4.103 CREDIT=-2
[PASSIVE-BEACON] SIMNOW:26.506 CID:8 ZONE:1 RXUAV:1 EDGEPORT:9998 TS:26.492 SPD:25.100 HDG:-1.400 PX:592.600 PY:-40.000 LAN:4 BRK:0 RX_X:0.000 RX_Y:0.000 RX_Z:0.000
[ZONE-ROUTE] CID:8 zone=1 edge_port=9998
[EDGE-RTT] CID:8 wall=1.2 ms  sim_delay=5.0 ms
>>> [UAV->CLOUD] BLK:2aa0|TX:7.0.0.12|CID:8|TS:26.492|SPD:25.1|HDG:-1.4|PX:592.6|PY:-40.0...
[ECON-CLAWBACK] CID:8 ACT=WARN prior_payoff=-43.9 extra_penalty=5.0 new_payoff=-49.0
[FORGIVENESS] CID:8 WARN #17 — streak reset, benefits revoked
⚠ [CAR 8] ACT=WARN REP=0.570 RWD=0.000 PNL=5.101 CREDIT=-2
[PASSIVE-BEACON] SIMNOW:26.565 CID:3 ZONE:1 RXUAV:1 EDGEPORT:9998 TS:26.550 SPD:25.300 HDG:-1.300 PX:573.700 PY:-40.000 LAN:4 BRK:0 RX_X:0.000 RX_Y:0.000 RX_Z:0.000
[ZONE-ROUTE] CID:3 zone=1 edge_port=9998
[EDGE-RTT] CID:3 wall=1.3 ms  sim_delay=5.0 ms
>>> [UAV->CLOUD] BLK:d288|TX:7.0.0.7|CID:3|TS:26.550|SPD:25.3|HDG:-1.3|PX:573.7|PY:-40.0|...
[ECON-CLAWBACK] CID:3 ACT=WARN prior_payoff=-49.1 extra_penalty=5.2 new_payoff=-54.4
[FORGIVENESS] CID:3 WARN #18 — streak reset, benefits revoked
⚠ [CAR 3] ACT=WARN REP=0.687 RWD=0.000 PNL=5.352 CREDIT=-2
[ATTACK-EMIT] CID:2 activeWindow=YES falsified=YES simT=26.590 realPX=585.350 fakePX=560.338 realSPD=25.000 fakeSPD=20.000 realTS=26.590 fakeTS=26.090 lane=3
[PASSIVE-BEACON] SIMNOW:26.604 CID:2 ZONE:1 RXUAV:1 EDGEPORT:9998 TS:26.090 SPD:20.000 HDG:0.000 PX:560.300 PY:-30.000 LAN:3 BRK:0 RX_X:0.000 RX_Y:0.000 RX_Z:0.000
[ZONE-ROUTE] CID:2 zone=1 edge_port=9998
[EDGE-RTT] CID:2 wall=1.3 ms  sim_delay=5.0 ms
>>> [UAV->CLOUD] BLK:3b46|TX:7.0.0.6|CID:2|TS:26.090|SPD:20.0|HDG:0.0|PX:560.3|PY:-30.0|L...
[PASSIVE-BEACON] SIMNOW:26.607 CID:4 ZONE:1 RXUAV:1 EDGEPORT:9998 TS:26.590 SPD:24.900 HDG:1.900 PX:566.100 PY:-50.000 LAN:5 BRK:0 RX_X:0.000 RX_Y:0.000 RX_Z:0.000
[ZONE-ROUTE] CID:4 zone=1 edge_port=9998
[EDGE-RTT] CID:4 wall=0.9 ms  sim_delay=5.0 ms
>>> [UAV->CLOUD] BLK:a402|TX:7.0.0.8|CID:4|TS:26.590|SPD:24.9|HDG:1.9|PX:566.1|PY:-50.0|L...
[ATTACK-EMIT] CID:7 activeWindow=YES falsified=YES simT=26.612 realPX=605.900 fakePX=605.900 realSPD=25.000 fakeSPD=20.000 realTS=26.612 fakeTS=26.612 lane=3
[ECON-GATE] CID:2 probation active - suppressing OK reward 0.866
✓ [CAR 2] ACT=OK REP=0.634 RWD=0.000 PNL=0.000 CREDIT=2
[ECON-CLAWBACK] CID:4 ACT=WARN prior_payoff=-29.876 extra_penalty=4.250 new_payoff=-34.227
[FORGIVENESS] CID:4 WARN #14 — streak reset, benefits revoked
⚠ [CAR 4] ACT=WARN REP=0.568 RWD=0.000 PNL=4.351 CREDIT=-2
[PASSIVE-BEACON] SIMNOW:26.626 CID:7 ZONE:2 RXUAV:2 EDGEPORT:9996 TS:26.612 SPD:20.000 HDG:0.000 PX:605.900 PY:-30.000 LAN:3 BRK:0 RX_X:0.000 RX_Y:0.000 RX_Z:0.000
[ZONE-ROUTE] CID:7 zone=1 edge_port=9998
[EDGE-RTT] CID:7 wall=1.0 ms  sim_delay=5.0 ms
>>> [UAV->CLOUD] BLK:621f|TX:7.0.0.11|CID:7|TS:26.612|SPD:20.0|HDG:0.0|PX:605.9|PY:-30.0|...
[ECON-GATE] CID:7 probation active - suppressing OK reward 1.0
✓ [CAR 7] ACT=OK REP=0.274 RWD=0.000 PNL=0.000 CREDIT=3
[ATTACK-EMIT] CID:0 activeWindow=YES falsified=YES simT=26.780 realPX=579.900 fakePX=564.768 realSPD=15.000 fakeSPD=20.000 realTS=26.780 fakeTS=26.280 lane=1
[PASSIVE-BEACON] SIMNOW:26.794 CID:0 ZONE:1 RXUAV:1 EDGEPORT:9998 TS:26.280 SPD:20.000 HDG:0.000 PX:564.800 PY:-10.000 LAN:1 BRK:0 RX_X:0.000 RX_Y:0.000 RX_Z:0.000
[ZONE-ROUTE] CID:0 zone=1 edge_port=9998
[EDGE-RTT] CID:0 wall=1.3 ms  sim_delay=5.0 ms
>>> [UAV->CLOUD] BLK:a6cb|TX:7.0.0.4|CID:0|TS:26.280|SPD:20.0|HDG:0.0|PX:564.8|PY:-10.0|L...
[ECON-GATE] CID:0 probation active - suppressing OK reward 0.9
✓ [CAR 0] ACT=OK REP=0.551 RWD=0.000 PNL=0.000 CREDIT=6
[PASSIVE-BEACON] SIMNOW:26.814 CID:1 ZONE:1 RXUAV:1 EDGEPORT:9998 TS:26.800 SPD:14.800 HDG:1.700 PX:589.800 PY:-20.000 LAN:2 BRK:0 RX_X:0.000 RX_Y:0.000 RX_Z:0.000
[ZONE-ROUTE] CID:1 zone=1 edge_port=9998
[EDGE-RTT] CID:1 wall=1.3 ms  sim_delay=5.0 ms
>>> [UAV->CLOUD] BLK:791f|TX:7.0.0.5|CID:1|TS:26.800|SPD:14.8|HDG:1.7|PX:589.8|PY:-20.0|L...
[ECON-GATE] CID:1 probation active - suppressing OK reward 1.0
✓ [CAR 1] ACT=OK REP=0.625 RWD=0.000 PNL=0.000 CREDIT=2
[PASSIVE-BEACON] SIMNOW:26.876 CID:5 ZONE:2 RXUAV:2 EDGEPORT:9996 TS:26.862 SPD:15.000 HDG:0.900 PX:601.000 PY:-10.000 LAN:1 BRK:0 RX_X:0.000 RX_Y:0.000 RX_Z:0.000
[ZONE-ROUTE] CID:5 zone=1 edge_port=9998
[EDGE-RTT] CID:5 wall=1.0 ms  sim_delay=5.0 ms
>>> [UAV->CLOUD] BLK:8582|TX:7.0.0.9|CID:5|TS:26.862|SPD:15.0|HDG:0.9|PX:601.0|PY:-10.0|L...
[ECON-GATE] CID:5 probation active - suppressing OK reward 1.0
✓ [CAR 5] ACT=OK REP=0.317 RWD=0.000 PNL=0.000 CREDIT=6
[PASSIVE-BEACON] SIMNOW:26.896 CID:6 ZONE:2 RXUAV:2 EDGEPORT:9996 TS:26.882 SPD:15.100 HDG:-1.000 PX:611.100 PY:-20.000 LAN:2 BRK:0 RX_X:0.000 RX_Y:0.000 RX_Z:0.000
[ZONE-ROUTE] CID:6 zone=1 edge_port=9998
[EDGE-RTT] CID:6 wall=1.0 ms  sim_delay=5.0 ms
>>> [UAV->CLOUD] BLK:dca0|TX:7.0.0.10|CID:6|TS:26.882|SPD:15.1|HDG:-1.0|PX:611.1|PY:-20.0...
[ECON-GATE] CID:6 probation active - suppressing OK reward 1.0
✓ [CAR 6] ACT=OK REP=0.684 RWD=0.000 PNL=0.000 CREDIT=2
[PASSIVE-BEACON] SIMNOW:26.927 CID:9 ZONE:1 RXUAV:1 EDGEPORT:9998 TS:26.912 SPD:24.600 HDG:1.800 PX:594.100 PY:-50.000 LAN:5 BRK:1 RX_X:0.000 RX_Y:0.000 RX_Z:0.000
[ZONE-ROUTE] CID:9 zone=1 edge_port=9998
[EDGE-RTT] CID:9 wall=1.4 ms  sim_delay=5.0 ms
>>> [UAV->CLOUD] BLK:2021|TX:7.0.0.13|CID:9|TS:26.912|SPD:24.6|HDG:1.8|PX:594.1|PY:-50.0|...
[ECON-CLAWBACK] CID:9 ACT=WARN prior_payoff=-29.9 extra_penalty=4.2 new_payoff=-34.3
[FORGIVENESS] CID:9 WARN #14 — streak reset, benefits revoked
⚠ [CAR 9] ACT=WARN REP=0.716 RWD=0.000 PNL=4.350 CREDIT=-2
[PASSIVE-BEACON] SIMNOW:27.006 CID:8 ZONE:2 RXUAV:2 EDGEPORT:9996 TS:26.992 SPD:25.500 HDG:0.300 PX:606.000 PY:-40.000 LAN:4 BRK:1 RX_X:0.000 RX_Y:0.000 RX_Z:0.000
[ZONE-ROUTE] CID:8 zone=1 edge_port=9998
[EDGE-RTT] CID:8 wall=1.4 ms  sim_delay=5.0 ms
>>> [UAV->CLOUD] BLK:8cd4|TX:7.0.0.12|CID:8|TS:26.992|SPD:25.5|HDG:0.3|PX:606.0|PY:-40.0|...
[ECON-CLAWBACK] CID:8 ACT=WARN prior_payoff=-49.0 extra_penalty=5.2 new_payoff=-54.4
[FORGIVENESS] CID:8 WARN #18 — streak reset, benefits revoked
⚠ [CAR 8] ACT=WARN REP=0.479 RWD=0.000 PNL=5.352 CREDIT=-2
[PASSIVE-BEACON] SIMNOW:27.064 CID:3 ZONE:1 RXUAV:1 EDGEPORT:9998 TS:27.050 SPD:25.100 HDG:-1.300 PX:586.400 PY:-40.000 LAN:4 BRK:0 RX_X:0.000 RX_Y:0.000 RX_Z:0.000
[ZONE-ROUTE] CID:3 zone=1 edge_port=9998
[EDGE-RTT] CID:3 wall=1.2 ms  sim_delay=5.0 ms
>>> [UAV->CLOUD] BLK:9089|TX:7.0.0.7|CID:3|TS:27.050|SPD:25.1|HDG:-1.3|PX:586.4|PY:-40.0|...
[ECON-CLAWBACK] CID:3 ACT=WARN prior_payoff=-54.4 extra_penalty=5.5 new_payoff=-60.0
[FORGIVENESS] CID:3 WARN #19 — streak reset, benefits revoked
⚠ [CAR 3] ACT=WARN REP=0.532 RWD=0.000 PNL=5.602 CREDIT=-2
[ATTACK-EMIT] CID:2 activeWindow=YES falsified=YES simT=27.090 realPX=597.850 fakePX=597.850 realSPD=25.000 fakeSPD=20.000 realTS=27.090 fakeTS=27.090 lane=3
[PASSIVE-BEACON] SIMNOW:27.104 CID:4 ZONE:1 RXUAV:1 EDGEPORT:9998 TS:27.090 SPD:25.100 HDG:-1.800 PX:577.900 PY:-50.000 LAN:5 BRK:0 RX_X:0.000 RX_Y:0.000 RX_Z:0.000
[ZONE-ROUTE] CID:4 zone=1 edge_port=9998
[EDGE-RTT] CID:4 wall=1.3 ms  sim_delay=5.0 ms
>>> [UAV->CLOUD] BLK:a0be|TX:7.0.0.8|CID:4|TS:27.090|SPD:25.1|HDG:-1.8|PX:577.9|PY:-50.0|...
[PASSIVE-BEACON] SIMNOW:27.104 CID:2 ZONE:1 RXUAV:1 EDGEPORT:9998 TS:27.090 SPD:20.000 HDG:0.000 PX:597.900 PY:-30.000 LAN:3 BRK:1 RX_X:0.000 RX_Y:0.000 RX_Z:0.000
[ZONE-ROUTE] CID:2 zone=1 edge_port=9998
[EDGE-RTT] CID:2 wall=2.6 ms  sim_delay=5.0 ms
>>> [UAV->CLOUD] BLK:78cf|TX:7.0.0.6|CID:2|TS:27.090|SPD:20.0|HDG:0.0|PX:597.9|PY:-30.0|L...
[ATTACK-EMIT] CID:7 activeWindow=YES falsified=YES simT=27.112 realPX=618.400 fakePX=618.400 realSPD=25.000 fakeSPD=20.000 realTS=27.112 fakeTS=27.112 lane=3
[ECON-CLAWBACK] CID:4 ACT=WARN prior_payoff=-34.227 extra_penalty=4.500 new_payoff=-38.829
[FORGIVENESS] CID:4 WARN #15 — streak reset, benefits revoked
⚠ [CAR 4] ACT=WARN REP=0.718 RWD=0.000 PNL=4.602 CREDIT=-2
[ECON-GATE] CID:2 probation active - suppressing OK reward 1.000
✓ [CAR 2] ACT=OK REP=0.639 RWD=0.000 PNL=0.000 CREDIT=3
[PASSIVE-BEACON] SIMNOW:27.126 CID:7 ZONE:2 RXUAV:2 EDGEPORT:9996 TS:27.112 SPD:20.000 HDG:0.000 PX:618.400 PY:-30.000 LAN:3 BRK:0 RX_X:0.000 RX_Y:0.000 RX_Z:0.000
[ZONE-ROUTE] CID:7 zone=1 edge_port=9998
[EDGE-RTT] CID:7 wall=0.8 ms  sim_delay=5.0 ms
>>> [UAV->CLOUD] BLK:284b|TX:7.0.0.11|CID:7|TS:27.112|SPD:20.0|HDG:0.0|PX:618.4|PY:-30.0|...
[ECON-GATE] CID:7 probation active - suppressing OK reward 1.0
✓ [CAR 7] ACT=OK REP=0.826 RWD=0.000 PNL=0.000 CREDIT=4
[ATTACK-EMIT] CID:0 activeWindow=YES falsified=YES simT=27.280 realPX=587.400 fakePX=587.400 realSPD=15.000 fakeSPD=20.000 realTS=27.280 fakeTS=27.280 lane=1
[PASSIVE-BEACON] SIMNOW:27.293 CID:0 ZONE:1 RXUAV:1 EDGEPORT:9998 TS:27.280 SPD:20.000 HDG:0.000 PX:587.400 PY:-10.000 LAN:1 BRK:0 RX_X:0.000 RX_Y:0.000 RX_Z:0.000
[ZONE-ROUTE] CID:0 zone=1 edge_port=9998
[EDGE-RTT] CID:0 wall=1.2 ms  sim_delay=5.0 ms
>>> [UAV->CLOUD] BLK:12c2|TX:7.0.0.4|CID:0|TS:27.280|SPD:20.0|HDG:0.0|PX:587.4|PY:-10.0|L...
[ECON-GATE] CID:0 probation active - suppressing OK reward 1.0
✓ [CAR 0] ACT=OK REP=0.370 RWD=0.000 PNL=0.000 CREDIT=7
[PASSIVE-BEACON] SIMNOW:27.312 CID:1 ZONE:1 RXUAV:1 EDGEPORT:9998 TS:27.300 SPD:14.500 HDG:0.200 PX:598.400 PY:-20.000 LAN:2 BRK:0 RX_X:0.000 RX_Y:0.000 RX_Z:0.000
[ZONE-ROUTE] CID:1 zone=1 edge_port=9998
[EDGE-RTT] CID:1 wall=1.1 ms  sim_delay=5.0 ms
>>> [UAV->CLOUD] BLK:14f2|TX:7.0.0.5|CID:1|TS:27.300|SPD:14.5|HDG:0.2|PX:598.4|PY:-20.0|L...
[ECON-GATE] CID:1 probation active - suppressing OK reward 1.0
✓ [CAR 1] ACT=OK REP=0.551 RWD=0.000 PNL=0.000 CREDIT=3
[PASSIVE-BEACON] SIMNOW:27.376 CID:5 ZONE:2 RXUAV:2 EDGEPORT:9996 TS:27.362 SPD:15.300 HDG:1.200 PX:608.400 PY:-10.000 LAN:1 BRK:0 RX_X:0.000 RX_Y:0.000 RX_Z:0.000
[ZONE-ROUTE] CID:5 zone=1 edge_port=9998
[EDGE-RTT] CID:5 wall=1.3 ms  sim_delay=5.0 ms
>>> [UAV->CLOUD] BLK:94ea|TX:7.0.0.9|CID:5|TS:27.362|SPD:15.3|HDG:1.2|PX:608.4|PY:-10.0|L...
[ECON-GATE] CID:5 probation active - suppressing OK reward 1.0
✓ [CAR 5] ACT=OK REP=0.425 RWD=0.000 PNL=0.000 CREDIT=7
[PASSIVE-BEACON] SIMNOW:27.396 CID:6 ZONE:2 RXUAV:2 EDGEPORT:9996 TS:27.382 SPD:14.600 HDG:-1.100 PX:619.600 PY:-20.000 LAN:2 BRK:0 RX_X:0.000 RX_Y:0.000 RX_Z:0.000
[ZONE-ROUTE] CID:6 zone=1 edge_port=9998
[EDGE-RTT] CID:6 wall=1.2 ms  sim_delay=5.0 ms
>>> [UAV->CLOUD] BLK:390c|TX:7.0.0.10|CID:6|TS:27.382|SPD:14.6|HDG:-1.1|PX:619.6|PY:-20.0...
[ECON-GATE] CID:6 probation active - suppressing OK reward 1.0
✓ [CAR 6] ACT=OK REP=0.497 RWD=0.000 PNL=0.000 CREDIT=3
[PASSIVE-BEACON] SIMNOW:27.430 CID:9 ZONE:2 RXUAV:2 EDGEPORT:9996 TS:27.412 SPD:25.500 HDG:-1.600 PX:605.400 PY:-50.000 LAN:5 BRK:0 RX_X:0.000 RX_Y:0.000 RX_Z:0.000
[ZONE-ROUTE] CID:9 zone=1 edge_port=9998
[EDGE-RTT] CID:9 wall=0.8 ms  sim_delay=5.0 ms
>>> [UAV->CLOUD] BLK:3cfb|TX:7.0.0.13|CID:9|TS:27.412|SPD:25.5|HDG:-1.6|PX:605.4|PY:-50.0...
[ECON-CLAWBACK] CID:9 ACT=WARN prior_payoff=-34.3 extra_penalty=4.5 new_payoff=-38.9
[FORGIVENESS] CID:9 WARN #15 — streak reset, benefits revoked
⚠ [CAR 9] ACT=WARN REP=0.568 RWD=0.000 PNL=4.603 CREDIT=-2
[PASSIVE-BEACON] SIMNOW:27.506 CID:8 ZONE:2 RXUAV:2 EDGEPORT:9996 TS:27.492 SPD:24.800 HDG:-0.700 PX:617.500 PY:-40.000 LAN:4 BRK:0 RX_X:0.000 RX_Y:0.000 RX_Z:0.000
[ZONE-ROUTE] CID:8 zone=1 edge_port=9998
[EDGE-RTT] CID:8 wall=1.2 ms  sim_delay=5.0 ms
>>> [UAV->CLOUD] BLK:e3cf|TX:7.0.0.12|CID:8|TS:27.492|SPD:24.8|HDG:-0.7|PX:617.5|PY:-40.0...
[ECON-CLAWBACK] CID:8 ACT=WARN prior_payoff=-54.4 extra_penalty=5.5 new_payoff=-60.0
[FORGIVENESS] CID:8 WARN #19 — streak reset, benefits revoked
⚠ [CAR 8] ACT=WARN REP=0.906 RWD=0.000 PNL=5.601 CREDIT=-2
[PASSIVE-BEACON] SIMNOW:27.565 CID:3 ZONE:1 RXUAV:1 EDGEPORT:9998 TS:27.550 SPD:25.100 HDG:1.400 PX:599.800 PY:-40.000 LAN:4 BRK:1 RX_X:0.000 RX_Y:0.000 RX_Z:0.000
[ZONE-ROUTE] CID:3 zone=1 edge_port=9998
[EDGE-RTT] CID:3 wall=1.0 ms  sim_delay=5.0 ms
>>> [UAV->CLOUD] BLK:2a16|TX:7.0.0.7|CID:3|TS:27.550|SPD:25.1|HDG:1.4|PX:599.8|PY:-40.0|L...
[ECON-CLAWBACK] CID:3 ACT=WARN prior_payoff=-60.0 extra_penalty=5.8 new_payoff=-65.9
[FORGIVENESS] CID:3 WARN #20 — streak reset, benefits revoked
⚠ [CAR 3] ACT=WARN REP=0.395 RWD=0.000 PNL=5.852 CREDIT=-2
[ATTACK-EMIT] CID:2 activeWindow=YES falsified=YES simT=27.590 realPX=610.350 fakePX=610.350 realSPD=25.000 fakeSPD=20.000 realTS=27.590 fakeTS=27.590 lane=3
[PASSIVE-BEACON] SIMNOW:27.603 CID:4 ZONE:1 RXUAV:1 EDGEPORT:9998 TS:27.590 SPD:24.800 HDG:-0.300 PX:589.800 PY:-50.000 LAN:5 BRK:0 RX_X:0.000 RX_Y:0.000 RX_Z:0.000
[ZONE-ROUTE] CID:4 zone=1 edge_port=9998
[EDGE-RTT] CID:4 wall=1.2 ms  sim_delay=5.0 ms
>>> [UAV->CLOUD] BLK:0e5e|TX:7.0.0.8|CID:4|TS:27.590|SPD:24.8|HDG:-0.3|PX:589.8|PY:-50.0|...
[PASSIVE-BEACON] SIMNOW:27.603 CID:2 ZONE:2 RXUAV:2 EDGEPORT:9996 TS:27.590 SPD:20.000 HDG:0.000 PX:610.400 PY:-30.000 LAN:3 BRK:1 RX_X:0.000 RX_Y:0.000 RX_Z:0.000
[ZONE-ROUTE] CID:2 zone=1 edge_port=9998
[EDGE-RTT] CID:2 wall=2.4 ms  sim_delay=5.0 ms
>>> [UAV->CLOUD] BLK:ddcb|TX:7.0.0.6|CID:2|TS:27.590|SPD:20.0|HDG:0.0|PX:610.4|PY:-30.0|L...
[ATTACK-EMIT] CID:7 activeWindow=YES falsified=YES simT=27.612 realPX=630.900 fakePX=568.232 realSPD=25.000 fakeSPD=20.000 realTS=27.612 fakeTS=27.112 lane=3
[ECON-CLAWBACK] CID:4 ACT=WARN prior_payoff=-38.829 extra_penalty=4.750 new_payoff=-43.680
[FORGIVENESS] CID:4 WARN #16 — streak reset, benefits revoked
⚠ [CAR 4] ACT=WARN REP=0.578 RWD=0.000 PNL=4.851 CREDIT=-2
[ECON-GATE] CID:2 probation active - suppressing OK reward 1.000
✓ [CAR 2] ACT=OK REP=0.201 RWD=0.000 PNL=0.000 CREDIT=4
[PASSIVE-BEACON] SIMNOW:27.628 CID:7 ZONE:1 RXUAV:1 EDGEPORT:9998 TS:27.112 SPD:20.000 HDG:0.000 PX:568.200 PY:-30.000 LAN:3 BRK:0 RX_X:0.000 RX_Y:0.000 RX_Z:0.000
[ZONE-ROUTE] CID:7 zone=1 edge_port=9998
[EDGE-RTT] CID:7 wall=1.3 ms  sim_delay=5.0 ms
>>> [UAV->CLOUD] BLK:ba51|TX:7.0.0.11|CID:7|TS:27.112|SPD:20.0|HDG:0.0|PX:568.2|PY:-30.0|...
[ECON-CLAWBACK] CID:7 ACT=WARN prior_payoff=-54.6 extra_penalty=5.5 new_payoff=-60.2
[FORGIVENESS] CID:7 WARN #19 — streak reset, benefits revoked
⚠ [CAR 7] ACT=WARN REP=0.508 RWD=0.000 PNL=5.586 CREDIT=3
[ATTACK-EMIT] CID:0 activeWindow=YES falsified=YES simT=27.780 realPX=594.900 fakePX=594.900 realSPD=15.000 fakeSPD=20.000 realTS=27.780 fakeTS=27.780 lane=1
[PASSIVE-BEACON] SIMNOW:27.794 CID:0 ZONE:1 RXUAV:1 EDGEPORT:9998 TS:27.780 SPD:20.000 HDG:0.000 PX:594.900 PY:-10.000 LAN:1 BRK:0 RX_X:0.000 RX_Y:0.000 RX_Z:0.000
[ZONE-ROUTE] CID:0 zone=1 edge_port=9998
[EDGE-RTT] CID:0 wall=1.3 ms  sim_delay=5.0 ms
>>> [UAV->CLOUD] BLK:13b7|TX:7.0.0.4|CID:0|TS:27.780|SPD:20.0|HDG:0.0|PX:594.9|PY:-10.0|L...
[ECON-GATE] CID:0 probation active - suppressing OK reward 1.0
✓ [CAR 0] ACT=OK REP=0.436 RWD=0.000 PNL=0.000 CREDIT=8
[PASSIVE-BEACON] SIMNOW:27.814 CID:1 ZONE:2 RXUAV:2 EDGEPORT:9996 TS:27.800 SPD:14.700 HDG:1.200 PX:605.600 PY:-20.000 LAN:2 BRK:0 RX_X:0.000 RX_Y:0.000 RX_Z:0.000
[ZONE-ROUTE] CID:1 zone=1 edge_port=9998
[EDGE-RTT] CID:1 wall=1.1 ms  sim_delay=5.0 ms
>>> [UAV->CLOUD] BLK:6ae5|TX:7.0.0.5|CID:1|TS:27.800|SPD:14.7|HDG:1.2|PX:605.6|PY:-20.0|L...
[ECON-GATE] CID:1 probation active - suppressing OK reward 1.0
✓ [CAR 1] ACT=OK REP=0.593 RWD=0.000 PNL=0.000 CREDIT=4
[PASSIVE-BEACON] SIMNOW:27.876 CID:5 ZONE:2 RXUAV:2 EDGEPORT:9996 TS:27.862 SPD:15.300 HDG:-0.000 PX:615.500 PY:-10.000 LAN:1 BRK:1 RX_X:0.000 RX_Y:0.000 RX_Z:0.000
[ZONE-ROUTE] CID:5 zone=1 edge_port=9998
[EDGE-RTT] CID:5 wall=1.2 ms  sim_delay=5.0 ms
>>> [UAV->CLOUD] BLK:1c98|TX:7.0.0.9|CID:5|TS:27.862|SPD:15.3|HDG:-0.0|PX:615.5|PY:-10.0|...
[ECON-GATE] CID:5 probation active - suppressing OK reward 1.0
✓ [CAR 5] ACT=OK REP=0.701 RWD=0.000 PNL=0.000 CREDIT=8
[PASSIVE-BEACON] SIMNOW:27.895 CID:6 ZONE:2 RXUAV:2 EDGEPORT:9996 TS:27.882 SPD:14.900 HDG:1.200 PX:625.700 PY:-20.000 LAN:2 BRK:0 RX_X:0.000 RX_Y:0.000 RX_Z:0.000
[ZONE-ROUTE] CID:6 zone=1 edge_port=9998
[EDGE-RTT] CID:6 wall=1.0 ms  sim_delay=5.0 ms
>>> [UAV->CLOUD] BLK:8975|TX:7.0.0.10|CID:6|TS:27.882|SPD:14.9|HDG:1.2|PX:625.7|PY:-20.0|...
[ECON-GATE] CID:6 probation active - suppressing OK reward 1.0
✓ [CAR 6] ACT=OK REP=0.543 RWD=0.000 PNL=0.000 CREDIT=4
[PASSIVE-BEACON] SIMNOW:27.929 CID:9 ZONE:2 RXUAV:2 EDGEPORT:9996 TS:27.912 SPD:24.800 HDG:-1.900 PX:617.900 PY:-50.000 LAN:5 BRK:0 RX_X:0.000 RX_Y:0.000 RX_Z:0.000
[ZONE-ROUTE] CID:9 zone=1 edge_port=9998
[EDGE-RTT] CID:9 wall=1.1 ms  sim_delay=5.0 ms
>>> [UAV->CLOUD] BLK:77f6|TX:7.0.0.13|CID:9|TS:27.912|SPD:24.8|HDG:-1.9|PX:617.9|PY:-50.0...
[ECON-CLAWBACK] CID:9 ACT=WARN prior_payoff=-38.9 extra_penalty=4.8 new_payoff=-43.7
[FORGIVENESS] CID:9 WARN #16 — streak reset, benefits revoked
⚠ [CAR 9] ACT=WARN REP=0.602 RWD=0.000 PNL=4.851 CREDIT=-2
[PASSIVE-BEACON] SIMNOW:28.006 CID:8 ZONE:2 RXUAV:2 EDGEPORT:9996 TS:27.992 SPD:25.400 HDG:-1.500 PX:629.800 PY:-40.000 LAN:4 BRK:0 RX_X:0.000 RX_Y:0.000 RX_Z:0.000
[ZONE-ROUTE] CID:8 zone=1 edge_port=9998
[EDGE-RTT] CID:8 wall=1.1 ms  sim_delay=5.0 ms
>>> [UAV->CLOUD] BLK:6cb9|TX:7.0.0.12|CID:8|TS:27.992|SPD:25.4|HDG:-1.5|PX:629.8|PY:-40.0...
[ECON-CLAWBACK] CID:8 ACT=WARN prior_payoff=-60.0 extra_penalty=5.8 new_payoff=-65.8
[FORGIVENESS] CID:8 WARN #20 — streak reset, benefits revoked
⚠ [CAR 8] ACT=WARN REP=0.447 RWD=0.000 PNL=5.852 CREDIT=-2
[PASSIVE-BEACON] SIMNOW:28.064 CID:3 ZONE:2 RXUAV:2 EDGEPORT:9996 TS:28.050 SPD:24.600 HDG:1.300 PX:611.200 PY:-40.000 LAN:4 BRK:1 RX_X:0.000 RX_Y:0.000 RX_Z:0.000
[ZONE-ROUTE] CID:3 zone=1 edge_port=9998
[EDGE-RTT] CID:3 wall=1.3 ms  sim_delay=5.0 ms
>>> [UAV->CLOUD] BLK:3489|TX:7.0.0.7|CID:3|TS:28.050|SPD:24.6|HDG:1.3|PX:611.2|PY:-40.0|L...
[ECON-CLAWBACK] CID:3 ACT=WARN prior_payoff=-65.9 extra_penalty=6.0 new_payoff=-72.0
[FORGIVENESS] CID:3 WARN #21 — streak reset, benefits revoked
⚠ [CAR 3] ACT=WARN REP=0.458 RWD=0.000 PNL=6.100 CREDIT=-2
[ATTACK-EMIT] CID:2 activeWindow=YES falsified=YES simT=28.090 realPX=619.550 fakePX=560.632 realSPD=15.000 fakeSPD=20.000 realTS=28.090 fakeTS=27.590 lane=3
[PASSIVE-BEACON] SIMNOW:28.104 CID:4 ZONE:2 RXUAV:2 EDGEPORT:9996 TS:28.090 SPD:24.600 HDG:-1.400 PX:602.600 PY:-50.000 LAN:5 BRK:0 RX_X:0.000 RX_Y:0.000 RX_Z:0.000
[ZONE-ROUTE] CID:4 zone=1 edge_port=9998
[EDGE-RTT] CID:4 wall=1.2 ms  sim_delay=5.0 ms
>>> [UAV->CLOUD] BLK:7d13|TX:7.0.0.8|CID:4|TS:28.090|SPD:24.6|HDG:-1.4|PX:602.6|PY:-50.0|...
[PASSIVE-BEACON] SIMNOW:28.104 CID:2 ZONE:1 RXUAV:1 EDGEPORT:9998 TS:27.590 SPD:20.000 HDG:0.000 PX:560.600 PY:-30.000 LAN:3 BRK:0 RX_X:0.000 RX_Y:0.000 RX_Z:0.000
[ZONE-ROUTE] CID:2 zone=1 edge_port=9998
[EDGE-RTT] CID:2 wall=3.2 ms  sim_delay=5.0 ms
>>> [UAV->CLOUD] BLK:85cd|TX:7.0.0.6|CID:2|TS:27.590|SPD:20.0|HDG:0.0|PX:560.6|PY:-30.0|L...
[ATTACK-EMIT] CID:7 activeWindow=YES falsified=YES simT=28.112 realPX=639.880 fakePX=639.880 realSPD=15.000 fakeSPD=20.000 realTS=28.112 fakeTS=28.112 lane=3
[ECON-CLAWBACK] CID:4 ACT=WARN prior_payoff=-43.680 extra_penalty=5.000 new_payoff=-48.780
[FORGIVENESS] CID:4 WARN #17 — streak reset, benefits revoked
⚠ [CAR 4] ACT=WARN REP=0.567 RWD=0.000 PNL=5.100 CREDIT=-2
[ECON-CLAWBACK] CID:2 ACT=WARN prior_payoff=-54.611 extra_penalty=5.500 new_payoff=-60.196
[FORGIVENESS] CID:2 WARN #19 — streak reset, benefits revoked
⚠ [CAR 2] ACT=WARN REP=0.581 RWD=0.000 PNL=5.585 CREDIT=3
[PASSIVE-BEACON] SIMNOW:28.129 CID:7 ZONE:2 RXUAV:2 EDGEPORT:9996 TS:28.112 SPD:20.000 HDG:0.000 PX:639.900 PY:-30.000 LAN:3 BRK:0 RX_X:0.000 RX_Y:0.000 RX_Z:0.000
[ZONE-ROUTE] CID:7 zone=1 edge_port=9998
[EDGE-RTT] CID:7 wall=1.3 ms  sim_delay=5.0 ms
>>> [UAV->CLOUD] BLK:7fc7|TX:7.0.0.11|CID:7|TS:28.112|SPD:20.0|HDG:0.0|PX:639.9|PY:-30.0|...
[ECON-GATE] CID:7 probation active - suppressing OK reward 1.0
✓ [CAR 7] ACT=OK REP=0.674 RWD=0.000 PNL=0.000 CREDIT=0
[ATTACK-EMIT] CID:0 activeWindow=YES falsified=YES simT=28.280 realPX=602.400 fakePX=565.002 realSPD=15.000 fakeSPD=20.000 realTS=28.280 fakeTS=27.780 lane=1
[PASSIVE-BEACON] SIMNOW:28.297 CID:0 ZONE:1 RXUAV:1 EDGEPORT:9998 TS:27.780 SPD:20.000 HDG:0.000 PX:565.000 PY:-10.000 LAN:1 BRK:0 RX_X:0.000 RX_Y:0.000 RX_Z:0.000
[ZONE-ROUTE] CID:0 zone=1 edge_port=9998
[EDGE-RTT] CID:0 wall=1.2 ms  sim_delay=5.0 ms
>>> [UAV->CLOUD] BLK:1c54|TX:7.0.0.4|CID:0|TS:27.780|SPD:20.0|HDG:0.0|PX:565.0|PY:-10.0|L...
[ECON-CLAWBACK] CID:0 ACT=WARN prior_payoff=-85.6 extra_penalty=6.8 new_payoff=-92.4
[FORGIVENESS] CID:0 WARN #24 — streak reset, benefits revoked
⚠ [CAR 0] ACT=WARN REP=0.479 RWD=0.000 PNL=6.840 CREDIT=7
[PASSIVE-BEACON] SIMNOW:28.314 CID:1 ZONE:2 RXUAV:2 EDGEPORT:9996 TS:28.300 SPD:15.000 HDG:1.900 PX:612.700 PY:-20.000 LAN:2 BRK:0 RX_X:0.000 RX_Y:0.000 RX_Z:0.000
[ZONE-ROUTE] CID:1 zone=1 edge_port=9998
[EDGE-RTT] CID:1 wall=1.2 ms  sim_delay=5.0 ms
>>> [UAV->CLOUD] BLK:3eae|TX:7.0.0.5|CID:1|TS:28.300|SPD:15.0|HDG:1.9|PX:612.7|PY:-20.0|L...
[ECON-GATE] CID:1 probation active - suppressing OK reward 1.0
✓ [CAR 1] ACT=OK REP=0.555 RWD=0.000 PNL=0.000 CREDIT=5
[PASSIVE-BEACON] SIMNOW:28.379 CID:5 ZONE:2 RXUAV:2 EDGEPORT:9996 TS:28.362 SPD:15.200 HDG:0.300 PX:623.100 PY:-10.000 LAN:1 BRK:0 RX_X:0.000 RX_Y:0.000 RX_Z:0.000
[ZONE-ROUTE] CID:5 zone=1 edge_port=9998
[EDGE-RTT] CID:5 wall=0.9 ms  sim_delay=5.0 ms
>>> [UAV->CLOUD] BLK:556e|TX:7.0.0.9|CID:5|TS:28.362|SPD:15.2|HDG:0.3|PX:623.1|PY:-10.0|L...
[ECON-GATE] CID:5 probation active - suppressing OK reward 1.0
✓ [CAR 5] ACT=OK REP=0.579 RWD=0.000 PNL=0.000 CREDIT=9
[PASSIVE-BEACON] SIMNOW:28.396 CID:6 ZONE:2 RXUAV:2 EDGEPORT:9996 TS:28.382 SPD:15.000 HDG:-1.600 PX:634.600 PY:-20.000 LAN:2 BRK:0 RX_X:0.000 RX_Y:0.000 RX_Z:0.000
[ZONE-ROUTE] CID:6 zone=1 edge_port=9998
[EDGE-RTT] CID:6 wall=1.3 ms  sim_delay=5.0 ms
>>> [UAV->CLOUD] BLK:e160|TX:7.0.0.10|CID:6|TS:28.382|SPD:15.0|HDG:-1.6|PX:634.6|PY:-20.0...
[ECON-GATE] CID:6 probation active - suppressing OK reward 1.0
✓ [CAR 6] ACT=OK REP=0.645 RWD=0.000 PNL=0.000 CREDIT=5
[PASSIVE-BEACON] SIMNOW:28.426 CID:9 ZONE:2 RXUAV:2 EDGEPORT:9996 TS:28.412 SPD:25.100 HDG:0.500 PX:631.200 PY:-50.000 LAN:5 BRK:0 RX_X:0.000 RX_Y:0.000 RX_Z:0.000
[ZONE-ROUTE] CID:9 zone=1 edge_port=9998
[EDGE-RTT] CID:9 wall=1.3 ms  sim_delay=5.0 ms
>>> [UAV->CLOUD] BLK:f4c0|TX:7.0.0.13|CID:9|TS:28.412|SPD:25.1|HDG:0.5|PX:631.2|PY:-50.0|...
[ECON-CLAWBACK] CID:9 ACT=WARN prior_payoff=-43.7 extra_penalty=5.0 new_payoff=-48.8
[FORGIVENESS] CID:9 WARN #17 — streak reset, benefits revoked
⚠ [CAR 9] ACT=WARN REP=0.436 RWD=0.000 PNL=5.102 CREDIT=-2
[PASSIVE-BEACON] SIMNOW:28.506 CID:8 ZONE:2 RXUAV:2 EDGEPORT:9996 TS:28.492 SPD:24.600 HDG:0.700 PX:643.500 PY:-40.000 LAN:4 BRK:1 RX_X:0.000 RX_Y:0.000 RX_Z:0.000
[ZONE-ROUTE] CID:8 zone=1 edge_port=9998
[EDGE-RTT] CID:8 wall=1.2 ms  sim_delay=5.0 ms
>>> [UAV->CLOUD] BLK:9aaa|TX:7.0.0.12|CID:8|TS:28.492|SPD:24.6|HDG:0.7|PX:643.5|PY:-40.0|...
[ECON-CLAWBACK] CID:8 ACT=WARN prior_payoff=-65.8 extra_penalty=6.0 new_payoff=-71.9
[FORGIVENESS] CID:8 WARN #21 — streak reset, benefits revoked
⚠ [CAR 8] ACT=WARN REP=0.719 RWD=0.000 PNL=6.100 CREDIT=-2
[PASSIVE-BEACON] SIMNOW:28.565 CID:3 ZONE:2 RXUAV:2 EDGEPORT:9996 TS:28.550 SPD:25.000 HDG:-0.200 PX:624.200 PY:-40.000 LAN:4 BRK:1 RX_X:0.000 RX_Y:0.000 RX_Z:0.000
[ZONE-ROUTE] CID:3 zone=1 edge_port=9998
[EDGE-RTT] CID:3 wall=1.2 ms  sim_delay=5.0 ms
>>> [UAV->CLOUD] BLK:1102|TX:7.0.0.7|CID:3|TS:28.550|SPD:25.0|HDG:-0.2|PX:624.2|PY:-40.0|...
[ECON-CLAWBACK] CID:3 ACT=WARN prior_payoff=-72.0 extra_penalty=6.2 new_payoff=-78.3
[FORGIVENESS] CID:3 WARN #22 — streak reset, benefits revoked
⚠ [CAR 3] ACT=WARN REP=0.660 RWD=0.000 PNL=6.352 CREDIT=-2
[ATTACK-EMIT] CID:2 activeWindow=YES falsified=YES simT=28.590 realPX=627.050 fakePX=627.050 realSPD=15.000 fakeSPD=20.000 realTS=28.590 fakeTS=28.590 lane=3
[PASSIVE-BEACON] SIMNOW:28.604 CID:4 ZONE:2 RXUAV:2 EDGEPORT:9996 TS:28.590 SPD:25.000 HDG:-0.500 PX:616.100 PY:-50.000 LAN:5 BRK:0 RX_X:0.000 RX_Y:0.000 RX_Z:0.000
[ZONE-ROUTE] CID:4 zone=1 edge_port=9998
[EDGE-RTT] CID:4 wall=1.1 ms  sim_delay=5.0 ms
>>> [UAV->CLOUD] BLK:33a6|TX:7.0.0.8|CID:4|TS:28.590|SPD:25.0|HDG:-0.5|PX:616.1|PY:-50.0|...
[PASSIVE-BEACON] SIMNOW:28.604 CID:2 ZONE:2 RXUAV:2 EDGEPORT:9996 TS:28.590 SPD:20.000 HDG:0.000 PX:627.100 PY:-30.000 LAN:3 BRK:0 RX_X:0.000 RX_Y:0.000 RX_Z:0.000
[ZONE-ROUTE] CID:2 zone=1 edge_port=9998
[EDGE-RTT] CID:2 wall=2.0 ms  sim_delay=5.0 ms
>>> [UAV->CLOUD] BLK:4bc7|TX:7.0.0.6|CID:2|TS:28.590|SPD:20.0|HDG:0.0|PX:627.1|PY:-30.0|L...
[ATTACK-EMIT] CID:7 activeWindow=YES falsified=YES simT=28.612 realPX=647.380 fakePX=647.380 realSPD=15.000 fakeSPD=20.000 realTS=28.612 fakeTS=28.612 lane=3
[ECON-GATE] CID:2 probation active - suppressing OK reward 0.960
✓ [CAR 2] ACT=OK REP=0.652 RWD=0.000 PNL=0.000 CREDIT=0
[ECON-CLAWBACK] CID:4 ACT=WARN prior_payoff=-48.780 extra_penalty=5.250 new_payoff=-54.131
[FORGIVENESS] CID:4 WARN #18 — streak reset, benefits revoked
⚠ [CAR 4] ACT=WARN REP=0.554 RWD=0.000 PNL=5.351 CREDIT=-2
[PASSIVE-BEACON] SIMNOW:28.629 CID:7 ZONE:2 RXUAV:2 EDGEPORT:9996 TS:28.612 SPD:20.000 HDG:0.000 PX:647.400 PY:-30.000 LAN:3 BRK:0 RX_X:0.000 RX_Y:0.000 RX_Z:0.000
[ZONE-ROUTE] CID:7 zone=1 edge_port=9998
[EDGE-RTT] CID:7 wall=1.2 ms  sim_delay=5.0 ms
>>> [UAV->CLOUD] BLK:4670|TX:7.0.0.11|CID:7|TS:28.612|SPD:20.0|HDG:0.0|PX:647.4|PY:-30.0|...
[ECON-GATE] CID:7 probation active - suppressing OK reward 0.9
✓ [CAR 7] ACT=OK REP=0.789 RWD=0.000 PNL=0.000 CREDIT=1
[ATTACK-EMIT] CID:0 activeWindow=YES falsified=YES simT=28.780 realPX=609.900 fakePX=609.900 realSPD=15.000 fakeSPD=20.000 realTS=28.780 fakeTS=28.780 lane=1
[PASSIVE-BEACON] SIMNOW:28.794 CID:0 ZONE:2 RXUAV:2 EDGEPORT:9996 TS:28.780 SPD:20.000 HDG:0.000 PX:609.900 PY:-10.000 LAN:1 BRK:0 RX_X:0.000 RX_Y:0.000 RX_Z:0.000
[ZONE-ROUTE] CID:0 zone=1 edge_port=9998
[EDGE-RTT] CID:0 wall=1.3 ms  sim_delay=5.0 ms
>>> [UAV->CLOUD] BLK:1c57|TX:7.0.0.4|CID:0|TS:28.780|SPD:20.0|HDG:0.0|PX:609.9|PY:-10.0|L...
[ECON-GATE] CID:0 probation active - suppressing OK reward 1.0
✓ [CAR 0] ACT=OK REP=0.756 RWD=0.000 PNL=0.000 CREDIT=0
[PKT-DROP] UAV dropped telemetry from 7.0.0.5 (drop_rate=1%)
[PASSIVE-BEACON] SIMNOW:28.879 CID:5 ZONE:2 RXUAV:2 EDGEPORT:9996 TS:28.862 SPD:14.700 HDG:-0.500 PX:631.100 PY:-10.000 LAN:1 BRK:0 RX_X:0.000 RX_Y:0.000 RX_Z:0.000
[ZONE-ROUTE] CID:5 zone=1 edge_port=9998
[EDGE-RTT] CID:5 wall=1.3 ms  sim_delay=5.0 ms
>>> [UAV->CLOUD] BLK:7aa6|TX:7.0.0.9|CID:5|TS:28.862|SPD:14.7|HDG:-0.5|PX:631.1|PY:-10.0|...
[ECON-GATE] CID:5 probation active - suppressing OK reward 1.0
✓ [CAR 5] ACT=OK REP=0.604 RWD=0.000 PNL=0.000 CREDIT=10
[PASSIVE-BEACON] SIMNOW:28.896 CID:6 ZONE:2 RXUAV:2 EDGEPORT:9996 TS:28.882 SPD:14.700 HDG:0.800 PX:640.800 PY:-20.000 LAN:2 BRK:0 RX_X:0.000 RX_Y:0.000 RX_Z:0.000
[ZONE-ROUTE] CID:6 zone=1 edge_port=9998
[EDGE-RTT] CID:6 wall=1.2 ms  sim_delay=5.0 ms
>>> [UAV->CLOUD] BLK:4c68|TX:7.0.0.10|CID:6|TS:28.882|SPD:14.7|HDG:0.8|PX:640.8|PY:-20.0|...
[ECON-GATE] CID:6 probation active - suppressing OK reward 1.0
✓ [CAR 6] ACT=OK REP=0.551 RWD=0.000 PNL=0.000 CREDIT=6
[PASSIVE-BEACON] SIMNOW:28.925 CID:9 ZONE:2 RXUAV:2 EDGEPORT:9996 TS:28.912 SPD:25.100 HDG:0.100 PX:643.700 PY:-50.000 LAN:5 BRK:0 RX_X:0.000 RX_Y:0.000 RX_Z:0.000
[ZONE-ROUTE] CID:9 zone=1 edge_port=9998
[EDGE-RTT] CID:9 wall=1.2 ms  sim_delay=5.0 ms
>>> [UAV->CLOUD] BLK:149a|TX:7.0.0.13|CID:9|TS:28.912|SPD:25.1|HDG:0.1|PX:643.7|PY:-50.0|...
[ECON-CLAWBACK] CID:9 ACT=WARN prior_payoff=-48.8 extra_penalty=5.2 new_payoff=-54.2
[FORGIVENESS] CID:9 WARN #18 — streak reset, benefits revoked
⚠ [CAR 9] ACT=WARN REP=0.531 RWD=0.000 PNL=5.352 CREDIT=-2
[PASSIVE-BEACON] SIMNOW:29.006 CID:8 ZONE:2 RXUAV:2 EDGEPORT:9996 TS:28.992 SPD:25.000 HDG:1.200 PX:655.300 PY:-40.000 LAN:4 BRK:0 RX_X:0.000 RX_Y:0.000 RX_Z:0.000
[ZONE-ROUTE] CID:8 zone=1 edge_port=9998
[EDGE-RTT] CID:8 wall=1.1 ms  sim_delay=5.0 ms
>>> [UAV->CLOUD] BLK:cbd5|TX:7.0.0.12|CID:8|TS:28.992|SPD:25.0|HDG:1.2|PX:655.3|PY:-40.0|...
[ECON-CLAWBACK] CID:8 ACT=WARN prior_payoff=-71.9 extra_penalty=6.2 new_payoff=-78.3
[FORGIVENESS] CID:8 WARN #22 — streak reset, benefits revoked
⚠ [CAR 8] ACT=WARN REP=0.613 RWD=0.000 PNL=6.352 CREDIT=-2
[PASSIVE-BEACON] SIMNOW:29.064 CID:3 ZONE:2 RXUAV:2 EDGEPORT:9996 TS:29.050 SPD:24.700 HDG:-0.100 PX:636.900 PY:-40.000 LAN:4 BRK:0 RX_X:0.000 RX_Y:0.000 RX_Z:0.000
[ZONE-ROUTE] CID:3 zone=1 edge_port=9998
[EDGE-RTT] CID:3 wall=1.4 ms  sim_delay=5.0 ms
>>> [UAV->CLOUD] BLK:aa87|TX:7.0.0.7|CID:3|TS:29.050|SPD:24.7|HDG:-0.1|PX:636.9|PY:-40.0|...
[ECON-CLAWBACK] CID:3 ACT=WARN prior_payoff=-78.3 extra_penalty=6.5 new_payoff=-84.9
[FORGIVENESS] CID:3 WARN #23 — streak reset, benefits revoked
⚠ [CAR 3] ACT=WARN REP=0.532 RWD=0.000 PNL=6.600 CREDIT=-2
[ATTACK-EMIT] CID:2 activeWindow=YES falsified=YES simT=29.090 realPX=634.550 fakePX=634.550 realSPD=15.000 fakeSPD=20.000 realTS=29.090 fakeTS=29.090 lane=3
[PASSIVE-BEACON] SIMNOW:29.104 CID:4 ZONE:2 RXUAV:2 EDGEPORT:9996 TS:29.090 SPD:24.500 HDG:-1.100 PX:628.500 PY:-50.000 LAN:5 BRK:1 RX_X:0.000 RX_Y:0.000 RX_Z:0.000
[ZONE-ROUTE] CID:4 zone=1 edge_port=9998
[EDGE-RTT] CID:4 wall=1.3 ms  sim_delay=5.0 ms
>>> [UAV->CLOUD] BLK:b337|TX:7.0.0.8|CID:4|TS:29.090|SPD:24.5|HDG:-1.1|PX:628.5|PY:-50.0|...
[PASSIVE-BEACON] SIMNOW:29.104 CID:2 ZONE:2 RXUAV:2 EDGEPORT:9996 TS:29.090 SPD:20.000 HDG:0.000 PX:634.600 PY:-30.000 LAN:3 BRK:0 RX_X:0.000 RX_Y:0.000 RX_Z:0.000
[ZONE-ROUTE] CID:2 zone=1 edge_port=9998
[EDGE-RTT] CID:2 wall=2.4 ms  sim_delay=5.0 ms
>>> [UAV->CLOUD] BLK:c779|TX:7.0.0.6|CID:2|TS:29.090|SPD:20.0|HDG:0.0|PX:634.6|PY:-30.0|L...
[ATTACK-EMIT] CID:7 activeWindow=YES falsified=YES simT=29.112 realPX=654.880 fakePX=568.538 realSPD=15.000 fakeSPD=20.000 realTS=29.112 fakeTS=28.612 lane=3
[ECON-CLAWBACK] CID:4 ACT=WARN prior_payoff=-54.131 extra_penalty=5.500 new_payoff=-59.730
[FORGIVENESS] CID:4 WARN #19 — streak reset, benefits revoked
⚠ [CAR 4] ACT=WARN REP=0.314 RWD=0.000 PNL=5.599 CREDIT=-2
[ECON-GATE] CID:2 probation active - suppressing OK reward 0.876
✓ [CAR 2] ACT=OK REP=0.867 RWD=0.000 PNL=0.000 CREDIT=1
[PASSIVE-BEACON] SIMNOW:29.129 CID:7 ZONE:1 RXUAV:1 EDGEPORT:9998 TS:28.612 SPD:20.000 HDG:0.000 PX:568.500 PY:-30.000 LAN:3 BRK:0 RX_X:0.000 RX_Y:0.000 RX_Z:0.000
[ZONE-ROUTE] CID:7 zone=1 edge_port=9998
[EDGE-RTT] CID:7 wall=1.2 ms  sim_delay=5.0 ms
[NASH-GATE] CID:7 p=0.4 p*=0.3 rho_hat=0.4 Nash=BAN windowHits=1/4 -> WARN (pending confirmation)
[ECON-CLAWBACK] CID:7 ACT=WARN prior_payoff=-60.2 extra_penalty=5.8 new_payoff=-66.1
[FORGIVENESS] CID:7 WARN #20 — streak reset, benefits revoked
⚠ [CAR 7] ACT=WARN REP=0.286 RWD=0.000 PNL=5.944 CREDIT=0
[ATTACK-EMIT] CID:0 activeWindow=YES falsified=YES simT=29.280 realPX=617.400 fakePX=617.400 realSPD=15.000 fakeSPD=20.000 realTS=29.280 fakeTS=29.280 lane=1
[PASSIVE-BEACON] SIMNOW:29.294 CID:0 ZONE:2 RXUAV:2 EDGEPORT:9996 TS:29.280 SPD:20.000 HDG:0.000 PX:617.400 PY:-10.000 LAN:1 BRK:0 RX_X:0.000 RX_Y:0.000 RX_Z:0.000
[ZONE-ROUTE] CID:0 zone=1 edge_port=9998
[EDGE-RTT] CID:0 wall=1.3 ms  sim_delay=5.0 ms
>>> [UAV->CLOUD] BLK:2505|TX:7.0.0.4|CID:0|TS:29.280|SPD:20.0|HDG:0.0|PX:617.4|PY:-10.0|L...
[ECON-GATE] CID:0 probation active - suppressing OK reward 0.9
✓ [CAR 0] ACT=OK REP=0.442 RWD=0.000 PNL=0.000 CREDIT=1
[PASSIVE-BEACON] SIMNOW:29.314 CID:1 ZONE:2 RXUAV:2 EDGEPORT:9996 TS:29.300 SPD:14.600 HDG:1.900 PX:627.000 PY:-20.000 LAN:2 BRK:0 RX_X:0.000 RX_Y:0.000 RX_Z:0.000
[ZONE-ROUTE] CID:1 zone=1 edge_port=9998
[EDGE-RTT] CID:1 wall=1.3 ms  sim_delay=5.0 ms
>>> [UAV->CLOUD] BLK:59e5|TX:7.0.0.5|CID:1|TS:29.300|SPD:14.6|HDG:1.9|PX:627.0|PY:-20.0|L...
[ECON-GATE] CID:1 probation active - suppressing OK reward 1.0
✓ [CAR 1] ACT=OK REP=0.558 RWD=0.000 PNL=0.000 CREDIT=6
[PASSIVE-BEACON] SIMNOW:29.376 CID:5 ZONE:2 RXUAV:2 EDGEPORT:9996 TS:29.362 SPD:14.600 HDG:1.500 PX:638.200 PY:-10.000 LAN:1 BRK:0 RX_X:0.000 RX_Y:0.000 RX_Z:0.000
[ZONE-ROUTE] CID:5 zone=1 edge_port=9998
[EDGE-RTT] CID:5 wall=1.3 ms  sim_delay=5.0 ms
>>> [UAV->CLOUD] BLK:98c7|TX:7.0.0.9|CID:5|TS:29.362|SPD:14.6|HDG:1.5|PX:638.2|PY:-10.0|L...
[ECON-GATE] CID:5 probation active - suppressing OK reward 1.0
✓ [CAR 5] ACT=OK REP=0.521 RWD=0.000 PNL=0.000 CREDIT=11
[PASSIVE-BEACON] SIMNOW:29.395 CID:6 ZONE:2 RXUAV:2 EDGEPORT:9996 TS:29.382 SPD:15.200 HDG:0.100 PX:648.700 PY:-20.000 LAN:2 BRK:0 RX_X:0.000 RX_Y:0.000 RX_Z:0.000
[ZONE-ROUTE] CID:6 zone=1 edge_port=9998
[EDGE-RTT] CID:6 wall=1.2 ms  sim_delay=5.0 ms
>>> [UAV->CLOUD] BLK:aec9|TX:7.0.0.10|CID:6|TS:29.382|SPD:15.2|HDG:0.1|PX:648.7|PY:-20.0|...
[ECON-GATE] CID:6 probation active - suppressing OK reward 1.0
✓ [CAR 6] ACT=OK REP=0.495 RWD=0.000 PNL=0.000 CREDIT=7
[PASSIVE-BEACON] SIMNOW:29.429 CID:9 ZONE:2 RXUAV:2 EDGEPORT:9996 TS:29.412 SPD:25.400 HDG:1.300 PX:656.000 PY:-50.000 LAN:5 BRK:0 RX_X:0.000 RX_Y:0.000 RX_Z:0.000
[ZONE-ROUTE] CID:9 zone=1 edge_port=9998
[EDGE-RTT] CID:9 wall=1.3 ms  sim_delay=5.0 ms
>>> [UAV->CLOUD] BLK:4a17|TX:7.0.0.13|CID:9|TS:29.412|SPD:25.4|HDG:1.3|PX:656.0|PY:-50.0|...
[ECON-CLAWBACK] CID:9 ACT=WARN prior_payoff=-54.2 extra_penalty=5.5 new_payoff=-59.8
[FORGIVENESS] CID:9 WARN #19 — streak reset, benefits revoked
⚠ [CAR 9] ACT=WARN REP=0.581 RWD=0.000 PNL=5.603 CREDIT=-2
[PASSIVE-BEACON] SIMNOW:29.506 CID:8 ZONE:2 RXUAV:2 EDGEPORT:9996 TS:29.492 SPD:25.400 HDG:-1.300 PX:668.500 PY:-40.000 LAN:4 BRK:0 RX_X:0.000 RX_Y:0.000 RX_Z:0.000
[ZONE-ROUTE] CID:8 zone=1 edge_port=9998
[EDGE-RTT] CID:8 wall=1.2 ms  sim_delay=5.0 ms
>>> [UAV->CLOUD] BLK:d211|TX:7.0.0.12|CID:8|TS:29.492|SPD:25.4|HDG:-1.3|PX:668.5|PY:-40.0...
[ECON-CLAWBACK] CID:8 ACT=WARN prior_payoff=-78.3 extra_penalty=6.5 new_payoff=-84.9
[FORGIVENESS] CID:8 WARN #23 — streak reset, benefits revoked
⚠ [CAR 8] ACT=WARN REP=0.465 RWD=0.000 PNL=6.603 CREDIT=-2
[PASSIVE-BEACON] SIMNOW:29.565 CID:3 ZONE:2 RXUAV:2 EDGEPORT:9996 TS:29.550 SPD:24.700 HDG:-1.900 PX:649.300 PY:-40.000 LAN:4 BRK:0 RX_X:0.000 RX_Y:0.000 RX_Z:0.000
[ZONE-ROUTE] CID:3 zone=1 edge_port=9998
[EDGE-RTT] CID:3 wall=1.2 ms  sim_delay=5.0 ms
>>> [UAV->CLOUD] BLK:6c2f|TX:7.0.0.7|CID:3|TS:29.550|SPD:24.7|HDG:-1.9|PX:649.3|PY:-40.0|...
[ECON-CLAWBACK] CID:3 ACT=WARN prior_payoff=-84.9 extra_penalty=6.8 new_payoff=-91.8
[FORGIVENESS] CID:3 WARN #24 — streak reset, benefits revoked
⚠ [CAR 3] ACT=WARN REP=0.606 RWD=0.000 PNL=6.851 CREDIT=-2
[ATTACK-EMIT] CID:2 activeWindow=YES falsified=YES simT=29.590 realPX=642.050 fakePX=560.488 realSPD=15.000 fakeSPD=20.000 realTS=29.590 fakeTS=29.090 lane=3
[PASSIVE-BEACON] SIMNOW:29.604 CID:4 ZONE:2 RXUAV:2 EDGEPORT:9996 TS:29.590 SPD:25.300 HDG:-1.200 PX:640.700 PY:-50.000 LAN:5 BRK:1 RX_X:0.000 RX_Y:0.000 RX_Z:0.000
[ZONE-ROUTE] CID:4 zone=1 edge_port=9998
[EDGE-RTT] CID:4 wall=1.4 ms  sim_delay=5.0 ms
>>> [UAV->CLOUD] BLK:3593|TX:7.0.0.8|CID:4|TS:29.590|SPD:25.3|HDG:-1.2|PX:640.7|PY:-50.0|...
[PASSIVE-BEACON] SIMNOW:29.604 CID:2 ZONE:1 RXUAV:1 EDGEPORT:9998 TS:29.090 SPD:20.000 HDG:0.000 PX:560.500 PY:-30.000 LAN:3 BRK:1 RX_X:0.000 RX_Y:0.000 RX_Z:0.000
[ZONE-ROUTE] CID:2 zone=1 edge_port=9998
[EDGE-RTT] CID:2 wall=1.3 ms  sim_delay=5.0 ms
[NASH-GATE] CID:2 p=0.4 p*=0.3 rho_hat=0.4 Nash=BAN windowHits=1/4 -> WARN (pending confirmation)
[ATTACK-EMIT] CID:7 activeWindow=YES falsified=YES simT=29.612 realPX=662.380 fakePX=662.380 realSPD=15.000 fakeSPD=20.000 realTS=29.612 fakeTS=29.612 lane=3
[ECON-CLAWBACK] CID:2 ACT=WARN prior_payoff=-60.196 extra_penalty=5.750 new_payoff=-66.139
[FORGIVENESS] CID:2 WARN #20 — streak reset, benefits revoked
⚠ [CAR 2] ACT=WARN REP=0.627 RWD=0.000 PNL=5.944 CREDIT=0
[ECON-CLAWBACK] CID:4 ACT=WARN prior_payoff=-59.730 extra_penalty=5.750 new_payoff=-65.582
[FORGIVENESS] CID:4 WARN #20 — streak reset, benefits revoked
⚠ [CAR 4] ACT=WARN REP=0.227 RWD=0.000 PNL=5.852 CREDIT=-2
[PASSIVE-BEACON] SIMNOW:29.626 CID:7 ZONE:2 RXUAV:2 EDGEPORT:9996 TS:29.612 SPD:20.000 HDG:0.000 PX:662.400 PY:-30.000 LAN:3 BRK:0 RX_X:0.000 RX_Y:0.000 RX_Z:0.000
[ZONE-ROUTE] CID:7 zone=1 edge_port=9998
[EDGE-RTT] CID:7 wall=1.3 ms  sim_delay=5.0 ms
[NASH-GATE] CID:7 p=1.000 p*=0.317 rho_hat=0.439 streak=2 windowHits=2/4 EU_ban=1.500 -> CONFIRMED BAN (SLOW_LANE punishment sent)
[ECON-CLAWBACK] CID:7 ACT=BAN prior_payoff=-66.143 extra_penalty=5.000 new_payoff=-71.643
[FORGIVENESS] CID:7 BAN#1 excused (first confirmed offence) honest_wins=0 (preserved)
[BAN-PUNISH] CID:7 SLOW_LANE EXILE → LAN=99 speed=20.000 m/s  return_threshold=60
✗ [CAR 7] ACT=BAN REP=0.515 RWD=0.000 PNL=5.500 CREDIT=-8
[ATTACK-EMIT] CID:0 activeWindow=YES falsified=YES simT=29.780 realPX=624.900 fakePX=564.822 realSPD=15.000 fakeSPD=20.000 realTS=29.780 fakeTS=29.280 lane=1
[PASSIVE-BEACON] SIMNOW:29.794 CID:0 ZONE:1 RXUAV:1 EDGEPORT:9998 TS:29.280 SPD:20.000 HDG:0.000 PX:564.800 PY:-10.000 LAN:1 BRK:0 RX_X:0.000 RX_Y:0.000 RX_Z:0.000
[ZONE-ROUTE] CID:0 zone=1 edge_port=9998
[EDGE-RTT] CID:0 wall=1.3 ms  sim_delay=5.0 ms
[NASH-GATE] CID:0 p=0.4 p*=0.3 rho_hat=0.4 Nash=BAN windowHits=1/4 -> WARN (pending confirmation)
[ECON-CLAWBACK] CID:0 ACT=WARN prior_payoff=-92.4 extra_penalty=7.0 new_payoff=-99.7
[FORGIVENESS] CID:0 WARN #25 — streak reset, benefits revoked
⚠ [CAR 0] ACT=WARN REP=0.550 RWD=0.000 PNL=7.216 CREDIT=0
[PASSIVE-BEACON] SIMNOW:29.814 CID:1 ZONE:2 RXUAV:2 EDGEPORT:9996 TS:29.800 SPD:14.900 HDG:-1.200 PX:635.600 PY:-20.000 LAN:2 BRK:0 RX_X:0.000 RX_Y:0.000 RX_Z:0.000
[ZONE-ROUTE] CID:1 zone=1 edge_port=9998
[EDGE-RTT] CID:1 wall=1.1 ms  sim_delay=5.0 ms
>>> [UAV->CLOUD] BLK:d15f|TX:7.0.0.5|CID:1|TS:29.800|SPD:14.9|HDG:-1.2|PX:635.6|PY:-20.0|...
[ECON-GATE] CID:1 probation active - suppressing OK reward 1.0
✓ [CAR 1] ACT=OK REP=0.752 RWD=0.000 PNL=0.000 CREDIT=7
[PASSIVE-BEACON] SIMNOW:29.879 CID:5 ZONE:2 RXUAV:2 EDGEPORT:9996 TS:29.862 SPD:14.900 HDG:1.900 PX:646.000 PY:-10.000 LAN:1 BRK:0 RX_X:0.000 RX_Y:0.000 RX_Z:0.000
[ZONE-ROUTE] CID:5 zone=1 edge_port=9998
[EDGE-RTT] CID:5 wall=1.2 ms  sim_delay=5.0 ms
>>> [UAV->CLOUD] BLK:43bd|TX:7.0.0.9|CID:5|TS:29.862|SPD:14.9|HDG:1.9|PX:646.0|PY:-10.0|L...
[ECON-GATE] CID:5 probation active - suppressing OK reward 1.0
✓ [CAR 5] ACT=OK REP=0.403 RWD=0.000 PNL=0.000 CREDIT=12
[PASSIVE-BEACON] SIMNOW:29.896 CID:6 ZONE:2 RXUAV:2 EDGEPORT:9996 TS:29.882 SPD:15.200 HDG:-1.600 PX:656.700 PY:-20.000 LAN:2 BRK:1 RX_X:0.000 RX_Y:0.000 RX_Z:0.000
[ZONE-ROUTE] CID:6 zone=1 edge_port=9998
[EDGE-RTT] CID:6 wall=0.9 ms  sim_delay=5.0 ms
>>> [UAV->CLOUD] BLK:60ec|TX:7.0.0.10|CID:6|TS:29.882|SPD:15.2|HDG:-1.6|PX:656.7|PY:-20.0...
[ECON-GATE] CID:6 probation active - suppressing OK reward 1.0
✓ [CAR 6] ACT=OK REP=0.518 RWD=0.000 PNL=0.000 CREDIT=8
[PASSIVE-BEACON] SIMNOW:29.927 CID:9 ZONE:2 RXUAV:2 EDGEPORT:9996 TS:29.912 SPD:25.300 HDG:-1.000 PX:667.900 PY:-50.000 LAN:5 BRK:0 RX_X:0.000 RX_Y:0.000 RX_Z:0.000
[ZONE-ROUTE] CID:9 zone=1 edge_port=9998
[EDGE-RTT] CID:9 wall=1.3 ms  sim_delay=5.0 ms
>>> [UAV->CLOUD] BLK:0770|TX:7.0.0.13|CID:9|TS:29.912|SPD:25.3|HDG:-1.0|PX:667.9|PY:-50.0...
[ECON-CLAWBACK] CID:9 ACT=WARN prior_payoff=-59.8 extra_penalty=5.8 new_payoff=-65.6
[FORGIVENESS] CID:9 WARN #20 — streak reset, benefits revoked
⚠ [CAR 9] ACT=WARN REP=0.869 RWD=0.000 PNL=5.853 CREDIT=-2
[HANDOVER] CID:0 trigger from_Z1 to_Z2 at posX=628.200 distLeft=271.800m loaded=NO RAWRESP=[HANDOVER_TRIGGER_ACK CID:0 TO_ZONE:2]
[HANDOVER] CID:1 trigger from_Z1 to_Z2 at posX=638.200 distLeft=261.800m loaded=NO RAWRESP=[HANDOVER_TRIGGER_ACK CID:1 TO_ZONE:2]
[HANDOVER] CID:2 trigger from_Z1 to_Z2 at posX=648.200 distLeft=251.800m loaded=NO RAWRESP=[HANDOVER_TRIGGER_ACK CID:2 TO_ZONE:2]
[HANDOVER] CID:3 trigger from_Z1 to_Z2 at posX=658.200 distLeft=241.800m loaded=NO RAWRESP=[HANDOVER_TRIGGER_ACK CID:3 TO_ZONE:2]
[HANDOVER] CID:4 trigger from_Z1 to_Z2 at posX=650.600 distLeft=249.400m loaded=NO RAWRESP=[HANDOVER_TRIGGER_ACK CID:4 TO_ZONE:2]
[HANDOVER] CID:5 trigger from_Z1 to_Z2 at posX=648.200 distLeft=251.800m loaded=NO RAWRESP=[HANDOVER_TRIGGER_ACK CID:5 TO_ZONE:2]
[HANDOVER] CID:6 trigger from_Z1 to_Z2 at posX=658.200 distLeft=241.800m loaded=NO RAWRESP=[HANDOVER_TRIGGER_ACK CID:6 TO_ZONE:2]
[HANDOVER] CID:7 trigger from_Z1 to_Z2 at posX=668.200 distLeft=231.800m loaded=NO RAWRESP=[HANDOVER_TRIGGER_ACK CID:7 TO_ZONE:2]
[HANDOVER] CID:8 trigger from_Z1 to_Z2 at posX=678.200 distLeft=221.800m loaded=NO RAWRESP=[HANDOVER_TRIGGER_ACK CID:8 TO_ZONE:2]
[HANDOVER] CID:9 trigger from_Z1 to_Z2 at posX=670.600 distLeft=229.400m loaded=NO RAWRESP=[HANDOVER_TRIGGER_ACK CID:9 TO_ZONE:2]
[PASSIVE-BEACON] SIMNOW:30.006 CID:8 ZONE:2 RXUAV:2 EDGEPORT:9996 TS:29.992 SPD:15.100 HDG:1.300 PX:677.800 PY:-40.000 LAN:4 BRK:0 RX_X:0.000 RX_Y:0.000 RX_Z:0.000
[ZONE-ROUTE] CID:8 zone=1 edge_port=9998
[EDGE-RTT] CID:8 wall=0.9 ms  sim_delay=5.0 ms
>>> [UAV->CLOUD] BLK:aeaa|TX:7.0.0.12|CID:8|TS:29.992|SPD:15.1|HDG:1.3|PX:677.8|PY:-40.0|...
[ECON-GATE] CID:8 probation active - suppressing OK reward 1.0
✓ [CAR 8] ACT=OK REP=0.545 RWD=0.000 PNL=0.000 CREDIT=0
[PASSIVE-BEACON] SIMNOW:30.064 CID:3 ZONE:2 RXUAV:2 EDGEPORT:9996 TS:30.050 SPD:15.200 HDG:1.500 PX:658.800 PY:-40.000 LAN:4 BRK:1 RX_X:0.000 RX_Y:0.000 RX_Z:0.000
[ZONE-ROUTE] CID:3 zone=1 edge_port=9998
[EDGE-RTT] CID:3 wall=1.2 ms  sim_delay=5.0 ms
>>> [UAV->CLOUD] BLK:b2ef|TX:7.0.0.7|CID:3|TS:30.050|SPD:15.2|HDG:1.5|PX:658.8|PY:-40.0|L...
[ECON-GATE] CID:3 probation active - suppressing OK reward 1.0
✓ [CAR 3] ACT=OK REP=0.440 RWD=0.000 PNL=0.000 CREDIT=0
[ATTACK-EMIT] CID:2 activeWindow=YES falsified=YES simT=30.090 realPX=649.550 fakePX=649.550 realSPD=15.000 fakeSPD=20.000 realTS=30.090 fakeTS=30.090 lane=3
[PASSIVE-BEACON] SIMNOW:30.104 CID:4 ZONE:2 RXUAV:2 EDGEPORT:9996 TS:30.090 SPD:24.700 HDG:1.200 PX:653.300 PY:-50.000 LAN:5 BRK:0 RX_X:0.000 RX_Y:0.000 RX_Z:0.000
[ZONE-ROUTE] CID:4 zone=1 edge_port=9998
[EDGE-RTT] CID:4 wall=0.9 ms  sim_delay=5.0 ms
>>> [UAV->CLOUD] BLK:2d8c|TX:7.0.0.8|CID:4|TS:30.090|SPD:24.7|HDG:1.2|PX:653.3|PY:-50.0|L...
[PASSIVE-BEACON] SIMNOW:30.104 CID:2 ZONE:2 RXUAV:2 EDGEPORT:9996 TS:30.090 SPD:20.000 HDG:0.000 PX:649.600 PY:-30.000 LAN:3 BRK:1 RX_X:0.000 RX_Y:0.000 RX_Z:0.000
[ZONE-ROUTE] CID:2 zone=1 edge_port=9998
[EDGE-RTT] CID:2 wall=3.0 ms  sim_delay=5.0 ms
[NASH-GATE] CID:2 p=1.000 p*=0.315 rho_hat=0.447 streak=2 windowHits=2/4 EU_ban=1.500 -> CONFIRMED BAN (SLOW_LANE punishment sent)
[ATTACK-EMIT] CID:7 activeWindow=YES falsified=YES simT=30.112 realPX=669.880 fakePX=669.880 realSPD=15.000 fakeSPD=20.000 realTS=30.112 fakeTS=30.112 lane=99
[ECON-CLAWBACK] CID:4 ACT=WARN prior_payoff=-65.582 extra_penalty=6.000 new_payoff=-71.683
[FORGIVENESS] CID:4 WARN #21 — streak reset, benefits revoked
⚠ [CAR 4] ACT=WARN REP=0.458 RWD=0.000 PNL=6.101 CREDIT=-2
[ECON-CLAWBACK] CID:2 ACT=BAN prior_payoff=-66.139 extra_penalty=5.000 new_payoff=-71.639
[FORGIVENESS] CID:2 BAN#1 excused (first confirmed offence) honest_wins=0 (preserved)
[BAN-PUNISH] CID:2 SLOW_LANE EXILE → LAN=99 speed=20.000 m/s  return_threshold=60
✗ [CAR 2] ACT=BAN REP=0.516 RWD=0.000 PNL=5.500 CREDIT=-8
[PASSIVE-BEACON] SIMNOW:30.126 CID:7 ZONE:2 RXUAV:2 EDGEPORT:9996 TS:30.112 SPD:20.000 HDG:0.000 PX:669.900 PY:-30.000 LAN:99 BRK:0 RX_X:0.000 RX_Y:0.000 RX_Z:0.000
[ATTACK-EMIT] CID:0 activeWindow=YES falsified=YES simT=30.280 realPX=632.400 fakePX=632.400 realSPD=15.000 fakeSPD=20.000 realTS=30.280 fakeTS=30.280 lane=1
[PASSIVE-BEACON] SIMNOW:30.294 CID:0 ZONE:2 RXUAV:2 EDGEPORT:9996 TS:30.280 SPD:20.000 HDG:0.000 PX:632.400 PY:-10.000 LAN:1 BRK:0 RX_X:0.000 RX_Y:0.000 RX_Z:0.000
[ZONE-ROUTE] CID:0 zone=1 edge_port=9998
[EDGE-RTT] CID:0 wall=1.2 ms  sim_delay=5.0 ms
[NASH-GATE] CID:0 p=1.000 p*=0.315 rho_hat=0.451 streak=2 windowHits=2/4 EU_ban=1.500 -> CONFIRMED BAN (SLOW_LANE punishment sent)
[ECON-CLAWBACK] CID:0 ACT=BAN prior_payoff=-99.666 extra_penalty=5.000 new_payoff=-105.166
[FORGIVENESS] CID:0 BAN#1 excused (first confirmed offence) honest_wins=0 (preserved)
[BAN-PUNISH] CID:0 SLOW_LANE EXILE → LAN=99 speed=20.000 m/s  return_threshold=60
✗ [CAR 0] ACT=BAN REP=0.451 RWD=0.000 PNL=5.500 CREDIT=-8
[PASSIVE-BEACON] SIMNOW:30.314 CID:1 ZONE:2 RXUAV:2 EDGEPORT:9996 TS:30.300 SPD:14.900 HDG:-0.200 PX:642.100 PY:-20.000 LAN:2 BRK:0 RX_X:0.000 RX_Y:0.000 RX_Z:0.000
[ZONE-ROUTE] CID:1 zone=1 edge_port=9998
[EDGE-RTT] CID:1 wall=1.0 ms  sim_delay=5.0 ms
>>> [UAV->CLOUD] BLK:72b6|TX:7.0.0.5|CID:1|TS:30.300|SPD:14.9|HDG:-0.2|PX:642.1|PY:-20.0|...
[ECON-GATE] CID:1 probation active - suppressing OK reward 1.0
✓ [CAR 1] ACT=OK REP=0.620 RWD=0.000 PNL=0.000 CREDIT=8
[PASSIVE-BEACON] SIMNOW:30.376 CID:5 ZONE:2 RXUAV:2 EDGEPORT:9996 TS:30.362 SPD:14.800 HDG:-1.300 PX:653.400 PY:-10.000 LAN:1 BRK:0 RX_X:0.000 RX_Y:0.000 RX_Z:0.000
[ZONE-ROUTE] CID:5 zone=1 edge_port=9998
[EDGE-RTT] CID:5 wall=1.1 ms  sim_delay=5.0 ms
>>> [UAV->CLOUD] BLK:5ca6|TX:7.0.0.9|CID:5|TS:30.362|SPD:14.8|HDG:-1.3|PX:653.4|PY:-10.0|...
[ECON-GATE] CID:5 probation active - suppressing OK reward 1.0
✓ [CAR 5] ACT=OK REP=0.336 RWD=0.000 PNL=0.000 CREDIT=13
[PASSIVE-BEACON] SIMNOW:30.396 CID:6 ZONE:2 RXUAV:2 EDGEPORT:9996 TS:30.382 SPD:15.000 HDG:-1.100 PX:663.800 PY:-20.000 LAN:2 BRK:1 RX_X:0.000 RX_Y:0.000 RX_Z:0.000
[ZONE-ROUTE] CID:6 zone=1 edge_port=9998
[EDGE-RTT] CID:6 wall=1.2 ms  sim_delay=5.0 ms
>>> [UAV->CLOUD] BLK:1f5d|TX:7.0.0.10|CID:6|TS:30.382|SPD:15.0|HDG:-1.1|PX:663.8|PY:-20.0...
[ECON-GATE] CID:6 probation active - suppressing OK reward 1.0
✓ [CAR 6] ACT=OK REP=0.434 RWD=0.000 PNL=0.000 CREDIT=9
[PASSIVE-BEACON] SIMNOW:30.426 CID:9 ZONE:2 RXUAV:2 EDGEPORT:9996 TS:30.412 SPD:25.400 HDG:0.800 PX:680.300 PY:-50.000 LAN:5 BRK:0 RX_X:0.000 RX_Y:0.000 RX_Z:0.000
[ZONE-ROUTE] CID:9 zone=1 edge_port=9998
[EDGE-RTT] CID:9 wall=1.2 ms  sim_delay=5.0 ms
>>> [UAV->CLOUD] BLK:d42a|TX:7.0.0.13|CID:9|TS:30.412|SPD:25.4|HDG:0.8|PX:680.3|PY:-50.0|...
[ECON-CLAWBACK] CID:9 ACT=WARN prior_payoff=-65.6 extra_penalty=6.0 new_payoff=-71.7
[FORGIVENESS] CID:9 WARN #21 — streak reset, benefits revoked
⚠ [CAR 9] ACT=WARN REP=0.610 RWD=0.000 PNL=6.103 CREDIT=-2
[PASSIVE-BEACON] SIMNOW:30.506 CID:8 ZONE:2 RXUAV:2 EDGEPORT:9996 TS:30.492 SPD:15.200 HDG:1.600 PX:685.600 PY:-40.000 LAN:4 BRK:0 RX_X:0.000 RX_Y:0.000 RX_Z:0.000
[HTD] CID:8 handover Z1->Z2 trust discounted at PX=685.6 delta=0.3 alpha:18.4->6.9 beta:14.7->5.1 obs/window reset probationK=10
[CUSUM] CID:8 activated at HANDOVER Z1->Z2 PX=685.6 warmupK=0 mu0=0.2 h=0.8 minObs=3 edgeMax=0.5
[ZONE-ROUTE] CID:8 zone=2 edge_port=9996
[EDGE-RTT] CID:8 wall=1.9 ms  sim_delay=5.0 ms
[CUSUM] CID:8 S=0.000/0.800 pEdge=0.010 pCusum=0.020
[POST-HANDOVER] CID:8 zone=2 pkt=1/10 credit_factor=0.150
>>> [UAV->CLOUD] BLK:62ba|TX:7.0.0.12|CID:8|TS:30.492|SPD:15.2|HDG:1.6|PX:685.6|PY:-40.0|...
[ECON-GATE] CID:8 probation active - suppressing OK reward 0.990
✓ [CAR 8] ACT=OK REP=0.631 RWD=0.000 PNL=0.000 CREDIT=1
[PASSIVE-BEACON] SIMNOW:30.565 CID:3 ZONE:2 RXUAV:2 EDGEPORT:9996 TS:30.550 SPD:15.200 HDG:1.200 PX:666.000 PY:-40.000 LAN:4 BRK:0 RX_X:0.000 RX_Y:0.000 RX_Z:0.000
[HTD] CID:3 handover Z1->Z2 trust discounted at PX=666.0 delta=0.3 alpha:18.0->6.8 beta:15.2->5.3 obs/window reset probationK=10
[CUSUM] CID:3 activated at HANDOVER Z1->Z2 PX=666.0 warmupK=0 mu0=0.2 h=0.8 minObs=3 edgeMax=0.5
[ZONE-ROUTE] CID:3 zone=2 edge_port=9996
[EDGE-RTT] CID:3 wall=1.7 ms  sim_delay=5.0 ms
[CUSUM] CID:3 S=0.000/0.800 pEdge=0.009 pCusum=0.020
[POST-HANDOVER] CID:3 zone=2 pkt=1/10 credit_factor=0.150
>>> [UAV->CLOUD] BLK:4082|TX:7.0.0.7|CID:3|TS:30.550|SPD:15.2|HDG:1.2|PX:666.0|PY:-40.0|L...
[ECON-GATE] CID:3 probation active - suppressing OK reward 0.991
✓ [CAR 3] ACT=OK REP=0.668 RWD=0.000 PNL=0.000 CREDIT=1
[ATTACK-EMIT] CID:2 activeWindow=YES falsified=YES simT=30.590 realPX=657.050 fakePX=657.050 realSPD=15.000 fakeSPD=20.000 realTS=30.590 fakeTS=30.590 lane=99
[PASSIVE-BEACON] SIMNOW:30.604 CID:4 ZONE:2 RXUAV:2 EDGEPORT:9996 TS:30.590 SPD:24.900 HDG:0.600 PX:665.100 PY:-50.000 LAN:5 BRK:0 RX_X:0.000 RX_Y:0.000 RX_Z:0.000
[HTD] CID:4 handover Z1->Z2 trust discounted at PX=665.1 delta=0.3 alpha:20.0->7.4 beta:13.6->4.8 obs/window reset probationK=10
[CUSUM] CID:4 activated at HANDOVER Z1->Z2 PX=665.1 warmupK=0 mu0=0.2 h=0.8 minObs=3 edgeMax=0.5
[ZONE-ROUTE] CID:4 zone=2 edge_port=9996
[EDGE-RTT] CID:4 wall=1.7 ms  sim_delay=5.0 ms
[CUSUM] CID:4 S=0.000/0.800 pEdge=0.203 pCusum=0.020
[POST-HANDOVER] CID:4 zone=2 pkt=1/10 credit_factor=0.150
>>> [UAV->CLOUD] BLK:9cd0|TX:7.0.0.8|CID:4|TS:30.590|SPD:24.9|HDG:0.6|PX:665.1|PY:-50.0|L...
[PASSIVE-BEACON] SIMNOW:30.604 CID:2 ZONE:2 RXUAV:2 EDGEPORT:9996 TS:30.590 SPD:20.000 HDG:0.000 PX:657.100 PY:-30.000 LAN:99 BRK:0 RX_X:0.000 RX_Y:0.000 RX_Z:0.000
[ATTACK-EMIT] CID:7 activeWindow=YES falsified=YES simT=30.612 realPX=677.380 fakePX=568.340 realSPD=15.000 fakeSPD=20.000 realTS=30.612 fakeTS=30.112 lane=99
[ECON-CLAWBACK] CID:4 ACT=WARN prior_payoff=-71.683 extra_penalty=6.250 new_payoff=-78.035
[FORGIVENESS] CID:4 WARN #22 — streak reset, benefits revoked
⚠ [CAR 4] ACT=WARN REP=0.477 RWD=0.000 PNL=6.352 CREDIT=-2
[PASSIVE-BEACON] SIMNOW:30.626 CID:7 ZONE:1 RXUAV:1 EDGEPORT:9998 TS:30.112 SPD:20.000 HDG:0.000 PX:568.300 PY:-30.000 LAN:99 BRK:0 RX_X:0.000 RX_Y:0.000 RX_Z:0.000
[ATTACK-EMIT] CID:0 activeWindow=YES falsified=YES simT=30.780 realPX=639.900 fakePX=639.900 realSPD=15.000 fakeSPD=20.000 realTS=30.780 fakeTS=30.780 lane=99
[PASSIVE-BEACON] SIMNOW:30.794 CID:0 ZONE:2 RXUAV:2 EDGEPORT:9996 TS:30.780 SPD:20.000 HDG:0.000 PX:639.900 PY:-10.000 LAN:99 BRK:0 RX_X:0.000 RX_Y:0.000 RX_Z:0.000
[PASSIVE-BEACON] SIMNOW:30.814 CID:1 ZONE:2 RXUAV:2 EDGEPORT:9996 TS:30.800 SPD:14.800 HDG:-0.300 PX:650.600 PY:-20.000 LAN:2 BRK:0 RX_X:0.000 RX_Y:0.000 RX_Z:0.000
[HTD] CID:1 handover Z1->Z2 trust discounted at PX=650.6 delta=0.3 alpha:18.5->6.9 beta:14.1->4.9 obs/window reset probationK=10
[CUSUM] CID:1 activated at HANDOVER Z1->Z2 PX=650.6 warmupK=0 mu0=0.2 h=0.8 minObs=3 edgeMax=0.5
[ZONE-ROUTE] CID:1 zone=2 edge_port=9996
[EDGE-RTT] CID:1 wall=1.6 ms  sim_delay=5.0 ms
[CUSUM] CID:1 S=0.000/0.800 pEdge=0.000 pCusum=0.020
[POST-HANDOVER] CID:1 zone=2 pkt=1/10 credit_factor=0.150
>>> [UAV->CLOUD] BLK:fe23|TX:7.0.0.5|CID:1|TS:30.800|SPD:14.8|HDG:-0.3|PX:650.6|PY:-20.0|...
[ECON-GATE] CID:1 probation active - suppressing OK reward 1.000
✓ [CAR 1] ACT=OK REP=0.436 RWD=0.000 PNL=0.000 CREDIT=9
[PASSIVE-BEACON] SIMNOW:30.882 CID:5 ZONE:2 RXUAV:2 EDGEPORT:9996 TS:30.862 SPD:14.900 HDG:-1.000 PX:660.700 PY:-10.000 LAN:1 BRK:0 RX_X:0.000 RX_Y:0.000 RX_Z:0.000
[HTD] CID:5 handover Z1->Z2 trust discounted at PX=660.7 delta=0.3 alpha:19.4->7.2 beta:14.2->4.9 obs/window reset probationK=10
[CUSUM] CID:5 activated at HANDOVER Z1->Z2 PX=660.7 warmupK=0 mu0=0.2 h=0.8 minObs=3 edgeMax=0.5
[ZONE-ROUTE] CID:5 zone=2 edge_port=9996
[EDGE-RTT] CID:5 wall=1.7 ms  sim_delay=5.0 ms
[CUSUM] CID:5 S=0.000/0.800 pEdge=0.000 pCusum=0.020
[POST-HANDOVER] CID:5 zone=2 pkt=1/10 credit_factor=0.150
>>> [UAV->CLOUD] BLK:d8f1|TX:7.0.0.9|CID:5|TS:30.862|SPD:14.9|HDG:-1.0|PX:660.7|PY:-10.0|...
[ECON-GATE] CID:5 probation active - suppressing OK reward 1.000
[ECON-RESTORE] CID:5 probation cleared after 15 clean packets
✓ [CAR 5] ACT=OK REP=0.689 RWD=0.000 PNL=0.000 CREDIT=14
[PASSIVE-BEACON] SIMNOW:30.896 CID:6 ZONE:2 RXUAV:2 EDGEPORT:9996 TS:30.882 SPD:15.200 HDG:-0.400 PX:670.700 PY:-20.000 LAN:2 BRK:0 RX_X:0.000 RX_Y:0.000 RX_Z:0.000
[HTD] CID:6 handover Z1->Z2 trust discounted at PX=670.7 delta=0.3 alpha:18.0->6.8 beta:14.7->5.1 obs/window reset probationK=10
[CUSUM] CID:6 activated at HANDOVER Z1->Z2 PX=670.7 warmupK=0 mu0=0.2 h=0.8 minObs=3 edgeMax=0.5
[ZONE-ROUTE] CID:6 zone=2 edge_port=9996
[EDGE-RTT] CID:6 wall=1.7 ms  sim_delay=5.0 ms
[CUSUM] CID:6 S=0.000/0.800 pEdge=0.000 pCusum=0.020
[POST-HANDOVER] CID:6 zone=2 pkt=1/10 credit_factor=0.150
>>> [UAV->CLOUD] BLK:26df|TX:7.0.0.10|CID:6|TS:30.882|SPD:15.2|HDG:-0.4|PX:670.7|PY:-20.0...
[ECON-GATE] CID:6 probation active - suppressing OK reward 1.000
✓ [CAR 6] ACT=OK REP=0.486 RWD=0.000 PNL=0.000 CREDIT=10
[PASSIVE-BEACON] SIMNOW:30.927 CID:9 ZONE:2 RXUAV:2 EDGEPORT:9996 TS:30.912 SPD:25.100 HDG:0.100 PX:693.500 PY:-50.000 LAN:5 BRK:0 RX_X:0.000 RX_Y:0.000 RX_Z:0.000
[HTD] CID:9 handover Z1->Z2 trust discounted at PX=693.5 delta=0.3 alpha:19.5->7.2 beta:13.6->4.8 obs/window reset probationK=10
[CUSUM] CID:9 activated at HANDOVER Z1->Z2 PX=693.5 warmupK=0 mu0=0.2 h=0.8 minObs=3 edgeMax=0.5
[ZONE-ROUTE] CID:9 zone=2 edge_port=9996
[EDGE-RTT] CID:9 wall=1.9 ms  sim_delay=5.0 ms
[CUSUM] CID:9 S=0.000/0.800 pEdge=0.205 pCusum=0.020
[POST-HANDOVER] CID:9 zone=2 pkt=1/10 credit_factor=0.150
>>> [UAV->CLOUD] BLK:f8dc|TX:7.0.0.13|CID:9|TS:30.912|SPD:25.1|HDG:0.1|PX:693.5|PY:-50.0|...
[ECON-CLAWBACK] CID:9 ACT=WARN prior_payoff=-71.741 extra_penalty=6.250 new_payoff=-78.093
[FORGIVENESS] CID:9 WARN #22 — streak reset, benefits revoked
⚠ [CAR 9] ACT=WARN REP=0.602 RWD=0.000 PNL=6.352 CREDIT=-2
[PASSIVE-BEACON] SIMNOW:31.006 CID:8 ZONE:2 RXUAV:2 EDGEPORT:9996 TS:30.992 SPD:15.100 HDG:-1.300 PX:692.500 PY:-40.000 LAN:4 BRK:0 RX_X:0.000 RX_Y:0.000 RX_Z:0.000
[ZONE-ROUTE] CID:8 zone=2 edge_port=9996
[EDGE-RTT] CID:8 wall=1.6 ms  sim_delay=5.0 ms
[CUSUM] CID:8 S=0.000/0.800 pEdge=0.001 pCusum=0.020
[POST-HANDOVER] CID:8 zone=2 pkt=2/10 credit_factor=0.150
>>> [UAV->CLOUD] BLK:9171|TX:7.0.0.12|CID:8|TS:30.992|SPD:15.1|HDG:-1.3|PX:692.5|PY:-40.0...
[ECON-GATE] CID:8 probation active - suppressing OK reward 0.999
✓ [CAR 8] ACT=OK REP=0.630 RWD=0.000 PNL=0.000 CREDIT=2
[PASSIVE-BEACON] SIMNOW:31.064 CID:3 ZONE:2 RXUAV:2 EDGEPORT:9996 TS:31.050 SPD:14.600 HDG:-1.000 PX:673.400 PY:-40.000 LAN:4 BRK:0 RX_X:0.000 RX_Y:0.000 RX_Z:0.000
[ZONE-ROUTE] CID:3 zone=2 edge_port=9996
[EDGE-RTT] CID:3 wall=1.7 ms  sim_delay=5.0 ms
[CUSUM] CID:3 S=0.000/0.800 pEdge=0.001 pCusum=0.020
[POST-HANDOVER] CID:3 zone=2 pkt=2/10 credit_factor=0.150
>>> [UAV->CLOUD] BLK:1ba0|TX:7.0.0.7|CID:3|TS:31.050|SPD:14.6|HDG:-1.0|PX:673.4|PY:-40.0|...
[ECON-GATE] CID:3 probation active - suppressing OK reward 0.999
✓ [CAR 3] ACT=OK REP=0.623 RWD=0.000 PNL=0.000 CREDIT=2
[ATTACK-EMIT] CID:2 activeWindow=YES falsified=YES simT=31.090 realPX=664.550 fakePX=560.518 realSPD=15.000 fakeSPD=20.000 realTS=31.090 fakeTS=30.590 lane=99
[PASSIVE-BEACON] SIMNOW:31.104 CID:4 ZONE:2 RXUAV:2 EDGEPORT:9996 TS:31.090 SPD:24.800 HDG:-1.500 PX:678.200 PY:-50.000 LAN:5 BRK:1 RX_X:0.000 RX_Y:0.000 RX_Z:0.000
[ZONE-ROUTE] CID:4 zone=2 edge_port=9996
[EDGE-RTT] CID:4 wall=1.6 ms  sim_delay=5.0 ms
[CUSUM] CID:4 S=0.000/0.800 pEdge=0.202 pCusum=0.020
[POST-HANDOVER] CID:4 zone=2 pkt=2/10 credit_factor=0.150
>>> [UAV->CLOUD] BLK:d53a|TX:7.0.0.8|CID:4|TS:31.090|SPD:24.8|HDG:-1.5|PX:678.2|PY:-50.0|...
[PASSIVE-BEACON] SIMNOW:31.104 CID:2 ZONE:1 RXUAV:1 EDGEPORT:9998 TS:30.590 SPD:20.000 HDG:0.000 PX:560.500 PY:-30.000 LAN:99 BRK:0 RX_X:0.000 RX_Y:0.000 RX_Z:0.000
[ATTACK-EMIT] CID:7 activeWindow=YES falsified=YES simT=31.112 realPX=684.880 fakePX=684.880 realSPD=15.000 fakeSPD=20.000 realTS=31.112 fakeTS=31.112 lane=99
[ECON-CLAWBACK] CID:4 ACT=WARN prior_payoff=-78.035 extra_penalty=6.500 new_payoff=-84.636
[FORGIVENESS] CID:4 WARN #23 — streak reset, benefits revoked
⚠ [CAR 4] ACT=WARN REP=0.746 RWD=0.000 PNL=6.601 CREDIT=-2
[PASSIVE-BEACON] SIMNOW:31.129 CID:7 ZONE:2 RXUAV:2 EDGEPORT:9996 TS:31.112 SPD:20.000 HDG:0.000 PX:684.900 PY:-30.000 LAN:99 BRK:0 RX_X:0.000 RX_Y:0.000 RX_Z:0.000
[ATTACK-EMIT] CID:0 activeWindow=YES falsified=YES simT=31.280 realPX=647.400 fakePX=565.164 realSPD=15.000 fakeSPD=20.000 realTS=31.280 fakeTS=30.780 lane=99
[PASSIVE-BEACON] SIMNOW:31.294 CID:0 ZONE:1 RXUAV:1 EDGEPORT:9998 TS:30.780 SPD:20.000 HDG:0.000 PX:565.200 PY:-10.000 LAN:99 BRK:1 RX_X:0.000 RX_Y:0.000 RX_Z:0.000
[PASSIVE-BEACON] SIMNOW:31.314 CID:1 ZONE:2 RXUAV:2 EDGEPORT:9996 TS:31.300 SPD:15.400 HDG:0.200 PX:657.600 PY:-20.000 LAN:2 BRK:0 RX_X:0.000 RX_Y:0.000 RX_Z:0.000
[ZONE-ROUTE] CID:1 zone=2 edge_port=9996
[EDGE-RTT] CID:1 wall=1.6 ms  sim_delay=5.0 ms
[CUSUM] CID:1 S=0.000/0.800 pEdge=0.000 pCusum=0.020
[POST-HANDOVER] CID:1 zone=2 pkt=2/10 credit_factor=0.150
>>> [UAV->CLOUD] BLK:6a3e|TX:7.0.0.5|CID:1|TS:31.300|SPD:15.4|HDG:0.2|PX:657.6|PY:-20.0|L...
[ECON-GATE] CID:1 probation active - suppressing OK reward 1.000
✓ [CAR 1] ACT=OK REP=0.654 RWD=0.000 PNL=0.000 CREDIT=10
[PASSIVE-BEACON] SIMNOW:31.379 CID:5 ZONE:2 RXUAV:2 EDGEPORT:9996 TS:31.362 SPD:15.100 HDG:2.000 PX:669.100 PY:-10.000 LAN:1 BRK:1 RX_X:0.000 RX_Y:0.000 RX_Z:0.000
[ZONE-ROUTE] CID:5 zone=2 edge_port=9996
[EDGE-RTT] CID:5 wall=1.7 ms  sim_delay=5.0 ms
[CUSUM] CID:5 S=0.000/0.800 pEdge=0.000 pCusum=0.020
[POST-HANDOVER] CID:5 zone=2 pkt=2/10 credit_factor=0.150
>>> [UAV->CLOUD] BLK:cb02|TX:7.0.0.9|CID:5|TS:31.362|SPD:15.1|HDG:2.0|PX:669.1|PY:-10.0|L...
✓ [CAR 5] ACT=OK REP=0.516 RWD=1.000 PNL=0.000 CREDIT=15
[PASSIVE-BEACON] SIMNOW:31.396 CID:6 ZONE:2 RXUAV:2 EDGEPORT:9996 TS:31.382 SPD:15.200 HDG:1.000 PX:679.400 PY:-20.000 LAN:2 BRK:1 RX_X:0.000 RX_Y:0.000 RX_Z:0.000
[ZONE-ROUTE] CID:6 zone=2 edge_port=9996
[EDGE-RTT] CID:6 wall=1.5 ms  sim_delay=5.0 ms
[CUSUM] CID:6 S=0.000/0.800 pEdge=0.000 pCusum=0.020
[POST-HANDOVER] CID:6 zone=2 pkt=2/10 credit_factor=0.150
>>> [UAV->CLOUD] BLK:7e1f|TX:7.0.0.10|CID:6|TS:31.382|SPD:15.2|HDG:1.0|PX:679.4|PY:-20.0|...
[ECON-GATE] CID:6 probation active - suppressing OK reward 1.000
✓ [CAR 6] ACT=OK REP=0.650 RWD=0.000 PNL=0.000 CREDIT=11
[PASSIVE-BEACON] SIMNOW:31.426 CID:9 ZONE:2 RXUAV:2 EDGEPORT:9996 TS:31.412 SPD:25.300 HDG:-1.100 PX:706.600 PY:-50.000 LAN:5 BRK:0 RX_X:0.000 RX_Y:0.000 RX_Z:0.000
[ZONE-ROUTE] CID:9 zone=2 edge_port=9996
[EDGE-RTT] CID:9 wall=1.5 ms  sim_delay=5.0 ms
[CUSUM] CID:9 S=0.000/0.800 pEdge=0.206 pCusum=0.020
[POST-HANDOVER] CID:9 zone=2 pkt=2/10 credit_factor=0.150
>>> [UAV->CLOUD] BLK:0852|TX:7.0.0.13|CID:9|TS:31.412|SPD:25.3|HDG:-1.1|PX:706.6|PY:-50.0...
[ECON-CLAWBACK] CID:9 ACT=WARN prior_payoff=-78.093 extra_penalty=6.500 new_payoff=-84.696
[FORGIVENESS] CID:9 WARN #23 — streak reset, benefits revoked
⚠ [CAR 9] ACT=WARN REP=0.378 RWD=0.000 PNL=6.603 CREDIT=-2
[PASSIVE-BEACON] SIMNOW:31.506 CID:8 ZONE:2 RXUAV:2 EDGEPORT:9996 TS:31.492 SPD:15.200 HDG:-0.200 PX:700.200 PY:-40.000 LAN:4 BRK:0 RX_X:0.000 RX_Y:0.000 RX_Z:0.000
[ZONE-ROUTE] CID:8 zone=2 edge_port=9996
[EDGE-RTT] CID:8 wall=1.7 ms  sim_delay=5.0 ms
[CUSUM] CID:8 S=0.000/0.800 pEdge=0.000 pCusum=0.020
[POST-HANDOVER] CID:8 zone=2 pkt=3/10 credit_factor=0.150
>>> [UAV->CLOUD] BLK:fcfc|TX:7.0.0.12|CID:8|TS:31.492|SPD:15.2|HDG:-0.2|PX:700.2|PY:-40.0...
[ECON-GATE] CID:8 probation active - suppressing OK reward 1.000
✓ [CAR 8] ACT=OK REP=0.873 RWD=0.000 PNL=0.000 CREDIT=3
[PASSIVE-BEACON] SIMNOW:31.565 CID:3 ZONE:2 RXUAV:2 EDGEPORT:9996 TS:31.550 SPD:15.300 HDG:-0.700 PX:680.700 PY:-40.000 LAN:4 BRK:0 RX_X:0.000 RX_Y:0.000 RX_Z:0.000
[ZONE-ROUTE] CID:3 zone=2 edge_port=9996
[EDGE-RTT] CID:3 wall=1.5 ms  sim_delay=5.0 ms
[CUSUM] CID:3 S=0.000/0.800 pEdge=0.000 pCusum=0.020
[POST-HANDOVER] CID:3 zone=2 pkt=3/10 credit_factor=0.150
>>> [UAV->CLOUD] BLK:f443|TX:7.0.0.7|CID:3|TS:31.550|SPD:15.3|HDG:-0.7|PX:680.7|PY:-40.0|...
[ECON-GATE] CID:3 probation active - suppressing OK reward 1.000
✓ [CAR 3] ACT=OK REP=0.299 RWD=0.000 PNL=0.000 CREDIT=3
[ATTACK-EMIT] CID:2 activeWindow=YES falsified=YES simT=31.590 realPX=672.050 fakePX=672.050 realSPD=15.000 fakeSPD=20.000 realTS=31.590 fakeTS=31.590 lane=99
[PASSIVE-BEACON] SIMNOW:31.604 CID:4 ZONE:2 RXUAV:2 EDGEPORT:9996 TS:31.590 SPD:25.500 HDG:-1.300 PX:690.300 PY:-50.000 LAN:5 BRK:0 RX_X:0.000 RX_Y:0.000 RX_Z:0.000
[ZONE-ROUTE] CID:4 zone=2 edge_port=9996
[EDGE-RTT] CID:4 wall=1.7 ms  sim_delay=5.0 ms
[CUSUM] CID:4 S=0.000/0.800 pEdge=0.206 pCusum=0.020
[POST-HANDOVER] CID:4 zone=2 pkt=3/10 credit_factor=0.150
>>> [UAV->CLOUD] BLK:ca49|TX:7.0.0.8|CID:4|TS:31.590|SPD:25.5|HDG:-1.3|PX:690.3|PY:-50.0|...
[PASSIVE-BEACON] SIMNOW:31.604 CID:2 ZONE:2 RXUAV:2 EDGEPORT:9996 TS:31.590 SPD:20.000 HDG:0.000 PX:672.100 PY:-30.000 LAN:99 BRK:0 RX_X:0.000 RX_Y:0.000 RX_Z:0.000
[ATTACK-EMIT] CID:7 activeWindow=YES falsified=YES simT=31.612 realPX=692.380 fakePX=692.380 realSPD=15.000 fakeSPD=20.000 realTS=31.612 fakeTS=31.612 lane=99
[ECON-CLAWBACK] CID:4 ACT=WARN prior_payoff=-84.636 extra_penalty=6.750 new_payoff=-91.489
[FORGIVENESS] CID:4 WARN #24 — streak reset, benefits revoked
⚠ [CAR 4] ACT=WARN REP=0.614 RWD=0.000 PNL=6.853 CREDIT=-2
[PASSIVE-BEACON] SIMNOW:31.626 CID:7 ZONE:2 RXUAV:2 EDGEPORT:9996 TS:31.612 SPD:20.000 HDG:0.000 PX:692.400 PY:-30.000 LAN:99 BRK:0 RX_X:0.000 RX_Y:0.000 RX_Z:0.000
[ATTACK-EMIT] CID:0 activeWindow=YES falsified=YES simT=31.780 realPX=654.900 fakePX=654.900 realSPD=15.000 fakeSPD=20.000 realTS=31.780 fakeTS=31.780 lane=99
[PASSIVE-BEACON] SIMNOW:31.792 CID:0 ZONE:2 RXUAV:2 EDGEPORT:9996 TS:31.780 SPD:20.000 HDG:0.000 PX:654.900 PY:-10.000 LAN:99 BRK:1 RX_X:0.000 RX_Y:0.000 RX_Z:0.000
[PASSIVE-BEACON] SIMNOW:31.814 CID:1 ZONE:2 RXUAV:2 EDGEPORT:9996 TS:31.800 SPD:15.400 HDG:-0.600 PX:664.600 PY:-20.000 LAN:2 BRK:0 RX_X:0.000 RX_Y:0.000 RX_Z:0.000
[ZONE-ROUTE] CID:1 zone=2 edge_port=9996
[EDGE-RTT] CID:1 wall=1.8 ms  sim_delay=5.0 ms
[CUSUM] CID:1 S=0.000/0.800 pEdge=0.000 pCusum=0.020
[POST-HANDOVER] CID:1 zone=2 pkt=3/10 credit_factor=0.150
>>> [UAV->CLOUD] BLK:ee4e|TX:7.0.0.5|CID:1|TS:31.800|SPD:15.4|HDG:-0.6|PX:664.6|PY:-20.0|...
[ECON-GATE] CID:1 probation active - suppressing OK reward 1.000
✓ [CAR 1] ACT=OK REP=0.798 RWD=0.000 PNL=0.000 CREDIT=11
[PASSIVE-BEACON] SIMNOW:31.879 CID:5 ZONE:2 RXUAV:2 EDGEPORT:9996 TS:31.862 SPD:14.500 HDG:0.500 PX:676.600 PY:-10.000 LAN:1 BRK:0 RX_X:0.000 RX_Y:0.000 RX_Z:0.000
[ZONE-ROUTE] CID:5 zone=2 edge_port=9996
[EDGE-RTT] CID:5 wall=1.6 ms  sim_delay=5.0 ms
[CUSUM] CID:5 S=0.000/0.800 pEdge=0.000 pCusum=0.020
[POST-HANDOVER] CID:5 zone=2 pkt=3/10 credit_factor=0.150
>>> [UAV->CLOUD] BLK:1d93|TX:7.0.0.9|CID:5|TS:31.862|SPD:14.5|HDG:0.5|PX:676.6|PY:-10.0|L...
✓ [CAR 5] ACT=OK REP=0.713 RWD=1.000 PNL=0.000 CREDIT=16
[PASSIVE-BEACON] SIMNOW:31.896 CID:6 ZONE:2 RXUAV:2 EDGEPORT:9996 TS:31.882 SPD:14.800 HDG:-1.800 PX:685.700 PY:-20.000 LAN:2 BRK:0 RX_X:0.000 RX_Y:0.000 RX_Z:0.000
[ZONE-ROUTE] CID:6 zone=2 edge_port=9996
[EDGE-RTT] CID:6 wall=1.5 ms  sim_delay=5.0 ms
[CUSUM] CID:6 S=0.000/0.800 pEdge=0.000 pCusum=0.020
[POST-HANDOVER] CID:6 zone=2 pkt=3/10 credit_factor=0.150
>>> [UAV->CLOUD] BLK:f916|TX:7.0.0.10|CID:6|TS:31.882|SPD:14.8|HDG:-1.8|PX:685.7|PY:-20.0...
[ECON-GATE] CID:6 probation active - suppressing OK reward 1.000
✓ [CAR 6] ACT=OK REP=0.354 RWD=0.000 PNL=0.000 CREDIT=12
[PASSIVE-BEACON] SIMNOW:31.929 CID:9 ZONE:2 RXUAV:2 EDGEPORT:9996 TS:31.912 SPD:15.000 HDG:-0.400 PX:716.900 PY:-50.000 LAN:5 BRK:1 RX_X:0.000 RX_Y:0.000 RX_Z:0.000
[ZONE-ROUTE] CID:9 zone=2 edge_port=9996
[EDGE-RTT] CID:9 wall=1.8 ms  sim_delay=5.0 ms
[CUSUM] CID:9 S=0.000/0.800 pEdge=0.021 pCusum=0.020
[POST-HANDOVER] CID:9 zone=2 pkt=3/10 credit_factor=0.150
>>> [UAV->CLOUD] BLK:2bdb|TX:7.0.0.13|CID:9|TS:31.912|SPD:15.0|HDG:-0.4|PX:716.9|PY:-50.0...
[ECON-GATE] CID:9 probation active - suppressing OK reward 0.979
✓ [CAR 9] ACT=OK REP=0.606 RWD=0.000 PNL=0.000 CREDIT=0
[PASSIVE-BEACON] SIMNOW:32.006 CID:8 ZONE:2 RXUAV:2 EDGEPORT:9996 TS:31.992 SPD:14.500 HDG:0.400 PX:708.600 PY:-40.000 LAN:4 BRK:0 RX_X:0.000 RX_Y:0.000 RX_Z:0.000
[ZONE-ROUTE] CID:8 zone=2 edge_port=9996
[EDGE-RTT] CID:8 wall=1.9 ms  sim_delay=5.0 ms
[CUSUM] CID:8 S=0.000/0.800 pEdge=0.000 pCusum=0.020
[POST-HANDOVER] CID:8 zone=2 pkt=4/10 credit_factor=0.150
>>> [UAV->CLOUD] BLK:740e|TX:7.0.0.12|CID:8|TS:31.992|SPD:14.5|HDG:0.4|PX:708.6|PY:-40.0|...
[ECON-GATE] CID:8 probation active - suppressing OK reward 1.000
✓ [CAR 8] ACT=OK REP=0.802 RWD=0.000 PNL=0.000 CREDIT=4
[PASSIVE-BEACON] SIMNOW:32.064 CID:3 ZONE:2 RXUAV:2 EDGEPORT:9996 TS:32.050 SPD:14.800 HDG:-0.400 PX:689.100 PY:-40.000 LAN:4 BRK:0 RX_X:0.000 RX_Y:0.000 RX_Z:0.000
[ZONE-ROUTE] CID:3 zone=2 edge_port=9996
[EDGE-RTT] CID:3 wall=1.6 ms  sim_delay=5.0 ms
[CUSUM] CID:3 S=0.000/0.800 pEdge=0.000 pCusum=0.020
[POST-HANDOVER] CID:3 zone=2 pkt=4/10 credit_factor=0.150
>>> [UAV->CLOUD] BLK:5921|TX:7.0.0.7|CID:3|TS:32.050|SPD:14.8|HDG:-0.4|PX:689.1|PY:-40.0|...
[ECON-GATE] CID:3 probation active - suppressing OK reward 1.000
✓ [CAR 3] ACT=OK REP=0.586 RWD=0.000 PNL=0.000 CREDIT=4
[ATTACK-EMIT] CID:2 activeWindow=YES falsified=YES simT=32.090 realPX=679.550 fakePX=679.550 realSPD=15.000 fakeSPD=20.000 realTS=32.090 fakeTS=32.090 lane=99
[PASSIVE-BEACON] SIMNOW:32.104 CID:2 ZONE:2 RXUAV:2 EDGEPORT:9996 TS:32.090 SPD:20.000 HDG:0.000 PX:679.600 PY:-30.000 LAN:99 BRK:0 RX_X:0.000 RX_Y:0.000 RX_Z:0.000
[PASSIVE-BEACON] SIMNOW:32.107 CID:4 ZONE:2 RXUAV:2 EDGEPORT:9996 TS:32.090 SPD:15.400 HDG:-0.500 PX:700.100 PY:-50.000 LAN:5 BRK:0 RX_X:0.000 RX_Y:0.000 RX_Z:0.000
[ZONE-ROUTE] CID:4 zone=2 edge_port=9996
[EDGE-RTT] CID:4 wall=1.7 ms  sim_delay=5.0 ms
[CUSUM] CID:4 S=0.000/0.800 pEdge=0.012 pCusum=0.020
[POST-HANDOVER] CID:4 zone=2 pkt=4/10 credit_factor=0.150
>>> [UAV->CLOUD] BLK:e824|TX:7.0.0.8|CID:4|TS:32.090|SPD:15.4|HDG:-0.5|PX:700.1|PY:-50.0|...
[ATTACK-EMIT] CID:7 activeWindow=YES falsified=YES simT=32.112 realPX=699.880 fakePX=568.658 realSPD=15.000 fakeSPD=20.000 realTS=32.112 fakeTS=31.612 lane=99
[ECON-GATE] CID:4 probation active - suppressing OK reward 0.988
✓ [CAR 4] ACT=OK REP=0.362 RWD=0.000 PNL=0.000 CREDIT=0
[PASSIVE-BEACON] SIMNOW:32.126 CID:7 ZONE:1 RXUAV:1 EDGEPORT:9998 TS:31.612 SPD:20.000 HDG:0.000 PX:568.700 PY:-30.000 LAN:99 BRK:0 RX_X:0.000 RX_Y:0.000 RX_Z:0.000
[ATTACK-EMIT] CID:0 activeWindow=YES falsified=YES simT=32.280 realPX=662.400 fakePX=662.400 realSPD=15.000 fakeSPD=20.000 realTS=32.280 fakeTS=32.280 lane=99
[PASSIVE-BEACON] SIMNOW:32.294 CID:0 ZONE:2 RXUAV:2 EDGEPORT:9996 TS:32.280 SPD:20.000 HDG:0.000 PX:662.400 PY:-10.000 LAN:99 BRK:0 RX_X:0.000 RX_Y:0.000 RX_Z:0.000
[PASSIVE-BEACON] SIMNOW:32.314 CID:1 ZONE:2 RXUAV:2 EDGEPORT:9996 TS:32.300 SPD:14.900 HDG:-0.900 PX:672.600 PY:-20.000 LAN:2 BRK:0 RX_X:0.000 RX_Y:0.000 RX_Z:0.000
[ZONE-ROUTE] CID:1 zone=2 edge_port=9996
[EDGE-RTT] CID:1 wall=1.7 ms  sim_delay=5.0 ms
[CUSUM] CID:1 S=0.000/0.800 pEdge=0.000 pCusum=0.020
[POST-HANDOVER] CID:1 zone=2 pkt=4/10 credit_factor=0.150
>>> [UAV->CLOUD] BLK:e675|TX:7.0.0.5|CID:1|TS:32.300|SPD:14.9|HDG:-0.9|PX:672.6|PY:-20.0|...
[ECON-GATE] CID:1 probation active - suppressing OK reward 1.000
✓ [CAR 1] ACT=OK REP=0.484 RWD=0.000 PNL=0.000 CREDIT=12
[PASSIVE-BEACON] SIMNOW:32.377 CID:5 ZONE:2 RXUAV:2 EDGEPORT:9996 TS:32.362 SPD:15.100 HDG:-1.800 PX:683.300 PY:-10.000 LAN:1 BRK:0 RX_X:0.000 RX_Y:0.000 RX_Z:0.000
[ZONE-ROUTE] CID:5 zone=2 edge_port=9996
[EDGE-RTT] CID:5 wall=1.6 ms  sim_delay=5.0 ms
[CUSUM] CID:5 S=0.000/0.800 pEdge=0.000 pCusum=0.020
[POST-HANDOVER] CID:5 zone=2 pkt=4/10 credit_factor=0.150
>>> [UAV->CLOUD] BLK:e80b|TX:7.0.0.9|CID:5|TS:32.362|SPD:15.1|HDG:-1.8|PX:683.3|PY:-10.0|...
✓ [CAR 5] ACT=OK REP=0.964 RWD=1.000 PNL=0.000 CREDIT=17
[PASSIVE-BEACON] SIMNOW:32.396 CID:6 ZONE:2 RXUAV:2 EDGEPORT:9996 TS:32.382 SPD:14.900 HDG:-0.200 PX:694.200 PY:-20.000 LAN:2 BRK:0 RX_X:0.000 RX_Y:0.000 RX_Z:0.000
[ZONE-ROUTE] CID:6 zone=2 edge_port=9996
[EDGE-RTT] CID:6 wall=1.6 ms  sim_delay=5.0 ms
[CUSUM] CID:6 S=0.000/0.800 pEdge=0.000 pCusum=0.020
[POST-HANDOVER] CID:6 zone=2 pkt=4/10 credit_factor=0.150
>>> [UAV->CLOUD] BLK:b563|TX:7.0.0.10|CID:6|TS:32.382|SPD:14.9|HDG:-0.2|PX:694.2|PY:-20.0...
[ECON-GATE] CID:6 probation active - suppressing OK reward 1.000
✓ [CAR 6] ACT=OK REP=0.615 RWD=0.000 PNL=0.000 CREDIT=13
[PASSIVE-BEACON] SIMNOW:32.426 CID:9 ZONE:2 RXUAV:2 EDGEPORT:9996 TS:32.412 SPD:14.900 HDG:-1.000 PX:724.400 PY:-50.000 LAN:5 BRK:0 RX_X:0.000 RX_Y:0.000 RX_Z:0.000
[ZONE-ROUTE] CID:9 zone=2 edge_port=9996
[EDGE-RTT] CID:9 wall=1.4 ms  sim_delay=5.0 ms
[CUSUM] CID:9 S=0.000/0.800 pEdge=0.012 pCusum=0.020
[POST-HANDOVER] CID:9 zone=2 pkt=4/10 credit_factor=0.150
>>> [UAV->CLOUD] BLK:d70f|TX:7.0.0.13|CID:9|TS:32.412|SPD:14.9|HDG:-1.0|PX:724.4|PY:-50.0...
[ECON-GATE] CID:9 probation active - suppressing OK reward 0.988
✓ [CAR 9] ACT=OK REP=0.809 RWD=0.000 PNL=0.000 CREDIT=1
[PASSIVE-BEACON] SIMNOW:32.506 CID:8 ZONE:2 RXUAV:2 EDGEPORT:9996 TS:32.492 SPD:14.600 HDG:-1.300 PX:715.600 PY:-40.000 LAN:4 BRK:1 RX_X:0.000 RX_Y:0.000 RX_Z:0.000
[ZONE-ROUTE] CID:8 zone=2 edge_port=9996
[EDGE-RTT] CID:8 wall=1.2 ms  sim_delay=5.0 ms
[CUSUM] CID:8 S=0.000/0.800 pEdge=0.000 pCusum=0.020
[POST-HANDOVER] CID:8 zone=2 pkt=5/10 credit_factor=0.150
>>> [UAV->CLOUD] BLK:bf9a|TX:7.0.0.12|CID:8|TS:32.492|SPD:14.6|HDG:-1.3|PX:715.6|PY:-40.0...
[ECON-GATE] CID:8 probation active - suppressing OK reward 1.000
✓ [CAR 8] ACT=OK REP=0.447 RWD=0.000 PNL=0.000 CREDIT=5
[PASSIVE-BEACON] SIMNOW:32.565 CID:3 ZONE:2 RXUAV:2 EDGEPORT:9996 TS:32.550 SPD:14.800 HDG:-1.900 PX:696.800 PY:-40.000 LAN:4 BRK:0 RX_X:0.000 RX_Y:0.000 RX_Z:0.000
[ZONE-ROUTE] CID:3 zone=2 edge_port=9996
[EDGE-RTT] CID:3 wall=1.7 ms  sim_delay=5.0 ms
[CUSUM] CID:3 S=0.000/0.800 pEdge=0.000 pCusum=0.020
[POST-HANDOVER] CID:3 zone=2 pkt=5/10 credit_factor=0.150
>>> [UAV->CLOUD] BLK:840f|TX:7.0.0.7|CID:3|TS:32.550|SPD:14.8|HDG:-1.9|PX:696.8|PY:-40.0|...
[ECON-GATE] CID:3 probation active - suppressing OK reward 1.000
✓ [CAR 3] ACT=OK REP=0.562 RWD=0.000 PNL=0.000 CREDIT=5
[ATTACK-EMIT] CID:2 activeWindow=YES falsified=YES simT=32.590 realPX=687.050 fakePX=560.176 realSPD=15.000 fakeSPD=20.000 realTS=32.590 fakeTS=32.090 lane=99
[PASSIVE-BEACON] SIMNOW:32.604 CID:4 ZONE:2 RXUAV:2 EDGEPORT:9996 TS:32.590 SPD:15.300 HDG:-0.800 PX:706.700 PY:-50.000 LAN:5 BRK:0 RX_X:0.000 RX_Y:0.000 RX_Z:0.000
[ZONE-ROUTE] CID:4 zone=2 edge_port=9996
[EDGE-RTT] CID:4 wall=1.9 ms  sim_delay=5.0 ms
[CUSUM] CID:4 S=0.000/0.800 pEdge=0.003 pCusum=0.020
[POST-HANDOVER] CID:4 zone=2 pkt=5/10 credit_factor=0.150
>>> [UAV->CLOUD] BLK:00bf|TX:7.0.0.8|CID:4|TS:32.590|SPD:15.3|HDG:-0.8|PX:706.7|PY:-50.0|...
[PASSIVE-BEACON] SIMNOW:32.604 CID:2 ZONE:1 RXUAV:1 EDGEPORT:9998 TS:32.090 SPD:20.000 HDG:0.000 PX:560.200 PY:-30.000 LAN:99 BRK:0 RX_X:0.000 RX_Y:0.000 RX_Z:0.000
[ATTACK-EMIT] CID:7 activeWindow=YES falsified=YES simT=32.612 realPX=707.380 fakePX=707.380 realSPD=15.000 fakeSPD=20.000 realTS=32.612 fakeTS=32.612 lane=99
[ECON-GATE] CID:4 probation active - suppressing OK reward 0.997
✓ [CAR 4] ACT=OK REP=0.488 RWD=0.000 PNL=0.000 CREDIT=1
[PASSIVE-BEACON] SIMNOW:32.626 CID:7 ZONE:2 RXUAV:2 EDGEPORT:9996 TS:32.612 SPD:20.000 HDG:0.000 PX:707.400 PY:-30.000 LAN:99 BRK:1 RX_X:0.000 RX_Y:0.000 RX_Z:0.000
[ATTACK-EMIT] CID:0 activeWindow=YES falsified=YES simT=32.780 realPX=669.900 fakePX=564.792 realSPD=15.000 fakeSPD=20.000 realTS=32.780 fakeTS=32.280 lane=99
[PASSIVE-BEACON] SIMNOW:32.794 CID:0 ZONE:1 RXUAV:1 EDGEPORT:9998 TS:32.280 SPD:20.000 HDG:0.000 PX:564.800 PY:-10.000 LAN:99 BRK:0 RX_X:0.000 RX_Y:0.000 RX_Z:0.000
[PASSIVE-BEACON] SIMNOW:32.817 CID:1 ZONE:2 RXUAV:2 EDGEPORT:9996 TS:32.800 SPD:15.200 HDG:2.000 PX:679.800 PY:-20.000 LAN:2 BRK:0 RX_X:0.000 RX_Y:0.000 RX_Z:0.000
[ZONE-ROUTE] CID:1 zone=2 edge_port=9996
[EDGE-RTT] CID:1 wall=1.8 ms  sim_delay=5.0 ms
[CUSUM] CID:1 S=0.000/0.800 pEdge=0.000 pCusum=0.020
[POST-HANDOVER] CID:1 zone=2 pkt=5/10 credit_factor=0.150
>>> [UAV->CLOUD] BLK:43e7|TX:7.0.0.5|CID:1|TS:32.800|SPD:15.2|HDG:2.0|PX:679.8|PY:-20.0|L...
[ECON-GATE] CID:1 probation active - suppressing OK reward 1.000
✓ [CAR 1] ACT=OK REP=0.546 RWD=0.000 PNL=0.000 CREDIT=13
[PASSIVE-BEACON] SIMNOW:32.876 CID:5 ZONE:2 RXUAV:2 EDGEPORT:9996 TS:32.862 SPD:14.800 HDG:-1.100 PX:691.200 PY:-10.000 LAN:1 BRK:0 RX_X:0.000 RX_Y:0.000 RX_Z:0.000
[ZONE-ROUTE] CID:5 zone=2 edge_port=9996
[EDGE-RTT] CID:5 wall=1.6 ms  sim_delay=5.0 ms
[CUSUM] CID:5 S=0.000/0.800 pEdge=0.000 pCusum=0.020
[POST-HANDOVER] CID:5 zone=2 pkt=5/10 credit_factor=0.150
>>> [UAV->CLOUD] BLK:5c88|TX:7.0.0.9|CID:5|TS:32.862|SPD:14.8|HDG:-1.1|PX:691.2|PY:-10.0|...
✓ [CAR 5] ACT=OK REP=0.472 RWD=1.000 PNL=0.000 CREDIT=18
[PASSIVE-BEACON] SIMNOW:32.896 CID:6 ZONE:2 RXUAV:2 EDGEPORT:9996 TS:32.882 SPD:14.700 HDG:-1.200 PX:701.600 PY:-20.000 LAN:2 BRK:0 RX_X:0.000 RX_Y:0.000 RX_Z:0.000
[ZONE-ROUTE] CID:6 zone=2 edge_port=9996
[EDGE-RTT] CID:6 wall=1.6 ms  sim_delay=5.0 ms
[CUSUM] CID:6 S=0.000/0.800 pEdge=0.000 pCusum=0.020
[POST-HANDOVER] CID:6 zone=2 pkt=5/10 credit_factor=0.150
>>> [UAV->CLOUD] BLK:6e40|TX:7.0.0.10|CID:6|TS:32.882|SPD:14.7|HDG:-1.2|PX:701.6|PY:-20.0...
[ECON-GATE] CID:6 probation active - suppressing OK reward 1.000
[ECON-RESTORE] CID:6 probation cleared after 15 clean packets
✓ [CAR 6] ACT=OK REP=0.586 RWD=0.000 PNL=0.000 CREDIT=14
[PASSIVE-BEACON] SIMNOW:32.927 CID:9 ZONE:2 RXUAV:2 EDGEPORT:9996 TS:32.912 SPD:14.900 HDG:-1.300 PX:732.100 PY:-50.000 LAN:5 BRK:0 RX_X:0.000 RX_Y:0.000 RX_Z:0.000
[ZONE-ROUTE] CID:9 zone=2 edge_port=9996
[EDGE-RTT] CID:9 wall=1.7 ms  sim_delay=5.0 ms
[CUSUM] CID:9 S=0.000/0.800 pEdge=0.001 pCusum=0.020
[POST-HANDOVER] CID:9 zone=2 pkt=5/10 credit_factor=0.150
>>> [UAV->CLOUD] BLK:304b|TX:7.0.0.13|CID:9|TS:32.912|SPD:14.9|HDG:-1.3|PX:732.1|PY:-50.0...
[ECON-GATE] CID:9 probation active - suppressing OK reward 0.999
✓ [CAR 9] ACT=OK REP=0.719 RWD=0.000 PNL=0.000 CREDIT=2
[PASSIVE-BEACON] SIMNOW:33.006 CID:8 ZONE:2 RXUAV:2 EDGEPORT:9996 TS:32.992 SPD:15.300 HDG:1.600 PX:722.400 PY:-40.000 LAN:4 BRK:1 RX_X:0.000 RX_Y:0.000 RX_Z:0.000
[ZONE-ROUTE] CID:8 zone=2 edge_port=9996
[EDGE-RTT] CID:8 wall=1.6 ms  sim_delay=5.0 ms
[CUSUM] CID:8 S=0.000/0.800 pEdge=0.000 pCusum=0.020
[POST-HANDOVER] CID:8 zone=2 pkt=6/10 credit_factor=0.150
>>> [UAV->CLOUD] BLK:9939|TX:7.0.0.12|CID:8|TS:32.992|SPD:15.3|HDG:1.6|PX:722.4|PY:-40.0|...
[ECON-GATE] CID:8 probation active - suppressing OK reward 1.000
✓ [CAR 8] ACT=OK REP=0.543 RWD=0.000 PNL=0.000 CREDIT=6
[PASSIVE-BEACON] SIMNOW:33.064 CID:3 ZONE:2 RXUAV:2 EDGEPORT:9996 TS:33.050 SPD:15.000 HDG:1.000 PX:704.300 PY:-40.000 LAN:4 BRK:0 RX_X:0.000 RX_Y:0.000 RX_Z:0.000
[ZONE-ROUTE] CID:3 zone=2 edge_port=9996
[EDGE-RTT] CID:3 wall=1.7 ms  sim_delay=5.0 ms
[CUSUM] CID:3 S=0.000/0.800 pEdge=0.000 pCusum=0.020
[POST-HANDOVER] CID:3 zone=2 pkt=6/10 credit_factor=0.150
>>> [UAV->CLOUD] BLK:cef8|TX:7.0.0.7|CID:3|TS:33.050|SPD:15.0|HDG:1.0|PX:704.3|PY:-40.0|L...
[ECON-GATE] CID:3 probation active - suppressing OK reward 1.000
✓ [CAR 3] ACT=OK REP=0.701 RWD=0.000 PNL=0.000 CREDIT=6
[ATTACK-EMIT] CID:2 activeWindow=YES falsified=YES simT=33.090 realPX=694.550 fakePX=694.550 realSPD=15.000 fakeSPD=20.000 realTS=33.090 fakeTS=33.090 lane=99
[PASSIVE-BEACON] SIMNOW:33.104 CID:4 ZONE:2 RXUAV:2 EDGEPORT:9996 TS:33.090 SPD:15.300 HDG:-1.500 PX:714.200 PY:-50.000 LAN:5 BRK:1 RX_X:0.000 RX_Y:0.000 RX_Z:0.000
[ZONE-ROUTE] CID:4 zone=2 edge_port=9996
[EDGE-RTT] CID:4 wall=1.7 ms  sim_delay=5.0 ms
[CUSUM] CID:4 S=0.000/0.800 pEdge=0.001 pCusum=0.020
[POST-HANDOVER] CID:4 zone=2 pkt=6/10 credit_factor=0.150
>>> [UAV->CLOUD] BLK:aa33|TX:7.0.0.8|CID:4|TS:33.090|SPD:15.3|HDG:-1.5|PX:714.2|PY:-50.0|...
[PASSIVE-BEACON] SIMNOW:33.104 CID:2 ZONE:2 RXUAV:2 EDGEPORT:9996 TS:33.090 SPD:20.000 HDG:0.000 PX:694.600 PY:-30.000 LAN:99 BRK:0 RX_X:0.000 RX_Y:0.000 RX_Z:0.000
[ATTACK-EMIT] CID:7 activeWindow=YES falsified=YES simT=33.112 realPX=714.880 fakePX=714.880 realSPD=15.000 fakeSPD=20.000 realTS=33.112 fakeTS=33.112 lane=99
[ECON-GATE] CID:4 probation active - suppressing OK reward 0.999
✓ [CAR 4] ACT=OK REP=0.586 RWD=0.000 PNL=0.000 CREDIT=2
[PASSIVE-BEACON] SIMNOW:33.126 CID:7 ZONE:2 RXUAV:2 EDGEPORT:9996 TS:33.112 SPD:20.000 HDG:0.000 PX:714.900 PY:-30.000 LAN:99 BRK:0 RX_X:0.000 RX_Y:0.000 RX_Z:0.000
[ATTACK-EMIT] CID:0 activeWindow=YES falsified=YES simT=33.280 realPX=677.400 fakePX=677.400 realSPD=15.000 fakeSPD=20.000 realTS=33.280 fakeTS=33.280 lane=99
[PASSIVE-BEACON] SIMNOW:33.293 CID:0 ZONE:2 RXUAV:2 EDGEPORT:9996 TS:33.280 SPD:20.000 HDG:0.000 PX:677.400 PY:-10.000 LAN:99 BRK:0 RX_X:0.000 RX_Y:0.000 RX_Z:0.000
[PASSIVE-BEACON] SIMNOW:33.314 CID:1 ZONE:2 RXUAV:2 EDGEPORT:9996 TS:33.300 SPD:14.900 HDG:-0.100 PX:687.200 PY:-20.000 LAN:2 BRK:0 RX_X:0.000 RX_Y:0.000 RX_Z:0.000
[ZONE-ROUTE] CID:1 zone=2 edge_port=9996
[EDGE-RTT] CID:1 wall=1.8 ms  sim_delay=5.0 ms
[CUSUM] CID:1 S=0.000/0.800 pEdge=0.000 pCusum=0.020
[POST-HANDOVER] CID:1 zone=2 pkt=6/10 credit_factor=0.150
>>> [UAV->CLOUD] BLK:67d4|TX:7.0.0.5|CID:1|TS:33.300|SPD:14.9|HDG:-0.1|PX:687.2|PY:-20.0|...
[ECON-GATE] CID:1 probation active - suppressing OK reward 1.000
[ECON-RESTORE] CID:1 probation cleared after 15 clean packets
✓ [CAR 1] ACT=OK REP=0.848 RWD=0.000 PNL=0.000 CREDIT=14
[PASSIVE-BEACON] SIMNOW:33.379 CID:5 ZONE:2 RXUAV:2 EDGEPORT:9996 TS:33.362 SPD:14.800 HDG:-0.100 PX:699.100 PY:-10.000 LAN:1 BRK:0 RX_X:0.000 RX_Y:0.000 RX_Z:0.000
[ZONE-ROUTE] CID:5 zone=2 edge_port=9996
[EDGE-RTT] CID:5 wall=1.6 ms  sim_delay=5.0 ms
[CUSUM] CID:5 S=0.000/0.800 pEdge=0.000 pCusum=0.020
[POST-HANDOVER] CID:5 zone=2 pkt=6/10 credit_factor=0.150
>>> [UAV->CLOUD] BLK:ac1b|TX:7.0.0.9|CID:5|TS:33.362|SPD:14.8|HDG:-0.1|PX:699.1|PY:-10.0|...
✓ [CAR 5] ACT=OK REP=0.398 RWD=1.000 PNL=0.000 CREDIT=19
[PASSIVE-BEACON] SIMNOW:33.396 CID:6 ZONE:2 RXUAV:2 EDGEPORT:9996 TS:33.382 SPD:15.400 HDG:-1.500 PX:709.400 PY:-20.000 LAN:2 BRK:0 RX_X:0.000 RX_Y:0.000 RX_Z:0.000
[ZONE-ROUTE] CID:6 zone=2 edge_port=9996
[EDGE-RTT] CID:6 wall=1.7 ms  sim_delay=5.0 ms
[CUSUM] CID:6 S=0.000/0.800 pEdge=0.000 pCusum=0.020
[POST-HANDOVER] CID:6 zone=2 pkt=6/10 credit_factor=0.150
>>> [UAV->CLOUD] BLK:9e28|TX:7.0.0.10|CID:6|TS:33.382|SPD:15.4|HDG:-1.5|PX:709.4|PY:-20.0...
✓ [CAR 6] ACT=OK REP=0.664 RWD=1.000 PNL=0.000 CREDIT=15
[PASSIVE-BEACON] SIMNOW:33.429 CID:9 ZONE:2 RXUAV:2 EDGEPORT:9996 TS:33.412 SPD:15.400 HDG:0.100 PX:739.000 PY:-50.000 LAN:5 BRK:0 RX_X:0.000 RX_Y:0.000 RX_Z:0.000
[ZONE-ROUTE] CID:9 zone=2 edge_port=9996
[EDGE-RTT] CID:9 wall=1.6 ms  sim_delay=5.0 ms
[CUSUM] CID:9 S=0.000/0.800 pEdge=0.000 pCusum=0.020
[POST-HANDOVER] CID:9 zone=2 pkt=6/10 credit_factor=0.150
>>> [UAV->CLOUD] BLK:62a5|TX:7.0.0.13|CID:9|TS:33.412|SPD:15.4|HDG:0.1|PX:739.0|PY:-50.0|...
[ECON-GATE] CID:9 probation active - suppressing OK reward 1.000
✓ [CAR 9] ACT=OK REP=0.656 RWD=0.000 PNL=0.000 CREDIT=3
[PKT-DROP] UAV dropped telemetry from 7.0.0.12 (drop_rate=1%)
[PASSIVE-BEACON] SIMNOW:33.562 CID:3 ZONE:2 RXUAV:2 EDGEPORT:9996 TS:33.550 SPD:14.900 HDG:1.300 PX:711.600 PY:-40.000 LAN:4 BRK:0 RX_X:0.000 RX_Y:0.000 RX_Z:0.000
[ZONE-ROUTE] CID:3 zone=2 edge_port=9996
[EDGE-RTT] CID:3 wall=1.7 ms  sim_delay=5.0 ms
[CUSUM] CID:3 S=0.000/0.800 pEdge=0.000 pCusum=0.020
[POST-HANDOVER] CID:3 zone=2 pkt=7/10 credit_factor=0.150
>>> [UAV->CLOUD] BLK:9f34|TX:7.0.0.7|CID:3|TS:33.550|SPD:14.9|HDG:1.3|PX:711.6|PY:-40.0|L...
[ECON-GATE] CID:3 probation active - suppressing OK reward 1.000
✓ [CAR 3] ACT=OK REP=0.745 RWD=0.000 PNL=0.000 CREDIT=7
[ATTACK-EMIT] CID:2 activeWindow=YES falsified=YES simT=33.590 realPX=702.050 fakePX=702.050 realSPD=15.000 fakeSPD=20.000 realTS=33.590 fakeTS=33.590 lane=99
[PASSIVE-BEACON] SIMNOW:33.604 CID:4 ZONE:2 RXUAV:2 EDGEPORT:9996 TS:33.590 SPD:15.200 HDG:-1.500 PX:721.900 PY:-50.000 LAN:5 BRK:0 RX_X:0.000 RX_Y:0.000 RX_Z:0.000
[ZONE-ROUTE] CID:4 zone=2 edge_port=9996
[EDGE-RTT] CID:4 wall=1.7 ms  sim_delay=5.0 ms
[CUSUM] CID:4 S=0.000/0.800 pEdge=0.000 pCusum=0.020
[POST-HANDOVER] CID:4 zone=2 pkt=7/10 credit_factor=0.150
>>> [UAV->CLOUD] BLK:dbc3|TX:7.0.0.8|CID:4|TS:33.590|SPD:15.2|HDG:-1.5|PX:721.9|PY:-50.0|...
[PASSIVE-BEACON] SIMNOW:33.604 CID:2 ZONE:2 RXUAV:2 EDGEPORT:9996 TS:33.590 SPD:20.000 HDG:0.000 PX:702.100 PY:-30.000 LAN:99 BRK:0 RX_X:0.000 RX_Y:0.000 RX_Z:0.000
[ECON-GATE] CID:4 probation active - suppressing OK reward 1.000
✓ [CAR 4] ACT=OK REP=0.296 RWD=0.000 PNL=0.000 CREDIT=3
[PASSIVE-BEACON] SIMNOW:33.626 CID:7 ZONE:2 RXUAV:2 EDGEPORT:9996 TS:33.612 SPD:15.200 HDG:-0.800 PX:723.000 PY:-30.000 LAN:99 BRK:1 RX_X:0.000 RX_Y:0.000 RX_Z:0.000
[ATTACK-EMIT] CID:0 activeWindow=YES falsified=YES simT=33.780 realPX=684.900 fakePX=684.900 realSPD=15.000 fakeSPD=20.000 realTS=33.780 fakeTS=33.780 lane=99
[PASSIVE-BEACON] SIMNOW:33.794 CID:0 ZONE:2 RXUAV:2 EDGEPORT:9996 TS:33.780 SPD:20.000 HDG:0.000 PX:684.900 PY:-10.000 LAN:99 BRK:0 RX_X:0.000 RX_Y:0.000 RX_Z:0.000
[PASSIVE-BEACON] SIMNOW:33.814 CID:1 ZONE:2 RXUAV:2 EDGEPORT:9996 TS:33.800 SPD:14.700 HDG:1.100 PX:694.800 PY:-20.000 LAN:2 BRK:0 RX_X:0.000 RX_Y:0.000 RX_Z:0.000
[ZONE-ROUTE] CID:1 zone=2 edge_port=9996
[EDGE-RTT] CID:1 wall=1.6 ms  sim_delay=5.0 ms
[CUSUM] CID:1 S=0.000/0.800 pEdge=0.000 pCusum=0.020
[POST-HANDOVER] CID:1 zone=2 pkt=7/10 credit_factor=0.150
>>> [UAV->CLOUD] BLK:4b71|TX:7.0.0.5|CID:1|TS:33.800|SPD:14.7|HDG:1.1|PX:694.8|PY:-20.0|L...
✓ [CAR 1] ACT=OK REP=0.650 RWD=1.000 PNL=0.000 CREDIT=15
[PASSIVE-BEACON] SIMNOW:33.875 CID:5 ZONE:2 RXUAV:2 EDGEPORT:9996 TS:33.862 SPD:15.500 HDG:-1.900 PX:706.600 PY:-10.000 LAN:1 BRK:0 RX_X:0.000 RX_Y:0.000 RX_Z:0.000
[ZONE-ROUTE] CID:5 zone=2 edge_port=9996
[EDGE-RTT] CID:5 wall=1.7 ms  sim_delay=5.0 ms
[CUSUM] CID:5 S=0.000/0.800 pEdge=0.000 pCusum=0.020
[POST-HANDOVER] CID:5 zone=2 pkt=7/10 credit_factor=0.150
>>> [UAV->CLOUD] BLK:4bcf|TX:7.0.0.9|CID:5|TS:33.862|SPD:15.5|HDG:-1.9|PX:706.6|PY:-10.0|...
✓ [CAR 5] ACT=OK REP=0.861 RWD=1.000 PNL=0.000 CREDIT=20
[PASSIVE-BEACON] SIMNOW:33.896 CID:6 ZONE:2 RXUAV:2 EDGEPORT:9996 TS:33.882 SPD:14.800 HDG:0.600 PX:717.100 PY:-20.000 LAN:2 BRK:0 RX_X:0.000 RX_Y:0.000 RX_Z:0.000
[ZONE-ROUTE] CID:6 zone=2 edge_port=9996
[EDGE-RTT] CID:6 wall=1.4 ms  sim_delay=5.0 ms
[CUSUM] CID:6 S=0.000/0.800 pEdge=0.000 pCusum=0.020
[POST-HANDOVER] CID:6 zone=2 pkt=7/10 credit_factor=0.150
>>> [UAV->CLOUD] BLK:92d1|TX:7.0.0.10|CID:6|TS:33.882|SPD:14.8|HDG:0.6|PX:717.1|PY:-20.0|...
✓ [CAR 6] ACT=OK REP=0.686 RWD=1.000 PNL=0.000 CREDIT=16
[PASSIVE-BEACON] SIMNOW:33.927 CID:9 ZONE:2 RXUAV:2 EDGEPORT:9996 TS:33.912 SPD:15.300 HDG:2.000 PX:746.800 PY:-50.000 LAN:5 BRK:0 RX_X:0.000 RX_Y:0.000 RX_Z:0.000
[ZONE-ROUTE] CID:9 zone=2 edge_port=9996
[EDGE-RTT] CID:9 wall=1.5 ms  sim_delay=5.0 ms
[CUSUM] CID:9 S=0.000/0.800 pEdge=0.000 pCusum=0.020
[POST-HANDOVER] CID:9 zone=2 pkt=7/10 credit_factor=0.150
>>> [UAV->CLOUD] BLK:2f4d|TX:7.0.0.13|CID:9|TS:33.912|SPD:15.3|HDG:2.0|PX:746.8|PY:-50.0|...
[ECON-GATE] CID:9 probation active - suppressing OK reward 1.000
✓ [CAR 9] ACT=OK REP=0.605 RWD=0.000 PNL=0.000 CREDIT=4
[PASSIVE-BEACON] SIMNOW:34.006 CID:8 ZONE:2 RXUAV:2 EDGEPORT:9996 TS:33.992 SPD:15.300 HDG:-2.000 PX:738.500 PY:-40.000 LAN:4 BRK:0 RX_X:0.000 RX_Y:0.000 RX_Z:0.000
[ZONE-ROUTE] CID:8 zone=2 edge_port=9996
[EDGE-RTT] CID:8 wall=1.6 ms  sim_delay=5.0 ms
[CUSUM] CID:8 S=0.000/0.800 pEdge=0.000 pCusum=0.020
[POST-HANDOVER] CID:8 zone=2 pkt=7/10 credit_factor=0.150
>>> [UAV->CLOUD] BLK:0e4e|TX:7.0.0.12|CID:8|TS:33.992|SPD:15.3|HDG:-2.0|PX:738.5|PY:-40.0...
[ECON-GATE] CID:8 probation active - suppressing OK reward 1.000
✓ [CAR 8] ACT=OK REP=0.454 RWD=0.000 PNL=0.000 CREDIT=7
[PASSIVE-BEACON] SIMNOW:34.064 CID:3 ZONE:2 RXUAV:2 EDGEPORT:9996 TS:34.050 SPD:15.200 HDG:-1.900 PX:719.600 PY:-40.000 LAN:4 BRK:0 RX_X:0.000 RX_Y:0.000 RX_Z:0.000
[ZONE-ROUTE] CID:3 zone=2 edge_port=9996
[EDGE-RTT] CID:3 wall=1.7 ms  sim_delay=5.0 ms
[CUSUM] CID:3 S=0.000/0.800 pEdge=0.000 pCusum=0.020
[POST-HANDOVER] CID:3 zone=2 pkt=8/10 credit_factor=0.150
>>> [UAV->CLOUD] BLK:9142|TX:7.0.0.7|CID:3|TS:34.050|SPD:15.2|HDG:-1.9|PX:719.6|PY:-40.0|...
[ECON-GATE] CID:3 probation active - suppressing OK reward 1.000
✓ [CAR 3] ACT=OK REP=0.785 RWD=0.000 PNL=0.000 CREDIT=8
[ATTACK-EMIT] CID:2 activeWindow=YES falsified=YES simT=34.090 realPX=709.550 fakePX=560.398 realSPD=15.000 fakeSPD=20.000 realTS=34.090 fakeTS=33.590 lane=99
[PASSIVE-BEACON] SIMNOW:34.102 CID:4 ZONE:2 RXUAV:2 EDGEPORT:9996 TS:34.090 SPD:14.900 HDG:-1.400 PX:729.600 PY:-50.000 LAN:5 BRK:0 RX_X:0.000 RX_Y:0.000 RX_Z:0.000
[ZONE-ROUTE] CID:4 zone=2 edge_port=9996
[EDGE-RTT] CID:4 wall=1.8 ms  sim_delay=5.0 ms
[CUSUM] CID:4 S=0.000/0.800 pEdge=0.000 pCusum=0.020
[POST-HANDOVER] CID:4 zone=2 pkt=8/10 credit_factor=0.150
>>> [UAV->CLOUD] BLK:bd80|TX:7.0.0.8|CID:4|TS:34.090|SPD:14.9|HDG:-1.4|PX:729.6|PY:-50.0|...
[PASSIVE-BEACON] SIMNOW:34.102 CID:2 ZONE:1 RXUAV:1 EDGEPORT:9998 TS:33.590 SPD:20.000 HDG:0.000 PX:560.400 PY:-30.000 LAN:99 BRK:0 RX_X:0.000 RX_Y:0.000 RX_Z:0.000
[ECON-GATE] CID:4 probation active - suppressing OK reward 1.000
✓ [CAR 4] ACT=OK REP=0.435 RWD=0.000 PNL=0.000 CREDIT=4
[PASSIVE-BEACON] SIMNOW:34.126 CID:7 ZONE:2 RXUAV:2 EDGEPORT:9996 TS:34.112 SPD:14.900 HDG:1.600 PX:729.400 PY:-30.000 LAN:99 BRK:0 RX_X:0.000 RX_Y:0.000 RX_Z:0.000
[ATTACK-EMIT] CID:0 activeWindow=YES falsified=YES simT=34.280 realPX=692.400 fakePX=564.882 realSPD=15.000 fakeSPD=20.000 realTS=34.280 fakeTS=33.780 lane=99
[PASSIVE-BEACON] SIMNOW:34.294 CID:0 ZONE:1 RXUAV:1 EDGEPORT:9998 TS:33.780 SPD:20.000 HDG:0.000 PX:564.900 PY:-10.000 LAN:99 BRK:0 RX_X:0.000 RX_Y:0.000 RX_Z:0.000
[PASSIVE-BEACON] SIMNOW:34.314 CID:1 ZONE:2 RXUAV:2 EDGEPORT:9996 TS:34.300 SPD:14.700 HDG:-0.100 PX:703.200 PY:-20.000 LAN:2 BRK:0 RX_X:0.000 RX_Y:0.000 RX_Z:0.000
[ZONE-ROUTE] CID:1 zone=2 edge_port=9996
[EDGE-RTT] CID:1 wall=1.6 ms  sim_delay=5.0 ms
[CUSUM] CID:1 S=0.000/0.800 pEdge=0.000 pCusum=0.020
[POST-HANDOVER] CID:1 zone=2 pkt=8/10 credit_factor=0.150
>>> [UAV->CLOUD] BLK:d05a|TX:7.0.0.5|CID:1|TS:34.300|SPD:14.7|HDG:-0.1|PX:703.2|PY:-20.0|...
✓ [CAR 1] ACT=OK REP=0.864 RWD=1.000 PNL=0.000 CREDIT=16
[PASSIVE-BEACON] SIMNOW:34.376 CID:5 ZONE:2 RXUAV:2 EDGEPORT:9996 TS:34.362 SPD:15.200 HDG:1.700 PX:713.400 PY:-10.000 LAN:1 BRK:0 RX_X:0.000 RX_Y:0.000 RX_Z:0.000
[ZONE-ROUTE] CID:5 zone=2 edge_port=9996
[EDGE-RTT] CID:5 wall=1.3 ms  sim_delay=5.0 ms
[CUSUM] CID:5 S=0.000/0.800 pEdge=0.000 pCusum=0.020
[POST-HANDOVER] CID:5 zone=2 pkt=8/10 credit_factor=0.150
>>> [UAV->CLOUD] BLK:f39c|TX:7.0.0.9|CID:5|TS:34.362|SPD:15.2|HDG:1.7|PX:713.4|PY:-10.0|L...
✓ [CAR 5] ACT=OK REP=0.706 RWD=1.000 PNL=0.000 CREDIT=21
[PASSIVE-BEACON] SIMNOW:34.396 CID:6 ZONE:2 RXUAV:2 EDGEPORT:9996 TS:34.382 SPD:15.500 HDG:-0.200 PX:724.200 PY:-20.000 LAN:2 BRK:0 RX_X:0.000 RX_Y:0.000 RX_Z:0.000
[ZONE-ROUTE] CID:6 zone=2 edge_port=9996
[EDGE-RTT] CID:6 wall=1.5 ms  sim_delay=5.0 ms
[CUSUM] CID:6 S=0.000/0.800 pEdge=0.000 pCusum=0.020
[POST-HANDOVER] CID:6 zone=2 pkt=8/10 credit_factor=0.150
>>> [UAV->CLOUD] BLK:5039|TX:7.0.0.10|CID:6|TS:34.382|SPD:15.5|HDG:-0.2|PX:724.2|PY:-20.0...
✓ [CAR 6] ACT=OK REP=0.647 RWD=1.000 PNL=0.000 CREDIT=17
[PASSIVE-BEACON] SIMNOW:34.429 CID:9 ZONE:2 RXUAV:2 EDGEPORT:9996 TS:34.412 SPD:14.900 HDG:-0.400 PX:754.400 PY:-50.000 LAN:5 BRK:0 RX_X:0.000 RX_Y:0.000 RX_Z:0.000
[ZONE-ROUTE] CID:9 zone=2 edge_port=9996
[EDGE-RTT] CID:9 wall=1.6 ms  sim_delay=5.0 ms
[CUSUM] CID:9 S=0.000/0.800 pEdge=0.000 pCusum=0.020
[POST-HANDOVER] CID:9 zone=2 pkt=8/10 credit_factor=0.150
>>> [UAV->CLOUD] BLK:1323|TX:7.0.0.13|CID:9|TS:34.412|SPD:14.9|HDG:-0.4|PX:754.4|PY:-50.0...
[ECON-GATE] CID:9 probation active - suppressing OK reward 1.000
✓ [CAR 9] ACT=OK REP=0.458 RWD=0.000 PNL=0.000 CREDIT=5
[PASSIVE-BEACON] SIMNOW:34.506 CID:8 ZONE:2 RXUAV:2 EDGEPORT:9996 TS:34.492 SPD:15.300 HDG:-1.200 PX:745.200 PY:-40.000 LAN:4 BRK:0 RX_X:0.000 RX_Y:0.000 RX_Z:0.000
[ZONE-ROUTE] CID:8 zone=2 edge_port=9996
[EDGE-RTT] CID:8 wall=1.7 ms  sim_delay=5.0 ms
[CUSUM] CID:8 S=0.000/0.800 pEdge=0.000 pCusum=0.020
[POST-HANDOVER] CID:8 zone=2 pkt=8/10 credit_factor=0.150
>>> [UAV->CLOUD] BLK:16a3|TX:7.0.0.12|CID:8|TS:34.492|SPD:15.3|HDG:-1.2|PX:745.2|PY:-40.0...
[ECON-GATE] CID:8 probation active - suppressing OK reward 1.000
✓ [CAR 8] ACT=OK REP=0.615 RWD=0.000 PNL=0.000 CREDIT=8
[PASSIVE-BEACON] SIMNOW:34.565 CID:3 ZONE:2 RXUAV:2 EDGEPORT:9996 TS:34.550 SPD:14.600 HDG:-1.900 PX:726.600 PY:-40.000 LAN:4 BRK:0 RX_X:0.000 RX_Y:0.000 RX_Z:0.000
[ZONE-ROUTE] CID:3 zone=2 edge_port=9996
[EDGE-RTT] CID:3 wall=1.4 ms  sim_delay=5.0 ms
[CUSUM] CID:3 S=0.000/0.800 pEdge=0.000 pCusum=0.020
[POST-HANDOVER] CID:3 zone=2 pkt=9/10 credit_factor=0.150
>>> [UAV->CLOUD] BLK:6e17|TX:7.0.0.7|CID:3|TS:34.550|SPD:14.6|HDG:-1.9|PX:726.6|PY:-40.0|...
[ECON-GATE] CID:3 probation active - suppressing OK reward 1.000
✓ [CAR 3] ACT=OK REP=0.779 RWD=0.000 PNL=0.000 CREDIT=9
[ATTACK-EMIT] CID:2 activeWindow=YES falsified=YES simT=34.590 realPX=717.050 fakePX=717.050 realSPD=15.000 fakeSPD=20.000 realTS=34.590 fakeTS=34.590 lane=99
[PASSIVE-BEACON] SIMNOW:34.604 CID:4 ZONE:2 RXUAV:2 EDGEPORT:9996 TS:34.590 SPD:15.200 HDG:1.200 PX:736.900 PY:-50.000 LAN:5 BRK:1 RX_X:0.000 RX_Y:0.000 RX_Z:0.000
[ZONE-ROUTE] CID:4 zone=2 edge_port=9996
[EDGE-RTT] CID:4 wall=1.6 ms  sim_delay=5.0 ms
[CUSUM] CID:4 S=0.000/0.800 pEdge=0.000 pCusum=0.020
[POST-HANDOVER] CID:4 zone=2 pkt=9/10 credit_factor=0.150
>>> [UAV->CLOUD] BLK:8817|TX:7.0.0.8|CID:4|TS:34.590|SPD:15.2|HDG:1.2|PX:736.9|PY:-50.0|L...
[PASSIVE-BEACON] SIMNOW:34.604 CID:2 ZONE:2 RXUAV:2 EDGEPORT:9996 TS:34.590 SPD:20.000 HDG:0.000 PX:717.100 PY:-30.000 LAN:99 BRK:0 RX_X:0.000 RX_Y:0.000 RX_Z:0.000
[ECON-GATE] CID:4 probation active - suppressing OK reward 1.000
✓ [CAR 4] ACT=OK REP=0.556 RWD=0.000 PNL=0.000 CREDIT=5
[PASSIVE-BEACON] SIMNOW:34.626 CID:7 ZONE:2 RXUAV:2 EDGEPORT:9996 TS:34.612 SPD:15.400 HDG:1.000 PX:737.800 PY:-30.000 LAN:99 BRK:0 RX_X:0.000 RX_Y:0.000 RX_Z:0.000
[ATTACK-EMIT] CID:0 activeWindow=YES falsified=YES simT=34.780 realPX=699.900 fakePX=699.900 realSPD=15.000 fakeSPD=20.000 realTS=34.780 fakeTS=34.780 lane=99
[PASSIVE-BEACON] SIMNOW:34.797 CID:0 ZONE:2 RXUAV:2 EDGEPORT:9996 TS:34.780 SPD:20.000 HDG:0.000 PX:699.900 PY:-10.000 LAN:99 BRK:0 RX_X:0.000 RX_Y:0.000 RX_Z:0.000
[PASSIVE-BEACON] SIMNOW:34.814 CID:1 ZONE:2 RXUAV:2 EDGEPORT:9996 TS:34.800 SPD:15.300 HDG:0.900 PX:710.700 PY:-20.000 LAN:2 BRK:0 RX_X:0.000 RX_Y:0.000 RX_Z:0.000
[ZONE-ROUTE] CID:1 zone=2 edge_port=9996
[EDGE-RTT] CID:1 wall=1.6 ms  sim_delay=5.0 ms
[CUSUM] CID:1 S=0.000/0.800 pEdge=0.000 pCusum=0.020
[POST-HANDOVER] CID:1 zone=2 pkt=9/10 credit_factor=0.150
>>> [UAV->CLOUD] BLK:7617|TX:7.0.0.5|CID:1|TS:34.800|SPD:15.3|HDG:0.9|PX:710.7|PY:-20.0|L...
✓ [CAR 1] ACT=OK REP=0.747 RWD=1.000 PNL=0.000 CREDIT=17
[PASSIVE-BEACON] SIMNOW:34.876 CID:5 ZONE:2 RXUAV:2 EDGEPORT:9996 TS:34.862 SPD:15.100 HDG:-0.700 PX:721.600 PY:-10.000 LAN:1 BRK:0 RX_X:0.000 RX_Y:0.000 RX_Z:0.000
[ZONE-ROUTE] CID:5 zone=2 edge_port=9996
[EDGE-RTT] CID:5 wall=2.1 ms  sim_delay=5.0 ms
[CUSUM] CID:5 S=0.000/0.800 pEdge=0.000 pCusum=0.020
[POST-HANDOVER] CID:5 zone=2 pkt=9/10 credit_factor=0.150
>>> [UAV->CLOUD] BLK:f7f7|TX:7.0.0.9|CID:5|TS:34.862|SPD:15.1|HDG:-0.7|PX:721.6|PY:-10.0|...
✓ [CAR 5] ACT=OK REP=0.776 RWD=1.000 PNL=0.000 CREDIT=22
[PASSIVE-BEACON] SIMNOW:34.896 CID:6 ZONE:2 RXUAV:2 EDGEPORT:9996 TS:34.882 SPD:15.500 HDG:0.100 PX:731.900 PY:-20.000 LAN:2 BRK:0 RX_X:0.000 RX_Y:0.000 RX_Z:0.000
[ZONE-ROUTE] CID:6 zone=2 edge_port=9996
[EDGE-RTT] CID:6 wall=1.6 ms  sim_delay=5.0 ms
[CUSUM] CID:6 S=0.000/0.800 pEdge=0.000 pCusum=0.020
[POST-HANDOVER] CID:6 zone=2 pkt=9/10 credit_factor=0.150
>>> [UAV->CLOUD] BLK:1e78|TX:7.0.0.10|CID:6|TS:34.882|SPD:15.5|HDG:0.1|PX:731.9|PY:-20.0|...
✓ [CAR 6] ACT=OK REP=0.592 RWD=1.000 PNL=0.000 CREDIT=18
[PASSIVE-BEACON] SIMNOW:34.927 CID:9 ZONE:2 RXUAV:2 EDGEPORT:9996 TS:34.912 SPD:14.900 HDG:1.100 PX:761.700 PY:-50.000 LAN:5 BRK:0 RX_X:0.000 RX_Y:0.000 RX_Z:0.000
[ZONE-ROUTE] CID:9 zone=2 edge_port=9996
[EDGE-RTT] CID:9 wall=1.6 ms  sim_delay=5.0 ms
[CUSUM] CID:9 S=0.000/0.800 pEdge=0.000 pCusum=0.020
[POST-HANDOVER] CID:9 zone=2 pkt=9/10 credit_factor=0.150
>>> [UAV->CLOUD] BLK:89f8|TX:7.0.0.13|CID:9|TS:34.912|SPD:14.9|HDG:1.1|PX:761.7|PY:-50.0|...
[ECON-GATE] CID:9 probation active - suppressing OK reward 1.000
✓ [CAR 9] ACT=OK REP=0.459 RWD=0.000 PNL=0.000 CREDIT=6
[PASSIVE-BEACON] SIMNOW:35.006 CID:8 ZONE:2 RXUAV:2 EDGEPORT:9996 TS:34.992 SPD:14.900 HDG:-0.400 PX:753.200 PY:-40.000 LAN:4 BRK:0 RX_X:0.000 RX_Y:0.000 RX_Z:0.000
[ZONE-ROUTE] CID:8 zone=2 edge_port=9996
[EDGE-RTT] CID:8 wall=1.7 ms  sim_delay=5.0 ms
[CUSUM] CID:8 S=0.000/0.800 pEdge=0.000 pCusum=0.020
[POST-HANDOVER] CID:8 zone=2 pkt=9/10 credit_factor=0.150
>>> [UAV->CLOUD] BLK:3c49|TX:7.0.0.12|CID:8|TS:34.992|SPD:14.9|HDG:-0.4|PX:753.2|PY:-40.0...
[ECON-GATE] CID:8 probation active - suppressing OK reward 1.000
✓ [CAR 8] ACT=OK REP=0.444 RWD=0.000 PNL=0.000 CREDIT=9
[PASSIVE-BEACON] SIMNOW:35.063 CID:3 ZONE:2 RXUAV:2 EDGEPORT:9996 TS:35.050 SPD:15.200 HDG:1.500 PX:733.600 PY:-40.000 LAN:4 BRK:0 RX_X:0.000 RX_Y:0.000 RX_Z:0.000
[ZONE-ROUTE] CID:3 zone=2 edge_port=9996
[EDGE-RTT] CID:3 wall=1.5 ms  sim_delay=5.0 ms
[CUSUM] CID:3 S=0.000/0.800 pEdge=0.000 pCusum=0.020
[POST-HANDOVER] CID:3 zone=2 pkt=10/10 credit_factor=0.150
[POST-HANDOVER-END] CID:3 zone=2 probation complete
>>> [UAV->CLOUD] BLK:9a5b|TX:7.0.0.7|CID:3|TS:35.050|SPD:15.2|HDG:1.5|PX:733.6|PY:-40.0|L...
[ECON-GATE] CID:3 probation active - suppressing OK reward 1.000
✓ [CAR 3] ACT=OK REP=0.686 RWD=0.000 PNL=0.000 CREDIT=10
[PASSIVE-BEACON] SIMNOW:35.104 CID:4 ZONE:2 RXUAV:2 EDGEPORT:9996 TS:35.090 SPD:14.900 HDG:0.900 PX:744.400 PY:-50.000 LAN:5 BRK:0 RX_X:0.000 RX_Y:0.000 RX_Z:0.000
[ZONE-ROUTE] CID:4 zone=2 edge_port=9996
[EDGE-RTT] CID:4 wall=1.7 ms  sim_delay=5.0 ms
[CUSUM] CID:4 S=0.000/0.800 pEdge=0.000 pCusum=0.020
[POST-HANDOVER] CID:4 zone=2 pkt=10/10 credit_factor=0.150
[POST-HANDOVER-END] CID:4 zone=2 probation complete
>>> [UAV->CLOUD] BLK:1220|TX:7.0.0.8|CID:4|TS:35.090|SPD:14.9|HDG:0.9|PX:744.4|PY:-50.0|L...
[PASSIVE-BEACON] SIMNOW:35.107 CID:2 ZONE:2 RXUAV:2 EDGEPORT:9996 TS:35.090 SPD:15.200 HDG:-1.300 PX:724.300 PY:-30.000 LAN:99 BRK:0 RX_X:0.000 RX_Y:0.000 RX_Z:0.000
[ECON-GATE] CID:4 probation active - suppressing OK reward 1.000
✓ [CAR 4] ACT=OK REP=0.646 RWD=0.000 PNL=0.000 CREDIT=6
[PASSIVE-BEACON] SIMNOW:35.126 CID:7 ZONE:2 RXUAV:2 EDGEPORT:9996 TS:35.112 SPD:15.000 HDG:0.400 PX:744.600 PY:-30.000 LAN:99 BRK:0 RX_X:0.000 RX_Y:0.000 RX_Z:0.000
[ATTACK-EMIT] CID:0 activeWindow=YES falsified=YES simT=35.280 realPX=707.400 fakePX=707.400 realSPD=15.000 fakeSPD=20.000 realTS=35.280 fakeTS=35.280 lane=99
[PASSIVE-BEACON] SIMNOW:35.292 CID:0 ZONE:2 RXUAV:2 EDGEPORT:9996 TS:35.280 SPD:20.000 HDG:0.000 PX:707.400 PY:-10.000 LAN:99 BRK:0 RX_X:0.000 RX_Y:0.000 RX_Z:0.000
[PASSIVE-BEACON] SIMNOW:35.314 CID:1 ZONE:2 RXUAV:2 EDGEPORT:9996 TS:35.300 SPD:14.800 HDG:1.900 PX:717.500 PY:-20.000 LAN:2 BRK:0 RX_X:0.000 RX_Y:0.000 RX_Z:0.000
[ZONE-ROUTE] CID:1 zone=2 edge_port=9996
[EDGE-RTT] CID:1 wall=1.5 ms  sim_delay=5.0 ms
[CUSUM] CID:1 S=0.000/0.800 pEdge=0.000 pCusum=0.020
[POST-HANDOVER] CID:1 zone=2 pkt=10/10 credit_factor=0.150
[POST-HANDOVER-END] CID:1 zone=2 probation complete
>>> [UAV->CLOUD] BLK:e8b0|TX:7.0.0.5|CID:1|TS:35.300|SPD:14.8|HDG:1.9|PX:717.5|PY:-20.0|L...
✓ [CAR 1] ACT=OK REP=0.925 RWD=1.000 PNL=0.000 CREDIT=18
[PASSIVE-BEACON] SIMNOW:35.381 CID:5 ZONE:2 RXUAV:2 EDGEPORT:9996 TS:35.362 SPD:15.400 HDG:-0.800 PX:728.600 PY:-10.000 LAN:1 BRK:0 RX_X:0.000 RX_Y:0.000 RX_Z:0.000
[ZONE-ROUTE] CID:5 zone=2 edge_port=9996
[EDGE-RTT] CID:5 wall=1.6 ms  sim_delay=5.0 ms
[CUSUM] CID:5 S=0.000/0.800 pEdge=0.000 pCusum=0.020
[POST-HANDOVER] CID:5 zone=2 pkt=10/10 credit_factor=0.150
[POST-HANDOVER-END] CID:5 zone=2 probation complete
>>> [UAV->CLOUD] BLK:b6b5|TX:7.0.0.9|CID:5|TS:35.362|SPD:15.4|HDG:-0.8|PX:728.6|PY:-10.0|...
✓ [CAR 5] ACT=OK REP=0.723 RWD=1.000 PNL=0.000 CREDIT=23
[PASSIVE-BEACON] SIMNOW:35.396 CID:6 ZONE:2 RXUAV:2 EDGEPORT:9996 TS:35.382 SPD:14.600 HDG:0.700 PX:738.800 PY:-20.000 LAN:2 BRK:0 RX_X:0.000 RX_Y:0.000 RX_Z:0.000
[ZONE-ROUTE] CID:6 zone=2 edge_port=9996
[EDGE-RTT] CID:6 wall=1.5 ms  sim_delay=5.0 ms
[CUSUM] CID:6 S=0.000/0.800 pEdge=0.000 pCusum=0.020
[POST-HANDOVER] CID:6 zone=2 pkt=10/10 credit_factor=0.150
[POST-HANDOVER-END] CID:6 zone=2 probation complete
>>> [UAV->CLOUD] BLK:b4c6|TX:7.0.0.10|CID:6|TS:35.382|SPD:14.6|HDG:0.7|PX:738.8|PY:-20.0|...
✓ [CAR 6] ACT=OK REP=0.615 RWD=1.000 PNL=0.000 CREDIT=19
[PASSIVE-BEACON] SIMNOW:35.426 CID:9 ZONE:2 RXUAV:2 EDGEPORT:9996 TS:35.412 SPD:14.500 HDG:-0.700 PX:769.600 PY:-50.000 LAN:5 BRK:0 RX_X:0.000 RX_Y:0.000 RX_Z:0.000
[ZONE-ROUTE] CID:9 zone=2 edge_port=9996
[EDGE-RTT] CID:9 wall=1.6 ms  sim_delay=5.0 ms
[CUSUM] CID:9 S=0.000/0.800 pEdge=0.000 pCusum=0.020
[POST-HANDOVER] CID:9 zone=2 pkt=10/10 credit_factor=0.150
[POST-HANDOVER-END] CID:9 zone=2 probation complete
>>> [UAV->CLOUD] BLK:e44e|TX:7.0.0.13|CID:9|TS:35.412|SPD:14.5|HDG:-0.7|PX:769.6|PY:-50.0...
[ECON-GATE] CID:9 probation active - suppressing OK reward 1.000
✓ [CAR 9] ACT=OK REP=0.801 RWD=0.000 PNL=0.000 CREDIT=7
[PASSIVE-BEACON] SIMNOW:35.506 CID:8 ZONE:2 RXUAV:2 EDGEPORT:9996 TS:35.492 SPD:15.200 HDG:0.900 PX:760.100 PY:-40.000 LAN:4 BRK:0 RX_X:0.000 RX_Y:0.000 RX_Z:0.000
[ZONE-ROUTE] CID:8 zone=2 edge_port=9996
[EDGE-RTT] CID:8 wall=1.4 ms  sim_delay=5.0 ms
[CUSUM] CID:8 S=0.000/0.800 pEdge=0.000 pCusum=0.020
[POST-HANDOVER] CID:8 zone=2 pkt=10/10 credit_factor=0.150
[POST-HANDOVER-END] CID:8 zone=2 probation complete
>>> [UAV->CLOUD] BLK:cf2c|TX:7.0.0.12|CID:8|TS:35.492|SPD:15.2|HDG:0.9|PX:760.1|PY:-40.0|...
[ECON-GATE] CID:8 probation active - suppressing OK reward 1.000
✓ [CAR 8] ACT=OK REP=0.445 RWD=0.000 PNL=0.000 CREDIT=10
[PASSIVE-BEACON] SIMNOW:35.565 CID:3 ZONE:2 RXUAV:2 EDGEPORT:9996 TS:35.550 SPD:14.800 HDG:1.900 PX:741.700 PY:-40.000 LAN:4 BRK:0 RX_X:0.000 RX_Y:0.000 RX_Z:0.000
[ZONE-ROUTE] CID:3 zone=2 edge_port=9996
[EDGE-RTT] CID:3 wall=1.6 ms  sim_delay=5.0 ms
[CUSUM] CID:3 S=0.000/0.800 pEdge=0.000 pCusum=0.020
>>> [UAV->CLOUD] BLK:ccbf|TX:7.0.0.7|CID:3|TS:35.550|SPD:14.8|HDG:1.9|PX:741.7|PY:-40.0|L...
[ECON-GATE] CID:3 probation active - suppressing OK reward 1.000
✓ [CAR 3] ACT=OK REP=0.773 RWD=0.000 PNL=0.000 CREDIT=11
[PASSIVE-BEACON] SIMNOW:35.603 CID:2 ZONE:2 RXUAV:2 EDGEPORT:9996 TS:35.590 SPD:14.900 HDG:-0.200 PX:732.500 PY:-30.000 LAN:99 BRK:1 RX_X:0.000 RX_Y:0.000 RX_Z:0.000
[PASSIVE-BEACON] SIMNOW:35.606 CID:4 ZONE:2 RXUAV:2 EDGEPORT:9996 TS:35.590 SPD:15.300 HDG:0.400 PX:752.400 PY:-50.000 LAN:5 BRK:1 RX_X:0.000 RX_Y:0.000 RX_Z:0.000
[ZONE-ROUTE] CID:4 zone=2 edge_port=9996
[EDGE-RTT] CID:4 wall=1.7 ms  sim_delay=5.0 ms
[CUSUM] CID:4 S=0.000/0.800 pEdge=0.000 pCusum=0.020
>>> [UAV->CLOUD] BLK:671a|TX:7.0.0.8|CID:4|TS:35.590|SPD:15.3|HDG:0.4|PX:752.4|PY:-50.0|L...
[ECON-GATE] CID:4 probation active - suppressing OK reward 1.000
✓ [CAR 4] ACT=OK REP=0.725 RWD=0.000 PNL=0.000 CREDIT=7
[PASSIVE-BEACON] SIMNOW:35.626 CID:7 ZONE:2 RXUAV:2 EDGEPORT:9996 TS:35.612 SPD:14.900 HDG:0.600 PX:752.500 PY:-30.000 LAN:99 BRK:0 RX_X:0.000 RX_Y:0.000 RX_Z:0.000
[ATTACK-EMIT] CID:0 activeWindow=YES falsified=YES simT=35.780 realPX=714.900 fakePX=564.996 realSPD=15.000 fakeSPD=20.000 realTS=35.780 fakeTS=35.280 lane=99
[PKT-DROP] UAV dropped telemetry from 7.0.0.4 (drop_rate=1%)
[PASSIVE-BEACON] SIMNOW:35.814 CID:1 ZONE:2 RXUAV:2 EDGEPORT:9996 TS:35.800 SPD:15.400 HDG:-0.600 PX:724.500 PY:-20.000 LAN:2 BRK:0 RX_X:0.000 RX_Y:0.000 RX_Z:0.000
[ZONE-ROUTE] CID:1 zone=2 edge_port=9996
[EDGE-RTT] CID:1 wall=1.8 ms  sim_delay=5.0 ms
[CUSUM] CID:1 S=0.000/0.800 pEdge=0.000 pCusum=0.020
[TRUST-UPGRADE] CID:1 earned REDUCE_SCRUTINY after 20 clean packets → latency × 0.500
>>> [UAV->CLOUD] BLK:8fea|TX:7.0.0.5|CID:1|TS:35.800|SPD:15.4|HDG:-0.6|PX:724.5|PY:-20.0|...
[TRUST-BLOCKED] CID:1 ignored REDUCE_SCRUTINY due to prior WARN/BAN/demotion
✓ [CAR 1] ACT=OK REP=0.500 RWD=1.500 PNL=0.000 CREDIT=20
✓ [CAR 1] ACT=OK REP=0.723 RWD=1.000 PNL=0.000 CREDIT=19
[PASSIVE-BEACON] SIMNOW:35.876 CID:5 ZONE:2 RXUAV:2 EDGEPORT:9996 TS:35.862 SPD:14.700 HDG:0.500 PX:736.100 PY:-10.000 LAN:1 BRK:0 RX_X:0.000 RX_Y:0.000 RX_Z:0.000
[ZONE-ROUTE] CID:5 zone=2 edge_port=9996
[EDGE-RTT] CID:5 wall=1.5 ms  sim_delay=5.0 ms
[CUSUM] CID:5 S=0.000/0.800 pEdge=0.000 pCusum=0.020
>>> [UAV->CLOUD] BLK:d834|TX:7.0.0.9|CID:5|TS:35.862|SPD:14.7|HDG:0.5|PX:736.1|PY:-10.0|L...
✓ [CAR 5] ACT=OK REP=0.573 RWD=1.000 PNL=0.000 CREDIT=24
[PASSIVE-BEACON] SIMNOW:35.896 CID:6 ZONE:2 RXUAV:2 EDGEPORT:9996 TS:35.882 SPD:14.700 HDG:-0.700 PX:745.900 PY:-20.000 LAN:2 BRK:0 RX_X:0.000 RX_Y:0.000 RX_Z:0.000
[ZONE-ROUTE] CID:6 zone=2 edge_port=9996
[EDGE-RTT] CID:6 wall=1.7 ms  sim_delay=5.0 ms
[CUSUM] CID:6 S=0.000/0.800 pEdge=0.000 pCusum=0.020
>>> [UAV->CLOUD] BLK:ecb6|TX:7.0.0.10|CID:6|TS:35.882|SPD:14.7|HDG:-0.7|PX:745.9|PY:-20.0...
✓ [CAR 6] ACT=OK REP=0.798 RWD=1.000 PNL=0.000 CREDIT=20
[PASSIVE-BEACON] SIMNOW:35.927 CID:9 ZONE:2 RXUAV:2 EDGEPORT:9996 TS:35.912 SPD:15.300 HDG:-1.800 PX:777.500 PY:-50.000 LAN:5 BRK:1 RX_X:0.000 RX_Y:0.000 RX_Z:0.000
[ZONE-ROUTE] CID:9 zone=2 edge_port=9996
[EDGE-RTT] CID:9 wall=2.0 ms  sim_delay=5.0 ms
[CUSUM] CID:9 S=0.000/0.800 pEdge=0.000 pCusum=0.020
>>> [UAV->CLOUD] BLK:ae5e|TX:7.0.0.13|CID:9|TS:35.912|SPD:15.3|HDG:-1.8|PX:777.5|PY:-50.0...
[ECON-GATE] CID:9 probation active - suppressing OK reward 1.000
✓ [CAR 9] ACT=OK REP=0.532 RWD=0.000 PNL=0.000 CREDIT=8

── PAYOFF SUMMARY ─────────────────────────────────
[PAYOFF] CID:0 cumulative_payoff=-105.166 honest_wins=0 warn_count=25 adverse_count=1 demoted=YES return_threshold=60 lane_upgraded=NO scrutiny_reduced=NO malicious=YES
[PAYOFF] CID:1 cumulative_payoff=-72.268 honest_wins=21 warn_count=22 adverse_count=0 demoted=NO return_threshold=0 lane_upgraded=NO scrutiny_reduced=NO malicious=NO
[PAYOFF] CID:2 cumulative_payoff=-71.639 honest_wins=0 warn_count=20 adverse_count=1 demoted=YES return_threshold=60 lane_upgraded=NO scrutiny_reduced=NO malicious=YES
[PAYOFF] CID:3 cumulative_payoff=-91.777 honest_wins=12 warn_count=24 adverse_count=0 demoted=NO return_threshold=0 lane_upgraded=NO scrutiny_reduced=NO malicious=NO
[PAYOFF] CID:4 cumulative_payoff=-91.489 honest_wins=8 warn_count=24 adverse_count=0 demoted=NO return_threshold=0 lane_upgraded=NO scrutiny_reduced=NO malicious=NO
[PAYOFF] CID:5 cumulative_payoff=-68.975 honest_wins=25 warn_count=22 adverse_count=0 demoted=NO return_threshold=0 lane_upgraded=NO scrutiny_reduced=NO malicious=NO
[PAYOFF] CID:6 cumulative_payoff=-79.495 honest_wins=21 warn_count=23 adverse_count=0 demoted=NO return_threshold=0 lane_upgraded=NO scrutiny_reduced=NO malicious=NO
[PAYOFF] CID:7 cumulative_payoff=-71.643 honest_wins=0 warn_count=20 adverse_count=1 demoted=YES return_threshold=60 lane_upgraded=NO scrutiny_reduced=NO malicious=YES
[PAYOFF] CID:8 cumulative_payoff=-84.881 honest_wins=11 warn_count=23 adverse_count=0 demoted=NO return_threshold=0 lane_upgraded=NO scrutiny_reduced=NO malicious=NO
[PAYOFF] CID:9 cumulative_payoff=-84.696 honest_wins=9 warn_count=23 adverse_count=0 demoted=NO return_threshold=0 lane_upgraded=NO scrutiny_reduced=NO malicious=NO

--------------------------------------------------
 SIMULATION COMPLETE v90-multiuav (adaptive edge-cloud, bridge mode only)  nCars=10  attackRate=20%  attackType=5  RngRun=9
--------------------------------------------------
