path,relative_path,file_name,extension,size_bytes,modified_time,matched_experiments
/home/srmap/research/projects/v2x-multiuav-trust/results/ATTACK_RATE_ROBUSTNESS_EXTENDED_GUARDED_CUSUM_15SEED_SUMMARY.txt,results/ATTACK_RATE_ROBUSTNESS_EXTENDED_GUARDED_CUSUM_15SEED_SUMMARY.txt,ATTACK_RATE_ROBUSTNESS_EXTENDED_GUARDED_CUSUM_15SEED_SUMMARY.txt,.txt,8547,2026-07-17T15:11:44,Guarded CUSUM ON/OFF; Attack-rate robustness
/home/srmap/research/projects/v2x-multiuav-trust/results/ATTACK_RATE_ROBUSTNESS_GUARDED_CUSUM_15SEED_SUMMARY.txt,results/ATTACK_RATE_ROBUSTNESS_GUARDED_CUSUM_15SEED_SUMMARY.txt,ATTACK_RATE_ROBUSTNESS_GUARDED_CUSUM_15SEED_SUMMARY.txt,.txt,5096,2026-07-17T13:27:03,Guarded CUSUM ON/OFF; Attack-rate robustness
/home/srmap/research/projects/v2x-multiuav-trust/results/BAYESIAN_NASH_GATE_AUDIT_FINAL.csv,results/BAYESIAN_NASH_GATE_AUDIT_FINAL.csv,BAYESIAN_NASH_GATE_AUDIT_FINAL.csv,.csv,941,2026-07-17T11:57:56,Bayesian/Nash gate audit
/home/srmap/research/projects/v2x-multiuav-trust/results/BAYESIAN_NASH_GATE_AUDIT_FINAL.txt,results/BAYESIAN_NASH_GATE_AUDIT_FINAL.txt,BAYESIAN_NASH_GATE_AUDIT_FINAL.txt,.txt,8015,2026-07-17T11:57:56,Bayesian/Nash gate audit
/home/srmap/research/projects/v2x-multiuav-trust/results/BAYESIAN_NASH_GATE_AUDIT_FINAL_V2.csv,results/BAYESIAN_NASH_GATE_AUDIT_FINAL_V2.csv,BAYESIAN_NASH_GATE_AUDIT_FINAL_V2.csv,.csv,19599,2026-07-17T12:00:03,Bayesian/Nash gate audit
/home/srmap/research/projects/v2x-multiuav-trust/results/BAYESIAN_NASH_GATE_AUDIT_FINAL_V2.txt,results/BAYESIAN_NASH_GATE_AUDIT_FINAL_V2.txt,BAYESIAN_NASH_GATE_AUDIT_FINAL_V2.txt,.txt,5933,2026-07-17T12:00:03,Bayesian/Nash gate audit
/home/srmap/research/projects/v2x-multiuav-trust/results/CUSUM_BAN_REASON_AUDIT_H08_15SEED.txt,results/CUSUM_BAN_REASON_AUDIT_H08_15SEED.txt,CUSUM_BAN_REASON_AUDIT_H08_15SEED.txt,.txt,11247,2026-07-17T08:00:17,Guarded CUSUM ON/OFF; Bayesian/Nash gate audit
/home/srmap/research/projects/v2x-multiuav-trust/results/CUSUM_CLEAN_H08_MINOBS3_EDGEMAX05_15SEED_SUMMARY.txt,results/CUSUM_CLEAN_H08_MINOBS3_EDGEMAX05_15SEED_SUMMARY.txt,CUSUM_CLEAN_H08_MINOBS3_EDGEMAX05_15SEED_SUMMARY.txt,.txt,1744,2026-07-17T09:04:36,Guarded CUSUM ON/OFF; Clean CUSUM safety
/home/srmap/research/projects/v2x-multiuav-trust/results/CUSUM_CLEAN_VEREMI_MINOBS3_5SEED_SUMMARY.txt,results/CUSUM_CLEAN_VEREMI_MINOBS3_5SEED_SUMMARY.txt,CUSUM_CLEAN_VEREMI_MINOBS3_5SEED_SUMMARY.txt,.txt,284,2026-07-16T17:25:16,Guarded CUSUM ON/OFF; Clean CUSUM safety
/home/srmap/research/projects/v2x-multiuav-trust/results/CUSUM_H08_MINOBS3_EDGEMAX05_15SEED_SUMMARY.txt,results/CUSUM_H08_MINOBS3_EDGEMAX05_15SEED_SUMMARY.txt,CUSUM_H08_MINOBS3_EDGEMAX05_15SEED_SUMMARY.txt,.txt,3717,2026-07-17T08:37:20,Guarded CUSUM ON/OFF
/home/srmap/research/projects/v2x-multiuav-trust/results/CUSUM_H_SWEEP_HIGH_MINOBS3_15SEED_SUMMARY.txt,results/CUSUM_H_SWEEP_HIGH_MINOBS3_15SEED_SUMMARY.txt,CUSUM_H_SWEEP_HIGH_MINOBS3_15SEED_SUMMARY.txt,.txt,3954,2026-07-17T07:45:44,Guarded CUSUM ON/OFF
/home/srmap/research/projects/v2x-multiuav-trust/results/CUSUM_H_SWEEP_MINOBS3_15SEED_SUMMARY.txt,results/CUSUM_H_SWEEP_MINOBS3_15SEED_SUMMARY.txt,CUSUM_H_SWEEP_MINOBS3_15SEED_SUMMARY.txt,.txt,3864,2026-07-16T20:12:41,Guarded CUSUM ON/OFF
/home/srmap/research/projects/v2x-multiuav-trust/results/CUSUM_SPECIFIC_VEREMI_MINOBS3_15SEED_SUMMARY.txt,results/CUSUM_SPECIFIC_VEREMI_MINOBS3_15SEED_SUMMARY.txt,CUSUM_SPECIFIC_VEREMI_MINOBS3_15SEED_SUMMARY.txt,.txt,3759,2026-07-16T18:44:55,Guarded CUSUM ON/OFF
/home/srmap/research/projects/v2x-multiuav-trust/results/CUSUM_SPECIFIC_VEREMI_MINOBS3_5SEED_SUMMARY.txt,results/CUSUM_SPECIFIC_VEREMI_MINOBS3_5SEED_SUMMARY.txt,CUSUM_SPECIFIC_VEREMI_MINOBS3_5SEED_SUMMARY.txt,.txt,1370,2026-07-16T17:12:20,Guarded CUSUM ON/OFF
/home/srmap/research/projects/v2x-multiuav-trust/results/CUSUM_TUNING_SEED1_SUMMARY.txt,results/CUSUM_TUNING_SEED1_SUMMARY.txt,CUSUM_TUNING_SEED1_SUMMARY.txt,.txt,1393,2026-07-16T16:22:48,Guarded CUSUM ON/OFF
/home/srmap/research/projects/v2x-multiuav-trust/results/HTD_SENSITIVITY_GUARDED_CUSUM_15SEED_SUMMARY.txt,results/HTD_SENSITIVITY_GUARDED_CUSUM_15SEED_SUMMARY.txt,HTD_SENSITIVITY_GUARDED_CUSUM_15SEED_SUMMARY.txt,.txt,8482,2026-07-17T11:08:56,Guarded CUSUM ON/OFF; HTD sensitivity
/home/srmap/research/projects/v2x-multiuav-trust/results/PACKET_LOSS_ROBUSTNESS_GUARDED_CUSUM_15SEED_SUMMARY.txt,results/PACKET_LOSS_ROBUSTNESS_GUARDED_CUSUM_15SEED_SUMMARY.txt,PACKET_LOSS_ROBUSTNESS_GUARDED_CUSUM_15SEED_SUMMARY.txt,.txt,7896,2026-07-17T17:35:51,Guarded CUSUM ON/OFF; Packet-loss robustness
/home/srmap/research/projects/v2x-multiuav-trust/results/SCALABILITY_GUARDED_CUSUM_AR50_15SEED_FINAL_SUMMARY.txt,results/SCALABILITY_GUARDED_CUSUM_AR50_15SEED_FINAL_SUMMARY.txt,SCALABILITY_GUARDED_CUSUM_AR50_15SEED_FINAL_SUMMARY.txt,.txt,11885,2026-07-18T06:03:08,Guarded CUSUM ON/OFF; Attack-rate robustness; Scalability
/home/srmap/research/projects/v2x-multiuav-trust/results/SCALABILITY_GUARDED_CUSUM_AR50_15SEED_SUMMARY.txt,results/SCALABILITY_GUARDED_CUSUM_AR50_15SEED_SUMMARY.txt,SCALABILITY_GUARDED_CUSUM_AR50_15SEED_SUMMARY.txt,.txt,9843,2026-07-18T05:27:50,Guarded CUSUM ON/OFF; Attack-rate robustness; Scalability
/home/srmap/research/projects/v2x-multiuav-trust/results/ablation_cusum_off_x560_640_t32_5seed/CUSUM_ABLATION_5SEED_SUMMARY.txt,results/ablation_cusum_off_x560_640_t32_5seed/CUSUM_ABLATION_5SEED_SUMMARY.txt,CUSUM_ABLATION_5SEED_SUMMARY.txt,.txt,1350,2026-07-16T14:31:05,Guarded CUSUM ON/OFF
/home/srmap/research/projects/v2x-multiuav-trust/results/ablation_cusum_off_x560_640_t32_5seed/ON_seed1_x560_640_t32.log,results/ablation_cusum_off_x560_640_t32_5seed/ON_seed1_x560_640_t32.log,ON_seed1_x560_640_t32.log,.log,269049,2026-07-16T14:24:39,Guarded CUSUM ON/OFF
/home/srmap/research/projects/v2x-multiuav-trust/results/ablation_cusum_off_x560_640_t32_5seed/ON_seed2_x560_640_t32.log,results/ablation_cusum_off_x560_640_t32_5seed/ON_seed2_x560_640_t32.log,ON_seed2_x560_640_t32.log,.log,285932,2026-07-16T14:25:58,Guarded CUSUM ON/OFF
/home/srmap/research/projects/v2x-multiuav-trust/results/ablation_cusum_off_x560_640_t32_5seed/ON_seed3_x560_640_t32.log,results/ablation_cusum_off_x560_640_t32_5seed/ON_seed3_x560_640_t32.log,ON_seed3_x560_640_t32.log,.log,285068,2026-07-16T14:27:16,Guarded CUSUM ON/OFF
/home/srmap/research/projects/v2x-multiuav-trust/results/ablation_cusum_off_x560_640_t32_5seed/ON_seed4_x560_640_t32.log,results/ablation_cusum_off_x560_640_t32_5seed/ON_seed4_x560_640_t32.log,ON_seed4_x560_640_t32.log,.log,262027,2026-07-16T14:28:32,Guarded CUSUM ON/OFF
/home/srmap/research/projects/v2x-multiuav-trust/results/ablation_cusum_off_x560_640_t32_5seed/ON_seed5_x560_640_t32.log,results/ablation_cusum_off_x560_640_t32_5seed/ON_seed5_x560_640_t32.log,ON_seed5_x560_640_t32.log,.log,284493,2026-07-16T14:29:49,Guarded CUSUM ON/OFF
/home/srmap/research/projects/v2x-multiuav-trust/results/attack_rate_robustness_AR20_guarded_cusum_15seed/ON_seed10_x560_720_t36.log,results/attack_rate_robustness_AR20_guarded_cusum_15seed/ON_seed10_x560_720_t36.log,ON_seed10_x560_720_t36.log,.log,337701,2026-07-17T12:20:45,Guarded CUSUM ON/OFF; Attack-rate robustness
/home/srmap/research/projects/v2x-multiuav-trust/results/attack_rate_robustness_AR20_guarded_cusum_15seed/ON_seed11_x560_720_t36.log,results/attack_rate_robustness_AR20_guarded_cusum_15seed/ON_seed11_x560_720_t36.log,ON_seed11_x560_720_t36.log,.log,312131,2026-07-17T12:22:13,Guarded CUSUM ON/OFF; Attack-rate robustness
/home/srmap/research/projects/v2x-multiuav-trust/results/attack_rate_robustness_AR20_guarded_cusum_15seed/ON_seed12_x560_720_t36.log,results/attack_rate_robustness_AR20_guarded_cusum_15seed/ON_seed12_x560_720_t36.log,ON_seed12_x560_720_t36.log,.log,335808,2026-07-17T12:23:45,Guarded CUSUM ON/OFF; Attack-rate robustness
/home/srmap/research/projects/v2x-multiuav-trust/results/attack_rate_robustness_AR20_guarded_cusum_15seed/ON_seed13_x560_720_t36.log,results/attack_rate_robustness_AR20_guarded_cusum_15seed/ON_seed13_x560_720_t36.log,ON_seed13_x560_720_t36.log,.log,338803,2026-07-17T12:25:13,Guarded CUSUM ON/OFF; Attack-rate robustness
/home/srmap/research/projects/v2x-multiuav-trust/results/attack_rate_robustness_AR20_guarded_cusum_15seed/ON_seed14_x560_720_t36.log,results/attack_rate_robustness_AR20_guarded_cusum_15seed/ON_seed14_x560_720_t36.log,ON_seed14_x560_720_t36.log,.log,334741,2026-07-17T12:26:39,Guarded CUSUM ON/OFF; Attack-rate robustness
/home/srmap/research/projects/v2x-multiuav-trust/results/attack_rate_robustness_AR20_guarded_cusum_15seed/ON_seed15_x560_720_t36.log,results/attack_rate_robustness_AR20_guarded_cusum_15seed/ON_seed15_x560_720_t36.log,ON_seed15_x560_720_t36.log,.log,313812,2026-07-17T12:28:07,Guarded CUSUM ON/OFF; Attack-rate robustness
/home/srmap/research/projects/v2x-multiuav-trust/results/attack_rate_robustness_AR20_guarded_cusum_15seed/ON_seed1_x560_720_t36.log,results/attack_rate_robustness_AR20_guarded_cusum_15seed/ON_seed1_x560_720_t36.log,ON_seed1_x560_720_t36.log,.log,311055,2026-07-17T12:07:49,Guarded CUSUM ON/OFF; Attack-rate robustness
/home/srmap/research/projects/v2x-multiuav-trust/results/attack_rate_robustness_AR20_guarded_cusum_15seed/ON_seed2_x560_720_t36.log,results/attack_rate_robustness_AR20_guarded_cusum_15seed/ON_seed2_x560_720_t36.log,ON_seed2_x560_720_t36.log,.log,335024,2026-07-17T12:09:16,Guarded CUSUM ON/OFF; Attack-rate robustness
/home/srmap/research/projects/v2x-multiuav-trust/results/attack_rate_robustness_AR20_guarded_cusum_15seed/ON_seed3_x560_720_t36.log,results/attack_rate_robustness_AR20_guarded_cusum_15seed/ON_seed3_x560_720_t36.log,ON_seed3_x560_720_t36.log,.log,337015,2026-07-17T12:10:43,Guarded CUSUM ON/OFF; Attack-rate robustness
/home/srmap/research/projects/v2x-multiuav-trust/results/attack_rate_robustness_AR20_guarded_cusum_15seed/ON_seed4_x560_720_t36.log,results/attack_rate_robustness_AR20_guarded_cusum_15seed/ON_seed4_x560_720_t36.log,ON_seed4_x560_720_t36.log,.log,307451,2026-07-17T12:12:07,Guarded CUSUM ON/OFF; Attack-rate robustness
/home/srmap/research/projects/v2x-multiuav-trust/results/attack_rate_robustness_AR20_guarded_cusum_15seed/ON_seed5_x560_720_t36.log,results/attack_rate_robustness_AR20_guarded_cusum_15seed/ON_seed5_x560_720_t36.log,ON_seed5_x560_720_t36.log,.log,332066,2026-07-17T12:13:32,Guarded CUSUM ON/OFF; Attack-rate robustness
/home/srmap/research/projects/v2x-multiuav-trust/results/attack_rate_robustness_AR20_guarded_cusum_15seed/ON_seed6_x560_720_t36.log,results/attack_rate_robustness_AR20_guarded_cusum_15seed/ON_seed6_x560_720_t36.log,ON_seed6_x560_720_t36.log,.log,336143,2026-07-17T12:15:01,Guarded CUSUM ON/OFF; Attack-rate robustness
/home/srmap/research/projects/v2x-multiuav-trust/results/attack_rate_robustness_AR20_guarded_cusum_15seed/ON_seed7_x560_720_t36.log,results/attack_rate_robustness_AR20_guarded_cusum_15seed/ON_seed7_x560_720_t36.log,ON_seed7_x560_720_t36.log,.log,340315,2026-07-17T12:16:25,Guarded CUSUM ON/OFF; Attack-rate robustness
/home/srmap/research/projects/v2x-multiuav-trust/results/attack_rate_robustness_AR20_guarded_cusum_15seed/ON_seed8_x560_720_t36.log,results/attack_rate_robustness_AR20_guarded_cusum_15seed/ON_seed8_x560_720_t36.log,ON_seed8_x560_720_t36.log,.log,309842,2026-07-17T12:17:51,Guarded CUSUM ON/OFF; Attack-rate robustness
/home/srmap/research/projects/v2x-multiuav-trust/results/attack_rate_robustness_AR20_guarded_cusum_15seed/ON_seed9_x560_720_t36.log,results/attack_rate_robustness_AR20_guarded_cusum_15seed/ON_seed9_x560_720_t36.log,ON_seed9_x560_720_t36.log,.log,335947,2026-07-17T12:19:19,Guarded CUSUM ON/OFF; Attack-rate robustness
/home/srmap/research/projects/v2x-multiuav-trust/results/attack_rate_robustness_AR70_guarded_cusum_15seed/ON_seed10_x560_720_t36.log,results/attack_rate_robustness_AR70_guarded_cusum_15seed/ON_seed10_x560_720_t36.log,ON_seed10_x560_720_t36.log,.log,326477,2026-07-17T13:47:41,Guarded CUSUM ON/OFF; Attack-rate robustness
/home/srmap/research/projects/v2x-multiuav-trust/results/attack_rate_robustness_AR70_guarded_cusum_15seed/ON_seed11_x560_720_t36.log,results/attack_rate_robustness_AR70_guarded_cusum_15seed/ON_seed11_x560_720_t36.log,ON_seed11_x560_720_t36.log,.log,300520,2026-07-17T13:49:08,Guarded CUSUM ON/OFF; Attack-rate robustness
/home/srmap/research/projects/v2x-multiuav-trust/results/attack_rate_robustness_AR70_guarded_cusum_15seed/ON_seed12_x560_720_t36.log,results/attack_rate_robustness_AR70_guarded_cusum_15seed/ON_seed12_x560_720_t36.log,ON_seed12_x560_720_t36.log,.log,326929,2026-07-17T13:50:40,Guarded CUSUM ON/OFF; Attack-rate robustness
/home/srmap/research/projects/v2x-multiuav-trust/results/attack_rate_robustness_AR70_guarded_cusum_15seed/ON_seed13_x560_720_t36.log,results/attack_rate_robustness_AR70_guarded_cusum_15seed/ON_seed13_x560_720_t36.log,ON_seed13_x560_720_t36.log,.log,326299,2026-07-17T13:52:07,Guarded CUSUM ON/OFF; Attack-rate robustness
/home/srmap/research/projects/v2x-multiuav-trust/results/attack_rate_robustness_AR70_guarded_cusum_15seed/ON_seed14_x560_720_t36.log,results/attack_rate_robustness_AR70_guarded_cusum_15seed/ON_seed14_x560_720_t36.log,ON_seed14_x560_720_t36.log,.log,326837,2026-07-17T13:53:34,Guarded CUSUM ON/OFF; Attack-rate robustness
/home/srmap/research/projects/v2x-multiuav-trust/results/attack_rate_robustness_AR70_guarded_cusum_15seed/ON_seed15_x560_720_t36.log,results/attack_rate_robustness_AR70_guarded_cusum_15seed/ON_seed15_x560_720_t36.log,ON_seed15_x560_720_t36.log,.log,305551,2026-07-17T13:55:02,Guarded CUSUM ON/OFF; Attack-rate robustness
/home/srmap/research/projects/v2x-multiuav-trust/results/attack_rate_robustness_AR70_guarded_cusum_15seed/ON_seed1_x560_720_t36.log,results/attack_rate_robustness_AR70_guarded_cusum_15seed/ON_seed1_x560_720_t36.log,ON_seed1_x560_720_t36.log,.log,302750,2026-07-17T13:34:49,Guarded CUSUM ON/OFF; Attack-rate robustness
/home/srmap/research/projects/v2x-multiuav-trust/results/attack_rate_robustness_AR70_guarded_cusum_15seed/ON_seed2_x560_720_t36.log,results/attack_rate_robustness_AR70_guarded_cusum_15seed/ON_seed2_x560_720_t36.log,ON_seed2_x560_720_t36.log,.log,324263,2026-07-17T13:36:15,Guarded CUSUM ON/OFF; Attack-rate robustness
/home/srmap/research/projects/v2x-multiuav-trust/results/attack_rate_robustness_AR70_guarded_cusum_15seed/ON_seed3_x560_720_t36.log,results/attack_rate_robustness_AR70_guarded_cusum_15seed/ON_seed3_x560_720_t36.log,ON_seed3_x560_720_t36.log,.log,325597,2026-07-17T13:37:42,Guarded CUSUM ON/OFF; Attack-rate robustness
/home/srmap/research/projects/v2x-multiuav-trust/results/attack_rate_robustness_AR70_guarded_cusum_15seed/ON_seed4_x560_720_t36.log,results/attack_rate_robustness_AR70_guarded_cusum_15seed/ON_seed4_x560_720_t36.log,ON_seed4_x560_720_t36.log,.log,300185,2026-07-17T13:39:05,Guarded CUSUM ON/OFF; Attack-rate robustness
/home/srmap/research/projects/v2x-multiuav-trust/results/attack_rate_robustness_AR70_guarded_cusum_15seed/ON_seed5_x560_720_t36.log,results/attack_rate_robustness_AR70_guarded_cusum_15seed/ON_seed5_x560_720_t36.log,ON_seed5_x560_720_t36.log,.log,328792,2026-07-17T13:40:29,Guarded CUSUM ON/OFF; Attack-rate robustness
/home/srmap/research/projects/v2x-multiuav-trust/results/attack_rate_robustness_AR70_guarded_cusum_15seed/ON_seed6_x560_720_t36.log,results/attack_rate_robustness_AR70_guarded_cusum_15seed/ON_seed6_x560_720_t36.log,ON_seed6_x560_720_t36.log,.log,325079,2026-07-17T13:41:58,Guarded CUSUM ON/OFF; Attack-rate robustness
/home/srmap/research/projects/v2x-multiuav-trust/results/attack_rate_robustness_AR70_guarded_cusum_15seed/ON_seed7_x560_720_t36.log,results/attack_rate_robustness_AR70_guarded_cusum_15seed/ON_seed7_x560_720_t36.log,ON_seed7_x560_720_t36.log,.log,325574,2026-07-17T13:43:22,Guarded CUSUM ON/OFF; Attack-rate robustness
/home/srmap/research/projects/v2x-multiuav-trust/results/attack_rate_robustness_AR70_guarded_cusum_15seed/ON_seed8_x560_720_t36.log,results/attack_rate_robustness_AR70_guarded_cusum_15seed/ON_seed8_x560_720_t36.log,ON_seed8_x560_720_t36.log,.log,303155,2026-07-17T13:44:47,Guarded CUSUM ON/OFF; Attack-rate robustness
/home/srmap/research/projects/v2x-multiuav-trust/results/attack_rate_robustness_AR70_guarded_cusum_15seed/ON_seed9_x560_720_t36.log,results/attack_rate_robustness_AR70_guarded_cusum_15seed/ON_seed9_x560_720_t36.log,ON_seed9_x560_720_t36.log,.log,327456,2026-07-17T13:46:15,Guarded CUSUM ON/OFF; Attack-rate robustness
/home/srmap/research/projects/v2x-multiuav-trust/results/attack_rate_robustness_AR80_N20_guarded_cusum_15seed/ON_seed10_x560_720_t36.log,results/attack_rate_robustness_AR80_N20_guarded_cusum_15seed/ON_seed10_x560_720_t36.log,ON_seed10_x560_720_t36.log,.log,519624,2026-07-17T14:31:40,Guarded CUSUM ON/OFF; Attack-rate robustness
/home/srmap/research/projects/v2x-multiuav-trust/results/attack_rate_robustness_AR80_N20_guarded_cusum_15seed/ON_seed11_x560_720_t36.log,results/attack_rate_robustness_AR80_N20_guarded_cusum_15seed/ON_seed11_x560_720_t36.log,ON_seed11_x560_720_t36.log,.log,548222,2026-07-17T14:35:22,Guarded CUSUM ON/OFF; Attack-rate robustness
/home/srmap/research/projects/v2x-multiuav-trust/results/attack_rate_robustness_AR80_N20_guarded_cusum_15seed/ON_seed12_x560_720_t36.log,results/attack_rate_robustness_AR80_N20_guarded_cusum_15seed/ON_seed12_x560_720_t36.log,ON_seed12_x560_720_t36.log,.log,541836,2026-07-17T14:39:00,Guarded CUSUM ON/OFF; Attack-rate robustness
/home/srmap/research/projects/v2x-multiuav-trust/results/attack_rate_robustness_AR80_N20_guarded_cusum_15seed/ON_seed13_x560_720_t36.log,results/attack_rate_robustness_AR80_N20_guarded_cusum_15seed/ON_seed13_x560_720_t36.log,ON_seed13_x560_720_t36.log,.log,563561,2026-07-17T14:42:35,Guarded CUSUM ON/OFF; Attack-rate robustness
/home/srmap/research/projects/v2x-multiuav-trust/results/attack_rate_robustness_AR80_N20_guarded_cusum_15seed/ON_seed14_x560_720_t36.log,results/attack_rate_robustness_AR80_N20_guarded_cusum_15seed/ON_seed14_x560_720_t36.log,ON_seed14_x560_720_t36.log,.log,631442,2026-07-17T14:46:21,Guarded CUSUM ON/OFF; Attack-rate robustness
/home/srmap/research/projects/v2x-multiuav-trust/results/attack_rate_robustness_AR80_N20_guarded_cusum_15seed/ON_seed15_x560_720_t36.log,results/attack_rate_robustness_AR80_N20_guarded_cusum_15seed/ON_seed15_x560_720_t36.log,ON_seed15_x560_720_t36.log,.log,546478,2026-07-17T14:49:49,Guarded CUSUM ON/OFF; Attack-rate robustness
/home/srmap/research/projects/v2x-multiuav-trust/results/attack_rate_robustness_AR80_N20_guarded_cusum_15seed/ON_seed1_x560_720_t36.log,results/attack_rate_robustness_AR80_N20_guarded_cusum_15seed/ON_seed1_x560_720_t36.log,ON_seed1_x560_720_t36.log,.log,515086,2026-07-17T13:58:37,Guarded CUSUM ON/OFF; Attack-rate robustness
/home/srmap/research/projects/v2x-multiuav-trust/results/attack_rate_robustness_AR80_N20_guarded_cusum_15seed/ON_seed2_x560_720_t36.log,results/attack_rate_robustness_AR80_N20_guarded_cusum_15seed/ON_seed2_x560_720_t36.log,ON_seed2_x560_720_t36.log,.log,611714,2026-07-17T14:02:17,Guarded CUSUM ON/OFF; Attack-rate robustness
/home/srmap/research/projects/v2x-multiuav-trust/results/attack_rate_robustness_AR80_N20_guarded_cusum_15seed/ON_seed3_x560_720_t36.log,results/attack_rate_robustness_AR80_N20_guarded_cusum_15seed/ON_seed3_x560_720_t36.log,ON_seed3_x560_720_t36.log,.log,591379,2026-07-17T14:05:59,Guarded CUSUM ON/OFF; Attack-rate robustness
/home/srmap/research/projects/v2x-multiuav-trust/results/attack_rate_robustness_AR80_N20_guarded_cusum_15seed/ON_seed4_x560_720_t36.log,results/attack_rate_robustness_AR80_N20_guarded_cusum_15seed/ON_seed4_x560_720_t36.log,ON_seed4_x560_720_t36.log,.log,475061,2026-07-17T14:09:36,Guarded CUSUM ON/OFF; Attack-rate robustness
/home/srmap/research/projects/v2x-multiuav-trust/results/attack_rate_robustness_AR80_N20_guarded_cusum_15seed/ON_seed5_x560_720_t36.log,results/attack_rate_robustness_AR80_N20_guarded_cusum_15seed/ON_seed5_x560_720_t36.log,ON_seed5_x560_720_t36.log,.log,593154,2026-07-17T14:13:26,Guarded CUSUM ON/OFF; Attack-rate robustness
/home/srmap/research/projects/v2x-multiuav-trust/results/attack_rate_robustness_AR80_N20_guarded_cusum_15seed/ON_seed6_x560_720_t36.log,results/attack_rate_robustness_AR80_N20_guarded_cusum_15seed/ON_seed6_x560_720_t36.log,ON_seed6_x560_720_t36.log,.log,523900,2026-07-17T14:17:01,Guarded CUSUM ON/OFF; Attack-rate robustness
/home/srmap/research/projects/v2x-multiuav-trust/results/attack_rate_robustness_AR80_N20_guarded_cusum_15seed/ON_seed7_x560_720_t36.log,results/attack_rate_robustness_AR80_N20_guarded_cusum_15seed/ON_seed7_x560_720_t36.log,ON_seed7_x560_720_t36.log,.log,588721,2026-07-17T14:20:45,Guarded CUSUM ON/OFF; Attack-rate robustness
/home/srmap/research/projects/v2x-multiuav-trust/results/attack_rate_robustness_AR80_N20_guarded_cusum_15seed/ON_seed8_x560_720_t36.log,results/attack_rate_robustness_AR80_N20_guarded_cusum_15seed/ON_seed8_x560_720_t36.log,ON_seed8_x560_720_t36.log,.log,588098,2026-07-17T14:24:18,Guarded CUSUM ON/OFF; Attack-rate robustness
/home/srmap/research/projects/v2x-multiuav-trust/results/attack_rate_robustness_AR80_N20_guarded_cusum_15seed/ON_seed9_x560_720_t36.log,results/attack_rate_robustness_AR80_N20_guarded_cusum_15seed/ON_seed9_x560_720_t36.log,ON_seed9_x560_720_t36.log,.log,611998,2026-07-17T14:27:59,Guarded CUSUM ON/OFF; Attack-rate robustness
/home/srmap/research/projects/v2x-multiuav-trust/results/attack_rate_robustness_AR80_guarded_cusum_15seed/ON_seed10_x560_720_t36.log,results/attack_rate_robustness_AR80_guarded_cusum_15seed/ON_seed10_x560_720_t36.log,ON_seed10_x560_720_t36.log,.log,324787,2026-07-17T12:42:28,Guarded CUSUM ON/OFF; Attack-rate robustness
/home/srmap/research/projects/v2x-multiuav-trust/results/attack_rate_robustness_AR80_guarded_cusum_15seed/ON_seed11_x560_720_t36.log,results/attack_rate_robustness_AR80_guarded_cusum_15seed/ON_seed11_x560_720_t36.log,ON_seed11_x560_720_t36.log,.log,300264,2026-07-17T12:43:55,Guarded CUSUM ON/OFF; Attack-rate robustness
/home/srmap/research/projects/v2x-multiuav-trust/results/attack_rate_robustness_AR80_guarded_cusum_15seed/ON_seed12_x560_720_t36.log,results/attack_rate_robustness_AR80_guarded_cusum_15seed/ON_seed12_x560_720_t36.log,ON_seed12_x560_720_t36.log,.log,323288,2026-07-17T12:45:27,Guarded CUSUM ON/OFF; Attack-rate robustness
/home/srmap/research/projects/v2x-multiuav-trust/results/attack_rate_robustness_AR80_guarded_cusum_15seed/ON_seed13_x560_720_t36.log,results/attack_rate_robustness_AR80_guarded_cusum_15seed/ON_seed13_x560_720_t36.log,ON_seed13_x560_720_t36.log,.log,323588,2026-07-17T12:46:55,Guarded CUSUM ON/OFF; Attack-rate robustness
/home/srmap/research/projects/v2x-multiuav-trust/results/attack_rate_robustness_AR80_guarded_cusum_15seed/ON_seed14_x560_720_t36.log,results/attack_rate_robustness_AR80_guarded_cusum_15seed/ON_seed14_x560_720_t36.log,ON_seed14_x560_720_t36.log,.log,324883,2026-07-17T12:48:21,Guarded CUSUM ON/OFF; Attack-rate robustness
/home/srmap/research/projects/v2x-multiuav-trust/results/attack_rate_robustness_AR80_guarded_cusum_15seed/ON_seed15_x560_720_t36.log,results/attack_rate_robustness_AR80_guarded_cusum_15seed/ON_seed15_x560_720_t36.log,ON_seed15_x560_720_t36.log,.log,302115,2026-07-17T12:49:49,Guarded CUSUM ON/OFF; Attack-rate robustness
/home/srmap/research/projects/v2x-multiuav-trust/results/attack_rate_robustness_AR80_guarded_cusum_15seed/ON_seed1_x560_720_t36.log,results/attack_rate_robustness_AR80_guarded_cusum_15seed/ON_seed1_x560_720_t36.log,ON_seed1_x560_720_t36.log,.log,304418,2026-07-17T12:29:35,Guarded CUSUM ON/OFF; Attack-rate robustness
/home/srmap/research/projects/v2x-multiuav-trust/results/attack_rate_robustness_AR80_guarded_cusum_15seed/ON_seed2_x560_720_t36.log,results/attack_rate_robustness_AR80_guarded_cusum_15seed/ON_seed2_x560_720_t36.log,ON_seed2_x560_720_t36.log,.log,324790,2026-07-17T12:31:01,Guarded CUSUM ON/OFF; Attack-rate robustness
/home/srmap/research/projects/v2x-multiuav-trust/results/attack_rate_robustness_AR80_guarded_cusum_15seed/ON_seed3_x560_720_t36.log,results/attack_rate_robustness_AR80_guarded_cusum_15seed/ON_seed3_x560_720_t36.log,ON_seed3_x560_720_t36.log,.log,324467,2026-07-17T12:32:28,Guarded CUSUM ON/OFF; Attack-rate robustness
/home/srmap/research/projects/v2x-multiuav-trust/results/attack_rate_robustness_AR80_guarded_cusum_15seed/ON_seed4_x560_720_t36.log,results/attack_rate_robustness_AR80_guarded_cusum_15seed/ON_seed4_x560_720_t36.log,ON_seed4_x560_720_t36.log,.log,299210,2026-07-17T12:33:52,Guarded CUSUM ON/OFF; Attack-rate robustness
/home/srmap/research/projects/v2x-multiuav-trust/results/attack_rate_robustness_AR80_guarded_cusum_15seed/ON_seed5_x560_720_t36.log,results/attack_rate_robustness_AR80_guarded_cusum_15seed/ON_seed5_x560_720_t36.log,ON_seed5_x560_720_t36.log,.log,324305,2026-07-17T12:35:17,Guarded CUSUM ON/OFF; Attack-rate robustness
/home/srmap/research/projects/v2x-multiuav-trust/results/attack_rate_robustness_AR80_guarded_cusum_15seed/ON_seed6_x560_720_t36.log,results/attack_rate_robustness_AR80_guarded_cusum_15seed/ON_seed6_x560_720_t36.log,ON_seed6_x560_720_t36.log,.log,325347,2026-07-17T12:36:46,Guarded CUSUM ON/OFF; Attack-rate robustness
/home/srmap/research/projects/v2x-multiuav-trust/results/attack_rate_robustness_AR80_guarded_cusum_15seed/ON_seed7_x560_720_t36.log,results/attack_rate_robustness_AR80_guarded_cusum_15seed/ON_seed7_x560_720_t36.log,ON_seed7_x560_720_t36.log,.log,323611,2026-07-17T12:38:09,Guarded CUSUM ON/OFF; Attack-rate robustness
/home/srmap/research/projects/v2x-multiuav-trust/results/attack_rate_robustness_AR80_guarded_cusum_15seed/ON_seed8_x560_720_t36.log,results/attack_rate_robustness_AR80_guarded_cusum_15seed/ON_seed8_x560_720_t36.log,ON_seed8_x560_720_t36.log,.log,301380,2026-07-17T12:39:34,Guarded CUSUM ON/OFF; Attack-rate robustness
/home/srmap/research/projects/v2x-multiuav-trust/results/attack_rate_robustness_AR80_guarded_cusum_15seed/ON_seed9_x560_720_t36.log,results/attack_rate_robustness_AR80_guarded_cusum_15seed/ON_seed9_x560_720_t36.log,ON_seed9_x560_720_t36.log,.log,325958,2026-07-17T12:41:02,Guarded CUSUM ON/OFF; Attack-rate robustness
/home/srmap/research/projects/v2x-multiuav-trust/results/baseline_a_type5_summary.txt,results/baseline_a_type5_summary.txt,baseline_a_type5_summary.txt,.txt,648,2026-07-07T07:36:34,UNCLASSIFIED
/home/srmap/research/projects/v2x-multiuav-trust/results/clean_multiseed_v91_20260624_163935/bridge_z1_seed_1.log,results/clean_multiseed_v91_20260624_163935/bridge_z1_seed_1.log,bridge_z1_seed_1.log,.log,3456,2026-06-24T16:42:27,Clean CUSUM safety
/home/srmap/research/projects/v2x-multiuav-trust/results/clean_multiseed_v91_20260624_163935/bridge_z1_seed_2.log,results/clean_multiseed_v91_20260624_163935/bridge_z1_seed_2.log,bridge_z1_seed_2.log,.log,3369,2026-06-24T16:45:20,Clean CUSUM safety
/home/srmap/research/projects/v2x-multiuav-trust/results/clean_multiseed_v91_20260624_163935/bridge_z1_seed_3.log,results/clean_multiseed_v91_20260624_163935/bridge_z1_seed_3.log,bridge_z1_seed_3.log,.log,3806,2026-06-24T16:48:38,Clean CUSUM safety
/home/srmap/research/projects/v2x-multiuav-trust/results/clean_multiseed_v91_20260624_163935/bridge_z1_seed_4.log,results/clean_multiseed_v91_20260624_163935/bridge_z1_seed_4.log,bridge_z1_seed_4.log,.log,3403,2026-06-24T16:51:38,Clean CUSUM safety
/home/srmap/research/projects/v2x-multiuav-trust/results/clean_multiseed_v91_20260624_163935/bridge_z1_seed_5.log,results/clean_multiseed_v91_20260624_163935/bridge_z1_seed_5.log,bridge_z1_seed_5.log,.log,3075,2026-06-24T16:54:31,Clean CUSUM safety
/home/srmap/research/projects/v2x-multiuav-trust/results/clean_multiseed_v91_20260624_163935/bridge_z2_seed_1.log,results/clean_multiseed_v91_20260624_163935/bridge_z2_seed_1.log,bridge_z2_seed_1.log,.log,1271,2026-06-24T16:42:27,Clean CUSUM safety
/home/srmap/research/projects/v2x-multiuav-trust/results/clean_multiseed_v91_20260624_163935/bridge_z2_seed_2.log,results/clean_multiseed_v91_20260624_163935/bridge_z2_seed_2.log,bridge_z2_seed_2.log,.log,1332,2026-06-24T16:45:20,Clean CUSUM safety
/home/srmap/research/projects/v2x-multiuav-trust/results/clean_multiseed_v91_20260624_163935/bridge_z2_seed_3.log,results/clean_multiseed_v91_20260624_163935/bridge_z2_seed_3.log,bridge_z2_seed_3.log,.log,1398,2026-06-24T16:48:38,Clean CUSUM safety
/home/srmap/research/projects/v2x-multiuav-trust/results/clean_multiseed_v91_20260624_163935/bridge_z2_seed_4.log,results/clean_multiseed_v91_20260624_163935/bridge_z2_seed_4.log,bridge_z2_seed_4.log,.log,1342,2026-06-24T16:51:38,Clean CUSUM safety
/home/srmap/research/projects/v2x-multiuav-trust/results/clean_multiseed_v91_20260624_163935/bridge_z2_seed_5.log,results/clean_multiseed_v91_20260624_163935/bridge_z2_seed_5.log,bridge_z2_seed_5.log,.log,1332,2026-06-24T16:54:31,Clean CUSUM safety
/home/srmap/research/projects/v2x-multiuav-trust/results/clean_multiseed_v91_20260624_163935/cloud_seed_1.log,results/clean_multiseed_v91_20260624_163935/cloud_seed_1.log,cloud_seed_1.log,.log,2621,2026-06-24T16:42:27,Clean CUSUM safety
/home/srmap/research/projects/v2x-multiuav-trust/results/clean_multiseed_v91_20260624_163935/cloud_seed_2.log,results/clean_multiseed_v91_20260624_163935/cloud_seed_2.log,cloud_seed_2.log,.log,2606,2026-06-24T16:45:20,Clean CUSUM safety
/home/srmap/research/projects/v2x-multiuav-trust/results/clean_multiseed_v91_20260624_163935/cloud_seed_3.log,results/clean_multiseed_v91_20260624_163935/cloud_seed_3.log,cloud_seed_3.log,.log,2612,2026-06-24T16:48:38,Clean CUSUM safety
/home/srmap/research/projects/v2x-multiuav-trust/results/clean_multiseed_v91_20260624_163935/cloud_seed_4.log,results/clean_multiseed_v91_20260624_163935/cloud_seed_4.log,cloud_seed_4.log,.log,2851,2026-06-24T16:51:38,Clean CUSUM safety
/home/srmap/research/projects/v2x-multiuav-trust/results/clean_multiseed_v91_20260624_163935/cloud_seed_5.log,results/clean_multiseed_v91_20260624_163935/cloud_seed_5.log,cloud_seed_5.log,.log,2158,2026-06-24T16:54:31,Clean CUSUM safety
/home/srmap/research/projects/v2x-multiuav-trust/results/clean_multiseed_v91_20260624_163935/coordinator_seed_1.log,results/clean_multiseed_v91_20260624_163935/coordinator_seed_1.log,coordinator_seed_1.log,.log,1530,2026-06-24T16:42:27,Clean CUSUM safety
/home/srmap/research/projects/v2x-multiuav-trust/results/clean_multiseed_v91_20260624_163935/coordinator_seed_2.log,results/clean_multiseed_v91_20260624_163935/coordinator_seed_2.log,coordinator_seed_2.log,.log,1530,2026-06-24T16:45:20,Clean CUSUM safety
/home/srmap/research/projects/v2x-multiuav-trust/results/clean_multiseed_v91_20260624_163935/coordinator_seed_3.log,results/clean_multiseed_v91_20260624_163935/coordinator_seed_3.log,coordinator_seed_3.log,.log,1530,2026-06-24T16:48:38,Clean CUSUM safety
/home/srmap/research/projects/v2x-multiuav-trust/results/clean_multiseed_v91_20260624_163935/coordinator_seed_4.log,results/clean_multiseed_v91_20260624_163935/coordinator_seed_4.log,coordinator_seed_4.log,.log,1530,2026-06-24T16:51:38,Clean CUSUM safety
/home/srmap/research/projects/v2x-multiuav-trust/results/clean_multiseed_v91_20260624_163935/coordinator_seed_5.log,results/clean_multiseed_v91_20260624_163935/coordinator_seed_5.log,coordinator_seed_5.log,.log,1530,2026-06-24T16:54:31,Clean CUSUM safety
/home/srmap/research/projects/v2x-multiuav-trust/results/clean_multiseed_v91_20260624_163935/edge_z1_seed_1.log,results/clean_multiseed_v91_20260624_163935/edge_z1_seed_1.log,edge_z1_seed_1.log,.log,45436,2026-06-24T16:42:27,Clean CUSUM safety
/home/srmap/research/projects/v2x-multiuav-trust/results/clean_multiseed_v91_20260624_163935/edge_z1_seed_2.log,results/clean_multiseed_v91_20260624_163935/edge_z1_seed_2.log,edge_z1_seed_2.log,.log,46185,2026-06-24T16:45:20,Clean CUSUM safety
/home/srmap/research/projects/v2x-multiuav-trust/results/clean_multiseed_v91_20260624_163935/edge_z1_seed_3.log,results/clean_multiseed_v91_20260624_163935/edge_z1_seed_3.log,edge_z1_seed_3.log,.log,45757,2026-06-24T16:48:38,Clean CUSUM safety
/home/srmap/research/projects/v2x-multiuav-trust/results/clean_multiseed_v91_20260624_163935/edge_z1_seed_4.log,results/clean_multiseed_v91_20260624_163935/edge_z1_seed_4.log,edge_z1_seed_4.log,.log,45916,2026-06-24T16:51:38,Clean CUSUM safety
/home/srmap/research/projects/v2x-multiuav-trust/results/clean_multiseed_v91_20260624_163935/edge_z1_seed_5.log,results/clean_multiseed_v91_20260624_163935/edge_z1_seed_5.log,edge_z1_seed_5.log,.log,45514,2026-06-24T16:54:31,Clean CUSUM safety
/home/srmap/research/projects/v2x-multiuav-trust/results/clean_multiseed_v91_20260624_163935/edge_z2_seed_1.log,results/clean_multiseed_v91_20260624_163935/edge_z2_seed_1.log,edge_z2_seed_1.log,.log,5240,2026-06-24T16:42:27,Clean CUSUM safety
/home/srmap/research/projects/v2x-multiuav-trust/results/clean_multiseed_v91_20260624_163935/edge_z2_seed_2.log,results/clean_multiseed_v91_20260624_163935/edge_z2_seed_2.log,edge_z2_seed_2.log,.log,8443,2026-06-24T16:45:20,Clean CUSUM safety
/home/srmap/research/projects/v2x-multiuav-trust/results/clean_multiseed_v91_20260624_163935/edge_z2_seed_3.log,results/clean_multiseed_v91_20260624_163935/edge_z2_seed_3.log,edge_z2_seed_3.log,.log,20108,2026-06-24T16:48:38,Clean CUSUM safety
/home/srmap/research/projects/v2x-multiuav-trust/results/clean_multiseed_v91_20260624_163935/edge_z2_seed_4.log,results/clean_multiseed_v91_20260624_163935/edge_z2_seed_4.log,edge_z2_seed_4.log,.log,12547,2026-06-24T16:51:38,Clean CUSUM safety
/home/srmap/research/projects/v2x-multiuav-trust/results/clean_multiseed_v91_20260624_163935/edge_z2_seed_5.log,results/clean_multiseed_v91_20260624_163935/edge_z2_seed_5.log,edge_z2_seed_5.log,.log,12224,2026-06-24T16:54:31,Clean CUSUM safety
/home/srmap/research/projects/v2x-multiuav-trust/results/clean_multiseed_v91_20260624_163935/ns3_seed_1.log,results/clean_multiseed_v91_20260624_163935/ns3_seed_1.log,ns3_seed_1.log,.log,137009,2026-06-24T16:42:27,Clean CUSUM safety
/home/srmap/research/projects/v2x-multiuav-trust/results/clean_multiseed_v91_20260624_163935/ns3_seed_2.log,results/clean_multiseed_v91_20260624_163935/ns3_seed_2.log,ns3_seed_2.log,.log,152076,2026-06-24T16:45:20,Clean CUSUM safety
/home/srmap/research/projects/v2x-multiuav-trust/results/clean_multiseed_v91_20260624_163935/ns3_seed_3.log,results/clean_multiseed_v91_20260624_163935/ns3_seed_3.log,ns3_seed_3.log,.log,195122,2026-06-24T16:48:38,Clean CUSUM safety
/home/srmap/research/projects/v2x-multiuav-trust/results/clean_multiseed_v91_20260624_163935/ns3_seed_4.log,results/clean_multiseed_v91_20260624_163935/ns3_seed_4.log,ns3_seed_4.log,.log,166197,2026-06-24T16:51:38,Clean CUSUM safety
/home/srmap/research/projects/v2x-multiuav-trust/results/clean_multiseed_v91_20260624_163935/ns3_seed_5.log,results/clean_multiseed_v91_20260624_163935/ns3_seed_5.log,ns3_seed_5.log,.log,169054,2026-06-24T16:54:31,Clean CUSUM safety
/home/srmap/research/projects/v2x-multiuav-trust/results/clean_multiseed_v91_20260624_163935/payoff_summary.txt,results/clean_multiseed_v91_20260624_163935/payoff_summary.txt,payoff_summary.txt,.txt,8404,2026-06-24T16:54:32,Clean CUSUM safety
/home/srmap/research/projects/v2x-multiuav-trust/results/clean_multiseed_v91_20260624_172701/bridge_z1_seed_1.log,results/clean_multiseed_v91_20260624_172701/bridge_z1_seed_1.log,bridge_z1_seed_1.log,.log,3453,2026-06-24T17:30:03,Clean CUSUM safety
/home/srmap/research/projects/v2x-multiuav-trust/results/clean_multiseed_v91_20260624_172701/bridge_z1_seed_2.log,results/clean_multiseed_v91_20260624_172701/bridge_z1_seed_2.log,bridge_z1_seed_2.log,.log,3369,2026-06-24T17:32:50,Clean CUSUM safety
/home/srmap/research/projects/v2x-multiuav-trust/results/clean_multiseed_v91_20260624_172701/bridge_z1_seed_3.log,results/clean_multiseed_v91_20260624_172701/bridge_z1_seed_3.log,bridge_z1_seed_3.log,.log,3688,2026-06-24T17:35:58,Clean CUSUM safety
/home/srmap/research/projects/v2x-multiuav-trust/results/clean_multiseed_v91_20260624_172701/bridge_z1_seed_4.log,results/clean_multiseed_v91_20260624_172701/bridge_z1_seed_4.log,bridge_z1_seed_4.log,.log,3477,2026-06-24T17:39:02,Clean CUSUM safety
/home/srmap/research/projects/v2x-multiuav-trust/results/clean_multiseed_v91_20260624_172701/bridge_z1_seed_5.log,results/clean_multiseed_v91_20260624_172701/bridge_z1_seed_5.log,bridge_z1_seed_5.log,.log,3075,2026-06-24T17:41:45,Clean CUSUM safety
/home/srmap/research/projects/v2x-multiuav-trust/results/clean_multiseed_v91_20260624_172701/bridge_z2_seed_1.log,results/clean_multiseed_v91_20260624_172701/bridge_z2_seed_1.log,bridge_z2_seed_1.log,.log,1271,2026-06-24T17:30:03,Clean CUSUM safety
/home/srmap/research/projects/v2x-multiuav-trust/results/clean_multiseed_v91_20260624_172701/bridge_z2_seed_2.log,results/clean_multiseed_v91_20260624_172701/bridge_z2_seed_2.log,bridge_z2_seed_2.log,.log,1332,2026-06-24T17:32:50,Clean CUSUM safety
/home/srmap/research/projects/v2x-multiuav-trust/results/clean_multiseed_v91_20260624_172701/bridge_z2_seed_3.log,results/clean_multiseed_v91_20260624_172701/bridge_z2_seed_3.log,bridge_z2_seed_3.log,.log,1342,2026-06-24T17:35:58,Clean CUSUM safety
/home/srmap/research/projects/v2x-multiuav-trust/results/clean_multiseed_v91_20260624_172701/bridge_z2_seed_4.log,results/clean_multiseed_v91_20260624_172701/bridge_z2_seed_4.log,bridge_z2_seed_4.log,.log,1332,2026-06-24T17:39:02,Clean CUSUM safety
/home/srmap/research/projects/v2x-multiuav-trust/results/clean_multiseed_v91_20260624_172701/bridge_z2_seed_5.log,results/clean_multiseed_v91_20260624_172701/bridge_z2_seed_5.log,bridge_z2_seed_5.log,.log,1271,2026-06-24T17:41:45,Clean CUSUM safety
/home/srmap/research/projects/v2x-multiuav-trust/results/clean_multiseed_v91_20260624_172701/cloud_seed_1.log,results/clean_multiseed_v91_20260624_172701/cloud_seed_1.log,cloud_seed_1.log,.log,2610,2026-06-24T17:30:03,Clean CUSUM safety
/home/srmap/research/projects/v2x-multiuav-trust/results/clean_multiseed_v91_20260624_172701/cloud_seed_2.log,results/clean_multiseed_v91_20260624_172701/cloud_seed_2.log,cloud_seed_2.log,.log,2612,2026-06-24T17:32:50,Clean CUSUM safety
/home/srmap/research/projects/v2x-multiuav-trust/results/clean_multiseed_v91_20260624_172701/cloud_seed_3.log,results/clean_multiseed_v91_20260624_172701/cloud_seed_3.log,cloud_seed_3.log,.log,2421,2026-06-24T17:35:58,Clean CUSUM safety
/home/srmap/research/projects/v2x-multiuav-trust/results/clean_multiseed_v91_20260624_172701/cloud_seed_4.log,results/clean_multiseed_v91_20260624_172701/cloud_seed_4.log,cloud_seed_4.log,.log,2606,2026-06-24T17:39:02,Clean CUSUM safety
/home/srmap/research/projects/v2x-multiuav-trust/results/clean_multiseed_v91_20260624_172701/cloud_seed_5.log,results/clean_multiseed_v91_20260624_172701/cloud_seed_5.log,cloud_seed_5.log,.log,2154,2026-06-24T17:41:45,Clean CUSUM safety
/home/srmap/research/projects/v2x-multiuav-trust/results/clean_multiseed_v91_20260624_172701/coordinator_seed_1.log,results/clean_multiseed_v91_20260624_172701/coordinator_seed_1.log,coordinator_seed_1.log,.log,1530,2026-06-24T17:30:03,Clean CUSUM safety
/home/srmap/research/projects/v2x-multiuav-trust/results/clean_multiseed_v91_20260624_172701/coordinator_seed_2.log,results/clean_multiseed_v91_20260624_172701/coordinator_seed_2.log,coordinator_seed_2.log,.log,1530,2026-06-24T17:32:50,Clean CUSUM safety
/home/srmap/research/projects/v2x-multiuav-trust/results/clean_multiseed_v91_20260624_172701/coordinator_seed_3.log,results/clean_multiseed_v91_20260624_172701/coordinator_seed_3.log,coordinator_seed_3.log,.log,1530,2026-06-24T17:35:58,Clean CUSUM safety
/home/srmap/research/projects/v2x-multiuav-trust/results/clean_multiseed_v91_20260624_172701/coordinator_seed_4.log,results/clean_multiseed_v91_20260624_172701/coordinator_seed_4.log,coordinator_seed_4.log,.log,1530,2026-06-24T17:39:02,Clean CUSUM safety
/home/srmap/research/projects/v2x-multiuav-trust/results/clean_multiseed_v91_20260624_172701/coordinator_seed_5.log,results/clean_multiseed_v91_20260624_172701/coordinator_seed_5.log,coordinator_seed_5.log,.log,1530,2026-06-24T17:41:45,Clean CUSUM safety
/home/srmap/research/projects/v2x-multiuav-trust/results/clean_multiseed_v91_20260624_172701/edge_z1_seed_1.log,results/clean_multiseed_v91_20260624_172701/edge_z1_seed_1.log,edge_z1_seed_1.log,.log,45618,2026-06-24T17:30:03,Clean CUSUM safety
/home/srmap/research/projects/v2x-multiuav-trust/results/clean_multiseed_v91_20260624_172701/edge_z1_seed_2.log,results/clean_multiseed_v91_20260624_172701/edge_z1_seed_2.log,edge_z1_seed_2.log,.log,46217,2026-06-24T17:32:50,Clean CUSUM safety
/home/srmap/research/projects/v2x-multiuav-trust/results/clean_multiseed_v91_20260624_172701/edge_z1_seed_3.log,results/clean_multiseed_v91_20260624_172701/edge_z1_seed_3.log,edge_z1_seed_3.log,.log,45546,2026-06-24T17:35:58,Clean CUSUM safety
/home/srmap/research/projects/v2x-multiuav-trust/results/clean_multiseed_v91_20260624_172701/edge_z1_seed_4.log,results/clean_multiseed_v91_20260624_172701/edge_z1_seed_4.log,edge_z1_seed_4.log,.log,45832,2026-06-24T17:39:02,Clean CUSUM safety
/home/srmap/research/projects/v2x-multiuav-trust/results/clean_multiseed_v91_20260624_172701/edge_z1_seed_5.log,results/clean_multiseed_v91_20260624_172701/edge_z1_seed_5.log,edge_z1_seed_5.log,.log,45514,2026-06-24T17:41:45,Clean CUSUM safety
/home/srmap/research/projects/v2x-multiuav-trust/results/clean_multiseed_v91_20260624_172701/edge_z2_seed_1.log,results/clean_multiseed_v91_20260624_172701/edge_z2_seed_1.log,edge_z2_seed_1.log,.log,6316,2026-06-24T17:30:03,Clean CUSUM safety
/home/srmap/research/projects/v2x-multiuav-trust/results/clean_multiseed_v91_20260624_172701/edge_z2_seed_2.log,results/clean_multiseed_v91_20260624_172701/edge_z2_seed_2.log,edge_z2_seed_2.log,.log,8126,2026-06-24T17:32:50,Clean CUSUM safety
/home/srmap/research/projects/v2x-multiuav-trust/results/clean_multiseed_v91_20260624_172701/edge_z2_seed_3.log,results/clean_multiseed_v91_20260624_172701/edge_z2_seed_3.log,edge_z2_seed_3.log,.log,14278,2026-06-24T17:35:58,Clean CUSUM safety
/home/srmap/research/projects/v2x-multiuav-trust/results/clean_multiseed_v91_20260624_172701/edge_z2_seed_4.log,results/clean_multiseed_v91_20260624_172701/edge_z2_seed_4.log,edge_z2_seed_4.log,.log,12797,2026-06-24T17:39:02,Clean CUSUM safety
/home/srmap/research/projects/v2x-multiuav-trust/results/clean_multiseed_v91_20260624_172701/edge_z2_seed_5.log,results/clean_multiseed_v91_20260624_172701/edge_z2_seed_5.log,edge_z2_seed_5.log,.log,8013,2026-06-24T17:41:45,Clean CUSUM safety
/home/srmap/research/projects/v2x-multiuav-trust/results/clean_multiseed_v91_20260624_172701/ns3_seed_1.log,results/clean_multiseed_v91_20260624_172701/ns3_seed_1.log,ns3_seed_1.log,.log,142087,2026-06-24T17:30:03,Clean CUSUM safety
/home/srmap/research/projects/v2x-multiuav-trust/results/clean_multiseed_v91_20260624_172701/ns3_seed_2.log,results/clean_multiseed_v91_20260624_172701/ns3_seed_2.log,ns3_seed_2.log,.log,151459,2026-06-24T17:32:50,Clean CUSUM safety
/home/srmap/research/projects/v2x-multiuav-trust/results/clean_multiseed_v91_20260624_172701/ns3_seed_3.log,results/clean_multiseed_v91_20260624_172701/ns3_seed_3.log,ns3_seed_3.log,.log,178582,2026-06-24T17:35:58,Clean CUSUM safety
/home/srmap/research/projects/v2x-multiuav-trust/results/clean_multiseed_v91_20260624_172701/ns3_seed_4.log,results/clean_multiseed_v91_20260624_172701/ns3_seed_4.log,ns3_seed_4.log,.log,168960,2026-06-24T17:39:02,Clean CUSUM safety
/home/srmap/research/projects/v2x-multiuav-trust/results/clean_multiseed_v91_20260624_172701/ns3_seed_5.log,results/clean_multiseed_v91_20260624_172701/ns3_seed_5.log,ns3_seed_5.log,.log,151387,2026-06-24T17:41:45,Clean CUSUM safety
/home/srmap/research/projects/v2x-multiuav-trust/results/clean_multiseed_v91_20260624_172701/payoff_summary.txt,results/clean_multiseed_v91_20260624_172701/payoff_summary.txt,payoff_summary.txt,.txt,8405,2026-06-24T17:41:46,Clean CUSUM safety
/home/srmap/research/projects/v2x-multiuav-trust/results/clean_multiseed_v91_20260624_175317/bridge_z1_seed_1.log,results/clean_multiseed_v91_20260624_175317/bridge_z1_seed_1.log,bridge_z1_seed_1.log,.log,3338,2026-06-24T17:56:12,Clean CUSUM safety
/home/srmap/research/projects/v2x-multiuav-trust/results/clean_multiseed_v91_20260624_175317/bridge_z1_seed_2.log,results/clean_multiseed_v91_20260624_175317/bridge_z1_seed_2.log,bridge_z1_seed_2.log,.log,3372,2026-06-24T17:59:01,Clean CUSUM safety
/home/srmap/research/projects/v2x-multiuav-trust/results/clean_multiseed_v91_20260624_175317/bridge_z1_seed_3.log,results/clean_multiseed_v91_20260624_175317/bridge_z1_seed_3.log,bridge_z1_seed_3.log,.log,3806,2026-06-24T18:02:15,Clean CUSUM safety
/home/srmap/research/projects/v2x-multiuav-trust/results/clean_multiseed_v91_20260624_175317/bridge_z1_seed_4.log,results/clean_multiseed_v91_20260624_175317/bridge_z1_seed_4.log,bridge_z1_seed_4.log,.log,3456,2026-06-24T18:05:12,Clean CUSUM safety
/home/srmap/research/projects/v2x-multiuav-trust/results/clean_multiseed_v91_20260624_175317/bridge_z1_seed_5.log,results/clean_multiseed_v91_20260624_175317/bridge_z1_seed_5.log,bridge_z1_seed_5.log,.log,3075,2026-06-24T18:07:58,Clean CUSUM safety
/home/srmap/research/projects/v2x-multiuav-trust/results/clean_multiseed_v91_20260624_175317/bridge_z2_seed_1.log,results/clean_multiseed_v91_20260624_175317/bridge_z2_seed_1.log,bridge_z2_seed_1.log,.log,1332,2026-06-24T17:56:12,Clean CUSUM safety
/home/srmap/research/projects/v2x-multiuav-trust/results/clean_multiseed_v91_20260624_175317/bridge_z2_seed_2.log,results/clean_multiseed_v91_20260624_175317/bridge_z2_seed_2.log,bridge_z2_seed_2.log,.log,1332,2026-06-24T17:59:01,Clean CUSUM safety
/home/srmap/research/projects/v2x-multiuav-trust/results/clean_multiseed_v91_20260624_175317/bridge_z2_seed_3.log,results/clean_multiseed_v91_20260624_175317/bridge_z2_seed_3.log,bridge_z2_seed_3.log,.log,1398,2026-06-24T18:02:15,Clean CUSUM safety
/home/srmap/research/projects/v2x-multiuav-trust/results/clean_multiseed_v91_20260624_175317/bridge_z2_seed_4.log,results/clean_multiseed_v91_20260624_175317/bridge_z2_seed_4.log,bridge_z2_seed_4.log,.log,1158,2026-06-24T18:05:12,Clean CUSUM safety
/home/srmap/research/projects/v2x-multiuav-trust/results/clean_multiseed_v91_20260624_175317/bridge_z2_seed_5.log,results/clean_multiseed_v91_20260624_175317/bridge_z2_seed_5.log,bridge_z2_seed_5.log,.log,1332,2026-06-24T18:07:58,Clean CUSUM safety
/home/srmap/research/projects/v2x-multiuav-trust/results/clean_multiseed_v91_20260624_175317/cloud_seed_1.log,results/clean_multiseed_v91_20260624_175317/cloud_seed_1.log,cloud_seed_1.log,.log,2408,2026-06-24T17:56:12,Clean CUSUM safety
/home/srmap/research/projects/v2x-multiuav-trust/results/clean_multiseed_v91_20260624_175317/cloud_seed_2.log,results/clean_multiseed_v91_20260624_175317/cloud_seed_2.log,cloud_seed_2.log,.log,2622,2026-06-24T17:59:01,Clean CUSUM safety
/home/srmap/research/projects/v2x-multiuav-trust/results/clean_multiseed_v91_20260624_175317/cloud_seed_3.log,results/clean_multiseed_v91_20260624_175317/cloud_seed_3.log,cloud_seed_3.log,.log,2606,2026-06-24T18:02:15,Clean CUSUM safety
/home/srmap/research/projects/v2x-multiuav-trust/results/clean_multiseed_v91_20260624_175317/cloud_seed_4.log,results/clean_multiseed_v91_20260624_175317/cloud_seed_4.log,cloud_seed_4.log,.log,2458,2026-06-24T18:05:12,Clean CUSUM safety
/home/srmap/research/projects/v2x-multiuav-trust/results/clean_multiseed_v91_20260624_175317/cloud_seed_5.log,results/clean_multiseed_v91_20260624_175317/cloud_seed_5.log,cloud_seed_5.log,.log,2158,2026-06-24T18:07:58,Clean CUSUM safety
/home/srmap/research/projects/v2x-multiuav-trust/results/clean_multiseed_v91_20260624_175317/coordinator_seed_1.log,results/clean_multiseed_v91_20260624_175317/coordinator_seed_1.log,coordinator_seed_1.log,.log,1530,2026-06-24T17:56:12,Clean CUSUM safety
/home/srmap/research/projects/v2x-multiuav-trust/results/clean_multiseed_v91_20260624_175317/coordinator_seed_2.log,results/clean_multiseed_v91_20260624_175317/coordinator_seed_2.log,coordinator_seed_2.log,.log,1530,2026-06-24T17:59:01,Clean CUSUM safety
/home/srmap/research/projects/v2x-multiuav-trust/results/clean_multiseed_v91_20260624_175317/coordinator_seed_3.log,results/clean_multiseed_v91_20260624_175317/coordinator_seed_3.log,coordinator_seed_3.log,.log,1530,2026-06-24T18:02:15,Clean CUSUM safety
/home/srmap/research/projects/v2x-multiuav-trust/results/clean_multiseed_v91_20260624_175317/coordinator_seed_4.log,results/clean_multiseed_v91_20260624_175317/coordinator_seed_4.log,coordinator_seed_4.log,.log,1530,2026-06-24T18:05:12,Clean CUSUM safety
/home/srmap/research/projects/v2x-multiuav-trust/results/clean_multiseed_v91_20260624_175317/coordinator_seed_5.log,results/clean_multiseed_v91_20260624_175317/coordinator_seed_5.log,coordinator_seed_5.log,.log,1530,2026-06-24T18:07:58,Clean CUSUM safety
/home/srmap/research/projects/v2x-multiuav-trust/results/clean_multiseed_v91_20260624_175317/edge_z1_seed_1.log,results/clean_multiseed_v91_20260624_175317/edge_z1_seed_1.log,edge_z1_seed_1.log,.log,45835,2026-06-24T17:56:12,Clean CUSUM safety
/home/srmap/research/projects/v2x-multiuav-trust/results/clean_multiseed_v91_20260624_175317/edge_z1_seed_2.log,results/clean_multiseed_v91_20260624_175317/edge_z1_seed_2.log,edge_z1_seed_2.log,.log,46153,2026-06-24T17:59:01,Clean CUSUM safety
/home/srmap/research/projects/v2x-multiuav-trust/results/clean_multiseed_v91_20260624_175317/edge_z1_seed_3.log,results/clean_multiseed_v91_20260624_175317/edge_z1_seed_3.log,edge_z1_seed_3.log,.log,45725,2026-06-24T18:02:15,Clean CUSUM safety
/home/srmap/research/projects/v2x-multiuav-trust/results/clean_multiseed_v91_20260624_175317/edge_z1_seed_4.log,results/clean_multiseed_v91_20260624_175317/edge_z1_seed_4.log,edge_z1_seed_4.log,.log,45353,2026-06-24T18:05:12,Clean CUSUM safety
/home/srmap/research/projects/v2x-multiuav-trust/results/clean_multiseed_v91_20260624_175317/edge_z1_seed_5.log,results/clean_multiseed_v91_20260624_175317/edge_z1_seed_5.log,edge_z1_seed_5.log,.log,45514,2026-06-24T18:07:58,Clean CUSUM safety
/home/srmap/research/projects/v2x-multiuav-trust/results/clean_multiseed_v91_20260624_175317/edge_z2_seed_1.log,results/clean_multiseed_v91_20260624_175317/edge_z2_seed_1.log,edge_z2_seed_1.log,.log,5957,2026-06-24T17:56:12,Clean CUSUM safety
/home/srmap/research/projects/v2x-multiuav-trust/results/clean_multiseed_v91_20260624_175317/edge_z2_seed_2.log,results/clean_multiseed_v91_20260624_175317/edge_z2_seed_2.log,edge_z2_seed_2.log,.log,7720,2026-06-24T17:59:01,Clean CUSUM safety
/home/srmap/research/projects/v2x-multiuav-trust/results/clean_multiseed_v91_20260624_175317/edge_z2_seed_3.log,results/clean_multiseed_v91_20260624_175317/edge_z2_seed_3.log,edge_z2_seed_3.log,.log,18051,2026-06-24T18:02:15,Clean CUSUM safety
/home/srmap/research/projects/v2x-multiuav-trust/results/clean_multiseed_v91_20260624_175317/edge_z2_seed_4.log,results/clean_multiseed_v91_20260624_175317/edge_z2_seed_4.log,edge_z2_seed_4.log,.log,10961,2026-06-24T18:05:12,Clean CUSUM safety
/home/srmap/research/projects/v2x-multiuav-trust/results/clean_multiseed_v91_20260624_175317/edge_z2_seed_5.log,results/clean_multiseed_v91_20260624_175317/edge_z2_seed_5.log,edge_z2_seed_5.log,.log,10172,2026-06-24T18:07:58,Clean CUSUM safety
/home/srmap/research/projects/v2x-multiuav-trust/results/clean_multiseed_v91_20260624_175317/ns3_seed_1.log,results/clean_multiseed_v91_20260624_175317/ns3_seed_1.log,ns3_seed_1.log,.log,143682,2026-06-24T17:56:12,Clean CUSUM safety
/home/srmap/research/projects/v2x-multiuav-trust/results/clean_multiseed_v91_20260624_175317/ns3_seed_2.log,results/clean_multiseed_v91_20260624_175317/ns3_seed_2.log,ns3_seed_2.log,.log,149581,2026-06-24T17:59:01,Clean CUSUM safety
/home/srmap/research/projects/v2x-multiuav-trust/results/clean_multiseed_v91_20260624_175317/ns3_seed_3.log,results/clean_multiseed_v91_20260624_175317/ns3_seed_3.log,ns3_seed_3.log,.log,192649,2026-06-24T18:02:15,Clean CUSUM safety
/home/srmap/research/projects/v2x-multiuav-trust/results/clean_multiseed_v91_20260624_175317/ns3_seed_4.log,results/clean_multiseed_v91_20260624_175317/ns3_seed_4.log,ns3_seed_4.log,.log,160526,2026-06-24T18:05:12,Clean CUSUM safety
/home/srmap/research/projects/v2x-multiuav-trust/results/clean_multiseed_v91_20260624_175317/ns3_seed_5.log,results/clean_multiseed_v91_20260624_175317/ns3_seed_5.log,ns3_seed_5.log,.log,160462,2026-06-24T18:07:58,Clean CUSUM safety
/home/srmap/research/projects/v2x-multiuav-trust/results/clean_multiseed_v91_20260624_175317/payoff_summary.txt,results/clean_multiseed_v91_20260624_175317/payoff_summary.txt,payoff_summary.txt,.txt,8406,2026-06-24T18:07:59,Clean CUSUM safety
/home/srmap/research/projects/v2x-multiuav-trust/results/clean_multiseed_v91_20260705_220415/bridge_z1_seed_1.log,results/clean_multiseed_v91_20260705_220415/bridge_z1_seed_1.log,bridge_z1_seed_1.log,.log,41465,2026-07-05T22:42:43,Clean CUSUM safety
/home/srmap/research/projects/v2x-multiuav-trust/results/clean_multiseed_v91_20260705_220415/bridge_z1_seed_2.log,results/clean_multiseed_v91_20260705_220415/bridge_z1_seed_2.log,bridge_z1_seed_2.log,.log,42034,2026-07-05T23:17:52,Clean CUSUM safety
/home/srmap/research/projects/v2x-multiuav-trust/results/clean_multiseed_v91_20260705_220415/bridge_z1_seed_3.log,results/clean_multiseed_v91_20260705_220415/bridge_z1_seed_3.log,bridge_z1_seed_3.log,.log,38219,2026-07-05T23:55:25,Clean CUSUM safety
/home/srmap/research/projects/v2x-multiuav-trust/results/clean_multiseed_v91_20260705_220415/bridge_z1_seed_4.log,results/clean_multiseed_v91_20260705_220415/bridge_z1_seed_4.log,bridge_z1_seed_4.log,.log,36952,2026-07-06T00:28:39,Clean CUSUM safety
/home/srmap/research/projects/v2x-multiuav-trust/results/clean_multiseed_v91_20260705_220415/bridge_z1_seed_5.log,results/clean_multiseed_v91_20260705_220415/bridge_z1_seed_5.log,bridge_z1_seed_5.log,.log,46101,2026-07-06T01:03:22,Clean CUSUM safety
/home/srmap/research/projects/v2x-multiuav-trust/results/clean_multiseed_v91_20260705_220415/bridge_z2_seed_1.log,results/clean_multiseed_v91_20260705_220415/bridge_z2_seed_1.log,bridge_z2_seed_1.log,.log,10237,2026-07-05T22:42:43,Clean CUSUM safety
/home/srmap/research/projects/v2x-multiuav-trust/results/clean_multiseed_v91_20260705_220415/bridge_z2_seed_2.log,results/clean_multiseed_v91_20260705_220415/bridge_z2_seed_2.log,bridge_z2_seed_2.log,.log,7577,2026-07-05T23:17:52,Clean CUSUM safety
/home/srmap/research/projects/v2x-multiuav-trust/results/clean_multiseed_v91_20260705_220415/bridge_z2_seed_3.log,results/clean_multiseed_v91_20260705_220415/bridge_z2_seed_3.log,bridge_z2_seed_3.log,.log,5980,2026-07-05T23:55:25,Clean CUSUM safety
/home/srmap/research/projects/v2x-multiuav-trust/results/clean_multiseed_v91_20260705_220415/bridge_z2_seed_4.log,results/clean_multiseed_v91_20260705_220415/bridge_z2_seed_4.log,bridge_z2_seed_4.log,.log,4605,2026-07-06T00:28:39,Clean CUSUM safety
/home/srmap/research/projects/v2x-multiuav-trust/results/clean_multiseed_v91_20260705_220415/bridge_z2_seed_5.log,results/clean_multiseed_v91_20260705_220415/bridge_z2_seed_5.log,bridge_z2_seed_5.log,.log,10515,2026-07-06T01:03:22,Clean CUSUM safety
/home/srmap/research/projects/v2x-multiuav-trust/results/clean_multiseed_v91_20260705_220415/cloud_seed_1.log,results/clean_multiseed_v91_20260705_220415/cloud_seed_1.log,cloud_seed_1.log,.log,12139,2026-07-05T22:42:43,Clean CUSUM safety
/home/srmap/research/projects/v2x-multiuav-trust/results/clean_multiseed_v91_20260705_220415/cloud_seed_2.log,results/clean_multiseed_v91_20260705_220415/cloud_seed_2.log,cloud_seed_2.log,.log,6882,2026-07-05T23:17:52,Clean CUSUM safety
/home/srmap/research/projects/v2x-multiuav-trust/results/clean_multiseed_v91_20260705_220415/cloud_seed_3.log,results/clean_multiseed_v91_20260705_220415/cloud_seed_3.log,cloud_seed_3.log,.log,8532,2026-07-05T23:55:25,Clean CUSUM safety
/home/srmap/research/projects/v2x-multiuav-trust/results/clean_multiseed_v91_20260705_220415/cloud_seed_4.log,results/clean_multiseed_v91_20260705_220415/cloud_seed_4.log,cloud_seed_4.log,.log,9852,2026-07-06T00:28:39,Clean CUSUM safety
/home/srmap/research/projects/v2x-multiuav-trust/results/clean_multiseed_v91_20260705_220415/cloud_seed_5.log,results/clean_multiseed_v91_20260705_220415/cloud_seed_5.log,cloud_seed_5.log,.log,7135,2026-07-06T01:03:22,Clean CUSUM safety
/home/srmap/research/projects/v2x-multiuav-trust/results/clean_multiseed_v91_20260705_220415/coordinator_seed_1.log,results/clean_multiseed_v91_20260705_220415/coordinator_seed_1.log,coordinator_seed_1.log,.log,4602,2026-07-05T22:42:43,Clean CUSUM safety
/home/srmap/research/projects/v2x-multiuav-trust/results/clean_multiseed_v91_20260705_220415/coordinator_seed_2.log,results/clean_multiseed_v91_20260705_220415/coordinator_seed_2.log,coordinator_seed_2.log,.log,4602,2026-07-05T23:17:52,Clean CUSUM safety
/home/srmap/research/projects/v2x-multiuav-trust/results/clean_multiseed_v91_20260705_220415/coordinator_seed_3.log,results/clean_multiseed_v91_20260705_220415/coordinator_seed_3.log,coordinator_seed_3.log,.log,4602,2026-07-05T23:55:25,Clean CUSUM safety
/home/srmap/research/projects/v2x-multiuav-trust/results/clean_multiseed_v91_20260705_220415/coordinator_seed_4.log,results/clean_multiseed_v91_20260705_220415/coordinator_seed_4.log,coordinator_seed_4.log,.log,4602,2026-07-06T00:28:39,Clean CUSUM safety
/home/srmap/research/projects/v2x-multiuav-trust/results/clean_multiseed_v91_20260705_220415/coordinator_seed_5.log,results/clean_multiseed_v91_20260705_220415/coordinator_seed_5.log,coordinator_seed_5.log,.log,4602,2026-07-06T01:03:22,Clean CUSUM safety
/home/srmap/research/projects/v2x-multiuav-trust/results/clean_multiseed_v91_20260705_220415/edge_z1_seed_1.log,results/clean_multiseed_v91_20260705_220415/edge_z1_seed_1.log,edge_z1_seed_1.log,.log,186359,2026-07-05T22:42:43,Clean CUSUM safety
/home/srmap/research/projects/v2x-multiuav-trust/results/clean_multiseed_v91_20260705_220415/edge_z1_seed_2.log,results/clean_multiseed_v91_20260705_220415/edge_z1_seed_2.log,edge_z1_seed_2.log,.log,189165,2026-07-05T23:17:52,Clean CUSUM safety
/home/srmap/research/projects/v2x-multiuav-trust/results/clean_multiseed_v91_20260705_220415/edge_z1_seed_3.log,results/clean_multiseed_v91_20260705_220415/edge_z1_seed_3.log,edge_z1_seed_3.log,.log,172802,2026-07-05T23:55:25,Clean CUSUM safety
/home/srmap/research/projects/v2x-multiuav-trust/results/clean_multiseed_v91_20260705_220415/edge_z1_seed_4.log,results/clean_multiseed_v91_20260705_220415/edge_z1_seed_4.log,edge_z1_seed_4.log,.log,160077,2026-07-06T00:28:39,Clean CUSUM safety
/home/srmap/research/projects/v2x-multiuav-trust/results/clean_multiseed_v91_20260705_220415/edge_z1_seed_5.log,results/clean_multiseed_v91_20260705_220415/edge_z1_seed_5.log,edge_z1_seed_5.log,.log,210693,2026-07-06T01:03:22,Clean CUSUM safety
/home/srmap/research/projects/v2x-multiuav-trust/results/clean_multiseed_v91_20260705_220415/edge_z2_seed_1.log,results/clean_multiseed_v91_20260705_220415/edge_z2_seed_1.log,edge_z2_seed_1.log,.log,44406,2026-07-05T22:42:43,Clean CUSUM safety
/home/srmap/research/projects/v2x-multiuav-trust/results/clean_multiseed_v91_20260705_220415/edge_z2_seed_2.log,results/clean_multiseed_v91_20260705_220415/edge_z2_seed_2.log,edge_z2_seed_2.log,.log,43566,2026-07-05T23:17:52,Clean CUSUM safety
/home/srmap/research/projects/v2x-multiuav-trust/results/clean_multiseed_v91_20260705_220415/edge_z2_seed_3.log,results/clean_multiseed_v91_20260705_220415/edge_z2_seed_3.log,edge_z2_seed_3.log,.log,32498,2026-07-05T23:55:25,Clean CUSUM safety
/home/srmap/research/projects/v2x-multiuav-trust/results/clean_multiseed_v91_20260705_220415/edge_z2_seed_4.log,results/clean_multiseed_v91_20260705_220415/edge_z2_seed_4.log,edge_z2_seed_4.log,.log,31741,2026-07-06T00:28:39,Clean CUSUM safety
/home/srmap/research/projects/v2x-multiuav-trust/results/clean_multiseed_v91_20260705_220415/edge_z2_seed_5.log,results/clean_multiseed_v91_20260705_220415/edge_z2_seed_5.log,edge_z2_seed_5.log,.log,57216,2026-07-06T01:03:22,Clean CUSUM safety
/home/srmap/research/projects/v2x-multiuav-trust/results/clean_multiseed_v91_20260705_220415/ns3_seed_1.log,results/clean_multiseed_v91_20260705_220415/ns3_seed_1.log,ns3_seed_1.log,.log,636992,2026-07-05T22:42:43,Clean CUSUM safety
/home/srmap/research/projects/v2x-multiuav-trust/results/clean_multiseed_v91_20260705_220415/ns3_seed_2.log,results/clean_multiseed_v91_20260705_220415/ns3_seed_2.log,ns3_seed_2.log,.log,645617,2026-07-05T23:17:52,Clean CUSUM safety
/home/srmap/research/projects/v2x-multiuav-trust/results/clean_multiseed_v91_20260705_220415/ns3_seed_3.log,results/clean_multiseed_v91_20260705_220415/ns3_seed_3.log,ns3_seed_3.log,.log,559645,2026-07-05T23:55:25,Clean CUSUM safety
/home/srmap/research/projects/v2x-multiuav-trust/results/clean_multiseed_v91_20260705_220415/ns3_seed_4.log,results/clean_multiseed_v91_20260705_220415/ns3_seed_4.log,ns3_seed_4.log,.log,531183,2026-07-06T00:28:39,Clean CUSUM safety
/home/srmap/research/projects/v2x-multiuav-trust/results/clean_multiseed_v91_20260705_220415/ns3_seed_5.log,results/clean_multiseed_v91_20260705_220415/ns3_seed_5.log,ns3_seed_5.log,.log,739433,2026-07-06T01:03:22,Clean CUSUM safety
/home/srmap/research/projects/v2x-multiuav-trust/results/clean_multiseed_v91_20260705_220415/payoff_summary.txt,results/clean_multiseed_v91_20260705_220415/payoff_summary.txt,payoff_summary.txt,.txt,42170,2026-07-06T01:03:23,Clean CUSUM safety
/home/srmap/research/projects/v2x-multiuav-trust/results/clean_multiseed_v91_20260706_230602/bridge_z1_seed_1.log,results/clean_multiseed_v91_20260706_230602/bridge_z1_seed_1.log,bridge_z1_seed_1.log,.log,38768,2026-07-06T23:44:34,Clean CUSUM safety
/home/srmap/research/projects/v2x-multiuav-trust/results/clean_multiseed_v91_20260706_230602/bridge_z1_seed_2.log,results/clean_multiseed_v91_20260706_230602/bridge_z1_seed_2.log,bridge_z1_seed_2.log,.log,40247,2026-07-07T00:19:57,Clean CUSUM safety
/home/srmap/research/projects/v2x-multiuav-trust/results/clean_multiseed_v91_20260706_230602/bridge_z1_seed_3.log,results/clean_multiseed_v91_20260706_230602/bridge_z1_seed_3.log,bridge_z1_seed_3.log,.log,36008,2026-07-07T00:59:14,Clean CUSUM safety
/home/srmap/research/projects/v2x-multiuav-trust/results/clean_multiseed_v91_20260706_230602/bridge_z1_seed_4.log,results/clean_multiseed_v91_20260706_230602/bridge_z1_seed_4.log,bridge_z1_seed_4.log,.log,34441,2026-07-07T01:32:22,Clean CUSUM safety
/home/srmap/research/projects/v2x-multiuav-trust/results/clean_multiseed_v91_20260706_230602/bridge_z1_seed_5.log,results/clean_multiseed_v91_20260706_230602/bridge_z1_seed_5.log,bridge_z1_seed_5.log,.log,43953,2026-07-07T02:08:08,Clean CUSUM safety
/home/srmap/research/projects/v2x-multiuav-trust/results/clean_multiseed_v91_20260706_230602/bridge_z2_seed_1.log,results/clean_multiseed_v91_20260706_230602/bridge_z2_seed_1.log,bridge_z2_seed_1.log,.log,8287,2026-07-06T23:44:34,Clean CUSUM safety
/home/srmap/research/projects/v2x-multiuav-trust/results/clean_multiseed_v91_20260706_230602/bridge_z2_seed_2.log,results/clean_multiseed_v91_20260706_230602/bridge_z2_seed_2.log,bridge_z2_seed_2.log,.log,4788,2026-07-07T00:19:57,Clean CUSUM safety
/home/srmap/research/projects/v2x-multiuav-trust/results/clean_multiseed_v91_20260706_230602/bridge_z2_seed_3.log,results/clean_multiseed_v91_20260706_230602/bridge_z2_seed_3.log,bridge_z2_seed_3.log,.log,7156,2026-07-07T00:59:14,Clean CUSUM safety
/home/srmap/research/projects/v2x-multiuav-trust/results/clean_multiseed_v91_20260706_230602/bridge_z2_seed_4.log,results/clean_multiseed_v91_20260706_230602/bridge_z2_seed_4.log,bridge_z2_seed_4.log,.log,5481,2026-07-07T01:32:22,Clean CUSUM safety
/home/srmap/research/projects/v2x-multiuav-trust/results/clean_multiseed_v91_20260706_230602/bridge_z2_seed_5.log,results/clean_multiseed_v91_20260706_230602/bridge_z2_seed_5.log,bridge_z2_seed_5.log,.log,7067,2026-07-07T02:08:08,Clean CUSUM safety
/home/srmap/research/projects/v2x-multiuav-trust/results/clean_multiseed_v91_20260706_230602/cloud_seed_1.log,results/clean_multiseed_v91_20260706_230602/cloud_seed_1.log,cloud_seed_1.log,.log,8369,2026-07-06T23:44:34,Clean CUSUM safety
/home/srmap/research/projects/v2x-multiuav-trust/results/clean_multiseed_v91_20260706_230602/cloud_seed_2.log,results/clean_multiseed_v91_20260706_230602/cloud_seed_2.log,cloud_seed_2.log,.log,9189,2026-07-07T00:19:57,Clean CUSUM safety
/home/srmap/research/projects/v2x-multiuav-trust/results/clean_multiseed_v91_20260706_230602/cloud_seed_3.log,results/clean_multiseed_v91_20260706_230602/cloud_seed_3.log,cloud_seed_3.log,.log,8052,2026-07-07T00:59:14,Clean CUSUM safety
/home/srmap/research/projects/v2x-multiuav-trust/results/clean_multiseed_v91_20260706_230602/cloud_seed_4.log,results/clean_multiseed_v91_20260706_230602/cloud_seed_4.log,cloud_seed_4.log,.log,9004,2026-07-07T01:32:22,Clean CUSUM safety
/home/srmap/research/projects/v2x-multiuav-trust/results/clean_multiseed_v91_20260706_230602/cloud_seed_5.log,results/clean_multiseed_v91_20260706_230602/cloud_seed_5.log,cloud_seed_5.log,.log,7675,2026-07-07T02:08:08,Clean CUSUM safety
/home/srmap/research/projects/v2x-multiuav-trust/results/clean_multiseed_v91_20260706_230602/coordinator_seed_1.log,results/clean_multiseed_v91_20260706_230602/coordinator_seed_1.log,coordinator_seed_1.log,.log,4602,2026-07-06T23:44:34,Clean CUSUM safety
/home/srmap/research/projects/v2x-multiuav-trust/results/clean_multiseed_v91_20260706_230602/coordinator_seed_2.log,results/clean_multiseed_v91_20260706_230602/coordinator_seed_2.log,coordinator_seed_2.log,.log,4602,2026-07-07T00:19:57,Clean CUSUM safety
/home/srmap/research/projects/v2x-multiuav-trust/results/clean_multiseed_v91_20260706_230602/coordinator_seed_3.log,results/clean_multiseed_v91_20260706_230602/coordinator_seed_3.log,coordinator_seed_3.log,.log,4602,2026-07-07T00:59:14,Clean CUSUM safety
/home/srmap/research/projects/v2x-multiuav-trust/results/clean_multiseed_v91_20260706_230602/coordinator_seed_4.log,results/clean_multiseed_v91_20260706_230602/coordinator_seed_4.log,coordinator_seed_4.log,.log,4602,2026-07-07T01:32:22,Clean CUSUM safety
/home/srmap/research/projects/v2x-multiuav-trust/results/clean_multiseed_v91_20260706_230602/coordinator_seed_5.log,results/clean_multiseed_v91_20260706_230602/coordinator_seed_5.log,coordinator_seed_5.log,.log,4602,2026-07-07T02:08:08,Clean CUSUM safety
/home/srmap/research/projects/v2x-multiuav-trust/results/clean_multiseed_v91_20260706_230602/edge_z1_seed_1.log,results/clean_multiseed_v91_20260706_230602/edge_z1_seed_1.log,edge_z1_seed_1.log,.log,184889,2026-07-06T23:44:34,Clean CUSUM safety
/home/srmap/research/projects/v2x-multiuav-trust/results/clean_multiseed_v91_20260706_230602/edge_z1_seed_2.log,results/clean_multiseed_v91_20260706_230602/edge_z1_seed_2.log,edge_z1_seed_2.log,.log,188028,2026-07-07T00:19:57,Clean CUSUM safety
/home/srmap/research/projects/v2x-multiuav-trust/results/clean_multiseed_v91_20260706_230602/edge_z1_seed_3.log,results/clean_multiseed_v91_20260706_230602/edge_z1_seed_3.log,edge_z1_seed_3.log,.log,169898,2026-07-07T00:59:14,Clean CUSUM safety
/home/srmap/research/projects/v2x-multiuav-trust/results/clean_multiseed_v91_20260706_230602/edge_z1_seed_4.log,results/clean_multiseed_v91_20260706_230602/edge_z1_seed_4.log,edge_z1_seed_4.log,.log,160945,2026-07-07T01:32:22,Clean CUSUM safety
/home/srmap/research/projects/v2x-multiuav-trust/results/clean_multiseed_v91_20260706_230602/edge_z1_seed_5.log,results/clean_multiseed_v91_20260706_230602/edge_z1_seed_5.log,edge_z1_seed_5.log,.log,209861,2026-07-07T02:08:08,Clean CUSUM safety
/home/srmap/research/projects/v2x-multiuav-trust/results/clean_multiseed_v91_20260706_230602/edge_z2_seed_1.log,results/clean_multiseed_v91_20260706_230602/edge_z2_seed_1.log,edge_z2_seed_1.log,.log,42556,2026-07-06T23:44:34,Clean CUSUM safety
/home/srmap/research/projects/v2x-multiuav-trust/results/clean_multiseed_v91_20260706_230602/edge_z2_seed_2.log,results/clean_multiseed_v91_20260706_230602/edge_z2_seed_2.log,edge_z2_seed_2.log,.log,33472,2026-07-07T00:19:57,Clean CUSUM safety
/home/srmap/research/projects/v2x-multiuav-trust/results/clean_multiseed_v91_20260706_230602/edge_z2_seed_3.log,results/clean_multiseed_v91_20260706_230602/edge_z2_seed_3.log,edge_z2_seed_3.log,.log,35840,2026-07-07T00:59:14,Clean CUSUM safety
/home/srmap/research/projects/v2x-multiuav-trust/results/clean_multiseed_v91_20260706_230602/edge_z2_seed_4.log,results/clean_multiseed_v91_20260706_230602/edge_z2_seed_4.log,edge_z2_seed_4.log,.log,30994,2026-07-07T01:32:22,Clean CUSUM safety
/home/srmap/research/projects/v2x-multiuav-trust/results/clean_multiseed_v91_20260706_230602/edge_z2_seed_5.log,results/clean_multiseed_v91_20260706_230602/edge_z2_seed_5.log,edge_z2_seed_5.log,.log,43127,2026-07-07T02:08:08,Clean CUSUM safety
/home/srmap/research/projects/v2x-multiuav-trust/results/clean_multiseed_v91_20260706_230602/ns3_seed_1.log,results/clean_multiseed_v91_20260706_230602/ns3_seed_1.log,ns3_seed_1.log,.log,645128,2026-07-06T23:44:34,Clean CUSUM safety
/home/srmap/research/projects/v2x-multiuav-trust/results/clean_multiseed_v91_20260706_230602/ns3_seed_2.log,results/clean_multiseed_v91_20260706_230602/ns3_seed_2.log,ns3_seed_2.log,.log,611308,2026-07-07T00:19:57,Clean CUSUM safety
/home/srmap/research/projects/v2x-multiuav-trust/results/clean_multiseed_v91_20260706_230602/ns3_seed_3.log,results/clean_multiseed_v91_20260706_230602/ns3_seed_3.log,ns3_seed_3.log,.log,584700,2026-07-07T00:59:14,Clean CUSUM safety
/home/srmap/research/projects/v2x-multiuav-trust/results/clean_multiseed_v91_20260706_230602/ns3_seed_4.log,results/clean_multiseed_v91_20260706_230602/ns3_seed_4.log,ns3_seed_4.log,.log,534350,2026-07-07T01:32:22,Clean CUSUM safety
/home/srmap/research/projects/v2x-multiuav-trust/results/clean_multiseed_v91_20260706_230602/ns3_seed_5.log,results/clean_multiseed_v91_20260706_230602/ns3_seed_5.log,ns3_seed_5.log,.log,699590,2026-07-07T02:08:08,Clean CUSUM safety
/home/srmap/research/projects/v2x-multiuav-trust/results/clean_multiseed_v91_20260706_230602/payoff_summary.txt,results/clean_multiseed_v91_20260706_230602/payoff_summary.txt,payoff_summary.txt,.txt,42164,2026-07-07T02:08:09,Clean CUSUM safety
/home/srmap/research/projects/v2x-multiuav-trust/results/clean_multiseed_v91_20260707_110731/bridge_z1_seed_1.log,results/clean_multiseed_v91_20260707_110731/bridge_z1_seed_1.log,bridge_z1_seed_1.log,.log,41937,2026-07-07T11:43:19,Clean CUSUM safety
/home/srmap/research/projects/v2x-multiuav-trust/results/clean_multiseed_v91_20260707_110731/bridge_z1_seed_2.log,results/clean_multiseed_v91_20260707_110731/bridge_z1_seed_2.log,bridge_z1_seed_2.log,.log,41555,2026-07-07T12:16:11,Clean CUSUM safety
/home/srmap/research/projects/v2x-multiuav-trust/results/clean_multiseed_v91_20260707_110731/bridge_z1_seed_3.log,results/clean_multiseed_v91_20260707_110731/bridge_z1_seed_3.log,bridge_z1_seed_3.log,.log,39412,2026-07-07T12:53:00,Clean CUSUM safety
/home/srmap/research/projects/v2x-multiuav-trust/results/clean_multiseed_v91_20260707_110731/bridge_z1_seed_4.log,results/clean_multiseed_v91_20260707_110731/bridge_z1_seed_4.log,bridge_z1_seed_4.log,.log,37960,2026-07-07T13:26:31,Clean CUSUM safety
/home/srmap/research/projects/v2x-multiuav-trust/results/clean_multiseed_v91_20260707_110731/bridge_z2_seed_1.log,results/clean_multiseed_v91_20260707_110731/bridge_z2_seed_1.log,bridge_z2_seed_1.log,.log,6677,2026-07-07T11:43:19,Clean CUSUM safety
/home/srmap/research/projects/v2x-multiuav-trust/results/clean_multiseed_v91_20260707_110731/bridge_z2_seed_2.log,results/clean_multiseed_v91_20260707_110731/bridge_z2_seed_2.log,bridge_z2_seed_2.log,.log,6813,2026-07-07T12:16:11,Clean CUSUM safety
/home/srmap/research/projects/v2x-multiuav-trust/results/clean_multiseed_v91_20260707_110731/bridge_z2_seed_3.log,results/clean_multiseed_v91_20260707_110731/bridge_z2_seed_3.log,bridge_z2_seed_3.log,.log,8553,2026-07-07T12:53:00,Clean CUSUM safety
/home/srmap/research/projects/v2x-multiuav-trust/results/clean_multiseed_v91_20260707_110731/bridge_z2_seed_4.log,results/clean_multiseed_v91_20260707_110731/bridge_z2_seed_4.log,bridge_z2_seed_4.log,.log,1747,2026-07-07T13:26:31,Clean CUSUM safety
/home/srmap/research/projects/v2x-multiuav-trust/results/clean_multiseed_v91_20260707_110731/cloud_seed_1.log,results/clean_multiseed_v91_20260707_110731/cloud_seed_1.log,cloud_seed_1.log,.log,7926,2026-07-07T11:43:19,Clean CUSUM safety
/home/srmap/research/projects/v2x-multiuav-trust/results/clean_multiseed_v91_20260707_110731/cloud_seed_2.log,results/clean_multiseed_v91_20260707_110731/cloud_seed_2.log,cloud_seed_2.log,.log,7840,2026-07-07T12:16:11,Clean CUSUM safety
/home/srmap/research/projects/v2x-multiuav-trust/results/clean_multiseed_v91_20260707_110731/cloud_seed_3.log,results/clean_multiseed_v91_20260707_110731/cloud_seed_3.log,cloud_seed_3.log,.log,11703,2026-07-07T12:53:00,Clean CUSUM safety
/home/srmap/research/projects/v2x-multiuav-trust/results/clean_multiseed_v91_20260707_110731/cloud_seed_4.log,results/clean_multiseed_v91_20260707_110731/cloud_seed_4.log,cloud_seed_4.log,.log,8784,2026-07-07T13:26:31,Clean CUSUM safety
/home/srmap/research/projects/v2x-multiuav-trust/results/clean_multiseed_v91_20260707_110731/coordinator_seed_1.log,results/clean_multiseed_v91_20260707_110731/coordinator_seed_1.log,coordinator_seed_1.log,.log,4602,2026-07-07T11:43:19,Clean CUSUM safety
/home/srmap/research/projects/v2x-multiuav-trust/results/clean_multiseed_v91_20260707_110731/coordinator_seed_2.log,results/clean_multiseed_v91_20260707_110731/coordinator_seed_2.log,coordinator_seed_2.log,.log,4602,2026-07-07T12:16:11,Clean CUSUM safety
/home/srmap/research/projects/v2x-multiuav-trust/results/clean_multiseed_v91_20260707_110731/coordinator_seed_3.log,results/clean_multiseed_v91_20260707_110731/coordinator_seed_3.log,coordinator_seed_3.log,.log,4602,2026-07-07T12:53:00,Clean CUSUM safety
/home/srmap/research/projects/v2x-multiuav-trust/results/clean_multiseed_v91_20260707_110731/coordinator_seed_4.log,results/clean_multiseed_v91_20260707_110731/coordinator_seed_4.log,coordinator_seed_4.log,.log,4602,2026-07-07T13:26:31,Clean CUSUM safety
/home/srmap/research/projects/v2x-multiuav-trust/results/clean_multiseed_v91_20260707_110731/edge_z1_seed_1.log,results/clean_multiseed_v91_20260707_110731/edge_z1_seed_1.log,edge_z1_seed_1.log,.log,187756,2026-07-07T11:43:19,Clean CUSUM safety
/home/srmap/research/projects/v2x-multiuav-trust/results/clean_multiseed_v91_20260707_110731/edge_z1_seed_2.log,results/clean_multiseed_v91_20260707_110731/edge_z1_seed_2.log,edge_z1_seed_2.log,.log,186774,2026-07-07T12:16:11,Clean CUSUM safety
/home/srmap/research/projects/v2x-multiuav-trust/results/clean_multiseed_v91_20260707_110731/edge_z1_seed_3.log,results/clean_multiseed_v91_20260707_110731/edge_z1_seed_3.log,edge_z1_seed_3.log,.log,174195,2026-07-07T12:53:00,Clean CUSUM safety
/home/srmap/research/projects/v2x-multiuav-trust/results/clean_multiseed_v91_20260707_110731/edge_z1_seed_4.log,results/clean_multiseed_v91_20260707_110731/edge_z1_seed_4.log,edge_z1_seed_4.log,.log,164335,2026-07-07T13:26:31,Clean CUSUM safety
/home/srmap/research/projects/v2x-multiuav-trust/results/clean_multiseed_v91_20260707_110731/edge_z2_seed_1.log,results/clean_multiseed_v91_20260707_110731/edge_z2_seed_1.log,edge_z2_seed_1.log,.log,41348,2026-07-07T11:43:19,Clean CUSUM safety
/home/srmap/research/projects/v2x-multiuav-trust/results/clean_multiseed_v91_20260707_110731/edge_z2_seed_2.log,results/clean_multiseed_v91_20260707_110731/edge_z2_seed_2.log,edge_z2_seed_2.log,.log,42719,2026-07-07T12:16:11,Clean CUSUM safety
/home/srmap/research/projects/v2x-multiuav-trust/results/clean_multiseed_v91_20260707_110731/edge_z2_seed_3.log,results/clean_multiseed_v91_20260707_110731/edge_z2_seed_3.log,edge_z2_seed_3.log,.log,30089,2026-07-07T12:53:00,Clean CUSUM safety
/home/srmap/research/projects/v2x-multiuav-trust/results/clean_multiseed_v91_20260707_110731/edge_z2_seed_4.log,results/clean_multiseed_v91_20260707_110731/edge_z2_seed_4.log,edge_z2_seed_4.log,.log,15604,2026-07-07T13:26:31,Clean CUSUM safety
/home/srmap/research/projects/v2x-multiuav-trust/results/clean_multiseed_v91_20260707_110731/ns3_seed_1.log,results/clean_multiseed_v91_20260707_110731/ns3_seed_1.log,ns3_seed_1.log,.log,1258200,2026-07-07T11:43:19,Clean CUSUM safety
/home/srmap/research/projects/v2x-multiuav-trust/results/clean_multiseed_v91_20260707_110731/ns3_seed_2.log,results/clean_multiseed_v91_20260707_110731/ns3_seed_2.log,ns3_seed_2.log,.log,1247006,2026-07-07T12:16:11,Clean CUSUM safety
/home/srmap/research/projects/v2x-multiuav-trust/results/clean_multiseed_v91_20260707_110731/ns3_seed_3.log,results/clean_multiseed_v91_20260707_110731/ns3_seed_3.log,ns3_seed_3.log,.log,1227747,2026-07-07T12:53:00,Clean CUSUM safety
/home/srmap/research/projects/v2x-multiuav-trust/results/clean_multiseed_v91_20260707_110731/ns3_seed_4.log,results/clean_multiseed_v91_20260707_110731/ns3_seed_4.log,ns3_seed_4.log,.log,1056066,2026-07-07T13:26:31,Clean CUSUM safety
/home/srmap/research/projects/v2x-multiuav-trust/results/clean_multiseed_v91_20260707_110731/ns3_seed_5.log,results/clean_multiseed_v91_20260707_110731/ns3_seed_5.log,ns3_seed_5.log,.log,1224767,2026-07-07T13:48:40,Clean CUSUM safety
/home/srmap/research/projects/v2x-multiuav-trust/results/cusum_clean_veremi_on_H08_minobs3_edgemax05_15seed/ON_seed10_x-1_-1_t36.log,results/cusum_clean_veremi_on_H08_minobs3_edgemax05_15seed/ON_seed10_x-1_-1_t36.log,ON_seed10_x-1_-1_t36.log,.log,339693,2026-07-17T08:55:47,Guarded CUSUM ON/OFF; Clean CUSUM safety
/home/srmap/research/projects/v2x-multiuav-trust/results/cusum_clean_veremi_on_H08_minobs3_edgemax05_15seed/ON_seed11_x-1_-1_t36.log,results/cusum_clean_veremi_on_H08_minobs3_edgemax05_15seed/ON_seed11_x-1_-1_t36.log,ON_seed11_x-1_-1_t36.log,.log,310468,2026-07-17T08:57:13,Guarded CUSUM ON/OFF; Clean CUSUM safety
/home/srmap/research/projects/v2x-multiuav-trust/results/cusum_clean_veremi_on_H08_minobs3_edgemax05_15seed/ON_seed12_x-1_-1_t36.log,results/cusum_clean_veremi_on_H08_minobs3_edgemax05_15seed/ON_seed12_x-1_-1_t36.log,ON_seed12_x-1_-1_t36.log,.log,337907,2026-07-17T08:58:46,Guarded CUSUM ON/OFF; Clean CUSUM safety
/home/srmap/research/projects/v2x-multiuav-trust/results/cusum_clean_veremi_on_H08_minobs3_edgemax05_15seed/ON_seed13_x-1_-1_t36.log,results/cusum_clean_veremi_on_H08_minobs3_edgemax05_15seed/ON_seed13_x-1_-1_t36.log,ON_seed13_x-1_-1_t36.log,.log,338936,2026-07-17T09:00:14,Guarded CUSUM ON/OFF; Clean CUSUM safety
/home/srmap/research/projects/v2x-multiuav-trust/results/cusum_clean_veremi_on_H08_minobs3_edgemax05_15seed/ON_seed14_x-1_-1_t36.log,results/cusum_clean_veremi_on_H08_minobs3_edgemax05_15seed/ON_seed14_x-1_-1_t36.log,ON_seed14_x-1_-1_t36.log,.log,340996,2026-07-17T09:01:41,Guarded CUSUM ON/OFF; Clean CUSUM safety
/home/srmap/research/projects/v2x-multiuav-trust/results/cusum_clean_veremi_on_H08_minobs3_edgemax05_15seed/ON_seed15_x-1_-1_t36.log,results/cusum_clean_veremi_on_H08_minobs3_edgemax05_15seed/ON_seed15_x-1_-1_t36.log,ON_seed15_x-1_-1_t36.log,.log,311972,2026-07-17T09:03:08,Guarded CUSUM ON/OFF; Clean CUSUM safety
/home/srmap/research/projects/v2x-multiuav-trust/results/cusum_clean_veremi_on_H08_minobs3_edgemax05_15seed/ON_seed1_x-1_-1_t36.log,results/cusum_clean_veremi_on_H08_minobs3_edgemax05_15seed/ON_seed1_x-1_-1_t36.log,ON_seed1_x-1_-1_t36.log,.log,315972,2026-07-17T08:42:50,Guarded CUSUM ON/OFF; Clean CUSUM safety
/home/srmap/research/projects/v2x-multiuav-trust/results/cusum_clean_veremi_on_H08_minobs3_edgemax05_15seed/ON_seed2_x-1_-1_t36.log,results/cusum_clean_veremi_on_H08_minobs3_edgemax05_15seed/ON_seed2_x-1_-1_t36.log,ON_seed2_x-1_-1_t36.log,.log,339916,2026-07-17T08:44:17,Guarded CUSUM ON/OFF; Clean CUSUM safety
/home/srmap/research/projects/v2x-multiuav-trust/results/cusum_clean_veremi_on_H08_minobs3_edgemax05_15seed/ON_seed3_x-1_-1_t36.log,results/cusum_clean_veremi_on_H08_minobs3_edgemax05_15seed/ON_seed3_x-1_-1_t36.log,ON_seed3_x-1_-1_t36.log,.log,339246,2026-07-17T08:45:44,Guarded CUSUM ON/OFF; Clean CUSUM safety
/home/srmap/research/projects/v2x-multiuav-trust/results/cusum_clean_veremi_on_H08_minobs3_edgemax05_15seed/ON_seed4_x-1_-1_t36.log,results/cusum_clean_veremi_on_H08_minobs3_edgemax05_15seed/ON_seed4_x-1_-1_t36.log,ON_seed4_x-1_-1_t36.log,.log,312779,2026-07-17T08:47:08,Guarded CUSUM ON/OFF; Clean CUSUM safety
/home/srmap/research/projects/v2x-multiuav-trust/results/cusum_clean_veremi_on_H08_minobs3_edgemax05_15seed/ON_seed5_x-1_-1_t36.log,results/cusum_clean_veremi_on_H08_minobs3_edgemax05_15seed/ON_seed5_x-1_-1_t36.log,ON_seed5_x-1_-1_t36.log,.log,339345,2026-07-17T08:48:33,Guarded CUSUM ON/OFF; Clean CUSUM safety
/home/srmap/research/projects/v2x-multiuav-trust/results/cusum_clean_veremi_on_H08_minobs3_edgemax05_15seed/ON_seed6_x-1_-1_t36.log,results/cusum_clean_veremi_on_H08_minobs3_edgemax05_15seed/ON_seed6_x-1_-1_t36.log,ON_seed6_x-1_-1_t36.log,.log,341362,2026-07-17T08:50:02,Guarded CUSUM ON/OFF; Clean CUSUM safety
/home/srmap/research/projects/v2x-multiuav-trust/results/cusum_clean_veremi_on_H08_minobs3_edgemax05_15seed/ON_seed7_x-1_-1_t36.log,results/cusum_clean_veremi_on_H08_minobs3_edgemax05_15seed/ON_seed7_x-1_-1_t36.log,ON_seed7_x-1_-1_t36.log,.log,338143,2026-07-17T08:51:26,Guarded CUSUM ON/OFF; Clean CUSUM safety
/home/srmap/research/projects/v2x-multiuav-trust/results/cusum_clean_veremi_on_H08_minobs3_edgemax05_15seed/ON_seed8_x-1_-1_t36.log,results/cusum_clean_veremi_on_H08_minobs3_edgemax05_15seed/ON_seed8_x-1_-1_t36.log,ON_seed8_x-1_-1_t36.log,.log,314254,2026-07-17T08:52:52,Guarded CUSUM ON/OFF; Clean CUSUM safety
/home/srmap/research/projects/v2x-multiuav-trust/results/cusum_clean_veremi_on_H08_minobs3_edgemax05_15seed/ON_seed9_x-1_-1_t36.log,results/cusum_clean_veremi_on_H08_minobs3_edgemax05_15seed/ON_seed9_x-1_-1_t36.log,ON_seed9_x-1_-1_t36.log,.log,341706,2026-07-17T08:54:20,Guarded CUSUM ON/OFF; Clean CUSUM safety
/home/srmap/research/projects/v2x-multiuav-trust/results/cusum_input_veremi_aggr_minobs3_seed1/ON_seed1_x560_720_t36.log,results/cusum_input_veremi_aggr_minobs3_seed1/ON_seed1_x560_720_t36.log,ON_seed1_x560_720_t36.log,.log,306656,2026-07-16T16:49:31,Guarded CUSUM ON/OFF
/home/srmap/research/projects/v2x-multiuav-trust/results/cusum_input_veremi_aggr_seed1/ON_seed1_x560_720_t36.log,results/cusum_input_veremi_aggr_seed1/ON_seed1_x560_720_t36.log,ON_seed1_x560_720_t36.log,.log,307025,2026-07-16T16:43:35,Guarded CUSUM ON/OFF
/home/srmap/research/projects/v2x-multiuav-trust/results/cusum_input_veremi_clean_minobs3_5seed/ON_seed1_x-1_-1_t36.log,results/cusum_input_veremi_clean_minobs3_5seed/ON_seed1_x-1_-1_t36.log,ON_seed1_x-1_-1_t36.log,.log,315863,2026-07-16T17:17:05,Guarded CUSUM ON/OFF; Clean CUSUM safety
/home/srmap/research/projects/v2x-multiuav-trust/results/cusum_input_veremi_clean_minobs3_5seed/ON_seed2_x-1_-1_t36.log,results/cusum_input_veremi_clean_minobs3_5seed/ON_seed2_x-1_-1_t36.log,ON_seed2_x-1_-1_t36.log,.log,339721,2026-07-16T17:18:32,Guarded CUSUM ON/OFF; Clean CUSUM safety
/home/srmap/research/projects/v2x-multiuav-trust/results/cusum_input_veremi_clean_minobs3_5seed/ON_seed3_x-1_-1_t36.log,results/cusum_input_veremi_clean_minobs3_5seed/ON_seed3_x-1_-1_t36.log,ON_seed3_x-1_-1_t36.log,.log,339275,2026-07-16T17:19:59,Guarded CUSUM ON/OFF; Clean CUSUM safety
/home/srmap/research/projects/v2x-multiuav-trust/results/cusum_input_veremi_clean_minobs3_5seed/ON_seed4_x-1_-1_t36.log,results/cusum_input_veremi_clean_minobs3_5seed/ON_seed4_x-1_-1_t36.log,ON_seed4_x-1_-1_t36.log,.log,311312,2026-07-16T17:21:23,Guarded CUSUM ON/OFF; Clean CUSUM safety
/home/srmap/research/projects/v2x-multiuav-trust/results/cusum_input_veremi_clean_minobs3_5seed/ON_seed5_x-1_-1_t36.log,results/cusum_input_veremi_clean_minobs3_5seed/ON_seed5_x-1_-1_t36.log,ON_seed5_x-1_-1_t36.log,.log,339225,2026-07-16T17:22:48,Guarded CUSUM ON/OFF; Clean CUSUM safety
/home/srmap/research/projects/v2x-multiuav-trust/results/cusum_input_veremi_clean_minobs3_seed1/ON_seed1_x-1_-1_t36.log,results/cusum_input_veremi_clean_minobs3_seed1/ON_seed1_x-1_-1_t36.log,ON_seed1_x-1_-1_t36.log,.log,315863,2026-07-16T16:52:56,Guarded CUSUM ON/OFF; Clean CUSUM safety
/home/srmap/research/projects/v2x-multiuav-trust/results/cusum_specific_veremi_off_minobs3_5seed/ON_seed10_x560_720_t36.log,results/cusum_specific_veremi_off_minobs3_5seed/ON_seed10_x560_720_t36.log,ON_seed10_x560_720_t36.log,.log,332623,2026-07-16T18:23:49,Guarded CUSUM ON/OFF
/home/srmap/research/projects/v2x-multiuav-trust/results/cusum_specific_veremi_off_minobs3_5seed/ON_seed11_x560_720_t36.log,results/cusum_specific_veremi_off_minobs3_5seed/ON_seed11_x560_720_t36.log,ON_seed11_x560_720_t36.log,.log,305011,2026-07-16T18:25:16,Guarded CUSUM ON/OFF
/home/srmap/research/projects/v2x-multiuav-trust/results/cusum_specific_veremi_off_minobs3_5seed/ON_seed12_x560_720_t36.log,results/cusum_specific_veremi_off_minobs3_5seed/ON_seed12_x560_720_t36.log,ON_seed12_x560_720_t36.log,.log,332512,2026-07-16T18:26:48,Guarded CUSUM ON/OFF
/home/srmap/research/projects/v2x-multiuav-trust/results/cusum_specific_veremi_off_minobs3_5seed/ON_seed13_x560_720_t36.log,results/cusum_specific_veremi_off_minobs3_5seed/ON_seed13_x560_720_t36.log,ON_seed13_x560_720_t36.log,.log,333910,2026-07-16T18:28:15,Guarded CUSUM ON/OFF
/home/srmap/research/projects/v2x-multiuav-trust/results/cusum_specific_veremi_off_minobs3_5seed/ON_seed14_x560_720_t36.log,results/cusum_specific_veremi_off_minobs3_5seed/ON_seed14_x560_720_t36.log,ON_seed14_x560_720_t36.log,.log,334162,2026-07-16T18:29:42,Guarded CUSUM ON/OFF
/home/srmap/research/projects/v2x-multiuav-trust/results/cusum_specific_veremi_off_minobs3_5seed/ON_seed15_x560_720_t36.log,results/cusum_specific_veremi_off_minobs3_5seed/ON_seed15_x560_720_t36.log,ON_seed15_x560_720_t36.log,.log,305257,2026-07-16T18:31:10,Guarded CUSUM ON/OFF
/home/srmap/research/projects/v2x-multiuav-trust/results/cusum_specific_veremi_off_minobs3_5seed/ON_seed1_x560_720_t36.log,results/cusum_specific_veremi_off_minobs3_5seed/ON_seed1_x560_720_t36.log,ON_seed1_x560_720_t36.log,.log,306102,2026-07-16T17:04:24,Guarded CUSUM ON/OFF
/home/srmap/research/projects/v2x-multiuav-trust/results/cusum_specific_veremi_off_minobs3_5seed/ON_seed2_x560_720_t36.log,results/cusum_specific_veremi_off_minobs3_5seed/ON_seed2_x560_720_t36.log,ON_seed2_x560_720_t36.log,.log,333677,2026-07-16T17:05:50,Guarded CUSUM ON/OFF
/home/srmap/research/projects/v2x-multiuav-trust/results/cusum_specific_veremi_off_minobs3_5seed/ON_seed3_x560_720_t36.log,results/cusum_specific_veremi_off_minobs3_5seed/ON_seed3_x560_720_t36.log,ON_seed3_x560_720_t36.log,.log,331436,2026-07-16T17:07:18,Guarded CUSUM ON/OFF
/home/srmap/research/projects/v2x-multiuav-trust/results/cusum_specific_veremi_off_minobs3_5seed/ON_seed4_x560_720_t36.log,results/cusum_specific_veremi_off_minobs3_5seed/ON_seed4_x560_720_t36.log,ON_seed4_x560_720_t36.log,.log,305474,2026-07-16T17:08:41,Guarded CUSUM ON/OFF
/home/srmap/research/projects/v2x-multiuav-trust/results/cusum_specific_veremi_off_minobs3_5seed/ON_seed5_x560_720_t36.log,results/cusum_specific_veremi_off_minobs3_5seed/ON_seed5_x560_720_t36.log,ON_seed5_x560_720_t36.log,.log,331383,2026-07-16T17:10:06,Guarded CUSUM ON/OFF
/home/srmap/research/projects/v2x-multiuav-trust/results/cusum_specific_veremi_off_minobs3_5seed/ON_seed6_x560_720_t36.log,results/cusum_specific_veremi_off_minobs3_5seed/ON_seed6_x560_720_t36.log,ON_seed6_x560_720_t36.log,.log,331041,2026-07-16T18:18:06,Guarded CUSUM ON/OFF
/home/srmap/research/projects/v2x-multiuav-trust/results/cusum_specific_veremi_off_minobs3_5seed/ON_seed7_x560_720_t36.log,results/cusum_specific_veremi_off_minobs3_5seed/ON_seed7_x560_720_t36.log,ON_seed7_x560_720_t36.log,.log,337563,2026-07-16T18:19:30,Guarded CUSUM ON/OFF
/home/srmap/research/projects/v2x-multiuav-trust/results/cusum_specific_veremi_off_minobs3_5seed/ON_seed8_x560_720_t36.log,results/cusum_specific_veremi_off_minobs3_5seed/ON_seed8_x560_720_t36.log,ON_seed8_x560_720_t36.log,.log,310333,2026-07-16T18:20:56,Guarded CUSUM ON/OFF
/home/srmap/research/projects/v2x-multiuav-trust/results/cusum_specific_veremi_off_minobs3_5seed/ON_seed9_x560_720_t36.log,results/cusum_specific_veremi_off_minobs3_5seed/ON_seed9_x560_720_t36.log,ON_seed9_x560_720_t36.log,.log,326111,2026-07-16T18:22:23,Guarded CUSUM ON/OFF
/home/srmap/research/projects/v2x-multiuav-trust/results/cusum_specific_veremi_on_H08_minobs3_edgemax05_15seed/ON_seed10_x560_720_t36.log,results/cusum_specific_veremi_on_H08_minobs3_edgemax05_15seed/ON_seed10_x560_720_t36.log,ON_seed10_x560_720_t36.log,.log,330738,2026-07-17T08:23:07,Guarded CUSUM ON/OFF
/home/srmap/research/projects/v2x-multiuav-trust/results/cusum_specific_veremi_on_H08_minobs3_edgemax05_15seed/ON_seed11_x560_720_t36.log,results/cusum_specific_veremi_on_H08_minobs3_edgemax05_15seed/ON_seed11_x560_720_t36.log,ON_seed11_x560_720_t36.log,.log,305124,2026-07-17T08:24:34,Guarded CUSUM ON/OFF
/home/srmap/research/projects/v2x-multiuav-trust/results/cusum_specific_veremi_on_H08_minobs3_edgemax05_15seed/ON_seed12_x560_720_t36.log,results/cusum_specific_veremi_on_H08_minobs3_edgemax05_15seed/ON_seed12_x560_720_t36.log,ON_seed12_x560_720_t36.log,.log,330802,2026-07-17T08:26:06,Guarded CUSUM ON/OFF
/home/srmap/research/projects/v2x-multiuav-trust/results/cusum_specific_veremi_on_H08_minobs3_edgemax05_15seed/ON_seed13_x560_720_t36.log,results/cusum_specific_veremi_on_H08_minobs3_edgemax05_15seed/ON_seed13_x560_720_t36.log,ON_seed13_x560_720_t36.log,.log,331662,2026-07-17T08:27:34,Guarded CUSUM ON/OFF
/home/srmap/research/projects/v2x-multiuav-trust/results/cusum_specific_veremi_on_H08_minobs3_edgemax05_15seed/ON_seed14_x560_720_t36.log,results/cusum_specific_veremi_on_H08_minobs3_edgemax05_15seed/ON_seed14_x560_720_t36.log,ON_seed14_x560_720_t36.log,.log,332005,2026-07-17T08:29:01,Guarded CUSUM ON/OFF
/home/srmap/research/projects/v2x-multiuav-trust/results/cusum_specific_veremi_on_H08_minobs3_edgemax05_15seed/ON_seed15_x560_720_t36.log,results/cusum_specific_veremi_on_H08_minobs3_edgemax05_15seed/ON_seed15_x560_720_t36.log,ON_seed15_x560_720_t36.log,.log,303691,2026-07-17T08:34:40,Guarded CUSUM ON/OFF
/home/srmap/research/projects/v2x-multiuav-trust/results/cusum_specific_veremi_on_H08_minobs3_edgemax05_15seed/ON_seed1_x560_720_t36.log,results/cusum_specific_veremi_on_H08_minobs3_edgemax05_15seed/ON_seed1_x560_720_t36.log,ON_seed1_x560_720_t36.log,.log,304907,2026-07-17T08:10:14,Guarded CUSUM ON/OFF
/home/srmap/research/projects/v2x-multiuav-trust/results/cusum_specific_veremi_on_H08_minobs3_edgemax05_15seed/ON_seed2_x560_720_t36.log,results/cusum_specific_veremi_on_H08_minobs3_edgemax05_15seed/ON_seed2_x560_720_t36.log,ON_seed2_x560_720_t36.log,.log,331764,2026-07-17T08:11:41,Guarded CUSUM ON/OFF
/home/srmap/research/projects/v2x-multiuav-trust/results/cusum_specific_veremi_on_H08_minobs3_edgemax05_15seed/ON_seed3_x560_720_t36.log,results/cusum_specific_veremi_on_H08_minobs3_edgemax05_15seed/ON_seed3_x560_720_t36.log,ON_seed3_x560_720_t36.log,.log,329540,2026-07-17T08:13:08,Guarded CUSUM ON/OFF
/home/srmap/research/projects/v2x-multiuav-trust/results/cusum_specific_veremi_on_H08_minobs3_edgemax05_15seed/ON_seed4_x560_720_t36.log,results/cusum_specific_veremi_on_H08_minobs3_edgemax05_15seed/ON_seed4_x560_720_t36.log,ON_seed4_x560_720_t36.log,.log,303833,2026-07-17T08:14:30,Guarded CUSUM ON/OFF
/home/srmap/research/projects/v2x-multiuav-trust/results/cusum_specific_veremi_on_H08_minobs3_edgemax05_15seed/ON_seed5_x560_720_t36.log,results/cusum_specific_veremi_on_H08_minobs3_edgemax05_15seed/ON_seed5_x560_720_t36.log,ON_seed5_x560_720_t36.log,.log,329545,2026-07-17T08:15:55,Guarded CUSUM ON/OFF
/home/srmap/research/projects/v2x-multiuav-trust/results/cusum_specific_veremi_on_H08_minobs3_edgemax05_15seed/ON_seed6_x560_720_t36.log,results/cusum_specific_veremi_on_H08_minobs3_edgemax05_15seed/ON_seed6_x560_720_t36.log,ON_seed6_x560_720_t36.log,.log,329237,2026-07-17T08:17:24,Guarded CUSUM ON/OFF
/home/srmap/research/projects/v2x-multiuav-trust/results/cusum_specific_veremi_on_H08_minobs3_edgemax05_15seed/ON_seed7_x560_720_t36.log,results/cusum_specific_veremi_on_H08_minobs3_edgemax05_15seed/ON_seed7_x560_720_t36.log,ON_seed7_x560_720_t36.log,.log,332098,2026-07-17T08:18:48,Guarded CUSUM ON/OFF
/home/srmap/research/projects/v2x-multiuav-trust/results/cusum_specific_veremi_on_H08_minobs3_edgemax05_15seed/ON_seed8_x560_720_t36.log,results/cusum_specific_veremi_on_H08_minobs3_edgemax05_15seed/ON_seed8_x560_720_t36.log,ON_seed8_x560_720_t36.log,.log,305688,2026-07-17T08:20:13,Guarded CUSUM ON/OFF
/home/srmap/research/projects/v2x-multiuav-trust/results/cusum_specific_veremi_on_H08_minobs3_edgemax05_15seed/ON_seed9_x560_720_t36.log,results/cusum_specific_veremi_on_H08_minobs3_edgemax05_15seed/ON_seed9_x560_720_t36.log,ON_seed9_x560_720_t36.log,.log,326138,2026-07-17T08:21:41,Guarded CUSUM ON/OFF
/home/srmap/research/projects/v2x-multiuav-trust/results/cusum_specific_veremi_on_H08_minobs3_edgemax05_seed12/ON_seed12_x560_720_t36.log,results/cusum_specific_veremi_on_H08_minobs3_edgemax05_seed12/ON_seed12_x560_720_t36.log,ON_seed12_x560_720_t36.log,.log,330798,2026-07-17T08:06:07,Guarded CUSUM ON/OFF
/home/srmap/research/projects/v2x-multiuav-trust/results/cusum_specific_veremi_on_H1.0_minobs3_15seed/ON_seed10_x560_720_t36.log,results/cusum_specific_veremi_on_H1.0_minobs3_15seed/ON_seed10_x560_720_t36.log,ON_seed10_x560_720_t36.log,.log,333823,2026-07-16T19:02:59,Guarded CUSUM ON/OFF
/home/srmap/research/projects/v2x-multiuav-trust/results/cusum_specific_veremi_on_H1.0_minobs3_15seed/ON_seed11_x560_720_t36.log,results/cusum_specific_veremi_on_H1.0_minobs3_15seed/ON_seed11_x560_720_t36.log,ON_seed11_x560_720_t36.log,.log,307861,2026-07-16T19:04:26,Guarded CUSUM ON/OFF
/home/srmap/research/projects/v2x-multiuav-trust/results/cusum_specific_veremi_on_H1.0_minobs3_15seed/ON_seed12_x560_720_t36.log,results/cusum_specific_veremi_on_H1.0_minobs3_15seed/ON_seed12_x560_720_t36.log,ON_seed12_x560_720_t36.log,.log,329824,2026-07-16T19:05:58,Guarded CUSUM ON/OFF
/home/srmap/research/projects/v2x-multiuav-trust/results/cusum_specific_veremi_on_H1.0_minobs3_15seed/ON_seed13_x560_720_t36.log,results/cusum_specific_veremi_on_H1.0_minobs3_15seed/ON_seed13_x560_720_t36.log,ON_seed13_x560_720_t36.log,.log,334178,2026-07-16T19:07:26,Guarded CUSUM ON/OFF
/home/srmap/research/projects/v2x-multiuav-trust/results/cusum_specific_veremi_on_H1.0_minobs3_15seed/ON_seed14_x560_720_t36.log,results/cusum_specific_veremi_on_H1.0_minobs3_15seed/ON_seed14_x560_720_t36.log,ON_seed14_x560_720_t36.log,.log,336056,2026-07-16T19:08:53,Guarded CUSUM ON/OFF
/home/srmap/research/projects/v2x-multiuav-trust/results/cusum_specific_veremi_on_H1.0_minobs3_15seed/ON_seed15_x560_720_t36.log,results/cusum_specific_veremi_on_H1.0_minobs3_15seed/ON_seed15_x560_720_t36.log,ON_seed15_x560_720_t36.log,.log,303655,2026-07-16T19:10:20,Guarded CUSUM ON/OFF
/home/srmap/research/projects/v2x-multiuav-trust/results/cusum_specific_veremi_on_H1.0_minobs3_15seed/ON_seed1_x560_720_t36.log,results/cusum_specific_veremi_on_H1.0_minobs3_15seed/ON_seed1_x560_720_t36.log,ON_seed1_x560_720_t36.log,.log,308556,2026-07-16T18:50:05,Guarded CUSUM ON/OFF
/home/srmap/research/projects/v2x-multiuav-trust/results/cusum_specific_veremi_on_H1.0_minobs3_15seed/ON_seed2_x560_720_t36.log,results/cusum_specific_veremi_on_H1.0_minobs3_15seed/ON_seed2_x560_720_t36.log,ON_seed2_x560_720_t36.log,.log,335479,2026-07-16T18:51:32,Guarded CUSUM ON/OFF
/home/srmap/research/projects/v2x-multiuav-trust/results/cusum_specific_veremi_on_H1.0_minobs3_15seed/ON_seed3_x560_720_t36.log,results/cusum_specific_veremi_on_H1.0_minobs3_15seed/ON_seed3_x560_720_t36.log,ON_seed3_x560_720_t36.log,.log,333247,2026-07-16T18:52:58,Guarded CUSUM ON/OFF
/home/srmap/research/projects/v2x-multiuav-trust/results/cusum_specific_veremi_on_H1.0_minobs3_15seed/ON_seed4_x560_720_t36.log,results/cusum_specific_veremi_on_H1.0_minobs3_15seed/ON_seed4_x560_720_t36.log,ON_seed4_x560_720_t36.log,.log,308043,2026-07-16T18:54:22,Guarded CUSUM ON/OFF
/home/srmap/research/projects/v2x-multiuav-trust/results/cusum_specific_veremi_on_H1.0_minobs3_15seed/ON_seed5_x560_720_t36.log,results/cusum_specific_veremi_on_H1.0_minobs3_15seed/ON_seed5_x560_720_t36.log,ON_seed5_x560_720_t36.log,.log,333254,2026-07-16T18:55:47,Guarded CUSUM ON/OFF
/home/srmap/research/projects/v2x-multiuav-trust/results/cusum_specific_veremi_on_H1.0_minobs3_15seed/ON_seed6_x560_720_t36.log,results/cusum_specific_veremi_on_H1.0_minobs3_15seed/ON_seed6_x560_720_t36.log,ON_seed6_x560_720_t36.log,.log,332940,2026-07-16T18:57:16,Guarded CUSUM ON/OFF
/home/srmap/research/projects/v2x-multiuav-trust/results/cusum_specific_veremi_on_H1.0_minobs3_15seed/ON_seed7_x560_720_t36.log,results/cusum_specific_veremi_on_H1.0_minobs3_15seed/ON_seed7_x560_720_t36.log,ON_seed7_x560_720_t36.log,.log,337410,2026-07-16T18:58:40,Guarded CUSUM ON/OFF
/home/srmap/research/projects/v2x-multiuav-trust/results/cusum_specific_veremi_on_H1.0_minobs3_15seed/ON_seed8_x560_720_t36.log,results/cusum_specific_veremi_on_H1.0_minobs3_15seed/ON_seed8_x560_720_t36.log,ON_seed8_x560_720_t36.log,.log,312536,2026-07-16T19:00:05,Guarded CUSUM ON/OFF
/home/srmap/research/projects/v2x-multiuav-trust/results/cusum_specific_veremi_on_H1.0_minobs3_15seed/ON_seed9_x560_720_t36.log,results/cusum_specific_veremi_on_H1.0_minobs3_15seed/ON_seed9_x560_720_t36.log,ON_seed9_x560_720_t36.log,.log,327200,2026-07-16T19:01:33,Guarded CUSUM ON/OFF
/home/srmap/research/projects/v2x-multiuav-trust/results/cusum_specific_veremi_on_H1.2_minobs3_15seed/ON_seed10_x560_720_t36.log,results/cusum_specific_veremi_on_H1.2_minobs3_15seed/ON_seed10_x560_720_t36.log,ON_seed10_x560_720_t36.log,.log,333823,2026-07-16T19:24:42,Guarded CUSUM ON/OFF
/home/srmap/research/projects/v2x-multiuav-trust/results/cusum_specific_veremi_on_H1.2_minobs3_15seed/ON_seed11_x560_720_t36.log,results/cusum_specific_veremi_on_H1.2_minobs3_15seed/ON_seed11_x560_720_t36.log,ON_seed11_x560_720_t36.log,.log,307861,2026-07-16T19:26:09,Guarded CUSUM ON/OFF
/home/srmap/research/projects/v2x-multiuav-trust/results/cusum_specific_veremi_on_H1.2_minobs3_15seed/ON_seed12_x560_720_t36.log,results/cusum_specific_veremi_on_H1.2_minobs3_15seed/ON_seed12_x560_720_t36.log,ON_seed12_x560_720_t36.log,.log,329794,2026-07-16T19:27:41,Guarded CUSUM ON/OFF
/home/srmap/research/projects/v2x-multiuav-trust/results/cusum_specific_veremi_on_H1.2_minobs3_15seed/ON_seed13_x560_720_t36.log,results/cusum_specific_veremi_on_H1.2_minobs3_15seed/ON_seed13_x560_720_t36.log,ON_seed13_x560_720_t36.log,.log,334178,2026-07-16T19:29:08,Guarded CUSUM ON/OFF
/home/srmap/research/projects/v2x-multiuav-trust/results/cusum_specific_veremi_on_H1.2_minobs3_15seed/ON_seed14_x560_720_t36.log,results/cusum_specific_veremi_on_H1.2_minobs3_15seed/ON_seed14_x560_720_t36.log,ON_seed14_x560_720_t36.log,.log,334563,2026-07-16T19:30:35,Guarded CUSUM ON/OFF
/home/srmap/research/projects/v2x-multiuav-trust/results/cusum_specific_veremi_on_H1.2_minobs3_15seed/ON_seed15_x560_720_t36.log,results/cusum_specific_veremi_on_H1.2_minobs3_15seed/ON_seed15_x560_720_t36.log,ON_seed15_x560_720_t36.log,.log,303655,2026-07-16T19:32:03,Guarded CUSUM ON/OFF
/home/srmap/research/projects/v2x-multiuav-trust/results/cusum_specific_veremi_on_H1.2_minobs3_15seed/ON_seed1_x560_720_t36.log,results/cusum_specific_veremi_on_H1.2_minobs3_15seed/ON_seed1_x560_720_t36.log,ON_seed1_x560_720_t36.log,.log,305782,2026-07-16T19:11:47,Guarded CUSUM ON/OFF
/home/srmap/research/projects/v2x-multiuav-trust/results/cusum_specific_veremi_on_H1.2_minobs3_15seed/ON_seed2_x560_720_t36.log,results/cusum_specific_veremi_on_H1.2_minobs3_15seed/ON_seed2_x560_720_t36.log,ON_seed2_x560_720_t36.log,.log,335497,2026-07-16T19:13:14,Guarded CUSUM ON/OFF
/home/srmap/research/projects/v2x-multiuav-trust/results/cusum_specific_veremi_on_H1.2_minobs3_15seed/ON_seed3_x560_720_t36.log,results/cusum_specific_veremi_on_H1.2_minobs3_15seed/ON_seed3_x560_720_t36.log,ON_seed3_x560_720_t36.log,.log,333251,2026-07-16T19:14:41,Guarded CUSUM ON/OFF
/home/srmap/research/projects/v2x-multiuav-trust/results/cusum_specific_veremi_on_H1.2_minobs3_15seed/ON_seed4_x560_720_t36.log,results/cusum_specific_veremi_on_H1.2_minobs3_15seed/ON_seed4_x560_720_t36.log,ON_seed4_x560_720_t36.log,.log,309100,2026-07-16T19:16:04,Guarded CUSUM ON/OFF
/home/srmap/research/projects/v2x-multiuav-trust/results/cusum_specific_veremi_on_H1.2_minobs3_15seed/ON_seed5_x560_720_t36.log,results/cusum_specific_veremi_on_H1.2_minobs3_15seed/ON_seed5_x560_720_t36.log,ON_seed5_x560_720_t36.log,.log,333254,2026-07-16T19:17:29,Guarded CUSUM ON/OFF
/home/srmap/research/projects/v2x-multiuav-trust/results/cusum_specific_veremi_on_H1.2_minobs3_15seed/ON_seed6_x560_720_t36.log,results/cusum_specific_veremi_on_H1.2_minobs3_15seed/ON_seed6_x560_720_t36.log,ON_seed6_x560_720_t36.log,.log,332946,2026-07-16T19:18:58,Guarded CUSUM ON/OFF
/home/srmap/research/projects/v2x-multiuav-trust/results/cusum_specific_veremi_on_H1.2_minobs3_15seed/ON_seed7_x560_720_t36.log,results/cusum_specific_veremi_on_H1.2_minobs3_15seed/ON_seed7_x560_720_t36.log,ON_seed7_x560_720_t36.log,.log,337408,2026-07-16T19:20:22,Guarded CUSUM ON/OFF
/home/srmap/research/projects/v2x-multiuav-trust/results/cusum_specific_veremi_on_H1.2_minobs3_15seed/ON_seed8_x560_720_t36.log,results/cusum_specific_veremi_on_H1.2_minobs3_15seed/ON_seed8_x560_720_t36.log,ON_seed8_x560_720_t36.log,.log,309092,2026-07-16T19:21:48,Guarded CUSUM ON/OFF
/home/srmap/research/projects/v2x-multiuav-trust/results/cusum_specific_veremi_on_H1.2_minobs3_15seed/ON_seed9_x560_720_t36.log,results/cusum_specific_veremi_on_H1.2_minobs3_15seed/ON_seed9_x560_720_t36.log,ON_seed9_x560_720_t36.log,.log,327204,2026-07-16T19:23:16,Guarded CUSUM ON/OFF
/home/srmap/research/projects/v2x-multiuav-trust/results/cusum_specific_veremi_on_H1.5_minobs3_15seed/ON_seed10_x560_720_t36.log,results/cusum_specific_veremi_on_H1.5_minobs3_15seed/ON_seed10_x560_720_t36.log,ON_seed10_x560_720_t36.log,.log,333823,2026-07-16T19:46:24,Guarded CUSUM ON/OFF
/home/srmap/research/projects/v2x-multiuav-trust/results/cusum_specific_veremi_on_H1.5_minobs3_15seed/ON_seed11_x560_720_t36.log,results/cusum_specific_veremi_on_H1.5_minobs3_15seed/ON_seed11_x560_720_t36.log,ON_seed11_x560_720_t36.log,.log,307861,2026-07-16T19:47:51,Guarded CUSUM ON/OFF
/home/srmap/research/projects/v2x-multiuav-trust/results/cusum_specific_veremi_on_H1.5_minobs3_15seed/ON_seed12_x560_720_t36.log,results/cusum_specific_veremi_on_H1.5_minobs3_15seed/ON_seed12_x560_720_t36.log,ON_seed12_x560_720_t36.log,.log,329818,2026-07-16T19:49:23,Guarded CUSUM ON/OFF
/home/srmap/research/projects/v2x-multiuav-trust/results/cusum_specific_veremi_on_H1.5_minobs3_15seed/ON_seed13_x560_720_t36.log,results/cusum_specific_veremi_on_H1.5_minobs3_15seed/ON_seed13_x560_720_t36.log,ON_seed13_x560_720_t36.log,.log,334172,2026-07-16T19:50:51,Guarded CUSUM ON/OFF
/home/srmap/research/projects/v2x-multiuav-trust/results/cusum_specific_veremi_on_H1.5_minobs3_15seed/ON_seed14_x560_720_t36.log,results/cusum_specific_veremi_on_H1.5_minobs3_15seed/ON_seed14_x560_720_t36.log,ON_seed14_x560_720_t36.log,.log,336062,2026-07-16T19:52:18,Guarded CUSUM ON/OFF
/home/srmap/research/projects/v2x-multiuav-trust/results/cusum_specific_veremi_on_H1.5_minobs3_15seed/ON_seed15_x560_720_t36.log,results/cusum_specific_veremi_on_H1.5_minobs3_15seed/ON_seed15_x560_720_t36.log,ON_seed15_x560_720_t36.log,.log,301437,2026-07-16T19:53:45,Guarded CUSUM ON/OFF
/home/srmap/research/projects/v2x-multiuav-trust/results/cusum_specific_veremi_on_H1.5_minobs3_15seed/ON_seed1_x560_720_t36.log,results/cusum_specific_veremi_on_H1.5_minobs3_15seed/ON_seed1_x560_720_t36.log,ON_seed1_x560_720_t36.log,.log,306749,2026-07-16T19:33:29,Guarded CUSUM ON/OFF
/home/srmap/research/projects/v2x-multiuav-trust/results/cusum_specific_veremi_on_H1.5_minobs3_15seed/ON_seed2_x560_720_t36.log,results/cusum_specific_veremi_on_H1.5_minobs3_15seed/ON_seed2_x560_720_t36.log,ON_seed2_x560_720_t36.log,.log,335495,2026-07-16T19:34:56,Guarded CUSUM ON/OFF
/home/srmap/research/projects/v2x-multiuav-trust/results/cusum_specific_veremi_on_H1.5_minobs3_15seed/ON_seed3_x560_720_t36.log,results/cusum_specific_veremi_on_H1.5_minobs3_15seed/ON_seed3_x560_720_t36.log,ON_seed3_x560_720_t36.log,.log,333243,2026-07-16T19:36:23,Guarded CUSUM ON/OFF
/home/srmap/research/projects/v2x-multiuav-trust/results/cusum_specific_veremi_on_H1.5_minobs3_15seed/ON_seed4_x560_720_t36.log,results/cusum_specific_veremi_on_H1.5_minobs3_15seed/ON_seed4_x560_720_t36.log,ON_seed4_x560_720_t36.log,.log,304859,2026-07-16T19:37:46,Guarded CUSUM ON/OFF
/home/srmap/research/projects/v2x-multiuav-trust/results/cusum_specific_veremi_on_H1.5_minobs3_15seed/ON_seed5_x560_720_t36.log,results/cusum_specific_veremi_on_H1.5_minobs3_15seed/ON_seed5_x560_720_t36.log,ON_seed5_x560_720_t36.log,.log,333252,2026-07-16T19:39:11,Guarded CUSUM ON/OFF
/home/srmap/research/projects/v2x-multiuav-trust/results/cusum_specific_veremi_on_H1.5_minobs3_15seed/ON_seed6_x560_720_t36.log,results/cusum_specific_veremi_on_H1.5_minobs3_15seed/ON_seed6_x560_720_t36.log,ON_seed6_x560_720_t36.log,.log,332946,2026-07-16T19:40:40,Guarded CUSUM ON/OFF
/home/srmap/research/projects/v2x-multiuav-trust/results/cusum_specific_veremi_on_H1.5_minobs3_15seed/ON_seed7_x560_720_t36.log,results/cusum_specific_veremi_on_H1.5_minobs3_15seed/ON_seed7_x560_720_t36.log,ON_seed7_x560_720_t36.log,.log,337420,2026-07-16T19:42:04,Guarded CUSUM ON/OFF
/home/srmap/research/projects/v2x-multiuav-trust/results/cusum_specific_veremi_on_H1.5_minobs3_15seed/ON_seed8_x560_720_t36.log,results/cusum_specific_veremi_on_H1.5_minobs3_15seed/ON_seed8_x560_720_t36.log,ON_seed8_x560_720_t36.log,.log,312048,2026-07-16T19:43:30,Guarded CUSUM ON/OFF
/home/srmap/research/projects/v2x-multiuav-trust/results/cusum_specific_veremi_on_H1.5_minobs3_15seed/ON_seed9_x560_720_t36.log,results/cusum_specific_veremi_on_H1.5_minobs3_15seed/ON_seed9_x560_720_t36.log,ON_seed9_x560_720_t36.log,.log,327204,2026-07-16T19:44:58,Guarded CUSUM ON/OFF
/home/srmap/research/projects/v2x-multiuav-trust/results/cusum_specific_veremi_on_H1.7_minobs3_15seed/ON_seed10_x560_720_t36.log,results/cusum_specific_veremi_on_H1.7_minobs3_15seed/ON_seed10_x560_720_t36.log,ON_seed10_x560_720_t36.log,.log,336096,2026-07-16T21:56:11,Guarded CUSUM ON/OFF
/home/srmap/research/projects/v2x-multiuav-trust/results/cusum_specific_veremi_on_H1.7_minobs3_15seed/ON_seed11_x560_720_t36.log,results/cusum_specific_veremi_on_H1.7_minobs3_15seed/ON_seed11_x560_720_t36.log,ON_seed11_x560_720_t36.log,.log,307861,2026-07-16T21:57:38,Guarded CUSUM ON/OFF
/home/srmap/research/projects/v2x-multiuav-trust/results/cusum_specific_veremi_on_H1.7_minobs3_15seed/ON_seed12_x560_720_t36.log,results/cusum_specific_veremi_on_H1.7_minobs3_15seed/ON_seed12_x560_720_t36.log,ON_seed12_x560_720_t36.log,.log,333272,2026-07-16T21:59:11,Guarded CUSUM ON/OFF
/home/srmap/research/projects/v2x-multiuav-trust/results/cusum_specific_veremi_on_H1.7_minobs3_15seed/ON_seed13_x560_720_t36.log,results/cusum_specific_veremi_on_H1.7_minobs3_15seed/ON_seed13_x560_720_t36.log,ON_seed13_x560_720_t36.log,.log,337470,2026-07-16T22:00:39,Guarded CUSUM ON/OFF
/home/srmap/research/projects/v2x-multiuav-trust/results/cusum_specific_veremi_on_H1.7_minobs3_15seed/ON_seed14_x560_720_t36.log,results/cusum_specific_veremi_on_H1.7_minobs3_15seed/ON_seed14_x560_720_t36.log,ON_seed14_x560_720_t36.log,.log,337706,2026-07-16T22:02:05,Guarded CUSUM ON/OFF
/home/srmap/research/projects/v2x-multiuav-trust/results/cusum_specific_veremi_on_H1.7_minobs3_15seed/ON_seed15_x560_720_t36.log,results/cusum_specific_veremi_on_H1.7_minobs3_15seed/ON_seed15_x560_720_t36.log,ON_seed15_x560_720_t36.log,.log,303655,2026-07-16T22:03:33,Guarded CUSUM ON/OFF
/home/srmap/research/projects/v2x-multiuav-trust/results/cusum_specific_veremi_on_H1.7_minobs3_15seed/ON_seed1_x560_720_t36.log,results/cusum_specific_veremi_on_H1.7_minobs3_15seed/ON_seed1_x560_720_t36.log,ON_seed1_x560_720_t36.log,.log,307051,2026-07-16T21:43:19,Guarded CUSUM ON/OFF
/home/srmap/research/projects/v2x-multiuav-trust/results/cusum_specific_veremi_on_H1.7_minobs3_15seed/ON_seed2_x560_720_t36.log,results/cusum_specific_veremi_on_H1.7_minobs3_15seed/ON_seed2_x560_720_t36.log,ON_seed2_x560_720_t36.log,.log,337134,2026-07-16T21:44:45,Guarded CUSUM ON/OFF
/home/srmap/research/projects/v2x-multiuav-trust/results/cusum_specific_veremi_on_H1.7_minobs3_15seed/ON_seed3_x560_720_t36.log,results/cusum_specific_veremi_on_H1.7_minobs3_15seed/ON_seed3_x560_720_t36.log,ON_seed3_x560_720_t36.log,.log,334889,2026-07-16T21:46:12,Guarded CUSUM ON/OFF
/home/srmap/research/projects/v2x-multiuav-trust/results/cusum_specific_veremi_on_H1.7_minobs3_15seed/ON_seed4_x560_720_t36.log,results/cusum_specific_veremi_on_H1.7_minobs3_15seed/ON_seed4_x560_720_t36.log,ON_seed4_x560_720_t36.log,.log,307804,2026-07-16T21:47:35,Guarded CUSUM ON/OFF
/home/srmap/research/projects/v2x-multiuav-trust/results/cusum_specific_veremi_on_H1.7_minobs3_15seed/ON_seed5_x560_720_t36.log,results/cusum_specific_veremi_on_H1.7_minobs3_15seed/ON_seed5_x560_720_t36.log,ON_seed5_x560_720_t36.log,.log,334896,2026-07-16T21:48:59,Guarded CUSUM ON/OFF
/home/srmap/research/projects/v2x-multiuav-trust/results/cusum_specific_veremi_on_H1.7_minobs3_15seed/ON_seed6_x560_720_t36.log,results/cusum_specific_veremi_on_H1.7_minobs3_15seed/ON_seed6_x560_720_t36.log,ON_seed6_x560_720_t36.log,.log,334478,2026-07-16T21:50:28,Guarded CUSUM ON/OFF
/home/srmap/research/projects/v2x-multiuav-trust/results/cusum_specific_veremi_on_H1.7_minobs3_15seed/ON_seed7_x560_720_t36.log,results/cusum_specific_veremi_on_H1.7_minobs3_15seed/ON_seed7_x560_720_t36.log,ON_seed7_x560_720_t36.log,.log,340953,2026-07-16T21:51:53,Guarded CUSUM ON/OFF
/home/srmap/research/projects/v2x-multiuav-trust/results/cusum_specific_veremi_on_H1.7_minobs3_15seed/ON_seed8_x560_720_t36.log,results/cusum_specific_veremi_on_H1.7_minobs3_15seed/ON_seed8_x560_720_t36.log,ON_seed8_x560_720_t36.log,.log,310149,2026-07-16T21:53:18,Guarded CUSUM ON/OFF
/home/srmap/research/projects/v2x-multiuav-trust/results/cusum_specific_veremi_on_H1.7_minobs3_15seed/ON_seed9_x560_720_t36.log,results/cusum_specific_veremi_on_H1.7_minobs3_15seed/ON_seed9_x560_720_t36.log,ON_seed9_x560_720_t36.log,.log,328953,2026-07-16T21:54:45,Guarded CUSUM ON/OFF
/home/srmap/research/projects/v2x-multiuav-trust/results/cusum_specific_veremi_on_H2.0_minobs3_15seed/ON_seed10_x560_720_t36.log,results/cusum_specific_veremi_on_H2.0_minobs3_15seed/ON_seed10_x560_720_t36.log,ON_seed10_x560_720_t36.log,.log,336096,2026-07-16T22:17:54,Guarded CUSUM ON/OFF
/home/srmap/research/projects/v2x-multiuav-trust/results/cusum_specific_veremi_on_H2.0_minobs3_15seed/ON_seed11_x560_720_t36.log,results/cusum_specific_veremi_on_H2.0_minobs3_15seed/ON_seed11_x560_720_t36.log,ON_seed11_x560_720_t36.log,.log,307860,2026-07-16T22:19:21,Guarded CUSUM ON/OFF
/home/srmap/research/projects/v2x-multiuav-trust/results/cusum_specific_veremi_on_H2.0_minobs3_15seed/ON_seed12_x560_720_t36.log,results/cusum_specific_veremi_on_H2.0_minobs3_15seed/ON_seed12_x560_720_t36.log,ON_seed12_x560_720_t36.log,.log,333258,2026-07-16T22:20:53,Guarded CUSUM ON/OFF
/home/srmap/research/projects/v2x-multiuav-trust/results/cusum_specific_veremi_on_H2.0_minobs3_15seed/ON_seed13_x560_720_t36.log,results/cusum_specific_veremi_on_H2.0_minobs3_15seed/ON_seed13_x560_720_t36.log,ON_seed13_x560_720_t36.log,.log,337476,2026-07-16T22:22:21,Guarded CUSUM ON/OFF
/home/srmap/research/projects/v2x-multiuav-trust/results/cusum_specific_veremi_on_H2.0_minobs3_15seed/ON_seed14_x560_720_t36.log,results/cusum_specific_veremi_on_H2.0_minobs3_15seed/ON_seed14_x560_720_t36.log,ON_seed14_x560_720_t36.log,.log,337702,2026-07-16T22:23:47,Guarded CUSUM ON/OFF
/home/srmap/research/projects/v2x-multiuav-trust/results/cusum_specific_veremi_on_H2.0_minobs3_15seed/ON_seed15_x560_720_t36.log,results/cusum_specific_veremi_on_H2.0_minobs3_15seed/ON_seed15_x560_720_t36.log,ON_seed15_x560_720_t36.log,.log,305036,2026-07-16T22:25:15,Guarded CUSUM ON/OFF
/home/srmap/research/projects/v2x-multiuav-trust/results/cusum_specific_veremi_on_H2.0_minobs3_15seed/ON_seed1_x560_720_t36.log,results/cusum_specific_veremi_on_H2.0_minobs3_15seed/ON_seed1_x560_720_t36.log,ON_seed1_x560_720_t36.log,.log,304872,2026-07-16T22:04:59,Guarded CUSUM ON/OFF
/home/srmap/research/projects/v2x-multiuav-trust/results/cusum_specific_veremi_on_H2.0_minobs3_15seed/ON_seed2_x560_720_t36.log,results/cusum_specific_veremi_on_H2.0_minobs3_15seed/ON_seed2_x560_720_t36.log,ON_seed2_x560_720_t36.log,.log,337154,2026-07-16T22:06:25,Guarded CUSUM ON/OFF
/home/srmap/research/projects/v2x-multiuav-trust/results/cusum_specific_veremi_on_H2.0_minobs3_15seed/ON_seed3_x560_720_t36.log,results/cusum_specific_veremi_on_H2.0_minobs3_15seed/ON_seed3_x560_720_t36.log,ON_seed3_x560_720_t36.log,.log,334889,2026-07-16T22:07:52,Guarded CUSUM ON/OFF
/home/srmap/research/projects/v2x-multiuav-trust/results/cusum_specific_veremi_on_H2.0_minobs3_15seed/ON_seed4_x560_720_t36.log,results/cusum_specific_veremi_on_H2.0_minobs3_15seed/ON_seed4_x560_720_t36.log,ON_seed4_x560_720_t36.log,.log,309307,2026-07-16T22:09:16,Guarded CUSUM ON/OFF
/home/srmap/research/projects/v2x-multiuav-trust/results/cusum_specific_veremi_on_H2.0_minobs3_15seed/ON_seed5_x560_720_t36.log,results/cusum_specific_veremi_on_H2.0_minobs3_15seed/ON_seed5_x560_720_t36.log,ON_seed5_x560_720_t36.log,.log,334896,2026-07-16T22:10:41,Guarded CUSUM ON/OFF
/home/srmap/research/projects/v2x-multiuav-trust/results/cusum_specific_veremi_on_H2.0_minobs3_15seed/ON_seed6_x560_720_t36.log,results/cusum_specific_veremi_on_H2.0_minobs3_15seed/ON_seed6_x560_720_t36.log,ON_seed6_x560_720_t36.log,.log,334478,2026-07-16T22:12:10,Guarded CUSUM ON/OFF
/home/srmap/research/projects/v2x-multiuav-trust/results/cusum_specific_veremi_on_H2.0_minobs3_15seed/ON_seed7_x560_720_t36.log,results/cusum_specific_veremi_on_H2.0_minobs3_15seed/ON_seed7_x560_720_t36.log,ON_seed7_x560_720_t36.log,.log,340961,2026-07-16T22:13:34,Guarded CUSUM ON/OFF
/home/srmap/research/projects/v2x-multiuav-trust/results/cusum_specific_veremi_on_H2.0_minobs3_15seed/ON_seed8_x560_720_t36.log,results/cusum_specific_veremi_on_H2.0_minobs3_15seed/ON_seed8_x560_720_t36.log,ON_seed8_x560_720_t36.log,.log,313738,2026-07-16T22:15:00,Guarded CUSUM ON/OFF
/home/srmap/research/projects/v2x-multiuav-trust/results/cusum_specific_veremi_on_H2.0_minobs3_15seed/ON_seed9_x560_720_t36.log,results/cusum_specific_veremi_on_H2.0_minobs3_15seed/ON_seed9_x560_720_t36.log,ON_seed9_x560_720_t36.log,.log,328947,2026-07-16T22:16:28,Guarded CUSUM ON/OFF
/home/srmap/research/projects/v2x-multiuav-trust/results/cusum_specific_veremi_on_H2.5_minobs3_15seed/ON_seed10_x560_720_t36.log,results/cusum_specific_veremi_on_H2.5_minobs3_15seed/ON_seed10_x560_720_t36.log,ON_seed10_x560_720_t36.log,.log,336096,2026-07-16T22:39:37,Guarded CUSUM ON/OFF
/home/srmap/research/projects/v2x-multiuav-trust/results/cusum_specific_veremi_on_H2.5_minobs3_15seed/ON_seed11_x560_720_t36.log,results/cusum_specific_veremi_on_H2.5_minobs3_15seed/ON_seed11_x560_720_t36.log,ON_seed11_x560_720_t36.log,.log,307860,2026-07-16T22:41:04,Guarded CUSUM ON/OFF
/home/srmap/research/projects/v2x-multiuav-trust/results/cusum_specific_veremi_on_H2.5_minobs3_15seed/ON_seed12_x560_720_t36.log,results/cusum_specific_veremi_on_H2.5_minobs3_15seed/ON_seed12_x560_720_t36.log,ON_seed12_x560_720_t36.log,.log,334173,2026-07-16T22:42:36,Guarded CUSUM ON/OFF
/home/srmap/research/projects/v2x-multiuav-trust/results/cusum_specific_veremi_on_H2.5_minobs3_15seed/ON_seed13_x560_720_t36.log,results/cusum_specific_veremi_on_H2.5_minobs3_15seed/ON_seed13_x560_720_t36.log,ON_seed13_x560_720_t36.log,.log,337446,2026-07-16T22:44:04,Guarded CUSUM ON/OFF
/home/srmap/research/projects/v2x-multiuav-trust/results/cusum_specific_veremi_on_H2.5_minobs3_15seed/ON_seed14_x560_720_t36.log,results/cusum_specific_veremi_on_H2.5_minobs3_15seed/ON_seed14_x560_720_t36.log,ON_seed14_x560_720_t36.log,.log,337706,2026-07-16T22:45:31,Guarded CUSUM ON/OFF
/home/srmap/research/projects/v2x-multiuav-trust/results/cusum_specific_veremi_on_H2.5_minobs3_15seed/ON_seed15_x560_720_t36.log,results/cusum_specific_veremi_on_H2.5_minobs3_15seed/ON_seed15_x560_720_t36.log,ON_seed15_x560_720_t36.log,.log,303655,2026-07-16T22:46:58,Guarded CUSUM ON/OFF
/home/srmap/research/projects/v2x-multiuav-trust/results/cusum_specific_veremi_on_H2.5_minobs3_15seed/ON_seed1_x560_720_t36.log,results/cusum_specific_veremi_on_H2.5_minobs3_15seed/ON_seed1_x560_720_t36.log,ON_seed1_x560_720_t36.log,.log,309078,2026-07-16T22:26:43,Guarded CUSUM ON/OFF
/home/srmap/research/projects/v2x-multiuav-trust/results/cusum_specific_veremi_on_H2.5_minobs3_15seed/ON_seed2_x560_720_t36.log,results/cusum_specific_veremi_on_H2.5_minobs3_15seed/ON_seed2_x560_720_t36.log,ON_seed2_x560_720_t36.log,.log,337168,2026-07-16T22:28:10,Guarded CUSUM ON/OFF
/home/srmap/research/projects/v2x-multiuav-trust/results/cusum_specific_veremi_on_H2.5_minobs3_15seed/ON_seed3_x560_720_t36.log,results/cusum_specific_veremi_on_H2.5_minobs3_15seed/ON_seed3_x560_720_t36.log,ON_seed3_x560_720_t36.log,.log,334438,2026-07-16T22:29:37,Guarded CUSUM ON/OFF
/home/srmap/research/projects/v2x-multiuav-trust/results/cusum_specific_veremi_on_H2.5_minobs3_15seed/ON_seed4_x560_720_t36.log,results/cusum_specific_veremi_on_H2.5_minobs3_15seed/ON_seed4_x560_720_t36.log,ON_seed4_x560_720_t36.log,.log,308332,2026-07-16T22:31:00,Guarded CUSUM ON/OFF
/home/srmap/research/projects/v2x-multiuav-trust/results/cusum_specific_veremi_on_H2.5_minobs3_15seed/ON_seed5_x560_720_t36.log,results/cusum_specific_veremi_on_H2.5_minobs3_15seed/ON_seed5_x560_720_t36.log,ON_seed5_x560_720_t36.log,.log,334912,2026-07-16T22:32:25,Guarded CUSUM ON/OFF
/home/srmap/research/projects/v2x-multiuav-trust/results/cusum_specific_veremi_on_H2.5_minobs3_15seed/ON_seed6_x560_720_t36.log,results/cusum_specific_veremi_on_H2.5_minobs3_15seed/ON_seed6_x560_720_t36.log,ON_seed6_x560_720_t36.log,.log,334478,2026-07-16T22:33:54,Guarded CUSUM ON/OFF
/home/srmap/research/projects/v2x-multiuav-trust/results/cusum_specific_veremi_on_H2.5_minobs3_15seed/ON_seed7_x560_720_t36.log,results/cusum_specific_veremi_on_H2.5_minobs3_15seed/ON_seed7_x560_720_t36.log,ON_seed7_x560_720_t36.log,.log,341883,2026-07-16T22:35:18,Guarded CUSUM ON/OFF
/home/srmap/research/projects/v2x-multiuav-trust/results/cusum_specific_veremi_on_H2.5_minobs3_15seed/ON_seed8_x560_720_t36.log,results/cusum_specific_veremi_on_H2.5_minobs3_15seed/ON_seed8_x560_720_t36.log,ON_seed8_x560_720_t36.log,.log,311171,2026-07-16T22:36:43,Guarded CUSUM ON/OFF
/home/srmap/research/projects/v2x-multiuav-trust/results/cusum_specific_veremi_on_H2.5_minobs3_15seed/ON_seed9_x560_720_t36.log,results/cusum_specific_veremi_on_H2.5_minobs3_15seed/ON_seed9_x560_720_t36.log,ON_seed9_x560_720_t36.log,.log,328941,2026-07-16T22:38:11,Guarded CUSUM ON/OFF
/home/srmap/research/projects/v2x-multiuav-trust/results/cusum_specific_veremi_on_minobs3_5seed/ON_seed10_x560_720_t36.log,results/cusum_specific_veremi_on_minobs3_5seed/ON_seed10_x560_720_t36.log,ON_seed10_x560_720_t36.log,.log,330678,2026-07-16T17:40:36,Guarded CUSUM ON/OFF
/home/srmap/research/projects/v2x-multiuav-trust/results/cusum_specific_veremi_on_minobs3_5seed/ON_seed11_x560_720_t36.log,results/cusum_specific_veremi_on_minobs3_5seed/ON_seed11_x560_720_t36.log,ON_seed11_x560_720_t36.log,.log,305330,2026-07-16T17:42:03,Guarded CUSUM ON/OFF
/home/srmap/research/projects/v2x-multiuav-trust/results/cusum_specific_veremi_on_minobs3_5seed/ON_seed12_x560_720_t36.log,results/cusum_specific_veremi_on_minobs3_5seed/ON_seed12_x560_720_t36.log,ON_seed12_x560_720_t36.log,.log,327032,2026-07-16T17:43:35,Guarded CUSUM ON/OFF
/home/srmap/research/projects/v2x-multiuav-trust/results/cusum_specific_veremi_on_minobs3_5seed/ON_seed13_x560_720_t36.log,results/cusum_specific_veremi_on_minobs3_5seed/ON_seed13_x560_720_t36.log,ON_seed13_x560_720_t36.log,.log,331596,2026-07-16T17:45:02,Guarded CUSUM ON/OFF
/home/srmap/research/projects/v2x-multiuav-trust/results/cusum_specific_veremi_on_minobs3_5seed/ON_seed14_x560_720_t36.log,results/cusum_specific_veremi_on_minobs3_5seed/ON_seed14_x560_720_t36.log,ON_seed14_x560_720_t36.log,.log,331945,2026-07-16T17:46:29,Guarded CUSUM ON/OFF
/home/srmap/research/projects/v2x-multiuav-trust/results/cusum_specific_veremi_on_minobs3_5seed/ON_seed15_x560_720_t36.log,results/cusum_specific_veremi_on_minobs3_5seed/ON_seed15_x560_720_t36.log,ON_seed15_x560_720_t36.log,.log,303653,2026-07-16T17:47:56,Guarded CUSUM ON/OFF
/home/srmap/research/projects/v2x-multiuav-trust/results/cusum_specific_veremi_on_minobs3_5seed/ON_seed1_x560_720_t36.log,results/cusum_specific_veremi_on_minobs3_5seed/ON_seed1_x560_720_t36.log,ON_seed1_x560_720_t36.log,.log,305611,2026-07-16T16:57:13,Guarded CUSUM ON/OFF
/home/srmap/research/projects/v2x-multiuav-trust/results/cusum_specific_veremi_on_minobs3_5seed/ON_seed2_x560_720_t36.log,results/cusum_specific_veremi_on_minobs3_5seed/ON_seed2_x560_720_t36.log,ON_seed2_x560_720_t36.log,.log,331738,2026-07-16T16:58:40,Guarded CUSUM ON/OFF
/home/srmap/research/projects/v2x-multiuav-trust/results/cusum_specific_veremi_on_minobs3_5seed/ON_seed3_x560_720_t36.log,results/cusum_specific_veremi_on_minobs3_5seed/ON_seed3_x560_720_t36.log,ON_seed3_x560_720_t36.log,.log,329480,2026-07-16T17:00:07,Guarded CUSUM ON/OFF
/home/srmap/research/projects/v2x-multiuav-trust/results/cusum_specific_veremi_on_minobs3_5seed/ON_seed4_x560_720_t36.log,results/cusum_specific_veremi_on_minobs3_5seed/ON_seed4_x560_720_t36.log,ON_seed4_x560_720_t36.log,.log,305983,2026-07-16T17:01:31,Guarded CUSUM ON/OFF
/home/srmap/research/projects/v2x-multiuav-trust/results/cusum_specific_veremi_on_minobs3_5seed/ON_seed5_x560_720_t36.log,results/cusum_specific_veremi_on_minobs3_5seed/ON_seed5_x560_720_t36.log,ON_seed5_x560_720_t36.log,.log,329501,2026-07-16T17:02:56,Guarded CUSUM ON/OFF
/home/srmap/research/projects/v2x-multiuav-trust/results/cusum_specific_veremi_on_minobs3_5seed/ON_seed6_x560_720_t36.log,results/cusum_specific_veremi_on_minobs3_5seed/ON_seed6_x560_720_t36.log,ON_seed6_x560_720_t36.log,.log,329177,2026-07-16T17:34:53,Guarded CUSUM ON/OFF
/home/srmap/research/projects/v2x-multiuav-trust/results/cusum_specific_veremi_on_minobs3_5seed/ON_seed7_x560_720_t36.log,results/cusum_specific_veremi_on_minobs3_5seed/ON_seed7_x560_720_t36.log,ON_seed7_x560_720_t36.log,.log,332024,2026-07-16T17:36:17,Guarded CUSUM ON/OFF
/home/srmap/research/projects/v2x-multiuav-trust/results/cusum_specific_veremi_on_minobs3_5seed/ON_seed8_x560_720_t36.log,results/cusum_specific_veremi_on_minobs3_5seed/ON_seed8_x560_720_t36.log,ON_seed8_x560_720_t36.log,.log,304680,2026-07-16T17:37:42,Guarded CUSUM ON/OFF
/home/srmap/research/projects/v2x-multiuav-trust/results/cusum_specific_veremi_on_minobs3_5seed/ON_seed9_x560_720_t36.log,results/cusum_specific_veremi_on_minobs3_5seed/ON_seed9_x560_720_t36.log,ON_seed9_x560_720_t36.log,.log,326080,2026-07-16T17:39:10,Guarded CUSUM ON/OFF
/home/srmap/research/projects/v2x-multiuav-trust/results/cusum_tuning_attack_aggr_seed1/ON_seed1_x560_720_t36.log,results/cusum_tuning_attack_aggr_seed1/ON_seed1_x560_720_t36.log,ON_seed1_x560_720_t36.log,.log,307712,2026-07-16T16:20:17,Guarded CUSUM ON/OFF; Attack-rate robustness
/home/srmap/research/projects/v2x-multiuav-trust/results/cusum_tuning_attack_aggr_seed1_off/ON_seed1_x560_720_t36.log,results/cusum_tuning_attack_aggr_seed1_off/ON_seed1_x560_720_t36.log,ON_seed1_x560_720_t36.log,.log,306100,2026-07-16T16:21:45,Guarded CUSUM ON/OFF; Attack-rate robustness
/home/srmap/research/projects/v2x-multiuav-trust/results/cusum_tuning_attack_current_seed1/ON_seed1_x560_720_t36.log,results/cusum_tuning_attack_current_seed1/ON_seed1_x560_720_t36.log,ON_seed1_x560_720_t36.log,.log,304566,2026-07-16T16:07:13,Guarded CUSUM ON/OFF; Attack-rate robustness
/home/srmap/research/projects/v2x-multiuav-trust/results/cusum_tuning_attack_current_seed1_off/ON_seed1_x560_720_t36.log,results/cusum_tuning_attack_current_seed1_off/ON_seed1_x560_720_t36.log,ON_seed1_x560_720_t36.log,.log,306202,2026-07-16T16:08:41,Guarded CUSUM ON/OFF; Attack-rate robustness
/home/srmap/research/projects/v2x-multiuav-trust/results/cusum_tuning_attack_fast_seed1/ON_seed1_x560_720_t36.log,results/cusum_tuning_attack_fast_seed1/ON_seed1_x560_720_t36.log,ON_seed1_x560_720_t36.log,.log,306896,2026-07-16T16:15:56,Guarded CUSUM ON/OFF; Attack-rate robustness
/home/srmap/research/projects/v2x-multiuav-trust/results/cusum_tuning_attack_fast_seed1_off/ON_seed1_x560_720_t36.log,results/cusum_tuning_attack_fast_seed1_off/ON_seed1_x560_720_t36.log,ON_seed1_x560_720_t36.log,.log,304930,2026-07-16T16:17:22,Guarded CUSUM ON/OFF; Attack-rate robustness
/home/srmap/research/projects/v2x-multiuav-trust/results/cusum_tuning_attack_mid_seed1/ON_seed1_x560_720_t36.log,results/cusum_tuning_attack_mid_seed1/ON_seed1_x560_720_t36.log,ON_seed1_x560_720_t36.log,.log,306370,2026-07-16T16:11:34,Guarded CUSUM ON/OFF; Attack-rate robustness
/home/srmap/research/projects/v2x-multiuav-trust/results/cusum_tuning_attack_mid_seed1_off/ON_seed1_x560_720_t36.log,results/cusum_tuning_attack_mid_seed1_off/ON_seed1_x560_720_t36.log,ON_seed1_x560_720_t36.log,.log,305245,2026-07-16T16:13:01,Guarded CUSUM ON/OFF; Attack-rate robustness
/home/srmap/research/projects/v2x-multiuav-trust/results/cusum_tuning_clean_aggr_seed1/ON_seed1_x-1_-1_t36.log,results/cusum_tuning_clean_aggr_seed1/ON_seed1_x-1_-1_t36.log,ON_seed1_x-1_-1_t36.log,.log,314495,2026-07-16T16:18:50,Guarded CUSUM ON/OFF; Clean CUSUM safety
/home/srmap/research/projects/v2x-multiuav-trust/results/cusum_tuning_clean_current_seed1/ON_seed1_x-1_-1_t36.log,results/cusum_tuning_clean_current_seed1/ON_seed1_x-1_-1_t36.log,ON_seed1_x-1_-1_t36.log,.log,314722,2026-07-16T16:05:47,Guarded CUSUM ON/OFF; Clean CUSUM safety
/home/srmap/research/projects/v2x-multiuav-trust/results/cusum_tuning_clean_fast_seed1/ON_seed1_x-1_-1_t36.log,results/cusum_tuning_clean_fast_seed1/ON_seed1_x-1_-1_t36.log,ON_seed1_x-1_-1_t36.log,.log,314576,2026-07-16T16:14:29,Guarded CUSUM ON/OFF; Clean CUSUM safety
/home/srmap/research/projects/v2x-multiuav-trust/results/cusum_tuning_clean_mid_seed1/ON_seed1_x-1_-1_t36.log,results/cusum_tuning_clean_mid_seed1/ON_seed1_x-1_-1_t36.log,ON_seed1_x-1_-1_t36.log,.log,314657,2026-07-16T16:10:08,Guarded CUSUM ON/OFF; Clean CUSUM safety
/home/srmap/research/projects/v2x-multiuav-trust/results/full_veremi_n30_type5_20260707_150903/ns3_seed_1.log,results/full_veremi_n30_type5_20260707_150903/ns3_seed_1.log,ns3_seed_1.log,.log,1318559,2026-07-07T15:46:59,UNCLASSIFIED
/home/srmap/research/projects/v2x-multiuav-trust/results/full_veremi_n30_type5_20260707_150903/ns3_seed_2.log,results/full_veremi_n30_type5_20260707_150903/ns3_seed_2.log,ns3_seed_2.log,.log,1341494,2026-07-07T16:24:54,UNCLASSIFIED
/home/srmap/research/projects/v2x-multiuav-trust/results/full_veremi_n30_type5_20260707_150903/ns3_seed_3.log,results/full_veremi_n30_type5_20260707_150903/ns3_seed_3.log,ns3_seed_3.log,.log,1249045,2026-07-07T17:00:50,UNCLASSIFIED
/home/srmap/research/projects/v2x-multiuav-trust/results/full_veremi_n30_type5_20260707_150903/ns3_seed_4.log,results/full_veremi_n30_type5_20260707_150903/ns3_seed_4.log,ns3_seed_4.log,.log,1218980,2026-07-07T17:38:23,UNCLASSIFIED
/home/srmap/research/projects/v2x-multiuav-trust/results/full_veremi_n30_type5_20260707_150903/ns3_seed_5.log,results/full_veremi_n30_type5_20260707_150903/ns3_seed_5.log,ns3_seed_5.log,.log,1469490,2026-07-07T18:16:37,UNCLASSIFIED
/home/srmap/research/projects/v2x-multiuav-trust/results/full_veremi_n30_type5_20260707_150903/payoff_summary.log,results/full_veremi_n30_type5_20260707_150903/payoff_summary.log,payoff_summary.log,.log,25165,2026-07-07T18:16:37,UNCLASSIFIED
/home/srmap/research/projects/v2x-multiuav-trust/results/full_veremi_n30_type5_20260707_150903/progress.log,results/full_veremi_n30_type5_20260707_150903/progress.log,progress.log,.log,85,2026-07-07T18:16:37,UNCLASSIFIED
/home/srmap/research/projects/v2x-multiuav-trust/results/full_veremi_n6_validation_20260707_135538/ns3_seed_1.log,results/full_veremi_n6_validation_20260707_135538/ns3_seed_1.log,ns3_seed_1.log,.log,310710,2026-07-07T13:58:37,UNCLASSIFIED
/home/srmap/research/projects/v2x-multiuav-trust/results/full_veremi_n6_validation_20260707_135538/ns3_seed_2.log,results/full_veremi_n6_validation_20260707_135538/ns3_seed_2.log,ns3_seed_2.log,.log,290931,2026-07-07T14:01:24,UNCLASSIFIED
/home/srmap/research/projects/v2x-multiuav-trust/results/full_veremi_n6_validation_20260707_135538/ns3_seed_3.log,results/full_veremi_n6_validation_20260707_135538/ns3_seed_3.log,ns3_seed_3.log,.log,343433,2026-07-07T14:04:28,UNCLASSIFIED
/home/srmap/research/projects/v2x-multiuav-trust/results/full_veremi_n6_validation_20260707_135538/ns3_seed_4.log,results/full_veremi_n6_validation_20260707_135538/ns3_seed_4.log,ns3_seed_4.log,.log,309735,2026-07-07T14:07:24,UNCLASSIFIED
/home/srmap/research/projects/v2x-multiuav-trust/results/full_veremi_n6_validation_20260707_135538/ns3_seed_5.log,results/full_veremi_n6_validation_20260707_135538/ns3_seed_5.log,ns3_seed_5.log,.log,311432,2026-07-07T14:10:16,UNCLASSIFIED
/home/srmap/research/projects/v2x-multiuav-trust/results/handover_pilot_guarded_20260715_105131/final_summary.log,results/handover_pilot_guarded_20260715_105131/final_summary.log,final_summary.log,.log,934,2026-07-15T16:50:48,Handover ON/OFF; Guarded CUSUM ON/OFF
/home/srmap/research/projects/v2x-multiuav-trust/results/handover_pilot_guarded_20260715_105131/logs_off_rep1/bridge_z1.log,results/handover_pilot_guarded_20260715_105131/logs_off_rep1/bridge_z1.log,bridge_z1.log,.log,41317,2026-07-15T14:28:35,Handover ON/OFF; Guarded CUSUM ON/OFF
/home/srmap/research/projects/v2x-multiuav-trust/results/handover_pilot_guarded_20260715_105131/logs_off_rep1/bridge_z2.log,results/handover_pilot_guarded_20260715_105131/logs_off_rep1/bridge_z2.log,bridge_z2.log,.log,633,2026-07-15T14:28:35,Handover ON/OFF; Guarded CUSUM ON/OFF
/home/srmap/research/projects/v2x-multiuav-trust/results/handover_pilot_guarded_20260715_105131/logs_off_rep1/cloud.log,results/handover_pilot_guarded_20260715_105131/logs_off_rep1/cloud.log,cloud.log,.log,8019,2026-07-15T14:28:35,Handover ON/OFF; Guarded CUSUM ON/OFF
/home/srmap/research/projects/v2x-multiuav-trust/results/handover_pilot_guarded_20260715_105131/logs_off_rep1/coordinator.log,results/handover_pilot_guarded_20260715_105131/logs_off_rep1/coordinator.log,coordinator.log,.log,762,2026-07-15T14:28:35,Handover ON/OFF; Guarded CUSUM ON/OFF
/home/srmap/research/projects/v2x-multiuav-trust/results/handover_pilot_guarded_20260715_105131/logs_off_rep1/edge_z1.log,results/handover_pilot_guarded_20260715_105131/logs_off_rep1/edge_z1.log,edge_z1.log,.log,201824,2026-07-15T14:28:35,Handover ON/OFF; Guarded CUSUM ON/OFF
/home/srmap/research/projects/v2x-multiuav-trust/results/handover_pilot_guarded_20260715_105131/logs_off_rep1/edge_z2.log,results/handover_pilot_guarded_20260715_105131/logs_off_rep1/edge_z2.log,edge_z2.log,.log,585,2026-07-15T14:28:35,Handover ON/OFF; Guarded CUSUM ON/OFF
/home/srmap/research/projects/v2x-multiuav-trust/results/handover_pilot_guarded_20260715_105131/logs_off_rep2/bridge_z1.log,results/handover_pilot_guarded_20260715_105131/logs_off_rep2/bridge_z1.log,bridge_z1.log,.log,38886,2026-07-15T15:03:08,Handover ON/OFF; Guarded CUSUM ON/OFF
/home/srmap/research/projects/v2x-multiuav-trust/results/handover_pilot_guarded_20260715_105131/logs_off_rep2/bridge_z2.log,results/handover_pilot_guarded_20260715_105131/logs_off_rep2/bridge_z2.log,bridge_z2.log,.log,633,2026-07-15T15:03:08,Handover ON/OFF; Guarded CUSUM ON/OFF
/home/srmap/research/projects/v2x-multiuav-trust/results/handover_pilot_guarded_20260715_105131/logs_off_rep2/cloud.log,results/handover_pilot_guarded_20260715_105131/logs_off_rep2/cloud.log,cloud.log,.log,8477,2026-07-15T15:03:08,Handover ON/OFF; Guarded CUSUM ON/OFF
/home/srmap/research/projects/v2x-multiuav-trust/results/handover_pilot_guarded_20260715_105131/logs_off_rep2/coordinator.log,results/handover_pilot_guarded_20260715_105131/logs_off_rep2/coordinator.log,coordinator.log,.log,762,2026-07-15T15:03:08,Handover ON/OFF; Guarded CUSUM ON/OFF
/home/srmap/research/projects/v2x-multiuav-trust/results/handover_pilot_guarded_20260715_105131/logs_off_rep2/edge_z1.log,results/handover_pilot_guarded_20260715_105131/logs_off_rep2/edge_z1.log,edge_z1.log,.log,188856,2026-07-15T15:03:08,Handover ON/OFF; Guarded CUSUM ON/OFF
/home/srmap/research/projects/v2x-multiuav-trust/results/handover_pilot_guarded_20260715_105131/logs_off_rep2/edge_z2.log,results/handover_pilot_guarded_20260715_105131/logs_off_rep2/edge_z2.log,edge_z2.log,.log,585,2026-07-15T15:03:08,Handover ON/OFF; Guarded CUSUM ON/OFF
/home/srmap/research/projects/v2x-multiuav-trust/results/handover_pilot_guarded_20260715_105131/logs_off_rep3/bridge_z1.log,results/handover_pilot_guarded_20260715_105131/logs_off_rep3/bridge_z1.log,bridge_z1.log,.log,41136,2026-07-15T15:40:54,Handover ON/OFF; Guarded CUSUM ON/OFF
/home/srmap/research/projects/v2x-multiuav-trust/results/handover_pilot_guarded_20260715_105131/logs_off_rep3/bridge_z2.log,results/handover_pilot_guarded_20260715_105131/logs_off_rep3/bridge_z2.log,bridge_z2.log,.log,633,2026-07-15T15:40:54,Handover ON/OFF; Guarded CUSUM ON/OFF
/home/srmap/research/projects/v2x-multiuav-trust/results/handover_pilot_guarded_20260715_105131/logs_off_rep3/cloud.log,results/handover_pilot_guarded_20260715_105131/logs_off_rep3/cloud.log,cloud.log,.log,6666,2026-07-15T15:40:54,Handover ON/OFF; Guarded CUSUM ON/OFF
/home/srmap/research/projects/v2x-multiuav-trust/results/handover_pilot_guarded_20260715_105131/logs_off_rep3/coordinator.log,results/handover_pilot_guarded_20260715_105131/logs_off_rep3/coordinator.log,coordinator.log,.log,762,2026-07-15T15:40:54,Handover ON/OFF; Guarded CUSUM ON/OFF
/home/srmap/research/projects/v2x-multiuav-trust/results/handover_pilot_guarded_20260715_105131/logs_off_rep3/edge_z1.log,results/handover_pilot_guarded_20260715_105131/logs_off_rep3/edge_z1.log,edge_z1.log,.log,202196,2026-07-15T15:40:54,Handover ON/OFF; Guarded CUSUM ON/OFF
/home/srmap/research/projects/v2x-multiuav-trust/results/handover_pilot_guarded_20260715_105131/logs_off_rep3/edge_z2.log,results/handover_pilot_guarded_20260715_105131/logs_off_rep3/edge_z2.log,edge_z2.log,.log,585,2026-07-15T15:40:54,Handover ON/OFF; Guarded CUSUM ON/OFF
/home/srmap/research/projects/v2x-multiuav-trust/results/handover_pilot_guarded_20260715_105131/logs_off_rep4/bridge_z1.log,results/handover_pilot_guarded_20260715_105131/logs_off_rep4/bridge_z1.log,bridge_z1.log,.log,39575,2026-07-15T16:15:02,Handover ON/OFF; Guarded CUSUM ON/OFF
/home/srmap/research/projects/v2x-multiuav-trust/results/handover_pilot_guarded_20260715_105131/logs_off_rep4/bridge_z2.log,results/handover_pilot_guarded_20260715_105131/logs_off_rep4/bridge_z2.log,bridge_z2.log,.log,633,2026-07-15T16:15:02,Handover ON/OFF; Guarded CUSUM ON/OFF
/home/srmap/research/projects/v2x-multiuav-trust/results/handover_pilot_guarded_20260715_105131/logs_off_rep4/cloud.log,results/handover_pilot_guarded_20260715_105131/logs_off_rep4/cloud.log,cloud.log,.log,6682,2026-07-15T16:15:02,Handover ON/OFF; Guarded CUSUM ON/OFF
/home/srmap/research/projects/v2x-multiuav-trust/results/handover_pilot_guarded_20260715_105131/logs_off_rep4/coordinator.log,results/handover_pilot_guarded_20260715_105131/logs_off_rep4/coordinator.log,coordinator.log,.log,762,2026-07-15T16:15:02,Handover ON/OFF; Guarded CUSUM ON/OFF
/home/srmap/research/projects/v2x-multiuav-trust/results/handover_pilot_guarded_20260715_105131/logs_off_rep4/edge_z1.log,results/handover_pilot_guarded_20260715_105131/logs_off_rep4/edge_z1.log,edge_z1.log,.log,197035,2026-07-15T16:15:02,Handover ON/OFF; Guarded CUSUM ON/OFF
/home/srmap/research/projects/v2x-multiuav-trust/results/handover_pilot_guarded_20260715_105131/logs_off_rep4/edge_z2.log,results/handover_pilot_guarded_20260715_105131/logs_off_rep4/edge_z2.log,edge_z2.log,.log,585,2026-07-15T16:15:02,Handover ON/OFF; Guarded CUSUM ON/OFF
/home/srmap/research/projects/v2x-multiuav-trust/results/handover_pilot_guarded_20260715_105131/logs_off_rep5/bridge_z1.log,results/handover_pilot_guarded_20260715_105131/logs_off_rep5/bridge_z1.log,bridge_z1.log,.log,42303,2026-07-15T16:50:47,Handover ON/OFF; Guarded CUSUM ON/OFF
/home/srmap/research/projects/v2x-multiuav-trust/results/handover_pilot_guarded_20260715_105131/logs_off_rep5/bridge_z2.log,results/handover_pilot_guarded_20260715_105131/logs_off_rep5/bridge_z2.log,bridge_z2.log,.log,633,2026-07-15T16:50:47,Handover ON/OFF; Guarded CUSUM ON/OFF
/home/srmap/research/projects/v2x-multiuav-trust/results/handover_pilot_guarded_20260715_105131/logs_off_rep5/cloud.log,results/handover_pilot_guarded_20260715_105131/logs_off_rep5/cloud.log,cloud.log,.log,6204,2026-07-15T16:50:47,Handover ON/OFF; Guarded CUSUM ON/OFF
/home/srmap/research/projects/v2x-multiuav-trust/results/handover_pilot_guarded_20260715_105131/logs_off_rep5/coordinator.log,results/handover_pilot_guarded_20260715_105131/logs_off_rep5/coordinator.log,coordinator.log,.log,762,2026-07-15T16:50:47,Handover ON/OFF; Guarded CUSUM ON/OFF
/home/srmap/research/projects/v2x-multiuav-trust/results/handover_pilot_guarded_20260715_105131/logs_off_rep5/edge_z1.log,results/handover_pilot_guarded_20260715_105131/logs_off_rep5/edge_z1.log,edge_z1.log,.log,209945,2026-07-15T16:50:47,Handover ON/OFF; Guarded CUSUM ON/OFF
/home/srmap/research/projects/v2x-multiuav-trust/results/handover_pilot_guarded_20260715_105131/logs_off_rep5/edge_z2.log,results/handover_pilot_guarded_20260715_105131/logs_off_rep5/edge_z2.log,edge_z2.log,.log,585,2026-07-15T16:50:47,Handover ON/OFF; Guarded CUSUM ON/OFF
/home/srmap/research/projects/v2x-multiuav-trust/results/handover_pilot_guarded_20260715_105131/logs_on_rep1/bridge_z1.log,results/handover_pilot_guarded_20260715_105131/logs_on_rep1/bridge_z1.log,bridge_z1.log,.log,24343,2026-07-15T11:28:41,Handover ON/OFF; Guarded CUSUM ON/OFF
/home/srmap/research/projects/v2x-multiuav-trust/results/handover_pilot_guarded_20260715_105131/logs_on_rep1/bridge_z2.log,results/handover_pilot_guarded_20260715_105131/logs_on_rep1/bridge_z2.log,bridge_z2.log,.log,23892,2026-07-15T11:28:41,Handover ON/OFF; Guarded CUSUM ON/OFF
/home/srmap/research/projects/v2x-multiuav-trust/results/handover_pilot_guarded_20260715_105131/logs_on_rep1/cloud.log,results/handover_pilot_guarded_20260715_105131/logs_on_rep1/cloud.log,cloud.log,.log,7104,2026-07-15T11:28:41,Handover ON/OFF; Guarded CUSUM ON/OFF
/home/srmap/research/projects/v2x-multiuav-trust/results/handover_pilot_guarded_20260715_105131/logs_on_rep1/coordinator.log,results/handover_pilot_guarded_20260715_105131/logs_on_rep1/coordinator.log,coordinator.log,.log,4602,2026-07-15T11:28:41,Handover ON/OFF; Guarded CUSUM ON/OFF
/home/srmap/research/projects/v2x-multiuav-trust/results/handover_pilot_guarded_20260715_105131/logs_on_rep1/edge_z1.log,results/handover_pilot_guarded_20260715_105131/logs_on_rep1/edge_z1.log,edge_z1.log,.log,95761,2026-07-15T11:28:41,Handover ON/OFF; Guarded CUSUM ON/OFF
/home/srmap/research/projects/v2x-multiuav-trust/results/handover_pilot_guarded_20260715_105131/logs_on_rep1/edge_z2.log,results/handover_pilot_guarded_20260715_105131/logs_on_rep1/edge_z2.log,edge_z2.log,.log,133309,2026-07-15T11:28:41,Handover ON/OFF; Guarded CUSUM ON/OFF
/home/srmap/research/projects/v2x-multiuav-trust/results/handover_pilot_guarded_20260715_105131/logs_on_rep2/bridge_z1.log,results/handover_pilot_guarded_20260715_105131/logs_on_rep2/bridge_z1.log,bridge_z1.log,.log,25205,2026-07-15T12:05:43,Handover ON/OFF; Guarded CUSUM ON/OFF
/home/srmap/research/projects/v2x-multiuav-trust/results/handover_pilot_guarded_20260715_105131/logs_on_rep2/bridge_z2.log,results/handover_pilot_guarded_20260715_105131/logs_on_rep2/bridge_z2.log,bridge_z2.log,.log,22539,2026-07-15T12:05:43,Handover ON/OFF; Guarded CUSUM ON/OFF
/home/srmap/research/projects/v2x-multiuav-trust/results/handover_pilot_guarded_20260715_105131/logs_on_rep2/cloud.log,results/handover_pilot_guarded_20260715_105131/logs_on_rep2/cloud.log,cloud.log,.log,9847,2026-07-15T12:05:43,Handover ON/OFF; Guarded CUSUM ON/OFF
/home/srmap/research/projects/v2x-multiuav-trust/results/handover_pilot_guarded_20260715_105131/logs_on_rep2/coordinator.log,results/handover_pilot_guarded_20260715_105131/logs_on_rep2/coordinator.log,coordinator.log,.log,4602,2026-07-15T12:05:43,Handover ON/OFF; Guarded CUSUM ON/OFF
/home/srmap/research/projects/v2x-multiuav-trust/results/handover_pilot_guarded_20260715_105131/logs_on_rep2/edge_z1.log,results/handover_pilot_guarded_20260715_105131/logs_on_rep2/edge_z1.log,edge_z1.log,.log,96460,2026-07-15T12:05:43,Handover ON/OFF; Guarded CUSUM ON/OFF
/home/srmap/research/projects/v2x-multiuav-trust/results/handover_pilot_guarded_20260715_105131/logs_on_rep2/edge_z2.log,results/handover_pilot_guarded_20260715_105131/logs_on_rep2/edge_z2.log,edge_z2.log,.log,121670,2026-07-15T12:05:43,Handover ON/OFF; Guarded CUSUM ON/OFF
/home/srmap/research/projects/v2x-multiuav-trust/results/handover_pilot_guarded_20260715_105131/logs_on_rep3/bridge_z1.log,results/handover_pilot_guarded_20260715_105131/logs_on_rep3/bridge_z1.log,bridge_z1.log,.log,24475,2026-07-15T12:40:35,Handover ON/OFF; Guarded CUSUM ON/OFF
/home/srmap/research/projects/v2x-multiuav-trust/results/handover_pilot_guarded_20260715_105131/logs_on_rep3/bridge_z2.log,results/handover_pilot_guarded_20260715_105131/logs_on_rep3/bridge_z2.log,bridge_z2.log,.log,21741,2026-07-15T12:40:35,Handover ON/OFF; Guarded CUSUM ON/OFF
/home/srmap/research/projects/v2x-multiuav-trust/results/handover_pilot_guarded_20260715_105131/logs_on_rep3/cloud.log,results/handover_pilot_guarded_20260715_105131/logs_on_rep3/cloud.log,cloud.log,.log,8466,2026-07-15T12:40:35,Handover ON/OFF; Guarded CUSUM ON/OFF
/home/srmap/research/projects/v2x-multiuav-trust/results/handover_pilot_guarded_20260715_105131/logs_on_rep3/coordinator.log,results/handover_pilot_guarded_20260715_105131/logs_on_rep3/coordinator.log,coordinator.log,.log,4602,2026-07-15T12:40:35,Handover ON/OFF; Guarded CUSUM ON/OFF
/home/srmap/research/projects/v2x-multiuav-trust/results/handover_pilot_guarded_20260715_105131/logs_on_rep3/edge_z1.log,results/handover_pilot_guarded_20260715_105131/logs_on_rep3/edge_z1.log,edge_z1.log,.log,95392,2026-07-15T12:40:35,Handover ON/OFF; Guarded CUSUM ON/OFF
/home/srmap/research/projects/v2x-multiuav-trust/results/handover_pilot_guarded_20260715_105131/logs_on_rep3/edge_z2.log,results/handover_pilot_guarded_20260715_105131/logs_on_rep3/edge_z2.log,edge_z2.log,.log,122479,2026-07-15T12:40:35,Handover ON/OFF; Guarded CUSUM ON/OFF
/home/srmap/research/projects/v2x-multiuav-trust/results/handover_pilot_guarded_20260715_105131/logs_on_rep4/bridge_z1.log,results/handover_pilot_guarded_20260715_105131/logs_on_rep4/bridge_z1.log,bridge_z1.log,.log,25137,2026-07-15T13:17:08,Handover ON/OFF; Guarded CUSUM ON/OFF
/home/srmap/research/projects/v2x-multiuav-trust/results/handover_pilot_guarded_20260715_105131/logs_on_rep4/bridge_z2.log,results/handover_pilot_guarded_20260715_105131/logs_on_rep4/bridge_z2.log,bridge_z2.log,.log,21989,2026-07-15T13:17:08,Handover ON/OFF; Guarded CUSUM ON/OFF
/home/srmap/research/projects/v2x-multiuav-trust/results/handover_pilot_guarded_20260715_105131/logs_on_rep4/cloud.log,results/handover_pilot_guarded_20260715_105131/logs_on_rep4/cloud.log,cloud.log,.log,10231,2026-07-15T13:17:08,Handover ON/OFF; Guarded CUSUM ON/OFF
/home/srmap/research/projects/v2x-multiuav-trust/results/handover_pilot_guarded_20260715_105131/logs_on_rep4/coordinator.log,results/handover_pilot_guarded_20260715_105131/logs_on_rep4/coordinator.log,coordinator.log,.log,4602,2026-07-15T13:17:08,Handover ON/OFF; Guarded CUSUM ON/OFF
/home/srmap/research/projects/v2x-multiuav-trust/results/handover_pilot_guarded_20260715_105131/logs_on_rep4/edge_z1.log,results/handover_pilot_guarded_20260715_105131/logs_on_rep4/edge_z1.log,edge_z1.log,.log,96273,2026-07-15T13:17:08,Handover ON/OFF; Guarded CUSUM ON/OFF
/home/srmap/research/projects/v2x-multiuav-trust/results/handover_pilot_guarded_20260715_105131/logs_on_rep4/edge_z2.log,results/handover_pilot_guarded_20260715_105131/logs_on_rep4/edge_z2.log,edge_z2.log,.log,119058,2026-07-15T13:17:08,Handover ON/OFF; Guarded CUSUM ON/OFF
/home/srmap/research/projects/v2x-multiuav-trust/results/handover_pilot_guarded_20260715_105131/logs_on_rep5/bridge_z1.log,results/handover_pilot_guarded_20260715_105131/logs_on_rep5/bridge_z1.log,bridge_z1.log,.log,24928,2026-07-15T13:53:42,Handover ON/OFF; Guarded CUSUM ON/OFF
/home/srmap/research/projects/v2x-multiuav-trust/results/handover_pilot_guarded_20260715_105131/logs_on_rep5/bridge_z2.log,results/handover_pilot_guarded_20260715_105131/logs_on_rep5/bridge_z2.log,bridge_z2.log,.log,19509,2026-07-15T13:53:42,Handover ON/OFF; Guarded CUSUM ON/OFF
/home/srmap/research/projects/v2x-multiuav-trust/results/handover_pilot_guarded_20260715_105131/logs_on_rep5/cloud.log,results/handover_pilot_guarded_20260715_105131/logs_on_rep5/cloud.log,cloud.log,.log,6675,2026-07-15T13:53:42,Handover ON/OFF; Guarded CUSUM ON/OFF
/home/srmap/research/projects/v2x-multiuav-trust/results/handover_pilot_guarded_20260715_105131/logs_on_rep5/coordinator.log,results/handover_pilot_guarded_20260715_105131/logs_on_rep5/coordinator.log,coordinator.log,.log,4602,2026-07-15T13:53:42,Handover ON/OFF; Guarded CUSUM ON/OFF
/home/srmap/research/projects/v2x-multiuav-trust/results/handover_pilot_guarded_20260715_105131/logs_on_rep5/edge_z1.log,results/handover_pilot_guarded_20260715_105131/logs_on_rep5/edge_z1.log,edge_z1.log,.log,95847,2026-07-15T13:53:42,Handover ON/OFF; Guarded CUSUM ON/OFF
/home/srmap/research/projects/v2x-multiuav-trust/results/handover_pilot_guarded_20260715_105131/logs_on_rep5/edge_z2.log,results/handover_pilot_guarded_20260715_105131/logs_on_rep5/edge_z2.log,edge_z2.log,.log,114836,2026-07-15T13:53:42,Handover ON/OFF; Guarded CUSUM ON/OFF
/home/srmap/research/projects/v2x-multiuav-trust/results/handover_pilot_guarded_20260715_105131/off_rep1.log,results/handover_pilot_guarded_20260715_105131/off_rep1.log,off_rep1.log,.log,1205715,2026-07-15T14:28:35,Handover ON/OFF; Guarded CUSUM ON/OFF
/home/srmap/research/projects/v2x-multiuav-trust/results/handover_pilot_guarded_20260715_105131/off_rep2.log,results/handover_pilot_guarded_20260715_105131/off_rep2.log,off_rep2.log,.log,1142584,2026-07-15T15:03:08,Handover ON/OFF; Guarded CUSUM ON/OFF
/home/srmap/research/projects/v2x-multiuav-trust/results/handover_pilot_guarded_20260715_105131/off_rep3.log,results/handover_pilot_guarded_20260715_105131/off_rep3.log,off_rep3.log,.log,1212283,2026-07-15T15:40:54,Handover ON/OFF; Guarded CUSUM ON/OFF
/home/srmap/research/projects/v2x-multiuav-trust/results/handover_pilot_guarded_20260715_105131/off_rep4.log,results/handover_pilot_guarded_20260715_105131/off_rep4.log,off_rep4.log,.log,1173592,2026-07-15T16:15:02,Handover ON/OFF; Guarded CUSUM ON/OFF
/home/srmap/research/projects/v2x-multiuav-trust/results/handover_pilot_guarded_20260715_105131/off_rep5.log,results/handover_pilot_guarded_20260715_105131/off_rep5.log,off_rep5.log,.log,1242218,2026-07-15T16:50:47,Handover ON/OFF; Guarded CUSUM ON/OFF
/home/srmap/research/projects/v2x-multiuav-trust/results/handover_pilot_guarded_20260715_105131/on_rep1.log,results/handover_pilot_guarded_20260715_105131/on_rep1.log,on_rep1.log,.log,1359637,2026-07-15T11:28:41,Handover ON/OFF; Guarded CUSUM ON/OFF
/home/srmap/research/projects/v2x-multiuav-trust/results/handover_pilot_guarded_20260715_105131/on_rep2.log,results/handover_pilot_guarded_20260715_105131/on_rep2.log,on_rep2.log,.log,1301158,2026-07-15T12:05:43,Handover ON/OFF; Guarded CUSUM ON/OFF
/home/srmap/research/projects/v2x-multiuav-trust/results/handover_pilot_guarded_20260715_105131/on_rep3.log,results/handover_pilot_guarded_20260715_105131/on_rep3.log,on_rep3.log,.log,1272870,2026-07-15T12:40:34,Handover ON/OFF; Guarded CUSUM ON/OFF
/home/srmap/research/projects/v2x-multiuav-trust/results/handover_pilot_guarded_20260715_105131/on_rep4.log,results/handover_pilot_guarded_20260715_105131/on_rep4.log,on_rep4.log,.log,1269035,2026-07-15T13:17:08,Handover ON/OFF; Guarded CUSUM ON/OFF
/home/srmap/research/projects/v2x-multiuav-trust/results/handover_pilot_guarded_20260715_105131/on_rep5.log,results/handover_pilot_guarded_20260715_105131/on_rep5.log,on_rep5.log,.log,1251871,2026-07-15T13:53:42,Handover ON/OFF; Guarded CUSUM ON/OFF
/home/srmap/research/projects/v2x-multiuav-trust/results/handover_pilot_guarded_20260715_105131/summary_off.log,results/handover_pilot_guarded_20260715_105131/summary_off.log,summary_off.log,.log,935,2026-07-15T16:50:48,Handover ON/OFF; Guarded CUSUM ON/OFF
/home/srmap/research/projects/v2x-multiuav-trust/results/handover_pilot_guarded_20260715_105131/summary_on.log,results/handover_pilot_guarded_20260715_105131/summary_on.log,summary_on.log,.log,945,2026-07-15T13:53:44,Handover ON/OFF; Guarded CUSUM ON/OFF
/home/srmap/research/projects/v2x-multiuav-trust/results/handover_tuned_x560_640_t32_5seed/HANDOVER_15SEED_STATS.txt,results/handover_tuned_x560_640_t32_5seed/HANDOVER_15SEED_STATS.txt,HANDOVER_15SEED_STATS.txt,.txt,710,2026-07-16T14:05:10,Handover ON/OFF
/home/srmap/research/projects/v2x-multiuav-trust/results/handover_tuned_x560_640_t32_5seed/HANDOVER_15SEED_SUMMARY.txt,results/handover_tuned_x560_640_t32_5seed/HANDOVER_15SEED_SUMMARY.txt,HANDOVER_15SEED_SUMMARY.txt,.txt,3883,2026-07-16T14:03:10,Handover ON/OFF
/home/srmap/research/projects/v2x-multiuav-trust/results/handover_tuned_x560_640_t32_5seed/OFF_seed10_x560_640_t32.log,results/handover_tuned_x560_640_t32_5seed/OFF_seed10_x560_640_t32.log,OFF_seed10_x560_640_t32.log,.log,303654,2026-07-16T13:41:21,Handover ON/OFF
/home/srmap/research/projects/v2x-multiuav-trust/results/handover_tuned_x560_640_t32_5seed/OFF_seed11_x560_640_t32.log,results/handover_tuned_x560_640_t32_5seed/OFF_seed11_x560_640_t32.log,OFF_seed11_x560_640_t32.log,.log,280083,2026-07-16T13:43:59,Handover ON/OFF
/home/srmap/research/projects/v2x-multiuav-trust/results/handover_tuned_x560_640_t32_5seed/OFF_seed12_x560_640_t32.log,results/handover_tuned_x560_640_t32_5seed/OFF_seed12_x560_640_t32.log,OFF_seed12_x560_640_t32.log,.log,304347,2026-07-16T13:46:47,Handover ON/OFF
/home/srmap/research/projects/v2x-multiuav-trust/results/handover_tuned_x560_640_t32_5seed/OFF_seed13_x560_640_t32.log,results/handover_tuned_x560_640_t32_5seed/OFF_seed13_x560_640_t32.log,OFF_seed13_x560_640_t32.log,.log,303716,2026-07-16T13:49:25,Handover ON/OFF
/home/srmap/research/projects/v2x-multiuav-trust/results/handover_tuned_x560_640_t32_5seed/OFF_seed14_x560_640_t32.log,results/handover_tuned_x560_640_t32_5seed/OFF_seed14_x560_640_t32.log,OFF_seed14_x560_640_t32.log,.log,305063,2026-07-16T13:52:03,Handover ON/OFF
/home/srmap/research/projects/v2x-multiuav-trust/results/handover_tuned_x560_640_t32_5seed/OFF_seed15_x560_640_t32.log,results/handover_tuned_x560_640_t32_5seed/OFF_seed15_x560_640_t32.log,OFF_seed15_x560_640_t32.log,.log,283356,2026-07-16T13:54:44,Handover ON/OFF
/home/srmap/research/projects/v2x-multiuav-trust/results/handover_tuned_x560_640_t32_5seed/OFF_seed1_x560_640_t32.log,results/handover_tuned_x560_640_t32_5seed/OFF_seed1_x560_640_t32.log,OFF_seed1_x560_640_t32.log,.log,287702,2026-07-16T10:40:23,Handover ON/OFF
/home/srmap/research/projects/v2x-multiuav-trust/results/handover_tuned_x560_640_t32_5seed/OFF_seed2_x560_640_t32.log,results/handover_tuned_x560_640_t32_5seed/OFF_seed2_x560_640_t32.log,OFF_seed2_x560_640_t32.log,.log,304336,2026-07-16T10:43:01,Handover ON/OFF
/home/srmap/research/projects/v2x-multiuav-trust/results/handover_tuned_x560_640_t32_5seed/OFF_seed3_x560_640_t32.log,results/handover_tuned_x560_640_t32_5seed/OFF_seed3_x560_640_t32.log,OFF_seed3_x560_640_t32.log,.log,303762,2026-07-16T10:45:39,Handover ON/OFF
/home/srmap/research/projects/v2x-multiuav-trust/results/handover_tuned_x560_640_t32_5seed/OFF_seed4_x560_640_t32.log,results/handover_tuned_x560_640_t32_5seed/OFF_seed4_x560_640_t32.log,OFF_seed4_x560_640_t32.log,.log,277966,2026-07-16T10:48:12,Handover ON/OFF
/home/srmap/research/projects/v2x-multiuav-trust/results/handover_tuned_x560_640_t32_5seed/OFF_seed5_x560_640_t32.log,results/handover_tuned_x560_640_t32_5seed/OFF_seed5_x560_640_t32.log,OFF_seed5_x560_640_t32.log,.log,303150,2026-07-16T10:50:47,Handover ON/OFF
/home/srmap/research/projects/v2x-multiuav-trust/results/handover_tuned_x560_640_t32_5seed/OFF_seed6_x560_640_t32.log,results/handover_tuned_x560_640_t32_5seed/OFF_seed6_x560_640_t32.log,OFF_seed6_x560_640_t32.log,.log,302921,2026-07-16T13:30:56,Handover ON/OFF
/home/srmap/research/projects/v2x-multiuav-trust/results/handover_tuned_x560_640_t32_5seed/OFF_seed7_x560_640_t32.log,results/handover_tuned_x560_640_t32_5seed/OFF_seed7_x560_640_t32.log,OFF_seed7_x560_640_t32.log,.log,306382,2026-07-16T13:33:29,Handover ON/OFF
/home/srmap/research/projects/v2x-multiuav-trust/results/handover_tuned_x560_640_t32_5seed/OFF_seed8_x560_640_t32.log,results/handover_tuned_x560_640_t32_5seed/OFF_seed8_x560_640_t32.log,OFF_seed8_x560_640_t32.log,.log,279418,2026-07-16T13:36:05,Handover ON/OFF
/home/srmap/research/projects/v2x-multiuav-trust/results/handover_tuned_x560_640_t32_5seed/OFF_seed9_x560_640_t32.log,results/handover_tuned_x560_640_t32_5seed/OFF_seed9_x560_640_t32.log,OFF_seed9_x560_640_t32.log,.log,299020,2026-07-16T13:38:45,Handover ON/OFF
/home/srmap/research/projects/v2x-multiuav-trust/results/handover_tuned_x560_640_t32_5seed/ON_seed10_x560_640_t32.log,results/handover_tuned_x560_640_t32_5seed/ON_seed10_x560_640_t32.log,ON_seed10_x560_640_t32.log,.log,286558,2026-07-16T13:40:02,Handover ON/OFF
/home/srmap/research/projects/v2x-multiuav-trust/results/handover_tuned_x560_640_t32_5seed/ON_seed11_x560_640_t32.log,results/handover_tuned_x560_640_t32_5seed/ON_seed11_x560_640_t32.log,ON_seed11_x560_640_t32.log,.log,262088,2026-07-16T13:42:39,Handover ON/OFF
/home/srmap/research/projects/v2x-multiuav-trust/results/handover_tuned_x560_640_t32_5seed/ON_seed12_x560_640_t32.log,results/handover_tuned_x560_640_t32_5seed/ON_seed12_x560_640_t32.log,ON_seed12_x560_640_t32.log,.log,285194,2026-07-16T13:45:23,Handover ON/OFF
/home/srmap/research/projects/v2x-multiuav-trust/results/handover_tuned_x560_640_t32_5seed/ON_seed13_x560_640_t32.log,results/handover_tuned_x560_640_t32_5seed/ON_seed13_x560_640_t32.log,ON_seed13_x560_640_t32.log,.log,286802,2026-07-16T13:48:06,Handover ON/OFF
/home/srmap/research/projects/v2x-multiuav-trust/results/handover_tuned_x560_640_t32_5seed/ON_seed14_x560_640_t32.log,results/handover_tuned_x560_640_t32_5seed/ON_seed14_x560_640_t32.log,ON_seed14_x560_640_t32.log,.log,288752,2026-07-16T13:50:44,Handover ON/OFF
/home/srmap/research/projects/v2x-multiuav-trust/results/handover_tuned_x560_640_t32_5seed/ON_seed15_x560_640_t32.log,results/handover_tuned_x560_640_t32_5seed/ON_seed15_x560_640_t32.log,ON_seed15_x560_640_t32.log,.log,265953,2026-07-16T13:53:23,Handover ON/OFF
/home/srmap/research/projects/v2x-multiuav-trust/results/handover_tuned_x560_640_t32_5seed/ON_seed1_x560_640_t32.log,results/handover_tuned_x560_640_t32_5seed/ON_seed1_x560_640_t32.log,ON_seed1_x560_640_t32.log,.log,268167,2026-07-16T10:39:02,Handover ON/OFF
/home/srmap/research/projects/v2x-multiuav-trust/results/handover_tuned_x560_640_t32_5seed/ON_seed2_x560_640_t32.log,results/handover_tuned_x560_640_t32_5seed/ON_seed2_x560_640_t32.log,ON_seed2_x560_640_t32.log,.log,286661,2026-07-16T10:41:42,Handover ON/OFF
/home/srmap/research/projects/v2x-multiuav-trust/results/handover_tuned_x560_640_t32_5seed/ON_seed3_x560_640_t32.log,results/handover_tuned_x560_640_t32_5seed/ON_seed3_x560_640_t32.log,ON_seed3_x560_640_t32.log,.log,285773,2026-07-16T10:44:20,Handover ON/OFF
/home/srmap/research/projects/v2x-multiuav-trust/results/handover_tuned_x560_640_t32_5seed/ON_seed4_x560_640_t32.log,results/handover_tuned_x560_640_t32_5seed/ON_seed4_x560_640_t32.log,ON_seed4_x560_640_t32.log,.log,264013,2026-07-16T10:46:56,Handover ON/OFF
/home/srmap/research/projects/v2x-multiuav-trust/results/handover_tuned_x560_640_t32_5seed/ON_seed5_x560_640_t32.log,results/handover_tuned_x560_640_t32_5seed/ON_seed5_x560_640_t32.log,ON_seed5_x560_640_t32.log,.log,285198,2026-07-16T10:49:30,Handover ON/OFF
/home/srmap/research/projects/v2x-multiuav-trust/results/handover_tuned_x560_640_t32_5seed/ON_seed6_x560_640_t32.log,results/handover_tuned_x560_640_t32_5seed/ON_seed6_x560_640_t32.log,ON_seed6_x560_640_t32.log,.log,284508,2026-07-16T13:29:36,Handover ON/OFF
/home/srmap/research/projects/v2x-multiuav-trust/results/handover_tuned_x560_640_t32_5seed/ON_seed7_x560_640_t32.log,results/handover_tuned_x560_640_t32_5seed/ON_seed7_x560_640_t32.log,ON_seed7_x560_640_t32.log,.log,286305,2026-07-16T13:32:13,Handover ON/OFF
/home/srmap/research/projects/v2x-multiuav-trust/results/handover_tuned_x560_640_t32_5seed/ON_seed8_x560_640_t32.log,results/handover_tuned_x560_640_t32_5seed/ON_seed8_x560_640_t32.log,ON_seed8_x560_640_t32.log,.log,264779,2026-07-16T13:34:47,Handover ON/OFF
/home/srmap/research/projects/v2x-multiuav-trust/results/handover_tuned_x560_640_t32_5seed/ON_seed9_x560_640_t32.log,results/handover_tuned_x560_640_t32_5seed/ON_seed9_x560_640_t32.log,ON_seed9_x560_640_t32.log,.log,284661,2026-07-16T13:37:25,Handover ON/OFF
/home/srmap/research/projects/v2x-multiuav-trust/results/handover_tuned_x560_640_t32_fixed/OFF_seed1_x560_640_t32.log,results/handover_tuned_x560_640_t32_fixed/OFF_seed1_x560_640_t32.log,OFF_seed1_x560_640_t32.log,.log,281911,2026-07-16T10:35:32,Handover ON/OFF
/home/srmap/research/projects/v2x-multiuav-trust/results/handover_tuned_x560_640_t32_fixed/ON_seed1_x560_640_t32.log,results/handover_tuned_x560_640_t32_fixed/ON_seed1_x560_640_t32.log,ON_seed1_x560_640_t32.log,.log,266689,2026-07-16T10:34:13,Handover ON/OFF
/home/srmap/research/projects/v2x-multiuav-trust/results/htd_sensitivity_20260706_100005/ns3_delta0.1_seed1.log,results/htd_sensitivity_20260706_100005/ns3_delta0.1_seed1.log,ns3_delta0.1_seed1.log,.log,151932,2026-07-06T10:03:12,HTD sensitivity
/home/srmap/research/projects/v2x-multiuav-trust/results/htd_sensitivity_20260706_100005/payoff_summary.txt,results/htd_sensitivity_20260706_100005/payoff_summary.txt,payoff_summary.txt,.txt,1034,2026-07-06T10:03:12,HTD sensitivity
/home/srmap/research/projects/v2x-multiuav-trust/results/htd_sensitivity_20260706_100005/progress.log,results/htd_sensitivity_20260706_100005/progress.log,progress.log,.log,2297,2026-07-06T10:00:21,HTD sensitivity
/home/srmap/research/projects/v2x-multiuav-trust/results/htd_sensitivity_20260706_130128/ns3_delta0.1_seed5.log,results/htd_sensitivity_20260706_130128/ns3_delta0.1_seed5.log,ns3_delta0.1_seed5.log,.log,155546,2026-07-06T13:04:18,HTD sensitivity
/home/srmap/research/projects/v2x-multiuav-trust/results/htd_sensitivity_20260706_130128/ns3_delta0.3_seed1.log,results/htd_sensitivity_20260706_130128/ns3_delta0.3_seed1.log,ns3_delta0.3_seed1.log,.log,152545,2026-07-06T13:07:22,HTD sensitivity
/home/srmap/research/projects/v2x-multiuav-trust/results/htd_sensitivity_20260706_130128/ns3_delta0.3_seed5.log,results/htd_sensitivity_20260706_130128/ns3_delta0.3_seed5.log,ns3_delta0.3_seed5.log,.log,163483,2026-07-06T13:10:16,HTD sensitivity
/home/srmap/research/projects/v2x-multiuav-trust/results/htd_sensitivity_20260706_130128/ns3_delta0.5_seed1.log,results/htd_sensitivity_20260706_130128/ns3_delta0.5_seed1.log,ns3_delta0.5_seed1.log,.log,153309,2026-07-06T13:13:17,HTD sensitivity
/home/srmap/research/projects/v2x-multiuav-trust/results/htd_sensitivity_20260706_130128/ns3_delta0.5_seed5.log,results/htd_sensitivity_20260706_130128/ns3_delta0.5_seed5.log,ns3_delta0.5_seed5.log,.log,161618,2026-07-06T13:16:11,HTD sensitivity
/home/srmap/research/projects/v2x-multiuav-trust/results/htd_sensitivity_20260706_130128/ns3_delta1.0_seed1.log,results/htd_sensitivity_20260706_130128/ns3_delta1.0_seed1.log,ns3_delta1.0_seed1.log,.log,145227,2026-07-06T13:19:16,HTD sensitivity
/home/srmap/research/projects/v2x-multiuav-trust/results/htd_sensitivity_20260706_130128/ns3_delta1.0_seed5.log,results/htd_sensitivity_20260706_130128/ns3_delta1.0_seed5.log,ns3_delta1.0_seed5.log,.log,161443,2026-07-06T13:22:09,HTD sensitivity
/home/srmap/research/projects/v2x-multiuav-trust/results/htd_sensitivity_20260706_130128/payoff_summary.txt,results/htd_sensitivity_20260706_130128/payoff_summary.txt,payoff_summary.txt,.txt,7234,2026-07-06T13:22:09,HTD sensitivity
/home/srmap/research/projects/v2x-multiuav-trust/results/htd_sensitivity_20260706_130128/progress.log,results/htd_sensitivity_20260706_130128/progress.log,progress.log,.log,17100,2026-07-06T13:22:10,HTD sensitivity
/home/srmap/research/projects/v2x-multiuav-trust/results/htd_sensitivity_guarded_cusum_HTD0.10_15seed/ON_seed10_x560_720_t36.log,results/htd_sensitivity_guarded_cusum_HTD0.10_15seed/ON_seed10_x560_720_t36.log,ON_seed10_x560_720_t36.log,.log,330738,2026-07-17T09:30:44,Guarded CUSUM ON/OFF; HTD sensitivity
/home/srmap/research/projects/v2x-multiuav-trust/results/htd_sensitivity_guarded_cusum_HTD0.10_15seed/ON_seed11_x560_720_t36.log,results/htd_sensitivity_guarded_cusum_HTD0.10_15seed/ON_seed11_x560_720_t36.log,ON_seed11_x560_720_t36.log,.log,305124,2026-07-17T09:32:11,Guarded CUSUM ON/OFF; HTD sensitivity
/home/srmap/research/projects/v2x-multiuav-trust/results/htd_sensitivity_guarded_cusum_HTD0.10_15seed/ON_seed12_x560_720_t36.log,results/htd_sensitivity_guarded_cusum_HTD0.10_15seed/ON_seed12_x560_720_t36.log,ON_seed12_x560_720_t36.log,.log,330810,2026-07-17T09:33:43,Guarded CUSUM ON/OFF; HTD sensitivity
/home/srmap/research/projects/v2x-multiuav-trust/results/htd_sensitivity_guarded_cusum_HTD0.10_15seed/ON_seed13_x560_720_t36.log,results/htd_sensitivity_guarded_cusum_HTD0.10_15seed/ON_seed13_x560_720_t36.log,ON_seed13_x560_720_t36.log,.log,331662,2026-07-17T09:35:10,Guarded CUSUM ON/OFF; HTD sensitivity
/home/srmap/research/projects/v2x-multiuav-trust/results/htd_sensitivity_guarded_cusum_HTD0.10_15seed/ON_seed14_x560_720_t36.log,results/htd_sensitivity_guarded_cusum_HTD0.10_15seed/ON_seed14_x560_720_t36.log,ON_seed14_x560_720_t36.log,.log,332005,2026-07-17T09:36:37,Guarded CUSUM ON/OFF; HTD sensitivity
/home/srmap/research/projects/v2x-multiuav-trust/results/htd_sensitivity_guarded_cusum_HTD0.10_15seed/ON_seed15_x560_720_t36.log,results/htd_sensitivity_guarded_cusum_HTD0.10_15seed/ON_seed15_x560_720_t36.log,ON_seed15_x560_720_t36.log,.log,305069,2026-07-17T09:38:06,Guarded CUSUM ON/OFF; HTD sensitivity
/home/srmap/research/projects/v2x-multiuav-trust/results/htd_sensitivity_guarded_cusum_HTD0.10_15seed/ON_seed1_x560_720_t36.log,results/htd_sensitivity_guarded_cusum_HTD0.10_15seed/ON_seed1_x560_720_t36.log,ON_seed1_x560_720_t36.log,.log,305655,2026-07-17T09:17:50,Guarded CUSUM ON/OFF; HTD sensitivity
/home/srmap/research/projects/v2x-multiuav-trust/results/htd_sensitivity_guarded_cusum_HTD0.10_15seed/ON_seed2_x560_720_t36.log,results/htd_sensitivity_guarded_cusum_HTD0.10_15seed/ON_seed2_x560_720_t36.log,ON_seed2_x560_720_t36.log,.log,331828,2026-07-17T09:19:16,Guarded CUSUM ON/OFF; HTD sensitivity
/home/srmap/research/projects/v2x-multiuav-trust/results/htd_sensitivity_guarded_cusum_HTD0.10_15seed/ON_seed3_x560_720_t36.log,results/htd_sensitivity_guarded_cusum_HTD0.10_15seed/ON_seed3_x560_720_t36.log,ON_seed3_x560_720_t36.log,.log,329540,2026-07-17T09:20:43,Guarded CUSUM ON/OFF; HTD sensitivity
/home/srmap/research/projects/v2x-multiuav-trust/results/htd_sensitivity_guarded_cusum_HTD0.10_15seed/ON_seed4_x560_720_t36.log,results/htd_sensitivity_guarded_cusum_HTD0.10_15seed/ON_seed4_x560_720_t36.log,ON_seed4_x560_720_t36.log,.log,305330,2026-07-17T09:22:06,Guarded CUSUM ON/OFF; HTD sensitivity
/home/srmap/research/projects/v2x-multiuav-trust/results/htd_sensitivity_guarded_cusum_HTD0.10_15seed/ON_seed5_x560_720_t36.log,results/htd_sensitivity_guarded_cusum_HTD0.10_15seed/ON_seed5_x560_720_t36.log,ON_seed5_x560_720_t36.log,.log,329553,2026-07-17T09:23:31,Guarded CUSUM ON/OFF; HTD sensitivity
/home/srmap/research/projects/v2x-multiuav-trust/results/htd_sensitivity_guarded_cusum_HTD0.10_15seed/ON_seed6_x560_720_t36.log,results/htd_sensitivity_guarded_cusum_HTD0.10_15seed/ON_seed6_x560_720_t36.log,ON_seed6_x560_720_t36.log,.log,329237,2026-07-17T09:25:00,Guarded CUSUM ON/OFF; HTD sensitivity
/home/srmap/research/projects/v2x-multiuav-trust/results/htd_sensitivity_guarded_cusum_HTD0.10_15seed/ON_seed7_x560_720_t36.log,results/htd_sensitivity_guarded_cusum_HTD0.10_15seed/ON_seed7_x560_720_t36.log,ON_seed7_x560_720_t36.log,.log,332092,2026-07-17T09:26:24,Guarded CUSUM ON/OFF; HTD sensitivity
/home/srmap/research/projects/v2x-multiuav-trust/results/htd_sensitivity_guarded_cusum_HTD0.10_15seed/ON_seed8_x560_720_t36.log,results/htd_sensitivity_guarded_cusum_HTD0.10_15seed/ON_seed8_x560_720_t36.log,ON_seed8_x560_720_t36.log,.log,307911,2026-07-17T09:27:50,Guarded CUSUM ON/OFF; HTD sensitivity
/home/srmap/research/projects/v2x-multiuav-trust/results/htd_sensitivity_guarded_cusum_HTD0.10_15seed/ON_seed9_x560_720_t36.log,results/htd_sensitivity_guarded_cusum_HTD0.10_15seed/ON_seed9_x560_720_t36.log,ON_seed9_x560_720_t36.log,.log,326124,2026-07-17T09:29:18,Guarded CUSUM ON/OFF; HTD sensitivity
/home/srmap/research/projects/v2x-multiuav-trust/results/htd_sensitivity_guarded_cusum_HTD0.30_15seed/ON_seed10_x560_720_t36.log,results/htd_sensitivity_guarded_cusum_HTD0.30_15seed/ON_seed10_x560_720_t36.log,ON_seed10_x560_720_t36.log,.log,330738,2026-07-17T09:52:26,Guarded CUSUM ON/OFF; HTD sensitivity
/home/srmap/research/projects/v2x-multiuav-trust/results/htd_sensitivity_guarded_cusum_HTD0.30_15seed/ON_seed11_x560_720_t36.log,results/htd_sensitivity_guarded_cusum_HTD0.30_15seed/ON_seed11_x560_720_t36.log,ON_seed11_x560_720_t36.log,.log,304429,2026-07-17T09:53:53,Guarded CUSUM ON/OFF; HTD sensitivity
/home/srmap/research/projects/v2x-multiuav-trust/results/htd_sensitivity_guarded_cusum_HTD0.30_15seed/ON_seed12_x560_720_t36.log,results/htd_sensitivity_guarded_cusum_HTD0.30_15seed/ON_seed12_x560_720_t36.log,ON_seed12_x560_720_t36.log,.log,330800,2026-07-17T09:55:25,Guarded CUSUM ON/OFF; HTD sensitivity
/home/srmap/research/projects/v2x-multiuav-trust/results/htd_sensitivity_guarded_cusum_HTD0.30_15seed/ON_seed13_x560_720_t36.log,results/htd_sensitivity_guarded_cusum_HTD0.30_15seed/ON_seed13_x560_720_t36.log,ON_seed13_x560_720_t36.log,.log,331668,2026-07-17T09:56:52,Guarded CUSUM ON/OFF; HTD sensitivity
/home/srmap/research/projects/v2x-multiuav-trust/results/htd_sensitivity_guarded_cusum_HTD0.30_15seed/ON_seed14_x560_720_t36.log,results/htd_sensitivity_guarded_cusum_HTD0.30_15seed/ON_seed14_x560_720_t36.log,ON_seed14_x560_720_t36.log,.log,332013,2026-07-17T09:58:19,Guarded CUSUM ON/OFF; HTD sensitivity
/home/srmap/research/projects/v2x-multiuav-trust/results/htd_sensitivity_guarded_cusum_HTD0.30_15seed/ON_seed15_x560_720_t36.log,results/htd_sensitivity_guarded_cusum_HTD0.30_15seed/ON_seed15_x560_720_t36.log,ON_seed15_x560_720_t36.log,.log,301473,2026-07-17T09:59:46,Guarded CUSUM ON/OFF; HTD sensitivity
/home/srmap/research/projects/v2x-multiuav-trust/results/htd_sensitivity_guarded_cusum_HTD0.30_15seed/ON_seed1_x560_720_t36.log,results/htd_sensitivity_guarded_cusum_HTD0.30_15seed/ON_seed1_x560_720_t36.log,ON_seed1_x560_720_t36.log,.log,305637,2026-07-17T09:39:33,Guarded CUSUM ON/OFF; HTD sensitivity
/home/srmap/research/projects/v2x-multiuav-trust/results/htd_sensitivity_guarded_cusum_HTD0.30_15seed/ON_seed2_x560_720_t36.log,results/htd_sensitivity_guarded_cusum_HTD0.30_15seed/ON_seed2_x560_720_t36.log,ON_seed2_x560_720_t36.log,.log,331760,2026-07-17T09:41:00,Guarded CUSUM ON/OFF; HTD sensitivity
/home/srmap/research/projects/v2x-multiuav-trust/results/htd_sensitivity_guarded_cusum_HTD0.30_15seed/ON_seed3_x560_720_t36.log,results/htd_sensitivity_guarded_cusum_HTD0.30_15seed/ON_seed3_x560_720_t36.log,ON_seed3_x560_720_t36.log,.log,329544,2026-07-17T09:42:26,Guarded CUSUM ON/OFF; HTD sensitivity
/home/srmap/research/projects/v2x-multiuav-trust/results/htd_sensitivity_guarded_cusum_HTD0.30_15seed/ON_seed4_x560_720_t36.log,results/htd_sensitivity_guarded_cusum_HTD0.30_15seed/ON_seed4_x560_720_t36.log,ON_seed4_x560_720_t36.log,.log,302050,2026-07-17T09:43:49,Guarded CUSUM ON/OFF; HTD sensitivity
/home/srmap/research/projects/v2x-multiuav-trust/results/htd_sensitivity_guarded_cusum_HTD0.30_15seed/ON_seed5_x560_720_t36.log,results/htd_sensitivity_guarded_cusum_HTD0.30_15seed/ON_seed5_x560_720_t36.log,ON_seed5_x560_720_t36.log,.log,329545,2026-07-17T09:45:13,Guarded CUSUM ON/OFF; HTD sensitivity
/home/srmap/research/projects/v2x-multiuav-trust/results/htd_sensitivity_guarded_cusum_HTD0.30_15seed/ON_seed6_x560_720_t36.log,results/htd_sensitivity_guarded_cusum_HTD0.30_15seed/ON_seed6_x560_720_t36.log,ON_seed6_x560_720_t36.log,.log,329231,2026-07-17T09:46:43,Guarded CUSUM ON/OFF; HTD sensitivity
/home/srmap/research/projects/v2x-multiuav-trust/results/htd_sensitivity_guarded_cusum_HTD0.30_15seed/ON_seed7_x560_720_t36.log,results/htd_sensitivity_guarded_cusum_HTD0.30_15seed/ON_seed7_x560_720_t36.log,ON_seed7_x560_720_t36.log,.log,332092,2026-07-17T09:48:07,Guarded CUSUM ON/OFF; HTD sensitivity
/home/srmap/research/projects/v2x-multiuav-trust/results/htd_sensitivity_guarded_cusum_HTD0.30_15seed/ON_seed8_x560_720_t36.log,results/htd_sensitivity_guarded_cusum_HTD0.30_15seed/ON_seed8_x560_720_t36.log,ON_seed8_x560_720_t36.log,.log,307324,2026-07-17T09:49:32,Guarded CUSUM ON/OFF; HTD sensitivity
/home/srmap/research/projects/v2x-multiuav-trust/results/htd_sensitivity_guarded_cusum_HTD0.30_15seed/ON_seed9_x560_720_t36.log,results/htd_sensitivity_guarded_cusum_HTD0.30_15seed/ON_seed9_x560_720_t36.log,ON_seed9_x560_720_t36.log,.log,326142,2026-07-17T09:51:00,Guarded CUSUM ON/OFF; HTD sensitivity
/home/srmap/research/projects/v2x-multiuav-trust/results/htd_sensitivity_guarded_cusum_HTD0.50_15seed/ON_seed10_x560_720_t36.log,results/htd_sensitivity_guarded_cusum_HTD0.50_15seed/ON_seed10_x560_720_t36.log,ON_seed10_x560_720_t36.log,.log,330743,2026-07-17T10:14:10,Guarded CUSUM ON/OFF; HTD sensitivity
/home/srmap/research/projects/v2x-multiuav-trust/results/htd_sensitivity_guarded_cusum_HTD0.50_15seed/ON_seed11_x560_720_t36.log,results/htd_sensitivity_guarded_cusum_HTD0.50_15seed/ON_seed11_x560_720_t36.log,ON_seed11_x560_720_t36.log,.log,305128,2026-07-17T10:15:36,Guarded CUSUM ON/OFF; HTD sensitivity
/home/srmap/research/projects/v2x-multiuav-trust/results/htd_sensitivity_guarded_cusum_HTD0.50_15seed/ON_seed12_x560_720_t36.log,results/htd_sensitivity_guarded_cusum_HTD0.50_15seed/ON_seed12_x560_720_t36.log,ON_seed12_x560_720_t36.log,.log,330803,2026-07-17T10:17:09,Guarded CUSUM ON/OFF; HTD sensitivity
/home/srmap/research/projects/v2x-multiuav-trust/results/htd_sensitivity_guarded_cusum_HTD0.50_15seed/ON_seed13_x560_720_t36.log,results/htd_sensitivity_guarded_cusum_HTD0.50_15seed/ON_seed13_x560_720_t36.log,ON_seed13_x560_720_t36.log,.log,331681,2026-07-17T10:18:36,Guarded CUSUM ON/OFF; HTD sensitivity
/home/srmap/research/projects/v2x-multiuav-trust/results/htd_sensitivity_guarded_cusum_HTD0.50_15seed/ON_seed14_x560_720_t36.log,results/htd_sensitivity_guarded_cusum_HTD0.50_15seed/ON_seed14_x560_720_t36.log,ON_seed14_x560_720_t36.log,.log,332012,2026-07-17T10:20:03,Guarded CUSUM ON/OFF; HTD sensitivity
/home/srmap/research/projects/v2x-multiuav-trust/results/htd_sensitivity_guarded_cusum_HTD0.50_15seed/ON_seed15_x560_720_t36.log,results/htd_sensitivity_guarded_cusum_HTD0.50_15seed/ON_seed15_x560_720_t36.log,ON_seed15_x560_720_t36.log,.log,303691,2026-07-17T10:21:31,Guarded CUSUM ON/OFF; HTD sensitivity
/home/srmap/research/projects/v2x-multiuav-trust/results/htd_sensitivity_guarded_cusum_HTD0.50_15seed/ON_seed1_x560_720_t36.log,results/htd_sensitivity_guarded_cusum_HTD0.50_15seed/ON_seed1_x560_720_t36.log,ON_seed1_x560_720_t36.log,.log,306688,2026-07-17T10:01:14,Guarded CUSUM ON/OFF; HTD sensitivity
/home/srmap/research/projects/v2x-multiuav-trust/results/htd_sensitivity_guarded_cusum_HTD0.50_15seed/ON_seed2_x560_720_t36.log,results/htd_sensitivity_guarded_cusum_HTD0.50_15seed/ON_seed2_x560_720_t36.log,ON_seed2_x560_720_t36.log,.log,331805,2026-07-17T10:02:41,Guarded CUSUM ON/OFF; HTD sensitivity
/home/srmap/research/projects/v2x-multiuav-trust/results/htd_sensitivity_guarded_cusum_HTD0.50_15seed/ON_seed3_x560_720_t36.log,results/htd_sensitivity_guarded_cusum_HTD0.50_15seed/ON_seed3_x560_720_t36.log,ON_seed3_x560_720_t36.log,.log,329549,2026-07-17T10:04:08,Guarded CUSUM ON/OFF; HTD sensitivity
/home/srmap/research/projects/v2x-multiuav-trust/results/htd_sensitivity_guarded_cusum_HTD0.50_15seed/ON_seed4_x560_720_t36.log,results/htd_sensitivity_guarded_cusum_HTD0.50_15seed/ON_seed4_x560_720_t36.log,ON_seed4_x560_720_t36.log,.log,305566,2026-07-17T10:05:32,Guarded CUSUM ON/OFF; HTD sensitivity
/home/srmap/research/projects/v2x-multiuav-trust/results/htd_sensitivity_guarded_cusum_HTD0.50_15seed/ON_seed5_x560_720_t36.log,results/htd_sensitivity_guarded_cusum_HTD0.50_15seed/ON_seed5_x560_720_t36.log,ON_seed5_x560_720_t36.log,.log,329550,2026-07-17T10:06:57,Guarded CUSUM ON/OFF; HTD sensitivity
/home/srmap/research/projects/v2x-multiuav-trust/results/htd_sensitivity_guarded_cusum_HTD0.50_15seed/ON_seed6_x560_720_t36.log,results/htd_sensitivity_guarded_cusum_HTD0.50_15seed/ON_seed6_x560_720_t36.log,ON_seed6_x560_720_t36.log,.log,329241,2026-07-17T10:08:27,Guarded CUSUM ON/OFF; HTD sensitivity
/home/srmap/research/projects/v2x-multiuav-trust/results/htd_sensitivity_guarded_cusum_HTD0.50_15seed/ON_seed7_x560_720_t36.log,results/htd_sensitivity_guarded_cusum_HTD0.50_15seed/ON_seed7_x560_720_t36.log,ON_seed7_x560_720_t36.log,.log,332095,2026-07-17T10:09:51,Guarded CUSUM ON/OFF; HTD sensitivity
/home/srmap/research/projects/v2x-multiuav-trust/results/htd_sensitivity_guarded_cusum_HTD0.50_15seed/ON_seed8_x560_720_t36.log,results/htd_sensitivity_guarded_cusum_HTD0.50_15seed/ON_seed8_x560_720_t36.log,ON_seed8_x560_720_t36.log,.log,307308,2026-07-17T10:11:16,Guarded CUSUM ON/OFF; HTD sensitivity
/home/srmap/research/projects/v2x-multiuav-trust/results/htd_sensitivity_guarded_cusum_HTD0.50_15seed/ON_seed9_x560_720_t36.log,results/htd_sensitivity_guarded_cusum_HTD0.50_15seed/ON_seed9_x560_720_t36.log,ON_seed9_x560_720_t36.log,.log,326123,2026-07-17T10:12:44,Guarded CUSUM ON/OFF; HTD sensitivity
/home/srmap/research/projects/v2x-multiuav-trust/results/htd_sensitivity_guarded_cusum_HTD0.70_15seed/ON_seed10_x560_720_t36.log,results/htd_sensitivity_guarded_cusum_HTD0.70_15seed/ON_seed10_x560_720_t36.log,ON_seed10_x560_720_t36.log,.log,330746,2026-07-17T10:35:51,Guarded CUSUM ON/OFF; HTD sensitivity
/home/srmap/research/projects/v2x-multiuav-trust/results/htd_sensitivity_guarded_cusum_HTD0.70_15seed/ON_seed11_x560_720_t36.log,results/htd_sensitivity_guarded_cusum_HTD0.70_15seed/ON_seed11_x560_720_t36.log,ON_seed11_x560_720_t36.log,.log,305130,2026-07-17T10:37:18,Guarded CUSUM ON/OFF; HTD sensitivity
/home/srmap/research/projects/v2x-multiuav-trust/results/htd_sensitivity_guarded_cusum_HTD0.70_15seed/ON_seed12_x560_720_t36.log,results/htd_sensitivity_guarded_cusum_HTD0.70_15seed/ON_seed12_x560_720_t36.log,ON_seed12_x560_720_t36.log,.log,330797,2026-07-17T10:38:51,Guarded CUSUM ON/OFF; HTD sensitivity
/home/srmap/research/projects/v2x-multiuav-trust/results/htd_sensitivity_guarded_cusum_HTD0.70_15seed/ON_seed13_x560_720_t36.log,results/htd_sensitivity_guarded_cusum_HTD0.70_15seed/ON_seed13_x560_720_t36.log,ON_seed13_x560_720_t36.log,.log,331674,2026-07-17T10:40:18,Guarded CUSUM ON/OFF; HTD sensitivity
/home/srmap/research/projects/v2x-multiuav-trust/results/htd_sensitivity_guarded_cusum_HTD0.70_15seed/ON_seed14_x560_720_t36.log,results/htd_sensitivity_guarded_cusum_HTD0.70_15seed/ON_seed14_x560_720_t36.log,ON_seed14_x560_720_t36.log,.log,332007,2026-07-17T10:41:45,Guarded CUSUM ON/OFF; HTD sensitivity
/home/srmap/research/projects/v2x-multiuav-trust/results/htd_sensitivity_guarded_cusum_HTD0.70_15seed/ON_seed15_x560_720_t36.log,results/htd_sensitivity_guarded_cusum_HTD0.70_15seed/ON_seed15_x560_720_t36.log,ON_seed15_x560_720_t36.log,.log,303696,2026-07-17T10:43:12,Guarded CUSUM ON/OFF; HTD sensitivity
/home/srmap/research/projects/v2x-multiuav-trust/results/htd_sensitivity_guarded_cusum_HTD0.70_15seed/ON_seed1_x560_720_t36.log,results/htd_sensitivity_guarded_cusum_HTD0.70_15seed/ON_seed1_x560_720_t36.log,ON_seed1_x560_720_t36.log,.log,303127,2026-07-17T10:22:57,Guarded CUSUM ON/OFF; HTD sensitivity
/home/srmap/research/projects/v2x-multiuav-trust/results/htd_sensitivity_guarded_cusum_HTD0.70_15seed/ON_seed2_x560_720_t36.log,results/htd_sensitivity_guarded_cusum_HTD0.70_15seed/ON_seed2_x560_720_t36.log,ON_seed2_x560_720_t36.log,.log,331795,2026-07-17T10:24:23,Guarded CUSUM ON/OFF; HTD sensitivity
/home/srmap/research/projects/v2x-multiuav-trust/results/htd_sensitivity_guarded_cusum_HTD0.70_15seed/ON_seed3_x560_720_t36.log,results/htd_sensitivity_guarded_cusum_HTD0.70_15seed/ON_seed3_x560_720_t36.log,ON_seed3_x560_720_t36.log,.log,329548,2026-07-17T10:25:50,Guarded CUSUM ON/OFF; HTD sensitivity
/home/srmap/research/projects/v2x-multiuav-trust/results/htd_sensitivity_guarded_cusum_HTD0.70_15seed/ON_seed4_x560_720_t36.log,results/htd_sensitivity_guarded_cusum_HTD0.70_15seed/ON_seed4_x560_720_t36.log,ON_seed4_x560_720_t36.log,.log,306494,2026-07-17T10:27:14,Guarded CUSUM ON/OFF; HTD sensitivity
/home/srmap/research/projects/v2x-multiuav-trust/results/htd_sensitivity_guarded_cusum_HTD0.70_15seed/ON_seed5_x560_720_t36.log,results/htd_sensitivity_guarded_cusum_HTD0.70_15seed/ON_seed5_x560_720_t36.log,ON_seed5_x560_720_t36.log,.log,329552,2026-07-17T10:28:39,Guarded CUSUM ON/OFF; HTD sensitivity
/home/srmap/research/projects/v2x-multiuav-trust/results/htd_sensitivity_guarded_cusum_HTD0.70_15seed/ON_seed6_x560_720_t36.log,results/htd_sensitivity_guarded_cusum_HTD0.70_15seed/ON_seed6_x560_720_t36.log,ON_seed6_x560_720_t36.log,.log,329245,2026-07-17T10:30:08,Guarded CUSUM ON/OFF; HTD sensitivity
/home/srmap/research/projects/v2x-multiuav-trust/results/htd_sensitivity_guarded_cusum_HTD0.70_15seed/ON_seed7_x560_720_t36.log,results/htd_sensitivity_guarded_cusum_HTD0.70_15seed/ON_seed7_x560_720_t36.log,ON_seed7_x560_720_t36.log,.log,332090,2026-07-17T10:31:32,Guarded CUSUM ON/OFF; HTD sensitivity
/home/srmap/research/projects/v2x-multiuav-trust/results/htd_sensitivity_guarded_cusum_HTD0.70_15seed/ON_seed8_x560_720_t36.log,results/htd_sensitivity_guarded_cusum_HTD0.70_15seed/ON_seed8_x560_720_t36.log,ON_seed8_x560_720_t36.log,.log,305676,2026-07-17T10:32:57,Guarded CUSUM ON/OFF; HTD sensitivity
/home/srmap/research/projects/v2x-multiuav-trust/results/htd_sensitivity_guarded_cusum_HTD0.70_15seed/ON_seed9_x560_720_t36.log,results/htd_sensitivity_guarded_cusum_HTD0.70_15seed/ON_seed9_x560_720_t36.log,ON_seed9_x560_720_t36.log,.log,326131,2026-07-17T10:34:25,Guarded CUSUM ON/OFF; HTD sensitivity
/home/srmap/research/projects/v2x-multiuav-trust/results/htd_sensitivity_guarded_cusum_HTD1.00_15seed/ON_seed10_x560_720_t36.log,results/htd_sensitivity_guarded_cusum_HTD1.00_15seed/ON_seed10_x560_720_t36.log,ON_seed10_x560_720_t36.log,.log,330453,2026-07-17T10:57:33,Guarded CUSUM ON/OFF; HTD sensitivity
/home/srmap/research/projects/v2x-multiuav-trust/results/htd_sensitivity_guarded_cusum_HTD1.00_15seed/ON_seed11_x560_720_t36.log,results/htd_sensitivity_guarded_cusum_HTD1.00_15seed/ON_seed11_x560_720_t36.log,ON_seed11_x560_720_t36.log,.log,304896,2026-07-17T10:59:00,Guarded CUSUM ON/OFF; HTD sensitivity
/home/srmap/research/projects/v2x-multiuav-trust/results/htd_sensitivity_guarded_cusum_HTD1.00_15seed/ON_seed12_x560_720_t36.log,results/htd_sensitivity_guarded_cusum_HTD1.00_15seed/ON_seed12_x560_720_t36.log,ON_seed12_x560_720_t36.log,.log,326425,2026-07-17T11:00:32,Guarded CUSUM ON/OFF; HTD sensitivity
/home/srmap/research/projects/v2x-multiuav-trust/results/htd_sensitivity_guarded_cusum_HTD1.00_15seed/ON_seed13_x560_720_t36.log,results/htd_sensitivity_guarded_cusum_HTD1.00_15seed/ON_seed13_x560_720_t36.log,ON_seed13_x560_720_t36.log,.log,331383,2026-07-17T11:01:59,Guarded CUSUM ON/OFF; HTD sensitivity
/home/srmap/research/projects/v2x-multiuav-trust/results/htd_sensitivity_guarded_cusum_HTD1.00_15seed/ON_seed14_x560_720_t36.log,results/htd_sensitivity_guarded_cusum_HTD1.00_15seed/ON_seed14_x560_720_t36.log,ON_seed14_x560_720_t36.log,.log,331712,2026-07-17T11:03:27,Guarded CUSUM ON/OFF; HTD sensitivity
/home/srmap/research/projects/v2x-multiuav-trust/results/htd_sensitivity_guarded_cusum_HTD1.00_15seed/ON_seed15_x560_720_t36.log,results/htd_sensitivity_guarded_cusum_HTD1.00_15seed/ON_seed15_x560_720_t36.log,ON_seed15_x560_720_t36.log,.log,303520,2026-07-17T11:04:54,Guarded CUSUM ON/OFF; HTD sensitivity
/home/srmap/research/projects/v2x-multiuav-trust/results/htd_sensitivity_guarded_cusum_HTD1.00_15seed/ON_seed1_x560_720_t36.log,results/htd_sensitivity_guarded_cusum_HTD1.00_15seed/ON_seed1_x560_720_t36.log,ON_seed1_x560_720_t36.log,.log,303218,2026-07-17T10:44:38,Guarded CUSUM ON/OFF; HTD sensitivity
/home/srmap/research/projects/v2x-multiuav-trust/results/htd_sensitivity_guarded_cusum_HTD1.00_15seed/ON_seed2_x560_720_t36.log,results/htd_sensitivity_guarded_cusum_HTD1.00_15seed/ON_seed2_x560_720_t36.log,ON_seed2_x560_720_t36.log,.log,331537,2026-07-17T10:46:05,Guarded CUSUM ON/OFF; HTD sensitivity
/home/srmap/research/projects/v2x-multiuav-trust/results/htd_sensitivity_guarded_cusum_HTD1.00_15seed/ON_seed3_x560_720_t36.log,results/htd_sensitivity_guarded_cusum_HTD1.00_15seed/ON_seed3_x560_720_t36.log,ON_seed3_x560_720_t36.log,.log,329253,2026-07-17T10:47:32,Guarded CUSUM ON/OFF; HTD sensitivity
/home/srmap/research/projects/v2x-multiuav-trust/results/htd_sensitivity_guarded_cusum_HTD1.00_15seed/ON_seed4_x560_720_t36.log,results/htd_sensitivity_guarded_cusum_HTD1.00_15seed/ON_seed4_x560_720_t36.log,ON_seed4_x560_720_t36.log,.log,302313,2026-07-17T10:48:55,Guarded CUSUM ON/OFF; HTD sensitivity
/home/srmap/research/projects/v2x-multiuav-trust/results/htd_sensitivity_guarded_cusum_HTD1.00_15seed/ON_seed5_x560_720_t36.log,results/htd_sensitivity_guarded_cusum_HTD1.00_15seed/ON_seed5_x560_720_t36.log,ON_seed5_x560_720_t36.log,.log,329260,2026-07-17T10:50:20,Guarded CUSUM ON/OFF; HTD sensitivity
/home/srmap/research/projects/v2x-multiuav-trust/results/htd_sensitivity_guarded_cusum_HTD1.00_15seed/ON_seed6_x560_720_t36.log,results/htd_sensitivity_guarded_cusum_HTD1.00_15seed/ON_seed6_x560_720_t36.log,ON_seed6_x560_720_t36.log,.log,328952,2026-07-17T10:51:49,Guarded CUSUM ON/OFF; HTD sensitivity
/home/srmap/research/projects/v2x-multiuav-trust/results/htd_sensitivity_guarded_cusum_HTD1.00_15seed/ON_seed7_x560_720_t36.log,results/htd_sensitivity_guarded_cusum_HTD1.00_15seed/ON_seed7_x560_720_t36.log,ON_seed7_x560_720_t36.log,.log,331754,2026-07-17T10:53:13,Guarded CUSUM ON/OFF; HTD sensitivity
/home/srmap/research/projects/v2x-multiuav-trust/results/htd_sensitivity_guarded_cusum_HTD1.00_15seed/ON_seed8_x560_720_t36.log,results/htd_sensitivity_guarded_cusum_HTD1.00_15seed/ON_seed8_x560_720_t36.log,ON_seed8_x560_720_t36.log,.log,307786,2026-07-17T10:54:39,Guarded CUSUM ON/OFF; HTD sensitivity
/home/srmap/research/projects/v2x-multiuav-trust/results/htd_sensitivity_guarded_cusum_HTD1.00_15seed/ON_seed9_x560_720_t36.log,results/htd_sensitivity_guarded_cusum_HTD1.00_15seed/ON_seed9_x560_720_t36.log,ON_seed9_x560_720_t36.log,.log,325890,2026-07-17T10:56:07,Guarded CUSUM ON/OFF; HTD sensitivity
/home/srmap/research/projects/v2x-multiuav-trust/results/hybrid_guarded_20260715/HYBRID15_guarded_clean_rep1.log,results/hybrid_guarded_20260715/HYBRID15_guarded_clean_rep1.log,HYBRID15_guarded_clean_rep1.log,.log,1376896,2026-07-15T10:45:07,Guarded CUSUM ON/OFF; Clean CUSUM safety
/home/srmap/research/projects/v2x-multiuav-trust/results/hybrid_guarded_20260715/HYBRID15_guarded_clean_summary_FINAL_20260715.txt,results/hybrid_guarded_20260715/HYBRID15_guarded_clean_summary_FINAL_20260715.txt,HYBRID15_guarded_clean_summary_FINAL_20260715.txt,.txt,841,2026-07-15T10:45:07,Guarded CUSUM ON/OFF; Clean CUSUM safety
/home/srmap/research/projects/v2x-multiuav-trust/results/hybrid_guarded_20260715/HYBRID15_guarded_seed1_rep10.log,results/hybrid_guarded_20260715/HYBRID15_guarded_seed1_rep10.log,HYBRID15_guarded_seed1_rep10.log,.log,1311137,2026-07-15T10:45:07,Guarded CUSUM ON/OFF
/home/srmap/research/projects/v2x-multiuav-trust/results/hybrid_guarded_20260715/HYBRID15_guarded_seed1_rep11.log,results/hybrid_guarded_20260715/HYBRID15_guarded_seed1_rep11.log,HYBRID15_guarded_seed1_rep11.log,.log,1327509,2026-07-15T10:45:07,Guarded CUSUM ON/OFF
/home/srmap/research/projects/v2x-multiuav-trust/results/hybrid_guarded_20260715/HYBRID15_guarded_seed1_rep12.log,results/hybrid_guarded_20260715/HYBRID15_guarded_seed1_rep12.log,HYBRID15_guarded_seed1_rep12.log,.log,1374098,2026-07-15T10:45:07,Guarded CUSUM ON/OFF
/home/srmap/research/projects/v2x-multiuav-trust/results/hybrid_guarded_20260715/HYBRID15_guarded_seed1_rep13.log,results/hybrid_guarded_20260715/HYBRID15_guarded_seed1_rep13.log,HYBRID15_guarded_seed1_rep13.log,.log,1315396,2026-07-15T10:45:07,Guarded CUSUM ON/OFF
/home/srmap/research/projects/v2x-multiuav-trust/results/hybrid_guarded_20260715/HYBRID15_guarded_seed1_rep14.log,results/hybrid_guarded_20260715/HYBRID15_guarded_seed1_rep14.log,HYBRID15_guarded_seed1_rep14.log,.log,1255548,2026-07-15T10:45:07,Guarded CUSUM ON/OFF
/home/srmap/research/projects/v2x-multiuav-trust/results/hybrid_guarded_20260715/HYBRID15_guarded_seed1_rep15_retry.log,results/hybrid_guarded_20260715/HYBRID15_guarded_seed1_rep15_retry.log,HYBRID15_guarded_seed1_rep15_retry.log,.log,1313066,2026-07-15T10:45:07,Guarded CUSUM ON/OFF
/home/srmap/research/projects/v2x-multiuav-trust/results/hybrid_guarded_20260715/HYBRID15_guarded_seed1_rep2.log,results/hybrid_guarded_20260715/HYBRID15_guarded_seed1_rep2.log,HYBRID15_guarded_seed1_rep2.log,.log,1296809,2026-07-15T10:45:07,Guarded CUSUM ON/OFF
/home/srmap/research/projects/v2x-multiuav-trust/results/hybrid_guarded_20260715/HYBRID15_guarded_seed1_rep3.log,results/hybrid_guarded_20260715/HYBRID15_guarded_seed1_rep3.log,HYBRID15_guarded_seed1_rep3.log,.log,1295406,2026-07-15T10:45:07,Guarded CUSUM ON/OFF
/home/srmap/research/projects/v2x-multiuav-trust/results/hybrid_guarded_20260715/HYBRID15_guarded_seed1_rep4.log,results/hybrid_guarded_20260715/HYBRID15_guarded_seed1_rep4.log,HYBRID15_guarded_seed1_rep4.log,.log,1229290,2026-07-15T10:45:07,Guarded CUSUM ON/OFF
/home/srmap/research/projects/v2x-multiuav-trust/results/hybrid_guarded_20260715/HYBRID15_guarded_seed1_rep5.log,results/hybrid_guarded_20260715/HYBRID15_guarded_seed1_rep5.log,HYBRID15_guarded_seed1_rep5.log,.log,1361467,2026-07-15T10:45:07,Guarded CUSUM ON/OFF
/home/srmap/research/projects/v2x-multiuav-trust/results/hybrid_guarded_20260715/HYBRID15_guarded_seed1_rep6.log,results/hybrid_guarded_20260715/HYBRID15_guarded_seed1_rep6.log,HYBRID15_guarded_seed1_rep6.log,.log,1233142,2026-07-15T10:45:07,Guarded CUSUM ON/OFF
/home/srmap/research/projects/v2x-multiuav-trust/results/hybrid_guarded_20260715/HYBRID15_guarded_seed1_rep7.log,results/hybrid_guarded_20260715/HYBRID15_guarded_seed1_rep7.log,HYBRID15_guarded_seed1_rep7.log,.log,1338316,2026-07-15T10:45:07,Guarded CUSUM ON/OFF
/home/srmap/research/projects/v2x-multiuav-trust/results/hybrid_guarded_20260715/HYBRID15_guarded_seed1_rep8.log,results/hybrid_guarded_20260715/HYBRID15_guarded_seed1_rep8.log,HYBRID15_guarded_seed1_rep8.log,.log,1263152,2026-07-15T10:45:07,Guarded CUSUM ON/OFF
/home/srmap/research/projects/v2x-multiuav-trust/results/hybrid_guarded_20260715/HYBRID15_guarded_seed1_rep9.log,results/hybrid_guarded_20260715/HYBRID15_guarded_seed1_rep9.log,HYBRID15_guarded_seed1_rep9.log,.log,1158409,2026-07-15T10:45:07,Guarded CUSUM ON/OFF
/home/srmap/research/projects/v2x-multiuav-trust/results/obsgate_sweep_20260705_203528/ns3_seed_1.log,results/obsgate_sweep_20260705_203528/ns3_seed_1.log,ns3_seed_1.log,.log,155049,2026-07-05T20:38:25,Bayesian/Nash gate audit
/home/srmap/research/projects/v2x-multiuav-trust/results/obsgate_sweep_20260705_203528/ns3_seed_2.log,results/obsgate_sweep_20260705_203528/ns3_seed_2.log,ns3_seed_2.log,.log,133810,2026-07-05T20:41:09,Bayesian/Nash gate audit
/home/srmap/research/projects/v2x-multiuav-trust/results/obsgate_sweep_20260705_203528/ns3_seed_3.log,results/obsgate_sweep_20260705_203528/ns3_seed_3.log,ns3_seed_3.log,.log,174174,2026-07-05T20:44:19,Bayesian/Nash gate audit
/home/srmap/research/projects/v2x-multiuav-trust/results/obsgate_sweep_20260705_203528/ns3_seed_4.log,results/obsgate_sweep_20260705_203528/ns3_seed_4.log,ns3_seed_4.log,.log,177291,2026-07-05T20:47:24,Bayesian/Nash gate audit
/home/srmap/research/projects/v2x-multiuav-trust/results/obsgate_sweep_20260705_203528/ns3_seed_5.log,results/obsgate_sweep_20260705_203528/ns3_seed_5.log,ns3_seed_5.log,.log,161240,2026-07-05T20:50:18,Bayesian/Nash gate audit
/home/srmap/research/projects/v2x-multiuav-trust/results/obsgate_sweep_20260705_203528/payoff_summary.txt,results/obsgate_sweep_20260705_203528/payoff_summary.txt,payoff_summary.txt,.txt,5016,2026-07-05T20:50:18,Bayesian/Nash gate audit
/home/srmap/research/projects/v2x-multiuav-trust/results/obsgate_sweep_20260705_203528/progress.log,results/obsgate_sweep_20260705_203528/progress.log,progress.log,.log,11822,2026-07-05T20:50:18,Bayesian/Nash gate audit
/home/srmap/research/projects/v2x-multiuav-trust/results/packet_loss_robustness_DROP0_guarded_cusum_15seed/ON_seed10_x560_720_t36.log,results/packet_loss_robustness_DROP0_guarded_cusum_15seed/ON_seed10_x560_720_t36.log,ON_seed10_x560_720_t36.log,.log,333563,2026-07-17T15:43:15,Guarded CUSUM ON/OFF; Packet-loss robustness
/home/srmap/research/projects/v2x-multiuav-trust/results/packet_loss_robustness_DROP0_guarded_cusum_15seed/ON_seed11_x560_720_t36.log,results/packet_loss_robustness_DROP0_guarded_cusum_15seed/ON_seed11_x560_720_t36.log,ON_seed11_x560_720_t36.log,.log,307499,2026-07-17T15:44:42,Guarded CUSUM ON/OFF; Packet-loss robustness
/home/srmap/research/projects/v2x-multiuav-trust/results/packet_loss_robustness_DROP0_guarded_cusum_15seed/ON_seed12_x560_720_t36.log,results/packet_loss_robustness_DROP0_guarded_cusum_15seed/ON_seed12_x560_720_t36.log,ON_seed12_x560_720_t36.log,.log,332325,2026-07-17T15:46:14,Guarded CUSUM ON/OFF; Packet-loss robustness
/home/srmap/research/projects/v2x-multiuav-trust/results/packet_loss_robustness_DROP0_guarded_cusum_15seed/ON_seed13_x560_720_t36.log,results/packet_loss_robustness_DROP0_guarded_cusum_15seed/ON_seed13_x560_720_t36.log,ON_seed13_x560_720_t36.log,.log,334203,2026-07-17T15:47:42,Guarded CUSUM ON/OFF; Packet-loss robustness
/home/srmap/research/projects/v2x-multiuav-trust/results/packet_loss_robustness_DROP0_guarded_cusum_15seed/ON_seed14_x560_720_t36.log,results/packet_loss_robustness_DROP0_guarded_cusum_15seed/ON_seed14_x560_720_t36.log,ON_seed14_x560_720_t36.log,.log,332820,2026-07-17T15:49:09,Guarded CUSUM ON/OFF; Packet-loss robustness
/home/srmap/research/projects/v2x-multiuav-trust/results/packet_loss_robustness_DROP0_guarded_cusum_15seed/ON_seed15_x560_720_t36.log,results/packet_loss_robustness_DROP0_guarded_cusum_15seed/ON_seed15_x560_720_t36.log,ON_seed15_x560_720_t36.log,.log,306522,2026-07-17T15:50:37,Guarded CUSUM ON/OFF; Packet-loss robustness
/home/srmap/research/projects/v2x-multiuav-trust/results/packet_loss_robustness_DROP0_guarded_cusum_15seed/ON_seed1_x560_720_t36.log,results/packet_loss_robustness_DROP0_guarded_cusum_15seed/ON_seed1_x560_720_t36.log,ON_seed1_x560_720_t36.log,.log,306043,2026-07-17T15:30:20,Guarded CUSUM ON/OFF; Packet-loss robustness
/home/srmap/research/projects/v2x-multiuav-trust/results/packet_loss_robustness_DROP0_guarded_cusum_15seed/ON_seed2_x560_720_t36.log,results/packet_loss_robustness_DROP0_guarded_cusum_15seed/ON_seed2_x560_720_t36.log,ON_seed2_x560_720_t36.log,.log,334538,2026-07-17T15:31:46,Guarded CUSUM ON/OFF; Packet-loss robustness
/home/srmap/research/projects/v2x-multiuav-trust/results/packet_loss_robustness_DROP0_guarded_cusum_15seed/ON_seed3_x560_720_t36.log,results/packet_loss_robustness_DROP0_guarded_cusum_15seed/ON_seed3_x560_720_t36.log,ON_seed3_x560_720_t36.log,.log,331933,2026-07-17T15:33:13,Guarded CUSUM ON/OFF; Packet-loss robustness
/home/srmap/research/projects/v2x-multiuav-trust/results/packet_loss_robustness_DROP0_guarded_cusum_15seed/ON_seed4_x560_720_t36.log,results/packet_loss_robustness_DROP0_guarded_cusum_15seed/ON_seed4_x560_720_t36.log,ON_seed4_x560_720_t36.log,.log,307368,2026-07-17T15:34:37,Guarded CUSUM ON/OFF; Packet-loss robustness
/home/srmap/research/projects/v2x-multiuav-trust/results/packet_loss_robustness_DROP0_guarded_cusum_15seed/ON_seed5_x560_720_t36.log,results/packet_loss_robustness_DROP0_guarded_cusum_15seed/ON_seed5_x560_720_t36.log,ON_seed5_x560_720_t36.log,.log,333662,2026-07-17T15:36:01,Guarded CUSUM ON/OFF; Packet-loss robustness
/home/srmap/research/projects/v2x-multiuav-trust/results/packet_loss_robustness_DROP0_guarded_cusum_15seed/ON_seed6_x560_720_t36.log,results/packet_loss_robustness_DROP0_guarded_cusum_15seed/ON_seed6_x560_720_t36.log,ON_seed6_x560_720_t36.log,.log,332133,2026-07-17T15:37:30,Guarded CUSUM ON/OFF; Packet-loss robustness
/home/srmap/research/projects/v2x-multiuav-trust/results/packet_loss_robustness_DROP0_guarded_cusum_15seed/ON_seed7_x560_720_t36.log,results/packet_loss_robustness_DROP0_guarded_cusum_15seed/ON_seed7_x560_720_t36.log,ON_seed7_x560_720_t36.log,.log,332941,2026-07-17T15:38:54,Guarded CUSUM ON/OFF; Packet-loss robustness
/home/srmap/research/projects/v2x-multiuav-trust/results/packet_loss_robustness_DROP0_guarded_cusum_15seed/ON_seed8_x560_720_t36.log,results/packet_loss_robustness_DROP0_guarded_cusum_15seed/ON_seed8_x560_720_t36.log,ON_seed8_x560_720_t36.log,.log,312049,2026-07-17T15:40:20,Guarded CUSUM ON/OFF; Packet-loss robustness
/home/srmap/research/projects/v2x-multiuav-trust/results/packet_loss_robustness_DROP0_guarded_cusum_15seed/ON_seed9_x560_720_t36.log,results/packet_loss_robustness_DROP0_guarded_cusum_15seed/ON_seed9_x560_720_t36.log,ON_seed9_x560_720_t36.log,.log,329740,2026-07-17T15:41:49,Guarded CUSUM ON/OFF; Packet-loss robustness
/home/srmap/research/projects/v2x-multiuav-trust/results/packet_loss_robustness_DROP10_guarded_cusum_15seed/ON_seed10_x560_720_t36.log,results/packet_loss_robustness_DROP10_guarded_cusum_15seed/ON_seed10_x560_720_t36.log,ON_seed10_x560_720_t36.log,.log,304960,2026-07-17T16:26:35,Guarded CUSUM ON/OFF; Packet-loss robustness
/home/srmap/research/projects/v2x-multiuav-trust/results/packet_loss_robustness_DROP10_guarded_cusum_15seed/ON_seed11_x560_720_t36.log,results/packet_loss_robustness_DROP10_guarded_cusum_15seed/ON_seed11_x560_720_t36.log,ON_seed11_x560_720_t36.log,.log,290752,2026-07-17T16:28:02,Guarded CUSUM ON/OFF; Packet-loss robustness
/home/srmap/research/projects/v2x-multiuav-trust/results/packet_loss_robustness_DROP10_guarded_cusum_15seed/ON_seed12_x560_720_t36.log,results/packet_loss_robustness_DROP10_guarded_cusum_15seed/ON_seed12_x560_720_t36.log,ON_seed12_x560_720_t36.log,.log,311519,2026-07-17T16:29:34,Guarded CUSUM ON/OFF; Packet-loss robustness
/home/srmap/research/projects/v2x-multiuav-trust/results/packet_loss_robustness_DROP10_guarded_cusum_15seed/ON_seed13_x560_720_t36.log,results/packet_loss_robustness_DROP10_guarded_cusum_15seed/ON_seed13_x560_720_t36.log,ON_seed13_x560_720_t36.log,.log,308477,2026-07-17T16:31:01,Guarded CUSUM ON/OFF; Packet-loss robustness
/home/srmap/research/projects/v2x-multiuav-trust/results/packet_loss_robustness_DROP10_guarded_cusum_15seed/ON_seed14_x560_720_t36.log,results/packet_loss_robustness_DROP10_guarded_cusum_15seed/ON_seed14_x560_720_t36.log,ON_seed14_x560_720_t36.log,.log,305527,2026-07-17T17:03:53,Guarded CUSUM ON/OFF; Packet-loss robustness
/home/srmap/research/projects/v2x-multiuav-trust/results/packet_loss_robustness_DROP10_guarded_cusum_15seed/ON_seed15_x560_720_t36.log,results/packet_loss_robustness_DROP10_guarded_cusum_15seed/ON_seed15_x560_720_t36.log,ON_seed15_x560_720_t36.log,.log,284775,2026-07-17T16:32:59,Guarded CUSUM ON/OFF; Packet-loss robustness
/home/srmap/research/projects/v2x-multiuav-trust/results/packet_loss_robustness_DROP10_guarded_cusum_15seed/ON_seed1_x560_720_t36.log,results/packet_loss_robustness_DROP10_guarded_cusum_15seed/ON_seed1_x560_720_t36.log,ON_seed1_x560_720_t36.log,.log,283287,2026-07-17T16:13:43,Guarded CUSUM ON/OFF; Packet-loss robustness
/home/srmap/research/projects/v2x-multiuav-trust/results/packet_loss_robustness_DROP10_guarded_cusum_15seed/ON_seed2_x560_720_t36.log,results/packet_loss_robustness_DROP10_guarded_cusum_15seed/ON_seed2_x560_720_t36.log,ON_seed2_x560_720_t36.log,.log,318401,2026-07-17T16:15:10,Guarded CUSUM ON/OFF; Packet-loss robustness
/home/srmap/research/projects/v2x-multiuav-trust/results/packet_loss_robustness_DROP10_guarded_cusum_15seed/ON_seed3_x560_720_t36.log,results/packet_loss_robustness_DROP10_guarded_cusum_15seed/ON_seed3_x560_720_t36.log,ON_seed3_x560_720_t36.log,.log,314702,2026-07-17T16:16:37,Guarded CUSUM ON/OFF; Packet-loss robustness
/home/srmap/research/projects/v2x-multiuav-trust/results/packet_loss_robustness_DROP10_guarded_cusum_15seed/ON_seed4_x560_720_t36.log,results/packet_loss_robustness_DROP10_guarded_cusum_15seed/ON_seed4_x560_720_t36.log,ON_seed4_x560_720_t36.log,.log,284860,2026-07-17T16:18:00,Guarded CUSUM ON/OFF; Packet-loss robustness
/home/srmap/research/projects/v2x-multiuav-trust/results/packet_loss_robustness_DROP10_guarded_cusum_15seed/ON_seed5_x560_720_t36.log,results/packet_loss_robustness_DROP10_guarded_cusum_15seed/ON_seed5_x560_720_t36.log,ON_seed5_x560_720_t36.log,.log,308927,2026-07-17T16:19:24,Guarded CUSUM ON/OFF; Packet-loss robustness
/home/srmap/research/projects/v2x-multiuav-trust/results/packet_loss_robustness_DROP10_guarded_cusum_15seed/ON_seed6_x560_720_t36.log,results/packet_loss_robustness_DROP10_guarded_cusum_15seed/ON_seed6_x560_720_t36.log,ON_seed6_x560_720_t36.log,.log,306022,2026-07-17T16:20:53,Guarded CUSUM ON/OFF; Packet-loss robustness
/home/srmap/research/projects/v2x-multiuav-trust/results/packet_loss_robustness_DROP10_guarded_cusum_15seed/ON_seed7_x560_720_t36.log,results/packet_loss_robustness_DROP10_guarded_cusum_15seed/ON_seed7_x560_720_t36.log,ON_seed7_x560_720_t36.log,.log,313818,2026-07-17T16:22:16,Guarded CUSUM ON/OFF; Packet-loss robustness
/home/srmap/research/projects/v2x-multiuav-trust/results/packet_loss_robustness_DROP10_guarded_cusum_15seed/ON_seed8_x560_720_t36.log,results/packet_loss_robustness_DROP10_guarded_cusum_15seed/ON_seed8_x560_720_t36.log,ON_seed8_x560_720_t36.log,.log,293558,2026-07-17T16:23:42,Guarded CUSUM ON/OFF; Packet-loss robustness
/home/srmap/research/projects/v2x-multiuav-trust/results/packet_loss_robustness_DROP10_guarded_cusum_15seed/ON_seed9_x560_720_t36.log,results/packet_loss_robustness_DROP10_guarded_cusum_15seed/ON_seed9_x560_720_t36.log,ON_seed9_x560_720_t36.log,.log,311735,2026-07-17T16:25:10,Guarded CUSUM ON/OFF; Packet-loss robustness
/home/srmap/research/projects/v2x-multiuav-trust/results/packet_loss_robustness_DROP20_guarded_cusum_15seed/ON_seed10_x560_720_t36.log,results/packet_loss_robustness_DROP20_guarded_cusum_15seed/ON_seed10_x560_720_t36.log,ON_seed10_x560_720_t36.log,.log,289659,2026-07-17T16:47:13,Guarded CUSUM ON/OFF; Packet-loss robustness
/home/srmap/research/projects/v2x-multiuav-trust/results/packet_loss_robustness_DROP20_guarded_cusum_15seed/ON_seed11_x560_720_t36.log,results/packet_loss_robustness_DROP20_guarded_cusum_15seed/ON_seed11_x560_720_t36.log,ON_seed11_x560_720_t36.log,.log,270441,2026-07-17T16:48:40,Guarded CUSUM ON/OFF; Packet-loss robustness
/home/srmap/research/projects/v2x-multiuav-trust/results/packet_loss_robustness_DROP20_guarded_cusum_15seed/ON_seed12_x560_720_t36.log,results/packet_loss_robustness_DROP20_guarded_cusum_15seed/ON_seed12_x560_720_t36.log,ON_seed12_x560_720_t36.log,.log,296602,2026-07-17T16:50:12,Guarded CUSUM ON/OFF; Packet-loss robustness
/home/srmap/research/projects/v2x-multiuav-trust/results/packet_loss_robustness_DROP20_guarded_cusum_15seed/ON_seed13_x560_720_t36.log,results/packet_loss_robustness_DROP20_guarded_cusum_15seed/ON_seed13_x560_720_t36.log,ON_seed13_x560_720_t36.log,.log,285319,2026-07-17T16:51:38,Guarded CUSUM ON/OFF; Packet-loss robustness
/home/srmap/research/projects/v2x-multiuav-trust/results/packet_loss_robustness_DROP20_guarded_cusum_15seed/ON_seed14_x560_720_t36.log,results/packet_loss_robustness_DROP20_guarded_cusum_15seed/ON_seed14_x560_720_t36.log,ON_seed14_x560_720_t36.log,.log,290323,2026-07-17T16:53:05,Guarded CUSUM ON/OFF; Packet-loss robustness
/home/srmap/research/projects/v2x-multiuav-trust/results/packet_loss_robustness_DROP20_guarded_cusum_15seed/ON_seed15_x560_720_t36.log,results/packet_loss_robustness_DROP20_guarded_cusum_15seed/ON_seed15_x560_720_t36.log,ON_seed15_x560_720_t36.log,.log,261737,2026-07-17T16:54:31,Guarded CUSUM ON/OFF; Packet-loss robustness
/home/srmap/research/projects/v2x-multiuav-trust/results/packet_loss_robustness_DROP20_guarded_cusum_15seed/ON_seed1_x560_720_t36.log,results/packet_loss_robustness_DROP20_guarded_cusum_15seed/ON_seed1_x560_720_t36.log,ON_seed1_x560_720_t36.log,.log,268404,2026-07-17T16:34:25,Guarded CUSUM ON/OFF; Packet-loss robustness
/home/srmap/research/projects/v2x-multiuav-trust/results/packet_loss_robustness_DROP20_guarded_cusum_15seed/ON_seed2_x560_720_t36.log,results/packet_loss_robustness_DROP20_guarded_cusum_15seed/ON_seed2_x560_720_t36.log,ON_seed2_x560_720_t36.log,.log,295365,2026-07-17T16:35:50,Guarded CUSUM ON/OFF; Packet-loss robustness
/home/srmap/research/projects/v2x-multiuav-trust/results/packet_loss_robustness_DROP20_guarded_cusum_15seed/ON_seed3_x560_720_t36.log,results/packet_loss_robustness_DROP20_guarded_cusum_15seed/ON_seed3_x560_720_t36.log,ON_seed3_x560_720_t36.log,.log,288923,2026-07-17T16:37:17,Guarded CUSUM ON/OFF; Packet-loss robustness
/home/srmap/research/projects/v2x-multiuav-trust/results/packet_loss_robustness_DROP20_guarded_cusum_15seed/ON_seed4_x560_720_t36.log,results/packet_loss_robustness_DROP20_guarded_cusum_15seed/ON_seed4_x560_720_t36.log,ON_seed4_x560_720_t36.log,.log,268274,2026-07-17T16:38:39,Guarded CUSUM ON/OFF; Packet-loss robustness
/home/srmap/research/projects/v2x-multiuav-trust/results/packet_loss_robustness_DROP20_guarded_cusum_15seed/ON_seed5_x560_720_t36.log,results/packet_loss_robustness_DROP20_guarded_cusum_15seed/ON_seed5_x560_720_t36.log,ON_seed5_x560_720_t36.log,.log,284792,2026-07-17T16:40:03,Guarded CUSUM ON/OFF; Packet-loss robustness
/home/srmap/research/projects/v2x-multiuav-trust/results/packet_loss_robustness_DROP20_guarded_cusum_15seed/ON_seed6_x560_720_t36.log,results/packet_loss_robustness_DROP20_guarded_cusum_15seed/ON_seed6_x560_720_t36.log,ON_seed6_x560_720_t36.log,.log,280348,2026-07-17T16:41:32,Guarded CUSUM ON/OFF; Packet-loss robustness
/home/srmap/research/projects/v2x-multiuav-trust/results/packet_loss_robustness_DROP20_guarded_cusum_15seed/ON_seed7_x560_720_t36.log,results/packet_loss_robustness_DROP20_guarded_cusum_15seed/ON_seed7_x560_720_t36.log,ON_seed7_x560_720_t36.log,.log,288330,2026-07-17T16:42:55,Guarded CUSUM ON/OFF; Packet-loss robustness
/home/srmap/research/projects/v2x-multiuav-trust/results/packet_loss_robustness_DROP20_guarded_cusum_15seed/ON_seed8_x560_720_t36.log,results/packet_loss_robustness_DROP20_guarded_cusum_15seed/ON_seed8_x560_720_t36.log,ON_seed8_x560_720_t36.log,.log,269039,2026-07-17T16:44:20,Guarded CUSUM ON/OFF; Packet-loss robustness
/home/srmap/research/projects/v2x-multiuav-trust/results/packet_loss_robustness_DROP20_guarded_cusum_15seed/ON_seed9_x560_720_t36.log,results/packet_loss_robustness_DROP20_guarded_cusum_15seed/ON_seed9_x560_720_t36.log,ON_seed9_x560_720_t36.log,.log,283780,2026-07-17T16:45:47,Guarded CUSUM ON/OFF; Packet-loss robustness
/home/srmap/research/projects/v2x-multiuav-trust/results/packet_loss_robustness_DROP5_guarded_cusum_15seed/ON_seed10_x560_720_t36.log,results/packet_loss_robustness_DROP5_guarded_cusum_15seed/ON_seed10_x560_720_t36.log,ON_seed10_x560_720_t36.log,.log,318852,2026-07-17T16:04:55,Guarded CUSUM ON/OFF; Packet-loss robustness
/home/srmap/research/projects/v2x-multiuav-trust/results/packet_loss_robustness_DROP5_guarded_cusum_15seed/ON_seed11_x560_720_t36.log,results/packet_loss_robustness_DROP5_guarded_cusum_15seed/ON_seed11_x560_720_t36.log,ON_seed11_x560_720_t36.log,.log,301693,2026-07-17T16:06:22,Guarded CUSUM ON/OFF; Packet-loss robustness
/home/srmap/research/projects/v2x-multiuav-trust/results/packet_loss_robustness_DROP5_guarded_cusum_15seed/ON_seed12_x560_720_t36.log,results/packet_loss_robustness_DROP5_guarded_cusum_15seed/ON_seed12_x560_720_t36.log,ON_seed12_x560_720_t36.log,.log,318638,2026-07-17T16:07:55,Guarded CUSUM ON/OFF; Packet-loss robustness
/home/srmap/research/projects/v2x-multiuav-trust/results/packet_loss_robustness_DROP5_guarded_cusum_15seed/ON_seed13_x560_720_t36.log,results/packet_loss_robustness_DROP5_guarded_cusum_15seed/ON_seed13_x560_720_t36.log,ON_seed13_x560_720_t36.log,.log,326171,2026-07-17T16:09:22,Guarded CUSUM ON/OFF; Packet-loss robustness
/home/srmap/research/projects/v2x-multiuav-trust/results/packet_loss_robustness_DROP5_guarded_cusum_15seed/ON_seed14_x560_720_t36.log,results/packet_loss_robustness_DROP5_guarded_cusum_15seed/ON_seed14_x560_720_t36.log,ON_seed14_x560_720_t36.log,.log,319931,2026-07-17T16:10:49,Guarded CUSUM ON/OFF; Packet-loss robustness
/home/srmap/research/projects/v2x-multiuav-trust/results/packet_loss_robustness_DROP5_guarded_cusum_15seed/ON_seed15_x560_720_t36.log,results/packet_loss_robustness_DROP5_guarded_cusum_15seed/ON_seed15_x560_720_t36.log,ON_seed15_x560_720_t36.log,.log,292372,2026-07-17T16:12:17,Guarded CUSUM ON/OFF; Packet-loss robustness
/home/srmap/research/projects/v2x-multiuav-trust/results/packet_loss_robustness_DROP5_guarded_cusum_15seed/ON_seed1_x560_720_t36.log,results/packet_loss_robustness_DROP5_guarded_cusum_15seed/ON_seed1_x560_720_t36.log,ON_seed1_x560_720_t36.log,.log,294041,2026-07-17T15:52:03,Guarded CUSUM ON/OFF; Packet-loss robustness
/home/srmap/research/projects/v2x-multiuav-trust/results/packet_loss_robustness_DROP5_guarded_cusum_15seed/ON_seed2_x560_720_t36.log,results/packet_loss_robustness_DROP5_guarded_cusum_15seed/ON_seed2_x560_720_t36.log,ON_seed2_x560_720_t36.log,.log,320924,2026-07-17T15:53:30,Guarded CUSUM ON/OFF; Packet-loss robustness
/home/srmap/research/projects/v2x-multiuav-trust/results/packet_loss_robustness_DROP5_guarded_cusum_15seed/ON_seed3_x560_720_t36.log,results/packet_loss_robustness_DROP5_guarded_cusum_15seed/ON_seed3_x560_720_t36.log,ON_seed3_x560_720_t36.log,.log,322340,2026-07-17T15:54:57,Guarded CUSUM ON/OFF; Packet-loss robustness
/home/srmap/research/projects/v2x-multiuav-trust/results/packet_loss_robustness_DROP5_guarded_cusum_15seed/ON_seed4_x560_720_t36.log,results/packet_loss_robustness_DROP5_guarded_cusum_15seed/ON_seed4_x560_720_t36.log,ON_seed4_x560_720_t36.log,.log,293115,2026-07-17T15:56:19,Guarded CUSUM ON/OFF; Packet-loss robustness
/home/srmap/research/projects/v2x-multiuav-trust/results/packet_loss_robustness_DROP5_guarded_cusum_15seed/ON_seed5_x560_720_t36.log,results/packet_loss_robustness_DROP5_guarded_cusum_15seed/ON_seed5_x560_720_t36.log,ON_seed5_x560_720_t36.log,.log,322272,2026-07-17T15:57:44,Guarded CUSUM ON/OFF; Packet-loss robustness
/home/srmap/research/projects/v2x-multiuav-trust/results/packet_loss_robustness_DROP5_guarded_cusum_15seed/ON_seed6_x560_720_t36.log,results/packet_loss_robustness_DROP5_guarded_cusum_15seed/ON_seed6_x560_720_t36.log,ON_seed6_x560_720_t36.log,.log,318210,2026-07-17T15:59:13,Guarded CUSUM ON/OFF; Packet-loss robustness
/home/srmap/research/projects/v2x-multiuav-trust/results/packet_loss_robustness_DROP5_guarded_cusum_15seed/ON_seed7_x560_720_t36.log,results/packet_loss_robustness_DROP5_guarded_cusum_15seed/ON_seed7_x560_720_t36.log,ON_seed7_x560_720_t36.log,.log,319059,2026-07-17T16:00:37,Guarded CUSUM ON/OFF; Packet-loss robustness
/home/srmap/research/projects/v2x-multiuav-trust/results/packet_loss_robustness_DROP5_guarded_cusum_15seed/ON_seed8_x560_720_t36.log,results/packet_loss_robustness_DROP5_guarded_cusum_15seed/ON_seed8_x560_720_t36.log,ON_seed8_x560_720_t36.log,.log,300113,2026-07-17T16:02:02,Guarded CUSUM ON/OFF; Packet-loss robustness
/home/srmap/research/projects/v2x-multiuav-trust/results/packet_loss_robustness_DROP5_guarded_cusum_15seed/ON_seed9_x560_720_t36.log,results/packet_loss_robustness_DROP5_guarded_cusum_15seed/ON_seed9_x560_720_t36.log,ON_seed9_x560_720_t36.log,.log,320378,2026-07-17T16:03:29,Guarded CUSUM ON/OFF; Packet-loss robustness
/home/srmap/research/projects/v2x-multiuav-trust/results/scalability_N10_AR50_guarded_cusum_15seed/ON_seed10_x560_720_t36.log,results/scalability_N10_AR50_guarded_cusum_15seed/ON_seed10_x560_720_t36.log,ON_seed10_x560_720_t36.log,.log,333557,2026-07-17T17:57:25,Guarded CUSUM ON/OFF; Attack-rate robustness; Scalability
/home/srmap/research/projects/v2x-multiuav-trust/results/scalability_N10_AR50_guarded_cusum_15seed/ON_seed11_x560_720_t36.log,results/scalability_N10_AR50_guarded_cusum_15seed/ON_seed11_x560_720_t36.log,ON_seed11_x560_720_t36.log,.log,307501,2026-07-17T17:58:52,Guarded CUSUM ON/OFF; Attack-rate robustness; Scalability
/home/srmap/research/projects/v2x-multiuav-trust/results/scalability_N10_AR50_guarded_cusum_15seed/ON_seed12_x560_720_t36.log,results/scalability_N10_AR50_guarded_cusum_15seed/ON_seed12_x560_720_t36.log,ON_seed12_x560_720_t36.log,.log,332351,2026-07-17T18:00:24,Guarded CUSUM ON/OFF; Attack-rate robustness; Scalability
/home/srmap/research/projects/v2x-multiuav-trust/results/scalability_N10_AR50_guarded_cusum_15seed/ON_seed13_x560_720_t36.log,results/scalability_N10_AR50_guarded_cusum_15seed/ON_seed13_x560_720_t36.log,ON_seed13_x560_720_t36.log,.log,334209,2026-07-17T18:01:51,Guarded CUSUM ON/OFF; Attack-rate robustness; Scalability
/home/srmap/research/projects/v2x-multiuav-trust/results/scalability_N10_AR50_guarded_cusum_15seed/ON_seed14_x560_720_t36.log,results/scalability_N10_AR50_guarded_cusum_15seed/ON_seed14_x560_720_t36.log,ON_seed14_x560_720_t36.log,.log,332812,2026-07-17T18:03:18,Guarded CUSUM ON/OFF; Attack-rate robustness; Scalability
/home/srmap/research/projects/v2x-multiuav-trust/results/scalability_N10_AR50_guarded_cusum_15seed/ON_seed15_x560_720_t36.log,results/scalability_N10_AR50_guarded_cusum_15seed/ON_seed15_x560_720_t36.log,ON_seed15_x560_720_t36.log,.log,306522,2026-07-17T18:04:46,Guarded CUSUM ON/OFF; Attack-rate robustness; Scalability
/home/srmap/research/projects/v2x-multiuav-trust/results/scalability_N10_AR50_guarded_cusum_15seed/ON_seed1_x560_720_t36.log,results/scalability_N10_AR50_guarded_cusum_15seed/ON_seed1_x560_720_t36.log,ON_seed1_x560_720_t36.log,.log,306599,2026-07-17T17:44:32,Guarded CUSUM ON/OFF; Attack-rate robustness; Scalability
/home/srmap/research/projects/v2x-multiuav-trust/results/scalability_N10_AR50_guarded_cusum_15seed/ON_seed2_x560_720_t36.log,results/scalability_N10_AR50_guarded_cusum_15seed/ON_seed2_x560_720_t36.log,ON_seed2_x560_720_t36.log,.log,334554,2026-07-17T17:45:58,Guarded CUSUM ON/OFF; Attack-rate robustness; Scalability
/home/srmap/research/projects/v2x-multiuav-trust/results/scalability_N10_AR50_guarded_cusum_15seed/ON_seed3_x560_720_t36.log,results/scalability_N10_AR50_guarded_cusum_15seed/ON_seed3_x560_720_t36.log,ON_seed3_x560_720_t36.log,.log,331933,2026-07-17T17:47:25,Guarded CUSUM ON/OFF; Attack-rate robustness; Scalability
/home/srmap/research/projects/v2x-multiuav-trust/results/scalability_N10_AR50_guarded_cusum_15seed/ON_seed4_x560_720_t36.log,results/scalability_N10_AR50_guarded_cusum_15seed/ON_seed4_x560_720_t36.log,ON_seed4_x560_720_t36.log,.log,306262,2026-07-17T17:48:48,Guarded CUSUM ON/OFF; Attack-rate robustness; Scalability
/home/srmap/research/projects/v2x-multiuav-trust/results/scalability_N10_AR50_guarded_cusum_15seed/ON_seed5_x560_720_t36.log,results/scalability_N10_AR50_guarded_cusum_15seed/ON_seed5_x560_720_t36.log,ON_seed5_x560_720_t36.log,.log,333666,2026-07-17T17:50:13,Guarded CUSUM ON/OFF; Attack-rate robustness; Scalability
/home/srmap/research/projects/v2x-multiuav-trust/results/scalability_N10_AR50_guarded_cusum_15seed/ON_seed6_x560_720_t36.log,results/scalability_N10_AR50_guarded_cusum_15seed/ON_seed6_x560_720_t36.log,ON_seed6_x560_720_t36.log,.log,332139,2026-07-17T17:51:42,Guarded CUSUM ON/OFF; Attack-rate robustness; Scalability
/home/srmap/research/projects/v2x-multiuav-trust/results/scalability_N10_AR50_guarded_cusum_15seed/ON_seed7_x560_720_t36.log,results/scalability_N10_AR50_guarded_cusum_15seed/ON_seed7_x560_720_t36.log,ON_seed7_x560_720_t36.log,.log,332939,2026-07-17T17:53:05,Guarded CUSUM ON/OFF; Attack-rate robustness; Scalability
/home/srmap/research/projects/v2x-multiuav-trust/results/scalability_N10_AR50_guarded_cusum_15seed/ON_seed8_x560_720_t36.log,results/scalability_N10_AR50_guarded_cusum_15seed/ON_seed8_x560_720_t36.log,ON_seed8_x560_720_t36.log,.log,309786,2026-07-17T17:54:31,Guarded CUSUM ON/OFF; Attack-rate robustness; Scalability
/home/srmap/research/projects/v2x-multiuav-trust/results/scalability_N10_AR50_guarded_cusum_15seed/ON_seed9_x560_720_t36.log,results/scalability_N10_AR50_guarded_cusum_15seed/ON_seed9_x560_720_t36.log,ON_seed9_x560_720_t36.log,.log,329744,2026-07-17T17:55:59,Guarded CUSUM ON/OFF; Attack-rate robustness; Scalability
/home/srmap/research/projects/v2x-multiuav-trust/results/scalability_N10_AR50_guarded_cusum_15seed/runtime_seconds.txt,results/scalability_N10_AR50_guarded_cusum_15seed/runtime_seconds.txt,runtime_seconds.txt,.txt,471,2026-07-17T18:04:47,Guarded CUSUM ON/OFF; Attack-rate robustness; Scalability; Runtime / overhead
/home/srmap/research/projects/v2x-multiuav-trust/results/scalability_N20_AR50_guarded_cusum_15seed/ON_seed10_x560_720_t36.log,results/scalability_N20_AR50_guarded_cusum_15seed/ON_seed10_x560_720_t36.log,ON_seed10_x560_720_t36.log,.log,533706,2026-07-17T18:41:28,Guarded CUSUM ON/OFF; Attack-rate robustness; Scalability
/home/srmap/research/projects/v2x-multiuav-trust/results/scalability_N20_AR50_guarded_cusum_15seed/ON_seed11_x560_720_t36.log,results/scalability_N20_AR50_guarded_cusum_15seed/ON_seed11_x560_720_t36.log,ON_seed11_x560_720_t36.log,.log,562443,2026-07-17T18:45:09,Guarded CUSUM ON/OFF; Attack-rate robustness; Scalability
/home/srmap/research/projects/v2x-multiuav-trust/results/scalability_N20_AR50_guarded_cusum_15seed/ON_seed12_x560_720_t36.log,results/scalability_N20_AR50_guarded_cusum_15seed/ON_seed12_x560_720_t36.log,ON_seed12_x560_720_t36.log,.log,554001,2026-07-18T05:33:49,Guarded CUSUM ON/OFF; Attack-rate robustness; Scalability
/home/srmap/research/projects/v2x-multiuav-trust/results/scalability_N20_AR50_guarded_cusum_15seed/ON_seed13_x560_720_t36.log,results/scalability_N20_AR50_guarded_cusum_15seed/ON_seed13_x560_720_t36.log,ON_seed13_x560_720_t36.log,.log,588621,2026-07-17T18:52:09,Guarded CUSUM ON/OFF; Attack-rate robustness; Scalability
/home/srmap/research/projects/v2x-multiuav-trust/results/scalability_N20_AR50_guarded_cusum_15seed/ON_seed14_x560_720_t36.log,results/scalability_N20_AR50_guarded_cusum_15seed/ON_seed14_x560_720_t36.log,ON_seed14_x560_720_t36.log,.log,654478,2026-07-17T18:55:55,Guarded CUSUM ON/OFF; Attack-rate robustness; Scalability
/home/srmap/research/projects/v2x-multiuav-trust/results/scalability_N20_AR50_guarded_cusum_15seed/ON_seed15_x560_720_t36.log,results/scalability_N20_AR50_guarded_cusum_15seed/ON_seed15_x560_720_t36.log,ON_seed15_x560_720_t36.log,.log,547907,2026-07-17T18:59:24,Guarded CUSUM ON/OFF; Attack-rate robustness; Scalability
/home/srmap/research/projects/v2x-multiuav-trust/results/scalability_N20_AR50_guarded_cusum_15seed/ON_seed1_x560_720_t36.log,results/scalability_N20_AR50_guarded_cusum_15seed/ON_seed1_x560_720_t36.log,ON_seed1_x560_720_t36.log,.log,533828,2026-07-17T18:08:20,Guarded CUSUM ON/OFF; Attack-rate robustness; Scalability
/home/srmap/research/projects/v2x-multiuav-trust/results/scalability_N20_AR50_guarded_cusum_15seed/ON_seed2_x560_720_t36.log,results/scalability_N20_AR50_guarded_cusum_15seed/ON_seed2_x560_720_t36.log,ON_seed2_x560_720_t36.log,.log,635821,2026-07-17T18:11:57,Guarded CUSUM ON/OFF; Attack-rate robustness; Scalability
/home/srmap/research/projects/v2x-multiuav-trust/results/scalability_N20_AR50_guarded_cusum_15seed/ON_seed3_x560_720_t36.log,results/scalability_N20_AR50_guarded_cusum_15seed/ON_seed3_x560_720_t36.log,ON_seed3_x560_720_t36.log,.log,612796,2026-07-17T18:15:38,Guarded CUSUM ON/OFF; Attack-rate robustness; Scalability
/home/srmap/research/projects/v2x-multiuav-trust/results/scalability_N20_AR50_guarded_cusum_15seed/ON_seed4_x560_720_t36.log,results/scalability_N20_AR50_guarded_cusum_15seed/ON_seed4_x560_720_t36.log,ON_seed4_x560_720_t36.log,.log,486411,2026-07-17T18:19:18,Guarded CUSUM ON/OFF; Attack-rate robustness; Scalability
/home/srmap/research/projects/v2x-multiuav-trust/results/scalability_N20_AR50_guarded_cusum_15seed/ON_seed5_x560_720_t36.log,results/scalability_N20_AR50_guarded_cusum_15seed/ON_seed5_x560_720_t36.log,ON_seed5_x560_720_t36.log,.log,618293,2026-07-17T18:23:10,Guarded CUSUM ON/OFF; Attack-rate robustness; Scalability
/home/srmap/research/projects/v2x-multiuav-trust/results/scalability_N20_AR50_guarded_cusum_15seed/ON_seed6_x560_720_t36.log,results/scalability_N20_AR50_guarded_cusum_15seed/ON_seed6_x560_720_t36.log,ON_seed6_x560_720_t36.log,.log,543019,2026-07-17T18:26:45,Guarded CUSUM ON/OFF; Attack-rate robustness; Scalability
/home/srmap/research/projects/v2x-multiuav-trust/results/scalability_N20_AR50_guarded_cusum_15seed/ON_seed7_x560_720_t36.log,results/scalability_N20_AR50_guarded_cusum_15seed/ON_seed7_x560_720_t36.log,ON_seed7_x560_720_t36.log,.log,609012,2026-07-17T18:30:28,Guarded CUSUM ON/OFF; Attack-rate robustness; Scalability
/home/srmap/research/projects/v2x-multiuav-trust/results/scalability_N20_AR50_guarded_cusum_15seed/ON_seed8_x560_720_t36.log,results/scalability_N20_AR50_guarded_cusum_15seed/ON_seed8_x560_720_t36.log,ON_seed8_x560_720_t36.log,.log,606361,2026-07-17T18:34:04,Guarded CUSUM ON/OFF; Attack-rate robustness; Scalability
/home/srmap/research/projects/v2x-multiuav-trust/results/scalability_N20_AR50_guarded_cusum_15seed/ON_seed9_x560_720_t36.log,results/scalability_N20_AR50_guarded_cusum_15seed/ON_seed9_x560_720_t36.log,ON_seed9_x560_720_t36.log,.log,632384,2026-07-17T18:37:45,Guarded CUSUM ON/OFF; Attack-rate robustness; Scalability
/home/srmap/research/projects/v2x-multiuav-trust/results/scalability_N20_AR50_guarded_cusum_15seed/runtime_seconds.txt,results/scalability_N20_AR50_guarded_cusum_15seed/runtime_seconds.txt,runtime_seconds.txt,.txt,486,2026-07-17T18:59:25,Guarded CUSUM ON/OFF; Attack-rate robustness; Scalability; Runtime / overhead
/home/srmap/research/projects/v2x-multiuav-trust/results/scalability_N30_AR50_guarded_cusum_15seed/ON_seed10_x560_720_t36.log,results/scalability_N30_AR50_guarded_cusum_15seed/ON_seed10_x560_720_t36.log,ON_seed10_x560_720_t36.log,.log,805465,2026-07-17T20:12:35,Guarded CUSUM ON/OFF; Attack-rate robustness; Scalability
/home/srmap/research/projects/v2x-multiuav-trust/results/scalability_N30_AR50_guarded_cusum_15seed/ON_seed11_x560_720_t36.log,results/scalability_N30_AR50_guarded_cusum_15seed/ON_seed11_x560_720_t36.log,ON_seed11_x560_720_t36.log,.log,782723,2026-07-17T20:20:07,Guarded CUSUM ON/OFF; Attack-rate robustness; Scalability
/home/srmap/research/projects/v2x-multiuav-trust/results/scalability_N30_AR50_guarded_cusum_15seed/ON_seed12_x560_720_t36.log,results/scalability_N30_AR50_guarded_cusum_15seed/ON_seed12_x560_720_t36.log,ON_seed12_x560_720_t36.log,.log,765935,2026-07-17T20:27:15,Guarded CUSUM ON/OFF; Attack-rate robustness; Scalability
/home/srmap/research/projects/v2x-multiuav-trust/results/scalability_N30_AR50_guarded_cusum_15seed/ON_seed13_x560_720_t36.log,results/scalability_N30_AR50_guarded_cusum_15seed/ON_seed13_x560_720_t36.log,ON_seed13_x560_720_t36.log,.log,757756,2026-07-17T20:34:42,Guarded CUSUM ON/OFF; Attack-rate robustness; Scalability
/home/srmap/research/projects/v2x-multiuav-trust/results/scalability_N30_AR50_guarded_cusum_15seed/ON_seed14_x560_720_t36.log,results/scalability_N30_AR50_guarded_cusum_15seed/ON_seed14_x560_720_t36.log,ON_seed14_x560_720_t36.log,.log,810353,2026-07-17T20:41:54,Guarded CUSUM ON/OFF; Attack-rate robustness; Scalability
/home/srmap/research/projects/v2x-multiuav-trust/results/scalability_N30_AR50_guarded_cusum_15seed/ON_seed15_x560_720_t36.log,results/scalability_N30_AR50_guarded_cusum_15seed/ON_seed15_x560_720_t36.log,ON_seed15_x560_720_t36.log,.log,777234,2026-07-17T20:49:03,Guarded CUSUM ON/OFF; Attack-rate robustness; Scalability
/home/srmap/research/projects/v2x-multiuav-trust/results/scalability_N30_AR50_guarded_cusum_15seed/ON_seed1_x560_720_t36.log,results/scalability_N30_AR50_guarded_cusum_15seed/ON_seed1_x560_720_t36.log,ON_seed1_x560_720_t36.log,.log,813802,2026-07-17T19:06:37,Guarded CUSUM ON/OFF; Attack-rate robustness; Scalability
/home/srmap/research/projects/v2x-multiuav-trust/results/scalability_N30_AR50_guarded_cusum_15seed/ON_seed2_x560_720_t36.log,results/scalability_N30_AR50_guarded_cusum_15seed/ON_seed2_x560_720_t36.log,ON_seed2_x560_720_t36.log,.log,826102,2026-07-17T19:13:59,Guarded CUSUM ON/OFF; Attack-rate robustness; Scalability
/home/srmap/research/projects/v2x-multiuav-trust/results/scalability_N30_AR50_guarded_cusum_15seed/ON_seed3_x560_720_t36.log,results/scalability_N30_AR50_guarded_cusum_15seed/ON_seed3_x560_720_t36.log,ON_seed3_x560_720_t36.log,.log,838594,2026-07-17T19:21:20,Guarded CUSUM ON/OFF; Attack-rate robustness; Scalability
/home/srmap/research/projects/v2x-multiuav-trust/results/scalability_N30_AR50_guarded_cusum_15seed/ON_seed4_x560_720_t36.log,results/scalability_N30_AR50_guarded_cusum_15seed/ON_seed4_x560_720_t36.log,ON_seed4_x560_720_t36.log,.log,791197,2026-07-17T19:28:36,Guarded CUSUM ON/OFF; Attack-rate robustness; Scalability
/home/srmap/research/projects/v2x-multiuav-trust/results/scalability_N30_AR50_guarded_cusum_15seed/ON_seed5_x560_720_t36.log,results/scalability_N30_AR50_guarded_cusum_15seed/ON_seed5_x560_720_t36.log,ON_seed5_x560_720_t36.log,.log,852006,2026-07-17T19:35:55,Guarded CUSUM ON/OFF; Attack-rate robustness; Scalability
/home/srmap/research/projects/v2x-multiuav-trust/results/scalability_N30_AR50_guarded_cusum_15seed/ON_seed6_x560_720_t36.log,results/scalability_N30_AR50_guarded_cusum_15seed/ON_seed6_x560_720_t36.log,ON_seed6_x560_720_t36.log,.log,744842,2026-07-17T19:43:04,Guarded CUSUM ON/OFF; Attack-rate robustness; Scalability
/home/srmap/research/projects/v2x-multiuav-trust/results/scalability_N30_AR50_guarded_cusum_15seed/ON_seed7_x560_720_t36.log,results/scalability_N30_AR50_guarded_cusum_15seed/ON_seed7_x560_720_t36.log,ON_seed7_x560_720_t36.log,.log,792212,2026-07-17T19:50:19,Guarded CUSUM ON/OFF; Attack-rate robustness; Scalability
/home/srmap/research/projects/v2x-multiuav-trust/results/scalability_N30_AR50_guarded_cusum_15seed/ON_seed8_x560_720_t36.log,results/scalability_N30_AR50_guarded_cusum_15seed/ON_seed8_x560_720_t36.log,ON_seed8_x560_720_t36.log,.log,777294,2026-07-17T19:57:37,Guarded CUSUM ON/OFF; Attack-rate robustness; Scalability
/home/srmap/research/projects/v2x-multiuav-trust/results/scalability_N30_AR50_guarded_cusum_15seed/ON_seed9_x560_720_t36.log,results/scalability_N30_AR50_guarded_cusum_15seed/ON_seed9_x560_720_t36.log,ON_seed9_x560_720_t36.log,.log,897136,2026-07-17T20:05:09,Guarded CUSUM ON/OFF; Attack-rate robustness; Scalability
/home/srmap/research/projects/v2x-multiuav-trust/results/scalability_N30_AR50_guarded_cusum_15seed/runtime_seconds.txt,results/scalability_N30_AR50_guarded_cusum_15seed/runtime_seconds.txt,runtime_seconds.txt,.txt,486,2026-07-17T20:49:04,Guarded CUSUM ON/OFF; Attack-rate robustness; Scalability; Runtime / overhead
/home/srmap/research/projects/v2x-multiuav-trust/results/scalability_N50_AR50_guarded_cusum_15seed/ON_seed10_x560_720_t36.log,results/scalability_N50_AR50_guarded_cusum_15seed/ON_seed10_x560_720_t36.log,ON_seed10_x560_720_t36.log,.log,1118194,2026-07-18T00:04:09,Guarded CUSUM ON/OFF; Attack-rate robustness; Scalability
/home/srmap/research/projects/v2x-multiuav-trust/results/scalability_N50_AR50_guarded_cusum_15seed/ON_seed11_x560_720_t36.log,results/scalability_N50_AR50_guarded_cusum_15seed/ON_seed11_x560_720_t36.log,ON_seed11_x560_720_t36.log,.log,1155023,2026-07-18T00:22:38,Guarded CUSUM ON/OFF; Attack-rate robustness; Scalability
/home/srmap/research/projects/v2x-multiuav-trust/results/scalability_N50_AR50_guarded_cusum_15seed/ON_seed12_x560_720_t36.log,results/scalability_N50_AR50_guarded_cusum_15seed/ON_seed12_x560_720_t36.log,ON_seed12_x560_720_t36.log,.log,1061796,2026-07-18T00:48:42,Guarded CUSUM ON/OFF; Attack-rate robustness; Scalability
/home/srmap/research/projects/v2x-multiuav-trust/results/scalability_N50_AR50_guarded_cusum_15seed/ON_seed13_x560_720_t36.log,results/scalability_N50_AR50_guarded_cusum_15seed/ON_seed13_x560_720_t36.log,ON_seed13_x560_720_t36.log,.log,983206,2026-07-18T01:08:08,Guarded CUSUM ON/OFF; Attack-rate robustness; Scalability
/home/srmap/research/projects/v2x-multiuav-trust/results/scalability_N50_AR50_guarded_cusum_15seed/ON_seed14_x560_720_t36.log,results/scalability_N50_AR50_guarded_cusum_15seed/ON_seed14_x560_720_t36.log,ON_seed14_x560_720_t36.log,.log,1195971,2026-07-18T01:27:25,Guarded CUSUM ON/OFF; Attack-rate robustness; Scalability
/home/srmap/research/projects/v2x-multiuav-trust/results/scalability_N50_AR50_guarded_cusum_15seed/ON_seed15_x560_720_t36.log,results/scalability_N50_AR50_guarded_cusum_15seed/ON_seed15_x560_720_t36.log,ON_seed15_x560_720_t36.log,.log,999898,2026-07-18T01:46:24,Guarded CUSUM ON/OFF; Attack-rate robustness; Scalability
/home/srmap/research/projects/v2x-multiuav-trust/results/scalability_N50_AR50_guarded_cusum_15seed/ON_seed1_x560_720_t36.log,results/scalability_N50_AR50_guarded_cusum_15seed/ON_seed1_x560_720_t36.log,ON_seed1_x560_720_t36.log,.log,1120647,2026-07-17T21:07:33,Guarded CUSUM ON/OFF; Attack-rate robustness; Scalability
/home/srmap/research/projects/v2x-multiuav-trust/results/scalability_N50_AR50_guarded_cusum_15seed/ON_seed2_x560_720_t36.log,results/scalability_N50_AR50_guarded_cusum_15seed/ON_seed2_x560_720_t36.log,ON_seed2_x560_720_t36.log,.log,1122793,2026-07-17T21:27:23,Guarded CUSUM ON/OFF; Attack-rate robustness; Scalability
/home/srmap/research/projects/v2x-multiuav-trust/results/scalability_N50_AR50_guarded_cusum_15seed/ON_seed3_x560_720_t36.log,results/scalability_N50_AR50_guarded_cusum_15seed/ON_seed3_x560_720_t36.log,ON_seed3_x560_720_t36.log,.log,1183822,2026-07-17T21:46:21,Guarded CUSUM ON/OFF; Attack-rate robustness; Scalability
/home/srmap/research/projects/v2x-multiuav-trust/results/scalability_N50_AR50_guarded_cusum_15seed/ON_seed4_x560_720_t36.log,results/scalability_N50_AR50_guarded_cusum_15seed/ON_seed4_x560_720_t36.log,ON_seed4_x560_720_t36.log,.log,1127211,2026-07-17T22:05:22,Guarded CUSUM ON/OFF; Attack-rate robustness; Scalability
/home/srmap/research/projects/v2x-multiuav-trust/results/scalability_N50_AR50_guarded_cusum_15seed/ON_seed5_x560_720_t36.log,results/scalability_N50_AR50_guarded_cusum_15seed/ON_seed5_x560_720_t36.log,ON_seed5_x560_720_t36.log,.log,1173357,2026-07-17T22:24:48,Guarded CUSUM ON/OFF; Attack-rate robustness; Scalability
/home/srmap/research/projects/v2x-multiuav-trust/results/scalability_N50_AR50_guarded_cusum_15seed/ON_seed6_x560_720_t36.log,results/scalability_N50_AR50_guarded_cusum_15seed/ON_seed6_x560_720_t36.log,ON_seed6_x560_720_t36.log,.log,1068851,2026-07-17T22:44:46,Guarded CUSUM ON/OFF; Attack-rate robustness; Scalability
/home/srmap/research/projects/v2x-multiuav-trust/results/scalability_N50_AR50_guarded_cusum_15seed/ON_seed7_x560_720_t36.log,results/scalability_N50_AR50_guarded_cusum_15seed/ON_seed7_x560_720_t36.log,ON_seed7_x560_720_t36.log,.log,1058993,2026-07-17T23:05:07,Guarded CUSUM ON/OFF; Attack-rate robustness; Scalability
/home/srmap/research/projects/v2x-multiuav-trust/results/scalability_N50_AR50_guarded_cusum_15seed/ON_seed8_x560_720_t36.log,results/scalability_N50_AR50_guarded_cusum_15seed/ON_seed8_x560_720_t36.log,ON_seed8_x560_720_t36.log,.log,1176106,2026-07-17T23:24:54,Guarded CUSUM ON/OFF; Attack-rate robustness; Scalability
/home/srmap/research/projects/v2x-multiuav-trust/results/scalability_N50_AR50_guarded_cusum_15seed/ON_seed9_x560_720_t36.log,results/scalability_N50_AR50_guarded_cusum_15seed/ON_seed9_x560_720_t36.log,ON_seed9_x560_720_t36.log,.log,1232177,2026-07-17T23:43:59,Guarded CUSUM ON/OFF; Attack-rate robustness; Scalability
/home/srmap/research/projects/v2x-multiuav-trust/results/scalability_N50_AR50_guarded_cusum_15seed/runtime_seconds.txt,results/scalability_N50_AR50_guarded_cusum_15seed/runtime_seconds.txt,runtime_seconds.txt,.txt,501,2026-07-18T01:46:25,Guarded CUSUM ON/OFF; Attack-rate robustness; Scalability; Runtime / overhead
/home/srmap/research/projects/v2x-multiuav-trust/results/scalability_aggregate_summary.csv,results/scalability_aggregate_summary.csv,scalability_aggregate_summary.csv,.csv,545,2026-07-18T06:09:43,Bayesian/Nash gate audit; Scalability
/home/srmap/research/projects/v2x-multiuav-trust/results/scalability_per_seed_raw.csv,results/scalability_per_seed_raw.csv,scalability_per_seed_raw.csv,.csv,11604,2026-07-18T06:09:43,Scalability
/home/srmap/research/projects/v2x-multiuav-trust/results/scalability_runtime_overhead.csv,results/scalability_runtime_overhead.csv,scalability_runtime_overhead.csv,.csv,294,2026-07-18T06:09:43,Scalability; Runtime / overhead
