[0/2] Re-checking globbed directories...
ninja: no work to do.
[TEMPTATION-T] CID:0 T_i=2.033 break-even_p*=0.197
[TEMPTATION-T] CID:1 T_i=2.487 break-even_p*=0.167
[TEMPTATION-T] CID:3 T_i=1.809 break-even_p*=0.217
[TEMPTATION-T] CID:6 T_i=1.024 break-even_p*=0.328
[TEMPTATION-T] CID:9 T_i=1.824 break-even_p*=0.215
[LATE-ATTACK] CID:2 position-aware flip armed ZoneLen=900.000m threshold=360.000m
[LATE-ATTACK] CID:4 position-aware flip armed ZoneLen=900.000m threshold=360.000m
[LATE-ATTACK] Scheduled 2 position-aware late-entry attackers ZoneLen=900.000m ThreshM=360.000m
[HANDOVER] Armed 10 triggers for Z1->Z2 at t=30.000 s (zoneEndX=900.000, leadM=300.000)

--------------------------------------------------
 UNIFIED SIMULATION v90-multiUAV (adaptive edge-cloud, bridge mode only)
--------------------------------------------------
 Cars      : 10 (5 lanes x 2)
 RngRun    : 8
 Attack    : 50%  (5 malicious) [0,1,3,6,9]
 AttackType: 5 (0=composite,1=TS-only,2=GPS-only,3=speed-only,4=stealthy,5=adaptive)
 TsOffset  : -0.500s
 SpdFactor : 1.100x
 Nash p*   : 0.400 (BAN_REWARD=1.500)
 ZONE_SAFE : 0.150
 ZONE_MALICIOUS : 0.300
 LEGACY_WIRE_ALIASES : 0
 SCR_ALERT : 0.620
 GAME_Cf   : 3.000
 CloudTrig : [unused in bridge mode] SCR<0.620 && >=4 | TIME>=3.000s | COUNT>=10
 EdgePortZ1: 127.0.0.1:9998
 EdgePortZ2: 127.0.0.1:9996
 Cloud     : 127.0.0.1:6666
 CloudMode : BRIDGE (adaptive batch calibration — cloud tunes edge params only)
 LedgerFile: blockchain_ledger.jsonl
 EdgeLatencyMs : 10.000 ms
 CloudLatencyMs: 150.000 ms
 NashP* mode   : adaptive (warmup=5 pkts, rho_hat-driven)
 S1uDelay      : 5 ms  |  PGW-rHost delay: 5 ms
 PktDropRate   : 5%  |  EdgeJitter: 30%  |  LateAttackers: 25% of mal
 BgTraffic     : 10 cars x 500 kbps UDP
 Mobility      : WaypointMobility (3-phase speed profile per lane)
 Duration  : 36.000s
--------------------------------------------------

[BG-TRAFFIC] 10 cars x 500 kbps UDP background flow to rHost installed
[PASSIVE-BEACON] SIMNOW:2.105 CID:0 ZONE:1 RXUAV:1 EDGEPORT:9998 TS:2.090 SPD:20.400 HDG:-0.400 PX:41.300 PY:-10.000 LAN:1 BRK:1 RX_X:0.000 RX_Y:0.000 RX_Z:0.000
[ZONE-ROUTE] CID:0 zone=1 edge_port=9998
[EDGE-RTT] CID:0 wall=1.7 ms  sim_delay=10.0 ms
>>> [UAV->CLOUD] BLK:fde5|TX:7.0.0.4|CID:0|TS:2.090|SPD:20.4|HDG:-0.4|PX:41.3|PY:-10.0|LA...
✓ [CAR 0] ACT=OK REP=0.828 RWD=0.996 PNL=0.000 CREDIT=0
[PASSIVE-BEACON] SIMNOW:2.327 CID:4 ZONE:1 RXUAV:1 EDGEPORT:9998 TS:2.310 SPD:20.100 HDG:1.700 PX:46.600 PY:-50.000 LAN:5 BRK:1 RX_X:0.000 RX_Y:0.000 RX_Z:0.000
[ZONE-ROUTE] CID:4 zone=1 edge_port=9998
[EDGE-RTT] CID:4 wall=1.6 ms  sim_delay=10.0 ms
>>> [UAV->CLOUD] BLK:b35d|TX:7.0.0.8|CID:4|TS:2.310|SPD:20.1|HDG:1.7|PX:46.6|PY:-50.0|LAN...
✓ [CAR 4] ACT=OK REP=0.731 RWD=0.996 PNL=0.000 CREDIT=0
[PASSIVE-BEACON] SIMNOW:2.476 CID:8 ZONE:1 RXUAV:1 EDGEPORT:9998 TS:2.462 SPD:19.800 HDG:1.200 PX:69.000 PY:-40.000 LAN:4 BRK:0 RX_X:0.000 RX_Y:0.000 RX_Z:0.000
[ZONE-ROUTE] CID:8 zone=1 edge_port=9998
[EDGE-RTT] CID:8 wall=1.6 ms  sim_delay=10.0 ms
>>> [UAV->CLOUD] BLK:4e22|TX:7.0.0.12|CID:8|TS:2.462|SPD:19.8|HDG:1.2|PX:69.0|PY:-40.0|LA...
[PASSIVE-BEACON] SIMNOW:2.476 CID:7 ZONE:1 RXUAV:1 EDGEPORT:9998 TS:2.462 SPD:20.200 HDG:0.900 PX:68.600 PY:-30.000 LAN:3 BRK:0 RX_X:0.000 RX_Y:0.000 RX_Z:0.000
[ZONE-ROUTE] CID:7 zone=1 edge_port=9998
[EDGE-RTT] CID:7 wall=1.3 ms  sim_delay=10.0 ms
>>> [UAV->CLOUD] BLK:0285|TX:7.0.0.11|CID:7|TS:2.462|SPD:20.2|HDG:0.9|PX:68.6|PY:-30.0|LA...
✓ [CAR 7] ACT=OK REP=0.675 RWD=0.996 PNL=0.000 CREDIT=0
✓ [CAR 8] ACT=OK REP=0.632 RWD=0.996 PNL=0.000 CREDIT=0
[PASSIVE-BEACON] SIMNOW:2.493 CID:3 ZONE:1 RXUAV:1 EDGEPORT:9998 TS:2.480 SPD:19.500 HDG:-1.700 PX:49.900 PY:-40.000 LAN:4 BRK:0 RX_X:0.000 RX_Y:0.000 RX_Z:0.000
[ZONE-ROUTE] CID:3 zone=1 edge_port=9998
[EDGE-RTT] CID:3 wall=1.4 ms  sim_delay=10.0 ms
>>> [UAV->CLOUD] BLK:b0c9|TX:7.0.0.7|CID:3|TS:2.480|SPD:19.5|HDG:-1.7|PX:49.9|PY:-40.0|LA...
[PASSIVE-BEACON] SIMNOW:2.504 CID:2 ZONE:1 RXUAV:1 EDGEPORT:9998 TS:2.490 SPD:19.500 HDG:1.500 PX:49.300 PY:-30.000 LAN:3 BRK:0 RX_X:0.000 RX_Y:0.000 RX_Z:0.000
[ZONE-ROUTE] CID:2 zone=1 edge_port=9998
[EDGE-RTT] CID:2 wall=1.2 ms  sim_delay=10.0 ms
>>> [UAV->CLOUD] BLK:8e7b|TX:7.0.0.6|CID:2|TS:2.490|SPD:19.5|HDG:1.5|PX:49.3|PY:-30.0|LAN...
✓ [CAR 3] ACT=OK REP=0.840 RWD=0.996 PNL=0.000 CREDIT=0
✓ [CAR 2] ACT=OK REP=0.774 RWD=0.996 PNL=0.000 CREDIT=0
[PASSIVE-BEACON] SIMNOW:2.574 CID:1 ZONE:1 RXUAV:1 EDGEPORT:9998 TS:2.560 SPD:20.100 HDG:1.400 PX:51.400 PY:-20.000 LAN:2 BRK:0 RX_X:0.000 RX_Y:0.000 RX_Z:0.000
[ZONE-ROUTE] CID:1 zone=1 edge_port=9998
[EDGE-RTT] CID:1 wall=1.2 ms  sim_delay=10.0 ms
>>> [UAV->CLOUD] BLK:e9e4|TX:7.0.0.5|CID:1|TS:2.560|SPD:20.1|HDG:1.4|PX:51.4|PY:-20.0|LAN...
✓ [CAR 1] ACT=OK REP=0.938 RWD=0.996 PNL=0.000 CREDIT=0
[PASSIVE-BEACON] SIMNOW:2.604 CID:0 ZONE:1 RXUAV:1 EDGEPORT:9998 TS:2.590 SPD:19.900 HDG:-1.700 PX:51.100 PY:-10.000 LAN:1 BRK:0 RX_X:0.000 RX_Y:0.000 RX_Z:0.000
[ZONE-ROUTE] CID:0 zone=1 edge_port=9998
[EDGE-RTT] CID:0 wall=1.3 ms  sim_delay=10.0 ms
>>> [UAV->CLOUD] BLK:a035|TX:7.0.0.4|CID:0|TS:2.590|SPD:19.9|HDG:-1.7|PX:51.1|PY:-10.0|LA...
✓ [CAR 0] ACT=OK REP=0.688 RWD=1.000 PNL=0.000 CREDIT=1
[PASSIVE-BEACON] SIMNOW:2.776 CID:5 ZONE:1 RXUAV:1 EDGEPORT:9998 TS:2.762 SPD:20.300 HDG:-0.900 PX:75.400 PY:-10.000 LAN:1 BRK:0 RX_X:0.000 RX_Y:0.000 RX_Z:0.000
[ZONE-ROUTE] CID:5 zone=1 edge_port=9998
[EDGE-RTT] CID:5 wall=1.3 ms  sim_delay=10.0 ms
>>> [UAV->CLOUD] BLK:2a1d|TX:7.0.0.9|CID:5|TS:2.762|SPD:20.3|HDG:-0.9|PX:75.4|PY:-10.0|LA...
✓ [CAR 5] ACT=OK REP=0.958 RWD=0.996 PNL=0.000 CREDIT=0
[PASSIVE-BEACON] SIMNOW:2.827 CID:4 ZONE:1 RXUAV:1 EDGEPORT:9998 TS:2.810 SPD:20.200 HDG:-1.000 PX:56.500 PY:-50.000 LAN:5 BRK:0 RX_X:0.000 RX_Y:0.000 RX_Z:0.000
[ZONE-ROUTE] CID:4 zone=1 edge_port=9998
[EDGE-RTT] CID:4 wall=1.4 ms  sim_delay=10.0 ms
>>> [UAV->CLOUD] BLK:0939|TX:7.0.0.8|CID:4|TS:2.810|SPD:20.2|HDG:-1.0|PX:56.5|PY:-50.0|LA...
[PASSIVE-BEACON] SIMNOW:2.836 CID:6 ZONE:1 RXUAV:1 EDGEPORT:9998 TS:2.822 SPD:20.300 HDG:-1.900 PX:76.500 PY:-20.000 LAN:2 BRK:0 RX_X:0.000 RX_Y:0.000 RX_Z:0.000
[ZONE-ROUTE] CID:6 zone=1 edge_port=9998
[EDGE-RTT] CID:6 wall=1.2 ms  sim_delay=10.0 ms
>>> [UAV->CLOUD] BLK:bbe8|TX:7.0.0.10|CID:6|TS:2.822|SPD:20.3|HDG:-1.9|PX:76.5|PY:-20.0|L...
✓ [CAR 4] ACT=OK REP=0.747 RWD=1.000 PNL=0.000 CREDIT=1
✓ [CAR 6] ACT=OK REP=0.635 RWD=0.996 PNL=0.000 CREDIT=0
[PASSIVE-BEACON] SIMNOW:2.976 CID:8 ZONE:1 RXUAV:1 EDGEPORT:9998 TS:2.962 SPD:20.500 HDG:-0.900 PX:78.800 PY:-40.000 LAN:4 BRK:0 RX_X:0.000 RX_Y:0.000 RX_Z:0.000
[ZONE-ROUTE] CID:8 zone=1 edge_port=9998
[EDGE-RTT] CID:8 wall=1.2 ms  sim_delay=10.0 ms
>>> [UAV->CLOUD] BLK:c256|TX:7.0.0.12|CID:8|TS:2.962|SPD:20.5|HDG:-0.9|PX:78.8|PY:-40.0|L...
[PASSIVE-BEACON] SIMNOW:2.976 CID:7 ZONE:1 RXUAV:1 EDGEPORT:9998 TS:2.962 SPD:20.200 HDG:1.000 PX:79.700 PY:-30.000 LAN:3 BRK:1 RX_X:0.000 RX_Y:0.000 RX_Z:0.000
[ZONE-ROUTE] CID:7 zone=1 edge_port=9998
[EDGE-RTT] CID:7 wall=1.2 ms  sim_delay=10.0 ms
>>> [UAV->CLOUD] BLK:cfba|TX:7.0.0.11|CID:7|TS:2.962|SPD:20.2|HDG:1.0|PX:79.7|PY:-30.0|LA...
✓ [CAR 7] ACT=OK REP=0.799 RWD=1.000 PNL=0.000 CREDIT=1
✓ [CAR 8] ACT=OK REP=0.988 RWD=1.000 PNL=0.000 CREDIT=1
[PASSIVE-BEACON] SIMNOW:2.994 CID:3 ZONE:1 RXUAV:1 EDGEPORT:9998 TS:2.980 SPD:20.000 HDG:-0.100 PX:58.900 PY:-40.000 LAN:4 BRK:0 RX_X:0.000 RX_Y:0.000 RX_Z:0.000
[ZONE-ROUTE] CID:3 zone=1 edge_port=9998
[EDGE-RTT] CID:3 wall=1.2 ms  sim_delay=10.0 ms
>>> [UAV->CLOUD] BLK:b7cc|TX:7.0.0.7|CID:3|TS:2.980|SPD:20.0|HDG:-0.1|PX:58.9|PY:-40.0|LA...
[PASSIVE-BEACON] SIMNOW:3.004 CID:2 ZONE:1 RXUAV:1 EDGEPORT:9998 TS:2.990 SPD:19.600 HDG:0.000 PX:59.200 PY:-30.000 LAN:3 BRK:0 RX_X:0.000 RX_Y:0.000 RX_Z:0.000
[ZONE-ROUTE] CID:2 zone=1 edge_port=9998
[EDGE-RTT] CID:2 wall=1.4 ms  sim_delay=10.0 ms
>>> [UAV->CLOUD] BLK:cfa7|TX:7.0.0.6|CID:2|TS:2.990|SPD:19.6|HDG:0.0|PX:59.2|PY:-30.0|LAN...
✓ [CAR 3] ACT=OK REP=0.810 RWD=1.000 PNL=0.000 CREDIT=1
✓ [CAR 2] ACT=OK REP=0.565 RWD=1.000 PNL=0.000 CREDIT=1
[PASSIVE-BEACON] SIMNOW:3.026 CID:9 ZONE:1 RXUAV:1 EDGEPORT:9998 TS:3.012 SPD:19.800 HDG:-1.600 PX:80.200 PY:-50.000 LAN:5 BRK:1 RX_X:0.000 RX_Y:0.000 RX_Z:0.000
[ZONE-ROUTE] CID:9 zone=1 edge_port=9998
[EDGE-RTT] CID:9 wall=1.4 ms  sim_delay=10.0 ms
>>> [UAV->CLOUD] BLK:1a2d|TX:7.0.0.13|CID:9|TS:3.012|SPD:19.8|HDG:-1.6|PX:80.2|PY:-50.0|L...
✓ [CAR 9] ACT=OK REP=0.972 RWD=0.996 PNL=0.000 CREDIT=0
[PASSIVE-BEACON] SIMNOW:3.074 CID:1 ZONE:1 RXUAV:1 EDGEPORT:9998 TS:3.060 SPD:20.000 HDG:-0.900 PX:61.600 PY:-20.000 LAN:2 BRK:0 RX_X:0.000 RX_Y:0.000 RX_Z:0.000
[ZONE-ROUTE] CID:1 zone=1 edge_port=9998
[EDGE-RTT] CID:1 wall=1.2 ms  sim_delay=10.0 ms
>>> [UAV->CLOUD] BLK:3480|TX:7.0.0.5|CID:1|TS:3.060|SPD:20.0|HDG:-0.9|PX:61.6|PY:-20.0|LA...
✓ [CAR 1] ACT=OK REP=1.000 RWD=1.000 PNL=0.000 CREDIT=1
[PASSIVE-BEACON] SIMNOW:3.104 CID:0 ZONE:1 RXUAV:1 EDGEPORT:9998 TS:3.090 SPD:19.700 HDG:0.300 PX:61.600 PY:-10.000 LAN:1 BRK:0 RX_X:0.000 RX_Y:0.000 RX_Z:0.000
[ZONE-ROUTE] CID:0 zone=1 edge_port=9998
[EDGE-RTT] CID:0 wall=1.4 ms  sim_delay=10.0 ms
>>> [UAV->CLOUD] BLK:54c1|TX:7.0.0.4|CID:0|TS:3.090|SPD:19.7|HDG:0.3|PX:61.6|PY:-10.0|LAN...
✓ [CAR 0] ACT=OK REP=0.956 RWD=1.000 PNL=0.000 CREDIT=2
[PASSIVE-BEACON] SIMNOW:3.276 CID:5 ZONE:1 RXUAV:1 EDGEPORT:9998 TS:3.262 SPD:19.600 HDG:-0.500 PX:85.200 PY:-10.000 LAN:1 BRK:0 RX_X:0.000 RX_Y:0.000 RX_Z:0.000
[ZONE-ROUTE] CID:5 zone=1 edge_port=9998
[EDGE-RTT] CID:5 wall=1.3 ms  sim_delay=10.0 ms
>>> [UAV->CLOUD] BLK:0e2f|TX:7.0.0.9|CID:5|TS:3.262|SPD:19.6|HDG:-0.5|PX:85.2|PY:-10.0|LA...
✓ [CAR 5] ACT=OK REP=0.622 RWD=1.000 PNL=0.000 CREDIT=1
[PASSIVE-BEACON] SIMNOW:3.324 CID:4 ZONE:1 RXUAV:1 EDGEPORT:9998 TS:3.310 SPD:20.200 HDG:-0.800 PX:65.700 PY:-50.000 LAN:5 BRK:1 RX_X:0.000 RX_Y:0.000 RX_Z:0.000
[ZONE-ROUTE] CID:4 zone=1 edge_port=9998
[EDGE-RTT] CID:4 wall=1.4 ms  sim_delay=10.0 ms
>>> [UAV->CLOUD] BLK:6e2b|TX:7.0.0.8|CID:4|TS:3.310|SPD:20.2|HDG:-0.8|PX:65.7|PY:-50.0|LA...
[PASSIVE-BEACON] SIMNOW:3.336 CID:6 ZONE:1 RXUAV:1 EDGEPORT:9998 TS:3.322 SPD:19.500 HDG:-1.000 PX:86.500 PY:-20.000 LAN:2 BRK:0 RX_X:0.000 RX_Y:0.000 RX_Z:0.000
[ZONE-ROUTE] CID:6 zone=1 edge_port=9998
[EDGE-RTT] CID:6 wall=1.6 ms  sim_delay=10.0 ms
>>> [UAV->CLOUD] BLK:2c51|TX:7.0.0.10|CID:6|TS:3.322|SPD:19.5|HDG:-1.0|PX:86.5|PY:-20.0|L...
✓ [CAR 4] ACT=OK REP=0.550 RWD=1.000 PNL=0.000 CREDIT=2
✓ [CAR 6] ACT=OK REP=0.815 RWD=1.000 PNL=0.000 CREDIT=1
[PASSIVE-BEACON] SIMNOW:3.476 CID:8 ZONE:1 RXUAV:1 EDGEPORT:9998 TS:3.462 SPD:20.100 HDG:-1.100 PX:90.000 PY:-40.000 LAN:4 BRK:0 RX_X:0.000 RX_Y:0.000 RX_Z:0.000
[ZONE-ROUTE] CID:8 zone=1 edge_port=9998
[EDGE-RTT] CID:8 wall=1.4 ms  sim_delay=10.0 ms
>>> [UAV->CLOUD] BLK:85ae|TX:7.0.0.12|CID:8|TS:3.462|SPD:20.1|HDG:-1.1|PX:90.0|PY:-40.0|L...
[PKT-DROP] UAV dropped telemetry from 7.0.0.11 (drop_rate=5%)
✓ [CAR 8] ACT=OK REP=1.000 RWD=1.000 PNL=0.000 CREDIT=2
[PASSIVE-BEACON] SIMNOW:3.494 CID:3 ZONE:1 RXUAV:1 EDGEPORT:9998 TS:3.480 SPD:19.700 HDG:-0.100 PX:69.800 PY:-40.000 LAN:4 BRK:1 RX_X:0.000 RX_Y:0.000 RX_Z:0.000
[ZONE-ROUTE] CID:3 zone=1 edge_port=9998
[EDGE-RTT] CID:3 wall=1.2 ms  sim_delay=10.0 ms
>>> [UAV->CLOUD] BLK:1635|TX:7.0.0.7|CID:3|TS:3.480|SPD:19.7|HDG:-0.1|PX:69.8|PY:-40.0|LA...
[PASSIVE-BEACON] SIMNOW:3.504 CID:2 ZONE:1 RXUAV:1 EDGEPORT:9998 TS:3.490 SPD:19.600 HDG:-1.500 PX:69.800 PY:-30.000 LAN:3 BRK:0 RX_X:0.000 RX_Y:0.000 RX_Z:0.000
[ZONE-ROUTE] CID:2 zone=1 edge_port=9998
[EDGE-RTT] CID:2 wall=1.1 ms  sim_delay=10.0 ms
>>> [UAV->CLOUD] BLK:0fa3|TX:7.0.0.6|CID:2|TS:3.490|SPD:19.6|HDG:-1.5|PX:69.8|PY:-30.0|LA...
✓ [CAR 3] ACT=OK REP=0.796 RWD=1.000 PNL=0.000 CREDIT=2
✓ [CAR 2] ACT=OK REP=0.835 RWD=1.000 PNL=0.000 CREDIT=2
[PASSIVE-BEACON] SIMNOW:3.526 CID:9 ZONE:1 RXUAV:1 EDGEPORT:9998 TS:3.512 SPD:19.800 HDG:-0.000 PX:90.500 PY:-50.000 LAN:5 BRK:0 RX_X:0.000 RX_Y:0.000 RX_Z:0.000
[ZONE-ROUTE] CID:9 zone=1 edge_port=9998
[EDGE-RTT] CID:9 wall=1.4 ms  sim_delay=10.0 ms
>>> [UAV->CLOUD] BLK:4df9|TX:7.0.0.13|CID:9|TS:3.512|SPD:19.8|HDG:-0.0|PX:90.5|PY:-50.0|L...
✓ [CAR 9] ACT=OK REP=0.704 RWD=1.000 PNL=0.000 CREDIT=1
[PASSIVE-BEACON] SIMNOW:3.574 CID:1 ZONE:1 RXUAV:1 EDGEPORT:9998 TS:3.560 SPD:20.100 HDG:0.600 PX:71.600 PY:-20.000 LAN:2 BRK:1 RX_X:0.000 RX_Y:0.000 RX_Z:0.000
[ZONE-ROUTE] CID:1 zone=1 edge_port=9998
[EDGE-RTT] CID:1 wall=1.4 ms  sim_delay=10.0 ms
>>> [UAV->CLOUD] BLK:9295|TX:7.0.0.5|CID:1|TS:3.560|SPD:20.1|HDG:0.6|PX:71.6|PY:-20.0|LAN...
✓ [CAR 1] ACT=OK REP=0.658 RWD=1.000 PNL=0.000 CREDIT=2
[PASSIVE-BEACON] SIMNOW:3.604 CID:0 ZONE:1 RXUAV:1 EDGEPORT:9998 TS:3.590 SPD:19.700 HDG:-0.600 PX:72.500 PY:-10.000 LAN:1 BRK:1 RX_X:0.000 RX_Y:0.000 RX_Z:0.000
[ZONE-ROUTE] CID:0 zone=1 edge_port=9998
[EDGE-RTT] CID:0 wall=1.3 ms  sim_delay=10.0 ms
>>> [UAV->CLOUD] BLK:08f5|TX:7.0.0.4|CID:0|TS:3.590|SPD:19.7|HDG:-0.6|PX:72.5|PY:-10.0|LA...
✓ [CAR 0] ACT=OK REP=0.913 RWD=1.000 PNL=0.000 CREDIT=3
[PASSIVE-BEACON] SIMNOW:3.776 CID:5 ZONE:1 RXUAV:1 EDGEPORT:9998 TS:3.762 SPD:20.300 HDG:-0.400 PX:94.700 PY:-10.000 LAN:1 BRK:0 RX_X:0.000 RX_Y:0.000 RX_Z:0.000
[ZONE-ROUTE] CID:5 zone=1 edge_port=9998
[EDGE-RTT] CID:5 wall=1.3 ms  sim_delay=10.0 ms
>>> [UAV->CLOUD] BLK:a731|TX:7.0.0.9|CID:5|TS:3.762|SPD:20.3|HDG:-0.4|PX:94.7|PY:-10.0|LA...
✓ [CAR 5] ACT=OK REP=0.894 RWD=0.997 PNL=0.000 CREDIT=2
[PKT-DROP] UAV dropped telemetry from 7.0.0.8 (drop_rate=5%)
[PASSIVE-BEACON] SIMNOW:3.836 CID:6 ZONE:1 RXUAV:1 EDGEPORT:9998 TS:3.822 SPD:20.100 HDG:1.300 PX:96.300 PY:-20.000 LAN:2 BRK:1 RX_X:0.000 RX_Y:0.000 RX_Z:0.000
[ZONE-ROUTE] CID:6 zone=1 edge_port=9998
[EDGE-RTT] CID:6 wall=1.3 ms  sim_delay=10.0 ms
>>> [UAV->CLOUD] BLK:2431|TX:7.0.0.10|CID:6|TS:3.822|SPD:20.1|HDG:1.3|PX:96.3|PY:-20.0|LA...
✓ [CAR 6] ACT=OK REP=0.741 RWD=1.000 PNL=0.000 CREDIT=2
[PASSIVE-BEACON] SIMNOW:3.976 CID:8 ZONE:1 RXUAV:1 EDGEPORT:9998 TS:3.962 SPD:20.500 HDG:-0.600 PX:98.900 PY:-40.000 LAN:4 BRK:0 RX_X:0.000 RX_Y:0.000 RX_Z:0.000
[ZONE-ROUTE] CID:8 zone=1 edge_port=9998
[EDGE-RTT] CID:8 wall=1.2 ms  sim_delay=10.0 ms
>>> [UAV->CLOUD] BLK:ec90|TX:7.0.0.12|CID:8|TS:3.962|SPD:20.5|HDG:-0.6|PX:98.9|PY:-40.0|L...
[PASSIVE-BEACON] SIMNOW:3.976 CID:7 ZONE:1 RXUAV:1 EDGEPORT:9998 TS:3.962 SPD:20.200 HDG:-1.900 PX:99.300 PY:-30.000 LAN:3 BRK:1 RX_X:0.000 RX_Y:0.000 RX_Z:0.000
[ZONE-ROUTE] CID:7 zone=1 edge_port=9998
[EDGE-RTT] CID:7 wall=1.9 ms  sim_delay=10.0 ms
>>> [UAV->CLOUD] BLK:d121|TX:7.0.0.11|CID:7|TS:3.962|SPD:20.2|HDG:-1.9|PX:99.3|PY:-30.0|L...
✓ [CAR 7] ACT=OK REP=0.404 RWD=1.000 PNL=0.000 CREDIT=2
✓ [CAR 8] ACT=OK REP=0.630 RWD=1.000 PNL=0.000 CREDIT=3
[PASSIVE-BEACON] SIMNOW:3.994 CID:3 ZONE:1 RXUAV:1 EDGEPORT:9998 TS:3.980 SPD:19.900 HDG:-0.500 PX:80.200 PY:-40.000 LAN:4 BRK:0 RX_X:0.000 RX_Y:0.000 RX_Z:0.000
[ZONE-ROUTE] CID:3 zone=1 edge_port=9998
[EDGE-RTT] CID:3 wall=1.1 ms  sim_delay=10.0 ms
>>> [UAV->CLOUD] BLK:50d5|TX:7.0.0.7|CID:3|TS:3.980|SPD:19.9|HDG:-0.5|PX:80.2|PY:-40.0|LA...
[PASSIVE-BEACON] SIMNOW:4.004 CID:2 ZONE:1 RXUAV:1 EDGEPORT:9998 TS:3.990 SPD:19.700 HDG:1.500 PX:80.500 PY:-30.000 LAN:3 BRK:0 RX_X:0.000 RX_Y:0.000 RX_Z:0.000
[ZONE-ROUTE] CID:2 zone=1 edge_port=9998
[EDGE-RTT] CID:2 wall=1.0 ms  sim_delay=10.0 ms
>>> [UAV->CLOUD] BLK:5c44|TX:7.0.0.6|CID:2|TS:3.990|SPD:19.7|HDG:1.5|PX:80.5|PY:-30.0|LAN...
✓ [CAR 3] ACT=OK REP=0.851 RWD=1.000 PNL=0.000 CREDIT=3
✓ [CAR 2] ACT=OK REP=1.000 RWD=1.000 PNL=0.000 CREDIT=3
[PASSIVE-BEACON] SIMNOW:4.026 CID:9 ZONE:1 RXUAV:1 EDGEPORT:9998 TS:4.012 SPD:20.000 HDG:-1.100 PX:99.900 PY:-50.000 LAN:5 BRK:0 RX_X:0.000 RX_Y:0.000 RX_Z:0.000
[ZONE-ROUTE] CID:9 zone=1 edge_port=9998
[EDGE-RTT] CID:9 wall=1.1 ms  sim_delay=10.0 ms
>>> [UAV->CLOUD] BLK:d20f|TX:7.0.0.13|CID:9|TS:4.012|SPD:20.0|HDG:-1.1|PX:99.9|PY:-50.0|L...
✓ [CAR 9] ACT=OK REP=0.769 RWD=1.000 PNL=0.000 CREDIT=2
[PASSIVE-BEACON] SIMNOW:4.074 CID:1 ZONE:1 RXUAV:1 EDGEPORT:9998 TS:4.060 SPD:20.200 HDG:0.400 PX:80.500 PY:-20.000 LAN:2 BRK:0 RX_X:0.000 RX_Y:0.000 RX_Z:0.000
[ZONE-ROUTE] CID:1 zone=1 edge_port=9998
[EDGE-RTT] CID:1 wall=1.2 ms  sim_delay=10.0 ms
>>> [UAV->CLOUD] BLK:6238|TX:7.0.0.5|CID:1|TS:4.060|SPD:20.2|HDG:0.4|PX:80.5|PY:-20.0|LAN...
✓ [CAR 1] ACT=OK REP=0.776 RWD=1.000 PNL=0.000 CREDIT=3
[PASSIVE-BEACON] SIMNOW:4.104 CID:0 ZONE:1 RXUAV:1 EDGEPORT:9998 TS:4.090 SPD:20.400 HDG:1.600 PX:82.100 PY:-10.000 LAN:1 BRK:0 RX_X:0.000 RX_Y:0.000 RX_Z:0.000
[ZONE-ROUTE] CID:0 zone=1 edge_port=9998
[EDGE-RTT] CID:0 wall=2.2 ms  sim_delay=10.0 ms
>>> [UAV->CLOUD] BLK:3ca1|TX:7.0.0.4|CID:0|TS:4.090|SPD:20.4|HDG:1.6|PX:82.1|PY:-10.0|LAN...
✓ [CAR 0] ACT=OK REP=0.793 RWD=1.000 PNL=0.000 CREDIT=4
[PASSIVE-BEACON] SIMNOW:4.276 CID:5 ZONE:1 RXUAV:1 EDGEPORT:9998 TS:4.262 SPD:19.600 HDG:-1.700 PX:104.800 PY:-10.000 LAN:1 BRK:0 RX_X:0.000 RX_Y:0.000 RX_Z:0.000
[ZONE-ROUTE] CID:5 zone=1 edge_port=9998
[EDGE-RTT] CID:5 wall=1.3 ms  sim_delay=10.0 ms
>>> [UAV->CLOUD] BLK:c3fa|TX:7.0.0.9|CID:5|TS:4.262|SPD:19.6|HDG:-1.7|PX:104.8|PY:-10.0|L...
✓ [CAR 5] ACT=OK REP=0.853 RWD=1.000 PNL=0.000 CREDIT=3
[PASSIVE-BEACON] SIMNOW:4.324 CID:4 ZONE:1 RXUAV:1 EDGEPORT:9998 TS:4.310 SPD:19.600 HDG:0.400 PX:85.900 PY:-50.000 LAN:5 BRK:0 RX_X:0.000 RX_Y:0.000 RX_Z:0.000
[ZONE-ROUTE] CID:4 zone=1 edge_port=9998
[EDGE-RTT] CID:4 wall=1.2 ms  sim_delay=10.0 ms
>>> [UAV->CLOUD] BLK:824a|TX:7.0.0.8|CID:4|TS:4.310|SPD:19.6|HDG:0.4|PX:85.9|PY:-50.0|LAN...
[PASSIVE-BEACON] SIMNOW:4.336 CID:6 ZONE:1 RXUAV:1 EDGEPORT:9998 TS:4.322 SPD:20.400 HDG:0.300 PX:105.900 PY:-20.000 LAN:2 BRK:0 RX_X:0.000 RX_Y:0.000 RX_Z:0.000
[ZONE-ROUTE] CID:6 zone=1 edge_port=9998
[EDGE-RTT] CID:6 wall=0.9 ms  sim_delay=10.0 ms
>>> [UAV->CLOUD] BLK:d33a|TX:7.0.0.10|CID:6|TS:4.322|SPD:20.4|HDG:0.3|PX:105.9|PY:-20.0|L...
✓ [CAR 4] ACT=OK REP=0.730 RWD=1.000 PNL=0.000 CREDIT=3
✓ [CAR 6] ACT=OK REP=0.831 RWD=1.000 PNL=0.000 CREDIT=3
[PASSIVE-BEACON] SIMNOW:4.476 CID:8 ZONE:1 RXUAV:1 EDGEPORT:9998 TS:4.462 SPD:19.700 HDG:1.000 PX:109.700 PY:-40.000 LAN:4 BRK:0 RX_X:0.000 RX_Y:0.000 RX_Z:0.000
[ZONE-ROUTE] CID:8 zone=1 edge_port=9998
[EDGE-RTT] CID:8 wall=1.2 ms  sim_delay=10.0 ms
>>> [UAV->CLOUD] BLK:583e|TX:7.0.0.12|CID:8|TS:4.462|SPD:19.7|HDG:1.0|PX:109.7|PY:-40.0|L...
[PASSIVE-BEACON] SIMNOW:4.476 CID:7 ZONE:1 RXUAV:1 EDGEPORT:9998 TS:4.462 SPD:20.300 HDG:0.300 PX:109.400 PY:-30.000 LAN:3 BRK:0 RX_X:0.000 RX_Y:0.000 RX_Z:0.000
[ZONE-ROUTE] CID:7 zone=1 edge_port=9998
[EDGE-RTT] CID:7 wall=2.3 ms  sim_delay=10.0 ms
>>> [UAV->CLOUD] BLK:f78e|TX:7.0.0.11|CID:7|TS:4.462|SPD:20.3|HDG:0.3|PX:109.4|PY:-30.0|L...
✓ [CAR 8] ACT=OK REP=0.837 RWD=1.000 PNL=0.000 CREDIT=4
✓ [CAR 7] ACT=OK REP=0.714 RWD=1.000 PNL=0.000 CREDIT=3
[PKT-DROP] UAV dropped telemetry from 7.0.0.7 (drop_rate=5%)
[PASSIVE-BEACON] SIMNOW:4.504 CID:2 ZONE:1 RXUAV:1 EDGEPORT:9998 TS:4.490 SPD:20.400 HDG:-0.900 PX:89.300 PY:-30.000 LAN:3 BRK:0 RX_X:0.000 RX_Y:0.000 RX_Z:0.000
[ZONE-ROUTE] CID:2 zone=1 edge_port=9998
[EDGE-RTT] CID:2 wall=1.1 ms  sim_delay=10.0 ms
>>> [UAV->CLOUD] BLK:ac6e|TX:7.0.0.6|CID:2|TS:4.490|SPD:20.4|HDG:-0.9|PX:89.3|PY:-30.0|LA...
✓ [CAR 2] ACT=OK REP=0.648 RWD=1.000 PNL=0.000 CREDIT=4
[PASSIVE-BEACON] SIMNOW:4.526 CID:9 ZONE:1 RXUAV:1 EDGEPORT:9998 TS:4.512 SPD:20.300 HDG:-1.300 PX:109.600 PY:-50.000 LAN:5 BRK:0 RX_X:0.000 RX_Y:0.000 RX_Z:0.000
[ZONE-ROUTE] CID:9 zone=1 edge_port=9998
[EDGE-RTT] CID:9 wall=1.0 ms  sim_delay=10.0 ms
>>> [UAV->CLOUD] BLK:15b1|TX:7.0.0.13|CID:9|TS:4.512|SPD:20.3|HDG:-1.3|PX:109.6|PY:-50.0|...
✓ [CAR 9] ACT=OK REP=0.819 RWD=1.000 PNL=0.000 CREDIT=3
[PASSIVE-BEACON] SIMNOW:4.574 CID:1 ZONE:1 RXUAV:1 EDGEPORT:9998 TS:4.560 SPD:20.500 HDG:1.600 PX:91.100 PY:-20.000 LAN:2 BRK:0 RX_X:0.000 RX_Y:0.000 RX_Z:0.000
[ZONE-ROUTE] CID:1 zone=1 edge_port=9998
[EDGE-RTT] CID:1 wall=1.0 ms  sim_delay=10.0 ms
>>> [UAV->CLOUD] BLK:cfc4|TX:7.0.0.5|CID:1|TS:4.560|SPD:20.5|HDG:1.6|PX:91.1|PY:-20.0|LAN...
✓ [CAR 1] ACT=OK REP=1.000 RWD=1.000 PNL=0.000 CREDIT=4
[PASSIVE-BEACON] SIMNOW:4.604 CID:0 ZONE:1 RXUAV:1 EDGEPORT:9998 TS:4.590 SPD:20.000 HDG:-1.700 PX:91.300 PY:-10.000 LAN:1 BRK:0 RX_X:0.000 RX_Y:0.000 RX_Z:0.000
[ZONE-ROUTE] CID:0 zone=1 edge_port=9998
[EDGE-RTT] CID:0 wall=1.0 ms  sim_delay=10.0 ms
>>> [UAV->CLOUD] BLK:cde2|TX:7.0.0.4|CID:0|TS:4.590|SPD:20.0|HDG:-1.7|PX:91.3|PY:-10.0|LA...
✓ [CAR 0] ACT=OK REP=0.712 RWD=1.000 PNL=0.000 CREDIT=5
[PASSIVE-BEACON] SIMNOW:4.776 CID:5 ZONE:1 RXUAV:1 EDGEPORT:9998 TS:4.762 SPD:19.700 HDG:-1.900 PX:115.600 PY:-10.000 LAN:1 BRK:1 RX_X:0.000 RX_Y:0.000 RX_Z:0.000
[ZONE-ROUTE] CID:5 zone=1 edge_port=9998
[EDGE-RTT] CID:5 wall=1.1 ms  sim_delay=10.0 ms
>>> [UAV->CLOUD] BLK:24ba|TX:7.0.0.9|CID:5|TS:4.762|SPD:19.7|HDG:-1.9|PX:115.6|PY:-10.0|L...
✓ [CAR 5] ACT=OK REP=1.000 RWD=1.000 PNL=0.000 CREDIT=4
[PASSIVE-BEACON] SIMNOW:4.823 CID:4 ZONE:1 RXUAV:1 EDGEPORT:9998 TS:4.810 SPD:20.000 HDG:-0.700 PX:96.400 PY:-50.000 LAN:5 BRK:0 RX_X:0.000 RX_Y:0.000 RX_Z:0.000
[ZONE-ROUTE] CID:4 zone=1 edge_port=9998
[EDGE-RTT] CID:4 wall=0.9 ms  sim_delay=10.0 ms
>>> [UAV->CLOUD] BLK:6835|TX:7.0.0.8|CID:4|TS:4.810|SPD:20.0|HDG:-0.7|PX:96.4|PY:-50.0|LA...
✓ [CAR 4] ACT=OK REP=0.752 RWD=1.000 PNL=0.000 CREDIT=4
[PASSIVE-BEACON] SIMNOW:4.836 CID:6 ZONE:1 RXUAV:1 EDGEPORT:9998 TS:4.822 SPD:20.500 HDG:-1.100 PX:116.400 PY:-20.000 LAN:2 BRK:0 RX_X:0.000 RX_Y:0.000 RX_Z:0.000
[ZONE-ROUTE] CID:6 zone=1 edge_port=9998
[EDGE-RTT] CID:6 wall=0.9 ms  sim_delay=10.0 ms
>>> [UAV->CLOUD] BLK:1a72|TX:7.0.0.10|CID:6|TS:4.822|SPD:20.5|HDG:-1.1|PX:116.4|PY:-20.0|...
✓ [CAR 6] ACT=OK REP=0.922 RWD=1.000 PNL=0.000 CREDIT=4
[PASSIVE-BEACON] SIMNOW:4.976 CID:8 ZONE:1 RXUAV:1 EDGEPORT:9998 TS:4.962 SPD:20.500 HDG:1.600 PX:119.700 PY:-40.000 LAN:4 BRK:0 RX_X:0.000 RX_Y:0.000 RX_Z:0.000
[ZONE-ROUTE] CID:8 zone=1 edge_port=9998
[EDGE-RTT] CID:8 wall=1.1 ms  sim_delay=10.0 ms
>>> [UAV->CLOUD] BLK:880c|TX:7.0.0.12|CID:8|TS:4.962|SPD:20.5|HDG:1.6|PX:119.7|PY:-40.0|L...
[PASSIVE-BEACON] SIMNOW:4.976 CID:7 ZONE:1 RXUAV:1 EDGEPORT:9998 TS:4.962 SPD:20.400 HDG:-2.000 PX:119.000 PY:-30.000 LAN:3 BRK:0 RX_X:0.000 RX_Y:0.000 RX_Z:0.000
[ZONE-ROUTE] CID:7 zone=1 edge_port=9998
[EDGE-RTT] CID:7 wall=1.8 ms  sim_delay=10.0 ms
>>> [UAV->CLOUD] BLK:1b3e|TX:7.0.0.11|CID:7|TS:4.962|SPD:20.4|HDG:-2.0|PX:119.0|PY:-30.0|...
✓ [CAR 7] ACT=OK REP=0.729 RWD=1.000 PNL=0.000 CREDIT=4
✓ [CAR 8] ACT=OK REP=1.000 RWD=1.000 PNL=0.000 CREDIT=5
[PASSIVE-BEACON] SIMNOW:4.994 CID:3 ZONE:1 RXUAV:1 EDGEPORT:9998 TS:4.980 SPD:20.300 HDG:0.200 PX:98.900 PY:-40.000 LAN:4 BRK:1 RX_X:0.000 RX_Y:0.000 RX_Z:0.000
[ZONE-ROUTE] CID:3 zone=1 edge_port=9998
[EDGE-RTT] CID:3 wall=1.3 ms  sim_delay=10.0 ms
>>> [UAV->CLOUD] BLK:1897|TX:7.0.0.7|CID:3|TS:4.980|SPD:20.3|HDG:0.2|PX:98.9|PY:-40.0|LAN...
[PASSIVE-BEACON] SIMNOW:5.002 CID:2 ZONE:1 RXUAV:1 EDGEPORT:9998 TS:4.990 SPD:19.600 HDG:-1.300 PX:100.000 PY:-30.000 LAN:3 BRK:0 RX_X:0.000 RX_Y:0.000 RX_Z:0.000
[ZONE-ROUTE] CID:2 zone=1 edge_port=9998
[EDGE-RTT] CID:2 wall=0.8 ms  sim_delay=10.0 ms
>>> [UAV->CLOUD] BLK:edda|TX:7.0.0.6|CID:2|TS:4.990|SPD:19.6|HDG:-1.3|PX:100.0|PY:-30.0|L...
✓ [CAR 3] ACT=OK REP=0.835 RWD=1.000 PNL=0.000 CREDIT=4
✓ [CAR 2] ACT=OK REP=0.778 RWD=1.000 PNL=0.000 CREDIT=5
[PASSIVE-BEACON] SIMNOW:5.024 CID:9 ZONE:1 RXUAV:1 EDGEPORT:9998 TS:5.012 SPD:20.100 HDG:1.800 PX:121.000 PY:-50.000 LAN:5 BRK:1 RX_X:0.000 RX_Y:0.000 RX_Z:0.000
[ZONE-ROUTE] CID:9 zone=1 edge_port=9998
[EDGE-RTT] CID:9 wall=0.8 ms  sim_delay=10.0 ms
>>> [UAV->CLOUD] BLK:9eb7|TX:7.0.0.13|CID:9|TS:5.012|SPD:20.1|HDG:1.8|PX:121.0|PY:-50.0|L...
✓ [CAR 9] ACT=OK REP=1.000 RWD=1.000 PNL=0.000 CREDIT=4
[PASSIVE-BEACON] SIMNOW:5.074 CID:1 ZONE:1 RXUAV:1 EDGEPORT:9998 TS:5.060 SPD:19.900 HDG:0.800 PX:101.500 PY:-20.000 LAN:2 BRK:0 RX_X:0.000 RX_Y:0.000 RX_Z:0.000
[ZONE-ROUTE] CID:1 zone=1 edge_port=9998
[EDGE-RTT] CID:1 wall=1.2 ms  sim_delay=10.0 ms
>>> [UAV->CLOUD] BLK:25db|TX:7.0.0.5|CID:1|TS:5.060|SPD:19.9|HDG:0.8|PX:101.5|PY:-20.0|LA...
✓ [CAR 1] ACT=OK REP=0.920 RWD=1.000 PNL=0.000 CREDIT=5
[PASSIVE-BEACON] SIMNOW:5.104 CID:0 ZONE:1 RXUAV:1 EDGEPORT:9998 TS:5.090 SPD:20.300 HDG:1.100 PX:101.500 PY:-10.000 LAN:1 BRK:0 RX_X:0.000 RX_Y:0.000 RX_Z:0.000
[ZONE-ROUTE] CID:0 zone=1 edge_port=9998
[EDGE-RTT] CID:0 wall=1.2 ms  sim_delay=10.0 ms
>>> [UAV->CLOUD] BLK:03c8|TX:7.0.0.4|CID:0|TS:5.090|SPD:20.3|HDG:1.1|PX:101.5|PY:-10.0|LA...
✓ [CAR 0] ACT=OK REP=0.958 RWD=1.000 PNL=0.000 CREDIT=6
[PASSIVE-BEACON] SIMNOW:5.276 CID:5 ZONE:1 RXUAV:1 EDGEPORT:9998 TS:5.262 SPD:20.400 HDG:-1.500 PX:124.900 PY:-10.000 LAN:1 BRK:0 RX_X:0.000 RX_Y:0.000 RX_Z:0.000
[ZONE-ROUTE] CID:5 zone=1 edge_port=9998
[EDGE-RTT] CID:5 wall=1.1 ms  sim_delay=10.0 ms
>>> [UAV->CLOUD] BLK:21e4|TX:7.0.0.9|CID:5|TS:5.262|SPD:20.4|HDG:-1.5|PX:124.9|PY:-10.0|L...
✓ [CAR 5] ACT=OK REP=0.875 RWD=1.000 PNL=0.000 CREDIT=5
[PASSIVE-BEACON] SIMNOW:5.327 CID:4 ZONE:1 RXUAV:1 EDGEPORT:9998 TS:5.310 SPD:19.600 HDG:-0.800 PX:106.000 PY:-50.000 LAN:5 BRK:1 RX_X:0.000 RX_Y:0.000 RX_Z:0.000
[ZONE-ROUTE] CID:4 zone=1 edge_port=9998
[EDGE-RTT] CID:4 wall=1.1 ms  sim_delay=10.0 ms
>>> [UAV->CLOUD] BLK:b16c|TX:7.0.0.8|CID:4|TS:5.310|SPD:19.6|HDG:-0.8|PX:106.0|PY:-50.0|L...
[PASSIVE-BEACON] SIMNOW:5.336 CID:6 ZONE:1 RXUAV:1 EDGEPORT:9998 TS:5.322 SPD:19.500 HDG:-1.600 PX:126.000 PY:-20.000 LAN:2 BRK:0 RX_X:0.000 RX_Y:0.000 RX_Z:0.000
[ZONE-ROUTE] CID:6 zone=1 edge_port=9998
[EDGE-RTT] CID:6 wall=1.1 ms  sim_delay=10.0 ms
>>> [UAV->CLOUD] BLK:a68c|TX:7.0.0.10|CID:6|TS:5.322|SPD:19.5|HDG:-1.6|PX:126.0|PY:-20.0|...
✓ [CAR 4] ACT=OK REP=0.999 RWD=1.000 PNL=0.000 CREDIT=5
✓ [CAR 6] ACT=OK REP=1.000 RWD=1.000 PNL=0.000 CREDIT=5
[PASSIVE-BEACON] SIMNOW:5.476 CID:8 ZONE:1 RXUAV:1 EDGEPORT:9998 TS:5.462 SPD:20.000 HDG:-1.200 PX:129.700 PY:-40.000 LAN:4 BRK:1 RX_X:0.000 RX_Y:0.000 RX_Z:0.000
[ZONE-ROUTE] CID:8 zone=1 edge_port=9998
[EDGE-RTT] CID:8 wall=1.1 ms  sim_delay=10.0 ms
>>> [UAV->CLOUD] BLK:c0b8|TX:7.0.0.12|CID:8|TS:5.462|SPD:20.0|HDG:-1.2|PX:129.7|PY:-40.0|...
[PASSIVE-BEACON] SIMNOW:5.476 CID:7 ZONE:1 RXUAV:1 EDGEPORT:9998 TS:5.462 SPD:19.900 HDG:-1.500 PX:129.800 PY:-30.000 LAN:3 BRK:1 RX_X:0.000 RX_Y:0.000 RX_Z:0.000
[ZONE-ROUTE] CID:7 zone=1 edge_port=9998
[EDGE-RTT] CID:7 wall=2.2 ms  sim_delay=10.0 ms
>>> [UAV->CLOUD] BLK:0e47|TX:7.0.0.11|CID:7|TS:5.462|SPD:19.9|HDG:-1.5|PX:129.8|PY:-30.0|...
✓ [CAR 8] ACT=OK REP=0.755 RWD=1.000 PNL=0.000 CREDIT=6
✓ [CAR 7] ACT=OK REP=0.714 RWD=1.000 PNL=0.000 CREDIT=5
[PASSIVE-BEACON] SIMNOW:5.494 CID:3 ZONE:1 RXUAV:1 EDGEPORT:9998 TS:5.480 SPD:19.800 HDG:0.900 PX:110.100 PY:-40.000 LAN:4 BRK:1 RX_X:0.000 RX_Y:0.000 RX_Z:0.000
[ZONE-ROUTE] CID:3 zone=1 edge_port=9998
[EDGE-RTT] CID:3 wall=1.1 ms  sim_delay=10.0 ms
>>> [UAV->CLOUD] BLK:b383|TX:7.0.0.7|CID:3|TS:5.480|SPD:19.8|HDG:0.9|PX:110.1|PY:-40.0|LA...
[PASSIVE-BEACON] SIMNOW:5.504 CID:2 ZONE:1 RXUAV:1 EDGEPORT:9998 TS:5.490 SPD:20.100 HDG:-1.400 PX:109.500 PY:-30.000 LAN:3 BRK:0 RX_X:0.000 RX_Y:0.000 RX_Z:0.000
[ZONE-ROUTE] CID:2 zone=1 edge_port=9998
[EDGE-RTT] CID:2 wall=0.9 ms  sim_delay=10.0 ms
>>> [UAV->CLOUD] BLK:b4a1|TX:7.0.0.6|CID:2|TS:5.490|SPD:20.1|HDG:-1.4|PX:109.5|PY:-30.0|L...
✓ [CAR 3] ACT=OK REP=0.598 RWD=1.000 PNL=0.000 CREDIT=5
✓ [CAR 2] ACT=OK REP=0.832 RWD=1.000 PNL=0.000 CREDIT=6
[PASSIVE-BEACON] SIMNOW:5.526 CID:9 ZONE:1 RXUAV:1 EDGEPORT:9998 TS:5.512 SPD:20.100 HDG:0.100 PX:130.200 PY:-50.000 LAN:5 BRK:0 RX_X:0.000 RX_Y:0.000 RX_Z:0.000
[ZONE-ROUTE] CID:9 zone=1 edge_port=9998
[EDGE-RTT] CID:9 wall=1.2 ms  sim_delay=10.0 ms
>>> [UAV->CLOUD] BLK:173a|TX:7.0.0.13|CID:9|TS:5.512|SPD:20.1|HDG:0.1|PX:130.2|PY:-50.0|L...
✓ [CAR 9] ACT=OK REP=0.895 RWD=1.000 PNL=0.000 CREDIT=5
[PASSIVE-BEACON] SIMNOW:5.574 CID:1 ZONE:1 RXUAV:1 EDGEPORT:9998 TS:5.560 SPD:19.700 HDG:1.100 PX:111.700 PY:-20.000 LAN:2 BRK:0 RX_X:0.000 RX_Y:0.000 RX_Z:0.000
[ZONE-ROUTE] CID:1 zone=1 edge_port=9998
[EDGE-RTT] CID:1 wall=1.1 ms  sim_delay=10.0 ms
>>> [UAV->CLOUD] BLK:636f|TX:7.0.0.5|CID:1|TS:5.560|SPD:19.7|HDG:1.1|PX:111.7|PY:-20.0|LA...
✓ [CAR 1] ACT=OK REP=0.902 RWD=1.000 PNL=0.000 CREDIT=6
[PASSIVE-BEACON] SIMNOW:5.604 CID:0 ZONE:1 RXUAV:1 EDGEPORT:9998 TS:5.590 SPD:20.400 HDG:1.100 PX:111.300 PY:-10.000 LAN:1 BRK:0 RX_X:0.000 RX_Y:0.000 RX_Z:0.000
[ZONE-ROUTE] CID:0 zone=1 edge_port=9998
[EDGE-RTT] CID:0 wall=1.2 ms  sim_delay=10.0 ms
>>> [UAV->CLOUD] BLK:cbba|TX:7.0.0.4|CID:0|TS:5.590|SPD:20.4|HDG:1.1|PX:111.3|PY:-10.0|LA...
✓ [CAR 0] ACT=OK REP=0.830 RWD=1.000 PNL=0.000 CREDIT=7
[PASSIVE-BEACON] SIMNOW:5.776 CID:5 ZONE:1 RXUAV:1 EDGEPORT:9998 TS:5.762 SPD:19.500 HDG:-0.500 PX:135.700 PY:-10.000 LAN:1 BRK:0 RX_X:0.000 RX_Y:0.000 RX_Z:0.000
[ZONE-ROUTE] CID:5 zone=1 edge_port=9998
[EDGE-RTT] CID:5 wall=1.2 ms  sim_delay=10.0 ms
>>> [UAV->CLOUD] BLK:147f|TX:7.0.0.9|CID:5|TS:5.762|SPD:19.5|HDG:-0.5|PX:135.7|PY:-10.0|L...
✓ [CAR 5] ACT=OK REP=1.000 RWD=1.000 PNL=0.000 CREDIT=6
[PASSIVE-BEACON] SIMNOW:5.827 CID:4 ZONE:1 RXUAV:1 EDGEPORT:9998 TS:5.810 SPD:20.000 HDG:0.500 PX:116.900 PY:-50.000 LAN:5 BRK:1 RX_X:0.000 RX_Y:0.000 RX_Z:0.000
[ZONE-ROUTE] CID:4 zone=1 edge_port=9998
[EDGE-RTT] CID:4 wall=1.2 ms  sim_delay=10.0 ms
>>> [UAV->CLOUD] BLK:6d81|TX:7.0.0.8|CID:4|TS:5.810|SPD:20.0|HDG:0.5|PX:116.9|PY:-50.0|LA...
[PASSIVE-BEACON] SIMNOW:5.836 CID:6 ZONE:1 RXUAV:1 EDGEPORT:9998 TS:5.822 SPD:20.200 HDG:-0.600 PX:137.200 PY:-20.000 LAN:2 BRK:0 RX_X:0.000 RX_Y:0.000 RX_Z:0.000
[ZONE-ROUTE] CID:6 zone=1 edge_port=9998
[EDGE-RTT] CID:6 wall=0.9 ms  sim_delay=10.0 ms
>>> [UAV->CLOUD] BLK:5a48|TX:7.0.0.10|CID:6|TS:5.822|SPD:20.2|HDG:-0.6|PX:137.2|PY:-20.0|...
✓ [CAR 4] ACT=OK REP=0.983 RWD=1.000 PNL=0.000 CREDIT=6
✓ [CAR 6] ACT=OK REP=1.000 RWD=1.000 PNL=0.000 CREDIT=6
[PASSIVE-BEACON] SIMNOW:5.976 CID:8 ZONE:1 RXUAV:1 EDGEPORT:9998 TS:5.962 SPD:20.100 HDG:2.000 PX:139.200 PY:-40.000 LAN:4 BRK:0 RX_X:0.000 RX_Y:0.000 RX_Z:0.000
[ZONE-ROUTE] CID:8 zone=1 edge_port=9998
[EDGE-RTT] CID:8 wall=1.3 ms  sim_delay=10.0 ms
>>> [UAV->CLOUD] BLK:1842|TX:7.0.0.12|CID:8|TS:5.962|SPD:20.1|HDG:2.0|PX:139.2|PY:-40.0|L...
[PASSIVE-BEACON] SIMNOW:5.976 CID:7 ZONE:1 RXUAV:1 EDGEPORT:9998 TS:5.962 SPD:19.600 HDG:-0.700 PX:139.000 PY:-30.000 LAN:3 BRK:1 RX_X:0.000 RX_Y:0.000 RX_Z:0.000
[ZONE-ROUTE] CID:7 zone=1 edge_port=9998
[EDGE-RTT] CID:7 wall=1.8 ms  sim_delay=10.0 ms
>>> [UAV->CLOUD] BLK:5229|TX:7.0.0.11|CID:7|TS:5.962|SPD:19.6|HDG:-0.7|PX:139.0|PY:-30.0|...
✓ [CAR 7] ACT=OK REP=0.995 RWD=1.000 PNL=0.000 CREDIT=6
✓ [CAR 8] ACT=OK REP=0.689 RWD=1.000 PNL=0.000 CREDIT=7
[PASSIVE-BEACON] SIMNOW:5.994 CID:3 ZONE:1 RXUAV:1 EDGEPORT:9998 TS:5.980 SPD:19.900 HDG:-0.900 PX:118.800 PY:-40.000 LAN:4 BRK:0 RX_X:0.000 RX_Y:0.000 RX_Z:0.000
[ZONE-ROUTE] CID:3 zone=1 edge_port=9998
[EDGE-RTT] CID:3 wall=1.2 ms  sim_delay=10.0 ms
>>> [UAV->CLOUD] BLK:b8b6|TX:7.0.0.7|CID:3|TS:5.980|SPD:19.9|HDG:-0.9|PX:118.8|PY:-40.0|L...
[PASSIVE-BEACON] SIMNOW:6.004 CID:2 ZONE:1 RXUAV:1 EDGEPORT:9998 TS:5.990 SPD:20.500 HDG:-1.400 PX:119.500 PY:-30.000 LAN:3 BRK:0 RX_X:0.000 RX_Y:0.000 RX_Z:0.000
[ZONE-ROUTE] CID:2 zone=1 edge_port=9998
[EDGE-RTT] CID:2 wall=1.0 ms  sim_delay=10.0 ms
>>> [UAV->CLOUD] BLK:6556|TX:7.0.0.6|CID:2|TS:5.990|SPD:20.5|HDG:-1.4|PX:119.5|PY:-30.0|L...
✓ [CAR 3] ACT=OK REP=0.845 RWD=1.000 PNL=0.000 CREDIT=6
✓ [CAR 2] ACT=OK REP=0.541 RWD=1.000 PNL=0.000 CREDIT=7
[PASSIVE-BEACON] SIMNOW:6.026 CID:9 ZONE:1 RXUAV:1 EDGEPORT:9998 TS:6.012 SPD:20.100 HDG:0.900 PX:140.100 PY:-50.000 LAN:5 BRK:0 RX_X:0.000 RX_Y:0.000 RX_Z:0.000
[ZONE-ROUTE] CID:9 zone=1 edge_port=9998
[EDGE-RTT] CID:9 wall=1.3 ms  sim_delay=10.0 ms
>>> [UAV->CLOUD] BLK:4b33|TX:7.0.0.13|CID:9|TS:6.012|SPD:20.1|HDG:0.9|PX:140.1|PY:-50.0|L...
✓ [CAR 9] ACT=OK REP=0.945 RWD=1.000 PNL=0.000 CREDIT=6
[PASSIVE-BEACON] SIMNOW:6.074 CID:1 ZONE:1 RXUAV:1 EDGEPORT:9998 TS:6.060 SPD:19.500 HDG:-1.100 PX:121.100 PY:-20.000 LAN:2 BRK:0 RX_X:0.000 RX_Y:0.000 RX_Z:0.000
[ZONE-ROUTE] CID:1 zone=1 edge_port=9998
[EDGE-RTT] CID:1 wall=1.2 ms  sim_delay=10.0 ms
>>> [UAV->CLOUD] BLK:cb9d|TX:7.0.0.5|CID:1|TS:6.060|SPD:19.5|HDG:-1.1|PX:121.1|PY:-20.0|L...
✓ [CAR 1] ACT=OK REP=0.801 RWD=1.000 PNL=0.000 CREDIT=7
[PASSIVE-BEACON] SIMNOW:6.104 CID:0 ZONE:1 RXUAV:1 EDGEPORT:9998 TS:6.090 SPD:20.100 HDG:-1.500 PX:121.900 PY:-10.000 LAN:1 BRK:0 RX_X:0.000 RX_Y:0.000 RX_Z:0.000
[ZONE-ROUTE] CID:0 zone=1 edge_port=9998
[EDGE-RTT] CID:0 wall=1.2 ms  sim_delay=10.0 ms
>>> [UAV->CLOUD] BLK:6e22|TX:7.0.0.4|CID:0|TS:6.090|SPD:20.1|HDG:-1.5|PX:121.9|PY:-10.0|L...
✓ [CAR 0] ACT=OK REP=0.871 RWD=1.000 PNL=0.000 CREDIT=8
[PASSIVE-BEACON] SIMNOW:6.276 CID:5 ZONE:1 RXUAV:1 EDGEPORT:9998 TS:6.262 SPD:19.900 HDG:1.500 PX:145.900 PY:-10.000 LAN:1 BRK:0 RX_X:0.000 RX_Y:0.000 RX_Z:0.000
[ZONE-ROUTE] CID:5 zone=1 edge_port=9998
[EDGE-RTT] CID:5 wall=1.1 ms  sim_delay=10.0 ms
>>> [UAV->CLOUD] BLK:3ff8|TX:7.0.0.9|CID:5|TS:6.262|SPD:19.9|HDG:1.5|PX:145.9|PY:-10.0|LA...
✓ [CAR 5] ACT=OK REP=0.742 RWD=1.000 PNL=0.000 CREDIT=7
[PASSIVE-BEACON] SIMNOW:6.326 CID:4 ZONE:1 RXUAV:1 EDGEPORT:9998 TS:6.310 SPD:19.800 HDG:1.500 PX:126.200 PY:-50.000 LAN:5 BRK:0 RX_X:0.000 RX_Y:0.000 RX_Z:0.000
[ZONE-ROUTE] CID:4 zone=1 edge_port=9998
[EDGE-RTT] CID:4 wall=1.2 ms  sim_delay=10.0 ms
>>> [UAV->CLOUD] BLK:473a|TX:7.0.0.8|CID:4|TS:6.310|SPD:19.8|HDG:1.5|PX:126.2|PY:-50.0|LA...
[PASSIVE-BEACON] SIMNOW:6.336 CID:6 ZONE:1 RXUAV:1 EDGEPORT:9998 TS:6.322 SPD:20.300 HDG:-1.900 PX:145.800 PY:-20.000 LAN:2 BRK:0 RX_X:0.000 RX_Y:0.000 RX_Z:0.000
[ZONE-ROUTE] CID:6 zone=1 edge_port=9998
[EDGE-RTT] CID:6 wall=1.0 ms  sim_delay=10.0 ms
>>> [UAV->CLOUD] BLK:a9ec|TX:7.0.0.10|CID:6|TS:6.322|SPD:20.3|HDG:-1.9|PX:145.8|PY:-20.0|...
✓ [CAR 4] ACT=OK REP=0.902 RWD=1.000 PNL=0.000 CREDIT=7
✓ [CAR 6] ACT=OK REP=0.898 RWD=1.000 PNL=0.000 CREDIT=7
[PASSIVE-BEACON] SIMNOW:6.476 CID:8 ZONE:1 RXUAV:1 EDGEPORT:9998 TS:6.462 SPD:19.600 HDG:1.000 PX:149.900 PY:-40.000 LAN:4 BRK:0 RX_X:0.000 RX_Y:0.000 RX_Z:0.000
[ZONE-ROUTE] CID:8 zone=1 edge_port=9998
[EDGE-RTT] CID:8 wall=1.2 ms  sim_delay=10.0 ms
>>> [UAV->CLOUD] BLK:febb|TX:7.0.0.12|CID:8|TS:6.462|SPD:19.6|HDG:1.0|PX:149.9|PY:-40.0|L...
[PASSIVE-BEACON] SIMNOW:6.476 CID:7 ZONE:1 RXUAV:1 EDGEPORT:9998 TS:6.462 SPD:20.300 HDG:-0.300 PX:148.600 PY:-30.000 LAN:3 BRK:0 RX_X:0.000 RX_Y:0.000 RX_Z:0.000
[ZONE-ROUTE] CID:7 zone=1 edge_port=9998
[EDGE-RTT] CID:7 wall=2.0 ms  sim_delay=10.0 ms
>>> [UAV->CLOUD] BLK:4761|TX:7.0.0.11|CID:7|TS:6.462|SPD:20.3|HDG:-0.3|PX:148.6|PY:-30.0|...
✓ [CAR 7] ACT=OK REP=0.620 RWD=1.000 PNL=0.000 CREDIT=7
✓ [CAR 8] ACT=OK REP=0.842 RWD=1.000 PNL=0.000 CREDIT=8
[PASSIVE-BEACON] SIMNOW:6.494 CID:3 ZONE:1 RXUAV:1 EDGEPORT:9998 TS:6.480 SPD:20.200 HDG:-0.600 PX:128.900 PY:-40.000 LAN:4 BRK:0 RX_X:0.000 RX_Y:0.000 RX_Z:0.000
[ZONE-ROUTE] CID:3 zone=1 edge_port=9998
[EDGE-RTT] CID:3 wall=1.2 ms  sim_delay=10.0 ms
>>> [UAV->CLOUD] BLK:f5bf|TX:7.0.0.7|CID:3|TS:6.480|SPD:20.2|HDG:-0.6|PX:128.9|PY:-40.0|L...
[PKT-DROP] UAV dropped telemetry from 7.0.0.6 (drop_rate=5%)
✓ [CAR 3] ACT=OK REP=0.961 RWD=1.000 PNL=0.000 CREDIT=7
[PASSIVE-BEACON] SIMNOW:6.525 CID:9 ZONE:1 RXUAV:1 EDGEPORT:9998 TS:6.512 SPD:20.200 HDG:-1.200 PX:149.700 PY:-50.000 LAN:5 BRK:1 RX_X:0.000 RX_Y:0.000 RX_Z:0.000
[ZONE-ROUTE] CID:9 zone=1 edge_port=9998
[EDGE-RTT] CID:9 wall=1.2 ms  sim_delay=10.0 ms
>>> [UAV->CLOUD] BLK:a6e7|TX:7.0.0.13|CID:9|TS:6.512|SPD:20.2|HDG:-1.2|PX:149.7|PY:-50.0|...
✓ [CAR 9] ACT=OK REP=1.000 RWD=1.000 PNL=0.000 CREDIT=7
[PASSIVE-BEACON] SIMNOW:6.574 CID:1 ZONE:1 RXUAV:1 EDGEPORT:9998 TS:6.560 SPD:20.400 HDG:0.800 PX:131.700 PY:-20.000 LAN:2 BRK:1 RX_X:0.000 RX_Y:0.000 RX_Z:0.000
[ZONE-ROUTE] CID:1 zone=1 edge_port=9998
[EDGE-RTT] CID:1 wall=1.0 ms  sim_delay=10.0 ms
>>> [UAV->CLOUD] BLK:2e55|TX:7.0.0.5|CID:1|TS:6.560|SPD:20.4|HDG:0.8|PX:131.7|PY:-20.0|LA...
✓ [CAR 1] ACT=OK REP=0.641 RWD=1.000 PNL=0.000 CREDIT=8
[PASSIVE-BEACON] SIMNOW:6.604 CID:0 ZONE:1 RXUAV:1 EDGEPORT:9998 TS:6.590 SPD:20.500 HDG:1.600 PX:131.100 PY:-10.000 LAN:1 BRK:0 RX_X:0.000 RX_Y:0.000 RX_Z:0.000
[ZONE-ROUTE] CID:0 zone=1 edge_port=9998
[EDGE-RTT] CID:0 wall=1.2 ms  sim_delay=10.0 ms
>>> [UAV->CLOUD] BLK:f4b7|TX:7.0.0.4|CID:0|TS:6.590|SPD:20.5|HDG:1.6|PX:131.1|PY:-10.0|LA...
✓ [CAR 0] ACT=OK REP=0.615 RWD=1.000 PNL=0.000 CREDIT=9
[PASSIVE-BEACON] SIMNOW:6.776 CID:5 ZONE:1 RXUAV:1 EDGEPORT:9998 TS:6.762 SPD:20.200 HDG:-0.900 PX:154.900 PY:-10.000 LAN:1 BRK:0 RX_X:0.000 RX_Y:0.000 RX_Z:0.000
[ZONE-ROUTE] CID:5 zone=1 edge_port=9998
[EDGE-RTT] CID:5 wall=1.1 ms  sim_delay=10.0 ms
>>> [UAV->CLOUD] BLK:c2b7|TX:7.0.0.9|CID:5|TS:6.762|SPD:20.2|HDG:-0.9|PX:154.9|PY:-10.0|L...
✓ [CAR 5] ACT=OK REP=0.691 RWD=1.000 PNL=0.000 CREDIT=8
[PASSIVE-BEACON] SIMNOW:6.822 CID:4 ZONE:1 RXUAV:1 EDGEPORT:9998 TS:6.810 SPD:20.000 HDG:1.100 PX:135.900 PY:-50.000 LAN:5 BRK:0 RX_X:0.000 RX_Y:0.000 RX_Z:0.000
[ZONE-ROUTE] CID:4 zone=1 edge_port=9998
[EDGE-RTT] CID:4 wall=1.4 ms  sim_delay=10.0 ms
>>> [UAV->CLOUD] BLK:736c|TX:7.0.0.8|CID:4|TS:6.810|SPD:20.0|HDG:1.1|PX:135.9|PY:-50.0|LA...
[PASSIVE-BEACON] SIMNOW:6.836 CID:6 ZONE:1 RXUAV:1 EDGEPORT:9998 TS:6.822 SPD:20.300 HDG:0.700 PX:156.800 PY:-20.000 LAN:2 BRK:0 RX_X:0.000 RX_Y:0.000 RX_Z:0.000
[ZONE-ROUTE] CID:6 zone=1 edge_port=9998
[EDGE-RTT] CID:6 wall=1.2 ms  sim_delay=10.0 ms
>>> [UAV->CLOUD] BLK:424d|TX:7.0.0.10|CID:6|TS:6.822|SPD:20.3|HDG:0.7|PX:156.8|PY:-20.0|L...
✓ [CAR 4] ACT=OK REP=0.958 RWD=1.000 PNL=0.000 CREDIT=8
✓ [CAR 6] ACT=OK REP=0.776 RWD=1.000 PNL=0.000 CREDIT=8
[PASSIVE-BEACON] SIMNOW:6.976 CID:8 ZONE:1 RXUAV:1 EDGEPORT:9998 TS:6.962 SPD:20.400 HDG:0.300 PX:159.200 PY:-40.000 LAN:4 BRK:0 RX_X:0.000 RX_Y:0.000 RX_Z:0.000
[ZONE-ROUTE] CID:8 zone=1 edge_port=9998
[EDGE-RTT] CID:8 wall=1.2 ms  sim_delay=10.0 ms
>>> [UAV->CLOUD] BLK:09a5|TX:7.0.0.12|CID:8|TS:6.962|SPD:20.4|HDG:0.3|PX:159.2|PY:-40.0|L...
[PASSIVE-BEACON] SIMNOW:6.976 CID:7 ZONE:1 RXUAV:1 EDGEPORT:9998 TS:6.962 SPD:19.700 HDG:1.900 PX:159.400 PY:-30.000 LAN:3 BRK:0 RX_X:0.000 RX_Y:0.000 RX_Z:0.000
[ZONE-ROUTE] CID:7 zone=1 edge_port=9998
[EDGE-RTT] CID:7 wall=1.9 ms  sim_delay=10.0 ms
>>> [UAV->CLOUD] BLK:7145|TX:7.0.0.11|CID:7|TS:6.962|SPD:19.7|HDG:1.9|PX:159.4|PY:-30.0|L...
✓ [CAR 7] ACT=OK REP=0.836 RWD=1.000 PNL=0.000 CREDIT=8
✓ [CAR 8] ACT=OK REP=0.753 RWD=1.000 PNL=0.000 CREDIT=9
[PASSIVE-BEACON] SIMNOW:6.994 CID:3 ZONE:1 RXUAV:1 EDGEPORT:9998 TS:6.980 SPD:19.900 HDG:1.900 PX:139.000 PY:-40.000 LAN:4 BRK:0 RX_X:0.000 RX_Y:0.000 RX_Z:0.000
[ZONE-ROUTE] CID:3 zone=1 edge_port=9998
[EDGE-RTT] CID:3 wall=1.1 ms  sim_delay=10.0 ms
>>> [UAV->CLOUD] BLK:2a0a|TX:7.0.0.7|CID:3|TS:6.980|SPD:19.9|HDG:1.9|PX:139.0|PY:-40.0|LA...
[PASSIVE-BEACON] SIMNOW:7.004 CID:2 ZONE:1 RXUAV:1 EDGEPORT:9998 TS:6.990 SPD:20.200 HDG:-1.700 PX:139.800 PY:-30.000 LAN:3 BRK:1 RX_X:0.000 RX_Y:0.000 RX_Z:0.000
[ZONE-ROUTE] CID:2 zone=1 edge_port=9998
[EDGE-RTT] CID:2 wall=0.8 ms  sim_delay=10.0 ms
>>> [UAV->CLOUD] BLK:ea71|TX:7.0.0.6|CID:2|TS:6.990|SPD:20.2|HDG:-1.7|PX:139.8|PY:-30.0|L...
✓ [CAR 3] ACT=OK REP=0.536 RWD=1.000 PNL=0.000 CREDIT=8
✓ [CAR 2] ACT=OK REP=1.000 RWD=1.000 PNL=0.000 CREDIT=8
[PASSIVE-BEACON] SIMNOW:7.026 CID:9 ZONE:1 RXUAV:1 EDGEPORT:9998 TS:7.012 SPD:20.400 HDG:-1.700 PX:160.500 PY:-50.000 LAN:5 BRK:0 RX_X:0.000 RX_Y:0.000 RX_Z:0.000
[ZONE-ROUTE] CID:9 zone=1 edge_port=9998
[EDGE-RTT] CID:9 wall=1.0 ms  sim_delay=10.0 ms
>>> [UAV->CLOUD] BLK:35fc|TX:7.0.0.13|CID:9|TS:7.012|SPD:20.4|HDG:-1.7|PX:160.5|PY:-50.0|...
✓ [CAR 9] ACT=OK REP=0.851 RWD=1.000 PNL=0.000 CREDIT=8
[PASSIVE-BEACON] SIMNOW:7.074 CID:1 ZONE:1 RXUAV:1 EDGEPORT:9998 TS:7.060 SPD:20.400 HDG:-1.600 PX:141.100 PY:-20.000 LAN:2 BRK:0 RX_X:0.000 RX_Y:0.000 RX_Z:0.000
[ZONE-ROUTE] CID:1 zone=1 edge_port=9998
[EDGE-RTT] CID:1 wall=1.0 ms  sim_delay=10.0 ms
>>> [UAV->CLOUD] BLK:f6da|TX:7.0.0.5|CID:1|TS:7.060|SPD:20.4|HDG:-1.6|PX:141.1|PY:-20.0|L...
✓ [CAR 1] ACT=OK REP=1.000 RWD=1.000 PNL=0.000 CREDIT=9
[PASSIVE-BEACON] SIMNOW:7.104 CID:0 ZONE:1 RXUAV:1 EDGEPORT:9998 TS:7.090 SPD:19.900 HDG:0.200 PX:141.700 PY:-10.000 LAN:1 BRK:1 RX_X:0.000 RX_Y:0.000 RX_Z:0.000
[ZONE-ROUTE] CID:0 zone=1 edge_port=9998
[EDGE-RTT] CID:0 wall=1.0 ms  sim_delay=10.0 ms
>>> [UAV->CLOUD] BLK:05bb|TX:7.0.0.4|CID:0|TS:7.090|SPD:19.9|HDG:0.2|PX:141.7|PY:-10.0|LA...
✓ [CAR 0] ACT=OK REP=1.000 RWD=1.000 PNL=0.000 CREDIT=10
[PASSIVE-BEACON] SIMNOW:7.276 CID:5 ZONE:1 RXUAV:1 EDGEPORT:9998 TS:7.262 SPD:20.100 HDG:-1.300 PX:165.300 PY:-10.000 LAN:1 BRK:0 RX_X:0.000 RX_Y:0.000 RX_Z:0.000
[ZONE-ROUTE] CID:5 zone=1 edge_port=9998
[EDGE-RTT] CID:5 wall=1.1 ms  sim_delay=10.0 ms
>>> [UAV->CLOUD] BLK:013b|TX:7.0.0.9|CID:5|TS:7.262|SPD:20.1|HDG:-1.3|PX:165.3|PY:-10.0|L...
✓ [CAR 5] ACT=OK REP=1.000 RWD=1.000 PNL=0.000 CREDIT=9
[PASSIVE-BEACON] SIMNOW:7.327 CID:4 ZONE:1 RXUAV:1 EDGEPORT:9998 TS:7.310 SPD:20.300 HDG:-0.700 PX:146.900 PY:-50.000 LAN:5 BRK:0 RX_X:0.000 RX_Y:0.000 RX_Z:0.000
[ZONE-ROUTE] CID:4 zone=1 edge_port=9998
[EDGE-RTT] CID:4 wall=1.3 ms  sim_delay=10.0 ms
>>> [UAV->CLOUD] BLK:e42a|TX:7.0.0.8|CID:4|TS:7.310|SPD:20.3|HDG:-0.7|PX:146.9|PY:-50.0|L...
[PASSIVE-BEACON] SIMNOW:7.336 CID:6 ZONE:1 RXUAV:1 EDGEPORT:9998 TS:7.322 SPD:20.500 HDG:1.500 PX:166.300 PY:-20.000 LAN:2 BRK:0 RX_X:0.000 RX_Y:0.000 RX_Z:0.000
[ZONE-ROUTE] CID:6 zone=1 edge_port=9998
[EDGE-RTT] CID:6 wall=1.0 ms  sim_delay=10.0 ms
>>> [UAV->CLOUD] BLK:9a2c|TX:7.0.0.10|CID:6|TS:7.322|SPD:20.5|HDG:1.5|PX:166.3|PY:-20.0|L...
✓ [CAR 4] ACT=OK REP=0.816 RWD=1.000 PNL=0.000 CREDIT=9
✓ [CAR 6] ACT=OK REP=0.539 RWD=1.000 PNL=0.000 CREDIT=9
[PASSIVE-BEACON] SIMNOW:7.476 CID:8 ZONE:1 RXUAV:1 EDGEPORT:9998 TS:7.462 SPD:20.400 HDG:1.100 PX:169.700 PY:-40.000 LAN:4 BRK:0 RX_X:0.000 RX_Y:0.000 RX_Z:0.000
[ZONE-ROUTE] CID:8 zone=1 edge_port=9998
[EDGE-RTT] CID:8 wall=1.4 ms  sim_delay=10.0 ms
>>> [UAV->CLOUD] BLK:0822|TX:7.0.0.12|CID:8|TS:7.462|SPD:20.4|HDG:1.1|PX:169.7|PY:-40.0|L...
[PASSIVE-BEACON] SIMNOW:7.476 CID:7 ZONE:1 RXUAV:1 EDGEPORT:9998 TS:7.462 SPD:20.500 HDG:1.400 PX:169.300 PY:-30.000 LAN:3 BRK:0 RX_X:0.000 RX_Y:0.000 RX_Z:0.000
[ZONE-ROUTE] CID:7 zone=1 edge_port=9998
[EDGE-RTT] CID:7 wall=1.6 ms  sim_delay=10.0 ms
>>> [UAV->CLOUD] BLK:04ba|TX:7.0.0.11|CID:7|TS:7.462|SPD:20.5|HDG:1.4|PX:169.3|PY:-30.0|L...
✓ [CAR 7] ACT=OK REP=0.836 RWD=1.000 PNL=0.000 CREDIT=9
✓ [CAR 8] ACT=OK REP=0.942 RWD=1.000 PNL=0.000 CREDIT=10
[PASSIVE-BEACON] SIMNOW:7.494 CID:3 ZONE:1 RXUAV:1 EDGEPORT:9998 TS:7.480 SPD:19.900 HDG:1.400 PX:150.200 PY:-40.000 LAN:4 BRK:0 RX_X:0.000 RX_Y:0.000 RX_Z:0.000
[ZONE-ROUTE] CID:3 zone=1 edge_port=9998
[EDGE-RTT] CID:3 wall=1.2 ms  sim_delay=10.0 ms
>>> [UAV->CLOUD] BLK:b626|TX:7.0.0.7|CID:3|TS:7.480|SPD:19.9|HDG:1.4|PX:150.2|PY:-40.0|LA...
[PASSIVE-BEACON] SIMNOW:7.504 CID:2 ZONE:1 RXUAV:1 EDGEPORT:9998 TS:7.490 SPD:20.300 HDG:-1.500 PX:149.500 PY:-30.000 LAN:3 BRK:1 RX_X:0.000 RX_Y:0.000 RX_Z:0.000
[ZONE-ROUTE] CID:2 zone=1 edge_port=9998
[EDGE-RTT] CID:2 wall=1.1 ms  sim_delay=10.0 ms
>>> [UAV->CLOUD] BLK:0b37|TX:7.0.0.6|CID:2|TS:7.490|SPD:20.3|HDG:-1.5|PX:149.5|PY:-30.0|L...
✓ [CAR 3] ACT=OK REP=0.688 RWD=1.000 PNL=0.000 CREDIT=9
✓ [CAR 2] ACT=OK REP=0.981 RWD=1.000 PNL=0.000 CREDIT=9
[PASSIVE-BEACON] SIMNOW:7.526 CID:9 ZONE:1 RXUAV:1 EDGEPORT:9998 TS:7.512 SPD:20.100 HDG:0.900 PX:170.300 PY:-50.000 LAN:5 BRK:1 RX_X:0.000 RX_Y:0.000 RX_Z:0.000
[ZONE-ROUTE] CID:9 zone=1 edge_port=9998
[EDGE-RTT] CID:9 wall=1.3 ms  sim_delay=10.0 ms
>>> [UAV->CLOUD] BLK:1e28|TX:7.0.0.13|CID:9|TS:7.512|SPD:20.1|HDG:0.9|PX:170.3|PY:-50.0|L...
✓ [CAR 9] ACT=OK REP=0.982 RWD=1.000 PNL=0.000 CREDIT=9
[PASSIVE-BEACON] SIMNOW:7.574 CID:1 ZONE:1 RXUAV:1 EDGEPORT:9998 TS:7.560 SPD:20.400 HDG:-1.400 PX:151.600 PY:-20.000 LAN:2 BRK:0 RX_X:0.000 RX_Y:0.000 RX_Z:0.000
[ZONE-ROUTE] CID:1 zone=1 edge_port=9998
[EDGE-RTT] CID:1 wall=1.3 ms  sim_delay=10.0 ms
>>> [UAV->CLOUD] BLK:379d|TX:7.0.0.5|CID:1|TS:7.560|SPD:20.4|HDG:-1.4|PX:151.6|PY:-20.0|L...
✓ [CAR 1] ACT=OK REP=0.809 RWD=1.000 PNL=0.000 CREDIT=10
[PASSIVE-BEACON] SIMNOW:7.604 CID:0 ZONE:1 RXUAV:1 EDGEPORT:9998 TS:7.590 SPD:19.800 HDG:0.600 PX:151.200 PY:-10.000 LAN:1 BRK:0 RX_X:0.000 RX_Y:0.000 RX_Z:0.000
[ZONE-ROUTE] CID:0 zone=1 edge_port=9998
[EDGE-RTT] CID:0 wall=1.3 ms  sim_delay=10.0 ms
>>> [UAV->CLOUD] BLK:6ab3|TX:7.0.0.4|CID:0|TS:7.590|SPD:19.8|HDG:0.6|PX:151.2|PY:-10.0|LA...
✓ [CAR 0] ACT=OK REP=0.738 RWD=1.000 PNL=0.000 CREDIT=11
[PASSIVE-BEACON] SIMNOW:7.776 CID:5 ZONE:1 RXUAV:1 EDGEPORT:9998 TS:7.762 SPD:19.900 HDG:-1.700 PX:175.000 PY:-10.000 LAN:1 BRK:0 RX_X:0.000 RX_Y:0.000 RX_Z:0.000
[ZONE-ROUTE] CID:5 zone=1 edge_port=9998
[EDGE-RTT] CID:5 wall=1.2 ms  sim_delay=10.0 ms
>>> [UAV->CLOUD] BLK:93b5|TX:7.0.0.9|CID:5|TS:7.762|SPD:19.9|HDG:-1.7|PX:175.0|PY:-10.0|L...
✓ [CAR 5] ACT=OK REP=1.000 RWD=1.000 PNL=0.000 CREDIT=10
[PASSIVE-BEACON] SIMNOW:7.830 CID:4 ZONE:1 RXUAV:1 EDGEPORT:9998 TS:7.810 SPD:20.200 HDG:-0.800 PX:156.600 PY:-50.000 LAN:5 BRK:0 RX_X:0.000 RX_Y:0.000 RX_Z:0.000
[ZONE-ROUTE] CID:4 zone=1 edge_port=9998
[EDGE-RTT] CID:4 wall=1.2 ms  sim_delay=10.0 ms
>>> [UAV->CLOUD] BLK:9de6|TX:7.0.0.8|CID:4|TS:7.810|SPD:20.2|HDG:-0.8|PX:156.6|PY:-50.0|L...
[PKT-DROP] UAV dropped telemetry from 7.0.0.10 (drop_rate=5%)
✓ [CAR 4] ACT=OK REP=1.000 RWD=1.000 PNL=0.000 CREDIT=10
[PASSIVE-BEACON] SIMNOW:7.976 CID:8 ZONE:1 RXUAV:1 EDGEPORT:9998 TS:7.962 SPD:20.100 HDG:-0.000 PX:179.300 PY:-40.000 LAN:4 BRK:0 RX_X:0.000 RX_Y:0.000 RX_Z:0.000
[ZONE-ROUTE] CID:8 zone=1 edge_port=9998
[EDGE-RTT] CID:8 wall=0.9 ms  sim_delay=10.0 ms
>>> [UAV->CLOUD] BLK:9a74|TX:7.0.0.12|CID:8|TS:7.962|SPD:20.1|HDG:-0.0|PX:179.3|PY:-40.0|...
[PASSIVE-BEACON] SIMNOW:7.976 CID:7 ZONE:1 RXUAV:1 EDGEPORT:9998 TS:7.962 SPD:20.100 HDG:0.800 PX:179.300 PY:-30.000 LAN:3 BRK:0 RX_X:0.000 RX_Y:0.000 RX_Z:0.000
[ZONE-ROUTE] CID:7 zone=1 edge_port=9998
[EDGE-RTT] CID:7 wall=2.1 ms  sim_delay=10.0 ms
>>> [UAV->CLOUD] BLK:d94f|TX:7.0.0.11|CID:7|TS:7.962|SPD:20.1|HDG:0.8|PX:179.3|PY:-30.0|L...
✓ [CAR 8] ACT=OK REP=0.448 RWD=1.000 PNL=0.000 CREDIT=11
✓ [CAR 7] ACT=OK REP=0.955 RWD=1.000 PNL=0.000 CREDIT=10
[PASSIVE-BEACON] SIMNOW:7.994 CID:3 ZONE:1 RXUAV:1 EDGEPORT:9998 TS:7.980 SPD:20.200 HDG:-0.400 PX:159.900 PY:-40.000 LAN:4 BRK:0 RX_X:0.000 RX_Y:0.000 RX_Z:0.000
[ZONE-ROUTE] CID:3 zone=1 edge_port=9998
[EDGE-RTT] CID:3 wall=1.0 ms  sim_delay=10.0 ms
>>> [UAV->CLOUD] BLK:67ad|TX:7.0.0.7|CID:3|TS:7.980|SPD:20.2|HDG:-0.4|PX:159.9|PY:-40.0|L...
[PASSIVE-BEACON] SIMNOW:8.003 CID:2 ZONE:1 RXUAV:1 EDGEPORT:9998 TS:7.990 SPD:19.900 HDG:-1.600 PX:160.400 PY:-30.000 LAN:3 BRK:0 RX_X:0.000 RX_Y:0.000 RX_Z:0.000
[ZONE-ROUTE] CID:2 zone=1 edge_port=9998
[EDGE-RTT] CID:2 wall=1.0 ms  sim_delay=10.0 ms
>>> [UAV->CLOUD] BLK:f260|TX:7.0.0.6|CID:2|TS:7.990|SPD:19.9|HDG:-1.6|PX:160.4|PY:-30.0|L...
✓ [CAR 3] ACT=OK REP=1.000 RWD=1.000 PNL=0.000 CREDIT=10
✓ [CAR 2] ACT=OK REP=0.722 RWD=1.000 PNL=0.000 CREDIT=10
[PASSIVE-BEACON] SIMNOW:8.026 CID:9 ZONE:1 RXUAV:1 EDGEPORT:9998 TS:8.012 SPD:20.100 HDG:1.800 PX:180.700 PY:-50.000 LAN:5 BRK:0 RX_X:0.000 RX_Y:0.000 RX_Z:0.000
[ZONE-ROUTE] CID:9 zone=1 edge_port=9998
[EDGE-RTT] CID:9 wall=1.1 ms  sim_delay=10.0 ms
>>> [UAV->CLOUD] BLK:21a7|TX:7.0.0.13|CID:9|TS:8.012|SPD:20.1|HDG:1.8|PX:180.7|PY:-50.0|L...
✓ [CAR 9] ACT=OK REP=1.000 RWD=1.000 PNL=0.000 CREDIT=10
[PASSIVE-BEACON] SIMNOW:8.074 CID:1 ZONE:1 RXUAV:1 EDGEPORT:9998 TS:8.060 SPD:20.200 HDG:-0.700 PX:160.700 PY:-20.000 LAN:2 BRK:0 RX_X:0.000 RX_Y:0.000 RX_Z:0.000
[ZONE-ROUTE] CID:1 zone=1 edge_port=9998
[EDGE-RTT] CID:1 wall=1.3 ms  sim_delay=10.0 ms
>>> [UAV->CLOUD] BLK:db6c|TX:7.0.0.5|CID:1|TS:8.060|SPD:20.2|HDG:-0.7|PX:160.7|PY:-20.0|L...
✓ [CAR 1] ACT=OK REP=1.000 RWD=1.000 PNL=0.000 CREDIT=11
[PASSIVE-BEACON] SIMNOW:8.104 CID:0 ZONE:1 RXUAV:1 EDGEPORT:9998 TS:8.090 SPD:20.300 HDG:-1.300 PX:161.100 PY:-10.000 LAN:1 BRK:0 RX_X:0.000 RX_Y:0.000 RX_Z:0.000
[ZONE-ROUTE] CID:0 zone=1 edge_port=9998
[EDGE-RTT] CID:0 wall=1.2 ms  sim_delay=10.0 ms
>>> [UAV->CLOUD] BLK:4109|TX:7.0.0.4|CID:0|TS:8.090|SPD:20.3|HDG:-1.3|PX:161.1|PY:-10.0|L...
✓ [CAR 0] ACT=OK REP=0.963 RWD=1.000 PNL=0.000 CREDIT=12
[PASSIVE-BEACON] SIMNOW:8.276 CID:5 ZONE:1 RXUAV:1 EDGEPORT:9998 TS:8.262 SPD:20.400 HDG:-1.600 PX:185.500 PY:-10.000 LAN:1 BRK:0 RX_X:0.000 RX_Y:0.000 RX_Z:0.000
[ZONE-ROUTE] CID:5 zone=1 edge_port=9998
[EDGE-RTT] CID:5 wall=1.2 ms  sim_delay=10.0 ms
>>> [UAV->CLOUD] BLK:1738|TX:7.0.0.9|CID:5|TS:8.262|SPD:20.4|HDG:-1.6|PX:185.5|PY:-10.0|L...
✓ [CAR 5] ACT=OK REP=0.672 RWD=1.000 PNL=0.000 CREDIT=11
[PASSIVE-BEACON] SIMNOW:8.322 CID:4 ZONE:1 RXUAV:1 EDGEPORT:9998 TS:8.310 SPD:20.100 HDG:-1.100 PX:166.200 PY:-50.000 LAN:5 BRK:0 RX_X:0.000 RX_Y:0.000 RX_Z:0.000
[ZONE-ROUTE] CID:4 zone=1 edge_port=9998
[EDGE-RTT] CID:4 wall=1.1 ms  sim_delay=10.0 ms
>>> [UAV->CLOUD] BLK:dc86|TX:7.0.0.8|CID:4|TS:8.310|SPD:20.1|HDG:-1.1|PX:166.2|PY:-50.0|L...
[PASSIVE-BEACON] SIMNOW:8.336 CID:6 ZONE:1 RXUAV:1 EDGEPORT:9998 TS:8.322 SPD:19.700 HDG:-0.700 PX:185.800 PY:-20.000 LAN:2 BRK:0 RX_X:0.000 RX_Y:0.000 RX_Z:0.000
[ZONE-ROUTE] CID:6 zone=1 edge_port=9998
[EDGE-RTT] CID:6 wall=1.2 ms  sim_delay=10.0 ms
>>> [UAV->CLOUD] BLK:8645|TX:7.0.0.10|CID:6|TS:8.322|SPD:19.7|HDG:-0.7|PX:185.8|PY:-20.0|...
✓ [CAR 4] ACT=OK REP=0.752 RWD=1.000 PNL=0.000 CREDIT=11
✓ [CAR 6] ACT=OK REP=0.923 RWD=1.000 PNL=0.000 CREDIT=10
[PASSIVE-BEACON] SIMNOW:8.474 CID:8 ZONE:1 RXUAV:1 EDGEPORT:9998 TS:8.462 SPD:20.200 HDG:-0.000 PX:189.800 PY:-40.000 LAN:4 BRK:0 RX_X:0.000 RX_Y:0.000 RX_Z:0.000
[ZONE-ROUTE] CID:8 zone=1 edge_port=9998
[EDGE-RTT] CID:8 wall=1.3 ms  sim_delay=10.0 ms
>>> [UAV->CLOUD] BLK:d0a3|TX:7.0.0.12|CID:8|TS:8.462|SPD:20.2|HDG:-0.0|PX:189.8|PY:-40.0|...
[PASSIVE-BEACON] SIMNOW:8.474 CID:7 ZONE:1 RXUAV:1 EDGEPORT:9998 TS:8.462 SPD:19.800 HDG:-1.500 PX:190.000 PY:-30.000 LAN:3 BRK:0 RX_X:0.000 RX_Y:0.000 RX_Z:0.000
[ZONE-ROUTE] CID:7 zone=1 edge_port=9998
[EDGE-RTT] CID:7 wall=2.1 ms  sim_delay=10.0 ms
>>> [UAV->CLOUD] BLK:72ee|TX:7.0.0.11|CID:7|TS:8.462|SPD:19.8|HDG:-1.5|PX:190.0|PY:-30.0|...
✓ [CAR 8] ACT=OK REP=1.000 RWD=1.000 PNL=0.000 CREDIT=12
✓ [CAR 7] ACT=OK REP=0.679 RWD=1.000 PNL=0.000 CREDIT=11
[PASSIVE-BEACON] SIMNOW:8.494 CID:3 ZONE:1 RXUAV:1 EDGEPORT:9998 TS:8.480 SPD:19.600 HDG:1.900 PX:169.100 PY:-40.000 LAN:4 BRK:0 RX_X:0.000 RX_Y:0.000 RX_Z:0.000
[ZONE-ROUTE] CID:3 zone=1 edge_port=9998
[EDGE-RTT] CID:3 wall=1.0 ms  sim_delay=10.0 ms
>>> [UAV->CLOUD] BLK:19dc|TX:7.0.0.7|CID:3|TS:8.480|SPD:19.6|HDG:1.9|PX:169.1|PY:-40.0|LA...
[PASSIVE-BEACON] SIMNOW:8.504 CID:2 ZONE:1 RXUAV:1 EDGEPORT:9998 TS:8.490 SPD:19.800 HDG:0.200 PX:170.300 PY:-30.000 LAN:3 BRK:0 RX_X:0.000 RX_Y:0.000 RX_Z:0.000
[ZONE-ROUTE] CID:2 zone=1 edge_port=9998
[EDGE-RTT] CID:2 wall=0.9 ms  sim_delay=10.0 ms
>>> [UAV->CLOUD] BLK:85bd|TX:7.0.0.6|CID:2|TS:8.490|SPD:19.8|HDG:0.2|PX:170.3|PY:-30.0|LA...
✓ [CAR 3] ACT=OK REP=0.831 RWD=1.000 PNL=0.000 CREDIT=11
✓ [CAR 2] ACT=OK REP=0.911 RWD=1.000 PNL=0.000 CREDIT=11
[PASSIVE-BEACON] SIMNOW:8.526 CID:9 ZONE:1 RXUAV:1 EDGEPORT:9998 TS:8.512 SPD:19.500 HDG:-0.900 PX:190.400 PY:-50.000 LAN:5 BRK:0 RX_X:0.000 RX_Y:0.000 RX_Z:0.000
[ZONE-ROUTE] CID:9 zone=1 edge_port=9998
[EDGE-RTT] CID:9 wall=1.2 ms  sim_delay=10.0 ms
>>> [UAV->CLOUD] BLK:fa5f|TX:7.0.0.13|CID:9|TS:8.512|SPD:19.5|HDG:-0.9|PX:190.4|PY:-50.0|...
✓ [CAR 9] ACT=OK REP=0.896 RWD=1.000 PNL=0.000 CREDIT=11
[PASSIVE-BEACON] SIMNOW:8.574 CID:1 ZONE:1 RXUAV:1 EDGEPORT:9998 TS:8.560 SPD:19.700 HDG:-0.200 PX:171.100 PY:-20.000 LAN:2 BRK:0 RX_X:0.000 RX_Y:0.000 RX_Z:0.000
[ZONE-ROUTE] CID:1 zone=1 edge_port=9998
[EDGE-RTT] CID:1 wall=1.3 ms  sim_delay=10.0 ms
>>> [UAV->CLOUD] BLK:5822|TX:7.0.0.5|CID:1|TS:8.560|SPD:19.7|HDG:-0.2|PX:171.1|PY:-20.0|L...
✓ [CAR 1] ACT=OK REP=0.867 RWD=1.000 PNL=0.000 CREDIT=12
[PKT-DROP] UAV dropped telemetry from 7.0.0.4 (drop_rate=5%)
[PASSIVE-BEACON] SIMNOW:8.776 CID:5 ZONE:1 RXUAV:1 EDGEPORT:9998 TS:8.762 SPD:20.300 HDG:1.800 PX:195.100 PY:-10.000 LAN:1 BRK:0 RX_X:0.000 RX_Y:0.000 RX_Z:0.000
[ZONE-ROUTE] CID:5 zone=1 edge_port=9998
[EDGE-RTT] CID:5 wall=1.0 ms  sim_delay=10.0 ms
>>> [UAV->CLOUD] BLK:aed1|TX:7.0.0.9|CID:5|TS:8.762|SPD:20.3|HDG:1.8|PX:195.1|PY:-10.0|LA...
✓ [CAR 5] ACT=OK REP=1.000 RWD=1.000 PNL=0.000 CREDIT=12
[PASSIVE-BEACON] SIMNOW:8.824 CID:4 ZONE:1 RXUAV:1 EDGEPORT:9998 TS:8.810 SPD:20.000 HDG:-0.100 PX:176.000 PY:-50.000 LAN:5 BRK:0 RX_X:0.000 RX_Y:0.000 RX_Z:0.000
[ZONE-ROUTE] CID:4 zone=1 edge_port=9998
[EDGE-RTT] CID:4 wall=1.0 ms  sim_delay=10.0 ms
>>> [UAV->CLOUD] BLK:5ce0|TX:7.0.0.8|CID:4|TS:8.810|SPD:20.0|HDG:-0.1|PX:176.0|PY:-50.0|L...
[PASSIVE-BEACON] SIMNOW:8.836 CID:6 ZONE:1 RXUAV:1 EDGEPORT:9998 TS:8.822 SPD:20.100 HDG:0.500 PX:196.000 PY:-20.000 LAN:2 BRK:0 RX_X:0.000 RX_Y:0.000 RX_Z:0.000
[ZONE-ROUTE] CID:6 zone=1 edge_port=9998
[EDGE-RTT] CID:6 wall=1.1 ms  sim_delay=10.0 ms
>>> [UAV->CLOUD] BLK:7d85|TX:7.0.0.10|CID:6|TS:8.822|SPD:20.1|HDG:0.5|PX:196.0|PY:-20.0|L...
✓ [CAR 4] ACT=OK REP=1.000 RWD=1.000 PNL=0.000 CREDIT=12
✓ [CAR 6] ACT=OK REP=0.783 RWD=1.000 PNL=0.000 CREDIT=11
[PASSIVE-BEACON] SIMNOW:8.976 CID:8 ZONE:1 RXUAV:1 EDGEPORT:9998 TS:8.962 SPD:19.700 HDG:1.700 PX:199.300 PY:-40.000 LAN:4 BRK:0 RX_X:0.000 RX_Y:0.000 RX_Z:0.000
[ZONE-ROUTE] CID:8 zone=1 edge_port=9998
[EDGE-RTT] CID:8 wall=1.2 ms  sim_delay=10.0 ms
>>> [UAV->CLOUD] BLK:469f|TX:7.0.0.12|CID:8|TS:8.962|SPD:19.7|HDG:1.7|PX:199.3|PY:-40.0|L...
[PASSIVE-BEACON] SIMNOW:8.976 CID:7 ZONE:1 RXUAV:1 EDGEPORT:9998 TS:8.962 SPD:20.200 HDG:1.600 PX:199.600 PY:-30.000 LAN:3 BRK:1 RX_X:0.000 RX_Y:0.000 RX_Z:0.000
[ZONE-ROUTE] CID:7 zone=1 edge_port=9998
[EDGE-RTT] CID:7 wall=2.0 ms  sim_delay=10.0 ms
>>> [UAV->CLOUD] BLK:0e1b|TX:7.0.0.11|CID:7|TS:8.962|SPD:20.2|HDG:1.6|PX:199.6|PY:-30.0|L...
✓ [CAR 7] ACT=OK REP=0.766 RWD=1.000 PNL=0.000 CREDIT=12
✓ [CAR 8] ACT=OK REP=0.793 RWD=1.000 PNL=0.000 CREDIT=13
[PASSIVE-BEACON] SIMNOW:8.994 CID:3 ZONE:1 RXUAV:1 EDGEPORT:9998 TS:8.980 SPD:20.100 HDG:-1.200 PX:179.400 PY:-40.000 LAN:4 BRK:0 RX_X:0.000 RX_Y:0.000 RX_Z:0.000
[ZONE-ROUTE] CID:3 zone=1 edge_port=9998
[EDGE-RTT] CID:3 wall=1.1 ms  sim_delay=10.0 ms
>>> [UAV->CLOUD] BLK:c5e3|TX:7.0.0.7|CID:3|TS:8.980|SPD:20.1|HDG:-1.2|PX:179.4|PY:-40.0|L...
[PASSIVE-BEACON] SIMNOW:9.004 CID:2 ZONE:1 RXUAV:1 EDGEPORT:9998 TS:8.990 SPD:19.600 HDG:0.500 PX:180.100 PY:-30.000 LAN:3 BRK:0 RX_X:0.000 RX_Y:0.000 RX_Z:0.000
[ZONE-ROUTE] CID:2 zone=1 edge_port=9998
[EDGE-RTT] CID:2 wall=1.1 ms  sim_delay=10.0 ms
>>> [UAV->CLOUD] BLK:6bbf|TX:7.0.0.6|CID:2|TS:8.990|SPD:19.6|HDG:0.5|PX:180.1|PY:-30.0|LA...
✓ [CAR 3] ACT=OK REP=0.819 RWD=1.000 PNL=0.000 CREDIT=12
✓ [CAR 2] ACT=OK REP=0.699 RWD=1.000 PNL=0.000 CREDIT=12
[PASSIVE-BEACON] SIMNOW:9.026 CID:9 ZONE:1 RXUAV:1 EDGEPORT:9998 TS:9.012 SPD:20.000 HDG:-0.700 PX:199.500 PY:-50.000 LAN:5 BRK:0 RX_X:0.000 RX_Y:0.000 RX_Z:0.000
[ZONE-ROUTE] CID:9 zone=1 edge_port=9998
[EDGE-RTT] CID:9 wall=1.1 ms  sim_delay=10.0 ms
>>> [UAV->CLOUD] BLK:65f2|TX:7.0.0.13|CID:9|TS:9.012|SPD:20.0|HDG:-0.7|PX:199.5|PY:-50.0|...
✓ [CAR 9] ACT=OK REP=0.749 RWD=1.000 PNL=0.000 CREDIT=12
[PASSIVE-BEACON] SIMNOW:9.074 CID:1 ZONE:1 RXUAV:1 EDGEPORT:9998 TS:9.060 SPD:20.400 HDG:0.300 PX:181.400 PY:-20.000 LAN:2 BRK:0 RX_X:0.000 RX_Y:0.000 RX_Z:0.000
[ZONE-ROUTE] CID:1 zone=1 edge_port=9998
[EDGE-RTT] CID:1 wall=1.0 ms  sim_delay=10.0 ms
>>> [UAV->CLOUD] BLK:71c8|TX:7.0.0.5|CID:1|TS:9.060|SPD:20.4|HDG:0.3|PX:181.4|PY:-20.0|LA...
✓ [CAR 1] ACT=OK REP=0.523 RWD=1.000 PNL=0.000 CREDIT=13
[PASSIVE-BEACON] SIMNOW:9.104 CID:0 ZONE:1 RXUAV:1 EDGEPORT:9998 TS:9.090 SPD:20.000 HDG:-0.300 PX:181.400 PY:-10.000 LAN:1 BRK:0 RX_X:0.000 RX_Y:0.000 RX_Z:0.000
[ZONE-ROUTE] CID:0 zone=1 edge_port=9998
[EDGE-RTT] CID:0 wall=1.1 ms  sim_delay=10.0 ms
>>> [UAV->CLOUD] BLK:7d48|TX:7.0.0.4|CID:0|TS:9.090|SPD:20.0|HDG:-0.3|PX:181.4|PY:-10.0|L...
✓ [CAR 0] ACT=OK REP=0.811 RWD=1.000 PNL=0.000 CREDIT=13
[PASSIVE-BEACON] SIMNOW:9.276 CID:5 ZONE:1 RXUAV:1 EDGEPORT:9998 TS:9.262 SPD:19.900 HDG:1.800 PX:206.000 PY:-10.000 LAN:1 BRK:0 RX_X:0.000 RX_Y:0.000 RX_Z:0.000
[ZONE-ROUTE] CID:5 zone=1 edge_port=9998
[EDGE-RTT] CID:5 wall=1.1 ms  sim_delay=10.0 ms
>>> [UAV->CLOUD] BLK:d3ca|TX:7.0.0.9|CID:5|TS:9.262|SPD:19.9|HDG:1.8|PX:206.0|PY:-10.0|LA...
✓ [CAR 5] ACT=OK REP=1.000 RWD=1.000 PNL=0.000 CREDIT=13
[PASSIVE-BEACON] SIMNOW:9.327 CID:4 ZONE:1 RXUAV:1 EDGEPORT:9998 TS:9.310 SPD:19.600 HDG:-1.600 PX:186.100 PY:-50.000 LAN:5 BRK:1 RX_X:0.000 RX_Y:0.000 RX_Z:0.000
[ZONE-ROUTE] CID:4 zone=1 edge_port=9998
[EDGE-RTT] CID:4 wall=1.3 ms  sim_delay=10.0 ms
>>> [UAV->CLOUD] BLK:3352|TX:7.0.0.8|CID:4|TS:9.310|SPD:19.6|HDG:-1.6|PX:186.1|PY:-50.0|L...
[PASSIVE-BEACON] SIMNOW:9.336 CID:6 ZONE:1 RXUAV:1 EDGEPORT:9998 TS:9.322 SPD:20.500 HDG:1.400 PX:206.800 PY:-20.000 LAN:2 BRK:0 RX_X:0.000 RX_Y:0.000 RX_Z:0.000
[ZONE-ROUTE] CID:6 zone=1 edge_port=9998
[EDGE-RTT] CID:6 wall=1.1 ms  sim_delay=10.0 ms
>>> [UAV->CLOUD] BLK:f49d|TX:7.0.0.10|CID:6|TS:9.322|SPD:20.5|HDG:1.4|PX:206.8|PY:-20.0|L...
✓ [CAR 4] ACT=OK REP=0.783 RWD=1.000 PNL=0.000 CREDIT=13
✓ [CAR 6] ACT=OK REP=0.757 RWD=1.000 PNL=0.000 CREDIT=12
[PASSIVE-BEACON] SIMNOW:9.476 CID:8 ZONE:1 RXUAV:1 EDGEPORT:9998 TS:9.462 SPD:20.400 HDG:-1.100 PX:208.800 PY:-40.000 LAN:4 BRK:0 RX_X:0.000 RX_Y:0.000 RX_Z:0.000
[ZONE-ROUTE] CID:8 zone=1 edge_port=9998
[EDGE-RTT] CID:8 wall=1.0 ms  sim_delay=10.0 ms
[TRUST-UPGRADE] CID:8 earned LANE_UPGRADE after 15 clean packets → lane 0 + 2.0 m/s
>>> [UAV->CLOUD] BLK:0242|TX:7.0.0.12|CID:8|TS:9.462|SPD:20.4|HDG:-1.1|PX:208.8|PY:-40.0|...
[PASSIVE-BEACON] SIMNOW:9.476 CID:7 ZONE:1 RXUAV:1 EDGEPORT:9998 TS:9.462 SPD:19.600 HDG:-1.100 PX:208.700 PY:-30.000 LAN:3 BRK:0 RX_X:0.000 RX_Y:0.000 RX_Z:0.000
[ZONE-ROUTE] CID:7 zone=1 edge_port=9998
[EDGE-RTT] CID:7 wall=2.3 ms  sim_delay=10.0 ms
>>> [UAV->CLOUD] BLK:18ee|TX:7.0.0.11|CID:7|TS:9.462|SPD:19.6|HDG:-1.1|PX:208.7|PY:-30.0|...
[TRUST-APPLIED] CID:8 LANE_UPGRADE → logical reward only; telemetry lane unchanged lane=4 speed unchanged=20.0 m/s [reward-speed disabled to avoid M1 false positive]
✓ [CAR 8] ACT=OK REP=0.500 RWD=1.500 PNL=0.000 CREDIT=15
✓ [CAR 8] ACT=OK REP=0.935 RWD=1.000 PNL=0.000 CREDIT=14
✓ [CAR 7] ACT=OK REP=0.711 RWD=1.000 PNL=0.000 CREDIT=13
[PASSIVE-BEACON] SIMNOW:9.494 CID:3 ZONE:1 RXUAV:1 EDGEPORT:9998 TS:9.480 SPD:19.700 HDG:1.700 PX:189.000 PY:-40.000 LAN:4 BRK:1 RX_X:0.000 RX_Y:0.000 RX_Z:0.000
[ZONE-ROUTE] CID:3 zone=1 edge_port=9998
[EDGE-RTT] CID:3 wall=1.2 ms  sim_delay=10.0 ms
>>> [UAV->CLOUD] BLK:456b|TX:7.0.0.7|CID:3|TS:9.480|SPD:19.7|HDG:1.7|PX:189.0|PY:-40.0|LA...
[PASSIVE-BEACON] SIMNOW:9.504 CID:2 ZONE:1 RXUAV:1 EDGEPORT:9998 TS:9.490 SPD:20.400 HDG:0.800 PX:189.800 PY:-30.000 LAN:3 BRK:0 RX_X:0.000 RX_Y:0.000 RX_Z:0.000
[ZONE-ROUTE] CID:2 zone=1 edge_port=9998
[EDGE-RTT] CID:2 wall=0.9 ms  sim_delay=10.0 ms
>>> [UAV->CLOUD] BLK:b078|TX:7.0.0.6|CID:2|TS:9.490|SPD:20.4|HDG:0.8|PX:189.8|PY:-30.0|LA...
✓ [CAR 3] ACT=OK REP=0.869 RWD=1.000 PNL=0.000 CREDIT=13
✓ [CAR 2] ACT=OK REP=1.000 RWD=1.000 PNL=0.000 CREDIT=13
[PASSIVE-BEACON] SIMNOW:9.526 CID:9 ZONE:1 RXUAV:1 EDGEPORT:9998 TS:9.512 SPD:19.700 HDG:-1.400 PX:209.500 PY:-50.000 LAN:5 BRK:0 RX_X:0.000 RX_Y:0.000 RX_Z:0.000
[ZONE-ROUTE] CID:9 zone=1 edge_port=9998
[EDGE-RTT] CID:9 wall=1.0 ms  sim_delay=10.0 ms
>>> [UAV->CLOUD] BLK:9afe|TX:7.0.0.13|CID:9|TS:9.512|SPD:19.7|HDG:-1.4|PX:209.5|PY:-50.0|...
✓ [CAR 9] ACT=OK REP=0.629 RWD=1.000 PNL=0.000 CREDIT=13
[PASSIVE-BEACON] SIMNOW:9.574 CID:1 ZONE:1 RXUAV:1 EDGEPORT:9998 TS:9.560 SPD:20.100 HDG:1.000 PX:191.000 PY:-20.000 LAN:2 BRK:0 RX_X:0.000 RX_Y:0.000 RX_Z:0.000
[ZONE-ROUTE] CID:1 zone=1 edge_port=9998
[EDGE-RTT] CID:1 wall=1.2 ms  sim_delay=10.0 ms
[TRUST-UPGRADE] CID:1 earned LANE_UPGRADE after 15 clean packets → lane 0 + 2.0 m/s
>>> [UAV->CLOUD] BLK:54b0|TX:7.0.0.5|CID:1|TS:9.560|SPD:20.1|HDG:1.0|PX:191.0|PY:-20.0|LA...
[TRUST-APPLIED] CID:1 LANE_UPGRADE → logical reward only; telemetry lane unchanged lane=2 speed unchanged=20.0 m/s [reward-speed disabled to avoid M1 false positive]
✓ [CAR 1] ACT=OK REP=0.500 RWD=1.500 PNL=0.000 CREDIT=15
✓ [CAR 1] ACT=OK REP=0.731 RWD=1.000 PNL=0.000 CREDIT=14
[PASSIVE-BEACON] SIMNOW:9.604 CID:0 ZONE:1 RXUAV:1 EDGEPORT:9998 TS:9.590 SPD:19.800 HDG:-1.300 PX:191.100 PY:-10.000 LAN:1 BRK:0 RX_X:0.000 RX_Y:0.000 RX_Z:0.000
[ZONE-ROUTE] CID:0 zone=1 edge_port=9998
[EDGE-RTT] CID:0 wall=1.0 ms  sim_delay=10.0 ms
[TRUST-UPGRADE] CID:0 earned LANE_UPGRADE after 15 clean packets → lane 0 + 2.0 m/s
>>> [UAV->CLOUD] BLK:0f4c|TX:7.0.0.4|CID:0|TS:9.590|SPD:19.8|HDG:-1.3|PX:191.1|PY:-10.0|L...
[TRUST-APPLIED] CID:0 LANE_UPGRADE → logical reward only; telemetry lane unchanged lane=1 speed unchanged=20.0 m/s [reward-speed disabled to avoid M1 false positive]
✓ [CAR 0] ACT=OK REP=0.500 RWD=1.500 PNL=0.000 CREDIT=15
✓ [CAR 0] ACT=OK REP=0.602 RWD=1.000 PNL=0.000 CREDIT=14
[PASSIVE-BEACON] SIMNOW:9.776 CID:5 ZONE:1 RXUAV:1 EDGEPORT:9998 TS:9.762 SPD:19.500 HDG:1.400 PX:214.600 PY:-10.000 LAN:1 BRK:0 RX_X:0.000 RX_Y:0.000 RX_Z:0.000
[ZONE-ROUTE] CID:5 zone=1 edge_port=9998
[EDGE-RTT] CID:5 wall=1.1 ms  sim_delay=10.0 ms
[TRUST-UPGRADE] CID:5 earned LANE_UPGRADE after 15 clean packets → lane 0 + 2.0 m/s
>>> [UAV->CLOUD] BLK:ab68|TX:7.0.0.9|CID:5|TS:9.762|SPD:19.5|HDG:1.4|PX:214.6|PY:-10.0|LA...
[TRUST-APPLIED] CID:5 LANE_UPGRADE → logical reward only; telemetry lane unchanged lane=1 speed unchanged=20.0 m/s [reward-speed disabled to avoid M1 false positive]
✓ [CAR 5] ACT=OK REP=0.500 RWD=1.500 PNL=0.000 CREDIT=15
✓ [CAR 5] ACT=OK REP=0.745 RWD=1.000 PNL=0.000 CREDIT=14
[PASSIVE-BEACON] SIMNOW:9.823 CID:4 ZONE:1 RXUAV:1 EDGEPORT:9998 TS:9.810 SPD:20.000 HDG:0.200 PX:196.700 PY:-50.000 LAN:5 BRK:0 RX_X:0.000 RX_Y:0.000 RX_Z:0.000
[ZONE-ROUTE] CID:4 zone=1 edge_port=9998
[EDGE-RTT] CID:4 wall=1.3 ms  sim_delay=10.0 ms
[TRUST-UPGRADE] CID:4 earned LANE_UPGRADE after 15 clean packets → lane 0 + 2.0 m/s
>>> [UAV->CLOUD] BLK:912a|TX:7.0.0.8|CID:4|TS:9.810|SPD:20.0|HDG:0.2|PX:196.7|PY:-50.0|LA...
[PASSIVE-BEACON] SIMNOW:9.836 CID:6 ZONE:1 RXUAV:1 EDGEPORT:9998 TS:9.822 SPD:20.100 HDG:-1.900 PX:216.700 PY:-20.000 LAN:2 BRK:0 RX_X:0.000 RX_Y:0.000 RX_Z:0.000
[ZONE-ROUTE] CID:6 zone=1 edge_port=9998
[EDGE-RTT] CID:6 wall=1.0 ms  sim_delay=10.0 ms
>>> [UAV->CLOUD] BLK:e551|TX:7.0.0.10|CID:6|TS:9.822|SPD:20.1|HDG:-1.9|PX:216.7|PY:-20.0|...
[TRUST-APPLIED] CID:4 LANE_UPGRADE → logical reward only; telemetry lane unchanged lane=5 speed unchanged=20.0 m/s [reward-speed disabled to avoid M1 false positive]
✓ [CAR 4] ACT=OK REP=0.500 RWD=1.500 PNL=0.000 CREDIT=15
✓ [CAR 4] ACT=OK REP=0.901 RWD=1.000 PNL=0.000 CREDIT=14
✓ [CAR 6] ACT=OK REP=0.825 RWD=1.000 PNL=0.000 CREDIT=13
[PASSIVE-BEACON] SIMNOW:9.975 CID:8 ZONE:1 RXUAV:1 EDGEPORT:9998 TS:9.962 SPD:19.700 HDG:-0.200 PX:219.700 PY:-40.000 LAN:4 BRK:0 RX_X:0.000 RX_Y:0.000 RX_Z:0.000
[ZONE-ROUTE] CID:8 zone=1 edge_port=9998
[EDGE-RTT] CID:8 wall=1.0 ms  sim_delay=10.0 ms
>>> [UAV->CLOUD] BLK:b69d|TX:7.0.0.12|CID:8|TS:9.962|SPD:19.7|HDG:-0.2|PX:219.7|PY:-40.0|...
[PASSIVE-BEACON] SIMNOW:9.975 CID:7 ZONE:1 RXUAV:1 EDGEPORT:9998 TS:9.962 SPD:19.700 HDG:-0.500 PX:218.600 PY:-30.000 LAN:3 BRK:0 RX_X:0.000 RX_Y:0.000 RX_Z:0.000
[ZONE-ROUTE] CID:7 zone=1 edge_port=9998
[EDGE-RTT] CID:7 wall=2.4 ms  sim_delay=10.0 ms
[TRUST-UPGRADE] CID:7 earned LANE_UPGRADE after 15 clean packets → lane 0 + 2.0 m/s
>>> [UAV->CLOUD] BLK:be7d|TX:7.0.0.11|CID:7|TS:9.962|SPD:19.7|HDG:-0.5|PX:218.6|PY:-30.0|...
[TRUST-APPLIED] CID:7 LANE_UPGRADE → logical reward only; telemetry lane unchanged lane=3 speed unchanged=20.0 m/s [reward-speed disabled to avoid M1 false positive]
✓ [CAR 7] ACT=OK REP=0.500 RWD=1.500 PNL=0.000 CREDIT=15
✓ [CAR 8] ACT=OK REP=0.734 RWD=1.000 PNL=0.000 CREDIT=15
✓ [CAR 7] ACT=OK REP=0.923 RWD=1.000 PNL=0.000 CREDIT=14
[PKT-DROP] UAV dropped telemetry from 7.0.0.7 (drop_rate=5%)
[PASSIVE-BEACON] SIMNOW:10.004 CID:2 ZONE:1 RXUAV:1 EDGEPORT:9998 TS:9.990 SPD:19.900 HDG:-1.900 PX:200.400 PY:-30.000 LAN:3 BRK:0 RX_X:0.000 RX_Y:0.000 RX_Z:0.000
[ZONE-ROUTE] CID:2 zone=1 edge_port=9998
[EDGE-RTT] CID:2 wall=1.2 ms  sim_delay=10.0 ms
[TRUST-UPGRADE] CID:2 earned LANE_UPGRADE after 15 clean packets → lane 0 + 2.0 m/s
>>> [UAV->CLOUD] BLK:1f56|TX:7.0.0.6|CID:2|TS:9.990|SPD:19.9|HDG:-1.9|PX:200.4|PY:-30.0|L...
[TRUST-APPLIED] CID:2 LANE_UPGRADE → logical reward only; telemetry lane unchanged lane=3 speed unchanged=20.0 m/s [reward-speed disabled to avoid M1 false positive]
✓ [CAR 2] ACT=OK REP=0.500 RWD=1.500 PNL=0.000 CREDIT=15
✓ [CAR 2] ACT=OK REP=0.625 RWD=1.000 PNL=0.000 CREDIT=14
[PASSIVE-BEACON] SIMNOW:10.026 CID:9 ZONE:1 RXUAV:1 EDGEPORT:9998 TS:10.012 SPD:20.200 HDG:0.600 PX:219.900 PY:-50.000 LAN:5 BRK:0 RX_X:0.000 RX_Y:0.000 RX_Z:0.000
[ZONE-ROUTE] CID:9 zone=1 edge_port=9998
[EDGE-RTT] CID:9 wall=1.2 ms  sim_delay=10.0 ms
[TRUST-UPGRADE] CID:9 earned LANE_UPGRADE after 15 clean packets → lane 0 + 2.0 m/s
>>> [UAV->CLOUD] BLK:af35|TX:7.0.0.13|CID:9|TS:10.012|SPD:20.2|HDG:0.6|PX:219.9|PY:-50.0|...
[TRUST-APPLIED] CID:9 LANE_UPGRADE → logical reward only; telemetry lane unchanged lane=5 speed unchanged=20.0 m/s [reward-speed disabled to avoid M1 false positive]
✓ [CAR 9] ACT=OK REP=0.500 RWD=1.500 PNL=0.000 CREDIT=15
✓ [CAR 9] ACT=OK REP=0.955 RWD=1.000 PNL=0.000 CREDIT=14
[PASSIVE-BEACON] SIMNOW:10.074 CID:1 ZONE:1 RXUAV:1 EDGEPORT:9998 TS:10.060 SPD:20.400 HDG:1.500 PX:200.900 PY:-20.000 LAN:2 BRK:0 RX_X:0.000 RX_Y:0.000 RX_Z:0.000
[ZONE-ROUTE] CID:1 zone=1 edge_port=9998
[EDGE-RTT] CID:1 wall=1.1 ms  sim_delay=10.0 ms
>>> [UAV->CLOUD] BLK:6d7e|TX:7.0.0.5|CID:1|TS:10.060|SPD:20.4|HDG:1.5|PX:200.9|PY:-20.0|L...
✓ [CAR 1] ACT=OK REP=1.000 RWD=1.000 PNL=0.000 CREDIT=15
[PASSIVE-BEACON] SIMNOW:10.104 CID:0 ZONE:1 RXUAV:1 EDGEPORT:9998 TS:10.090 SPD:20.400 HDG:1.100 PX:201.800 PY:-10.000 LAN:1 BRK:0 RX_X:0.000 RX_Y:0.000 RX_Z:0.000
[ZONE-ROUTE] CID:0 zone=1 edge_port=9998
[EDGE-RTT] CID:0 wall=1.1 ms  sim_delay=10.0 ms
>>> [UAV->CLOUD] BLK:c550|TX:7.0.0.4|CID:0|TS:10.090|SPD:20.4|HDG:1.1|PX:201.8|PY:-10.0|L...
✓ [CAR 0] ACT=OK REP=1.000 RWD=1.000 PNL=0.000 CREDIT=15
[PASSIVE-BEACON] SIMNOW:10.276 CID:5 ZONE:1 RXUAV:1 EDGEPORT:9998 TS:10.262 SPD:19.800 HDG:-0.400 PX:225.300 PY:-10.000 LAN:1 BRK:0 RX_X:0.000 RX_Y:0.000 RX_Z:0.000
[ZONE-ROUTE] CID:5 zone=1 edge_port=9998
[EDGE-RTT] CID:5 wall=1.1 ms  sim_delay=10.0 ms
>>> [UAV->CLOUD] BLK:60d5|TX:7.0.0.9|CID:5|TS:10.262|SPD:19.8|HDG:-0.4|PX:225.3|PY:-10.0|...
✓ [CAR 5] ACT=OK REP=0.892 RWD=1.000 PNL=0.000 CREDIT=15
[PASSIVE-BEACON] SIMNOW:10.324 CID:4 ZONE:1 RXUAV:1 EDGEPORT:9998 TS:10.310 SPD:20.100 HDG:-1.300 PX:206.000 PY:-50.000 LAN:5 BRK:0 RX_X:0.000 RX_Y:0.000 RX_Z:0.000
[ZONE-ROUTE] CID:4 zone=1 edge_port=9998
[EDGE-RTT] CID:4 wall=1.1 ms  sim_delay=10.0 ms
>>> [UAV->CLOUD] BLK:306b|TX:7.0.0.8|CID:4|TS:10.310|SPD:20.1|HDG:-1.3|PX:206.0|PY:-50.0|...
[PASSIVE-BEACON] SIMNOW:10.336 CID:6 ZONE:1 RXUAV:1 EDGEPORT:9998 TS:10.322 SPD:19.800 HDG:-0.200 PX:226.200 PY:-20.000 LAN:2 BRK:0 RX_X:0.000 RX_Y:0.000 RX_Z:0.000
[ZONE-ROUTE] CID:6 zone=1 edge_port=9998
[EDGE-RTT] CID:6 wall=1.1 ms  sim_delay=10.0 ms
[TRUST-UPGRADE] CID:6 earned LANE_UPGRADE after 15 clean packets → lane 0 + 2.0 m/s
>>> [UAV->CLOUD] BLK:5b4f|TX:7.0.0.10|CID:6|TS:10.322|SPD:19.8|HDG:-0.2|PX:226.2|PY:-20.0...
✓ [CAR 4] ACT=OK REP=0.825 RWD=1.000 PNL=0.000 CREDIT=15
[TRUST-APPLIED] CID:6 LANE_UPGRADE → logical reward only; telemetry lane unchanged lane=2 speed unchanged=20.000 m/s [reward-speed disabled to avoid M1 false positive]
✓ [CAR 6] ACT=OK REP=0.500 RWD=1.500 PNL=0.000 CREDIT=15
✓ [CAR 6] ACT=OK REP=1.000 RWD=1.000 PNL=0.000 CREDIT=14
[PASSIVE-BEACON] SIMNOW:10.476 CID:8 ZONE:1 RXUAV:1 EDGEPORT:9998 TS:10.462 SPD:19.600 HDG:-0.600 PX:229.300 PY:-40.000 LAN:4 BRK:0 RX_X:0.000 RX_Y:0.000 RX_Z:0.000
[ZONE-ROUTE] CID:8 zone=1 edge_port=9998
[EDGE-RTT] CID:8 wall=1.2 ms  sim_delay=10.0 ms
>>> [UAV->CLOUD] BLK:8410|TX:7.0.0.12|CID:8|TS:10.462|SPD:19.6|HDG:-0.6|PX:229.3|PY:-40.0...
[PASSIVE-BEACON] SIMNOW:10.476 CID:7 ZONE:1 RXUAV:1 EDGEPORT:9998 TS:10.462 SPD:20.000 HDG:-0.600 PX:229.800 PY:-30.000 LAN:3 BRK:0 RX_X:0.000 RX_Y:0.000 RX_Z:0.000
[ZONE-ROUTE] CID:7 zone=1 edge_port=9998
[EDGE-RTT] CID:7 wall=2.2 ms  sim_delay=10.0 ms
>>> [UAV->CLOUD] BLK:e741|TX:7.0.0.11|CID:7|TS:10.462|SPD:20.0|HDG:-0.6|PX:229.8|PY:-30.0...
✓ [CAR 8] ACT=OK REP=0.998 RWD=1.000 PNL=0.000 CREDIT=16
✓ [CAR 7] ACT=OK REP=0.799 RWD=1.000 PNL=0.000 CREDIT=15
[PASSIVE-BEACON] SIMNOW:10.494 CID:3 ZONE:1 RXUAV:1 EDGEPORT:9998 TS:10.480 SPD:20.200 HDG:-1.700 PX:209.800 PY:-40.000 LAN:4 BRK:0 RX_X:0.000 RX_Y:0.000 RX_Z:0.000
[ZONE-ROUTE] CID:3 zone=1 edge_port=9998
[EDGE-RTT] CID:3 wall=1.2 ms  sim_delay=10.0 ms
[TRUST-UPGRADE] CID:3 earned LANE_UPGRADE after 15 clean packets → lane 0 + 2.0 m/s
>>> [UAV->CLOUD] BLK:07db|TX:7.0.0.7|CID:3|TS:10.480|SPD:20.2|HDG:-1.7|PX:209.8|PY:-40.0|...
[PASSIVE-BEACON] SIMNOW:10.504 CID:2 ZONE:1 RXUAV:1 EDGEPORT:9998 TS:10.490 SPD:20.000 HDG:0.100 PX:209.400 PY:-30.000 LAN:3 BRK:0 RX_X:0.000 RX_Y:0.000 RX_Z:0.000
[ZONE-ROUTE] CID:2 zone=1 edge_port=9998
[EDGE-RTT] CID:2 wall=1.1 ms  sim_delay=10.0 ms
>>> [UAV->CLOUD] BLK:352d|TX:7.0.0.6|CID:2|TS:10.490|SPD:20.0|HDG:0.1|PX:209.4|PY:-30.0|L...
[TRUST-APPLIED] CID:3 LANE_UPGRADE → logical reward only; telemetry lane unchanged lane=4 speed unchanged=20.0 m/s [reward-speed disabled to avoid M1 false positive]
✓ [CAR 3] ACT=OK REP=0.500 RWD=1.500 PNL=0.000 CREDIT=15
✓ [CAR 3] ACT=OK REP=1.000 RWD=1.000 PNL=0.000 CREDIT=14
✓ [CAR 2] ACT=OK REP=0.975 RWD=1.000 PNL=0.000 CREDIT=15
[PASSIVE-BEACON] SIMNOW:10.526 CID:9 ZONE:1 RXUAV:1 EDGEPORT:9998 TS:10.512 SPD:19.900 HDG:-0.700 PX:230.600 PY:-50.000 LAN:5 BRK:0 RX_X:0.000 RX_Y:0.000 RX_Z:0.000
[ZONE-ROUTE] CID:9 zone=1 edge_port=9998
[EDGE-RTT] CID:9 wall=1.3 ms  sim_delay=10.0 ms
>>> [UAV->CLOUD] BLK:00be|TX:7.0.0.13|CID:9|TS:10.512|SPD:19.9|HDG:-0.7|PX:230.6|PY:-50.0...
✓ [CAR 9] ACT=OK REP=0.573 RWD=1.000 PNL=0.000 CREDIT=15
[PASSIVE-BEACON] SIMNOW:10.574 CID:1 ZONE:1 RXUAV:1 EDGEPORT:9998 TS:10.560 SPD:20.100 HDG:1.000 PX:210.800 PY:-20.000 LAN:2 BRK:1 RX_X:0.000 RX_Y:0.000 RX_Z:0.000
[ZONE-ROUTE] CID:1 zone=1 edge_port=9998
[EDGE-RTT] CID:1 wall=1.2 ms  sim_delay=10.0 ms
>>> [UAV->CLOUD] BLK:8785|TX:7.0.0.5|CID:1|TS:10.560|SPD:20.1|HDG:1.0|PX:210.8|PY:-20.0|L...
✓ [CAR 1] ACT=OK REP=0.988 RWD=1.000 PNL=0.000 CREDIT=16
[PASSIVE-BEACON] SIMNOW:10.602 CID:0 ZONE:1 RXUAV:1 EDGEPORT:9998 TS:10.590 SPD:20.300 HDG:-1.100 PX:211.800 PY:-10.000 LAN:1 BRK:0 RX_X:0.000 RX_Y:0.000 RX_Z:0.000
[ZONE-ROUTE] CID:0 zone=1 edge_port=9998
[EDGE-RTT] CID:0 wall=1.0 ms  sim_delay=10.0 ms
>>> [UAV->CLOUD] BLK:697f|TX:7.0.0.4|CID:0|TS:10.590|SPD:20.3|HDG:-1.1|PX:211.8|PY:-10.0|...
✓ [CAR 0] ACT=OK REP=0.979 RWD=1.000 PNL=0.000 CREDIT=16
[PASSIVE-BEACON] SIMNOW:10.776 CID:5 ZONE:1 RXUAV:1 EDGEPORT:9998 TS:10.762 SPD:20.400 HDG:0.400 PX:234.700 PY:-10.000 LAN:1 BRK:1 RX_X:0.000 RX_Y:0.000 RX_Z:0.000
[ZONE-ROUTE] CID:5 zone=1 edge_port=9998
[EDGE-RTT] CID:5 wall=1.3 ms  sim_delay=10.0 ms
>>> [UAV->CLOUD] BLK:2b20|TX:7.0.0.9|CID:5|TS:10.762|SPD:20.4|HDG:0.4|PX:234.7|PY:-10.0|L...
✓ [CAR 5] ACT=OK REP=0.686 RWD=1.000 PNL=0.000 CREDIT=16
[PASSIVE-BEACON] SIMNOW:10.827 CID:4 ZONE:1 RXUAV:1 EDGEPORT:9998 TS:10.810 SPD:19.900 HDG:1.700 PX:216.300 PY:-50.000 LAN:5 BRK:1 RX_X:0.000 RX_Y:0.000 RX_Z:0.000
[ZONE-ROUTE] CID:4 zone=1 edge_port=9998
[EDGE-RTT] CID:4 wall=1.1 ms  sim_delay=10.0 ms
>>> [UAV->CLOUD] BLK:f535|TX:7.0.0.8|CID:4|TS:10.810|SPD:19.9|HDG:1.7|PX:216.3|PY:-50.0|L...
[PASSIVE-BEACON] SIMNOW:10.836 CID:6 ZONE:1 RXUAV:1 EDGEPORT:9998 TS:10.822 SPD:20.100 HDG:-1.700 PX:237.000 PY:-20.000 LAN:2 BRK:0 RX_X:0.000 RX_Y:0.000 RX_Z:0.000
[ZONE-ROUTE] CID:6 zone=1 edge_port=9998
[EDGE-RTT] CID:6 wall=0.7 ms  sim_delay=10.0 ms
>>> [UAV->CLOUD] BLK:d528|TX:7.0.0.10|CID:6|TS:10.822|SPD:20.1|HDG:-1.7|PX:237.0|PY:-20.0...
✓ [CAR 4] ACT=OK REP=0.805 RWD=1.000 PNL=0.000 CREDIT=16
✓ [CAR 6] ACT=OK REP=1.000 RWD=1.000 PNL=0.000 CREDIT=15
[PASSIVE-BEACON] SIMNOW:10.976 CID:8 ZONE:1 RXUAV:1 EDGEPORT:9998 TS:10.962 SPD:20.100 HDG:0.600 PX:238.600 PY:-40.000 LAN:4 BRK:0 RX_X:0.000 RX_Y:0.000 RX_Z:0.000
[ZONE-ROUTE] CID:8 zone=1 edge_port=9998
[EDGE-RTT] CID:8 wall=1.2 ms  sim_delay=10.0 ms
>>> [UAV->CLOUD] BLK:0af6|TX:7.0.0.12|CID:8|TS:10.962|SPD:20.1|HDG:0.6|PX:238.6|PY:-40.0|...
[PASSIVE-BEACON] SIMNOW:10.976 CID:7 ZONE:1 RXUAV:1 EDGEPORT:9998 TS:10.962 SPD:20.000 HDG:1.000 PX:239.900 PY:-30.000 LAN:3 BRK:0 RX_X:0.000 RX_Y:0.000 RX_Z:0.000
[ZONE-ROUTE] CID:7 zone=1 edge_port=9998
[EDGE-RTT] CID:7 wall=0.7 ms  sim_delay=10.0 ms
>>> [UAV->CLOUD] BLK:e5ff|TX:7.0.0.11|CID:7|TS:10.962|SPD:20.0|HDG:1.0|PX:239.9|PY:-30.0|...
✓ [CAR 7] ACT=OK REP=0.751 RWD=1.000 PNL=0.000 CREDIT=16
✓ [CAR 8] ACT=OK REP=0.935 RWD=1.000 PNL=0.000 CREDIT=17
[PASSIVE-BEACON] SIMNOW:10.994 CID:3 ZONE:1 RXUAV:1 EDGEPORT:9998 TS:10.980 SPD:20.400 HDG:-1.900 PX:220.300 PY:-40.000 LAN:4 BRK:0 RX_X:0.000 RX_Y:0.000 RX_Z:0.000
[ZONE-ROUTE] CID:3 zone=1 edge_port=9998
[EDGE-RTT] CID:3 wall=1.1 ms  sim_delay=10.0 ms
>>> [UAV->CLOUD] BLK:a999|TX:7.0.0.7|CID:3|TS:10.980|SPD:20.4|HDG:-1.9|PX:220.3|PY:-40.0|...
[PASSIVE-BEACON] SIMNOW:11.004 CID:2 ZONE:1 RXUAV:1 EDGEPORT:9998 TS:10.990 SPD:20.300 HDG:0.300 PX:219.700 PY:-30.000 LAN:3 BRK:0 RX_X:0.000 RX_Y:0.000 RX_Z:0.000
[ZONE-ROUTE] CID:2 zone=1 edge_port=9998
[EDGE-RTT] CID:2 wall=1.1 ms  sim_delay=10.0 ms
>>> [UAV->CLOUD] BLK:7eef|TX:7.0.0.6|CID:2|TS:10.990|SPD:20.3|HDG:0.3|PX:219.7|PY:-30.0|L...
✓ [CAR 3] ACT=OK REP=0.973 RWD=1.000 PNL=0.000 CREDIT=15
✓ [CAR 2] ACT=OK REP=1.000 RWD=1.000 PNL=0.000 CREDIT=16
[PASSIVE-BEACON] SIMNOW:11.026 CID:9 ZONE:1 RXUAV:1 EDGEPORT:9998 TS:11.012 SPD:20.100 HDG:-1.800 PX:240.800 PY:-50.000 LAN:5 BRK:0 RX_X:0.000 RX_Y:0.000 RX_Z:0.000
[ZONE-ROUTE] CID:9 zone=1 edge_port=9998
[EDGE-RTT] CID:9 wall=1.2 ms  sim_delay=10.0 ms
>>> [UAV->CLOUD] BLK:f281|TX:7.0.0.13|CID:9|TS:11.012|SPD:20.1|HDG:-1.8|PX:240.8|PY:-50.0...
✓ [CAR 9] ACT=OK REP=0.883 RWD=1.000 PNL=0.000 CREDIT=16
[PASSIVE-BEACON] SIMNOW:11.072 CID:1 ZONE:1 RXUAV:1 EDGEPORT:9998 TS:11.060 SPD:19.900 HDG:0.700 PX:220.900 PY:-20.000 LAN:2 BRK:1 RX_X:0.000 RX_Y:0.000 RX_Z:0.000
[ZONE-ROUTE] CID:1 zone=1 edge_port=9998
[EDGE-RTT] CID:1 wall=1.2 ms  sim_delay=10.0 ms
>>> [UAV->CLOUD] BLK:ee10|TX:7.0.0.5|CID:1|TS:11.060|SPD:19.9|HDG:0.7|PX:220.9|PY:-20.0|L...
✓ [CAR 1] ACT=OK REP=0.954 RWD=1.000 PNL=0.000 CREDIT=17
[PASSIVE-BEACON] SIMNOW:11.104 CID:0 ZONE:1 RXUAV:1 EDGEPORT:9998 TS:11.090 SPD:20.200 HDG:0.300 PX:222.000 PY:-10.000 LAN:1 BRK:0 RX_X:0.000 RX_Y:0.000 RX_Z:0.000
[ZONE-ROUTE] CID:0 zone=1 edge_port=9998
[EDGE-RTT] CID:0 wall=1.2 ms  sim_delay=10.0 ms
>>> [UAV->CLOUD] BLK:fce6|TX:7.0.0.4|CID:0|TS:11.090|SPD:20.2|HDG:0.3|PX:222.0|PY:-10.0|L...
✓ [CAR 0] ACT=OK REP=1.000 RWD=1.000 PNL=0.000 CREDIT=17
[PASSIVE-BEACON] SIMNOW:11.274 CID:5 ZONE:1 RXUAV:1 EDGEPORT:9998 TS:11.262 SPD:19.600 HDG:1.000 PX:245.300 PY:-10.000 LAN:1 BRK:0 RX_X:0.000 RX_Y:0.000 RX_Z:0.000
[ZONE-ROUTE] CID:5 zone=1 edge_port=9998
[EDGE-RTT] CID:5 wall=1.2 ms  sim_delay=10.0 ms
>>> [UAV->CLOUD] BLK:5f7a|TX:7.0.0.9|CID:5|TS:11.262|SPD:19.6|HDG:1.0|PX:245.3|PY:-10.0|L...
✓ [CAR 5] ACT=OK REP=1.000 RWD=1.000 PNL=0.000 CREDIT=17
[PASSIVE-BEACON] SIMNOW:11.333 CID:4 ZONE:1 RXUAV:1 EDGEPORT:9998 TS:11.310 SPD:20.000 HDG:0.400 PX:226.300 PY:-50.000 LAN:5 BRK:0 RX_X:0.000 RX_Y:0.000 RX_Z:0.000
[ZONE-ROUTE] CID:4 zone=1 edge_port=9998
[EDGE-RTT] CID:4 wall=1.0 ms  sim_delay=10.0 ms
>>> [UAV->CLOUD] BLK:ead6|TX:7.0.0.8|CID:4|TS:11.310|SPD:20.0|HDG:0.4|PX:226.3|PY:-50.0|L...
[PASSIVE-BEACON] SIMNOW:11.336 CID:6 ZONE:1 RXUAV:1 EDGEPORT:9998 TS:11.322 SPD:20.400 HDG:-0.900 PX:246.900 PY:-20.000 LAN:2 BRK:0 RX_X:0.000 RX_Y:0.000 RX_Z:0.000
[ZONE-ROUTE] CID:6 zone=1 edge_port=9998
[EDGE-RTT] CID:6 wall=0.9 ms  sim_delay=10.0 ms
>>> [UAV->CLOUD] BLK:6a9f|TX:7.0.0.10|CID:6|TS:11.322|SPD:20.4|HDG:-0.9|PX:246.9|PY:-20.0...
✓ [CAR 4] ACT=OK REP=0.825 RWD=1.000 PNL=0.000 CREDIT=17
✓ [CAR 6] ACT=OK REP=1.000 RWD=1.000 PNL=0.000 CREDIT=16
[PASSIVE-BEACON] SIMNOW:11.475 CID:8 ZONE:1 RXUAV:1 EDGEPORT:9998 TS:11.462 SPD:19.500 HDG:0.600 PX:248.600 PY:-40.000 LAN:4 BRK:0 RX_X:0.000 RX_Y:0.000 RX_Z:0.000
[ZONE-ROUTE] CID:8 zone=1 edge_port=9998
[EDGE-RTT] CID:8 wall=1.0 ms  sim_delay=10.0 ms
>>> [UAV->CLOUD] BLK:ed72|TX:7.0.0.12|CID:8|TS:11.462|SPD:19.5|HDG:0.6|PX:248.6|PY:-40.0|...
[PASSIVE-BEACON] SIMNOW:11.475 CID:7 ZONE:1 RXUAV:1 EDGEPORT:9998 TS:11.462 SPD:19.900 HDG:-0.300 PX:249.600 PY:-30.000 LAN:3 BRK:0 RX_X:0.000 RX_Y:0.000 RX_Z:0.000
[ZONE-ROUTE] CID:7 zone=1 edge_port=9998
[EDGE-RTT] CID:7 wall=2.5 ms  sim_delay=10.0 ms
>>> [UAV->CLOUD] BLK:f8ff|TX:7.0.0.11|CID:7|TS:11.462|SPD:19.9|HDG:-0.3|PX:249.6|PY:-30.0...
✓ [CAR 8] ACT=OK REP=0.863 RWD=1.000 PNL=0.000 CREDIT=18
✓ [CAR 7] ACT=OK REP=0.766 RWD=1.000 PNL=0.000 CREDIT=17
[PASSIVE-BEACON] SIMNOW:11.494 CID:3 ZONE:1 RXUAV:1 EDGEPORT:9998 TS:11.480 SPD:20.200 HDG:-1.200 PX:230.100 PY:-40.000 LAN:4 BRK:1 RX_X:0.000 RX_Y:0.000 RX_Z:0.000
[ZONE-ROUTE] CID:3 zone=1 edge_port=9998
[EDGE-RTT] CID:3 wall=1.0 ms  sim_delay=10.0 ms
>>> [UAV->CLOUD] BLK:8a35|TX:7.0.0.7|CID:3|TS:11.480|SPD:20.2|HDG:-1.2|PX:230.1|PY:-40.0|...
[PKT-DROP] UAV dropped telemetry from 7.0.0.6 (drop_rate=5%)
✓ [CAR 3] ACT=OK REP=0.932 RWD=1.000 PNL=0.000 CREDIT=16
[PASSIVE-BEACON] SIMNOW:11.526 CID:9 ZONE:1 RXUAV:1 EDGEPORT:9998 TS:11.512 SPD:19.800 HDG:0.000 PX:249.700 PY:-50.000 LAN:5 BRK:0 RX_X:0.000 RX_Y:0.000 RX_Z:0.000
[ZONE-ROUTE] CID:9 zone=1 edge_port=9998
[EDGE-RTT] CID:9 wall=1.1 ms  sim_delay=10.0 ms
>>> [UAV->CLOUD] BLK:bfb6|TX:7.0.0.13|CID:9|TS:11.512|SPD:19.8|HDG:0.0|PX:249.7|PY:-50.0|...
✓ [CAR 9] ACT=OK REP=0.803 RWD=1.000 PNL=0.000 CREDIT=17
[PASSIVE-BEACON] SIMNOW:11.574 CID:1 ZONE:1 RXUAV:1 EDGEPORT:9998 TS:11.560 SPD:20.000 HDG:0.100 PX:230.900 PY:-20.000 LAN:2 BRK:0 RX_X:0.000 RX_Y:0.000 RX_Z:0.000
[ZONE-ROUTE] CID:1 zone=1 edge_port=9998
[EDGE-RTT] CID:1 wall=1.0 ms  sim_delay=10.0 ms
>>> [UAV->CLOUD] BLK:4f50|TX:7.0.0.5|CID:1|TS:11.560|SPD:20.0|HDG:0.1|PX:230.9|PY:-20.0|L...
✓ [CAR 1] ACT=OK REP=0.893 RWD=1.000 PNL=0.000 CREDIT=18
[PASSIVE-BEACON] SIMNOW:11.604 CID:0 ZONE:1 RXUAV:1 EDGEPORT:9998 TS:11.590 SPD:20.200 HDG:-1.600 PX:231.700 PY:-10.000 LAN:1 BRK:0 RX_X:0.000 RX_Y:0.000 RX_Z:0.000
[ZONE-ROUTE] CID:0 zone=1 edge_port=9998
[EDGE-RTT] CID:0 wall=1.2 ms  sim_delay=10.0 ms
>>> [UAV->CLOUD] BLK:c5af|TX:7.0.0.4|CID:0|TS:11.590|SPD:20.2|HDG:-1.6|PX:231.7|PY:-10.0|...
✓ [CAR 0] ACT=OK REP=1.000 RWD=1.000 PNL=0.000 CREDIT=18
[PKT-DROP] UAV dropped telemetry from 7.0.0.9 (drop_rate=5%)
[PASSIVE-BEACON] SIMNOW:11.834 CID:6 ZONE:1 RXUAV:1 EDGEPORT:9998 TS:11.822 SPD:19.700 HDG:1.300 PX:257.000 PY:-20.000 LAN:2 BRK:0 RX_X:0.000 RX_Y:0.000 RX_Z:0.000
[ZONE-ROUTE] CID:6 zone=1 edge_port=9998
[EDGE-RTT] CID:6 wall=1.2 ms  sim_delay=10.0 ms
>>> [UAV->CLOUD] BLK:c40b|TX:7.0.0.10|CID:6|TS:11.822|SPD:19.7|HDG:1.3|PX:257.0|PY:-20.0|...
✓ [CAR 6] ACT=OK REP=0.944 RWD=1.000 PNL=0.000 CREDIT=17
[PASSIVE-BEACON] SIMNOW:11.976 CID:8 ZONE:1 RXUAV:1 EDGEPORT:9998 TS:11.962 SPD:20.100 HDG:-1.800 PX:259.100 PY:-40.000 LAN:4 BRK:0 RX_X:0.000 RX_Y:0.000 RX_Z:0.000
[ZONE-ROUTE] CID:8 zone=1 edge_port=9998
[EDGE-RTT] CID:8 wall=1.0 ms  sim_delay=10.0 ms
[TRUST-UPGRADE] CID:8 earned REDUCE_SCRUTINY after 20 clean packets → latency × 0.5
>>> [UAV->CLOUD] BLK:7255|TX:7.0.0.12|CID:8|TS:11.962|SPD:20.1|HDG:-1.8|PX:259.1|PY:-40.0...
[PASSIVE-BEACON] SIMNOW:11.976 CID:7 ZONE:1 RXUAV:1 EDGEPORT:9998 TS:11.962 SPD:20.300 HDG:-1.200 PX:258.800 PY:-30.000 LAN:3 BRK:0 RX_X:0.000 RX_Y:0.000 RX_Z:0.000
[ZONE-ROUTE] CID:7 zone=1 edge_port=9998
[EDGE-RTT] CID:7 wall=2.4 ms  sim_delay=10.0 ms
>>> [UAV->CLOUD] BLK:9f7b|TX:7.0.0.11|CID:7|TS:11.962|SPD:20.3|HDG:-1.2|PX:258.8|PY:-30.0...
[TRUST-APPLIED] CID:8 REDUCE_SCRUTINY → latency=5.0ms (was 10.0ms)
✓ [CAR 8] ACT=OK REP=0.500 RWD=1.500 PNL=0.000 CREDIT=20
✓ [CAR 8] ACT=OK REP=1.000 RWD=1.000 PNL=0.000 CREDIT=19
✓ [CAR 7] ACT=OK REP=0.862 RWD=1.000 PNL=0.000 CREDIT=18
[PKT-DROP] UAV dropped telemetry from 7.0.0.7 (drop_rate=5%)
[PASSIVE-BEACON] SIMNOW:12.004 CID:2 ZONE:1 RXUAV:1 EDGEPORT:9998 TS:11.990 SPD:20.300 HDG:1.400 PX:239.400 PY:-30.000 LAN:3 BRK:0 RX_X:0.000 RX_Y:0.000 RX_Z:0.000
[ZONE-ROUTE] CID:2 zone=1 edge_port=9998
[EDGE-RTT] CID:2 wall=1.2 ms  sim_delay=10.0 ms
>>> [UAV->CLOUD] BLK:d361|TX:7.0.0.6|CID:2|TS:11.990|SPD:20.3|HDG:1.4|PX:239.4|PY:-30.0|L...
✓ [CAR 2] ACT=OK REP=0.970 RWD=1.000 PNL=0.000 CREDIT=17
[PASSIVE-BEACON] SIMNOW:12.026 CID:9 ZONE:1 RXUAV:1 EDGEPORT:9998 TS:12.012 SPD:19.600 HDG:1.100 PX:260.700 PY:-50.000 LAN:5 BRK:0 RX_X:0.000 RX_Y:0.000 RX_Z:0.000
[ZONE-ROUTE] CID:9 zone=1 edge_port=9998
[EDGE-RTT] CID:9 wall=1.0 ms  sim_delay=10.0 ms
>>> [UAV->CLOUD] BLK:3be7|TX:7.0.0.13|CID:9|TS:12.012|SPD:19.6|HDG:1.1|PX:260.7|PY:-50.0|...
✓ [CAR 9] ACT=OK REP=1.000 RWD=1.000 PNL=0.000 CREDIT=18
[PASSIVE-BEACON] SIMNOW:12.074 CID:1 ZONE:1 RXUAV:1 EDGEPORT:9998 TS:12.060 SPD:20.300 HDG:0.800 PX:241.000 PY:-20.000 LAN:2 BRK:0 RX_X:0.000 RX_Y:0.000 RX_Z:0.000
[ZONE-ROUTE] CID:1 zone=1 edge_port=9998
[EDGE-RTT] CID:1 wall=1.1 ms  sim_delay=10.0 ms
[TRUST-UPGRADE] CID:1 earned REDUCE_SCRUTINY after 20 clean packets → latency × 0.5
>>> [UAV->CLOUD] BLK:ec5f|TX:7.0.0.5|CID:1|TS:12.060|SPD:20.3|HDG:0.8|PX:241.0|PY:-20.0|L...
[TRUST-APPLIED] CID:1 REDUCE_SCRUTINY → latency=5.0ms (was 10.0ms)
✓ [CAR 1] ACT=OK REP=0.500 RWD=1.500 PNL=0.000 CREDIT=20
✓ [CAR 1] ACT=OK REP=1.000 RWD=1.000 PNL=0.000 CREDIT=19
[PASSIVE-BEACON] SIMNOW:12.103 CID:0 ZONE:1 RXUAV:1 EDGEPORT:9998 TS:12.090 SPD:25.000 HDG:-0.300 PX:242.900 PY:-10.000 LAN:1 BRK:1 RX_X:0.000 RX_Y:0.000 RX_Z:0.000
[ZONE-ROUTE] CID:0 zone=1 edge_port=9998
[EDGE-RTT] CID:0 wall=1.1 ms  sim_delay=10.0 ms
>>> [UAV->CLOUD] BLK:97ab|TX:7.0.0.4|CID:0|TS:12.090|SPD:25.0|HDG:-0.3|PX:242.9|PY:-10.0|...
[ECON-CLAWBACK] CID:0 ACT=WARN prior_payoff=20.5 extra_penalty=16.4 new_payoff=4.0
[TRUST-REVOKED] CID:0 benefits revoked logically; lane=1 speed=20.0 latency=10.0ms
[FORGIVENESS] CID:0 WARN #1 — streak reset, benefits revoked
⚠ [CAR 0] ACT=WARN REP=0.858 RWD=0.000 PNL=16.449 CREDIT=17
[PASSIVE-BEACON] SIMNOW:12.276 CID:5 ZONE:1 RXUAV:1 EDGEPORT:9998 TS:12.262 SPD:24.700 HDG:-1.600 PX:266.400 PY:-10.000 LAN:1 BRK:1 RX_X:0.000 RX_Y:0.000 RX_Z:0.000
[ZONE-ROUTE] CID:5 zone=1 edge_port=9998
[EDGE-RTT] CID:5 wall=1.2 ms  sim_delay=10.0 ms
>>> [UAV->CLOUD] BLK:df6e|TX:7.0.0.9|CID:5|TS:12.262|SPD:24.7|HDG:-1.6|PX:266.4|PY:-10.0|...
[ECON-CLAWBACK] CID:5 ACT=WARN prior_payoff=19.5 extra_penalty=15.6 new_payoff=3.8
[TRUST-REVOKED] CID:5 benefits revoked logically; lane=1 speed=20.0 latency=10.0ms
[FORGIVENESS] CID:5 WARN #1 — streak reset, benefits revoked
⚠ [CAR 5] ACT=WARN REP=1.000 RWD=0.000 PNL=15.696 CREDIT=16
[PASSIVE-BEACON] SIMNOW:12.336 CID:6 ZONE:1 RXUAV:1 EDGEPORT:9998 TS:12.322 SPD:20.000 HDG:1.600 PX:267.100 PY:-20.000 LAN:2 BRK:1 RX_X:0.000 RX_Y:0.000 RX_Z:0.000
[ZONE-ROUTE] CID:6 zone=1 edge_port=9998
[EDGE-RTT] CID:6 wall=1.1 ms  sim_delay=10.0 ms
>>> [UAV->CLOUD] BLK:0462|TX:7.0.0.10|CID:6|TS:12.322|SPD:20.0|HDG:1.6|PX:267.1|PY:-20.0|...
✓ [CAR 6] ACT=OK REP=0.764 RWD=1.000 PNL=0.000 CREDIT=18
[PASSIVE-BEACON] SIMNOW:12.476 CID:8 ZONE:1 RXUAV:1 EDGEPORT:9998 TS:12.462 SPD:20.500 HDG:0.600 PX:269.900 PY:-40.000 LAN:4 BRK:1 RX_X:0.000 RX_Y:0.000 RX_Z:0.000
[ZONE-ROUTE] CID:8 zone=1 edge_port=9998
[EDGE-RTT] CID:8 wall=1.6 ms  sim_delay=5.0 ms
>>> [UAV->CLOUD] BLK:165b|TX:7.0.0.12|CID:8|TS:12.462|SPD:20.5|HDG:0.6|PX:269.9|PY:-40.0|...
[PASSIVE-BEACON] SIMNOW:12.476 CID:7 ZONE:1 RXUAV:1 EDGEPORT:9998 TS:12.462 SPD:19.600 HDG:1.200 PX:269.200 PY:-30.000 LAN:3 BRK:0 RX_X:0.000 RX_Y:0.000 RX_Z:0.000
[ZONE-ROUTE] CID:7 zone=1 edge_port=9998
[EDGE-RTT] CID:7 wall=2.5 ms  sim_delay=10.0 ms
[TRUST-UPGRADE] CID:7 earned REDUCE_SCRUTINY after 20 clean packets → latency × 0.5
>>> [UAV->CLOUD] BLK:ad31|TX:7.0.0.11|CID:7|TS:12.462|SPD:19.6|HDG:1.2|PX:269.2|PY:-30.0|...
[TRUST-APPLIED] CID:7 REDUCE_SCRUTINY → latency=5.0ms (was 10.0ms)
✓ [CAR 7] ACT=OK REP=0.500 RWD=1.500 PNL=0.000 CREDIT=20
✓ [CAR 8] ACT=OK REP=0.757 RWD=1.000 PNL=0.000 CREDIT=20
✓ [CAR 7] ACT=OK REP=1.000 RWD=1.000 PNL=0.000 CREDIT=19
[PKT-DROP] UAV dropped telemetry from 7.0.0.7 (drop_rate=5%)
[PASSIVE-BEACON] SIMNOW:12.504 CID:2 ZONE:1 RXUAV:1 EDGEPORT:9998 TS:12.490 SPD:19.800 HDG:1.800 PX:249.700 PY:-30.000 LAN:3 BRK:0 RX_X:0.000 RX_Y:0.000 RX_Z:0.000
[ZONE-ROUTE] CID:2 zone=1 edge_port=9998
[EDGE-RTT] CID:2 wall=1.2 ms  sim_delay=10.0 ms
>>> [UAV->CLOUD] BLK:d5fc|TX:7.0.0.6|CID:2|TS:12.490|SPD:19.8|HDG:1.8|PX:249.7|PY:-30.0|L...
✓ [CAR 2] ACT=OK REP=0.875 RWD=1.000 PNL=0.000 CREDIT=18
[PKT-DROP] UAV dropped telemetry from 7.0.0.13 (drop_rate=5%)
[PASSIVE-BEACON] SIMNOW:12.573 CID:1 ZONE:1 RXUAV:1 EDGEPORT:9998 TS:12.560 SPD:20.000 HDG:0.300 PX:250.900 PY:-20.000 LAN:2 BRK:0 RX_X:0.000 RX_Y:0.000 RX_Z:0.000
[ZONE-ROUTE] CID:1 zone=1 edge_port=9998
[EDGE-RTT] CID:1 wall=1.0 ms  sim_delay=5.0 ms
>>> [UAV->CLOUD] BLK:7628|TX:7.0.0.5|CID:1|TS:12.560|SPD:20.0|HDG:0.3|PX:250.9|PY:-20.0|L...
✓ [CAR 1] ACT=OK REP=1.000 RWD=1.000 PNL=0.000 CREDIT=20
[PASSIVE-BEACON] SIMNOW:12.604 CID:0 ZONE:1 RXUAV:1 EDGEPORT:9998 TS:12.590 SPD:24.800 HDG:-0.300 PX:255.100 PY:-10.000 LAN:1 BRK:0 RX_X:0.000 RX_Y:0.000 RX_Z:0.000
[ZONE-ROUTE] CID:0 zone=1 edge_port=9998
[EDGE-RTT] CID:0 wall=1.0 ms  sim_delay=10.0 ms
>>> [UAV->CLOUD] BLK:8407|TX:7.0.0.4|CID:0|TS:12.590|SPD:24.8|HDG:-0.3|PX:255.1|PY:-10.0|...
[ECON-CLAWBACK] CID:0 ACT=WARN prior_payoff=4.0 extra_penalty=3.3 new_payoff=0.7
[FORGIVENESS] CID:0 WARN #2 — streak reset, benefits revoked
⚠ [CAR 0] ACT=WARN REP=0.636 RWD=0.000 PNL=3.369 CREDIT=-2
[PASSIVE-BEACON] SIMNOW:12.775 CID:5 ZONE:1 RXUAV:1 EDGEPORT:9998 TS:12.762 SPD:25.200 HDG:1.600 PX:279.400 PY:-10.000 LAN:1 BRK:0 RX_X:0.000 RX_Y:0.000 RX_Z:0.000
[ZONE-ROUTE] CID:5 zone=1 edge_port=9998
[EDGE-RTT] CID:5 wall=1.2 ms  sim_delay=10.0 ms
>>> [UAV->CLOUD] BLK:80d1|TX:7.0.0.9|CID:5|TS:12.762|SPD:25.2|HDG:1.6|PX:279.4|PY:-10.0|L...
[ECON-CLAWBACK] CID:5 ACT=WARN prior_payoff=3.8 extra_penalty=3.1 new_payoff=0.6
[FORGIVENESS] CID:5 WARN #2 — streak reset, benefits revoked
⚠ [CAR 5] ACT=WARN REP=1.000 RWD=0.000 PNL=3.245 CREDIT=-2
[PASSIVE-BEACON] SIMNOW:12.836 CID:6 ZONE:1 RXUAV:1 EDGEPORT:9998 TS:12.822 SPD:20.100 HDG:-1.900 PX:276.300 PY:-20.000 LAN:2 BRK:1 RX_X:0.000 RX_Y:0.000 RX_Z:0.000
[ZONE-ROUTE] CID:6 zone=1 edge_port=9998
[EDGE-RTT] CID:6 wall=1.1 ms  sim_delay=10.0 ms
[TRUST-UPGRADE] CID:6 earned REDUCE_SCRUTINY after 20 clean packets → latency × 0.5
>>> [UAV->CLOUD] BLK:0016|TX:7.0.0.10|CID:6|TS:12.822|SPD:20.1|HDG:-1.9|PX:276.3|PY:-20.0...
[TRUST-APPLIED] CID:6 REDUCE_SCRUTINY → latency=5.0ms (was 10.0ms)
✓ [CAR 6] ACT=OK REP=0.500 RWD=1.500 PNL=0.000 CREDIT=20
✓ [CAR 6] ACT=OK REP=1.000 RWD=1.000 PNL=0.000 CREDIT=19
[PASSIVE-BEACON] SIMNOW:12.976 CID:8 ZONE:1 RXUAV:1 EDGEPORT:9998 TS:12.962 SPD:19.900 HDG:0.400 PX:279.100 PY:-40.000 LAN:4 BRK:0 RX_X:0.000 RX_Y:0.000 RX_Z:0.000
[ZONE-ROUTE] CID:8 zone=1 edge_port=9998
[EDGE-RTT] CID:8 wall=1.0 ms  sim_delay=5.0 ms
>>> [UAV->CLOUD] BLK:3aa7|TX:7.0.0.12|CID:8|TS:12.962|SPD:19.9|HDG:0.4|PX:279.1|PY:-40.0|...
[PASSIVE-BEACON] SIMNOW:12.976 CID:7 ZONE:1 RXUAV:1 EDGEPORT:9998 TS:12.962 SPD:20.300 HDG:-0.200 PX:278.600 PY:-30.000 LAN:3 BRK:0 RX_X:0.000 RX_Y:0.000 RX_Z:0.000
[ZONE-ROUTE] CID:7 zone=1 edge_port=9998
[EDGE-RTT] CID:7 wall=2.0 ms  sim_delay=5.0 ms
>>> [UAV->CLOUD] BLK:a595|TX:7.0.0.11|CID:7|TS:12.962|SPD:20.3|HDG:-0.2|PX:278.6|PY:-30.0...
✓ [CAR 8] ACT=OK REP=1.000 RWD=1.000 PNL=0.000 CREDIT=21
✓ [CAR 7] ACT=OK REP=0.936 RWD=1.000 PNL=0.000 CREDIT=20
[PASSIVE-BEACON] SIMNOW:12.994 CID:3 ZONE:1 RXUAV:1 EDGEPORT:9998 TS:12.980 SPD:19.700 HDG:-0.700 PX:260.200 PY:-40.000 LAN:4 BRK:0 RX_X:0.000 RX_Y:0.000 RX_Z:0.000
[ZONE-ROUTE] CID:3 zone=1 edge_port=9998
[EDGE-RTT] CID:3 wall=0.9 ms  sim_delay=10.0 ms
>>> [UAV->CLOUD] BLK:83d4|TX:7.0.0.7|CID:3|TS:12.980|SPD:19.7|HDG:-0.7|PX:260.2|PY:-40.0|...
[PASSIVE-BEACON] SIMNOW:13.004 CID:2 ZONE:1 RXUAV:1 EDGEPORT:9998 TS:12.990 SPD:20.000 HDG:-0.600 PX:260.500 PY:-30.000 LAN:3 BRK:0 RX_X:0.000 RX_Y:0.000 RX_Z:0.000
[ZONE-ROUTE] CID:2 zone=1 edge_port=9998
[EDGE-RTT] CID:2 wall=1.0 ms  sim_delay=10.0 ms
[TRUST-UPGRADE] CID:2 earned REDUCE_SCRUTINY after 20 clean packets → latency × 0.5
>>> [UAV->CLOUD] BLK:1634|TX:7.0.0.6|CID:2|TS:12.990|SPD:20.0|HDG:-0.6|PX:260.5|PY:-30.0|...
✓ [CAR 3] ACT=OK REP=0.810 RWD=1.000 PNL=0.000 CREDIT=17
[TRUST-APPLIED] CID:2 REDUCE_SCRUTINY → latency=5.000ms (was 10.000ms)
✓ [CAR 2] ACT=OK REP=0.500 RWD=1.500 PNL=0.000 CREDIT=20
✓ [CAR 2] ACT=OK REP=0.877 RWD=1.000 PNL=0.000 CREDIT=19
[PASSIVE-BEACON] SIMNOW:13.026 CID:9 ZONE:1 RXUAV:1 EDGEPORT:9998 TS:13.012 SPD:19.600 HDG:-0.900 PX:280.300 PY:-50.000 LAN:5 BRK:0 RX_X:0.000 RX_Y:0.000 RX_Z:0.000
[ZONE-ROUTE] CID:9 zone=1 edge_port=9998
[EDGE-RTT] CID:9 wall=1.1 ms  sim_delay=10.0 ms
[TRUST-UPGRADE] CID:9 earned REDUCE_SCRUTINY after 20 clean packets → latency × 0.5
>>> [UAV->CLOUD] BLK:582f|TX:7.0.0.13|CID:9|TS:13.012|SPD:19.6|HDG:-0.9|PX:280.3|PY:-50.0...
[TRUST-APPLIED] CID:9 REDUCE_SCRUTINY → latency=5.0ms (was 10.0ms)
✓ [CAR 9] ACT=OK REP=0.500 RWD=1.500 PNL=0.000 CREDIT=20
✓ [CAR 9] ACT=OK REP=0.966 RWD=1.000 PNL=0.000 CREDIT=19
[PASSIVE-BEACON] SIMNOW:13.074 CID:1 ZONE:1 RXUAV:1 EDGEPORT:9998 TS:13.060 SPD:20.100 HDG:-0.300 PX:261.900 PY:-20.000 LAN:2 BRK:0 RX_X:0.000 RX_Y:0.000 RX_Z:0.000
[ZONE-ROUTE] CID:1 zone=1 edge_port=9998
[EDGE-RTT] CID:1 wall=1.0 ms  sim_delay=5.0 ms
>>> [UAV->CLOUD] BLK:b239|TX:7.0.0.5|CID:1|TS:13.060|SPD:20.1|HDG:-0.3|PX:261.9|PY:-20.0|...
✓ [CAR 1] ACT=OK REP=0.763 RWD=1.000 PNL=0.000 CREDIT=21
[PASSIVE-BEACON] SIMNOW:13.104 CID:0 ZONE:1 RXUAV:1 EDGEPORT:9998 TS:13.090 SPD:25.200 HDG:-0.700 PX:267.400 PY:-10.000 LAN:1 BRK:0 RX_X:0.000 RX_Y:0.000 RX_Z:0.000
[ZONE-ROUTE] CID:0 zone=1 edge_port=9998
[EDGE-RTT] CID:0 wall=0.9 ms  sim_delay=10.0 ms
>>> [UAV->CLOUD] BLK:b2df|TX:7.0.0.4|CID:0|TS:13.090|SPD:25.2|HDG:-0.7|PX:267.4|PY:-10.0|...
[ECON-CLAWBACK] CID:0 ACT=WARN prior_payoff=0.7 extra_penalty=1.8 new_payoff=-1.3
[FORGIVENESS] CID:0 WARN #3 — streak reset, benefits revoked
⚠ [CAR 0] ACT=WARN REP=0.915 RWD=0.000 PNL=1.937 CREDIT=-2
[PASSIVE-BEACON] SIMNOW:13.276 CID:5 ZONE:1 RXUAV:1 EDGEPORT:9998 TS:13.262 SPD:25.200 HDG:-0.200 PX:292.200 PY:-10.000 LAN:1 BRK:1 RX_X:0.000 RX_Y:0.000 RX_Z:0.000
[ZONE-ROUTE] CID:5 zone=1 edge_port=9998
[EDGE-RTT] CID:5 wall=1.1 ms  sim_delay=10.0 ms
>>> [UAV->CLOUD] BLK:3bb0|TX:7.0.0.9|CID:5|TS:13.262|SPD:25.2|HDG:-0.2|PX:292.2|PY:-10.0|...
[ECON-CLAWBACK] CID:5 ACT=WARN prior_payoff=0.6 extra_penalty=1.8 new_payoff=-1.3
[FORGIVENESS] CID:5 WARN #3 — streak reset, benefits revoked
⚠ [CAR 5] ACT=WARN REP=0.937 RWD=0.000 PNL=1.874 CREDIT=-2
[PASSIVE-BEACON] SIMNOW:13.335 CID:6 ZONE:1 RXUAV:1 EDGEPORT:9998 TS:13.322 SPD:20.100 HDG:-1.500 PX:286.800 PY:-20.000 LAN:2 BRK:0 RX_X:0.000 RX_Y:0.000 RX_Z:0.000
[ZONE-ROUTE] CID:6 zone=1 edge_port=9998
[EDGE-RTT] CID:6 wall=1.1 ms  sim_delay=5.0 ms
>>> [UAV->CLOUD] BLK:02d3|TX:7.0.0.10|CID:6|TS:13.322|SPD:20.1|HDG:-1.5|PX:286.8|PY:-20.0...
✓ [CAR 6] ACT=OK REP=1.000 RWD=1.000 PNL=0.000 CREDIT=20
[PASSIVE-BEACON] SIMNOW:13.476 CID:8 ZONE:1 RXUAV:1 EDGEPORT:9998 TS:13.462 SPD:19.800 HDG:0.400 PX:289.700 PY:-40.000 LAN:4 BRK:0 RX_X:0.000 RX_Y:0.000 RX_Z:0.000
[ZONE-ROUTE] CID:8 zone=1 edge_port=9998
[EDGE-RTT] CID:8 wall=1.1 ms  sim_delay=5.0 ms
>>> [UAV->CLOUD] BLK:301b|TX:7.0.0.12|CID:8|TS:13.462|SPD:19.8|HDG:0.4|PX:289.7|PY:-40.0|...
[PASSIVE-BEACON] SIMNOW:13.476 CID:7 ZONE:1 RXUAV:1 EDGEPORT:9998 TS:13.462 SPD:20.100 HDG:1.300 PX:288.700 PY:-30.000 LAN:3 BRK:0 RX_X:0.000 RX_Y:0.000 RX_Z:0.000
[ZONE-ROUTE] CID:7 zone=1 edge_port=9998
[EDGE-RTT] CID:7 wall=2.6 ms  sim_delay=5.0 ms
>>> [UAV->CLOUD] BLK:93c1|TX:7.0.0.11|CID:7|TS:13.462|SPD:20.1|HDG:1.3|PX:288.7|PY:-30.0|...
✓ [CAR 8] ACT=OK REP=1.000 RWD=1.000 PNL=0.000 CREDIT=22
✓ [CAR 7] ACT=OK REP=0.928 RWD=1.000 PNL=0.000 CREDIT=21
[PASSIVE-BEACON] SIMNOW:13.494 CID:3 ZONE:1 RXUAV:1 EDGEPORT:9998 TS:13.480 SPD:19.900 HDG:0.300 PX:269.300 PY:-40.000 LAN:4 BRK:1 RX_X:0.000 RX_Y:0.000 RX_Z:0.000
[ZONE-ROUTE] CID:3 zone=1 edge_port=9998
[EDGE-RTT] CID:3 wall=1.0 ms  sim_delay=10.0 ms
>>> [UAV->CLOUD] BLK:a7a8|TX:7.0.0.7|CID:3|TS:13.480|SPD:19.9|HDG:0.3|PX:269.3|PY:-40.0|L...
[PASSIVE-BEACON] SIMNOW:13.504 CID:2 ZONE:1 RXUAV:1 EDGEPORT:9998 TS:13.490 SPD:20.100 HDG:-0.200 PX:270.300 PY:-30.000 LAN:3 BRK:0 RX_X:0.000 RX_Y:0.000 RX_Z:0.000
[ZONE-ROUTE] CID:2 zone=1 edge_port=9998
[EDGE-RTT] CID:2 wall=1.0 ms  sim_delay=5.0 ms
>>> [UAV->CLOUD] BLK:e423|TX:7.0.0.6|CID:2|TS:13.490|SPD:20.1|HDG:-0.2|PX:270.3|PY:-30.0|...
✓ [CAR 3] ACT=OK REP=1.000 RWD=1.000 PNL=0.000 CREDIT=18
✓ [CAR 2] ACT=OK REP=1.000 RWD=1.000 PNL=0.000 CREDIT=20
[PASSIVE-BEACON] SIMNOW:13.526 CID:9 ZONE:1 RXUAV:1 EDGEPORT:9998 TS:13.512 SPD:19.800 HDG:-0.300 PX:289.700 PY:-50.000 LAN:5 BRK:1 RX_X:0.000 RX_Y:0.000 RX_Z:0.000
[ZONE-ROUTE] CID:9 zone=1 edge_port=9998
[EDGE-RTT] CID:9 wall=0.9 ms  sim_delay=5.0 ms
>>> [UAV->CLOUD] BLK:05cb|TX:7.0.0.13|CID:9|TS:13.512|SPD:19.8|HDG:-0.3|PX:289.7|PY:-50.0...
✓ [CAR 9] ACT=OK REP=1.000 RWD=1.000 PNL=0.000 CREDIT=20
[PASSIVE-BEACON] SIMNOW:13.574 CID:1 ZONE:1 RXUAV:1 EDGEPORT:9998 TS:13.560 SPD:20.400 HDG:1.200 PX:271.000 PY:-20.000 LAN:2 BRK:1 RX_X:0.000 RX_Y:0.000 RX_Z:0.000
[ZONE-ROUTE] CID:1 zone=1 edge_port=9998
[EDGE-RTT] CID:1 wall=1.0 ms  sim_delay=5.0 ms
>>> [UAV->CLOUD] BLK:dea9|TX:7.0.0.5|CID:1|TS:13.560|SPD:20.4|HDG:1.2|PX:271.0|PY:-20.0|L...
✓ [CAR 1] ACT=OK REP=0.924 RWD=1.000 PNL=0.000 CREDIT=22
[PASSIVE-BEACON] SIMNOW:13.603 CID:0 ZONE:1 RXUAV:1 EDGEPORT:9998 TS:13.590 SPD:25.200 HDG:0.900 PX:279.800 PY:-10.000 LAN:1 BRK:1 RX_X:0.000 RX_Y:0.000 RX_Z:0.000
[ZONE-ROUTE] CID:0 zone=1 edge_port=9998
[EDGE-RTT] CID:0 wall=1.0 ms  sim_delay=10.0 ms
>>> [UAV->CLOUD] BLK:1359|TX:7.0.0.4|CID:0|TS:13.590|SPD:25.2|HDG:0.9|PX:279.8|PY:-10.0|L...
[ECON-CLAWBACK] CID:0 ACT=WARN prior_payoff=-1.3 extra_penalty=1.8 new_payoff=-3.1
[FORGIVENESS] CID:0 WARN #4 — streak reset, benefits revoked
⚠ [CAR 0] ACT=WARN REP=0.638 RWD=0.000 PNL=1.850 CREDIT=-2
[PASSIVE-BEACON] SIMNOW:13.776 CID:5 ZONE:1 RXUAV:1 EDGEPORT:9998 TS:13.762 SPD:24.500 HDG:1.000 PX:305.100 PY:-10.000 LAN:1 BRK:0 RX_X:0.000 RX_Y:0.000 RX_Z:0.000
[ZONE-ROUTE] CID:5 zone=1 edge_port=9998
[EDGE-RTT] CID:5 wall=1.1 ms  sim_delay=10.0 ms
>>> [UAV->CLOUD] BLK:a5c1|TX:7.0.0.9|CID:5|TS:13.762|SPD:24.5|HDG:1.0|PX:305.1|PY:-10.0|L...
[ECON-CLAWBACK] CID:5 ACT=WARN prior_payoff=-1.3 extra_penalty=1.8 new_payoff=-3.2
[FORGIVENESS] CID:5 WARN #4 — streak reset, benefits revoked
⚠ [CAR 5] ACT=WARN REP=0.693 RWD=0.000 PNL=1.847 CREDIT=-2
[PASSIVE-BEACON] SIMNOW:13.836 CID:6 ZONE:1 RXUAV:1 EDGEPORT:9998 TS:13.822 SPD:20.000 HDG:-0.000 PX:295.900 PY:-20.000 LAN:2 BRK:0 RX_X:0.000 RX_Y:0.000 RX_Z:0.000
[ZONE-ROUTE] CID:6 zone=1 edge_port=9998
[EDGE-RTT] CID:6 wall=1.0 ms  sim_delay=5.0 ms
>>> [UAV->CLOUD] BLK:4142|TX:7.0.0.10|CID:6|TS:13.822|SPD:20.0|HDG:-0.0|PX:295.9|PY:-20.0...
✓ [CAR 6] ACT=OK REP=0.834 RWD=1.000 PNL=0.000 CREDIT=21
[PASSIVE-BEACON] SIMNOW:13.976 CID:8 ZONE:1 RXUAV:1 EDGEPORT:9998 TS:13.962 SPD:20.100 HDG:-0.900 PX:299.500 PY:-40.000 LAN:4 BRK:0 RX_X:0.000 RX_Y:0.000 RX_Z:0.000
[ZONE-ROUTE] CID:8 zone=1 edge_port=9998
[EDGE-RTT] CID:8 wall=1.0 ms  sim_delay=5.0 ms
>>> [UAV->CLOUD] BLK:2eed|TX:7.0.0.12|CID:8|TS:13.962|SPD:20.1|HDG:-0.9|PX:299.5|PY:-40.0...
[PASSIVE-BEACON] SIMNOW:13.976 CID:7 ZONE:1 RXUAV:1 EDGEPORT:9998 TS:13.962 SPD:20.500 HDG:1.000 PX:299.100 PY:-30.000 LAN:3 BRK:0 RX_X:0.000 RX_Y:0.000 RX_Z:0.000
[ZONE-ROUTE] CID:7 zone=1 edge_port=9998
[EDGE-RTT] CID:7 wall=1.6 ms  sim_delay=5.0 ms
>>> [UAV->CLOUD] BLK:5daf|TX:7.0.0.11|CID:7|TS:13.962|SPD:20.5|HDG:1.0|PX:299.1|PY:-30.0|...
✓ [CAR 7] ACT=OK REP=1.000 RWD=1.000 PNL=0.000 CREDIT=22
✓ [CAR 8] ACT=OK REP=1.000 RWD=1.000 PNL=0.000 CREDIT=23
[PASSIVE-BEACON] SIMNOW:13.994 CID:3 ZONE:1 RXUAV:1 EDGEPORT:9998 TS:13.980 SPD:19.900 HDG:-0.500 PX:278.900 PY:-40.000 LAN:4 BRK:0 RX_X:0.000 RX_Y:0.000 RX_Z:0.000
[ZONE-ROUTE] CID:3 zone=1 edge_port=9998
[EDGE-RTT] CID:3 wall=1.0 ms  sim_delay=10.0 ms
[TRUST-UPGRADE] CID:3 earned REDUCE_SCRUTINY after 20 clean packets → latency × 0.5
>>> [UAV->CLOUD] BLK:83e9|TX:7.0.0.7|CID:3|TS:13.980|SPD:19.9|HDG:-0.5|PX:278.9|PY:-40.0|...
[PASSIVE-BEACON] SIMNOW:14.004 CID:2 ZONE:1 RXUAV:1 EDGEPORT:9998 TS:13.990 SPD:19.800 HDG:1.600 PX:279.900 PY:-30.000 LAN:3 BRK:0 RX_X:0.000 RX_Y:0.000 RX_Z:0.000
[ZONE-ROUTE] CID:2 zone=1 edge_port=9998
[EDGE-RTT] CID:2 wall=0.9 ms  sim_delay=5.0 ms
>>> [UAV->CLOUD] BLK:a91f|TX:7.0.0.6|CID:2|TS:13.990|SPD:19.8|HDG:1.6|PX:279.9|PY:-30.0|L...
[TRUST-APPLIED] CID:3 REDUCE_SCRUTINY → latency=5.0ms (was 10.0ms)
✓ [CAR 3] ACT=OK REP=0.500 RWD=1.500 PNL=0.000 CREDIT=20
✓ [CAR 3] ACT=OK REP=0.732 RWD=1.000 PNL=0.000 CREDIT=19
✓ [CAR 2] ACT=OK REP=0.876 RWD=1.000 PNL=0.000 CREDIT=21
[PASSIVE-BEACON] SIMNOW:14.026 CID:9 ZONE:1 RXUAV:1 EDGEPORT:9998 TS:14.012 SPD:20.100 HDG:-1.200 PX:300.100 PY:-50.000 LAN:5 BRK:0 RX_X:0.000 RX_Y:0.000 RX_Z:0.000
[ZONE-ROUTE] CID:9 zone=1 edge_port=9998
[EDGE-RTT] CID:9 wall=1.1 ms  sim_delay=5.0 ms
>>> [UAV->CLOUD] BLK:b111|TX:7.0.0.13|CID:9|TS:14.012|SPD:20.1|HDG:-1.2|PX:300.1|PY:-50.0...
✓ [CAR 9] ACT=OK REP=0.930 RWD=1.000 PNL=0.000 CREDIT=21
[PASSIVE-BEACON] SIMNOW:14.074 CID:1 ZONE:1 RXUAV:1 EDGEPORT:9998 TS:14.060 SPD:25.400 HDG:-0.700 PX:282.000 PY:-20.000 LAN:2 BRK:0 RX_X:0.000 RX_Y:0.000 RX_Z:0.000
[ZONE-ROUTE] CID:1 zone=1 edge_port=9998
[EDGE-RTT] CID:1 wall=0.8 ms  sim_delay=5.0 ms
>>> [UAV->CLOUD] BLK:9cfa|TX:7.0.0.5|CID:1|TS:14.060|SPD:25.4|HDG:-0.7|PX:282.0|PY:-20.0|...
[ECON-CLAWBACK] CID:1 ACT=WARN prior_payoff=26.0 extra_penalty=20.5 new_payoff=5.4
[TRUST-REVOKED] CID:1 benefits revoked logically; lane=2 speed=20.0 latency=10.0ms
[FORGIVENESS] CID:1 WARN #1 — streak reset, benefits revoked
⚠ [CAR 1] ACT=WARN REP=0.975 RWD=0.000 PNL=20.574 CREDIT=21
[PASSIVE-BEACON] SIMNOW:14.104 CID:0 ZONE:1 RXUAV:1 EDGEPORT:9998 TS:14.090 SPD:24.700 HDG:-1.000 PX:293.000 PY:-10.000 LAN:1 BRK:1 RX_X:0.000 RX_Y:0.000 RX_Z:0.000
[ZONE-ROUTE] CID:0 zone=1 edge_port=9998
[EDGE-RTT] CID:0 wall=1.0 ms  sim_delay=10.0 ms
>>> [UAV->CLOUD] BLK:3493|TX:7.0.0.4|CID:0|TS:14.090|SPD:24.7|HDG:-1.0|PX:293.0|PY:-10.0|...
[ECON-CLAWBACK] CID:0 ACT=WARN prior_payoff=-3.1 extra_penalty=2.0 new_payoff=-5.2
[FORGIVENESS] CID:0 WARN #5 — streak reset, benefits revoked
⚠ [CAR 0] ACT=WARN REP=0.845 RWD=0.000 PNL=2.100 CREDIT=-2
[PASSIVE-BEACON] SIMNOW:14.275 CID:5 ZONE:1 RXUAV:1 EDGEPORT:9998 TS:14.262 SPD:24.800 HDG:0.800 PX:317.900 PY:-10.000 LAN:1 BRK:0 RX_X:0.000 RX_Y:0.000 RX_Z:0.000
[ZONE-ROUTE] CID:5 zone=1 edge_port=9998
[EDGE-RTT] CID:5 wall=0.8 ms  sim_delay=10.0 ms
>>> [UAV->CLOUD] BLK:43ce|TX:7.0.0.9|CID:5|TS:14.262|SPD:24.8|HDG:0.8|PX:317.9|PY:-10.0|L...
[ECON-CLAWBACK] CID:5 ACT=WARN prior_payoff=-3.2 extra_penalty=2.0 new_payoff=-5.3
[FORGIVENESS] CID:5 WARN #5 — streak reset, benefits revoked
⚠ [CAR 5] ACT=WARN REP=0.570 RWD=0.000 PNL=2.100 CREDIT=-2
[PASSIVE-BEACON] SIMNOW:14.336 CID:6 ZONE:1 RXUAV:1 EDGEPORT:9998 TS:14.322 SPD:25.400 HDG:-2.000 PX:309.200 PY:-20.000 LAN:2 BRK:0 RX_X:0.000 RX_Y:0.000 RX_Z:0.000
[ZONE-ROUTE] CID:6 zone=1 edge_port=9998
[EDGE-RTT] CID:6 wall=1.0 ms  sim_delay=5.0 ms
>>> [UAV->CLOUD] BLK:d81f|TX:7.0.0.10|CID:6|TS:14.322|SPD:25.4|HDG:-2.0|PX:309.2|PY:-20.0...
[ECON-CLAWBACK] CID:6 ACT=WARN prior_payoff=25.0 extra_penalty=19.7 new_payoff=5.2
[TRUST-REVOKED] CID:6 benefits revoked logically; lane=2 speed=20.0 latency=10.0ms
[FORGIVENESS] CID:6 WARN #1 — streak reset, benefits revoked
⚠ [CAR 6] ACT=WARN REP=0.770 RWD=0.000 PNL=19.824 CREDIT=20
[PASSIVE-BEACON] SIMNOW:14.476 CID:8 ZONE:1 RXUAV:1 EDGEPORT:9998 TS:14.462 SPD:20.200 HDG:-1.000 PX:309.100 PY:-40.000 LAN:4 BRK:0 RX_X:0.000 RX_Y:0.000 RX_Z:0.000
[ZONE-ROUTE] CID:8 zone=1 edge_port=9998
[EDGE-RTT] CID:8 wall=0.7 ms  sim_delay=5.0 ms
>>> [UAV->CLOUD] BLK:4f04|TX:7.0.0.12|CID:8|TS:14.462|SPD:20.2|HDG:-1.0|PX:309.1|PY:-40.0...
[PASSIVE-BEACON] SIMNOW:14.476 CID:7 ZONE:1 RXUAV:1 EDGEPORT:9998 TS:14.462 SPD:20.400 HDG:0.600 PX:308.700 PY:-30.000 LAN:3 BRK:1 RX_X:0.000 RX_Y:0.000 RX_Z:0.000
[ZONE-ROUTE] CID:7 zone=1 edge_port=9998
[EDGE-RTT] CID:7 wall=3.1 ms  sim_delay=5.0 ms
>>> [UAV->CLOUD] BLK:0f5c|TX:7.0.0.11|CID:7|TS:14.462|SPD:20.4|HDG:0.6|PX:308.7|PY:-30.0|...
✓ [CAR 8] ACT=OK REP=1.000 RWD=1.000 PNL=0.000 CREDIT=24
✓ [CAR 7] ACT=OK REP=0.826 RWD=1.000 PNL=0.000 CREDIT=23
[PASSIVE-BEACON] SIMNOW:14.494 CID:3 ZONE:1 RXUAV:1 EDGEPORT:9998 TS:14.480 SPD:19.800 HDG:-0.900 PX:290.100 PY:-40.000 LAN:4 BRK:0 RX_X:0.000 RX_Y:0.000 RX_Z:0.000
[ZONE-ROUTE] CID:3 zone=1 edge_port=9998
[EDGE-RTT] CID:3 wall=1.2 ms  sim_delay=5.0 ms
>>> [UAV->CLOUD] BLK:619b|TX:7.0.0.7|CID:3|TS:14.480|SPD:19.8|HDG:-0.9|PX:290.1|PY:-40.0|...
[PASSIVE-BEACON] SIMNOW:14.504 CID:2 ZONE:1 RXUAV:1 EDGEPORT:9998 TS:14.490 SPD:20.200 HDG:-2.000 PX:289.100 PY:-30.000 LAN:3 BRK:0 RX_X:0.000 RX_Y:0.000 RX_Z:0.000
[ZONE-ROUTE] CID:2 zone=1 edge_port=9998
[EDGE-RTT] CID:2 wall=0.8 ms  sim_delay=5.0 ms
>>> [UAV->CLOUD] BLK:3064|TX:7.0.0.6|CID:2|TS:14.490|SPD:20.2|HDG:-2.0|PX:289.1|PY:-30.0|...
✓ [CAR 3] ACT=OK REP=1.000 RWD=1.000 PNL=0.000 CREDIT=20
✓ [CAR 2] ACT=OK REP=0.713 RWD=1.000 PNL=0.000 CREDIT=22
[PASSIVE-BEACON] SIMNOW:14.526 CID:9 ZONE:1 RXUAV:1 EDGEPORT:9998 TS:14.512 SPD:20.300 HDG:-1.100 PX:310.200 PY:-50.000 LAN:5 BRK:1 RX_X:0.000 RX_Y:0.000 RX_Z:0.000
[ZONE-ROUTE] CID:9 zone=1 edge_port=9998
[EDGE-RTT] CID:9 wall=1.0 ms  sim_delay=5.0 ms
>>> [UAV->CLOUD] BLK:fd09|TX:7.0.0.13|CID:9|TS:14.512|SPD:20.3|HDG:-1.1|PX:310.2|PY:-50.0...
✓ [CAR 9] ACT=OK REP=1.000 RWD=1.000 PNL=0.000 CREDIT=22
[PASSIVE-BEACON] SIMNOW:14.574 CID:1 ZONE:1 RXUAV:1 EDGEPORT:9998 TS:14.560 SPD:24.600 HDG:-0.500 PX:295.200 PY:-20.000 LAN:2 BRK:0 RX_X:0.000 RX_Y:0.000 RX_Z:0.000
[ZONE-ROUTE] CID:1 zone=1 edge_port=9998
[EDGE-RTT] CID:1 wall=0.7 ms  sim_delay=5.0 ms
>>> [UAV->CLOUD] BLK:3978|TX:7.0.0.5|CID:1|TS:14.560|SPD:24.6|HDG:-0.5|PX:295.2|PY:-20.0|...
[ECON-CLAWBACK] CID:1 ACT=WARN prior_payoff=5.4 extra_penalty=4.0 new_payoff=1.4
[FORGIVENESS] CID:1 WARN #2 — streak reset, benefits revoked
⚠ [CAR 1] ACT=WARN REP=0.950 RWD=0.000 PNL=4.055 CREDIT=-2
[PASSIVE-BEACON] SIMNOW:14.604 CID:0 ZONE:1 RXUAV:1 EDGEPORT:9998 TS:14.590 SPD:24.600 HDG:-0.300 PX:305.700 PY:-10.000 LAN:1 BRK:0 RX_X:0.000 RX_Y:0.000 RX_Z:0.000
[ZONE-ROUTE] CID:0 zone=1 edge_port=9998
[EDGE-RTT] CID:0 wall=1.1 ms  sim_delay=10.0 ms
>>> [UAV->CLOUD] BLK:e17e|TX:7.0.0.4|CID:0|TS:14.590|SPD:24.6|HDG:-0.3|PX:305.7|PY:-10.0|...
[ECON-CLAWBACK] CID:0 ACT=WARN prior_payoff=-5.2 extra_penalty=2.2 new_payoff=-7.6
[FORGIVENESS] CID:0 WARN #6 — streak reset, benefits revoked
⚠ [CAR 0] ACT=WARN REP=0.561 RWD=0.000 PNL=2.349 CREDIT=-2
[PASSIVE-BEACON] SIMNOW:14.776 CID:5 ZONE:1 RXUAV:1 EDGEPORT:9998 TS:14.762 SPD:24.500 HDG:-1.900 PX:329.200 PY:-10.000 LAN:1 BRK:0 RX_X:0.000 RX_Y:0.000 RX_Z:0.000
[ZONE-ROUTE] CID:5 zone=1 edge_port=9998
[EDGE-RTT] CID:5 wall=1.0 ms  sim_delay=10.0 ms
>>> [UAV->CLOUD] BLK:1c5c|TX:7.0.0.9|CID:5|TS:14.762|SPD:24.5|HDG:-1.9|PX:329.2|PY:-10.0|...
[ECON-CLAWBACK] CID:5 ACT=WARN prior_payoff=-5.3 extra_penalty=2.2 new_payoff=-7.6
[FORGIVENESS] CID:5 WARN #6 — streak reset, benefits revoked
⚠ [CAR 5] ACT=WARN REP=0.443 RWD=0.000 PNL=2.349 CREDIT=-2
[PASSIVE-BEACON] SIMNOW:14.835 CID:6 ZONE:1 RXUAV:1 EDGEPORT:9998 TS:14.822 SPD:25.000 HDG:-1.100 PX:321.800 PY:-20.000 LAN:2 BRK:0 RX_X:0.000 RX_Y:0.000 RX_Z:0.000
[ZONE-ROUTE] CID:6 zone=1 edge_port=9998
[EDGE-RTT] CID:6 wall=1.1 ms  sim_delay=5.0 ms
>>> [UAV->CLOUD] BLK:d22e|TX:7.0.0.10|CID:6|TS:14.822|SPD:25.0|HDG:-1.1|PX:321.8|PY:-20.0...
[ECON-CLAWBACK] CID:6 ACT=WARN prior_payoff=5.2 extra_penalty=3.8 new_payoff=1.2
[FORGIVENESS] CID:6 WARN #2 — streak reset, benefits revoked
⚠ [CAR 6] ACT=WARN REP=0.912 RWD=0.000 PNL=3.932 CREDIT=-2
[PKT-DROP] UAV dropped telemetry from 7.0.0.12 (drop_rate=5%)
[PASSIVE-BEACON] SIMNOW:14.976 CID:7 ZONE:1 RXUAV:1 EDGEPORT:9998 TS:14.962 SPD:19.600 HDG:1.200 PX:319.100 PY:-30.000 LAN:3 BRK:0 RX_X:0.000 RX_Y:0.000 RX_Z:0.000
[ZONE-ROUTE] CID:7 zone=1 edge_port=9998
[EDGE-RTT] CID:7 wall=0.9 ms  sim_delay=5.0 ms
>>> [UAV->CLOUD] BLK:6158|TX:7.0.0.11|CID:7|TS:14.962|SPD:19.6|HDG:1.2|PX:319.1|PY:-30.0|...
✓ [CAR 7] ACT=OK REP=1.000 RWD=1.000 PNL=0.000 CREDIT=24
[PASSIVE-BEACON] SIMNOW:14.992 CID:3 ZONE:1 RXUAV:1 EDGEPORT:9998 TS:14.980 SPD:19.600 HDG:-0.200 PX:299.000 PY:-40.000 LAN:4 BRK:0 RX_X:0.000 RX_Y:0.000 RX_Z:0.000
[ZONE-ROUTE] CID:3 zone=1 edge_port=9998
[EDGE-RTT] CID:3 wall=0.8 ms  sim_delay=5.0 ms
>>> [UAV->CLOUD] BLK:d7dc|TX:7.0.0.7|CID:3|TS:14.980|SPD:19.6|HDG:-0.2|PX:299.0|PY:-40.0|...
[PASSIVE-BEACON] SIMNOW:15.004 CID:2 ZONE:1 RXUAV:1 EDGEPORT:9998 TS:14.990 SPD:20.100 HDG:-1.700 PX:299.200 PY:-30.000 LAN:3 BRK:0 RX_X:0.000 RX_Y:0.000 RX_Z:0.000
[ZONE-ROUTE] CID:2 zone=1 edge_port=9998
[EDGE-RTT] CID:2 wall=0.9 ms  sim_delay=5.0 ms
>>> [UAV->CLOUD] BLK:273b|TX:7.0.0.6|CID:2|TS:14.990|SPD:20.1|HDG:-1.7|PX:299.2|PY:-30.0|...
✓ [CAR 3] ACT=OK REP=0.766 RWD=1.000 PNL=0.000 CREDIT=21
✓ [CAR 2] ACT=OK REP=0.950 RWD=1.000 PNL=0.000 CREDIT=23
[PASSIVE-BEACON] SIMNOW:15.026 CID:9 ZONE:1 RXUAV:1 EDGEPORT:9998 TS:15.012 SPD:20.400 HDG:1.800 PX:319.900 PY:-50.000 LAN:5 BRK:0 RX_X:0.000 RX_Y:0.000 RX_Z:0.000
[ZONE-ROUTE] CID:9 zone=1 edge_port=9998
[EDGE-RTT] CID:9 wall=1.0 ms  sim_delay=5.0 ms
>>> [UAV->CLOUD] BLK:dcb3|TX:7.0.0.13|CID:9|TS:15.012|SPD:20.4|HDG:1.8|PX:319.9|PY:-50.0|...
✓ [CAR 9] ACT=OK REP=1.000 RWD=1.000 PNL=0.000 CREDIT=23
[PKT-DROP] UAV dropped telemetry from 7.0.0.5 (drop_rate=5%)
[PASSIVE-BEACON] SIMNOW:15.104 CID:0 ZONE:1 RXUAV:1 EDGEPORT:9998 TS:15.090 SPD:25.200 HDG:0.400 PX:318.300 PY:-10.000 LAN:1 BRK:0 RX_X:0.000 RX_Y:0.000 RX_Z:0.000
[ZONE-ROUTE] CID:0 zone=1 edge_port=9998
[EDGE-RTT] CID:0 wall=1.0 ms  sim_delay=10.0 ms
>>> [UAV->CLOUD] BLK:18f1|TX:7.0.0.4|CID:0|TS:15.090|SPD:25.2|HDG:0.4|PX:318.3|PY:-10.0|L...
[ECON-CLAWBACK] CID:0 ACT=WARN prior_payoff=-7.6 extra_penalty=2.5 new_payoff=-10.2
[FORGIVENESS] CID:0 WARN #7 — streak reset, benefits revoked
⚠ [CAR 0] ACT=WARN REP=0.649 RWD=0.000 PNL=2.602 CREDIT=-2
[PASSIVE-BEACON] SIMNOW:15.276 CID:5 ZONE:1 RXUAV:1 EDGEPORT:9998 TS:15.262 SPD:24.600 HDG:1.500 PX:342.300 PY:-10.000 LAN:1 BRK:0 RX_X:0.000 RX_Y:0.000 RX_Z:0.000
[ZONE-ROUTE] CID:5 zone=1 edge_port=9998
[EDGE-RTT] CID:5 wall=1.1 ms  sim_delay=10.0 ms
>>> [UAV->CLOUD] BLK:08ff|TX:7.0.0.9|CID:5|TS:15.262|SPD:24.6|HDG:1.5|PX:342.3|PY:-10.0|L...
[ECON-CLAWBACK] CID:5 ACT=WARN prior_payoff=-7.6 extra_penalty=2.5 new_payoff=-10.2
[FORGIVENESS] CID:5 WARN #7 — streak reset, benefits revoked
⚠ [CAR 5] ACT=WARN REP=0.697 RWD=0.000 PNL=2.599 CREDIT=-2
[PASSIVE-BEACON] SIMNOW:15.336 CID:6 ZONE:1 RXUAV:1 EDGEPORT:9998 TS:15.322 SPD:25.200 HDG:1.900 PX:334.100 PY:-20.000 LAN:2 BRK:1 RX_X:0.000 RX_Y:0.000 RX_Z:0.000
[ZONE-ROUTE] CID:6 zone=1 edge_port=9998
[EDGE-RTT] CID:6 wall=0.9 ms  sim_delay=5.0 ms
>>> [UAV->CLOUD] BLK:9aa6|TX:7.0.0.10|CID:6|TS:15.322|SPD:25.2|HDG:1.9|PX:334.1|PY:-20.0|...
[ECON-CLAWBACK] CID:6 ACT=WARN prior_payoff=1.2 extra_penalty=2.1 new_payoff=-1.0
[FORGIVENESS] CID:6 WARN #3 — streak reset, benefits revoked
⚠ [CAR 6] ACT=WARN REP=0.669 RWD=0.000 PNL=2.218 CREDIT=-2
[PKT-DROP] UAV dropped telemetry from 7.0.0.12 (drop_rate=5%)
[PASSIVE-BEACON] SIMNOW:15.476 CID:7 ZONE:1 RXUAV:1 EDGEPORT:9998 TS:15.462 SPD:20.400 HDG:-1.700 PX:329.600 PY:-30.000 LAN:3 BRK:0 RX_X:0.000 RX_Y:0.000 RX_Z:0.000
[ZONE-ROUTE] CID:7 zone=1 edge_port=9998
[EDGE-RTT] CID:7 wall=0.8 ms  sim_delay=5.0 ms
>>> [UAV->CLOUD] BLK:b26c|TX:7.0.0.11|CID:7|TS:15.462|SPD:20.4|HDG:-1.7|PX:329.6|PY:-30.0...
✓ [CAR 7] ACT=OK REP=0.938 RWD=1.000 PNL=0.000 CREDIT=25
[PASSIVE-BEACON] SIMNOW:15.494 CID:3 ZONE:1 RXUAV:1 EDGEPORT:9998 TS:15.480 SPD:20.200 HDG:-0.300 PX:309.400 PY:-40.000 LAN:4 BRK:0 RX_X:0.000 RX_Y:0.000 RX_Z:0.000
[ZONE-ROUTE] CID:3 zone=1 edge_port=9998
[EDGE-RTT] CID:3 wall=1.0 ms  sim_delay=5.0 ms
>>> [UAV->CLOUD] BLK:a7ad|TX:7.0.0.7|CID:3|TS:15.480|SPD:20.2|HDG:-0.3|PX:309.4|PY:-40.0|...
[PASSIVE-BEACON] SIMNOW:15.504 CID:2 ZONE:1 RXUAV:1 EDGEPORT:9998 TS:15.490 SPD:19.800 HDG:1.800 PX:310.200 PY:-30.000 LAN:3 BRK:1 RX_X:0.000 RX_Y:0.000 RX_Z:0.000
[ZONE-ROUTE] CID:2 zone=1 edge_port=9998
[EDGE-RTT] CID:2 wall=0.9 ms  sim_delay=5.0 ms
>>> [UAV->CLOUD] BLK:0534|TX:7.0.0.6|CID:2|TS:15.490|SPD:19.8|HDG:1.8|PX:310.2|PY:-30.0|L...
✓ [CAR 3] ACT=OK REP=1.000 RWD=1.000 PNL=0.000 CREDIT=22
✓ [CAR 2] ACT=OK REP=0.962 RWD=1.000 PNL=0.000 CREDIT=24
[PASSIVE-BEACON] SIMNOW:15.526 CID:9 ZONE:1 RXUAV:1 EDGEPORT:9998 TS:15.512 SPD:20.400 HDG:-0.700 PX:330.500 PY:-50.000 LAN:5 BRK:0 RX_X:0.000 RX_Y:0.000 RX_Z:0.000
[ZONE-ROUTE] CID:9 zone=1 edge_port=9998
[EDGE-RTT] CID:9 wall=1.0 ms  sim_delay=5.0 ms
>>> [UAV->CLOUD] BLK:933b|TX:7.0.0.13|CID:9|TS:15.512|SPD:20.4|HDG:-0.7|PX:330.5|PY:-50.0...
✓ [CAR 9] ACT=OK REP=0.910 RWD=1.000 PNL=0.000 CREDIT=24
[PASSIVE-BEACON] SIMNOW:15.574 CID:1 ZONE:1 RXUAV:1 EDGEPORT:9998 TS:15.560 SPD:24.700 HDG:0.200 PX:320.200 PY:-20.000 LAN:2 BRK:0 RX_X:0.000 RX_Y:0.000 RX_Z:0.000
[ZONE-ROUTE] CID:1 zone=1 edge_port=9998
[EDGE-RTT] CID:1 wall=1.1 ms  sim_delay=5.0 ms
>>> [UAV->CLOUD] BLK:1b24|TX:7.0.0.5|CID:1|TS:15.560|SPD:24.7|HDG:0.2|PX:320.2|PY:-20.0|L...
[ECON-CLAWBACK] CID:1 ACT=WARN prior_payoff=1.4 extra_penalty=2.2 new_payoff=-0.9
[FORGIVENESS] CID:1 WARN #3 — streak reset, benefits revoked
⚠ [CAR 1] ACT=WARN REP=0.847 RWD=0.000 PNL=2.280 CREDIT=-2
[PASSIVE-BEACON] SIMNOW:15.604 CID:0 ZONE:1 RXUAV:1 EDGEPORT:9998 TS:15.590 SPD:25.300 HDG:-0.200 PX:330.400 PY:-10.000 LAN:1 BRK:0 RX_X:0.000 RX_Y:0.000 RX_Z:0.000
[ZONE-ROUTE] CID:0 zone=1 edge_port=9998
[EDGE-RTT] CID:0 wall=1.0 ms  sim_delay=10.0 ms
>>> [UAV->CLOUD] BLK:3174|TX:7.0.0.4|CID:0|TS:15.590|SPD:25.3|HDG:-0.2|PX:330.4|PY:-10.0|...
[ECON-CLAWBACK] CID:0 ACT=WARN prior_payoff=-10.2 extra_penalty=2.8 new_payoff=-13.0
[FORGIVENESS] CID:0 WARN #8 — streak reset, benefits revoked
⚠ [CAR 0] ACT=WARN REP=0.754 RWD=0.000 PNL=2.852 CREDIT=-2
[PASSIVE-BEACON] SIMNOW:15.776 CID:5 ZONE:1 RXUAV:1 EDGEPORT:9998 TS:15.762 SPD:24.800 HDG:-1.400 PX:354.100 PY:-10.000 LAN:1 BRK:0 RX_X:0.000 RX_Y:0.000 RX_Z:0.000
[ZONE-ROUTE] CID:5 zone=1 edge_port=9998
[EDGE-RTT] CID:5 wall=1.0 ms  sim_delay=10.0 ms
>>> [UAV->CLOUD] BLK:062c|TX:7.0.0.9|CID:5|TS:15.762|SPD:24.8|HDG:-1.4|PX:354.1|PY:-10.0|...
[ECON-CLAWBACK] CID:5 ACT=WARN prior_payoff=-10.2 extra_penalty=2.8 new_payoff=-13.1
[FORGIVENESS] CID:5 WARN #8 — streak reset, benefits revoked
⚠ [CAR 5] ACT=WARN REP=0.680 RWD=0.000 PNL=2.849 CREDIT=-2
[PASSIVE-BEACON] SIMNOW:15.836 CID:6 ZONE:1 RXUAV:1 EDGEPORT:9998 TS:15.822 SPD:25.200 HDG:0.300 PX:345.600 PY:-20.000 LAN:2 BRK:0 RX_X:0.000 RX_Y:0.000 RX_Z:0.000
[ZONE-ROUTE] CID:6 zone=1 edge_port=9998
[EDGE-RTT] CID:6 wall=1.1 ms  sim_delay=5.0 ms
>>> [UAV->CLOUD] BLK:3a44|TX:7.0.0.10|CID:6|TS:15.822|SPD:25.2|HDG:0.3|PX:345.6|PY:-20.0|...
[ECON-CLAWBACK] CID:6 ACT=WARN prior_payoff=-1.0 extra_penalty=1.8 new_payoff=-2.8
[FORGIVENESS] CID:6 WARN #4 — streak reset, benefits revoked
⚠ [CAR 6] ACT=WARN REP=0.947 RWD=0.000 PNL=1.850 CREDIT=-2
[PASSIVE-BEACON] SIMNOW:15.976 CID:8 ZONE:1 RXUAV:1 EDGEPORT:9998 TS:15.962 SPD:20.000 HDG:-0.000 PX:339.400 PY:-40.000 LAN:4 BRK:0 RX_X:0.000 RX_Y:0.000 RX_Z:0.000
[ZONE-ROUTE] CID:8 zone=1 edge_port=9998
[EDGE-RTT] CID:8 wall=0.9 ms  sim_delay=5.0 ms
>>> [UAV->CLOUD] BLK:97e9|TX:7.0.0.12|CID:8|TS:15.962|SPD:20.0|HDG:-0.0|PX:339.4|PY:-40.0...
[PASSIVE-BEACON] SIMNOW:15.976 CID:7 ZONE:1 RXUAV:1 EDGEPORT:9998 TS:15.962 SPD:25.300 HDG:-1.400 PX:339.500 PY:-30.000 LAN:3 BRK:0 RX_X:0.000 RX_Y:0.000 RX_Z:0.000
[ZONE-ROUTE] CID:7 zone=1 edge_port=9998
[EDGE-RTT] CID:7 wall=3.2 ms  sim_delay=5.0 ms
>>> [UAV->CLOUD] BLK:19a3|TX:7.0.0.11|CID:7|TS:15.962|SPD:25.3|HDG:-1.4|PX:339.5|PY:-30.0...
✓ [CAR 8] ACT=OK REP=0.787 RWD=1.000 PNL=0.000 CREDIT=25
[ECON-CLAWBACK] CID:7 ACT=WARN prior_payoff=28.996 extra_penalty=22.747 new_payoff=6.172
[TRUST-REVOKED] CID:7 benefits revoked logically; lane=3 speed=20.000 latency=10.000ms
[FORGIVENESS] CID:7 WARN #1 — streak reset, benefits revoked
⚠ [CAR 7] ACT=WARN REP=0.732 RWD=0.000 PNL=22.824 CREDIT=24
[PASSIVE-BEACON] SIMNOW:15.994 CID:3 ZONE:1 RXUAV:1 EDGEPORT:9998 TS:15.980 SPD:20.400 HDG:0.200 PX:320.000 PY:-40.000 LAN:4 BRK:0 RX_X:0.000 RX_Y:0.000 RX_Z:0.000
[ZONE-ROUTE] CID:3 zone=1 edge_port=9998
[EDGE-RTT] CID:3 wall=1.0 ms  sim_delay=5.0 ms
>>> [UAV->CLOUD] BLK:a527|TX:7.0.0.7|CID:3|TS:15.980|SPD:20.4|HDG:0.2|PX:320.0|PY:-40.0|L...
[PASSIVE-BEACON] SIMNOW:16.004 CID:2 ZONE:1 RXUAV:1 EDGEPORT:9998 TS:15.990 SPD:24.900 HDG:1.500 PX:320.900 PY:-30.000 LAN:3 BRK:1 RX_X:0.000 RX_Y:0.000 RX_Z:0.000
[ZONE-ROUTE] CID:2 zone=1 edge_port=9998
[EDGE-RTT] CID:2 wall=0.8 ms  sim_delay=5.0 ms
>>> [UAV->CLOUD] BLK:2e49|TX:7.0.0.6|CID:2|TS:15.990|SPD:24.9|HDG:1.5|PX:320.9|PY:-30.0|L...
✓ [CAR 3] ACT=OK REP=0.654 RWD=1.000 PNL=0.000 CREDIT=23
[ECON-CLAWBACK] CID:2 ACT=WARN prior_payoff=27.996 extra_penalty=21.997 new_payoff=5.924
[TRUST-REVOKED] CID:2 benefits revoked logically; lane=3 speed=20.000 latency=10.000ms
[FORGIVENESS] CID:2 WARN #1 — streak reset, benefits revoked
⚠ [CAR 2] ACT=WARN REP=1.000 RWD=0.000 PNL=22.072 CREDIT=23
[PASSIVE-BEACON] SIMNOW:16.026 CID:9 ZONE:1 RXUAV:1 EDGEPORT:9998 TS:16.012 SPD:19.600 HDG:1.900 PX:340.800 PY:-50.000 LAN:5 BRK:0 RX_X:0.000 RX_Y:0.000 RX_Z:0.000
[ZONE-ROUTE] CID:9 zone=1 edge_port=9998
[EDGE-RTT] CID:9 wall=0.8 ms  sim_delay=5.0 ms
>>> [UAV->CLOUD] BLK:1bb6|TX:7.0.0.13|CID:9|TS:16.012|SPD:19.6|HDG:1.9|PX:340.8|PY:-50.0|...
✓ [CAR 9] ACT=OK REP=1.000 RWD=1.000 PNL=0.000 CREDIT=25
[PASSIVE-BEACON] SIMNOW:16.074 CID:1 ZONE:1 RXUAV:1 EDGEPORT:9998 TS:16.060 SPD:25.400 HDG:-1.600 PX:332.400 PY:-20.000 LAN:2 BRK:0 RX_X:0.000 RX_Y:0.000 RX_Z:0.000
[ZONE-ROUTE] CID:1 zone=1 edge_port=9998
[EDGE-RTT] CID:1 wall=1.1 ms  sim_delay=5.0 ms
>>> [UAV->CLOUD] BLK:ca3d|TX:7.0.0.5|CID:1|TS:16.060|SPD:25.4|HDG:-1.6|PX:332.4|PY:-20.0|...
[ECON-CLAWBACK] CID:1 ACT=WARN prior_payoff=-0.9 extra_penalty=1.8 new_payoff=-2.8
[FORGIVENESS] CID:1 WARN #4 — streak reset, benefits revoked
⚠ [CAR 1] ACT=WARN REP=0.720 RWD=0.000 PNL=1.851 CREDIT=-2
[PASSIVE-BEACON] SIMNOW:16.104 CID:0 ZONE:1 RXUAV:1 EDGEPORT:9998 TS:16.090 SPD:24.500 HDG:-1.600 PX:343.400 PY:-10.000 LAN:1 BRK:0 RX_X:0.000 RX_Y:0.000 RX_Z:0.000
[ZONE-ROUTE] CID:0 zone=1 edge_port=9998
[EDGE-RTT] CID:0 wall=1.1 ms  sim_delay=10.0 ms
>>> [UAV->CLOUD] BLK:db16|TX:7.0.0.4|CID:0|TS:16.090|SPD:24.5|HDG:-1.6|PX:343.4|PY:-10.0|...
[ECON-CLAWBACK] CID:0 ACT=WARN prior_payoff=-13.0 extra_penalty=3.0 new_payoff=-16.1
[FORGIVENESS] CID:0 WARN #9 — streak reset, benefits revoked
⚠ [CAR 0] ACT=WARN REP=0.782 RWD=0.000 PNL=3.099 CREDIT=-2
[PASSIVE-BEACON] SIMNOW:16.276 CID:5 ZONE:1 RXUAV:1 EDGEPORT:9998 TS:16.262 SPD:24.700 HDG:1.000 PX:366.400 PY:-10.000 LAN:1 BRK:1 RX_X:0.000 RX_Y:0.000 RX_Z:0.000
[ZONE-ROUTE] CID:5 zone=1 edge_port=9998
[EDGE-RTT] CID:5 wall=0.9 ms  sim_delay=10.0 ms
>>> [UAV->CLOUD] BLK:ff6b|TX:7.0.0.9|CID:5|TS:16.262|SPD:24.7|HDG:1.0|PX:366.4|PY:-10.0|L...
[ECON-CLAWBACK] CID:5 ACT=WARN prior_payoff=-13.1 extra_penalty=3.0 new_payoff=-16.2
[FORGIVENESS] CID:5 WARN #9 — streak reset, benefits revoked
⚠ [CAR 5] ACT=WARN REP=0.798 RWD=0.000 PNL=3.099 CREDIT=-2
[PASSIVE-BEACON] SIMNOW:16.336 CID:6 ZONE:1 RXUAV:1 EDGEPORT:9998 TS:16.322 SPD:24.700 HDG:-1.200 PX:359.000 PY:-20.000 LAN:2 BRK:0 RX_X:0.000 RX_Y:0.000 RX_Z:0.000
[ZONE-ROUTE] CID:6 zone=1 edge_port=9998
[EDGE-RTT] CID:6 wall=1.1 ms  sim_delay=5.0 ms
>>> [UAV->CLOUD] BLK:b0d2|TX:7.0.0.10|CID:6|TS:16.322|SPD:24.7|HDG:-1.2|PX:359.0|PY:-20.0...
[ECON-CLAWBACK] CID:6 ACT=WARN prior_payoff=-2.8 extra_penalty=2.0 new_payoff=-4.9
[FORGIVENESS] CID:6 WARN #5 — streak reset, benefits revoked
⚠ [CAR 6] ACT=WARN REP=0.879 RWD=0.000 PNL=2.100 CREDIT=-2
[PASSIVE-BEACON] SIMNOW:16.476 CID:8 ZONE:1 RXUAV:1 EDGEPORT:9998 TS:16.462 SPD:20.400 HDG:1.300 PX:348.500 PY:-40.000 LAN:4 BRK:1 RX_X:0.000 RX_Y:0.000 RX_Z:0.000
[ZONE-ROUTE] CID:8 zone=1 edge_port=9998
[EDGE-RTT] CID:8 wall=0.9 ms  sim_delay=5.0 ms
>>> [UAV->CLOUD] BLK:6cfc|TX:7.0.0.12|CID:8|TS:16.462|SPD:20.4|HDG:1.3|PX:348.5|PY:-40.0|...
[PASSIVE-BEACON] SIMNOW:16.476 CID:7 ZONE:1 RXUAV:1 EDGEPORT:9998 TS:16.462 SPD:25.300 HDG:-1.900 PX:352.100 PY:-30.000 LAN:3 BRK:1 RX_X:0.000 RX_Y:0.000 RX_Z:0.000
[ZONE-ROUTE] CID:7 zone=1 edge_port=9998
[EDGE-RTT] CID:7 wall=3.1 ms  sim_delay=5.0 ms
>>> [UAV->CLOUD] BLK:fd27|TX:7.0.0.11|CID:7|TS:16.462|SPD:25.3|HDG:-1.9|PX:352.1|PY:-30.0...
✓ [CAR 8] ACT=OK REP=1.000 RWD=1.000 PNL=0.000 CREDIT=26
[ECON-CLAWBACK] CID:7 ACT=WARN prior_payoff=6.172 extra_penalty=4.336 new_payoff=1.739
[FORGIVENESS] CID:7 WARN #2 — streak reset, benefits revoked
⚠ [CAR 7] ACT=WARN REP=1.000 RWD=0.000 PNL=4.433 CREDIT=-2
[PASSIVE-BEACON] SIMNOW:16.493 CID:3 ZONE:1 RXUAV:1 EDGEPORT:9998 TS:16.480 SPD:19.800 HDG:-0.900 PX:329.300 PY:-40.000 LAN:4 BRK:0 RX_X:0.000 RX_Y:0.000 RX_Z:0.000
[ZONE-ROUTE] CID:3 zone=1 edge_port=9998
[EDGE-RTT] CID:3 wall=1.3 ms  sim_delay=5.0 ms
>>> [UAV->CLOUD] BLK:8950|TX:7.0.0.7|CID:3|TS:16.480|SPD:19.8|HDG:-0.9|PX:329.3|PY:-40.0|...
[PASSIVE-BEACON] SIMNOW:16.504 CID:2 ZONE:1 RXUAV:1 EDGEPORT:9998 TS:16.490 SPD:25.000 HDG:1.200 PX:332.900 PY:-30.000 LAN:3 BRK:0 RX_X:0.000 RX_Y:0.000 RX_Z:0.000
[ZONE-ROUTE] CID:2 zone=1 edge_port=9998
[EDGE-RTT] CID:2 wall=0.7 ms  sim_delay=5.0 ms
>>> [UAV->CLOUD] BLK:dc46|TX:7.0.0.6|CID:2|TS:16.490|SPD:25.0|HDG:1.2|PX:332.9|PY:-30.0|L...
✓ [CAR 3] ACT=OK REP=1.000 RWD=1.000 PNL=0.000 CREDIT=24
[ECON-CLAWBACK] CID:2 ACT=WARN prior_payoff=5.924 extra_penalty=4.212 new_payoff=1.616
[FORGIVENESS] CID:2 WARN #2 — streak reset, benefits revoked
⚠ [CAR 2] ACT=WARN REP=0.706 RWD=0.000 PNL=4.308 CREDIT=-2
[PASSIVE-BEACON] SIMNOW:16.526 CID:9 ZONE:1 RXUAV:1 EDGEPORT:9998 TS:16.512 SPD:19.900 HDG:0.700 PX:350.200 PY:-50.000 LAN:5 BRK:0 RX_X:0.000 RX_Y:0.000 RX_Z:0.000
[ZONE-ROUTE] CID:9 zone=1 edge_port=9998
[EDGE-RTT] CID:9 wall=0.9 ms  sim_delay=5.0 ms
>>> [UAV->CLOUD] BLK:0757|TX:7.0.0.13|CID:9|TS:16.512|SPD:19.9|HDG:0.7|PX:350.2|PY:-50.0|...
✓ [CAR 9] ACT=OK REP=1.000 RWD=1.000 PNL=0.000 CREDIT=26
[PASSIVE-BEACON] SIMNOW:16.574 CID:1 ZONE:1 RXUAV:1 EDGEPORT:9998 TS:16.560 SPD:25.000 HDG:-0.100 PX:345.100 PY:-20.000 LAN:2 BRK:1 RX_X:0.000 RX_Y:0.000 RX_Z:0.000
[ZONE-ROUTE] CID:1 zone=1 edge_port=9998
[EDGE-RTT] CID:1 wall=0.9 ms  sim_delay=5.0 ms
>>> [UAV->CLOUD] BLK:0936|TX:7.0.0.5|CID:1|TS:16.560|SPD:25.0|HDG:-0.1|PX:345.1|PY:-20.0|...
[ECON-CLAWBACK] CID:1 ACT=WARN prior_payoff=-2.8 extra_penalty=2.0 new_payoff=-4.9
[FORGIVENESS] CID:1 WARN #5 — streak reset, benefits revoked
⚠ [CAR 1] ACT=WARN REP=0.763 RWD=0.000 PNL=2.101 CREDIT=-2
[PASSIVE-BEACON] SIMNOW:16.604 CID:0 ZONE:1 RXUAV:1 EDGEPORT:9998 TS:16.590 SPD:25.000 HDG:1.200 PX:355.900 PY:-10.000 LAN:1 BRK:0 RX_X:0.000 RX_Y:0.000 RX_Z:0.000
[ZONE-ROUTE] CID:0 zone=1 edge_port=9998
[EDGE-RTT] CID:0 wall=1.0 ms  sim_delay=10.0 ms
>>> [UAV->CLOUD] BLK:b88e|TX:7.0.0.4|CID:0|TS:16.590|SPD:25.0|HDG:1.2|PX:355.9|PY:-10.0|L...
[ECON-CLAWBACK] CID:0 ACT=WARN prior_payoff=-16.1 extra_penalty=3.2 new_payoff=-19.5
[FORGIVENESS] CID:0 WARN #10 — streak reset, benefits revoked
⚠ [CAR 0] ACT=WARN REP=0.768 RWD=0.000 PNL=3.351 CREDIT=-2
[PASSIVE-BEACON] SIMNOW:16.776 CID:5 ZONE:1 RXUAV:1 EDGEPORT:9998 TS:16.762 SPD:24.600 HDG:-1.300 PX:378.900 PY:-10.000 LAN:1 BRK:0 RX_X:0.000 RX_Y:0.000 RX_Z:0.000
[ZONE-ROUTE] CID:5 zone=1 edge_port=9998
[EDGE-RTT] CID:5 wall=0.9 ms  sim_delay=10.0 ms
>>> [UAV->CLOUD] BLK:0963|TX:7.0.0.9|CID:5|TS:16.762|SPD:24.6|HDG:-1.3|PX:378.9|PY:-10.0|...
[ECON-CLAWBACK] CID:5 ACT=WARN prior_payoff=-16.2 extra_penalty=3.2 new_payoff=-19.5
[FORGIVENESS] CID:5 WARN #10 — streak reset, benefits revoked
⚠ [CAR 5] ACT=WARN REP=0.658 RWD=0.000 PNL=3.349 CREDIT=-2
[PASSIVE-BEACON] SIMNOW:16.836 CID:6 ZONE:1 RXUAV:1 EDGEPORT:9998 TS:16.822 SPD:25.300 HDG:-0.800 PX:371.300 PY:-20.000 LAN:2 BRK:0 RX_X:0.000 RX_Y:0.000 RX_Z:0.000
[ZONE-ROUTE] CID:6 zone=1 edge_port=9998
[EDGE-RTT] CID:6 wall=0.9 ms  sim_delay=5.0 ms
>>> [UAV->CLOUD] BLK:b95e|TX:7.0.0.10|CID:6|TS:16.822|SPD:25.3|HDG:-0.8|PX:371.3|PY:-20.0...
[ECON-CLAWBACK] CID:6 ACT=WARN prior_payoff=-4.9 extra_penalty=2.2 new_payoff=-7.3
[FORGIVENESS] CID:6 WARN #6 — streak reset, benefits revoked
⚠ [CAR 6] ACT=WARN REP=1.000 RWD=0.000 PNL=2.352 CREDIT=-2
[PASSIVE-BEACON] SIMNOW:16.976 CID:8 ZONE:1 RXUAV:1 EDGEPORT:9998 TS:16.962 SPD:19.600 HDG:-0.800 PX:359.000 PY:-40.000 LAN:4 BRK:0 RX_X:0.000 RX_Y:0.000 RX_Z:0.000
[ZONE-ROUTE] CID:8 zone=1 edge_port=9998
[EDGE-RTT] CID:8 wall=1.0 ms  sim_delay=5.0 ms
>>> [UAV->CLOUD] BLK:de6b|TX:7.0.0.12|CID:8|TS:16.962|SPD:19.6|HDG:-0.8|PX:359.0|PY:-40.0...
[PASSIVE-BEACON] SIMNOW:16.976 CID:7 ZONE:1 RXUAV:1 EDGEPORT:9998 TS:16.962 SPD:25.300 HDG:-1.400 PX:364.300 PY:-30.000 LAN:3 BRK:0 RX_X:0.000 RX_Y:0.000 RX_Z:0.000
[ZONE-ROUTE] CID:7 zone=1 edge_port=9998
[EDGE-RTT] CID:7 wall=2.1 ms  sim_delay=5.0 ms
>>> [UAV->CLOUD] BLK:2c71|TX:7.0.0.11|CID:7|TS:16.962|SPD:25.3|HDG:-1.4|PX:364.3|PY:-30.0...
✓ [CAR 8] ACT=OK REP=0.829 RWD=1.000 PNL=0.000 CREDIT=27
[ECON-CLAWBACK] CID:7 ACT=WARN prior_payoff=1.739 extra_penalty=2.369 new_payoff=-0.730
[FORGIVENESS] CID:7 WARN #3 — streak reset, benefits revoked
⚠ [CAR 7] ACT=WARN REP=0.846 RWD=0.000 PNL=2.469 CREDIT=-2
[PASSIVE-BEACON] SIMNOW:16.994 CID:3 ZONE:1 RXUAV:1 EDGEPORT:9998 TS:16.980 SPD:19.900 HDG:0.800 PX:339.200 PY:-40.000 LAN:4 BRK:0 RX_X:0.000 RX_Y:0.000 RX_Z:0.000
[ZONE-ROUTE] CID:3 zone=1 edge_port=9998
[EDGE-RTT] CID:3 wall=1.1 ms  sim_delay=5.0 ms
>>> [UAV->CLOUD] BLK:3a6c|TX:7.0.0.7|CID:3|TS:16.980|SPD:19.9|HDG:0.8|PX:339.2|PY:-40.0|L...
[PASSIVE-BEACON] SIMNOW:17.004 CID:2 ZONE:1 RXUAV:1 EDGEPORT:9998 TS:16.990 SPD:25.200 HDG:-0.500 PX:345.500 PY:-30.000 LAN:3 BRK:0 RX_X:0.000 RX_Y:0.000 RX_Z:0.000
[ZONE-ROUTE] CID:2 zone=1 edge_port=9998
[EDGE-RTT] CID:2 wall=1.2 ms  sim_delay=5.0 ms
>>> [UAV->CLOUD] BLK:f665|TX:7.0.0.6|CID:2|TS:16.990|SPD:25.2|HDG:-0.5|PX:345.5|PY:-30.0|...
✓ [CAR 3] ACT=OK REP=1.000 RWD=1.000 PNL=0.000 CREDIT=25
[ECON-CLAWBACK] CID:2 ACT=WARN prior_payoff=1.616 extra_penalty=2.308 new_payoff=-0.790
[FORGIVENESS] CID:2 WARN #3 — streak reset, benefits revoked
⚠ [CAR 2] ACT=WARN REP=0.784 RWD=0.000 PNL=2.406 CREDIT=-2
[PASSIVE-BEACON] SIMNOW:17.026 CID:9 ZONE:1 RXUAV:1 EDGEPORT:9998 TS:17.012 SPD:20.200 HDG:-0.400 PX:360.600 PY:-50.000 LAN:5 BRK:0 RX_X:0.000 RX_Y:0.000 RX_Z:0.000
[ZONE-ROUTE] CID:9 zone=1 edge_port=9998
[EDGE-RTT] CID:9 wall=1.2 ms  sim_delay=5.0 ms
>>> [UAV->CLOUD] BLK:2728|TX:7.0.0.13|CID:9|TS:17.012|SPD:20.2|HDG:-0.4|PX:360.6|PY:-50.0...
✓ [CAR 9] ACT=OK REP=0.990 RWD=1.000 PNL=0.000 CREDIT=27
[PASSIVE-BEACON] SIMNOW:17.074 CID:1 ZONE:1 RXUAV:1 EDGEPORT:9998 TS:17.060 SPD:25.400 HDG:0.900 PX:356.700 PY:-20.000 LAN:2 BRK:0 RX_X:0.000 RX_Y:0.000 RX_Z:0.000
[ZONE-ROUTE] CID:1 zone=1 edge_port=9998
[EDGE-RTT] CID:1 wall=1.2 ms  sim_delay=5.0 ms
>>> [UAV->CLOUD] BLK:efcb|TX:7.0.0.5|CID:1|TS:17.060|SPD:25.4|HDG:0.9|PX:356.7|PY:-20.0|L...
[ECON-CLAWBACK] CID:1 ACT=WARN prior_payoff=-4.9 extra_penalty=2.2 new_payoff=-7.2
[FORGIVENESS] CID:1 WARN #6 — streak reset, benefits revoked
⚠ [CAR 1] ACT=WARN REP=0.677 RWD=0.000 PNL=2.352 CREDIT=-2
[PASSIVE-BEACON] SIMNOW:17.104 CID:0 ZONE:1 RXUAV:1 EDGEPORT:9998 TS:17.090 SPD:24.800 HDG:-1.300 PX:368.100 PY:-10.000 LAN:1 BRK:0 RX_X:0.000 RX_Y:0.000 RX_Z:0.000
[ZONE-ROUTE] CID:0 zone=1 edge_port=9998
[EDGE-RTT] CID:0 wall=1.2 ms  sim_delay=10.0 ms
>>> [UAV->CLOUD] BLK:92fc|TX:7.0.0.4|CID:0|TS:17.090|SPD:24.8|HDG:-1.3|PX:368.1|PY:-10.0|...
[ECON-CLAWBACK] CID:0 ACT=WARN prior_payoff=-19.5 extra_penalty=3.5 new_payoff=-23.1
[FORGIVENESS] CID:0 WARN #11 — streak reset, benefits revoked
⚠ [CAR 0] ACT=WARN REP=0.384 RWD=0.000 PNL=3.600 CREDIT=-2
[PASSIVE-BEACON] SIMNOW:17.276 CID:5 ZONE:1 RXUAV:1 EDGEPORT:9998 TS:17.262 SPD:25.400 HDG:-0.400 PX:392.200 PY:-10.000 LAN:1 BRK:1 RX_X:0.000 RX_Y:0.000 RX_Z:0.000
[ZONE-ROUTE] CID:5 zone=1 edge_port=9998
[EDGE-RTT] CID:5 wall=0.9 ms  sim_delay=10.0 ms
>>> [UAV->CLOUD] BLK:d8be|TX:7.0.0.9|CID:5|TS:17.262|SPD:25.4|HDG:-0.4|PX:392.2|PY:-10.0|...
[ECON-CLAWBACK] CID:5 ACT=WARN prior_payoff=-19.5 extra_penalty=3.5 new_payoff=-23.1
[FORGIVENESS] CID:5 WARN #11 — streak reset, benefits revoked
⚠ [CAR 5] ACT=WARN REP=0.551 RWD=0.000 PNL=3.602 CREDIT=-2
[PASSIVE-BEACON] SIMNOW:17.336 CID:6 ZONE:1 RXUAV:1 EDGEPORT:9998 TS:17.322 SPD:25.400 HDG:-0.900 PX:383.100 PY:-20.000 LAN:2 BRK:1 RX_X:0.000 RX_Y:0.000 RX_Z:0.000
[ZONE-ROUTE] CID:6 zone=1 edge_port=9998
[EDGE-RTT] CID:6 wall=1.1 ms  sim_delay=5.0 ms
>>> [UAV->CLOUD] BLK:b89c|TX:7.0.0.10|CID:6|TS:17.322|SPD:25.4|HDG:-0.9|PX:383.1|PY:-20.0...
[ECON-CLAWBACK] CID:6 ACT=WARN prior_payoff=-7.3 extra_penalty=2.5 new_payoff=-9.9
[FORGIVENESS] CID:6 WARN #7 — streak reset, benefits revoked
⚠ [CAR 6] ACT=WARN REP=0.870 RWD=0.000 PNL=2.602 CREDIT=-2
[PASSIVE-BEACON] SIMNOW:17.476 CID:8 ZONE:1 RXUAV:1 EDGEPORT:9998 TS:17.462 SPD:20.300 HDG:-0.100 PX:369.300 PY:-40.000 LAN:4 BRK:1 RX_X:0.000 RX_Y:0.000 RX_Z:0.000
[ZONE-ROUTE] CID:8 zone=1 edge_port=9998
[EDGE-RTT] CID:8 wall=1.0 ms  sim_delay=5.0 ms
>>> [UAV->CLOUD] BLK:144b|TX:7.0.0.12|CID:8|TS:17.462|SPD:20.3|HDG:-0.1|PX:369.3|PY:-40.0...
[PASSIVE-BEACON] SIMNOW:17.476 CID:7 ZONE:1 RXUAV:1 EDGEPORT:9998 TS:17.462 SPD:25.200 HDG:-1.100 PX:376.600 PY:-30.000 LAN:3 BRK:0 RX_X:0.000 RX_Y:0.000 RX_Z:0.000
[ZONE-ROUTE] CID:7 zone=1 edge_port=9998
[EDGE-RTT] CID:7 wall=1.6 ms  sim_delay=5.0 ms
>>> [UAV->CLOUD] BLK:6e81|TX:7.0.0.11|CID:7|TS:17.462|SPD:25.2|HDG:-1.1|PX:376.6|PY:-30.0...
[ECON-CLAWBACK] CID:7 ACT=WARN prior_payoff=-0.7 extra_penalty=1.8 new_payoff=-2.6
[FORGIVENESS] CID:7 WARN #4 — streak reset, benefits revoked
⚠ [CAR 7] ACT=WARN REP=0.667 RWD=0.000 PNL=1.850 CREDIT=-2
✓ [CAR 8] ACT=OK REP=1.000 RWD=1.000 PNL=0.000 CREDIT=28
[PASSIVE-BEACON] SIMNOW:17.494 CID:3 ZONE:1 RXUAV:1 EDGEPORT:9998 TS:17.480 SPD:20.100 HDG:-1.600 PX:349.600 PY:-40.000 LAN:4 BRK:0 RX_X:0.000 RX_Y:0.000 RX_Z:0.000
[ZONE-ROUTE] CID:3 zone=1 edge_port=9998
[EDGE-RTT] CID:3 wall=1.1 ms  sim_delay=5.0 ms
>>> [UAV->CLOUD] BLK:65ef|TX:7.0.0.7|CID:3|TS:17.480|SPD:20.1|HDG:-1.6|PX:349.6|PY:-40.0|...
[PASSIVE-BEACON] SIMNOW:17.504 CID:2 ZONE:1 RXUAV:1 EDGEPORT:9998 TS:17.490 SPD:25.100 HDG:0.600 PX:358.200 PY:-30.000 LAN:3 BRK:0 RX_X:0.000 RX_Y:0.000 RX_Z:0.000
[ZONE-ROUTE] CID:2 zone=1 edge_port=9998
[EDGE-RTT] CID:2 wall=0.8 ms  sim_delay=5.0 ms
>>> [UAV->CLOUD] BLK:27be|TX:7.0.0.6|CID:2|TS:17.490|SPD:25.1|HDG:0.6|PX:358.2|PY:-30.0|L...
✓ [CAR 3] ACT=OK REP=0.909 RWD=1.000 PNL=0.000 CREDIT=26
[ECON-CLAWBACK] CID:2 ACT=WARN prior_payoff=-0.790 extra_penalty=1.750 new_payoff=-2.639
[FORGIVENESS] CID:2 WARN #4 — streak reset, benefits revoked
⚠ [CAR 2] ACT=WARN REP=0.866 RWD=0.000 PNL=1.849 CREDIT=-2
[PASSIVE-BEACON] SIMNOW:17.526 CID:9 ZONE:1 RXUAV:1 EDGEPORT:9998 TS:17.512 SPD:19.600 HDG:0.100 PX:370.900 PY:-50.000 LAN:5 BRK:1 RX_X:0.000 RX_Y:0.000 RX_Z:0.000
[ZONE-ROUTE] CID:9 zone=1 edge_port=9998
[EDGE-RTT] CID:9 wall=1.2 ms  sim_delay=5.0 ms
>>> [UAV->CLOUD] BLK:58de|TX:7.0.0.13|CID:9|TS:17.512|SPD:19.6|HDG:0.1|PX:370.9|PY:-50.0|...
✓ [CAR 9] ACT=OK REP=0.533 RWD=1.000 PNL=0.000 CREDIT=28
[PASSIVE-BEACON] SIMNOW:17.574 CID:1 ZONE:1 RXUAV:1 EDGEPORT:9998 TS:17.560 SPD:24.900 HDG:-1.000 PX:369.800 PY:-20.000 LAN:2 BRK:0 RX_X:0.000 RX_Y:0.000 RX_Z:0.000
[ZONE-ROUTE] CID:1 zone=1 edge_port=9998
[EDGE-RTT] CID:1 wall=1.2 ms  sim_delay=5.0 ms
>>> [UAV->CLOUD] BLK:bfe5|TX:7.0.0.5|CID:1|TS:17.560|SPD:24.9|HDG:-1.0|PX:369.8|PY:-20.0|...
[ECON-CLAWBACK] CID:1 ACT=WARN prior_payoff=-7.2 extra_penalty=2.5 new_payoff=-9.8
[FORGIVENESS] CID:1 WARN #7 — streak reset, benefits revoked
⚠ [CAR 1] ACT=WARN REP=0.680 RWD=0.000 PNL=2.601 CREDIT=-2
[PASSIVE-BEACON] SIMNOW:17.604 CID:0 ZONE:1 RXUAV:1 EDGEPORT:9998 TS:17.590 SPD:25.100 HDG:0.500 PX:379.700 PY:-10.000 LAN:1 BRK:1 RX_X:0.000 RX_Y:0.000 RX_Z:0.000
[ZONE-ROUTE] CID:0 zone=1 edge_port=9998
[EDGE-RTT] CID:0 wall=1.2 ms  sim_delay=10.0 ms
>>> [UAV->CLOUD] BLK:031b|TX:7.0.0.4|CID:0|TS:17.590|SPD:25.1|HDG:0.5|PX:379.7|PY:-10.0|L...
[ECON-CLAWBACK] CID:0 ACT=WARN prior_payoff=-23.1 extra_penalty=3.8 new_payoff=-26.9
[FORGIVENESS] CID:0 WARN #12 — streak reset, benefits revoked
⚠ [CAR 0] ACT=WARN REP=0.576 RWD=0.000 PNL=3.852 CREDIT=-2
[PASSIVE-BEACON] SIMNOW:17.776 CID:5 ZONE:1 RXUAV:1 EDGEPORT:9998 TS:17.762 SPD:25.100 HDG:1.300 PX:405.000 PY:-10.000 LAN:1 BRK:0 RX_X:0.000 RX_Y:0.000 RX_Z:0.000
[ZONE-ROUTE] CID:5 zone=1 edge_port=9998
[EDGE-RTT] CID:5 wall=1.2 ms  sim_delay=10.0 ms
>>> [UAV->CLOUD] BLK:baa9|TX:7.0.0.9|CID:5|TS:17.762|SPD:25.1|HDG:1.3|PX:405.0|PY:-10.0|L...
[ECON-CLAWBACK] CID:5 ACT=WARN prior_payoff=-23.1 extra_penalty=3.8 new_payoff=-27.0
[FORGIVENESS] CID:5 WARN #12 — streak reset, benefits revoked
⚠ [CAR 5] ACT=WARN REP=0.714 RWD=0.000 PNL=3.852 CREDIT=-2
[PASSIVE-BEACON] SIMNOW:17.836 CID:6 ZONE:1 RXUAV:1 EDGEPORT:9998 TS:17.822 SPD:24.500 HDG:0.600 PX:395.500 PY:-20.000 LAN:2 BRK:0 RX_X:0.000 RX_Y:0.000 RX_Z:0.000
[ZONE-ROUTE] CID:6 zone=1 edge_port=9998
[EDGE-RTT] CID:6 wall=1.0 ms  sim_delay=5.0 ms
>>> [UAV->CLOUD] BLK:f6cb|TX:7.0.0.10|CID:6|TS:17.822|SPD:24.5|HDG:0.6|PX:395.5|PY:-20.0|...
[ECON-CLAWBACK] CID:6 ACT=WARN prior_payoff=-9.9 extra_penalty=2.8 new_payoff=-12.7
[FORGIVENESS] CID:6 WARN #8 — streak reset, benefits revoked
⚠ [CAR 6] ACT=WARN REP=0.728 RWD=0.000 PNL=2.849 CREDIT=-2
[PASSIVE-BEACON] SIMNOW:17.976 CID:8 ZONE:1 RXUAV:1 EDGEPORT:9998 TS:17.962 SPD:24.800 HDG:-1.700 PX:379.900 PY:-40.000 LAN:4 BRK:0 RX_X:0.000 RX_Y:0.000 RX_Z:0.000
[ZONE-ROUTE] CID:8 zone=1 edge_port=9998
[EDGE-RTT] CID:8 wall=1.0 ms  sim_delay=5.0 ms
>>> [UAV->CLOUD] BLK:a079|TX:7.0.0.12|CID:8|TS:17.962|SPD:24.8|HDG:-1.7|PX:379.9|PY:-40.0...
[PASSIVE-BEACON] SIMNOW:17.976 CID:7 ZONE:1 RXUAV:1 EDGEPORT:9998 TS:17.962 SPD:25.100 HDG:-0.300 PX:389.200 PY:-30.000 LAN:3 BRK:0 RX_X:0.000 RX_Y:0.000 RX_Z:0.000
[ZONE-ROUTE] CID:7 zone=1 edge_port=9998
[EDGE-RTT] CID:7 wall=2.2 ms  sim_delay=5.0 ms
>>> [UAV->CLOUD] BLK:4ee0|TX:7.0.0.11|CID:7|TS:17.962|SPD:25.1|HDG:-0.3|PX:389.2|PY:-30.0...
[ECON-CLAWBACK] CID:8 ACT=WARN prior_payoff=32.0 extra_penalty=25.0 new_payoff=6.9
[TRUST-REVOKED] CID:8 benefits revoked logically; lane=4 speed=20.0 latency=10.0ms
[FORGIVENESS] CID:8 WARN #1 — streak reset, benefits revoked
⚠ [CAR 8] ACT=WARN REP=1.000 RWD=0.000 PNL=25.072 CREDIT=27
[ECON-CLAWBACK] CID:7 ACT=WARN prior_payoff=-2.580 extra_penalty=2.000 new_payoff=-4.681
[FORGIVENESS] CID:7 WARN #5 — streak reset, benefits revoked
⚠ [CAR 7] ACT=WARN REP=0.853 RWD=0.000 PNL=2.102 CREDIT=-2
[PASSIVE-BEACON] SIMNOW:17.994 CID:3 ZONE:1 RXUAV:1 EDGEPORT:9998 TS:17.980 SPD:24.700 HDG:0.800 PX:360.800 PY:-40.000 LAN:4 BRK:0 RX_X:0.000 RX_Y:0.000 RX_Z:0.000
[ZONE-ROUTE] CID:3 zone=1 edge_port=9998
[EDGE-RTT] CID:3 wall=1.1 ms  sim_delay=5.0 ms
>>> [UAV->CLOUD] BLK:e236|TX:7.0.0.7|CID:3|TS:17.980|SPD:24.7|HDG:0.8|PX:360.8|PY:-40.0|L...
[PASSIVE-BEACON] SIMNOW:18.004 CID:2 ZONE:1 RXUAV:1 EDGEPORT:9998 TS:17.990 SPD:25.300 HDG:-0.200 PX:370.200 PY:-30.000 LAN:3 BRK:0 RX_X:0.000 RX_Y:0.000 RX_Z:0.000
[ZONE-ROUTE] CID:2 zone=1 edge_port=9998
[EDGE-RTT] CID:2 wall=1.1 ms  sim_delay=5.0 ms
>>> [UAV->CLOUD] BLK:59ac|TX:7.0.0.6|CID:2|TS:17.990|SPD:25.3|HDG:-0.2|PX:370.2|PY:-30.0|...
✓ [CAR 3] ACT=OK REP=1.000 RWD=0.851 PNL=0.000 CREDIT=27
[ECON-CLAWBACK] CID:2 ACT=WARN prior_payoff=-2.639 extra_penalty=2.000 new_payoff=-4.741
[FORGIVENESS] CID:2 WARN #5 — streak reset, benefits revoked
⚠ [CAR 2] ACT=WARN REP=0.643 RWD=0.000 PNL=2.102 CREDIT=-2
[PASSIVE-BEACON] SIMNOW:18.026 CID:9 ZONE:1 RXUAV:1 EDGEPORT:9998 TS:18.012 SPD:20.200 HDG:0.800 PX:379.700 PY:-50.000 LAN:5 BRK:0 RX_X:0.000 RX_Y:0.000 RX_Z:0.000
[ZONE-ROUTE] CID:9 zone=1 edge_port=9998
[EDGE-RTT] CID:9 wall=1.2 ms  sim_delay=5.0 ms
>>> [UAV->CLOUD] BLK:39ed|TX:7.0.0.13|CID:9|TS:18.012|SPD:20.2|HDG:0.8|PX:379.7|PY:-50.0|...
✓ [CAR 9] ACT=OK REP=1.000 RWD=1.000 PNL=0.000 CREDIT=29
[PASSIVE-BEACON] SIMNOW:18.074 CID:1 ZONE:1 RXUAV:1 EDGEPORT:9998 TS:18.060 SPD:24.600 HDG:-0.900 PX:381.900 PY:-20.000 LAN:2 BRK:0 RX_X:0.000 RX_Y:0.000 RX_Z:0.000
[ZONE-ROUTE] CID:1 zone=1 edge_port=9998
[EDGE-RTT] CID:1 wall=1.2 ms  sim_delay=5.0 ms
>>> [UAV->CLOUD] BLK:34ed|TX:7.0.0.5|CID:1|TS:18.060|SPD:24.6|HDG:-0.9|PX:381.9|PY:-20.0|...
[ECON-CLAWBACK] CID:1 ACT=WARN prior_payoff=-9.8 extra_penalty=2.8 new_payoff=-12.7
[FORGIVENESS] CID:1 WARN #8 — streak reset, benefits revoked
⚠ [CAR 1] ACT=WARN REP=0.694 RWD=0.000 PNL=2.849 CREDIT=-2
[PASSIVE-BEACON] SIMNOW:18.104 CID:0 ZONE:1 RXUAV:1 EDGEPORT:9998 TS:18.090 SPD:24.800 HDG:1.600 PX:392.600 PY:-10.000 LAN:1 BRK:0 RX_X:0.000 RX_Y:0.000 RX_Z:0.000
[ZONE-ROUTE] CID:0 zone=1 edge_port=9998
[EDGE-RTT] CID:0 wall=1.2 ms  sim_delay=10.0 ms
>>> [UAV->CLOUD] BLK:b6ad|TX:7.0.0.4|CID:0|TS:18.090|SPD:24.8|HDG:1.6|PX:392.6|PY:-10.0|L...
[ECON-CLAWBACK] CID:0 ACT=WARN prior_payoff=-26.9 extra_penalty=4.0 new_payoff=-31.0
[FORGIVENESS] CID:0 WARN #13 — streak reset, benefits revoked
⚠ [CAR 0] ACT=WARN REP=0.517 RWD=0.000 PNL=4.100 CREDIT=-2
[PASSIVE-BEACON] SIMNOW:18.276 CID:5 ZONE:1 RXUAV:1 EDGEPORT:9998 TS:18.262 SPD:25.100 HDG:1.000 PX:417.600 PY:-10.000 LAN:1 BRK:1 RX_X:0.000 RX_Y:0.000 RX_Z:0.000
[ZONE-ROUTE] CID:5 zone=1 edge_port=9998
[EDGE-RTT] CID:5 wall=0.8 ms  sim_delay=10.0 ms
>>> [UAV->CLOUD] BLK:5496|TX:7.0.0.9|CID:5|TS:18.262|SPD:25.1|HDG:1.0|PX:417.6|PY:-10.0|L...
[ECON-CLAWBACK] CID:5 ACT=WARN prior_payoff=-27.0 extra_penalty=4.0 new_payoff=-31.1
[FORGIVENESS] CID:5 WARN #13 — streak reset, benefits revoked
⚠ [CAR 5] ACT=WARN REP=0.442 RWD=0.000 PNL=4.101 CREDIT=-2
[PASSIVE-BEACON] SIMNOW:18.336 CID:6 ZONE:1 RXUAV:1 EDGEPORT:9998 TS:18.322 SPD:24.600 HDG:2.000 PX:408.800 PY:-20.000 LAN:2 BRK:0 RX_X:0.000 RX_Y:0.000 RX_Z:0.000
[ZONE-ROUTE] CID:6 zone=1 edge_port=9998
[EDGE-RTT] CID:6 wall=1.1 ms  sim_delay=5.0 ms
>>> [UAV->CLOUD] BLK:194b|TX:7.0.0.10|CID:6|TS:18.322|SPD:24.6|HDG:2.0|PX:408.8|PY:-20.0|...
[ECON-CLAWBACK] CID:6 ACT=WARN prior_payoff=-12.7 extra_penalty=3.0 new_payoff=-15.8
[FORGIVENESS] CID:6 WARN #9 — streak reset, benefits revoked
⚠ [CAR 6] ACT=WARN REP=0.581 RWD=0.000 PNL=3.099 CREDIT=-2
[PASSIVE-BEACON] SIMNOW:18.476 CID:8 ZONE:1 RXUAV:1 EDGEPORT:9998 TS:18.462 SPD:24.600 HDG:-1.600 PX:392.000 PY:-40.000 LAN:4 BRK:0 RX_X:0.000 RX_Y:0.000 RX_Z:0.000
[ZONE-ROUTE] CID:8 zone=1 edge_port=9998
[EDGE-RTT] CID:8 wall=1.0 ms  sim_delay=5.0 ms
>>> [UAV->CLOUD] BLK:fe36|TX:7.0.0.12|CID:8|TS:18.462|SPD:24.6|HDG:-1.6|PX:392.0|PY:-40.0...
[PASSIVE-BEACON] SIMNOW:18.476 CID:7 ZONE:1 RXUAV:1 EDGEPORT:9998 TS:18.462 SPD:25.000 HDG:-0.300 PX:401.700 PY:-30.000 LAN:3 BRK:0 RX_X:0.000 RX_Y:0.000 RX_Z:0.000
[ZONE-ROUTE] CID:7 zone=1 edge_port=9998
[EDGE-RTT] CID:7 wall=2.2 ms  sim_delay=5.0 ms
>>> [UAV->CLOUD] BLK:ada2|TX:7.0.0.11|CID:7|TS:18.462|SPD:25.0|HDG:-0.3|PX:401.7|PY:-30.0...
[ECON-CLAWBACK] CID:8 ACT=WARN prior_payoff=6.9 extra_penalty=4.7 new_payoff=2.1
[FORGIVENESS] CID:8 WARN #2 — streak reset, benefits revoked
⚠ [CAR 8] ACT=WARN REP=1.000 RWD=0.000 PNL=4.805 CREDIT=-2
[ECON-CLAWBACK] CID:7 ACT=WARN prior_payoff=-4.681 extra_penalty=2.250 new_payoff=-7.032
[FORGIVENESS] CID:7 WARN #6 — streak reset, benefits revoked
⚠ [CAR 7] ACT=WARN REP=0.706 RWD=0.000 PNL=2.351 CREDIT=-2
[PASSIVE-BEACON] SIMNOW:18.494 CID:3 ZONE:1 RXUAV:1 EDGEPORT:9998 TS:18.480 SPD:24.700 HDG:1.200 PX:372.000 PY:-40.000 LAN:4 BRK:1 RX_X:0.000 RX_Y:0.000 RX_Z:0.000
[ZONE-ROUTE] CID:3 zone=1 edge_port=9998
[EDGE-RTT] CID:3 wall=1.0 ms  sim_delay=5.0 ms
>>> [UAV->CLOUD] BLK:03e6|TX:7.0.0.7|CID:3|TS:18.480|SPD:24.7|HDG:1.2|PX:372.0|PY:-40.0|L...
[PASSIVE-BEACON] SIMNOW:18.504 CID:2 ZONE:1 RXUAV:1 EDGEPORT:9998 TS:18.490 SPD:24.900 HDG:1.600 PX:383.000 PY:-30.000 LAN:3 BRK:0 RX_X:0.000 RX_Y:0.000 RX_Z:0.000
[ZONE-ROUTE] CID:2 zone=1 edge_port=9998
[EDGE-RTT] CID:2 wall=1.0 ms  sim_delay=5.0 ms
>>> [UAV->CLOUD] BLK:6530|TX:7.0.0.6|CID:2|TS:18.490|SPD:24.9|HDG:1.6|PX:383.0|PY:-30.0|L...
[ECON-CLAWBACK] CID:3 ACT=WARN prior_payoff=30.8 extra_penalty=24.1 new_payoff=6.6
[TRUST-REVOKED] CID:3 benefits revoked logically; lane=4 speed=20.0 latency=10.0ms
[FORGIVENESS] CID:3 WARN #1 — streak reset, benefits revoked
⚠ [CAR 3] ACT=WARN REP=1.000 RWD=0.000 PNL=24.211 CREDIT=26
[ECON-CLAWBACK] CID:2 ACT=WARN prior_payoff=-4.741 extra_penalty=2.250 new_payoff=-7.092
[FORGIVENESS] CID:2 WARN #6 — streak reset, benefits revoked
⚠ [CAR 2] ACT=WARN REP=0.915 RWD=0.000 PNL=2.351 CREDIT=-2
[PKT-DROP] UAV dropped telemetry from 7.0.0.13 (drop_rate=5%)
[PASSIVE-BEACON] SIMNOW:18.574 CID:1 ZONE:1 RXUAV:1 EDGEPORT:9998 TS:18.560 SPD:25.000 HDG:-1.900 PX:393.900 PY:-20.000 LAN:2 BRK:0 RX_X:0.000 RX_Y:0.000 RX_Z:0.000
[ZONE-ROUTE] CID:1 zone=1 edge_port=9998
[EDGE-RTT] CID:1 wall=1.3 ms  sim_delay=5.0 ms
>>> [UAV->CLOUD] BLK:4f8e|TX:7.0.0.5|CID:1|TS:18.560|SPD:25.0|HDG:-1.9|PX:393.9|PY:-20.0|...
[ECON-CLAWBACK] CID:1 ACT=WARN prior_payoff=-12.7 extra_penalty=3.0 new_payoff=-15.8
[FORGIVENESS] CID:1 WARN #9 — streak reset, benefits revoked
⚠ [CAR 1] ACT=WARN REP=0.763 RWD=0.000 PNL=3.101 CREDIT=-2
[PASSIVE-BEACON] SIMNOW:18.604 CID:0 ZONE:1 RXUAV:1 EDGEPORT:9998 TS:18.590 SPD:25.300 HDG:-0.300 PX:405.800 PY:-10.000 LAN:1 BRK:1 RX_X:0.000 RX_Y:0.000 RX_Z:0.000
[ZONE-ROUTE] CID:0 zone=1 edge_port=9998
[EDGE-RTT] CID:0 wall=1.2 ms  sim_delay=10.0 ms
>>> [UAV->CLOUD] BLK:8b4e|TX:7.0.0.4|CID:0|TS:18.590|SPD:25.3|HDG:-0.3|PX:405.8|PY:-10.0|...
[ECON-CLAWBACK] CID:0 ACT=WARN prior_payoff=-31.0 extra_penalty=4.2 new_payoff=-35.4
[FORGIVENESS] CID:0 WARN #14 — streak reset, benefits revoked
⚠ [CAR 0] ACT=WARN REP=0.698 RWD=0.000 PNL=4.352 CREDIT=-2
[PASSIVE-BEACON] SIMNOW:18.776 CID:5 ZONE:1 RXUAV:1 EDGEPORT:9998 TS:18.762 SPD:25.400 HDG:-1.200 PX:430.000 PY:-10.000 LAN:1 BRK:0 RX_X:0.000 RX_Y:0.000 RX_Z:0.000
[ZONE-ROUTE] CID:5 zone=1 edge_port=9998
[EDGE-RTT] CID:5 wall=1.0 ms  sim_delay=10.0 ms
>>> [UAV->CLOUD] BLK:6318|TX:7.0.0.9|CID:5|TS:18.762|SPD:25.4|HDG:-1.2|PX:430.0|PY:-10.0|...
[ECON-CLAWBACK] CID:5 ACT=WARN prior_payoff=-31.1 extra_penalty=4.2 new_payoff=-35.4
[FORGIVENESS] CID:5 WARN #14 — streak reset, benefits revoked
⚠ [CAR 5] ACT=WARN REP=0.594 RWD=0.000 PNL=4.352 CREDIT=-2
[PASSIVE-BEACON] SIMNOW:18.836 CID:6 ZONE:1 RXUAV:1 EDGEPORT:9998 TS:18.822 SPD:25.200 HDG:1.200 PX:421.700 PY:-20.000 LAN:2 BRK:0 RX_X:0.000 RX_Y:0.000 RX_Z:0.000
[ZONE-ROUTE] CID:6 zone=1 edge_port=9998
[EDGE-RTT] CID:6 wall=1.0 ms  sim_delay=5.0 ms
>>> [UAV->CLOUD] BLK:340b|TX:7.0.0.10|CID:6|TS:18.822|SPD:25.2|HDG:1.2|PX:421.7|PY:-20.0|...
[ECON-CLAWBACK] CID:6 ACT=WARN prior_payoff=-15.8 extra_penalty=3.2 new_payoff=-19.2
[FORGIVENESS] CID:6 WARN #10 — streak reset, benefits revoked
⚠ [CAR 6] ACT=WARN REP=0.673 RWD=0.000 PNL=3.352 CREDIT=-2
[PASSIVE-BEACON] SIMNOW:18.976 CID:8 ZONE:1 RXUAV:1 EDGEPORT:9998 TS:18.962 SPD:24.600 HDG:-1.800 PX:404.700 PY:-40.000 LAN:4 BRK:0 RX_X:0.000 RX_Y:0.000 RX_Z:0.000
[ZONE-ROUTE] CID:8 zone=1 edge_port=9998
[EDGE-RTT] CID:8 wall=1.0 ms  sim_delay=5.0 ms
>>> [UAV->CLOUD] BLK:7954|TX:7.0.0.12|CID:8|TS:18.962|SPD:24.6|HDG:-1.8|PX:404.7|PY:-40.0...
[PASSIVE-BEACON] SIMNOW:18.976 CID:7 ZONE:1 RXUAV:1 EDGEPORT:9998 TS:18.962 SPD:24.600 HDG:-0.900 PX:415.100 PY:-30.000 LAN:3 BRK:0 RX_X:0.000 RX_Y:0.000 RX_Z:0.000
[ZONE-ROUTE] CID:7 zone=1 edge_port=9998
[EDGE-RTT] CID:7 wall=2.2 ms  sim_delay=5.0 ms
>>> [UAV->CLOUD] BLK:3b19|TX:7.0.0.11|CID:7|TS:18.962|SPD:24.6|HDG:-0.9|PX:415.1|PY:-30.0...
[ECON-CLAWBACK] CID:8 ACT=WARN prior_payoff=2.1 extra_penalty=2.6 new_payoff=-0.5
[FORGIVENESS] CID:8 WARN #3 — streak reset, benefits revoked
⚠ [CAR 8] ACT=WARN REP=0.839 RWD=0.000 PNL=2.655 CREDIT=-2
[ECON-CLAWBACK] CID:7 ACT=WARN prior_payoff=-7.032 extra_penalty=2.500 new_payoff=-9.631
[FORGIVENESS] CID:7 WARN #7 — streak reset, benefits revoked
⚠ [CAR 7] ACT=WARN REP=0.652 RWD=0.000 PNL=2.599 CREDIT=-2
[PASSIVE-BEACON] SIMNOW:18.994 CID:3 ZONE:1 RXUAV:1 EDGEPORT:9998 TS:18.980 SPD:25.400 HDG:1.400 PX:385.000 PY:-40.000 LAN:4 BRK:0 RX_X:0.000 RX_Y:0.000 RX_Z:0.000
[ZONE-ROUTE] CID:3 zone=1 edge_port=9998
[EDGE-RTT] CID:3 wall=1.1 ms  sim_delay=5.0 ms
>>> [UAV->CLOUD] BLK:488f|TX:7.0.0.7|CID:3|TS:18.980|SPD:25.4|HDG:1.4|PX:385.0|PY:-40.0|L...
[PASSIVE-BEACON] SIMNOW:19.002 CID:2 ZONE:1 RXUAV:1 EDGEPORT:9998 TS:18.990 SPD:24.700 HDG:-1.000 PX:395.800 PY:-30.000 LAN:3 BRK:0 RX_X:0.000 RX_Y:0.000 RX_Z:0.000
[ZONE-ROUTE] CID:2 zone=1 edge_port=9998
[EDGE-RTT] CID:2 wall=0.8 ms  sim_delay=5.0 ms
>>> [UAV->CLOUD] BLK:9617|TX:7.0.0.6|CID:2|TS:18.990|SPD:24.7|HDG:-1.0|PX:395.8|PY:-30.0|...
[ECON-CLAWBACK] CID:3 ACT=WARN prior_payoff=6.6 extra_penalty=4.6 new_payoff=2.0
[FORGIVENESS] CID:3 WARN #2 — streak reset, benefits revoked
⚠ [CAR 3] ACT=WARN REP=0.927 RWD=0.000 PNL=4.666 CREDIT=-2
[ECON-CLAWBACK] CID:2 ACT=WARN prior_payoff=-7.092 extra_penalty=2.500 new_payoff=-9.692
[FORGIVENESS] CID:2 WARN #7 — streak reset, benefits revoked
⚠ [CAR 2] ACT=WARN REP=0.623 RWD=0.000 PNL=2.600 CREDIT=-2
[PASSIVE-BEACON] SIMNOW:19.024 CID:9 ZONE:1 RXUAV:1 EDGEPORT:9998 TS:19.012 SPD:19.600 HDG:1.700 PX:400.000 PY:-50.000 LAN:5 BRK:0 RX_X:0.000 RX_Y:0.000 RX_Z:0.000
[ZONE-ROUTE] CID:9 zone=1 edge_port=9998
[EDGE-RTT] CID:9 wall=1.0 ms  sim_delay=5.0 ms
>>> [UAV->CLOUD] BLK:c1a6|TX:7.0.0.13|CID:9|TS:19.012|SPD:19.6|HDG:1.7|PX:400.0|PY:-50.0|...
✓ [CAR 9] ACT=OK REP=0.900 RWD=1.000 PNL=0.000 CREDIT=30
[PASSIVE-BEACON] SIMNOW:19.074 CID:1 ZONE:1 RXUAV:1 EDGEPORT:9998 TS:19.060 SPD:24.700 HDG:-0.300 PX:406.900 PY:-20.000 LAN:2 BRK:0 RX_X:0.000 RX_Y:0.000 RX_Z:0.000
[ZONE-ROUTE] CID:1 zone=1 edge_port=9998
[EDGE-RTT] CID:1 wall=1.1 ms  sim_delay=5.0 ms
>>> [UAV->CLOUD] BLK:4cbc|TX:7.0.0.5|CID:1|TS:19.060|SPD:24.7|HDG:-0.3|PX:406.9|PY:-20.0|...
[ECON-CLAWBACK] CID:1 ACT=WARN prior_payoff=-15.8 extra_penalty=3.2 new_payoff=-19.1
[FORGIVENESS] CID:1 WARN #10 — streak reset, benefits revoked
⚠ [CAR 1] ACT=WARN REP=0.617 RWD=0.000 PNL=3.349 CREDIT=-2
[PASSIVE-BEACON] SIMNOW:19.104 CID:0 ZONE:1 RXUAV:1 EDGEPORT:9998 TS:19.090 SPD:24.800 HDG:-0.000 PX:417.100 PY:-10.000 LAN:1 BRK:0 RX_X:0.000 RX_Y:0.000 RX_Z:0.000
[ZONE-ROUTE] CID:0 zone=1 edge_port=9998
[EDGE-RTT] CID:0 wall=1.2 ms  sim_delay=10.0 ms
>>> [UAV->CLOUD] BLK:a993|TX:7.0.0.4|CID:0|TS:19.090|SPD:24.8|HDG:-0.0|PX:417.1|PY:-10.0|...
[ECON-CLAWBACK] CID:0 ACT=WARN prior_payoff=-35.4 extra_penalty=4.5 new_payoff=-40.0
[FORGIVENESS] CID:0 WARN #15 — streak reset, benefits revoked
⚠ [CAR 0] ACT=WARN REP=0.596 RWD=0.000 PNL=4.600 CREDIT=-2
[PASSIVE-BEACON] SIMNOW:19.276 CID:5 ZONE:1 RXUAV:1 EDGEPORT:9998 TS:19.262 SPD:25.300 HDG:-1.600 PX:441.400 PY:-10.000 LAN:1 BRK:0 RX_X:0.000 RX_Y:0.000 RX_Z:0.000
[ZONE-ROUTE] CID:5 zone=1 edge_port=9998
[EDGE-RTT] CID:5 wall=1.0 ms  sim_delay=10.0 ms
>>> [UAV->CLOUD] BLK:7ecc|TX:7.0.0.9|CID:5|TS:19.262|SPD:25.3|HDG:-1.6|PX:441.4|PY:-10.0|...
[ECON-CLAWBACK] CID:5 ACT=WARN prior_payoff=-35.4 extra_penalty=4.5 new_payoff=-40.0
[FORGIVENESS] CID:5 WARN #15 — streak reset, benefits revoked
⚠ [CAR 5] ACT=WARN REP=0.281 RWD=0.000 PNL=4.602 CREDIT=-2
[PASSIVE-BEACON] SIMNOW:19.336 CID:6 ZONE:1 RXUAV:1 EDGEPORT:9998 TS:19.322 SPD:25.400 HDG:-0.400 PX:433.500 PY:-20.000 LAN:2 BRK:0 RX_X:0.000 RX_Y:0.000 RX_Z:0.000
[ZONE-ROUTE] CID:6 zone=1 edge_port=9998
[EDGE-RTT] CID:6 wall=1.0 ms  sim_delay=5.0 ms
>>> [UAV->CLOUD] BLK:78bc|TX:7.0.0.10|CID:6|TS:19.322|SPD:25.4|HDG:-0.4|PX:433.5|PY:-20.0...
[ECON-CLAWBACK] CID:6 ACT=WARN prior_payoff=-19.2 extra_penalty=3.5 new_payoff=-22.8
[FORGIVENESS] CID:6 WARN #11 — streak reset, benefits revoked
⚠ [CAR 6] ACT=WARN REP=0.720 RWD=0.000 PNL=3.602 CREDIT=-2
[PASSIVE-BEACON] SIMNOW:19.476 CID:8 ZONE:1 RXUAV:1 EDGEPORT:9998 TS:19.462 SPD:25.200 HDG:1.700 PX:417.100 PY:-40.000 LAN:4 BRK:0 RX_X:0.000 RX_Y:0.000 RX_Z:0.000
[ZONE-ROUTE] CID:8 zone=1 edge_port=9998
[EDGE-RTT] CID:8 wall=1.0 ms  sim_delay=5.0 ms
>>> [UAV->CLOUD] BLK:8596|TX:7.0.0.12|CID:8|TS:19.462|SPD:25.2|HDG:1.7|PX:417.1|PY:-40.0|...
[PASSIVE-BEACON] SIMNOW:19.476 CID:7 ZONE:1 RXUAV:1 EDGEPORT:9998 TS:19.462 SPD:25.400 HDG:-0.900 PX:426.600 PY:-30.000 LAN:3 BRK:1 RX_X:0.000 RX_Y:0.000 RX_Z:0.000
[ZONE-ROUTE] CID:7 zone=1 edge_port=9998
[EDGE-RTT] CID:7 wall=2.4 ms  sim_delay=5.0 ms
>>> [UAV->CLOUD] BLK:a1a5|TX:7.0.0.11|CID:7|TS:19.462|SPD:25.4|HDG:-0.9|PX:426.6|PY:-30.0...
[ECON-CLAWBACK] CID:8 ACT=WARN prior_payoff=-0.5 extra_penalty=1.8 new_payoff=-2.4
[FORGIVENESS] CID:8 WARN #4 — streak reset, benefits revoked
⚠ [CAR 8] ACT=WARN REP=0.611 RWD=0.000 PNL=1.850 CREDIT=-2
[ECON-CLAWBACK] CID:7 ACT=WARN prior_payoff=-9.631 extra_penalty=2.750 new_payoff=-12.483
[FORGIVENESS] CID:7 WARN #8 — streak reset, benefits revoked
⚠ [CAR 7] ACT=WARN REP=0.857 RWD=0.000 PNL=2.852 CREDIT=-2
[PASSIVE-BEACON] SIMNOW:19.494 CID:3 ZONE:1 RXUAV:1 EDGEPORT:9998 TS:19.480 SPD:25.100 HDG:1.300 PX:397.800 PY:-40.000 LAN:4 BRK:0 RX_X:0.000 RX_Y:0.000 RX_Z:0.000
[ZONE-ROUTE] CID:3 zone=1 edge_port=9998
[EDGE-RTT] CID:3 wall=1.0 ms  sim_delay=5.0 ms
>>> [UAV->CLOUD] BLK:6b03|TX:7.0.0.7|CID:3|TS:19.480|SPD:25.1|HDG:1.3|PX:397.8|PY:-40.0|L...
[PASSIVE-BEACON] SIMNOW:19.504 CID:2 ZONE:1 RXUAV:1 EDGEPORT:9998 TS:19.490 SPD:25.100 HDG:1.300 PX:407.800 PY:-30.000 LAN:3 BRK:0 RX_X:0.000 RX_Y:0.000 RX_Z:0.000
[ZONE-ROUTE] CID:2 zone=1 edge_port=9998
[EDGE-RTT] CID:2 wall=0.8 ms  sim_delay=5.0 ms
>>> [UAV->CLOUD] BLK:3fc9|TX:7.0.0.6|CID:2|TS:19.490|SPD:25.1|HDG:1.3|PX:407.8|PY:-30.0|L...
[ECON-CLAWBACK] CID:3 ACT=WARN prior_payoff=2.0 extra_penalty=2.5 new_payoff=-0.6
[FORGIVENESS] CID:3 WARN #3 — streak reset, benefits revoked
⚠ [CAR 3] ACT=WARN REP=1.000 RWD=0.000 PNL=2.584 CREDIT=-2
[ECON-CLAWBACK] CID:2 ACT=WARN prior_payoff=-9.692 extra_penalty=2.750 new_payoff=-12.543
[FORGIVENESS] CID:2 WARN #8 — streak reset, benefits revoked
⚠ [CAR 2] ACT=WARN REP=0.503 RWD=0.000 PNL=2.851 CREDIT=-2
[PASSIVE-BEACON] SIMNOW:19.526 CID:9 ZONE:1 RXUAV:1 EDGEPORT:9998 TS:19.512 SPD:19.700 HDG:1.600 PX:409.900 PY:-50.000 LAN:5 BRK:0 RX_X:0.000 RX_Y:0.000 RX_Z:0.000
[ZONE-ROUTE] CID:9 zone=1 edge_port=9998
[EDGE-RTT] CID:9 wall=1.2 ms  sim_delay=5.0 ms
>>> [UAV->CLOUD] BLK:d956|TX:7.0.0.13|CID:9|TS:19.512|SPD:19.7|HDG:1.6|PX:409.9|PY:-50.0|...
✓ [CAR 9] ACT=OK REP=0.524 RWD=1.000 PNL=0.000 CREDIT=31
[PASSIVE-BEACON] SIMNOW:19.574 CID:1 ZONE:1 RXUAV:1 EDGEPORT:9998 TS:19.560 SPD:24.800 HDG:-0.600 PX:420.300 PY:-20.000 LAN:2 BRK:0 RX_X:0.000 RX_Y:0.000 RX_Z:0.000
[ZONE-ROUTE] CID:1 zone=1 edge_port=9998
[EDGE-RTT] CID:1 wall=1.2 ms  sim_delay=5.0 ms
>>> [UAV->CLOUD] BLK:d06d|TX:7.0.0.5|CID:1|TS:19.560|SPD:24.8|HDG:-0.6|PX:420.3|PY:-20.0|...
[ECON-CLAWBACK] CID:1 ACT=WARN prior_payoff=-19.1 extra_penalty=3.5 new_payoff=-22.7
[FORGIVENESS] CID:1 WARN #11 — streak reset, benefits revoked
⚠ [CAR 1] ACT=WARN REP=0.693 RWD=0.000 PNL=3.600 CREDIT=-2
[PASSIVE-BEACON] SIMNOW:19.604 CID:0 ZONE:1 RXUAV:1 EDGEPORT:9998 TS:19.590 SPD:24.500 HDG:0.300 PX:430.400 PY:-10.000 LAN:1 BRK:1 RX_X:0.000 RX_Y:0.000 RX_Z:0.000
[ZONE-ROUTE] CID:0 zone=1 edge_port=9998
[EDGE-RTT] CID:0 wall=1.1 ms  sim_delay=10.0 ms
>>> [UAV->CLOUD] BLK:fa41|TX:7.0.0.4|CID:0|TS:19.590|SPD:24.5|HDG:0.3|PX:430.4|PY:-10.0|L...
[ECON-CLAWBACK] CID:0 ACT=WARN prior_payoff=-40.0 extra_penalty=4.8 new_payoff=-44.8
[FORGIVENESS] CID:0 WARN #16 — streak reset, benefits revoked
⚠ [CAR 0] ACT=WARN REP=0.272 RWD=0.000 PNL=4.849 CREDIT=-2
[PASSIVE-BEACON] SIMNOW:19.776 CID:5 ZONE:1 RXUAV:1 EDGEPORT:9998 TS:19.762 SPD:24.800 HDG:1.000 PX:455.300 PY:-10.000 LAN:1 BRK:0 RX_X:0.000 RX_Y:0.000 RX_Z:0.000
[ZONE-ROUTE] CID:5 zone=1 edge_port=9998
[EDGE-RTT] CID:5 wall=1.0 ms  sim_delay=10.0 ms
>>> [UAV->CLOUD] BLK:5439|TX:7.0.0.9|CID:5|TS:19.762|SPD:24.8|HDG:1.0|PX:455.3|PY:-10.0|L...
[ECON-CLAWBACK] CID:5 ACT=WARN prior_payoff=-40.0 extra_penalty=4.8 new_payoff=-44.9
[FORGIVENESS] CID:5 WARN #16 — streak reset, benefits revoked
⚠ [CAR 5] ACT=WARN REP=0.463 RWD=0.000 PNL=4.851 CREDIT=-2
[PKT-DROP] UAV dropped telemetry from 7.0.0.10 (drop_rate=5%)
[PASSIVE-BEACON] SIMNOW:19.976 CID:8 ZONE:1 RXUAV:1 EDGEPORT:9998 TS:19.962 SPD:25.300 HDG:1.700 PX:429.000 PY:-40.000 LAN:4 BRK:0 RX_X:0.000 RX_Y:0.000 RX_Z:0.000
[ZONE-ROUTE] CID:8 zone=1 edge_port=9998
[EDGE-RTT] CID:8 wall=1.0 ms  sim_delay=5.0 ms
>>> [UAV->CLOUD] BLK:7ab2|TX:7.0.0.12|CID:8|TS:19.962|SPD:25.3|HDG:1.7|PX:429.0|PY:-40.0|...
[PASSIVE-BEACON] SIMNOW:19.976 CID:7 ZONE:1 RXUAV:1 EDGEPORT:9998 TS:19.962 SPD:25.100 HDG:-0.300 PX:439.800 PY:-30.000 LAN:3 BRK:1 RX_X:0.000 RX_Y:0.000 RX_Z:0.000
[ZONE-ROUTE] CID:7 zone=1 edge_port=9998
[EDGE-RTT] CID:7 wall=2.4 ms  sim_delay=5.0 ms
>>> [UAV->CLOUD] BLK:6a62|TX:7.0.0.11|CID:7|TS:19.962|SPD:25.1|HDG:-0.3|PX:439.8|PY:-30.0...
[ECON-CLAWBACK] CID:8 ACT=WARN prior_payoff=-2.4 extra_penalty=2.0 new_payoff=-4.5
[FORGIVENESS] CID:8 WARN #5 — streak reset, benefits revoked
⚠ [CAR 8] ACT=WARN REP=0.722 RWD=0.000 PNL=2.102 CREDIT=-2
[ECON-CLAWBACK] CID:7 ACT=WARN prior_payoff=-12.483 extra_penalty=3.000 new_payoff=-15.585
[FORGIVENESS] CID:7 WARN #9 — streak reset, benefits revoked
⚠ [CAR 7] ACT=WARN REP=0.632 RWD=0.000 PNL=3.102 CREDIT=-2
[PASSIVE-BEACON] SIMNOW:19.994 CID:3 ZONE:1 RXUAV:1 EDGEPORT:9998 TS:19.980 SPD:25.200 HDG:0.500 PX:409.900 PY:-40.000 LAN:4 BRK:0 RX_X:0.000 RX_Y:0.000 RX_Z:0.000
[ZONE-ROUTE] CID:3 zone=1 edge_port=9998
[EDGE-RTT] CID:3 wall=1.1 ms  sim_delay=5.0 ms
>>> [UAV->CLOUD] BLK:cb17|TX:7.0.0.7|CID:3|TS:19.980|SPD:25.2|HDG:0.5|PX:409.9|PY:-40.0|L...
[PASSIVE-BEACON] SIMNOW:20.004 CID:2 ZONE:1 RXUAV:1 EDGEPORT:9998 TS:19.990 SPD:25.300 HDG:-1.500 PX:420.700 PY:-30.000 LAN:3 BRK:0 RX_X:0.000 RX_Y:0.000 RX_Z:0.000
[ZONE-ROUTE] CID:2 zone=1 edge_port=9998
[EDGE-RTT] CID:2 wall=1.0 ms  sim_delay=5.0 ms
>>> [UAV->CLOUD] BLK:5174|TX:7.0.0.6|CID:2|TS:19.990|SPD:25.3|HDG:-1.5|PX:420.7|PY:-30.0|...
[ECON-CLAWBACK] CID:3 ACT=WARN prior_payoff=-0.6 extra_penalty=1.8 new_payoff=-2.5
[FORGIVENESS] CID:3 WARN #4 — streak reset, benefits revoked
⚠ [CAR 3] ACT=WARN REP=0.593 RWD=0.000 PNL=1.852 CREDIT=-2
[ECON-CLAWBACK] CID:2 ACT=WARN prior_payoff=-12.543 extra_penalty=3.000 new_payoff=-15.645
[FORGIVENESS] CID:2 WARN #9 — streak reset, benefits revoked
⚠ [CAR 2] ACT=WARN REP=0.588 RWD=0.000 PNL=3.102 CREDIT=-2
[PASSIVE-BEACON] SIMNOW:20.026 CID:9 ZONE:1 RXUAV:1 EDGEPORT:9998 TS:20.012 SPD:25.500 HDG:-0.900 PX:421.300 PY:-50.000 LAN:5 BRK:0 RX_X:0.000 RX_Y:0.000 RX_Z:0.000
[ZONE-ROUTE] CID:9 zone=1 edge_port=9998
[EDGE-RTT] CID:9 wall=1.1 ms  sim_delay=5.0 ms
>>> [UAV->CLOUD] BLK:9e70|TX:7.0.0.13|CID:9|TS:20.012|SPD:25.5|HDG:-0.9|PX:421.3|PY:-50.0...
[ECON-CLAWBACK] CID:9 ACT=WARN prior_payoff=35.0 extra_penalty=27.2 new_payoff=7.7
[TRUST-REVOKED] CID:9 benefits revoked logically; lane=5 speed=20.0 latency=10.0ms
[FORGIVENESS] CID:9 WARN #1 — streak reset, benefits revoked
⚠ [CAR 9] ACT=WARN REP=1.000 RWD=0.000 PNL=27.324 CREDIT=30
[PASSIVE-BEACON] SIMNOW:20.074 CID:1 ZONE:1 RXUAV:1 EDGEPORT:9998 TS:20.060 SPD:25.000 HDG:1.800 PX:432.400 PY:-20.000 LAN:2 BRK:0 RX_X:0.000 RX_Y:0.000 RX_Z:0.000
[ZONE-ROUTE] CID:1 zone=1 edge_port=9998
[EDGE-RTT] CID:1 wall=1.1 ms  sim_delay=5.0 ms
>>> [UAV->CLOUD] BLK:92c3|TX:7.0.0.5|CID:1|TS:20.060|SPD:25.0|HDG:1.8|PX:432.4|PY:-20.0|L...
[ECON-CLAWBACK] CID:1 ACT=WARN prior_payoff=-22.7 extra_penalty=3.8 new_payoff=-26.6
[FORGIVENESS] CID:1 WARN #12 — streak reset, benefits revoked
⚠ [CAR 1] ACT=WARN REP=0.839 RWD=0.000 PNL=3.851 CREDIT=-2
[PASSIVE-BEACON] SIMNOW:20.104 CID:0 ZONE:1 RXUAV:1 EDGEPORT:9998 TS:20.090 SPD:24.700 HDG:1.200 PX:442.500 PY:-10.000 LAN:1 BRK:0 RX_X:0.000 RX_Y:0.000 RX_Z:0.000
[ZONE-ROUTE] CID:0 zone=1 edge_port=9998
[EDGE-RTT] CID:0 wall=1.3 ms  sim_delay=10.0 ms
>>> [UAV->CLOUD] BLK:883c|TX:7.0.0.4|CID:0|TS:20.090|SPD:24.7|HDG:1.2|PX:442.5|PY:-10.0|L...
[ECON-CLAWBACK] CID:0 ACT=WARN prior_payoff=-44.8 extra_penalty=5.0 new_payoff=-49.9
[FORGIVENESS] CID:0 WARN #17 — streak reset, benefits revoked
⚠ [CAR 0] ACT=WARN REP=0.645 RWD=0.000 PNL=5.100 CREDIT=-2
[PASSIVE-BEACON] SIMNOW:20.276 CID:5 ZONE:1 RXUAV:1 EDGEPORT:9998 TS:20.262 SPD:25.100 HDG:-1.100 PX:467.400 PY:-10.000 LAN:1 BRK:1 RX_X:0.000 RX_Y:0.000 RX_Z:0.000
[ZONE-ROUTE] CID:5 zone=1 edge_port=9998
[EDGE-RTT] CID:5 wall=1.2 ms  sim_delay=10.0 ms
>>> [UAV->CLOUD] BLK:fdbd|TX:7.0.0.9|CID:5|TS:20.262|SPD:25.1|HDG:-1.1|PX:467.4|PY:-10.0|...
[ECON-CLAWBACK] CID:5 ACT=WARN prior_payoff=-44.9 extra_penalty=5.0 new_payoff=-50.0
[FORGIVENESS] CID:5 WARN #17 — streak reset, benefits revoked
⚠ [CAR 5] ACT=WARN REP=0.358 RWD=0.000 PNL=5.102 CREDIT=-2
[PASSIVE-BEACON] SIMNOW:20.336 CID:6 ZONE:1 RXUAV:1 EDGEPORT:9998 TS:20.322 SPD:25.000 HDG:-0.600 PX:459.000 PY:-20.000 LAN:2 BRK:1 RX_X:0.000 RX_Y:0.000 RX_Z:0.000
[ZONE-ROUTE] CID:6 zone=1 edge_port=9998
[EDGE-RTT] CID:6 wall=1.0 ms  sim_delay=5.0 ms
>>> [UAV->CLOUD] BLK:e95f|TX:7.0.0.10|CID:6|TS:20.322|SPD:25.0|HDG:-0.6|PX:459.0|PY:-20.0...
[ECON-CLAWBACK] CID:6 ACT=WARN prior_payoff=-22.8 extra_penalty=3.8 new_payoff=-26.6
[FORGIVENESS] CID:6 WARN #12 — streak reset, benefits revoked
⚠ [CAR 6] ACT=WARN REP=0.523 RWD=0.000 PNL=3.851 CREDIT=-2
[PASSIVE-BEACON] SIMNOW:20.476 CID:8 ZONE:1 RXUAV:1 EDGEPORT:9998 TS:20.462 SPD:24.600 HDG:-0.800 PX:442.500 PY:-40.000 LAN:4 BRK:0 RX_X:0.000 RX_Y:0.000 RX_Z:0.000
[ZONE-ROUTE] CID:8 zone=1 edge_port=9998
[EDGE-RTT] CID:8 wall=0.6 ms  sim_delay=5.0 ms
>>> [UAV->CLOUD] BLK:1c97|TX:7.0.0.12|CID:8|TS:20.462|SPD:24.6|HDG:-0.8|PX:442.5|PY:-40.0...
[PASSIVE-BEACON] SIMNOW:20.476 CID:7 ZONE:1 RXUAV:1 EDGEPORT:9998 TS:20.462 SPD:24.900 HDG:0.100 PX:451.900 PY:-30.000 LAN:3 BRK:0 RX_X:0.000 RX_Y:0.000 RX_Z:0.000
[ZONE-ROUTE] CID:7 zone=1 edge_port=9998
[EDGE-RTT] CID:7 wall=2.5 ms  sim_delay=5.0 ms
>>> [UAV->CLOUD] BLK:85c4|TX:7.0.0.11|CID:7|TS:20.462|SPD:24.9|HDG:0.1|PX:451.9|PY:-30.0|...
[ECON-CLAWBACK] CID:8 ACT=WARN prior_payoff=-4.5 extra_penalty=2.2 new_payoff=-6.8
[FORGIVENESS] CID:8 WARN #6 — streak reset, benefits revoked
⚠ [CAR 8] ACT=WARN REP=0.738 RWD=0.000 PNL=2.349 CREDIT=-2
[ECON-CLAWBACK] CID:7 ACT=WARN prior_payoff=-15.585 extra_penalty=3.250 new_payoff=-18.941
[FORGIVENESS] CID:7 WARN #10 — streak reset, benefits revoked
⚠ [CAR 7] ACT=WARN REP=0.794 RWD=0.000 PNL=3.355 CREDIT=-2
[PASSIVE-BEACON] SIMNOW:20.494 CID:3 ZONE:1 RXUAV:1 EDGEPORT:9998 TS:20.480 SPD:24.600 HDG:0.700 PX:422.900 PY:-40.000 LAN:4 BRK:0 RX_X:0.000 RX_Y:0.000 RX_Z:0.000
[ZONE-ROUTE] CID:3 zone=1 edge_port=9998
[EDGE-RTT] CID:3 wall=0.6 ms  sim_delay=5.0 ms
>>> [UAV->CLOUD] BLK:5e17|TX:7.0.0.7|CID:3|TS:20.480|SPD:24.6|HDG:0.7|PX:422.9|PY:-40.0|L...
[PASSIVE-BEACON] SIMNOW:20.503 CID:2 ZONE:1 RXUAV:1 EDGEPORT:9998 TS:20.490 SPD:24.900 HDG:0.400 PX:433.300 PY:-30.000 LAN:3 BRK:0 RX_X:0.000 RX_Y:0.000 RX_Z:0.000
[ZONE-ROUTE] CID:2 zone=1 edge_port=9998
[EDGE-RTT] CID:2 wall=0.9 ms  sim_delay=5.0 ms
>>> [UAV->CLOUD] BLK:a7f9|TX:7.0.0.6|CID:2|TS:20.490|SPD:24.9|HDG:0.4|PX:433.3|PY:-30.0|L...
[ECON-CLAWBACK] CID:3 ACT=WARN prior_payoff=-2.5 extra_penalty=2.0 new_payoff=-4.6
[FORGIVENESS] CID:3 WARN #5 — streak reset, benefits revoked
⚠ [CAR 3] ACT=WARN REP=0.976 RWD=0.000 PNL=2.100 CREDIT=-2
[ECON-CLAWBACK] CID:2 ACT=WARN prior_payoff=-15.645 extra_penalty=3.250 new_payoff=-18.996
[FORGIVENESS] CID:2 WARN #10 — streak reset, benefits revoked
⚠ [CAR 2] ACT=WARN REP=0.371 RWD=0.000 PNL=3.351 CREDIT=-2
[PASSIVE-BEACON] SIMNOW:20.525 CID:9 ZONE:1 RXUAV:1 EDGEPORT:9998 TS:20.512 SPD:25.000 HDG:-1.000 PX:433.800 PY:-50.000 LAN:5 BRK:0 RX_X:0.000 RX_Y:0.000 RX_Z:0.000
[ZONE-ROUTE] CID:9 zone=1 edge_port=9998
[EDGE-RTT] CID:9 wall=0.9 ms  sim_delay=5.0 ms
>>> [UAV->CLOUD] BLK:c9df|TX:7.0.0.13|CID:9|TS:20.512|SPD:25.0|HDG:-1.0|PX:433.8|PY:-50.0...
[ECON-CLAWBACK] CID:9 ACT=WARN prior_payoff=7.7 extra_penalty=5.1 new_payoff=2.5
[FORGIVENESS] CID:9 WARN #2 — streak reset, benefits revoked
⚠ [CAR 9] ACT=WARN REP=0.794 RWD=0.000 PNL=5.182 CREDIT=-2
[PASSIVE-BEACON] SIMNOW:20.574 CID:1 ZONE:1 RXUAV:1 EDGEPORT:9998 TS:20.560 SPD:25.500 HDG:1.200 PX:444.000 PY:-20.000 LAN:2 BRK:0 RX_X:0.000 RX_Y:0.000 RX_Z:0.000
[ZONE-ROUTE] CID:1 zone=1 edge_port=9998
[EDGE-RTT] CID:1 wall=0.7 ms  sim_delay=5.0 ms
>>> [UAV->CLOUD] BLK:11c8|TX:7.0.0.5|CID:1|TS:20.560|SPD:25.5|HDG:1.2|PX:444.0|PY:-20.0|L...
[ECON-CLAWBACK] CID:1 ACT=WARN prior_payoff=-26.6 extra_penalty=4.0 new_payoff=-30.7
[FORGIVENESS] CID:1 WARN #13 — streak reset, benefits revoked
⚠ [CAR 1] ACT=WARN REP=0.479 RWD=0.000 PNL=4.102 CREDIT=-2
[PASSIVE-BEACON] SIMNOW:20.604 CID:0 ZONE:1 RXUAV:1 EDGEPORT:9998 TS:20.590 SPD:24.800 HDG:-0.400 PX:456.100 PY:-10.000 LAN:1 BRK:0 RX_X:0.000 RX_Y:0.000 RX_Z:0.000
[ZONE-ROUTE] CID:0 zone=1 edge_port=9998
[EDGE-RTT] CID:0 wall=0.8 ms  sim_delay=10.0 ms
>>> [UAV->CLOUD] BLK:baf1|TX:7.0.0.4|CID:0|TS:20.590|SPD:24.8|HDG:-0.4|PX:456.1|PY:-10.0|...
[ECON-CLAWBACK] CID:0 ACT=WARN prior_payoff=-49.9 extra_penalty=5.2 new_payoff=-55.3
[FORGIVENESS] CID:0 WARN #18 — streak reset, benefits revoked
⚠ [CAR 0] ACT=WARN REP=0.532 RWD=0.000 PNL=5.350 CREDIT=-2
[PASSIVE-BEACON] SIMNOW:20.776 CID:5 ZONE:1 RXUAV:1 EDGEPORT:9998 TS:20.762 SPD:24.700 HDG:1.200 PX:479.300 PY:-10.000 LAN:1 BRK:0 RX_X:0.000 RX_Y:0.000 RX_Z:0.000
[ZONE-ROUTE] CID:5 zone=1 edge_port=9998
[EDGE-RTT] CID:5 wall=1.1 ms  sim_delay=10.0 ms
>>> [UAV->CLOUD] BLK:fb2f|TX:7.0.0.9|CID:5|TS:20.762|SPD:24.7|HDG:1.2|PX:479.3|PY:-10.0|L...
[ECON-CLAWBACK] CID:5 ACT=WARN prior_payoff=-50.0 extra_penalty=5.2 new_payoff=-55.3
[FORGIVENESS] CID:5 WARN #18 — streak reset, benefits revoked
⚠ [CAR 5] ACT=WARN REP=0.342 RWD=0.000 PNL=5.350 CREDIT=-2
[PKT-DROP] UAV dropped telemetry from 7.0.0.10 (drop_rate=5%)
[PASSIVE-BEACON] SIMNOW:20.976 CID:8 ZONE:1 RXUAV:1 EDGEPORT:9998 TS:20.962 SPD:25.400 HDG:-0.900 PX:454.800 PY:-40.000 LAN:4 BRK:0 RX_X:0.000 RX_Y:0.000 RX_Z:0.000
[ZONE-ROUTE] CID:8 zone=1 edge_port=9998
[EDGE-RTT] CID:8 wall=1.0 ms  sim_delay=5.0 ms
>>> [UAV->CLOUD] BLK:118a|TX:7.0.0.12|CID:8|TS:20.962|SPD:25.4|HDG:-0.9|PX:454.8|PY:-40.0...
[PASSIVE-BEACON] SIMNOW:20.976 CID:7 ZONE:1 RXUAV:1 EDGEPORT:9998 TS:20.962 SPD:25.400 HDG:1.600 PX:464.400 PY:-30.000 LAN:3 BRK:0 RX_X:0.000 RX_Y:0.000 RX_Z:0.000
[ZONE-ROUTE] CID:7 zone=1 edge_port=9998
[EDGE-RTT] CID:7 wall=2.3 ms  sim_delay=5.0 ms
>>> [UAV->CLOUD] BLK:5336|TX:7.0.0.11|CID:7|TS:20.962|SPD:25.4|HDG:1.6|PX:464.4|PY:-30.0|...
[ECON-CLAWBACK] CID:8 ACT=WARN prior_payoff=-6.8 extra_penalty=2.5 new_payoff=-9.4
[FORGIVENESS] CID:8 WARN #7 — streak reset, benefits revoked
⚠ [CAR 8] ACT=WARN REP=0.838 RWD=0.000 PNL=2.602 CREDIT=-2
[ECON-CLAWBACK] CID:7 ACT=WARN prior_payoff=-18.941 extra_penalty=3.500 new_payoff=-22.543
[FORGIVENESS] CID:7 WARN #11 — streak reset, benefits revoked
⚠ [CAR 7] ACT=WARN REP=0.810 RWD=0.000 PNL=3.602 CREDIT=-2
[PASSIVE-BEACON] SIMNOW:20.994 CID:3 ZONE:1 RXUAV:1 EDGEPORT:9998 TS:20.980 SPD:25.000 HDG:-0.300 PX:434.500 PY:-40.000 LAN:4 BRK:0 RX_X:0.000 RX_Y:0.000 RX_Z:0.000
[ZONE-ROUTE] CID:3 zone=1 edge_port=9998
[EDGE-RTT] CID:3 wall=0.9 ms  sim_delay=5.0 ms
>>> [UAV->CLOUD] BLK:8316|TX:7.0.0.7|CID:3|TS:20.980|SPD:25.0|HDG:-0.3|PX:434.5|PY:-40.0|...
[PASSIVE-BEACON] SIMNOW:21.004 CID:2 ZONE:1 RXUAV:1 EDGEPORT:9998 TS:20.990 SPD:24.600 HDG:-1.600 PX:445.800 PY:-30.000 LAN:3 BRK:1 RX_X:0.000 RX_Y:0.000 RX_Z:0.000
[ZONE-ROUTE] CID:2 zone=1 edge_port=9998
[EDGE-RTT] CID:2 wall=0.8 ms  sim_delay=5.0 ms
>>> [UAV->CLOUD] BLK:8b52|TX:7.0.0.6|CID:2|TS:20.990|SPD:24.6|HDG:-1.6|PX:445.8|PY:-30.0|...
[ECON-CLAWBACK] CID:3 ACT=WARN prior_payoff=-4.6 extra_penalty=2.2 new_payoff=-6.9
[FORGIVENESS] CID:3 WARN #6 — streak reset, benefits revoked
⚠ [CAR 3] ACT=WARN REP=0.981 RWD=0.000 PNL=2.351 CREDIT=-2
[ECON-CLAWBACK] CID:2 ACT=WARN prior_payoff=-18.996 extra_penalty=3.500 new_payoff=-22.595
[FORGIVENESS] CID:2 WARN #11 — streak reset, benefits revoked
⚠ [CAR 2] ACT=WARN REP=0.650 RWD=0.000 PNL=3.599 CREDIT=-2
[PASSIVE-BEACON] SIMNOW:21.026 CID:9 ZONE:1 RXUAV:1 EDGEPORT:9998 TS:21.012 SPD:24.800 HDG:-0.600 PX:445.300 PY:-50.000 LAN:5 BRK:0 RX_X:0.000 RX_Y:0.000 RX_Z:0.000
[ZONE-ROUTE] CID:9 zone=1 edge_port=9998
[EDGE-RTT] CID:9 wall=1.0 ms  sim_delay=5.0 ms
>>> [UAV->CLOUD] BLK:1b24|TX:7.0.0.13|CID:9|TS:21.012|SPD:24.8|HDG:-0.6|PX:445.3|PY:-50.0...
[ECON-CLAWBACK] CID:9 ACT=WARN prior_payoff=2.5 extra_penalty=2.7 new_payoff=-0.4
[FORGIVENESS] CID:9 WARN #3 — streak reset, benefits revoked
⚠ [CAR 9] ACT=WARN REP=0.727 RWD=0.000 PNL=2.842 CREDIT=-2
[PASSIVE-BEACON] SIMNOW:21.074 CID:1 ZONE:1 RXUAV:1 EDGEPORT:9998 TS:21.060 SPD:25.000 HDG:-1.400 PX:457.600 PY:-20.000 LAN:2 BRK:0 RX_X:0.000 RX_Y:0.000 RX_Z:0.000
[ZONE-ROUTE] CID:1 zone=1 edge_port=9998
[EDGE-RTT] CID:1 wall=1.1 ms  sim_delay=5.0 ms
>>> [UAV->CLOUD] BLK:3bbf|TX:7.0.0.5|CID:1|TS:21.060|SPD:25.0|HDG:-1.4|PX:457.6|PY:-20.0|...
[ECON-CLAWBACK] CID:1 ACT=WARN prior_payoff=-30.7 extra_penalty=4.2 new_payoff=-35.0
[FORGIVENESS] CID:1 WARN #14 — streak reset, benefits revoked
⚠ [CAR 1] ACT=WARN REP=0.673 RWD=0.000 PNL=4.351 CREDIT=-2
[PASSIVE-BEACON] SIMNOW:21.104 CID:0 ZONE:1 RXUAV:1 EDGEPORT:9998 TS:21.090 SPD:25.000 HDG:1.900 PX:467.500 PY:-10.000 LAN:1 BRK:0 RX_X:0.000 RX_Y:0.000 RX_Z:0.000
[ZONE-ROUTE] CID:0 zone=1 edge_port=9998
[EDGE-RTT] CID:0 wall=0.9 ms  sim_delay=10.0 ms
>>> [UAV->CLOUD] BLK:0894|TX:7.0.0.4|CID:0|TS:21.090|SPD:25.0|HDG:1.9|PX:467.5|PY:-10.0|L...
[ECON-CLAWBACK] CID:0 ACT=WARN prior_payoff=-55.3 extra_penalty=5.5 new_payoff=-60.9
[FORGIVENESS] CID:0 WARN #19 — streak reset, benefits revoked
⚠ [CAR 0] ACT=WARN REP=0.626 RWD=0.000 PNL=5.601 CREDIT=-2
[PASSIVE-BEACON] SIMNOW:21.276 CID:5 ZONE:1 RXUAV:1 EDGEPORT:9998 TS:21.262 SPD:25.200 HDG:1.400 PX:492.600 PY:-10.000 LAN:1 BRK:0 RX_X:0.000 RX_Y:0.000 RX_Z:0.000
[ZONE-ROUTE] CID:5 zone=1 edge_port=9998
[EDGE-RTT] CID:5 wall=0.8 ms  sim_delay=10.0 ms
>>> [UAV->CLOUD] BLK:e853|TX:7.0.0.9|CID:5|TS:21.262|SPD:25.2|HDG:1.4|PX:492.6|PY:-10.0|L...
[ECON-CLAWBACK] CID:5 ACT=WARN prior_payoff=-55.3 extra_penalty=5.5 new_payoff=-60.9
[FORGIVENESS] CID:5 WARN #19 — streak reset, benefits revoked
⚠ [CAR 5] ACT=WARN REP=0.553 RWD=0.000 PNL=5.602 CREDIT=-2
[PASSIVE-BEACON] SIMNOW:21.336 CID:6 ZONE:1 RXUAV:1 EDGEPORT:9998 TS:21.322 SPD:25.200 HDG:0.300 PX:483.500 PY:-20.000 LAN:2 BRK:0 RX_X:0.000 RX_Y:0.000 RX_Z:0.000
[ZONE-ROUTE] CID:6 zone=1 edge_port=9998
[EDGE-RTT] CID:6 wall=1.0 ms  sim_delay=5.0 ms
>>> [UAV->CLOUD] BLK:b516|TX:7.0.0.10|CID:6|TS:21.322|SPD:25.2|HDG:0.3|PX:483.5|PY:-20.0|...
[ECON-CLAWBACK] CID:6 ACT=WARN prior_payoff=-26.6 extra_penalty=4.0 new_payoff=-30.7
[FORGIVENESS] CID:6 WARN #13 — streak reset, benefits revoked
⚠ [CAR 6] ACT=WARN REP=0.717 RWD=0.000 PNL=4.102 CREDIT=-2
[PASSIVE-BEACON] SIMNOW:21.476 CID:8 ZONE:1 RXUAV:1 EDGEPORT:9998 TS:21.462 SPD:24.700 HDG:-1.800 PX:467.300 PY:-40.000 LAN:4 BRK:0 RX_X:0.000 RX_Y:0.000 RX_Z:0.000
[ZONE-ROUTE] CID:8 zone=1 edge_port=9998
[EDGE-RTT] CID:8 wall=0.9 ms  sim_delay=5.0 ms
>>> [UAV->CLOUD] BLK:5739|TX:7.0.0.12|CID:8|TS:21.462|SPD:24.7|HDG:-1.8|PX:467.3|PY:-40.0...
[PASSIVE-BEACON] SIMNOW:21.476 CID:7 ZONE:1 RXUAV:1 EDGEPORT:9998 TS:21.462 SPD:25.400 HDG:0.500 PX:477.000 PY:-30.000 LAN:3 BRK:0 RX_X:0.000 RX_Y:0.000 RX_Z:0.000
[ZONE-ROUTE] CID:7 zone=1 edge_port=9998
[EDGE-RTT] CID:7 wall=2.3 ms  sim_delay=5.0 ms
>>> [UAV->CLOUD] BLK:7e4b|TX:7.0.0.11|CID:7|TS:21.462|SPD:25.4|HDG:0.5|PX:477.0|PY:-30.0|...
[ECON-CLAWBACK] CID:8 ACT=WARN prior_payoff=-9.4 extra_penalty=2.8 new_payoff=-12.3
[FORGIVENESS] CID:8 WARN #8 — streak reset, benefits revoked
⚠ [CAR 8] ACT=WARN REP=0.754 RWD=0.000 PNL=2.850 CREDIT=-2
[ECON-CLAWBACK] CID:7 ACT=WARN prior_payoff=-22.543 extra_penalty=3.750 new_payoff=-26.396
[FORGIVENESS] CID:7 WARN #12 — streak reset, benefits revoked
⚠ [CAR 7] ACT=WARN REP=0.625 RWD=0.000 PNL=3.853 CREDIT=-2
[PASSIVE-BEACON] SIMNOW:21.494 CID:3 ZONE:1 RXUAV:1 EDGEPORT:9998 TS:21.480 SPD:25.000 HDG:0.800 PX:448.200 PY:-40.000 LAN:4 BRK:0 RX_X:0.000 RX_Y:0.000 RX_Z:0.000
[ZONE-ROUTE] CID:3 zone=1 edge_port=9998
[EDGE-RTT] CID:3 wall=0.8 ms  sim_delay=5.0 ms
>>> [UAV->CLOUD] BLK:2ce4|TX:7.0.0.7|CID:3|TS:21.480|SPD:25.0|HDG:0.8|PX:448.2|PY:-40.0|L...
[PASSIVE-BEACON] SIMNOW:21.504 CID:2 ZONE:1 RXUAV:1 EDGEPORT:9998 TS:21.490 SPD:24.700 HDG:-0.600 PX:457.400 PY:-30.000 LAN:3 BRK:0 RX_X:0.000 RX_Y:0.000 RX_Z:0.000
[ZONE-ROUTE] CID:2 zone=1 edge_port=9998
[EDGE-RTT] CID:2 wall=0.8 ms  sim_delay=5.0 ms
>>> [UAV->CLOUD] BLK:8571|TX:7.0.0.6|CID:2|TS:21.490|SPD:24.7|HDG:-0.6|PX:457.4|PY:-30.0|...
[ECON-CLAWBACK] CID:3 ACT=WARN prior_payoff=-6.9 extra_penalty=2.5 new_payoff=-9.5
[FORGIVENESS] CID:3 WARN #7 — streak reset, benefits revoked
⚠ [CAR 3] ACT=WARN REP=0.756 RWD=0.000 PNL=2.601 CREDIT=-2
[ECON-CLAWBACK] CID:2 ACT=WARN prior_payoff=-22.595 extra_penalty=3.750 new_payoff=-26.445
[FORGIVENESS] CID:2 WARN #12 — streak reset, benefits revoked
⚠ [CAR 2] ACT=WARN REP=0.655 RWD=0.000 PNL=3.850 CREDIT=-2
[PASSIVE-BEACON] SIMNOW:21.526 CID:9 ZONE:1 RXUAV:1 EDGEPORT:9998 TS:21.512 SPD:24.600 HDG:1.100 PX:458.900 PY:-50.000 LAN:5 BRK:0 RX_X:0.000 RX_Y:0.000 RX_Z:0.000
[ZONE-ROUTE] CID:9 zone=1 edge_port=9998
[EDGE-RTT] CID:9 wall=0.8 ms  sim_delay=5.0 ms
>>> [UAV->CLOUD] BLK:860e|TX:7.0.0.13|CID:9|TS:21.512|SPD:24.6|HDG:1.1|PX:458.9|PY:-50.0|...
[ECON-CLAWBACK] CID:9 ACT=WARN prior_payoff=-0.4 extra_penalty=1.8 new_payoff=-2.2
[FORGIVENESS] CID:9 WARN #4 — streak reset, benefits revoked
⚠ [CAR 9] ACT=WARN REP=0.866 RWD=0.000 PNL=1.847 CREDIT=-2
[PASSIVE-BEACON] SIMNOW:21.574 CID:1 ZONE:1 RXUAV:1 EDGEPORT:9998 TS:21.560 SPD:25.000 HDG:0.100 PX:469.200 PY:-20.000 LAN:2 BRK:0 RX_X:0.000 RX_Y:0.000 RX_Z:0.000
[ZONE-ROUTE] CID:1 zone=1 edge_port=9998
[EDGE-RTT] CID:1 wall=0.9 ms  sim_delay=5.0 ms
>>> [UAV->CLOUD] BLK:ffae|TX:7.0.0.5|CID:1|TS:21.560|SPD:25.0|HDG:0.1|PX:469.2|PY:-20.0|L...
[ECON-CLAWBACK] CID:1 ACT=WARN prior_payoff=-35.0 extra_penalty=4.5 new_payoff=-39.6
[FORGIVENESS] CID:1 WARN #15 — streak reset, benefits revoked
⚠ [CAR 1] ACT=WARN REP=0.360 RWD=0.000 PNL=4.601 CREDIT=-2
[PKT-DROP] UAV dropped telemetry from 7.0.0.4 (drop_rate=5%)
[PASSIVE-BEACON] SIMNOW:21.776 CID:5 ZONE:1 RXUAV:1 EDGEPORT:9998 TS:21.762 SPD:25.400 HDG:0.800 PX:505.100 PY:-10.000 LAN:1 BRK:0 RX_X:0.000 RX_Y:0.000 RX_Z:0.000
[ZONE-ROUTE] CID:5 zone=1 edge_port=9998
[EDGE-RTT] CID:5 wall=0.8 ms  sim_delay=10.0 ms
>>> [UAV->CLOUD] BLK:04fa|TX:7.0.0.9|CID:5|TS:21.762|SPD:25.4|HDG:0.8|PX:505.1|PY:-10.0|L...
[ECON-CLAWBACK] CID:5 ACT=WARN prior_payoff=-60.9 extra_penalty=5.8 new_payoff=-66.8
[FORGIVENESS] CID:5 WARN #20 — streak reset, benefits revoked
⚠ [CAR 5] ACT=WARN REP=0.375 RWD=0.000 PNL=5.852 CREDIT=-2
[PASSIVE-BEACON] SIMNOW:21.836 CID:6 ZONE:1 RXUAV:1 EDGEPORT:9998 TS:21.822 SPD:24.800 HDG:-0.600 PX:495.800 PY:-20.000 LAN:2 BRK:1 RX_X:0.000 RX_Y:0.000 RX_Z:0.000
[ZONE-ROUTE] CID:6 zone=1 edge_port=9998
[EDGE-RTT] CID:6 wall=1.1 ms  sim_delay=5.0 ms
>>> [UAV->CLOUD] BLK:c5a1|TX:7.0.0.10|CID:6|TS:21.822|SPD:24.8|HDG:-0.6|PX:495.8|PY:-20.0...
[ECON-CLAWBACK] CID:6 ACT=WARN prior_payoff=-30.7 extra_penalty=4.2 new_payoff=-35.1
[FORGIVENESS] CID:6 WARN #14 — streak reset, benefits revoked
⚠ [CAR 6] ACT=WARN REP=0.290 RWD=0.000 PNL=4.351 CREDIT=-2
[PASSIVE-BEACON] SIMNOW:21.976 CID:8 ZONE:1 RXUAV:1 EDGEPORT:9998 TS:21.962 SPD:24.900 HDG:1.500 PX:479.600 PY:-40.000 LAN:4 BRK:0 RX_X:0.000 RX_Y:0.000 RX_Z:0.000
[ZONE-ROUTE] CID:8 zone=1 edge_port=9998
[EDGE-RTT] CID:8 wall=1.1 ms  sim_delay=5.0 ms
>>> [UAV->CLOUD] BLK:381a|TX:7.0.0.12|CID:8|TS:21.962|SPD:24.9|HDG:1.5|PX:479.6|PY:-40.0|...
[PASSIVE-BEACON] SIMNOW:21.976 CID:7 ZONE:1 RXUAV:1 EDGEPORT:9998 TS:21.962 SPD:24.800 HDG:0.200 PX:489.900 PY:-30.000 LAN:3 BRK:0 RX_X:0.000 RX_Y:0.000 RX_Z:0.000
[ZONE-ROUTE] CID:7 zone=1 edge_port=9998
[EDGE-RTT] CID:7 wall=2.3 ms  sim_delay=5.0 ms
>>> [UAV->CLOUD] BLK:10ef|TX:7.0.0.11|CID:7|TS:21.962|SPD:24.8|HDG:0.2|PX:489.9|PY:-30.0|...
[ECON-CLAWBACK] CID:8 ACT=WARN prior_payoff=-12.3 extra_penalty=3.0 new_payoff=-15.4
[FORGIVENESS] CID:8 WARN #9 — streak reset, benefits revoked
⚠ [CAR 8] ACT=WARN REP=0.583 RWD=0.000 PNL=3.101 CREDIT=-2
[ECON-CLAWBACK] CID:7 ACT=WARN prior_payoff=-26.396 extra_penalty=4.000 new_payoff=-30.497
[FORGIVENESS] CID:7 WARN #13 — streak reset, benefits revoked
⚠ [CAR 7] ACT=WARN REP=0.795 RWD=0.000 PNL=4.101 CREDIT=-2
[PASSIVE-BEACON] SIMNOW:21.994 CID:3 ZONE:1 RXUAV:1 EDGEPORT:9998 TS:21.980 SPD:25.400 HDG:2.000 PX:460.700 PY:-40.000 LAN:4 BRK:1 RX_X:0.000 RX_Y:0.000 RX_Z:0.000
[ZONE-ROUTE] CID:3 zone=1 edge_port=9998
[EDGE-RTT] CID:3 wall=0.8 ms  sim_delay=5.0 ms
>>> [UAV->CLOUD] BLK:3398|TX:7.0.0.7|CID:3|TS:21.980|SPD:25.4|HDG:2.0|PX:460.7|PY:-40.0|L...
[PASSIVE-BEACON] SIMNOW:22.003 CID:2 ZONE:1 RXUAV:1 EDGEPORT:9998 TS:21.990 SPD:24.500 HDG:1.400 PX:470.800 PY:-30.000 LAN:3 BRK:0 RX_X:0.000 RX_Y:0.000 RX_Z:0.000
[ZONE-ROUTE] CID:2 zone=1 edge_port=9998
[EDGE-RTT] CID:2 wall=0.8 ms  sim_delay=5.0 ms
>>> [UAV->CLOUD] BLK:9456|TX:7.0.0.6|CID:2|TS:21.990|SPD:24.5|HDG:1.4|PX:470.8|PY:-30.0|L...
[ECON-CLAWBACK] CID:3 ACT=WARN prior_payoff=-9.5 extra_penalty=2.8 new_payoff=-12.4
[FORGIVENESS] CID:3 WARN #8 — streak reset, benefits revoked
⚠ [CAR 3] ACT=WARN REP=0.796 RWD=0.000 PNL=2.852 CREDIT=-2
[ECON-CLAWBACK] CID:2 ACT=WARN prior_payoff=-26.445 extra_penalty=4.000 new_payoff=-30.544
[FORGIVENESS] CID:2 WARN #13 — streak reset, benefits revoked
⚠ [CAR 2] ACT=WARN REP=0.586 RWD=0.000 PNL=4.099 CREDIT=-2
[PASSIVE-BEACON] SIMNOW:22.026 CID:9 ZONE:1 RXUAV:1 EDGEPORT:9998 TS:22.012 SPD:25.000 HDG:0.200 PX:470.500 PY:-50.000 LAN:5 BRK:0 RX_X:0.000 RX_Y:0.000 RX_Z:0.000
[ZONE-ROUTE] CID:9 zone=1 edge_port=9998
[EDGE-RTT] CID:9 wall=0.8 ms  sim_delay=5.0 ms
>>> [UAV->CLOUD] BLK:3507|TX:7.0.0.13|CID:9|TS:22.012|SPD:25.0|HDG:0.2|PX:470.5|PY:-50.0|...
[ECON-CLAWBACK] CID:9 ACT=WARN prior_payoff=-2.2 extra_penalty=2.0 new_payoff=-4.3
[FORGIVENESS] CID:9 WARN #5 — streak reset, benefits revoked
⚠ [CAR 9] ACT=WARN REP=0.976 RWD=0.000 PNL=2.101 CREDIT=-2
[PASSIVE-BEACON] SIMNOW:22.074 CID:1 ZONE:1 RXUAV:1 EDGEPORT:9998 TS:22.060 SPD:24.900 HDG:0.300 PX:482.800 PY:-20.000 LAN:2 BRK:0 RX_X:0.000 RX_Y:0.000 RX_Z:0.000
[ZONE-ROUTE] CID:1 zone=1 edge_port=9998
[EDGE-RTT] CID:1 wall=1.0 ms  sim_delay=5.0 ms
>>> [UAV->CLOUD] BLK:95df|TX:7.0.0.5|CID:1|TS:22.060|SPD:24.9|HDG:0.3|PX:482.8|PY:-20.0|L...
[ECON-CLAWBACK] CID:1 ACT=WARN prior_payoff=-39.6 extra_penalty=4.8 new_payoff=-44.5
[FORGIVENESS] CID:1 WARN #16 — streak reset, benefits revoked
⚠ [CAR 1] ACT=WARN REP=0.588 RWD=0.000 PNL=4.851 CREDIT=-2
[PASSIVE-BEACON] SIMNOW:22.104 CID:0 ZONE:1 RXUAV:1 EDGEPORT:9998 TS:22.090 SPD:25.400 HDG:-1.800 PX:492.900 PY:-10.000 LAN:1 BRK:1 RX_X:0.000 RX_Y:0.000 RX_Z:0.000
[ZONE-ROUTE] CID:0 zone=1 edge_port=9998
[EDGE-RTT] CID:0 wall=1.1 ms  sim_delay=10.0 ms
>>> [UAV->CLOUD] BLK:e701|TX:7.0.0.4|CID:0|TS:22.090|SPD:25.4|HDG:-1.8|PX:492.9|PY:-10.0|...
[ECON-CLAWBACK] CID:0 ACT=WARN prior_payoff=-60.9 extra_penalty=5.8 new_payoff=-66.7
[FORGIVENESS] CID:0 WARN #20 — streak reset, benefits revoked
⚠ [CAR 0] ACT=WARN REP=0.298 RWD=0.000 PNL=5.852 CREDIT=-2
[PASSIVE-BEACON] SIMNOW:22.276 CID:5 ZONE:1 RXUAV:1 EDGEPORT:9998 TS:22.262 SPD:25.000 HDG:-1.200 PX:517.800 PY:-10.000 LAN:1 BRK:1 RX_X:0.000 RX_Y:0.000 RX_Z:0.000
[ZONE-ROUTE] CID:5 zone=1 edge_port=9998
[EDGE-RTT] CID:5 wall=1.1 ms  sim_delay=10.0 ms
>>> [UAV->CLOUD] BLK:6b0f|TX:7.0.0.9|CID:5|TS:22.262|SPD:25.0|HDG:-1.2|PX:517.8|PY:-10.0|...
[ECON-CLAWBACK] CID:5 ACT=WARN prior_payoff=-66.8 extra_penalty=6.0 new_payoff=-72.9
[FORGIVENESS] CID:5 WARN #21 — streak reset, benefits revoked
⚠ [CAR 5] ACT=WARN REP=0.316 RWD=0.000 PNL=6.101 CREDIT=-2
[PASSIVE-BEACON] SIMNOW:22.336 CID:6 ZONE:1 RXUAV:1 EDGEPORT:9998 TS:22.322 SPD:25.300 HDG:-0.800 PX:509.400 PY:-20.000 LAN:2 BRK:0 RX_X:0.000 RX_Y:0.000 RX_Z:0.000
[ZONE-ROUTE] CID:6 zone=1 edge_port=9998
[EDGE-RTT] CID:6 wall=0.9 ms  sim_delay=5.0 ms
>>> [UAV->CLOUD] BLK:b6ea|TX:7.0.0.10|CID:6|TS:22.322|SPD:25.3|HDG:-0.8|PX:509.4|PY:-20.0...
[ECON-CLAWBACK] CID:6 ACT=WARN prior_payoff=-35.1 extra_penalty=4.5 new_payoff=-39.7
[FORGIVENESS] CID:6 WARN #15 — streak reset, benefits revoked
⚠ [CAR 6] ACT=WARN REP=0.666 RWD=0.000 PNL=4.602 CREDIT=-2
[PASSIVE-BEACON] SIMNOW:22.474 CID:8 ZONE:1 RXUAV:1 EDGEPORT:9998 TS:22.462 SPD:25.500 HDG:1.600 PX:492.900 PY:-40.000 LAN:4 BRK:0 RX_X:0.000 RX_Y:0.000 RX_Z:0.000
[ZONE-ROUTE] CID:8 zone=1 edge_port=9998
[EDGE-RTT] CID:8 wall=0.9 ms  sim_delay=5.0 ms
>>> [UAV->CLOUD] BLK:8c2b|TX:7.0.0.12|CID:8|TS:22.462|SPD:25.5|HDG:1.6|PX:492.9|PY:-40.0|...
[PASSIVE-BEACON] SIMNOW:22.474 CID:7 ZONE:1 RXUAV:1 EDGEPORT:9998 TS:22.462 SPD:25.500 HDG:-1.700 PX:502.000 PY:-30.000 LAN:3 BRK:0 RX_X:0.000 RX_Y:0.000 RX_Z:0.000
[ZONE-ROUTE] CID:7 zone=1 edge_port=9998
[EDGE-RTT] CID:7 wall=2.4 ms  sim_delay=5.0 ms
>>> [UAV->CLOUD] BLK:e8dd|TX:7.0.0.11|CID:7|TS:22.462|SPD:25.5|HDG:-1.7|PX:502.0|PY:-30.0...
[ECON-CLAWBACK] CID:8 ACT=WARN prior_payoff=-15.4 extra_penalty=3.2 new_payoff=-18.7
[FORGIVENESS] CID:8 WARN #10 — streak reset, benefits revoked
⚠ [CAR 8] ACT=WARN REP=0.589 RWD=0.000 PNL=3.352 CREDIT=-2
[ECON-CLAWBACK] CID:7 ACT=WARN prior_payoff=-30.497 extra_penalty=4.250 new_payoff=-34.849
[FORGIVENESS] CID:7 WARN #14 — streak reset, benefits revoked
⚠ [CAR 7] ACT=WARN REP=0.423 RWD=0.000 PNL=4.353 CREDIT=-2
[PASSIVE-BEACON] SIMNOW:22.494 CID:3 ZONE:1 RXUAV:1 EDGEPORT:9998 TS:22.480 SPD:24.700 HDG:0.400 PX:472.600 PY:-40.000 LAN:4 BRK:0 RX_X:0.000 RX_Y:0.000 RX_Z:0.000
[ZONE-ROUTE] CID:3 zone=1 edge_port=9998
[EDGE-RTT] CID:3 wall=1.1 ms  sim_delay=5.0 ms
>>> [UAV->CLOUD] BLK:26ab|TX:7.0.0.7|CID:3|TS:22.480|SPD:24.7|HDG:0.4|PX:472.6|PY:-40.0|L...
[PASSIVE-BEACON] SIMNOW:22.504 CID:2 ZONE:1 RXUAV:1 EDGEPORT:9998 TS:22.490 SPD:24.600 HDG:-0.600 PX:482.200 PY:-30.000 LAN:3 BRK:0 RX_X:0.000 RX_Y:0.000 RX_Z:0.000
[ZONE-ROUTE] CID:2 zone=1 edge_port=9998
[EDGE-RTT] CID:2 wall=0.6 ms  sim_delay=5.0 ms
>>> [UAV->CLOUD] BLK:4c2c|TX:7.0.0.6|CID:2|TS:22.490|SPD:24.6|HDG:-0.6|PX:482.2|PY:-30.0|...
[ECON-CLAWBACK] CID:3 ACT=WARN prior_payoff=-12.4 extra_penalty=3.0 new_payoff=-15.5
[FORGIVENESS] CID:3 WARN #9 — streak reset, benefits revoked
⚠ [CAR 3] ACT=WARN REP=0.516 RWD=0.000 PNL=3.100 CREDIT=-2
[ECON-CLAWBACK] CID:2 ACT=WARN prior_payoff=-30.544 extra_penalty=4.250 new_payoff=-34.893
[FORGIVENESS] CID:2 WARN #14 — streak reset, benefits revoked
⚠ [CAR 2] ACT=WARN REP=0.662 RWD=0.000 PNL=4.349 CREDIT=-2
[PASSIVE-BEACON] SIMNOW:22.526 CID:9 ZONE:1 RXUAV:1 EDGEPORT:9998 TS:22.512 SPD:25.300 HDG:-1.800 PX:483.900 PY:-50.000 LAN:5 BRK:0 RX_X:0.000 RX_Y:0.000 RX_Z:0.000
[ZONE-ROUTE] CID:9 zone=1 edge_port=9998
[EDGE-RTT] CID:9 wall=1.0 ms  sim_delay=5.0 ms
>>> [UAV->CLOUD] BLK:6ce3|TX:7.0.0.13|CID:9|TS:22.512|SPD:25.3|HDG:-1.8|PX:483.9|PY:-50.0...
[ECON-CLAWBACK] CID:9 ACT=WARN prior_payoff=-4.3 extra_penalty=2.2 new_payoff=-6.7
[FORGIVENESS] CID:9 WARN #6 — streak reset, benefits revoked
⚠ [CAR 9] ACT=WARN REP=0.550 RWD=0.000 PNL=2.352 CREDIT=-2
[PASSIVE-BEACON] SIMNOW:22.574 CID:1 ZONE:1 RXUAV:1 EDGEPORT:9998 TS:22.560 SPD:24.700 HDG:0.700 PX:494.800 PY:-20.000 LAN:2 BRK:0 RX_X:0.000 RX_Y:0.000 RX_Z:0.000
[ZONE-ROUTE] CID:1 zone=1 edge_port=9998
[EDGE-RTT] CID:1 wall=0.9 ms  sim_delay=5.0 ms
>>> [UAV->CLOUD] BLK:b0af|TX:7.0.0.5|CID:1|TS:22.560|SPD:24.7|HDG:0.7|PX:494.8|PY:-20.0|L...
[ECON-CLAWBACK] CID:1 ACT=WARN prior_payoff=-44.5 extra_penalty=5.0 new_payoff=-49.6
[FORGIVENESS] CID:1 WARN #17 — streak reset, benefits revoked
⚠ [CAR 1] ACT=WARN REP=0.589 RWD=0.000 PNL=5.100 CREDIT=-2
[PASSIVE-BEACON] SIMNOW:22.604 CID:0 ZONE:1 RXUAV:1 EDGEPORT:9998 TS:22.590 SPD:24.900 HDG:-0.400 PX:505.300 PY:-10.000 LAN:1 BRK:0 RX_X:0.000 RX_Y:0.000 RX_Z:0.000
[ZONE-ROUTE] CID:0 zone=1 edge_port=9998
[EDGE-RTT] CID:0 wall=1.2 ms  sim_delay=10.0 ms
>>> [UAV->CLOUD] BLK:b84b|TX:7.0.0.4|CID:0|TS:22.590|SPD:24.9|HDG:-0.4|PX:505.3|PY:-10.0|...
[ECON-CLAWBACK] CID:0 ACT=WARN prior_payoff=-66.7 extra_penalty=6.0 new_payoff=-72.8
[FORGIVENESS] CID:0 WARN #21 — streak reset, benefits revoked
⚠ [CAR 0] ACT=WARN REP=0.287 RWD=0.000 PNL=6.101 CREDIT=-2
[PASSIVE-BEACON] SIMNOW:22.776 CID:5 ZONE:1 RXUAV:1 EDGEPORT:9998 TS:22.762 SPD:25.000 HDG:-0.500 PX:529.800 PY:-10.000 LAN:1 BRK:0 RX_X:0.000 RX_Y:0.000 RX_Z:0.000
[ZONE-ROUTE] CID:5 zone=1 edge_port=9998
[EDGE-RTT] CID:5 wall=1.2 ms  sim_delay=10.0 ms
>>> [UAV->CLOUD] BLK:dc6b|TX:7.0.0.9|CID:5|TS:22.762|SPD:25.0|HDG:-0.5|PX:529.8|PY:-10.0|...
[ECON-CLAWBACK] CID:5 ACT=WARN prior_payoff=-72.9 extra_penalty=6.2 new_payoff=-79.2
[FORGIVENESS] CID:5 WARN #22 — streak reset, benefits revoked
⚠ [CAR 5] ACT=WARN REP=0.491 RWD=0.000 PNL=6.351 CREDIT=-2
[PASSIVE-BEACON] SIMNOW:22.836 CID:6 ZONE:1 RXUAV:1 EDGEPORT:9998 TS:22.822 SPD:24.600 HDG:-0.300 PX:521.100 PY:-20.000 LAN:2 BRK:0 RX_X:0.000 RX_Y:0.000 RX_Z:0.000
[ZONE-ROUTE] CID:6 zone=1 edge_port=9998
[EDGE-RTT] CID:6 wall=1.0 ms  sim_delay=5.0 ms
>>> [UAV->CLOUD] BLK:6b35|TX:7.0.0.10|CID:6|TS:22.822|SPD:24.6|HDG:-0.3|PX:521.1|PY:-20.0...
[ECON-CLAWBACK] CID:6 ACT=WARN prior_payoff=-39.7 extra_penalty=4.8 new_payoff=-44.5
[FORGIVENESS] CID:6 WARN #16 — streak reset, benefits revoked
⚠ [CAR 6] ACT=WARN REP=0.665 RWD=0.000 PNL=4.850 CREDIT=-2
[PASSIVE-BEACON] SIMNOW:22.976 CID:8 ZONE:1 RXUAV:1 EDGEPORT:9998 TS:22.962 SPD:25.000 HDG:1.200 PX:504.300 PY:-40.000 LAN:4 BRK:0 RX_X:0.000 RX_Y:0.000 RX_Z:0.000
[ZONE-ROUTE] CID:8 zone=1 edge_port=9998
[EDGE-RTT] CID:8 wall=0.9 ms  sim_delay=5.0 ms
>>> [UAV->CLOUD] BLK:8079|TX:7.0.0.12|CID:8|TS:22.962|SPD:25.0|HDG:1.2|PX:504.3|PY:-40.0|...
[PASSIVE-BEACON] SIMNOW:22.976 CID:7 ZONE:1 RXUAV:1 EDGEPORT:9998 TS:22.962 SPD:24.700 HDG:-0.100 PX:515.400 PY:-30.000 LAN:3 BRK:1 RX_X:0.000 RX_Y:0.000 RX_Z:0.000
[ZONE-ROUTE] CID:7 zone=1 edge_port=9998
[EDGE-RTT] CID:7 wall=5.2 ms  sim_delay=5.0 ms
>>> [UAV->CLOUD] BLK:458c|TX:7.0.0.11|CID:7|TS:22.962|SPD:24.7|HDG:-0.1|PX:515.4|PY:-30.0...
[ECON-CLAWBACK] CID:8 ACT=WARN prior_payoff=-18.7 extra_penalty=3.5 new_payoff=-22.3
[FORGIVENESS] CID:8 WARN #11 — streak reset, benefits revoked
⚠ [CAR 8] ACT=WARN REP=0.739 RWD=0.000 PNL=3.602 CREDIT=-2
[ECON-CLAWBACK] CID:7 ACT=WARN prior_payoff=-34.849 extra_penalty=4.500 new_payoff=-39.450
[FORGIVENESS] CID:7 WARN #15 — streak reset, benefits revoked
⚠ [CAR 7] ACT=WARN REP=0.518 RWD=0.000 PNL=4.600 CREDIT=-2
[PASSIVE-BEACON] SIMNOW:22.994 CID:3 ZONE:1 RXUAV:1 EDGEPORT:9998 TS:22.980 SPD:24.800 HDG:-1.300 PX:485.600 PY:-40.000 LAN:4 BRK:0 RX_X:0.000 RX_Y:0.000 RX_Z:0.000
[ZONE-ROUTE] CID:3 zone=1 edge_port=9998
[EDGE-RTT] CID:3 wall=1.2 ms  sim_delay=5.0 ms
>>> [UAV->CLOUD] BLK:b74e|TX:7.0.0.7|CID:3|TS:22.980|SPD:24.8|HDG:-1.3|PX:485.6|PY:-40.0|...
[PASSIVE-BEACON] SIMNOW:23.004 CID:2 ZONE:1 RXUAV:1 EDGEPORT:9998 TS:22.990 SPD:25.000 HDG:0.700 PX:495.300 PY:-30.000 LAN:3 BRK:0 RX_X:0.000 RX_Y:0.000 RX_Z:0.000
[ZONE-ROUTE] CID:2 zone=1 edge_port=9998
[EDGE-RTT] CID:2 wall=1.1 ms  sim_delay=5.0 ms
>>> [UAV->CLOUD] BLK:0e80|TX:7.0.0.6|CID:2|TS:22.990|SPD:25.0|HDG:0.7|PX:495.3|PY:-30.0|L...
[ECON-CLAWBACK] CID:3 ACT=WARN prior_payoff=-15.5 extra_penalty=3.2 new_payoff=-18.8
[FORGIVENESS] CID:3 WARN #10 — streak reset, benefits revoked
⚠ [CAR 3] ACT=WARN REP=1.000 RWD=0.000 PNL=3.351 CREDIT=-2
[ECON-CLAWBACK] CID:2 ACT=WARN prior_payoff=-34.893 extra_penalty=4.500 new_payoff=-39.494
[FORGIVENESS] CID:2 WARN #15 — streak reset, benefits revoked
⚠ [CAR 2] ACT=WARN REP=0.592 RWD=0.000 PNL=4.601 CREDIT=-2
[PASSIVE-BEACON] SIMNOW:23.026 CID:9 ZONE:1 RXUAV:1 EDGEPORT:9998 TS:23.012 SPD:25.400 HDG:-1.500 PX:496.100 PY:-50.000 LAN:5 BRK:1 RX_X:0.000 RX_Y:0.000 RX_Z:0.000
[ZONE-ROUTE] CID:9 zone=1 edge_port=9998
[EDGE-RTT] CID:9 wall=1.0 ms  sim_delay=5.0 ms
>>> [UAV->CLOUD] BLK:d2ed|TX:7.0.0.13|CID:9|TS:23.012|SPD:25.4|HDG:-1.5|PX:496.1|PY:-50.0...
[ECON-CLAWBACK] CID:9 ACT=WARN prior_payoff=-6.7 extra_penalty=2.5 new_payoff=-9.3
[FORGIVENESS] CID:9 WARN #7 — streak reset, benefits revoked
⚠ [CAR 9] ACT=WARN REP=0.906 RWD=0.000 PNL=2.602 CREDIT=-2
[PASSIVE-BEACON] SIMNOW:23.074 CID:1 ZONE:1 RXUAV:1 EDGEPORT:9998 TS:23.060 SPD:24.600 HDG:0.900 PX:507.200 PY:-20.000 LAN:2 BRK:0 RX_X:0.000 RX_Y:0.000 RX_Z:0.000
[ZONE-ROUTE] CID:1 zone=1 edge_port=9998
[EDGE-RTT] CID:1 wall=1.2 ms  sim_delay=5.0 ms
>>> [UAV->CLOUD] BLK:c7c3|TX:7.0.0.5|CID:1|TS:23.060|SPD:24.6|HDG:0.9|PX:507.2|PY:-20.0|L...
[ECON-CLAWBACK] CID:1 ACT=WARN prior_payoff=-49.6 extra_penalty=5.2 new_payoff=-54.9
[FORGIVENESS] CID:1 WARN #18 — streak reset, benefits revoked
⚠ [CAR 1] ACT=WARN REP=0.201 RWD=0.000 PNL=5.349 CREDIT=-2
[PASSIVE-BEACON] SIMNOW:23.104 CID:0 ZONE:1 RXUAV:1 EDGEPORT:9998 TS:23.090 SPD:24.700 HDG:1.200 PX:517.800 PY:-10.000 LAN:1 BRK:0 RX_X:0.000 RX_Y:0.000 RX_Z:0.000
[ZONE-ROUTE] CID:0 zone=1 edge_port=9998
[EDGE-RTT] CID:0 wall=1.3 ms  sim_delay=10.0 ms
>>> [UAV->CLOUD] BLK:45a2|TX:7.0.0.4|CID:0|TS:23.090|SPD:24.7|HDG:1.2|PX:517.8|PY:-10.0|L...
[ECON-CLAWBACK] CID:0 ACT=WARN prior_payoff=-72.8 extra_penalty=6.2 new_payoff=-79.2
[FORGIVENESS] CID:0 WARN #22 — streak reset, benefits revoked
⚠ [CAR 0] ACT=WARN REP=0.471 RWD=0.000 PNL=6.350 CREDIT=-2
[PASSIVE-BEACON] SIMNOW:23.276 CID:5 ZONE:1 RXUAV:1 EDGEPORT:9998 TS:23.262 SPD:25.200 HDG:-0.700 PX:541.900 PY:-10.000 LAN:1 BRK:0 RX_X:0.000 RX_Y:0.000 RX_Z:0.000
[ZONE-ROUTE] CID:5 zone=1 edge_port=9998
[EDGE-RTT] CID:5 wall=1.2 ms  sim_delay=10.0 ms
>>> [UAV->CLOUD] BLK:3bf2|TX:7.0.0.9|CID:5|TS:23.262|SPD:25.2|HDG:-0.7|PX:541.9|PY:-10.0|...
[ECON-CLAWBACK] CID:5 ACT=WARN prior_payoff=-79.2 extra_penalty=6.5 new_payoff=-85.8
[FORGIVENESS] CID:5 WARN #23 — streak reset, benefits revoked
⚠ [CAR 5] ACT=WARN REP=0.270 RWD=0.000 PNL=6.602 CREDIT=-2
[PASSIVE-BEACON] SIMNOW:23.336 CID:6 ZONE:1 RXUAV:1 EDGEPORT:9998 TS:23.322 SPD:25.200 HDG:0.000 PX:534.300 PY:-20.000 LAN:2 BRK:0 RX_X:0.000 RX_Y:0.000 RX_Z:0.000
[ZONE-ROUTE] CID:6 zone=1 edge_port=9998
[EDGE-RTT] CID:6 wall=1.3 ms  sim_delay=5.0 ms
>>> [UAV->CLOUD] BLK:d46a|TX:7.0.0.10|CID:6|TS:23.322|SPD:25.2|HDG:0.0|PX:534.3|PY:-20.0|...
[ECON-CLAWBACK] CID:6 ACT=WARN prior_payoff=-44.5 extra_penalty=5.0 new_payoff=-49.6
[FORGIVENESS] CID:6 WARN #17 — streak reset, benefits revoked
⚠ [CAR 6] ACT=WARN REP=0.330 RWD=0.000 PNL=5.102 CREDIT=-2
[PASSIVE-BEACON] SIMNOW:23.476 CID:8 ZONE:1 RXUAV:1 EDGEPORT:9998 TS:23.462 SPD:25.500 HDG:0.400 PX:517.600 PY:-40.000 LAN:4 BRK:0 RX_X:0.000 RX_Y:0.000 RX_Z:0.000
[ZONE-ROUTE] CID:8 zone=1 edge_port=9998
[EDGE-RTT] CID:8 wall=1.1 ms  sim_delay=5.0 ms
>>> [UAV->CLOUD] BLK:d044|TX:7.0.0.12|CID:8|TS:23.462|SPD:25.5|HDG:0.4|PX:517.6|PY:-40.0|...
[PASSIVE-BEACON] SIMNOW:23.476 CID:7 ZONE:1 RXUAV:1 EDGEPORT:9998 TS:23.462 SPD:25.200 HDG:-1.200 PX:527.200 PY:-30.000 LAN:3 BRK:0 RX_X:0.000 RX_Y:0.000 RX_Z:0.000
[ZONE-ROUTE] CID:7 zone=1 edge_port=9998
[EDGE-RTT] CID:7 wall=2.1 ms  sim_delay=5.0 ms
>>> [UAV->CLOUD] BLK:c348|TX:7.0.0.11|CID:7|TS:23.462|SPD:25.2|HDG:-1.2|PX:527.2|PY:-30.0...
[ECON-CLAWBACK] CID:8 ACT=WARN prior_payoff=-22.3 extra_penalty=3.8 new_payoff=-26.2
[FORGIVENESS] CID:8 WARN #12 — streak reset, benefits revoked
⚠ [CAR 8] ACT=WARN REP=0.600 RWD=0.000 PNL=3.852 CREDIT=-2
[ECON-CLAWBACK] CID:7 ACT=WARN prior_payoff=-39.450 extra_penalty=4.750 new_payoff=-44.302
[FORGIVENESS] CID:7 WARN #16 — streak reset, benefits revoked
⚠ [CAR 7] ACT=WARN REP=0.612 RWD=0.000 PNL=4.852 CREDIT=-2
[PKT-DROP] UAV dropped telemetry from 7.0.0.7 (drop_rate=5%)
[PASSIVE-BEACON] SIMNOW:23.504 CID:2 ZONE:1 RXUAV:1 EDGEPORT:9998 TS:23.490 SPD:24.700 HDG:0.200 PX:507.400 PY:-30.000 LAN:3 BRK:0 RX_X:0.000 RX_Y:0.000 RX_Z:0.000
[ZONE-ROUTE] CID:2 zone=1 edge_port=9998
[EDGE-RTT] CID:2 wall=1.0 ms  sim_delay=5.0 ms
>>> [UAV->CLOUD] BLK:ce63|TX:7.0.0.6|CID:2|TS:23.490|SPD:24.7|HDG:0.2|PX:507.4|PY:-30.0|L...
[ECON-CLAWBACK] CID:2 ACT=WARN prior_payoff=-39.5 extra_penalty=4.8 new_payoff=-44.3
[FORGIVENESS] CID:2 WARN #16 — streak reset, benefits revoked
⚠ [CAR 2] ACT=WARN REP=0.702 RWD=0.000 PNL=4.850 CREDIT=-2
[PASSIVE-BEACON] SIMNOW:23.526 CID:9 ZONE:1 RXUAV:1 EDGEPORT:9998 TS:23.512 SPD:25.100 HDG:0.800 PX:508.200 PY:-50.000 LAN:5 BRK:0 RX_X:0.000 RX_Y:0.000 RX_Z:0.000
[ZONE-ROUTE] CID:9 zone=1 edge_port=9998
[EDGE-RTT] CID:9 wall=1.3 ms  sim_delay=5.0 ms
>>> [UAV->CLOUD] BLK:9334|TX:7.0.0.13|CID:9|TS:23.512|SPD:25.1|HDG:0.8|PX:508.2|PY:-50.0|...
[ECON-CLAWBACK] CID:9 ACT=WARN prior_payoff=-9.3 extra_penalty=2.8 new_payoff=-12.1
[FORGIVENESS] CID:9 WARN #8 — streak reset, benefits revoked
⚠ [CAR 9] ACT=WARN REP=0.773 RWD=0.000 PNL=2.852 CREDIT=-2
[PASSIVE-BEACON] SIMNOW:23.574 CID:1 ZONE:1 RXUAV:1 EDGEPORT:9998 TS:23.560 SPD:24.900 HDG:-0.400 PX:519.700 PY:-20.000 LAN:2 BRK:1 RX_X:0.000 RX_Y:0.000 RX_Z:0.000
[ZONE-ROUTE] CID:1 zone=1 edge_port=9998
[EDGE-RTT] CID:1 wall=1.0 ms  sim_delay=5.0 ms
>>> [UAV->CLOUD] BLK:eade|TX:7.0.0.5|CID:1|TS:23.560|SPD:24.9|HDG:-0.4|PX:519.7|PY:-20.0|...
[ECON-CLAWBACK] CID:1 ACT=WARN prior_payoff=-54.9 extra_penalty=5.5 new_payoff=-60.5
[FORGIVENESS] CID:1 WARN #19 — streak reset, benefits revoked
⚠ [CAR 1] ACT=WARN REP=0.481 RWD=0.000 PNL=5.601 CREDIT=-2
[PASSIVE-BEACON] SIMNOW:23.604 CID:0 ZONE:1 RXUAV:1 EDGEPORT:9998 TS:23.590 SPD:24.800 HDG:1.600 PX:530.500 PY:-10.000 LAN:1 BRK:0 RX_X:0.000 RX_Y:0.000 RX_Z:0.000
[ZONE-ROUTE] CID:0 zone=1 edge_port=9998
[EDGE-RTT] CID:0 wall=1.2 ms  sim_delay=10.0 ms
>>> [UAV->CLOUD] BLK:3112|TX:7.0.0.4|CID:0|TS:23.590|SPD:24.8|HDG:1.6|PX:530.5|PY:-10.0|L...
[ECON-CLAWBACK] CID:0 ACT=WARN prior_payoff=-79.2 extra_penalty=6.5 new_payoff=-85.8
[FORGIVENESS] CID:0 WARN #23 — streak reset, benefits revoked
⚠ [CAR 0] ACT=WARN REP=0.539 RWD=0.000 PNL=6.600 CREDIT=-2
[PASSIVE-BEACON] SIMNOW:23.779 CID:5 ZONE:1 RXUAV:1 EDGEPORT:9998 TS:23.762 SPD:15.100 HDG:-1.600 PX:555.100 PY:-10.000 LAN:1 BRK:0 RX_X:0.000 RX_Y:0.000 RX_Z:0.000
[ZONE-ROUTE] CID:5 zone=1 edge_port=9998
[EDGE-RTT] CID:5 wall=1.2 ms  sim_delay=10.0 ms
>>> [UAV->CLOUD] BLK:bccc|TX:7.0.0.9|CID:5|TS:23.762|SPD:15.1|HDG:-1.6|PX:555.1|PY:-10.0|...
[ECON-GATE] CID:5 probation active - suppressing OK reward 1.0
✓ [CAR 5] ACT=OK REP=0.459 RWD=0.000 PNL=0.000 CREDIT=0
[PASSIVE-BEACON] SIMNOW:23.836 CID:6 ZONE:1 RXUAV:1 EDGEPORT:9998 TS:23.822 SPD:24.600 HDG:0.300 PX:546.800 PY:-20.000 LAN:2 BRK:0 RX_X:0.000 RX_Y:0.000 RX_Z:0.000
[ZONE-ROUTE] CID:6 zone=1 edge_port=9998
[EDGE-RTT] CID:6 wall=1.2 ms  sim_delay=5.0 ms
>>> [UAV->CLOUD] BLK:ca0a|TX:7.0.0.10|CID:6|TS:23.822|SPD:24.6|HDG:0.3|PX:546.8|PY:-20.0|...
[ECON-CLAWBACK] CID:6 ACT=WARN prior_payoff=-49.6 extra_penalty=5.2 new_payoff=-55.0
[FORGIVENESS] CID:6 WARN #18 — streak reset, benefits revoked
⚠ [CAR 6] ACT=WARN REP=0.438 RWD=0.000 PNL=5.353 CREDIT=-2
[PASSIVE-BEACON] SIMNOW:23.975 CID:8 ZONE:1 RXUAV:1 EDGEPORT:9998 TS:23.962 SPD:25.100 HDG:-0.400 PX:530.100 PY:-40.000 LAN:4 BRK:0 RX_X:0.000 RX_Y:0.000 RX_Z:0.000
[ZONE-ROUTE] CID:8 zone=1 edge_port=9998
[EDGE-RTT] CID:8 wall=0.9 ms  sim_delay=5.0 ms
>>> [UAV->CLOUD] BLK:6707|TX:7.0.0.12|CID:8|TS:23.962|SPD:25.1|HDG:-0.4|PX:530.1|PY:-40.0...
[PKT-DROP] UAV dropped telemetry from 7.0.0.11 (drop_rate=5%)
[ECON-CLAWBACK] CID:8 ACT=WARN prior_payoff=-26.2 extra_penalty=4.0 new_payoff=-30.3
[FORGIVENESS] CID:8 WARN #13 — streak reset, benefits revoked
⚠ [CAR 8] ACT=WARN REP=0.682 RWD=0.000 PNL=4.102 CREDIT=-2
[PASSIVE-BEACON] SIMNOW:23.994 CID:3 ZONE:1 RXUAV:1 EDGEPORT:9998 TS:23.980 SPD:25.300 HDG:0.400 PX:510.400 PY:-40.000 LAN:4 BRK:0 RX_X:0.000 RX_Y:0.000 RX_Z:0.000
[ZONE-ROUTE] CID:3 zone=1 edge_port=9998
[EDGE-RTT] CID:3 wall=1.0 ms  sim_delay=5.0 ms
>>> [UAV->CLOUD] BLK:158a|TX:7.0.0.7|CID:3|TS:23.980|SPD:25.3|HDG:0.4|PX:510.4|PY:-40.0|L...
[PASSIVE-BEACON] SIMNOW:24.004 CID:2 ZONE:1 RXUAV:1 EDGEPORT:9998 TS:23.990 SPD:24.600 HDG:0.100 PX:520.000 PY:-30.000 LAN:3 BRK:0 RX_X:0.000 RX_Y:0.000 RX_Z:0.000
[ZONE-ROUTE] CID:2 zone=1 edge_port=9998
[EDGE-RTT] CID:2 wall=1.1 ms  sim_delay=5.0 ms
>>> [UAV->CLOUD] BLK:f3d2|TX:7.0.0.6|CID:2|TS:23.990|SPD:24.6|HDG:0.1|PX:520.0|PY:-30.0|L...
[ECON-CLAWBACK] CID:3 ACT=WARN prior_payoff=-18.8 extra_penalty=3.5 new_payoff=-22.4
[FORGIVENESS] CID:3 WARN #11 — streak reset, benefits revoked
⚠ [CAR 3] ACT=WARN REP=0.771 RWD=0.000 PNL=3.602 CREDIT=-2
[ECON-CLAWBACK] CID:2 ACT=WARN prior_payoff=-44.344 extra_penalty=5.000 new_payoff=-49.443
[FORGIVENESS] CID:2 WARN #17 — streak reset, benefits revoked
⚠ [CAR 2] ACT=WARN REP=0.884 RWD=0.000 PNL=5.099 CREDIT=-2
[PASSIVE-BEACON] SIMNOW:24.026 CID:9 ZONE:1 RXUAV:1 EDGEPORT:9998 TS:24.012 SPD:24.500 HDG:1.600 PX:520.400 PY:-50.000 LAN:5 BRK:0 RX_X:0.000 RX_Y:0.000 RX_Z:0.000
[ZONE-ROUTE] CID:9 zone=1 edge_port=9998
[EDGE-RTT] CID:9 wall=1.1 ms  sim_delay=5.0 ms
>>> [UAV->CLOUD] BLK:b224|TX:7.0.0.13|CID:9|TS:24.012|SPD:24.5|HDG:1.6|PX:520.4|PY:-50.0|...
[ECON-CLAWBACK] CID:9 ACT=WARN prior_payoff=-12.1 extra_penalty=3.0 new_payoff=-15.2
[FORGIVENESS] CID:9 WARN #9 — streak reset, benefits revoked
⚠ [CAR 9] ACT=WARN REP=0.639 RWD=0.000 PNL=3.099 CREDIT=-2
[PASSIVE-BEACON] SIMNOW:24.074 CID:1 ZONE:1 RXUAV:1 EDGEPORT:9998 TS:24.060 SPD:24.600 HDG:-0.800 PX:532.400 PY:-20.000 LAN:2 BRK:0 RX_X:0.000 RX_Y:0.000 RX_Z:0.000
[ZONE-ROUTE] CID:1 zone=1 edge_port=9998
[EDGE-RTT] CID:1 wall=1.2 ms  sim_delay=5.0 ms
>>> [UAV->CLOUD] BLK:10a5|TX:7.0.0.5|CID:1|TS:24.060|SPD:24.6|HDG:-0.8|PX:532.4|PY:-20.0|...
[ECON-CLAWBACK] CID:1 ACT=WARN prior_payoff=-60.5 extra_penalty=5.8 new_payoff=-66.4
[FORGIVENESS] CID:1 WARN #20 — streak reset, benefits revoked
⚠ [CAR 1] ACT=WARN REP=0.654 RWD=0.000 PNL=5.849 CREDIT=-2
[PASSIVE-BEACON] SIMNOW:24.104 CID:0 ZONE:1 RXUAV:1 EDGEPORT:9998 TS:24.090 SPD:15.100 HDG:0.600 PX:539.100 PY:-10.000 LAN:1 BRK:0 RX_X:0.000 RX_Y:0.000 RX_Z:0.000
[ZONE-ROUTE] CID:0 zone=1 edge_port=9998
[EDGE-RTT] CID:0 wall=1.2 ms  sim_delay=10.0 ms
>>> [UAV->CLOUD] BLK:bf4f|TX:7.0.0.4|CID:0|TS:24.090|SPD:15.1|HDG:0.6|PX:539.1|PY:-10.0|L...
[ECON-GATE] CID:0 probation active - suppressing OK reward 1.0
✓ [CAR 0] ACT=OK REP=0.384 RWD=0.000 PNL=0.000 CREDIT=0
[PASSIVE-BEACON] SIMNOW:24.279 CID:5 ZONE:1 RXUAV:1 EDGEPORT:9998 TS:24.262 SPD:15.300 HDG:0.200 PX:562.600 PY:-10.000 LAN:1 BRK:0 RX_X:0.000 RX_Y:0.000 RX_Z:0.000
[ZONE-ROUTE] CID:5 zone=1 edge_port=9998
[EDGE-RTT] CID:5 wall=1.1 ms  sim_delay=10.0 ms
>>> [UAV->CLOUD] BLK:f901|TX:7.0.0.9|CID:5|TS:24.262|SPD:15.3|HDG:0.2|PX:562.6|PY:-10.0|L...
[ECON-GATE] CID:5 probation active - suppressing OK reward 1.0
✓ [CAR 5] ACT=OK REP=0.432 RWD=0.000 PNL=0.000 CREDIT=1
[PASSIVE-BEACON] SIMNOW:24.336 CID:6 ZONE:1 RXUAV:1 EDGEPORT:9998 TS:24.322 SPD:24.600 HDG:-0.400 PX:558.400 PY:-20.000 LAN:2 BRK:1 RX_X:0.000 RX_Y:0.000 RX_Z:0.000
[ZONE-ROUTE] CID:6 zone=1 edge_port=9998
[EDGE-RTT] CID:6 wall=1.1 ms  sim_delay=5.0 ms
>>> [UAV->CLOUD] BLK:b946|TX:7.0.0.10|CID:6|TS:24.322|SPD:24.6|HDG:-0.4|PX:558.4|PY:-20.0...
[ECON-CLAWBACK] CID:6 ACT=WARN prior_payoff=-55.0 extra_penalty=5.5 new_payoff=-60.6
[FORGIVENESS] CID:6 WARN #19 — streak reset, benefits revoked
⚠ [CAR 6] ACT=WARN REP=0.512 RWD=0.000 PNL=5.603 CREDIT=-2
[PASSIVE-BEACON] SIMNOW:24.476 CID:8 ZONE:1 RXUAV:1 EDGEPORT:9998 TS:24.462 SPD:24.800 HDG:-1.200 PX:542.500 PY:-40.000 LAN:4 BRK:0 RX_X:0.000 RX_Y:0.000 RX_Z:0.000
[ZONE-ROUTE] CID:8 zone=1 edge_port=9998
[EDGE-RTT] CID:8 wall=1.2 ms  sim_delay=5.0 ms
>>> [UAV->CLOUD] BLK:56b1|TX:7.0.0.12|CID:8|TS:24.462|SPD:24.8|HDG:-1.2|PX:542.5|PY:-40.0...
[PASSIVE-BEACON] SIMNOW:24.476 CID:7 ZONE:1 RXUAV:1 EDGEPORT:9998 TS:24.462 SPD:25.400 HDG:0.900 PX:551.500 PY:-30.000 LAN:3 BRK:0 RX_X:0.000 RX_Y:0.000 RX_Z:0.000
[ZONE-ROUTE] CID:7 zone=1 edge_port=9998
[EDGE-RTT] CID:7 wall=2.5 ms  sim_delay=5.0 ms
>>> [UAV->CLOUD] BLK:6f95|TX:7.0.0.11|CID:7|TS:24.462|SPD:25.4|HDG:0.9|PX:551.5|PY:-30.0|...
[ECON-CLAWBACK] CID:8 ACT=WARN prior_payoff=-30.3 extra_penalty=4.2 new_payoff=-34.6
[FORGIVENESS] CID:8 WARN #14 — streak reset, benefits revoked
⚠ [CAR 8] ACT=WARN REP=0.770 RWD=0.000 PNL=4.351 CREDIT=-2
[ECON-CLAWBACK] CID:7 ACT=WARN prior_payoff=-44.302 extra_penalty=5.000 new_payoff=-49.404
[FORGIVENESS] CID:7 WARN #17 — streak reset, benefits revoked
⚠ [CAR 7] ACT=WARN REP=0.729 RWD=0.000 PNL=5.102 CREDIT=-2
[PASSIVE-BEACON] SIMNOW:24.494 CID:3 ZONE:1 RXUAV:1 EDGEPORT:9998 TS:24.480 SPD:25.000 HDG:0.800 PX:522.800 PY:-40.000 LAN:4 BRK:0 RX_X:0.000 RX_Y:0.000 RX_Z:0.000
[ZONE-ROUTE] CID:3 zone=1 edge_port=9998
[EDGE-RTT] CID:3 wall=1.4 ms  sim_delay=5.0 ms
>>> [UAV->CLOUD] BLK:8f8a|TX:7.0.0.7|CID:3|TS:24.480|SPD:25.0|HDG:0.8|PX:522.8|PY:-40.0|L...
[PASSIVE-BEACON] SIMNOW:24.504 CID:2 ZONE:1 RXUAV:1 EDGEPORT:9998 TS:24.490 SPD:24.800 HDG:0.500 PX:533.100 PY:-30.000 LAN:3 BRK:1 RX_X:0.000 RX_Y:0.000 RX_Z:0.000
[ZONE-ROUTE] CID:2 zone=1 edge_port=9998
[EDGE-RTT] CID:2 wall=1.1 ms  sim_delay=5.0 ms
>>> [UAV->CLOUD] BLK:661b|TX:7.0.0.6|CID:2|TS:24.490|SPD:24.8|HDG:0.5|PX:533.1|PY:-30.0|L...
[ECON-CLAWBACK] CID:3 ACT=WARN prior_payoff=-22.4 extra_penalty=3.8 new_payoff=-26.3
[FORGIVENESS] CID:3 WARN #12 — streak reset, benefits revoked
⚠ [CAR 3] ACT=WARN REP=0.709 RWD=0.000 PNL=3.851 CREDIT=-2
[ECON-CLAWBACK] CID:2 ACT=WARN prior_payoff=-49.443 extra_penalty=5.250 new_payoff=-54.793
[FORGIVENESS] CID:2 WARN #18 — streak reset, benefits revoked
⚠ [CAR 2] ACT=WARN REP=0.646 RWD=0.000 PNL=5.350 CREDIT=-2
[PASSIVE-BEACON] SIMNOW:24.526 CID:9 ZONE:1 RXUAV:1 EDGEPORT:9998 TS:24.512 SPD:25.100 HDG:-0.100 PX:533.700 PY:-50.000 LAN:5 BRK:0 RX_X:0.000 RX_Y:0.000 RX_Z:0.000
[ZONE-ROUTE] CID:9 zone=1 edge_port=9998
[EDGE-RTT] CID:9 wall=1.3 ms  sim_delay=5.0 ms
>>> [UAV->CLOUD] BLK:f6d4|TX:7.0.0.13|CID:9|TS:24.512|SPD:25.1|HDG:-0.1|PX:533.7|PY:-50.0...
[ECON-CLAWBACK] CID:9 ACT=WARN prior_payoff=-15.2 extra_penalty=3.2 new_payoff=-18.6
[FORGIVENESS] CID:9 WARN #10 — streak reset, benefits revoked
⚠ [CAR 9] ACT=WARN REP=0.544 RWD=0.000 PNL=3.352 CREDIT=-2
[PASSIVE-BEACON] SIMNOW:24.574 CID:1 ZONE:1 RXUAV:1 EDGEPORT:9998 TS:24.560 SPD:24.900 HDG:0.200 PX:544.200 PY:-20.000 LAN:2 BRK:0 RX_X:0.000 RX_Y:0.000 RX_Z:0.000
[ZONE-ROUTE] CID:1 zone=1 edge_port=9998
[EDGE-RTT] CID:1 wall=1.0 ms  sim_delay=5.0 ms
>>> [UAV->CLOUD] BLK:6249|TX:7.0.0.5|CID:1|TS:24.560|SPD:24.9|HDG:0.2|PX:544.2|PY:-20.0|L...
[ECON-CLAWBACK] CID:1 ACT=WARN prior_payoff=-66.4 extra_penalty=6.0 new_payoff=-72.5
[FORGIVENESS] CID:1 WARN #21 — streak reset, benefits revoked
⚠ [CAR 1] ACT=WARN REP=0.355 RWD=0.000 PNL=6.100 CREDIT=-2
[PASSIVE-BEACON] SIMNOW:24.602 CID:0 ZONE:1 RXUAV:1 EDGEPORT:9998 TS:24.590 SPD:15.200 HDG:0.300 PX:546.800 PY:-10.000 LAN:1 BRK:0 RX_X:0.000 RX_Y:0.000 RX_Z:0.000
[ZONE-ROUTE] CID:0 zone=1 edge_port=9998
[EDGE-RTT] CID:0 wall=1.2 ms  sim_delay=10.0 ms
>>> [UAV->CLOUD] BLK:77fe|TX:7.0.0.4|CID:0|TS:24.590|SPD:15.2|HDG:0.3|PX:546.8|PY:-10.0|L...
[ECON-GATE] CID:0 probation active - suppressing OK reward 1.0
✓ [CAR 0] ACT=OK REP=0.380 RWD=0.000 PNL=0.000 CREDIT=1
[PASSIVE-BEACON] SIMNOW:24.776 CID:5 ZONE:1 RXUAV:1 EDGEPORT:9998 TS:24.762 SPD:14.700 HDG:-0.100 PX:568.900 PY:-10.000 LAN:1 BRK:0 RX_X:0.000 RX_Y:0.000 RX_Z:0.000
[ZONE-ROUTE] CID:5 zone=1 edge_port=9998
[EDGE-RTT] CID:5 wall=1.2 ms  sim_delay=10.0 ms
>>> [UAV->CLOUD] BLK:9e55|TX:7.0.0.9|CID:5|TS:24.762|SPD:14.7|HDG:-0.1|PX:568.9|PY:-10.0|...
[ECON-GATE] CID:5 probation active - suppressing OK reward 1.0
✓ [CAR 5] ACT=OK REP=0.511 RWD=0.000 PNL=0.000 CREDIT=2
[ATTACK-EMIT] CID:6 activeWindow=YES falsified=YES simT=24.822 realPX=571.150 fakePX=571.150 realSPD=25.000 fakeSPD=20.000 realTS=24.822 fakeTS=24.822 lane=2
[PASSIVE-BEACON] SIMNOW:24.836 CID:6 ZONE:1 RXUAV:1 EDGEPORT:9998 TS:24.822 SPD:20.000 HDG:0.000 PX:571.200 PY:-20.000 LAN:2 BRK:0 RX_X:0.000 RX_Y:0.000 RX_Z:0.000
[ZONE-ROUTE] CID:6 zone=1 edge_port=9998
[EDGE-RTT] CID:6 wall=1.2 ms  sim_delay=5.0 ms
>>> [UAV->CLOUD] BLK:3b7f|TX:7.0.0.10|CID:6|TS:24.822|SPD:20.0|HDG:0.0|PX:571.2|PY:-20.0|...
[ECON-GATE] CID:6 probation active - suppressing OK reward 1.0
✓ [CAR 6] ACT=OK REP=0.422 RWD=0.000 PNL=0.000 CREDIT=0
[PASSIVE-BEACON] SIMNOW:24.976 CID:8 ZONE:1 RXUAV:1 EDGEPORT:9998 TS:24.962 SPD:24.900 HDG:1.500 PX:554.000 PY:-40.000 LAN:4 BRK:1 RX_X:0.000 RX_Y:0.000 RX_Z:0.000
[ZONE-ROUTE] CID:8 zone=1 edge_port=9998
[EDGE-RTT] CID:8 wall=1.3 ms  sim_delay=5.0 ms
>>> [UAV->CLOUD] BLK:f237|TX:7.0.0.12|CID:8|TS:24.962|SPD:24.9|HDG:1.5|PX:554.0|PY:-40.0|...
[PASSIVE-BEACON] SIMNOW:24.976 CID:7 ZONE:1 RXUAV:1 EDGEPORT:9998 TS:24.962 SPD:24.900 HDG:1.700 PX:564.000 PY:-30.000 LAN:3 BRK:0 RX_X:0.000 RX_Y:0.000 RX_Z:0.000
[ZONE-ROUTE] CID:7 zone=1 edge_port=9998
[EDGE-RTT] CID:7 wall=2.6 ms  sim_delay=5.0 ms
>>> [UAV->CLOUD] BLK:a96c|TX:7.0.0.11|CID:7|TS:24.962|SPD:24.9|HDG:1.7|PX:564.0|PY:-30.0|...
[ECON-CLAWBACK] CID:8 ACT=WARN prior_payoff=-34.6 extra_penalty=4.5 new_payoff=-39.2
[FORGIVENESS] CID:8 WARN #15 — streak reset, benefits revoked
⚠ [CAR 8] ACT=WARN REP=0.550 RWD=0.000 PNL=4.601 CREDIT=-2
[ECON-CLAWBACK] CID:7 ACT=WARN prior_payoff=-49.404 extra_penalty=5.250 new_payoff=-54.755
[FORGIVENESS] CID:7 WARN #18 — streak reset, benefits revoked
⚠ [CAR 7] ACT=WARN REP=0.521 RWD=0.000 PNL=5.351 CREDIT=-2
[PASSIVE-BEACON] SIMNOW:24.994 CID:3 ZONE:1 RXUAV:1 EDGEPORT:9998 TS:24.980 SPD:25.400 HDG:-0.400 PX:534.400 PY:-40.000 LAN:4 BRK:0 RX_X:0.000 RX_Y:0.000 RX_Z:0.000
[ZONE-ROUTE] CID:3 zone=1 edge_port=9998
[EDGE-RTT] CID:3 wall=1.0 ms  sim_delay=5.0 ms
>>> [UAV->CLOUD] BLK:4156|TX:7.0.0.7|CID:3|TS:24.980|SPD:25.4|HDG:-0.4|PX:534.4|PY:-40.0|...
[LATE-ATTACK] CID:2 POSITION-FLIP at t=25.0s posX=545.6m distToExit=354.4m (threshold=360.0m)
[PASSIVE-BEACON] SIMNOW:25.004 CID:2 ZONE:1 RXUAV:1 EDGEPORT:9998 TS:24.990 SPD:25.300 HDG:-0.100 PX:544.700 PY:-30.000 LAN:3 BRK:0 RX_X:0.000 RX_Y:0.000 RX_Z:0.000
[ZONE-ROUTE] CID:2 zone=1 edge_port=9998
[EDGE-RTT] CID:2 wall=0.7 ms  sim_delay=5.0 ms
>>> [UAV->CLOUD] BLK:3090|TX:7.0.0.6|CID:2|TS:24.990|SPD:25.3|HDG:-0.1|PX:544.7|PY:-30.0|...
[ECON-CLAWBACK] CID:3 ACT=WARN prior_payoff=-26.3 extra_penalty=4.0 new_payoff=-30.4
[FORGIVENESS] CID:3 WARN #13 — streak reset, benefits revoked
⚠ [CAR 3] ACT=WARN REP=0.840 RWD=0.000 PNL=4.102 CREDIT=-2
[ECON-CLAWBACK] CID:2 ACT=WARN prior_payoff=-54.793 extra_penalty=5.500 new_payoff=-60.395
[FORGIVENESS] CID:2 WARN #19 — streak reset, benefits revoked
⚠ [CAR 2] ACT=WARN REP=0.417 RWD=0.000 PNL=5.602 CREDIT=-2
[PASSIVE-BEACON] SIMNOW:25.026 CID:9 ZONE:1 RXUAV:1 EDGEPORT:9998 TS:25.012 SPD:25.100 HDG:0.500 PX:545.200 PY:-50.000 LAN:5 BRK:0 RX_X:0.000 RX_Y:0.000 RX_Z:0.000
[ZONE-ROUTE] CID:9 zone=1 edge_port=9998
[EDGE-RTT] CID:9 wall=1.1 ms  sim_delay=5.0 ms
>>> [UAV->CLOUD] BLK:e86f|TX:7.0.0.13|CID:9|TS:25.012|SPD:25.1|HDG:0.5|PX:545.2|PY:-50.0|...
[ECON-CLAWBACK] CID:9 ACT=WARN prior_payoff=-18.6 extra_penalty=3.5 new_payoff=-22.2
[FORGIVENESS] CID:9 WARN #11 — streak reset, benefits revoked
⚠ [CAR 9] ACT=WARN REP=0.521 RWD=0.000 PNL=3.602 CREDIT=-2
[PASSIVE-BEACON] SIMNOW:25.072 CID:1 ZONE:1 RXUAV:1 EDGEPORT:9998 TS:25.060 SPD:25.400 HDG:-0.600 PX:556.600 PY:-20.000 LAN:2 BRK:0 RX_X:0.000 RX_Y:0.000 RX_Z:0.000
[ZONE-ROUTE] CID:1 zone=1 edge_port=9998
[EDGE-RTT] CID:1 wall=0.8 ms  sim_delay=5.0 ms
>>> [UAV->CLOUD] BLK:81bc|TX:7.0.0.5|CID:1|TS:25.060|SPD:25.4|HDG:-0.6|PX:556.6|PY:-20.0|...
[ECON-CLAWBACK] CID:1 ACT=WARN prior_payoff=-72.5 extra_penalty=6.2 new_payoff=-78.8
[FORGIVENESS] CID:1 WARN #22 — streak reset, benefits revoked
⚠ [CAR 1] ACT=WARN REP=0.457 RWD=0.000 PNL=6.352 CREDIT=-2
[PASSIVE-BEACON] SIMNOW:25.104 CID:0 ZONE:1 RXUAV:1 EDGEPORT:9998 TS:25.090 SPD:15.200 HDG:-1.900 PX:555.200 PY:-10.000 LAN:1 BRK:0 RX_X:0.000 RX_Y:0.000 RX_Z:0.000
[ZONE-ROUTE] CID:0 zone=1 edge_port=9998
[EDGE-RTT] CID:0 wall=1.0 ms  sim_delay=10.0 ms
>>> [UAV->CLOUD] BLK:b0da|TX:7.0.0.4|CID:0|TS:25.090|SPD:15.2|HDG:-1.9|PX:555.2|PY:-10.0|...
[ECON-GATE] CID:0 probation active - suppressing OK reward 1.0
✓ [CAR 0] ACT=OK REP=0.593 RWD=0.000 PNL=0.000 CREDIT=2
[PKT-DROP] UAV dropped telemetry from 7.0.0.9 (drop_rate=5%)
[ATTACK-EMIT] CID:6 activeWindow=YES falsified=YES simT=25.322 realPX=583.650 fakePX=583.650 realSPD=25.000 fakeSPD=20.000 realTS=25.322 fakeTS=25.322 lane=2
[PASSIVE-BEACON] SIMNOW:25.336 CID:6 ZONE:1 RXUAV:1 EDGEPORT:9998 TS:25.322 SPD:20.000 HDG:0.000 PX:583.700 PY:-20.000 LAN:2 BRK:0 RX_X:0.000 RX_Y:0.000 RX_Z:0.000
[ZONE-ROUTE] CID:6 zone=1 edge_port=9998
[EDGE-RTT] CID:6 wall=1.1 ms  sim_delay=5.0 ms
>>> [UAV->CLOUD] BLK:9729|TX:7.0.0.10|CID:6|TS:25.322|SPD:20.0|HDG:0.0|PX:583.7|PY:-20.0|...
[ECON-GATE] CID:6 probation active - suppressing OK reward 1.0
✓ [CAR 6] ACT=OK REP=0.544 RWD=0.000 PNL=0.000 CREDIT=1
[PASSIVE-BEACON] SIMNOW:25.475 CID:8 ZONE:1 RXUAV:1 EDGEPORT:9998 TS:25.462 SPD:24.600 HDG:1.700 PX:566.700 PY:-40.000 LAN:4 BRK:0 RX_X:0.000 RX_Y:0.000 RX_Z:0.000
[ZONE-ROUTE] CID:8 zone=1 edge_port=9998
[EDGE-RTT] CID:8 wall=0.9 ms  sim_delay=5.0 ms
>>> [UAV->CLOUD] BLK:3985|TX:7.0.0.12|CID:8|TS:25.462|SPD:24.6|HDG:1.7|PX:566.7|PY:-40.0|...
[PASSIVE-BEACON] SIMNOW:25.475 CID:7 ZONE:1 RXUAV:1 EDGEPORT:9998 TS:25.462 SPD:25.000 HDG:0.900 PX:576.900 PY:-30.000 LAN:3 BRK:0 RX_X:0.000 RX_Y:0.000 RX_Z:0.000
[ZONE-ROUTE] CID:7 zone=1 edge_port=9998
[EDGE-RTT] CID:7 wall=2.5 ms  sim_delay=5.0 ms
>>> [UAV->CLOUD] BLK:5b6b|TX:7.0.0.11|CID:7|TS:25.462|SPD:25.0|HDG:0.9|PX:576.9|PY:-30.0|...
[ECON-CLAWBACK] CID:8 ACT=WARN prior_payoff=-39.2 extra_penalty=4.8 new_payoff=-44.1
[FORGIVENESS] CID:8 WARN #16 — streak reset, benefits revoked
⚠ [CAR 8] ACT=WARN REP=0.631 RWD=0.000 PNL=4.850 CREDIT=-2
[ECON-CLAWBACK] CID:7 ACT=WARN prior_payoff=-54.755 extra_penalty=5.500 new_payoff=-60.356
[FORGIVENESS] CID:7 WARN #19 — streak reset, benefits revoked
⚠ [CAR 7] ACT=WARN REP=0.518 RWD=0.000 PNL=5.601 CREDIT=-2
[PASSIVE-BEACON] SIMNOW:25.494 CID:3 ZONE:1 RXUAV:1 EDGEPORT:9998 TS:25.480 SPD:24.700 HDG:0.100 PX:548.300 PY:-40.000 LAN:4 BRK:0 RX_X:0.000 RX_Y:0.000 RX_Z:0.000
[ZONE-ROUTE] CID:3 zone=1 edge_port=9998
[EDGE-RTT] CID:3 wall=1.2 ms  sim_delay=5.0 ms
>>> [UAV->CLOUD] BLK:e24a|TX:7.0.0.7|CID:3|TS:25.480|SPD:24.7|HDG:0.1|PX:548.3|PY:-40.0|L...
[PASSIVE-BEACON] SIMNOW:25.504 CID:2 ZONE:1 RXUAV:1 EDGEPORT:9998 TS:25.490 SPD:25.200 HDG:-1.500 PX:557.200 PY:-30.000 LAN:3 BRK:0 RX_X:0.000 RX_Y:0.000 RX_Z:0.000
[ZONE-ROUTE] CID:2 zone=1 edge_port=9998
[EDGE-RTT] CID:2 wall=0.6 ms  sim_delay=5.0 ms
>>> [UAV->CLOUD] BLK:073c|TX:7.0.0.6|CID:2|TS:25.490|SPD:25.2|HDG:-1.5|PX:557.2|PY:-30.0|...
[ECON-CLAWBACK] CID:3 ACT=WARN prior_payoff=-30.4 extra_penalty=4.2 new_payoff=-34.7
[FORGIVENESS] CID:3 WARN #14 — streak reset, benefits revoked
⚠ [CAR 3] ACT=WARN REP=0.705 RWD=0.000 PNL=4.350 CREDIT=-2
[ECON-CLAWBACK] CID:2 ACT=WARN prior_payoff=-60.395 extra_penalty=5.750 new_payoff=-66.247
[FORGIVENESS] CID:2 WARN #20 — streak reset, benefits revoked
⚠ [CAR 2] ACT=WARN REP=0.284 RWD=0.000 PNL=5.852 CREDIT=-2
[PASSIVE-BEACON] SIMNOW:25.526 CID:9 ZONE:1 RXUAV:1 EDGEPORT:9998 TS:25.512 SPD:24.800 HDG:-2.000 PX:558.800 PY:-50.000 LAN:5 BRK:0 RX_X:0.000 RX_Y:0.000 RX_Z:0.000
[ZONE-ROUTE] CID:9 zone=1 edge_port=9998
[EDGE-RTT] CID:9 wall=1.1 ms  sim_delay=5.0 ms
>>> [UAV->CLOUD] BLK:6e07|TX:7.0.0.13|CID:9|TS:25.512|SPD:24.8|HDG:-2.0|PX:558.8|PY:-50.0...
[ECON-CLAWBACK] CID:9 ACT=WARN prior_payoff=-22.2 extra_penalty=3.8 new_payoff=-26.0
[FORGIVENESS] CID:9 WARN #12 — streak reset, benefits revoked
⚠ [CAR 9] ACT=WARN REP=0.787 RWD=0.000 PNL=3.850 CREDIT=-2
[ATTACK-EMIT] CID:1 activeWindow=YES falsified=YES simT=25.560 realPX=569.600 fakePX=569.600 realSPD=25.000 fakeSPD=20.000 realTS=25.560 fakeTS=25.560 lane=2
[PASSIVE-BEACON] SIMNOW:25.574 CID:1 ZONE:1 RXUAV:1 EDGEPORT:9998 TS:25.560 SPD:20.000 HDG:0.000 PX:569.600 PY:-20.000 LAN:2 BRK:0 RX_X:0.000 RX_Y:0.000 RX_Z:0.000
[ZONE-ROUTE] CID:1 zone=1 edge_port=9998
[EDGE-RTT] CID:1 wall=1.0 ms  sim_delay=5.0 ms
>>> [UAV->CLOUD] BLK:4cff|TX:7.0.0.5|CID:1|TS:25.560|SPD:20.0|HDG:0.0|PX:569.6|PY:-20.0|L...
[ECON-GATE] CID:1 probation active - suppressing OK reward 1.0
✓ [CAR 1] ACT=OK REP=0.381 RWD=0.000 PNL=0.000 CREDIT=0
[ATTACK-EMIT] CID:0 activeWindow=YES falsified=YES simT=25.590 realPX=562.050 fakePX=562.050 realSPD=15.000 fakeSPD=20.000 realTS=25.590 fakeTS=25.590 lane=1
[PASSIVE-BEACON] SIMNOW:25.604 CID:0 ZONE:1 RXUAV:1 EDGEPORT:9998 TS:25.590 SPD:20.000 HDG:0.000 PX:562.100 PY:-10.000 LAN:1 BRK:1 RX_X:0.000 RX_Y:0.000 RX_Z:0.000
[ZONE-ROUTE] CID:0 zone=1 edge_port=9998
[EDGE-RTT] CID:0 wall=1.0 ms  sim_delay=10.0 ms
>>> [UAV->CLOUD] BLK:fb67|TX:7.0.0.4|CID:0|TS:25.590|SPD:20.0|HDG:0.0|PX:562.1|PY:-10.0|L...
[ECON-GATE] CID:0 probation active - suppressing OK reward 1.0
✓ [CAR 0] ACT=OK REP=0.413 RWD=0.000 PNL=0.000 CREDIT=3
[PASSIVE-BEACON] SIMNOW:25.776 CID:5 ZONE:1 RXUAV:1 EDGEPORT:9998 TS:25.762 SPD:15.200 HDG:1.400 PX:584.100 PY:-10.000 LAN:1 BRK:1 RX_X:0.000 RX_Y:0.000 RX_Z:0.000
[ZONE-ROUTE] CID:5 zone=1 edge_port=9998
[EDGE-RTT] CID:5 wall=1.1 ms  sim_delay=10.0 ms
>>> [UAV->CLOUD] BLK:1770|TX:7.0.0.9|CID:5|TS:25.762|SPD:15.2|HDG:1.4|PX:584.1|PY:-10.0|L...
[ECON-GATE] CID:5 probation active - suppressing OK reward 1.0
✓ [CAR 5] ACT=OK REP=0.491 RWD=0.000 PNL=0.000 CREDIT=3
[ATTACK-EMIT] CID:6 activeWindow=YES falsified=YES simT=25.822 realPX=595.530 fakePX=571.210 realSPD=15.000 fakeSPD=20.000 realTS=25.822 fakeTS=25.322 lane=2
[PKT-DROP] UAV dropped telemetry from 7.0.0.10 (drop_rate=5%)
[PASSIVE-BEACON] SIMNOW:25.976 CID:8 ZONE:1 RXUAV:1 EDGEPORT:9998 TS:25.962 SPD:25.300 HDG:1.400 PX:579.000 PY:-40.000 LAN:4 BRK:0 RX_X:0.000 RX_Y:0.000 RX_Z:0.000
[ZONE-ROUTE] CID:8 zone=1 edge_port=9998
[EDGE-RTT] CID:8 wall=1.2 ms  sim_delay=5.0 ms
>>> [UAV->CLOUD] BLK:5f2c|TX:7.0.0.12|CID:8|TS:25.962|SPD:25.3|HDG:1.4|PX:579.0|PY:-40.0|...
[PASSIVE-BEACON] SIMNOW:25.976 CID:7 ZONE:1 RXUAV:1 EDGEPORT:9998 TS:25.962 SPD:24.800 HDG:0.700 PX:589.200 PY:-30.000 LAN:3 BRK:0 RX_X:0.000 RX_Y:0.000 RX_Z:0.000
[ZONE-ROUTE] CID:7 zone=1 edge_port=9998
[EDGE-RTT] CID:7 wall=2.3 ms  sim_delay=5.0 ms
>>> [UAV->CLOUD] BLK:5925|TX:7.0.0.11|CID:7|TS:25.962|SPD:24.8|HDG:0.7|PX:589.2|PY:-30.0|...
[ATTACK-EMIT] CID:3 activeWindow=YES falsified=YES simT=25.980 realPX=560.100 fakePX=560.100 realSPD=25.000 fakeSPD=20.000 realTS=25.980 fakeTS=25.980 lane=4
[ATTACK-EMIT] CID:2 activeWindow=YES falsified=YES simT=25.990 realPX=570.350 fakePX=570.350 realSPD=25.000 fakeSPD=20.000 realTS=25.990 fakeTS=25.990 lane=3
[ECON-CLAWBACK] CID:8 ACT=WARN prior_payoff=-44.099 extra_penalty=5.000 new_payoff=-49.201
[FORGIVENESS] CID:8 WARN #17 — streak reset, benefits revoked
⚠ [CAR 8] ACT=WARN REP=0.624 RWD=0.000 PNL=5.102 CREDIT=-2
[ECON-CLAWBACK] CID:7 ACT=WARN prior_payoff=-60.356 extra_penalty=5.750 new_payoff=-66.207
[FORGIVENESS] CID:7 WARN #20 — streak reset, benefits revoked
⚠ [CAR 7] ACT=WARN REP=0.601 RWD=0.000 PNL=5.851 CREDIT=-2
[PKT-DROP] UAV dropped telemetry from 7.0.0.7 (drop_rate=5%)
[LATE-ATTACK] CID:4 POSITION-FLIP at t=26.0s posX=550.6m distToExit=349.4m (threshold=360.0m)
[PASSIVE-BEACON] SIMNOW:26.004 CID:2 ZONE:1 RXUAV:1 EDGEPORT:9998 TS:25.990 SPD:20.000 HDG:0.000 PX:570.400 PY:-30.000 LAN:3 BRK:0 RX_X:0.000 RX_Y:0.000 RX_Z:0.000
[ZONE-ROUTE] CID:2 zone=1 edge_port=9998
[EDGE-RTT] CID:2 wall=0.7 ms  sim_delay=5.0 ms
>>> [UAV->CLOUD] BLK:6ca8|TX:7.0.0.6|CID:2|TS:25.990|SPD:20.0|HDG:0.0|PX:570.4|PY:-30.0|L...
[ATTACK-EMIT] CID:9 activeWindow=YES falsified=YES simT=26.012 realPX=570.900 fakePX=570.900 realSPD=25.000 fakeSPD=20.000 realTS=26.012 fakeTS=26.012 lane=5
[ECON-GATE] CID:2 probation active - suppressing OK reward 0.985
✓ [CAR 2] ACT=OK REP=0.556 RWD=0.000 PNL=0.000 CREDIT=0
[PASSIVE-BEACON] SIMNOW:26.029 CID:9 ZONE:1 RXUAV:1 EDGEPORT:9998 TS:26.012 SPD:20.000 HDG:0.000 PX:570.900 PY:-50.000 LAN:5 BRK:0 RX_X:0.000 RX_Y:0.000 RX_Z:0.000
[ZONE-ROUTE] CID:9 zone=1 edge_port=9998
[EDGE-RTT] CID:9 wall=0.9 ms  sim_delay=5.0 ms
>>> [UAV->CLOUD] BLK:4000|TX:7.0.0.13|CID:9|TS:26.012|SPD:20.0|HDG:0.0|PX:570.9|PY:-50.0|...
[ECON-GATE] CID:9 probation active - suppressing OK reward 1.0
✓ [CAR 9] ACT=OK REP=0.787 RWD=0.000 PNL=0.000 CREDIT=0
[ATTACK-EMIT] CID:1 activeWindow=YES falsified=YES simT=26.060 realPX=579.100 fakePX=579.100 realSPD=15.000 fakeSPD=20.000 realTS=26.060 fakeTS=26.060 lane=2
[PASSIVE-BEACON] SIMNOW:26.074 CID:1 ZONE:1 RXUAV:1 EDGEPORT:9998 TS:26.060 SPD:20.000 HDG:0.000 PX:579.100 PY:-20.000 LAN:2 BRK:0 RX_X:0.000 RX_Y:0.000 RX_Z:0.000
[ZONE-ROUTE] CID:1 zone=1 edge_port=9998
[EDGE-RTT] CID:1 wall=1.0 ms  sim_delay=5.0 ms
>>> [UAV->CLOUD] BLK:5be1|TX:7.0.0.5|CID:1|TS:26.060|SPD:20.0|HDG:0.0|PX:579.1|PY:-20.0|L...
[ECON-GATE] CID:1 probation active - suppressing OK reward 1.0
✓ [CAR 1] ACT=OK REP=0.740 RWD=0.000 PNL=0.000 CREDIT=1
[ATTACK-EMIT] CID:0 activeWindow=YES falsified=YES simT=26.090 realPX=569.550 fakePX=569.550 realSPD=15.000 fakeSPD=20.000 realTS=26.090 fakeTS=26.090 lane=1
[PASSIVE-BEACON] SIMNOW:26.103 CID:0 ZONE:1 RXUAV:1 EDGEPORT:9998 TS:26.090 SPD:20.000 HDG:0.000 PX:569.600 PY:-10.000 LAN:1 BRK:0 RX_X:0.000 RX_Y:0.000 RX_Z:0.000
[ZONE-ROUTE] CID:0 zone=1 edge_port=9998
[EDGE-RTT] CID:0 wall=1.0 ms  sim_delay=10.0 ms
>>> [UAV->CLOUD] BLK:1362|TX:7.0.0.4|CID:0|TS:26.090|SPD:20.0|HDG:0.0|PX:569.6|PY:-10.0|L...
[ECON-GATE] CID:0 probation active - suppressing OK reward 1.0
✓ [CAR 0] ACT=OK REP=0.680 RWD=0.000 PNL=0.000 CREDIT=4
[PKT-DROP] UAV dropped telemetry from 7.0.0.9 (drop_rate=5%)
[ATTACK-EMIT] CID:6 activeWindow=YES falsified=YES simT=26.322 realPX=603.030 fakePX=603.030 realSPD=15.000 fakeSPD=20.000 realTS=26.322 fakeTS=26.322 lane=2
[PASSIVE-BEACON] SIMNOW:26.336 CID:6 ZONE:2 RXUAV:2 EDGEPORT:9996 TS:26.322 SPD:20.000 HDG:0.000 PX:603.000 PY:-20.000 LAN:2 BRK:0 RX_X:0.000 RX_Y:0.000 RX_Z:0.000
[ZONE-ROUTE] CID:6 zone=1 edge_port=9998
[EDGE-RTT] CID:6 wall=1.1 ms  sim_delay=5.0 ms
>>> [UAV->CLOUD] BLK:c800|TX:7.0.0.10|CID:6|TS:26.322|SPD:20.0|HDG:0.0|PX:603.0|PY:-20.0|...
[ECON-GATE] CID:6 probation active - suppressing OK reward 1.0
✓ [CAR 6] ACT=OK REP=0.612 RWD=0.000 PNL=0.000 CREDIT=2
[PASSIVE-BEACON] SIMNOW:26.476 CID:7 ZONE:2 RXUAV:2 EDGEPORT:9996 TS:26.462 SPD:24.900 HDG:-0.900 PX:602.500 PY:-30.000 LAN:3 BRK:0 RX_X:0.000 RX_Y:0.000 RX_Z:0.000
[ZONE-ROUTE] CID:7 zone=1 edge_port=9998
[EDGE-RTT] CID:7 wall=1.2 ms  sim_delay=5.0 ms
>>> [UAV->CLOUD] BLK:28d9|TX:7.0.0.11|CID:7|TS:26.462|SPD:24.9|HDG:-0.9|PX:602.5|PY:-30.0...
[PASSIVE-BEACON] SIMNOW:26.479 CID:8 ZONE:1 RXUAV:1 EDGEPORT:9998 TS:26.462 SPD:25.100 HDG:-1.500 PX:591.700 PY:-40.000 LAN:4 BRK:0 RX_X:0.000 RX_Y:0.000 RX_Z:0.000
[ZONE-ROUTE] CID:8 zone=1 edge_port=9998
[EDGE-RTT] CID:8 wall=0.8 ms  sim_delay=5.0 ms
>>> [UAV->CLOUD] BLK:6ecf|TX:7.0.0.12|CID:8|TS:26.462|SPD:25.1|HDG:-1.5|PX:591.7|PY:-40.0...
[ATTACK-EMIT] CID:3 activeWindow=YES falsified=YES simT=26.480 realPX=572.600 fakePX=572.600 realSPD=25.000 fakeSPD=20.000 realTS=26.480 fakeTS=26.480 lane=4
[ATTACK-EMIT] CID:2 activeWindow=YES falsified=YES simT=26.490 realPX=582.850 fakePX=582.850 realSPD=25.000 fakeSPD=20.000 realTS=26.490 fakeTS=26.490 lane=3
[ECON-CLAWBACK] CID:7 ACT=WARN prior_payoff=-66.207 extra_penalty=6.000 new_payoff=-72.308
[FORGIVENESS] CID:7 WARN #21 — streak reset, benefits revoked
⚠ [CAR 7] ACT=WARN REP=0.206 RWD=0.000 PNL=6.101 CREDIT=-2
[ECON-CLAWBACK] CID:8 ACT=WARN prior_payoff=-49.201 extra_penalty=5.250 new_payoff=-54.553
[FORGIVENESS] CID:8 WARN #18 — streak reset, benefits revoked
⚠ [CAR 8] ACT=WARN REP=0.589 RWD=0.000 PNL=5.352 CREDIT=-2
[PASSIVE-BEACON] SIMNOW:26.494 CID:3 ZONE:1 RXUAV:1 EDGEPORT:9998 TS:26.480 SPD:20.000 HDG:0.000 PX:572.600 PY:-40.000 LAN:4 BRK:0 RX_X:0.000 RX_Y:0.000 RX_Z:0.000
[ZONE-ROUTE] CID:3 zone=1 edge_port=9998
[EDGE-RTT] CID:3 wall=0.9 ms  sim_delay=5.0 ms
>>> [UAV->CLOUD] BLK:3f7c|TX:7.0.0.7|CID:3|TS:26.480|SPD:20.0|HDG:0.0|PX:572.6|PY:-40.0|L...
[PASSIVE-BEACON] SIMNOW:26.504 CID:2 ZONE:1 RXUAV:1 EDGEPORT:9998 TS:26.490 SPD:20.000 HDG:0.000 PX:582.900 PY:-30.000 LAN:3 BRK:0 RX_X:0.000 RX_Y:0.000 RX_Z:0.000
[ZONE-ROUTE] CID:2 zone=1 edge_port=9998
[EDGE-RTT] CID:2 wall=0.8 ms  sim_delay=5.0 ms
>>> [UAV->CLOUD] BLK:1aaf|TX:7.0.0.6|CID:2|TS:26.490|SPD:20.0|HDG:0.0|PX:582.9|PY:-30.0|L...
[ECON-GATE] CID:3 probation active - suppressing OK reward 1.0
✓ [CAR 3] ACT=OK REP=0.528 RWD=0.000 PNL=0.000 CREDIT=0
[ATTACK-EMIT] CID:9 activeWindow=YES falsified=YES simT=26.512 realPX=583.400 fakePX=583.400 realSPD=25.000 fakeSPD=20.000 realTS=26.512 fakeTS=26.512 lane=5
[ECON-GATE] CID:2 probation active - suppressing OK reward 0.994
✓ [CAR 2] ACT=OK REP=0.609 RWD=0.000 PNL=0.000 CREDIT=1
[PASSIVE-BEACON] SIMNOW:26.526 CID:9 ZONE:1 RXUAV:1 EDGEPORT:9998 TS:26.512 SPD:20.000 HDG:0.000 PX:583.400 PY:-50.000 LAN:5 BRK:0 RX_X:0.000 RX_Y:0.000 RX_Z:0.000
[ZONE-ROUTE] CID:9 zone=1 edge_port=9998
[EDGE-RTT] CID:9 wall=1.2 ms  sim_delay=5.0 ms
>>> [UAV->CLOUD] BLK:690e|TX:7.0.0.13|CID:9|TS:26.512|SPD:20.0|HDG:0.0|PX:583.4|PY:-50.0|...
[ECON-GATE] CID:9 probation active - suppressing OK reward 1.0
✓ [CAR 9] ACT=OK REP=0.732 RWD=0.000 PNL=0.000 CREDIT=1
[ATTACK-EMIT] CID:1 activeWindow=YES falsified=YES simT=26.560 realPX=586.600 fakePX=569.540 realSPD=15.000 fakeSPD=20.000 realTS=26.560 fakeTS=26.060 lane=2
[PASSIVE-BEACON] SIMNOW:26.573 CID:1 ZONE:1 RXUAV:1 EDGEPORT:9998 TS:26.060 SPD:20.000 HDG:0.000 PX:569.500 PY:-20.000 LAN:2 BRK:0 RX_X:0.000 RX_Y:0.000 RX_Z:0.000
[ZONE-ROUTE] CID:1 zone=1 edge_port=9998
[EDGE-RTT] CID:1 wall=1.1 ms  sim_delay=5.0 ms
>>> [UAV->CLOUD] BLK:6261|TX:7.0.0.5|CID:1|TS:26.060|SPD:20.0|HDG:0.0|PX:569.5|PY:-20.0|L...
[ECON-GATE] CID:1 probation active - suppressing OK reward 0.9
✓ [CAR 1] ACT=OK REP=0.634 RWD=0.000 PNL=0.000 CREDIT=2
[ATTACK-EMIT] CID:0 activeWindow=YES falsified=YES simT=26.590 realPX=577.050 fakePX=562.164 realSPD=15.000 fakeSPD=20.000 realTS=26.590 fakeTS=26.090 lane=1
[PASSIVE-BEACON] SIMNOW:26.604 CID:0 ZONE:1 RXUAV:1 EDGEPORT:9998 TS:26.090 SPD:20.000 HDG:0.000 PX:562.200 PY:-10.000 LAN:1 BRK:0 RX_X:0.000 RX_Y:0.000 RX_Z:0.000
[ZONE-ROUTE] CID:0 zone=1 edge_port=9998
[EDGE-RTT] CID:0 wall=1.1 ms  sim_delay=10.0 ms
>>> [UAV->CLOUD] BLK:5832|TX:7.0.0.4|CID:0|TS:26.090|SPD:20.0|HDG:0.0|PX:562.2|PY:-10.0|L...
[ECON-GATE] CID:0 probation active - suppressing OK reward 0.9
✓ [CAR 0] ACT=OK REP=0.549 RWD=0.000 PNL=0.000 CREDIT=5
[PASSIVE-BEACON] SIMNOW:26.775 CID:5 ZONE:1 RXUAV:1 EDGEPORT:9998 TS:26.762 SPD:14.800 HDG:-0.400 PX:599.100 PY:-10.000 LAN:1 BRK:1 RX_X:0.000 RX_Y:0.000 RX_Z:0.000
[ZONE-ROUTE] CID:5 zone=1 edge_port=9998
[EDGE-RTT] CID:5 wall=1.2 ms  sim_delay=10.0 ms
>>> [UAV->CLOUD] BLK:564d|TX:7.0.0.9|CID:5|TS:26.762|SPD:14.8|HDG:-0.4|PX:599.1|PY:-10.0|...
[ECON-GATE] CID:5 probation active - suppressing OK reward 1.0
✓ [CAR 5] ACT=OK REP=0.735 RWD=0.000 PNL=0.000 CREDIT=4
[ATTACK-EMIT] CID:4 activeWindow=YES falsified=YES simT=26.810 realPX=570.850 fakePX=570.850 realSPD=25.000 fakeSPD=20.000 realTS=26.810 fakeTS=26.810 lane=5
[ATTACK-EMIT] CID:6 activeWindow=YES falsified=YES simT=26.822 realPX=610.530 fakePX=610.530 realSPD=15.000 fakeSPD=20.000 realTS=26.822 fakeTS=26.822 lane=2
[PASSIVE-BEACON] SIMNOW:26.836 CID:6 ZONE:2 RXUAV:2 EDGEPORT:9996 TS:26.822 SPD:20.000 HDG:0.000 PX:610.500 PY:-20.000 LAN:2 BRK:0 RX_X:0.000 RX_Y:0.000 RX_Z:0.000
[ZONE-ROUTE] CID:6 zone=1 edge_port=9998
[EDGE-RTT] CID:6 wall=0.9 ms  sim_delay=5.0 ms
>>> [UAV->CLOUD] BLK:387d|TX:7.0.0.10|CID:6|TS:26.822|SPD:20.0|HDG:0.0|PX:610.5|PY:-20.0|...
[ECON-GATE] CID:6 probation active - suppressing OK reward 1.0
✓ [CAR 6] ACT=OK REP=0.460 RWD=0.000 PNL=0.000 CREDIT=3
[PASSIVE-BEACON] SIMNOW:26.976 CID:8 ZONE:2 RXUAV:2 EDGEPORT:9996 TS:26.962 SPD:25.100 HDG:0.800 PX:603.900 PY:-40.000 LAN:4 BRK:0 RX_X:0.000 RX_Y:0.000 RX_Z:0.000
[ZONE-ROUTE] CID:8 zone=1 edge_port=9998
[EDGE-RTT] CID:8 wall=1.0 ms  sim_delay=5.0 ms
>>> [UAV->CLOUD] BLK:b074|TX:7.0.0.12|CID:8|TS:26.962|SPD:25.1|HDG:0.8|PX:603.9|PY:-40.0|...
[PASSIVE-BEACON] SIMNOW:26.976 CID:7 ZONE:2 RXUAV:2 EDGEPORT:9996 TS:26.962 SPD:25.100 HDG:0.100 PX:615.000 PY:-30.000 LAN:3 BRK:1 RX_X:0.000 RX_Y:0.000 RX_Z:0.000
[ZONE-ROUTE] CID:7 zone=1 edge_port=9998
[EDGE-RTT] CID:7 wall=2.6 ms  sim_delay=5.0 ms
>>> [UAV->CLOUD] BLK:d296|TX:7.0.0.11|CID:7|TS:26.962|SPD:25.1|HDG:0.1|PX:615.0|PY:-30.0|...
[ATTACK-EMIT] CID:3 activeWindow=YES falsified=YES simT=26.980 realPX=585.100 fakePX=559.998 realSPD=25.000 fakeSPD=20.000 realTS=26.980 fakeTS=26.480 lane=4
[ECON-CLAWBACK] CID:8 ACT=WARN prior_payoff=-54.553 extra_penalty=5.500 new_payoff=-60.156
[FORGIVENESS] CID:8 WARN #19 — streak reset, benefits revoked
⚠ [CAR 8] ACT=WARN REP=0.679 RWD=0.000 PNL=5.602 CREDIT=-2
[ATTACK-EMIT] CID:2 activeWindow=YES falsified=YES simT=26.990 realPX=595.350 fakePX=570.104 realSPD=25.000 fakeSPD=20.000 realTS=26.990 fakeTS=26.490 lane=3
[ECON-CLAWBACK] CID:7 ACT=WARN prior_payoff=-72.308 extra_penalty=6.250 new_payoff=-78.660
[FORGIVENESS] CID:7 WARN #22 — streak reset, benefits revoked
⚠ [CAR 7] ACT=WARN REP=0.578 RWD=0.000 PNL=6.352 CREDIT=-2
[PKT-DROP] UAV dropped telemetry from 7.0.0.7 (drop_rate=5%)
[PASSIVE-BEACON] SIMNOW:27.004 CID:2 ZONE:1 RXUAV:1 EDGEPORT:9998 TS:26.490 SPD:20.000 HDG:0.000 PX:570.100 PY:-30.000 LAN:3 BRK:1 RX_X:0.000 RX_Y:0.000 RX_Z:0.000
[ZONE-ROUTE] CID:2 zone=1 edge_port=9998
[EDGE-RTT] CID:2 wall=1.0 ms  sim_delay=5.0 ms
>>> [UAV->CLOUD] BLK:8962|TX:7.0.0.6|CID:2|TS:26.490|SPD:20.0|HDG:0.0|PX:570.1|PY:-30.0|L...
[ATTACK-EMIT] CID:9 activeWindow=YES falsified=YES simT=27.012 realPX=595.900 fakePX=570.750 realSPD=25.000 fakeSPD=20.000 realTS=27.012 fakeTS=26.512 lane=5
[ECON-GATE] CID:2 probation active - suppressing OK reward 0.866
✓ [CAR 2] ACT=OK REP=0.364 RWD=0.000 PNL=0.000 CREDIT=2
[PASSIVE-BEACON] SIMNOW:27.029 CID:9 ZONE:1 RXUAV:1 EDGEPORT:9998 TS:26.512 SPD:20.000 HDG:0.000 PX:570.800 PY:-50.000 LAN:5 BRK:0 RX_X:0.000 RX_Y:0.000 RX_Z:0.000
[ZONE-ROUTE] CID:9 zone=1 edge_port=9998
[EDGE-RTT] CID:9 wall=1.0 ms  sim_delay=5.0 ms
>>> [UAV->CLOUD] BLK:5fae|TX:7.0.0.13|CID:9|TS:26.512|SPD:20.0|HDG:0.0|PX:570.8|PY:-50.0|...
[ECON-GATE] CID:9 probation active - suppressing OK reward 0.9
✓ [CAR 9] ACT=OK REP=0.662 RWD=0.000 PNL=0.000 CREDIT=2
[ATTACK-EMIT] CID:1 activeWindow=YES falsified=YES simT=27.060 realPX=594.100 fakePX=594.100 realSPD=15.000 fakeSPD=20.000 realTS=27.060 fakeTS=27.060 lane=2
[PASSIVE-BEACON] SIMNOW:27.074 CID:1 ZONE:1 RXUAV:1 EDGEPORT:9998 TS:27.060 SPD:20.000 HDG:0.000 PX:594.100 PY:-20.000 LAN:2 BRK:0 RX_X:0.000 RX_Y:0.000 RX_Z:0.000
[ZONE-ROUTE] CID:1 zone=1 edge_port=9998
[EDGE-RTT] CID:1 wall=1.0 ms  sim_delay=5.0 ms
>>> [UAV->CLOUD] BLK:a207|TX:7.0.0.5|CID:1|TS:27.060|SPD:20.0|HDG:0.0|PX:594.1|PY:-20.0|L...
[ECON-GATE] CID:1 probation active - suppressing OK reward 1.0
✓ [CAR 1] ACT=OK REP=0.453 RWD=0.000 PNL=0.000 CREDIT=3
[ATTACK-EMIT] CID:0 activeWindow=YES falsified=YES simT=27.090 realPX=584.550 fakePX=584.550 realSPD=15.000 fakeSPD=20.000 realTS=27.090 fakeTS=27.090 lane=1
[PASSIVE-BEACON] SIMNOW:27.104 CID:0 ZONE:1 RXUAV:1 EDGEPORT:9998 TS:27.090 SPD:20.000 HDG:0.000 PX:584.600 PY:-10.000 LAN:1 BRK:1 RX_X:0.000 RX_Y:0.000 RX_Z:0.000
[ZONE-ROUTE] CID:0 zone=1 edge_port=9998
[EDGE-RTT] CID:0 wall=1.0 ms  sim_delay=10.0 ms
>>> [UAV->CLOUD] BLK:0d41|TX:7.0.0.4|CID:0|TS:27.090|SPD:20.0|HDG:0.0|PX:584.6|PY:-10.0|L...
[ECON-GATE] CID:0 probation active - suppressing OK reward 1.0
✓ [CAR 0] ACT=OK REP=0.515 RWD=0.000 PNL=0.000 CREDIT=6
[PASSIVE-BEACON] SIMNOW:27.276 CID:5 ZONE:2 RXUAV:2 EDGEPORT:9996 TS:27.262 SPD:14.800 HDG:0.700 PX:607.300 PY:-10.000 LAN:1 BRK:0 RX_X:0.000 RX_Y:0.000 RX_Z:0.000
[ZONE-ROUTE] CID:5 zone=1 edge_port=9998
[EDGE-RTT] CID:5 wall=1.0 ms  sim_delay=10.0 ms
>>> [UAV->CLOUD] BLK:792d|TX:7.0.0.9|CID:5|TS:27.262|SPD:14.8|HDG:0.7|PX:607.3|PY:-10.0|L...
[ECON-GATE] CID:5 probation active - suppressing OK reward 1.0
✓ [CAR 5] ACT=OK REP=0.472 RWD=0.000 PNL=0.000 CREDIT=5
[ATTACK-EMIT] CID:4 activeWindow=YES falsified=YES simT=27.310 realPX=583.350 fakePX=583.350 realSPD=25.000 fakeSPD=20.000 realTS=27.310 fakeTS=27.310 lane=5
[ATTACK-EMIT] CID:6 activeWindow=YES falsified=YES simT=27.322 realPX=618.030 fakePX=571.036 realSPD=15.000 fakeSPD=20.000 realTS=27.322 fakeTS=26.822 lane=2
[PASSIVE-BEACON] SIMNOW:27.335 CID:6 ZONE:1 RXUAV:1 EDGEPORT:9998 TS:26.822 SPD:20.000 HDG:0.000 PX:571.000 PY:-20.000 LAN:2 BRK:0 RX_X:0.000 RX_Y:0.000 RX_Z:0.000
[ZONE-ROUTE] CID:6 zone=1 edge_port=9998
[EDGE-RTT] CID:6 wall=1.1 ms  sim_delay=5.0 ms
>>> [UAV->CLOUD] BLK:5f48|TX:7.0.0.10|CID:6|TS:26.822|SPD:20.0|HDG:0.0|PX:571.0|PY:-20.0|...
[ECON-GATE] CID:6 probation active - suppressing OK reward 0.9
✓ [CAR 6] ACT=OK REP=0.626 RWD=0.000 PNL=0.000 CREDIT=4
[PASSIVE-BEACON] SIMNOW:27.476 CID:8 ZONE:2 RXUAV:2 EDGEPORT:9996 TS:27.462 SPD:24.500 HDG:-1.900 PX:617.100 PY:-40.000 LAN:4 BRK:1 RX_X:0.000 RX_Y:0.000 RX_Z:0.000
[ZONE-ROUTE] CID:8 zone=1 edge_port=9998
[EDGE-RTT] CID:8 wall=1.0 ms  sim_delay=5.0 ms
>>> [UAV->CLOUD] BLK:14ce|TX:7.0.0.12|CID:8|TS:27.462|SPD:24.5|HDG:-1.9|PX:617.1|PY:-40.0...
[PASSIVE-BEACON] SIMNOW:27.476 CID:7 ZONE:2 RXUAV:2 EDGEPORT:9996 TS:27.462 SPD:25.500 HDG:-0.800 PX:626.500 PY:-30.000 LAN:3 BRK:0 RX_X:0.000 RX_Y:0.000 RX_Z:0.000
[ZONE-ROUTE] CID:7 zone=1 edge_port=9998
[EDGE-RTT] CID:7 wall=2.4 ms  sim_delay=5.0 ms
>>> [UAV->CLOUD] BLK:0839|TX:7.0.0.11|CID:7|TS:27.462|SPD:25.5|HDG:-0.8|PX:626.5|PY:-30.0...
[ATTACK-EMIT] CID:3 activeWindow=YES falsified=YES simT=27.480 realPX=597.600 fakePX=597.600 realSPD=25.000 fakeSPD=20.000 realTS=27.480 fakeTS=27.480 lane=4
[ATTACK-EMIT] CID:2 activeWindow=YES falsified=YES simT=27.490 realPX=607.850 fakePX=607.850 realSPD=25.000 fakeSPD=20.000 realTS=27.490 fakeTS=27.490 lane=3
[ECON-CLAWBACK] CID:8 ACT=WARN prior_payoff=-60.156 extra_penalty=5.750 new_payoff=-66.005
[FORGIVENESS] CID:8 WARN #20 — streak reset, benefits revoked
⚠ [CAR 8] ACT=WARN REP=0.715 RWD=0.000 PNL=5.849 CREDIT=-2
[ECON-CLAWBACK] CID:7 ACT=WARN prior_payoff=-78.660 extra_penalty=6.500 new_payoff=-85.262
[FORGIVENESS] CID:7 WARN #23 — streak reset, benefits revoked
⚠ [CAR 7] ACT=WARN REP=0.361 RWD=0.000 PNL=6.602 CREDIT=-2
[PASSIVE-BEACON] SIMNOW:27.494 CID:3 ZONE:1 RXUAV:1 EDGEPORT:9998 TS:27.480 SPD:20.000 HDG:0.000 PX:597.600 PY:-40.000 LAN:4 BRK:0 RX_X:0.000 RX_Y:0.000 RX_Z:0.000
[ZONE-ROUTE] CID:3 zone=1 edge_port=9998
[EDGE-RTT] CID:3 wall=1.1 ms  sim_delay=5.0 ms
>>> [UAV->CLOUD] BLK:26c2|TX:7.0.0.7|CID:3|TS:27.480|SPD:20.0|HDG:0.0|PX:597.6|PY:-40.0|L...
[PASSIVE-BEACON] SIMNOW:27.504 CID:2 ZONE:2 RXUAV:2 EDGEPORT:9996 TS:27.490 SPD:20.000 HDG:0.000 PX:607.900 PY:-30.000 LAN:3 BRK:1 RX_X:0.000 RX_Y:0.000 RX_Z:0.000
[ZONE-ROUTE] CID:2 zone=1 edge_port=9998
[EDGE-RTT] CID:2 wall=0.6 ms  sim_delay=5.0 ms
>>> [UAV->CLOUD] BLK:6440|TX:7.0.0.6|CID:2|TS:27.490|SPD:20.0|HDG:0.0|PX:607.9|PY:-30.0|L...
[ECON-GATE] CID:3 probation active - suppressing OK reward 1.0
✓ [CAR 3] ACT=OK REP=0.676 RWD=0.000 PNL=0.000 CREDIT=1
[ATTACK-EMIT] CID:9 activeWindow=YES falsified=YES simT=27.512 realPX=608.400 fakePX=608.400 realSPD=25.000 fakeSPD=20.000 realTS=27.512 fakeTS=27.512 lane=5
[ECON-GATE] CID:2 probation active - suppressing OK reward 1.000
✓ [CAR 2] ACT=OK REP=0.360 RWD=0.000 PNL=0.000 CREDIT=3
[PASSIVE-BEACON] SIMNOW:27.529 CID:9 ZONE:2 RXUAV:2 EDGEPORT:9996 TS:27.512 SPD:20.000 HDG:0.000 PX:608.400 PY:-50.000 LAN:5 BRK:1 RX_X:0.000 RX_Y:0.000 RX_Z:0.000
[ZONE-ROUTE] CID:9 zone=1 edge_port=9998
[EDGE-RTT] CID:9 wall=0.9 ms  sim_delay=5.0 ms
>>> [UAV->CLOUD] BLK:fec1|TX:7.0.0.13|CID:9|TS:27.512|SPD:20.0|HDG:0.0|PX:608.4|PY:-50.0|...
[ECON-GATE] CID:9 probation active - suppressing OK reward 1.0
✓ [CAR 9] ACT=OK REP=0.937 RWD=0.000 PNL=0.000 CREDIT=3
[ATTACK-EMIT] CID:1 activeWindow=YES falsified=YES simT=27.560 realPX=601.600 fakePX=601.600 realSPD=15.000 fakeSPD=20.000 realTS=27.560 fakeTS=27.560 lane=2
[PKT-DROP] UAV dropped telemetry from 7.0.0.5 (drop_rate=5%)
[ATTACK-EMIT] CID:0 activeWindow=YES falsified=YES simT=27.590 realPX=592.050 fakePX=592.050 realSPD=15.000 fakeSPD=20.000 realTS=27.590 fakeTS=27.590 lane=1
[PASSIVE-BEACON] SIMNOW:27.603 CID:0 ZONE:1 RXUAV:1 EDGEPORT:9998 TS:27.590 SPD:20.000 HDG:0.000 PX:592.100 PY:-10.000 LAN:1 BRK:0 RX_X:0.000 RX_Y:0.000 RX_Z:0.000
[ZONE-ROUTE] CID:0 zone=1 edge_port=9998
[EDGE-RTT] CID:0 wall=1.1 ms  sim_delay=10.0 ms
>>> [UAV->CLOUD] BLK:dd83|TX:7.0.0.4|CID:0|TS:27.590|SPD:20.0|HDG:0.0|PX:592.1|PY:-10.0|L...
[ECON-GATE] CID:0 probation active - suppressing OK reward 1.0
✓ [CAR 0] ACT=OK REP=0.605 RWD=0.000 PNL=0.000 CREDIT=7
[PASSIVE-BEACON] SIMNOW:27.776 CID:5 ZONE:2 RXUAV:2 EDGEPORT:9996 TS:27.762 SPD:15.200 HDG:-1.400 PX:614.300 PY:-10.000 LAN:1 BRK:0 RX_X:0.000 RX_Y:0.000 RX_Z:0.000
[ZONE-ROUTE] CID:5 zone=1 edge_port=9998
[EDGE-RTT] CID:5 wall=0.8 ms  sim_delay=10.0 ms
>>> [UAV->CLOUD] BLK:06b5|TX:7.0.0.9|CID:5|TS:27.762|SPD:15.2|HDG:-1.4|PX:614.3|PY:-10.0|...
[ECON-GATE] CID:5 probation active - suppressing OK reward 1.0
✓ [CAR 5] ACT=OK REP=0.124 RWD=0.000 PNL=0.000 CREDIT=6
[ATTACK-EMIT] CID:4 activeWindow=YES falsified=YES simT=27.810 realPX=595.850 fakePX=570.712 realSPD=25.000 fakeSPD=22.000 realTS=27.810 fakeTS=27.310 lane=5
[ATTACK-EMIT] CID:6 activeWindow=YES falsified=YES simT=27.822 realPX=625.530 fakePX=625.530 realSPD=15.000 fakeSPD=20.000 realTS=27.822 fakeTS=27.822 lane=2
[PASSIVE-BEACON] SIMNOW:27.839 CID:6 ZONE:2 RXUAV:2 EDGEPORT:9996 TS:27.822 SPD:20.000 HDG:0.000 PX:625.500 PY:-20.000 LAN:2 BRK:0 RX_X:0.000 RX_Y:0.000 RX_Z:0.000
[ZONE-ROUTE] CID:6 zone=1 edge_port=9998
[EDGE-RTT] CID:6 wall=0.9 ms  sim_delay=5.0 ms
>>> [UAV->CLOUD] BLK:9c24|TX:7.0.0.10|CID:6|TS:27.822|SPD:20.0|HDG:0.0|PX:625.5|PY:-20.0|...
[ECON-GATE] CID:6 probation active - suppressing OK reward 1.0
✓ [CAR 6] ACT=OK REP=0.570 RWD=0.000 PNL=0.000 CREDIT=5
[PASSIVE-BEACON] SIMNOW:27.976 CID:8 ZONE:2 RXUAV:2 EDGEPORT:9996 TS:27.962 SPD:25.300 HDG:1.300 PX:630.100 PY:-40.000 LAN:4 BRK:0 RX_X:0.000 RX_Y:0.000 RX_Z:0.000
[ZONE-ROUTE] CID:8 zone=1 edge_port=9998
[EDGE-RTT] CID:8 wall=0.8 ms  sim_delay=5.0 ms
>>> [UAV->CLOUD] BLK:092e|TX:7.0.0.12|CID:8|TS:27.962|SPD:25.3|HDG:1.3|PX:630.1|PY:-40.0|...
[PASSIVE-BEACON] SIMNOW:27.976 CID:7 ZONE:2 RXUAV:2 EDGEPORT:9996 TS:27.962 SPD:15.200 HDG:1.500 PX:637.800 PY:-30.000 LAN:3 BRK:0 RX_X:0.000 RX_Y:0.000 RX_Z:0.000
[ZONE-ROUTE] CID:7 zone=1 edge_port=9998
[EDGE-RTT] CID:7 wall=1.5 ms  sim_delay=5.0 ms
>>> [UAV->CLOUD] BLK:8d80|TX:7.0.0.11|CID:7|TS:27.962|SPD:15.2|HDG:1.5|PX:637.8|PY:-30.0|...
[ATTACK-EMIT] CID:3 activeWindow=YES falsified=YES simT=27.980 realPX=610.100 fakePX=610.100 realSPD=25.000 fakeSPD=20.000 realTS=27.980 fakeTS=27.980 lane=4
[ATTACK-EMIT] CID:2 activeWindow=YES falsified=YES simT=27.990 realPX=618.050 fakePX=618.050 realSPD=15.000 fakeSPD=20.000 realTS=27.990 fakeTS=27.990 lane=3
[ECON-GATE] CID:7 probation active - suppressing OK reward 0.988
✓ [CAR 7] ACT=OK REP=0.235 RWD=0.000 PNL=0.000 CREDIT=0
[ECON-CLAWBACK] CID:8 ACT=WARN prior_payoff=-66.005 extra_penalty=6.000 new_payoff=-72.107
[FORGIVENESS] CID:8 WARN #21 — streak reset, benefits revoked
⚠ [CAR 8] ACT=WARN REP=0.544 RWD=0.000 PNL=6.102 CREDIT=-2
[PASSIVE-BEACON] SIMNOW:27.994 CID:3 ZONE:2 RXUAV:2 EDGEPORT:9996 TS:27.980 SPD:20.000 HDG:0.000 PX:610.100 PY:-40.000 LAN:4 BRK:0 RX_X:0.000 RX_Y:0.000 RX_Z:0.000
[ZONE-ROUTE] CID:3 zone=1 edge_port=9998
[EDGE-RTT] CID:3 wall=0.8 ms  sim_delay=5.0 ms
>>> [UAV->CLOUD] BLK:1079|TX:7.0.0.7|CID:3|TS:27.980|SPD:20.0|HDG:0.0|PX:610.1|PY:-40.0|L...
[PKT-DROP] UAV dropped telemetry from 7.0.0.6 (drop_rate=5%)
[ECON-GATE] CID:3 probation active - suppressing OK reward 1.0
✓ [CAR 3] ACT=OK REP=0.782 RWD=0.000 PNL=0.000 CREDIT=2
[ATTACK-EMIT] CID:9 activeWindow=YES falsified=YES simT=28.012 realPX=620.900 fakePX=620.900 realSPD=25.000 fakeSPD=20.000 realTS=28.012 fakeTS=28.012 lane=5
[PASSIVE-BEACON] SIMNOW:28.026 CID:9 ZONE:2 RXUAV:2 EDGEPORT:9996 TS:28.012 SPD:20.000 HDG:0.000 PX:620.900 PY:-50.000 LAN:5 BRK:0 RX_X:0.000 RX_Y:0.000 RX_Z:0.000
[ZONE-ROUTE] CID:9 zone=1 edge_port=9998
[EDGE-RTT] CID:9 wall=0.9 ms  sim_delay=5.0 ms
>>> [UAV->CLOUD] BLK:cd0b|TX:7.0.0.13|CID:9|TS:28.012|SPD:20.0|HDG:0.0|PX:620.9|PY:-50.0|...
[ECON-GATE] CID:9 probation active - suppressing OK reward 1.0
✓ [CAR 9] ACT=OK REP=0.708 RWD=0.000 PNL=0.000 CREDIT=4
[ATTACK-EMIT] CID:1 activeWindow=YES falsified=YES simT=28.060 realPX=609.100 fakePX=569.498 realSPD=15.000 fakeSPD=20.000 realTS=28.060 fakeTS=27.560 lane=2
[PKT-DROP] UAV dropped telemetry from 7.0.0.5 (drop_rate=5%)
[ATTACK-EMIT] CID:0 activeWindow=YES falsified=YES simT=28.090 realPX=599.550 fakePX=562.296 realSPD=15.000 fakeSPD=20.000 realTS=28.090 fakeTS=27.590 lane=1
[PASSIVE-BEACON] SIMNOW:28.104 CID:0 ZONE:1 RXUAV:1 EDGEPORT:9998 TS:27.590 SPD:20.000 HDG:0.000 PX:562.300 PY:-10.000 LAN:1 BRK:0 RX_X:0.000 RX_Y:0.000 RX_Z:0.000
[ZONE-ROUTE] CID:0 zone=1 edge_port=9998
[EDGE-RTT] CID:0 wall=1.1 ms  sim_delay=10.0 ms
>>> [UAV->CLOUD] BLK:d418|TX:7.0.0.4|CID:0|TS:27.590|SPD:20.0|HDG:0.0|PX:562.3|PY:-10.0|L...
[ECON-CLAWBACK] CID:0 ACT=WARN prior_payoff=-85.8 extra_penalty=6.8 new_payoff=-92.6
[FORGIVENESS] CID:0 WARN #24 — streak reset, benefits revoked
⚠ [CAR 0] ACT=WARN REP=0.365 RWD=0.000 PNL=6.836 CREDIT=6
[PASSIVE-BEACON] SIMNOW:28.275 CID:5 ZONE:2 RXUAV:2 EDGEPORT:9996 TS:28.262 SPD:14.700 HDG:1.200 PX:621.900 PY:-10.000 LAN:1 BRK:0 RX_X:0.000 RX_Y:0.000 RX_Z:0.000
[ZONE-ROUTE] CID:5 zone=1 edge_port=9998
[EDGE-RTT] CID:5 wall=1.1 ms  sim_delay=10.0 ms
>>> [UAV->CLOUD] BLK:aaea|TX:7.0.0.9|CID:5|TS:28.262|SPD:14.7|HDG:1.2|PX:621.9|PY:-10.0|L...
[ECON-GATE] CID:5 probation active - suppressing OK reward 1.0
✓ [CAR 5] ACT=OK REP=0.751 RWD=0.000 PNL=0.000 CREDIT=7
[ATTACK-EMIT] CID:4 activeWindow=YES falsified=YES simT=28.310 realPX=608.350 fakePX=608.350 realSPD=25.000 fakeSPD=20.000 realTS=28.310 fakeTS=28.310 lane=5
[ATTACK-EMIT] CID:6 activeWindow=YES falsified=YES simT=28.322 realPX=633.030 fakePX=633.030 realSPD=15.000 fakeSPD=20.000 realTS=28.322 fakeTS=28.322 lane=2
[PASSIVE-BEACON] SIMNOW:28.336 CID:6 ZONE:2 RXUAV:2 EDGEPORT:9996 TS:28.322 SPD:20.000 HDG:0.000 PX:633.000 PY:-20.000 LAN:2 BRK:0 RX_X:0.000 RX_Y:0.000 RX_Z:0.000
[ZONE-ROUTE] CID:6 zone=1 edge_port=9998
[EDGE-RTT] CID:6 wall=1.1 ms  sim_delay=5.0 ms
>>> [UAV->CLOUD] BLK:0f14|TX:7.0.0.10|CID:6|TS:28.322|SPD:20.0|HDG:0.0|PX:633.0|PY:-20.0|...
[ECON-GATE] CID:6 probation active - suppressing OK reward 1.0
✓ [CAR 6] ACT=OK REP=0.405 RWD=0.000 PNL=0.000 CREDIT=6
[PASSIVE-BEACON] SIMNOW:28.476 CID:8 ZONE:2 RXUAV:2 EDGEPORT:9996 TS:28.462 SPD:25.100 HDG:-0.200 PX:641.400 PY:-40.000 LAN:4 BRK:0 RX_X:0.000 RX_Y:0.000 RX_Z:0.000
[ZONE-ROUTE] CID:8 zone=1 edge_port=9998
[EDGE-RTT] CID:8 wall=1.0 ms  sim_delay=5.0 ms
>>> [UAV->CLOUD] BLK:9318|TX:7.0.0.12|CID:8|TS:28.462|SPD:25.1|HDG:-0.2|PX:641.4|PY:-40.0...
[PASSIVE-BEACON] SIMNOW:28.476 CID:7 ZONE:2 RXUAV:2 EDGEPORT:9996 TS:28.462 SPD:14.700 HDG:-1.600 PX:645.100 PY:-30.000 LAN:3 BRK:1 RX_X:0.000 RX_Y:0.000 RX_Z:0.000
[ZONE-ROUTE] CID:7 zone=1 edge_port=9998
[EDGE-RTT] CID:7 wall=1.9 ms  sim_delay=5.0 ms
>>> [UAV->CLOUD] BLK:e8ae|TX:7.0.0.11|CID:7|TS:28.462|SPD:14.7|HDG:-1.6|PX:645.1|PY:-30.0...
[ATTACK-EMIT] CID:3 activeWindow=YES falsified=YES simT=28.480 realPX=622.600 fakePX=560.298 realSPD=25.000 fakeSPD=20.000 realTS=28.480 fakeTS=27.980 lane=4
[ATTACK-EMIT] CID:2 activeWindow=YES falsified=YES simT=28.490 realPX=625.550 fakePX=570.398 realSPD=15.000 fakeSPD=20.000 realTS=28.490 fakeTS=27.990 lane=3
[ECON-GATE] CID:7 probation active - suppressing OK reward 1.000
✓ [CAR 7] ACT=OK REP=0.377 RWD=0.000 PNL=0.000 CREDIT=1
[ECON-CLAWBACK] CID:8 ACT=WARN prior_payoff=-72.107 extra_penalty=6.250 new_payoff=-78.459
[FORGIVENESS] CID:8 WARN #22 — streak reset, benefits revoked
⚠ [CAR 8] ACT=WARN REP=0.525 RWD=0.000 PNL=6.352 CREDIT=-2
[PASSIVE-BEACON] SIMNOW:28.494 CID:3 ZONE:1 RXUAV:1 EDGEPORT:9998 TS:27.980 SPD:20.000 HDG:0.000 PX:560.300 PY:-40.000 LAN:4 BRK:0 RX_X:0.000 RX_Y:0.000 RX_Z:0.000
[ZONE-ROUTE] CID:3 zone=1 edge_port=9998
[EDGE-RTT] CID:3 wall=1.0 ms  sim_delay=5.0 ms
>>> [UAV->CLOUD] BLK:01bf|TX:7.0.0.7|CID:3|TS:27.980|SPD:20.0|HDG:0.0|PX:560.3|PY:-40.0|L...
[PASSIVE-BEACON] SIMNOW:28.504 CID:2 ZONE:1 RXUAV:1 EDGEPORT:9998 TS:27.990 SPD:20.000 HDG:0.000 PX:570.400 PY:-30.000 LAN:3 BRK:1 RX_X:0.000 RX_Y:0.000 RX_Z:0.000
[ZONE-ROUTE] CID:2 zone=1 edge_port=9998
[EDGE-RTT] CID:2 wall=0.6 ms  sim_delay=5.0 ms
>>> [UAV->CLOUD] BLK:5414|TX:7.0.0.6|CID:2|TS:27.990|SPD:20.0|HDG:0.0|PX:570.4|PY:-30.0|L...
[ECON-GATE] CID:3 probation active - suppressing OK reward 0.9
✓ [CAR 3] ACT=OK REP=0.747 RWD=0.000 PNL=0.000 CREDIT=3
[ATTACK-EMIT] CID:9 activeWindow=YES falsified=YES simT=28.512 realPX=633.400 fakePX=570.828 realSPD=25.000 fakeSPD=20.000 realTS=28.512 fakeTS=28.012 lane=5
[ECON-CLAWBACK] CID:2 ACT=WARN prior_payoff=-66.247 extra_penalty=6.000 new_payoff=-72.327
[FORGIVENESS] CID:2 WARN #21 — streak reset, benefits revoked
⚠ [CAR 2] ACT=WARN REP=0.921 RWD=0.000 PNL=6.080 CREDIT=2
[PASSIVE-BEACON] SIMNOW:28.526 CID:9 ZONE:1 RXUAV:1 EDGEPORT:9998 TS:28.012 SPD:20.000 HDG:0.000 PX:570.800 PY:-50.000 LAN:5 BRK:0 RX_X:0.000 RX_Y:0.000 RX_Z:0.000
[ZONE-ROUTE] CID:9 zone=1 edge_port=9998
[EDGE-RTT] CID:9 wall=1.1 ms  sim_delay=5.0 ms
>>> [UAV->CLOUD] BLK:21f7|TX:7.0.0.13|CID:9|TS:28.012|SPD:20.0|HDG:0.0|PX:570.8|PY:-50.0|...
[ECON-CLAWBACK] CID:9 ACT=WARN prior_payoff=-26.0 extra_penalty=4.0 new_payoff=-30.1
[FORGIVENESS] CID:9 WARN #13 — streak reset, benefits revoked
⚠ [CAR 9] ACT=WARN REP=0.620 RWD=0.000 PNL=4.081 CREDIT=3
[ATTACK-EMIT] CID:1 activeWindow=YES falsified=YES simT=28.560 realPX=616.600 fakePX=616.600 realSPD=15.000 fakeSPD=20.000 realTS=28.560 fakeTS=28.560 lane=2
[PASSIVE-BEACON] SIMNOW:28.574 CID:1 ZONE:2 RXUAV:2 EDGEPORT:9996 TS:28.560 SPD:20.000 HDG:0.000 PX:616.600 PY:-20.000 LAN:2 BRK:0 RX_X:0.000 RX_Y:0.000 RX_Z:0.000
[ZONE-ROUTE] CID:1 zone=1 edge_port=9998
[EDGE-RTT] CID:1 wall=1.0 ms  sim_delay=5.0 ms
>>> [UAV->CLOUD] BLK:2989|TX:7.0.0.5|CID:1|TS:28.560|SPD:20.0|HDG:0.0|PX:616.6|PY:-20.0|L...
[ECON-GATE] CID:1 probation active - suppressing OK reward 1.0
✓ [CAR 1] ACT=OK REP=0.570 RWD=0.000 PNL=0.000 CREDIT=4
[ATTACK-EMIT] CID:0 activeWindow=YES falsified=YES simT=28.590 realPX=607.050 fakePX=607.050 realSPD=15.000 fakeSPD=20.000 realTS=28.590 fakeTS=28.590 lane=1
[PKT-DROP] UAV dropped telemetry from 7.0.0.4 (drop_rate=5%)
[PASSIVE-BEACON] SIMNOW:28.776 CID:5 ZONE:2 RXUAV:2 EDGEPORT:9996 TS:28.762 SPD:15.400 HDG:-1.900 PX:629.300 PY:-10.000 LAN:1 BRK:0 RX_X:0.000 RX_Y:0.000 RX_Z:0.000
[ZONE-ROUTE] CID:5 zone=1 edge_port=9998
[EDGE-RTT] CID:5 wall=1.1 ms  sim_delay=10.0 ms
>>> [UAV->CLOUD] BLK:7e99|TX:7.0.0.9|CID:5|TS:28.762|SPD:15.4|HDG:-1.9|PX:629.3|PY:-10.0|...
[ECON-GATE] CID:5 probation active - suppressing OK reward 1.0
✓ [CAR 5] ACT=OK REP=0.560 RWD=0.000 PNL=0.000 CREDIT=8
[ATTACK-EMIT] CID:4 activeWindow=YES falsified=YES simT=28.810 realPX=620.850 fakePX=620.850 realSPD=25.000 fakeSPD=20.000 realTS=28.810 fakeTS=28.810 lane=5
[ATTACK-EMIT] CID:6 activeWindow=YES falsified=YES simT=28.822 realPX=640.530 fakePX=571.438 realSPD=15.000 fakeSPD=20.000 realTS=28.822 fakeTS=28.322 lane=2
[PASSIVE-BEACON] SIMNOW:28.835 CID:6 ZONE:1 RXUAV:1 EDGEPORT:9998 TS:28.322 SPD:20.000 HDG:0.000 PX:571.400 PY:-20.000 LAN:2 BRK:0 RX_X:0.000 RX_Y:0.000 RX_Z:0.000
[ZONE-ROUTE] CID:6 zone=1 edge_port=9998
[EDGE-RTT] CID:6 wall=0.9 ms  sim_delay=5.0 ms
[NASH-GATE] CID:6 p=0.3 p*=0.3 EDGE=BAN nashConfirms=N windowConfirms=N obs=49/15 p_car=0.483 -> WARN (insufficient evidence)
[ECON-CLAWBACK] CID:6 ACT=WARN prior_payoff=-60.598 extra_penalty=5.750 new_payoff=-66.517
[FORGIVENESS] CID:6 WARN #20 — streak reset, benefits revoked
⚠ [CAR 6] ACT=WARN REP=0.868 RWD=0.000 PNL=5.919 CREDIT=5
[PASSIVE-BEACON] SIMNOW:28.976 CID:8 ZONE:2 RXUAV:2 EDGEPORT:9996 TS:28.962 SPD:25.200 HDG:0.800 PX:655.100 PY:-40.000 LAN:4 BRK:0 RX_X:0.000 RX_Y:0.000 RX_Z:0.000
[ZONE-ROUTE] CID:8 zone=1 edge_port=9998
[EDGE-RTT] CID:8 wall=1.1 ms  sim_delay=5.0 ms
>>> [UAV->CLOUD] BLK:9b2b|TX:7.0.0.12|CID:8|TS:28.962|SPD:25.2|HDG:0.8|PX:655.1|PY:-40.0|...
[PASSIVE-BEACON] SIMNOW:28.976 CID:7 ZONE:2 RXUAV:2 EDGEPORT:9996 TS:28.962 SPD:15.500 HDG:1.000 PX:653.200 PY:-30.000 LAN:3 BRK:0 RX_X:0.000 RX_Y:0.000 RX_Z:0.000
[ZONE-ROUTE] CID:7 zone=1 edge_port=9998
[EDGE-RTT] CID:7 wall=2.6 ms  sim_delay=5.0 ms
>>> [UAV->CLOUD] BLK:b39c|TX:7.0.0.11|CID:7|TS:28.962|SPD:15.5|HDG:1.0|PX:653.2|PY:-30.0|...
[ATTACK-EMIT] CID:3 activeWindow=YES falsified=YES simT=28.980 realPX=635.100 fakePX=635.100 realSPD=25.000 fakeSPD=20.000 realTS=28.980 fakeTS=28.980 lane=4
[ATTACK-EMIT] CID:2 activeWindow=YES falsified=YES simT=28.990 realPX=633.050 fakePX=633.050 realSPD=15.000 fakeSPD=20.000 realTS=28.990 fakeTS=28.990 lane=3
[ECON-CLAWBACK] CID:8 ACT=WARN prior_payoff=-78.459 extra_penalty=6.500 new_payoff=-85.061
[FORGIVENESS] CID:8 WARN #23 — streak reset, benefits revoked
⚠ [CAR 8] ACT=WARN REP=0.301 RWD=0.000 PNL=6.602 CREDIT=-2
[ECON-GATE] CID:7 probation active - suppressing OK reward 1.000
✓ [CAR 7] ACT=OK REP=0.504 RWD=0.000 PNL=0.000 CREDIT=2
[PASSIVE-BEACON] SIMNOW:28.992 CID:3 ZONE:2 RXUAV:2 EDGEPORT:9996 TS:28.980 SPD:20.000 HDG:0.000 PX:635.100 PY:-40.000 LAN:4 BRK:0 RX_X:0.000 RX_Y:0.000 RX_Z:0.000
[ZONE-ROUTE] CID:3 zone=1 edge_port=9998
[EDGE-RTT] CID:3 wall=1.0 ms  sim_delay=5.0 ms
>>> [UAV->CLOUD] BLK:aae1|TX:7.0.0.7|CID:3|TS:28.980|SPD:20.0|HDG:0.0|PX:635.1|PY:-40.0|L...
[PASSIVE-BEACON] SIMNOW:29.004 CID:2 ZONE:2 RXUAV:2 EDGEPORT:9996 TS:28.990 SPD:20.000 HDG:0.000 PX:633.100 PY:-30.000 LAN:3 BRK:0 RX_X:0.000 RX_Y:0.000 RX_Z:0.000
[ZONE-ROUTE] CID:2 zone=1 edge_port=9998
[EDGE-RTT] CID:2 wall=0.9 ms  sim_delay=5.0 ms
>>> [UAV->CLOUD] BLK:f1ae|TX:7.0.0.6|CID:2|TS:28.990|SPD:20.0|HDG:0.0|PX:633.1|PY:-30.0|L...
[ECON-GATE] CID:3 probation active - suppressing OK reward 1.0
✓ [CAR 3] ACT=OK REP=0.629 RWD=0.000 PNL=0.000 CREDIT=4
[ATTACK-EMIT] CID:9 activeWindow=YES falsified=YES simT=29.012 realPX=645.900 fakePX=645.900 realSPD=25.000 fakeSPD=20.000 realTS=29.012 fakeTS=29.012 lane=5
[ECON-GATE] CID:2 probation active - suppressing OK reward 0.960
✓ [CAR 2] ACT=OK REP=0.235 RWD=0.000 PNL=0.000 CREDIT=0
[PASSIVE-BEACON] SIMNOW:29.026 CID:9 ZONE:2 RXUAV:2 EDGEPORT:9996 TS:29.012 SPD:20.000 HDG:0.000 PX:645.900 PY:-50.000 LAN:5 BRK:1 RX_X:0.000 RX_Y:0.000 RX_Z:0.000
[ZONE-ROUTE] CID:9 zone=1 edge_port=9998
[EDGE-RTT] CID:9 wall=1.2 ms  sim_delay=5.0 ms
>>> [UAV->CLOUD] BLK:831c|TX:7.0.0.13|CID:9|TS:29.012|SPD:20.0|HDG:0.0|PX:645.9|PY:-50.0|...
[ECON-GATE] CID:9 probation active - suppressing OK reward 1.0
✓ [CAR 9] ACT=OK REP=0.839 RWD=0.000 PNL=0.000 CREDIT=0
[ATTACK-EMIT] CID:1 activeWindow=YES falsified=YES simT=29.060 realPX=624.100 fakePX=624.100 realSPD=15.000 fakeSPD=20.000 realTS=29.060 fakeTS=29.060 lane=2
[PASSIVE-BEACON] SIMNOW:29.074 CID:1 ZONE:2 RXUAV:2 EDGEPORT:9996 TS:29.060 SPD:20.000 HDG:0.000 PX:624.100 PY:-20.000 LAN:2 BRK:0 RX_X:0.000 RX_Y:0.000 RX_Z:0.000
[ZONE-ROUTE] CID:1 zone=1 edge_port=9998
[EDGE-RTT] CID:1 wall=1.2 ms  sim_delay=5.0 ms
>>> [UAV->CLOUD] BLK:9a24|TX:7.0.0.5|CID:1|TS:29.060|SPD:20.0|HDG:0.0|PX:624.1|PY:-20.0|L...
[ECON-GATE] CID:1 probation active - suppressing OK reward 1.0
✓ [CAR 1] ACT=OK REP=0.456 RWD=0.000 PNL=0.000 CREDIT=5
[ATTACK-EMIT] CID:0 activeWindow=YES falsified=YES simT=29.090 realPX=614.550 fakePX=614.550 realSPD=15.000 fakeSPD=20.000 realTS=29.090 fakeTS=29.090 lane=1
[PASSIVE-BEACON] SIMNOW:29.107 CID:0 ZONE:2 RXUAV:2 EDGEPORT:9996 TS:29.090 SPD:20.000 HDG:0.000 PX:614.600 PY:-10.000 LAN:1 BRK:0 RX_X:0.000 RX_Y:0.000 RX_Z:0.000
[ZONE-ROUTE] CID:0 zone=1 edge_port=9998
[EDGE-RTT] CID:0 wall=1.1 ms  sim_delay=10.0 ms
>>> [UAV->CLOUD] BLK:b5b0|TX:7.0.0.4|CID:0|TS:29.090|SPD:20.0|HDG:0.0|PX:614.6|PY:-10.0|L...
[ECON-GATE] CID:0 probation active - suppressing OK reward 1.0
✓ [CAR 0] ACT=OK REP=0.595 RWD=0.000 PNL=0.000 CREDIT=0
[PASSIVE-BEACON] SIMNOW:29.276 CID:5 ZONE:2 RXUAV:2 EDGEPORT:9996 TS:29.262 SPD:14.900 HDG:1.200 PX:636.800 PY:-10.000 LAN:1 BRK:0 RX_X:0.000 RX_Y:0.000 RX_Z:0.000
[ZONE-ROUTE] CID:5 zone=1 edge_port=9998
[EDGE-RTT] CID:5 wall=0.9 ms  sim_delay=10.0 ms
>>> [UAV->CLOUD] BLK:fd8a|TX:7.0.0.9|CID:5|TS:29.262|SPD:14.9|HDG:1.2|PX:636.8|PY:-10.0|L...
[ECON-GATE] CID:5 probation active - suppressing OK reward 1.0
✓ [CAR 5] ACT=OK REP=0.380 RWD=0.000 PNL=0.000 CREDIT=9
[ATTACK-EMIT] CID:4 activeWindow=YES falsified=YES simT=29.310 realPX=633.350 fakePX=570.826 realSPD=25.000 fakeSPD=22.000 realTS=29.310 fakeTS=28.810 lane=5
[ATTACK-EMIT] CID:6 activeWindow=YES falsified=YES simT=29.322 realPX=648.030 fakePX=648.030 realSPD=15.000 fakeSPD=20.000 realTS=29.322 fakeTS=29.322 lane=2
[PASSIVE-BEACON] SIMNOW:29.339 CID:6 ZONE:2 RXUAV:2 EDGEPORT:9996 TS:29.322 SPD:20.000 HDG:0.000 PX:648.000 PY:-20.000 LAN:2 BRK:1 RX_X:0.000 RX_Y:0.000 RX_Z:0.000
[ZONE-ROUTE] CID:6 zone=1 edge_port=9998
[EDGE-RTT] CID:6 wall=0.8 ms  sim_delay=5.0 ms
[NASH-GATE] CID:6 p=1.000 p*=0.322 rho_hat=0.401 streak=2 windowHits=2/4 EU_ban=1.500 -> CONFIRMED BAN (SLOW_LANE punishment sent)
[ECON-CLAWBACK] CID:6 ACT=BAN prior_payoff=-66.517 extra_penalty=5.000 new_payoff=-72.017
[FORGIVENESS] CID:6 BAN#1 excused (first confirmed offence) honest_wins=0 (preserved)
[BAN-PUNISH] CID:6 SLOW_LANE EXILE → LAN=99 speed=20.000 m/s  return_threshold=60
✗ [CAR 6] ACT=BAN REP=0.472 RWD=0.000 PNL=5.500 CREDIT=-3
[PASSIVE-BEACON] SIMNOW:29.476 CID:8 ZONE:2 RXUAV:2 EDGEPORT:9996 TS:29.462 SPD:24.700 HDG:-1.200 PX:667.000 PY:-40.000 LAN:4 BRK:0 RX_X:0.000 RX_Y:0.000 RX_Z:0.000
[ZONE-ROUTE] CID:8 zone=1 edge_port=9998
[EDGE-RTT] CID:8 wall=1.0 ms  sim_delay=5.0 ms
>>> [UAV->CLOUD] BLK:8b98|TX:7.0.0.12|CID:8|TS:29.462|SPD:24.7|HDG:-1.2|PX:667.0|PY:-40.0...
[PASSIVE-BEACON] SIMNOW:29.476 CID:7 ZONE:2 RXUAV:2 EDGEPORT:9996 TS:29.462 SPD:15.400 HDG:-0.600 PX:659.800 PY:-30.000 LAN:3 BRK:0 RX_X:0.000 RX_Y:0.000 RX_Z:0.000
[ZONE-ROUTE] CID:7 zone=1 edge_port=9998
[EDGE-RTT] CID:7 wall=2.4 ms  sim_delay=5.0 ms
>>> [UAV->CLOUD] BLK:d8c1|TX:7.0.0.11|CID:7|TS:29.462|SPD:15.4|HDG:-0.6|PX:659.8|PY:-30.0...
[ATTACK-EMIT] CID:3 activeWindow=YES falsified=YES simT=29.480 realPX=647.600 fakePX=647.600 realSPD=25.000 fakeSPD=20.000 realTS=29.480 fakeTS=29.480 lane=4
[ATTACK-EMIT] CID:2 activeWindow=YES falsified=YES simT=29.490 realPX=640.550 fakePX=640.550 realSPD=15.000 fakeSPD=20.000 realTS=29.490 fakeTS=29.490 lane=3
[ECON-CLAWBACK] CID:8 ACT=WARN prior_payoff=-85.061 extra_penalty=6.750 new_payoff=-91.911
[FORGIVENESS] CID:8 WARN #24 — streak reset, benefits revoked
⚠ [CAR 8] ACT=WARN REP=0.552 RWD=0.000 PNL=6.850 CREDIT=-2
[ECON-GATE] CID:7 probation active - suppressing OK reward 1.000
✓ [CAR 7] ACT=OK REP=0.485 RWD=0.000 PNL=0.000 CREDIT=3
[PASSIVE-BEACON] SIMNOW:29.494 CID:3 ZONE:2 RXUAV:2 EDGEPORT:9996 TS:29.480 SPD:20.000 HDG:0.000 PX:647.600 PY:-40.000 LAN:4 BRK:0 RX_X:0.000 RX_Y:0.000 RX_Z:0.000
[ZONE-ROUTE] CID:3 zone=1 edge_port=9998
[EDGE-RTT] CID:3 wall=0.9 ms  sim_delay=5.0 ms
>>> [UAV->CLOUD] BLK:545b|TX:7.0.0.7|CID:3|TS:29.480|SPD:20.0|HDG:0.0|PX:647.6|PY:-40.0|L...
[PASSIVE-BEACON] SIMNOW:29.504 CID:2 ZONE:2 RXUAV:2 EDGEPORT:9996 TS:29.490 SPD:20.000 HDG:0.000 PX:640.600 PY:-30.000 LAN:3 BRK:0 RX_X:0.000 RX_Y:0.000 RX_Z:0.000
[ZONE-ROUTE] CID:2 zone=1 edge_port=9998
[EDGE-RTT] CID:2 wall=0.8 ms  sim_delay=5.0 ms
>>> [UAV->CLOUD] BLK:88e6|TX:7.0.0.6|CID:2|TS:29.490|SPD:20.0|HDG:0.0|PX:640.6|PY:-30.0|L...
[ECON-GATE] CID:3 probation active - suppressing OK reward 1.0
✓ [CAR 3] ACT=OK REP=0.646 RWD=0.000 PNL=0.000 CREDIT=5
[ATTACK-EMIT] CID:9 activeWindow=YES falsified=YES simT=29.512 realPX=658.400 fakePX=658.400 realSPD=25.000 fakeSPD=20.000 realTS=29.512 fakeTS=29.512 lane=5
[ECON-GATE] CID:2 probation active - suppressing OK reward 0.965
✓ [CAR 2] ACT=OK REP=0.364 RWD=0.000 PNL=0.000 CREDIT=1
[PASSIVE-BEACON] SIMNOW:29.526 CID:9 ZONE:2 RXUAV:2 EDGEPORT:9996 TS:29.512 SPD:20.000 HDG:0.000 PX:658.400 PY:-50.000 LAN:5 BRK:1 RX_X:0.000 RX_Y:0.000 RX_Z:0.000
[ZONE-ROUTE] CID:9 zone=1 edge_port=9998
[EDGE-RTT] CID:9 wall=1.0 ms  sim_delay=5.0 ms
>>> [UAV->CLOUD] BLK:4ea2|TX:7.0.0.13|CID:9|TS:29.512|SPD:20.0|HDG:0.0|PX:658.4|PY:-50.0|...
[ECON-GATE] CID:9 probation active - suppressing OK reward 0.9
✓ [CAR 9] ACT=OK REP=0.445 RWD=0.000 PNL=0.000 CREDIT=1
[ATTACK-EMIT] CID:1 activeWindow=YES falsified=YES simT=29.560 realPX=631.600 fakePX=569.456 realSPD=15.000 fakeSPD=20.000 realTS=29.560 fakeTS=29.060 lane=2
[PASSIVE-BEACON] SIMNOW:29.574 CID:1 ZONE:1 RXUAV:1 EDGEPORT:9998 TS:29.060 SPD:20.000 HDG:0.000 PX:569.500 PY:-20.000 LAN:2 BRK:0 RX_X:0.000 RX_Y:0.000 RX_Z:0.000
[ZONE-ROUTE] CID:1 zone=1 edge_port=9998
[EDGE-RTT] CID:1 wall=1.0 ms  sim_delay=5.0 ms
>>> [UAV->CLOUD] BLK:084a|TX:7.0.0.5|CID:1|TS:29.060|SPD:20.0|HDG:0.0|PX:569.5|PY:-20.0|L...
[ECON-CLAWBACK] CID:1 ACT=WARN prior_payoff=-78.8 extra_penalty=6.5 new_payoff=-85.4
[FORGIVENESS] CID:1 WARN #23 — streak reset, benefits revoked
⚠ [CAR 1] ACT=WARN REP=0.547 RWD=0.000 PNL=6.592 CREDIT=4
[ATTACK-EMIT] CID:0 activeWindow=YES falsified=YES simT=29.590 realPX=622.050 fakePX=561.756 realSPD=15.000 fakeSPD=20.000 realTS=29.590 fakeTS=29.090 lane=1
[PASSIVE-BEACON] SIMNOW:29.604 CID:0 ZONE:1 RXUAV:1 EDGEPORT:9998 TS:29.090 SPD:20.000 HDG:0.000 PX:561.800 PY:-10.000 LAN:1 BRK:0 RX_X:0.000 RX_Y:0.000 RX_Z:0.000
[ZONE-ROUTE] CID:0 zone=1 edge_port=9998
[EDGE-RTT] CID:0 wall=1.0 ms  sim_delay=10.0 ms
[NASH-GATE] CID:0 p=0.4 p*=0.3 rho_hat=0.4 Nash=BAN windowHits=1/4 -> WARN (pending confirmation)
[ECON-CLAWBACK] CID:0 ACT=WARN prior_payoff=-92.6 extra_penalty=7.0 new_payoff=-99.8
[FORGIVENESS] CID:0 WARN #25 — streak reset, benefits revoked
⚠ [CAR 0] ACT=WARN REP=0.443 RWD=0.000 PNL=7.190 CREDIT=-1
[PASSIVE-BEACON] SIMNOW:29.779 CID:5 ZONE:2 RXUAV:2 EDGEPORT:9996 TS:29.762 SPD:14.500 HDG:1.200 PX:644.900 PY:-10.000 LAN:1 BRK:0 RX_X:0.000 RX_Y:0.000 RX_Z:0.000
[ZONE-ROUTE] CID:5 zone=1 edge_port=9998
[EDGE-RTT] CID:5 wall=1.0 ms  sim_delay=10.0 ms
>>> [UAV->CLOUD] BLK:fe62|TX:7.0.0.9|CID:5|TS:29.762|SPD:14.5|HDG:1.2|PX:644.9|PY:-10.0|L...
[ECON-GATE] CID:5 probation active - suppressing OK reward 1.0
✓ [CAR 5] ACT=OK REP=0.754 RWD=0.000 PNL=0.000 CREDIT=10
[ATTACK-EMIT] CID:4 activeWindow=YES falsified=YES simT=29.810 realPX=645.850 fakePX=645.850 realSPD=25.000 fakeSPD=20.000 realTS=29.810 fakeTS=29.810 lane=5
[ATTACK-EMIT] CID:6 activeWindow=YES falsified=YES simT=29.822 realPX=655.530 fakePX=655.530 realSPD=15.000 fakeSPD=20.000 realTS=29.822 fakeTS=29.822 lane=99
[PASSIVE-BEACON] SIMNOW:29.836 CID:6 ZONE:2 RXUAV:2 EDGEPORT:9996 TS:29.822 SPD:20.000 HDG:0.000 PX:655.500 PY:-20.000 LAN:99 BRK:0 RX_X:0.000 RX_Y:0.000 RX_Z:0.000
[PASSIVE-BEACON] SIMNOW:29.976 CID:8 ZONE:2 RXUAV:2 EDGEPORT:9996 TS:29.962 SPD:15.300 HDG:1.100 PX:677.700 PY:-40.000 LAN:4 BRK:0 RX_X:0.000 RX_Y:0.000 RX_Z:0.000
[ZONE-ROUTE] CID:8 zone=1 edge_port=9998
[EDGE-RTT] CID:8 wall=1.1 ms  sim_delay=5.0 ms
>>> [UAV->CLOUD] BLK:166c|TX:7.0.0.12|CID:8|TS:29.962|SPD:15.3|HDG:1.1|PX:677.7|PY:-40.0|...
[PASSIVE-BEACON] SIMNOW:29.976 CID:7 ZONE:2 RXUAV:2 EDGEPORT:9996 TS:29.962 SPD:15.200 HDG:1.700 PX:667.500 PY:-30.000 LAN:3 BRK:1 RX_X:0.000 RX_Y:0.000 RX_Z:0.000
[ZONE-ROUTE] CID:7 zone=1 edge_port=9998
[EDGE-RTT] CID:7 wall=1.9 ms  sim_delay=5.0 ms
>>> [UAV->CLOUD] BLK:afd1|TX:7.0.0.11|CID:7|TS:29.962|SPD:15.2|HDG:1.7|PX:667.5|PY:-30.0|...
[ATTACK-EMIT] CID:3 activeWindow=YES falsified=YES simT=29.980 realPX=657.900 fakePX=560.100 realSPD=15.000 fakeSPD=20.000 realTS=29.980 fakeTS=29.480 lane=4
[ATTACK-EMIT] CID:2 activeWindow=YES falsified=YES simT=29.990 realPX=648.050 fakePX=570.284 realSPD=15.000 fakeSPD=20.000 realTS=29.990 fakeTS=29.490 lane=3
[ECON-GATE] CID:7 probation active - suppressing OK reward 1.000
✓ [CAR 7] ACT=OK REP=0.299 RWD=0.000 PNL=0.000 CREDIT=4
[ECON-GATE] CID:8 probation active - suppressing OK reward 0.988
✓ [CAR 8] ACT=OK REP=0.570 RWD=0.000 PNL=0.000 CREDIT=0
[PASSIVE-BEACON] SIMNOW:29.994 CID:3 ZONE:1 RXUAV:1 EDGEPORT:9998 TS:29.480 SPD:20.000 HDG:0.000 PX:560.100 PY:-40.000 LAN:4 BRK:0 RX_X:0.000 RX_Y:0.000 RX_Z:0.000
[ZONE-ROUTE] CID:3 zone=1 edge_port=9998
[EDGE-RTT] CID:3 wall=1.3 ms  sim_delay=5.0 ms
[NASH-GATE] CID:3 p=0.3 p*=0.3 EDGE=BAN nashConfirms=N windowConfirms=N obs=49/15 p_car=0.395 -> WARN (insufficient evidence)
[HANDOVER] CID:0 trigger from_Z1 to_Z2 at posX=628.200 distLeft=271.800m loaded=NO RAWRESP=[HANDOVER_TRIGGER_ACK CID:0 TO_ZONE:2]
[HANDOVER] CID:1 trigger from_Z1 to_Z2 at posX=638.200 distLeft=261.800m loaded=NO RAWRESP=[HANDOVER_TRIGGER_ACK CID:1 TO_ZONE:2]
[HANDOVER] CID:2 trigger from_Z1 to_Z2 at posX=648.200 distLeft=251.800m loaded=NO RAWRESP=[HANDOVER_TRIGGER_ACK CID:2 TO_ZONE:2]
[HANDOVER] CID:3 trigger from_Z1 to_Z2 at posX=658.200 distLeft=241.800m loaded=NO RAWRESP=[HANDOVER_TRIGGER_ACK CID:3 TO_ZONE:2]
[HANDOVER] CID:4 trigger from_Z1 to_Z2 at posX=650.600 distLeft=249.400m loaded=NO RAWRESP=[HANDOVER_TRIGGER_ACK CID:4 TO_ZONE:2]
[HANDOVER] CID:5 trigger from_Z1 to_Z2 at posX=648.200 distLeft=251.800m loaded=NO RAWRESP=[HANDOVER_TRIGGER_ACK CID:5 TO_ZONE:2]
[HANDOVER] CID:6 trigger from_Z1 to_Z2 at posX=658.200 distLeft=241.800m loaded=NO RAWRESP=[HANDOVER_TRIGGER_ACK CID:6 TO_ZONE:2]
[HANDOVER] CID:7 trigger from_Z1 to_Z2 at posX=668.200 distLeft=231.800m loaded=NO RAWRESP=[HANDOVER_TRIGGER_ACK CID:7 TO_ZONE:2]
[HANDOVER] CID:8 trigger from_Z1 to_Z2 at posX=678.200 distLeft=221.800m loaded=NO RAWRESP=[HANDOVER_TRIGGER_ACK CID:8 TO_ZONE:2]
[HANDOVER] CID:9 trigger from_Z1 to_Z2 at posX=670.600 distLeft=229.400m loaded=NO RAWRESP=[HANDOVER_TRIGGER_ACK CID:9 TO_ZONE:2]
[PASSIVE-BEACON] SIMNOW:30.004 CID:2 ZONE:1 RXUAV:1 EDGEPORT:9998 TS:29.490 SPD:20.000 HDG:0.000 PX:570.300 PY:-30.000 LAN:3 BRK:0 RX_X:0.000 RX_Y:0.000 RX_Z:0.000
[ZONE-ROUTE] CID:2 zone=1 edge_port=9998
[EDGE-RTT] CID:2 wall=1.0 ms  sim_delay=5.0 ms
[NASH-GATE] CID:2 p=0.3 p*=0.3 EDGE=BAN nashConfirms=N windowConfirms=N obs=53/15 p_car=0.484 -> WARN (insufficient evidence)
[ECON-CLAWBACK] CID:3 ACT=WARN prior_payoff=-34.726 extra_penalty=4.500 new_payoff=-39.381
[FORGIVENESS] CID:3 WARN #15 — streak reset, benefits revoked
⚠ [CAR 3] ACT=WARN REP=0.642 RWD=0.000 PNL=4.655 CREDIT=4
[ATTACK-EMIT] CID:9 activeWindow=YES falsified=YES simT=30.012 realPX=670.900 fakePX=570.732 realSPD=25.000 fakeSPD=20.000 realTS=30.012 fakeTS=29.512 lane=5
[ECON-CLAWBACK] CID:2 ACT=WARN prior_payoff=-72.327 extra_penalty=6.250 new_payoff=-78.744
[FORGIVENESS] CID:2 WARN #22 — streak reset, benefits revoked
⚠ [CAR 2] ACT=WARN REP=0.583 RWD=0.000 PNL=6.417 CREDIT=0
[PASSIVE-BEACON] SIMNOW:30.026 CID:9 ZONE:1 RXUAV:1 EDGEPORT:9998 TS:29.512 SPD:20.000 HDG:0.000 PX:570.700 PY:-50.000 LAN:5 BRK:0 RX_X:0.000 RX_Y:0.000 RX_Z:0.000
[ZONE-ROUTE] CID:9 zone=1 edge_port=9998
[EDGE-RTT] CID:9 wall=1.1 ms  sim_delay=5.0 ms
[NASH-GATE] CID:9 p=0.4 p*=0.3 rho_hat=0.4 Nash=BAN windowHits=1/4 -> WARN (pending confirmation)
[ECON-CLAWBACK] CID:9 ACT=WARN prior_payoff=-30.1 extra_penalty=4.2 new_payoff=-34.5
[FORGIVENESS] CID:9 WARN #14 — streak reset, benefits revoked
⚠ [CAR 9] ACT=WARN REP=0.496 RWD=0.000 PNL=4.444 CREDIT=0
[ATTACK-EMIT] CID:1 activeWindow=YES falsified=YES simT=30.060 realPX=639.100 fakePX=639.100 realSPD=15.000 fakeSPD=20.000 realTS=30.060 fakeTS=30.060 lane=2
[PASSIVE-BEACON] SIMNOW:30.074 CID:1 ZONE:2 RXUAV:2 EDGEPORT:9996 TS:30.060 SPD:20.000 HDG:0.000 PX:639.100 PY:-20.000 LAN:2 BRK:0 RX_X:0.000 RX_Y:0.000 RX_Z:0.000
[ZONE-ROUTE] CID:1 zone=1 edge_port=9998
[EDGE-RTT] CID:1 wall=1.1 ms  sim_delay=5.0 ms
>>> [UAV->CLOUD] BLK:d8a7|TX:7.0.0.5|CID:1|TS:30.060|SPD:20.0|HDG:0.0|PX:639.1|PY:-20.0|L...
[ECON-GATE] CID:1 probation active - suppressing OK reward 0.9
✓ [CAR 1] ACT=OK REP=0.489 RWD=0.000 PNL=0.000 CREDIT=0
[ATTACK-EMIT] CID:0 activeWindow=YES falsified=YES simT=30.090 realPX=629.550 fakePX=629.550 realSPD=15.000 fakeSPD=20.000 realTS=30.090 fakeTS=30.090 lane=1
[PASSIVE-BEACON] SIMNOW:30.104 CID:0 ZONE:2 RXUAV:2 EDGEPORT:9996 TS:30.090 SPD:20.000 HDG:0.000 PX:629.600 PY:-10.000 LAN:1 BRK:0 RX_X:0.000 RX_Y:0.000 RX_Z:0.000
[ZONE-ROUTE] CID:0 zone=1 edge_port=9998
[EDGE-RTT] CID:0 wall=1.2 ms  sim_delay=10.0 ms
[NASH-GATE] CID:0 p=1.000 p*=0.319 rho_hat=0.424 streak=2 windowHits=2/4 EU_ban=1.500 -> CONFIRMED BAN (SLOW_LANE punishment sent)
[ECON-CLAWBACK] CID:0 ACT=BAN prior_payoff=-99.795 extra_penalty=5.000 new_payoff=-105.295
[FORGIVENESS] CID:0 BAN#1 excused (first confirmed offence) honest_wins=0 (preserved)
[BAN-PUNISH] CID:0 SLOW_LANE EXILE → LAN=99 speed=20.000 m/s  return_threshold=60
✗ [CAR 0] ACT=BAN REP=0.429 RWD=0.000 PNL=5.500 CREDIT=-9
[PASSIVE-BEACON] SIMNOW:30.276 CID:5 ZONE:2 RXUAV:2 EDGEPORT:9996 TS:30.262 SPD:14.900 HDG:-1.400 PX:651.800 PY:-10.000 LAN:1 BRK:0 RX_X:0.000 RX_Y:0.000 RX_Z:0.000
[ZONE-ROUTE] CID:5 zone=1 edge_port=9998
[EDGE-RTT] CID:5 wall=0.9 ms  sim_delay=10.0 ms
>>> [UAV->CLOUD] BLK:26d9|TX:7.0.0.9|CID:5|TS:30.262|SPD:14.9|HDG:-1.4|PX:651.8|PY:-10.0|...
[ECON-GATE] CID:5 probation active - suppressing OK reward 1.0
✓ [CAR 5] ACT=OK REP=0.512 RWD=0.000 PNL=0.000 CREDIT=11
[ATTACK-EMIT] CID:4 activeWindow=YES falsified=YES simT=30.310 realPX=658.350 fakePX=658.350 realSPD=25.000 fakeSPD=20.000 realTS=30.310 fakeTS=30.310 lane=5
[ATTACK-EMIT] CID:6 activeWindow=YES falsified=YES simT=30.322 realPX=663.030 fakePX=571.396 realSPD=15.000 fakeSPD=20.000 realTS=30.322 fakeTS=29.822 lane=99
[PASSIVE-BEACON] SIMNOW:30.336 CID:6 ZONE:1 RXUAV:1 EDGEPORT:9998 TS:29.822 SPD:20.000 HDG:0.000 PX:571.400 PY:-20.000 LAN:99 BRK:0 RX_X:0.000 RX_Y:0.000 RX_Z:0.000
[PASSIVE-BEACON] SIMNOW:30.476 CID:8 ZONE:2 RXUAV:2 EDGEPORT:9996 TS:30.462 SPD:15.100 HDG:-1.600 PX:685.800 PY:-40.000 LAN:4 BRK:0 RX_X:0.000 RX_Y:0.000 RX_Z:0.000
[ZONE-ROUTE] CID:8 zone=1 edge_port=9998
[EDGE-RTT] CID:8 wall=1.0 ms  sim_delay=5.0 ms
>>> [UAV->CLOUD] BLK:96c0|TX:7.0.0.12|CID:8|TS:30.462|SPD:15.1|HDG:-1.6|PX:685.8|PY:-40.0...
[PASSIVE-BEACON] SIMNOW:30.476 CID:7 ZONE:2 RXUAV:2 EDGEPORT:9996 TS:30.462 SPD:15.000 HDG:-0.100 PX:675.400 PY:-30.000 LAN:3 BRK:0 RX_X:0.000 RX_Y:0.000 RX_Z:0.000
[ZONE-ROUTE] CID:7 zone=1 edge_port=9998
[EDGE-RTT] CID:7 wall=2.1 ms  sim_delay=5.0 ms
>>> [UAV->CLOUD] BLK:7790|TX:7.0.0.11|CID:7|TS:30.462|SPD:15.0|HDG:-0.1|PX:675.4|PY:-30.0...
[ATTACK-EMIT] CID:3 activeWindow=YES falsified=YES simT=30.480 realPX=665.400 fakePX=665.400 realSPD=15.000 fakeSPD=20.000 realTS=30.480 fakeTS=30.480 lane=4
[ECON-GATE] CID:8 probation active - suppressing OK reward 1.000
✓ [CAR 8] ACT=OK REP=0.402 RWD=0.000 PNL=0.000 CREDIT=1
[ATTACK-EMIT] CID:2 activeWindow=YES falsified=YES simT=30.490 realPX=655.550 fakePX=655.550 realSPD=15.000 fakeSPD=20.000 realTS=30.490 fakeTS=30.490 lane=3
[ECON-GATE] CID:7 probation active - suppressing OK reward 1.000
✓ [CAR 7] ACT=OK REP=0.428 RWD=0.000 PNL=0.000 CREDIT=5
[PASSIVE-BEACON] SIMNOW:30.493 CID:3 ZONE:2 RXUAV:2 EDGEPORT:9996 TS:30.480 SPD:20.000 HDG:0.000 PX:665.400 PY:-40.000 LAN:4 BRK:0 RX_X:0.000 RX_Y:0.000 RX_Z:0.000
[ZONE-ROUTE] CID:3 zone=1 edge_port=9998
[EDGE-RTT] CID:3 wall=1.0 ms  sim_delay=5.0 ms
[NASH-GATE] CID:3 p=1.000 p*=0.319 rho_hat=0.426 streak=2 windowHits=2/4 EU_ban=1.500 -> CONFIRMED BAN (SLOW_LANE punishment sent)
[PASSIVE-BEACON] SIMNOW:30.504 CID:2 ZONE:2 RXUAV:2 EDGEPORT:9996 TS:30.490 SPD:20.000 HDG:0.000 PX:655.600 PY:-30.000 LAN:3 BRK:1 RX_X:0.000 RX_Y:0.000 RX_Z:0.000
[HTD] CID:2 handover Z1->Z2 trust discounted at PX=655.6 delta=0.3 alpha:17.4->6.6 beta:16.3->5.6 obs/window reset probationK=10
[CUSUM] CID:2 activated at HANDOVER Z1->Z2 PX=655.6 warmupK=0 mu0=0.2 h=0.8 minObs=3 edgeMax=0.5
[ZONE-ROUTE] CID:2 zone=2 edge_port=9996
[EDGE-RTT] CID:2 wall=1.5 ms  sim_delay=5.0 ms
[CUSUM] CID:2 S=0.000/0.800 pEdge=0.001 pCusum=0.020
[POST-HANDOVER] CID:2 zone=2 pkt=1/10 credit_factor=0.150
>>> [UAV->CLOUD] BLK:ea13|TX:7.0.0.6|CID:2|TS:30.490|SPD:20.0|HDG:0.0|PX:655.6|PY:-30.0|L...
[ECON-CLAWBACK] CID:3 ACT=BAN prior_payoff=-39.381 extra_penalty=5.000 new_payoff=-44.881
[FORGIVENESS] CID:3 BAN#1 excused (first confirmed offence) honest_wins=0 (preserved)
[BAN-PUNISH] CID:3 SLOW_LANE EXILE → LAN=99 speed=20.000 m/s  return_threshold=60
✗ [CAR 3] ACT=BAN REP=0.552 RWD=0.000 PNL=5.500 CREDIT=-4
[ATTACK-EMIT] CID:9 activeWindow=YES falsified=YES simT=30.512 realPX=683.400 fakePX=683.400 realSPD=25.000 fakeSPD=20.000 realTS=30.512 fakeTS=30.512 lane=5
[ECON-GATE] CID:2 probation active - suppressing OK reward 0.999
✓ [CAR 2] ACT=OK REP=0.752 RWD=0.000 PNL=0.000 CREDIT=2
[PASSIVE-BEACON] SIMNOW:30.526 CID:9 ZONE:2 RXUAV:2 EDGEPORT:9996 TS:30.512 SPD:20.000 HDG:0.000 PX:683.400 PY:-50.000 LAN:5 BRK:0 RX_X:0.000 RX_Y:0.000 RX_Z:0.000
[HTD] CID:9 handover Z1->Z2 trust discounted at PX=683.4 delta=0.3 alpha:21.3->7.8 beta:11.5->4.2 obs/window reset probationK=10
[CUSUM] CID:9 activated at HANDOVER Z1->Z2 PX=683.4 warmupK=0 mu0=0.2 h=0.8 minObs=3 edgeMax=0.5
[ZONE-ROUTE] CID:9 zone=2 edge_port=9996
[EDGE-RTT] CID:9 wall=1.7 ms  sim_delay=5.0 ms
[CUSUM] CID:9 S=0.000/0.800 pEdge=0.001 pCusum=0.020
[POST-HANDOVER] CID:9 zone=2 pkt=1/10 credit_factor=0.150
>>> [UAV->CLOUD] BLK:ec9d|TX:7.0.0.13|CID:9|TS:30.512|SPD:20.0|HDG:0.0|PX:683.4|PY:-50.0|...
[ECON-GATE] CID:9 probation active - suppressing OK reward 0.999
✓ [CAR 9] ACT=OK REP=0.615 RWD=0.000 PNL=0.000 CREDIT=2
[ATTACK-EMIT] CID:1 activeWindow=YES falsified=YES simT=30.560 realPX=646.600 fakePX=646.600 realSPD=15.000 fakeSPD=20.000 realTS=30.560 fakeTS=30.560 lane=2
[PASSIVE-BEACON] SIMNOW:30.574 CID:1 ZONE:2 RXUAV:2 EDGEPORT:9996 TS:30.560 SPD:20.000 HDG:0.000 PX:646.600 PY:-20.000 LAN:2 BRK:0 RX_X:0.000 RX_Y:0.000 RX_Z:0.000
[HTD] CID:1 handover Z1->Z2 trust discounted at PX=646.6 delta=0.3 alpha:16.8->6.5 beta:14.6->5.1 obs/window reset probationK=10
[CUSUM] CID:1 activated at HANDOVER Z1->Z2 PX=646.6 warmupK=0 mu0=0.2 h=0.8 minObs=3 edgeMax=0.5
[ZONE-ROUTE] CID:1 zone=2 edge_port=9996
[EDGE-RTT] CID:1 wall=1.9 ms  sim_delay=5.0 ms
[CUSUM] CID:1 S=0.000/0.800 pEdge=0.002 pCusum=0.020
[POST-HANDOVER] CID:1 zone=2 pkt=1/10 credit_factor=0.150
>>> [UAV->CLOUD] BLK:2248|TX:7.0.0.5|CID:1|TS:30.560|SPD:20.0|HDG:0.0|PX:646.6|PY:-20.0|L...
[ECON-GATE] CID:1 probation active - suppressing OK reward 0.998
✓ [CAR 1] ACT=OK REP=0.605 RWD=0.000 PNL=0.000 CREDIT=1
[ATTACK-EMIT] CID:0 activeWindow=YES falsified=YES simT=30.590 realPX=637.050 fakePX=637.050 realSPD=15.000 fakeSPD=20.000 realTS=30.590 fakeTS=30.590 lane=99
[PASSIVE-BEACON] SIMNOW:30.604 CID:0 ZONE:2 RXUAV:2 EDGEPORT:9996 TS:30.590 SPD:20.000 HDG:0.000 PX:637.100 PY:-10.000 LAN:99 BRK:0 RX_X:0.000 RX_Y:0.000 RX_Z:0.000
[PASSIVE-BEACON] SIMNOW:30.776 CID:5 ZONE:2 RXUAV:2 EDGEPORT:9996 TS:30.762 SPD:14.800 HDG:-0.400 PX:660.200 PY:-10.000 LAN:1 BRK:1 RX_X:0.000 RX_Y:0.000 RX_Z:0.000
[HTD] CID:5 handover Z1->Z2 trust discounted at PX=660.2 delta=0.3 alpha:17.0->6.5 beta:14.7->5.1 obs/window reset probationK=10
[CUSUM] CID:5 activated at HANDOVER Z1->Z2 PX=660.2 warmupK=0 mu0=0.2 h=0.8 minObs=3 edgeMax=0.5
[ZONE-ROUTE] CID:5 zone=2 edge_port=9996
[EDGE-RTT] CID:5 wall=1.6 ms  sim_delay=10.0 ms
[CUSUM] CID:5 S=0.000/0.800 pEdge=0.000 pCusum=0.020
[POST-HANDOVER] CID:5 zone=2 pkt=1/10 credit_factor=0.150
>>> [UAV->CLOUD] BLK:6a97|TX:7.0.0.9|CID:5|TS:30.762|SPD:14.8|HDG:-0.4|PX:660.2|PY:-10.0|...
[ECON-GATE] CID:5 probation active - suppressing OK reward 1.000
✓ [CAR 5] ACT=OK REP=0.632 RWD=0.000 PNL=0.000 CREDIT=12
[ATTACK-EMIT] CID:4 activeWindow=YES falsified=YES simT=30.810 realPX=670.850 fakePX=570.592 realSPD=25.000 fakeSPD=22.000 realTS=30.810 fakeTS=30.310 lane=5
[ATTACK-EMIT] CID:6 activeWindow=YES falsified=YES simT=30.822 realPX=670.530 fakePX=670.530 realSPD=15.000 fakeSPD=20.000 realTS=30.822 fakeTS=30.822 lane=99
[PASSIVE-BEACON] SIMNOW:30.836 CID:6 ZONE:2 RXUAV:2 EDGEPORT:9996 TS:30.822 SPD:20.000 HDG:0.000 PX:670.500 PY:-20.000 LAN:99 BRK:0 RX_X:0.000 RX_Y:0.000 RX_Z:0.000
[PASSIVE-BEACON] SIMNOW:30.976 CID:8 ZONE:2 RXUAV:2 EDGEPORT:9996 TS:30.962 SPD:15.100 HDG:0.100 PX:692.000 PY:-40.000 LAN:4 BRK:0 RX_X:0.000 RX_Y:0.000 RX_Z:0.000
[HTD] CID:8 handover Z1->Z2 trust discounted at PX=692.0 delta=0.3 alpha:17.5->6.6 beta:15.3->5.3 obs/window reset probationK=10
[CUSUM] CID:8 activated at HANDOVER Z1->Z2 PX=692.0 warmupK=0 mu0=0.2 h=0.8 minObs=3 edgeMax=0.5
[ZONE-ROUTE] CID:8 zone=2 edge_port=9996
[EDGE-RTT] CID:8 wall=1.7 ms  sim_delay=5.0 ms
[CUSUM] CID:8 S=0.000/0.800 pEdge=0.001 pCusum=0.020
[POST-HANDOVER] CID:8 zone=2 pkt=1/10 credit_factor=0.150
>>> [UAV->CLOUD] BLK:c728|TX:7.0.0.12|CID:8|TS:30.962|SPD:15.1|HDG:0.1|PX:692.0|PY:-40.0|...
[PASSIVE-BEACON] SIMNOW:30.976 CID:7 ZONE:2 RXUAV:2 EDGEPORT:9996 TS:30.962 SPD:14.700 HDG:1.100 PX:681.900 PY:-30.000 LAN:3 BRK:0 RX_X:0.000 RX_Y:0.000 RX_Z:0.000
[HTD] CID:7 handover Z1->Z2 trust discounted at PX=681.9 delta=0.3 alpha:18.0->6.8 beta:14.8->5.1 obs/window reset probationK=10
[CUSUM] CID:7 activated at HANDOVER Z1->Z2 PX=681.9 warmupK=0 mu0=0.2 h=0.8 minObs=3 edgeMax=0.5
[ZONE-ROUTE] CID:7 zone=2 edge_port=9996
[EDGE-RTT] CID:7 wall=1.3 ms  sim_delay=5.0 ms
[CUSUM] CID:7 S=0.000/0.800 pEdge=0.000 pCusum=0.020
[POST-HANDOVER] CID:7 zone=2 pkt=1/10 credit_factor=0.150
>>> [UAV->CLOUD] BLK:f597|TX:7.0.0.11|CID:7|TS:30.962|SPD:14.7|HDG:1.1|PX:681.9|PY:-30.0|...
[ATTACK-EMIT] CID:3 activeWindow=YES falsified=YES simT=30.980 realPX=672.900 fakePX=672.900 realSPD=15.000 fakeSPD=20.000 realTS=30.980 fakeTS=30.980 lane=99
[ATTACK-EMIT] CID:2 activeWindow=YES falsified=YES simT=30.990 realPX=663.050 fakePX=663.050 realSPD=15.000 fakeSPD=20.000 realTS=30.990 fakeTS=30.990 lane=3
[ECON-GATE] CID:7 probation active - suppressing OK reward 1.000
✓ [CAR 7] ACT=OK REP=0.909 RWD=0.000 PNL=0.000 CREDIT=6
[ECON-GATE] CID:8 probation active - suppressing OK reward 0.999
✓ [CAR 8] ACT=OK REP=0.601 RWD=0.000 PNL=0.000 CREDIT=2
[PASSIVE-BEACON] SIMNOW:30.994 CID:3 ZONE:2 RXUAV:2 EDGEPORT:9996 TS:30.980 SPD:20.000 HDG:0.000 PX:672.900 PY:-40.000 LAN:99 BRK:0 RX_X:0.000 RX_Y:0.000 RX_Z:0.000
[PASSIVE-BEACON] SIMNOW:31.004 CID:2 ZONE:2 RXUAV:2 EDGEPORT:9996 TS:30.990 SPD:20.000 HDG:0.000 PX:663.100 PY:-30.000 LAN:3 BRK:1 RX_X:0.000 RX_Y:0.000 RX_Z:0.000
[ZONE-ROUTE] CID:2 zone=2 edge_port=9996
[EDGE-RTT] CID:2 wall=2.0 ms  sim_delay=5.0 ms
[CUSUM] CID:2 S=0.000/0.800 pEdge=0.000 pCusum=0.020
[POST-HANDOVER] CID:2 zone=2 pkt=2/10 credit_factor=0.150
>>> [UAV->CLOUD] BLK:906e|TX:7.0.0.6|CID:2|TS:30.990|SPD:20.0|HDG:0.0|PX:663.1|PY:-30.0|L...
[ATTACK-EMIT] CID:9 activeWindow=YES falsified=YES simT=31.012 realPX=695.900 fakePX=695.900 realSPD=25.000 fakeSPD=20.000 realTS=31.012 fakeTS=31.012 lane=5
[ECON-GATE] CID:2 probation active - suppressing OK reward 1.000
✓ [CAR 2] ACT=OK REP=0.456 RWD=0.000 PNL=0.000 CREDIT=3
[PASSIVE-BEACON] SIMNOW:31.026 CID:9 ZONE:2 RXUAV:2 EDGEPORT:9996 TS:31.012 SPD:20.000 HDG:0.000 PX:695.900 PY:-50.000 LAN:5 BRK:1 RX_X:0.000 RX_Y:0.000 RX_Z:0.000
[ZONE-ROUTE] CID:9 zone=2 edge_port=9996
[EDGE-RTT] CID:9 wall=1.7 ms  sim_delay=5.0 ms
[CUSUM] CID:9 S=0.000/0.800 pEdge=0.000 pCusum=0.020
[POST-HANDOVER] CID:9 zone=2 pkt=2/10 credit_factor=0.150
>>> [UAV->CLOUD] BLK:a008|TX:7.0.0.13|CID:9|TS:31.012|SPD:20.0|HDG:0.0|PX:695.9|PY:-50.0|...
[ECON-GATE] CID:9 probation active - suppressing OK reward 1.000
✓ [CAR 9] ACT=OK REP=0.644 RWD=0.000 PNL=0.000 CREDIT=3
[ATTACK-EMIT] CID:1 activeWindow=YES falsified=YES simT=31.060 realPX=654.100 fakePX=569.864 realSPD=15.000 fakeSPD=20.000 realTS=31.060 fakeTS=30.560 lane=2
[PASSIVE-BEACON] SIMNOW:31.074 CID:1 ZONE:1 RXUAV:1 EDGEPORT:9998 TS:30.560 SPD:20.000 HDG:0.000 PX:569.900 PY:-20.000 LAN:2 BRK:0 RX_X:0.000 RX_Y:0.000 RX_Z:0.000
[ZONE-ROUTE] CID:1 zone=2 edge_port=9996
[EDGE-RTT] CID:1 wall=1.6 ms  sim_delay=5.0 ms
[CUSUM] CID:1 S=0.150/0.800 pEdge=0.246 pCusum=0.350
[POST-HANDOVER] CID:1 zone=2 pkt=2/10 credit_factor=0.150
>>> [UAV->CLOUD] BLK:eeac|TX:7.0.0.5|CID:1|TS:30.560|SPD:20.0|HDG:0.0|PX:569.9|PY:-20.0|L...
[ECON-CLAWBACK] CID:1 ACT=WARN prior_payoff=-85.415 extra_penalty=6.750 new_payoff=-92.288
[FORGIVENESS] CID:1 WARN #24 — streak reset, benefits revoked
⚠ [CAR 1] ACT=WARN REP=0.724 RWD=0.000 PNL=6.873 CREDIT=0
[ATTACK-EMIT] CID:0 activeWindow=YES falsified=YES simT=31.090 realPX=644.550 fakePX=562.266 realSPD=15.000 fakeSPD=20.000 realTS=31.090 fakeTS=30.590 lane=99
[PASSIVE-BEACON] SIMNOW:31.104 CID:0 ZONE:1 RXUAV:1 EDGEPORT:9998 TS:30.590 SPD:20.000 HDG:0.000 PX:562.300 PY:-10.000 LAN:99 BRK:0 RX_X:0.000 RX_Y:0.000 RX_Z:0.000
[PASSIVE-BEACON] SIMNOW:31.276 CID:5 ZONE:2 RXUAV:2 EDGEPORT:9996 TS:31.262 SPD:15.400 HDG:-1.000 PX:667.300 PY:-10.000 LAN:1 BRK:0 RX_X:0.000 RX_Y:0.000 RX_Z:0.000
[ZONE-ROUTE] CID:5 zone=2 edge_port=9996
[EDGE-RTT] CID:5 wall=1.7 ms  sim_delay=10.0 ms
[CUSUM] CID:5 S=0.000/0.800 pEdge=0.000 pCusum=0.020
[POST-HANDOVER] CID:5 zone=2 pkt=2/10 credit_factor=0.150
>>> [UAV->CLOUD] BLK:e2bb|TX:7.0.0.9|CID:5|TS:31.262|SPD:15.4|HDG:-1.0|PX:667.3|PY:-10.0|...
[ECON-GATE] CID:5 probation active - suppressing OK reward 1.000
✓ [CAR 5] ACT=OK REP=0.680 RWD=0.000 PNL=0.000 CREDIT=13
[ATTACK-EMIT] CID:4 activeWindow=YES falsified=YES simT=31.310 realPX=683.350 fakePX=683.350 realSPD=25.000 fakeSPD=20.000 realTS=31.310 fakeTS=31.310 lane=5
[ATTACK-EMIT] CID:6 activeWindow=YES falsified=YES simT=31.322 realPX=678.030 fakePX=678.030 realSPD=15.000 fakeSPD=20.000 realTS=31.322 fakeTS=31.322 lane=99
[PASSIVE-BEACON] SIMNOW:31.336 CID:6 ZONE:2 RXUAV:2 EDGEPORT:9996 TS:31.322 SPD:20.000 HDG:0.000 PX:678.000 PY:-20.000 LAN:99 BRK:0 RX_X:0.000 RX_Y:0.000 RX_Z:0.000
[PASSIVE-BEACON] SIMNOW:31.476 CID:8 ZONE:2 RXUAV:2 EDGEPORT:9996 TS:31.462 SPD:15.400 HDG:-1.100 PX:700.500 PY:-40.000 LAN:4 BRK:1 RX_X:0.000 RX_Y:0.000 RX_Z:0.000
[ZONE-ROUTE] CID:8 zone=2 edge_port=9996
[EDGE-RTT] CID:8 wall=1.8 ms  sim_delay=5.0 ms
[CUSUM] CID:8 S=0.000/0.800 pEdge=0.000 pCusum=0.020
[POST-HANDOVER] CID:8 zone=2 pkt=2/10 credit_factor=0.150
>>> [UAV->CLOUD] BLK:858e|TX:7.0.0.12|CID:8|TS:31.462|SPD:15.4|HDG:-1.1|PX:700.5|PY:-40.0...
[PASSIVE-BEACON] SIMNOW:31.476 CID:7 ZONE:2 RXUAV:2 EDGEPORT:9996 TS:31.462 SPD:14.700 HDG:1.500 PX:689.500 PY:-30.000 LAN:3 BRK:0 RX_X:0.000 RX_Y:0.000 RX_Z:0.000
[ZONE-ROUTE] CID:7 zone=2 edge_port=9996
[EDGE-RTT] CID:7 wall=1.2 ms  sim_delay=5.0 ms
[CUSUM] CID:7 S=0.000/0.800 pEdge=0.000 pCusum=0.020
[POST-HANDOVER] CID:7 zone=2 pkt=2/10 credit_factor=0.150
>>> [UAV->CLOUD] BLK:fa1d|TX:7.0.0.11|CID:7|TS:31.462|SPD:14.7|HDG:1.5|PX:689.5|PY:-30.0|...
[ATTACK-EMIT] CID:3 activeWindow=YES falsified=YES simT=31.480 realPX=680.400 fakePX=559.902 realSPD=15.000 fakeSPD=20.000 realTS=31.480 fakeTS=30.980 lane=99
[ATTACK-EMIT] CID:2 activeWindow=YES falsified=YES simT=31.490 realPX=670.550 fakePX=570.230 realSPD=15.000 fakeSPD=20.000 realTS=31.490 fakeTS=30.990 lane=3
[ECON-GATE] CID:7 probation active - suppressing OK reward 1.000
✓ [CAR 7] ACT=OK REP=0.773 RWD=0.000 PNL=0.000 CREDIT=7
[ECON-GATE] CID:8 probation active - suppressing OK reward 1.000
✓ [CAR 8] ACT=OK REP=0.539 RWD=0.000 PNL=0.000 CREDIT=3
[PASSIVE-BEACON] SIMNOW:31.494 CID:3 ZONE:1 RXUAV:1 EDGEPORT:9998 TS:30.980 SPD:20.000 HDG:0.000 PX:559.900 PY:-40.000 LAN:99 BRK:0 RX_X:0.000 RX_Y:0.000 RX_Z:0.000
[PASSIVE-BEACON] SIMNOW:31.504 CID:2 ZONE:1 RXUAV:1 EDGEPORT:9998 TS:30.990 SPD:20.000 HDG:0.000 PX:570.200 PY:-30.000 LAN:3 BRK:0 RX_X:0.000 RX_Y:0.000 RX_Z:0.000
[ZONE-ROUTE] CID:2 zone=2 edge_port=9996
[EDGE-RTT] CID:2 wall=1.6 ms  sim_delay=5.0 ms
[CUSUM] CID:2 S=0.150/0.800 pEdge=0.263 pCusum=0.350
[POST-HANDOVER] CID:2 zone=2 pkt=3/10 credit_factor=0.150
>>> [UAV->CLOUD] BLK:ba4b|TX:7.0.0.6|CID:2|TS:30.990|SPD:20.0|HDG:0.0|PX:570.2|PY:-30.0|L...
[ATTACK-EMIT] CID:9 activeWindow=YES falsified=YES simT=31.512 realPX=708.400 fakePX=570.666 realSPD=25.000 fakeSPD=20.000 realTS=31.512 fakeTS=31.012 lane=5
[ECON-CLAWBACK] CID:2 ACT=WARN prior_payoff=-78.744 extra_penalty=6.500 new_payoff=-85.376
[FORGIVENESS] CID:2 WARN #23 — streak reset, benefits revoked
⚠ [CAR 2] ACT=WARN REP=0.764 RWD=0.000 PNL=6.632 CREDIT=2
[PASSIVE-BEACON] SIMNOW:31.526 CID:9 ZONE:1 RXUAV:1 EDGEPORT:9998 TS:31.012 SPD:20.000 HDG:0.000 PX:570.700 PY:-50.000 LAN:5 BRK:0 RX_X:0.000 RX_Y:0.000 RX_Z:0.000
[ZONE-ROUTE] CID:9 zone=2 edge_port=9996
[EDGE-RTT] CID:9 wall=1.9 ms  sim_delay=5.0 ms
[CUSUM] CID:9 S=0.150/0.800 pEdge=0.263 pCusum=0.350
[POST-HANDOVER] CID:9 zone=2 pkt=3/10 credit_factor=0.150
>>> [UAV->CLOUD] BLK:f6af|TX:7.0.0.13|CID:9|TS:31.012|SPD:20.0|HDG:0.0|PX:570.7|PY:-50.0|...
[ECON-CLAWBACK] CID:9 ACT=WARN prior_payoff=-34.534 extra_penalty=4.500 new_payoff=-39.166
[FORGIVENESS] CID:9 WARN #15 — streak reset, benefits revoked
⚠ [CAR 9] ACT=WARN REP=0.833 RWD=0.000 PNL=4.632 CREDIT=2
[ATTACK-EMIT] CID:1 activeWindow=YES falsified=YES simT=31.560 realPX=661.600 fakePX=661.600 realSPD=15.000 fakeSPD=20.000 realTS=31.560 fakeTS=31.560 lane=2
[PASSIVE-BEACON] SIMNOW:31.574 CID:1 ZONE:2 RXUAV:2 EDGEPORT:9996 TS:31.560 SPD:20.000 HDG:0.000 PX:661.600 PY:-20.000 LAN:2 BRK:0 RX_X:0.000 RX_Y:0.000 RX_Z:0.000
[ZONE-ROUTE] CID:1 zone=2 edge_port=9996
[EDGE-RTT] CID:1 wall=1.8 ms  sim_delay=5.0 ms
[CUSUM-BAN] CID:1 change-point detected S=0.900 > h=0.800 pEdge=0.156 (post-handover behavioral change)
[ECON-CLAWBACK] CID:1 ACT=BAN prior_payoff=-92.288 extra_penalty=5.000 new_payoff=-97.788
[FORGIVENESS] CID:1 BAN#1 excused (first confirmed offence) honest_wins=0 (preserved)
[BAN-PUNISH] CID:1 SLOW_LANE EXILE → LAN=99 speed=20.000 m/s  return_threshold=60
✗ [CAR 1] ACT=BAN REP=0.525 RWD=0.000 PNL=5.500 CREDIT=-10
[ATTACK-EMIT] CID:0 activeWindow=YES falsified=YES simT=31.590 realPX=652.050 fakePX=652.050 realSPD=15.000 fakeSPD=20.000 realTS=31.590 fakeTS=31.590 lane=99
[PASSIVE-BEACON] SIMNOW:31.607 CID:0 ZONE:2 RXUAV:2 EDGEPORT:9996 TS:31.590 SPD:20.000 HDG:0.000 PX:652.100 PY:-10.000 LAN:99 BRK:0 RX_X:0.000 RX_Y:0.000 RX_Z:0.000
[PASSIVE-BEACON] SIMNOW:31.779 CID:5 ZONE:2 RXUAV:2 EDGEPORT:9996 TS:31.762 SPD:15.300 HDG:0.000 PX:675.000 PY:-10.000 LAN:1 BRK:0 RX_X:0.000 RX_Y:0.000 RX_Z:0.000
[ZONE-ROUTE] CID:5 zone=2 edge_port=9996
[EDGE-RTT] CID:5 wall=1.8 ms  sim_delay=10.0 ms
[CUSUM] CID:5 S=0.000/0.800 pEdge=0.000 pCusum=0.020
[POST-HANDOVER] CID:5 zone=2 pkt=3/10 credit_factor=0.150
>>> [UAV->CLOUD] BLK:dbb6|TX:7.0.0.9|CID:5|TS:31.762|SPD:15.3|HDG:0.0|PX:675.0|PY:-10.0|L...
[ECON-GATE] CID:5 probation active - suppressing OK reward 1.000
[ECON-RESTORE] CID:5 probation cleared after 15 clean packets
✓ [CAR 5] ACT=OK REP=0.607 RWD=0.000 PNL=0.000 CREDIT=14
[ATTACK-EMIT] CID:4 activeWindow=YES falsified=YES simT=31.810 realPX=695.350 fakePX=695.350 realSPD=15.000 fakeSPD=20.000 realTS=31.810 fakeTS=31.810 lane=5
[ATTACK-EMIT] CID:6 activeWindow=YES falsified=YES simT=31.822 realPX=685.530 fakePX=571.366 realSPD=15.000 fakeSPD=20.000 realTS=31.822 fakeTS=31.322 lane=99
[PASSIVE-BEACON] SIMNOW:31.836 CID:6 ZONE:1 RXUAV:1 EDGEPORT:9998 TS:31.322 SPD:20.000 HDG:0.000 PX:571.400 PY:-20.000 LAN:99 BRK:0 RX_X:0.000 RX_Y:0.000 RX_Z:0.000
[PASSIVE-BEACON] SIMNOW:31.976 CID:8 ZONE:2 RXUAV:2 EDGEPORT:9996 TS:31.962 SPD:14.500 HDG:1.200 PX:706.900 PY:-40.000 LAN:4 BRK:0 RX_X:0.000 RX_Y:0.000 RX_Z:0.000
[ZONE-ROUTE] CID:8 zone=2 edge_port=9996
[EDGE-RTT] CID:8 wall=1.7 ms  sim_delay=5.0 ms
[CUSUM] CID:8 S=0.000/0.800 pEdge=0.000 pCusum=0.020
[POST-HANDOVER] CID:8 zone=2 pkt=3/10 credit_factor=0.150
>>> [UAV->CLOUD] BLK:90bb|TX:7.0.0.12|CID:8|TS:31.962|SPD:14.5|HDG:1.2|PX:706.9|PY:-40.0|...
[PASSIVE-BEACON] SIMNOW:31.976 CID:7 ZONE:2 RXUAV:2 EDGEPORT:9996 TS:31.962 SPD:14.600 HDG:0.400 PX:697.300 PY:-30.000 LAN:3 BRK:0 RX_X:0.000 RX_Y:0.000 RX_Z:0.000
[ZONE-ROUTE] CID:7 zone=2 edge_port=9996
[EDGE-RTT] CID:7 wall=2.0 ms  sim_delay=5.0 ms
[CUSUM] CID:7 S=0.000/0.800 pEdge=0.003 pCusum=0.020
[POST-HANDOVER] CID:7 zone=2 pkt=3/10 credit_factor=0.150
>>> [UAV->CLOUD] BLK:352b|TX:7.0.0.11|CID:7|TS:31.962|SPD:14.6|HDG:0.4|PX:697.3|PY:-30.0|...
[ATTACK-EMIT] CID:3 activeWindow=YES falsified=YES simT=31.980 realPX=687.900 fakePX=687.900 realSPD=15.000 fakeSPD=20.000 realTS=31.980 fakeTS=31.980 lane=99
[ATTACK-EMIT] CID:2 activeWindow=YES falsified=YES simT=31.990 realPX=678.050 fakePX=678.050 realSPD=15.000 fakeSPD=20.000 realTS=31.990 fakeTS=31.990 lane=3
[ECON-GATE] CID:8 probation active - suppressing OK reward 1.000
✓ [CAR 8] ACT=OK REP=0.456 RWD=0.000 PNL=0.000 CREDIT=4
[ECON-GATE] CID:7 probation active - suppressing OK reward 0.997
✓ [CAR 7] ACT=OK REP=0.597 RWD=0.000 PNL=0.000 CREDIT=8
[PKT-DROP] UAV dropped telemetry from 7.0.0.7 (drop_rate=5%)
[PASSIVE-BEACON] SIMNOW:32.004 CID:2 ZONE:2 RXUAV:2 EDGEPORT:9996 TS:31.990 SPD:20.000 HDG:0.000 PX:678.100 PY:-30.000 LAN:3 BRK:0 RX_X:0.000 RX_Y:0.000 RX_Z:0.000
[ZONE-ROUTE] CID:2 zone=2 edge_port=9996
[EDGE-RTT] CID:2 wall=1.6 ms  sim_delay=5.0 ms
[CUSUM-BAN] CID:2 change-point detected S=0.900 > h=0.800 pEdge=0.129 (post-handover behavioral change)
[ATTACK-EMIT] CID:9 activeWindow=YES falsified=YES simT=32.012 realPX=718.380 fakePX=718.380 realSPD=15.000 fakeSPD=20.000 realTS=32.012 fakeTS=32.012 lane=5
[ECON-CLAWBACK] CID:2 ACT=BAN prior_payoff=-85.376 extra_penalty=5.000 new_payoff=-90.876
[FORGIVENESS] CID:2 BAN#1 excused (first confirmed offence) honest_wins=0 (preserved)
[BAN-PUNISH] CID:2 SLOW_LANE EXILE → LAN=99 speed=20.000 m/s  return_threshold=60
✗ [CAR 2] ACT=BAN REP=0.558 RWD=0.000 PNL=5.500 CREDIT=-10
[PASSIVE-BEACON] SIMNOW:32.026 CID:9 ZONE:2 RXUAV:2 EDGEPORT:9996 TS:32.012 SPD:20.000 HDG:0.000 PX:718.400 PY:-50.000 LAN:5 BRK:0 RX_X:0.000 RX_Y:0.000 RX_Z:0.000
[ZONE-ROUTE] CID:9 zone=2 edge_port=9996
[EDGE-RTT] CID:9 wall=1.6 ms  sim_delay=5.0 ms
[CUSUM-BAN] CID:9 change-point detected S=0.900 > h=0.800 pEdge=0.129 (post-handover behavioral change)
[ECON-CLAWBACK] CID:9 ACT=BAN prior_payoff=-39.166 extra_penalty=5.000 new_payoff=-44.666
[FORGIVENESS] CID:9 BAN#1 excused (first confirmed offence) honest_wins=0 (preserved)
[BAN-PUNISH] CID:9 SLOW_LANE EXILE → LAN=99 speed=20.000 m/s  return_threshold=60
✗ [CAR 9] ACT=BAN REP=0.651 RWD=0.000 PNL=5.500 CREDIT=-10
[ATTACK-EMIT] CID:1 activeWindow=YES falsified=YES simT=32.060 realPX=669.100 fakePX=669.100 realSPD=15.000 fakeSPD=20.000 realTS=32.060 fakeTS=32.060 lane=99
[PASSIVE-BEACON] SIMNOW:32.077 CID:1 ZONE:2 RXUAV:2 EDGEPORT:9996 TS:32.060 SPD:20.000 HDG:0.000 PX:669.100 PY:-20.000 LAN:99 BRK:0 RX_X:0.000 RX_Y:0.000 RX_Z:0.000
[ATTACK-EMIT] CID:0 activeWindow=YES falsified=YES simT=32.090 realPX=659.550 fakePX=659.550 realSPD=15.000 fakeSPD=20.000 realTS=32.090 fakeTS=32.090 lane=99
[PASSIVE-BEACON] SIMNOW:32.107 CID:0 ZONE:2 RXUAV:2 EDGEPORT:9996 TS:32.090 SPD:20.000 HDG:0.000 PX:659.600 PY:-10.000 LAN:99 BRK:0 RX_X:0.000 RX_Y:0.000 RX_Z:0.000
[PASSIVE-BEACON] SIMNOW:32.276 CID:5 ZONE:2 RXUAV:2 EDGEPORT:9996 TS:32.262 SPD:15.500 HDG:-1.500 PX:681.900 PY:-10.000 LAN:1 BRK:0 RX_X:0.000 RX_Y:0.000 RX_Z:0.000
[ZONE-ROUTE] CID:5 zone=2 edge_port=9996
[EDGE-RTT] CID:5 wall=1.6 ms  sim_delay=10.0 ms
[CUSUM] CID:5 S=0.000/0.800 pEdge=0.000 pCusum=0.020
[POST-HANDOVER] CID:5 zone=2 pkt=4/10 credit_factor=0.150
>>> [UAV->CLOUD] BLK:2587|TX:7.0.0.9|CID:5|TS:32.262|SPD:15.5|HDG:-1.5|PX:681.9|PY:-10.0|...
✓ [CAR 5] ACT=OK REP=0.768 RWD=1.000 PNL=0.000 CREDIT=15
[ATTACK-EMIT] CID:4 activeWindow=YES falsified=YES simT=32.310 realPX=702.850 fakePX=570.946 realSPD=15.000 fakeSPD=22.000 realTS=32.310 fakeTS=31.810 lane=5
[ATTACK-EMIT] CID:6 activeWindow=YES falsified=YES simT=32.322 realPX=693.030 fakePX=693.030 realSPD=15.000 fakeSPD=20.000 realTS=32.322 fakeTS=32.322 lane=99
[PASSIVE-BEACON] SIMNOW:32.336 CID:6 ZONE:2 RXUAV:2 EDGEPORT:9996 TS:32.322 SPD:20.000 HDG:0.000 PX:693.000 PY:-20.000 LAN:99 BRK:0 RX_X:0.000 RX_Y:0.000 RX_Z:0.000
[PASSIVE-BEACON] SIMNOW:32.476 CID:7 ZONE:2 RXUAV:2 EDGEPORT:9996 TS:32.462 SPD:15.200 HDG:1.700 PX:705.600 PY:-30.000 LAN:3 BRK:1 RX_X:0.000 RX_Y:0.000 RX_Z:0.000
[ZONE-ROUTE] CID:7 zone=2 edge_port=9996
[EDGE-RTT] CID:7 wall=1.6 ms  sim_delay=5.0 ms
[CUSUM] CID:7 S=0.000/0.800 pEdge=0.001 pCusum=0.020
[POST-HANDOVER] CID:7 zone=2 pkt=4/10 credit_factor=0.150
>>> [UAV->CLOUD] BLK:cb18|TX:7.0.0.11|CID:7|TS:32.462|SPD:15.2|HDG:1.7|PX:705.6|PY:-30.0|...
[PKT-DROP] UAV dropped telemetry from 7.0.0.12 (drop_rate=5%)
[ATTACK-EMIT] CID:3 activeWindow=YES falsified=YES simT=32.480 realPX=695.400 fakePX=695.400 realSPD=15.000 fakeSPD=20.000 realTS=32.480 fakeTS=32.480 lane=99
[ATTACK-EMIT] CID:2 activeWindow=YES falsified=YES simT=32.490 realPX=685.550 fakePX=685.550 realSPD=15.000 fakeSPD=20.000 realTS=32.490 fakeTS=32.490 lane=99
[ECON-GATE] CID:7 probation active - suppressing OK reward 0.999
✓ [CAR 7] ACT=OK REP=0.741 RWD=0.000 PNL=0.000 CREDIT=9
[PASSIVE-BEACON] SIMNOW:32.494 CID:3 ZONE:2 RXUAV:2 EDGEPORT:9996 TS:32.480 SPD:20.000 HDG:0.000 PX:695.400 PY:-40.000 LAN:99 BRK:0 RX_X:0.000 RX_Y:0.000 RX_Z:0.000
[PASSIVE-BEACON] SIMNOW:32.507 CID:2 ZONE:2 RXUAV:2 EDGEPORT:9996 TS:32.490 SPD:20.000 HDG:0.000 PX:685.600 PY:-30.000 LAN:99 BRK:1 RX_X:0.000 RX_Y:0.000 RX_Z:0.000
[PASSIVE-BEACON] SIMNOW:32.526 CID:9 ZONE:2 RXUAV:2 EDGEPORT:9996 TS:32.512 SPD:15.500 HDG:1.300 PX:726.300 PY:-50.000 LAN:99 BRK:0 RX_X:0.000 RX_Y:0.000 RX_Z:0.000
[ATTACK-EMIT] CID:1 activeWindow=YES falsified=YES simT=32.560 realPX=676.600 fakePX=569.822 realSPD=15.000 fakeSPD=20.000 realTS=32.560 fakeTS=32.060 lane=99
[PASSIVE-BEACON] SIMNOW:32.574 CID:1 ZONE:1 RXUAV:1 EDGEPORT:9998 TS:32.060 SPD:20.000 HDG:0.000 PX:569.800 PY:-20.000 LAN:99 BRK:0 RX_X:0.000 RX_Y:0.000 RX_Z:0.000
[ATTACK-EMIT] CID:0 activeWindow=YES falsified=YES simT=32.590 realPX=667.050 fakePX=561.750 realSPD=15.000 fakeSPD=20.000 realTS=32.590 fakeTS=32.090 lane=99
[PASSIVE-BEACON] SIMNOW:32.602 CID:0 ZONE:1 RXUAV:1 EDGEPORT:9998 TS:32.090 SPD:20.000 HDG:0.000 PX:561.800 PY:-10.000 LAN:99 BRK:0 RX_X:0.000 RX_Y:0.000 RX_Z:0.000
[PASSIVE-BEACON] SIMNOW:32.776 CID:5 ZONE:2 RXUAV:2 EDGEPORT:9996 TS:32.762 SPD:14.800 HDG:-1.600 PX:689.800 PY:-10.000 LAN:1 BRK:0 RX_X:0.000 RX_Y:0.000 RX_Z:0.000
[ZONE-ROUTE] CID:5 zone=2 edge_port=9996
[EDGE-RTT] CID:5 wall=1.7 ms  sim_delay=10.0 ms
[CUSUM] CID:5 S=0.000/0.800 pEdge=0.000 pCusum=0.020
[POST-HANDOVER] CID:5 zone=2 pkt=5/10 credit_factor=0.150
>>> [UAV->CLOUD] BLK:b7af|TX:7.0.0.9|CID:5|TS:32.762|SPD:14.8|HDG:-1.6|PX:689.8|PY:-10.0|...
✓ [CAR 5] ACT=OK REP=0.699 RWD=1.000 PNL=0.000 CREDIT=16
[ATTACK-EMIT] CID:4 activeWindow=YES falsified=YES simT=32.810 realPX=710.350 fakePX=710.350 realSPD=15.000 fakeSPD=20.000 realTS=32.810 fakeTS=32.810 lane=5
[ATTACK-EMIT] CID:6 activeWindow=YES falsified=YES simT=32.822 realPX=700.530 fakePX=700.530 realSPD=15.000 fakeSPD=20.000 realTS=32.822 fakeTS=32.822 lane=99
[PASSIVE-BEACON] SIMNOW:32.836 CID:6 ZONE:2 RXUAV:2 EDGEPORT:9996 TS:32.822 SPD:20.000 HDG:0.000 PX:700.500 PY:-20.000 LAN:99 BRK:0 RX_X:0.000 RX_Y:0.000 RX_Z:0.000
[PASSIVE-BEACON] SIMNOW:32.976 CID:8 ZONE:2 RXUAV:2 EDGEPORT:9996 TS:32.962 SPD:15.200 HDG:1.200 PX:722.600 PY:-40.000 LAN:4 BRK:0 RX_X:0.000 RX_Y:0.000 RX_Z:0.000
[ZONE-ROUTE] CID:8 zone=2 edge_port=9996
[EDGE-RTT] CID:8 wall=1.5 ms  sim_delay=5.0 ms
[CUSUM] CID:8 S=0.000/0.800 pEdge=0.000 pCusum=0.020
[POST-HANDOVER] CID:8 zone=2 pkt=4/10 credit_factor=0.150
>>> [UAV->CLOUD] BLK:4eb4|TX:7.0.0.12|CID:8|TS:32.962|SPD:15.2|HDG:1.2|PX:722.6|PY:-40.0|...
[PASSIVE-BEACON] SIMNOW:32.976 CID:7 ZONE:2 RXUAV:2 EDGEPORT:9996 TS:32.962 SPD:14.700 HDG:0.900 PX:713.200 PY:-30.000 LAN:3 BRK:1 RX_X:0.000 RX_Y:0.000 RX_Z:0.000
[ZONE-ROUTE] CID:7 zone=2 edge_port=9996
[EDGE-RTT] CID:7 wall=2.1 ms  sim_delay=5.0 ms
[CUSUM] CID:7 S=0.000/0.800 pEdge=0.000 pCusum=0.020
[POST-HANDOVER] CID:7 zone=2 pkt=5/10 credit_factor=0.150
>>> [UAV->CLOUD] BLK:29ad|TX:7.0.0.11|CID:7|TS:32.962|SPD:14.7|HDG:0.9|PX:713.2|PY:-30.0|...
[ATTACK-EMIT] CID:3 activeWindow=YES falsified=YES simT=32.980 realPX=702.900 fakePX=559.938 realSPD=15.000 fakeSPD=20.000 realTS=32.980 fakeTS=32.480 lane=99
[ATTACK-EMIT] CID:2 activeWindow=YES falsified=YES simT=32.990 realPX=693.050 fakePX=570.476 realSPD=15.000 fakeSPD=20.000 realTS=32.990 fakeTS=32.490 lane=99
[ECON-GATE] CID:8 probation active - suppressing OK reward 1.000
✓ [CAR 8] ACT=OK REP=0.655 RWD=0.000 PNL=0.000 CREDIT=5
[ECON-GATE] CID:7 probation active - suppressing OK reward 1.000
✓ [CAR 7] ACT=OK REP=0.644 RWD=0.000 PNL=0.000 CREDIT=10
[PASSIVE-BEACON] SIMNOW:32.994 CID:3 ZONE:1 RXUAV:1 EDGEPORT:9998 TS:32.480 SPD:20.000 HDG:0.000 PX:559.900 PY:-40.000 LAN:99 BRK:0 RX_X:0.000 RX_Y:0.000 RX_Z:0.000
[PASSIVE-BEACON] SIMNOW:33.004 CID:2 ZONE:1 RXUAV:1 EDGEPORT:9998 TS:32.490 SPD:20.000 HDG:0.000 PX:570.500 PY:-30.000 LAN:99 BRK:0 RX_X:0.000 RX_Y:0.000 RX_Z:0.000
[PASSIVE-BEACON] SIMNOW:33.027 CID:9 ZONE:2 RXUAV:2 EDGEPORT:9996 TS:33.012 SPD:15.400 HDG:1.500 PX:732.700 PY:-50.000 LAN:99 BRK:0 RX_X:0.000 RX_Y:0.000 RX_Z:0.000
[ATTACK-EMIT] CID:1 activeWindow=YES falsified=YES simT=33.060 realPX=684.100 fakePX=684.100 realSPD=15.000 fakeSPD=20.000 realTS=33.060 fakeTS=33.060 lane=99
[PASSIVE-BEACON] SIMNOW:33.074 CID:1 ZONE:2 RXUAV:2 EDGEPORT:9996 TS:33.060 SPD:20.000 HDG:0.000 PX:684.100 PY:-20.000 LAN:99 BRK:0 RX_X:0.000 RX_Y:0.000 RX_Z:0.000
[ATTACK-EMIT] CID:0 activeWindow=YES falsified=YES simT=33.090 realPX=674.550 fakePX=674.550 realSPD=15.000 fakeSPD=20.000 realTS=33.090 fakeTS=33.090 lane=99
[PASSIVE-BEACON] SIMNOW:33.104 CID:0 ZONE:2 RXUAV:2 EDGEPORT:9996 TS:33.090 SPD:20.000 HDG:0.000 PX:674.600 PY:-10.000 LAN:99 BRK:0 RX_X:0.000 RX_Y:0.000 RX_Z:0.000
[PASSIVE-BEACON] SIMNOW:33.276 CID:5 ZONE:2 RXUAV:2 EDGEPORT:9996 TS:33.262 SPD:15.100 HDG:-0.200 PX:697.300 PY:-10.000 LAN:1 BRK:0 RX_X:0.000 RX_Y:0.000 RX_Z:0.000
[ZONE-ROUTE] CID:5 zone=2 edge_port=9996
[EDGE-RTT] CID:5 wall=1.8 ms  sim_delay=10.0 ms
[CUSUM] CID:5 S=0.000/0.800 pEdge=0.000 pCusum=0.020
[POST-HANDOVER] CID:5 zone=2 pkt=6/10 credit_factor=0.150
>>> [UAV->CLOUD] BLK:1dc9|TX:7.0.0.9|CID:5|TS:33.262|SPD:15.1|HDG:-0.2|PX:697.3|PY:-10.0|...
✓ [CAR 5] ACT=OK REP=0.577 RWD=1.000 PNL=0.000 CREDIT=17
[ATTACK-EMIT] CID:4 activeWindow=YES falsified=YES simT=33.310 realPX=717.850 fakePX=717.850 realSPD=15.000 fakeSPD=20.000 realTS=33.310 fakeTS=33.310 lane=5
[ATTACK-EMIT] CID:6 activeWindow=YES falsified=YES simT=33.322 realPX=708.030 fakePX=571.330 realSPD=15.000 fakeSPD=20.000 realTS=33.322 fakeTS=32.822 lane=99
[PASSIVE-BEACON] SIMNOW:33.336 CID:6 ZONE:1 RXUAV:1 EDGEPORT:9998 TS:32.822 SPD:20.000 HDG:0.000 PX:571.300 PY:-20.000 LAN:99 BRK:1 RX_X:0.000 RX_Y:0.000 RX_Z:0.000
[PASSIVE-BEACON] SIMNOW:33.476 CID:8 ZONE:2 RXUAV:2 EDGEPORT:9996 TS:33.462 SPD:14.500 HDG:-1.200 PX:729.400 PY:-40.000 LAN:4 BRK:0 RX_X:0.000 RX_Y:0.000 RX_Z:0.000
[ZONE-ROUTE] CID:8 zone=2 edge_port=9996
[EDGE-RTT] CID:8 wall=1.7 ms  sim_delay=5.0 ms
[CUSUM] CID:8 S=0.000/0.800 pEdge=0.000 pCusum=0.020
[POST-HANDOVER] CID:8 zone=2 pkt=5/10 credit_factor=0.150
>>> [UAV->CLOUD] BLK:ea30|TX:7.0.0.12|CID:8|TS:33.462|SPD:14.5|HDG:-1.2|PX:729.4|PY:-40.0...
[PASSIVE-BEACON] SIMNOW:33.479 CID:7 ZONE:2 RXUAV:2 EDGEPORT:9996 TS:33.462 SPD:15.000 HDG:-1.900 PX:720.600 PY:-30.000 LAN:3 BRK:1 RX_X:0.000 RX_Y:0.000 RX_Z:0.000
[ZONE-ROUTE] CID:7 zone=2 edge_port=9996
[EDGE-RTT] CID:7 wall=1.3 ms  sim_delay=5.0 ms
[CUSUM] CID:7 S=0.000/0.800 pEdge=0.000 pCusum=0.020
[POST-HANDOVER] CID:7 zone=2 pkt=6/10 credit_factor=0.150
>>> [UAV->CLOUD] BLK:c6f2|TX:7.0.0.11|CID:7|TS:33.462|SPD:15.0|HDG:-1.9|PX:720.6|PY:-30.0...
[ATTACK-EMIT] CID:3 activeWindow=YES falsified=YES simT=33.480 realPX=710.400 fakePX=710.400 realSPD=15.000 fakeSPD=20.000 realTS=33.480 fakeTS=33.480 lane=99
[ATTACK-EMIT] CID:2 activeWindow=YES falsified=YES simT=33.490 realPX=700.550 fakePX=700.550 realSPD=15.000 fakeSPD=20.000 realTS=33.490 fakeTS=33.490 lane=99
[ECON-GATE] CID:8 probation active - suppressing OK reward 1.000
✓ [CAR 8] ACT=OK REP=0.559 RWD=0.000 PNL=0.000 CREDIT=6
[ECON-GATE] CID:7 probation active - suppressing OK reward 1.000
✓ [CAR 7] ACT=OK REP=1.000 RWD=0.000 PNL=0.000 CREDIT=11
[PASSIVE-BEACON] SIMNOW:33.494 CID:3 ZONE:2 RXUAV:2 EDGEPORT:9996 TS:33.480 SPD:20.000 HDG:0.000 PX:710.400 PY:-40.000 LAN:99 BRK:1 RX_X:0.000 RX_Y:0.000 RX_Z:0.000
[PASSIVE-BEACON] SIMNOW:33.504 CID:2 ZONE:2 RXUAV:2 EDGEPORT:9996 TS:33.490 SPD:20.000 HDG:0.000 PX:700.600 PY:-30.000 LAN:99 BRK:0 RX_X:0.000 RX_Y:0.000 RX_Z:0.000
[PASSIVE-BEACON] SIMNOW:33.526 CID:9 ZONE:2 RXUAV:2 EDGEPORT:9996 TS:33.512 SPD:15.500 HDG:0.700 PX:741.000 PY:-50.000 LAN:99 BRK:0 RX_X:0.000 RX_Y:0.000 RX_Z:0.000
[ATTACK-EMIT] CID:1 activeWindow=YES falsified=YES simT=33.560 realPX=691.600 fakePX=691.600 realSPD=15.000 fakeSPD=20.000 realTS=33.560 fakeTS=33.560 lane=99
[PKT-DROP] UAV dropped telemetry from 7.0.0.5 (drop_rate=5%)
[ATTACK-EMIT] CID:0 activeWindow=YES falsified=YES simT=33.590 realPX=682.050 fakePX=682.050 realSPD=15.000 fakeSPD=20.000 realTS=33.590 fakeTS=33.590 lane=99
[PASSIVE-BEACON] SIMNOW:33.607 CID:0 ZONE:2 RXUAV:2 EDGEPORT:9996 TS:33.590 SPD:20.000 HDG:0.000 PX:682.100 PY:-10.000 LAN:99 BRK:0 RX_X:0.000 RX_Y:0.000 RX_Z:0.000
[PASSIVE-BEACON] SIMNOW:33.776 CID:5 ZONE:2 RXUAV:2 EDGEPORT:9996 TS:33.762 SPD:15.200 HDG:-1.200 PX:705.300 PY:-10.000 LAN:1 BRK:0 RX_X:0.000 RX_Y:0.000 RX_Z:0.000
[ZONE-ROUTE] CID:5 zone=2 edge_port=9996
[EDGE-RTT] CID:5 wall=1.5 ms  sim_delay=10.0 ms
[CUSUM] CID:5 S=0.000/0.800 pEdge=0.000 pCusum=0.020
[POST-HANDOVER] CID:5 zone=2 pkt=7/10 credit_factor=0.150
>>> [UAV->CLOUD] BLK:c3a4|TX:7.0.0.9|CID:5|TS:33.762|SPD:15.2|HDG:-1.2|PX:705.3|PY:-10.0|...
✓ [CAR 5] ACT=OK REP=0.726 RWD=1.000 PNL=0.000 CREDIT=18
[ATTACK-EMIT] CID:6 activeWindow=YES falsified=YES simT=33.822 realPX=715.530 fakePX=715.530 realSPD=15.000 fakeSPD=20.000 realTS=33.822 fakeTS=33.822 lane=99
[PASSIVE-BEACON] SIMNOW:33.836 CID:6 ZONE:2 RXUAV:2 EDGEPORT:9996 TS:33.822 SPD:20.000 HDG:0.000 PX:715.500 PY:-20.000 LAN:99 BRK:1 RX_X:0.000 RX_Y:0.000 RX_Z:0.000
[PASSIVE-BEACON] SIMNOW:33.976 CID:8 ZONE:2 RXUAV:2 EDGEPORT:9996 TS:33.962 SPD:15.200 HDG:1.900 PX:738.000 PY:-40.000 LAN:4 BRK:1 RX_X:0.000 RX_Y:0.000 RX_Z:0.000
[ZONE-ROUTE] CID:8 zone=2 edge_port=9996
[EDGE-RTT] CID:8 wall=1.6 ms  sim_delay=5.0 ms
[CUSUM] CID:8 S=0.000/0.800 pEdge=0.000 pCusum=0.020
[POST-HANDOVER] CID:8 zone=2 pkt=6/10 credit_factor=0.150
>>> [UAV->CLOUD] BLK:9070|TX:7.0.0.12|CID:8|TS:33.962|SPD:15.2|HDG:1.9|PX:738.0|PY:-40.0|...
[PASSIVE-BEACON] SIMNOW:33.976 CID:7 ZONE:2 RXUAV:2 EDGEPORT:9996 TS:33.962 SPD:14.800 HDG:-0.200 PX:727.600 PY:-30.000 LAN:3 BRK:1 RX_X:0.000 RX_Y:0.000 RX_Z:0.000
[ZONE-ROUTE] CID:7 zone=2 edge_port=9996
[EDGE-RTT] CID:7 wall=1.9 ms  sim_delay=5.0 ms
[CUSUM] CID:7 S=0.000/0.800 pEdge=0.000 pCusum=0.020
[POST-HANDOVER] CID:7 zone=2 pkt=7/10 credit_factor=0.150
>>> [UAV->CLOUD] BLK:77ef|TX:7.0.0.11|CID:7|TS:33.962|SPD:14.8|HDG:-0.2|PX:727.6|PY:-30.0...
[ATTACK-EMIT] CID:3 activeWindow=YES falsified=YES simT=33.980 realPX=717.900 fakePX=717.900 realSPD=15.000 fakeSPD=20.000 realTS=33.980 fakeTS=33.980 lane=99
[ATTACK-EMIT] CID:2 activeWindow=YES falsified=YES simT=33.990 realPX=708.050 fakePX=708.050 realSPD=15.000 fakeSPD=20.000 realTS=33.990 fakeTS=33.990 lane=99
[ECON-GATE] CID:7 probation active - suppressing OK reward 1.000
✓ [CAR 7] ACT=OK REP=0.800 RWD=0.000 PNL=0.000 CREDIT=12
[ECON-GATE] CID:8 probation active - suppressing OK reward 1.000
✓ [CAR 8] ACT=OK REP=0.711 RWD=0.000 PNL=0.000 CREDIT=7
[PASSIVE-BEACON] SIMNOW:33.994 CID:3 ZONE:2 RXUAV:2 EDGEPORT:9996 TS:33.980 SPD:20.000 HDG:0.000 PX:717.900 PY:-40.000 LAN:99 BRK:0 RX_X:0.000 RX_Y:0.000 RX_Z:0.000
[PASSIVE-BEACON] SIMNOW:34.004 CID:2 ZONE:2 RXUAV:2 EDGEPORT:9996 TS:33.990 SPD:20.000 HDG:0.000 PX:708.100 PY:-30.000 LAN:99 BRK:0 RX_X:0.000 RX_Y:0.000 RX_Z:0.000
[PASSIVE-BEACON] SIMNOW:34.029 CID:9 ZONE:2 RXUAV:2 EDGEPORT:9996 TS:34.012 SPD:15.400 HDG:0.400 PX:747.800 PY:-50.000 LAN:99 BRK:0 RX_X:0.000 RX_Y:0.000 RX_Z:0.000
[ATTACK-EMIT] CID:1 activeWindow=YES falsified=YES simT=34.060 realPX=699.100 fakePX=569.498 realSPD=15.000 fakeSPD=20.000 realTS=34.060 fakeTS=33.560 lane=99
[PASSIVE-BEACON] SIMNOW:34.074 CID:1 ZONE:1 RXUAV:1 EDGEPORT:9998 TS:33.560 SPD:20.000 HDG:0.000 PX:569.500 PY:-20.000 LAN:99 BRK:0 RX_X:0.000 RX_Y:0.000 RX_Z:0.000
[ATTACK-EMIT] CID:0 activeWindow=YES falsified=YES simT=34.090 realPX=689.550 fakePX=562.128 realSPD=15.000 fakeSPD=20.000 realTS=34.090 fakeTS=33.590 lane=99
[PASSIVE-BEACON] SIMNOW:34.104 CID:0 ZONE:1 RXUAV:1 EDGEPORT:9998 TS:33.590 SPD:20.000 HDG:0.000 PX:562.100 PY:-10.000 LAN:99 BRK:0 RX_X:0.000 RX_Y:0.000 RX_Z:0.000
[PASSIVE-BEACON] SIMNOW:34.276 CID:5 ZONE:2 RXUAV:2 EDGEPORT:9996 TS:34.262 SPD:15.200 HDG:0.700 PX:711.700 PY:-10.000 LAN:1 BRK:0 RX_X:0.000 RX_Y:0.000 RX_Z:0.000
[ZONE-ROUTE] CID:5 zone=2 edge_port=9996
[EDGE-RTT] CID:5 wall=1.7 ms  sim_delay=10.0 ms
[CUSUM] CID:5 S=0.000/0.800 pEdge=0.000 pCusum=0.020
[POST-HANDOVER] CID:5 zone=2 pkt=8/10 credit_factor=0.150
>>> [UAV->CLOUD] BLK:0e98|TX:7.0.0.9|CID:5|TS:34.262|SPD:15.2|HDG:0.7|PX:711.7|PY:-10.0|L...
✓ [CAR 5] ACT=OK REP=0.962 RWD=1.000 PNL=0.000 CREDIT=19
[PKT-DROP] UAV dropped telemetry from 7.0.0.10 (drop_rate=5%)
[PASSIVE-BEACON] SIMNOW:34.476 CID:8 ZONE:2 RXUAV:2 EDGEPORT:9996 TS:34.462 SPD:14.700 HDG:-1.200 PX:745.300 PY:-40.000 LAN:4 BRK:0 RX_X:0.000 RX_Y:0.000 RX_Z:0.000
[ZONE-ROUTE] CID:8 zone=2 edge_port=9996
[EDGE-RTT] CID:8 wall=1.6 ms  sim_delay=5.0 ms
[CUSUM] CID:8 S=0.000/0.800 pEdge=0.000 pCusum=0.020
[POST-HANDOVER] CID:8 zone=2 pkt=7/10 credit_factor=0.150
>>> [UAV->CLOUD] BLK:f026|TX:7.0.0.12|CID:8|TS:34.462|SPD:14.7|HDG:-1.2|PX:745.3|PY:-40.0...
[PASSIVE-BEACON] SIMNOW:34.476 CID:7 ZONE:2 RXUAV:2 EDGEPORT:9996 TS:34.462 SPD:15.400 HDG:-1.800 PX:735.300 PY:-30.000 LAN:3 BRK:0 RX_X:0.000 RX_Y:0.000 RX_Z:0.000
[ZONE-ROUTE] CID:7 zone=2 edge_port=9996
[EDGE-RTT] CID:7 wall=2.0 ms  sim_delay=5.0 ms
[CUSUM] CID:7 S=0.000/0.800 pEdge=0.000 pCusum=0.020
[POST-HANDOVER] CID:7 zone=2 pkt=8/10 credit_factor=0.150
>>> [UAV->CLOUD] BLK:d34c|TX:7.0.0.11|CID:7|TS:34.462|SPD:15.4|HDG:-1.8|PX:735.3|PY:-30.0...
[ATTACK-EMIT] CID:2 activeWindow=YES falsified=YES simT=34.490 realPX=715.550 fakePX=570.632 realSPD=15.000 fakeSPD=20.000 realTS=34.490 fakeTS=33.990 lane=99
[ECON-GATE] CID:8 probation active - suppressing OK reward 1.000
✓ [CAR 8] ACT=OK REP=0.790 RWD=0.000 PNL=0.000 CREDIT=8
[ECON-GATE] CID:7 probation active - suppressing OK reward 1.000
✓ [CAR 7] ACT=OK REP=0.600 RWD=0.000 PNL=0.000 CREDIT=13
[PASSIVE-BEACON] SIMNOW:34.494 CID:3 ZONE:2 RXUAV:2 EDGEPORT:9996 TS:34.480 SPD:14.800 HDG:-1.000 PX:725.400 PY:-40.000 LAN:99 BRK:0 RX_X:0.000 RX_Y:0.000 RX_Z:0.000
[PASSIVE-BEACON] SIMNOW:34.503 CID:2 ZONE:1 RXUAV:1 EDGEPORT:9998 TS:33.990 SPD:20.000 HDG:0.000 PX:570.600 PY:-30.000 LAN:99 BRK:0 RX_X:0.000 RX_Y:0.000 RX_Z:0.000
[PASSIVE-BEACON] SIMNOW:34.527 CID:9 ZONE:2 RXUAV:2 EDGEPORT:9996 TS:34.512 SPD:14.600 HDG:-0.600 PX:755.700 PY:-50.000 LAN:99 BRK:0 RX_X:0.000 RX_Y:0.000 RX_Z:0.000
[ATTACK-EMIT] CID:1 activeWindow=YES falsified=YES simT=34.560 realPX=706.600 fakePX=706.600 realSPD=15.000 fakeSPD=20.000 realTS=34.560 fakeTS=34.560 lane=99
[PASSIVE-BEACON] SIMNOW:34.574 CID:1 ZONE:2 RXUAV:2 EDGEPORT:9996 TS:34.560 SPD:20.000 HDG:0.000 PX:706.600 PY:-20.000 LAN:99 BRK:0 RX_X:0.000 RX_Y:0.000 RX_Z:0.000
[ATTACK-EMIT] CID:0 activeWindow=YES falsified=YES simT=34.590 realPX=697.050 fakePX=697.050 realSPD=15.000 fakeSPD=20.000 realTS=34.590 fakeTS=34.590 lane=99
[PASSIVE-BEACON] SIMNOW:34.604 CID:0 ZONE:2 RXUAV:2 EDGEPORT:9996 TS:34.590 SPD:20.000 HDG:0.000 PX:697.100 PY:-10.000 LAN:99 BRK:0 RX_X:0.000 RX_Y:0.000 RX_Z:0.000
[PASSIVE-BEACON] SIMNOW:34.774 CID:5 ZONE:2 RXUAV:2 EDGEPORT:9996 TS:34.762 SPD:14.800 HDG:-0.200 PX:719.800 PY:-10.000 LAN:1 BRK:0 RX_X:0.000 RX_Y:0.000 RX_Z:0.000
[ZONE-ROUTE] CID:5 zone=2 edge_port=9996
[EDGE-RTT] CID:5 wall=1.6 ms  sim_delay=10.0 ms
[CUSUM] CID:5 S=0.000/0.800 pEdge=0.000 pCusum=0.020
[POST-HANDOVER] CID:5 zone=2 pkt=9/10 credit_factor=0.150
>>> [UAV->CLOUD] BLK:793c|TX:7.0.0.9|CID:5|TS:34.762|SPD:14.8|HDG:-0.2|PX:719.8|PY:-10.0|...
✓ [CAR 5] ACT=OK REP=0.537 RWD=1.000 PNL=0.000 CREDIT=20
[PASSIVE-BEACON] SIMNOW:34.836 CID:6 ZONE:2 RXUAV:2 EDGEPORT:9996 TS:34.822 SPD:14.600 HDG:1.600 PX:730.200 PY:-20.000 LAN:99 BRK:0 RX_X:0.000 RX_Y:0.000 RX_Z:0.000
[PASSIVE-BEACON] SIMNOW:34.976 CID:8 ZONE:2 RXUAV:2 EDGEPORT:9996 TS:34.962 SPD:14.500 HDG:-1.300 PX:752.400 PY:-40.000 LAN:4 BRK:0 RX_X:0.000 RX_Y:0.000 RX_Z:0.000
[ZONE-ROUTE] CID:8 zone=2 edge_port=9996
[EDGE-RTT] CID:8 wall=1.3 ms  sim_delay=5.0 ms
[CUSUM] CID:8 S=0.000/0.800 pEdge=0.000 pCusum=0.020
[POST-HANDOVER] CID:8 zone=2 pkt=8/10 credit_factor=0.150
>>> [UAV->CLOUD] BLK:0e2f|TX:7.0.0.12|CID:8|TS:34.962|SPD:14.5|HDG:-1.3|PX:752.4|PY:-40.0...
[PASSIVE-BEACON] SIMNOW:34.976 CID:7 ZONE:2 RXUAV:2 EDGEPORT:9996 TS:34.962 SPD:15.500 HDG:1.700 PX:743.000 PY:-30.000 LAN:3 BRK:0 RX_X:0.000 RX_Y:0.000 RX_Z:0.000
[ZONE-ROUTE] CID:7 zone=2 edge_port=9996
[EDGE-RTT] CID:7 wall=1.4 ms  sim_delay=5.0 ms
[CUSUM] CID:7 S=0.000/0.800 pEdge=0.000 pCusum=0.020
[POST-HANDOVER] CID:7 zone=2 pkt=9/10 credit_factor=0.150
>>> [UAV->CLOUD] BLK:fe62|TX:7.0.0.11|CID:7|TS:34.962|SPD:15.5|HDG:1.7|PX:743.0|PY:-30.0|...
[ECON-GATE] CID:7 probation active - suppressing OK reward 1.000
[ECON-RESTORE] CID:7 probation cleared after 15 clean packets
✓ [CAR 7] ACT=OK REP=0.752 RWD=0.000 PNL=0.000 CREDIT=14
[ECON-GATE] CID:8 probation active - suppressing OK reward 1.000
✓ [CAR 8] ACT=OK REP=0.431 RWD=0.000 PNL=0.000 CREDIT=9
[PASSIVE-BEACON] SIMNOW:34.997 CID:3 ZONE:2 RXUAV:2 EDGEPORT:9996 TS:34.980 SPD:15.400 HDG:-1.900 PX:732.300 PY:-40.000 LAN:99 BRK:0 RX_X:0.000 RX_Y:0.000 RX_Z:0.000
[PASSIVE-BEACON] SIMNOW:35.004 CID:2 ZONE:2 RXUAV:2 EDGEPORT:9996 TS:34.990 SPD:14.900 HDG:0.600 PX:722.500 PY:-30.000 LAN:99 BRK:0 RX_X:0.000 RX_Y:0.000 RX_Z:0.000
[PASSIVE-BEACON] SIMNOW:35.026 CID:9 ZONE:2 RXUAV:2 EDGEPORT:9996 TS:35.012 SPD:14.700 HDG:1.300 PX:763.400 PY:-50.000 LAN:99 BRK:0 RX_X:0.000 RX_Y:0.000 RX_Z:0.000
[ATTACK-EMIT] CID:1 activeWindow=YES falsified=YES simT=35.060 realPX=714.100 fakePX=714.100 realSPD=15.000 fakeSPD=20.000 realTS=35.060 fakeTS=35.060 lane=99
[PASSIVE-BEACON] SIMNOW:35.074 CID:1 ZONE:2 RXUAV:2 EDGEPORT:9996 TS:35.060 SPD:20.000 HDG:0.000 PX:714.100 PY:-20.000 LAN:99 BRK:1 RX_X:0.000 RX_Y:0.000 RX_Z:0.000
[ATTACK-EMIT] CID:0 activeWindow=YES falsified=YES simT=35.090 realPX=704.550 fakePX=704.550 realSPD=15.000 fakeSPD=20.000 realTS=35.090 fakeTS=35.090 lane=99
[PASSIVE-BEACON] SIMNOW:35.104 CID:0 ZONE:2 RXUAV:2 EDGEPORT:9996 TS:35.090 SPD:20.000 HDG:0.000 PX:704.600 PY:-10.000 LAN:99 BRK:0 RX_X:0.000 RX_Y:0.000 RX_Z:0.000
[PASSIVE-BEACON] SIMNOW:35.276 CID:5 ZONE:2 RXUAV:2 EDGEPORT:9996 TS:35.262 SPD:14.700 HDG:0.800 PX:726.600 PY:-10.000 LAN:1 BRK:0 RX_X:0.000 RX_Y:0.000 RX_Z:0.000
[ZONE-ROUTE] CID:5 zone=2 edge_port=9996
[EDGE-RTT] CID:5 wall=1.7 ms  sim_delay=10.0 ms
[CUSUM] CID:5 S=0.000/0.800 pEdge=0.000 pCusum=0.020
[POST-HANDOVER] CID:5 zone=2 pkt=10/10 credit_factor=0.150
[POST-HANDOVER-END] CID:5 zone=2 probation complete
>>> [UAV->CLOUD] BLK:b026|TX:7.0.0.9|CID:5|TS:35.262|SPD:14.7|HDG:0.8|PX:726.6|PY:-10.0|L...
✓ [CAR 5] ACT=OK REP=0.765 RWD=1.000 PNL=0.000 CREDIT=21
[PASSIVE-BEACON] SIMNOW:35.334 CID:6 ZONE:2 RXUAV:2 EDGEPORT:9996 TS:35.322 SPD:15.100 HDG:-0.600 PX:738.100 PY:-20.000 LAN:99 BRK:0 RX_X:0.000 RX_Y:0.000 RX_Z:0.000
[PASSIVE-BEACON] SIMNOW:35.476 CID:8 ZONE:2 RXUAV:2 EDGEPORT:9996 TS:35.462 SPD:14.600 HDG:0.000 PX:760.600 PY:-40.000 LAN:4 BRK:0 RX_X:0.000 RX_Y:0.000 RX_Z:0.000
[ZONE-ROUTE] CID:8 zone=2 edge_port=9996
[EDGE-RTT] CID:8 wall=1.7 ms  sim_delay=5.0 ms
[CUSUM] CID:8 S=0.000/0.800 pEdge=0.000 pCusum=0.020
[POST-HANDOVER] CID:8 zone=2 pkt=9/10 credit_factor=0.150
>>> [UAV->CLOUD] BLK:9282|TX:7.0.0.12|CID:8|TS:35.462|SPD:14.6|HDG:0.0|PX:760.6|PY:-40.0|...
[PASSIVE-BEACON] SIMNOW:35.479 CID:7 ZONE:2 RXUAV:2 EDGEPORT:9996 TS:35.462 SPD:14.900 HDG:-0.800 PX:750.600 PY:-30.000 LAN:3 BRK:0 RX_X:0.000 RX_Y:0.000 RX_Z:0.000
[ZONE-ROUTE] CID:7 zone=2 edge_port=9996
[EDGE-RTT] CID:7 wall=1.4 ms  sim_delay=5.0 ms
[CUSUM] CID:7 S=0.000/0.800 pEdge=0.000 pCusum=0.020
[POST-HANDOVER] CID:7 zone=2 pkt=10/10 credit_factor=0.150
[POST-HANDOVER-END] CID:7 zone=2 probation complete
>>> [UAV->CLOUD] BLK:2f1f|TX:7.0.0.11|CID:7|TS:35.462|SPD:14.9|HDG:-0.8|PX:750.6|PY:-30.0...
[ECON-GATE] CID:8 probation active - suppressing OK reward 1.000
✓ [CAR 8] ACT=OK REP=0.418 RWD=0.000 PNL=0.000 CREDIT=10
✓ [CAR 7] ACT=OK REP=0.705 RWD=1.000 PNL=0.000 CREDIT=15
[PASSIVE-BEACON] SIMNOW:35.494 CID:3 ZONE:2 RXUAV:2 EDGEPORT:9996 TS:35.480 SPD:15.100 HDG:1.500 PX:740.700 PY:-40.000 LAN:99 BRK:0 RX_X:0.000 RX_Y:0.000 RX_Z:0.000
[PASSIVE-BEACON] SIMNOW:35.504 CID:2 ZONE:2 RXUAV:2 EDGEPORT:9996 TS:35.490 SPD:14.700 HDG:0.700 PX:729.800 PY:-30.000 LAN:99 BRK:0 RX_X:0.000 RX_Y:0.000 RX_Z:0.000
[PASSIVE-BEACON] SIMNOW:35.526 CID:9 ZONE:2 RXUAV:2 EDGEPORT:9996 TS:35.512 SPD:15.100 HDG:-0.600 PX:771.600 PY:-50.000 LAN:99 BRK:0 RX_X:0.000 RX_Y:0.000 RX_Z:0.000
[PKT-DROP] UAV dropped telemetry from 7.0.0.5 (drop_rate=5%)
[ATTACK-EMIT] CID:0 activeWindow=YES falsified=YES simT=35.590 realPX=712.050 fakePX=562.242 realSPD=15.000 fakeSPD=20.000 realTS=35.590 fakeTS=35.090 lane=99
[PASSIVE-BEACON] SIMNOW:35.604 CID:0 ZONE:1 RXUAV:1 EDGEPORT:9998 TS:35.090 SPD:20.000 HDG:0.000 PX:562.200 PY:-10.000 LAN:99 BRK:1 RX_X:0.000 RX_Y:0.000 RX_Z:0.000
[PKT-DROP] UAV dropped telemetry from 7.0.0.9 (drop_rate=5%)
[PKT-DROP] UAV dropped telemetry from 7.0.0.10 (drop_rate=5%)
[PASSIVE-BEACON] SIMNOW:35.976 CID:8 ZONE:2 RXUAV:2 EDGEPORT:9996 TS:35.962 SPD:15.300 HDG:-1.800 PX:767.900 PY:-40.000 LAN:4 BRK:1 RX_X:0.000 RX_Y:0.000 RX_Z:0.000
[ZONE-ROUTE] CID:8 zone=2 edge_port=9996
[EDGE-RTT] CID:8 wall=1.6 ms  sim_delay=5.0 ms
[CUSUM] CID:8 S=0.000/0.800 pEdge=0.000 pCusum=0.020
[POST-HANDOVER] CID:8 zone=2 pkt=10/10 credit_factor=0.150
[POST-HANDOVER-END] CID:8 zone=2 probation complete
>>> [UAV->CLOUD] BLK:6cdf|TX:7.0.0.12|CID:8|TS:35.962|SPD:15.3|HDG:-1.8|PX:767.9|PY:-40.0...
[PASSIVE-BEACON] SIMNOW:35.976 CID:7 ZONE:2 RXUAV:2 EDGEPORT:9996 TS:35.962 SPD:15.400 HDG:-1.800 PX:757.200 PY:-30.000 LAN:3 BRK:1 RX_X:0.000 RX_Y:0.000 RX_Z:0.000
[ZONE-ROUTE] CID:7 zone=2 edge_port=9996
[EDGE-RTT] CID:7 wall=2.1 ms  sim_delay=5.0 ms
[CUSUM] CID:7 S=0.000/0.800 pEdge=0.000 pCusum=0.020
>>> [UAV->CLOUD] BLK:d3e5|TX:7.0.0.11|CID:7|TS:35.962|SPD:15.4|HDG:-1.8|PX:757.2|PY:-30.0...
[ECON-GATE] CID:8 probation active - suppressing OK reward 1.000
✓ [CAR 8] ACT=OK REP=0.752 RWD=0.000 PNL=0.000 CREDIT=11
✓ [CAR 7] ACT=OK REP=0.699 RWD=1.000 PNL=0.000 CREDIT=16
[PASSIVE-BEACON] SIMNOW:35.994 CID:3 ZONE:2 RXUAV:2 EDGEPORT:9996 TS:35.980 SPD:15.000 HDG:-1.100 PX:747.800 PY:-40.000 LAN:99 BRK:0 RX_X:0.000 RX_Y:0.000 RX_Z:0.000

── PAYOFF SUMMARY ─────────────────────────────────
[PAYOFF] CID:0 cumulative_payoff=-105.295 honest_wins=0 warn_count=25 adverse_count=1 demoted=YES return_threshold=60 lane_upgraded=NO scrutiny_reduced=NO malicious=YES
[PAYOFF] CID:1 cumulative_payoff=-97.788 honest_wins=0 warn_count=24 adverse_count=1 demoted=YES return_threshold=60 lane_upgraded=NO scrutiny_reduced=NO malicious=YES
[PAYOFF] CID:2 cumulative_payoff=-90.876 honest_wins=0 warn_count=23 adverse_count=1 demoted=YES return_threshold=60 lane_upgraded=NO scrutiny_reduced=NO malicious=YES
[PAYOFF] CID:3 cumulative_payoff=-44.881 honest_wins=0 warn_count=15 adverse_count=1 demoted=YES return_threshold=60 lane_upgraded=NO scrutiny_reduced=NO malicious=YES
[PAYOFF] CID:4 cumulative_payoff=19.496 honest_wins=19 warn_count=0 adverse_count=0 demoted=NO return_threshold=0 lane_upgraded=YES scrutiny_reduced=NO malicious=YES
[PAYOFF] CID:5 cumulative_payoff=-78.834 honest_wins=22 warn_count=23 adverse_count=0 demoted=NO return_threshold=0 lane_upgraded=NO scrutiny_reduced=NO malicious=NO
[PAYOFF] CID:6 cumulative_payoff=-72.017 honest_wins=0 warn_count=20 adverse_count=1 demoted=YES return_threshold=60 lane_upgraded=NO scrutiny_reduced=NO malicious=YES
[PAYOFF] CID:7 cumulative_payoff=-83.262 honest_wins=17 warn_count=23 adverse_count=0 demoted=NO return_threshold=0 lane_upgraded=NO scrutiny_reduced=NO malicious=NO
[PAYOFF] CID:8 cumulative_payoff=-91.911 honest_wins=12 warn_count=24 adverse_count=0 demoted=NO return_threshold=0 lane_upgraded=NO scrutiny_reduced=NO malicious=NO
[PAYOFF] CID:9 cumulative_payoff=-44.666 honest_wins=0 warn_count=15 adverse_count=1 demoted=YES return_threshold=60 lane_upgraded=NO scrutiny_reduced=NO malicious=YES

--------------------------------------------------
 SIMULATION COMPLETE v90-multiuav (adaptive edge-cloud, bridge mode only)  nCars=10  attackRate=50%  attackType=5  RngRun=8
--------------------------------------------------
