[0/2] Re-checking globbed directories...
ninja: no work to do.
[TEMPTATION-T] CID:0 T_i=0.767 break-even_p*=0.395
[TEMPTATION-T] CID:1 T_i=1.921 break-even_p*=0.207
[TEMPTATION-T] CID:3 T_i=0.971 break-even_p*=0.340
[TEMPTATION-T] CID:7 T_i=2.496 break-even_p*=0.167
[TEMPTATION-T] CID:8 T_i=1.005 break-even_p*=0.332
[LATE-ATTACK] CID:2 position-aware flip armed ZoneLen=900.000m threshold=360.000m
[LATE-ATTACK] CID:4 position-aware flip armed ZoneLen=900.000m threshold=360.000m
[LATE-ATTACK] Scheduled 2 position-aware late-entry attackers ZoneLen=900.000m ThreshM=360.000m
[HANDOVER] Armed 10 triggers for Z1->Z2 at t=30.000 s (zoneEndX=900.000, leadM=300.000)

--------------------------------------------------
 UNIFIED SIMULATION v90-multiUAV (adaptive edge-cloud, bridge mode only)
--------------------------------------------------
 Cars      : 10 (5 lanes x 2)
 RngRun    : 10
 Attack    : 50%  (5 malicious) [0,1,3,7,8]
 AttackType: 5 (0=composite,1=TS-only,2=GPS-only,3=speed-only,4=stealthy,5=adaptive)
 TsOffset  : -0.500s
 SpdFactor : 1.100x
 Nash p*   : 0.400 (BAN_REWARD=1.500)
 ZONE_SAFE : 0.150
 ZONE_MALICIOUS : 0.300
 LEGACY_WIRE_ALIASES : 0
 SCR_ALERT : 0.620
 GAME_Cf   : 3.000
 CloudTrig : [unused in bridge mode] SCR<0.620 && >=4 | TIME>=3.000s | COUNT>=10
 EdgePortZ1: 127.0.0.1:9998
 EdgePortZ2: 127.0.0.1:9996
 Cloud     : 127.0.0.1:6666
 CloudMode : BRIDGE (adaptive batch calibration — cloud tunes edge params only)
 LedgerFile: blockchain_ledger.jsonl
 EdgeLatencyMs : 10.000 ms
 CloudLatencyMs: 150.000 ms
 NashP* mode   : adaptive (warmup=5 pkts, rho_hat-driven)
 S1uDelay      : 5 ms  |  PGW-rHost delay: 5 ms
 PktDropRate   : 5%  |  EdgeJitter: 30%  |  LateAttackers: 25% of mal
 BgTraffic     : 10 cars x 500 kbps UDP
 Mobility      : WaypointMobility (3-phase speed profile per lane)
 Duration  : 36.000s
--------------------------------------------------

[BG-TRAFFIC] 10 cars x 500 kbps UDP background flow to rHost installed
[PASSIVE-BEACON] SIMNOW:2.085 CID:1 ZONE:1 RXUAV:1 EDGEPORT:9998 TS:2.070 SPD:20.300 HDG:-1.800 PX:41.400 PY:-20.000 LAN:2 BRK:0 RX_X:0.000 RX_Y:0.000 RX_Z:0.000
[ZONE-ROUTE] CID:1 zone=1 edge_port=9998
[EDGE-RTT] CID:1 wall=1.7 ms  sim_delay=10.0 ms
>>> [UAV->CLOUD] BLK:21fa|TX:7.0.0.5|CID:1|TS:2.070|SPD:20.3|HDG:-1.8|PX:41.4|PY:-20.0|LA...
✓ [CAR 1] ACT=OK REP=0.828 RWD=0.996 PNL=0.000 CREDIT=0
[PASSIVE-BEACON] SIMNOW:2.104 CID:4 ZONE:1 RXUAV:1 EDGEPORT:9998 TS:2.090 SPD:20.400 HDG:-1.200 PX:42.400 PY:-50.000 LAN:5 BRK:1 RX_X:0.000 RX_Y:0.000 RX_Z:0.000
[ZONE-ROUTE] CID:4 zone=1 edge_port=9998
[EDGE-RTT] CID:4 wall=1.2 ms  sim_delay=10.0 ms
>>> [UAV->CLOUD] BLK:9117|TX:7.0.0.8|CID:4|TS:2.090|SPD:20.4|HDG:-1.2|PX:42.4|PY:-50.0|LA...
✓ [CAR 4] ACT=OK REP=0.936 RWD=0.996 PNL=0.000 CREDIT=0
[PASSIVE-BEACON] SIMNOW:2.244 CID:2 ZONE:1 RXUAV:1 EDGEPORT:9998 TS:2.230 SPD:19.900 HDG:1.000 PX:44.800 PY:-30.000 LAN:3 BRK:0 RX_X:0.000 RX_Y:0.000 RX_Z:0.000
[ZONE-ROUTE] CID:2 zone=1 edge_port=9998
[EDGE-RTT] CID:2 wall=1.5 ms  sim_delay=10.0 ms
>>> [UAV->CLOUD] BLK:8665|TX:7.0.0.6|CID:2|TS:2.230|SPD:19.9|HDG:1.0|PX:44.8|PY:-30.0|LAN...
✓ [CAR 2] ACT=OK REP=1.000 RWD=0.996 PNL=0.000 CREDIT=0
[PASSIVE-BEACON] SIMNOW:2.266 CID:6 ZONE:1 RXUAV:1 EDGEPORT:9998 TS:2.252 SPD:19.700 HDG:-0.900 PX:64.300 PY:-20.000 LAN:2 BRK:0 RX_X:0.000 RX_Y:0.000 RX_Z:0.000
[ZONE-ROUTE] CID:6 zone=1 edge_port=9998
[EDGE-RTT] CID:6 wall=0.9 ms  sim_delay=10.0 ms
>>> [UAV->CLOUD] BLK:005c|TX:7.0.0.10|CID:6|TS:2.252|SPD:19.7|HDG:-0.9|PX:64.3|PY:-20.0|L...
✓ [CAR 6] ACT=OK REP=0.632 RWD=0.996 PNL=0.000 CREDIT=0
[PASSIVE-BEACON] SIMNOW:2.346 CID:7 ZONE:1 RXUAV:1 EDGEPORT:9998 TS:2.332 SPD:19.600 HDG:-1.800 PX:66.900 PY:-30.000 LAN:3 BRK:1 RX_X:0.000 RX_Y:0.000 RX_Z:0.000
[ZONE-ROUTE] CID:7 zone=1 edge_port=9998
[EDGE-RTT] CID:7 wall=1.3 ms  sim_delay=10.0 ms
>>> [UAV->CLOUD] BLK:436f|TX:7.0.0.11|CID:7|TS:2.332|SPD:19.6|HDG:-1.8|PX:66.9|PY:-30.0|L...
✓ [CAR 7] ACT=OK REP=0.742 RWD=0.996 PNL=0.000 CREDIT=0
[PASSIVE-BEACON] SIMNOW:2.424 CID:0 ZONE:1 RXUAV:1 EDGEPORT:9998 TS:2.410 SPD:20.300 HDG:-0.600 PX:47.700 PY:-10.000 LAN:1 BRK:1 RX_X:0.000 RX_Y:0.000 RX_Z:0.000
[ZONE-ROUTE] CID:0 zone=1 edge_port=9998
[EDGE-RTT] CID:0 wall=1.3 ms  sim_delay=10.0 ms
>>> [UAV->CLOUD] BLK:ef39|TX:7.0.0.4|CID:0|TS:2.410|SPD:20.3|HDG:-0.6|PX:47.7|PY:-10.0|LA...
✓ [CAR 0] ACT=OK REP=0.672 RWD=0.996 PNL=0.000 CREDIT=0
[PASSIVE-BEACON] SIMNOW:2.444 CID:3 ZONE:1 RXUAV:1 EDGEPORT:9998 TS:2.430 SPD:19.800 HDG:-1.500 PX:48.300 PY:-40.000 LAN:4 BRK:0 RX_X:0.000 RX_Y:0.000 RX_Z:0.000
[ZONE-ROUTE] CID:3 zone=1 edge_port=9998
[EDGE-RTT] CID:3 wall=1.1 ms  sim_delay=10.0 ms
>>> [UAV->CLOUD] BLK:92bc|TX:7.0.0.7|CID:3|TS:2.430|SPD:19.8|HDG:-1.5|PX:48.3|PY:-40.0|LA...
✓ [CAR 3] ACT=OK REP=0.647 RWD=0.996 PNL=0.000 CREDIT=0
[PASSIVE-BEACON] SIMNOW:2.583 CID:1 ZONE:1 RXUAV:1 EDGEPORT:9998 TS:2.570 SPD:20.400 HDG:-1.400 PX:51.900 PY:-20.000 LAN:2 BRK:0 RX_X:0.000 RX_Y:0.000 RX_Z:0.000
[ZONE-ROUTE] CID:1 zone=1 edge_port=9998
[EDGE-RTT] CID:1 wall=1.3 ms  sim_delay=10.0 ms
>>> [UAV->CLOUD] BLK:e098|TX:7.0.0.5|CID:1|TS:2.570|SPD:20.4|HDG:-1.4|PX:51.9|PY:-20.0|LA...
✓ [CAR 1] ACT=OK REP=0.732 RWD=1.000 PNL=0.000 CREDIT=1
[PASSIVE-BEACON] SIMNOW:2.604 CID:4 ZONE:1 RXUAV:1 EDGEPORT:9998 TS:2.590 SPD:20.200 HDG:1.600 PX:52.200 PY:-50.000 LAN:5 BRK:0 RX_X:0.000 RX_Y:0.000 RX_Z:0.000
[ZONE-ROUTE] CID:4 zone=1 edge_port=9998
[EDGE-RTT] CID:4 wall=1.3 ms  sim_delay=10.0 ms
>>> [UAV->CLOUD] BLK:7f34|TX:7.0.0.8|CID:4|TS:2.590|SPD:20.2|HDG:1.6|PX:52.2|PY:-50.0|LAN...
✓ [CAR 4] ACT=OK REP=0.839 RWD=1.000 PNL=0.000 CREDIT=1
[PASSIVE-BEACON] SIMNOW:2.656 CID:5 ZONE:1 RXUAV:1 EDGEPORT:9998 TS:2.642 SPD:19.600 HDG:-0.800 PX:72.600 PY:-10.000 LAN:1 BRK:0 RX_X:0.000 RX_Y:0.000 RX_Z:0.000
[ZONE-ROUTE] CID:5 zone=1 edge_port=9998
[EDGE-RTT] CID:5 wall=1.5 ms  sim_delay=10.0 ms
>>> [UAV->CLOUD] BLK:2433|TX:7.0.0.9|CID:5|TS:2.642|SPD:19.6|HDG:-0.8|PX:72.6|PY:-10.0|LA...
✓ [CAR 5] ACT=OK REP=0.571 RWD=0.996 PNL=0.000 CREDIT=0
[PASSIVE-BEACON] SIMNOW:2.726 CID:9 ZONE:1 RXUAV:1 EDGEPORT:9998 TS:2.712 SPD:20.400 HDG:-0.600 PX:73.700 PY:-50.000 LAN:5 BRK:0 RX_X:0.000 RX_Y:0.000 RX_Z:0.000
[ZONE-ROUTE] CID:9 zone=1 edge_port=9998
[EDGE-RTT] CID:9 wall=1.4 ms  sim_delay=10.0 ms
>>> [UAV->CLOUD] BLK:4887|TX:7.0.0.13|CID:9|TS:2.712|SPD:20.4|HDG:-0.6|PX:73.7|PY:-50.0|L...
✓ [CAR 9] ACT=OK REP=0.735 RWD=0.996 PNL=0.000 CREDIT=0
[PASSIVE-BEACON] SIMNOW:2.744 CID:2 ZONE:1 RXUAV:1 EDGEPORT:9998 TS:2.730 SPD:19.800 HDG:0.000 PX:55.100 PY:-30.000 LAN:3 BRK:0 RX_X:0.000 RX_Y:0.000 RX_Z:0.000
[ZONE-ROUTE] CID:2 zone=1 edge_port=9998
[EDGE-RTT] CID:2 wall=1.1 ms  sim_delay=10.0 ms
>>> [UAV->CLOUD] BLK:8d48|TX:7.0.0.6|CID:2|TS:2.730|SPD:19.8|HDG:0.0|PX:55.1|PY:-30.0|LAN...
✓ [CAR 2] ACT=OK REP=0.914 RWD=1.000 PNL=0.000 CREDIT=1
[PASSIVE-BEACON] SIMNOW:2.766 CID:6 ZONE:1 RXUAV:1 EDGEPORT:9998 TS:2.752 SPD:19.900 HDG:0.600 PX:74.600 PY:-20.000 LAN:2 BRK:0 RX_X:0.000 RX_Y:0.000 RX_Z:0.000
[ZONE-ROUTE] CID:6 zone=1 edge_port=9998
[EDGE-RTT] CID:6 wall=1.1 ms  sim_delay=10.0 ms
>>> [UAV->CLOUD] BLK:2c3c|TX:7.0.0.10|CID:6|TS:2.752|SPD:19.9|HDG:0.6|PX:74.6|PY:-20.0|LA...
✓ [CAR 6] ACT=OK REP=0.998 RWD=1.000 PNL=0.000 CREDIT=1
[PASSIVE-BEACON] SIMNOW:2.816 CID:8 ZONE:1 RXUAV:1 EDGEPORT:9998 TS:2.802 SPD:20.100 HDG:0.700 PX:75.800 PY:-40.000 LAN:4 BRK:0 RX_X:0.000 RX_Y:0.000 RX_Z:0.000
[ZONE-ROUTE] CID:8 zone=1 edge_port=9998
[EDGE-RTT] CID:8 wall=1.4 ms  sim_delay=10.0 ms
>>> [UAV->CLOUD] BLK:03a5|TX:7.0.0.12|CID:8|TS:2.802|SPD:20.1|HDG:0.7|PX:75.8|PY:-40.0|LA...
✓ [CAR 8] ACT=OK REP=0.763 RWD=0.996 PNL=0.000 CREDIT=0
[PASSIVE-BEACON] SIMNOW:2.846 CID:7 ZONE:1 RXUAV:1 EDGEPORT:9998 TS:2.832 SPD:20.400 HDG:0.900 PX:77.000 PY:-30.000 LAN:3 BRK:0 RX_X:0.000 RX_Y:0.000 RX_Z:0.000
[ZONE-ROUTE] CID:7 zone=1 edge_port=9998
[EDGE-RTT] CID:7 wall=1.3 ms  sim_delay=10.0 ms
>>> [UAV->CLOUD] BLK:e6b1|TX:7.0.0.11|CID:7|TS:2.832|SPD:20.4|HDG:0.9|PX:77.0|PY:-30.0|LA...
✓ [CAR 7] ACT=OK REP=0.463 RWD=1.000 PNL=0.000 CREDIT=1
[PASSIVE-BEACON] SIMNOW:2.924 CID:0 ZONE:1 RXUAV:1 EDGEPORT:9998 TS:2.910 SPD:19.700 HDG:-1.700 PX:57.900 PY:-10.000 LAN:1 BRK:0 RX_X:0.000 RX_Y:0.000 RX_Z:0.000
[ZONE-ROUTE] CID:0 zone=1 edge_port=9998
[EDGE-RTT] CID:0 wall=1.2 ms  sim_delay=10.0 ms
>>> [UAV->CLOUD] BLK:4137|TX:7.0.0.4|CID:0|TS:2.910|SPD:19.7|HDG:-1.7|PX:57.9|PY:-10.0|LA...
✓ [CAR 0] ACT=OK REP=0.574 RWD=1.000 PNL=0.000 CREDIT=1
[PASSIVE-BEACON] SIMNOW:2.944 CID:3 ZONE:1 RXUAV:1 EDGEPORT:9998 TS:2.930 SPD:19.500 HDG:-0.400 PX:58.100 PY:-40.000 LAN:4 BRK:0 RX_X:0.000 RX_Y:0.000 RX_Z:0.000
[ZONE-ROUTE] CID:3 zone=1 edge_port=9998
[EDGE-RTT] CID:3 wall=1.1 ms  sim_delay=10.0 ms
>>> [UAV->CLOUD] BLK:5f9d|TX:7.0.0.7|CID:3|TS:2.930|SPD:19.5|HDG:-0.4|PX:58.1|PY:-40.0|LA...
✓ [CAR 3] ACT=OK REP=0.243 RWD=1.000 PNL=0.000 CREDIT=1
[PASSIVE-BEACON] SIMNOW:3.084 CID:1 ZONE:1 RXUAV:1 EDGEPORT:9998 TS:3.070 SPD:20.000 HDG:1.200 PX:61.600 PY:-20.000 LAN:2 BRK:1 RX_X:0.000 RX_Y:0.000 RX_Z:0.000
[ZONE-ROUTE] CID:1 zone=1 edge_port=9998
[EDGE-RTT] CID:1 wall=1.2 ms  sim_delay=10.0 ms
>>> [UAV->CLOUD] BLK:90d9|TX:7.0.0.5|CID:1|TS:3.070|SPD:20.0|HDG:1.2|PX:61.6|PY:-20.0|LAN...
✓ [CAR 1] ACT=OK REP=0.854 RWD=1.000 PNL=0.000 CREDIT=2
[PASSIVE-BEACON] SIMNOW:3.104 CID:4 ZONE:1 RXUAV:1 EDGEPORT:9998 TS:3.090 SPD:20.300 HDG:-1.300 PX:61.200 PY:-50.000 LAN:5 BRK:1 RX_X:0.000 RX_Y:0.000 RX_Z:0.000
[ZONE-ROUTE] CID:4 zone=1 edge_port=9998
[EDGE-RTT] CID:4 wall=1.2 ms  sim_delay=10.0 ms
>>> [UAV->CLOUD] BLK:5346|TX:7.0.0.8|CID:4|TS:3.090|SPD:20.3|HDG:-1.3|PX:61.2|PY:-50.0|LA...
✓ [CAR 4] ACT=OK REP=0.882 RWD=1.000 PNL=0.000 CREDIT=2
[PASSIVE-BEACON] SIMNOW:3.156 CID:5 ZONE:1 RXUAV:1 EDGEPORT:9998 TS:3.142 SPD:19.900 HDG:1.500 PX:82.300 PY:-10.000 LAN:1 BRK:0 RX_X:0.000 RX_Y:0.000 RX_Z:0.000
[ZONE-ROUTE] CID:5 zone=1 edge_port=9998
[EDGE-RTT] CID:5 wall=0.8 ms  sim_delay=10.0 ms
>>> [UAV->CLOUD] BLK:ff18|TX:7.0.0.9|CID:5|TS:3.142|SPD:19.9|HDG:1.5|PX:82.3|PY:-10.0|LAN...
✓ [CAR 5] ACT=OK REP=0.888 RWD=1.000 PNL=0.000 CREDIT=1
[PASSIVE-BEACON] SIMNOW:3.226 CID:9 ZONE:1 RXUAV:1 EDGEPORT:9998 TS:3.212 SPD:19.700 HDG:-1.300 PX:83.800 PY:-50.000 LAN:5 BRK:0 RX_X:0.000 RX_Y:0.000 RX_Z:0.000
[ZONE-ROUTE] CID:9 zone=1 edge_port=9998
[EDGE-RTT] CID:9 wall=1.2 ms  sim_delay=10.0 ms
>>> [UAV->CLOUD] BLK:63fc|TX:7.0.0.13|CID:9|TS:3.212|SPD:19.7|HDG:-1.3|PX:83.8|PY:-50.0|L...
✓ [CAR 9] ACT=OK REP=0.881 RWD=1.000 PNL=0.000 CREDIT=1
[PASSIVE-BEACON] SIMNOW:3.244 CID:2 ZONE:1 RXUAV:1 EDGEPORT:9998 TS:3.230 SPD:19.600 HDG:-0.300 PX:65.000 PY:-30.000 LAN:3 BRK:0 RX_X:0.000 RX_Y:0.000 RX_Z:0.000
[ZONE-ROUTE] CID:2 zone=1 edge_port=9998
[EDGE-RTT] CID:2 wall=1.1 ms  sim_delay=10.0 ms
>>> [UAV->CLOUD] BLK:6113|TX:7.0.0.6|CID:2|TS:3.230|SPD:19.6|HDG:-0.3|PX:65.0|PY:-30.0|LA...
✓ [CAR 2] ACT=OK REP=0.791 RWD=1.000 PNL=0.000 CREDIT=2
[PASSIVE-BEACON] SIMNOW:3.266 CID:6 ZONE:1 RXUAV:1 EDGEPORT:9998 TS:3.252 SPD:20.300 HDG:1.000 PX:84.800 PY:-20.000 LAN:2 BRK:1 RX_X:0.000 RX_Y:0.000 RX_Z:0.000
[ZONE-ROUTE] CID:6 zone=1 edge_port=9998
[EDGE-RTT] CID:6 wall=1.1 ms  sim_delay=10.0 ms
>>> [UAV->CLOUD] BLK:96ae|TX:7.0.0.10|CID:6|TS:3.252|SPD:20.3|HDG:1.0|PX:84.8|PY:-20.0|LA...
✓ [CAR 6] ACT=OK REP=0.912 RWD=1.000 PNL=0.000 CREDIT=2
[PASSIVE-BEACON] SIMNOW:3.316 CID:8 ZONE:1 RXUAV:1 EDGEPORT:9998 TS:3.302 SPD:20.200 HDG:1.700 PX:85.400 PY:-40.000 LAN:4 BRK:0 RX_X:0.000 RX_Y:0.000 RX_Z:0.000
[ZONE-ROUTE] CID:8 zone=1 edge_port=9998
[EDGE-RTT] CID:8 wall=1.2 ms  sim_delay=10.0 ms
>>> [UAV->CLOUD] BLK:922c|TX:7.0.0.12|CID:8|TS:3.302|SPD:20.2|HDG:1.7|PX:85.4|PY:-40.0|LA...
✓ [CAR 8] ACT=OK REP=0.622 RWD=1.000 PNL=0.000 CREDIT=1
[PASSIVE-BEACON] SIMNOW:3.344 CID:7 ZONE:1 RXUAV:1 EDGEPORT:9998 TS:3.332 SPD:20.200 HDG:0.200 PX:86.000 PY:-30.000 LAN:3 BRK:0 RX_X:0.000 RX_Y:0.000 RX_Z:0.000
[ZONE-ROUTE] CID:7 zone=1 edge_port=9998
[EDGE-RTT] CID:7 wall=1.4 ms  sim_delay=10.0 ms
>>> [UAV->CLOUD] BLK:9c67|TX:7.0.0.11|CID:7|TS:3.332|SPD:20.2|HDG:0.2|PX:86.0|PY:-30.0|LA...
✓ [CAR 7] ACT=OK REP=1.000 RWD=1.000 PNL=0.000 CREDIT=2
[PASSIVE-BEACON] SIMNOW:3.424 CID:0 ZONE:1 RXUAV:1 EDGEPORT:9998 TS:3.410 SPD:19.900 HDG:-1.800 PX:67.700 PY:-10.000 LAN:1 BRK:0 RX_X:0.000 RX_Y:0.000 RX_Z:0.000
[ZONE-ROUTE] CID:0 zone=1 edge_port=9998
[EDGE-RTT] CID:0 wall=1.2 ms  sim_delay=10.0 ms
>>> [UAV->CLOUD] BLK:d24a|TX:7.0.0.4|CID:0|TS:3.410|SPD:19.9|HDG:-1.8|PX:67.7|PY:-10.0|LA...
✓ [CAR 0] ACT=OK REP=0.593 RWD=1.000 PNL=0.000 CREDIT=2
[PASSIVE-BEACON] SIMNOW:3.444 CID:3 ZONE:1 RXUAV:1 EDGEPORT:9998 TS:3.430 SPD:19.800 HDG:1.800 PX:69.200 PY:-40.000 LAN:4 BRK:0 RX_X:0.000 RX_Y:0.000 RX_Z:0.000
[ZONE-ROUTE] CID:3 zone=1 edge_port=9998
[EDGE-RTT] CID:3 wall=1.2 ms  sim_delay=10.0 ms
>>> [UAV->CLOUD] BLK:0594|TX:7.0.0.7|CID:3|TS:3.430|SPD:19.8|HDG:1.8|PX:69.2|PY:-40.0|LAN...
✓ [CAR 3] ACT=OK REP=0.544 RWD=1.000 PNL=0.000 CREDIT=2
[PASSIVE-BEACON] SIMNOW:3.584 CID:1 ZONE:1 RXUAV:1 EDGEPORT:9998 TS:3.570 SPD:20.500 HDG:0.200 PX:71.400 PY:-20.000 LAN:2 BRK:0 RX_X:0.000 RX_Y:0.000 RX_Z:0.000
[ZONE-ROUTE] CID:1 zone=1 edge_port=9998
[EDGE-RTT] CID:1 wall=1.3 ms  sim_delay=10.0 ms
>>> [UAV->CLOUD] BLK:4b77|TX:7.0.0.5|CID:1|TS:3.570|SPD:20.5|HDG:0.2|PX:71.4|PY:-20.0|LAN...
✓ [CAR 1] ACT=OK REP=0.762 RWD=1.000 PNL=0.000 CREDIT=3
[PASSIVE-BEACON] SIMNOW:3.604 CID:4 ZONE:1 RXUAV:1 EDGEPORT:9998 TS:3.590 SPD:19.900 HDG:-0.100 PX:72.200 PY:-50.000 LAN:5 BRK:0 RX_X:0.000 RX_Y:0.000 RX_Z:0.000
[ZONE-ROUTE] CID:4 zone=1 edge_port=9998
[EDGE-RTT] CID:4 wall=1.2 ms  sim_delay=10.0 ms
>>> [UAV->CLOUD] BLK:5449|TX:7.0.0.8|CID:4|TS:3.590|SPD:19.9|HDG:-0.1|PX:72.2|PY:-50.0|LA...
✓ [CAR 4] ACT=OK REP=0.771 RWD=1.000 PNL=0.000 CREDIT=3
[PASSIVE-BEACON] SIMNOW:3.656 CID:5 ZONE:1 RXUAV:1 EDGEPORT:9998 TS:3.642 SPD:20.400 HDG:0.300 PX:92.300 PY:-10.000 LAN:1 BRK:1 RX_X:0.000 RX_Y:0.000 RX_Z:0.000
[ZONE-ROUTE] CID:5 zone=1 edge_port=9998
[EDGE-RTT] CID:5 wall=1.3 ms  sim_delay=10.0 ms
>>> [UAV->CLOUD] BLK:2c93|TX:7.0.0.9|CID:5|TS:3.642|SPD:20.4|HDG:0.3|PX:92.3|PY:-10.0|LAN...
✓ [CAR 5] ACT=OK REP=1.000 RWD=1.000 PNL=0.000 CREDIT=2
[PASSIVE-BEACON] SIMNOW:3.725 CID:9 ZONE:1 RXUAV:1 EDGEPORT:9998 TS:3.712 SPD:19.800 HDG:-1.500 PX:94.500 PY:-50.000 LAN:5 BRK:1 RX_X:0.000 RX_Y:0.000 RX_Z:0.000
[ZONE-ROUTE] CID:9 zone=1 edge_port=9998
[EDGE-RTT] CID:9 wall=1.2 ms  sim_delay=10.0 ms
>>> [UAV->CLOUD] BLK:ac08|TX:7.0.0.13|CID:9|TS:3.712|SPD:19.8|HDG:-1.5|PX:94.5|PY:-50.0|L...
✓ [CAR 9] ACT=OK REP=0.680 RWD=0.997 PNL=0.000 CREDIT=2
[PASSIVE-BEACON] SIMNOW:3.744 CID:2 ZONE:1 RXUAV:1 EDGEPORT:9998 TS:3.730 SPD:19.800 HDG:-1.900 PX:74.800 PY:-30.000 LAN:3 BRK:0 RX_X:0.000 RX_Y:0.000 RX_Z:0.000
[ZONE-ROUTE] CID:2 zone=1 edge_port=9998
[EDGE-RTT] CID:2 wall=1.1 ms  sim_delay=10.0 ms
>>> [UAV->CLOUD] BLK:7d1d|TX:7.0.0.6|CID:2|TS:3.730|SPD:19.8|HDG:-1.9|PX:74.8|PY:-30.0|LA...
✓ [CAR 2] ACT=OK REP=0.799 RWD=1.000 PNL=0.000 CREDIT=3
[PASSIVE-BEACON] SIMNOW:3.766 CID:6 ZONE:1 RXUAV:1 EDGEPORT:9998 TS:3.752 SPD:20.300 HDG:0.600 PX:95.200 PY:-20.000 LAN:2 BRK:0 RX_X:0.000 RX_Y:0.000 RX_Z:0.000
[ZONE-ROUTE] CID:6 zone=1 edge_port=9998
[EDGE-RTT] CID:6 wall=1.2 ms  sim_delay=10.0 ms
>>> [UAV->CLOUD] BLK:e90e|TX:7.0.0.10|CID:6|TS:3.752|SPD:20.3|HDG:0.6|PX:95.2|PY:-20.0|LA...
✓ [CAR 6] ACT=OK REP=0.844 RWD=1.000 PNL=0.000 CREDIT=3
[PASSIVE-BEACON] SIMNOW:3.815 CID:8 ZONE:1 RXUAV:1 EDGEPORT:9998 TS:3.802 SPD:20.300 HDG:-1.000 PX:96.100 PY:-40.000 LAN:4 BRK:0 RX_X:0.000 RX_Y:0.000 RX_Z:0.000
[ZONE-ROUTE] CID:8 zone=1 edge_port=9998
[EDGE-RTT] CID:8 wall=0.9 ms  sim_delay=10.0 ms
>>> [UAV->CLOUD] BLK:c18a|TX:7.0.0.12|CID:8|TS:3.802|SPD:20.3|HDG:-1.0|PX:96.1|PY:-40.0|L...
✓ [CAR 8] ACT=OK REP=0.709 RWD=1.000 PNL=0.000 CREDIT=2
[PASSIVE-BEACON] SIMNOW:3.846 CID:7 ZONE:1 RXUAV:1 EDGEPORT:9998 TS:3.832 SPD:19.600 HDG:1.200 PX:97.000 PY:-30.000 LAN:3 BRK:0 RX_X:0.000 RX_Y:0.000 RX_Z:0.000
[ZONE-ROUTE] CID:7 zone=1 edge_port=9998
[EDGE-RTT] CID:7 wall=1.2 ms  sim_delay=10.0 ms
>>> [UAV->CLOUD] BLK:68e1|TX:7.0.0.11|CID:7|TS:3.832|SPD:19.6|HDG:1.2|PX:97.0|PY:-30.0|LA...
✓ [CAR 7] ACT=OK REP=0.862 RWD=1.000 PNL=0.000 CREDIT=3
[PASSIVE-BEACON] SIMNOW:3.924 CID:0 ZONE:1 RXUAV:1 EDGEPORT:9998 TS:3.910 SPD:19.800 HDG:-1.800 PX:78.000 PY:-10.000 LAN:1 BRK:0 RX_X:0.000 RX_Y:0.000 RX_Z:0.000
[ZONE-ROUTE] CID:0 zone=1 edge_port=9998
[EDGE-RTT] CID:0 wall=1.2 ms  sim_delay=10.0 ms
>>> [UAV->CLOUD] BLK:937e|TX:7.0.0.4|CID:0|TS:3.910|SPD:19.8|HDG:-1.8|PX:78.0|PY:-10.0|LA...
✓ [CAR 0] ACT=OK REP=0.816 RWD=1.000 PNL=0.000 CREDIT=3
[PASSIVE-BEACON] SIMNOW:3.944 CID:3 ZONE:1 RXUAV:1 EDGEPORT:9998 TS:3.930 SPD:19.600 HDG:0.100 PX:77.800 PY:-40.000 LAN:4 BRK:0 RX_X:0.000 RX_Y:0.000 RX_Z:0.000
[ZONE-ROUTE] CID:3 zone=1 edge_port=9998
[EDGE-RTT] CID:3 wall=1.2 ms  sim_delay=10.0 ms
>>> [UAV->CLOUD] BLK:3048|TX:7.0.0.7|CID:3|TS:3.930|SPD:19.6|HDG:0.1|PX:77.8|PY:-40.0|LAN...
✓ [CAR 3] ACT=OK REP=0.945 RWD=1.000 PNL=0.000 CREDIT=3
[PASSIVE-BEACON] SIMNOW:4.083 CID:1 ZONE:1 RXUAV:1 EDGEPORT:9998 TS:4.070 SPD:20.000 HDG:-2.000 PX:81.400 PY:-20.000 LAN:2 BRK:0 RX_X:0.000 RX_Y:0.000 RX_Z:0.000
[ZONE-ROUTE] CID:1 zone=1 edge_port=9998
[EDGE-RTT] CID:1 wall=1.1 ms  sim_delay=10.0 ms
>>> [UAV->CLOUD] BLK:f1e5|TX:7.0.0.5|CID:1|TS:4.070|SPD:20.0|HDG:-2.0|PX:81.4|PY:-20.0|LA...
✓ [CAR 1] ACT=OK REP=0.867 RWD=1.000 PNL=0.000 CREDIT=4
[PASSIVE-BEACON] SIMNOW:4.104 CID:4 ZONE:1 RXUAV:1 EDGEPORT:9998 TS:4.090 SPD:20.200 HDG:-0.900 PX:81.300 PY:-50.000 LAN:5 BRK:0 RX_X:0.000 RX_Y:0.000 RX_Z:0.000
[ZONE-ROUTE] CID:4 zone=1 edge_port=9998
[EDGE-RTT] CID:4 wall=0.9 ms  sim_delay=10.0 ms
>>> [UAV->CLOUD] BLK:879b|TX:7.0.0.8|CID:4|TS:4.090|SPD:20.2|HDG:-0.9|PX:81.3|PY:-50.0|LA...
✓ [CAR 4] ACT=OK REP=0.851 RWD=1.000 PNL=0.000 CREDIT=4
[PASSIVE-BEACON] SIMNOW:4.156 CID:5 ZONE:1 RXUAV:1 EDGEPORT:9998 TS:4.142 SPD:20.000 HDG:1.800 PX:102.200 PY:-10.000 LAN:1 BRK:0 RX_X:0.000 RX_Y:0.000 RX_Z:0.000
[ZONE-ROUTE] CID:5 zone=1 edge_port=9998
[EDGE-RTT] CID:5 wall=1.3 ms  sim_delay=10.0 ms
>>> [UAV->CLOUD] BLK:2337|TX:7.0.0.9|CID:5|TS:4.142|SPD:20.0|HDG:1.8|PX:102.2|PY:-10.0|LA...
✓ [CAR 5] ACT=OK REP=0.923 RWD=1.000 PNL=0.000 CREDIT=3
[PASSIVE-BEACON] SIMNOW:4.226 CID:9 ZONE:1 RXUAV:1 EDGEPORT:9998 TS:4.212 SPD:19.700 HDG:-1.900 PX:104.100 PY:-50.000 LAN:5 BRK:0 RX_X:0.000 RX_Y:0.000 RX_Z:0.000
[ZONE-ROUTE] CID:9 zone=1 edge_port=9998
[EDGE-RTT] CID:9 wall=1.2 ms  sim_delay=10.0 ms
>>> [UAV->CLOUD] BLK:12cc|TX:7.0.0.13|CID:9|TS:4.212|SPD:19.7|HDG:-1.9|PX:104.1|PY:-50.0|...
✓ [CAR 9] ACT=OK REP=0.799 RWD=1.000 PNL=0.000 CREDIT=3
[PASSIVE-BEACON] SIMNOW:4.244 CID:2 ZONE:1 RXUAV:1 EDGEPORT:9998 TS:4.230 SPD:19.500 HDG:-1.200 PX:84.700 PY:-30.000 LAN:3 BRK:0 RX_X:0.000 RX_Y:0.000 RX_Z:0.000
[ZONE-ROUTE] CID:2 zone=1 edge_port=9998
[EDGE-RTT] CID:2 wall=1.2 ms  sim_delay=10.0 ms
>>> [UAV->CLOUD] BLK:2990|TX:7.0.0.6|CID:2|TS:4.230|SPD:19.5|HDG:-1.2|PX:84.7|PY:-30.0|LA...
✓ [CAR 2] ACT=OK REP=0.675 RWD=1.000 PNL=0.000 CREDIT=4
[PASSIVE-BEACON] SIMNOW:4.266 CID:6 ZONE:1 RXUAV:1 EDGEPORT:9998 TS:4.252 SPD:19.500 HDG:1.600 PX:105.600 PY:-20.000 LAN:2 BRK:0 RX_X:0.000 RX_Y:0.000 RX_Z:0.000
[ZONE-ROUTE] CID:6 zone=1 edge_port=9998
[EDGE-RTT] CID:6 wall=1.2 ms  sim_delay=10.0 ms
>>> [UAV->CLOUD] BLK:1c5d|TX:7.0.0.10|CID:6|TS:4.252|SPD:19.5|HDG:1.6|PX:105.6|PY:-20.0|L...
✓ [CAR 6] ACT=OK REP=0.751 RWD=1.000 PNL=0.000 CREDIT=4
[PASSIVE-BEACON] SIMNOW:4.316 CID:8 ZONE:1 RXUAV:1 EDGEPORT:9998 TS:4.302 SPD:20.500 HDG:-0.800 PX:106.400 PY:-40.000 LAN:4 BRK:0 RX_X:0.000 RX_Y:0.000 RX_Z:0.000
[ZONE-ROUTE] CID:8 zone=1 edge_port=9998
[EDGE-RTT] CID:8 wall=1.2 ms  sim_delay=10.0 ms
>>> [UAV->CLOUD] BLK:83bc|TX:7.0.0.12|CID:8|TS:4.302|SPD:20.5|HDG:-0.8|PX:106.4|PY:-40.0|...
✓ [CAR 8] ACT=OK REP=0.629 RWD=1.000 PNL=0.000 CREDIT=3
[PASSIVE-BEACON] SIMNOW:4.346 CID:7 ZONE:1 RXUAV:1 EDGEPORT:9998 TS:4.332 SPD:19.900 HDG:1.600 PX:106.800 PY:-30.000 LAN:3 BRK:0 RX_X:0.000 RX_Y:0.000 RX_Z:0.000
[ZONE-ROUTE] CID:7 zone=1 edge_port=9998
[EDGE-RTT] CID:7 wall=1.3 ms  sim_delay=10.0 ms
>>> [UAV->CLOUD] BLK:20ba|TX:7.0.0.11|CID:7|TS:4.332|SPD:19.9|HDG:1.6|PX:106.8|PY:-30.0|L...
✓ [CAR 7] ACT=OK REP=0.800 RWD=1.000 PNL=0.000 CREDIT=4
[PASSIVE-BEACON] SIMNOW:4.424 CID:0 ZONE:1 RXUAV:1 EDGEPORT:9998 TS:4.410 SPD:19.900 HDG:1.100 PX:88.000 PY:-10.000 LAN:1 BRK:0 RX_X:0.000 RX_Y:0.000 RX_Z:0.000
[ZONE-ROUTE] CID:0 zone=1 edge_port=9998
[EDGE-RTT] CID:0 wall=1.0 ms  sim_delay=10.0 ms
>>> [UAV->CLOUD] BLK:4d37|TX:7.0.0.4|CID:0|TS:4.410|SPD:19.9|HDG:1.1|PX:88.0|PY:-10.0|LAN...
✓ [CAR 0] ACT=OK REP=1.000 RWD=1.000 PNL=0.000 CREDIT=4
[PASSIVE-BEACON] SIMNOW:4.442 CID:3 ZONE:1 RXUAV:1 EDGEPORT:9998 TS:4.430 SPD:20.100 HDG:1.800 PX:88.500 PY:-40.000 LAN:4 BRK:0 RX_X:0.000 RX_Y:0.000 RX_Z:0.000
[ZONE-ROUTE] CID:3 zone=1 edge_port=9998
[EDGE-RTT] CID:3 wall=1.0 ms  sim_delay=10.0 ms
>>> [UAV->CLOUD] BLK:c816|TX:7.0.0.7|CID:3|TS:4.430|SPD:20.1|HDG:1.8|PX:88.5|PY:-40.0|LAN...
✓ [CAR 3] ACT=OK REP=0.659 RWD=1.000 PNL=0.000 CREDIT=4
[PASSIVE-BEACON] SIMNOW:4.584 CID:1 ZONE:1 RXUAV:1 EDGEPORT:9998 TS:4.570 SPD:19.700 HDG:-1.900 PX:91.400 PY:-20.000 LAN:2 BRK:0 RX_X:0.000 RX_Y:0.000 RX_Z:0.000
[ZONE-ROUTE] CID:1 zone=1 edge_port=9998
[EDGE-RTT] CID:1 wall=0.7 ms  sim_delay=10.0 ms
>>> [UAV->CLOUD] BLK:7720|TX:7.0.0.5|CID:1|TS:4.570|SPD:19.7|HDG:-1.9|PX:91.4|PY:-20.0|LA...
✓ [CAR 1] ACT=OK REP=1.000 RWD=1.000 PNL=0.000 CREDIT=5
[PASSIVE-BEACON] SIMNOW:4.604 CID:4 ZONE:1 RXUAV:1 EDGEPORT:9998 TS:4.590 SPD:20.200 HDG:0.900 PX:91.600 PY:-50.000 LAN:5 BRK:0 RX_X:0.000 RX_Y:0.000 RX_Z:0.000
[ZONE-ROUTE] CID:4 zone=1 edge_port=9998
[EDGE-RTT] CID:4 wall=0.9 ms  sim_delay=10.0 ms
>>> [UAV->CLOUD] BLK:dcdc|TX:7.0.0.8|CID:4|TS:4.590|SPD:20.2|HDG:0.9|PX:91.6|PY:-50.0|LAN...
✓ [CAR 4] ACT=OK REP=0.638 RWD=1.000 PNL=0.000 CREDIT=5
[PASSIVE-BEACON] SIMNOW:4.656 CID:5 ZONE:1 RXUAV:1 EDGEPORT:9998 TS:4.642 SPD:20.100 HDG:0.000 PX:112.400 PY:-10.000 LAN:1 BRK:0 RX_X:0.000 RX_Y:0.000 RX_Z:0.000
[ZONE-ROUTE] CID:5 zone=1 edge_port=9998
[EDGE-RTT] CID:5 wall=1.0 ms  sim_delay=10.0 ms
>>> [UAV->CLOUD] BLK:d0ab|TX:7.0.0.9|CID:5|TS:4.642|SPD:20.1|HDG:0.0|PX:112.4|PY:-10.0|LA...
✓ [CAR 5] ACT=OK REP=0.996 RWD=1.000 PNL=0.000 CREDIT=4
[PASSIVE-BEACON] SIMNOW:4.726 CID:9 ZONE:1 RXUAV:1 EDGEPORT:9998 TS:4.712 SPD:20.400 HDG:-1.900 PX:114.000 PY:-50.000 LAN:5 BRK:0 RX_X:0.000 RX_Y:0.000 RX_Z:0.000
[ZONE-ROUTE] CID:9 zone=1 edge_port=9998
[EDGE-RTT] CID:9 wall=0.7 ms  sim_delay=10.0 ms
>>> [UAV->CLOUD] BLK:4492|TX:7.0.0.13|CID:9|TS:4.712|SPD:20.4|HDG:-1.9|PX:114.0|PY:-50.0|...
✓ [CAR 9] ACT=OK REP=0.693 RWD=1.000 PNL=0.000 CREDIT=4
[PASSIVE-BEACON] SIMNOW:4.744 CID:2 ZONE:1 RXUAV:1 EDGEPORT:9998 TS:4.730 SPD:20.400 HDG:-0.900 PX:93.900 PY:-30.000 LAN:3 BRK:0 RX_X:0.000 RX_Y:0.000 RX_Z:0.000
[ZONE-ROUTE] CID:2 zone=1 edge_port=9998
[EDGE-RTT] CID:2 wall=0.8 ms  sim_delay=10.0 ms
>>> [UAV->CLOUD] BLK:3c75|TX:7.0.0.6|CID:2|TS:4.730|SPD:20.4|HDG:-0.9|PX:93.9|PY:-30.0|LA...
✓ [CAR 2] ACT=OK REP=1.000 RWD=1.000 PNL=0.000 CREDIT=5
[PASSIVE-BEACON] SIMNOW:4.766 CID:6 ZONE:1 RXUAV:1 EDGEPORT:9998 TS:4.752 SPD:19.900 HDG:-0.800 PX:114.900 PY:-20.000 LAN:2 BRK:1 RX_X:0.000 RX_Y:0.000 RX_Z:0.000
[ZONE-ROUTE] CID:6 zone=1 edge_port=9998
[EDGE-RTT] CID:6 wall=1.0 ms  sim_delay=10.0 ms
>>> [UAV->CLOUD] BLK:337f|TX:7.0.0.10|CID:6|TS:4.752|SPD:19.9|HDG:-0.8|PX:114.9|PY:-20.0|...
✓ [CAR 6] ACT=OK REP=0.797 RWD=1.000 PNL=0.000 CREDIT=5
[PASSIVE-BEACON] SIMNOW:4.816 CID:8 ZONE:1 RXUAV:1 EDGEPORT:9998 TS:4.802 SPD:20.400 HDG:-0.200 PX:116.100 PY:-40.000 LAN:4 BRK:0 RX_X:0.000 RX_Y:0.000 RX_Z:0.000
[ZONE-ROUTE] CID:8 zone=1 edge_port=9998
[EDGE-RTT] CID:8 wall=1.0 ms  sim_delay=10.0 ms
>>> [UAV->CLOUD] BLK:ef1d|TX:7.0.0.12|CID:8|TS:4.802|SPD:20.4|HDG:-0.2|PX:116.1|PY:-40.0|...
✓ [CAR 8] ACT=OK REP=0.798 RWD=1.000 PNL=0.000 CREDIT=4
[PASSIVE-BEACON] SIMNOW:4.845 CID:7 ZONE:1 RXUAV:1 EDGEPORT:9998 TS:4.832 SPD:20.200 HDG:1.400 PX:116.100 PY:-30.000 LAN:3 BRK:0 RX_X:0.000 RX_Y:0.000 RX_Z:0.000
[ZONE-ROUTE] CID:7 zone=1 edge_port=9998
[EDGE-RTT] CID:7 wall=1.1 ms  sim_delay=10.0 ms
>>> [UAV->CLOUD] BLK:2f3e|TX:7.0.0.11|CID:7|TS:4.832|SPD:20.2|HDG:1.4|PX:116.1|PY:-30.0|L...
✓ [CAR 7] ACT=OK REP=1.000 RWD=1.000 PNL=0.000 CREDIT=5
[PASSIVE-BEACON] SIMNOW:4.924 CID:0 ZONE:1 RXUAV:1 EDGEPORT:9998 TS:4.910 SPD:19.800 HDG:0.000 PX:97.800 PY:-10.000 LAN:1 BRK:0 RX_X:0.000 RX_Y:0.000 RX_Z:0.000
[ZONE-ROUTE] CID:0 zone=1 edge_port=9998
[EDGE-RTT] CID:0 wall=0.6 ms  sim_delay=10.0 ms
>>> [UAV->CLOUD] BLK:96aa|TX:7.0.0.4|CID:0|TS:4.910|SPD:19.8|HDG:0.0|PX:97.8|PY:-10.0|LAN...
✓ [CAR 0] ACT=OK REP=0.753 RWD=1.000 PNL=0.000 CREDIT=5
[PASSIVE-BEACON] SIMNOW:4.944 CID:3 ZONE:1 RXUAV:1 EDGEPORT:9998 TS:4.930 SPD:19.800 HDG:1.700 PX:99.200 PY:-40.000 LAN:4 BRK:0 RX_X:0.000 RX_Y:0.000 RX_Z:0.000
[ZONE-ROUTE] CID:3 zone=1 edge_port=9998
[EDGE-RTT] CID:3 wall=0.9 ms  sim_delay=10.0 ms
>>> [UAV->CLOUD] BLK:b995|TX:7.0.0.7|CID:3|TS:4.930|SPD:19.8|HDG:1.7|PX:99.2|PY:-40.0|LAN...
✓ [CAR 3] ACT=OK REP=0.818 RWD=1.000 PNL=0.000 CREDIT=5
[PASSIVE-BEACON] SIMNOW:5.084 CID:1 ZONE:1 RXUAV:1 EDGEPORT:9998 TS:5.070 SPD:19.700 HDG:-0.600 PX:101.600 PY:-20.000 LAN:2 BRK:0 RX_X:0.000 RX_Y:0.000 RX_Z:0.000
[ZONE-ROUTE] CID:1 zone=1 edge_port=9998
[EDGE-RTT] CID:1 wall=1.2 ms  sim_delay=10.0 ms
>>> [UAV->CLOUD] BLK:489d|TX:7.0.0.5|CID:1|TS:5.070|SPD:19.7|HDG:-0.6|PX:101.6|PY:-20.0|L...
✓ [CAR 1] ACT=OK REP=0.784 RWD=1.000 PNL=0.000 CREDIT=6
[PASSIVE-BEACON] SIMNOW:5.104 CID:4 ZONE:1 RXUAV:1 EDGEPORT:9998 TS:5.090 SPD:20.000 HDG:0.600 PX:102.100 PY:-50.000 LAN:5 BRK:0 RX_X:0.000 RX_Y:0.000 RX_Z:0.000
[ZONE-ROUTE] CID:4 zone=1 edge_port=9998
[EDGE-RTT] CID:4 wall=0.9 ms  sim_delay=10.0 ms
>>> [UAV->CLOUD] BLK:7e2e|TX:7.0.0.8|CID:4|TS:5.090|SPD:20.0|HDG:0.6|PX:102.1|PY:-50.0|LA...
✓ [CAR 4] ACT=OK REP=0.906 RWD=1.000 PNL=0.000 CREDIT=6
[PASSIVE-BEACON] SIMNOW:5.156 CID:5 ZONE:1 RXUAV:1 EDGEPORT:9998 TS:5.142 SPD:20.100 HDG:-0.700 PX:123.500 PY:-10.000 LAN:1 BRK:0 RX_X:0.000 RX_Y:0.000 RX_Z:0.000
[ZONE-ROUTE] CID:5 zone=1 edge_port=9998
[EDGE-RTT] CID:5 wall=1.0 ms  sim_delay=10.0 ms
>>> [UAV->CLOUD] BLK:5a56|TX:7.0.0.9|CID:5|TS:5.142|SPD:20.1|HDG:-0.7|PX:123.5|PY:-10.0|L...
✓ [CAR 5] ACT=OK REP=0.967 RWD=1.000 PNL=0.000 CREDIT=5
[PASSIVE-BEACON] SIMNOW:5.226 CID:9 ZONE:1 RXUAV:1 EDGEPORT:9998 TS:5.212 SPD:20.300 HDG:-1.900 PX:124.200 PY:-50.000 LAN:5 BRK:0 RX_X:0.000 RX_Y:0.000 RX_Z:0.000
[ZONE-ROUTE] CID:9 zone=1 edge_port=9998
[EDGE-RTT] CID:9 wall=1.1 ms  sim_delay=10.0 ms
>>> [UAV->CLOUD] BLK:d46d|TX:7.0.0.13|CID:9|TS:5.212|SPD:20.3|HDG:-1.9|PX:124.2|PY:-50.0|...
✓ [CAR 9] ACT=OK REP=0.828 RWD=1.000 PNL=0.000 CREDIT=5
[PASSIVE-BEACON] SIMNOW:5.244 CID:2 ZONE:1 RXUAV:1 EDGEPORT:9998 TS:5.230 SPD:20.200 HDG:1.500 PX:104.500 PY:-30.000 LAN:3 BRK:0 RX_X:0.000 RX_Y:0.000 RX_Z:0.000
[ZONE-ROUTE] CID:2 zone=1 edge_port=9998
[EDGE-RTT] CID:2 wall=1.0 ms  sim_delay=10.0 ms
>>> [UAV->CLOUD] BLK:872e|TX:7.0.0.6|CID:2|TS:5.230|SPD:20.2|HDG:1.5|PX:104.5|PY:-30.0|LA...
✓ [CAR 2] ACT=OK REP=0.714 RWD=1.000 PNL=0.000 CREDIT=6
[PASSIVE-BEACON] SIMNOW:5.266 CID:6 ZONE:1 RXUAV:1 EDGEPORT:9998 TS:5.252 SPD:20.400 HDG:-1.500 PX:125.600 PY:-20.000 LAN:2 BRK:0 RX_X:0.000 RX_Y:0.000 RX_Z:0.000
[ZONE-ROUTE] CID:6 zone=1 edge_port=9998
[EDGE-RTT] CID:6 wall=0.8 ms  sim_delay=10.0 ms
>>> [UAV->CLOUD] BLK:23d2|TX:7.0.0.10|CID:6|TS:5.252|SPD:20.4|HDG:-1.5|PX:125.6|PY:-20.0|...
✓ [CAR 6] ACT=OK REP=1.000 RWD=1.000 PNL=0.000 CREDIT=6
[PASSIVE-BEACON] SIMNOW:5.315 CID:8 ZONE:1 RXUAV:1 EDGEPORT:9998 TS:5.302 SPD:20.000 HDG:1.100 PX:126.400 PY:-40.000 LAN:4 BRK:0 RX_X:0.000 RX_Y:0.000 RX_Z:0.000
[ZONE-ROUTE] CID:8 zone=1 edge_port=9998
[EDGE-RTT] CID:8 wall=0.9 ms  sim_delay=10.0 ms
>>> [UAV->CLOUD] BLK:f9d6|TX:7.0.0.12|CID:8|TS:5.302|SPD:20.0|HDG:1.1|PX:126.4|PY:-40.0|L...
✓ [CAR 8] ACT=OK REP=1.000 RWD=1.000 PNL=0.000 CREDIT=5
[PASSIVE-BEACON] SIMNOW:5.346 CID:7 ZONE:1 RXUAV:1 EDGEPORT:9998 TS:5.332 SPD:20.400 HDG:-1.000 PX:126.900 PY:-30.000 LAN:3 BRK:0 RX_X:0.000 RX_Y:0.000 RX_Z:0.000
[ZONE-ROUTE] CID:7 zone=1 edge_port=9998
[EDGE-RTT] CID:7 wall=0.6 ms  sim_delay=10.0 ms
>>> [UAV->CLOUD] BLK:f9fd|TX:7.0.0.11|CID:7|TS:5.332|SPD:20.4|HDG:-1.0|PX:126.9|PY:-30.0|...
✓ [CAR 7] ACT=OK REP=0.844 RWD=1.000 PNL=0.000 CREDIT=6
[PASSIVE-BEACON] SIMNOW:5.424 CID:0 ZONE:1 RXUAV:1 EDGEPORT:9998 TS:5.410 SPD:20.300 HDG:0.500 PX:108.300 PY:-10.000 LAN:1 BRK:0 RX_X:0.000 RX_Y:0.000 RX_Z:0.000
[ZONE-ROUTE] CID:0 zone=1 edge_port=9998
[EDGE-RTT] CID:0 wall=0.9 ms  sim_delay=10.0 ms
>>> [UAV->CLOUD] BLK:d54f|TX:7.0.0.4|CID:0|TS:5.410|SPD:20.3|HDG:0.5|PX:108.3|PY:-10.0|LA...
✓ [CAR 0] ACT=OK REP=0.946 RWD=1.000 PNL=0.000 CREDIT=6
[PASSIVE-BEACON] SIMNOW:5.444 CID:3 ZONE:1 RXUAV:1 EDGEPORT:9998 TS:5.430 SPD:20.200 HDG:-1.600 PX:108.100 PY:-40.000 LAN:4 BRK:0 RX_X:0.000 RX_Y:0.000 RX_Z:0.000
[ZONE-ROUTE] CID:3 zone=1 edge_port=9998
[EDGE-RTT] CID:3 wall=0.9 ms  sim_delay=10.0 ms
>>> [UAV->CLOUD] BLK:4cfd|TX:7.0.0.7|CID:3|TS:5.430|SPD:20.2|HDG:-1.6|PX:108.1|PY:-40.0|L...
✓ [CAR 3] ACT=OK REP=0.720 RWD=1.000 PNL=0.000 CREDIT=6
[PASSIVE-BEACON] SIMNOW:5.584 CID:1 ZONE:1 RXUAV:1 EDGEPORT:9998 TS:5.570 SPD:19.900 HDG:-1.000 PX:111.200 PY:-20.000 LAN:2 BRK:0 RX_X:0.000 RX_Y:0.000 RX_Z:0.000
[ZONE-ROUTE] CID:1 zone=1 edge_port=9998
[EDGE-RTT] CID:1 wall=0.9 ms  sim_delay=10.0 ms
>>> [UAV->CLOUD] BLK:6832|TX:7.0.0.5|CID:1|TS:5.570|SPD:19.9|HDG:-1.0|PX:111.2|PY:-20.0|L...
✓ [CAR 1] ACT=OK REP=0.686 RWD=1.000 PNL=0.000 CREDIT=7
[PASSIVE-BEACON] SIMNOW:5.604 CID:4 ZONE:1 RXUAV:1 EDGEPORT:9998 TS:5.590 SPD:19.700 HDG:-1.000 PX:112.400 PY:-50.000 LAN:5 BRK:0 RX_X:0.000 RX_Y:0.000 RX_Z:0.000
[ZONE-ROUTE] CID:4 zone=1 edge_port=9998
[EDGE-RTT] CID:4 wall=0.8 ms  sim_delay=10.0 ms
>>> [UAV->CLOUD] BLK:d1b4|TX:7.0.0.8|CID:4|TS:5.590|SPD:19.7|HDG:-1.0|PX:112.4|PY:-50.0|L...
✓ [CAR 4] ACT=OK REP=0.818 RWD=1.000 PNL=0.000 CREDIT=7
[PASSIVE-BEACON] SIMNOW:5.656 CID:5 ZONE:1 RXUAV:1 EDGEPORT:9998 TS:5.642 SPD:20.100 HDG:-0.000 PX:133.200 PY:-10.000 LAN:1 BRK:0 RX_X:0.000 RX_Y:0.000 RX_Z:0.000
[ZONE-ROUTE] CID:5 zone=1 edge_port=9998
[EDGE-RTT] CID:5 wall=0.9 ms  sim_delay=10.0 ms
>>> [UAV->CLOUD] BLK:8034|TX:7.0.0.9|CID:5|TS:5.642|SPD:20.1|HDG:-0.0|PX:133.2|PY:-10.0|L...
✓ [CAR 5] ACT=OK REP=0.685 RWD=1.000 PNL=0.000 CREDIT=6
[PASSIVE-BEACON] SIMNOW:5.726 CID:9 ZONE:1 RXUAV:1 EDGEPORT:9998 TS:5.712 SPD:20.400 HDG:-1.400 PX:134.500 PY:-50.000 LAN:5 BRK:0 RX_X:0.000 RX_Y:0.000 RX_Z:0.000
[ZONE-ROUTE] CID:9 zone=1 edge_port=9998
[EDGE-RTT] CID:9 wall=1.0 ms  sim_delay=10.0 ms
>>> [UAV->CLOUD] BLK:4ff9|TX:7.0.0.13|CID:9|TS:5.712|SPD:20.4|HDG:-1.4|PX:134.5|PY:-50.0|...
✓ [CAR 9] ACT=OK REP=0.855 RWD=1.000 PNL=0.000 CREDIT=6
[PASSIVE-BEACON] SIMNOW:5.744 CID:2 ZONE:1 RXUAV:1 EDGEPORT:9998 TS:5.730 SPD:20.100 HDG:-1.800 PX:114.200 PY:-30.000 LAN:3 BRK:0 RX_X:0.000 RX_Y:0.000 RX_Z:0.000
[ZONE-ROUTE] CID:2 zone=1 edge_port=9998
[EDGE-RTT] CID:2 wall=1.1 ms  sim_delay=10.0 ms
>>> [UAV->CLOUD] BLK:c15a|TX:7.0.0.6|CID:2|TS:5.730|SPD:20.1|HDG:-1.8|PX:114.2|PY:-30.0|L...
✓ [CAR 2] ACT=OK REP=0.806 RWD=1.000 PNL=0.000 CREDIT=7
[PASSIVE-BEACON] SIMNOW:5.766 CID:6 ZONE:1 RXUAV:1 EDGEPORT:9998 TS:5.752 SPD:20.300 HDG:-0.200 PX:135.500 PY:-20.000 LAN:2 BRK:0 RX_X:0.000 RX_Y:0.000 RX_Z:0.000
[ZONE-ROUTE] CID:6 zone=1 edge_port=9998
[EDGE-RTT] CID:6 wall=0.9 ms  sim_delay=10.0 ms
>>> [UAV->CLOUD] BLK:9411|TX:7.0.0.10|CID:6|TS:5.752|SPD:20.3|HDG:-0.2|PX:135.5|PY:-20.0|...
✓ [CAR 6] ACT=OK REP=0.656 RWD=1.000 PNL=0.000 CREDIT=7
[PASSIVE-BEACON] SIMNOW:5.816 CID:8 ZONE:1 RXUAV:1 EDGEPORT:9998 TS:5.802 SPD:19.600 HDG:0.200 PX:136.100 PY:-40.000 LAN:4 BRK:0 RX_X:0.000 RX_Y:0.000 RX_Z:0.000
[ZONE-ROUTE] CID:8 zone=1 edge_port=9998
[EDGE-RTT] CID:8 wall=0.9 ms  sim_delay=10.0 ms
>>> [UAV->CLOUD] BLK:e2eb|TX:7.0.0.12|CID:8|TS:5.802|SPD:19.6|HDG:0.2|PX:136.1|PY:-40.0|L...
✓ [CAR 8] ACT=OK REP=0.855 RWD=1.000 PNL=0.000 CREDIT=6
[PASSIVE-BEACON] SIMNOW:5.846 CID:7 ZONE:1 RXUAV:1 EDGEPORT:9998 TS:5.832 SPD:19.600 HDG:0.400 PX:136.100 PY:-30.000 LAN:3 BRK:0 RX_X:0.000 RX_Y:0.000 RX_Z:0.000
[ZONE-ROUTE] CID:7 zone=1 edge_port=9998
[EDGE-RTT] CID:7 wall=1.0 ms  sim_delay=10.0 ms
>>> [UAV->CLOUD] BLK:9ebc|TX:7.0.0.11|CID:7|TS:5.832|SPD:19.6|HDG:0.4|PX:136.1|PY:-30.0|L...
✓ [CAR 7] ACT=OK REP=1.000 RWD=1.000 PNL=0.000 CREDIT=7
[PKT-DROP] UAV dropped telemetry from 7.0.0.4 (drop_rate=5%)
[PASSIVE-BEACON] SIMNOW:5.943 CID:3 ZONE:1 RXUAV:1 EDGEPORT:9998 TS:5.930 SPD:20.400 HDG:-0.600 PX:119.000 PY:-40.000 LAN:4 BRK:0 RX_X:0.000 RX_Y:0.000 RX_Z:0.000
[ZONE-ROUTE] CID:3 zone=1 edge_port=9998
[EDGE-RTT] CID:3 wall=1.1 ms  sim_delay=10.0 ms
>>> [UAV->CLOUD] BLK:a902|TX:7.0.0.7|CID:3|TS:5.930|SPD:20.4|HDG:-0.6|PX:119.0|PY:-40.0|L...
✓ [CAR 3] ACT=OK REP=0.970 RWD=1.000 PNL=0.000 CREDIT=7
[PASSIVE-BEACON] SIMNOW:6.084 CID:1 ZONE:1 RXUAV:1 EDGEPORT:9998 TS:6.070 SPD:20.100 HDG:1.000 PX:122.100 PY:-20.000 LAN:2 BRK:0 RX_X:0.000 RX_Y:0.000 RX_Z:0.000
[ZONE-ROUTE] CID:1 zone=1 edge_port=9998
[EDGE-RTT] CID:1 wall=1.0 ms  sim_delay=10.0 ms
>>> [UAV->CLOUD] BLK:2c58|TX:7.0.0.5|CID:1|TS:6.070|SPD:20.1|HDG:1.0|PX:122.1|PY:-20.0|LA...
✓ [CAR 1] ACT=OK REP=0.702 RWD=1.000 PNL=0.000 CREDIT=8
[PASSIVE-BEACON] SIMNOW:6.104 CID:4 ZONE:1 RXUAV:1 EDGEPORT:9998 TS:6.090 SPD:19.900 HDG:0.900 PX:121.800 PY:-50.000 LAN:5 BRK:1 RX_X:0.000 RX_Y:0.000 RX_Z:0.000
[ZONE-ROUTE] CID:4 zone=1 edge_port=9998
[EDGE-RTT] CID:4 wall=1.0 ms  sim_delay=10.0 ms
>>> [UAV->CLOUD] BLK:42de|TX:7.0.0.8|CID:4|TS:6.090|SPD:19.9|HDG:0.9|PX:121.8|PY:-50.0|LA...
✓ [CAR 4] ACT=OK REP=1.000 RWD=1.000 PNL=0.000 CREDIT=8
[PASSIVE-BEACON] SIMNOW:6.156 CID:5 ZONE:1 RXUAV:1 EDGEPORT:9998 TS:6.142 SPD:19.600 HDG:0.400 PX:143.500 PY:-10.000 LAN:1 BRK:0 RX_X:0.000 RX_Y:0.000 RX_Z:0.000
[ZONE-ROUTE] CID:5 zone=1 edge_port=9998
[EDGE-RTT] CID:5 wall=0.9 ms  sim_delay=10.0 ms
>>> [UAV->CLOUD] BLK:ac8d|TX:7.0.0.9|CID:5|TS:6.142|SPD:19.6|HDG:0.4|PX:143.5|PY:-10.0|LA...
✓ [CAR 5] ACT=OK REP=1.000 RWD=1.000 PNL=0.000 CREDIT=7
[PASSIVE-BEACON] SIMNOW:6.226 CID:9 ZONE:1 RXUAV:1 EDGEPORT:9998 TS:6.212 SPD:19.900 HDG:-1.900 PX:144.700 PY:-50.000 LAN:5 BRK:0 RX_X:0.000 RX_Y:0.000 RX_Z:0.000
[ZONE-ROUTE] CID:9 zone=1 edge_port=9998
[EDGE-RTT] CID:9 wall=1.1 ms  sim_delay=10.0 ms
>>> [UAV->CLOUD] BLK:1dbf|TX:7.0.0.13|CID:9|TS:6.212|SPD:19.9|HDG:-1.9|PX:144.7|PY:-50.0|...
✓ [CAR 9] ACT=OK REP=0.890 RWD=1.000 PNL=0.000 CREDIT=7
[PASSIVE-BEACON] SIMNOW:6.244 CID:2 ZONE:1 RXUAV:1 EDGEPORT:9998 TS:6.230 SPD:20.100 HDG:-0.700 PX:124.800 PY:-30.000 LAN:3 BRK:0 RX_X:0.000 RX_Y:0.000 RX_Z:0.000
[ZONE-ROUTE] CID:2 zone=1 edge_port=9998
[EDGE-RTT] CID:2 wall=0.8 ms  sim_delay=10.0 ms
>>> [UAV->CLOUD] BLK:714d|TX:7.0.0.6|CID:2|TS:6.230|SPD:20.1|HDG:-0.7|PX:124.8|PY:-30.0|L...
✓ [CAR 2] ACT=OK REP=1.000 RWD=1.000 PNL=0.000 CREDIT=8
[PASSIVE-BEACON] SIMNOW:6.266 CID:6 ZONE:1 RXUAV:1 EDGEPORT:9998 TS:6.252 SPD:20.400 HDG:-1.200 PX:144.700 PY:-20.000 LAN:2 BRK:0 RX_X:0.000 RX_Y:0.000 RX_Z:0.000
[ZONE-ROUTE] CID:6 zone=1 edge_port=9998
[EDGE-RTT] CID:6 wall=0.8 ms  sim_delay=10.0 ms
>>> [UAV->CLOUD] BLK:18ee|TX:7.0.0.10|CID:6|TS:6.252|SPD:20.4|HDG:-1.2|PX:144.7|PY:-20.0|...
✓ [CAR 6] ACT=OK REP=0.963 RWD=1.000 PNL=0.000 CREDIT=8
[PASSIVE-BEACON] SIMNOW:6.316 CID:8 ZONE:1 RXUAV:1 EDGEPORT:9998 TS:6.302 SPD:19.900 HDG:1.800 PX:146.100 PY:-40.000 LAN:4 BRK:0 RX_X:0.000 RX_Y:0.000 RX_Z:0.000
[ZONE-ROUTE] CID:8 zone=1 edge_port=9998
[EDGE-RTT] CID:8 wall=1.1 ms  sim_delay=10.0 ms
>>> [UAV->CLOUD] BLK:00d4|TX:7.0.0.12|CID:8|TS:6.302|SPD:19.9|HDG:1.8|PX:146.1|PY:-40.0|L...
✓ [CAR 8] ACT=OK REP=0.938 RWD=1.000 PNL=0.000 CREDIT=7
[PASSIVE-BEACON] SIMNOW:6.346 CID:7 ZONE:1 RXUAV:1 EDGEPORT:9998 TS:6.332 SPD:19.800 HDG:-1.100 PX:145.900 PY:-30.000 LAN:3 BRK:0 RX_X:0.000 RX_Y:0.000 RX_Z:0.000
[ZONE-ROUTE] CID:7 zone=1 edge_port=9998
[EDGE-RTT] CID:7 wall=0.6 ms  sim_delay=10.0 ms
>>> [UAV->CLOUD] BLK:c74e|TX:7.0.0.11|CID:7|TS:6.332|SPD:19.8|HDG:-1.1|PX:145.9|PY:-30.0|...
✓ [CAR 7] ACT=OK REP=0.772 RWD=1.000 PNL=0.000 CREDIT=8
[PASSIVE-BEACON] SIMNOW:6.424 CID:0 ZONE:1 RXUAV:1 EDGEPORT:9998 TS:6.410 SPD:19.800 HDG:0.800 PX:128.700 PY:-10.000 LAN:1 BRK:1 RX_X:0.000 RX_Y:0.000 RX_Z:0.000
[ZONE-ROUTE] CID:0 zone=1 edge_port=9998
[EDGE-RTT] CID:0 wall=0.8 ms  sim_delay=10.0 ms
>>> [UAV->CLOUD] BLK:265a|TX:7.0.0.4|CID:0|TS:6.410|SPD:19.8|HDG:0.8|PX:128.7|PY:-10.0|LA...
✓ [CAR 0] ACT=OK REP=1.000 RWD=1.000 PNL=0.000 CREDIT=7
[PASSIVE-BEACON] SIMNOW:6.444 CID:3 ZONE:1 RXUAV:1 EDGEPORT:9998 TS:6.430 SPD:19.900 HDG:-1.100 PX:129.300 PY:-40.000 LAN:4 BRK:0 RX_X:0.000 RX_Y:0.000 RX_Z:0.000
[ZONE-ROUTE] CID:3 zone=1 edge_port=9998
[EDGE-RTT] CID:3 wall=0.8 ms  sim_delay=10.0 ms
>>> [UAV->CLOUD] BLK:4365|TX:7.0.0.7|CID:3|TS:6.430|SPD:19.9|HDG:-1.1|PX:129.3|PY:-40.0|L...
✓ [CAR 3] ACT=OK REP=1.000 RWD=1.000 PNL=0.000 CREDIT=8
[PASSIVE-BEACON] SIMNOW:6.584 CID:1 ZONE:1 RXUAV:1 EDGEPORT:9998 TS:6.570 SPD:20.200 HDG:1.800 PX:131.000 PY:-20.000 LAN:2 BRK:1 RX_X:0.000 RX_Y:0.000 RX_Z:0.000
[ZONE-ROUTE] CID:1 zone=1 edge_port=9998
[EDGE-RTT] CID:1 wall=1.2 ms  sim_delay=10.0 ms
>>> [UAV->CLOUD] BLK:dba3|TX:7.0.0.5|CID:1|TS:6.570|SPD:20.2|HDG:1.8|PX:131.0|PY:-20.0|LA...
✓ [CAR 1] ACT=OK REP=0.982 RWD=1.000 PNL=0.000 CREDIT=9
[PASSIVE-BEACON] SIMNOW:6.604 CID:4 ZONE:1 RXUAV:1 EDGEPORT:9998 TS:6.590 SPD:19.800 HDG:-1.400 PX:132.500 PY:-50.000 LAN:5 BRK:0 RX_X:0.000 RX_Y:0.000 RX_Z:0.000
[ZONE-ROUTE] CID:4 zone=1 edge_port=9998
[EDGE-RTT] CID:4 wall=1.2 ms  sim_delay=10.0 ms
>>> [UAV->CLOUD] BLK:7896|TX:7.0.0.8|CID:4|TS:6.590|SPD:19.8|HDG:-1.4|PX:132.5|PY:-50.0|L...
✓ [CAR 4] ACT=OK REP=0.826 RWD=1.000 PNL=0.000 CREDIT=9
[PASSIVE-BEACON] SIMNOW:6.656 CID:5 ZONE:1 RXUAV:1 EDGEPORT:9998 TS:6.642 SPD:20.200 HDG:1.300 PX:152.300 PY:-10.000 LAN:1 BRK:0 RX_X:0.000 RX_Y:0.000 RX_Z:0.000
[ZONE-ROUTE] CID:5 zone=1 edge_port=9998
[EDGE-RTT] CID:5 wall=1.0 ms  sim_delay=10.0 ms
>>> [UAV->CLOUD] BLK:0b61|TX:7.0.0.9|CID:5|TS:6.642|SPD:20.2|HDG:1.3|PX:152.3|PY:-10.0|LA...
✓ [CAR 5] ACT=OK REP=1.000 RWD=1.000 PNL=0.000 CREDIT=8
[PASSIVE-BEACON] SIMNOW:6.726 CID:9 ZONE:1 RXUAV:1 EDGEPORT:9998 TS:6.712 SPD:19.700 HDG:-1.400 PX:154.200 PY:-50.000 LAN:5 BRK:0 RX_X:0.000 RX_Y:0.000 RX_Z:0.000
[ZONE-ROUTE] CID:9 zone=1 edge_port=9998
[EDGE-RTT] CID:9 wall=1.1 ms  sim_delay=10.0 ms
>>> [UAV->CLOUD] BLK:1af7|TX:7.0.0.13|CID:9|TS:6.712|SPD:19.7|HDG:-1.4|PX:154.2|PY:-50.0|...
✓ [CAR 9] ACT=OK REP=0.800 RWD=1.000 PNL=0.000 CREDIT=8
[PASSIVE-BEACON] SIMNOW:6.744 CID:2 ZONE:1 RXUAV:1 EDGEPORT:9998 TS:6.730 SPD:19.800 HDG:1.100 PX:134.600 PY:-30.000 LAN:3 BRK:0 RX_X:0.000 RX_Y:0.000 RX_Z:0.000
[ZONE-ROUTE] CID:2 zone=1 edge_port=9998
[EDGE-RTT] CID:2 wall=0.9 ms  sim_delay=10.0 ms
>>> [UAV->CLOUD] BLK:bf24|TX:7.0.0.6|CID:2|TS:6.730|SPD:19.8|HDG:1.1|PX:134.6|PY:-30.0|LA...
✓ [CAR 2] ACT=OK REP=1.000 RWD=1.000 PNL=0.000 CREDIT=9
[PASSIVE-BEACON] SIMNOW:6.766 CID:6 ZONE:1 RXUAV:1 EDGEPORT:9998 TS:6.752 SPD:20.400 HDG:1.500 PX:154.400 PY:-20.000 LAN:2 BRK:0 RX_X:0.000 RX_Y:0.000 RX_Z:0.000
[ZONE-ROUTE] CID:6 zone=1 edge_port=9998
[EDGE-RTT] CID:6 wall=0.8 ms  sim_delay=10.0 ms
>>> [UAV->CLOUD] BLK:44a6|TX:7.0.0.10|CID:6|TS:6.752|SPD:20.4|HDG:1.5|PX:154.4|PY:-20.0|L...
✓ [CAR 6] ACT=OK REP=0.846 RWD=1.000 PNL=0.000 CREDIT=9
[PASSIVE-BEACON] SIMNOW:6.816 CID:8 ZONE:1 RXUAV:1 EDGEPORT:9998 TS:6.802 SPD:20.400 HDG:1.500 PX:156.600 PY:-40.000 LAN:4 BRK:0 RX_X:0.000 RX_Y:0.000 RX_Z:0.000
[ZONE-ROUTE] CID:8 zone=1 edge_port=9998
[EDGE-RTT] CID:8 wall=1.0 ms  sim_delay=10.0 ms
>>> [UAV->CLOUD] BLK:0f56|TX:7.0.0.12|CID:8|TS:6.802|SPD:20.4|HDG:1.5|PX:156.6|PY:-40.0|L...
✓ [CAR 8] ACT=OK REP=0.885 RWD=1.000 PNL=0.000 CREDIT=8
[PASSIVE-BEACON] SIMNOW:6.846 CID:7 ZONE:1 RXUAV:1 EDGEPORT:9998 TS:6.832 SPD:20.200 HDG:0.400 PX:156.800 PY:-30.000 LAN:3 BRK:0 RX_X:0.000 RX_Y:0.000 RX_Z:0.000
[ZONE-ROUTE] CID:7 zone=1 edge_port=9998
[EDGE-RTT] CID:7 wall=0.8 ms  sim_delay=10.0 ms
>>> [UAV->CLOUD] BLK:9ce4|TX:7.0.0.11|CID:7|TS:6.832|SPD:20.2|HDG:0.4|PX:156.8|PY:-30.0|L...
✓ [CAR 7] ACT=OK REP=0.973 RWD=1.000 PNL=0.000 CREDIT=9
[PASSIVE-BEACON] SIMNOW:6.924 CID:0 ZONE:1 RXUAV:1 EDGEPORT:9998 TS:6.910 SPD:19.700 HDG:1.800 PX:137.600 PY:-10.000 LAN:1 BRK:0 RX_X:0.000 RX_Y:0.000 RX_Z:0.000
[ZONE-ROUTE] CID:0 zone=1 edge_port=9998
[EDGE-RTT] CID:0 wall=0.9 ms  sim_delay=10.0 ms
>>> [UAV->CLOUD] BLK:2bc4|TX:7.0.0.4|CID:0|TS:6.910|SPD:19.7|HDG:1.8|PX:137.6|PY:-10.0|LA...
✓ [CAR 0] ACT=OK REP=0.870 RWD=1.000 PNL=0.000 CREDIT=8
[PASSIVE-BEACON] SIMNOW:6.944 CID:3 ZONE:1 RXUAV:1 EDGEPORT:9998 TS:6.930 SPD:19.600 HDG:0.100 PX:138.700 PY:-40.000 LAN:4 BRK:0 RX_X:0.000 RX_Y:0.000 RX_Z:0.000
[ZONE-ROUTE] CID:3 zone=1 edge_port=9998
[EDGE-RTT] CID:3 wall=0.7 ms  sim_delay=10.0 ms
>>> [UAV->CLOUD] BLK:81d3|TX:7.0.0.7|CID:3|TS:6.930|SPD:19.6|HDG:0.1|PX:138.7|PY:-40.0|LA...
✓ [CAR 3] ACT=OK REP=0.775 RWD=1.000 PNL=0.000 CREDIT=9
[PASSIVE-BEACON] SIMNOW:7.084 CID:1 ZONE:1 RXUAV:1 EDGEPORT:9998 TS:7.070 SPD:19.800 HDG:-0.300 PX:141.800 PY:-20.000 LAN:2 BRK:0 RX_X:0.000 RX_Y:0.000 RX_Z:0.000
[ZONE-ROUTE] CID:1 zone=1 edge_port=9998
[EDGE-RTT] CID:1 wall=1.0 ms  sim_delay=10.0 ms
>>> [UAV->CLOUD] BLK:f8d3|TX:7.0.0.5|CID:1|TS:7.070|SPD:19.8|HDG:-0.3|PX:141.8|PY:-20.0|L...
✓ [CAR 1] ACT=OK REP=1.000 RWD=1.000 PNL=0.000 CREDIT=10
[PASSIVE-BEACON] SIMNOW:7.104 CID:4 ZONE:1 RXUAV:1 EDGEPORT:9998 TS:7.090 SPD:19.700 HDG:-0.700 PX:141.700 PY:-50.000 LAN:5 BRK:0 RX_X:0.000 RX_Y:0.000 RX_Z:0.000
[ZONE-ROUTE] CID:4 zone=1 edge_port=9998
[EDGE-RTT] CID:4 wall=1.0 ms  sim_delay=10.0 ms
>>> [UAV->CLOUD] BLK:4c99|TX:7.0.0.8|CID:4|TS:7.090|SPD:19.7|HDG:-0.7|PX:141.7|PY:-50.0|L...
✓ [CAR 4] ACT=OK REP=0.798 RWD=1.000 PNL=0.000 CREDIT=10
[PASSIVE-BEACON] SIMNOW:7.156 CID:5 ZONE:1 RXUAV:1 EDGEPORT:9998 TS:7.142 SPD:19.900 HDG:0.900 PX:162.100 PY:-10.000 LAN:1 BRK:0 RX_X:0.000 RX_Y:0.000 RX_Z:0.000
[ZONE-ROUTE] CID:5 zone=1 edge_port=9998
[EDGE-RTT] CID:5 wall=1.0 ms  sim_delay=10.0 ms
>>> [UAV->CLOUD] BLK:b54f|TX:7.0.0.9|CID:5|TS:7.142|SPD:19.9|HDG:0.9|PX:162.1|PY:-10.0|LA...
✓ [CAR 5] ACT=OK REP=0.910 RWD=1.000 PNL=0.000 CREDIT=9
[PASSIVE-BEACON] SIMNOW:7.226 CID:9 ZONE:1 RXUAV:1 EDGEPORT:9998 TS:7.212 SPD:20.000 HDG:-1.600 PX:164.000 PY:-50.000 LAN:5 BRK:0 RX_X:0.000 RX_Y:0.000 RX_Z:0.000
[ZONE-ROUTE] CID:9 zone=1 edge_port=9998
[EDGE-RTT] CID:9 wall=1.0 ms  sim_delay=10.0 ms
>>> [UAV->CLOUD] BLK:dab1|TX:7.0.0.13|CID:9|TS:7.212|SPD:20.0|HDG:-1.6|PX:164.0|PY:-50.0|...
✓ [CAR 9] ACT=OK REP=1.000 RWD=1.000 PNL=0.000 CREDIT=9
[PASSIVE-BEACON] SIMNOW:7.242 CID:2 ZONE:1 RXUAV:1 EDGEPORT:9998 TS:7.230 SPD:19.800 HDG:1.900 PX:144.000 PY:-30.000 LAN:3 BRK:0 RX_X:0.000 RX_Y:0.000 RX_Z:0.000
[ZONE-ROUTE] CID:2 zone=1 edge_port=9998
[EDGE-RTT] CID:2 wall=1.1 ms  sim_delay=10.0 ms
>>> [UAV->CLOUD] BLK:bf87|TX:7.0.0.6|CID:2|TS:7.230|SPD:19.8|HDG:1.9|PX:144.0|PY:-30.0|LA...
✓ [CAR 2] ACT=OK REP=1.000 RWD=1.000 PNL=0.000 CREDIT=10
[PASSIVE-BEACON] SIMNOW:7.264 CID:6 ZONE:1 RXUAV:1 EDGEPORT:9998 TS:7.252 SPD:20.400 HDG:1.000 PX:165.100 PY:-20.000 LAN:2 BRK:0 RX_X:0.000 RX_Y:0.000 RX_Z:0.000
[ZONE-ROUTE] CID:6 zone=1 edge_port=9998
[EDGE-RTT] CID:6 wall=0.9 ms  sim_delay=10.0 ms
>>> [UAV->CLOUD] BLK:5948|TX:7.0.0.10|CID:6|TS:7.252|SPD:20.4|HDG:1.0|PX:165.1|PY:-20.0|L...
✓ [CAR 6] ACT=OK REP=0.859 RWD=1.000 PNL=0.000 CREDIT=10
[PASSIVE-BEACON] SIMNOW:7.316 CID:8 ZONE:1 RXUAV:1 EDGEPORT:9998 TS:7.302 SPD:19.700 HDG:-0.600 PX:166.400 PY:-40.000 LAN:4 BRK:0 RX_X:0.000 RX_Y:0.000 RX_Z:0.000
[ZONE-ROUTE] CID:8 zone=1 edge_port=9998
[EDGE-RTT] CID:8 wall=1.0 ms  sim_delay=10.0 ms
>>> [UAV->CLOUD] BLK:9256|TX:7.0.0.12|CID:8|TS:7.302|SPD:19.7|HDG:-0.6|PX:166.4|PY:-40.0|...
✓ [CAR 8] ACT=OK REP=1.000 RWD=1.000 PNL=0.000 CREDIT=9
[PASSIVE-BEACON] SIMNOW:7.346 CID:7 ZONE:1 RXUAV:1 EDGEPORT:9998 TS:7.332 SPD:20.100 HDG:1.100 PX:167.300 PY:-30.000 LAN:3 BRK:0 RX_X:0.000 RX_Y:0.000 RX_Z:0.000
[ZONE-ROUTE] CID:7 zone=1 edge_port=9998
[EDGE-RTT] CID:7 wall=1.0 ms  sim_delay=10.0 ms
>>> [UAV->CLOUD] BLK:0c9e|TX:7.0.0.11|CID:7|TS:7.332|SPD:20.1|HDG:1.1|PX:167.3|PY:-30.0|L...
✓ [CAR 7] ACT=OK REP=0.800 RWD=1.000 PNL=0.000 CREDIT=10
[PASSIVE-BEACON] SIMNOW:7.424 CID:0 ZONE:1 RXUAV:1 EDGEPORT:9998 TS:7.410 SPD:20.200 HDG:1.600 PX:148.600 PY:-10.000 LAN:1 BRK:0 RX_X:0.000 RX_Y:0.000 RX_Z:0.000
[ZONE-ROUTE] CID:0 zone=1 edge_port=9998
[EDGE-RTT] CID:0 wall=0.9 ms  sim_delay=10.0 ms
>>> [UAV->CLOUD] BLK:a6bc|TX:7.0.0.4|CID:0|TS:7.410|SPD:20.2|HDG:1.6|PX:148.6|PY:-10.0|LA...
✓ [CAR 0] ACT=OK REP=0.789 RWD=1.000 PNL=0.000 CREDIT=9
[PASSIVE-BEACON] SIMNOW:7.443 CID:3 ZONE:1 RXUAV:1 EDGEPORT:9998 TS:7.430 SPD:20.200 HDG:0.200 PX:148.500 PY:-40.000 LAN:4 BRK:0 RX_X:0.000 RX_Y:0.000 RX_Z:0.000
[ZONE-ROUTE] CID:3 zone=1 edge_port=9998
[EDGE-RTT] CID:3 wall=1.0 ms  sim_delay=10.0 ms
>>> [UAV->CLOUD] BLK:2905|TX:7.0.0.7|CID:3|TS:7.430|SPD:20.2|HDG:0.2|PX:148.5|PY:-40.0|LA...
✓ [CAR 3] ACT=OK REP=0.910 RWD=1.000 PNL=0.000 CREDIT=10
[PASSIVE-BEACON] SIMNOW:7.584 CID:1 ZONE:1 RXUAV:1 EDGEPORT:9998 TS:7.570 SPD:19.900 HDG:-1.000 PX:151.200 PY:-20.000 LAN:2 BRK:0 RX_X:0.000 RX_Y:0.000 RX_Z:0.000
[ZONE-ROUTE] CID:1 zone=1 edge_port=9998
[EDGE-RTT] CID:1 wall=1.0 ms  sim_delay=10.0 ms
>>> [UAV->CLOUD] BLK:9932|TX:7.0.0.5|CID:1|TS:7.570|SPD:19.9|HDG:-1.0|PX:151.2|PY:-20.0|L...
✓ [CAR 1] ACT=OK REP=0.795 RWD=1.000 PNL=0.000 CREDIT=11
[PASSIVE-BEACON] SIMNOW:7.604 CID:4 ZONE:1 RXUAV:1 EDGEPORT:9998 TS:7.590 SPD:20.200 HDG:0.800 PX:152.500 PY:-50.000 LAN:5 BRK:1 RX_X:0.000 RX_Y:0.000 RX_Z:0.000
[ZONE-ROUTE] CID:4 zone=1 edge_port=9998
[EDGE-RTT] CID:4 wall=1.1 ms  sim_delay=10.0 ms
>>> [UAV->CLOUD] BLK:1fa1|TX:7.0.0.8|CID:4|TS:7.590|SPD:20.2|HDG:0.8|PX:152.5|PY:-50.0|LA...
✓ [CAR 4] ACT=OK REP=1.000 RWD=1.000 PNL=0.000 CREDIT=11
[PASSIVE-BEACON] SIMNOW:7.656 CID:5 ZONE:1 RXUAV:1 EDGEPORT:9998 TS:7.642 SPD:20.200 HDG:-1.400 PX:172.500 PY:-10.000 LAN:1 BRK:1 RX_X:0.000 RX_Y:0.000 RX_Z:0.000
[ZONE-ROUTE] CID:5 zone=1 edge_port=9998
[EDGE-RTT] CID:5 wall=1.1 ms  sim_delay=10.0 ms
>>> [UAV->CLOUD] BLK:c4ac|TX:7.0.0.9|CID:5|TS:7.642|SPD:20.2|HDG:-1.4|PX:172.5|PY:-10.0|L...
✓ [CAR 5] ACT=OK REP=0.862 RWD=1.000 PNL=0.000 CREDIT=10
[PASSIVE-BEACON] SIMNOW:7.726 CID:9 ZONE:1 RXUAV:1 EDGEPORT:9998 TS:7.712 SPD:19.800 HDG:-0.400 PX:174.000 PY:-50.000 LAN:5 BRK:0 RX_X:0.000 RX_Y:0.000 RX_Z:0.000
[ZONE-ROUTE] CID:9 zone=1 edge_port=9998
[EDGE-RTT] CID:9 wall=1.3 ms  sim_delay=10.0 ms
>>> [UAV->CLOUD] BLK:c415|TX:7.0.0.13|CID:9|TS:7.712|SPD:19.8|HDG:-0.4|PX:174.0|PY:-50.0|...
✓ [CAR 9] ACT=OK REP=1.000 RWD=1.000 PNL=0.000 CREDIT=10
[PASSIVE-BEACON] SIMNOW:7.744 CID:2 ZONE:1 RXUAV:1 EDGEPORT:9998 TS:7.730 SPD:19.700 HDG:0.600 PX:154.100 PY:-30.000 LAN:3 BRK:1 RX_X:0.000 RX_Y:0.000 RX_Z:0.000
[ZONE-ROUTE] CID:2 zone=1 edge_port=9998
[EDGE-RTT] CID:2 wall=1.0 ms  sim_delay=10.0 ms
>>> [UAV->CLOUD] BLK:70b1|TX:7.0.0.6|CID:2|TS:7.730|SPD:19.7|HDG:0.6|PX:154.1|PY:-30.0|LA...
✓ [CAR 2] ACT=OK REP=1.000 RWD=1.000 PNL=0.000 CREDIT=11
[PASSIVE-BEACON] SIMNOW:7.766 CID:6 ZONE:1 RXUAV:1 EDGEPORT:9998 TS:7.752 SPD:20.200 HDG:-0.800 PX:175.100 PY:-20.000 LAN:2 BRK:0 RX_X:0.000 RX_Y:0.000 RX_Z:0.000
[ZONE-ROUTE] CID:6 zone=1 edge_port=9998
[EDGE-RTT] CID:6 wall=1.0 ms  sim_delay=10.0 ms
>>> [UAV->CLOUD] BLK:943d|TX:7.0.0.10|CID:6|TS:7.752|SPD:20.2|HDG:-0.8|PX:175.1|PY:-20.0|...
✓ [CAR 6] ACT=OK REP=0.928 RWD=1.000 PNL=0.000 CREDIT=11
[PASSIVE-BEACON] SIMNOW:7.816 CID:8 ZONE:1 RXUAV:1 EDGEPORT:9998 TS:7.802 SPD:20.100 HDG:-1.400 PX:176.400 PY:-40.000 LAN:4 BRK:0 RX_X:0.000 RX_Y:0.000 RX_Z:0.000
[ZONE-ROUTE] CID:8 zone=1 edge_port=9998
[EDGE-RTT] CID:8 wall=1.1 ms  sim_delay=10.0 ms
>>> [UAV->CLOUD] BLK:6a63|TX:7.0.0.12|CID:8|TS:7.802|SPD:20.1|HDG:-1.4|PX:176.4|PY:-40.0|...
✓ [CAR 8] ACT=OK REP=0.778 RWD=1.000 PNL=0.000 CREDIT=10
[PASSIVE-BEACON] SIMNOW:7.846 CID:7 ZONE:1 RXUAV:1 EDGEPORT:9998 TS:7.832 SPD:19.800 HDG:1.700 PX:176.700 PY:-30.000 LAN:3 BRK:1 RX_X:0.000 RX_Y:0.000 RX_Z:0.000
[ZONE-ROUTE] CID:7 zone=1 edge_port=9998
[EDGE-RTT] CID:7 wall=0.9 ms  sim_delay=10.0 ms
>>> [UAV->CLOUD] BLK:17d4|TX:7.0.0.11|CID:7|TS:7.832|SPD:19.8|HDG:1.7|PX:176.7|PY:-30.0|L...
✓ [CAR 7] ACT=OK REP=0.802 RWD=1.000 PNL=0.000 CREDIT=11
[PASSIVE-BEACON] SIMNOW:7.924 CID:0 ZONE:1 RXUAV:1 EDGEPORT:9998 TS:7.910 SPD:20.100 HDG:1.700 PX:157.800 PY:-10.000 LAN:1 BRK:1 RX_X:0.000 RX_Y:0.000 RX_Z:0.000
[ZONE-ROUTE] CID:0 zone=1 edge_port=9998
[EDGE-RTT] CID:0 wall=1.3 ms  sim_delay=10.0 ms
>>> [UAV->CLOUD] BLK:c307|TX:7.0.0.4|CID:0|TS:7.910|SPD:20.1|HDG:1.7|PX:157.8|PY:-10.0|LA...
✓ [CAR 0] ACT=OK REP=0.762 RWD=1.000 PNL=0.000 CREDIT=10
[PASSIVE-BEACON] SIMNOW:7.944 CID:3 ZONE:1 RXUAV:1 EDGEPORT:9998 TS:7.930 SPD:19.700 HDG:2.000 PX:159.000 PY:-40.000 LAN:4 BRK:0 RX_X:0.000 RX_Y:0.000 RX_Z:0.000
[ZONE-ROUTE] CID:3 zone=1 edge_port=9998
[EDGE-RTT] CID:3 wall=1.1 ms  sim_delay=10.0 ms
>>> [UAV->CLOUD] BLK:8467|TX:7.0.0.7|CID:3|TS:7.930|SPD:19.7|HDG:2.0|PX:159.0|PY:-40.0|LA...
✓ [CAR 3] ACT=OK REP=0.816 RWD=1.000 PNL=0.000 CREDIT=11
[PASSIVE-BEACON] SIMNOW:8.084 CID:1 ZONE:1 RXUAV:1 EDGEPORT:9998 TS:8.070 SPD:20.400 HDG:-1.000 PX:161.900 PY:-20.000 LAN:2 BRK:0 RX_X:0.000 RX_Y:0.000 RX_Z:0.000
[ZONE-ROUTE] CID:1 zone=1 edge_port=9998
[EDGE-RTT] CID:1 wall=1.3 ms  sim_delay=10.0 ms
>>> [UAV->CLOUD] BLK:b10f|TX:7.0.0.5|CID:1|TS:8.070|SPD:20.4|HDG:-1.0|PX:161.9|PY:-20.0|L...
✓ [CAR 1] ACT=OK REP=0.772 RWD=1.000 PNL=0.000 CREDIT=12
[PASSIVE-BEACON] SIMNOW:8.104 CID:4 ZONE:1 RXUAV:1 EDGEPORT:9998 TS:8.090 SPD:19.700 HDG:0.400 PX:162.100 PY:-50.000 LAN:5 BRK:0 RX_X:0.000 RX_Y:0.000 RX_Z:0.000
[ZONE-ROUTE] CID:4 zone=1 edge_port=9998
[EDGE-RTT] CID:4 wall=1.1 ms  sim_delay=10.0 ms
>>> [UAV->CLOUD] BLK:4507|TX:7.0.0.8|CID:4|TS:8.090|SPD:19.7|HDG:0.4|PX:162.1|PY:-50.0|LA...
✓ [CAR 4] ACT=OK REP=1.000 RWD=1.000 PNL=0.000 CREDIT=12
[PASSIVE-BEACON] SIMNOW:8.156 CID:5 ZONE:1 RXUAV:1 EDGEPORT:9998 TS:8.142 SPD:20.400 HDG:-0.800 PX:182.400 PY:-10.000 LAN:1 BRK:0 RX_X:0.000 RX_Y:0.000 RX_Z:0.000
[ZONE-ROUTE] CID:5 zone=1 edge_port=9998
[EDGE-RTT] CID:5 wall=1.0 ms  sim_delay=10.0 ms
>>> [UAV->CLOUD] BLK:db23|TX:7.0.0.9|CID:5|TS:8.142|SPD:20.4|HDG:-0.8|PX:182.4|PY:-10.0|L...
✓ [CAR 5] ACT=OK REP=0.881 RWD=1.000 PNL=0.000 CREDIT=11
[PASSIVE-BEACON] SIMNOW:8.226 CID:9 ZONE:1 RXUAV:1 EDGEPORT:9998 TS:8.212 SPD:19.900 HDG:-1.900 PX:183.600 PY:-50.000 LAN:5 BRK:1 RX_X:0.000 RX_Y:0.000 RX_Z:0.000
[ZONE-ROUTE] CID:9 zone=1 edge_port=9998
[EDGE-RTT] CID:9 wall=1.1 ms  sim_delay=10.0 ms
>>> [UAV->CLOUD] BLK:281c|TX:7.0.0.13|CID:9|TS:8.212|SPD:19.9|HDG:-1.9|PX:183.6|PY:-50.0|...
✓ [CAR 9] ACT=OK REP=0.724 RWD=1.000 PNL=0.000 CREDIT=11
[PASSIVE-BEACON] SIMNOW:8.244 CID:2 ZONE:1 RXUAV:1 EDGEPORT:9998 TS:8.230 SPD:19.700 HDG:0.900 PX:165.200 PY:-30.000 LAN:3 BRK:0 RX_X:0.000 RX_Y:0.000 RX_Z:0.000
[ZONE-ROUTE] CID:2 zone=1 edge_port=9998
[EDGE-RTT] CID:2 wall=1.1 ms  sim_delay=10.0 ms
>>> [UAV->CLOUD] BLK:4e44|TX:7.0.0.6|CID:2|TS:8.230|SPD:19.7|HDG:0.9|PX:165.2|PY:-30.0|LA...
✓ [CAR 2] ACT=OK REP=0.965 RWD=1.000 PNL=0.000 CREDIT=12
[PASSIVE-BEACON] SIMNOW:8.266 CID:6 ZONE:1 RXUAV:1 EDGEPORT:9998 TS:8.252 SPD:19.800 HDG:-1.900 PX:184.500 PY:-20.000 LAN:2 BRK:1 RX_X:0.000 RX_Y:0.000 RX_Z:0.000
[ZONE-ROUTE] CID:6 zone=1 edge_port=9998
[EDGE-RTT] CID:6 wall=1.1 ms  sim_delay=10.0 ms
>>> [UAV->CLOUD] BLK:a87e|TX:7.0.0.10|CID:6|TS:8.252|SPD:19.8|HDG:-1.9|PX:184.5|PY:-20.0|...
✓ [CAR 6] ACT=OK REP=0.689 RWD=1.000 PNL=0.000 CREDIT=12
[PASSIVE-BEACON] SIMNOW:8.316 CID:8 ZONE:1 RXUAV:1 EDGEPORT:9998 TS:8.302 SPD:20.400 HDG:0.500 PX:186.100 PY:-40.000 LAN:4 BRK:0 RX_X:0.000 RX_Y:0.000 RX_Z:0.000
[ZONE-ROUTE] CID:8 zone=1 edge_port=9998
[EDGE-RTT] CID:8 wall=0.8 ms  sim_delay=10.0 ms
>>> [UAV->CLOUD] BLK:91de|TX:7.0.0.12|CID:8|TS:8.302|SPD:20.4|HDG:0.5|PX:186.1|PY:-40.0|L...
✓ [CAR 8] ACT=OK REP=1.000 RWD=1.000 PNL=0.000 CREDIT=11
[PASSIVE-BEACON] SIMNOW:8.346 CID:7 ZONE:1 RXUAV:1 EDGEPORT:9998 TS:8.332 SPD:20.400 HDG:-1.600 PX:187.100 PY:-30.000 LAN:3 BRK:0 RX_X:0.000 RX_Y:0.000 RX_Z:0.000
[ZONE-ROUTE] CID:7 zone=1 edge_port=9998
[EDGE-RTT] CID:7 wall=1.1 ms  sim_delay=10.0 ms
>>> [UAV->CLOUD] BLK:25bf|TX:7.0.0.11|CID:7|TS:8.332|SPD:20.4|HDG:-1.6|PX:187.1|PY:-30.0|...
✓ [CAR 7] ACT=OK REP=1.000 RWD=1.000 PNL=0.000 CREDIT=12
[PASSIVE-BEACON] SIMNOW:8.424 CID:0 ZONE:1 RXUAV:1 EDGEPORT:9998 TS:8.410 SPD:20.500 HDG:-0.800 PX:167.900 PY:-10.000 LAN:1 BRK:0 RX_X:0.000 RX_Y:0.000 RX_Z:0.000
[ZONE-ROUTE] CID:0 zone=1 edge_port=9998
[EDGE-RTT] CID:0 wall=1.0 ms  sim_delay=10.0 ms
>>> [UAV->CLOUD] BLK:0ce7|TX:7.0.0.4|CID:0|TS:8.410|SPD:20.5|HDG:-0.8|PX:167.9|PY:-10.0|L...
✓ [CAR 0] ACT=OK REP=0.979 RWD=1.000 PNL=0.000 CREDIT=11
[PASSIVE-BEACON] SIMNOW:8.444 CID:3 ZONE:1 RXUAV:1 EDGEPORT:9998 TS:8.430 SPD:20.200 HDG:0.400 PX:169.100 PY:-40.000 LAN:4 BRK:0 RX_X:0.000 RX_Y:0.000 RX_Z:0.000
[ZONE-ROUTE] CID:3 zone=1 edge_port=9998
[EDGE-RTT] CID:3 wall=0.9 ms  sim_delay=10.0 ms
>>> [UAV->CLOUD] BLK:13ae|TX:7.0.0.7|CID:3|TS:8.430|SPD:20.2|HDG:0.4|PX:169.1|PY:-40.0|LA...
✓ [CAR 3] ACT=OK REP=0.789 RWD=1.000 PNL=0.000 CREDIT=12
[PASSIVE-BEACON] SIMNOW:8.584 CID:1 ZONE:1 RXUAV:1 EDGEPORT:9998 TS:8.570 SPD:19.600 HDG:-1.600 PX:171.600 PY:-20.000 LAN:2 BRK:0 RX_X:0.000 RX_Y:0.000 RX_Z:0.000
[ZONE-ROUTE] CID:1 zone=1 edge_port=9998
[EDGE-RTT] CID:1 wall=1.1 ms  sim_delay=10.0 ms
>>> [UAV->CLOUD] BLK:0ea5|TX:7.0.0.5|CID:1|TS:8.570|SPD:19.6|HDG:-1.6|PX:171.6|PY:-20.0|L...
✓ [CAR 1] ACT=OK REP=1.000 RWD=1.000 PNL=0.000 CREDIT=13
[PASSIVE-BEACON] SIMNOW:8.604 CID:4 ZONE:1 RXUAV:1 EDGEPORT:9998 TS:8.590 SPD:20.100 HDG:-1.200 PX:171.700 PY:-50.000 LAN:5 BRK:0 RX_X:0.000 RX_Y:0.000 RX_Z:0.000
[ZONE-ROUTE] CID:4 zone=1 edge_port=9998
[EDGE-RTT] CID:4 wall=1.2 ms  sim_delay=10.0 ms
>>> [UAV->CLOUD] BLK:1580|TX:7.0.0.8|CID:4|TS:8.590|SPD:20.1|HDG:-1.2|PX:171.7|PY:-50.0|L...
✓ [CAR 4] ACT=OK REP=0.893 RWD=1.000 PNL=0.000 CREDIT=13
[PASSIVE-BEACON] SIMNOW:8.656 CID:5 ZONE:1 RXUAV:1 EDGEPORT:9998 TS:8.642 SPD:20.300 HDG:-1.700 PX:192.600 PY:-10.000 LAN:1 BRK:1 RX_X:0.000 RX_Y:0.000 RX_Z:0.000
[ZONE-ROUTE] CID:5 zone=1 edge_port=9998
[EDGE-RTT] CID:5 wall=1.1 ms  sim_delay=10.0 ms
>>> [UAV->CLOUD] BLK:08b2|TX:7.0.0.9|CID:5|TS:8.642|SPD:20.3|HDG:-1.7|PX:192.6|PY:-10.0|L...
✓ [CAR 5] ACT=OK REP=0.776 RWD=1.000 PNL=0.000 CREDIT=12
[PASSIVE-BEACON] SIMNOW:8.726 CID:9 ZONE:1 RXUAV:1 EDGEPORT:9998 TS:8.712 SPD:19.800 HDG:-0.600 PX:194.800 PY:-50.000 LAN:5 BRK:0 RX_X:0.000 RX_Y:0.000 RX_Z:0.000
[ZONE-ROUTE] CID:9 zone=1 edge_port=9998
[EDGE-RTT] CID:9 wall=1.1 ms  sim_delay=10.0 ms
>>> [UAV->CLOUD] BLK:8d39|TX:7.0.0.13|CID:9|TS:8.712|SPD:19.8|HDG:-0.6|PX:194.8|PY:-50.0|...
✓ [CAR 9] ACT=OK REP=0.814 RWD=1.000 PNL=0.000 CREDIT=12
[PASSIVE-BEACON] SIMNOW:8.743 CID:2 ZONE:1 RXUAV:1 EDGEPORT:9998 TS:8.730 SPD:20.400 HDG:0.400 PX:174.100 PY:-30.000 LAN:3 BRK:0 RX_X:0.000 RX_Y:0.000 RX_Z:0.000
[ZONE-ROUTE] CID:2 zone=1 edge_port=9998
[EDGE-RTT] CID:2 wall=1.0 ms  sim_delay=10.0 ms
>>> [UAV->CLOUD] BLK:57d7|TX:7.0.0.6|CID:2|TS:8.730|SPD:20.4|HDG:0.4|PX:174.1|PY:-30.0|LA...
✓ [CAR 2] ACT=OK REP=0.883 RWD=1.000 PNL=0.000 CREDIT=13
[PASSIVE-BEACON] SIMNOW:8.765 CID:6 ZONE:1 RXUAV:1 EDGEPORT:9998 TS:8.752 SPD:20.300 HDG:-0.500 PX:194.800 PY:-20.000 LAN:2 BRK:0 RX_X:0.000 RX_Y:0.000 RX_Z:0.000
[ZONE-ROUTE] CID:6 zone=1 edge_port=9998
[EDGE-RTT] CID:6 wall=1.1 ms  sim_delay=10.0 ms
>>> [UAV->CLOUD] BLK:eff7|TX:7.0.0.10|CID:6|TS:8.752|SPD:20.3|HDG:-0.5|PX:194.8|PY:-20.0|...
✓ [CAR 6] ACT=OK REP=0.715 RWD=1.000 PNL=0.000 CREDIT=13
[PASSIVE-BEACON] SIMNOW:8.816 CID:8 ZONE:1 RXUAV:1 EDGEPORT:9998 TS:8.802 SPD:19.600 HDG:0.300 PX:195.900 PY:-40.000 LAN:4 BRK:0 RX_X:0.000 RX_Y:0.000 RX_Z:0.000
[ZONE-ROUTE] CID:8 zone=1 edge_port=9998
[EDGE-RTT] CID:8 wall=1.2 ms  sim_delay=10.0 ms
>>> [UAV->CLOUD] BLK:c4e8|TX:7.0.0.12|CID:8|TS:8.802|SPD:19.6|HDG:0.3|PX:195.9|PY:-40.0|L...
✓ [CAR 8] ACT=OK REP=0.871 RWD=1.000 PNL=0.000 CREDIT=12
[PASSIVE-BEACON] SIMNOW:8.846 CID:7 ZONE:1 RXUAV:1 EDGEPORT:9998 TS:8.832 SPD:20.100 HDG:0.800 PX:196.100 PY:-30.000 LAN:3 BRK:1 RX_X:0.000 RX_Y:0.000 RX_Z:0.000
[ZONE-ROUTE] CID:7 zone=1 edge_port=9998
[EDGE-RTT] CID:7 wall=1.1 ms  sim_delay=10.0 ms
>>> [UAV->CLOUD] BLK:f2be|TX:7.0.0.11|CID:7|TS:8.832|SPD:20.1|HDG:0.8|PX:196.1|PY:-30.0|L...
✓ [CAR 7] ACT=OK REP=0.669 RWD=1.000 PNL=0.000 CREDIT=13
[PKT-DROP] UAV dropped telemetry from 7.0.0.4 (drop_rate=5%)
[PASSIVE-BEACON] SIMNOW:8.944 CID:3 ZONE:1 RXUAV:1 EDGEPORT:9998 TS:8.930 SPD:19.600 HDG:-0.300 PX:179.100 PY:-40.000 LAN:4 BRK:0 RX_X:0.000 RX_Y:0.000 RX_Z:0.000
[ZONE-ROUTE] CID:3 zone=1 edge_port=9998
[EDGE-RTT] CID:3 wall=1.1 ms  sim_delay=10.0 ms
>>> [UAV->CLOUD] BLK:2471|TX:7.0.0.7|CID:3|TS:8.930|SPD:19.6|HDG:-0.3|PX:179.1|PY:-40.0|L...
✓ [CAR 3] ACT=OK REP=1.000 RWD=1.000 PNL=0.000 CREDIT=13
[PASSIVE-BEACON] SIMNOW:9.084 CID:1 ZONE:1 RXUAV:1 EDGEPORT:9998 TS:9.070 SPD:19.800 HDG:-1.200 PX:180.700 PY:-20.000 LAN:2 BRK:0 RX_X:0.000 RX_Y:0.000 RX_Z:0.000
[ZONE-ROUTE] CID:1 zone=1 edge_port=9998
[EDGE-RTT] CID:1 wall=1.1 ms  sim_delay=10.0 ms
[TRUST-UPGRADE] CID:1 earned LANE_UPGRADE after 15 clean packets → lane 0 + 2.0 m/s
>>> [UAV->CLOUD] BLK:4ad9|TX:7.0.0.5|CID:1|TS:9.070|SPD:19.8|HDG:-1.2|PX:180.7|PY:-20.0|L...
[TRUST-APPLIED] CID:1 LANE_UPGRADE → logical reward only; telemetry lane unchanged lane=2 speed unchanged=20.0 m/s [reward-speed disabled to avoid M1 false positive]
✓ [CAR 1] ACT=OK REP=0.500 RWD=1.500 PNL=0.000 CREDIT=15
✓ [CAR 1] ACT=OK REP=0.871 RWD=1.000 PNL=0.000 CREDIT=14
[PASSIVE-BEACON] SIMNOW:9.104 CID:4 ZONE:1 RXUAV:1 EDGEPORT:9998 TS:9.090 SPD:20.200 HDG:0.600 PX:181.500 PY:-50.000 LAN:5 BRK:0 RX_X:0.000 RX_Y:0.000 RX_Z:0.000
[ZONE-ROUTE] CID:4 zone=1 edge_port=9998
[EDGE-RTT] CID:4 wall=0.9 ms  sim_delay=10.0 ms
[TRUST-UPGRADE] CID:4 earned LANE_UPGRADE after 15 clean packets → lane 0 + 2.0 m/s
>>> [UAV->CLOUD] BLK:6f97|TX:7.0.0.8|CID:4|TS:9.090|SPD:20.2|HDG:0.6|PX:181.5|PY:-50.0|LA...
[TRUST-APPLIED] CID:4 LANE_UPGRADE → logical reward only; telemetry lane unchanged lane=5 speed unchanged=20.0 m/s [reward-speed disabled to avoid M1 false positive]
✓ [CAR 4] ACT=OK REP=0.500 RWD=1.500 PNL=0.000 CREDIT=15
✓ [CAR 4] ACT=OK REP=0.793 RWD=1.000 PNL=0.000 CREDIT=14
[PASSIVE-BEACON] SIMNOW:9.156 CID:5 ZONE:1 RXUAV:1 EDGEPORT:9998 TS:9.142 SPD:20.000 HDG:-1.200 PX:202.900 PY:-10.000 LAN:1 BRK:0 RX_X:0.000 RX_Y:0.000 RX_Z:0.000
[ZONE-ROUTE] CID:5 zone=1 edge_port=9998
[EDGE-RTT] CID:5 wall=1.1 ms  sim_delay=10.0 ms
>>> [UAV->CLOUD] BLK:3c5d|TX:7.0.0.9|CID:5|TS:9.142|SPD:20.0|HDG:-1.2|PX:202.9|PY:-10.0|L...
✓ [CAR 5] ACT=OK REP=0.703 RWD=1.000 PNL=0.000 CREDIT=13
[PASSIVE-BEACON] SIMNOW:9.226 CID:9 ZONE:1 RXUAV:1 EDGEPORT:9998 TS:9.212 SPD:19.600 HDG:0.300 PX:204.100 PY:-50.000 LAN:5 BRK:0 RX_X:0.000 RX_Y:0.000 RX_Z:0.000
[ZONE-ROUTE] CID:9 zone=1 edge_port=9998
[EDGE-RTT] CID:9 wall=1.1 ms  sim_delay=10.0 ms
>>> [UAV->CLOUD] BLK:61ac|TX:7.0.0.13|CID:9|TS:9.212|SPD:19.6|HDG:0.3|PX:204.1|PY:-50.0|L...
✓ [CAR 9] ACT=OK REP=1.000 RWD=1.000 PNL=0.000 CREDIT=13
[PASSIVE-BEACON] SIMNOW:9.244 CID:2 ZONE:1 RXUAV:1 EDGEPORT:9998 TS:9.230 SPD:20.500 HDG:-2.000 PX:184.300 PY:-30.000 LAN:3 BRK:0 RX_X:0.000 RX_Y:0.000 RX_Z:0.000
[ZONE-ROUTE] CID:2 zone=1 edge_port=9998
[EDGE-RTT] CID:2 wall=1.1 ms  sim_delay=10.0 ms
[TRUST-UPGRADE] CID:2 earned LANE_UPGRADE after 15 clean packets → lane 0 + 2.0 m/s
>>> [UAV->CLOUD] BLK:d1e5|TX:7.0.0.6|CID:2|TS:9.230|SPD:20.5|HDG:-2.0|PX:184.3|PY:-30.0|L...
[TRUST-APPLIED] CID:2 LANE_UPGRADE → logical reward only; telemetry lane unchanged lane=3 speed unchanged=20.0 m/s [reward-speed disabled to avoid M1 false positive]
✓ [CAR 2] ACT=OK REP=0.500 RWD=1.500 PNL=0.000 CREDIT=15
✓ [CAR 2] ACT=OK REP=0.773 RWD=1.000 PNL=0.000 CREDIT=14
[PASSIVE-BEACON] SIMNOW:9.266 CID:6 ZONE:1 RXUAV:1 EDGEPORT:9998 TS:9.252 SPD:19.800 HDG:1.500 PX:204.600 PY:-20.000 LAN:2 BRK:0 RX_X:0.000 RX_Y:0.000 RX_Z:0.000
[ZONE-ROUTE] CID:6 zone=1 edge_port=9998
[EDGE-RTT] CID:6 wall=1.1 ms  sim_delay=10.0 ms
[TRUST-UPGRADE] CID:6 earned LANE_UPGRADE after 15 clean packets → lane 0 + 2.0 m/s
>>> [UAV->CLOUD] BLK:0a95|TX:7.0.0.10|CID:6|TS:9.252|SPD:19.8|HDG:1.5|PX:204.6|PY:-20.0|L...
[TRUST-APPLIED] CID:6 LANE_UPGRADE → logical reward only; telemetry lane unchanged lane=2 speed unchanged=20.0 m/s [reward-speed disabled to avoid M1 false positive]
✓ [CAR 6] ACT=OK REP=0.500 RWD=1.500 PNL=0.000 CREDIT=15
✓ [CAR 6] ACT=OK REP=0.846 RWD=1.000 PNL=0.000 CREDIT=14
[PASSIVE-BEACON] SIMNOW:9.316 CID:8 ZONE:1 RXUAV:1 EDGEPORT:9998 TS:9.302 SPD:20.100 HDG:-1.400 PX:205.600 PY:-40.000 LAN:4 BRK:0 RX_X:0.000 RX_Y:0.000 RX_Z:0.000
[ZONE-ROUTE] CID:8 zone=1 edge_port=9998
[EDGE-RTT] CID:8 wall=1.1 ms  sim_delay=10.0 ms
>>> [UAV->CLOUD] BLK:e0dc|TX:7.0.0.12|CID:8|TS:9.302|SPD:20.1|HDG:-1.4|PX:205.6|PY:-40.0|...
✓ [CAR 8] ACT=OK REP=0.856 RWD=1.000 PNL=0.000 CREDIT=13
[PASSIVE-BEACON] SIMNOW:9.346 CID:7 ZONE:1 RXUAV:1 EDGEPORT:9998 TS:9.332 SPD:20.100 HDG:0.900 PX:206.700 PY:-30.000 LAN:3 BRK:0 RX_X:0.000 RX_Y:0.000 RX_Z:0.000
[ZONE-ROUTE] CID:7 zone=1 edge_port=9998
[EDGE-RTT] CID:7 wall=1.0 ms  sim_delay=10.0 ms
[TRUST-UPGRADE] CID:7 earned LANE_UPGRADE after 15 clean packets → lane 0 + 2.0 m/s
>>> [UAV->CLOUD] BLK:c7c0|TX:7.0.0.11|CID:7|TS:9.332|SPD:20.1|HDG:0.9|PX:206.7|PY:-30.0|L...
[TRUST-APPLIED] CID:7 LANE_UPGRADE → logical reward only; telemetry lane unchanged lane=3 speed unchanged=20.0 m/s [reward-speed disabled to avoid M1 false positive]
✓ [CAR 7] ACT=OK REP=0.500 RWD=1.500 PNL=0.000 CREDIT=15
✓ [CAR 7] ACT=OK REP=0.868 RWD=1.000 PNL=0.000 CREDIT=14
[PASSIVE-BEACON] SIMNOW:9.424 CID:0 ZONE:1 RXUAV:1 EDGEPORT:9998 TS:9.410 SPD:19.700 HDG:0.700 PX:188.400 PY:-10.000 LAN:1 BRK:0 RX_X:0.000 RX_Y:0.000 RX_Z:0.000
[ZONE-ROUTE] CID:0 zone=1 edge_port=9998
[EDGE-RTT] CID:0 wall=1.1 ms  sim_delay=10.0 ms
>>> [UAV->CLOUD] BLK:37d8|TX:7.0.0.4|CID:0|TS:9.410|SPD:19.7|HDG:0.7|PX:188.4|PY:-10.0|LA...
✓ [CAR 0] ACT=OK REP=0.783 RWD=1.000 PNL=0.000 CREDIT=12
[PASSIVE-BEACON] SIMNOW:9.444 CID:3 ZONE:1 RXUAV:1 EDGEPORT:9998 TS:9.430 SPD:19.600 HDG:-1.200 PX:187.900 PY:-40.000 LAN:4 BRK:0 RX_X:0.000 RX_Y:0.000 RX_Z:0.000
[ZONE-ROUTE] CID:3 zone=1 edge_port=9998
[EDGE-RTT] CID:3 wall=0.9 ms  sim_delay=10.0 ms
[TRUST-UPGRADE] CID:3 earned LANE_UPGRADE after 15 clean packets → lane 0 + 2.0 m/s
>>> [UAV->CLOUD] BLK:4fd9|TX:7.0.0.7|CID:3|TS:9.430|SPD:19.6|HDG:-1.2|PX:187.9|PY:-40.0|L...
[TRUST-APPLIED] CID:3 LANE_UPGRADE → logical reward only; telemetry lane unchanged lane=4 speed unchanged=20.0 m/s [reward-speed disabled to avoid M1 false positive]
✓ [CAR 3] ACT=OK REP=0.500 RWD=1.500 PNL=0.000 CREDIT=15
✓ [CAR 3] ACT=OK REP=0.699 RWD=1.000 PNL=0.000 CREDIT=14
[PASSIVE-BEACON] SIMNOW:9.584 CID:1 ZONE:1 RXUAV:1 EDGEPORT:9998 TS:9.570 SPD:20.000 HDG:2.000 PX:191.200 PY:-20.000 LAN:2 BRK:0 RX_X:0.000 RX_Y:0.000 RX_Z:0.000
[ZONE-ROUTE] CID:1 zone=1 edge_port=9998
[EDGE-RTT] CID:1 wall=0.9 ms  sim_delay=10.0 ms
>>> [UAV->CLOUD] BLK:0c89|TX:7.0.0.5|CID:1|TS:9.570|SPD:20.0|HDG:2.0|PX:191.2|PY:-20.0|LA...
✓ [CAR 1] ACT=OK REP=0.752 RWD=1.000 PNL=0.000 CREDIT=15
[PASSIVE-BEACON] SIMNOW:9.604 CID:4 ZONE:1 RXUAV:1 EDGEPORT:9998 TS:9.590 SPD:19.900 HDG:-0.500 PX:192.400 PY:-50.000 LAN:5 BRK:0 RX_X:0.000 RX_Y:0.000 RX_Z:0.000
[ZONE-ROUTE] CID:4 zone=1 edge_port=9998
[EDGE-RTT] CID:4 wall=1.0 ms  sim_delay=10.0 ms
>>> [UAV->CLOUD] BLK:2cf9|TX:7.0.0.8|CID:4|TS:9.590|SPD:19.9|HDG:-0.5|PX:192.4|PY:-50.0|L...
✓ [CAR 4] ACT=OK REP=0.955 RWD=1.000 PNL=0.000 CREDIT=15
[PASSIVE-BEACON] SIMNOW:9.656 CID:5 ZONE:1 RXUAV:1 EDGEPORT:9998 TS:9.642 SPD:20.200 HDG:0.500 PX:213.300 PY:-10.000 LAN:1 BRK:0 RX_X:0.000 RX_Y:0.000 RX_Z:0.000
[ZONE-ROUTE] CID:5 zone=1 edge_port=9998
[EDGE-RTT] CID:5 wall=1.0 ms  sim_delay=10.0 ms
[TRUST-UPGRADE] CID:5 earned LANE_UPGRADE after 15 clean packets → lane 0 + 2.0 m/s
>>> [UAV->CLOUD] BLK:a696|TX:7.0.0.9|CID:5|TS:9.642|SPD:20.2|HDG:0.5|PX:213.3|PY:-10.0|LA...
[TRUST-APPLIED] CID:5 LANE_UPGRADE → logical reward only; telemetry lane unchanged lane=1 speed unchanged=20.0 m/s [reward-speed disabled to avoid M1 false positive]
✓ [CAR 5] ACT=OK REP=0.500 RWD=1.500 PNL=0.000 CREDIT=15
✓ [CAR 5] ACT=OK REP=0.871 RWD=1.000 PNL=0.000 CREDIT=14
[PASSIVE-BEACON] SIMNOW:9.726 CID:9 ZONE:1 RXUAV:1 EDGEPORT:9998 TS:9.712 SPD:20.300 HDG:-1.200 PX:214.200 PY:-50.000 LAN:5 BRK:0 RX_X:0.000 RX_Y:0.000 RX_Z:0.000
[ZONE-ROUTE] CID:9 zone=1 edge_port=9998
[EDGE-RTT] CID:9 wall=1.1 ms  sim_delay=10.0 ms
[TRUST-UPGRADE] CID:9 earned LANE_UPGRADE after 15 clean packets → lane 0 + 2.0 m/s
>>> [UAV->CLOUD] BLK:f9b7|TX:7.0.0.13|CID:9|TS:9.712|SPD:20.3|HDG:-1.2|PX:214.2|PY:-50.0|...
[TRUST-APPLIED] CID:9 LANE_UPGRADE → logical reward only; telemetry lane unchanged lane=5 speed unchanged=20.0 m/s [reward-speed disabled to avoid M1 false positive]
✓ [CAR 9] ACT=OK REP=0.500 RWD=1.500 PNL=0.000 CREDIT=15
✓ [CAR 9] ACT=OK REP=0.996 RWD=1.000 PNL=0.000 CREDIT=14
[PASSIVE-BEACON] SIMNOW:9.744 CID:2 ZONE:1 RXUAV:1 EDGEPORT:9998 TS:9.730 SPD:20.200 HDG:-1.900 PX:194.700 PY:-30.000 LAN:3 BRK:0 RX_X:0.000 RX_Y:0.000 RX_Z:0.000
[ZONE-ROUTE] CID:2 zone=1 edge_port=9998
[EDGE-RTT] CID:2 wall=0.8 ms  sim_delay=10.0 ms
>>> [UAV->CLOUD] BLK:c7ee|TX:7.0.0.6|CID:2|TS:9.730|SPD:20.2|HDG:-1.9|PX:194.7|PY:-30.0|L...
✓ [CAR 2] ACT=OK REP=0.869 RWD=1.000 PNL=0.000 CREDIT=15
[PASSIVE-BEACON] SIMNOW:9.766 CID:6 ZONE:1 RXUAV:1 EDGEPORT:9998 TS:9.752 SPD:19.700 HDG:-1.900 PX:215.600 PY:-20.000 LAN:2 BRK:0 RX_X:0.000 RX_Y:0.000 RX_Z:0.000
[ZONE-ROUTE] CID:6 zone=1 edge_port=9998
[EDGE-RTT] CID:6 wall=0.8 ms  sim_delay=10.0 ms
>>> [UAV->CLOUD] BLK:65c3|TX:7.0.0.10|CID:6|TS:9.752|SPD:19.7|HDG:-1.9|PX:215.6|PY:-20.0|...
✓ [CAR 6] ACT=OK REP=0.723 RWD=1.000 PNL=0.000 CREDIT=15
[PASSIVE-BEACON] SIMNOW:9.816 CID:8 ZONE:1 RXUAV:1 EDGEPORT:9998 TS:9.802 SPD:19.700 HDG:1.600 PX:216.200 PY:-40.000 LAN:4 BRK:1 RX_X:0.000 RX_Y:0.000 RX_Z:0.000
[ZONE-ROUTE] CID:8 zone=1 edge_port=9998
[EDGE-RTT] CID:8 wall=1.2 ms  sim_delay=10.0 ms
[TRUST-UPGRADE] CID:8 earned LANE_UPGRADE after 15 clean packets → lane 0 + 2.0 m/s
>>> [UAV->CLOUD] BLK:5902|TX:7.0.0.12|CID:8|TS:9.802|SPD:19.7|HDG:1.6|PX:216.2|PY:-40.0|L...
[TRUST-APPLIED] CID:8 LANE_UPGRADE → logical reward only; telemetry lane unchanged lane=4 speed unchanged=20.0 m/s [reward-speed disabled to avoid M1 false positive]
✓ [CAR 8] ACT=OK REP=0.500 RWD=1.500 PNL=0.000 CREDIT=15
✓ [CAR 8] ACT=OK REP=0.959 RWD=1.000 PNL=0.000 CREDIT=14
[PASSIVE-BEACON] SIMNOW:9.846 CID:7 ZONE:1 RXUAV:1 EDGEPORT:9998 TS:9.832 SPD:19.700 HDG:-1.900 PX:216.600 PY:-30.000 LAN:3 BRK:0 RX_X:0.000 RX_Y:0.000 RX_Z:0.000
[ZONE-ROUTE] CID:7 zone=1 edge_port=9998
[EDGE-RTT] CID:7 wall=1.0 ms  sim_delay=10.0 ms
>>> [UAV->CLOUD] BLK:43af|TX:7.0.0.11|CID:7|TS:9.832|SPD:19.7|HDG:-1.9|PX:216.6|PY:-30.0|...
✓ [CAR 7] ACT=OK REP=0.546 RWD=1.000 PNL=0.000 CREDIT=15
[PASSIVE-BEACON] SIMNOW:9.924 CID:0 ZONE:1 RXUAV:1 EDGEPORT:9998 TS:9.910 SPD:20.300 HDG:0.300 PX:197.700 PY:-10.000 LAN:1 BRK:0 RX_X:0.000 RX_Y:0.000 RX_Z:0.000
[ZONE-ROUTE] CID:0 zone=1 edge_port=9998
[EDGE-RTT] CID:0 wall=0.9 ms  sim_delay=10.0 ms
>>> [UAV->CLOUD] BLK:8475|TX:7.0.0.4|CID:0|TS:9.910|SPD:20.3|HDG:0.3|PX:197.7|PY:-10.0|LA...
✓ [CAR 0] ACT=OK REP=0.929 RWD=1.000 PNL=0.000 CREDIT=13
[PASSIVE-BEACON] SIMNOW:9.944 CID:3 ZONE:1 RXUAV:1 EDGEPORT:9998 TS:9.930 SPD:19.900 HDG:1.800 PX:198.100 PY:-40.000 LAN:4 BRK:1 RX_X:0.000 RX_Y:0.000 RX_Z:0.000
[ZONE-ROUTE] CID:3 zone=1 edge_port=9998
[EDGE-RTT] CID:3 wall=1.1 ms  sim_delay=10.0 ms
>>> [UAV->CLOUD] BLK:84c9|TX:7.0.0.7|CID:3|TS:9.930|SPD:19.9|HDG:1.8|PX:198.1|PY:-40.0|LA...
✓ [CAR 3] ACT=OK REP=1.000 RWD=1.000 PNL=0.000 CREDIT=15
[PASSIVE-BEACON] SIMNOW:10.084 CID:1 ZONE:1 RXUAV:1 EDGEPORT:9998 TS:10.070 SPD:19.600 HDG:-0.600 PX:202.000 PY:-20.000 LAN:2 BRK:0 RX_X:0.000 RX_Y:0.000 RX_Z:0.000
[ZONE-ROUTE] CID:1 zone=1 edge_port=9998
[EDGE-RTT] CID:1 wall=0.7 ms  sim_delay=10.0 ms
>>> [UAV->CLOUD] BLK:ec16|TX:7.0.0.5|CID:1|TS:10.070|SPD:19.6|HDG:-0.6|PX:202.0|PY:-20.0|...
✓ [CAR 1] ACT=OK REP=1.000 RWD=1.000 PNL=0.000 CREDIT=16
[PASSIVE-BEACON] SIMNOW:10.104 CID:4 ZONE:1 RXUAV:1 EDGEPORT:9998 TS:10.090 SPD:19.800 HDG:0.600 PX:201.400 PY:-50.000 LAN:5 BRK:1 RX_X:0.000 RX_Y:0.000 RX_Z:0.000
[ZONE-ROUTE] CID:4 zone=1 edge_port=9998
[EDGE-RTT] CID:4 wall=0.8 ms  sim_delay=10.0 ms
>>> [UAV->CLOUD] BLK:2347|TX:7.0.0.8|CID:4|TS:10.090|SPD:19.8|HDG:0.6|PX:201.4|PY:-50.0|L...
✓ [CAR 4] ACT=OK REP=1.000 RWD=1.000 PNL=0.000 CREDIT=16
[PASSIVE-BEACON] SIMNOW:10.154 CID:5 ZONE:1 RXUAV:1 EDGEPORT:9998 TS:10.142 SPD:20.300 HDG:0.700 PX:222.900 PY:-10.000 LAN:1 BRK:0 RX_X:0.000 RX_Y:0.000 RX_Z:0.000
[ZONE-ROUTE] CID:5 zone=1 edge_port=9998
[EDGE-RTT] CID:5 wall=0.8 ms  sim_delay=10.0 ms
>>> [UAV->CLOUD] BLK:8d3e|TX:7.0.0.9|CID:5|TS:10.142|SPD:20.3|HDG:0.7|PX:222.9|PY:-10.0|L...
✓ [CAR 5] ACT=OK REP=1.000 RWD=1.000 PNL=0.000 CREDIT=15
[PASSIVE-BEACON] SIMNOW:10.226 CID:9 ZONE:1 RXUAV:1 EDGEPORT:9998 TS:10.212 SPD:20.100 HDG:-1.900 PX:224.700 PY:-50.000 LAN:5 BRK:0 RX_X:0.000 RX_Y:0.000 RX_Z:0.000
[ZONE-ROUTE] CID:9 zone=1 edge_port=9998
[EDGE-RTT] CID:9 wall=0.9 ms  sim_delay=10.0 ms
>>> [UAV->CLOUD] BLK:f851|TX:7.0.0.13|CID:9|TS:10.212|SPD:20.1|HDG:-1.9|PX:224.7|PY:-50.0...
✓ [CAR 9] ACT=OK REP=1.000 RWD=1.000 PNL=0.000 CREDIT=15
[PASSIVE-BEACON] SIMNOW:10.243 CID:2 ZONE:1 RXUAV:1 EDGEPORT:9998 TS:10.230 SPD:19.600 HDG:-1.600 PX:203.900 PY:-30.000 LAN:3 BRK:0 RX_X:0.000 RX_Y:0.000 RX_Z:0.000
[ZONE-ROUTE] CID:2 zone=1 edge_port=9998
[EDGE-RTT] CID:2 wall=1.0 ms  sim_delay=10.0 ms
>>> [UAV->CLOUD] BLK:93b2|TX:7.0.0.6|CID:2|TS:10.230|SPD:19.6|HDG:-1.6|PX:203.9|PY:-30.0|...
✓ [CAR 2] ACT=OK REP=0.979 RWD=1.000 PNL=0.000 CREDIT=16
[PASSIVE-BEACON] SIMNOW:10.266 CID:6 ZONE:1 RXUAV:1 EDGEPORT:9998 TS:10.252 SPD:20.100 HDG:1.600 PX:225.700 PY:-20.000 LAN:2 BRK:0 RX_X:0.000 RX_Y:0.000 RX_Z:0.000
[ZONE-ROUTE] CID:6 zone=1 edge_port=9998
[EDGE-RTT] CID:6 wall=0.9 ms  sim_delay=10.0 ms
>>> [UAV->CLOUD] BLK:2bce|TX:7.0.0.10|CID:6|TS:10.252|SPD:20.1|HDG:1.6|PX:225.7|PY:-20.0|...
✓ [CAR 6] ACT=OK REP=0.966 RWD=1.000 PNL=0.000 CREDIT=16
[PASSIVE-BEACON] SIMNOW:10.316 CID:8 ZONE:1 RXUAV:1 EDGEPORT:9998 TS:10.302 SPD:20.000 HDG:-1.100 PX:225.400 PY:-40.000 LAN:4 BRK:0 RX_X:0.000 RX_Y:0.000 RX_Z:0.000
[ZONE-ROUTE] CID:8 zone=1 edge_port=9998
[EDGE-RTT] CID:8 wall=1.1 ms  sim_delay=10.0 ms
>>> [UAV->CLOUD] BLK:c290|TX:7.0.0.12|CID:8|TS:10.302|SPD:20.0|HDG:-1.1|PX:225.4|PY:-40.0...
✓ [CAR 8] ACT=OK REP=0.971 RWD=1.000 PNL=0.000 CREDIT=15
[PASSIVE-BEACON] SIMNOW:10.346 CID:7 ZONE:1 RXUAV:1 EDGEPORT:9998 TS:10.332 SPD:20.200 HDG:-1.500 PX:226.400 PY:-30.000 LAN:3 BRK:0 RX_X:0.000 RX_Y:0.000 RX_Z:0.000
[ZONE-ROUTE] CID:7 zone=1 edge_port=9998
[EDGE-RTT] CID:7 wall=0.6 ms  sim_delay=10.0 ms
>>> [UAV->CLOUD] BLK:657f|TX:7.0.0.11|CID:7|TS:10.332|SPD:20.2|HDG:-1.5|PX:226.4|PY:-30.0...
✓ [CAR 7] ACT=OK REP=0.784 RWD=1.000 PNL=0.000 CREDIT=16
[PASSIVE-BEACON] SIMNOW:10.423 CID:0 ZONE:1 RXUAV:1 EDGEPORT:9998 TS:10.410 SPD:19.600 HDG:-0.200 PX:207.600 PY:-10.000 LAN:1 BRK:0 RX_X:0.000 RX_Y:0.000 RX_Z:0.000
[ZONE-ROUTE] CID:0 zone=1 edge_port=9998
[EDGE-RTT] CID:0 wall=1.0 ms  sim_delay=10.0 ms
[TRUST-UPGRADE] CID:0 earned LANE_UPGRADE after 15 clean packets → lane 0 + 2.0 m/s
>>> [UAV->CLOUD] BLK:bc3e|TX:7.0.0.4|CID:0|TS:10.410|SPD:19.6|HDG:-0.2|PX:207.6|PY:-10.0|...
[TRUST-APPLIED] CID:0 LANE_UPGRADE → logical reward only; telemetry lane unchanged lane=1 speed unchanged=20.0 m/s [reward-speed disabled to avoid M1 false positive]
✓ [CAR 0] ACT=OK REP=0.500 RWD=1.500 PNL=0.000 CREDIT=15
✓ [CAR 0] ACT=OK REP=0.995 RWD=1.000 PNL=0.000 CREDIT=14
[PASSIVE-BEACON] SIMNOW:10.444 CID:3 ZONE:1 RXUAV:1 EDGEPORT:9998 TS:10.430 SPD:19.500 HDG:-1.000 PX:208.900 PY:-40.000 LAN:4 BRK:0 RX_X:0.000 RX_Y:0.000 RX_Z:0.000
[ZONE-ROUTE] CID:3 zone=1 edge_port=9998
[EDGE-RTT] CID:3 wall=1.0 ms  sim_delay=10.0 ms
>>> [UAV->CLOUD] BLK:3260|TX:7.0.0.7|CID:3|TS:10.430|SPD:19.5|HDG:-1.0|PX:208.9|PY:-40.0|...
✓ [CAR 3] ACT=OK REP=1.000 RWD=1.000 PNL=0.000 CREDIT=16
[PASSIVE-BEACON] SIMNOW:10.584 CID:1 ZONE:1 RXUAV:1 EDGEPORT:9998 TS:10.570 SPD:19.800 HDG:0.600 PX:212.000 PY:-20.000 LAN:2 BRK:0 RX_X:0.000 RX_Y:0.000 RX_Z:0.000
[ZONE-ROUTE] CID:1 zone=1 edge_port=9998
[EDGE-RTT] CID:1 wall=0.9 ms  sim_delay=10.0 ms
>>> [UAV->CLOUD] BLK:328d|TX:7.0.0.5|CID:1|TS:10.570|SPD:19.8|HDG:0.6|PX:212.0|PY:-20.0|L...
✓ [CAR 1] ACT=OK REP=1.000 RWD=1.000 PNL=0.000 CREDIT=17
[PASSIVE-BEACON] SIMNOW:10.602 CID:4 ZONE:1 RXUAV:1 EDGEPORT:9998 TS:10.590 SPD:19.600 HDG:0.200 PX:212.500 PY:-50.000 LAN:5 BRK:1 RX_X:0.000 RX_Y:0.000 RX_Z:0.000
[ZONE-ROUTE] CID:4 zone=1 edge_port=9998
[EDGE-RTT] CID:4 wall=0.8 ms  sim_delay=10.0 ms
>>> [UAV->CLOUD] BLK:4560|TX:7.0.0.8|CID:4|TS:10.590|SPD:19.6|HDG:0.2|PX:212.5|PY:-50.0|L...
✓ [CAR 4] ACT=OK REP=1.000 RWD=1.000 PNL=0.000 CREDIT=17
[PASSIVE-BEACON] SIMNOW:10.656 CID:5 ZONE:1 RXUAV:1 EDGEPORT:9998 TS:10.642 SPD:20.300 HDG:1.400 PX:232.800 PY:-10.000 LAN:1 BRK:0 RX_X:0.000 RX_Y:0.000 RX_Z:0.000
[ZONE-ROUTE] CID:5 zone=1 edge_port=9998
[EDGE-RTT] CID:5 wall=1.1 ms  sim_delay=10.0 ms
>>> [UAV->CLOUD] BLK:fcdf|TX:7.0.0.9|CID:5|TS:10.642|SPD:20.3|HDG:1.4|PX:232.8|PY:-10.0|L...
✓ [CAR 5] ACT=OK REP=0.833 RWD=1.000 PNL=0.000 CREDIT=16
[PASSIVE-BEACON] SIMNOW:10.726 CID:9 ZONE:1 RXUAV:1 EDGEPORT:9998 TS:10.712 SPD:20.300 HDG:1.000 PX:234.700 PY:-50.000 LAN:5 BRK:0 RX_X:0.000 RX_Y:0.000 RX_Z:0.000
[ZONE-ROUTE] CID:9 zone=1 edge_port=9998
[EDGE-RTT] CID:9 wall=1.1 ms  sim_delay=10.0 ms
>>> [UAV->CLOUD] BLK:e07f|TX:7.0.0.13|CID:9|TS:10.712|SPD:20.3|HDG:1.0|PX:234.7|PY:-50.0|...
✓ [CAR 9] ACT=OK REP=0.857 RWD=1.000 PNL=0.000 CREDIT=16
[PKT-DROP] UAV dropped telemetry from 7.0.0.6 (drop_rate=5%)
[PASSIVE-BEACON] SIMNOW:10.766 CID:6 ZONE:1 RXUAV:1 EDGEPORT:9998 TS:10.752 SPD:20.300 HDG:0.500 PX:235.600 PY:-20.000 LAN:2 BRK:0 RX_X:0.000 RX_Y:0.000 RX_Z:0.000
[ZONE-ROUTE] CID:6 zone=1 edge_port=9998
[EDGE-RTT] CID:6 wall=1.0 ms  sim_delay=10.0 ms
>>> [UAV->CLOUD] BLK:beb6|TX:7.0.0.10|CID:6|TS:10.752|SPD:20.3|HDG:0.5|PX:235.6|PY:-20.0|...
✓ [CAR 6] ACT=OK REP=0.861 RWD=1.000 PNL=0.000 CREDIT=17
[PASSIVE-BEACON] SIMNOW:10.816 CID:8 ZONE:1 RXUAV:1 EDGEPORT:9998 TS:10.802 SPD:19.600 HDG:1.300 PX:236.000 PY:-40.000 LAN:4 BRK:0 RX_X:0.000 RX_Y:0.000 RX_Z:0.000
[ZONE-ROUTE] CID:8 zone=1 edge_port=9998
[EDGE-RTT] CID:8 wall=1.1 ms  sim_delay=10.0 ms
>>> [UAV->CLOUD] BLK:41ae|TX:7.0.0.12|CID:8|TS:10.802|SPD:19.6|HDG:1.3|PX:236.0|PY:-40.0|...
✓ [CAR 8] ACT=OK REP=0.853 RWD=1.000 PNL=0.000 CREDIT=16
[PASSIVE-BEACON] SIMNOW:10.846 CID:7 ZONE:1 RXUAV:1 EDGEPORT:9998 TS:10.832 SPD:19.700 HDG:1.100 PX:237.000 PY:-30.000 LAN:3 BRK:1 RX_X:0.000 RX_Y:0.000 RX_Z:0.000
[ZONE-ROUTE] CID:7 zone=1 edge_port=9998
[EDGE-RTT] CID:7 wall=1.1 ms  sim_delay=10.0 ms
>>> [UAV->CLOUD] BLK:3c9f|TX:7.0.0.11|CID:7|TS:10.832|SPD:19.7|HDG:1.1|PX:237.0|PY:-30.0|...
✓ [CAR 7] ACT=OK REP=0.659 RWD=1.000 PNL=0.000 CREDIT=17
[PASSIVE-BEACON] SIMNOW:10.924 CID:0 ZONE:1 RXUAV:1 EDGEPORT:9998 TS:10.910 SPD:20.300 HDG:0.600 PX:218.800 PY:-10.000 LAN:1 BRK:0 RX_X:0.000 RX_Y:0.000 RX_Z:0.000
[ZONE-ROUTE] CID:0 zone=1 edge_port=9998
[EDGE-RTT] CID:0 wall=0.9 ms  sim_delay=10.0 ms
>>> [UAV->CLOUD] BLK:b719|TX:7.0.0.4|CID:0|TS:10.910|SPD:20.3|HDG:0.6|PX:218.8|PY:-10.0|L...
✓ [CAR 0] ACT=OK REP=0.774 RWD=1.000 PNL=0.000 CREDIT=15
[PASSIVE-BEACON] SIMNOW:10.944 CID:3 ZONE:1 RXUAV:1 EDGEPORT:9998 TS:10.930 SPD:20.000 HDG:-0.600 PX:218.400 PY:-40.000 LAN:4 BRK:1 RX_X:0.000 RX_Y:0.000 RX_Z:0.000
[ZONE-ROUTE] CID:3 zone=1 edge_port=9998
[EDGE-RTT] CID:3 wall=0.9 ms  sim_delay=10.0 ms
>>> [UAV->CLOUD] BLK:0591|TX:7.0.0.7|CID:3|TS:10.930|SPD:20.0|HDG:-0.6|PX:218.4|PY:-40.0|...
✓ [CAR 3] ACT=OK REP=1.000 RWD=1.000 PNL=0.000 CREDIT=17
[PASSIVE-BEACON] SIMNOW:11.084 CID:1 ZONE:1 RXUAV:1 EDGEPORT:9998 TS:11.070 SPD:19.800 HDG:1.800 PX:220.900 PY:-20.000 LAN:2 BRK:0 RX_X:0.000 RX_Y:0.000 RX_Z:0.000
[ZONE-ROUTE] CID:1 zone=1 edge_port=9998
[EDGE-RTT] CID:1 wall=1.0 ms  sim_delay=10.0 ms
>>> [UAV->CLOUD] BLK:42fc|TX:7.0.0.5|CID:1|TS:11.070|SPD:19.8|HDG:1.8|PX:220.9|PY:-20.0|L...
✓ [CAR 1] ACT=OK REP=0.913 RWD=1.000 PNL=0.000 CREDIT=18
[PASSIVE-BEACON] SIMNOW:11.104 CID:4 ZONE:1 RXUAV:1 EDGEPORT:9998 TS:11.090 SPD:20.400 HDG:-0.500 PX:222.300 PY:-50.000 LAN:5 BRK:0 RX_X:0.000 RX_Y:0.000 RX_Z:0.000
[ZONE-ROUTE] CID:4 zone=1 edge_port=9998
[EDGE-RTT] CID:4 wall=0.7 ms  sim_delay=10.0 ms
>>> [UAV->CLOUD] BLK:38eb|TX:7.0.0.8|CID:4|TS:11.090|SPD:20.4|HDG:-0.5|PX:222.3|PY:-50.0|...
✓ [CAR 4] ACT=OK REP=0.537 RWD=1.000 PNL=0.000 CREDIT=18
[PASSIVE-BEACON] SIMNOW:11.156 CID:5 ZONE:1 RXUAV:1 EDGEPORT:9998 TS:11.142 SPD:20.100 HDG:-1.200 PX:243.600 PY:-10.000 LAN:1 BRK:0 RX_X:0.000 RX_Y:0.000 RX_Z:0.000
[ZONE-ROUTE] CID:5 zone=1 edge_port=9998
[EDGE-RTT] CID:5 wall=1.2 ms  sim_delay=10.0 ms
>>> [UAV->CLOUD] BLK:fca1|TX:7.0.0.9|CID:5|TS:11.142|SPD:20.1|HDG:-1.2|PX:243.6|PY:-10.0|...
✓ [CAR 5] ACT=OK REP=0.896 RWD=1.000 PNL=0.000 CREDIT=17
[PASSIVE-BEACON] SIMNOW:11.226 CID:9 ZONE:1 RXUAV:1 EDGEPORT:9998 TS:11.212 SPD:19.700 HDG:-1.300 PX:244.600 PY:-50.000 LAN:5 BRK:0 RX_X:0.000 RX_Y:0.000 RX_Z:0.000
[ZONE-ROUTE] CID:9 zone=1 edge_port=9998
[EDGE-RTT] CID:9 wall=1.0 ms  sim_delay=10.0 ms
>>> [UAV->CLOUD] BLK:d872|TX:7.0.0.13|CID:9|TS:11.212|SPD:19.7|HDG:-1.3|PX:244.6|PY:-50.0...
✓ [CAR 9] ACT=OK REP=1.000 RWD=1.000 PNL=0.000 CREDIT=17
[PASSIVE-BEACON] SIMNOW:11.244 CID:2 ZONE:1 RXUAV:1 EDGEPORT:9998 TS:11.230 SPD:19.600 HDG:-0.300 PX:225.000 PY:-30.000 LAN:3 BRK:0 RX_X:0.000 RX_Y:0.000 RX_Z:0.000
[ZONE-ROUTE] CID:2 zone=1 edge_port=9998
[EDGE-RTT] CID:2 wall=0.9 ms  sim_delay=10.0 ms
>>> [UAV->CLOUD] BLK:3130|TX:7.0.0.6|CID:2|TS:11.230|SPD:19.6|HDG:-0.3|PX:225.0|PY:-30.0|...
✓ [CAR 2] ACT=OK REP=0.841 RWD=1.000 PNL=0.000 CREDIT=17
[PASSIVE-BEACON] SIMNOW:11.266 CID:6 ZONE:1 RXUAV:1 EDGEPORT:9998 TS:11.252 SPD:20.100 HDG:0.000 PX:244.500 PY:-20.000 LAN:2 BRK:0 RX_X:0.000 RX_Y:0.000 RX_Z:0.000
[ZONE-ROUTE] CID:6 zone=1 edge_port=9998
[EDGE-RTT] CID:6 wall=0.7 ms  sim_delay=10.0 ms
>>> [UAV->CLOUD] BLK:64c8|TX:7.0.0.10|CID:6|TS:11.252|SPD:20.1|HDG:0.0|PX:244.5|PY:-20.0|...
✓ [CAR 6] ACT=OK REP=0.784 RWD=1.000 PNL=0.000 CREDIT=18
[PASSIVE-BEACON] SIMNOW:11.316 CID:8 ZONE:1 RXUAV:1 EDGEPORT:9998 TS:11.302 SPD:20.200 HDG:0.200 PX:245.500 PY:-40.000 LAN:4 BRK:0 RX_X:0.000 RX_Y:0.000 RX_Z:0.000
[ZONE-ROUTE] CID:8 zone=1 edge_port=9998
[EDGE-RTT] CID:8 wall=1.0 ms  sim_delay=10.0 ms
>>> [UAV->CLOUD] BLK:ad85|TX:7.0.0.12|CID:8|TS:11.302|SPD:20.2|HDG:0.2|PX:245.5|PY:-40.0|...
✓ [CAR 8] ACT=OK REP=0.891 RWD=1.000 PNL=0.000 CREDIT=17
[PASSIVE-BEACON] SIMNOW:11.346 CID:7 ZONE:1 RXUAV:1 EDGEPORT:9998 TS:11.332 SPD:20.400 HDG:-2.000 PX:246.700 PY:-30.000 LAN:3 BRK:0 RX_X:0.000 RX_Y:0.000 RX_Z:0.000
[ZONE-ROUTE] CID:7 zone=1 edge_port=9998
[EDGE-RTT] CID:7 wall=1.0 ms  sim_delay=10.0 ms
>>> [UAV->CLOUD] BLK:92b8|TX:7.0.0.11|CID:7|TS:11.332|SPD:20.4|HDG:-2.0|PX:246.7|PY:-30.0...
✓ [CAR 7] ACT=OK REP=0.914 RWD=1.000 PNL=0.000 CREDIT=18
[PASSIVE-BEACON] SIMNOW:11.424 CID:0 ZONE:1 RXUAV:1 EDGEPORT:9998 TS:11.410 SPD:19.800 HDG:0.800 PX:228.900 PY:-10.000 LAN:1 BRK:0 RX_X:0.000 RX_Y:0.000 RX_Z:0.000
[ZONE-ROUTE] CID:0 zone=1 edge_port=9998
[EDGE-RTT] CID:0 wall=1.0 ms  sim_delay=10.0 ms
>>> [UAV->CLOUD] BLK:3879|TX:7.0.0.4|CID:0|TS:11.410|SPD:19.8|HDG:0.8|PX:228.9|PY:-10.0|L...
✓ [CAR 0] ACT=OK REP=0.776 RWD=1.000 PNL=0.000 CREDIT=16
[PASSIVE-BEACON] SIMNOW:11.444 CID:3 ZONE:1 RXUAV:1 EDGEPORT:9998 TS:11.430 SPD:20.100 HDG:1.100 PX:229.300 PY:-40.000 LAN:4 BRK:0 RX_X:0.000 RX_Y:0.000 RX_Z:0.000
[ZONE-ROUTE] CID:3 zone=1 edge_port=9998
[EDGE-RTT] CID:3 wall=0.7 ms  sim_delay=10.0 ms
>>> [UAV->CLOUD] BLK:4395|TX:7.0.0.7|CID:3|TS:11.430|SPD:20.1|HDG:1.1|PX:229.3|PY:-40.0|L...
✓ [CAR 3] ACT=OK REP=0.991 RWD=1.000 PNL=0.000 CREDIT=18
[PASSIVE-BEACON] SIMNOW:11.584 CID:1 ZONE:1 RXUAV:1 EDGEPORT:9998 TS:11.570 SPD:20.400 HDG:1.500 PX:232.100 PY:-20.000 LAN:2 BRK:1 RX_X:0.000 RX_Y:0.000 RX_Z:0.000
[ZONE-ROUTE] CID:1 zone=1 edge_port=9998
[EDGE-RTT] CID:1 wall=1.2 ms  sim_delay=10.0 ms
[TRUST-UPGRADE] CID:1 earned REDUCE_SCRUTINY after 20 clean packets → latency × 0.5
>>> [UAV->CLOUD] BLK:eef2|TX:7.0.0.5|CID:1|TS:11.570|SPD:20.4|HDG:1.5|PX:232.1|PY:-20.0|L...
[TRUST-APPLIED] CID:1 REDUCE_SCRUTINY → latency=5.0ms (was 10.0ms)
✓ [CAR 1] ACT=OK REP=0.500 RWD=1.500 PNL=0.000 CREDIT=20
✓ [CAR 1] ACT=OK REP=0.921 RWD=1.000 PNL=0.000 CREDIT=19
[PASSIVE-BEACON] SIMNOW:11.604 CID:4 ZONE:1 RXUAV:1 EDGEPORT:9998 TS:11.590 SPD:19.600 HDG:-0.900 PX:231.600 PY:-50.000 LAN:5 BRK:1 RX_X:0.000 RX_Y:0.000 RX_Z:0.000
[ZONE-ROUTE] CID:4 zone=1 edge_port=9998
[EDGE-RTT] CID:4 wall=1.0 ms  sim_delay=10.0 ms
[TRUST-UPGRADE] CID:4 earned REDUCE_SCRUTINY after 20 clean packets → latency × 0.5
>>> [UAV->CLOUD] BLK:1697|TX:7.0.0.8|CID:4|TS:11.590|SPD:19.6|HDG:-0.9|PX:231.6|PY:-50.0|...
[TRUST-APPLIED] CID:4 REDUCE_SCRUTINY → latency=5.0ms (was 10.0ms)
✓ [CAR 4] ACT=OK REP=0.500 RWD=1.500 PNL=0.000 CREDIT=20
✓ [CAR 4] ACT=OK REP=0.978 RWD=1.000 PNL=0.000 CREDIT=19
[PASSIVE-BEACON] SIMNOW:11.655 CID:5 ZONE:1 RXUAV:1 EDGEPORT:9998 TS:11.642 SPD:20.400 HDG:1.000 PX:252.700 PY:-10.000 LAN:1 BRK:1 RX_X:0.000 RX_Y:0.000 RX_Z:0.000
[ZONE-ROUTE] CID:5 zone=1 edge_port=9998
[EDGE-RTT] CID:5 wall=0.9 ms  sim_delay=10.0 ms
>>> [UAV->CLOUD] BLK:dcea|TX:7.0.0.9|CID:5|TS:11.642|SPD:20.4|HDG:1.0|PX:252.7|PY:-10.0|L...
✓ [CAR 5] ACT=OK REP=0.880 RWD=1.000 PNL=0.000 CREDIT=18
[PASSIVE-BEACON] SIMNOW:11.726 CID:9 ZONE:1 RXUAV:1 EDGEPORT:9998 TS:11.712 SPD:20.100 HDG:1.800 PX:253.900 PY:-50.000 LAN:5 BRK:0 RX_X:0.000 RX_Y:0.000 RX_Z:0.000
[ZONE-ROUTE] CID:9 zone=1 edge_port=9998
[EDGE-RTT] CID:9 wall=1.0 ms  sim_delay=10.0 ms
>>> [UAV->CLOUD] BLK:c70c|TX:7.0.0.13|CID:9|TS:11.712|SPD:20.1|HDG:1.8|PX:253.9|PY:-50.0|...
✓ [CAR 9] ACT=OK REP=0.879 RWD=1.000 PNL=0.000 CREDIT=18
[PASSIVE-BEACON] SIMNOW:11.744 CID:2 ZONE:1 RXUAV:1 EDGEPORT:9998 TS:11.730 SPD:19.900 HDG:-1.500 PX:234.800 PY:-30.000 LAN:3 BRK:1 RX_X:0.000 RX_Y:0.000 RX_Z:0.000
[ZONE-ROUTE] CID:2 zone=1 edge_port=9998
[EDGE-RTT] CID:2 wall=0.7 ms  sim_delay=10.0 ms
>>> [UAV->CLOUD] BLK:7d64|TX:7.0.0.6|CID:2|TS:11.730|SPD:19.9|HDG:-1.5|PX:234.8|PY:-30.0|...
✓ [CAR 2] ACT=OK REP=1.000 RWD=1.000 PNL=0.000 CREDIT=18
[PASSIVE-BEACON] SIMNOW:11.766 CID:6 ZONE:1 RXUAV:1 EDGEPORT:9998 TS:11.752 SPD:20.200 HDG:-0.300 PX:255.500 PY:-20.000 LAN:2 BRK:0 RX_X:0.000 RX_Y:0.000 RX_Z:0.000
[ZONE-ROUTE] CID:6 zone=1 edge_port=9998
[EDGE-RTT] CID:6 wall=1.2 ms  sim_delay=10.0 ms
[TRUST-UPGRADE] CID:6 earned REDUCE_SCRUTINY after 20 clean packets → latency × 0.5
>>> [UAV->CLOUD] BLK:2526|TX:7.0.0.10|CID:6|TS:11.752|SPD:20.2|HDG:-0.3|PX:255.5|PY:-20.0...
[TRUST-APPLIED] CID:6 REDUCE_SCRUTINY → latency=5.0ms (was 10.0ms)
✓ [CAR 6] ACT=OK REP=0.500 RWD=1.500 PNL=0.000 CREDIT=20
✓ [CAR 6] ACT=OK REP=0.882 RWD=1.000 PNL=0.000 CREDIT=19
[PASSIVE-BEACON] SIMNOW:11.816 CID:8 ZONE:1 RXUAV:1 EDGEPORT:9998 TS:11.802 SPD:20.300 HDG:-1.100 PX:256.500 PY:-40.000 LAN:4 BRK:0 RX_X:0.000 RX_Y:0.000 RX_Z:0.000
[ZONE-ROUTE] CID:8 zone=1 edge_port=9998
[EDGE-RTT] CID:8 wall=1.0 ms  sim_delay=10.0 ms
>>> [UAV->CLOUD] BLK:6e27|TX:7.0.0.12|CID:8|TS:11.802|SPD:20.3|HDG:-1.1|PX:256.5|PY:-40.0...
✓ [CAR 8] ACT=OK REP=1.000 RWD=1.000 PNL=0.000 CREDIT=18
[PASSIVE-BEACON] SIMNOW:11.846 CID:7 ZONE:1 RXUAV:1 EDGEPORT:9998 TS:11.832 SPD:19.800 HDG:-1.900 PX:255.900 PY:-30.000 LAN:3 BRK:1 RX_X:0.000 RX_Y:0.000 RX_Z:0.000
[ZONE-ROUTE] CID:7 zone=1 edge_port=9998
[EDGE-RTT] CID:7 wall=1.0 ms  sim_delay=10.0 ms
[TRUST-UPGRADE] CID:7 earned REDUCE_SCRUTINY after 20 clean packets → latency × 0.5
>>> [UAV->CLOUD] BLK:d698|TX:7.0.0.11|CID:7|TS:11.832|SPD:19.8|HDG:-1.9|PX:255.9|PY:-30.0...
[TRUST-APPLIED] CID:7 REDUCE_SCRUTINY → latency=5.0ms (was 10.0ms)
✓ [CAR 7] ACT=OK REP=0.500 RWD=1.500 PNL=0.000 CREDIT=20
✓ [CAR 7] ACT=OK REP=1.000 RWD=1.000 PNL=0.000 CREDIT=19
[PASSIVE-BEACON] SIMNOW:11.923 CID:0 ZONE:1 RXUAV:1 EDGEPORT:9998 TS:11.910 SPD:24.800 HDG:1.200 PX:239.100 PY:-10.000 LAN:1 BRK:0 RX_X:0.000 RX_Y:0.000 RX_Z:0.000
[ZONE-ROUTE] CID:0 zone=1 edge_port=9998
[EDGE-RTT] CID:0 wall=1.0 ms  sim_delay=10.0 ms
>>> [UAV->CLOUD] BLK:2012|TX:7.0.0.4|CID:0|TS:11.910|SPD:24.8|HDG:1.2|PX:239.1|PY:-10.0|L...
[ECON-CLAWBACK] CID:0 ACT=WARN prior_payoff=18.5 extra_penalty=14.9 new_payoff=3.5
[TRUST-REVOKED] CID:0 benefits revoked logically; lane=1 speed=20.0 latency=10.0ms
[FORGIVENESS] CID:0 WARN #1 — streak reset, benefits revoked
⚠ [CAR 0] ACT=WARN REP=0.901 RWD=0.000 PNL=14.950 CREDIT=15
[PASSIVE-BEACON] SIMNOW:11.944 CID:3 ZONE:1 RXUAV:1 EDGEPORT:9998 TS:11.930 SPD:20.500 HDG:-1.600 PX:238.400 PY:-40.000 LAN:4 BRK:0 RX_X:0.000 RX_Y:0.000 RX_Z:0.000
[ZONE-ROUTE] CID:3 zone=1 edge_port=9998
[EDGE-RTT] CID:3 wall=1.1 ms  sim_delay=10.0 ms
[TRUST-UPGRADE] CID:3 earned REDUCE_SCRUTINY after 20 clean packets → latency × 0.5
>>> [UAV->CLOUD] BLK:f5bb|TX:7.0.0.7|CID:3|TS:11.930|SPD:20.5|HDG:-1.6|PX:238.4|PY:-40.0|...
[TRUST-APPLIED] CID:3 REDUCE_SCRUTINY → latency=5.0ms (was 10.0ms)
✓ [CAR 3] ACT=OK REP=0.500 RWD=1.500 PNL=0.000 CREDIT=20
✓ [CAR 3] ACT=OK REP=0.562 RWD=1.000 PNL=0.000 CREDIT=19
[PASSIVE-BEACON] SIMNOW:12.084 CID:1 ZONE:1 RXUAV:1 EDGEPORT:9998 TS:12.070 SPD:20.000 HDG:1.800 PX:242.000 PY:-20.000 LAN:2 BRK:0 RX_X:0.000 RX_Y:0.000 RX_Z:0.000
[ZONE-ROUTE] CID:1 zone=1 edge_port=9998
[EDGE-RTT] CID:1 wall=1.1 ms  sim_delay=5.0 ms
>>> [UAV->CLOUD] BLK:88ec|TX:7.0.0.5|CID:1|TS:12.070|SPD:20.0|HDG:1.8|PX:242.0|PY:-20.0|L...
✓ [CAR 1] ACT=OK REP=0.946 RWD=1.000 PNL=0.000 CREDIT=20
[PASSIVE-BEACON] SIMNOW:12.103 CID:4 ZONE:1 RXUAV:1 EDGEPORT:9998 TS:12.090 SPD:20.400 HDG:-0.600 PX:242.000 PY:-50.000 LAN:5 BRK:0 RX_X:0.000 RX_Y:0.000 RX_Z:0.000
[ZONE-ROUTE] CID:4 zone=1 edge_port=9998
[EDGE-RTT] CID:4 wall=0.8 ms  sim_delay=5.0 ms
>>> [UAV->CLOUD] BLK:19ab|TX:7.0.0.8|CID:4|TS:12.090|SPD:20.4|HDG:-0.6|PX:242.0|PY:-50.0|...
✓ [CAR 4] ACT=OK REP=0.746 RWD=1.000 PNL=0.000 CREDIT=20
[PASSIVE-BEACON] SIMNOW:12.156 CID:5 ZONE:1 RXUAV:1 EDGEPORT:9998 TS:12.142 SPD:25.100 HDG:1.200 PX:264.400 PY:-10.000 LAN:1 BRK:1 RX_X:0.000 RX_Y:0.000 RX_Z:0.000
[ZONE-ROUTE] CID:5 zone=1 edge_port=9998
[EDGE-RTT] CID:5 wall=0.8 ms  sim_delay=10.0 ms
>>> [UAV->CLOUD] BLK:28a4|TX:7.0.0.9|CID:5|TS:12.142|SPD:25.1|HDG:1.2|PX:264.4|PY:-10.0|L...
[ECON-CLAWBACK] CID:5 ACT=WARN prior_payoff=20.5 extra_penalty=16.4 new_payoff=4.0
[TRUST-REVOKED] CID:5 benefits revoked logically; lane=1 speed=20.0 latency=10.0ms
[FORGIVENESS] CID:5 WARN #1 — streak reset, benefits revoked
⚠ [CAR 5] ACT=WARN REP=1.000 RWD=0.000 PNL=16.449 CREDIT=17
[PASSIVE-BEACON] SIMNOW:12.226 CID:9 ZONE:1 RXUAV:1 EDGEPORT:9998 TS:12.212 SPD:20.100 HDG:1.000 PX:263.900 PY:-50.000 LAN:5 BRK:1 RX_X:0.000 RX_Y:0.000 RX_Z:0.000
[ZONE-ROUTE] CID:9 zone=1 edge_port=9998
[EDGE-RTT] CID:9 wall=0.8 ms  sim_delay=10.0 ms
[TRUST-UPGRADE] CID:9 earned REDUCE_SCRUTINY after 20 clean packets → latency × 0.5
>>> [UAV->CLOUD] BLK:b41a|TX:7.0.0.13|CID:9|TS:12.212|SPD:20.1|HDG:1.0|PX:263.9|PY:-50.0|...
[TRUST-APPLIED] CID:9 REDUCE_SCRUTINY → latency=5.0ms (was 10.0ms)
✓ [CAR 9] ACT=OK REP=0.500 RWD=1.500 PNL=0.000 CREDIT=20
✓ [CAR 9] ACT=OK REP=1.000 RWD=1.000 PNL=0.000 CREDIT=19
[PASSIVE-BEACON] SIMNOW:12.244 CID:2 ZONE:1 RXUAV:1 EDGEPORT:9998 TS:12.230 SPD:19.700 HDG:-0.500 PX:244.200 PY:-30.000 LAN:3 BRK:0 RX_X:0.000 RX_Y:0.000 RX_Z:0.000
[ZONE-ROUTE] CID:2 zone=1 edge_port=9998
[EDGE-RTT] CID:2 wall=1.0 ms  sim_delay=10.0 ms
[TRUST-UPGRADE] CID:2 earned REDUCE_SCRUTINY after 20 clean packets → latency × 0.5
>>> [UAV->CLOUD] BLK:e39c|TX:7.0.0.6|CID:2|TS:12.230|SPD:19.7|HDG:-0.5|PX:244.2|PY:-30.0|...
[TRUST-APPLIED] CID:2 REDUCE_SCRUTINY → latency=5.0ms (was 10.0ms)
✓ [CAR 2] ACT=OK REP=0.500 RWD=1.500 PNL=0.000 CREDIT=20
✓ [CAR 2] ACT=OK REP=1.000 RWD=1.000 PNL=0.000 CREDIT=19
[PASSIVE-BEACON] SIMNOW:12.266 CID:6 ZONE:1 RXUAV:1 EDGEPORT:9998 TS:12.252 SPD:20.400 HDG:1.700 PX:264.600 PY:-20.000 LAN:2 BRK:1 RX_X:0.000 RX_Y:0.000 RX_Z:0.000
[ZONE-ROUTE] CID:6 zone=1 edge_port=9998
[EDGE-RTT] CID:6 wall=0.8 ms  sim_delay=5.0 ms
>>> [UAV->CLOUD] BLK:aa4f|TX:7.0.0.10|CID:6|TS:12.252|SPD:20.4|HDG:1.7|PX:264.6|PY:-20.0|...
✓ [CAR 6] ACT=OK REP=0.962 RWD=1.000 PNL=0.000 CREDIT=20
[PASSIVE-BEACON] SIMNOW:12.316 CID:8 ZONE:1 RXUAV:1 EDGEPORT:9998 TS:12.302 SPD:20.100 HDG:-1.500 PX:265.700 PY:-40.000 LAN:4 BRK:1 RX_X:0.000 RX_Y:0.000 RX_Z:0.000
[ZONE-ROUTE] CID:8 zone=1 edge_port=9998
[EDGE-RTT] CID:8 wall=0.9 ms  sim_delay=10.0 ms
[TRUST-UPGRADE] CID:8 earned REDUCE_SCRUTINY after 20 clean packets → latency × 0.5
>>> [UAV->CLOUD] BLK:95a8|TX:7.0.0.12|CID:8|TS:12.302|SPD:20.1|HDG:-1.5|PX:265.7|PY:-40.0...
[TRUST-APPLIED] CID:8 REDUCE_SCRUTINY → latency=5.0ms (was 10.0ms)
✓ [CAR 8] ACT=OK REP=0.500 RWD=1.500 PNL=0.000 CREDIT=20
✓ [CAR 8] ACT=OK REP=1.000 RWD=1.000 PNL=0.000 CREDIT=19
[PKT-DROP] UAV dropped telemetry from 7.0.0.11 (drop_rate=5%)
[PASSIVE-BEACON] SIMNOW:12.424 CID:0 ZONE:1 RXUAV:1 EDGEPORT:9998 TS:12.410 SPD:25.000 HDG:-0.900 PX:251.600 PY:-10.000 LAN:1 BRK:1 RX_X:0.000 RX_Y:0.000 RX_Z:0.000
[ZONE-ROUTE] CID:0 zone=1 edge_port=9998
[EDGE-RTT] CID:0 wall=1.1 ms  sim_delay=10.0 ms
>>> [UAV->CLOUD] BLK:19c4|TX:7.0.0.4|CID:0|TS:12.410|SPD:25.0|HDG:-0.9|PX:251.6|PY:-10.0|...
[ECON-CLAWBACK] CID:0 ACT=WARN prior_payoff=3.5 extra_penalty=3.0 new_payoff=0.4
[FORGIVENESS] CID:0 WARN #2 — streak reset, benefits revoked
⚠ [CAR 0] ACT=WARN REP=0.518 RWD=0.000 PNL=3.118 CREDIT=-2
[PASSIVE-BEACON] SIMNOW:12.444 CID:3 ZONE:1 RXUAV:1 EDGEPORT:9998 TS:12.430 SPD:20.100 HDG:-1.200 PX:248.100 PY:-40.000 LAN:4 BRK:0 RX_X:0.000 RX_Y:0.000 RX_Z:0.000
[ZONE-ROUTE] CID:3 zone=1 edge_port=9998
[EDGE-RTT] CID:3 wall=1.1 ms  sim_delay=5.0 ms
>>> [UAV->CLOUD] BLK:2682|TX:7.0.0.7|CID:3|TS:12.430|SPD:20.1|HDG:-1.2|PX:248.1|PY:-40.0|...
✓ [CAR 3] ACT=OK REP=0.778 RWD=1.000 PNL=0.000 CREDIT=20
[PASSIVE-BEACON] SIMNOW:12.584 CID:1 ZONE:1 RXUAV:1 EDGEPORT:9998 TS:12.570 SPD:19.700 HDG:-1.400 PX:251.400 PY:-20.000 LAN:2 BRK:0 RX_X:0.000 RX_Y:0.000 RX_Z:0.000
[ZONE-ROUTE] CID:1 zone=1 edge_port=9998
[EDGE-RTT] CID:1 wall=1.2 ms  sim_delay=5.0 ms
>>> [UAV->CLOUD] BLK:22cf|TX:7.0.0.5|CID:1|TS:12.570|SPD:19.7|HDG:-1.4|PX:251.4|PY:-20.0|...
✓ [CAR 1] ACT=OK REP=0.960 RWD=1.000 PNL=0.000 CREDIT=21
[PASSIVE-BEACON] SIMNOW:12.604 CID:4 ZONE:1 RXUAV:1 EDGEPORT:9998 TS:12.590 SPD:19.600 HDG:0.500 PX:251.300 PY:-50.000 LAN:5 BRK:0 RX_X:0.000 RX_Y:0.000 RX_Z:0.000
[ZONE-ROUTE] CID:4 zone=1 edge_port=9998
[EDGE-RTT] CID:4 wall=1.3 ms  sim_delay=5.0 ms
>>> [UAV->CLOUD] BLK:14a0|TX:7.0.0.8|CID:4|TS:12.590|SPD:19.6|HDG:0.5|PX:251.3|PY:-50.0|L...
✓ [CAR 4] ACT=OK REP=0.728 RWD=1.000 PNL=0.000 CREDIT=21
[PASSIVE-BEACON] SIMNOW:12.656 CID:5 ZONE:1 RXUAV:1 EDGEPORT:9998 TS:12.642 SPD:25.500 HDG:-0.100 PX:276.100 PY:-10.000 LAN:1 BRK:0 RX_X:0.000 RX_Y:0.000 RX_Z:0.000
[ZONE-ROUTE] CID:5 zone=1 edge_port=9998
[EDGE-RTT] CID:5 wall=0.9 ms  sim_delay=10.0 ms
>>> [UAV->CLOUD] BLK:764f|TX:7.0.0.9|CID:5|TS:12.642|SPD:25.5|HDG:-0.1|PX:276.1|PY:-10.0|...
[ECON-CLAWBACK] CID:5 ACT=WARN prior_payoff=4.0 extra_penalty=3.3 new_payoff=0.7
[FORGIVENESS] CID:5 WARN #2 — streak reset, benefits revoked
⚠ [CAR 5] ACT=WARN REP=0.995 RWD=0.000 PNL=3.371 CREDIT=-2
[PASSIVE-BEACON] SIMNOW:12.726 CID:9 ZONE:1 RXUAV:1 EDGEPORT:9998 TS:12.712 SPD:20.400 HDG:1.300 PX:274.600 PY:-50.000 LAN:5 BRK:1 RX_X:0.000 RX_Y:0.000 RX_Z:0.000
[ZONE-ROUTE] CID:9 zone=1 edge_port=9998
[EDGE-RTT] CID:9 wall=1.2 ms  sim_delay=5.0 ms
>>> [UAV->CLOUD] BLK:50ae|TX:7.0.0.13|CID:9|TS:12.712|SPD:20.4|HDG:1.3|PX:274.6|PY:-50.0|...
✓ [CAR 9] ACT=OK REP=1.000 RWD=1.000 PNL=0.000 CREDIT=20
[PASSIVE-BEACON] SIMNOW:12.744 CID:2 ZONE:1 RXUAV:1 EDGEPORT:9998 TS:12.730 SPD:20.400 HDG:0.200 PX:254.900 PY:-30.000 LAN:3 BRK:1 RX_X:0.000 RX_Y:0.000 RX_Z:0.000
[ZONE-ROUTE] CID:2 zone=1 edge_port=9998
[EDGE-RTT] CID:2 wall=1.4 ms  sim_delay=5.0 ms
>>> [UAV->CLOUD] BLK:430b|TX:7.0.0.6|CID:2|TS:12.730|SPD:20.4|HDG:0.2|PX:254.9|PY:-30.0|L...
✓ [CAR 2] ACT=OK REP=1.000 RWD=1.000 PNL=0.000 CREDIT=20
[PASSIVE-BEACON] SIMNOW:12.766 CID:6 ZONE:1 RXUAV:1 EDGEPORT:9998 TS:12.752 SPD:20.200 HDG:-2.000 PX:275.000 PY:-20.000 LAN:2 BRK:0 RX_X:0.000 RX_Y:0.000 RX_Z:0.000
[ZONE-ROUTE] CID:6 zone=1 edge_port=9998
[EDGE-RTT] CID:6 wall=1.2 ms  sim_delay=5.0 ms
>>> [UAV->CLOUD] BLK:73a1|TX:7.0.0.10|CID:6|TS:12.752|SPD:20.2|HDG:-2.0|PX:275.0|PY:-20.0...
✓ [CAR 6] ACT=OK REP=0.836 RWD=1.000 PNL=0.000 CREDIT=21
[PASSIVE-BEACON] SIMNOW:12.816 CID:8 ZONE:1 RXUAV:1 EDGEPORT:9998 TS:12.802 SPD:20.200 HDG:0.200 PX:275.400 PY:-40.000 LAN:4 BRK:0 RX_X:0.000 RX_Y:0.000 RX_Z:0.000
[ZONE-ROUTE] CID:8 zone=1 edge_port=9998
[EDGE-RTT] CID:8 wall=1.1 ms  sim_delay=5.0 ms
>>> [UAV->CLOUD] BLK:1996|TX:7.0.0.12|CID:8|TS:12.802|SPD:20.2|HDG:0.2|PX:275.4|PY:-40.0|...
✓ [CAR 8] ACT=OK REP=1.000 RWD=1.000 PNL=0.000 CREDIT=20
[PASSIVE-BEACON] SIMNOW:12.846 CID:7 ZONE:1 RXUAV:1 EDGEPORT:9998 TS:12.832 SPD:20.300 HDG:-0.900 PX:277.200 PY:-30.000 LAN:3 BRK:0 RX_X:0.000 RX_Y:0.000 RX_Z:0.000
[ZONE-ROUTE] CID:7 zone=1 edge_port=9998
[EDGE-RTT] CID:7 wall=1.0 ms  sim_delay=5.0 ms
>>> [UAV->CLOUD] BLK:fc7d|TX:7.0.0.11|CID:7|TS:12.832|SPD:20.3|HDG:-0.9|PX:277.2|PY:-30.0...
✓ [CAR 7] ACT=OK REP=0.870 RWD=1.000 PNL=0.000 CREDIT=20
[PKT-DROP] UAV dropped telemetry from 7.0.0.4 (drop_rate=5%)
[PASSIVE-BEACON] SIMNOW:12.944 CID:3 ZONE:1 RXUAV:1 EDGEPORT:9998 TS:12.930 SPD:20.100 HDG:1.300 PX:258.700 PY:-40.000 LAN:4 BRK:0 RX_X:0.000 RX_Y:0.000 RX_Z:0.000
[ZONE-ROUTE] CID:3 zone=1 edge_port=9998
[EDGE-RTT] CID:3 wall=1.1 ms  sim_delay=5.0 ms
>>> [UAV->CLOUD] BLK:f083|TX:7.0.0.7|CID:3|TS:12.930|SPD:20.1|HDG:1.3|PX:258.7|PY:-40.0|L...
✓ [CAR 3] ACT=OK REP=0.977 RWD=1.000 PNL=0.000 CREDIT=21
[PKT-DROP] UAV dropped telemetry from 7.0.0.5 (drop_rate=5%)
[PASSIVE-BEACON] SIMNOW:13.104 CID:4 ZONE:1 RXUAV:1 EDGEPORT:9998 TS:13.090 SPD:19.600 HDG:1.500 PX:262.400 PY:-50.000 LAN:5 BRK:0 RX_X:0.000 RX_Y:0.000 RX_Z:0.000
[ZONE-ROUTE] CID:4 zone=1 edge_port=9998
[EDGE-RTT] CID:4 wall=1.1 ms  sim_delay=5.0 ms
>>> [UAV->CLOUD] BLK:cee9|TX:7.0.0.8|CID:4|TS:13.090|SPD:19.6|HDG:1.5|PX:262.4|PY:-50.0|L...
✓ [CAR 4] ACT=OK REP=1.000 RWD=1.000 PNL=0.000 CREDIT=22
[PASSIVE-BEACON] SIMNOW:13.155 CID:5 ZONE:1 RXUAV:1 EDGEPORT:9998 TS:13.142 SPD:25.300 HDG:1.700 PX:289.100 PY:-10.000 LAN:1 BRK:1 RX_X:0.000 RX_Y:0.000 RX_Z:0.000
[ZONE-ROUTE] CID:5 zone=1 edge_port=9998
[EDGE-RTT] CID:5 wall=0.9 ms  sim_delay=10.0 ms
>>> [UAV->CLOUD] BLK:eee6|TX:7.0.0.9|CID:5|TS:13.142|SPD:25.3|HDG:1.7|PX:289.1|PY:-10.0|L...
[ECON-CLAWBACK] CID:5 ACT=WARN prior_payoff=0.7 extra_penalty=1.8 new_payoff=-1.3
[FORGIVENESS] CID:5 WARN #3 — streak reset, benefits revoked
⚠ [CAR 5] ACT=WARN REP=0.776 RWD=0.000 PNL=1.937 CREDIT=-2
[PASSIVE-BEACON] SIMNOW:13.226 CID:9 ZONE:1 RXUAV:1 EDGEPORT:9998 TS:13.212 SPD:19.600 HDG:-1.800 PX:284.600 PY:-50.000 LAN:5 BRK:0 RX_X:0.000 RX_Y:0.000 RX_Z:0.000
[ZONE-ROUTE] CID:9 zone=1 edge_port=9998
[EDGE-RTT] CID:9 wall=0.8 ms  sim_delay=5.0 ms
>>> [UAV->CLOUD] BLK:a386|TX:7.0.0.13|CID:9|TS:13.212|SPD:19.6|HDG:-1.8|PX:284.6|PY:-50.0...
✓ [CAR 9] ACT=OK REP=0.974 RWD=1.000 PNL=0.000 CREDIT=21
[PASSIVE-BEACON] SIMNOW:13.244 CID:2 ZONE:1 RXUAV:1 EDGEPORT:9998 TS:13.230 SPD:20.400 HDG:-1.500 PX:265.100 PY:-30.000 LAN:3 BRK:0 RX_X:0.000 RX_Y:0.000 RX_Z:0.000
[ZONE-ROUTE] CID:2 zone=1 edge_port=9998
[EDGE-RTT] CID:2 wall=0.9 ms  sim_delay=5.0 ms
>>> [UAV->CLOUD] BLK:12ae|TX:7.0.0.6|CID:2|TS:13.230|SPD:20.4|HDG:-1.5|PX:265.1|PY:-30.0|...
✓ [CAR 2] ACT=OK REP=0.835 RWD=1.000 PNL=0.000 CREDIT=21
[PASSIVE-BEACON] SIMNOW:13.266 CID:6 ZONE:1 RXUAV:1 EDGEPORT:9998 TS:13.252 SPD:19.800 HDG:1.600 PX:285.700 PY:-20.000 LAN:2 BRK:0 RX_X:0.000 RX_Y:0.000 RX_Z:0.000
[ZONE-ROUTE] CID:6 zone=1 edge_port=9998
[EDGE-RTT] CID:6 wall=0.9 ms  sim_delay=5.0 ms
>>> [UAV->CLOUD] BLK:610d|TX:7.0.0.10|CID:6|TS:13.252|SPD:19.8|HDG:1.6|PX:285.7|PY:-20.0|...
✓ [CAR 6] ACT=OK REP=1.000 RWD=1.000 PNL=0.000 CREDIT=22
[PASSIVE-BEACON] SIMNOW:13.316 CID:8 ZONE:1 RXUAV:1 EDGEPORT:9998 TS:13.302 SPD:20.000 HDG:1.300 PX:286.000 PY:-40.000 LAN:4 BRK:0 RX_X:0.000 RX_Y:0.000 RX_Z:0.000
[ZONE-ROUTE] CID:8 zone=1 edge_port=9998
[EDGE-RTT] CID:8 wall=1.2 ms  sim_delay=5.0 ms
>>> [UAV->CLOUD] BLK:f750|TX:7.0.0.12|CID:8|TS:13.302|SPD:20.0|HDG:1.3|PX:286.0|PY:-40.0|...
✓ [CAR 8] ACT=OK REP=0.874 RWD=1.000 PNL=0.000 CREDIT=21
[PASSIVE-BEACON] SIMNOW:13.346 CID:7 ZONE:1 RXUAV:1 EDGEPORT:9998 TS:13.332 SPD:20.000 HDG:1.500 PX:286.400 PY:-30.000 LAN:3 BRK:0 RX_X:0.000 RX_Y:0.000 RX_Z:0.000
[ZONE-ROUTE] CID:7 zone=1 edge_port=9998
[EDGE-RTT] CID:7 wall=0.7 ms  sim_delay=5.0 ms
>>> [UAV->CLOUD] BLK:c1d0|TX:7.0.0.11|CID:7|TS:13.332|SPD:20.0|HDG:1.5|PX:286.4|PY:-30.0|...
✓ [CAR 7] ACT=OK REP=0.970 RWD=1.000 PNL=0.000 CREDIT=21
[PASSIVE-BEACON] SIMNOW:13.424 CID:0 ZONE:1 RXUAV:1 EDGEPORT:9998 TS:13.410 SPD:24.900 HDG:2.000 PX:275.500 PY:-10.000 LAN:1 BRK:0 RX_X:0.000 RX_Y:0.000 RX_Z:0.000
[ZONE-ROUTE] CID:0 zone=1 edge_port=9998
[EDGE-RTT] CID:0 wall=1.1 ms  sim_delay=10.0 ms
>>> [UAV->CLOUD] BLK:7f12|TX:7.0.0.4|CID:0|TS:13.410|SPD:24.9|HDG:2.0|PX:275.5|PY:-10.0|L...
[ECON-CLAWBACK] CID:0 ACT=WARN prior_payoff=0.4 extra_penalty=1.7 new_payoff=-1.4
[FORGIVENESS] CID:0 WARN #3 — streak reset, benefits revoked
⚠ [CAR 0] ACT=WARN REP=0.633 RWD=0.000 PNL=1.811 CREDIT=-2
[PASSIVE-BEACON] SIMNOW:13.444 CID:3 ZONE:1 RXUAV:1 EDGEPORT:9998 TS:13.430 SPD:20.100 HDG:-0.700 PX:268.000 PY:-40.000 LAN:4 BRK:0 RX_X:0.000 RX_Y:0.000 RX_Z:0.000
[ZONE-ROUTE] CID:3 zone=1 edge_port=9998
[EDGE-RTT] CID:3 wall=1.0 ms  sim_delay=5.0 ms
>>> [UAV->CLOUD] BLK:bc37|TX:7.0.0.7|CID:3|TS:13.430|SPD:20.1|HDG:-0.7|PX:268.0|PY:-40.0|...
✓ [CAR 3] ACT=OK REP=0.702 RWD=1.000 PNL=0.000 CREDIT=22
[PASSIVE-BEACON] SIMNOW:13.584 CID:1 ZONE:1 RXUAV:1 EDGEPORT:9998 TS:13.570 SPD:19.700 HDG:1.600 PX:271.700 PY:-20.000 LAN:2 BRK:0 RX_X:0.000 RX_Y:0.000 RX_Z:0.000
[ZONE-ROUTE] CID:1 zone=1 edge_port=9998
[EDGE-RTT] CID:1 wall=0.9 ms  sim_delay=5.0 ms
>>> [UAV->CLOUD] BLK:6979|TX:7.0.0.5|CID:1|TS:13.570|SPD:19.7|HDG:1.6|PX:271.7|PY:-20.0|L...
✓ [CAR 1] ACT=OK REP=0.665 RWD=1.000 PNL=0.000 CREDIT=22
[PASSIVE-BEACON] SIMNOW:13.603 CID:4 ZONE:1 RXUAV:1 EDGEPORT:9998 TS:13.590 SPD:19.600 HDG:-1.100 PX:271.200 PY:-50.000 LAN:5 BRK:1 RX_X:0.000 RX_Y:0.000 RX_Z:0.000
[ZONE-ROUTE] CID:4 zone=1 edge_port=9998
[EDGE-RTT] CID:4 wall=1.2 ms  sim_delay=5.0 ms
>>> [UAV->CLOUD] BLK:41c1|TX:7.0.0.8|CID:4|TS:13.590|SPD:19.6|HDG:-1.1|PX:271.2|PY:-50.0|...
✓ [CAR 4] ACT=OK REP=0.761 RWD=1.000 PNL=0.000 CREDIT=23
[PASSIVE-BEACON] SIMNOW:13.656 CID:5 ZONE:1 RXUAV:1 EDGEPORT:9998 TS:13.642 SPD:24.900 HDG:-1.500 PX:301.000 PY:-10.000 LAN:1 BRK:0 RX_X:0.000 RX_Y:0.000 RX_Z:0.000
[ZONE-ROUTE] CID:5 zone=1 edge_port=9998
[EDGE-RTT] CID:5 wall=0.9 ms  sim_delay=10.0 ms
>>> [UAV->CLOUD] BLK:16b2|TX:7.0.0.9|CID:5|TS:13.642|SPD:24.9|HDG:-1.5|PX:301.0|PY:-10.0|...
[ECON-CLAWBACK] CID:5 ACT=WARN prior_payoff=-1.3 extra_penalty=1.8 new_payoff=-3.1
[FORGIVENESS] CID:5 WARN #4 — streak reset, benefits revoked
⚠ [CAR 5] ACT=WARN REP=0.578 RWD=0.000 PNL=1.849 CREDIT=-2
[PASSIVE-BEACON] SIMNOW:13.726 CID:9 ZONE:1 RXUAV:1 EDGEPORT:9998 TS:13.712 SPD:19.900 HDG:-1.000 PX:294.800 PY:-50.000 LAN:5 BRK:0 RX_X:0.000 RX_Y:0.000 RX_Z:0.000
[ZONE-ROUTE] CID:9 zone=1 edge_port=9998
[EDGE-RTT] CID:9 wall=0.8 ms  sim_delay=5.0 ms
>>> [UAV->CLOUD] BLK:901e|TX:7.0.0.13|CID:9|TS:13.712|SPD:19.9|HDG:-1.0|PX:294.8|PY:-50.0...
✓ [CAR 9] ACT=OK REP=0.944 RWD=1.000 PNL=0.000 CREDIT=22
[PASSIVE-BEACON] SIMNOW:13.744 CID:2 ZONE:1 RXUAV:1 EDGEPORT:9998 TS:13.730 SPD:20.400 HDG:2.000 PX:274.200 PY:-30.000 LAN:3 BRK:0 RX_X:0.000 RX_Y:0.000 RX_Z:0.000
[ZONE-ROUTE] CID:2 zone=1 edge_port=9998
[EDGE-RTT] CID:2 wall=0.9 ms  sim_delay=5.0 ms
>>> [UAV->CLOUD] BLK:0aa5|TX:7.0.0.6|CID:2|TS:13.730|SPD:20.4|HDG:2.0|PX:274.2|PY:-30.0|L...
✓ [CAR 2] ACT=OK REP=0.875 RWD=1.000 PNL=0.000 CREDIT=22
[PASSIVE-BEACON] SIMNOW:13.766 CID:6 ZONE:1 RXUAV:1 EDGEPORT:9998 TS:13.752 SPD:19.800 HDG:0.400 PX:294.300 PY:-20.000 LAN:2 BRK:1 RX_X:0.000 RX_Y:0.000 RX_Z:0.000
[ZONE-ROUTE] CID:6 zone=1 edge_port=9998
[EDGE-RTT] CID:6 wall=1.1 ms  sim_delay=5.0 ms
>>> [UAV->CLOUD] BLK:7ef8|TX:7.0.0.10|CID:6|TS:13.752|SPD:19.8|HDG:0.4|PX:294.3|PY:-20.0|...
✓ [CAR 6] ACT=OK REP=0.802 RWD=1.000 PNL=0.000 CREDIT=23
[PKT-DROP] UAV dropped telemetry from 7.0.0.12 (drop_rate=5%)
[PASSIVE-BEACON] SIMNOW:13.846 CID:7 ZONE:1 RXUAV:1 EDGEPORT:9998 TS:13.832 SPD:20.500 HDG:1.400 PX:297.200 PY:-30.000 LAN:3 BRK:0 RX_X:0.000 RX_Y:0.000 RX_Z:0.000
[ZONE-ROUTE] CID:7 zone=1 edge_port=9998
[EDGE-RTT] CID:7 wall=1.0 ms  sim_delay=5.0 ms
>>> [UAV->CLOUD] BLK:6ba9|TX:7.0.0.11|CID:7|TS:13.832|SPD:20.5|HDG:1.4|PX:297.2|PY:-30.0|...
✓ [CAR 7] ACT=OK REP=0.881 RWD=1.000 PNL=0.000 CREDIT=22
[PASSIVE-BEACON] SIMNOW:13.924 CID:0 ZONE:1 RXUAV:1 EDGEPORT:9998 TS:13.910 SPD:25.300 HDG:-0.600 PX:287.800 PY:-10.000 LAN:1 BRK:0 RX_X:0.000 RX_Y:0.000 RX_Z:0.000
[ZONE-ROUTE] CID:0 zone=1 edge_port=9998
[EDGE-RTT] CID:0 wall=0.9 ms  sim_delay=10.0 ms
>>> [UAV->CLOUD] BLK:a7de|TX:7.0.0.4|CID:0|TS:13.910|SPD:25.3|HDG:-0.6|PX:287.8|PY:-10.0|...
[ECON-CLAWBACK] CID:0 ACT=WARN prior_payoff=-1.4 extra_penalty=1.8 new_payoff=-3.2
[FORGIVENESS] CID:0 WARN #4 — streak reset, benefits revoked
⚠ [CAR 0] ACT=WARN REP=0.681 RWD=0.000 PNL=1.850 CREDIT=-2
[PASSIVE-BEACON] SIMNOW:13.944 CID:3 ZONE:1 RXUAV:1 EDGEPORT:9998 TS:13.930 SPD:20.000 HDG:-1.900 PX:278.100 PY:-40.000 LAN:4 BRK:0 RX_X:0.000 RX_Y:0.000 RX_Z:0.000
[ZONE-ROUTE] CID:3 zone=1 edge_port=9998
[EDGE-RTT] CID:3 wall=1.0 ms  sim_delay=5.0 ms
>>> [UAV->CLOUD] BLK:d08a|TX:7.0.0.7|CID:3|TS:13.930|SPD:20.0|HDG:-1.9|PX:278.1|PY:-40.0|...
✓ [CAR 3] ACT=OK REP=0.962 RWD=1.000 PNL=0.000 CREDIT=23
[PASSIVE-BEACON] SIMNOW:14.084 CID:1 ZONE:1 RXUAV:1 EDGEPORT:9998 TS:14.070 SPD:24.800 HDG:1.700 PX:281.900 PY:-20.000 LAN:2 BRK:0 RX_X:0.000 RX_Y:0.000 RX_Z:0.000
[ZONE-ROUTE] CID:1 zone=1 edge_port=9998
[EDGE-RTT] CID:1 wall=0.8 ms  sim_delay=5.0 ms
>>> [UAV->CLOUD] BLK:a382|TX:7.0.0.5|CID:1|TS:14.070|SPD:24.8|HDG:1.7|PX:281.9|PY:-20.0|L...
✓ [CAR 1] ACT=OK REP=1.000 RWD=0.851 PNL=0.000 CREDIT=23
[PASSIVE-BEACON] SIMNOW:14.104 CID:4 ZONE:1 RXUAV:1 EDGEPORT:9998 TS:14.090 SPD:20.000 HDG:0.100 PX:281.900 PY:-50.000 LAN:5 BRK:1 RX_X:0.000 RX_Y:0.000 RX_Z:0.000
[ZONE-ROUTE] CID:4 zone=1 edge_port=9998
[EDGE-RTT] CID:4 wall=0.8 ms  sim_delay=5.0 ms
>>> [UAV->CLOUD] BLK:16bb|TX:7.0.0.8|CID:4|TS:14.090|SPD:20.0|HDG:0.1|PX:281.9|PY:-50.0|L...
✓ [CAR 4] ACT=OK REP=0.769 RWD=1.000 PNL=0.000 CREDIT=24
[PASSIVE-BEACON] SIMNOW:14.156 CID:5 ZONE:1 RXUAV:1 EDGEPORT:9998 TS:14.142 SPD:25.200 HDG:-1.700 PX:314.100 PY:-10.000 LAN:1 BRK:1 RX_X:0.000 RX_Y:0.000 RX_Z:0.000
[ZONE-ROUTE] CID:5 zone=1 edge_port=9998
[EDGE-RTT] CID:5 wall=1.0 ms  sim_delay=10.0 ms
>>> [UAV->CLOUD] BLK:614d|TX:7.0.0.9|CID:5|TS:14.142|SPD:25.2|HDG:-1.7|PX:314.1|PY:-10.0|...
[ECON-CLAWBACK] CID:5 ACT=WARN prior_payoff=-3.1 extra_penalty=2.0 new_payoff=-5.2
[FORGIVENESS] CID:5 WARN #5 — streak reset, benefits revoked
⚠ [CAR 5] ACT=WARN REP=0.386 RWD=0.000 PNL=2.102 CREDIT=-2
[PASSIVE-BEACON] SIMNOW:14.226 CID:9 ZONE:1 RXUAV:1 EDGEPORT:9998 TS:14.212 SPD:19.600 HDG:-1.300 PX:304.500 PY:-50.000 LAN:5 BRK:0 RX_X:0.000 RX_Y:0.000 RX_Z:0.000
[ZONE-ROUTE] CID:9 zone=1 edge_port=9998
[EDGE-RTT] CID:9 wall=0.7 ms  sim_delay=5.0 ms
>>> [UAV->CLOUD] BLK:3d90|TX:7.0.0.13|CID:9|TS:14.212|SPD:19.6|HDG:-1.3|PX:304.5|PY:-50.0...
✓ [CAR 9] ACT=OK REP=0.588 RWD=1.000 PNL=0.000 CREDIT=23
[PKT-DROP] UAV dropped telemetry from 7.0.0.6 (drop_rate=5%)
[PASSIVE-BEACON] SIMNOW:14.266 CID:6 ZONE:1 RXUAV:1 EDGEPORT:9998 TS:14.252 SPD:24.600 HDG:-1.200 PX:307.600 PY:-20.000 LAN:2 BRK:0 RX_X:0.000 RX_Y:0.000 RX_Z:0.000
[ZONE-ROUTE] CID:6 zone=1 edge_port=9998
[EDGE-RTT] CID:6 wall=1.1 ms  sim_delay=5.0 ms
>>> [UAV->CLOUD] BLK:c039|TX:7.0.0.10|CID:6|TS:14.252|SPD:24.6|HDG:-1.2|PX:307.6|PY:-20.0...
✓ [CAR 6] ACT=OK REP=1.000 RWD=0.853 PNL=0.000 CREDIT=24
[PASSIVE-BEACON] SIMNOW:14.316 CID:8 ZONE:1 RXUAV:1 EDGEPORT:9998 TS:14.302 SPD:19.600 HDG:-0.300 PX:306.000 PY:-40.000 LAN:4 BRK:0 RX_X:0.000 RX_Y:0.000 RX_Z:0.000
[ZONE-ROUTE] CID:8 zone=1 edge_port=9998
[EDGE-RTT] CID:8 wall=1.1 ms  sim_delay=5.0 ms
>>> [UAV->CLOUD] BLK:472a|TX:7.0.0.12|CID:8|TS:14.302|SPD:19.6|HDG:-0.3|PX:306.0|PY:-40.0...
✓ [CAR 8] ACT=OK REP=0.940 RWD=1.000 PNL=0.000 CREDIT=22
[PASSIVE-BEACON] SIMNOW:14.346 CID:7 ZONE:1 RXUAV:1 EDGEPORT:9998 TS:14.332 SPD:19.600 HDG:0.700 PX:306.300 PY:-30.000 LAN:3 BRK:1 RX_X:0.000 RX_Y:0.000 RX_Z:0.000
[ZONE-ROUTE] CID:7 zone=1 edge_port=9998
[EDGE-RTT] CID:7 wall=0.9 ms  sim_delay=5.0 ms
>>> [UAV->CLOUD] BLK:bdd7|TX:7.0.0.11|CID:7|TS:14.332|SPD:19.6|HDG:0.7|PX:306.3|PY:-30.0|...
✓ [CAR 7] ACT=OK REP=0.991 RWD=1.000 PNL=0.000 CREDIT=23
[PASSIVE-BEACON] SIMNOW:14.424 CID:0 ZONE:1 RXUAV:1 EDGEPORT:9998 TS:14.410 SPD:25.300 HDG:1.500 PX:300.900 PY:-10.000 LAN:1 BRK:0 RX_X:0.000 RX_Y:0.000 RX_Z:0.000
[ZONE-ROUTE] CID:0 zone=1 edge_port=9998
[EDGE-RTT] CID:0 wall=1.0 ms  sim_delay=10.0 ms
>>> [UAV->CLOUD] BLK:8f0a|TX:7.0.0.4|CID:0|TS:14.410|SPD:25.3|HDG:1.5|PX:300.9|PY:-10.0|L...
[ECON-CLAWBACK] CID:0 ACT=WARN prior_payoff=-3.2 extra_penalty=2.0 new_payoff=-5.3
[FORGIVENESS] CID:0 WARN #5 — streak reset, benefits revoked
⚠ [CAR 0] ACT=WARN REP=0.820 RWD=0.000 PNL=2.102 CREDIT=-2
[PASSIVE-BEACON] SIMNOW:14.444 CID:3 ZONE:1 RXUAV:1 EDGEPORT:9998 TS:14.430 SPD:20.200 HDG:-0.100 PX:288.300 PY:-40.000 LAN:4 BRK:1 RX_X:0.000 RX_Y:0.000 RX_Z:0.000
[ZONE-ROUTE] CID:3 zone=1 edge_port=9998
[EDGE-RTT] CID:3 wall=0.9 ms  sim_delay=5.0 ms
>>> [UAV->CLOUD] BLK:c3a6|TX:7.0.0.7|CID:3|TS:14.430|SPD:20.2|HDG:-0.1|PX:288.3|PY:-40.0|...
✓ [CAR 3] ACT=OK REP=1.000 RWD=1.000 PNL=0.000 CREDIT=24
[PKT-DROP] UAV dropped telemetry from 7.0.0.5 (drop_rate=5%)
[PASSIVE-BEACON] SIMNOW:14.604 CID:4 ZONE:1 RXUAV:1 EDGEPORT:9998 TS:14.590 SPD:19.700 HDG:-0.600 PX:291.500 PY:-50.000 LAN:5 BRK:1 RX_X:0.000 RX_Y:0.000 RX_Z:0.000
[ZONE-ROUTE] CID:4 zone=1 edge_port=9998
[EDGE-RTT] CID:4 wall=1.2 ms  sim_delay=5.0 ms
>>> [UAV->CLOUD] BLK:3d53|TX:7.0.0.8|CID:4|TS:14.590|SPD:19.7|HDG:-0.6|PX:291.5|PY:-50.0|...
✓ [CAR 4] ACT=OK REP=0.637 RWD=1.000 PNL=0.000 CREDIT=25
[PASSIVE-BEACON] SIMNOW:14.656 CID:5 ZONE:1 RXUAV:1 EDGEPORT:9998 TS:14.642 SPD:25.200 HDG:1.500 PX:327.200 PY:-10.000 LAN:1 BRK:0 RX_X:0.000 RX_Y:0.000 RX_Z:0.000
[ZONE-ROUTE] CID:5 zone=1 edge_port=9998
[EDGE-RTT] CID:5 wall=0.7 ms  sim_delay=10.0 ms
>>> [UAV->CLOUD] BLK:2e3a|TX:7.0.0.9|CID:5|TS:14.642|SPD:25.2|HDG:1.5|PX:327.2|PY:-10.0|L...
[ECON-CLAWBACK] CID:5 ACT=WARN prior_payoff=-5.2 extra_penalty=2.2 new_payoff=-7.6
[FORGIVENESS] CID:5 WARN #6 — streak reset, benefits revoked
⚠ [CAR 5] ACT=WARN REP=1.000 RWD=0.000 PNL=2.352 CREDIT=-2
[PASSIVE-BEACON] SIMNOW:14.726 CID:9 ZONE:1 RXUAV:1 EDGEPORT:9998 TS:14.712 SPD:20.300 HDG:1.300 PX:313.500 PY:-50.000 LAN:5 BRK:0 RX_X:0.000 RX_Y:0.000 RX_Z:0.000
[ZONE-ROUTE] CID:9 zone=1 edge_port=9998
[EDGE-RTT] CID:9 wall=0.9 ms  sim_delay=5.0 ms
>>> [UAV->CLOUD] BLK:874c|TX:7.0.0.13|CID:9|TS:14.712|SPD:20.3|HDG:1.3|PX:313.5|PY:-50.0|...
✓ [CAR 9] ACT=OK REP=0.679 RWD=1.000 PNL=0.000 CREDIT=24
[PASSIVE-BEACON] SIMNOW:14.744 CID:2 ZONE:1 RXUAV:1 EDGEPORT:9998 TS:14.730 SPD:20.100 HDG:0.800 PX:294.200 PY:-30.000 LAN:3 BRK:0 RX_X:0.000 RX_Y:0.000 RX_Z:0.000
[ZONE-ROUTE] CID:2 zone=1 edge_port=9998
[EDGE-RTT] CID:2 wall=0.9 ms  sim_delay=5.0 ms
>>> [UAV->CLOUD] BLK:cfec|TX:7.0.0.6|CID:2|TS:14.730|SPD:20.1|HDG:0.8|PX:294.2|PY:-30.0|L...
✓ [CAR 2] ACT=OK REP=1.000 RWD=1.000 PNL=0.000 CREDIT=23
[PKT-DROP] UAV dropped telemetry from 7.0.0.10 (drop_rate=5%)
[PASSIVE-BEACON] SIMNOW:14.816 CID:8 ZONE:1 RXUAV:1 EDGEPORT:9998 TS:14.802 SPD:19.600 HDG:0.200 PX:315.600 PY:-40.000 LAN:4 BRK:0 RX_X:0.000 RX_Y:0.000 RX_Z:0.000
[ZONE-ROUTE] CID:8 zone=1 edge_port=9998
[EDGE-RTT] CID:8 wall=1.2 ms  sim_delay=5.0 ms
>>> [UAV->CLOUD] BLK:ba63|TX:7.0.0.12|CID:8|TS:14.802|SPD:19.6|HDG:0.2|PX:315.6|PY:-40.0|...
✓ [CAR 8] ACT=OK REP=1.000 RWD=1.000 PNL=0.000 CREDIT=23
[PASSIVE-BEACON] SIMNOW:14.846 CID:7 ZONE:1 RXUAV:1 EDGEPORT:9998 TS:14.832 SPD:19.800 HDG:-0.700 PX:317.000 PY:-30.000 LAN:3 BRK:0 RX_X:0.000 RX_Y:0.000 RX_Z:0.000
[ZONE-ROUTE] CID:7 zone=1 edge_port=9998
[EDGE-RTT] CID:7 wall=0.9 ms  sim_delay=5.0 ms
>>> [UAV->CLOUD] BLK:e16b|TX:7.0.0.11|CID:7|TS:14.832|SPD:19.8|HDG:-0.7|PX:317.0|PY:-30.0...
✓ [CAR 7] ACT=OK REP=0.974 RWD=1.000 PNL=0.000 CREDIT=24
[PASSIVE-BEACON] SIMNOW:14.924 CID:0 ZONE:1 RXUAV:1 EDGEPORT:9998 TS:14.910 SPD:25.100 HDG:-1.100 PX:313.200 PY:-10.000 LAN:1 BRK:1 RX_X:0.000 RX_Y:0.000 RX_Z:0.000
[ZONE-ROUTE] CID:0 zone=1 edge_port=9998
[EDGE-RTT] CID:0 wall=1.1 ms  sim_delay=10.0 ms
>>> [UAV->CLOUD] BLK:e64f|TX:7.0.0.4|CID:0|TS:14.910|SPD:25.1|HDG:-1.1|PX:313.2|PY:-10.0|...
[ECON-CLAWBACK] CID:0 ACT=WARN prior_payoff=-5.3 extra_penalty=2.2 new_payoff=-7.7
[FORGIVENESS] CID:0 WARN #6 — streak reset, benefits revoked
⚠ [CAR 0] ACT=WARN REP=0.936 RWD=0.000 PNL=2.352 CREDIT=-2
[PASSIVE-BEACON] SIMNOW:14.944 CID:3 ZONE:1 RXUAV:1 EDGEPORT:9998 TS:14.930 SPD:19.500 HDG:-0.500 PX:298.600 PY:-40.000 LAN:4 BRK:0 RX_X:0.000 RX_Y:0.000 RX_Z:0.000
[ZONE-ROUTE] CID:3 zone=1 edge_port=9998
[EDGE-RTT] CID:3 wall=1.1 ms  sim_delay=5.0 ms
>>> [UAV->CLOUD] BLK:381a|TX:7.0.0.7|CID:3|TS:14.930|SPD:19.5|HDG:-0.5|PX:298.6|PY:-40.0|...
✓ [CAR 3] ACT=OK REP=1.000 RWD=1.000 PNL=0.000 CREDIT=25
[PASSIVE-BEACON] SIMNOW:15.082 CID:1 ZONE:1 RXUAV:1 EDGEPORT:9998 TS:15.070 SPD:25.100 HDG:-0.000 PX:307.000 PY:-20.000 LAN:2 BRK:0 RX_X:0.000 RX_Y:0.000 RX_Z:0.000
[ZONE-ROUTE] CID:1 zone=1 edge_port=9998
[EDGE-RTT] CID:1 wall=0.9 ms  sim_delay=5.0 ms
>>> [UAV->CLOUD] BLK:48fe|TX:7.0.0.5|CID:1|TS:15.070|SPD:25.1|HDG:-0.0|PX:307.0|PY:-20.0|...
[ECON-CLAWBACK] CID:1 ACT=WARN prior_payoff=26.8 extra_penalty=21.1 new_payoff=5.6
[TRUST-REVOKED] CID:1 benefits revoked logically; lane=2 speed=20.0 latency=10.0ms
[FORGIVENESS] CID:1 WARN #1 — streak reset, benefits revoked
⚠ [CAR 1] ACT=WARN REP=0.782 RWD=0.000 PNL=21.213 CREDIT=22
[PASSIVE-BEACON] SIMNOW:15.104 CID:4 ZONE:1 RXUAV:1 EDGEPORT:9998 TS:15.090 SPD:19.600 HDG:-0.500 PX:301.400 PY:-50.000 LAN:5 BRK:1 RX_X:0.000 RX_Y:0.000 RX_Z:0.000
[ZONE-ROUTE] CID:4 zone=1 edge_port=9998
[EDGE-RTT] CID:4 wall=1.0 ms  sim_delay=5.0 ms
>>> [UAV->CLOUD] BLK:68be|TX:7.0.0.8|CID:4|TS:15.090|SPD:19.6|HDG:-0.5|PX:301.4|PY:-50.0|...
✓ [CAR 4] ACT=OK REP=0.662 RWD=1.000 PNL=0.000 CREDIT=26
[PASSIVE-BEACON] SIMNOW:15.156 CID:5 ZONE:1 RXUAV:1 EDGEPORT:9998 TS:15.142 SPD:24.900 HDG:-1.700 PX:338.900 PY:-10.000 LAN:1 BRK:1 RX_X:0.000 RX_Y:0.000 RX_Z:0.000
[ZONE-ROUTE] CID:5 zone=1 edge_port=9998
[EDGE-RTT] CID:5 wall=0.9 ms  sim_delay=10.0 ms
>>> [UAV->CLOUD] BLK:e363|TX:7.0.0.9|CID:5|TS:15.142|SPD:24.9|HDG:-1.7|PX:338.9|PY:-10.0|...
[ECON-CLAWBACK] CID:5 ACT=WARN prior_payoff=-7.6 extra_penalty=2.5 new_payoff=-10.2
[FORGIVENESS] CID:5 WARN #7 — streak reset, benefits revoked
⚠ [CAR 5] ACT=WARN REP=0.700 RWD=0.000 PNL=2.601 CREDIT=-2
[PASSIVE-BEACON] SIMNOW:15.226 CID:9 ZONE:1 RXUAV:1 EDGEPORT:9998 TS:15.212 SPD:20.000 HDG:-1.700 PX:324.300 PY:-50.000 LAN:5 BRK:0 RX_X:0.000 RX_Y:0.000 RX_Z:0.000
[ZONE-ROUTE] CID:9 zone=1 edge_port=9998
[EDGE-RTT] CID:9 wall=0.9 ms  sim_delay=5.0 ms
>>> [UAV->CLOUD] BLK:ae66|TX:7.0.0.13|CID:9|TS:15.212|SPD:20.0|HDG:-1.7|PX:324.3|PY:-50.0...
✓ [CAR 9] ACT=OK REP=0.683 RWD=1.000 PNL=0.000 CREDIT=25
[PASSIVE-BEACON] SIMNOW:15.244 CID:2 ZONE:1 RXUAV:1 EDGEPORT:9998 TS:15.230 SPD:20.100 HDG:-1.900 PX:304.800 PY:-30.000 LAN:3 BRK:0 RX_X:0.000 RX_Y:0.000 RX_Z:0.000
[ZONE-ROUTE] CID:2 zone=1 edge_port=9998
[EDGE-RTT] CID:2 wall=1.0 ms  sim_delay=5.0 ms
>>> [UAV->CLOUD] BLK:3060|TX:7.0.0.6|CID:2|TS:15.230|SPD:20.1|HDG:-1.9|PX:304.8|PY:-30.0|...
✓ [CAR 2] ACT=OK REP=0.901 RWD=1.000 PNL=0.000 CREDIT=24
[PASSIVE-BEACON] SIMNOW:15.266 CID:6 ZONE:1 RXUAV:1 EDGEPORT:9998 TS:15.252 SPD:25.400 HDG:1.700 PX:332.400 PY:-20.000 LAN:2 BRK:0 RX_X:0.000 RX_Y:0.000 RX_Z:0.000
[ZONE-ROUTE] CID:6 zone=1 edge_port=9998
[EDGE-RTT] CID:6 wall=0.9 ms  sim_delay=5.0 ms
>>> [UAV->CLOUD] BLK:2d3a|TX:7.0.0.10|CID:6|TS:15.252|SPD:25.4|HDG:1.7|PX:332.4|PY:-20.0|...
[ECON-CLAWBACK] CID:6 ACT=WARN prior_payoff=27.8 extra_penalty=21.9 new_payoff=5.9
[TRUST-REVOKED] CID:6 benefits revoked logically; lane=2 speed=20.0 latency=10.0ms
[FORGIVENESS] CID:6 WARN #1 — streak reset, benefits revoked
⚠ [CAR 6] ACT=WARN REP=0.863 RWD=0.000 PNL=21.966 CREDIT=23
[PASSIVE-BEACON] SIMNOW:15.316 CID:8 ZONE:1 RXUAV:1 EDGEPORT:9998 TS:15.302 SPD:20.200 HDG:1.500 PX:325.900 PY:-40.000 LAN:4 BRK:0 RX_X:0.000 RX_Y:0.000 RX_Z:0.000
[ZONE-ROUTE] CID:8 zone=1 edge_port=9998
[EDGE-RTT] CID:8 wall=0.7 ms  sim_delay=5.0 ms
>>> [UAV->CLOUD] BLK:ad0d|TX:7.0.0.12|CID:8|TS:15.302|SPD:20.2|HDG:1.5|PX:325.9|PY:-40.0|...
✓ [CAR 8] ACT=OK REP=1.000 RWD=1.000 PNL=0.000 CREDIT=24
[PASSIVE-BEACON] SIMNOW:15.346 CID:7 ZONE:1 RXUAV:1 EDGEPORT:9998 TS:15.332 SPD:20.000 HDG:-1.400 PX:325.900 PY:-30.000 LAN:3 BRK:0 RX_X:0.000 RX_Y:0.000 RX_Z:0.000
[ZONE-ROUTE] CID:7 zone=1 edge_port=9998
[EDGE-RTT] CID:7 wall=1.1 ms  sim_delay=5.0 ms
>>> [UAV->CLOUD] BLK:5edb|TX:7.0.0.11|CID:7|TS:15.332|SPD:20.0|HDG:-1.4|PX:325.9|PY:-30.0...
✓ [CAR 7] ACT=OK REP=0.938 RWD=1.000 PNL=0.000 CREDIT=25
[PASSIVE-BEACON] SIMNOW:15.424 CID:0 ZONE:1 RXUAV:1 EDGEPORT:9998 TS:15.410 SPD:25.100 HDG:-1.100 PX:326.600 PY:-10.000 LAN:1 BRK:0 RX_X:0.000 RX_Y:0.000 RX_Z:0.000
[ZONE-ROUTE] CID:0 zone=1 edge_port=9998
[EDGE-RTT] CID:0 wall=0.9 ms  sim_delay=10.0 ms
>>> [UAV->CLOUD] BLK:bc24|TX:7.0.0.4|CID:0|TS:15.410|SPD:25.1|HDG:-1.1|PX:326.6|PY:-10.0|...
[ECON-CLAWBACK] CID:0 ACT=WARN prior_payoff=-7.7 extra_penalty=2.5 new_payoff=-10.3
[FORGIVENESS] CID:0 WARN #7 — streak reset, benefits revoked
⚠ [CAR 0] ACT=WARN REP=0.725 RWD=0.000 PNL=2.602 CREDIT=-2
[PASSIVE-BEACON] SIMNOW:15.444 CID:3 ZONE:1 RXUAV:1 EDGEPORT:9998 TS:15.430 SPD:20.100 HDG:-0.400 PX:308.200 PY:-40.000 LAN:4 BRK:0 RX_X:0.000 RX_Y:0.000 RX_Z:0.000
[ZONE-ROUTE] CID:3 zone=1 edge_port=9998
[EDGE-RTT] CID:3 wall=0.9 ms  sim_delay=5.0 ms
>>> [UAV->CLOUD] BLK:0ca0|TX:7.0.0.7|CID:3|TS:15.430|SPD:20.1|HDG:-0.4|PX:308.2|PY:-40.0|...
✓ [CAR 3] ACT=OK REP=0.813 RWD=1.000 PNL=0.000 CREDIT=26
[PASSIVE-BEACON] SIMNOW:15.584 CID:1 ZONE:1 RXUAV:1 EDGEPORT:9998 TS:15.570 SPD:24.800 HDG:1.500 PX:320.100 PY:-20.000 LAN:2 BRK:0 RX_X:0.000 RX_Y:0.000 RX_Z:0.000
[ZONE-ROUTE] CID:1 zone=1 edge_port=9998
[EDGE-RTT] CID:1 wall=0.9 ms  sim_delay=5.0 ms
>>> [UAV->CLOUD] BLK:3840|TX:7.0.0.5|CID:1|TS:15.570|SPD:24.8|HDG:1.5|PX:320.1|PY:-20.0|L...
[ECON-CLAWBACK] CID:1 ACT=WARN prior_payoff=5.6 extra_penalty=4.1 new_payoff=1.5
[FORGIVENESS] CID:1 WARN #2 — streak reset, benefits revoked
⚠ [CAR 1] ACT=WARN REP=0.734 RWD=0.000 PNL=4.163 CREDIT=-2
[PKT-DROP] UAV dropped telemetry from 7.0.0.8 (drop_rate=5%)
[PASSIVE-BEACON] SIMNOW:15.656 CID:5 ZONE:1 RXUAV:1 EDGEPORT:9998 TS:15.642 SPD:24.900 HDG:0.100 PX:351.100 PY:-10.000 LAN:1 BRK:1 RX_X:0.000 RX_Y:0.000 RX_Z:0.000
[ZONE-ROUTE] CID:5 zone=1 edge_port=9998
[EDGE-RTT] CID:5 wall=0.9 ms  sim_delay=10.0 ms
>>> [UAV->CLOUD] BLK:19d4|TX:7.0.0.9|CID:5|TS:15.642|SPD:24.9|HDG:0.1|PX:351.1|PY:-10.0|L...
[ECON-CLAWBACK] CID:5 ACT=WARN prior_payoff=-10.2 extra_penalty=2.8 new_payoff=-13.0
[FORGIVENESS] CID:5 WARN #8 — streak reset, benefits revoked
⚠ [CAR 5] ACT=WARN REP=0.894 RWD=0.000 PNL=2.851 CREDIT=-2
[PASSIVE-BEACON] SIMNOW:15.726 CID:9 ZONE:1 RXUAV:1 EDGEPORT:9998 TS:15.712 SPD:20.100 HDG:1.600 PX:333.600 PY:-50.000 LAN:5 BRK:0 RX_X:0.000 RX_Y:0.000 RX_Z:0.000
[ZONE-ROUTE] CID:9 zone=1 edge_port=9998
[EDGE-RTT] CID:9 wall=1.0 ms  sim_delay=5.0 ms
>>> [UAV->CLOUD] BLK:6819|TX:7.0.0.13|CID:9|TS:15.712|SPD:20.1|HDG:1.6|PX:333.6|PY:-50.0|...
✓ [CAR 9] ACT=OK REP=0.967 RWD=1.000 PNL=0.000 CREDIT=26
[PASSIVE-BEACON] SIMNOW:15.744 CID:2 ZONE:1 RXUAV:1 EDGEPORT:9998 TS:15.730 SPD:20.100 HDG:-1.500 PX:314.400 PY:-30.000 LAN:3 BRK:0 RX_X:0.000 RX_Y:0.000 RX_Z:0.000
[ZONE-ROUTE] CID:2 zone=1 edge_port=9998
[EDGE-RTT] CID:2 wall=1.0 ms  sim_delay=5.0 ms
>>> [UAV->CLOUD] BLK:aa58|TX:7.0.0.6|CID:2|TS:15.730|SPD:20.1|HDG:-1.5|PX:314.4|PY:-30.0|...
✓ [CAR 2] ACT=OK REP=0.885 RWD=1.000 PNL=0.000 CREDIT=25
[PASSIVE-BEACON] SIMNOW:15.766 CID:6 ZONE:1 RXUAV:1 EDGEPORT:9998 TS:15.752 SPD:24.900 HDG:0.000 PX:344.600 PY:-20.000 LAN:2 BRK:0 RX_X:0.000 RX_Y:0.000 RX_Z:0.000
[ZONE-ROUTE] CID:6 zone=1 edge_port=9998
[EDGE-RTT] CID:6 wall=2.1 ms  sim_delay=5.0 ms
>>> [UAV->CLOUD] BLK:ab22|TX:7.0.0.10|CID:6|TS:15.752|SPD:24.9|HDG:0.0|PX:344.6|PY:-20.0|...
[ECON-CLAWBACK] CID:6 ACT=WARN prior_payoff=5.9 extra_penalty=4.2 new_payoff=1.6
[FORGIVENESS] CID:6 WARN #2 — streak reset, benefits revoked
⚠ [CAR 6] ACT=WARN REP=0.932 RWD=0.000 PNL=4.289 CREDIT=-2
[PASSIVE-BEACON] SIMNOW:15.816 CID:8 ZONE:1 RXUAV:1 EDGEPORT:9998 TS:15.802 SPD:19.700 HDG:0.000 PX:336.000 PY:-40.000 LAN:4 BRK:0 RX_X:0.000 RX_Y:0.000 RX_Z:0.000
[ZONE-ROUTE] CID:8 zone=1 edge_port=9998
[EDGE-RTT] CID:8 wall=0.9 ms  sim_delay=5.0 ms
>>> [UAV->CLOUD] BLK:f7fb|TX:7.0.0.12|CID:8|TS:15.802|SPD:19.7|HDG:0.0|PX:336.0|PY:-40.0|...
✓ [CAR 8] ACT=OK REP=0.963 RWD=1.000 PNL=0.000 CREDIT=25
[PASSIVE-BEACON] SIMNOW:15.846 CID:7 ZONE:1 RXUAV:1 EDGEPORT:9998 TS:15.832 SPD:19.700 HDG:-1.500 PX:336.200 PY:-30.000 LAN:3 BRK:0 RX_X:0.000 RX_Y:0.000 RX_Z:0.000
[ZONE-ROUTE] CID:7 zone=1 edge_port=9998
[EDGE-RTT] CID:7 wall=1.1 ms  sim_delay=5.0 ms
>>> [UAV->CLOUD] BLK:4969|TX:7.0.0.11|CID:7|TS:15.832|SPD:19.7|HDG:-1.5|PX:336.2|PY:-30.0...
✓ [CAR 7] ACT=OK REP=0.869 RWD=1.000 PNL=0.000 CREDIT=26
[PASSIVE-BEACON] SIMNOW:15.924 CID:0 ZONE:1 RXUAV:1 EDGEPORT:9998 TS:15.910 SPD:24.800 HDG:-0.400 PX:338.800 PY:-10.000 LAN:1 BRK:0 RX_X:0.000 RX_Y:0.000 RX_Z:0.000
[ZONE-ROUTE] CID:0 zone=1 edge_port=9998
[EDGE-RTT] CID:0 wall=1.0 ms  sim_delay=10.0 ms
>>> [UAV->CLOUD] BLK:a651|TX:7.0.0.4|CID:0|TS:15.910|SPD:24.8|HDG:-0.4|PX:338.8|PY:-10.0|...
[ECON-CLAWBACK] CID:0 ACT=WARN prior_payoff=-10.3 extra_penalty=2.8 new_payoff=-13.1
[FORGIVENESS] CID:0 WARN #8 — streak reset, benefits revoked
⚠ [CAR 0] ACT=WARN REP=0.829 RWD=0.000 PNL=2.851 CREDIT=-2
[PASSIVE-BEACON] SIMNOW:15.944 CID:3 ZONE:1 RXUAV:1 EDGEPORT:9998 TS:15.930 SPD:20.100 HDG:1.900 PX:318.300 PY:-40.000 LAN:4 BRK:0 RX_X:0.000 RX_Y:0.000 RX_Z:0.000
[ZONE-ROUTE] CID:3 zone=1 edge_port=9998
[EDGE-RTT] CID:3 wall=0.8 ms  sim_delay=5.0 ms
>>> [UAV->CLOUD] BLK:09a3|TX:7.0.0.7|CID:3|TS:15.930|SPD:20.1|HDG:1.9|PX:318.3|PY:-40.0|L...
✓ [CAR 3] ACT=OK REP=0.804 RWD=1.000 PNL=0.000 CREDIT=27
[PASSIVE-BEACON] SIMNOW:16.084 CID:1 ZONE:1 RXUAV:1 EDGEPORT:9998 TS:16.070 SPD:24.800 HDG:-1.600 PX:332.300 PY:-20.000 LAN:2 BRK:1 RX_X:0.000 RX_Y:0.000 RX_Z:0.000
[ZONE-ROUTE] CID:1 zone=1 edge_port=9998
[EDGE-RTT] CID:1 wall=0.9 ms  sim_delay=5.0 ms
>>> [UAV->CLOUD] BLK:77bc|TX:7.0.0.5|CID:1|TS:16.070|SPD:24.8|HDG:-1.6|PX:332.3|PY:-20.0|...
[ECON-CLAWBACK] CID:1 ACT=WARN prior_payoff=1.5 extra_penalty=2.2 new_payoff=-0.9
[FORGIVENESS] CID:1 WARN #3 — streak reset, benefits revoked
⚠ [CAR 1] ACT=WARN REP=0.779 RWD=0.000 PNL=2.333 CREDIT=-2
[PASSIVE-BEACON] SIMNOW:16.104 CID:4 ZONE:1 RXUAV:1 EDGEPORT:9998 TS:16.090 SPD:19.700 HDG:1.800 PX:322.100 PY:-50.000 LAN:5 BRK:0 RX_X:0.000 RX_Y:0.000 RX_Z:0.000
[ZONE-ROUTE] CID:4 zone=1 edge_port=9998
[EDGE-RTT] CID:4 wall=0.8 ms  sim_delay=5.0 ms
>>> [UAV->CLOUD] BLK:4945|TX:7.0.0.8|CID:4|TS:16.090|SPD:19.7|HDG:1.8|PX:322.1|PY:-50.0|L...
✓ [CAR 4] ACT=OK REP=1.000 RWD=1.000 PNL=0.000 CREDIT=27
[PASSIVE-BEACON] SIMNOW:16.156 CID:5 ZONE:1 RXUAV:1 EDGEPORT:9998 TS:16.142 SPD:25.500 HDG:1.600 PX:364.800 PY:-10.000 LAN:1 BRK:0 RX_X:0.000 RX_Y:0.000 RX_Z:0.000
[ZONE-ROUTE] CID:5 zone=1 edge_port=9998
[EDGE-RTT] CID:5 wall=0.9 ms  sim_delay=10.0 ms
>>> [UAV->CLOUD] BLK:1338|TX:7.0.0.9|CID:5|TS:16.142|SPD:25.5|HDG:1.6|PX:364.8|PY:-10.0|L...
[ECON-CLAWBACK] CID:5 ACT=WARN prior_payoff=-13.0 extra_penalty=3.0 new_payoff=-16.1
[FORGIVENESS] CID:5 WARN #9 — streak reset, benefits revoked
⚠ [CAR 5] ACT=WARN REP=0.866 RWD=0.000 PNL=3.103 CREDIT=-2
[PASSIVE-BEACON] SIMNOW:16.224 CID:9 ZONE:1 RXUAV:1 EDGEPORT:9998 TS:16.212 SPD:20.300 HDG:1.100 PX:344.700 PY:-50.000 LAN:5 BRK:0 RX_X:0.000 RX_Y:0.000 RX_Z:0.000
[ZONE-ROUTE] CID:9 zone=1 edge_port=9998
[EDGE-RTT] CID:9 wall=0.8 ms  sim_delay=5.0 ms
>>> [UAV->CLOUD] BLK:30d1|TX:7.0.0.13|CID:9|TS:16.212|SPD:20.3|HDG:1.1|PX:344.7|PY:-50.0|...
✓ [CAR 9] ACT=OK REP=0.834 RWD=1.000 PNL=0.000 CREDIT=27
[PASSIVE-BEACON] SIMNOW:16.244 CID:2 ZONE:1 RXUAV:1 EDGEPORT:9998 TS:16.230 SPD:25.100 HDG:-1.400 PX:326.400 PY:-30.000 LAN:3 BRK:0 RX_X:0.000 RX_Y:0.000 RX_Z:0.000
[ZONE-ROUTE] CID:2 zone=1 edge_port=9998
[EDGE-RTT] CID:2 wall=0.9 ms  sim_delay=5.0 ms
>>> [UAV->CLOUD] BLK:39b8|TX:7.0.0.6|CID:2|TS:16.230|SPD:25.1|HDG:-1.4|PX:326.4|PY:-30.0|...
[ECON-CLAWBACK] CID:2 ACT=WARN prior_payoff=29.0 extra_penalty=22.7 new_payoff=6.2
[TRUST-REVOKED] CID:2 benefits revoked logically; lane=3 speed=20.0 latency=10.0ms
[FORGIVENESS] CID:2 WARN #1 — streak reset, benefits revoked
⚠ [CAR 2] ACT=WARN REP=1.000 RWD=0.000 PNL=22.823 CREDIT=24
[PASSIVE-BEACON] SIMNOW:16.266 CID:6 ZONE:1 RXUAV:1 EDGEPORT:9998 TS:16.252 SPD:25.200 HDG:1.500 PX:357.000 PY:-20.000 LAN:2 BRK:1 RX_X:0.000 RX_Y:0.000 RX_Z:0.000
[ZONE-ROUTE] CID:6 zone=1 edge_port=9998
[EDGE-RTT] CID:6 wall=1.0 ms  sim_delay=5.0 ms
>>> [UAV->CLOUD] BLK:7abd|TX:7.0.0.10|CID:6|TS:16.252|SPD:25.2|HDG:1.5|PX:357.0|PY:-20.0|...
[ECON-CLAWBACK] CID:6 ACT=WARN prior_payoff=1.6 extra_penalty=2.3 new_payoff=-0.8
[FORGIVENESS] CID:6 WARN #3 — streak reset, benefits revoked
⚠ [CAR 6] ACT=WARN REP=0.781 RWD=0.000 PNL=2.397 CREDIT=-2
[PASSIVE-BEACON] SIMNOW:16.314 CID:8 ZONE:1 RXUAV:1 EDGEPORT:9998 TS:16.302 SPD:20.400 HDG:0.200 PX:345.800 PY:-40.000 LAN:4 BRK:0 RX_X:0.000 RX_Y:0.000 RX_Z:0.000
[ZONE-ROUTE] CID:8 zone=1 edge_port=9998
[EDGE-RTT] CID:8 wall=0.9 ms  sim_delay=5.0 ms
>>> [UAV->CLOUD] BLK:f107|TX:7.0.0.12|CID:8|TS:16.302|SPD:20.4|HDG:0.2|PX:345.8|PY:-40.0|...
✓ [CAR 8] ACT=OK REP=0.987 RWD=1.000 PNL=0.000 CREDIT=26
[PASSIVE-BEACON] SIMNOW:16.346 CID:7 ZONE:1 RXUAV:1 EDGEPORT:9998 TS:16.332 SPD:24.800 HDG:-0.400 PX:349.300 PY:-30.000 LAN:3 BRK:0 RX_X:0.000 RX_Y:0.000 RX_Z:0.000
[ZONE-ROUTE] CID:7 zone=1 edge_port=9998
[EDGE-RTT] CID:7 wall=0.9 ms  sim_delay=5.0 ms
>>> [UAV->CLOUD] BLK:1091|TX:7.0.0.11|CID:7|TS:16.332|SPD:24.8|HDG:-0.4|PX:349.3|PY:-30.0...
✓ [CAR 7] ACT=OK REP=1.000 RWD=0.851 PNL=0.000 CREDIT=27
[PASSIVE-BEACON] SIMNOW:16.424 CID:0 ZONE:1 RXUAV:1 EDGEPORT:9998 TS:16.410 SPD:25.500 HDG:-0.200 PX:350.800 PY:-10.000 LAN:1 BRK:0 RX_X:0.000 RX_Y:0.000 RX_Z:0.000
[ZONE-ROUTE] CID:0 zone=1 edge_port=9998
[EDGE-RTT] CID:0 wall=1.0 ms  sim_delay=10.0 ms
>>> [UAV->CLOUD] BLK:a11f|TX:7.0.0.4|CID:0|TS:16.410|SPD:25.5|HDG:-0.2|PX:350.8|PY:-10.0|...
[ECON-CLAWBACK] CID:0 ACT=WARN prior_payoff=-13.1 extra_penalty=3.0 new_payoff=-16.2
[FORGIVENESS] CID:0 WARN #9 — streak reset, benefits revoked
⚠ [CAR 0] ACT=WARN REP=0.707 RWD=0.000 PNL=3.102 CREDIT=-2
[PASSIVE-BEACON] SIMNOW:16.444 CID:3 ZONE:1 RXUAV:1 EDGEPORT:9998 TS:16.430 SPD:20.200 HDG:0.400 PX:328.200 PY:-40.000 LAN:4 BRK:0 RX_X:0.000 RX_Y:0.000 RX_Z:0.000
[ZONE-ROUTE] CID:3 zone=1 edge_port=9998
[EDGE-RTT] CID:3 wall=0.9 ms  sim_delay=5.0 ms
>>> [UAV->CLOUD] BLK:30ff|TX:7.0.0.7|CID:3|TS:16.430|SPD:20.2|HDG:0.4|PX:328.2|PY:-40.0|L...
✓ [CAR 3] ACT=OK REP=0.969 RWD=1.000 PNL=0.000 CREDIT=28
[PASSIVE-BEACON] SIMNOW:16.583 CID:1 ZONE:1 RXUAV:1 EDGEPORT:9998 TS:16.570 SPD:25.000 HDG:-1.700 PX:344.300 PY:-20.000 LAN:2 BRK:0 RX_X:0.000 RX_Y:0.000 RX_Z:0.000
[ZONE-ROUTE] CID:1 zone=1 edge_port=9998
[EDGE-RTT] CID:1 wall=0.8 ms  sim_delay=5.0 ms
>>> [UAV->CLOUD] BLK:4e4d|TX:7.0.0.5|CID:1|TS:16.570|SPD:25.0|HDG:-1.7|PX:344.3|PY:-20.0|...
[ECON-CLAWBACK] CID:1 ACT=WARN prior_payoff=-0.9 extra_penalty=1.8 new_payoff=-2.7
[FORGIVENESS] CID:1 WARN #4 — streak reset, benefits revoked
⚠ [CAR 1] ACT=WARN REP=0.799 RWD=0.000 PNL=1.851 CREDIT=-2
[PASSIVE-BEACON] SIMNOW:16.604 CID:4 ZONE:1 RXUAV:1 EDGEPORT:9998 TS:16.590 SPD:19.800 HDG:0.000 PX:331.500 PY:-50.000 LAN:5 BRK:0 RX_X:0.000 RX_Y:0.000 RX_Z:0.000
[ZONE-ROUTE] CID:4 zone=1 edge_port=9998
[EDGE-RTT] CID:4 wall=1.1 ms  sim_delay=5.0 ms
>>> [UAV->CLOUD] BLK:c6ef|TX:7.0.0.8|CID:4|TS:16.590|SPD:19.8|HDG:0.0|PX:331.5|PY:-50.0|L...
✓ [CAR 4] ACT=OK REP=1.000 RWD=1.000 PNL=0.000 CREDIT=28
[PASSIVE-BEACON] SIMNOW:16.656 CID:5 ZONE:1 RXUAV:1 EDGEPORT:9998 TS:16.642 SPD:24.700 HDG:-1.900 PX:376.200 PY:-10.000 LAN:1 BRK:0 RX_X:0.000 RX_Y:0.000 RX_Z:0.000
[ZONE-ROUTE] CID:5 zone=1 edge_port=9998
[EDGE-RTT] CID:5 wall=1.1 ms  sim_delay=10.0 ms
>>> [UAV->CLOUD] BLK:0e15|TX:7.0.0.9|CID:5|TS:16.642|SPD:24.7|HDG:-1.9|PX:376.2|PY:-10.0|...
[ECON-CLAWBACK] CID:5 ACT=WARN prior_payoff=-16.1 extra_penalty=3.2 new_payoff=-19.5
[FORGIVENESS] CID:5 WARN #10 — streak reset, benefits revoked
⚠ [CAR 5] ACT=WARN REP=0.586 RWD=0.000 PNL=3.350 CREDIT=-2
[PASSIVE-BEACON] SIMNOW:16.726 CID:9 ZONE:1 RXUAV:1 EDGEPORT:9998 TS:16.712 SPD:20.500 HDG:0.800 PX:353.900 PY:-50.000 LAN:5 BRK:0 RX_X:0.000 RX_Y:0.000 RX_Z:0.000
[ZONE-ROUTE] CID:9 zone=1 edge_port=9998
[EDGE-RTT] CID:9 wall=0.7 ms  sim_delay=5.0 ms
>>> [UAV->CLOUD] BLK:1c46|TX:7.0.0.13|CID:9|TS:16.712|SPD:20.5|HDG:0.8|PX:353.9|PY:-50.0|...
✓ [CAR 9] ACT=OK REP=1.000 RWD=1.000 PNL=0.000 CREDIT=28
[PASSIVE-BEACON] SIMNOW:16.744 CID:2 ZONE:1 RXUAV:1 EDGEPORT:9998 TS:16.730 SPD:25.000 HDG:1.800 PX:339.200 PY:-30.000 LAN:3 BRK:0 RX_X:0.000 RX_Y:0.000 RX_Z:0.000
[ZONE-ROUTE] CID:2 zone=1 edge_port=9998
[EDGE-RTT] CID:2 wall=0.8 ms  sim_delay=5.0 ms
>>> [UAV->CLOUD] BLK:5f25|TX:7.0.0.6|CID:2|TS:16.730|SPD:25.0|HDG:1.8|PX:339.2|PY:-30.0|L...
[ECON-CLAWBACK] CID:2 ACT=WARN prior_payoff=6.2 extra_penalty=4.3 new_payoff=1.7
[FORGIVENESS] CID:2 WARN #2 — streak reset, benefits revoked
⚠ [CAR 2] ACT=WARN REP=0.952 RWD=0.000 PNL=4.433 CREDIT=-2
[PASSIVE-BEACON] SIMNOW:16.766 CID:6 ZONE:1 RXUAV:1 EDGEPORT:9998 TS:16.752 SPD:24.700 HDG:-0.400 PX:369.400 PY:-20.000 LAN:2 BRK:0 RX_X:0.000 RX_Y:0.000 RX_Z:0.000
[ZONE-ROUTE] CID:6 zone=1 edge_port=9998
[EDGE-RTT] CID:6 wall=0.9 ms  sim_delay=5.0 ms
>>> [UAV->CLOUD] BLK:882f|TX:7.0.0.10|CID:6|TS:16.752|SPD:24.7|HDG:-0.4|PX:369.4|PY:-20.0...
[ECON-CLAWBACK] CID:6 ACT=WARN prior_payoff=-0.8 extra_penalty=1.8 new_payoff=-2.7
[FORGIVENESS] CID:6 WARN #4 — streak reset, benefits revoked
⚠ [CAR 6] ACT=WARN REP=0.755 RWD=0.000 PNL=1.850 CREDIT=-2
[PASSIVE-BEACON] SIMNOW:16.816 CID:8 ZONE:1 RXUAV:1 EDGEPORT:9998 TS:16.802 SPD:20.100 HDG:1.300 PX:356.200 PY:-40.000 LAN:4 BRK:0 RX_X:0.000 RX_Y:0.000 RX_Z:0.000
[ZONE-ROUTE] CID:8 zone=1 edge_port=9998
[EDGE-RTT] CID:8 wall=0.9 ms  sim_delay=5.0 ms
>>> [UAV->CLOUD] BLK:0933|TX:7.0.0.12|CID:8|TS:16.802|SPD:20.1|HDG:1.3|PX:356.2|PY:-40.0|...
✓ [CAR 8] ACT=OK REP=1.000 RWD=1.000 PNL=0.000 CREDIT=27
[PASSIVE-BEACON] SIMNOW:16.846 CID:7 ZONE:1 RXUAV:1 EDGEPORT:9998 TS:16.832 SPD:25.200 HDG:1.000 PX:360.900 PY:-30.000 LAN:3 BRK:0 RX_X:0.000 RX_Y:0.000 RX_Z:0.000
[ZONE-ROUTE] CID:7 zone=1 edge_port=9998
[EDGE-RTT] CID:7 wall=1.2 ms  sim_delay=5.0 ms
>>> [UAV->CLOUD] BLK:0992|TX:7.0.0.11|CID:7|TS:16.832|SPD:25.2|HDG:1.0|PX:360.9|PY:-30.0|...
[ECON-CLAWBACK] CID:7 ACT=WARN prior_payoff=30.8 extra_penalty=24.1 new_payoff=6.6
[TRUST-REVOKED] CID:7 benefits revoked logically; lane=3 speed=20.0 latency=10.0ms
[FORGIVENESS] CID:7 WARN #1 — streak reset, benefits revoked
⚠ [CAR 7] ACT=WARN REP=0.801 RWD=0.000 PNL=24.213 CREDIT=26
[PASSIVE-BEACON] SIMNOW:16.924 CID:0 ZONE:1 RXUAV:1 EDGEPORT:9998 TS:16.910 SPD:24.600 HDG:-1.900 PX:362.600 PY:-10.000 LAN:1 BRK:1 RX_X:0.000 RX_Y:0.000 RX_Z:0.000
[ZONE-ROUTE] CID:0 zone=1 edge_port=9998
[EDGE-RTT] CID:0 wall=1.2 ms  sim_delay=10.0 ms
>>> [UAV->CLOUD] BLK:a482|TX:7.0.0.4|CID:0|TS:16.910|SPD:24.6|HDG:-1.9|PX:362.6|PY:-10.0|...
[ECON-CLAWBACK] CID:0 ACT=WARN prior_payoff=-16.2 extra_penalty=3.2 new_payoff=-19.6
[FORGIVENESS] CID:0 WARN #10 — streak reset, benefits revoked
⚠ [CAR 0] ACT=WARN REP=0.651 RWD=0.000 PNL=3.349 CREDIT=-2
[PASSIVE-BEACON] SIMNOW:16.944 CID:3 ZONE:1 RXUAV:1 EDGEPORT:9998 TS:16.930 SPD:19.700 HDG:1.900 PX:338.900 PY:-40.000 LAN:4 BRK:1 RX_X:0.000 RX_Y:0.000 RX_Z:0.000
[ZONE-ROUTE] CID:3 zone=1 edge_port=9998
[EDGE-RTT] CID:3 wall=1.2 ms  sim_delay=5.0 ms
>>> [UAV->CLOUD] BLK:1167|TX:7.0.0.7|CID:3|TS:16.930|SPD:19.7|HDG:1.9|PX:338.9|PY:-40.0|L...
✓ [CAR 3] ACT=OK REP=1.000 RWD=1.000 PNL=0.000 CREDIT=29
[PASSIVE-BEACON] SIMNOW:17.084 CID:1 ZONE:1 RXUAV:1 EDGEPORT:9998 TS:17.070 SPD:24.600 HDG:-0.100 PX:356.600 PY:-20.000 LAN:2 BRK:0 RX_X:0.000 RX_Y:0.000 RX_Z:0.000
[ZONE-ROUTE] CID:1 zone=1 edge_port=9998
[EDGE-RTT] CID:1 wall=1.1 ms  sim_delay=5.0 ms
>>> [UAV->CLOUD] BLK:204f|TX:7.0.0.5|CID:1|TS:17.070|SPD:24.6|HDG:-0.1|PX:356.6|PY:-20.0|...
[ECON-CLAWBACK] CID:1 ACT=WARN prior_payoff=-2.7 extra_penalty=2.0 new_payoff=-4.8
[FORGIVENESS] CID:1 WARN #5 — streak reset, benefits revoked
⚠ [CAR 1] ACT=WARN REP=0.719 RWD=0.000 PNL=2.099 CREDIT=-2
[PASSIVE-BEACON] SIMNOW:17.104 CID:4 ZONE:1 RXUAV:1 EDGEPORT:9998 TS:17.090 SPD:20.400 HDG:-0.300 PX:342.000 PY:-50.000 LAN:5 BRK:0 RX_X:0.000 RX_Y:0.000 RX_Z:0.000
[ZONE-ROUTE] CID:4 zone=1 edge_port=9998
[EDGE-RTT] CID:4 wall=1.0 ms  sim_delay=5.0 ms
>>> [UAV->CLOUD] BLK:dd83|TX:7.0.0.8|CID:4|TS:17.090|SPD:20.4|HDG:-0.3|PX:342.0|PY:-50.0|...
✓ [CAR 4] ACT=OK REP=0.828 RWD=1.000 PNL=0.000 CREDIT=29
[PASSIVE-BEACON] SIMNOW:17.156 CID:5 ZONE:1 RXUAV:1 EDGEPORT:9998 TS:17.142 SPD:25.500 HDG:-0.600 PX:388.500 PY:-10.000 LAN:1 BRK:0 RX_X:0.000 RX_Y:0.000 RX_Z:0.000
[ZONE-ROUTE] CID:5 zone=1 edge_port=9998
[EDGE-RTT] CID:5 wall=1.2 ms  sim_delay=10.0 ms
>>> [UAV->CLOUD] BLK:3a23|TX:7.0.0.9|CID:5|TS:17.142|SPD:25.5|HDG:-0.6|PX:388.5|PY:-10.0|...
[ECON-CLAWBACK] CID:5 ACT=WARN prior_payoff=-19.5 extra_penalty=3.5 new_payoff=-23.1
[FORGIVENESS] CID:5 WARN #11 — streak reset, benefits revoked
⚠ [CAR 5] ACT=WARN REP=0.761 RWD=0.000 PNL=3.602 CREDIT=-2
[PKT-DROP] UAV dropped telemetry from 7.0.0.13 (drop_rate=5%)
[PKT-DROP] UAV dropped telemetry from 7.0.0.6 (drop_rate=5%)
[PASSIVE-BEACON] SIMNOW:17.266 CID:6 ZONE:1 RXUAV:1 EDGEPORT:9998 TS:17.252 SPD:25.400 HDG:-0.500 PX:381.800 PY:-20.000 LAN:2 BRK:0 RX_X:0.000 RX_Y:0.000 RX_Z:0.000
[ZONE-ROUTE] CID:6 zone=1 edge_port=9998
[EDGE-RTT] CID:6 wall=1.1 ms  sim_delay=5.0 ms
>>> [UAV->CLOUD] BLK:1dab|TX:7.0.0.10|CID:6|TS:17.252|SPD:25.4|HDG:-0.5|PX:381.8|PY:-20.0...
[ECON-CLAWBACK] CID:6 ACT=WARN prior_payoff=-2.7 extra_penalty=2.0 new_payoff=-4.8
[FORGIVENESS] CID:6 WARN #5 — streak reset, benefits revoked
⚠ [CAR 6] ACT=WARN REP=0.681 RWD=0.000 PNL=2.102 CREDIT=-2
[PASSIVE-BEACON] SIMNOW:17.316 CID:8 ZONE:1 RXUAV:1 EDGEPORT:9998 TS:17.302 SPD:19.600 HDG:1.800 PX:366.500 PY:-40.000 LAN:4 BRK:0 RX_X:0.000 RX_Y:0.000 RX_Z:0.000
[ZONE-ROUTE] CID:8 zone=1 edge_port=9998
[EDGE-RTT] CID:8 wall=1.2 ms  sim_delay=5.0 ms
>>> [UAV->CLOUD] BLK:0f35|TX:7.0.0.12|CID:8|TS:17.302|SPD:19.6|HDG:1.8|PX:366.5|PY:-40.0|...
✓ [CAR 8] ACT=OK REP=1.000 RWD=1.000 PNL=0.000 CREDIT=28
[PASSIVE-BEACON] SIMNOW:17.344 CID:7 ZONE:1 RXUAV:1 EDGEPORT:9998 TS:17.332 SPD:25.200 HDG:-1.900 PX:374.600 PY:-30.000 LAN:3 BRK:0 RX_X:0.000 RX_Y:0.000 RX_Z:0.000
[ZONE-ROUTE] CID:7 zone=1 edge_port=9998
[EDGE-RTT] CID:7 wall=1.0 ms  sim_delay=5.0 ms
>>> [UAV->CLOUD] BLK:431d|TX:7.0.0.11|CID:7|TS:17.332|SPD:25.2|HDG:-1.9|PX:374.6|PY:-30.0...
[ECON-CLAWBACK] CID:7 ACT=WARN prior_payoff=6.6 extra_penalty=4.6 new_payoff=2.0
[FORGIVENESS] CID:7 WARN #2 — streak reset, benefits revoked
⚠ [CAR 7] ACT=WARN REP=1.000 RWD=0.000 PNL=4.665 CREDIT=-2
[PKT-DROP] UAV dropped telemetry from 7.0.0.4 (drop_rate=5%)
[PASSIVE-BEACON] SIMNOW:17.444 CID:3 ZONE:1 RXUAV:1 EDGEPORT:9998 TS:17.430 SPD:20.000 HDG:-0.800 PX:348.200 PY:-40.000 LAN:4 BRK:0 RX_X:0.000 RX_Y:0.000 RX_Z:0.000
[ZONE-ROUTE] CID:3 zone=1 edge_port=9998
[EDGE-RTT] CID:3 wall=1.1 ms  sim_delay=5.0 ms
>>> [UAV->CLOUD] BLK:08f9|TX:7.0.0.7|CID:3|TS:17.430|SPD:20.0|HDG:-0.8|PX:348.2|PY:-40.0|...
✓ [CAR 3] ACT=OK REP=1.000 RWD=1.000 PNL=0.000 CREDIT=30
[PASSIVE-BEACON] SIMNOW:17.584 CID:1 ZONE:1 RXUAV:1 EDGEPORT:9998 TS:17.570 SPD:24.600 HDG:1.600 PX:370.500 PY:-20.000 LAN:2 BRK:0 RX_X:0.000 RX_Y:0.000 RX_Z:0.000
[ZONE-ROUTE] CID:1 zone=1 edge_port=9998
[EDGE-RTT] CID:1 wall=1.0 ms  sim_delay=5.0 ms
>>> [UAV->CLOUD] BLK:dc90|TX:7.0.0.5|CID:1|TS:17.570|SPD:24.6|HDG:1.6|PX:370.5|PY:-20.0|L...
[ECON-CLAWBACK] CID:1 ACT=WARN prior_payoff=-4.8 extra_penalty=2.2 new_payoff=-7.2
[FORGIVENESS] CID:1 WARN #6 — streak reset, benefits revoked
⚠ [CAR 1] ACT=WARN REP=0.744 RWD=0.000 PNL=2.348 CREDIT=-2
[PASSIVE-BEACON] SIMNOW:17.604 CID:4 ZONE:1 RXUAV:1 EDGEPORT:9998 TS:17.590 SPD:19.600 HDG:1.900 PX:351.300 PY:-50.000 LAN:5 BRK:0 RX_X:0.000 RX_Y:0.000 RX_Z:0.000
[ZONE-ROUTE] CID:4 zone=1 edge_port=9998
[EDGE-RTT] CID:4 wall=1.3 ms  sim_delay=5.0 ms
>>> [UAV->CLOUD] BLK:f9b5|TX:7.0.0.8|CID:4|TS:17.590|SPD:19.6|HDG:1.9|PX:351.3|PY:-50.0|L...
✓ [CAR 4] ACT=OK REP=0.919 RWD=1.000 PNL=0.000 CREDIT=30
[PASSIVE-BEACON] SIMNOW:17.656 CID:5 ZONE:1 RXUAV:1 EDGEPORT:9998 TS:17.642 SPD:25.400 HDG:-1.900 PX:401.900 PY:-10.000 LAN:1 BRK:0 RX_X:0.000 RX_Y:0.000 RX_Z:0.000
[ZONE-ROUTE] CID:5 zone=1 edge_port=9998
[EDGE-RTT] CID:5 wall=1.3 ms  sim_delay=10.0 ms
>>> [UAV->CLOUD] BLK:2b34|TX:7.0.0.9|CID:5|TS:17.642|SPD:25.4|HDG:-1.9|PX:401.9|PY:-10.0|...
[ECON-CLAWBACK] CID:5 ACT=WARN prior_payoff=-23.1 extra_penalty=3.8 new_payoff=-26.9
[FORGIVENESS] CID:5 WARN #12 — streak reset, benefits revoked
⚠ [CAR 5] ACT=WARN REP=0.645 RWD=0.000 PNL=3.852 CREDIT=-2
[PASSIVE-BEACON] SIMNOW:17.725 CID:9 ZONE:1 RXUAV:1 EDGEPORT:9998 TS:17.712 SPD:20.300 HDG:-0.800 PX:374.700 PY:-50.000 LAN:5 BRK:0 RX_X:0.000 RX_Y:0.000 RX_Z:0.000
[ZONE-ROUTE] CID:9 zone=1 edge_port=9998
[EDGE-RTT] CID:9 wall=1.2 ms  sim_delay=5.0 ms
>>> [UAV->CLOUD] BLK:fd02|TX:7.0.0.13|CID:9|TS:17.712|SPD:20.3|HDG:-0.8|PX:374.7|PY:-50.0...
✓ [CAR 9] ACT=OK REP=0.993 RWD=1.000 PNL=0.000 CREDIT=29
[PASSIVE-BEACON] SIMNOW:17.744 CID:2 ZONE:1 RXUAV:1 EDGEPORT:9998 TS:17.730 SPD:25.300 HDG:0.100 PX:364.600 PY:-30.000 LAN:3 BRK:0 RX_X:0.000 RX_Y:0.000 RX_Z:0.000
[ZONE-ROUTE] CID:2 zone=1 edge_port=9998
[EDGE-RTT] CID:2 wall=1.0 ms  sim_delay=5.0 ms
>>> [UAV->CLOUD] BLK:e245|TX:7.0.0.6|CID:2|TS:17.730|SPD:25.3|HDG:0.1|PX:364.6|PY:-30.0|L...
[ECON-CLAWBACK] CID:2 ACT=WARN prior_payoff=1.7 extra_penalty=2.4 new_payoff=-0.7
[FORGIVENESS] CID:2 WARN #3 — streak reset, benefits revoked
⚠ [CAR 2] ACT=WARN REP=0.948 RWD=0.000 PNL=2.468 CREDIT=-2
[PASSIVE-BEACON] SIMNOW:17.766 CID:6 ZONE:1 RXUAV:1 EDGEPORT:9998 TS:17.752 SPD:25.200 HDG:1.700 PX:394.400 PY:-20.000 LAN:2 BRK:0 RX_X:0.000 RX_Y:0.000 RX_Z:0.000
[ZONE-ROUTE] CID:6 zone=1 edge_port=9998
[EDGE-RTT] CID:6 wall=1.3 ms  sim_delay=5.0 ms
>>> [UAV->CLOUD] BLK:faf0|TX:7.0.0.10|CID:6|TS:17.752|SPD:25.2|HDG:1.7|PX:394.4|PY:-20.0|...
[ECON-CLAWBACK] CID:6 ACT=WARN prior_payoff=-4.8 extra_penalty=2.2 new_payoff=-7.1
[FORGIVENESS] CID:6 WARN #6 — streak reset, benefits revoked
⚠ [CAR 6] ACT=WARN REP=0.515 RWD=0.000 PNL=2.352 CREDIT=-2
[PASSIVE-BEACON] SIMNOW:17.815 CID:8 ZONE:1 RXUAV:1 EDGEPORT:9998 TS:17.802 SPD:19.900 HDG:-0.400 PX:375.400 PY:-40.000 LAN:4 BRK:1 RX_X:0.000 RX_Y:0.000 RX_Z:0.000
[ZONE-ROUTE] CID:8 zone=1 edge_port=9998
[EDGE-RTT] CID:8 wall=0.9 ms  sim_delay=5.0 ms
>>> [UAV->CLOUD] BLK:ec3a|TX:7.0.0.12|CID:8|TS:17.802|SPD:19.9|HDG:-0.4|PX:375.4|PY:-40.0...
✓ [CAR 8] ACT=OK REP=0.798 RWD=1.000 PNL=0.000 CREDIT=29
[PASSIVE-BEACON] SIMNOW:17.846 CID:7 ZONE:1 RXUAV:1 EDGEPORT:9998 TS:17.832 SPD:24.600 HDG:-1.100 PX:386.700 PY:-30.000 LAN:3 BRK:0 RX_X:0.000 RX_Y:0.000 RX_Z:0.000
[ZONE-ROUTE] CID:7 zone=1 edge_port=9998
[EDGE-RTT] CID:7 wall=1.2 ms  sim_delay=5.0 ms
>>> [UAV->CLOUD] BLK:802b|TX:7.0.0.11|CID:7|TS:17.832|SPD:24.6|HDG:-1.1|PX:386.7|PY:-30.0...
[ECON-CLAWBACK] CID:7 ACT=WARN prior_payoff=2.0 extra_penalty=2.5 new_payoff=-0.6
[FORGIVENESS] CID:7 WARN #3 — streak reset, benefits revoked
⚠ [CAR 7] ACT=WARN REP=0.696 RWD=0.000 PNL=2.581 CREDIT=-2
[PKT-DROP] UAV dropped telemetry from 7.0.0.4 (drop_rate=5%)
[PASSIVE-BEACON] SIMNOW:17.944 CID:3 ZONE:1 RXUAV:1 EDGEPORT:9998 TS:17.930 SPD:25.200 HDG:-1.000 PX:358.200 PY:-40.000 LAN:4 BRK:0 RX_X:0.000 RX_Y:0.000 RX_Z:0.000
[ZONE-ROUTE] CID:3 zone=1 edge_port=9998
[EDGE-RTT] CID:3 wall=1.3 ms  sim_delay=5.0 ms
>>> [UAV->CLOUD] BLK:407b|TX:7.0.0.7|CID:3|TS:17.930|SPD:25.2|HDG:-1.0|PX:358.2|PY:-40.0|...
[ECON-CLAWBACK] CID:3 ACT=WARN prior_payoff=34.0 extra_penalty=26.5 new_payoff=7.4
[TRUST-REVOKED] CID:3 benefits revoked logically; lane=4 speed=20.0 latency=10.0ms
[FORGIVENESS] CID:3 WARN #1 — streak reset, benefits revoked
⚠ [CAR 3] ACT=WARN REP=0.947 RWD=0.000 PNL=26.573 CREDIT=29
[PASSIVE-BEACON] SIMNOW:18.083 CID:1 ZONE:1 RXUAV:1 EDGEPORT:9998 TS:18.070 SPD:24.500 HDG:-1.500 PX:381.800 PY:-20.000 LAN:2 BRK:0 RX_X:0.000 RX_Y:0.000 RX_Z:0.000
[ZONE-ROUTE] CID:1 zone=1 edge_port=9998
[EDGE-RTT] CID:1 wall=1.2 ms  sim_delay=5.0 ms
>>> [UAV->CLOUD] BLK:26b4|TX:7.0.0.5|CID:1|TS:18.070|SPD:24.5|HDG:-1.5|PX:381.8|PY:-20.0|...
[ECON-CLAWBACK] CID:1 ACT=WARN prior_payoff=-7.2 extra_penalty=2.5 new_payoff=-9.8
[FORGIVENESS] CID:1 WARN #7 — streak reset, benefits revoked
⚠ [CAR 1] ACT=WARN REP=0.727 RWD=0.000 PNL=2.598 CREDIT=-2
[PASSIVE-BEACON] SIMNOW:18.104 CID:4 ZONE:1 RXUAV:1 EDGEPORT:9998 TS:18.090 SPD:19.600 HDG:0.300 PX:361.600 PY:-50.000 LAN:5 BRK:1 RX_X:0.000 RX_Y:0.000 RX_Z:0.000
[ZONE-ROUTE] CID:4 zone=1 edge_port=9998
[EDGE-RTT] CID:4 wall=1.1 ms  sim_delay=5.0 ms
>>> [UAV->CLOUD] BLK:bad5|TX:7.0.0.8|CID:4|TS:18.090|SPD:19.6|HDG:0.3|PX:361.6|PY:-50.0|L...
✓ [CAR 4] ACT=OK REP=1.000 RWD=1.000 PNL=0.000 CREDIT=31
[PASSIVE-BEACON] SIMNOW:18.156 CID:5 ZONE:1 RXUAV:1 EDGEPORT:9998 TS:18.142 SPD:24.900 HDG:-0.100 PX:414.600 PY:-10.000 LAN:1 BRK:0 RX_X:0.000 RX_Y:0.000 RX_Z:0.000
[ZONE-ROUTE] CID:5 zone=1 edge_port=9998
[EDGE-RTT] CID:5 wall=1.0 ms  sim_delay=10.0 ms
>>> [UAV->CLOUD] BLK:35e3|TX:7.0.0.9|CID:5|TS:18.142|SPD:24.9|HDG:-0.1|PX:414.6|PY:-10.0|...
[ECON-CLAWBACK] CID:5 ACT=WARN prior_payoff=-26.9 extra_penalty=4.0 new_payoff=-31.0
[FORGIVENESS] CID:5 WARN #13 — streak reset, benefits revoked
⚠ [CAR 5] ACT=WARN REP=0.630 RWD=0.000 PNL=4.101 CREDIT=-2
[PASSIVE-BEACON] SIMNOW:18.226 CID:9 ZONE:1 RXUAV:1 EDGEPORT:9998 TS:18.212 SPD:19.900 HDG:1.100 PX:384.800 PY:-50.000 LAN:5 BRK:1 RX_X:0.000 RX_Y:0.000 RX_Z:0.000
[ZONE-ROUTE] CID:9 zone=1 edge_port=9998
[EDGE-RTT] CID:9 wall=1.2 ms  sim_delay=5.0 ms
>>> [UAV->CLOUD] BLK:0a80|TX:7.0.0.13|CID:9|TS:18.212|SPD:19.9|HDG:1.1|PX:384.8|PY:-50.0|...
✓ [CAR 9] ACT=OK REP=0.951 RWD=1.000 PNL=0.000 CREDIT=30
[PASSIVE-BEACON] SIMNOW:18.244 CID:2 ZONE:1 RXUAV:1 EDGEPORT:9998 TS:18.230 SPD:24.500 HDG:-0.300 PX:375.800 PY:-30.000 LAN:3 BRK:0 RX_X:0.000 RX_Y:0.000 RX_Z:0.000
[ZONE-ROUTE] CID:2 zone=1 edge_port=9998
[EDGE-RTT] CID:2 wall=1.2 ms  sim_delay=5.0 ms
>>> [UAV->CLOUD] BLK:7b3b|TX:7.0.0.6|CID:2|TS:18.230|SPD:24.5|HDG:-0.3|PX:375.8|PY:-30.0|...
[ECON-CLAWBACK] CID:2 ACT=WARN prior_payoff=-0.7 extra_penalty=1.8 new_payoff=-2.6
[FORGIVENESS] CID:2 WARN #4 — streak reset, benefits revoked
⚠ [CAR 2] ACT=WARN REP=0.612 RWD=0.000 PNL=1.847 CREDIT=-2
[PASSIVE-BEACON] SIMNOW:18.266 CID:6 ZONE:1 RXUAV:1 EDGEPORT:9998 TS:18.252 SPD:24.600 HDG:1.900 PX:406.400 PY:-20.000 LAN:2 BRK:0 RX_X:0.000 RX_Y:0.000 RX_Z:0.000
[ZONE-ROUTE] CID:6 zone=1 edge_port=9998
[EDGE-RTT] CID:6 wall=0.9 ms  sim_delay=5.0 ms
>>> [UAV->CLOUD] BLK:d693|TX:7.0.0.10|CID:6|TS:18.252|SPD:24.6|HDG:1.9|PX:406.4|PY:-20.0|...
[ECON-CLAWBACK] CID:6 ACT=WARN prior_payoff=-7.1 extra_penalty=2.5 new_payoff=-9.7
[FORGIVENESS] CID:6 WARN #7 — streak reset, benefits revoked
⚠ [CAR 6] ACT=WARN REP=0.779 RWD=0.000 PNL=2.600 CREDIT=-2
[PASSIVE-BEACON] SIMNOW:18.316 CID:8 ZONE:1 RXUAV:1 EDGEPORT:9998 TS:18.302 SPD:24.900 HDG:0.200 PX:387.400 PY:-40.000 LAN:4 BRK:0 RX_X:0.000 RX_Y:0.000 RX_Z:0.000
[ZONE-ROUTE] CID:8 zone=1 edge_port=9998
[EDGE-RTT] CID:8 wall=1.2 ms  sim_delay=5.0 ms
>>> [UAV->CLOUD] BLK:fca6|TX:7.0.0.12|CID:8|TS:18.302|SPD:24.9|HDG:0.2|PX:387.4|PY:-40.0|...
[ECON-CLAWBACK] CID:8 ACT=WARN prior_payoff=33.0 extra_penalty=25.7 new_payoff=7.2
[TRUST-REVOKED] CID:8 benefits revoked logically; lane=4 speed=20.0 latency=10.0ms
[FORGIVENESS] CID:8 WARN #1 — streak reset, benefits revoked
⚠ [CAR 8] ACT=WARN REP=0.707 RWD=0.000 PNL=25.822 CREDIT=28
[PASSIVE-BEACON] SIMNOW:18.346 CID:7 ZONE:1 RXUAV:1 EDGEPORT:9998 TS:18.332 SPD:25.000 HDG:-1.700 PX:398.500 PY:-30.000 LAN:3 BRK:0 RX_X:0.000 RX_Y:0.000 RX_Z:0.000
[ZONE-ROUTE] CID:7 zone=1 edge_port=9998
[EDGE-RTT] CID:7 wall=1.3 ms  sim_delay=5.0 ms
>>> [UAV->CLOUD] BLK:9381|TX:7.0.0.11|CID:7|TS:18.332|SPD:25.0|HDG:-1.7|PX:398.5|PY:-30.0...
[ECON-CLAWBACK] CID:7 ACT=WARN prior_payoff=-0.6 extra_penalty=1.8 new_payoff=-2.5
[FORGIVENESS] CID:7 WARN #4 — streak reset, benefits revoked
⚠ [CAR 7] ACT=WARN REP=0.823 RWD=0.000 PNL=1.851 CREDIT=-2
[PASSIVE-BEACON] SIMNOW:18.424 CID:0 ZONE:1 RXUAV:1 EDGEPORT:9998 TS:18.410 SPD:24.800 HDG:0.100 PX:400.800 PY:-10.000 LAN:1 BRK:1 RX_X:0.000 RX_Y:0.000 RX_Z:0.000
[ZONE-ROUTE] CID:0 zone=1 edge_port=9998
[EDGE-RTT] CID:0 wall=1.1 ms  sim_delay=10.0 ms
>>> [UAV->CLOUD] BLK:8456|TX:7.0.0.4|CID:0|TS:18.410|SPD:24.8|HDG:0.1|PX:400.8|PY:-10.0|L...
[ECON-CLAWBACK] CID:0 ACT=WARN prior_payoff=-19.6 extra_penalty=3.5 new_payoff=-23.2
[FORGIVENESS] CID:0 WARN #11 — streak reset, benefits revoked
⚠ [CAR 0] ACT=WARN REP=0.518 RWD=0.000 PNL=3.600 CREDIT=-2
[PASSIVE-BEACON] SIMNOW:18.442 CID:3 ZONE:1 RXUAV:1 EDGEPORT:9998 TS:18.430 SPD:25.400 HDG:0.400 PX:371.500 PY:-40.000 LAN:4 BRK:1 RX_X:0.000 RX_Y:0.000 RX_Z:0.000
[ZONE-ROUTE] CID:3 zone=1 edge_port=9998
[EDGE-RTT] CID:3 wall=1.2 ms  sim_delay=5.0 ms
>>> [UAV->CLOUD] BLK:4502|TX:7.0.0.7|CID:3|TS:18.430|SPD:25.4|HDG:0.4|PX:371.5|PY:-40.0|L...
[ECON-CLAWBACK] CID:3 ACT=WARN prior_payoff=7.4 extra_penalty=5.0 new_payoff=2.4
[FORGIVENESS] CID:3 WARN #2 — streak reset, benefits revoked
⚠ [CAR 3] ACT=WARN REP=0.876 RWD=0.000 PNL=5.059 CREDIT=-2
[PASSIVE-BEACON] SIMNOW:18.584 CID:1 ZONE:1 RXUAV:1 EDGEPORT:9998 TS:18.570 SPD:25.400 HDG:-0.800 PX:395.200 PY:-20.000 LAN:2 BRK:0 RX_X:0.000 RX_Y:0.000 RX_Z:0.000
[ZONE-ROUTE] CID:1 zone=1 edge_port=9998
[EDGE-RTT] CID:1 wall=1.1 ms  sim_delay=5.0 ms
>>> [UAV->CLOUD] BLK:86c7|TX:7.0.0.5|CID:1|TS:18.570|SPD:25.4|HDG:-0.8|PX:395.2|PY:-20.0|...
[ECON-CLAWBACK] CID:1 ACT=WARN prior_payoff=-9.8 extra_penalty=2.8 new_payoff=-12.6
[FORGIVENESS] CID:1 WARN #8 — streak reset, benefits revoked
⚠ [CAR 1] ACT=WARN REP=0.883 RWD=0.000 PNL=2.852 CREDIT=-2
[PASSIVE-BEACON] SIMNOW:18.604 CID:4 ZONE:1 RXUAV:1 EDGEPORT:9998 TS:18.590 SPD:20.400 HDG:-1.900 PX:371.200 PY:-50.000 LAN:5 BRK:0 RX_X:0.000 RX_Y:0.000 RX_Z:0.000
[ZONE-ROUTE] CID:4 zone=1 edge_port=9998
[EDGE-RTT] CID:4 wall=1.2 ms  sim_delay=5.0 ms
>>> [UAV->CLOUD] BLK:2927|TX:7.0.0.8|CID:4|TS:18.590|SPD:20.4|HDG:-1.9|PX:371.2|PY:-50.0|...
✓ [CAR 4] ACT=OK REP=0.764 RWD=1.000 PNL=0.000 CREDIT=32
[PASSIVE-BEACON] SIMNOW:18.656 CID:5 ZONE:1 RXUAV:1 EDGEPORT:9998 TS:18.642 SPD:25.200 HDG:0.600 PX:426.700 PY:-10.000 LAN:1 BRK:1 RX_X:0.000 RX_Y:0.000 RX_Z:0.000
[ZONE-ROUTE] CID:5 zone=1 edge_port=9998
[EDGE-RTT] CID:5 wall=1.1 ms  sim_delay=10.0 ms
>>> [UAV->CLOUD] BLK:03af|TX:7.0.0.9|CID:5|TS:18.642|SPD:25.2|HDG:0.6|PX:426.7|PY:-10.0|L...
[ECON-CLAWBACK] CID:5 ACT=WARN prior_payoff=-31.0 extra_penalty=4.2 new_payoff=-35.4
[FORGIVENESS] CID:5 WARN #14 — streak reset, benefits revoked
⚠ [CAR 5] ACT=WARN REP=0.649 RWD=0.000 PNL=4.352 CREDIT=-2
[PASSIVE-BEACON] SIMNOW:18.726 CID:9 ZONE:1 RXUAV:1 EDGEPORT:9998 TS:18.712 SPD:20.200 HDG:1.200 PX:394.900 PY:-50.000 LAN:5 BRK:0 RX_X:0.000 RX_Y:0.000 RX_Z:0.000
[ZONE-ROUTE] CID:9 zone=1 edge_port=9998
[EDGE-RTT] CID:9 wall=1.3 ms  sim_delay=5.0 ms
>>> [UAV->CLOUD] BLK:a91e|TX:7.0.0.13|CID:9|TS:18.712|SPD:20.2|HDG:1.2|PX:394.9|PY:-50.0|...
✓ [CAR 9] ACT=OK REP=0.929 RWD=1.000 PNL=0.000 CREDIT=31
[PASSIVE-BEACON] SIMNOW:18.744 CID:2 ZONE:1 RXUAV:1 EDGEPORT:9998 TS:18.730 SPD:24.800 HDG:-0.100 PX:389.200 PY:-30.000 LAN:3 BRK:0 RX_X:0.000 RX_Y:0.000 RX_Z:0.000
[ZONE-ROUTE] CID:2 zone=1 edge_port=9998
[EDGE-RTT] CID:2 wall=3.7 ms  sim_delay=5.0 ms
>>> [UAV->CLOUD] BLK:1804|TX:7.0.0.6|CID:2|TS:18.730|SPD:24.8|HDG:-0.1|PX:389.2|PY:-30.0|...
[ECON-CLAWBACK] CID:2 ACT=WARN prior_payoff=-2.6 extra_penalty=2.0 new_payoff=-4.7
[FORGIVENESS] CID:2 WARN #5 — streak reset, benefits revoked
⚠ [CAR 2] ACT=WARN REP=0.762 RWD=0.000 PNL=2.100 CREDIT=-2
[PASSIVE-BEACON] SIMNOW:18.766 CID:6 ZONE:1 RXUAV:1 EDGEPORT:9998 TS:18.752 SPD:25.200 HDG:1.000 PX:419.600 PY:-20.000 LAN:2 BRK:0 RX_X:0.000 RX_Y:0.000 RX_Z:0.000
[ZONE-ROUTE] CID:6 zone=1 edge_port=9998
[EDGE-RTT] CID:6 wall=1.4 ms  sim_delay=5.0 ms
>>> [UAV->CLOUD] BLK:42c3|TX:7.0.0.10|CID:6|TS:18.752|SPD:25.2|HDG:1.0|PX:419.6|PY:-20.0|...
[ECON-CLAWBACK] CID:6 ACT=WARN prior_payoff=-9.7 extra_penalty=2.8 new_payoff=-12.6
[FORGIVENESS] CID:6 WARN #8 — streak reset, benefits revoked
⚠ [CAR 6] ACT=WARN REP=0.746 RWD=0.000 PNL=2.852 CREDIT=-2
[PASSIVE-BEACON] SIMNOW:18.816 CID:8 ZONE:1 RXUAV:1 EDGEPORT:9998 TS:18.802 SPD:25.400 HDG:1.100 PX:401.100 PY:-40.000 LAN:4 BRK:0 RX_X:0.000 RX_Y:0.000 RX_Z:0.000
[ZONE-ROUTE] CID:8 zone=1 edge_port=9998
[EDGE-RTT] CID:8 wall=1.9 ms  sim_delay=5.0 ms
>>> [UAV->CLOUD] BLK:9a49|TX:7.0.0.12|CID:8|TS:18.802|SPD:25.4|HDG:1.1|PX:401.1|PY:-40.0|...
[ECON-CLAWBACK] CID:8 ACT=WARN prior_payoff=7.2 extra_penalty=4.8 new_payoff=2.2
[FORGIVENESS] CID:8 WARN #2 — streak reset, benefits revoked
⚠ [CAR 8] ACT=WARN REP=0.755 RWD=0.000 PNL=4.934 CREDIT=-2
[PASSIVE-BEACON] SIMNOW:18.845 CID:7 ZONE:1 RXUAV:1 EDGEPORT:9998 TS:18.832 SPD:24.600 HDG:-1.500 PX:411.200 PY:-30.000 LAN:3 BRK:0 RX_X:0.000 RX_Y:0.000 RX_Z:0.000
[ZONE-ROUTE] CID:7 zone=1 edge_port=9998
[EDGE-RTT] CID:7 wall=1.0 ms  sim_delay=5.0 ms
>>> [UAV->CLOUD] BLK:a508|TX:7.0.0.11|CID:7|TS:18.832|SPD:24.6|HDG:-1.5|PX:411.2|PY:-30.0...
[ECON-CLAWBACK] CID:7 ACT=WARN prior_payoff=-2.5 extra_penalty=2.0 new_payoff=-4.6
[FORGIVENESS] CID:7 WARN #5 — streak reset, benefits revoked
⚠ [CAR 7] ACT=WARN REP=0.944 RWD=0.000 PNL=2.099 CREDIT=-2
[PASSIVE-BEACON] SIMNOW:18.924 CID:0 ZONE:1 RXUAV:1 EDGEPORT:9998 TS:18.910 SPD:24.600 HDG:1.100 PX:412.700 PY:-10.000 LAN:1 BRK:0 RX_X:0.000 RX_Y:0.000 RX_Z:0.000
[ZONE-ROUTE] CID:0 zone=1 edge_port=9998
[EDGE-RTT] CID:0 wall=0.9 ms  sim_delay=10.0 ms
>>> [UAV->CLOUD] BLK:6cd7|TX:7.0.0.4|CID:0|TS:18.910|SPD:24.6|HDG:1.1|PX:412.7|PY:-10.0|L...
[ECON-CLAWBACK] CID:0 ACT=WARN prior_payoff=-23.2 extra_penalty=3.8 new_payoff=-27.0
[FORGIVENESS] CID:0 WARN #12 — streak reset, benefits revoked
⚠ [CAR 0] ACT=WARN REP=0.691 RWD=0.000 PNL=3.849 CREDIT=-2
[PASSIVE-BEACON] SIMNOW:18.944 CID:3 ZONE:1 RXUAV:1 EDGEPORT:9998 TS:18.930 SPD:25.000 HDG:0.200 PX:383.800 PY:-40.000 LAN:4 BRK:0 RX_X:0.000 RX_Y:0.000 RX_Z:0.000
[ZONE-ROUTE] CID:3 zone=1 edge_port=9998
[EDGE-RTT] CID:3 wall=0.9 ms  sim_delay=5.0 ms
>>> [UAV->CLOUD] BLK:f184|TX:7.0.0.7|CID:3|TS:18.930|SPD:25.0|HDG:0.2|PX:383.8|PY:-40.0|L...
[ECON-CLAWBACK] CID:3 ACT=WARN prior_payoff=2.4 extra_penalty=2.7 new_payoff=-0.4
[FORGIVENESS] CID:3 WARN #3 — streak reset, benefits revoked
⚠ [CAR 3] ACT=WARN REP=0.885 RWD=0.000 PNL=2.779 CREDIT=-2
[PASSIVE-BEACON] SIMNOW:19.084 CID:1 ZONE:1 RXUAV:1 EDGEPORT:9998 TS:19.070 SPD:24.800 HDG:0.000 PX:406.600 PY:-20.000 LAN:2 BRK:0 RX_X:0.000 RX_Y:0.000 RX_Z:0.000
[ZONE-ROUTE] CID:1 zone=1 edge_port=9998
[EDGE-RTT] CID:1 wall=1.0 ms  sim_delay=5.0 ms
>>> [UAV->CLOUD] BLK:84c3|TX:7.0.0.5|CID:1|TS:19.070|SPD:24.8|HDG:0.0|PX:406.6|PY:-20.0|L...
[ECON-CLAWBACK] CID:1 ACT=WARN prior_payoff=-12.6 extra_penalty=3.0 new_payoff=-15.7
[FORGIVENESS] CID:1 WARN #9 — streak reset, benefits revoked
⚠ [CAR 1] ACT=WARN REP=1.000 RWD=0.000 PNL=3.100 CREDIT=-2
[PASSIVE-BEACON] SIMNOW:19.104 CID:4 ZONE:1 RXUAV:1 EDGEPORT:9998 TS:19.090 SPD:19.900 HDG:1.200 PX:382.100 PY:-50.000 LAN:5 BRK:0 RX_X:0.000 RX_Y:0.000 RX_Z:0.000
[ZONE-ROUTE] CID:4 zone=1 edge_port=9998
[EDGE-RTT] CID:4 wall=1.0 ms  sim_delay=5.0 ms
>>> [UAV->CLOUD] BLK:2708|TX:7.0.0.8|CID:4|TS:19.090|SPD:19.9|HDG:1.2|PX:382.1|PY:-50.0|L...
✓ [CAR 4] ACT=OK REP=0.831 RWD=1.000 PNL=0.000 CREDIT=33
[PASSIVE-BEACON] SIMNOW:19.156 CID:5 ZONE:1 RXUAV:1 EDGEPORT:9998 TS:19.142 SPD:25.000 HDG:1.500 PX:439.000 PY:-10.000 LAN:1 BRK:1 RX_X:0.000 RX_Y:0.000 RX_Z:0.000
[ZONE-ROUTE] CID:5 zone=1 edge_port=9998
[EDGE-RTT] CID:5 wall=0.9 ms  sim_delay=10.0 ms
>>> [UAV->CLOUD] BLK:a87b|TX:7.0.0.9|CID:5|TS:19.142|SPD:25.0|HDG:1.5|PX:439.0|PY:-10.0|L...
[ECON-CLAWBACK] CID:5 ACT=WARN prior_payoff=-35.4 extra_penalty=4.5 new_payoff=-40.0
[FORGIVENESS] CID:5 WARN #15 — streak reset, benefits revoked
⚠ [CAR 5] ACT=WARN REP=0.344 RWD=0.000 PNL=4.602 CREDIT=-2
[PASSIVE-BEACON] SIMNOW:19.226 CID:9 ZONE:1 RXUAV:1 EDGEPORT:9998 TS:19.212 SPD:20.500 HDG:0.500 PX:404.800 PY:-50.000 LAN:5 BRK:0 RX_X:0.000 RX_Y:0.000 RX_Z:0.000
[ZONE-ROUTE] CID:9 zone=1 edge_port=9998
[EDGE-RTT] CID:9 wall=0.9 ms  sim_delay=5.0 ms
>>> [UAV->CLOUD] BLK:6543|TX:7.0.0.13|CID:9|TS:19.212|SPD:20.5|HDG:0.5|PX:404.8|PY:-50.0|...
✓ [CAR 9] ACT=OK REP=1.000 RWD=1.000 PNL=0.000 CREDIT=32
[PASSIVE-BEACON] SIMNOW:19.244 CID:2 ZONE:1 RXUAV:1 EDGEPORT:9998 TS:19.230 SPD:25.300 HDG:-0.900 PX:401.500 PY:-30.000 LAN:3 BRK:0 RX_X:0.000 RX_Y:0.000 RX_Z:0.000
[ZONE-ROUTE] CID:2 zone=1 edge_port=9998
[EDGE-RTT] CID:2 wall=0.9 ms  sim_delay=5.0 ms
>>> [UAV->CLOUD] BLK:1804|TX:7.0.0.6|CID:2|TS:19.230|SPD:25.3|HDG:-0.9|PX:401.5|PY:-30.0|...
[ECON-CLAWBACK] CID:2 ACT=WARN prior_payoff=-4.7 extra_penalty=2.2 new_payoff=-7.0
[FORGIVENESS] CID:2 WARN #6 — streak reset, benefits revoked
⚠ [CAR 2] ACT=WARN REP=0.772 RWD=0.000 PNL=2.352 CREDIT=-2
[PASSIVE-BEACON] SIMNOW:19.266 CID:6 ZONE:1 RXUAV:1 EDGEPORT:9998 TS:19.252 SPD:24.800 HDG:0.500 PX:432.300 PY:-20.000 LAN:2 BRK:0 RX_X:0.000 RX_Y:0.000 RX_Z:0.000
[ZONE-ROUTE] CID:6 zone=1 edge_port=9998
[EDGE-RTT] CID:6 wall=1.1 ms  sim_delay=5.0 ms
>>> [UAV->CLOUD] BLK:d2cc|TX:7.0.0.10|CID:6|TS:19.252|SPD:24.8|HDG:0.5|PX:432.3|PY:-20.0|...
[ECON-CLAWBACK] CID:6 ACT=WARN prior_payoff=-12.6 extra_penalty=3.0 new_payoff=-15.7
[FORGIVENESS] CID:6 WARN #9 — streak reset, benefits revoked
⚠ [CAR 6] ACT=WARN REP=1.000 RWD=0.000 PNL=3.100 CREDIT=-2
[PASSIVE-BEACON] SIMNOW:19.315 CID:8 ZONE:1 RXUAV:1 EDGEPORT:9998 TS:19.302 SPD:24.800 HDG:-0.900 PX:413.600 PY:-40.000 LAN:4 BRK:1 RX_X:0.000 RX_Y:0.000 RX_Z:0.000
[ZONE-ROUTE] CID:8 zone=1 edge_port=9998
[EDGE-RTT] CID:8 wall=0.8 ms  sim_delay=5.0 ms
>>> [UAV->CLOUD] BLK:932f|TX:7.0.0.12|CID:8|TS:19.302|SPD:24.8|HDG:-0.9|PX:413.6|PY:-40.0...
[ECON-CLAWBACK] CID:8 ACT=WARN prior_payoff=2.2 extra_penalty=2.6 new_payoff=-0.5
[FORGIVENESS] CID:8 WARN #3 — streak reset, benefits revoked
⚠ [CAR 8] ACT=WARN REP=0.881 RWD=0.000 PNL=2.716 CREDIT=-2
[PASSIVE-BEACON] SIMNOW:19.346 CID:7 ZONE:1 RXUAV:1 EDGEPORT:9998 TS:19.332 SPD:25.300 HDG:1.000 PX:424.400 PY:-30.000 LAN:3 BRK:0 RX_X:0.000 RX_Y:0.000 RX_Z:0.000
[ZONE-ROUTE] CID:7 zone=1 edge_port=9998
[EDGE-RTT] CID:7 wall=1.0 ms  sim_delay=5.0 ms
>>> [UAV->CLOUD] BLK:cba3|TX:7.0.0.11|CID:7|TS:19.332|SPD:25.3|HDG:1.0|PX:424.4|PY:-30.0|...
[ECON-CLAWBACK] CID:7 ACT=WARN prior_payoff=-4.6 extra_penalty=2.2 new_payoff=-6.9
[FORGIVENESS] CID:7 WARN #6 — streak reset, benefits revoked
⚠ [CAR 7] ACT=WARN REP=0.974 RWD=0.000 PNL=2.352 CREDIT=-2
[PASSIVE-BEACON] SIMNOW:19.424 CID:0 ZONE:1 RXUAV:1 EDGEPORT:9998 TS:19.410 SPD:25.400 HDG:-0.600 PX:425.500 PY:-10.000 LAN:1 BRK:0 RX_X:0.000 RX_Y:0.000 RX_Z:0.000
[ZONE-ROUTE] CID:0 zone=1 edge_port=9998
[EDGE-RTT] CID:0 wall=0.8 ms  sim_delay=10.0 ms
>>> [UAV->CLOUD] BLK:4a2a|TX:7.0.0.4|CID:0|TS:19.410|SPD:25.4|HDG:-0.6|PX:425.5|PY:-10.0|...
[ECON-CLAWBACK] CID:0 ACT=WARN prior_payoff=-27.0 extra_penalty=4.0 new_payoff=-31.1
[FORGIVENESS] CID:0 WARN #13 — streak reset, benefits revoked
⚠ [CAR 0] ACT=WARN REP=0.669 RWD=0.000 PNL=4.102 CREDIT=-2
[PASSIVE-BEACON] SIMNOW:19.444 CID:3 ZONE:1 RXUAV:1 EDGEPORT:9998 TS:19.430 SPD:25.400 HDG:0.500 PX:396.100 PY:-40.000 LAN:4 BRK:0 RX_X:0.000 RX_Y:0.000 RX_Z:0.000
[ZONE-ROUTE] CID:3 zone=1 edge_port=9998
[EDGE-RTT] CID:3 wall=0.9 ms  sim_delay=5.0 ms
>>> [UAV->CLOUD] BLK:5d8d|TX:7.0.0.7|CID:3|TS:19.430|SPD:25.4|HDG:0.5|PX:396.1|PY:-40.0|L...
[ECON-CLAWBACK] CID:3 ACT=WARN prior_payoff=-0.4 extra_penalty=1.8 new_payoff=-2.3
[FORGIVENESS] CID:3 WARN #4 — streak reset, benefits revoked
⚠ [CAR 3] ACT=WARN REP=0.758 RWD=0.000 PNL=1.851 CREDIT=-2
[PASSIVE-BEACON] SIMNOW:19.584 CID:1 ZONE:1 RXUAV:1 EDGEPORT:9998 TS:19.570 SPD:25.400 HDG:1.400 PX:419.500 PY:-20.000 LAN:2 BRK:0 RX_X:0.000 RX_Y:0.000 RX_Z:0.000
[ZONE-ROUTE] CID:1 zone=1 edge_port=9998
[EDGE-RTT] CID:1 wall=0.8 ms  sim_delay=5.0 ms
>>> [UAV->CLOUD] BLK:7a52|TX:7.0.0.5|CID:1|TS:19.570|SPD:25.4|HDG:1.4|PX:419.5|PY:-20.0|L...
[ECON-CLAWBACK] CID:1 ACT=WARN prior_payoff=-15.7 extra_penalty=3.2 new_payoff=-19.1
[FORGIVENESS] CID:1 WARN #10 — streak reset, benefits revoked
⚠ [CAR 1] ACT=WARN REP=0.382 RWD=0.000 PNL=3.352 CREDIT=-2
[PASSIVE-BEACON] SIMNOW:19.604 CID:4 ZONE:1 RXUAV:1 EDGEPORT:9998 TS:19.590 SPD:20.100 HDG:-1.500 PX:391.300 PY:-50.000 LAN:5 BRK:1 RX_X:0.000 RX_Y:0.000 RX_Z:0.000
[ZONE-ROUTE] CID:4 zone=1 edge_port=9998
[EDGE-RTT] CID:4 wall=0.9 ms  sim_delay=5.0 ms
>>> [UAV->CLOUD] BLK:3c71|TX:7.0.0.8|CID:4|TS:19.590|SPD:20.1|HDG:-1.5|PX:391.3|PY:-50.0|...
✓ [CAR 4] ACT=OK REP=0.958 RWD=1.000 PNL=0.000 CREDIT=34
[PASSIVE-BEACON] SIMNOW:19.656 CID:5 ZONE:1 RXUAV:1 EDGEPORT:9998 TS:19.642 SPD:24.600 HDG:-1.700 PX:450.900 PY:-10.000 LAN:1 BRK:0 RX_X:0.000 RX_Y:0.000 RX_Z:0.000
[ZONE-ROUTE] CID:5 zone=1 edge_port=9998
[EDGE-RTT] CID:5 wall=1.0 ms  sim_delay=10.0 ms
>>> [UAV->CLOUD] BLK:f8e8|TX:7.0.0.9|CID:5|TS:19.642|SPD:24.6|HDG:-1.7|PX:450.9|PY:-10.0|...
[ECON-CLAWBACK] CID:5 ACT=WARN prior_payoff=-40.0 extra_penalty=4.8 new_payoff=-44.8
[FORGIVENESS] CID:5 WARN #16 — streak reset, benefits revoked
⚠ [CAR 5] ACT=WARN REP=0.564 RWD=0.000 PNL=4.849 CREDIT=-2
[PASSIVE-BEACON] SIMNOW:19.726 CID:9 ZONE:1 RXUAV:1 EDGEPORT:9998 TS:19.712 SPD:19.800 HDG:0.600 PX:414.400 PY:-50.000 LAN:5 BRK:0 RX_X:0.000 RX_Y:0.000 RX_Z:0.000
[ZONE-ROUTE] CID:9 zone=1 edge_port=9998
[EDGE-RTT] CID:9 wall=1.0 ms  sim_delay=5.0 ms
>>> [UAV->CLOUD] BLK:2e69|TX:7.0.0.13|CID:9|TS:19.712|SPD:19.8|HDG:0.6|PX:414.4|PY:-50.0|...
✓ [CAR 9] ACT=OK REP=0.764 RWD=1.000 PNL=0.000 CREDIT=33
[PASSIVE-BEACON] SIMNOW:19.744 CID:2 ZONE:1 RXUAV:1 EDGEPORT:9998 TS:19.730 SPD:25.400 HDG:-1.900 PX:414.300 PY:-30.000 LAN:3 BRK:0 RX_X:0.000 RX_Y:0.000 RX_Z:0.000
[ZONE-ROUTE] CID:2 zone=1 edge_port=9998
[EDGE-RTT] CID:2 wall=1.0 ms  sim_delay=5.0 ms
>>> [UAV->CLOUD] BLK:5a40|TX:7.0.0.6|CID:2|TS:19.730|SPD:25.4|HDG:-1.9|PX:414.3|PY:-30.0|...
[ECON-CLAWBACK] CID:2 ACT=WARN prior_payoff=-7.0 extra_penalty=2.5 new_payoff=-9.6
[FORGIVENESS] CID:2 WARN #7 — streak reset, benefits revoked
⚠ [CAR 2] ACT=WARN REP=0.713 RWD=0.000 PNL=2.602 CREDIT=-2
[PASSIVE-BEACON] SIMNOW:19.766 CID:6 ZONE:1 RXUAV:1 EDGEPORT:9998 TS:19.752 SPD:24.500 HDG:-1.300 PX:443.800 PY:-20.000 LAN:2 BRK:0 RX_X:0.000 RX_Y:0.000 RX_Z:0.000
[ZONE-ROUTE] CID:6 zone=1 edge_port=9998
[EDGE-RTT] CID:6 wall=1.1 ms  sim_delay=5.0 ms
>>> [UAV->CLOUD] BLK:8e12|TX:7.0.0.10|CID:6|TS:19.752|SPD:24.5|HDG:-1.3|PX:443.8|PY:-20.0...
[ECON-CLAWBACK] CID:6 ACT=WARN prior_payoff=-15.7 extra_penalty=3.2 new_payoff=-19.0
[FORGIVENESS] CID:6 WARN #10 — streak reset, benefits revoked
⚠ [CAR 6] ACT=WARN REP=0.654 RWD=0.000 PNL=3.348 CREDIT=-2
[PASSIVE-BEACON] SIMNOW:19.816 CID:8 ZONE:1 RXUAV:1 EDGEPORT:9998 TS:19.802 SPD:25.400 HDG:0.300 PX:425.900 PY:-40.000 LAN:4 BRK:1 RX_X:0.000 RX_Y:0.000 RX_Z:0.000
[ZONE-ROUTE] CID:8 zone=1 edge_port=9998
[EDGE-RTT] CID:8 wall=1.0 ms  sim_delay=5.0 ms
>>> [UAV->CLOUD] BLK:f64c|TX:7.0.0.12|CID:8|TS:19.802|SPD:25.4|HDG:0.3|PX:425.9|PY:-40.0|...
[ECON-CLAWBACK] CID:8 ACT=WARN prior_payoff=-0.5 extra_penalty=1.8 new_payoff=-2.3
[FORGIVENESS] CID:8 WARN #4 — streak reset, benefits revoked
⚠ [CAR 8] ACT=WARN REP=0.681 RWD=0.000 PNL=1.851 CREDIT=-2
[PASSIVE-BEACON] SIMNOW:19.846 CID:7 ZONE:1 RXUAV:1 EDGEPORT:9998 TS:19.832 SPD:24.600 HDG:-1.900 PX:436.900 PY:-30.000 LAN:3 BRK:0 RX_X:0.000 RX_Y:0.000 RX_Z:0.000
[ZONE-ROUTE] CID:7 zone=1 edge_port=9998
[EDGE-RTT] CID:7 wall=1.2 ms  sim_delay=5.0 ms
>>> [UAV->CLOUD] BLK:7e1e|TX:7.0.0.11|CID:7|TS:19.832|SPD:24.6|HDG:-1.9|PX:436.9|PY:-30.0...
[ECON-CLAWBACK] CID:7 ACT=WARN prior_payoff=-6.9 extra_penalty=2.5 new_payoff=-9.5
[FORGIVENESS] CID:7 WARN #7 — streak reset, benefits revoked
⚠ [CAR 7] ACT=WARN REP=0.782 RWD=0.000 PNL=2.599 CREDIT=-2
[PASSIVE-BEACON] SIMNOW:19.924 CID:0 ZONE:1 RXUAV:1 EDGEPORT:9998 TS:19.910 SPD:24.800 HDG:-0.000 PX:438.100 PY:-10.000 LAN:1 BRK:0 RX_X:0.000 RX_Y:0.000 RX_Z:0.000
[ZONE-ROUTE] CID:0 zone=1 edge_port=9998
[EDGE-RTT] CID:0 wall=1.2 ms  sim_delay=10.0 ms
>>> [UAV->CLOUD] BLK:0fd4|TX:7.0.0.4|CID:0|TS:19.910|SPD:24.8|HDG:-0.0|PX:438.1|PY:-10.0|...
[ECON-CLAWBACK] CID:0 ACT=WARN prior_payoff=-31.1 extra_penalty=4.2 new_payoff=-35.5
[FORGIVENESS] CID:0 WARN #14 — streak reset, benefits revoked
⚠ [CAR 0] ACT=WARN REP=0.691 RWD=0.000 PNL=4.350 CREDIT=-2
[PASSIVE-BEACON] SIMNOW:19.943 CID:3 ZONE:1 RXUAV:1 EDGEPORT:9998 TS:19.930 SPD:25.400 HDG:1.100 PX:409.000 PY:-40.000 LAN:4 BRK:0 RX_X:0.000 RX_Y:0.000 RX_Z:0.000
[ZONE-ROUTE] CID:3 zone=1 edge_port=9998
[EDGE-RTT] CID:3 wall=1.2 ms  sim_delay=5.0 ms
>>> [UAV->CLOUD] BLK:1b68|TX:7.0.0.7|CID:3|TS:19.930|SPD:25.4|HDG:1.1|PX:409.0|PY:-40.0|L...
[ECON-CLAWBACK] CID:3 ACT=WARN prior_payoff=-2.3 extra_penalty=2.0 new_payoff=-4.4
[FORGIVENESS] CID:3 WARN #5 — streak reset, benefits revoked
⚠ [CAR 3] ACT=WARN REP=0.968 RWD=0.000 PNL=2.102 CREDIT=-2
[PASSIVE-BEACON] SIMNOW:20.084 CID:1 ZONE:1 RXUAV:1 EDGEPORT:9998 TS:20.070 SPD:25.100 HDG:0.300 PX:432.700 PY:-20.000 LAN:2 BRK:0 RX_X:0.000 RX_Y:0.000 RX_Z:0.000
[ZONE-ROUTE] CID:1 zone=1 edge_port=9998
[EDGE-RTT] CID:1 wall=1.2 ms  sim_delay=5.0 ms
>>> [UAV->CLOUD] BLK:122c|TX:7.0.0.5|CID:1|TS:20.070|SPD:25.1|HDG:0.3|PX:432.7|PY:-20.0|L...
[ECON-CLAWBACK] CID:1 ACT=WARN prior_payoff=-19.1 extra_penalty=3.5 new_payoff=-22.7
[FORGIVENESS] CID:1 WARN #11 — streak reset, benefits revoked
⚠ [CAR 1] ACT=WARN REP=0.464 RWD=0.000 PNL=3.601 CREDIT=-2
[PASSIVE-BEACON] SIMNOW:20.104 CID:4 ZONE:1 RXUAV:1 EDGEPORT:9998 TS:20.090 SPD:24.700 HDG:0.500 PX:402.700 PY:-50.000 LAN:5 BRK:1 RX_X:0.000 RX_Y:0.000 RX_Z:0.000
[ZONE-ROUTE] CID:4 zone=1 edge_port=9998
[EDGE-RTT] CID:4 wall=1.2 ms  sim_delay=5.0 ms
>>> [UAV->CLOUD] BLK:bf96|TX:7.0.0.8|CID:4|TS:20.090|SPD:24.7|HDG:0.5|PX:402.7|PY:-50.0|L...
✓ [CAR 4] ACT=OK REP=0.839 RWD=0.852 PNL=0.000 CREDIT=35
[PASSIVE-BEACON] SIMNOW:20.156 CID:5 ZONE:1 RXUAV:1 EDGEPORT:9998 TS:20.142 SPD:24.500 HDG:-1.500 PX:464.900 PY:-10.000 LAN:1 BRK:0 RX_X:0.000 RX_Y:0.000 RX_Z:0.000
[ZONE-ROUTE] CID:5 zone=1 edge_port=9998
[EDGE-RTT] CID:5 wall=1.2 ms  sim_delay=10.0 ms
>>> [UAV->CLOUD] BLK:e1de|TX:7.0.0.9|CID:5|TS:20.142|SPD:24.5|HDG:-1.5|PX:464.9|PY:-10.0|...
[ECON-CLAWBACK] CID:5 ACT=WARN prior_payoff=-44.8 extra_penalty=5.0 new_payoff=-49.9
[FORGIVENESS] CID:5 WARN #17 — streak reset, benefits revoked
⚠ [CAR 5] ACT=WARN REP=0.157 RWD=0.000 PNL=5.098 CREDIT=-2
[PASSIVE-BEACON] SIMNOW:20.226 CID:9 ZONE:1 RXUAV:1 EDGEPORT:9998 TS:20.212 SPD:24.800 HDG:-1.600 PX:425.900 PY:-50.000 LAN:5 BRK:0 RX_X:0.000 RX_Y:0.000 RX_Z:0.000
[ZONE-ROUTE] CID:9 zone=1 edge_port=9998
[EDGE-RTT] CID:9 wall=1.0 ms  sim_delay=5.0 ms
>>> [UAV->CLOUD] BLK:eb63|TX:7.0.0.13|CID:9|TS:20.212|SPD:24.8|HDG:-1.6|PX:425.9|PY:-50.0...
✓ [CAR 9] ACT=OK REP=1.000 RWD=0.850 PNL=0.000 CREDIT=34
[PASSIVE-BEACON] SIMNOW:20.244 CID:2 ZONE:1 RXUAV:1 EDGEPORT:9998 TS:20.230 SPD:25.400 HDG:1.600 PX:427.000 PY:-30.000 LAN:3 BRK:0 RX_X:0.000 RX_Y:0.000 RX_Z:0.000
[ZONE-ROUTE] CID:2 zone=1 edge_port=9998
[EDGE-RTT] CID:2 wall=1.0 ms  sim_delay=5.0 ms
>>> [UAV->CLOUD] BLK:5501|TX:7.0.0.6|CID:2|TS:20.230|SPD:25.4|HDG:1.6|PX:427.0|PY:-30.0|L...
[ECON-CLAWBACK] CID:2 ACT=WARN prior_payoff=-9.6 extra_penalty=2.8 new_payoff=-12.5
[FORGIVENESS] CID:2 WARN #8 — streak reset, benefits revoked
⚠ [CAR 2] ACT=WARN REP=0.724 RWD=0.000 PNL=2.852 CREDIT=-2
[PASSIVE-BEACON] SIMNOW:20.266 CID:6 ZONE:1 RXUAV:1 EDGEPORT:9998 TS:20.252 SPD:25.200 HDG:0.500 PX:456.600 PY:-20.000 LAN:2 BRK:0 RX_X:0.000 RX_Y:0.000 RX_Z:0.000
[ZONE-ROUTE] CID:6 zone=1 edge_port=9998
[EDGE-RTT] CID:6 wall=1.0 ms  sim_delay=5.0 ms
>>> [UAV->CLOUD] BLK:e724|TX:7.0.0.10|CID:6|TS:20.252|SPD:25.2|HDG:0.5|PX:456.6|PY:-20.0|...
[ECON-CLAWBACK] CID:6 ACT=WARN prior_payoff=-19.0 extra_penalty=3.5 new_payoff=-22.6
[FORGIVENESS] CID:6 WARN #11 — streak reset, benefits revoked
⚠ [CAR 6] ACT=WARN REP=0.404 RWD=0.000 PNL=3.601 CREDIT=-2
[PASSIVE-BEACON] SIMNOW:20.316 CID:8 ZONE:1 RXUAV:1 EDGEPORT:9998 TS:20.302 SPD:25.300 HDG:-0.800 PX:437.800 PY:-40.000 LAN:4 BRK:0 RX_X:0.000 RX_Y:0.000 RX_Z:0.000
[ZONE-ROUTE] CID:8 zone=1 edge_port=9998
[EDGE-RTT] CID:8 wall=1.1 ms  sim_delay=5.0 ms
>>> [UAV->CLOUD] BLK:b306|TX:7.0.0.12|CID:8|TS:20.302|SPD:25.3|HDG:-0.8|PX:437.8|PY:-40.0...
[ECON-CLAWBACK] CID:8 ACT=WARN prior_payoff=-2.3 extra_penalty=2.0 new_payoff=-4.4
[FORGIVENESS] CID:8 WARN #5 — streak reset, benefits revoked
⚠ [CAR 8] ACT=WARN REP=0.809 RWD=0.000 PNL=2.102 CREDIT=-2
[PASSIVE-BEACON] SIMNOW:20.346 CID:7 ZONE:1 RXUAV:1 EDGEPORT:9998 TS:20.332 SPD:25.300 HDG:-0.900 PX:449.600 PY:-30.000 LAN:3 BRK:0 RX_X:0.000 RX_Y:0.000 RX_Z:0.000
[ZONE-ROUTE] CID:7 zone=1 edge_port=9998
[EDGE-RTT] CID:7 wall=1.2 ms  sim_delay=5.0 ms
>>> [UAV->CLOUD] BLK:3f42|TX:7.0.0.11|CID:7|TS:20.332|SPD:25.3|HDG:-0.9|PX:449.6|PY:-30.0...
[ECON-CLAWBACK] CID:7 ACT=WARN prior_payoff=-9.5 extra_penalty=2.8 new_payoff=-12.4
[FORGIVENESS] CID:7 WARN #8 — streak reset, benefits revoked
⚠ [CAR 7] ACT=WARN REP=0.816 RWD=0.000 PNL=2.852 CREDIT=-2
[PASSIVE-BEACON] SIMNOW:20.424 CID:0 ZONE:1 RXUAV:1 EDGEPORT:9998 TS:20.410 SPD:24.600 HDG:1.800 PX:450.900 PY:-10.000 LAN:1 BRK:0 RX_X:0.000 RX_Y:0.000 RX_Z:0.000
[ZONE-ROUTE] CID:0 zone=1 edge_port=9998
[EDGE-RTT] CID:0 wall=1.2 ms  sim_delay=10.0 ms
>>> [UAV->CLOUD] BLK:64fd|TX:7.0.0.4|CID:0|TS:20.410|SPD:24.6|HDG:1.8|PX:450.9|PY:-10.0|L...
[ECON-CLAWBACK] CID:0 ACT=WARN prior_payoff=-35.5 extra_penalty=4.5 new_payoff=-40.1
[FORGIVENESS] CID:0 WARN #15 — streak reset, benefits revoked
⚠ [CAR 0] ACT=WARN REP=0.513 RWD=0.000 PNL=4.599 CREDIT=-2
[PKT-DROP] UAV dropped telemetry from 7.0.0.7 (drop_rate=5%)
[PASSIVE-BEACON] SIMNOW:20.584 CID:1 ZONE:1 RXUAV:1 EDGEPORT:9998 TS:20.570 SPD:25.200 HDG:0.100 PX:445.000 PY:-20.000 LAN:2 BRK:0 RX_X:0.000 RX_Y:0.000 RX_Z:0.000
[ZONE-ROUTE] CID:1 zone=1 edge_port=9998
[EDGE-RTT] CID:1 wall=1.2 ms  sim_delay=5.0 ms
>>> [UAV->CLOUD] BLK:f2dd|TX:7.0.0.5|CID:1|TS:20.570|SPD:25.2|HDG:0.1|PX:445.0|PY:-20.0|L...
[ECON-CLAWBACK] CID:1 ACT=WARN prior_payoff=-22.7 extra_penalty=3.8 new_payoff=-26.5
[FORGIVENESS] CID:1 WARN #12 — streak reset, benefits revoked
⚠ [CAR 1] ACT=WARN REP=0.684 RWD=0.000 PNL=3.852 CREDIT=-2
[PASSIVE-BEACON] SIMNOW:20.604 CID:4 ZONE:1 RXUAV:1 EDGEPORT:9998 TS:20.590 SPD:25.200 HDG:-1.500 PX:415.700 PY:-50.000 LAN:5 BRK:0 RX_X:0.000 RX_Y:0.000 RX_Z:0.000
[ZONE-ROUTE] CID:4 zone=1 edge_port=9998
[EDGE-RTT] CID:4 wall=1.3 ms  sim_delay=5.0 ms
>>> [UAV->CLOUD] BLK:f8cb|TX:7.0.0.8|CID:4|TS:20.590|SPD:25.2|HDG:-1.5|PX:415.7|PY:-50.0|...
[ECON-CLAWBACK] CID:4 ACT=WARN prior_payoff=38.8 extra_penalty=30.1 new_payoff=8.6
[TRUST-REVOKED] CID:4 benefits revoked logically; lane=5 speed=20.0 latency=10.0ms
[FORGIVENESS] CID:4 WARN #1 — streak reset, benefits revoked
⚠ [CAR 4] ACT=WARN REP=1.000 RWD=0.000 PNL=30.215 CREDIT=34
[PASSIVE-BEACON] SIMNOW:20.656 CID:5 ZONE:1 RXUAV:1 EDGEPORT:9998 TS:20.642 SPD:25.500 HDG:-1.600 PX:477.200 PY:-10.000 LAN:1 BRK:0 RX_X:0.000 RX_Y:0.000 RX_Z:0.000
[ZONE-ROUTE] CID:5 zone=1 edge_port=9998
[EDGE-RTT] CID:5 wall=1.1 ms  sim_delay=10.0 ms
>>> [UAV->CLOUD] BLK:068f|TX:7.0.0.9|CID:5|TS:20.642|SPD:25.5|HDG:-1.6|PX:477.2|PY:-10.0|...
[ECON-CLAWBACK] CID:5 ACT=WARN prior_payoff=-49.9 extra_penalty=5.2 new_payoff=-55.3
[FORGIVENESS] CID:5 WARN #18 — streak reset, benefits revoked
⚠ [CAR 5] ACT=WARN REP=0.561 RWD=0.000 PNL=5.352 CREDIT=-2
[PASSIVE-BEACON] SIMNOW:20.726 CID:9 ZONE:1 RXUAV:1 EDGEPORT:9998 TS:20.712 SPD:25.500 HDG:-1.100 PX:438.200 PY:-50.000 LAN:5 BRK:0 RX_X:0.000 RX_Y:0.000 RX_Z:0.000
[ZONE-ROUTE] CID:9 zone=1 edge_port=9998
[EDGE-RTT] CID:9 wall=1.2 ms  sim_delay=5.0 ms
>>> [UAV->CLOUD] BLK:013d|TX:7.0.0.13|CID:9|TS:20.712|SPD:25.5|HDG:-1.1|PX:438.2|PY:-50.0...
[ECON-CLAWBACK] CID:9 ACT=WARN prior_payoff=37.8 extra_penalty=29.4 new_payoff=8.4
[TRUST-REVOKED] CID:9 benefits revoked logically; lane=5 speed=20.0 latency=10.0ms
[FORGIVENESS] CID:9 WARN #1 — streak reset, benefits revoked
⚠ [CAR 9] ACT=WARN REP=0.911 RWD=0.000 PNL=29.462 CREDIT=33
[PASSIVE-BEACON] SIMNOW:20.744 CID:2 ZONE:1 RXUAV:1 EDGEPORT:9998 TS:20.730 SPD:25.100 HDG:-0.300 PX:439.200 PY:-30.000 LAN:3 BRK:0 RX_X:0.000 RX_Y:0.000 RX_Z:0.000
[ZONE-ROUTE] CID:2 zone=1 edge_port=9998
[EDGE-RTT] CID:2 wall=1.1 ms  sim_delay=5.0 ms
>>> [UAV->CLOUD] BLK:8ed1|TX:7.0.0.6|CID:2|TS:20.730|SPD:25.1|HDG:-0.3|PX:439.2|PY:-30.0|...
[ECON-CLAWBACK] CID:2 ACT=WARN prior_payoff=-12.5 extra_penalty=3.0 new_payoff=-15.6
[FORGIVENESS] CID:2 WARN #9 — streak reset, benefits revoked
⚠ [CAR 2] ACT=WARN REP=0.923 RWD=0.000 PNL=3.102 CREDIT=-2
[PASSIVE-BEACON] SIMNOW:20.766 CID:6 ZONE:1 RXUAV:1 EDGEPORT:9998 TS:20.752 SPD:25.000 HDG:1.200 PX:469.700 PY:-20.000 LAN:2 BRK:0 RX_X:0.000 RX_Y:0.000 RX_Z:0.000
[ZONE-ROUTE] CID:6 zone=1 edge_port=9998
[EDGE-RTT] CID:6 wall=1.1 ms  sim_delay=5.0 ms
>>> [UAV->CLOUD] BLK:b895|TX:7.0.0.10|CID:6|TS:20.752|SPD:25.0|HDG:1.2|PX:469.7|PY:-20.0|...
[ECON-CLAWBACK] CID:6 ACT=WARN prior_payoff=-22.6 extra_penalty=3.8 new_payoff=-26.5
[FORGIVENESS] CID:6 WARN #12 — streak reset, benefits revoked
⚠ [CAR 6] ACT=WARN REP=0.565 RWD=0.000 PNL=3.851 CREDIT=-2
[PASSIVE-BEACON] SIMNOW:20.816 CID:8 ZONE:1 RXUAV:1 EDGEPORT:9998 TS:20.802 SPD:24.500 HDG:-1.000 PX:451.200 PY:-40.000 LAN:4 BRK:0 RX_X:0.000 RX_Y:0.000 RX_Z:0.000
[ZONE-ROUTE] CID:8 zone=1 edge_port=9998
[EDGE-RTT] CID:8 wall=1.1 ms  sim_delay=5.0 ms
>>> [UAV->CLOUD] BLK:24e7|TX:7.0.0.12|CID:8|TS:20.802|SPD:24.5|HDG:-1.0|PX:451.2|PY:-40.0...
[ECON-CLAWBACK] CID:8 ACT=WARN prior_payoff=-4.4 extra_penalty=2.2 new_payoff=-6.8
[FORGIVENESS] CID:8 WARN #6 — streak reset, benefits revoked
⚠ [CAR 8] ACT=WARN REP=0.735 RWD=0.000 PNL=2.348 CREDIT=-2
[PASSIVE-BEACON] SIMNOW:20.846 CID:7 ZONE:1 RXUAV:1 EDGEPORT:9998 TS:20.832 SPD:24.700 HDG:0.500 PX:462.000 PY:-30.000 LAN:3 BRK:1 RX_X:0.000 RX_Y:0.000 RX_Z:0.000
[ZONE-ROUTE] CID:7 zone=1 edge_port=9998
[EDGE-RTT] CID:7 wall=1.3 ms  sim_delay=5.0 ms
>>> [UAV->CLOUD] BLK:b54e|TX:7.0.0.11|CID:7|TS:20.832|SPD:24.7|HDG:0.5|PX:462.0|PY:-30.0|...
[ECON-CLAWBACK] CID:7 ACT=WARN prior_payoff=-12.4 extra_penalty=3.0 new_payoff=-15.5
[FORGIVENESS] CID:7 WARN #9 — streak reset, benefits revoked
⚠ [CAR 7] ACT=WARN REP=0.515 RWD=0.000 PNL=3.099 CREDIT=-2
[PASSIVE-BEACON] SIMNOW:20.924 CID:0 ZONE:1 RXUAV:1 EDGEPORT:9998 TS:20.910 SPD:25.000 HDG:-1.100 PX:463.500 PY:-10.000 LAN:1 BRK:1 RX_X:0.000 RX_Y:0.000 RX_Z:0.000
[ZONE-ROUTE] CID:0 zone=1 edge_port=9998
[EDGE-RTT] CID:0 wall=1.2 ms  sim_delay=10.0 ms
>>> [UAV->CLOUD] BLK:a808|TX:7.0.0.4|CID:0|TS:20.910|SPD:25.0|HDG:-1.1|PX:463.5|PY:-10.0|...
[ECON-CLAWBACK] CID:0 ACT=WARN prior_payoff=-40.1 extra_penalty=4.8 new_payoff=-44.9
[FORGIVENESS] CID:0 WARN #16 — streak reset, benefits revoked
⚠ [CAR 0] ACT=WARN REP=0.331 RWD=0.000 PNL=4.851 CREDIT=-2
[PASSIVE-BEACON] SIMNOW:20.944 CID:3 ZONE:1 RXUAV:1 EDGEPORT:9998 TS:20.930 SPD:24.500 HDG:1.900 PX:433.400 PY:-40.000 LAN:4 BRK:0 RX_X:0.000 RX_Y:0.000 RX_Z:0.000
[ZONE-ROUTE] CID:3 zone=1 edge_port=9998
[EDGE-RTT] CID:3 wall=1.0 ms  sim_delay=5.0 ms
>>> [UAV->CLOUD] BLK:010f|TX:7.0.0.7|CID:3|TS:20.930|SPD:24.5|HDG:1.9|PX:433.4|PY:-40.0|L...
[ECON-CLAWBACK] CID:3 ACT=WARN prior_payoff=-4.4 extra_penalty=2.2 new_payoff=-6.7
[FORGIVENESS] CID:3 WARN #6 — streak reset, benefits revoked
⚠ [CAR 3] ACT=WARN REP=0.752 RWD=0.000 PNL=2.349 CREDIT=-2
[PASSIVE-BEACON] SIMNOW:21.084 CID:1 ZONE:1 RXUAV:1 EDGEPORT:9998 TS:21.070 SPD:25.400 HDG:-1.700 PX:457.700 PY:-20.000 LAN:2 BRK:0 RX_X:0.000 RX_Y:0.000 RX_Z:0.000
[ZONE-ROUTE] CID:1 zone=1 edge_port=9998
[EDGE-RTT] CID:1 wall=5.6 ms  sim_delay=5.0 ms
>>> [UAV->CLOUD] BLK:ee37|TX:7.0.0.5|CID:1|TS:21.070|SPD:25.4|HDG:-1.7|PX:457.7|PY:-20.0|...
[ECON-CLAWBACK] CID:1 ACT=WARN prior_payoff=-26.5 extra_penalty=4.0 new_payoff=-30.6
[FORGIVENESS] CID:1 WARN #13 — streak reset, benefits revoked
⚠ [CAR 1] ACT=WARN REP=0.733 RWD=0.000 PNL=4.102 CREDIT=-2
[PASSIVE-BEACON] SIMNOW:21.104 CID:4 ZONE:1 RXUAV:1 EDGEPORT:9998 TS:21.090 SPD:24.900 HDG:0.300 PX:427.800 PY:-50.000 LAN:5 BRK:0 RX_X:0.000 RX_Y:0.000 RX_Z:0.000
[ZONE-ROUTE] CID:4 zone=1 edge_port=9998
[EDGE-RTT] CID:4 wall=1.3 ms  sim_delay=5.0 ms
>>> [UAV->CLOUD] BLK:c85c|TX:7.0.0.8|CID:4|TS:21.090|SPD:24.9|HDG:0.3|PX:427.8|PY:-50.0|L...
[ECON-CLAWBACK] CID:4 ACT=WARN prior_payoff=8.6 extra_penalty=5.6 new_payoff=3.0
[FORGIVENESS] CID:4 WARN #2 — streak reset, benefits revoked
⚠ [CAR 4] ACT=WARN REP=1.000 RWD=0.000 PNL=5.663 CREDIT=-2
[PASSIVE-BEACON] SIMNOW:21.156 CID:5 ZONE:1 RXUAV:1 EDGEPORT:9998 TS:21.142 SPD:25.400 HDG:1.300 PX:489.700 PY:-10.000 LAN:1 BRK:1 RX_X:0.000 RX_Y:0.000 RX_Z:0.000
[ZONE-ROUTE] CID:5 zone=1 edge_port=9998
[EDGE-RTT] CID:5 wall=1.3 ms  sim_delay=10.0 ms
>>> [UAV->CLOUD] BLK:ad5b|TX:7.0.0.9|CID:5|TS:21.142|SPD:25.4|HDG:1.3|PX:489.7|PY:-10.0|L...
[ECON-CLAWBACK] CID:5 ACT=WARN prior_payoff=-55.3 extra_penalty=5.5 new_payoff=-60.9
[FORGIVENESS] CID:5 WARN #19 — streak reset, benefits revoked
⚠ [CAR 5] ACT=WARN REP=0.247 RWD=0.000 PNL=5.602 CREDIT=-2
[PASSIVE-BEACON] SIMNOW:21.226 CID:9 ZONE:1 RXUAV:1 EDGEPORT:9998 TS:21.212 SPD:24.800 HDG:-1.000 PX:451.600 PY:-50.000 LAN:5 BRK:0 RX_X:0.000 RX_Y:0.000 RX_Z:0.000
[ZONE-ROUTE] CID:9 zone=1 edge_port=9998
[EDGE-RTT] CID:9 wall=1.2 ms  sim_delay=5.0 ms
>>> [UAV->CLOUD] BLK:742c|TX:7.0.0.13|CID:9|TS:21.212|SPD:24.8|HDG:-1.0|PX:451.6|PY:-50.0...
[ECON-CLAWBACK] CID:9 ACT=WARN prior_payoff=8.4 extra_penalty=5.4 new_payoff=2.8
[FORGIVENESS] CID:9 WARN #2 — streak reset, benefits revoked
⚠ [CAR 9] ACT=WARN REP=1.000 RWD=0.000 PNL=5.536 CREDIT=-2
[PASSIVE-BEACON] SIMNOW:21.242 CID:2 ZONE:1 RXUAV:1 EDGEPORT:9998 TS:21.230 SPD:24.800 HDG:1.500 PX:451.400 PY:-30.000 LAN:3 BRK:0 RX_X:0.000 RX_Y:0.000 RX_Z:0.000
[ZONE-ROUTE] CID:2 zone=1 edge_port=9998
[EDGE-RTT] CID:2 wall=1.2 ms  sim_delay=5.0 ms
>>> [UAV->CLOUD] BLK:c04e|TX:7.0.0.6|CID:2|TS:21.230|SPD:24.8|HDG:1.5|PX:451.4|PY:-30.0|L...
[ECON-CLAWBACK] CID:2 ACT=WARN prior_payoff=-15.6 extra_penalty=3.2 new_payoff=-18.9
[FORGIVENESS] CID:2 WARN #10 — streak reset, benefits revoked
⚠ [CAR 2] ACT=WARN REP=0.424 RWD=0.000 PNL=3.350 CREDIT=-2
[PASSIVE-BEACON] SIMNOW:21.264 CID:6 ZONE:1 RXUAV:1 EDGEPORT:9998 TS:21.252 SPD:24.800 HDG:-1.400 PX:482.100 PY:-20.000 LAN:2 BRK:1 RX_X:0.000 RX_Y:0.000 RX_Z:0.000
[ZONE-ROUTE] CID:6 zone=1 edge_port=9998
[EDGE-RTT] CID:6 wall=1.2 ms  sim_delay=5.0 ms
>>> [UAV->CLOUD] BLK:79a3|TX:7.0.0.10|CID:6|TS:21.252|SPD:24.8|HDG:-1.4|PX:482.1|PY:-20.0...
[ECON-CLAWBACK] CID:6 ACT=WARN prior_payoff=-26.5 extra_penalty=4.0 new_payoff=-30.6
[FORGIVENESS] CID:6 WARN #13 — streak reset, benefits revoked
⚠ [CAR 6] ACT=WARN REP=0.383 RWD=0.000 PNL=4.100 CREDIT=-2
[PASSIVE-BEACON] SIMNOW:21.316 CID:8 ZONE:1 RXUAV:1 EDGEPORT:9998 TS:21.302 SPD:24.900 HDG:0.900 PX:462.600 PY:-40.000 LAN:4 BRK:0 RX_X:0.000 RX_Y:0.000 RX_Z:0.000
[ZONE-ROUTE] CID:8 zone=1 edge_port=9998
[EDGE-RTT] CID:8 wall=1.1 ms  sim_delay=5.0 ms
>>> [UAV->CLOUD] BLK:2abe|TX:7.0.0.12|CID:8|TS:21.302|SPD:24.9|HDG:0.9|PX:462.6|PY:-40.0|...
[ECON-CLAWBACK] CID:8 ACT=WARN prior_payoff=-6.8 extra_penalty=2.5 new_payoff=-9.4
[FORGIVENESS] CID:8 WARN #7 — streak reset, benefits revoked
⚠ [CAR 8] ACT=WARN REP=0.797 RWD=0.000 PNL=2.601 CREDIT=-2
[PASSIVE-BEACON] SIMNOW:21.346 CID:7 ZONE:1 RXUAV:1 EDGEPORT:9998 TS:21.332 SPD:24.600 HDG:1.000 PX:473.500 PY:-30.000 LAN:3 BRK:1 RX_X:0.000 RX_Y:0.000 RX_Z:0.000
[ZONE-ROUTE] CID:7 zone=1 edge_port=9998
[EDGE-RTT] CID:7 wall=1.2 ms  sim_delay=5.0 ms
>>> [UAV->CLOUD] BLK:8c11|TX:7.0.0.11|CID:7|TS:21.332|SPD:24.6|HDG:1.0|PX:473.5|PY:-30.0|...
[ECON-CLAWBACK] CID:7 ACT=WARN prior_payoff=-15.5 extra_penalty=3.2 new_payoff=-18.8
[FORGIVENESS] CID:7 WARN #10 — streak reset, benefits revoked
⚠ [CAR 7] ACT=WARN REP=0.643 RWD=0.000 PNL=3.349 CREDIT=-2
[PASSIVE-BEACON] SIMNOW:21.424 CID:0 ZONE:1 RXUAV:1 EDGEPORT:9998 TS:21.410 SPD:24.600 HDG:-0.100 PX:475.700 PY:-10.000 LAN:1 BRK:0 RX_X:0.000 RX_Y:0.000 RX_Z:0.000
[ZONE-ROUTE] CID:0 zone=1 edge_port=9998
[EDGE-RTT] CID:0 wall=1.2 ms  sim_delay=10.0 ms
>>> [UAV->CLOUD] BLK:0846|TX:7.0.0.4|CID:0|TS:21.410|SPD:24.6|HDG:-0.1|PX:475.7|PY:-10.0|...
[ECON-CLAWBACK] CID:0 ACT=WARN prior_payoff=-44.9 extra_penalty=5.0 new_payoff=-50.0
[FORGIVENESS] CID:0 WARN #17 — streak reset, benefits revoked
⚠ [CAR 0] ACT=WARN REP=0.685 RWD=0.000 PNL=5.099 CREDIT=-2
[PASSIVE-BEACON] SIMNOW:21.443 CID:3 ZONE:1 RXUAV:1 EDGEPORT:9998 TS:21.430 SPD:24.700 HDG:0.500 PX:446.700 PY:-40.000 LAN:4 BRK:1 RX_X:0.000 RX_Y:0.000 RX_Z:0.000
[ZONE-ROUTE] CID:3 zone=1 edge_port=9998
[EDGE-RTT] CID:3 wall=1.1 ms  sim_delay=5.0 ms
>>> [UAV->CLOUD] BLK:36d3|TX:7.0.0.7|CID:3|TS:21.430|SPD:24.7|HDG:0.5|PX:446.7|PY:-40.0|L...
[ECON-CLAWBACK] CID:3 ACT=WARN prior_payoff=-6.7 extra_penalty=2.5 new_payoff=-9.3
[FORGIVENESS] CID:3 WARN #7 — streak reset, benefits revoked
⚠ [CAR 3] ACT=WARN REP=1.000 RWD=0.000 PNL=2.600 CREDIT=-2
[PASSIVE-BEACON] SIMNOW:21.584 CID:1 ZONE:1 RXUAV:1 EDGEPORT:9998 TS:21.570 SPD:25.200 HDG:1.000 PX:470.100 PY:-20.000 LAN:2 BRK:0 RX_X:0.000 RX_Y:0.000 RX_Z:0.000
[ZONE-ROUTE] CID:1 zone=1 edge_port=9998
[EDGE-RTT] CID:1 wall=1.4 ms  sim_delay=5.0 ms
>>> [UAV->CLOUD] BLK:ce47|TX:7.0.0.5|CID:1|TS:21.570|SPD:25.2|HDG:1.0|PX:470.1|PY:-20.0|L...
[ECON-CLAWBACK] CID:1 ACT=WARN prior_payoff=-30.6 extra_penalty=4.2 new_payoff=-35.0
[FORGIVENESS] CID:1 WARN #14 — streak reset, benefits revoked
⚠ [CAR 1] ACT=WARN REP=0.361 RWD=0.000 PNL=4.352 CREDIT=-2
[PASSIVE-BEACON] SIMNOW:21.604 CID:4 ZONE:1 RXUAV:1 EDGEPORT:9998 TS:21.590 SPD:24.600 HDG:-1.100 PX:439.600 PY:-50.000 LAN:5 BRK:1 RX_X:0.000 RX_Y:0.000 RX_Z:0.000
[ZONE-ROUTE] CID:4 zone=1 edge_port=9998
[EDGE-RTT] CID:4 wall=1.2 ms  sim_delay=5.0 ms
>>> [UAV->CLOUD] BLK:2d04|TX:7.0.0.8|CID:4|TS:21.590|SPD:24.6|HDG:-1.1|PX:439.6|PY:-50.0|...
[ECON-CLAWBACK] CID:4 ACT=WARN prior_payoff=3.0 extra_penalty=3.0 new_payoff=-0.1
[FORGIVENESS] CID:4 WARN #3 — streak reset, benefits revoked
⚠ [CAR 4] ACT=WARN REP=0.608 RWD=0.000 PNL=3.082 CREDIT=-2
[PASSIVE-BEACON] SIMNOW:21.656 CID:5 ZONE:1 RXUAV:1 EDGEPORT:9998 TS:21.642 SPD:25.300 HDG:2.000 PX:501.500 PY:-10.000 LAN:1 BRK:1 RX_X:0.000 RX_Y:0.000 RX_Z:0.000
[ZONE-ROUTE] CID:5 zone=1 edge_port=9998
[EDGE-RTT] CID:5 wall=1.1 ms  sim_delay=10.0 ms
>>> [UAV->CLOUD] BLK:d3cf|TX:7.0.0.9|CID:5|TS:21.642|SPD:25.3|HDG:2.0|PX:501.5|PY:-10.0|L...
[ECON-CLAWBACK] CID:5 ACT=WARN prior_payoff=-60.9 extra_penalty=5.8 new_payoff=-66.7
[FORGIVENESS] CID:5 WARN #20 — streak reset, benefits revoked
⚠ [CAR 5] ACT=WARN REP=0.366 RWD=0.000 PNL=5.852 CREDIT=-2
[PASSIVE-BEACON] SIMNOW:21.726 CID:9 ZONE:1 RXUAV:1 EDGEPORT:9998 TS:21.712 SPD:25.300 HDG:-2.000 PX:462.900 PY:-50.000 LAN:5 BRK:0 RX_X:0.000 RX_Y:0.000 RX_Z:0.000
[ZONE-ROUTE] CID:9 zone=1 edge_port=9998
[EDGE-RTT] CID:9 wall=1.0 ms  sim_delay=5.0 ms
>>> [UAV->CLOUD] BLK:0b72|TX:7.0.0.13|CID:9|TS:21.712|SPD:25.3|HDG:-2.0|PX:462.9|PY:-50.0...
[ECON-CLAWBACK] CID:9 ACT=WARN prior_payoff=2.8 extra_penalty=2.9 new_payoff=-0.2
[FORGIVENESS] CID:9 WARN #3 — streak reset, benefits revoked
⚠ [CAR 9] ACT=WARN REP=0.684 RWD=0.000 PNL=3.022 CREDIT=-2
[PASSIVE-BEACON] SIMNOW:21.744 CID:2 ZONE:1 RXUAV:1 EDGEPORT:9998 TS:21.730 SPD:24.600 HDG:1.700 PX:463.900 PY:-30.000 LAN:3 BRK:0 RX_X:0.000 RX_Y:0.000 RX_Z:0.000
[ZONE-ROUTE] CID:2 zone=1 edge_port=9998
[EDGE-RTT] CID:2 wall=1.0 ms  sim_delay=5.0 ms
>>> [UAV->CLOUD] BLK:b866|TX:7.0.0.6|CID:2|TS:21.730|SPD:24.6|HDG:1.7|PX:463.9|PY:-30.0|L...
[ECON-CLAWBACK] CID:2 ACT=WARN prior_payoff=-18.9 extra_penalty=3.5 new_payoff=-22.5
[FORGIVENESS] CID:2 WARN #11 — streak reset, benefits revoked
⚠ [CAR 2] ACT=WARN REP=0.856 RWD=0.000 PNL=3.599 CREDIT=-2
[PASSIVE-BEACON] SIMNOW:21.766 CID:6 ZONE:1 RXUAV:1 EDGEPORT:9998 TS:21.752 SPD:24.800 HDG:-1.200 PX:494.000 PY:-20.000 LAN:2 BRK:0 RX_X:0.000 RX_Y:0.000 RX_Z:0.000
[ZONE-ROUTE] CID:6 zone=1 edge_port=9998
[EDGE-RTT] CID:6 wall=1.2 ms  sim_delay=5.0 ms
>>> [UAV->CLOUD] BLK:c87e|TX:7.0.0.10|CID:6|TS:21.752|SPD:24.8|HDG:-1.2|PX:494.0|PY:-20.0...
[ECON-CLAWBACK] CID:6 ACT=WARN prior_payoff=-30.6 extra_penalty=4.2 new_payoff=-34.9
[FORGIVENESS] CID:6 WARN #14 — streak reset, benefits revoked
⚠ [CAR 6] ACT=WARN REP=0.562 RWD=0.000 PNL=4.350 CREDIT=-2
[PASSIVE-BEACON] SIMNOW:21.816 CID:8 ZONE:1 RXUAV:1 EDGEPORT:9998 TS:21.802 SPD:25.200 HDG:-1.700 PX:475.300 PY:-40.000 LAN:4 BRK:0 RX_X:0.000 RX_Y:0.000 RX_Z:0.000
[ZONE-ROUTE] CID:8 zone=1 edge_port=9998
[EDGE-RTT] CID:8 wall=1.2 ms  sim_delay=5.0 ms
>>> [UAV->CLOUD] BLK:8706|TX:7.0.0.12|CID:8|TS:21.802|SPD:25.2|HDG:-1.7|PX:475.3|PY:-40.0...
[ECON-CLAWBACK] CID:8 ACT=WARN prior_payoff=-9.4 extra_penalty=2.8 new_payoff=-12.2
[FORGIVENESS] CID:8 WARN #8 — streak reset, benefits revoked
⚠ [CAR 8] ACT=WARN REP=0.721 RWD=0.000 PNL=2.852 CREDIT=-2
[PASSIVE-BEACON] SIMNOW:21.846 CID:7 ZONE:1 RXUAV:1 EDGEPORT:9998 TS:21.832 SPD:25.100 HDG:1.400 PX:486.800 PY:-30.000 LAN:3 BRK:1 RX_X:0.000 RX_Y:0.000 RX_Z:0.000
[ZONE-ROUTE] CID:7 zone=1 edge_port=9998
[EDGE-RTT] CID:7 wall=0.9 ms  sim_delay=5.0 ms
>>> [UAV->CLOUD] BLK:20ff|TX:7.0.0.11|CID:7|TS:21.832|SPD:25.1|HDG:1.4|PX:486.8|PY:-30.0|...
[ECON-CLAWBACK] CID:7 ACT=WARN prior_payoff=-18.8 extra_penalty=3.5 new_payoff=-22.4
[FORGIVENESS] CID:7 WARN #11 — streak reset, benefits revoked
⚠ [CAR 7] ACT=WARN REP=0.635 RWD=0.000 PNL=3.601 CREDIT=-2
[PASSIVE-BEACON] SIMNOW:21.924 CID:0 ZONE:1 RXUAV:1 EDGEPORT:9998 TS:21.910 SPD:25.000 HDG:-0.200 PX:487.700 PY:-10.000 LAN:1 BRK:0 RX_X:0.000 RX_Y:0.000 RX_Z:0.000
[ZONE-ROUTE] CID:0 zone=1 edge_port=9998
[EDGE-RTT] CID:0 wall=1.1 ms  sim_delay=10.0 ms
>>> [UAV->CLOUD] BLK:61f7|TX:7.0.0.4|CID:0|TS:21.910|SPD:25.0|HDG:-0.2|PX:487.7|PY:-10.0|...
[ECON-CLAWBACK] CID:0 ACT=WARN prior_payoff=-50.0 extra_penalty=5.2 new_payoff=-55.4
[FORGIVENESS] CID:0 WARN #18 — streak reset, benefits revoked
⚠ [CAR 0] ACT=WARN REP=0.447 RWD=0.000 PNL=5.351 CREDIT=-2
[PASSIVE-BEACON] SIMNOW:21.944 CID:3 ZONE:1 RXUAV:1 EDGEPORT:9998 TS:21.930 SPD:24.600 HDG:1.900 PX:458.500 PY:-40.000 LAN:4 BRK:0 RX_X:0.000 RX_Y:0.000 RX_Z:0.000
[ZONE-ROUTE] CID:3 zone=1 edge_port=9998
[EDGE-RTT] CID:3 wall=1.1 ms  sim_delay=5.0 ms
>>> [UAV->CLOUD] BLK:d30e|TX:7.0.0.7|CID:3|TS:21.930|SPD:24.6|HDG:1.9|PX:458.5|PY:-40.0|L...
[ECON-CLAWBACK] CID:3 ACT=WARN prior_payoff=-9.3 extra_penalty=2.8 new_payoff=-12.2
[FORGIVENESS] CID:3 WARN #8 — streak reset, benefits revoked
⚠ [CAR 3] ACT=WARN REP=0.855 RWD=0.000 PNL=2.849 CREDIT=-2
[PKT-DROP] UAV dropped telemetry from 7.0.0.5 (drop_rate=5%)
[PASSIVE-BEACON] SIMNOW:22.104 CID:4 ZONE:1 RXUAV:1 EDGEPORT:9998 TS:22.090 SPD:25.500 HDG:1.800 PX:453.500 PY:-50.000 LAN:5 BRK:0 RX_X:0.000 RX_Y:0.000 RX_Z:0.000
[ZONE-ROUTE] CID:4 zone=1 edge_port=9998
[EDGE-RTT] CID:4 wall=1.3 ms  sim_delay=5.0 ms
>>> [UAV->CLOUD] BLK:2f1b|TX:7.0.0.8|CID:4|TS:22.090|SPD:25.5|HDG:1.8|PX:453.5|PY:-50.0|L...
[ECON-CLAWBACK] CID:4 ACT=WARN prior_payoff=-0.1 extra_penalty=1.8 new_payoff=-2.0
[FORGIVENESS] CID:4 WARN #4 — streak reset, benefits revoked
⚠ [CAR 4] ACT=WARN REP=0.658 RWD=0.000 PNL=1.852 CREDIT=-2
[PASSIVE-BEACON] SIMNOW:22.156 CID:5 ZONE:1 RXUAV:1 EDGEPORT:9998 TS:22.142 SPD:25.500 HDG:1.500 PX:514.600 PY:-10.000 LAN:1 BRK:0 RX_X:0.000 RX_Y:0.000 RX_Z:0.000
[ZONE-ROUTE] CID:5 zone=1 edge_port=9998
[EDGE-RTT] CID:5 wall=1.2 ms  sim_delay=10.0 ms
>>> [UAV->CLOUD] BLK:de61|TX:7.0.0.9|CID:5|TS:22.142|SPD:25.5|HDG:1.5|PX:514.6|PY:-10.0|L...
[ECON-CLAWBACK] CID:5 ACT=WARN prior_payoff=-66.7 extra_penalty=6.0 new_payoff=-72.8
[FORGIVENESS] CID:5 WARN #21 — streak reset, benefits revoked
⚠ [CAR 5] ACT=WARN REP=0.709 RWD=0.000 PNL=6.103 CREDIT=-2
[PASSIVE-BEACON] SIMNOW:22.226 CID:9 ZONE:1 RXUAV:1 EDGEPORT:9998 TS:22.212 SPD:25.300 HDG:-0.700 PX:476.500 PY:-50.000 LAN:5 BRK:1 RX_X:0.000 RX_Y:0.000 RX_Z:0.000
[ZONE-ROUTE] CID:9 zone=1 edge_port=9998
[EDGE-RTT] CID:9 wall=1.3 ms  sim_delay=5.0 ms
>>> [UAV->CLOUD] BLK:0cd0|TX:7.0.0.13|CID:9|TS:22.212|SPD:25.3|HDG:-0.7|PX:476.5|PY:-50.0...
[ECON-CLAWBACK] CID:9 ACT=WARN prior_payoff=-0.2 extra_penalty=1.8 new_payoff=-2.0
[FORGIVENESS] CID:9 WARN #4 — streak reset, benefits revoked
⚠ [CAR 9] ACT=WARN REP=0.576 RWD=0.000 PNL=1.852 CREDIT=-2
[PASSIVE-BEACON] SIMNOW:22.244 CID:2 ZONE:1 RXUAV:1 EDGEPORT:9998 TS:22.230 SPD:24.500 HDG:0.700 PX:477.100 PY:-30.000 LAN:3 BRK:0 RX_X:0.000 RX_Y:0.000 RX_Z:0.000
[ZONE-ROUTE] CID:2 zone=1 edge_port=9998
[EDGE-RTT] CID:2 wall=1.1 ms  sim_delay=5.0 ms
>>> [UAV->CLOUD] BLK:6170|TX:7.0.0.6|CID:2|TS:22.230|SPD:24.5|HDG:0.7|PX:477.1|PY:-30.0|L...
[ECON-CLAWBACK] CID:2 ACT=WARN prior_payoff=-22.5 extra_penalty=3.8 new_payoff=-26.4
[FORGIVENESS] CID:2 WARN #12 — streak reset, benefits revoked
⚠ [CAR 2] ACT=WARN REP=0.666 RWD=0.000 PNL=3.848 CREDIT=-2
[PASSIVE-BEACON] SIMNOW:22.266 CID:6 ZONE:1 RXUAV:1 EDGEPORT:9998 TS:22.252 SPD:25.400 HDG:-0.100 PX:507.200 PY:-20.000 LAN:2 BRK:0 RX_X:0.000 RX_Y:0.000 RX_Z:0.000
[ZONE-ROUTE] CID:6 zone=1 edge_port=9998
[EDGE-RTT] CID:6 wall=1.2 ms  sim_delay=5.0 ms
>>> [UAV->CLOUD] BLK:d003|TX:7.0.0.10|CID:6|TS:22.252|SPD:25.4|HDG:-0.1|PX:507.2|PY:-20.0...
[ECON-CLAWBACK] CID:6 ACT=WARN prior_payoff=-34.9 extra_penalty=4.5 new_payoff=-39.5
[FORGIVENESS] CID:6 WARN #15 — streak reset, benefits revoked
⚠ [CAR 6] ACT=WARN REP=0.542 RWD=0.000 PNL=4.602 CREDIT=-2
[PASSIVE-BEACON] SIMNOW:22.316 CID:8 ZONE:1 RXUAV:1 EDGEPORT:9998 TS:22.302 SPD:24.600 HDG:-1.000 PX:488.200 PY:-40.000 LAN:4 BRK:0 RX_X:0.000 RX_Y:0.000 RX_Z:0.000
[ZONE-ROUTE] CID:8 zone=1 edge_port=9998
[EDGE-RTT] CID:8 wall=1.0 ms  sim_delay=5.0 ms
>>> [UAV->CLOUD] BLK:366b|TX:7.0.0.12|CID:8|TS:22.302|SPD:24.6|HDG:-1.0|PX:488.2|PY:-40.0...
[ECON-CLAWBACK] CID:8 ACT=WARN prior_payoff=-12.2 extra_penalty=3.0 new_payoff=-15.3
[FORGIVENESS] CID:8 WARN #9 — streak reset, benefits revoked
⚠ [CAR 8] ACT=WARN REP=0.643 RWD=0.000 PNL=3.099 CREDIT=-2
[PASSIVE-BEACON] SIMNOW:22.346 CID:7 ZONE:1 RXUAV:1 EDGEPORT:9998 TS:22.332 SPD:24.600 HDG:-1.700 PX:498.600 PY:-30.000 LAN:3 BRK:0 RX_X:0.000 RX_Y:0.000 RX_Z:0.000
[ZONE-ROUTE] CID:7 zone=1 edge_port=9998
[EDGE-RTT] CID:7 wall=1.2 ms  sim_delay=5.0 ms
>>> [UAV->CLOUD] BLK:095f|TX:7.0.0.11|CID:7|TS:22.332|SPD:24.6|HDG:-1.7|PX:498.6|PY:-30.0...
[ECON-CLAWBACK] CID:7 ACT=WARN prior_payoff=-22.4 extra_penalty=3.8 new_payoff=-26.3
[FORGIVENESS] CID:7 WARN #12 — streak reset, benefits revoked
⚠ [CAR 7] ACT=WARN REP=0.896 RWD=0.000 PNL=3.849 CREDIT=-2
[PASSIVE-BEACON] SIMNOW:22.424 CID:0 ZONE:1 RXUAV:1 EDGEPORT:9998 TS:22.410 SPD:24.600 HDG:1.200 PX:500.600 PY:-10.000 LAN:1 BRK:0 RX_X:0.000 RX_Y:0.000 RX_Z:0.000
[ZONE-ROUTE] CID:0 zone=1 edge_port=9998
[EDGE-RTT] CID:0 wall=1.1 ms  sim_delay=10.0 ms
>>> [UAV->CLOUD] BLK:967d|TX:7.0.0.4|CID:0|TS:22.410|SPD:24.6|HDG:1.2|PX:500.6|PY:-10.0|L...
[ECON-CLAWBACK] CID:0 ACT=WARN prior_payoff=-55.4 extra_penalty=5.5 new_payoff=-61.0
[FORGIVENESS] CID:0 WARN #19 — streak reset, benefits revoked
⚠ [CAR 0] ACT=WARN REP=0.117 RWD=0.000 PNL=5.598 CREDIT=-2
[PASSIVE-BEACON] SIMNOW:22.444 CID:3 ZONE:1 RXUAV:1 EDGEPORT:9998 TS:22.430 SPD:25.400 HDG:0.200 PX:472.100 PY:-40.000 LAN:4 BRK:0 RX_X:0.000 RX_Y:0.000 RX_Z:0.000
[ZONE-ROUTE] CID:3 zone=1 edge_port=9998
[EDGE-RTT] CID:3 wall=1.2 ms  sim_delay=5.0 ms
>>> [UAV->CLOUD] BLK:d074|TX:7.0.0.7|CID:3|TS:22.430|SPD:25.4|HDG:0.2|PX:472.1|PY:-40.0|L...
[ECON-CLAWBACK] CID:3 ACT=WARN prior_payoff=-12.2 extra_penalty=3.0 new_payoff=-15.3
[FORGIVENESS] CID:3 WARN #9 — streak reset, benefits revoked
⚠ [CAR 3] ACT=WARN REP=0.895 RWD=0.000 PNL=3.102 CREDIT=-2
[PASSIVE-BEACON] SIMNOW:22.584 CID:1 ZONE:1 RXUAV:1 EDGEPORT:9998 TS:22.570 SPD:24.700 HDG:0.700 PX:495.100 PY:-20.000 LAN:2 BRK:0 RX_X:0.000 RX_Y:0.000 RX_Z:0.000
[ZONE-ROUTE] CID:1 zone=1 edge_port=9998
[EDGE-RTT] CID:1 wall=1.0 ms  sim_delay=5.0 ms
>>> [UAV->CLOUD] BLK:a241|TX:7.0.0.5|CID:1|TS:22.570|SPD:24.7|HDG:0.7|PX:495.1|PY:-20.0|L...
[ECON-CLAWBACK] CID:1 ACT=WARN prior_payoff=-35.0 extra_penalty=4.5 new_payoff=-39.6
[FORGIVENESS] CID:1 WARN #15 — streak reset, benefits revoked
⚠ [CAR 1] ACT=WARN REP=0.648 RWD=0.000 PNL=4.600 CREDIT=-2
[PASSIVE-BEACON] SIMNOW:22.604 CID:4 ZONE:1 RXUAV:1 EDGEPORT:9998 TS:22.590 SPD:24.600 HDG:0.100 PX:464.700 PY:-50.000 LAN:5 BRK:0 RX_X:0.000 RX_Y:0.000 RX_Z:0.000
[ZONE-ROUTE] CID:4 zone=1 edge_port=9998
[EDGE-RTT] CID:4 wall=1.1 ms  sim_delay=5.0 ms
>>> [UAV->CLOUD] BLK:6b35|TX:7.0.0.8|CID:4|TS:22.590|SPD:24.6|HDG:0.1|PX:464.7|PY:-50.0|L...
[ECON-CLAWBACK] CID:4 ACT=WARN prior_payoff=-2.0 extra_penalty=2.0 new_payoff=-4.1
[FORGIVENESS] CID:4 WARN #5 — streak reset, benefits revoked
⚠ [CAR 4] ACT=WARN REP=0.827 RWD=0.000 PNL=2.099 CREDIT=-2
[PKT-DROP] UAV dropped telemetry from 7.0.0.9 (drop_rate=5%)
[PASSIVE-BEACON] SIMNOW:22.726 CID:9 ZONE:1 RXUAV:1 EDGEPORT:9998 TS:22.712 SPD:25.200 HDG:1.900 PX:488.500 PY:-50.000 LAN:5 BRK:0 RX_X:0.000 RX_Y:0.000 RX_Z:0.000
[ZONE-ROUTE] CID:9 zone=1 edge_port=9998
[EDGE-RTT] CID:9 wall=1.1 ms  sim_delay=5.0 ms
>>> [UAV->CLOUD] BLK:d854|TX:7.0.0.13|CID:9|TS:22.712|SPD:25.2|HDG:1.9|PX:488.5|PY:-50.0|...
[ECON-CLAWBACK] CID:9 ACT=WARN prior_payoff=-2.0 extra_penalty=2.0 new_payoff=-4.1
[FORGIVENESS] CID:9 WARN #5 — streak reset, benefits revoked
⚠ [CAR 9] ACT=WARN REP=0.985 RWD=0.000 PNL=2.102 CREDIT=-2
[PKT-DROP] UAV dropped telemetry from 7.0.0.6 (drop_rate=5%)
[PASSIVE-BEACON] SIMNOW:22.765 CID:6 ZONE:1 RXUAV:1 EDGEPORT:9998 TS:22.752 SPD:24.800 HDG:-0.300 PX:518.800 PY:-20.000 LAN:2 BRK:0 RX_X:0.000 RX_Y:0.000 RX_Z:0.000
[ZONE-ROUTE] CID:6 zone=1 edge_port=9998
[EDGE-RTT] CID:6 wall=1.4 ms  sim_delay=5.0 ms
>>> [UAV->CLOUD] BLK:9012|TX:7.0.0.10|CID:6|TS:22.752|SPD:24.8|HDG:-0.3|PX:518.8|PY:-20.0...
[ECON-CLAWBACK] CID:6 ACT=WARN prior_payoff=-39.5 extra_penalty=4.8 new_payoff=-44.4
[FORGIVENESS] CID:6 WARN #16 — streak reset, benefits revoked
⚠ [CAR 6] ACT=WARN REP=0.475 RWD=0.000 PNL=4.850 CREDIT=-2
[PASSIVE-BEACON] SIMNOW:22.816 CID:8 ZONE:1 RXUAV:1 EDGEPORT:9998 TS:22.802 SPD:25.100 HDG:-1.100 PX:500.900 PY:-40.000 LAN:4 BRK:0 RX_X:0.000 RX_Y:0.000 RX_Z:0.000
[ZONE-ROUTE] CID:8 zone=1 edge_port=9998
[EDGE-RTT] CID:8 wall=1.3 ms  sim_delay=5.0 ms
>>> [UAV->CLOUD] BLK:4530|TX:7.0.0.12|CID:8|TS:22.802|SPD:25.1|HDG:-1.1|PX:500.9|PY:-40.0...
[ECON-CLAWBACK] CID:8 ACT=WARN prior_payoff=-15.3 extra_penalty=3.2 new_payoff=-18.7
[FORGIVENESS] CID:8 WARN #10 — streak reset, benefits revoked
⚠ [CAR 8] ACT=WARN REP=0.628 RWD=0.000 PNL=3.351 CREDIT=-2
[PASSIVE-BEACON] SIMNOW:22.846 CID:7 ZONE:1 RXUAV:1 EDGEPORT:9998 TS:22.832 SPD:25.200 HDG:1.900 PX:510.700 PY:-30.000 LAN:3 BRK:1 RX_X:0.000 RX_Y:0.000 RX_Z:0.000
[ZONE-ROUTE] CID:7 zone=1 edge_port=9998
[EDGE-RTT] CID:7 wall=1.3 ms  sim_delay=5.0 ms
>>> [UAV->CLOUD] BLK:0970|TX:7.0.0.11|CID:7|TS:22.832|SPD:25.2|HDG:1.9|PX:510.7|PY:-30.0|...
[ECON-CLAWBACK] CID:7 ACT=WARN prior_payoff=-26.3 extra_penalty=4.0 new_payoff=-30.4
[FORGIVENESS] CID:7 WARN #13 — streak reset, benefits revoked
⚠ [CAR 7] ACT=WARN REP=0.879 RWD=0.000 PNL=4.101 CREDIT=-2
[PKT-DROP] UAV dropped telemetry from 7.0.0.4 (drop_rate=5%)
[PASSIVE-BEACON] SIMNOW:22.944 CID:3 ZONE:1 RXUAV:1 EDGEPORT:9998 TS:22.930 SPD:24.700 HDG:1.000 PX:483.900 PY:-40.000 LAN:4 BRK:0 RX_X:0.000 RX_Y:0.000 RX_Z:0.000
[ZONE-ROUTE] CID:3 zone=1 edge_port=9998
[EDGE-RTT] CID:3 wall=1.2 ms  sim_delay=5.0 ms
>>> [UAV->CLOUD] BLK:ee3c|TX:7.0.0.7|CID:3|TS:22.930|SPD:24.7|HDG:1.0|PX:483.9|PY:-40.0|L...
[ECON-CLAWBACK] CID:3 ACT=WARN prior_payoff=-15.3 extra_penalty=3.2 new_payoff=-18.6
[FORGIVENESS] CID:3 WARN #10 — streak reset, benefits revoked
⚠ [CAR 3] ACT=WARN REP=0.791 RWD=0.000 PNL=3.349 CREDIT=-2
[PASSIVE-BEACON] SIMNOW:23.084 CID:1 ZONE:1 RXUAV:1 EDGEPORT:9998 TS:23.070 SPD:25.500 HDG:1.600 PX:506.600 PY:-20.000 LAN:2 BRK:0 RX_X:0.000 RX_Y:0.000 RX_Z:0.000
[ZONE-ROUTE] CID:1 zone=1 edge_port=9998
[EDGE-RTT] CID:1 wall=1.1 ms  sim_delay=5.0 ms
>>> [UAV->CLOUD] BLK:8d17|TX:7.0.0.5|CID:1|TS:23.070|SPD:25.5|HDG:1.6|PX:506.6|PY:-20.0|L...
[ECON-CLAWBACK] CID:1 ACT=WARN prior_payoff=-39.6 extra_penalty=4.8 new_payoff=-44.4
[FORGIVENESS] CID:1 WARN #16 — streak reset, benefits revoked
⚠ [CAR 1] ACT=WARN REP=0.585 RWD=0.000 PNL=4.852 CREDIT=-2
[PASSIVE-BEACON] SIMNOW:23.104 CID:4 ZONE:1 RXUAV:1 EDGEPORT:9998 TS:23.090 SPD:24.600 HDG:-0.900 PX:477.300 PY:-50.000 LAN:5 BRK:0 RX_X:0.000 RX_Y:0.000 RX_Z:0.000
[ZONE-ROUTE] CID:4 zone=1 edge_port=9998
[EDGE-RTT] CID:4 wall=1.1 ms  sim_delay=5.0 ms
>>> [UAV->CLOUD] BLK:8771|TX:7.0.0.8|CID:4|TS:23.090|SPD:24.6|HDG:-0.9|PX:477.3|PY:-50.0|...
[ECON-CLAWBACK] CID:4 ACT=WARN prior_payoff=-4.1 extra_penalty=2.2 new_payoff=-6.4
[FORGIVENESS] CID:4 WARN #6 — streak reset, benefits revoked
⚠ [CAR 4] ACT=WARN REP=0.796 RWD=0.000 PNL=2.349 CREDIT=-2
[PASSIVE-BEACON] SIMNOW:23.156 CID:5 ZONE:1 RXUAV:1 EDGEPORT:9998 TS:23.142 SPD:24.600 HDG:-0.800 PX:538.600 PY:-10.000 LAN:1 BRK:0 RX_X:0.000 RX_Y:0.000 RX_Z:0.000
[ZONE-ROUTE] CID:5 zone=1 edge_port=9998
[EDGE-RTT] CID:5 wall=1.0 ms  sim_delay=10.0 ms
>>> [UAV->CLOUD] BLK:190c|TX:7.0.0.9|CID:5|TS:23.142|SPD:24.6|HDG:-0.8|PX:538.6|PY:-10.0|...
[ECON-CLAWBACK] CID:5 ACT=WARN prior_payoff=-72.8 extra_penalty=6.2 new_payoff=-79.2
[FORGIVENESS] CID:5 WARN #22 — streak reset, benefits revoked
⚠ [CAR 5] ACT=WARN REP=0.486 RWD=0.000 PNL=6.349 CREDIT=-2
[PASSIVE-BEACON] SIMNOW:23.226 CID:9 ZONE:1 RXUAV:1 EDGEPORT:9998 TS:23.212 SPD:25.400 HDG:1.400 PX:500.200 PY:-50.000 LAN:5 BRK:0 RX_X:0.000 RX_Y:0.000 RX_Z:0.000
[ZONE-ROUTE] CID:9 zone=1 edge_port=9998
[EDGE-RTT] CID:9 wall=1.3 ms  sim_delay=5.0 ms
>>> [UAV->CLOUD] BLK:f86a|TX:7.0.0.13|CID:9|TS:23.212|SPD:25.4|HDG:1.4|PX:500.2|PY:-50.0|...
[ECON-CLAWBACK] CID:9 ACT=WARN prior_payoff=-4.1 extra_penalty=2.2 new_payoff=-6.5
[FORGIVENESS] CID:9 WARN #6 — streak reset, benefits revoked
⚠ [CAR 9] ACT=WARN REP=0.742 RWD=0.000 PNL=2.352 CREDIT=-2
[PASSIVE-BEACON] SIMNOW:23.244 CID:2 ZONE:1 RXUAV:1 EDGEPORT:9998 TS:23.230 SPD:25.400 HDG:-0.000 PX:501.200 PY:-30.000 LAN:3 BRK:0 RX_X:0.000 RX_Y:0.000 RX_Z:0.000
[ZONE-ROUTE] CID:2 zone=1 edge_port=9998
[EDGE-RTT] CID:2 wall=1.0 ms  sim_delay=5.0 ms
>>> [UAV->CLOUD] BLK:b31c|TX:7.0.0.6|CID:2|TS:23.230|SPD:25.4|HDG:-0.0|PX:501.2|PY:-30.0|...
[ECON-CLAWBACK] CID:2 ACT=WARN prior_payoff=-26.4 extra_penalty=4.0 new_payoff=-30.5
[FORGIVENESS] CID:2 WARN #13 — streak reset, benefits revoked
⚠ [CAR 2] ACT=WARN REP=0.877 RWD=0.000 PNL=4.102 CREDIT=-2
[PASSIVE-BEACON] SIMNOW:23.266 CID:6 ZONE:1 RXUAV:1 EDGEPORT:9998 TS:23.252 SPD:25.000 HDG:-1.800 PX:531.900 PY:-20.000 LAN:2 BRK:0 RX_X:0.000 RX_Y:0.000 RX_Z:0.000
[ZONE-ROUTE] CID:6 zone=1 edge_port=9998
[EDGE-RTT] CID:6 wall=1.3 ms  sim_delay=5.0 ms
>>> [UAV->CLOUD] BLK:8f16|TX:7.0.0.10|CID:6|TS:23.252|SPD:25.0|HDG:-1.8|PX:531.9|PY:-20.0...
[ECON-CLAWBACK] CID:6 ACT=WARN prior_payoff=-44.4 extra_penalty=5.0 new_payoff=-49.5
[FORGIVENESS] CID:6 WARN #17 — streak reset, benefits revoked
⚠ [CAR 6] ACT=WARN REP=0.930 RWD=0.000 PNL=5.101 CREDIT=-2
[PASSIVE-BEACON] SIMNOW:23.316 CID:8 ZONE:1 RXUAV:1 EDGEPORT:9998 TS:23.302 SPD:24.700 HDG:0.800 PX:512.800 PY:-40.000 LAN:4 BRK:1 RX_X:0.000 RX_Y:0.000 RX_Z:0.000
[ZONE-ROUTE] CID:8 zone=1 edge_port=9998
[EDGE-RTT] CID:8 wall=1.5 ms  sim_delay=5.0 ms
>>> [UAV->CLOUD] BLK:a5e1|TX:7.0.0.12|CID:8|TS:23.302|SPD:24.7|HDG:0.8|PX:512.8|PY:-40.0|...
[ECON-CLAWBACK] CID:8 ACT=WARN prior_payoff=-18.7 extra_penalty=3.5 new_payoff=-22.3
[FORGIVENESS] CID:8 WARN #11 — streak reset, benefits revoked
⚠ [CAR 8] ACT=WARN REP=0.793 RWD=0.000 PNL=3.599 CREDIT=-2
[PASSIVE-BEACON] SIMNOW:23.346 CID:7 ZONE:1 RXUAV:1 EDGEPORT:9998 TS:23.332 SPD:25.200 HDG:-1.700 PX:524.000 PY:-30.000 LAN:3 BRK:1 RX_X:0.000 RX_Y:0.000 RX_Z:0.000
[ZONE-ROUTE] CID:7 zone=1 edge_port=9998
[EDGE-RTT] CID:7 wall=1.1 ms  sim_delay=5.0 ms
>>> [UAV->CLOUD] BLK:d2ef|TX:7.0.0.11|CID:7|TS:23.332|SPD:25.2|HDG:-1.7|PX:524.0|PY:-30.0...
[ECON-CLAWBACK] CID:7 ACT=WARN prior_payoff=-30.4 extra_penalty=4.2 new_payoff=-34.7
[FORGIVENESS] CID:7 WARN #14 — streak reset, benefits revoked
⚠ [CAR 7] ACT=WARN REP=0.532 RWD=0.000 PNL=4.352 CREDIT=-2
[PASSIVE-BEACON] SIMNOW:23.427 CID:0 ZONE:1 RXUAV:1 EDGEPORT:9998 TS:23.410 SPD:24.700 HDG:-1.100 PX:525.400 PY:-10.000 LAN:1 BRK:0 RX_X:0.000 RX_Y:0.000 RX_Z:0.000
[ZONE-ROUTE] CID:0 zone=1 edge_port=9998
[EDGE-RTT] CID:0 wall=1.3 ms  sim_delay=10.0 ms
>>> [UAV->CLOUD] BLK:1a52|TX:7.0.0.4|CID:0|TS:23.410|SPD:24.7|HDG:-1.1|PX:525.4|PY:-10.0|...
[ECON-CLAWBACK] CID:0 ACT=WARN prior_payoff=-61.0 extra_penalty=5.8 new_payoff=-66.8
[FORGIVENESS] CID:0 WARN #20 — streak reset, benefits revoked
⚠ [CAR 0] ACT=WARN REP=0.469 RWD=0.000 PNL=5.849 CREDIT=-2
[PASSIVE-BEACON] SIMNOW:23.444 CID:3 ZONE:1 RXUAV:1 EDGEPORT:9998 TS:23.430 SPD:25.400 HDG:0.100 PX:497.000 PY:-40.000 LAN:4 BRK:0 RX_X:0.000 RX_Y:0.000 RX_Z:0.000
[ZONE-ROUTE] CID:3 zone=1 edge_port=9998
[EDGE-RTT] CID:3 wall=0.8 ms  sim_delay=5.0 ms
>>> [UAV->CLOUD] BLK:7048|TX:7.0.0.7|CID:3|TS:23.430|SPD:25.4|HDG:0.1|PX:497.0|PY:-40.0|L...
[ECON-CLAWBACK] CID:3 ACT=WARN prior_payoff=-18.6 extra_penalty=3.5 new_payoff=-22.2
[FORGIVENESS] CID:3 WARN #11 — streak reset, benefits revoked
⚠ [CAR 3] ACT=WARN REP=0.728 RWD=0.000 PNL=3.602 CREDIT=-2
[PASSIVE-BEACON] SIMNOW:23.584 CID:1 ZONE:1 RXUAV:1 EDGEPORT:9998 TS:23.570 SPD:24.700 HDG:-0.100 PX:520.100 PY:-20.000 LAN:2 BRK:0 RX_X:0.000 RX_Y:0.000 RX_Z:0.000
[ZONE-ROUTE] CID:1 zone=1 edge_port=9998
[EDGE-RTT] CID:1 wall=1.0 ms  sim_delay=5.0 ms
>>> [UAV->CLOUD] BLK:53ae|TX:7.0.0.5|CID:1|TS:23.570|SPD:24.7|HDG:-0.1|PX:520.1|PY:-20.0|...
[ECON-CLAWBACK] CID:1 ACT=WARN prior_payoff=-44.4 extra_penalty=5.0 new_payoff=-49.5
[FORGIVENESS] CID:1 WARN #17 — streak reset, benefits revoked
⚠ [CAR 1] ACT=WARN REP=0.587 RWD=0.000 PNL=5.100 CREDIT=-2
[PASSIVE-BEACON] SIMNOW:23.604 CID:4 ZONE:1 RXUAV:1 EDGEPORT:9998 TS:23.590 SPD:24.900 HDG:-1.000 PX:490.100 PY:-50.000 LAN:5 BRK:0 RX_X:0.000 RX_Y:0.000 RX_Z:0.000
[ZONE-ROUTE] CID:4 zone=1 edge_port=9998
[EDGE-RTT] CID:4 wall=1.1 ms  sim_delay=5.0 ms
>>> [UAV->CLOUD] BLK:0a40|TX:7.0.0.8|CID:4|TS:23.590|SPD:24.9|HDG:-1.0|PX:490.1|PY:-50.0|...
[ECON-CLAWBACK] CID:4 ACT=WARN prior_payoff=-6.4 extra_penalty=2.5 new_payoff=-9.0
[FORGIVENESS] CID:4 WARN #7 — streak reset, benefits revoked
⚠ [CAR 4] ACT=WARN REP=0.623 RWD=0.000 PNL=2.600 CREDIT=-2
[PASSIVE-BEACON] SIMNOW:23.656 CID:5 ZONE:1 RXUAV:1 EDGEPORT:9998 TS:23.642 SPD:24.700 HDG:-1.100 PX:550.900 PY:-10.000 LAN:1 BRK:0 RX_X:0.000 RX_Y:0.000 RX_Z:0.000
[ZONE-ROUTE] CID:5 zone=1 edge_port=9998
[EDGE-RTT] CID:5 wall=1.2 ms  sim_delay=10.0 ms
>>> [UAV->CLOUD] BLK:866e|TX:7.0.0.9|CID:5|TS:23.642|SPD:24.7|HDG:-1.1|PX:550.9|PY:-10.0|...
[ECON-CLAWBACK] CID:5 ACT=WARN prior_payoff=-79.2 extra_penalty=6.5 new_payoff=-85.8
[FORGIVENESS] CID:5 WARN #23 — streak reset, benefits revoked
⚠ [CAR 5] ACT=WARN REP=0.401 RWD=0.000 PNL=6.600 CREDIT=-2
[PASSIVE-BEACON] SIMNOW:23.726 CID:9 ZONE:1 RXUAV:1 EDGEPORT:9998 TS:23.712 SPD:25.300 HDG:-1.600 PX:513.400 PY:-50.000 LAN:5 BRK:0 RX_X:0.000 RX_Y:0.000 RX_Z:0.000
[ZONE-ROUTE] CID:9 zone=1 edge_port=9998
[EDGE-RTT] CID:9 wall=1.2 ms  sim_delay=5.0 ms
>>> [UAV->CLOUD] BLK:0d36|TX:7.0.0.13|CID:9|TS:23.712|SPD:25.3|HDG:-1.6|PX:513.4|PY:-50.0...
[ECON-CLAWBACK] CID:9 ACT=WARN prior_payoff=-6.5 extra_penalty=2.5 new_payoff=-9.1
[FORGIVENESS] CID:9 WARN #7 — streak reset, benefits revoked
⚠ [CAR 9] ACT=WARN REP=0.877 RWD=0.000 PNL=2.602 CREDIT=-2
[PASSIVE-BEACON] SIMNOW:23.744 CID:2 ZONE:1 RXUAV:1 EDGEPORT:9998 TS:23.730 SPD:24.900 HDG:0.500 PX:513.900 PY:-30.000 LAN:3 BRK:0 RX_X:0.000 RX_Y:0.000 RX_Z:0.000
[ZONE-ROUTE] CID:2 zone=1 edge_port=9998
[EDGE-RTT] CID:2 wall=1.1 ms  sim_delay=5.0 ms
>>> [UAV->CLOUD] BLK:3bbc|TX:7.0.0.6|CID:2|TS:23.730|SPD:24.9|HDG:0.5|PX:513.9|PY:-30.0|L...
[ECON-CLAWBACK] CID:2 ACT=WARN prior_payoff=-30.5 extra_penalty=4.2 new_payoff=-34.8
[FORGIVENESS] CID:2 WARN #14 — streak reset, benefits revoked
⚠ [CAR 2] ACT=WARN REP=0.478 RWD=0.000 PNL=4.350 CREDIT=-2
[PASSIVE-BEACON] SIMNOW:23.766 CID:6 ZONE:1 RXUAV:1 EDGEPORT:9998 TS:23.752 SPD:24.900 HDG:1.500 PX:543.700 PY:-20.000 LAN:2 BRK:0 RX_X:0.000 RX_Y:0.000 RX_Z:0.000
[ZONE-ROUTE] CID:6 zone=1 edge_port=9998
[EDGE-RTT] CID:6 wall=1.2 ms  sim_delay=5.0 ms
>>> [UAV->CLOUD] BLK:7a86|TX:7.0.0.10|CID:6|TS:23.752|SPD:24.9|HDG:1.5|PX:543.7|PY:-20.0|...
[ECON-CLAWBACK] CID:6 ACT=WARN prior_payoff=-49.5 extra_penalty=5.2 new_payoff=-54.8
[FORGIVENESS] CID:6 WARN #18 — streak reset, benefits revoked
⚠ [CAR 6] ACT=WARN REP=0.591 RWD=0.000 PNL=5.351 CREDIT=-2
[PASSIVE-BEACON] SIMNOW:23.816 CID:8 ZONE:1 RXUAV:1 EDGEPORT:9998 TS:23.802 SPD:25.200 HDG:0.600 PX:526.300 PY:-40.000 LAN:4 BRK:0 RX_X:0.000 RX_Y:0.000 RX_Z:0.000
[ZONE-ROUTE] CID:8 zone=1 edge_port=9998
[EDGE-RTT] CID:8 wall=1.3 ms  sim_delay=5.0 ms
>>> [UAV->CLOUD] BLK:b8cf|TX:7.0.0.12|CID:8|TS:23.802|SPD:25.2|HDG:0.6|PX:526.3|PY:-40.0|...
[ECON-CLAWBACK] CID:8 ACT=WARN prior_payoff=-22.3 extra_penalty=3.8 new_payoff=-26.1
[FORGIVENESS] CID:8 WARN #12 — streak reset, benefits revoked
⚠ [CAR 8] ACT=WARN REP=0.728 RWD=0.000 PNL=3.852 CREDIT=-2
[PASSIVE-BEACON] SIMNOW:23.846 CID:7 ZONE:1 RXUAV:1 EDGEPORT:9998 TS:23.832 SPD:25.300 HDG:0.800 PX:536.600 PY:-30.000 LAN:3 BRK:0 RX_X:0.000 RX_Y:0.000 RX_Z:0.000
[ZONE-ROUTE] CID:7 zone=1 edge_port=9998
[EDGE-RTT] CID:7 wall=1.2 ms  sim_delay=5.0 ms
>>> [UAV->CLOUD] BLK:ad3f|TX:7.0.0.11|CID:7|TS:23.832|SPD:25.3|HDG:0.8|PX:536.6|PY:-30.0|...
[ECON-CLAWBACK] CID:7 ACT=WARN prior_payoff=-34.7 extra_penalty=4.5 new_payoff=-39.3
[FORGIVENESS] CID:7 WARN #15 — streak reset, benefits revoked
⚠ [CAR 7] ACT=WARN REP=0.791 RWD=0.000 PNL=4.602 CREDIT=-2
[PASSIVE-BEACON] SIMNOW:23.927 CID:0 ZONE:1 RXUAV:1 EDGEPORT:9998 TS:23.910 SPD:15.500 HDG:-1.100 PX:536.700 PY:-10.000 LAN:1 BRK:1 RX_X:0.000 RX_Y:0.000 RX_Z:0.000
[ZONE-ROUTE] CID:0 zone=1 edge_port=9998
[EDGE-RTT] CID:0 wall=1.1 ms  sim_delay=10.0 ms
>>> [UAV->CLOUD] BLK:5b32|TX:7.0.0.4|CID:0|TS:23.910|SPD:15.5|HDG:-1.1|PX:536.7|PY:-10.0|...
[ECON-GATE] CID:0 probation active - suppressing OK reward 1.0
✓ [CAR 0] ACT=OK REP=0.231 RWD=0.000 PNL=0.000 CREDIT=0
[PKT-DROP] UAV dropped telemetry from 7.0.0.7 (drop_rate=5%)
[PASSIVE-BEACON] SIMNOW:24.084 CID:1 ZONE:1 RXUAV:1 EDGEPORT:9998 TS:24.070 SPD:25.100 HDG:-1.000 PX:532.000 PY:-20.000 LAN:2 BRK:0 RX_X:0.000 RX_Y:0.000 RX_Z:0.000
[ZONE-ROUTE] CID:1 zone=1 edge_port=9998
[EDGE-RTT] CID:1 wall=1.2 ms  sim_delay=5.0 ms
>>> [UAV->CLOUD] BLK:4e7c|TX:7.0.0.5|CID:1|TS:24.070|SPD:25.1|HDG:-1.0|PX:532.0|PY:-20.0|...
[ECON-CLAWBACK] CID:1 ACT=WARN prior_payoff=-49.5 extra_penalty=5.2 new_payoff=-54.9
[FORGIVENESS] CID:1 WARN #18 — streak reset, benefits revoked
⚠ [CAR 1] ACT=WARN REP=0.803 RWD=0.000 PNL=5.351 CREDIT=-2
[PASSIVE-BEACON] SIMNOW:24.104 CID:4 ZONE:1 RXUAV:1 EDGEPORT:9998 TS:24.090 SPD:25.100 HDG:-1.600 PX:502.300 PY:-50.000 LAN:5 BRK:0 RX_X:0.000 RX_Y:0.000 RX_Z:0.000
[ZONE-ROUTE] CID:4 zone=1 edge_port=9998
[EDGE-RTT] CID:4 wall=1.3 ms  sim_delay=5.0 ms
>>> [UAV->CLOUD] BLK:754b|TX:7.0.0.8|CID:4|TS:24.090|SPD:25.1|HDG:-1.6|PX:502.3|PY:-50.0|...
[ECON-CLAWBACK] CID:4 ACT=WARN prior_payoff=-9.0 extra_penalty=2.8 new_payoff=-11.9
[FORGIVENESS] CID:4 WARN #8 — streak reset, benefits revoked
⚠ [CAR 4] ACT=WARN REP=0.824 RWD=0.000 PNL=2.851 CREDIT=-2
[PASSIVE-BEACON] SIMNOW:24.154 CID:5 ZONE:1 RXUAV:1 EDGEPORT:9998 TS:24.142 SPD:14.600 HDG:1.000 PX:560.700 PY:-10.000 LAN:1 BRK:0 RX_X:0.000 RX_Y:0.000 RX_Z:0.000
[ZONE-ROUTE] CID:5 zone=1 edge_port=9998
[EDGE-RTT] CID:5 wall=1.2 ms  sim_delay=10.0 ms
>>> [UAV->CLOUD] BLK:d11b|TX:7.0.0.9|CID:5|TS:24.142|SPD:14.6|HDG:1.0|PX:560.7|PY:-10.0|L...
[ECON-GATE] CID:5 probation active - suppressing OK reward 1.0
✓ [CAR 5] ACT=OK REP=0.241 RWD=0.000 PNL=0.000 CREDIT=0
[PASSIVE-BEACON] SIMNOW:24.226 CID:9 ZONE:1 RXUAV:1 EDGEPORT:9998 TS:24.212 SPD:25.100 HDG:-0.500 PX:526.400 PY:-50.000 LAN:5 BRK:0 RX_X:0.000 RX_Y:0.000 RX_Z:0.000
[ZONE-ROUTE] CID:9 zone=1 edge_port=9998
[EDGE-RTT] CID:9 wall=1.4 ms  sim_delay=5.0 ms
>>> [UAV->CLOUD] BLK:076f|TX:7.0.0.13|CID:9|TS:24.212|SPD:25.1|HDG:-0.5|PX:526.4|PY:-50.0...
[ECON-CLAWBACK] CID:9 ACT=WARN prior_payoff=-9.1 extra_penalty=2.8 new_payoff=-11.9
[FORGIVENESS] CID:9 WARN #8 — streak reset, benefits revoked
⚠ [CAR 9] ACT=WARN REP=1.000 RWD=0.000 PNL=2.852 CREDIT=-2
[PASSIVE-BEACON] SIMNOW:24.243 CID:2 ZONE:1 RXUAV:1 EDGEPORT:9998 TS:24.230 SPD:25.000 HDG:-0.600 PX:526.500 PY:-30.000 LAN:3 BRK:1 RX_X:0.000 RX_Y:0.000 RX_Z:0.000
[ZONE-ROUTE] CID:2 zone=1 edge_port=9998
[EDGE-RTT] CID:2 wall=0.9 ms  sim_delay=5.0 ms
>>> [UAV->CLOUD] BLK:9fa6|TX:7.0.0.6|CID:2|TS:24.230|SPD:25.0|HDG:-0.6|PX:526.5|PY:-30.0|...
[ECON-CLAWBACK] CID:2 ACT=WARN prior_payoff=-34.8 extra_penalty=4.5 new_payoff=-39.4
[FORGIVENESS] CID:2 WARN #15 — streak reset, benefits revoked
⚠ [CAR 2] ACT=WARN REP=0.790 RWD=0.000 PNL=4.601 CREDIT=-2
[PASSIVE-BEACON] SIMNOW:24.266 CID:6 ZONE:1 RXUAV:1 EDGEPORT:9998 TS:24.252 SPD:25.200 HDG:-1.700 PX:556.600 PY:-20.000 LAN:2 BRK:0 RX_X:0.000 RX_Y:0.000 RX_Z:0.000
[ZONE-ROUTE] CID:6 zone=1 edge_port=9998
[EDGE-RTT] CID:6 wall=1.0 ms  sim_delay=5.0 ms
>>> [UAV->CLOUD] BLK:56f3|TX:7.0.0.10|CID:6|TS:24.252|SPD:25.2|HDG:-1.7|PX:556.6|PY:-20.0...
[ECON-CLAWBACK] CID:6 ACT=WARN prior_payoff=-54.8 extra_penalty=5.5 new_payoff=-60.4
[FORGIVENESS] CID:6 WARN #19 — streak reset, benefits revoked
⚠ [CAR 6] ACT=WARN REP=0.558 RWD=0.000 PNL=5.602 CREDIT=-2
[PASSIVE-BEACON] SIMNOW:24.316 CID:8 ZONE:1 RXUAV:1 EDGEPORT:9998 TS:24.302 SPD:25.400 HDG:-1.700 PX:538.700 PY:-40.000 LAN:4 BRK:0 RX_X:0.000 RX_Y:0.000 RX_Z:0.000
[ZONE-ROUTE] CID:8 zone=1 edge_port=9998
[EDGE-RTT] CID:8 wall=1.2 ms  sim_delay=5.0 ms
>>> [UAV->CLOUD] BLK:adc4|TX:7.0.0.12|CID:8|TS:24.302|SPD:25.4|HDG:-1.7|PX:538.7|PY:-40.0...
[ECON-CLAWBACK] CID:8 ACT=WARN prior_payoff=-26.1 extra_penalty=4.0 new_payoff=-30.2
[FORGIVENESS] CID:8 WARN #13 — streak reset, benefits revoked
⚠ [CAR 8] ACT=WARN REP=0.599 RWD=0.000 PNL=4.102 CREDIT=-2
[PASSIVE-BEACON] SIMNOW:24.346 CID:7 ZONE:1 RXUAV:1 EDGEPORT:9998 TS:24.332 SPD:25.000 HDG:-1.600 PX:548.400 PY:-30.000 LAN:3 BRK:0 RX_X:0.000 RX_Y:0.000 RX_Z:0.000
[ZONE-ROUTE] CID:7 zone=1 edge_port=9998
[EDGE-RTT] CID:7 wall=1.0 ms  sim_delay=5.0 ms
>>> [UAV->CLOUD] BLK:0ea6|TX:7.0.0.11|CID:7|TS:24.332|SPD:25.0|HDG:-1.6|PX:548.4|PY:-30.0...
[ECON-CLAWBACK] CID:7 ACT=WARN prior_payoff=-39.3 extra_penalty=4.8 new_payoff=-44.2
[FORGIVENESS] CID:7 WARN #16 — streak reset, benefits revoked
⚠ [CAR 7] ACT=WARN REP=0.371 RWD=0.000 PNL=4.851 CREDIT=-2
[PASSIVE-BEACON] SIMNOW:24.423 CID:0 ZONE:1 RXUAV:1 EDGEPORT:9998 TS:24.410 SPD:14.800 HDG:1.900 PX:544.400 PY:-10.000 LAN:1 BRK:0 RX_X:0.000 RX_Y:0.000 RX_Z:0.000
[ZONE-ROUTE] CID:0 zone=1 edge_port=9998
[EDGE-RTT] CID:0 wall=1.1 ms  sim_delay=10.0 ms
>>> [UAV->CLOUD] BLK:e973|TX:7.0.0.4|CID:0|TS:24.410|SPD:14.8|HDG:1.9|PX:544.4|PY:-10.0|L...
[ECON-GATE] CID:0 probation active - suppressing OK reward 1.0
✓ [CAR 0] ACT=OK REP=0.270 RWD=0.000 PNL=0.000 CREDIT=1
[PKT-DROP] UAV dropped telemetry from 7.0.0.7 (drop_rate=5%)
[PASSIVE-BEACON] SIMNOW:24.584 CID:1 ZONE:1 RXUAV:1 EDGEPORT:9998 TS:24.570 SPD:24.800 HDG:1.700 PX:544.700 PY:-20.000 LAN:2 BRK:1 RX_X:0.000 RX_Y:0.000 RX_Z:0.000
[ZONE-ROUTE] CID:1 zone=1 edge_port=9998
[EDGE-RTT] CID:1 wall=1.2 ms  sim_delay=5.0 ms
>>> [UAV->CLOUD] BLK:5f02|TX:7.0.0.5|CID:1|TS:24.570|SPD:24.8|HDG:1.7|PX:544.7|PY:-20.0|L...
[ECON-CLAWBACK] CID:1 ACT=WARN prior_payoff=-54.9 extra_penalty=5.5 new_payoff=-60.5
[FORGIVENESS] CID:1 WARN #19 — streak reset, benefits revoked
⚠ [CAR 1] ACT=WARN REP=0.462 RWD=0.000 PNL=5.600 CREDIT=-2
[PASSIVE-BEACON] SIMNOW:24.602 CID:4 ZONE:1 RXUAV:1 EDGEPORT:9998 TS:24.590 SPD:25.400 HDG:1.000 PX:515.200 PY:-50.000 LAN:5 BRK:1 RX_X:0.000 RX_Y:0.000 RX_Z:0.000
[ZONE-ROUTE] CID:4 zone=1 edge_port=9998
[EDGE-RTT] CID:4 wall=1.3 ms  sim_delay=5.0 ms
>>> [UAV->CLOUD] BLK:bedf|TX:7.0.0.8|CID:4|TS:24.590|SPD:25.4|HDG:1.0|PX:515.2|PY:-50.0|L...
[ECON-CLAWBACK] CID:4 ACT=WARN prior_payoff=-11.9 extra_penalty=3.0 new_payoff=-15.0
[FORGIVENESS] CID:4 WARN #9 — streak reset, benefits revoked
⚠ [CAR 4] ACT=WARN REP=0.852 RWD=0.000 PNL=3.102 CREDIT=-2
[PASSIVE-BEACON] SIMNOW:24.656 CID:5 ZONE:1 RXUAV:1 EDGEPORT:9998 TS:24.642 SPD:14.600 HDG:-0.100 PX:567.500 PY:-10.000 LAN:1 BRK:0 RX_X:0.000 RX_Y:0.000 RX_Z:0.000
[ZONE-ROUTE] CID:5 zone=1 edge_port=9998
[EDGE-RTT] CID:5 wall=1.0 ms  sim_delay=10.0 ms
>>> [UAV->CLOUD] BLK:c945|TX:7.0.0.9|CID:5|TS:24.642|SPD:14.6|HDG:-0.1|PX:567.5|PY:-10.0|...
[ECON-GATE] CID:5 probation active - suppressing OK reward 1.0
✓ [CAR 5] ACT=OK REP=0.278 RWD=0.000 PNL=0.000 CREDIT=1
[PASSIVE-BEACON] SIMNOW:24.726 CID:9 ZONE:1 RXUAV:1 EDGEPORT:9998 TS:24.712 SPD:24.600 HDG:-1.800 PX:539.100 PY:-50.000 LAN:5 BRK:0 RX_X:0.000 RX_Y:0.000 RX_Z:0.000
[ZONE-ROUTE] CID:9 zone=1 edge_port=9998
[EDGE-RTT] CID:9 wall=1.1 ms  sim_delay=5.0 ms
>>> [UAV->CLOUD] BLK:3a60|TX:7.0.0.13|CID:9|TS:24.712|SPD:24.6|HDG:-1.8|PX:539.1|PY:-50.0...
[ECON-CLAWBACK] CID:9 ACT=WARN prior_payoff=-11.9 extra_penalty=3.0 new_payoff=-15.0
[FORGIVENESS] CID:9 WARN #9 — streak reset, benefits revoked
⚠ [CAR 9] ACT=WARN REP=0.864 RWD=0.000 PNL=3.100 CREDIT=-2
[PASSIVE-BEACON] SIMNOW:24.744 CID:2 ZONE:1 RXUAV:1 EDGEPORT:9998 TS:24.730 SPD:24.700 HDG:-0.400 PX:539.300 PY:-30.000 LAN:3 BRK:0 RX_X:0.000 RX_Y:0.000 RX_Z:0.000
[ZONE-ROUTE] CID:2 zone=1 edge_port=9998
[EDGE-RTT] CID:2 wall=0.9 ms  sim_delay=5.0 ms
>>> [UAV->CLOUD] BLK:8358|TX:7.0.0.6|CID:2|TS:24.730|SPD:24.7|HDG:-0.4|PX:539.3|PY:-30.0|...
[ECON-CLAWBACK] CID:2 ACT=WARN prior_payoff=-39.4 extra_penalty=4.8 new_payoff=-44.3
[FORGIVENESS] CID:2 WARN #16 — streak reset, benefits revoked
⚠ [CAR 2] ACT=WARN REP=0.422 RWD=0.000 PNL=4.850 CREDIT=-2
[PASSIVE-BEACON] SIMNOW:24.766 CID:6 ZONE:1 RXUAV:1 EDGEPORT:9998 TS:24.752 SPD:24.600 HDG:-1.500 PX:569.700 PY:-20.000 LAN:2 BRK:0 RX_X:0.000 RX_Y:0.000 RX_Z:0.000
[ZONE-ROUTE] CID:6 zone=1 edge_port=9998
[EDGE-RTT] CID:6 wall=1.4 ms  sim_delay=5.0 ms
>>> [UAV->CLOUD] BLK:bc2f|TX:7.0.0.10|CID:6|TS:24.752|SPD:24.6|HDG:-1.5|PX:569.7|PY:-20.0...
[ECON-CLAWBACK] CID:6 ACT=WARN prior_payoff=-60.4 extra_penalty=5.8 new_payoff=-66.3
[FORGIVENESS] CID:6 WARN #20 — streak reset, benefits revoked
⚠ [CAR 6] ACT=WARN REP=0.202 RWD=0.000 PNL=5.849 CREDIT=-2
[PASSIVE-BEACON] SIMNOW:24.816 CID:8 ZONE:1 RXUAV:1 EDGEPORT:9998 TS:24.802 SPD:24.800 HDG:0.900 PX:550.300 PY:-40.000 LAN:4 BRK:0 RX_X:0.000 RX_Y:0.000 RX_Z:0.000
[ZONE-ROUTE] CID:8 zone=1 edge_port=9998
[EDGE-RTT] CID:8 wall=1.2 ms  sim_delay=5.0 ms
>>> [UAV->CLOUD] BLK:e494|TX:7.0.0.12|CID:8|TS:24.802|SPD:24.8|HDG:0.9|PX:550.3|PY:-40.0|...
[ECON-CLAWBACK] CID:8 ACT=WARN prior_payoff=-30.2 extra_penalty=4.2 new_payoff=-34.6
[FORGIVENESS] CID:8 WARN #14 — streak reset, benefits revoked
⚠ [CAR 8] ACT=WARN REP=0.783 RWD=0.000 PNL=4.351 CREDIT=-2
[ATTACK-EMIT] CID:7 activeWindow=YES falsified=YES simT=24.832 realPX=561.400 fakePX=561.400 realSPD=25.000 fakeSPD=20.000 realTS=24.832 fakeTS=24.832 lane=3
[PASSIVE-BEACON] SIMNOW:24.846 CID:7 ZONE:1 RXUAV:1 EDGEPORT:9998 TS:24.832 SPD:20.000 HDG:0.000 PX:561.400 PY:-30.000 LAN:3 BRK:0 RX_X:0.000 RX_Y:0.000 RX_Z:0.000
[ZONE-ROUTE] CID:7 zone=1 edge_port=9998
[EDGE-RTT] CID:7 wall=1.2 ms  sim_delay=5.0 ms
>>> [UAV->CLOUD] BLK:9c20|TX:7.0.0.11|CID:7|TS:24.832|SPD:20.0|HDG:0.0|PX:561.4|PY:-30.0|...
[ECON-GATE] CID:7 probation active - suppressing OK reward 1.0
✓ [CAR 7] ACT=OK REP=0.656 RWD=0.000 PNL=0.000 CREDIT=0
[PASSIVE-BEACON] SIMNOW:24.924 CID:0 ZONE:1 RXUAV:1 EDGEPORT:9998 TS:24.910 SPD:14.800 HDG:-0.200 PX:551.400 PY:-10.000 LAN:1 BRK:0 RX_X:0.000 RX_Y:0.000 RX_Z:0.000
[ZONE-ROUTE] CID:0 zone=1 edge_port=9998
[EDGE-RTT] CID:0 wall=1.2 ms  sim_delay=10.0 ms
>>> [UAV->CLOUD] BLK:6496|TX:7.0.0.4|CID:0|TS:24.910|SPD:14.8|HDG:-0.2|PX:551.4|PY:-10.0|...
[ECON-GATE] CID:0 probation active - suppressing OK reward 1.0
✓ [CAR 0] ACT=OK REP=0.530 RWD=0.000 PNL=0.000 CREDIT=2
[PASSIVE-BEACON] SIMNOW:24.944 CID:3 ZONE:1 RXUAV:1 EDGEPORT:9998 TS:24.930 SPD:25.000 HDG:1.400 PX:533.200 PY:-40.000 LAN:4 BRK:0 RX_X:0.000 RX_Y:0.000 RX_Z:0.000
[ZONE-ROUTE] CID:3 zone=1 edge_port=9998
[EDGE-RTT] CID:3 wall=1.3 ms  sim_delay=5.0 ms
>>> [UAV->CLOUD] BLK:c265|TX:7.0.0.7|CID:3|TS:24.930|SPD:25.0|HDG:1.4|PX:533.2|PY:-40.0|L...
[ECON-CLAWBACK] CID:3 ACT=WARN prior_payoff=-22.2 extra_penalty=3.8 new_payoff=-26.1
[FORGIVENESS] CID:3 WARN #12 — streak reset, benefits revoked
⚠ [CAR 3] ACT=WARN REP=0.616 RWD=0.000 PNL=3.851 CREDIT=-2
[LATE-ATTACK] CID:2 POSITION-FLIP at t=25.0s posX=545.6m distToExit=354.4m (threshold=360.0m)
[PASSIVE-BEACON] SIMNOW:25.084 CID:1 ZONE:1 RXUAV:1 EDGEPORT:9998 TS:25.070 SPD:25.300 HDG:1.600 PX:556.700 PY:-20.000 LAN:2 BRK:1 RX_X:0.000 RX_Y:0.000 RX_Z:0.000
[ZONE-ROUTE] CID:1 zone=1 edge_port=9998
[EDGE-RTT] CID:1 wall=1.2 ms  sim_delay=5.0 ms
>>> [UAV->CLOUD] BLK:4eec|TX:7.0.0.5|CID:1|TS:25.070|SPD:25.3|HDG:1.6|PX:556.7|PY:-20.0|L...
[ECON-CLAWBACK] CID:1 ACT=WARN prior_payoff=-60.5 extra_penalty=5.8 new_payoff=-66.3
[FORGIVENESS] CID:1 WARN #20 — streak reset, benefits revoked
⚠ [CAR 1] ACT=WARN REP=0.235 RWD=0.000 PNL=5.852 CREDIT=-2
[PASSIVE-BEACON] SIMNOW:25.104 CID:4 ZONE:1 RXUAV:1 EDGEPORT:9998 TS:25.090 SPD:24.500 HDG:0.900 PX:528.500 PY:-50.000 LAN:5 BRK:1 RX_X:0.000 RX_Y:0.000 RX_Z:0.000
[ZONE-ROUTE] CID:4 zone=1 edge_port=9998
[EDGE-RTT] CID:4 wall=1.0 ms  sim_delay=5.0 ms
>>> [UAV->CLOUD] BLK:d036|TX:7.0.0.8|CID:4|TS:25.090|SPD:24.5|HDG:0.9|PX:528.5|PY:-50.0|L...
[ECON-CLAWBACK] CID:4 ACT=WARN prior_payoff=-15.0 extra_penalty=3.2 new_payoff=-18.3
[FORGIVENESS] CID:4 WARN #10 — streak reset, benefits revoked
⚠ [CAR 4] ACT=WARN REP=1.000 RWD=0.000 PNL=3.349 CREDIT=-2
[PASSIVE-BEACON] SIMNOW:25.156 CID:5 ZONE:1 RXUAV:1 EDGEPORT:9998 TS:25.142 SPD:15.200 HDG:-1.800 PX:576.100 PY:-10.000 LAN:1 BRK:1 RX_X:0.000 RX_Y:0.000 RX_Z:0.000
[ZONE-ROUTE] CID:5 zone=1 edge_port=9998
[EDGE-RTT] CID:5 wall=1.3 ms  sim_delay=10.0 ms
>>> [UAV->CLOUD] BLK:e643|TX:7.0.0.9|CID:5|TS:25.142|SPD:15.2|HDG:-1.8|PX:576.1|PY:-10.0|...
[ECON-GATE] CID:5 probation active - suppressing OK reward 1.0
✓ [CAR 5] ACT=OK REP=0.521 RWD=0.000 PNL=0.000 CREDIT=2
[PASSIVE-BEACON] SIMNOW:25.226 CID:9 ZONE:1 RXUAV:1 EDGEPORT:9998 TS:25.212 SPD:25.200 HDG:2.000 PX:550.200 PY:-50.000 LAN:5 BRK:0 RX_X:0.000 RX_Y:0.000 RX_Z:0.000
[ZONE-ROUTE] CID:9 zone=1 edge_port=9998
[EDGE-RTT] CID:9 wall=1.2 ms  sim_delay=5.0 ms
>>> [UAV->CLOUD] BLK:bd3f|TX:7.0.0.13|CID:9|TS:25.212|SPD:25.2|HDG:2.0|PX:550.2|PY:-50.0|...
[ECON-CLAWBACK] CID:9 ACT=WARN prior_payoff=-15.0 extra_penalty=3.2 new_payoff=-18.4
[FORGIVENESS] CID:9 WARN #10 — streak reset, benefits revoked
⚠ [CAR 9] ACT=WARN REP=0.998 RWD=0.000 PNL=3.352 CREDIT=-2
[PASSIVE-BEACON] SIMNOW:25.244 CID:2 ZONE:1 RXUAV:1 EDGEPORT:9998 TS:25.230 SPD:24.600 HDG:-1.200 PX:552.000 PY:-30.000 LAN:3 BRK:0 RX_X:0.000 RX_Y:0.000 RX_Z:0.000
[ZONE-ROUTE] CID:2 zone=1 edge_port=9998
[EDGE-RTT] CID:2 wall=1.1 ms  sim_delay=5.0 ms
>>> [UAV->CLOUD] BLK:5f26|TX:7.0.0.6|CID:2|TS:25.230|SPD:24.6|HDG:-1.2|PX:552.0|PY:-30.0|...
[ECON-CLAWBACK] CID:2 ACT=WARN prior_payoff=-44.3 extra_penalty=5.0 new_payoff=-49.4
[FORGIVENESS] CID:2 WARN #17 — streak reset, benefits revoked
⚠ [CAR 2] ACT=WARN REP=0.710 RWD=0.000 PNL=5.099 CREDIT=-2
[PASSIVE-BEACON] SIMNOW:25.266 CID:6 ZONE:1 RXUAV:1 EDGEPORT:9998 TS:25.252 SPD:25.200 HDG:-1.800 PX:581.700 PY:-20.000 LAN:2 BRK:0 RX_X:0.000 RX_Y:0.000 RX_Z:0.000
[ZONE-ROUTE] CID:6 zone=1 edge_port=9998
[EDGE-RTT] CID:6 wall=1.1 ms  sim_delay=5.0 ms
>>> [UAV->CLOUD] BLK:b35c|TX:7.0.0.10|CID:6|TS:25.252|SPD:25.2|HDG:-1.8|PX:581.7|PY:-20.0...
[ECON-CLAWBACK] CID:6 ACT=WARN prior_payoff=-66.3 extra_penalty=6.0 new_payoff=-72.4
[FORGIVENESS] CID:6 WARN #21 — streak reset, benefits revoked
⚠ [CAR 6] ACT=WARN REP=0.584 RWD=0.000 PNL=6.102 CREDIT=-2
[ATTACK-EMIT] CID:8 activeWindow=YES falsified=YES simT=25.302 realPX=563.150 fakePX=563.150 realSPD=25.000 fakeSPD=20.000 realTS=25.302 fakeTS=25.302 lane=4
[PASSIVE-BEACON] SIMNOW:25.316 CID:8 ZONE:1 RXUAV:1 EDGEPORT:9998 TS:25.302 SPD:20.000 HDG:0.000 PX:563.200 PY:-40.000 LAN:4 BRK:0 RX_X:0.000 RX_Y:0.000 RX_Z:0.000
[ZONE-ROUTE] CID:8 zone=1 edge_port=9998
[EDGE-RTT] CID:8 wall=1.2 ms  sim_delay=5.0 ms
>>> [UAV->CLOUD] BLK:3993|TX:7.0.0.12|CID:8|TS:25.302|SPD:20.0|HDG:0.0|PX:563.2|PY:-40.0|...
[ECON-GATE] CID:8 probation active - suppressing OK reward 1.0
✓ [CAR 8] ACT=OK REP=0.798 RWD=0.000 PNL=0.000 CREDIT=0
[ATTACK-EMIT] CID:7 activeWindow=YES falsified=YES simT=25.332 realPX=573.900 fakePX=573.900 realSPD=25.000 fakeSPD=20.000 realTS=25.332 fakeTS=25.332 lane=3
[PASSIVE-BEACON] SIMNOW:25.346 CID:7 ZONE:1 RXUAV:1 EDGEPORT:9998 TS:25.332 SPD:20.000 HDG:0.000 PX:573.900 PY:-30.000 LAN:3 BRK:0 RX_X:0.000 RX_Y:0.000 RX_Z:0.000
[ZONE-ROUTE] CID:7 zone=1 edge_port=9998
[EDGE-RTT] CID:7 wall=1.1 ms  sim_delay=5.0 ms
>>> [UAV->CLOUD] BLK:cb17|TX:7.0.0.11|CID:7|TS:25.332|SPD:20.0|HDG:0.0|PX:573.9|PY:-30.0|...
[ECON-GATE] CID:7 probation active - suppressing OK reward 1.0
✓ [CAR 7] ACT=OK REP=0.334 RWD=0.000 PNL=0.000 CREDIT=1
[PASSIVE-BEACON] SIMNOW:25.424 CID:0 ZONE:1 RXUAV:1 EDGEPORT:9998 TS:25.410 SPD:15.400 HDG:0.000 PX:560.000 PY:-10.000 LAN:1 BRK:1 RX_X:0.000 RX_Y:0.000 RX_Z:0.000
[ZONE-ROUTE] CID:0 zone=1 edge_port=9998
[EDGE-RTT] CID:0 wall=1.1 ms  sim_delay=10.0 ms
>>> [UAV->CLOUD] BLK:608c|TX:7.0.0.4|CID:0|TS:25.410|SPD:15.4|HDG:0.0|PX:560.0|PY:-10.0|L...
[ECON-GATE] CID:0 probation active - suppressing OK reward 1.0
✓ [CAR 0] ACT=OK REP=0.732 RWD=0.000 PNL=0.000 CREDIT=3
[PASSIVE-BEACON] SIMNOW:25.444 CID:3 ZONE:1 RXUAV:1 EDGEPORT:9998 TS:25.430 SPD:25.200 HDG:1.100 PX:547.100 PY:-40.000 LAN:4 BRK:0 RX_X:0.000 RX_Y:0.000 RX_Z:0.000
[ZONE-ROUTE] CID:3 zone=1 edge_port=9998
[EDGE-RTT] CID:3 wall=1.4 ms  sim_delay=5.0 ms
>>> [UAV->CLOUD] BLK:983f|TX:7.0.0.7|CID:3|TS:25.430|SPD:25.2|HDG:1.1|PX:547.1|PY:-40.0|L...
[ECON-CLAWBACK] CID:3 ACT=WARN prior_payoff=-26.1 extra_penalty=4.0 new_payoff=-30.2
[FORGIVENESS] CID:3 WARN #13 — streak reset, benefits revoked
⚠ [CAR 3] ACT=WARN REP=0.485 RWD=0.000 PNL=4.102 CREDIT=-2
[ATTACK-EMIT] CID:1 activeWindow=YES falsified=YES simT=25.570 realPX=569.850 fakePX=569.850 realSPD=25.000 fakeSPD=20.000 realTS=25.570 fakeTS=25.570 lane=2
[PASSIVE-BEACON] SIMNOW:25.584 CID:1 ZONE:1 RXUAV:1 EDGEPORT:9998 TS:25.570 SPD:20.000 HDG:0.000 PX:569.900 PY:-20.000 LAN:2 BRK:0 RX_X:0.000 RX_Y:0.000 RX_Z:0.000
[ZONE-ROUTE] CID:1 zone=1 edge_port=9998
[EDGE-RTT] CID:1 wall=1.2 ms  sim_delay=5.0 ms
>>> [UAV->CLOUD] BLK:b447|TX:7.0.0.5|CID:1|TS:25.570|SPD:20.0|HDG:0.0|PX:569.9|PY:-20.0|L...
[ECON-GATE] CID:1 probation active - suppressing OK reward 1.0
✓ [CAR 1] ACT=OK REP=0.735 RWD=0.000 PNL=0.000 CREDIT=0
[PASSIVE-BEACON] SIMNOW:25.604 CID:4 ZONE:1 RXUAV:1 EDGEPORT:9998 TS:25.590 SPD:25.400 HDG:-0.100 PX:541.000 PY:-50.000 LAN:5 BRK:1 RX_X:0.000 RX_Y:0.000 RX_Z:0.000
[ZONE-ROUTE] CID:4 zone=1 edge_port=9998
[EDGE-RTT] CID:4 wall=1.2 ms  sim_delay=5.0 ms
>>> [UAV->CLOUD] BLK:7da1|TX:7.0.0.8|CID:4|TS:25.590|SPD:25.4|HDG:-0.1|PX:541.0|PY:-50.0|...
[ECON-CLAWBACK] CID:4 ACT=WARN prior_payoff=-18.3 extra_penalty=3.5 new_payoff=-21.9
[FORGIVENESS] CID:4 WARN #11 — streak reset, benefits revoked
⚠ [CAR 4] ACT=WARN REP=0.595 RWD=0.000 PNL=3.602 CREDIT=-2
[PASSIVE-BEACON] SIMNOW:25.655 CID:5 ZONE:1 RXUAV:1 EDGEPORT:9998 TS:25.642 SPD:14.800 HDG:-0.800 PX:582.900 PY:-10.000 LAN:1 BRK:0 RX_X:0.000 RX_Y:0.000 RX_Z:0.000
[ZONE-ROUTE] CID:5 zone=1 edge_port=9998
[EDGE-RTT] CID:5 wall=1.1 ms  sim_delay=10.0 ms
>>> [UAV->CLOUD] BLK:6c9b|TX:7.0.0.9|CID:5|TS:25.642|SPD:14.8|HDG:-0.8|PX:582.9|PY:-10.0|...
[ECON-GATE] CID:5 probation active - suppressing OK reward 1.0
✓ [CAR 5] ACT=OK REP=0.550 RWD=0.000 PNL=0.000 CREDIT=3
[PASSIVE-BEACON] SIMNOW:25.726 CID:9 ZONE:1 RXUAV:1 EDGEPORT:9998 TS:25.712 SPD:24.900 HDG:-0.000 PX:563.400 PY:-50.000 LAN:5 BRK:0 RX_X:0.000 RX_Y:0.000 RX_Z:0.000
[ZONE-ROUTE] CID:9 zone=1 edge_port=9998
[EDGE-RTT] CID:9 wall=1.1 ms  sim_delay=5.0 ms
>>> [UAV->CLOUD] BLK:b748|TX:7.0.0.13|CID:9|TS:25.712|SPD:24.9|HDG:-0.0|PX:563.4|PY:-50.0...
[ATTACK-EMIT] CID:2 activeWindow=YES falsified=YES simT=25.730 realPX=563.850 fakePX=563.850 realSPD=25.000 fakeSPD=20.000 realTS=25.730 fakeTS=25.730 lane=3
[ECON-CLAWBACK] CID:9 ACT=WARN prior_payoff=-18.390 extra_penalty=3.500 new_payoff=-21.991
[FORGIVENESS] CID:9 WARN #11 — streak reset, benefits revoked
⚠ [CAR 9] ACT=WARN REP=0.665 RWD=0.000 PNL=3.601 CREDIT=-2
[PASSIVE-BEACON] SIMNOW:25.744 CID:2 ZONE:1 RXUAV:1 EDGEPORT:9998 TS:25.730 SPD:20.000 HDG:0.000 PX:563.900 PY:-30.000 LAN:3 BRK:0 RX_X:0.000 RX_Y:0.000 RX_Z:0.000
[ZONE-ROUTE] CID:2 zone=1 edge_port=9998
[EDGE-RTT] CID:2 wall=1.1 ms  sim_delay=5.0 ms
>>> [UAV->CLOUD] BLK:ebc8|TX:7.0.0.6|CID:2|TS:25.730|SPD:20.0|HDG:0.0|PX:563.9|PY:-30.0|L...
[ECON-GATE] CID:2 probation active - suppressing OK reward 1.0
✓ [CAR 2] ACT=OK REP=0.605 RWD=0.000 PNL=0.000 CREDIT=0
[PASSIVE-BEACON] SIMNOW:25.766 CID:6 ZONE:1 RXUAV:1 EDGEPORT:9998 TS:25.752 SPD:24.800 HDG:-2.000 PX:594.700 PY:-20.000 LAN:2 BRK:0 RX_X:0.000 RX_Y:0.000 RX_Z:0.000
[ZONE-ROUTE] CID:6 zone=1 edge_port=9998
[EDGE-RTT] CID:6 wall=1.1 ms  sim_delay=5.0 ms
>>> [UAV->CLOUD] BLK:02a9|TX:7.0.0.10|CID:6|TS:25.752|SPD:24.8|HDG:-2.0|PX:594.7|PY:-20.0...
[ECON-CLAWBACK] CID:6 ACT=WARN prior_payoff=-72.4 extra_penalty=6.2 new_payoff=-78.7
[FORGIVENESS] CID:6 WARN #22 — streak reset, benefits revoked
⚠ [CAR 6] ACT=WARN REP=0.274 RWD=0.000 PNL=6.350 CREDIT=-2
[ATTACK-EMIT] CID:8 activeWindow=YES falsified=YES simT=25.802 realPX=575.650 fakePX=575.650 realSPD=25.000 fakeSPD=20.000 realTS=25.802 fakeTS=25.802 lane=4
[PASSIVE-BEACON] SIMNOW:25.816 CID:8 ZONE:1 RXUAV:1 EDGEPORT:9998 TS:25.802 SPD:20.000 HDG:0.000 PX:575.700 PY:-40.000 LAN:4 BRK:1 RX_X:0.000 RX_Y:0.000 RX_Z:0.000
[ZONE-ROUTE] CID:8 zone=1 edge_port=9998
[EDGE-RTT] CID:8 wall=1.1 ms  sim_delay=5.0 ms
>>> [UAV->CLOUD] BLK:b083|TX:7.0.0.12|CID:8|TS:25.802|SPD:20.0|HDG:0.0|PX:575.7|PY:-40.0|...
[ECON-GATE] CID:8 probation active - suppressing OK reward 1.0
✓ [CAR 8] ACT=OK REP=0.837 RWD=0.000 PNL=0.000 CREDIT=1
[ATTACK-EMIT] CID:7 activeWindow=YES falsified=YES simT=25.832 realPX=586.400 fakePX=561.190 realSPD=25.000 fakeSPD=20.000 realTS=25.832 fakeTS=25.332 lane=3
[PASSIVE-BEACON] SIMNOW:25.846 CID:7 ZONE:1 RXUAV:1 EDGEPORT:9998 TS:25.332 SPD:20.000 HDG:0.000 PX:561.200 PY:-30.000 LAN:3 BRK:0 RX_X:0.000 RX_Y:0.000 RX_Z:0.000
[ZONE-ROUTE] CID:7 zone=1 edge_port=9998
[EDGE-RTT] CID:7 wall=1.0 ms  sim_delay=5.0 ms
>>> [UAV->CLOUD] BLK:c459|TX:7.0.0.11|CID:7|TS:25.332|SPD:20.0|HDG:0.0|PX:561.2|PY:-30.0|...
[ECON-GATE] CID:7 probation active - suppressing OK reward 0.9
✓ [CAR 7] ACT=OK REP=0.882 RWD=0.000 PNL=0.000 CREDIT=2
[ATTACK-EMIT] CID:0 activeWindow=YES falsified=YES simT=25.910 realPX=566.850 fakePX=566.850 realSPD=15.000 fakeSPD=20.000 realTS=25.910 fakeTS=25.910 lane=1
[PASSIVE-BEACON] SIMNOW:25.926 CID:0 ZONE:1 RXUAV:1 EDGEPORT:9998 TS:25.910 SPD:20.000 HDG:0.000 PX:566.900 PY:-10.000 LAN:1 BRK:0 RX_X:0.000 RX_Y:0.000 RX_Z:0.000
[ZONE-ROUTE] CID:0 zone=1 edge_port=9998
[EDGE-RTT] CID:0 wall=1.2 ms  sim_delay=10.0 ms
>>> [UAV->CLOUD] BLK:6e65|TX:7.0.0.4|CID:0|TS:25.910|SPD:20.0|HDG:0.0|PX:566.9|PY:-10.0|L...
[ECON-GATE] CID:0 probation active - suppressing OK reward 1.0
✓ [CAR 0] ACT=OK REP=0.461 RWD=0.000 PNL=0.000 CREDIT=4
[PASSIVE-BEACON] SIMNOW:25.944 CID:3 ZONE:1 RXUAV:1 EDGEPORT:9998 TS:25.930 SPD:25.200 HDG:-0.800 PX:558.300 PY:-40.000 LAN:4 BRK:0 RX_X:0.000 RX_Y:0.000 RX_Z:0.000
[ZONE-ROUTE] CID:3 zone=1 edge_port=9998
[EDGE-RTT] CID:3 wall=1.1 ms  sim_delay=5.0 ms
>>> [UAV->CLOUD] BLK:4f50|TX:7.0.0.7|CID:3|TS:25.930|SPD:25.2|HDG:-0.8|PX:558.3|PY:-40.0|...
[ECON-CLAWBACK] CID:3 ACT=WARN prior_payoff=-30.2 extra_penalty=4.2 new_payoff=-34.5
[FORGIVENESS] CID:3 WARN #14 — streak reset, benefits revoked
⚠ [CAR 3] ACT=WARN REP=0.874 RWD=0.000 PNL=4.352 CREDIT=-2
[LATE-ATTACK] CID:4 POSITION-FLIP at t=26.0s posX=550.6m distToExit=349.4m (threshold=360.0m)
[ATTACK-EMIT] CID:1 activeWindow=YES falsified=YES simT=26.070 realPX=579.250 fakePX=579.250 realSPD=15.000 fakeSPD=20.000 realTS=26.070 fakeTS=26.070 lane=2
[PASSIVE-BEACON] SIMNOW:26.084 CID:1 ZONE:1 RXUAV:1 EDGEPORT:9998 TS:26.070 SPD:20.000 HDG:0.000 PX:579.300 PY:-20.000 LAN:2 BRK:0 RX_X:0.000 RX_Y:0.000 RX_Z:0.000
[ZONE-ROUTE] CID:1 zone=1 edge_port=9998
[EDGE-RTT] CID:1 wall=1.1 ms  sim_delay=5.0 ms
>>> [UAV->CLOUD] BLK:ad0a|TX:7.0.0.5|CID:1|TS:26.070|SPD:20.0|HDG:0.0|PX:579.3|PY:-20.0|L...
[ECON-GATE] CID:1 probation active - suppressing OK reward 1.0
✓ [CAR 1] ACT=OK REP=0.331 RWD=0.000 PNL=0.000 CREDIT=1
[PASSIVE-BEACON] SIMNOW:26.103 CID:4 ZONE:1 RXUAV:1 EDGEPORT:9998 TS:26.090 SPD:25.500 HDG:1.400 PX:553.100 PY:-50.000 LAN:5 BRK:0 RX_X:0.000 RX_Y:0.000 RX_Z:0.000
[ZONE-ROUTE] CID:4 zone=1 edge_port=9998
[EDGE-RTT] CID:4 wall=1.1 ms  sim_delay=5.0 ms
>>> [UAV->CLOUD] BLK:9008|TX:7.0.0.8|CID:4|TS:26.090|SPD:25.5|HDG:1.4|PX:553.1|PY:-50.0|L...
[ECON-CLAWBACK] CID:4 ACT=WARN prior_payoff=-21.9 extra_penalty=3.8 new_payoff=-25.8
[FORGIVENESS] CID:4 WARN #12 — streak reset, benefits revoked
⚠ [CAR 4] ACT=WARN REP=0.840 RWD=0.000 PNL=3.853 CREDIT=-2
[PASSIVE-BEACON] SIMNOW:26.156 CID:5 ZONE:1 RXUAV:1 EDGEPORT:9998 TS:26.142 SPD:14.900 HDG:-0.300 PX:590.600 PY:-10.000 LAN:1 BRK:1 RX_X:0.000 RX_Y:0.000 RX_Z:0.000
[ZONE-ROUTE] CID:5 zone=1 edge_port=9998
[EDGE-RTT] CID:5 wall=1.2 ms  sim_delay=10.0 ms
>>> [UAV->CLOUD] BLK:6544|TX:7.0.0.9|CID:5|TS:26.142|SPD:14.9|HDG:-0.3|PX:590.6|PY:-10.0|...
[ECON-GATE] CID:5 probation active - suppressing OK reward 1.0
✓ [CAR 5] ACT=OK REP=0.612 RWD=0.000 PNL=0.000 CREDIT=4
[PASSIVE-BEACON] SIMNOW:26.226 CID:9 ZONE:1 RXUAV:1 EDGEPORT:9998 TS:26.212 SPD:25.500 HDG:1.900 PX:575.400 PY:-50.000 LAN:5 BRK:0 RX_X:0.000 RX_Y:0.000 RX_Z:0.000
[ZONE-ROUTE] CID:9 zone=1 edge_port=9998
[EDGE-RTT] CID:9 wall=1.4 ms  sim_delay=5.0 ms
>>> [UAV->CLOUD] BLK:8ccc|TX:7.0.0.13|CID:9|TS:26.212|SPD:25.5|HDG:1.9|PX:575.4|PY:-50.0|...
[ATTACK-EMIT] CID:2 activeWindow=YES falsified=YES simT=26.230 realPX=576.350 fakePX=576.350 realSPD=25.000 fakeSPD=20.000 realTS=26.230 fakeTS=26.230 lane=3
[ECON-CLAWBACK] CID:9 ACT=WARN prior_payoff=-21.991 extra_penalty=3.750 new_payoff=-25.843
[FORGIVENESS] CID:9 WARN #12 — streak reset, benefits revoked
⚠ [CAR 9] ACT=WARN REP=0.533 RWD=0.000 PNL=3.852 CREDIT=-2
[PASSIVE-BEACON] SIMNOW:26.244 CID:2 ZONE:1 RXUAV:1 EDGEPORT:9998 TS:26.230 SPD:20.000 HDG:0.000 PX:576.400 PY:-30.000 LAN:3 BRK:1 RX_X:0.000 RX_Y:0.000 RX_Z:0.000
[ZONE-ROUTE] CID:2 zone=1 edge_port=9998
[EDGE-RTT] CID:2 wall=1.1 ms  sim_delay=5.0 ms
>>> [UAV->CLOUD] BLK:301b|TX:7.0.0.6|CID:2|TS:26.230|SPD:20.0|HDG:0.0|PX:576.4|PY:-30.0|L...
[ECON-GATE] CID:2 probation active - suppressing OK reward 1.0
✓ [CAR 2] ACT=OK REP=0.529 RWD=0.000 PNL=0.000 CREDIT=1
[PASSIVE-BEACON] SIMNOW:26.266 CID:6 ZONE:2 RXUAV:2 EDGEPORT:9996 TS:26.252 SPD:14.900 HDG:0.600 PX:601.500 PY:-20.000 LAN:2 BRK:0 RX_X:0.000 RX_Y:0.000 RX_Z:0.000
[ZONE-ROUTE] CID:6 zone=1 edge_port=9998
[EDGE-RTT] CID:6 wall=1.1 ms  sim_delay=5.0 ms
>>> [UAV->CLOUD] BLK:291b|TX:7.0.0.10|CID:6|TS:26.252|SPD:14.9|HDG:0.6|PX:601.5|PY:-20.0|...
[ECON-GATE] CID:6 probation active - suppressing OK reward 1.0
✓ [CAR 6] ACT=OK REP=0.738 RWD=0.000 PNL=0.000 CREDIT=0
[ATTACK-EMIT] CID:8 activeWindow=YES falsified=YES simT=26.302 realPX=588.150 fakePX=563.264 realSPD=25.000 fakeSPD=20.000 realTS=26.302 fakeTS=25.802 lane=4
[PASSIVE-BEACON] SIMNOW:26.316 CID:8 ZONE:1 RXUAV:1 EDGEPORT:9998 TS:25.802 SPD:20.000 HDG:0.000 PX:563.300 PY:-40.000 LAN:4 BRK:0 RX_X:0.000 RX_Y:0.000 RX_Z:0.000
[ZONE-ROUTE] CID:8 zone=1 edge_port=9998
[EDGE-RTT] CID:8 wall=1.1 ms  sim_delay=5.0 ms
>>> [UAV->CLOUD] BLK:1c8d|TX:7.0.0.12|CID:8|TS:25.802|SPD:20.0|HDG:0.0|PX:563.3|PY:-40.0|...
[ECON-GATE] CID:8 probation active - suppressing OK reward 0.9
✓ [CAR 8] ACT=OK REP=0.355 RWD=0.000 PNL=0.000 CREDIT=2
[ATTACK-EMIT] CID:7 activeWindow=YES falsified=YES simT=26.332 realPX=598.900 fakePX=598.900 realSPD=25.000 fakeSPD=20.000 realTS=26.332 fakeTS=26.332 lane=3
[PASSIVE-BEACON] SIMNOW:26.346 CID:7 ZONE:1 RXUAV:1 EDGEPORT:9998 TS:26.332 SPD:20.000 HDG:0.000 PX:598.900 PY:-30.000 LAN:3 BRK:0 RX_X:0.000 RX_Y:0.000 RX_Z:0.000
[ZONE-ROUTE] CID:7 zone=1 edge_port=9998
[EDGE-RTT] CID:7 wall=1.1 ms  sim_delay=5.0 ms
>>> [UAV->CLOUD] BLK:faee|TX:7.0.0.11|CID:7|TS:26.332|SPD:20.0|HDG:0.0|PX:598.9|PY:-30.0|...
[ECON-GATE] CID:7 probation active - suppressing OK reward 1.0
✓ [CAR 7] ACT=OK REP=0.727 RWD=0.000 PNL=0.000 CREDIT=3
[ATTACK-EMIT] CID:0 activeWindow=YES falsified=YES simT=26.410 realPX=574.350 fakePX=574.350 realSPD=15.000 fakeSPD=20.000 realTS=26.410 fakeTS=26.410 lane=1
[PASSIVE-BEACON] SIMNOW:26.424 CID:0 ZONE:1 RXUAV:1 EDGEPORT:9998 TS:26.410 SPD:20.000 HDG:0.000 PX:574.400 PY:-10.000 LAN:1 BRK:0 RX_X:0.000 RX_Y:0.000 RX_Z:0.000
[ZONE-ROUTE] CID:0 zone=1 edge_port=9998
[EDGE-RTT] CID:0 wall=1.0 ms  sim_delay=10.0 ms
>>> [UAV->CLOUD] BLK:6cff|TX:7.0.0.4|CID:0|TS:26.410|SPD:20.0|HDG:0.0|PX:574.4|PY:-10.0|L...
[ATTACK-EMIT] CID:3 activeWindow=YES falsified=YES simT=26.430 realPX=571.350 fakePX=571.350 realSPD=25.000 fakeSPD=20.000 realTS=26.430 fakeTS=26.430 lane=4
[ECON-GATE] CID:0 probation active - suppressing OK reward 1.000
✓ [CAR 0] ACT=OK REP=0.324 RWD=0.000 PNL=0.000 CREDIT=5
[PKT-DROP] UAV dropped telemetry from 7.0.0.7 (drop_rate=5%)
[ATTACK-EMIT] CID:1 activeWindow=YES falsified=YES simT=26.570 realPX=586.750 fakePX=569.676 realSPD=15.000 fakeSPD=20.000 realTS=26.570 fakeTS=26.070 lane=2
[PASSIVE-BEACON] SIMNOW:26.584 CID:1 ZONE:1 RXUAV:1 EDGEPORT:9998 TS:26.070 SPD:20.000 HDG:0.000 PX:569.700 PY:-20.000 LAN:2 BRK:0 RX_X:0.000 RX_Y:0.000 RX_Z:0.000
[ZONE-ROUTE] CID:1 zone=1 edge_port=9998
[EDGE-RTT] CID:1 wall=0.9 ms  sim_delay=5.0 ms
>>> [UAV->CLOUD] BLK:a72b|TX:7.0.0.5|CID:1|TS:26.070|SPD:20.0|HDG:0.0|PX:569.7|PY:-20.0|L...
[ATTACK-EMIT] CID:4 activeWindow=YES falsified=YES simT=26.590 realPX=565.350 fakePX=565.350 realSPD=25.000 fakeSPD=20.000 realTS=26.590 fakeTS=26.590 lane=5
[ECON-GATE] CID:1 probation active - suppressing OK reward 0.867
✓ [CAR 1] ACT=OK REP=0.522 RWD=0.000 PNL=0.000 CREDIT=2
[PASSIVE-BEACON] SIMNOW:26.604 CID:4 ZONE:1 RXUAV:1 EDGEPORT:9998 TS:26.590 SPD:20.000 HDG:0.000 PX:565.400 PY:-50.000 LAN:5 BRK:0 RX_X:0.000 RX_Y:0.000 RX_Z:0.000
[ZONE-ROUTE] CID:4 zone=1 edge_port=9998
[EDGE-RTT] CID:4 wall=1.0 ms  sim_delay=5.0 ms
>>> [UAV->CLOUD] BLK:0189|TX:7.0.0.8|CID:4|TS:26.590|SPD:20.0|HDG:0.0|PX:565.4|PY:-50.0|L...
[ECON-GATE] CID:4 probation active - suppressing OK reward 1.0
✓ [CAR 4] ACT=OK REP=0.718 RWD=0.000 PNL=0.000 CREDIT=0
[PASSIVE-BEACON] SIMNOW:26.656 CID:5 ZONE:1 RXUAV:1 EDGEPORT:9998 TS:26.642 SPD:14.800 HDG:0.100 PX:597.500 PY:-10.000 LAN:1 BRK:0 RX_X:0.000 RX_Y:0.000 RX_Z:0.000
[ZONE-ROUTE] CID:5 zone=1 edge_port=9998
[EDGE-RTT] CID:5 wall=1.3 ms  sim_delay=10.0 ms
>>> [UAV->CLOUD] BLK:0ee7|TX:7.0.0.9|CID:5|TS:26.642|SPD:14.8|HDG:0.1|PX:597.5|PY:-10.0|L...
[ECON-GATE] CID:5 probation active - suppressing OK reward 1.0
✓ [CAR 5] ACT=OK REP=0.577 RWD=0.000 PNL=0.000 CREDIT=5
[PASSIVE-BEACON] SIMNOW:26.726 CID:9 ZONE:1 RXUAV:1 EDGEPORT:9998 TS:26.712 SPD:25.200 HDG:-1.800 PX:589.100 PY:-50.000 LAN:5 BRK:0 RX_X:0.000 RX_Y:0.000 RX_Z:0.000
[ZONE-ROUTE] CID:9 zone=1 edge_port=9998
[EDGE-RTT] CID:9 wall=1.2 ms  sim_delay=5.0 ms
>>> [UAV->CLOUD] BLK:6d41|TX:7.0.0.13|CID:9|TS:26.712|SPD:25.2|HDG:-1.8|PX:589.1|PY:-50.0...
[ATTACK-EMIT] CID:2 activeWindow=YES falsified=YES simT=26.730 realPX=588.850 fakePX=564.132 realSPD=25.000 fakeSPD=20.000 realTS=26.730 fakeTS=26.230 lane=3
[ECON-CLAWBACK] CID:9 ACT=WARN prior_payoff=-25.843 extra_penalty=4.000 new_payoff=-29.945
[FORGIVENESS] CID:9 WARN #13 — streak reset, benefits revoked
⚠ [CAR 9] ACT=WARN REP=0.710 RWD=0.000 PNL=4.102 CREDIT=-2
[PASSIVE-BEACON] SIMNOW:26.744 CID:2 ZONE:1 RXUAV:1 EDGEPORT:9998 TS:26.230 SPD:20.000 HDG:0.000 PX:564.100 PY:-30.000 LAN:3 BRK:0 RX_X:0.000 RX_Y:0.000 RX_Z:0.000
[ZONE-ROUTE] CID:2 zone=1 edge_port=9998
[EDGE-RTT] CID:2 wall=1.1 ms  sim_delay=5.0 ms
>>> [UAV->CLOUD] BLK:e311|TX:7.0.0.6|CID:2|TS:26.230|SPD:20.0|HDG:0.0|PX:564.1|PY:-30.0|L...
[ECON-GATE] CID:2 probation active - suppressing OK reward 0.9
✓ [CAR 2] ACT=OK REP=0.383 RWD=0.000 PNL=0.000 CREDIT=2
[PASSIVE-BEACON] SIMNOW:26.766 CID:6 ZONE:2 RXUAV:2 EDGEPORT:9996 TS:26.752 SPD:14.700 HDG:0.800 PX:609.700 PY:-20.000 LAN:2 BRK:0 RX_X:0.000 RX_Y:0.000 RX_Z:0.000
[ZONE-ROUTE] CID:6 zone=1 edge_port=9998
[EDGE-RTT] CID:6 wall=1.0 ms  sim_delay=5.0 ms
>>> [UAV->CLOUD] BLK:1252|TX:7.0.0.10|CID:6|TS:26.752|SPD:14.7|HDG:0.8|PX:609.7|PY:-20.0|...
[ECON-GATE] CID:6 probation active - suppressing OK reward 1.0
✓ [CAR 6] ACT=OK REP=0.710 RWD=0.000 PNL=0.000 CREDIT=1
[ATTACK-EMIT] CID:8 activeWindow=YES falsified=YES simT=26.802 realPX=600.650 fakePX=600.650 realSPD=25.000 fakeSPD=20.000 realTS=26.802 fakeTS=26.802 lane=4
[PASSIVE-BEACON] SIMNOW:26.816 CID:8 ZONE:2 RXUAV:2 EDGEPORT:9996 TS:26.802 SPD:20.000 HDG:0.000 PX:600.700 PY:-40.000 LAN:4 BRK:0 RX_X:0.000 RX_Y:0.000 RX_Z:0.000
[ZONE-ROUTE] CID:8 zone=1 edge_port=9998
[EDGE-RTT] CID:8 wall=1.1 ms  sim_delay=5.0 ms
>>> [UAV->CLOUD] BLK:1d9d|TX:7.0.0.12|CID:8|TS:26.802|SPD:20.0|HDG:0.0|PX:600.7|PY:-40.0|...
[ECON-GATE] CID:8 probation active - suppressing OK reward 1.0
✓ [CAR 8] ACT=OK REP=0.692 RWD=0.000 PNL=0.000 CREDIT=3
[ATTACK-EMIT] CID:7 activeWindow=YES falsified=YES simT=26.832 realPX=611.400 fakePX=611.400 realSPD=25.000 fakeSPD=20.000 realTS=26.832 fakeTS=26.832 lane=3
[PASSIVE-BEACON] SIMNOW:26.846 CID:7 ZONE:2 RXUAV:2 EDGEPORT:9996 TS:26.832 SPD:20.000 HDG:0.000 PX:611.400 PY:-30.000 LAN:3 BRK:0 RX_X:0.000 RX_Y:0.000 RX_Z:0.000
[ZONE-ROUTE] CID:7 zone=1 edge_port=9998
[EDGE-RTT] CID:7 wall=1.2 ms  sim_delay=5.0 ms
>>> [UAV->CLOUD] BLK:4912|TX:7.0.0.11|CID:7|TS:26.832|SPD:20.0|HDG:0.0|PX:611.4|PY:-30.0|...
[ECON-GATE] CID:7 probation active - suppressing OK reward 1.0
✓ [CAR 7] ACT=OK REP=0.893 RWD=0.000 PNL=0.000 CREDIT=4
[ATTACK-EMIT] CID:0 activeWindow=YES falsified=YES simT=26.910 realPX=581.850 fakePX=566.760 realSPD=15.000 fakeSPD=20.000 realTS=26.910 fakeTS=26.410 lane=1
[PASSIVE-BEACON] SIMNOW:26.924 CID:0 ZONE:1 RXUAV:1 EDGEPORT:9998 TS:26.410 SPD:20.000 HDG:0.000 PX:566.800 PY:-10.000 LAN:1 BRK:0 RX_X:0.000 RX_Y:0.000 RX_Z:0.000
[ZONE-ROUTE] CID:0 zone=1 edge_port=9998
[EDGE-RTT] CID:0 wall=1.1 ms  sim_delay=10.0 ms
>>> [UAV->CLOUD] BLK:c4b0|TX:7.0.0.4|CID:0|TS:26.410|SPD:20.0|HDG:0.0|PX:566.8|PY:-10.0|L...
[ATTACK-EMIT] CID:3 activeWindow=YES falsified=YES simT=26.930 realPX=583.850 fakePX=583.850 realSPD=25.000 fakeSPD=20.000 realTS=26.930 fakeTS=26.930 lane=4
[ECON-GATE] CID:0 probation active - suppressing OK reward 0.890
✓ [CAR 0] ACT=OK REP=0.496 RWD=0.000 PNL=0.000 CREDIT=6
[PASSIVE-BEACON] SIMNOW:26.944 CID:3 ZONE:1 RXUAV:1 EDGEPORT:9998 TS:26.930 SPD:20.000 HDG:0.000 PX:583.900 PY:-40.000 LAN:4 BRK:0 RX_X:0.000 RX_Y:0.000 RX_Z:0.000
[ZONE-ROUTE] CID:3 zone=1 edge_port=9998
[EDGE-RTT] CID:3 wall=1.1 ms  sim_delay=5.0 ms
>>> [UAV->CLOUD] BLK:6874|TX:7.0.0.7|CID:3|TS:26.930|SPD:20.0|HDG:0.0|PX:583.9|PY:-40.0|L...
[ECON-GATE] CID:3 probation active - suppressing OK reward 1.0
✓ [CAR 3] ACT=OK REP=0.598 RWD=0.000 PNL=0.000 CREDIT=0
[ATTACK-EMIT] CID:1 activeWindow=YES falsified=YES simT=27.070 realPX=594.250 fakePX=594.250 realSPD=15.000 fakeSPD=20.000 realTS=27.070 fakeTS=27.070 lane=2
[PASSIVE-BEACON] SIMNOW:27.084 CID:1 ZONE:1 RXUAV:1 EDGEPORT:9998 TS:27.070 SPD:20.000 HDG:0.000 PX:594.300 PY:-20.000 LAN:2 BRK:0 RX_X:0.000 RX_Y:0.000 RX_Z:0.000
[ZONE-ROUTE] CID:1 zone=1 edge_port=9998
[EDGE-RTT] CID:1 wall=0.9 ms  sim_delay=5.0 ms
>>> [UAV->CLOUD] BLK:1ff8|TX:7.0.0.5|CID:1|TS:27.070|SPD:20.0|HDG:0.0|PX:594.3|PY:-20.0|L...
[ATTACK-EMIT] CID:4 activeWindow=YES falsified=YES simT=27.090 realPX=577.850 fakePX=577.850 realSPD=25.000 fakeSPD=20.000 realTS=27.090 fakeTS=27.090 lane=5
[ECON-GATE] CID:1 probation active - suppressing OK reward 1.000
✓ [CAR 1] ACT=OK REP=0.831 RWD=0.000 PNL=0.000 CREDIT=3
[PASSIVE-BEACON] SIMNOW:27.104 CID:4 ZONE:1 RXUAV:1 EDGEPORT:9998 TS:27.090 SPD:20.000 HDG:0.000 PX:577.900 PY:-50.000 LAN:5 BRK:0 RX_X:0.000 RX_Y:0.000 RX_Z:0.000
[ZONE-ROUTE] CID:4 zone=1 edge_port=9998
[EDGE-RTT] CID:4 wall=0.8 ms  sim_delay=5.0 ms
>>> [UAV->CLOUD] BLK:25af|TX:7.0.0.8|CID:4|TS:27.090|SPD:20.0|HDG:0.0|PX:577.9|PY:-50.0|L...
[ECON-GATE] CID:4 probation active - suppressing OK reward 1.0
✓ [CAR 4] ACT=OK REP=0.858 RWD=0.000 PNL=0.000 CREDIT=1
[PKT-DROP] UAV dropped telemetry from 7.0.0.9 (drop_rate=5%)
[PASSIVE-BEACON] SIMNOW:27.226 CID:9 ZONE:2 RXUAV:2 EDGEPORT:9996 TS:27.212 SPD:25.100 HDG:0.100 PX:601.300 PY:-50.000 LAN:5 BRK:0 RX_X:0.000 RX_Y:0.000 RX_Z:0.000
[ZONE-ROUTE] CID:9 zone=1 edge_port=9998
[EDGE-RTT] CID:9 wall=1.1 ms  sim_delay=5.0 ms
>>> [UAV->CLOUD] BLK:66d8|TX:7.0.0.13|CID:9|TS:27.212|SPD:25.1|HDG:0.1|PX:601.3|PY:-50.0|...
[ATTACK-EMIT] CID:2 activeWindow=YES falsified=YES simT=27.230 realPX=601.350 fakePX=601.350 realSPD=25.000 fakeSPD=20.000 realTS=27.230 fakeTS=27.230 lane=3
[ECON-CLAWBACK] CID:9 ACT=WARN prior_payoff=-29.945 extra_penalty=4.250 new_payoff=-34.297
[FORGIVENESS] CID:9 WARN #14 — streak reset, benefits revoked
⚠ [CAR 9] ACT=WARN REP=0.685 RWD=0.000 PNL=4.352 CREDIT=-2
[PASSIVE-BEACON] SIMNOW:27.244 CID:2 ZONE:2 RXUAV:2 EDGEPORT:9996 TS:27.230 SPD:20.000 HDG:0.000 PX:601.400 PY:-30.000 LAN:3 BRK:0 RX_X:0.000 RX_Y:0.000 RX_Z:0.000
[ZONE-ROUTE] CID:2 zone=1 edge_port=9998
[EDGE-RTT] CID:2 wall=1.3 ms  sim_delay=5.0 ms
>>> [UAV->CLOUD] BLK:85eb|TX:7.0.0.6|CID:2|TS:27.230|SPD:20.0|HDG:0.0|PX:601.4|PY:-30.0|L...
[ECON-GATE] CID:2 probation active - suppressing OK reward 1.0
✓ [CAR 2] ACT=OK REP=0.648 RWD=0.000 PNL=0.000 CREDIT=3
[PASSIVE-BEACON] SIMNOW:27.266 CID:6 ZONE:2 RXUAV:2 EDGEPORT:9996 TS:27.252 SPD:15.100 HDG:0.500 PX:617.300 PY:-20.000 LAN:2 BRK:0 RX_X:0.000 RX_Y:0.000 RX_Z:0.000
[ZONE-ROUTE] CID:6 zone=1 edge_port=9998
[EDGE-RTT] CID:6 wall=1.1 ms  sim_delay=5.0 ms
>>> [UAV->CLOUD] BLK:8471|TX:7.0.0.10|CID:6|TS:27.252|SPD:15.1|HDG:0.5|PX:617.3|PY:-20.0|...
[ECON-GATE] CID:6 probation active - suppressing OK reward 1.0
✓ [CAR 6] ACT=OK REP=0.347 RWD=0.000 PNL=0.000 CREDIT=2
[ATTACK-EMIT] CID:8 activeWindow=YES falsified=YES simT=27.302 realPX=613.150 fakePX=613.150 realSPD=25.000 fakeSPD=20.000 realTS=27.302 fakeTS=27.302 lane=4
[PASSIVE-BEACON] SIMNOW:27.316 CID:8 ZONE:2 RXUAV:2 EDGEPORT:9996 TS:27.302 SPD:20.000 HDG:0.000 PX:613.200 PY:-40.000 LAN:4 BRK:0 RX_X:0.000 RX_Y:0.000 RX_Z:0.000
[ZONE-ROUTE] CID:8 zone=1 edge_port=9998
[EDGE-RTT] CID:8 wall=1.2 ms  sim_delay=5.0 ms
>>> [UAV->CLOUD] BLK:5d53|TX:7.0.0.12|CID:8|TS:27.302|SPD:20.0|HDG:0.0|PX:613.2|PY:-40.0|...
[ECON-GATE] CID:8 probation active - suppressing OK reward 1.0
✓ [CAR 8] ACT=OK REP=0.766 RWD=0.000 PNL=0.000 CREDIT=4
[ATTACK-EMIT] CID:7 activeWindow=YES falsified=YES simT=27.332 realPX=623.900 fakePX=561.460 realSPD=25.000 fakeSPD=20.000 realTS=27.332 fakeTS=26.832 lane=3
[PASSIVE-BEACON] SIMNOW:27.346 CID:7 ZONE:1 RXUAV:1 EDGEPORT:9998 TS:26.832 SPD:20.000 HDG:0.000 PX:561.500 PY:-30.000 LAN:3 BRK:0 RX_X:0.000 RX_Y:0.000 RX_Z:0.000
[ZONE-ROUTE] CID:7 zone=1 edge_port=9998
[EDGE-RTT] CID:7 wall=1.1 ms  sim_delay=5.0 ms
>>> [UAV->CLOUD] BLK:a52a|TX:7.0.0.11|CID:7|TS:26.832|SPD:20.0|HDG:0.0|PX:561.5|PY:-30.0|...
[ECON-CLAWBACK] CID:7 ACT=WARN prior_payoff=-44.2 extra_penalty=5.0 new_payoff=-49.3
[FORGIVENESS] CID:7 WARN #17 — streak reset, benefits revoked
⚠ [CAR 7] ACT=WARN REP=0.842 RWD=0.000 PNL=5.081 CREDIT=3
[ATTACK-EMIT] CID:0 activeWindow=YES falsified=YES simT=27.410 realPX=589.350 fakePX=589.350 realSPD=15.000 fakeSPD=20.000 realTS=27.410 fakeTS=27.410 lane=1
[PASSIVE-BEACON] SIMNOW:27.424 CID:0 ZONE:1 RXUAV:1 EDGEPORT:9998 TS:27.410 SPD:20.000 HDG:0.000 PX:589.400 PY:-10.000 LAN:1 BRK:0 RX_X:0.000 RX_Y:0.000 RX_Z:0.000
[ZONE-ROUTE] CID:0 zone=1 edge_port=9998
[EDGE-RTT] CID:0 wall=1.1 ms  sim_delay=10.0 ms
>>> [UAV->CLOUD] BLK:c469|TX:7.0.0.4|CID:0|TS:27.410|SPD:20.0|HDG:0.0|PX:589.4|PY:-10.0|L...
[ATTACK-EMIT] CID:3 activeWindow=YES falsified=YES simT=27.430 realPX=596.350 fakePX=571.566 realSPD=25.000 fakeSPD=20.000 realTS=27.430 fakeTS=26.930 lane=4
[ECON-GATE] CID:0 probation active - suppressing OK reward 1.000
✓ [CAR 0] ACT=OK REP=0.442 RWD=0.000 PNL=0.000 CREDIT=7
[PASSIVE-BEACON] SIMNOW:27.447 CID:3 ZONE:1 RXUAV:1 EDGEPORT:9998 TS:26.930 SPD:20.000 HDG:0.000 PX:571.600 PY:-40.000 LAN:4 BRK:0 RX_X:0.000 RX_Y:0.000 RX_Z:0.000
[ZONE-ROUTE] CID:3 zone=1 edge_port=9998
[EDGE-RTT] CID:3 wall=1.2 ms  sim_delay=5.0 ms
>>> [UAV->CLOUD] BLK:77d2|TX:7.0.0.7|CID:3|TS:26.930|SPD:20.0|HDG:0.0|PX:571.6|PY:-40.0|L...
[ECON-GATE] CID:3 probation active - suppressing OK reward 0.9
✓ [CAR 3] ACT=OK REP=0.830 RWD=0.000 PNL=0.000 CREDIT=1
[ATTACK-EMIT] CID:1 activeWindow=YES falsified=YES simT=27.570 realPX=601.750 fakePX=601.750 realSPD=15.000 fakeSPD=20.000 realTS=27.570 fakeTS=27.570 lane=2
[PASSIVE-BEACON] SIMNOW:27.584 CID:1 ZONE:2 RXUAV:2 EDGEPORT:9996 TS:27.570 SPD:20.000 HDG:0.000 PX:601.800 PY:-20.000 LAN:2 BRK:1 RX_X:0.000 RX_Y:0.000 RX_Z:0.000
[ZONE-ROUTE] CID:1 zone=1 edge_port=9998
[EDGE-RTT] CID:1 wall=1.3 ms  sim_delay=5.0 ms
>>> [UAV->CLOUD] BLK:b777|TX:7.0.0.5|CID:1|TS:27.570|SPD:20.0|HDG:0.0|PX:601.8|PY:-20.0|L...
[ATTACK-EMIT] CID:4 activeWindow=YES falsified=YES simT=27.590 realPX=590.350 fakePX=565.152 realSPD=25.000 fakeSPD=20.000 realTS=27.590 fakeTS=27.090 lane=5
[ECON-GATE] CID:1 probation active - suppressing OK reward 1.000
✓ [CAR 1] ACT=OK REP=0.279 RWD=0.000 PNL=0.000 CREDIT=4
[PASSIVE-BEACON] SIMNOW:27.603 CID:4 ZONE:1 RXUAV:1 EDGEPORT:9998 TS:27.090 SPD:20.000 HDG:0.000 PX:565.200 PY:-50.000 LAN:5 BRK:0 RX_X:0.000 RX_Y:0.000 RX_Z:0.000
[ZONE-ROUTE] CID:4 zone=1 edge_port=9998
[EDGE-RTT] CID:4 wall=1.1 ms  sim_delay=5.0 ms
>>> [UAV->CLOUD] BLK:1362|TX:7.0.0.8|CID:4|TS:27.090|SPD:20.0|HDG:0.0|PX:565.2|PY:-50.0|L...
[ECON-GATE] CID:4 probation active - suppressing OK reward 0.9
✓ [CAR 4] ACT=OK REP=0.719 RWD=0.000 PNL=0.000 CREDIT=2
[PASSIVE-BEACON] SIMNOW:27.656 CID:5 ZONE:2 RXUAV:2 EDGEPORT:9996 TS:27.642 SPD:15.100 HDG:1.400 PX:613.400 PY:-10.000 LAN:1 BRK:0 RX_X:0.000 RX_Y:0.000 RX_Z:0.000
[ZONE-ROUTE] CID:5 zone=1 edge_port=9998
[EDGE-RTT] CID:5 wall=1.0 ms  sim_delay=10.0 ms
>>> [UAV->CLOUD] BLK:6732|TX:7.0.0.9|CID:5|TS:27.642|SPD:15.1|HDG:1.4|PX:613.4|PY:-10.0|L...
[ECON-GATE] CID:5 probation active - suppressing OK reward 1.0
✓ [CAR 5] ACT=OK REP=0.459 RWD=0.000 PNL=0.000 CREDIT=6
[PASSIVE-BEACON] SIMNOW:27.726 CID:9 ZONE:2 RXUAV:2 EDGEPORT:9996 TS:27.712 SPD:24.800 HDG:0.200 PX:612.700 PY:-50.000 LAN:5 BRK:1 RX_X:0.000 RX_Y:0.000 RX_Z:0.000
[ZONE-ROUTE] CID:9 zone=1 edge_port=9998
[EDGE-RTT] CID:9 wall=1.1 ms  sim_delay=5.0 ms
>>> [UAV->CLOUD] BLK:7009|TX:7.0.0.13|CID:9|TS:27.712|SPD:24.8|HDG:0.2|PX:612.7|PY:-50.0|...
[ATTACK-EMIT] CID:2 activeWindow=YES falsified=YES simT=27.730 realPX=613.850 fakePX=613.850 realSPD=25.000 fakeSPD=20.000 realTS=27.730 fakeTS=27.730 lane=3
[ECON-CLAWBACK] CID:9 ACT=WARN prior_payoff=-34.297 extra_penalty=4.500 new_payoff=-38.898
[FORGIVENESS] CID:9 WARN #15 — streak reset, benefits revoked
⚠ [CAR 9] ACT=WARN REP=0.561 RWD=0.000 PNL=4.601 CREDIT=-2
[PASSIVE-BEACON] SIMNOW:27.744 CID:2 ZONE:2 RXUAV:2 EDGEPORT:9996 TS:27.730 SPD:20.000 HDG:0.000 PX:613.900 PY:-30.000 LAN:3 BRK:0 RX_X:0.000 RX_Y:0.000 RX_Z:0.000
[ZONE-ROUTE] CID:2 zone=1 edge_port=9998
[EDGE-RTT] CID:2 wall=1.1 ms  sim_delay=5.0 ms
>>> [UAV->CLOUD] BLK:5ff3|TX:7.0.0.6|CID:2|TS:27.730|SPD:20.0|HDG:0.0|PX:613.9|PY:-30.0|L...
[ECON-GATE] CID:2 probation active - suppressing OK reward 1.0
✓ [CAR 2] ACT=OK REP=0.760 RWD=0.000 PNL=0.000 CREDIT=4
[PKT-DROP] UAV dropped telemetry from 7.0.0.10 (drop_rate=5%)
[ATTACK-EMIT] CID:8 activeWindow=YES falsified=YES simT=27.802 realPX=625.650 fakePX=563.438 realSPD=25.000 fakeSPD=20.000 realTS=27.802 fakeTS=27.302 lane=4
[PASSIVE-BEACON] SIMNOW:27.816 CID:8 ZONE:1 RXUAV:1 EDGEPORT:9998 TS:27.302 SPD:20.000 HDG:0.000 PX:563.400 PY:-40.000 LAN:4 BRK:0 RX_X:0.000 RX_Y:0.000 RX_Z:0.000
[ZONE-ROUTE] CID:8 zone=1 edge_port=9998
[EDGE-RTT] CID:8 wall=1.1 ms  sim_delay=5.0 ms
>>> [UAV->CLOUD] BLK:afbb|TX:7.0.0.12|CID:8|TS:27.302|SPD:20.0|HDG:0.0|PX:563.4|PY:-40.0|...
[ECON-CLAWBACK] CID:8 ACT=WARN prior_payoff=-34.6 extra_penalty=4.5 new_payoff=-39.2
[FORGIVENESS] CID:8 WARN #15 — streak reset, benefits revoked
⚠ [CAR 8] ACT=WARN REP=0.831 RWD=0.000 PNL=4.581 CREDIT=3
[ATTACK-EMIT] CID:7 activeWindow=YES falsified=YES simT=27.832 realPX=635.680 fakePX=635.680 realSPD=15.000 fakeSPD=20.000 realTS=27.832 fakeTS=27.832 lane=3
[PASSIVE-BEACON] SIMNOW:27.846 CID:7 ZONE:2 RXUAV:2 EDGEPORT:9996 TS:27.832 SPD:20.000 HDG:0.000 PX:635.700 PY:-30.000 LAN:3 BRK:0 RX_X:0.000 RX_Y:0.000 RX_Z:0.000
[ZONE-ROUTE] CID:7 zone=1 edge_port=9998
[EDGE-RTT] CID:7 wall=0.8 ms  sim_delay=5.0 ms
>>> [UAV->CLOUD] BLK:a560|TX:7.0.0.11|CID:7|TS:27.832|SPD:20.0|HDG:0.0|PX:635.7|PY:-30.0|...
[ECON-GATE] CID:7 probation active - suppressing OK reward 1.0
✓ [CAR 7] ACT=OK REP=0.323 RWD=0.000 PNL=0.000 CREDIT=0
[ATTACK-EMIT] CID:0 activeWindow=YES falsified=YES simT=27.910 realPX=596.850 fakePX=596.850 realSPD=15.000 fakeSPD=20.000 realTS=27.910 fakeTS=27.910 lane=1
[PASSIVE-BEACON] SIMNOW:27.924 CID:0 ZONE:1 RXUAV:1 EDGEPORT:9998 TS:27.910 SPD:20.000 HDG:0.000 PX:596.900 PY:-10.000 LAN:1 BRK:0 RX_X:0.000 RX_Y:0.000 RX_Z:0.000
[ZONE-ROUTE] CID:0 zone=1 edge_port=9998
[EDGE-RTT] CID:0 wall=0.7 ms  sim_delay=10.0 ms
>>> [UAV->CLOUD] BLK:a45d|TX:7.0.0.4|CID:0|TS:27.910|SPD:20.0|HDG:0.0|PX:596.9|PY:-10.0|L...
[ATTACK-EMIT] CID:3 activeWindow=YES falsified=YES simT=27.930 realPX=608.850 fakePX=608.850 realSPD=25.000 fakeSPD=20.000 realTS=27.930 fakeTS=27.930 lane=4
[ECON-GATE] CID:0 probation active - suppressing OK reward 1.000
✓ [CAR 0] ACT=OK REP=0.568 RWD=0.000 PNL=0.000 CREDIT=8
[PASSIVE-BEACON] SIMNOW:27.944 CID:3 ZONE:2 RXUAV:2 EDGEPORT:9996 TS:27.930 SPD:20.000 HDG:0.000 PX:608.900 PY:-40.000 LAN:4 BRK:1 RX_X:0.000 RX_Y:0.000 RX_Z:0.000
[ZONE-ROUTE] CID:3 zone=1 edge_port=9998
[EDGE-RTT] CID:3 wall=0.8 ms  sim_delay=5.0 ms
>>> [UAV->CLOUD] BLK:f672|TX:7.0.0.7|CID:3|TS:27.930|SPD:20.0|HDG:0.0|PX:608.9|PY:-40.0|L...
[ECON-GATE] CID:3 probation active - suppressing OK reward 1.0
✓ [CAR 3] ACT=OK REP=0.659 RWD=0.000 PNL=0.000 CREDIT=2
[ATTACK-EMIT] CID:1 activeWindow=YES falsified=YES simT=28.070 realPX=609.250 fakePX=569.694 realSPD=15.000 fakeSPD=20.000 realTS=28.070 fakeTS=27.570 lane=2
[PASSIVE-BEACON] SIMNOW:28.084 CID:1 ZONE:1 RXUAV:1 EDGEPORT:9998 TS:27.570 SPD:20.000 HDG:0.000 PX:569.700 PY:-20.000 LAN:2 BRK:0 RX_X:0.000 RX_Y:0.000 RX_Z:0.000
[ZONE-ROUTE] CID:1 zone=1 edge_port=9998
[EDGE-RTT] CID:1 wall=1.1 ms  sim_delay=5.0 ms
>>> [UAV->CLOUD] BLK:c837|TX:7.0.0.5|CID:1|TS:27.570|SPD:20.0|HDG:0.0|PX:569.7|PY:-20.0|L...
[ATTACK-EMIT] CID:4 activeWindow=YES falsified=YES simT=28.090 realPX=602.850 fakePX=602.850 realSPD=25.000 fakeSPD=20.000 realTS=28.090 fakeTS=28.090 lane=5
[ECON-CLAWBACK] CID:1 ACT=WARN prior_payoff=-66.325 extra_penalty=6.000 new_payoff=-72.406
[FORGIVENESS] CID:1 WARN #21 — streak reset, benefits revoked
⚠ [CAR 1] ACT=WARN REP=0.394 RWD=0.000 PNL=6.081 CREDIT=3
[PASSIVE-BEACON] SIMNOW:28.104 CID:4 ZONE:2 RXUAV:2 EDGEPORT:9996 TS:28.090 SPD:20.000 HDG:0.000 PX:602.900 PY:-50.000 LAN:5 BRK:0 RX_X:0.000 RX_Y:0.000 RX_Z:0.000
[ZONE-ROUTE] CID:4 zone=1 edge_port=9998
[EDGE-RTT] CID:4 wall=0.8 ms  sim_delay=5.0 ms
>>> [UAV->CLOUD] BLK:d96c|TX:7.0.0.8|CID:4|TS:28.090|SPD:20.0|HDG:0.0|PX:602.9|PY:-50.0|L...
[ECON-GATE] CID:4 probation active - suppressing OK reward 1.0
✓ [CAR 4] ACT=OK REP=0.534 RWD=0.000 PNL=0.000 CREDIT=3
[PASSIVE-BEACON] SIMNOW:28.156 CID:5 ZONE:2 RXUAV:2 EDGEPORT:9996 TS:28.142 SPD:15.100 HDG:-1.500 PX:620.400 PY:-10.000 LAN:1 BRK:0 RX_X:0.000 RX_Y:0.000 RX_Z:0.000
[ZONE-ROUTE] CID:5 zone=1 edge_port=9998
[EDGE-RTT] CID:5 wall=1.1 ms  sim_delay=10.0 ms
>>> [UAV->CLOUD] BLK:6e7d|TX:7.0.0.9|CID:5|TS:28.142|SPD:15.1|HDG:-1.5|PX:620.4|PY:-10.0|...
[ECON-GATE] CID:5 probation active - suppressing OK reward 1.0
✓ [CAR 5] ACT=OK REP=0.293 RWD=0.000 PNL=0.000 CREDIT=7
[PASSIVE-BEACON] SIMNOW:28.226 CID:9 ZONE:2 RXUAV:2 EDGEPORT:9996 TS:28.212 SPD:25.400 HDG:1.600 PX:625.300 PY:-50.000 LAN:5 BRK:0 RX_X:0.000 RX_Y:0.000 RX_Z:0.000
[ZONE-ROUTE] CID:9 zone=1 edge_port=9998
[EDGE-RTT] CID:9 wall=1.0 ms  sim_delay=5.0 ms
>>> [UAV->CLOUD] BLK:8f86|TX:7.0.0.13|CID:9|TS:28.212|SPD:25.4|HDG:1.6|PX:625.3|PY:-50.0|...
[ATTACK-EMIT] CID:2 activeWindow=YES falsified=YES simT=28.230 realPX=621.650 fakePX=563.820 realSPD=15.000 fakeSPD=20.000 realTS=28.230 fakeTS=27.730 lane=3
[ECON-CLAWBACK] CID:9 ACT=WARN prior_payoff=-38.898 extra_penalty=4.750 new_payoff=-43.750
[FORGIVENESS] CID:9 WARN #16 — streak reset, benefits revoked
⚠ [CAR 9] ACT=WARN REP=0.488 RWD=0.000 PNL=4.852 CREDIT=-2
[PKT-DROP] UAV dropped telemetry from 7.0.0.6 (drop_rate=5%)
[PASSIVE-BEACON] SIMNOW:28.266 CID:6 ZONE:2 RXUAV:2 EDGEPORT:9996 TS:28.252 SPD:14.800 HDG:-1.200 PX:631.500 PY:-20.000 LAN:2 BRK:0 RX_X:0.000 RX_Y:0.000 RX_Z:0.000
[ZONE-ROUTE] CID:6 zone=1 edge_port=9998
[EDGE-RTT] CID:6 wall=1.1 ms  sim_delay=5.0 ms
>>> [UAV->CLOUD] BLK:7a64|TX:7.0.0.10|CID:6|TS:28.252|SPD:14.8|HDG:-1.2|PX:631.5|PY:-20.0...
[ECON-GATE] CID:6 probation active - suppressing OK reward 1.0
✓ [CAR 6] ACT=OK REP=0.381 RWD=0.000 PNL=0.000 CREDIT=3
[ATTACK-EMIT] CID:8 activeWindow=YES falsified=YES simT=28.302 realPX=638.150 fakePX=638.150 realSPD=25.000 fakeSPD=20.000 realTS=28.302 fakeTS=28.302 lane=4
[PASSIVE-BEACON] SIMNOW:28.316 CID:8 ZONE:2 RXUAV:2 EDGEPORT:9996 TS:28.302 SPD:20.000 HDG:0.000 PX:638.200 PY:-40.000 LAN:4 BRK:0 RX_X:0.000 RX_Y:0.000 RX_Z:0.000
[ZONE-ROUTE] CID:8 zone=1 edge_port=9998
[EDGE-RTT] CID:8 wall=1.2 ms  sim_delay=5.0 ms
>>> [UAV->CLOUD] BLK:e46e|TX:7.0.0.12|CID:8|TS:28.302|SPD:20.0|HDG:0.0|PX:638.2|PY:-40.0|...
[ECON-GATE] CID:8 probation active - suppressing OK reward 1.0
✓ [CAR 8] ACT=OK REP=0.629 RWD=0.000 PNL=0.000 CREDIT=0
[ATTACK-EMIT] CID:7 activeWindow=YES falsified=YES simT=28.332 realPX=643.180 fakePX=643.180 realSPD=15.000 fakeSPD=20.000 realTS=28.332 fakeTS=28.332 lane=3
[PASSIVE-BEACON] SIMNOW:28.346 CID:7 ZONE:2 RXUAV:2 EDGEPORT:9996 TS:28.332 SPD:20.000 HDG:0.000 PX:643.200 PY:-30.000 LAN:3 BRK:0 RX_X:0.000 RX_Y:0.000 RX_Z:0.000
[ZONE-ROUTE] CID:7 zone=1 edge_port=9998
[EDGE-RTT] CID:7 wall=1.1 ms  sim_delay=5.0 ms
>>> [UAV->CLOUD] BLK:006b|TX:7.0.0.11|CID:7|TS:28.332|SPD:20.0|HDG:0.0|PX:643.2|PY:-30.0|...
[ECON-GATE] CID:7 probation active - suppressing OK reward 0.9
✓ [CAR 7] ACT=OK REP=0.726 RWD=0.000 PNL=0.000 CREDIT=1
[ATTACK-EMIT] CID:0 activeWindow=YES falsified=YES simT=28.410 realPX=604.350 fakePX=566.766 realSPD=15.000 fakeSPD=20.000 realTS=28.410 fakeTS=27.910 lane=1
[PASSIVE-BEACON] SIMNOW:28.424 CID:0 ZONE:1 RXUAV:1 EDGEPORT:9998 TS:27.910 SPD:20.000 HDG:0.000 PX:566.800 PY:-10.000 LAN:1 BRK:0 RX_X:0.000 RX_Y:0.000 RX_Z:0.000
[ZONE-ROUTE] CID:0 zone=1 edge_port=9998
[EDGE-RTT] CID:0 wall=0.9 ms  sim_delay=10.0 ms
[NASH-GATE] CID:0 p=0.3 p*=0.3 EDGE=BAN nashConfirms=N windowConfirms=N obs=47/15 p_car=0.514 -> WARN (insufficient evidence)
[ATTACK-EMIT] CID:3 activeWindow=YES falsified=YES simT=28.430 realPX=621.350 fakePX=621.350 realSPD=25.000 fakeSPD=20.000 realTS=28.430 fakeTS=28.430 lane=4
[ECON-CLAWBACK] CID:0 ACT=WARN prior_payoff=-66.839 extra_penalty=6.000 new_payoff=-72.995
[FORGIVENESS] CID:0 WARN #21 — streak reset, benefits revoked
⚠ [CAR 0] ACT=WARN REP=0.664 RWD=0.000 PNL=6.156 CREDIT=7
[PASSIVE-BEACON] SIMNOW:28.444 CID:3 ZONE:2 RXUAV:2 EDGEPORT:9996 TS:28.430 SPD:20.000 HDG:0.000 PX:621.400 PY:-40.000 LAN:4 BRK:0 RX_X:0.000 RX_Y:0.000 RX_Z:0.000
[ZONE-ROUTE] CID:3 zone=1 edge_port=9998
[EDGE-RTT] CID:3 wall=1.4 ms  sim_delay=5.0 ms
>>> [UAV->CLOUD] BLK:c632|TX:7.0.0.7|CID:3|TS:28.430|SPD:20.0|HDG:0.0|PX:621.4|PY:-40.0|L...
[ECON-GATE] CID:3 probation active - suppressing OK reward 1.0
✓ [CAR 3] ACT=OK REP=0.424 RWD=0.000 PNL=0.000 CREDIT=3
[ATTACK-EMIT] CID:1 activeWindow=YES falsified=YES simT=28.570 realPX=616.750 fakePX=616.750 realSPD=15.000 fakeSPD=20.000 realTS=28.570 fakeTS=28.570 lane=2
[PASSIVE-BEACON] SIMNOW:28.584 CID:1 ZONE:2 RXUAV:2 EDGEPORT:9996 TS:28.570 SPD:20.000 HDG:0.000 PX:616.800 PY:-20.000 LAN:2 BRK:0 RX_X:0.000 RX_Y:0.000 RX_Z:0.000
[ZONE-ROUTE] CID:1 zone=1 edge_port=9998
[EDGE-RTT] CID:1 wall=1.3 ms  sim_delay=5.0 ms
>>> [UAV->CLOUD] BLK:9fdb|TX:7.0.0.5|CID:1|TS:28.570|SPD:20.0|HDG:0.0|PX:616.8|PY:-20.0|L...
[ATTACK-EMIT] CID:4 activeWindow=YES falsified=YES simT=28.590 realPX=615.350 fakePX=615.350 realSPD=25.000 fakeSPD=20.000 realTS=28.590 fakeTS=28.590 lane=5
[ECON-GATE] CID:1 probation active - suppressing OK reward 0.969
✓ [CAR 1] ACT=OK REP=0.392 RWD=0.000 PNL=0.000 CREDIT=0
[PASSIVE-BEACON] SIMNOW:28.604 CID:4 ZONE:2 RXUAV:2 EDGEPORT:9996 TS:28.590 SPD:20.000 HDG:0.000 PX:615.400 PY:-50.000 LAN:5 BRK:0 RX_X:0.000 RX_Y:0.000 RX_Z:0.000
[ZONE-ROUTE] CID:4 zone=1 edge_port=9998
[EDGE-RTT] CID:4 wall=1.1 ms  sim_delay=5.0 ms
>>> [UAV->CLOUD] BLK:4bcf|TX:7.0.0.8|CID:4|TS:28.590|SPD:20.0|HDG:0.0|PX:615.4|PY:-50.0|L...
[ECON-GATE] CID:4 probation active - suppressing OK reward 1.0
✓ [CAR 4] ACT=OK REP=0.803 RWD=0.000 PNL=0.000 CREDIT=4
[PASSIVE-BEACON] SIMNOW:28.659 CID:5 ZONE:2 RXUAV:2 EDGEPORT:9996 TS:28.642 SPD:14.800 HDG:1.600 PX:627.300 PY:-10.000 LAN:1 BRK:0 RX_X:0.000 RX_Y:0.000 RX_Z:0.000
[ZONE-ROUTE] CID:5 zone=1 edge_port=9998
[EDGE-RTT] CID:5 wall=1.2 ms  sim_delay=10.0 ms
>>> [UAV->CLOUD] BLK:c1a9|TX:7.0.0.9|CID:5|TS:28.642|SPD:14.8|HDG:1.6|PX:627.3|PY:-10.0|L...
[ECON-GATE] CID:5 probation active - suppressing OK reward 1.0
✓ [CAR 5] ACT=OK REP=0.897 RWD=0.000 PNL=0.000 CREDIT=8
[PASSIVE-BEACON] SIMNOW:28.726 CID:9 ZONE:2 RXUAV:2 EDGEPORT:9996 TS:28.712 SPD:24.800 HDG:-1.200 PX:638.000 PY:-50.000 LAN:5 BRK:0 RX_X:0.000 RX_Y:0.000 RX_Z:0.000
[ZONE-ROUTE] CID:9 zone=1 edge_port=9998
[EDGE-RTT] CID:9 wall=1.0 ms  sim_delay=5.0 ms
>>> [UAV->CLOUD] BLK:fe3c|TX:7.0.0.13|CID:9|TS:28.712|SPD:24.8|HDG:-1.2|PX:638.0|PY:-50.0...
[ATTACK-EMIT] CID:2 activeWindow=YES falsified=YES simT=28.730 realPX=629.150 fakePX=629.150 realSPD=15.000 fakeSPD=20.000 realTS=28.730 fakeTS=28.730 lane=3
[ECON-CLAWBACK] CID:9 ACT=WARN prior_payoff=-43.750 extra_penalty=5.000 new_payoff=-48.851
[FORGIVENESS] CID:9 WARN #17 — streak reset, benefits revoked
⚠ [CAR 9] ACT=WARN REP=0.626 RWD=0.000 PNL=5.101 CREDIT=-2
[PASSIVE-BEACON] SIMNOW:28.744 CID:2 ZONE:2 RXUAV:2 EDGEPORT:9996 TS:28.730 SPD:20.000 HDG:0.000 PX:629.200 PY:-30.000 LAN:3 BRK:0 RX_X:0.000 RX_Y:0.000 RX_Z:0.000
[ZONE-ROUTE] CID:2 zone=1 edge_port=9998
[EDGE-RTT] CID:2 wall=1.2 ms  sim_delay=5.0 ms
>>> [UAV->CLOUD] BLK:5b44|TX:7.0.0.6|CID:2|TS:28.730|SPD:20.0|HDG:0.0|PX:629.2|PY:-30.0|L...
[ECON-GATE] CID:2 probation active - suppressing OK reward 1.0
✓ [CAR 2] ACT=OK REP=0.673 RWD=0.000 PNL=0.000 CREDIT=5
[PASSIVE-BEACON] SIMNOW:28.766 CID:6 ZONE:2 RXUAV:2 EDGEPORT:9996 TS:28.752 SPD:15.000 HDG:-0.400 PX:639.700 PY:-20.000 LAN:2 BRK:1 RX_X:0.000 RX_Y:0.000 RX_Z:0.000
[ZONE-ROUTE] CID:6 zone=1 edge_port=9998
[EDGE-RTT] CID:6 wall=1.0 ms  sim_delay=5.0 ms
>>> [UAV->CLOUD] BLK:f869|TX:7.0.0.10|CID:6|TS:28.752|SPD:15.0|HDG:-0.4|PX:639.7|PY:-20.0...
[ECON-GATE] CID:6 probation active - suppressing OK reward 1.0
✓ [CAR 6] ACT=OK REP=0.556 RWD=0.000 PNL=0.000 CREDIT=4
[ATTACK-EMIT] CID:8 activeWindow=YES falsified=YES simT=28.802 realPX=650.650 fakePX=650.650 realSPD=25.000 fakeSPD=20.000 realTS=28.802 fakeTS=28.802 lane=4
[PASSIVE-BEACON] SIMNOW:28.816 CID:8 ZONE:2 RXUAV:2 EDGEPORT:9996 TS:28.802 SPD:20.000 HDG:0.000 PX:650.700 PY:-40.000 LAN:4 BRK:0 RX_X:0.000 RX_Y:0.000 RX_Z:0.000
[ZONE-ROUTE] CID:8 zone=1 edge_port=9998
[EDGE-RTT] CID:8 wall=0.9 ms  sim_delay=5.0 ms
>>> [UAV->CLOUD] BLK:720b|TX:7.0.0.12|CID:8|TS:28.802|SPD:20.0|HDG:0.0|PX:650.7|PY:-40.0|...
[ECON-GATE] CID:8 probation active - suppressing OK reward 0.9
✓ [CAR 8] ACT=OK REP=0.707 RWD=0.000 PNL=0.000 CREDIT=1
[ATTACK-EMIT] CID:7 activeWindow=YES falsified=YES simT=28.832 realPX=650.680 fakePX=561.352 realSPD=15.000 fakeSPD=20.000 realTS=28.832 fakeTS=28.332 lane=3
[PASSIVE-BEACON] SIMNOW:28.846 CID:7 ZONE:1 RXUAV:1 EDGEPORT:9998 TS:28.332 SPD:20.000 HDG:0.000 PX:561.400 PY:-30.000 LAN:3 BRK:0 RX_X:0.000 RX_Y:0.000 RX_Z:0.000
[ZONE-ROUTE] CID:7 zone=1 edge_port=9998
[EDGE-RTT] CID:7 wall=0.9 ms  sim_delay=5.0 ms
[NASH-GATE] CID:7 p=0.4 p*=0.3 rho_hat=0.4 Nash=BAN windowHits=1/4 -> WARN (pending confirmation)
[ECON-CLAWBACK] CID:7 ACT=WARN prior_payoff=-49.3 extra_penalty=5.2 new_payoff=-54.7
[FORGIVENESS] CID:7 WARN #18 — streak reset, benefits revoked
⚠ [CAR 7] ACT=WARN REP=0.650 RWD=0.000 PNL=5.441 CREDIT=0
[ATTACK-EMIT] CID:0 activeWindow=YES falsified=YES simT=28.910 realPX=611.850 fakePX=611.850 realSPD=15.000 fakeSPD=20.000 realTS=28.910 fakeTS=28.910 lane=1
[PASSIVE-BEACON] SIMNOW:28.924 CID:0 ZONE:2 RXUAV:2 EDGEPORT:9996 TS:28.910 SPD:20.000 HDG:0.000 PX:611.900 PY:-10.000 LAN:1 BRK:0 RX_X:0.000 RX_Y:0.000 RX_Z:0.000
[ZONE-ROUTE] CID:0 zone=1 edge_port=9998
[EDGE-RTT] CID:0 wall=0.9 ms  sim_delay=10.0 ms
[NASH-GATE] CID:0 p=1.000 p*=0.323 rho_hat=0.397 streak=2 windowHits=2/4 EU_ban=1.500 -> CONFIRMED BAN (SLOW_LANE punishment sent)
[ATTACK-EMIT] CID:3 activeWindow=YES falsified=YES simT=28.930 realPX=633.850 fakePX=571.284 realSPD=25.000 fakeSPD=20.000 realTS=28.930 fakeTS=28.430 lane=4
[ECON-CLAWBACK] CID:0 ACT=BAN prior_payoff=-72.995 extra_penalty=5.000 new_payoff=-78.495
[FORGIVENESS] CID:0 BAN#1 excused (first confirmed offence) honest_wins=0 (preserved)
[BAN-PUNISH] CID:0 SLOW_LANE EXILE → LAN=99 speed=20.000 m/s  return_threshold=60
✗ [CAR 0] ACT=BAN REP=0.442 RWD=0.000 PNL=5.500 CREDIT=-1
[PASSIVE-BEACON] SIMNOW:28.944 CID:3 ZONE:1 RXUAV:1 EDGEPORT:9998 TS:28.430 SPD:20.000 HDG:0.000 PX:571.300 PY:-40.000 LAN:4 BRK:0 RX_X:0.000 RX_Y:0.000 RX_Z:0.000
[ZONE-ROUTE] CID:3 zone=1 edge_port=9998
[EDGE-RTT] CID:3 wall=1.0 ms  sim_delay=5.0 ms
>>> [UAV->CLOUD] BLK:9971|TX:7.0.0.7|CID:3|TS:28.430|SPD:20.0|HDG:0.0|PX:571.3|PY:-40.0|L...
[ECON-CLAWBACK] CID:3 ACT=WARN prior_payoff=-34.5 extra_penalty=4.5 new_payoff=-39.1
[FORGIVENESS] CID:3 WARN #15 — streak reset, benefits revoked
⚠ [CAR 3] ACT=WARN REP=0.731 RWD=0.000 PNL=4.580 CREDIT=2
[ATTACK-EMIT] CID:1 activeWindow=YES falsified=YES simT=29.070 realPX=624.250 fakePX=624.250 realSPD=15.000 fakeSPD=20.000 realTS=29.070 fakeTS=29.070 lane=2
[PASSIVE-BEACON] SIMNOW:29.082 CID:1 ZONE:2 RXUAV:2 EDGEPORT:9996 TS:29.070 SPD:20.000 HDG:0.000 PX:624.300 PY:-20.000 LAN:2 BRK:0 RX_X:0.000 RX_Y:0.000 RX_Z:0.000
[ZONE-ROUTE] CID:1 zone=1 edge_port=9998
[EDGE-RTT] CID:1 wall=0.9 ms  sim_delay=5.0 ms
>>> [UAV->CLOUD] BLK:8f4c|TX:7.0.0.5|CID:1|TS:29.070|SPD:20.0|HDG:0.0|PX:624.3|PY:-20.0|L...
[ATTACK-EMIT] CID:4 activeWindow=YES falsified=YES simT=29.090 realPX=627.850 fakePX=565.170 realSPD=25.000 fakeSPD=20.000 realTS=29.090 fakeTS=28.590 lane=5
[ECON-GATE] CID:1 probation active - suppressing OK reward 0.876
✓ [CAR 1] ACT=OK REP=0.607 RWD=0.000 PNL=0.000 CREDIT=1
[PASSIVE-BEACON] SIMNOW:29.104 CID:4 ZONE:1 RXUAV:1 EDGEPORT:9998 TS:28.590 SPD:20.000 HDG:0.000 PX:565.200 PY:-50.000 LAN:5 BRK:0 RX_X:0.000 RX_Y:0.000 RX_Z:0.000
[ZONE-ROUTE] CID:4 zone=1 edge_port=9998
[EDGE-RTT] CID:4 wall=1.2 ms  sim_delay=5.0 ms
>>> [UAV->CLOUD] BLK:6fa9|TX:7.0.0.8|CID:4|TS:28.590|SPD:20.0|HDG:0.0|PX:565.2|PY:-50.0|L...
[ECON-CLAWBACK] CID:4 ACT=WARN prior_payoff=-25.8 extra_penalty=4.0 new_payoff=-29.9
[FORGIVENESS] CID:4 WARN #13 — streak reset, benefits revoked
⚠ [CAR 4] ACT=WARN REP=0.615 RWD=0.000 PNL=4.086 CREDIT=3
[PASSIVE-BEACON] SIMNOW:29.156 CID:5 ZONE:2 RXUAV:2 EDGEPORT:9996 TS:29.142 SPD:15.200 HDG:1.200 PX:635.500 PY:-10.000 LAN:1 BRK:0 RX_X:0.000 RX_Y:0.000 RX_Z:0.000
[ZONE-ROUTE] CID:5 zone=1 edge_port=9998
[EDGE-RTT] CID:5 wall=0.9 ms  sim_delay=10.0 ms
>>> [UAV->CLOUD] BLK:2de9|TX:7.0.0.9|CID:5|TS:29.142|SPD:15.2|HDG:1.2|PX:635.5|PY:-10.0|L...
[ECON-GATE] CID:5 probation active - suppressing OK reward 1.0
✓ [CAR 5] ACT=OK REP=0.602 RWD=0.000 PNL=0.000 CREDIT=9
[PASSIVE-BEACON] SIMNOW:29.226 CID:9 ZONE:2 RXUAV:2 EDGEPORT:9996 TS:29.212 SPD:25.200 HDG:0.200 PX:651.600 PY:-50.000 LAN:5 BRK:0 RX_X:0.000 RX_Y:0.000 RX_Z:0.000
[ZONE-ROUTE] CID:9 zone=1 edge_port=9998
[EDGE-RTT] CID:9 wall=1.0 ms  sim_delay=5.0 ms
>>> [UAV->CLOUD] BLK:0638|TX:7.0.0.13|CID:9|TS:29.212|SPD:25.2|HDG:0.2|PX:651.6|PY:-50.0|...
[ATTACK-EMIT] CID:2 activeWindow=YES falsified=YES simT=29.230 realPX=636.650 fakePX=636.650 realSPD=15.000 fakeSPD=20.000 realTS=29.230 fakeTS=29.230 lane=3
[ECON-CLAWBACK] CID:9 ACT=WARN prior_payoff=-48.851 extra_penalty=5.250 new_payoff=-54.203
[FORGIVENESS] CID:9 WARN #18 — streak reset, benefits revoked
⚠ [CAR 9] ACT=WARN REP=0.568 RWD=0.000 PNL=5.352 CREDIT=-2
[PASSIVE-BEACON] SIMNOW:29.244 CID:2 ZONE:2 RXUAV:2 EDGEPORT:9996 TS:29.230 SPD:20.000 HDG:0.000 PX:636.700 PY:-30.000 LAN:3 BRK:0 RX_X:0.000 RX_Y:0.000 RX_Z:0.000
[ZONE-ROUTE] CID:2 zone=1 edge_port=9998
[EDGE-RTT] CID:2 wall=0.8 ms  sim_delay=5.0 ms
>>> [UAV->CLOUD] BLK:ff2f|TX:7.0.0.6|CID:2|TS:29.230|SPD:20.0|HDG:0.0|PX:636.7|PY:-30.0|L...
[ECON-GATE] CID:2 probation active - suppressing OK reward 1.0
✓ [CAR 2] ACT=OK REP=0.642 RWD=0.000 PNL=0.000 CREDIT=6
[PASSIVE-BEACON] SIMNOW:29.266 CID:6 ZONE:2 RXUAV:2 EDGEPORT:9996 TS:29.252 SPD:15.300 HDG:1.300 PX:647.400 PY:-20.000 LAN:2 BRK:0 RX_X:0.000 RX_Y:0.000 RX_Z:0.000
[ZONE-ROUTE] CID:6 zone=1 edge_port=9998
[EDGE-RTT] CID:6 wall=1.0 ms  sim_delay=5.0 ms
>>> [UAV->CLOUD] BLK:6fd6|TX:7.0.0.10|CID:6|TS:29.252|SPD:15.3|HDG:1.3|PX:647.4|PY:-20.0|...
[ECON-GATE] CID:6 probation active - suppressing OK reward 1.0
✓ [CAR 6] ACT=OK REP=0.369 RWD=0.000 PNL=0.000 CREDIT=5
[ATTACK-EMIT] CID:8 activeWindow=YES falsified=YES simT=29.302 realPX=663.150 fakePX=563.234 realSPD=25.000 fakeSPD=20.000 realTS=29.302 fakeTS=28.802 lane=4
[PASSIVE-BEACON] SIMNOW:29.316 CID:8 ZONE:1 RXUAV:1 EDGEPORT:9998 TS:28.802 SPD:20.000 HDG:0.000 PX:563.200 PY:-40.000 LAN:4 BRK:0 RX_X:0.000 RX_Y:0.000 RX_Z:0.000
[ZONE-ROUTE] CID:8 zone=1 edge_port=9998
[EDGE-RTT] CID:8 wall=0.9 ms  sim_delay=5.0 ms
[NASH-GATE] CID:8 p=0.4 p*=0.3 rho_hat=0.4 Nash=BAN windowHits=1/4 -> WARN (pending confirmation)
[ECON-CLAWBACK] CID:8 ACT=WARN prior_payoff=-39.2 extra_penalty=4.8 new_payoff=-44.1
[FORGIVENESS] CID:8 WARN #16 — streak reset, benefits revoked
⚠ [CAR 8] ACT=WARN REP=0.567 RWD=0.000 PNL=4.942 CREDIT=0
[ATTACK-EMIT] CID:7 activeWindow=YES falsified=YES simT=29.332 realPX=658.180 fakePX=658.180 realSPD=15.000 fakeSPD=20.000 realTS=29.332 fakeTS=29.332 lane=3
[PASSIVE-BEACON] SIMNOW:29.346 CID:7 ZONE:2 RXUAV:2 EDGEPORT:9996 TS:29.332 SPD:20.000 HDG:0.000 PX:658.200 PY:-30.000 LAN:3 BRK:1 RX_X:0.000 RX_Y:0.000 RX_Z:0.000
[ZONE-ROUTE] CID:7 zone=1 edge_port=9998
[EDGE-RTT] CID:7 wall=0.7 ms  sim_delay=5.0 ms
[NASH-GATE] CID:7 p=1.000 p*=0.321 rho_hat=0.408 streak=2 windowHits=2/4 EU_ban=1.500 -> CONFIRMED BAN (SLOW_LANE punishment sent)
[ECON-CLAWBACK] CID:7 ACT=BAN prior_payoff=-54.692 extra_penalty=5.000 new_payoff=-60.192
[FORGIVENESS] CID:7 BAN#1 excused (first confirmed offence) honest_wins=0 (preserved)
[BAN-PUNISH] CID:7 SLOW_LANE EXILE → LAN=99 speed=20.000 m/s  return_threshold=60
✗ [CAR 7] ACT=BAN REP=0.532 RWD=0.000 PNL=5.500 CREDIT=-8
[ATTACK-EMIT] CID:0 activeWindow=YES falsified=YES simT=29.410 realPX=619.350 fakePX=619.350 realSPD=15.000 fakeSPD=20.000 realTS=29.410 fakeTS=29.410 lane=99
[PASSIVE-BEACON] SIMNOW:29.424 CID:0 ZONE:2 RXUAV:2 EDGEPORT:9996 TS:29.410 SPD:20.000 HDG:0.000 PX:619.400 PY:-10.000 LAN:99 BRK:0 RX_X:0.000 RX_Y:0.000 RX_Z:0.000
[ATTACK-EMIT] CID:3 activeWindow=YES falsified=YES simT=29.430 realPX=646.350 fakePX=646.350 realSPD=25.000 fakeSPD=20.000 realTS=29.430 fakeTS=29.430 lane=4
[PASSIVE-BEACON] SIMNOW:29.447 CID:3 ZONE:2 RXUAV:2 EDGEPORT:9996 TS:29.430 SPD:20.000 HDG:0.000 PX:646.400 PY:-40.000 LAN:4 BRK:0 RX_X:0.000 RX_Y:0.000 RX_Z:0.000
[ZONE-ROUTE] CID:3 zone=1 edge_port=9998
[EDGE-RTT] CID:3 wall=1.2 ms  sim_delay=5.0 ms
>>> [UAV->CLOUD] BLK:ee71|TX:7.0.0.7|CID:3|TS:29.430|SPD:20.0|HDG:0.0|PX:646.4|PY:-40.0|L...
[ECON-GATE] CID:3 probation active - suppressing OK reward 1.0
✓ [CAR 3] ACT=OK REP=0.667 RWD=0.000 PNL=0.000 CREDIT=0
[ATTACK-EMIT] CID:1 activeWindow=YES falsified=YES simT=29.570 realPX=631.750 fakePX=569.898 realSPD=15.000 fakeSPD=20.000 realTS=29.570 fakeTS=29.070 lane=2
[PASSIVE-BEACON] SIMNOW:29.584 CID:1 ZONE:1 RXUAV:1 EDGEPORT:9998 TS:29.070 SPD:20.000 HDG:0.000 PX:569.900 PY:-20.000 LAN:2 BRK:1 RX_X:0.000 RX_Y:0.000 RX_Z:0.000
[ZONE-ROUTE] CID:1 zone=1 edge_port=9998
[EDGE-RTT] CID:1 wall=0.9 ms  sim_delay=5.0 ms
[NASH-GATE] CID:1 p=0.4 p*=0.3 rho_hat=0.4 Nash=BAN windowHits=1/4 -> WARN (pending confirmation)
[ATTACK-EMIT] CID:4 activeWindow=YES falsified=YES simT=29.590 realPX=640.350 fakePX=640.350 realSPD=25.000 fakeSPD=20.000 realTS=29.590 fakeTS=29.590 lane=5
[ECON-CLAWBACK] CID:1 ACT=WARN prior_payoff=-72.406 extra_penalty=6.250 new_payoff=-78.847
[FORGIVENESS] CID:1 WARN #22 — streak reset, benefits revoked
⚠ [CAR 1] ACT=WARN REP=0.522 RWD=0.000 PNL=6.441 CREDIT=0
[PASSIVE-BEACON] SIMNOW:29.604 CID:4 ZONE:2 RXUAV:2 EDGEPORT:9996 TS:29.590 SPD:20.000 HDG:0.000 PX:640.400 PY:-50.000 LAN:5 BRK:0 RX_X:0.000 RX_Y:0.000 RX_Z:0.000
[ZONE-ROUTE] CID:4 zone=1 edge_port=9998
[EDGE-RTT] CID:4 wall=1.0 ms  sim_delay=5.0 ms
>>> [UAV->CLOUD] BLK:2410|TX:7.0.0.8|CID:4|TS:29.590|SPD:20.0|HDG:0.0|PX:640.4|PY:-50.0|L...
[ECON-GATE] CID:4 probation active - suppressing OK reward 1.0
✓ [CAR 4] ACT=OK REP=0.601 RWD=0.000 PNL=0.000 CREDIT=0
[PASSIVE-BEACON] SIMNOW:29.656 CID:5 ZONE:2 RXUAV:2 EDGEPORT:9996 TS:29.642 SPD:14.700 HDG:-1.200 PX:642.300 PY:-10.000 LAN:1 BRK:0 RX_X:0.000 RX_Y:0.000 RX_Z:0.000
[ZONE-ROUTE] CID:5 zone=1 edge_port=9998
[EDGE-RTT] CID:5 wall=1.0 ms  sim_delay=10.0 ms
>>> [UAV->CLOUD] BLK:1dc7|TX:7.0.0.9|CID:5|TS:29.642|SPD:14.7|HDG:-1.2|PX:642.3|PY:-10.0|...
[ECON-GATE] CID:5 probation active - suppressing OK reward 1.0
✓ [CAR 5] ACT=OK REP=0.460 RWD=0.000 PNL=0.000 CREDIT=10
[PASSIVE-BEACON] SIMNOW:29.729 CID:9 ZONE:2 RXUAV:2 EDGEPORT:9996 TS:29.712 SPD:25.100 HDG:0.800 PX:663.100 PY:-50.000 LAN:5 BRK:1 RX_X:0.000 RX_Y:0.000 RX_Z:0.000
[ZONE-ROUTE] CID:9 zone=1 edge_port=9998
[EDGE-RTT] CID:9 wall=1.0 ms  sim_delay=5.0 ms
>>> [UAV->CLOUD] BLK:4b7e|TX:7.0.0.13|CID:9|TS:29.712|SPD:25.1|HDG:0.8|PX:663.1|PY:-50.0|...
[ATTACK-EMIT] CID:2 activeWindow=YES falsified=YES simT=29.730 realPX=644.150 fakePX=564.078 realSPD=15.000 fakeSPD=20.000 realTS=29.730 fakeTS=29.230 lane=3
[ECON-CLAWBACK] CID:9 ACT=WARN prior_payoff=-54.203 extra_penalty=5.500 new_payoff=-59.805
[FORGIVENESS] CID:9 WARN #19 — streak reset, benefits revoked
⚠ [CAR 9] ACT=WARN REP=0.836 RWD=0.000 PNL=5.602 CREDIT=-2
[PASSIVE-BEACON] SIMNOW:29.744 CID:2 ZONE:1 RXUAV:1 EDGEPORT:9998 TS:29.230 SPD:20.000 HDG:0.000 PX:564.100 PY:-30.000 LAN:3 BRK:0 RX_X:0.000 RX_Y:0.000 RX_Z:0.000
[ZONE-ROUTE] CID:2 zone=1 edge_port=9998
[EDGE-RTT] CID:2 wall=1.0 ms  sim_delay=5.0 ms
[NASH-GATE] CID:2 p=0.3 p*=0.3 EDGE=BAN nashConfirms=N windowConfirms=N obs=51/15 p_car=0.432 -> WARN (insufficient evidence)
[ECON-CLAWBACK] CID:2 ACT=WARN prior_payoff=-49.382 extra_penalty=5.250 new_payoff=-54.787
[FORGIVENESS] CID:2 WARN #18 — streak reset, benefits revoked
⚠ [CAR 2] ACT=WARN REP=0.337 RWD=0.000 PNL=5.405 CREDIT=5
[PASSIVE-BEACON] SIMNOW:29.766 CID:6 ZONE:2 RXUAV:2 EDGEPORT:9996 TS:29.752 SPD:14.600 HDG:-0.500 PX:654.900 PY:-20.000 LAN:2 BRK:0 RX_X:0.000 RX_Y:0.000 RX_Z:0.000
[ZONE-ROUTE] CID:6 zone=1 edge_port=9998
[EDGE-RTT] CID:6 wall=0.8 ms  sim_delay=5.0 ms
>>> [UAV->CLOUD] BLK:e88e|TX:7.0.0.10|CID:6|TS:29.752|SPD:14.6|HDG:-0.5|PX:654.9|PY:-20.0...
[ECON-GATE] CID:6 probation active - suppressing OK reward 1.0
✓ [CAR 6] ACT=OK REP=0.544 RWD=0.000 PNL=0.000 CREDIT=6
[ATTACK-EMIT] CID:8 activeWindow=YES falsified=YES simT=29.802 realPX=675.230 fakePX=675.230 realSPD=15.000 fakeSPD=20.000 realTS=29.802 fakeTS=29.802 lane=4
[PASSIVE-BEACON] SIMNOW:29.816 CID:8 ZONE:2 RXUAV:2 EDGEPORT:9996 TS:29.802 SPD:20.000 HDG:0.000 PX:675.200 PY:-40.000 LAN:4 BRK:0 RX_X:0.000 RX_Y:0.000 RX_Z:0.000
[ZONE-ROUTE] CID:8 zone=1 edge_port=9998
[EDGE-RTT] CID:8 wall=0.8 ms  sim_delay=5.0 ms
[NASH-GATE] CID:8 p=1.000 p*=0.319 rho_hat=0.423 streak=2 windowHits=2/4 EU_ban=1.500 -> CONFIRMED BAN (SLOW_LANE punishment sent)
[ECON-CLAWBACK] CID:8 ACT=BAN prior_payoff=-44.107 extra_penalty=5.000 new_payoff=-49.607
[FORGIVENESS] CID:8 BAN#1 excused (first confirmed offence) honest_wins=0 (preserved)
[BAN-PUNISH] CID:8 SLOW_LANE EXILE → LAN=99 speed=20.000 m/s  return_threshold=60
✗ [CAR 8] ACT=BAN REP=0.564 RWD=0.000 PNL=5.500 CREDIT=-8
[ATTACK-EMIT] CID:7 activeWindow=YES falsified=YES simT=29.832 realPX=665.680 fakePX=665.680 realSPD=15.000 fakeSPD=20.000 realTS=29.832 fakeTS=29.832 lane=99
[PASSIVE-BEACON] SIMNOW:29.846 CID:7 ZONE:2 RXUAV:2 EDGEPORT:9996 TS:29.832 SPD:20.000 HDG:0.000 PX:665.700 PY:-30.000 LAN:99 BRK:1 RX_X:0.000 RX_Y:0.000 RX_Z:0.000
[ATTACK-EMIT] CID:0 activeWindow=YES falsified=YES simT=29.910 realPX=626.850 fakePX=566.568 realSPD=15.000 fakeSPD=20.000 realTS=29.910 fakeTS=29.410 lane=99
[PASSIVE-BEACON] SIMNOW:29.924 CID:0 ZONE:1 RXUAV:1 EDGEPORT:9998 TS:29.410 SPD:20.000 HDG:0.000 PX:566.600 PY:-10.000 LAN:99 BRK:0 RX_X:0.000 RX_Y:0.000 RX_Z:0.000
[ATTACK-EMIT] CID:3 activeWindow=YES falsified=YES simT=29.930 realPX=657.150 fakePX=657.150 realSPD=15.000 fakeSPD=20.000 realTS=29.930 fakeTS=29.930 lane=4
[PASSIVE-BEACON] SIMNOW:29.947 CID:3 ZONE:2 RXUAV:2 EDGEPORT:9996 TS:29.930 SPD:20.000 HDG:0.000 PX:657.200 PY:-40.000 LAN:4 BRK:0 RX_X:0.000 RX_Y:0.000 RX_Z:0.000
[ZONE-ROUTE] CID:3 zone=1 edge_port=9998
[EDGE-RTT] CID:3 wall=1.0 ms  sim_delay=5.0 ms
>>> [UAV->CLOUD] BLK:03cc|TX:7.0.0.7|CID:3|TS:29.930|SPD:20.0|HDG:0.0|PX:657.2|PY:-40.0|L...
[ECON-GATE] CID:3 probation active - suppressing OK reward 1.0
✓ [CAR 3] ACT=OK REP=0.918 RWD=0.000 PNL=0.000 CREDIT=1
[HANDOVER] CID:0 trigger from_Z1 to_Z2 at posX=628.200 distLeft=271.800m loaded=NO RAWRESP=[HANDOVER_TRIGGER_ACK CID:0 TO_ZONE:2]
[HANDOVER] CID:1 trigger from_Z1 to_Z2 at posX=638.200 distLeft=261.800m loaded=NO RAWRESP=[HANDOVER_TRIGGER_ACK CID:1 TO_ZONE:2]
[HANDOVER] CID:2 trigger from_Z1 to_Z2 at posX=648.200 distLeft=251.800m loaded=NO RAWRESP=[HANDOVER_TRIGGER_ACK CID:2 TO_ZONE:2]
[HANDOVER] CID:3 trigger from_Z1 to_Z2 at posX=658.200 distLeft=241.800m loaded=NO RAWRESP=[HANDOVER_TRIGGER_ACK CID:3 TO_ZONE:2]
[HANDOVER] CID:4 trigger from_Z1 to_Z2 at posX=650.600 distLeft=249.400m loaded=NO RAWRESP=[HANDOVER_TRIGGER_ACK CID:4 TO_ZONE:2]
[HANDOVER] CID:5 trigger from_Z1 to_Z2 at posX=648.200 distLeft=251.800m loaded=NO RAWRESP=[HANDOVER_TRIGGER_ACK CID:5 TO_ZONE:2]
[HANDOVER] CID:6 trigger from_Z1 to_Z2 at posX=658.200 distLeft=241.800m loaded=NO RAWRESP=[HANDOVER_TRIGGER_ACK CID:6 TO_ZONE:2]
[HANDOVER] CID:7 trigger from_Z1 to_Z2 at posX=668.200 distLeft=231.800m loaded=NO RAWRESP=[HANDOVER_TRIGGER_ACK CID:7 TO_ZONE:2]
[HANDOVER] CID:8 trigger from_Z1 to_Z2 at posX=678.200 distLeft=221.800m loaded=NO RAWRESP=[HANDOVER_TRIGGER_ACK CID:8 TO_ZONE:2]
[HANDOVER] CID:9 trigger from_Z1 to_Z2 at posX=670.600 distLeft=229.400m loaded=NO RAWRESP=[HANDOVER_TRIGGER_ACK CID:9 TO_ZONE:2]
[ATTACK-EMIT] CID:1 activeWindow=YES falsified=YES simT=30.070 realPX=639.250 fakePX=639.250 realSPD=15.000 fakeSPD=20.000 realTS=30.070 fakeTS=30.070 lane=2
[PASSIVE-BEACON] SIMNOW:30.084 CID:1 ZONE:2 RXUAV:2 EDGEPORT:9996 TS:30.070 SPD:20.000 HDG:0.000 PX:639.300 PY:-20.000 LAN:2 BRK:0 RX_X:0.000 RX_Y:0.000 RX_Z:0.000
[ZONE-ROUTE] CID:1 zone=1 edge_port=9998
[EDGE-RTT] CID:1 wall=0.8 ms  sim_delay=5.0 ms
[NASH-GATE] CID:1 p=1.000 p*=0.318 rho_hat=0.427 streak=2 windowHits=2/4 EU_ban=1.500 -> CONFIRMED BAN (SLOW_LANE punishment sent)
[ATTACK-EMIT] CID:4 activeWindow=YES falsified=YES simT=30.090 realPX=652.850 fakePX=652.850 realSPD=25.000 fakeSPD=20.000 realTS=30.090 fakeTS=30.090 lane=5
[ECON-CLAWBACK] CID:1 ACT=BAN prior_payoff=-78.847 extra_penalty=5.000 new_payoff=-84.347
[FORGIVENESS] CID:1 BAN#1 excused (first confirmed offence) honest_wins=0 (preserved)
[BAN-PUNISH] CID:1 SLOW_LANE EXILE → LAN=99 speed=20.000 m/s  return_threshold=60
✗ [CAR 1] ACT=BAN REP=0.471 RWD=0.000 PNL=5.500 CREDIT=-8
[PASSIVE-BEACON] SIMNOW:30.107 CID:4 ZONE:2 RXUAV:2 EDGEPORT:9996 TS:30.090 SPD:20.000 HDG:0.000 PX:652.900 PY:-50.000 LAN:5 BRK:0 RX_X:0.000 RX_Y:0.000 RX_Z:0.000
[ZONE-ROUTE] CID:4 zone=1 edge_port=9998
[EDGE-RTT] CID:4 wall=0.8 ms  sim_delay=5.0 ms
>>> [UAV->CLOUD] BLK:c43e|TX:7.0.0.8|CID:4|TS:30.090|SPD:20.0|HDG:0.0|PX:652.9|PY:-50.0|L...
[ECON-GATE] CID:4 probation active - suppressing OK reward 0.9
✓ [CAR 4] ACT=OK REP=0.913 RWD=0.000 PNL=0.000 CREDIT=1
[PASSIVE-BEACON] SIMNOW:30.156 CID:5 ZONE:2 RXUAV:2 EDGEPORT:9996 TS:30.142 SPD:14.800 HDG:-1.100 PX:650.500 PY:-10.000 LAN:1 BRK:0 RX_X:0.000 RX_Y:0.000 RX_Z:0.000
[ZONE-ROUTE] CID:5 zone=1 edge_port=9998
[EDGE-RTT] CID:5 wall=0.7 ms  sim_delay=10.0 ms
>>> [UAV->CLOUD] BLK:6838|TX:7.0.0.9|CID:5|TS:30.142|SPD:14.8|HDG:-1.1|PX:650.5|PY:-10.0|...
[ECON-GATE] CID:5 probation active - suppressing OK reward 1.0
✓ [CAR 5] ACT=OK REP=0.300 RWD=0.000 PNL=0.000 CREDIT=11
[PASSIVE-BEACON] SIMNOW:30.227 CID:9 ZONE:2 RXUAV:2 EDGEPORT:9996 TS:30.212 SPD:24.900 HDG:-0.000 PX:675.300 PY:-50.000 LAN:5 BRK:0 RX_X:0.000 RX_Y:0.000 RX_Z:0.000
[ZONE-ROUTE] CID:9 zone=1 edge_port=9998
[EDGE-RTT] CID:9 wall=1.1 ms  sim_delay=5.0 ms
>>> [UAV->CLOUD] BLK:7e84|TX:7.0.0.13|CID:9|TS:30.212|SPD:24.9|HDG:-0.0|PX:675.3|PY:-50.0...
[ATTACK-EMIT] CID:2 activeWindow=YES falsified=YES simT=30.230 realPX=651.650 fakePX=651.650 realSPD=15.000 fakeSPD=20.000 realTS=30.230 fakeTS=30.230 lane=3
[ECON-CLAWBACK] CID:9 ACT=WARN prior_payoff=-59.805 extra_penalty=5.750 new_payoff=-65.656
[FORGIVENESS] CID:9 WARN #20 — streak reset, benefits revoked
⚠ [CAR 9] ACT=WARN REP=0.656 RWD=0.000 PNL=5.851 CREDIT=-2
[PASSIVE-BEACON] SIMNOW:30.244 CID:2 ZONE:2 RXUAV:2 EDGEPORT:9996 TS:30.230 SPD:20.000 HDG:0.000 PX:651.700 PY:-30.000 LAN:3 BRK:0 RX_X:0.000 RX_Y:0.000 RX_Z:0.000
[ZONE-ROUTE] CID:2 zone=1 edge_port=9998
[EDGE-RTT] CID:2 wall=0.8 ms  sim_delay=5.0 ms
[NASH-GATE] CID:2 p=1.000 p*=0.318 rho_hat=0.431 streak=2 windowHits=2/4 EU_ban=1.500 -> CONFIRMED BAN (SLOW_LANE punishment sent)
[ECON-CLAWBACK] CID:2 ACT=BAN prior_payoff=-54.787 extra_penalty=5.000 new_payoff=-60.287
[FORGIVENESS] CID:2 BAN#1 excused (first confirmed offence) honest_wins=0 (preserved)
[BAN-PUNISH] CID:2 SLOW_LANE EXILE → LAN=99 speed=20.000 m/s  return_threshold=60
✗ [CAR 2] ACT=BAN REP=0.520 RWD=0.000 PNL=5.500 CREDIT=-3
[PASSIVE-BEACON] SIMNOW:30.266 CID:6 ZONE:2 RXUAV:2 EDGEPORT:9996 TS:30.252 SPD:15.300 HDG:-1.600 PX:662.000 PY:-20.000 LAN:2 BRK:0 RX_X:0.000 RX_Y:0.000 RX_Z:0.000
[ZONE-ROUTE] CID:6 zone=1 edge_port=9998
[EDGE-RTT] CID:6 wall=0.8 ms  sim_delay=5.0 ms
>>> [UAV->CLOUD] BLK:bf7f|TX:7.0.0.10|CID:6|TS:30.252|SPD:15.3|HDG:-1.6|PX:662.0|PY:-20.0...
[ECON-GATE] CID:6 probation active - suppressing OK reward 1.0
✓ [CAR 6] ACT=OK REP=0.623 RWD=0.000 PNL=0.000 CREDIT=7
[ATTACK-EMIT] CID:8 activeWindow=YES falsified=YES simT=30.302 realPX=682.730 fakePX=682.730 realSPD=15.000 fakeSPD=20.000 realTS=30.302 fakeTS=30.302 lane=99
[PASSIVE-BEACON] SIMNOW:30.314 CID:8 ZONE:2 RXUAV:2 EDGEPORT:9996 TS:30.302 SPD:20.000 HDG:0.000 PX:682.700 PY:-40.000 LAN:99 BRK:0 RX_X:0.000 RX_Y:0.000 RX_Z:0.000
[ATTACK-EMIT] CID:7 activeWindow=YES falsified=YES simT=30.332 realPX=673.180 fakePX=561.214 realSPD=15.000 fakeSPD=20.000 realTS=30.332 fakeTS=29.832 lane=99
[PASSIVE-BEACON] SIMNOW:30.349 CID:7 ZONE:1 RXUAV:1 EDGEPORT:9998 TS:29.832 SPD:20.000 HDG:0.000 PX:561.200 PY:-30.000 LAN:99 BRK:0 RX_X:0.000 RX_Y:0.000 RX_Z:0.000
[ATTACK-EMIT] CID:0 activeWindow=YES falsified=YES simT=30.410 realPX=634.350 fakePX=634.350 realSPD=15.000 fakeSPD=20.000 realTS=30.410 fakeTS=30.410 lane=99
[PASSIVE-BEACON] SIMNOW:30.424 CID:0 ZONE:2 RXUAV:2 EDGEPORT:9996 TS:30.410 SPD:20.000 HDG:0.000 PX:634.400 PY:-10.000 LAN:99 BRK:0 RX_X:0.000 RX_Y:0.000 RX_Z:0.000
[ATTACK-EMIT] CID:3 activeWindow=YES falsified=YES simT=30.430 realPX=664.650 fakePX=571.326 realSPD=15.000 fakeSPD=20.000 realTS=30.430 fakeTS=29.930 lane=4
[PASSIVE-BEACON] SIMNOW:30.444 CID:3 ZONE:1 RXUAV:1 EDGEPORT:9998 TS:29.930 SPD:20.000 HDG:0.000 PX:571.300 PY:-40.000 LAN:4 BRK:0 RX_X:0.000 RX_Y:0.000 RX_Z:0.000
[ZONE-ROUTE] CID:3 zone=1 edge_port=9998
[EDGE-RTT] CID:3 wall=0.9 ms  sim_delay=5.0 ms
[NASH-GATE] CID:3 p=0.3 p*=0.3 EDGE=BAN nashConfirms=N windowConfirms=N obs=53/15 p_car=0.385 -> WARN (insufficient evidence)
[ECON-CLAWBACK] CID:3 ACT=WARN prior_payoff=-39.104 extra_penalty=4.750 new_payoff=-44.024
[FORGIVENESS] CID:3 WARN #16 — streak reset, benefits revoked
⚠ [CAR 3] ACT=WARN REP=0.373 RWD=0.000 PNL=4.920 CREDIT=0
[ATTACK-EMIT] CID:1 activeWindow=YES falsified=YES simT=30.570 realPX=646.750 fakePX=646.750 realSPD=15.000 fakeSPD=20.000 realTS=30.570 fakeTS=30.570 lane=99
[PASSIVE-BEACON] SIMNOW:30.583 CID:1 ZONE:2 RXUAV:2 EDGEPORT:9996 TS:30.570 SPD:20.000 HDG:0.000 PX:646.800 PY:-20.000 LAN:99 BRK:0 RX_X:0.000 RX_Y:0.000 RX_Z:0.000
[ATTACK-EMIT] CID:4 activeWindow=YES falsified=YES simT=30.590 realPX=665.350 fakePX=565.176 realSPD=25.000 fakeSPD=20.000 realTS=30.590 fakeTS=30.090 lane=5
[PASSIVE-BEACON] SIMNOW:30.604 CID:4 ZONE:1 RXUAV:1 EDGEPORT:9998 TS:30.090 SPD:20.000 HDG:0.000 PX:565.200 PY:-50.000 LAN:5 BRK:0 RX_X:0.000 RX_Y:0.000 RX_Z:0.000
[ZONE-ROUTE] CID:4 zone=1 edge_port=9998
[EDGE-RTT] CID:4 wall=0.9 ms  sim_delay=5.0 ms
[NASH-GATE] CID:4 p=0.4 p*=0.3 rho_hat=0.4 Nash=BAN windowHits=1/4 -> WARN (pending confirmation)
[ECON-CLAWBACK] CID:4 ACT=WARN prior_payoff=-29.9 extra_penalty=4.2 new_payoff=-34.3
[FORGIVENESS] CID:4 WARN #14 — streak reset, benefits revoked
⚠ [CAR 4] ACT=WARN REP=0.666 RWD=0.000 PNL=4.444 CREDIT=0
[PASSIVE-BEACON] SIMNOW:30.656 CID:5 ZONE:2 RXUAV:2 EDGEPORT:9996 TS:30.642 SPD:14.800 HDG:-1.300 PX:657.500 PY:-10.000 LAN:1 BRK:0 RX_X:0.000 RX_Y:0.000 RX_Z:0.000
[HTD] CID:5 handover Z1->Z2 trust discounted at PX=657.5 delta=0.3 alpha:17.5->6.6 beta:14.8->5.1 obs/window reset probationK=10
[CUSUM] CID:5 activated at HANDOVER Z1->Z2 PX=657.5 warmupK=0 mu0=0.2 h=0.8 minObs=3 edgeMax=0.5
[ZONE-ROUTE] CID:5 zone=2 edge_port=9996
[EDGE-RTT] CID:5 wall=2.0 ms  sim_delay=10.0 ms
[CUSUM] CID:5 S=0.000/0.800 pEdge=0.000 pCusum=0.020
[POST-HANDOVER] CID:5 zone=2 pkt=1/10 credit_factor=0.150
>>> [UAV->CLOUD] BLK:5de9|TX:7.0.0.9|CID:5|TS:30.642|SPD:14.8|HDG:-1.3|PX:657.5|PY:-10.0|...
[ECON-GATE] CID:5 probation active - suppressing OK reward 1.000
✓ [CAR 5] ACT=OK REP=0.392 RWD=0.000 PNL=0.000 CREDIT=12
[PASSIVE-BEACON] SIMNOW:30.729 CID:9 ZONE:2 RXUAV:2 EDGEPORT:9996 TS:30.712 SPD:25.300 HDG:-1.300 PX:688.900 PY:-50.000 LAN:5 BRK:0 RX_X:0.000 RX_Y:0.000 RX_Z:0.000
[HTD] CID:9 handover Z1->Z2 trust discounted at PX=688.9 delta=0.3 alpha:19.4->7.2 beta:13.0->4.6 obs/window reset probationK=10
[CUSUM] CID:9 activated at HANDOVER Z1->Z2 PX=688.9 warmupK=0 mu0=0.2 h=0.8 minObs=3 edgeMax=0.5
[ZONE-ROUTE] CID:9 zone=2 edge_port=9996
[EDGE-RTT] CID:9 wall=1.7 ms  sim_delay=5.0 ms
[CUSUM] CID:9 S=0.000/0.800 pEdge=0.206 pCusum=0.020
[POST-HANDOVER] CID:9 zone=2 pkt=1/10 credit_factor=0.150
>>> [UAV->CLOUD] BLK:8b50|TX:7.0.0.13|CID:9|TS:30.712|SPD:25.3|HDG:-1.3|PX:688.9|PY:-50.0...
[ATTACK-EMIT] CID:2 activeWindow=YES falsified=YES simT=30.730 realPX=659.150 fakePX=659.150 realSPD=15.000 fakeSPD=20.000 realTS=30.730 fakeTS=30.730 lane=99
[ECON-CLAWBACK] CID:9 ACT=WARN prior_payoff=-65.656 extra_penalty=6.000 new_payoff=-71.759
[FORGIVENESS] CID:9 WARN #21 — streak reset, benefits revoked
⚠ [CAR 9] ACT=WARN REP=0.955 RWD=0.000 PNL=6.103 CREDIT=-2
[PASSIVE-BEACON] SIMNOW:30.747 CID:2 ZONE:2 RXUAV:2 EDGEPORT:9996 TS:30.730 SPD:20.000 HDG:0.000 PX:659.200 PY:-30.000 LAN:99 BRK:0 RX_X:0.000 RX_Y:0.000 RX_Z:0.000
[PASSIVE-BEACON] SIMNOW:30.766 CID:6 ZONE:2 RXUAV:2 EDGEPORT:9996 TS:30.752 SPD:14.800 HDG:-0.600 PX:668.900 PY:-20.000 LAN:2 BRK:0 RX_X:0.000 RX_Y:0.000 RX_Z:0.000
[HTD] CID:6 handover Z1->Z2 trust discounted at PX=668.9 delta=0.3 alpha:18.4->6.9 beta:14.1->4.9 obs/window reset probationK=10
[CUSUM] CID:6 activated at HANDOVER Z1->Z2 PX=668.9 warmupK=0 mu0=0.2 h=0.8 minObs=3 edgeMax=0.5
[ZONE-ROUTE] CID:6 zone=2 edge_port=9996
[EDGE-RTT] CID:6 wall=1.6 ms  sim_delay=5.0 ms
[CUSUM] CID:6 S=0.000/0.800 pEdge=0.000 pCusum=0.020
[POST-HANDOVER] CID:6 zone=2 pkt=1/10 credit_factor=0.150
>>> [UAV->CLOUD] BLK:bb14|TX:7.0.0.10|CID:6|TS:30.752|SPD:14.8|HDG:-0.6|PX:668.9|PY:-20.0...
[ECON-GATE] CID:6 probation active - suppressing OK reward 1.000
✓ [CAR 6] ACT=OK REP=0.472 RWD=0.000 PNL=0.000 CREDIT=8
[ATTACK-EMIT] CID:8 activeWindow=YES falsified=YES simT=30.802 realPX=690.230 fakePX=562.892 realSPD=15.000 fakeSPD=20.000 realTS=30.802 fakeTS=30.302 lane=99
[PASSIVE-BEACON] SIMNOW:30.816 CID:8 ZONE:1 RXUAV:1 EDGEPORT:9998 TS:30.302 SPD:20.000 HDG:0.000 PX:562.900 PY:-40.000 LAN:99 BRK:0 RX_X:0.000 RX_Y:0.000 RX_Z:0.000
[ATTACK-EMIT] CID:7 activeWindow=YES falsified=YES simT=30.832 realPX=680.680 fakePX=680.680 realSPD=15.000 fakeSPD=20.000 realTS=30.832 fakeTS=30.832 lane=99
[PASSIVE-BEACON] SIMNOW:30.846 CID:7 ZONE:2 RXUAV:2 EDGEPORT:9996 TS:30.832 SPD:20.000 HDG:0.000 PX:680.700 PY:-30.000 LAN:99 BRK:0 RX_X:0.000 RX_Y:0.000 RX_Z:0.000
[ATTACK-EMIT] CID:0 activeWindow=YES falsified=YES simT=30.910 realPX=641.850 fakePX=641.850 realSPD=15.000 fakeSPD=20.000 realTS=30.910 fakeTS=30.910 lane=99
[PASSIVE-BEACON] SIMNOW:30.924 CID:0 ZONE:2 RXUAV:2 EDGEPORT:9996 TS:30.910 SPD:20.000 HDG:0.000 PX:641.900 PY:-10.000 LAN:99 BRK:1 RX_X:0.000 RX_Y:0.000 RX_Z:0.000
[ATTACK-EMIT] CID:3 activeWindow=YES falsified=YES simT=30.930 realPX=672.150 fakePX=672.150 realSPD=15.000 fakeSPD=20.000 realTS=30.930 fakeTS=30.930 lane=4
[PKT-DROP] UAV dropped telemetry from 7.0.0.7 (drop_rate=5%)
[ATTACK-EMIT] CID:1 activeWindow=YES falsified=YES simT=31.070 realPX=654.250 fakePX=570.000 realSPD=15.000 fakeSPD=20.000 realTS=31.070 fakeTS=30.570 lane=99
[PASSIVE-BEACON] SIMNOW:31.084 CID:1 ZONE:1 RXUAV:1 EDGEPORT:9998 TS:30.570 SPD:20.000 HDG:0.000 PX:570.000 PY:-20.000 LAN:99 BRK:0 RX_X:0.000 RX_Y:0.000 RX_Z:0.000
[ATTACK-EMIT] CID:4 activeWindow=YES falsified=YES simT=31.090 realPX=677.850 fakePX=677.850 realSPD=25.000 fakeSPD=20.000 realTS=31.090 fakeTS=31.090 lane=5
[PASSIVE-BEACON] SIMNOW:31.104 CID:4 ZONE:2 RXUAV:2 EDGEPORT:9996 TS:31.090 SPD:20.000 HDG:0.000 PX:677.900 PY:-50.000 LAN:5 BRK:0 RX_X:0.000 RX_Y:0.000 RX_Z:0.000
[HTD] CID:4 handover Z1->Z2 trust discounted at PX=677.9 delta=0.3 alpha:23.3->8.4 beta:11.6->4.2 obs/window reset probationK=10
[CUSUM] CID:4 activated at HANDOVER Z1->Z2 PX=677.9 warmupK=0 mu0=0.2 h=0.8 minObs=3 edgeMax=0.5
[ZONE-ROUTE] CID:4 zone=2 edge_port=9996
[EDGE-RTT] CID:4 wall=1.9 ms  sim_delay=5.0 ms
[CUSUM] CID:4 S=0.000/0.800 pEdge=0.001 pCusum=0.020
[POST-HANDOVER] CID:4 zone=2 pkt=1/10 credit_factor=0.150
>>> [UAV->CLOUD] BLK:6a52|TX:7.0.0.8|CID:4|TS:31.090|SPD:20.0|HDG:0.0|PX:677.9|PY:-50.0|L...
[ECON-GATE] CID:4 probation active - suppressing OK reward 0.999
✓ [CAR 4] ACT=OK REP=0.834 RWD=0.000 PNL=0.000 CREDIT=2
[PASSIVE-BEACON] SIMNOW:31.156 CID:5 ZONE:2 RXUAV:2 EDGEPORT:9996 TS:31.142 SPD:15.400 HDG:0.500 PX:665.500 PY:-10.000 LAN:1 BRK:0 RX_X:0.000 RX_Y:0.000 RX_Z:0.000
[ZONE-ROUTE] CID:5 zone=2 edge_port=9996
[EDGE-RTT] CID:5 wall=1.3 ms  sim_delay=10.0 ms
[CUSUM] CID:5 S=0.000/0.800 pEdge=0.000 pCusum=0.020
[POST-HANDOVER] CID:5 zone=2 pkt=2/10 credit_factor=0.150
>>> [UAV->CLOUD] BLK:3b3d|TX:7.0.0.9|CID:5|TS:31.142|SPD:15.4|HDG:0.5|PX:665.5|PY:-10.0|L...
[ECON-GATE] CID:5 probation active - suppressing OK reward 1.000
✓ [CAR 5] ACT=OK REP=0.456 RWD=0.000 PNL=0.000 CREDIT=13
[PASSIVE-BEACON] SIMNOW:31.226 CID:9 ZONE:2 RXUAV:2 EDGEPORT:9996 TS:31.212 SPD:24.600 HDG:1.600 PX:700.500 PY:-50.000 LAN:5 BRK:0 RX_X:0.000 RX_Y:0.000 RX_Z:0.000
[ZONE-ROUTE] CID:9 zone=2 edge_port=9996
[EDGE-RTT] CID:9 wall=1.6 ms  sim_delay=5.0 ms
[CUSUM] CID:9 S=0.000/0.800 pEdge=0.201 pCusum=0.020
[POST-HANDOVER] CID:9 zone=2 pkt=2/10 credit_factor=0.150
>>> [UAV->CLOUD] BLK:7dc6|TX:7.0.0.13|CID:9|TS:31.212|SPD:24.6|HDG:1.6|PX:700.5|PY:-50.0|...
[ATTACK-EMIT] CID:2 activeWindow=YES falsified=YES simT=31.230 realPX=666.650 fakePX=563.778 realSPD=15.000 fakeSPD=20.000 realTS=31.230 fakeTS=30.730 lane=99
[ECON-CLAWBACK] CID:9 ACT=WARN prior_payoff=-71.759 extra_penalty=6.250 new_payoff=-78.110
[FORGIVENESS] CID:9 WARN #22 — streak reset, benefits revoked
⚠ [CAR 9] ACT=WARN REP=0.620 RWD=0.000 PNL=6.351 CREDIT=-2
[PASSIVE-BEACON] SIMNOW:31.244 CID:2 ZONE:1 RXUAV:1 EDGEPORT:9998 TS:30.730 SPD:20.000 HDG:0.000 PX:563.800 PY:-30.000 LAN:99 BRK:0 RX_X:0.000 RX_Y:0.000 RX_Z:0.000
[PASSIVE-BEACON] SIMNOW:31.266 CID:6 ZONE:2 RXUAV:2 EDGEPORT:9996 TS:31.252 SPD:14.600 HDG:1.000 PX:677.000 PY:-20.000 LAN:2 BRK:0 RX_X:0.000 RX_Y:0.000 RX_Z:0.000
[ZONE-ROUTE] CID:6 zone=2 edge_port=9996
[EDGE-RTT] CID:6 wall=1.8 ms  sim_delay=5.0 ms
[CUSUM] CID:6 S=0.000/0.800 pEdge=0.000 pCusum=0.020
[POST-HANDOVER] CID:6 zone=2 pkt=2/10 credit_factor=0.150
>>> [UAV->CLOUD] BLK:6a5e|TX:7.0.0.10|CID:6|TS:31.252|SPD:14.6|HDG:1.0|PX:677.0|PY:-20.0|...
[ECON-GATE] CID:6 probation active - suppressing OK reward 1.000
✓ [CAR 6] ACT=OK REP=0.419 RWD=0.000 PNL=0.000 CREDIT=9
[ATTACK-EMIT] CID:8 activeWindow=YES falsified=YES simT=31.302 realPX=697.730 fakePX=697.730 realSPD=15.000 fakeSPD=20.000 realTS=31.302 fakeTS=31.302 lane=99
[PASSIVE-BEACON] SIMNOW:31.316 CID:8 ZONE:2 RXUAV:2 EDGEPORT:9996 TS:31.302 SPD:20.000 HDG:0.000 PX:697.700 PY:-40.000 LAN:99 BRK:0 RX_X:0.000 RX_Y:0.000 RX_Z:0.000
[ATTACK-EMIT] CID:7 activeWindow=YES falsified=YES simT=31.332 realPX=688.180 fakePX=688.180 realSPD=15.000 fakeSPD=20.000 realTS=31.332 fakeTS=31.332 lane=99
[PASSIVE-BEACON] SIMNOW:31.347 CID:7 ZONE:2 RXUAV:2 EDGEPORT:9996 TS:31.332 SPD:20.000 HDG:0.000 PX:688.200 PY:-30.000 LAN:99 BRK:0 RX_X:0.000 RX_Y:0.000 RX_Z:0.000
[ATTACK-EMIT] CID:0 activeWindow=YES falsified=YES simT=31.410 realPX=649.350 fakePX=566.844 realSPD=15.000 fakeSPD=20.000 realTS=31.410 fakeTS=30.910 lane=99
[PASSIVE-BEACON] SIMNOW:31.427 CID:0 ZONE:1 RXUAV:1 EDGEPORT:9998 TS:30.910 SPD:20.000 HDG:0.000 PX:566.800 PY:-10.000 LAN:99 BRK:0 RX_X:0.000 RX_Y:0.000 RX_Z:0.000
[ATTACK-EMIT] CID:3 activeWindow=YES falsified=YES simT=31.430 realPX=679.650 fakePX=679.650 realSPD=15.000 fakeSPD=20.000 realTS=31.430 fakeTS=31.430 lane=4
[PASSIVE-BEACON] SIMNOW:31.444 CID:3 ZONE:2 RXUAV:2 EDGEPORT:9996 TS:31.430 SPD:20.000 HDG:0.000 PX:679.700 PY:-40.000 LAN:4 BRK:0 RX_X:0.000 RX_Y:0.000 RX_Z:0.000
[HTD] CID:3 handover Z1->Z2 trust discounted at PX=679.7 delta=0.3 alpha:20.4->7.5 beta:12.7->4.5 obs/window reset probationK=10
[CUSUM] CID:3 activated at HANDOVER Z1->Z2 PX=679.7 warmupK=0 mu0=0.2 h=0.8 minObs=3 edgeMax=0.5
[ZONE-ROUTE] CID:3 zone=2 edge_port=9996
[EDGE-RTT] CID:3 wall=1.7 ms  sim_delay=5.0 ms
[CUSUM] CID:3 S=0.000/0.800 pEdge=0.001 pCusum=0.020
[POST-HANDOVER] CID:3 zone=2 pkt=1/10 credit_factor=0.150
>>> [UAV->CLOUD] BLK:4d1c|TX:7.0.0.7|CID:3|TS:31.430|SPD:20.0|HDG:0.0|PX:679.7|PY:-40.0|L...
[ECON-GATE] CID:3 probation active - suppressing OK reward 0.999
✓ [CAR 3] ACT=OK REP=0.495 RWD=0.000 PNL=0.000 CREDIT=2
[ATTACK-EMIT] CID:1 activeWindow=YES falsified=YES simT=31.570 realPX=661.750 fakePX=661.750 realSPD=15.000 fakeSPD=20.000 realTS=31.570 fakeTS=31.570 lane=99
[PASSIVE-BEACON] SIMNOW:31.584 CID:1 ZONE:2 RXUAV:2 EDGEPORT:9996 TS:31.570 SPD:20.000 HDG:0.000 PX:661.800 PY:-20.000 LAN:99 BRK:0 RX_X:0.000 RX_Y:0.000 RX_Z:0.000
[ATTACK-EMIT] CID:4 activeWindow=YES falsified=YES simT=31.590 realPX=690.350 fakePX=690.350 realSPD=25.000 fakeSPD=20.000 realTS=31.590 fakeTS=31.590 lane=5
[PASSIVE-BEACON] SIMNOW:31.607 CID:4 ZONE:2 RXUAV:2 EDGEPORT:9996 TS:31.590 SPD:20.000 HDG:0.000 PX:690.400 PY:-50.000 LAN:5 BRK:0 RX_X:0.000 RX_Y:0.000 RX_Z:0.000
[ZONE-ROUTE] CID:4 zone=2 edge_port=9996
[EDGE-RTT] CID:4 wall=1.9 ms  sim_delay=5.0 ms
[CUSUM] CID:4 S=0.000/0.800 pEdge=0.000 pCusum=0.020
[POST-HANDOVER] CID:4 zone=2 pkt=2/10 credit_factor=0.150
>>> [UAV->CLOUD] BLK:add9|TX:7.0.0.8|CID:4|TS:31.590|SPD:20.0|HDG:0.0|PX:690.4|PY:-50.0|L...
[ECON-GATE] CID:4 probation active - suppressing OK reward 1.000
✓ [CAR 4] ACT=OK REP=0.512 RWD=0.000 PNL=0.000 CREDIT=3
[PASSIVE-BEACON] SIMNOW:31.656 CID:5 ZONE:2 RXUAV:2 EDGEPORT:9996 TS:31.642 SPD:14.900 HDG:1.100 PX:673.200 PY:-10.000 LAN:1 BRK:1 RX_X:0.000 RX_Y:0.000 RX_Z:0.000
[ZONE-ROUTE] CID:5 zone=2 edge_port=9996
[EDGE-RTT] CID:5 wall=1.5 ms  sim_delay=10.0 ms
[CUSUM] CID:5 S=0.000/0.800 pEdge=0.000 pCusum=0.020
[POST-HANDOVER] CID:5 zone=2 pkt=3/10 credit_factor=0.150
>>> [UAV->CLOUD] BLK:c267|TX:7.0.0.9|CID:5|TS:31.642|SPD:14.9|HDG:1.1|PX:673.2|PY:-10.0|L...
[ECON-GATE] CID:5 probation active - suppressing OK reward 1.000
[ECON-RESTORE] CID:5 probation cleared after 15 clean packets
✓ [CAR 5] ACT=OK REP=0.611 RWD=0.000 PNL=0.000 CREDIT=14
[PASSIVE-BEACON] SIMNOW:31.730 CID:9 ZONE:2 RXUAV:2 EDGEPORT:9996 TS:31.712 SPD:24.900 HDG:0.300 PX:713.000 PY:-50.000 LAN:5 BRK:0 RX_X:0.000 RX_Y:0.000 RX_Z:0.000
[ZONE-ROUTE] CID:9 zone=2 edge_port=9996
[EDGE-RTT] CID:9 wall=1.6 ms  sim_delay=5.0 ms
[CUSUM] CID:9 S=0.000/0.800 pEdge=0.203 pCusum=0.020
[POST-HANDOVER] CID:9 zone=2 pkt=3/10 credit_factor=0.150
>>> [UAV->CLOUD] BLK:ec09|TX:7.0.0.13|CID:9|TS:31.712|SPD:24.9|HDG:0.3|PX:713.0|PY:-50.0|...
[ATTACK-EMIT] CID:2 activeWindow=YES falsified=YES simT=31.730 realPX=674.150 fakePX=674.150 realSPD=15.000 fakeSPD=20.000 realTS=31.730 fakeTS=31.730 lane=99
[ECON-CLAWBACK] CID:9 ACT=WARN prior_payoff=-78.110 extra_penalty=6.500 new_payoff=-84.712
[FORGIVENESS] CID:9 WARN #23 — streak reset, benefits revoked
⚠ [CAR 9] ACT=WARN REP=0.496 RWD=0.000 PNL=6.602 CREDIT=-2
[PASSIVE-BEACON] SIMNOW:31.744 CID:2 ZONE:2 RXUAV:2 EDGEPORT:9996 TS:31.730 SPD:20.000 HDG:0.000 PX:674.200 PY:-30.000 LAN:99 BRK:0 RX_X:0.000 RX_Y:0.000 RX_Z:0.000
[PASSIVE-BEACON] SIMNOW:31.766 CID:6 ZONE:2 RXUAV:2 EDGEPORT:9996 TS:31.752 SPD:14.900 HDG:1.600 PX:685.200 PY:-20.000 LAN:2 BRK:1 RX_X:0.000 RX_Y:0.000 RX_Z:0.000
[ZONE-ROUTE] CID:6 zone=2 edge_port=9996
[EDGE-RTT] CID:6 wall=1.6 ms  sim_delay=5.0 ms
[CUSUM] CID:6 S=0.000/0.800 pEdge=0.000 pCusum=0.020
[POST-HANDOVER] CID:6 zone=2 pkt=3/10 credit_factor=0.150
>>> [UAV->CLOUD] BLK:3036|TX:7.0.0.10|CID:6|TS:31.752|SPD:14.9|HDG:1.6|PX:685.2|PY:-20.0|...
[ECON-GATE] CID:6 probation active - suppressing OK reward 1.000
✓ [CAR 6] ACT=OK REP=0.699 RWD=0.000 PNL=0.000 CREDIT=10
[ATTACK-EMIT] CID:8 activeWindow=YES falsified=YES simT=31.802 realPX=705.230 fakePX=705.230 realSPD=15.000 fakeSPD=20.000 realTS=31.802 fakeTS=31.802 lane=99
[PASSIVE-BEACON] SIMNOW:31.815 CID:8 ZONE:2 RXUAV:2 EDGEPORT:9996 TS:31.802 SPD:20.000 HDG:0.000 PX:705.200 PY:-40.000 LAN:99 BRK:0 RX_X:0.000 RX_Y:0.000 RX_Z:0.000
[ATTACK-EMIT] CID:7 activeWindow=YES falsified=YES simT=31.832 realPX=695.680 fakePX=561.130 realSPD=15.000 fakeSPD=20.000 realTS=31.832 fakeTS=31.332 lane=99
[PASSIVE-BEACON] SIMNOW:31.846 CID:7 ZONE:1 RXUAV:1 EDGEPORT:9998 TS:31.332 SPD:20.000 HDG:0.000 PX:561.100 PY:-30.000 LAN:99 BRK:1 RX_X:0.000 RX_Y:0.000 RX_Z:0.000
[ATTACK-EMIT] CID:0 activeWindow=YES falsified=YES simT=31.910 realPX=656.850 fakePX=656.850 realSPD=15.000 fakeSPD=20.000 realTS=31.910 fakeTS=31.910 lane=99
[PASSIVE-BEACON] SIMNOW:31.924 CID:0 ZONE:2 RXUAV:2 EDGEPORT:9996 TS:31.910 SPD:20.000 HDG:0.000 PX:656.900 PY:-10.000 LAN:99 BRK:0 RX_X:0.000 RX_Y:0.000 RX_Z:0.000
[ATTACK-EMIT] CID:3 activeWindow=YES falsified=YES simT=31.930 realPX=687.150 fakePX=571.242 realSPD=15.000 fakeSPD=20.000 realTS=31.930 fakeTS=31.430 lane=4
[PASSIVE-BEACON] SIMNOW:31.944 CID:3 ZONE:1 RXUAV:1 EDGEPORT:9998 TS:31.430 SPD:20.000 HDG:0.000 PX:571.200 PY:-40.000 LAN:4 BRK:1 RX_X:0.000 RX_Y:0.000 RX_Z:0.000
[ZONE-ROUTE] CID:3 zone=2 edge_port=9996
[EDGE-RTT] CID:3 wall=1.8 ms  sim_delay=5.0 ms
[CUSUM] CID:3 S=0.150/0.800 pEdge=0.246 pCusum=0.350
[POST-HANDOVER] CID:3 zone=2 pkt=2/10 credit_factor=0.150
>>> [UAV->CLOUD] BLK:f733|TX:7.0.0.7|CID:3|TS:31.430|SPD:20.0|HDG:0.0|PX:571.2|PY:-40.0|L...
[ECON-CLAWBACK] CID:3 ACT=WARN prior_payoff=-44.024 extra_penalty=5.000 new_payoff=-49.147
[FORGIVENESS] CID:3 WARN #17 — streak reset, benefits revoked
⚠ [CAR 3] ACT=WARN REP=0.636 RWD=0.000 PNL=5.123 CREDIT=1
[ATTACK-EMIT] CID:1 activeWindow=YES falsified=YES simT=32.070 realPX=669.250 fakePX=669.250 realSPD=15.000 fakeSPD=20.000 realTS=32.070 fakeTS=32.070 lane=99
[PASSIVE-BEACON] SIMNOW:32.083 CID:1 ZONE:2 RXUAV:2 EDGEPORT:9996 TS:32.070 SPD:20.000 HDG:0.000 PX:669.300 PY:-20.000 LAN:99 BRK:0 RX_X:0.000 RX_Y:0.000 RX_Z:0.000
[ATTACK-EMIT] CID:4 activeWindow=YES falsified=YES simT=32.090 realPX=699.550 fakePX=565.446 realSPD=15.000 fakeSPD=20.000 realTS=32.090 fakeTS=31.590 lane=5
[PASSIVE-BEACON] SIMNOW:32.104 CID:4 ZONE:1 RXUAV:1 EDGEPORT:9998 TS:31.590 SPD:20.000 HDG:0.000 PX:565.400 PY:-50.000 LAN:5 BRK:0 RX_X:0.000 RX_Y:0.000 RX_Z:0.000
[ZONE-ROUTE] CID:4 zone=2 edge_port=9996
[EDGE-RTT] CID:4 wall=1.5 ms  sim_delay=5.0 ms
[CUSUM] CID:4 S=0.150/0.800 pEdge=0.290 pCusum=0.350
[POST-HANDOVER] CID:4 zone=2 pkt=3/10 credit_factor=0.150
>>> [UAV->CLOUD] BLK:3485|TX:7.0.0.8|CID:4|TS:31.590|SPD:20.0|HDG:0.0|PX:565.4|PY:-50.0|L...
[ECON-CLAWBACK] CID:4 ACT=WARN prior_payoff=-34.299 extra_penalty=4.500 new_payoff=-38.944
[FORGIVENESS] CID:4 WARN #15 — streak reset, benefits revoked
⚠ [CAR 4] ACT=WARN REP=0.804 RWD=0.000 PNL=4.645 CREDIT=2
[PASSIVE-BEACON] SIMNOW:32.156 CID:5 ZONE:2 RXUAV:2 EDGEPORT:9996 TS:32.142 SPD:15.100 HDG:0.700 PX:679.700 PY:-10.000 LAN:1 BRK:0 RX_X:0.000 RX_Y:0.000 RX_Z:0.000
[ZONE-ROUTE] CID:5 zone=2 edge_port=9996
[EDGE-RTT] CID:5 wall=1.4 ms  sim_delay=10.0 ms
[CUSUM] CID:5 S=0.000/0.800 pEdge=0.000 pCusum=0.020
[POST-HANDOVER] CID:5 zone=2 pkt=4/10 credit_factor=0.150
>>> [UAV->CLOUD] BLK:9238|TX:7.0.0.9|CID:5|TS:32.142|SPD:15.1|HDG:0.7|PX:679.7|PY:-10.0|L...
✓ [CAR 5] ACT=OK REP=0.866 RWD=1.000 PNL=0.000 CREDIT=15
[PKT-DROP] UAV dropped telemetry from 7.0.0.13 (drop_rate=5%)
[ATTACK-EMIT] CID:2 activeWindow=YES falsified=YES simT=32.230 realPX=681.650 fakePX=681.650 realSPD=15.000 fakeSPD=20.000 realTS=32.230 fakeTS=32.230 lane=99
[PASSIVE-BEACON] SIMNOW:32.244 CID:2 ZONE:2 RXUAV:2 EDGEPORT:9996 TS:32.230 SPD:20.000 HDG:0.000 PX:681.700 PY:-30.000 LAN:99 BRK:0 RX_X:0.000 RX_Y:0.000 RX_Z:0.000
[PASSIVE-BEACON] SIMNOW:32.266 CID:6 ZONE:2 RXUAV:2 EDGEPORT:9996 TS:32.252 SPD:15.400 HDG:1.100 PX:692.600 PY:-20.000 LAN:2 BRK:1 RX_X:0.000 RX_Y:0.000 RX_Z:0.000
[ZONE-ROUTE] CID:6 zone=2 edge_port=9996
[EDGE-RTT] CID:6 wall=1.7 ms  sim_delay=5.0 ms
[CUSUM] CID:6 S=0.000/0.800 pEdge=0.000 pCusum=0.020
[POST-HANDOVER] CID:6 zone=2 pkt=4/10 credit_factor=0.150
>>> [UAV->CLOUD] BLK:1e5d|TX:7.0.0.10|CID:6|TS:32.252|SPD:15.4|HDG:1.1|PX:692.6|PY:-20.0|...
[ECON-GATE] CID:6 probation active - suppressing OK reward 1.000
✓ [CAR 6] ACT=OK REP=0.594 RWD=0.000 PNL=0.000 CREDIT=11
[ATTACK-EMIT] CID:8 activeWindow=YES falsified=YES simT=32.302 realPX=712.730 fakePX=562.898 realSPD=15.000 fakeSPD=20.000 realTS=32.302 fakeTS=31.802 lane=99
[PASSIVE-BEACON] SIMNOW:32.316 CID:8 ZONE:1 RXUAV:1 EDGEPORT:9998 TS:31.802 SPD:20.000 HDG:0.000 PX:562.900 PY:-40.000 LAN:99 BRK:0 RX_X:0.000 RX_Y:0.000 RX_Z:0.000
[ATTACK-EMIT] CID:7 activeWindow=YES falsified=YES simT=32.332 realPX=703.180 fakePX=703.180 realSPD=15.000 fakeSPD=20.000 realTS=32.332 fakeTS=32.332 lane=99
[PKT-DROP] UAV dropped telemetry from 7.0.0.11 (drop_rate=5%)
[ATTACK-EMIT] CID:0 activeWindow=YES falsified=YES simT=32.410 realPX=664.350 fakePX=664.350 realSPD=15.000 fakeSPD=20.000 realTS=32.410 fakeTS=32.410 lane=99
[PASSIVE-BEACON] SIMNOW:32.424 CID:0 ZONE:2 RXUAV:2 EDGEPORT:9996 TS:32.410 SPD:20.000 HDG:0.000 PX:664.400 PY:-10.000 LAN:99 BRK:0 RX_X:0.000 RX_Y:0.000 RX_Z:0.000
[ATTACK-EMIT] CID:3 activeWindow=YES falsified=YES simT=32.430 realPX=694.650 fakePX=694.650 realSPD=15.000 fakeSPD=20.000 realTS=32.430 fakeTS=32.430 lane=4
[PASSIVE-BEACON] SIMNOW:32.444 CID:3 ZONE:2 RXUAV:2 EDGEPORT:9996 TS:32.430 SPD:20.000 HDG:0.000 PX:694.700 PY:-40.000 LAN:4 BRK:1 RX_X:0.000 RX_Y:0.000 RX_Z:0.000
[ZONE-ROUTE] CID:3 zone=2 edge_port=9996
[EDGE-RTT] CID:3 wall=1.6 ms  sim_delay=5.0 ms
[CUSUM-BAN] CID:3 change-point detected S=0.900 > h=0.800 pEdge=0.129 (post-handover behavioral change)
[ECON-CLAWBACK] CID:3 ACT=BAN prior_payoff=-49.147 extra_penalty=5.000 new_payoff=-54.647
[FORGIVENESS] CID:3 BAN#1 excused (first confirmed offence) honest_wins=0 (preserved)
[BAN-PUNISH] CID:3 SLOW_LANE EXILE → LAN=99 speed=20.000 m/s  return_threshold=60
✗ [CAR 3] ACT=BAN REP=0.616 RWD=0.000 PNL=5.500 CREDIT=-10
[ATTACK-EMIT] CID:1 activeWindow=YES falsified=YES simT=32.570 realPX=676.750 fakePX=569.604 realSPD=15.000 fakeSPD=20.000 realTS=32.570 fakeTS=32.070 lane=99
[PKT-DROP] UAV dropped telemetry from 7.0.0.5 (drop_rate=5%)
[ATTACK-EMIT] CID:4 activeWindow=YES falsified=YES simT=32.590 realPX=707.050 fakePX=707.050 realSPD=15.000 fakeSPD=20.000 realTS=32.590 fakeTS=32.590 lane=5
[PASSIVE-BEACON] SIMNOW:32.604 CID:4 ZONE:2 RXUAV:2 EDGEPORT:9996 TS:32.590 SPD:20.000 HDG:0.000 PX:707.100 PY:-50.000 LAN:5 BRK:0 RX_X:0.000 RX_Y:0.000 RX_Z:0.000
[ZONE-ROUTE] CID:4 zone=2 edge_port=9996
[EDGE-RTT] CID:4 wall=1.6 ms  sim_delay=5.0 ms
[CUSUM-BAN] CID:4 change-point detected S=0.900 > h=0.800 pEdge=0.129 (post-handover behavioral change)
[ECON-CLAWBACK] CID:4 ACT=BAN prior_payoff=-38.944 extra_penalty=5.000 new_payoff=-44.444
[FORGIVENESS] CID:4 BAN#1 excused (first confirmed offence) honest_wins=0 (preserved)
[BAN-PUNISH] CID:4 SLOW_LANE EXILE → LAN=99 speed=20.000 m/s  return_threshold=60
✗ [CAR 4] ACT=BAN REP=0.661 RWD=0.000 PNL=5.500 CREDIT=-10
[PKT-DROP] UAV dropped telemetry from 7.0.0.9 (drop_rate=5%)
[PASSIVE-BEACON] SIMNOW:32.726 CID:9 ZONE:2 RXUAV:2 EDGEPORT:9996 TS:32.712 SPD:15.400 HDG:0.600 PX:728.500 PY:-50.000 LAN:5 BRK:1 RX_X:0.000 RX_Y:0.000 RX_Z:0.000
[ZONE-ROUTE] CID:9 zone=2 edge_port=9996
[EDGE-RTT] CID:9 wall=1.5 ms  sim_delay=5.0 ms
[CUSUM] CID:9 S=0.000/0.800 pEdge=0.011 pCusum=0.020
[POST-HANDOVER] CID:9 zone=2 pkt=4/10 credit_factor=0.150
>>> [UAV->CLOUD] BLK:dd7a|TX:7.0.0.13|CID:9|TS:32.712|SPD:15.4|HDG:0.6|PX:728.5|PY:-50.0|...
[ATTACK-EMIT] CID:2 activeWindow=YES falsified=YES simT=32.730 realPX=689.150 fakePX=563.988 realSPD=15.000 fakeSPD=20.000 realTS=32.730 fakeTS=32.230 lane=99
[ECON-GATE] CID:9 probation active - suppressing OK reward 0.989
✓ [CAR 9] ACT=OK REP=0.393 RWD=0.000 PNL=0.000 CREDIT=0
[PASSIVE-BEACON] SIMNOW:32.744 CID:2 ZONE:1 RXUAV:1 EDGEPORT:9998 TS:32.230 SPD:20.000 HDG:0.000 PX:564.000 PY:-30.000 LAN:99 BRK:0 RX_X:0.000 RX_Y:0.000 RX_Z:0.000
[PASSIVE-BEACON] SIMNOW:32.766 CID:6 ZONE:2 RXUAV:2 EDGEPORT:9996 TS:32.752 SPD:15.200 HDG:1.200 PX:699.700 PY:-20.000 LAN:2 BRK:0 RX_X:0.000 RX_Y:0.000 RX_Z:0.000
[ZONE-ROUTE] CID:6 zone=2 edge_port=9996
[EDGE-RTT] CID:6 wall=1.6 ms  sim_delay=5.0 ms
[CUSUM] CID:6 S=0.000/0.800 pEdge=0.000 pCusum=0.020
[POST-HANDOVER] CID:6 zone=2 pkt=5/10 credit_factor=0.150
>>> [UAV->CLOUD] BLK:85f1|TX:7.0.0.10|CID:6|TS:32.752|SPD:15.2|HDG:1.2|PX:699.7|PY:-20.0|...
[ECON-GATE] CID:6 probation active - suppressing OK reward 1.000
✓ [CAR 6] ACT=OK REP=0.438 RWD=0.000 PNL=0.000 CREDIT=12
[PASSIVE-BEACON] SIMNOW:32.816 CID:8 ZONE:2 RXUAV:2 EDGEPORT:9996 TS:32.802 SPD:15.300 HDG:1.800 PX:720.800 PY:-40.000 LAN:99 BRK:0 RX_X:0.000 RX_Y:0.000 RX_Z:0.000
[ATTACK-EMIT] CID:7 activeWindow=YES falsified=YES simT=32.832 realPX=710.680 fakePX=710.680 realSPD=15.000 fakeSPD=20.000 realTS=32.832 fakeTS=32.832 lane=99
[PASSIVE-BEACON] SIMNOW:32.845 CID:7 ZONE:2 RXUAV:2 EDGEPORT:9996 TS:32.832 SPD:20.000 HDG:0.000 PX:710.700 PY:-30.000 LAN:99 BRK:1 RX_X:0.000 RX_Y:0.000 RX_Z:0.000
[ATTACK-EMIT] CID:0 activeWindow=YES falsified=YES simT=32.910 realPX=671.850 fakePX=567.042 realSPD=15.000 fakeSPD=20.000 realTS=32.910 fakeTS=32.410 lane=99
[PASSIVE-BEACON] SIMNOW:32.927 CID:0 ZONE:1 RXUAV:1 EDGEPORT:9998 TS:32.410 SPD:20.000 HDG:0.000 PX:567.000 PY:-10.000 LAN:99 BRK:0 RX_X:0.000 RX_Y:0.000 RX_Z:0.000
[ATTACK-EMIT] CID:3 activeWindow=YES falsified=YES simT=32.930 realPX=702.150 fakePX=702.150 realSPD=15.000 fakeSPD=20.000 realTS=32.930 fakeTS=32.930 lane=99
[PASSIVE-BEACON] SIMNOW:32.944 CID:3 ZONE:2 RXUAV:2 EDGEPORT:9996 TS:32.930 SPD:20.000 HDG:0.000 PX:702.200 PY:-40.000 LAN:99 BRK:0 RX_X:0.000 RX_Y:0.000 RX_Z:0.000
[ATTACK-EMIT] CID:1 activeWindow=YES falsified=YES simT=33.070 realPX=684.250 fakePX=684.250 realSPD=15.000 fakeSPD=20.000 realTS=33.070 fakeTS=33.070 lane=99
[PASSIVE-BEACON] SIMNOW:33.084 CID:1 ZONE:2 RXUAV:2 EDGEPORT:9996 TS:33.070 SPD:20.000 HDG:0.000 PX:684.300 PY:-20.000 LAN:99 BRK:0 RX_X:0.000 RX_Y:0.000 RX_Z:0.000
[ATTACK-EMIT] CID:4 activeWindow=YES falsified=YES simT=33.090 realPX=714.550 fakePX=714.550 realSPD=15.000 fakeSPD=20.000 realTS=33.090 fakeTS=33.090 lane=99
[PASSIVE-BEACON] SIMNOW:33.104 CID:4 ZONE:2 RXUAV:2 EDGEPORT:9996 TS:33.090 SPD:20.000 HDG:0.000 PX:714.600 PY:-50.000 LAN:99 BRK:0 RX_X:0.000 RX_Y:0.000 RX_Z:0.000
[PASSIVE-BEACON] SIMNOW:33.156 CID:5 ZONE:2 RXUAV:2 EDGEPORT:9996 TS:33.142 SPD:14.800 HDG:1.900 PX:696.000 PY:-10.000 LAN:1 BRK:0 RX_X:0.000 RX_Y:0.000 RX_Z:0.000
[ZONE-ROUTE] CID:5 zone=2 edge_port=9996
[EDGE-RTT] CID:5 wall=1.7 ms  sim_delay=10.0 ms
[CUSUM] CID:5 S=0.000/0.800 pEdge=0.000 pCusum=0.020
[POST-HANDOVER] CID:5 zone=2 pkt=5/10 credit_factor=0.150
>>> [UAV->CLOUD] BLK:205e|TX:7.0.0.9|CID:5|TS:33.142|SPD:14.8|HDG:1.9|PX:696.0|PY:-10.0|L...
✓ [CAR 5] ACT=OK REP=0.535 RWD=1.000 PNL=0.000 CREDIT=16
[PASSIVE-BEACON] SIMNOW:33.228 CID:9 ZONE:2 RXUAV:2 EDGEPORT:9996 TS:33.212 SPD:15.200 HDG:0.300 PX:736.700 PY:-50.000 LAN:5 BRK:0 RX_X:0.000 RX_Y:0.000 RX_Z:0.000
[ZONE-ROUTE] CID:9 zone=2 edge_port=9996
[EDGE-RTT] CID:9 wall=1.7 ms  sim_delay=5.0 ms
[CUSUM] CID:9 S=0.000/0.800 pEdge=0.003 pCusum=0.020
[POST-HANDOVER] CID:9 zone=2 pkt=5/10 credit_factor=0.150
>>> [UAV->CLOUD] BLK:805b|TX:7.0.0.13|CID:9|TS:33.212|SPD:15.2|HDG:0.3|PX:736.7|PY:-50.0|...
[ATTACK-EMIT] CID:2 activeWindow=YES falsified=YES simT=33.230 realPX=696.650 fakePX=696.650 realSPD=15.000 fakeSPD=20.000 realTS=33.230 fakeTS=33.230 lane=99
[ECON-GATE] CID:9 probation active - suppressing OK reward 0.997
✓ [CAR 9] ACT=OK REP=0.382 RWD=0.000 PNL=0.000 CREDIT=1
[PASSIVE-BEACON] SIMNOW:33.244 CID:2 ZONE:2 RXUAV:2 EDGEPORT:9996 TS:33.230 SPD:20.000 HDG:0.000 PX:696.700 PY:-30.000 LAN:99 BRK:0 RX_X:0.000 RX_Y:0.000 RX_Z:0.000
[PASSIVE-BEACON] SIMNOW:33.266 CID:6 ZONE:2 RXUAV:2 EDGEPORT:9996 TS:33.252 SPD:15.200 HDG:1.400 PX:706.900 PY:-20.000 LAN:2 BRK:0 RX_X:0.000 RX_Y:0.000 RX_Z:0.000
[ZONE-ROUTE] CID:6 zone=2 edge_port=9996
[EDGE-RTT] CID:6 wall=1.3 ms  sim_delay=5.0 ms
[CUSUM] CID:6 S=0.000/0.800 pEdge=0.000 pCusum=0.020
[POST-HANDOVER] CID:6 zone=2 pkt=6/10 credit_factor=0.150
>>> [UAV->CLOUD] BLK:b08e|TX:7.0.0.10|CID:6|TS:33.252|SPD:15.2|HDG:1.4|PX:706.9|PY:-20.0|...
[ECON-GATE] CID:6 probation active - suppressing OK reward 1.000
✓ [CAR 6] ACT=OK REP=0.906 RWD=0.000 PNL=0.000 CREDIT=13
[PASSIVE-BEACON] SIMNOW:33.318 CID:8 ZONE:2 RXUAV:2 EDGEPORT:9996 TS:33.302 SPD:15.300 HDG:1.400 PX:727.200 PY:-40.000 LAN:99 BRK:0 RX_X:0.000 RX_Y:0.000 RX_Z:0.000
[ATTACK-EMIT] CID:7 activeWindow=YES falsified=YES simT=33.332 realPX=718.180 fakePX=561.184 realSPD=15.000 fakeSPD=20.000 realTS=33.332 fakeTS=32.832 lane=99
[PASSIVE-BEACON] SIMNOW:33.346 CID:7 ZONE:1 RXUAV:1 EDGEPORT:9998 TS:32.832 SPD:20.000 HDG:0.000 PX:561.200 PY:-30.000 LAN:99 BRK:0 RX_X:0.000 RX_Y:0.000 RX_Z:0.000
[ATTACK-EMIT] CID:0 activeWindow=YES falsified=YES simT=33.410 realPX=679.350 fakePX=679.350 realSPD=15.000 fakeSPD=20.000 realTS=33.410 fakeTS=33.410 lane=99
[PASSIVE-BEACON] SIMNOW:33.424 CID:0 ZONE:2 RXUAV:2 EDGEPORT:9996 TS:33.410 SPD:20.000 HDG:0.000 PX:679.400 PY:-10.000 LAN:99 BRK:1 RX_X:0.000 RX_Y:0.000 RX_Z:0.000
[ATTACK-EMIT] CID:3 activeWindow=YES falsified=YES simT=33.430 realPX=709.650 fakePX=571.554 realSPD=15.000 fakeSPD=20.000 realTS=33.430 fakeTS=32.930 lane=99
[PASSIVE-BEACON] SIMNOW:33.444 CID:3 ZONE:1 RXUAV:1 EDGEPORT:9998 TS:32.930 SPD:20.000 HDG:0.000 PX:571.600 PY:-40.000 LAN:99 BRK:0 RX_X:0.000 RX_Y:0.000 RX_Z:0.000
[ATTACK-EMIT] CID:1 activeWindow=YES falsified=YES simT=33.570 realPX=691.750 fakePX=691.750 realSPD=15.000 fakeSPD=20.000 realTS=33.570 fakeTS=33.570 lane=99
[PASSIVE-BEACON] SIMNOW:33.584 CID:1 ZONE:2 RXUAV:2 EDGEPORT:9996 TS:33.570 SPD:20.000 HDG:0.000 PX:691.800 PY:-20.000 LAN:99 BRK:0 RX_X:0.000 RX_Y:0.000 RX_Z:0.000
[PASSIVE-BEACON] SIMNOW:33.604 CID:4 ZONE:2 RXUAV:2 EDGEPORT:9996 TS:33.590 SPD:14.900 HDG:-0.700 PX:722.700 PY:-50.000 LAN:99 BRK:0 RX_X:0.000 RX_Y:0.000 RX_Z:0.000
[PASSIVE-BEACON] SIMNOW:33.656 CID:5 ZONE:2 RXUAV:2 EDGEPORT:9996 TS:33.642 SPD:15.200 HDG:-0.200 PX:702.400 PY:-10.000 LAN:1 BRK:1 RX_X:0.000 RX_Y:0.000 RX_Z:0.000
[ZONE-ROUTE] CID:5 zone=2 edge_port=9996
[EDGE-RTT] CID:5 wall=1.6 ms  sim_delay=10.0 ms
[CUSUM] CID:5 S=0.000/0.800 pEdge=0.000 pCusum=0.020
[POST-HANDOVER] CID:5 zone=2 pkt=6/10 credit_factor=0.150
>>> [UAV->CLOUD] BLK:b96c|TX:7.0.0.9|CID:5|TS:33.642|SPD:15.2|HDG:-0.2|PX:702.4|PY:-10.0|...
✓ [CAR 5] ACT=OK REP=0.864 RWD=1.000 PNL=0.000 CREDIT=17
[PASSIVE-BEACON] SIMNOW:33.726 CID:9 ZONE:2 RXUAV:2 EDGEPORT:9996 TS:33.712 SPD:15.300 HDG:0.400 PX:743.600 PY:-50.000 LAN:5 BRK:1 RX_X:0.000 RX_Y:0.000 RX_Z:0.000
[ZONE-ROUTE] CID:9 zone=2 edge_port=9996
[EDGE-RTT] CID:9 wall=1.5 ms  sim_delay=5.0 ms
[CUSUM] CID:9 S=0.000/0.800 pEdge=0.001 pCusum=0.020
[POST-HANDOVER] CID:9 zone=2 pkt=6/10 credit_factor=0.150
>>> [UAV->CLOUD] BLK:5ff4|TX:7.0.0.13|CID:9|TS:33.712|SPD:15.3|HDG:0.4|PX:743.6|PY:-50.0|...
[ATTACK-EMIT] CID:2 activeWindow=YES falsified=YES simT=33.730 realPX=704.150 fakePX=704.150 realSPD=15.000 fakeSPD=20.000 realTS=33.730 fakeTS=33.730 lane=99
[ECON-GATE] CID:9 probation active - suppressing OK reward 0.999
✓ [CAR 9] ACT=OK REP=0.669 RWD=0.000 PNL=0.000 CREDIT=2
[PASSIVE-BEACON] SIMNOW:33.744 CID:2 ZONE:2 RXUAV:2 EDGEPORT:9996 TS:33.730 SPD:20.000 HDG:0.000 PX:704.200 PY:-30.000 LAN:99 BRK:0 RX_X:0.000 RX_Y:0.000 RX_Z:0.000
[PASSIVE-BEACON] SIMNOW:33.766 CID:6 ZONE:2 RXUAV:2 EDGEPORT:9996 TS:33.752 SPD:15.100 HDG:-0.500 PX:714.600 PY:-20.000 LAN:2 BRK:0 RX_X:0.000 RX_Y:0.000 RX_Z:0.000
[ZONE-ROUTE] CID:6 zone=2 edge_port=9996
[EDGE-RTT] CID:6 wall=1.5 ms  sim_delay=5.0 ms
[CUSUM] CID:6 S=0.000/0.800 pEdge=0.000 pCusum=0.020
[POST-HANDOVER] CID:6 zone=2 pkt=7/10 credit_factor=0.150
>>> [UAV->CLOUD] BLK:5b97|TX:7.0.0.10|CID:6|TS:33.752|SPD:15.1|HDG:-0.5|PX:714.6|PY:-20.0...
[ECON-GATE] CID:6 probation active - suppressing OK reward 1.000
[ECON-RESTORE] CID:6 probation cleared after 15 clean packets
✓ [CAR 6] ACT=OK REP=0.530 RWD=0.000 PNL=0.000 CREDIT=14
[PASSIVE-BEACON] SIMNOW:33.816 CID:8 ZONE:2 RXUAV:2 EDGEPORT:9996 TS:33.802 SPD:14.600 HDG:-1.000 PX:735.200 PY:-40.000 LAN:99 BRK:0 RX_X:0.000 RX_Y:0.000 RX_Z:0.000
[PASSIVE-BEACON] SIMNOW:33.846 CID:7 ZONE:2 RXUAV:2 EDGEPORT:9996 TS:33.832 SPD:15.500 HDG:-1.100 PX:725.000 PY:-30.000 LAN:99 BRK:1 RX_X:0.000 RX_Y:0.000 RX_Z:0.000
[ATTACK-EMIT] CID:0 activeWindow=YES falsified=YES simT=33.910 realPX=686.850 fakePX=686.850 realSPD=15.000 fakeSPD=20.000 realTS=33.910 fakeTS=33.910 lane=99
[PASSIVE-BEACON] SIMNOW:33.927 CID:0 ZONE:2 RXUAV:2 EDGEPORT:9996 TS:33.910 SPD:20.000 HDG:0.000 PX:686.900 PY:-10.000 LAN:99 BRK:0 RX_X:0.000 RX_Y:0.000 RX_Z:0.000
[ATTACK-EMIT] CID:3 activeWindow=YES falsified=YES simT=33.930 realPX=717.150 fakePX=717.150 realSPD=15.000 fakeSPD=20.000 realTS=33.930 fakeTS=33.930 lane=99
[PASSIVE-BEACON] SIMNOW:33.943 CID:3 ZONE:2 RXUAV:2 EDGEPORT:9996 TS:33.930 SPD:20.000 HDG:0.000 PX:717.200 PY:-40.000 LAN:99 BRK:0 RX_X:0.000 RX_Y:0.000 RX_Z:0.000
[ATTACK-EMIT] CID:1 activeWindow=YES falsified=YES simT=34.070 realPX=699.250 fakePX=569.856 realSPD=15.000 fakeSPD=20.000 realTS=34.070 fakeTS=33.570 lane=99
[PASSIVE-BEACON] SIMNOW:34.084 CID:1 ZONE:1 RXUAV:1 EDGEPORT:9998 TS:33.570 SPD:20.000 HDG:0.000 PX:569.900 PY:-20.000 LAN:99 BRK:0 RX_X:0.000 RX_Y:0.000 RX_Z:0.000
[PASSIVE-BEACON] SIMNOW:34.102 CID:4 ZONE:2 RXUAV:2 EDGEPORT:9996 TS:34.090 SPD:14.500 HDG:1.400 PX:730.200 PY:-50.000 LAN:99 BRK:0 RX_X:0.000 RX_Y:0.000 RX_Z:0.000
[PASSIVE-BEACON] SIMNOW:34.156 CID:5 ZONE:2 RXUAV:2 EDGEPORT:9996 TS:34.142 SPD:14.700 HDG:0.100 PX:710.700 PY:-10.000 LAN:1 BRK:0 RX_X:0.000 RX_Y:0.000 RX_Z:0.000
[ZONE-ROUTE] CID:5 zone=2 edge_port=9996
[EDGE-RTT] CID:5 wall=1.7 ms  sim_delay=10.0 ms
[CUSUM] CID:5 S=0.000/0.800 pEdge=0.000 pCusum=0.020
[POST-HANDOVER] CID:5 zone=2 pkt=7/10 credit_factor=0.150
>>> [UAV->CLOUD] BLK:85e6|TX:7.0.0.9|CID:5|TS:34.142|SPD:14.7|HDG:0.1|PX:710.7|PY:-10.0|L...
✓ [CAR 5] ACT=OK REP=0.726 RWD=1.000 PNL=0.000 CREDIT=18
[PASSIVE-BEACON] SIMNOW:34.226 CID:9 ZONE:2 RXUAV:2 EDGEPORT:9996 TS:34.212 SPD:15.100 HDG:1.300 PX:751.200 PY:-50.000 LAN:5 BRK:0 RX_X:0.000 RX_Y:0.000 RX_Z:0.000
[ZONE-ROUTE] CID:9 zone=2 edge_port=9996
[EDGE-RTT] CID:9 wall=1.5 ms  sim_delay=5.0 ms
[CUSUM] CID:9 S=0.000/0.800 pEdge=0.000 pCusum=0.020
[POST-HANDOVER] CID:9 zone=2 pkt=7/10 credit_factor=0.150
>>> [UAV->CLOUD] BLK:f50f|TX:7.0.0.13|CID:9|TS:34.212|SPD:15.1|HDG:1.3|PX:751.2|PY:-50.0|...
[ATTACK-EMIT] CID:2 activeWindow=YES falsified=YES simT=34.230 realPX=711.650 fakePX=564.078 realSPD=15.000 fakeSPD=20.000 realTS=34.230 fakeTS=33.730 lane=99
[ECON-GATE] CID:9 probation active - suppressing OK reward 1.000
✓ [CAR 9] ACT=OK REP=0.598 RWD=0.000 PNL=0.000 CREDIT=3
[PASSIVE-BEACON] SIMNOW:34.244 CID:2 ZONE:1 RXUAV:1 EDGEPORT:9998 TS:33.730 SPD:20.000 HDG:0.000 PX:564.100 PY:-30.000 LAN:99 BRK:0 RX_X:0.000 RX_Y:0.000 RX_Z:0.000
[PASSIVE-BEACON] SIMNOW:34.266 CID:6 ZONE:2 RXUAV:2 EDGEPORT:9996 TS:34.252 SPD:15.200 HDG:-0.800 PX:721.900 PY:-20.000 LAN:2 BRK:1 RX_X:0.000 RX_Y:0.000 RX_Z:0.000
[ZONE-ROUTE] CID:6 zone=2 edge_port=9996
[EDGE-RTT] CID:6 wall=1.7 ms  sim_delay=5.0 ms
[CUSUM] CID:6 S=0.000/0.800 pEdge=0.000 pCusum=0.020
[POST-HANDOVER] CID:6 zone=2 pkt=8/10 credit_factor=0.150
>>> [UAV->CLOUD] BLK:a2e6|TX:7.0.0.10|CID:6|TS:34.252|SPD:15.2|HDG:-0.8|PX:721.9|PY:-20.0...
✓ [CAR 6] ACT=OK REP=0.779 RWD=1.000 PNL=0.000 CREDIT=15
[PASSIVE-BEACON] SIMNOW:34.316 CID:8 ZONE:2 RXUAV:2 EDGEPORT:9996 TS:34.302 SPD:15.500 HDG:-1.600 PX:743.500 PY:-40.000 LAN:99 BRK:0 RX_X:0.000 RX_Y:0.000 RX_Z:0.000
[PASSIVE-BEACON] SIMNOW:34.348 CID:7 ZONE:2 RXUAV:2 EDGEPORT:9996 TS:34.332 SPD:15.400 HDG:-1.100 PX:733.200 PY:-30.000 LAN:99 BRK:0 RX_X:0.000 RX_Y:0.000 RX_Z:0.000
[ATTACK-EMIT] CID:0 activeWindow=YES falsified=YES simT=34.410 realPX=694.350 fakePX=566.886 realSPD=15.000 fakeSPD=20.000 realTS=34.410 fakeTS=33.910 lane=99
[PASSIVE-BEACON] SIMNOW:34.424 CID:0 ZONE:1 RXUAV:1 EDGEPORT:9998 TS:33.910 SPD:20.000 HDG:0.000 PX:566.900 PY:-10.000 LAN:99 BRK:0 RX_X:0.000 RX_Y:0.000 RX_Z:0.000
[PASSIVE-BEACON] SIMNOW:34.444 CID:3 ZONE:2 RXUAV:2 EDGEPORT:9996 TS:34.430 SPD:15.100 HDG:-0.600 PX:725.200 PY:-40.000 LAN:99 BRK:0 RX_X:0.000 RX_Y:0.000 RX_Z:0.000
[ATTACK-EMIT] CID:1 activeWindow=YES falsified=YES simT=34.570 realPX=706.750 fakePX=706.750 realSPD=15.000 fakeSPD=20.000 realTS=34.570 fakeTS=34.570 lane=99
[PASSIVE-BEACON] SIMNOW:34.584 CID:1 ZONE:2 RXUAV:2 EDGEPORT:9996 TS:34.570 SPD:20.000 HDG:0.000 PX:706.800 PY:-20.000 LAN:99 BRK:1 RX_X:0.000 RX_Y:0.000 RX_Z:0.000
[PASSIVE-BEACON] SIMNOW:34.604 CID:4 ZONE:2 RXUAV:2 EDGEPORT:9996 TS:34.590 SPD:15.400 HDG:-0.600 PX:736.400 PY:-50.000 LAN:99 BRK:1 RX_X:0.000 RX_Y:0.000 RX_Z:0.000
[PASSIVE-BEACON] SIMNOW:34.656 CID:5 ZONE:2 RXUAV:2 EDGEPORT:9996 TS:34.642 SPD:15.100 HDG:1.600 PX:717.600 PY:-10.000 LAN:1 BRK:0 RX_X:0.000 RX_Y:0.000 RX_Z:0.000
[ZONE-ROUTE] CID:5 zone=2 edge_port=9996
[EDGE-RTT] CID:5 wall=1.6 ms  sim_delay=10.0 ms
[CUSUM] CID:5 S=0.000/0.800 pEdge=0.000 pCusum=0.020
[POST-HANDOVER] CID:5 zone=2 pkt=8/10 credit_factor=0.150
>>> [UAV->CLOUD] BLK:7cf1|TX:7.0.0.9|CID:5|TS:34.642|SPD:15.1|HDG:1.6|PX:717.6|PY:-10.0|L...
✓ [CAR 5] ACT=OK REP=0.674 RWD=1.000 PNL=0.000 CREDIT=19
[PASSIVE-BEACON] SIMNOW:34.726 CID:9 ZONE:2 RXUAV:2 EDGEPORT:9996 TS:34.712 SPD:15.300 HDG:-1.400 PX:759.000 PY:-50.000 LAN:5 BRK:0 RX_X:0.000 RX_Y:0.000 RX_Z:0.000
[ZONE-ROUTE] CID:9 zone=2 edge_port=9996
[EDGE-RTT] CID:9 wall=1.3 ms  sim_delay=5.0 ms
[CUSUM] CID:9 S=0.000/0.800 pEdge=0.000 pCusum=0.020
[POST-HANDOVER] CID:9 zone=2 pkt=8/10 credit_factor=0.150
>>> [UAV->CLOUD] BLK:035f|TX:7.0.0.13|CID:9|TS:34.712|SPD:15.3|HDG:-1.4|PX:759.0|PY:-50.0...
[ATTACK-EMIT] CID:2 activeWindow=YES falsified=YES simT=34.730 realPX=719.150 fakePX=719.150 realSPD=15.000 fakeSPD=20.000 realTS=34.730 fakeTS=34.730 lane=99
[ECON-GATE] CID:9 probation active - suppressing OK reward 1.000
✓ [CAR 9] ACT=OK REP=0.701 RWD=0.000 PNL=0.000 CREDIT=4
[PASSIVE-BEACON] SIMNOW:34.744 CID:2 ZONE:2 RXUAV:2 EDGEPORT:9996 TS:34.730 SPD:20.000 HDG:0.000 PX:719.200 PY:-30.000 LAN:99 BRK:0 RX_X:0.000 RX_Y:0.000 RX_Z:0.000
[PASSIVE-BEACON] SIMNOW:34.766 CID:6 ZONE:2 RXUAV:2 EDGEPORT:9996 TS:34.752 SPD:15.300 HDG:-1.500 PX:728.900 PY:-20.000 LAN:2 BRK:0 RX_X:0.000 RX_Y:0.000 RX_Z:0.000
[ZONE-ROUTE] CID:6 zone=2 edge_port=9996
[EDGE-RTT] CID:6 wall=1.4 ms  sim_delay=5.0 ms
[CUSUM] CID:6 S=0.000/0.800 pEdge=0.000 pCusum=0.020
[POST-HANDOVER] CID:6 zone=2 pkt=9/10 credit_factor=0.150
>>> [UAV->CLOUD] BLK:ada7|TX:7.0.0.10|CID:6|TS:34.752|SPD:15.3|HDG:-1.5|PX:728.9|PY:-20.0...
✓ [CAR 6] ACT=OK REP=0.678 RWD=1.000 PNL=0.000 CREDIT=16
[PASSIVE-BEACON] SIMNOW:34.822 CID:8 ZONE:2 RXUAV:2 EDGEPORT:9996 TS:34.802 SPD:15.200 HDG:-0.700 PX:750.800 PY:-40.000 LAN:99 BRK:0 RX_X:0.000 RX_Y:0.000 RX_Z:0.000
[PASSIVE-BEACON] SIMNOW:34.846 CID:7 ZONE:2 RXUAV:2 EDGEPORT:9996 TS:34.832 SPD:15.400 HDG:1.900 PX:740.200 PY:-30.000 LAN:99 BRK:0 RX_X:0.000 RX_Y:0.000 RX_Z:0.000
[ATTACK-EMIT] CID:0 activeWindow=YES falsified=YES simT=34.910 realPX=701.850 fakePX=701.850 realSPD=15.000 fakeSPD=20.000 realTS=34.910 fakeTS=34.910 lane=99
[PASSIVE-BEACON] SIMNOW:34.924 CID:0 ZONE:2 RXUAV:2 EDGEPORT:9996 TS:34.910 SPD:20.000 HDG:0.000 PX:701.900 PY:-10.000 LAN:99 BRK:1 RX_X:0.000 RX_Y:0.000 RX_Z:0.000
[PASSIVE-BEACON] SIMNOW:34.947 CID:3 ZONE:2 RXUAV:2 EDGEPORT:9996 TS:34.930 SPD:14.800 HDG:1.200 PX:732.200 PY:-40.000 LAN:99 BRK:0 RX_X:0.000 RX_Y:0.000 RX_Z:0.000
[ATTACK-EMIT] CID:1 activeWindow=YES falsified=YES simT=35.070 realPX=714.250 fakePX=714.250 realSPD=15.000 fakeSPD=20.000 realTS=35.070 fakeTS=35.070 lane=99
[PASSIVE-BEACON] SIMNOW:35.084 CID:1 ZONE:2 RXUAV:2 EDGEPORT:9996 TS:35.070 SPD:20.000 HDG:0.000 PX:714.300 PY:-20.000 LAN:99 BRK:1 RX_X:0.000 RX_Y:0.000 RX_Z:0.000
[PASSIVE-BEACON] SIMNOW:35.104 CID:4 ZONE:2 RXUAV:2 EDGEPORT:9996 TS:35.090 SPD:14.600 HDG:-0.200 PX:745.300 PY:-50.000 LAN:99 BRK:0 RX_X:0.000 RX_Y:0.000 RX_Z:0.000
[PASSIVE-BEACON] SIMNOW:35.160 CID:5 ZONE:2 RXUAV:2 EDGEPORT:9996 TS:35.142 SPD:15.100 HDG:-1.300 PX:724.800 PY:-10.000 LAN:1 BRK:0 RX_X:0.000 RX_Y:0.000 RX_Z:0.000
[ZONE-ROUTE] CID:5 zone=2 edge_port=9996
[EDGE-RTT] CID:5 wall=1.8 ms  sim_delay=10.0 ms
[CUSUM] CID:5 S=0.000/0.800 pEdge=0.000 pCusum=0.020
[POST-HANDOVER] CID:5 zone=2 pkt=9/10 credit_factor=0.150
>>> [UAV->CLOUD] BLK:a5a8|TX:7.0.0.9|CID:5|TS:35.142|SPD:15.1|HDG:-1.3|PX:724.8|PY:-10.0|...
✓ [CAR 5] ACT=OK REP=0.405 RWD=1.000 PNL=0.000 CREDIT=20
[PASSIVE-BEACON] SIMNOW:35.226 CID:9 ZONE:2 RXUAV:2 EDGEPORT:9996 TS:35.212 SPD:15.000 HDG:-0.100 PX:766.800 PY:-50.000 LAN:5 BRK:0 RX_X:0.000 RX_Y:0.000 RX_Z:0.000
[ZONE-ROUTE] CID:9 zone=2 edge_port=9996
[EDGE-RTT] CID:9 wall=1.5 ms  sim_delay=5.0 ms
[CUSUM] CID:9 S=0.000/0.800 pEdge=0.000 pCusum=0.020
[POST-HANDOVER] CID:9 zone=2 pkt=9/10 credit_factor=0.150
>>> [UAV->CLOUD] BLK:c747|TX:7.0.0.13|CID:9|TS:35.212|SPD:15.0|HDG:-0.1|PX:766.8|PY:-50.0...
[PASSIVE-BEACON] SIMNOW:35.242 CID:2 ZONE:2 RXUAV:2 EDGEPORT:9996 TS:35.230 SPD:14.900 HDG:1.000 PX:727.000 PY:-30.000 LAN:99 BRK:0 RX_X:0.000 RX_Y:0.000 RX_Z:0.000
[ECON-GATE] CID:9 probation active - suppressing OK reward 1.000
✓ [CAR 9] ACT=OK REP=0.711 RWD=0.000 PNL=0.000 CREDIT=5
[PASSIVE-BEACON] SIMNOW:35.267 CID:6 ZONE:2 RXUAV:2 EDGEPORT:9996 TS:35.252 SPD:15.100 HDG:1.600 PX:737.500 PY:-20.000 LAN:2 BRK:1 RX_X:0.000 RX_Y:0.000 RX_Z:0.000
[ZONE-ROUTE] CID:6 zone=2 edge_port=9996
[EDGE-RTT] CID:6 wall=1.3 ms  sim_delay=5.0 ms
[CUSUM] CID:6 S=0.000/0.800 pEdge=0.000 pCusum=0.020
[POST-HANDOVER] CID:6 zone=2 pkt=10/10 credit_factor=0.150
[POST-HANDOVER-END] CID:6 zone=2 probation complete
>>> [UAV->CLOUD] BLK:6aa9|TX:7.0.0.10|CID:6|TS:35.252|SPD:15.1|HDG:1.6|PX:737.5|PY:-20.0|...
✓ [CAR 6] ACT=OK REP=0.726 RWD=1.000 PNL=0.000 CREDIT=17
[PASSIVE-BEACON] SIMNOW:35.319 CID:8 ZONE:2 RXUAV:2 EDGEPORT:9996 TS:35.302 SPD:14.900 HDG:0.900 PX:757.300 PY:-40.000 LAN:99 BRK:0 RX_X:0.000 RX_Y:0.000 RX_Z:0.000
[PASSIVE-BEACON] SIMNOW:35.346 CID:7 ZONE:2 RXUAV:2 EDGEPORT:9996 TS:35.332 SPD:15.500 HDG:-1.400 PX:748.300 PY:-30.000 LAN:99 BRK:0 RX_X:0.000 RX_Y:0.000 RX_Z:0.000
[ATTACK-EMIT] CID:0 activeWindow=YES falsified=YES simT=35.410 realPX=709.350 fakePX=709.350 realSPD=15.000 fakeSPD=20.000 realTS=35.410 fakeTS=35.410 lane=99
[PASSIVE-BEACON] SIMNOW:35.424 CID:0 ZONE:2 RXUAV:2 EDGEPORT:9996 TS:35.410 SPD:20.000 HDG:0.000 PX:709.400 PY:-10.000 LAN:99 BRK:0 RX_X:0.000 RX_Y:0.000 RX_Z:0.000
[PASSIVE-BEACON] SIMNOW:35.446 CID:3 ZONE:2 RXUAV:2 EDGEPORT:9996 TS:35.430 SPD:15.400 HDG:-0.900 PX:739.700 PY:-40.000 LAN:99 BRK:1 RX_X:0.000 RX_Y:0.000 RX_Z:0.000
[PASSIVE-BEACON] SIMNOW:35.584 CID:1 ZONE:2 RXUAV:2 EDGEPORT:9996 TS:35.570 SPD:14.600 HDG:0.800 PX:721.300 PY:-20.000 LAN:99 BRK:0 RX_X:0.000 RX_Y:0.000 RX_Z:0.000
[PASSIVE-BEACON] SIMNOW:35.604 CID:4 ZONE:2 RXUAV:2 EDGEPORT:9996 TS:35.590 SPD:14.600 HDG:0.900 PX:752.000 PY:-50.000 LAN:99 BRK:1 RX_X:0.000 RX_Y:0.000 RX_Z:0.000
[PASSIVE-BEACON] SIMNOW:35.656 CID:5 ZONE:2 RXUAV:2 EDGEPORT:9996 TS:35.642 SPD:15.000 HDG:-0.700 PX:732.900 PY:-10.000 LAN:1 BRK:0 RX_X:0.000 RX_Y:0.000 RX_Z:0.000
[ZONE-ROUTE] CID:5 zone=2 edge_port=9996
[EDGE-RTT] CID:5 wall=2.0 ms  sim_delay=10.0 ms
[CUSUM] CID:5 S=0.000/0.800 pEdge=0.000 pCusum=0.020
[POST-HANDOVER] CID:5 zone=2 pkt=10/10 credit_factor=0.150
[POST-HANDOVER-END] CID:5 zone=2 probation complete
>>> [UAV->CLOUD] BLK:0588|TX:7.0.0.9|CID:5|TS:35.642|SPD:15.0|HDG:-0.7|PX:732.9|PY:-10.0|...
✓ [CAR 5] ACT=OK REP=0.842 RWD=1.000 PNL=0.000 CREDIT=21
[PASSIVE-BEACON] SIMNOW:35.726 CID:9 ZONE:2 RXUAV:2 EDGEPORT:9996 TS:35.712 SPD:15.000 HDG:0.700 PX:773.400 PY:-50.000 LAN:5 BRK:0 RX_X:0.000 RX_Y:0.000 RX_Z:0.000
[ZONE-ROUTE] CID:9 zone=2 edge_port=9996
[EDGE-RTT] CID:9 wall=1.5 ms  sim_delay=5.0 ms
[CUSUM] CID:9 S=0.000/0.800 pEdge=0.000 pCusum=0.020
[POST-HANDOVER] CID:9 zone=2 pkt=10/10 credit_factor=0.150
[POST-HANDOVER-END] CID:9 zone=2 probation complete
>>> [UAV->CLOUD] BLK:dce9|TX:7.0.0.13|CID:9|TS:35.712|SPD:15.0|HDG:0.7|PX:773.4|PY:-50.0|...
[ECON-GATE] CID:9 probation active - suppressing OK reward 1.000
✓ [CAR 9] ACT=OK REP=0.729 RWD=0.000 PNL=0.000 CREDIT=6
[PASSIVE-BEACON] SIMNOW:35.744 CID:2 ZONE:2 RXUAV:2 EDGEPORT:9996 TS:35.730 SPD:15.400 HDG:-1.800 PX:733.800 PY:-30.000 LAN:99 BRK:0 RX_X:0.000 RX_Y:0.000 RX_Z:0.000
[PASSIVE-BEACON] SIMNOW:35.766 CID:6 ZONE:2 RXUAV:2 EDGEPORT:9996 TS:35.752 SPD:15.300 HDG:0.700 PX:745.100 PY:-20.000 LAN:2 BRK:0 RX_X:0.000 RX_Y:0.000 RX_Z:0.000
[ZONE-ROUTE] CID:6 zone=2 edge_port=9996
[EDGE-RTT] CID:6 wall=1.1 ms  sim_delay=5.0 ms
[CUSUM] CID:6 S=0.000/0.800 pEdge=0.000 pCusum=0.020
>>> [UAV->CLOUD] BLK:670e|TX:7.0.0.10|CID:6|TS:35.752|SPD:15.3|HDG:0.7|PX:745.1|PY:-20.0|...
✓ [CAR 6] ACT=OK REP=0.632 RWD=1.000 PNL=0.000 CREDIT=18
[PASSIVE-BEACON] SIMNOW:35.816 CID:8 ZONE:2 RXUAV:2 EDGEPORT:9996 TS:35.802 SPD:15.000 HDG:-0.800 PX:765.200 PY:-40.000 LAN:99 BRK:0 RX_X:0.000 RX_Y:0.000 RX_Z:0.000
[PASSIVE-BEACON] SIMNOW:35.846 CID:7 ZONE:2 RXUAV:2 EDGEPORT:9996 TS:35.832 SPD:14.600 HDG:1.100 PX:755.800 PY:-30.000 LAN:99 BRK:0 RX_X:0.000 RX_Y:0.000 RX_Z:0.000
[ATTACK-EMIT] CID:0 activeWindow=YES falsified=YES simT=35.910 realPX=716.850 fakePX=566.904 realSPD=15.000 fakeSPD=20.000 realTS=35.910 fakeTS=35.410 lane=99
[PASSIVE-BEACON] SIMNOW:35.924 CID:0 ZONE:1 RXUAV:1 EDGEPORT:9998 TS:35.410 SPD:20.000 HDG:0.000 PX:566.900 PY:-10.000 LAN:99 BRK:0 RX_X:0.000 RX_Y:0.000 RX_Z:0.000
[PASSIVE-BEACON] SIMNOW:35.944 CID:3 ZONE:2 RXUAV:2 EDGEPORT:9996 TS:35.930 SPD:14.800 HDG:-1.600 PX:747.300 PY:-40.000 LAN:99 BRK:1 RX_X:0.000 RX_Y:0.000 RX_Z:0.000

── PAYOFF SUMMARY ─────────────────────────────────
[PAYOFF] CID:0 cumulative_payoff=-78.495 honest_wins=0 warn_count=21 adverse_count=1 demoted=YES return_threshold=60 lane_upgraded=NO scrutiny_reduced=NO malicious=YES
[PAYOFF] CID:1 cumulative_payoff=-84.347 honest_wins=0 warn_count=22 adverse_count=1 demoted=YES return_threshold=60 lane_upgraded=NO scrutiny_reduced=NO malicious=YES
[PAYOFF] CID:2 cumulative_payoff=-60.287 honest_wins=0 warn_count=18 adverse_count=1 demoted=YES return_threshold=60 lane_upgraded=NO scrutiny_reduced=NO malicious=YES
[PAYOFF] CID:3 cumulative_payoff=-54.647 honest_wins=0 warn_count=17 adverse_count=1 demoted=YES return_threshold=60 lane_upgraded=NO scrutiny_reduced=NO malicious=YES
[PAYOFF] CID:4 cumulative_payoff=-44.444 honest_wins=0 warn_count=15 adverse_count=1 demoted=YES return_threshold=60 lane_upgraded=NO scrutiny_reduced=NO malicious=YES
[PAYOFF] CID:5 cumulative_payoff=-78.783 honest_wins=22 warn_count=23 adverse_count=0 demoted=NO return_threshold=0 lane_upgraded=NO scrutiny_reduced=NO malicious=NO
[PAYOFF] CID:6 cumulative_payoff=-74.716 honest_wins=19 warn_count=22 adverse_count=0 demoted=NO return_threshold=0 lane_upgraded=NO scrutiny_reduced=NO malicious=NO
[PAYOFF] CID:7 cumulative_payoff=-60.192 honest_wins=0 warn_count=18 adverse_count=1 demoted=YES return_threshold=60 lane_upgraded=NO scrutiny_reduced=NO malicious=YES
[PAYOFF] CID:8 cumulative_payoff=-49.607 honest_wins=0 warn_count=16 adverse_count=1 demoted=YES return_threshold=60 lane_upgraded=NO scrutiny_reduced=NO malicious=YES
[PAYOFF] CID:9 cumulative_payoff=-84.712 honest_wins=7 warn_count=23 adverse_count=0 demoted=NO return_threshold=0 lane_upgraded=NO scrutiny_reduced=NO malicious=NO

--------------------------------------------------
 SIMULATION COMPLETE v90-multiuav (adaptive edge-cloud, bridge mode only)  nCars=10  attackRate=50%  attackType=5  RngRun=10
--------------------------------------------------
